===============================================
   MyMI Wallet — Log Summary for 2026-02-28
   Auto-generated by logs:summarize command
   Grouped by (LEVEL + message)
===============================================

Last processed up to: 2026-02-28 20:00:03

---------------------------
LEVEL: DEBUG
---------------------------

[1 occurrence(s)]
DEBUG --> [REQ_ID=7efd45f99eb4] [REQUEST][START] GET /index.php/API/Management/Run-CRON-Tasks

[313 occurrence(s)]
DEBUG --> Session: Class initialized using 'CodeIgniter\Session\Handlers\FileHandler' driver.

[1 occurrence(s)]
DEBUG --> [REQ_ID=7efd45f99eb4] [FILTER_BEFORE] /index.php/API/Management/Run-CRON-Tasks

[1 occurrence(s)]
DEBUG --> [REQ_ID=7efd45f99eb4] [ROUTE] Controller=\App\Modules\Management\Controllers\ManagementAPIController Method=Run_CRON_Tasks

[1 occurrence(s)]
DEBUG --> [REQ_ID=7efd45f99eb4] [LIFECYCLE][START] GET https://www.mymiwallet.com/index.php/API/Management/Run-CRON-Tasks

[1 occurrence(s)]
DEBUG --> [REQ_ID=7efd45f99eb4] [REQUEST][END]

[1 occurrence(s)]
DEBUG --> LOG_HEALTHCHECK debug marker=84b3fd5c648d

[22 occurrence(s)]
DEBUG --> OllamaPatchRunner:L142 - validateGeneratedPatch Content:

[11 occurrence(s)]
DEBUG --> OllamaPatchRunner:L51 - Retried Diff:

[11 occurrence(s)]
DEBUG --> OllamaPatchRunner:L53 - Validating Generated Patch Failed

[1 occurrence(s)]
DEBUG --> [REQ_ID=bb18f98157b7] [REQUEST][START] GET /index.php/Free/register

[1 occurrence(s)]
DEBUG --> [REQ_ID=bb18f98157b7] [FILTER_BEFORE] /index.php/Free/register

[1 occurrence(s)]
DEBUG --> [REQ_ID=bb18f98157b7] [ROUTE] Controller=\App\Controllers\AuthController Method=register

[1 occurrence(s)]
DEBUG --> [REQ_ID=bb18f98157b7] [LIFECYCLE][START] GET https://www.mymiwallet.com/index.php/Free/register

[1 occurrence(s)]
DEBUG --> [CSRF] token name=csrf_test_name hash=e26ecadc4c015c323e9cc4aba4261113

[1 occurrence(s)]
DEBUG --> [REQ_ID=bb18f98157b7] [REQUEST][END]

[1 occurrence(s)]
DEBUG --> [REQ_ID=c89c916acdf1] [REQUEST][START] GET /index.php/How-It-Works/Investor-Profile

[1 occurrence(s)]
DEBUG --> [REQ_ID=c89c916acdf1] [FILTER_BEFORE] /index.php/How-It-Works/Investor-Profile

[1 occurrence(s)]
DEBUG --> [REQ_ID=c89c916acdf1] [ROUTE] Controller=\App\Modules\Blog\Controllers\HowItWorksController Method=show

[1 occurrence(s)]
DEBUG --> [REQ_ID=c89c916acdf1] [LIFECYCLE][START] GET https://www.mymiwallet.com/index.php/How-It-Works/Investor-Profile

[1 occurrence(s)]
DEBUG --> [CSRF] token name=csrf_test_name hash=a3b9096ccfb559aa382e0b5ac0788143

[1 occurrence(s)]
DEBUG --> [REQ_ID=31287995b61e] [INIT] App\Modules\Blog\Controllers\HowItWorksController::GET

[1 occurrence(s)]
DEBUG --> [REQ_ID=31287995b61e] [METHOD_ENTRY] show

[136 occurrence(s)]
DEBUG --> MyMIUser L52 - initialized (first log).

[68 occurrence(s)]
DEBUG --> [SERVICE] App\Services\BudgetService ::setUserId

[201 occurrence(s)]
DEBUG --> MyMICoin: guest context detected; skipping user-specific preload.

[1 occurrence(s)]
DEBUG --> [REQ_ID=c89c916acdf1] [FILTER_AFTER]

[1 occurrence(s)]
DEBUG --> [REQ_ID=c89c916acdf1] [LIFECYCLE][END] status=404 duration_ms=97.88 memory_delta=2097152

[1 occurrence(s)]
DEBUG --> [REQ_ID=c89c916acdf1] [REQUEST][END]

[1 occurrence(s)]
DEBUG --> [REQ_ID=464609f33d8f] [REQUEST][START] GET /index.php/Free/register

[1 occurrence(s)]
DEBUG --> [REQ_ID=464609f33d8f] [FILTER_BEFORE] /index.php/Free/register

[1 occurrence(s)]
DEBUG --> [REQ_ID=464609f33d8f] [ROUTE] Controller=\App\Controllers\AuthController Method=register

[1 occurrence(s)]
DEBUG --> [REQ_ID=464609f33d8f] [LIFECYCLE][START] GET https://www.mymiwallet.com/index.php/Free/register

[1 occurrence(s)]
DEBUG --> [CSRF] token name=csrf_test_name hash=c546610646e1ee37880f003b38130e9c

[1 occurrence(s)]
DEBUG --> [REQ_ID=464609f33d8f] [REQUEST][END]

[1 occurrence(s)]
DEBUG --> [REQ_ID=3c0b3c54709d] [REQUEST][START] GET /index.php/login

[1 occurrence(s)]
DEBUG --> [REQ_ID=3c0b3c54709d] [FILTER_BEFORE] /index.php/login

[1 occurrence(s)]
DEBUG --> [REQ_ID=3c0b3c54709d] [ROUTE] Controller=\App\Controllers\AuthController Method=login

[1 occurrence(s)]
DEBUG --> [REQ_ID=3c0b3c54709d] [LIFECYCLE][START] GET https://www.mymiwallet.com/index.php/login

[1 occurrence(s)]
DEBUG --> [CSRF] token name=csrf_test_name hash=56f0c5ecd3cd960f2b4ad90bfae130eb

[1 occurrence(s)]
DEBUG --> [REQ_ID=97992323e16e] [INIT] App\Controllers\AuthController::GET

[1 occurrence(s)]
DEBUG --> [REQ_ID=3c0b3c54709d] [FILTER_AFTER]

[1 occurrence(s)]
DEBUG --> [REQ_ID=3c0b3c54709d] [LIFECYCLE][END] status=200 duration_ms=24.80 memory_delta=0

[1 occurrence(s)]
DEBUG --> [REQ_ID=3c0b3c54709d] [REQUEST][END]

[1 occurrence(s)]
DEBUG --> [REQ_ID=0dd7813dba0b] [REQUEST][START] GET /index.php/Free/register

[1 occurrence(s)]
DEBUG --> [REQ_ID=0dd7813dba0b] [FILTER_BEFORE] /index.php/Free/register

[1 occurrence(s)]
DEBUG --> [REQ_ID=0dd7813dba0b] [ROUTE] Controller=\App\Controllers\AuthController Method=register

[1 occurrence(s)]
DEBUG --> [REQ_ID=0dd7813dba0b] [LIFECYCLE][START] GET https://www.mymiwallet.com/index.php/Free/register

[1 occurrence(s)]
DEBUG --> [CSRF] token name=csrf_test_name hash=1dcc766b2d711cc11e68a36c5404916f

[1 occurrence(s)]
DEBUG --> [REQ_ID=0dd7813dba0b] [REQUEST][END]

[1 occurrence(s)]
DEBUG --> [REQ_ID=96dd52ca5ddb] [REQUEST][START] GET /index.php/login

[1 occurrence(s)]
DEBUG --> [REQ_ID=96dd52ca5ddb] [FILTER_BEFORE] /index.php/login

[1 occurrence(s)]
DEBUG --> [REQ_ID=96dd52ca5ddb] [ROUTE] Controller=\App\Controllers\AuthController Method=login

[1 occurrence(s)]
DEBUG --> [REQ_ID=96dd52ca5ddb] [LIFECYCLE][START] GET https://www.mymiwallet.com/index.php/login

[1 occurrence(s)]
DEBUG --> [CSRF] token name=csrf_test_name hash=b7f9e987e90e20d8e116ff00a2449d17

[1 occurrence(s)]
DEBUG --> [REQ_ID=baa90d851d18] [INIT] App\Controllers\AuthController::GET

[1 occurrence(s)]
DEBUG --> [REQ_ID=96dd52ca5ddb] [FILTER_AFTER]

[1 occurrence(s)]
DEBUG --> [REQ_ID=96dd52ca5ddb] [LIFECYCLE][END] status=200 duration_ms=14.00 memory_delta=0

[1 occurrence(s)]
DEBUG --> [REQ_ID=96dd52ca5ddb] [REQUEST][END]

[1 occurrence(s)]
DEBUG --> [REQ_ID=f0bafda2c39d] [REQUEST][START] GET /index.php/How-It-Works/Investor-Profile

[1 occurrence(s)]
DEBUG --> [REQ_ID=f0bafda2c39d] [FILTER_BEFORE] /index.php/How-It-Works/Investor-Profile

[1 occurrence(s)]
DEBUG --> [REQ_ID=f0bafda2c39d] [ROUTE] Controller=\App\Modules\Blog\Controllers\HowItWorksController Method=show

[1 occurrence(s)]
DEBUG --> [REQ_ID=f0bafda2c39d] [LIFECYCLE][START] GET https://www.mymiwallet.com/index.php/How-It-Works/Investor-Profile

[4 occurrence(s)]
DEBUG --> [CSRF] token name=csrf_test_name hash=8333f9857cf3b3898acc1d1f446fa40d

[1 occurrence(s)]
DEBUG --> [REQ_ID=7ec69af13ba4] [INIT] App\Modules\Blog\Controllers\HowItWorksController::GET

[1 occurrence(s)]
DEBUG --> [REQ_ID=7ec69af13ba4] [METHOD_ENTRY] show

[1 occurrence(s)]
DEBUG --> [REQ_ID=f0bafda2c39d] [FILTER_AFTER]

[1 occurrence(s)]
DEBUG --> [REQ_ID=f0bafda2c39d] [LIFECYCLE][END] status=404 duration_ms=19.99 memory_delta=0

[1 occurrence(s)]
DEBUG --> [REQ_ID=f0bafda2c39d] [REQUEST][END]

[1 occurrence(s)]
DEBUG --> [REQ_ID=e94cc7c62e6b] [REQUEST][START] GET /index.php/login

[1 occurrence(s)]
DEBUG --> [REQ_ID=e94cc7c62e6b] [FILTER_BEFORE] /index.php/login

[1 occurrence(s)]
DEBUG --> [REQ_ID=e94cc7c62e6b] [ROUTE] Controller=\App\Controllers\AuthController Method=login

[1 occurrence(s)]
DEBUG --> [REQ_ID=e94cc7c62e6b] [LIFECYCLE][START] GET https://www.mymiwallet.com/index.php/login

[1 occurrence(s)]
DEBUG --> [CSRF] token name=csrf_test_name hash=00001205a39482c2ed2e19a7763d0823

[1 occurrence(s)]
DEBUG --> [REQ_ID=4fa387589af3] [INIT] App\Controllers\AuthController::GET

[1 occurrence(s)]
DEBUG --> [REQ_ID=e94cc7c62e6b] [FILTER_AFTER]

[1 occurrence(s)]
DEBUG --> [REQ_ID=e94cc7c62e6b] [LIFECYCLE][END] status=200 duration_ms=17.71 memory_delta=0

[1 occurrence(s)]
DEBUG --> [REQ_ID=e94cc7c62e6b] [REQUEST][END]

[1 occurrence(s)]
DEBUG --> [REQ_ID=4a66b2cd0625] [REQUEST][START] GET /index.php/Free/register

[1 occurrence(s)]
DEBUG --> [REQ_ID=4a66b2cd0625] [FILTER_BEFORE] /index.php/Free/register

[1 occurrence(s)]
DEBUG --> [REQ_ID=4a66b2cd0625] [ROUTE] Controller=\App\Controllers\AuthController Method=register

[1 occurrence(s)]
DEBUG --> [REQ_ID=4a66b2cd0625] [LIFECYCLE][START] GET https://www.mymiwallet.com/index.php/Free/register

[1 occurrence(s)]
DEBUG --> [CSRF] token name=csrf_test_name hash=02699c9ab5a94b4418622449868699ca

[1 occurrence(s)]
DEBUG --> [REQ_ID=4a66b2cd0625] [REQUEST][END]

[1 occurrence(s)]
DEBUG --> [REQ_ID=d88944016d59] [REQUEST][START] GET /index.php/login

[1 occurrence(s)]
DEBUG --> [REQ_ID=d88944016d59] [FILTER_BEFORE] /index.php/login

[1 occurrence(s)]
DEBUG --> [REQ_ID=d88944016d59] [ROUTE] Controller=\App\Controllers\AuthController Method=login

[1 occurrence(s)]
DEBUG --> [REQ_ID=d88944016d59] [LIFECYCLE][START] GET https://www.mymiwallet.com/index.php/login

[1 occurrence(s)]
DEBUG --> [REQ_ID=51aef5e0539d] [INIT] App\Controllers\AuthController::GET

[1 occurrence(s)]
DEBUG --> [REQ_ID=d88944016d59] [FILTER_AFTER]

[1 occurrence(s)]
DEBUG --> [REQ_ID=d88944016d59] [LIFECYCLE][END] status=200 duration_ms=14.70 memory_delta=0

[1 occurrence(s)]
DEBUG --> [REQ_ID=d88944016d59] [REQUEST][END]

[1 occurrence(s)]
DEBUG --> [REQ_ID=330b3637818b] [REQUEST][START] GET /index.php

[1 occurrence(s)]
DEBUG --> [REQ_ID=330b3637818b] [FILTER_BEFORE] /index.php

[1 occurrence(s)]
DEBUG --> [REQ_ID=330b3637818b] [ROUTE] Controller=\App\Controllers\Home Method=index

[1 occurrence(s)]
DEBUG --> [REQ_ID=330b3637818b] [LIFECYCLE][START] GET https://www.mymiwallet.com/index.php/

[1 occurrence(s)]
DEBUG --> [REQ_ID=41376085a664] [INIT] App\Controllers\Home::GET

[32 occurrence(s)]
DEBUG --> [MetaService] slug= pageName= cacheHit= path=FALLBACK

[1 occurrence(s)]
DEBUG --> [REQ_ID=41376085a664] [VIEW_RENDER] themes/public/home

[17 occurrence(s)]
DEBUG --> [MetaService] slug= pageName=Home cacheHit= path=DB

[1 occurrence(s)]
DEBUG --> [REQ_ID=330b3637818b] [FILTER_AFTER]

[1 occurrence(s)]
DEBUG --> [REQ_ID=330b3637818b] [LIFECYCLE][END] status=200 duration_ms=531.13 memory_delta=4194304

[1 occurrence(s)]
DEBUG --> [REQ_ID=330b3637818b] [REQUEST][END]

[1 occurrence(s)]
DEBUG --> [REQ_ID=2758f5541030] [REQUEST][START] GET /

[1 occurrence(s)]
DEBUG --> [REQ_ID=2758f5541030] [FILTER_BEFORE] /

[1 occurrence(s)]
DEBUG --> [REQ_ID=2758f5541030] [ROUTE] Controller=\App\Controllers\Home Method=index

[1 occurrence(s)]
DEBUG --> [REQ_ID=2758f5541030] [LIFECYCLE][START] GET https://www.mymiwallet.com/index.php/

[1 occurrence(s)]
DEBUG --> [REQ_ID=5f4ca1a5f94c] [INIT] App\Controllers\Home::GET

[41 occurrence(s)]
DEBUG --> [MetaService] slug= pageName= cacheHit=1 path=CACHE

[1 occurrence(s)]
DEBUG --> [REQ_ID=5f4ca1a5f94c] [VIEW_RENDER] themes/public/home

[56 occurrence(s)]
DEBUG --> [MetaService] slug= pageName=Home cacheHit=1 path=CACHE

[1 occurrence(s)]
DEBUG --> [REQ_ID=2758f5541030] [FILTER_AFTER]

[1 occurrence(s)]
DEBUG --> [REQ_ID=2758f5541030] [LIFECYCLE][END] status=200 duration_ms=505.90 memory_delta=2097152

[1 occurrence(s)]
DEBUG --> [REQ_ID=2758f5541030] [REQUEST][END]

[1 occurrence(s)]
DEBUG --> [REQ_ID=99f67c6f96bc] [REQUEST][START] GET /index.php/Dashboard

[1 occurrence(s)]
DEBUG --> [REQ_ID=99f67c6f96bc] [FILTER_BEFORE] /index.php/Dashboard

[1 occurrence(s)]
DEBUG --> [REQ_ID=99f67c6f96bc] [ROUTE] Controller=\App\Modules\User\Controllers\DashboardController Method=index

[1 occurrence(s)]
DEBUG --> [REQ_ID=99f67c6f96bc] [LIFECYCLE][START] GET https://www.mymiwallet.com/index.php/Dashboard

[1 occurrence(s)]
DEBUG --> [CSRF] token name=csrf_test_name hash=d3a26a945cfa6a0c981b407164a0fad1

[1 occurrence(s)]
DEBUG --> [REQ_ID=99f67c6f96bc] [REQUEST][END]

[1 occurrence(s)]
DEBUG --> [REQ_ID=e927e829cc5d] [REQUEST][START] GET /index.php/login

[1 occurrence(s)]
DEBUG --> [REQ_ID=e927e829cc5d] [FILTER_BEFORE] /index.php/login

[1 occurrence(s)]
DEBUG --> [REQ_ID=e927e829cc5d] [ROUTE] Controller=\App\Controllers\AuthController Method=login

[1 occurrence(s)]
DEBUG --> [REQ_ID=e927e829cc5d] [LIFECYCLE][START] GET https://www.mymiwallet.com/index.php/login

[1 occurrence(s)]
DEBUG --> [CSRF] token name=csrf_test_name hash=4bee4b723779e077f3a5eb8fa414e2be

[1 occurrence(s)]
DEBUG --> [REQ_ID=781a2981d418] [INIT] App\Controllers\AuthController::GET

[1 occurrence(s)]
DEBUG --> [REQ_ID=e927e829cc5d] [FILTER_AFTER]

[1 occurrence(s)]
DEBUG --> [REQ_ID=e927e829cc5d] [LIFECYCLE][END] status=200 duration_ms=15.16 memory_delta=0

[1 occurrence(s)]
DEBUG --> [REQ_ID=e927e829cc5d] [REQUEST][END]

[1 occurrence(s)]
DEBUG --> [REQ_ID=3a022a031d38] [REQUEST][START] GET /index.php/API/Alerts/fetchEmailAlerts

[1 occurrence(s)]
DEBUG --> [REQ_ID=3a022a031d38] [FILTER_BEFORE] /index.php/API/Alerts/fetchEmailAlerts

[1 occurrence(s)]
DEBUG --> [REQ_ID=3a022a031d38] [ROUTE] Controller=\App\Modules\APIs\Controllers\AlertsAPIController Method=fetchEmailAlerts

[1 occurrence(s)]
DEBUG --> [REQ_ID=3a022a031d38] [LIFECYCLE][START] GET https://www.mymiwallet.com/index.php/API/Alerts/fetchEmailAlerts

[1 occurrence(s)]
DEBUG --> [REQ_ID=3a022a031d38] [REQUEST][END]

[1 occurrence(s)]
DEBUG --> [REQ_ID=7ec38f90c40e] [REQUEST][START] GET /index.php/How-It-Works/Investment-Dashboard

[1 occurrence(s)]
DEBUG --> [REQ_ID=7ec38f90c40e] [FILTER_BEFORE] /index.php/How-It-Works/Investment-Dashboard

[1 occurrence(s)]
DEBUG --> [REQ_ID=7ec38f90c40e] [ROUTE] Controller=\App\Modules\Blog\Controllers\HowItWorksController Method=show

[1 occurrence(s)]
DEBUG --> [REQ_ID=7ec38f90c40e] [LIFECYCLE][START] GET https://www.mymiwallet.com/index.php/How-It-Works/Investment-Dashboard

[1 occurrence(s)]
DEBUG --> [CSRF] token name=csrf_test_name hash=d979cde773f53b0077cbe250e05db4a5

[1 occurrence(s)]
DEBUG --> [REQ_ID=f07cc594ff51] [INIT] App\Modules\Blog\Controllers\HowItWorksController::GET

[1 occurrence(s)]
DEBUG --> [REQ_ID=f07cc594ff51] [METHOD_ENTRY] show

[1 occurrence(s)]
DEBUG --> [REQ_ID=f07cc594ff51] [VIEW_RENDER] App\Modules\Blog\Views\HowItWorks\Investment_Portfolio_Management

[1 occurrence(s)]
DEBUG --> [REQ_ID=7ec38f90c40e] [FILTER_AFTER]

[1 occurrence(s)]
DEBUG --> [REQ_ID=7ec38f90c40e] [LIFECYCLE][END] status=200 duration_ms=1,444.39 memory_delta=8388608

[1 occurrence(s)]
DEBUG --> [REQ_ID=7ec38f90c40e] [REQUEST][END]

[1 occurrence(s)]
DEBUG --> [REQ_ID=5c64675398d6] [REQUEST][START] GET /index.php/API/Management/Run-CRON-Tasks

[1 occurrence(s)]
DEBUG --> [REQ_ID=5c64675398d6] [FILTER_BEFORE] /index.php/API/Management/Run-CRON-Tasks

[1 occurrence(s)]
DEBUG --> [REQ_ID=5c64675398d6] [ROUTE] Controller=\App\Modules\Management\Controllers\ManagementAPIController Method=Run_CRON_Tasks

[1 occurrence(s)]
DEBUG --> [REQ_ID=5c64675398d6] [LIFECYCLE][START] GET https://www.mymiwallet.com/index.php/API/Management/Run-CRON-Tasks

[1 occurrence(s)]
DEBUG --> [REQ_ID=5c64675398d6] [REQUEST][END]

[1 occurrence(s)]
DEBUG --> [REQ_ID=a963ad244b4f] [REQUEST][START] GET /index.php/MyMI-Gold/Goals/Daily

[1 occurrence(s)]
DEBUG --> [REQ_ID=a963ad244b4f] [FILTER_BEFORE] /index.php/MyMI-Gold/Goals/Daily

[1 occurrence(s)]
DEBUG --> [REQ_ID=a963ad244b4f] [ROUTE] Controller=\App\Modules\User\Controllers\DashboardController Method=goals

[1 occurrence(s)]
DEBUG --> [REQ_ID=a963ad244b4f] [LIFECYCLE][START] GET https://www.mymiwallet.com/index.php/MyMI-Gold/Goals/Daily

[1 occurrence(s)]
DEBUG --> [CSRF] token name=csrf_test_name hash=b9f28b5d8964fc5698b6b1799df83c75

[1 occurrence(s)]
DEBUG --> [REQ_ID=a963ad244b4f] [REQUEST][END]

[1 occurrence(s)]
DEBUG --> [REQ_ID=11dba5076f26] [REQUEST][START] GET /index.php/login

[1 occurrence(s)]
DEBUG --> [REQ_ID=11dba5076f26] [FILTER_BEFORE] /index.php/login

[1 occurrence(s)]
DEBUG --> [REQ_ID=11dba5076f26] [ROUTE] Controller=\App\Controllers\AuthController Method=login

[1 occurrence(s)]
DEBUG --> [REQ_ID=11dba5076f26] [LIFECYCLE][START] GET https://www.mymiwallet.com/index.php/login

[1 occurrence(s)]
DEBUG --> [CSRF] token name=csrf_test_name hash=a187b63f6ad5eaf4b91c9ff45e164be7

[1 occurrence(s)]
DEBUG --> [REQ_ID=c80a2deda852] [INIT] App\Controllers\AuthController::GET

[1 occurrence(s)]
DEBUG --> [REQ_ID=11dba5076f26] [FILTER_AFTER]

[1 occurrence(s)]
DEBUG --> [REQ_ID=11dba5076f26] [LIFECYCLE][END] status=200 duration_ms=56.35 memory_delta=0

[1 occurrence(s)]
DEBUG --> [REQ_ID=11dba5076f26] [REQUEST][END]

[1 occurrence(s)]
DEBUG --> [REQ_ID=cd58ebfa91ac] [REQUEST][START] GET /index.php/Exchange

[1 occurrence(s)]
DEBUG --> [REQ_ID=cd58ebfa91ac] [FILTER_BEFORE] /index.php/Exchange

[1 occurrence(s)]
DEBUG --> [REQ_ID=cd58ebfa91ac] [ROUTE] Controller=\App\Modules\Exchange\Controllers\ExchangeController Method=index

[1 occurrence(s)]
DEBUG --> [REQ_ID=cd58ebfa91ac] [LIFECYCLE][START] GET https://www.mymiwallet.com/index.php/Exchange

[1 occurrence(s)]
DEBUG --> [CSRF] token name=csrf_test_name hash=792d892d7848700f2d9285267d473edf

[1 occurrence(s)]
DEBUG --> [REQ_ID=cd58ebfa91ac] [REQUEST][END]

[1 occurrence(s)]
DEBUG --> [REQ_ID=04179bb8fe44] [REQUEST][START] GET /index.php/login

[1 occurrence(s)]
DEBUG --> [REQ_ID=04179bb8fe44] [FILTER_BEFORE] /index.php/login

[1 occurrence(s)]
DEBUG --> [REQ_ID=04179bb8fe44] [ROUTE] Controller=\App\Controllers\AuthController Method=login

[1 occurrence(s)]
DEBUG --> [REQ_ID=04179bb8fe44] [LIFECYCLE][START] GET https://www.mymiwallet.com/index.php/login

[1 occurrence(s)]
DEBUG --> [CSRF] token name=csrf_test_name hash=7981f028436fc24d27c9fcc8a1e655b9

[1 occurrence(s)]
DEBUG --> [REQ_ID=fc8f352915d5] [INIT] App\Controllers\AuthController::GET

[1 occurrence(s)]
DEBUG --> [REQ_ID=04179bb8fe44] [FILTER_AFTER]

[1 occurrence(s)]
DEBUG --> [REQ_ID=04179bb8fe44] [LIFECYCLE][END] status=200 duration_ms=35.94 memory_delta=0

[1 occurrence(s)]
DEBUG --> [REQ_ID=04179bb8fe44] [REQUEST][END]

[1 occurrence(s)]
DEBUG --> [REQ_ID=6477c61202d5] [REQUEST][START] GET /index.php/Wallets/Purchase/Memberships/Customize

[1 occurrence(s)]
DEBUG --> [REQ_ID=6477c61202d5] [FILTER_BEFORE] /index.php/Wallets/Purchase/Memberships/Customize

[1 occurrence(s)]
DEBUG --> [REQ_ID=6477c61202d5] [ROUTE] Controller=\App\Modules\User\Controllers\WalletsController Method=customizeMembership

[1 occurrence(s)]
DEBUG --> [REQ_ID=6477c61202d5] [LIFECYCLE][START] GET https://www.mymiwallet.com/index.php/Wallets/Purchase/Memberships/Customize

[1 occurrence(s)]
DEBUG --> [CSRF] token name=csrf_test_name hash=3bef3be60a2fbab56c849e63f4c48d80

[1 occurrence(s)]
DEBUG --> [REQ_ID=6477c61202d5] [REQUEST][END]

[1 occurrence(s)]
DEBUG --> [REQ_ID=b5b6ac529513] [REQUEST][START] GET /index.php/login

[1 occurrence(s)]
DEBUG --> [REQ_ID=b5b6ac529513] [FILTER_BEFORE] /index.php/login

[1 occurrence(s)]
DEBUG --> [REQ_ID=b5b6ac529513] [ROUTE] Controller=\App\Controllers\AuthController Method=login

[1 occurrence(s)]
DEBUG --> [REQ_ID=b5b6ac529513] [LIFECYCLE][START] GET https://www.mymiwallet.com/index.php/login

[1 occurrence(s)]
DEBUG --> [CSRF] token name=csrf_test_name hash=8252da05414734c0f41e4db3bebb4675

[1 occurrence(s)]
DEBUG --> [REQ_ID=36912110b184] [INIT] App\Controllers\AuthController::GET

[1 occurrence(s)]
DEBUG --> [REQ_ID=b5b6ac529513] [FILTER_AFTER]

[1 occurrence(s)]
DEBUG --> [REQ_ID=b5b6ac529513] [LIFECYCLE][END] status=200 duration_ms=233.00 memory_delta=0

[1 occurrence(s)]
DEBUG --> [REQ_ID=b5b6ac529513] [REQUEST][END]

[1 occurrence(s)]
DEBUG --> [REQ_ID=d7cceebf7f2b] [REQUEST][START] GET /index.php/API/Alerts/fetchEmailAlerts

[1 occurrence(s)]
DEBUG --> [REQ_ID=d7cceebf7f2b] [FILTER_BEFORE] /index.php/API/Alerts/fetchEmailAlerts

[1 occurrence(s)]
DEBUG --> [REQ_ID=d7cceebf7f2b] [ROUTE] Controller=\App\Modules\APIs\Controllers\AlertsAPIController Method=fetchEmailAlerts

[1 occurrence(s)]
DEBUG --> [REQ_ID=d7cceebf7f2b] [LIFECYCLE][START] GET https://www.mymiwallet.com/index.php/API/Alerts/fetchEmailAlerts

[1 occurrence(s)]
DEBUG --> [REQ_ID=d7cceebf7f2b] [REQUEST][END]

[1 occurrence(s)]
DEBUG --> [REQ_ID=b68d147133d8] [REQUEST][START] HEAD /

[1 occurrence(s)]
DEBUG --> [REQ_ID=a85fc2776481] [REQUEST][START] GET /index.php/Support/Account

[1 occurrence(s)]
DEBUG --> [REQ_ID=a85fc2776481] [FILTER_BEFORE] /index.php/Support/Account

[1 occurrence(s)]
DEBUG --> [REQ_ID=a85fc2776481] [ROUTE] Controller=\App\Modules\Support\Controllers\AccountSupportController Method=index

[1 occurrence(s)]
DEBUG --> [REQ_ID=a85fc2776481] [LIFECYCLE][START] GET https://www.mymiwallet.com/index.php/Support/Account

[1 occurrence(s)]
DEBUG --> [CSRF] token name=csrf_test_name hash=3f5e94bef7c27585267a2dd43044856f

[1 occurrence(s)]
DEBUG --> [REQ_ID=8708bb2733a3] [INIT] App\Modules\Support\Controllers\AccountSupportController::GET

[1 occurrence(s)]
DEBUG --> [REQ_ID=8708bb2733a3] [METHOD_ENTRY] index

[1 occurrence(s)]
DEBUG --> [REQ_ID=8708bb2733a3] [VIEW_RENDER] SupportModule/Support/account_help

[1 occurrence(s)]
DEBUG --> [REQ_ID=a85fc2776481] [FILTER_AFTER]

[1 occurrence(s)]
DEBUG --> [REQ_ID=a85fc2776481] [LIFECYCLE][END] status=200 duration_ms=165.52 memory_delta=0

[1 occurrence(s)]
DEBUG --> [REQ_ID=a85fc2776481] [REQUEST][END]

[1 occurrence(s)]
DEBUG --> [REQ_ID=fba0e0e10ac9] [REQUEST][START] GET /index.php/Management/Budgets

[1 occurrence(s)]
DEBUG --> [REQ_ID=fba0e0e10ac9] [FILTER_BEFORE] /index.php/Management/Budgets

[1 occurrence(s)]
DEBUG --> [REQ_ID=fba0e0e10ac9] [ROUTE] Controller=\App\Modules\Management\Controllers\BudgetsAdminController Method=index

[1 occurrence(s)]
DEBUG --> [REQ_ID=fba0e0e10ac9] [LIFECYCLE][START] GET https://www.mymiwallet.com/index.php/Management/Budgets

[1 occurrence(s)]
DEBUG --> [CSRF] token name=csrf_test_name hash=75cd5be77c2f97fd889bf4c15734058f

[1 occurrence(s)]
DEBUG --> [REQ_ID=fba0e0e10ac9] [REQUEST][END]

[1 occurrence(s)]
DEBUG --> [REQ_ID=a6bbef725730] [REQUEST][START] GET /index.php/login

[1 occurrence(s)]
DEBUG --> [REQ_ID=a6bbef725730] [FILTER_BEFORE] /index.php/login

[1 occurrence(s)]
DEBUG --> [REQ_ID=a6bbef725730] [ROUTE] Controller=\App\Controllers\AuthController Method=login

[1 occurrence(s)]
DEBUG --> [REQ_ID=a6bbef725730] [LIFECYCLE][START] GET https://www.mymiwallet.com/index.php/login

[1 occurrence(s)]
DEBUG --> [CSRF] token name=csrf_test_name hash=826b6b23bdfa12914fe98abdd9e6c192

[1 occurrence(s)]
DEBUG --> [REQ_ID=069ab11095a1] [INIT] App\Controllers\AuthController::GET

[1 occurrence(s)]
DEBUG --> [REQ_ID=a6bbef725730] [FILTER_AFTER]

[1 occurrence(s)]
DEBUG --> [REQ_ID=a6bbef725730] [LIFECYCLE][END] status=200 duration_ms=35.07 memory_delta=0

[1 occurrence(s)]
DEBUG --> [REQ_ID=a6bbef725730] [REQUEST][END]

[1 occurrence(s)]
DEBUG --> [REQ_ID=57b42dc773d2] [REQUEST][START] GET /index.php/Privacy-Policy

[1 occurrence(s)]
DEBUG --> [REQ_ID=57b42dc773d2] [FILTER_BEFORE] /index.php/Privacy-Policy

[1 occurrence(s)]
DEBUG --> [REQ_ID=57b42dc773d2] [ROUTE] Controller=\App\Controllers\Home Method=privacyPolicy

[1 occurrence(s)]
DEBUG --> [REQ_ID=57b42dc773d2] [LIFECYCLE][START] GET https://www.mymiwallet.com/index.php/Privacy-Policy

[1 occurrence(s)]
DEBUG --> [CSRF] token name=csrf_test_name hash=1e3563a02976b958b2903dd3cd5a3eab

[1 occurrence(s)]
DEBUG --> [REQ_ID=4fee33926230] [INIT] App\Controllers\Home::GET

[2 occurrence(s)]
DEBUG --> [MetaService] slug=privacy-policy pageName= cacheHit= path=DB

[1 occurrence(s)]
DEBUG --> [REQ_ID=4fee33926230] [VIEW_RENDER] themes/public/privacyPolicy

[2 occurrence(s)]
DEBUG --> [MetaService] slug=privacy-policy pageName=Privacy Policy cacheHit= path=DB

[1 occurrence(s)]
DEBUG --> [REQ_ID=57b42dc773d2] [FILTER_AFTER]

[1 occurrence(s)]
DEBUG --> [REQ_ID=57b42dc773d2] [LIFECYCLE][END] status=200 duration_ms=650.19 memory_delta=4194304

[1 occurrence(s)]
DEBUG --> [REQ_ID=57b42dc773d2] [REQUEST][END]

[1 occurrence(s)]
DEBUG --> [REQ_ID=7ff4fed26b25] [REQUEST][START] GET /index.php/API/Management/Run-CRON-Tasks

[1 occurrence(s)]
DEBUG --> [REQ_ID=7ff4fed26b25] [FILTER_BEFORE] /index.php/API/Management/Run-CRON-Tasks

[1 occurrence(s)]
DEBUG --> [REQ_ID=7ff4fed26b25] [ROUTE] Controller=\App\Modules\Management\Controllers\ManagementAPIController Method=Run_CRON_Tasks

[1 occurrence(s)]
DEBUG --> [REQ_ID=7ff4fed26b25] [LIFECYCLE][START] GET https://www.mymiwallet.com/index.php/API/Management/Run-CRON-Tasks

[1 occurrence(s)]
DEBUG --> [REQ_ID=7ff4fed26b25] [REQUEST][END]

[1 occurrence(s)]
DEBUG --> LOG_HEALTHCHECK debug marker=a41175866b4a

[1 occurrence(s)]
DEBUG --> [REQ_ID=b3e479e5d465] [REQUEST][START] GET /

[1 occurrence(s)]
DEBUG --> [REQ_ID=b3e479e5d465] [FILTER_BEFORE] /

[1 occurrence(s)]
DEBUG --> [REQ_ID=b3e479e5d465] [ROUTE] Controller=\App\Controllers\Home Method=index

[1 occurrence(s)]
DEBUG --> [REQ_ID=b3e479e5d465] [LIFECYCLE][START] GET https://www.mymiwallet.com/index.php/

[1 occurrence(s)]
DEBUG --> [CSRF] token name=csrf_test_name hash=9213d0349d8f3c6a8a1ab5652eae8aea

[1 occurrence(s)]
DEBUG --> [REQ_ID=2c4a6675b912] [INIT] App\Controllers\Home::GET

[1 occurrence(s)]
DEBUG --> [REQ_ID=2c4a6675b912] [VIEW_RENDER] themes/public/home

[1 occurrence(s)]
DEBUG --> [REQ_ID=b3e479e5d465] [FILTER_AFTER]

[1 occurrence(s)]
DEBUG --> [REQ_ID=b3e479e5d465] [LIFECYCLE][END] status=200 duration_ms=628.05 memory_delta=4194304

[1 occurrence(s)]
DEBUG --> [REQ_ID=b3e479e5d465] [REQUEST][END]

[1 occurrence(s)]
DEBUG --> [REQ_ID=3759352c80d9] [REQUEST][START] GET /

[1 occurrence(s)]
DEBUG --> [REQ_ID=3759352c80d9] [FILTER_BEFORE] /

[1 occurrence(s)]
DEBUG --> [REQ_ID=3759352c80d9] [ROUTE] Controller=\App\Controllers\Home Method=index

[1 occurrence(s)]
DEBUG --> [REQ_ID=3759352c80d9] [LIFECYCLE][START] GET https://www.mymiwallet.com/index.php/

[1 occurrence(s)]
DEBUG --> [CSRF] token name=csrf_test_name hash=b3d740b553881508a852264086dd8d68

[1 occurrence(s)]
DEBUG --> [REQ_ID=ee4f2c17c251] [INIT] App\Controllers\Home::GET

[1 occurrence(s)]
DEBUG --> [REQ_ID=ee4f2c17c251] [VIEW_RENDER] themes/public/home

[1 occurrence(s)]
DEBUG --> [REQ_ID=3759352c80d9] [FILTER_AFTER]

[1 occurrence(s)]
DEBUG --> [REQ_ID=3759352c80d9] [LIFECYCLE][END] status=200 duration_ms=733.14 memory_delta=4194304

[1 occurrence(s)]
DEBUG --> [REQ_ID=3759352c80d9] [REQUEST][END]

[1 occurrence(s)]
DEBUG --> [REQ_ID=9792f7609e71] [REQUEST][START] GET /index.php/API/Alerts/fetchEmailAlerts

[1 occurrence(s)]
DEBUG --> [REQ_ID=9792f7609e71] [FILTER_BEFORE] /index.php/API/Alerts/fetchEmailAlerts

[1 occurrence(s)]
DEBUG --> [REQ_ID=9792f7609e71] [ROUTE] Controller=\App\Modules\APIs\Controllers\AlertsAPIController Method=fetchEmailAlerts

[1 occurrence(s)]
DEBUG --> [REQ_ID=9792f7609e71] [LIFECYCLE][START] GET https://www.mymiwallet.com/index.php/API/Alerts/fetchEmailAlerts

[1 occurrence(s)]
DEBUG --> [REQ_ID=9792f7609e71] [REQUEST][END]

[1 occurrence(s)]
DEBUG --> [REQ_ID=63d5ab0fd3a7] [REQUEST][START] GET /index.php/Investments/Reports

[1 occurrence(s)]
DEBUG --> [REQ_ID=5ad0933431a4] [REQUEST][START] GET /index.php/Budget/Financial-Forecaster

[1 occurrence(s)]
DEBUG --> [REQ_ID=5ad0933431a4] [FILTER_BEFORE] /index.php/Budget/Financial-Forecaster

[1 occurrence(s)]
DEBUG --> [REQ_ID=5ad0933431a4] [ROUTE] Controller=\App\Modules\User\Controllers\BudgetController Method=financialForecaster

[1 occurrence(s)]
DEBUG --> [REQ_ID=5ad0933431a4] [LIFECYCLE][START] GET https://www.mymiwallet.com/index.php/Budget/Financial-Forecaster

[1 occurrence(s)]
DEBUG --> [CSRF] token name=csrf_test_name hash=31ff90d66b1fb3de3b026af9fd716848

[1 occurrence(s)]
DEBUG --> [REQ_ID=5ad0933431a4] [REQUEST][END]

[1 occurrence(s)]
DEBUG --> [REQ_ID=0ac7c32806a0] [REQUEST][START] GET /index.php/login

[1 occurrence(s)]
DEBUG --> [REQ_ID=0ac7c32806a0] [FILTER_BEFORE] /index.php/login

[1 occurrence(s)]
DEBUG --> [REQ_ID=0ac7c32806a0] [ROUTE] Controller=\App\Controllers\AuthController Method=login

[1 occurrence(s)]
DEBUG --> [REQ_ID=0ac7c32806a0] [LIFECYCLE][START] GET https://www.mymiwallet.com/index.php/login

[1 occurrence(s)]
DEBUG --> [CSRF] token name=csrf_test_name hash=d560f75d4d1bb165c4e887fdd65a183f

[1 occurrence(s)]
DEBUG --> [REQ_ID=7763c1b1f14f] [INIT] App\Controllers\AuthController::GET

[1 occurrence(s)]
DEBUG --> [REQ_ID=0ac7c32806a0] [FILTER_AFTER]

[1 occurrence(s)]
DEBUG --> [REQ_ID=0ac7c32806a0] [LIFECYCLE][END] status=200 duration_ms=46.19 memory_delta=0

[1 occurrence(s)]
DEBUG --> [REQ_ID=0ac7c32806a0] [REQUEST][END]

[1 occurrence(s)]
DEBUG --> [REQ_ID=4a21d19b0aca] [REQUEST][START] GET /

[1 occurrence(s)]
DEBUG --> [REQ_ID=4a21d19b0aca] [FILTER_BEFORE] /

[1 occurrence(s)]
DEBUG --> [REQ_ID=4a21d19b0aca] [ROUTE] Controller=\App\Controllers\Home Method=index

[1 occurrence(s)]
DEBUG --> [REQ_ID=4a21d19b0aca] [LIFECYCLE][START] GET https://www.mymiwallet.com/index.php/

[1 occurrence(s)]
DEBUG --> [CSRF] token name=csrf_test_name hash=07f9b0123fe1a9a1b5a5792d3b3e4ef2

[1 occurrence(s)]
DEBUG --> [REQ_ID=994d6ad6ffe4] [INIT] App\Controllers\Home::GET

[1 occurrence(s)]
DEBUG --> [REQ_ID=994d6ad6ffe4] [VIEW_RENDER] themes/public/home

[1 occurrence(s)]
DEBUG --> [REQ_ID=4a21d19b0aca] [FILTER_AFTER]

[1 occurrence(s)]
DEBUG --> [REQ_ID=4a21d19b0aca] [LIFECYCLE][END] status=200 duration_ms=612.82 memory_delta=4194304

[1 occurrence(s)]
DEBUG --> [REQ_ID=4a21d19b0aca] [REQUEST][END]

[1 occurrence(s)]
DEBUG --> [REQ_ID=a15fd3051b18] [REQUEST][START] GET /

[1 occurrence(s)]
DEBUG --> [REQ_ID=a15fd3051b18] [FILTER_BEFORE] /

[1 occurrence(s)]
DEBUG --> [REQ_ID=a15fd3051b18] [ROUTE] Controller=\App\Controllers\Home Method=index

[1 occurrence(s)]
DEBUG --> [REQ_ID=a15fd3051b18] [LIFECYCLE][START] GET https://www.mymiwallet.com/index.php/

[1 occurrence(s)]
DEBUG --> [CSRF] token name=csrf_test_name hash=8689551c7a0f6fb69868128486c7d2ab

[1 occurrence(s)]
DEBUG --> [REQ_ID=ba638b321fb7] [INIT] App\Controllers\Home::GET

[1 occurrence(s)]
DEBUG --> [REQ_ID=ba638b321fb7] [VIEW_RENDER] themes/public/home

[1 occurrence(s)]
DEBUG --> [REQ_ID=a15fd3051b18] [FILTER_AFTER]

[1 occurrence(s)]
DEBUG --> [REQ_ID=a15fd3051b18] [LIFECYCLE][END] status=200 duration_ms=530.15 memory_delta=2097152

[1 occurrence(s)]
DEBUG --> [REQ_ID=a15fd3051b18] [REQUEST][END]

[1 occurrence(s)]
DEBUG --> [REQ_ID=ef7e1d99329e] [REQUEST][START] GET /index.php/Premium-Features/Advanced-Charting

[1 occurrence(s)]
DEBUG --> [REQ_ID=0a6d94b6d60c] [REQUEST][START] GET /index.php/Management/API

[1 occurrence(s)]
DEBUG --> [REQ_ID=0c91cf83b11c] [REQUEST][START] GET /index.php/Premium-Features/Advanced-Trade-Tracker

[1 occurrence(s)]
DEBUG --> [REQ_ID=994f378fe587] [REQUEST][START] GET /index.php/Investments

[1 occurrence(s)]
DEBUG --> [REQ_ID=994f378fe587] [FILTER_BEFORE] /index.php/Investments

[1 occurrence(s)]
DEBUG --> [REQ_ID=994f378fe587] [ROUTE] Controller=\App\Modules\User\Controllers\InvestmentsController Method=index

[1 occurrence(s)]
DEBUG --> [REQ_ID=994f378fe587] [LIFECYCLE][START] GET https://www.mymiwallet.com/index.php/Investments

[1 occurrence(s)]
DEBUG --> [CSRF] token name=csrf_test_name hash=d69679219ef9b39598d87590d6e81fd8

[1 occurrence(s)]
DEBUG --> [REQ_ID=994f378fe587] [REQUEST][END]

[1 occurrence(s)]
DEBUG --> [REQ_ID=58915447c72d] [REQUEST][START] GET /index.php/login

[1 occurrence(s)]
DEBUG --> [REQ_ID=58915447c72d] [FILTER_BEFORE] /index.php/login

[1 occurrence(s)]
DEBUG --> [REQ_ID=58915447c72d] [ROUTE] Controller=\App\Controllers\AuthController Method=login

[1 occurrence(s)]
DEBUG --> [REQ_ID=58915447c72d] [LIFECYCLE][START] GET https://www.mymiwallet.com/index.php/login

[1 occurrence(s)]
DEBUG --> [CSRF] token name=csrf_test_name hash=5959ddf47955d265ffd1c1809eb4ebb3

[1 occurrence(s)]
DEBUG --> [REQ_ID=c04b8beaa38b] [INIT] App\Controllers\AuthController::GET

[1 occurrence(s)]
DEBUG --> [REQ_ID=58915447c72d] [FILTER_AFTER]

[1 occurrence(s)]
DEBUG --> [REQ_ID=58915447c72d] [LIFECYCLE][END] status=200 duration_ms=54.16 memory_delta=0

[1 occurrence(s)]
DEBUG --> [REQ_ID=58915447c72d] [REQUEST][END]

[1 occurrence(s)]
DEBUG --> [REQ_ID=6479480f7de3] [REQUEST][START] GET /index.php/API/Management/Run-CRON-Tasks

[1 occurrence(s)]
DEBUG --> [REQ_ID=6479480f7de3] [FILTER_BEFORE] /index.php/API/Management/Run-CRON-Tasks

[1 occurrence(s)]
DEBUG --> [REQ_ID=6479480f7de3] [ROUTE] Controller=\App\Modules\Management\Controllers\ManagementAPIController Method=Run_CRON_Tasks

[1 occurrence(s)]
DEBUG --> [REQ_ID=6479480f7de3] [LIFECYCLE][START] GET https://www.mymiwallet.com/index.php/API/Management/Run-CRON-Tasks

[1 occurrence(s)]
DEBUG --> [REQ_ID=6479480f7de3] [REQUEST][END]

[1 occurrence(s)]
DEBUG --> [REQ_ID=7392d01443a6] [REQUEST][START] GET /index.php/Legal/Privacy-Policy

[1 occurrence(s)]
DEBUG --> [REQ_ID=7392d01443a6] [FILTER_BEFORE] /index.php/Legal/Privacy-Policy

[1 occurrence(s)]
DEBUG --> [REQ_ID=7392d01443a6] [ROUTE] Controller=\App\Controllers\Home Method=privacyPolicy

[1 occurrence(s)]
DEBUG --> [REQ_ID=7392d01443a6] [LIFECYCLE][START] GET https://www.mymiwallet.com/index.php/Legal/Privacy-Policy

[1 occurrence(s)]
DEBUG --> [CSRF] token name=csrf_test_name hash=2619954928d4edd358f0df6388646845

[1 occurrence(s)]
DEBUG --> [REQ_ID=7392d01443a6] [REQUEST][END]

[1 occurrence(s)]
DEBUG --> [REQ_ID=508c6e83acf7] [REQUEST][START] GET /index.php/login

[1 occurrence(s)]
DEBUG --> [REQ_ID=508c6e83acf7] [FILTER_BEFORE] /index.php/login

[1 occurrence(s)]
DEBUG --> [REQ_ID=508c6e83acf7] [ROUTE] Controller=\App\Controllers\AuthController Method=login

[1 occurrence(s)]
DEBUG --> [REQ_ID=508c6e83acf7] [LIFECYCLE][START] GET https://www.mymiwallet.com/index.php/login

[1 occurrence(s)]
DEBUG --> [CSRF] token name=csrf_test_name hash=3892621727fb1a35015794f8cad77884

[1 occurrence(s)]
DEBUG --> [REQ_ID=9a8f23db3aaa] [INIT] App\Controllers\AuthController::GET

[1 occurrence(s)]
DEBUG --> [REQ_ID=508c6e83acf7] [FILTER_AFTER]

[1 occurrence(s)]
DEBUG --> [REQ_ID=508c6e83acf7] [LIFECYCLE][END] status=200 duration_ms=239.15 memory_delta=0

[1 occurrence(s)]
DEBUG --> [REQ_ID=508c6e83acf7] [REQUEST][END]

[1 occurrence(s)]
DEBUG --> [REQ_ID=01ff1a0067fb] [REQUEST][START] GET /

[1 occurrence(s)]
DEBUG --> [REQ_ID=01ff1a0067fb] [FILTER_BEFORE] /

[1 occurrence(s)]
DEBUG --> [REQ_ID=01ff1a0067fb] [ROUTE] Controller=\App\Controllers\Home Method=index

[1 occurrence(s)]
DEBUG --> [REQ_ID=01ff1a0067fb] [LIFECYCLE][START] GET https://www.mymiwallet.com/index.php/

[1 occurrence(s)]
DEBUG --> [CSRF] token name=csrf_test_name hash=4eefc2ac3363b87d70196d9759e3030e

[1 occurrence(s)]
DEBUG --> [REQ_ID=4c87d89ba3f9] [INIT] App\Controllers\Home::GET

[1 occurrence(s)]
DEBUG --> [REQ_ID=4c87d89ba3f9] [VIEW_RENDER] themes/public/home

[1 occurrence(s)]
DEBUG --> [REQ_ID=01ff1a0067fb] [FILTER_AFTER]

[1 occurrence(s)]
DEBUG --> [REQ_ID=01ff1a0067fb] [LIFECYCLE][END] status=200 duration_ms=611.34 memory_delta=4194304

[1 occurrence(s)]
DEBUG --> [REQ_ID=01ff1a0067fb] [REQUEST][END]

[1 occurrence(s)]
DEBUG --> [REQ_ID=1f57e4ec30f2] [REQUEST][START] GET /index.php/API/Alerts/fetchEmailAlerts

[1 occurrence(s)]
DEBUG --> [REQ_ID=1f57e4ec30f2] [FILTER_BEFORE] /index.php/API/Alerts/fetchEmailAlerts

[1 occurrence(s)]
DEBUG --> [REQ_ID=1f57e4ec30f2] [ROUTE] Controller=\App\Modules\APIs\Controllers\AlertsAPIController Method=fetchEmailAlerts

[1 occurrence(s)]
DEBUG --> [REQ_ID=1f57e4ec30f2] [LIFECYCLE][START] GET https://www.mymiwallet.com/index.php/API/Alerts/fetchEmailAlerts

[1 occurrence(s)]
DEBUG --> [REQ_ID=1f57e4ec30f2] [REQUEST][END]

[1 occurrence(s)]
DEBUG --> [REQ_ID=4487cf9f7c8d] [REQUEST][START] GET /

[1 occurrence(s)]
DEBUG --> [REQ_ID=4487cf9f7c8d] [FILTER_BEFORE] /

[1 occurrence(s)]
DEBUG --> [REQ_ID=4487cf9f7c8d] [ROUTE] Controller=\App\Controllers\Home Method=index

[1 occurrence(s)]
DEBUG --> [REQ_ID=4487cf9f7c8d] [LIFECYCLE][START] GET https://www.mymiwallet.com/index.php/

[1 occurrence(s)]
DEBUG --> [CSRF] token name=csrf_test_name hash=65fc301dfc26719546fefc59f60238d6

[1 occurrence(s)]
DEBUG --> [REQ_ID=b345b7a4160f] [INIT] App\Controllers\Home::GET

[1 occurrence(s)]
DEBUG --> [REQ_ID=b345b7a4160f] [VIEW_RENDER] themes/public/home

[1 occurrence(s)]
DEBUG --> [REQ_ID=4487cf9f7c8d] [FILTER_AFTER]

[1 occurrence(s)]
DEBUG --> [REQ_ID=4487cf9f7c8d] [LIFECYCLE][END] status=200 duration_ms=576.97 memory_delta=4194304

[1 occurrence(s)]
DEBUG --> [REQ_ID=4487cf9f7c8d] [REQUEST][END]

[1 occurrence(s)]
DEBUG --> [REQ_ID=14fdd0d86131] [REQUEST][START] GET /

[1 occurrence(s)]
DEBUG --> [REQ_ID=14fdd0d86131] [FILTER_BEFORE] /

[1 occurrence(s)]
DEBUG --> [REQ_ID=14fdd0d86131] [ROUTE] Controller=\App\Controllers\Home Method=index

[1 occurrence(s)]
DEBUG --> [REQ_ID=14fdd0d86131] [LIFECYCLE][START] GET https://www.mymiwallet.com/index.php/

[1 occurrence(s)]
DEBUG --> [CSRF] token name=csrf_test_name hash=51ed7cb5392ddff405f0f03e95f03388

[1 occurrence(s)]
DEBUG --> [REQ_ID=532b93bd2fc9] [INIT] App\Controllers\Home::GET

[1 occurrence(s)]
DEBUG --> [REQ_ID=532b93bd2fc9] [VIEW_RENDER] themes/public/home

[1 occurrence(s)]
DEBUG --> [REQ_ID=14fdd0d86131] [FILTER_AFTER]

[1 occurrence(s)]
DEBUG --> [REQ_ID=14fdd0d86131] [LIFECYCLE][END] status=200 duration_ms=605.86 memory_delta=4194304

[1 occurrence(s)]
DEBUG --> [REQ_ID=14fdd0d86131] [REQUEST][END]

[1 occurrence(s)]
DEBUG --> [REQ_ID=fa9fdf0ac0c6] [REQUEST][START] GET /index.php/How-It-Works/Purchase-MyMI-Gold

[1 occurrence(s)]
DEBUG --> [REQ_ID=fa9fdf0ac0c6] [FILTER_BEFORE] /index.php/How-It-Works/Purchase-MyMI-Gold

[1 occurrence(s)]
DEBUG --> [REQ_ID=fa9fdf0ac0c6] [ROUTE] Controller=\App\Modules\Blog\Controllers\HowItWorksController Method=show

[1 occurrence(s)]
DEBUG --> [REQ_ID=fa9fdf0ac0c6] [LIFECYCLE][START] GET https://www.mymiwallet.com/index.php/How-It-Works/Purchase-MyMI-Gold

[1 occurrence(s)]
DEBUG --> [CSRF] token name=csrf_test_name hash=78d66aa644614fa8bf1c82a5cfd10fab

[1 occurrence(s)]
DEBUG --> [REQ_ID=7f8af3328a10] [INIT] App\Modules\Blog\Controllers\HowItWorksController::GET

[1 occurrence(s)]
DEBUG --> [REQ_ID=7f8af3328a10] [METHOD_ENTRY] show

[1 occurrence(s)]
DEBUG --> [REQ_ID=fa9fdf0ac0c6] [FILTER_AFTER]

[1 occurrence(s)]
DEBUG --> [REQ_ID=fa9fdf0ac0c6] [LIFECYCLE][END] status=404 duration_ms=110.03 memory_delta=0

[1 occurrence(s)]
DEBUG --> [REQ_ID=fa9fdf0ac0c6] [REQUEST][END]

[1 occurrence(s)]
DEBUG --> [REQ_ID=8f71a1026a5a] [REQUEST][START] GET /index.php/How-It-Works/Investment-Portfolio-Management

[1 occurrence(s)]
DEBUG --> [REQ_ID=8f71a1026a5a] [FILTER_BEFORE] /index.php/How-It-Works/Investment-Portfolio-Management

[1 occurrence(s)]
DEBUG --> [REQ_ID=8f71a1026a5a] [ROUTE] Controller=\App\Modules\Blog\Controllers\HowItWorksController Method=show

[1 occurrence(s)]
DEBUG --> [REQ_ID=8f71a1026a5a] [LIFECYCLE][START] GET https://www.mymiwallet.com/index.php/How-It-Works/Investment-Portfolio-Management

[1 occurrence(s)]
DEBUG --> [CSRF] token name=csrf_test_name hash=bc0a98cb7c49c164c252b8c99a2fb00a

[1 occurrence(s)]
DEBUG --> [REQ_ID=7a0d50ac9e85] [INIT] App\Modules\Blog\Controllers\HowItWorksController::GET

[1 occurrence(s)]
DEBUG --> [REQ_ID=7a0d50ac9e85] [METHOD_ENTRY] show

[1 occurrence(s)]
DEBUG --> [REQ_ID=8f71a1026a5a] [FILTER_AFTER]

[1 occurrence(s)]
DEBUG --> [REQ_ID=8f71a1026a5a] [LIFECYCLE][END] status=404 duration_ms=253.35 memory_delta=0

[1 occurrence(s)]
DEBUG --> [REQ_ID=8f71a1026a5a] [REQUEST][END]

[1 occurrence(s)]
DEBUG --> [REQ_ID=b12fafdc7337] [REQUEST][START] GET /

[1 occurrence(s)]
DEBUG --> [REQ_ID=b12fafdc7337] [FILTER_BEFORE] /

[1 occurrence(s)]
DEBUG --> [REQ_ID=b12fafdc7337] [ROUTE] Controller=\App\Controllers\Home Method=index

[1 occurrence(s)]
DEBUG --> [REQ_ID=b12fafdc7337] [LIFECYCLE][START] GET https://www.mymiwallet.com/index.php/

[1 occurrence(s)]
DEBUG --> [CSRF] token name=csrf_test_name hash=a939ea1101bfe91ef983afb264d13bdd

[1 occurrence(s)]
DEBUG --> [REQ_ID=1352fd82b8ea] [INIT] App\Controllers\Home::GET

[1 occurrence(s)]
DEBUG --> [REQ_ID=1352fd82b8ea] [VIEW_RENDER] themes/public/home

[1 occurrence(s)]
DEBUG --> [REQ_ID=b12fafdc7337] [FILTER_AFTER]

[1 occurrence(s)]
DEBUG --> [REQ_ID=b12fafdc7337] [LIFECYCLE][END] status=200 duration_ms=557.29 memory_delta=4194304

[1 occurrence(s)]
DEBUG --> [REQ_ID=b12fafdc7337] [REQUEST][END]

[1 occurrence(s)]
DEBUG --> [REQ_ID=2b99dc709e5f] [REQUEST][START] GET /index.php/activate-account?token=a72e5c9beb2d69ef2700188d7f0889c6

[1 occurrence(s)]
DEBUG --> [REQ_ID=2b99dc709e5f] [FILTER_BEFORE] /index.php/activate-account?token=a72e5c9beb2d69ef2700188d7f0889c6

[1 occurrence(s)]
DEBUG --> [REQ_ID=2b99dc709e5f] [ROUTE] Controller=\App\Controllers\AuthController Method=activateAccount

[1 occurrence(s)]
DEBUG --> [REQ_ID=2b99dc709e5f] [LIFECYCLE][START] GET https://www.mymiwallet.com/index.php/activate-account?token=a72e5c9beb2d69ef2700188d7f0889c6

[1 occurrence(s)]
DEBUG --> [CSRF] token name=csrf_test_name hash=1f281cce5c2a42f907084263f9cb967b

[1 occurrence(s)]
DEBUG --> [REQ_ID=76d6f7d6c647] [INIT] App\Controllers\AuthController::GET

[1 occurrence(s)]
DEBUG --> [REQ_ID=2b99dc709e5f] [FILTER_AFTER]

[1 occurrence(s)]
DEBUG --> [REQ_ID=2b99dc709e5f] [LIFECYCLE][END] status=302 duration_ms=225.91 memory_delta=0

[1 occurrence(s)]
DEBUG --> [REQ_ID=2b99dc709e5f] [REQUEST][END]

[1 occurrence(s)]
DEBUG --> [REQ_ID=4764c9bf94fe] [REQUEST][START] GET /index.php/Support/Account

[1 occurrence(s)]
DEBUG --> [REQ_ID=4764c9bf94fe] [FILTER_BEFORE] /index.php/Support/Account

[1 occurrence(s)]
DEBUG --> [REQ_ID=4764c9bf94fe] [ROUTE] Controller=\App\Modules\Support\Controllers\AccountSupportController Method=index

[1 occurrence(s)]
DEBUG --> [REQ_ID=4764c9bf94fe] [LIFECYCLE][START] GET https://www.mymiwallet.com/index.php/Support/Account

[1 occurrence(s)]
DEBUG --> [CSRF] token name=csrf_test_name hash=57837d8aa47411e2a08096a523219595

[1 occurrence(s)]
DEBUG --> [REQ_ID=4faeb6862c4a] [INIT] App\Modules\Support\Controllers\AccountSupportController::GET

[1 occurrence(s)]
DEBUG --> [REQ_ID=4faeb6862c4a] [METHOD_ENTRY] index

[1 occurrence(s)]
DEBUG --> [REQ_ID=4faeb6862c4a] [VIEW_RENDER] SupportModule/Support/account_help

[1 occurrence(s)]
DEBUG --> [REQ_ID=4764c9bf94fe] [FILTER_AFTER]

[1 occurrence(s)]
DEBUG --> [REQ_ID=4764c9bf94fe] [LIFECYCLE][END] status=200 duration_ms=69.37 memory_delta=2097152

[1 occurrence(s)]
DEBUG --> [REQ_ID=4764c9bf94fe] [REQUEST][END]

[1 occurrence(s)]
DEBUG --> [REQ_ID=0e3e4063fb3e] [REQUEST][START] GET /index.php

[1 occurrence(s)]
DEBUG --> [REQ_ID=0e3e4063fb3e] [FILTER_BEFORE] /index.php

[1 occurrence(s)]
DEBUG --> [REQ_ID=0e3e4063fb3e] [ROUTE] Controller=\App\Controllers\Home Method=index

[1 occurrence(s)]
DEBUG --> [REQ_ID=0e3e4063fb3e] [LIFECYCLE][START] GET https://www.mymiwallet.com/index.php/

[1 occurrence(s)]
DEBUG --> [CSRF] token name=csrf_test_name hash=464159588b3bcbe73675cd0beac2c820

[1 occurrence(s)]
DEBUG --> [REQ_ID=5e274589c195] [INIT] App\Controllers\Home::GET

[1 occurrence(s)]
DEBUG --> [REQ_ID=5e274589c195] [VIEW_RENDER] themes/public/home

[1 occurrence(s)]
DEBUG --> [REQ_ID=0e3e4063fb3e] [FILTER_AFTER]

[1 occurrence(s)]
DEBUG --> [REQ_ID=0e3e4063fb3e] [LIFECYCLE][END] status=200 duration_ms=722.82 memory_delta=4194304

[1 occurrence(s)]
DEBUG --> [REQ_ID=0e3e4063fb3e] [REQUEST][END]

[1 occurrence(s)]
DEBUG --> [REQ_ID=1088b9cac65f] [REQUEST][START] GET /index.php/Budget/Financial-Analysis

[1 occurrence(s)]
DEBUG --> [REQ_ID=1088b9cac65f] [FILTER_BEFORE] /index.php/Budget/Financial-Analysis

[1 occurrence(s)]
DEBUG --> [REQ_ID=1088b9cac65f] [ROUTE] Controller=\App\Modules\User\Controllers\BudgetController Method=financialAnalysis

[1 occurrence(s)]
DEBUG --> [REQ_ID=1088b9cac65f] [LIFECYCLE][START] GET https://www.mymiwallet.com/index.php/Budget/Financial-Analysis

[1 occurrence(s)]
DEBUG --> [CSRF] token name=csrf_test_name hash=11936f053fd90a20e9f8734b9ea5e6ef

[1 occurrence(s)]
DEBUG --> [REQ_ID=1088b9cac65f] [REQUEST][END]

[1 occurrence(s)]
DEBUG --> [REQ_ID=3f9660310390] [REQUEST][START] GET /index.php/login

[1 occurrence(s)]
DEBUG --> [REQ_ID=3f9660310390] [FILTER_BEFORE] /index.php/login

[1 occurrence(s)]
DEBUG --> [REQ_ID=3f9660310390] [ROUTE] Controller=\App\Controllers\AuthController Method=login

[1 occurrence(s)]
DEBUG --> [REQ_ID=3f9660310390] [LIFECYCLE][START] GET https://www.mymiwallet.com/index.php/login

[1 occurrence(s)]
DEBUG --> [CSRF] token name=csrf_test_name hash=ffc9591e9f5ea6540f1d31aa497ed59a

[1 occurrence(s)]
DEBUG --> [REQ_ID=d153357f005f] [INIT] App\Controllers\AuthController::GET

[1 occurrence(s)]
DEBUG --> [REQ_ID=3f9660310390] [FILTER_AFTER]

[1 occurrence(s)]
DEBUG --> [REQ_ID=3f9660310390] [LIFECYCLE][END] status=200 duration_ms=22.81 memory_delta=0

[1 occurrence(s)]
DEBUG --> [REQ_ID=3f9660310390] [REQUEST][END]

[1 occurrence(s)]
DEBUG --> [REQ_ID=8fc351bbb18d] [REQUEST][START] GET /index.php/API/Management/Run-CRON-Tasks

[1 occurrence(s)]
DEBUG --> [REQ_ID=8fc351bbb18d] [FILTER_BEFORE] /index.php/API/Management/Run-CRON-Tasks

[1 occurrence(s)]
DEBUG --> [REQ_ID=8fc351bbb18d] [ROUTE] Controller=\App\Modules\Management\Controllers\ManagementAPIController Method=Run_CRON_Tasks

[1 occurrence(s)]
DEBUG --> [REQ_ID=8fc351bbb18d] [LIFECYCLE][START] GET https://www.mymiwallet.com/index.php/API/Management/Run-CRON-Tasks

[1 occurrence(s)]
DEBUG --> [REQ_ID=8fc351bbb18d] [REQUEST][END]

[1 occurrence(s)]
DEBUG --> LOG_HEALTHCHECK debug marker=c8b914d6d066

[1 occurrence(s)]
DEBUG --> [REQ_ID=89239b7a1fc3] [REQUEST][START] GET /index.php/Management/Alerts

[1 occurrence(s)]
DEBUG --> [REQ_ID=89239b7a1fc3] [FILTER_BEFORE] /index.php/Management/Alerts

[1 occurrence(s)]
DEBUG --> [REQ_ID=89239b7a1fc3] [ROUTE] Controller=\App\Modules\Management\Controllers\AlertsAdminController Method=index

[1 occurrence(s)]
DEBUG --> [REQ_ID=89239b7a1fc3] [LIFECYCLE][START] GET https://www.mymiwallet.com/index.php/Management/Alerts

[1 occurrence(s)]
DEBUG --> [CSRF] token name=csrf_test_name hash=7ff7eafe1ee78184fa29ed6ff79e5f85

[1 occurrence(s)]
DEBUG --> [REQ_ID=89239b7a1fc3] [REQUEST][END]

[1 occurrence(s)]
DEBUG --> [REQ_ID=082e0741be10] [REQUEST][START] GET /index.php/login

[1 occurrence(s)]
DEBUG --> [REQ_ID=082e0741be10] [FILTER_BEFORE] /index.php/login

[1 occurrence(s)]
DEBUG --> [REQ_ID=082e0741be10] [ROUTE] Controller=\App\Controllers\AuthController Method=login

[1 occurrence(s)]
DEBUG --> [REQ_ID=082e0741be10] [LIFECYCLE][START] GET https://www.mymiwallet.com/index.php/login

[1 occurrence(s)]
DEBUG --> [CSRF] token name=csrf_test_name hash=75526d3013cd10137c6d5f46e620970d

[1 occurrence(s)]
DEBUG --> [REQ_ID=a0fa1a477901] [INIT] App\Controllers\AuthController::GET

[1 occurrence(s)]
DEBUG --> [REQ_ID=082e0741be10] [FILTER_AFTER]

[1 occurrence(s)]
DEBUG --> [REQ_ID=082e0741be10] [LIFECYCLE][END] status=200 duration_ms=130.80 memory_delta=0

[1 occurrence(s)]
DEBUG --> [REQ_ID=082e0741be10] [REQUEST][END]

[1 occurrence(s)]
DEBUG --> [REQ_ID=c82e2f1c870d] [REQUEST][START] GET /index.php/My-Referrals

[1 occurrence(s)]
DEBUG --> [REQ_ID=c82e2f1c870d] [FILTER_BEFORE] /index.php/My-Referrals

[1 occurrence(s)]
DEBUG --> [REQ_ID=c82e2f1c870d] [ROUTE] Controller=\App\Modules\User\Controllers\ReferralController Method=index

[1 occurrence(s)]
DEBUG --> [REQ_ID=c82e2f1c870d] [LIFECYCLE][START] GET https://www.mymiwallet.com/index.php/My-Referrals

[1 occurrence(s)]
DEBUG --> [CSRF] token name=csrf_test_name hash=fcc24c788553c05c2c03225552b6b807

[1 occurrence(s)]
DEBUG --> [REQ_ID=c82e2f1c870d] [REQUEST][END]

[1 occurrence(s)]
DEBUG --> [REQ_ID=368b337d8251] [REQUEST][START] GET /index.php/login

[1 occurrence(s)]
DEBUG --> [REQ_ID=368b337d8251] [FILTER_BEFORE] /index.php/login

[1 occurrence(s)]
DEBUG --> [REQ_ID=368b337d8251] [ROUTE] Controller=\App\Controllers\AuthController Method=login

[1 occurrence(s)]
DEBUG --> [REQ_ID=368b337d8251] [LIFECYCLE][START] GET https://www.mymiwallet.com/index.php/login

[1 occurrence(s)]
DEBUG --> [CSRF] token name=csrf_test_name hash=6e50f5a32c150b3b092acaf157141d34

[1 occurrence(s)]
DEBUG --> [REQ_ID=e11739927858] [INIT] App\Controllers\AuthController::GET

[1 occurrence(s)]
DEBUG --> [REQ_ID=368b337d8251] [FILTER_AFTER]

[1 occurrence(s)]
DEBUG --> [REQ_ID=368b337d8251] [LIFECYCLE][END] status=200 duration_ms=38.95 memory_delta=0

[1 occurrence(s)]
DEBUG --> [REQ_ID=368b337d8251] [REQUEST][END]

[1 occurrence(s)]
DEBUG --> [REQ_ID=4a791f266884] [REQUEST][START] GET /index.php/Management/Exchange

[1 occurrence(s)]
DEBUG --> [REQ_ID=4a791f266884] [FILTER_BEFORE] /index.php/Management/Exchange

[1 occurrence(s)]
DEBUG --> [REQ_ID=4a791f266884] [ROUTE] Controller=\App\Modules\Management\Controllers\ExchangeAdminController Method=index

[1 occurrence(s)]
DEBUG --> [REQ_ID=4a791f266884] [LIFECYCLE][START] GET https://www.mymiwallet.com/index.php/Management/Exchange

[1 occurrence(s)]
DEBUG --> [CSRF] token name=csrf_test_name hash=3eac36064f4c0eced97bd9715f555576

[1 occurrence(s)]
DEBUG --> [REQ_ID=4a791f266884] [REQUEST][END]

[1 occurrence(s)]
DEBUG --> [REQ_ID=95b22ea668b4] [REQUEST][START] GET /index.php/login

[1 occurrence(s)]
DEBUG --> [REQ_ID=95b22ea668b4] [FILTER_BEFORE] /index.php/login

[1 occurrence(s)]
DEBUG --> [REQ_ID=95b22ea668b4] [ROUTE] Controller=\App\Controllers\AuthController Method=login

[1 occurrence(s)]
DEBUG --> [REQ_ID=95b22ea668b4] [LIFECYCLE][START] GET https://www.mymiwallet.com/index.php/login

[1 occurrence(s)]
DEBUG --> [CSRF] token name=csrf_test_name hash=3561a63b652eaabc2ea069bf5bc82aa8

[1 occurrence(s)]
DEBUG --> [REQ_ID=e6962e4341c4] [INIT] App\Controllers\AuthController::GET

[1 occurrence(s)]
DEBUG --> [REQ_ID=95b22ea668b4] [FILTER_AFTER]

[1 occurrence(s)]
DEBUG --> [REQ_ID=95b22ea668b4] [LIFECYCLE][END] status=200 duration_ms=41.84 memory_delta=0

[1 occurrence(s)]
DEBUG --> [REQ_ID=95b22ea668b4] [REQUEST][END]

[1 occurrence(s)]
DEBUG --> [REQ_ID=91bcd7a955bf] [REQUEST][START] GET /index.php/How-It-Works/MyMI-Gold

[1 occurrence(s)]
DEBUG --> [REQ_ID=91bcd7a955bf] [FILTER_BEFORE] /index.php/How-It-Works/MyMI-Gold

[1 occurrence(s)]
DEBUG --> [REQ_ID=91bcd7a955bf] [ROUTE] Controller=\App\Modules\Blog\Controllers\HowItWorksController Method=show

[1 occurrence(s)]
DEBUG --> [REQ_ID=91bcd7a955bf] [LIFECYCLE][START] GET https://www.mymiwallet.com/index.php/How-It-Works/MyMI-Gold

[1 occurrence(s)]
DEBUG --> [CSRF] token name=csrf_test_name hash=de773af16bdc6199cd9749dec080cdee

[1 occurrence(s)]
DEBUG --> [REQ_ID=11db03e76c19] [INIT] App\Modules\Blog\Controllers\HowItWorksController::GET

[1 occurrence(s)]
DEBUG --> [REQ_ID=11db03e76c19] [METHOD_ENTRY] show

[1 occurrence(s)]
DEBUG --> [REQ_ID=11db03e76c19] [VIEW_RENDER] App\Modules\Blog\Views\HowItWorks\MyMI_Gold

[1 occurrence(s)]
DEBUG --> [REQ_ID=91bcd7a955bf] [FILTER_AFTER]

[1 occurrence(s)]
DEBUG --> [REQ_ID=91bcd7a955bf] [LIFECYCLE][END] status=200 duration_ms=1,275.03 memory_delta=8388608

[1 occurrence(s)]
DEBUG --> [REQ_ID=91bcd7a955bf] [REQUEST][END]

[1 occurrence(s)]
DEBUG --> [REQ_ID=4f10458f1ac1] [REQUEST][START] GET /index.php/Projects

[1 occurrence(s)]
DEBUG --> [REQ_ID=4f10458f1ac1] [FILTER_BEFORE] /index.php/Projects

[1 occurrence(s)]
DEBUG --> [REQ_ID=4f10458f1ac1] [ROUTE] Controller=\App\Modules\User\Controllers\ProjectsController Method=index

[1 occurrence(s)]
DEBUG --> [REQ_ID=4f10458f1ac1] [LIFECYCLE][START] GET https://www.mymiwallet.com/index.php/Projects

[1 occurrence(s)]
DEBUG --> [CSRF] token name=csrf_test_name hash=b8c8254db69e67fe136db2de7b13a668

[1 occurrence(s)]
DEBUG --> [REQ_ID=4f10458f1ac1] [REQUEST][END]

[1 occurrence(s)]
DEBUG --> [REQ_ID=06808e60cbd6] [REQUEST][START] GET /index.php/login

[1 occurrence(s)]
DEBUG --> [REQ_ID=06808e60cbd6] [FILTER_BEFORE] /index.php/login

[1 occurrence(s)]
DEBUG --> [REQ_ID=06808e60cbd6] [ROUTE] Controller=\App\Controllers\AuthController Method=login

[1 occurrence(s)]
DEBUG --> [REQ_ID=06808e60cbd6] [LIFECYCLE][START] GET https://www.mymiwallet.com/index.php/login

[1 occurrence(s)]
DEBUG --> [CSRF] token name=csrf_test_name hash=f8b78e1031761726832d0609f5285ff5

[1 occurrence(s)]
DEBUG --> [REQ_ID=e91107c321d7] [INIT] App\Controllers\AuthController::GET

[1 occurrence(s)]
DEBUG --> [REQ_ID=06808e60cbd6] [FILTER_AFTER]

[1 occurrence(s)]
DEBUG --> [REQ_ID=06808e60cbd6] [LIFECYCLE][END] status=200 duration_ms=16.89 memory_delta=0

[1 occurrence(s)]
DEBUG --> [REQ_ID=06808e60cbd6] [REQUEST][END]

[1 occurrence(s)]
DEBUG --> [REQ_ID=72da0267e06c] [REQUEST][START] GET /index.php/API/Alerts/fetchEmailAlerts

[1 occurrence(s)]
DEBUG --> [REQ_ID=72da0267e06c] [FILTER_BEFORE] /index.php/API/Alerts/fetchEmailAlerts

[1 occurrence(s)]
DEBUG --> [REQ_ID=72da0267e06c] [ROUTE] Controller=\App\Modules\APIs\Controllers\AlertsAPIController Method=fetchEmailAlerts

[1 occurrence(s)]
DEBUG --> [REQ_ID=72da0267e06c] [LIFECYCLE][START] GET https://www.mymiwallet.com/index.php/API/Alerts/fetchEmailAlerts

[1 occurrence(s)]
DEBUG --> [REQ_ID=72da0267e06c] [REQUEST][END]

[1 occurrence(s)]
DEBUG --> [REQ_ID=5cb595a5297f] [REQUEST][START] GET /

[1 occurrence(s)]
DEBUG --> [REQ_ID=5cb595a5297f] [FILTER_BEFORE] /

[1 occurrence(s)]
DEBUG --> [REQ_ID=5cb595a5297f] [ROUTE] Controller=\App\Controllers\Home Method=index

[1 occurrence(s)]
DEBUG --> [REQ_ID=5cb595a5297f] [LIFECYCLE][START] GET https://www.mymiwallet.com/index.php/

[1 occurrence(s)]
DEBUG --> [CSRF] token name=csrf_test_name hash=285b2254447611bd40bee0b9c313c579

[1 occurrence(s)]
DEBUG --> [REQ_ID=f9cf7892c0f0] [INIT] App\Controllers\Home::GET

[1 occurrence(s)]
DEBUG --> [REQ_ID=f9cf7892c0f0] [VIEW_RENDER] themes/public/home

[1 occurrence(s)]
DEBUG --> [REQ_ID=5cb595a5297f] [FILTER_AFTER]

[1 occurrence(s)]
DEBUG --> [REQ_ID=5cb595a5297f] [LIFECYCLE][END] status=200 duration_ms=596.37 memory_delta=4194304

[1 occurrence(s)]
DEBUG --> [REQ_ID=5cb595a5297f] [REQUEST][END]

[1 occurrence(s)]
DEBUG --> [REQ_ID=38b7eebe4a84] [REQUEST][START] GET /index.php/Wallets/Purchase/Memberships

[1 occurrence(s)]
DEBUG --> [REQ_ID=38b7eebe4a84] [FILTER_BEFORE] /index.php/Wallets/Purchase/Memberships

[1 occurrence(s)]
DEBUG --> [REQ_ID=38b7eebe4a84] [ROUTE] Controller=\App\Modules\User\Controllers\WalletsController Method=purchase

[1 occurrence(s)]
DEBUG --> [REQ_ID=38b7eebe4a84] [LIFECYCLE][START] GET https://www.mymiwallet.com/index.php/Wallets/Purchase/Memberships

[1 occurrence(s)]
DEBUG --> [CSRF] token name=csrf_test_name hash=ddb108f2263c3a0e0d857f640004bb2f

[1 occurrence(s)]
DEBUG --> [REQ_ID=38b7eebe4a84] [REQUEST][END]

[1 occurrence(s)]
DEBUG --> [REQ_ID=303cd2247240] [REQUEST][START] GET /index.php/login

[1 occurrence(s)]
DEBUG --> [REQ_ID=303cd2247240] [FILTER_BEFORE] /index.php/login

[1 occurrence(s)]
DEBUG --> [REQ_ID=303cd2247240] [ROUTE] Controller=\App\Controllers\AuthController Method=login

[1 occurrence(s)]
DEBUG --> [REQ_ID=303cd2247240] [LIFECYCLE][START] GET https://www.mymiwallet.com/index.php/login

[1 occurrence(s)]
DEBUG --> [CSRF] token name=csrf_test_name hash=09c35d373d7a72a078f995e14066db11

[1 occurrence(s)]
DEBUG --> [REQ_ID=63d9dee57fa2] [INIT] App\Controllers\AuthController::GET

[1 occurrence(s)]
DEBUG --> [REQ_ID=303cd2247240] [FILTER_AFTER]

[1 occurrence(s)]
DEBUG --> [REQ_ID=303cd2247240] [LIFECYCLE][END] status=200 duration_ms=51.87 memory_delta=0

[1 occurrence(s)]
DEBUG --> [REQ_ID=303cd2247240] [REQUEST][END]

[1 occurrence(s)]
DEBUG --> [REQ_ID=ce581a93f780] [REQUEST][START] GET /

[1 occurrence(s)]
DEBUG --> [REQ_ID=ce581a93f780] [FILTER_BEFORE] /

[1 occurrence(s)]
DEBUG --> [REQ_ID=ce581a93f780] [ROUTE] Controller=\App\Controllers\Home Method=index

[1 occurrence(s)]
DEBUG --> [REQ_ID=ce581a93f780] [LIFECYCLE][START] GET https://www.mymiwallet.com/index.php/

[1 occurrence(s)]
DEBUG --> [CSRF] token name=csrf_test_name hash=b4bfb16182fe6719999d6ecdd01a365a

[1 occurrence(s)]
DEBUG --> [REQ_ID=7f30bc270048] [INIT] App\Controllers\Home::GET

[1 occurrence(s)]
DEBUG --> [REQ_ID=7f30bc270048] [VIEW_RENDER] themes/public/home

[1 occurrence(s)]
DEBUG --> [REQ_ID=ce581a93f780] [FILTER_AFTER]

[1 occurrence(s)]
DEBUG --> [REQ_ID=ce581a93f780] [LIFECYCLE][END] status=200 duration_ms=621.76 memory_delta=4194304

[1 occurrence(s)]
DEBUG --> [REQ_ID=ce581a93f780] [REQUEST][END]

[1 occurrence(s)]
DEBUG --> [REQ_ID=5130661bf946] [REQUEST][START] GET /index.php/Knowledgebase/Investor-Profile

[1 occurrence(s)]
DEBUG --> [REQ_ID=5130661bf946] [FILTER_BEFORE] /index.php/Knowledgebase/Investor-Profile

[1 occurrence(s)]
DEBUG --> [REQ_ID=5130661bf946] [ROUTE] Controller=\App\Modules\User\Controllers\KnowledgebaseController Method=investorProfile

[1 occurrence(s)]
DEBUG --> [REQ_ID=5130661bf946] [LIFECYCLE][START] GET https://www.mymiwallet.com/index.php/Knowledgebase/Investor-Profile

[1 occurrence(s)]
DEBUG --> [CSRF] token name=csrf_test_name hash=d2f8787b8dc4ec92b08e0210e38d3077

[1 occurrence(s)]
DEBUG --> [REQ_ID=5130661bf946] [REQUEST][END]

[1 occurrence(s)]
DEBUG --> [REQ_ID=f4d5bd3f447e] [REQUEST][START] GET /index.php/login

[1 occurrence(s)]
DEBUG --> [REQ_ID=f4d5bd3f447e] [FILTER_BEFORE] /index.php/login

[1 occurrence(s)]
DEBUG --> [REQ_ID=f4d5bd3f447e] [ROUTE] Controller=\App\Controllers\AuthController Method=login

[1 occurrence(s)]
DEBUG --> [REQ_ID=f4d5bd3f447e] [LIFECYCLE][START] GET https://www.mymiwallet.com/index.php/login

[1 occurrence(s)]
DEBUG --> [CSRF] token name=csrf_test_name hash=2fae04e27ace48447144f181c20b354e

[1 occurrence(s)]
DEBUG --> [REQ_ID=5282c54c8a05] [INIT] App\Controllers\AuthController::GET

[1 occurrence(s)]
DEBUG --> [REQ_ID=f4d5bd3f447e] [FILTER_AFTER]

[1 occurrence(s)]
DEBUG --> [REQ_ID=f4d5bd3f447e] [LIFECYCLE][END] status=200 duration_ms=152.49 memory_delta=0

[1 occurrence(s)]
DEBUG --> [REQ_ID=f4d5bd3f447e] [REQUEST][END]

[1 occurrence(s)]
DEBUG --> [REQ_ID=180a659a2dbd] [REQUEST][START] GET /index.php/Knowledgebase/Assets

[1 occurrence(s)]
DEBUG --> [REQ_ID=180a659a2dbd] [FILTER_BEFORE] /index.php/Knowledgebase/Assets

[1 occurrence(s)]
DEBUG --> [REQ_ID=180a659a2dbd] [ROUTE] Controller=\App\Modules\User\Controllers\KnowledgebaseController Method=assets

[1 occurrence(s)]
DEBUG --> [REQ_ID=180a659a2dbd] [LIFECYCLE][START] GET https://www.mymiwallet.com/index.php/Knowledgebase/Assets

[1 occurrence(s)]
DEBUG --> [CSRF] token name=csrf_test_name hash=7c1e6cace08147ac0908d049912f2307

[1 occurrence(s)]
DEBUG --> [REQ_ID=180a659a2dbd] [REQUEST][END]

[1 occurrence(s)]
DEBUG --> [REQ_ID=b911c6e34628] [REQUEST][START] GET /index.php/login

[1 occurrence(s)]
DEBUG --> [REQ_ID=b911c6e34628] [FILTER_BEFORE] /index.php/login

[1 occurrence(s)]
DEBUG --> [REQ_ID=b911c6e34628] [ROUTE] Controller=\App\Controllers\AuthController Method=login

[1 occurrence(s)]
DEBUG --> [REQ_ID=b911c6e34628] [LIFECYCLE][START] GET https://www.mymiwallet.com/index.php/login

[1 occurrence(s)]
DEBUG --> [CSRF] token name=csrf_test_name hash=63fa746da0c78b87b2d7d47a939d652f

[1 occurrence(s)]
DEBUG --> [REQ_ID=5d31c16a0b21] [INIT] App\Controllers\AuthController::GET

[1 occurrence(s)]
DEBUG --> [REQ_ID=b911c6e34628] [FILTER_AFTER]

[1 occurrence(s)]
DEBUG --> [REQ_ID=b911c6e34628] [LIFECYCLE][END] status=200 duration_ms=37.46 memory_delta=0

[1 occurrence(s)]
DEBUG --> [REQ_ID=b911c6e34628] [REQUEST][END]

[1 occurrence(s)]
DEBUG --> [REQ_ID=0ba72b4ae700] [REQUEST][START] GET /index.php/API/Management/Run-CRON-Tasks

[1 occurrence(s)]
DEBUG --> [REQ_ID=0ba72b4ae700] [FILTER_BEFORE] /index.php/API/Management/Run-CRON-Tasks

[1 occurrence(s)]
DEBUG --> [REQ_ID=0ba72b4ae700] [ROUTE] Controller=\App\Modules\Management\Controllers\ManagementAPIController Method=Run_CRON_Tasks

[1 occurrence(s)]
DEBUG --> [REQ_ID=0ba72b4ae700] [LIFECYCLE][START] GET https://www.mymiwallet.com/index.php/API/Management/Run-CRON-Tasks

[1 occurrence(s)]
DEBUG --> [REQ_ID=0ba72b4ae700] [REQUEST][END]

[1 occurrence(s)]
DEBUG --> [REQ_ID=f207a2ef73d3] [REQUEST][START] GET /index.php/API/Alerts/fetchEmailAlerts

[1 occurrence(s)]
DEBUG --> [REQ_ID=f207a2ef73d3] [FILTER_BEFORE] /index.php/API/Alerts/fetchEmailAlerts

[1 occurrence(s)]
DEBUG --> [REQ_ID=f207a2ef73d3] [ROUTE] Controller=\App\Modules\APIs\Controllers\AlertsAPIController Method=fetchEmailAlerts

[1 occurrence(s)]
DEBUG --> [REQ_ID=f207a2ef73d3] [LIFECYCLE][START] GET https://www.mymiwallet.com/index.php/API/Alerts/fetchEmailAlerts

[1 occurrence(s)]
DEBUG --> [REQ_ID=f207a2ef73d3] [REQUEST][END]

[1 occurrence(s)]
DEBUG --> [REQ_ID=0258b27c5b45] [REQUEST][START] GET /

[1 occurrence(s)]
DEBUG --> [REQ_ID=0258b27c5b45] [FILTER_BEFORE] /

[1 occurrence(s)]
DEBUG --> [REQ_ID=0258b27c5b45] [ROUTE] Controller=\App\Controllers\Home Method=index

[1 occurrence(s)]
DEBUG --> [REQ_ID=0258b27c5b45] [LIFECYCLE][START] GET https://www.mymiwallet.com/index.php/

[1 occurrence(s)]
DEBUG --> [CSRF] token name=csrf_test_name hash=e43ccab885edf7584539d36febf292a9

[1 occurrence(s)]
DEBUG --> [REQ_ID=aaa6b26952d1] [INIT] App\Controllers\Home::GET

[1 occurrence(s)]
DEBUG --> [REQ_ID=aaa6b26952d1] [VIEW_RENDER] themes/public/home

[1 occurrence(s)]
DEBUG --> [REQ_ID=0258b27c5b45] [FILTER_AFTER]

[1 occurrence(s)]
DEBUG --> [REQ_ID=0258b27c5b45] [LIFECYCLE][END] status=200 duration_ms=718.50 memory_delta=4194304

[1 occurrence(s)]
DEBUG --> [REQ_ID=0258b27c5b45] [REQUEST][END]

[1 occurrence(s)]
DEBUG --> [REQ_ID=d49e79915cc3] [REQUEST][START] GET /

[1 occurrence(s)]
DEBUG --> [REQ_ID=d49e79915cc3] [FILTER_BEFORE] /

[1 occurrence(s)]
DEBUG --> [REQ_ID=d49e79915cc3] [ROUTE] Controller=\App\Controllers\Home Method=index

[1 occurrence(s)]
DEBUG --> [REQ_ID=d49e79915cc3] [LIFECYCLE][START] GET https://www.mymiwallet.com/index.php/

[1 occurrence(s)]
DEBUG --> [CSRF] token name=csrf_test_name hash=2155fcb21ba206e95274a60d56e83786

[1 occurrence(s)]
DEBUG --> [REQ_ID=376c1d2673ce] [INIT] App\Controllers\Home::GET

[1 occurrence(s)]
DEBUG --> [REQ_ID=376c1d2673ce] [VIEW_RENDER] themes/public/home

[1 occurrence(s)]
DEBUG --> [REQ_ID=d49e79915cc3] [FILTER_AFTER]

[1 occurrence(s)]
DEBUG --> [REQ_ID=d49e79915cc3] [LIFECYCLE][END] status=200 duration_ms=728.23 memory_delta=4194304

[1 occurrence(s)]
DEBUG --> [REQ_ID=d49e79915cc3] [REQUEST][END]

[1 occurrence(s)]
DEBUG --> [REQ_ID=cc4eec4c45bd] [REQUEST][START] GET /index.php/Management/Users

[1 occurrence(s)]
DEBUG --> [REQ_ID=cc4eec4c45bd] [FILTER_BEFORE] /index.php/Management/Users

[1 occurrence(s)]
DEBUG --> [REQ_ID=cc4eec4c45bd] [ROUTE] Controller=\App\Modules\Management\Controllers\UsersController Method=index

[1 occurrence(s)]
DEBUG --> [REQ_ID=cc4eec4c45bd] [LIFECYCLE][START] GET https://www.mymiwallet.com/index.php/Management/Users

[1 occurrence(s)]
DEBUG --> [CSRF] token name=csrf_test_name hash=bb9fba432ff3199622f36eb1a20a2746

[1 occurrence(s)]
DEBUG --> [REQ_ID=cc4eec4c45bd] [REQUEST][END]

[1 occurrence(s)]
DEBUG --> [REQ_ID=15334f2ff00a] [REQUEST][START] GET /index.php/login

[1 occurrence(s)]
DEBUG --> [REQ_ID=15334f2ff00a] [FILTER_BEFORE] /index.php/login

[1 occurrence(s)]
DEBUG --> [REQ_ID=15334f2ff00a] [ROUTE] Controller=\App\Controllers\AuthController Method=login

[1 occurrence(s)]
DEBUG --> [REQ_ID=15334f2ff00a] [LIFECYCLE][START] GET https://www.mymiwallet.com/index.php/login

[1 occurrence(s)]
DEBUG --> [CSRF] token name=csrf_test_name hash=3da6600643504174f1422cb1983bc700

[1 occurrence(s)]
DEBUG --> [REQ_ID=59c87aad8159] [INIT] App\Controllers\AuthController::GET

[1 occurrence(s)]
DEBUG --> [REQ_ID=15334f2ff00a] [FILTER_AFTER]

[1 occurrence(s)]
DEBUG --> [REQ_ID=15334f2ff00a] [LIFECYCLE][END] status=200 duration_ms=172.94 memory_delta=0

[1 occurrence(s)]
DEBUG --> [REQ_ID=15334f2ff00a] [REQUEST][END]

[1 occurrence(s)]
DEBUG --> [REQ_ID=7133e6cf9267] [REQUEST][START] GET /index.php/API/Management/Run-CRON-Tasks

[1 occurrence(s)]
DEBUG --> [REQ_ID=7133e6cf9267] [FILTER_BEFORE] /index.php/API/Management/Run-CRON-Tasks

[1 occurrence(s)]
DEBUG --> [REQ_ID=7133e6cf9267] [ROUTE] Controller=\App\Modules\Management\Controllers\ManagementAPIController Method=Run_CRON_Tasks

[1 occurrence(s)]
DEBUG --> [REQ_ID=7133e6cf9267] [LIFECYCLE][START] GET https://www.mymiwallet.com/index.php/API/Management/Run-CRON-Tasks

[1 occurrence(s)]
DEBUG --> [REQ_ID=7133e6cf9267] [REQUEST][END]

[1 occurrence(s)]
DEBUG --> LOG_HEALTHCHECK debug marker=374d7a794180

[1 occurrence(s)]
DEBUG --> [REQ_ID=20ebfda4f2b4] [REQUEST][START] GET /index.php/Management/Wallets

[1 occurrence(s)]
DEBUG --> [REQ_ID=20ebfda4f2b4] [FILTER_BEFORE] /index.php/Management/Wallets

[1 occurrence(s)]
DEBUG --> [REQ_ID=20ebfda4f2b4] [ROUTE] Controller=\App\Modules\Management\Controllers\WalletsController Method=index

[1 occurrence(s)]
DEBUG --> [REQ_ID=20ebfda4f2b4] [LIFECYCLE][START] GET https://www.mymiwallet.com/index.php/Management/Wallets

[1 occurrence(s)]
DEBUG --> [CSRF] token name=csrf_test_name hash=d33e8e026ec9756d5a200533ae74a632

[1 occurrence(s)]
DEBUG --> [REQ_ID=20ebfda4f2b4] [REQUEST][END]

[1 occurrence(s)]
DEBUG --> [REQ_ID=7ff25037241c] [REQUEST][START] GET /index.php/login

[1 occurrence(s)]
DEBUG --> [REQ_ID=7ff25037241c] [FILTER_BEFORE] /index.php/login

[1 occurrence(s)]
DEBUG --> [REQ_ID=7ff25037241c] [ROUTE] Controller=\App\Controllers\AuthController Method=login

[1 occurrence(s)]
DEBUG --> [REQ_ID=7ff25037241c] [LIFECYCLE][START] GET https://www.mymiwallet.com/index.php/login

[1 occurrence(s)]
DEBUG --> [CSRF] token name=csrf_test_name hash=e2c8adda60c58932834e4948591cb03e

[1 occurrence(s)]
DEBUG --> [REQ_ID=7989ae83087e] [INIT] App\Controllers\AuthController::GET

[1 occurrence(s)]
DEBUG --> [REQ_ID=7ff25037241c] [FILTER_AFTER]

[1 occurrence(s)]
DEBUG --> [REQ_ID=7ff25037241c] [LIFECYCLE][END] status=200 duration_ms=99.98 memory_delta=0

[1 occurrence(s)]
DEBUG --> [REQ_ID=7ff25037241c] [REQUEST][END]

[1 occurrence(s)]
DEBUG --> [REQ_ID=a1fd427a33b5] [REQUEST][START] GET /index.php/Management/Admin

[1 occurrence(s)]
DEBUG --> [REQ_ID=a1fd427a33b5] [FILTER_BEFORE] /index.php/Management/Admin

[1 occurrence(s)]
DEBUG --> [REQ_ID=a1fd427a33b5] [ROUTE] Controller=\App\Modules\Management\Controllers\AdminController Method=index

[1 occurrence(s)]
DEBUG --> [REQ_ID=a1fd427a33b5] [LIFECYCLE][START] GET https://www.mymiwallet.com/index.php/Management/Admin

[1 occurrence(s)]
DEBUG --> [CSRF] token name=csrf_test_name hash=21ffa8fdbae4903cf7544668121bea39

[1 occurrence(s)]
DEBUG --> [REQ_ID=a1fd427a33b5] [REQUEST][END]

[1 occurrence(s)]
DEBUG --> [REQ_ID=3af01e99add8] [REQUEST][START] GET /index.php/login

[1 occurrence(s)]
DEBUG --> [REQ_ID=3af01e99add8] [FILTER_BEFORE] /index.php/login

[1 occurrence(s)]
DEBUG --> [REQ_ID=3af01e99add8] [ROUTE] Controller=\App\Controllers\AuthController Method=login

[1 occurrence(s)]
DEBUG --> [REQ_ID=3af01e99add8] [LIFECYCLE][START] GET https://www.mymiwallet.com/index.php/login

[1 occurrence(s)]
DEBUG --> [CSRF] token name=csrf_test_name hash=94e21f13488d8e451b5e6246310dff8c

[1 occurrence(s)]
DEBUG --> [REQ_ID=e41d18650e35] [INIT] App\Controllers\AuthController::GET

[1 occurrence(s)]
DEBUG --> [REQ_ID=3af01e99add8] [FILTER_AFTER]

[1 occurrence(s)]
DEBUG --> [REQ_ID=3af01e99add8] [LIFECYCLE][END] status=200 duration_ms=52.16 memory_delta=0

[1 occurrence(s)]
DEBUG --> [REQ_ID=3af01e99add8] [REQUEST][END]

[1 occurrence(s)]
DEBUG --> [REQ_ID=bc35cc470725] [REQUEST][START] GET /

[1 occurrence(s)]
DEBUG --> [REQ_ID=bc35cc470725] [FILTER_BEFORE] /

[1 occurrence(s)]
DEBUG --> [REQ_ID=bc35cc470725] [ROUTE] Controller=\App\Controllers\Home Method=index

[1 occurrence(s)]
DEBUG --> [REQ_ID=bc35cc470725] [LIFECYCLE][START] GET https://www.mymiwallet.com/index.php/

[1 occurrence(s)]
DEBUG --> [CSRF] token name=csrf_test_name hash=43481b20fadd35437eada5261c271533

[1 occurrence(s)]
DEBUG --> [REQ_ID=def5ddd0091e] [INIT] App\Controllers\Home::GET

[1 occurrence(s)]
DEBUG --> [REQ_ID=def5ddd0091e] [VIEW_RENDER] themes/public/home

[1 occurrence(s)]
DEBUG --> [REQ_ID=bc35cc470725] [FILTER_AFTER]

[1 occurrence(s)]
DEBUG --> [REQ_ID=bc35cc470725] [LIFECYCLE][END] status=200 duration_ms=764.14 memory_delta=4194304

[1 occurrence(s)]
DEBUG --> [REQ_ID=bc35cc470725] [REQUEST][END]

[1 occurrence(s)]
DEBUG --> [REQ_ID=8396f50365a5] [REQUEST][START] GET /index.php/API/Alerts/fetchEmailAlerts

[1 occurrence(s)]
DEBUG --> [REQ_ID=8396f50365a5] [FILTER_BEFORE] /index.php/API/Alerts/fetchEmailAlerts

[1 occurrence(s)]
DEBUG --> [REQ_ID=8396f50365a5] [ROUTE] Controller=\App\Modules\APIs\Controllers\AlertsAPIController Method=fetchEmailAlerts

[1 occurrence(s)]
DEBUG --> [REQ_ID=8396f50365a5] [LIFECYCLE][START] GET https://www.mymiwallet.com/index.php/API/Alerts/fetchEmailAlerts

[1 occurrence(s)]
DEBUG --> [REQ_ID=8396f50365a5] [REQUEST][END]

[1 occurrence(s)]
DEBUG --> [REQ_ID=a8c8b401-8b77-4288-9ff5-f8417c21a71e] [REQUEST][START] GET /index.php/login

[1 occurrence(s)]
DEBUG --> [REQ_ID=a8c8b401-8b77-4288-9ff5-f8417c21a71e] [FILTER_BEFORE] /index.php/login

[1 occurrence(s)]
DEBUG --> [REQ_ID=a8c8b401-8b77-4288-9ff5-f8417c21a71e] [ROUTE] Controller=\App\Controllers\AuthController Method=login

[1 occurrence(s)]
DEBUG --> [REQ_ID=a8c8b401-8b77-4288-9ff5-f8417c21a71e] [LIFECYCLE][START] GET https://www.mymiwallet.com/index.php/login

[1 occurrence(s)]
DEBUG --> [CSRF] token name=csrf_test_name hash=fe871b1aeeef3020a513fad9ea4f2960

[1 occurrence(s)]
DEBUG --> [REQ_ID=118f6e527c6e] [INIT] App\Controllers\AuthController::GET

[1 occurrence(s)]
DEBUG --> [REQ_ID=a8c8b401-8b77-4288-9ff5-f8417c21a71e] [FILTER_AFTER]

[1 occurrence(s)]
DEBUG --> [REQ_ID=a8c8b401-8b77-4288-9ff5-f8417c21a71e] [LIFECYCLE][END] status=200 duration_ms=58.91 memory_delta=0

[1 occurrence(s)]
DEBUG --> [REQ_ID=a8c8b401-8b77-4288-9ff5-f8417c21a71e] [REQUEST][END]

[1 occurrence(s)]
DEBUG --> [REQ_ID=2954e6f98deb] [REQUEST][START] GET /index.php/Management/Marketing/Campaigns

[1 occurrence(s)]
DEBUG --> [REQ_ID=2954e6f98deb] [FILTER_BEFORE] /index.php/Management/Marketing/Campaigns

[1 occurrence(s)]
DEBUG --> [REQ_ID=2954e6f98deb] [ROUTE] Controller=\App\Modules\Management\Controllers\MarketingAdminController Method=campaigns

[1 occurrence(s)]
DEBUG --> [REQ_ID=2954e6f98deb] [LIFECYCLE][START] GET https://www.mymiwallet.com/index.php/Management/Marketing/Campaigns

[1 occurrence(s)]
DEBUG --> [CSRF] token name=csrf_test_name hash=d631f2bffaeb9a3e14a339d8f557c033

[1 occurrence(s)]
DEBUG --> [REQ_ID=2954e6f98deb] [REQUEST][END]

[1 occurrence(s)]
DEBUG --> [REQ_ID=be5deb756c87] [REQUEST][START] GET /index.php/login

[1 occurrence(s)]
DEBUG --> [REQ_ID=be5deb756c87] [FILTER_BEFORE] /index.php/login

[1 occurrence(s)]
DEBUG --> [REQ_ID=be5deb756c87] [ROUTE] Controller=\App\Controllers\AuthController Method=login

[1 occurrence(s)]
DEBUG --> [REQ_ID=be5deb756c87] [LIFECYCLE][START] GET https://www.mymiwallet.com/index.php/login

[1 occurrence(s)]
DEBUG --> [CSRF] token name=csrf_test_name hash=181c26df121e1741bbedb9db5d7b5eb4

[1 occurrence(s)]
DEBUG --> [REQ_ID=20c9e8c85dcd] [INIT] App\Controllers\AuthController::GET

[1 occurrence(s)]
DEBUG --> [REQ_ID=be5deb756c87] [FILTER_AFTER]

[1 occurrence(s)]
DEBUG --> [REQ_ID=be5deb756c87] [LIFECYCLE][END] status=200 duration_ms=157.64 memory_delta=0

[1 occurrence(s)]
DEBUG --> [REQ_ID=be5deb756c87] [REQUEST][END]

[1 occurrence(s)]
DEBUG --> [REQ_ID=8c68406dd3a8] [REQUEST][START] GET /index.php/Account

[1 occurrence(s)]
DEBUG --> [REQ_ID=8c68406dd3a8] [FILTER_BEFORE] /index.php/Account

[1 occurrence(s)]
DEBUG --> [REQ_ID=8c68406dd3a8] [ROUTE] Controller=\App\Modules\User\Controllers\DashboardController Method=account

[1 occurrence(s)]
DEBUG --> [REQ_ID=8c68406dd3a8] [LIFECYCLE][START] GET https://www.mymiwallet.com/index.php/Account

[1 occurrence(s)]
DEBUG --> [CSRF] token name=csrf_test_name hash=a792a11430a758384555bb765b84bf50

[1 occurrence(s)]
DEBUG --> [REQ_ID=8c68406dd3a8] [REQUEST][END]

[1 occurrence(s)]
DEBUG --> [REQ_ID=a1db12ebc6d9] [REQUEST][START] GET /index.php/login

[1 occurrence(s)]
DEBUG --> [REQ_ID=a1db12ebc6d9] [FILTER_BEFORE] /index.php/login

[1 occurrence(s)]
DEBUG --> [REQ_ID=a1db12ebc6d9] [ROUTE] Controller=\App\Controllers\AuthController Method=login

[1 occurrence(s)]
DEBUG --> [REQ_ID=a1db12ebc6d9] [LIFECYCLE][START] GET https://www.mymiwallet.com/index.php/login

[1 occurrence(s)]
DEBUG --> [CSRF] token name=csrf_test_name hash=6ac1700cab906d3457eb8e8257e6c88d

[1 occurrence(s)]
DEBUG --> [REQ_ID=8e4b6acd851d] [INIT] App\Controllers\AuthController::GET

[1 occurrence(s)]
DEBUG --> [REQ_ID=a1db12ebc6d9] [FILTER_AFTER]

[1 occurrence(s)]
DEBUG --> [REQ_ID=a1db12ebc6d9] [LIFECYCLE][END] status=200 duration_ms=130.51 memory_delta=0

[1 occurrence(s)]
DEBUG --> [REQ_ID=a1db12ebc6d9] [REQUEST][END]

[1 occurrence(s)]
DEBUG --> [REQ_ID=a26b27bfdac0] [REQUEST][START] GET /index.php/API/Management/Run-CRON-Tasks

[1 occurrence(s)]
DEBUG --> [REQ_ID=a26b27bfdac0] [FILTER_BEFORE] /index.php/API/Management/Run-CRON-Tasks

[1 occurrence(s)]
DEBUG --> [REQ_ID=a26b27bfdac0] [ROUTE] Controller=\App\Modules\Management\Controllers\ManagementAPIController Method=Run_CRON_Tasks

[1 occurrence(s)]
DEBUG --> [REQ_ID=a26b27bfdac0] [LIFECYCLE][START] GET https://www.mymiwallet.com/index.php/API/Management/Run-CRON-Tasks

[1 occurrence(s)]
DEBUG --> [REQ_ID=a26b27bfdac0] [REQUEST][END]

[1 occurrence(s)]
DEBUG --> [REQ_ID=feb9b7a4d7fa] [REQUEST][START] GET /

[1 occurrence(s)]
DEBUG --> [REQ_ID=feb9b7a4d7fa] [FILTER_BEFORE] /

[1 occurrence(s)]
DEBUG --> [REQ_ID=feb9b7a4d7fa] [ROUTE] Controller=\App\Controllers\Home Method=index

[1 occurrence(s)]
DEBUG --> [REQ_ID=feb9b7a4d7fa] [LIFECYCLE][START] GET https://www.mymiwallet.com/index.php/

[1 occurrence(s)]
DEBUG --> [CSRF] token name=csrf_test_name hash=7cb7d2fcc7f8bbb1017e4321f4e7b850

[1 occurrence(s)]
DEBUG --> [REQ_ID=9f8979aabbed] [INIT] App\Controllers\Home::GET

[1 occurrence(s)]
DEBUG --> [REQ_ID=9f8979aabbed] [VIEW_RENDER] themes/public/home

[1 occurrence(s)]
DEBUG --> [REQ_ID=feb9b7a4d7fa] [FILTER_AFTER]

[1 occurrence(s)]
DEBUG --> [REQ_ID=feb9b7a4d7fa] [LIFECYCLE][END] status=200 duration_ms=825.49 memory_delta=4194304

[1 occurrence(s)]
DEBUG --> [REQ_ID=feb9b7a4d7fa] [REQUEST][END]

[1 occurrence(s)]
DEBUG --> [REQ_ID=c2fa6351d592] [REQUEST][START] GET /index.php/API/Alerts/fetchEmailAlerts

[1 occurrence(s)]
DEBUG --> [REQ_ID=c2fa6351d592] [FILTER_BEFORE] /index.php/API/Alerts/fetchEmailAlerts

[1 occurrence(s)]
DEBUG --> [REQ_ID=c2fa6351d592] [ROUTE] Controller=\App\Modules\APIs\Controllers\AlertsAPIController Method=fetchEmailAlerts

[1 occurrence(s)]
DEBUG --> [REQ_ID=c2fa6351d592] [LIFECYCLE][START] GET https://www.mymiwallet.com/index.php/API/Alerts/fetchEmailAlerts

[1 occurrence(s)]
DEBUG --> [REQ_ID=c2fa6351d592] [REQUEST][END]

[1 occurrence(s)]
DEBUG --> [REQ_ID=a47bdf203d57] [REQUEST][START] GET /index.php/API/Management/Run-CRON-Tasks

[1 occurrence(s)]
DEBUG --> [REQ_ID=a47bdf203d57] [FILTER_BEFORE] /index.php/API/Management/Run-CRON-Tasks

[1 occurrence(s)]
DEBUG --> [REQ_ID=a47bdf203d57] [ROUTE] Controller=\App\Modules\Management\Controllers\ManagementAPIController Method=Run_CRON_Tasks

[1 occurrence(s)]
DEBUG --> [REQ_ID=a47bdf203d57] [LIFECYCLE][START] GET https://www.mymiwallet.com/index.php/API/Management/Run-CRON-Tasks

[1 occurrence(s)]
DEBUG --> [REQ_ID=a47bdf203d57] [REQUEST][END]

[1 occurrence(s)]
DEBUG --> LOG_HEALTHCHECK debug marker=11efd1f241e9

[1 occurrence(s)]
DEBUG --> [REQ_ID=a375ebebb18b] [REQUEST][START] GET /index.php/API/Alerts/fetchEmailAlerts

[1 occurrence(s)]
DEBUG --> [REQ_ID=a375ebebb18b] [FILTER_BEFORE] /index.php/API/Alerts/fetchEmailAlerts

[1 occurrence(s)]
DEBUG --> [REQ_ID=a375ebebb18b] [ROUTE] Controller=\App\Modules\APIs\Controllers\AlertsAPIController Method=fetchEmailAlerts

[1 occurrence(s)]
DEBUG --> [REQ_ID=a375ebebb18b] [LIFECYCLE][START] GET https://www.mymiwallet.com/index.php/API/Alerts/fetchEmailAlerts

[1 occurrence(s)]
DEBUG --> [REQ_ID=a375ebebb18b] [REQUEST][END]

[1 occurrence(s)]
DEBUG --> [REQ_ID=e806516a9a53] [REQUEST][START] GET /index.php/Customer-Support

[1 occurrence(s)]
DEBUG --> [REQ_ID=e806516a9a53] [FILTER_BEFORE] /index.php/Customer-Support

[1 occurrence(s)]
DEBUG --> [REQ_ID=e806516a9a53] [ROUTE] Controller=\App\Controllers\App\Modules\Support\Controllers\SupportController Method=index

[1 occurrence(s)]
DEBUG --> [REQ_ID=e806516a9a53] [LIFECYCLE][START] GET https://www.mymiwallet.com/index.php/Customer-Support

[1 occurrence(s)]
DEBUG --> [CSRF] token name=csrf_test_name hash=a60df7e2c83fd6bda11a91a6f4158e20

[1 occurrence(s)]
DEBUG --> [REQ_ID=e806516a9a53] [REQUEST][END]

[1 occurrence(s)]
DEBUG --> [REQ_ID=88ed6781d943] [REQUEST][START] GET /index.php/login

[1 occurrence(s)]
DEBUG --> [REQ_ID=88ed6781d943] [FILTER_BEFORE] /index.php/login

[1 occurrence(s)]
DEBUG --> [REQ_ID=88ed6781d943] [ROUTE] Controller=\App\Controllers\AuthController Method=login

[1 occurrence(s)]
DEBUG --> [REQ_ID=88ed6781d943] [LIFECYCLE][START] GET https://www.mymiwallet.com/index.php/login

[1 occurrence(s)]
DEBUG --> [CSRF] token name=csrf_test_name hash=7ab628e5e123a050b547696cbcbd2f36

[1 occurrence(s)]
DEBUG --> [REQ_ID=0f7264420cd5] [INIT] App\Controllers\AuthController::GET

[1 occurrence(s)]
DEBUG --> [REQ_ID=88ed6781d943] [FILTER_AFTER]

[1 occurrence(s)]
DEBUG --> [REQ_ID=88ed6781d943] [LIFECYCLE][END] status=200 duration_ms=52.43 memory_delta=0

[1 occurrence(s)]
DEBUG --> [REQ_ID=88ed6781d943] [REQUEST][END]

[1 occurrence(s)]
DEBUG --> [REQ_ID=43e6efe11dc6] [REQUEST][START] GET /

[1 occurrence(s)]
DEBUG --> [REQ_ID=43e6efe11dc6] [FILTER_BEFORE] /

[1 occurrence(s)]
DEBUG --> [REQ_ID=43e6efe11dc6] [ROUTE] Controller=\App\Controllers\Home Method=index

[1 occurrence(s)]
DEBUG --> [REQ_ID=43e6efe11dc6] [LIFECYCLE][START] GET https://www.mymiwallet.com/index.php/

[1 occurrence(s)]
DEBUG --> [CSRF] token name=csrf_test_name hash=ec530e528f18117602b462732c02856e

[1 occurrence(s)]
DEBUG --> [REQ_ID=1057f8ecc2ef] [INIT] App\Controllers\Home::GET

[1 occurrence(s)]
DEBUG --> [REQ_ID=1057f8ecc2ef] [VIEW_RENDER] themes/public/home

[1 occurrence(s)]
DEBUG --> [REQ_ID=43e6efe11dc6] [FILTER_AFTER]

[1 occurrence(s)]
DEBUG --> [REQ_ID=43e6efe11dc6] [LIFECYCLE][END] status=200 duration_ms=722.11 memory_delta=4194304

[1 occurrence(s)]
DEBUG --> [REQ_ID=43e6efe11dc6] [REQUEST][END]

[1 occurrence(s)]
DEBUG --> [REQ_ID=223f9367e271] [REQUEST][START] GET /index.php/Legal/Terms-And-Conditions

[1 occurrence(s)]
DEBUG --> [REQ_ID=223f9367e271] [FILTER_BEFORE] /index.php/Legal/Terms-And-Conditions

[1 occurrence(s)]
DEBUG --> [REQ_ID=223f9367e271] [ROUTE] Controller=\App\Controllers\Home Method=terms

[1 occurrence(s)]
DEBUG --> [REQ_ID=223f9367e271] [LIFECYCLE][START] GET https://www.mymiwallet.com/index.php/Legal/Terms-And-Conditions

[1 occurrence(s)]
DEBUG --> [CSRF] token name=csrf_test_name hash=b2de10381912014a8530a5c231629c9e

[1 occurrence(s)]
DEBUG --> [REQ_ID=223f9367e271] [REQUEST][END]

[1 occurrence(s)]
DEBUG --> [REQ_ID=056b47706951] [REQUEST][START] GET /index.php/login

[1 occurrence(s)]
DEBUG --> [REQ_ID=056b47706951] [FILTER_BEFORE] /index.php/login

[1 occurrence(s)]
DEBUG --> [REQ_ID=056b47706951] [ROUTE] Controller=\App\Controllers\AuthController Method=login

[1 occurrence(s)]
DEBUG --> [REQ_ID=056b47706951] [LIFECYCLE][START] GET https://www.mymiwallet.com/index.php/login

[1 occurrence(s)]
DEBUG --> [CSRF] token name=csrf_test_name hash=833ce6ba4345401a8138b070a1dbeeb8

[1 occurrence(s)]
DEBUG --> [REQ_ID=c971b6defadd] [INIT] App\Controllers\AuthController::GET

[1 occurrence(s)]
DEBUG --> [REQ_ID=056b47706951] [FILTER_AFTER]

[1 occurrence(s)]
DEBUG --> [REQ_ID=056b47706951] [LIFECYCLE][END] status=200 duration_ms=50.40 memory_delta=0

[1 occurrence(s)]
DEBUG --> [REQ_ID=056b47706951] [REQUEST][END]

[1 occurrence(s)]
DEBUG --> [REQ_ID=2e6beb81fa33] [REQUEST][START] GET /index.php/Account/Activity

[1 occurrence(s)]
DEBUG --> [REQ_ID=2e6beb81fa33] [FILTER_BEFORE] /index.php/Account/Activity

[1 occurrence(s)]
DEBUG --> [REQ_ID=2e6beb81fa33] [ROUTE] Controller=\App\Modules\User\Controllers\DashboardController Method=activity

[1 occurrence(s)]
DEBUG --> [REQ_ID=2e6beb81fa33] [LIFECYCLE][START] GET https://www.mymiwallet.com/index.php/Account/Activity

[1 occurrence(s)]
DEBUG --> [CSRF] token name=csrf_test_name hash=f83fe589bebf9ea5a992a3a3eac450ba

[1 occurrence(s)]
DEBUG --> [REQ_ID=2e6beb81fa33] [REQUEST][END]

[1 occurrence(s)]
DEBUG --> [REQ_ID=732daa6b6252] [REQUEST][START] GET /index.php/login

[1 occurrence(s)]
DEBUG --> [REQ_ID=732daa6b6252] [FILTER_BEFORE] /index.php/login

[1 occurrence(s)]
DEBUG --> [REQ_ID=732daa6b6252] [ROUTE] Controller=\App\Controllers\AuthController Method=login

[1 occurrence(s)]
DEBUG --> [REQ_ID=732daa6b6252] [LIFECYCLE][START] GET https://www.mymiwallet.com/index.php/login

[1 occurrence(s)]
DEBUG --> [CSRF] token name=csrf_test_name hash=717b148f614f3d9f921aedcb1f46d167

[1 occurrence(s)]
DEBUG --> [REQ_ID=12cafe9aa4c4] [INIT] App\Controllers\AuthController::GET

[1 occurrence(s)]
DEBUG --> [REQ_ID=732daa6b6252] [FILTER_AFTER]

[1 occurrence(s)]
DEBUG --> [REQ_ID=732daa6b6252] [LIFECYCLE][END] status=200 duration_ms=42.42 memory_delta=0

[1 occurrence(s)]
DEBUG --> [REQ_ID=732daa6b6252] [REQUEST][END]

[1 occurrence(s)]
DEBUG --> [REQ_ID=3ce1291febe0] [REQUEST][START] GET /index.php/Features/Advanced-Investment-Portfoio-Manager

[1 occurrence(s)]
DEBUG --> [REQ_ID=7109e58a92a8] [REQUEST][START] GET /index.php/My-Referrals

[1 occurrence(s)]
DEBUG --> [REQ_ID=7109e58a92a8] [FILTER_BEFORE] /index.php/My-Referrals

[1 occurrence(s)]
DEBUG --> [REQ_ID=7109e58a92a8] [ROUTE] Controller=\App\Modules\User\Controllers\ReferralController Method=index

[1 occurrence(s)]
DEBUG --> [REQ_ID=7109e58a92a8] [LIFECYCLE][START] GET https://www.mymiwallet.com/index.php/My-Referrals

[1 occurrence(s)]
DEBUG --> [CSRF] token name=csrf_test_name hash=22b8bb5d229c3646363fba507b601a7a

[1 occurrence(s)]
DEBUG --> [REQ_ID=7109e58a92a8] [REQUEST][END]

[1 occurrence(s)]
DEBUG --> [REQ_ID=e10e520c6300] [REQUEST][START] GET /index.php/login

[1 occurrence(s)]
DEBUG --> [REQ_ID=e10e520c6300] [FILTER_BEFORE] /index.php/login

[1 occurrence(s)]
DEBUG --> [REQ_ID=e10e520c6300] [ROUTE] Controller=\App\Controllers\AuthController Method=login

[1 occurrence(s)]
DEBUG --> [REQ_ID=e10e520c6300] [LIFECYCLE][START] GET https://www.mymiwallet.com/index.php/login

[1 occurrence(s)]
DEBUG --> [CSRF] token name=csrf_test_name hash=e68324c8e34e60aa94b3923524e47bb6

[1 occurrence(s)]
DEBUG --> [REQ_ID=ab5a925139d8] [INIT] App\Controllers\AuthController::GET

[1 occurrence(s)]
DEBUG --> [REQ_ID=e10e520c6300] [FILTER_AFTER]

[1 occurrence(s)]
DEBUG --> [REQ_ID=e10e520c6300] [LIFECYCLE][END] status=200 duration_ms=45.24 memory_delta=0

[1 occurrence(s)]
DEBUG --> [REQ_ID=e10e520c6300] [REQUEST][END]

[1 occurrence(s)]
DEBUG --> [REQ_ID=e53d461a3836] [REQUEST][START] GET /index.php/API/Management/Run-CRON-Tasks

[1 occurrence(s)]
DEBUG --> [REQ_ID=e53d461a3836] [FILTER_BEFORE] /index.php/API/Management/Run-CRON-Tasks

[1 occurrence(s)]
DEBUG --> [REQ_ID=e53d461a3836] [ROUTE] Controller=\App\Modules\Management\Controllers\ManagementAPIController Method=Run_CRON_Tasks

[1 occurrence(s)]
DEBUG --> [REQ_ID=e53d461a3836] [LIFECYCLE][START] GET https://www.mymiwallet.com/index.php/API/Management/Run-CRON-Tasks

[1 occurrence(s)]
DEBUG --> [REQ_ID=e53d461a3836] [REQUEST][END]

[1 occurrence(s)]
DEBUG --> [REQ_ID=9183cc41bd77] [REQUEST][START] GET /index.php/Terms-Of-Service

[1 occurrence(s)]
DEBUG --> [REQ_ID=9183cc41bd77] [FILTER_BEFORE] /index.php/Terms-Of-Service

[1 occurrence(s)]
DEBUG --> [REQ_ID=9183cc41bd77] [ROUTE] Controller=\App\Controllers\Home Method=termsOfService

[1 occurrence(s)]
DEBUG --> [REQ_ID=9183cc41bd77] [LIFECYCLE][START] GET https://www.mymiwallet.com/index.php/Terms-Of-Service

[1 occurrence(s)]
DEBUG --> [CSRF] token name=csrf_test_name hash=d8db322878f7978a0eb10034bd296e0a

[1 occurrence(s)]
DEBUG --> [REQ_ID=675205499b20] [INIT] App\Controllers\Home::GET

[1 occurrence(s)]
DEBUG --> [MetaService] slug=terms-of-service pageName= cacheHit= path=DB

[1 occurrence(s)]
DEBUG --> [REQ_ID=675205499b20] [VIEW_RENDER] themes/public/termsOfService

[1 occurrence(s)]
DEBUG --> [MetaService] slug=terms-of-service pageName=Terms of Service cacheHit= path=DB

[1 occurrence(s)]
DEBUG --> [REQ_ID=9183cc41bd77] [FILTER_AFTER]

[1 occurrence(s)]
DEBUG --> [REQ_ID=9183cc41bd77] [LIFECYCLE][END] status=200 duration_ms=687.96 memory_delta=4194304

[1 occurrence(s)]
DEBUG --> [REQ_ID=9183cc41bd77] [REQUEST][END]

[1 occurrence(s)]
DEBUG --> [REQ_ID=61bc50ba0be0] [REQUEST][START] GET /

[1 occurrence(s)]
DEBUG --> [REQ_ID=61bc50ba0be0] [FILTER_BEFORE] /

[1 occurrence(s)]
DEBUG --> [REQ_ID=61bc50ba0be0] [ROUTE] Controller=\App\Controllers\Home Method=index

[1 occurrence(s)]
DEBUG --> [REQ_ID=61bc50ba0be0] [LIFECYCLE][START] GET https://www.mymiwallet.com/index.php/

[1 occurrence(s)]
DEBUG --> [CSRF] token name=csrf_test_name hash=d27b5b293a56b44d9effcdc91a2327ea

[1 occurrence(s)]
DEBUG --> [REQ_ID=57e1468932d5] [INIT] App\Controllers\Home::GET

[1 occurrence(s)]
DEBUG --> [REQ_ID=57e1468932d5] [VIEW_RENDER] themes/public/home

[1 occurrence(s)]
DEBUG --> [REQ_ID=61bc50ba0be0] [FILTER_AFTER]

[1 occurrence(s)]
DEBUG --> [REQ_ID=61bc50ba0be0] [LIFECYCLE][END] status=200 duration_ms=579.20 memory_delta=4194304

[1 occurrence(s)]
DEBUG --> [REQ_ID=61bc50ba0be0] [REQUEST][END]

[1 occurrence(s)]
DEBUG --> [REQ_ID=753e8344891b] [REQUEST][START] GET /index.php/Management/Services

[1 occurrence(s)]
DEBUG --> [REQ_ID=753e8344891b] [FILTER_BEFORE] /index.php/Management/Services

[1 occurrence(s)]
DEBUG --> [REQ_ID=753e8344891b] [ROUTE] Controller=\App\Modules\Management\Controllers\ServicesController Method=index

[1 occurrence(s)]
DEBUG --> [REQ_ID=753e8344891b] [LIFECYCLE][START] GET https://www.mymiwallet.com/index.php/Management/Services

[1 occurrence(s)]
DEBUG --> [CSRF] token name=csrf_test_name hash=a03d92154f56db55e41bd85a5ac85d83

[1 occurrence(s)]
DEBUG --> [REQ_ID=753e8344891b] [REQUEST][END]

[1 occurrence(s)]
DEBUG --> [REQ_ID=d7bf7e644d4d] [REQUEST][START] GET /index.php/login

[1 occurrence(s)]
DEBUG --> [REQ_ID=d7bf7e644d4d] [FILTER_BEFORE] /index.php/login

[1 occurrence(s)]
DEBUG --> [REQ_ID=d7bf7e644d4d] [ROUTE] Controller=\App\Controllers\AuthController Method=login

[1 occurrence(s)]
DEBUG --> [REQ_ID=d7bf7e644d4d] [LIFECYCLE][START] GET https://www.mymiwallet.com/index.php/login

[1 occurrence(s)]
DEBUG --> [CSRF] token name=csrf_test_name hash=373ce09b406c77f22367e7d288e2cf3f

[1 occurrence(s)]
DEBUG --> [REQ_ID=19fa9feb4ee2] [INIT] App\Controllers\AuthController::GET

[1 occurrence(s)]
DEBUG --> [REQ_ID=d7bf7e644d4d] [FILTER_AFTER]

[1 occurrence(s)]
DEBUG --> [REQ_ID=d7bf7e644d4d] [LIFECYCLE][END] status=200 duration_ms=154.79 memory_delta=0

[1 occurrence(s)]
DEBUG --> [REQ_ID=d7bf7e644d4d] [REQUEST][END]

[1 occurrence(s)]
DEBUG --> [REQ_ID=b178bd722a9b] [REQUEST][START] GET /index.php/API/Alerts/fetchEmailAlerts

[1 occurrence(s)]
DEBUG --> [REQ_ID=b178bd722a9b] [FILTER_BEFORE] /index.php/API/Alerts/fetchEmailAlerts

[1 occurrence(s)]
DEBUG --> [REQ_ID=b178bd722a9b] [ROUTE] Controller=\App\Modules\APIs\Controllers\AlertsAPIController Method=fetchEmailAlerts

[1 occurrence(s)]
DEBUG --> [REQ_ID=b178bd722a9b] [LIFECYCLE][START] GET https://www.mymiwallet.com/index.php/API/Alerts/fetchEmailAlerts

[1 occurrence(s)]
DEBUG --> [REQ_ID=b178bd722a9b] [REQUEST][END]

[1 occurrence(s)]
DEBUG --> [REQ_ID=f0c599f24538] [REQUEST][START] GET /index.php/Trade-Tracker

[1 occurrence(s)]
DEBUG --> [REQ_ID=f0c599f24538] [FILTER_BEFORE] /index.php/Trade-Tracker

[1 occurrence(s)]
DEBUG --> [REQ_ID=f0c599f24538] [ROUTE] Controller=\App\Modules\User\Controllers\InvestmentsController Method=tradeTracker

[1 occurrence(s)]
DEBUG --> [REQ_ID=f0c599f24538] [LIFECYCLE][START] GET https://www.mymiwallet.com/index.php/Trade-Tracker

[1 occurrence(s)]
DEBUG --> [CSRF] token name=csrf_test_name hash=4b329623abe30655bd71e3eb174719ea

[1 occurrence(s)]
DEBUG --> [REQ_ID=f0c599f24538] [REQUEST][END]

[1 occurrence(s)]
DEBUG --> [REQ_ID=013e2ab025e8] [REQUEST][START] GET /index.php/login

[1 occurrence(s)]
DEBUG --> [REQ_ID=013e2ab025e8] [FILTER_BEFORE] /index.php/login

[1 occurrence(s)]
DEBUG --> [REQ_ID=013e2ab025e8] [ROUTE] Controller=\App\Controllers\AuthController Method=login

[1 occurrence(s)]
DEBUG --> [REQ_ID=013e2ab025e8] [LIFECYCLE][START] GET https://www.mymiwallet.com/index.php/login

[1 occurrence(s)]
DEBUG --> [CSRF] token name=csrf_test_name hash=86f044a9eb015cfc020ee000f8e05631

[1 occurrence(s)]
DEBUG --> [REQ_ID=1697c6680d16] [INIT] App\Controllers\AuthController::GET

[1 occurrence(s)]
DEBUG --> [REQ_ID=013e2ab025e8] [FILTER_AFTER]

[1 occurrence(s)]
DEBUG --> [REQ_ID=013e2ab025e8] [LIFECYCLE][END] status=200 duration_ms=49.58 memory_delta=0

[1 occurrence(s)]
DEBUG --> [REQ_ID=013e2ab025e8] [REQUEST][END]

[1 occurrence(s)]
DEBUG --> [REQ_ID=037d8e3e327a] [REQUEST][START] GET /

[1 occurrence(s)]
DEBUG --> [REQ_ID=037d8e3e327a] [FILTER_BEFORE] /

[1 occurrence(s)]
DEBUG --> [REQ_ID=037d8e3e327a] [ROUTE] Controller=\App\Controllers\Home Method=index

[1 occurrence(s)]
DEBUG --> [REQ_ID=037d8e3e327a] [LIFECYCLE][START] GET https://www.mymiwallet.com/index.php/

[1 occurrence(s)]
DEBUG --> [CSRF] token name=csrf_test_name hash=6cedb7d7acaa6eeb6d79e1a90e7d76f0

[1 occurrence(s)]
DEBUG --> [REQ_ID=dc72a635e2ba] [INIT] App\Controllers\Home::GET

[1 occurrence(s)]
DEBUG --> [REQ_ID=dc72a635e2ba] [VIEW_RENDER] themes/public/home

[1 occurrence(s)]
DEBUG --> [REQ_ID=037d8e3e327a] [FILTER_AFTER]

[1 occurrence(s)]
DEBUG --> [REQ_ID=037d8e3e327a] [LIFECYCLE][END] status=200 duration_ms=739.08 memory_delta=4194304

[1 occurrence(s)]
DEBUG --> [REQ_ID=037d8e3e327a] [REQUEST][END]

[1 occurrence(s)]
DEBUG --> [REQ_ID=7863aae5a377] [REQUEST][START] GET /index.php/Management/Marketing/Ideas

[1 occurrence(s)]
DEBUG --> [REQ_ID=7863aae5a377] [FILTER_BEFORE] /index.php/Management/Marketing/Ideas

[1 occurrence(s)]
DEBUG --> [REQ_ID=7863aae5a377] [ROUTE] Controller=\App\Modules\Management\Controllers\MarketingAdminController Method=ideas

[1 occurrence(s)]
DEBUG --> [REQ_ID=7863aae5a377] [LIFECYCLE][START] GET https://www.mymiwallet.com/index.php/Management/Marketing/Ideas

[1 occurrence(s)]
DEBUG --> [CSRF] token name=csrf_test_name hash=47ae5193bfc420d62d7cb842743daa66

[1 occurrence(s)]
DEBUG --> [REQ_ID=7863aae5a377] [REQUEST][END]

[1 occurrence(s)]
DEBUG --> [REQ_ID=6ac2f0f60d31] [REQUEST][START] GET /index.php/login

[1 occurrence(s)]
DEBUG --> [REQ_ID=6ac2f0f60d31] [FILTER_BEFORE] /index.php/login

[1 occurrence(s)]
DEBUG --> [REQ_ID=6ac2f0f60d31] [ROUTE] Controller=\App\Controllers\AuthController Method=login

[1 occurrence(s)]
DEBUG --> [REQ_ID=6ac2f0f60d31] [LIFECYCLE][START] GET https://www.mymiwallet.com/index.php/login

[1 occurrence(s)]
DEBUG --> [CSRF] token name=csrf_test_name hash=8d87dd6430cc319c31ad33d08fd8f8a2

[1 occurrence(s)]
DEBUG --> [REQ_ID=98ed9da50a49] [INIT] App\Controllers\AuthController::GET

[1 occurrence(s)]
DEBUG --> [REQ_ID=6ac2f0f60d31] [FILTER_AFTER]

[1 occurrence(s)]
DEBUG --> [REQ_ID=6ac2f0f60d31] [LIFECYCLE][END] status=200 duration_ms=52.83 memory_delta=0

[1 occurrence(s)]
DEBUG --> [REQ_ID=6ac2f0f60d31] [REQUEST][END]

[1 occurrence(s)]
DEBUG --> [REQ_ID=cffc95e94d0d] [REQUEST][START] GET /index.php/Account/Connected-Accounts

[1 occurrence(s)]
DEBUG --> [REQ_ID=cffc95e94d0d] [FILTER_BEFORE] /index.php/Account/Connected-Accounts

[1 occurrence(s)]
DEBUG --> [REQ_ID=cffc95e94d0d] [ROUTE] Controller=\App\Modules\User\Controllers\DashboardController Method=connectedAccounts

[1 occurrence(s)]
DEBUG --> [REQ_ID=cffc95e94d0d] [LIFECYCLE][START] GET https://www.mymiwallet.com/index.php/Account/Connected-Accounts

[1 occurrence(s)]
DEBUG --> [CSRF] token name=csrf_test_name hash=b12b0c2e6381bd5d8183279f4d88a413

[1 occurrence(s)]
DEBUG --> [REQ_ID=cffc95e94d0d] [REQUEST][END]

[1 occurrence(s)]
DEBUG --> [REQ_ID=10479217ccd5] [REQUEST][START] GET /index.php/login

[1 occurrence(s)]
DEBUG --> [REQ_ID=10479217ccd5] [FILTER_BEFORE] /index.php/login

[1 occurrence(s)]
DEBUG --> [REQ_ID=10479217ccd5] [ROUTE] Controller=\App\Controllers\AuthController Method=login

[1 occurrence(s)]
DEBUG --> [REQ_ID=10479217ccd5] [LIFECYCLE][START] GET https://www.mymiwallet.com/index.php/login

[1 occurrence(s)]
DEBUG --> [CSRF] token name=csrf_test_name hash=b8e60786068b07b70bd0074b2824700f

[1 occurrence(s)]
DEBUG --> [REQ_ID=56f73e72e2be] [INIT] App\Controllers\AuthController::GET

[1 occurrence(s)]
DEBUG --> [REQ_ID=10479217ccd5] [FILTER_AFTER]

[1 occurrence(s)]
DEBUG --> [REQ_ID=10479217ccd5] [LIFECYCLE][END] status=200 duration_ms=98.92 memory_delta=0

[1 occurrence(s)]
DEBUG --> [REQ_ID=10479217ccd5] [REQUEST][END]

[1 occurrence(s)]
DEBUG --> [REQ_ID=71722746c401] [REQUEST][START] GET /index.php/Preview/Alert/GRAB

[1 occurrence(s)]
DEBUG --> [REQ_ID=71722746c401] [FILTER_BEFORE] /index.php/Preview/Alert/GRAB

[1 occurrence(s)]
DEBUG --> [REQ_ID=71722746c401] [ROUTE] Controller=\App\Modules\User\Controllers\AlertsController Method=preview

[1 occurrence(s)]
DEBUG --> [REQ_ID=71722746c401] [LIFECYCLE][START] GET https://www.mymiwallet.com/index.php/Preview/Alert/GRAB

[1 occurrence(s)]
DEBUG --> [CSRF] token name=csrf_test_name hash=af5244c343bd327e9c962c38c64bfcbb

[1 occurrence(s)]
DEBUG --> [REQ_ID=59cdcf0ea086] [INIT] App\Modules\User\Controllers\AlertsController::GET

[1 occurrence(s)]
DEBUG --> [REQ_ID=59cdcf0ea086] [METHOD_ENTRY] preview

[6 occurrence(s)]
DEBUG --> MyMIInvestments: no session user detected; skipping personalized hydration.

[3 occurrence(s)]
DEBUG --> MyMIMarketing: Pscrape library not installed; Google search scraping will use fallback.

[6 occurrence(s)]
DEBUG --> MyMIAlerts: no authenticated user context detected.

[1 occurrence(s)]
DEBUG --> [REQ_ID=59cdcf0ea086] [VIEW_RENDER] themes/public/previewAlert

[1 occurrence(s)]
DEBUG --> [REQ_ID=71722746c401] [FILTER_AFTER]

[1 occurrence(s)]
DEBUG --> [REQ_ID=71722746c401] [LIFECYCLE][END] status=200 duration_ms=501.70 memory_delta=2097152

[1 occurrence(s)]
DEBUG --> [REQ_ID=71722746c401] [REQUEST][END]

[1 occurrence(s)]
DEBUG --> [REQ_ID=14b4eccd9462] [REQUEST][START] GET /index.php/How-It-Works/Automated-Financial-Insights

[1 occurrence(s)]
DEBUG --> [REQ_ID=14b4eccd9462] [FILTER_BEFORE] /index.php/How-It-Works/Automated-Financial-Insights

[1 occurrence(s)]
DEBUG --> [REQ_ID=14b4eccd9462] [ROUTE] Controller=\App\Modules\Blog\Controllers\HowItWorksController Method=show

[1 occurrence(s)]
DEBUG --> [REQ_ID=14b4eccd9462] [LIFECYCLE][START] GET https://www.mymiwallet.com/index.php/How-It-Works/Automated-Financial-Insights

[1 occurrence(s)]
DEBUG --> [CSRF] token name=csrf_test_name hash=2964105bd553444451e46b624287ea82

[1 occurrence(s)]
DEBUG --> [REQ_ID=1de2ede26276] [INIT] App\Modules\Blog\Controllers\HowItWorksController::GET

[1 occurrence(s)]
DEBUG --> [REQ_ID=1de2ede26276] [METHOD_ENTRY] show

[1 occurrence(s)]
DEBUG --> [REQ_ID=14b4eccd9462] [FILTER_AFTER]

[1 occurrence(s)]
DEBUG --> [REQ_ID=14b4eccd9462] [LIFECYCLE][END] status=404 duration_ms=189.38 memory_delta=0

[1 occurrence(s)]
DEBUG --> [REQ_ID=14b4eccd9462] [REQUEST][END]

[1 occurrence(s)]
DEBUG --> [REQ_ID=fb23506a1312] [REQUEST][START] GET /index.php/API/Management/Run-CRON-Tasks

[1 occurrence(s)]
DEBUG --> [REQ_ID=fb23506a1312] [FILTER_BEFORE] /index.php/API/Management/Run-CRON-Tasks

[1 occurrence(s)]
DEBUG --> [REQ_ID=fb23506a1312] [ROUTE] Controller=\App\Modules\Management\Controllers\ManagementAPIController Method=Run_CRON_Tasks

[1 occurrence(s)]
DEBUG --> [REQ_ID=fb23506a1312] [LIFECYCLE][START] GET https://www.mymiwallet.com/index.php/API/Management/Run-CRON-Tasks

[1 occurrence(s)]
DEBUG --> [REQ_ID=fb23506a1312] [REQUEST][END]

[1 occurrence(s)]
DEBUG --> LOG_HEALTHCHECK debug marker=9e0205ff1f4a

[1 occurrence(s)]
DEBUG --> [REQ_ID=e0ac8b8dbd42] [REQUEST][START] GET /index.php/Account/Billing

[1 occurrence(s)]
DEBUG --> [REQ_ID=e0ac8b8dbd42] [FILTER_BEFORE] /index.php/Account/Billing

[1 occurrence(s)]
DEBUG --> [REQ_ID=e0ac8b8dbd42] [ROUTE] Controller=\App\Modules\User\Controllers\DashboardController Method=billing

[1 occurrence(s)]
DEBUG --> [REQ_ID=e0ac8b8dbd42] [LIFECYCLE][START] GET https://www.mymiwallet.com/index.php/Account/Billing

[1 occurrence(s)]
DEBUG --> [CSRF] token name=csrf_test_name hash=d45fcf6d03ea526e61382a86c67d7469

[1 occurrence(s)]
DEBUG --> [REQ_ID=e0ac8b8dbd42] [REQUEST][END]

[1 occurrence(s)]
DEBUG --> [REQ_ID=d63f3f4e8488] [REQUEST][START] GET /index.php/login

[1 occurrence(s)]
DEBUG --> [REQ_ID=d63f3f4e8488] [FILTER_BEFORE] /index.php/login

[1 occurrence(s)]
DEBUG --> [REQ_ID=d63f3f4e8488] [ROUTE] Controller=\App\Controllers\AuthController Method=login

[1 occurrence(s)]
DEBUG --> [REQ_ID=d63f3f4e8488] [LIFECYCLE][START] GET https://www.mymiwallet.com/index.php/login

[1 occurrence(s)]
DEBUG --> [CSRF] token name=csrf_test_name hash=6eeda917daabce69a452fbec2c311fd9

[1 occurrence(s)]
DEBUG --> [REQ_ID=681a93f2e710] [INIT] App\Controllers\AuthController::GET

[1 occurrence(s)]
DEBUG --> [REQ_ID=d63f3f4e8488] [FILTER_AFTER]

[1 occurrence(s)]
DEBUG --> [REQ_ID=d63f3f4e8488] [LIFECYCLE][END] status=200 duration_ms=51.60 memory_delta=0

[1 occurrence(s)]
DEBUG --> [REQ_ID=d63f3f4e8488] [REQUEST][END]

[1 occurrence(s)]
DEBUG --> [REQ_ID=db07a8a3c222] [REQUEST][START] GET /

[1 occurrence(s)]
DEBUG --> [REQ_ID=db07a8a3c222] [FILTER_BEFORE] /

[1 occurrence(s)]
DEBUG --> [REQ_ID=db07a8a3c222] [ROUTE] Controller=\App\Controllers\Home Method=index

[1 occurrence(s)]
DEBUG --> [REQ_ID=db07a8a3c222] [LIFECYCLE][START] GET https://www.mymiwallet.com/index.php/

[1 occurrence(s)]
DEBUG --> [CSRF] token name=csrf_test_name hash=bfd2d3c70da60b9cc793d519750beb8f

[1 occurrence(s)]
DEBUG --> [REQ_ID=b474150134ef] [INIT] App\Controllers\Home::GET

[1 occurrence(s)]
DEBUG --> [REQ_ID=b474150134ef] [VIEW_RENDER] themes/public/home

[1 occurrence(s)]
DEBUG --> [REQ_ID=db07a8a3c222] [FILTER_AFTER]

[1 occurrence(s)]
DEBUG --> [REQ_ID=db07a8a3c222] [LIFECYCLE][END] status=200 duration_ms=606.28 memory_delta=4194304

[1 occurrence(s)]
DEBUG --> [REQ_ID=db07a8a3c222] [REQUEST][END]

[1 occurrence(s)]
DEBUG --> [REQ_ID=b62b755ae966] [REQUEST][START] GET /index.php/API/Alerts/fetchEmailAlerts

[1 occurrence(s)]
DEBUG --> [REQ_ID=b62b755ae966] [FILTER_BEFORE] /index.php/API/Alerts/fetchEmailAlerts

[1 occurrence(s)]
DEBUG --> [REQ_ID=b62b755ae966] [ROUTE] Controller=\App\Modules\APIs\Controllers\AlertsAPIController Method=fetchEmailAlerts

[1 occurrence(s)]
DEBUG --> [REQ_ID=b62b755ae966] [LIFECYCLE][START] GET https://www.mymiwallet.com/index.php/API/Alerts/fetchEmailAlerts

[1 occurrence(s)]
DEBUG --> [REQ_ID=b62b755ae966] [REQUEST][END]

[1 occurrence(s)]
DEBUG --> [REQ_ID=9f7a049bcde3] [REQUEST][START] GET /

[1 occurrence(s)]
DEBUG --> [REQ_ID=9f7a049bcde3] [FILTER_BEFORE] /

[1 occurrence(s)]
DEBUG --> [REQ_ID=9f7a049bcde3] [ROUTE] Controller=\App\Controllers\Home Method=index

[1 occurrence(s)]
DEBUG --> [REQ_ID=9f7a049bcde3] [LIFECYCLE][START] GET https://www.mymiwallet.com/index.php/

[1 occurrence(s)]
DEBUG --> [CSRF] token name=csrf_test_name hash=9ce35eedbbb99fd414aafd97861ae907

[1 occurrence(s)]
DEBUG --> [REQ_ID=31fc62523135] [INIT] App\Controllers\Home::GET

[1 occurrence(s)]
DEBUG --> [REQ_ID=31fc62523135] [VIEW_RENDER] themes/public/home

[1 occurrence(s)]
DEBUG --> [REQ_ID=9f7a049bcde3] [FILTER_AFTER]

[1 occurrence(s)]
DEBUG --> [REQ_ID=9f7a049bcde3] [LIFECYCLE][END] status=200 duration_ms=627.25 memory_delta=4194304

[1 occurrence(s)]
DEBUG --> [REQ_ID=9f7a049bcde3] [REQUEST][END]

[1 occurrence(s)]
DEBUG --> [REQ_ID=a7dd9566543f] [REQUEST][START] GET /index.php/How-It-Works/Personal-Budgeting

[1 occurrence(s)]
DEBUG --> [REQ_ID=a7dd9566543f] [FILTER_BEFORE] /index.php/How-It-Works/Personal-Budgeting

[1 occurrence(s)]
DEBUG --> [REQ_ID=a7dd9566543f] [ROUTE] Controller=\App\Modules\Blog\Controllers\HowItWorksController Method=show

[1 occurrence(s)]
DEBUG --> [REQ_ID=a7dd9566543f] [LIFECYCLE][START] GET https://www.mymiwallet.com/index.php/How-It-Works/Personal-Budgeting

[1 occurrence(s)]
DEBUG --> [CSRF] token name=csrf_test_name hash=566ddb5f08c4adb7f4cddcdc0b85d5fc

[1 occurrence(s)]
DEBUG --> [REQ_ID=a9747f085d0b] [INIT] App\Modules\Blog\Controllers\HowItWorksController::GET

[1 occurrence(s)]
DEBUG --> [REQ_ID=a9747f085d0b] [METHOD_ENTRY] show

[1 occurrence(s)]
DEBUG --> [REQ_ID=a9747f085d0b] [VIEW_RENDER] App\Modules\Blog\Views\HowItWorks\Personal_Budgeting

[1 occurrence(s)]
DEBUG --> [REQ_ID=a7dd9566543f] [FILTER_AFTER]

[1 occurrence(s)]
DEBUG --> [REQ_ID=a7dd9566543f] [LIFECYCLE][END] status=200 duration_ms=1,064.12 memory_delta=6291456

[1 occurrence(s)]
DEBUG --> [REQ_ID=a7dd9566543f] [REQUEST][END]

[1 occurrence(s)]
DEBUG --> [REQ_ID=2bf036aff947] [REQUEST][START] GET /index.php/Management/Partners

[1 occurrence(s)]
DEBUG --> [REQ_ID=2bf036aff947] [FILTER_BEFORE] /index.php/Management/Partners

[1 occurrence(s)]
DEBUG --> [REQ_ID=2bf036aff947] [ROUTE] Controller=\App\Modules\Management\Controllers\PartnersController Method=index

[1 occurrence(s)]
DEBUG --> [REQ_ID=2bf036aff947] [LIFECYCLE][START] GET https://www.mymiwallet.com/index.php/Management/Partners

[1 occurrence(s)]
DEBUG --> [CSRF] token name=csrf_test_name hash=26c32801a76b99bee21bec3edfb28181

[1 occurrence(s)]
DEBUG --> [REQ_ID=2bf036aff947] [REQUEST][END]

[1 occurrence(s)]
DEBUG --> [REQ_ID=2fa00c3405c2] [REQUEST][START] GET /index.php/login

[1 occurrence(s)]
DEBUG --> [REQ_ID=2fa00c3405c2] [FILTER_BEFORE] /index.php/login

[1 occurrence(s)]
DEBUG --> [REQ_ID=2fa00c3405c2] [ROUTE] Controller=\App\Controllers\AuthController Method=login

[1 occurrence(s)]
DEBUG --> [REQ_ID=2fa00c3405c2] [LIFECYCLE][START] GET https://www.mymiwallet.com/index.php/login

[1 occurrence(s)]
DEBUG --> [CSRF] token name=csrf_test_name hash=5e6e5df6625edcfc4a8afeff9df45e35

[1 occurrence(s)]
DEBUG --> [REQ_ID=95e4f222c452] [INIT] App\Controllers\AuthController::GET

[1 occurrence(s)]
DEBUG --> [REQ_ID=2fa00c3405c2] [FILTER_AFTER]

[1 occurrence(s)]
DEBUG --> [REQ_ID=2fa00c3405c2] [LIFECYCLE][END] status=200 duration_ms=110.46 memory_delta=0

[1 occurrence(s)]
DEBUG --> [REQ_ID=2fa00c3405c2] [REQUEST][END]

[1 occurrence(s)]
DEBUG --> [REQ_ID=c30a10972856] [REQUEST][START] GET /index.php/API/Management/Run-CRON-Tasks

[1 occurrence(s)]
DEBUG --> [REQ_ID=c30a10972856] [FILTER_BEFORE] /index.php/API/Management/Run-CRON-Tasks

[1 occurrence(s)]
DEBUG --> [REQ_ID=c30a10972856] [ROUTE] Controller=\App\Modules\Management\Controllers\ManagementAPIController Method=Run_CRON_Tasks

[1 occurrence(s)]
DEBUG --> [REQ_ID=c30a10972856] [LIFECYCLE][START] GET https://www.mymiwallet.com/index.php/API/Management/Run-CRON-Tasks

[1 occurrence(s)]
DEBUG --> [REQ_ID=c30a10972856] [REQUEST][END]

[1 occurrence(s)]
DEBUG --> [REQ_ID=5c638e9a77f3] [REQUEST][START] GET /index.php/API/Alerts/fetchEmailAlerts

[1 occurrence(s)]
DEBUG --> [REQ_ID=5c638e9a77f3] [FILTER_BEFORE] /index.php/API/Alerts/fetchEmailAlerts

[1 occurrence(s)]
DEBUG --> [REQ_ID=5c638e9a77f3] [ROUTE] Controller=\App\Modules\APIs\Controllers\AlertsAPIController Method=fetchEmailAlerts

[1 occurrence(s)]
DEBUG --> [REQ_ID=5c638e9a77f3] [LIFECYCLE][START] GET https://www.mymiwallet.com/index.php/API/Alerts/fetchEmailAlerts

[1 occurrence(s)]
DEBUG --> [REQ_ID=5c638e9a77f3] [REQUEST][END]

[1 occurrence(s)]
DEBUG --> [REQ_ID=58c4fe0761ab] [REQUEST][START] GET /index.php/Management/Docs

[1 occurrence(s)]
DEBUG --> [REQ_ID=bf32979fba65] [REQUEST][START] GET /index.php/How-It-Works

[1 occurrence(s)]
DEBUG --> [REQ_ID=bf32979fba65] [FILTER_BEFORE] /index.php/How-It-Works

[1 occurrence(s)]
DEBUG --> [REQ_ID=bf32979fba65] [ROUTE] Controller=\App\Modules\Blog\Controllers\HowItWorksController Method=index

[1 occurrence(s)]
DEBUG --> [REQ_ID=bf32979fba65] [LIFECYCLE][START] GET https://www.mymiwallet.com/index.php/How-It-Works

[1 occurrence(s)]
DEBUG --> [CSRF] token name=csrf_test_name hash=cd79870e31413c4f611a42eac832aac5

[1 occurrence(s)]
DEBUG --> [REQ_ID=50bcd721dd93] [INIT] App\Modules\Blog\Controllers\HowItWorksController::GET

[1 occurrence(s)]
DEBUG --> [REQ_ID=50bcd721dd93] [METHOD_ENTRY] index

[1 occurrence(s)]
DEBUG --> [REQ_ID=50bcd721dd93] [VIEW_RENDER] App\Modules\Blog\Views\HowItWorks\index

[3 occurrence(s)]
DEBUG --> [MetaService] slug=how-it-works pageName= cacheHit= path=DB

[5 occurrence(s)]
DEBUG --> [MetaService] slug=how-it-works pageName= cacheHit=1 path=CACHE

[1 occurrence(s)]
DEBUG --> [REQ_ID=bf32979fba65] [FILTER_AFTER]

[1 occurrence(s)]
DEBUG --> [REQ_ID=bf32979fba65] [LIFECYCLE][END] status=200 duration_ms=894.35 memory_delta=4194304

[1 occurrence(s)]
DEBUG --> [REQ_ID=bf32979fba65] [REQUEST][END]

[1 occurrence(s)]
DEBUG --> [REQ_ID=66be5b78fa31] [REQUEST][START] GET /index.php/Premium-Features/Due-Diligence-Database

[1 occurrence(s)]
DEBUG --> [REQ_ID=16e8d8f422af] [REQUEST][START] GET /

[1 occurrence(s)]
DEBUG --> [REQ_ID=16e8d8f422af] [FILTER_BEFORE] /

[1 occurrence(s)]
DEBUG --> [REQ_ID=16e8d8f422af] [ROUTE] Controller=\App\Controllers\Home Method=index

[1 occurrence(s)]
DEBUG --> [REQ_ID=16e8d8f422af] [LIFECYCLE][START] GET https://www.mymiwallet.com/index.php/

[1 occurrence(s)]
DEBUG --> [CSRF] token name=csrf_test_name hash=49ef1cb61e29d1bc4d05fc449910efda

[1 occurrence(s)]
DEBUG --> [REQ_ID=72e3a78cbbbf] [INIT] App\Controllers\Home::GET

[1 occurrence(s)]
DEBUG --> [REQ_ID=72e3a78cbbbf] [VIEW_RENDER] themes/public/home

[1 occurrence(s)]
DEBUG --> [REQ_ID=16e8d8f422af] [FILTER_AFTER]

[1 occurrence(s)]
DEBUG --> [REQ_ID=16e8d8f422af] [LIFECYCLE][END] status=200 duration_ms=670.31 memory_delta=4194304

[1 occurrence(s)]
DEBUG --> [REQ_ID=16e8d8f422af] [REQUEST][END]

[1 occurrence(s)]
DEBUG --> [REQ_ID=f9f839a0229f] [REQUEST][START] GET /index.php/How-It-Works/MyMI-Exchange

[1 occurrence(s)]
DEBUG --> [REQ_ID=f9f839a0229f] [FILTER_BEFORE] /index.php/How-It-Works/MyMI-Exchange

[1 occurrence(s)]
DEBUG --> [REQ_ID=f9f839a0229f] [ROUTE] Controller=\App\Modules\Blog\Controllers\HowItWorksController Method=show

[1 occurrence(s)]
DEBUG --> [REQ_ID=f9f839a0229f] [LIFECYCLE][START] GET https://www.mymiwallet.com/index.php/How-It-Works/MyMI-Exchange

[1 occurrence(s)]
DEBUG --> [CSRF] token name=csrf_test_name hash=9e6be04184d9558e49f278760f91bd07

[1 occurrence(s)]
DEBUG --> [REQ_ID=85ef1d490639] [INIT] App\Modules\Blog\Controllers\HowItWorksController::GET

[1 occurrence(s)]
DEBUG --> [REQ_ID=85ef1d490639] [METHOD_ENTRY] show

[1 occurrence(s)]
DEBUG --> [REQ_ID=85ef1d490639] [VIEW_RENDER] App\Modules\Blog\Views\HowItWorks\Manage_Finances

[1 occurrence(s)]
DEBUG --> [REQ_ID=f9f839a0229f] [FILTER_AFTER]

[1 occurrence(s)]
DEBUG --> [REQ_ID=f9f839a0229f] [LIFECYCLE][END] status=200 duration_ms=1,229.03 memory_delta=6291456

[1 occurrence(s)]
DEBUG --> [REQ_ID=f9f839a0229f] [REQUEST][END]

[1 occurrence(s)]
DEBUG --> [REQ_ID=e23b5bd4f06b] [REQUEST][START] GET /

[1 occurrence(s)]
DEBUG --> [REQ_ID=e23b5bd4f06b] [FILTER_BEFORE] /

[1 occurrence(s)]
DEBUG --> [REQ_ID=e23b5bd4f06b] [ROUTE] Controller=\App\Controllers\Home Method=index

[1 occurrence(s)]
DEBUG --> [REQ_ID=e23b5bd4f06b] [LIFECYCLE][START] GET https://www.mymiwallet.com/index.php/

[1 occurrence(s)]
DEBUG --> [CSRF] token name=csrf_test_name hash=31c3ed624efd5cd1953d2ca5fdffe0b8

[1 occurrence(s)]
DEBUG --> [REQ_ID=37219b85d14e] [INIT] App\Controllers\Home::GET

[1 occurrence(s)]
DEBUG --> [REQ_ID=37219b85d14e] [VIEW_RENDER] themes/public/home

[1 occurrence(s)]
DEBUG --> [REQ_ID=e23b5bd4f06b] [FILTER_AFTER]

[1 occurrence(s)]
DEBUG --> [REQ_ID=e23b5bd4f06b] [LIFECYCLE][END] status=200 duration_ms=746.69 memory_delta=4194304

[1 occurrence(s)]
DEBUG --> [REQ_ID=e23b5bd4f06b] [REQUEST][END]

[1 occurrence(s)]
DEBUG --> [REQ_ID=23d683839351] [REQUEST][START] GET /index.php/How-It-Works/investments

[1 occurrence(s)]
DEBUG --> [REQ_ID=23d683839351] [FILTER_BEFORE] /index.php/How-It-Works/investments

[1 occurrence(s)]
DEBUG --> [REQ_ID=23d683839351] [ROUTE] Controller=\App\Modules\Blog\Controllers\HowItWorksController Method=show

[1 occurrence(s)]
DEBUG --> [REQ_ID=23d683839351] [LIFECYCLE][START] GET https://www.mymiwallet.com/index.php/How-It-Works/investments

[1 occurrence(s)]
DEBUG --> [CSRF] token name=csrf_test_name hash=a45cf64410c588d57ae89011b343395f

[1 occurrence(s)]
DEBUG --> [REQ_ID=70cc91a2befb] [INIT] App\Modules\Blog\Controllers\HowItWorksController::GET

[1 occurrence(s)]
DEBUG --> [REQ_ID=70cc91a2befb] [METHOD_ENTRY] show

[1 occurrence(s)]
DEBUG --> [REQ_ID=70cc91a2befb] [VIEW_RENDER] App\Modules\Blog\Views\HowItWorks\index

[1 occurrence(s)]
DEBUG --> [MetaService] slug=how-it-works/investments pageName= cacheHit= path=DB

[1 occurrence(s)]
DEBUG --> [MetaService] slug=how-it-works/investments pageName= cacheHit=1 path=CACHE

[1 occurrence(s)]
DEBUG --> [REQ_ID=23d683839351] [FILTER_AFTER]

[1 occurrence(s)]
DEBUG --> [REQ_ID=23d683839351] [LIFECYCLE][END] status=200 duration_ms=677.46 memory_delta=4194304

[1 occurrence(s)]
DEBUG --> [REQ_ID=23d683839351] [REQUEST][END]

[1 occurrence(s)]
DEBUG --> [REQ_ID=91474126e31b] [REQUEST][START] GET /index.php/Purchase/MyMIGold

[1 occurrence(s)]
DEBUG --> [REQ_ID=3ce7edb77ec6] [REQUEST][START] GET /index.php/How-It-Works/overview

[1 occurrence(s)]
DEBUG --> [REQ_ID=3ce7edb77ec6] [FILTER_BEFORE] /index.php/How-It-Works/overview

[1 occurrence(s)]
DEBUG --> [REQ_ID=3ce7edb77ec6] [ROUTE] Controller=\App\Modules\Blog\Controllers\HowItWorksController Method=show

[1 occurrence(s)]
DEBUG --> [REQ_ID=3ce7edb77ec6] [LIFECYCLE][START] GET https://www.mymiwallet.com/index.php/How-It-Works/overview

[1 occurrence(s)]
DEBUG --> [CSRF] token name=csrf_test_name hash=8f22d1f815d6fec341359d78a5fff21a

[1 occurrence(s)]
DEBUG --> [REQ_ID=9260764e1546] [INIT] App\Modules\Blog\Controllers\HowItWorksController::GET

[1 occurrence(s)]
DEBUG --> [REQ_ID=9260764e1546] [METHOD_ENTRY] show

[1 occurrence(s)]
DEBUG --> [REQ_ID=9260764e1546] [VIEW_RENDER] App\Modules\Blog\Views\HowItWorks\index

[1 occurrence(s)]
DEBUG --> [MetaService] slug=how-it-works/overview pageName= cacheHit= path=DB

[1 occurrence(s)]
DEBUG --> [MetaService] slug=how-it-works/overview pageName= cacheHit=1 path=CACHE

[1 occurrence(s)]
DEBUG --> [REQ_ID=3ce7edb77ec6] [FILTER_AFTER]

[1 occurrence(s)]
DEBUG --> [REQ_ID=3ce7edb77ec6] [LIFECYCLE][END] status=200 duration_ms=654.86 memory_delta=4194304

[1 occurrence(s)]
DEBUG --> [REQ_ID=3ce7edb77ec6] [REQUEST][END]

[1 occurrence(s)]
DEBUG --> [REQ_ID=3bf302a4194d] [REQUEST][START] GET /index.php/How-It-Works/Determining-Your-Financial-Goals

[1 occurrence(s)]
DEBUG --> [REQ_ID=3bf302a4194d] [FILTER_BEFORE] /index.php/How-It-Works/Determining-Your-Financial-Goals

[1 occurrence(s)]
DEBUG --> [REQ_ID=3bf302a4194d] [ROUTE] Controller=\App\Modules\Blog\Controllers\HowItWorksController Method=show

[1 occurrence(s)]
DEBUG --> [REQ_ID=3bf302a4194d] [LIFECYCLE][START] GET https://www.mymiwallet.com/index.php/How-It-Works/Determining-Your-Financial-Goals

[1 occurrence(s)]
DEBUG --> [CSRF] token name=csrf_test_name hash=afed41d9019ec8450bf5b7541684ec3d

[1 occurrence(s)]
DEBUG --> [REQ_ID=31034c1ab603] [INIT] App\Modules\Blog\Controllers\HowItWorksController::GET

[1 occurrence(s)]
DEBUG --> [REQ_ID=31034c1ab603] [METHOD_ENTRY] show

[1 occurrence(s)]
DEBUG --> [REQ_ID=3bf302a4194d] [FILTER_AFTER]

[1 occurrence(s)]
DEBUG --> [REQ_ID=3bf302a4194d] [LIFECYCLE][END] status=404 duration_ms=105.58 memory_delta=0

[1 occurrence(s)]
DEBUG --> [REQ_ID=3bf302a4194d] [REQUEST][END]

[1 occurrence(s)]
DEBUG --> [REQ_ID=7ae6fbbeecdb] [REQUEST][START] GET /index.php/API/Management/Run-CRON-Tasks

[1 occurrence(s)]
DEBUG --> [REQ_ID=7ae6fbbeecdb] [FILTER_BEFORE] /index.php/API/Management/Run-CRON-Tasks

[1 occurrence(s)]
DEBUG --> [REQ_ID=7ae6fbbeecdb] [ROUTE] Controller=\App\Modules\Management\Controllers\ManagementAPIController Method=Run_CRON_Tasks

[1 occurrence(s)]
DEBUG --> [REQ_ID=7ae6fbbeecdb] [LIFECYCLE][START] GET https://www.mymiwallet.com/index.php/API/Management/Run-CRON-Tasks

[1 occurrence(s)]
DEBUG --> [REQ_ID=7ae6fbbeecdb] [REQUEST][END]

[1 occurrence(s)]
DEBUG --> LOG_HEALTHCHECK debug marker=213b0998c2aa

[1 occurrence(s)]
DEBUG --> [REQ_ID=04dd5f688db0] [REQUEST][START] GET /index.php/Alerts

[1 occurrence(s)]
DEBUG --> [REQ_ID=04dd5f688db0] [FILTER_BEFORE] /index.php/Alerts

[1 occurrence(s)]
DEBUG --> [REQ_ID=04dd5f688db0] [ROUTE] Controller=\App\Modules\User\Controllers\AlertsController Method=index

[1 occurrence(s)]
DEBUG --> [REQ_ID=04dd5f688db0] [LIFECYCLE][START] GET https://www.mymiwallet.com/index.php/Alerts

[1 occurrence(s)]
DEBUG --> [CSRF] token name=csrf_test_name hash=3e8717909afe7af3c9e96b0a1f2db15d

[1 occurrence(s)]
DEBUG --> [REQ_ID=04dd5f688db0] [REQUEST][END]

[1 occurrence(s)]
DEBUG --> [REQ_ID=f43303f4af01] [REQUEST][START] GET /index.php/login

[1 occurrence(s)]
DEBUG --> [REQ_ID=f43303f4af01] [FILTER_BEFORE] /index.php/login

[1 occurrence(s)]
DEBUG --> [REQ_ID=f43303f4af01] [ROUTE] Controller=\App\Controllers\AuthController Method=login

[1 occurrence(s)]
DEBUG --> [REQ_ID=f43303f4af01] [LIFECYCLE][START] GET https://www.mymiwallet.com/index.php/login

[1 occurrence(s)]
DEBUG --> [CSRF] token name=csrf_test_name hash=6fc4c1f0d1a77093246f66a85d3e0690

[1 occurrence(s)]
DEBUG --> [REQ_ID=df7f49a08988] [INIT] App\Controllers\AuthController::GET

[1 occurrence(s)]
DEBUG --> [REQ_ID=f43303f4af01] [FILTER_AFTER]

[1 occurrence(s)]
DEBUG --> [REQ_ID=f43303f4af01] [LIFECYCLE][END] status=200 duration_ms=53.76 memory_delta=0

[1 occurrence(s)]
DEBUG --> [REQ_ID=f43303f4af01] [REQUEST][END]

[1 occurrence(s)]
DEBUG --> [REQ_ID=41d1b34bd655] [REQUEST][START] GET /index.php/API/Alerts/fetchEmailAlerts

[1 occurrence(s)]
DEBUG --> [REQ_ID=41d1b34bd655] [FILTER_BEFORE] /index.php/API/Alerts/fetchEmailAlerts

[1 occurrence(s)]
DEBUG --> [REQ_ID=41d1b34bd655] [ROUTE] Controller=\App\Modules\APIs\Controllers\AlertsAPIController Method=fetchEmailAlerts

[1 occurrence(s)]
DEBUG --> [REQ_ID=41d1b34bd655] [LIFECYCLE][START] GET https://www.mymiwallet.com/index.php/API/Alerts/fetchEmailAlerts

[1 occurrence(s)]
DEBUG --> [REQ_ID=41d1b34bd655] [REQUEST][END]

[1 occurrence(s)]
DEBUG --> [REQ_ID=dd9e7a0a7944] [REQUEST][START] GET /index.php

[1 occurrence(s)]
DEBUG --> [REQ_ID=dd9e7a0a7944] [FILTER_BEFORE] /index.php

[1 occurrence(s)]
DEBUG --> [REQ_ID=dd9e7a0a7944] [ROUTE] Controller=\App\Controllers\Home Method=index

[1 occurrence(s)]
DEBUG --> [REQ_ID=dd9e7a0a7944] [LIFECYCLE][START] GET https://www.mymiwallet.com/index.php/

[1 occurrence(s)]
DEBUG --> [CSRF] token name=csrf_test_name hash=41f03cdfb4b47d61c2e5b849ce739c8e

[1 occurrence(s)]
DEBUG --> [REQ_ID=cc51eab5b2c3] [INIT] App\Controllers\Home::GET

[1 occurrence(s)]
DEBUG --> [REQ_ID=cc51eab5b2c3] [VIEW_RENDER] themes/public/home

[1 occurrence(s)]
DEBUG --> [REQ_ID=dd9e7a0a7944] [FILTER_AFTER]

[1 occurrence(s)]
DEBUG --> [REQ_ID=dd9e7a0a7944] [LIFECYCLE][END] status=200 duration_ms=728.17 memory_delta=4194304

[1 occurrence(s)]
DEBUG --> [REQ_ID=dd9e7a0a7944] [REQUEST][END]

[1 occurrence(s)]
DEBUG --> [REQ_ID=0da3cf52157a] [REQUEST][START] GET /

[1 occurrence(s)]
DEBUG --> [REQ_ID=0da3cf52157a] [FILTER_BEFORE] /

[1 occurrence(s)]
DEBUG --> [REQ_ID=0da3cf52157a] [ROUTE] Controller=\App\Controllers\Home Method=index

[1 occurrence(s)]
DEBUG --> [REQ_ID=0da3cf52157a] [LIFECYCLE][START] GET https://www.mymiwallet.com/index.php/

[1 occurrence(s)]
DEBUG --> [CSRF] token name=csrf_test_name hash=4cb26bb4a5299b2db0189416428320e6

[1 occurrence(s)]
DEBUG --> [REQ_ID=6b1aea43d1a1] [INIT] App\Controllers\Home::GET

[1 occurrence(s)]
DEBUG --> [REQ_ID=6b1aea43d1a1] [VIEW_RENDER] themes/public/home

[1 occurrence(s)]
DEBUG --> [REQ_ID=0da3cf52157a] [FILTER_AFTER]

[1 occurrence(s)]
DEBUG --> [REQ_ID=0da3cf52157a] [LIFECYCLE][END] status=200 duration_ms=641.45 memory_delta=4194304

[1 occurrence(s)]
DEBUG --> [REQ_ID=0da3cf52157a] [REQUEST][END]

[1 occurrence(s)]
DEBUG --> [REQ_ID=9b8a81f93111] [REQUEST][START] GET /

[1 occurrence(s)]
DEBUG --> [REQ_ID=9b8a81f93111] [FILTER_BEFORE] /

[1 occurrence(s)]
DEBUG --> [REQ_ID=9b8a81f93111] [ROUTE] Controller=\App\Controllers\Home Method=index

[1 occurrence(s)]
DEBUG --> [REQ_ID=9b8a81f93111] [LIFECYCLE][START] GET https://www.mymiwallet.com/index.php/

[1 occurrence(s)]
DEBUG --> [CSRF] token name=csrf_test_name hash=1bda147ea1837ead706b4edf3a6f7d98

[1 occurrence(s)]
DEBUG --> [REQ_ID=e5394ce11b5f] [INIT] App\Controllers\Home::GET

[1 occurrence(s)]
DEBUG --> [REQ_ID=e5394ce11b5f] [VIEW_RENDER] themes/public/home

[1 occurrence(s)]
DEBUG --> [REQ_ID=9b8a81f93111] [FILTER_AFTER]

[1 occurrence(s)]
DEBUG --> [REQ_ID=9b8a81f93111] [LIFECYCLE][END] status=200 duration_ms=656.66 memory_delta=4194304

[1 occurrence(s)]
DEBUG --> [REQ_ID=9b8a81f93111] [REQUEST][END]

[1 occurrence(s)]
DEBUG --> [REQ_ID=4238cd986469] [REQUEST][START] GET /

[1 occurrence(s)]
DEBUG --> [REQ_ID=4238cd986469] [FILTER_BEFORE] /

[1 occurrence(s)]
DEBUG --> [REQ_ID=4238cd986469] [ROUTE] Controller=\App\Controllers\Home Method=index

[1 occurrence(s)]
DEBUG --> [REQ_ID=4238cd986469] [LIFECYCLE][START] GET https://www.mymiwallet.com/index.php/

[1 occurrence(s)]
DEBUG --> [CSRF] token name=csrf_test_name hash=66e5ec379a6b28077d86e318d5242027

[1 occurrence(s)]
DEBUG --> [REQ_ID=36fc29333a8d] [INIT] App\Controllers\Home::GET

[1 occurrence(s)]
DEBUG --> [REQ_ID=36fc29333a8d] [VIEW_RENDER] themes/public/home

[1 occurrence(s)]
DEBUG --> [REQ_ID=4238cd986469] [FILTER_AFTER]

[1 occurrence(s)]
DEBUG --> [REQ_ID=4238cd986469] [LIFECYCLE][END] status=200 duration_ms=628.75 memory_delta=4194304

[1 occurrence(s)]
DEBUG --> [REQ_ID=4238cd986469] [REQUEST][END]

[1 occurrence(s)]
DEBUG --> [REQ_ID=3d91adab8201] [REQUEST][START] GET /index.php/API/Management/Run-CRON-Tasks

[1 occurrence(s)]
DEBUG --> [REQ_ID=3d91adab8201] [FILTER_BEFORE] /index.php/API/Management/Run-CRON-Tasks

[1 occurrence(s)]
DEBUG --> [REQ_ID=3d91adab8201] [ROUTE] Controller=\App\Modules\Management\Controllers\ManagementAPIController Method=Run_CRON_Tasks

[1 occurrence(s)]
DEBUG --> [REQ_ID=3d91adab8201] [LIFECYCLE][START] GET https://www.mymiwallet.com/index.php/API/Management/Run-CRON-Tasks

[1 occurrence(s)]
DEBUG --> [REQ_ID=3d91adab8201] [REQUEST][END]

[1 occurrence(s)]
DEBUG --> [REQ_ID=6b482de30c27] [REQUEST][START] GET /index.php/How-It-Works

[1 occurrence(s)]
DEBUG --> [REQ_ID=6b482de30c27] [FILTER_BEFORE] /index.php/How-It-Works

[1 occurrence(s)]
DEBUG --> [REQ_ID=6b482de30c27] [ROUTE] Controller=\App\Modules\Blog\Controllers\HowItWorksController Method=index

[1 occurrence(s)]
DEBUG --> [REQ_ID=6b482de30c27] [LIFECYCLE][START] GET https://www.mymiwallet.com/index.php/How-It-Works

[1 occurrence(s)]
DEBUG --> [CSRF] token name=csrf_test_name hash=0d1d93e481f5261bac233e6695ba1c3e

[1 occurrence(s)]
DEBUG --> [REQ_ID=a9b83237593f] [INIT] App\Modules\Blog\Controllers\HowItWorksController::GET

[1 occurrence(s)]
DEBUG --> [REQ_ID=a9b83237593f] [METHOD_ENTRY] index

[1 occurrence(s)]
DEBUG --> [REQ_ID=a9b83237593f] [VIEW_RENDER] App\Modules\Blog\Views\HowItWorks\index

[1 occurrence(s)]
DEBUG --> [REQ_ID=6b482de30c27] [FILTER_AFTER]

[1 occurrence(s)]
DEBUG --> [REQ_ID=6b482de30c27] [LIFECYCLE][END] status=200 duration_ms=686.98 memory_delta=4194304

[1 occurrence(s)]
DEBUG --> [REQ_ID=6b482de30c27] [REQUEST][END]

[1 occurrence(s)]
DEBUG --> [REQ_ID=5f5ba2e89f1f] [REQUEST][START] GET /index.php/API/Alerts/fetchEmailAlerts

[1 occurrence(s)]
DEBUG --> [REQ_ID=5f5ba2e89f1f] [FILTER_BEFORE] /index.php/API/Alerts/fetchEmailAlerts

[1 occurrence(s)]
DEBUG --> [REQ_ID=5f5ba2e89f1f] [ROUTE] Controller=\App\Modules\APIs\Controllers\AlertsAPIController Method=fetchEmailAlerts

[1 occurrence(s)]
DEBUG --> [REQ_ID=5f5ba2e89f1f] [LIFECYCLE][START] GET https://www.mymiwallet.com/index.php/API/Alerts/fetchEmailAlerts

[1 occurrence(s)]
DEBUG --> [REQ_ID=5f5ba2e89f1f] [REQUEST][END]

[1 occurrence(s)]
DEBUG --> [REQ_ID=2e1f374c1207] [REQUEST][START] GET /index.php/Wallets

[1 occurrence(s)]
DEBUG --> [REQ_ID=2e1f374c1207] [FILTER_BEFORE] /index.php/Wallets

[1 occurrence(s)]
DEBUG --> [REQ_ID=2e1f374c1207] [ROUTE] Controller=\App\Modules\User\Controllers\WalletsController Method=index

[1 occurrence(s)]
DEBUG --> [REQ_ID=2e1f374c1207] [LIFECYCLE][START] GET https://www.mymiwallet.com/index.php/Wallets

[1 occurrence(s)]
DEBUG --> [CSRF] token name=csrf_test_name hash=06563a775412d58cbc2c88f4ac620f75

[1 occurrence(s)]
DEBUG --> [REQ_ID=2e1f374c1207] [REQUEST][END]

[1 occurrence(s)]
DEBUG --> [REQ_ID=4a90904acc09] [REQUEST][START] GET /index.php/login

[1 occurrence(s)]
DEBUG --> [REQ_ID=4a90904acc09] [FILTER_BEFORE] /index.php/login

[1 occurrence(s)]
DEBUG --> [REQ_ID=4a90904acc09] [ROUTE] Controller=\App\Controllers\AuthController Method=login

[1 occurrence(s)]
DEBUG --> [REQ_ID=4a90904acc09] [LIFECYCLE][START] GET https://www.mymiwallet.com/index.php/login

[1 occurrence(s)]
DEBUG --> [CSRF] token name=csrf_test_name hash=d0c24520bbf6c1ca5931223506467aa5

[1 occurrence(s)]
DEBUG --> [REQ_ID=5093852683fc] [INIT] App\Controllers\AuthController::GET

[1 occurrence(s)]
DEBUG --> [REQ_ID=4a90904acc09] [FILTER_AFTER]

[1 occurrence(s)]
DEBUG --> [REQ_ID=4a90904acc09] [LIFECYCLE][END] status=200 duration_ms=158.82 memory_delta=0

[1 occurrence(s)]
DEBUG --> [REQ_ID=4a90904acc09] [REQUEST][END]

[1 occurrence(s)]
DEBUG --> [REQ_ID=f13831356ba3] [REQUEST][START] GET /index.php/Preview/Alert/IMNN

[1 occurrence(s)]
DEBUG --> [REQ_ID=f13831356ba3] [FILTER_BEFORE] /index.php/Preview/Alert/IMNN

[1 occurrence(s)]
DEBUG --> [REQ_ID=f13831356ba3] [ROUTE] Controller=\App\Modules\User\Controllers\AlertsController Method=preview

[1 occurrence(s)]
DEBUG --> [REQ_ID=f13831356ba3] [LIFECYCLE][START] GET https://www.mymiwallet.com/index.php/Preview/Alert/IMNN

[1 occurrence(s)]
DEBUG --> [CSRF] token name=csrf_test_name hash=1238d4519d090925a53fb33cf345e28d

[1 occurrence(s)]
DEBUG --> [REQ_ID=012bcc598910] [INIT] App\Modules\User\Controllers\AlertsController::GET

[1 occurrence(s)]
DEBUG --> [REQ_ID=012bcc598910] [METHOD_ENTRY] preview

[1 occurrence(s)]
DEBUG --> [REQ_ID=012bcc598910] [VIEW_RENDER] themes/public/previewAlert

[1 occurrence(s)]
DEBUG --> [REQ_ID=f13831356ba3] [FILTER_AFTER]

[1 occurrence(s)]
DEBUG --> [REQ_ID=f13831356ba3] [LIFECYCLE][END] status=200 duration_ms=167.75 memory_delta=2097152

[1 occurrence(s)]
DEBUG --> [REQ_ID=f13831356ba3] [REQUEST][END]

[1 occurrence(s)]
DEBUG --> [REQ_ID=d72cf5cb99a2] [REQUEST][START] GET /index.php/Dashboard

[1 occurrence(s)]
DEBUG --> [REQ_ID=d72cf5cb99a2] [FILTER_BEFORE] /index.php/Dashboard

[1 occurrence(s)]
DEBUG --> [REQ_ID=d72cf5cb99a2] [ROUTE] Controller=\App\Modules\User\Controllers\DashboardController Method=index

[1 occurrence(s)]
DEBUG --> [REQ_ID=d72cf5cb99a2] [LIFECYCLE][START] GET https://www.mymiwallet.com/index.php/Dashboard

[1 occurrence(s)]
DEBUG --> [CSRF] token name=csrf_test_name hash=25a8084b5abfdcc7350f697774e40b6f

[1 occurrence(s)]
DEBUG --> [REQ_ID=d72cf5cb99a2] [REQUEST][END]

[1 occurrence(s)]
DEBUG --> [REQ_ID=f337f458edc0] [REQUEST][START] GET /index.php/login

[1 occurrence(s)]
DEBUG --> [REQ_ID=f337f458edc0] [FILTER_BEFORE] /index.php/login

[1 occurrence(s)]
DEBUG --> [REQ_ID=f337f458edc0] [ROUTE] Controller=\App\Controllers\AuthController Method=login

[1 occurrence(s)]
DEBUG --> [REQ_ID=f337f458edc0] [LIFECYCLE][START] GET https://www.mymiwallet.com/index.php/login

[1 occurrence(s)]
DEBUG --> [CSRF] token name=csrf_test_name hash=92dc24eb1857797fc3606183ca1547ac

[1 occurrence(s)]
DEBUG --> [REQ_ID=0a0aed3d1f32] [INIT] App\Controllers\AuthController::GET

[1 occurrence(s)]
DEBUG --> [REQ_ID=f337f458edc0] [FILTER_AFTER]

[1 occurrence(s)]
DEBUG --> [REQ_ID=f337f458edc0] [LIFECYCLE][END] status=200 duration_ms=213.46 memory_delta=0

[1 occurrence(s)]
DEBUG --> [REQ_ID=f337f458edc0] [REQUEST][END]

[1 occurrence(s)]
DEBUG --> [REQ_ID=36db6859bec3] [REQUEST][START] GET /index.php/Subscribe/Daily-Financial-News

[1 occurrence(s)]
DEBUG --> [REQ_ID=5a1b07d10597] [REQUEST][START] GET /

[1 occurrence(s)]
DEBUG --> [REQ_ID=5a1b07d10597] [FILTER_BEFORE] /

[1 occurrence(s)]
DEBUG --> [REQ_ID=5a1b07d10597] [ROUTE] Controller=\App\Controllers\Home Method=index

[1 occurrence(s)]
DEBUG --> [REQ_ID=5a1b07d10597] [LIFECYCLE][START] GET https://www.mymiwallet.com/index.php/

[1 occurrence(s)]
DEBUG --> [CSRF] token name=csrf_test_name hash=994ec242c7822a048766876ca08810c2

[1 occurrence(s)]
DEBUG --> [REQ_ID=2ed06f27c865] [INIT] App\Controllers\Home::GET

[1 occurrence(s)]
DEBUG --> [REQ_ID=2ed06f27c865] [VIEW_RENDER] themes/public/home

[1 occurrence(s)]
DEBUG --> [REQ_ID=5a1b07d10597] [FILTER_AFTER]

[1 occurrence(s)]
DEBUG --> [REQ_ID=5a1b07d10597] [LIFECYCLE][END] status=200 duration_ms=576.88 memory_delta=4194304

[1 occurrence(s)]
DEBUG --> [REQ_ID=5a1b07d10597] [REQUEST][END]

[1 occurrence(s)]
DEBUG --> [REQ_ID=00336ef1b54c] [REQUEST][START] GET /index.php/Preview/Alert/NASDAQ-GUTS

[1 occurrence(s)]
DEBUG --> [REQ_ID=00336ef1b54c] [FILTER_BEFORE] /index.php/Preview/Alert/NASDAQ-GUTS

[1 occurrence(s)]
DEBUG --> [REQ_ID=00336ef1b54c] [ROUTE] Controller=\App\Modules\User\Controllers\AlertsController Method=preview

[1 occurrence(s)]
DEBUG --> [REQ_ID=00336ef1b54c] [LIFECYCLE][START] GET https://www.mymiwallet.com/index.php/Preview/Alert/NASDAQ-GUTS

[1 occurrence(s)]
DEBUG --> [CSRF] token name=csrf_test_name hash=6dd904df2729e5362d52167d18049723

[1 occurrence(s)]
DEBUG --> [REQ_ID=aafa4f57e516] [INIT] App\Modules\User\Controllers\AlertsController::GET

[1 occurrence(s)]
DEBUG --> [REQ_ID=aafa4f57e516] [METHOD_ENTRY] preview

[1 occurrence(s)]
DEBUG --> TwelveData batch response error: **symbol** or **figi** parameter is missing or invalid. Please provide a valid symbol according to API documentation: https://twelvedata.com/docs#reference-data

[1 occurrence(s)]
DEBUG --> Marketstack fallback failed: 22 : The requested URL returned error: 403

[1 occurrence(s)]
DEBUG --> [REQ_ID=aafa4f57e516] [VIEW_RENDER] themes/public/previewAlert

[1 occurrence(s)]
DEBUG --> [REQ_ID=00336ef1b54c] [FILTER_AFTER]

[1 occurrence(s)]
DEBUG --> [REQ_ID=00336ef1b54c] [LIFECYCLE][END] status=200 duration_ms=697.36 memory_delta=2097152

[1 occurrence(s)]
DEBUG --> [REQ_ID=00336ef1b54c] [REQUEST][END]

[1 occurrence(s)]
DEBUG --> [REQ_ID=edf4c4af6d81] [REQUEST][START] GET /

[1 occurrence(s)]
DEBUG --> [REQ_ID=edf4c4af6d81] [FILTER_BEFORE] /

[1 occurrence(s)]
DEBUG --> [REQ_ID=edf4c4af6d81] [ROUTE] Controller=\App\Controllers\Home Method=index

[1 occurrence(s)]
DEBUG --> [REQ_ID=edf4c4af6d81] [LIFECYCLE][START] GET https://www.mymiwallet.com/index.php/

[1 occurrence(s)]
DEBUG --> [CSRF] token name=csrf_test_name hash=6387cafc9380a9d7dc1b569f5d571f46

[1 occurrence(s)]
DEBUG --> [REQ_ID=1be27dde085e] [INIT] App\Controllers\Home::GET

[1 occurrence(s)]
DEBUG --> [REQ_ID=1be27dde085e] [VIEW_RENDER] themes/public/home

[1 occurrence(s)]
DEBUG --> [REQ_ID=edf4c4af6d81] [FILTER_AFTER]

[1 occurrence(s)]
DEBUG --> [REQ_ID=edf4c4af6d81] [LIFECYCLE][END] status=200 duration_ms=612.75 memory_delta=2097152

[1 occurrence(s)]
DEBUG --> [REQ_ID=edf4c4af6d81] [REQUEST][END]

[1 occurrence(s)]
DEBUG --> [REQ_ID=646f802ca1ff] [REQUEST][START] GET /index.php/Management

[1 occurrence(s)]
DEBUG --> [REQ_ID=646f802ca1ff] [FILTER_BEFORE] /index.php/Management

[1 occurrence(s)]
DEBUG --> [REQ_ID=646f802ca1ff] [ROUTE] Controller=\App\Modules\Management\Controllers\ManagementAdminController Method=index

[1 occurrence(s)]
DEBUG --> [REQ_ID=646f802ca1ff] [LIFECYCLE][START] GET https://www.mymiwallet.com/index.php/Management

[1 occurrence(s)]
DEBUG --> [CSRF] token name=csrf_test_name hash=530ce544827a30dfc6e3f52eecc8fb75

[1 occurrence(s)]
DEBUG --> [REQ_ID=216fe59d9627] [INIT] App\Modules\Management\Controllers\ManagementAdminController::GET

[1 occurrence(s)]
DEBUG --> [REQ_ID=216fe59d9627] [METHOD_ENTRY] index

[8 occurrence(s)]
DEBUG --> [MODEL_WHERE] App\Models\BudgetModel KEY="created_by"

[8 occurrence(s)]
DEBUG --> [MODEL_WHERE] App\Models\BudgetModel KEY="account_type"

[8 occurrence(s)]
DEBUG --> [MODEL_WHERE] App\Models\BudgetModel KEY="designated_date >="

[8 occurrence(s)]
DEBUG --> [MODEL_WHERE] App\Models\BudgetModel KEY="designated_date <="

[8 occurrence(s)]
DEBUG --> [MODEL_WHERE] App\Models\BudgetModel KEY="year"

[8 occurrence(s)]
DEBUG --> [MODEL_WHERE] App\Models\BudgetModel KEY="month <="

[8 occurrence(s)]
DEBUG --> [MODEL_WHERE] App\Models\BudgetModel KEY="day <="

[4 occurrence(s)]
DEBUG --> [MODEL_WHERE] App\Models\BudgetModel KEY={"created_by":2,"account_type":"Income","month":"02","year":"2026"}

[16 occurrence(s)]
DEBUG --> [MODEL_FIRST] App\Models\BudgetModel

[4 occurrence(s)]
DEBUG --> [MODEL_WHERE] App\Models\BudgetModel KEY={"created_by":2,"account_type":"Income","month":"01","year":"2026"}

[4 occurrence(s)]
DEBUG --> [MODEL_WHERE] App\Models\BudgetModel KEY={"created_by":2,"account_type":"Expense","month":"02","year":"2026"}

[4 occurrence(s)]
DEBUG --> [MODEL_WHERE] App\Models\BudgetModel KEY={"created_by":2,"account_type":"Expense","month":"01","year":"2026"}

[4 occurrence(s)]
DEBUG --> [MODEL_WHERE] App\Models\BudgetModel KEY={"status":1,"created_by":2,"deleted":0}

[4 occurrence(s)]
DEBUG --> [MODEL_WHERE] App\Models\BudgetModel KEY={"status":1,"paid":0,"created_by":2,"deleted":0}

[1 occurrence(s)]
DEBUG --> [REQ_ID=216fe59d9627] [VIEW_RENDER] App\Modules\Management\Views\index

[1 occurrence(s)]
DEBUG --> [REQ_ID=94ebddb666fb] [REQUEST][START] GET /index.php/Support/Account

[1 occurrence(s)]
DEBUG --> [REQ_ID=94ebddb666fb] [FILTER_BEFORE] /index.php/Support/Account

[1 occurrence(s)]
DEBUG --> [REQ_ID=94ebddb666fb] [ROUTE] Controller=\App\Modules\Support\Controllers\AccountSupportController Method=index

[1 occurrence(s)]
DEBUG --> [REQ_ID=94ebddb666fb] [LIFECYCLE][START] GET https://www.mymiwallet.com/index.php/Support/Account

[1 occurrence(s)]
DEBUG --> [CSRF] token name=csrf_test_name hash=92904b0a83457b8e88214f81090534ef

[1 occurrence(s)]
DEBUG --> [REQ_ID=803d086c8908] [INIT] App\Modules\Support\Controllers\AccountSupportController::GET

[1 occurrence(s)]
DEBUG --> [REQ_ID=803d086c8908] [METHOD_ENTRY] index

[1 occurrence(s)]
DEBUG --> [REQ_ID=803d086c8908] [VIEW_RENDER] SupportModule/Support/account_help

[1 occurrence(s)]
DEBUG --> [REQ_ID=94ebddb666fb] [FILTER_AFTER]

[1 occurrence(s)]
DEBUG --> [REQ_ID=94ebddb666fb] [LIFECYCLE][END] status=200 duration_ms=208.33 memory_delta=0

[1 occurrence(s)]
DEBUG --> [REQ_ID=94ebddb666fb] [REQUEST][END]

[1 occurrence(s)]
DEBUG --> [REQ_ID=31ebc31ceadf] [REQUEST][START] GET /index.php/How-It-Works/account-settings

[1 occurrence(s)]
DEBUG --> [REQ_ID=31ebc31ceadf] [FILTER_BEFORE] /index.php/How-It-Works/account-settings

[1 occurrence(s)]
DEBUG --> [REQ_ID=31ebc31ceadf] [ROUTE] Controller=\App\Modules\Blog\Controllers\HowItWorksController Method=show

[1 occurrence(s)]
DEBUG --> [REQ_ID=31ebc31ceadf] [LIFECYCLE][START] GET https://www.mymiwallet.com/index.php/How-It-Works/account-settings

[1 occurrence(s)]
DEBUG --> [CSRF] token name=csrf_test_name hash=a4d8bc53aa1533ef06be25ce311325f0

[1 occurrence(s)]
DEBUG --> [REQ_ID=83c5b06215af] [INIT] App\Modules\Blog\Controllers\HowItWorksController::GET

[1 occurrence(s)]
DEBUG --> [REQ_ID=83c5b06215af] [METHOD_ENTRY] show

[1 occurrence(s)]
DEBUG --> [REQ_ID=83c5b06215af] [VIEW_RENDER] App\Modules\Blog\Views\HowItWorks\index

[1 occurrence(s)]
DEBUG --> [MetaService] slug=how-it-works/account-settings pageName= cacheHit= path=DB

[1 occurrence(s)]
DEBUG --> [MetaService] slug=how-it-works/account-settings pageName= cacheHit=1 path=CACHE

[1 occurrence(s)]
DEBUG --> [REQ_ID=31ebc31ceadf] [FILTER_AFTER]

[1 occurrence(s)]
DEBUG --> [REQ_ID=31ebc31ceadf] [LIFECYCLE][END] status=200 duration_ms=692.86 memory_delta=4194304

[1 occurrence(s)]
DEBUG --> [REQ_ID=31ebc31ceadf] [REQUEST][END]

[1 occurrence(s)]
DEBUG --> [REQ_ID=d4a6c8b46dc7] [REQUEST][START] GET /

[1 occurrence(s)]
DEBUG --> [REQ_ID=d4a6c8b46dc7] [FILTER_BEFORE] /

[1 occurrence(s)]
DEBUG --> [REQ_ID=d4a6c8b46dc7] [ROUTE] Controller=\App\Controllers\Home Method=index

[1 occurrence(s)]
DEBUG --> [REQ_ID=d4a6c8b46dc7] [LIFECYCLE][START] GET https://www.mymiwallet.com/index.php/

[7 occurrence(s)]
DEBUG --> [CSRF] token name=csrf_test_name hash=47794668ff3d672834a68910932d6fe2

[1 occurrence(s)]
DEBUG --> [REQ_ID=4a724097f0ea] [INIT] App\Controllers\Home::GET

[1 occurrence(s)]
DEBUG --> [REQ_ID=4a724097f0ea] [VIEW_RENDER] themes/public/home

[1 occurrence(s)]
DEBUG --> [REQ_ID=d4a6c8b46dc7] [FILTER_AFTER]

[1 occurrence(s)]
DEBUG --> [REQ_ID=d4a6c8b46dc7] [LIFECYCLE][END] status=200 duration_ms=625.65 memory_delta=4194304

[1 occurrence(s)]
DEBUG --> [REQ_ID=d4a6c8b46dc7] [REQUEST][END]

[1 occurrence(s)]
DEBUG --> [REQ_ID=02317e18cd52] [REQUEST][START] GET /index.php/How-It-Works/Investment-Dashboard

[1 occurrence(s)]
DEBUG --> [REQ_ID=02317e18cd52] [FILTER_BEFORE] /index.php/How-It-Works/Investment-Dashboard

[1 occurrence(s)]
DEBUG --> [REQ_ID=02317e18cd52] [ROUTE] Controller=\App\Modules\Blog\Controllers\HowItWorksController Method=show

[1 occurrence(s)]
DEBUG --> [REQ_ID=02317e18cd52] [LIFECYCLE][START] GET https://www.mymiwallet.com/index.php/How-It-Works/Investment-Dashboard

[1 occurrence(s)]
DEBUG --> [REQ_ID=22da245b64d4] [INIT] App\Modules\Blog\Controllers\HowItWorksController::GET

[1 occurrence(s)]
DEBUG --> [REQ_ID=22da245b64d4] [METHOD_ENTRY] show

[1 occurrence(s)]
DEBUG --> [REQ_ID=22da245b64d4] [VIEW_RENDER] App\Modules\Blog\Views\HowItWorks\Investment_Portfolio_Management

[1 occurrence(s)]
DEBUG --> [REQ_ID=02317e18cd52] [FILTER_AFTER]

[1 occurrence(s)]
DEBUG --> [REQ_ID=02317e18cd52] [LIFECYCLE][END] status=200 duration_ms=1,075.44 memory_delta=6291456

[1 occurrence(s)]
DEBUG --> [REQ_ID=02317e18cd52] [REQUEST][END]

[1 occurrence(s)]
DEBUG --> [REQ_ID=aedc4d935afc] [REQUEST][START] POST /index.php/register

[1 occurrence(s)]
DEBUG --> [REQ_ID=aedc4d935afc] [FILTER_BEFORE] /index.php/register

[1 occurrence(s)]
DEBUG --> [REQ_ID=aedc4d935afc] [ROUTE] Controller=\App\Controllers\AuthController Method=attemptRegister

[1 occurrence(s)]
DEBUG --> [REQ_ID=aedc4d935afc] [LIFECYCLE][START] POST https://www.mymiwallet.com/index.php/register

[1 occurrence(s)]
DEBUG --> [REQ_ID=7fd23d71e188] [INIT] App\Controllers\AuthController::POST

[1 occurrence(s)]
DEBUG --> [REQ_ID=aedc4d935afc] [FILTER_AFTER]

[1 occurrence(s)]
DEBUG --> [REQ_ID=aedc4d935afc] [LIFECYCLE][END] status=302 duration_ms=1,093.98 memory_delta=0

[1 occurrence(s)]
DEBUG --> [REQ_ID=aedc4d935afc] [REQUEST][END]

[1 occurrence(s)]
DEBUG --> [REQ_ID=e90b9d34f14d] [REQUEST][START] GET /index.php/register/success

[1 occurrence(s)]
DEBUG --> [REQ_ID=e90b9d34f14d] [FILTER_BEFORE] /index.php/register/success

[1 occurrence(s)]
DEBUG --> [REQ_ID=e90b9d34f14d] [ROUTE] Controller=\App\Controllers\AuthController Method=registerSuccess

[1 occurrence(s)]
DEBUG --> [REQ_ID=e90b9d34f14d] [LIFECYCLE][START] GET https://www.mymiwallet.com/index.php/register/success

[1 occurrence(s)]
DEBUG --> [REQ_ID=7f9d3e12cc6f] [INIT] App\Controllers\AuthController::GET

[1 occurrence(s)]
DEBUG --> [REQ_ID=7f24ef1dab38] [REQUEST][START] GET /index.php/login

[1 occurrence(s)]
DEBUG --> [REQ_ID=7f24ef1dab38] [FILTER_BEFORE] /index.php/login

[1 occurrence(s)]
DEBUG --> [REQ_ID=7f24ef1dab38] [ROUTE] Controller=\App\Controllers\AuthController Method=login

[1 occurrence(s)]
DEBUG --> [REQ_ID=7f24ef1dab38] [LIFECYCLE][START] GET https://www.mymiwallet.com/index.php/login

[1 occurrence(s)]
DEBUG --> [REQ_ID=f0ea40af6131] [INIT] App\Controllers\AuthController::GET

[1 occurrence(s)]
DEBUG --> [REQ_ID=7f24ef1dab38] [FILTER_AFTER]

[1 occurrence(s)]
DEBUG --> [REQ_ID=7f24ef1dab38] [LIFECYCLE][END] status=200 duration_ms=21.62 memory_delta=0

[1 occurrence(s)]
DEBUG --> [REQ_ID=7f24ef1dab38] [REQUEST][END]

[1 occurrence(s)]
DEBUG --> [REQ_ID=ab41f471ee52] [REQUEST][START] POST /index.php/login

[1 occurrence(s)]
DEBUG --> [REQ_ID=ab41f471ee52] [FILTER_BEFORE] /index.php/login

[1 occurrence(s)]
DEBUG --> [REQ_ID=ab41f471ee52] [ROUTE] Controller=\App\Controllers\AuthController Method=attemptLogin

[1 occurrence(s)]
DEBUG --> [REQ_ID=ab41f471ee52] [LIFECYCLE][START] POST https://www.mymiwallet.com/index.php/login

[1 occurrence(s)]
DEBUG --> [REQ_ID=d460861a0346] [INIT] App\Controllers\AuthController::POST

[1 occurrence(s)]
DEBUG --> Auth attemptLogin() called with login identifier: NormanWab, remember: false

[2 occurrence(s)]
DEBUG --> Auth attemptLogin() called. redirect_url in session: https://www.mymiwallet.com/index.php/How-It-Works/Investment-Dashboard

[2 occurrence(s)]
DEBUG --> Auth credentials normalised for attempt using key "username"

[1 occurrence(s)]
DEBUG --> Auth attempt failed for identifier NormanWab. Error: This user account is not yet activated. <a href="https://www.mymiwallet.com/index.php/resend-activate-account?login=NormanWab">Resend activation message one more time.</a>

[1 occurrence(s)]
DEBUG --> [REQ_ID=ab41f471ee52] [FILTER_AFTER]

[1 occurrence(s)]
DEBUG --> [REQ_ID=ab41f471ee52] [LIFECYCLE][END] status=302 duration_ms=95.35 memory_delta=0

[1 occurrence(s)]
DEBUG --> [REQ_ID=ab41f471ee52] [REQUEST][END]

[1 occurrence(s)]
DEBUG --> [REQ_ID=ceafaaddbb68] [REQUEST][START] GET /index.php/login

[1 occurrence(s)]
DEBUG --> [REQ_ID=ceafaaddbb68] [FILTER_BEFORE] /index.php/login

[1 occurrence(s)]
DEBUG --> [REQ_ID=ceafaaddbb68] [ROUTE] Controller=\App\Controllers\AuthController Method=login

[1 occurrence(s)]
DEBUG --> [REQ_ID=ceafaaddbb68] [LIFECYCLE][START] GET https://www.mymiwallet.com/index.php/login

[1 occurrence(s)]
DEBUG --> [REQ_ID=ccb90a5bf915] [INIT] App\Controllers\AuthController::GET

[1 occurrence(s)]
DEBUG --> [REQ_ID=ceafaaddbb68] [FILTER_AFTER]

[1 occurrence(s)]
DEBUG --> [REQ_ID=ceafaaddbb68] [LIFECYCLE][END] status=200 duration_ms=14.79 memory_delta=0

[1 occurrence(s)]
DEBUG --> [REQ_ID=ceafaaddbb68] [REQUEST][END]

[1 occurrence(s)]
DEBUG --> [REQ_ID=59d6e8bd61e5] [REQUEST][START] GET /index.php/API/Management/Run-CRON-Tasks

[1 occurrence(s)]
DEBUG --> [REQ_ID=59d6e8bd61e5] [FILTER_BEFORE] /index.php/API/Management/Run-CRON-Tasks

[1 occurrence(s)]
DEBUG --> [REQ_ID=59d6e8bd61e5] [ROUTE] Controller=\App\Modules\Management\Controllers\ManagementAPIController Method=Run_CRON_Tasks

[1 occurrence(s)]
DEBUG --> [REQ_ID=59d6e8bd61e5] [LIFECYCLE][START] GET https://www.mymiwallet.com/index.php/API/Management/Run-CRON-Tasks

[1 occurrence(s)]
DEBUG --> [REQ_ID=59d6e8bd61e5] [REQUEST][END]

[1 occurrence(s)]
DEBUG --> LOG_HEALTHCHECK debug marker=b9de5cbe9e27

[1 occurrence(s)]
DEBUG --> [REQ_ID=fdfcbef3bc38] [REQUEST][START] GET /index.php/Support

[1 occurrence(s)]
DEBUG --> [REQ_ID=fdfcbef3bc38] [FILTER_BEFORE] /index.php/Support

[1 occurrence(s)]
DEBUG --> [REQ_ID=fdfcbef3bc38] [ROUTE] Controller=\App\Modules\Support\Controllers\SupportController Method=index

[1 occurrence(s)]
DEBUG --> [REQ_ID=fdfcbef3bc38] [LIFECYCLE][START] GET https://www.mymiwallet.com/index.php/Support

[1 occurrence(s)]
DEBUG --> [CSRF] token name=csrf_test_name hash=31ab263b8c224cb199b55181a752c54f

[1 occurrence(s)]
DEBUG --> [REQ_ID=af8acbb7e875] [INIT] App\Modules\Support\Controllers\SupportController::GET

[1 occurrence(s)]
DEBUG --> [REQ_ID=af8acbb7e875] [METHOD_ENTRY] index

[1 occurrence(s)]
DEBUG --> [REQ_ID=af8acbb7e875] [VIEW_RENDER] SupportModule\Views\Support\index

[1 occurrence(s)]
DEBUG --> [REQ_ID=fdfcbef3bc38] [FILTER_AFTER]

[1 occurrence(s)]
DEBUG --> [REQ_ID=fdfcbef3bc38] [LIFECYCLE][END] status=200 duration_ms=320.11 memory_delta=2097152

[1 occurrence(s)]
DEBUG --> [REQ_ID=fdfcbef3bc38] [REQUEST][END]

[1 occurrence(s)]
DEBUG --> [REQ_ID=907d0217def2] [REQUEST][START] GET /index.php/API/Alerts/fetchEmailAlerts

[1 occurrence(s)]
DEBUG --> [REQ_ID=907d0217def2] [FILTER_BEFORE] /index.php/API/Alerts/fetchEmailAlerts

[1 occurrence(s)]
DEBUG --> [REQ_ID=907d0217def2] [ROUTE] Controller=\App\Modules\APIs\Controllers\AlertsAPIController Method=fetchEmailAlerts

[1 occurrence(s)]
DEBUG --> [REQ_ID=907d0217def2] [LIFECYCLE][START] GET https://www.mymiwallet.com/index.php/API/Alerts/fetchEmailAlerts

[1 occurrence(s)]
DEBUG --> [REQ_ID=907d0217def2] [REQUEST][END]

[1 occurrence(s)]
DEBUG --> [REQ_ID=080d4d2893e8] [REQUEST][START] GET /index.php/How-It-Works/earnings

[1 occurrence(s)]
DEBUG --> [REQ_ID=080d4d2893e8] [FILTER_BEFORE] /index.php/How-It-Works/earnings

[1 occurrence(s)]
DEBUG --> [REQ_ID=080d4d2893e8] [ROUTE] Controller=\App\Modules\Blog\Controllers\HowItWorksController Method=show

[1 occurrence(s)]
DEBUG --> [REQ_ID=080d4d2893e8] [LIFECYCLE][START] GET https://www.mymiwallet.com/index.php/How-It-Works/earnings

[1 occurrence(s)]
DEBUG --> [CSRF] token name=csrf_test_name hash=b87cdda8c8befde3ad9a29b9c777f4e4

[1 occurrence(s)]
DEBUG --> [REQ_ID=ccd92ea85e2c] [INIT] App\Modules\Blog\Controllers\HowItWorksController::GET

[1 occurrence(s)]
DEBUG --> [REQ_ID=ccd92ea85e2c] [METHOD_ENTRY] show

[1 occurrence(s)]
DEBUG --> [REQ_ID=ccd92ea85e2c] [VIEW_RENDER] App\Modules\Blog\Views\HowItWorks\index

[1 occurrence(s)]
DEBUG --> [MetaService] slug=how-it-works/earnings pageName= cacheHit= path=DB

[1 occurrence(s)]
DEBUG --> [MetaService] slug=how-it-works/earnings pageName= cacheHit=1 path=CACHE

[1 occurrence(s)]
DEBUG --> [REQ_ID=080d4d2893e8] [FILTER_AFTER]

[1 occurrence(s)]
DEBUG --> [REQ_ID=080d4d2893e8] [LIFECYCLE][END] status=200 duration_ms=872.71 memory_delta=4194304

[1 occurrence(s)]
DEBUG --> [REQ_ID=080d4d2893e8] [REQUEST][END]

[1 occurrence(s)]
DEBUG --> [REQ_ID=210653e2af61] [REQUEST][START] GET /index.php/How-It-Works/alerts

[1 occurrence(s)]
DEBUG --> [REQ_ID=210653e2af61] [FILTER_BEFORE] /index.php/How-It-Works/alerts

[1 occurrence(s)]
DEBUG --> [REQ_ID=210653e2af61] [ROUTE] Controller=\App\Modules\Blog\Controllers\HowItWorksController Method=alerts

[1 occurrence(s)]
DEBUG --> [REQ_ID=210653e2af61] [LIFECYCLE][START] GET https://www.mymiwallet.com/index.php/How-It-Works/alerts

[1 occurrence(s)]
DEBUG --> [CSRF] token name=csrf_test_name hash=16b73f5721e26d4240f77265e726b08b

[1 occurrence(s)]
DEBUG --> [REQ_ID=5edb30a9b36d] [INIT] App\Modules\Blog\Controllers\HowItWorksController::GET

[1 occurrence(s)]
DEBUG --> [REQ_ID=5edb30a9b36d] [METHOD_ENTRY] alerts

[1 occurrence(s)]
DEBUG --> [REQ_ID=7f22113791c1] [REQUEST][START] GET /

[1 occurrence(s)]
DEBUG --> [REQ_ID=7f22113791c1] [FILTER_BEFORE] /

[1 occurrence(s)]
DEBUG --> [REQ_ID=7f22113791c1] [ROUTE] Controller=\App\Controllers\Home Method=index

[1 occurrence(s)]
DEBUG --> [REQ_ID=7f22113791c1] [LIFECYCLE][START] GET https://www.mymiwallet.com/index.php/

[1 occurrence(s)]
DEBUG --> [CSRF] token name=csrf_test_name hash=b8c75b5ec84ed540c5e674d829edabe6

[1 occurrence(s)]
DEBUG --> [REQ_ID=2f84397565e3] [INIT] App\Controllers\Home::GET

[1 occurrence(s)]
DEBUG --> [REQ_ID=2f84397565e3] [VIEW_RENDER] themes/public/home

[1 occurrence(s)]
DEBUG --> [REQ_ID=7f22113791c1] [FILTER_AFTER]

[1 occurrence(s)]
DEBUG --> [REQ_ID=7f22113791c1] [LIFECYCLE][END] status=200 duration_ms=749.75 memory_delta=4194304

[1 occurrence(s)]
DEBUG --> [REQ_ID=7f22113791c1] [REQUEST][END]

[1 occurrence(s)]
DEBUG --> [REQ_ID=b6fdc2692602] [REQUEST][START] GET /

[1 occurrence(s)]
DEBUG --> [REQ_ID=b6fdc2692602] [FILTER_BEFORE] /

[1 occurrence(s)]
DEBUG --> [REQ_ID=b6fdc2692602] [ROUTE] Controller=\App\Controllers\Home Method=index

[1 occurrence(s)]
DEBUG --> [REQ_ID=b6fdc2692602] [LIFECYCLE][START] GET https://www.mymiwallet.com/index.php/

[7 occurrence(s)]
DEBUG --> [CSRF] token name=csrf_test_name hash=cc43f71b7f99fe79f79be4987ea0c598

[1 occurrence(s)]
DEBUG --> [REQ_ID=2a3c5258f19a] [INIT] App\Controllers\Home::GET

[1 occurrence(s)]
DEBUG --> [REQ_ID=2a3c5258f19a] [VIEW_RENDER] themes/public/home

[1 occurrence(s)]
DEBUG --> [REQ_ID=b6fdc2692602] [FILTER_AFTER]

[1 occurrence(s)]
DEBUG --> [REQ_ID=b6fdc2692602] [LIFECYCLE][END] status=200 duration_ms=546.67 memory_delta=4194304

[1 occurrence(s)]
DEBUG --> [REQ_ID=b6fdc2692602] [REQUEST][END]

[1 occurrence(s)]
DEBUG --> [REQ_ID=9904ffd4e2a2] [REQUEST][START] GET /index.php/How-It-Works/Investment-Dashboard

[1 occurrence(s)]
DEBUG --> [REQ_ID=9904ffd4e2a2] [FILTER_BEFORE] /index.php/How-It-Works/Investment-Dashboard

[1 occurrence(s)]
DEBUG --> [REQ_ID=9904ffd4e2a2] [ROUTE] Controller=\App\Modules\Blog\Controllers\HowItWorksController Method=show

[1 occurrence(s)]
DEBUG --> [REQ_ID=9904ffd4e2a2] [LIFECYCLE][START] GET https://www.mymiwallet.com/index.php/How-It-Works/Investment-Dashboard

[1 occurrence(s)]
DEBUG --> [REQ_ID=804f9b65a276] [INIT] App\Modules\Blog\Controllers\HowItWorksController::GET

[1 occurrence(s)]
DEBUG --> [REQ_ID=804f9b65a276] [METHOD_ENTRY] show

[1 occurrence(s)]
DEBUG --> [REQ_ID=804f9b65a276] [VIEW_RENDER] App\Modules\Blog\Views\HowItWorks\Investment_Portfolio_Management

[1 occurrence(s)]
DEBUG --> [REQ_ID=9904ffd4e2a2] [FILTER_AFTER]

[1 occurrence(s)]
DEBUG --> [REQ_ID=9904ffd4e2a2] [LIFECYCLE][END] status=200 duration_ms=995.26 memory_delta=6291456

[1 occurrence(s)]
DEBUG --> [REQ_ID=9904ffd4e2a2] [REQUEST][END]

[1 occurrence(s)]
DEBUG --> [REQ_ID=bd1fb24420d3] [REQUEST][START] POST /index.php/register

[1 occurrence(s)]
DEBUG --> [REQ_ID=bd1fb24420d3] [FILTER_BEFORE] /index.php/register

[1 occurrence(s)]
DEBUG --> [REQ_ID=bd1fb24420d3] [ROUTE] Controller=\App\Controllers\AuthController Method=attemptRegister

[1 occurrence(s)]
DEBUG --> [REQ_ID=bd1fb24420d3] [LIFECYCLE][START] POST https://www.mymiwallet.com/index.php/register

[1 occurrence(s)]
DEBUG --> [REQ_ID=76c6a08a99ce] [INIT] App\Controllers\AuthController::POST

[1 occurrence(s)]
DEBUG --> [REQ_ID=bd1fb24420d3] [FILTER_AFTER]

[1 occurrence(s)]
DEBUG --> [REQ_ID=bd1fb24420d3] [LIFECYCLE][END] status=302 duration_ms=87.94 memory_delta=0

[1 occurrence(s)]
DEBUG --> [REQ_ID=bd1fb24420d3] [REQUEST][END]

[1 occurrence(s)]
DEBUG --> [REQ_ID=f75243bc2c75] [REQUEST][START] GET /index.php/How-It-Works/Investment-Dashboard

[1 occurrence(s)]
DEBUG --> [REQ_ID=f75243bc2c75] [FILTER_BEFORE] /index.php/How-It-Works/Investment-Dashboard

[1 occurrence(s)]
DEBUG --> [REQ_ID=f75243bc2c75] [ROUTE] Controller=\App\Modules\Blog\Controllers\HowItWorksController Method=show

[1 occurrence(s)]
DEBUG --> [REQ_ID=f75243bc2c75] [LIFECYCLE][START] GET https://www.mymiwallet.com/index.php/How-It-Works/Investment-Dashboard

[1 occurrence(s)]
DEBUG --> [REQ_ID=22a24b6799f2] [INIT] App\Modules\Blog\Controllers\HowItWorksController::GET

[1 occurrence(s)]
DEBUG --> [REQ_ID=22a24b6799f2] [METHOD_ENTRY] show

[1 occurrence(s)]
DEBUG --> [REQ_ID=22a24b6799f2] [VIEW_RENDER] App\Modules\Blog\Views\HowItWorks\Investment_Portfolio_Management

[1 occurrence(s)]
DEBUG --> [REQ_ID=f75243bc2c75] [FILTER_AFTER]

[1 occurrence(s)]
DEBUG --> [REQ_ID=f75243bc2c75] [LIFECYCLE][END] status=200 duration_ms=1,010.28 memory_delta=6291456

[1 occurrence(s)]
DEBUG --> [REQ_ID=f75243bc2c75] [REQUEST][END]

[1 occurrence(s)]
DEBUG --> [REQ_ID=44668d4b8516] [REQUEST][START] GET /index.php/login

[1 occurrence(s)]
DEBUG --> [REQ_ID=44668d4b8516] [FILTER_BEFORE] /index.php/login

[1 occurrence(s)]
DEBUG --> [REQ_ID=44668d4b8516] [ROUTE] Controller=\App\Controllers\AuthController Method=login

[1 occurrence(s)]
DEBUG --> [REQ_ID=44668d4b8516] [LIFECYCLE][START] GET https://www.mymiwallet.com/index.php/login

[1 occurrence(s)]
DEBUG --> [REQ_ID=4cbcd68f693e] [INIT] App\Controllers\AuthController::GET

[1 occurrence(s)]
DEBUG --> [REQ_ID=44668d4b8516] [FILTER_AFTER]

[1 occurrence(s)]
DEBUG --> [REQ_ID=44668d4b8516] [LIFECYCLE][END] status=200 duration_ms=16.43 memory_delta=0

[1 occurrence(s)]
DEBUG --> [REQ_ID=44668d4b8516] [REQUEST][END]

[1 occurrence(s)]
DEBUG --> [REQ_ID=b8b5ec83d5f8] [REQUEST][START] POST /index.php/login

[1 occurrence(s)]
DEBUG --> [REQ_ID=b8b5ec83d5f8] [FILTER_BEFORE] /index.php/login

[1 occurrence(s)]
DEBUG --> [REQ_ID=b8b5ec83d5f8] [ROUTE] Controller=\App\Controllers\AuthController Method=attemptLogin

[1 occurrence(s)]
DEBUG --> [REQ_ID=b8b5ec83d5f8] [LIFECYCLE][START] POST https://www.mymiwallet.com/index.php/login

[1 occurrence(s)]
DEBUG --> [REQ_ID=f2125f08a813] [INIT] App\Controllers\AuthController::POST

[1 occurrence(s)]
DEBUG --> Auth attemptLogin() called with login identifier: pancakehouse_germany, remember: false

[1 occurrence(s)]
DEBUG --> Auth attempt failed for identifier pancakehouse_germany. Error: Unable to log you in. Please check your credentials.

[1 occurrence(s)]
DEBUG --> [REQ_ID=b8b5ec83d5f8] [FILTER_AFTER]

[1 occurrence(s)]
DEBUG --> [REQ_ID=b8b5ec83d5f8] [LIFECYCLE][END] status=302 duration_ms=30.92 memory_delta=0

[1 occurrence(s)]
DEBUG --> [REQ_ID=b8b5ec83d5f8] [REQUEST][END]

[1 occurrence(s)]
DEBUG --> [REQ_ID=df2c4dbb52d0] [REQUEST][START] GET /index.php/login

[1 occurrence(s)]
DEBUG --> [REQ_ID=df2c4dbb52d0] [FILTER_BEFORE] /index.php/login

[1 occurrence(s)]
DEBUG --> [REQ_ID=df2c4dbb52d0] [ROUTE] Controller=\App\Controllers\AuthController Method=login

[1 occurrence(s)]
DEBUG --> [REQ_ID=df2c4dbb52d0] [LIFECYCLE][START] GET https://www.mymiwallet.com/index.php/login

[1 occurrence(s)]
DEBUG --> [REQ_ID=06b9e460053f] [INIT] App\Controllers\AuthController::GET

[1 occurrence(s)]
DEBUG --> [REQ_ID=df2c4dbb52d0] [FILTER_AFTER]

[1 occurrence(s)]
DEBUG --> [REQ_ID=df2c4dbb52d0] [LIFECYCLE][END] status=200 duration_ms=15.50 memory_delta=0

[1 occurrence(s)]
DEBUG --> [REQ_ID=df2c4dbb52d0] [REQUEST][END]

[1 occurrence(s)]
DEBUG --> [REQ_ID=03cd76e0a4bd] [REQUEST][START] GET /index.php/Management/Marketing/Post-Creator

[1 occurrence(s)]
DEBUG --> [REQ_ID=03cd76e0a4bd] [FILTER_BEFORE] /index.php/Management/Marketing/Post-Creator

[1 occurrence(s)]
DEBUG --> [REQ_ID=03cd76e0a4bd] [ROUTE] Controller=\App\Modules\Management\Controllers\MarketingAdminController Method=postCreator

[1 occurrence(s)]
DEBUG --> [REQ_ID=03cd76e0a4bd] [LIFECYCLE][START] GET https://www.mymiwallet.com/index.php/Management/Marketing/Post-Creator

[1 occurrence(s)]
DEBUG --> [CSRF] token name=csrf_test_name hash=d35f1a024488045a6564d965d22fe8b4

[1 occurrence(s)]
DEBUG --> [REQ_ID=03cd76e0a4bd] [REQUEST][END]

[1 occurrence(s)]
DEBUG --> [REQ_ID=984ed7c8ad2c] [REQUEST][START] GET /index.php/login

[1 occurrence(s)]
DEBUG --> [REQ_ID=984ed7c8ad2c] [FILTER_BEFORE] /index.php/login

[1 occurrence(s)]
DEBUG --> [REQ_ID=984ed7c8ad2c] [ROUTE] Controller=\App\Controllers\AuthController Method=login

[1 occurrence(s)]
DEBUG --> [REQ_ID=984ed7c8ad2c] [LIFECYCLE][START] GET https://www.mymiwallet.com/index.php/login

[1 occurrence(s)]
DEBUG --> [CSRF] token name=csrf_test_name hash=5d73b57f43c7b2450462c86f44fbd110

[1 occurrence(s)]
DEBUG --> [REQ_ID=7735b7eb6e6c] [INIT] App\Controllers\AuthController::GET

[1 occurrence(s)]
DEBUG --> [REQ_ID=984ed7c8ad2c] [FILTER_AFTER]

[1 occurrence(s)]
DEBUG --> [REQ_ID=984ed7c8ad2c] [LIFECYCLE][END] status=200 duration_ms=33.28 memory_delta=0

[1 occurrence(s)]
DEBUG --> [REQ_ID=984ed7c8ad2c] [REQUEST][END]

[1 occurrence(s)]
DEBUG --> [REQ_ID=5966952c69f5] [REQUEST][START] GET /index.php

[1 occurrence(s)]
DEBUG --> [REQ_ID=5966952c69f5] [FILTER_BEFORE] /index.php

[1 occurrence(s)]
DEBUG --> [REQ_ID=5966952c69f5] [ROUTE] Controller=\App\Controllers\Home Method=index

[1 occurrence(s)]
DEBUG --> [REQ_ID=5966952c69f5] [LIFECYCLE][START] GET https://www.mymiwallet.com/index.php/

[1 occurrence(s)]
DEBUG --> [CSRF] token name=csrf_test_name hash=8b23c5cc01014fb525f92830d762a962

[1 occurrence(s)]
DEBUG --> [REQ_ID=0a82ff43e562] [INIT] App\Controllers\Home::GET

[1 occurrence(s)]
DEBUG --> [REQ_ID=0a82ff43e562] [VIEW_RENDER] themes/public/home

[1 occurrence(s)]
DEBUG --> [REQ_ID=5966952c69f5] [FILTER_AFTER]

[1 occurrence(s)]
DEBUG --> [REQ_ID=5966952c69f5] [LIFECYCLE][END] status=200 duration_ms=674.54 memory_delta=4194304

[1 occurrence(s)]
DEBUG --> [REQ_ID=5966952c69f5] [REQUEST][END]

[1 occurrence(s)]
DEBUG --> [REQ_ID=3894cc33e3da] [REQUEST][START] GET /index.php/API/Management/Run-CRON-Tasks

[1 occurrence(s)]
DEBUG --> [REQ_ID=3894cc33e3da] [FILTER_BEFORE] /index.php/API/Management/Run-CRON-Tasks

[1 occurrence(s)]
DEBUG --> [REQ_ID=3894cc33e3da] [ROUTE] Controller=\App\Modules\Management\Controllers\ManagementAPIController Method=Run_CRON_Tasks

[1 occurrence(s)]
DEBUG --> [REQ_ID=3894cc33e3da] [LIFECYCLE][START] GET https://www.mymiwallet.com/index.php/API/Management/Run-CRON-Tasks

[1 occurrence(s)]
DEBUG --> [REQ_ID=3894cc33e3da] [REQUEST][END]

[1 occurrence(s)]
DEBUG --> [REQ_ID=ea4a088fcce5] [REQUEST][START] GET /index.php/API/Alerts/fetchEmailAlerts

[1 occurrence(s)]
DEBUG --> [REQ_ID=ea4a088fcce5] [FILTER_BEFORE] /index.php/API/Alerts/fetchEmailAlerts

[1 occurrence(s)]
DEBUG --> [REQ_ID=ea4a088fcce5] [ROUTE] Controller=\App\Modules\APIs\Controllers\AlertsAPIController Method=fetchEmailAlerts

[1 occurrence(s)]
DEBUG --> [REQ_ID=ea4a088fcce5] [LIFECYCLE][START] GET https://www.mymiwallet.com/index.php/API/Alerts/fetchEmailAlerts

[1 occurrence(s)]
DEBUG --> [REQ_ID=ea4a088fcce5] [REQUEST][END]

[1 occurrence(s)]
DEBUG --> [REQ_ID=1057a997b15b] [REQUEST][START] GET /index.php/Budget

[1 occurrence(s)]
DEBUG --> [REQ_ID=1057a997b15b] [FILTER_BEFORE] /index.php/Budget

[1 occurrence(s)]
DEBUG --> [REQ_ID=1057a997b15b] [ROUTE] Controller=\App\Modules\User\Controllers\BudgetController Method=index

[1 occurrence(s)]
DEBUG --> [REQ_ID=1057a997b15b] [LIFECYCLE][START] GET https://www.mymiwallet.com/index.php/Budget

[1 occurrence(s)]
DEBUG --> [CSRF] token name=csrf_test_name hash=93a08863d4b446d05b64ec9927899ce6

[1 occurrence(s)]
DEBUG --> [REQ_ID=1057a997b15b] [REQUEST][END]

[1 occurrence(s)]
DEBUG --> [REQ_ID=246b6c9df7a0] [REQUEST][START] GET /index.php/login

[1 occurrence(s)]
DEBUG --> [REQ_ID=246b6c9df7a0] [FILTER_BEFORE] /index.php/login

[1 occurrence(s)]
DEBUG --> [REQ_ID=246b6c9df7a0] [ROUTE] Controller=\App\Controllers\AuthController Method=login

[1 occurrence(s)]
DEBUG --> [REQ_ID=246b6c9df7a0] [LIFECYCLE][START] GET https://www.mymiwallet.com/index.php/login

[1 occurrence(s)]
DEBUG --> [CSRF] token name=csrf_test_name hash=5671c753bdaaba0bf44bb42adfd1b6f4

[1 occurrence(s)]
DEBUG --> [REQ_ID=99d55cea3221] [INIT] App\Controllers\AuthController::GET

[1 occurrence(s)]
DEBUG --> [REQ_ID=246b6c9df7a0] [FILTER_AFTER]

[1 occurrence(s)]
DEBUG --> [REQ_ID=246b6c9df7a0] [LIFECYCLE][END] status=200 duration_ms=248.07 memory_delta=0

[1 occurrence(s)]
DEBUG --> [REQ_ID=246b6c9df7a0] [REQUEST][END]

[1 occurrence(s)]
DEBUG --> [REQ_ID=256000a1421e] [REQUEST][START] GET /

[1 occurrence(s)]
DEBUG --> [REQ_ID=256000a1421e] [FILTER_BEFORE] /

[1 occurrence(s)]
DEBUG --> [REQ_ID=256000a1421e] [ROUTE] Controller=\App\Controllers\Home Method=index

[1 occurrence(s)]
DEBUG --> [REQ_ID=256000a1421e] [LIFECYCLE][START] GET https://www.mymiwallet.com/index.php/

[1 occurrence(s)]
DEBUG --> [CSRF] token name=csrf_test_name hash=4457f8e797f2989d7f7f8a8aed48c670

[1 occurrence(s)]
DEBUG --> [REQ_ID=6d83ebb7a6e9] [INIT] App\Controllers\Home::GET

[1 occurrence(s)]
DEBUG --> [REQ_ID=6d83ebb7a6e9] [VIEW_RENDER] themes/public/home

[1 occurrence(s)]
DEBUG --> [REQ_ID=256000a1421e] [FILTER_AFTER]

[1 occurrence(s)]
DEBUG --> [REQ_ID=256000a1421e] [LIFECYCLE][END] status=200 duration_ms=634.32 memory_delta=4194304

[1 occurrence(s)]
DEBUG --> [REQ_ID=256000a1421e] [REQUEST][END]

[1 occurrence(s)]
DEBUG --> [REQ_ID=6e9209ecaf17] [REQUEST][START] GET /

[1 occurrence(s)]
DEBUG --> [REQ_ID=6e9209ecaf17] [FILTER_BEFORE] /

[1 occurrence(s)]
DEBUG --> [REQ_ID=6e9209ecaf17] [ROUTE] Controller=\App\Controllers\Home Method=index

[1 occurrence(s)]
DEBUG --> [REQ_ID=6e9209ecaf17] [LIFECYCLE][START] GET https://www.mymiwallet.com/index.php/

[1 occurrence(s)]
DEBUG --> [CSRF] token name=csrf_test_name hash=4633966213e51ba67d8fa935be933502

[1 occurrence(s)]
DEBUG --> [REQ_ID=ee0fc7288064] [INIT] App\Controllers\Home::GET

[1 occurrence(s)]
DEBUG --> [REQ_ID=ee0fc7288064] [VIEW_RENDER] themes/public/home

[1 occurrence(s)]
DEBUG --> [REQ_ID=6e9209ecaf17] [FILTER_AFTER]

[1 occurrence(s)]
DEBUG --> [REQ_ID=6e9209ecaf17] [LIFECYCLE][END] status=200 duration_ms=616.84 memory_delta=4194304

[1 occurrence(s)]
DEBUG --> [REQ_ID=6e9209ecaf17] [REQUEST][END]

[1 occurrence(s)]
DEBUG --> [REQ_ID=43a5a4a6e3c3] [REQUEST][START] GET /

[1 occurrence(s)]
DEBUG --> [REQ_ID=43a5a4a6e3c3] [FILTER_BEFORE] /

[1 occurrence(s)]
DEBUG --> [REQ_ID=43a5a4a6e3c3] [ROUTE] Controller=\App\Controllers\Home Method=index

[1 occurrence(s)]
DEBUG --> [REQ_ID=43a5a4a6e3c3] [LIFECYCLE][START] GET https://www.mymiwallet.com/index.php/

[1 occurrence(s)]
DEBUG --> [CSRF] token name=csrf_test_name hash=366cdf007a4e729ba796ce1289289977

[1 occurrence(s)]
DEBUG --> [REQ_ID=6bcad02259ac] [INIT] App\Controllers\Home::GET

[1 occurrence(s)]
DEBUG --> [REQ_ID=6bcad02259ac] [VIEW_RENDER] themes/public/home

[1 occurrence(s)]
DEBUG --> [REQ_ID=43a5a4a6e3c3] [FILTER_AFTER]

[1 occurrence(s)]
DEBUG --> [REQ_ID=43a5a4a6e3c3] [LIFECYCLE][END] status=200 duration_ms=614.33 memory_delta=4194304

[1 occurrence(s)]
DEBUG --> [REQ_ID=43a5a4a6e3c3] [REQUEST][END]

[1 occurrence(s)]
DEBUG --> [REQ_ID=65730cf48ace] [REQUEST][START] GET /index.php/Dashboard

[1 occurrence(s)]
DEBUG --> [REQ_ID=65730cf48ace] [FILTER_BEFORE] /index.php/Dashboard

[1 occurrence(s)]
DEBUG --> [REQ_ID=65730cf48ace] [ROUTE] Controller=\App\Modules\User\Controllers\DashboardController Method=index

[1 occurrence(s)]
DEBUG --> [REQ_ID=65730cf48ace] [LIFECYCLE][START] GET https://www.mymiwallet.com/index.php/Dashboard

[1 occurrence(s)]
DEBUG --> [CSRF] token name=csrf_test_name hash=cba9398145be90cf4e318063f1c545df

[1 occurrence(s)]
DEBUG --> [REQ_ID=65730cf48ace] [REQUEST][END]

[1 occurrence(s)]
DEBUG --> [REQ_ID=ed3f3f4d17bd] [REQUEST][START] GET /index.php/API/Management/Run-CRON-Tasks

[1 occurrence(s)]
DEBUG --> [REQ_ID=ed3f3f4d17bd] [FILTER_BEFORE] /index.php/API/Management/Run-CRON-Tasks

[1 occurrence(s)]
DEBUG --> [REQ_ID=ed3f3f4d17bd] [ROUTE] Controller=\App\Modules\Management\Controllers\ManagementAPIController Method=Run_CRON_Tasks

[1 occurrence(s)]
DEBUG --> [REQ_ID=ed3f3f4d17bd] [LIFECYCLE][START] GET https://www.mymiwallet.com/index.php/API/Management/Run-CRON-Tasks

[1 occurrence(s)]
DEBUG --> [REQ_ID=ed3f3f4d17bd] [REQUEST][END]

[1 occurrence(s)]
DEBUG --> LOG_HEALTHCHECK debug marker=c04e58345bd6

[1 occurrence(s)]
DEBUG --> [REQ_ID=4f3e6fd80f0d] [REQUEST][START] GET /index.php/Support

[1 occurrence(s)]
DEBUG --> [REQ_ID=4f3e6fd80f0d] [FILTER_BEFORE] /index.php/Support

[1 occurrence(s)]
DEBUG --> [REQ_ID=4f3e6fd80f0d] [ROUTE] Controller=\App\Modules\Support\Controllers\SupportController Method=index

[1 occurrence(s)]
DEBUG --> [REQ_ID=4f3e6fd80f0d] [LIFECYCLE][START] GET https://www.mymiwallet.com/index.php/Support

[1 occurrence(s)]
DEBUG --> [CSRF] token name=csrf_test_name hash=030722d42477bcd94e5bb680aeec3ffc

[1 occurrence(s)]
DEBUG --> [REQ_ID=c4efade783ed] [INIT] App\Modules\Support\Controllers\SupportController::GET

[1 occurrence(s)]
DEBUG --> [REQ_ID=c4efade783ed] [METHOD_ENTRY] index

[1 occurrence(s)]
DEBUG --> [REQ_ID=c4efade783ed] [VIEW_RENDER] SupportModule\Views\Support\index

[1 occurrence(s)]
DEBUG --> [REQ_ID=4f3e6fd80f0d] [FILTER_AFTER]

[1 occurrence(s)]
DEBUG --> [REQ_ID=4f3e6fd80f0d] [LIFECYCLE][END] status=200 duration_ms=104.87 memory_delta=2097152

[1 occurrence(s)]
DEBUG --> [REQ_ID=4f3e6fd80f0d] [REQUEST][END]

[1 occurrence(s)]
DEBUG --> [REQ_ID=39b2ffd543ad] [REQUEST][START] GET /

[1 occurrence(s)]
DEBUG --> [REQ_ID=39b2ffd543ad] [FILTER_BEFORE] /

[1 occurrence(s)]
DEBUG --> [REQ_ID=39b2ffd543ad] [ROUTE] Controller=\App\Controllers\Home Method=index

[1 occurrence(s)]
DEBUG --> [REQ_ID=39b2ffd543ad] [LIFECYCLE][START] GET https://www.mymiwallet.com/index.php/

[1 occurrence(s)]
DEBUG --> [CSRF] token name=csrf_test_name hash=5e0ae7de399233a8f71dc6144f5d0de2

[1 occurrence(s)]
DEBUG --> [REQ_ID=9edb249b0bb2] [INIT] App\Controllers\Home::GET

[1 occurrence(s)]
DEBUG --> [REQ_ID=9edb249b0bb2] [VIEW_RENDER] themes/public/home

[1 occurrence(s)]
DEBUG --> [REQ_ID=39b2ffd543ad] [FILTER_AFTER]

[1 occurrence(s)]
DEBUG --> [REQ_ID=39b2ffd543ad] [LIFECYCLE][END] status=200 duration_ms=629.53 memory_delta=4194304

[1 occurrence(s)]
DEBUG --> [REQ_ID=39b2ffd543ad] [REQUEST][END]

[1 occurrence(s)]
DEBUG --> [REQ_ID=a29269067cc8] [REQUEST][START] GET /

[1 occurrence(s)]
DEBUG --> [REQ_ID=a29269067cc8] [FILTER_BEFORE] /

[1 occurrence(s)]
DEBUG --> [REQ_ID=a29269067cc8] [ROUTE] Controller=\App\Controllers\Home Method=index

[1 occurrence(s)]
DEBUG --> [REQ_ID=a29269067cc8] [LIFECYCLE][START] GET https://www.mymiwallet.com/index.php/

[1 occurrence(s)]
DEBUG --> [CSRF] token name=csrf_test_name hash=61892c548c42fcc7c46528de5e9022a8

[1 occurrence(s)]
DEBUG --> [REQ_ID=842cafdfdef3] [INIT] App\Controllers\Home::GET

[1 occurrence(s)]
DEBUG --> [REQ_ID=842cafdfdef3] [VIEW_RENDER] themes/public/home

[1 occurrence(s)]
DEBUG --> [REQ_ID=a29269067cc8] [FILTER_AFTER]

[1 occurrence(s)]
DEBUG --> [REQ_ID=a29269067cc8] [LIFECYCLE][END] status=200 duration_ms=529.55 memory_delta=2097152

[1 occurrence(s)]
DEBUG --> [REQ_ID=a29269067cc8] [REQUEST][END]

[1 occurrence(s)]
DEBUG --> [REQ_ID=57a7eb478310] [REQUEST][START] GET /

[1 occurrence(s)]
DEBUG --> [REQ_ID=57a7eb478310] [FILTER_BEFORE] /

[1 occurrence(s)]
DEBUG --> [REQ_ID=57a7eb478310] [ROUTE] Controller=\App\Controllers\Home Method=index

[1 occurrence(s)]
DEBUG --> [REQ_ID=57a7eb478310] [LIFECYCLE][START] GET https://www.mymiwallet.com/index.php/

[1 occurrence(s)]
DEBUG --> [CSRF] token name=csrf_test_name hash=7676a1163b479d355a58c4006ada32da

[1 occurrence(s)]
DEBUG --> [REQ_ID=205136e58462] [INIT] App\Controllers\Home::GET

[1 occurrence(s)]
DEBUG --> [REQ_ID=205136e58462] [VIEW_RENDER] themes/public/home

[1 occurrence(s)]
DEBUG --> [REQ_ID=57a7eb478310] [FILTER_AFTER]

[1 occurrence(s)]
DEBUG --> [REQ_ID=57a7eb478310] [LIFECYCLE][END] status=200 duration_ms=602.60 memory_delta=4194304

[1 occurrence(s)]
DEBUG --> [REQ_ID=57a7eb478310] [REQUEST][END]

[1 occurrence(s)]
DEBUG --> [REQ_ID=1d206eb84f5c] [REQUEST][START] GET /index.php/API/Alerts/fetchEmailAlerts

[1 occurrence(s)]
DEBUG --> [REQ_ID=1d206eb84f5c] [FILTER_BEFORE] /index.php/API/Alerts/fetchEmailAlerts

[1 occurrence(s)]
DEBUG --> [REQ_ID=1d206eb84f5c] [ROUTE] Controller=\App\Modules\APIs\Controllers\AlertsAPIController Method=fetchEmailAlerts

[1 occurrence(s)]
DEBUG --> [REQ_ID=1d206eb84f5c] [LIFECYCLE][START] GET https://www.mymiwallet.com/index.php/API/Alerts/fetchEmailAlerts

[1 occurrence(s)]
DEBUG --> [REQ_ID=1d206eb84f5c] [REQUEST][END]

[1 occurrence(s)]
DEBUG --> [REQ_ID=1588b8f52cca] [REQUEST][START] GET /

[1 occurrence(s)]
DEBUG --> [REQ_ID=1588b8f52cca] [FILTER_BEFORE] /

[1 occurrence(s)]
DEBUG --> [REQ_ID=1588b8f52cca] [ROUTE] Controller=\App\Controllers\Home Method=index

[1 occurrence(s)]
DEBUG --> [REQ_ID=1588b8f52cca] [LIFECYCLE][START] GET https://www.mymiwallet.com/index.php/

[1 occurrence(s)]
DEBUG --> [CSRF] token name=csrf_test_name hash=d03dd5f6e931733e096a2d05b0a8fa93

[1 occurrence(s)]
DEBUG --> [REQ_ID=d8b583001515] [INIT] App\Controllers\Home::GET

[1 occurrence(s)]
DEBUG --> [REQ_ID=d8b583001515] [VIEW_RENDER] themes/public/home

[1 occurrence(s)]
DEBUG --> [REQ_ID=1588b8f52cca] [FILTER_AFTER]

[1 occurrence(s)]
DEBUG --> [REQ_ID=1588b8f52cca] [LIFECYCLE][END] status=200 duration_ms=674.63 memory_delta=4194304

[1 occurrence(s)]
DEBUG --> [REQ_ID=1588b8f52cca] [REQUEST][END]

[1 occurrence(s)]
DEBUG --> [REQ_ID=8d1beb7f765e] [REQUEST][START] GET /

[1 occurrence(s)]
DEBUG --> [REQ_ID=8d1beb7f765e] [FILTER_BEFORE] /

[1 occurrence(s)]
DEBUG --> [REQ_ID=8d1beb7f765e] [ROUTE] Controller=\App\Controllers\Home Method=index

[1 occurrence(s)]
DEBUG --> [REQ_ID=8d1beb7f765e] [LIFECYCLE][START] GET https://www.mymiwallet.com/index.php/

[1 occurrence(s)]
DEBUG --> [CSRF] token name=csrf_test_name hash=6583b45216f234ba7be04bff65faf307

[1 occurrence(s)]
DEBUG --> [REQ_ID=9b3cb4900050] [INIT] App\Controllers\Home::GET

[1 occurrence(s)]
DEBUG --> [REQ_ID=9b3cb4900050] [VIEW_RENDER] themes/public/home

[1 occurrence(s)]
DEBUG --> [REQ_ID=8d1beb7f765e] [FILTER_AFTER]

[1 occurrence(s)]
DEBUG --> [REQ_ID=8d1beb7f765e] [LIFECYCLE][END] status=200 duration_ms=750.78 memory_delta=4194304

[1 occurrence(s)]
DEBUG --> [REQ_ID=8d1beb7f765e] [REQUEST][END]

[1 occurrence(s)]
DEBUG --> [REQ_ID=96222f2a5966] [REQUEST][START] GET /index.php/Trade-Tracker

[1 occurrence(s)]
DEBUG --> [REQ_ID=96222f2a5966] [FILTER_BEFORE] /index.php/Trade-Tracker

[1 occurrence(s)]
DEBUG --> [REQ_ID=96222f2a5966] [ROUTE] Controller=\App\Modules\User\Controllers\InvestmentsController Method=tradeTracker

[1 occurrence(s)]
DEBUG --> [REQ_ID=96222f2a5966] [LIFECYCLE][START] GET https://www.mymiwallet.com/index.php/Trade-Tracker

[1 occurrence(s)]
DEBUG --> [CSRF] token name=csrf_test_name hash=19fa055436f3c37cd82d302f90b4fdfa

[1 occurrence(s)]
DEBUG --> [REQ_ID=96222f2a5966] [REQUEST][END]

[1 occurrence(s)]
DEBUG --> [REQ_ID=c3357f150926] [REQUEST][START] GET /index.php/login

[1 occurrence(s)]
DEBUG --> [REQ_ID=c3357f150926] [FILTER_BEFORE] /index.php/login

[1 occurrence(s)]
DEBUG --> [REQ_ID=c3357f150926] [ROUTE] Controller=\App\Controllers\AuthController Method=login

[1 occurrence(s)]
DEBUG --> [REQ_ID=c3357f150926] [LIFECYCLE][START] GET https://www.mymiwallet.com/index.php/login

[1 occurrence(s)]
DEBUG --> [CSRF] token name=csrf_test_name hash=570219b14ac8b3640b18c3966d586ad2

[1 occurrence(s)]
DEBUG --> [REQ_ID=9f6ad280e866] [INIT] App\Controllers\AuthController::GET

[1 occurrence(s)]
DEBUG --> [REQ_ID=c3357f150926] [FILTER_AFTER]

[1 occurrence(s)]
DEBUG --> [REQ_ID=c3357f150926] [LIFECYCLE][END] status=200 duration_ms=53.27 memory_delta=0

[1 occurrence(s)]
DEBUG --> [REQ_ID=c3357f150926] [REQUEST][END]

[1 occurrence(s)]
DEBUG --> [REQ_ID=0e8f3276e7de] [REQUEST][START] GET /

[1 occurrence(s)]
DEBUG --> [REQ_ID=0e8f3276e7de] [FILTER_BEFORE] /

[1 occurrence(s)]
DEBUG --> [REQ_ID=0e8f3276e7de] [ROUTE] Controller=\App\Controllers\Home Method=index

[1 occurrence(s)]
DEBUG --> [REQ_ID=0e8f3276e7de] [LIFECYCLE][START] GET https://www.mymiwallet.com/index.php/

[1 occurrence(s)]
DEBUG --> [CSRF] token name=csrf_test_name hash=f29dffe42e2c8d40046bcd33ea3b4c92

[1 occurrence(s)]
DEBUG --> [REQ_ID=1987e6acb48f] [INIT] App\Controllers\Home::GET

[1 occurrence(s)]
DEBUG --> [REQ_ID=1987e6acb48f] [VIEW_RENDER] themes/public/home

[1 occurrence(s)]
DEBUG --> [REQ_ID=0e8f3276e7de] [FILTER_AFTER]

[1 occurrence(s)]
DEBUG --> [REQ_ID=0e8f3276e7de] [LIFECYCLE][END] status=200 duration_ms=587.86 memory_delta=4194304

[1 occurrence(s)]
DEBUG --> [REQ_ID=0e8f3276e7de] [REQUEST][END]

[1 occurrence(s)]
DEBUG --> [REQ_ID=0bd60ddb088c] [REQUEST][START] GET /

[1 occurrence(s)]
DEBUG --> [REQ_ID=0bd60ddb088c] [FILTER_BEFORE] /

[1 occurrence(s)]
DEBUG --> [REQ_ID=0bd60ddb088c] [ROUTE] Controller=\App\Controllers\Home Method=index

[1 occurrence(s)]
DEBUG --> [REQ_ID=0bd60ddb088c] [LIFECYCLE][START] GET https://www.mymiwallet.com/index.php/

[1 occurrence(s)]
DEBUG --> [CSRF] token name=csrf_test_name hash=f88f3dda3a2d82b60d5f1c696a7e07e2

[1 occurrence(s)]
DEBUG --> [REQ_ID=faad37444bfd] [INIT] App\Controllers\Home::GET

[1 occurrence(s)]
DEBUG --> [REQ_ID=faad37444bfd] [VIEW_RENDER] themes/public/home

[1 occurrence(s)]
DEBUG --> [REQ_ID=0bd60ddb088c] [FILTER_AFTER]

[1 occurrence(s)]
DEBUG --> [REQ_ID=0bd60ddb088c] [LIFECYCLE][END] status=200 duration_ms=528.17 memory_delta=2097152

[1 occurrence(s)]
DEBUG --> [REQ_ID=0bd60ddb088c] [REQUEST][END]

[1 occurrence(s)]
DEBUG --> [REQ_ID=65b13dbdc617] [REQUEST][START] GET /

[1 occurrence(s)]
DEBUG --> [REQ_ID=65b13dbdc617] [FILTER_BEFORE] /

[1 occurrence(s)]
DEBUG --> [REQ_ID=65b13dbdc617] [ROUTE] Controller=\App\Controllers\Home Method=index

[1 occurrence(s)]
DEBUG --> [REQ_ID=65b13dbdc617] [LIFECYCLE][START] GET https://www.mymiwallet.com/index.php/

[1 occurrence(s)]
DEBUG --> [CSRF] token name=csrf_test_name hash=544b600b611315edcabf27ba210a3a37

[1 occurrence(s)]
DEBUG --> [REQ_ID=dd8314264a2e] [INIT] App\Controllers\Home::GET

[1 occurrence(s)]
DEBUG --> [REQ_ID=dd8314264a2e] [VIEW_RENDER] themes/public/home

[1 occurrence(s)]
DEBUG --> [REQ_ID=65b13dbdc617] [FILTER_AFTER]

[1 occurrence(s)]
DEBUG --> [REQ_ID=65b13dbdc617] [LIFECYCLE][END] status=200 duration_ms=523.26 memory_delta=2097152

[1 occurrence(s)]
DEBUG --> [REQ_ID=65b13dbdc617] [REQUEST][END]

[1 occurrence(s)]
DEBUG --> [REQ_ID=703979fae5f2] [REQUEST][START] GET /

[1 occurrence(s)]
DEBUG --> [REQ_ID=703979fae5f2] [FILTER_BEFORE] /

[1 occurrence(s)]
DEBUG --> [REQ_ID=703979fae5f2] [ROUTE] Controller=\App\Controllers\Home Method=index

[1 occurrence(s)]
DEBUG --> [REQ_ID=703979fae5f2] [LIFECYCLE][START] GET https://www.mymiwallet.com/index.php/

[1 occurrence(s)]
DEBUG --> [CSRF] token name=csrf_test_name hash=ad7746b8493a353114580eb4fb29bd1d

[1 occurrence(s)]
DEBUG --> [REQ_ID=8fa39b208b58] [INIT] App\Controllers\Home::GET

[1 occurrence(s)]
DEBUG --> [REQ_ID=8fa39b208b58] [VIEW_RENDER] themes/public/home

[1 occurrence(s)]
DEBUG --> [REQ_ID=703979fae5f2] [FILTER_AFTER]

[1 occurrence(s)]
DEBUG --> [REQ_ID=703979fae5f2] [LIFECYCLE][END] status=200 duration_ms=486.08 memory_delta=2097152

[1 occurrence(s)]
DEBUG --> [REQ_ID=703979fae5f2] [REQUEST][END]

[1 occurrence(s)]
DEBUG --> [REQ_ID=539aa5f7d085] [REQUEST][START] GET /

[1 occurrence(s)]
DEBUG --> [REQ_ID=539aa5f7d085] [FILTER_BEFORE] /

[1 occurrence(s)]
DEBUG --> [REQ_ID=539aa5f7d085] [ROUTE] Controller=\App\Controllers\Home Method=index

[1 occurrence(s)]
DEBUG --> [REQ_ID=539aa5f7d085] [LIFECYCLE][START] GET https://www.mymiwallet.com/index.php/

[1 occurrence(s)]
DEBUG --> [CSRF] token name=csrf_test_name hash=8b01871d34b67bb5e0be018083a6a7ed

[1 occurrence(s)]
DEBUG --> [REQ_ID=e5670ced6d56] [INIT] App\Controllers\Home::GET

[1 occurrence(s)]
DEBUG --> [REQ_ID=e5670ced6d56] [VIEW_RENDER] themes/public/home

[1 occurrence(s)]
DEBUG --> [REQ_ID=539aa5f7d085] [FILTER_AFTER]

[1 occurrence(s)]
DEBUG --> [REQ_ID=539aa5f7d085] [LIFECYCLE][END] status=200 duration_ms=490.82 memory_delta=2097152

[1 occurrence(s)]
DEBUG --> [REQ_ID=539aa5f7d085] [REQUEST][END]

[1 occurrence(s)]
DEBUG --> [REQ_ID=a79e504cde4c] [REQUEST][START] GET /

[1 occurrence(s)]
DEBUG --> [REQ_ID=a79e504cde4c] [FILTER_BEFORE] /

[1 occurrence(s)]
DEBUG --> [REQ_ID=a79e504cde4c] [ROUTE] Controller=\App\Controllers\Home Method=index

[1 occurrence(s)]
DEBUG --> [REQ_ID=a79e504cde4c] [LIFECYCLE][START] GET https://www.mymiwallet.com/index.php/

[1 occurrence(s)]
DEBUG --> [CSRF] token name=csrf_test_name hash=3eaf9b089b480f59d62d81458dbd37ae

[1 occurrence(s)]
DEBUG --> [REQ_ID=5078bdd2f214] [INIT] App\Controllers\Home::GET

[1 occurrence(s)]
DEBUG --> [REQ_ID=5078bdd2f214] [VIEW_RENDER] themes/public/home

[1 occurrence(s)]
DEBUG --> [REQ_ID=a79e504cde4c] [FILTER_AFTER]

[1 occurrence(s)]
DEBUG --> [REQ_ID=a79e504cde4c] [LIFECYCLE][END] status=200 duration_ms=468.39 memory_delta=0

[1 occurrence(s)]
DEBUG --> [REQ_ID=a79e504cde4c] [REQUEST][END]

[1 occurrence(s)]
DEBUG --> [REQ_ID=ddb78e11db6b] [REQUEST][START] GET /index.php

[1 occurrence(s)]
DEBUG --> [REQ_ID=ddb78e11db6b] [FILTER_BEFORE] /index.php

[1 occurrence(s)]
DEBUG --> [REQ_ID=ddb78e11db6b] [ROUTE] Controller=\App\Controllers\Home Method=index

[1 occurrence(s)]
DEBUG --> [REQ_ID=ddb78e11db6b] [LIFECYCLE][START] GET https://www.mymiwallet.com/index.php/

[1 occurrence(s)]
DEBUG --> [CSRF] token name=csrf_test_name hash=08bade55a6fa1c5ff46f50c761129f3e

[1 occurrence(s)]
DEBUG --> [REQ_ID=4a2fc98306ae] [INIT] App\Controllers\Home::GET

[1 occurrence(s)]
DEBUG --> [REQ_ID=4a2fc98306ae] [VIEW_RENDER] themes/public/home

[1 occurrence(s)]
DEBUG --> [REQ_ID=ddb78e11db6b] [FILTER_AFTER]

[1 occurrence(s)]
DEBUG --> [REQ_ID=ddb78e11db6b] [LIFECYCLE][END] status=200 duration_ms=913.10 memory_delta=4194304

[1 occurrence(s)]
DEBUG --> [REQ_ID=ddb78e11db6b] [REQUEST][END]

[1 occurrence(s)]
DEBUG --> [REQ_ID=44daa4870aa4] [REQUEST][START] GET /index.php/API/Management/Run-CRON-Tasks

[1 occurrence(s)]
DEBUG --> [REQ_ID=44daa4870aa4] [FILTER_BEFORE] /index.php/API/Management/Run-CRON-Tasks

[1 occurrence(s)]
DEBUG --> [REQ_ID=44daa4870aa4] [ROUTE] Controller=\App\Modules\Management\Controllers\ManagementAPIController Method=Run_CRON_Tasks

[1 occurrence(s)]
DEBUG --> [REQ_ID=44daa4870aa4] [LIFECYCLE][START] GET https://www.mymiwallet.com/index.php/API/Management/Run-CRON-Tasks

[1 occurrence(s)]
DEBUG --> [REQ_ID=44daa4870aa4] [REQUEST][END]

[1 occurrence(s)]
DEBUG --> [REQ_ID=c7008839266b] [REQUEST][START] GET /index.php/API/Alerts/fetchEmailAlerts

[1 occurrence(s)]
DEBUG --> [REQ_ID=c7008839266b] [FILTER_BEFORE] /index.php/API/Alerts/fetchEmailAlerts

[1 occurrence(s)]
DEBUG --> [REQ_ID=c7008839266b] [ROUTE] Controller=\App\Modules\APIs\Controllers\AlertsAPIController Method=fetchEmailAlerts

[1 occurrence(s)]
DEBUG --> [REQ_ID=c7008839266b] [LIFECYCLE][START] GET https://www.mymiwallet.com/index.php/API/Alerts/fetchEmailAlerts

[1 occurrence(s)]
DEBUG --> [REQ_ID=c7008839266b] [REQUEST][END]

[1 occurrence(s)]
DEBUG --> [REQ_ID=35717b609caf] [REQUEST][START] GET /index.php/How-It-Works/Investment-Portfolio-Management

[1 occurrence(s)]
DEBUG --> [REQ_ID=35717b609caf] [FILTER_BEFORE] /index.php/How-It-Works/Investment-Portfolio-Management

[1 occurrence(s)]
DEBUG --> [REQ_ID=35717b609caf] [ROUTE] Controller=\App\Modules\Blog\Controllers\HowItWorksController Method=show

[1 occurrence(s)]
DEBUG --> [REQ_ID=35717b609caf] [LIFECYCLE][START] GET https://www.mymiwallet.com/index.php/How-It-Works/Investment-Portfolio-Management

[3 occurrence(s)]
DEBUG --> [CSRF] token name=csrf_test_name hash=d228b35c65ba81541fa749afee8032f6

[1 occurrence(s)]
DEBUG --> [REQ_ID=976407ca11db] [INIT] App\Modules\Blog\Controllers\HowItWorksController::GET

[1 occurrence(s)]
DEBUG --> [REQ_ID=976407ca11db] [METHOD_ENTRY] show

[1 occurrence(s)]
DEBUG --> [REQ_ID=35717b609caf] [FILTER_AFTER]

[1 occurrence(s)]
DEBUG --> [REQ_ID=35717b609caf] [LIFECYCLE][END] status=404 duration_ms=237.61 memory_delta=0

[1 occurrence(s)]
DEBUG --> [REQ_ID=35717b609caf] [REQUEST][END]

[1 occurrence(s)]
DEBUG --> [REQ_ID=64faa57bba91] [REQUEST][START] GET /

[1 occurrence(s)]
DEBUG --> [REQ_ID=64faa57bba91] [FILTER_BEFORE] /

[1 occurrence(s)]
DEBUG --> [REQ_ID=64faa57bba91] [ROUTE] Controller=\App\Controllers\Home Method=index

[1 occurrence(s)]
DEBUG --> [REQ_ID=64faa57bba91] [LIFECYCLE][START] GET https://www.mymiwallet.com/index.php/

[1 occurrence(s)]
DEBUG --> [REQ_ID=b23cacb6f471] [INIT] App\Controllers\Home::GET

[1 occurrence(s)]
DEBUG --> [REQ_ID=b23cacb6f471] [VIEW_RENDER] themes/public/home

[1 occurrence(s)]
DEBUG --> [REQ_ID=64faa57bba91] [FILTER_AFTER]

[1 occurrence(s)]
DEBUG --> [REQ_ID=64faa57bba91] [LIFECYCLE][END] status=200 duration_ms=570.74 memory_delta=4194304

[1 occurrence(s)]
DEBUG --> [REQ_ID=64faa57bba91] [REQUEST][END]

[1 occurrence(s)]
DEBUG --> [REQ_ID=f005f19fcc1d] [REQUEST][START] GET /index.php/How-It-Works/Investment-Dashboard

[1 occurrence(s)]
DEBUG --> [REQ_ID=f005f19fcc1d] [FILTER_BEFORE] /index.php/How-It-Works/Investment-Dashboard

[1 occurrence(s)]
DEBUG --> [REQ_ID=f005f19fcc1d] [ROUTE] Controller=\App\Modules\Blog\Controllers\HowItWorksController Method=show

[1 occurrence(s)]
DEBUG --> [REQ_ID=f005f19fcc1d] [LIFECYCLE][START] GET https://www.mymiwallet.com/index.php/How-It-Works/Investment-Dashboard

[1 occurrence(s)]
DEBUG --> [REQ_ID=3e4688db7d51] [INIT] App\Modules\Blog\Controllers\HowItWorksController::GET

[1 occurrence(s)]
DEBUG --> [REQ_ID=3e4688db7d51] [METHOD_ENTRY] show

[1 occurrence(s)]
DEBUG --> [REQ_ID=3e4688db7d51] [VIEW_RENDER] App\Modules\Blog\Views\HowItWorks\Investment_Portfolio_Management

[1 occurrence(s)]
DEBUG --> [REQ_ID=f005f19fcc1d] [FILTER_AFTER]

[1 occurrence(s)]
DEBUG --> [REQ_ID=f005f19fcc1d] [LIFECYCLE][END] status=200 duration_ms=926.25 memory_delta=6291456

[1 occurrence(s)]
DEBUG --> [REQ_ID=f005f19fcc1d] [REQUEST][END]

[1 occurrence(s)]
DEBUG --> [REQ_ID=8a6dd661f965] [REQUEST][START] GET /

[1 occurrence(s)]
DEBUG --> [REQ_ID=8a6dd661f965] [FILTER_BEFORE] /

[1 occurrence(s)]
DEBUG --> [REQ_ID=8a6dd661f965] [ROUTE] Controller=\App\Controllers\Home Method=index

[1 occurrence(s)]
DEBUG --> [REQ_ID=8a6dd661f965] [LIFECYCLE][START] GET https://www.mymiwallet.com/index.php/

[1 occurrence(s)]
DEBUG --> [CSRF] token name=csrf_test_name hash=e54868200b9bf4f0df07792d2eaa2faf

[1 occurrence(s)]
DEBUG --> [REQ_ID=02a2fb3fd7a1] [INIT] App\Controllers\Home::GET

[1 occurrence(s)]
DEBUG --> [REQ_ID=02a2fb3fd7a1] [VIEW_RENDER] themes/public/home

[1 occurrence(s)]
DEBUG --> [REQ_ID=8a6dd661f965] [FILTER_AFTER]

[1 occurrence(s)]
DEBUG --> [REQ_ID=8a6dd661f965] [LIFECYCLE][END] status=200 duration_ms=679.56 memory_delta=4194304

[1 occurrence(s)]
DEBUG --> [REQ_ID=8a6dd661f965] [REQUEST][END]

[1 occurrence(s)]
DEBUG --> [REQ_ID=185cfa4740a9] [REQUEST][START] GET /

[1 occurrence(s)]
DEBUG --> [REQ_ID=185cfa4740a9] [FILTER_BEFORE] /

[1 occurrence(s)]
DEBUG --> [REQ_ID=185cfa4740a9] [ROUTE] Controller=\App\Controllers\Home Method=index

[1 occurrence(s)]
DEBUG --> [REQ_ID=185cfa4740a9] [LIFECYCLE][START] GET https://www.mymiwallet.com/index.php/

[1 occurrence(s)]
DEBUG --> [CSRF] token name=csrf_test_name hash=bcb2521c9bf2b8ab3fb8d4e1df0a90ef

[1 occurrence(s)]
DEBUG --> [REQ_ID=d2af583725df] [INIT] App\Controllers\Home::GET

[1 occurrence(s)]
DEBUG --> [REQ_ID=d2af583725df] [VIEW_RENDER] themes/public/home

[1 occurrence(s)]
DEBUG --> [REQ_ID=185cfa4740a9] [FILTER_AFTER]

[1 occurrence(s)]
DEBUG --> [REQ_ID=185cfa4740a9] [LIFECYCLE][END] status=200 duration_ms=495.36 memory_delta=2097152

[1 occurrence(s)]
DEBUG --> [REQ_ID=185cfa4740a9] [REQUEST][END]

[1 occurrence(s)]
DEBUG --> [REQ_ID=d53f4ab79efa] [REQUEST][START] GET /

[1 occurrence(s)]
DEBUG --> [REQ_ID=d53f4ab79efa] [FILTER_BEFORE] /

[1 occurrence(s)]
DEBUG --> [REQ_ID=d53f4ab79efa] [ROUTE] Controller=\App\Controllers\Home Method=index

[1 occurrence(s)]
DEBUG --> [REQ_ID=d53f4ab79efa] [LIFECYCLE][START] GET https://www.mymiwallet.com/index.php/

[1 occurrence(s)]
DEBUG --> [CSRF] token name=csrf_test_name hash=49dffd185b52aaef93abcb5a5e3b6314

[1 occurrence(s)]
DEBUG --> [REQ_ID=9bda946ddc67] [INIT] App\Controllers\Home::GET

[1 occurrence(s)]
DEBUG --> [REQ_ID=9bda946ddc67] [VIEW_RENDER] themes/public/home

[1 occurrence(s)]
DEBUG --> [REQ_ID=d53f4ab79efa] [FILTER_AFTER]

[1 occurrence(s)]
DEBUG --> [REQ_ID=d53f4ab79efa] [LIFECYCLE][END] status=200 duration_ms=500.44 memory_delta=2097152

[1 occurrence(s)]
DEBUG --> [REQ_ID=d53f4ab79efa] [REQUEST][END]

[1 occurrence(s)]
DEBUG --> [REQ_ID=e7674153ecca] [REQUEST][START] GET /

[1 occurrence(s)]
DEBUG --> [REQ_ID=e7674153ecca] [FILTER_BEFORE] /

[1 occurrence(s)]
DEBUG --> [REQ_ID=e7674153ecca] [ROUTE] Controller=\App\Controllers\Home Method=index

[1 occurrence(s)]
DEBUG --> [REQ_ID=e7674153ecca] [LIFECYCLE][START] GET https://www.mymiwallet.com/index.php/

[1 occurrence(s)]
DEBUG --> [CSRF] token name=csrf_test_name hash=945799a75960cf793b10cc9fb7df70c3

[1 occurrence(s)]
DEBUG --> [REQ_ID=272a59664743] [INIT] App\Controllers\Home::GET

[1 occurrence(s)]
DEBUG --> [REQ_ID=272a59664743] [VIEW_RENDER] themes/public/home

[1 occurrence(s)]
DEBUG --> [REQ_ID=e7674153ecca] [FILTER_AFTER]

[1 occurrence(s)]
DEBUG --> [REQ_ID=e7674153ecca] [LIFECYCLE][END] status=200 duration_ms=507.02 memory_delta=2097152

[1 occurrence(s)]
DEBUG --> [REQ_ID=e7674153ecca] [REQUEST][END]

[1 occurrence(s)]
DEBUG --> [REQ_ID=20d140a2e997] [REQUEST][START] GET /

[1 occurrence(s)]
DEBUG --> [REQ_ID=20d140a2e997] [FILTER_BEFORE] /

[1 occurrence(s)]
DEBUG --> [REQ_ID=20d140a2e997] [ROUTE] Controller=\App\Controllers\Home Method=index

[1 occurrence(s)]
DEBUG --> [REQ_ID=20d140a2e997] [LIFECYCLE][START] GET https://www.mymiwallet.com/index.php/

[1 occurrence(s)]
DEBUG --> [CSRF] token name=csrf_test_name hash=e6feba0ed2a8a858dd1cd7a2fd2e689b

[1 occurrence(s)]
DEBUG --> [REQ_ID=6403a568a06c] [INIT] App\Controllers\Home::GET

[1 occurrence(s)]
DEBUG --> [REQ_ID=6403a568a06c] [VIEW_RENDER] themes/public/home

[1 occurrence(s)]
DEBUG --> [REQ_ID=20d140a2e997] [FILTER_AFTER]

[1 occurrence(s)]
DEBUG --> [REQ_ID=20d140a2e997] [LIFECYCLE][END] status=200 duration_ms=554.43 memory_delta=2097152

[1 occurrence(s)]
DEBUG --> [REQ_ID=20d140a2e997] [REQUEST][END]

[1 occurrence(s)]
DEBUG --> [REQ_ID=2911528be816] [REQUEST][START] GET /

[1 occurrence(s)]
DEBUG --> [REQ_ID=2911528be816] [FILTER_BEFORE] /

[1 occurrence(s)]
DEBUG --> [REQ_ID=2911528be816] [ROUTE] Controller=\App\Controllers\Home Method=index

[1 occurrence(s)]
DEBUG --> [REQ_ID=2911528be816] [LIFECYCLE][START] GET https://www.mymiwallet.com/index.php/

[2 occurrence(s)]
DEBUG --> [CSRF] token name=csrf_test_name hash=57dffb81addde134be22c1821b930ce9

[1 occurrence(s)]
DEBUG --> [REQ_ID=a1213b986c29] [INIT] App\Controllers\Home::GET

[1 occurrence(s)]
DEBUG --> [REQ_ID=a1213b986c29] [VIEW_RENDER] themes/public/home

[1 occurrence(s)]
DEBUG --> [REQ_ID=2911528be816] [FILTER_AFTER]

[1 occurrence(s)]
DEBUG --> [REQ_ID=2911528be816] [LIFECYCLE][END] status=200 duration_ms=564.58 memory_delta=4194304

[1 occurrence(s)]
DEBUG --> [REQ_ID=2911528be816] [REQUEST][END]

[1 occurrence(s)]
DEBUG --> [REQ_ID=7895373a65ad] [REQUEST][START] GET /

[1 occurrence(s)]
DEBUG --> [REQ_ID=7895373a65ad] [FILTER_BEFORE] /

[1 occurrence(s)]
DEBUG --> [REQ_ID=7895373a65ad] [ROUTE] Controller=\App\Controllers\Home Method=index

[1 occurrence(s)]
DEBUG --> [REQ_ID=7895373a65ad] [LIFECYCLE][START] GET https://www.mymiwallet.com/index.php/

[1 occurrence(s)]
DEBUG --> [REQ_ID=f789bda58b41] [INIT] App\Controllers\Home::GET

[1 occurrence(s)]
DEBUG --> [REQ_ID=f789bda58b41] [VIEW_RENDER] themes/public/home

[1 occurrence(s)]
DEBUG --> [REQ_ID=7895373a65ad] [FILTER_AFTER]

[1 occurrence(s)]
DEBUG --> [REQ_ID=7895373a65ad] [LIFECYCLE][END] status=200 duration_ms=506.43 memory_delta=2097152

[1 occurrence(s)]
DEBUG --> [REQ_ID=7895373a65ad] [REQUEST][END]

[1 occurrence(s)]
DEBUG --> [REQ_ID=9181aaefc9a5] [REQUEST][START] GET /index.php/How-It-Works/marketing

[1 occurrence(s)]
DEBUG --> [REQ_ID=9181aaefc9a5] [FILTER_BEFORE] /index.php/How-It-Works/marketing

[1 occurrence(s)]
DEBUG --> [REQ_ID=9181aaefc9a5] [ROUTE] Controller=\App\Modules\Blog\Controllers\HowItWorksController Method=show

[1 occurrence(s)]
DEBUG --> [REQ_ID=9181aaefc9a5] [LIFECYCLE][START] GET https://www.mymiwallet.com/index.php/How-It-Works/marketing

[1 occurrence(s)]
DEBUG --> [CSRF] token name=csrf_test_name hash=e963d82ebd3a892a44d43d6bcdd525b5

[1 occurrence(s)]
DEBUG --> [REQ_ID=7ce7d51e18ff] [INIT] App\Modules\Blog\Controllers\HowItWorksController::GET

[1 occurrence(s)]
DEBUG --> [REQ_ID=7ce7d51e18ff] [METHOD_ENTRY] show

[1 occurrence(s)]
DEBUG --> [REQ_ID=7ce7d51e18ff] [VIEW_RENDER] App\Modules\Blog\Views\HowItWorks\index

[1 occurrence(s)]
DEBUG --> [MetaService] slug=how-it-works/marketing pageName= cacheHit= path=DB

[1 occurrence(s)]
DEBUG --> [MetaService] slug=how-it-works/marketing pageName= cacheHit=1 path=CACHE

[1 occurrence(s)]
DEBUG --> [REQ_ID=9181aaefc9a5] [FILTER_AFTER]

[1 occurrence(s)]
DEBUG --> [REQ_ID=9181aaefc9a5] [LIFECYCLE][END] status=200 duration_ms=694.15 memory_delta=4194304

[1 occurrence(s)]
DEBUG --> [REQ_ID=9181aaefc9a5] [REQUEST][END]

[1 occurrence(s)]
DEBUG --> [REQ_ID=9e9370fe4dd8] [REQUEST][START] GET /index.php/API/Management/Run-CRON-Tasks

[1 occurrence(s)]
DEBUG --> [REQ_ID=9e9370fe4dd8] [FILTER_BEFORE] /index.php/API/Management/Run-CRON-Tasks

[1 occurrence(s)]
DEBUG --> [REQ_ID=9e9370fe4dd8] [ROUTE] Controller=\App\Modules\Management\Controllers\ManagementAPIController Method=Run_CRON_Tasks

[1 occurrence(s)]
DEBUG --> [REQ_ID=9e9370fe4dd8] [LIFECYCLE][START] GET https://www.mymiwallet.com/index.php/API/Management/Run-CRON-Tasks

[1 occurrence(s)]
DEBUG --> [REQ_ID=9e9370fe4dd8] [REQUEST][END]

[1 occurrence(s)]
DEBUG --> LOG_HEALTHCHECK debug marker=03d7aeb4c44d

[1 occurrence(s)]
DEBUG --> [REQ_ID=a45b7c4db947] [REQUEST][START] GET /index.php/Blog

[1 occurrence(s)]
DEBUG --> [REQ_ID=a45b7c4db947] [FILTER_BEFORE] /index.php/Blog

[1 occurrence(s)]
DEBUG --> [REQ_ID=a45b7c4db947] [ROUTE] Controller=\App\Modules\Blog\Controllers\BlogController Method=index

[1 occurrence(s)]
DEBUG --> [REQ_ID=a45b7c4db947] [LIFECYCLE][START] GET https://www.mymiwallet.com/index.php/Blog

[1 occurrence(s)]
DEBUG --> [CSRF] token name=csrf_test_name hash=60a859d75ca405bcbd460fd36717d897

[1 occurrence(s)]
DEBUG --> [REQ_ID=7d7e4746e86d] [INIT] App\Modules\Blog\Controllers\BlogController::GET

[1 occurrence(s)]
DEBUG --> [REQ_ID=7d7e4746e86d] [METHOD_ENTRY] index

[1 occurrence(s)]
DEBUG --> [REQ_ID=510493a78edc] [REQUEST][START] GET /index.php/API/Alerts/fetchEmailAlerts

[1 occurrence(s)]
DEBUG --> [REQ_ID=510493a78edc] [FILTER_BEFORE] /index.php/API/Alerts/fetchEmailAlerts

[1 occurrence(s)]
DEBUG --> [REQ_ID=510493a78edc] [ROUTE] Controller=\App\Modules\APIs\Controllers\AlertsAPIController Method=fetchEmailAlerts

[1 occurrence(s)]
DEBUG --> [REQ_ID=510493a78edc] [LIFECYCLE][START] GET https://www.mymiwallet.com/index.php/API/Alerts/fetchEmailAlerts

[1 occurrence(s)]
DEBUG --> [REQ_ID=510493a78edc] [REQUEST][END]

[1 occurrence(s)]
DEBUG --> [REQ_ID=79e6a88c4932] [REQUEST][START] GET /index.php/Legal/Terms-And-Conditions

[1 occurrence(s)]
DEBUG --> [REQ_ID=79e6a88c4932] [FILTER_BEFORE] /index.php/Legal/Terms-And-Conditions

[1 occurrence(s)]
DEBUG --> [REQ_ID=79e6a88c4932] [ROUTE] Controller=\App\Controllers\Home Method=terms

[1 occurrence(s)]
DEBUG --> [REQ_ID=79e6a88c4932] [LIFECYCLE][START] GET https://www.mymiwallet.com/index.php/Legal/Terms-And-Conditions

[1 occurrence(s)]
DEBUG --> [CSRF] token name=csrf_test_name hash=939ae3a09a0f3f3c447e9bdab3625440

[1 occurrence(s)]
DEBUG --> [REQ_ID=79e6a88c4932] [REQUEST][END]

[1 occurrence(s)]
DEBUG --> [REQ_ID=cbe3d63d40ef] [REQUEST][START] GET /index.php/login

[1 occurrence(s)]
DEBUG --> [REQ_ID=cbe3d63d40ef] [FILTER_BEFORE] /index.php/login

[1 occurrence(s)]
DEBUG --> [REQ_ID=cbe3d63d40ef] [ROUTE] Controller=\App\Controllers\AuthController Method=login

[1 occurrence(s)]
DEBUG --> [REQ_ID=cbe3d63d40ef] [LIFECYCLE][START] GET https://www.mymiwallet.com/index.php/login

[1 occurrence(s)]
DEBUG --> [CSRF] token name=csrf_test_name hash=ad77f5c7e4add84bd15e134674128d90

[1 occurrence(s)]
DEBUG --> [REQ_ID=199c7650bcc2] [INIT] App\Controllers\AuthController::GET

[1 occurrence(s)]
DEBUG --> [REQ_ID=cbe3d63d40ef] [FILTER_AFTER]

[1 occurrence(s)]
DEBUG --> [REQ_ID=cbe3d63d40ef] [LIFECYCLE][END] status=200 duration_ms=53.98 memory_delta=0

[1 occurrence(s)]
DEBUG --> [REQ_ID=cbe3d63d40ef] [REQUEST][END]

[1 occurrence(s)]
DEBUG --> [REQ_ID=cf4fc8ccb86a] [REQUEST][START] GET /index.php/Free/register

[1 occurrence(s)]
DEBUG --> [REQ_ID=cf4fc8ccb86a] [FILTER_BEFORE] /index.php/Free/register

[1 occurrence(s)]
DEBUG --> [REQ_ID=cf4fc8ccb86a] [ROUTE] Controller=\App\Controllers\AuthController Method=register

[1 occurrence(s)]
DEBUG --> [REQ_ID=cf4fc8ccb86a] [LIFECYCLE][START] GET https://www.mymiwallet.com/index.php/Free/register

[1 occurrence(s)]
DEBUG --> [CSRF] token name=csrf_test_name hash=92dc542010460c4e87dbda32040831d4

[1 occurrence(s)]
DEBUG --> [REQ_ID=cf4fc8ccb86a] [REQUEST][END]

[1 occurrence(s)]
DEBUG --> [REQ_ID=6b8f655b1372] [REQUEST][START] GET /index.php/login

[1 occurrence(s)]
DEBUG --> [REQ_ID=6b8f655b1372] [FILTER_BEFORE] /index.php/login

[1 occurrence(s)]
DEBUG --> [REQ_ID=6b8f655b1372] [ROUTE] Controller=\App\Controllers\AuthController Method=login

[1 occurrence(s)]
DEBUG --> [REQ_ID=6b8f655b1372] [LIFECYCLE][START] GET https://www.mymiwallet.com/index.php/login

[1 occurrence(s)]
DEBUG --> [CSRF] token name=csrf_test_name hash=119f143edb8c99769d1840267fb54f8f

[1 occurrence(s)]
DEBUG --> [REQ_ID=3779705a8493] [INIT] App\Controllers\AuthController::GET

[1 occurrence(s)]
DEBUG --> [REQ_ID=6b8f655b1372] [FILTER_AFTER]

[1 occurrence(s)]
DEBUG --> [REQ_ID=6b8f655b1372] [LIFECYCLE][END] status=200 duration_ms=60.93 memory_delta=0

[1 occurrence(s)]
DEBUG --> [REQ_ID=6b8f655b1372] [REQUEST][END]

[1 occurrence(s)]
DEBUG --> [REQ_ID=922624bb545b] [REQUEST][START] GET /index.php/How-It-Works/Daily-Financial-News

[1 occurrence(s)]
DEBUG --> [REQ_ID=922624bb545b] [FILTER_BEFORE] /index.php/How-It-Works/Daily-Financial-News

[1 occurrence(s)]
DEBUG --> [REQ_ID=922624bb545b] [ROUTE] Controller=\App\Modules\Blog\Controllers\HowItWorksController Method=show

[1 occurrence(s)]
DEBUG --> [REQ_ID=922624bb545b] [LIFECYCLE][START] GET https://www.mymiwallet.com/index.php/How-It-Works/Daily-Financial-News

[1 occurrence(s)]
DEBUG --> [CSRF] token name=csrf_test_name hash=b62639d4b0ada2a75473271caf506d8e

[1 occurrence(s)]
DEBUG --> [REQ_ID=fdb227b005e2] [INIT] App\Modules\Blog\Controllers\HowItWorksController::GET

[1 occurrence(s)]
DEBUG --> [REQ_ID=fdb227b005e2] [METHOD_ENTRY] show

[1 occurrence(s)]
DEBUG --> [REQ_ID=922624bb545b] [FILTER_AFTER]

[1 occurrence(s)]
DEBUG --> [REQ_ID=922624bb545b] [LIFECYCLE][END] status=404 duration_ms=110.20 memory_delta=0

[1 occurrence(s)]
DEBUG --> [REQ_ID=922624bb545b] [REQUEST][END]

[1 occurrence(s)]
DEBUG --> [REQ_ID=32bade18a99d] [REQUEST][START] GET /index.php

[1 occurrence(s)]
DEBUG --> [REQ_ID=32bade18a99d] [FILTER_BEFORE] /index.php

[1 occurrence(s)]
DEBUG --> [REQ_ID=32bade18a99d] [ROUTE] Controller=\App\Controllers\Home Method=index

[1 occurrence(s)]
DEBUG --> [REQ_ID=32bade18a99d] [LIFECYCLE][START] GET https://www.mymiwallet.com/index.php/

[1 occurrence(s)]
DEBUG --> [CSRF] token name=csrf_test_name hash=7325b1cc59714a70c8475a96da0817e3

[1 occurrence(s)]
DEBUG --> [REQ_ID=e6128bf9d75a] [INIT] App\Controllers\Home::GET

[1 occurrence(s)]
DEBUG --> [REQ_ID=e6128bf9d75a] [VIEW_RENDER] themes/public/home

[1 occurrence(s)]
DEBUG --> [REQ_ID=32bade18a99d] [FILTER_AFTER]

[1 occurrence(s)]
DEBUG --> [REQ_ID=32bade18a99d] [LIFECYCLE][END] status=200 duration_ms=615.70 memory_delta=4194304

[1 occurrence(s)]
DEBUG --> [REQ_ID=32bade18a99d] [REQUEST][END]

[1 occurrence(s)]
DEBUG --> [REQ_ID=25b418ff6e82] [REQUEST][START] GET /index.php/register

[1 occurrence(s)]
DEBUG --> [REQ_ID=25b418ff6e82] [FILTER_BEFORE] /index.php/register

[1 occurrence(s)]
DEBUG --> [REQ_ID=25b418ff6e82] [ROUTE] Controller=\App\Controllers\AuthController Method=register

[1 occurrence(s)]
DEBUG --> [REQ_ID=25b418ff6e82] [LIFECYCLE][START] GET https://www.mymiwallet.com/index.php/register

[1 occurrence(s)]
DEBUG --> [CSRF] token name=csrf_test_name hash=3230b0149a0ec0b466d52c44fd3f7352

[1 occurrence(s)]
DEBUG --> [REQ_ID=600e562f571b] [INIT] App\Controllers\AuthController::GET

[1 occurrence(s)]
DEBUG --> [REQ_ID=2460458063af] [REQUEST][START] GET /index.php/API/Management/Run-CRON-Tasks

[1 occurrence(s)]
DEBUG --> [REQ_ID=2460458063af] [FILTER_BEFORE] /index.php/API/Management/Run-CRON-Tasks

[1 occurrence(s)]
DEBUG --> [REQ_ID=2460458063af] [ROUTE] Controller=\App\Modules\Management\Controllers\ManagementAPIController Method=Run_CRON_Tasks

[1 occurrence(s)]
DEBUG --> [REQ_ID=2460458063af] [LIFECYCLE][START] GET https://www.mymiwallet.com/index.php/API/Management/Run-CRON-Tasks

[1 occurrence(s)]
DEBUG --> [REQ_ID=2460458063af] [REQUEST][END]

[1 occurrence(s)]
DEBUG --> [REQ_ID=58d2b17798b4] [REQUEST][START] GET /

[1 occurrence(s)]
DEBUG --> [REQ_ID=58d2b17798b4] [FILTER_BEFORE] /

[1 occurrence(s)]
DEBUG --> [REQ_ID=58d2b17798b4] [ROUTE] Controller=\App\Controllers\Home Method=index

[1 occurrence(s)]
DEBUG --> [REQ_ID=58d2b17798b4] [LIFECYCLE][START] GET https://www.mymiwallet.com/index.php/

[1 occurrence(s)]
DEBUG --> [CSRF] token name=csrf_test_name hash=c6c7cdd3359a06fc84639feb1edf9c5c

[1 occurrence(s)]
DEBUG --> [REQ_ID=8902b64b27b2] [INIT] App\Controllers\Home::GET

[1 occurrence(s)]
DEBUG --> [REQ_ID=8902b64b27b2] [VIEW_RENDER] themes/public/home

[1 occurrence(s)]
DEBUG --> [REQ_ID=58d2b17798b4] [FILTER_AFTER]

[1 occurrence(s)]
DEBUG --> [REQ_ID=58d2b17798b4] [LIFECYCLE][END] status=200 duration_ms=839.82 memory_delta=4194304

[1 occurrence(s)]
DEBUG --> [REQ_ID=58d2b17798b4] [REQUEST][END]

[1 occurrence(s)]
DEBUG --> [REQ_ID=a5b98d498625] [REQUEST][START] GET /index.php/Management/Security

[1 occurrence(s)]
DEBUG --> [REQ_ID=a5b98d498625] [FILTER_BEFORE] /index.php/Management/Security

[1 occurrence(s)]
DEBUG --> [REQ_ID=a5b98d498625] [ROUTE] Controller=\App\Modules\Management\Controllers\SecurityController Method=index

[1 occurrence(s)]
DEBUG --> [REQ_ID=a5b98d498625] [LIFECYCLE][START] GET https://www.mymiwallet.com/index.php/Management/Security

[1 occurrence(s)]
DEBUG --> [CSRF] token name=csrf_test_name hash=a2c654ce39b203edc28fac3cbc07b1e5

[1 occurrence(s)]
DEBUG --> [REQ_ID=a5b98d498625] [REQUEST][END]

[1 occurrence(s)]
DEBUG --> [REQ_ID=ee286f71dea5] [REQUEST][START] GET /index.php/login

[1 occurrence(s)]
DEBUG --> [REQ_ID=ee286f71dea5] [FILTER_BEFORE] /index.php/login

[1 occurrence(s)]
DEBUG --> [REQ_ID=ee286f71dea5] [ROUTE] Controller=\App\Controllers\AuthController Method=login

[1 occurrence(s)]
DEBUG --> [REQ_ID=ee286f71dea5] [LIFECYCLE][START] GET https://www.mymiwallet.com/index.php/login

[1 occurrence(s)]
DEBUG --> [CSRF] token name=csrf_test_name hash=738c028f60345cd2627824be9569d74a

[1 occurrence(s)]
DEBUG --> [REQ_ID=9a9434187287] [INIT] App\Controllers\AuthController::GET

[1 occurrence(s)]
DEBUG --> [REQ_ID=ee286f71dea5] [FILTER_AFTER]

[1 occurrence(s)]
DEBUG --> [REQ_ID=ee286f71dea5] [LIFECYCLE][END] status=200 duration_ms=110.43 memory_delta=0

[1 occurrence(s)]
DEBUG --> [REQ_ID=ee286f71dea5] [REQUEST][END]

[1 occurrence(s)]
DEBUG --> [REQ_ID=23a326a74b38] [REQUEST][START] GET /index.php/activate

[1 occurrence(s)]
DEBUG --> [REQ_ID=23a326a74b38] [FILTER_BEFORE] /index.php/activate

[1 occurrence(s)]
DEBUG --> [REQ_ID=23a326a74b38] [ROUTE] Controller=\App\Controllers\AuthController Method=activateAccount

[1 occurrence(s)]
DEBUG --> [REQ_ID=23a326a74b38] [LIFECYCLE][START] GET https://www.mymiwallet.com/index.php/activate

[1 occurrence(s)]
DEBUG --> [CSRF] token name=csrf_test_name hash=0068b5aab9c0991e641a9c2d1c956994

[1 occurrence(s)]
DEBUG --> [REQ_ID=6d3c6cec45f5] [INIT] App\Controllers\AuthController::GET

[1 occurrence(s)]
DEBUG --> [REQ_ID=23a326a74b38] [FILTER_AFTER]

[1 occurrence(s)]
DEBUG --> [REQ_ID=23a326a74b38] [LIFECYCLE][END] status=302 duration_ms=81.04 memory_delta=0

[1 occurrence(s)]
DEBUG --> [REQ_ID=23a326a74b38] [REQUEST][END]

[1 occurrence(s)]
DEBUG --> [REQ_ID=cfed8ad801e5] [REQUEST][START] GET /index.php/Support/Account

[1 occurrence(s)]
DEBUG --> [REQ_ID=cfed8ad801e5] [FILTER_BEFORE] /index.php/Support/Account

[1 occurrence(s)]
DEBUG --> [REQ_ID=cfed8ad801e5] [ROUTE] Controller=\App\Modules\Support\Controllers\AccountSupportController Method=index

[1 occurrence(s)]
DEBUG --> [REQ_ID=cfed8ad801e5] [LIFECYCLE][START] GET https://www.mymiwallet.com/index.php/Support/Account

[1 occurrence(s)]
DEBUG --> [CSRF] token name=csrf_test_name hash=37249d9613afcb5b1c20f5ea16860ed4

[1 occurrence(s)]
DEBUG --> [REQ_ID=256accc7e952] [INIT] App\Modules\Support\Controllers\AccountSupportController::GET

[1 occurrence(s)]
DEBUG --> [REQ_ID=256accc7e952] [METHOD_ENTRY] index

[1 occurrence(s)]
DEBUG --> [REQ_ID=256accc7e952] [VIEW_RENDER] SupportModule/Support/account_help

[1 occurrence(s)]
DEBUG --> [REQ_ID=cfed8ad801e5] [FILTER_AFTER]

[1 occurrence(s)]
DEBUG --> [REQ_ID=cfed8ad801e5] [LIFECYCLE][END] status=200 duration_ms=72.19 memory_delta=2097152

[1 occurrence(s)]
DEBUG --> [REQ_ID=cfed8ad801e5] [REQUEST][END]

[1 occurrence(s)]
DEBUG --> [REQ_ID=bcba85b283ea] [REQUEST][START] GET /index.php/Account/Connected-Accounts

[1 occurrence(s)]
DEBUG --> [REQ_ID=bcba85b283ea] [FILTER_BEFORE] /index.php/Account/Connected-Accounts

[1 occurrence(s)]
DEBUG --> [REQ_ID=bcba85b283ea] [ROUTE] Controller=\App\Modules\User\Controllers\DashboardController Method=connectedAccounts

[1 occurrence(s)]
DEBUG --> [REQ_ID=bcba85b283ea] [LIFECYCLE][START] GET https://www.mymiwallet.com/index.php/Account/Connected-Accounts

[1 occurrence(s)]
DEBUG --> [CSRF] token name=csrf_test_name hash=c117168e95883622e2c0333e638c78a2

[1 occurrence(s)]
DEBUG --> [REQ_ID=bcba85b283ea] [REQUEST][END]

[1 occurrence(s)]
DEBUG --> [REQ_ID=f84d2d647a96] [REQUEST][START] GET /index.php/login

[1 occurrence(s)]
DEBUG --> [REQ_ID=f84d2d647a96] [FILTER_BEFORE] /index.php/login

[1 occurrence(s)]
DEBUG --> [REQ_ID=f84d2d647a96] [ROUTE] Controller=\App\Controllers\AuthController Method=login

[1 occurrence(s)]
DEBUG --> [REQ_ID=f84d2d647a96] [LIFECYCLE][START] GET https://www.mymiwallet.com/index.php/login

[1 occurrence(s)]
DEBUG --> [CSRF] token name=csrf_test_name hash=3867b91d582e92e52b2d34d8d26595cf

[1 occurrence(s)]
DEBUG --> [REQ_ID=08062bbd65ee] [INIT] App\Controllers\AuthController::GET

[1 occurrence(s)]
DEBUG --> [REQ_ID=f84d2d647a96] [FILTER_AFTER]

[1 occurrence(s)]
DEBUG --> [REQ_ID=f84d2d647a96] [LIFECYCLE][END] status=200 duration_ms=46.20 memory_delta=0

[1 occurrence(s)]
DEBUG --> [REQ_ID=f84d2d647a96] [REQUEST][END]

[1 occurrence(s)]
DEBUG --> [REQ_ID=a76cbf1fb222] [REQUEST][START] GET /index.php/Privacy-Policy

[1 occurrence(s)]
DEBUG --> [REQ_ID=a76cbf1fb222] [FILTER_BEFORE] /index.php/Privacy-Policy

[1 occurrence(s)]
DEBUG --> [REQ_ID=a76cbf1fb222] [ROUTE] Controller=\App\Controllers\Home Method=privacyPolicy

[1 occurrence(s)]
DEBUG --> [REQ_ID=a76cbf1fb222] [LIFECYCLE][START] GET https://www.mymiwallet.com/index.php/Privacy-Policy

[1 occurrence(s)]
DEBUG --> [CSRF] token name=csrf_test_name hash=b85778a1d2e1e9ee0bce358565fef592

[1 occurrence(s)]
DEBUG --> [REQ_ID=6b4e07b87ac2] [INIT] App\Controllers\Home::GET

[1 occurrence(s)]
DEBUG --> [REQ_ID=6b4e07b87ac2] [VIEW_RENDER] themes/public/privacyPolicy

[1 occurrence(s)]
DEBUG --> [REQ_ID=a76cbf1fb222] [FILTER_AFTER]

[1 occurrence(s)]
DEBUG --> [REQ_ID=a76cbf1fb222] [LIFECYCLE][END] status=200 duration_ms=723.59 memory_delta=4194304

[1 occurrence(s)]
DEBUG --> [REQ_ID=a76cbf1fb222] [REQUEST][END]

[1 occurrence(s)]
DEBUG --> [REQ_ID=becd082356c5] [REQUEST][START] GET /index.php/API/Alerts/fetchEmailAlerts

[1 occurrence(s)]
DEBUG --> [REQ_ID=becd082356c5] [FILTER_BEFORE] /index.php/API/Alerts/fetchEmailAlerts

[1 occurrence(s)]
DEBUG --> [REQ_ID=becd082356c5] [ROUTE] Controller=\App\Modules\APIs\Controllers\AlertsAPIController Method=fetchEmailAlerts

[1 occurrence(s)]
DEBUG --> [REQ_ID=becd082356c5] [LIFECYCLE][START] GET https://www.mymiwallet.com/index.php/API/Alerts/fetchEmailAlerts

[1 occurrence(s)]
DEBUG --> [REQ_ID=becd082356c5] [REQUEST][END]

[1 occurrence(s)]
DEBUG --> [REQ_ID=170d98b2e8b0] [REQUEST][START] GET /

[1 occurrence(s)]
DEBUG --> [REQ_ID=170d98b2e8b0] [FILTER_BEFORE] /

[1 occurrence(s)]
DEBUG --> [REQ_ID=170d98b2e8b0] [ROUTE] Controller=\App\Controllers\Home Method=index

[1 occurrence(s)]
DEBUG --> [REQ_ID=170d98b2e8b0] [LIFECYCLE][START] GET https://www.mymiwallet.com/index.php/

[1 occurrence(s)]
DEBUG --> [CSRF] token name=csrf_test_name hash=b8ef97df37e0ecf583af2af0069edbe1

[1 occurrence(s)]
DEBUG --> [REQ_ID=dcd5e0d2674c] [INIT] App\Controllers\Home::GET

[1 occurrence(s)]
DEBUG --> [REQ_ID=dcd5e0d2674c] [VIEW_RENDER] themes/public/home

[1 occurrence(s)]
DEBUG --> [REQ_ID=170d98b2e8b0] [FILTER_AFTER]

[1 occurrence(s)]
DEBUG --> [REQ_ID=170d98b2e8b0] [LIFECYCLE][END] status=200 duration_ms=606.64 memory_delta=4194304

[1 occurrence(s)]
DEBUG --> [REQ_ID=170d98b2e8b0] [REQUEST][END]

[1 occurrence(s)]
DEBUG --> [REQ_ID=aa46ee3eae3b] [REQUEST][START] GET /

[1 occurrence(s)]
DEBUG --> [REQ_ID=aa46ee3eae3b] [FILTER_BEFORE] /

[1 occurrence(s)]
DEBUG --> [REQ_ID=aa46ee3eae3b] [ROUTE] Controller=\App\Controllers\Home Method=index

[1 occurrence(s)]
DEBUG --> [REQ_ID=aa46ee3eae3b] [LIFECYCLE][START] GET https://www.mymiwallet.com/index.php/

[1 occurrence(s)]
DEBUG --> [CSRF] token name=csrf_test_name hash=a0bfbe9b59399515743cb098de6c944f

[1 occurrence(s)]
DEBUG --> [REQ_ID=3b601d22b62c] [INIT] App\Controllers\Home::GET

[1 occurrence(s)]
DEBUG --> [REQ_ID=3b601d22b62c] [VIEW_RENDER] themes/public/home

[1 occurrence(s)]
DEBUG --> [REQ_ID=aa46ee3eae3b] [FILTER_AFTER]

[1 occurrence(s)]
DEBUG --> [REQ_ID=aa46ee3eae3b] [LIFECYCLE][END] status=200 duration_ms=639.92 memory_delta=4194304

[1 occurrence(s)]
DEBUG --> [REQ_ID=aa46ee3eae3b] [REQUEST][END]

[1 occurrence(s)]
DEBUG --> [REQ_ID=424a6aca6aeb] [REQUEST][START] GET /index.php/Knowledgebase/Getting-Started

[1 occurrence(s)]
DEBUG --> [REQ_ID=424a6aca6aeb] [FILTER_BEFORE] /index.php/Knowledgebase/Getting-Started

[1 occurrence(s)]
DEBUG --> [REQ_ID=424a6aca6aeb] [ROUTE] Controller=\App\Modules\User\Controllers\KnowledgebaseController Method=show

[1 occurrence(s)]
DEBUG --> [REQ_ID=424a6aca6aeb] [LIFECYCLE][START] GET https://www.mymiwallet.com/index.php/Knowledgebase/Getting-Started

[1 occurrence(s)]
DEBUG --> [CSRF] token name=csrf_test_name hash=cdf19b8b92d568d961578c57ffa6799d

[1 occurrence(s)]
DEBUG --> [REQ_ID=424a6aca6aeb] [REQUEST][END]

[1 occurrence(s)]
DEBUG --> [REQ_ID=a1073b58b1cf] [REQUEST][START] GET /index.php/login

[1 occurrence(s)]
DEBUG --> [REQ_ID=a1073b58b1cf] [FILTER_BEFORE] /index.php/login

[1 occurrence(s)]
DEBUG --> [REQ_ID=a1073b58b1cf] [ROUTE] Controller=\App\Controllers\AuthController Method=login

[1 occurrence(s)]
DEBUG --> [REQ_ID=a1073b58b1cf] [LIFECYCLE][START] GET https://www.mymiwallet.com/index.php/login

[1 occurrence(s)]
DEBUG --> [CSRF] token name=csrf_test_name hash=b801907d777750f6ccbc968875d22d10

[1 occurrence(s)]
DEBUG --> [REQ_ID=9bce0422654a] [INIT] App\Controllers\AuthController::GET

[1 occurrence(s)]
DEBUG --> [REQ_ID=a1073b58b1cf] [FILTER_AFTER]

[1 occurrence(s)]
DEBUG --> [REQ_ID=a1073b58b1cf] [LIFECYCLE][END] status=200 duration_ms=38.80 memory_delta=0

[1 occurrence(s)]
DEBUG --> [REQ_ID=a1073b58b1cf] [REQUEST][END]

[1 occurrence(s)]
DEBUG --> [REQ_ID=3e56b57e7b62] [REQUEST][START] GET /index.php/Getting-Started

[1 occurrence(s)]
DEBUG --> [REQ_ID=3e56b57e7b62] [FILTER_BEFORE] /index.php/Getting-Started

[1 occurrence(s)]
DEBUG --> [REQ_ID=3e56b57e7b62] [ROUTE] Controller=\App\Controllers\Home Method=gettingStarted

[1 occurrence(s)]
DEBUG --> [REQ_ID=3e56b57e7b62] [LIFECYCLE][START] GET https://www.mymiwallet.com/index.php/Getting-Started

[1 occurrence(s)]
DEBUG --> [CSRF] token name=csrf_test_name hash=e9fcbcc820a8119cd4232d07a78620a1

[1 occurrence(s)]
DEBUG --> [REQ_ID=7461eaca96dc] [INIT] App\Controllers\Home::GET

[1 occurrence(s)]
DEBUG --> [MetaService] slug=getting-started pageName= cacheHit= path=DB

[1 occurrence(s)]
DEBUG --> [REQ_ID=7461eaca96dc] [VIEW_RENDER] themes/public/gettingStarted

[1 occurrence(s)]
DEBUG --> [MetaService] slug=getting-started pageName=Getting Started cacheHit= path=DB

[1 occurrence(s)]
DEBUG --> [REQ_ID=3e56b57e7b62] [FILTER_AFTER]

[1 occurrence(s)]
DEBUG --> [REQ_ID=3e56b57e7b62] [LIFECYCLE][END] status=200 duration_ms=606.55 memory_delta=4194304

[1 occurrence(s)]
DEBUG --> [REQ_ID=3e56b57e7b62] [REQUEST][END]

[1 occurrence(s)]
DEBUG --> [REQ_ID=e63648786ef8] [REQUEST][START] GET /index.php

[1 occurrence(s)]
DEBUG --> [REQ_ID=e63648786ef8] [FILTER_BEFORE] /index.php

[1 occurrence(s)]
DEBUG --> [REQ_ID=e63648786ef8] [ROUTE] Controller=\App\Controllers\Home Method=index

[1 occurrence(s)]
DEBUG --> [REQ_ID=e63648786ef8] [LIFECYCLE][START] GET https://www.mymiwallet.com/index.php/

[1 occurrence(s)]
DEBUG --> [CSRF] token name=csrf_test_name hash=531fce8c285301d1dc9bfce94b5d5ac6

[1 occurrence(s)]
DEBUG --> [REQ_ID=d8b40e4d3ea6] [INIT] App\Controllers\Home::GET

[1 occurrence(s)]
DEBUG --> [REQ_ID=d8b40e4d3ea6] [VIEW_RENDER] themes/public/home

[1 occurrence(s)]
DEBUG --> [REQ_ID=e63648786ef8] [FILTER_AFTER]

[1 occurrence(s)]
DEBUG --> [REQ_ID=e63648786ef8] [LIFECYCLE][END] status=200 duration_ms=572.47 memory_delta=4194304

[1 occurrence(s)]
DEBUG --> [REQ_ID=e63648786ef8] [REQUEST][END]

[1 occurrence(s)]
DEBUG --> [REQ_ID=063ab2600dbb] [REQUEST][START] GET /index.php/How-It-Works/Investment-Portfolio-Management

[1 occurrence(s)]
DEBUG --> [REQ_ID=063ab2600dbb] [FILTER_BEFORE] /index.php/How-It-Works/Investment-Portfolio-Management

[1 occurrence(s)]
DEBUG --> [REQ_ID=063ab2600dbb] [ROUTE] Controller=\App\Modules\Blog\Controllers\HowItWorksController Method=show

[1 occurrence(s)]
DEBUG --> [REQ_ID=063ab2600dbb] [LIFECYCLE][START] GET https://www.mymiwallet.com/index.php/How-It-Works/Investment-Portfolio-Management

[1 occurrence(s)]
DEBUG --> [CSRF] token name=csrf_test_name hash=1efb134e5eea59ee5f180c1325f11d53

[1 occurrence(s)]
DEBUG --> [REQ_ID=0738859addb4] [INIT] App\Modules\Blog\Controllers\HowItWorksController::GET

[1 occurrence(s)]
DEBUG --> [REQ_ID=0738859addb4] [METHOD_ENTRY] show

[1 occurrence(s)]
DEBUG --> [REQ_ID=063ab2600dbb] [FILTER_AFTER]

[1 occurrence(s)]
DEBUG --> [REQ_ID=063ab2600dbb] [LIFECYCLE][END] status=404 duration_ms=92.45 memory_delta=0

[1 occurrence(s)]
DEBUG --> [REQ_ID=063ab2600dbb] [REQUEST][END]

[1 occurrence(s)]
DEBUG --> [REQ_ID=60dcf68cc44b] [REQUEST][START] GET /index.php/logout

[1 occurrence(s)]
DEBUG --> [REQ_ID=60dcf68cc44b] [FILTER_BEFORE] /index.php/logout

[1 occurrence(s)]
DEBUG --> [REQ_ID=60dcf68cc44b] [ROUTE] Controller=\App\Controllers\AuthController Method=logout

[1 occurrence(s)]
DEBUG --> [REQ_ID=60dcf68cc44b] [LIFECYCLE][START] GET https://www.mymiwallet.com/index.php/logout

[1 occurrence(s)]
DEBUG --> [CSRF] token name=csrf_test_name hash=81f5ccaa799138e1041f4e102c8040ef

[1 occurrence(s)]
DEBUG --> [REQ_ID=60dcf68cc44b] [REQUEST][END]

[1 occurrence(s)]
DEBUG --> [REQ_ID=5ad194ebfd6d] [REQUEST][START] GET /index.php/login

[1 occurrence(s)]
DEBUG --> [REQ_ID=5ad194ebfd6d] [FILTER_BEFORE] /index.php/login

[1 occurrence(s)]
DEBUG --> [REQ_ID=5ad194ebfd6d] [ROUTE] Controller=\App\Controllers\AuthController Method=login

[1 occurrence(s)]
DEBUG --> [REQ_ID=5ad194ebfd6d] [LIFECYCLE][START] GET https://www.mymiwallet.com/index.php/login

[1 occurrence(s)]
DEBUG --> [CSRF] token name=csrf_test_name hash=8f19ec32b372b7eb826dfa41a6ef09aa

[1 occurrence(s)]
DEBUG --> [REQ_ID=f3f6ab41f255] [INIT] App\Controllers\AuthController::GET

[1 occurrence(s)]
DEBUG --> [REQ_ID=5ad194ebfd6d] [FILTER_AFTER]

[1 occurrence(s)]
DEBUG --> [REQ_ID=5ad194ebfd6d] [LIFECYCLE][END] status=200 duration_ms=146.93 memory_delta=0

[1 occurrence(s)]
DEBUG --> [REQ_ID=5ad194ebfd6d] [REQUEST][END]

[1 occurrence(s)]
DEBUG --> [REQ_ID=a600d9fbd824] [REQUEST][START] GET /index.php/API/Management/Run-CRON-Tasks

[1 occurrence(s)]
DEBUG --> [REQ_ID=a600d9fbd824] [FILTER_BEFORE] /index.php/API/Management/Run-CRON-Tasks

[1 occurrence(s)]
DEBUG --> [REQ_ID=a600d9fbd824] [ROUTE] Controller=\App\Modules\Management\Controllers\ManagementAPIController Method=Run_CRON_Tasks

[1 occurrence(s)]
DEBUG --> [REQ_ID=a600d9fbd824] [LIFECYCLE][START] GET https://www.mymiwallet.com/index.php/API/Management/Run-CRON-Tasks

[1 occurrence(s)]
DEBUG --> [REQ_ID=a600d9fbd824] [REQUEST][END]

[1 occurrence(s)]
DEBUG --> LOG_HEALTHCHECK debug marker=77c6d8e61ce8

[1 occurrence(s)]
DEBUG --> [REQ_ID=72c4cea8f265] [REQUEST][START] GET /index.php/My-Referrals

[1 occurrence(s)]
DEBUG --> [REQ_ID=72c4cea8f265] [FILTER_BEFORE] /index.php/My-Referrals

[1 occurrence(s)]
DEBUG --> [REQ_ID=72c4cea8f265] [ROUTE] Controller=\App\Modules\User\Controllers\ReferralController Method=index

[1 occurrence(s)]
DEBUG --> [REQ_ID=72c4cea8f265] [LIFECYCLE][START] GET https://www.mymiwallet.com/index.php/My-Referrals

[1 occurrence(s)]
DEBUG --> [CSRF] token name=csrf_test_name hash=7331d7c953b27add04a120d2bca0d1f7

[1 occurrence(s)]
DEBUG --> [REQ_ID=72c4cea8f265] [REQUEST][END]

[1 occurrence(s)]
DEBUG --> [REQ_ID=b453b7436b6d] [REQUEST][START] GET /index.php/login

[1 occurrence(s)]
DEBUG --> [REQ_ID=b453b7436b6d] [FILTER_BEFORE] /index.php/login

[1 occurrence(s)]
DEBUG --> [REQ_ID=b453b7436b6d] [ROUTE] Controller=\App\Controllers\AuthController Method=login

[1 occurrence(s)]
DEBUG --> [REQ_ID=b453b7436b6d] [LIFECYCLE][START] GET https://www.mymiwallet.com/index.php/login

[1 occurrence(s)]
DEBUG --> [CSRF] token name=csrf_test_name hash=c80e7cd5c88c5c3be19752cdb12ee4da

[1 occurrence(s)]
DEBUG --> [REQ_ID=36b8ef16f61e] [INIT] App\Controllers\AuthController::GET

[1 occurrence(s)]
DEBUG --> [REQ_ID=b453b7436b6d] [FILTER_AFTER]

[1 occurrence(s)]
DEBUG --> [REQ_ID=b453b7436b6d] [LIFECYCLE][END] status=200 duration_ms=116.59 memory_delta=0

[1 occurrence(s)]
DEBUG --> [REQ_ID=b453b7436b6d] [REQUEST][END]

[1 occurrence(s)]
DEBUG --> [REQ_ID=8268ca14eae5] [REQUEST][START] GET /index.php/API/Alerts/fetchEmailAlerts

[1 occurrence(s)]
DEBUG --> [REQ_ID=8268ca14eae5] [FILTER_BEFORE] /index.php/API/Alerts/fetchEmailAlerts

[1 occurrence(s)]
DEBUG --> [REQ_ID=8268ca14eae5] [ROUTE] Controller=\App\Modules\APIs\Controllers\AlertsAPIController Method=fetchEmailAlerts

[1 occurrence(s)]
DEBUG --> [REQ_ID=8268ca14eae5] [LIFECYCLE][START] GET https://www.mymiwallet.com/index.php/API/Alerts/fetchEmailAlerts

[1 occurrence(s)]
DEBUG --> [REQ_ID=8268ca14eae5] [REQUEST][END]

[1 occurrence(s)]
DEBUG --> [REQ_ID=6259f05a0a73] [REQUEST][START] GET /

[1 occurrence(s)]
DEBUG --> [REQ_ID=6259f05a0a73] [FILTER_BEFORE] /

[1 occurrence(s)]
DEBUG --> [REQ_ID=6259f05a0a73] [ROUTE] Controller=\App\Controllers\Home Method=index

[1 occurrence(s)]
DEBUG --> [REQ_ID=6259f05a0a73] [LIFECYCLE][START] GET https://www.mymiwallet.com/index.php/

[1 occurrence(s)]
DEBUG --> [CSRF] token name=csrf_test_name hash=0b79a64d0d59666707a1245f693487ec

[1 occurrence(s)]
DEBUG --> [REQ_ID=d7d278cecc51] [INIT] App\Controllers\Home::GET

[1 occurrence(s)]
DEBUG --> [REQ_ID=d7d278cecc51] [VIEW_RENDER] themes/public/home

[1 occurrence(s)]
DEBUG --> [REQ_ID=6259f05a0a73] [FILTER_AFTER]

[1 occurrence(s)]
DEBUG --> [REQ_ID=6259f05a0a73] [LIFECYCLE][END] status=200 duration_ms=682.47 memory_delta=4194304

[1 occurrence(s)]
DEBUG --> [REQ_ID=6259f05a0a73] [REQUEST][END]

[1 occurrence(s)]
DEBUG --> [REQ_ID=dc87cd2a7757] [REQUEST][START] GET /index.php/How-It-Works/Investor-Profile

[1 occurrence(s)]
DEBUG --> [REQ_ID=dc87cd2a7757] [FILTER_BEFORE] /index.php/How-It-Works/Investor-Profile

[1 occurrence(s)]
DEBUG --> [REQ_ID=dc87cd2a7757] [ROUTE] Controller=\App\Modules\Blog\Controllers\HowItWorksController Method=show

[1 occurrence(s)]
DEBUG --> [REQ_ID=dc87cd2a7757] [LIFECYCLE][START] GET https://www.mymiwallet.com/index.php/How-It-Works/Investor-Profile

[1 occurrence(s)]
DEBUG --> [CSRF] token name=csrf_test_name hash=0e2765355d34139794161b7dffaa1396

[1 occurrence(s)]
DEBUG --> [REQ_ID=8b4469d84c52] [INIT] App\Modules\Blog\Controllers\HowItWorksController::GET

[1 occurrence(s)]
DEBUG --> [REQ_ID=8b4469d84c52] [METHOD_ENTRY] show

[1 occurrence(s)]
DEBUG --> [REQ_ID=dc87cd2a7757] [FILTER_AFTER]

[1 occurrence(s)]
DEBUG --> [REQ_ID=dc87cd2a7757] [LIFECYCLE][END] status=404 duration_ms=167.76 memory_delta=0

[1 occurrence(s)]
DEBUG --> [REQ_ID=dc87cd2a7757] [REQUEST][END]

[1 occurrence(s)]
DEBUG --> [REQ_ID=a393505599c6] [REQUEST][START] GET /

[1 occurrence(s)]
DEBUG --> [REQ_ID=a393505599c6] [FILTER_BEFORE] /

[1 occurrence(s)]
DEBUG --> [REQ_ID=a393505599c6] [ROUTE] Controller=\App\Controllers\Home Method=index

[1 occurrence(s)]
DEBUG --> [REQ_ID=a393505599c6] [LIFECYCLE][START] GET https://www.mymiwallet.com/index.php/

[1 occurrence(s)]
DEBUG --> [CSRF] token name=csrf_test_name hash=1b85d74abc601531c0f93002d2f09b64

[1 occurrence(s)]
DEBUG --> [REQ_ID=99d430786683] [INIT] App\Controllers\Home::GET

[1 occurrence(s)]
DEBUG --> [REQ_ID=99d430786683] [VIEW_RENDER] themes/public/home

[1 occurrence(s)]
DEBUG --> [REQ_ID=a393505599c6] [FILTER_AFTER]

[1 occurrence(s)]
DEBUG --> [REQ_ID=a393505599c6] [LIFECYCLE][END] status=200 duration_ms=763.33 memory_delta=4194304

[1 occurrence(s)]
DEBUG --> [REQ_ID=a393505599c6] [REQUEST][END]

[1 occurrence(s)]
DEBUG --> [REQ_ID=239c59d84be1] [REQUEST][START] GET /index.php

[1 occurrence(s)]
DEBUG --> [REQ_ID=239c59d84be1] [FILTER_BEFORE] /index.php

[1 occurrence(s)]
DEBUG --> [REQ_ID=239c59d84be1] [ROUTE] Controller=\App\Controllers\Home Method=index

[1 occurrence(s)]
DEBUG --> [REQ_ID=239c59d84be1] [LIFECYCLE][START] GET https://www.mymiwallet.com/index.php/

[1 occurrence(s)]
DEBUG --> [CSRF] token name=csrf_test_name hash=a9708fe2753acaeaf99fe06adac67868

[1 occurrence(s)]
DEBUG --> [REQ_ID=ec36a2b803b6] [INIT] App\Controllers\Home::GET

[1 occurrence(s)]
DEBUG --> [REQ_ID=ec36a2b803b6] [VIEW_RENDER] themes/public/home

[1 occurrence(s)]
DEBUG --> [REQ_ID=239c59d84be1] [FILTER_AFTER]

[1 occurrence(s)]
DEBUG --> [REQ_ID=239c59d84be1] [LIFECYCLE][END] status=200 duration_ms=576.97 memory_delta=2097152

[1 occurrence(s)]
DEBUG --> [REQ_ID=239c59d84be1] [REQUEST][END]

[1 occurrence(s)]
DEBUG --> [REQ_ID=81691ed7413e] [REQUEST][START] GET /index.php

[1 occurrence(s)]
DEBUG --> [REQ_ID=81691ed7413e] [FILTER_BEFORE] /index.php

[1 occurrence(s)]
DEBUG --> [REQ_ID=81691ed7413e] [ROUTE] Controller=\App\Controllers\Home Method=index

[1 occurrence(s)]
DEBUG --> [REQ_ID=81691ed7413e] [LIFECYCLE][START] GET https://www.mymiwallet.com/index.php/

[1 occurrence(s)]
DEBUG --> [CSRF] token name=csrf_test_name hash=93b167097d6bf2408acafd1043cf7d19

[1 occurrence(s)]
DEBUG --> [REQ_ID=a3bcc957ce3d] [INIT] App\Controllers\Home::GET

[1 occurrence(s)]
DEBUG --> [REQ_ID=a3bcc957ce3d] [VIEW_RENDER] themes/public/home

[1 occurrence(s)]
DEBUG --> [REQ_ID=81691ed7413e] [FILTER_AFTER]

[1 occurrence(s)]
DEBUG --> [REQ_ID=81691ed7413e] [LIFECYCLE][END] status=200 duration_ms=448.53 memory_delta=2097152

[1 occurrence(s)]
DEBUG --> [REQ_ID=81691ed7413e] [REQUEST][END]

[1 occurrence(s)]
DEBUG --> [REQ_ID=2a2cd6823e22] [REQUEST][START] GET /index.php/How-It-Works

[1 occurrence(s)]
DEBUG --> [REQ_ID=2a2cd6823e22] [FILTER_BEFORE] /index.php/How-It-Works

[1 occurrence(s)]
DEBUG --> [REQ_ID=2a2cd6823e22] [ROUTE] Controller=\App\Modules\Blog\Controllers\HowItWorksController Method=index

[1 occurrence(s)]
DEBUG --> [REQ_ID=2a2cd6823e22] [LIFECYCLE][START] GET https://www.mymiwallet.com/index.php/How-It-Works

[1 occurrence(s)]
DEBUG --> [CSRF] token name=csrf_test_name hash=38822f323474a0284a80d91ca12d39df

[1 occurrence(s)]
DEBUG --> [REQ_ID=5b06a43f1615] [INIT] App\Modules\Blog\Controllers\HowItWorksController::GET

[1 occurrence(s)]
DEBUG --> [REQ_ID=5b06a43f1615] [METHOD_ENTRY] index

[1 occurrence(s)]
DEBUG --> [REQ_ID=5b06a43f1615] [VIEW_RENDER] App\Modules\Blog\Views\HowItWorks\index

[1 occurrence(s)]
DEBUG --> [REQ_ID=2a2cd6823e22] [FILTER_AFTER]

[1 occurrence(s)]
DEBUG --> [REQ_ID=2a2cd6823e22] [LIFECYCLE][END] status=200 duration_ms=560.97 memory_delta=2097152

[1 occurrence(s)]
DEBUG --> [REQ_ID=2a2cd6823e22] [REQUEST][END]

[1 occurrence(s)]
DEBUG --> [REQ_ID=c934b13b18ee] [REQUEST][START] GET /index.php/Blog

[1 occurrence(s)]
DEBUG --> [REQ_ID=c934b13b18ee] [FILTER_BEFORE] /index.php/Blog

[1 occurrence(s)]
DEBUG --> [REQ_ID=c934b13b18ee] [ROUTE] Controller=\App\Modules\Blog\Controllers\BlogController Method=index

[1 occurrence(s)]
DEBUG --> [REQ_ID=c934b13b18ee] [LIFECYCLE][START] GET https://www.mymiwallet.com/index.php/Blog

[1 occurrence(s)]
DEBUG --> [CSRF] token name=csrf_test_name hash=c5c50a226daf9782034168221a739d18

[1 occurrence(s)]
DEBUG --> [REQ_ID=9f494ec67cac] [INIT] App\Modules\Blog\Controllers\BlogController::GET

[1 occurrence(s)]
DEBUG --> [REQ_ID=9f494ec67cac] [METHOD_ENTRY] index

[1 occurrence(s)]
DEBUG --> [REQ_ID=ca4ae45e2e7c] [REQUEST][START] GET /index.php/Blog

[1 occurrence(s)]
DEBUG --> [REQ_ID=ca4ae45e2e7c] [FILTER_BEFORE] /index.php/Blog

[1 occurrence(s)]
DEBUG --> [REQ_ID=ca4ae45e2e7c] [ROUTE] Controller=\App\Modules\Blog\Controllers\BlogController Method=index

[1 occurrence(s)]
DEBUG --> [REQ_ID=ca4ae45e2e7c] [LIFECYCLE][START] GET https://www.mymiwallet.com/index.php/Blog

[1 occurrence(s)]
DEBUG --> [CSRF] token name=csrf_test_name hash=83835a61b3228df152313569b4394e5e

[1 occurrence(s)]
DEBUG --> [REQ_ID=06bcea43197f] [INIT] App\Modules\Blog\Controllers\BlogController::GET

[1 occurrence(s)]
DEBUG --> [REQ_ID=06bcea43197f] [METHOD_ENTRY] index

[1 occurrence(s)]
DEBUG --> [REQ_ID=4dfdd0be2d93] [REQUEST][START] GET /index.php/Blog

[1 occurrence(s)]
DEBUG --> [REQ_ID=4dfdd0be2d93] [FILTER_BEFORE] /index.php/Blog

[1 occurrence(s)]
DEBUG --> [REQ_ID=4dfdd0be2d93] [ROUTE] Controller=\App\Modules\Blog\Controllers\BlogController Method=index

[1 occurrence(s)]
DEBUG --> [REQ_ID=4dfdd0be2d93] [LIFECYCLE][START] GET https://www.mymiwallet.com/index.php/Blog

[1 occurrence(s)]
DEBUG --> [CSRF] token name=csrf_test_name hash=6b7980205126371646fec4afed8d9e7c

[1 occurrence(s)]
DEBUG --> [REQ_ID=ed7c7b18752c] [INIT] App\Modules\Blog\Controllers\BlogController::GET

[1 occurrence(s)]
DEBUG --> [REQ_ID=ed7c7b18752c] [METHOD_ENTRY] index

[1 occurrence(s)]
DEBUG --> [REQ_ID=4b6c8176c0f3] [REQUEST][START] GET /index.php/Knowledgebase

[1 occurrence(s)]
DEBUG --> [REQ_ID=4b6c8176c0f3] [FILTER_BEFORE] /index.php/Knowledgebase

[1 occurrence(s)]
DEBUG --> [REQ_ID=4b6c8176c0f3] [ROUTE] Controller=\App\Modules\User\Controllers\KnowledgebaseController Method=index

[1 occurrence(s)]
DEBUG --> [REQ_ID=4b6c8176c0f3] [LIFECYCLE][START] GET https://www.mymiwallet.com/index.php/Knowledgebase

[1 occurrence(s)]
DEBUG --> [CSRF] token name=csrf_test_name hash=87bcce296dabcb9cae72272d684f39b6

[1 occurrence(s)]
DEBUG --> [REQ_ID=4b6c8176c0f3] [REQUEST][END]

[1 occurrence(s)]
DEBUG --> [REQ_ID=ece49351c2ac] [REQUEST][START] GET /index.php/login

[1 occurrence(s)]
DEBUG --> [REQ_ID=ece49351c2ac] [FILTER_BEFORE] /index.php/login

[1 occurrence(s)]
DEBUG --> [REQ_ID=ece49351c2ac] [ROUTE] Controller=\App\Controllers\AuthController Method=login

[1 occurrence(s)]
DEBUG --> [REQ_ID=ece49351c2ac] [LIFECYCLE][START] GET https://www.mymiwallet.com/index.php/login

[1 occurrence(s)]
DEBUG --> [CSRF] token name=csrf_test_name hash=c4bffed7b69bd4d4148a8aee1707a388

[1 occurrence(s)]
DEBUG --> [REQ_ID=ef8ef33ce762] [INIT] App\Controllers\AuthController::GET

[1 occurrence(s)]
DEBUG --> [REQ_ID=ece49351c2ac] [FILTER_AFTER]

[1 occurrence(s)]
DEBUG --> [REQ_ID=ece49351c2ac] [LIFECYCLE][END] status=200 duration_ms=47.33 memory_delta=0

[1 occurrence(s)]
DEBUG --> [REQ_ID=ece49351c2ac] [REQUEST][END]

[1 occurrence(s)]
DEBUG --> [REQ_ID=317d57995a86] [REQUEST][START] GET /index.php/login

[1 occurrence(s)]
DEBUG --> [REQ_ID=317d57995a86] [FILTER_BEFORE] /index.php/login

[1 occurrence(s)]
DEBUG --> [REQ_ID=317d57995a86] [ROUTE] Controller=\App\Controllers\AuthController Method=login

[1 occurrence(s)]
DEBUG --> [REQ_ID=317d57995a86] [LIFECYCLE][START] GET https://www.mymiwallet.com/index.php/login

[1 occurrence(s)]
DEBUG --> [CSRF] token name=csrf_test_name hash=d72042dc01a21e5430a5e061b898a713

[1 occurrence(s)]
DEBUG --> [REQ_ID=efe8f85af408] [INIT] App\Controllers\AuthController::GET

[1 occurrence(s)]
DEBUG --> [REQ_ID=317d57995a86] [FILTER_AFTER]

[1 occurrence(s)]
DEBUG --> [REQ_ID=317d57995a86] [LIFECYCLE][END] status=200 duration_ms=15.43 memory_delta=0

[1 occurrence(s)]
DEBUG --> [REQ_ID=317d57995a86] [REQUEST][END]

[1 occurrence(s)]
DEBUG --> [REQ_ID=05ecad4b2b44] [REQUEST][START] GET /index.php/Free/register

[1 occurrence(s)]
DEBUG --> [REQ_ID=05ecad4b2b44] [FILTER_BEFORE] /index.php/Free/register

[1 occurrence(s)]
DEBUG --> [REQ_ID=05ecad4b2b44] [ROUTE] Controller=\App\Controllers\AuthController Method=register

[1 occurrence(s)]
DEBUG --> [REQ_ID=05ecad4b2b44] [LIFECYCLE][START] GET https://www.mymiwallet.com/index.php/Free/register

[1 occurrence(s)]
DEBUG --> [CSRF] token name=csrf_test_name hash=2d651f858fb6d556a7cb36c6d7a08e8e

[1 occurrence(s)]
DEBUG --> [REQ_ID=05ecad4b2b44] [REQUEST][END]

[1 occurrence(s)]
DEBUG --> [REQ_ID=2c3fecb4808a] [REQUEST][START] GET /index.php/login

[1 occurrence(s)]
DEBUG --> [REQ_ID=2c3fecb4808a] [FILTER_BEFORE] /index.php/login

[1 occurrence(s)]
DEBUG --> [REQ_ID=2c3fecb4808a] [ROUTE] Controller=\App\Controllers\AuthController Method=login

[1 occurrence(s)]
DEBUG --> [REQ_ID=2c3fecb4808a] [LIFECYCLE][START] GET https://www.mymiwallet.com/index.php/login

[1 occurrence(s)]
DEBUG --> [CSRF] token name=csrf_test_name hash=f6e4d7dc0d723d9d44051c39a6e273d9

[1 occurrence(s)]
DEBUG --> [REQ_ID=03ac901b4566] [INIT] App\Controllers\AuthController::GET

[1 occurrence(s)]
DEBUG --> [REQ_ID=2c3fecb4808a] [FILTER_AFTER]

[1 occurrence(s)]
DEBUG --> [REQ_ID=2c3fecb4808a] [LIFECYCLE][END] status=200 duration_ms=21.10 memory_delta=0

[1 occurrence(s)]
DEBUG --> [REQ_ID=2c3fecb4808a] [REQUEST][END]

[1 occurrence(s)]
DEBUG --> [REQ_ID=849eb696737c] [REQUEST][START] GET /index.php/Legal/Terms-And-Conditions

[1 occurrence(s)]
DEBUG --> [REQ_ID=849eb696737c] [FILTER_BEFORE] /index.php/Legal/Terms-And-Conditions

[1 occurrence(s)]
DEBUG --> [REQ_ID=849eb696737c] [ROUTE] Controller=\App\Controllers\Home Method=terms

[1 occurrence(s)]
DEBUG --> [REQ_ID=849eb696737c] [LIFECYCLE][START] GET https://www.mymiwallet.com/index.php/Legal/Terms-And-Conditions

[1 occurrence(s)]
DEBUG --> [CSRF] token name=csrf_test_name hash=7caf40659a2d47a60408eef5798d3d0f

[1 occurrence(s)]
DEBUG --> [REQ_ID=849eb696737c] [REQUEST][END]

[1 occurrence(s)]
DEBUG --> [REQ_ID=ac5112f897cb] [REQUEST][START] GET /index.php/login

[1 occurrence(s)]
DEBUG --> [REQ_ID=ac5112f897cb] [FILTER_BEFORE] /index.php/login

[1 occurrence(s)]
DEBUG --> [REQ_ID=ac5112f897cb] [ROUTE] Controller=\App\Controllers\AuthController Method=login

[1 occurrence(s)]
DEBUG --> [REQ_ID=ac5112f897cb] [LIFECYCLE][START] GET https://www.mymiwallet.com/index.php/login

[1 occurrence(s)]
DEBUG --> [CSRF] token name=csrf_test_name hash=b312957df98b44ffe852c7dd40557399

[1 occurrence(s)]
DEBUG --> [REQ_ID=b5453b5b18c5] [INIT] App\Controllers\AuthController::GET

[1 occurrence(s)]
DEBUG --> [REQ_ID=ac5112f897cb] [FILTER_AFTER]

[1 occurrence(s)]
DEBUG --> [REQ_ID=ac5112f897cb] [LIFECYCLE][END] status=200 duration_ms=39.06 memory_delta=0

[1 occurrence(s)]
DEBUG --> [REQ_ID=ac5112f897cb] [REQUEST][END]

[1 occurrence(s)]
DEBUG --> [REQ_ID=cc724fdc986d] [REQUEST][START] GET /index.php/Legal/Privacy-Policy

[1 occurrence(s)]
DEBUG --> [REQ_ID=cc724fdc986d] [FILTER_BEFORE] /index.php/Legal/Privacy-Policy

[1 occurrence(s)]
DEBUG --> [REQ_ID=cc724fdc986d] [ROUTE] Controller=\App\Controllers\Home Method=privacyPolicy

[1 occurrence(s)]
DEBUG --> [REQ_ID=cc724fdc986d] [LIFECYCLE][START] GET https://www.mymiwallet.com/index.php/Legal/Privacy-Policy

[1 occurrence(s)]
DEBUG --> [CSRF] token name=csrf_test_name hash=c2c52d6886253b60a9b995475f74adbb

[1 occurrence(s)]
DEBUG --> [REQ_ID=cc724fdc986d] [REQUEST][END]

[1 occurrence(s)]
DEBUG --> [REQ_ID=21854d56aa20] [REQUEST][START] GET /index.php/login

[1 occurrence(s)]
DEBUG --> [REQ_ID=21854d56aa20] [FILTER_BEFORE] /index.php/login

[1 occurrence(s)]
DEBUG --> [REQ_ID=21854d56aa20] [ROUTE] Controller=\App\Controllers\AuthController Method=login

[1 occurrence(s)]
DEBUG --> [REQ_ID=21854d56aa20] [LIFECYCLE][START] GET https://www.mymiwallet.com/index.php/login

[1 occurrence(s)]
DEBUG --> [CSRF] token name=csrf_test_name hash=10dfe5adb7cb88de9b06b775274b0060

[1 occurrence(s)]
DEBUG --> [REQ_ID=9cbdb607db57] [INIT] App\Controllers\AuthController::GET

[1 occurrence(s)]
DEBUG --> [REQ_ID=21854d56aa20] [FILTER_AFTER]

[1 occurrence(s)]
DEBUG --> [REQ_ID=21854d56aa20] [LIFECYCLE][END] status=200 duration_ms=33.63 memory_delta=0

[1 occurrence(s)]
DEBUG --> [REQ_ID=21854d56aa20] [REQUEST][END]

[1 occurrence(s)]
DEBUG --> [REQ_ID=3b3e68a29a8e] [REQUEST][START] GET /index.php/How-It-Works/Personal-Budgeting

[1 occurrence(s)]
DEBUG --> [REQ_ID=3b3e68a29a8e] [FILTER_BEFORE] /index.php/How-It-Works/Personal-Budgeting

[1 occurrence(s)]
DEBUG --> [REQ_ID=3b3e68a29a8e] [ROUTE] Controller=\App\Modules\Blog\Controllers\HowItWorksController Method=show

[1 occurrence(s)]
DEBUG --> [REQ_ID=3b3e68a29a8e] [LIFECYCLE][START] GET https://www.mymiwallet.com/index.php/How-It-Works/Personal-Budgeting

[1 occurrence(s)]
DEBUG --> [CSRF] token name=csrf_test_name hash=d6dd0ad6d79c504f7741c30ae22bbaf3

[1 occurrence(s)]
DEBUG --> [REQ_ID=c7ce05d69683] [INIT] App\Modules\Blog\Controllers\HowItWorksController::GET

[1 occurrence(s)]
DEBUG --> [REQ_ID=c7ce05d69683] [METHOD_ENTRY] show

[1 occurrence(s)]
DEBUG --> [REQ_ID=c7ce05d69683] [VIEW_RENDER] App\Modules\Blog\Views\HowItWorks\Personal_Budgeting

[1 occurrence(s)]
DEBUG --> [REQ_ID=3b3e68a29a8e] [FILTER_AFTER]

[1 occurrence(s)]
DEBUG --> [REQ_ID=3b3e68a29a8e] [LIFECYCLE][END] status=200 duration_ms=1,072.76 memory_delta=6291456

[1 occurrence(s)]
DEBUG --> [REQ_ID=3b3e68a29a8e] [REQUEST][END]

[1 occurrence(s)]
DEBUG --> [REQ_ID=3244d2455473] [REQUEST][START] GET /index.php/How-It-Works/Investment-Portfolio-Management

[1 occurrence(s)]
DEBUG --> [REQ_ID=3244d2455473] [FILTER_BEFORE] /index.php/How-It-Works/Investment-Portfolio-Management

[1 occurrence(s)]
DEBUG --> [REQ_ID=3244d2455473] [ROUTE] Controller=\App\Modules\Blog\Controllers\HowItWorksController Method=show

[1 occurrence(s)]
DEBUG --> [REQ_ID=3244d2455473] [LIFECYCLE][START] GET https://www.mymiwallet.com/index.php/How-It-Works/Investment-Portfolio-Management

[1 occurrence(s)]
DEBUG --> [CSRF] token name=csrf_test_name hash=347cab9f7ac1e49cd9c7bc2e68f93afc

[1 occurrence(s)]
DEBUG --> [REQ_ID=8fab2af417de] [INIT] App\Modules\Blog\Controllers\HowItWorksController::GET

[1 occurrence(s)]
DEBUG --> [REQ_ID=8fab2af417de] [METHOD_ENTRY] show

[1 occurrence(s)]
DEBUG --> [REQ_ID=3244d2455473] [FILTER_AFTER]

[1 occurrence(s)]
DEBUG --> [REQ_ID=3244d2455473] [LIFECYCLE][END] status=404 duration_ms=18.78 memory_delta=0

[1 occurrence(s)]
DEBUG --> [REQ_ID=3244d2455473] [REQUEST][END]

[1 occurrence(s)]
DEBUG --> [REQ_ID=95c055d03de5] [REQUEST][START] GET /index.php/How-It-Works/Investment-Portfolio-Management

[1 occurrence(s)]
DEBUG --> [REQ_ID=95c055d03de5] [FILTER_BEFORE] /index.php/How-It-Works/Investment-Portfolio-Management

[1 occurrence(s)]
DEBUG --> [REQ_ID=95c055d03de5] [ROUTE] Controller=\App\Modules\Blog\Controllers\HowItWorksController Method=show

[1 occurrence(s)]
DEBUG --> [REQ_ID=95c055d03de5] [LIFECYCLE][START] GET https://www.mymiwallet.com/index.php/How-It-Works/Investment-Portfolio-Management

[1 occurrence(s)]
DEBUG --> [CSRF] token name=csrf_test_name hash=dcbaecd8b91d43c24063e32dca2b0648

[1 occurrence(s)]
DEBUG --> [REQ_ID=bc4919d6146e] [INIT] App\Modules\Blog\Controllers\HowItWorksController::GET

[1 occurrence(s)]
DEBUG --> [REQ_ID=bc4919d6146e] [METHOD_ENTRY] show

[1 occurrence(s)]
DEBUG --> [REQ_ID=95c055d03de5] [FILTER_AFTER]

[1 occurrence(s)]
DEBUG --> [REQ_ID=95c055d03de5] [LIFECYCLE][END] status=404 duration_ms=19.44 memory_delta=0

[1 occurrence(s)]
DEBUG --> [REQ_ID=95c055d03de5] [REQUEST][END]

[1 occurrence(s)]
DEBUG --> [REQ_ID=4e71bc4b27bc] [REQUEST][START] GET /index.php/How-It-Works/Investment-Portfolio-Management

[1 occurrence(s)]
DEBUG --> [REQ_ID=4e71bc4b27bc] [FILTER_BEFORE] /index.php/How-It-Works/Investment-Portfolio-Management

[1 occurrence(s)]
DEBUG --> [REQ_ID=4e71bc4b27bc] [ROUTE] Controller=\App\Modules\Blog\Controllers\HowItWorksController Method=show

[1 occurrence(s)]
DEBUG --> [REQ_ID=4e71bc4b27bc] [LIFECYCLE][START] GET https://www.mymiwallet.com/index.php/How-It-Works/Investment-Portfolio-Management

[1 occurrence(s)]
DEBUG --> [CSRF] token name=csrf_test_name hash=7bd065a73b9a6ed57a25c4d0fc459bd7

[1 occurrence(s)]
DEBUG --> [REQ_ID=f42dae467076] [INIT] App\Modules\Blog\Controllers\HowItWorksController::GET

[1 occurrence(s)]
DEBUG --> [REQ_ID=f42dae467076] [METHOD_ENTRY] show

[1 occurrence(s)]
DEBUG --> [REQ_ID=4e71bc4b27bc] [FILTER_AFTER]

[1 occurrence(s)]
DEBUG --> [REQ_ID=4e71bc4b27bc] [LIFECYCLE][END] status=404 duration_ms=22.92 memory_delta=0

[1 occurrence(s)]
DEBUG --> [REQ_ID=4e71bc4b27bc] [REQUEST][END]

[1 occurrence(s)]
DEBUG --> [REQ_ID=15598fd42c45] [REQUEST][START] GET /index.php/How-It-Works/Daily-Financial-News

[1 occurrence(s)]
DEBUG --> [REQ_ID=15598fd42c45] [FILTER_BEFORE] /index.php/How-It-Works/Daily-Financial-News

[1 occurrence(s)]
DEBUG --> [REQ_ID=15598fd42c45] [ROUTE] Controller=\App\Modules\Blog\Controllers\HowItWorksController Method=show

[1 occurrence(s)]
DEBUG --> [REQ_ID=15598fd42c45] [LIFECYCLE][START] GET https://www.mymiwallet.com/index.php/How-It-Works/Daily-Financial-News

[1 occurrence(s)]
DEBUG --> [CSRF] token name=csrf_test_name hash=cab1ea084de4e1fbe37af73c115a6dea

[1 occurrence(s)]
DEBUG --> [REQ_ID=7633c283535e] [INIT] App\Modules\Blog\Controllers\HowItWorksController::GET

[1 occurrence(s)]
DEBUG --> [REQ_ID=7633c283535e] [METHOD_ENTRY] show

[1 occurrence(s)]
DEBUG --> [REQ_ID=15598fd42c45] [FILTER_AFTER]

[1 occurrence(s)]
DEBUG --> [REQ_ID=15598fd42c45] [LIFECYCLE][END] status=404 duration_ms=18.43 memory_delta=0

[1 occurrence(s)]
DEBUG --> [REQ_ID=15598fd42c45] [REQUEST][END]

[1 occurrence(s)]
DEBUG --> [REQ_ID=a614ed0a19e5] [REQUEST][START] GET /index.php/How-It-Works/Daily-Financial-News

[1 occurrence(s)]
DEBUG --> [REQ_ID=a614ed0a19e5] [FILTER_BEFORE] /index.php/How-It-Works/Daily-Financial-News

[1 occurrence(s)]
DEBUG --> [REQ_ID=a614ed0a19e5] [ROUTE] Controller=\App\Modules\Blog\Controllers\HowItWorksController Method=show

[1 occurrence(s)]
DEBUG --> [REQ_ID=a614ed0a19e5] [LIFECYCLE][START] GET https://www.mymiwallet.com/index.php/How-It-Works/Daily-Financial-News

[1 occurrence(s)]
DEBUG --> [CSRF] token name=csrf_test_name hash=fa25527dbda1de98d68a5346f8e77d0f

[1 occurrence(s)]
DEBUG --> [REQ_ID=bd35feef33fd] [INIT] App\Modules\Blog\Controllers\HowItWorksController::GET

[1 occurrence(s)]
DEBUG --> [REQ_ID=bd35feef33fd] [METHOD_ENTRY] show

[1 occurrence(s)]
DEBUG --> [REQ_ID=a614ed0a19e5] [FILTER_AFTER]

[1 occurrence(s)]
DEBUG --> [REQ_ID=a614ed0a19e5] [LIFECYCLE][END] status=404 duration_ms=51.67 memory_delta=0

[1 occurrence(s)]
DEBUG --> [REQ_ID=a614ed0a19e5] [REQUEST][END]

[1 occurrence(s)]
DEBUG --> [REQ_ID=0f26a75bef27] [REQUEST][START] GET /index.php/How-It-Works/Daily-Financial-News

[1 occurrence(s)]
DEBUG --> [REQ_ID=0f26a75bef27] [FILTER_BEFORE] /index.php/How-It-Works/Daily-Financial-News

[1 occurrence(s)]
DEBUG --> [REQ_ID=0f26a75bef27] [ROUTE] Controller=\App\Modules\Blog\Controllers\HowItWorksController Method=show

[1 occurrence(s)]
DEBUG --> [REQ_ID=0f26a75bef27] [LIFECYCLE][START] GET https://www.mymiwallet.com/index.php/How-It-Works/Daily-Financial-News

[1 occurrence(s)]
DEBUG --> [CSRF] token name=csrf_test_name hash=9ba4bb5881547ba37da9e2d8c1834c38

[1 occurrence(s)]
DEBUG --> [REQ_ID=f20d3bb0b0cf] [INIT] App\Modules\Blog\Controllers\HowItWorksController::GET

[1 occurrence(s)]
DEBUG --> [REQ_ID=f20d3bb0b0cf] [METHOD_ENTRY] show

[1 occurrence(s)]
DEBUG --> [REQ_ID=0f26a75bef27] [FILTER_AFTER]

[1 occurrence(s)]
DEBUG --> [REQ_ID=0f26a75bef27] [LIFECYCLE][END] status=404 duration_ms=27.76 memory_delta=0

[1 occurrence(s)]
DEBUG --> [REQ_ID=0f26a75bef27] [REQUEST][END]

[1 occurrence(s)]
DEBUG --> [REQ_ID=82784ed674dc] [REQUEST][START] GET /index.php

[1 occurrence(s)]
DEBUG --> [REQ_ID=82784ed674dc] [FILTER_BEFORE] /index.php

[1 occurrence(s)]
DEBUG --> [REQ_ID=82784ed674dc] [ROUTE] Controller=\App\Controllers\Home Method=index

[1 occurrence(s)]
DEBUG --> [REQ_ID=82784ed674dc] [LIFECYCLE][START] GET https://www.mymiwallet.com/index.php/

[1 occurrence(s)]
DEBUG --> [CSRF] token name=csrf_test_name hash=d693719e9b07e263a471e49672374a2b

[1 occurrence(s)]
DEBUG --> [REQ_ID=b41b1f8f480d] [INIT] App\Controllers\Home::GET

[1 occurrence(s)]
DEBUG --> [REQ_ID=b41b1f8f480d] [VIEW_RENDER] themes/public/home

[1 occurrence(s)]
DEBUG --> [REQ_ID=82784ed674dc] [FILTER_AFTER]

[1 occurrence(s)]
DEBUG --> [REQ_ID=82784ed674dc] [LIFECYCLE][END] status=200 duration_ms=515.81 memory_delta=4194304

[1 occurrence(s)]
DEBUG --> [REQ_ID=82784ed674dc] [REQUEST][END]

[1 occurrence(s)]
DEBUG --> [REQ_ID=85c1d036e39b] [REQUEST][START] GET /index.php

[1 occurrence(s)]
DEBUG --> [REQ_ID=85c1d036e39b] [FILTER_BEFORE] /index.php

[1 occurrence(s)]
DEBUG --> [REQ_ID=85c1d036e39b] [ROUTE] Controller=\App\Controllers\Home Method=index

[1 occurrence(s)]
DEBUG --> [REQ_ID=85c1d036e39b] [LIFECYCLE][START] GET https://www.mymiwallet.com/index.php/

[1 occurrence(s)]
DEBUG --> [CSRF] token name=csrf_test_name hash=c4b7baf65d0f7fdc832564586677aece

[1 occurrence(s)]
DEBUG --> [REQ_ID=1c3bf041e8bc] [INIT] App\Controllers\Home::GET

[1 occurrence(s)]
DEBUG --> [REQ_ID=1c3bf041e8bc] [VIEW_RENDER] themes/public/home

[1 occurrence(s)]
DEBUG --> [REQ_ID=85c1d036e39b] [FILTER_AFTER]

[1 occurrence(s)]
DEBUG --> [REQ_ID=85c1d036e39b] [LIFECYCLE][END] status=200 duration_ms=584.38 memory_delta=2097152

[1 occurrence(s)]
DEBUG --> [REQ_ID=85c1d036e39b] [REQUEST][END]

[1 occurrence(s)]
DEBUG --> [REQ_ID=868f2a23e793] [REQUEST][START] GET /index.php/How-It-Works

[1 occurrence(s)]
DEBUG --> [REQ_ID=868f2a23e793] [FILTER_BEFORE] /index.php/How-It-Works

[1 occurrence(s)]
DEBUG --> [REQ_ID=868f2a23e793] [ROUTE] Controller=\App\Modules\Blog\Controllers\HowItWorksController Method=index

[1 occurrence(s)]
DEBUG --> [REQ_ID=868f2a23e793] [LIFECYCLE][START] GET https://www.mymiwallet.com/index.php/How-It-Works

[1 occurrence(s)]
DEBUG --> [CSRF] token name=csrf_test_name hash=6309555a6a1f275d4c3f9212eb3b7fe7

[1 occurrence(s)]
DEBUG --> [REQ_ID=cb133b774c6d] [INIT] App\Modules\Blog\Controllers\HowItWorksController::GET

[1 occurrence(s)]
DEBUG --> [REQ_ID=cb133b774c6d] [METHOD_ENTRY] index

[1 occurrence(s)]
DEBUG --> [REQ_ID=cb133b774c6d] [VIEW_RENDER] App\Modules\Blog\Views\HowItWorks\index

[1 occurrence(s)]
DEBUG --> [REQ_ID=868f2a23e793] [FILTER_AFTER]

[1 occurrence(s)]
DEBUG --> [REQ_ID=868f2a23e793] [LIFECYCLE][END] status=200 duration_ms=544.90 memory_delta=2097152

[1 occurrence(s)]
DEBUG --> [REQ_ID=868f2a23e793] [REQUEST][END]

[1 occurrence(s)]
DEBUG --> [REQ_ID=94b057a864be] [REQUEST][START] GET /

[1 occurrence(s)]
DEBUG --> [REQ_ID=94b057a864be] [FILTER_BEFORE] /

[1 occurrence(s)]
DEBUG --> [REQ_ID=94b057a864be] [ROUTE] Controller=\App\Controllers\Home Method=index

[1 occurrence(s)]
DEBUG --> [REQ_ID=94b057a864be] [LIFECYCLE][START] GET https://www.mymiwallet.com/index.php/

[1 occurrence(s)]
DEBUG --> [CSRF] token name=csrf_test_name hash=b162432273c7a92fd1ff7d443bb1de63

[1 occurrence(s)]
DEBUG --> [REQ_ID=a0c648f898f6] [INIT] App\Controllers\Home::GET

[1 occurrence(s)]
DEBUG --> [REQ_ID=a0c648f898f6] [VIEW_RENDER] themes/public/home

[1 occurrence(s)]
DEBUG --> [REQ_ID=94b057a864be] [FILTER_AFTER]

[1 occurrence(s)]
DEBUG --> [REQ_ID=94b057a864be] [LIFECYCLE][END] status=200 duration_ms=558.61 memory_delta=2097152

[1 occurrence(s)]
DEBUG --> [REQ_ID=94b057a864be] [REQUEST][END]

[1 occurrence(s)]
DEBUG --> [REQ_ID=4e00d571e248] [REQUEST][START] GET /index.php/Blog

[1 occurrence(s)]
DEBUG --> [REQ_ID=4e00d571e248] [FILTER_BEFORE] /index.php/Blog

[1 occurrence(s)]
DEBUG --> [REQ_ID=4e00d571e248] [ROUTE] Controller=\App\Modules\Blog\Controllers\BlogController Method=index

[1 occurrence(s)]
DEBUG --> [REQ_ID=4e00d571e248] [LIFECYCLE][START] GET https://www.mymiwallet.com/index.php/Blog

[1 occurrence(s)]
DEBUG --> [CSRF] token name=csrf_test_name hash=21e02a9f616cb3402af1b3a72673a0cd

[1 occurrence(s)]
DEBUG --> [REQ_ID=c33668809d43] [INIT] App\Modules\Blog\Controllers\BlogController::GET

[1 occurrence(s)]
DEBUG --> [REQ_ID=c33668809d43] [METHOD_ENTRY] index

[1 occurrence(s)]
DEBUG --> [REQ_ID=e2006f1568ed] [REQUEST][START] GET /index.php/Blog

[1 occurrence(s)]
DEBUG --> [REQ_ID=e2006f1568ed] [FILTER_BEFORE] /index.php/Blog

[1 occurrence(s)]
DEBUG --> [REQ_ID=e2006f1568ed] [ROUTE] Controller=\App\Modules\Blog\Controllers\BlogController Method=index

[1 occurrence(s)]
DEBUG --> [REQ_ID=e2006f1568ed] [LIFECYCLE][START] GET https://www.mymiwallet.com/index.php/Blog

[1 occurrence(s)]
DEBUG --> [CSRF] token name=csrf_test_name hash=9a01c1981d1e7df2d0062d1c39ce09ae

[1 occurrence(s)]
DEBUG --> [REQ_ID=29e9af6c22ca] [INIT] App\Modules\Blog\Controllers\BlogController::GET

[1 occurrence(s)]
DEBUG --> [REQ_ID=29e9af6c22ca] [METHOD_ENTRY] index

[1 occurrence(s)]
DEBUG --> [REQ_ID=9b1ae4cdcfaa] [REQUEST][START] GET /index.php/Blog

[1 occurrence(s)]
DEBUG --> [REQ_ID=9b1ae4cdcfaa] [FILTER_BEFORE] /index.php/Blog

[1 occurrence(s)]
DEBUG --> [REQ_ID=9b1ae4cdcfaa] [ROUTE] Controller=\App\Modules\Blog\Controllers\BlogController Method=index

[1 occurrence(s)]
DEBUG --> [REQ_ID=9b1ae4cdcfaa] [LIFECYCLE][START] GET https://www.mymiwallet.com/index.php/Blog

[1 occurrence(s)]
DEBUG --> [CSRF] token name=csrf_test_name hash=b95ddf9131dcbb6b62f8922e8abd75ab

[1 occurrence(s)]
DEBUG --> [REQ_ID=796ec7940624] [INIT] App\Modules\Blog\Controllers\BlogController::GET

[1 occurrence(s)]
DEBUG --> [REQ_ID=796ec7940624] [METHOD_ENTRY] index

[1 occurrence(s)]
DEBUG --> [REQ_ID=95e5bc134d14] [REQUEST][START] GET /index.php/login

[1 occurrence(s)]
DEBUG --> [REQ_ID=95e5bc134d14] [FILTER_BEFORE] /index.php/login

[1 occurrence(s)]
DEBUG --> [REQ_ID=95e5bc134d14] [ROUTE] Controller=\App\Controllers\AuthController Method=login

[1 occurrence(s)]
DEBUG --> [REQ_ID=95e5bc134d14] [LIFECYCLE][START] GET https://www.mymiwallet.com/index.php/login

[1 occurrence(s)]
DEBUG --> [CSRF] token name=csrf_test_name hash=b8deeeb13aeb2572a5efe5cc95e13990

[1 occurrence(s)]
DEBUG --> [REQ_ID=c979534f5d48] [INIT] App\Controllers\AuthController::GET

[1 occurrence(s)]
DEBUG --> [REQ_ID=95e5bc134d14] [FILTER_AFTER]

[1 occurrence(s)]
DEBUG --> [REQ_ID=95e5bc134d14] [LIFECYCLE][END] status=200 duration_ms=14.93 memory_delta=0

[1 occurrence(s)]
DEBUG --> [REQ_ID=95e5bc134d14] [REQUEST][END]

[1 occurrence(s)]
DEBUG --> [REQ_ID=4ebc260bf9e7] [REQUEST][START] GET /index.php/How-It-Works/Personal-Budgeting

[1 occurrence(s)]
DEBUG --> [REQ_ID=4ebc260bf9e7] [FILTER_BEFORE] /index.php/How-It-Works/Personal-Budgeting

[1 occurrence(s)]
DEBUG --> [REQ_ID=4ebc260bf9e7] [ROUTE] Controller=\App\Modules\Blog\Controllers\HowItWorksController Method=show

[1 occurrence(s)]
DEBUG --> [REQ_ID=4ebc260bf9e7] [LIFECYCLE][START] GET https://www.mymiwallet.com/index.php/How-It-Works/Personal-Budgeting

[1 occurrence(s)]
DEBUG --> [CSRF] token name=csrf_test_name hash=20b6eb9e59eda8bf21f7eb42218c0fc7

[1 occurrence(s)]
DEBUG --> [REQ_ID=b25651d87123] [INIT] App\Modules\Blog\Controllers\HowItWorksController::GET

[1 occurrence(s)]
DEBUG --> [REQ_ID=b25651d87123] [METHOD_ENTRY] show

[1 occurrence(s)]
DEBUG --> [REQ_ID=b25651d87123] [VIEW_RENDER] App\Modules\Blog\Views\HowItWorks\Personal_Budgeting

[1 occurrence(s)]
DEBUG --> [REQ_ID=4ebc260bf9e7] [FILTER_AFTER]

[1 occurrence(s)]
DEBUG --> [REQ_ID=4ebc260bf9e7] [LIFECYCLE][END] status=200 duration_ms=1,102.80 memory_delta=6291456

[1 occurrence(s)]
DEBUG --> [REQ_ID=4ebc260bf9e7] [REQUEST][END]

[1 occurrence(s)]
DEBUG --> [REQ_ID=c2e3e5526549] [REQUEST][START] GET /index.php/How-It-Works/Investment-Portfolio-Management

[1 occurrence(s)]
DEBUG --> [REQ_ID=c2e3e5526549] [FILTER_BEFORE] /index.php/How-It-Works/Investment-Portfolio-Management

[1 occurrence(s)]
DEBUG --> [REQ_ID=c2e3e5526549] [ROUTE] Controller=\App\Modules\Blog\Controllers\HowItWorksController Method=show

[1 occurrence(s)]
DEBUG --> [REQ_ID=c2e3e5526549] [LIFECYCLE][START] GET https://www.mymiwallet.com/index.php/How-It-Works/Investment-Portfolio-Management

[1 occurrence(s)]
DEBUG --> [CSRF] token name=csrf_test_name hash=008aac4246c93c04d28e2dfc64f6aae4

[1 occurrence(s)]
DEBUG --> [REQ_ID=fc98778e1d77] [INIT] App\Modules\Blog\Controllers\HowItWorksController::GET

[1 occurrence(s)]
DEBUG --> [REQ_ID=fc98778e1d77] [METHOD_ENTRY] show

[1 occurrence(s)]
DEBUG --> [REQ_ID=c2e3e5526549] [FILTER_AFTER]

[1 occurrence(s)]
DEBUG --> [REQ_ID=c2e3e5526549] [LIFECYCLE][END] status=404 duration_ms=26.21 memory_delta=0

[1 occurrence(s)]
DEBUG --> [REQ_ID=c2e3e5526549] [REQUEST][END]

[1 occurrence(s)]
DEBUG --> [REQ_ID=7e78786fc8c6] [REQUEST][START] GET /index.php/How-It-Works/Investment-Portfolio-Management

[1 occurrence(s)]
DEBUG --> [REQ_ID=7e78786fc8c6] [FILTER_BEFORE] /index.php/How-It-Works/Investment-Portfolio-Management

[1 occurrence(s)]
DEBUG --> [REQ_ID=7e78786fc8c6] [ROUTE] Controller=\App\Modules\Blog\Controllers\HowItWorksController Method=show

[1 occurrence(s)]
DEBUG --> [REQ_ID=7e78786fc8c6] [LIFECYCLE][START] GET https://www.mymiwallet.com/index.php/How-It-Works/Investment-Portfolio-Management

[1 occurrence(s)]
DEBUG --> [CSRF] token name=csrf_test_name hash=3699ea4069b801dc238c78d4a811c98e

[1 occurrence(s)]
DEBUG --> [REQ_ID=c264238d818b] [INIT] App\Modules\Blog\Controllers\HowItWorksController::GET

[1 occurrence(s)]
DEBUG --> [REQ_ID=c264238d818b] [METHOD_ENTRY] show

[1 occurrence(s)]
DEBUG --> [REQ_ID=7e78786fc8c6] [FILTER_AFTER]

[1 occurrence(s)]
DEBUG --> [REQ_ID=7e78786fc8c6] [LIFECYCLE][END] status=404 duration_ms=21.47 memory_delta=0

[1 occurrence(s)]
DEBUG --> [REQ_ID=7e78786fc8c6] [REQUEST][END]

[1 occurrence(s)]
DEBUG --> [REQ_ID=156064ae97df] [REQUEST][START] GET /index.php/How-It-Works/Investment-Portfolio-Management

[1 occurrence(s)]
DEBUG --> [REQ_ID=156064ae97df] [FILTER_BEFORE] /index.php/How-It-Works/Investment-Portfolio-Management

[1 occurrence(s)]
DEBUG --> [REQ_ID=156064ae97df] [ROUTE] Controller=\App\Modules\Blog\Controllers\HowItWorksController Method=show

[1 occurrence(s)]
DEBUG --> [REQ_ID=156064ae97df] [LIFECYCLE][START] GET https://www.mymiwallet.com/index.php/How-It-Works/Investment-Portfolio-Management

[1 occurrence(s)]
DEBUG --> [CSRF] token name=csrf_test_name hash=32cf9275c506cbc0a06075a0954f694b

[1 occurrence(s)]
DEBUG --> [REQ_ID=956601af858d] [INIT] App\Modules\Blog\Controllers\HowItWorksController::GET

[1 occurrence(s)]
DEBUG --> [REQ_ID=956601af858d] [METHOD_ENTRY] show

[1 occurrence(s)]
DEBUG --> [REQ_ID=156064ae97df] [FILTER_AFTER]

[1 occurrence(s)]
DEBUG --> [REQ_ID=156064ae97df] [LIFECYCLE][END] status=404 duration_ms=22.95 memory_delta=0

[1 occurrence(s)]
DEBUG --> [REQ_ID=156064ae97df] [REQUEST][END]

[1 occurrence(s)]
DEBUG --> [REQ_ID=8f05f5c69da7] [REQUEST][START] GET /index.php/How-It-Works/Daily-Financial-News

[1 occurrence(s)]
DEBUG --> [REQ_ID=8f05f5c69da7] [FILTER_BEFORE] /index.php/How-It-Works/Daily-Financial-News

[1 occurrence(s)]
DEBUG --> [REQ_ID=8f05f5c69da7] [ROUTE] Controller=\App\Modules\Blog\Controllers\HowItWorksController Method=show

[1 occurrence(s)]
DEBUG --> [REQ_ID=8f05f5c69da7] [LIFECYCLE][START] GET https://www.mymiwallet.com/index.php/How-It-Works/Daily-Financial-News

[1 occurrence(s)]
DEBUG --> [CSRF] token name=csrf_test_name hash=8a830e1d1e3a230941b734bcb164606d

[1 occurrence(s)]
DEBUG --> [REQ_ID=237de605388d] [INIT] App\Modules\Blog\Controllers\HowItWorksController::GET

[1 occurrence(s)]
DEBUG --> [REQ_ID=237de605388d] [METHOD_ENTRY] show

[1 occurrence(s)]
DEBUG --> [REQ_ID=8f05f5c69da7] [FILTER_AFTER]

[1 occurrence(s)]
DEBUG --> [REQ_ID=8f05f5c69da7] [LIFECYCLE][END] status=404 duration_ms=17.50 memory_delta=0

[1 occurrence(s)]
DEBUG --> [REQ_ID=8f05f5c69da7] [REQUEST][END]

[1 occurrence(s)]
DEBUG --> [REQ_ID=7478709e1dac] [REQUEST][START] GET /index.php/How-It-Works/Daily-Financial-News

[1 occurrence(s)]
DEBUG --> [REQ_ID=7478709e1dac] [FILTER_BEFORE] /index.php/How-It-Works/Daily-Financial-News

[1 occurrence(s)]
DEBUG --> [REQ_ID=7478709e1dac] [ROUTE] Controller=\App\Modules\Blog\Controllers\HowItWorksController Method=show

[1 occurrence(s)]
DEBUG --> [REQ_ID=7478709e1dac] [LIFECYCLE][START] GET https://www.mymiwallet.com/index.php/How-It-Works/Daily-Financial-News

[1 occurrence(s)]
DEBUG --> [CSRF] token name=csrf_test_name hash=26874b4adf01f7cc93ce04004d985d2a

[1 occurrence(s)]
DEBUG --> [REQ_ID=b83393b058ac] [INIT] App\Modules\Blog\Controllers\HowItWorksController::GET

[1 occurrence(s)]
DEBUG --> [REQ_ID=b83393b058ac] [METHOD_ENTRY] show

[1 occurrence(s)]
DEBUG --> [REQ_ID=7478709e1dac] [FILTER_AFTER]

[1 occurrence(s)]
DEBUG --> [REQ_ID=7478709e1dac] [LIFECYCLE][END] status=404 duration_ms=20.45 memory_delta=0

[1 occurrence(s)]
DEBUG --> [REQ_ID=7478709e1dac] [REQUEST][END]

[1 occurrence(s)]
DEBUG --> [REQ_ID=b5d233e18e85] [REQUEST][START] GET /index.php/How-It-Works/Daily-Financial-News

[1 occurrence(s)]
DEBUG --> [REQ_ID=b5d233e18e85] [FILTER_BEFORE] /index.php/How-It-Works/Daily-Financial-News

[1 occurrence(s)]
DEBUG --> [REQ_ID=b5d233e18e85] [ROUTE] Controller=\App\Modules\Blog\Controllers\HowItWorksController Method=show

[1 occurrence(s)]
DEBUG --> [REQ_ID=b5d233e18e85] [LIFECYCLE][START] GET https://www.mymiwallet.com/index.php/How-It-Works/Daily-Financial-News

[1 occurrence(s)]
DEBUG --> [CSRF] token name=csrf_test_name hash=8347049b7a2d864b8484a571e815c2ac

[1 occurrence(s)]
DEBUG --> [REQ_ID=630d91e13dc0] [INIT] App\Modules\Blog\Controllers\HowItWorksController::GET

[1 occurrence(s)]
DEBUG --> [REQ_ID=630d91e13dc0] [METHOD_ENTRY] show

[1 occurrence(s)]
DEBUG --> [REQ_ID=b5d233e18e85] [FILTER_AFTER]

[1 occurrence(s)]
DEBUG --> [REQ_ID=b5d233e18e85] [LIFECYCLE][END] status=404 duration_ms=15.72 memory_delta=0

[1 occurrence(s)]
DEBUG --> [REQ_ID=b5d233e18e85] [REQUEST][END]

[1 occurrence(s)]
DEBUG --> [REQ_ID=2443fa5d53e1] [REQUEST][START] GET /

[1 occurrence(s)]
DEBUG --> [REQ_ID=2443fa5d53e1] [FILTER_BEFORE] /

[1 occurrence(s)]
DEBUG --> [REQ_ID=2443fa5d53e1] [ROUTE] Controller=\App\Controllers\Home Method=index

[1 occurrence(s)]
DEBUG --> [REQ_ID=2443fa5d53e1] [LIFECYCLE][START] GET https://www.mymiwallet.com/index.php/

[1 occurrence(s)]
DEBUG --> [CSRF] token name=csrf_test_name hash=d9fe050c496ffdb73249ce656973a538

[1 occurrence(s)]
DEBUG --> [REQ_ID=1493ab689fa1] [INIT] App\Controllers\Home::GET

[1 occurrence(s)]
DEBUG --> [REQ_ID=1493ab689fa1] [VIEW_RENDER] themes/public/home

[1 occurrence(s)]
DEBUG --> [REQ_ID=2443fa5d53e1] [FILTER_AFTER]

[1 occurrence(s)]
DEBUG --> [REQ_ID=2443fa5d53e1] [LIFECYCLE][END] status=200 duration_ms=713.69 memory_delta=4194304

[1 occurrence(s)]
DEBUG --> [REQ_ID=2443fa5d53e1] [REQUEST][END]

[1 occurrence(s)]
DEBUG --> [REQ_ID=c9fa6be02d3c] [REQUEST][START] GET /index.php/Account/Security

[1 occurrence(s)]
DEBUG --> [REQ_ID=c9fa6be02d3c] [FILTER_BEFORE] /index.php/Account/Security

[1 occurrence(s)]
DEBUG --> [REQ_ID=c9fa6be02d3c] [ROUTE] Controller=\App\Modules\User\Controllers\DashboardController Method=Security

[1 occurrence(s)]
DEBUG --> [REQ_ID=c9fa6be02d3c] [LIFECYCLE][START] GET https://www.mymiwallet.com/index.php/Account/Security

[1 occurrence(s)]
DEBUG --> [CSRF] token name=csrf_test_name hash=44f6efae612565aa8d46058f588203bd

[1 occurrence(s)]
DEBUG --> [REQ_ID=c9fa6be02d3c] [REQUEST][END]

[1 occurrence(s)]
DEBUG --> [REQ_ID=45e3c90714e6] [REQUEST][START] GET /index.php/login

[1 occurrence(s)]
DEBUG --> [REQ_ID=45e3c90714e6] [FILTER_BEFORE] /index.php/login

[1 occurrence(s)]
DEBUG --> [REQ_ID=45e3c90714e6] [ROUTE] Controller=\App\Controllers\AuthController Method=login

[1 occurrence(s)]
DEBUG --> [REQ_ID=45e3c90714e6] [LIFECYCLE][START] GET https://www.mymiwallet.com/index.php/login

[1 occurrence(s)]
DEBUG --> [CSRF] token name=csrf_test_name hash=5fdf13e6ef8b5be645b4cc9e9220faf7

[1 occurrence(s)]
DEBUG --> [REQ_ID=12c08ebcadba] [INIT] App\Controllers\AuthController::GET

[1 occurrence(s)]
DEBUG --> [REQ_ID=45e3c90714e6] [FILTER_AFTER]

[1 occurrence(s)]
DEBUG --> [REQ_ID=45e3c90714e6] [LIFECYCLE][END] status=200 duration_ms=50.67 memory_delta=0

[1 occurrence(s)]
DEBUG --> [REQ_ID=45e3c90714e6] [REQUEST][END]

[1 occurrence(s)]
DEBUG --> [REQ_ID=a6edcc4ff73e] [REQUEST][START] GET /index.php/API/Management/Run-CRON-Tasks

[1 occurrence(s)]
DEBUG --> [REQ_ID=a6edcc4ff73e] [FILTER_BEFORE] /index.php/API/Management/Run-CRON-Tasks

[1 occurrence(s)]
DEBUG --> [REQ_ID=a6edcc4ff73e] [ROUTE] Controller=\App\Modules\Management\Controllers\ManagementAPIController Method=Run_CRON_Tasks

[1 occurrence(s)]
DEBUG --> [REQ_ID=a6edcc4ff73e] [LIFECYCLE][START] GET https://www.mymiwallet.com/index.php/API/Management/Run-CRON-Tasks

[1 occurrence(s)]
DEBUG --> [REQ_ID=a6edcc4ff73e] [REQUEST][END]

[1 occurrence(s)]
DEBUG --> [REQ_ID=fa5929872332] [REQUEST][START] GET /

[1 occurrence(s)]
DEBUG --> [REQ_ID=fa5929872332] [FILTER_BEFORE] /

[1 occurrence(s)]
DEBUG --> [REQ_ID=fa5929872332] [ROUTE] Controller=\App\Controllers\Home Method=index

[1 occurrence(s)]
DEBUG --> [REQ_ID=fa5929872332] [LIFECYCLE][START] GET https://www.mymiwallet.com/index.php/

[1 occurrence(s)]
DEBUG --> [CSRF] token name=csrf_test_name hash=7c7cdb01eca7d5bf3da3c266eb6fe484

[1 occurrence(s)]
DEBUG --> [REQ_ID=7276751803d6] [INIT] App\Controllers\Home::GET

[1 occurrence(s)]
DEBUG --> [REQ_ID=7276751803d6] [VIEW_RENDER] themes/public/home

[1 occurrence(s)]
DEBUG --> [REQ_ID=fa5929872332] [FILTER_AFTER]

[1 occurrence(s)]
DEBUG --> [REQ_ID=fa5929872332] [LIFECYCLE][END] status=200 duration_ms=614.65 memory_delta=4194304

[1 occurrence(s)]
DEBUG --> [REQ_ID=fa5929872332] [REQUEST][END]

[1 occurrence(s)]
DEBUG --> [REQ_ID=87a7ca02ce71] [REQUEST][START] GET /index.php/API/Alerts/fetchEmailAlerts

[1 occurrence(s)]
DEBUG --> [REQ_ID=87a7ca02ce71] [FILTER_BEFORE] /index.php/API/Alerts/fetchEmailAlerts

[1 occurrence(s)]
DEBUG --> [REQ_ID=87a7ca02ce71] [ROUTE] Controller=\App\Modules\APIs\Controllers\AlertsAPIController Method=fetchEmailAlerts

[1 occurrence(s)]
DEBUG --> [REQ_ID=87a7ca02ce71] [LIFECYCLE][START] GET https://www.mymiwallet.com/index.php/API/Alerts/fetchEmailAlerts

[1 occurrence(s)]
DEBUG --> [REQ_ID=87a7ca02ce71] [REQUEST][END]

[1 occurrence(s)]
DEBUG --> [REQ_ID=621d47c0cb2f] [REQUEST][START] GET /

[1 occurrence(s)]
DEBUG --> [REQ_ID=621d47c0cb2f] [FILTER_BEFORE] /

[1 occurrence(s)]
DEBUG --> [REQ_ID=621d47c0cb2f] [ROUTE] Controller=\App\Controllers\Home Method=index

[1 occurrence(s)]
DEBUG --> [REQ_ID=621d47c0cb2f] [LIFECYCLE][START] GET https://www.mymiwallet.com/index.php/

[1 occurrence(s)]
DEBUG --> [CSRF] token name=csrf_test_name hash=8c1c13e200ccc8d22be0b8ddd05f2e11

[1 occurrence(s)]
DEBUG --> [REQ_ID=35226de3d71d] [INIT] App\Controllers\Home::GET

[1 occurrence(s)]
DEBUG --> [REQ_ID=35226de3d71d] [VIEW_RENDER] themes/public/home

[1 occurrence(s)]
DEBUG --> [REQ_ID=621d47c0cb2f] [FILTER_AFTER]

[1 occurrence(s)]
DEBUG --> [REQ_ID=621d47c0cb2f] [LIFECYCLE][END] status=200 duration_ms=874.12 memory_delta=4194304

[1 occurrence(s)]
DEBUG --> [REQ_ID=621d47c0cb2f] [REQUEST][END]

[1 occurrence(s)]
DEBUG --> [REQ_ID=92ef38bb765e] [REQUEST][START] GET /

[1 occurrence(s)]
DEBUG --> [REQ_ID=92ef38bb765e] [FILTER_BEFORE] /

[1 occurrence(s)]
DEBUG --> [REQ_ID=92ef38bb765e] [ROUTE] Controller=\App\Controllers\Home Method=index

[1 occurrence(s)]
DEBUG --> [REQ_ID=92ef38bb765e] [LIFECYCLE][START] GET https://www.mymiwallet.com/index.php/

[1 occurrence(s)]
DEBUG --> [CSRF] token name=csrf_test_name hash=d8b191bd6ad1e23641c117bb43aff255

[1 occurrence(s)]
DEBUG --> [REQ_ID=83e4b88cfb3a] [INIT] App\Controllers\Home::GET

[1 occurrence(s)]
DEBUG --> [REQ_ID=83e4b88cfb3a] [VIEW_RENDER] themes/public/home

[1 occurrence(s)]
DEBUG --> [REQ_ID=92ef38bb765e] [FILTER_AFTER]

[1 occurrence(s)]
DEBUG --> [REQ_ID=92ef38bb765e] [LIFECYCLE][END] status=200 duration_ms=683.73 memory_delta=4194304

[1 occurrence(s)]
DEBUG --> [REQ_ID=92ef38bb765e] [REQUEST][END]

[1 occurrence(s)]
DEBUG --> [REQ_ID=26f0479f5740] [REQUEST][START] GET /index.php/API/Management/Run-CRON-Tasks

[1 occurrence(s)]
DEBUG --> [REQ_ID=26f0479f5740] [FILTER_BEFORE] /index.php/API/Management/Run-CRON-Tasks

[1 occurrence(s)]
DEBUG --> [REQ_ID=26f0479f5740] [ROUTE] Controller=\App\Modules\Management\Controllers\ManagementAPIController Method=Run_CRON_Tasks

[1 occurrence(s)]
DEBUG --> [REQ_ID=26f0479f5740] [LIFECYCLE][START] GET https://www.mymiwallet.com/index.php/API/Management/Run-CRON-Tasks

[1 occurrence(s)]
DEBUG --> [REQ_ID=26f0479f5740] [REQUEST][END]


---------------------------
LEVEL: INFO
---------------------------

[1 occurrence(s)]
INFO --> [REQ_ID=7efd45f99eb4] [PERF] Execution time=0.057404

[12 occurrence(s)]
INFO --> [SPARK_START] App\Commands\AIOps\Run

[89 occurrence(s)]
INFO --> [spark:ops:work] Started

[137 occurrence(s)]
INFO --> [SPARK_MEMORY] 16777216

[89 occurrence(s)]
INFO --> [SPARK_START] App\Commands\Ops\Work

[12 occurrence(s)]
INFO --> [spark:aiops:run] Intent

[89 occurrence(s)]
INFO --> [spark:ops:work] Intent

[89 occurrence(s)]
INFO --> [spark:ops:work] Completed

[1 occurrence(s)]
INFO --> [SPARK_COMPLETE] App\Commands\Ops\Work duration=0.217944

[109 occurrence(s)]
INFO --> [SPARK_MEMORY] 18874368

[12 occurrence(s)]
INFO --> [AIOPS][SPARK][GOVERNANCE][spark:logs:summarize] Started

[12 occurrence(s)]
INFO --> [SPARK_START] App\Commands\Logs\Summarize

[12 occurrence(s)]
INFO --> [spark:logs:summarize] Intent

[11 occurrence(s)]
INFO --> [AIOPS][SPARK][GOVERNANCE][spark:logs:summarize] Completed

[1 occurrence(s)]
INFO --> [SPARK_COMPLETE] App\Commands\Logs\Summarize duration=0.003817

[11 occurrence(s)]
INFO --> [spark:app:healthcheck] Started

[11 occurrence(s)]
INFO --> [SPARK_START] App\Commands\App\Healthcheck

[11 occurrence(s)]
INFO --> [spark:app:healthcheck] Intent

[1 occurrence(s)]
INFO --> LOG_HEALTHCHECK info marker=84b3fd5c648d

[11 occurrence(s)]
INFO --> [spark:app:healthcheck] Completed

[1 occurrence(s)]
INFO --> [SPARK_COMPLETE] App\Commands\App\Healthcheck duration=0.024911

[1 occurrence(s)]
INFO --> [SPARK_COMPLETE] App\Commands\AIOps\Run duration=3.272372

[1 occurrence(s)]
INFO --> [REQ_ID=bb18f98157b7] [PERF] Execution time=0.052996

[1 occurrence(s)]
INFO --> [REQ_ID=31287995b61e] [MEMORY][controller-start] 4194304

[1 occurrence(s)]
INFO --> [REQ_ID=31287995b61e] [PERF] Execution time=0.097871

[1 occurrence(s)]
INFO --> [REQ_ID=c89c916acdf1] [PERF] Execution time=0.113669

[1 occurrence(s)]
INFO --> [REQ_ID=464609f33d8f] [PERF] Execution time=0.009375

[1 occurrence(s)]
INFO --> [REQ_ID=97992323e16e] [MEMORY][controller-start] 4194304

[1 occurrence(s)]
INFO --> [REQ_ID=97992323e16e] [PERF] Execution time=0.024371

[1 occurrence(s)]
INFO --> [REQ_ID=3c0b3c54709d] [PERF] Execution time=0.033151

[1 occurrence(s)]
INFO --> [REQ_ID=0dd7813dba0b] [PERF] Execution time=0.009979

[1 occurrence(s)]
INFO --> [REQ_ID=baa90d851d18] [MEMORY][controller-start] 4194304

[1 occurrence(s)]
INFO --> [REQ_ID=baa90d851d18] [PERF] Execution time=0.013872

[1 occurrence(s)]
INFO --> [REQ_ID=96dd52ca5ddb] [PERF] Execution time=0.022810

[1 occurrence(s)]
INFO --> [REQ_ID=7ec69af13ba4] [MEMORY][controller-start] 4194304

[1 occurrence(s)]
INFO --> [REQ_ID=7ec69af13ba4] [PERF] Execution time=0.019792

[1 occurrence(s)]
INFO --> [REQ_ID=f0bafda2c39d] [PERF] Execution time=0.030679

[1 occurrence(s)]
INFO --> [REQ_ID=4fa387589af3] [MEMORY][controller-start] 4194304

[1 occurrence(s)]
INFO --> [REQ_ID=4fa387589af3] [PERF] Execution time=0.017536

[1 occurrence(s)]
INFO --> [REQ_ID=e94cc7c62e6b] [PERF] Execution time=0.027255

[1 occurrence(s)]
INFO --> [REQ_ID=4a66b2cd0625] [PERF] Execution time=0.010385

[1 occurrence(s)]
INFO --> [REQ_ID=51aef5e0539d] [MEMORY][controller-start] 4194304

[1 occurrence(s)]
INFO --> [REQ_ID=51aef5e0539d] [PERF] Execution time=0.014595

[1 occurrence(s)]
INFO --> [REQ_ID=d88944016d59] [PERF] Execution time=0.023316

[1 occurrence(s)]
INFO --> [REQ_ID=41376085a664] [MEMORY][controller-start] 4194304

[1 occurrence(s)]
INFO --> [REQ_ID=41376085a664] [MEMORY][commonData:start] 6291456

[1 occurrence(s)]
INFO --> [REQ_ID=41376085a664] [MEMORY][commonData:start] 8388608

[31 occurrence(s)]
INFO --> themesMemory usage: 8388608

[1 occurrence(s)]
INFO --> [REQ_ID=41376085a664] [PERF] Execution time=0.530754

[1 occurrence(s)]
INFO --> [REQ_ID=330b3637818b] [PERF] Execution time=0.541712

[1 occurrence(s)]
INFO --> [REQ_ID=5f4ca1a5f94c] [MEMORY][controller-start] 6291456

[1 occurrence(s)]
INFO --> [REQ_ID=5f4ca1a5f94c] [MEMORY][commonData:start] 6291456

[1 occurrence(s)]
INFO --> [REQ_ID=5f4ca1a5f94c] [MEMORY][commonData:start] 8388608

[1 occurrence(s)]
INFO --> [REQ_ID=5f4ca1a5f94c] [PERF] Execution time=0.505767

[1 occurrence(s)]
INFO --> [REQ_ID=2758f5541030] [PERF] Execution time=0.517314

[1 occurrence(s)]
INFO --> [REQ_ID=99f67c6f96bc] [PERF] Execution time=0.022834

[1 occurrence(s)]
INFO --> [REQ_ID=781a2981d418] [MEMORY][controller-start] 4194304

[1 occurrence(s)]
INFO --> [REQ_ID=781a2981d418] [PERF] Execution time=0.014998

[1 occurrence(s)]
INFO --> [REQ_ID=e927e829cc5d] [PERF] Execution time=0.024491

[1 occurrence(s)]
INFO --> [SPARK_COMPLETE] App\Commands\Ops\Work duration=0.095570

[1 occurrence(s)]
INFO --> [REQ_ID=3a022a031d38] [PERF] Execution time=0.061097

[1 occurrence(s)]
INFO --> [SPARK_COMPLETE] App\Commands\Ops\Work duration=0.032608

[1 occurrence(s)]
INFO --> [REQ_ID=f07cc594ff51] [MEMORY][controller-start] 6291456

[1 occurrence(s)]
INFO --> [REQ_ID=f07cc594ff51] [MEMORY][commonData:start] 6291456

[1 occurrence(s)]
INFO --> [REQ_ID=f07cc594ff51] [MEMORY][commonData:start] 10485760

[1 occurrence(s)]
INFO --> themesMemory usage: 14680064

[1 occurrence(s)]
INFO --> [REQ_ID=f07cc594ff51] [PERF] Execution time=1.442440

[1 occurrence(s)]
INFO --> [REQ_ID=7ec38f90c40e] [PERF] Execution time=1.486352

[1 occurrence(s)]
INFO --> [SPARK_COMPLETE] App\Commands\Ops\Work duration=0.116996

[1 occurrence(s)]
INFO --> [SPARK_COMPLETE] App\Commands\Ops\Work duration=0.043749

[1 occurrence(s)]
INFO --> [REQ_ID=5c64675398d6] [PERF] Execution time=0.073526

[1 occurrence(s)]
INFO --> [REQ_ID=a963ad244b4f] [PERF] Execution time=0.054867

[1 occurrence(s)]
INFO --> [REQ_ID=c80a2deda852] [MEMORY][controller-start] 4194304

[1 occurrence(s)]
INFO --> [REQ_ID=c80a2deda852] [PERF] Execution time=0.056098

[1 occurrence(s)]
INFO --> [REQ_ID=11dba5076f26] [PERF] Execution time=0.072128

[1 occurrence(s)]
INFO --> [REQ_ID=cd58ebfa91ac] [PERF] Execution time=0.055611

[1 occurrence(s)]
INFO --> [REQ_ID=fc8f352915d5] [MEMORY][controller-start] 4194304

[1 occurrence(s)]
INFO --> [REQ_ID=fc8f352915d5] [PERF] Execution time=0.035658

[1 occurrence(s)]
INFO --> [REQ_ID=04179bb8fe44] [PERF] Execution time=0.047518

[1 occurrence(s)]
INFO --> [REQ_ID=6477c61202d5] [PERF] Execution time=0.056483

[1 occurrence(s)]
INFO --> [REQ_ID=36912110b184] [MEMORY][controller-start] 4194304

[1 occurrence(s)]
INFO --> [REQ_ID=36912110b184] [PERF] Execution time=0.231016

[1 occurrence(s)]
INFO --> [REQ_ID=b5b6ac529513] [PERF] Execution time=0.244352

[1 occurrence(s)]
INFO --> [SPARK_COMPLETE] App\Commands\Ops\Work duration=0.042290

[1 occurrence(s)]
INFO --> [REQ_ID=d7cceebf7f2b] [PERF] Execution time=0.082858

[1 occurrence(s)]
INFO --> [SPARK_COMPLETE] App\Commands\Ops\Work duration=0.023291

[1 occurrence(s)]
INFO --> [REQ_ID=8708bb2733a3] [MEMORY][controller-start] 6291456

[2 occurrence(s)]
INFO --> [REQ_ID=8708bb2733a3] [MEMORY][commonData:start] 6291456

[7 occurrence(s)]
INFO --> themesMemory usage: 6291456

[1 occurrence(s)]
INFO --> [REQ_ID=8708bb2733a3] [PERF] Execution time=0.163287

[1 occurrence(s)]
INFO --> [REQ_ID=a85fc2776481] [PERF] Execution time=0.205638

[1 occurrence(s)]
INFO --> [SPARK_COMPLETE] App\Commands\Ops\Work duration=0.037002

[1 occurrence(s)]
INFO --> [REQ_ID=fba0e0e10ac9] [PERF] Execution time=0.051267

[1 occurrence(s)]
INFO --> [REQ_ID=069ab11095a1] [MEMORY][controller-start] 4194304

[1 occurrence(s)]
INFO --> [REQ_ID=069ab11095a1] [PERF] Execution time=0.034982

[1 occurrence(s)]
INFO --> [REQ_ID=a6bbef725730] [PERF] Execution time=0.046562

[1 occurrence(s)]
INFO --> [REQ_ID=4fee33926230] [MEMORY][controller-start] 6291456

[1 occurrence(s)]
INFO --> [REQ_ID=4fee33926230] [MEMORY][commonData:start] 6291456

[1 occurrence(s)]
INFO --> [REQ_ID=4fee33926230] [MEMORY][commonData:start] 10485760

[61 occurrence(s)]
INFO --> themesMemory usage: 10485760

[1 occurrence(s)]
INFO --> [REQ_ID=4fee33926230] [PERF] Execution time=0.648238

[1 occurrence(s)]
INFO --> [REQ_ID=57b42dc773d2] [PERF] Execution time=0.687636

[1 occurrence(s)]
INFO --> [REQ_ID=7ff4fed26b25] [PERF] Execution time=0.053092

[1 occurrence(s)]
INFO --> [SPARK_COMPLETE] App\Commands\Ops\Work duration=0.031578

[1 occurrence(s)]
INFO --> [SPARK_COMPLETE] App\Commands\Logs\Summarize duration=0.005733

[1 occurrence(s)]
INFO --> LOG_HEALTHCHECK info marker=a41175866b4a

[1 occurrence(s)]
INFO --> [SPARK_COMPLETE] App\Commands\App\Healthcheck duration=0.104253

[1 occurrence(s)]
INFO --> [SPARK_COMPLETE] App\Commands\AIOps\Run duration=3.295155

[1 occurrence(s)]
INFO --> [REQ_ID=2c4a6675b912] [MEMORY][controller-start] 6291456

[1 occurrence(s)]
INFO --> [REQ_ID=2c4a6675b912] [MEMORY][commonData:start] 6291456

[1 occurrence(s)]
INFO --> [REQ_ID=2c4a6675b912] [MEMORY][commonData:start] 10485760

[1 occurrence(s)]
INFO --> [REQ_ID=2c4a6675b912] [PERF] Execution time=0.625904

[1 occurrence(s)]
INFO --> [REQ_ID=b3e479e5d465] [PERF] Execution time=0.667400

[1 occurrence(s)]
INFO --> [REQ_ID=ee4f2c17c251] [MEMORY][controller-start] 6291456

[1 occurrence(s)]
INFO --> [REQ_ID=ee4f2c17c251] [MEMORY][commonData:start] 6291456

[1 occurrence(s)]
INFO --> [REQ_ID=ee4f2c17c251] [MEMORY][commonData:start] 10485760

[1 occurrence(s)]
INFO --> [REQ_ID=ee4f2c17c251] [PERF] Execution time=0.731200

[1 occurrence(s)]
INFO --> [REQ_ID=3759352c80d9] [PERF] Execution time=0.773254

[1 occurrence(s)]
INFO --> [SPARK_COMPLETE] App\Commands\Ops\Work duration=0.020933

[1 occurrence(s)]
INFO --> [REQ_ID=9792f7609e71] [PERF] Execution time=0.045668

[1 occurrence(s)]
INFO --> [REQ_ID=5ad0933431a4] [PERF] Execution time=0.024791

[1 occurrence(s)]
INFO --> [REQ_ID=7763c1b1f14f] [MEMORY][controller-start] 4194304

[1 occurrence(s)]
INFO --> [REQ_ID=7763c1b1f14f] [PERF] Execution time=0.045654

[1 occurrence(s)]
INFO --> [REQ_ID=0ac7c32806a0] [PERF] Execution time=0.064654

[1 occurrence(s)]
INFO --> [REQ_ID=994d6ad6ffe4] [MEMORY][controller-start] 6291456

[1 occurrence(s)]
INFO --> [REQ_ID=994d6ad6ffe4] [MEMORY][commonData:start] 6291456

[1 occurrence(s)]
INFO --> [REQ_ID=994d6ad6ffe4] [MEMORY][commonData:start] 10485760

[1 occurrence(s)]
INFO --> [REQ_ID=994d6ad6ffe4] [PERF] Execution time=0.610836

[1 occurrence(s)]
INFO --> [REQ_ID=4a21d19b0aca] [PERF] Execution time=0.652190

[1 occurrence(s)]
INFO --> [REQ_ID=ba638b321fb7] [MEMORY][controller-start] 6291456

[1 occurrence(s)]
INFO --> [REQ_ID=ba638b321fb7] [MEMORY][commonData:start] 6291456

[1 occurrence(s)]
INFO --> [REQ_ID=ba638b321fb7] [MEMORY][commonData:start] 8388608

[1 occurrence(s)]
INFO --> [REQ_ID=ba638b321fb7] [PERF] Execution time=0.529981

[1 occurrence(s)]
INFO --> [REQ_ID=a15fd3051b18] [PERF] Execution time=0.539986

[1 occurrence(s)]
INFO --> [SPARK_COMPLETE] App\Commands\Ops\Work duration=0.033475

[1 occurrence(s)]
INFO --> [REQ_ID=994f378fe587] [PERF] Execution time=0.054777

[1 occurrence(s)]
INFO --> [REQ_ID=c04b8beaa38b] [MEMORY][controller-start] 4194304

[1 occurrence(s)]
INFO --> [REQ_ID=c04b8beaa38b] [PERF] Execution time=0.053916

[1 occurrence(s)]
INFO --> [REQ_ID=58915447c72d] [PERF] Execution time=0.067602

[1 occurrence(s)]
INFO --> [SPARK_COMPLETE] App\Commands\Ops\Work duration=0.058459

[1 occurrence(s)]
INFO --> [SPARK_COMPLETE] App\Commands\Ops\Work duration=0.091978

[1 occurrence(s)]
INFO --> [REQ_ID=6479480f7de3] [PERF] Execution time=0.073624

[1 occurrence(s)]
INFO --> [REQ_ID=7392d01443a6] [PERF] Execution time=0.055314

[1 occurrence(s)]
INFO --> [REQ_ID=9a8f23db3aaa] [MEMORY][controller-start] 4194304

[1 occurrence(s)]
INFO --> [REQ_ID=9a8f23db3aaa] [PERF] Execution time=0.239092

[1 occurrence(s)]
INFO --> [REQ_ID=508c6e83acf7] [PERF] Execution time=0.250637

[1 occurrence(s)]
INFO --> [REQ_ID=4c87d89ba3f9] [MEMORY][controller-start] 6291456

[1 occurrence(s)]
INFO --> [REQ_ID=4c87d89ba3f9] [MEMORY][commonData:start] 6291456

[1 occurrence(s)]
INFO --> [REQ_ID=4c87d89ba3f9] [MEMORY][commonData:start] 10485760

[1 occurrence(s)]
INFO --> [REQ_ID=4c87d89ba3f9] [PERF] Execution time=0.608430

[1 occurrence(s)]
INFO --> [REQ_ID=01ff1a0067fb] [PERF] Execution time=0.663050

[1 occurrence(s)]
INFO --> [SPARK_COMPLETE] App\Commands\Ops\Work duration=0.126899

[1 occurrence(s)]
INFO --> [REQ_ID=1f57e4ec30f2] [PERF] Execution time=0.061459

[1 occurrence(s)]
INFO --> [REQ_ID=b345b7a4160f] [MEMORY][controller-start] 6291456

[1 occurrence(s)]
INFO --> [REQ_ID=b345b7a4160f] [MEMORY][commonData:start] 6291456

[1 occurrence(s)]
INFO --> [REQ_ID=b345b7a4160f] [MEMORY][commonData:start] 10485760

[1 occurrence(s)]
INFO --> [REQ_ID=b345b7a4160f] [PERF] Execution time=0.574669

[1 occurrence(s)]
INFO --> [REQ_ID=4487cf9f7c8d] [PERF] Execution time=0.618559

[1 occurrence(s)]
INFO --> [REQ_ID=532b93bd2fc9] [MEMORY][controller-start] 6291456

[1 occurrence(s)]
INFO --> [REQ_ID=532b93bd2fc9] [MEMORY][commonData:start] 6291456

[1 occurrence(s)]
INFO --> [REQ_ID=532b93bd2fc9] [MEMORY][commonData:start] 10485760

[1 occurrence(s)]
INFO --> [REQ_ID=532b93bd2fc9] [PERF] Execution time=0.603906

[1 occurrence(s)]
INFO --> [REQ_ID=14fdd0d86131] [PERF] Execution time=0.644276

[1 occurrence(s)]
INFO --> [REQ_ID=7f8af3328a10] [MEMORY][controller-start] 6291456

[1 occurrence(s)]
INFO --> [REQ_ID=7f8af3328a10] [PERF] Execution time=0.108040

[1 occurrence(s)]
INFO --> [REQ_ID=fa9fdf0ac0c6] [PERF] Execution time=0.151264

[1 occurrence(s)]
INFO --> [REQ_ID=7a0d50ac9e85] [MEMORY][controller-start] 4194304

[1 occurrence(s)]
INFO --> [REQ_ID=7a0d50ac9e85] [PERF] Execution time=0.253063

[1 occurrence(s)]
INFO --> [REQ_ID=8f71a1026a5a] [PERF] Execution time=0.262617

[1 occurrence(s)]
INFO --> [SPARK_COMPLETE] App\Commands\Ops\Work duration=0.041921

[1 occurrence(s)]
INFO --> [REQ_ID=1352fd82b8ea] [MEMORY][controller-start] 6291456

[1 occurrence(s)]
INFO --> [REQ_ID=1352fd82b8ea] [MEMORY][commonData:start] 6291456

[1 occurrence(s)]
INFO --> [REQ_ID=1352fd82b8ea] [MEMORY][commonData:start] 10485760

[1 occurrence(s)]
INFO --> [REQ_ID=1352fd82b8ea] [PERF] Execution time=0.555267

[1 occurrence(s)]
INFO --> [REQ_ID=b12fafdc7337] [PERF] Execution time=0.595706

[1 occurrence(s)]
INFO --> [REQ_ID=76d6f7d6c647] [MEMORY][controller-start] 6291456

[2 occurrence(s)]
INFO --> [ACTIVATION] Activation link hit

[1 occurrence(s)]
INFO --> [REQ_ID=76d6f7d6c647] [PERF] Execution time=0.223946

[1 occurrence(s)]
INFO --> [REQ_ID=2b99dc709e5f] [PERF] Execution time=0.267890

[1 occurrence(s)]
INFO --> [REQ_ID=4faeb6862c4a] [MEMORY][controller-start] 4194304

[2 occurrence(s)]
INFO --> [REQ_ID=4faeb6862c4a] [MEMORY][commonData:start] 6291456

[1 occurrence(s)]
INFO --> [REQ_ID=4faeb6862c4a] [PERF] Execution time=0.069122

[1 occurrence(s)]
INFO --> [REQ_ID=4764c9bf94fe] [PERF] Execution time=0.080997

[1 occurrence(s)]
INFO --> [SPARK_COMPLETE] App\Commands\Ops\Work duration=0.034936

[1 occurrence(s)]
INFO --> [REQ_ID=5e274589c195] [MEMORY][controller-start] 6291456

[1 occurrence(s)]
INFO --> [REQ_ID=5e274589c195] [MEMORY][commonData:start] 6291456

[1 occurrence(s)]
INFO --> [REQ_ID=5e274589c195] [MEMORY][commonData:start] 10485760

[1 occurrence(s)]
INFO --> [REQ_ID=5e274589c195] [PERF] Execution time=0.720485

[1 occurrence(s)]
INFO --> [REQ_ID=0e3e4063fb3e] [PERF] Execution time=0.761460

[1 occurrence(s)]
INFO --> [REQ_ID=1088b9cac65f] [PERF] Execution time=0.017489

[1 occurrence(s)]
INFO --> [REQ_ID=d153357f005f] [MEMORY][controller-start] 4194304

[1 occurrence(s)]
INFO --> [REQ_ID=d153357f005f] [PERF] Execution time=0.022633

[1 occurrence(s)]
INFO --> [REQ_ID=3f9660310390] [PERF] Execution time=0.034126

[1 occurrence(s)]
INFO --> [REQ_ID=8fc351bbb18d] [PERF] Execution time=0.049223

[1 occurrence(s)]
INFO --> [SPARK_COMPLETE] App\Commands\Ops\Work duration=0.038018

[1 occurrence(s)]
INFO --> [SPARK_COMPLETE] App\Commands\Logs\Summarize duration=0.009156

[1 occurrence(s)]
INFO --> LOG_HEALTHCHECK info marker=c8b914d6d066

[1 occurrence(s)]
INFO --> [SPARK_COMPLETE] App\Commands\App\Healthcheck duration=0.024835

[1 occurrence(s)]
INFO --> [SPARK_COMPLETE] App\Commands\AIOps\Run duration=3.294280

[1 occurrence(s)]
INFO --> [REQ_ID=89239b7a1fc3] [PERF] Execution time=0.058926

[1 occurrence(s)]
INFO --> [REQ_ID=a0fa1a477901] [MEMORY][controller-start] 4194304

[1 occurrence(s)]
INFO --> [REQ_ID=a0fa1a477901] [PERF] Execution time=0.130584

[1 occurrence(s)]
INFO --> [REQ_ID=082e0741be10] [PERF] Execution time=0.142873

[1 occurrence(s)]
INFO --> [REQ_ID=c82e2f1c870d] [PERF] Execution time=0.053666

[1 occurrence(s)]
INFO --> [REQ_ID=e11739927858] [MEMORY][controller-start] 4194304

[1 occurrence(s)]
INFO --> [REQ_ID=e11739927858] [PERF] Execution time=0.036963

[1 occurrence(s)]
INFO --> [REQ_ID=368b337d8251] [PERF] Execution time=0.050312

[1 occurrence(s)]
INFO --> [REQ_ID=4a791f266884] [PERF] Execution time=0.015384

[1 occurrence(s)]
INFO --> [REQ_ID=e6962e4341c4] [MEMORY][controller-start] 4194304

[1 occurrence(s)]
INFO --> [REQ_ID=e6962e4341c4] [PERF] Execution time=0.041815

[1 occurrence(s)]
INFO --> [REQ_ID=95b22ea668b4] [PERF] Execution time=0.052039

[1 occurrence(s)]
INFO --> [REQ_ID=11db03e76c19] [MEMORY][controller-start] 4194304

[1 occurrence(s)]
INFO --> [REQ_ID=11db03e76c19] [MEMORY][commonData:start] 6291456

[1 occurrence(s)]
INFO --> [REQ_ID=11db03e76c19] [MEMORY][commonData:start] 8388608

[5 occurrence(s)]
INFO --> themesMemory usage: 12582912

[1 occurrence(s)]
INFO --> [REQ_ID=11db03e76c19] [PERF] Execution time=1.274503

[1 occurrence(s)]
INFO --> [REQ_ID=91bcd7a955bf] [PERF] Execution time=1.286309

[1 occurrence(s)]
INFO --> [REQ_ID=4f10458f1ac1] [PERF] Execution time=0.010744

[1 occurrence(s)]
INFO --> [REQ_ID=e91107c321d7] [MEMORY][controller-start] 6291456

[1 occurrence(s)]
INFO --> [REQ_ID=e91107c321d7] [PERF] Execution time=0.016640

[1 occurrence(s)]
INFO --> [REQ_ID=06808e60cbd6] [PERF] Execution time=0.025084

[1 occurrence(s)]
INFO --> [REQ_ID=72da0267e06c] [PERF] Execution time=0.047782

[1 occurrence(s)]
INFO --> [SPARK_COMPLETE] App\Commands\Ops\Work duration=0.045250

[1 occurrence(s)]
INFO --> [REQ_ID=f9cf7892c0f0] [MEMORY][controller-start] 6291456

[1 occurrence(s)]
INFO --> [REQ_ID=f9cf7892c0f0] [MEMORY][commonData:start] 6291456

[1 occurrence(s)]
INFO --> [REQ_ID=f9cf7892c0f0] [MEMORY][commonData:start] 10485760

[1 occurrence(s)]
INFO --> [REQ_ID=f9cf7892c0f0] [PERF] Execution time=0.594436

[1 occurrence(s)]
INFO --> [REQ_ID=5cb595a5297f] [PERF] Execution time=0.634761

[1 occurrence(s)]
INFO --> [SPARK_COMPLETE] App\Commands\Ops\Work duration=0.027898

[1 occurrence(s)]
INFO --> [REQ_ID=38b7eebe4a84] [PERF] Execution time=0.057725

[1 occurrence(s)]
INFO --> [REQ_ID=63d9dee57fa2] [MEMORY][controller-start] 4194304

[1 occurrence(s)]
INFO --> [REQ_ID=63d9dee57fa2] [PERF] Execution time=0.050490

[1 occurrence(s)]
INFO --> [REQ_ID=303cd2247240] [PERF] Execution time=0.064153

[1 occurrence(s)]
INFO --> [SPARK_COMPLETE] App\Commands\Ops\Work duration=0.030044

[1 occurrence(s)]
INFO --> [REQ_ID=7f30bc270048] [MEMORY][controller-start] 6291456

[1 occurrence(s)]
INFO --> [REQ_ID=7f30bc270048] [MEMORY][commonData:start] 6291456

[1 occurrence(s)]
INFO --> [REQ_ID=7f30bc270048] [MEMORY][commonData:start] 10485760

[1 occurrence(s)]
INFO --> [REQ_ID=7f30bc270048] [PERF] Execution time=0.619848

[1 occurrence(s)]
INFO --> [REQ_ID=ce581a93f780] [PERF] Execution time=0.660517

[1 occurrence(s)]
INFO --> [REQ_ID=5130661bf946] [PERF] Execution time=0.052930

[1 occurrence(s)]
INFO --> [REQ_ID=5282c54c8a05] [MEMORY][controller-start] 4194304

[1 occurrence(s)]
INFO --> [REQ_ID=5282c54c8a05] [PERF] Execution time=0.151984

[1 occurrence(s)]
INFO --> [REQ_ID=f4d5bd3f447e] [PERF] Execution time=0.164338

[1 occurrence(s)]
INFO --> [REQ_ID=180a659a2dbd] [PERF] Execution time=0.011689

[1 occurrence(s)]
INFO --> [REQ_ID=5d31c16a0b21] [MEMORY][controller-start] 4194304

[1 occurrence(s)]
INFO --> [REQ_ID=5d31c16a0b21] [PERF] Execution time=0.036300

[1 occurrence(s)]
INFO --> [REQ_ID=b911c6e34628] [PERF] Execution time=0.046765

[1 occurrence(s)]
INFO --> [SPARK_COMPLETE] App\Commands\Ops\Work duration=0.091794

[1 occurrence(s)]
INFO --> [REQ_ID=0ba72b4ae700] [PERF] Execution time=0.049241

[1 occurrence(s)]
INFO --> [SPARK_COMPLETE] App\Commands\Ops\Work duration=0.030998

[1 occurrence(s)]
INFO --> [REQ_ID=f207a2ef73d3] [PERF] Execution time=0.059397

[1 occurrence(s)]
INFO --> [REQ_ID=aaa6b26952d1] [MEMORY][controller-start] 4194304

[1 occurrence(s)]
INFO --> [REQ_ID=aaa6b26952d1] [MEMORY][commonData:start] 6291456

[1 occurrence(s)]
INFO --> [REQ_ID=aaa6b26952d1] [MEMORY][commonData:start] 8388608

[1 occurrence(s)]
INFO --> [REQ_ID=aaa6b26952d1] [PERF] Execution time=0.717161

[1 occurrence(s)]
INFO --> [REQ_ID=0258b27c5b45] [PERF] Execution time=0.732049

[1 occurrence(s)]
INFO --> [REQ_ID=376c1d2673ce] [MEMORY][controller-start] 6291456

[1 occurrence(s)]
INFO --> [REQ_ID=376c1d2673ce] [MEMORY][commonData:start] 6291456

[1 occurrence(s)]
INFO --> [REQ_ID=376c1d2673ce] [MEMORY][commonData:start] 10485760

[1 occurrence(s)]
INFO --> [REQ_ID=376c1d2673ce] [PERF] Execution time=0.726147

[1 occurrence(s)]
INFO --> [REQ_ID=d49e79915cc3] [PERF] Execution time=0.771701

[1 occurrence(s)]
INFO --> [SPARK_COMPLETE] App\Commands\Ops\Work duration=0.186486

[1 occurrence(s)]
INFO --> [SPARK_COMPLETE] App\Commands\Ops\Work duration=0.029513

[1 occurrence(s)]
INFO --> [REQ_ID=cc4eec4c45bd] [PERF] Execution time=0.048344

[1 occurrence(s)]
INFO --> [REQ_ID=59c87aad8159] [MEMORY][controller-start] 4194304

[1 occurrence(s)]
INFO --> [REQ_ID=59c87aad8159] [PERF] Execution time=0.172684

[1 occurrence(s)]
INFO --> [REQ_ID=15334f2ff00a] [PERF] Execution time=0.188592

[1 occurrence(s)]
INFO --> [SPARK_COMPLETE] App\Commands\Ops\Work duration=0.041889

[1 occurrence(s)]
INFO --> [REQ_ID=7133e6cf9267] [PERF] Execution time=0.081172

[1 occurrence(s)]
INFO --> [SPARK_COMPLETE] App\Commands\Logs\Summarize duration=0.011742

[1 occurrence(s)]
INFO --> LOG_HEALTHCHECK info marker=374d7a794180

[1 occurrence(s)]
INFO --> [SPARK_COMPLETE] App\Commands\App\Healthcheck duration=0.025947

[1 occurrence(s)]
INFO --> [SPARK_COMPLETE] App\Commands\AIOps\Run duration=3.268832

[1 occurrence(s)]
INFO --> [REQ_ID=20ebfda4f2b4] [PERF] Execution time=0.047317

[1 occurrence(s)]
INFO --> [REQ_ID=7989ae83087e] [MEMORY][controller-start] 4194304

[1 occurrence(s)]
INFO --> [REQ_ID=7989ae83087e] [PERF] Execution time=0.099919

[1 occurrence(s)]
INFO --> [REQ_ID=7ff25037241c] [PERF] Execution time=0.114940

[1 occurrence(s)]
INFO --> [REQ_ID=a1fd427a33b5] [PERF] Execution time=0.053859

[1 occurrence(s)]
INFO --> [REQ_ID=e41d18650e35] [MEMORY][controller-start] 4194304

[1 occurrence(s)]
INFO --> [REQ_ID=e41d18650e35] [PERF] Execution time=0.051931

[1 occurrence(s)]
INFO --> [REQ_ID=3af01e99add8] [PERF] Execution time=0.064039

[1 occurrence(s)]
INFO --> [REQ_ID=def5ddd0091e] [MEMORY][controller-start] 6291456

[1 occurrence(s)]
INFO --> [REQ_ID=def5ddd0091e] [MEMORY][commonData:start] 6291456

[1 occurrence(s)]
INFO --> [REQ_ID=def5ddd0091e] [MEMORY][commonData:start] 10485760

[1 occurrence(s)]
INFO --> [REQ_ID=def5ddd0091e] [PERF] Execution time=0.761950

[1 occurrence(s)]
INFO --> [REQ_ID=bc35cc470725] [PERF] Execution time=0.804730

[1 occurrence(s)]
INFO --> [SPARK_COMPLETE] App\Commands\Ops\Work duration=0.038267

[1 occurrence(s)]
INFO --> [REQ_ID=8396f50365a5] [PERF] Execution time=0.116596

[1 occurrence(s)]
INFO --> [REQ_ID=118f6e527c6e] [MEMORY][controller-start] 6291456

[1 occurrence(s)]
INFO --> [REQ_ID=118f6e527c6e] [PERF] Execution time=0.056608

[1 occurrence(s)]
INFO --> [REQ_ID=a8c8b401-8b77-4288-9ff5-f8417c21a71e] [PERF] Execution time=0.098252

[1 occurrence(s)]
INFO --> [SPARK_COMPLETE] App\Commands\Ops\Work duration=0.080459

[1 occurrence(s)]
INFO --> [REQ_ID=2954e6f98deb] [PERF] Execution time=0.056547

[1 occurrence(s)]
INFO --> [REQ_ID=20c9e8c85dcd] [MEMORY][controller-start] 4194304

[1 occurrence(s)]
INFO --> [REQ_ID=20c9e8c85dcd] [PERF] Execution time=0.157578

[1 occurrence(s)]
INFO --> [REQ_ID=be5deb756c87] [PERF] Execution time=0.170502

[1 occurrence(s)]
INFO --> [SPARK_COMPLETE] App\Commands\Ops\Work duration=0.080923

[1 occurrence(s)]
INFO --> [REQ_ID=8c68406dd3a8] [PERF] Execution time=0.052860

[1 occurrence(s)]
INFO --> [REQ_ID=8e4b6acd851d] [MEMORY][controller-start] 4194304

[1 occurrence(s)]
INFO --> [REQ_ID=8e4b6acd851d] [PERF] Execution time=0.130289

[1 occurrence(s)]
INFO --> [REQ_ID=a1db12ebc6d9] [PERF] Execution time=0.141645

[1 occurrence(s)]
INFO --> [SPARK_COMPLETE] App\Commands\Ops\Work duration=0.093386

[1 occurrence(s)]
INFO --> [REQ_ID=a26b27bfdac0] [PERF] Execution time=0.070450

[1 occurrence(s)]
INFO --> [REQ_ID=9f8979aabbed] [MEMORY][controller-start] 6291456

[1 occurrence(s)]
INFO --> [REQ_ID=9f8979aabbed] [MEMORY][commonData:start] 6291456

[1 occurrence(s)]
INFO --> [REQ_ID=9f8979aabbed] [MEMORY][commonData:start] 10485760

[1 occurrence(s)]
INFO --> [REQ_ID=9f8979aabbed] [PERF] Execution time=0.823630

[1 occurrence(s)]
INFO --> [REQ_ID=feb9b7a4d7fa] [PERF] Execution time=0.862997

[1 occurrence(s)]
INFO --> [SPARK_COMPLETE] App\Commands\Ops\Work duration=0.092364

[1 occurrence(s)]
INFO --> [REQ_ID=c2fa6351d592] [PERF] Execution time=0.081540

[1 occurrence(s)]
INFO --> [SPARK_COMPLETE] App\Commands\Ops\Work duration=0.031761

[1 occurrence(s)]
INFO --> [SPARK_COMPLETE] App\Commands\Ops\Work duration=0.039109

[1 occurrence(s)]
INFO --> [REQ_ID=a47bdf203d57] [PERF] Execution time=0.102636

[1 occurrence(s)]
INFO --> [SPARK_COMPLETE] App\Commands\Ops\Work duration=0.198273

[1 occurrence(s)]
INFO --> [SPARK_COMPLETE] App\Commands\Logs\Summarize duration=0.009153

[1 occurrence(s)]
INFO --> LOG_HEALTHCHECK info marker=11efd1f241e9

[1 occurrence(s)]
INFO --> [SPARK_COMPLETE] App\Commands\App\Healthcheck duration=0.028571

[1 occurrence(s)]
INFO --> [SPARK_COMPLETE] App\Commands\AIOps\Run duration=3.157647

[1 occurrence(s)]
INFO --> [SPARK_COMPLETE] App\Commands\Ops\Work duration=0.036931

[1 occurrence(s)]
INFO --> [REQ_ID=a375ebebb18b] [PERF] Execution time=0.044311

[1 occurrence(s)]
INFO --> [REQ_ID=e806516a9a53] [PERF] Execution time=0.046051

[1 occurrence(s)]
INFO --> [REQ_ID=0f7264420cd5] [MEMORY][controller-start] 4194304

[1 occurrence(s)]
INFO --> [REQ_ID=0f7264420cd5] [PERF] Execution time=0.052183

[1 occurrence(s)]
INFO --> [REQ_ID=88ed6781d943] [PERF] Execution time=0.066906

[1 occurrence(s)]
INFO --> [SPARK_COMPLETE] App\Commands\Ops\Work duration=0.096662

[1 occurrence(s)]
INFO --> [REQ_ID=1057f8ecc2ef] [MEMORY][controller-start] 6291456

[1 occurrence(s)]
INFO --> [REQ_ID=1057f8ecc2ef] [MEMORY][commonData:start] 6291456

[1 occurrence(s)]
INFO --> [REQ_ID=1057f8ecc2ef] [MEMORY][commonData:start] 10485760

[1 occurrence(s)]
INFO --> [REQ_ID=1057f8ecc2ef] [PERF] Execution time=0.720147

[1 occurrence(s)]
INFO --> [REQ_ID=43e6efe11dc6] [PERF] Execution time=0.760057

[1 occurrence(s)]
INFO --> [REQ_ID=223f9367e271] [PERF] Execution time=0.049469

[1 occurrence(s)]
INFO --> [REQ_ID=c971b6defadd] [MEMORY][controller-start] 4194304

[1 occurrence(s)]
INFO --> [REQ_ID=c971b6defadd] [PERF] Execution time=0.050133

[1 occurrence(s)]
INFO --> [REQ_ID=056b47706951] [PERF] Execution time=0.062375

[1 occurrence(s)]
INFO --> [REQ_ID=2e6beb81fa33] [PERF] Execution time=0.053431

[1 occurrence(s)]
INFO --> [REQ_ID=12cafe9aa4c4] [MEMORY][controller-start] 4194304

[1 occurrence(s)]
INFO --> [REQ_ID=12cafe9aa4c4] [PERF] Execution time=0.042176

[1 occurrence(s)]
INFO --> [REQ_ID=732daa6b6252] [PERF] Execution time=0.055717

[1 occurrence(s)]
INFO --> [SPARK_COMPLETE] App\Commands\Ops\Work duration=0.093143

[1 occurrence(s)]
INFO --> [REQ_ID=7109e58a92a8] [PERF] Execution time=0.029289

[1 occurrence(s)]
INFO --> [REQ_ID=ab5a925139d8] [MEMORY][controller-start] 4194304

[1 occurrence(s)]
INFO --> [REQ_ID=ab5a925139d8] [PERF] Execution time=0.044909

[1 occurrence(s)]
INFO --> [REQ_ID=e10e520c6300] [PERF] Execution time=0.058130

[1 occurrence(s)]
INFO --> [SPARK_COMPLETE] App\Commands\Ops\Work duration=0.040249

[1 occurrence(s)]
INFO --> [REQ_ID=e53d461a3836] [PERF] Execution time=0.050306

[1 occurrence(s)]
INFO --> [REQ_ID=675205499b20] [MEMORY][controller-start] 6291456

[1 occurrence(s)]
INFO --> [REQ_ID=675205499b20] [MEMORY][commonData:start] 6291456

[1 occurrence(s)]
INFO --> [REQ_ID=675205499b20] [MEMORY][commonData:start] 10485760

[1 occurrence(s)]
INFO --> [REQ_ID=675205499b20] [PERF] Execution time=0.685927

[1 occurrence(s)]
INFO --> [REQ_ID=9183cc41bd77] [PERF] Execution time=0.725982

[1 occurrence(s)]
INFO --> [REQ_ID=57e1468932d5] [MEMORY][controller-start] 4194304

[1 occurrence(s)]
INFO --> [REQ_ID=57e1468932d5] [MEMORY][commonData:start] 4194304

[1 occurrence(s)]
INFO --> [REQ_ID=57e1468932d5] [MEMORY][commonData:start] 8388608

[1 occurrence(s)]
INFO --> [REQ_ID=57e1468932d5] [PERF] Execution time=0.579048

[1 occurrence(s)]
INFO --> [REQ_ID=61bc50ba0be0] [PERF] Execution time=0.588812

[1 occurrence(s)]
INFO --> [REQ_ID=753e8344891b] [PERF] Execution time=0.049554

[1 occurrence(s)]
INFO --> [REQ_ID=19fa9feb4ee2] [MEMORY][controller-start] 4194304

[1 occurrence(s)]
INFO --> [REQ_ID=19fa9feb4ee2] [PERF] Execution time=0.154510

[1 occurrence(s)]
INFO --> [REQ_ID=d7bf7e644d4d] [PERF] Execution time=0.170522

[1 occurrence(s)]
INFO --> [SPARK_COMPLETE] App\Commands\Ops\Work duration=0.038471

[1 occurrence(s)]
INFO --> [REQ_ID=b178bd722a9b] [PERF] Execution time=0.061163

[1 occurrence(s)]
INFO --> [REQ_ID=f0c599f24538] [PERF] Execution time=0.051798

[1 occurrence(s)]
INFO --> [REQ_ID=1697c6680d16] [MEMORY][controller-start] 4194304

[1 occurrence(s)]
INFO --> [REQ_ID=1697c6680d16] [PERF] Execution time=0.049350

[1 occurrence(s)]
INFO --> [REQ_ID=013e2ab025e8] [PERF] Execution time=0.061139

[1 occurrence(s)]
INFO --> [SPARK_COMPLETE] App\Commands\Ops\Work duration=0.147276

[1 occurrence(s)]
INFO --> [REQ_ID=dc72a635e2ba] [MEMORY][controller-start] 6291456

[1 occurrence(s)]
INFO --> [REQ_ID=dc72a635e2ba] [MEMORY][commonData:start] 6291456

[1 occurrence(s)]
INFO --> [REQ_ID=dc72a635e2ba] [MEMORY][commonData:start] 10485760

[1 occurrence(s)]
INFO --> [REQ_ID=dc72a635e2ba] [PERF] Execution time=0.737329

[1 occurrence(s)]
INFO --> [REQ_ID=037d8e3e327a] [PERF] Execution time=0.777536

[1 occurrence(s)]
INFO --> [REQ_ID=7863aae5a377] [PERF] Execution time=0.058474

[1 occurrence(s)]
INFO --> [REQ_ID=98ed9da50a49] [MEMORY][controller-start] 4194304

[1 occurrence(s)]
INFO --> [REQ_ID=98ed9da50a49] [PERF] Execution time=0.052606

[1 occurrence(s)]
INFO --> [REQ_ID=6ac2f0f60d31] [PERF] Execution time=0.064717

[1 occurrence(s)]
INFO --> [SPARK_COMPLETE] App\Commands\Ops\Work duration=0.035057

[1 occurrence(s)]
INFO --> [REQ_ID=cffc95e94d0d] [PERF] Execution time=0.053834

[1 occurrence(s)]
INFO --> [REQ_ID=56f73e72e2be] [MEMORY][controller-start] 4194304

[1 occurrence(s)]
INFO --> [REQ_ID=56f73e72e2be] [PERF] Execution time=0.098863

[1 occurrence(s)]
INFO --> [REQ_ID=10479217ccd5] [PERF] Execution time=0.110310

[1 occurrence(s)]
INFO --> [REQ_ID=59cdcf0ea086] [MEMORY][controller-start] 4194304

[2 occurrence(s)]
INFO --> [REQ_ID=59cdcf0ea086] [MEMORY][commonData:start] 6291456

[1 occurrence(s)]
INFO --> AlertsModel L404 - Alert updated successfully for ID 7405: Array

[1 occurrence(s)]
INFO --> 🔄 Trying AlphaVantage for GRAB...

[1 occurrence(s)]
INFO --> ✅ Alert snapshot inserted for GRAB with trade_id 7405

[1 occurrence(s)]
INFO --> [REQ_ID=59cdcf0ea086] [PERF] Execution time=0.501455

[1 occurrence(s)]
INFO --> [REQ_ID=71722746c401] [PERF] Execution time=0.511795

[1 occurrence(s)]
INFO --> [REQ_ID=1de2ede26276] [MEMORY][controller-start] 6291456

[1 occurrence(s)]
INFO --> [REQ_ID=1de2ede26276] [PERF] Execution time=0.187460

[1 occurrence(s)]
INFO --> [REQ_ID=14b4eccd9462] [PERF] Execution time=0.230791

[1 occurrence(s)]
INFO --> [SPARK_COMPLETE] App\Commands\Ops\Work duration=0.050911

[1 occurrence(s)]
INFO --> [REQ_ID=fb23506a1312] [PERF] Execution time=0.054046

[1 occurrence(s)]
INFO --> [SPARK_COMPLETE] App\Commands\Logs\Summarize duration=0.013523

[1 occurrence(s)]
INFO --> LOG_HEALTHCHECK info marker=9e0205ff1f4a

[1 occurrence(s)]
INFO --> [SPARK_COMPLETE] App\Commands\App\Healthcheck duration=0.026989

[1 occurrence(s)]
INFO --> [SPARK_COMPLETE] App\Commands\AIOps\Run duration=3.425741

[1 occurrence(s)]
INFO --> [REQ_ID=e0ac8b8dbd42] [PERF] Execution time=0.054039

[1 occurrence(s)]
INFO --> [REQ_ID=681a93f2e710] [MEMORY][controller-start] 4194304

[1 occurrence(s)]
INFO --> [REQ_ID=681a93f2e710] [PERF] Execution time=0.051399

[1 occurrence(s)]
INFO --> [REQ_ID=d63f3f4e8488] [PERF] Execution time=0.064407

[1 occurrence(s)]
INFO --> [REQ_ID=b474150134ef] [MEMORY][controller-start] 6291456

[1 occurrence(s)]
INFO --> [REQ_ID=b474150134ef] [MEMORY][commonData:start] 6291456

[1 occurrence(s)]
INFO --> [REQ_ID=b474150134ef] [MEMORY][commonData:start] 10485760

[1 occurrence(s)]
INFO --> [REQ_ID=b474150134ef] [PERF] Execution time=0.604100

[1 occurrence(s)]
INFO --> [REQ_ID=db07a8a3c222] [PERF] Execution time=0.644944

[1 occurrence(s)]
INFO --> [REQ_ID=b62b755ae966] [PERF] Execution time=0.052311

[1 occurrence(s)]
INFO --> [SPARK_COMPLETE] App\Commands\Ops\Work duration=0.028046

[1 occurrence(s)]
INFO --> [REQ_ID=31fc62523135] [MEMORY][controller-start] 6291456

[1 occurrence(s)]
INFO --> [REQ_ID=31fc62523135] [MEMORY][commonData:start] 6291456

[1 occurrence(s)]
INFO --> [REQ_ID=31fc62523135] [MEMORY][commonData:start] 10485760

[1 occurrence(s)]
INFO --> [REQ_ID=31fc62523135] [PERF] Execution time=0.625293

[1 occurrence(s)]
INFO --> [REQ_ID=9f7a049bcde3] [PERF] Execution time=0.666735

[1 occurrence(s)]
INFO --> [REQ_ID=a9747f085d0b] [MEMORY][controller-start] 6291456

[1 occurrence(s)]
INFO --> [REQ_ID=a9747f085d0b] [MEMORY][commonData:start] 6291456

[1 occurrence(s)]
INFO --> [REQ_ID=a9747f085d0b] [MEMORY][commonData:start] 8388608

[1 occurrence(s)]
INFO --> [REQ_ID=a9747f085d0b] [PERF] Execution time=1.063399

[1 occurrence(s)]
INFO --> [REQ_ID=a7dd9566543f] [PERF] Execution time=1.077915

[1 occurrence(s)]
INFO --> [SPARK_COMPLETE] App\Commands\Ops\Work duration=0.098091

[1 occurrence(s)]
INFO --> [REQ_ID=2bf036aff947] [PERF] Execution time=0.047000

[1 occurrence(s)]
INFO --> [REQ_ID=95e4f222c452] [MEMORY][controller-start] 4194304

[1 occurrence(s)]
INFO --> [REQ_ID=95e4f222c452] [PERF] Execution time=0.110201

[1 occurrence(s)]
INFO --> [REQ_ID=2fa00c3405c2] [PERF] Execution time=0.125365

[1 occurrence(s)]
INFO --> [SPARK_COMPLETE] App\Commands\Ops\Work duration=0.028595

[1 occurrence(s)]
INFO --> [SPARK_COMPLETE] App\Commands\Ops\Work duration=0.043472

[1 occurrence(s)]
INFO --> [REQ_ID=c30a10972856] [PERF] Execution time=0.065137

[1 occurrence(s)]
INFO --> [SPARK_COMPLETE] App\Commands\Ops\Work duration=0.036313

[1 occurrence(s)]
INFO --> [REQ_ID=5c638e9a77f3] [PERF] Execution time=0.044405

[1 occurrence(s)]
INFO --> [REQ_ID=50bcd721dd93] [MEMORY][controller-start] 4194304

[1 occurrence(s)]
INFO --> [REQ_ID=50bcd721dd93] [MEMORY][commonData:start] 6291456

[1 occurrence(s)]
INFO --> [REQ_ID=50bcd721dd93] [PERF] Execution time=0.892335

[1 occurrence(s)]
INFO --> [REQ_ID=bf32979fba65] [PERF] Execution time=0.913620

[1 occurrence(s)]
INFO --> [SPARK_COMPLETE] App\Commands\Ops\Work duration=0.026665

[1 occurrence(s)]
INFO --> [REQ_ID=72e3a78cbbbf] [MEMORY][controller-start] 6291456

[1 occurrence(s)]
INFO --> [REQ_ID=72e3a78cbbbf] [MEMORY][commonData:start] 6291456

[1 occurrence(s)]
INFO --> [REQ_ID=72e3a78cbbbf] [MEMORY][commonData:start] 10485760

[1 occurrence(s)]
INFO --> [REQ_ID=72e3a78cbbbf] [PERF] Execution time=0.668409

[1 occurrence(s)]
INFO --> [REQ_ID=16e8d8f422af] [PERF] Execution time=0.710091

[1 occurrence(s)]
INFO --> [REQ_ID=85ef1d490639] [MEMORY][controller-start] 6291456

[1 occurrence(s)]
INFO --> [REQ_ID=85ef1d490639] [MEMORY][commonData:start] 6291456

[1 occurrence(s)]
INFO --> [REQ_ID=85ef1d490639] [MEMORY][commonData:start] 8388608

[1 occurrence(s)]
INFO --> [REQ_ID=85ef1d490639] [PERF] Execution time=1.228678

[1 occurrence(s)]
INFO --> [REQ_ID=f9f839a0229f] [PERF] Execution time=1.244135

[1 occurrence(s)]
INFO --> [REQ_ID=37219b85d14e] [MEMORY][controller-start] 6291456

[1 occurrence(s)]
INFO --> [REQ_ID=37219b85d14e] [MEMORY][commonData:start] 6291456

[1 occurrence(s)]
INFO --> [REQ_ID=37219b85d14e] [MEMORY][commonData:start] 10485760

[1 occurrence(s)]
INFO --> [REQ_ID=37219b85d14e] [PERF] Execution time=0.744684

[1 occurrence(s)]
INFO --> [REQ_ID=e23b5bd4f06b] [PERF] Execution time=0.785757

[1 occurrence(s)]
INFO --> [SPARK_COMPLETE] App\Commands\Ops\Work duration=0.031238

[1 occurrence(s)]
INFO --> [REQ_ID=70cc91a2befb] [MEMORY][controller-start] 6291456

[1 occurrence(s)]
INFO --> [REQ_ID=70cc91a2befb] [MEMORY][commonData:start] 6291456

[1 occurrence(s)]
INFO --> [REQ_ID=70cc91a2befb] [PERF] Execution time=0.674002

[1 occurrence(s)]
INFO --> [REQ_ID=23d683839351] [PERF] Execution time=0.734449

[1 occurrence(s)]
INFO --> [REQ_ID=9260764e1546] [MEMORY][controller-start] 6291456

[1 occurrence(s)]
INFO --> [REQ_ID=9260764e1546] [MEMORY][commonData:start] 6291456

[1 occurrence(s)]
INFO --> [REQ_ID=9260764e1546] [PERF] Execution time=0.652494

[1 occurrence(s)]
INFO --> [REQ_ID=3ce7edb77ec6] [PERF] Execution time=0.697570

[1 occurrence(s)]
INFO --> [REQ_ID=31034c1ab603] [MEMORY][controller-start] 6291456

[1 occurrence(s)]
INFO --> [REQ_ID=31034c1ab603] [PERF] Execution time=0.103124

[1 occurrence(s)]
INFO --> [REQ_ID=3bf302a4194d] [PERF] Execution time=0.147047

[1 occurrence(s)]
INFO --> [REQ_ID=7ae6fbbeecdb] [PERF] Execution time=0.060839

[1 occurrence(s)]
INFO --> [SPARK_COMPLETE] App\Commands\Ops\Work duration=0.052155

[1 occurrence(s)]
INFO --> [SPARK_COMPLETE] App\Commands\Logs\Summarize duration=0.016332

[1 occurrence(s)]
INFO --> LOG_HEALTHCHECK info marker=213b0998c2aa

[1 occurrence(s)]
INFO --> [SPARK_COMPLETE] App\Commands\App\Healthcheck duration=0.026358

[1 occurrence(s)]
INFO --> [SPARK_COMPLETE] App\Commands\AIOps\Run duration=3.541370

[1 occurrence(s)]
INFO --> [REQ_ID=04dd5f688db0] [PERF] Execution time=0.053637

[1 occurrence(s)]
INFO --> [REQ_ID=df7f49a08988] [MEMORY][controller-start] 4194304

[1 occurrence(s)]
INFO --> [REQ_ID=df7f49a08988] [PERF] Execution time=0.053558

[1 occurrence(s)]
INFO --> [REQ_ID=f43303f4af01] [PERF] Execution time=0.066179

[1 occurrence(s)]
INFO --> [SPARK_COMPLETE] App\Commands\Ops\Work duration=0.183647

[1 occurrence(s)]
INFO --> [REQ_ID=41d1b34bd655] [PERF] Execution time=0.068177

[1 occurrence(s)]
INFO --> [SPARK_COMPLETE] App\Commands\Ops\Work duration=0.042844

[1 occurrence(s)]
INFO --> [REQ_ID=cc51eab5b2c3] [MEMORY][controller-start] 6291456

[1 occurrence(s)]
INFO --> [REQ_ID=cc51eab5b2c3] [MEMORY][commonData:start] 6291456

[1 occurrence(s)]
INFO --> [REQ_ID=cc51eab5b2c3] [MEMORY][commonData:start] 10485760

[1 occurrence(s)]
INFO --> [REQ_ID=cc51eab5b2c3] [PERF] Execution time=0.726272

[1 occurrence(s)]
INFO --> [REQ_ID=dd9e7a0a7944] [PERF] Execution time=0.767882

[1 occurrence(s)]
INFO --> [REQ_ID=6b1aea43d1a1] [MEMORY][controller-start] 6291456

[1 occurrence(s)]
INFO --> [REQ_ID=6b1aea43d1a1] [MEMORY][commonData:start] 6291456

[1 occurrence(s)]
INFO --> [REQ_ID=6b1aea43d1a1] [MEMORY][commonData:start] 10485760

[1 occurrence(s)]
INFO --> [REQ_ID=6b1aea43d1a1] [PERF] Execution time=0.639727

[1 occurrence(s)]
INFO --> [REQ_ID=0da3cf52157a] [PERF] Execution time=0.680614

[1 occurrence(s)]
INFO --> [SPARK_COMPLETE] App\Commands\Ops\Work duration=0.036525

[1 occurrence(s)]
INFO --> [REQ_ID=e5394ce11b5f] [MEMORY][controller-start] 6291456

[1 occurrence(s)]
INFO --> [REQ_ID=e5394ce11b5f] [MEMORY][commonData:start] 6291456

[1 occurrence(s)]
INFO --> [REQ_ID=e5394ce11b5f] [MEMORY][commonData:start] 10485760

[1 occurrence(s)]
INFO --> [REQ_ID=e5394ce11b5f] [PERF] Execution time=0.654695

[1 occurrence(s)]
INFO --> [REQ_ID=9b8a81f93111] [PERF] Execution time=0.693788

[1 occurrence(s)]
INFO --> [REQ_ID=36fc29333a8d] [MEMORY][controller-start] 6291456

[1 occurrence(s)]
INFO --> [REQ_ID=36fc29333a8d] [MEMORY][commonData:start] 6291456

[1 occurrence(s)]
INFO --> [REQ_ID=36fc29333a8d] [MEMORY][commonData:start] 10485760

[1 occurrence(s)]
INFO --> [REQ_ID=36fc29333a8d] [PERF] Execution time=0.626936

[1 occurrence(s)]
INFO --> [REQ_ID=4238cd986469] [PERF] Execution time=0.670024

[1 occurrence(s)]
INFO --> [SPARK_COMPLETE] App\Commands\Ops\Work duration=0.114355

[1 occurrence(s)]
INFO --> [REQ_ID=3d91adab8201] [PERF] Execution time=0.051677

[1 occurrence(s)]
INFO --> [REQ_ID=a9b83237593f] [MEMORY][controller-start] 6291456

[1 occurrence(s)]
INFO --> [REQ_ID=a9b83237593f] [MEMORY][commonData:start] 6291456

[1 occurrence(s)]
INFO --> [REQ_ID=a9b83237593f] [PERF] Execution time=0.684449

[1 occurrence(s)]
INFO --> [REQ_ID=6b482de30c27] [PERF] Execution time=0.727272

[1 occurrence(s)]
INFO --> [SPARK_COMPLETE] App\Commands\Ops\Work duration=0.106063

[1 occurrence(s)]
INFO --> [REQ_ID=5f5ba2e89f1f] [PERF] Execution time=0.070941

[1 occurrence(s)]
INFO --> [REQ_ID=2e1f374c1207] [PERF] Execution time=0.054735

[1 occurrence(s)]
INFO --> [REQ_ID=5093852683fc] [MEMORY][controller-start] 4194304

[1 occurrence(s)]
INFO --> [REQ_ID=5093852683fc] [PERF] Execution time=0.158593

[1 occurrence(s)]
INFO --> [REQ_ID=4a90904acc09] [PERF] Execution time=0.169940

[1 occurrence(s)]
INFO --> [REQ_ID=012bcc598910] [MEMORY][controller-start] 6291456

[2 occurrence(s)]
INFO --> [REQ_ID=012bcc598910] [MEMORY][commonData:start] 8388608

[1 occurrence(s)]
INFO --> [REQ_ID=012bcc598910] [PERF] Execution time=0.165645

[1 occurrence(s)]
INFO --> [REQ_ID=f13831356ba3] [PERF] Execution time=0.206261

[1 occurrence(s)]
INFO --> [REQ_ID=d72cf5cb99a2] [PERF] Execution time=0.054251

[1 occurrence(s)]
INFO --> [REQ_ID=0a0aed3d1f32] [MEMORY][controller-start] 4194304

[1 occurrence(s)]
INFO --> [REQ_ID=0a0aed3d1f32] [PERF] Execution time=0.213225

[1 occurrence(s)]
INFO --> [REQ_ID=f337f458edc0] [PERF] Execution time=0.227061

[1 occurrence(s)]
INFO --> [REQ_ID=2ed06f27c865] [MEMORY][controller-start] 4194304

[1 occurrence(s)]
INFO --> [REQ_ID=2ed06f27c865] [MEMORY][commonData:start] 6291456

[1 occurrence(s)]
INFO --> [REQ_ID=2ed06f27c865] [MEMORY][commonData:start] 8388608

[1 occurrence(s)]
INFO --> [REQ_ID=2ed06f27c865] [PERF] Execution time=0.576691

[1 occurrence(s)]
INFO --> [REQ_ID=5a1b07d10597] [PERF] Execution time=0.588248

[1 occurrence(s)]
INFO --> [SPARK_COMPLETE] App\Commands\Ops\Work duration=0.035573

[1 occurrence(s)]
INFO --> [REQ_ID=aafa4f57e516] [MEMORY][controller-start] 6291456

[2 occurrence(s)]
INFO --> [REQ_ID=aafa4f57e516] [MEMORY][commonData:start] 8388608

[1 occurrence(s)]
INFO --> [REQ_ID=aafa4f57e516] [PERF] Execution time=0.695265

[1 occurrence(s)]
INFO --> [REQ_ID=00336ef1b54c] [PERF] Execution time=0.737394

[1 occurrence(s)]
INFO --> [REQ_ID=1be27dde085e] [MEMORY][controller-start] 6291456

[1 occurrence(s)]
INFO --> [REQ_ID=1be27dde085e] [MEMORY][commonData:start] 6291456

[1 occurrence(s)]
INFO --> [REQ_ID=1be27dde085e] [MEMORY][commonData:start] 8388608

[1 occurrence(s)]
INFO --> [REQ_ID=1be27dde085e] [PERF] Execution time=0.612428

[1 occurrence(s)]
INFO --> [REQ_ID=edf4c4af6d81] [PERF] Execution time=0.622965

[1 occurrence(s)]
INFO --> [REQ_ID=216fe59d9627] [MEMORY][controller-start] 6291456

[1 occurrence(s)]
INFO --> [REQ_ID=216fe59d9627] [MEMORY][commonData:start] 6291456

[2 occurrence(s)]
INFO --> getSolanaData: invalid address param

[1 occurrence(s)]
INFO --> [REQ_ID=216fe59d9627] [MEMORY][commonData:start] 8388608

[1 occurrence(s)]
INFO --> [REQ_ID=216fe59d9627] [PERF] Execution time=0.802214

[1 occurrence(s)]
INFO --> [REQ_ID=803d086c8908] [MEMORY][controller-start] 6291456

[2 occurrence(s)]
INFO --> [REQ_ID=803d086c8908] [MEMORY][commonData:start] 6291456

[1 occurrence(s)]
INFO --> [REQ_ID=803d086c8908] [PERF] Execution time=0.205995

[1 occurrence(s)]
INFO --> [REQ_ID=94ebddb666fb] [PERF] Execution time=0.249880

[1 occurrence(s)]
INFO --> [SPARK_COMPLETE] App\Commands\Ops\Work duration=0.204546

[1 occurrence(s)]
INFO --> [REQ_ID=83c5b06215af] [MEMORY][controller-start] 6291456

[1 occurrence(s)]
INFO --> [REQ_ID=83c5b06215af] [MEMORY][commonData:start] 6291456

[1 occurrence(s)]
INFO --> [REQ_ID=83c5b06215af] [PERF] Execution time=0.690740

[1 occurrence(s)]
INFO --> [REQ_ID=31ebc31ceadf] [PERF] Execution time=0.735006

[1 occurrence(s)]
INFO --> [REQ_ID=4a724097f0ea] [MEMORY][controller-start] 6291456

[1 occurrence(s)]
INFO --> [REQ_ID=4a724097f0ea] [MEMORY][commonData:start] 6291456

[1 occurrence(s)]
INFO --> [REQ_ID=4a724097f0ea] [MEMORY][commonData:start] 10485760

[1 occurrence(s)]
INFO --> [REQ_ID=4a724097f0ea] [PERF] Execution time=0.624007

[1 occurrence(s)]
INFO --> [REQ_ID=d4a6c8b46dc7] [PERF] Execution time=0.666170

[1 occurrence(s)]
INFO --> [REQ_ID=22da245b64d4] [MEMORY][controller-start] 6291456

[1 occurrence(s)]
INFO --> [REQ_ID=22da245b64d4] [MEMORY][commonData:start] 6291456

[1 occurrence(s)]
INFO --> [REQ_ID=22da245b64d4] [MEMORY][commonData:start] 8388608

[1 occurrence(s)]
INFO --> [REQ_ID=22da245b64d4] [PERF] Execution time=1.075107

[1 occurrence(s)]
INFO --> [REQ_ID=02317e18cd52] [PERF] Execution time=1.089713

[4 occurrence(s)]
INFO --> CSRF token verified.

[1 occurrence(s)]
INFO --> [REQ_ID=7fd23d71e188] [MEMORY][controller-start] 8388608

[2 occurrence(s)]
INFO --> [REGISTRATION] Submission received

[3 occurrence(s)]
INFO --> MailService queued email

[2 occurrence(s)]
INFO --> [REGISTRATION] Validation passed (basic fields)

[1 occurrence(s)]
INFO --> [REGISTRATION] Validation passed (password fields)

[1 occurrence(s)]
INFO --> Registration created user_id=11695, email=sacho_borisov@web.de, username=NormanWab, active=, requiresActivation=1, loginIdentifier=username

[1 occurrence(s)]
INFO --> [REGISTRATION] User record created

[1 occurrence(s)]
INFO --> OnboardingProgressService: created onboarding record for user_id=11695

[1 occurrence(s)]
INFO --> Registration succeeded for sacho_borisov@web.de (event f14ff15f65c711c1)

[1 occurrence(s)]
INFO --> [REGISTRATION] Activation email queued

[1 occurrence(s)]
INFO --> Registration redirecting to success guide for user_id=11695

[1 occurrence(s)]
INFO --> [REQ_ID=7fd23d71e188] [PERF] Execution time=1.093586

[1 occurrence(s)]
INFO --> [REQ_ID=aedc4d935afc] [PERF] Execution time=1.105725

[1 occurrence(s)]
INFO --> [REQ_ID=7f9d3e12cc6f] [MEMORY][controller-start] 6291456

[1 occurrence(s)]
INFO --> AuthController::registerSuccess view rendered.

[1 occurrence(s)]
INFO --> [REQ_ID=7f9d3e12cc6f] [PERF] Execution time=0.015364

[1 occurrence(s)]
INFO --> [REQ_ID=f0ea40af6131] [MEMORY][controller-start] 4194304

[1 occurrence(s)]
INFO --> [REQ_ID=f0ea40af6131] [PERF] Execution time=0.021660

[1 occurrence(s)]
INFO --> [REQ_ID=7f24ef1dab38] [PERF] Execution time=0.031132

[1 occurrence(s)]
INFO --> [REQ_ID=d460861a0346] [MEMORY][controller-start] 4194304

[2 occurrence(s)]
INFO --> AuthController L93: Auth:attemptLogin started.

[2 occurrence(s)]
INFO --> AuthController L104: Auth:attemptLogin rules: {"login":"required","password":"required"}

[1 occurrence(s)]
INFO --> AuthController L132: Auth:attemptLogin Login Variables: login: required, remember: false, ip: 185.65.133.107, ua: Mozilla/5.0 (Windows NT 6.3; Win64; x64) AppleWebKit/537.36 (KHTML, like Gecko) Chrome/103.0.5060.114 Safari/537.36

[1 occurrence(s)]
INFO --> [REQ_ID=d460861a0346] [PERF] Execution time=0.095102

[1 occurrence(s)]
INFO --> [REQ_ID=ab41f471ee52] [PERF] Execution time=0.103459

[1 occurrence(s)]
INFO --> [REQ_ID=ccb90a5bf915] [MEMORY][controller-start] 4194304

[1 occurrence(s)]
INFO --> [REQ_ID=ccb90a5bf915] [PERF] Execution time=0.014662

[1 occurrence(s)]
INFO --> [REQ_ID=ceafaaddbb68] [PERF] Execution time=0.024078

[1 occurrence(s)]
INFO --> [REQ_ID=59d6e8bd61e5] [PERF] Execution time=0.030054

[1 occurrence(s)]
INFO --> [SPARK_COMPLETE] App\Commands\Ops\Work duration=0.100413

[1 occurrence(s)]
INFO --> [SPARK_COMPLETE] App\Commands\Logs\Summarize duration=0.022898

[1 occurrence(s)]
INFO --> LOG_HEALTHCHECK info marker=b9de5cbe9e27

[1 occurrence(s)]
INFO --> [SPARK_COMPLETE] App\Commands\App\Healthcheck duration=0.025019

[1 occurrence(s)]
INFO --> [SPARK_COMPLETE] App\Commands\AIOps\Run duration=3.384714

[1 occurrence(s)]
INFO --> [REQ_ID=af8acbb7e875] [MEMORY][controller-start] 6291456

[2 occurrence(s)]
INFO --> [REQ_ID=af8acbb7e875] [MEMORY][commonData:start] 6291456

[1 occurrence(s)]
INFO --> [REQ_ID=af8acbb7e875] [PERF] Execution time=0.317514

[1 occurrence(s)]
INFO --> [REQ_ID=fdfcbef3bc38] [PERF] Execution time=0.374664

[1 occurrence(s)]
INFO --> [SPARK_COMPLETE] App\Commands\Ops\Work duration=0.041550

[1 occurrence(s)]
INFO --> [REQ_ID=907d0217def2] [PERF] Execution time=0.059636

[1 occurrence(s)]
INFO --> [REQ_ID=ccd92ea85e2c] [MEMORY][controller-start] 6291456

[1 occurrence(s)]
INFO --> [REQ_ID=ccd92ea85e2c] [MEMORY][commonData:start] 6291456

[1 occurrence(s)]
INFO --> [REQ_ID=ccd92ea85e2c] [PERF] Execution time=0.870122

[1 occurrence(s)]
INFO --> [REQ_ID=080d4d2893e8] [PERF] Execution time=0.914125

[1 occurrence(s)]
INFO --> [REQ_ID=5edb30a9b36d] [MEMORY][controller-start] 6291456

[1 occurrence(s)]
INFO --> [REQ_ID=5edb30a9b36d] [PERF] Execution time=0.191488

[1 occurrence(s)]
INFO --> [SPARK_COMPLETE] App\Commands\Ops\Work duration=0.097772

[1 occurrence(s)]
INFO --> [SPARK_COMPLETE] App\Commands\Ops\Work duration=0.034711

[1 occurrence(s)]
INFO --> [REQ_ID=2f84397565e3] [MEMORY][controller-start] 6291456

[1 occurrence(s)]
INFO --> [REQ_ID=2f84397565e3] [MEMORY][commonData:start] 6291456

[1 occurrence(s)]
INFO --> [REQ_ID=2f84397565e3] [MEMORY][commonData:start] 10485760

[1 occurrence(s)]
INFO --> [REQ_ID=2f84397565e3] [PERF] Execution time=0.747120

[1 occurrence(s)]
INFO --> [REQ_ID=7f22113791c1] [PERF] Execution time=0.831520

[1 occurrence(s)]
INFO --> [REQ_ID=2a3c5258f19a] [MEMORY][controller-start] 4194304

[1 occurrence(s)]
INFO --> [REQ_ID=2a3c5258f19a] [MEMORY][commonData:start] 4194304

[1 occurrence(s)]
INFO --> [REQ_ID=2a3c5258f19a] [MEMORY][commonData:start] 8388608

[1 occurrence(s)]
INFO --> [REQ_ID=2a3c5258f19a] [PERF] Execution time=0.545912

[1 occurrence(s)]
INFO --> [REQ_ID=b6fdc2692602] [PERF] Execution time=0.557428

[1 occurrence(s)]
INFO --> [REQ_ID=804f9b65a276] [MEMORY][controller-start] 6291456

[1 occurrence(s)]
INFO --> [REQ_ID=804f9b65a276] [MEMORY][commonData:start] 6291456

[1 occurrence(s)]
INFO --> [REQ_ID=804f9b65a276] [MEMORY][commonData:start] 8388608

[1 occurrence(s)]
INFO --> [REQ_ID=804f9b65a276] [PERF] Execution time=0.995066

[1 occurrence(s)]
INFO --> [REQ_ID=9904ffd4e2a2] [PERF] Execution time=1.009389

[1 occurrence(s)]
INFO --> [REQ_ID=76c6a08a99ce] [MEMORY][controller-start] 8388608

[1 occurrence(s)]
INFO --> [REQ_ID=76c6a08a99ce] [PERF] Execution time=0.087338

[1 occurrence(s)]
INFO --> [REQ_ID=bd1fb24420d3] [PERF] Execution time=0.100112

[1 occurrence(s)]
INFO --> [REQ_ID=22a24b6799f2] [MEMORY][controller-start] 6291456

[1 occurrence(s)]
INFO --> [REQ_ID=22a24b6799f2] [MEMORY][commonData:start] 6291456

[1 occurrence(s)]
INFO --> [REQ_ID=22a24b6799f2] [MEMORY][commonData:start] 8388608

[1 occurrence(s)]
INFO --> [REQ_ID=22a24b6799f2] [PERF] Execution time=1.010038

[1 occurrence(s)]
INFO --> [REQ_ID=f75243bc2c75] [PERF] Execution time=1.020902

[1 occurrence(s)]
INFO --> [REQ_ID=4cbcd68f693e] [MEMORY][controller-start] 8388608

[1 occurrence(s)]
INFO --> [REQ_ID=4cbcd68f693e] [PERF] Execution time=0.016289

[1 occurrence(s)]
INFO --> [REQ_ID=44668d4b8516] [PERF] Execution time=0.025840

[1 occurrence(s)]
INFO --> [REQ_ID=f2125f08a813] [MEMORY][controller-start] 6291456

[1 occurrence(s)]
INFO --> AuthController L132: Auth:attemptLogin Login Variables: login: required, remember: false, ip: 146.19.125.48, ua: Mozilla/5.0 (Windows NT 6.3; Win64; x64) AppleWebKit/537.36 (KHTML, like Gecko) Chrome/103.0.5060.66 Safari/537.36

[1 occurrence(s)]
INFO --> [REQ_ID=f2125f08a813] [PERF] Execution time=0.030713

[1 occurrence(s)]
INFO --> [REQ_ID=b8b5ec83d5f8] [PERF] Execution time=0.039601

[1 occurrence(s)]
INFO --> [REQ_ID=06b9e460053f] [MEMORY][controller-start] 4194304

[1 occurrence(s)]
INFO --> [REQ_ID=06b9e460053f] [PERF] Execution time=0.015370

[1 occurrence(s)]
INFO --> [REQ_ID=df2c4dbb52d0] [PERF] Execution time=0.024995

[1 occurrence(s)]
INFO --> [REQ_ID=03cd76e0a4bd] [PERF] Execution time=0.016393

[1 occurrence(s)]
INFO --> [REQ_ID=7735b7eb6e6c] [MEMORY][controller-start] 4194304

[1 occurrence(s)]
INFO --> [REQ_ID=7735b7eb6e6c] [PERF] Execution time=0.033150

[1 occurrence(s)]
INFO --> [REQ_ID=984ed7c8ad2c] [PERF] Execution time=0.042700

[1 occurrence(s)]
INFO --> [REQ_ID=0a82ff43e562] [MEMORY][controller-start] 6291456

[1 occurrence(s)]
INFO --> [REQ_ID=0a82ff43e562] [MEMORY][commonData:start] 6291456

[1 occurrence(s)]
INFO --> [REQ_ID=0a82ff43e562] [MEMORY][commonData:start] 10485760

[1 occurrence(s)]
INFO --> [REQ_ID=0a82ff43e562] [PERF] Execution time=0.672539

[1 occurrence(s)]
INFO --> [REQ_ID=5966952c69f5] [PERF] Execution time=0.712630

[1 occurrence(s)]
INFO --> [REQ_ID=3894cc33e3da] [PERF] Execution time=0.036519

[1 occurrence(s)]
INFO --> [SPARK_COMPLETE] App\Commands\Ops\Work duration=0.221637

[1 occurrence(s)]
INFO --> [SPARK_COMPLETE] App\Commands\Ops\Work duration=0.037061

[1 occurrence(s)]
INFO --> [REQ_ID=ea4a088fcce5] [PERF] Execution time=0.058527

[1 occurrence(s)]
INFO --> [REQ_ID=1057a997b15b] [PERF] Execution time=0.055481

[1 occurrence(s)]
INFO --> [REQ_ID=99d55cea3221] [MEMORY][controller-start] 4194304

[1 occurrence(s)]
INFO --> [REQ_ID=99d55cea3221] [PERF] Execution time=0.247712

[1 occurrence(s)]
INFO --> [REQ_ID=246b6c9df7a0] [PERF] Execution time=0.260020

[1 occurrence(s)]
INFO --> [REQ_ID=6d83ebb7a6e9] [MEMORY][controller-start] 6291456

[1 occurrence(s)]
INFO --> [REQ_ID=6d83ebb7a6e9] [MEMORY][commonData:start] 6291456

[1 occurrence(s)]
INFO --> [REQ_ID=6d83ebb7a6e9] [MEMORY][commonData:start] 10485760

[1 occurrence(s)]
INFO --> [REQ_ID=6d83ebb7a6e9] [PERF] Execution time=0.632314

[1 occurrence(s)]
INFO --> [REQ_ID=256000a1421e] [PERF] Execution time=0.672379

[1 occurrence(s)]
INFO --> [SPARK_COMPLETE] App\Commands\Ops\Work duration=0.101070

[1 occurrence(s)]
INFO --> [REQ_ID=ee0fc7288064] [MEMORY][controller-start] 6291456

[1 occurrence(s)]
INFO --> [REQ_ID=ee0fc7288064] [MEMORY][commonData:start] 6291456

[1 occurrence(s)]
INFO --> [REQ_ID=ee0fc7288064] [MEMORY][commonData:start] 10485760

[1 occurrence(s)]
INFO --> [REQ_ID=ee0fc7288064] [PERF] Execution time=0.614754

[1 occurrence(s)]
INFO --> [REQ_ID=6e9209ecaf17] [PERF] Execution time=0.655362

[1 occurrence(s)]
INFO --> [REQ_ID=6bcad02259ac] [MEMORY][controller-start] 6291456

[1 occurrence(s)]
INFO --> [REQ_ID=6bcad02259ac] [MEMORY][commonData:start] 6291456

[1 occurrence(s)]
INFO --> [REQ_ID=6bcad02259ac] [MEMORY][commonData:start] 10485760

[1 occurrence(s)]
INFO --> [REQ_ID=6bcad02259ac] [PERF] Execution time=0.611649

[1 occurrence(s)]
INFO --> [REQ_ID=43a5a4a6e3c3] [PERF] Execution time=0.662580

[1 occurrence(s)]
INFO --> [SPARK_COMPLETE] App\Commands\Ops\Work duration=0.034220

[1 occurrence(s)]
INFO --> [REQ_ID=65730cf48ace] [PERF] Execution time=0.071215

[1 occurrence(s)]
INFO --> [SPARK_COMPLETE] App\Commands\Ops\Work duration=0.030027

[1 occurrence(s)]
INFO --> [REQ_ID=ed3f3f4d17bd] [PERF] Execution time=0.055794

[1 occurrence(s)]
INFO --> [SPARK_COMPLETE] App\Commands\Logs\Summarize duration=0.022732

[1 occurrence(s)]
INFO --> LOG_HEALTHCHECK info marker=c04e58345bd6

[1 occurrence(s)]
INFO --> [SPARK_COMPLETE] App\Commands\App\Healthcheck duration=0.130790

[1 occurrence(s)]
INFO --> [SPARK_COMPLETE] App\Commands\AIOps\Run duration=3.480236

[1 occurrence(s)]
INFO --> [REQ_ID=c4efade783ed] [MEMORY][controller-start] 6291456

[2 occurrence(s)]
INFO --> [REQ_ID=c4efade783ed] [MEMORY][commonData:start] 6291456

[1 occurrence(s)]
INFO --> [REQ_ID=c4efade783ed] [PERF] Execution time=0.102173

[1 occurrence(s)]
INFO --> [REQ_ID=4f3e6fd80f0d] [PERF] Execution time=0.147230

[1 occurrence(s)]
INFO --> [REQ_ID=9edb249b0bb2] [MEMORY][controller-start] 6291456

[1 occurrence(s)]
INFO --> [REQ_ID=9edb249b0bb2] [MEMORY][commonData:start] 6291456

[1 occurrence(s)]
INFO --> [REQ_ID=9edb249b0bb2] [MEMORY][commonData:start] 10485760

[1 occurrence(s)]
INFO --> [REQ_ID=9edb249b0bb2] [PERF] Execution time=0.626993

[1 occurrence(s)]
INFO --> [REQ_ID=39b2ffd543ad] [PERF] Execution time=0.669785

[1 occurrence(s)]
INFO --> [REQ_ID=842cafdfdef3] [MEMORY][controller-start] 6291456

[1 occurrence(s)]
INFO --> [REQ_ID=842cafdfdef3] [MEMORY][commonData:start] 6291456

[1 occurrence(s)]
INFO --> [REQ_ID=842cafdfdef3] [MEMORY][commonData:start] 8388608

[1 occurrence(s)]
INFO --> [REQ_ID=842cafdfdef3] [PERF] Execution time=0.528353

[1 occurrence(s)]
INFO --> [REQ_ID=a29269067cc8] [PERF] Execution time=0.538411

[1 occurrence(s)]
INFO --> [REQ_ID=205136e58462] [MEMORY][controller-start] 6291456

[1 occurrence(s)]
INFO --> [REQ_ID=205136e58462] [MEMORY][commonData:start] 6291456

[1 occurrence(s)]
INFO --> [REQ_ID=205136e58462] [MEMORY][commonData:start] 10485760

[1 occurrence(s)]
INFO --> [REQ_ID=205136e58462] [PERF] Execution time=0.600442

[1 occurrence(s)]
INFO --> [REQ_ID=57a7eb478310] [PERF] Execution time=0.716550

[1 occurrence(s)]
INFO --> [SPARK_COMPLETE] App\Commands\Ops\Work duration=0.053559

[1 occurrence(s)]
INFO --> [REQ_ID=1d206eb84f5c] [PERF] Execution time=0.059205

[1 occurrence(s)]
INFO --> [REQ_ID=d8b583001515] [MEMORY][controller-start] 4194304

[1 occurrence(s)]
INFO --> [REQ_ID=d8b583001515] [MEMORY][commonData:start] 6291456

[1 occurrence(s)]
INFO --> [REQ_ID=d8b583001515] [MEMORY][commonData:start] 8388608

[1 occurrence(s)]
INFO --> [REQ_ID=d8b583001515] [PERF] Execution time=0.672908

[1 occurrence(s)]
INFO --> [REQ_ID=1588b8f52cca] [PERF] Execution time=0.692145

[1 occurrence(s)]
INFO --> [REQ_ID=9b3cb4900050] [MEMORY][controller-start] 6291456

[1 occurrence(s)]
INFO --> [REQ_ID=9b3cb4900050] [MEMORY][commonData:start] 6291456

[1 occurrence(s)]
INFO --> [REQ_ID=9b3cb4900050] [MEMORY][commonData:start] 10485760

[1 occurrence(s)]
INFO --> [REQ_ID=9b3cb4900050] [PERF] Execution time=0.748715

[1 occurrence(s)]
INFO --> [REQ_ID=8d1beb7f765e] [PERF] Execution time=0.788246

[1 occurrence(s)]
INFO --> [REQ_ID=96222f2a5966] [PERF] Execution time=0.054280

[1 occurrence(s)]
INFO --> [REQ_ID=9f6ad280e866] [MEMORY][controller-start] 4194304

[1 occurrence(s)]
INFO --> [REQ_ID=9f6ad280e866] [PERF] Execution time=0.050936

[1 occurrence(s)]
INFO --> [REQ_ID=c3357f150926] [PERF] Execution time=0.067040

[1 occurrence(s)]
INFO --> [REQ_ID=1987e6acb48f] [MEMORY][controller-start] 6291456

[1 occurrence(s)]
INFO --> [REQ_ID=1987e6acb48f] [MEMORY][commonData:start] 6291456

[1 occurrence(s)]
INFO --> [REQ_ID=1987e6acb48f] [MEMORY][commonData:start] 10485760

[1 occurrence(s)]
INFO --> [REQ_ID=1987e6acb48f] [PERF] Execution time=0.585916

[1 occurrence(s)]
INFO --> [REQ_ID=0e8f3276e7de] [PERF] Execution time=0.626315

[1 occurrence(s)]
INFO --> [REQ_ID=faad37444bfd] [MEMORY][controller-start] 6291456

[1 occurrence(s)]
INFO --> [REQ_ID=faad37444bfd] [MEMORY][commonData:start] 6291456

[1 occurrence(s)]
INFO --> [REQ_ID=faad37444bfd] [MEMORY][commonData:start] 8388608

[1 occurrence(s)]
INFO --> [REQ_ID=faad37444bfd] [PERF] Execution time=0.527701

[1 occurrence(s)]
INFO --> [REQ_ID=0bd60ddb088c] [PERF] Execution time=0.537922

[1 occurrence(s)]
INFO --> [REQ_ID=dd8314264a2e] [MEMORY][controller-start] 6291456

[1 occurrence(s)]
INFO --> [REQ_ID=dd8314264a2e] [MEMORY][commonData:start] 6291456

[1 occurrence(s)]
INFO --> [REQ_ID=dd8314264a2e] [MEMORY][commonData:start] 8388608

[1 occurrence(s)]
INFO --> [REQ_ID=dd8314264a2e] [PERF] Execution time=0.522755

[1 occurrence(s)]
INFO --> [REQ_ID=65b13dbdc617] [PERF] Execution time=0.532139

[1 occurrence(s)]
INFO --> [REQ_ID=8fa39b208b58] [MEMORY][controller-start] 6291456

[1 occurrence(s)]
INFO --> [REQ_ID=8fa39b208b58] [MEMORY][commonData:start] 6291456

[1 occurrence(s)]
INFO --> [REQ_ID=8fa39b208b58] [MEMORY][commonData:start] 8388608

[1 occurrence(s)]
INFO --> [REQ_ID=8fa39b208b58] [PERF] Execution time=0.485138

[1 occurrence(s)]
INFO --> [REQ_ID=703979fae5f2] [PERF] Execution time=0.503892

[1 occurrence(s)]
INFO --> [REQ_ID=e5670ced6d56] [MEMORY][controller-start] 6291456

[1 occurrence(s)]
INFO --> [REQ_ID=e5670ced6d56] [MEMORY][commonData:start] 6291456

[1 occurrence(s)]
INFO --> [REQ_ID=e5670ced6d56] [MEMORY][commonData:start] 8388608

[1 occurrence(s)]
INFO --> [REQ_ID=e5670ced6d56] [PERF] Execution time=0.490548

[1 occurrence(s)]
INFO --> [REQ_ID=539aa5f7d085] [PERF] Execution time=0.499555

[1 occurrence(s)]
INFO --> [REQ_ID=5078bdd2f214] [MEMORY][controller-start] 8388608

[2 occurrence(s)]
INFO --> [REQ_ID=5078bdd2f214] [MEMORY][commonData:start] 8388608

[1 occurrence(s)]
INFO --> [REQ_ID=5078bdd2f214] [PERF] Execution time=0.467792

[1 occurrence(s)]
INFO --> [REQ_ID=a79e504cde4c] [PERF] Execution time=0.657016

[1 occurrence(s)]
INFO --> [SPARK_COMPLETE] App\Commands\Ops\Work duration=0.048650

[1 occurrence(s)]
INFO --> [REQ_ID=4a2fc98306ae] [MEMORY][controller-start] 6291456

[1 occurrence(s)]
INFO --> [REQ_ID=4a2fc98306ae] [MEMORY][commonData:start] 6291456

[1 occurrence(s)]
INFO --> [REQ_ID=4a2fc98306ae] [MEMORY][commonData:start] 10485760

[1 occurrence(s)]
INFO --> [REQ_ID=4a2fc98306ae] [PERF] Execution time=0.910602

[1 occurrence(s)]
INFO --> [REQ_ID=ddb78e11db6b] [PERF] Execution time=0.953728

[1 occurrence(s)]
INFO --> [SPARK_COMPLETE] App\Commands\Ops\Work duration=0.142890

[1 occurrence(s)]
INFO --> [SPARK_COMPLETE] App\Commands\Ops\Work duration=0.045844

[1 occurrence(s)]
INFO --> [REQ_ID=44daa4870aa4] [PERF] Execution time=0.054546

[1 occurrence(s)]
INFO --> [SPARK_COMPLETE] App\Commands\Ops\Work duration=0.094161

[1 occurrence(s)]
INFO --> [REQ_ID=c7008839266b] [PERF] Execution time=0.064871

[1 occurrence(s)]
INFO --> [REQ_ID=976407ca11db] [MEMORY][controller-start] 6291456

[1 occurrence(s)]
INFO --> [REQ_ID=976407ca11db] [PERF] Execution time=0.235651

[1 occurrence(s)]
INFO --> [REQ_ID=35717b609caf] [PERF] Execution time=0.278357

[1 occurrence(s)]
INFO --> [REQ_ID=b23cacb6f471] [MEMORY][controller-start] 4194304

[1 occurrence(s)]
INFO --> [REQ_ID=b23cacb6f471] [MEMORY][commonData:start] 6291456

[1 occurrence(s)]
INFO --> [REQ_ID=b23cacb6f471] [MEMORY][commonData:start] 8388608

[1 occurrence(s)]
INFO --> [REQ_ID=b23cacb6f471] [PERF] Execution time=0.570514

[1 occurrence(s)]
INFO --> [REQ_ID=64faa57bba91] [PERF] Execution time=0.582175

[1 occurrence(s)]
INFO --> [REQ_ID=3e4688db7d51] [MEMORY][controller-start] 6291456

[1 occurrence(s)]
INFO --> [REQ_ID=3e4688db7d51] [MEMORY][commonData:start] 6291456

[1 occurrence(s)]
INFO --> [REQ_ID=3e4688db7d51] [MEMORY][commonData:start] 8388608

[1 occurrence(s)]
INFO --> [REQ_ID=3e4688db7d51] [PERF] Execution time=0.926060

[1 occurrence(s)]
INFO --> [REQ_ID=f005f19fcc1d] [PERF] Execution time=0.935684

[1 occurrence(s)]
INFO --> [SPARK_COMPLETE] App\Commands\Ops\Work duration=0.044344

[1 occurrence(s)]
INFO --> [REQ_ID=02a2fb3fd7a1] [MEMORY][controller-start] 6291456

[1 occurrence(s)]
INFO --> [REQ_ID=02a2fb3fd7a1] [MEMORY][commonData:start] 6291456

[1 occurrence(s)]
INFO --> [REQ_ID=02a2fb3fd7a1] [MEMORY][commonData:start] 10485760

[1 occurrence(s)]
INFO --> [REQ_ID=02a2fb3fd7a1] [PERF] Execution time=0.677376

[1 occurrence(s)]
INFO --> [REQ_ID=8a6dd661f965] [PERF] Execution time=0.719539

[1 occurrence(s)]
INFO --> [REQ_ID=d2af583725df] [MEMORY][controller-start] 6291456

[1 occurrence(s)]
INFO --> [REQ_ID=d2af583725df] [MEMORY][commonData:start] 6291456

[1 occurrence(s)]
INFO --> [REQ_ID=d2af583725df] [MEMORY][commonData:start] 8388608

[1 occurrence(s)]
INFO --> [REQ_ID=d2af583725df] [PERF] Execution time=0.495206

[1 occurrence(s)]
INFO --> [REQ_ID=185cfa4740a9] [PERF] Execution time=0.505364

[1 occurrence(s)]
INFO --> [REQ_ID=9bda946ddc67] [MEMORY][controller-start] 6291456

[1 occurrence(s)]
INFO --> [REQ_ID=9bda946ddc67] [MEMORY][commonData:start] 6291456

[1 occurrence(s)]
INFO --> [REQ_ID=9bda946ddc67] [MEMORY][commonData:start] 8388608

[1 occurrence(s)]
INFO --> [REQ_ID=9bda946ddc67] [PERF] Execution time=0.500216

[1 occurrence(s)]
INFO --> [REQ_ID=d53f4ab79efa] [PERF] Execution time=0.510600

[1 occurrence(s)]
INFO --> [REQ_ID=272a59664743] [MEMORY][controller-start] 6291456

[1 occurrence(s)]
INFO --> [REQ_ID=272a59664743] [MEMORY][commonData:start] 6291456

[1 occurrence(s)]
INFO --> [REQ_ID=272a59664743] [MEMORY][commonData:start] 8388608

[1 occurrence(s)]
INFO --> [REQ_ID=272a59664743] [PERF] Execution time=0.506751

[1 occurrence(s)]
INFO --> [REQ_ID=e7674153ecca] [PERF] Execution time=0.517748

[1 occurrence(s)]
INFO --> [REQ_ID=6403a568a06c] [MEMORY][controller-start] 6291456

[1 occurrence(s)]
INFO --> [REQ_ID=6403a568a06c] [MEMORY][commonData:start] 6291456

[1 occurrence(s)]
INFO --> [REQ_ID=6403a568a06c] [MEMORY][commonData:start] 8388608

[1 occurrence(s)]
INFO --> [REQ_ID=6403a568a06c] [PERF] Execution time=0.554143

[1 occurrence(s)]
INFO --> [REQ_ID=20d140a2e997] [PERF] Execution time=0.563451

[1 occurrence(s)]
INFO --> [REQ_ID=a1213b986c29] [MEMORY][controller-start] 6291456

[1 occurrence(s)]
INFO --> [REQ_ID=a1213b986c29] [MEMORY][commonData:start] 6291456

[1 occurrence(s)]
INFO --> [REQ_ID=a1213b986c29] [MEMORY][commonData:start] 10485760

[1 occurrence(s)]
INFO --> [REQ_ID=a1213b986c29] [PERF] Execution time=0.561833

[1 occurrence(s)]
INFO --> [REQ_ID=2911528be816] [PERF] Execution time=0.603419

[1 occurrence(s)]
INFO --> [REQ_ID=f789bda58b41] [MEMORY][controller-start] 6291456

[1 occurrence(s)]
INFO --> [REQ_ID=f789bda58b41] [MEMORY][commonData:start] 6291456

[1 occurrence(s)]
INFO --> [REQ_ID=f789bda58b41] [MEMORY][commonData:start] 8388608

[1 occurrence(s)]
INFO --> [REQ_ID=f789bda58b41] [PERF] Execution time=0.506156

[1 occurrence(s)]
INFO --> [REQ_ID=7895373a65ad] [PERF] Execution time=0.516114

[1 occurrence(s)]
INFO --> [SPARK_COMPLETE] App\Commands\Ops\Work duration=0.020628

[1 occurrence(s)]
INFO --> [REQ_ID=7ce7d51e18ff] [MEMORY][controller-start] 6291456

[1 occurrence(s)]
INFO --> [REQ_ID=7ce7d51e18ff] [MEMORY][commonData:start] 6291456

[1 occurrence(s)]
INFO --> [REQ_ID=7ce7d51e18ff] [PERF] Execution time=0.691786

[1 occurrence(s)]
INFO --> [REQ_ID=9181aaefc9a5] [PERF] Execution time=0.735709

[1 occurrence(s)]
INFO --> [SPARK_COMPLETE] App\Commands\Ops\Work duration=0.041272

[1 occurrence(s)]
INFO --> [REQ_ID=9e9370fe4dd8] [PERF] Execution time=0.105191

[1 occurrence(s)]
INFO --> [SPARK_COMPLETE] App\Commands\Logs\Summarize duration=0.026212

[1 occurrence(s)]
INFO --> LOG_HEALTHCHECK info marker=03d7aeb4c44d

[1 occurrence(s)]
INFO --> [SPARK_COMPLETE] App\Commands\App\Healthcheck duration=0.028015

[1 occurrence(s)]
INFO --> [SPARK_COMPLETE] App\Commands\AIOps\Run duration=3.406403

[1 occurrence(s)]
INFO --> [REQ_ID=7d7e4746e86d] [MEMORY][controller-start] 6291456

[1 occurrence(s)]
INFO --> [REQ_ID=7d7e4746e86d] [MEMORY][commonData:start] 6291456

[1 occurrence(s)]
INFO --> [REQ_ID=7d7e4746e86d] [PERF] Execution time=0.083912

[1 occurrence(s)]
INFO --> [SPARK_COMPLETE] App\Commands\Ops\Work duration=0.060278

[1 occurrence(s)]
INFO --> [REQ_ID=510493a78edc] [PERF] Execution time=0.073874

[1 occurrence(s)]
INFO --> [REQ_ID=79e6a88c4932] [PERF] Execution time=0.049239

[1 occurrence(s)]
INFO --> [REQ_ID=199c7650bcc2] [MEMORY][controller-start] 4194304

[1 occurrence(s)]
INFO --> [REQ_ID=199c7650bcc2] [PERF] Execution time=0.053689

[1 occurrence(s)]
INFO --> [REQ_ID=cbe3d63d40ef] [PERF] Execution time=0.066622

[1 occurrence(s)]
INFO --> [REQ_ID=cf4fc8ccb86a] [PERF] Execution time=0.053641

[1 occurrence(s)]
INFO --> [REQ_ID=3779705a8493] [MEMORY][controller-start] 4194304

[1 occurrence(s)]
INFO --> [REQ_ID=3779705a8493] [PERF] Execution time=0.060821

[1 occurrence(s)]
INFO --> [REQ_ID=6b8f655b1372] [PERF] Execution time=0.071265

[1 occurrence(s)]
INFO --> [SPARK_COMPLETE] App\Commands\Ops\Work duration=0.039193

[1 occurrence(s)]
INFO --> [REQ_ID=fdb227b005e2] [MEMORY][controller-start] 6291456

[1 occurrence(s)]
INFO --> [REQ_ID=fdb227b005e2] [PERF] Execution time=0.107969

[1 occurrence(s)]
INFO --> [REQ_ID=922624bb545b] [PERF] Execution time=0.156412

[1 occurrence(s)]
INFO --> [SPARK_COMPLETE] App\Commands\Ops\Work duration=0.021322

[1 occurrence(s)]
INFO --> [REQ_ID=e6128bf9d75a] [MEMORY][controller-start] 6291456

[1 occurrence(s)]
INFO --> [REQ_ID=e6128bf9d75a] [MEMORY][commonData:start] 6291456

[1 occurrence(s)]
INFO --> [REQ_ID=e6128bf9d75a] [MEMORY][commonData:start] 10485760

[1 occurrence(s)]
INFO --> [REQ_ID=e6128bf9d75a] [PERF] Execution time=0.613433

[1 occurrence(s)]
INFO --> [REQ_ID=32bade18a99d] [PERF] Execution time=0.656172

[1 occurrence(s)]
INFO --> [REQ_ID=600e562f571b] [MEMORY][controller-start] 6291456

[1 occurrence(s)]
INFO --> [REGISTRATION] Form loaded

[1 occurrence(s)]
INFO --> [REQ_ID=600e562f571b] [PERF] Execution time=0.041978

[1 occurrence(s)]
INFO --> [REQ_ID=2460458063af] [PERF] Execution time=0.061616

[1 occurrence(s)]
INFO --> [SPARK_COMPLETE] App\Commands\Ops\Work duration=0.064723

[1 occurrence(s)]
INFO --> [REQ_ID=8902b64b27b2] [MEMORY][controller-start] 6291456

[1 occurrence(s)]
INFO --> [REQ_ID=8902b64b27b2] [MEMORY][commonData:start] 6291456

[1 occurrence(s)]
INFO --> [REQ_ID=8902b64b27b2] [MEMORY][commonData:start] 10485760

[1 occurrence(s)]
INFO --> [REQ_ID=8902b64b27b2] [PERF] Execution time=0.837689

[1 occurrence(s)]
INFO --> [REQ_ID=58d2b17798b4] [PERF] Execution time=0.878690

[1 occurrence(s)]
INFO --> [REQ_ID=a5b98d498625] [PERF] Execution time=0.048095

[1 occurrence(s)]
INFO --> [REQ_ID=9a9434187287] [MEMORY][controller-start] 4194304

[1 occurrence(s)]
INFO --> [REQ_ID=9a9434187287] [PERF] Execution time=0.109266

[1 occurrence(s)]
INFO --> [REQ_ID=ee286f71dea5] [PERF] Execution time=0.125917

[1 occurrence(s)]
INFO --> [REQ_ID=6d3c6cec45f5] [MEMORY][controller-start] 6291456

[1 occurrence(s)]
INFO --> [REQ_ID=6d3c6cec45f5] [PERF] Execution time=0.078637

[1 occurrence(s)]
INFO --> [REQ_ID=23a326a74b38] [PERF] Execution time=0.123239

[1 occurrence(s)]
INFO --> [REQ_ID=256accc7e952] [MEMORY][controller-start] 4194304

[2 occurrence(s)]
INFO --> [REQ_ID=256accc7e952] [MEMORY][commonData:start] 6291456

[1 occurrence(s)]
INFO --> [REQ_ID=256accc7e952] [PERF] Execution time=0.071934

[1 occurrence(s)]
INFO --> [REQ_ID=cfed8ad801e5] [PERF] Execution time=0.084362

[1 occurrence(s)]
INFO --> [REQ_ID=bcba85b283ea] [PERF] Execution time=0.054209

[1 occurrence(s)]
INFO --> [REQ_ID=08062bbd65ee] [MEMORY][controller-start] 4194304

[1 occurrence(s)]
INFO --> [REQ_ID=08062bbd65ee] [PERF] Execution time=0.045969

[1 occurrence(s)]
INFO --> [REQ_ID=f84d2d647a96] [PERF] Execution time=0.058608

[1 occurrence(s)]
INFO --> [REQ_ID=6b4e07b87ac2] [MEMORY][controller-start] 6291456

[1 occurrence(s)]
INFO --> [REQ_ID=6b4e07b87ac2] [MEMORY][commonData:start] 6291456

[1 occurrence(s)]
INFO --> [REQ_ID=6b4e07b87ac2] [MEMORY][commonData:start] 10485760

[1 occurrence(s)]
INFO --> [REQ_ID=6b4e07b87ac2] [PERF] Execution time=0.721255

[1 occurrence(s)]
INFO --> [REQ_ID=a76cbf1fb222] [PERF] Execution time=0.761529

[1 occurrence(s)]
INFO --> [REQ_ID=becd082356c5] [PERF] Execution time=0.050266

[1 occurrence(s)]
INFO --> [SPARK_COMPLETE] App\Commands\Ops\Work duration=0.175425

[1 occurrence(s)]
INFO --> [REQ_ID=dcd5e0d2674c] [MEMORY][controller-start] 6291456

[1 occurrence(s)]
INFO --> [REQ_ID=dcd5e0d2674c] [MEMORY][commonData:start] 6291456

[1 occurrence(s)]
INFO --> [REQ_ID=dcd5e0d2674c] [MEMORY][commonData:start] 10485760

[1 occurrence(s)]
INFO --> [REQ_ID=dcd5e0d2674c] [PERF] Execution time=0.604519

[1 occurrence(s)]
INFO --> [REQ_ID=170d98b2e8b0] [PERF] Execution time=0.645691

[1 occurrence(s)]
INFO --> [REQ_ID=3b601d22b62c] [MEMORY][controller-start] 6291456

[1 occurrence(s)]
INFO --> [REQ_ID=3b601d22b62c] [MEMORY][commonData:start] 6291456

[1 occurrence(s)]
INFO --> [REQ_ID=3b601d22b62c] [MEMORY][commonData:start] 10485760

[1 occurrence(s)]
INFO --> [REQ_ID=3b601d22b62c] [PERF] Execution time=0.637829

[1 occurrence(s)]
INFO --> [REQ_ID=aa46ee3eae3b] [PERF] Execution time=0.679547

[1 occurrence(s)]
INFO --> [REQ_ID=424a6aca6aeb] [PERF] Execution time=0.015851

[1 occurrence(s)]
INFO --> [REQ_ID=9bce0422654a] [MEMORY][controller-start] 4194304

[1 occurrence(s)]
INFO --> [REQ_ID=9bce0422654a] [PERF] Execution time=0.037204

[1 occurrence(s)]
INFO --> [REQ_ID=a1073b58b1cf] [PERF] Execution time=0.052357

[1 occurrence(s)]
INFO --> [REQ_ID=7461eaca96dc] [MEMORY][controller-start] 6291456

[1 occurrence(s)]
INFO --> [REQ_ID=7461eaca96dc] [MEMORY][commonData:start] 6291456

[1 occurrence(s)]
INFO --> [REQ_ID=7461eaca96dc] [MEMORY][commonData:start] 10485760

[1 occurrence(s)]
INFO --> [REQ_ID=7461eaca96dc] [PERF] Execution time=0.603216

[1 occurrence(s)]
INFO --> [REQ_ID=3e56b57e7b62] [PERF] Execution time=0.658588

[1 occurrence(s)]
INFO --> [REQ_ID=d8b40e4d3ea6] [MEMORY][controller-start] 6291456

[1 occurrence(s)]
INFO --> [REQ_ID=d8b40e4d3ea6] [MEMORY][commonData:start] 6291456

[1 occurrence(s)]
INFO --> [REQ_ID=d8b40e4d3ea6] [MEMORY][commonData:start] 10485760

[1 occurrence(s)]
INFO --> [REQ_ID=d8b40e4d3ea6] [PERF] Execution time=0.570433

[1 occurrence(s)]
INFO --> [REQ_ID=e63648786ef8] [PERF] Execution time=0.612703

[1 occurrence(s)]
INFO --> [SPARK_COMPLETE] App\Commands\Ops\Work duration=0.039799

[1 occurrence(s)]
INFO --> [SPARK_COMPLETE] App\Commands\Ops\Work duration=0.038954

[1 occurrence(s)]
INFO --> [REQ_ID=0738859addb4] [MEMORY][controller-start] 6291456

[1 occurrence(s)]
INFO --> [REQ_ID=0738859addb4] [PERF] Execution time=0.090454

[1 occurrence(s)]
INFO --> [REQ_ID=063ab2600dbb] [PERF] Execution time=0.133894

[1 occurrence(s)]
INFO --> [REQ_ID=60dcf68cc44b] [PERF] Execution time=0.051386

[1 occurrence(s)]
INFO --> [REQ_ID=f3f6ab41f255] [MEMORY][controller-start] 4194304

[1 occurrence(s)]
INFO --> [REQ_ID=f3f6ab41f255] [PERF] Execution time=0.146610

[1 occurrence(s)]
INFO --> [REQ_ID=5ad194ebfd6d] [PERF] Execution time=0.156267

[1 occurrence(s)]
INFO --> [SPARK_COMPLETE] App\Commands\Ops\Work duration=0.037009

[1 occurrence(s)]
INFO --> [REQ_ID=a600d9fbd824] [PERF] Execution time=0.082772

[1 occurrence(s)]
INFO --> [SPARK_COMPLETE] App\Commands\Logs\Summarize duration=0.028805

[1 occurrence(s)]
INFO --> LOG_HEALTHCHECK info marker=77c6d8e61ce8

[1 occurrence(s)]
INFO --> [SPARK_COMPLETE] App\Commands\App\Healthcheck duration=0.029023

[1 occurrence(s)]
INFO --> [SPARK_COMPLETE] App\Commands\AIOps\Run duration=3.943671

[1 occurrence(s)]
INFO --> [REQ_ID=72c4cea8f265] [PERF] Execution time=0.056744

[1 occurrence(s)]
INFO --> [REQ_ID=36b8ef16f61e] [MEMORY][controller-start] 4194304

[1 occurrence(s)]
INFO --> [REQ_ID=36b8ef16f61e] [PERF] Execution time=0.116280

[1 occurrence(s)]
INFO --> [REQ_ID=b453b7436b6d] [PERF] Execution time=0.130260

[1 occurrence(s)]
INFO --> [SPARK_COMPLETE] App\Commands\Ops\Work duration=0.106843

[1 occurrence(s)]
INFO --> [REQ_ID=8268ca14eae5] [PERF] Execution time=0.058720

[1 occurrence(s)]
INFO --> [REQ_ID=d7d278cecc51] [MEMORY][controller-start] 6291456

[1 occurrence(s)]
INFO --> [REQ_ID=d7d278cecc51] [MEMORY][commonData:start] 6291456

[1 occurrence(s)]
INFO --> [REQ_ID=d7d278cecc51] [MEMORY][commonData:start] 10485760

[1 occurrence(s)]
INFO --> [REQ_ID=d7d278cecc51] [PERF] Execution time=0.680426

[1 occurrence(s)]
INFO --> [REQ_ID=6259f05a0a73] [PERF] Execution time=0.721907

[1 occurrence(s)]
INFO --> [REQ_ID=8b4469d84c52] [MEMORY][controller-start] 6291456

[1 occurrence(s)]
INFO --> [REQ_ID=8b4469d84c52] [PERF] Execution time=0.166052

[1 occurrence(s)]
INFO --> [REQ_ID=dc87cd2a7757] [PERF] Execution time=0.212217

[1 occurrence(s)]
INFO --> [SPARK_COMPLETE] App\Commands\Ops\Work duration=0.168959

[1 occurrence(s)]
INFO --> [REQ_ID=99d430786683] [MEMORY][controller-start] 6291456

[1 occurrence(s)]
INFO --> [REQ_ID=99d430786683] [MEMORY][commonData:start] 6291456

[1 occurrence(s)]
INFO --> [REQ_ID=99d430786683] [MEMORY][commonData:start] 10485760

[1 occurrence(s)]
INFO --> [REQ_ID=99d430786683] [PERF] Execution time=0.761213

[1 occurrence(s)]
INFO --> [REQ_ID=a393505599c6] [PERF] Execution time=0.802391

[1 occurrence(s)]
INFO --> [REQ_ID=ec36a2b803b6] [MEMORY][controller-start] 6291456

[1 occurrence(s)]
INFO --> [REQ_ID=ec36a2b803b6] [MEMORY][commonData:start] 6291456

[1 occurrence(s)]
INFO --> [REQ_ID=ec36a2b803b6] [MEMORY][commonData:start] 8388608

[1 occurrence(s)]
INFO --> [REQ_ID=ec36a2b803b6] [PERF] Execution time=0.576303

[1 occurrence(s)]
INFO --> [REQ_ID=239c59d84be1] [PERF] Execution time=0.589951

[1 occurrence(s)]
INFO --> [REQ_ID=a3bcc957ce3d] [MEMORY][controller-start] 6291456

[1 occurrence(s)]
INFO --> [REQ_ID=a3bcc957ce3d] [MEMORY][commonData:start] 6291456

[1 occurrence(s)]
INFO --> [REQ_ID=a3bcc957ce3d] [MEMORY][commonData:start] 8388608

[1 occurrence(s)]
INFO --> [REQ_ID=a3bcc957ce3d] [PERF] Execution time=0.447868

[1 occurrence(s)]
INFO --> [REQ_ID=81691ed7413e] [PERF] Execution time=0.457705

[1 occurrence(s)]
INFO --> [REQ_ID=5b06a43f1615] [MEMORY][controller-start] 6291456

[1 occurrence(s)]
INFO --> [REQ_ID=5b06a43f1615] [MEMORY][commonData:start] 6291456

[1 occurrence(s)]
INFO --> [REQ_ID=5b06a43f1615] [PERF] Execution time=0.560623

[1 occurrence(s)]
INFO --> [REQ_ID=2a2cd6823e22] [PERF] Execution time=0.576031

[1 occurrence(s)]
INFO --> [REQ_ID=9f494ec67cac] [MEMORY][controller-start] 6291456

[1 occurrence(s)]
INFO --> [REQ_ID=9f494ec67cac] [MEMORY][commonData:start] 6291456

[1 occurrence(s)]
INFO --> [REQ_ID=9f494ec67cac] [PERF] Execution time=0.020440

[1 occurrence(s)]
INFO --> [REQ_ID=06bcea43197f] [MEMORY][controller-start] 6291456

[1 occurrence(s)]
INFO --> [REQ_ID=06bcea43197f] [MEMORY][commonData:start] 6291456

[1 occurrence(s)]
INFO --> [REQ_ID=06bcea43197f] [PERF] Execution time=0.015426

[1 occurrence(s)]
INFO --> [REQ_ID=ed7c7b18752c] [MEMORY][controller-start] 4194304

[1 occurrence(s)]
INFO --> [REQ_ID=ed7c7b18752c] [MEMORY][commonData:start] 4194304

[1 occurrence(s)]
INFO --> [REQ_ID=ed7c7b18752c] [PERF] Execution time=0.017652

[1 occurrence(s)]
INFO --> [REQ_ID=4b6c8176c0f3] [PERF] Execution time=0.011779

[1 occurrence(s)]
INFO --> [REQ_ID=ef8ef33ce762] [MEMORY][controller-start] 4194304

[1 occurrence(s)]
INFO --> [REQ_ID=ef8ef33ce762] [PERF] Execution time=0.045715

[1 occurrence(s)]
INFO --> [REQ_ID=ece49351c2ac] [PERF] Execution time=0.068275

[1 occurrence(s)]
INFO --> [REQ_ID=efe8f85af408] [MEMORY][controller-start] 4194304

[1 occurrence(s)]
INFO --> [REQ_ID=efe8f85af408] [PERF] Execution time=0.015076

[1 occurrence(s)]
INFO --> [REQ_ID=317d57995a86] [PERF] Execution time=0.024862

[1 occurrence(s)]
INFO --> [REQ_ID=05ecad4b2b44] [PERF] Execution time=0.011530

[1 occurrence(s)]
INFO --> [REQ_ID=03ac901b4566] [MEMORY][controller-start] 4194304

[1 occurrence(s)]
INFO --> [REQ_ID=03ac901b4566] [PERF] Execution time=0.017450

[1 occurrence(s)]
INFO --> [REQ_ID=2c3fecb4808a] [PERF] Execution time=0.033965

[1 occurrence(s)]
INFO --> [REQ_ID=849eb696737c] [PERF] Execution time=0.010095

[1 occurrence(s)]
INFO --> [REQ_ID=b5453b5b18c5] [MEMORY][controller-start] 4194304

[1 occurrence(s)]
INFO --> [REQ_ID=b5453b5b18c5] [PERF] Execution time=0.037213

[1 occurrence(s)]
INFO --> [REQ_ID=ac5112f897cb] [PERF] Execution time=0.048200

[1 occurrence(s)]
INFO --> [REQ_ID=cc724fdc986d] [PERF] Execution time=0.012549

[1 occurrence(s)]
INFO --> [REQ_ID=9cbdb607db57] [MEMORY][controller-start] 4194304

[1 occurrence(s)]
INFO --> [REQ_ID=9cbdb607db57] [PERF] Execution time=0.032585

[1 occurrence(s)]
INFO --> [REQ_ID=21854d56aa20] [PERF] Execution time=0.042361

[1 occurrence(s)]
INFO --> [REQ_ID=c7ce05d69683] [MEMORY][controller-start] 4194304

[1 occurrence(s)]
INFO --> [REQ_ID=c7ce05d69683] [MEMORY][commonData:start] 4194304

[1 occurrence(s)]
INFO --> [REQ_ID=c7ce05d69683] [MEMORY][commonData:start] 8388608

[1 occurrence(s)]
INFO --> [REQ_ID=c7ce05d69683] [PERF] Execution time=1.071717

[1 occurrence(s)]
INFO --> [REQ_ID=3b3e68a29a8e] [PERF] Execution time=1.086604

[1 occurrence(s)]
INFO --> [REQ_ID=8fab2af417de] [MEMORY][controller-start] 8388608

[1 occurrence(s)]
INFO --> [REQ_ID=8fab2af417de] [PERF] Execution time=0.018125

[1 occurrence(s)]
INFO --> [REQ_ID=3244d2455473] [PERF] Execution time=0.029147

[1 occurrence(s)]
INFO --> [REQ_ID=bc4919d6146e] [MEMORY][controller-start] 6291456

[1 occurrence(s)]
INFO --> [REQ_ID=bc4919d6146e] [PERF] Execution time=0.019020

[1 occurrence(s)]
INFO --> [REQ_ID=95c055d03de5] [PERF] Execution time=0.029114

[1 occurrence(s)]
INFO --> [REQ_ID=f42dae467076] [MEMORY][controller-start] 4194304

[1 occurrence(s)]
INFO --> [REQ_ID=f42dae467076] [PERF] Execution time=0.022547

[1 occurrence(s)]
INFO --> [REQ_ID=4e71bc4b27bc] [PERF] Execution time=0.033070

[1 occurrence(s)]
INFO --> [REQ_ID=7633c283535e] [MEMORY][controller-start] 4194304

[1 occurrence(s)]
INFO --> [REQ_ID=7633c283535e] [PERF] Execution time=0.017999

[1 occurrence(s)]
INFO --> [REQ_ID=15598fd42c45] [PERF] Execution time=0.028496

[1 occurrence(s)]
INFO --> [REQ_ID=bd35feef33fd] [MEMORY][controller-start] 4194304

[1 occurrence(s)]
INFO --> [REQ_ID=bd35feef33fd] [PERF] Execution time=0.051419

[1 occurrence(s)]
INFO --> [REQ_ID=a614ed0a19e5] [PERF] Execution time=0.061786

[1 occurrence(s)]
INFO --> [REQ_ID=f20d3bb0b0cf] [MEMORY][controller-start] 4194304

[1 occurrence(s)]
INFO --> [REQ_ID=f20d3bb0b0cf] [PERF] Execution time=0.027340

[1 occurrence(s)]
INFO --> [REQ_ID=0f26a75bef27] [PERF] Execution time=0.037498

[1 occurrence(s)]
INFO --> [REQ_ID=b41b1f8f480d] [MEMORY][controller-start] 4194304

[1 occurrence(s)]
INFO --> [REQ_ID=b41b1f8f480d] [MEMORY][commonData:start] 4194304

[1 occurrence(s)]
INFO --> [REQ_ID=b41b1f8f480d] [MEMORY][commonData:start] 8388608

[1 occurrence(s)]
INFO --> [REQ_ID=b41b1f8f480d] [PERF] Execution time=0.515474

[1 occurrence(s)]
INFO --> [REQ_ID=82784ed674dc] [PERF] Execution time=0.525666

[1 occurrence(s)]
INFO --> [REQ_ID=1c3bf041e8bc] [MEMORY][controller-start] 6291456

[1 occurrence(s)]
INFO --> [REQ_ID=1c3bf041e8bc] [MEMORY][commonData:start] 6291456

[1 occurrence(s)]
INFO --> [REQ_ID=1c3bf041e8bc] [MEMORY][commonData:start] 8388608

[1 occurrence(s)]
INFO --> [REQ_ID=1c3bf041e8bc] [PERF] Execution time=0.584322

[1 occurrence(s)]
INFO --> [REQ_ID=85c1d036e39b] [PERF] Execution time=0.594196

[1 occurrence(s)]
INFO --> [REQ_ID=cb133b774c6d] [MEMORY][controller-start] 6291456

[1 occurrence(s)]
INFO --> [REQ_ID=cb133b774c6d] [MEMORY][commonData:start] 6291456

[1 occurrence(s)]
INFO --> [REQ_ID=cb133b774c6d] [PERF] Execution time=0.544545

[1 occurrence(s)]
INFO --> [REQ_ID=868f2a23e793] [PERF] Execution time=0.554570

[1 occurrence(s)]
INFO --> [REQ_ID=a0c648f898f6] [MEMORY][controller-start] 6291456

[1 occurrence(s)]
INFO --> [REQ_ID=a0c648f898f6] [MEMORY][commonData:start] 6291456

[1 occurrence(s)]
INFO --> [REQ_ID=a0c648f898f6] [MEMORY][commonData:start] 8388608

[1 occurrence(s)]
INFO --> [REQ_ID=a0c648f898f6] [PERF] Execution time=0.558315

[1 occurrence(s)]
INFO --> [REQ_ID=94b057a864be] [PERF] Execution time=0.567235

[1 occurrence(s)]
INFO --> [REQ_ID=c33668809d43] [MEMORY][controller-start] 6291456

[1 occurrence(s)]
INFO --> [REQ_ID=c33668809d43] [MEMORY][commonData:start] 6291456

[1 occurrence(s)]
INFO --> [REQ_ID=c33668809d43] [PERF] Execution time=0.015179

[1 occurrence(s)]
INFO --> [REQ_ID=29e9af6c22ca] [MEMORY][controller-start] 6291456

[1 occurrence(s)]
INFO --> [REQ_ID=29e9af6c22ca] [MEMORY][commonData:start] 6291456

[1 occurrence(s)]
INFO --> [REQ_ID=29e9af6c22ca] [PERF] Execution time=0.015979

[1 occurrence(s)]
INFO --> [REQ_ID=796ec7940624] [MEMORY][controller-start] 4194304

[1 occurrence(s)]
INFO --> [REQ_ID=796ec7940624] [MEMORY][commonData:start] 4194304

[1 occurrence(s)]
INFO --> [REQ_ID=796ec7940624] [PERF] Execution time=0.015353

[1 occurrence(s)]
INFO --> [REQ_ID=c979534f5d48] [MEMORY][controller-start] 4194304

[1 occurrence(s)]
INFO --> [REQ_ID=c979534f5d48] [PERF] Execution time=0.014272

[1 occurrence(s)]
INFO --> [REQ_ID=95e5bc134d14] [PERF] Execution time=0.027233

[1 occurrence(s)]
INFO --> [REQ_ID=b25651d87123] [MEMORY][controller-start] 4194304

[1 occurrence(s)]
INFO --> [REQ_ID=b25651d87123] [MEMORY][commonData:start] 4194304

[1 occurrence(s)]
INFO --> [REQ_ID=b25651d87123] [MEMORY][commonData:start] 8388608

[1 occurrence(s)]
INFO --> [REQ_ID=b25651d87123] [PERF] Execution time=1.102571

[1 occurrence(s)]
INFO --> [REQ_ID=4ebc260bf9e7] [PERF] Execution time=1.112686

[1 occurrence(s)]
INFO --> [REQ_ID=fc98778e1d77] [MEMORY][controller-start] 8388608

[1 occurrence(s)]
INFO --> [REQ_ID=fc98778e1d77] [PERF] Execution time=0.026043

[1 occurrence(s)]
INFO --> [REQ_ID=c2e3e5526549] [PERF] Execution time=0.036728

[1 occurrence(s)]
INFO --> [REQ_ID=c264238d818b] [MEMORY][controller-start] 6291456

[1 occurrence(s)]
INFO --> [REQ_ID=c264238d818b] [PERF] Execution time=0.021281

[1 occurrence(s)]
INFO --> [REQ_ID=7e78786fc8c6] [PERF] Execution time=0.031597

[1 occurrence(s)]
INFO --> [REQ_ID=956601af858d] [MEMORY][controller-start] 4194304

[1 occurrence(s)]
INFO --> [REQ_ID=956601af858d] [PERF] Execution time=0.022755

[1 occurrence(s)]
INFO --> [REQ_ID=156064ae97df] [PERF] Execution time=0.032707

[1 occurrence(s)]
INFO --> [REQ_ID=237de605388d] [MEMORY][controller-start] 4194304

[1 occurrence(s)]
INFO --> [REQ_ID=237de605388d] [PERF] Execution time=0.017288

[1 occurrence(s)]
INFO --> [REQ_ID=8f05f5c69da7] [PERF] Execution time=0.027366

[1 occurrence(s)]
INFO --> [REQ_ID=b83393b058ac] [MEMORY][controller-start] 4194304

[1 occurrence(s)]
INFO --> [REQ_ID=b83393b058ac] [PERF] Execution time=0.020213

[1 occurrence(s)]
INFO --> [REQ_ID=7478709e1dac] [PERF] Execution time=0.031140

[1 occurrence(s)]
INFO --> [REQ_ID=630d91e13dc0] [MEMORY][controller-start] 4194304

[1 occurrence(s)]
INFO --> [REQ_ID=630d91e13dc0] [PERF] Execution time=0.015576

[1 occurrence(s)]
INFO --> [REQ_ID=b5d233e18e85] [PERF] Execution time=0.025354

[1 occurrence(s)]
INFO --> [REQ_ID=1493ab689fa1] [MEMORY][controller-start] 6291456

[1 occurrence(s)]
INFO --> [REQ_ID=1493ab689fa1] [MEMORY][commonData:start] 6291456

[1 occurrence(s)]
INFO --> [REQ_ID=1493ab689fa1] [MEMORY][commonData:start] 10485760

[1 occurrence(s)]
INFO --> [REQ_ID=1493ab689fa1] [PERF] Execution time=0.711456

[1 occurrence(s)]
INFO --> [REQ_ID=2443fa5d53e1] [PERF] Execution time=0.751721

[1 occurrence(s)]
INFO --> [SPARK_COMPLETE] App\Commands\Ops\Work duration=0.043587

[1 occurrence(s)]
INFO --> [REQ_ID=c9fa6be02d3c] [PERF] Execution time=0.053806

[1 occurrence(s)]
INFO --> [REQ_ID=12c08ebcadba] [MEMORY][controller-start] 4194304

[1 occurrence(s)]
INFO --> [REQ_ID=12c08ebcadba] [PERF] Execution time=0.049485

[1 occurrence(s)]
INFO --> [REQ_ID=45e3c90714e6] [PERF] Execution time=0.063985

[1 occurrence(s)]
INFO --> [SPARK_COMPLETE] App\Commands\Ops\Work duration=0.069129

[1 occurrence(s)]
INFO --> [REQ_ID=a6edcc4ff73e] [PERF] Execution time=0.054601

[1 occurrence(s)]
INFO --> [REQ_ID=7276751803d6] [MEMORY][controller-start] 6291456

[1 occurrence(s)]
INFO --> [REQ_ID=7276751803d6] [MEMORY][commonData:start] 6291456

[1 occurrence(s)]
INFO --> [REQ_ID=7276751803d6] [MEMORY][commonData:start] 10485760

[1 occurrence(s)]
INFO --> [REQ_ID=7276751803d6] [PERF] Execution time=0.612163

[1 occurrence(s)]
INFO --> [REQ_ID=fa5929872332] [PERF] Execution time=0.653128

[1 occurrence(s)]
INFO --> [SPARK_COMPLETE] App\Commands\Ops\Work duration=0.045937

[1 occurrence(s)]
INFO --> [REQ_ID=87a7ca02ce71] [PERF] Execution time=0.052788

[1 occurrence(s)]
INFO --> [REQ_ID=35226de3d71d] [MEMORY][controller-start] 6291456

[1 occurrence(s)]
INFO --> [REQ_ID=35226de3d71d] [MEMORY][commonData:start] 6291456

[1 occurrence(s)]
INFO --> [REQ_ID=35226de3d71d] [MEMORY][commonData:start] 10485760

[1 occurrence(s)]
INFO --> [REQ_ID=35226de3d71d] [PERF] Execution time=0.871355

[1 occurrence(s)]
INFO --> [REQ_ID=621d47c0cb2f] [PERF] Execution time=0.915471

[1 occurrence(s)]
INFO --> [SPARK_COMPLETE] App\Commands\Ops\Work duration=0.028389

[1 occurrence(s)]
INFO --> [REQ_ID=83e4b88cfb3a] [MEMORY][controller-start] 6291456

[1 occurrence(s)]
INFO --> [REQ_ID=83e4b88cfb3a] [MEMORY][commonData:start] 6291456

[1 occurrence(s)]
INFO --> [REQ_ID=83e4b88cfb3a] [MEMORY][commonData:start] 10485760

[1 occurrence(s)]
INFO --> [REQ_ID=83e4b88cfb3a] [PERF] Execution time=0.681712

[1 occurrence(s)]
INFO --> [REQ_ID=92ef38bb765e] [PERF] Execution time=0.724186

[1 occurrence(s)]
INFO --> [SPARK_COMPLETE] App\Commands\Ops\Work duration=0.049856

[1 occurrence(s)]
INFO --> [SPARK_COMPLETE] App\Commands\Ops\Work duration=0.039246

[1 occurrence(s)]
INFO --> [REQ_ID=26f0479f5740] [PERF] Execution time=0.100166


---------------------------
LEVEL: NOTICE
---------------------------

[1 occurrence(s)]
NOTICE --> LOG_HEALTHCHECK probe marker=84b3fd5c648d

[1 occurrence(s)]
NOTICE --> LOG_HEALTHCHECK probe marker=a41175866b4a

[1 occurrence(s)]
NOTICE --> LOG_HEALTHCHECK probe marker=c8b914d6d066

[1 occurrence(s)]
NOTICE --> LOG_HEALTHCHECK probe marker=374d7a794180

[1 occurrence(s)]
NOTICE --> LOG_HEALTHCHECK probe marker=11efd1f241e9

[1 occurrence(s)]
NOTICE --> LOG_HEALTHCHECK probe marker=9e0205ff1f4a

[1 occurrence(s)]
NOTICE --> LOG_HEALTHCHECK probe marker=213b0998c2aa

[1 occurrence(s)]
NOTICE --> LOG_HEALTHCHECK probe marker=b9de5cbe9e27

[1 occurrence(s)]
NOTICE --> LOG_HEALTHCHECK probe marker=c04e58345bd6

[1 occurrence(s)]
NOTICE --> LOG_HEALTHCHECK probe marker=03d7aeb4c44d

[1 occurrence(s)]
NOTICE --> LOG_HEALTHCHECK probe marker=77c6d8e61ce8


---------------------------
LEVEL: WARNING
---------------------------

[11 occurrence(s)]
WARNING --> OllamaPatchRunner:L49 - Original Diff:

[61 occurrence(s)]
WARNING --> MyMIWallets initialized without numeric user context.

[1 occurrence(s)]
WARNING --> [404] URI=https://www.mymiwallet.com/index.php/

[1 occurrence(s)]
WARNING --> 404 route miss: https://www.mymiwallet.com/index.php/ | referrer: http://mymiwallet.com/

[1 occurrence(s)]
WARNING --> [404] URI=https://www.mymiwallet.com/index.php/Investments/Reports

[1 occurrence(s)]
WARNING --> 404 route miss: https://www.mymiwallet.com/index.php/Investments/Reports | referrer: none

[1 occurrence(s)]
WARNING --> [404] URI=https://www.mymiwallet.com/index.php/Premium-Features/Advanced-Charting

[1 occurrence(s)]
WARNING --> 404 route miss: https://www.mymiwallet.com/index.php/Premium-Features/Advanced-Charting | referrer: none

[1 occurrence(s)]
WARNING --> [404] URI=https://www.mymiwallet.com/index.php/Management/API

[1 occurrence(s)]
WARNING --> 404 route miss: https://www.mymiwallet.com/index.php/Management/API | referrer: none

[1 occurrence(s)]
WARNING --> [404] URI=https://www.mymiwallet.com/index.php/Premium-Features/Advanced-Trade-Tracker

[1 occurrence(s)]
WARNING --> 404 route miss: https://www.mymiwallet.com/index.php/Premium-Features/Advanced-Trade-Tracker | referrer: none

[1 occurrence(s)]
WARNING --> [404] URI=https://www.mymiwallet.com/index.php/Features/Advanced-Investment-Portfoio-Manager

[1 occurrence(s)]
WARNING --> 404 route miss: https://www.mymiwallet.com/index.php/Features/Advanced-Investment-Portfoio-Manager | referrer: none

[1 occurrence(s)]
WARNING --> [404] URI=https://www.mymiwallet.com/index.php/Management/Docs

[1 occurrence(s)]
WARNING --> 404 route miss: https://www.mymiwallet.com/index.php/Management/Docs | referrer: none

[1 occurrence(s)]
WARNING --> [404] URI=https://www.mymiwallet.com/index.php/Premium-Features/Due-Diligence-Database

[1 occurrence(s)]
WARNING --> 404 route miss: https://www.mymiwallet.com/index.php/Premium-Features/Due-Diligence-Database | referrer: none

[2 occurrence(s)]
WARNING --> [AUTH_FAILURE]

[2 occurrence(s)]
WARNING --> [AUTH] Login failure

[2 occurrence(s)]
WARNING --> [AUTH] Login failed

[1 occurrence(s)]
WARNING --> [404] URI=https://www.mymiwallet.com/index.php/How-It-Works/alerts

[1 occurrence(s)]
WARNING --> 404 route miss: https://www.mymiwallet.com/index.php/How-It-Works/alerts | referrer: none

[1 occurrence(s)]
WARNING --> [REGISTRATION] Validation failed (password fields)

[1 occurrence(s)]
WARNING --> [ACTIVATION] Activation failed: missing token


---------------------------
LEVEL: ERROR
---------------------------

[1 occurrence(s)]
ERROR --> [ACTIVATION] Activation failed: user not found

[1 occurrence(s)]
ERROR --> Registration failed: {"password":"Validation.strong_password"}

[15 occurrence(s)]
ERROR --> [ERROR_PAGE] event=error_404 status=404 message=Page not found.


---------------------------
LEVEL: CRITICAL
---------------------------

[9 occurrence(s)]
CRITICAL --> CodeIgniter\Exceptions\PageNotFoundException: Page Not Found

[9 occurrence(s)]
CRITICAL --> [EXCEPTION] Page Not Found File=/home/mymiteam/mymiwallet/site/current/vendor/codeigniter4/framework/system/CodeIgniter.php Line=1001


===============================================
   HERE'S THE NEW STUFF
   (Entries logged AFTER 2026-02-28 20:00:03)
===============================================

---------------------------
LEVEL: DEBUG (NEW)
---------------------------

[1 NEW occurrence(s)]
DEBUG --> LOG_HEALTHCHECK debug marker=77c6d8e61ce8

[2 NEW occurrence(s)]
DEBUG --> OllamaPatchRunner:L142 - validateGeneratedPatch Content:

[1 NEW occurrence(s)]
DEBUG --> OllamaPatchRunner:L51 - Retried Diff:

[1 NEW occurrence(s)]
DEBUG --> OllamaPatchRunner:L53 - Validating Generated Patch Failed

[1 NEW occurrence(s)]
DEBUG --> [REQ_ID=72c4cea8f265] [REQUEST][START] GET /index.php/My-Referrals

[52 NEW occurrence(s)]
DEBUG --> Session: Class initialized using 'CodeIgniter\Session\Handlers\FileHandler' driver.

[1 NEW occurrence(s)]
DEBUG --> [REQ_ID=72c4cea8f265] [FILTER_BEFORE] /index.php/My-Referrals

[1 NEW occurrence(s)]
DEBUG --> [REQ_ID=72c4cea8f265] [ROUTE] Controller=\App\Modules\User\Controllers\ReferralController Method=index

[1 NEW occurrence(s)]
DEBUG --> [REQ_ID=72c4cea8f265] [LIFECYCLE][START] GET https://www.mymiwallet.com/index.php/My-Referrals

[1 NEW occurrence(s)]
DEBUG --> [CSRF] token name=csrf_test_name hash=7331d7c953b27add04a120d2bca0d1f7

[1 NEW occurrence(s)]
DEBUG --> [REQ_ID=72c4cea8f265] [REQUEST][END]

[1 NEW occurrence(s)]
DEBUG --> [REQ_ID=b453b7436b6d] [REQUEST][START] GET /index.php/login

[1 NEW occurrence(s)]
DEBUG --> [REQ_ID=b453b7436b6d] [FILTER_BEFORE] /index.php/login

[1 NEW occurrence(s)]
DEBUG --> [REQ_ID=b453b7436b6d] [ROUTE] Controller=\App\Controllers\AuthController Method=login

[1 NEW occurrence(s)]
DEBUG --> [REQ_ID=b453b7436b6d] [LIFECYCLE][START] GET https://www.mymiwallet.com/index.php/login

[1 NEW occurrence(s)]
DEBUG --> [CSRF] token name=csrf_test_name hash=c80e7cd5c88c5c3be19752cdb12ee4da

[1 NEW occurrence(s)]
DEBUG --> [REQ_ID=36b8ef16f61e] [INIT] App\Controllers\AuthController::GET

[1 NEW occurrence(s)]
DEBUG --> [REQ_ID=b453b7436b6d] [FILTER_AFTER]

[1 NEW occurrence(s)]
DEBUG --> [REQ_ID=b453b7436b6d] [LIFECYCLE][END] status=200 duration_ms=116.59 memory_delta=0

[1 NEW occurrence(s)]
DEBUG --> [REQ_ID=b453b7436b6d] [REQUEST][END]

[1 NEW occurrence(s)]
DEBUG --> [REQ_ID=8268ca14eae5] [REQUEST][START] GET /index.php/API/Alerts/fetchEmailAlerts

[1 NEW occurrence(s)]
DEBUG --> [REQ_ID=8268ca14eae5] [FILTER_BEFORE] /index.php/API/Alerts/fetchEmailAlerts

[1 NEW occurrence(s)]
DEBUG --> [REQ_ID=8268ca14eae5] [ROUTE] Controller=\App\Modules\APIs\Controllers\AlertsAPIController Method=fetchEmailAlerts

[1 NEW occurrence(s)]
DEBUG --> [REQ_ID=8268ca14eae5] [LIFECYCLE][START] GET https://www.mymiwallet.com/index.php/API/Alerts/fetchEmailAlerts

[1 NEW occurrence(s)]
DEBUG --> [REQ_ID=8268ca14eae5] [REQUEST][END]

[1 NEW occurrence(s)]
DEBUG --> [REQ_ID=6259f05a0a73] [REQUEST][START] GET /

[1 NEW occurrence(s)]
DEBUG --> [REQ_ID=6259f05a0a73] [FILTER_BEFORE] /

[1 NEW occurrence(s)]
DEBUG --> [REQ_ID=6259f05a0a73] [ROUTE] Controller=\App\Controllers\Home Method=index

[1 NEW occurrence(s)]
DEBUG --> [REQ_ID=6259f05a0a73] [LIFECYCLE][START] GET https://www.mymiwallet.com/index.php/

[1 NEW occurrence(s)]
DEBUG --> [CSRF] token name=csrf_test_name hash=0b79a64d0d59666707a1245f693487ec

[1 NEW occurrence(s)]
DEBUG --> [REQ_ID=d7d278cecc51] [INIT] App\Controllers\Home::GET

[34 NEW occurrence(s)]
DEBUG --> MyMIUser L52 - initialized (first log).

[4 NEW occurrence(s)]
DEBUG --> [MetaService] slug= pageName= cacheHit= path=FALLBACK

[1 NEW occurrence(s)]
DEBUG --> [REQ_ID=d7d278cecc51] [VIEW_RENDER] themes/public/home

[2 NEW occurrence(s)]
DEBUG --> [MetaService] slug= pageName=Home cacheHit= path=DB

[1 NEW occurrence(s)]
DEBUG --> [REQ_ID=6259f05a0a73] [FILTER_AFTER]

[1 NEW occurrence(s)]
DEBUG --> [REQ_ID=6259f05a0a73] [LIFECYCLE][END] status=200 duration_ms=682.47 memory_delta=4194304

[1 NEW occurrence(s)]
DEBUG --> [REQ_ID=6259f05a0a73] [REQUEST][END]

[1 NEW occurrence(s)]
DEBUG --> [REQ_ID=dc87cd2a7757] [REQUEST][START] GET /index.php/How-It-Works/Investor-Profile

[1 NEW occurrence(s)]
DEBUG --> [REQ_ID=dc87cd2a7757] [FILTER_BEFORE] /index.php/How-It-Works/Investor-Profile

[1 NEW occurrence(s)]
DEBUG --> [REQ_ID=dc87cd2a7757] [ROUTE] Controller=\App\Modules\Blog\Controllers\HowItWorksController Method=show

[1 NEW occurrence(s)]
DEBUG --> [REQ_ID=dc87cd2a7757] [LIFECYCLE][START] GET https://www.mymiwallet.com/index.php/How-It-Works/Investor-Profile

[1 NEW occurrence(s)]
DEBUG --> [CSRF] token name=csrf_test_name hash=0e2765355d34139794161b7dffaa1396

[1 NEW occurrence(s)]
DEBUG --> [REQ_ID=8b4469d84c52] [INIT] App\Modules\Blog\Controllers\HowItWorksController::GET

[1 NEW occurrence(s)]
DEBUG --> [REQ_ID=8b4469d84c52] [METHOD_ENTRY] show

[23 NEW occurrence(s)]
DEBUG --> [SERVICE] App\Services\BudgetService ::setUserId

[69 NEW occurrence(s)]
DEBUG --> MyMICoin: guest context detected; skipping user-specific preload.

[1 NEW occurrence(s)]
DEBUG --> [REQ_ID=dc87cd2a7757] [FILTER_AFTER]

[1 NEW occurrence(s)]
DEBUG --> [REQ_ID=dc87cd2a7757] [LIFECYCLE][END] status=404 duration_ms=167.76 memory_delta=0

[1 NEW occurrence(s)]
DEBUG --> [REQ_ID=dc87cd2a7757] [REQUEST][END]

[1 NEW occurrence(s)]
DEBUG --> [REQ_ID=a393505599c6] [REQUEST][START] GET /

[1 NEW occurrence(s)]
DEBUG --> [REQ_ID=a393505599c6] [FILTER_BEFORE] /

[1 NEW occurrence(s)]
DEBUG --> [REQ_ID=a393505599c6] [ROUTE] Controller=\App\Controllers\Home Method=index

[1 NEW occurrence(s)]
DEBUG --> [REQ_ID=a393505599c6] [LIFECYCLE][START] GET https://www.mymiwallet.com/index.php/

[1 NEW occurrence(s)]
DEBUG --> [CSRF] token name=csrf_test_name hash=1b85d74abc601531c0f93002d2f09b64

[1 NEW occurrence(s)]
DEBUG --> [REQ_ID=99d430786683] [INIT] App\Controllers\Home::GET

[1 NEW occurrence(s)]
DEBUG --> [REQ_ID=99d430786683] [VIEW_RENDER] themes/public/home

[9 NEW occurrence(s)]
DEBUG --> [MetaService] slug= pageName=Home cacheHit=1 path=CACHE

[1 NEW occurrence(s)]
DEBUG --> [REQ_ID=a393505599c6] [FILTER_AFTER]

[1 NEW occurrence(s)]
DEBUG --> [REQ_ID=a393505599c6] [LIFECYCLE][END] status=200 duration_ms=763.33 memory_delta=4194304

[1 NEW occurrence(s)]
DEBUG --> [REQ_ID=a393505599c6] [REQUEST][END]

[1 NEW occurrence(s)]
DEBUG --> [REQ_ID=239c59d84be1] [REQUEST][START] GET /index.php

[1 NEW occurrence(s)]
DEBUG --> [REQ_ID=239c59d84be1] [FILTER_BEFORE] /index.php

[1 NEW occurrence(s)]
DEBUG --> [REQ_ID=239c59d84be1] [ROUTE] Controller=\App\Controllers\Home Method=index

[1 NEW occurrence(s)]
DEBUG --> [REQ_ID=239c59d84be1] [LIFECYCLE][START] GET https://www.mymiwallet.com/index.php/

[1 NEW occurrence(s)]
DEBUG --> [CSRF] token name=csrf_test_name hash=a9708fe2753acaeaf99fe06adac67868

[1 NEW occurrence(s)]
DEBUG --> [REQ_ID=ec36a2b803b6] [INIT] App\Controllers\Home::GET

[7 NEW occurrence(s)]
DEBUG --> [MetaService] slug= pageName= cacheHit=1 path=CACHE

[1 NEW occurrence(s)]
DEBUG --> [REQ_ID=ec36a2b803b6] [VIEW_RENDER] themes/public/home

[1 NEW occurrence(s)]
DEBUG --> [REQ_ID=239c59d84be1] [FILTER_AFTER]

[1 NEW occurrence(s)]
DEBUG --> [REQ_ID=239c59d84be1] [LIFECYCLE][END] status=200 duration_ms=576.97 memory_delta=2097152

[1 NEW occurrence(s)]
DEBUG --> [REQ_ID=239c59d84be1] [REQUEST][END]

[1 NEW occurrence(s)]
DEBUG --> [REQ_ID=81691ed7413e] [REQUEST][START] GET /index.php

[1 NEW occurrence(s)]
DEBUG --> [REQ_ID=81691ed7413e] [FILTER_BEFORE] /index.php

[1 NEW occurrence(s)]
DEBUG --> [REQ_ID=81691ed7413e] [ROUTE] Controller=\App\Controllers\Home Method=index

[1 NEW occurrence(s)]
DEBUG --> [REQ_ID=81691ed7413e] [LIFECYCLE][START] GET https://www.mymiwallet.com/index.php/

[1 NEW occurrence(s)]
DEBUG --> [CSRF] token name=csrf_test_name hash=93b167097d6bf2408acafd1043cf7d19

[1 NEW occurrence(s)]
DEBUG --> [REQ_ID=a3bcc957ce3d] [INIT] App\Controllers\Home::GET

[1 NEW occurrence(s)]
DEBUG --> [REQ_ID=a3bcc957ce3d] [VIEW_RENDER] themes/public/home

[1 NEW occurrence(s)]
DEBUG --> [REQ_ID=81691ed7413e] [FILTER_AFTER]

[1 NEW occurrence(s)]
DEBUG --> [REQ_ID=81691ed7413e] [LIFECYCLE][END] status=200 duration_ms=448.53 memory_delta=2097152

[1 NEW occurrence(s)]
DEBUG --> [REQ_ID=81691ed7413e] [REQUEST][END]

[1 NEW occurrence(s)]
DEBUG --> [REQ_ID=2a2cd6823e22] [REQUEST][START] GET /index.php/How-It-Works

[1 NEW occurrence(s)]
DEBUG --> [REQ_ID=2a2cd6823e22] [FILTER_BEFORE] /index.php/How-It-Works

[1 NEW occurrence(s)]
DEBUG --> [REQ_ID=2a2cd6823e22] [ROUTE] Controller=\App\Modules\Blog\Controllers\HowItWorksController Method=index

[1 NEW occurrence(s)]
DEBUG --> [REQ_ID=2a2cd6823e22] [LIFECYCLE][START] GET https://www.mymiwallet.com/index.php/How-It-Works

[1 NEW occurrence(s)]
DEBUG --> [CSRF] token name=csrf_test_name hash=38822f323474a0284a80d91ca12d39df

[1 NEW occurrence(s)]
DEBUG --> [REQ_ID=5b06a43f1615] [INIT] App\Modules\Blog\Controllers\HowItWorksController::GET

[1 NEW occurrence(s)]
DEBUG --> [REQ_ID=5b06a43f1615] [METHOD_ENTRY] index

[1 NEW occurrence(s)]
DEBUG --> [REQ_ID=5b06a43f1615] [VIEW_RENDER] App\Modules\Blog\Views\HowItWorks\index

[1 NEW occurrence(s)]
DEBUG --> [MetaService] slug=how-it-works pageName= cacheHit= path=DB

[3 NEW occurrence(s)]
DEBUG --> [MetaService] slug=how-it-works pageName= cacheHit=1 path=CACHE

[1 NEW occurrence(s)]
DEBUG --> [REQ_ID=2a2cd6823e22] [FILTER_AFTER]

[1 NEW occurrence(s)]
DEBUG --> [REQ_ID=2a2cd6823e22] [LIFECYCLE][END] status=200 duration_ms=560.97 memory_delta=2097152

[1 NEW occurrence(s)]
DEBUG --> [REQ_ID=2a2cd6823e22] [REQUEST][END]

[1 NEW occurrence(s)]
DEBUG --> [REQ_ID=c934b13b18ee] [REQUEST][START] GET /index.php/Blog

[1 NEW occurrence(s)]
DEBUG --> [REQ_ID=c934b13b18ee] [FILTER_BEFORE] /index.php/Blog

[1 NEW occurrence(s)]
DEBUG --> [REQ_ID=c934b13b18ee] [ROUTE] Controller=\App\Modules\Blog\Controllers\BlogController Method=index

[1 NEW occurrence(s)]
DEBUG --> [REQ_ID=c934b13b18ee] [LIFECYCLE][START] GET https://www.mymiwallet.com/index.php/Blog

[1 NEW occurrence(s)]
DEBUG --> [CSRF] token name=csrf_test_name hash=c5c50a226daf9782034168221a739d18

[1 NEW occurrence(s)]
DEBUG --> [REQ_ID=9f494ec67cac] [INIT] App\Modules\Blog\Controllers\BlogController::GET

[1 NEW occurrence(s)]
DEBUG --> [REQ_ID=9f494ec67cac] [METHOD_ENTRY] index

[1 NEW occurrence(s)]
DEBUG --> [REQ_ID=ca4ae45e2e7c] [REQUEST][START] GET /index.php/Blog

[1 NEW occurrence(s)]
DEBUG --> [REQ_ID=ca4ae45e2e7c] [FILTER_BEFORE] /index.php/Blog

[1 NEW occurrence(s)]
DEBUG --> [REQ_ID=ca4ae45e2e7c] [ROUTE] Controller=\App\Modules\Blog\Controllers\BlogController Method=index

[1 NEW occurrence(s)]
DEBUG --> [REQ_ID=ca4ae45e2e7c] [LIFECYCLE][START] GET https://www.mymiwallet.com/index.php/Blog

[1 NEW occurrence(s)]
DEBUG --> [CSRF] token name=csrf_test_name hash=83835a61b3228df152313569b4394e5e

[1 NEW occurrence(s)]
DEBUG --> [REQ_ID=06bcea43197f] [INIT] App\Modules\Blog\Controllers\BlogController::GET

[1 NEW occurrence(s)]
DEBUG --> [REQ_ID=06bcea43197f] [METHOD_ENTRY] index

[1 NEW occurrence(s)]
DEBUG --> [REQ_ID=4dfdd0be2d93] [REQUEST][START] GET /index.php/Blog

[1 NEW occurrence(s)]
DEBUG --> [REQ_ID=4dfdd0be2d93] [FILTER_BEFORE] /index.php/Blog

[1 NEW occurrence(s)]
DEBUG --> [REQ_ID=4dfdd0be2d93] [ROUTE] Controller=\App\Modules\Blog\Controllers\BlogController Method=index

[1 NEW occurrence(s)]
DEBUG --> [REQ_ID=4dfdd0be2d93] [LIFECYCLE][START] GET https://www.mymiwallet.com/index.php/Blog

[1 NEW occurrence(s)]
DEBUG --> [CSRF] token name=csrf_test_name hash=6b7980205126371646fec4afed8d9e7c

[1 NEW occurrence(s)]
DEBUG --> [REQ_ID=ed7c7b18752c] [INIT] App\Modules\Blog\Controllers\BlogController::GET

[1 NEW occurrence(s)]
DEBUG --> [REQ_ID=ed7c7b18752c] [METHOD_ENTRY] index

[1 NEW occurrence(s)]
DEBUG --> [REQ_ID=4b6c8176c0f3] [REQUEST][START] GET /index.php/Knowledgebase

[1 NEW occurrence(s)]
DEBUG --> [REQ_ID=4b6c8176c0f3] [FILTER_BEFORE] /index.php/Knowledgebase

[1 NEW occurrence(s)]
DEBUG --> [REQ_ID=4b6c8176c0f3] [ROUTE] Controller=\App\Modules\User\Controllers\KnowledgebaseController Method=index

[1 NEW occurrence(s)]
DEBUG --> [REQ_ID=4b6c8176c0f3] [LIFECYCLE][START] GET https://www.mymiwallet.com/index.php/Knowledgebase

[1 NEW occurrence(s)]
DEBUG --> [CSRF] token name=csrf_test_name hash=87bcce296dabcb9cae72272d684f39b6

[1 NEW occurrence(s)]
DEBUG --> [REQ_ID=4b6c8176c0f3] [REQUEST][END]

[1 NEW occurrence(s)]
DEBUG --> [REQ_ID=ece49351c2ac] [REQUEST][START] GET /index.php/login

[1 NEW occurrence(s)]
DEBUG --> [REQ_ID=ece49351c2ac] [FILTER_BEFORE] /index.php/login

[1 NEW occurrence(s)]
DEBUG --> [REQ_ID=ece49351c2ac] [ROUTE] Controller=\App\Controllers\AuthController Method=login

[1 NEW occurrence(s)]
DEBUG --> [REQ_ID=ece49351c2ac] [LIFECYCLE][START] GET https://www.mymiwallet.com/index.php/login

[1 NEW occurrence(s)]
DEBUG --> [CSRF] token name=csrf_test_name hash=c4bffed7b69bd4d4148a8aee1707a388

[1 NEW occurrence(s)]
DEBUG --> [REQ_ID=ef8ef33ce762] [INIT] App\Controllers\AuthController::GET

[1 NEW occurrence(s)]
DEBUG --> [REQ_ID=ece49351c2ac] [FILTER_AFTER]

[1 NEW occurrence(s)]
DEBUG --> [REQ_ID=ece49351c2ac] [LIFECYCLE][END] status=200 duration_ms=47.33 memory_delta=0

[1 NEW occurrence(s)]
DEBUG --> [REQ_ID=ece49351c2ac] [REQUEST][END]

[1 NEW occurrence(s)]
DEBUG --> [REQ_ID=317d57995a86] [REQUEST][START] GET /index.php/login

[1 NEW occurrence(s)]
DEBUG --> [REQ_ID=317d57995a86] [FILTER_BEFORE] /index.php/login

[1 NEW occurrence(s)]
DEBUG --> [REQ_ID=317d57995a86] [ROUTE] Controller=\App\Controllers\AuthController Method=login

[1 NEW occurrence(s)]
DEBUG --> [REQ_ID=317d57995a86] [LIFECYCLE][START] GET https://www.mymiwallet.com/index.php/login

[1 NEW occurrence(s)]
DEBUG --> [CSRF] token name=csrf_test_name hash=d72042dc01a21e5430a5e061b898a713

[1 NEW occurrence(s)]
DEBUG --> [REQ_ID=efe8f85af408] [INIT] App\Controllers\AuthController::GET

[1 NEW occurrence(s)]
DEBUG --> [REQ_ID=317d57995a86] [FILTER_AFTER]

[1 NEW occurrence(s)]
DEBUG --> [REQ_ID=317d57995a86] [LIFECYCLE][END] status=200 duration_ms=15.43 memory_delta=0

[1 NEW occurrence(s)]
DEBUG --> [REQ_ID=317d57995a86] [REQUEST][END]

[1 NEW occurrence(s)]
DEBUG --> [REQ_ID=05ecad4b2b44] [REQUEST][START] GET /index.php/Free/register

[1 NEW occurrence(s)]
DEBUG --> [REQ_ID=05ecad4b2b44] [FILTER_BEFORE] /index.php/Free/register

[1 NEW occurrence(s)]
DEBUG --> [REQ_ID=05ecad4b2b44] [ROUTE] Controller=\App\Controllers\AuthController Method=register

[1 NEW occurrence(s)]
DEBUG --> [REQ_ID=05ecad4b2b44] [LIFECYCLE][START] GET https://www.mymiwallet.com/index.php/Free/register

[1 NEW occurrence(s)]
DEBUG --> [CSRF] token name=csrf_test_name hash=2d651f858fb6d556a7cb36c6d7a08e8e

[1 NEW occurrence(s)]
DEBUG --> [REQ_ID=05ecad4b2b44] [REQUEST][END]

[1 NEW occurrence(s)]
DEBUG --> [REQ_ID=2c3fecb4808a] [REQUEST][START] GET /index.php/login

[1 NEW occurrence(s)]
DEBUG --> [REQ_ID=2c3fecb4808a] [FILTER_BEFORE] /index.php/login

[1 NEW occurrence(s)]
DEBUG --> [REQ_ID=2c3fecb4808a] [ROUTE] Controller=\App\Controllers\AuthController Method=login

[1 NEW occurrence(s)]
DEBUG --> [REQ_ID=2c3fecb4808a] [LIFECYCLE][START] GET https://www.mymiwallet.com/index.php/login

[1 NEW occurrence(s)]
DEBUG --> [CSRF] token name=csrf_test_name hash=f6e4d7dc0d723d9d44051c39a6e273d9

[1 NEW occurrence(s)]
DEBUG --> [REQ_ID=03ac901b4566] [INIT] App\Controllers\AuthController::GET

[1 NEW occurrence(s)]
DEBUG --> [REQ_ID=2c3fecb4808a] [FILTER_AFTER]

[1 NEW occurrence(s)]
DEBUG --> [REQ_ID=2c3fecb4808a] [LIFECYCLE][END] status=200 duration_ms=21.10 memory_delta=0

[1 NEW occurrence(s)]
DEBUG --> [REQ_ID=2c3fecb4808a] [REQUEST][END]

[1 NEW occurrence(s)]
DEBUG --> [REQ_ID=849eb696737c] [REQUEST][START] GET /index.php/Legal/Terms-And-Conditions

[1 NEW occurrence(s)]
DEBUG --> [REQ_ID=849eb696737c] [FILTER_BEFORE] /index.php/Legal/Terms-And-Conditions

[1 NEW occurrence(s)]
DEBUG --> [REQ_ID=849eb696737c] [ROUTE] Controller=\App\Controllers\Home Method=terms

[1 NEW occurrence(s)]
DEBUG --> [REQ_ID=849eb696737c] [LIFECYCLE][START] GET https://www.mymiwallet.com/index.php/Legal/Terms-And-Conditions

[1 NEW occurrence(s)]
DEBUG --> [CSRF] token name=csrf_test_name hash=7caf40659a2d47a60408eef5798d3d0f

[1 NEW occurrence(s)]
DEBUG --> [REQ_ID=849eb696737c] [REQUEST][END]

[1 NEW occurrence(s)]
DEBUG --> [REQ_ID=ac5112f897cb] [REQUEST][START] GET /index.php/login

[1 NEW occurrence(s)]
DEBUG --> [REQ_ID=ac5112f897cb] [FILTER_BEFORE] /index.php/login

[1 NEW occurrence(s)]
DEBUG --> [REQ_ID=ac5112f897cb] [ROUTE] Controller=\App\Controllers\AuthController Method=login

[1 NEW occurrence(s)]
DEBUG --> [REQ_ID=ac5112f897cb] [LIFECYCLE][START] GET https://www.mymiwallet.com/index.php/login

[1 NEW occurrence(s)]
DEBUG --> [CSRF] token name=csrf_test_name hash=b312957df98b44ffe852c7dd40557399

[1 NEW occurrence(s)]
DEBUG --> [REQ_ID=b5453b5b18c5] [INIT] App\Controllers\AuthController::GET

[1 NEW occurrence(s)]
DEBUG --> [REQ_ID=ac5112f897cb] [FILTER_AFTER]

[1 NEW occurrence(s)]
DEBUG --> [REQ_ID=ac5112f897cb] [LIFECYCLE][END] status=200 duration_ms=39.06 memory_delta=0

[1 NEW occurrence(s)]
DEBUG --> [REQ_ID=ac5112f897cb] [REQUEST][END]

[1 NEW occurrence(s)]
DEBUG --> [REQ_ID=cc724fdc986d] [REQUEST][START] GET /index.php/Legal/Privacy-Policy

[1 NEW occurrence(s)]
DEBUG --> [REQ_ID=cc724fdc986d] [FILTER_BEFORE] /index.php/Legal/Privacy-Policy

[1 NEW occurrence(s)]
DEBUG --> [REQ_ID=cc724fdc986d] [ROUTE] Controller=\App\Controllers\Home Method=privacyPolicy

[1 NEW occurrence(s)]
DEBUG --> [REQ_ID=cc724fdc986d] [LIFECYCLE][START] GET https://www.mymiwallet.com/index.php/Legal/Privacy-Policy

[1 NEW occurrence(s)]
DEBUG --> [CSRF] token name=csrf_test_name hash=c2c52d6886253b60a9b995475f74adbb

[1 NEW occurrence(s)]
DEBUG --> [REQ_ID=cc724fdc986d] [REQUEST][END]

[1 NEW occurrence(s)]
DEBUG --> [REQ_ID=21854d56aa20] [REQUEST][START] GET /index.php/login

[1 NEW occurrence(s)]
DEBUG --> [REQ_ID=21854d56aa20] [FILTER_BEFORE] /index.php/login

[1 NEW occurrence(s)]
DEBUG --> [REQ_ID=21854d56aa20] [ROUTE] Controller=\App\Controllers\AuthController Method=login

[1 NEW occurrence(s)]
DEBUG --> [REQ_ID=21854d56aa20] [LIFECYCLE][START] GET https://www.mymiwallet.com/index.php/login

[1 NEW occurrence(s)]
DEBUG --> [CSRF] token name=csrf_test_name hash=10dfe5adb7cb88de9b06b775274b0060

[1 NEW occurrence(s)]
DEBUG --> [REQ_ID=9cbdb607db57] [INIT] App\Controllers\AuthController::GET

[1 NEW occurrence(s)]
DEBUG --> [REQ_ID=21854d56aa20] [FILTER_AFTER]

[1 NEW occurrence(s)]
DEBUG --> [REQ_ID=21854d56aa20] [LIFECYCLE][END] status=200 duration_ms=33.63 memory_delta=0

[1 NEW occurrence(s)]
DEBUG --> [REQ_ID=21854d56aa20] [REQUEST][END]

[1 NEW occurrence(s)]
DEBUG --> [REQ_ID=3b3e68a29a8e] [REQUEST][START] GET /index.php/How-It-Works/Personal-Budgeting

[1 NEW occurrence(s)]
DEBUG --> [REQ_ID=3b3e68a29a8e] [FILTER_BEFORE] /index.php/How-It-Works/Personal-Budgeting

[1 NEW occurrence(s)]
DEBUG --> [REQ_ID=3b3e68a29a8e] [ROUTE] Controller=\App\Modules\Blog\Controllers\HowItWorksController Method=show

[1 NEW occurrence(s)]
DEBUG --> [REQ_ID=3b3e68a29a8e] [LIFECYCLE][START] GET https://www.mymiwallet.com/index.php/How-It-Works/Personal-Budgeting

[1 NEW occurrence(s)]
DEBUG --> [CSRF] token name=csrf_test_name hash=d6dd0ad6d79c504f7741c30ae22bbaf3

[1 NEW occurrence(s)]
DEBUG --> [REQ_ID=c7ce05d69683] [INIT] App\Modules\Blog\Controllers\HowItWorksController::GET

[1 NEW occurrence(s)]
DEBUG --> [REQ_ID=c7ce05d69683] [METHOD_ENTRY] show

[1 NEW occurrence(s)]
DEBUG --> [REQ_ID=c7ce05d69683] [VIEW_RENDER] App\Modules\Blog\Views\HowItWorks\Personal_Budgeting

[1 NEW occurrence(s)]
DEBUG --> [REQ_ID=3b3e68a29a8e] [FILTER_AFTER]

[1 NEW occurrence(s)]
DEBUG --> [REQ_ID=3b3e68a29a8e] [LIFECYCLE][END] status=200 duration_ms=1,072.76 memory_delta=6291456

[1 NEW occurrence(s)]
DEBUG --> [REQ_ID=3b3e68a29a8e] [REQUEST][END]

[1 NEW occurrence(s)]
DEBUG --> [REQ_ID=3244d2455473] [REQUEST][START] GET /index.php/How-It-Works/Investment-Portfolio-Management

[1 NEW occurrence(s)]
DEBUG --> [REQ_ID=3244d2455473] [FILTER_BEFORE] /index.php/How-It-Works/Investment-Portfolio-Management

[1 NEW occurrence(s)]
DEBUG --> [REQ_ID=3244d2455473] [ROUTE] Controller=\App\Modules\Blog\Controllers\HowItWorksController Method=show

[1 NEW occurrence(s)]
DEBUG --> [REQ_ID=3244d2455473] [LIFECYCLE][START] GET https://www.mymiwallet.com/index.php/How-It-Works/Investment-Portfolio-Management

[1 NEW occurrence(s)]
DEBUG --> [CSRF] token name=csrf_test_name hash=347cab9f7ac1e49cd9c7bc2e68f93afc

[1 NEW occurrence(s)]
DEBUG --> [REQ_ID=8fab2af417de] [INIT] App\Modules\Blog\Controllers\HowItWorksController::GET

[1 NEW occurrence(s)]
DEBUG --> [REQ_ID=8fab2af417de] [METHOD_ENTRY] show

[1 NEW occurrence(s)]
DEBUG --> [REQ_ID=3244d2455473] [FILTER_AFTER]

[1 NEW occurrence(s)]
DEBUG --> [REQ_ID=3244d2455473] [LIFECYCLE][END] status=404 duration_ms=18.78 memory_delta=0

[1 NEW occurrence(s)]
DEBUG --> [REQ_ID=3244d2455473] [REQUEST][END]

[1 NEW occurrence(s)]
DEBUG --> [REQ_ID=95c055d03de5] [REQUEST][START] GET /index.php/How-It-Works/Investment-Portfolio-Management

[1 NEW occurrence(s)]
DEBUG --> [REQ_ID=95c055d03de5] [FILTER_BEFORE] /index.php/How-It-Works/Investment-Portfolio-Management

[1 NEW occurrence(s)]
DEBUG --> [REQ_ID=95c055d03de5] [ROUTE] Controller=\App\Modules\Blog\Controllers\HowItWorksController Method=show

[1 NEW occurrence(s)]
DEBUG --> [REQ_ID=95c055d03de5] [LIFECYCLE][START] GET https://www.mymiwallet.com/index.php/How-It-Works/Investment-Portfolio-Management

[1 NEW occurrence(s)]
DEBUG --> [CSRF] token name=csrf_test_name hash=dcbaecd8b91d43c24063e32dca2b0648

[1 NEW occurrence(s)]
DEBUG --> [REQ_ID=bc4919d6146e] [INIT] App\Modules\Blog\Controllers\HowItWorksController::GET

[1 NEW occurrence(s)]
DEBUG --> [REQ_ID=bc4919d6146e] [METHOD_ENTRY] show

[1 NEW occurrence(s)]
DEBUG --> [REQ_ID=95c055d03de5] [FILTER_AFTER]

[1 NEW occurrence(s)]
DEBUG --> [REQ_ID=95c055d03de5] [LIFECYCLE][END] status=404 duration_ms=19.44 memory_delta=0

[1 NEW occurrence(s)]
DEBUG --> [REQ_ID=95c055d03de5] [REQUEST][END]

[1 NEW occurrence(s)]
DEBUG --> [REQ_ID=4e71bc4b27bc] [REQUEST][START] GET /index.php/How-It-Works/Investment-Portfolio-Management

[1 NEW occurrence(s)]
DEBUG --> [REQ_ID=4e71bc4b27bc] [FILTER_BEFORE] /index.php/How-It-Works/Investment-Portfolio-Management

[1 NEW occurrence(s)]
DEBUG --> [REQ_ID=4e71bc4b27bc] [ROUTE] Controller=\App\Modules\Blog\Controllers\HowItWorksController Method=show

[1 NEW occurrence(s)]
DEBUG --> [REQ_ID=4e71bc4b27bc] [LIFECYCLE][START] GET https://www.mymiwallet.com/index.php/How-It-Works/Investment-Portfolio-Management

[1 NEW occurrence(s)]
DEBUG --> [CSRF] token name=csrf_test_name hash=7bd065a73b9a6ed57a25c4d0fc459bd7

[1 NEW occurrence(s)]
DEBUG --> [REQ_ID=f42dae467076] [INIT] App\Modules\Blog\Controllers\HowItWorksController::GET

[1 NEW occurrence(s)]
DEBUG --> [REQ_ID=f42dae467076] [METHOD_ENTRY] show

[1 NEW occurrence(s)]
DEBUG --> [REQ_ID=4e71bc4b27bc] [FILTER_AFTER]

[1 NEW occurrence(s)]
DEBUG --> [REQ_ID=4e71bc4b27bc] [LIFECYCLE][END] status=404 duration_ms=22.92 memory_delta=0

[1 NEW occurrence(s)]
DEBUG --> [REQ_ID=4e71bc4b27bc] [REQUEST][END]

[1 NEW occurrence(s)]
DEBUG --> [REQ_ID=15598fd42c45] [REQUEST][START] GET /index.php/How-It-Works/Daily-Financial-News

[1 NEW occurrence(s)]
DEBUG --> [REQ_ID=15598fd42c45] [FILTER_BEFORE] /index.php/How-It-Works/Daily-Financial-News

[1 NEW occurrence(s)]
DEBUG --> [REQ_ID=15598fd42c45] [ROUTE] Controller=\App\Modules\Blog\Controllers\HowItWorksController Method=show

[1 NEW occurrence(s)]
DEBUG --> [REQ_ID=15598fd42c45] [LIFECYCLE][START] GET https://www.mymiwallet.com/index.php/How-It-Works/Daily-Financial-News

[1 NEW occurrence(s)]
DEBUG --> [CSRF] token name=csrf_test_name hash=cab1ea084de4e1fbe37af73c115a6dea

[1 NEW occurrence(s)]
DEBUG --> [REQ_ID=7633c283535e] [INIT] App\Modules\Blog\Controllers\HowItWorksController::GET

[1 NEW occurrence(s)]
DEBUG --> [REQ_ID=7633c283535e] [METHOD_ENTRY] show

[1 NEW occurrence(s)]
DEBUG --> [REQ_ID=15598fd42c45] [FILTER_AFTER]

[1 NEW occurrence(s)]
DEBUG --> [REQ_ID=15598fd42c45] [LIFECYCLE][END] status=404 duration_ms=18.43 memory_delta=0

[1 NEW occurrence(s)]
DEBUG --> [REQ_ID=15598fd42c45] [REQUEST][END]

[1 NEW occurrence(s)]
DEBUG --> [REQ_ID=a614ed0a19e5] [REQUEST][START] GET /index.php/How-It-Works/Daily-Financial-News

[1 NEW occurrence(s)]
DEBUG --> [REQ_ID=a614ed0a19e5] [FILTER_BEFORE] /index.php/How-It-Works/Daily-Financial-News

[1 NEW occurrence(s)]
DEBUG --> [REQ_ID=a614ed0a19e5] [ROUTE] Controller=\App\Modules\Blog\Controllers\HowItWorksController Method=show

[1 NEW occurrence(s)]
DEBUG --> [REQ_ID=a614ed0a19e5] [LIFECYCLE][START] GET https://www.mymiwallet.com/index.php/How-It-Works/Daily-Financial-News

[1 NEW occurrence(s)]
DEBUG --> [CSRF] token name=csrf_test_name hash=fa25527dbda1de98d68a5346f8e77d0f

[1 NEW occurrence(s)]
DEBUG --> [REQ_ID=bd35feef33fd] [INIT] App\Modules\Blog\Controllers\HowItWorksController::GET

[1 NEW occurrence(s)]
DEBUG --> [REQ_ID=bd35feef33fd] [METHOD_ENTRY] show

[1 NEW occurrence(s)]
DEBUG --> [REQ_ID=a614ed0a19e5] [FILTER_AFTER]

[1 NEW occurrence(s)]
DEBUG --> [REQ_ID=a614ed0a19e5] [LIFECYCLE][END] status=404 duration_ms=51.67 memory_delta=0

[1 NEW occurrence(s)]
DEBUG --> [REQ_ID=a614ed0a19e5] [REQUEST][END]

[1 NEW occurrence(s)]
DEBUG --> [REQ_ID=0f26a75bef27] [REQUEST][START] GET /index.php/How-It-Works/Daily-Financial-News

[1 NEW occurrence(s)]
DEBUG --> [REQ_ID=0f26a75bef27] [FILTER_BEFORE] /index.php/How-It-Works/Daily-Financial-News

[1 NEW occurrence(s)]
DEBUG --> [REQ_ID=0f26a75bef27] [ROUTE] Controller=\App\Modules\Blog\Controllers\HowItWorksController Method=show

[1 NEW occurrence(s)]
DEBUG --> [REQ_ID=0f26a75bef27] [LIFECYCLE][START] GET https://www.mymiwallet.com/index.php/How-It-Works/Daily-Financial-News

[1 NEW occurrence(s)]
DEBUG --> [CSRF] token name=csrf_test_name hash=9ba4bb5881547ba37da9e2d8c1834c38

[1 NEW occurrence(s)]
DEBUG --> [REQ_ID=f20d3bb0b0cf] [INIT] App\Modules\Blog\Controllers\HowItWorksController::GET

[1 NEW occurrence(s)]
DEBUG --> [REQ_ID=f20d3bb0b0cf] [METHOD_ENTRY] show

[1 NEW occurrence(s)]
DEBUG --> [REQ_ID=0f26a75bef27] [FILTER_AFTER]

[1 NEW occurrence(s)]
DEBUG --> [REQ_ID=0f26a75bef27] [LIFECYCLE][END] status=404 duration_ms=27.76 memory_delta=0

[1 NEW occurrence(s)]
DEBUG --> [REQ_ID=0f26a75bef27] [REQUEST][END]

[1 NEW occurrence(s)]
DEBUG --> [REQ_ID=82784ed674dc] [REQUEST][START] GET /index.php

[1 NEW occurrence(s)]
DEBUG --> [REQ_ID=82784ed674dc] [FILTER_BEFORE] /index.php

[1 NEW occurrence(s)]
DEBUG --> [REQ_ID=82784ed674dc] [ROUTE] Controller=\App\Controllers\Home Method=index

[1 NEW occurrence(s)]
DEBUG --> [REQ_ID=82784ed674dc] [LIFECYCLE][START] GET https://www.mymiwallet.com/index.php/

[1 NEW occurrence(s)]
DEBUG --> [CSRF] token name=csrf_test_name hash=d693719e9b07e263a471e49672374a2b

[1 NEW occurrence(s)]
DEBUG --> [REQ_ID=b41b1f8f480d] [INIT] App\Controllers\Home::GET

[1 NEW occurrence(s)]
DEBUG --> [REQ_ID=b41b1f8f480d] [VIEW_RENDER] themes/public/home

[1 NEW occurrence(s)]
DEBUG --> [REQ_ID=82784ed674dc] [FILTER_AFTER]

[1 NEW occurrence(s)]
DEBUG --> [REQ_ID=82784ed674dc] [LIFECYCLE][END] status=200 duration_ms=515.81 memory_delta=4194304

[1 NEW occurrence(s)]
DEBUG --> [REQ_ID=82784ed674dc] [REQUEST][END]

[1 NEW occurrence(s)]
DEBUG --> [REQ_ID=85c1d036e39b] [REQUEST][START] GET /index.php

[1 NEW occurrence(s)]
DEBUG --> [REQ_ID=85c1d036e39b] [FILTER_BEFORE] /index.php

[1 NEW occurrence(s)]
DEBUG --> [REQ_ID=85c1d036e39b] [ROUTE] Controller=\App\Controllers\Home Method=index

[1 NEW occurrence(s)]
DEBUG --> [REQ_ID=85c1d036e39b] [LIFECYCLE][START] GET https://www.mymiwallet.com/index.php/

[1 NEW occurrence(s)]
DEBUG --> [CSRF] token name=csrf_test_name hash=c4b7baf65d0f7fdc832564586677aece

[1 NEW occurrence(s)]
DEBUG --> [REQ_ID=1c3bf041e8bc] [INIT] App\Controllers\Home::GET

[1 NEW occurrence(s)]
DEBUG --> [REQ_ID=1c3bf041e8bc] [VIEW_RENDER] themes/public/home

[1 NEW occurrence(s)]
DEBUG --> [REQ_ID=85c1d036e39b] [FILTER_AFTER]

[1 NEW occurrence(s)]
DEBUG --> [REQ_ID=85c1d036e39b] [LIFECYCLE][END] status=200 duration_ms=584.38 memory_delta=2097152

[1 NEW occurrence(s)]
DEBUG --> [REQ_ID=85c1d036e39b] [REQUEST][END]

[1 NEW occurrence(s)]
DEBUG --> [REQ_ID=868f2a23e793] [REQUEST][START] GET /index.php/How-It-Works

[1 NEW occurrence(s)]
DEBUG --> [REQ_ID=868f2a23e793] [FILTER_BEFORE] /index.php/How-It-Works

[1 NEW occurrence(s)]
DEBUG --> [REQ_ID=868f2a23e793] [ROUTE] Controller=\App\Modules\Blog\Controllers\HowItWorksController Method=index

[1 NEW occurrence(s)]
DEBUG --> [REQ_ID=868f2a23e793] [LIFECYCLE][START] GET https://www.mymiwallet.com/index.php/How-It-Works

[1 NEW occurrence(s)]
DEBUG --> [CSRF] token name=csrf_test_name hash=6309555a6a1f275d4c3f9212eb3b7fe7

[1 NEW occurrence(s)]
DEBUG --> [REQ_ID=cb133b774c6d] [INIT] App\Modules\Blog\Controllers\HowItWorksController::GET

[1 NEW occurrence(s)]
DEBUG --> [REQ_ID=cb133b774c6d] [METHOD_ENTRY] index

[1 NEW occurrence(s)]
DEBUG --> [REQ_ID=cb133b774c6d] [VIEW_RENDER] App\Modules\Blog\Views\HowItWorks\index

[1 NEW occurrence(s)]
DEBUG --> [REQ_ID=868f2a23e793] [FILTER_AFTER]

[1 NEW occurrence(s)]
DEBUG --> [REQ_ID=868f2a23e793] [LIFECYCLE][END] status=200 duration_ms=544.90 memory_delta=2097152

[1 NEW occurrence(s)]
DEBUG --> [REQ_ID=868f2a23e793] [REQUEST][END]

[1 NEW occurrence(s)]
DEBUG --> [REQ_ID=94b057a864be] [REQUEST][START] GET /

[1 NEW occurrence(s)]
DEBUG --> [REQ_ID=94b057a864be] [FILTER_BEFORE] /

[1 NEW occurrence(s)]
DEBUG --> [REQ_ID=94b057a864be] [ROUTE] Controller=\App\Controllers\Home Method=index

[1 NEW occurrence(s)]
DEBUG --> [REQ_ID=94b057a864be] [LIFECYCLE][START] GET https://www.mymiwallet.com/index.php/

[1 NEW occurrence(s)]
DEBUG --> [CSRF] token name=csrf_test_name hash=b162432273c7a92fd1ff7d443bb1de63

[1 NEW occurrence(s)]
DEBUG --> [REQ_ID=a0c648f898f6] [INIT] App\Controllers\Home::GET

[1 NEW occurrence(s)]
DEBUG --> [REQ_ID=a0c648f898f6] [VIEW_RENDER] themes/public/home

[1 NEW occurrence(s)]
DEBUG --> [REQ_ID=94b057a864be] [FILTER_AFTER]

[1 NEW occurrence(s)]
DEBUG --> [REQ_ID=94b057a864be] [LIFECYCLE][END] status=200 duration_ms=558.61 memory_delta=2097152

[1 NEW occurrence(s)]
DEBUG --> [REQ_ID=94b057a864be] [REQUEST][END]

[1 NEW occurrence(s)]
DEBUG --> [REQ_ID=4e00d571e248] [REQUEST][START] GET /index.php/Blog

[1 NEW occurrence(s)]
DEBUG --> [REQ_ID=4e00d571e248] [FILTER_BEFORE] /index.php/Blog

[1 NEW occurrence(s)]
DEBUG --> [REQ_ID=4e00d571e248] [ROUTE] Controller=\App\Modules\Blog\Controllers\BlogController Method=index

[1 NEW occurrence(s)]
DEBUG --> [REQ_ID=4e00d571e248] [LIFECYCLE][START] GET https://www.mymiwallet.com/index.php/Blog

[1 NEW occurrence(s)]
DEBUG --> [CSRF] token name=csrf_test_name hash=21e02a9f616cb3402af1b3a72673a0cd

[1 NEW occurrence(s)]
DEBUG --> [REQ_ID=c33668809d43] [INIT] App\Modules\Blog\Controllers\BlogController::GET

[1 NEW occurrence(s)]
DEBUG --> [REQ_ID=c33668809d43] [METHOD_ENTRY] index

[1 NEW occurrence(s)]
DEBUG --> [REQ_ID=e2006f1568ed] [REQUEST][START] GET /index.php/Blog

[1 NEW occurrence(s)]
DEBUG --> [REQ_ID=e2006f1568ed] [FILTER_BEFORE] /index.php/Blog

[1 NEW occurrence(s)]
DEBUG --> [REQ_ID=e2006f1568ed] [ROUTE] Controller=\App\Modules\Blog\Controllers\BlogController Method=index

[1 NEW occurrence(s)]
DEBUG --> [REQ_ID=e2006f1568ed] [LIFECYCLE][START] GET https://www.mymiwallet.com/index.php/Blog

[1 NEW occurrence(s)]
DEBUG --> [CSRF] token name=csrf_test_name hash=9a01c1981d1e7df2d0062d1c39ce09ae

[1 NEW occurrence(s)]
DEBUG --> [REQ_ID=29e9af6c22ca] [INIT] App\Modules\Blog\Controllers\BlogController::GET

[1 NEW occurrence(s)]
DEBUG --> [REQ_ID=29e9af6c22ca] [METHOD_ENTRY] index

[1 NEW occurrence(s)]
DEBUG --> [REQ_ID=9b1ae4cdcfaa] [REQUEST][START] GET /index.php/Blog

[1 NEW occurrence(s)]
DEBUG --> [REQ_ID=9b1ae4cdcfaa] [FILTER_BEFORE] /index.php/Blog

[1 NEW occurrence(s)]
DEBUG --> [REQ_ID=9b1ae4cdcfaa] [ROUTE] Controller=\App\Modules\Blog\Controllers\BlogController Method=index

[1 NEW occurrence(s)]
DEBUG --> [REQ_ID=9b1ae4cdcfaa] [LIFECYCLE][START] GET https://www.mymiwallet.com/index.php/Blog

[1 NEW occurrence(s)]
DEBUG --> [CSRF] token name=csrf_test_name hash=b95ddf9131dcbb6b62f8922e8abd75ab

[1 NEW occurrence(s)]
DEBUG --> [REQ_ID=796ec7940624] [INIT] App\Modules\Blog\Controllers\BlogController::GET

[1 NEW occurrence(s)]
DEBUG --> [REQ_ID=796ec7940624] [METHOD_ENTRY] index

[1 NEW occurrence(s)]
DEBUG --> [REQ_ID=95e5bc134d14] [REQUEST][START] GET /index.php/login

[1 NEW occurrence(s)]
DEBUG --> [REQ_ID=95e5bc134d14] [FILTER_BEFORE] /index.php/login

[1 NEW occurrence(s)]
DEBUG --> [REQ_ID=95e5bc134d14] [ROUTE] Controller=\App\Controllers\AuthController Method=login

[1 NEW occurrence(s)]
DEBUG --> [REQ_ID=95e5bc134d14] [LIFECYCLE][START] GET https://www.mymiwallet.com/index.php/login

[1 NEW occurrence(s)]
DEBUG --> [CSRF] token name=csrf_test_name hash=b8deeeb13aeb2572a5efe5cc95e13990

[1 NEW occurrence(s)]
DEBUG --> [REQ_ID=c979534f5d48] [INIT] App\Controllers\AuthController::GET

[1 NEW occurrence(s)]
DEBUG --> [REQ_ID=95e5bc134d14] [FILTER_AFTER]

[1 NEW occurrence(s)]
DEBUG --> [REQ_ID=95e5bc134d14] [LIFECYCLE][END] status=200 duration_ms=14.93 memory_delta=0

[1 NEW occurrence(s)]
DEBUG --> [REQ_ID=95e5bc134d14] [REQUEST][END]

[1 NEW occurrence(s)]
DEBUG --> [REQ_ID=4ebc260bf9e7] [REQUEST][START] GET /index.php/How-It-Works/Personal-Budgeting

[1 NEW occurrence(s)]
DEBUG --> [REQ_ID=4ebc260bf9e7] [FILTER_BEFORE] /index.php/How-It-Works/Personal-Budgeting

[1 NEW occurrence(s)]
DEBUG --> [REQ_ID=4ebc260bf9e7] [ROUTE] Controller=\App\Modules\Blog\Controllers\HowItWorksController Method=show

[1 NEW occurrence(s)]
DEBUG --> [REQ_ID=4ebc260bf9e7] [LIFECYCLE][START] GET https://www.mymiwallet.com/index.php/How-It-Works/Personal-Budgeting

[1 NEW occurrence(s)]
DEBUG --> [CSRF] token name=csrf_test_name hash=20b6eb9e59eda8bf21f7eb42218c0fc7

[1 NEW occurrence(s)]
DEBUG --> [REQ_ID=b25651d87123] [INIT] App\Modules\Blog\Controllers\HowItWorksController::GET

[1 NEW occurrence(s)]
DEBUG --> [REQ_ID=b25651d87123] [METHOD_ENTRY] show

[1 NEW occurrence(s)]
DEBUG --> [REQ_ID=b25651d87123] [VIEW_RENDER] App\Modules\Blog\Views\HowItWorks\Personal_Budgeting

[1 NEW occurrence(s)]
DEBUG --> [REQ_ID=4ebc260bf9e7] [FILTER_AFTER]

[1 NEW occurrence(s)]
DEBUG --> [REQ_ID=4ebc260bf9e7] [LIFECYCLE][END] status=200 duration_ms=1,102.80 memory_delta=6291456

[1 NEW occurrence(s)]
DEBUG --> [REQ_ID=4ebc260bf9e7] [REQUEST][END]

[1 NEW occurrence(s)]
DEBUG --> [REQ_ID=c2e3e5526549] [REQUEST][START] GET /index.php/How-It-Works/Investment-Portfolio-Management

[1 NEW occurrence(s)]
DEBUG --> [REQ_ID=c2e3e5526549] [FILTER_BEFORE] /index.php/How-It-Works/Investment-Portfolio-Management

[1 NEW occurrence(s)]
DEBUG --> [REQ_ID=c2e3e5526549] [ROUTE] Controller=\App\Modules\Blog\Controllers\HowItWorksController Method=show

[1 NEW occurrence(s)]
DEBUG --> [REQ_ID=c2e3e5526549] [LIFECYCLE][START] GET https://www.mymiwallet.com/index.php/How-It-Works/Investment-Portfolio-Management

[1 NEW occurrence(s)]
DEBUG --> [CSRF] token name=csrf_test_name hash=008aac4246c93c04d28e2dfc64f6aae4

[1 NEW occurrence(s)]
DEBUG --> [REQ_ID=fc98778e1d77] [INIT] App\Modules\Blog\Controllers\HowItWorksController::GET

[1 NEW occurrence(s)]
DEBUG --> [REQ_ID=fc98778e1d77] [METHOD_ENTRY] show

[1 NEW occurrence(s)]
DEBUG --> [REQ_ID=c2e3e5526549] [FILTER_AFTER]

[1 NEW occurrence(s)]
DEBUG --> [REQ_ID=c2e3e5526549] [LIFECYCLE][END] status=404 duration_ms=26.21 memory_delta=0

[1 NEW occurrence(s)]
DEBUG --> [REQ_ID=c2e3e5526549] [REQUEST][END]

[1 NEW occurrence(s)]
DEBUG --> [REQ_ID=7e78786fc8c6] [REQUEST][START] GET /index.php/How-It-Works/Investment-Portfolio-Management

[1 NEW occurrence(s)]
DEBUG --> [REQ_ID=7e78786fc8c6] [FILTER_BEFORE] /index.php/How-It-Works/Investment-Portfolio-Management

[1 NEW occurrence(s)]
DEBUG --> [REQ_ID=7e78786fc8c6] [ROUTE] Controller=\App\Modules\Blog\Controllers\HowItWorksController Method=show

[1 NEW occurrence(s)]
DEBUG --> [REQ_ID=7e78786fc8c6] [LIFECYCLE][START] GET https://www.mymiwallet.com/index.php/How-It-Works/Investment-Portfolio-Management

[1 NEW occurrence(s)]
DEBUG --> [CSRF] token name=csrf_test_name hash=3699ea4069b801dc238c78d4a811c98e

[1 NEW occurrence(s)]
DEBUG --> [REQ_ID=c264238d818b] [INIT] App\Modules\Blog\Controllers\HowItWorksController::GET

[1 NEW occurrence(s)]
DEBUG --> [REQ_ID=c264238d818b] [METHOD_ENTRY] show

[1 NEW occurrence(s)]
DEBUG --> [REQ_ID=7e78786fc8c6] [FILTER_AFTER]

[1 NEW occurrence(s)]
DEBUG --> [REQ_ID=7e78786fc8c6] [LIFECYCLE][END] status=404 duration_ms=21.47 memory_delta=0

[1 NEW occurrence(s)]
DEBUG --> [REQ_ID=7e78786fc8c6] [REQUEST][END]

[1 NEW occurrence(s)]
DEBUG --> [REQ_ID=156064ae97df] [REQUEST][START] GET /index.php/How-It-Works/Investment-Portfolio-Management

[1 NEW occurrence(s)]
DEBUG --> [REQ_ID=156064ae97df] [FILTER_BEFORE] /index.php/How-It-Works/Investment-Portfolio-Management

[1 NEW occurrence(s)]
DEBUG --> [REQ_ID=156064ae97df] [ROUTE] Controller=\App\Modules\Blog\Controllers\HowItWorksController Method=show

[1 NEW occurrence(s)]
DEBUG --> [REQ_ID=156064ae97df] [LIFECYCLE][START] GET https://www.mymiwallet.com/index.php/How-It-Works/Investment-Portfolio-Management

[1 NEW occurrence(s)]
DEBUG --> [CSRF] token name=csrf_test_name hash=32cf9275c506cbc0a06075a0954f694b

[1 NEW occurrence(s)]
DEBUG --> [REQ_ID=956601af858d] [INIT] App\Modules\Blog\Controllers\HowItWorksController::GET

[1 NEW occurrence(s)]
DEBUG --> [REQ_ID=956601af858d] [METHOD_ENTRY] show

[1 NEW occurrence(s)]
DEBUG --> [REQ_ID=156064ae97df] [FILTER_AFTER]

[1 NEW occurrence(s)]
DEBUG --> [REQ_ID=156064ae97df] [LIFECYCLE][END] status=404 duration_ms=22.95 memory_delta=0

[1 NEW occurrence(s)]
DEBUG --> [REQ_ID=156064ae97df] [REQUEST][END]

[1 NEW occurrence(s)]
DEBUG --> [REQ_ID=8f05f5c69da7] [REQUEST][START] GET /index.php/How-It-Works/Daily-Financial-News

[1 NEW occurrence(s)]
DEBUG --> [REQ_ID=8f05f5c69da7] [FILTER_BEFORE] /index.php/How-It-Works/Daily-Financial-News

[1 NEW occurrence(s)]
DEBUG --> [REQ_ID=8f05f5c69da7] [ROUTE] Controller=\App\Modules\Blog\Controllers\HowItWorksController Method=show

[1 NEW occurrence(s)]
DEBUG --> [REQ_ID=8f05f5c69da7] [LIFECYCLE][START] GET https://www.mymiwallet.com/index.php/How-It-Works/Daily-Financial-News

[1 NEW occurrence(s)]
DEBUG --> [CSRF] token name=csrf_test_name hash=8a830e1d1e3a230941b734bcb164606d

[1 NEW occurrence(s)]
DEBUG --> [REQ_ID=237de605388d] [INIT] App\Modules\Blog\Controllers\HowItWorksController::GET

[1 NEW occurrence(s)]
DEBUG --> [REQ_ID=237de605388d] [METHOD_ENTRY] show

[1 NEW occurrence(s)]
DEBUG --> [REQ_ID=8f05f5c69da7] [FILTER_AFTER]

[1 NEW occurrence(s)]
DEBUG --> [REQ_ID=8f05f5c69da7] [LIFECYCLE][END] status=404 duration_ms=17.50 memory_delta=0

[1 NEW occurrence(s)]
DEBUG --> [REQ_ID=8f05f5c69da7] [REQUEST][END]

[1 NEW occurrence(s)]
DEBUG --> [REQ_ID=7478709e1dac] [REQUEST][START] GET /index.php/How-It-Works/Daily-Financial-News

[1 NEW occurrence(s)]
DEBUG --> [REQ_ID=7478709e1dac] [FILTER_BEFORE] /index.php/How-It-Works/Daily-Financial-News

[1 NEW occurrence(s)]
DEBUG --> [REQ_ID=7478709e1dac] [ROUTE] Controller=\App\Modules\Blog\Controllers\HowItWorksController Method=show

[1 NEW occurrence(s)]
DEBUG --> [REQ_ID=7478709e1dac] [LIFECYCLE][START] GET https://www.mymiwallet.com/index.php/How-It-Works/Daily-Financial-News

[1 NEW occurrence(s)]
DEBUG --> [CSRF] token name=csrf_test_name hash=26874b4adf01f7cc93ce04004d985d2a

[1 NEW occurrence(s)]
DEBUG --> [REQ_ID=b83393b058ac] [INIT] App\Modules\Blog\Controllers\HowItWorksController::GET

[1 NEW occurrence(s)]
DEBUG --> [REQ_ID=b83393b058ac] [METHOD_ENTRY] show

[1 NEW occurrence(s)]
DEBUG --> [REQ_ID=7478709e1dac] [FILTER_AFTER]

[1 NEW occurrence(s)]
DEBUG --> [REQ_ID=7478709e1dac] [LIFECYCLE][END] status=404 duration_ms=20.45 memory_delta=0

[1 NEW occurrence(s)]
DEBUG --> [REQ_ID=7478709e1dac] [REQUEST][END]

[1 NEW occurrence(s)]
DEBUG --> [REQ_ID=b5d233e18e85] [REQUEST][START] GET /index.php/How-It-Works/Daily-Financial-News

[1 NEW occurrence(s)]
DEBUG --> [REQ_ID=b5d233e18e85] [FILTER_BEFORE] /index.php/How-It-Works/Daily-Financial-News

[1 NEW occurrence(s)]
DEBUG --> [REQ_ID=b5d233e18e85] [ROUTE] Controller=\App\Modules\Blog\Controllers\HowItWorksController Method=show

[1 NEW occurrence(s)]
DEBUG --> [REQ_ID=b5d233e18e85] [LIFECYCLE][START] GET https://www.mymiwallet.com/index.php/How-It-Works/Daily-Financial-News

[1 NEW occurrence(s)]
DEBUG --> [CSRF] token name=csrf_test_name hash=8347049b7a2d864b8484a571e815c2ac

[1 NEW occurrence(s)]
DEBUG --> [REQ_ID=630d91e13dc0] [INIT] App\Modules\Blog\Controllers\HowItWorksController::GET

[1 NEW occurrence(s)]
DEBUG --> [REQ_ID=630d91e13dc0] [METHOD_ENTRY] show

[1 NEW occurrence(s)]
DEBUG --> [REQ_ID=b5d233e18e85] [FILTER_AFTER]

[1 NEW occurrence(s)]
DEBUG --> [REQ_ID=b5d233e18e85] [LIFECYCLE][END] status=404 duration_ms=15.72 memory_delta=0

[1 NEW occurrence(s)]
DEBUG --> [REQ_ID=b5d233e18e85] [REQUEST][END]

[1 NEW occurrence(s)]
DEBUG --> [REQ_ID=2443fa5d53e1] [REQUEST][START] GET /

[1 NEW occurrence(s)]
DEBUG --> [REQ_ID=2443fa5d53e1] [FILTER_BEFORE] /

[1 NEW occurrence(s)]
DEBUG --> [REQ_ID=2443fa5d53e1] [ROUTE] Controller=\App\Controllers\Home Method=index

[1 NEW occurrence(s)]
DEBUG --> [REQ_ID=2443fa5d53e1] [LIFECYCLE][START] GET https://www.mymiwallet.com/index.php/

[1 NEW occurrence(s)]
DEBUG --> [CSRF] token name=csrf_test_name hash=d9fe050c496ffdb73249ce656973a538

[1 NEW occurrence(s)]
DEBUG --> [REQ_ID=1493ab689fa1] [INIT] App\Controllers\Home::GET

[1 NEW occurrence(s)]
DEBUG --> [REQ_ID=1493ab689fa1] [VIEW_RENDER] themes/public/home

[1 NEW occurrence(s)]
DEBUG --> [REQ_ID=2443fa5d53e1] [FILTER_AFTER]

[1 NEW occurrence(s)]
DEBUG --> [REQ_ID=2443fa5d53e1] [LIFECYCLE][END] status=200 duration_ms=713.69 memory_delta=4194304

[1 NEW occurrence(s)]
DEBUG --> [REQ_ID=2443fa5d53e1] [REQUEST][END]

[1 NEW occurrence(s)]
DEBUG --> [REQ_ID=c9fa6be02d3c] [REQUEST][START] GET /index.php/Account/Security

[1 NEW occurrence(s)]
DEBUG --> [REQ_ID=c9fa6be02d3c] [FILTER_BEFORE] /index.php/Account/Security

[1 NEW occurrence(s)]
DEBUG --> [REQ_ID=c9fa6be02d3c] [ROUTE] Controller=\App\Modules\User\Controllers\DashboardController Method=Security

[1 NEW occurrence(s)]
DEBUG --> [REQ_ID=c9fa6be02d3c] [LIFECYCLE][START] GET https://www.mymiwallet.com/index.php/Account/Security

[1 NEW occurrence(s)]
DEBUG --> [CSRF] token name=csrf_test_name hash=44f6efae612565aa8d46058f588203bd

[1 NEW occurrence(s)]
DEBUG --> [REQ_ID=c9fa6be02d3c] [REQUEST][END]

[1 NEW occurrence(s)]
DEBUG --> [REQ_ID=45e3c90714e6] [REQUEST][START] GET /index.php/login

[1 NEW occurrence(s)]
DEBUG --> [REQ_ID=45e3c90714e6] [FILTER_BEFORE] /index.php/login

[1 NEW occurrence(s)]
DEBUG --> [REQ_ID=45e3c90714e6] [ROUTE] Controller=\App\Controllers\AuthController Method=login

[1 NEW occurrence(s)]
DEBUG --> [REQ_ID=45e3c90714e6] [LIFECYCLE][START] GET https://www.mymiwallet.com/index.php/login

[1 NEW occurrence(s)]
DEBUG --> [CSRF] token name=csrf_test_name hash=5fdf13e6ef8b5be645b4cc9e9220faf7

[1 NEW occurrence(s)]
DEBUG --> [REQ_ID=12c08ebcadba] [INIT] App\Controllers\AuthController::GET

[1 NEW occurrence(s)]
DEBUG --> [REQ_ID=45e3c90714e6] [FILTER_AFTER]

[1 NEW occurrence(s)]
DEBUG --> [REQ_ID=45e3c90714e6] [LIFECYCLE][END] status=200 duration_ms=50.67 memory_delta=0

[1 NEW occurrence(s)]
DEBUG --> [REQ_ID=45e3c90714e6] [REQUEST][END]

[1 NEW occurrence(s)]
DEBUG --> [REQ_ID=a6edcc4ff73e] [REQUEST][START] GET /index.php/API/Management/Run-CRON-Tasks

[1 NEW occurrence(s)]
DEBUG --> [REQ_ID=a6edcc4ff73e] [FILTER_BEFORE] /index.php/API/Management/Run-CRON-Tasks

[1 NEW occurrence(s)]
DEBUG --> [REQ_ID=a6edcc4ff73e] [ROUTE] Controller=\App\Modules\Management\Controllers\ManagementAPIController Method=Run_CRON_Tasks

[1 NEW occurrence(s)]
DEBUG --> [REQ_ID=a6edcc4ff73e] [LIFECYCLE][START] GET https://www.mymiwallet.com/index.php/API/Management/Run-CRON-Tasks

[1 NEW occurrence(s)]
DEBUG --> [REQ_ID=a6edcc4ff73e] [REQUEST][END]

[1 NEW occurrence(s)]
DEBUG --> [REQ_ID=fa5929872332] [REQUEST][START] GET /

[1 NEW occurrence(s)]
DEBUG --> [REQ_ID=fa5929872332] [FILTER_BEFORE] /

[1 NEW occurrence(s)]
DEBUG --> [REQ_ID=fa5929872332] [ROUTE] Controller=\App\Controllers\Home Method=index

[1 NEW occurrence(s)]
DEBUG --> [REQ_ID=fa5929872332] [LIFECYCLE][START] GET https://www.mymiwallet.com/index.php/

[1 NEW occurrence(s)]
DEBUG --> [CSRF] token name=csrf_test_name hash=7c7cdb01eca7d5bf3da3c266eb6fe484

[1 NEW occurrence(s)]
DEBUG --> [REQ_ID=7276751803d6] [INIT] App\Controllers\Home::GET

[1 NEW occurrence(s)]
DEBUG --> [REQ_ID=7276751803d6] [VIEW_RENDER] themes/public/home

[1 NEW occurrence(s)]
DEBUG --> [REQ_ID=fa5929872332] [FILTER_AFTER]

[1 NEW occurrence(s)]
DEBUG --> [REQ_ID=fa5929872332] [LIFECYCLE][END] status=200 duration_ms=614.65 memory_delta=4194304

[1 NEW occurrence(s)]
DEBUG --> [REQ_ID=fa5929872332] [REQUEST][END]

[1 NEW occurrence(s)]
DEBUG --> [REQ_ID=87a7ca02ce71] [REQUEST][START] GET /index.php/API/Alerts/fetchEmailAlerts

[1 NEW occurrence(s)]
DEBUG --> [REQ_ID=87a7ca02ce71] [FILTER_BEFORE] /index.php/API/Alerts/fetchEmailAlerts

[1 NEW occurrence(s)]
DEBUG --> [REQ_ID=87a7ca02ce71] [ROUTE] Controller=\App\Modules\APIs\Controllers\AlertsAPIController Method=fetchEmailAlerts

[1 NEW occurrence(s)]
DEBUG --> [REQ_ID=87a7ca02ce71] [LIFECYCLE][START] GET https://www.mymiwallet.com/index.php/API/Alerts/fetchEmailAlerts

[1 NEW occurrence(s)]
DEBUG --> [REQ_ID=87a7ca02ce71] [REQUEST][END]

[1 NEW occurrence(s)]
DEBUG --> [REQ_ID=621d47c0cb2f] [REQUEST][START] GET /

[1 NEW occurrence(s)]
DEBUG --> [REQ_ID=621d47c0cb2f] [FILTER_BEFORE] /

[1 NEW occurrence(s)]
DEBUG --> [REQ_ID=621d47c0cb2f] [ROUTE] Controller=\App\Controllers\Home Method=index

[1 NEW occurrence(s)]
DEBUG --> [REQ_ID=621d47c0cb2f] [LIFECYCLE][START] GET https://www.mymiwallet.com/index.php/

[1 NEW occurrence(s)]
DEBUG --> [CSRF] token name=csrf_test_name hash=8c1c13e200ccc8d22be0b8ddd05f2e11

[1 NEW occurrence(s)]
DEBUG --> [REQ_ID=35226de3d71d] [INIT] App\Controllers\Home::GET

[1 NEW occurrence(s)]
DEBUG --> [REQ_ID=35226de3d71d] [VIEW_RENDER] themes/public/home

[1 NEW occurrence(s)]
DEBUG --> [REQ_ID=621d47c0cb2f] [FILTER_AFTER]

[1 NEW occurrence(s)]
DEBUG --> [REQ_ID=621d47c0cb2f] [LIFECYCLE][END] status=200 duration_ms=874.12 memory_delta=4194304

[1 NEW occurrence(s)]
DEBUG --> [REQ_ID=621d47c0cb2f] [REQUEST][END]

[1 NEW occurrence(s)]
DEBUG --> [REQ_ID=92ef38bb765e] [REQUEST][START] GET /

[1 NEW occurrence(s)]
DEBUG --> [REQ_ID=92ef38bb765e] [FILTER_BEFORE] /

[1 NEW occurrence(s)]
DEBUG --> [REQ_ID=92ef38bb765e] [ROUTE] Controller=\App\Controllers\Home Method=index

[1 NEW occurrence(s)]
DEBUG --> [REQ_ID=92ef38bb765e] [LIFECYCLE][START] GET https://www.mymiwallet.com/index.php/

[1 NEW occurrence(s)]
DEBUG --> [CSRF] token name=csrf_test_name hash=d8b191bd6ad1e23641c117bb43aff255

[1 NEW occurrence(s)]
DEBUG --> [REQ_ID=83e4b88cfb3a] [INIT] App\Controllers\Home::GET

[1 NEW occurrence(s)]
DEBUG --> [REQ_ID=83e4b88cfb3a] [VIEW_RENDER] themes/public/home

[1 NEW occurrence(s)]
DEBUG --> [REQ_ID=92ef38bb765e] [FILTER_AFTER]

[1 NEW occurrence(s)]
DEBUG --> [REQ_ID=92ef38bb765e] [LIFECYCLE][END] status=200 duration_ms=683.73 memory_delta=4194304

[1 NEW occurrence(s)]
DEBUG --> [REQ_ID=92ef38bb765e] [REQUEST][END]

[1 NEW occurrence(s)]
DEBUG --> [REQ_ID=26f0479f5740] [REQUEST][START] GET /index.php/API/Management/Run-CRON-Tasks

[1 NEW occurrence(s)]
DEBUG --> [REQ_ID=26f0479f5740] [FILTER_BEFORE] /index.php/API/Management/Run-CRON-Tasks

[1 NEW occurrence(s)]
DEBUG --> [REQ_ID=26f0479f5740] [ROUTE] Controller=\App\Modules\Management\Controllers\ManagementAPIController Method=Run_CRON_Tasks

[1 NEW occurrence(s)]
DEBUG --> [REQ_ID=26f0479f5740] [LIFECYCLE][START] GET https://www.mymiwallet.com/index.php/API/Management/Run-CRON-Tasks

[1 NEW occurrence(s)]
DEBUG --> [REQ_ID=26f0479f5740] [REQUEST][END]


---------------------------
LEVEL: INFO (NEW)
---------------------------

[1 NEW occurrence(s)]
INFO --> [spark:app:healthcheck] Started

[1 NEW occurrence(s)]
INFO --> [SPARK_START] App\Commands\App\Healthcheck

[11 NEW occurrence(s)]
INFO --> [SPARK_MEMORY] 16777216

[1 NEW occurrence(s)]
INFO --> [spark:app:healthcheck] Intent

[1 NEW occurrence(s)]
INFO --> LOG_HEALTHCHECK info marker=77c6d8e61ce8

[1 NEW occurrence(s)]
INFO --> [spark:app:healthcheck] Completed

[1 NEW occurrence(s)]
INFO --> [SPARK_COMPLETE] App\Commands\App\Healthcheck duration=0.029023

[10 NEW occurrence(s)]
INFO --> [SPARK_MEMORY] 18874368

[1 NEW occurrence(s)]
INFO --> [SPARK_COMPLETE] App\Commands\AIOps\Run duration=3.943671

[1 NEW occurrence(s)]
INFO --> [REQ_ID=72c4cea8f265] [PERF] Execution time=0.056744

[1 NEW occurrence(s)]
INFO --> [REQ_ID=36b8ef16f61e] [MEMORY][controller-start] 4194304

[1 NEW occurrence(s)]
INFO --> [REQ_ID=36b8ef16f61e] [PERF] Execution time=0.116280

[1 NEW occurrence(s)]
INFO --> [REQ_ID=b453b7436b6d] [PERF] Execution time=0.130260

[8 NEW occurrence(s)]
INFO --> [spark:ops:work] Started

[8 NEW occurrence(s)]
INFO --> [SPARK_START] App\Commands\Ops\Work

[8 NEW occurrence(s)]
INFO --> [spark:ops:work] Intent

[8 NEW occurrence(s)]
INFO --> [spark:ops:work] Completed

[1 NEW occurrence(s)]
INFO --> [SPARK_COMPLETE] App\Commands\Ops\Work duration=0.106843

[1 NEW occurrence(s)]
INFO --> [REQ_ID=8268ca14eae5] [PERF] Execution time=0.058720

[1 NEW occurrence(s)]
INFO --> [REQ_ID=d7d278cecc51] [MEMORY][controller-start] 6291456

[1 NEW occurrence(s)]
INFO --> [REQ_ID=d7d278cecc51] [MEMORY][commonData:start] 6291456

[1 NEW occurrence(s)]
INFO --> [REQ_ID=d7d278cecc51] [MEMORY][commonData:start] 10485760

[8 NEW occurrence(s)]
INFO --> themesMemory usage: 10485760

[1 NEW occurrence(s)]
INFO --> [REQ_ID=d7d278cecc51] [PERF] Execution time=0.680426

[1 NEW occurrence(s)]
INFO --> [REQ_ID=6259f05a0a73] [PERF] Execution time=0.721907

[1 NEW occurrence(s)]
INFO --> [REQ_ID=8b4469d84c52] [MEMORY][controller-start] 6291456

[1 NEW occurrence(s)]
INFO --> [REQ_ID=8b4469d84c52] [PERF] Execution time=0.166052

[1 NEW occurrence(s)]
INFO --> [REQ_ID=dc87cd2a7757] [PERF] Execution time=0.212217

[1 NEW occurrence(s)]
INFO --> [SPARK_COMPLETE] App\Commands\Ops\Work duration=0.168959

[1 NEW occurrence(s)]
INFO --> [REQ_ID=99d430786683] [MEMORY][controller-start] 6291456

[1 NEW occurrence(s)]
INFO --> [REQ_ID=99d430786683] [MEMORY][commonData:start] 6291456

[1 NEW occurrence(s)]
INFO --> [REQ_ID=99d430786683] [MEMORY][commonData:start] 10485760

[1 NEW occurrence(s)]
INFO --> [REQ_ID=99d430786683] [PERF] Execution time=0.761213

[1 NEW occurrence(s)]
INFO --> [REQ_ID=a393505599c6] [PERF] Execution time=0.802391

[1 NEW occurrence(s)]
INFO --> [REQ_ID=ec36a2b803b6] [MEMORY][controller-start] 6291456

[1 NEW occurrence(s)]
INFO --> [REQ_ID=ec36a2b803b6] [MEMORY][commonData:start] 6291456

[1 NEW occurrence(s)]
INFO --> [REQ_ID=ec36a2b803b6] [MEMORY][commonData:start] 8388608

[7 NEW occurrence(s)]
INFO --> themesMemory usage: 8388608

[1 NEW occurrence(s)]
INFO --> [REQ_ID=ec36a2b803b6] [PERF] Execution time=0.576303

[1 NEW occurrence(s)]
INFO --> [REQ_ID=239c59d84be1] [PERF] Execution time=0.589951

[1 NEW occurrence(s)]
INFO --> [REQ_ID=a3bcc957ce3d] [MEMORY][controller-start] 6291456

[1 NEW occurrence(s)]
INFO --> [REQ_ID=a3bcc957ce3d] [MEMORY][commonData:start] 6291456

[1 NEW occurrence(s)]
INFO --> [REQ_ID=a3bcc957ce3d] [MEMORY][commonData:start] 8388608

[1 NEW occurrence(s)]
INFO --> [REQ_ID=a3bcc957ce3d] [PERF] Execution time=0.447868

[1 NEW occurrence(s)]
INFO --> [REQ_ID=81691ed7413e] [PERF] Execution time=0.457705

[1 NEW occurrence(s)]
INFO --> [REQ_ID=5b06a43f1615] [MEMORY][controller-start] 6291456

[1 NEW occurrence(s)]
INFO --> [REQ_ID=5b06a43f1615] [MEMORY][commonData:start] 6291456

[1 NEW occurrence(s)]
INFO --> [REQ_ID=5b06a43f1615] [PERF] Execution time=0.560623

[1 NEW occurrence(s)]
INFO --> [REQ_ID=2a2cd6823e22] [PERF] Execution time=0.576031

[1 NEW occurrence(s)]
INFO --> [REQ_ID=9f494ec67cac] [MEMORY][controller-start] 6291456

[1 NEW occurrence(s)]
INFO --> [REQ_ID=9f494ec67cac] [MEMORY][commonData:start] 6291456

[1 NEW occurrence(s)]
INFO --> [REQ_ID=9f494ec67cac] [PERF] Execution time=0.020440

[1 NEW occurrence(s)]
INFO --> [REQ_ID=06bcea43197f] [MEMORY][controller-start] 6291456

[1 NEW occurrence(s)]
INFO --> [REQ_ID=06bcea43197f] [MEMORY][commonData:start] 6291456

[1 NEW occurrence(s)]
INFO --> [REQ_ID=06bcea43197f] [PERF] Execution time=0.015426

[1 NEW occurrence(s)]
INFO --> [REQ_ID=ed7c7b18752c] [MEMORY][controller-start] 4194304

[1 NEW occurrence(s)]
INFO --> [REQ_ID=ed7c7b18752c] [MEMORY][commonData:start] 4194304

[1 NEW occurrence(s)]
INFO --> [REQ_ID=ed7c7b18752c] [PERF] Execution time=0.017652

[1 NEW occurrence(s)]
INFO --> [REQ_ID=4b6c8176c0f3] [PERF] Execution time=0.011779

[1 NEW occurrence(s)]
INFO --> [REQ_ID=ef8ef33ce762] [MEMORY][controller-start] 4194304

[1 NEW occurrence(s)]
INFO --> [REQ_ID=ef8ef33ce762] [PERF] Execution time=0.045715

[1 NEW occurrence(s)]
INFO --> [REQ_ID=ece49351c2ac] [PERF] Execution time=0.068275

[1 NEW occurrence(s)]
INFO --> [REQ_ID=efe8f85af408] [MEMORY][controller-start] 4194304

[1 NEW occurrence(s)]
INFO --> [REQ_ID=efe8f85af408] [PERF] Execution time=0.015076

[1 NEW occurrence(s)]
INFO --> [REQ_ID=317d57995a86] [PERF] Execution time=0.024862

[1 NEW occurrence(s)]
INFO --> [REQ_ID=05ecad4b2b44] [PERF] Execution time=0.011530

[1 NEW occurrence(s)]
INFO --> [REQ_ID=03ac901b4566] [MEMORY][controller-start] 4194304

[1 NEW occurrence(s)]
INFO --> [REQ_ID=03ac901b4566] [PERF] Execution time=0.017450

[1 NEW occurrence(s)]
INFO --> [REQ_ID=2c3fecb4808a] [PERF] Execution time=0.033965

[1 NEW occurrence(s)]
INFO --> [REQ_ID=849eb696737c] [PERF] Execution time=0.010095

[1 NEW occurrence(s)]
INFO --> [REQ_ID=b5453b5b18c5] [MEMORY][controller-start] 4194304

[1 NEW occurrence(s)]
INFO --> [REQ_ID=b5453b5b18c5] [PERF] Execution time=0.037213

[1 NEW occurrence(s)]
INFO --> [REQ_ID=ac5112f897cb] [PERF] Execution time=0.048200

[1 NEW occurrence(s)]
INFO --> [REQ_ID=cc724fdc986d] [PERF] Execution time=0.012549

[1 NEW occurrence(s)]
INFO --> [REQ_ID=9cbdb607db57] [MEMORY][controller-start] 4194304

[1 NEW occurrence(s)]
INFO --> [REQ_ID=9cbdb607db57] [PERF] Execution time=0.032585

[1 NEW occurrence(s)]
INFO --> [REQ_ID=21854d56aa20] [PERF] Execution time=0.042361

[1 NEW occurrence(s)]
INFO --> [REQ_ID=c7ce05d69683] [MEMORY][controller-start] 4194304

[1 NEW occurrence(s)]
INFO --> [REQ_ID=c7ce05d69683] [MEMORY][commonData:start] 4194304

[1 NEW occurrence(s)]
INFO --> [REQ_ID=c7ce05d69683] [MEMORY][commonData:start] 8388608

[1 NEW occurrence(s)]
INFO --> [REQ_ID=c7ce05d69683] [PERF] Execution time=1.071717

[1 NEW occurrence(s)]
INFO --> [REQ_ID=3b3e68a29a8e] [PERF] Execution time=1.086604

[1 NEW occurrence(s)]
INFO --> [REQ_ID=8fab2af417de] [MEMORY][controller-start] 8388608

[1 NEW occurrence(s)]
INFO --> [REQ_ID=8fab2af417de] [PERF] Execution time=0.018125

[1 NEW occurrence(s)]
INFO --> [REQ_ID=3244d2455473] [PERF] Execution time=0.029147

[1 NEW occurrence(s)]
INFO --> [REQ_ID=bc4919d6146e] [MEMORY][controller-start] 6291456

[1 NEW occurrence(s)]
INFO --> [REQ_ID=bc4919d6146e] [PERF] Execution time=0.019020

[1 NEW occurrence(s)]
INFO --> [REQ_ID=95c055d03de5] [PERF] Execution time=0.029114

[1 NEW occurrence(s)]
INFO --> [REQ_ID=f42dae467076] [MEMORY][controller-start] 4194304

[1 NEW occurrence(s)]
INFO --> [REQ_ID=f42dae467076] [PERF] Execution time=0.022547

[1 NEW occurrence(s)]
INFO --> [REQ_ID=4e71bc4b27bc] [PERF] Execution time=0.033070

[1 NEW occurrence(s)]
INFO --> [REQ_ID=7633c283535e] [MEMORY][controller-start] 4194304

[1 NEW occurrence(s)]
INFO --> [REQ_ID=7633c283535e] [PERF] Execution time=0.017999

[1 NEW occurrence(s)]
INFO --> [REQ_ID=15598fd42c45] [PERF] Execution time=0.028496

[1 NEW occurrence(s)]
INFO --> [REQ_ID=bd35feef33fd] [MEMORY][controller-start] 4194304

[1 NEW occurrence(s)]
INFO --> [REQ_ID=bd35feef33fd] [PERF] Execution time=0.051419

[1 NEW occurrence(s)]
INFO --> [REQ_ID=a614ed0a19e5] [PERF] Execution time=0.061786

[1 NEW occurrence(s)]
INFO --> [REQ_ID=f20d3bb0b0cf] [MEMORY][controller-start] 4194304

[1 NEW occurrence(s)]
INFO --> [REQ_ID=f20d3bb0b0cf] [PERF] Execution time=0.027340

[1 NEW occurrence(s)]
INFO --> [REQ_ID=0f26a75bef27] [PERF] Execution time=0.037498

[1 NEW occurrence(s)]
INFO --> [REQ_ID=b41b1f8f480d] [MEMORY][controller-start] 4194304

[1 NEW occurrence(s)]
INFO --> [REQ_ID=b41b1f8f480d] [MEMORY][commonData:start] 4194304

[1 NEW occurrence(s)]
INFO --> [REQ_ID=b41b1f8f480d] [MEMORY][commonData:start] 8388608

[1 NEW occurrence(s)]
INFO --> [REQ_ID=b41b1f8f480d] [PERF] Execution time=0.515474

[1 NEW occurrence(s)]
INFO --> [REQ_ID=82784ed674dc] [PERF] Execution time=0.525666

[1 NEW occurrence(s)]
INFO --> [REQ_ID=1c3bf041e8bc] [MEMORY][controller-start] 6291456

[1 NEW occurrence(s)]
INFO --> [REQ_ID=1c3bf041e8bc] [MEMORY][commonData:start] 6291456

[1 NEW occurrence(s)]
INFO --> [REQ_ID=1c3bf041e8bc] [MEMORY][commonData:start] 8388608

[1 NEW occurrence(s)]
INFO --> [REQ_ID=1c3bf041e8bc] [PERF] Execution time=0.584322

[1 NEW occurrence(s)]
INFO --> [REQ_ID=85c1d036e39b] [PERF] Execution time=0.594196

[1 NEW occurrence(s)]
INFO --> [REQ_ID=cb133b774c6d] [MEMORY][controller-start] 6291456

[1 NEW occurrence(s)]
INFO --> [REQ_ID=cb133b774c6d] [MEMORY][commonData:start] 6291456

[1 NEW occurrence(s)]
INFO --> [REQ_ID=cb133b774c6d] [PERF] Execution time=0.544545

[1 NEW occurrence(s)]
INFO --> [REQ_ID=868f2a23e793] [PERF] Execution time=0.554570

[1 NEW occurrence(s)]
INFO --> [REQ_ID=a0c648f898f6] [MEMORY][controller-start] 6291456

[1 NEW occurrence(s)]
INFO --> [REQ_ID=a0c648f898f6] [MEMORY][commonData:start] 6291456

[1 NEW occurrence(s)]
INFO --> [REQ_ID=a0c648f898f6] [MEMORY][commonData:start] 8388608

[1 NEW occurrence(s)]
INFO --> [REQ_ID=a0c648f898f6] [PERF] Execution time=0.558315

[1 NEW occurrence(s)]
INFO --> [REQ_ID=94b057a864be] [PERF] Execution time=0.567235

[1 NEW occurrence(s)]
INFO --> [REQ_ID=c33668809d43] [MEMORY][controller-start] 6291456

[1 NEW occurrence(s)]
INFO --> [REQ_ID=c33668809d43] [MEMORY][commonData:start] 6291456

[1 NEW occurrence(s)]
INFO --> [REQ_ID=c33668809d43] [PERF] Execution time=0.015179

[1 NEW occurrence(s)]
INFO --> [REQ_ID=29e9af6c22ca] [MEMORY][controller-start] 6291456

[1 NEW occurrence(s)]
INFO --> [REQ_ID=29e9af6c22ca] [MEMORY][commonData:start] 6291456

[1 NEW occurrence(s)]
INFO --> [REQ_ID=29e9af6c22ca] [PERF] Execution time=0.015979

[1 NEW occurrence(s)]
INFO --> [REQ_ID=796ec7940624] [MEMORY][controller-start] 4194304

[1 NEW occurrence(s)]
INFO --> [REQ_ID=796ec7940624] [MEMORY][commonData:start] 4194304

[1 NEW occurrence(s)]
INFO --> [REQ_ID=796ec7940624] [PERF] Execution time=0.015353

[1 NEW occurrence(s)]
INFO --> [REQ_ID=c979534f5d48] [MEMORY][controller-start] 4194304

[1 NEW occurrence(s)]
INFO --> [REQ_ID=c979534f5d48] [PERF] Execution time=0.014272

[1 NEW occurrence(s)]
INFO --> [REQ_ID=95e5bc134d14] [PERF] Execution time=0.027233

[1 NEW occurrence(s)]
INFO --> [REQ_ID=b25651d87123] [MEMORY][controller-start] 4194304

[1 NEW occurrence(s)]
INFO --> [REQ_ID=b25651d87123] [MEMORY][commonData:start] 4194304

[1 NEW occurrence(s)]
INFO --> [REQ_ID=b25651d87123] [MEMORY][commonData:start] 8388608

[1 NEW occurrence(s)]
INFO --> [REQ_ID=b25651d87123] [PERF] Execution time=1.102571

[1 NEW occurrence(s)]
INFO --> [REQ_ID=4ebc260bf9e7] [PERF] Execution time=1.112686

[1 NEW occurrence(s)]
INFO --> [REQ_ID=fc98778e1d77] [MEMORY][controller-start] 8388608

[1 NEW occurrence(s)]
INFO --> [REQ_ID=fc98778e1d77] [PERF] Execution time=0.026043

[1 NEW occurrence(s)]
INFO --> [REQ_ID=c2e3e5526549] [PERF] Execution time=0.036728

[1 NEW occurrence(s)]
INFO --> [REQ_ID=c264238d818b] [MEMORY][controller-start] 6291456

[1 NEW occurrence(s)]
INFO --> [REQ_ID=c264238d818b] [PERF] Execution time=0.021281

[1 NEW occurrence(s)]
INFO --> [REQ_ID=7e78786fc8c6] [PERF] Execution time=0.031597

[1 NEW occurrence(s)]
INFO --> [REQ_ID=956601af858d] [MEMORY][controller-start] 4194304

[1 NEW occurrence(s)]
INFO --> [REQ_ID=956601af858d] [PERF] Execution time=0.022755

[1 NEW occurrence(s)]
INFO --> [REQ_ID=156064ae97df] [PERF] Execution time=0.032707

[1 NEW occurrence(s)]
INFO --> [REQ_ID=237de605388d] [MEMORY][controller-start] 4194304

[1 NEW occurrence(s)]
INFO --> [REQ_ID=237de605388d] [PERF] Execution time=0.017288

[1 NEW occurrence(s)]
INFO --> [REQ_ID=8f05f5c69da7] [PERF] Execution time=0.027366

[1 NEW occurrence(s)]
INFO --> [REQ_ID=b83393b058ac] [MEMORY][controller-start] 4194304

[1 NEW occurrence(s)]
INFO --> [REQ_ID=b83393b058ac] [PERF] Execution time=0.020213

[1 NEW occurrence(s)]
INFO --> [REQ_ID=7478709e1dac] [PERF] Execution time=0.031140

[1 NEW occurrence(s)]
INFO --> [REQ_ID=630d91e13dc0] [MEMORY][controller-start] 4194304

[1 NEW occurrence(s)]
INFO --> [REQ_ID=630d91e13dc0] [PERF] Execution time=0.015576

[1 NEW occurrence(s)]
INFO --> [REQ_ID=b5d233e18e85] [PERF] Execution time=0.025354

[1 NEW occurrence(s)]
INFO --> [REQ_ID=1493ab689fa1] [MEMORY][controller-start] 6291456

[1 NEW occurrence(s)]
INFO --> [REQ_ID=1493ab689fa1] [MEMORY][commonData:start] 6291456

[1 NEW occurrence(s)]
INFO --> [REQ_ID=1493ab689fa1] [MEMORY][commonData:start] 10485760

[1 NEW occurrence(s)]
INFO --> [REQ_ID=1493ab689fa1] [PERF] Execution time=0.711456

[1 NEW occurrence(s)]
INFO --> [REQ_ID=2443fa5d53e1] [PERF] Execution time=0.751721

[1 NEW occurrence(s)]
INFO --> [SPARK_COMPLETE] App\Commands\Ops\Work duration=0.043587

[1 NEW occurrence(s)]
INFO --> [REQ_ID=c9fa6be02d3c] [PERF] Execution time=0.053806

[1 NEW occurrence(s)]
INFO --> [REQ_ID=12c08ebcadba] [MEMORY][controller-start] 4194304

[1 NEW occurrence(s)]
INFO --> [REQ_ID=12c08ebcadba] [PERF] Execution time=0.049485

[1 NEW occurrence(s)]
INFO --> [REQ_ID=45e3c90714e6] [PERF] Execution time=0.063985

[1 NEW occurrence(s)]
INFO --> [SPARK_COMPLETE] App\Commands\Ops\Work duration=0.069129

[1 NEW occurrence(s)]
INFO --> [REQ_ID=a6edcc4ff73e] [PERF] Execution time=0.054601

[1 NEW occurrence(s)]
INFO --> [REQ_ID=7276751803d6] [MEMORY][controller-start] 6291456

[1 NEW occurrence(s)]
INFO --> [REQ_ID=7276751803d6] [MEMORY][commonData:start] 6291456

[1 NEW occurrence(s)]
INFO --> [REQ_ID=7276751803d6] [MEMORY][commonData:start] 10485760

[1 NEW occurrence(s)]
INFO --> [REQ_ID=7276751803d6] [PERF] Execution time=0.612163

[1 NEW occurrence(s)]
INFO --> [REQ_ID=fa5929872332] [PERF] Execution time=0.653128

[1 NEW occurrence(s)]
INFO --> [SPARK_COMPLETE] App\Commands\Ops\Work duration=0.045937

[1 NEW occurrence(s)]
INFO --> [REQ_ID=87a7ca02ce71] [PERF] Execution time=0.052788

[1 NEW occurrence(s)]
INFO --> [REQ_ID=35226de3d71d] [MEMORY][controller-start] 6291456

[1 NEW occurrence(s)]
INFO --> [REQ_ID=35226de3d71d] [MEMORY][commonData:start] 6291456

[1 NEW occurrence(s)]
INFO --> [REQ_ID=35226de3d71d] [MEMORY][commonData:start] 10485760

[1 NEW occurrence(s)]
INFO --> [REQ_ID=35226de3d71d] [PERF] Execution time=0.871355

[1 NEW occurrence(s)]
INFO --> [REQ_ID=621d47c0cb2f] [PERF] Execution time=0.915471

[1 NEW occurrence(s)]
INFO --> [SPARK_COMPLETE] App\Commands\Ops\Work duration=0.028389

[1 NEW occurrence(s)]
INFO --> [REQ_ID=83e4b88cfb3a] [MEMORY][controller-start] 6291456

[1 NEW occurrence(s)]
INFO --> [REQ_ID=83e4b88cfb3a] [MEMORY][commonData:start] 6291456

[1 NEW occurrence(s)]
INFO --> [REQ_ID=83e4b88cfb3a] [MEMORY][commonData:start] 10485760

[1 NEW occurrence(s)]
INFO --> [REQ_ID=83e4b88cfb3a] [PERF] Execution time=0.681712

[1 NEW occurrence(s)]
INFO --> [REQ_ID=92ef38bb765e] [PERF] Execution time=0.724186

[1 NEW occurrence(s)]
INFO --> [SPARK_COMPLETE] App\Commands\Ops\Work duration=0.049856

[1 NEW occurrence(s)]
INFO --> [SPARK_COMPLETE] App\Commands\Ops\Work duration=0.039246

[1 NEW occurrence(s)]
INFO --> [SPARK_START] App\Commands\AIOps\Run

[1 NEW occurrence(s)]
INFO --> [REQ_ID=26f0479f5740] [PERF] Execution time=0.100166

[1 NEW occurrence(s)]
INFO --> [spark:aiops:run] Intent

[1 NEW occurrence(s)]
INFO --> [AIOPS][SPARK][GOVERNANCE][spark:logs:summarize] Started

[1 NEW occurrence(s)]
INFO --> [SPARK_START] App\Commands\Logs\Summarize

[1 NEW occurrence(s)]
INFO --> [spark:logs:summarize] Intent


---------------------------
LEVEL: NOTICE (NEW)
---------------------------

[1 NEW occurrence(s)]
NOTICE --> LOG_HEALTHCHECK probe marker=77c6d8e61ce8


---------------------------
LEVEL: WARNING (NEW)
---------------------------

[1 NEW occurrence(s)]
WARNING --> OllamaPatchRunner:L49 - Original Diff:

[23 NEW occurrence(s)]
WARNING --> MyMIWallets initialized without numeric user context.


---------------------------
LEVEL: ERROR (NEW)
---------------------------

[13 NEW occurrence(s)]
ERROR --> [ERROR_PAGE] event=error_404 status=404 message=Page not found.


---- CONFIG LINT ----
✅ Services::cache
✅ Services::responsecache
✅ Services::session
✅ Services::email
✅ Services::logger
✅ Services::validation
✅ Services::renderer
