===============================================
   MyMI Wallet — Log Summary for 2026-03-16
   Auto-generated by logs:summarize command
   Grouped by (LEVEL + message)
===============================================

Last processed up to: <none> (first run for this date)

---------------------------
LEVEL: DEBUG
---------------------------

[1 occurrence(s)]
DEBUG --> [REQ_ID=8f8e67b9e292] [REQUEST][START] GET /index.php/API/Management/Run-CRON-Tasks

[154 occurrence(s)]
DEBUG --> Session: Class initialized using 'CodeIgniter\Session\Handlers\FileHandler' driver.

[1 occurrence(s)]
DEBUG --> [REQ_ID=8f8e67b9e292] [FILTER_BEFORE] /index.php/API/Management/Run-CRON-Tasks

[1 occurrence(s)]
DEBUG --> [REQ_ID=8f8e67b9e292] [ROUTE] Controller=\App\Modules\Management\Controllers\ManagementAPIController Method=Run_CRON_Tasks

[1 occurrence(s)]
DEBUG --> [REQ_ID=8f8e67b9e292] [LIFECYCLE][START] GET https://www.mymiwallet.com/index.php/API/Management/Run-CRON-Tasks

[1 occurrence(s)]
DEBUG --> [REQ_ID=8f8e67b9e292] [REQUEST][END]

[1 occurrence(s)]
DEBUG --> [REQ_ID=147521a81325] [REQUEST][START] GET /index.php/How-It-Works/marketing

[1 occurrence(s)]
DEBUG --> [REQ_ID=147521a81325] [REQUEST][END]

[1 occurrence(s)]
DEBUG --> [REQ_ID=6f18f8aa0967] [REQUEST][START] GET /index.php/Wallets

[1 occurrence(s)]
DEBUG --> [REQ_ID=6f18f8aa0967] [FILTER_BEFORE] /index.php/Wallets

[1 occurrence(s)]
DEBUG --> [REQ_ID=6f18f8aa0967] [ROUTE] Controller=\App\Modules\User\Controllers\WalletsController Method=index

[1 occurrence(s)]
DEBUG --> [REQ_ID=6f18f8aa0967] [LIFECYCLE][START] GET https://www.mymiwallet.com/index.php/Wallets

[1 occurrence(s)]
DEBUG --> [CSRF] token name=csrf_test_name hash=2b8bb613c92673ae8298bf70c78d3438

[1 occurrence(s)]
DEBUG --> [REQ_ID=6f18f8aa0967] [REQUEST][END]

[1 occurrence(s)]
DEBUG --> [REQ_ID=e61eccbe6e67] [REQUEST][START] GET /index.php/login

[1 occurrence(s)]
DEBUG --> [REQ_ID=e61eccbe6e67] [FILTER_BEFORE] /index.php/login

[1 occurrence(s)]
DEBUG --> [REQ_ID=e61eccbe6e67] [ROUTE] Controller=\App\Controllers\AuthController Method=login

[1 occurrence(s)]
DEBUG --> [REQ_ID=e61eccbe6e67] [LIFECYCLE][START] GET https://www.mymiwallet.com/index.php/login

[1 occurrence(s)]
DEBUG --> [CSRF] token name=csrf_test_name hash=b165188b3e9ec44f925ccb312c816fd3

[1 occurrence(s)]
DEBUG --> [REQ_ID=93dda03dc485] [INIT] App\Controllers\AuthController::GET

[1 occurrence(s)]
DEBUG --> [REQ_ID=e61eccbe6e67] [FILTER_AFTER]

[1 occurrence(s)]
DEBUG --> [REQ_ID=e61eccbe6e67] [LIFECYCLE][END] status=200 duration_ms=143.43 memory_delta=0

[1 occurrence(s)]
DEBUG --> [REQ_ID=e61eccbe6e67] [REQUEST][END]

[1 occurrence(s)]
DEBUG --> [REQ_ID=c9fc2c6a30d6] [REQUEST][START] GET /index.php/Premium-Features/Wallets

[1 occurrence(s)]
DEBUG --> [REQ_ID=c9fc2c6a30d6] [REQUEST][END]

[1 occurrence(s)]
DEBUG --> [REQ_ID=c6474772322c] [REQUEST][START] GET /index.php/Announcements

[1 occurrence(s)]
DEBUG --> [REQ_ID=c6474772322c] [REQUEST][END]

[1 occurrence(s)]
DEBUG --> [REQ_ID=095a455c6ca0] [REQUEST][START] GET /

[1 occurrence(s)]
DEBUG --> [REQ_ID=095a455c6ca0] [FILTER_BEFORE] /

[1 occurrence(s)]
DEBUG --> [REQ_ID=095a455c6ca0] [ROUTE] Controller=\App\Controllers\Home Method=index

[1 occurrence(s)]
DEBUG --> [REQ_ID=095a455c6ca0] [LIFECYCLE][START] GET https://www.mymiwallet.com/index.php/

[1 occurrence(s)]
DEBUG --> [CSRF] token name=csrf_test_name hash=8bafeb6cac9bae68af0b3a58a204d131

[1 occurrence(s)]
DEBUG --> [REQ_ID=cbec5cbfe1a6] [INIT] App\Controllers\Home::GET

[38 occurrence(s)]
DEBUG --> MyMIUser L52 - initialized (first log).

[7 occurrence(s)]
DEBUG --> [MetaService] slug= pageName= cacheHit= path=FALLBACK

[1 occurrence(s)]
DEBUG --> [REQ_ID=cbec5cbfe1a6] [VIEW_RENDER] themes/public/home

[13 occurrence(s)]
DEBUG --> [MetaService] slug= pageName=Home cacheHit=1 path=CACHE

[1 occurrence(s)]
DEBUG --> [REQ_ID=095a455c6ca0] [FILTER_AFTER]

[1 occurrence(s)]
DEBUG --> [REQ_ID=095a455c6ca0] [LIFECYCLE][END] status=200 duration_ms=654.06 memory_delta=4194304

[1 occurrence(s)]
DEBUG --> [REQ_ID=095a455c6ca0] [REQUEST][END]

[1 occurrence(s)]
DEBUG --> [REQ_ID=62314fa593a1] [REQUEST][START] GET /index.php/API/Alerts/fetchEmailAlerts

[1 occurrence(s)]
DEBUG --> [REQ_ID=62314fa593a1] [FILTER_BEFORE] /index.php/API/Alerts/fetchEmailAlerts

[1 occurrence(s)]
DEBUG --> [REQ_ID=62314fa593a1] [ROUTE] Controller=\App\Modules\APIs\Controllers\AlertsAPIController Method=fetchEmailAlerts

[1 occurrence(s)]
DEBUG --> [REQ_ID=62314fa593a1] [LIFECYCLE][START] GET https://www.mymiwallet.com/index.php/API/Alerts/fetchEmailAlerts

[1 occurrence(s)]
DEBUG --> [REQ_ID=62314fa593a1] [REQUEST][END]

[1 occurrence(s)]
DEBUG --> [REQ_ID=6fbb5c4c11c5] [REQUEST][START] GET /index.php/Preview/Alert/NASDAQ-GUTS

[1 occurrence(s)]
DEBUG --> [REQ_ID=6fbb5c4c11c5] [FILTER_BEFORE] /index.php/Preview/Alert/NASDAQ-GUTS

[1 occurrence(s)]
DEBUG --> [REQ_ID=6fbb5c4c11c5] [ROUTE] Controller=\App\Modules\User\Controllers\AlertsController Method=preview

[1 occurrence(s)]
DEBUG --> [REQ_ID=6fbb5c4c11c5] [LIFECYCLE][START] GET https://www.mymiwallet.com/index.php/Preview/Alert/NASDAQ-GUTS

[1 occurrence(s)]
DEBUG --> [CSRF] token name=csrf_test_name hash=c0100194eabd11d44b4ef6e5e73c7ca4

[1 occurrence(s)]
DEBUG --> [REQ_ID=2b7416647c9d] [INIT] App\Modules\User\Controllers\AlertsController::GET

[1 occurrence(s)]
DEBUG --> [REQ_ID=2b7416647c9d] [METHOD_ENTRY] preview

[27 occurrence(s)]
DEBUG --> [SERVICE] App\Services\BudgetService ::setUserId

[90 occurrence(s)]
DEBUG --> MyMICoin: guest context detected; skipping user-specific preload.

[6 occurrence(s)]
DEBUG --> MyMIInvestments: no session user detected; skipping personalized hydration.

[3 occurrence(s)]
DEBUG --> MyMIMarketing: Pscrape library not installed; Google search scraping will use fallback.

[6 occurrence(s)]
DEBUG --> MyMIAlerts: no authenticated user context detected.

[1 occurrence(s)]
DEBUG --> TwelveData batch response error: **symbol** or **figi** parameter is missing or invalid. Please provide a valid symbol according to API documentation: https://twelvedata.com/docs#reference-data

[1 occurrence(s)]
DEBUG --> Marketstack fallback failed: 22 : The requested URL returned error: 403

[1 occurrence(s)]
DEBUG --> [REQ_ID=2b7416647c9d] [VIEW_RENDER] themes/public/previewAlert

[1 occurrence(s)]
DEBUG --> [REQ_ID=6fbb5c4c11c5] [FILTER_AFTER]

[1 occurrence(s)]
DEBUG --> [REQ_ID=6fbb5c4c11c5] [LIFECYCLE][END] status=200 duration_ms=703.98 memory_delta=2097152

[1 occurrence(s)]
DEBUG --> [REQ_ID=6fbb5c4c11c5] [REQUEST][END]

[1 occurrence(s)]
DEBUG --> [REQ_ID=f9ab5fca42fa] [REQUEST][START] GET /index.php/

[1 occurrence(s)]
DEBUG --> [REQ_ID=f9ab5fca42fa] [FILTER_BEFORE] /index.php/

[1 occurrence(s)]
DEBUG --> [REQ_ID=f9ab5fca42fa] [ROUTE] Controller=\App\Controllers\Home Method=index

[1 occurrence(s)]
DEBUG --> [REQ_ID=f9ab5fca42fa] [LIFECYCLE][START] GET https://www.mymiwallet.com/index.php/

[1 occurrence(s)]
DEBUG --> [CSRF] token name=csrf_test_name hash=d7fca80ee6040b74962e4a11ed63eb46

[1 occurrence(s)]
DEBUG --> [REQ_ID=6960aa1e3641] [INIT] App\Controllers\Home::GET

[9 occurrence(s)]
DEBUG --> [MetaService] slug= pageName= cacheHit=1 path=CACHE

[1 occurrence(s)]
DEBUG --> [REQ_ID=6960aa1e3641] [VIEW_RENDER] themes/public/home

[1 occurrence(s)]
DEBUG --> [REQ_ID=f9ab5fca42fa] [FILTER_AFTER]

[1 occurrence(s)]
DEBUG --> [REQ_ID=f9ab5fca42fa] [LIFECYCLE][END] status=200 duration_ms=871.14 memory_delta=4194304

[1 occurrence(s)]
DEBUG --> [REQ_ID=f9ab5fca42fa] [REQUEST][END]

[1 occurrence(s)]
DEBUG --> [REQ_ID=ae4c79d8cfd7] [REQUEST][START] GET /index.php/Preview/Alert/IMNN

[1 occurrence(s)]
DEBUG --> [REQ_ID=ae4c79d8cfd7] [FILTER_BEFORE] /index.php/Preview/Alert/IMNN

[1 occurrence(s)]
DEBUG --> [REQ_ID=ae4c79d8cfd7] [ROUTE] Controller=\App\Modules\User\Controllers\AlertsController Method=preview

[1 occurrence(s)]
DEBUG --> [REQ_ID=ae4c79d8cfd7] [LIFECYCLE][START] GET https://www.mymiwallet.com/index.php/Preview/Alert/IMNN

[1 occurrence(s)]
DEBUG --> [CSRF] token name=csrf_test_name hash=a8dad5a8b838fa913e0ea6684aefdac9

[1 occurrence(s)]
DEBUG --> [REQ_ID=fa090b1f6a66] [INIT] App\Modules\User\Controllers\AlertsController::GET

[1 occurrence(s)]
DEBUG --> [REQ_ID=fa090b1f6a66] [METHOD_ENTRY] preview

[1 occurrence(s)]
DEBUG --> [REQ_ID=fa090b1f6a66] [VIEW_RENDER] themes/public/previewAlert

[1 occurrence(s)]
DEBUG --> [REQ_ID=ae4c79d8cfd7] [FILTER_AFTER]

[1 occurrence(s)]
DEBUG --> [REQ_ID=ae4c79d8cfd7] [LIFECYCLE][END] status=200 duration_ms=478.39 memory_delta=2097152

[1 occurrence(s)]
DEBUG --> [REQ_ID=ae4c79d8cfd7] [REQUEST][END]

[1 occurrence(s)]
DEBUG --> [REQ_ID=ca2a17d0c986] [REQUEST][START] HEAD /

[1 occurrence(s)]
DEBUG --> [REQ_ID=09d7edb5a31d] [REQUEST][START] GET /index.php/Support

[1 occurrence(s)]
DEBUG --> [REQ_ID=09d7edb5a31d] [FILTER_BEFORE] /index.php/Support

[1 occurrence(s)]
DEBUG --> [REQ_ID=09d7edb5a31d] [ROUTE] Controller=\App\Modules\Support\Controllers\SupportController Method=index

[1 occurrence(s)]
DEBUG --> [REQ_ID=09d7edb5a31d] [LIFECYCLE][START] GET https://www.mymiwallet.com/index.php/Support

[1 occurrence(s)]
DEBUG --> [CSRF] token name=csrf_test_name hash=feb38e7d0222b4fa6a606e30935059ed

[1 occurrence(s)]
DEBUG --> [REQ_ID=7d9918b5cef9] [INIT] App\Modules\Support\Controllers\SupportController::GET

[1 occurrence(s)]
DEBUG --> [REQ_ID=7d9918b5cef9] [METHOD_ENTRY] index

[1 occurrence(s)]
DEBUG --> [REQ_ID=7d9918b5cef9] [VIEW_RENDER] SupportModule\Views\Support\index

[1 occurrence(s)]
DEBUG --> [REQ_ID=09d7edb5a31d] [FILTER_AFTER]

[1 occurrence(s)]
DEBUG --> [REQ_ID=09d7edb5a31d] [LIFECYCLE][END] status=200 duration_ms=193.95 memory_delta=0

[1 occurrence(s)]
DEBUG --> [REQ_ID=09d7edb5a31d] [REQUEST][END]

[1 occurrence(s)]
DEBUG --> [REQ_ID=5ce0f8f72275] [REQUEST][START] GET /index.php/API/Management/Run-CRON-Tasks

[1 occurrence(s)]
DEBUG --> [REQ_ID=5ce0f8f72275] [FILTER_BEFORE] /index.php/API/Management/Run-CRON-Tasks

[1 occurrence(s)]
DEBUG --> [REQ_ID=5ce0f8f72275] [ROUTE] Controller=\App\Modules\Management\Controllers\ManagementAPIController Method=Run_CRON_Tasks

[1 occurrence(s)]
DEBUG --> [REQ_ID=5ce0f8f72275] [LIFECYCLE][START] GET https://www.mymiwallet.com/index.php/API/Management/Run-CRON-Tasks

[1 occurrence(s)]
DEBUG --> [REQ_ID=5ce0f8f72275] [REQUEST][END]

[1 occurrence(s)]
DEBUG --> [REQ_ID=5186c578a120] [REQUEST][START] GET /index.php/Investments

[1 occurrence(s)]
DEBUG --> [REQ_ID=5186c578a120] [FILTER_BEFORE] /index.php/Investments

[1 occurrence(s)]
DEBUG --> [REQ_ID=5186c578a120] [ROUTE] Controller=\App\Modules\User\Controllers\InvestmentsController Method=index

[1 occurrence(s)]
DEBUG --> [REQ_ID=5186c578a120] [LIFECYCLE][START] GET https://www.mymiwallet.com/index.php/Investments

[1 occurrence(s)]
DEBUG --> [CSRF] token name=csrf_test_name hash=b7b603bdf62becf068428e79f754042f

[1 occurrence(s)]
DEBUG --> [REQ_ID=5186c578a120] [REQUEST][END]

[1 occurrence(s)]
DEBUG --> [REQ_ID=8f3f992df930] [REQUEST][START] GET /index.php/login

[1 occurrence(s)]
DEBUG --> [REQ_ID=8f3f992df930] [FILTER_BEFORE] /index.php/login

[1 occurrence(s)]
DEBUG --> [REQ_ID=8f3f992df930] [ROUTE] Controller=\App\Controllers\AuthController Method=login

[1 occurrence(s)]
DEBUG --> [REQ_ID=8f3f992df930] [LIFECYCLE][START] GET https://www.mymiwallet.com/index.php/login

[1 occurrence(s)]
DEBUG --> [CSRF] token name=csrf_test_name hash=8f2a1ca89a77c60051bfba0c7a532a5d

[1 occurrence(s)]
DEBUG --> [REQ_ID=cd9c10730260] [INIT] App\Controllers\AuthController::GET

[1 occurrence(s)]
DEBUG --> [REQ_ID=8f3f992df930] [FILTER_AFTER]

[1 occurrence(s)]
DEBUG --> [REQ_ID=8f3f992df930] [LIFECYCLE][END] status=200 duration_ms=54.95 memory_delta=0

[1 occurrence(s)]
DEBUG --> [REQ_ID=8f3f992df930] [REQUEST][END]

[1 occurrence(s)]
DEBUG --> [REQ_ID=052ad1d639de] [REQUEST][START] GET /index.php/Management/Users

[1 occurrence(s)]
DEBUG --> [REQ_ID=052ad1d639de] [FILTER_BEFORE] /index.php/Management/Users

[1 occurrence(s)]
DEBUG --> [REQ_ID=052ad1d639de] [ROUTE] Controller=\App\Modules\Management\Controllers\UsersController Method=index

[1 occurrence(s)]
DEBUG --> [REQ_ID=052ad1d639de] [LIFECYCLE][START] GET https://www.mymiwallet.com/index.php/Management/Users

[1 occurrence(s)]
DEBUG --> [CSRF] token name=csrf_test_name hash=ea7467e4548118b95c4f446dc938ab6c

[1 occurrence(s)]
DEBUG --> [REQ_ID=052ad1d639de] [REQUEST][END]

[1 occurrence(s)]
DEBUG --> [REQ_ID=e59f4ef6bb96] [REQUEST][START] GET /index.php/login

[1 occurrence(s)]
DEBUG --> [REQ_ID=e59f4ef6bb96] [FILTER_BEFORE] /index.php/login

[1 occurrence(s)]
DEBUG --> [REQ_ID=e59f4ef6bb96] [ROUTE] Controller=\App\Controllers\AuthController Method=login

[1 occurrence(s)]
DEBUG --> [REQ_ID=e59f4ef6bb96] [LIFECYCLE][START] GET https://www.mymiwallet.com/index.php/login

[1 occurrence(s)]
DEBUG --> [CSRF] token name=csrf_test_name hash=77c3d4e71b1115eab32c8723f17b10cb

[1 occurrence(s)]
DEBUG --> [REQ_ID=37ac39a30c68] [INIT] App\Controllers\AuthController::GET

[1 occurrence(s)]
DEBUG --> [REQ_ID=e59f4ef6bb96] [FILTER_AFTER]

[1 occurrence(s)]
DEBUG --> [REQ_ID=e59f4ef6bb96] [LIFECYCLE][END] status=200 duration_ms=38.80 memory_delta=0

[1 occurrence(s)]
DEBUG --> [REQ_ID=e59f4ef6bb96] [REQUEST][END]

[1 occurrence(s)]
DEBUG --> [REQ_ID=93229c96d74a] [REQUEST][START] GET /index.php/Knowledgebase/Account-And-Billing

[1 occurrence(s)]
DEBUG --> [REQ_ID=93229c96d74a] [FILTER_BEFORE] /index.php/Knowledgebase/Account-And-Billing

[1 occurrence(s)]
DEBUG --> [REQ_ID=93229c96d74a] [ROUTE] Controller=\App\Modules\User\Controllers\KnowledgebaseController Method=accountBilling

[1 occurrence(s)]
DEBUG --> [REQ_ID=93229c96d74a] [LIFECYCLE][START] GET https://www.mymiwallet.com/index.php/Knowledgebase/Account-And-Billing

[1 occurrence(s)]
DEBUG --> [CSRF] token name=csrf_test_name hash=87882787230292caa60130e3f09259ec

[1 occurrence(s)]
DEBUG --> [REQ_ID=93229c96d74a] [REQUEST][END]

[1 occurrence(s)]
DEBUG --> [REQ_ID=8016fa8ed6b6] [REQUEST][START] GET /index.php/login

[1 occurrence(s)]
DEBUG --> [REQ_ID=8016fa8ed6b6] [FILTER_BEFORE] /index.php/login

[1 occurrence(s)]
DEBUG --> [REQ_ID=8016fa8ed6b6] [ROUTE] Controller=\App\Controllers\AuthController Method=login

[1 occurrence(s)]
DEBUG --> [REQ_ID=8016fa8ed6b6] [LIFECYCLE][START] GET https://www.mymiwallet.com/index.php/login

[1 occurrence(s)]
DEBUG --> [CSRF] token name=csrf_test_name hash=01dd9d3c0112def6e39ebc36c836c484

[1 occurrence(s)]
DEBUG --> [REQ_ID=0913eba2ba9e] [INIT] App\Controllers\AuthController::GET

[1 occurrence(s)]
DEBUG --> [REQ_ID=8016fa8ed6b6] [FILTER_AFTER]

[1 occurrence(s)]
DEBUG --> [REQ_ID=8016fa8ed6b6] [LIFECYCLE][END] status=200 duration_ms=144.50 memory_delta=0

[1 occurrence(s)]
DEBUG --> [REQ_ID=8016fa8ed6b6] [REQUEST][END]

[1 occurrence(s)]
DEBUG --> [REQ_ID=3d8ee34eda51] [REQUEST][START] GET /index.php/API/Alerts/fetchEmailAlerts

[1 occurrence(s)]
DEBUG --> [REQ_ID=3d8ee34eda51] [FILTER_BEFORE] /index.php/API/Alerts/fetchEmailAlerts

[1 occurrence(s)]
DEBUG --> [REQ_ID=3d8ee34eda51] [ROUTE] Controller=\App\Modules\APIs\Controllers\AlertsAPIController Method=fetchEmailAlerts

[1 occurrence(s)]
DEBUG --> [REQ_ID=3d8ee34eda51] [LIFECYCLE][START] GET https://www.mymiwallet.com/index.php/API/Alerts/fetchEmailAlerts

[1 occurrence(s)]
DEBUG --> [REQ_ID=3d8ee34eda51] [REQUEST][END]

[1 occurrence(s)]
DEBUG --> [REQ_ID=abf6ee601fc8] [REQUEST][START] GET /index.php/Management/Budgets

[1 occurrence(s)]
DEBUG --> [REQ_ID=abf6ee601fc8] [FILTER_BEFORE] /index.php/Management/Budgets

[1 occurrence(s)]
DEBUG --> [REQ_ID=abf6ee601fc8] [ROUTE] Controller=\App\Modules\Management\Controllers\BudgetsAdminController Method=index

[1 occurrence(s)]
DEBUG --> [REQ_ID=abf6ee601fc8] [LIFECYCLE][START] GET https://www.mymiwallet.com/index.php/Management/Budgets

[1 occurrence(s)]
DEBUG --> [CSRF] token name=csrf_test_name hash=e8dfbe317ce93a3f731a148ec7add585

[1 occurrence(s)]
DEBUG --> [REQ_ID=abf6ee601fc8] [REQUEST][END]

[1 occurrence(s)]
DEBUG --> [REQ_ID=766181306c30] [REQUEST][START] GET /index.php/login

[1 occurrence(s)]
DEBUG --> [REQ_ID=766181306c30] [FILTER_BEFORE] /index.php/login

[1 occurrence(s)]
DEBUG --> [REQ_ID=766181306c30] [ROUTE] Controller=\App\Controllers\AuthController Method=login

[1 occurrence(s)]
DEBUG --> [REQ_ID=766181306c30] [LIFECYCLE][START] GET https://www.mymiwallet.com/index.php/login

[1 occurrence(s)]
DEBUG --> [CSRF] token name=csrf_test_name hash=53a878029ae2a57af29e2f215412025b

[1 occurrence(s)]
DEBUG --> [REQ_ID=f85981fe5e98] [INIT] App\Controllers\AuthController::GET

[1 occurrence(s)]
DEBUG --> [REQ_ID=766181306c30] [FILTER_AFTER]

[1 occurrence(s)]
DEBUG --> [REQ_ID=766181306c30] [LIFECYCLE][END] status=200 duration_ms=113.09 memory_delta=0

[1 occurrence(s)]
DEBUG --> [REQ_ID=766181306c30] [REQUEST][END]

[1 occurrence(s)]
DEBUG --> [REQ_ID=006df7bb39b1] [REQUEST][START] GET /index.php/Memberships/Customize

[1 occurrence(s)]
DEBUG --> [REQ_ID=006df7bb39b1] [FILTER_BEFORE] /index.php/Memberships/Customize

[1 occurrence(s)]
DEBUG --> [REQ_ID=006df7bb39b1] [ROUTE] Controller=\App\Controllers\Home Method=memberships

[1 occurrence(s)]
DEBUG --> [REQ_ID=006df7bb39b1] [LIFECYCLE][START] GET https://www.mymiwallet.com/index.php/Memberships/Customize

[1 occurrence(s)]
DEBUG --> [CSRF] token name=csrf_test_name hash=ae620ea0f4ba174be7e1d5c0d95f1ba8

[1 occurrence(s)]
DEBUG --> [REQ_ID=fadbb366434d] [INIT] App\Controllers\Home::GET

[1 occurrence(s)]
DEBUG --> [MetaService] slug=memberships/customize pageName= cacheHit= path=DB

[1 occurrence(s)]
DEBUG --> [REQ_ID=fadbb366434d] [VIEW_RENDER] themes/public/memberships

[1 occurrence(s)]
DEBUG --> [MetaService] slug=memberships/customize pageName=Memberships cacheHit= path=DB

[1 occurrence(s)]
DEBUG --> [REQ_ID=006df7bb39b1] [FILTER_AFTER]

[1 occurrence(s)]
DEBUG --> [REQ_ID=006df7bb39b1] [LIFECYCLE][END] status=200 duration_ms=835.35 memory_delta=4194304

[1 occurrence(s)]
DEBUG --> [REQ_ID=006df7bb39b1] [REQUEST][END]

[1 occurrence(s)]
DEBUG --> [REQ_ID=553f5a7b51a3] [REQUEST][START] GET /

[1 occurrence(s)]
DEBUG --> [REQ_ID=553f5a7b51a3] [FILTER_BEFORE] /

[1 occurrence(s)]
DEBUG --> [REQ_ID=553f5a7b51a3] [ROUTE] Controller=\App\Controllers\Home Method=index

[1 occurrence(s)]
DEBUG --> [REQ_ID=553f5a7b51a3] [LIFECYCLE][START] GET https://www.mymiwallet.com/index.php/

[1 occurrence(s)]
DEBUG --> [CSRF] token name=csrf_test_name hash=0544ca815be586b2a50fecd68674d6a7

[1 occurrence(s)]
DEBUG --> [REQ_ID=4954a869b08b] [INIT] App\Controllers\Home::GET

[1 occurrence(s)]
DEBUG --> [REQ_ID=4954a869b08b] [VIEW_RENDER] themes/public/home

[3 occurrence(s)]
DEBUG --> [MetaService] slug= pageName=Home cacheHit= path=DB

[1 occurrence(s)]
DEBUG --> [REQ_ID=553f5a7b51a3] [FILTER_AFTER]

[1 occurrence(s)]
DEBUG --> [REQ_ID=553f5a7b51a3] [LIFECYCLE][END] status=200 duration_ms=692.30 memory_delta=4194304

[1 occurrence(s)]
DEBUG --> [REQ_ID=553f5a7b51a3] [REQUEST][END]

[1 occurrence(s)]
DEBUG --> [REQ_ID=68b6ec81c3b9] [REQUEST][START] GET /

[1 occurrence(s)]
DEBUG --> [REQ_ID=68b6ec81c3b9] [FILTER_BEFORE] /

[1 occurrence(s)]
DEBUG --> [REQ_ID=68b6ec81c3b9] [ROUTE] Controller=\App\Controllers\Home Method=index

[1 occurrence(s)]
DEBUG --> [REQ_ID=68b6ec81c3b9] [LIFECYCLE][START] GET https://www.mymiwallet.com/index.php/

[38 occurrence(s)]
DEBUG --> [CSRF] token name=csrf_test_name hash=2967d43f2dd7bba427106bade42b76d9

[1 occurrence(s)]
DEBUG --> [REQ_ID=5a606582bb69] [INIT] App\Controllers\Home::GET

[1 occurrence(s)]
DEBUG --> [REQ_ID=5a606582bb69] [VIEW_RENDER] themes/public/home

[1 occurrence(s)]
DEBUG --> [REQ_ID=68b6ec81c3b9] [FILTER_AFTER]

[1 occurrence(s)]
DEBUG --> [REQ_ID=68b6ec81c3b9] [LIFECYCLE][END] status=200 duration_ms=588.72 memory_delta=2097152

[1 occurrence(s)]
DEBUG --> [REQ_ID=68b6ec81c3b9] [REQUEST][END]

[1 occurrence(s)]
DEBUG --> [REQ_ID=21982890585a] [REQUEST][START] POST /index.php/register

[1 occurrence(s)]
DEBUG --> [REQ_ID=21982890585a] [FILTER_BEFORE] /index.php/register

[1 occurrence(s)]
DEBUG --> [REQ_ID=21982890585a] [ROUTE] Controller=\App\Controllers\AuthController Method=attemptRegister

[1 occurrence(s)]
DEBUG --> [REQ_ID=21982890585a] [LIFECYCLE][START] POST https://www.mymiwallet.com/index.php/register

[1 occurrence(s)]
DEBUG --> [REQ_ID=45a68b7cdf45] [INIT] App\Controllers\AuthController::POST

[1 occurrence(s)]
DEBUG --> [REQ_ID=21982890585a] [FILTER_AFTER]

[1 occurrence(s)]
DEBUG --> [REQ_ID=21982890585a] [LIFECYCLE][END] status=303 duration_ms=5,610.01 memory_delta=0

[1 occurrence(s)]
DEBUG --> [REQ_ID=21982890585a] [REQUEST][END]

[1 occurrence(s)]
DEBUG --> [REQ_ID=508b249b4c32] [REQUEST][START] POST /index.php/register

[1 occurrence(s)]
DEBUG --> [REQ_ID=508b249b4c32] [FILTER_BEFORE] /index.php/register

[1 occurrence(s)]
DEBUG --> [REQ_ID=508b249b4c32] [ROUTE] Controller=\App\Controllers\AuthController Method=attemptRegister

[1 occurrence(s)]
DEBUG --> [REQ_ID=508b249b4c32] [LIFECYCLE][START] POST https://www.mymiwallet.com/index.php/register

[1 occurrence(s)]
DEBUG --> [REQ_ID=6a8dab5c31ce] [INIT] App\Controllers\AuthController::POST

[1 occurrence(s)]
DEBUG --> [REQ_ID=508b249b4c32] [FILTER_AFTER]

[1 occurrence(s)]
DEBUG --> [REQ_ID=508b249b4c32] [LIFECYCLE][END] status=303 duration_ms=106.91 memory_delta=0

[1 occurrence(s)]
DEBUG --> [REQ_ID=508b249b4c32] [REQUEST][END]

[1 occurrence(s)]
DEBUG --> [REQ_ID=e6d2544a7b55] [REQUEST][START] GET /index.php/

[1 occurrence(s)]
DEBUG --> [REQ_ID=e6d2544a7b55] [FILTER_BEFORE] /index.php/

[1 occurrence(s)]
DEBUG --> [REQ_ID=e6d2544a7b55] [ROUTE] Controller=\App\Controllers\Home Method=index

[1 occurrence(s)]
DEBUG --> [REQ_ID=e6d2544a7b55] [LIFECYCLE][START] GET https://www.mymiwallet.com/index.php/

[1 occurrence(s)]
DEBUG --> [REQ_ID=74913d66bffd] [INIT] App\Controllers\Home::GET

[1 occurrence(s)]
DEBUG --> [REQ_ID=74913d66bffd] [VIEW_RENDER] themes/public/home

[1 occurrence(s)]
DEBUG --> [REQ_ID=e6d2544a7b55] [FILTER_AFTER]

[1 occurrence(s)]
DEBUG --> [REQ_ID=e6d2544a7b55] [LIFECYCLE][END] status=200 duration_ms=599.70 memory_delta=4194304

[1 occurrence(s)]
DEBUG --> [REQ_ID=e6d2544a7b55] [REQUEST][END]

[1 occurrence(s)]
DEBUG --> [REQ_ID=fa40dbe137c2] [REQUEST][START] GET /index.php/login

[1 occurrence(s)]
DEBUG --> [REQ_ID=fa40dbe137c2] [FILTER_BEFORE] /index.php/login

[1 occurrence(s)]
DEBUG --> [REQ_ID=fa40dbe137c2] [ROUTE] Controller=\App\Controllers\AuthController Method=login

[1 occurrence(s)]
DEBUG --> [REQ_ID=fa40dbe137c2] [LIFECYCLE][START] GET https://www.mymiwallet.com/index.php/login

[1 occurrence(s)]
DEBUG --> [REQ_ID=ee5ed1c73c1c] [INIT] App\Controllers\AuthController::GET

[1 occurrence(s)]
DEBUG --> [REQ_ID=fa40dbe137c2] [FILTER_AFTER]

[1 occurrence(s)]
DEBUG --> [REQ_ID=fa40dbe137c2] [LIFECYCLE][END] status=200 duration_ms=17.78 memory_delta=0

[1 occurrence(s)]
DEBUG --> [REQ_ID=fa40dbe137c2] [REQUEST][END]

[1 occurrence(s)]
DEBUG --> [REQ_ID=3a5f73d2a618] [REQUEST][START] POST /index.php/login

[1 occurrence(s)]
DEBUG --> [REQ_ID=3a5f73d2a618] [FILTER_BEFORE] /index.php/login

[1 occurrence(s)]
DEBUG --> [REQ_ID=3a5f73d2a618] [ROUTE] Controller=\App\Controllers\AuthController Method=attemptLogin

[1 occurrence(s)]
DEBUG --> [REQ_ID=3a5f73d2a618] [LIFECYCLE][START] POST https://www.mymiwallet.com/index.php/login

[1 occurrence(s)]
DEBUG --> [REQ_ID=244e1330b082] [INIT] App\Controllers\AuthController::POST

[1 occurrence(s)]
DEBUG --> Auth attemptLogin() called with login identifier: m.ar.tins.h.ir.l.e.y.84@gmail.com, remember: true

[1 occurrence(s)]
DEBUG --> Auth attemptLogin() called. redirect_url in session: none

[1 occurrence(s)]
DEBUG --> Auth credentials normalised for attempt using key "email"

[1 occurrence(s)]
DEBUG --> Auth attempt failed for identifier m.ar.tins.h.ir.l.e.y.84@gmail.com. Error: Unable to log you in. Please check your password.

[1 occurrence(s)]
DEBUG --> [REQ_ID=3a5f73d2a618] [FILTER_AFTER]

[1 occurrence(s)]
DEBUG --> [REQ_ID=3a5f73d2a618] [LIFECYCLE][END] status=303 duration_ms=192.54 memory_delta=0

[1 occurrence(s)]
DEBUG --> [REQ_ID=3a5f73d2a618] [REQUEST][END]

[1 occurrence(s)]
DEBUG --> [REQ_ID=b70efaf44b61] [REQUEST][START] GET /index.php/login

[1 occurrence(s)]
DEBUG --> [REQ_ID=b70efaf44b61] [FILTER_BEFORE] /index.php/login

[1 occurrence(s)]
DEBUG --> [REQ_ID=b70efaf44b61] [ROUTE] Controller=\App\Controllers\AuthController Method=login

[1 occurrence(s)]
DEBUG --> [REQ_ID=b70efaf44b61] [LIFECYCLE][START] GET https://www.mymiwallet.com/index.php/login

[1 occurrence(s)]
DEBUG --> [REQ_ID=503105b2eb12] [INIT] App\Controllers\AuthController::GET

[1 occurrence(s)]
DEBUG --> [REQ_ID=b70efaf44b61] [FILTER_AFTER]

[1 occurrence(s)]
DEBUG --> [REQ_ID=b70efaf44b61] [LIFECYCLE][END] status=200 duration_ms=192.81 memory_delta=0

[1 occurrence(s)]
DEBUG --> [REQ_ID=b70efaf44b61] [REQUEST][END]

[1 occurrence(s)]
DEBUG --> [REQ_ID=929d38279a40] [REQUEST][START] GET /index.php/MyMI-Gold/Goals/Daily

[1 occurrence(s)]
DEBUG --> [REQ_ID=929d38279a40] [FILTER_BEFORE] /index.php/MyMI-Gold/Goals/Daily

[1 occurrence(s)]
DEBUG --> [REQ_ID=929d38279a40] [ROUTE] Controller=\App\Modules\User\Controllers\DashboardController Method=goals

[1 occurrence(s)]
DEBUG --> [REQ_ID=929d38279a40] [LIFECYCLE][START] GET https://www.mymiwallet.com/index.php/MyMI-Gold/Goals/Daily

[1 occurrence(s)]
DEBUG --> [CSRF] token name=csrf_test_name hash=a3b6b8dfa11b19e86598c58e04616b03

[1 occurrence(s)]
DEBUG --> [REQ_ID=929d38279a40] [REQUEST][END]

[1 occurrence(s)]
DEBUG --> [REQ_ID=9593154c3f3a] [REQUEST][START] GET /index.php/login

[1 occurrence(s)]
DEBUG --> [REQ_ID=9593154c3f3a] [FILTER_BEFORE] /index.php/login

[1 occurrence(s)]
DEBUG --> [REQ_ID=9593154c3f3a] [ROUTE] Controller=\App\Controllers\AuthController Method=login

[1 occurrence(s)]
DEBUG --> [REQ_ID=9593154c3f3a] [LIFECYCLE][START] GET https://www.mymiwallet.com/index.php/login

[1 occurrence(s)]
DEBUG --> [CSRF] token name=csrf_test_name hash=70b725990b1145b2d169aa5df3fa3fd5

[1 occurrence(s)]
DEBUG --> [REQ_ID=4f441cdab959] [INIT] App\Controllers\AuthController::GET

[1 occurrence(s)]
DEBUG --> [REQ_ID=9593154c3f3a] [FILTER_AFTER]

[1 occurrence(s)]
DEBUG --> [REQ_ID=9593154c3f3a] [LIFECYCLE][END] status=200 duration_ms=84.37 memory_delta=0

[1 occurrence(s)]
DEBUG --> [REQ_ID=9593154c3f3a] [REQUEST][END]

[1 occurrence(s)]
DEBUG --> [REQ_ID=8827bfa431c9] [REQUEST][START] GET /index.php/How-It-Works/Investor-Profile

[1 occurrence(s)]
DEBUG --> [REQ_ID=8827bfa431c9] [FILTER_BEFORE] /index.php/How-It-Works/Investor-Profile

[1 occurrence(s)]
DEBUG --> [REQ_ID=8827bfa431c9] [ROUTE] Controller=\App\Modules\Blog\Controllers\HowItWorksController Method=show

[1 occurrence(s)]
DEBUG --> [REQ_ID=8827bfa431c9] [LIFECYCLE][START] GET https://www.mymiwallet.com/index.php/How-It-Works/Investor-Profile

[1 occurrence(s)]
DEBUG --> [REQ_ID=a9b14818bd2d] [INIT] App\Modules\Blog\Controllers\HowItWorksController::GET

[1 occurrence(s)]
DEBUG --> [REQ_ID=a9b14818bd2d] [METHOD_ENTRY] show

[1 occurrence(s)]
DEBUG --> [REQ_ID=03cc93358695] [REQUEST][START] GET /index.php/How-It-Works/Registering-An-Account

[1 occurrence(s)]
DEBUG --> [REQ_ID=03cc93358695] [FILTER_BEFORE] /index.php/How-It-Works/Registering-An-Account

[1 occurrence(s)]
DEBUG --> [REQ_ID=03cc93358695] [ROUTE] Controller=\App\Modules\Blog\Controllers\HowItWorksController Method=show

[1 occurrence(s)]
DEBUG --> [REQ_ID=03cc93358695] [LIFECYCLE][START] GET https://www.mymiwallet.com/index.php/How-It-Works/Registering-An-Account

[1 occurrence(s)]
DEBUG --> [REQ_ID=34bed9ee87b5] [INIT] App\Modules\Blog\Controllers\HowItWorksController::GET

[1 occurrence(s)]
DEBUG --> [REQ_ID=34bed9ee87b5] [METHOD_ENTRY] show

[1 occurrence(s)]
DEBUG --> [REQ_ID=95f3daaa78e9] [REQUEST][START] GET /index.php/Free/register

[1 occurrence(s)]
DEBUG --> [REQ_ID=95f3daaa78e9] [FILTER_BEFORE] /index.php/Free/register

[1 occurrence(s)]
DEBUG --> [REQ_ID=95f3daaa78e9] [ROUTE] Controller=\App\Controllers\AuthController Method=register

[1 occurrence(s)]
DEBUG --> [REQ_ID=95f3daaa78e9] [LIFECYCLE][START] GET https://www.mymiwallet.com/index.php/Free/register

[1 occurrence(s)]
DEBUG --> [REQ_ID=95f3daaa78e9] [REQUEST][END]

[1 occurrence(s)]
DEBUG --> [REQ_ID=a73cb0955573] [REQUEST][START] GET /index.php/login

[1 occurrence(s)]
DEBUG --> [REQ_ID=a73cb0955573] [FILTER_BEFORE] /index.php/login

[1 occurrence(s)]
DEBUG --> [REQ_ID=a73cb0955573] [ROUTE] Controller=\App\Controllers\AuthController Method=login

[1 occurrence(s)]
DEBUG --> [REQ_ID=a73cb0955573] [LIFECYCLE][START] GET https://www.mymiwallet.com/index.php/login

[1 occurrence(s)]
DEBUG --> [REQ_ID=a7ea53da6eab] [INIT] App\Controllers\AuthController::GET

[1 occurrence(s)]
DEBUG --> [REQ_ID=a73cb0955573] [FILTER_AFTER]

[1 occurrence(s)]
DEBUG --> [REQ_ID=a73cb0955573] [LIFECYCLE][END] status=200 duration_ms=17.33 memory_delta=0

[1 occurrence(s)]
DEBUG --> [REQ_ID=a73cb0955573] [REQUEST][END]

[1 occurrence(s)]
DEBUG --> [REQ_ID=989f41b9aff0] [REQUEST][START] GET /index.php/Support/Account

[1 occurrence(s)]
DEBUG --> [REQ_ID=989f41b9aff0] [FILTER_BEFORE] /index.php/Support/Account

[1 occurrence(s)]
DEBUG --> [REQ_ID=989f41b9aff0] [ROUTE] Controller=\App\Modules\Support\Controllers\AccountSupportController Method=index

[1 occurrence(s)]
DEBUG --> [REQ_ID=989f41b9aff0] [LIFECYCLE][START] GET https://www.mymiwallet.com/index.php/Support/Account

[1 occurrence(s)]
DEBUG --> [REQ_ID=85f6bb8d842c] [INIT] App\Modules\Support\Controllers\AccountSupportController::GET

[1 occurrence(s)]
DEBUG --> [REQ_ID=85f6bb8d842c] [METHOD_ENTRY] index

[1 occurrence(s)]
DEBUG --> [REQ_ID=85f6bb8d842c] [VIEW_RENDER] SupportModule/Support/account_help

[1 occurrence(s)]
DEBUG --> [REQ_ID=989f41b9aff0] [FILTER_AFTER]

[1 occurrence(s)]
DEBUG --> [REQ_ID=989f41b9aff0] [LIFECYCLE][END] status=200 duration_ms=28.78 memory_delta=0

[1 occurrence(s)]
DEBUG --> [REQ_ID=989f41b9aff0] [REQUEST][END]

[1 occurrence(s)]
DEBUG --> [REQ_ID=85c1217371cd] [REQUEST][START] POST /index.php/Support/sendPasswordReset

[1 occurrence(s)]
DEBUG --> [REQ_ID=85c1217371cd] [FILTER_BEFORE] /index.php/Support/sendPasswordReset

[1 occurrence(s)]
DEBUG --> [REQ_ID=85c1217371cd] [ROUTE] Controller=\App\Modules\Support\Controllers\AccountSupportController Method=sendPasswordReset

[1 occurrence(s)]
DEBUG --> [REQ_ID=85c1217371cd] [LIFECYCLE][START] POST https://www.mymiwallet.com/index.php/Support/sendPasswordReset

[1 occurrence(s)]
DEBUG --> [REQ_ID=903b7c24322f] [INIT] App\Modules\Support\Controllers\AccountSupportController::POST

[1 occurrence(s)]
DEBUG --> [REQ_ID=903b7c24322f] [METHOD_ENTRY] sendPasswordReset

[1 occurrence(s)]
DEBUG --> [REQ_ID=85c1217371cd] [FILTER_AFTER]

[1 occurrence(s)]
DEBUG --> [REQ_ID=85c1217371cd] [LIFECYCLE][END] status=303 duration_ms=1,344.15 memory_delta=0

[1 occurrence(s)]
DEBUG --> [REQ_ID=85c1217371cd] [REQUEST][END]

[1 occurrence(s)]
DEBUG --> [REQ_ID=63667b34c0e9] [REQUEST][START] GET /index.php/Support/Account

[1 occurrence(s)]
DEBUG --> [REQ_ID=63667b34c0e9] [FILTER_BEFORE] /index.php/Support/Account

[1 occurrence(s)]
DEBUG --> [REQ_ID=63667b34c0e9] [ROUTE] Controller=\App\Modules\Support\Controllers\AccountSupportController Method=index

[1 occurrence(s)]
DEBUG --> [REQ_ID=63667b34c0e9] [LIFECYCLE][START] GET https://www.mymiwallet.com/index.php/Support/Account

[1 occurrence(s)]
DEBUG --> [REQ_ID=94110b12e2b8] [INIT] App\Modules\Support\Controllers\AccountSupportController::GET

[1 occurrence(s)]
DEBUG --> [REQ_ID=94110b12e2b8] [METHOD_ENTRY] index

[1 occurrence(s)]
DEBUG --> [REQ_ID=94110b12e2b8] [VIEW_RENDER] SupportModule/Support/account_help

[1 occurrence(s)]
DEBUG --> [REQ_ID=63667b34c0e9] [FILTER_AFTER]

[1 occurrence(s)]
DEBUG --> [REQ_ID=63667b34c0e9] [LIFECYCLE][END] status=200 duration_ms=29.81 memory_delta=0

[1 occurrence(s)]
DEBUG --> [REQ_ID=63667b34c0e9] [REQUEST][END]

[1 occurrence(s)]
DEBUG --> [REQ_ID=01f4142a0ea1] [REQUEST][START] GET /index.php/API/Management/Run-CRON-Tasks

[1 occurrence(s)]
DEBUG --> [REQ_ID=01f4142a0ea1] [FILTER_BEFORE] /index.php/API/Management/Run-CRON-Tasks

[1 occurrence(s)]
DEBUG --> [REQ_ID=01f4142a0ea1] [ROUTE] Controller=\App\Modules\Management\Controllers\ManagementAPIController Method=Run_CRON_Tasks

[1 occurrence(s)]
DEBUG --> [REQ_ID=01f4142a0ea1] [LIFECYCLE][START] GET https://www.mymiwallet.com/index.php/API/Management/Run-CRON-Tasks

[1 occurrence(s)]
DEBUG --> [REQ_ID=01f4142a0ea1] [REQUEST][END]

[1 occurrence(s)]
DEBUG --> [REQ_ID=d582ae29914c] [REQUEST][START] GET /index.php/forgot

[1 occurrence(s)]
DEBUG --> [REQ_ID=d582ae29914c] [FILTER_BEFORE] /index.php/forgot

[1 occurrence(s)]
DEBUG --> [REQ_ID=d582ae29914c] [ROUTE] Controller=\Myth\Auth\Controllers\AuthController Method=forgotPassword

[1 occurrence(s)]
DEBUG --> [REQ_ID=d582ae29914c] [LIFECYCLE][START] GET https://www.mymiwallet.com/index.php/forgot

[1 occurrence(s)]
DEBUG --> [REQ_ID=d582ae29914c] [FILTER_AFTER]

[1 occurrence(s)]
DEBUG --> [REQ_ID=d582ae29914c] [LIFECYCLE][END] status=200 duration_ms=3.27 memory_delta=0

[1 occurrence(s)]
DEBUG --> [REQ_ID=d582ae29914c] [REQUEST][END]

[1 occurrence(s)]
DEBUG --> [REQ_ID=f70411f68f24] [REQUEST][START] HEAD /

[1 occurrence(s)]
DEBUG --> [REQ_ID=326a42ae1931] [REQUEST][START] GET /index.php/register

[1 occurrence(s)]
DEBUG --> [REQ_ID=326a42ae1931] [FILTER_BEFORE] /index.php/register

[1 occurrence(s)]
DEBUG --> [REQ_ID=326a42ae1931] [ROUTE] Controller=\App\Controllers\AuthController Method=register

[1 occurrence(s)]
DEBUG --> [REQ_ID=326a42ae1931] [LIFECYCLE][START] GET https://www.mymiwallet.com/index.php/register

[1 occurrence(s)]
DEBUG --> [REQ_ID=00ae2923c2b0] [INIT] App\Controllers\AuthController::GET

[1 occurrence(s)]
DEBUG --> [REQ_ID=d1f30a2f64d5] [REQUEST][START] GET /index.php/Account/Activity

[1 occurrence(s)]
DEBUG --> [REQ_ID=d1f30a2f64d5] [FILTER_BEFORE] /index.php/Account/Activity

[1 occurrence(s)]
DEBUG --> [REQ_ID=d1f30a2f64d5] [ROUTE] Controller=\App\Modules\User\Controllers\DashboardController Method=activity

[1 occurrence(s)]
DEBUG --> [REQ_ID=d1f30a2f64d5] [LIFECYCLE][START] GET https://www.mymiwallet.com/index.php/Account/Activity

[1 occurrence(s)]
DEBUG --> [REQ_ID=d1f30a2f64d5] [REQUEST][END]

[1 occurrence(s)]
DEBUG --> [REQ_ID=e43f1b028978] [REQUEST][START] GET /index.php/login

[1 occurrence(s)]
DEBUG --> [REQ_ID=e43f1b028978] [FILTER_BEFORE] /index.php/login

[1 occurrence(s)]
DEBUG --> [REQ_ID=e43f1b028978] [ROUTE] Controller=\App\Controllers\AuthController Method=login

[1 occurrence(s)]
DEBUG --> [REQ_ID=e43f1b028978] [LIFECYCLE][START] GET https://www.mymiwallet.com/index.php/login

[1 occurrence(s)]
DEBUG --> [REQ_ID=3fdb91f48144] [INIT] App\Controllers\AuthController::GET

[1 occurrence(s)]
DEBUG --> [REQ_ID=e43f1b028978] [FILTER_AFTER]

[1 occurrence(s)]
DEBUG --> [REQ_ID=e43f1b028978] [LIFECYCLE][END] status=200 duration_ms=22.27 memory_delta=0

[1 occurrence(s)]
DEBUG --> [REQ_ID=e43f1b028978] [REQUEST][END]

[1 occurrence(s)]
DEBUG --> [REQ_ID=0d9b80f55a15] [REQUEST][START] GET /index.php/Account

[1 occurrence(s)]
DEBUG --> [REQ_ID=0d9b80f55a15] [FILTER_BEFORE] /index.php/Account

[1 occurrence(s)]
DEBUG --> [REQ_ID=0d9b80f55a15] [ROUTE] Controller=\App\Modules\User\Controllers\DashboardController Method=account

[1 occurrence(s)]
DEBUG --> [REQ_ID=0d9b80f55a15] [LIFECYCLE][START] GET https://www.mymiwallet.com/index.php/Account

[1 occurrence(s)]
DEBUG --> [REQ_ID=0d9b80f55a15] [REQUEST][END]

[1 occurrence(s)]
DEBUG --> [REQ_ID=9f4b930f0fa5] [REQUEST][START] GET /index.php/login

[1 occurrence(s)]
DEBUG --> [REQ_ID=9f4b930f0fa5] [FILTER_BEFORE] /index.php/login

[1 occurrence(s)]
DEBUG --> [REQ_ID=9f4b930f0fa5] [ROUTE] Controller=\App\Controllers\AuthController Method=login

[1 occurrence(s)]
DEBUG --> [REQ_ID=9f4b930f0fa5] [LIFECYCLE][START] GET https://www.mymiwallet.com/index.php/login

[1 occurrence(s)]
DEBUG --> [REQ_ID=d58208ffc022] [INIT] App\Controllers\AuthController::GET

[1 occurrence(s)]
DEBUG --> [REQ_ID=9f4b930f0fa5] [FILTER_AFTER]

[1 occurrence(s)]
DEBUG --> [REQ_ID=9f4b930f0fa5] [LIFECYCLE][END] status=200 duration_ms=40.22 memory_delta=0

[1 occurrence(s)]
DEBUG --> [REQ_ID=9f4b930f0fa5] [REQUEST][END]

[1 occurrence(s)]
DEBUG --> [REQ_ID=423028a99acb] [REQUEST][START] GET /index.php/logout

[1 occurrence(s)]
DEBUG --> [REQ_ID=423028a99acb] [FILTER_BEFORE] /index.php/logout

[1 occurrence(s)]
DEBUG --> [REQ_ID=423028a99acb] [ROUTE] Controller=\App\Controllers\AuthController Method=logout

[1 occurrence(s)]
DEBUG --> [REQ_ID=423028a99acb] [LIFECYCLE][START] GET https://www.mymiwallet.com/index.php/logout

[1 occurrence(s)]
DEBUG --> [REQ_ID=423028a99acb] [REQUEST][END]

[1 occurrence(s)]
DEBUG --> [REQ_ID=88803b26356a] [REQUEST][START] GET /index.php/login

[1 occurrence(s)]
DEBUG --> [REQ_ID=88803b26356a] [FILTER_BEFORE] /index.php/login

[1 occurrence(s)]
DEBUG --> [REQ_ID=88803b26356a] [ROUTE] Controller=\App\Controllers\AuthController Method=login

[1 occurrence(s)]
DEBUG --> [REQ_ID=88803b26356a] [LIFECYCLE][START] GET https://www.mymiwallet.com/index.php/login

[1 occurrence(s)]
DEBUG --> [REQ_ID=a337634470df] [INIT] App\Controllers\AuthController::GET

[1 occurrence(s)]
DEBUG --> [REQ_ID=88803b26356a] [FILTER_AFTER]

[1 occurrence(s)]
DEBUG --> [REQ_ID=88803b26356a] [LIFECYCLE][END] status=200 duration_ms=191.46 memory_delta=0

[1 occurrence(s)]
DEBUG --> [REQ_ID=88803b26356a] [REQUEST][END]

[1 occurrence(s)]
DEBUG --> [REQ_ID=c304f2fa664d] [REQUEST][START] HEAD /

[1 occurrence(s)]
DEBUG --> [REQ_ID=67d15113c922] [REQUEST][START] GET /index.php/Management/Users

[1 occurrence(s)]
DEBUG --> [REQ_ID=2d95a72cd0c3] [REQUEST][START] GET /index.php/Account/Connected-Accounts

[1 occurrence(s)]
DEBUG --> [REQ_ID=67d15113c922] [FILTER_BEFORE] /index.php/Management/Users

[1 occurrence(s)]
DEBUG --> [REQ_ID=67d15113c922] [ROUTE] Controller=\App\Modules\Management\Controllers\UsersController Method=index

[1 occurrence(s)]
DEBUG --> [REQ_ID=67d15113c922] [LIFECYCLE][START] GET https://www.mymiwallet.com/index.php/Management/Users

[1 occurrence(s)]
DEBUG --> [REQ_ID=67d15113c922] [REQUEST][END]

[1 occurrence(s)]
DEBUG --> [REQ_ID=2d95a72cd0c3] [FILTER_BEFORE] /index.php/Account/Connected-Accounts

[1 occurrence(s)]
DEBUG --> [REQ_ID=2d95a72cd0c3] [ROUTE] Controller=\App\Modules\User\Controllers\DashboardController Method=connectedAccounts

[1 occurrence(s)]
DEBUG --> [REQ_ID=2d95a72cd0c3] [LIFECYCLE][START] GET https://www.mymiwallet.com/index.php/Account/Connected-Accounts

[1 occurrence(s)]
DEBUG --> [REQ_ID=2d95a72cd0c3] [REQUEST][END]

[1 occurrence(s)]
DEBUG --> [REQ_ID=5566f2b81500] [REQUEST][START] GET /index.php/login

[1 occurrence(s)]
DEBUG --> [REQ_ID=5566f2b81500] [FILTER_BEFORE] /index.php/login

[1 occurrence(s)]
DEBUG --> [REQ_ID=5566f2b81500] [ROUTE] Controller=\App\Controllers\AuthController Method=login

[1 occurrence(s)]
DEBUG --> [REQ_ID=5566f2b81500] [LIFECYCLE][START] GET https://www.mymiwallet.com/index.php/login

[1 occurrence(s)]
DEBUG --> [REQ_ID=49f459e17af6] [INIT] App\Controllers\AuthController::GET

[1 occurrence(s)]
DEBUG --> [REQ_ID=5566f2b81500] [FILTER_AFTER]

[1 occurrence(s)]
DEBUG --> [REQ_ID=5566f2b81500] [LIFECYCLE][END] status=200 duration_ms=44.78 memory_delta=0

[1 occurrence(s)]
DEBUG --> [REQ_ID=5566f2b81500] [REQUEST][END]

[1 occurrence(s)]
DEBUG --> [REQ_ID=f72413ae5c18] [REQUEST][START] GET /index.php/Account/Security

[1 occurrence(s)]
DEBUG --> [REQ_ID=fae2d6ebb72a] [REQUEST][START] GET /index.php/Profile/

[1 occurrence(s)]
DEBUG --> [REQ_ID=f72413ae5c18] [FILTER_BEFORE] /index.php/Account/Security

[1 occurrence(s)]
DEBUG --> [REQ_ID=f72413ae5c18] [ROUTE] Controller=\App\Modules\User\Controllers\DashboardController Method=Security

[1 occurrence(s)]
DEBUG --> [REQ_ID=f72413ae5c18] [LIFECYCLE][START] GET https://www.mymiwallet.com/index.php/Account/Security

[1 occurrence(s)]
DEBUG --> [REQ_ID=f72413ae5c18] [REQUEST][END]

[1 occurrence(s)]
DEBUG --> [REQ_ID=fae2d6ebb72a] [FILTER_BEFORE] /index.php/Profile/

[1 occurrence(s)]
DEBUG --> [REQ_ID=fae2d6ebb72a] [ROUTE] Controller=\App\Controllers\App\Modules\User\Controllers\DashboardController Method=profile

[1 occurrence(s)]
DEBUG --> [REQ_ID=fae2d6ebb72a] [LIFECYCLE][START] GET https://www.mymiwallet.com/index.php/Profile/

[1 occurrence(s)]
DEBUG --> [REQ_ID=fae2d6ebb72a] [REQUEST][END]

[1 occurrence(s)]
DEBUG --> [REQ_ID=51cae54d045d] [REQUEST][START] GET /index.php/Customer-Support

[1 occurrence(s)]
DEBUG --> [REQ_ID=51cae54d045d] [FILTER_BEFORE] /index.php/Customer-Support

[1 occurrence(s)]
DEBUG --> [REQ_ID=51cae54d045d] [ROUTE] Controller=\App\Controllers\App\Modules\Support\Controllers\SupportController Method=index

[1 occurrence(s)]
DEBUG --> [REQ_ID=51cae54d045d] [LIFECYCLE][START] GET https://www.mymiwallet.com/index.php/Customer-Support

[1 occurrence(s)]
DEBUG --> [REQ_ID=51cae54d045d] [REQUEST][END]

[1 occurrence(s)]
DEBUG --> [REQ_ID=98635147518d] [REQUEST][START] GET /index.php/login

[1 occurrence(s)]
DEBUG --> [REQ_ID=98635147518d] [FILTER_BEFORE] /index.php/login

[1 occurrence(s)]
DEBUG --> [REQ_ID=98635147518d] [ROUTE] Controller=\App\Controllers\AuthController Method=login

[1 occurrence(s)]
DEBUG --> [REQ_ID=98635147518d] [LIFECYCLE][START] GET https://www.mymiwallet.com/index.php/login

[1 occurrence(s)]
DEBUG --> [REQ_ID=02ca1bccb877] [INIT] App\Controllers\AuthController::GET

[1 occurrence(s)]
DEBUG --> [REQ_ID=98635147518d] [FILTER_AFTER]

[1 occurrence(s)]
DEBUG --> [REQ_ID=98635147518d] [LIFECYCLE][END] status=200 duration_ms=27.35 memory_delta=0

[1 occurrence(s)]
DEBUG --> [REQ_ID=98635147518d] [REQUEST][END]

[1 occurrence(s)]
DEBUG --> [REQ_ID=dbb41dd257bd] [REQUEST][START] GET /index.php/Account/Social-Media

[1 occurrence(s)]
DEBUG --> [REQ_ID=dbb41dd257bd] [FILTER_BEFORE] /index.php/Account/Social-Media

[1 occurrence(s)]
DEBUG --> [REQ_ID=dbb41dd257bd] [ROUTE] Controller=\App\Modules\User\Controllers\DashboardController Method=SocialMedia

[1 occurrence(s)]
DEBUG --> [REQ_ID=dbb41dd257bd] [LIFECYCLE][START] GET https://www.mymiwallet.com/index.php/Account/Social-Media

[1 occurrence(s)]
DEBUG --> [REQ_ID=dbb41dd257bd] [REQUEST][END]

[1 occurrence(s)]
DEBUG --> [REQ_ID=b00571ce9abf] [REQUEST][START] GET /index.php/login

[1 occurrence(s)]
DEBUG --> [REQ_ID=b00571ce9abf] [FILTER_BEFORE] /index.php/login

[1 occurrence(s)]
DEBUG --> [REQ_ID=b00571ce9abf] [ROUTE] Controller=\App\Controllers\AuthController Method=login

[1 occurrence(s)]
DEBUG --> [REQ_ID=b00571ce9abf] [LIFECYCLE][START] GET https://www.mymiwallet.com/index.php/login

[1 occurrence(s)]
DEBUG --> [REQ_ID=2f35c8c888ca] [INIT] App\Controllers\AuthController::GET

[1 occurrence(s)]
DEBUG --> [REQ_ID=b00571ce9abf] [FILTER_AFTER]

[1 occurrence(s)]
DEBUG --> [REQ_ID=b00571ce9abf] [LIFECYCLE][END] status=200 duration_ms=104.85 memory_delta=0

[1 occurrence(s)]
DEBUG --> [REQ_ID=b00571ce9abf] [REQUEST][END]

[1 occurrence(s)]
DEBUG --> [REQ_ID=4b1202c9941c] [REQUEST][START] GET /index.php/Investments/News

[1 occurrence(s)]
DEBUG --> [REQ_ID=4b1202c9941c] [FILTER_BEFORE] /index.php/Investments/News

[1 occurrence(s)]
DEBUG --> [REQ_ID=4b1202c9941c] [ROUTE] Controller=closure_route Method=index

[1 occurrence(s)]
DEBUG --> [REQ_ID=4b1202c9941c] [LIFECYCLE][START] GET https://www.mymiwallet.com/index.php/Investments/News

[1 occurrence(s)]
DEBUG --> [REQ_ID=4b1202c9941c] [REQUEST][END]

[1 occurrence(s)]
DEBUG --> [REQ_ID=959a6caa9d53] [REQUEST][START] GET /index.php/login

[1 occurrence(s)]
DEBUG --> [REQ_ID=959a6caa9d53] [FILTER_BEFORE] /index.php/login

[1 occurrence(s)]
DEBUG --> [REQ_ID=959a6caa9d53] [ROUTE] Controller=\App\Controllers\AuthController Method=login

[1 occurrence(s)]
DEBUG --> [REQ_ID=959a6caa9d53] [LIFECYCLE][START] GET https://www.mymiwallet.com/index.php/login

[1 occurrence(s)]
DEBUG --> [REQ_ID=9c5a1247450e] [INIT] App\Controllers\AuthController::GET

[1 occurrence(s)]
DEBUG --> [REQ_ID=959a6caa9d53] [FILTER_AFTER]

[1 occurrence(s)]
DEBUG --> [REQ_ID=959a6caa9d53] [LIFECYCLE][END] status=200 duration_ms=78.00 memory_delta=0

[1 occurrence(s)]
DEBUG --> [REQ_ID=959a6caa9d53] [REQUEST][END]

[1 occurrence(s)]
DEBUG --> [REQ_ID=ff3a6e432607] [REQUEST][START] GET /index.php/Account/Notifications

[1 occurrence(s)]
DEBUG --> [REQ_ID=ff3a6e432607] [FILTER_BEFORE] /index.php/Account/Notifications

[1 occurrence(s)]
DEBUG --> [REQ_ID=ff3a6e432607] [ROUTE] Controller=\App\Modules\User\Controllers\DashboardController Method=notifications

[1 occurrence(s)]
DEBUG --> [REQ_ID=ff3a6e432607] [LIFECYCLE][START] GET https://www.mymiwallet.com/index.php/Account/Notifications

[1 occurrence(s)]
DEBUG --> [REQ_ID=ff3a6e432607] [REQUEST][END]

[1 occurrence(s)]
DEBUG --> [REQ_ID=b5fa31dd626f] [REQUEST][START] GET /index.php/login

[1 occurrence(s)]
DEBUG --> [REQ_ID=b5fa31dd626f] [FILTER_BEFORE] /index.php/login

[1 occurrence(s)]
DEBUG --> [REQ_ID=b5fa31dd626f] [ROUTE] Controller=\App\Controllers\AuthController Method=login

[1 occurrence(s)]
DEBUG --> [REQ_ID=b5fa31dd626f] [LIFECYCLE][START] GET https://www.mymiwallet.com/index.php/login

[1 occurrence(s)]
DEBUG --> [REQ_ID=9dc9f96bea79] [INIT] App\Controllers\AuthController::GET

[1 occurrence(s)]
DEBUG --> [REQ_ID=b5fa31dd626f] [FILTER_AFTER]

[1 occurrence(s)]
DEBUG --> [REQ_ID=b5fa31dd626f] [LIFECYCLE][END] status=200 duration_ms=90.04 memory_delta=0

[1 occurrence(s)]
DEBUG --> [REQ_ID=b5fa31dd626f] [REQUEST][END]

[1 occurrence(s)]
DEBUG --> [REQ_ID=97c787497628] [REQUEST][START] GET /index.php/Account/Billing

[1 occurrence(s)]
DEBUG --> [REQ_ID=97c787497628] [FILTER_BEFORE] /index.php/Account/Billing

[1 occurrence(s)]
DEBUG --> [REQ_ID=97c787497628] [ROUTE] Controller=\App\Modules\User\Controllers\DashboardController Method=billing

[1 occurrence(s)]
DEBUG --> [REQ_ID=97c787497628] [LIFECYCLE][START] GET https://www.mymiwallet.com/index.php/Account/Billing

[1 occurrence(s)]
DEBUG --> [REQ_ID=97c787497628] [REQUEST][END]

[1 occurrence(s)]
DEBUG --> [REQ_ID=879279a7e843] [REQUEST][START] GET /index.php/login

[1 occurrence(s)]
DEBUG --> [REQ_ID=879279a7e843] [FILTER_BEFORE] /index.php/login

[1 occurrence(s)]
DEBUG --> [REQ_ID=879279a7e843] [ROUTE] Controller=\App\Controllers\AuthController Method=login

[1 occurrence(s)]
DEBUG --> [REQ_ID=879279a7e843] [LIFECYCLE][START] GET https://www.mymiwallet.com/index.php/login

[1 occurrence(s)]
DEBUG --> [REQ_ID=504b5ea49dee] [INIT] App\Controllers\AuthController::GET

[1 occurrence(s)]
DEBUG --> [REQ_ID=879279a7e843] [FILTER_AFTER]

[1 occurrence(s)]
DEBUG --> [REQ_ID=879279a7e843] [LIFECYCLE][END] status=200 duration_ms=170.77 memory_delta=0

[1 occurrence(s)]
DEBUG --> [REQ_ID=879279a7e843] [REQUEST][END]

[1 occurrence(s)]
DEBUG --> [REQ_ID=9f86c7aff3a8] [REQUEST][START] GET /index.php/How-It-Works/Daily-Financial-News

[1 occurrence(s)]
DEBUG --> [REQ_ID=9f86c7aff3a8] [FILTER_BEFORE] /index.php/How-It-Works/Daily-Financial-News

[1 occurrence(s)]
DEBUG --> [REQ_ID=9f86c7aff3a8] [ROUTE] Controller=\App\Modules\Blog\Controllers\HowItWorksController Method=DailyFinancialNews

[1 occurrence(s)]
DEBUG --> [REQ_ID=9f86c7aff3a8] [LIFECYCLE][START] GET https://www.mymiwallet.com/index.php/How-It-Works/Daily-Financial-News

[1 occurrence(s)]
DEBUG --> [REQ_ID=aaea94dfe8d0] [INIT] App\Modules\Blog\Controllers\HowItWorksController::GET

[1 occurrence(s)]
DEBUG --> [REQ_ID=aaea94dfe8d0] [METHOD_ENTRY] DailyFinancialNews

[1 occurrence(s)]
DEBUG --> [MetaService] slug=how-it-works/daily-financial-news pageName= cacheHit= path=DB

[1 occurrence(s)]
DEBUG --> [REQ_ID=9f86c7aff3a8] [FILTER_AFTER]

[1 occurrence(s)]
DEBUG --> [REQ_ID=9f86c7aff3a8] [LIFECYCLE][END] status=200 duration_ms=753.26 memory_delta=4194304

[1 occurrence(s)]
DEBUG --> [REQ_ID=9f86c7aff3a8] [REQUEST][END]

[1 occurrence(s)]
DEBUG --> [REQ_ID=0c901cd8fcaf] [REQUEST][START] GET /index.php/Account/Social-Media

[1 occurrence(s)]
DEBUG --> [REQ_ID=0c901cd8fcaf] [FILTER_BEFORE] /index.php/Account/Social-Media

[1 occurrence(s)]
DEBUG --> [REQ_ID=0c901cd8fcaf] [ROUTE] Controller=\App\Modules\User\Controllers\DashboardController Method=SocialMedia

[1 occurrence(s)]
DEBUG --> [REQ_ID=0c901cd8fcaf] [LIFECYCLE][START] GET https://www.mymiwallet.com/index.php/Account/Social-Media

[1 occurrence(s)]
DEBUG --> [CSRF] token name=csrf_test_name hash=b93d91c6f959302b23efe8f50975c695

[1 occurrence(s)]
DEBUG --> [REQ_ID=0c901cd8fcaf] [REQUEST][END]

[1 occurrence(s)]
DEBUG --> [REQ_ID=cab55e6988e3] [REQUEST][START] GET /index.php/login

[1 occurrence(s)]
DEBUG --> [REQ_ID=cab55e6988e3] [FILTER_BEFORE] /index.php/login

[1 occurrence(s)]
DEBUG --> [REQ_ID=cab55e6988e3] [ROUTE] Controller=\App\Controllers\AuthController Method=login

[1 occurrence(s)]
DEBUG --> [REQ_ID=cab55e6988e3] [LIFECYCLE][START] GET https://www.mymiwallet.com/index.php/login

[1 occurrence(s)]
DEBUG --> [CSRF] token name=csrf_test_name hash=b7299eb6d7880c1eb0699990ccfef6f4

[1 occurrence(s)]
DEBUG --> [REQ_ID=95ac2f546290] [INIT] App\Controllers\AuthController::GET

[1 occurrence(s)]
DEBUG --> [REQ_ID=dd674cebfbab] [REQUEST][START] GET /index.php/Management/Budgeting

[1 occurrence(s)]
DEBUG --> [REQ_ID=cab55e6988e3] [FILTER_AFTER]

[1 occurrence(s)]
DEBUG --> [REQ_ID=cab55e6988e3] [LIFECYCLE][END] status=200 duration_ms=18.86 memory_delta=0

[1 occurrence(s)]
DEBUG --> [REQ_ID=cab55e6988e3] [REQUEST][END]

[1 occurrence(s)]
DEBUG --> [REQ_ID=dd674cebfbab] [FILTER_BEFORE] /index.php/Management/Budgeting

[1 occurrence(s)]
DEBUG --> [REQ_ID=dd674cebfbab] [ROUTE] Controller=\App\Modules\Management\Controllers\BudgetingAdminController Method=index

[1 occurrence(s)]
DEBUG --> [REQ_ID=dd674cebfbab] [LIFECYCLE][START] GET https://www.mymiwallet.com/index.php/Management/Budgeting

[1 occurrence(s)]
DEBUG --> [CSRF] token name=csrf_test_name hash=0adae811b08e9352d8b327994bee81b6

[1 occurrence(s)]
DEBUG --> [REQ_ID=dd674cebfbab] [REQUEST][END]

[1 occurrence(s)]
DEBUG --> [REQ_ID=baefb34d41bc] [REQUEST][START] GET /index.php/login

[1 occurrence(s)]
DEBUG --> [REQ_ID=baefb34d41bc] [FILTER_BEFORE] /index.php/login

[1 occurrence(s)]
DEBUG --> [REQ_ID=baefb34d41bc] [ROUTE] Controller=\App\Controllers\AuthController Method=login

[1 occurrence(s)]
DEBUG --> [REQ_ID=baefb34d41bc] [LIFECYCLE][START] GET https://www.mymiwallet.com/index.php/login

[1 occurrence(s)]
DEBUG --> [CSRF] token name=csrf_test_name hash=49887b5d91ee7780cc2c697dda9893c6

[1 occurrence(s)]
DEBUG --> [REQ_ID=1f5e9933a70e] [INIT] App\Controllers\AuthController::GET

[1 occurrence(s)]
DEBUG --> [REQ_ID=baefb34d41bc] [FILTER_AFTER]

[1 occurrence(s)]
DEBUG --> [REQ_ID=baefb34d41bc] [LIFECYCLE][END] status=200 duration_ms=153.17 memory_delta=0

[1 occurrence(s)]
DEBUG --> [REQ_ID=baefb34d41bc] [REQUEST][END]

[1 occurrence(s)]
DEBUG --> [REQ_ID=b6f1b55cec10] [REQUEST][START] GET /index.php/

[1 occurrence(s)]
DEBUG --> [REQ_ID=b6f1b55cec10] [REQUEST][END]

[1 occurrence(s)]
DEBUG --> [REQ_ID=8c827c0353f7] [REQUEST][START] GET /

[1 occurrence(s)]
DEBUG --> [REQ_ID=8c827c0353f7] [FILTER_BEFORE] /

[1 occurrence(s)]
DEBUG --> [REQ_ID=8c827c0353f7] [ROUTE] Controller=\App\Controllers\Home Method=index

[1 occurrence(s)]
DEBUG --> [REQ_ID=8c827c0353f7] [LIFECYCLE][START] GET https://www.mymiwallet.com/index.php/

[1 occurrence(s)]
DEBUG --> [CSRF] token name=csrf_test_name hash=bde9a79436c1dcd51cc7e8b72fc3e0ce

[1 occurrence(s)]
DEBUG --> [REQ_ID=bb2a21ab73b3] [INIT] App\Controllers\Home::GET

[1 occurrence(s)]
DEBUG --> [REQ_ID=bb2a21ab73b3] [VIEW_RENDER] themes/public/home

[1 occurrence(s)]
DEBUG --> [REQ_ID=8c827c0353f7] [FILTER_AFTER]

[1 occurrence(s)]
DEBUG --> [REQ_ID=8c827c0353f7] [LIFECYCLE][END] status=200 duration_ms=663.76 memory_delta=4194304

[1 occurrence(s)]
DEBUG --> [REQ_ID=8c827c0353f7] [REQUEST][END]

[1 occurrence(s)]
DEBUG --> [REQ_ID=595de04d8143] [REQUEST][START] GET /index.php/API/Alerts/fetchEmailAlerts

[1 occurrence(s)]
DEBUG --> [REQ_ID=595de04d8143] [FILTER_BEFORE] /index.php/API/Alerts/fetchEmailAlerts

[1 occurrence(s)]
DEBUG --> [REQ_ID=595de04d8143] [ROUTE] Controller=\App\Modules\APIs\Controllers\AlertsAPIController Method=fetchEmailAlerts

[1 occurrence(s)]
DEBUG --> [REQ_ID=595de04d8143] [LIFECYCLE][START] GET https://www.mymiwallet.com/index.php/API/Alerts/fetchEmailAlerts

[1 occurrence(s)]
DEBUG --> [REQ_ID=595de04d8143] [REQUEST][END]

[1 occurrence(s)]
DEBUG --> [REQ_ID=4c7778ba0d74] [REQUEST][START] GET /index.php/Management/Exchange

[1 occurrence(s)]
DEBUG --> [REQ_ID=4c7778ba0d74] [FILTER_BEFORE] /index.php/Management/Exchange

[1 occurrence(s)]
DEBUG --> [REQ_ID=4c7778ba0d74] [ROUTE] Controller=\App\Modules\Management\Controllers\ExchangeAdminController Method=index

[1 occurrence(s)]
DEBUG --> [REQ_ID=4c7778ba0d74] [LIFECYCLE][START] GET https://www.mymiwallet.com/index.php/Management/Exchange

[1 occurrence(s)]
DEBUG --> [CSRF] token name=csrf_test_name hash=51adab682846799e7b4f59015516315c

[1 occurrence(s)]
DEBUG --> [REQ_ID=4c7778ba0d74] [REQUEST][END]

[1 occurrence(s)]
DEBUG --> [REQ_ID=29034c5dd4e5] [REQUEST][START] GET /index.php/login

[1 occurrence(s)]
DEBUG --> [REQ_ID=29034c5dd4e5] [FILTER_BEFORE] /index.php/login

[1 occurrence(s)]
DEBUG --> [REQ_ID=29034c5dd4e5] [ROUTE] Controller=\App\Controllers\AuthController Method=login

[1 occurrence(s)]
DEBUG --> [REQ_ID=29034c5dd4e5] [LIFECYCLE][START] GET https://www.mymiwallet.com/index.php/login

[1 occurrence(s)]
DEBUG --> [CSRF] token name=csrf_test_name hash=a3a85ff5180fcac6e50d4d9026c8bdc0

[1 occurrence(s)]
DEBUG --> [REQ_ID=4044b0f28bb6] [INIT] App\Controllers\AuthController::GET

[1 occurrence(s)]
DEBUG --> [REQ_ID=29034c5dd4e5] [FILTER_AFTER]

[1 occurrence(s)]
DEBUG --> [REQ_ID=29034c5dd4e5] [LIFECYCLE][END] status=200 duration_ms=37.60 memory_delta=0

[1 occurrence(s)]
DEBUG --> [REQ_ID=29034c5dd4e5] [REQUEST][END]

[1 occurrence(s)]
DEBUG --> [REQ_ID=ab90205ce207] [REQUEST][START] HEAD /

[1 occurrence(s)]
DEBUG --> [REQ_ID=f6810b344a3e] [REQUEST][START] GET /index.php/Legal/Terms-And-Conditions

[1 occurrence(s)]
DEBUG --> [REQ_ID=f6810b344a3e] [FILTER_BEFORE] /index.php/Legal/Terms-And-Conditions

[1 occurrence(s)]
DEBUG --> [REQ_ID=f6810b344a3e] [ROUTE] Controller=\App\Controllers\Home Method=terms

[1 occurrence(s)]
DEBUG --> [REQ_ID=f6810b344a3e] [LIFECYCLE][START] GET https://www.mymiwallet.com/index.php/Legal/Terms-And-Conditions

[1 occurrence(s)]
DEBUG --> [CSRF] token name=csrf_test_name hash=7fa0e80b4fc53363b17df40000f6984a

[1 occurrence(s)]
DEBUG --> [REQ_ID=f6810b344a3e] [REQUEST][END]

[1 occurrence(s)]
DEBUG --> [REQ_ID=62d2195aab50] [REQUEST][START] GET /index.php/login

[1 occurrence(s)]
DEBUG --> [REQ_ID=62d2195aab50] [FILTER_BEFORE] /index.php/login

[1 occurrence(s)]
DEBUG --> [REQ_ID=62d2195aab50] [ROUTE] Controller=\App\Controllers\AuthController Method=login

[1 occurrence(s)]
DEBUG --> [REQ_ID=62d2195aab50] [LIFECYCLE][START] GET https://www.mymiwallet.com/index.php/login

[1 occurrence(s)]
DEBUG --> [CSRF] token name=csrf_test_name hash=39576f580f8962ba747b33ae7cb40499

[1 occurrence(s)]
DEBUG --> [REQ_ID=d7291ceaa580] [INIT] App\Controllers\AuthController::GET

[1 occurrence(s)]
DEBUG --> [REQ_ID=62d2195aab50] [FILTER_AFTER]

[1 occurrence(s)]
DEBUG --> [REQ_ID=62d2195aab50] [LIFECYCLE][END] status=200 duration_ms=15.28 memory_delta=0

[1 occurrence(s)]
DEBUG --> [REQ_ID=62d2195aab50] [REQUEST][END]

[1 occurrence(s)]
DEBUG --> [REQ_ID=a936946845b6] [REQUEST][START] HEAD /

[1 occurrence(s)]
DEBUG --> [REQ_ID=7be26af82dbf] [REQUEST][START] GET /index.php/Management/Marketing/Video-Creator

[1 occurrence(s)]
DEBUG --> [REQ_ID=7be26af82dbf] [FILTER_BEFORE] /index.php/Management/Marketing/Video-Creator

[1 occurrence(s)]
DEBUG --> [REQ_ID=7be26af82dbf] [ROUTE] Controller=\App\Modules\Management\Controllers\MarketingAdminController Method=videoCreator

[1 occurrence(s)]
DEBUG --> [REQ_ID=7be26af82dbf] [LIFECYCLE][START] GET https://www.mymiwallet.com/index.php/Management/Marketing/Video-Creator

[1 occurrence(s)]
DEBUG --> [CSRF] token name=csrf_test_name hash=dae06085d50b0164cd855223ae7c96fd

[1 occurrence(s)]
DEBUG --> [REQ_ID=7be26af82dbf] [REQUEST][END]

[1 occurrence(s)]
DEBUG --> [REQ_ID=2c6b8f4a20bd] [REQUEST][START] GET /index.php/login

[1 occurrence(s)]
DEBUG --> [REQ_ID=2c6b8f4a20bd] [FILTER_BEFORE] /index.php/login

[1 occurrence(s)]
DEBUG --> [REQ_ID=2c6b8f4a20bd] [ROUTE] Controller=\App\Controllers\AuthController Method=login

[1 occurrence(s)]
DEBUG --> [REQ_ID=2c6b8f4a20bd] [LIFECYCLE][START] GET https://www.mymiwallet.com/index.php/login

[1 occurrence(s)]
DEBUG --> [CSRF] token name=csrf_test_name hash=da81e8f079e84f85d2e1deeb06f2eb0a

[1 occurrence(s)]
DEBUG --> [REQ_ID=85fbe0735b63] [INIT] App\Controllers\AuthController::GET

[1 occurrence(s)]
DEBUG --> [REQ_ID=2c6b8f4a20bd] [FILTER_AFTER]

[1 occurrence(s)]
DEBUG --> [REQ_ID=2c6b8f4a20bd] [LIFECYCLE][END] status=200 duration_ms=59.32 memory_delta=0

[1 occurrence(s)]
DEBUG --> [REQ_ID=2c6b8f4a20bd] [REQUEST][END]

[1 occurrence(s)]
DEBUG --> [REQ_ID=b2fb99816a69] [REQUEST][START] GET /index.php/How-It-Works

[1 occurrence(s)]
DEBUG --> [REQ_ID=b2fb99816a69] [FILTER_BEFORE] /index.php/How-It-Works

[1 occurrence(s)]
DEBUG --> [REQ_ID=b2fb99816a69] [ROUTE] Controller=\App\Modules\Blog\Controllers\HowItWorksController Method=index

[1 occurrence(s)]
DEBUG --> [REQ_ID=b2fb99816a69] [LIFECYCLE][START] GET https://www.mymiwallet.com/index.php/How-It-Works

[1 occurrence(s)]
DEBUG --> [CSRF] token name=csrf_test_name hash=aff45802a9b62ee660975bf22731f8e3

[1 occurrence(s)]
DEBUG --> [REQ_ID=c93ac2be78a4] [INIT] App\Modules\Blog\Controllers\HowItWorksController::GET

[1 occurrence(s)]
DEBUG --> [REQ_ID=c93ac2be78a4] [METHOD_ENTRY] index

[1 occurrence(s)]
DEBUG --> [REQ_ID=0852fd437041] [REQUEST][START] GET /index.php/API/Management/Run-CRON-Tasks

[1 occurrence(s)]
DEBUG --> [REQ_ID=0852fd437041] [FILTER_BEFORE] /index.php/API/Management/Run-CRON-Tasks

[1 occurrence(s)]
DEBUG --> [REQ_ID=0852fd437041] [ROUTE] Controller=\App\Modules\Management\Controllers\ManagementAPIController Method=Run_CRON_Tasks

[1 occurrence(s)]
DEBUG --> [REQ_ID=0852fd437041] [LIFECYCLE][START] GET https://www.mymiwallet.com/index.php/API/Management/Run-CRON-Tasks

[1 occurrence(s)]
DEBUG --> [REQ_ID=0852fd437041] [REQUEST][END]

[1 occurrence(s)]
DEBUG --> [REQ_ID=de837b0c2f94] [REQUEST][START] GET /index.php/API/Alerts/fetchEmailAlerts

[1 occurrence(s)]
DEBUG --> [REQ_ID=de837b0c2f94] [FILTER_BEFORE] /index.php/API/Alerts/fetchEmailAlerts

[1 occurrence(s)]
DEBUG --> [REQ_ID=de837b0c2f94] [ROUTE] Controller=\App\Modules\APIs\Controllers\AlertsAPIController Method=fetchEmailAlerts

[1 occurrence(s)]
DEBUG --> [REQ_ID=de837b0c2f94] [LIFECYCLE][START] GET https://www.mymiwallet.com/index.php/API/Alerts/fetchEmailAlerts

[1 occurrence(s)]
DEBUG --> [REQ_ID=de837b0c2f94] [REQUEST][END]

[1 occurrence(s)]
DEBUG --> [REQ_ID=2ffc66c8ab63] [REQUEST][START] GET /index.php/How-It-Works/Purchase-MyMI-Gold

[1 occurrence(s)]
DEBUG --> [REQ_ID=2ffc66c8ab63] [FILTER_BEFORE] /index.php/How-It-Works/Purchase-MyMI-Gold

[1 occurrence(s)]
DEBUG --> [REQ_ID=2ffc66c8ab63] [ROUTE] Controller=\App\Modules\Blog\Controllers\HowItWorksController Method=PurchaseMyMIGold

[1 occurrence(s)]
DEBUG --> [REQ_ID=2ffc66c8ab63] [LIFECYCLE][START] GET https://www.mymiwallet.com/index.php/How-It-Works/Purchase-MyMI-Gold

[1 occurrence(s)]
DEBUG --> [CSRF] token name=csrf_test_name hash=f16080cea977a7dbb0fc8fd769d24572

[1 occurrence(s)]
DEBUG --> [REQ_ID=cc4458f770a9] [INIT] App\Modules\Blog\Controllers\HowItWorksController::GET

[1 occurrence(s)]
DEBUG --> [REQ_ID=cc4458f770a9] [METHOD_ENTRY] PurchaseMyMIGold

[1 occurrence(s)]
DEBUG --> [MetaService] slug=how-it-works/purchase-mymi-gold pageName= cacheHit= path=DB

[1 occurrence(s)]
DEBUG --> [REQ_ID=2ffc66c8ab63] [FILTER_AFTER]

[1 occurrence(s)]
DEBUG --> [REQ_ID=2ffc66c8ab63] [LIFECYCLE][END] status=200 duration_ms=791.51 memory_delta=4194304

[1 occurrence(s)]
DEBUG --> [REQ_ID=2ffc66c8ab63] [REQUEST][END]

[1 occurrence(s)]
DEBUG --> [REQ_ID=b6a2b1409463] [REQUEST][START] GET /index.php/Premium-Features/Advanced-Charting

[1 occurrence(s)]
DEBUG --> [REQ_ID=b6a2b1409463] [REQUEST][END]

[1 occurrence(s)]
DEBUG --> [REQ_ID=3a990e82eeae] [REQUEST][START] GET /index.php/Account/Connected-Accounts

[1 occurrence(s)]
DEBUG --> [REQ_ID=3a990e82eeae] [FILTER_BEFORE] /index.php/Account/Connected-Accounts

[1 occurrence(s)]
DEBUG --> [REQ_ID=3a990e82eeae] [ROUTE] Controller=\App\Modules\User\Controllers\DashboardController Method=connectedAccounts

[1 occurrence(s)]
DEBUG --> [REQ_ID=3a990e82eeae] [LIFECYCLE][START] GET https://www.mymiwallet.com/index.php/Account/Connected-Accounts

[1 occurrence(s)]
DEBUG --> [CSRF] token name=csrf_test_name hash=bf1b42820a5bae797481c86b1553c9f8

[1 occurrence(s)]
DEBUG --> [REQ_ID=3a990e82eeae] [REQUEST][END]

[1 occurrence(s)]
DEBUG --> [REQ_ID=5a70993f731d] [REQUEST][START] GET /index.php/login

[1 occurrence(s)]
DEBUG --> [REQ_ID=5a70993f731d] [FILTER_BEFORE] /index.php/login

[1 occurrence(s)]
DEBUG --> [REQ_ID=5a70993f731d] [ROUTE] Controller=\App\Controllers\AuthController Method=login

[1 occurrence(s)]
DEBUG --> [REQ_ID=5a70993f731d] [LIFECYCLE][START] GET https://www.mymiwallet.com/index.php/login

[1 occurrence(s)]
DEBUG --> [CSRF] token name=csrf_test_name hash=9cba6252285e2577428dbec6035a19ff

[1 occurrence(s)]
DEBUG --> [REQ_ID=47d38b99bcd4] [INIT] App\Controllers\AuthController::GET

[1 occurrence(s)]
DEBUG --> [REQ_ID=5a70993f731d] [FILTER_AFTER]

[1 occurrence(s)]
DEBUG --> [REQ_ID=5a70993f731d] [LIFECYCLE][END] status=200 duration_ms=325.88 memory_delta=0

[1 occurrence(s)]
DEBUG --> [REQ_ID=5a70993f731d] [REQUEST][END]

[1 occurrence(s)]
DEBUG --> [REQ_ID=a810cc42d88d] [REQUEST][START] GET /index.php/API/Management/Run-CRON-Tasks

[1 occurrence(s)]
DEBUG --> [REQ_ID=a810cc42d88d] [FILTER_BEFORE] /index.php/API/Management/Run-CRON-Tasks

[1 occurrence(s)]
DEBUG --> [REQ_ID=a810cc42d88d] [ROUTE] Controller=\App\Modules\Management\Controllers\ManagementAPIController Method=Run_CRON_Tasks

[1 occurrence(s)]
DEBUG --> [REQ_ID=a810cc42d88d] [LIFECYCLE][START] GET https://www.mymiwallet.com/index.php/API/Management/Run-CRON-Tasks

[1 occurrence(s)]
DEBUG --> [REQ_ID=a810cc42d88d] [REQUEST][END]

[1 occurrence(s)]
DEBUG --> [REQ_ID=37e10fd7dbcc] [REQUEST][START] GET /

[1 occurrence(s)]
DEBUG --> [REQ_ID=37e10fd7dbcc] [FILTER_BEFORE] /

[1 occurrence(s)]
DEBUG --> [REQ_ID=37e10fd7dbcc] [ROUTE] Controller=\App\Controllers\Home Method=index

[1 occurrence(s)]
DEBUG --> [REQ_ID=37e10fd7dbcc] [LIFECYCLE][START] GET https://www.mymiwallet.com/index.php/

[3 occurrence(s)]
DEBUG --> [CSRF] token name=csrf_test_name hash=6878140e56c63cfbf13b6995de5e136d

[1 occurrence(s)]
DEBUG --> [REQ_ID=033009db4796] [INIT] App\Controllers\Home::GET

[1 occurrence(s)]
DEBUG --> [REQ_ID=033009db4796] [VIEW_RENDER] themes/public/home

[1 occurrence(s)]
DEBUG --> [REQ_ID=37e10fd7dbcc] [FILTER_AFTER]

[1 occurrence(s)]
DEBUG --> [REQ_ID=37e10fd7dbcc] [LIFECYCLE][END] status=200 duration_ms=624.38 memory_delta=4194304

[1 occurrence(s)]
DEBUG --> [REQ_ID=37e10fd7dbcc] [REQUEST][END]

[1 occurrence(s)]
DEBUG --> [REQ_ID=1fb00738ef5a] [REQUEST][START] GET /

[1 occurrence(s)]
DEBUG --> [REQ_ID=1fb00738ef5a] [FILTER_BEFORE] /

[1 occurrence(s)]
DEBUG --> [REQ_ID=1fb00738ef5a] [ROUTE] Controller=\App\Controllers\Home Method=index

[1 occurrence(s)]
DEBUG --> [REQ_ID=1fb00738ef5a] [LIFECYCLE][START] GET https://www.mymiwallet.com/index.php/

[1 occurrence(s)]
DEBUG --> [REQ_ID=a361d8cb11f1] [INIT] App\Controllers\Home::GET

[1 occurrence(s)]
DEBUG --> [REQ_ID=a361d8cb11f1] [VIEW_RENDER] themes/public/home

[1 occurrence(s)]
DEBUG --> [REQ_ID=1fb00738ef5a] [FILTER_AFTER]

[1 occurrence(s)]
DEBUG --> [REQ_ID=1fb00738ef5a] [LIFECYCLE][END] status=200 duration_ms=650.87 memory_delta=2097152

[1 occurrence(s)]
DEBUG --> [REQ_ID=1fb00738ef5a] [REQUEST][END]

[1 occurrence(s)]
DEBUG --> [REQ_ID=164ad2716b60] [REQUEST][START] GET /

[1 occurrence(s)]
DEBUG --> [REQ_ID=164ad2716b60] [FILTER_BEFORE] /

[1 occurrence(s)]
DEBUG --> [REQ_ID=164ad2716b60] [ROUTE] Controller=\App\Controllers\Home Method=index

[1 occurrence(s)]
DEBUG --> [REQ_ID=164ad2716b60] [LIFECYCLE][START] GET https://www.mymiwallet.com/index.php/

[1 occurrence(s)]
DEBUG --> [REQ_ID=4df4847a8b5c] [INIT] App\Controllers\Home::GET

[1 occurrence(s)]
DEBUG --> [REQ_ID=4df4847a8b5c] [VIEW_RENDER] themes/public/home

[1 occurrence(s)]
DEBUG --> [REQ_ID=164ad2716b60] [FILTER_AFTER]

[1 occurrence(s)]
DEBUG --> [REQ_ID=164ad2716b60] [LIFECYCLE][END] status=200 duration_ms=517.42 memory_delta=4194304

[1 occurrence(s)]
DEBUG --> [REQ_ID=164ad2716b60] [REQUEST][END]

[1 occurrence(s)]
DEBUG --> [REQ_ID=572727784715] [REQUEST][START] GET /

[1 occurrence(s)]
DEBUG --> [REQ_ID=572727784715] [FILTER_BEFORE] /

[1 occurrence(s)]
DEBUG --> [REQ_ID=572727784715] [ROUTE] Controller=\App\Controllers\Home Method=index

[1 occurrence(s)]
DEBUG --> [REQ_ID=572727784715] [LIFECYCLE][START] GET https://www.mymiwallet.com/index.php/

[1 occurrence(s)]
DEBUG --> [CSRF] token name=csrf_test_name hash=16abd509d314053b618bbecb298c84c5

[1 occurrence(s)]
DEBUG --> [REQ_ID=89110038762b] [INIT] App\Controllers\Home::GET

[1 occurrence(s)]
DEBUG --> [REQ_ID=89110038762b] [VIEW_RENDER] themes/public/home

[1 occurrence(s)]
DEBUG --> [REQ_ID=572727784715] [FILTER_AFTER]

[1 occurrence(s)]
DEBUG --> [REQ_ID=572727784715] [LIFECYCLE][END] status=200 duration_ms=769.07 memory_delta=4194304

[1 occurrence(s)]
DEBUG --> [REQ_ID=572727784715] [REQUEST][END]

[1 occurrence(s)]
DEBUG --> [REQ_ID=36985dc4a01b] [REQUEST][START] GET /index.php/API/Alerts/fetchEmailAlerts

[1 occurrence(s)]
DEBUG --> [REQ_ID=36985dc4a01b] [FILTER_BEFORE] /index.php/API/Alerts/fetchEmailAlerts

[1 occurrence(s)]
DEBUG --> [REQ_ID=36985dc4a01b] [ROUTE] Controller=\App\Modules\APIs\Controllers\AlertsAPIController Method=fetchEmailAlerts

[1 occurrence(s)]
DEBUG --> [REQ_ID=36985dc4a01b] [LIFECYCLE][START] GET https://www.mymiwallet.com/index.php/API/Alerts/fetchEmailAlerts

[1 occurrence(s)]
DEBUG --> [REQ_ID=36985dc4a01b] [REQUEST][END]

[1 occurrence(s)]
DEBUG --> [REQ_ID=f1e7af9a83df] [REQUEST][START] GET /index.php/Account/Activity

[1 occurrence(s)]
DEBUG --> [REQ_ID=f1e7af9a83df] [FILTER_BEFORE] /index.php/Account/Activity

[1 occurrence(s)]
DEBUG --> [REQ_ID=f1e7af9a83df] [ROUTE] Controller=\App\Modules\User\Controllers\DashboardController Method=activity

[1 occurrence(s)]
DEBUG --> [REQ_ID=f1e7af9a83df] [LIFECYCLE][START] GET https://www.mymiwallet.com/index.php/Account/Activity

[1 occurrence(s)]
DEBUG --> [CSRF] token name=csrf_test_name hash=ba1d9c9798603114733554ed52cf3385

[1 occurrence(s)]
DEBUG --> [REQ_ID=f1e7af9a83df] [REQUEST][END]

[1 occurrence(s)]
DEBUG --> [REQ_ID=3ab48f1f62fb] [REQUEST][START] GET /index.php/login

[1 occurrence(s)]
DEBUG --> [REQ_ID=3ab48f1f62fb] [FILTER_BEFORE] /index.php/login

[1 occurrence(s)]
DEBUG --> [REQ_ID=3ab48f1f62fb] [ROUTE] Controller=\App\Controllers\AuthController Method=login

[1 occurrence(s)]
DEBUG --> [REQ_ID=3ab48f1f62fb] [LIFECYCLE][START] GET https://www.mymiwallet.com/index.php/login

[1 occurrence(s)]
DEBUG --> [CSRF] token name=csrf_test_name hash=42087c208a058187ad5017f7b9686bf7

[1 occurrence(s)]
DEBUG --> [REQ_ID=0683f1bd72a6] [INIT] App\Controllers\AuthController::GET

[1 occurrence(s)]
DEBUG --> [REQ_ID=3ab48f1f62fb] [FILTER_AFTER]

[1 occurrence(s)]
DEBUG --> [REQ_ID=3ab48f1f62fb] [LIFECYCLE][END] status=200 duration_ms=165.92 memory_delta=0

[1 occurrence(s)]
DEBUG --> [REQ_ID=3ab48f1f62fb] [REQUEST][END]

[1 occurrence(s)]
DEBUG --> [REQ_ID=83b88081dcf8] [REQUEST][START] GET /index.php/Management/Marketing/Post-Creator

[1 occurrence(s)]
DEBUG --> [REQ_ID=83b88081dcf8] [FILTER_BEFORE] /index.php/Management/Marketing/Post-Creator

[1 occurrence(s)]
DEBUG --> [REQ_ID=83b88081dcf8] [ROUTE] Controller=\App\Modules\Management\Controllers\MarketingAdminController Method=postCreator

[1 occurrence(s)]
DEBUG --> [REQ_ID=83b88081dcf8] [LIFECYCLE][START] GET https://www.mymiwallet.com/index.php/Management/Marketing/Post-Creator

[1 occurrence(s)]
DEBUG --> [CSRF] token name=csrf_test_name hash=9d3d08fb62201b1cea03ef3d42475c43

[1 occurrence(s)]
DEBUG --> [REQ_ID=83b88081dcf8] [REQUEST][END]

[1 occurrence(s)]
DEBUG --> [REQ_ID=320a35317917] [REQUEST][START] GET /index.php/login

[1 occurrence(s)]
DEBUG --> [REQ_ID=320a35317917] [FILTER_BEFORE] /index.php/login

[1 occurrence(s)]
DEBUG --> [REQ_ID=320a35317917] [ROUTE] Controller=\App\Controllers\AuthController Method=login

[1 occurrence(s)]
DEBUG --> [REQ_ID=320a35317917] [LIFECYCLE][START] GET https://www.mymiwallet.com/index.php/login

[1 occurrence(s)]
DEBUG --> [CSRF] token name=csrf_test_name hash=418cb8a6a7e5bca21f84ff8b592392e4

[1 occurrence(s)]
DEBUG --> [REQ_ID=7dc1b8551862] [INIT] App\Controllers\AuthController::GET

[1 occurrence(s)]
DEBUG --> [REQ_ID=320a35317917] [FILTER_AFTER]

[1 occurrence(s)]
DEBUG --> [REQ_ID=320a35317917] [LIFECYCLE][END] status=200 duration_ms=118.77 memory_delta=0

[1 occurrence(s)]
DEBUG --> [REQ_ID=320a35317917] [REQUEST][END]

[1 occurrence(s)]
DEBUG --> [REQ_ID=cf39de20cc17] [REQUEST][START] GET /index.php/Management/Services

[1 occurrence(s)]
DEBUG --> [REQ_ID=cf39de20cc17] [FILTER_BEFORE] /index.php/Management/Services

[1 occurrence(s)]
DEBUG --> [REQ_ID=cf39de20cc17] [ROUTE] Controller=\App\Modules\Management\Controllers\ServicesController Method=index

[1 occurrence(s)]
DEBUG --> [REQ_ID=cf39de20cc17] [LIFECYCLE][START] GET https://www.mymiwallet.com/index.php/Management/Services

[1 occurrence(s)]
DEBUG --> [CSRF] token name=csrf_test_name hash=7ec1ae4450c28fe32128b5828c7f5631

[1 occurrence(s)]
DEBUG --> [REQ_ID=cf39de20cc17] [REQUEST][END]

[1 occurrence(s)]
DEBUG --> [REQ_ID=36772e89a361] [REQUEST][START] GET /index.php/login

[1 occurrence(s)]
DEBUG --> [REQ_ID=36772e89a361] [FILTER_BEFORE] /index.php/login

[1 occurrence(s)]
DEBUG --> [REQ_ID=36772e89a361] [ROUTE] Controller=\App\Controllers\AuthController Method=login

[1 occurrence(s)]
DEBUG --> [REQ_ID=36772e89a361] [LIFECYCLE][START] GET https://www.mymiwallet.com/index.php/login

[1 occurrence(s)]
DEBUG --> [CSRF] token name=csrf_test_name hash=a6c062f043ff65747221b6c354cfec03

[1 occurrence(s)]
DEBUG --> [REQ_ID=0675466670e1] [INIT] App\Controllers\AuthController::GET

[1 occurrence(s)]
DEBUG --> [REQ_ID=36772e89a361] [FILTER_AFTER]

[1 occurrence(s)]
DEBUG --> [REQ_ID=36772e89a361] [LIFECYCLE][END] status=200 duration_ms=216.36 memory_delta=0

[1 occurrence(s)]
DEBUG --> [REQ_ID=36772e89a361] [REQUEST][END]

[1 occurrence(s)]
DEBUG --> [REQ_ID=f6a556c8a361] [REQUEST][START] GET /index.php/API/Management/Run-CRON-Tasks

[1 occurrence(s)]
DEBUG --> [REQ_ID=f6a556c8a361] [FILTER_BEFORE] /index.php/API/Management/Run-CRON-Tasks

[1 occurrence(s)]
DEBUG --> [REQ_ID=f6a556c8a361] [ROUTE] Controller=\App\Modules\Management\Controllers\ManagementAPIController Method=Run_CRON_Tasks

[1 occurrence(s)]
DEBUG --> [REQ_ID=f6a556c8a361] [LIFECYCLE][START] GET https://www.mymiwallet.com/index.php/API/Management/Run-CRON-Tasks

[1 occurrence(s)]
DEBUG --> [REQ_ID=f6a556c8a361] [REQUEST][END]

[1 occurrence(s)]
DEBUG --> [REQ_ID=c730d40a4991] [REQUEST][START] GET /index.php/How-It-Works/Investment-Dashboard

[1 occurrence(s)]
DEBUG --> [REQ_ID=c730d40a4991] [FILTER_BEFORE] /index.php/How-It-Works/Investment-Dashboard

[1 occurrence(s)]
DEBUG --> [REQ_ID=c730d40a4991] [ROUTE] Controller=\App\Modules\Blog\Controllers\HowItWorksController Method=show

[1 occurrence(s)]
DEBUG --> [REQ_ID=c730d40a4991] [LIFECYCLE][START] GET https://www.mymiwallet.com/index.php/How-It-Works/Investment-Dashboard

[1 occurrence(s)]
DEBUG --> [CSRF] token name=csrf_test_name hash=4db127adcdc868f3fc85d903302d4f61

[1 occurrence(s)]
DEBUG --> [REQ_ID=e73b7c317c52] [INIT] App\Modules\Blog\Controllers\HowItWorksController::GET

[1 occurrence(s)]
DEBUG --> [REQ_ID=e73b7c317c52] [METHOD_ENTRY] show

[1 occurrence(s)]
DEBUG --> [REQ_ID=0bdb45d1444f] [REQUEST][START] GET /index.php/Preview/Alert/GRAB

[1 occurrence(s)]
DEBUG --> [REQ_ID=0bdb45d1444f] [FILTER_BEFORE] /index.php/Preview/Alert/GRAB

[1 occurrence(s)]
DEBUG --> [REQ_ID=0bdb45d1444f] [ROUTE] Controller=\App\Modules\User\Controllers\AlertsController Method=preview

[1 occurrence(s)]
DEBUG --> [REQ_ID=0bdb45d1444f] [LIFECYCLE][START] GET https://www.mymiwallet.com/index.php/Preview/Alert/GRAB

[1 occurrence(s)]
DEBUG --> [CSRF] token name=csrf_test_name hash=6a25fcf82fae7b07368ea33961d17f2c

[1 occurrence(s)]
DEBUG --> [REQ_ID=28ba59b54855] [INIT] App\Modules\User\Controllers\AlertsController::GET

[1 occurrence(s)]
DEBUG --> [REQ_ID=28ba59b54855] [METHOD_ENTRY] preview

[1 occurrence(s)]
DEBUG --> [REQ_ID=28ba59b54855] [VIEW_RENDER] themes/public/previewAlert

[1 occurrence(s)]
DEBUG --> [REQ_ID=0bdb45d1444f] [FILTER_AFTER]

[1 occurrence(s)]
DEBUG --> [REQ_ID=0bdb45d1444f] [LIFECYCLE][END] status=200 duration_ms=411.06 memory_delta=2097152

[1 occurrence(s)]
DEBUG --> [REQ_ID=0bdb45d1444f] [REQUEST][END]

[1 occurrence(s)]
DEBUG --> [REQ_ID=acde6a67097b] [REQUEST][START] GET /index.php/API/Alerts/fetchEmailAlerts

[1 occurrence(s)]
DEBUG --> [REQ_ID=acde6a67097b] [FILTER_BEFORE] /index.php/API/Alerts/fetchEmailAlerts

[1 occurrence(s)]
DEBUG --> [REQ_ID=acde6a67097b] [ROUTE] Controller=\App\Modules\APIs\Controllers\AlertsAPIController Method=fetchEmailAlerts

[1 occurrence(s)]
DEBUG --> [REQ_ID=acde6a67097b] [LIFECYCLE][START] GET https://www.mymiwallet.com/index.php/API/Alerts/fetchEmailAlerts

[1 occurrence(s)]
DEBUG --> [REQ_ID=acde6a67097b] [REQUEST][END]

[1 occurrence(s)]
DEBUG --> [REQ_ID=0317f0ad6777] [REQUEST][START] GET /index.php/Purchase/MyMIGold

[1 occurrence(s)]
DEBUG --> [REQ_ID=0317f0ad6777] [FILTER_BEFORE] /index.php/Purchase/MyMIGold

[1 occurrence(s)]
DEBUG --> [REQ_ID=0317f0ad6777] [ROUTE] Controller=closure_route Method=index

[1 occurrence(s)]
DEBUG --> [REQ_ID=0317f0ad6777] [LIFECYCLE][START] GET https://www.mymiwallet.com/index.php/Purchase/MyMIGold

[1 occurrence(s)]
DEBUG --> [CSRF] token name=csrf_test_name hash=e1b8367c919a73da3bbcaf05ad122616

[1 occurrence(s)]
DEBUG --> [REQ_ID=0317f0ad6777] [REQUEST][END]

[1 occurrence(s)]
DEBUG --> [REQ_ID=1372f7675494] [REQUEST][START] GET /index.php/login

[1 occurrence(s)]
DEBUG --> [REQ_ID=1372f7675494] [FILTER_BEFORE] /index.php/login

[1 occurrence(s)]
DEBUG --> [REQ_ID=1372f7675494] [ROUTE] Controller=\App\Controllers\AuthController Method=login

[1 occurrence(s)]
DEBUG --> [REQ_ID=1372f7675494] [LIFECYCLE][START] GET https://www.mymiwallet.com/index.php/login

[1 occurrence(s)]
DEBUG --> [CSRF] token name=csrf_test_name hash=1b83c64c76ec531d12bada9ed8da7d56

[1 occurrence(s)]
DEBUG --> [REQ_ID=bb336aad2640] [INIT] App\Controllers\AuthController::GET

[1 occurrence(s)]
DEBUG --> [REQ_ID=1372f7675494] [FILTER_AFTER]

[1 occurrence(s)]
DEBUG --> [REQ_ID=1372f7675494] [LIFECYCLE][END] status=200 duration_ms=109.50 memory_delta=0

[1 occurrence(s)]
DEBUG --> [REQ_ID=1372f7675494] [REQUEST][END]

[1 occurrence(s)]
DEBUG --> [REQ_ID=92aaf13f4096] [REQUEST][START] GET /index.php/Support

[1 occurrence(s)]
DEBUG --> [REQ_ID=92aaf13f4096] [FILTER_BEFORE] /index.php/Support

[1 occurrence(s)]
DEBUG --> [REQ_ID=92aaf13f4096] [ROUTE] Controller=\App\Modules\Support\Controllers\SupportController Method=index

[1 occurrence(s)]
DEBUG --> [REQ_ID=92aaf13f4096] [LIFECYCLE][START] GET https://www.mymiwallet.com/index.php/Support

[1 occurrence(s)]
DEBUG --> [CSRF] token name=csrf_test_name hash=4f7ad489e492572cd6ca94d2d568f0db

[1 occurrence(s)]
DEBUG --> [REQ_ID=828bd3ed7717] [INIT] App\Modules\Support\Controllers\SupportController::GET

[1 occurrence(s)]
DEBUG --> [REQ_ID=828bd3ed7717] [METHOD_ENTRY] index

[1 occurrence(s)]
DEBUG --> [REQ_ID=828bd3ed7717] [VIEW_RENDER] SupportModule\Views\Support\index

[1 occurrence(s)]
DEBUG --> [REQ_ID=92aaf13f4096] [FILTER_AFTER]

[1 occurrence(s)]
DEBUG --> [REQ_ID=92aaf13f4096] [LIFECYCLE][END] status=200 duration_ms=188.97 memory_delta=0

[1 occurrence(s)]
DEBUG --> [REQ_ID=92aaf13f4096] [REQUEST][END]

[1 occurrence(s)]
DEBUG --> [REQ_ID=fe06052f7e30] [REQUEST][START] GET /index.php/forgot

[1 occurrence(s)]
DEBUG --> [REQ_ID=fe06052f7e30] [REQUEST][END]

[1 occurrence(s)]
DEBUG --> [REQ_ID=97b6b4e25fee] [REQUEST][START] GET /index.php/Account

[1 occurrence(s)]
DEBUG --> [REQ_ID=97b6b4e25fee] [REQUEST][END]

[1 occurrence(s)]
DEBUG --> [REQ_ID=0d09eea953ee] [REQUEST][START] GET /

[1 occurrence(s)]
DEBUG --> [REQ_ID=0d09eea953ee] [FILTER_BEFORE] /

[1 occurrence(s)]
DEBUG --> [REQ_ID=0d09eea953ee] [ROUTE] Controller=\App\Controllers\Home Method=index

[1 occurrence(s)]
DEBUG --> [REQ_ID=0d09eea953ee] [LIFECYCLE][START] GET https://www.mymiwallet.com/index.php/

[1 occurrence(s)]
DEBUG --> [CSRF] token name=csrf_test_name hash=90ce42e9f1a6a272b69084b38893bceb

[1 occurrence(s)]
DEBUG --> [REQ_ID=6ca59c1664ec] [INIT] App\Controllers\Home::GET

[1 occurrence(s)]
DEBUG --> [REQ_ID=6ca59c1664ec] [VIEW_RENDER] themes/public/home

[1 occurrence(s)]
DEBUG --> [REQ_ID=0d09eea953ee] [FILTER_AFTER]

[1 occurrence(s)]
DEBUG --> [REQ_ID=0d09eea953ee] [LIFECYCLE][END] status=200 duration_ms=766.96 memory_delta=4194304

[1 occurrence(s)]
DEBUG --> [REQ_ID=0d09eea953ee] [REQUEST][END]

[1 occurrence(s)]
DEBUG --> [REQ_ID=0326d38ad972] [REQUEST][START] GET /index.php/login'

[1 occurrence(s)]
DEBUG --> [REQ_ID=54bdb0d7fb3e] [REQUEST][START] GET /index.php/Management/Budgets

[1 occurrence(s)]
DEBUG --> [REQ_ID=54bdb0d7fb3e] [REQUEST][END]

[1 occurrence(s)]
DEBUG --> [REQ_ID=40dbc546549b] [REQUEST][START] GET /index.php/API/Management/Run-CRON-Tasks

[1 occurrence(s)]
DEBUG --> [REQ_ID=40dbc546549b] [FILTER_BEFORE] /index.php/API/Management/Run-CRON-Tasks

[1 occurrence(s)]
DEBUG --> [REQ_ID=40dbc546549b] [ROUTE] Controller=\App\Modules\Management\Controllers\ManagementAPIController Method=Run_CRON_Tasks

[1 occurrence(s)]
DEBUG --> [REQ_ID=40dbc546549b] [LIFECYCLE][START] GET https://www.mymiwallet.com/index.php/API/Management/Run-CRON-Tasks

[1 occurrence(s)]
DEBUG --> [REQ_ID=40dbc546549b] [REQUEST][END]

[1 occurrence(s)]
DEBUG --> [REQ_ID=7b133db6e092] [REQUEST][START] GET /

[1 occurrence(s)]
DEBUG --> [REQ_ID=7b133db6e092] [FILTER_BEFORE] /

[1 occurrence(s)]
DEBUG --> [REQ_ID=7b133db6e092] [ROUTE] Controller=\App\Controllers\Home Method=index

[1 occurrence(s)]
DEBUG --> [REQ_ID=7b133db6e092] [LIFECYCLE][START] GET https://www.mymiwallet.com/index.php/

[1 occurrence(s)]
DEBUG --> [CSRF] token name=csrf_test_name hash=901782cfc23033ed358ad6831fcaab57

[1 occurrence(s)]
DEBUG --> [REQ_ID=9856a0c0e9b3] [INIT] App\Controllers\Home::GET

[1 occurrence(s)]
DEBUG --> [REQ_ID=9856a0c0e9b3] [VIEW_RENDER] themes/public/home

[1 occurrence(s)]
DEBUG --> [REQ_ID=7b133db6e092] [FILTER_AFTER]

[1 occurrence(s)]
DEBUG --> [REQ_ID=7b133db6e092] [LIFECYCLE][END] status=200 duration_ms=730.15 memory_delta=4194304

[1 occurrence(s)]
DEBUG --> [REQ_ID=7b133db6e092] [REQUEST][END]

[1 occurrence(s)]
DEBUG --> [REQ_ID=1cf7ec3c86d0] [REQUEST][START] GET /index.php/how-it-works/mymi-gold

[1 occurrence(s)]
DEBUG --> [REQ_ID=efccd684f2cc] [REQUEST][START] GET /index.php/legal/terms-and-conditions

[1 occurrence(s)]
DEBUG --> [REQ_ID=3fecc29379e1] [REQUEST][START] GET /index.php/how-it-works/mymi-exchange

[1 occurrence(s)]
DEBUG --> [REQ_ID=25f99c47b39d] [REQUEST][START] GET /index.php

[1 occurrence(s)]
DEBUG --> [REQ_ID=25f99c47b39d] [FILTER_BEFORE] /index.php

[1 occurrence(s)]
DEBUG --> [REQ_ID=25f99c47b39d] [ROUTE] Controller=\App\Controllers\Home Method=index

[1 occurrence(s)]
DEBUG --> [REQ_ID=25f99c47b39d] [LIFECYCLE][START] GET https://www.mymiwallet.com/index.php/

[1 occurrence(s)]
DEBUG --> [CSRF] token name=csrf_test_name hash=904cb889889b946cdc208fb833de734d

[1 occurrence(s)]
DEBUG --> [REQ_ID=3991813d37e6] [INIT] App\Controllers\Home::GET

[1 occurrence(s)]
DEBUG --> [REQ_ID=3991813d37e6] [VIEW_RENDER] themes/public/home

[1 occurrence(s)]
DEBUG --> [REQ_ID=25f99c47b39d] [FILTER_AFTER]

[1 occurrence(s)]
DEBUG --> [REQ_ID=25f99c47b39d] [LIFECYCLE][END] status=200 duration_ms=562.25 memory_delta=4194304

[1 occurrence(s)]
DEBUG --> [REQ_ID=25f99c47b39d] [REQUEST][END]

[1 occurrence(s)]
DEBUG --> [REQ_ID=3a3edfe30800] [REQUEST][START] GET /index.php/dashboard

[1 occurrence(s)]
DEBUG --> [REQ_ID=1fec8b042a03] [REQUEST][START] GET /index.php/how-it-works/daily-financial-news

[1 occurrence(s)]
DEBUG --> [REQ_ID=84b26c146d1b] [REQUEST][START] GET /index.php/how-it-works/automated-financial-insights

[1 occurrence(s)]
DEBUG --> [REQ_ID=472636d19a00] [REQUEST][START] GET /index.php/privacy-policy

[1 occurrence(s)]
DEBUG --> [REQ_ID=fb24b4ca9c6d] [REQUEST][START] GET /index.php/how-it-works/investor-profile

[1 occurrence(s)]
DEBUG --> [REQ_ID=c2665bb360bc] [REQUEST][START] GET /index.php/how-it-works

[1 occurrence(s)]
DEBUG --> [REQ_ID=7f7b8323ea42] [REQUEST][START] GET /index.php/support

[1 occurrence(s)]
DEBUG --> [REQ_ID=cbf22766830f] [REQUEST][START] GET /index.php/how-it-works/investment-dashboard

[1 occurrence(s)]
DEBUG --> [REQ_ID=9b61a4add581] [REQUEST][START] GET /index.php/login

[1 occurrence(s)]
DEBUG --> [REQ_ID=9b61a4add581] [FILTER_BEFORE] /index.php/login

[1 occurrence(s)]
DEBUG --> [REQ_ID=9b61a4add581] [ROUTE] Controller=\App\Controllers\AuthController Method=login

[1 occurrence(s)]
DEBUG --> [REQ_ID=9b61a4add581] [LIFECYCLE][START] GET https://www.mymiwallet.com/index.php/login

[1 occurrence(s)]
DEBUG --> [CSRF] token name=csrf_test_name hash=c3fb0b4a5331a01a6ff0e9232c306223

[1 occurrence(s)]
DEBUG --> [REQ_ID=afbcb7a182e9] [INIT] App\Controllers\AuthController::GET

[1 occurrence(s)]
DEBUG --> [REQ_ID=9b61a4add581] [FILTER_AFTER]

[1 occurrence(s)]
DEBUG --> [REQ_ID=9b61a4add581] [LIFECYCLE][END] status=200 duration_ms=47.68 memory_delta=0

[1 occurrence(s)]
DEBUG --> [REQ_ID=9b61a4add581] [REQUEST][END]

[1 occurrence(s)]
DEBUG --> [REQ_ID=a49fbcd18f6e] [REQUEST][START] GET /index.php/how-it-works/registering-an-account

[1 occurrence(s)]
DEBUG --> [REQ_ID=60536fb8b699] [REQUEST][START] GET /index.php/how-it-works/personal-budgeting

[1 occurrence(s)]
DEBUG --> [REQ_ID=54d682d56244] [REQUEST][START] GET /index.php/legal/privacy-policy

[1 occurrence(s)]
DEBUG --> [REQ_ID=bd5a03b44e77] [REQUEST][START] GET /

[1 occurrence(s)]
DEBUG --> [REQ_ID=bd5a03b44e77] [FILTER_BEFORE] /

[1 occurrence(s)]
DEBUG --> [REQ_ID=bd5a03b44e77] [ROUTE] Controller=\App\Controllers\Home Method=index

[1 occurrence(s)]
DEBUG --> [REQ_ID=bd5a03b44e77] [LIFECYCLE][START] GET https://www.mymiwallet.com/index.php/

[1 occurrence(s)]
DEBUG --> [CSRF] token name=csrf_test_name hash=6af475c7e2b50673a1a38339a3979930

[1 occurrence(s)]
DEBUG --> [REQ_ID=5d87f08bddc1] [INIT] App\Controllers\Home::GET

[1 occurrence(s)]
DEBUG --> [REQ_ID=d3930a152bd7] [REQUEST][START] GET /index.php/how-it-works/investment-portfolio-management

[1 occurrence(s)]
DEBUG --> [REQ_ID=7026be699514] [REQUEST][START] GET /index.php/free/register

[1 occurrence(s)]
DEBUG --> [REQ_ID=7026be699514] [FILTER_BEFORE] /index.php/free/register

[1 occurrence(s)]
DEBUG --> [REQ_ID=7026be699514] [ROUTE] Controller=\App\Controllers\AuthController Method=register

[1 occurrence(s)]
DEBUG --> [REQ_ID=7026be699514] [LIFECYCLE][START] GET https://www.mymiwallet.com/index.php/free/register

[1 occurrence(s)]
DEBUG --> [CSRF] token name=csrf_test_name hash=efb1159f312ce7e8c3a901cdce4aa433

[1 occurrence(s)]
DEBUG --> [REQ_ID=7026be699514] [REQUEST][END]

[1 occurrence(s)]
DEBUG --> [REQ_ID=d53a782f05b3] [REQUEST][START] GET /index.php/terms-of-service

[1 occurrence(s)]
DEBUG --> [REQ_ID=f45438a8246e] [REQUEST][START] GET /index.php/login

[1 occurrence(s)]
DEBUG --> [REQ_ID=f45438a8246e] [FILTER_BEFORE] /index.php/login

[1 occurrence(s)]
DEBUG --> [REQ_ID=f45438a8246e] [ROUTE] Controller=\App\Controllers\AuthController Method=login

[1 occurrence(s)]
DEBUG --> [REQ_ID=f45438a8246e] [LIFECYCLE][START] GET https://www.mymiwallet.com/index.php/login

[1 occurrence(s)]
DEBUG --> [CSRF] token name=csrf_test_name hash=8bbfce44db46b83bbab0d7857945f7b4

[1 occurrence(s)]
DEBUG --> [REQ_ID=37410d17ee06] [INIT] App\Controllers\AuthController::GET

[1 occurrence(s)]
DEBUG --> [REQ_ID=f45438a8246e] [FILTER_AFTER]

[1 occurrence(s)]
DEBUG --> [REQ_ID=f45438a8246e] [LIFECYCLE][END] status=200 duration_ms=28.09 memory_delta=0

[1 occurrence(s)]
DEBUG --> [REQ_ID=f45438a8246e] [REQUEST][END]

[1 occurrence(s)]
DEBUG --> [REQ_ID=6f91c09f37f6] [REQUEST][START] GET /index.php/knowledgebase

[1 occurrence(s)]
DEBUG --> [REQ_ID=5d87f08bddc1] [VIEW_RENDER] themes/public/home

[1 occurrence(s)]
DEBUG --> [REQ_ID=bd5a03b44e77] [FILTER_AFTER]

[1 occurrence(s)]
DEBUG --> [REQ_ID=bd5a03b44e77] [LIFECYCLE][END] status=200 duration_ms=666.36 memory_delta=4194304

[1 occurrence(s)]
DEBUG --> [REQ_ID=bd5a03b44e77] [REQUEST][END]

[1 occurrence(s)]
DEBUG --> [REQ_ID=dc27e7bb2297] [REQUEST][START] GET /index.php/how-it-works/setting-financial-goals

[1 occurrence(s)]
DEBUG --> [REQ_ID=928464249aad] [REQUEST][START] GET /index.php/How-It-Works/Investor-Profile

[1 occurrence(s)]
DEBUG --> [REQ_ID=928464249aad] [FILTER_BEFORE] /index.php/How-It-Works/Investor-Profile

[1 occurrence(s)]
DEBUG --> [REQ_ID=928464249aad] [ROUTE] Controller=\App\Modules\Blog\Controllers\HowItWorksController Method=show

[1 occurrence(s)]
DEBUG --> [REQ_ID=928464249aad] [LIFECYCLE][START] GET https://www.mymiwallet.com/index.php/How-It-Works/Investor-Profile

[1 occurrence(s)]
DEBUG --> [CSRF] token name=csrf_test_name hash=30890c0163ef8419c13ffc3b3c03f200

[1 occurrence(s)]
DEBUG --> [REQ_ID=955df0ebb9c5] [INIT] App\Modules\Blog\Controllers\HowItWorksController::GET

[1 occurrence(s)]
DEBUG --> [REQ_ID=955df0ebb9c5] [METHOD_ENTRY] show

[1 occurrence(s)]
DEBUG --> [REQ_ID=86b496ed2863] [REQUEST][START] GET /index.php/API/Alerts/fetchEmailAlerts

[1 occurrence(s)]
DEBUG --> [REQ_ID=86b496ed2863] [FILTER_BEFORE] /index.php/API/Alerts/fetchEmailAlerts

[1 occurrence(s)]
DEBUG --> [REQ_ID=86b496ed2863] [ROUTE] Controller=\App\Modules\APIs\Controllers\AlertsAPIController Method=fetchEmailAlerts

[1 occurrence(s)]
DEBUG --> [REQ_ID=86b496ed2863] [LIFECYCLE][START] GET https://www.mymiwallet.com/index.php/API/Alerts/fetchEmailAlerts

[1 occurrence(s)]
DEBUG --> [REQ_ID=86b496ed2863] [REQUEST][END]

[1 occurrence(s)]
DEBUG --> [REQ_ID=7724e8fc08ac] [REQUEST][START] GET /index.php/register

[1 occurrence(s)]
DEBUG --> [REQ_ID=7724e8fc08ac] [REQUEST][END]

[1 occurrence(s)]
DEBUG --> [REQ_ID=2eaedfeaa50e] [REQUEST][START] GET /index.php/Investments/News

[1 occurrence(s)]
DEBUG --> [REQ_ID=2eaedfeaa50e] [FILTER_BEFORE] /index.php/Investments/News

[1 occurrence(s)]
DEBUG --> [REQ_ID=2eaedfeaa50e] [ROUTE] Controller=closure_route Method=index

[1 occurrence(s)]
DEBUG --> [REQ_ID=2eaedfeaa50e] [LIFECYCLE][START] GET https://www.mymiwallet.com/index.php/Investments/News

[1 occurrence(s)]
DEBUG --> [CSRF] token name=csrf_test_name hash=1b27d07f43252e5d9cfc8485cd6eff7d

[1 occurrence(s)]
DEBUG --> [REQ_ID=2eaedfeaa50e] [REQUEST][END]

[1 occurrence(s)]
DEBUG --> [REQ_ID=af512dcc9206] [REQUEST][START] GET /index.php/login

[1 occurrence(s)]
DEBUG --> [REQ_ID=af512dcc9206] [FILTER_BEFORE] /index.php/login

[1 occurrence(s)]
DEBUG --> [REQ_ID=af512dcc9206] [ROUTE] Controller=\App\Controllers\AuthController Method=login

[1 occurrence(s)]
DEBUG --> [REQ_ID=af512dcc9206] [LIFECYCLE][START] GET https://www.mymiwallet.com/index.php/login

[1 occurrence(s)]
DEBUG --> [CSRF] token name=csrf_test_name hash=f65f6914a30e913954fa0140c24c3676

[1 occurrence(s)]
DEBUG --> [REQ_ID=354fb6bb4113] [INIT] App\Controllers\AuthController::GET

[1 occurrence(s)]
DEBUG --> [REQ_ID=af512dcc9206] [FILTER_AFTER]

[1 occurrence(s)]
DEBUG --> [REQ_ID=af512dcc9206] [LIFECYCLE][END] status=200 duration_ms=76.26 memory_delta=0

[1 occurrence(s)]
DEBUG --> [REQ_ID=af512dcc9206] [REQUEST][END]

[1 occurrence(s)]
DEBUG --> [REQ_ID=fcb3cc357534] [REQUEST][START] GET /

[1 occurrence(s)]
DEBUG --> [REQ_ID=fcb3cc357534] [FILTER_BEFORE] /

[1 occurrence(s)]
DEBUG --> [REQ_ID=fcb3cc357534] [ROUTE] Controller=\App\Controllers\Home Method=index

[1 occurrence(s)]
DEBUG --> [REQ_ID=fcb3cc357534] [LIFECYCLE][START] GET https://www.mymiwallet.com/index.php/

[1 occurrence(s)]
DEBUG --> [CSRF] token name=csrf_test_name hash=3b32d475a7d4b122282b47ee14a88970

[1 occurrence(s)]
DEBUG --> [REQ_ID=9d0974515f6b] [INIT] App\Controllers\Home::GET

[1 occurrence(s)]
DEBUG --> [REQ_ID=9d0974515f6b] [VIEW_RENDER] themes/public/home

[1 occurrence(s)]
DEBUG --> [REQ_ID=fcb3cc357534] [FILTER_AFTER]

[1 occurrence(s)]
DEBUG --> [REQ_ID=fcb3cc357534] [LIFECYCLE][END] status=200 duration_ms=645.71 memory_delta=4194304

[1 occurrence(s)]
DEBUG --> [REQ_ID=fcb3cc357534] [REQUEST][END]

[1 occurrence(s)]
DEBUG --> [REQ_ID=4dc619a89d1f] [REQUEST][START] GET /index.php/How-It-Works/Investment-Portfolio-Management

[1 occurrence(s)]
DEBUG --> [REQ_ID=4dc619a89d1f] [FILTER_BEFORE] /index.php/How-It-Works/Investment-Portfolio-Management

[1 occurrence(s)]
DEBUG --> [REQ_ID=4dc619a89d1f] [ROUTE] Controller=\App\Modules\Blog\Controllers\HowItWorksController Method=InvestmentPortfolioManagement

[1 occurrence(s)]
DEBUG --> [REQ_ID=4dc619a89d1f] [LIFECYCLE][START] GET https://www.mymiwallet.com/index.php/How-It-Works/Investment-Portfolio-Management

[1 occurrence(s)]
DEBUG --> [CSRF] token name=csrf_test_name hash=e7d797a2ace53cb74ebdb146c0124824

[1 occurrence(s)]
DEBUG --> [REQ_ID=646cdf943ef1] [INIT] App\Modules\Blog\Controllers\HowItWorksController::GET

[1 occurrence(s)]
DEBUG --> [REQ_ID=646cdf943ef1] [METHOD_ENTRY] InvestmentPortfolioManagement

[1 occurrence(s)]
DEBUG --> [MetaService] slug=how-it-works/investment-portfolio-management pageName= cacheHit= path=DB

[1 occurrence(s)]
DEBUG --> [REQ_ID=4dc619a89d1f] [FILTER_AFTER]

[1 occurrence(s)]
DEBUG --> [REQ_ID=4dc619a89d1f] [LIFECYCLE][END] status=200 duration_ms=647.37 memory_delta=2097152

[1 occurrence(s)]
DEBUG --> [REQ_ID=4dc619a89d1f] [REQUEST][END]

[1 occurrence(s)]
DEBUG --> [REQ_ID=cd93de622439] [REQUEST][START] GET /index.php/How-It-Works/Automated-Financial-Insights

[1 occurrence(s)]
DEBUG --> [REQ_ID=cd93de622439] [FILTER_BEFORE] /index.php/How-It-Works/Automated-Financial-Insights

[1 occurrence(s)]
DEBUG --> [REQ_ID=cd93de622439] [ROUTE] Controller=\App\Modules\Blog\Controllers\HowItWorksController Method=show

[1 occurrence(s)]
DEBUG --> [REQ_ID=cd93de622439] [LIFECYCLE][START] GET https://www.mymiwallet.com/index.php/How-It-Works/Automated-Financial-Insights

[1 occurrence(s)]
DEBUG --> [CSRF] token name=csrf_test_name hash=1d12fcae4e361634191826c82a571901

[1 occurrence(s)]
DEBUG --> [REQ_ID=f3a2aebc9b7e] [INIT] App\Modules\Blog\Controllers\HowItWorksController::GET

[1 occurrence(s)]
DEBUG --> [REQ_ID=f3a2aebc9b7e] [METHOD_ENTRY] show

[1 occurrence(s)]
DEBUG --> [REQ_ID=b6f15447388c] [REQUEST][START] GET /index.php/How-It-Works/Setting-Financial-Goals

[1 occurrence(s)]
DEBUG --> [REQ_ID=b6f15447388c] [FILTER_BEFORE] /index.php/How-It-Works/Setting-Financial-Goals

[1 occurrence(s)]
DEBUG --> [REQ_ID=b6f15447388c] [ROUTE] Controller=\App\Modules\Blog\Controllers\HowItWorksController Method=SettingFinancialGoals

[1 occurrence(s)]
DEBUG --> [REQ_ID=b6f15447388c] [LIFECYCLE][START] GET https://www.mymiwallet.com/index.php/How-It-Works/Setting-Financial-Goals

[1 occurrence(s)]
DEBUG --> [CSRF] token name=csrf_test_name hash=3b5a680d09d27df7e62a4797923d9397

[1 occurrence(s)]
DEBUG --> [REQ_ID=109cabc2b01b] [INIT] App\Modules\Blog\Controllers\HowItWorksController::GET

[1 occurrence(s)]
DEBUG --> [REQ_ID=109cabc2b01b] [METHOD_ENTRY] SettingFinancialGoals

[1 occurrence(s)]
DEBUG --> [MetaService] slug=how-it-works/setting-financial-goals pageName= cacheHit= path=DB

[1 occurrence(s)]
DEBUG --> [REQ_ID=b6f15447388c] [FILTER_AFTER]

[1 occurrence(s)]
DEBUG --> [REQ_ID=b6f15447388c] [LIFECYCLE][END] status=200 duration_ms=551.38 memory_delta=4194304

[1 occurrence(s)]
DEBUG --> [REQ_ID=b6f15447388c] [REQUEST][END]

[1 occurrence(s)]
DEBUG --> [REQ_ID=9f09d9b28fbc] [REQUEST][START] GET /index.php/Premium-Features/Due-Diligence-Database

[1 occurrence(s)]
DEBUG --> [REQ_ID=9f09d9b28fbc] [REQUEST][END]

[1 occurrence(s)]
DEBUG --> [REQ_ID=8f32ac50850a] [REQUEST][START] GET /index.php/How-It-Works/Registering-An-Account

[1 occurrence(s)]
DEBUG --> [REQ_ID=8f32ac50850a] [FILTER_BEFORE] /index.php/How-It-Works/Registering-An-Account

[1 occurrence(s)]
DEBUG --> [REQ_ID=8f32ac50850a] [ROUTE] Controller=\App\Modules\Blog\Controllers\HowItWorksController Method=show

[1 occurrence(s)]
DEBUG --> [REQ_ID=8f32ac50850a] [LIFECYCLE][START] GET https://www.mymiwallet.com/index.php/How-It-Works/Registering-An-Account

[1 occurrence(s)]
DEBUG --> [CSRF] token name=csrf_test_name hash=a77c630a251b735fa4c2647059d0a789

[1 occurrence(s)]
DEBUG --> [REQ_ID=6d241cdd02cb] [INIT] App\Modules\Blog\Controllers\HowItWorksController::GET

[1 occurrence(s)]
DEBUG --> [REQ_ID=6d241cdd02cb] [METHOD_ENTRY] show

[1 occurrence(s)]
DEBUG --> [REQ_ID=c01d447306ff] [REQUEST][START] GET /index.php/How-It-Works/Registering-An-Account

[1 occurrence(s)]
DEBUG --> [REQ_ID=c01d447306ff] [FILTER_BEFORE] /index.php/How-It-Works/Registering-An-Account

[1 occurrence(s)]
DEBUG --> [REQ_ID=c01d447306ff] [ROUTE] Controller=\App\Modules\Blog\Controllers\HowItWorksController Method=show

[1 occurrence(s)]
DEBUG --> [REQ_ID=c01d447306ff] [LIFECYCLE][START] GET https://www.mymiwallet.com/index.php/How-It-Works/Registering-An-Account

[1 occurrence(s)]
DEBUG --> [CSRF] token name=csrf_test_name hash=8ee980d3ffe510144b902729254f1e3c

[1 occurrence(s)]
DEBUG --> [REQ_ID=d791f63d2bb7] [INIT] App\Modules\Blog\Controllers\HowItWorksController::GET

[1 occurrence(s)]
DEBUG --> [REQ_ID=d791f63d2bb7] [METHOD_ENTRY] show

[1 occurrence(s)]
DEBUG --> [REQ_ID=74cfeb0b8aa4] [REQUEST][START] GET /

[1 occurrence(s)]
DEBUG --> [REQ_ID=74cfeb0b8aa4] [FILTER_BEFORE] /

[1 occurrence(s)]
DEBUG --> [REQ_ID=74cfeb0b8aa4] [ROUTE] Controller=\App\Controllers\Home Method=index

[1 occurrence(s)]
DEBUG --> [REQ_ID=74cfeb0b8aa4] [LIFECYCLE][START] GET https://www.mymiwallet.com/index.php/

[1 occurrence(s)]
DEBUG --> [CSRF] token name=csrf_test_name hash=da14da24bba94cb9391bda25495baa87

[1 occurrence(s)]
DEBUG --> [REQ_ID=504682ad1f92] [INIT] App\Controllers\Home::GET

[1 occurrence(s)]
DEBUG --> [REQ_ID=504682ad1f92] [VIEW_RENDER] themes/public/home

[1 occurrence(s)]
DEBUG --> [REQ_ID=74cfeb0b8aa4] [FILTER_AFTER]

[1 occurrence(s)]
DEBUG --> [REQ_ID=74cfeb0b8aa4] [LIFECYCLE][END] status=200 duration_ms=615.81 memory_delta=4194304

[1 occurrence(s)]
DEBUG --> [REQ_ID=74cfeb0b8aa4] [REQUEST][END]

[1 occurrence(s)]
DEBUG --> [REQ_ID=a9ffd2733256] [REQUEST][START] GET /index.php/How-It-Works/Registering-An-Account

[1 occurrence(s)]
DEBUG --> [REQ_ID=a9ffd2733256] [FILTER_BEFORE] /index.php/How-It-Works/Registering-An-Account

[1 occurrence(s)]
DEBUG --> [REQ_ID=a9ffd2733256] [ROUTE] Controller=\App\Modules\Blog\Controllers\HowItWorksController Method=show

[1 occurrence(s)]
DEBUG --> [REQ_ID=a9ffd2733256] [LIFECYCLE][START] GET https://www.mymiwallet.com/index.php/How-It-Works/Registering-An-Account

[1 occurrence(s)]
DEBUG --> [CSRF] token name=csrf_test_name hash=d2b01460ea8411fb86ade56b82c08603

[1 occurrence(s)]
DEBUG --> [REQ_ID=5b016b5cc090] [INIT] App\Modules\Blog\Controllers\HowItWorksController::GET

[1 occurrence(s)]
DEBUG --> [REQ_ID=5b016b5cc090] [METHOD_ENTRY] show

[1 occurrence(s)]
DEBUG --> [REQ_ID=9c8db9ab4460] [REQUEST][START] GET /index.php/API/Management/Run-CRON-Tasks

[1 occurrence(s)]
DEBUG --> [REQ_ID=9c8db9ab4460] [FILTER_BEFORE] /index.php/API/Management/Run-CRON-Tasks

[1 occurrence(s)]
DEBUG --> [REQ_ID=9c8db9ab4460] [ROUTE] Controller=\App\Modules\Management\Controllers\ManagementAPIController Method=Run_CRON_Tasks

[1 occurrence(s)]
DEBUG --> [REQ_ID=9c8db9ab4460] [LIFECYCLE][START] GET https://www.mymiwallet.com/index.php/API/Management/Run-CRON-Tasks

[1 occurrence(s)]
DEBUG --> [REQ_ID=9c8db9ab4460] [REQUEST][END]


---------------------------
LEVEL: INFO
---------------------------

[1 occurrence(s)]
INFO --> [REQ_ID=8f8e67b9e292] [PERF] Execution time=0.017167

[1 occurrence(s)]
INFO --> [REQ_ID=147521a81325] [PERF] Execution time=0.043675

[1 occurrence(s)]
INFO --> [REQ_ID=6f18f8aa0967] [PERF] Execution time=0.025958

[1 occurrence(s)]
INFO --> [REQ_ID=93dda03dc485] [MEMORY][controller-start] 4194304

[1 occurrence(s)]
INFO --> [REQ_ID=93dda03dc485] [PERF] Execution time=0.143230

[1 occurrence(s)]
INFO --> [REQ_ID=e61eccbe6e67] [PERF] Execution time=0.156866

[1 occurrence(s)]
INFO --> REDIRECTED ROUTE at https://www.mymiwallet.com/Wallets/Manager

[1 occurrence(s)]
INFO --> [REQ_ID=c9fc2c6a30d6] [PERF] Execution time=0.037730

[1 occurrence(s)]
INFO --> [REQ_ID=c6474772322c] [PERF] Execution time=0.010642

[1 occurrence(s)]
INFO --> [REQ_ID=cbec5cbfe1a6] [MEMORY][controller-start] 6291456

[1 occurrence(s)]
INFO --> [REQ_ID=cbec5cbfe1a6] [MEMORY][commonData:start] 6291456

[1 occurrence(s)]
INFO --> [REQ_ID=cbec5cbfe1a6] [MEMORY][commonData:start] 10485760

[9 occurrence(s)]
INFO --> themesMemory usage: 10485760

[1 occurrence(s)]
INFO --> [REQ_ID=cbec5cbfe1a6] [PERF] Execution time=0.651900

[1 occurrence(s)]
INFO --> [REQ_ID=095a455c6ca0] [PERF] Execution time=0.694156

[1 occurrence(s)]
INFO --> [REQ_ID=62314fa593a1] [PERF] Execution time=0.047357

[1 occurrence(s)]
INFO --> [REQ_ID=2b7416647c9d] [MEMORY][controller-start] 6291456

[2 occurrence(s)]
INFO --> [REQ_ID=2b7416647c9d] [MEMORY][commonData:start] 8388608

[14 occurrence(s)]
INFO --> themesMemory usage: 8388608

[1 occurrence(s)]
INFO --> [REQ_ID=2b7416647c9d] [PERF] Execution time=0.700315

[1 occurrence(s)]
INFO --> [REQ_ID=6fbb5c4c11c5] [PERF] Execution time=0.745120

[1 occurrence(s)]
INFO --> [REQ_ID=6960aa1e3641] [MEMORY][controller-start] 6291456

[1 occurrence(s)]
INFO --> [REQ_ID=6960aa1e3641] [MEMORY][commonData:start] 6291456

[1 occurrence(s)]
INFO --> [REQ_ID=6960aa1e3641] [MEMORY][commonData:start] 10485760

[1 occurrence(s)]
INFO --> [REQ_ID=6960aa1e3641] [PERF] Execution time=0.869088

[1 occurrence(s)]
INFO --> [REQ_ID=f9ab5fca42fa] [PERF] Execution time=0.909492

[1 occurrence(s)]
INFO --> [REQ_ID=fa090b1f6a66] [MEMORY][controller-start] 6291456

[2 occurrence(s)]
INFO --> [REQ_ID=fa090b1f6a66] [MEMORY][commonData:start] 8388608

[1 occurrence(s)]
INFO --> AlertsModel L404 - Alert updated successfully for ID 9368: Array

[1 occurrence(s)]
INFO --> 🔄 Trying AlphaVantage for IMNN...

[1 occurrence(s)]
INFO --> ✅ Alert snapshot inserted for IMNN with trade_id 9368

[1 occurrence(s)]
INFO --> [REQ_ID=fa090b1f6a66] [PERF] Execution time=0.477840

[1 occurrence(s)]
INFO --> [REQ_ID=ae4c79d8cfd7] [PERF] Execution time=0.493626

[1 occurrence(s)]
INFO --> [REQ_ID=7d9918b5cef9] [MEMORY][controller-start] 6291456

[2 occurrence(s)]
INFO --> [REQ_ID=7d9918b5cef9] [MEMORY][commonData:start] 6291456

[3 occurrence(s)]
INFO --> themesMemory usage: 6291456

[1 occurrence(s)]
INFO --> [REQ_ID=7d9918b5cef9] [PERF] Execution time=0.191343

[1 occurrence(s)]
INFO --> [REQ_ID=09d7edb5a31d] [PERF] Execution time=0.236355

[1 occurrence(s)]
INFO --> [REQ_ID=5ce0f8f72275] [PERF] Execution time=0.020853

[1 occurrence(s)]
INFO --> [REQ_ID=5186c578a120] [PERF] Execution time=0.063083

[1 occurrence(s)]
INFO --> [REQ_ID=cd9c10730260] [MEMORY][controller-start] 4194304

[1 occurrence(s)]
INFO --> [REQ_ID=cd9c10730260] [PERF] Execution time=0.054319

[1 occurrence(s)]
INFO --> [REQ_ID=8f3f992df930] [PERF] Execution time=0.068154

[1 occurrence(s)]
INFO --> [REQ_ID=052ad1d639de] [PERF] Execution time=0.048357

[1 occurrence(s)]
INFO --> [REQ_ID=37ac39a30c68] [MEMORY][controller-start] 4194304

[1 occurrence(s)]
INFO --> [REQ_ID=37ac39a30c68] [PERF] Execution time=0.038558

[1 occurrence(s)]
INFO --> [REQ_ID=e59f4ef6bb96] [PERF] Execution time=0.054130

[1 occurrence(s)]
INFO --> [REQ_ID=93229c96d74a] [PERF] Execution time=0.013088

[1 occurrence(s)]
INFO --> [REQ_ID=0913eba2ba9e] [MEMORY][controller-start] 4194304

[1 occurrence(s)]
INFO --> [REQ_ID=0913eba2ba9e] [PERF] Execution time=0.144666

[1 occurrence(s)]
INFO --> [REQ_ID=8016fa8ed6b6] [PERF] Execution time=0.153845

[1 occurrence(s)]
INFO --> [REQ_ID=3d8ee34eda51] [PERF] Execution time=0.052454

[1 occurrence(s)]
INFO --> [REQ_ID=abf6ee601fc8] [PERF] Execution time=0.054199

[1 occurrence(s)]
INFO --> [REQ_ID=f85981fe5e98] [MEMORY][controller-start] 4194304

[1 occurrence(s)]
INFO --> [REQ_ID=f85981fe5e98] [PERF] Execution time=0.112873

[1 occurrence(s)]
INFO --> [REQ_ID=766181306c30] [PERF] Execution time=0.125196

[1 occurrence(s)]
INFO --> [REQ_ID=fadbb366434d] [MEMORY][controller-start] 6291456

[1 occurrence(s)]
INFO --> [REQ_ID=fadbb366434d] [MEMORY][commonData:start] 6291456

[1 occurrence(s)]
INFO --> [REQ_ID=fadbb366434d] [MEMORY][commonData:start] 10485760

[1 occurrence(s)]
INFO --> [REQ_ID=fadbb366434d] [PERF] Execution time=0.832787

[1 occurrence(s)]
INFO --> [REQ_ID=006df7bb39b1] [PERF] Execution time=0.875327

[1 occurrence(s)]
INFO --> [REQ_ID=4954a869b08b] [MEMORY][controller-start] 6291456

[1 occurrence(s)]
INFO --> [REQ_ID=4954a869b08b] [MEMORY][commonData:start] 6291456

[1 occurrence(s)]
INFO --> [REQ_ID=4954a869b08b] [MEMORY][commonData:start] 10485760

[1 occurrence(s)]
INFO --> [REQ_ID=4954a869b08b] [PERF] Execution time=0.690264

[1 occurrence(s)]
INFO --> [REQ_ID=553f5a7b51a3] [PERF] Execution time=0.736636

[1 occurrence(s)]
INFO --> [REQ_ID=5a606582bb69] [MEMORY][controller-start] 6291456

[1 occurrence(s)]
INFO --> [REQ_ID=5a606582bb69] [MEMORY][commonData:start] 6291456

[1 occurrence(s)]
INFO --> [REQ_ID=5a606582bb69] [MEMORY][commonData:start] 8388608

[1 occurrence(s)]
INFO --> [REQ_ID=5a606582bb69] [PERF] Execution time=0.588360

[1 occurrence(s)]
INFO --> [REQ_ID=68b6ec81c3b9] [PERF] Execution time=0.599323

[4 occurrence(s)]
INFO --> CSRF token verified.

[1 occurrence(s)]
INFO --> [REQ_ID=45a68b7cdf45] [MEMORY][controller-start] 6291456

[2 occurrence(s)]
INFO --> [REGISTRATION] Submission received

[4 occurrence(s)]
INFO --> MailService queued email

[1 occurrence(s)]
INFO --> [REGISTRATION] Validation passed (basic fields)

[1 occurrence(s)]
INFO --> [REGISTRATION] Validation passed (password fields)

[1 occurrence(s)]
INFO --> Registration created user_id=11738, email=m.ar.tins.h.ir.l.e.y.84@gmail.com, username=OtObHCWmZEqtatLdTzgmg, active=, requiresActivation=1, loginIdentifier=username

[1 occurrence(s)]
INFO --> [REGISTRATION] User record created

[1 occurrence(s)]
INFO --> OnboardingProgressService: created onboarding record for user_id=11738

[1 occurrence(s)]
INFO --> [REQ_ID=45a68b7cdf45] [PERF] Execution time=5.609451

[1 occurrence(s)]
INFO --> [REQ_ID=21982890585a] [PERF] Execution time=5.624485

[1 occurrence(s)]
INFO --> [REQ_ID=6a8dab5c31ce] [MEMORY][controller-start] 6291456

[1 occurrence(s)]
INFO --> [REQ_ID=6a8dab5c31ce] [PERF] Execution time=0.105072

[1 occurrence(s)]
INFO --> [REQ_ID=508b249b4c32] [PERF] Execution time=0.148178

[1 occurrence(s)]
INFO --> [REQ_ID=74913d66bffd] [MEMORY][controller-start] 4194304

[1 occurrence(s)]
INFO --> [REQ_ID=74913d66bffd] [MEMORY][commonData:start] 6291456

[1 occurrence(s)]
INFO --> [REQ_ID=74913d66bffd] [MEMORY][commonData:start] 8388608

[1 occurrence(s)]
INFO --> [REQ_ID=74913d66bffd] [PERF] Execution time=0.599504

[1 occurrence(s)]
INFO --> [REQ_ID=e6d2544a7b55] [PERF] Execution time=0.609243

[1 occurrence(s)]
INFO --> [REQ_ID=ee5ed1c73c1c] [MEMORY][controller-start] 6291456

[1 occurrence(s)]
INFO --> [REQ_ID=ee5ed1c73c1c] [PERF] Execution time=0.017590

[1 occurrence(s)]
INFO --> [REQ_ID=fa40dbe137c2] [PERF] Execution time=0.028544

[1 occurrence(s)]
INFO --> [REQ_ID=244e1330b082] [MEMORY][controller-start] 4194304

[1 occurrence(s)]
INFO --> AuthController L93: Auth:attemptLogin started.

[1 occurrence(s)]
INFO --> AuthController L104: Auth:attemptLogin rules: {"login":"required","password":"required"}

[1 occurrence(s)]
INFO --> AuthController L132: Auth:attemptLogin Login Variables: login: required, remember: true, ip: 107.189.30.236, ua: "Mozilla/5.0 (Macintosh; Intel Mac OS X 10_15_7) AppleWebKit/537.36 (KHTML, like Gecko) Chrome/142.0.0.0 Safari/537.36"

[1 occurrence(s)]
INFO --> [REQ_ID=244e1330b082] [PERF] Execution time=0.192318

[1 occurrence(s)]
INFO --> [REQ_ID=3a5f73d2a618] [PERF] Execution time=0.202122

[1 occurrence(s)]
INFO --> [REQ_ID=503105b2eb12] [MEMORY][controller-start] 4194304

[1 occurrence(s)]
INFO --> [REQ_ID=503105b2eb12] [PERF] Execution time=0.192640

[1 occurrence(s)]
INFO --> [REQ_ID=b70efaf44b61] [PERF] Execution time=0.201662

[1 occurrence(s)]
INFO --> [REQ_ID=929d38279a40] [PERF] Execution time=0.015098

[1 occurrence(s)]
INFO --> [REQ_ID=4f441cdab959] [MEMORY][controller-start] 4194304

[1 occurrence(s)]
INFO --> [REQ_ID=4f441cdab959] [PERF] Execution time=0.084245

[1 occurrence(s)]
INFO --> [REQ_ID=9593154c3f3a] [PERF] Execution time=0.095674

[1 occurrence(s)]
INFO --> [REQ_ID=a9b14818bd2d] [MEMORY][controller-start] 4194304

[1 occurrence(s)]
INFO --> [REQ_ID=a9b14818bd2d] [PERF] Execution time=0.066642

[1 occurrence(s)]
INFO --> [REQ_ID=34bed9ee87b5] [MEMORY][controller-start] 4194304

[1 occurrence(s)]
INFO --> [REQ_ID=34bed9ee87b5] [PERF] Execution time=0.020207

[1 occurrence(s)]
INFO --> [REQ_ID=95f3daaa78e9] [PERF] Execution time=0.009865

[1 occurrence(s)]
INFO --> [REQ_ID=a7ea53da6eab] [MEMORY][controller-start] 4194304

[1 occurrence(s)]
INFO --> [REQ_ID=a7ea53da6eab] [PERF] Execution time=0.016919

[1 occurrence(s)]
INFO --> [REQ_ID=a73cb0955573] [PERF] Execution time=0.032348

[1 occurrence(s)]
INFO --> [REQ_ID=85f6bb8d842c] [MEMORY][controller-start] 4194304

[2 occurrence(s)]
INFO --> [REQ_ID=85f6bb8d842c] [MEMORY][commonData:start] 4194304

[2 occurrence(s)]
INFO --> themesMemory usage: 4194304

[1 occurrence(s)]
INFO --> [REQ_ID=85f6bb8d842c] [PERF] Execution time=0.028507

[1 occurrence(s)]
INFO --> [REQ_ID=989f41b9aff0] [PERF] Execution time=0.039299

[1 occurrence(s)]
INFO --> [REQ_ID=903b7c24322f] [MEMORY][controller-start] 4194304

[1 occurrence(s)]
INFO --> [SUPPORT] Account help requested

[1 occurrence(s)]
INFO --> [SUPPORT] Account help outcome

[1 occurrence(s)]
INFO --> [REQ_ID=903b7c24322f] [PERF] Execution time=1.343205

[1 occurrence(s)]
INFO --> [REQ_ID=85c1217371cd] [PERF] Execution time=1.356588

[1 occurrence(s)]
INFO --> [REQ_ID=94110b12e2b8] [MEMORY][controller-start] 4194304

[2 occurrence(s)]
INFO --> [REQ_ID=94110b12e2b8] [MEMORY][commonData:start] 4194304

[1 occurrence(s)]
INFO --> [REQ_ID=94110b12e2b8] [PERF] Execution time=0.029582

[1 occurrence(s)]
INFO --> [REQ_ID=63667b34c0e9] [PERF] Execution time=0.041075

[1 occurrence(s)]
INFO --> [REQ_ID=01f4142a0ea1] [PERF] Execution time=0.015447

[1 occurrence(s)]
INFO --> [REQ_ID=d582ae29914c] [PERF] Execution time=0.013590

[1 occurrence(s)]
INFO --> [REQ_ID=00ae2923c2b0] [MEMORY][controller-start] 4194304

[1 occurrence(s)]
INFO --> [REGISTRATION] Form loaded

[1 occurrence(s)]
INFO --> [REQ_ID=00ae2923c2b0] [PERF] Execution time=0.015710

[1 occurrence(s)]
INFO --> [REQ_ID=d1f30a2f64d5] [PERF] Execution time=0.010933

[1 occurrence(s)]
INFO --> [REQ_ID=3fdb91f48144] [MEMORY][controller-start] 4194304

[1 occurrence(s)]
INFO --> [REQ_ID=3fdb91f48144] [PERF] Execution time=0.022148

[1 occurrence(s)]
INFO --> [REQ_ID=e43f1b028978] [PERF] Execution time=0.031584

[1 occurrence(s)]
INFO --> [REQ_ID=0d9b80f55a15] [PERF] Execution time=0.015474

[1 occurrence(s)]
INFO --> [REQ_ID=d58208ffc022] [MEMORY][controller-start] 4194304

[1 occurrence(s)]
INFO --> [REQ_ID=d58208ffc022] [PERF] Execution time=0.040129

[1 occurrence(s)]
INFO --> [REQ_ID=9f4b930f0fa5] [PERF] Execution time=0.049631

[1 occurrence(s)]
INFO --> [REQ_ID=423028a99acb] [PERF] Execution time=0.010027

[1 occurrence(s)]
INFO --> [REQ_ID=a337634470df] [MEMORY][controller-start] 4194304

[1 occurrence(s)]
INFO --> [REQ_ID=a337634470df] [PERF] Execution time=0.191529

[1 occurrence(s)]
INFO --> [REQ_ID=88803b26356a] [PERF] Execution time=0.200807

[1 occurrence(s)]
INFO --> [REQ_ID=67d15113c922] [PERF] Execution time=0.012328

[1 occurrence(s)]
INFO --> [REQ_ID=2d95a72cd0c3] [PERF] Execution time=0.020447

[1 occurrence(s)]
INFO --> [REQ_ID=49f459e17af6] [MEMORY][controller-start] 4194304

[1 occurrence(s)]
INFO --> [REQ_ID=49f459e17af6] [PERF] Execution time=0.044800

[1 occurrence(s)]
INFO --> [REQ_ID=5566f2b81500] [PERF] Execution time=0.054476

[1 occurrence(s)]
INFO --> [REQ_ID=f72413ae5c18] [PERF] Execution time=0.010902

[1 occurrence(s)]
INFO --> [REQ_ID=fae2d6ebb72a] [PERF] Execution time=0.014110

[1 occurrence(s)]
INFO --> [REQ_ID=51cae54d045d] [PERF] Execution time=0.009994

[1 occurrence(s)]
INFO --> [REQ_ID=02ca1bccb877] [MEMORY][controller-start] 4194304

[1 occurrence(s)]
INFO --> [REQ_ID=02ca1bccb877] [PERF] Execution time=0.027250

[1 occurrence(s)]
INFO --> [REQ_ID=98635147518d] [PERF] Execution time=0.037865

[1 occurrence(s)]
INFO --> [REQ_ID=dbb41dd257bd] [PERF] Execution time=0.010197

[1 occurrence(s)]
INFO --> [REQ_ID=2f35c8c888ca] [MEMORY][controller-start] 4194304

[1 occurrence(s)]
INFO --> [REQ_ID=2f35c8c888ca] [PERF] Execution time=0.104743

[1 occurrence(s)]
INFO --> [REQ_ID=b00571ce9abf] [PERF] Execution time=0.116756

[1 occurrence(s)]
INFO --> [REQ_ID=4b1202c9941c] [PERF] Execution time=0.009749

[1 occurrence(s)]
INFO --> [REQ_ID=9c5a1247450e] [MEMORY][controller-start] 4194304

[1 occurrence(s)]
INFO --> [REQ_ID=9c5a1247450e] [PERF] Execution time=0.077801

[1 occurrence(s)]
INFO --> [REQ_ID=959a6caa9d53] [PERF] Execution time=0.087257

[1 occurrence(s)]
INFO --> [REQ_ID=ff3a6e432607] [PERF] Execution time=0.010909

[1 occurrence(s)]
INFO --> [REQ_ID=9dc9f96bea79] [MEMORY][controller-start] 4194304

[1 occurrence(s)]
INFO --> [REQ_ID=9dc9f96bea79] [PERF] Execution time=0.090056

[1 occurrence(s)]
INFO --> [REQ_ID=b5fa31dd626f] [PERF] Execution time=0.099469

[1 occurrence(s)]
INFO --> [REQ_ID=97c787497628] [PERF] Execution time=0.009919

[1 occurrence(s)]
INFO --> [REQ_ID=504b5ea49dee] [MEMORY][controller-start] 4194304

[1 occurrence(s)]
INFO --> [REQ_ID=504b5ea49dee] [PERF] Execution time=0.170181

[1 occurrence(s)]
INFO --> [REQ_ID=879279a7e843] [PERF] Execution time=0.187449

[1 occurrence(s)]
INFO --> [REQ_ID=aaea94dfe8d0] [MEMORY][controller-start] 4194304

[1 occurrence(s)]
INFO --> [REQ_ID=aaea94dfe8d0] [MEMORY][commonData:start] 4194304

[1 occurrence(s)]
INFO --> [REQ_ID=aaea94dfe8d0] [PERF] Execution time=0.752935

[1 occurrence(s)]
INFO --> [REQ_ID=9f86c7aff3a8] [PERF] Execution time=0.764915

[1 occurrence(s)]
INFO --> [REQ_ID=0c901cd8fcaf] [PERF] Execution time=0.011271

[1 occurrence(s)]
INFO --> [REQ_ID=95ac2f546290] [MEMORY][controller-start] 4194304

[1 occurrence(s)]
INFO --> [REQ_ID=95ac2f546290] [PERF] Execution time=0.018638

[1 occurrence(s)]
INFO --> [REQ_ID=cab55e6988e3] [PERF] Execution time=0.028186

[1 occurrence(s)]
INFO --> [REQ_ID=dd674cebfbab] [PERF] Execution time=0.014487

[1 occurrence(s)]
INFO --> [REQ_ID=1f5e9933a70e] [MEMORY][controller-start] 4194304

[1 occurrence(s)]
INFO --> [REQ_ID=1f5e9933a70e] [PERF] Execution time=0.152993

[1 occurrence(s)]
INFO --> [REQ_ID=baefb34d41bc] [PERF] Execution time=0.161890

[1 occurrence(s)]
INFO --> [REQ_ID=b6f1b55cec10] [PERF] Execution time=0.039539

[1 occurrence(s)]
INFO --> [REQ_ID=bb2a21ab73b3] [MEMORY][controller-start] 6291456

[1 occurrence(s)]
INFO --> [REQ_ID=bb2a21ab73b3] [MEMORY][commonData:start] 6291456

[1 occurrence(s)]
INFO --> [REQ_ID=bb2a21ab73b3] [MEMORY][commonData:start] 10485760

[1 occurrence(s)]
INFO --> [REQ_ID=bb2a21ab73b3] [PERF] Execution time=0.661647

[1 occurrence(s)]
INFO --> [REQ_ID=8c827c0353f7] [PERF] Execution time=0.704191

[1 occurrence(s)]
INFO --> [REQ_ID=595de04d8143] [PERF] Execution time=0.045625

[1 occurrence(s)]
INFO --> [REQ_ID=4c7778ba0d74] [PERF] Execution time=0.056182

[1 occurrence(s)]
INFO --> [REQ_ID=4044b0f28bb6] [MEMORY][controller-start] 4194304

[1 occurrence(s)]
INFO --> [REQ_ID=4044b0f28bb6] [PERF] Execution time=0.037380

[1 occurrence(s)]
INFO --> [REQ_ID=29034c5dd4e5] [PERF] Execution time=0.049411

[1 occurrence(s)]
INFO --> [REQ_ID=f6810b344a3e] [PERF] Execution time=0.011810

[1 occurrence(s)]
INFO --> [REQ_ID=d7291ceaa580] [MEMORY][controller-start] 4194304

[1 occurrence(s)]
INFO --> [REQ_ID=d7291ceaa580] [PERF] Execution time=0.015114

[1 occurrence(s)]
INFO --> [REQ_ID=62d2195aab50] [PERF] Execution time=0.024215

[1 occurrence(s)]
INFO --> [REQ_ID=7be26af82dbf] [PERF] Execution time=0.058070

[1 occurrence(s)]
INFO --> [REQ_ID=85fbe0735b63] [MEMORY][controller-start] 4194304

[1 occurrence(s)]
INFO --> [REQ_ID=85fbe0735b63] [PERF] Execution time=0.059042

[1 occurrence(s)]
INFO --> [REQ_ID=2c6b8f4a20bd] [PERF] Execution time=0.071007

[1 occurrence(s)]
INFO --> [REQ_ID=c93ac2be78a4] [MEMORY][controller-start] 6291456

[1 occurrence(s)]
INFO --> [REQ_ID=c93ac2be78a4] [PERF] Execution time=0.175480

[1 occurrence(s)]
INFO --> [REQ_ID=0852fd437041] [PERF] Execution time=0.035484

[1 occurrence(s)]
INFO --> [REQ_ID=de837b0c2f94] [PERF] Execution time=0.047234

[1 occurrence(s)]
INFO --> [REQ_ID=cc4458f770a9] [MEMORY][controller-start] 6291456

[1 occurrence(s)]
INFO --> [REQ_ID=cc4458f770a9] [MEMORY][commonData:start] 6291456

[1 occurrence(s)]
INFO --> [REQ_ID=cc4458f770a9] [PERF] Execution time=0.789502

[1 occurrence(s)]
INFO --> [REQ_ID=2ffc66c8ab63] [PERF] Execution time=0.834054

[2 occurrence(s)]
INFO --> REDIRECTED ROUTE at https://www.mymiwallet.com/Features/Brokerage-Integrations

[1 occurrence(s)]
INFO --> [REQ_ID=b6a2b1409463] [PERF] Execution time=0.040782

[1 occurrence(s)]
INFO --> [REQ_ID=3a990e82eeae] [PERF] Execution time=0.056502

[1 occurrence(s)]
INFO --> [REQ_ID=47d38b99bcd4] [MEMORY][controller-start] 4194304

[1 occurrence(s)]
INFO --> [REQ_ID=47d38b99bcd4] [PERF] Execution time=0.325810

[1 occurrence(s)]
INFO --> [REQ_ID=5a70993f731d] [PERF] Execution time=0.339363

[1 occurrence(s)]
INFO --> [REQ_ID=a810cc42d88d] [PERF] Execution time=0.057598

[1 occurrence(s)]
INFO --> [REQ_ID=033009db4796] [MEMORY][controller-start] 6291456

[1 occurrence(s)]
INFO --> [REQ_ID=033009db4796] [MEMORY][commonData:start] 6291456

[1 occurrence(s)]
INFO --> [REQ_ID=033009db4796] [MEMORY][commonData:start] 10485760

[1 occurrence(s)]
INFO --> [REQ_ID=033009db4796] [PERF] Execution time=0.622373

[1 occurrence(s)]
INFO --> [REQ_ID=37e10fd7dbcc] [PERF] Execution time=0.663293

[1 occurrence(s)]
INFO --> [REQ_ID=a361d8cb11f1] [MEMORY][controller-start] 6291456

[1 occurrence(s)]
INFO --> [REQ_ID=a361d8cb11f1] [MEMORY][commonData:start] 6291456

[1 occurrence(s)]
INFO --> [REQ_ID=a361d8cb11f1] [MEMORY][commonData:start] 8388608

[1 occurrence(s)]
INFO --> [REQ_ID=a361d8cb11f1] [PERF] Execution time=0.650592

[1 occurrence(s)]
INFO --> [REQ_ID=1fb00738ef5a] [PERF] Execution time=0.662996

[1 occurrence(s)]
INFO --> [REQ_ID=4df4847a8b5c] [MEMORY][controller-start] 4194304

[1 occurrence(s)]
INFO --> [REQ_ID=4df4847a8b5c] [MEMORY][commonData:start] 4194304

[1 occurrence(s)]
INFO --> [REQ_ID=4df4847a8b5c] [MEMORY][commonData:start] 8388608

[1 occurrence(s)]
INFO --> [REQ_ID=4df4847a8b5c] [PERF] Execution time=0.517155

[1 occurrence(s)]
INFO --> [REQ_ID=164ad2716b60] [PERF] Execution time=0.526571

[1 occurrence(s)]
INFO --> [REQ_ID=89110038762b] [MEMORY][controller-start] 6291456

[1 occurrence(s)]
INFO --> [REQ_ID=89110038762b] [MEMORY][commonData:start] 6291456

[1 occurrence(s)]
INFO --> [REQ_ID=89110038762b] [MEMORY][commonData:start] 10485760

[1 occurrence(s)]
INFO --> [REQ_ID=89110038762b] [PERF] Execution time=0.766468

[1 occurrence(s)]
INFO --> [REQ_ID=572727784715] [PERF] Execution time=0.808226

[1 occurrence(s)]
INFO --> [REQ_ID=36985dc4a01b] [PERF] Execution time=0.019512

[1 occurrence(s)]
INFO --> [REQ_ID=f1e7af9a83df] [PERF] Execution time=0.054571

[1 occurrence(s)]
INFO --> [REQ_ID=0683f1bd72a6] [MEMORY][controller-start] 4194304

[1 occurrence(s)]
INFO --> [REQ_ID=0683f1bd72a6] [PERF] Execution time=0.165661

[1 occurrence(s)]
INFO --> [REQ_ID=3ab48f1f62fb] [PERF] Execution time=0.177648

[1 occurrence(s)]
INFO --> [REQ_ID=83b88081dcf8] [PERF] Execution time=0.059923

[1 occurrence(s)]
INFO --> [REQ_ID=7dc1b8551862] [MEMORY][controller-start] 4194304

[1 occurrence(s)]
INFO --> [REQ_ID=7dc1b8551862] [PERF] Execution time=0.118441

[1 occurrence(s)]
INFO --> [REQ_ID=320a35317917] [PERF] Execution time=0.131426

[1 occurrence(s)]
INFO --> [REQ_ID=cf39de20cc17] [PERF] Execution time=0.049892

[1 occurrence(s)]
INFO --> [REQ_ID=0675466670e1] [MEMORY][controller-start] 4194304

[1 occurrence(s)]
INFO --> [REQ_ID=0675466670e1] [PERF] Execution time=0.216252

[1 occurrence(s)]
INFO --> [REQ_ID=36772e89a361] [PERF] Execution time=0.232749

[1 occurrence(s)]
INFO --> [REQ_ID=f6a556c8a361] [PERF] Execution time=0.049927

[1 occurrence(s)]
INFO --> [REQ_ID=e73b7c317c52] [MEMORY][controller-start] 6291456

[1 occurrence(s)]
INFO --> [REQ_ID=e73b7c317c52] [PERF] Execution time=0.096970

[1 occurrence(s)]
INFO --> [REQ_ID=28ba59b54855] [MEMORY][controller-start] 4194304

[2 occurrence(s)]
INFO --> [REQ_ID=28ba59b54855] [MEMORY][commonData:start] 6291456

[1 occurrence(s)]
INFO --> AlertsModel L404 - Alert updated successfully for ID 7405: Array

[1 occurrence(s)]
INFO --> 🔄 Trying AlphaVantage for GRAB...

[1 occurrence(s)]
INFO --> ✅ Alert snapshot inserted for GRAB with trade_id 7405

[1 occurrence(s)]
INFO --> [REQ_ID=28ba59b54855] [PERF] Execution time=0.410812

[1 occurrence(s)]
INFO --> [REQ_ID=0bdb45d1444f] [PERF] Execution time=0.427323

[1 occurrence(s)]
INFO --> [REQ_ID=acde6a67097b] [PERF] Execution time=0.045706

[1 occurrence(s)]
INFO --> [REQ_ID=0317f0ad6777] [PERF] Execution time=0.047589

[1 occurrence(s)]
INFO --> [REQ_ID=bb336aad2640] [MEMORY][controller-start] 4194304

[1 occurrence(s)]
INFO --> [REQ_ID=bb336aad2640] [PERF] Execution time=0.109384

[1 occurrence(s)]
INFO --> [REQ_ID=1372f7675494] [PERF] Execution time=0.126041

[1 occurrence(s)]
INFO --> [REQ_ID=828bd3ed7717] [MEMORY][controller-start] 6291456

[2 occurrence(s)]
INFO --> [REQ_ID=828bd3ed7717] [MEMORY][commonData:start] 6291456

[1 occurrence(s)]
INFO --> [REQ_ID=828bd3ed7717] [PERF] Execution time=0.186917

[1 occurrence(s)]
INFO --> [REQ_ID=92aaf13f4096] [PERF] Execution time=0.233437

[1 occurrence(s)]
INFO --> [REQ_ID=fe06052f7e30] [PERF] Execution time=0.039767

[1 occurrence(s)]
INFO --> [REQ_ID=97b6b4e25fee] [PERF] Execution time=0.042832

[1 occurrence(s)]
INFO --> [REQ_ID=6ca59c1664ec] [MEMORY][controller-start] 4194304

[1 occurrence(s)]
INFO --> [REQ_ID=6ca59c1664ec] [MEMORY][commonData:start] 6291456

[1 occurrence(s)]
INFO --> [REQ_ID=6ca59c1664ec] [MEMORY][commonData:start] 8388608

[1 occurrence(s)]
INFO --> [REQ_ID=6ca59c1664ec] [PERF] Execution time=0.764805

[1 occurrence(s)]
INFO --> [REQ_ID=0d09eea953ee] [PERF] Execution time=0.778281

[1 occurrence(s)]
INFO --> [REQ_ID=54bdb0d7fb3e] [PERF] Execution time=0.043128

[1 occurrence(s)]
INFO --> [REQ_ID=40dbc546549b] [PERF] Execution time=0.017543

[1 occurrence(s)]
INFO --> [REQ_ID=9856a0c0e9b3] [MEMORY][controller-start] 4194304

[1 occurrence(s)]
INFO --> [REQ_ID=9856a0c0e9b3] [MEMORY][commonData:start] 6291456

[1 occurrence(s)]
INFO --> [REQ_ID=9856a0c0e9b3] [MEMORY][commonData:start] 8388608

[1 occurrence(s)]
INFO --> [REQ_ID=9856a0c0e9b3] [PERF] Execution time=0.728850

[1 occurrence(s)]
INFO --> [REQ_ID=7b133db6e092] [PERF] Execution time=0.741019

[1 occurrence(s)]
INFO --> [REQ_ID=3991813d37e6] [MEMORY][controller-start] 4194304

[1 occurrence(s)]
INFO --> [REQ_ID=3991813d37e6] [MEMORY][commonData:start] 4194304

[1 occurrence(s)]
INFO --> [REQ_ID=3991813d37e6] [MEMORY][commonData:start] 8388608

[1 occurrence(s)]
INFO --> [REQ_ID=3991813d37e6] [PERF] Execution time=0.561936

[1 occurrence(s)]
INFO --> [REQ_ID=25f99c47b39d] [PERF] Execution time=0.571319

[1 occurrence(s)]
INFO --> [REQ_ID=afbcb7a182e9] [MEMORY][controller-start] 4194304

[1 occurrence(s)]
INFO --> [REQ_ID=afbcb7a182e9] [PERF] Execution time=0.045388

[1 occurrence(s)]
INFO --> [REQ_ID=9b61a4add581] [PERF] Execution time=0.069536

[1 occurrence(s)]
INFO --> [REQ_ID=5d87f08bddc1] [MEMORY][controller-start] 4194304

[1 occurrence(s)]
INFO --> [REQ_ID=5d87f08bddc1] [MEMORY][commonData:start] 6291456

[1 occurrence(s)]
INFO --> [REQ_ID=7026be699514] [PERF] Execution time=0.014037

[1 occurrence(s)]
INFO --> [REQ_ID=37410d17ee06] [MEMORY][controller-start] 4194304

[1 occurrence(s)]
INFO --> [REQ_ID=37410d17ee06] [PERF] Execution time=0.027663

[1 occurrence(s)]
INFO --> [REQ_ID=f45438a8246e] [PERF] Execution time=0.037502

[1 occurrence(s)]
INFO --> [REQ_ID=5d87f08bddc1] [MEMORY][commonData:start] 8388608

[1 occurrence(s)]
INFO --> [REQ_ID=5d87f08bddc1] [PERF] Execution time=0.664273

[1 occurrence(s)]
INFO --> [REQ_ID=bd5a03b44e77] [PERF] Execution time=0.685251

[1 occurrence(s)]
INFO --> [REQ_ID=955df0ebb9c5] [MEMORY][controller-start] 4194304

[1 occurrence(s)]
INFO --> [REQ_ID=955df0ebb9c5] [PERF] Execution time=0.148045

[1 occurrence(s)]
INFO --> [REQ_ID=86b496ed2863] [PERF] Execution time=0.049857

[1 occurrence(s)]
INFO --> [REQ_ID=7724e8fc08ac] [PERF] Execution time=0.042429

[1 occurrence(s)]
INFO --> [REQ_ID=2eaedfeaa50e] [PERF] Execution time=0.049105

[1 occurrence(s)]
INFO --> [REQ_ID=354fb6bb4113] [MEMORY][controller-start] 4194304

[1 occurrence(s)]
INFO --> [REQ_ID=354fb6bb4113] [PERF] Execution time=0.076061

[1 occurrence(s)]
INFO --> [REQ_ID=af512dcc9206] [PERF] Execution time=0.092874

[1 occurrence(s)]
INFO --> [REQ_ID=9d0974515f6b] [MEMORY][controller-start] 6291456

[1 occurrence(s)]
INFO --> [REQ_ID=9d0974515f6b] [MEMORY][commonData:start] 6291456

[1 occurrence(s)]
INFO --> [REQ_ID=9d0974515f6b] [MEMORY][commonData:start] 10485760

[1 occurrence(s)]
INFO --> [REQ_ID=9d0974515f6b] [PERF] Execution time=0.643170

[1 occurrence(s)]
INFO --> [REQ_ID=fcb3cc357534] [PERF] Execution time=0.685672

[1 occurrence(s)]
INFO --> [REQ_ID=646cdf943ef1] [MEMORY][controller-start] 6291456

[1 occurrence(s)]
INFO --> [REQ_ID=646cdf943ef1] [MEMORY][commonData:start] 6291456

[1 occurrence(s)]
INFO --> [REQ_ID=646cdf943ef1] [PERF] Execution time=0.647205

[1 occurrence(s)]
INFO --> [REQ_ID=4dc619a89d1f] [PERF] Execution time=0.660583

[1 occurrence(s)]
INFO --> [REQ_ID=f3a2aebc9b7e] [MEMORY][controller-start] 6291456

[1 occurrence(s)]
INFO --> [REQ_ID=f3a2aebc9b7e] [PERF] Execution time=0.032989

[1 occurrence(s)]
INFO --> [REQ_ID=109cabc2b01b] [MEMORY][controller-start] 4194304

[1 occurrence(s)]
INFO --> [REQ_ID=109cabc2b01b] [MEMORY][commonData:start] 4194304

[1 occurrence(s)]
INFO --> [REQ_ID=109cabc2b01b] [PERF] Execution time=0.551147

[1 occurrence(s)]
INFO --> [REQ_ID=b6f15447388c] [PERF] Execution time=0.560421

[1 occurrence(s)]
INFO --> [REQ_ID=9f09d9b28fbc] [PERF] Execution time=0.038308

[1 occurrence(s)]
INFO --> [REQ_ID=6d241cdd02cb] [MEMORY][controller-start] 6291456

[1 occurrence(s)]
INFO --> [REQ_ID=6d241cdd02cb] [PERF] Execution time=0.165385

[1 occurrence(s)]
INFO --> [REQ_ID=d791f63d2bb7] [MEMORY][controller-start] 4194304

[1 occurrence(s)]
INFO --> [REQ_ID=d791f63d2bb7] [PERF] Execution time=0.028283

[1 occurrence(s)]
INFO --> [REQ_ID=504682ad1f92] [MEMORY][controller-start] 4194304

[1 occurrence(s)]
INFO --> [REQ_ID=504682ad1f92] [MEMORY][commonData:start] 6291456

[1 occurrence(s)]
INFO --> [REQ_ID=504682ad1f92] [MEMORY][commonData:start] 8388608

[1 occurrence(s)]
INFO --> [REQ_ID=504682ad1f92] [PERF] Execution time=0.615359

[1 occurrence(s)]
INFO --> [REQ_ID=74cfeb0b8aa4] [PERF] Execution time=0.630749

[1 occurrence(s)]
INFO --> [REQ_ID=5b016b5cc090] [MEMORY][controller-start] 6291456

[1 occurrence(s)]
INFO --> [REQ_ID=5b016b5cc090] [PERF] Execution time=0.031105

[1 occurrence(s)]
INFO --> [spark:ops:work] Started

[1 occurrence(s)]
INFO --> [SPARK_START] App\Commands\Ops\Work

[4 occurrence(s)]
INFO --> [SPARK_MEMORY] 18874368

[1 occurrence(s)]
INFO --> [spark:ops:work] Intent

[1 occurrence(s)]
INFO --> [REQ_ID=9c8db9ab4460] [PERF] Execution time=0.084342

[1 occurrence(s)]
INFO --> [SPARK_START] App\Commands\AIOps\Run

[1 occurrence(s)]
INFO --> [spark:aiops:run] Intent

[1 occurrence(s)]
INFO --> [spark:ops:work] Completed

[1 occurrence(s)]
INFO --> [SPARK_COMPLETE] App\Commands\Ops\Work duration=0.166426

[1 occurrence(s)]
INFO --> [AIOPS][SPARK][GOVERNANCE][spark:logs:summarize] Started

[1 occurrence(s)]
INFO --> [SPARK_START] App\Commands\Logs\Summarize

[1 occurrence(s)]
INFO --> [spark:logs:summarize] Intent


---------------------------
LEVEL: WARNING
---------------------------

[24 occurrence(s)]
WARNING --> MyMIWallets initialized without numeric user context.

[5 occurrence(s)]
WARNING --> [404] URI=https://www.mymiwallet.com/index.php/

[5 occurrence(s)]
WARNING --> 404 route miss: https://www.mymiwallet.com/index.php/ | referrer: none

[1 occurrence(s)]
WARNING --> [REGISTRATION] Validation failed (basic fields)

[1 occurrence(s)]
WARNING --> [AUTH_FAILURE]

[1 occurrence(s)]
WARNING --> [AUTH] Login failure

[1 occurrence(s)]
WARNING --> [AUTH] Login failed

[2 occurrence(s)]
WARNING --> [404] URI=https://www.mymiwallet.com/index.php/How-It-Works/Investor-Profile

[2 occurrence(s)]
WARNING --> 404 route miss: https://www.mymiwallet.com/index.php/How-It-Works/Investor-Profile | referrer: none

[1 occurrence(s)]
WARNING --> [404] URI=https://www.mymiwallet.com/index.php/How-It-Works

[1 occurrence(s)]
WARNING --> 404 route miss: https://www.mymiwallet.com/index.php/How-It-Works | referrer: none

[1 occurrence(s)]
WARNING --> [404] URI=https://www.mymiwallet.com/index.php/how-it-works/mymi-gold

[1 occurrence(s)]
WARNING --> 404 route miss: https://www.mymiwallet.com/index.php/how-it-works/mymi-gold | referrer: none

[1 occurrence(s)]
WARNING --> [404] URI=https://www.mymiwallet.com/index.php/legal/terms-and-conditions

[1 occurrence(s)]
WARNING --> 404 route miss: https://www.mymiwallet.com/index.php/legal/terms-and-conditions | referrer: none

[1 occurrence(s)]
WARNING --> [404] URI=https://www.mymiwallet.com/index.php/how-it-works/mymi-exchange

[1 occurrence(s)]
WARNING --> 404 route miss: https://www.mymiwallet.com/index.php/how-it-works/mymi-exchange | referrer: none

[1 occurrence(s)]
WARNING --> [404] URI=https://www.mymiwallet.com/index.php/dashboard

[1 occurrence(s)]
WARNING --> 404 route miss: https://www.mymiwallet.com/index.php/dashboard | referrer: none

[1 occurrence(s)]
WARNING --> [404] URI=https://www.mymiwallet.com/index.php/how-it-works/daily-financial-news

[1 occurrence(s)]
WARNING --> 404 route miss: https://www.mymiwallet.com/index.php/how-it-works/daily-financial-news | referrer: none

[1 occurrence(s)]
WARNING --> [404] URI=https://www.mymiwallet.com/index.php/how-it-works/automated-financial-insights

[1 occurrence(s)]
WARNING --> 404 route miss: https://www.mymiwallet.com/index.php/how-it-works/automated-financial-insights | referrer: none

[1 occurrence(s)]
WARNING --> [404] URI=https://www.mymiwallet.com/index.php/privacy-policy

[1 occurrence(s)]
WARNING --> 404 route miss: https://www.mymiwallet.com/index.php/privacy-policy | referrer: none

[1 occurrence(s)]
WARNING --> [404] URI=https://www.mymiwallet.com/index.php/how-it-works/investor-profile

[1 occurrence(s)]
WARNING --> 404 route miss: https://www.mymiwallet.com/index.php/how-it-works/investor-profile | referrer: none

[1 occurrence(s)]
WARNING --> [404] URI=https://www.mymiwallet.com/index.php/how-it-works

[1 occurrence(s)]
WARNING --> 404 route miss: https://www.mymiwallet.com/index.php/how-it-works | referrer: none

[1 occurrence(s)]
WARNING --> [404] URI=https://www.mymiwallet.com/index.php/support

[1 occurrence(s)]
WARNING --> 404 route miss: https://www.mymiwallet.com/index.php/support | referrer: none

[1 occurrence(s)]
WARNING --> [404] URI=https://www.mymiwallet.com/index.php/how-it-works/investment-dashboard

[1 occurrence(s)]
WARNING --> 404 route miss: https://www.mymiwallet.com/index.php/how-it-works/investment-dashboard | referrer: none

[1 occurrence(s)]
WARNING --> [404] URI=https://www.mymiwallet.com/index.php/how-it-works/registering-an-account

[1 occurrence(s)]
WARNING --> 404 route miss: https://www.mymiwallet.com/index.php/how-it-works/registering-an-account | referrer: none

[1 occurrence(s)]
WARNING --> [404] URI=https://www.mymiwallet.com/index.php/how-it-works/personal-budgeting

[1 occurrence(s)]
WARNING --> [404] URI=https://www.mymiwallet.com/index.php/legal/privacy-policy

[1 occurrence(s)]
WARNING --> 404 route miss: https://www.mymiwallet.com/index.php/how-it-works/personal-budgeting | referrer: none

[1 occurrence(s)]
WARNING --> 404 route miss: https://www.mymiwallet.com/index.php/legal/privacy-policy | referrer: none

[1 occurrence(s)]
WARNING --> [404] URI=https://www.mymiwallet.com/index.php/how-it-works/investment-portfolio-management

[1 occurrence(s)]
WARNING --> 404 route miss: https://www.mymiwallet.com/index.php/how-it-works/investment-portfolio-management | referrer: none

[1 occurrence(s)]
WARNING --> [404] URI=https://www.mymiwallet.com/index.php/terms-of-service

[1 occurrence(s)]
WARNING --> 404 route miss: https://www.mymiwallet.com/index.php/terms-of-service | referrer: none

[1 occurrence(s)]
WARNING --> [404] URI=https://www.mymiwallet.com/index.php/knowledgebase

[1 occurrence(s)]
WARNING --> 404 route miss: https://www.mymiwallet.com/index.php/knowledgebase | referrer: none

[1 occurrence(s)]
WARNING --> [404] URI=https://www.mymiwallet.com/index.php/how-it-works/setting-financial-goals

[1 occurrence(s)]
WARNING --> 404 route miss: https://www.mymiwallet.com/index.php/how-it-works/setting-financial-goals | referrer: none

[1 occurrence(s)]
WARNING --> [404] URI=https://www.mymiwallet.com/index.php/How-It-Works/Automated-Financial-Insights

[1 occurrence(s)]
WARNING --> 404 route miss: https://www.mymiwallet.com/index.php/How-It-Works/Automated-Financial-Insights | referrer: none


---------------------------
LEVEL: ERROR
---------------------------

[1 occurrence(s)]
ERROR --> Email: Unable to send email using SMTP. Your server might not be configured to send mail using this method.

[1 occurrence(s)]
ERROR --> 220 pdx1-sub0-mail-a221.dreamhost.com ESMTP

[1 occurrence(s)]
ERROR --> Registration failed: Failed to send activation message to: m.ar.tins.h.ir.l.e.y.84@gmail.com

[1 occurrence(s)]
ERROR --> [REGISTRATION] Activation email failed to send

[1 occurrence(s)]
ERROR --> Registration failed: {"username":"The username field must contain a unique value.","email":"The email field must contain a unique value."}

[2 occurrence(s)]
ERROR --> HowItWorksController failure: investor-profile

[6 occurrence(s)]
ERROR --> [ERROR_PAGE] event=error_404 status=404 message=Page not found.

[5 occurrence(s)]
ERROR --> HowItWorksController failure: Call to undefined method App\Modules\Blog\Controllers\HowItWorksController::respondWithRendered()

[1 occurrence(s)]
ERROR --> HowItWorksController failure: overview

[1 occurrence(s)]
ERROR --> HowItWorksController failure: automated-financial-insights


---------------------------
LEVEL: CRITICAL
---------------------------

[27 occurrence(s)]
CRITICAL --> CodeIgniter\Exceptions\PageNotFoundException: Page Not Found

[27 occurrence(s)]
CRITICAL --> [EXCEPTION] Page Not Found File=/home/mymiteam/mymiwallet/site/current/vendor/codeigniter4/framework/system/CodeIgniter.php Line=1001


===============================================
   HERE'S THE NEW STUFF
   (No previous timestamp recorded – nothing treated as new)
===============================================

---- CONFIG LINT ----
✅ Services::cache
✅ Services::responsecache
✅ Services::session
✅ Services::email
✅ Services::logger
✅ Services::validation
✅ Services::renderer
