===============================================
   MyMI Wallet — Log Summary for 2026-03-06
   Auto-generated by logs:summarize command
   Grouped by (LEVEL + message)
===============================================

Last processed up to: 2026-03-06 10:00:02

---------------------------
LEVEL: DEBUG
---------------------------

[1 occurrence(s)]
DEBUG --> [REQ_ID=fd6367b2c05c] [REQUEST][START] GET /index.php/API/Management/Run-CRON-Tasks

[230 occurrence(s)]
DEBUG --> Session: Class initialized using 'CodeIgniter\Session\Handlers\FileHandler' driver.

[1 occurrence(s)]
DEBUG --> [REQ_ID=fd6367b2c05c] [FILTER_BEFORE] /index.php/API/Management/Run-CRON-Tasks

[1 occurrence(s)]
DEBUG --> [REQ_ID=fd6367b2c05c] [ROUTE] Controller=\App\Modules\Management\Controllers\ManagementAPIController Method=Run_CRON_Tasks

[1 occurrence(s)]
DEBUG --> [REQ_ID=fd6367b2c05c] [LIFECYCLE][START] GET https://www.mymiwallet.com/index.php/API/Management/Run-CRON-Tasks

[1 occurrence(s)]
DEBUG --> [REQ_ID=fd6367b2c05c] [REQUEST][END]

[1 occurrence(s)]
DEBUG --> LOG_HEALTHCHECK debug marker=8e19ba5aab6b

[12 occurrence(s)]
DEBUG --> OllamaPatchRunner:L142 - validateGeneratedPatch Content:

[6 occurrence(s)]
DEBUG --> OllamaPatchRunner:L51 - Retried Diff:

[6 occurrence(s)]
DEBUG --> OllamaPatchRunner:L53 - Validating Generated Patch Failed

[1 occurrence(s)]
DEBUG --> [REQ_ID=f6ecfabafebc] [REQUEST][START] HEAD /

[1 occurrence(s)]
DEBUG --> [REQ_ID=ec9d06e05825] [REQUEST][START] HEAD /

[1 occurrence(s)]
DEBUG --> [REQ_ID=70b71136e76b] [REQUEST][START] HEAD /

[1 occurrence(s)]
DEBUG --> [REQ_ID=87d510161049] [REQUEST][START] GET /index.php/API/Alerts/fetchEmailAlerts

[1 occurrence(s)]
DEBUG --> [REQ_ID=87d510161049] [FILTER_BEFORE] /index.php/API/Alerts/fetchEmailAlerts

[1 occurrence(s)]
DEBUG --> [REQ_ID=87d510161049] [ROUTE] Controller=\App\Modules\APIs\Controllers\AlertsAPIController Method=fetchEmailAlerts

[1 occurrence(s)]
DEBUG --> [REQ_ID=87d510161049] [LIFECYCLE][START] GET https://www.mymiwallet.com/index.php/API/Alerts/fetchEmailAlerts

[1 occurrence(s)]
DEBUG --> [REQ_ID=87d510161049] [REQUEST][END]

[1 occurrence(s)]
DEBUG --> [REQ_ID=3f9ffd002e8c] [REQUEST][START] HEAD /

[1 occurrence(s)]
DEBUG --> [REQ_ID=6bf94304fd0f] [REQUEST][START] HEAD /

[1 occurrence(s)]
DEBUG --> [REQ_ID=10f39df851b8] [REQUEST][START] HEAD /

[1 occurrence(s)]
DEBUG --> [REQ_ID=ca76b6b38e16] [REQUEST][START] HEAD /

[1 occurrence(s)]
DEBUG --> [REQ_ID=2ff2298f26de] [REQUEST][START] HEAD /

[1 occurrence(s)]
DEBUG --> [REQ_ID=a962f9fee151] [REQUEST][START] HEAD /

[1 occurrence(s)]
DEBUG --> [REQ_ID=fd8f8049d6ac] [REQUEST][START] HEAD /

[1 occurrence(s)]
DEBUG --> [REQ_ID=58be9463bf23] [REQUEST][START] HEAD /

[1 occurrence(s)]
DEBUG --> [REQ_ID=147ee9942b28] [REQUEST][START] HEAD /

[1 occurrence(s)]
DEBUG --> [REQ_ID=bfe9f5c7f5e4] [REQUEST][START] GET /index.php/API/Management/Run-CRON-Tasks

[1 occurrence(s)]
DEBUG --> [REQ_ID=bfe9f5c7f5e4] [FILTER_BEFORE] /index.php/API/Management/Run-CRON-Tasks

[1 occurrence(s)]
DEBUG --> [REQ_ID=bfe9f5c7f5e4] [ROUTE] Controller=\App\Modules\Management\Controllers\ManagementAPIController Method=Run_CRON_Tasks

[1 occurrence(s)]
DEBUG --> [REQ_ID=bfe9f5c7f5e4] [LIFECYCLE][START] GET https://www.mymiwallet.com/index.php/API/Management/Run-CRON-Tasks

[1 occurrence(s)]
DEBUG --> [REQ_ID=bfe9f5c7f5e4] [REQUEST][END]

[1 occurrence(s)]
DEBUG --> [REQ_ID=2029e127574d] [REQUEST][START] HEAD /

[1 occurrence(s)]
DEBUG --> [REQ_ID=936788767a71] [REQUEST][START] HEAD /

[1 occurrence(s)]
DEBUG --> [REQ_ID=5439a07507de] [REQUEST][START] GET /index.php/Management/Marketing/Content/Listing

[1 occurrence(s)]
DEBUG --> [REQ_ID=5439a07507de] [FILTER_BEFORE] /index.php/Management/Marketing/Content/Listing

[1 occurrence(s)]
DEBUG --> [REQ_ID=5439a07507de] [ROUTE] Controller=\App\Modules\Management\Controllers\MarketingAdminController Method=contentListing

[1 occurrence(s)]
DEBUG --> [REQ_ID=5439a07507de] [LIFECYCLE][START] GET https://www.mymiwallet.com/index.php/Management/Marketing/Content/Listing

[1 occurrence(s)]
DEBUG --> [CSRF] token name=csrf_test_name hash=3795a863a13caea1174a88c0bde7963d

[1 occurrence(s)]
DEBUG --> [REQ_ID=5439a07507de] [REQUEST][END]

[1 occurrence(s)]
DEBUG --> [REQ_ID=a9603bc9e132] [REQUEST][START] GET /index.php/login

[1 occurrence(s)]
DEBUG --> [REQ_ID=a9603bc9e132] [FILTER_BEFORE] /index.php/login

[1 occurrence(s)]
DEBUG --> [REQ_ID=a9603bc9e132] [ROUTE] Controller=\App\Controllers\AuthController Method=login

[1 occurrence(s)]
DEBUG --> [REQ_ID=a9603bc9e132] [LIFECYCLE][START] GET https://www.mymiwallet.com/index.php/login

[1 occurrence(s)]
DEBUG --> [CSRF] token name=csrf_test_name hash=d4bc311091f5672081397b1fcee30735

[1 occurrence(s)]
DEBUG --> [REQ_ID=9d89be6912b9] [INIT] App\Controllers\AuthController::GET

[1 occurrence(s)]
DEBUG --> [REQ_ID=a9603bc9e132] [FILTER_AFTER]

[1 occurrence(s)]
DEBUG --> [REQ_ID=a9603bc9e132] [LIFECYCLE][END] status=200 duration_ms=138.18 memory_delta=0

[1 occurrence(s)]
DEBUG --> [REQ_ID=a9603bc9e132] [REQUEST][END]

[1 occurrence(s)]
DEBUG --> [REQ_ID=e28cfefe6079] [REQUEST][START] HEAD /

[1 occurrence(s)]
DEBUG --> [REQ_ID=50eabefa4053] [REQUEST][START] GET /index.php/API/Alerts/fetchEmailAlerts

[1 occurrence(s)]
DEBUG --> [REQ_ID=50eabefa4053] [FILTER_BEFORE] /index.php/API/Alerts/fetchEmailAlerts

[1 occurrence(s)]
DEBUG --> [REQ_ID=50eabefa4053] [ROUTE] Controller=\App\Modules\APIs\Controllers\AlertsAPIController Method=fetchEmailAlerts

[1 occurrence(s)]
DEBUG --> [REQ_ID=50eabefa4053] [LIFECYCLE][START] GET https://www.mymiwallet.com/index.php/API/Alerts/fetchEmailAlerts

[1 occurrence(s)]
DEBUG --> [REQ_ID=50eabefa4053] [REQUEST][END]

[1 occurrence(s)]
DEBUG --> [REQ_ID=ea0e824f1285] [REQUEST][START] HEAD /

[1 occurrence(s)]
DEBUG --> [REQ_ID=317ae425ab94] [REQUEST][START] HEAD /

[1 occurrence(s)]
DEBUG --> [REQ_ID=63001fa451f3] [REQUEST][START] HEAD /

[1 occurrence(s)]
DEBUG --> [REQ_ID=d46e0df2da97] [REQUEST][START] HEAD /

[1 occurrence(s)]
DEBUG --> [REQ_ID=8bf55d482da3] [REQUEST][START] HEAD /

[1 occurrence(s)]
DEBUG --> [REQ_ID=7c20295385db] [REQUEST][START] HEAD /

[1 occurrence(s)]
DEBUG --> [REQ_ID=55247eb5d853] [REQUEST][START] HEAD /

[1 occurrence(s)]
DEBUG --> [REQ_ID=f1464b491356] [REQUEST][START] HEAD /

[1 occurrence(s)]
DEBUG --> [REQ_ID=2668a6704200] [REQUEST][START] HEAD /

[1 occurrence(s)]
DEBUG --> [REQ_ID=a90e48dbea1a] [REQUEST][START] GET /index.php/API/Management/Run-CRON-Tasks

[1 occurrence(s)]
DEBUG --> [REQ_ID=a90e48dbea1a] [FILTER_BEFORE] /index.php/API/Management/Run-CRON-Tasks

[1 occurrence(s)]
DEBUG --> [REQ_ID=a90e48dbea1a] [ROUTE] Controller=\App\Modules\Management\Controllers\ManagementAPIController Method=Run_CRON_Tasks

[1 occurrence(s)]
DEBUG --> [REQ_ID=a90e48dbea1a] [LIFECYCLE][START] GET https://www.mymiwallet.com/index.php/API/Management/Run-CRON-Tasks

[1 occurrence(s)]
DEBUG --> [REQ_ID=a90e48dbea1a] [REQUEST][END]

[1 occurrence(s)]
DEBUG --> LOG_HEALTHCHECK debug marker=009fdb56ed86

[1 occurrence(s)]
DEBUG --> [REQ_ID=4a35657b3bb4] [REQUEST][START] HEAD /

[1 occurrence(s)]
DEBUG --> [REQ_ID=fa6f9412e26b] [REQUEST][START] GET /

[1 occurrence(s)]
DEBUG --> [REQ_ID=fa6f9412e26b] [FILTER_BEFORE] /

[1 occurrence(s)]
DEBUG --> [REQ_ID=fa6f9412e26b] [ROUTE] Controller=\App\Controllers\Home Method=index

[1 occurrence(s)]
DEBUG --> [REQ_ID=fa6f9412e26b] [LIFECYCLE][START] GET https://www.mymiwallet.com/index.php/

[1 occurrence(s)]
DEBUG --> [CSRF] token name=csrf_test_name hash=9822596ea53c8f6b10040681d09f8a20

[1 occurrence(s)]
DEBUG --> [REQ_ID=a51c6d2957e4] [INIT] App\Controllers\Home::GET

[29 occurrence(s)]
DEBUG --> MyMIUser L52 - initialized (first log).

[15 occurrence(s)]
DEBUG --> [MetaService] slug= pageName= cacheHit= path=FALLBACK

[1 occurrence(s)]
DEBUG --> [REQ_ID=a51c6d2957e4] [VIEW_RENDER] themes/public/home

[9 occurrence(s)]
DEBUG --> [MetaService] slug= pageName=Home cacheHit= path=DB

[1 occurrence(s)]
DEBUG --> [REQ_ID=fa6f9412e26b] [FILTER_AFTER]

[1 occurrence(s)]
DEBUG --> [REQ_ID=fa6f9412e26b] [LIFECYCLE][END] status=200 duration_ms=658.22 memory_delta=4194304

[1 occurrence(s)]
DEBUG --> [REQ_ID=fa6f9412e26b] [REQUEST][END]

[1 occurrence(s)]
DEBUG --> [REQ_ID=f9b9936db913] [REQUEST][START] HEAD /

[1 occurrence(s)]
DEBUG --> [REQ_ID=4c5c3e6a3a87] [REQUEST][START] HEAD /

[1 occurrence(s)]
DEBUG --> [REQ_ID=75ca21ee31ef] [REQUEST][START] GET /index.php/API/Alerts/fetchEmailAlerts

[1 occurrence(s)]
DEBUG --> [REQ_ID=75ca21ee31ef] [FILTER_BEFORE] /index.php/API/Alerts/fetchEmailAlerts

[1 occurrence(s)]
DEBUG --> [REQ_ID=75ca21ee31ef] [ROUTE] Controller=\App\Modules\APIs\Controllers\AlertsAPIController Method=fetchEmailAlerts

[1 occurrence(s)]
DEBUG --> [REQ_ID=75ca21ee31ef] [LIFECYCLE][START] GET https://www.mymiwallet.com/index.php/API/Alerts/fetchEmailAlerts

[1 occurrence(s)]
DEBUG --> [REQ_ID=75ca21ee31ef] [REQUEST][END]

[1 occurrence(s)]
DEBUG --> [REQ_ID=ece8896fe542] [REQUEST][START] HEAD /

[1 occurrence(s)]
DEBUG --> [REQ_ID=58afc7d76f76] [REQUEST][START] HEAD /

[1 occurrence(s)]
DEBUG --> [REQ_ID=703f1e32d5a4] [REQUEST][START] GET /index.php/Management/Budgeting

[1 occurrence(s)]
DEBUG --> [REQ_ID=703f1e32d5a4] [FILTER_BEFORE] /index.php/Management/Budgeting

[1 occurrence(s)]
DEBUG --> [REQ_ID=703f1e32d5a4] [ROUTE] Controller=\App\Modules\Management\Controllers\BudgetingAdminController Method=index

[1 occurrence(s)]
DEBUG --> [REQ_ID=703f1e32d5a4] [LIFECYCLE][START] GET https://www.mymiwallet.com/index.php/Management/Budgeting

[1 occurrence(s)]
DEBUG --> [CSRF] token name=csrf_test_name hash=1dbf4eeeb8233f9e31bf15d152ebc12b

[1 occurrence(s)]
DEBUG --> [REQ_ID=703f1e32d5a4] [REQUEST][END]

[1 occurrence(s)]
DEBUG --> [REQ_ID=18521278b4e7] [REQUEST][START] GET /index.php/login

[1 occurrence(s)]
DEBUG --> [REQ_ID=18521278b4e7] [FILTER_BEFORE] /index.php/login

[1 occurrence(s)]
DEBUG --> [REQ_ID=18521278b4e7] [ROUTE] Controller=\App\Controllers\AuthController Method=login

[1 occurrence(s)]
DEBUG --> [REQ_ID=18521278b4e7] [LIFECYCLE][START] GET https://www.mymiwallet.com/index.php/login

[1 occurrence(s)]
DEBUG --> [CSRF] token name=csrf_test_name hash=4e64b23d392d6d7774b8e50385f7f828

[1 occurrence(s)]
DEBUG --> [REQ_ID=044fa6551fb1] [INIT] App\Controllers\AuthController::GET

[1 occurrence(s)]
DEBUG --> [REQ_ID=18521278b4e7] [FILTER_AFTER]

[1 occurrence(s)]
DEBUG --> [REQ_ID=18521278b4e7] [LIFECYCLE][END] status=200 duration_ms=53.60 memory_delta=0

[1 occurrence(s)]
DEBUG --> [REQ_ID=18521278b4e7] [REQUEST][END]

[1 occurrence(s)]
DEBUG --> [REQ_ID=701a86f91379] [REQUEST][START] HEAD /

[1 occurrence(s)]
DEBUG --> [REQ_ID=1a38de02e1e2] [REQUEST][START] HEAD /

[1 occurrence(s)]
DEBUG --> [REQ_ID=209ac9ac9a7a] [REQUEST][START] GET /

[1 occurrence(s)]
DEBUG --> [REQ_ID=209ac9ac9a7a] [FILTER_BEFORE] /

[1 occurrence(s)]
DEBUG --> [REQ_ID=209ac9ac9a7a] [ROUTE] Controller=\App\Controllers\Home Method=index

[1 occurrence(s)]
DEBUG --> [REQ_ID=209ac9ac9a7a] [LIFECYCLE][START] GET https://www.mymiwallet.com/index.php/

[1 occurrence(s)]
DEBUG --> [CSRF] token name=csrf_test_name hash=dd826f2f4818e4d515f773a172b22193

[1 occurrence(s)]
DEBUG --> [REQ_ID=ffae6c1df0d1] [INIT] App\Controllers\Home::GET

[1 occurrence(s)]
DEBUG --> [REQ_ID=ffae6c1df0d1] [VIEW_RENDER] themes/public/home

[12 occurrence(s)]
DEBUG --> [MetaService] slug= pageName=Home cacheHit=1 path=CACHE

[1 occurrence(s)]
DEBUG --> [REQ_ID=209ac9ac9a7a] [FILTER_AFTER]

[1 occurrence(s)]
DEBUG --> [REQ_ID=209ac9ac9a7a] [LIFECYCLE][END] status=200 duration_ms=724.81 memory_delta=4194304

[1 occurrence(s)]
DEBUG --> [REQ_ID=209ac9ac9a7a] [REQUEST][END]

[1 occurrence(s)]
DEBUG --> [REQ_ID=a6ee544f82b8] [REQUEST][START] HEAD /

[1 occurrence(s)]
DEBUG --> [REQ_ID=6df249134abe] [REQUEST][START] HEAD /

[1 occurrence(s)]
DEBUG --> [REQ_ID=e9ab7e24fb8a] [REQUEST][START] HEAD /

[1 occurrence(s)]
DEBUG --> [REQ_ID=f64f978de3a9] [REQUEST][START] HEAD /

[1 occurrence(s)]
DEBUG --> [REQ_ID=8b249c8e598d] [REQUEST][START] HEAD /

[1 occurrence(s)]
DEBUG --> [REQ_ID=9f46a3d32a09] [REQUEST][START] GET /index.php/API/Management/Run-CRON-Tasks

[1 occurrence(s)]
DEBUG --> [REQ_ID=9f46a3d32a09] [FILTER_BEFORE] /index.php/API/Management/Run-CRON-Tasks

[1 occurrence(s)]
DEBUG --> [REQ_ID=9f46a3d32a09] [ROUTE] Controller=\App\Modules\Management\Controllers\ManagementAPIController Method=Run_CRON_Tasks

[1 occurrence(s)]
DEBUG --> [REQ_ID=9f46a3d32a09] [LIFECYCLE][START] GET https://www.mymiwallet.com/index.php/API/Management/Run-CRON-Tasks

[1 occurrence(s)]
DEBUG --> [REQ_ID=9f46a3d32a09] [REQUEST][END]

[1 occurrence(s)]
DEBUG --> [REQ_ID=6de90e623c1e] [REQUEST][START] HEAD /

[1 occurrence(s)]
DEBUG --> [REQ_ID=958ad7809b44] [REQUEST][START] HEAD /

[1 occurrence(s)]
DEBUG --> [REQ_ID=39d3ad214eb7] [REQUEST][START] GET /

[1 occurrence(s)]
DEBUG --> [REQ_ID=378e0e62da1d] [REQUEST][START] GET /

[1 occurrence(s)]
DEBUG --> [REQ_ID=39d3ad214eb7] [FILTER_BEFORE] /

[1 occurrence(s)]
DEBUG --> [REQ_ID=39d3ad214eb7] [ROUTE] Controller=\App\Controllers\Home Method=index

[1 occurrence(s)]
DEBUG --> [REQ_ID=39d3ad214eb7] [LIFECYCLE][START] GET https://www.mymiwallet.com/index.php/

[1 occurrence(s)]
DEBUG --> [REQ_ID=378e0e62da1d] [FILTER_BEFORE] /

[1 occurrence(s)]
DEBUG --> [REQ_ID=378e0e62da1d] [ROUTE] Controller=\App\Controllers\Home Method=index

[1 occurrence(s)]
DEBUG --> [REQ_ID=378e0e62da1d] [LIFECYCLE][START] GET https://www.mymiwallet.com/index.php/

[1 occurrence(s)]
DEBUG --> [CSRF] token name=csrf_test_name hash=a4803599748c3aecff9c0d317ce0a3f2

[1 occurrence(s)]
DEBUG --> [CSRF] token name=csrf_test_name hash=1a390f11fd674b28c5f01aee6c616d63

[1 occurrence(s)]
DEBUG --> [REQ_ID=16196f37f60c] [INIT] App\Controllers\Home::GET

[1 occurrence(s)]
DEBUG --> [REQ_ID=c57082f26fdc] [INIT] App\Controllers\Home::GET

[1 occurrence(s)]
DEBUG --> [REQ_ID=c57082f26fdc] [VIEW_RENDER] themes/public/home

[6 occurrence(s)]
DEBUG --> [MetaService] slug= pageName= cacheHit=1 path=CACHE

[1 occurrence(s)]
DEBUG --> [REQ_ID=16196f37f60c] [VIEW_RENDER] themes/public/home

[1 occurrence(s)]
DEBUG --> [REQ_ID=39d3ad214eb7] [FILTER_AFTER]

[1 occurrence(s)]
DEBUG --> [REQ_ID=39d3ad214eb7] [LIFECYCLE][END] status=200 duration_ms=659.11 memory_delta=4194304

[1 occurrence(s)]
DEBUG --> [REQ_ID=378e0e62da1d] [FILTER_AFTER]

[1 occurrence(s)]
DEBUG --> [REQ_ID=378e0e62da1d] [LIFECYCLE][END] status=200 duration_ms=660.14 memory_delta=4194304

[1 occurrence(s)]
DEBUG --> [REQ_ID=39d3ad214eb7] [REQUEST][END]

[1 occurrence(s)]
DEBUG --> [REQ_ID=378e0e62da1d] [REQUEST][END]

[1 occurrence(s)]
DEBUG --> [REQ_ID=0920e221b860] [REQUEST][START] POST /

[1 occurrence(s)]
DEBUG --> [REQ_ID=906662ebdf38] [REQUEST][START] POST /

[1 occurrence(s)]
DEBUG --> [REQ_ID=b5b86221999a] [REQUEST][START] HEAD /

[1 occurrence(s)]
DEBUG --> [REQ_ID=7ea1260c2f36] [REQUEST][START] GET /index.php/API/Alerts/fetchEmailAlerts

[1 occurrence(s)]
DEBUG --> [REQ_ID=7ea1260c2f36] [FILTER_BEFORE] /index.php/API/Alerts/fetchEmailAlerts

[1 occurrence(s)]
DEBUG --> [REQ_ID=7ea1260c2f36] [ROUTE] Controller=\App\Modules\APIs\Controllers\AlertsAPIController Method=fetchEmailAlerts

[1 occurrence(s)]
DEBUG --> [REQ_ID=7ea1260c2f36] [LIFECYCLE][START] GET https://www.mymiwallet.com/index.php/API/Alerts/fetchEmailAlerts

[1 occurrence(s)]
DEBUG --> [REQ_ID=7ea1260c2f36] [REQUEST][END]

[1 occurrence(s)]
DEBUG --> [REQ_ID=03079f1c325c] [REQUEST][START] GET /

[1 occurrence(s)]
DEBUG --> [REQ_ID=03079f1c325c] [FILTER_BEFORE] /

[1 occurrence(s)]
DEBUG --> [REQ_ID=03079f1c325c] [ROUTE] Controller=\App\Controllers\Home Method=index

[1 occurrence(s)]
DEBUG --> [REQ_ID=03079f1c325c] [LIFECYCLE][START] GET https://www.mymiwallet.com/index.php/

[1 occurrence(s)]
DEBUG --> [CSRF] token name=csrf_test_name hash=eb423eb2188f18ee2841153586ddefb0

[1 occurrence(s)]
DEBUG --> [REQ_ID=842de83c72d5] [INIT] App\Controllers\Home::GET

[1 occurrence(s)]
DEBUG --> [REQ_ID=842de83c72d5] [VIEW_RENDER] themes/public/home

[1 occurrence(s)]
DEBUG --> [REQ_ID=03079f1c325c] [FILTER_AFTER]

[1 occurrence(s)]
DEBUG --> [REQ_ID=03079f1c325c] [LIFECYCLE][END] status=200 duration_ms=628.92 memory_delta=4194304

[1 occurrence(s)]
DEBUG --> [REQ_ID=03079f1c325c] [REQUEST][END]

[1 occurrence(s)]
DEBUG --> [REQ_ID=ad4ee5473694] [REQUEST][START] HEAD /

[1 occurrence(s)]
DEBUG --> [REQ_ID=54bfd28b9dc5] [REQUEST][START] HEAD /

[1 occurrence(s)]
DEBUG --> [REQ_ID=8ac9945ea069] [REQUEST][START] GET /index.php/Preview/Alert/IMNN

[1 occurrence(s)]
DEBUG --> [REQ_ID=8ac9945ea069] [FILTER_BEFORE] /index.php/Preview/Alert/IMNN

[1 occurrence(s)]
DEBUG --> [REQ_ID=8ac9945ea069] [ROUTE] Controller=\App\Modules\User\Controllers\AlertsController Method=preview

[1 occurrence(s)]
DEBUG --> [REQ_ID=8ac9945ea069] [LIFECYCLE][START] GET https://www.mymiwallet.com/index.php/Preview/Alert/IMNN

[1 occurrence(s)]
DEBUG --> [CSRF] token name=csrf_test_name hash=7d063604bac7b51ee232dee7888e5555

[1 occurrence(s)]
DEBUG --> [REQ_ID=6bed4b30236f] [INIT] App\Modules\User\Controllers\AlertsController::GET

[1 occurrence(s)]
DEBUG --> [REQ_ID=6bed4b30236f] [METHOD_ENTRY] preview

[12 occurrence(s)]
DEBUG --> [SERVICE] App\Services\BudgetService ::setUserId

[42 occurrence(s)]
DEBUG --> MyMICoin: guest context detected; skipping user-specific preload.

[4 occurrence(s)]
DEBUG --> MyMIInvestments: no session user detected; skipping personalized hydration.

[2 occurrence(s)]
DEBUG --> MyMIMarketing: Pscrape library not installed; Google search scraping will use fallback.

[4 occurrence(s)]
DEBUG --> MyMIAlerts: no authenticated user context detected.

[1 occurrence(s)]
DEBUG --> [REQ_ID=6bed4b30236f] [VIEW_RENDER] themes/public/previewAlert

[1 occurrence(s)]
DEBUG --> [REQ_ID=8ac9945ea069] [FILTER_AFTER]

[1 occurrence(s)]
DEBUG --> [REQ_ID=8ac9945ea069] [LIFECYCLE][END] status=200 duration_ms=168.41 memory_delta=2097152

[1 occurrence(s)]
DEBUG --> [REQ_ID=8ac9945ea069] [REQUEST][END]

[1 occurrence(s)]
DEBUG --> [REQ_ID=fb7074207e29] [REQUEST][START] GET /index.php/login

[1 occurrence(s)]
DEBUG --> [REQ_ID=fb7074207e29] [FILTER_BEFORE] /index.php/login

[1 occurrence(s)]
DEBUG --> [REQ_ID=fb7074207e29] [ROUTE] Controller=\App\Controllers\AuthController Method=login

[1 occurrence(s)]
DEBUG --> [REQ_ID=fb7074207e29] [LIFECYCLE][START] GET https://www.mymiwallet.com/index.php/login

[1 occurrence(s)]
DEBUG --> [CSRF] token name=csrf_test_name hash=9c890cffe98819010be3eafbd4044f4d

[1 occurrence(s)]
DEBUG --> [REQ_ID=dacd8681f9d5] [INIT] App\Controllers\AuthController::GET

[1 occurrence(s)]
DEBUG --> [REQ_ID=fb7074207e29] [FILTER_AFTER]

[1 occurrence(s)]
DEBUG --> [REQ_ID=fb7074207e29] [LIFECYCLE][END] status=200 duration_ms=23.13 memory_delta=0

[1 occurrence(s)]
DEBUG --> [REQ_ID=fb7074207e29] [REQUEST][END]

[1 occurrence(s)]
DEBUG --> [REQ_ID=25ff180a72a8] [REQUEST][START] GET /index.php/Preview/Alert/IMNN

[1 occurrence(s)]
DEBUG --> [REQ_ID=25ff180a72a8] [FILTER_BEFORE] /index.php/Preview/Alert/IMNN

[1 occurrence(s)]
DEBUG --> [REQ_ID=25ff180a72a8] [ROUTE] Controller=\App\Modules\User\Controllers\AlertsController Method=preview

[1 occurrence(s)]
DEBUG --> [REQ_ID=25ff180a72a8] [LIFECYCLE][START] GET https://www.mymiwallet.com/index.php/Preview/Alert/IMNN

[1 occurrence(s)]
DEBUG --> [CSRF] token name=csrf_test_name hash=dc41c09d20e428a2748d259d9a74bd7c

[1 occurrence(s)]
DEBUG --> [REQ_ID=4abe6ccf810c] [INIT] App\Modules\User\Controllers\AlertsController::GET

[1 occurrence(s)]
DEBUG --> [REQ_ID=4abe6ccf810c] [METHOD_ENTRY] preview

[1 occurrence(s)]
DEBUG --> [REQ_ID=4abe6ccf810c] [VIEW_RENDER] themes/public/previewAlert

[1 occurrence(s)]
DEBUG --> [REQ_ID=25ff180a72a8] [FILTER_AFTER]

[1 occurrence(s)]
DEBUG --> [REQ_ID=25ff180a72a8] [LIFECYCLE][END] status=200 duration_ms=30.65 memory_delta=0

[1 occurrence(s)]
DEBUG --> [REQ_ID=25ff180a72a8] [REQUEST][END]

[1 occurrence(s)]
DEBUG --> [REQ_ID=621b88425c2f] [REQUEST][START] GET /index.php/login

[1 occurrence(s)]
DEBUG --> [REQ_ID=621b88425c2f] [FILTER_BEFORE] /index.php/login

[1 occurrence(s)]
DEBUG --> [REQ_ID=621b88425c2f] [ROUTE] Controller=\App\Controllers\AuthController Method=login

[1 occurrence(s)]
DEBUG --> [REQ_ID=621b88425c2f] [LIFECYCLE][START] GET https://www.mymiwallet.com/index.php/login

[1 occurrence(s)]
DEBUG --> [CSRF] token name=csrf_test_name hash=5497f3a236b290f7c693c3ace52274a4

[1 occurrence(s)]
DEBUG --> [REQ_ID=6102e5381d47] [INIT] App\Controllers\AuthController::GET

[1 occurrence(s)]
DEBUG --> [REQ_ID=621b88425c2f] [FILTER_AFTER]

[1 occurrence(s)]
DEBUG --> [REQ_ID=621b88425c2f] [LIFECYCLE][END] status=200 duration_ms=18.47 memory_delta=0

[1 occurrence(s)]
DEBUG --> [REQ_ID=621b88425c2f] [REQUEST][END]

[1 occurrence(s)]
DEBUG --> [REQ_ID=f59bd7f24105] [REQUEST][START] HEAD /

[1 occurrence(s)]
DEBUG --> [REQ_ID=4f2f4499ab78] [REQUEST][START] HEAD /

[1 occurrence(s)]
DEBUG --> [REQ_ID=1e04f0144cef] [REQUEST][START] HEAD /

[1 occurrence(s)]
DEBUG --> [REQ_ID=128041679b97] [REQUEST][START] HEAD /

[1 occurrence(s)]
DEBUG --> [REQ_ID=38bf7f75599e] [REQUEST][START] HEAD /

[1 occurrence(s)]
DEBUG --> [REQ_ID=69c14415144f] [REQUEST][START] GET /

[1 occurrence(s)]
DEBUG --> [REQ_ID=69c14415144f] [FILTER_BEFORE] /

[1 occurrence(s)]
DEBUG --> [REQ_ID=69c14415144f] [ROUTE] Controller=\App\Controllers\Home Method=index

[1 occurrence(s)]
DEBUG --> [REQ_ID=69c14415144f] [LIFECYCLE][START] GET https://www.mymiwallet.com/index.php/

[1 occurrence(s)]
DEBUG --> [CSRF] token name=csrf_test_name hash=6d1c916b6a02ea664d35624acd6eac30

[1 occurrence(s)]
DEBUG --> [REQ_ID=e47c601b8931] [INIT] App\Controllers\Home::GET

[1 occurrence(s)]
DEBUG --> [REQ_ID=e47c601b8931] [VIEW_RENDER] themes/public/home

[1 occurrence(s)]
DEBUG --> [REQ_ID=69c14415144f] [FILTER_AFTER]

[1 occurrence(s)]
DEBUG --> [REQ_ID=69c14415144f] [LIFECYCLE][END] status=200 duration_ms=845.76 memory_delta=4194304

[1 occurrence(s)]
DEBUG --> [REQ_ID=69c14415144f] [REQUEST][END]

[1 occurrence(s)]
DEBUG --> [REQ_ID=cd3643e76a2f] [REQUEST][START] HEAD /

[1 occurrence(s)]
DEBUG --> [REQ_ID=ea51510b81ca] [REQUEST][START] GET /index.php/Management/Marketing/Video-Creator

[1 occurrence(s)]
DEBUG --> [REQ_ID=ea51510b81ca] [FILTER_BEFORE] /index.php/Management/Marketing/Video-Creator

[1 occurrence(s)]
DEBUG --> [REQ_ID=ea51510b81ca] [ROUTE] Controller=\App\Modules\Management\Controllers\MarketingAdminController Method=videoCreator

[1 occurrence(s)]
DEBUG --> [REQ_ID=ea51510b81ca] [LIFECYCLE][START] GET https://www.mymiwallet.com/index.php/Management/Marketing/Video-Creator

[1 occurrence(s)]
DEBUG --> [CSRF] token name=csrf_test_name hash=05c3074441f248ccdb42018cc1f52f8f

[1 occurrence(s)]
DEBUG --> [REQ_ID=ea51510b81ca] [REQUEST][END]

[1 occurrence(s)]
DEBUG --> [REQ_ID=c9399ee16256] [REQUEST][START] GET /index.php/login

[1 occurrence(s)]
DEBUG --> [REQ_ID=c9399ee16256] [FILTER_BEFORE] /index.php/login

[1 occurrence(s)]
DEBUG --> [REQ_ID=c9399ee16256] [ROUTE] Controller=\App\Controllers\AuthController Method=login

[1 occurrence(s)]
DEBUG --> [REQ_ID=c9399ee16256] [LIFECYCLE][START] GET https://www.mymiwallet.com/index.php/login

[1 occurrence(s)]
DEBUG --> [CSRF] token name=csrf_test_name hash=4e66ab4b67cefedab445d0f40fb11998

[1 occurrence(s)]
DEBUG --> [REQ_ID=9752abcce5cc] [INIT] App\Controllers\AuthController::GET

[1 occurrence(s)]
DEBUG --> [REQ_ID=c9399ee16256] [FILTER_AFTER]

[1 occurrence(s)]
DEBUG --> [REQ_ID=c9399ee16256] [LIFECYCLE][END] status=200 duration_ms=125.72 memory_delta=0

[1 occurrence(s)]
DEBUG --> [REQ_ID=c9399ee16256] [REQUEST][END]

[1 occurrence(s)]
DEBUG --> [REQ_ID=aa66c723a46b] [REQUEST][START] HEAD /

[1 occurrence(s)]
DEBUG --> [REQ_ID=d4fa88918ab4] [REQUEST][START] GET /index.php/API/Management/Run-CRON-Tasks

[1 occurrence(s)]
DEBUG --> [REQ_ID=d4fa88918ab4] [FILTER_BEFORE] /index.php/API/Management/Run-CRON-Tasks

[1 occurrence(s)]
DEBUG --> [REQ_ID=d4fa88918ab4] [ROUTE] Controller=\App\Modules\Management\Controllers\ManagementAPIController Method=Run_CRON_Tasks

[1 occurrence(s)]
DEBUG --> [REQ_ID=d4fa88918ab4] [LIFECYCLE][START] GET https://www.mymiwallet.com/index.php/API/Management/Run-CRON-Tasks

[1 occurrence(s)]
DEBUG --> [REQ_ID=d4fa88918ab4] [REQUEST][END]

[1 occurrence(s)]
DEBUG --> LOG_HEALTHCHECK debug marker=9d8d7ad3cf7d

[1 occurrence(s)]
DEBUG --> [REQ_ID=b1ee9206f38a] [REQUEST][START] HEAD /

[1 occurrence(s)]
DEBUG --> [REQ_ID=e9bc13acde63] [REQUEST][START] HEAD /

[1 occurrence(s)]
DEBUG --> [REQ_ID=122ec411850a] [REQUEST][START] GET /index.php/Wallets

[1 occurrence(s)]
DEBUG --> [REQ_ID=122ec411850a] [FILTER_BEFORE] /index.php/Wallets

[1 occurrence(s)]
DEBUG --> [REQ_ID=122ec411850a] [ROUTE] Controller=\App\Modules\User\Controllers\WalletsController Method=index

[1 occurrence(s)]
DEBUG --> [REQ_ID=122ec411850a] [LIFECYCLE][START] GET https://www.mymiwallet.com/index.php/Wallets

[1 occurrence(s)]
DEBUG --> [CSRF] token name=csrf_test_name hash=7964b0e3fa18058180f08f7861b400e4

[1 occurrence(s)]
DEBUG --> [REQ_ID=122ec411850a] [REQUEST][END]

[1 occurrence(s)]
DEBUG --> [REQ_ID=4feea9a00e37] [REQUEST][START] GET /index.php/login

[1 occurrence(s)]
DEBUG --> [REQ_ID=4feea9a00e37] [FILTER_BEFORE] /index.php/login

[1 occurrence(s)]
DEBUG --> [REQ_ID=4feea9a00e37] [ROUTE] Controller=\App\Controllers\AuthController Method=login

[1 occurrence(s)]
DEBUG --> [REQ_ID=4feea9a00e37] [LIFECYCLE][START] GET https://www.mymiwallet.com/index.php/login

[1 occurrence(s)]
DEBUG --> [CSRF] token name=csrf_test_name hash=cd8c4b7e935758a777894ce844232dba

[1 occurrence(s)]
DEBUG --> [REQ_ID=85b269021a40] [INIT] App\Controllers\AuthController::GET

[1 occurrence(s)]
DEBUG --> [REQ_ID=4feea9a00e37] [FILTER_AFTER]

[1 occurrence(s)]
DEBUG --> [REQ_ID=4feea9a00e37] [LIFECYCLE][END] status=200 duration_ms=492.70 memory_delta=0

[1 occurrence(s)]
DEBUG --> [REQ_ID=4feea9a00e37] [REQUEST][END]

[1 occurrence(s)]
DEBUG --> [REQ_ID=4b7528451848] [REQUEST][START] GET /index.php/Management/Exchange

[1 occurrence(s)]
DEBUG --> [REQ_ID=4b7528451848] [FILTER_BEFORE] /index.php/Management/Exchange

[1 occurrence(s)]
DEBUG --> [REQ_ID=4b7528451848] [ROUTE] Controller=\App\Modules\Management\Controllers\ExchangeAdminController Method=index

[1 occurrence(s)]
DEBUG --> [REQ_ID=4b7528451848] [LIFECYCLE][START] GET https://www.mymiwallet.com/index.php/Management/Exchange

[1 occurrence(s)]
DEBUG --> [CSRF] token name=csrf_test_name hash=2e7416065e0a62b0ed58d2bff84dd993

[1 occurrence(s)]
DEBUG --> [REQ_ID=4b7528451848] [REQUEST][END]

[1 occurrence(s)]
DEBUG --> [REQ_ID=53ecca5294f7] [REQUEST][START] GET /index.php/login

[1 occurrence(s)]
DEBUG --> [REQ_ID=53ecca5294f7] [FILTER_BEFORE] /index.php/login

[1 occurrence(s)]
DEBUG --> [REQ_ID=53ecca5294f7] [ROUTE] Controller=\App\Controllers\AuthController Method=login

[1 occurrence(s)]
DEBUG --> [REQ_ID=53ecca5294f7] [LIFECYCLE][START] GET https://www.mymiwallet.com/index.php/login

[1 occurrence(s)]
DEBUG --> [CSRF] token name=csrf_test_name hash=ac1d698eb483857bb44b5d0bf37d025e

[1 occurrence(s)]
DEBUG --> [REQ_ID=7f16ca0e645d] [INIT] App\Controllers\AuthController::GET

[1 occurrence(s)]
DEBUG --> [REQ_ID=53ecca5294f7] [FILTER_AFTER]

[1 occurrence(s)]
DEBUG --> [REQ_ID=53ecca5294f7] [LIFECYCLE][END] status=200 duration_ms=208.68 memory_delta=0

[1 occurrence(s)]
DEBUG --> [REQ_ID=53ecca5294f7] [REQUEST][END]

[1 occurrence(s)]
DEBUG --> [REQ_ID=48b1aaf7666f] [REQUEST][START] GET /index.php/resend-activation

[1 occurrence(s)]
DEBUG --> [REQ_ID=48b1aaf7666f] [FILTER_BEFORE] /index.php/resend-activation

[1 occurrence(s)]
DEBUG --> [REQ_ID=48b1aaf7666f] [ROUTE] Controller=\App\Controllers\AuthController Method=resendActivation

[1 occurrence(s)]
DEBUG --> [REQ_ID=48b1aaf7666f] [LIFECYCLE][START] GET https://www.mymiwallet.com/index.php/resend-activation

[1 occurrence(s)]
DEBUG --> [CSRF] token name=csrf_test_name hash=53bca1adb9581f4998eeef16717bcfde

[1 occurrence(s)]
DEBUG --> [REQ_ID=cefcba55db32] [INIT] App\Controllers\AuthController::GET

[1 occurrence(s)]
DEBUG --> [REQ_ID=48b1aaf7666f] [FILTER_AFTER]

[1 occurrence(s)]
DEBUG --> [REQ_ID=48b1aaf7666f] [LIFECYCLE][END] status=200 duration_ms=61.68 memory_delta=0

[1 occurrence(s)]
DEBUG --> [REQ_ID=48b1aaf7666f] [REQUEST][END]

[1 occurrence(s)]
DEBUG --> [REQ_ID=3c70e9dd904e] [REQUEST][START] HEAD /

[1 occurrence(s)]
DEBUG --> [REQ_ID=c773a3ad540c] [REQUEST][START] GET /index.php/API/Alerts/fetchEmailAlerts

[1 occurrence(s)]
DEBUG --> [REQ_ID=c773a3ad540c] [FILTER_BEFORE] /index.php/API/Alerts/fetchEmailAlerts

[1 occurrence(s)]
DEBUG --> [REQ_ID=c773a3ad540c] [ROUTE] Controller=\App\Modules\APIs\Controllers\AlertsAPIController Method=fetchEmailAlerts

[1 occurrence(s)]
DEBUG --> [REQ_ID=c773a3ad540c] [LIFECYCLE][START] GET https://www.mymiwallet.com/index.php/API/Alerts/fetchEmailAlerts

[1 occurrence(s)]
DEBUG --> [REQ_ID=c773a3ad540c] [REQUEST][END]

[1 occurrence(s)]
DEBUG --> [REQ_ID=5444cd6730bb] [REQUEST][START] HEAD /

[1 occurrence(s)]
DEBUG --> [REQ_ID=310e39ce022e] [REQUEST][START] HEAD /

[1 occurrence(s)]
DEBUG --> [REQ_ID=7b27259e85e1] [REQUEST][START] HEAD /

[1 occurrence(s)]
DEBUG --> [REQ_ID=26afe50845d8] [REQUEST][START] GET /

[1 occurrence(s)]
DEBUG --> [REQ_ID=26afe50845d8] [FILTER_BEFORE] /

[1 occurrence(s)]
DEBUG --> [REQ_ID=26afe50845d8] [ROUTE] Controller=\App\Controllers\Home Method=index

[1 occurrence(s)]
DEBUG --> [REQ_ID=26afe50845d8] [LIFECYCLE][START] GET https://www.mymiwallet.com/index.php/

[1 occurrence(s)]
DEBUG --> [CSRF] token name=csrf_test_name hash=1ef3ad5dfa2b0046566e3fe37685af2a

[1 occurrence(s)]
DEBUG --> [REQ_ID=2c75fc28e91f] [INIT] App\Controllers\Home::GET

[1 occurrence(s)]
DEBUG --> [REQ_ID=2c75fc28e91f] [VIEW_RENDER] themes/public/home

[1 occurrence(s)]
DEBUG --> [REQ_ID=26afe50845d8] [FILTER_AFTER]

[1 occurrence(s)]
DEBUG --> [REQ_ID=26afe50845d8] [LIFECYCLE][END] status=200 duration_ms=644.07 memory_delta=4194304

[1 occurrence(s)]
DEBUG --> [REQ_ID=26afe50845d8] [REQUEST][END]

[1 occurrence(s)]
DEBUG --> [REQ_ID=5fce90c58af7] [REQUEST][START] HEAD /

[1 occurrence(s)]
DEBUG --> [REQ_ID=70d47febbddb] [REQUEST][START] HEAD /

[1 occurrence(s)]
DEBUG --> [REQ_ID=c9a003d0664b] [REQUEST][START] HEAD /

[1 occurrence(s)]
DEBUG --> [REQ_ID=21a3e9f3690e] [REQUEST][START] HEAD /

[1 occurrence(s)]
DEBUG --> [REQ_ID=13656c09e946] [REQUEST][START] HEAD /

[1 occurrence(s)]
DEBUG --> [REQ_ID=ec56ed822c4c] [REQUEST][START] HEAD /

[1 occurrence(s)]
DEBUG --> [REQ_ID=58f54eb84c65] [REQUEST][START] HEAD /

[1 occurrence(s)]
DEBUG --> [REQ_ID=2a4b5cea69c3] [REQUEST][START] GET /index.php/API/Management/Run-CRON-Tasks

[1 occurrence(s)]
DEBUG --> [REQ_ID=2a4b5cea69c3] [FILTER_BEFORE] /index.php/API/Management/Run-CRON-Tasks

[1 occurrence(s)]
DEBUG --> [REQ_ID=2a4b5cea69c3] [ROUTE] Controller=\App\Modules\Management\Controllers\ManagementAPIController Method=Run_CRON_Tasks

[1 occurrence(s)]
DEBUG --> [REQ_ID=2a4b5cea69c3] [LIFECYCLE][START] GET https://www.mymiwallet.com/index.php/API/Management/Run-CRON-Tasks

[1 occurrence(s)]
DEBUG --> [REQ_ID=2a4b5cea69c3] [REQUEST][END]

[1 occurrence(s)]
DEBUG --> [REQ_ID=2b343e313007] [REQUEST][START] HEAD /

[1 occurrence(s)]
DEBUG --> [REQ_ID=3063a54d5317] [REQUEST][START] HEAD /

[1 occurrence(s)]
DEBUG --> [REQ_ID=923dcfe3a2f1] [REQUEST][START] HEAD /

[1 occurrence(s)]
DEBUG --> [REQ_ID=5208fdaa83e3] [REQUEST][START] GET /index.php/API/Alerts/fetchEmailAlerts

[1 occurrence(s)]
DEBUG --> [REQ_ID=5208fdaa83e3] [FILTER_BEFORE] /index.php/API/Alerts/fetchEmailAlerts

[1 occurrence(s)]
DEBUG --> [REQ_ID=5208fdaa83e3] [ROUTE] Controller=\App\Modules\APIs\Controllers\AlertsAPIController Method=fetchEmailAlerts

[1 occurrence(s)]
DEBUG --> [REQ_ID=5208fdaa83e3] [LIFECYCLE][START] GET https://www.mymiwallet.com/index.php/API/Alerts/fetchEmailAlerts

[1 occurrence(s)]
DEBUG --> [REQ_ID=5208fdaa83e3] [REQUEST][END]

[1 occurrence(s)]
DEBUG --> [REQ_ID=6f751a54fdcf] [REQUEST][START] HEAD /

[1 occurrence(s)]
DEBUG --> [REQ_ID=7dade0aec9ae] [REQUEST][START] GET /index.php/How-It-Works/Purchase-MyMI-Gold

[1 occurrence(s)]
DEBUG --> [REQ_ID=7dade0aec9ae] [FILTER_BEFORE] /index.php/How-It-Works/Purchase-MyMI-Gold

[1 occurrence(s)]
DEBUG --> [REQ_ID=7dade0aec9ae] [ROUTE] Controller=\App\Modules\Blog\Controllers\HowItWorksController Method=show

[1 occurrence(s)]
DEBUG --> [REQ_ID=7dade0aec9ae] [LIFECYCLE][START] GET https://www.mymiwallet.com/index.php/How-It-Works/Purchase-MyMI-Gold

[1 occurrence(s)]
DEBUG --> [CSRF] token name=csrf_test_name hash=f029fdb32067aadd76cef367d8dbe635

[1 occurrence(s)]
DEBUG --> [REQ_ID=79599640165c] [INIT] App\Modules\Blog\Controllers\HowItWorksController::GET

[1 occurrence(s)]
DEBUG --> [REQ_ID=79599640165c] [METHOD_ENTRY] show

[1 occurrence(s)]
DEBUG --> [REQ_ID=7dade0aec9ae] [FILTER_AFTER]

[1 occurrence(s)]
DEBUG --> [REQ_ID=7dade0aec9ae] [LIFECYCLE][END] status=404 duration_ms=160.92 memory_delta=0

[1 occurrence(s)]
DEBUG --> [REQ_ID=7dade0aec9ae] [REQUEST][END]

[1 occurrence(s)]
DEBUG --> [REQ_ID=16dc44ce2950] [REQUEST][START] HEAD /

[1 occurrence(s)]
DEBUG --> [REQ_ID=a494e72caa01] [REQUEST][START] HEAD /

[1 occurrence(s)]
DEBUG --> [REQ_ID=cf79857f2ce6] [REQUEST][START] HEAD /

[1 occurrence(s)]
DEBUG --> [REQ_ID=4840a14e6911] [REQUEST][START] HEAD /

[1 occurrence(s)]
DEBUG --> [REQ_ID=d3644bd92e2c] [REQUEST][START] HEAD /

[1 occurrence(s)]
DEBUG --> [REQ_ID=f62e0e45352b] [REQUEST][START] HEAD /

[1 occurrence(s)]
DEBUG --> [REQ_ID=1bcadff77f73] [REQUEST][START] HEAD /

[1 occurrence(s)]
DEBUG --> [REQ_ID=fb891ca4f9be] [REQUEST][START] GET /

[1 occurrence(s)]
DEBUG --> [REQ_ID=fb891ca4f9be] [FILTER_BEFORE] /

[1 occurrence(s)]
DEBUG --> [REQ_ID=fb891ca4f9be] [ROUTE] Controller=\App\Controllers\Home Method=index

[1 occurrence(s)]
DEBUG --> [REQ_ID=fb891ca4f9be] [LIFECYCLE][START] GET https://www.mymiwallet.com/index.php/

[1 occurrence(s)]
DEBUG --> [CSRF] token name=csrf_test_name hash=7688148742a802530578409b31ce433e

[1 occurrence(s)]
DEBUG --> [REQ_ID=ac8f7a4747af] [INIT] App\Controllers\Home::GET

[1 occurrence(s)]
DEBUG --> [REQ_ID=ac8f7a4747af] [VIEW_RENDER] themes/public/home

[1 occurrence(s)]
DEBUG --> [REQ_ID=fb891ca4f9be] [FILTER_AFTER]

[1 occurrence(s)]
DEBUG --> [REQ_ID=fb891ca4f9be] [LIFECYCLE][END] status=200 duration_ms=591.15 memory_delta=4194304

[1 occurrence(s)]
DEBUG --> [REQ_ID=fb891ca4f9be] [REQUEST][END]

[1 occurrence(s)]
DEBUG --> [REQ_ID=220be506faf0] [REQUEST][START] HEAD /

[1 occurrence(s)]
DEBUG --> [REQ_ID=edd4353b0f80] [REQUEST][START] GET /index.php/API/Management/Run-CRON-Tasks

[1 occurrence(s)]
DEBUG --> [REQ_ID=edd4353b0f80] [FILTER_BEFORE] /index.php/API/Management/Run-CRON-Tasks

[1 occurrence(s)]
DEBUG --> [REQ_ID=edd4353b0f80] [ROUTE] Controller=\App\Modules\Management\Controllers\ManagementAPIController Method=Run_CRON_Tasks

[1 occurrence(s)]
DEBUG --> [REQ_ID=edd4353b0f80] [LIFECYCLE][START] GET https://www.mymiwallet.com/index.php/API/Management/Run-CRON-Tasks

[1 occurrence(s)]
DEBUG --> [REQ_ID=edd4353b0f80] [REQUEST][END]

[1 occurrence(s)]
DEBUG --> LOG_HEALTHCHECK debug marker=832685fa0486

[1 occurrence(s)]
DEBUG --> [REQ_ID=d30a63353787] [REQUEST][START] HEAD /

[1 occurrence(s)]
DEBUG --> [REQ_ID=c9070bfaa97a] [REQUEST][START] GET /index.php/Knowledgebase/Assets

[1 occurrence(s)]
DEBUG --> [REQ_ID=c9070bfaa97a] [FILTER_BEFORE] /index.php/Knowledgebase/Assets

[1 occurrence(s)]
DEBUG --> [REQ_ID=c9070bfaa97a] [ROUTE] Controller=\App\Modules\User\Controllers\KnowledgebaseController Method=assets

[1 occurrence(s)]
DEBUG --> [REQ_ID=c9070bfaa97a] [LIFECYCLE][START] GET https://www.mymiwallet.com/index.php/Knowledgebase/Assets

[1 occurrence(s)]
DEBUG --> [CSRF] token name=csrf_test_name hash=5f2f8f382ad368986954d9fdadfd8312

[1 occurrence(s)]
DEBUG --> [REQ_ID=c9070bfaa97a] [REQUEST][END]

[1 occurrence(s)]
DEBUG --> [REQ_ID=478e3521af3f] [REQUEST][START] GET /index.php/login

[1 occurrence(s)]
DEBUG --> [REQ_ID=478e3521af3f] [FILTER_BEFORE] /index.php/login

[1 occurrence(s)]
DEBUG --> [REQ_ID=478e3521af3f] [ROUTE] Controller=\App\Controllers\AuthController Method=login

[1 occurrence(s)]
DEBUG --> [REQ_ID=478e3521af3f] [LIFECYCLE][START] GET https://www.mymiwallet.com/index.php/login

[1 occurrence(s)]
DEBUG --> [CSRF] token name=csrf_test_name hash=ef6edec04a9008af235c764ef64bead0

[1 occurrence(s)]
DEBUG --> [REQ_ID=d618991eb5bd] [INIT] App\Controllers\AuthController::GET

[1 occurrence(s)]
DEBUG --> [REQ_ID=478e3521af3f] [FILTER_AFTER]

[1 occurrence(s)]
DEBUG --> [REQ_ID=478e3521af3f] [LIFECYCLE][END] status=200 duration_ms=156.46 memory_delta=0

[1 occurrence(s)]
DEBUG --> [REQ_ID=478e3521af3f] [REQUEST][END]

[1 occurrence(s)]
DEBUG --> [REQ_ID=e3c24f518e03] [REQUEST][START] HEAD /

[1 occurrence(s)]
DEBUG --> [REQ_ID=fab6fe6e5a08] [REQUEST][START] GET /

[1 occurrence(s)]
DEBUG --> [REQ_ID=fab6fe6e5a08] [FILTER_BEFORE] /

[1 occurrence(s)]
DEBUG --> [REQ_ID=fab6fe6e5a08] [ROUTE] Controller=\App\Controllers\Home Method=index

[1 occurrence(s)]
DEBUG --> [REQ_ID=fab6fe6e5a08] [LIFECYCLE][START] GET https://www.mymiwallet.com/index.php/

[1 occurrence(s)]
DEBUG --> [CSRF] token name=csrf_test_name hash=1a41f8eea355b5e3b5d4efb524945768

[1 occurrence(s)]
DEBUG --> [REQ_ID=679fd3c37a97] [INIT] App\Controllers\Home::GET

[1 occurrence(s)]
DEBUG --> [REQ_ID=679fd3c37a97] [VIEW_RENDER] themes/public/home

[1 occurrence(s)]
DEBUG --> [REQ_ID=fab6fe6e5a08] [FILTER_AFTER]

[1 occurrence(s)]
DEBUG --> [REQ_ID=fab6fe6e5a08] [LIFECYCLE][END] status=200 duration_ms=676.66 memory_delta=4194304

[1 occurrence(s)]
DEBUG --> [REQ_ID=fab6fe6e5a08] [REQUEST][END]

[1 occurrence(s)]
DEBUG --> [REQ_ID=8c16703a133a] [REQUEST][START] HEAD /

[1 occurrence(s)]
DEBUG --> [REQ_ID=b9fe71e7b2dd] [REQUEST][START] GET /index.php/API/Alerts/fetchEmailAlerts

[1 occurrence(s)]
DEBUG --> [REQ_ID=b9fe71e7b2dd] [FILTER_BEFORE] /index.php/API/Alerts/fetchEmailAlerts

[1 occurrence(s)]
DEBUG --> [REQ_ID=b9fe71e7b2dd] [ROUTE] Controller=\App\Modules\APIs\Controllers\AlertsAPIController Method=fetchEmailAlerts

[1 occurrence(s)]
DEBUG --> [REQ_ID=b9fe71e7b2dd] [LIFECYCLE][START] GET https://www.mymiwallet.com/index.php/API/Alerts/fetchEmailAlerts

[1 occurrence(s)]
DEBUG --> [REQ_ID=b9fe71e7b2dd] [REQUEST][END]

[1 occurrence(s)]
DEBUG --> [REQ_ID=134e695d6909] [REQUEST][START] HEAD /

[1 occurrence(s)]
DEBUG --> [REQ_ID=59820b157cc7] [REQUEST][START] HEAD /

[1 occurrence(s)]
DEBUG --> [REQ_ID=68103c153d3a] [REQUEST][START] GET /index.php/Profile

[1 occurrence(s)]
DEBUG --> [REQ_ID=68103c153d3a] [FILTER_BEFORE] /index.php/Profile

[1 occurrence(s)]
DEBUG --> [REQ_ID=68103c153d3a] [ROUTE] Controller=\App\Controllers\App\Modules\User\Controllers\DashboardController Method=profile

[1 occurrence(s)]
DEBUG --> [REQ_ID=68103c153d3a] [LIFECYCLE][START] GET https://www.mymiwallet.com/index.php/Profile

[1 occurrence(s)]
DEBUG --> [CSRF] token name=csrf_test_name hash=a765c3f5a4ecb5d72b6fd795facd92b4

[1 occurrence(s)]
DEBUG --> [REQ_ID=68103c153d3a] [REQUEST][END]

[1 occurrence(s)]
DEBUG --> [REQ_ID=1404ef97e9af] [REQUEST][START] GET /index.php/login

[1 occurrence(s)]
DEBUG --> [REQ_ID=1404ef97e9af] [FILTER_BEFORE] /index.php/login

[1 occurrence(s)]
DEBUG --> [REQ_ID=1404ef97e9af] [ROUTE] Controller=\App\Controllers\AuthController Method=login

[1 occurrence(s)]
DEBUG --> [REQ_ID=1404ef97e9af] [LIFECYCLE][START] GET https://www.mymiwallet.com/index.php/login

[1 occurrence(s)]
DEBUG --> [CSRF] token name=csrf_test_name hash=19955d741b2389edb7d9961ffc765d78

[1 occurrence(s)]
DEBUG --> [REQ_ID=f91ab62e22b8] [INIT] App\Controllers\AuthController::GET

[1 occurrence(s)]
DEBUG --> [REQ_ID=1404ef97e9af] [FILTER_AFTER]

[1 occurrence(s)]
DEBUG --> [REQ_ID=1404ef97e9af] [LIFECYCLE][END] status=200 duration_ms=35.57 memory_delta=0

[1 occurrence(s)]
DEBUG --> [REQ_ID=1404ef97e9af] [REQUEST][END]

[1 occurrence(s)]
DEBUG --> [REQ_ID=59fa52962929] [REQUEST][START] HEAD /

[1 occurrence(s)]
DEBUG --> [REQ_ID=48db1ad0b988] [REQUEST][START] GET /

[1 occurrence(s)]
DEBUG --> [REQ_ID=48db1ad0b988] [FILTER_BEFORE] /

[1 occurrence(s)]
DEBUG --> [REQ_ID=48db1ad0b988] [ROUTE] Controller=\App\Controllers\Home Method=index

[1 occurrence(s)]
DEBUG --> [REQ_ID=48db1ad0b988] [LIFECYCLE][START] GET https://www.mymiwallet.com/index.php/

[1 occurrence(s)]
DEBUG --> [CSRF] token name=csrf_test_name hash=c8896e0fe970c349d186cc9c96483720

[1 occurrence(s)]
DEBUG --> [REQ_ID=31e3dfd700a0] [INIT] App\Controllers\Home::GET

[1 occurrence(s)]
DEBUG --> [REQ_ID=31e3dfd700a0] [VIEW_RENDER] themes/public/home

[1 occurrence(s)]
DEBUG --> [REQ_ID=48db1ad0b988] [FILTER_AFTER]

[1 occurrence(s)]
DEBUG --> [REQ_ID=48db1ad0b988] [LIFECYCLE][END] status=200 duration_ms=570.97 memory_delta=4194304

[1 occurrence(s)]
DEBUG --> [REQ_ID=48db1ad0b988] [REQUEST][END]

[1 occurrence(s)]
DEBUG --> [REQ_ID=b0555f07c83e] [REQUEST][START] HEAD /

[1 occurrence(s)]
DEBUG --> [REQ_ID=2d415a11d410] [REQUEST][START] HEAD /

[1 occurrence(s)]
DEBUG --> [REQ_ID=50fdcc57b0cf] [REQUEST][START] HEAD /

[1 occurrence(s)]
DEBUG --> [REQ_ID=4d66c83edc91] [REQUEST][START] HEAD /

[1 occurrence(s)]
DEBUG --> [REQ_ID=e1e41c302372] [REQUEST][START] HEAD /

[1 occurrence(s)]
DEBUG --> [REQ_ID=b20cbb8fe8cd] [REQUEST][START] GET /

[1 occurrence(s)]
DEBUG --> [REQ_ID=b20cbb8fe8cd] [FILTER_BEFORE] /

[1 occurrence(s)]
DEBUG --> [REQ_ID=b20cbb8fe8cd] [ROUTE] Controller=\App\Controllers\Home Method=index

[1 occurrence(s)]
DEBUG --> [REQ_ID=b20cbb8fe8cd] [LIFECYCLE][START] GET https://www.mymiwallet.com/index.php/

[1 occurrence(s)]
DEBUG --> [CSRF] token name=csrf_test_name hash=039b316a5d4e75d0395fa142c5445a98

[1 occurrence(s)]
DEBUG --> [REQ_ID=26e80a041958] [INIT] App\Controllers\Home::GET

[1 occurrence(s)]
DEBUG --> [REQ_ID=26e80a041958] [VIEW_RENDER] themes/public/home

[1 occurrence(s)]
DEBUG --> [REQ_ID=b20cbb8fe8cd] [FILTER_AFTER]

[1 occurrence(s)]
DEBUG --> [REQ_ID=b20cbb8fe8cd] [LIFECYCLE][END] status=200 duration_ms=646.55 memory_delta=4194304

[1 occurrence(s)]
DEBUG --> [REQ_ID=b20cbb8fe8cd] [REQUEST][END]

[1 occurrence(s)]
DEBUG --> [REQ_ID=37f60f34dfe4] [REQUEST][START] HEAD /

[1 occurrence(s)]
DEBUG --> [REQ_ID=f2154788abfc] [REQUEST][START] GET /index.php/API/Management/Run-CRON-Tasks

[1 occurrence(s)]
DEBUG --> [REQ_ID=f2154788abfc] [FILTER_BEFORE] /index.php/API/Management/Run-CRON-Tasks

[1 occurrence(s)]
DEBUG --> [REQ_ID=f2154788abfc] [ROUTE] Controller=\App\Modules\Management\Controllers\ManagementAPIController Method=Run_CRON_Tasks

[1 occurrence(s)]
DEBUG --> [REQ_ID=f2154788abfc] [LIFECYCLE][START] GET https://www.mymiwallet.com/index.php/API/Management/Run-CRON-Tasks

[1 occurrence(s)]
DEBUG --> [REQ_ID=f2154788abfc] [REQUEST][END]

[1 occurrence(s)]
DEBUG --> [REQ_ID=b50d8f57a786] [REQUEST][START] HEAD /

[1 occurrence(s)]
DEBUG --> [REQ_ID=c33c7e3f970b] [REQUEST][START] HEAD /

[1 occurrence(s)]
DEBUG --> [REQ_ID=8bca8302565b] [REQUEST][START] HEAD /

[1 occurrence(s)]
DEBUG --> [REQ_ID=6955b68bb5a1] [REQUEST][START] GET /index.php/API/Alerts/fetchEmailAlerts

[1 occurrence(s)]
DEBUG --> [REQ_ID=6955b68bb5a1] [FILTER_BEFORE] /index.php/API/Alerts/fetchEmailAlerts

[1 occurrence(s)]
DEBUG --> [REQ_ID=6955b68bb5a1] [ROUTE] Controller=\App\Modules\APIs\Controllers\AlertsAPIController Method=fetchEmailAlerts

[1 occurrence(s)]
DEBUG --> [REQ_ID=6955b68bb5a1] [LIFECYCLE][START] GET https://www.mymiwallet.com/index.php/API/Alerts/fetchEmailAlerts

[1 occurrence(s)]
DEBUG --> [REQ_ID=6955b68bb5a1] [REQUEST][END]

[1 occurrence(s)]
DEBUG --> [REQ_ID=db833b1b446d] [REQUEST][START] HEAD /

[1 occurrence(s)]
DEBUG --> [REQ_ID=81a70c3e982b] [REQUEST][START] HEAD /

[1 occurrence(s)]
DEBUG --> [REQ_ID=3cc4e6df0ce1] [REQUEST][START] HEAD /

[1 occurrence(s)]
DEBUG --> [REQ_ID=443d589e9686] [REQUEST][START] GET /index.php/Account/Social-Media

[1 occurrence(s)]
DEBUG --> [REQ_ID=443d589e9686] [FILTER_BEFORE] /index.php/Account/Social-Media

[1 occurrence(s)]
DEBUG --> [REQ_ID=443d589e9686] [ROUTE] Controller=\App\Modules\User\Controllers\DashboardController Method=SocialMedia

[1 occurrence(s)]
DEBUG --> [REQ_ID=443d589e9686] [LIFECYCLE][START] GET https://www.mymiwallet.com/index.php/Account/Social-Media

[1 occurrence(s)]
DEBUG --> [CSRF] token name=csrf_test_name hash=8055a667e4b2611e12fe4df1c01b87bd

[1 occurrence(s)]
DEBUG --> [REQ_ID=443d589e9686] [REQUEST][END]

[1 occurrence(s)]
DEBUG --> [REQ_ID=a610e6a542b7] [REQUEST][START] GET /index.php/login

[1 occurrence(s)]
DEBUG --> [REQ_ID=a610e6a542b7] [FILTER_BEFORE] /index.php/login

[1 occurrence(s)]
DEBUG --> [REQ_ID=a610e6a542b7] [ROUTE] Controller=\App\Controllers\AuthController Method=login

[1 occurrence(s)]
DEBUG --> [REQ_ID=a610e6a542b7] [LIFECYCLE][START] GET https://www.mymiwallet.com/index.php/login

[1 occurrence(s)]
DEBUG --> [CSRF] token name=csrf_test_name hash=0935c9af45f317200da488e6cc128915

[1 occurrence(s)]
DEBUG --> [REQ_ID=3d33a277bd93] [INIT] App\Controllers\AuthController::GET

[1 occurrence(s)]
DEBUG --> [REQ_ID=a610e6a542b7] [FILTER_AFTER]

[1 occurrence(s)]
DEBUG --> [REQ_ID=a610e6a542b7] [LIFECYCLE][END] status=200 duration_ms=377.38 memory_delta=0

[1 occurrence(s)]
DEBUG --> [REQ_ID=a610e6a542b7] [REQUEST][END]

[1 occurrence(s)]
DEBUG --> [REQ_ID=95d1721078d4] [REQUEST][START] HEAD /

[1 occurrence(s)]
DEBUG --> [REQ_ID=48190ab3463f] [REQUEST][START] HEAD /

[1 occurrence(s)]
DEBUG --> [REQ_ID=ebd1bc7ba352] [REQUEST][START] HEAD /

[1 occurrence(s)]
DEBUG --> [REQ_ID=924ced5f09b8] [REQUEST][START] GET /index.php/Support

[1 occurrence(s)]
DEBUG --> [REQ_ID=924ced5f09b8] [FILTER_BEFORE] /index.php/Support

[1 occurrence(s)]
DEBUG --> [REQ_ID=924ced5f09b8] [ROUTE] Controller=\App\Modules\Support\Controllers\SupportController Method=index

[1 occurrence(s)]
DEBUG --> [REQ_ID=924ced5f09b8] [LIFECYCLE][START] GET https://www.mymiwallet.com/index.php/Support

[1 occurrence(s)]
DEBUG --> [CSRF] token name=csrf_test_name hash=6580b660eff7b988c5a550978df501b4

[1 occurrence(s)]
DEBUG --> [REQ_ID=9c3e8cb0c7de] [INIT] App\Modules\Support\Controllers\SupportController::GET

[1 occurrence(s)]
DEBUG --> [REQ_ID=9c3e8cb0c7de] [METHOD_ENTRY] index

[1 occurrence(s)]
DEBUG --> [REQ_ID=9c3e8cb0c7de] [VIEW_RENDER] SupportModule\Views\Support\index

[1 occurrence(s)]
DEBUG --> [REQ_ID=924ced5f09b8] [FILTER_AFTER]

[1 occurrence(s)]
DEBUG --> [REQ_ID=924ced5f09b8] [LIFECYCLE][END] status=200 duration_ms=246.57 memory_delta=0

[1 occurrence(s)]
DEBUG --> [REQ_ID=924ced5f09b8] [REQUEST][END]

[1 occurrence(s)]
DEBUG --> [REQ_ID=dea92ae76fd3] [REQUEST][START] HEAD /

[1 occurrence(s)]
DEBUG --> [REQ_ID=7af0198d8493] [REQUEST][START] HEAD /

[1 occurrence(s)]
DEBUG --> [REQ_ID=4be3c8d9b627] [REQUEST][START] HEAD /

[1 occurrence(s)]
DEBUG --> [REQ_ID=799393078c66] [REQUEST][START] GET /index.php/API/Management/Run-CRON-Tasks

[1 occurrence(s)]
DEBUG --> [REQ_ID=799393078c66] [FILTER_BEFORE] /index.php/API/Management/Run-CRON-Tasks

[1 occurrence(s)]
DEBUG --> [REQ_ID=799393078c66] [ROUTE] Controller=\App\Modules\Management\Controllers\ManagementAPIController Method=Run_CRON_Tasks

[1 occurrence(s)]
DEBUG --> [REQ_ID=799393078c66] [LIFECYCLE][START] GET https://www.mymiwallet.com/index.php/API/Management/Run-CRON-Tasks

[1 occurrence(s)]
DEBUG --> [REQ_ID=799393078c66] [REQUEST][END]

[1 occurrence(s)]
DEBUG --> LOG_HEALTHCHECK debug marker=0464e8fd875c

[1 occurrence(s)]
DEBUG --> [REQ_ID=5d0abd4eca33] [REQUEST][START] HEAD /

[1 occurrence(s)]
DEBUG --> [REQ_ID=6811f66527c3] [REQUEST][START] GET /

[1 occurrence(s)]
DEBUG --> [REQ_ID=6811f66527c3] [FILTER_BEFORE] /

[1 occurrence(s)]
DEBUG --> [REQ_ID=6811f66527c3] [ROUTE] Controller=\App\Controllers\Home Method=index

[1 occurrence(s)]
DEBUG --> [REQ_ID=6811f66527c3] [LIFECYCLE][START] GET https://www.mymiwallet.com/index.php/

[1 occurrence(s)]
DEBUG --> [CSRF] token name=csrf_test_name hash=85acd1704d611d376d129e0256047bc9

[1 occurrence(s)]
DEBUG --> [REQ_ID=018eee797934] [INIT] App\Controllers\Home::GET

[1 occurrence(s)]
DEBUG --> [REQ_ID=018eee797934] [VIEW_RENDER] themes/public/home

[1 occurrence(s)]
DEBUG --> [REQ_ID=6811f66527c3] [FILTER_AFTER]

[1 occurrence(s)]
DEBUG --> [REQ_ID=6811f66527c3] [LIFECYCLE][END] status=200 duration_ms=729.97 memory_delta=4194304

[1 occurrence(s)]
DEBUG --> [REQ_ID=6811f66527c3] [REQUEST][END]

[1 occurrence(s)]
DEBUG --> [REQ_ID=299426fb09d6] [REQUEST][START] HEAD /

[1 occurrence(s)]
DEBUG --> [REQ_ID=0f9a07423682] [REQUEST][START] HEAD /

[1 occurrence(s)]
DEBUG --> [REQ_ID=47645f07f5c0] [REQUEST][START] GET /index.php/API/Alerts/fetchEmailAlerts

[1 occurrence(s)]
DEBUG --> [REQ_ID=47645f07f5c0] [FILTER_BEFORE] /index.php/API/Alerts/fetchEmailAlerts

[1 occurrence(s)]
DEBUG --> [REQ_ID=47645f07f5c0] [ROUTE] Controller=\App\Modules\APIs\Controllers\AlertsAPIController Method=fetchEmailAlerts

[1 occurrence(s)]
DEBUG --> [REQ_ID=47645f07f5c0] [LIFECYCLE][START] GET https://www.mymiwallet.com/index.php/API/Alerts/fetchEmailAlerts

[1 occurrence(s)]
DEBUG --> [REQ_ID=47645f07f5c0] [REQUEST][END]

[1 occurrence(s)]
DEBUG --> [REQ_ID=5ee6a13965a2] [REQUEST][START] HEAD /

[1 occurrence(s)]
DEBUG --> [REQ_ID=aafa808c3802] [REQUEST][START] GET /

[1 occurrence(s)]
DEBUG --> [REQ_ID=aafa808c3802] [FILTER_BEFORE] /

[1 occurrence(s)]
DEBUG --> [REQ_ID=aafa808c3802] [ROUTE] Controller=\App\Controllers\Home Method=index

[1 occurrence(s)]
DEBUG --> [REQ_ID=aafa808c3802] [LIFECYCLE][START] GET https://www.mymiwallet.com/index.php/

[1 occurrence(s)]
DEBUG --> [CSRF] token name=csrf_test_name hash=e9a014317bf6c41b00f02ff125e14bdc

[1 occurrence(s)]
DEBUG --> [REQ_ID=af6f20cdbcf1] [INIT] App\Controllers\Home::GET

[1 occurrence(s)]
DEBUG --> [REQ_ID=af6f20cdbcf1] [VIEW_RENDER] themes/public/home

[1 occurrence(s)]
DEBUG --> [REQ_ID=aafa808c3802] [FILTER_AFTER]

[1 occurrence(s)]
DEBUG --> [REQ_ID=aafa808c3802] [LIFECYCLE][END] status=200 duration_ms=741.51 memory_delta=4194304

[1 occurrence(s)]
DEBUG --> [REQ_ID=aafa808c3802] [REQUEST][END]

[1 occurrence(s)]
DEBUG --> [REQ_ID=655cc1f74e9a] [REQUEST][START] HEAD /

[1 occurrence(s)]
DEBUG --> [REQ_ID=0796f19f2d67] [REQUEST][START] GET /index.php/Exchange/Solana

[1 occurrence(s)]
DEBUG --> [REQ_ID=0796f19f2d67] [FILTER_BEFORE] /index.php/Exchange/Solana

[1 occurrence(s)]
DEBUG --> [REQ_ID=0796f19f2d67] [ROUTE] Controller=\App\Modules\Exchange\Controllers\SolanaController Method=index

[1 occurrence(s)]
DEBUG --> [REQ_ID=0796f19f2d67] [LIFECYCLE][START] GET https://www.mymiwallet.com/index.php/Exchange/Solana

[1 occurrence(s)]
DEBUG --> [CSRF] token name=csrf_test_name hash=fe32fc31ebf76a421461d3698d9009b6

[1 occurrence(s)]
DEBUG --> [REQ_ID=0796f19f2d67] [REQUEST][END]

[1 occurrence(s)]
DEBUG --> [REQ_ID=3b67358fbed0] [REQUEST][START] GET /index.php/login

[1 occurrence(s)]
DEBUG --> [REQ_ID=3b67358fbed0] [FILTER_BEFORE] /index.php/login

[1 occurrence(s)]
DEBUG --> [REQ_ID=3b67358fbed0] [ROUTE] Controller=\App\Controllers\AuthController Method=login

[1 occurrence(s)]
DEBUG --> [REQ_ID=3b67358fbed0] [LIFECYCLE][START] GET https://www.mymiwallet.com/index.php/login

[1 occurrence(s)]
DEBUG --> [CSRF] token name=csrf_test_name hash=6cbb4936f3add87a71f86ea80db17272

[1 occurrence(s)]
DEBUG --> [REQ_ID=2b7726a9e09c] [INIT] App\Controllers\AuthController::GET

[1 occurrence(s)]
DEBUG --> [REQ_ID=3b67358fbed0] [FILTER_AFTER]

[1 occurrence(s)]
DEBUG --> [REQ_ID=3b67358fbed0] [LIFECYCLE][END] status=200 duration_ms=50.58 memory_delta=0

[1 occurrence(s)]
DEBUG --> [REQ_ID=3b67358fbed0] [REQUEST][END]

[1 occurrence(s)]
DEBUG --> [REQ_ID=6fae266658f9] [REQUEST][START] HEAD /

[1 occurrence(s)]
DEBUG --> [REQ_ID=7c3c0d8dc29a] [REQUEST][START] HEAD /

[1 occurrence(s)]
DEBUG --> [REQ_ID=c59676e38507] [REQUEST][START] HEAD /

[1 occurrence(s)]
DEBUG --> [REQ_ID=c55b5234f9f7] [REQUEST][START] HEAD /

[1 occurrence(s)]
DEBUG --> [REQ_ID=39875ee40ae3] [REQUEST][START] HEAD /

[1 occurrence(s)]
DEBUG --> [REQ_ID=023383d7095a] [REQUEST][START] HEAD /

[1 occurrence(s)]
DEBUG --> [REQ_ID=251adf4f292b] [REQUEST][START] HEAD /

[1 occurrence(s)]
DEBUG --> [REQ_ID=6e79e60cf89c] [REQUEST][START] GET /index.php/API/Management/Run-CRON-Tasks

[1 occurrence(s)]
DEBUG --> [REQ_ID=6e79e60cf89c] [FILTER_BEFORE] /index.php/API/Management/Run-CRON-Tasks

[1 occurrence(s)]
DEBUG --> [REQ_ID=6e79e60cf89c] [ROUTE] Controller=\App\Modules\Management\Controllers\ManagementAPIController Method=Run_CRON_Tasks

[1 occurrence(s)]
DEBUG --> [REQ_ID=6e79e60cf89c] [LIFECYCLE][START] GET https://www.mymiwallet.com/index.php/API/Management/Run-CRON-Tasks

[1 occurrence(s)]
DEBUG --> [REQ_ID=6e79e60cf89c] [REQUEST][END]

[1 occurrence(s)]
DEBUG --> [REQ_ID=344ba9a6529a] [REQUEST][START] HEAD /

[1 occurrence(s)]
DEBUG --> [REQ_ID=98b720f7cf89] [REQUEST][START] HEAD /

[1 occurrence(s)]
DEBUG --> [REQ_ID=f31117df4612] [REQUEST][START] HEAD /

[1 occurrence(s)]
DEBUG --> [REQ_ID=e40a82e419c0] [REQUEST][START] GET /index.php/API/Alerts/fetchEmailAlerts

[1 occurrence(s)]
DEBUG --> [REQ_ID=e40a82e419c0] [FILTER_BEFORE] /index.php/API/Alerts/fetchEmailAlerts

[1 occurrence(s)]
DEBUG --> [REQ_ID=e40a82e419c0] [ROUTE] Controller=\App\Modules\APIs\Controllers\AlertsAPIController Method=fetchEmailAlerts

[1 occurrence(s)]
DEBUG --> [REQ_ID=e40a82e419c0] [LIFECYCLE][START] GET https://www.mymiwallet.com/index.php/API/Alerts/fetchEmailAlerts

[1 occurrence(s)]
DEBUG --> [REQ_ID=e40a82e419c0] [REQUEST][END]

[1 occurrence(s)]
DEBUG --> [REQ_ID=8a185c80328d] [REQUEST][START] HEAD /

[1 occurrence(s)]
DEBUG --> [REQ_ID=ad42d3e14484] [REQUEST][START] GET /index.php/Management/Marketing

[1 occurrence(s)]
DEBUG --> [REQ_ID=ad42d3e14484] [FILTER_BEFORE] /index.php/Management/Marketing

[1 occurrence(s)]
DEBUG --> [REQ_ID=ad42d3e14484] [ROUTE] Controller=\App\Modules\Management\Controllers\MarketingAdminController Method=index

[1 occurrence(s)]
DEBUG --> [REQ_ID=ad42d3e14484] [LIFECYCLE][START] GET https://www.mymiwallet.com/index.php/Management/Marketing

[1 occurrence(s)]
DEBUG --> [CSRF] token name=csrf_test_name hash=8f129346116c39a40a39d1a4bc310c6d

[1 occurrence(s)]
DEBUG --> [REQ_ID=ad42d3e14484] [REQUEST][END]

[1 occurrence(s)]
DEBUG --> [REQ_ID=4b0156d350a4] [REQUEST][START] GET /index.php/login

[1 occurrence(s)]
DEBUG --> [REQ_ID=4b0156d350a4] [FILTER_BEFORE] /index.php/login

[1 occurrence(s)]
DEBUG --> [REQ_ID=4b0156d350a4] [ROUTE] Controller=\App\Controllers\AuthController Method=login

[1 occurrence(s)]
DEBUG --> [REQ_ID=4b0156d350a4] [LIFECYCLE][START] GET https://www.mymiwallet.com/index.php/login

[1 occurrence(s)]
DEBUG --> [CSRF] token name=csrf_test_name hash=76b76eacda3aaafeadb6f81e33f8a43a

[1 occurrence(s)]
DEBUG --> [REQ_ID=8d5de66f7d64] [INIT] App\Controllers\AuthController::GET

[1 occurrence(s)]
DEBUG --> [REQ_ID=4b0156d350a4] [FILTER_AFTER]

[1 occurrence(s)]
DEBUG --> [REQ_ID=4b0156d350a4] [LIFECYCLE][END] status=200 duration_ms=115.69 memory_delta=0

[1 occurrence(s)]
DEBUG --> [REQ_ID=4b0156d350a4] [REQUEST][END]

[1 occurrence(s)]
DEBUG --> [REQ_ID=d1417e2c160f] [REQUEST][START] HEAD /

[1 occurrence(s)]
DEBUG --> [REQ_ID=f07bbb112f99] [REQUEST][START] HEAD /

[1 occurrence(s)]
DEBUG --> [REQ_ID=284074d511b0] [REQUEST][START] HEAD /

[1 occurrence(s)]
DEBUG --> [REQ_ID=6108fae9dfdc] [REQUEST][START] HEAD /

[1 occurrence(s)]
DEBUG --> [REQ_ID=fc52cea88be5] [REQUEST][START] HEAD /

[1 occurrence(s)]
DEBUG --> [REQ_ID=a9b29c878b3d] [REQUEST][START] HEAD /

[1 occurrence(s)]
DEBUG --> [REQ_ID=90a3c9bf5ac7] [REQUEST][START] HEAD /

[1 occurrence(s)]
DEBUG --> [REQ_ID=02f3fe98786d] [REQUEST][START] GET /index.php/How-It-Works/earnings

[1 occurrence(s)]
DEBUG --> [REQ_ID=02f3fe98786d] [FILTER_BEFORE] /index.php/How-It-Works/earnings

[1 occurrence(s)]
DEBUG --> [REQ_ID=02f3fe98786d] [ROUTE] Controller=\App\Modules\Blog\Controllers\HowItWorksController Method=show

[1 occurrence(s)]
DEBUG --> [REQ_ID=02f3fe98786d] [LIFECYCLE][START] GET https://www.mymiwallet.com/index.php/How-It-Works/earnings

[1 occurrence(s)]
DEBUG --> [CSRF] token name=csrf_test_name hash=e599122f67853be3b4c988c2547cd081

[1 occurrence(s)]
DEBUG --> [REQ_ID=f802b25eeb0e] [INIT] App\Modules\Blog\Controllers\HowItWorksController::GET

[1 occurrence(s)]
DEBUG --> [REQ_ID=f802b25eeb0e] [METHOD_ENTRY] show

[1 occurrence(s)]
DEBUG --> [REQ_ID=f802b25eeb0e] [VIEW_RENDER] App\Modules\Blog\Views\HowItWorks\index

[1 occurrence(s)]
DEBUG --> [MetaService] slug=how-it-works/earnings pageName= cacheHit= path=DB

[1 occurrence(s)]
DEBUG --> [MetaService] slug=how-it-works/earnings pageName= cacheHit=1 path=CACHE

[1 occurrence(s)]
DEBUG --> [REQ_ID=02f3fe98786d] [FILTER_AFTER]

[1 occurrence(s)]
DEBUG --> [REQ_ID=02f3fe98786d] [LIFECYCLE][END] status=200 duration_ms=625.95 memory_delta=4194304

[1 occurrence(s)]
DEBUG --> [REQ_ID=02f3fe98786d] [REQUEST][END]

[1 occurrence(s)]
DEBUG --> [REQ_ID=1392b849e2f7] [REQUEST][START] GET /

[1 occurrence(s)]
DEBUG --> [REQ_ID=1392b849e2f7] [FILTER_BEFORE] /

[1 occurrence(s)]
DEBUG --> [REQ_ID=1392b849e2f7] [ROUTE] Controller=\App\Controllers\Home Method=index

[1 occurrence(s)]
DEBUG --> [REQ_ID=1392b849e2f7] [LIFECYCLE][START] GET https://www.mymiwallet.com/index.php/

[1 occurrence(s)]
DEBUG --> [CSRF] token name=csrf_test_name hash=144a51d372a9176449c663ff71fb446c

[1 occurrence(s)]
DEBUG --> [REQ_ID=a2ab9c333b87] [INIT] App\Controllers\Home::GET

[1 occurrence(s)]
DEBUG --> [REQ_ID=a2ab9c333b87] [VIEW_RENDER] themes/public/home

[1 occurrence(s)]
DEBUG --> [REQ_ID=1392b849e2f7] [FILTER_AFTER]

[1 occurrence(s)]
DEBUG --> [REQ_ID=1392b849e2f7] [LIFECYCLE][END] status=200 duration_ms=527.81 memory_delta=2097152

[1 occurrence(s)]
DEBUG --> [REQ_ID=1392b849e2f7] [REQUEST][END]

[1 occurrence(s)]
DEBUG --> [REQ_ID=72e46f4178a4] [REQUEST][START] HEAD /

[1 occurrence(s)]
DEBUG --> [REQ_ID=b745701b123b] [REQUEST][START] GET /index.php/API/Management/Run-CRON-Tasks

[1 occurrence(s)]
DEBUG --> [REQ_ID=b745701b123b] [FILTER_BEFORE] /index.php/API/Management/Run-CRON-Tasks

[1 occurrence(s)]
DEBUG --> [REQ_ID=b745701b123b] [ROUTE] Controller=\App\Modules\Management\Controllers\ManagementAPIController Method=Run_CRON_Tasks

[1 occurrence(s)]
DEBUG --> [REQ_ID=b745701b123b] [LIFECYCLE][START] GET https://www.mymiwallet.com/index.php/API/Management/Run-CRON-Tasks

[1 occurrence(s)]
DEBUG --> [REQ_ID=b745701b123b] [REQUEST][END]

[1 occurrence(s)]
DEBUG --> LOG_HEALTHCHECK debug marker=4386b141036a

[1 occurrence(s)]
DEBUG --> [REQ_ID=1284901bedc2] [REQUEST][START] HEAD /

[1 occurrence(s)]
DEBUG --> [REQ_ID=d680ace054b3] [REQUEST][START] HEAD /

[1 occurrence(s)]
DEBUG --> [REQ_ID=1f1545810353] [REQUEST][START] HEAD /

[1 occurrence(s)]
DEBUG --> [REQ_ID=b8bf0e8822c8] [REQUEST][START] GET /index.php/API/Alerts/fetchEmailAlerts

[1 occurrence(s)]
DEBUG --> [REQ_ID=b8bf0e8822c8] [FILTER_BEFORE] /index.php/API/Alerts/fetchEmailAlerts

[1 occurrence(s)]
DEBUG --> [REQ_ID=b8bf0e8822c8] [ROUTE] Controller=\App\Modules\APIs\Controllers\AlertsAPIController Method=fetchEmailAlerts

[1 occurrence(s)]
DEBUG --> [REQ_ID=b8bf0e8822c8] [LIFECYCLE][START] GET https://www.mymiwallet.com/index.php/API/Alerts/fetchEmailAlerts

[1 occurrence(s)]
DEBUG --> [REQ_ID=b8bf0e8822c8] [REQUEST][END]

[1 occurrence(s)]
DEBUG --> [REQ_ID=b48e398bbc5f] [REQUEST][START] HEAD /

[1 occurrence(s)]
DEBUG --> [REQ_ID=64f00e50e0b4] [REQUEST][START] GET /index.php

[1 occurrence(s)]
DEBUG --> [REQ_ID=64f00e50e0b4] [FILTER_BEFORE] /index.php

[1 occurrence(s)]
DEBUG --> [REQ_ID=64f00e50e0b4] [ROUTE] Controller=\App\Controllers\Home Method=index

[1 occurrence(s)]
DEBUG --> [REQ_ID=64f00e50e0b4] [LIFECYCLE][START] GET https://www.mymiwallet.com/index.php/

[1 occurrence(s)]
DEBUG --> [CSRF] token name=csrf_test_name hash=7558402fca3d865f1b4ef8689e94d0fe

[1 occurrence(s)]
DEBUG --> [REQ_ID=a69d8602bda6] [INIT] App\Controllers\Home::GET

[1 occurrence(s)]
DEBUG --> [REQ_ID=a69d8602bda6] [VIEW_RENDER] themes/public/home

[1 occurrence(s)]
DEBUG --> [REQ_ID=64f00e50e0b4] [FILTER_AFTER]

[1 occurrence(s)]
DEBUG --> [REQ_ID=64f00e50e0b4] [LIFECYCLE][END] status=200 duration_ms=741.49 memory_delta=4194304

[1 occurrence(s)]
DEBUG --> [REQ_ID=64f00e50e0b4] [REQUEST][END]

[1 occurrence(s)]
DEBUG --> [REQ_ID=bc75d7be8992] [REQUEST][START] HEAD /

[1 occurrence(s)]
DEBUG --> [REQ_ID=b8d0fb0b1dca] [REQUEST][START] GET /index.php/Projects

[1 occurrence(s)]
DEBUG --> [REQ_ID=b8d0fb0b1dca] [FILTER_BEFORE] /index.php/Projects

[1 occurrence(s)]
DEBUG --> [REQ_ID=b8d0fb0b1dca] [ROUTE] Controller=\App\Modules\User\Controllers\ProjectsController Method=index

[1 occurrence(s)]
DEBUG --> [REQ_ID=b8d0fb0b1dca] [LIFECYCLE][START] GET https://www.mymiwallet.com/index.php/Projects

[1 occurrence(s)]
DEBUG --> [CSRF] token name=csrf_test_name hash=ff42beb39fd6fd52fff6a798620675d6

[1 occurrence(s)]
DEBUG --> [REQ_ID=b8d0fb0b1dca] [REQUEST][END]

[1 occurrence(s)]
DEBUG --> [REQ_ID=0b55c50555d0] [REQUEST][START] GET /index.php/login

[1 occurrence(s)]
DEBUG --> [REQ_ID=0b55c50555d0] [FILTER_BEFORE] /index.php/login

[1 occurrence(s)]
DEBUG --> [REQ_ID=0b55c50555d0] [ROUTE] Controller=\App\Controllers\AuthController Method=login

[1 occurrence(s)]
DEBUG --> [REQ_ID=0b55c50555d0] [LIFECYCLE][START] GET https://www.mymiwallet.com/index.php/login

[1 occurrence(s)]
DEBUG --> [CSRF] token name=csrf_test_name hash=deb81613ae6fbace3dcfc3ac5fef773e

[1 occurrence(s)]
DEBUG --> [REQ_ID=62c97b3b2398] [INIT] App\Controllers\AuthController::GET

[1 occurrence(s)]
DEBUG --> [REQ_ID=0b55c50555d0] [FILTER_AFTER]

[1 occurrence(s)]
DEBUG --> [REQ_ID=0b55c50555d0] [LIFECYCLE][END] status=200 duration_ms=120.30 memory_delta=0

[1 occurrence(s)]
DEBUG --> [REQ_ID=0b55c50555d0] [REQUEST][END]

[1 occurrence(s)]
DEBUG --> [REQ_ID=726e32e870dc] [REQUEST][START] HEAD /

[1 occurrence(s)]
DEBUG --> [REQ_ID=c4a7e23dac31] [REQUEST][START] GET /

[1 occurrence(s)]
DEBUG --> [REQ_ID=c4a7e23dac31] [FILTER_BEFORE] /

[1 occurrence(s)]
DEBUG --> [REQ_ID=c4a7e23dac31] [ROUTE] Controller=\App\Controllers\Home Method=index

[1 occurrence(s)]
DEBUG --> [REQ_ID=c4a7e23dac31] [LIFECYCLE][START] GET https://www.mymiwallet.com/index.php/

[1 occurrence(s)]
DEBUG --> [CSRF] token name=csrf_test_name hash=ebda5eadfcffdaba85bdf16ea7a7a75e

[1 occurrence(s)]
DEBUG --> [REQ_ID=ada3a0d3467f] [INIT] App\Controllers\Home::GET

[1 occurrence(s)]
DEBUG --> [REQ_ID=ada3a0d3467f] [VIEW_RENDER] themes/public/home

[1 occurrence(s)]
DEBUG --> [REQ_ID=c4a7e23dac31] [FILTER_AFTER]

[1 occurrence(s)]
DEBUG --> [REQ_ID=c4a7e23dac31] [LIFECYCLE][END] status=200 duration_ms=670.29 memory_delta=4194304

[1 occurrence(s)]
DEBUG --> [REQ_ID=c4a7e23dac31] [REQUEST][END]

[1 occurrence(s)]
DEBUG --> [REQ_ID=030c1e898ca9] [REQUEST][START] HEAD /

[1 occurrence(s)]
DEBUG --> [REQ_ID=e5e4a4de1f6a] [REQUEST][START] GET /

[1 occurrence(s)]
DEBUG --> [REQ_ID=e5e4a4de1f6a] [FILTER_BEFORE] /

[1 occurrence(s)]
DEBUG --> [REQ_ID=e5e4a4de1f6a] [ROUTE] Controller=\App\Controllers\Home Method=index

[1 occurrence(s)]
DEBUG --> [REQ_ID=e5e4a4de1f6a] [LIFECYCLE][START] GET https://www.mymiwallet.com/index.php/

[1 occurrence(s)]
DEBUG --> [CSRF] token name=csrf_test_name hash=8e899981495953b4bc68e903189998a4

[1 occurrence(s)]
DEBUG --> [REQ_ID=2a36dbbf429c] [INIT] App\Controllers\Home::GET

[1 occurrence(s)]
DEBUG --> [REQ_ID=2a36dbbf429c] [VIEW_RENDER] themes/public/home

[1 occurrence(s)]
DEBUG --> [REQ_ID=e5e4a4de1f6a] [FILTER_AFTER]

[1 occurrence(s)]
DEBUG --> [REQ_ID=e5e4a4de1f6a] [LIFECYCLE][END] status=200 duration_ms=925.42 memory_delta=4194304

[1 occurrence(s)]
DEBUG --> [REQ_ID=e5e4a4de1f6a] [REQUEST][END]

[1 occurrence(s)]
DEBUG --> [REQ_ID=100069bc8b69] [REQUEST][START] HEAD /

[1 occurrence(s)]
DEBUG --> [REQ_ID=10dcf8d3b84a] [REQUEST][START] HEAD /

[1 occurrence(s)]
DEBUG --> [REQ_ID=3b5586094193] [REQUEST][START] GET /index.php/How-It-Works

[1 occurrence(s)]
DEBUG --> [REQ_ID=3b5586094193] [FILTER_BEFORE] /index.php/How-It-Works

[1 occurrence(s)]
DEBUG --> [REQ_ID=3b5586094193] [ROUTE] Controller=\App\Modules\Blog\Controllers\HowItWorksController Method=index

[1 occurrence(s)]
DEBUG --> [REQ_ID=3b5586094193] [LIFECYCLE][START] GET https://www.mymiwallet.com/index.php/How-It-Works

[1 occurrence(s)]
DEBUG --> [CSRF] token name=csrf_test_name hash=17a958693e206d13afe682769072725c

[1 occurrence(s)]
DEBUG --> [REQ_ID=52146e26e6c3] [INIT] App\Modules\Blog\Controllers\HowItWorksController::GET

[1 occurrence(s)]
DEBUG --> [REQ_ID=52146e26e6c3] [METHOD_ENTRY] index

[1 occurrence(s)]
DEBUG --> [REQ_ID=52146e26e6c3] [VIEW_RENDER] App\Modules\Blog\Views\HowItWorks\index

[1 occurrence(s)]
DEBUG --> [MetaService] slug=how-it-works pageName= cacheHit= path=DB

[1 occurrence(s)]
DEBUG --> [MetaService] slug=how-it-works pageName= cacheHit=1 path=CACHE

[1 occurrence(s)]
DEBUG --> [REQ_ID=3b5586094193] [FILTER_AFTER]

[1 occurrence(s)]
DEBUG --> [REQ_ID=3b5586094193] [LIFECYCLE][END] status=200 duration_ms=818.11 memory_delta=4194304

[1 occurrence(s)]
DEBUG --> [REQ_ID=3b5586094193] [REQUEST][END]

[1 occurrence(s)]
DEBUG --> [REQ_ID=853d175180bd] [REQUEST][START] HEAD /

[1 occurrence(s)]
DEBUG --> [REQ_ID=d0a655576a2d] [REQUEST][START] GET /

[1 occurrence(s)]
DEBUG --> [REQ_ID=d0a655576a2d] [FILTER_BEFORE] /

[1 occurrence(s)]
DEBUG --> [REQ_ID=d0a655576a2d] [ROUTE] Controller=\App\Controllers\Home Method=index

[1 occurrence(s)]
DEBUG --> [REQ_ID=d0a655576a2d] [LIFECYCLE][START] GET https://www.mymiwallet.com/index.php/

[1 occurrence(s)]
DEBUG --> [CSRF] token name=csrf_test_name hash=0d1f33fbd11196aacd1184ecc4b8883b

[1 occurrence(s)]
DEBUG --> [REQ_ID=25a9e1e1164b] [INIT] App\Controllers\Home::GET

[1 occurrence(s)]
DEBUG --> [REQ_ID=25a9e1e1164b] [VIEW_RENDER] themes/public/home

[1 occurrence(s)]
DEBUG --> [REQ_ID=d0a655576a2d] [FILTER_AFTER]

[1 occurrence(s)]
DEBUG --> [REQ_ID=d0a655576a2d] [LIFECYCLE][END] status=200 duration_ms=689.29 memory_delta=4194304

[1 occurrence(s)]
DEBUG --> [REQ_ID=d0a655576a2d] [REQUEST][END]

[1 occurrence(s)]
DEBUG --> [REQ_ID=0b728f8e518e] [REQUEST][START] HEAD /

[1 occurrence(s)]
DEBUG --> [REQ_ID=61257b6d7db8] [REQUEST][START] HEAD /

[1 occurrence(s)]
DEBUG --> [REQ_ID=1d1b42c58154] [REQUEST][START] GET /index.php/API/Management/Run-CRON-Tasks

[1 occurrence(s)]
DEBUG --> [REQ_ID=1d1b42c58154] [FILTER_BEFORE] /index.php/API/Management/Run-CRON-Tasks

[1 occurrence(s)]
DEBUG --> [REQ_ID=1d1b42c58154] [ROUTE] Controller=\App\Modules\Management\Controllers\ManagementAPIController Method=Run_CRON_Tasks

[1 occurrence(s)]
DEBUG --> [REQ_ID=1d1b42c58154] [LIFECYCLE][START] GET https://www.mymiwallet.com/index.php/API/Management/Run-CRON-Tasks

[1 occurrence(s)]
DEBUG --> [REQ_ID=1d1b42c58154] [REQUEST][END]

[1 occurrence(s)]
DEBUG --> [REQ_ID=84b96c04c80f] [REQUEST][START] HEAD /

[1 occurrence(s)]
DEBUG --> [REQ_ID=e2a93c0f6bb2] [REQUEST][START] HEAD /

[1 occurrence(s)]
DEBUG --> [REQ_ID=6cf9e1bd2712] [REQUEST][START] HEAD /

[1 occurrence(s)]
DEBUG --> [REQ_ID=c7c35420e5dd] [REQUEST][START] GET /

[1 occurrence(s)]
DEBUG --> [REQ_ID=c7c35420e5dd] [FILTER_BEFORE] /

[1 occurrence(s)]
DEBUG --> [REQ_ID=c7c35420e5dd] [ROUTE] Controller=\App\Controllers\Home Method=index

[1 occurrence(s)]
DEBUG --> [REQ_ID=c7c35420e5dd] [LIFECYCLE][START] GET https://www.mymiwallet.com/index.php/

[7 occurrence(s)]
DEBUG --> [CSRF] token name=csrf_test_name hash=44e93b4593c1fac2c52ffa99b97c640e

[1 occurrence(s)]
DEBUG --> [REQ_ID=ba0d4af7aadd] [INIT] App\Controllers\Home::GET

[1 occurrence(s)]
DEBUG --> [REQ_ID=ba0d4af7aadd] [VIEW_RENDER] themes/public/home

[1 occurrence(s)]
DEBUG --> [REQ_ID=c7c35420e5dd] [FILTER_AFTER]

[1 occurrence(s)]
DEBUG --> [REQ_ID=c7c35420e5dd] [LIFECYCLE][END] status=200 duration_ms=663.44 memory_delta=4194304

[1 occurrence(s)]
DEBUG --> [REQ_ID=c7c35420e5dd] [REQUEST][END]

[1 occurrence(s)]
DEBUG --> [REQ_ID=63e0b83cbf5d] [REQUEST][START] GET /index.php/How-It-Works/Investment-Dashboard

[1 occurrence(s)]
DEBUG --> [REQ_ID=63e0b83cbf5d] [FILTER_BEFORE] /index.php/How-It-Works/Investment-Dashboard

[1 occurrence(s)]
DEBUG --> [REQ_ID=63e0b83cbf5d] [ROUTE] Controller=\App\Modules\Blog\Controllers\HowItWorksController Method=show

[1 occurrence(s)]
DEBUG --> [REQ_ID=63e0b83cbf5d] [LIFECYCLE][START] GET https://www.mymiwallet.com/index.php/How-It-Works/Investment-Dashboard

[1 occurrence(s)]
DEBUG --> [REQ_ID=d0d0e7a7d46d] [INIT] App\Modules\Blog\Controllers\HowItWorksController::GET

[1 occurrence(s)]
DEBUG --> [REQ_ID=d0d0e7a7d46d] [METHOD_ENTRY] show

[1 occurrence(s)]
DEBUG --> [REQ_ID=d0d0e7a7d46d] [VIEW_RENDER] App\Modules\Blog\Views\HowItWorks\Investment_Portfolio_Management

[1 occurrence(s)]
DEBUG --> [REQ_ID=63e0b83cbf5d] [FILTER_AFTER]

[1 occurrence(s)]
DEBUG --> [REQ_ID=63e0b83cbf5d] [LIFECYCLE][END] status=200 duration_ms=1,271.80 memory_delta=8388608

[1 occurrence(s)]
DEBUG --> [REQ_ID=63e0b83cbf5d] [REQUEST][END]

[1 occurrence(s)]
DEBUG --> [REQ_ID=419680db6adb] [REQUEST][START] POST /index.php/register

[1 occurrence(s)]
DEBUG --> [REQ_ID=419680db6adb] [FILTER_BEFORE] /index.php/register

[1 occurrence(s)]
DEBUG --> [REQ_ID=419680db6adb] [ROUTE] Controller=\App\Controllers\AuthController Method=attemptRegister

[1 occurrence(s)]
DEBUG --> [REQ_ID=419680db6adb] [LIFECYCLE][START] POST https://www.mymiwallet.com/index.php/register

[1 occurrence(s)]
DEBUG --> [REQ_ID=ddd8b287ab52] [INIT] App\Controllers\AuthController::POST

[1 occurrence(s)]
DEBUG --> [REQ_ID=419680db6adb] [FILTER_AFTER]

[1 occurrence(s)]
DEBUG --> [REQ_ID=419680db6adb] [LIFECYCLE][END] status=302 duration_ms=85.19 memory_delta=0

[1 occurrence(s)]
DEBUG --> [REQ_ID=419680db6adb] [REQUEST][END]

[1 occurrence(s)]
DEBUG --> [REQ_ID=04e80e3e22e7] [REQUEST][START] GET /index.php/How-It-Works/Investment-Dashboard

[1 occurrence(s)]
DEBUG --> [REQ_ID=04e80e3e22e7] [FILTER_BEFORE] /index.php/How-It-Works/Investment-Dashboard

[1 occurrence(s)]
DEBUG --> [REQ_ID=04e80e3e22e7] [ROUTE] Controller=\App\Modules\Blog\Controllers\HowItWorksController Method=show

[1 occurrence(s)]
DEBUG --> [REQ_ID=04e80e3e22e7] [LIFECYCLE][START] GET https://www.mymiwallet.com/index.php/How-It-Works/Investment-Dashboard

[1 occurrence(s)]
DEBUG --> [REQ_ID=683faeb16fba] [INIT] App\Modules\Blog\Controllers\HowItWorksController::GET

[1 occurrence(s)]
DEBUG --> [REQ_ID=683faeb16fba] [METHOD_ENTRY] show

[1 occurrence(s)]
DEBUG --> [REQ_ID=683faeb16fba] [VIEW_RENDER] App\Modules\Blog\Views\HowItWorks\Investment_Portfolio_Management

[1 occurrence(s)]
DEBUG --> [REQ_ID=04e80e3e22e7] [FILTER_AFTER]

[1 occurrence(s)]
DEBUG --> [REQ_ID=04e80e3e22e7] [LIFECYCLE][END] status=200 duration_ms=1,162.73 memory_delta=6291456

[1 occurrence(s)]
DEBUG --> [REQ_ID=04e80e3e22e7] [REQUEST][END]

[1 occurrence(s)]
DEBUG --> [REQ_ID=9ab553c57488] [REQUEST][START] GET /index.php/login

[1 occurrence(s)]
DEBUG --> [REQ_ID=9ab553c57488] [FILTER_BEFORE] /index.php/login

[1 occurrence(s)]
DEBUG --> [REQ_ID=9ab553c57488] [ROUTE] Controller=\App\Controllers\AuthController Method=login

[1 occurrence(s)]
DEBUG --> [REQ_ID=9ab553c57488] [LIFECYCLE][START] GET https://www.mymiwallet.com/index.php/login

[1 occurrence(s)]
DEBUG --> [REQ_ID=025bba5d8c62] [INIT] App\Controllers\AuthController::GET

[1 occurrence(s)]
DEBUG --> [REQ_ID=9ab553c57488] [FILTER_AFTER]

[1 occurrence(s)]
DEBUG --> [REQ_ID=9ab553c57488] [LIFECYCLE][END] status=200 duration_ms=18.46 memory_delta=0

[1 occurrence(s)]
DEBUG --> [REQ_ID=9ab553c57488] [REQUEST][END]

[1 occurrence(s)]
DEBUG --> [REQ_ID=be1b57bfa4aa] [REQUEST][START] POST /index.php/login

[1 occurrence(s)]
DEBUG --> [REQ_ID=be1b57bfa4aa] [FILTER_BEFORE] /index.php/login

[1 occurrence(s)]
DEBUG --> [REQ_ID=be1b57bfa4aa] [ROUTE] Controller=\App\Controllers\AuthController Method=attemptLogin

[1 occurrence(s)]
DEBUG --> [REQ_ID=be1b57bfa4aa] [LIFECYCLE][START] POST https://www.mymiwallet.com/index.php/login

[1 occurrence(s)]
DEBUG --> [REQ_ID=993e11a009c2] [INIT] App\Controllers\AuthController::POST

[1 occurrence(s)]
DEBUG --> Auth attemptLogin() called with login identifier: schreiner-roeber.de, remember: false

[1 occurrence(s)]
DEBUG --> Auth attemptLogin() called. redirect_url in session: https://www.mymiwallet.com/index.php/How-It-Works/Investment-Dashboard

[1 occurrence(s)]
DEBUG --> Auth credentials normalised for attempt using key "username"

[1 occurrence(s)]
DEBUG --> Auth attempt failed for identifier schreiner-roeber.de. Error: Unable to log you in. Please check your credentials.

[1 occurrence(s)]
DEBUG --> [REQ_ID=be1b57bfa4aa] [FILTER_AFTER]

[1 occurrence(s)]
DEBUG --> [REQ_ID=be1b57bfa4aa] [LIFECYCLE][END] status=302 duration_ms=47.14 memory_delta=0

[1 occurrence(s)]
DEBUG --> [REQ_ID=be1b57bfa4aa] [REQUEST][END]

[1 occurrence(s)]
DEBUG --> [REQ_ID=f0d4d7c0a717] [REQUEST][START] GET /index.php/login

[1 occurrence(s)]
DEBUG --> [REQ_ID=f0d4d7c0a717] [FILTER_BEFORE] /index.php/login

[1 occurrence(s)]
DEBUG --> [REQ_ID=f0d4d7c0a717] [ROUTE] Controller=\App\Controllers\AuthController Method=login

[1 occurrence(s)]
DEBUG --> [REQ_ID=f0d4d7c0a717] [LIFECYCLE][START] GET https://www.mymiwallet.com/index.php/login

[1 occurrence(s)]
DEBUG --> [REQ_ID=495603c474b6] [INIT] App\Controllers\AuthController::GET

[1 occurrence(s)]
DEBUG --> [REQ_ID=f0d4d7c0a717] [FILTER_AFTER]

[1 occurrence(s)]
DEBUG --> [REQ_ID=f0d4d7c0a717] [LIFECYCLE][END] status=200 duration_ms=16.29 memory_delta=0

[1 occurrence(s)]
DEBUG --> [REQ_ID=f0d4d7c0a717] [REQUEST][END]

[1 occurrence(s)]
DEBUG --> [REQ_ID=8f027dde65c4] [REQUEST][START] GET /index.php/API/Alerts/fetchEmailAlerts

[1 occurrence(s)]
DEBUG --> [REQ_ID=8f027dde65c4] [FILTER_BEFORE] /index.php/API/Alerts/fetchEmailAlerts

[1 occurrence(s)]
DEBUG --> [REQ_ID=8f027dde65c4] [ROUTE] Controller=\App\Modules\APIs\Controllers\AlertsAPIController Method=fetchEmailAlerts

[1 occurrence(s)]
DEBUG --> [REQ_ID=8f027dde65c4] [LIFECYCLE][START] GET https://www.mymiwallet.com/index.php/API/Alerts/fetchEmailAlerts

[1 occurrence(s)]
DEBUG --> [REQ_ID=8f027dde65c4] [REQUEST][END]

[1 occurrence(s)]
DEBUG --> [REQ_ID=0a5cfce1b0e7] [REQUEST][START] GET /

[1 occurrence(s)]
DEBUG --> [REQ_ID=0a5cfce1b0e7] [FILTER_BEFORE] /

[1 occurrence(s)]
DEBUG --> [REQ_ID=0a5cfce1b0e7] [ROUTE] Controller=\App\Controllers\Home Method=index

[1 occurrence(s)]
DEBUG --> [REQ_ID=0a5cfce1b0e7] [LIFECYCLE][START] GET https://www.mymiwallet.com/index.php/

[1 occurrence(s)]
DEBUG --> [CSRF] token name=csrf_test_name hash=0d309f095b17a0e17c3c9d42dfed0c18

[1 occurrence(s)]
DEBUG --> [REQ_ID=22ba22912c3e] [INIT] App\Controllers\Home::GET

[1 occurrence(s)]
DEBUG --> [REQ_ID=22ba22912c3e] [VIEW_RENDER] themes/public/home

[1 occurrence(s)]
DEBUG --> [REQ_ID=0a5cfce1b0e7] [FILTER_AFTER]

[1 occurrence(s)]
DEBUG --> [REQ_ID=0a5cfce1b0e7] [LIFECYCLE][END] status=200 duration_ms=820.39 memory_delta=4194304

[1 occurrence(s)]
DEBUG --> [REQ_ID=0a5cfce1b0e7] [REQUEST][END]

[1 occurrence(s)]
DEBUG --> [REQ_ID=0ae192479fd3] [REQUEST][START] HEAD /

[1 occurrence(s)]
DEBUG --> [REQ_ID=9b2bfb4af363] [REQUEST][START] HEAD /

[1 occurrence(s)]
DEBUG --> [REQ_ID=0995c0993edf] [REQUEST][START] HEAD /

[1 occurrence(s)]
DEBUG --> [REQ_ID=36954fcb21aa] [REQUEST][START] HEAD /

[1 occurrence(s)]
DEBUG --> [REQ_ID=035f4971b48b] [REQUEST][START] HEAD /

[1 occurrence(s)]
DEBUG --> [REQ_ID=168675e9fb1b] [REQUEST][START] GET /

[1 occurrence(s)]
DEBUG --> [REQ_ID=168675e9fb1b] [FILTER_BEFORE] /

[1 occurrence(s)]
DEBUG --> [REQ_ID=168675e9fb1b] [ROUTE] Controller=\App\Controllers\Home Method=index

[1 occurrence(s)]
DEBUG --> [REQ_ID=168675e9fb1b] [LIFECYCLE][START] GET https://www.mymiwallet.com/index.php/

[1 occurrence(s)]
DEBUG --> [CSRF] token name=csrf_test_name hash=842595b7dea4c692c7ea0c0db4cb937e

[1 occurrence(s)]
DEBUG --> [REQ_ID=3b124b11ee19] [INIT] App\Controllers\Home::GET

[1 occurrence(s)]
DEBUG --> [REQ_ID=3b124b11ee19] [VIEW_RENDER] themes/public/home

[1 occurrence(s)]
DEBUG --> [REQ_ID=168675e9fb1b] [FILTER_AFTER]

[1 occurrence(s)]
DEBUG --> [REQ_ID=168675e9fb1b] [LIFECYCLE][END] status=200 duration_ms=597.75 memory_delta=4194304

[1 occurrence(s)]
DEBUG --> [REQ_ID=168675e9fb1b] [REQUEST][END]

[1 occurrence(s)]
DEBUG --> [REQ_ID=e22bb6cf6261] [REQUEST][START] HEAD /

[1 occurrence(s)]
DEBUG --> [REQ_ID=145a3b153573] [REQUEST][START] HEAD /

[1 occurrence(s)]
DEBUG --> [REQ_ID=5915dd5b9d87] [REQUEST][START] HEAD /

[1 occurrence(s)]
DEBUG --> [REQ_ID=9fa352736de7] [REQUEST][START] HEAD /

[1 occurrence(s)]
DEBUG --> [REQ_ID=85b13394c763] [REQUEST][START] GET /index.php/API/Management/Run-CRON-Tasks

[1 occurrence(s)]
DEBUG --> [REQ_ID=85b13394c763] [FILTER_BEFORE] /index.php/API/Management/Run-CRON-Tasks

[1 occurrence(s)]
DEBUG --> [REQ_ID=85b13394c763] [ROUTE] Controller=\App\Modules\Management\Controllers\ManagementAPIController Method=Run_CRON_Tasks

[1 occurrence(s)]
DEBUG --> [REQ_ID=85b13394c763] [LIFECYCLE][START] GET https://www.mymiwallet.com/index.php/API/Management/Run-CRON-Tasks

[1 occurrence(s)]
DEBUG --> [REQ_ID=85b13394c763] [REQUEST][END]


---------------------------
LEVEL: INFO
---------------------------

[7 occurrence(s)]
INFO --> [SPARK_START] App\Commands\AIOps\Run

[49 occurrence(s)]
INFO --> [spark:ops:work] Started

[71 occurrence(s)]
INFO --> [SPARK_MEMORY] 16777216

[7 occurrence(s)]
INFO --> [spark:aiops:run] Intent

[49 occurrence(s)]
INFO --> [SPARK_START] App\Commands\Ops\Work

[49 occurrence(s)]
INFO --> [spark:ops:work] Intent

[49 occurrence(s)]
INFO --> [spark:ops:work] Completed

[1 occurrence(s)]
INFO --> [SPARK_COMPLETE] App\Commands\Ops\Work duration=0.063824

[65 occurrence(s)]
INFO --> [SPARK_MEMORY] 18874368

[1 occurrence(s)]
INFO --> [REQ_ID=fd6367b2c05c] [PERF] Execution time=0.096797

[7 occurrence(s)]
INFO --> [AIOPS][SPARK][GOVERNANCE][spark:logs:summarize] Started

[7 occurrence(s)]
INFO --> [SPARK_START] App\Commands\Logs\Summarize

[7 occurrence(s)]
INFO --> [spark:logs:summarize] Intent

[6 occurrence(s)]
INFO --> [AIOPS][SPARK][GOVERNANCE][spark:logs:summarize] Completed

[1 occurrence(s)]
INFO --> [SPARK_COMPLETE] App\Commands\Logs\Summarize duration=0.001662

[6 occurrence(s)]
INFO --> [spark:app:healthcheck] Started

[6 occurrence(s)]
INFO --> [SPARK_START] App\Commands\App\Healthcheck

[6 occurrence(s)]
INFO --> [spark:app:healthcheck] Intent

[1 occurrence(s)]
INFO --> LOG_HEALTHCHECK info marker=8e19ba5aab6b

[6 occurrence(s)]
INFO --> [spark:app:healthcheck] Completed

[1 occurrence(s)]
INFO --> [SPARK_COMPLETE] App\Commands\App\Healthcheck duration=0.022510

[1 occurrence(s)]
INFO --> [SPARK_COMPLETE] App\Commands\AIOps\Run duration=3.450319

[1 occurrence(s)]
INFO --> [SPARK_COMPLETE] App\Commands\Ops\Work duration=0.132990

[1 occurrence(s)]
INFO --> [REQ_ID=87d510161049] [PERF] Execution time=0.045037

[1 occurrence(s)]
INFO --> [SPARK_COMPLETE] App\Commands\Ops\Work duration=0.158548

[1 occurrence(s)]
INFO --> [SPARK_COMPLETE] App\Commands\Ops\Work duration=0.143917

[1 occurrence(s)]
INFO --> [REQ_ID=bfe9f5c7f5e4] [PERF] Execution time=0.050156

[1 occurrence(s)]
INFO --> [SPARK_COMPLETE] App\Commands\Ops\Work duration=0.126804

[1 occurrence(s)]
INFO --> [REQ_ID=5439a07507de] [PERF] Execution time=0.056042

[1 occurrence(s)]
INFO --> [REQ_ID=9d89be6912b9] [MEMORY][controller-start] 4194304

[1 occurrence(s)]
INFO --> [REQ_ID=9d89be6912b9] [PERF] Execution time=0.137940

[1 occurrence(s)]
INFO --> [REQ_ID=a9603bc9e132] [PERF] Execution time=0.150794

[1 occurrence(s)]
INFO --> [SPARK_COMPLETE] App\Commands\Ops\Work duration=0.020472

[1 occurrence(s)]
INFO --> [REQ_ID=50eabefa4053] [PERF] Execution time=0.059036

[1 occurrence(s)]
INFO --> [SPARK_COMPLETE] App\Commands\Ops\Work duration=0.406999

[1 occurrence(s)]
INFO --> [SPARK_COMPLETE] App\Commands\Ops\Work duration=0.024390

[1 occurrence(s)]
INFO --> [SPARK_COMPLETE] App\Commands\Ops\Work duration=0.067461

[1 occurrence(s)]
INFO --> [REQ_ID=a90e48dbea1a] [PERF] Execution time=0.050270

[1 occurrence(s)]
INFO --> [SPARK_COMPLETE] App\Commands\Logs\Summarize duration=0.003169

[1 occurrence(s)]
INFO --> LOG_HEALTHCHECK info marker=009fdb56ed86

[1 occurrence(s)]
INFO --> [SPARK_COMPLETE] App\Commands\App\Healthcheck duration=0.025120

[1 occurrence(s)]
INFO --> [SPARK_COMPLETE] App\Commands\AIOps\Run duration=3.359172

[1 occurrence(s)]
INFO --> [REQ_ID=a51c6d2957e4] [MEMORY][controller-start] 4194304

[1 occurrence(s)]
INFO --> [REQ_ID=a51c6d2957e4] [MEMORY][commonData:start] 4194304

[1 occurrence(s)]
INFO --> [REQ_ID=a51c6d2957e4] [MEMORY][commonData:start] 8388608

[9 occurrence(s)]
INFO --> themesMemory usage: 8388608

[1 occurrence(s)]
INFO --> [REQ_ID=a51c6d2957e4] [PERF] Execution time=0.657026

[1 occurrence(s)]
INFO --> [REQ_ID=fa6f9412e26b] [PERF] Execution time=0.673878

[1 occurrence(s)]
INFO --> [REQ_ID=75ca21ee31ef] [PERF] Execution time=0.043741

[1 occurrence(s)]
INFO --> [SPARK_COMPLETE] App\Commands\Ops\Work duration=0.232018

[1 occurrence(s)]
INFO --> [REQ_ID=703f1e32d5a4] [PERF] Execution time=0.028422

[1 occurrence(s)]
INFO --> [REQ_ID=044fa6551fb1] [MEMORY][controller-start] 4194304

[1 occurrence(s)]
INFO --> [REQ_ID=044fa6551fb1] [PERF] Execution time=0.053234

[1 occurrence(s)]
INFO --> [REQ_ID=18521278b4e7] [PERF] Execution time=0.066815

[1 occurrence(s)]
INFO --> [SPARK_COMPLETE] App\Commands\Ops\Work duration=0.097967

[1 occurrence(s)]
INFO --> [REQ_ID=ffae6c1df0d1] [MEMORY][controller-start] 6291456

[1 occurrence(s)]
INFO --> [REQ_ID=ffae6c1df0d1] [MEMORY][commonData:start] 6291456

[1 occurrence(s)]
INFO --> [REQ_ID=ffae6c1df0d1] [MEMORY][commonData:start] 10485760

[15 occurrence(s)]
INFO --> themesMemory usage: 10485760

[1 occurrence(s)]
INFO --> [REQ_ID=ffae6c1df0d1] [PERF] Execution time=0.722755

[1 occurrence(s)]
INFO --> [REQ_ID=209ac9ac9a7a] [PERF] Execution time=0.769868

[1 occurrence(s)]
INFO --> [SPARK_COMPLETE] App\Commands\Ops\Work duration=0.051357

[1 occurrence(s)]
INFO --> [REQ_ID=9f46a3d32a09] [PERF] Execution time=0.055931

[1 occurrence(s)]
INFO --> [SPARK_COMPLETE] App\Commands\Ops\Work duration=0.109350

[1 occurrence(s)]
INFO --> [REQ_ID=16196f37f60c] [MEMORY][controller-start] 6291456

[1 occurrence(s)]
INFO --> [REQ_ID=c57082f26fdc] [MEMORY][controller-start] 6291456

[1 occurrence(s)]
INFO --> [REQ_ID=c57082f26fdc] [MEMORY][commonData:start] 6291456

[1 occurrence(s)]
INFO --> [REQ_ID=16196f37f60c] [MEMORY][commonData:start] 6291456

[1 occurrence(s)]
INFO --> [REQ_ID=c57082f26fdc] [MEMORY][commonData:start] 10485760

[1 occurrence(s)]
INFO --> [REQ_ID=16196f37f60c] [MEMORY][commonData:start] 10485760

[1 occurrence(s)]
INFO --> [REQ_ID=c57082f26fdc] [PERF] Execution time=0.655586

[1 occurrence(s)]
INFO --> [REQ_ID=16196f37f60c] [PERF] Execution time=0.657201

[1 occurrence(s)]
INFO --> [REQ_ID=39d3ad214eb7] [PERF] Execution time=0.715597

[1 occurrence(s)]
INFO --> [REQ_ID=378e0e62da1d] [PERF] Execution time=0.715258

[1 occurrence(s)]
INFO --> [SPARK_COMPLETE] App\Commands\Ops\Work duration=0.175287

[1 occurrence(s)]
INFO --> [REQ_ID=7ea1260c2f36] [PERF] Execution time=0.066409

[1 occurrence(s)]
INFO --> [REQ_ID=842de83c72d5] [MEMORY][controller-start] 4194304

[1 occurrence(s)]
INFO --> [REQ_ID=842de83c72d5] [MEMORY][commonData:start] 6291456

[1 occurrence(s)]
INFO --> [REQ_ID=842de83c72d5] [MEMORY][commonData:start] 8388608

[1 occurrence(s)]
INFO --> [REQ_ID=842de83c72d5] [PERF] Execution time=0.627363

[1 occurrence(s)]
INFO --> [REQ_ID=03079f1c325c] [PERF] Execution time=0.642355

[1 occurrence(s)]
INFO --> [REQ_ID=6bed4b30236f] [MEMORY][controller-start] 4194304

[2 occurrence(s)]
INFO --> [REQ_ID=6bed4b30236f] [MEMORY][commonData:start] 6291456

[2 occurrence(s)]
INFO --> themesMemory usage: 6291456

[1 occurrence(s)]
INFO --> [REQ_ID=6bed4b30236f] [PERF] Execution time=0.166312

[1 occurrence(s)]
INFO --> [REQ_ID=8ac9945ea069] [PERF] Execution time=0.188781

[1 occurrence(s)]
INFO --> [REQ_ID=dacd8681f9d5] [MEMORY][controller-start] 6291456

[1 occurrence(s)]
INFO --> [REQ_ID=dacd8681f9d5] [PERF] Execution time=0.022820

[1 occurrence(s)]
INFO --> [REQ_ID=fb7074207e29] [PERF] Execution time=0.035094

[1 occurrence(s)]
INFO --> [REQ_ID=4abe6ccf810c] [MEMORY][controller-start] 4194304

[2 occurrence(s)]
INFO --> [REQ_ID=4abe6ccf810c] [MEMORY][commonData:start] 4194304

[1 occurrence(s)]
INFO --> themesMemory usage: 4194304

[1 occurrence(s)]
INFO --> [REQ_ID=4abe6ccf810c] [PERF] Execution time=0.030419

[1 occurrence(s)]
INFO --> [REQ_ID=25ff180a72a8] [PERF] Execution time=0.039205

[1 occurrence(s)]
INFO --> [REQ_ID=6102e5381d47] [MEMORY][controller-start] 4194304

[1 occurrence(s)]
INFO --> [REQ_ID=6102e5381d47] [PERF] Execution time=0.018353

[1 occurrence(s)]
INFO --> [REQ_ID=621b88425c2f] [PERF] Execution time=0.027216

[1 occurrence(s)]
INFO --> [SPARK_COMPLETE] App\Commands\Ops\Work duration=0.093891

[1 occurrence(s)]
INFO --> [SPARK_COMPLETE] App\Commands\Ops\Work duration=0.096274

[1 occurrence(s)]
INFO --> [REQ_ID=e47c601b8931] [MEMORY][controller-start] 6291456

[1 occurrence(s)]
INFO --> [REQ_ID=e47c601b8931] [MEMORY][commonData:start] 6291456

[1 occurrence(s)]
INFO --> [REQ_ID=e47c601b8931] [MEMORY][commonData:start] 10485760

[1 occurrence(s)]
INFO --> [REQ_ID=e47c601b8931] [PERF] Execution time=0.843726

[1 occurrence(s)]
INFO --> [REQ_ID=69c14415144f] [PERF] Execution time=0.884676

[1 occurrence(s)]
INFO --> [REQ_ID=ea51510b81ca] [PERF] Execution time=0.057723

[1 occurrence(s)]
INFO --> [REQ_ID=9752abcce5cc] [MEMORY][controller-start] 4194304

[1 occurrence(s)]
INFO --> [REQ_ID=9752abcce5cc] [PERF] Execution time=0.125383

[1 occurrence(s)]
INFO --> [REQ_ID=c9399ee16256] [PERF] Execution time=0.138262

[1 occurrence(s)]
INFO --> [SPARK_COMPLETE] App\Commands\Ops\Work duration=0.063868

[1 occurrence(s)]
INFO --> [REQ_ID=d4fa88918ab4] [PERF] Execution time=0.083708

[1 occurrence(s)]
INFO --> [SPARK_COMPLETE] App\Commands\Logs\Summarize duration=0.005440

[1 occurrence(s)]
INFO --> LOG_HEALTHCHECK info marker=9d8d7ad3cf7d

[1 occurrence(s)]
INFO --> [SPARK_COMPLETE] App\Commands\App\Healthcheck duration=0.026015

[1 occurrence(s)]
INFO --> [SPARK_COMPLETE] App\Commands\AIOps\Run duration=3.369059

[1 occurrence(s)]
INFO --> [REQ_ID=122ec411850a] [PERF] Execution time=0.032696

[1 occurrence(s)]
INFO --> [REQ_ID=85b269021a40] [MEMORY][controller-start] 4194304

[1 occurrence(s)]
INFO --> [REQ_ID=85b269021a40] [PERF] Execution time=0.492012

[1 occurrence(s)]
INFO --> [REQ_ID=4feea9a00e37] [PERF] Execution time=0.504720

[1 occurrence(s)]
INFO --> [REQ_ID=4b7528451848] [PERF] Execution time=0.012057

[1 occurrence(s)]
INFO --> [REQ_ID=7f16ca0e645d] [MEMORY][controller-start] 4194304

[1 occurrence(s)]
INFO --> [REQ_ID=7f16ca0e645d] [PERF] Execution time=0.208077

[1 occurrence(s)]
INFO --> [REQ_ID=53ecca5294f7] [PERF] Execution time=0.218646

[1 occurrence(s)]
INFO --> [REQ_ID=cefcba55db32] [MEMORY][controller-start] 6291456

[1 occurrence(s)]
INFO --> [REQ_ID=cefcba55db32] [PERF] Execution time=0.059262

[1 occurrence(s)]
INFO --> [REQ_ID=48b1aaf7666f] [PERF] Execution time=0.101627

[1 occurrence(s)]
INFO --> [REQ_ID=c773a3ad540c] [PERF] Execution time=0.063329

[1 occurrence(s)]
INFO --> [SPARK_COMPLETE] App\Commands\Ops\Work duration=0.339258

[1 occurrence(s)]
INFO --> [REQ_ID=2c75fc28e91f] [MEMORY][controller-start] 6291456

[1 occurrence(s)]
INFO --> [REQ_ID=2c75fc28e91f] [MEMORY][commonData:start] 6291456

[1 occurrence(s)]
INFO --> [REQ_ID=2c75fc28e91f] [MEMORY][commonData:start] 10485760

[1 occurrence(s)]
INFO --> [REQ_ID=2c75fc28e91f] [PERF] Execution time=0.641929

[1 occurrence(s)]
INFO --> [REQ_ID=26afe50845d8] [PERF] Execution time=0.682590

[1 occurrence(s)]
INFO --> [SPARK_COMPLETE] App\Commands\Ops\Work duration=0.096488

[1 occurrence(s)]
INFO --> [SPARK_COMPLETE] App\Commands\Ops\Work duration=0.047565

[1 occurrence(s)]
INFO --> [SPARK_COMPLETE] App\Commands\Ops\Work duration=0.064638

[1 occurrence(s)]
INFO --> [REQ_ID=2a4b5cea69c3] [PERF] Execution time=0.055980

[1 occurrence(s)]
INFO --> [REQ_ID=5208fdaa83e3] [PERF] Execution time=0.058297

[1 occurrence(s)]
INFO --> [SPARK_COMPLETE] App\Commands\Ops\Work duration=0.224994

[1 occurrence(s)]
INFO --> [REQ_ID=79599640165c] [MEMORY][controller-start] 6291456

[1 occurrence(s)]
INFO --> [REQ_ID=79599640165c] [PERF] Execution time=0.158989

[1 occurrence(s)]
INFO --> [REQ_ID=7dade0aec9ae] [PERF] Execution time=0.204450

[1 occurrence(s)]
INFO --> [SPARK_COMPLETE] App\Commands\Ops\Work duration=0.043976

[1 occurrence(s)]
INFO --> [SPARK_COMPLETE] App\Commands\Ops\Work duration=0.187742

[1 occurrence(s)]
INFO --> [REQ_ID=ac8f7a4747af] [MEMORY][controller-start] 6291456

[1 occurrence(s)]
INFO --> [REQ_ID=ac8f7a4747af] [MEMORY][commonData:start] 6291456

[1 occurrence(s)]
INFO --> [REQ_ID=ac8f7a4747af] [MEMORY][commonData:start] 10485760

[1 occurrence(s)]
INFO --> [REQ_ID=ac8f7a4747af] [PERF] Execution time=0.589166

[1 occurrence(s)]
INFO --> [REQ_ID=fb891ca4f9be] [PERF] Execution time=0.629142

[1 occurrence(s)]
INFO --> [REQ_ID=edd4353b0f80] [PERF] Execution time=0.091404

[1 occurrence(s)]
INFO --> [SPARK_COMPLETE] App\Commands\Ops\Work duration=0.250697

[1 occurrence(s)]
INFO --> [SPARK_COMPLETE] App\Commands\Logs\Summarize duration=0.006746

[1 occurrence(s)]
INFO --> LOG_HEALTHCHECK info marker=832685fa0486

[1 occurrence(s)]
INFO --> [SPARK_COMPLETE] App\Commands\App\Healthcheck duration=0.029202

[1 occurrence(s)]
INFO --> [SPARK_COMPLETE] App\Commands\AIOps\Run duration=3.366449

[1 occurrence(s)]
INFO --> [REQ_ID=c9070bfaa97a] [PERF] Execution time=0.031813

[1 occurrence(s)]
INFO --> [REQ_ID=d618991eb5bd] [MEMORY][controller-start] 4194304

[1 occurrence(s)]
INFO --> [REQ_ID=d618991eb5bd] [PERF] Execution time=0.155274

[1 occurrence(s)]
INFO --> [REQ_ID=478e3521af3f] [PERF] Execution time=0.168855

[1 occurrence(s)]
INFO --> [REQ_ID=679fd3c37a97] [MEMORY][controller-start] 6291456

[1 occurrence(s)]
INFO --> [REQ_ID=679fd3c37a97] [MEMORY][commonData:start] 6291456

[1 occurrence(s)]
INFO --> [REQ_ID=679fd3c37a97] [MEMORY][commonData:start] 10485760

[1 occurrence(s)]
INFO --> [REQ_ID=679fd3c37a97] [PERF] Execution time=0.674558

[1 occurrence(s)]
INFO --> [REQ_ID=fab6fe6e5a08] [PERF] Execution time=0.715907

[1 occurrence(s)]
INFO --> [SPARK_COMPLETE] App\Commands\Ops\Work duration=0.106412

[1 occurrence(s)]
INFO --> [REQ_ID=b9fe71e7b2dd] [PERF] Execution time=0.053526

[1 occurrence(s)]
INFO --> [REQ_ID=68103c153d3a] [PERF] Execution time=0.046361

[1 occurrence(s)]
INFO --> [REQ_ID=f91ab62e22b8] [MEMORY][controller-start] 4194304

[1 occurrence(s)]
INFO --> [REQ_ID=f91ab62e22b8] [PERF] Execution time=0.035201

[1 occurrence(s)]
INFO --> [REQ_ID=1404ef97e9af] [PERF] Execution time=0.050887

[1 occurrence(s)]
INFO --> [SPARK_COMPLETE] App\Commands\Ops\Work duration=0.042583

[1 occurrence(s)]
INFO --> [REQ_ID=31e3dfd700a0] [MEMORY][controller-start] 6291456

[1 occurrence(s)]
INFO --> [REQ_ID=31e3dfd700a0] [MEMORY][commonData:start] 6291456

[1 occurrence(s)]
INFO --> [REQ_ID=31e3dfd700a0] [MEMORY][commonData:start] 10485760

[1 occurrence(s)]
INFO --> [REQ_ID=31e3dfd700a0] [PERF] Execution time=0.568588

[1 occurrence(s)]
INFO --> [REQ_ID=48db1ad0b988] [PERF] Execution time=0.610131

[1 occurrence(s)]
INFO --> [SPARK_COMPLETE] App\Commands\Ops\Work duration=0.217558

[1 occurrence(s)]
INFO --> [REQ_ID=26e80a041958] [MEMORY][controller-start] 6291456

[1 occurrence(s)]
INFO --> [REQ_ID=26e80a041958] [MEMORY][commonData:start] 6291456

[1 occurrence(s)]
INFO --> [REQ_ID=26e80a041958] [MEMORY][commonData:start] 10485760

[1 occurrence(s)]
INFO --> [REQ_ID=26e80a041958] [PERF] Execution time=0.644274

[1 occurrence(s)]
INFO --> [REQ_ID=b20cbb8fe8cd] [PERF] Execution time=0.684422

[1 occurrence(s)]
INFO --> [SPARK_COMPLETE] App\Commands\Ops\Work duration=0.099758

[1 occurrence(s)]
INFO --> [REQ_ID=f2154788abfc] [PERF] Execution time=0.060952

[1 occurrence(s)]
INFO --> [SPARK_COMPLETE] App\Commands\Ops\Work duration=0.100239

[1 occurrence(s)]
INFO --> [REQ_ID=6955b68bb5a1] [PERF] Execution time=0.052188

[1 occurrence(s)]
INFO --> [REQ_ID=443d589e9686] [PERF] Execution time=0.055482

[1 occurrence(s)]
INFO --> [REQ_ID=3d33a277bd93] [MEMORY][controller-start] 4194304

[1 occurrence(s)]
INFO --> [REQ_ID=3d33a277bd93] [PERF] Execution time=0.377121

[1 occurrence(s)]
INFO --> [REQ_ID=a610e6a542b7] [PERF] Execution time=0.389549

[1 occurrence(s)]
INFO --> [SPARK_COMPLETE] App\Commands\Ops\Work duration=0.123728

[1 occurrence(s)]
INFO --> [REQ_ID=9c3e8cb0c7de] [MEMORY][controller-start] 6291456

[2 occurrence(s)]
INFO --> [REQ_ID=9c3e8cb0c7de] [MEMORY][commonData:start] 6291456

[1 occurrence(s)]
INFO --> [REQ_ID=9c3e8cb0c7de] [PERF] Execution time=0.243848

[1 occurrence(s)]
INFO --> [REQ_ID=924ced5f09b8] [PERF] Execution time=0.287661

[1 occurrence(s)]
INFO --> [SPARK_COMPLETE] App\Commands\Ops\Work duration=0.262532

[1 occurrence(s)]
INFO --> [SPARK_COMPLETE] App\Commands\Ops\Work duration=0.172542

[1 occurrence(s)]
INFO --> [REQ_ID=799393078c66] [PERF] Execution time=0.111758

[1 occurrence(s)]
INFO --> [SPARK_COMPLETE] App\Commands\Logs\Summarize duration=0.008379

[1 occurrence(s)]
INFO --> LOG_HEALTHCHECK info marker=0464e8fd875c

[1 occurrence(s)]
INFO --> [SPARK_COMPLETE] App\Commands\App\Healthcheck duration=0.030682

[1 occurrence(s)]
INFO --> [SPARK_COMPLETE] App\Commands\AIOps\Run duration=3.482100

[1 occurrence(s)]
INFO --> [REQ_ID=018eee797934] [MEMORY][controller-start] 6291456

[1 occurrence(s)]
INFO --> [REQ_ID=018eee797934] [MEMORY][commonData:start] 6291456

[1 occurrence(s)]
INFO --> [REQ_ID=018eee797934] [MEMORY][commonData:start] 10485760

[1 occurrence(s)]
INFO --> [REQ_ID=018eee797934] [PERF] Execution time=0.727787

[1 occurrence(s)]
INFO --> [REQ_ID=6811f66527c3] [PERF] Execution time=0.778864

[1 occurrence(s)]
INFO --> [REQ_ID=47645f07f5c0] [PERF] Execution time=0.068264

[1 occurrence(s)]
INFO --> [SPARK_COMPLETE] App\Commands\Ops\Work duration=0.199596

[1 occurrence(s)]
INFO --> [REQ_ID=af6f20cdbcf1] [MEMORY][controller-start] 4194304

[1 occurrence(s)]
INFO --> [REQ_ID=af6f20cdbcf1] [MEMORY][commonData:start] 6291456

[1 occurrence(s)]
INFO --> [REQ_ID=af6f20cdbcf1] [MEMORY][commonData:start] 8388608

[1 occurrence(s)]
INFO --> [REQ_ID=af6f20cdbcf1] [PERF] Execution time=0.740115

[1 occurrence(s)]
INFO --> [REQ_ID=aafa808c3802] [PERF] Execution time=0.754813

[1 occurrence(s)]
INFO --> [REQ_ID=0796f19f2d67] [PERF] Execution time=0.053756

[1 occurrence(s)]
INFO --> [REQ_ID=2b7726a9e09c] [MEMORY][controller-start] 4194304

[1 occurrence(s)]
INFO --> [REQ_ID=2b7726a9e09c] [PERF] Execution time=0.050117

[1 occurrence(s)]
INFO --> [REQ_ID=3b67358fbed0] [PERF] Execution time=0.062374

[1 occurrence(s)]
INFO --> [SPARK_COMPLETE] App\Commands\Ops\Work duration=0.043052

[1 occurrence(s)]
INFO --> [SPARK_COMPLETE] App\Commands\Ops\Work duration=0.169254

[1 occurrence(s)]
INFO --> [REQ_ID=6e79e60cf89c] [PERF] Execution time=0.049659

[1 occurrence(s)]
INFO --> [SPARK_COMPLETE] App\Commands\Ops\Work duration=0.226424

[1 occurrence(s)]
INFO --> [SPARK_COMPLETE] App\Commands\Ops\Work duration=0.033031

[1 occurrence(s)]
INFO --> [REQ_ID=e40a82e419c0] [PERF] Execution time=0.062603

[1 occurrence(s)]
INFO --> [REQ_ID=ad42d3e14484] [PERF] Execution time=0.057203

[1 occurrence(s)]
INFO --> [REQ_ID=8d5de66f7d64] [MEMORY][controller-start] 4194304

[1 occurrence(s)]
INFO --> [REQ_ID=8d5de66f7d64] [PERF] Execution time=0.115469

[1 occurrence(s)]
INFO --> [REQ_ID=4b0156d350a4] [PERF] Execution time=0.128022

[1 occurrence(s)]
INFO --> [SPARK_COMPLETE] App\Commands\Ops\Work duration=0.220990

[1 occurrence(s)]
INFO --> [SPARK_COMPLETE] App\Commands\Ops\Work duration=0.275409

[1 occurrence(s)]
INFO --> [REQ_ID=f802b25eeb0e] [MEMORY][controller-start] 4194304

[1 occurrence(s)]
INFO --> [REQ_ID=f802b25eeb0e] [MEMORY][commonData:start] 6291456

[1 occurrence(s)]
INFO --> [REQ_ID=f802b25eeb0e] [PERF] Execution time=0.623293

[1 occurrence(s)]
INFO --> [REQ_ID=02f3fe98786d] [PERF] Execution time=0.647462

[1 occurrence(s)]
INFO --> [REQ_ID=a2ab9c333b87] [MEMORY][controller-start] 6291456

[1 occurrence(s)]
INFO --> [REQ_ID=a2ab9c333b87] [MEMORY][commonData:start] 6291456

[1 occurrence(s)]
INFO --> [REQ_ID=a2ab9c333b87] [MEMORY][commonData:start] 8388608

[1 occurrence(s)]
INFO --> [REQ_ID=a2ab9c333b87] [PERF] Execution time=0.527518

[1 occurrence(s)]
INFO --> [REQ_ID=1392b849e2f7] [PERF] Execution time=0.538975

[1 occurrence(s)]
INFO --> [REQ_ID=b745701b123b] [PERF] Execution time=0.065634

[1 occurrence(s)]
INFO --> [SPARK_COMPLETE] App\Commands\Ops\Work duration=0.160313

[1 occurrence(s)]
INFO --> [SPARK_COMPLETE] App\Commands\Logs\Summarize duration=0.009715

[1 occurrence(s)]
INFO --> LOG_HEALTHCHECK info marker=4386b141036a

[1 occurrence(s)]
INFO --> [SPARK_COMPLETE] App\Commands\App\Healthcheck duration=0.023847

[1 occurrence(s)]
INFO --> [SPARK_COMPLETE] App\Commands\AIOps\Run duration=3.409484

[1 occurrence(s)]
INFO --> [SPARK_COMPLETE] App\Commands\Ops\Work duration=0.051790

[1 occurrence(s)]
INFO --> [REQ_ID=b8bf0e8822c8] [PERF] Execution time=0.055951

[1 occurrence(s)]
INFO --> [REQ_ID=a69d8602bda6] [MEMORY][controller-start] 6291456

[1 occurrence(s)]
INFO --> [REQ_ID=a69d8602bda6] [MEMORY][commonData:start] 6291456

[1 occurrence(s)]
INFO --> [REQ_ID=a69d8602bda6] [MEMORY][commonData:start] 10485760

[1 occurrence(s)]
INFO --> [REQ_ID=a69d8602bda6] [PERF] Execution time=0.739106

[1 occurrence(s)]
INFO --> [REQ_ID=64f00e50e0b4] [PERF] Execution time=0.781838

[1 occurrence(s)]
INFO --> [REQ_ID=b8d0fb0b1dca] [PERF] Execution time=0.051886

[1 occurrence(s)]
INFO --> [REQ_ID=62c97b3b2398] [MEMORY][controller-start] 4194304

[1 occurrence(s)]
INFO --> [REQ_ID=62c97b3b2398] [PERF] Execution time=0.120219

[1 occurrence(s)]
INFO --> [REQ_ID=0b55c50555d0] [PERF] Execution time=0.135475

[1 occurrence(s)]
INFO --> [REQ_ID=ada3a0d3467f] [MEMORY][controller-start] 4194304

[1 occurrence(s)]
INFO --> [REQ_ID=ada3a0d3467f] [MEMORY][commonData:start] 6291456

[1 occurrence(s)]
INFO --> [REQ_ID=ada3a0d3467f] [MEMORY][commonData:start] 8388608

[1 occurrence(s)]
INFO --> [REQ_ID=ada3a0d3467f] [PERF] Execution time=0.668189

[1 occurrence(s)]
INFO --> [REQ_ID=c4a7e23dac31] [PERF] Execution time=0.690924

[1 occurrence(s)]
INFO --> [SPARK_COMPLETE] App\Commands\Ops\Work duration=0.042836

[1 occurrence(s)]
INFO --> [REQ_ID=2a36dbbf429c] [MEMORY][controller-start] 6291456

[1 occurrence(s)]
INFO --> [REQ_ID=2a36dbbf429c] [MEMORY][commonData:start] 6291456

[1 occurrence(s)]
INFO --> [REQ_ID=2a36dbbf429c] [MEMORY][commonData:start] 10485760

[1 occurrence(s)]
INFO --> [REQ_ID=2a36dbbf429c] [PERF] Execution time=0.923467

[1 occurrence(s)]
INFO --> [REQ_ID=e5e4a4de1f6a] [PERF] Execution time=0.963170

[1 occurrence(s)]
INFO --> [REQ_ID=52146e26e6c3] [MEMORY][controller-start] 4194304

[1 occurrence(s)]
INFO --> [REQ_ID=52146e26e6c3] [MEMORY][commonData:start] 6291456

[1 occurrence(s)]
INFO --> [REQ_ID=52146e26e6c3] [PERF] Execution time=0.815579

[1 occurrence(s)]
INFO --> [REQ_ID=3b5586094193] [PERF] Execution time=0.839678

[1 occurrence(s)]
INFO --> [SPARK_COMPLETE] App\Commands\Ops\Work duration=0.116316

[1 occurrence(s)]
INFO --> [REQ_ID=25a9e1e1164b] [MEMORY][controller-start] 6291456

[1 occurrence(s)]
INFO --> [REQ_ID=25a9e1e1164b] [MEMORY][commonData:start] 6291456

[1 occurrence(s)]
INFO --> [REQ_ID=25a9e1e1164b] [MEMORY][commonData:start] 10485760

[1 occurrence(s)]
INFO --> [REQ_ID=25a9e1e1164b] [PERF] Execution time=0.687233

[1 occurrence(s)]
INFO --> [REQ_ID=d0a655576a2d] [PERF] Execution time=0.727965

[1 occurrence(s)]
INFO --> [REQ_ID=1d1b42c58154] [PERF] Execution time=0.038237

[1 occurrence(s)]
INFO --> [SPARK_COMPLETE] App\Commands\Ops\Work duration=0.192721

[1 occurrence(s)]
INFO --> [REQ_ID=ba0d4af7aadd] [MEMORY][controller-start] 4194304

[1 occurrence(s)]
INFO --> [REQ_ID=ba0d4af7aadd] [MEMORY][commonData:start] 4194304

[1 occurrence(s)]
INFO --> [REQ_ID=ba0d4af7aadd] [MEMORY][commonData:start] 8388608

[1 occurrence(s)]
INFO --> [REQ_ID=ba0d4af7aadd] [PERF] Execution time=0.661288

[1 occurrence(s)]
INFO --> [REQ_ID=c7c35420e5dd] [PERF] Execution time=0.683826

[1 occurrence(s)]
INFO --> [REQ_ID=d0d0e7a7d46d] [MEMORY][controller-start] 4194304

[1 occurrence(s)]
INFO --> [REQ_ID=d0d0e7a7d46d] [MEMORY][commonData:start] 6291456

[1 occurrence(s)]
INFO --> [REQ_ID=d0d0e7a7d46d] [MEMORY][commonData:start] 8388608

[1 occurrence(s)]
INFO --> themesMemory usage: 12582912

[1 occurrence(s)]
INFO --> [REQ_ID=d0d0e7a7d46d] [PERF] Execution time=1.271605

[1 occurrence(s)]
INFO --> [REQ_ID=63e0b83cbf5d] [PERF] Execution time=1.285281

[2 occurrence(s)]
INFO --> CSRF token verified.

[1 occurrence(s)]
INFO --> [REQ_ID=ddd8b287ab52] [MEMORY][controller-start] 8388608

[1 occurrence(s)]
INFO --> [REGISTRATION] Submission received

[2 occurrence(s)]
INFO --> MailService queued email

[1 occurrence(s)]
INFO --> [REQ_ID=ddd8b287ab52] [PERF] Execution time=0.084724

[1 occurrence(s)]
INFO --> [REQ_ID=419680db6adb] [PERF] Execution time=0.097998

[1 occurrence(s)]
INFO --> [REQ_ID=683faeb16fba] [MEMORY][controller-start] 6291456

[1 occurrence(s)]
INFO --> [REQ_ID=683faeb16fba] [MEMORY][commonData:start] 6291456

[1 occurrence(s)]
INFO --> [REQ_ID=683faeb16fba] [MEMORY][commonData:start] 8388608

[1 occurrence(s)]
INFO --> [REQ_ID=683faeb16fba] [PERF] Execution time=1.162555

[1 occurrence(s)]
INFO --> [REQ_ID=04e80e3e22e7] [PERF] Execution time=1.171827

[1 occurrence(s)]
INFO --> [REQ_ID=025bba5d8c62] [MEMORY][controller-start] 8388608

[1 occurrence(s)]
INFO --> [REQ_ID=025bba5d8c62] [PERF] Execution time=0.018329

[1 occurrence(s)]
INFO --> [REQ_ID=9ab553c57488] [PERF] Execution time=0.028745

[1 occurrence(s)]
INFO --> [REQ_ID=993e11a009c2] [MEMORY][controller-start] 6291456

[1 occurrence(s)]
INFO --> AuthController L93: Auth:attemptLogin started.

[1 occurrence(s)]
INFO --> AuthController L104: Auth:attemptLogin rules: {"login":"required","password":"required"}

[1 occurrence(s)]
INFO --> AuthController L132: Auth:attemptLogin Login Variables: login: required, remember: false, ip: 146.19.125.48, ua: Mozilla/5.0 (Windows NT 6.3; Win64; x64) AppleWebKit/537.36 (KHTML, like Gecko) Chrome/103.0.0.0 Safari/537.36

[1 occurrence(s)]
INFO --> [REQ_ID=993e11a009c2] [PERF] Execution time=0.047033

[1 occurrence(s)]
INFO --> [REQ_ID=be1b57bfa4aa] [PERF] Execution time=0.056068

[1 occurrence(s)]
INFO --> [REQ_ID=495603c474b6] [MEMORY][controller-start] 4194304

[1 occurrence(s)]
INFO --> [REQ_ID=495603c474b6] [PERF] Execution time=0.016246

[1 occurrence(s)]
INFO --> [REQ_ID=f0d4d7c0a717] [PERF] Execution time=0.025463

[1 occurrence(s)]
INFO --> [SPARK_COMPLETE] App\Commands\Ops\Work duration=0.092929

[1 occurrence(s)]
INFO --> [REQ_ID=8f027dde65c4] [PERF] Execution time=0.068103

[1 occurrence(s)]
INFO --> [REQ_ID=22ba22912c3e] [MEMORY][controller-start] 4194304

[1 occurrence(s)]
INFO --> [REQ_ID=22ba22912c3e] [MEMORY][commonData:start] 6291456

[1 occurrence(s)]
INFO --> [REQ_ID=22ba22912c3e] [MEMORY][commonData:start] 8388608

[1 occurrence(s)]
INFO --> [REQ_ID=22ba22912c3e] [PERF] Execution time=0.818685

[1 occurrence(s)]
INFO --> [REQ_ID=0a5cfce1b0e7] [PERF] Execution time=0.834416

[1 occurrence(s)]
INFO --> [SPARK_COMPLETE] App\Commands\Ops\Work duration=0.214459

[1 occurrence(s)]
INFO --> [REQ_ID=3b124b11ee19] [MEMORY][controller-start] 6291456

[1 occurrence(s)]
INFO --> [REQ_ID=3b124b11ee19] [MEMORY][commonData:start] 6291456

[1 occurrence(s)]
INFO --> [REQ_ID=3b124b11ee19] [MEMORY][commonData:start] 10485760

[1 occurrence(s)]
INFO --> [REQ_ID=3b124b11ee19] [PERF] Execution time=0.595794

[1 occurrence(s)]
INFO --> [REQ_ID=168675e9fb1b] [PERF] Execution time=0.636358

[1 occurrence(s)]
INFO --> [SPARK_COMPLETE] App\Commands\Ops\Work duration=0.107480

[1 occurrence(s)]
INFO --> [REQ_ID=85b13394c763] [PERF] Execution time=0.066063

[1 occurrence(s)]
INFO --> [SPARK_COMPLETE] App\Commands\Ops\Work duration=0.290171


---------------------------
LEVEL: NOTICE
---------------------------

[1 occurrence(s)]
NOTICE --> LOG_HEALTHCHECK probe marker=8e19ba5aab6b

[1 occurrence(s)]
NOTICE --> LOG_HEALTHCHECK probe marker=009fdb56ed86

[1 occurrence(s)]
NOTICE --> LOG_HEALTHCHECK probe marker=9d8d7ad3cf7d

[1 occurrence(s)]
NOTICE --> LOG_HEALTHCHECK probe marker=832685fa0486

[1 occurrence(s)]
NOTICE --> LOG_HEALTHCHECK probe marker=0464e8fd875c

[1 occurrence(s)]
NOTICE --> LOG_HEALTHCHECK probe marker=4386b141036a


---------------------------
LEVEL: WARNING
---------------------------

[6 occurrence(s)]
WARNING --> OllamaPatchRunner:L49 - Original Diff:

[147 occurrence(s)]
WARNING --> [404] URI=https://www.mymiwallet.com/index.php/

[144 occurrence(s)]
WARNING --> 404 route miss: https://www.mymiwallet.com/index.php/ | referrer: http://67.205.42.220

[2 occurrence(s)]
WARNING --> 404 route miss: https://www.mymiwallet.com/index.php/ | referrer: none

[10 occurrence(s)]
WARNING --> MyMIWallets initialized without numeric user context.

[1 occurrence(s)]
WARNING --> 404 route miss: https://www.mymiwallet.com/index.php/ | referrer: http://mymiwallet.com/

[1 occurrence(s)]
WARNING --> [REGISTRATION] Validation failed (basic fields)

[1 occurrence(s)]
WARNING --> [AUTH_FAILURE]

[1 occurrence(s)]
WARNING --> [AUTH] Login failure

[1 occurrence(s)]
WARNING --> [AUTH] Login failed


---------------------------
LEVEL: ERROR
---------------------------

[1 occurrence(s)]
ERROR --> [ERROR_PAGE] event=error_404 status=404 message=Page not found.

[1 occurrence(s)]
ERROR --> Registration failed: {"username":"The username field is not in the correct format."}


---------------------------
LEVEL: CRITICAL
---------------------------

[147 occurrence(s)]
CRITICAL --> CodeIgniter\Exceptions\PageNotFoundException: Page Not Found

[147 occurrence(s)]
CRITICAL --> [EXCEPTION] Page Not Found File=/home/mymiteam/mymiwallet/site/current/vendor/codeigniter4/framework/system/CodeIgniter.php Line=1001


===============================================
   HERE'S THE NEW STUFF
   (Entries logged AFTER 2026-03-06 10:00:02)
===============================================

---------------------------
LEVEL: DEBUG (NEW)
---------------------------

[1 NEW occurrence(s)]
DEBUG --> LOG_HEALTHCHECK debug marker=4386b141036a

[2 NEW occurrence(s)]
DEBUG --> OllamaPatchRunner:L142 - validateGeneratedPatch Content:

[1 NEW occurrence(s)]
DEBUG --> OllamaPatchRunner:L51 - Retried Diff:

[1 NEW occurrence(s)]
DEBUG --> OllamaPatchRunner:L53 - Validating Generated Patch Failed

[1 NEW occurrence(s)]
DEBUG --> [REQ_ID=1284901bedc2] [REQUEST][START] HEAD /

[44 NEW occurrence(s)]
DEBUG --> Session: Class initialized using 'CodeIgniter\Session\Handlers\FileHandler' driver.

[1 NEW occurrence(s)]
DEBUG --> [REQ_ID=d680ace054b3] [REQUEST][START] HEAD /

[1 NEW occurrence(s)]
DEBUG --> [REQ_ID=1f1545810353] [REQUEST][START] HEAD /

[1 NEW occurrence(s)]
DEBUG --> [REQ_ID=b8bf0e8822c8] [REQUEST][START] GET /index.php/API/Alerts/fetchEmailAlerts

[1 NEW occurrence(s)]
DEBUG --> [REQ_ID=b8bf0e8822c8] [FILTER_BEFORE] /index.php/API/Alerts/fetchEmailAlerts

[1 NEW occurrence(s)]
DEBUG --> [REQ_ID=b8bf0e8822c8] [ROUTE] Controller=\App\Modules\APIs\Controllers\AlertsAPIController Method=fetchEmailAlerts

[1 NEW occurrence(s)]
DEBUG --> [REQ_ID=b8bf0e8822c8] [LIFECYCLE][START] GET https://www.mymiwallet.com/index.php/API/Alerts/fetchEmailAlerts

[1 NEW occurrence(s)]
DEBUG --> [REQ_ID=b8bf0e8822c8] [REQUEST][END]

[1 NEW occurrence(s)]
DEBUG --> [REQ_ID=b48e398bbc5f] [REQUEST][START] HEAD /

[1 NEW occurrence(s)]
DEBUG --> [REQ_ID=64f00e50e0b4] [REQUEST][START] GET /index.php

[1 NEW occurrence(s)]
DEBUG --> [REQ_ID=64f00e50e0b4] [FILTER_BEFORE] /index.php

[1 NEW occurrence(s)]
DEBUG --> [REQ_ID=64f00e50e0b4] [ROUTE] Controller=\App\Controllers\Home Method=index

[1 NEW occurrence(s)]
DEBUG --> [REQ_ID=64f00e50e0b4] [LIFECYCLE][START] GET https://www.mymiwallet.com/index.php/

[1 NEW occurrence(s)]
DEBUG --> [CSRF] token name=csrf_test_name hash=7558402fca3d865f1b4ef8689e94d0fe

[1 NEW occurrence(s)]
DEBUG --> [REQ_ID=a69d8602bda6] [INIT] App\Controllers\Home::GET

[10 NEW occurrence(s)]
DEBUG --> MyMIUser L52 - initialized (first log).

[4 NEW occurrence(s)]
DEBUG --> [MetaService] slug= pageName= cacheHit= path=FALLBACK

[1 NEW occurrence(s)]
DEBUG --> [REQ_ID=a69d8602bda6] [VIEW_RENDER] themes/public/home

[6 NEW occurrence(s)]
DEBUG --> [MetaService] slug= pageName=Home cacheHit=1 path=CACHE

[1 NEW occurrence(s)]
DEBUG --> [REQ_ID=64f00e50e0b4] [FILTER_AFTER]

[1 NEW occurrence(s)]
DEBUG --> [REQ_ID=64f00e50e0b4] [LIFECYCLE][END] status=200 duration_ms=741.49 memory_delta=4194304

[1 NEW occurrence(s)]
DEBUG --> [REQ_ID=64f00e50e0b4] [REQUEST][END]

[1 NEW occurrence(s)]
DEBUG --> [REQ_ID=bc75d7be8992] [REQUEST][START] HEAD /

[1 NEW occurrence(s)]
DEBUG --> [REQ_ID=b8d0fb0b1dca] [REQUEST][START] GET /index.php/Projects

[1 NEW occurrence(s)]
DEBUG --> [REQ_ID=b8d0fb0b1dca] [FILTER_BEFORE] /index.php/Projects

[1 NEW occurrence(s)]
DEBUG --> [REQ_ID=b8d0fb0b1dca] [ROUTE] Controller=\App\Modules\User\Controllers\ProjectsController Method=index

[1 NEW occurrence(s)]
DEBUG --> [REQ_ID=b8d0fb0b1dca] [LIFECYCLE][START] GET https://www.mymiwallet.com/index.php/Projects

[1 NEW occurrence(s)]
DEBUG --> [CSRF] token name=csrf_test_name hash=ff42beb39fd6fd52fff6a798620675d6

[1 NEW occurrence(s)]
DEBUG --> [REQ_ID=b8d0fb0b1dca] [REQUEST][END]

[1 NEW occurrence(s)]
DEBUG --> [REQ_ID=0b55c50555d0] [REQUEST][START] GET /index.php/login

[1 NEW occurrence(s)]
DEBUG --> [REQ_ID=0b55c50555d0] [FILTER_BEFORE] /index.php/login

[1 NEW occurrence(s)]
DEBUG --> [REQ_ID=0b55c50555d0] [ROUTE] Controller=\App\Controllers\AuthController Method=login

[1 NEW occurrence(s)]
DEBUG --> [REQ_ID=0b55c50555d0] [LIFECYCLE][START] GET https://www.mymiwallet.com/index.php/login

[1 NEW occurrence(s)]
DEBUG --> [CSRF] token name=csrf_test_name hash=deb81613ae6fbace3dcfc3ac5fef773e

[1 NEW occurrence(s)]
DEBUG --> [REQ_ID=62c97b3b2398] [INIT] App\Controllers\AuthController::GET

[1 NEW occurrence(s)]
DEBUG --> [REQ_ID=0b55c50555d0] [FILTER_AFTER]

[1 NEW occurrence(s)]
DEBUG --> [REQ_ID=0b55c50555d0] [LIFECYCLE][END] status=200 duration_ms=120.30 memory_delta=0

[1 NEW occurrence(s)]
DEBUG --> [REQ_ID=0b55c50555d0] [REQUEST][END]

[1 NEW occurrence(s)]
DEBUG --> [REQ_ID=726e32e870dc] [REQUEST][START] HEAD /

[1 NEW occurrence(s)]
DEBUG --> [REQ_ID=c4a7e23dac31] [REQUEST][START] GET /

[1 NEW occurrence(s)]
DEBUG --> [REQ_ID=c4a7e23dac31] [FILTER_BEFORE] /

[1 NEW occurrence(s)]
DEBUG --> [REQ_ID=c4a7e23dac31] [ROUTE] Controller=\App\Controllers\Home Method=index

[1 NEW occurrence(s)]
DEBUG --> [REQ_ID=c4a7e23dac31] [LIFECYCLE][START] GET https://www.mymiwallet.com/index.php/

[1 NEW occurrence(s)]
DEBUG --> [CSRF] token name=csrf_test_name hash=ebda5eadfcffdaba85bdf16ea7a7a75e

[1 NEW occurrence(s)]
DEBUG --> [REQ_ID=ada3a0d3467f] [INIT] App\Controllers\Home::GET

[3 NEW occurrence(s)]
DEBUG --> [MetaService] slug= pageName= cacheHit=1 path=CACHE

[1 NEW occurrence(s)]
DEBUG --> [REQ_ID=ada3a0d3467f] [VIEW_RENDER] themes/public/home

[1 NEW occurrence(s)]
DEBUG --> [REQ_ID=c4a7e23dac31] [FILTER_AFTER]

[1 NEW occurrence(s)]
DEBUG --> [REQ_ID=c4a7e23dac31] [LIFECYCLE][END] status=200 duration_ms=670.29 memory_delta=4194304

[1 NEW occurrence(s)]
DEBUG --> [REQ_ID=c4a7e23dac31] [REQUEST][END]

[1 NEW occurrence(s)]
DEBUG --> [REQ_ID=030c1e898ca9] [REQUEST][START] HEAD /

[1 NEW occurrence(s)]
DEBUG --> [REQ_ID=e5e4a4de1f6a] [REQUEST][START] GET /

[1 NEW occurrence(s)]
DEBUG --> [REQ_ID=e5e4a4de1f6a] [FILTER_BEFORE] /

[1 NEW occurrence(s)]
DEBUG --> [REQ_ID=e5e4a4de1f6a] [ROUTE] Controller=\App\Controllers\Home Method=index

[1 NEW occurrence(s)]
DEBUG --> [REQ_ID=e5e4a4de1f6a] [LIFECYCLE][START] GET https://www.mymiwallet.com/index.php/

[1 NEW occurrence(s)]
DEBUG --> [CSRF] token name=csrf_test_name hash=8e899981495953b4bc68e903189998a4

[1 NEW occurrence(s)]
DEBUG --> [REQ_ID=2a36dbbf429c] [INIT] App\Controllers\Home::GET

[1 NEW occurrence(s)]
DEBUG --> [REQ_ID=2a36dbbf429c] [VIEW_RENDER] themes/public/home

[1 NEW occurrence(s)]
DEBUG --> [REQ_ID=e5e4a4de1f6a] [FILTER_AFTER]

[1 NEW occurrence(s)]
DEBUG --> [REQ_ID=e5e4a4de1f6a] [LIFECYCLE][END] status=200 duration_ms=925.42 memory_delta=4194304

[1 NEW occurrence(s)]
DEBUG --> [REQ_ID=e5e4a4de1f6a] [REQUEST][END]

[1 NEW occurrence(s)]
DEBUG --> [REQ_ID=100069bc8b69] [REQUEST][START] HEAD /

[1 NEW occurrence(s)]
DEBUG --> [REQ_ID=10dcf8d3b84a] [REQUEST][START] HEAD /

[1 NEW occurrence(s)]
DEBUG --> [REQ_ID=3b5586094193] [REQUEST][START] GET /index.php/How-It-Works

[1 NEW occurrence(s)]
DEBUG --> [REQ_ID=3b5586094193] [FILTER_BEFORE] /index.php/How-It-Works

[1 NEW occurrence(s)]
DEBUG --> [REQ_ID=3b5586094193] [ROUTE] Controller=\App\Modules\Blog\Controllers\HowItWorksController Method=index

[1 NEW occurrence(s)]
DEBUG --> [REQ_ID=3b5586094193] [LIFECYCLE][START] GET https://www.mymiwallet.com/index.php/How-It-Works

[1 NEW occurrence(s)]
DEBUG --> [CSRF] token name=csrf_test_name hash=17a958693e206d13afe682769072725c

[1 NEW occurrence(s)]
DEBUG --> [REQ_ID=52146e26e6c3] [INIT] App\Modules\Blog\Controllers\HowItWorksController::GET

[1 NEW occurrence(s)]
DEBUG --> [REQ_ID=52146e26e6c3] [METHOD_ENTRY] index

[3 NEW occurrence(s)]
DEBUG --> [SERVICE] App\Services\BudgetService ::setUserId

[9 NEW occurrence(s)]
DEBUG --> MyMICoin: guest context detected; skipping user-specific preload.

[1 NEW occurrence(s)]
DEBUG --> [REQ_ID=52146e26e6c3] [VIEW_RENDER] App\Modules\Blog\Views\HowItWorks\index

[1 NEW occurrence(s)]
DEBUG --> [MetaService] slug=how-it-works pageName= cacheHit= path=DB

[1 NEW occurrence(s)]
DEBUG --> [MetaService] slug=how-it-works pageName= cacheHit=1 path=CACHE

[1 NEW occurrence(s)]
DEBUG --> [REQ_ID=3b5586094193] [FILTER_AFTER]

[1 NEW occurrence(s)]
DEBUG --> [REQ_ID=3b5586094193] [LIFECYCLE][END] status=200 duration_ms=818.11 memory_delta=4194304

[1 NEW occurrence(s)]
DEBUG --> [REQ_ID=3b5586094193] [REQUEST][END]

[1 NEW occurrence(s)]
DEBUG --> [REQ_ID=853d175180bd] [REQUEST][START] HEAD /

[1 NEW occurrence(s)]
DEBUG --> [REQ_ID=d0a655576a2d] [REQUEST][START] GET /

[1 NEW occurrence(s)]
DEBUG --> [REQ_ID=d0a655576a2d] [FILTER_BEFORE] /

[1 NEW occurrence(s)]
DEBUG --> [REQ_ID=d0a655576a2d] [ROUTE] Controller=\App\Controllers\Home Method=index

[1 NEW occurrence(s)]
DEBUG --> [REQ_ID=d0a655576a2d] [LIFECYCLE][START] GET https://www.mymiwallet.com/index.php/

[1 NEW occurrence(s)]
DEBUG --> [CSRF] token name=csrf_test_name hash=0d1f33fbd11196aacd1184ecc4b8883b

[1 NEW occurrence(s)]
DEBUG --> [REQ_ID=25a9e1e1164b] [INIT] App\Controllers\Home::GET

[1 NEW occurrence(s)]
DEBUG --> [REQ_ID=25a9e1e1164b] [VIEW_RENDER] themes/public/home

[1 NEW occurrence(s)]
DEBUG --> [REQ_ID=d0a655576a2d] [FILTER_AFTER]

[1 NEW occurrence(s)]
DEBUG --> [REQ_ID=d0a655576a2d] [LIFECYCLE][END] status=200 duration_ms=689.29 memory_delta=4194304

[1 NEW occurrence(s)]
DEBUG --> [REQ_ID=d0a655576a2d] [REQUEST][END]

[1 NEW occurrence(s)]
DEBUG --> [REQ_ID=0b728f8e518e] [REQUEST][START] HEAD /

[1 NEW occurrence(s)]
DEBUG --> [REQ_ID=61257b6d7db8] [REQUEST][START] HEAD /

[1 NEW occurrence(s)]
DEBUG --> [REQ_ID=1d1b42c58154] [REQUEST][START] GET /index.php/API/Management/Run-CRON-Tasks

[1 NEW occurrence(s)]
DEBUG --> [REQ_ID=1d1b42c58154] [FILTER_BEFORE] /index.php/API/Management/Run-CRON-Tasks

[1 NEW occurrence(s)]
DEBUG --> [REQ_ID=1d1b42c58154] [ROUTE] Controller=\App\Modules\Management\Controllers\ManagementAPIController Method=Run_CRON_Tasks

[1 NEW occurrence(s)]
DEBUG --> [REQ_ID=1d1b42c58154] [LIFECYCLE][START] GET https://www.mymiwallet.com/index.php/API/Management/Run-CRON-Tasks

[1 NEW occurrence(s)]
DEBUG --> [REQ_ID=1d1b42c58154] [REQUEST][END]

[1 NEW occurrence(s)]
DEBUG --> [REQ_ID=84b96c04c80f] [REQUEST][START] HEAD /

[1 NEW occurrence(s)]
DEBUG --> [REQ_ID=e2a93c0f6bb2] [REQUEST][START] HEAD /

[1 NEW occurrence(s)]
DEBUG --> [REQ_ID=6cf9e1bd2712] [REQUEST][START] HEAD /

[1 NEW occurrence(s)]
DEBUG --> [REQ_ID=c7c35420e5dd] [REQUEST][START] GET /

[1 NEW occurrence(s)]
DEBUG --> [REQ_ID=c7c35420e5dd] [FILTER_BEFORE] /

[1 NEW occurrence(s)]
DEBUG --> [REQ_ID=c7c35420e5dd] [ROUTE] Controller=\App\Controllers\Home Method=index

[1 NEW occurrence(s)]
DEBUG --> [REQ_ID=c7c35420e5dd] [LIFECYCLE][START] GET https://www.mymiwallet.com/index.php/

[7 NEW occurrence(s)]
DEBUG --> [CSRF] token name=csrf_test_name hash=44e93b4593c1fac2c52ffa99b97c640e

[1 NEW occurrence(s)]
DEBUG --> [REQ_ID=ba0d4af7aadd] [INIT] App\Controllers\Home::GET

[1 NEW occurrence(s)]
DEBUG --> [REQ_ID=ba0d4af7aadd] [VIEW_RENDER] themes/public/home

[1 NEW occurrence(s)]
DEBUG --> [MetaService] slug= pageName=Home cacheHit= path=DB

[1 NEW occurrence(s)]
DEBUG --> [REQ_ID=c7c35420e5dd] [FILTER_AFTER]

[1 NEW occurrence(s)]
DEBUG --> [REQ_ID=c7c35420e5dd] [LIFECYCLE][END] status=200 duration_ms=663.44 memory_delta=4194304

[1 NEW occurrence(s)]
DEBUG --> [REQ_ID=c7c35420e5dd] [REQUEST][END]

[1 NEW occurrence(s)]
DEBUG --> [REQ_ID=63e0b83cbf5d] [REQUEST][START] GET /index.php/How-It-Works/Investment-Dashboard

[1 NEW occurrence(s)]
DEBUG --> [REQ_ID=63e0b83cbf5d] [FILTER_BEFORE] /index.php/How-It-Works/Investment-Dashboard

[1 NEW occurrence(s)]
DEBUG --> [REQ_ID=63e0b83cbf5d] [ROUTE] Controller=\App\Modules\Blog\Controllers\HowItWorksController Method=show

[1 NEW occurrence(s)]
DEBUG --> [REQ_ID=63e0b83cbf5d] [LIFECYCLE][START] GET https://www.mymiwallet.com/index.php/How-It-Works/Investment-Dashboard

[1 NEW occurrence(s)]
DEBUG --> [REQ_ID=d0d0e7a7d46d] [INIT] App\Modules\Blog\Controllers\HowItWorksController::GET

[1 NEW occurrence(s)]
DEBUG --> [REQ_ID=d0d0e7a7d46d] [METHOD_ENTRY] show

[1 NEW occurrence(s)]
DEBUG --> [REQ_ID=d0d0e7a7d46d] [VIEW_RENDER] App\Modules\Blog\Views\HowItWorks\Investment_Portfolio_Management

[1 NEW occurrence(s)]
DEBUG --> [REQ_ID=63e0b83cbf5d] [FILTER_AFTER]

[1 NEW occurrence(s)]
DEBUG --> [REQ_ID=63e0b83cbf5d] [LIFECYCLE][END] status=200 duration_ms=1,271.80 memory_delta=8388608

[1 NEW occurrence(s)]
DEBUG --> [REQ_ID=63e0b83cbf5d] [REQUEST][END]

[1 NEW occurrence(s)]
DEBUG --> [REQ_ID=419680db6adb] [REQUEST][START] POST /index.php/register

[1 NEW occurrence(s)]
DEBUG --> [REQ_ID=419680db6adb] [FILTER_BEFORE] /index.php/register

[1 NEW occurrence(s)]
DEBUG --> [REQ_ID=419680db6adb] [ROUTE] Controller=\App\Controllers\AuthController Method=attemptRegister

[1 NEW occurrence(s)]
DEBUG --> [REQ_ID=419680db6adb] [LIFECYCLE][START] POST https://www.mymiwallet.com/index.php/register

[1 NEW occurrence(s)]
DEBUG --> [REQ_ID=ddd8b287ab52] [INIT] App\Controllers\AuthController::POST

[1 NEW occurrence(s)]
DEBUG --> [REQ_ID=419680db6adb] [FILTER_AFTER]

[1 NEW occurrence(s)]
DEBUG --> [REQ_ID=419680db6adb] [LIFECYCLE][END] status=302 duration_ms=85.19 memory_delta=0

[1 NEW occurrence(s)]
DEBUG --> [REQ_ID=419680db6adb] [REQUEST][END]

[1 NEW occurrence(s)]
DEBUG --> [REQ_ID=04e80e3e22e7] [REQUEST][START] GET /index.php/How-It-Works/Investment-Dashboard

[1 NEW occurrence(s)]
DEBUG --> [REQ_ID=04e80e3e22e7] [FILTER_BEFORE] /index.php/How-It-Works/Investment-Dashboard

[1 NEW occurrence(s)]
DEBUG --> [REQ_ID=04e80e3e22e7] [ROUTE] Controller=\App\Modules\Blog\Controllers\HowItWorksController Method=show

[1 NEW occurrence(s)]
DEBUG --> [REQ_ID=04e80e3e22e7] [LIFECYCLE][START] GET https://www.mymiwallet.com/index.php/How-It-Works/Investment-Dashboard

[1 NEW occurrence(s)]
DEBUG --> [REQ_ID=683faeb16fba] [INIT] App\Modules\Blog\Controllers\HowItWorksController::GET

[1 NEW occurrence(s)]
DEBUG --> [REQ_ID=683faeb16fba] [METHOD_ENTRY] show

[1 NEW occurrence(s)]
DEBUG --> [REQ_ID=683faeb16fba] [VIEW_RENDER] App\Modules\Blog\Views\HowItWorks\Investment_Portfolio_Management

[1 NEW occurrence(s)]
DEBUG --> [REQ_ID=04e80e3e22e7] [FILTER_AFTER]

[1 NEW occurrence(s)]
DEBUG --> [REQ_ID=04e80e3e22e7] [LIFECYCLE][END] status=200 duration_ms=1,162.73 memory_delta=6291456

[1 NEW occurrence(s)]
DEBUG --> [REQ_ID=04e80e3e22e7] [REQUEST][END]

[1 NEW occurrence(s)]
DEBUG --> [REQ_ID=9ab553c57488] [REQUEST][START] GET /index.php/login

[1 NEW occurrence(s)]
DEBUG --> [REQ_ID=9ab553c57488] [FILTER_BEFORE] /index.php/login

[1 NEW occurrence(s)]
DEBUG --> [REQ_ID=9ab553c57488] [ROUTE] Controller=\App\Controllers\AuthController Method=login

[1 NEW occurrence(s)]
DEBUG --> [REQ_ID=9ab553c57488] [LIFECYCLE][START] GET https://www.mymiwallet.com/index.php/login

[1 NEW occurrence(s)]
DEBUG --> [REQ_ID=025bba5d8c62] [INIT] App\Controllers\AuthController::GET

[1 NEW occurrence(s)]
DEBUG --> [REQ_ID=9ab553c57488] [FILTER_AFTER]

[1 NEW occurrence(s)]
DEBUG --> [REQ_ID=9ab553c57488] [LIFECYCLE][END] status=200 duration_ms=18.46 memory_delta=0

[1 NEW occurrence(s)]
DEBUG --> [REQ_ID=9ab553c57488] [REQUEST][END]

[1 NEW occurrence(s)]
DEBUG --> [REQ_ID=be1b57bfa4aa] [REQUEST][START] POST /index.php/login

[1 NEW occurrence(s)]
DEBUG --> [REQ_ID=be1b57bfa4aa] [FILTER_BEFORE] /index.php/login

[1 NEW occurrence(s)]
DEBUG --> [REQ_ID=be1b57bfa4aa] [ROUTE] Controller=\App\Controllers\AuthController Method=attemptLogin

[1 NEW occurrence(s)]
DEBUG --> [REQ_ID=be1b57bfa4aa] [LIFECYCLE][START] POST https://www.mymiwallet.com/index.php/login

[1 NEW occurrence(s)]
DEBUG --> [REQ_ID=993e11a009c2] [INIT] App\Controllers\AuthController::POST

[1 NEW occurrence(s)]
DEBUG --> Auth attemptLogin() called with login identifier: schreiner-roeber.de, remember: false

[1 NEW occurrence(s)]
DEBUG --> Auth attemptLogin() called. redirect_url in session: https://www.mymiwallet.com/index.php/How-It-Works/Investment-Dashboard

[1 NEW occurrence(s)]
DEBUG --> Auth credentials normalised for attempt using key "username"

[1 NEW occurrence(s)]
DEBUG --> Auth attempt failed for identifier schreiner-roeber.de. Error: Unable to log you in. Please check your credentials.

[1 NEW occurrence(s)]
DEBUG --> [REQ_ID=be1b57bfa4aa] [FILTER_AFTER]

[1 NEW occurrence(s)]
DEBUG --> [REQ_ID=be1b57bfa4aa] [LIFECYCLE][END] status=302 duration_ms=47.14 memory_delta=0

[1 NEW occurrence(s)]
DEBUG --> [REQ_ID=be1b57bfa4aa] [REQUEST][END]

[1 NEW occurrence(s)]
DEBUG --> [REQ_ID=f0d4d7c0a717] [REQUEST][START] GET /index.php/login

[1 NEW occurrence(s)]
DEBUG --> [REQ_ID=f0d4d7c0a717] [FILTER_BEFORE] /index.php/login

[1 NEW occurrence(s)]
DEBUG --> [REQ_ID=f0d4d7c0a717] [ROUTE] Controller=\App\Controllers\AuthController Method=login

[1 NEW occurrence(s)]
DEBUG --> [REQ_ID=f0d4d7c0a717] [LIFECYCLE][START] GET https://www.mymiwallet.com/index.php/login

[1 NEW occurrence(s)]
DEBUG --> [REQ_ID=495603c474b6] [INIT] App\Controllers\AuthController::GET

[1 NEW occurrence(s)]
DEBUG --> [REQ_ID=f0d4d7c0a717] [FILTER_AFTER]

[1 NEW occurrence(s)]
DEBUG --> [REQ_ID=f0d4d7c0a717] [LIFECYCLE][END] status=200 duration_ms=16.29 memory_delta=0

[1 NEW occurrence(s)]
DEBUG --> [REQ_ID=f0d4d7c0a717] [REQUEST][END]

[1 NEW occurrence(s)]
DEBUG --> [REQ_ID=8f027dde65c4] [REQUEST][START] GET /index.php/API/Alerts/fetchEmailAlerts

[1 NEW occurrence(s)]
DEBUG --> [REQ_ID=8f027dde65c4] [FILTER_BEFORE] /index.php/API/Alerts/fetchEmailAlerts

[1 NEW occurrence(s)]
DEBUG --> [REQ_ID=8f027dde65c4] [ROUTE] Controller=\App\Modules\APIs\Controllers\AlertsAPIController Method=fetchEmailAlerts

[1 NEW occurrence(s)]
DEBUG --> [REQ_ID=8f027dde65c4] [LIFECYCLE][START] GET https://www.mymiwallet.com/index.php/API/Alerts/fetchEmailAlerts

[1 NEW occurrence(s)]
DEBUG --> [REQ_ID=8f027dde65c4] [REQUEST][END]

[1 NEW occurrence(s)]
DEBUG --> [REQ_ID=0a5cfce1b0e7] [REQUEST][START] GET /

[1 NEW occurrence(s)]
DEBUG --> [REQ_ID=0a5cfce1b0e7] [FILTER_BEFORE] /

[1 NEW occurrence(s)]
DEBUG --> [REQ_ID=0a5cfce1b0e7] [ROUTE] Controller=\App\Controllers\Home Method=index

[1 NEW occurrence(s)]
DEBUG --> [REQ_ID=0a5cfce1b0e7] [LIFECYCLE][START] GET https://www.mymiwallet.com/index.php/

[1 NEW occurrence(s)]
DEBUG --> [CSRF] token name=csrf_test_name hash=0d309f095b17a0e17c3c9d42dfed0c18

[1 NEW occurrence(s)]
DEBUG --> [REQ_ID=22ba22912c3e] [INIT] App\Controllers\Home::GET

[1 NEW occurrence(s)]
DEBUG --> [REQ_ID=22ba22912c3e] [VIEW_RENDER] themes/public/home

[1 NEW occurrence(s)]
DEBUG --> [REQ_ID=0a5cfce1b0e7] [FILTER_AFTER]

[1 NEW occurrence(s)]
DEBUG --> [REQ_ID=0a5cfce1b0e7] [LIFECYCLE][END] status=200 duration_ms=820.39 memory_delta=4194304

[1 NEW occurrence(s)]
DEBUG --> [REQ_ID=0a5cfce1b0e7] [REQUEST][END]

[1 NEW occurrence(s)]
DEBUG --> [REQ_ID=0ae192479fd3] [REQUEST][START] HEAD /

[1 NEW occurrence(s)]
DEBUG --> [REQ_ID=9b2bfb4af363] [REQUEST][START] HEAD /

[1 NEW occurrence(s)]
DEBUG --> [REQ_ID=0995c0993edf] [REQUEST][START] HEAD /

[1 NEW occurrence(s)]
DEBUG --> [REQ_ID=36954fcb21aa] [REQUEST][START] HEAD /

[1 NEW occurrence(s)]
DEBUG --> [REQ_ID=035f4971b48b] [REQUEST][START] HEAD /

[1 NEW occurrence(s)]
DEBUG --> [REQ_ID=168675e9fb1b] [REQUEST][START] GET /

[1 NEW occurrence(s)]
DEBUG --> [REQ_ID=168675e9fb1b] [FILTER_BEFORE] /

[1 NEW occurrence(s)]
DEBUG --> [REQ_ID=168675e9fb1b] [ROUTE] Controller=\App\Controllers\Home Method=index

[1 NEW occurrence(s)]
DEBUG --> [REQ_ID=168675e9fb1b] [LIFECYCLE][START] GET https://www.mymiwallet.com/index.php/

[1 NEW occurrence(s)]
DEBUG --> [CSRF] token name=csrf_test_name hash=842595b7dea4c692c7ea0c0db4cb937e

[1 NEW occurrence(s)]
DEBUG --> [REQ_ID=3b124b11ee19] [INIT] App\Controllers\Home::GET

[1 NEW occurrence(s)]
DEBUG --> [REQ_ID=3b124b11ee19] [VIEW_RENDER] themes/public/home

[1 NEW occurrence(s)]
DEBUG --> [REQ_ID=168675e9fb1b] [FILTER_AFTER]

[1 NEW occurrence(s)]
DEBUG --> [REQ_ID=168675e9fb1b] [LIFECYCLE][END] status=200 duration_ms=597.75 memory_delta=4194304

[1 NEW occurrence(s)]
DEBUG --> [REQ_ID=168675e9fb1b] [REQUEST][END]

[1 NEW occurrence(s)]
DEBUG --> [REQ_ID=e22bb6cf6261] [REQUEST][START] HEAD /

[1 NEW occurrence(s)]
DEBUG --> [REQ_ID=145a3b153573] [REQUEST][START] HEAD /

[1 NEW occurrence(s)]
DEBUG --> [REQ_ID=5915dd5b9d87] [REQUEST][START] HEAD /

[1 NEW occurrence(s)]
DEBUG --> [REQ_ID=9fa352736de7] [REQUEST][START] HEAD /

[1 NEW occurrence(s)]
DEBUG --> [REQ_ID=85b13394c763] [REQUEST][START] GET /index.php/API/Management/Run-CRON-Tasks

[1 NEW occurrence(s)]
DEBUG --> [REQ_ID=85b13394c763] [FILTER_BEFORE] /index.php/API/Management/Run-CRON-Tasks

[1 NEW occurrence(s)]
DEBUG --> [REQ_ID=85b13394c763] [ROUTE] Controller=\App\Modules\Management\Controllers\ManagementAPIController Method=Run_CRON_Tasks

[1 NEW occurrence(s)]
DEBUG --> [REQ_ID=85b13394c763] [LIFECYCLE][START] GET https://www.mymiwallet.com/index.php/API/Management/Run-CRON-Tasks

[1 NEW occurrence(s)]
DEBUG --> [REQ_ID=85b13394c763] [REQUEST][END]


---------------------------
LEVEL: INFO (NEW)
---------------------------

[1 NEW occurrence(s)]
INFO --> [AIOPS][SPARK][GOVERNANCE][spark:logs:summarize] Completed

[1 NEW occurrence(s)]
INFO --> [SPARK_COMPLETE] App\Commands\Logs\Summarize duration=0.009715

[11 NEW occurrence(s)]
INFO --> [SPARK_MEMORY] 18874368

[1 NEW occurrence(s)]
INFO --> [spark:app:healthcheck] Started

[1 NEW occurrence(s)]
INFO --> [SPARK_START] App\Commands\App\Healthcheck

[11 NEW occurrence(s)]
INFO --> [SPARK_MEMORY] 16777216

[1 NEW occurrence(s)]
INFO --> [spark:app:healthcheck] Intent

[1 NEW occurrence(s)]
INFO --> LOG_HEALTHCHECK info marker=4386b141036a

[1 NEW occurrence(s)]
INFO --> [spark:app:healthcheck] Completed

[1 NEW occurrence(s)]
INFO --> [SPARK_COMPLETE] App\Commands\App\Healthcheck duration=0.023847

[1 NEW occurrence(s)]
INFO --> [SPARK_COMPLETE] App\Commands\AIOps\Run duration=3.409484

[8 NEW occurrence(s)]
INFO --> [spark:ops:work] Started

[8 NEW occurrence(s)]
INFO --> [SPARK_START] App\Commands\Ops\Work

[8 NEW occurrence(s)]
INFO --> [spark:ops:work] Intent

[8 NEW occurrence(s)]
INFO --> [spark:ops:work] Completed

[1 NEW occurrence(s)]
INFO --> [SPARK_COMPLETE] App\Commands\Ops\Work duration=0.051790

[1 NEW occurrence(s)]
INFO --> [REQ_ID=b8bf0e8822c8] [PERF] Execution time=0.055951

[1 NEW occurrence(s)]
INFO --> [REQ_ID=a69d8602bda6] [MEMORY][controller-start] 6291456

[1 NEW occurrence(s)]
INFO --> [REQ_ID=a69d8602bda6] [MEMORY][commonData:start] 6291456

[1 NEW occurrence(s)]
INFO --> [REQ_ID=a69d8602bda6] [MEMORY][commonData:start] 10485760

[5 NEW occurrence(s)]
INFO --> themesMemory usage: 10485760

[1 NEW occurrence(s)]
INFO --> [REQ_ID=a69d8602bda6] [PERF] Execution time=0.739106

[1 NEW occurrence(s)]
INFO --> [REQ_ID=64f00e50e0b4] [PERF] Execution time=0.781838

[1 NEW occurrence(s)]
INFO --> [REQ_ID=b8d0fb0b1dca] [PERF] Execution time=0.051886

[1 NEW occurrence(s)]
INFO --> [REQ_ID=62c97b3b2398] [MEMORY][controller-start] 4194304

[1 NEW occurrence(s)]
INFO --> [REQ_ID=62c97b3b2398] [PERF] Execution time=0.120219

[1 NEW occurrence(s)]
INFO --> [REQ_ID=0b55c50555d0] [PERF] Execution time=0.135475

[1 NEW occurrence(s)]
INFO --> [REQ_ID=ada3a0d3467f] [MEMORY][controller-start] 4194304

[1 NEW occurrence(s)]
INFO --> [REQ_ID=ada3a0d3467f] [MEMORY][commonData:start] 6291456

[1 NEW occurrence(s)]
INFO --> [REQ_ID=ada3a0d3467f] [MEMORY][commonData:start] 8388608

[4 NEW occurrence(s)]
INFO --> themesMemory usage: 8388608

[1 NEW occurrence(s)]
INFO --> [REQ_ID=ada3a0d3467f] [PERF] Execution time=0.668189

[1 NEW occurrence(s)]
INFO --> [REQ_ID=c4a7e23dac31] [PERF] Execution time=0.690924

[1 NEW occurrence(s)]
INFO --> [SPARK_COMPLETE] App\Commands\Ops\Work duration=0.042836

[1 NEW occurrence(s)]
INFO --> [REQ_ID=2a36dbbf429c] [MEMORY][controller-start] 6291456

[1 NEW occurrence(s)]
INFO --> [REQ_ID=2a36dbbf429c] [MEMORY][commonData:start] 6291456

[1 NEW occurrence(s)]
INFO --> [REQ_ID=2a36dbbf429c] [MEMORY][commonData:start] 10485760

[1 NEW occurrence(s)]
INFO --> [REQ_ID=2a36dbbf429c] [PERF] Execution time=0.923467

[1 NEW occurrence(s)]
INFO --> [REQ_ID=e5e4a4de1f6a] [PERF] Execution time=0.963170

[1 NEW occurrence(s)]
INFO --> [REQ_ID=52146e26e6c3] [MEMORY][controller-start] 4194304

[1 NEW occurrence(s)]
INFO --> [REQ_ID=52146e26e6c3] [MEMORY][commonData:start] 6291456

[1 NEW occurrence(s)]
INFO --> [REQ_ID=52146e26e6c3] [PERF] Execution time=0.815579

[1 NEW occurrence(s)]
INFO --> [REQ_ID=3b5586094193] [PERF] Execution time=0.839678

[1 NEW occurrence(s)]
INFO --> [SPARK_COMPLETE] App\Commands\Ops\Work duration=0.116316

[1 NEW occurrence(s)]
INFO --> [REQ_ID=25a9e1e1164b] [MEMORY][controller-start] 6291456

[1 NEW occurrence(s)]
INFO --> [REQ_ID=25a9e1e1164b] [MEMORY][commonData:start] 6291456

[1 NEW occurrence(s)]
INFO --> [REQ_ID=25a9e1e1164b] [MEMORY][commonData:start] 10485760

[1 NEW occurrence(s)]
INFO --> [REQ_ID=25a9e1e1164b] [PERF] Execution time=0.687233

[1 NEW occurrence(s)]
INFO --> [REQ_ID=d0a655576a2d] [PERF] Execution time=0.727965

[1 NEW occurrence(s)]
INFO --> [REQ_ID=1d1b42c58154] [PERF] Execution time=0.038237

[1 NEW occurrence(s)]
INFO --> [SPARK_COMPLETE] App\Commands\Ops\Work duration=0.192721

[1 NEW occurrence(s)]
INFO --> [REQ_ID=ba0d4af7aadd] [MEMORY][controller-start] 4194304

[1 NEW occurrence(s)]
INFO --> [REQ_ID=ba0d4af7aadd] [MEMORY][commonData:start] 4194304

[1 NEW occurrence(s)]
INFO --> [REQ_ID=ba0d4af7aadd] [MEMORY][commonData:start] 8388608

[1 NEW occurrence(s)]
INFO --> [REQ_ID=ba0d4af7aadd] [PERF] Execution time=0.661288

[1 NEW occurrence(s)]
INFO --> [REQ_ID=c7c35420e5dd] [PERF] Execution time=0.683826

[1 NEW occurrence(s)]
INFO --> [REQ_ID=d0d0e7a7d46d] [MEMORY][controller-start] 4194304

[1 NEW occurrence(s)]
INFO --> [REQ_ID=d0d0e7a7d46d] [MEMORY][commonData:start] 6291456

[1 NEW occurrence(s)]
INFO --> [REQ_ID=d0d0e7a7d46d] [MEMORY][commonData:start] 8388608

[1 NEW occurrence(s)]
INFO --> themesMemory usage: 12582912

[1 NEW occurrence(s)]
INFO --> [REQ_ID=d0d0e7a7d46d] [PERF] Execution time=1.271605

[1 NEW occurrence(s)]
INFO --> [REQ_ID=63e0b83cbf5d] [PERF] Execution time=1.285281

[2 NEW occurrence(s)]
INFO --> CSRF token verified.

[1 NEW occurrence(s)]
INFO --> [REQ_ID=ddd8b287ab52] [MEMORY][controller-start] 8388608

[1 NEW occurrence(s)]
INFO --> [REGISTRATION] Submission received

[2 NEW occurrence(s)]
INFO --> MailService queued email

[1 NEW occurrence(s)]
INFO --> [REQ_ID=ddd8b287ab52] [PERF] Execution time=0.084724

[1 NEW occurrence(s)]
INFO --> [REQ_ID=419680db6adb] [PERF] Execution time=0.097998

[1 NEW occurrence(s)]
INFO --> [REQ_ID=683faeb16fba] [MEMORY][controller-start] 6291456

[1 NEW occurrence(s)]
INFO --> [REQ_ID=683faeb16fba] [MEMORY][commonData:start] 6291456

[1 NEW occurrence(s)]
INFO --> [REQ_ID=683faeb16fba] [MEMORY][commonData:start] 8388608

[1 NEW occurrence(s)]
INFO --> [REQ_ID=683faeb16fba] [PERF] Execution time=1.162555

[1 NEW occurrence(s)]
INFO --> [REQ_ID=04e80e3e22e7] [PERF] Execution time=1.171827

[1 NEW occurrence(s)]
INFO --> [REQ_ID=025bba5d8c62] [MEMORY][controller-start] 8388608

[1 NEW occurrence(s)]
INFO --> [REQ_ID=025bba5d8c62] [PERF] Execution time=0.018329

[1 NEW occurrence(s)]
INFO --> [REQ_ID=9ab553c57488] [PERF] Execution time=0.028745

[1 NEW occurrence(s)]
INFO --> [REQ_ID=993e11a009c2] [MEMORY][controller-start] 6291456

[1 NEW occurrence(s)]
INFO --> AuthController L93: Auth:attemptLogin started.

[1 NEW occurrence(s)]
INFO --> AuthController L104: Auth:attemptLogin rules: {"login":"required","password":"required"}

[1 NEW occurrence(s)]
INFO --> AuthController L132: Auth:attemptLogin Login Variables: login: required, remember: false, ip: 146.19.125.48, ua: Mozilla/5.0 (Windows NT 6.3; Win64; x64) AppleWebKit/537.36 (KHTML, like Gecko) Chrome/103.0.0.0 Safari/537.36

[1 NEW occurrence(s)]
INFO --> [REQ_ID=993e11a009c2] [PERF] Execution time=0.047033

[1 NEW occurrence(s)]
INFO --> [REQ_ID=be1b57bfa4aa] [PERF] Execution time=0.056068

[1 NEW occurrence(s)]
INFO --> [REQ_ID=495603c474b6] [MEMORY][controller-start] 4194304

[1 NEW occurrence(s)]
INFO --> [REQ_ID=495603c474b6] [PERF] Execution time=0.016246

[1 NEW occurrence(s)]
INFO --> [REQ_ID=f0d4d7c0a717] [PERF] Execution time=0.025463

[1 NEW occurrence(s)]
INFO --> [SPARK_COMPLETE] App\Commands\Ops\Work duration=0.092929

[1 NEW occurrence(s)]
INFO --> [REQ_ID=8f027dde65c4] [PERF] Execution time=0.068103

[1 NEW occurrence(s)]
INFO --> [REQ_ID=22ba22912c3e] [MEMORY][controller-start] 4194304

[1 NEW occurrence(s)]
INFO --> [REQ_ID=22ba22912c3e] [MEMORY][commonData:start] 6291456

[1 NEW occurrence(s)]
INFO --> [REQ_ID=22ba22912c3e] [MEMORY][commonData:start] 8388608

[1 NEW occurrence(s)]
INFO --> [REQ_ID=22ba22912c3e] [PERF] Execution time=0.818685

[1 NEW occurrence(s)]
INFO --> [REQ_ID=0a5cfce1b0e7] [PERF] Execution time=0.834416

[1 NEW occurrence(s)]
INFO --> [SPARK_COMPLETE] App\Commands\Ops\Work duration=0.214459

[1 NEW occurrence(s)]
INFO --> [REQ_ID=3b124b11ee19] [MEMORY][controller-start] 6291456

[1 NEW occurrence(s)]
INFO --> [REQ_ID=3b124b11ee19] [MEMORY][commonData:start] 6291456

[1 NEW occurrence(s)]
INFO --> [REQ_ID=3b124b11ee19] [MEMORY][commonData:start] 10485760

[1 NEW occurrence(s)]
INFO --> [REQ_ID=3b124b11ee19] [PERF] Execution time=0.595794

[1 NEW occurrence(s)]
INFO --> [REQ_ID=168675e9fb1b] [PERF] Execution time=0.636358

[1 NEW occurrence(s)]
INFO --> [SPARK_COMPLETE] App\Commands\Ops\Work duration=0.107480

[1 NEW occurrence(s)]
INFO --> [SPARK_START] App\Commands\AIOps\Run

[1 NEW occurrence(s)]
INFO --> [spark:aiops:run] Intent

[1 NEW occurrence(s)]
INFO --> [REQ_ID=85b13394c763] [PERF] Execution time=0.066063

[1 NEW occurrence(s)]
INFO --> [SPARK_COMPLETE] App\Commands\Ops\Work duration=0.290171

[1 NEW occurrence(s)]
INFO --> [AIOPS][SPARK][GOVERNANCE][spark:logs:summarize] Started

[1 NEW occurrence(s)]
INFO --> [SPARK_START] App\Commands\Logs\Summarize

[1 NEW occurrence(s)]
INFO --> [spark:logs:summarize] Intent


---------------------------
LEVEL: NOTICE (NEW)
---------------------------

[1 NEW occurrence(s)]
NOTICE --> LOG_HEALTHCHECK probe marker=4386b141036a


---------------------------
LEVEL: WARNING (NEW)
---------------------------

[1 NEW occurrence(s)]
WARNING --> OllamaPatchRunner:L49 - Original Diff:

[24 NEW occurrence(s)]
WARNING --> [404] URI=https://www.mymiwallet.com/index.php/

[24 NEW occurrence(s)]
WARNING --> 404 route miss: https://www.mymiwallet.com/index.php/ | referrer: http://67.205.42.220

[3 NEW occurrence(s)]
WARNING --> MyMIWallets initialized without numeric user context.

[1 NEW occurrence(s)]
WARNING --> [REGISTRATION] Validation failed (basic fields)

[1 NEW occurrence(s)]
WARNING --> [AUTH_FAILURE]

[1 NEW occurrence(s)]
WARNING --> [AUTH] Login failure

[1 NEW occurrence(s)]
WARNING --> [AUTH] Login failed


---------------------------
LEVEL: ERROR (NEW)
---------------------------

[1 NEW occurrence(s)]
ERROR --> Registration failed: {"username":"The username field is not in the correct format."}


---------------------------
LEVEL: CRITICAL (NEW)
---------------------------

[24 NEW occurrence(s)]
CRITICAL --> CodeIgniter\Exceptions\PageNotFoundException: Page Not Found

[24 NEW occurrence(s)]
CRITICAL --> [EXCEPTION] Page Not Found File=/home/mymiteam/mymiwallet/site/current/vendor/codeigniter4/framework/system/CodeIgniter.php Line=1001


---- CONFIG LINT ----
✅ Services::cache
✅ Services::responsecache
✅ Services::session
✅ Services::email
✅ Services::logger
✅ Services::validation
✅ Services::renderer
