===============================================
   MyMI Wallet — Log Summary for 2026-03-09
   Auto-generated by logs:summarize command
   Grouped by (LEVEL + message)
===============================================

Last processed up to: <none> (first run for this date)

---------------------------
LEVEL: DEBUG
---------------------------

[1 occurrence(s)]
DEBUG --> [REQ_ID=96039ca6029c] [REQUEST][START] GET /index.php/API/Management/Run-CRON-Tasks

[172 occurrence(s)]
DEBUG --> Session: Class initialized using 'CodeIgniter\Session\Handlers\FileHandler' driver.

[1 occurrence(s)]
DEBUG --> [REQ_ID=96039ca6029c] [FILTER_BEFORE] /index.php/API/Management/Run-CRON-Tasks

[1 occurrence(s)]
DEBUG --> [REQ_ID=96039ca6029c] [ROUTE] Controller=\App\Modules\Management\Controllers\ManagementAPIController Method=Run_CRON_Tasks

[1 occurrence(s)]
DEBUG --> [REQ_ID=96039ca6029c] [LIFECYCLE][START] GET https://www.mymiwallet.com/index.php/API/Management/Run-CRON-Tasks

[1 occurrence(s)]
DEBUG --> [REQ_ID=96039ca6029c] [REQUEST][END]

[1 occurrence(s)]
DEBUG --> [REQ_ID=7c8822103e5a] [REQUEST][START] HEAD /

[1 occurrence(s)]
DEBUG --> [REQ_ID=e413dafdaf9d] [REQUEST][START] HEAD /

[1 occurrence(s)]
DEBUG --> [REQ_ID=009be23b14c2] [REQUEST][START] HEAD /

[1 occurrence(s)]
DEBUG --> [REQ_ID=d1f5ed00b21a] [REQUEST][START] GET /index.php/API/Alerts/fetchEmailAlerts

[1 occurrence(s)]
DEBUG --> [REQ_ID=d1f5ed00b21a] [FILTER_BEFORE] /index.php/API/Alerts/fetchEmailAlerts

[1 occurrence(s)]
DEBUG --> [REQ_ID=d1f5ed00b21a] [ROUTE] Controller=\App\Modules\APIs\Controllers\AlertsAPIController Method=fetchEmailAlerts

[1 occurrence(s)]
DEBUG --> [REQ_ID=d1f5ed00b21a] [LIFECYCLE][START] GET https://www.mymiwallet.com/index.php/API/Alerts/fetchEmailAlerts

[1 occurrence(s)]
DEBUG --> [REQ_ID=d1f5ed00b21a] [REQUEST][END]

[1 occurrence(s)]
DEBUG --> [REQ_ID=2fba78881c5e] [REQUEST][START] HEAD /

[1 occurrence(s)]
DEBUG --> [REQ_ID=bfe7d5aab5e4] [REQUEST][START] GET /index.php/Wallets

[1 occurrence(s)]
DEBUG --> [REQ_ID=bfe7d5aab5e4] [FILTER_BEFORE] /index.php/Wallets

[1 occurrence(s)]
DEBUG --> [REQ_ID=bfe7d5aab5e4] [ROUTE] Controller=\App\Modules\User\Controllers\WalletsController Method=index

[1 occurrence(s)]
DEBUG --> [REQ_ID=bfe7d5aab5e4] [LIFECYCLE][START] GET https://www.mymiwallet.com/index.php/Wallets

[1 occurrence(s)]
DEBUG --> [CSRF] token name=csrf_test_name hash=07d86bab158d01f65c6e606e22ef7a1a

[1 occurrence(s)]
DEBUG --> [REQ_ID=bfe7d5aab5e4] [REQUEST][END]

[1 occurrence(s)]
DEBUG --> [REQ_ID=c0a500610023] [REQUEST][START] GET /index.php/login

[1 occurrence(s)]
DEBUG --> [REQ_ID=c0a500610023] [FILTER_BEFORE] /index.php/login

[1 occurrence(s)]
DEBUG --> [REQ_ID=c0a500610023] [ROUTE] Controller=\App\Controllers\AuthController Method=login

[1 occurrence(s)]
DEBUG --> [REQ_ID=c0a500610023] [LIFECYCLE][START] GET https://www.mymiwallet.com/index.php/login

[1 occurrence(s)]
DEBUG --> [CSRF] token name=csrf_test_name hash=f42131d39b70816362700b9a014f08b3

[1 occurrence(s)]
DEBUG --> [REQ_ID=76cd56be4150] [INIT] App\Controllers\AuthController::GET

[1 occurrence(s)]
DEBUG --> [REQ_ID=c0a500610023] [FILTER_AFTER]

[1 occurrence(s)]
DEBUG --> [REQ_ID=c0a500610023] [LIFECYCLE][END] status=200 duration_ms=135.16 memory_delta=0

[1 occurrence(s)]
DEBUG --> [REQ_ID=c0a500610023] [REQUEST][END]

[1 occurrence(s)]
DEBUG --> [REQ_ID=abc160d6b6a9] [REQUEST][START] HEAD /

[1 occurrence(s)]
DEBUG --> [REQ_ID=1a649e55df17] [REQUEST][START] GET /index.php/MyMI-Gold/Goals/Daily

[1 occurrence(s)]
DEBUG --> [REQ_ID=1a649e55df17] [FILTER_BEFORE] /index.php/MyMI-Gold/Goals/Daily

[1 occurrence(s)]
DEBUG --> [REQ_ID=1a649e55df17] [ROUTE] Controller=\App\Modules\User\Controllers\DashboardController Method=goals

[1 occurrence(s)]
DEBUG --> [REQ_ID=1a649e55df17] [LIFECYCLE][START] GET https://www.mymiwallet.com/index.php/MyMI-Gold/Goals/Daily

[1 occurrence(s)]
DEBUG --> [CSRF] token name=csrf_test_name hash=d1dfeeee73a1d4d755c0a2526042ba59

[1 occurrence(s)]
DEBUG --> [REQ_ID=1a649e55df17] [REQUEST][END]

[1 occurrence(s)]
DEBUG --> [REQ_ID=3f87c79471a4] [REQUEST][START] GET /index.php/login

[1 occurrence(s)]
DEBUG --> [REQ_ID=3f87c79471a4] [FILTER_BEFORE] /index.php/login

[1 occurrence(s)]
DEBUG --> [REQ_ID=3f87c79471a4] [ROUTE] Controller=\App\Controllers\AuthController Method=login

[1 occurrence(s)]
DEBUG --> [REQ_ID=3f87c79471a4] [LIFECYCLE][START] GET https://www.mymiwallet.com/index.php/login

[1 occurrence(s)]
DEBUG --> [CSRF] token name=csrf_test_name hash=11e1d3ec31a81ce206ba5c37b5d98cdd

[1 occurrence(s)]
DEBUG --> [REQ_ID=5b002df5f432] [INIT] App\Controllers\AuthController::GET

[1 occurrence(s)]
DEBUG --> [REQ_ID=3f87c79471a4] [FILTER_AFTER]

[1 occurrence(s)]
DEBUG --> [REQ_ID=3f87c79471a4] [LIFECYCLE][END] status=200 duration_ms=28.51 memory_delta=0

[1 occurrence(s)]
DEBUG --> [REQ_ID=3f87c79471a4] [REQUEST][END]

[1 occurrence(s)]
DEBUG --> [REQ_ID=0951aae0f8e9] [REQUEST][START] GET /index.php/Privacy-Policy

[1 occurrence(s)]
DEBUG --> [REQ_ID=0951aae0f8e9] [FILTER_BEFORE] /index.php/Privacy-Policy

[1 occurrence(s)]
DEBUG --> [REQ_ID=0951aae0f8e9] [ROUTE] Controller=\App\Controllers\Home Method=privacyPolicy

[1 occurrence(s)]
DEBUG --> [REQ_ID=0951aae0f8e9] [LIFECYCLE][START] GET https://www.mymiwallet.com/index.php/Privacy-Policy

[1 occurrence(s)]
DEBUG --> [CSRF] token name=csrf_test_name hash=27a18ce524c6f742771c897aa3284a31

[1 occurrence(s)]
DEBUG --> [REQ_ID=77ac611e59b2] [INIT] App\Controllers\Home::GET

[39 occurrence(s)]
DEBUG --> MyMIUser L52 - initialized (first log).

[1 occurrence(s)]
DEBUG --> [MetaService] slug=privacy-policy pageName= cacheHit= path=DB

[1 occurrence(s)]
DEBUG --> [REQ_ID=77ac611e59b2] [VIEW_RENDER] themes/public/privacyPolicy

[1 occurrence(s)]
DEBUG --> [MetaService] slug=privacy-policy pageName=Privacy Policy cacheHit= path=DB

[1 occurrence(s)]
DEBUG --> [REQ_ID=0951aae0f8e9] [FILTER_AFTER]

[1 occurrence(s)]
DEBUG --> [REQ_ID=0951aae0f8e9] [LIFECYCLE][END] status=200 duration_ms=693.03 memory_delta=4194304

[1 occurrence(s)]
DEBUG --> [REQ_ID=0951aae0f8e9] [REQUEST][END]

[1 occurrence(s)]
DEBUG --> [REQ_ID=c24ad3053294] [REQUEST][START] HEAD /

[1 occurrence(s)]
DEBUG --> [REQ_ID=860a000524b1] [REQUEST][START] GET /index.php/Management/Marketing/Video-Creator

[1 occurrence(s)]
DEBUG --> [REQ_ID=860a000524b1] [FILTER_BEFORE] /index.php/Management/Marketing/Video-Creator

[1 occurrence(s)]
DEBUG --> [REQ_ID=860a000524b1] [ROUTE] Controller=\App\Modules\Management\Controllers\MarketingAdminController Method=videoCreator

[1 occurrence(s)]
DEBUG --> [REQ_ID=860a000524b1] [LIFECYCLE][START] GET https://www.mymiwallet.com/index.php/Management/Marketing/Video-Creator

[1 occurrence(s)]
DEBUG --> [CSRF] token name=csrf_test_name hash=6d67f47a7e2e8326b3a66e3f7b5ac80b

[1 occurrence(s)]
DEBUG --> [REQ_ID=860a000524b1] [REQUEST][END]

[1 occurrence(s)]
DEBUG --> [REQ_ID=3b36c627fdf2] [REQUEST][START] GET /index.php/login

[1 occurrence(s)]
DEBUG --> [REQ_ID=3b36c627fdf2] [FILTER_BEFORE] /index.php/login

[1 occurrence(s)]
DEBUG --> [REQ_ID=3b36c627fdf2] [ROUTE] Controller=\App\Controllers\AuthController Method=login

[1 occurrence(s)]
DEBUG --> [REQ_ID=3b36c627fdf2] [LIFECYCLE][START] GET https://www.mymiwallet.com/index.php/login

[1 occurrence(s)]
DEBUG --> [CSRF] token name=csrf_test_name hash=e6374eea93c8f0913873004cec7196f1

[1 occurrence(s)]
DEBUG --> [REQ_ID=889e62c8fe23] [INIT] App\Controllers\AuthController::GET

[1 occurrence(s)]
DEBUG --> [REQ_ID=3b36c627fdf2] [FILTER_AFTER]

[1 occurrence(s)]
DEBUG --> [REQ_ID=3b36c627fdf2] [LIFECYCLE][END] status=200 duration_ms=40.33 memory_delta=0

[1 occurrence(s)]
DEBUG --> [REQ_ID=3b36c627fdf2] [REQUEST][END]

[1 occurrence(s)]
DEBUG --> [REQ_ID=2dd8184253ad] [REQUEST][START] GET /index.php/Management/Alerts

[1 occurrence(s)]
DEBUG --> [REQ_ID=2dd8184253ad] [FILTER_BEFORE] /index.php/Management/Alerts

[1 occurrence(s)]
DEBUG --> [REQ_ID=2dd8184253ad] [ROUTE] Controller=\App\Modules\Management\Controllers\AlertsAdminController Method=index

[1 occurrence(s)]
DEBUG --> [REQ_ID=2dd8184253ad] [LIFECYCLE][START] GET https://www.mymiwallet.com/index.php/Management/Alerts

[1 occurrence(s)]
DEBUG --> [CSRF] token name=csrf_test_name hash=451b3327558f0088dffdad7d7a91bbeb

[1 occurrence(s)]
DEBUG --> [REQ_ID=2dd8184253ad] [REQUEST][END]

[1 occurrence(s)]
DEBUG --> [REQ_ID=67bee2c73346] [REQUEST][START] GET /index.php/login

[1 occurrence(s)]
DEBUG --> [REQ_ID=67bee2c73346] [FILTER_BEFORE] /index.php/login

[1 occurrence(s)]
DEBUG --> [REQ_ID=67bee2c73346] [ROUTE] Controller=\App\Controllers\AuthController Method=login

[1 occurrence(s)]
DEBUG --> [REQ_ID=67bee2c73346] [LIFECYCLE][START] GET https://www.mymiwallet.com/index.php/login

[1 occurrence(s)]
DEBUG --> [CSRF] token name=csrf_test_name hash=c78cda43db89dd3d20d4f3d117cd0b77

[1 occurrence(s)]
DEBUG --> [REQ_ID=9dd2856f448f] [INIT] App\Controllers\AuthController::GET

[1 occurrence(s)]
DEBUG --> [REQ_ID=67bee2c73346] [FILTER_AFTER]

[1 occurrence(s)]
DEBUG --> [REQ_ID=67bee2c73346] [LIFECYCLE][END] status=200 duration_ms=173.90 memory_delta=0

[1 occurrence(s)]
DEBUG --> [REQ_ID=67bee2c73346] [REQUEST][END]

[1 occurrence(s)]
DEBUG --> [REQ_ID=c34cb74e6a8e] [REQUEST][START] HEAD /

[1 occurrence(s)]
DEBUG --> [REQ_ID=3def506a6cd5] [REQUEST][START] HEAD /

[1 occurrence(s)]
DEBUG --> [REQ_ID=6695faf114cf] [REQUEST][START] HEAD /

[1 occurrence(s)]
DEBUG --> [REQ_ID=b29deb09ae60] [REQUEST][START] GET /index.php/Preview/Alert/IMNN

[1 occurrence(s)]
DEBUG --> [REQ_ID=b29deb09ae60] [FILTER_BEFORE] /index.php/Preview/Alert/IMNN

[1 occurrence(s)]
DEBUG --> [REQ_ID=b29deb09ae60] [ROUTE] Controller=\App\Modules\User\Controllers\AlertsController Method=preview

[1 occurrence(s)]
DEBUG --> [REQ_ID=b29deb09ae60] [LIFECYCLE][START] GET https://www.mymiwallet.com/index.php/Preview/Alert/IMNN

[1 occurrence(s)]
DEBUG --> [CSRF] token name=csrf_test_name hash=ae618f398350c8a881155e1107396bcb

[1 occurrence(s)]
DEBUG --> [REQ_ID=bc619e763967] [INIT] App\Modules\User\Controllers\AlertsController::GET

[1 occurrence(s)]
DEBUG --> [REQ_ID=bc619e763967] [METHOD_ENTRY] preview

[20 occurrence(s)]
DEBUG --> [SERVICE] App\Services\BudgetService ::setUserId

[63 occurrence(s)]
DEBUG --> MyMICoin: guest context detected; skipping user-specific preload.

[2 occurrence(s)]
DEBUG --> MyMIInvestments: no session user detected; skipping personalized hydration.

[1 occurrence(s)]
DEBUG --> MyMIMarketing: Pscrape library not installed; Google search scraping will use fallback.

[2 occurrence(s)]
DEBUG --> MyMIAlerts: no authenticated user context detected.

[1 occurrence(s)]
DEBUG --> [REQ_ID=bc619e763967] [VIEW_RENDER] themes/public/previewAlert

[1 occurrence(s)]
DEBUG --> [REQ_ID=b29deb09ae60] [FILTER_AFTER]

[1 occurrence(s)]
DEBUG --> [REQ_ID=b29deb09ae60] [LIFECYCLE][END] status=200 duration_ms=784.71 memory_delta=2097152

[1 occurrence(s)]
DEBUG --> [REQ_ID=b29deb09ae60] [REQUEST][END]

[1 occurrence(s)]
DEBUG --> [REQ_ID=85b181eba96c] [REQUEST][START] GET /index.php/Premium-Features/Due-Diligence-Database

[1 occurrence(s)]
DEBUG --> [REQ_ID=85b181eba96c] [REQUEST][END]

[1 occurrence(s)]
DEBUG --> [REQ_ID=7f1a902edd78] [REQUEST][START] HEAD /

[1 occurrence(s)]
DEBUG --> [REQ_ID=1d44cbb45066] [REQUEST][START] GET /

[1 occurrence(s)]
DEBUG --> [REQ_ID=1d44cbb45066] [FILTER_BEFORE] /

[1 occurrence(s)]
DEBUG --> [REQ_ID=1d44cbb45066] [ROUTE] Controller=\App\Controllers\Home Method=index

[1 occurrence(s)]
DEBUG --> [REQ_ID=1d44cbb45066] [LIFECYCLE][START] GET https://www.mymiwallet.com/index.php/

[1 occurrence(s)]
DEBUG --> [CSRF] token name=csrf_test_name hash=eea0e5173c131b86117601095023157c

[1 occurrence(s)]
DEBUG --> [REQ_ID=de51edc8b455] [INIT] App\Controllers\Home::GET

[10 occurrence(s)]
DEBUG --> [MetaService] slug= pageName= cacheHit= path=FALLBACK

[1 occurrence(s)]
DEBUG --> [REQ_ID=de51edc8b455] [VIEW_RENDER] themes/public/home

[5 occurrence(s)]
DEBUG --> [MetaService] slug= pageName=Home cacheHit= path=DB

[1 occurrence(s)]
DEBUG --> [REQ_ID=1d44cbb45066] [FILTER_AFTER]

[1 occurrence(s)]
DEBUG --> [REQ_ID=1d44cbb45066] [LIFECYCLE][END] status=200 duration_ms=787.13 memory_delta=4194304

[1 occurrence(s)]
DEBUG --> [REQ_ID=1d44cbb45066] [REQUEST][END]

[1 occurrence(s)]
DEBUG --> [REQ_ID=c9ad889c5950] [REQUEST][START] HEAD /

[1 occurrence(s)]
DEBUG --> [REQ_ID=ac05025656e3] [REQUEST][START] GET /

[1 occurrence(s)]
DEBUG --> [REQ_ID=ac05025656e3] [FILTER_BEFORE] /

[1 occurrence(s)]
DEBUG --> [REQ_ID=ac05025656e3] [ROUTE] Controller=\App\Controllers\Home Method=index

[1 occurrence(s)]
DEBUG --> [REQ_ID=ac05025656e3] [LIFECYCLE][START] GET https://www.mymiwallet.com/index.php/

[1 occurrence(s)]
DEBUG --> [CSRF] token name=csrf_test_name hash=840e2d322e4de0e0e45c61d691156ed6

[1 occurrence(s)]
DEBUG --> [REQ_ID=8db75112452d] [INIT] App\Controllers\Home::GET

[9 occurrence(s)]
DEBUG --> [MetaService] slug= pageName= cacheHit=1 path=CACHE

[1 occurrence(s)]
DEBUG --> [REQ_ID=8db75112452d] [VIEW_RENDER] themes/public/home

[14 occurrence(s)]
DEBUG --> [MetaService] slug= pageName=Home cacheHit=1 path=CACHE

[1 occurrence(s)]
DEBUG --> [REQ_ID=ac05025656e3] [FILTER_AFTER]

[1 occurrence(s)]
DEBUG --> [REQ_ID=ac05025656e3] [LIFECYCLE][END] status=200 duration_ms=648.82 memory_delta=4194304

[1 occurrence(s)]
DEBUG --> [REQ_ID=ac05025656e3] [REQUEST][END]

[1 occurrence(s)]
DEBUG --> [REQ_ID=0b95032b1a91] [REQUEST][START] HEAD /

[1 occurrence(s)]
DEBUG --> [REQ_ID=7a17563767ed] [REQUEST][START] GET /index.php/API/Management/Run-CRON-Tasks

[1 occurrence(s)]
DEBUG --> [REQ_ID=7a17563767ed] [FILTER_BEFORE] /index.php/API/Management/Run-CRON-Tasks

[1 occurrence(s)]
DEBUG --> [REQ_ID=7a17563767ed] [ROUTE] Controller=\App\Modules\Management\Controllers\ManagementAPIController Method=Run_CRON_Tasks

[1 occurrence(s)]
DEBUG --> [REQ_ID=7a17563767ed] [LIFECYCLE][START] GET https://www.mymiwallet.com/index.php/API/Management/Run-CRON-Tasks

[1 occurrence(s)]
DEBUG --> [REQ_ID=7a17563767ed] [REQUEST][END]

[1 occurrence(s)]
DEBUG --> [REQ_ID=d50caf6ca704] [REQUEST][START] HEAD /

[1 occurrence(s)]
DEBUG --> [REQ_ID=dc058bcf544e] [REQUEST][START] HEAD /

[1 occurrence(s)]
DEBUG --> [REQ_ID=3e8fbc40a0a6] [REQUEST][START] HEAD /

[1 occurrence(s)]
DEBUG --> [REQ_ID=90f7659f9a94] [REQUEST][START] GET /index.php/API/Alerts/fetchEmailAlerts

[1 occurrence(s)]
DEBUG --> [REQ_ID=90f7659f9a94] [FILTER_BEFORE] /index.php/API/Alerts/fetchEmailAlerts

[1 occurrence(s)]
DEBUG --> [REQ_ID=90f7659f9a94] [ROUTE] Controller=\App\Modules\APIs\Controllers\AlertsAPIController Method=fetchEmailAlerts

[1 occurrence(s)]
DEBUG --> [REQ_ID=90f7659f9a94] [LIFECYCLE][START] GET https://www.mymiwallet.com/index.php/API/Alerts/fetchEmailAlerts

[1 occurrence(s)]
DEBUG --> [REQ_ID=90f7659f9a94] [REQUEST][END]

[1 occurrence(s)]
DEBUG --> [REQ_ID=39bcf33cfc26] [REQUEST][START] HEAD /

[1 occurrence(s)]
DEBUG --> [REQ_ID=da0a1a0da9f4] [REQUEST][START] GET /

[1 occurrence(s)]
DEBUG --> [REQ_ID=da0a1a0da9f4] [FILTER_BEFORE] /

[1 occurrence(s)]
DEBUG --> [REQ_ID=da0a1a0da9f4] [ROUTE] Controller=\App\Controllers\Home Method=index

[1 occurrence(s)]
DEBUG --> [REQ_ID=da0a1a0da9f4] [LIFECYCLE][START] GET https://www.mymiwallet.com/index.php/

[1 occurrence(s)]
DEBUG --> [CSRF] token name=csrf_test_name hash=51e6e32f546eb8217ddfa6856e946fba

[1 occurrence(s)]
DEBUG --> [REQ_ID=11ba376001d4] [INIT] App\Controllers\Home::GET

[1 occurrence(s)]
DEBUG --> [REQ_ID=11ba376001d4] [VIEW_RENDER] themes/public/home

[1 occurrence(s)]
DEBUG --> [REQ_ID=da0a1a0da9f4] [FILTER_AFTER]

[1 occurrence(s)]
DEBUG --> [REQ_ID=da0a1a0da9f4] [LIFECYCLE][END] status=200 duration_ms=773.62 memory_delta=4194304

[1 occurrence(s)]
DEBUG --> [REQ_ID=da0a1a0da9f4] [REQUEST][END]

[1 occurrence(s)]
DEBUG --> [REQ_ID=5f3b7465b94b] [REQUEST][START] GET /index.php/Support/Account

[1 occurrence(s)]
DEBUG --> [REQ_ID=5f3b7465b94b] [FILTER_BEFORE] /index.php/Support/Account

[1 occurrence(s)]
DEBUG --> [REQ_ID=5f3b7465b94b] [ROUTE] Controller=\App\Modules\Support\Controllers\AccountSupportController Method=index

[1 occurrence(s)]
DEBUG --> [REQ_ID=5f3b7465b94b] [LIFECYCLE][START] GET https://www.mymiwallet.com/index.php/Support/Account

[1 occurrence(s)]
DEBUG --> [CSRF] token name=csrf_test_name hash=fc14d639b34c820b52ff026364c72b37

[1 occurrence(s)]
DEBUG --> [REQ_ID=bf0f3896f52a] [INIT] App\Modules\Support\Controllers\AccountSupportController::GET

[1 occurrence(s)]
DEBUG --> [REQ_ID=bf0f3896f52a] [METHOD_ENTRY] index

[1 occurrence(s)]
DEBUG --> [REQ_ID=bf0f3896f52a] [VIEW_RENDER] SupportModule/Support/account_help

[1 occurrence(s)]
DEBUG --> [REQ_ID=5f3b7465b94b] [FILTER_AFTER]

[1 occurrence(s)]
DEBUG --> [REQ_ID=5f3b7465b94b] [LIFECYCLE][END] status=200 duration_ms=78.53 memory_delta=0

[1 occurrence(s)]
DEBUG --> [REQ_ID=5f3b7465b94b] [REQUEST][END]

[1 occurrence(s)]
DEBUG --> [REQ_ID=055397cd31fd] [REQUEST][START] HEAD /

[1 occurrence(s)]
DEBUG --> [REQ_ID=2e525cf17371] [REQUEST][START] GET /index.php/How-It-Works/Automated-Financial-Insights

[1 occurrence(s)]
DEBUG --> [REQ_ID=2e525cf17371] [FILTER_BEFORE] /index.php/How-It-Works/Automated-Financial-Insights

[1 occurrence(s)]
DEBUG --> [REQ_ID=2e525cf17371] [ROUTE] Controller=\App\Modules\Blog\Controllers\HowItWorksController Method=show

[1 occurrence(s)]
DEBUG --> [REQ_ID=2e525cf17371] [LIFECYCLE][START] GET https://www.mymiwallet.com/index.php/How-It-Works/Automated-Financial-Insights

[1 occurrence(s)]
DEBUG --> [CSRF] token name=csrf_test_name hash=a790d2a13fa2d63336970550d33bf747

[1 occurrence(s)]
DEBUG --> [REQ_ID=dfd0fec4c639] [INIT] App\Modules\Blog\Controllers\HowItWorksController::GET

[1 occurrence(s)]
DEBUG --> [REQ_ID=dfd0fec4c639] [METHOD_ENTRY] show

[1 occurrence(s)]
DEBUG --> [REQ_ID=19c12882de88] [REQUEST][START] HEAD /

[1 occurrence(s)]
DEBUG --> [REQ_ID=84dcd77111d9] [REQUEST][START] GET /index.php/How-It-Works/overview

[1 occurrence(s)]
DEBUG --> [REQ_ID=84dcd77111d9] [FILTER_BEFORE] /index.php/How-It-Works/overview

[1 occurrence(s)]
DEBUG --> [REQ_ID=84dcd77111d9] [ROUTE] Controller=\App\Modules\Blog\Controllers\HowItWorksController Method=show

[1 occurrence(s)]
DEBUG --> [REQ_ID=84dcd77111d9] [LIFECYCLE][START] GET https://www.mymiwallet.com/index.php/How-It-Works/overview

[1 occurrence(s)]
DEBUG --> [CSRF] token name=csrf_test_name hash=4f266814280d4bb1e3e68310266d9b46

[1 occurrence(s)]
DEBUG --> [REQ_ID=caa423f00326] [INIT] App\Modules\Blog\Controllers\HowItWorksController::GET

[1 occurrence(s)]
DEBUG --> [REQ_ID=caa423f00326] [METHOD_ENTRY] show

[1 occurrence(s)]
DEBUG --> [REQ_ID=d17d6c0d1ef6] [REQUEST][START] GET /index.php/Support

[1 occurrence(s)]
DEBUG --> [REQ_ID=d17d6c0d1ef6] [FILTER_BEFORE] /index.php/Support

[1 occurrence(s)]
DEBUG --> [REQ_ID=d17d6c0d1ef6] [ROUTE] Controller=\App\Modules\Support\Controllers\SupportController Method=index

[1 occurrence(s)]
DEBUG --> [REQ_ID=d17d6c0d1ef6] [LIFECYCLE][START] GET https://www.mymiwallet.com/index.php/Support

[1 occurrence(s)]
DEBUG --> [CSRF] token name=csrf_test_name hash=08b167c3f7738ba68d8edb0f9803d578

[1 occurrence(s)]
DEBUG --> [REQ_ID=c63f0cdb29b6] [INIT] App\Modules\Support\Controllers\SupportController::GET

[1 occurrence(s)]
DEBUG --> [REQ_ID=c63f0cdb29b6] [METHOD_ENTRY] index

[1 occurrence(s)]
DEBUG --> [REQ_ID=c63f0cdb29b6] [VIEW_RENDER] SupportModule\Views\Support\index

[1 occurrence(s)]
DEBUG --> [REQ_ID=d17d6c0d1ef6] [FILTER_AFTER]

[1 occurrence(s)]
DEBUG --> [REQ_ID=d17d6c0d1ef6] [LIFECYCLE][END] status=200 duration_ms=34.64 memory_delta=0

[1 occurrence(s)]
DEBUG --> [REQ_ID=d17d6c0d1ef6] [REQUEST][END]

[1 occurrence(s)]
DEBUG --> [REQ_ID=7cf7aba9f367] [REQUEST][START] HEAD /

[1 occurrence(s)]
DEBUG --> [REQ_ID=8ac5fba62012] [REQUEST][START] GET /index.php/API/Management/Run-CRON-Tasks

[1 occurrence(s)]
DEBUG --> [REQ_ID=8ac5fba62012] [FILTER_BEFORE] /index.php/API/Management/Run-CRON-Tasks

[1 occurrence(s)]
DEBUG --> [REQ_ID=8ac5fba62012] [ROUTE] Controller=\App\Modules\Management\Controllers\ManagementAPIController Method=Run_CRON_Tasks

[1 occurrence(s)]
DEBUG --> [REQ_ID=8ac5fba62012] [LIFECYCLE][START] GET https://www.mymiwallet.com/index.php/API/Management/Run-CRON-Tasks

[1 occurrence(s)]
DEBUG --> [REQ_ID=8ac5fba62012] [REQUEST][END]

[1 occurrence(s)]
DEBUG --> [REQ_ID=fef5e3958159] [REQUEST][START] HEAD /

[1 occurrence(s)]
DEBUG --> [REQ_ID=9dcf1454c4bf] [REQUEST][START] GET /index.php/Investments/Watchlist

[1 occurrence(s)]
DEBUG --> [REQ_ID=9dcf1454c4bf] [FILTER_BEFORE] /index.php/Investments/Watchlist

[1 occurrence(s)]
DEBUG --> [REQ_ID=9dcf1454c4bf] [ROUTE] Controller=\App\Modules\User\Controllers\InvestmentsController Method=watchlist

[1 occurrence(s)]
DEBUG --> [REQ_ID=9dcf1454c4bf] [LIFECYCLE][START] GET https://www.mymiwallet.com/index.php/Investments/Watchlist

[1 occurrence(s)]
DEBUG --> [CSRF] token name=csrf_test_name hash=ecdc471cafda590887ea2fd6cf127f68

[1 occurrence(s)]
DEBUG --> [REQ_ID=9dcf1454c4bf] [REQUEST][END]

[1 occurrence(s)]
DEBUG --> [REQ_ID=7781800a451a] [REQUEST][START] GET /index.php/login

[1 occurrence(s)]
DEBUG --> [REQ_ID=7781800a451a] [FILTER_BEFORE] /index.php/login

[1 occurrence(s)]
DEBUG --> [REQ_ID=7781800a451a] [ROUTE] Controller=\App\Controllers\AuthController Method=login

[1 occurrence(s)]
DEBUG --> [REQ_ID=7781800a451a] [LIFECYCLE][START] GET https://www.mymiwallet.com/index.php/login

[1 occurrence(s)]
DEBUG --> [CSRF] token name=csrf_test_name hash=51e1a2678605152f081343cc1b8db894

[1 occurrence(s)]
DEBUG --> [REQ_ID=f0bc039200a6] [INIT] App\Controllers\AuthController::GET

[1 occurrence(s)]
DEBUG --> [REQ_ID=7781800a451a] [FILTER_AFTER]

[1 occurrence(s)]
DEBUG --> [REQ_ID=7781800a451a] [LIFECYCLE][END] status=200 duration_ms=111.15 memory_delta=0

[1 occurrence(s)]
DEBUG --> [REQ_ID=7781800a451a] [REQUEST][END]

[1 occurrence(s)]
DEBUG --> [REQ_ID=68b1aa163e94] [REQUEST][START] HEAD /

[1 occurrence(s)]
DEBUG --> [REQ_ID=e88242acc840] [REQUEST][START] HEAD /

[1 occurrence(s)]
DEBUG --> [REQ_ID=7271ba89d1da] [REQUEST][START] HEAD /

[1 occurrence(s)]
DEBUG --> [REQ_ID=f3e032545913] [REQUEST][START] GET /index.php/API/Alerts/fetchEmailAlerts

[1 occurrence(s)]
DEBUG --> [REQ_ID=f3e032545913] [FILTER_BEFORE] /index.php/API/Alerts/fetchEmailAlerts

[1 occurrence(s)]
DEBUG --> [REQ_ID=f3e032545913] [ROUTE] Controller=\App\Modules\APIs\Controllers\AlertsAPIController Method=fetchEmailAlerts

[1 occurrence(s)]
DEBUG --> [REQ_ID=f3e032545913] [LIFECYCLE][START] GET https://www.mymiwallet.com/index.php/API/Alerts/fetchEmailAlerts

[1 occurrence(s)]
DEBUG --> [REQ_ID=f3e032545913] [REQUEST][END]

[1 occurrence(s)]
DEBUG --> [REQ_ID=b9a2d7112903] [REQUEST][START] HEAD /

[1 occurrence(s)]
DEBUG --> [REQ_ID=1e3a10f763db] [REQUEST][START] HEAD /

[1 occurrence(s)]
DEBUG --> [REQ_ID=db2c2352b33c] [REQUEST][START] HEAD /

[1 occurrence(s)]
DEBUG --> [REQ_ID=84ddffb33c78] [REQUEST][START] HEAD /

[1 occurrence(s)]
DEBUG --> [REQ_ID=a2c672425f9b] [REQUEST][START] GET /index.php/Customer-Support

[1 occurrence(s)]
DEBUG --> [REQ_ID=a2c672425f9b] [FILTER_BEFORE] /index.php/Customer-Support

[1 occurrence(s)]
DEBUG --> [REQ_ID=a2c672425f9b] [ROUTE] Controller=\App\Controllers\App\Modules\Support\Controllers\SupportController Method=index

[1 occurrence(s)]
DEBUG --> [REQ_ID=a2c672425f9b] [LIFECYCLE][START] GET https://www.mymiwallet.com/index.php/Customer-Support

[1 occurrence(s)]
DEBUG --> [CSRF] token name=csrf_test_name hash=b8e61310c89f4cb0e2e749802b25ca39

[1 occurrence(s)]
DEBUG --> [REQ_ID=a2c672425f9b] [REQUEST][END]

[1 occurrence(s)]
DEBUG --> [REQ_ID=3305c07bf34e] [REQUEST][START] GET /index.php/login

[1 occurrence(s)]
DEBUG --> [REQ_ID=3305c07bf34e] [FILTER_BEFORE] /index.php/login

[1 occurrence(s)]
DEBUG --> [REQ_ID=3305c07bf34e] [ROUTE] Controller=\App\Controllers\AuthController Method=login

[1 occurrence(s)]
DEBUG --> [REQ_ID=3305c07bf34e] [LIFECYCLE][START] GET https://www.mymiwallet.com/index.php/login

[1 occurrence(s)]
DEBUG --> [CSRF] token name=csrf_test_name hash=9d854bbe69f5074374f5e5116f71f86e

[1 occurrence(s)]
DEBUG --> [REQ_ID=281a8455f507] [INIT] App\Controllers\AuthController::GET

[1 occurrence(s)]
DEBUG --> [REQ_ID=3305c07bf34e] [FILTER_AFTER]

[1 occurrence(s)]
DEBUG --> [REQ_ID=3305c07bf34e] [LIFECYCLE][END] status=200 duration_ms=55.72 memory_delta=0

[1 occurrence(s)]
DEBUG --> [REQ_ID=3305c07bf34e] [REQUEST][END]

[1 occurrence(s)]
DEBUG --> [REQ_ID=105248ecb02b] [REQUEST][START] HEAD /

[1 occurrence(s)]
DEBUG --> [REQ_ID=fa8ab3f4069e] [REQUEST][START] GET /

[1 occurrence(s)]
DEBUG --> [REQ_ID=fa8ab3f4069e] [FILTER_BEFORE] /

[1 occurrence(s)]
DEBUG --> [REQ_ID=fa8ab3f4069e] [ROUTE] Controller=\App\Controllers\Home Method=index

[1 occurrence(s)]
DEBUG --> [REQ_ID=fa8ab3f4069e] [LIFECYCLE][START] GET https://www.mymiwallet.com/index.php/

[1 occurrence(s)]
DEBUG --> [CSRF] token name=csrf_test_name hash=3664bbcb5214a8fc2e922f8816d86ba4

[1 occurrence(s)]
DEBUG --> [REQ_ID=190776f1ba3e] [INIT] App\Controllers\Home::GET

[1 occurrence(s)]
DEBUG --> [REQ_ID=190776f1ba3e] [VIEW_RENDER] themes/public/home

[1 occurrence(s)]
DEBUG --> [REQ_ID=fa8ab3f4069e] [FILTER_AFTER]

[1 occurrence(s)]
DEBUG --> [REQ_ID=fa8ab3f4069e] [LIFECYCLE][END] status=200 duration_ms=642.37 memory_delta=4194304

[1 occurrence(s)]
DEBUG --> [REQ_ID=fa8ab3f4069e] [REQUEST][END]

[1 occurrence(s)]
DEBUG --> [REQ_ID=914421b8d775] [REQUEST][START] HEAD /

[1 occurrence(s)]
DEBUG --> [REQ_ID=ddfa5ace2e9c] [REQUEST][START] GET /index.php/How-It-Works/MyMI-Exchange

[1 occurrence(s)]
DEBUG --> [REQ_ID=ddfa5ace2e9c] [FILTER_BEFORE] /index.php/How-It-Works/MyMI-Exchange

[1 occurrence(s)]
DEBUG --> [REQ_ID=ddfa5ace2e9c] [ROUTE] Controller=\App\Modules\Blog\Controllers\HowItWorksController Method=show

[1 occurrence(s)]
DEBUG --> [REQ_ID=ddfa5ace2e9c] [LIFECYCLE][START] GET https://www.mymiwallet.com/index.php/How-It-Works/MyMI-Exchange

[1 occurrence(s)]
DEBUG --> [CSRF] token name=csrf_test_name hash=ebf54dfa6cb197549e79b95611bebc3e

[1 occurrence(s)]
DEBUG --> [REQ_ID=1e1028e6c666] [INIT] App\Modules\Blog\Controllers\HowItWorksController::GET

[1 occurrence(s)]
DEBUG --> [REQ_ID=1e1028e6c666] [METHOD_ENTRY] show

[1 occurrence(s)]
DEBUG --> [REQ_ID=a266a7edcc29] [REQUEST][START] GET /index.php/Support

[1 occurrence(s)]
DEBUG --> [REQ_ID=a266a7edcc29] [FILTER_BEFORE] /index.php/Support

[1 occurrence(s)]
DEBUG --> [REQ_ID=a266a7edcc29] [ROUTE] Controller=\App\Modules\Support\Controllers\SupportController Method=index

[1 occurrence(s)]
DEBUG --> [REQ_ID=a266a7edcc29] [LIFECYCLE][START] GET https://www.mymiwallet.com/index.php/Support

[1 occurrence(s)]
DEBUG --> [CSRF] token name=csrf_test_name hash=db8154c8d0df882ce2517a96fee31a5a

[1 occurrence(s)]
DEBUG --> [REQ_ID=2aa666698ba7] [INIT] App\Modules\Support\Controllers\SupportController::GET

[1 occurrence(s)]
DEBUG --> [REQ_ID=2aa666698ba7] [METHOD_ENTRY] index

[1 occurrence(s)]
DEBUG --> [REQ_ID=2aa666698ba7] [VIEW_RENDER] SupportModule\Views\Support\index

[1 occurrence(s)]
DEBUG --> [REQ_ID=a266a7edcc29] [FILTER_AFTER]

[1 occurrence(s)]
DEBUG --> [REQ_ID=a266a7edcc29] [LIFECYCLE][END] status=200 duration_ms=40.69 memory_delta=0

[1 occurrence(s)]
DEBUG --> [REQ_ID=a266a7edcc29] [REQUEST][END]

[1 occurrence(s)]
DEBUG --> [REQ_ID=f10ca72e3955] [REQUEST][START] HEAD /

[1 occurrence(s)]
DEBUG --> [REQ_ID=764546d86eda] [REQUEST][START] HEAD /

[1 occurrence(s)]
DEBUG --> [REQ_ID=16cccaff5ca2] [REQUEST][START] HEAD /

[1 occurrence(s)]
DEBUG --> [REQ_ID=0d1dee7e21c5] [REQUEST][START] GET /index.php/API/Management/Run-CRON-Tasks

[1 occurrence(s)]
DEBUG --> [REQ_ID=0d1dee7e21c5] [FILTER_BEFORE] /index.php/API/Management/Run-CRON-Tasks

[1 occurrence(s)]
DEBUG --> [REQ_ID=0d1dee7e21c5] [ROUTE] Controller=\App\Modules\Management\Controllers\ManagementAPIController Method=Run_CRON_Tasks

[1 occurrence(s)]
DEBUG --> [REQ_ID=0d1dee7e21c5] [LIFECYCLE][START] GET https://www.mymiwallet.com/index.php/API/Management/Run-CRON-Tasks

[1 occurrence(s)]
DEBUG --> [REQ_ID=0d1dee7e21c5] [REQUEST][END]

[1 occurrence(s)]
DEBUG --> [REQ_ID=63fae3c2712f] [REQUEST][START] HEAD /

[1 occurrence(s)]
DEBUG --> [REQ_ID=74e0eb54e84d] [REQUEST][START] GET /index.php/Investments/Reports

[1 occurrence(s)]
DEBUG --> [REQ_ID=74e0eb54e84d] [REQUEST][END]

[1 occurrence(s)]
DEBUG --> [REQ_ID=6bd1048be0a9] [REQUEST][START] HEAD /

[1 occurrence(s)]
DEBUG --> [REQ_ID=f9655b731f8f] [REQUEST][START] HEAD /

[1 occurrence(s)]
DEBUG --> [REQ_ID=bf3310469540] [REQUEST][START] GET /index.php/API/Alerts/fetchEmailAlerts

[1 occurrence(s)]
DEBUG --> [REQ_ID=bf3310469540] [FILTER_BEFORE] /index.php/API/Alerts/fetchEmailAlerts

[1 occurrence(s)]
DEBUG --> [REQ_ID=bf3310469540] [ROUTE] Controller=\App\Modules\APIs\Controllers\AlertsAPIController Method=fetchEmailAlerts

[1 occurrence(s)]
DEBUG --> [REQ_ID=bf3310469540] [LIFECYCLE][START] GET https://www.mymiwallet.com/index.php/API/Alerts/fetchEmailAlerts

[1 occurrence(s)]
DEBUG --> [REQ_ID=bf3310469540] [REQUEST][END]

[1 occurrence(s)]
DEBUG --> [REQ_ID=25d6303be64e] [REQUEST][START] HEAD /

[1 occurrence(s)]
DEBUG --> [REQ_ID=bad81ce787bf] [REQUEST][START] HEAD /

[1 occurrence(s)]
DEBUG --> [REQ_ID=8819a252b5af] [REQUEST][START] HEAD /

[1 occurrence(s)]
DEBUG --> [REQ_ID=99595d2262db] [REQUEST][START] HEAD /

[1 occurrence(s)]
DEBUG --> [REQ_ID=e2488f28e4ec] [REQUEST][START] GET /index.php/Account/Billing

[1 occurrence(s)]
DEBUG --> [REQ_ID=e2488f28e4ec] [FILTER_BEFORE] /index.php/Account/Billing

[1 occurrence(s)]
DEBUG --> [REQ_ID=e2488f28e4ec] [ROUTE] Controller=\App\Modules\User\Controllers\DashboardController Method=billing

[1 occurrence(s)]
DEBUG --> [REQ_ID=e2488f28e4ec] [LIFECYCLE][START] GET https://www.mymiwallet.com/index.php/Account/Billing

[1 occurrence(s)]
DEBUG --> [CSRF] token name=csrf_test_name hash=943df9ef40ae3cc783878377854e35a2

[1 occurrence(s)]
DEBUG --> [REQ_ID=e2488f28e4ec] [REQUEST][END]

[1 occurrence(s)]
DEBUG --> [REQ_ID=b4b3d4262c2e] [REQUEST][START] GET /index.php/login

[1 occurrence(s)]
DEBUG --> [REQ_ID=b4b3d4262c2e] [FILTER_BEFORE] /index.php/login

[1 occurrence(s)]
DEBUG --> [REQ_ID=b4b3d4262c2e] [ROUTE] Controller=\App\Controllers\AuthController Method=login

[1 occurrence(s)]
DEBUG --> [REQ_ID=b4b3d4262c2e] [LIFECYCLE][START] GET https://www.mymiwallet.com/index.php/login

[1 occurrence(s)]
DEBUG --> [CSRF] token name=csrf_test_name hash=dbaf93c573278ffc75a59e02c2d942e0

[1 occurrence(s)]
DEBUG --> [REQ_ID=bbdc1a018eb3] [INIT] App\Controllers\AuthController::GET

[1 occurrence(s)]
DEBUG --> [REQ_ID=b4b3d4262c2e] [FILTER_AFTER]

[1 occurrence(s)]
DEBUG --> [REQ_ID=b4b3d4262c2e] [LIFECYCLE][END] status=200 duration_ms=125.97 memory_delta=0

[1 occurrence(s)]
DEBUG --> [REQ_ID=b4b3d4262c2e] [REQUEST][END]

[1 occurrence(s)]
DEBUG --> [REQ_ID=c6c254f1e79e] [REQUEST][START] GET /index.php/Investments

[1 occurrence(s)]
DEBUG --> [REQ_ID=c6c254f1e79e] [FILTER_BEFORE] /index.php/Investments

[1 occurrence(s)]
DEBUG --> [REQ_ID=c6c254f1e79e] [ROUTE] Controller=\App\Modules\User\Controllers\InvestmentsController Method=index

[1 occurrence(s)]
DEBUG --> [REQ_ID=c6c254f1e79e] [LIFECYCLE][START] GET https://www.mymiwallet.com/index.php/Investments

[1 occurrence(s)]
DEBUG --> [CSRF] token name=csrf_test_name hash=fc8133a0bc8728792df7d4edcb1ac42c

[1 occurrence(s)]
DEBUG --> [REQ_ID=c6c254f1e79e] [REQUEST][END]

[1 occurrence(s)]
DEBUG --> [REQ_ID=286db78fdd71] [REQUEST][START] GET /index.php/login

[1 occurrence(s)]
DEBUG --> [REQ_ID=286db78fdd71] [FILTER_BEFORE] /index.php/login

[1 occurrence(s)]
DEBUG --> [REQ_ID=286db78fdd71] [ROUTE] Controller=\App\Controllers\AuthController Method=login

[1 occurrence(s)]
DEBUG --> [REQ_ID=286db78fdd71] [LIFECYCLE][START] GET https://www.mymiwallet.com/index.php/login

[1 occurrence(s)]
DEBUG --> [CSRF] token name=csrf_test_name hash=86a3bbee8030fa993cecf0cb61c4c2b2

[1 occurrence(s)]
DEBUG --> [REQ_ID=dd0ada5e1e59] [INIT] App\Controllers\AuthController::GET

[1 occurrence(s)]
DEBUG --> [REQ_ID=286db78fdd71] [FILTER_AFTER]

[1 occurrence(s)]
DEBUG --> [REQ_ID=286db78fdd71] [LIFECYCLE][END] status=200 duration_ms=20.00 memory_delta=0

[1 occurrence(s)]
DEBUG --> [REQ_ID=286db78fdd71] [REQUEST][END]

[1 occurrence(s)]
DEBUG --> [REQ_ID=c7d0b7ddf720] [REQUEST][START] HEAD /

[1 occurrence(s)]
DEBUG --> [REQ_ID=a5c86dfb572e] [REQUEST][START] GET /index.php/Assets

[1 occurrence(s)]
DEBUG --> [REQ_ID=a5c86dfb572e] [FILTER_BEFORE] /index.php/Assets

[1 occurrence(s)]
DEBUG --> [REQ_ID=a5c86dfb572e] [ROUTE] Controller=\App\Modules\Management\Controllers\AssetsController Method=index

[1 occurrence(s)]
DEBUG --> [REQ_ID=a5c86dfb572e] [LIFECYCLE][START] GET https://www.mymiwallet.com/index.php/Assets

[1 occurrence(s)]
DEBUG --> [CSRF] token name=csrf_test_name hash=94c86288b3f1df16b33080a45745f4f8

[1 occurrence(s)]
DEBUG --> [REQ_ID=a5c86dfb572e] [REQUEST][END]

[1 occurrence(s)]
DEBUG --> [REQ_ID=c6f9dca7cfc2] [REQUEST][START] GET /index.php/login

[1 occurrence(s)]
DEBUG --> [REQ_ID=c6f9dca7cfc2] [FILTER_BEFORE] /index.php/login

[1 occurrence(s)]
DEBUG --> [REQ_ID=c6f9dca7cfc2] [ROUTE] Controller=\App\Controllers\AuthController Method=login

[1 occurrence(s)]
DEBUG --> [REQ_ID=c6f9dca7cfc2] [LIFECYCLE][START] GET https://www.mymiwallet.com/index.php/login

[1 occurrence(s)]
DEBUG --> [CSRF] token name=csrf_test_name hash=162026b3b41df141349bfb3993891b03

[1 occurrence(s)]
DEBUG --> [REQ_ID=49a89410a40a] [INIT] App\Controllers\AuthController::GET

[1 occurrence(s)]
DEBUG --> [REQ_ID=c6f9dca7cfc2] [FILTER_AFTER]

[1 occurrence(s)]
DEBUG --> [REQ_ID=c6f9dca7cfc2] [LIFECYCLE][END] status=200 duration_ms=68.31 memory_delta=0

[1 occurrence(s)]
DEBUG --> [REQ_ID=c6f9dca7cfc2] [REQUEST][END]

[1 occurrence(s)]
DEBUG --> [REQ_ID=104d53bb45ce] [REQUEST][START] GET /index.php/Support

[1 occurrence(s)]
DEBUG --> [REQ_ID=104d53bb45ce] [FILTER_BEFORE] /index.php/Support

[1 occurrence(s)]
DEBUG --> [REQ_ID=104d53bb45ce] [ROUTE] Controller=\App\Modules\Support\Controllers\SupportController Method=index

[1 occurrence(s)]
DEBUG --> [REQ_ID=104d53bb45ce] [LIFECYCLE][START] GET https://www.mymiwallet.com/index.php/Support

[8 occurrence(s)]
DEBUG --> [CSRF] token name=csrf_test_name hash=0dd6cbe703954efc75bff7f2553235be

[1 occurrence(s)]
DEBUG --> [REQ_ID=11f64d3f826b] [INIT] App\Modules\Support\Controllers\SupportController::GET

[1 occurrence(s)]
DEBUG --> [REQ_ID=11f64d3f826b] [METHOD_ENTRY] index

[1 occurrence(s)]
DEBUG --> [REQ_ID=11f64d3f826b] [VIEW_RENDER] SupportModule\Views\Support\index

[1 occurrence(s)]
DEBUG --> [REQ_ID=104d53bb45ce] [FILTER_AFTER]

[1 occurrence(s)]
DEBUG --> [REQ_ID=104d53bb45ce] [LIFECYCLE][END] status=200 duration_ms=154.44 memory_delta=2097152

[1 occurrence(s)]
DEBUG --> [REQ_ID=104d53bb45ce] [REQUEST][END]

[1 occurrence(s)]
DEBUG --> [REQ_ID=50292375cb18] [REQUEST][START] GET /index.php/How-It-Works/overview

[1 occurrence(s)]
DEBUG --> [REQ_ID=50292375cb18] [FILTER_BEFORE] /index.php/How-It-Works/overview

[1 occurrence(s)]
DEBUG --> [REQ_ID=50292375cb18] [ROUTE] Controller=\App\Modules\Blog\Controllers\HowItWorksController Method=show

[1 occurrence(s)]
DEBUG --> [REQ_ID=50292375cb18] [LIFECYCLE][START] GET https://www.mymiwallet.com/index.php/How-It-Works/overview

[1 occurrence(s)]
DEBUG --> [REQ_ID=617aefc3b9cd] [INIT] App\Modules\Blog\Controllers\HowItWorksController::GET

[1 occurrence(s)]
DEBUG --> [REQ_ID=617aefc3b9cd] [METHOD_ENTRY] show

[1 occurrence(s)]
DEBUG --> [REQ_ID=2376f5650529] [REQUEST][START] GET /index.php/Support

[1 occurrence(s)]
DEBUG --> [REQ_ID=2376f5650529] [FILTER_BEFORE] /index.php/Support

[1 occurrence(s)]
DEBUG --> [REQ_ID=2376f5650529] [ROUTE] Controller=\App\Modules\Support\Controllers\SupportController Method=index

[1 occurrence(s)]
DEBUG --> [REQ_ID=2376f5650529] [LIFECYCLE][START] GET https://www.mymiwallet.com/index.php/Support

[1 occurrence(s)]
DEBUG --> [REQ_ID=dab418a71035] [INIT] App\Modules\Support\Controllers\SupportController::GET

[1 occurrence(s)]
DEBUG --> [REQ_ID=dab418a71035] [METHOD_ENTRY] index

[1 occurrence(s)]
DEBUG --> [REQ_ID=dab418a71035] [VIEW_RENDER] SupportModule\Views\Support\index

[1 occurrence(s)]
DEBUG --> [REQ_ID=2376f5650529] [FILTER_AFTER]

[1 occurrence(s)]
DEBUG --> [REQ_ID=2376f5650529] [LIFECYCLE][END] status=200 duration_ms=41.60 memory_delta=0

[1 occurrence(s)]
DEBUG --> [REQ_ID=2376f5650529] [REQUEST][END]

[1 occurrence(s)]
DEBUG --> [REQ_ID=5b806edcfdac] [REQUEST][START] GET /index.php/Support

[1 occurrence(s)]
DEBUG --> [REQ_ID=5b806edcfdac] [FILTER_BEFORE] /index.php/Support

[1 occurrence(s)]
DEBUG --> [REQ_ID=5b806edcfdac] [ROUTE] Controller=\App\Modules\Support\Controllers\SupportController Method=index

[1 occurrence(s)]
DEBUG --> [REQ_ID=5b806edcfdac] [LIFECYCLE][START] GET https://www.mymiwallet.com/index.php/Support

[1 occurrence(s)]
DEBUG --> [REQ_ID=0606d9097154] [INIT] App\Modules\Support\Controllers\SupportController::GET

[1 occurrence(s)]
DEBUG --> [REQ_ID=0606d9097154] [METHOD_ENTRY] index

[1 occurrence(s)]
DEBUG --> [REQ_ID=0606d9097154] [VIEW_RENDER] SupportModule\Views\Support\index

[1 occurrence(s)]
DEBUG --> [REQ_ID=5b806edcfdac] [FILTER_AFTER]

[1 occurrence(s)]
DEBUG --> [REQ_ID=5b806edcfdac] [LIFECYCLE][END] status=200 duration_ms=30.16 memory_delta=0

[1 occurrence(s)]
DEBUG --> [REQ_ID=5b806edcfdac] [REQUEST][END]

[1 occurrence(s)]
DEBUG --> [REQ_ID=d820671eef2c] [REQUEST][START] GET /index.php/Support

[1 occurrence(s)]
DEBUG --> [REQ_ID=d820671eef2c] [FILTER_BEFORE] /index.php/Support

[1 occurrence(s)]
DEBUG --> [REQ_ID=d820671eef2c] [ROUTE] Controller=\App\Modules\Support\Controllers\SupportController Method=index

[1 occurrence(s)]
DEBUG --> [REQ_ID=d820671eef2c] [LIFECYCLE][START] GET https://www.mymiwallet.com/index.php/Support

[1 occurrence(s)]
DEBUG --> [REQ_ID=13f21aea922a] [INIT] App\Modules\Support\Controllers\SupportController::GET

[1 occurrence(s)]
DEBUG --> [REQ_ID=13f21aea922a] [METHOD_ENTRY] index

[1 occurrence(s)]
DEBUG --> [REQ_ID=13f21aea922a] [VIEW_RENDER] SupportModule\Views\Support\index

[1 occurrence(s)]
DEBUG --> [REQ_ID=d820671eef2c] [FILTER_AFTER]

[1 occurrence(s)]
DEBUG --> [REQ_ID=d820671eef2c] [LIFECYCLE][END] status=200 duration_ms=32.73 memory_delta=0

[1 occurrence(s)]
DEBUG --> [REQ_ID=d820671eef2c] [REQUEST][END]

[1 occurrence(s)]
DEBUG --> [REQ_ID=c922cd0229da] [REQUEST][START] GET /index.php/How-It-Works

[1 occurrence(s)]
DEBUG --> [REQ_ID=c922cd0229da] [FILTER_BEFORE] /index.php/How-It-Works

[1 occurrence(s)]
DEBUG --> [REQ_ID=c922cd0229da] [ROUTE] Controller=\App\Modules\Blog\Controllers\HowItWorksController Method=index

[1 occurrence(s)]
DEBUG --> [REQ_ID=c922cd0229da] [LIFECYCLE][START] GET https://www.mymiwallet.com/index.php/How-It-Works

[1 occurrence(s)]
DEBUG --> [REQ_ID=53b772fda246] [INIT] App\Modules\Blog\Controllers\HowItWorksController::GET

[1 occurrence(s)]
DEBUG --> [REQ_ID=53b772fda246] [METHOD_ENTRY] index

[1 occurrence(s)]
DEBUG --> [REQ_ID=06c3ba0c39bc] [REQUEST][START] GET /index.php/How-It-Works/alerts

[1 occurrence(s)]
DEBUG --> [REQ_ID=06c3ba0c39bc] [FILTER_BEFORE] /index.php/How-It-Works/alerts

[1 occurrence(s)]
DEBUG --> [REQ_ID=06c3ba0c39bc] [ROUTE] Controller=\App\Modules\Blog\Controllers\HowItWorksController Method=show

[1 occurrence(s)]
DEBUG --> [REQ_ID=06c3ba0c39bc] [LIFECYCLE][START] GET https://www.mymiwallet.com/index.php/How-It-Works/alerts

[1 occurrence(s)]
DEBUG --> [REQ_ID=e8f44e417061] [INIT] App\Modules\Blog\Controllers\HowItWorksController::GET

[1 occurrence(s)]
DEBUG --> [REQ_ID=e8f44e417061] [METHOD_ENTRY] show

[1 occurrence(s)]
DEBUG --> [REQ_ID=bc90de3ac1cc] [REQUEST][START] GET /index.php/How-It-Works

[1 occurrence(s)]
DEBUG --> [REQ_ID=bc90de3ac1cc] [FILTER_BEFORE] /index.php/How-It-Works

[1 occurrence(s)]
DEBUG --> [REQ_ID=bc90de3ac1cc] [ROUTE] Controller=\App\Modules\Blog\Controllers\HowItWorksController Method=index

[1 occurrence(s)]
DEBUG --> [REQ_ID=bc90de3ac1cc] [LIFECYCLE][START] GET https://www.mymiwallet.com/index.php/How-It-Works

[1 occurrence(s)]
DEBUG --> [REQ_ID=898f9a38da2c] [INIT] App\Modules\Blog\Controllers\HowItWorksController::GET

[1 occurrence(s)]
DEBUG --> [REQ_ID=898f9a38da2c] [METHOD_ENTRY] index

[1 occurrence(s)]
DEBUG --> [REQ_ID=949428118e07] [REQUEST][START] HEAD /

[1 occurrence(s)]
DEBUG --> [REQ_ID=3e122fa64c66] [REQUEST][START] HEAD /

[1 occurrence(s)]
DEBUG --> [REQ_ID=a6fa9df34c08] [REQUEST][START] GET /index.php/Terms-Of-Service

[1 occurrence(s)]
DEBUG --> [REQ_ID=a6fa9df34c08] [FILTER_BEFORE] /index.php/Terms-Of-Service

[1 occurrence(s)]
DEBUG --> [REQ_ID=a6fa9df34c08] [ROUTE] Controller=\App\Controllers\Home Method=termsOfService

[1 occurrence(s)]
DEBUG --> [REQ_ID=a6fa9df34c08] [LIFECYCLE][START] GET https://www.mymiwallet.com/index.php/Terms-Of-Service

[1 occurrence(s)]
DEBUG --> [CSRF] token name=csrf_test_name hash=69c25e595a7b9db6a81e83f33fe07eba

[1 occurrence(s)]
DEBUG --> [REQ_ID=587a3c23fabc] [INIT] App\Controllers\Home::GET

[1 occurrence(s)]
DEBUG --> [MetaService] slug=terms-of-service pageName= cacheHit= path=DB

[1 occurrence(s)]
DEBUG --> [REQ_ID=587a3c23fabc] [VIEW_RENDER] themes/public/termsOfService

[1 occurrence(s)]
DEBUG --> [MetaService] slug=terms-of-service pageName=Terms of Service cacheHit= path=DB

[1 occurrence(s)]
DEBUG --> [REQ_ID=a6fa9df34c08] [FILTER_AFTER]

[1 occurrence(s)]
DEBUG --> [REQ_ID=a6fa9df34c08] [LIFECYCLE][END] status=200 duration_ms=787.32 memory_delta=4194304

[1 occurrence(s)]
DEBUG --> [REQ_ID=a6fa9df34c08] [REQUEST][END]

[1 occurrence(s)]
DEBUG --> [REQ_ID=26944508914a] [REQUEST][START] HEAD /

[1 occurrence(s)]
DEBUG --> [REQ_ID=94fadc904c41] [REQUEST][START] HEAD /

[1 occurrence(s)]
DEBUG --> [REQ_ID=473185102610] [REQUEST][START] GET /

[1 occurrence(s)]
DEBUG --> [REQ_ID=473185102610] [FILTER_BEFORE] /

[1 occurrence(s)]
DEBUG --> [REQ_ID=473185102610] [ROUTE] Controller=\App\Controllers\Home Method=index

[1 occurrence(s)]
DEBUG --> [REQ_ID=473185102610] [LIFECYCLE][START] GET https://www.mymiwallet.com/index.php/

[1 occurrence(s)]
DEBUG --> [CSRF] token name=csrf_test_name hash=263f1f1cec74c9f21a6bf305740483ff

[1 occurrence(s)]
DEBUG --> [REQ_ID=4f924898050f] [INIT] App\Controllers\Home::GET

[1 occurrence(s)]
DEBUG --> [REQ_ID=4f924898050f] [VIEW_RENDER] themes/public/home

[1 occurrence(s)]
DEBUG --> [REQ_ID=473185102610] [FILTER_AFTER]

[1 occurrence(s)]
DEBUG --> [REQ_ID=473185102610] [LIFECYCLE][END] status=200 duration_ms=908.29 memory_delta=4194304

[1 occurrence(s)]
DEBUG --> [REQ_ID=473185102610] [REQUEST][END]

[1 occurrence(s)]
DEBUG --> [REQ_ID=d00efaa17d2c] [REQUEST][START] GET /

[1 occurrence(s)]
DEBUG --> [REQ_ID=d00efaa17d2c] [FILTER_BEFORE] /

[1 occurrence(s)]
DEBUG --> [REQ_ID=d00efaa17d2c] [ROUTE] Controller=\App\Controllers\Home Method=index

[1 occurrence(s)]
DEBUG --> [REQ_ID=d00efaa17d2c] [LIFECYCLE][START] GET https://www.mymiwallet.com/index.php/

[1 occurrence(s)]
DEBUG --> [CSRF] token name=csrf_test_name hash=1c09d1269417d076e5efa6dfe6305e80

[1 occurrence(s)]
DEBUG --> [REQ_ID=588e007cb0ef] [INIT] App\Controllers\Home::GET

[1 occurrence(s)]
DEBUG --> [REQ_ID=588e007cb0ef] [VIEW_RENDER] themes/public/home

[1 occurrence(s)]
DEBUG --> [REQ_ID=d00efaa17d2c] [FILTER_AFTER]

[1 occurrence(s)]
DEBUG --> [REQ_ID=d00efaa17d2c] [LIFECYCLE][END] status=200 duration_ms=579.59 memory_delta=2097152

[1 occurrence(s)]
DEBUG --> [REQ_ID=d00efaa17d2c] [REQUEST][END]

[1 occurrence(s)]
DEBUG --> [REQ_ID=3368c3507d9c] [REQUEST][START] GET /index.php/API/Management/Run-CRON-Tasks

[1 occurrence(s)]
DEBUG --> [REQ_ID=3368c3507d9c] [FILTER_BEFORE] /index.php/API/Management/Run-CRON-Tasks

[1 occurrence(s)]
DEBUG --> [REQ_ID=3368c3507d9c] [ROUTE] Controller=\App\Modules\Management\Controllers\ManagementAPIController Method=Run_CRON_Tasks

[1 occurrence(s)]
DEBUG --> [REQ_ID=3368c3507d9c] [LIFECYCLE][START] GET https://www.mymiwallet.com/index.php/API/Management/Run-CRON-Tasks

[1 occurrence(s)]
DEBUG --> [REQ_ID=3368c3507d9c] [REQUEST][END]

[1 occurrence(s)]
DEBUG --> [REQ_ID=67168c7d85e6] [REQUEST][START] HEAD /

[1 occurrence(s)]
DEBUG --> [REQ_ID=261537e2d330] [REQUEST][START] GET /

[1 occurrence(s)]
DEBUG --> [REQ_ID=261537e2d330] [FILTER_BEFORE] /

[1 occurrence(s)]
DEBUG --> [REQ_ID=261537e2d330] [ROUTE] Controller=\App\Controllers\Home Method=index

[1 occurrence(s)]
DEBUG --> [REQ_ID=261537e2d330] [LIFECYCLE][START] GET https://www.mymiwallet.com/index.php/

[1 occurrence(s)]
DEBUG --> [CSRF] token name=csrf_test_name hash=533444476da4d275ffec2ae8553391cb

[1 occurrence(s)]
DEBUG --> [REQ_ID=c10b2d36928b] [INIT] App\Controllers\Home::GET

[1 occurrence(s)]
DEBUG --> [REQ_ID=c10b2d36928b] [VIEW_RENDER] themes/public/home

[1 occurrence(s)]
DEBUG --> [REQ_ID=261537e2d330] [FILTER_AFTER]

[1 occurrence(s)]
DEBUG --> [REQ_ID=261537e2d330] [LIFECYCLE][END] status=200 duration_ms=583.54 memory_delta=4194304

[1 occurrence(s)]
DEBUG --> [REQ_ID=261537e2d330] [REQUEST][END]

[1 occurrence(s)]
DEBUG --> [REQ_ID=aec916d57e6d] [REQUEST][START] HEAD /

[1 occurrence(s)]
DEBUG --> [REQ_ID=b093aae90c8c] [REQUEST][START] HEAD /

[1 occurrence(s)]
DEBUG --> [REQ_ID=4ec6dafb78fb] [REQUEST][START] GET /index.php/API/Alerts/fetchEmailAlerts

[1 occurrence(s)]
DEBUG --> [REQ_ID=4ec6dafb78fb] [FILTER_BEFORE] /index.php/API/Alerts/fetchEmailAlerts

[1 occurrence(s)]
DEBUG --> [REQ_ID=4ec6dafb78fb] [ROUTE] Controller=\App\Modules\APIs\Controllers\AlertsAPIController Method=fetchEmailAlerts

[1 occurrence(s)]
DEBUG --> [REQ_ID=4ec6dafb78fb] [LIFECYCLE][START] GET https://www.mymiwallet.com/index.php/API/Alerts/fetchEmailAlerts

[1 occurrence(s)]
DEBUG --> [REQ_ID=4ec6dafb78fb] [REQUEST][END]

[1 occurrence(s)]
DEBUG --> [REQ_ID=7d03dfdaf623] [REQUEST][START] HEAD /

[1 occurrence(s)]
DEBUG --> [REQ_ID=e6a7929e63c9] [REQUEST][START] GET /

[1 occurrence(s)]
DEBUG --> [REQ_ID=e6a7929e63c9] [FILTER_BEFORE] /

[1 occurrence(s)]
DEBUG --> [REQ_ID=e6a7929e63c9] [ROUTE] Controller=\App\Controllers\Home Method=index

[1 occurrence(s)]
DEBUG --> [REQ_ID=e6a7929e63c9] [LIFECYCLE][START] GET https://www.mymiwallet.com/index.php/

[1 occurrence(s)]
DEBUG --> [CSRF] token name=csrf_test_name hash=fa0b2a983b0c945e31b56736ea5daaf6

[1 occurrence(s)]
DEBUG --> [REQ_ID=1c02f69d487d] [INIT] App\Controllers\Home::GET

[1 occurrence(s)]
DEBUG --> [REQ_ID=1c02f69d487d] [VIEW_RENDER] themes/public/home

[1 occurrence(s)]
DEBUG --> [REQ_ID=e6a7929e63c9] [FILTER_AFTER]

[1 occurrence(s)]
DEBUG --> [REQ_ID=e6a7929e63c9] [LIFECYCLE][END] status=200 duration_ms=1,399.94 memory_delta=4194304

[1 occurrence(s)]
DEBUG --> [REQ_ID=e6a7929e63c9] [REQUEST][END]

[1 occurrence(s)]
DEBUG --> [REQ_ID=8e6b688136c7] [REQUEST][START] GET /

[1 occurrence(s)]
DEBUG --> [REQ_ID=8e6b688136c7] [FILTER_BEFORE] /

[1 occurrence(s)]
DEBUG --> [REQ_ID=8e6b688136c7] [ROUTE] Controller=\App\Controllers\Home Method=index

[1 occurrence(s)]
DEBUG --> [REQ_ID=8e6b688136c7] [LIFECYCLE][START] GET https://www.mymiwallet.com/index.php/

[1 occurrence(s)]
DEBUG --> [CSRF] token name=csrf_test_name hash=cc279d07b333ae94a9cd9e442e399b6e

[1 occurrence(s)]
DEBUG --> [REQ_ID=d10f673ee8e1] [INIT] App\Controllers\Home::GET

[1 occurrence(s)]
DEBUG --> [REQ_ID=d10f673ee8e1] [VIEW_RENDER] themes/public/home

[1 occurrence(s)]
DEBUG --> [REQ_ID=8e6b688136c7] [FILTER_AFTER]

[1 occurrence(s)]
DEBUG --> [REQ_ID=8e6b688136c7] [LIFECYCLE][END] status=200 duration_ms=552.41 memory_delta=2097152

[1 occurrence(s)]
DEBUG --> [REQ_ID=8e6b688136c7] [REQUEST][END]

[1 occurrence(s)]
DEBUG --> [REQ_ID=f402b4718f5a] [REQUEST][START] HEAD /

[1 occurrence(s)]
DEBUG --> [REQ_ID=40664aa04fd3] [REQUEST][START] HEAD /

[1 occurrence(s)]
DEBUG --> [REQ_ID=2a6eae940e53] [REQUEST][START] GET /

[1 occurrence(s)]
DEBUG --> [REQ_ID=2a6eae940e53] [FILTER_BEFORE] /

[1 occurrence(s)]
DEBUG --> [REQ_ID=2a6eae940e53] [ROUTE] Controller=\App\Controllers\Home Method=index

[1 occurrence(s)]
DEBUG --> [REQ_ID=2a6eae940e53] [LIFECYCLE][START] GET https://www.mymiwallet.com/index.php/

[4 occurrence(s)]
DEBUG --> [CSRF] token name=csrf_test_name hash=99a3e47b054d768ad40175829289890a

[1 occurrence(s)]
DEBUG --> [REQ_ID=b89cc111458c] [INIT] App\Controllers\Home::GET

[1 occurrence(s)]
DEBUG --> [REQ_ID=b89cc111458c] [VIEW_RENDER] themes/public/home

[1 occurrence(s)]
DEBUG --> [REQ_ID=2a6eae940e53] [FILTER_AFTER]

[1 occurrence(s)]
DEBUG --> [REQ_ID=2a6eae940e53] [LIFECYCLE][END] status=200 duration_ms=652.21 memory_delta=4194304

[1 occurrence(s)]
DEBUG --> [REQ_ID=2a6eae940e53] [REQUEST][END]

[1 occurrence(s)]
DEBUG --> [REQ_ID=7a08c5b38ef8] [REQUEST][START] GET /

[1 occurrence(s)]
DEBUG --> [REQ_ID=7a08c5b38ef8] [FILTER_BEFORE] /

[1 occurrence(s)]
DEBUG --> [REQ_ID=7a08c5b38ef8] [ROUTE] Controller=\App\Controllers\Home Method=index

[1 occurrence(s)]
DEBUG --> [REQ_ID=7a08c5b38ef8] [LIFECYCLE][START] GET https://www.mymiwallet.com/index.php/

[1 occurrence(s)]
DEBUG --> [REQ_ID=efb936016e14] [INIT] App\Controllers\Home::GET

[1 occurrence(s)]
DEBUG --> [REQ_ID=efb936016e14] [VIEW_RENDER] themes/public/home

[1 occurrence(s)]
DEBUG --> [REQ_ID=7a08c5b38ef8] [FILTER_AFTER]

[1 occurrence(s)]
DEBUG --> [REQ_ID=7a08c5b38ef8] [LIFECYCLE][END] status=200 duration_ms=669.98 memory_delta=2097152

[1 occurrence(s)]
DEBUG --> [REQ_ID=7a08c5b38ef8] [REQUEST][END]

[1 occurrence(s)]
DEBUG --> [REQ_ID=b0396b15ee81] [REQUEST][START] GET /index.php/How-It-Works

[1 occurrence(s)]
DEBUG --> [REQ_ID=b0396b15ee81] [FILTER_BEFORE] /index.php/How-It-Works

[1 occurrence(s)]
DEBUG --> [REQ_ID=b0396b15ee81] [ROUTE] Controller=\App\Modules\Blog\Controllers\HowItWorksController Method=index

[1 occurrence(s)]
DEBUG --> [REQ_ID=b0396b15ee81] [LIFECYCLE][START] GET https://www.mymiwallet.com/index.php/How-It-Works

[1 occurrence(s)]
DEBUG --> [REQ_ID=1155f8ca7ae6] [INIT] App\Modules\Blog\Controllers\HowItWorksController::GET

[1 occurrence(s)]
DEBUG --> [REQ_ID=1155f8ca7ae6] [METHOD_ENTRY] index

[1 occurrence(s)]
DEBUG --> [REQ_ID=c84c16299a46] [REQUEST][START] GET /index.php/Support

[1 occurrence(s)]
DEBUG --> [REQ_ID=c84c16299a46] [FILTER_BEFORE] /index.php/Support

[1 occurrence(s)]
DEBUG --> [REQ_ID=c84c16299a46] [ROUTE] Controller=\App\Modules\Support\Controllers\SupportController Method=index

[1 occurrence(s)]
DEBUG --> [REQ_ID=c84c16299a46] [LIFECYCLE][START] GET https://www.mymiwallet.com/index.php/Support

[1 occurrence(s)]
DEBUG --> [REQ_ID=0844ebb3a197] [INIT] App\Modules\Support\Controllers\SupportController::GET

[1 occurrence(s)]
DEBUG --> [REQ_ID=0844ebb3a197] [METHOD_ENTRY] index

[1 occurrence(s)]
DEBUG --> [REQ_ID=0844ebb3a197] [VIEW_RENDER] SupportModule\Views\Support\index

[1 occurrence(s)]
DEBUG --> [REQ_ID=c84c16299a46] [FILTER_AFTER]

[1 occurrence(s)]
DEBUG --> [REQ_ID=c84c16299a46] [LIFECYCLE][END] status=200 duration_ms=135.20 memory_delta=0

[1 occurrence(s)]
DEBUG --> [REQ_ID=c84c16299a46] [REQUEST][END]

[1 occurrence(s)]
DEBUG --> [REQ_ID=9edb7dae9c24] [REQUEST][START] HEAD /

[1 occurrence(s)]
DEBUG --> [REQ_ID=cd50e3e9bc25] [REQUEST][START] HEAD /

[1 occurrence(s)]
DEBUG --> [REQ_ID=966015175e4b] [REQUEST][START] GET /

[1 occurrence(s)]
DEBUG --> [REQ_ID=966015175e4b] [FILTER_BEFORE] /

[1 occurrence(s)]
DEBUG --> [REQ_ID=966015175e4b] [ROUTE] Controller=\App\Controllers\Home Method=index

[1 occurrence(s)]
DEBUG --> [REQ_ID=966015175e4b] [LIFECYCLE][START] GET https://www.mymiwallet.com/index.php/

[1 occurrence(s)]
DEBUG --> [CSRF] token name=csrf_test_name hash=1d467a63978dc265df8709f98fe29fad

[1 occurrence(s)]
DEBUG --> [REQ_ID=2fb2e46fbca9] [INIT] App\Controllers\Home::GET

[1 occurrence(s)]
DEBUG --> [REQ_ID=2fb2e46fbca9] [VIEW_RENDER] themes/public/home

[1 occurrence(s)]
DEBUG --> [REQ_ID=966015175e4b] [FILTER_AFTER]

[1 occurrence(s)]
DEBUG --> [REQ_ID=966015175e4b] [LIFECYCLE][END] status=200 duration_ms=829.19 memory_delta=4194304

[1 occurrence(s)]
DEBUG --> [REQ_ID=966015175e4b] [REQUEST][END]

[1 occurrence(s)]
DEBUG --> [REQ_ID=ae305828ba35] [REQUEST][START] HEAD /

[1 occurrence(s)]
DEBUG --> [REQ_ID=139f33f94582] [REQUEST][START] GET /index.php/Trade-Tracker

[1 occurrence(s)]
DEBUG --> [REQ_ID=139f33f94582] [FILTER_BEFORE] /index.php/Trade-Tracker

[1 occurrence(s)]
DEBUG --> [REQ_ID=139f33f94582] [ROUTE] Controller=\App\Modules\User\Controllers\InvestmentsController Method=tradeTracker

[1 occurrence(s)]
DEBUG --> [REQ_ID=139f33f94582] [LIFECYCLE][START] GET https://www.mymiwallet.com/index.php/Trade-Tracker

[1 occurrence(s)]
DEBUG --> [CSRF] token name=csrf_test_name hash=fb84acb4b20c621a533b96ad0a7a7a54

[1 occurrence(s)]
DEBUG --> [REQ_ID=139f33f94582] [REQUEST][END]

[1 occurrence(s)]
DEBUG --> [REQ_ID=40550aabe8be] [REQUEST][START] GET /index.php/login

[1 occurrence(s)]
DEBUG --> [REQ_ID=40550aabe8be] [FILTER_BEFORE] /index.php/login

[1 occurrence(s)]
DEBUG --> [REQ_ID=40550aabe8be] [ROUTE] Controller=\App\Controllers\AuthController Method=login

[1 occurrence(s)]
DEBUG --> [REQ_ID=40550aabe8be] [LIFECYCLE][START] GET https://www.mymiwallet.com/index.php/login

[1 occurrence(s)]
DEBUG --> [CSRF] token name=csrf_test_name hash=6b1d3d612cf23285fbb9a35d8d2a5c11

[1 occurrence(s)]
DEBUG --> [REQ_ID=faf22c282402] [INIT] App\Controllers\AuthController::GET

[1 occurrence(s)]
DEBUG --> [REQ_ID=40550aabe8be] [FILTER_AFTER]

[1 occurrence(s)]
DEBUG --> [REQ_ID=40550aabe8be] [LIFECYCLE][END] status=200 duration_ms=460.73 memory_delta=0

[1 occurrence(s)]
DEBUG --> [REQ_ID=40550aabe8be] [REQUEST][END]

[1 occurrence(s)]
DEBUG --> [REQ_ID=a4d9e01d1cce] [REQUEST][START] HEAD /

[1 occurrence(s)]
DEBUG --> [REQ_ID=7096c986fb99] [REQUEST][START] GET /index.php/How-It-Works/Investment-Portfolio-Management

[1 occurrence(s)]
DEBUG --> [REQ_ID=7096c986fb99] [FILTER_BEFORE] /index.php/How-It-Works/Investment-Portfolio-Management

[1 occurrence(s)]
DEBUG --> [REQ_ID=7096c986fb99] [ROUTE] Controller=\App\Modules\Blog\Controllers\HowItWorksController Method=InvestmentPortfolioManagement

[1 occurrence(s)]
DEBUG --> [REQ_ID=7096c986fb99] [LIFECYCLE][START] GET https://www.mymiwallet.com/index.php/How-It-Works/Investment-Portfolio-Management

[1 occurrence(s)]
DEBUG --> [CSRF] token name=csrf_test_name hash=695fb45fea1a3b4c21944efaca6526a6

[1 occurrence(s)]
DEBUG --> [REQ_ID=1a2961db5c7d] [INIT] App\Modules\Blog\Controllers\HowItWorksController::GET

[1 occurrence(s)]
DEBUG --> [REQ_ID=1a2961db5c7d] [METHOD_ENTRY] InvestmentPortfolioManagement

[1 occurrence(s)]
DEBUG --> [MetaService] slug=how-it-works/investment-portfolio-management pageName= cacheHit= path=DB

[1 occurrence(s)]
DEBUG --> [REQ_ID=7096c986fb99] [FILTER_AFTER]

[1 occurrence(s)]
DEBUG --> [REQ_ID=7096c986fb99] [LIFECYCLE][END] status=200 duration_ms=855.62 memory_delta=4194304

[1 occurrence(s)]
DEBUG --> [REQ_ID=7096c986fb99] [REQUEST][END]

[1 occurrence(s)]
DEBUG --> [REQ_ID=7d5ca05a9496] [REQUEST][START] HEAD /

[1 occurrence(s)]
DEBUG --> [REQ_ID=2aa8c6d892dc] [REQUEST][START] HEAD /

[1 occurrence(s)]
DEBUG --> [REQ_ID=b368cb3f3bc3] [REQUEST][START] GET /index.php/Management/Services

[1 occurrence(s)]
DEBUG --> [REQ_ID=b368cb3f3bc3] [FILTER_BEFORE] /index.php/Management/Services

[1 occurrence(s)]
DEBUG --> [REQ_ID=b368cb3f3bc3] [ROUTE] Controller=\App\Modules\Management\Controllers\ServicesController Method=index

[1 occurrence(s)]
DEBUG --> [REQ_ID=b368cb3f3bc3] [LIFECYCLE][START] GET https://www.mymiwallet.com/index.php/Management/Services

[1 occurrence(s)]
DEBUG --> [CSRF] token name=csrf_test_name hash=75cff0327acef0268f2f69c6f3583f53

[1 occurrence(s)]
DEBUG --> [REQ_ID=b368cb3f3bc3] [REQUEST][END]

[1 occurrence(s)]
DEBUG --> [REQ_ID=08c213088bdb] [REQUEST][START] GET /index.php/login

[1 occurrence(s)]
DEBUG --> [REQ_ID=08c213088bdb] [FILTER_BEFORE] /index.php/login

[1 occurrence(s)]
DEBUG --> [REQ_ID=08c213088bdb] [ROUTE] Controller=\App\Controllers\AuthController Method=login

[1 occurrence(s)]
DEBUG --> [REQ_ID=08c213088bdb] [LIFECYCLE][START] GET https://www.mymiwallet.com/index.php/login

[1 occurrence(s)]
DEBUG --> [CSRF] token name=csrf_test_name hash=8595647cee321ade0ebd157d94927833

[1 occurrence(s)]
DEBUG --> [REQ_ID=e1214348d5a3] [INIT] App\Controllers\AuthController::GET

[1 occurrence(s)]
DEBUG --> [REQ_ID=08c213088bdb] [FILTER_AFTER]

[1 occurrence(s)]
DEBUG --> [REQ_ID=08c213088bdb] [LIFECYCLE][END] status=200 duration_ms=30.26 memory_delta=0

[1 occurrence(s)]
DEBUG --> [REQ_ID=08c213088bdb] [REQUEST][END]

[1 occurrence(s)]
DEBUG --> [REQ_ID=72372304188c] [REQUEST][START] HEAD /

[1 occurrence(s)]
DEBUG --> [REQ_ID=211f91c1d9d1] [REQUEST][START] GET /index.php/API/Management/Run-CRON-Tasks

[1 occurrence(s)]
DEBUG --> [REQ_ID=211f91c1d9d1] [FILTER_BEFORE] /index.php/API/Management/Run-CRON-Tasks

[1 occurrence(s)]
DEBUG --> [REQ_ID=211f91c1d9d1] [ROUTE] Controller=\App\Modules\Management\Controllers\ManagementAPIController Method=Run_CRON_Tasks

[1 occurrence(s)]
DEBUG --> [REQ_ID=211f91c1d9d1] [LIFECYCLE][START] GET https://www.mymiwallet.com/index.php/API/Management/Run-CRON-Tasks

[1 occurrence(s)]
DEBUG --> [REQ_ID=211f91c1d9d1] [REQUEST][END]

[1 occurrence(s)]
DEBUG --> [REQ_ID=1571d1a1717e] [REQUEST][START] HEAD /

[1 occurrence(s)]
DEBUG --> [REQ_ID=b1d94ef44a00] [REQUEST][START] GET /

[1 occurrence(s)]
DEBUG --> [REQ_ID=b1d94ef44a00] [FILTER_BEFORE] /

[1 occurrence(s)]
DEBUG --> [REQ_ID=b1d94ef44a00] [ROUTE] Controller=\App\Controllers\Home Method=index

[1 occurrence(s)]
DEBUG --> [REQ_ID=b1d94ef44a00] [LIFECYCLE][START] GET https://www.mymiwallet.com/index.php/

[1 occurrence(s)]
DEBUG --> [CSRF] token name=csrf_test_name hash=eedd3b812ee6f719f5db7d612556c0c1

[1 occurrence(s)]
DEBUG --> [REQ_ID=cb33346958ab] [INIT] App\Controllers\Home::GET

[1 occurrence(s)]
DEBUG --> [REQ_ID=cb33346958ab] [VIEW_RENDER] themes/public/home

[1 occurrence(s)]
DEBUG --> [REQ_ID=b1d94ef44a00] [FILTER_AFTER]

[1 occurrence(s)]
DEBUG --> [REQ_ID=b1d94ef44a00] [LIFECYCLE][END] status=200 duration_ms=757.67 memory_delta=4194304

[1 occurrence(s)]
DEBUG --> [REQ_ID=b1d94ef44a00] [REQUEST][END]

[1 occurrence(s)]
DEBUG --> [REQ_ID=04ffef8fbc6d] [REQUEST][START] HEAD /

[1 occurrence(s)]
DEBUG --> [REQ_ID=29499bee5326] [REQUEST][START] GET /index.php/Management/Budgets

[1 occurrence(s)]
DEBUG --> [REQ_ID=29499bee5326] [FILTER_BEFORE] /index.php/Management/Budgets

[1 occurrence(s)]
DEBUG --> [REQ_ID=29499bee5326] [ROUTE] Controller=\App\Modules\Management\Controllers\BudgetsAdminController Method=index

[1 occurrence(s)]
DEBUG --> [REQ_ID=29499bee5326] [LIFECYCLE][START] GET https://www.mymiwallet.com/index.php/Management/Budgets

[1 occurrence(s)]
DEBUG --> [CSRF] token name=csrf_test_name hash=508d94b0ed1fba36055e5b7fd394bd92

[1 occurrence(s)]
DEBUG --> [REQ_ID=29499bee5326] [REQUEST][END]

[1 occurrence(s)]
DEBUG --> [REQ_ID=e5aae1e39830] [REQUEST][START] GET /index.php/login

[1 occurrence(s)]
DEBUG --> [REQ_ID=e5aae1e39830] [FILTER_BEFORE] /index.php/login

[1 occurrence(s)]
DEBUG --> [REQ_ID=e5aae1e39830] [ROUTE] Controller=\App\Controllers\AuthController Method=login

[1 occurrence(s)]
DEBUG --> [REQ_ID=e5aae1e39830] [LIFECYCLE][START] GET https://www.mymiwallet.com/index.php/login

[1 occurrence(s)]
DEBUG --> [CSRF] token name=csrf_test_name hash=6a1015f6451ca9e022c01fc72c928a9b

[1 occurrence(s)]
DEBUG --> [REQ_ID=2e0e7ae97c0b] [INIT] App\Controllers\AuthController::GET

[1 occurrence(s)]
DEBUG --> [REQ_ID=e5aae1e39830] [FILTER_AFTER]

[1 occurrence(s)]
DEBUG --> [REQ_ID=e5aae1e39830] [LIFECYCLE][END] status=200 duration_ms=122.12 memory_delta=0

[1 occurrence(s)]
DEBUG --> [REQ_ID=e5aae1e39830] [REQUEST][END]

[1 occurrence(s)]
DEBUG --> [REQ_ID=e804995fda21] [REQUEST][START] HEAD /

[1 occurrence(s)]
DEBUG --> [REQ_ID=9ca67f18151a] [REQUEST][START] GET /index.php/Management/Users

[1 occurrence(s)]
DEBUG --> [REQ_ID=9ca67f18151a] [FILTER_BEFORE] /index.php/Management/Users

[1 occurrence(s)]
DEBUG --> [REQ_ID=9ca67f18151a] [ROUTE] Controller=\App\Modules\Management\Controllers\UsersController Method=index

[1 occurrence(s)]
DEBUG --> [REQ_ID=9ca67f18151a] [LIFECYCLE][START] GET https://www.mymiwallet.com/index.php/Management/Users

[1 occurrence(s)]
DEBUG --> [CSRF] token name=csrf_test_name hash=8f915b37f55583768ba0c45b96242265

[1 occurrence(s)]
DEBUG --> [REQ_ID=9ca67f18151a] [REQUEST][END]

[1 occurrence(s)]
DEBUG --> [REQ_ID=f7d54f64d12d] [REQUEST][START] GET /index.php/login

[1 occurrence(s)]
DEBUG --> [REQ_ID=f7d54f64d12d] [FILTER_BEFORE] /index.php/login

[1 occurrence(s)]
DEBUG --> [REQ_ID=f7d54f64d12d] [ROUTE] Controller=\App\Controllers\AuthController Method=login

[1 occurrence(s)]
DEBUG --> [REQ_ID=f7d54f64d12d] [LIFECYCLE][START] GET https://www.mymiwallet.com/index.php/login

[1 occurrence(s)]
DEBUG --> [CSRF] token name=csrf_test_name hash=5129c7e6a12a5f08338891cfdffbe360

[1 occurrence(s)]
DEBUG --> [REQ_ID=3516c583fb14] [INIT] App\Controllers\AuthController::GET

[1 occurrence(s)]
DEBUG --> [REQ_ID=f7d54f64d12d] [FILTER_AFTER]

[1 occurrence(s)]
DEBUG --> [REQ_ID=f7d54f64d12d] [LIFECYCLE][END] status=200 duration_ms=142.83 memory_delta=0

[1 occurrence(s)]
DEBUG --> [REQ_ID=f7d54f64d12d] [REQUEST][END]

[1 occurrence(s)]
DEBUG --> [REQ_ID=774e30ec75d0] [REQUEST][START] GET /index.php/API/Alerts/fetchEmailAlerts

[1 occurrence(s)]
DEBUG --> [REQ_ID=774e30ec75d0] [FILTER_BEFORE] /index.php/API/Alerts/fetchEmailAlerts

[1 occurrence(s)]
DEBUG --> [REQ_ID=774e30ec75d0] [ROUTE] Controller=\App\Modules\APIs\Controllers\AlertsAPIController Method=fetchEmailAlerts

[1 occurrence(s)]
DEBUG --> [REQ_ID=774e30ec75d0] [LIFECYCLE][START] GET https://www.mymiwallet.com/index.php/API/Alerts/fetchEmailAlerts

[1 occurrence(s)]
DEBUG --> [REQ_ID=774e30ec75d0] [REQUEST][END]

[1 occurrence(s)]
DEBUG --> [REQ_ID=b2f9ef0cf2d5] [REQUEST][START] HEAD /

[1 occurrence(s)]
DEBUG --> [REQ_ID=356ed4a7c8d7] [REQUEST][START] HEAD /

[1 occurrence(s)]
DEBUG --> [REQ_ID=c4e715badd5a] [REQUEST][START] HEAD /

[1 occurrence(s)]
DEBUG --> [REQ_ID=f027f829fb0e] [REQUEST][START] GET /

[1 occurrence(s)]
DEBUG --> [REQ_ID=f027f829fb0e] [FILTER_BEFORE] /

[1 occurrence(s)]
DEBUG --> [REQ_ID=f027f829fb0e] [ROUTE] Controller=\App\Controllers\Home Method=index

[1 occurrence(s)]
DEBUG --> [REQ_ID=f027f829fb0e] [LIFECYCLE][START] GET https://www.mymiwallet.com/index.php/

[1 occurrence(s)]
DEBUG --> [CSRF] token name=csrf_test_name hash=2e9cfdfab9908424652e43f50784d49f

[1 occurrence(s)]
DEBUG --> [REQ_ID=ac7f24ca10e1] [INIT] App\Controllers\Home::GET

[1 occurrence(s)]
DEBUG --> [REQ_ID=ac7f24ca10e1] [VIEW_RENDER] themes/public/home

[1 occurrence(s)]
DEBUG --> [REQ_ID=f027f829fb0e] [FILTER_AFTER]

[1 occurrence(s)]
DEBUG --> [REQ_ID=f027f829fb0e] [LIFECYCLE][END] status=200 duration_ms=828.73 memory_delta=4194304

[1 occurrence(s)]
DEBUG --> [REQ_ID=f027f829fb0e] [REQUEST][END]

[1 occurrence(s)]
DEBUG --> [REQ_ID=9fbaa039c2a8] [REQUEST][START] HEAD /

[1 occurrence(s)]
DEBUG --> [REQ_ID=77d7972e84b3] [REQUEST][START] HEAD /

[1 occurrence(s)]
DEBUG --> [REQ_ID=4e51aa1fa0a8] [REQUEST][START] HEAD /

[1 occurrence(s)]
DEBUG --> [REQ_ID=a46cbb8382e0] [REQUEST][START] HEAD /

[1 occurrence(s)]
DEBUG --> [REQ_ID=9a3bef664a43] [REQUEST][START] HEAD /

[1 occurrence(s)]
DEBUG --> [REQ_ID=63cad5e05ef9] [REQUEST][START] GET /index.php/Management/Marketing/Promote/Solana

[1 occurrence(s)]
DEBUG --> [REQ_ID=63cad5e05ef9] [FILTER_BEFORE] /index.php/Management/Marketing/Promote/Solana

[1 occurrence(s)]
DEBUG --> [REQ_ID=63cad5e05ef9] [ROUTE] Controller=\App\Modules\Management\Controllers\MarketingAdminController Method=promote

[1 occurrence(s)]
DEBUG --> [REQ_ID=63cad5e05ef9] [LIFECYCLE][START] GET https://www.mymiwallet.com/index.php/Management/Marketing/Promote/Solana

[1 occurrence(s)]
DEBUG --> [CSRF] token name=csrf_test_name hash=0596953e57dfdb8b865dbf8e5a71666e

[1 occurrence(s)]
DEBUG --> [REQ_ID=63cad5e05ef9] [REQUEST][END]

[1 occurrence(s)]
DEBUG --> [REQ_ID=1f49781f66da] [REQUEST][START] GET /index.php/login

[1 occurrence(s)]
DEBUG --> [REQ_ID=1f49781f66da] [FILTER_BEFORE] /index.php/login

[1 occurrence(s)]
DEBUG --> [REQ_ID=1f49781f66da] [ROUTE] Controller=\App\Controllers\AuthController Method=login

[1 occurrence(s)]
DEBUG --> [REQ_ID=1f49781f66da] [LIFECYCLE][START] GET https://www.mymiwallet.com/index.php/login

[1 occurrence(s)]
DEBUG --> [CSRF] token name=csrf_test_name hash=29947302f2e59b861c1f329a4e7e6747

[1 occurrence(s)]
DEBUG --> [REQ_ID=d442d4584ab2] [INIT] App\Controllers\AuthController::GET

[1 occurrence(s)]
DEBUG --> [REQ_ID=1f49781f66da] [FILTER_AFTER]

[1 occurrence(s)]
DEBUG --> [REQ_ID=1f49781f66da] [LIFECYCLE][END] status=200 duration_ms=180.98 memory_delta=0

[1 occurrence(s)]
DEBUG --> [REQ_ID=1f49781f66da] [REQUEST][END]

[1 occurrence(s)]
DEBUG --> [REQ_ID=28b22b342826] [REQUEST][START] HEAD /

[1 occurrence(s)]
DEBUG --> [REQ_ID=822dd755c2fb] [REQUEST][START] GET /index.php/API/Management/Run-CRON-Tasks

[1 occurrence(s)]
DEBUG --> [REQ_ID=822dd755c2fb] [FILTER_BEFORE] /index.php/API/Management/Run-CRON-Tasks

[1 occurrence(s)]
DEBUG --> [REQ_ID=822dd755c2fb] [ROUTE] Controller=\App\Modules\Management\Controllers\ManagementAPIController Method=Run_CRON_Tasks

[1 occurrence(s)]
DEBUG --> [REQ_ID=822dd755c2fb] [LIFECYCLE][START] GET https://www.mymiwallet.com/index.php/API/Management/Run-CRON-Tasks

[1 occurrence(s)]
DEBUG --> [REQ_ID=822dd755c2fb] [REQUEST][END]

[1 occurrence(s)]
DEBUG --> [REQ_ID=0f3fbf0ea8ac] [REQUEST][START] HEAD /

[1 occurrence(s)]
DEBUG --> [REQ_ID=15a7b829e2d7] [REQUEST][START] HEAD /

[1 occurrence(s)]
DEBUG --> [REQ_ID=decf95e47d8f] [REQUEST][START] GET /

[1 occurrence(s)]
DEBUG --> [REQ_ID=decf95e47d8f] [FILTER_BEFORE] /

[1 occurrence(s)]
DEBUG --> [REQ_ID=decf95e47d8f] [ROUTE] Controller=\App\Controllers\Home Method=index

[1 occurrence(s)]
DEBUG --> [REQ_ID=decf95e47d8f] [LIFECYCLE][START] GET https://www.mymiwallet.com/index.php/

[1 occurrence(s)]
DEBUG --> [CSRF] token name=csrf_test_name hash=fec4bcf7dae3ba8d0ef45f2cf867af22

[1 occurrence(s)]
DEBUG --> [REQ_ID=68c817f05ca3] [INIT] App\Controllers\Home::GET

[1 occurrence(s)]
DEBUG --> [REQ_ID=68c817f05ca3] [VIEW_RENDER] themes/public/home

[1 occurrence(s)]
DEBUG --> [REQ_ID=decf95e47d8f] [FILTER_AFTER]

[1 occurrence(s)]
DEBUG --> [REQ_ID=decf95e47d8f] [LIFECYCLE][END] status=200 duration_ms=623.52 memory_delta=4194304

[1 occurrence(s)]
DEBUG --> [REQ_ID=decf95e47d8f] [REQUEST][END]

[1 occurrence(s)]
DEBUG --> [REQ_ID=f11ff3bb7311] [REQUEST][START] HEAD /

[1 occurrence(s)]
DEBUG --> [REQ_ID=07f34f82987e] [REQUEST][START] GET /index.php/API/Alerts/fetchEmailAlerts

[1 occurrence(s)]
DEBUG --> [REQ_ID=07f34f82987e] [FILTER_BEFORE] /index.php/API/Alerts/fetchEmailAlerts

[1 occurrence(s)]
DEBUG --> [REQ_ID=07f34f82987e] [ROUTE] Controller=\App\Modules\APIs\Controllers\AlertsAPIController Method=fetchEmailAlerts

[1 occurrence(s)]
DEBUG --> [REQ_ID=07f34f82987e] [LIFECYCLE][START] GET https://www.mymiwallet.com/index.php/API/Alerts/fetchEmailAlerts

[1 occurrence(s)]
DEBUG --> [REQ_ID=07f34f82987e] [REQUEST][END]

[1 occurrence(s)]
DEBUG --> [REQ_ID=bdb197e7de60] [REQUEST][START] HEAD /

[1 occurrence(s)]
DEBUG --> [REQ_ID=92093605c140] [REQUEST][START] GET /index.php/Dashboard

[1 occurrence(s)]
DEBUG --> [REQ_ID=92093605c140] [FILTER_BEFORE] /index.php/Dashboard

[1 occurrence(s)]
DEBUG --> [REQ_ID=92093605c140] [ROUTE] Controller=\App\Modules\User\Controllers\DashboardController Method=index

[1 occurrence(s)]
DEBUG --> [REQ_ID=92093605c140] [LIFECYCLE][START] GET https://www.mymiwallet.com/index.php/Dashboard

[1 occurrence(s)]
DEBUG --> [CSRF] token name=csrf_test_name hash=b222291ef8919e58165a37546b6b7cb7

[1 occurrence(s)]
DEBUG --> [REQ_ID=92093605c140] [REQUEST][END]

[1 occurrence(s)]
DEBUG --> [REQ_ID=18af9dc28f08] [REQUEST][START] GET /index.php/login

[1 occurrence(s)]
DEBUG --> [REQ_ID=18af9dc28f08] [FILTER_BEFORE] /index.php/login

[1 occurrence(s)]
DEBUG --> [REQ_ID=18af9dc28f08] [ROUTE] Controller=\App\Controllers\AuthController Method=login

[1 occurrence(s)]
DEBUG --> [REQ_ID=18af9dc28f08] [LIFECYCLE][START] GET https://www.mymiwallet.com/index.php/login

[1 occurrence(s)]
DEBUG --> [CSRF] token name=csrf_test_name hash=5b33187a6d5acca98fd624480c1a6173

[1 occurrence(s)]
DEBUG --> [REQ_ID=52c3eab15588] [INIT] App\Controllers\AuthController::GET

[1 occurrence(s)]
DEBUG --> [REQ_ID=18af9dc28f08] [FILTER_AFTER]

[1 occurrence(s)]
DEBUG --> [REQ_ID=18af9dc28f08] [LIFECYCLE][END] status=200 duration_ms=212.85 memory_delta=0

[1 occurrence(s)]
DEBUG --> [REQ_ID=18af9dc28f08] [REQUEST][END]

[1 occurrence(s)]
DEBUG --> [REQ_ID=d33ec88f278d] [REQUEST][START] HEAD /

[1 occurrence(s)]
DEBUG --> [REQ_ID=bb767e4462ea] [REQUEST][START] HEAD /

[1 occurrence(s)]
DEBUG --> [REQ_ID=7414137e6763] [REQUEST][START] GET /index.php/Budget/Financial-Advisors

[1 occurrence(s)]
DEBUG --> [REQ_ID=7414137e6763] [REQUEST][END]

[1 occurrence(s)]
DEBUG --> [REQ_ID=ac7fa46fe572] [REQUEST][START] HEAD /

[1 occurrence(s)]
DEBUG --> [REQ_ID=4511a5a4ea62] [REQUEST][START] GET /index.php/Legal/Privacy-Policy

[1 occurrence(s)]
DEBUG --> [REQ_ID=4511a5a4ea62] [FILTER_BEFORE] /index.php/Legal/Privacy-Policy

[1 occurrence(s)]
DEBUG --> [REQ_ID=4511a5a4ea62] [ROUTE] Controller=\App\Controllers\Home Method=privacyPolicy

[1 occurrence(s)]
DEBUG --> [REQ_ID=4511a5a4ea62] [LIFECYCLE][START] GET https://www.mymiwallet.com/index.php/Legal/Privacy-Policy

[1 occurrence(s)]
DEBUG --> [CSRF] token name=csrf_test_name hash=84a9cb5ece6a2fb89559681b4d6efee8

[1 occurrence(s)]
DEBUG --> [REQ_ID=4511a5a4ea62] [REQUEST][END]

[1 occurrence(s)]
DEBUG --> [REQ_ID=50293e88a45b] [REQUEST][START] GET /index.php/login

[1 occurrence(s)]
DEBUG --> [REQ_ID=50293e88a45b] [FILTER_BEFORE] /index.php/login

[1 occurrence(s)]
DEBUG --> [REQ_ID=50293e88a45b] [ROUTE] Controller=\App\Controllers\AuthController Method=login

[1 occurrence(s)]
DEBUG --> [REQ_ID=50293e88a45b] [LIFECYCLE][START] GET https://www.mymiwallet.com/index.php/login

[1 occurrence(s)]
DEBUG --> [CSRF] token name=csrf_test_name hash=b8c7e5f4baf4d8817e0a9fa841393666

[1 occurrence(s)]
DEBUG --> [REQ_ID=beb2f4bbcd23] [INIT] App\Controllers\AuthController::GET

[1 occurrence(s)]
DEBUG --> [REQ_ID=50293e88a45b] [FILTER_AFTER]

[1 occurrence(s)]
DEBUG --> [REQ_ID=50293e88a45b] [LIFECYCLE][END] status=200 duration_ms=364.00 memory_delta=0

[1 occurrence(s)]
DEBUG --> [REQ_ID=50293e88a45b] [REQUEST][END]

[1 occurrence(s)]
DEBUG --> [REQ_ID=03a3bf31ea6e] [REQUEST][START] HEAD /

[1 occurrence(s)]
DEBUG --> [REQ_ID=5e73a9c17c63] [REQUEST][START] GET /index.php/Management/Marketing/Post-Creator

[1 occurrence(s)]
DEBUG --> [REQ_ID=5e73a9c17c63] [FILTER_BEFORE] /index.php/Management/Marketing/Post-Creator

[1 occurrence(s)]
DEBUG --> [REQ_ID=5e73a9c17c63] [ROUTE] Controller=\App\Modules\Management\Controllers\MarketingAdminController Method=postCreator

[1 occurrence(s)]
DEBUG --> [REQ_ID=5e73a9c17c63] [LIFECYCLE][START] GET https://www.mymiwallet.com/index.php/Management/Marketing/Post-Creator

[1 occurrence(s)]
DEBUG --> [CSRF] token name=csrf_test_name hash=0e85f0748834eb323102d220b11e2f54

[1 occurrence(s)]
DEBUG --> [REQ_ID=5e73a9c17c63] [REQUEST][END]

[1 occurrence(s)]
DEBUG --> [REQ_ID=5d0729876e2a] [REQUEST][START] GET /index.php/login

[1 occurrence(s)]
DEBUG --> [REQ_ID=5d0729876e2a] [FILTER_BEFORE] /index.php/login

[1 occurrence(s)]
DEBUG --> [REQ_ID=5d0729876e2a] [ROUTE] Controller=\App\Controllers\AuthController Method=login

[1 occurrence(s)]
DEBUG --> [REQ_ID=5d0729876e2a] [LIFECYCLE][START] GET https://www.mymiwallet.com/index.php/login

[1 occurrence(s)]
DEBUG --> [CSRF] token name=csrf_test_name hash=0022090abc1c7e6b544f8219c802d8ef

[1 occurrence(s)]
DEBUG --> [REQ_ID=d3d76e0abef8] [INIT] App\Controllers\AuthController::GET

[1 occurrence(s)]
DEBUG --> [REQ_ID=5d0729876e2a] [FILTER_AFTER]

[1 occurrence(s)]
DEBUG --> [REQ_ID=5d0729876e2a] [LIFECYCLE][END] status=200 duration_ms=120.73 memory_delta=0

[1 occurrence(s)]
DEBUG --> [REQ_ID=5d0729876e2a] [REQUEST][END]

[1 occurrence(s)]
DEBUG --> [REQ_ID=4660441692ab] [REQUEST][START] HEAD /

[1 occurrence(s)]
DEBUG --> [REQ_ID=f813c5694988] [REQUEST][START] GET /

[1 occurrence(s)]
DEBUG --> [REQ_ID=f813c5694988] [FILTER_BEFORE] /

[1 occurrence(s)]
DEBUG --> [REQ_ID=f813c5694988] [ROUTE] Controller=\App\Controllers\Home Method=index

[1 occurrence(s)]
DEBUG --> [REQ_ID=f813c5694988] [LIFECYCLE][START] GET https://www.mymiwallet.com/index.php/

[2 occurrence(s)]
DEBUG --> [CSRF] token name=csrf_test_name hash=0d6eb05f59c7ee9ae745cfeff7f920e1

[1 occurrence(s)]
DEBUG --> [REQ_ID=621053523384] [INIT] App\Controllers\Home::GET

[1 occurrence(s)]
DEBUG --> [REQ_ID=621053523384] [VIEW_RENDER] themes/public/home

[1 occurrence(s)]
DEBUG --> [REQ_ID=f813c5694988] [FILTER_AFTER]

[1 occurrence(s)]
DEBUG --> [REQ_ID=f813c5694988] [LIFECYCLE][END] status=200 duration_ms=704.80 memory_delta=4194304

[1 occurrence(s)]
DEBUG --> [REQ_ID=f813c5694988] [REQUEST][END]

[1 occurrence(s)]
DEBUG --> [REQ_ID=f3752a9b286a] [REQUEST][START] GET /

[1 occurrence(s)]
DEBUG --> [REQ_ID=f3752a9b286a] [FILTER_BEFORE] /

[1 occurrence(s)]
DEBUG --> [REQ_ID=f3752a9b286a] [ROUTE] Controller=\App\Controllers\Home Method=index

[1 occurrence(s)]
DEBUG --> [REQ_ID=f3752a9b286a] [LIFECYCLE][START] GET https://www.mymiwallet.com/index.php/

[1 occurrence(s)]
DEBUG --> [REQ_ID=bd4cc34c920c] [INIT] App\Controllers\Home::GET

[1 occurrence(s)]
DEBUG --> [REQ_ID=bd4cc34c920c] [VIEW_RENDER] themes/public/home

[1 occurrence(s)]
DEBUG --> [REQ_ID=f3752a9b286a] [FILTER_AFTER]

[1 occurrence(s)]
DEBUG --> [REQ_ID=f3752a9b286a] [LIFECYCLE][END] status=200 duration_ms=611.44 memory_delta=4194304

[1 occurrence(s)]
DEBUG --> [REQ_ID=f3752a9b286a] [REQUEST][END]

[1 occurrence(s)]
DEBUG --> [REQ_ID=9bfd38b3887a] [REQUEST][START] HEAD /

[1 occurrence(s)]
DEBUG --> [REQ_ID=276fb35c95e3] [REQUEST][START] GET /

[1 occurrence(s)]
DEBUG --> [REQ_ID=276fb35c95e3] [FILTER_BEFORE] /

[1 occurrence(s)]
DEBUG --> [REQ_ID=276fb35c95e3] [ROUTE] Controller=\App\Controllers\Home Method=index

[1 occurrence(s)]
DEBUG --> [REQ_ID=276fb35c95e3] [LIFECYCLE][START] GET https://www.mymiwallet.com/index.php/

[1 occurrence(s)]
DEBUG --> [CSRF] token name=csrf_test_name hash=c751c729f97e6818067305316d1af6c7

[1 occurrence(s)]
DEBUG --> [REQ_ID=670d6203994b] [INIT] App\Controllers\Home::GET

[1 occurrence(s)]
DEBUG --> [REQ_ID=670d6203994b] [VIEW_RENDER] themes/public/home

[1 occurrence(s)]
DEBUG --> [REQ_ID=276fb35c95e3] [FILTER_AFTER]

[1 occurrence(s)]
DEBUG --> [REQ_ID=276fb35c95e3] [LIFECYCLE][END] status=200 duration_ms=553.93 memory_delta=4194304

[1 occurrence(s)]
DEBUG --> [REQ_ID=276fb35c95e3] [REQUEST][END]

[1 occurrence(s)]
DEBUG --> [REQ_ID=e77f517e2926] [REQUEST][START] GET /

[1 occurrence(s)]
DEBUG --> [REQ_ID=e77f517e2926] [FILTER_BEFORE] /

[1 occurrence(s)]
DEBUG --> [REQ_ID=e77f517e2926] [ROUTE] Controller=\App\Controllers\Home Method=index

[1 occurrence(s)]
DEBUG --> [REQ_ID=e77f517e2926] [LIFECYCLE][START] GET https://www.mymiwallet.com/index.php/

[1 occurrence(s)]
DEBUG --> [CSRF] token name=csrf_test_name hash=08750de942ad51730161c912ba052f35

[1 occurrence(s)]
DEBUG --> [REQ_ID=e6281510119f] [INIT] App\Controllers\Home::GET

[1 occurrence(s)]
DEBUG --> [REQ_ID=e6281510119f] [VIEW_RENDER] themes/public/home

[1 occurrence(s)]
DEBUG --> [REQ_ID=e77f517e2926] [FILTER_AFTER]

[1 occurrence(s)]
DEBUG --> [REQ_ID=e77f517e2926] [LIFECYCLE][END] status=200 duration_ms=556.42 memory_delta=4194304

[1 occurrence(s)]
DEBUG --> [REQ_ID=e77f517e2926] [REQUEST][END]

[1 occurrence(s)]
DEBUG --> [REQ_ID=be04e7ef8401] [REQUEST][START] HEAD /

[1 occurrence(s)]
DEBUG --> [REQ_ID=705369a9b314] [REQUEST][START] HEAD /

[1 occurrence(s)]
DEBUG --> [REQ_ID=dacb3be5f02b] [REQUEST][START] GET /index.php/API/Management/Run-CRON-Tasks

[1 occurrence(s)]
DEBUG --> [REQ_ID=dacb3be5f02b] [FILTER_BEFORE] /index.php/API/Management/Run-CRON-Tasks

[1 occurrence(s)]
DEBUG --> [REQ_ID=dacb3be5f02b] [ROUTE] Controller=\App\Modules\Management\Controllers\ManagementAPIController Method=Run_CRON_Tasks

[1 occurrence(s)]
DEBUG --> [REQ_ID=dacb3be5f02b] [LIFECYCLE][START] GET https://www.mymiwallet.com/index.php/API/Management/Run-CRON-Tasks

[1 occurrence(s)]
DEBUG --> [REQ_ID=dacb3be5f02b] [REQUEST][END]


---------------------------
LEVEL: INFO
---------------------------

[1 occurrence(s)]
INFO --> [REQ_ID=96039ca6029c] [PERF] Execution time=0.052620

[1 occurrence(s)]
INFO --> [REQ_ID=d1f5ed00b21a] [PERF] Execution time=0.047937

[1 occurrence(s)]
INFO --> [REQ_ID=bfe7d5aab5e4] [PERF] Execution time=0.056839

[1 occurrence(s)]
INFO --> [REQ_ID=76cd56be4150] [MEMORY][controller-start] 4194304

[1 occurrence(s)]
INFO --> [REQ_ID=76cd56be4150] [PERF] Execution time=0.134965

[1 occurrence(s)]
INFO --> [REQ_ID=c0a500610023] [PERF] Execution time=0.146510

[1 occurrence(s)]
INFO --> [REQ_ID=1a649e55df17] [PERF] Execution time=0.042446

[1 occurrence(s)]
INFO --> [REQ_ID=5b002df5f432] [MEMORY][controller-start] 4194304

[1 occurrence(s)]
INFO --> [REQ_ID=5b002df5f432] [PERF] Execution time=0.028239

[1 occurrence(s)]
INFO --> [REQ_ID=3f87c79471a4] [PERF] Execution time=0.040683

[1 occurrence(s)]
INFO --> [REQ_ID=77ac611e59b2] [MEMORY][controller-start] 4194304

[1 occurrence(s)]
INFO --> [REQ_ID=77ac611e59b2] [MEMORY][commonData:start] 6291456

[1 occurrence(s)]
INFO --> [REQ_ID=77ac611e59b2] [MEMORY][commonData:start] 8388608

[13 occurrence(s)]
INFO --> themesMemory usage: 8388608

[1 occurrence(s)]
INFO --> [REQ_ID=77ac611e59b2] [PERF] Execution time=0.692744

[1 occurrence(s)]
INFO --> [REQ_ID=0951aae0f8e9] [PERF] Execution time=0.703324

[1 occurrence(s)]
INFO --> [REQ_ID=860a000524b1] [PERF] Execution time=0.036137

[1 occurrence(s)]
INFO --> [REQ_ID=889e62c8fe23] [MEMORY][controller-start] 4194304

[1 occurrence(s)]
INFO --> [REQ_ID=889e62c8fe23] [PERF] Execution time=0.039574

[1 occurrence(s)]
INFO --> [REQ_ID=3b36c627fdf2] [PERF] Execution time=0.057213

[1 occurrence(s)]
INFO --> [REQ_ID=2dd8184253ad] [PERF] Execution time=0.057373

[1 occurrence(s)]
INFO --> [REQ_ID=9dd2856f448f] [MEMORY][controller-start] 4194304

[1 occurrence(s)]
INFO --> [REQ_ID=9dd2856f448f] [PERF] Execution time=0.173804

[1 occurrence(s)]
INFO --> [REQ_ID=67bee2c73346] [PERF] Execution time=0.185894

[1 occurrence(s)]
INFO --> [REQ_ID=bc619e763967] [MEMORY][controller-start] 6291456

[2 occurrence(s)]
INFO --> [REQ_ID=bc619e763967] [MEMORY][commonData:start] 8388608

[1 occurrence(s)]
INFO --> AlertsModel L404 - Alert updated successfully for ID 9368: Array

[1 occurrence(s)]
INFO --> 🔄 Trying AlphaVantage for IMNN...

[1 occurrence(s)]
INFO --> ✅ Alert snapshot inserted for IMNN with trade_id 9368

[1 occurrence(s)]
INFO --> [REQ_ID=bc619e763967] [PERF] Execution time=0.782799

[1 occurrence(s)]
INFO --> [REQ_ID=b29deb09ae60] [PERF] Execution time=0.824470

[1 occurrence(s)]
INFO --> REDIRECTED ROUTE at https://www.mymiwallet.com/Features/Brokerage-Integrations

[1 occurrence(s)]
INFO --> [REQ_ID=85b181eba96c] [PERF] Execution time=0.012389

[1 occurrence(s)]
INFO --> [REQ_ID=de51edc8b455] [MEMORY][controller-start] 6291456

[1 occurrence(s)]
INFO --> [REQ_ID=de51edc8b455] [MEMORY][commonData:start] 6291456

[1 occurrence(s)]
INFO --> [REQ_ID=de51edc8b455] [MEMORY][commonData:start] 10485760

[10 occurrence(s)]
INFO --> themesMemory usage: 10485760

[1 occurrence(s)]
INFO --> [REQ_ID=de51edc8b455] [PERF] Execution time=0.784214

[1 occurrence(s)]
INFO --> [REQ_ID=1d44cbb45066] [PERF] Execution time=0.838249

[1 occurrence(s)]
INFO --> [REQ_ID=8db75112452d] [MEMORY][controller-start] 6291456

[1 occurrence(s)]
INFO --> [REQ_ID=8db75112452d] [MEMORY][commonData:start] 6291456

[1 occurrence(s)]
INFO --> [REQ_ID=8db75112452d] [MEMORY][commonData:start] 10485760

[1 occurrence(s)]
INFO --> [REQ_ID=8db75112452d] [PERF] Execution time=0.646812

[1 occurrence(s)]
INFO --> [REQ_ID=ac05025656e3] [PERF] Execution time=0.686945

[1 occurrence(s)]
INFO --> [REQ_ID=7a17563767ed] [PERF] Execution time=0.062089

[1 occurrence(s)]
INFO --> [REQ_ID=90f7659f9a94] [PERF] Execution time=0.054389

[1 occurrence(s)]
INFO --> [REQ_ID=11ba376001d4] [MEMORY][controller-start] 6291456

[1 occurrence(s)]
INFO --> [REQ_ID=11ba376001d4] [MEMORY][commonData:start] 6291456

[1 occurrence(s)]
INFO --> [REQ_ID=11ba376001d4] [MEMORY][commonData:start] 10485760

[1 occurrence(s)]
INFO --> [REQ_ID=11ba376001d4] [PERF] Execution time=0.771296

[1 occurrence(s)]
INFO --> [REQ_ID=da0a1a0da9f4] [PERF] Execution time=0.814447

[1 occurrence(s)]
INFO --> [REQ_ID=bf0f3896f52a] [MEMORY][controller-start] 6291456

[2 occurrence(s)]
INFO --> [REQ_ID=bf0f3896f52a] [MEMORY][commonData:start] 6291456

[2 occurrence(s)]
INFO --> themesMemory usage: 6291456

[1 occurrence(s)]
INFO --> [REQ_ID=bf0f3896f52a] [PERF] Execution time=0.078159

[1 occurrence(s)]
INFO --> [REQ_ID=5f3b7465b94b] [PERF] Execution time=0.092325

[1 occurrence(s)]
INFO --> [REQ_ID=dfd0fec4c639] [MEMORY][controller-start] 6291456

[1 occurrence(s)]
INFO --> [REQ_ID=dfd0fec4c639] [PERF] Execution time=0.212468

[1 occurrence(s)]
INFO --> [REQ_ID=caa423f00326] [MEMORY][controller-start] 6291456

[1 occurrence(s)]
INFO --> [REQ_ID=caa423f00326] [PERF] Execution time=0.217108

[1 occurrence(s)]
INFO --> [REQ_ID=c63f0cdb29b6] [MEMORY][controller-start] 4194304

[2 occurrence(s)]
INFO --> [REQ_ID=c63f0cdb29b6] [MEMORY][commonData:start] 4194304

[6 occurrence(s)]
INFO --> themesMemory usage: 4194304

[1 occurrence(s)]
INFO --> [REQ_ID=c63f0cdb29b6] [PERF] Execution time=0.034441

[1 occurrence(s)]
INFO --> [REQ_ID=d17d6c0d1ef6] [PERF] Execution time=0.049936

[1 occurrence(s)]
INFO --> [REQ_ID=8ac5fba62012] [PERF] Execution time=0.048427

[1 occurrence(s)]
INFO --> [REQ_ID=9dcf1454c4bf] [PERF] Execution time=0.077048

[1 occurrence(s)]
INFO --> [REQ_ID=f0bc039200a6] [MEMORY][controller-start] 4194304

[1 occurrence(s)]
INFO --> [REQ_ID=f0bc039200a6] [PERF] Execution time=0.110678

[1 occurrence(s)]
INFO --> [REQ_ID=7781800a451a] [PERF] Execution time=0.122938

[1 occurrence(s)]
INFO --> [REQ_ID=f3e032545913] [PERF] Execution time=0.047315

[1 occurrence(s)]
INFO --> [REQ_ID=a2c672425f9b] [PERF] Execution time=0.023059

[1 occurrence(s)]
INFO --> [REQ_ID=281a8455f507] [MEMORY][controller-start] 4194304

[1 occurrence(s)]
INFO --> [REQ_ID=281a8455f507] [PERF] Execution time=0.055516

[1 occurrence(s)]
INFO --> [REQ_ID=3305c07bf34e] [PERF] Execution time=0.071246

[1 occurrence(s)]
INFO --> [REQ_ID=190776f1ba3e] [MEMORY][controller-start] 4194304

[1 occurrence(s)]
INFO --> [REQ_ID=190776f1ba3e] [MEMORY][commonData:start] 6291456

[1 occurrence(s)]
INFO --> [REQ_ID=190776f1ba3e] [MEMORY][commonData:start] 8388608

[1 occurrence(s)]
INFO --> [REQ_ID=190776f1ba3e] [PERF] Execution time=0.640763

[1 occurrence(s)]
INFO --> [REQ_ID=fa8ab3f4069e] [PERF] Execution time=0.663566

[1 occurrence(s)]
INFO --> [REQ_ID=1e1028e6c666] [MEMORY][controller-start] 4194304

[1 occurrence(s)]
INFO --> [REQ_ID=1e1028e6c666] [PERF] Execution time=0.085668

[1 occurrence(s)]
INFO --> [REQ_ID=2aa666698ba7] [MEMORY][controller-start] 4194304

[2 occurrence(s)]
INFO --> [REQ_ID=2aa666698ba7] [MEMORY][commonData:start] 4194304

[1 occurrence(s)]
INFO --> [REQ_ID=2aa666698ba7] [PERF] Execution time=0.040562

[1 occurrence(s)]
INFO --> [REQ_ID=a266a7edcc29] [PERF] Execution time=0.055834

[1 occurrence(s)]
INFO --> [REQ_ID=0d1dee7e21c5] [PERF] Execution time=0.052394

[1 occurrence(s)]
INFO --> REDIRECTED ROUTE at https://www.mymiwallet.com/Investments/Trade-Tracker

[1 occurrence(s)]
INFO --> [REQ_ID=74e0eb54e84d] [PERF] Execution time=0.039094

[1 occurrence(s)]
INFO --> [REQ_ID=bf3310469540] [PERF] Execution time=0.045073

[1 occurrence(s)]
INFO --> [REQ_ID=e2488f28e4ec] [PERF] Execution time=0.030429

[1 occurrence(s)]
INFO --> [REQ_ID=bbdc1a018eb3] [MEMORY][controller-start] 4194304

[1 occurrence(s)]
INFO --> [REQ_ID=bbdc1a018eb3] [PERF] Execution time=0.125730

[1 occurrence(s)]
INFO --> [REQ_ID=b4b3d4262c2e] [PERF] Execution time=0.137408

[1 occurrence(s)]
INFO --> [REQ_ID=c6c254f1e79e] [PERF] Execution time=0.015448

[1 occurrence(s)]
INFO --> [REQ_ID=dd0ada5e1e59] [MEMORY][controller-start] 4194304

[1 occurrence(s)]
INFO --> [REQ_ID=dd0ada5e1e59] [PERF] Execution time=0.019760

[1 occurrence(s)]
INFO --> [REQ_ID=286db78fdd71] [PERF] Execution time=0.029941

[1 occurrence(s)]
INFO --> [REQ_ID=a5c86dfb572e] [PERF] Execution time=0.050557

[1 occurrence(s)]
INFO --> [REQ_ID=49a89410a40a] [MEMORY][controller-start] 4194304

[1 occurrence(s)]
INFO --> [REQ_ID=49a89410a40a] [PERF] Execution time=0.067594

[1 occurrence(s)]
INFO --> [REQ_ID=c6f9dca7cfc2] [PERF] Execution time=0.087699

[1 occurrence(s)]
INFO --> [REQ_ID=11f64d3f826b] [MEMORY][controller-start] 4194304

[2 occurrence(s)]
INFO --> [REQ_ID=11f64d3f826b] [MEMORY][commonData:start] 6291456

[1 occurrence(s)]
INFO --> [REQ_ID=11f64d3f826b] [PERF] Execution time=0.154112

[1 occurrence(s)]
INFO --> [REQ_ID=104d53bb45ce] [PERF] Execution time=0.165684

[1 occurrence(s)]
INFO --> [REQ_ID=617aefc3b9cd] [MEMORY][controller-start] 4194304

[1 occurrence(s)]
INFO --> [REQ_ID=617aefc3b9cd] [PERF] Execution time=0.072773

[1 occurrence(s)]
INFO --> [REQ_ID=dab418a71035] [MEMORY][controller-start] 4194304

[2 occurrence(s)]
INFO --> [REQ_ID=dab418a71035] [MEMORY][commonData:start] 4194304

[1 occurrence(s)]
INFO --> [REQ_ID=dab418a71035] [PERF] Execution time=0.041352

[1 occurrence(s)]
INFO --> [REQ_ID=2376f5650529] [PERF] Execution time=0.051031

[1 occurrence(s)]
INFO --> [REQ_ID=0606d9097154] [MEMORY][controller-start] 4194304

[2 occurrence(s)]
INFO --> [REQ_ID=0606d9097154] [MEMORY][commonData:start] 4194304

[1 occurrence(s)]
INFO --> [REQ_ID=0606d9097154] [PERF] Execution time=0.030308

[1 occurrence(s)]
INFO --> [REQ_ID=5b806edcfdac] [PERF] Execution time=0.041019

[1 occurrence(s)]
INFO --> [REQ_ID=13f21aea922a] [MEMORY][controller-start] 4194304

[2 occurrence(s)]
INFO --> [REQ_ID=13f21aea922a] [MEMORY][commonData:start] 4194304

[1 occurrence(s)]
INFO --> [REQ_ID=13f21aea922a] [PERF] Execution time=0.031943

[1 occurrence(s)]
INFO --> [REQ_ID=d820671eef2c] [PERF] Execution time=0.046281

[1 occurrence(s)]
INFO --> [REQ_ID=53b772fda246] [MEMORY][controller-start] 4194304

[1 occurrence(s)]
INFO --> [REQ_ID=53b772fda246] [PERF] Execution time=0.045249

[1 occurrence(s)]
INFO --> [REQ_ID=e8f44e417061] [MEMORY][controller-start] 4194304

[1 occurrence(s)]
INFO --> [REQ_ID=e8f44e417061] [PERF] Execution time=0.034518

[1 occurrence(s)]
INFO --> [REQ_ID=898f9a38da2c] [MEMORY][controller-start] 4194304

[1 occurrence(s)]
INFO --> [REQ_ID=898f9a38da2c] [PERF] Execution time=0.037615

[1 occurrence(s)]
INFO --> [REQ_ID=587a3c23fabc] [MEMORY][controller-start] 6291456

[1 occurrence(s)]
INFO --> [REQ_ID=587a3c23fabc] [MEMORY][commonData:start] 6291456

[1 occurrence(s)]
INFO --> [REQ_ID=587a3c23fabc] [MEMORY][commonData:start] 10485760

[1 occurrence(s)]
INFO --> [REQ_ID=587a3c23fabc] [PERF] Execution time=0.785163

[1 occurrence(s)]
INFO --> [REQ_ID=a6fa9df34c08] [PERF] Execution time=0.829127

[1 occurrence(s)]
INFO --> [REQ_ID=4f924898050f] [MEMORY][controller-start] 4194304

[1 occurrence(s)]
INFO --> [REQ_ID=4f924898050f] [MEMORY][commonData:start] 6291456

[1 occurrence(s)]
INFO --> [REQ_ID=4f924898050f] [MEMORY][commonData:start] 8388608

[1 occurrence(s)]
INFO --> [REQ_ID=4f924898050f] [PERF] Execution time=0.905627

[1 occurrence(s)]
INFO --> [REQ_ID=473185102610] [PERF] Execution time=0.927778

[1 occurrence(s)]
INFO --> [REQ_ID=588e007cb0ef] [MEMORY][controller-start] 6291456

[1 occurrence(s)]
INFO --> [REQ_ID=588e007cb0ef] [MEMORY][commonData:start] 6291456

[1 occurrence(s)]
INFO --> [REQ_ID=588e007cb0ef] [MEMORY][commonData:start] 8388608

[1 occurrence(s)]
INFO --> [REQ_ID=588e007cb0ef] [PERF] Execution time=0.579573

[1 occurrence(s)]
INFO --> [REQ_ID=d00efaa17d2c] [PERF] Execution time=0.590352

[1 occurrence(s)]
INFO --> [REQ_ID=3368c3507d9c] [PERF] Execution time=0.046103

[1 occurrence(s)]
INFO --> [REQ_ID=c10b2d36928b] [MEMORY][controller-start] 6291456

[1 occurrence(s)]
INFO --> [REQ_ID=c10b2d36928b] [MEMORY][commonData:start] 6291456

[1 occurrence(s)]
INFO --> [REQ_ID=c10b2d36928b] [MEMORY][commonData:start] 10485760

[1 occurrence(s)]
INFO --> [REQ_ID=c10b2d36928b] [PERF] Execution time=0.581181

[1 occurrence(s)]
INFO --> [REQ_ID=261537e2d330] [PERF] Execution time=0.623529

[1 occurrence(s)]
INFO --> [REQ_ID=4ec6dafb78fb] [PERF] Execution time=0.049681

[1 occurrence(s)]
INFO --> [REQ_ID=1c02f69d487d] [MEMORY][controller-start] 6291456

[1 occurrence(s)]
INFO --> [REQ_ID=1c02f69d487d] [MEMORY][commonData:start] 6291456

[1 occurrence(s)]
INFO --> [REQ_ID=1c02f69d487d] [MEMORY][commonData:start] 10485760

[1 occurrence(s)]
INFO --> [REQ_ID=1c02f69d487d] [PERF] Execution time=1.388358

[1 occurrence(s)]
INFO --> [REQ_ID=e6a7929e63c9] [PERF] Execution time=1.571796

[1 occurrence(s)]
INFO --> [REQ_ID=d10f673ee8e1] [MEMORY][controller-start] 6291456

[1 occurrence(s)]
INFO --> [REQ_ID=d10f673ee8e1] [MEMORY][commonData:start] 6291456

[1 occurrence(s)]
INFO --> [REQ_ID=d10f673ee8e1] [MEMORY][commonData:start] 8388608

[1 occurrence(s)]
INFO --> [REQ_ID=d10f673ee8e1] [PERF] Execution time=0.552509

[1 occurrence(s)]
INFO --> [REQ_ID=8e6b688136c7] [PERF] Execution time=0.581193

[1 occurrence(s)]
INFO --> [REQ_ID=b89cc111458c] [MEMORY][controller-start] 4194304

[1 occurrence(s)]
INFO --> [REQ_ID=b89cc111458c] [MEMORY][commonData:start] 6291456

[1 occurrence(s)]
INFO --> [REQ_ID=b89cc111458c] [MEMORY][commonData:start] 8388608

[1 occurrence(s)]
INFO --> [REQ_ID=b89cc111458c] [PERF] Execution time=0.650265

[1 occurrence(s)]
INFO --> [REQ_ID=2a6eae940e53] [PERF] Execution time=0.671095

[1 occurrence(s)]
INFO --> [REQ_ID=efb936016e14] [MEMORY][controller-start] 6291456

[1 occurrence(s)]
INFO --> [REQ_ID=efb936016e14] [MEMORY][commonData:start] 6291456

[1 occurrence(s)]
INFO --> [REQ_ID=efb936016e14] [MEMORY][commonData:start] 8388608

[1 occurrence(s)]
INFO --> [REQ_ID=efb936016e14] [PERF] Execution time=0.669701

[1 occurrence(s)]
INFO --> [REQ_ID=7a08c5b38ef8] [PERF] Execution time=0.792079

[1 occurrence(s)]
INFO --> [REQ_ID=1155f8ca7ae6] [MEMORY][controller-start] 6291456

[1 occurrence(s)]
INFO --> [REQ_ID=1155f8ca7ae6] [PERF] Execution time=0.112681

[1 occurrence(s)]
INFO --> [REQ_ID=0844ebb3a197] [MEMORY][controller-start] 4194304

[2 occurrence(s)]
INFO --> [REQ_ID=0844ebb3a197] [MEMORY][commonData:start] 4194304

[1 occurrence(s)]
INFO --> [REQ_ID=0844ebb3a197] [PERF] Execution time=0.131647

[1 occurrence(s)]
INFO --> [REQ_ID=c84c16299a46] [PERF] Execution time=0.251149

[1 occurrence(s)]
INFO --> [REQ_ID=2fb2e46fbca9] [MEMORY][controller-start] 4194304

[1 occurrence(s)]
INFO --> [REQ_ID=2fb2e46fbca9] [MEMORY][commonData:start] 6291456

[1 occurrence(s)]
INFO --> [REQ_ID=2fb2e46fbca9] [MEMORY][commonData:start] 8388608

[1 occurrence(s)]
INFO --> [REQ_ID=2fb2e46fbca9] [PERF] Execution time=0.823680

[1 occurrence(s)]
INFO --> [REQ_ID=966015175e4b] [PERF] Execution time=0.882647

[1 occurrence(s)]
INFO --> [REQ_ID=139f33f94582] [PERF] Execution time=0.055245

[1 occurrence(s)]
INFO --> [REQ_ID=faf22c282402] [MEMORY][controller-start] 4194304

[1 occurrence(s)]
INFO --> [REQ_ID=faf22c282402] [PERF] Execution time=0.460480

[1 occurrence(s)]
INFO --> [REQ_ID=40550aabe8be] [PERF] Execution time=0.473202

[1 occurrence(s)]
INFO --> [REQ_ID=1a2961db5c7d] [MEMORY][controller-start] 4194304

[1 occurrence(s)]
INFO --> [REQ_ID=1a2961db5c7d] [MEMORY][commonData:start] 6291456

[1 occurrence(s)]
INFO --> [REQ_ID=1a2961db5c7d] [PERF] Execution time=0.853061

[1 occurrence(s)]
INFO --> [REQ_ID=7096c986fb99] [PERF] Execution time=0.880914

[1 occurrence(s)]
INFO --> [REQ_ID=b368cb3f3bc3] [PERF] Execution time=0.026060

[1 occurrence(s)]
INFO --> [REQ_ID=e1214348d5a3] [MEMORY][controller-start] 4194304

[1 occurrence(s)]
INFO --> [REQ_ID=e1214348d5a3] [PERF] Execution time=0.030014

[1 occurrence(s)]
INFO --> [REQ_ID=08c213088bdb] [PERF] Execution time=0.052547

[1 occurrence(s)]
INFO --> [REQ_ID=211f91c1d9d1] [PERF] Execution time=0.051582

[1 occurrence(s)]
INFO --> [REQ_ID=cb33346958ab] [MEMORY][controller-start] 6291456

[1 occurrence(s)]
INFO --> [REQ_ID=cb33346958ab] [MEMORY][commonData:start] 6291456

[1 occurrence(s)]
INFO --> [REQ_ID=cb33346958ab] [MEMORY][commonData:start] 10485760

[1 occurrence(s)]
INFO --> [REQ_ID=cb33346958ab] [PERF] Execution time=0.755613

[1 occurrence(s)]
INFO --> [REQ_ID=b1d94ef44a00] [PERF] Execution time=0.796511

[1 occurrence(s)]
INFO --> [REQ_ID=29499bee5326] [PERF] Execution time=0.054753

[1 occurrence(s)]
INFO --> [REQ_ID=2e0e7ae97c0b] [MEMORY][controller-start] 4194304

[1 occurrence(s)]
INFO --> [REQ_ID=2e0e7ae97c0b] [PERF] Execution time=0.121843

[1 occurrence(s)]
INFO --> [REQ_ID=e5aae1e39830] [PERF] Execution time=0.134320

[1 occurrence(s)]
INFO --> [REQ_ID=9ca67f18151a] [PERF] Execution time=0.025407

[1 occurrence(s)]
INFO --> [REQ_ID=3516c583fb14] [MEMORY][controller-start] 4194304

[1 occurrence(s)]
INFO --> [REQ_ID=3516c583fb14] [PERF] Execution time=0.142683

[1 occurrence(s)]
INFO --> [REQ_ID=f7d54f64d12d] [PERF] Execution time=0.158619

[1 occurrence(s)]
INFO --> [REQ_ID=774e30ec75d0] [PERF] Execution time=0.071153

[1 occurrence(s)]
INFO --> [REQ_ID=ac7f24ca10e1] [MEMORY][controller-start] 6291456

[1 occurrence(s)]
INFO --> [REQ_ID=ac7f24ca10e1] [MEMORY][commonData:start] 6291456

[1 occurrence(s)]
INFO --> [REQ_ID=ac7f24ca10e1] [MEMORY][commonData:start] 10485760

[1 occurrence(s)]
INFO --> [REQ_ID=ac7f24ca10e1] [PERF] Execution time=0.826357

[1 occurrence(s)]
INFO --> [REQ_ID=f027f829fb0e] [PERF] Execution time=0.866876

[1 occurrence(s)]
INFO --> [REQ_ID=63cad5e05ef9] [PERF] Execution time=0.060407

[1 occurrence(s)]
INFO --> [REQ_ID=d442d4584ab2] [MEMORY][controller-start] 4194304

[1 occurrence(s)]
INFO --> [REQ_ID=d442d4584ab2] [PERF] Execution time=0.180776

[1 occurrence(s)]
INFO --> [REQ_ID=1f49781f66da] [PERF] Execution time=0.192743

[1 occurrence(s)]
INFO --> [REQ_ID=822dd755c2fb] [PERF] Execution time=0.049567

[1 occurrence(s)]
INFO --> [REQ_ID=68c817f05ca3] [MEMORY][controller-start] 6291456

[1 occurrence(s)]
INFO --> [REQ_ID=68c817f05ca3] [MEMORY][commonData:start] 6291456

[1 occurrence(s)]
INFO --> [REQ_ID=68c817f05ca3] [MEMORY][commonData:start] 10485760

[1 occurrence(s)]
INFO --> [REQ_ID=68c817f05ca3] [PERF] Execution time=0.621562

[1 occurrence(s)]
INFO --> [REQ_ID=decf95e47d8f] [PERF] Execution time=0.666070

[1 occurrence(s)]
INFO --> [REQ_ID=07f34f82987e] [PERF] Execution time=0.048180

[1 occurrence(s)]
INFO --> [REQ_ID=92093605c140] [PERF] Execution time=0.057973

[1 occurrence(s)]
INFO --> [REQ_ID=52c3eab15588] [MEMORY][controller-start] 4194304

[1 occurrence(s)]
INFO --> [REQ_ID=52c3eab15588] [PERF] Execution time=0.212565

[1 occurrence(s)]
INFO --> [REQ_ID=18af9dc28f08] [PERF] Execution time=0.225834

[1 occurrence(s)]
INFO --> REDIRECTED ROUTE at https://www.mymiwallet.com/Advisor

[1 occurrence(s)]
INFO --> [REQ_ID=7414137e6763] [PERF] Execution time=0.017281

[1 occurrence(s)]
INFO --> [REQ_ID=4511a5a4ea62] [PERF] Execution time=0.052054

[1 occurrence(s)]
INFO --> [REQ_ID=beb2f4bbcd23] [MEMORY][controller-start] 4194304

[1 occurrence(s)]
INFO --> [REQ_ID=beb2f4bbcd23] [PERF] Execution time=0.363896

[1 occurrence(s)]
INFO --> [REQ_ID=50293e88a45b] [PERF] Execution time=0.376545

[1 occurrence(s)]
INFO --> [REQ_ID=5e73a9c17c63] [PERF] Execution time=0.059697

[1 occurrence(s)]
INFO --> [REQ_ID=d3d76e0abef8] [MEMORY][controller-start] 4194304

[1 occurrence(s)]
INFO --> [REQ_ID=d3d76e0abef8] [PERF] Execution time=0.120446

[1 occurrence(s)]
INFO --> [REQ_ID=5d0729876e2a] [PERF] Execution time=0.132806

[1 occurrence(s)]
INFO --> [REQ_ID=621053523384] [MEMORY][controller-start] 6291456

[1 occurrence(s)]
INFO --> [REQ_ID=621053523384] [MEMORY][commonData:start] 6291456

[1 occurrence(s)]
INFO --> [REQ_ID=621053523384] [MEMORY][commonData:start] 10485760

[1 occurrence(s)]
INFO --> [REQ_ID=621053523384] [PERF] Execution time=0.702274

[1 occurrence(s)]
INFO --> [REQ_ID=f813c5694988] [PERF] Execution time=0.746099

[1 occurrence(s)]
INFO --> [REQ_ID=bd4cc34c920c] [MEMORY][controller-start] 4194304

[1 occurrence(s)]
INFO --> [REQ_ID=bd4cc34c920c] [MEMORY][commonData:start] 4194304

[1 occurrence(s)]
INFO --> [REQ_ID=bd4cc34c920c] [MEMORY][commonData:start] 8388608

[1 occurrence(s)]
INFO --> [REQ_ID=bd4cc34c920c] [PERF] Execution time=0.611070

[1 occurrence(s)]
INFO --> [REQ_ID=f3752a9b286a] [PERF] Execution time=0.620260

[1 occurrence(s)]
INFO --> [REQ_ID=670d6203994b] [MEMORY][controller-start] 4194304

[1 occurrence(s)]
INFO --> [REQ_ID=670d6203994b] [MEMORY][commonData:start] 4194304

[1 occurrence(s)]
INFO --> [REQ_ID=670d6203994b] [MEMORY][commonData:start] 8388608

[1 occurrence(s)]
INFO --> [REQ_ID=670d6203994b] [PERF] Execution time=0.553586

[1 occurrence(s)]
INFO --> [REQ_ID=276fb35c95e3] [PERF] Execution time=0.564050

[1 occurrence(s)]
INFO --> [REQ_ID=e6281510119f] [MEMORY][controller-start] 4194304

[1 occurrence(s)]
INFO --> [REQ_ID=e6281510119f] [MEMORY][commonData:start] 4194304

[1 occurrence(s)]
INFO --> [REQ_ID=e6281510119f] [MEMORY][commonData:start] 8388608

[1 occurrence(s)]
INFO --> [REQ_ID=e6281510119f] [PERF] Execution time=0.556052

[1 occurrence(s)]
INFO --> [REQ_ID=e77f517e2926] [PERF] Execution time=0.566266

[1 occurrence(s)]
INFO --> [SPARK_START] App\Commands\AIOps\Run

[4 occurrence(s)]
INFO --> [SPARK_MEMORY] 18874368

[1 occurrence(s)]
INFO --> [spark:aiops:run] Intent

[1 occurrence(s)]
INFO --> [REQ_ID=dacb3be5f02b] [PERF] Execution time=0.117457

[1 occurrence(s)]
INFO --> [spark:ops:work] Started

[1 occurrence(s)]
INFO --> [SPARK_START] App\Commands\Ops\Work

[1 occurrence(s)]
INFO --> [spark:ops:work] Intent

[1 occurrence(s)]
INFO --> [spark:ops:work] Completed

[1 occurrence(s)]
INFO --> [SPARK_COMPLETE] App\Commands\Ops\Work duration=0.113157

[1 occurrence(s)]
INFO --> [AIOPS][SPARK][GOVERNANCE][spark:logs:summarize] Started

[1 occurrence(s)]
INFO --> [SPARK_START] App\Commands\Logs\Summarize

[1 occurrence(s)]
INFO --> [spark:logs:summarize] Intent


---------------------------
LEVEL: WARNING
---------------------------

[81 occurrence(s)]
WARNING --> [404] URI=https://www.mymiwallet.com/index.php/

[79 occurrence(s)]
WARNING --> 404 route miss: https://www.mymiwallet.com/index.php/ | referrer: http://67.205.42.220

[19 occurrence(s)]
WARNING --> MyMIWallets initialized without numeric user context.

[1 occurrence(s)]
WARNING --> [404] URI=https://www.mymiwallet.com/index.php/How-It-Works/Automated-Financial-Insights

[1 occurrence(s)]
WARNING --> 404 route miss: https://www.mymiwallet.com/index.php/How-It-Works/Automated-Financial-Insights | referrer: none

[2 occurrence(s)]
WARNING --> [404] URI=https://www.mymiwallet.com/index.php/How-It-Works/overview

[2 occurrence(s)]
WARNING --> 404 route miss: https://www.mymiwallet.com/index.php/How-It-Works/overview | referrer: none

[1 occurrence(s)]
WARNING --> 404 route miss: https://www.mymiwallet.com/index.php/ | referrer: http://mymiwallet.com/

[3 occurrence(s)]
WARNING --> [404] URI=https://www.mymiwallet.com/index.php/How-It-Works

[3 occurrence(s)]
WARNING --> 404 route miss: https://www.mymiwallet.com/index.php/How-It-Works | referrer: none

[1 occurrence(s)]
WARNING --> [404] URI=https://www.mymiwallet.com/index.php/How-It-Works/alerts

[1 occurrence(s)]
WARNING --> 404 route miss: https://www.mymiwallet.com/index.php/How-It-Works/alerts | referrer: none

[1 occurrence(s)]
WARNING --> 404 route miss: https://www.mymiwallet.com/index.php/ | referrer: none


---------------------------
LEVEL: ERROR
---------------------------

[1 occurrence(s)]
ERROR --> HowItWorksController failure: automated-financial-insights

[5 occurrence(s)]
ERROR --> HowItWorksController failure: overview

[6 occurrence(s)]
ERROR --> [ERROR_PAGE] event=error_404 status=404 message=Page not found.

[1 occurrence(s)]
ERROR --> HowItWorksController failure: Call to undefined method App\Modules\Blog\Controllers\HowItWorksController::respondWithRendered()

[1 occurrence(s)]
ERROR --> HowItWorksController failure: alerts


---------------------------
LEVEL: CRITICAL
---------------------------

[88 occurrence(s)]
CRITICAL --> CodeIgniter\Exceptions\PageNotFoundException: Page Not Found

[88 occurrence(s)]
CRITICAL --> [EXCEPTION] Page Not Found File=/home/mymiteam/mymiwallet/site/current/vendor/codeigniter4/framework/system/CodeIgniter.php Line=1001


===============================================
   HERE'S THE NEW STUFF
   (No previous timestamp recorded – nothing treated as new)
===============================================

---- CONFIG LINT ----
✅ Services::cache
✅ Services::responsecache
✅ Services::session
✅ Services::email
✅ Services::logger
✅ Services::validation
✅ Services::renderer
