===============================================
   MyMI Wallet — Log Summary for 2026-02-26
   Auto-generated by logs:summarize command
   Grouped by (LEVEL + message)
===============================================

Last processed up to: 2026-02-26 20:00:03

---------------------------
LEVEL: DEBUG
---------------------------

[395 occurrence(s)]
DEBUG --> Session: Class initialized using 'CodeIgniter\Session\Handlers\FileHandler' driver.

[1 occurrence(s)]
DEBUG --> LOG_HEALTHCHECK debug marker=cc12dc562386

[24 occurrence(s)]
DEBUG --> App\Controllers\Home initController executed

[125 occurrence(s)]
DEBUG --> MyMIUser L52 - initialized (first log).

[34 occurrence(s)]
DEBUG --> [MetaService] slug= pageName= cacheHit= path=FALLBACK

[17 occurrence(s)]
DEBUG --> [MetaService] slug= pageName=Home cacheHit= path=DB

[30 occurrence(s)]
DEBUG --> [MetaService] slug= pageName= cacheHit=1 path=CACHE

[47 occurrence(s)]
DEBUG --> [MetaService] slug= pageName=Home cacheHit=1 path=CACHE

[33 occurrence(s)]
DEBUG --> App\Controllers\AuthController initController executed

[1 occurrence(s)]
DEBUG --> Auth attemptLogin() called with login identifier: e.l.na.h.a.sy.as.ser@gmail.com, remember: false

[1 occurrence(s)]
DEBUG --> Auth attemptLogin() called. redirect_url in session: none

[1 occurrence(s)]
DEBUG --> Auth credentials normalised for attempt using key "email"

[1 occurrence(s)]
DEBUG --> Auth attempt failed for identifier e.l.na.h.a.sy.as.ser@gmail.com. Error: Unable to log you in. Please check your password.

[7 occurrence(s)]
DEBUG --> App\Modules\Blog\Controllers\HowItWorksController initController executed

[147 occurrence(s)]
DEBUG --> MyMICoin: guest context detected; skipping user-specific preload.

[2 occurrence(s)]
DEBUG --> App\Modules\Support\Controllers\AccountSupportController initController executed

[2 occurrence(s)]
DEBUG --> App\Modules\Support\Controllers\SupportController initController executed

[3 occurrence(s)]
DEBUG --> [MetaService] slug=privacy-policy pageName= cacheHit= path=DB

[3 occurrence(s)]
DEBUG --> [MetaService] slug=privacy-policy pageName=Privacy Policy cacheHit= path=DB

[1 occurrence(s)]
DEBUG --> LOG_HEALTHCHECK debug marker=0503468f91fd

[1 occurrence(s)]
DEBUG --> App\Modules\Blog\Controllers\BlogController initController executed

[2 occurrence(s)]
DEBUG --> [MetaService] slug=how-it-works pageName= cacheHit= path=DB

[4 occurrence(s)]
DEBUG --> [MetaService] slug=how-it-works pageName= cacheHit=1 path=CACHE

[1 occurrence(s)]
DEBUG --> [MetaService] slug=how-it-works/earnings pageName= cacheHit= path=DB

[1 occurrence(s)]
DEBUG --> [MetaService] slug=how-it-works/earnings pageName= cacheHit=1 path=CACHE

[1 occurrence(s)]
DEBUG --> [MetaService] slug=terms-of-service pageName= cacheHit= path=DB

[1 occurrence(s)]
DEBUG --> [MetaService] slug=terms-of-service pageName=Terms of Service cacheHit= path=DB

[1 occurrence(s)]
DEBUG --> [MetaService] slug=terms-of-service pageName= cacheHit=1 path=CACHE

[1 occurrence(s)]
DEBUG --> [MetaService] slug=terms-of-service pageName=Terms of Service cacheHit=1 path=CACHE

[1 occurrence(s)]
DEBUG --> [MetaService] slug=memberships pageName= cacheHit= path=DB

[1 occurrence(s)]
DEBUG --> [MetaService] slug=memberships pageName=Memberships cacheHit= path=DB

[1 occurrence(s)]
DEBUG --> [MetaService] slug=memberships pageName= cacheHit=1 path=CACHE

[1 occurrence(s)]
DEBUG --> [MetaService] slug=memberships pageName=Memberships cacheHit=1 path=CACHE

[1 occurrence(s)]
DEBUG --> [MetaService] slug=how-it-works/investments pageName= cacheHit= path=DB

[1 occurrence(s)]
DEBUG --> [MetaService] slug=how-it-works/investments pageName= cacheHit=1 path=CACHE

[1 occurrence(s)]
DEBUG --> [MetaService] slug=privacy-policy pageName= cacheHit=1 path=CACHE

[1 occurrence(s)]
DEBUG --> [MetaService] slug=privacy-policy pageName=Privacy Policy cacheHit=1 path=CACHE

[1 occurrence(s)]
DEBUG --> [REQ_ID=195bddcb1398] [REQUEST][START] GET /index.php

[1 occurrence(s)]
DEBUG --> [REQ_ID=195bddcb1398] [FILTER_BEFORE] /index.php

[1 occurrence(s)]
DEBUG --> [REQ_ID=195bddcb1398] [ROUTE] Controller=\App\Controllers\Home Method=index

[1 occurrence(s)]
DEBUG --> [REQ_ID=195bddcb1398] [LIFECYCLE][START] GET https://www.mymiwallet.com/index.php/

[2 occurrence(s)]
DEBUG --> [CSRF] token name=csrf_test_name hash=24f06a254b0509ed2c6a0b4cfdce2041

[1 occurrence(s)]
DEBUG --> [REQ_ID=e9c81dc469b6] [INIT] App\Controllers\Home::GET

[1 occurrence(s)]
DEBUG --> [REQ_ID=e9c81dc469b6] [VIEW_RENDER] themes/public/home

[1 occurrence(s)]
DEBUG --> [REQ_ID=195bddcb1398] [FILTER_AFTER]

[1 occurrence(s)]
DEBUG --> [REQ_ID=195bddcb1398] [LIFECYCLE][END] status=200 duration_ms=701.27 memory_delta=4194304

[1 occurrence(s)]
DEBUG --> [REQ_ID=195bddcb1398] [REQUEST][END]

[1 occurrence(s)]
DEBUG --> [REQ_ID=e1047f66a7f7] [REQUEST][START] GET /index.php/Dashboard

[1 occurrence(s)]
DEBUG --> [REQ_ID=e1047f66a7f7] [FILTER_BEFORE] /index.php/Dashboard

[1 occurrence(s)]
DEBUG --> [REQ_ID=e1047f66a7f7] [ROUTE] Controller=\App\Modules\User\Controllers\DashboardController Method=index

[1 occurrence(s)]
DEBUG --> [REQ_ID=e1047f66a7f7] [LIFECYCLE][START] GET https://www.mymiwallet.com/index.php/Dashboard

[1 occurrence(s)]
DEBUG --> [REQ_ID=974ebcadee18] [INIT] App\Modules\User\Controllers\DashboardController::GET

[1 occurrence(s)]
DEBUG --> [REQ_ID=974ebcadee18] [METHOD_ENTRY] index

[54 occurrence(s)]
DEBUG --> [SERVICE] App\Services\BudgetService ::setUserId

[1 occurrence(s)]
DEBUG --> MyMIMarketing: Pscrape library not installed; Google search scraping will use fallback.

[1 occurrence(s)]
DEBUG --> [DASHBOARD] Enter

[1 occurrence(s)]
DEBUG --> [CACHE_MISS] mymiwallet_development_squeeze_high-risk_global_global_1f86633dd

[1 occurrence(s)]
DEBUG --> MyMIInvestments::getSqueezeHighRiskCount failed: Table 'mymiwallet.bf_squeeze_scorecards' doesn't exist

[1 occurrence(s)]
DEBUG --> 📰 Daily dashboard news window 2026-02-26 00:00:00 -> 2026-02-26 23:59:59 returned 0 rows

[1 occurrence(s)]
DEBUG --> [SETUP] Status computed

[1 occurrence(s)]
DEBUG --> [REQ_ID=974ebcadee18] [VIEW_RENDER] User/Dashboard/index

[7 occurrence(s)]
DEBUG --> [MODEL_WHERE] App\Models\BudgetModel KEY="created_by"

[7 occurrence(s)]
DEBUG --> [MODEL_WHERE] App\Models\BudgetModel KEY="account_type"

[6 occurrence(s)]
DEBUG --> [MODEL_WHERE] App\Models\BudgetModel KEY="designated_date >="

[6 occurrence(s)]
DEBUG --> [MODEL_WHERE] App\Models\BudgetModel KEY="designated_date <="

[5 occurrence(s)]
DEBUG --> [MODEL_WHERE] App\Models\BudgetModel KEY="year"

[4 occurrence(s)]
DEBUG --> [MODEL_WHERE] App\Models\BudgetModel KEY="month <="

[4 occurrence(s)]
DEBUG --> [MODEL_WHERE] App\Models\BudgetModel KEY="day <="

[2 occurrence(s)]
DEBUG --> [MODEL_WHERE] App\Models\BudgetModel KEY={"created_by":2,"account_type":"Income","month":"02","year":"2026"}

[22 occurrence(s)]
DEBUG --> [MODEL_FIRST] App\Models\BudgetModel

[2 occurrence(s)]
DEBUG --> [MODEL_WHERE] App\Models\BudgetModel KEY={"created_by":2,"account_type":"Income","month":"01","year":"2026"}

[2 occurrence(s)]
DEBUG --> [MODEL_WHERE] App\Models\BudgetModel KEY={"created_by":2,"account_type":"Expense","month":"02","year":"2026"}

[2 occurrence(s)]
DEBUG --> [MODEL_WHERE] App\Models\BudgetModel KEY={"created_by":2,"account_type":"Expense","month":"01","year":"2026"}

[4 occurrence(s)]
DEBUG --> [MODEL_WHERE] App\Models\BudgetModel KEY={"status":1,"created_by":2,"deleted":0}

[3 occurrence(s)]
DEBUG --> [MODEL_WHERE] App\Models\BudgetModel KEY={"status":1,"paid":0,"created_by":2,"deleted":0}

[1 occurrence(s)]
DEBUG --> [MODEL_WHERE] App\Models\BudgetModel KEY={"created_by":2,"account_type":"Income","status":1,"month":"02","year":"2026"}

[1 occurrence(s)]
DEBUG --> [MODEL_WHERE] App\Models\BudgetModel KEY={"created_by":2,"account_type":"Expense","status":1,"month":"02","year":"2026"}

[1 occurrence(s)]
DEBUG --> [MODEL_WHERE] App\Models\BudgetModel KEY={"created_by":2,"account_type":"Investment","month":"02","year":"2026","status":1}

[1 occurrence(s)]
DEBUG --> [MODEL_WHERE] App\Models\BudgetModel KEY={"created_by":2,"account_type":"Income","status":1,"month":"01"}

[1 occurrence(s)]
DEBUG --> [MODEL_WHERE] App\Models\BudgetModel KEY={"created_by":2,"account_type":"Expense","status":1,"month":"01"}

[1 occurrence(s)]
DEBUG --> [MODEL_WHERE] App\Models\BudgetModel KEY={"created_by":2,"account_type":"Investment","month":"01","year":"2026","status":1}

[1 occurrence(s)]
DEBUG --> [MODEL_WHERE] App\Models\BudgetModel KEY={"created_by":2,"account_type":"Income","status":1,"month":"03"}

[1 occurrence(s)]
DEBUG --> [MODEL_WHERE] App\Models\BudgetModel KEY={"created_by":2,"account_type":"Expense","status":1,"month":"03"}

[1 occurrence(s)]
DEBUG --> [MODEL_WHERE] App\Models\BudgetModel KEY={"created_by":2,"account_type":"Investment","month":"03","year":"2026","status":1}

[1 occurrence(s)]
DEBUG --> [MODEL_WHERE] App\Models\BudgetModel KEY={"created_by":2,"account_type":"Income","status":1,"year":"2026"}

[3 occurrence(s)]
DEBUG --> [MODEL_WHERE] App\Models\BudgetModel KEY="status"

[1 occurrence(s)]
DEBUG --> [MODEL_WHERE] App\Models\BudgetModel KEY={"created_by":2,"account_type":"Investment","status":1}

[1 occurrence(s)]
DEBUG --> [SERVICE] App\Services\BudgetService ::getUserBudget

[1 occurrence(s)]
DEBUG --> [MODEL_WHERE] App\Models\BudgetModel KEY={"created_by":2,"deleted":0}

[1 occurrence(s)]
DEBUG --> [REQ_ID=e1047f66a7f7] [FILTER_AFTER]

[1 occurrence(s)]
DEBUG --> [REQ_ID=e1047f66a7f7] [LIFECYCLE][END] status=200 duration_ms=629.91 memory_delta=4194304

[1 occurrence(s)]
DEBUG --> [REQ_ID=e1047f66a7f7] [REQUEST][END]

[1 occurrence(s)]
DEBUG --> [REQ_ID=bec8ee44759c] [REQUEST][START] GET /index.php/API/Alerts/fetchEmailAlerts

[1 occurrence(s)]
DEBUG --> [REQ_ID=bec8ee44759c] [FILTER_BEFORE] /index.php/API/Alerts/fetchEmailAlerts

[1 occurrence(s)]
DEBUG --> [REQ_ID=bec8ee44759c] [ROUTE] Controller=\App\Modules\APIs\Controllers\AlertsAPIController Method=fetchEmailAlerts

[1 occurrence(s)]
DEBUG --> [REQ_ID=bec8ee44759c] [LIFECYCLE][START] GET https://www.mymiwallet.com/index.php/API/Alerts/fetchEmailAlerts

[1 occurrence(s)]
DEBUG --> [REQ_ID=bec8ee44759c] [REQUEST][END]

[1 occurrence(s)]
DEBUG --> [REQ_ID=400a8278e1b0] [REQUEST][START] GET /index.php/Wallets/Account-Manager

[1 occurrence(s)]
DEBUG --> [REQ_ID=400a8278e1b0] [FILTER_BEFORE] /index.php/Wallets/Account-Manager

[1 occurrence(s)]
DEBUG --> [REQ_ID=400a8278e1b0] [ROUTE] Controller=\App\Modules\User\Controllers\WalletsController Method=accountManager

[1 occurrence(s)]
DEBUG --> [REQ_ID=400a8278e1b0] [LIFECYCLE][START] GET https://www.mymiwallet.com/index.php/Wallets/Account-Manager

[1 occurrence(s)]
DEBUG --> [CSRF] token name=csrf_test_name hash=c0718a93601c9cc6282ab313738f4258

[1 occurrence(s)]
DEBUG --> [REQ_ID=400a8278e1b0] [REQUEST][END]

[1 occurrence(s)]
DEBUG --> [REQ_ID=973edca7ccc7] [REQUEST][START] GET /index.php/login

[1 occurrence(s)]
DEBUG --> [REQ_ID=973edca7ccc7] [FILTER_BEFORE] /index.php/login

[1 occurrence(s)]
DEBUG --> [REQ_ID=973edca7ccc7] [ROUTE] Controller=\App\Controllers\AuthController Method=login

[1 occurrence(s)]
DEBUG --> [REQ_ID=973edca7ccc7] [LIFECYCLE][START] GET https://www.mymiwallet.com/index.php/login

[1 occurrence(s)]
DEBUG --> [CSRF] token name=csrf_test_name hash=23b7faa8c74bb6dbaec1de78f095c5cb

[1 occurrence(s)]
DEBUG --> [REQ_ID=cd8bfd3d07c1] [INIT] App\Controllers\AuthController::GET

[1 occurrence(s)]
DEBUG --> [REQ_ID=973edca7ccc7] [FILTER_AFTER]

[1 occurrence(s)]
DEBUG --> [REQ_ID=973edca7ccc7] [LIFECYCLE][END] status=200 duration_ms=204.34 memory_delta=0

[1 occurrence(s)]
DEBUG --> [REQ_ID=973edca7ccc7] [REQUEST][END]

[1 occurrence(s)]
DEBUG --> [REQ_ID=b1bd97a83aa5] [REQUEST][START] GET /

[1 occurrence(s)]
DEBUG --> [REQ_ID=b1bd97a83aa5] [FILTER_BEFORE] /

[1 occurrence(s)]
DEBUG --> [REQ_ID=b1bd97a83aa5] [ROUTE] Controller=\App\Controllers\Home Method=index

[1 occurrence(s)]
DEBUG --> [REQ_ID=b1bd97a83aa5] [LIFECYCLE][START] GET https://www.mymiwallet.com/index.php/

[1 occurrence(s)]
DEBUG --> [CSRF] token name=csrf_test_name hash=846425895a0011c72fa66ca60ec3f8ec

[1 occurrence(s)]
DEBUG --> [REQ_ID=1eb5aeca5cf7] [INIT] App\Controllers\Home::GET

[1 occurrence(s)]
DEBUG --> [REQ_ID=1eb5aeca5cf7] [VIEW_RENDER] themes/public/home

[1 occurrence(s)]
DEBUG --> [REQ_ID=b1bd97a83aa5] [FILTER_AFTER]

[1 occurrence(s)]
DEBUG --> [REQ_ID=b1bd97a83aa5] [LIFECYCLE][END] status=200 duration_ms=567.74 memory_delta=4194304

[1 occurrence(s)]
DEBUG --> [REQ_ID=b1bd97a83aa5] [REQUEST][END]

[1 occurrence(s)]
DEBUG --> [REQ_ID=8f50a2fc9d6f] [REQUEST][START] GET /?

[1 occurrence(s)]
DEBUG --> [REQ_ID=8f50a2fc9d6f] [FILTER_BEFORE] /?

[1 occurrence(s)]
DEBUG --> [REQ_ID=8f50a2fc9d6f] [ROUTE] Controller=\App\Controllers\Home Method=index

[1 occurrence(s)]
DEBUG --> [REQ_ID=8f50a2fc9d6f] [LIFECYCLE][START] GET https://www.mymiwallet.com/index.php/

[1 occurrence(s)]
DEBUG --> [CSRF] token name=csrf_test_name hash=b41e4eb259bcb0330b497b7bd05aff11

[1 occurrence(s)]
DEBUG --> [REQ_ID=ecb1132ed58f] [INIT] App\Controllers\Home::GET

[1 occurrence(s)]
DEBUG --> [REQ_ID=ecb1132ed58f] [VIEW_RENDER] themes/public/home

[1 occurrence(s)]
DEBUG --> [REQ_ID=8f50a2fc9d6f] [FILTER_AFTER]

[1 occurrence(s)]
DEBUG --> [REQ_ID=8f50a2fc9d6f] [LIFECYCLE][END] status=200 duration_ms=647.94 memory_delta=2097152

[1 occurrence(s)]
DEBUG --> [REQ_ID=8f50a2fc9d6f] [REQUEST][END]

[1 occurrence(s)]
DEBUG --> [REQ_ID=65295e83fc3d] [REQUEST][START] GET /index.php/Wallets/Purchase/MyMI-Gold

[1 occurrence(s)]
DEBUG --> [REQ_ID=65295e83fc3d] [FILTER_BEFORE] /index.php/Wallets/Purchase/MyMI-Gold

[1 occurrence(s)]
DEBUG --> [REQ_ID=65295e83fc3d] [ROUTE] Controller=\App\Modules\User\Controllers\WalletsController Method=purchase

[1 occurrence(s)]
DEBUG --> [REQ_ID=65295e83fc3d] [LIFECYCLE][START] GET https://www.mymiwallet.com/index.php/Wallets/Purchase/MyMI-Gold

[1 occurrence(s)]
DEBUG --> [CSRF] token name=csrf_test_name hash=41acda44efc08b542b77d41351d2bd71

[1 occurrence(s)]
DEBUG --> [REQ_ID=65295e83fc3d] [REQUEST][END]

[1 occurrence(s)]
DEBUG --> [REQ_ID=eb1b8005417f] [REQUEST][START] GET /index.php/login

[1 occurrence(s)]
DEBUG --> [REQ_ID=eb1b8005417f] [FILTER_BEFORE] /index.php/login

[1 occurrence(s)]
DEBUG --> [REQ_ID=eb1b8005417f] [ROUTE] Controller=\App\Controllers\AuthController Method=login

[1 occurrence(s)]
DEBUG --> [REQ_ID=eb1b8005417f] [LIFECYCLE][START] GET https://www.mymiwallet.com/index.php/login

[1 occurrence(s)]
DEBUG --> [CSRF] token name=csrf_test_name hash=e1848cc93b602413382e974a2d3191a2

[1 occurrence(s)]
DEBUG --> [REQ_ID=7f0b1ae9045d] [INIT] App\Controllers\AuthController::GET

[1 occurrence(s)]
DEBUG --> [REQ_ID=eb1b8005417f] [FILTER_AFTER]

[1 occurrence(s)]
DEBUG --> [REQ_ID=eb1b8005417f] [LIFECYCLE][END] status=200 duration_ms=35.09 memory_delta=0

[1 occurrence(s)]
DEBUG --> [REQ_ID=eb1b8005417f] [REQUEST][END]

[1 occurrence(s)]
DEBUG --> [REQ_ID=add402ee0eac] [REQUEST][START] GET /index.php/API/Management/Run-CRON-Tasks

[1 occurrence(s)]
DEBUG --> [REQ_ID=add402ee0eac] [FILTER_BEFORE] /index.php/API/Management/Run-CRON-Tasks

[1 occurrence(s)]
DEBUG --> [REQ_ID=add402ee0eac] [ROUTE] Controller=\App\Modules\Management\Controllers\ManagementAPIController Method=Run_CRON_Tasks

[1 occurrence(s)]
DEBUG --> [REQ_ID=add402ee0eac] [LIFECYCLE][START] GET https://www.mymiwallet.com/index.php/API/Management/Run-CRON-Tasks

[1 occurrence(s)]
DEBUG --> [REQ_ID=add402ee0eac] [REQUEST][END]

[1 occurrence(s)]
DEBUG --> LOG_HEALTHCHECK debug marker=ab23ba9fe991

[1 occurrence(s)]
DEBUG --> [REQ_ID=f2fdd3826ad2] [REQUEST][START] GET /index.php/API/Alerts/fetchEmailAlerts

[1 occurrence(s)]
DEBUG --> [REQ_ID=f2fdd3826ad2] [FILTER_BEFORE] /index.php/API/Alerts/fetchEmailAlerts

[1 occurrence(s)]
DEBUG --> [REQ_ID=f2fdd3826ad2] [ROUTE] Controller=\App\Modules\APIs\Controllers\AlertsAPIController Method=fetchEmailAlerts

[1 occurrence(s)]
DEBUG --> [REQ_ID=f2fdd3826ad2] [LIFECYCLE][START] GET https://www.mymiwallet.com/index.php/API/Alerts/fetchEmailAlerts

[1 occurrence(s)]
DEBUG --> [REQ_ID=f2fdd3826ad2] [REQUEST][END]

[1 occurrence(s)]
DEBUG --> [REQ_ID=1a4bcadf6522] [REQUEST][START] GET /

[1 occurrence(s)]
DEBUG --> [REQ_ID=1a4bcadf6522] [FILTER_BEFORE] /

[1 occurrence(s)]
DEBUG --> [REQ_ID=1a4bcadf6522] [ROUTE] Controller=\App\Controllers\Home Method=index

[1 occurrence(s)]
DEBUG --> [REQ_ID=1a4bcadf6522] [LIFECYCLE][START] GET https://www.mymiwallet.com/index.php/

[1 occurrence(s)]
DEBUG --> [CSRF] token name=csrf_test_name hash=a3aa1a198f2e443e1e4de0ac787682ae

[1 occurrence(s)]
DEBUG --> [REQ_ID=194714be8088] [INIT] App\Controllers\Home::GET

[1 occurrence(s)]
DEBUG --> [REQ_ID=194714be8088] [VIEW_RENDER] themes/public/home

[1 occurrence(s)]
DEBUG --> [REQ_ID=1a4bcadf6522] [FILTER_AFTER]

[1 occurrence(s)]
DEBUG --> [REQ_ID=1a4bcadf6522] [LIFECYCLE][END] status=200 duration_ms=723.84 memory_delta=4194304

[1 occurrence(s)]
DEBUG --> [REQ_ID=1a4bcadf6522] [REQUEST][END]

[1 occurrence(s)]
DEBUG --> [REQ_ID=d68e8280a90d] [REQUEST][START] GET /index.php/How-It-Works/Personal-Budgeting

[1 occurrence(s)]
DEBUG --> [REQ_ID=d68e8280a90d] [FILTER_BEFORE] /index.php/How-It-Works/Personal-Budgeting

[1 occurrence(s)]
DEBUG --> [REQ_ID=d68e8280a90d] [ROUTE] Controller=\App\Modules\Blog\Controllers\HowItWorksController Method=show

[1 occurrence(s)]
DEBUG --> [REQ_ID=d68e8280a90d] [LIFECYCLE][START] GET https://www.mymiwallet.com/index.php/How-It-Works/Personal-Budgeting

[1 occurrence(s)]
DEBUG --> [CSRF] token name=csrf_test_name hash=691ef0036c7ca95932933fa6c620f585

[1 occurrence(s)]
DEBUG --> [REQ_ID=e1284fcd7386] [INIT] App\Modules\Blog\Controllers\HowItWorksController::GET

[1 occurrence(s)]
DEBUG --> [REQ_ID=e1284fcd7386] [METHOD_ENTRY] show

[1 occurrence(s)]
DEBUG --> [REQ_ID=e1284fcd7386] [VIEW_RENDER] App\Modules\Blog\Views\HowItWorks\Personal_Budgeting

[1 occurrence(s)]
DEBUG --> [REQ_ID=d68e8280a90d] [FILTER_AFTER]

[1 occurrence(s)]
DEBUG --> [REQ_ID=d68e8280a90d] [LIFECYCLE][END] status=200 duration_ms=1,222.91 memory_delta=8388608

[1 occurrence(s)]
DEBUG --> [REQ_ID=d68e8280a90d] [REQUEST][END]

[1 occurrence(s)]
DEBUG --> [REQ_ID=256c8d07f689] [REQUEST][START] GET /index.php/Legal/Terms-And-Conditions

[1 occurrence(s)]
DEBUG --> [REQ_ID=256c8d07f689] [FILTER_BEFORE] /index.php/Legal/Terms-And-Conditions

[1 occurrence(s)]
DEBUG --> [REQ_ID=256c8d07f689] [ROUTE] Controller=\App\Controllers\Home Method=terms

[1 occurrence(s)]
DEBUG --> [REQ_ID=256c8d07f689] [LIFECYCLE][START] GET https://www.mymiwallet.com/index.php/Legal/Terms-And-Conditions

[1 occurrence(s)]
DEBUG --> [CSRF] token name=csrf_test_name hash=12896dba48eea167e8c285fc7f639c72

[1 occurrence(s)]
DEBUG --> [REQ_ID=256c8d07f689] [REQUEST][END]

[1 occurrence(s)]
DEBUG --> [REQ_ID=0cbbe92ec50d] [REQUEST][START] GET /index.php/Wallets/Purchase-Manager

[1 occurrence(s)]
DEBUG --> [REQ_ID=0cbbe92ec50d] [FILTER_BEFORE] /index.php/Wallets/Purchase-Manager

[1 occurrence(s)]
DEBUG --> [REQ_ID=0cbbe92ec50d] [ROUTE] Controller=\App\Modules\User\Controllers\WalletsController Method=purchaseManager

[1 occurrence(s)]
DEBUG --> [REQ_ID=0cbbe92ec50d] [LIFECYCLE][START] GET https://www.mymiwallet.com/index.php/Wallets/Purchase-Manager

[1 occurrence(s)]
DEBUG --> [CSRF] token name=csrf_test_name hash=58da0e0cdb59d0358b2ce17dd791491f

[1 occurrence(s)]
DEBUG --> [REQ_ID=0cbbe92ec50d] [REQUEST][END]

[1 occurrence(s)]
DEBUG --> [REQ_ID=55b6b9a08945] [REQUEST][START] GET /index.php/login

[1 occurrence(s)]
DEBUG --> [REQ_ID=55b6b9a08945] [FILTER_BEFORE] /index.php/login

[1 occurrence(s)]
DEBUG --> [REQ_ID=55b6b9a08945] [ROUTE] Controller=\App\Controllers\AuthController Method=login

[1 occurrence(s)]
DEBUG --> [REQ_ID=55b6b9a08945] [LIFECYCLE][START] GET https://www.mymiwallet.com/index.php/login

[1 occurrence(s)]
DEBUG --> [CSRF] token name=csrf_test_name hash=8083741d5f7dc666431c2401b8095a7a

[1 occurrence(s)]
DEBUG --> [REQ_ID=ee46cc168d93] [INIT] App\Controllers\AuthController::GET

[1 occurrence(s)]
DEBUG --> [REQ_ID=55b6b9a08945] [FILTER_AFTER]

[1 occurrence(s)]
DEBUG --> [REQ_ID=55b6b9a08945] [LIFECYCLE][END] status=200 duration_ms=23.04 memory_delta=0

[1 occurrence(s)]
DEBUG --> [REQ_ID=55b6b9a08945] [REQUEST][END]

[1 occurrence(s)]
DEBUG --> [REQ_ID=1de0500ad44b] [REQUEST][START] GET /

[1 occurrence(s)]
DEBUG --> [REQ_ID=1de0500ad44b] [FILTER_BEFORE] /

[1 occurrence(s)]
DEBUG --> [REQ_ID=1de0500ad44b] [ROUTE] Controller=\App\Controllers\Home Method=index

[1 occurrence(s)]
DEBUG --> [REQ_ID=1de0500ad44b] [LIFECYCLE][START] GET https://www.mymiwallet.com/index.php/

[1 occurrence(s)]
DEBUG --> [CSRF] token name=csrf_test_name hash=2dd8187cce2695115b708b79a1e0f2af

[1 occurrence(s)]
DEBUG --> [REQ_ID=637375a2a102] [INIT] App\Controllers\Home::GET

[1 occurrence(s)]
DEBUG --> [REQ_ID=637375a2a102] [VIEW_RENDER] themes/public/home

[1 occurrence(s)]
DEBUG --> [REQ_ID=1de0500ad44b] [FILTER_AFTER]

[1 occurrence(s)]
DEBUG --> [REQ_ID=1de0500ad44b] [LIFECYCLE][END] status=200 duration_ms=575.69 memory_delta=4194304

[1 occurrence(s)]
DEBUG --> [REQ_ID=1de0500ad44b] [REQUEST][END]

[1 occurrence(s)]
DEBUG --> [REQ_ID=87ed171741f9] [REQUEST][START] GET /

[1 occurrence(s)]
DEBUG --> [REQ_ID=87ed171741f9] [FILTER_BEFORE] /

[1 occurrence(s)]
DEBUG --> [REQ_ID=87ed171741f9] [ROUTE] Controller=\App\Controllers\Home Method=index

[1 occurrence(s)]
DEBUG --> [REQ_ID=87ed171741f9] [LIFECYCLE][START] GET https://www.mymiwallet.com/index.php/

[1 occurrence(s)]
DEBUG --> [CSRF] token name=csrf_test_name hash=bfde82f49354ecc91008b2e9c665f0d8

[1 occurrence(s)]
DEBUG --> [REQ_ID=c6d497c29c16] [INIT] App\Controllers\Home::GET

[1 occurrence(s)]
DEBUG --> [REQ_ID=c6d497c29c16] [VIEW_RENDER] themes/public/home

[1 occurrence(s)]
DEBUG --> [REQ_ID=87ed171741f9] [FILTER_AFTER]

[1 occurrence(s)]
DEBUG --> [REQ_ID=87ed171741f9] [LIFECYCLE][END] status=200 duration_ms=605.88 memory_delta=2097152

[1 occurrence(s)]
DEBUG --> [REQ_ID=87ed171741f9] [REQUEST][END]

[1 occurrence(s)]
DEBUG --> [REQ_ID=df932b17e5a4] [REQUEST][START] GET /index.php

[1 occurrence(s)]
DEBUG --> [REQ_ID=df932b17e5a4] [FILTER_BEFORE] /index.php

[1 occurrence(s)]
DEBUG --> [REQ_ID=df932b17e5a4] [ROUTE] Controller=\App\Controllers\Home Method=index

[1 occurrence(s)]
DEBUG --> [REQ_ID=df932b17e5a4] [LIFECYCLE][START] GET https://www.mymiwallet.com/index.php/

[1 occurrence(s)]
DEBUG --> [CSRF] token name=csrf_test_name hash=cd45a3414349e71aebc1503022929f7c

[1 occurrence(s)]
DEBUG --> [REQ_ID=07162844f9ef] [INIT] App\Controllers\Home::GET

[1 occurrence(s)]
DEBUG --> [REQ_ID=07162844f9ef] [VIEW_RENDER] themes/public/home

[1 occurrence(s)]
DEBUG --> [REQ_ID=df932b17e5a4] [FILTER_AFTER]

[1 occurrence(s)]
DEBUG --> [REQ_ID=df932b17e5a4] [LIFECYCLE][END] status=200 duration_ms=548.53 memory_delta=2097152

[1 occurrence(s)]
DEBUG --> [REQ_ID=df932b17e5a4] [REQUEST][END]

[1 occurrence(s)]
DEBUG --> [REQ_ID=22130d42737d] [REQUEST][START] GET /index.php

[1 occurrence(s)]
DEBUG --> [REQ_ID=22130d42737d] [FILTER_BEFORE] /index.php

[1 occurrence(s)]
DEBUG --> [REQ_ID=22130d42737d] [ROUTE] Controller=\App\Controllers\Home Method=index

[1 occurrence(s)]
DEBUG --> [REQ_ID=22130d42737d] [LIFECYCLE][START] GET https://www.mymiwallet.com/index.php/

[1 occurrence(s)]
DEBUG --> [CSRF] token name=csrf_test_name hash=7cf9a022247264d54d6e4e9997465fca

[1 occurrence(s)]
DEBUG --> [REQ_ID=241ae51f4ad4] [INIT] App\Controllers\Home::GET

[1 occurrence(s)]
DEBUG --> [REQ_ID=241ae51f4ad4] [VIEW_RENDER] themes/public/home

[1 occurrence(s)]
DEBUG --> [REQ_ID=22130d42737d] [FILTER_AFTER]

[1 occurrence(s)]
DEBUG --> [REQ_ID=22130d42737d] [LIFECYCLE][END] status=200 duration_ms=531.33 memory_delta=2097152

[1 occurrence(s)]
DEBUG --> [REQ_ID=22130d42737d] [REQUEST][END]

[1 occurrence(s)]
DEBUG --> [REQ_ID=1b096e5bbd1f] [REQUEST][START] GET /index.php/How-It-Works

[1 occurrence(s)]
DEBUG --> [REQ_ID=1b096e5bbd1f] [FILTER_BEFORE] /index.php/How-It-Works

[1 occurrence(s)]
DEBUG --> [REQ_ID=1b096e5bbd1f] [ROUTE] Controller=\App\Modules\Blog\Controllers\HowItWorksController Method=index

[1 occurrence(s)]
DEBUG --> [REQ_ID=1b096e5bbd1f] [LIFECYCLE][START] GET https://www.mymiwallet.com/index.php/How-It-Works

[1 occurrence(s)]
DEBUG --> [CSRF] token name=csrf_test_name hash=27e6773099bd865c88b4f858271a5990

[1 occurrence(s)]
DEBUG --> [REQ_ID=9d80922197bf] [INIT] App\Modules\Blog\Controllers\HowItWorksController::GET

[1 occurrence(s)]
DEBUG --> [REQ_ID=9d80922197bf] [METHOD_ENTRY] index

[1 occurrence(s)]
DEBUG --> [REQ_ID=9d80922197bf] [VIEW_RENDER] App\Modules\Blog\Views\HowItWorks\index

[1 occurrence(s)]
DEBUG --> [REQ_ID=1b096e5bbd1f] [FILTER_AFTER]

[1 occurrence(s)]
DEBUG --> [REQ_ID=1b096e5bbd1f] [LIFECYCLE][END] status=200 duration_ms=539.49 memory_delta=2097152

[1 occurrence(s)]
DEBUG --> [REQ_ID=1b096e5bbd1f] [REQUEST][END]

[1 occurrence(s)]
DEBUG --> [REQ_ID=3ea58cd704b3] [REQUEST][START] GET /index.php/Blog

[1 occurrence(s)]
DEBUG --> [REQ_ID=3ea58cd704b3] [FILTER_BEFORE] /index.php/Blog

[1 occurrence(s)]
DEBUG --> [REQ_ID=3ea58cd704b3] [ROUTE] Controller=\App\Modules\Blog\Controllers\BlogController Method=index

[1 occurrence(s)]
DEBUG --> [REQ_ID=3ea58cd704b3] [LIFECYCLE][START] GET https://www.mymiwallet.com/index.php/Blog

[1 occurrence(s)]
DEBUG --> [CSRF] token name=csrf_test_name hash=b68f247c571bcd3d344448d95f15b67b

[1 occurrence(s)]
DEBUG --> [REQ_ID=46e1066f7dff] [INIT] App\Modules\Blog\Controllers\BlogController::GET

[1 occurrence(s)]
DEBUG --> [REQ_ID=46e1066f7dff] [METHOD_ENTRY] index

[1 occurrence(s)]
DEBUG --> [REQ_ID=4304cdabf25c] [REQUEST][START] GET /index.php/Blog

[1 occurrence(s)]
DEBUG --> [REQ_ID=4304cdabf25c] [FILTER_BEFORE] /index.php/Blog

[1 occurrence(s)]
DEBUG --> [REQ_ID=4304cdabf25c] [ROUTE] Controller=\App\Modules\Blog\Controllers\BlogController Method=index

[1 occurrence(s)]
DEBUG --> [REQ_ID=4304cdabf25c] [LIFECYCLE][START] GET https://www.mymiwallet.com/index.php/Blog

[1 occurrence(s)]
DEBUG --> [CSRF] token name=csrf_test_name hash=5afaa3aaa8dd0d703fead953c957fde4

[1 occurrence(s)]
DEBUG --> [REQ_ID=84872cbaa512] [INIT] App\Modules\Blog\Controllers\BlogController::GET

[1 occurrence(s)]
DEBUG --> [REQ_ID=84872cbaa512] [METHOD_ENTRY] index

[1 occurrence(s)]
DEBUG --> [REQ_ID=0b127149a8a1] [REQUEST][START] GET /index.php/Blog

[1 occurrence(s)]
DEBUG --> [REQ_ID=0b127149a8a1] [FILTER_BEFORE] /index.php/Blog

[1 occurrence(s)]
DEBUG --> [REQ_ID=0b127149a8a1] [ROUTE] Controller=\App\Modules\Blog\Controllers\BlogController Method=index

[1 occurrence(s)]
DEBUG --> [REQ_ID=0b127149a8a1] [LIFECYCLE][START] GET https://www.mymiwallet.com/index.php/Blog

[1 occurrence(s)]
DEBUG --> [CSRF] token name=csrf_test_name hash=515d9e9f97cf7b3456804388479f3953

[1 occurrence(s)]
DEBUG --> [REQ_ID=47fa79cbb08b] [INIT] App\Modules\Blog\Controllers\BlogController::GET

[1 occurrence(s)]
DEBUG --> [REQ_ID=47fa79cbb08b] [METHOD_ENTRY] index

[1 occurrence(s)]
DEBUG --> [REQ_ID=d596a4920280] [REQUEST][START] GET /index.php/Knowledgebase

[1 occurrence(s)]
DEBUG --> [REQ_ID=d596a4920280] [FILTER_BEFORE] /index.php/Knowledgebase

[1 occurrence(s)]
DEBUG --> [REQ_ID=d596a4920280] [ROUTE] Controller=\App\Modules\User\Controllers\KnowledgebaseController Method=index

[1 occurrence(s)]
DEBUG --> [REQ_ID=d596a4920280] [LIFECYCLE][START] GET https://www.mymiwallet.com/index.php/Knowledgebase

[1 occurrence(s)]
DEBUG --> [CSRF] token name=csrf_test_name hash=c3c9b095dc13c6df91d0025d1532ffe1

[1 occurrence(s)]
DEBUG --> [REQ_ID=d596a4920280] [REQUEST][END]

[1 occurrence(s)]
DEBUG --> [REQ_ID=446ec9b79908] [REQUEST][START] GET /index.php/login

[1 occurrence(s)]
DEBUG --> [REQ_ID=446ec9b79908] [FILTER_BEFORE] /index.php/login

[1 occurrence(s)]
DEBUG --> [REQ_ID=446ec9b79908] [ROUTE] Controller=\App\Controllers\AuthController Method=login

[1 occurrence(s)]
DEBUG --> [REQ_ID=446ec9b79908] [LIFECYCLE][START] GET https://www.mymiwallet.com/index.php/login

[1 occurrence(s)]
DEBUG --> [CSRF] token name=csrf_test_name hash=72632bbd4fa1ae283aa9f140a4446fa5

[1 occurrence(s)]
DEBUG --> [REQ_ID=8db7e1c0f543] [INIT] App\Controllers\AuthController::GET

[1 occurrence(s)]
DEBUG --> [REQ_ID=446ec9b79908] [FILTER_AFTER]

[1 occurrence(s)]
DEBUG --> [REQ_ID=446ec9b79908] [LIFECYCLE][END] status=200 duration_ms=19.96 memory_delta=0

[1 occurrence(s)]
DEBUG --> [REQ_ID=446ec9b79908] [REQUEST][END]

[1 occurrence(s)]
DEBUG --> [REQ_ID=565b8dabfe14] [REQUEST][START] GET /index.php/login

[1 occurrence(s)]
DEBUG --> [REQ_ID=565b8dabfe14] [FILTER_BEFORE] /index.php/login

[1 occurrence(s)]
DEBUG --> [REQ_ID=565b8dabfe14] [ROUTE] Controller=\App\Controllers\AuthController Method=login

[1 occurrence(s)]
DEBUG --> [REQ_ID=565b8dabfe14] [LIFECYCLE][START] GET https://www.mymiwallet.com/index.php/login

[1 occurrence(s)]
DEBUG --> [CSRF] token name=csrf_test_name hash=c455fe08bc68c46e455846038d863bc5

[1 occurrence(s)]
DEBUG --> [REQ_ID=4153496b82b9] [INIT] App\Controllers\AuthController::GET

[1 occurrence(s)]
DEBUG --> [REQ_ID=565b8dabfe14] [FILTER_AFTER]

[1 occurrence(s)]
DEBUG --> [REQ_ID=565b8dabfe14] [LIFECYCLE][END] status=200 duration_ms=18.88 memory_delta=0

[1 occurrence(s)]
DEBUG --> [REQ_ID=565b8dabfe14] [REQUEST][END]

[1 occurrence(s)]
DEBUG --> [REQ_ID=13b608e075c3] [REQUEST][START] GET /index.php/Free/register

[1 occurrence(s)]
DEBUG --> [REQ_ID=13b608e075c3] [FILTER_BEFORE] /index.php/Free/register

[1 occurrence(s)]
DEBUG --> [REQ_ID=13b608e075c3] [ROUTE] Controller=\App\Controllers\AuthController Method=register

[1 occurrence(s)]
DEBUG --> [REQ_ID=13b608e075c3] [LIFECYCLE][START] GET https://www.mymiwallet.com/index.php/Free/register

[1 occurrence(s)]
DEBUG --> [CSRF] token name=csrf_test_name hash=c85f61aafa3a6dc0e45a24bdcf17ab5a

[1 occurrence(s)]
DEBUG --> [REQ_ID=13b608e075c3] [REQUEST][END]

[1 occurrence(s)]
DEBUG --> [REQ_ID=62e234618879] [REQUEST][START] GET /index.php/login

[1 occurrence(s)]
DEBUG --> [REQ_ID=62e234618879] [FILTER_BEFORE] /index.php/login

[1 occurrence(s)]
DEBUG --> [REQ_ID=62e234618879] [ROUTE] Controller=\App\Controllers\AuthController Method=login

[1 occurrence(s)]
DEBUG --> [REQ_ID=62e234618879] [LIFECYCLE][START] GET https://www.mymiwallet.com/index.php/login

[1 occurrence(s)]
DEBUG --> [CSRF] token name=csrf_test_name hash=58cefdee4b63879602e7fcb8720be9dc

[1 occurrence(s)]
DEBUG --> [REQ_ID=6d0dedd5584f] [INIT] App\Controllers\AuthController::GET

[1 occurrence(s)]
DEBUG --> [REQ_ID=62e234618879] [FILTER_AFTER]

[1 occurrence(s)]
DEBUG --> [REQ_ID=62e234618879] [LIFECYCLE][END] status=200 duration_ms=27.81 memory_delta=0

[1 occurrence(s)]
DEBUG --> [REQ_ID=62e234618879] [REQUEST][END]

[1 occurrence(s)]
DEBUG --> [REQ_ID=34b461b1a052] [REQUEST][START] GET /index.php/Legal/Terms-And-Conditions

[1 occurrence(s)]
DEBUG --> [REQ_ID=34b461b1a052] [FILTER_BEFORE] /index.php/Legal/Terms-And-Conditions

[1 occurrence(s)]
DEBUG --> [REQ_ID=34b461b1a052] [ROUTE] Controller=\App\Controllers\Home Method=terms

[1 occurrence(s)]
DEBUG --> [REQ_ID=34b461b1a052] [LIFECYCLE][START] GET https://www.mymiwallet.com/index.php/Legal/Terms-And-Conditions

[1 occurrence(s)]
DEBUG --> [CSRF] token name=csrf_test_name hash=5bcb6edbbda7066ae5a3c5cd5fd6fa72

[1 occurrence(s)]
DEBUG --> [REQ_ID=34b461b1a052] [REQUEST][END]

[1 occurrence(s)]
DEBUG --> [REQ_ID=4bfb78aec108] [REQUEST][START] GET /index.php/login

[1 occurrence(s)]
DEBUG --> [REQ_ID=4bfb78aec108] [FILTER_BEFORE] /index.php/login

[1 occurrence(s)]
DEBUG --> [REQ_ID=4bfb78aec108] [ROUTE] Controller=\App\Controllers\AuthController Method=login

[1 occurrence(s)]
DEBUG --> [REQ_ID=4bfb78aec108] [LIFECYCLE][START] GET https://www.mymiwallet.com/index.php/login

[1 occurrence(s)]
DEBUG --> [CSRF] token name=csrf_test_name hash=a58b499c245b1fe11d3b3f5eb01d7fca

[1 occurrence(s)]
DEBUG --> [REQ_ID=ecbb36f868de] [INIT] App\Controllers\AuthController::GET

[1 occurrence(s)]
DEBUG --> [REQ_ID=4bfb78aec108] [FILTER_AFTER]

[1 occurrence(s)]
DEBUG --> [REQ_ID=4bfb78aec108] [LIFECYCLE][END] status=200 duration_ms=35.69 memory_delta=0

[1 occurrence(s)]
DEBUG --> [REQ_ID=4bfb78aec108] [REQUEST][END]

[1 occurrence(s)]
DEBUG --> [REQ_ID=c133c941deb1] [REQUEST][START] GET /index.php/Legal/Privacy-Policy

[1 occurrence(s)]
DEBUG --> [REQ_ID=c133c941deb1] [FILTER_BEFORE] /index.php/Legal/Privacy-Policy

[1 occurrence(s)]
DEBUG --> [REQ_ID=c133c941deb1] [ROUTE] Controller=\App\Controllers\Home Method=privacyPolicy

[1 occurrence(s)]
DEBUG --> [REQ_ID=c133c941deb1] [LIFECYCLE][START] GET https://www.mymiwallet.com/index.php/Legal/Privacy-Policy

[1 occurrence(s)]
DEBUG --> [CSRF] token name=csrf_test_name hash=220dca110bc511221fae029a995f7933

[1 occurrence(s)]
DEBUG --> [REQ_ID=c133c941deb1] [REQUEST][END]

[1 occurrence(s)]
DEBUG --> [REQ_ID=70bc67159bbc] [REQUEST][START] GET /index.php/login

[1 occurrence(s)]
DEBUG --> [REQ_ID=70bc67159bbc] [FILTER_BEFORE] /index.php/login

[1 occurrence(s)]
DEBUG --> [REQ_ID=70bc67159bbc] [ROUTE] Controller=\App\Controllers\AuthController Method=login

[1 occurrence(s)]
DEBUG --> [REQ_ID=70bc67159bbc] [LIFECYCLE][START] GET https://www.mymiwallet.com/index.php/login

[1 occurrence(s)]
DEBUG --> [CSRF] token name=csrf_test_name hash=3b7b4d3e57d88711de8e65e1d81d14f9

[1 occurrence(s)]
DEBUG --> [REQ_ID=2b60ce231842] [INIT] App\Controllers\AuthController::GET

[1 occurrence(s)]
DEBUG --> [REQ_ID=70bc67159bbc] [FILTER_AFTER]

[1 occurrence(s)]
DEBUG --> [REQ_ID=70bc67159bbc] [LIFECYCLE][END] status=200 duration_ms=77.92 memory_delta=0

[1 occurrence(s)]
DEBUG --> [REQ_ID=70bc67159bbc] [REQUEST][END]

[1 occurrence(s)]
DEBUG --> [REQ_ID=2833c2740572] [REQUEST][START] GET /index.php/How-It-Works/Personal-Budgeting

[1 occurrence(s)]
DEBUG --> [REQ_ID=2833c2740572] [FILTER_BEFORE] /index.php/How-It-Works/Personal-Budgeting

[1 occurrence(s)]
DEBUG --> [REQ_ID=2833c2740572] [ROUTE] Controller=\App\Modules\Blog\Controllers\HowItWorksController Method=show

[1 occurrence(s)]
DEBUG --> [REQ_ID=2833c2740572] [LIFECYCLE][START] GET https://www.mymiwallet.com/index.php/How-It-Works/Personal-Budgeting

[1 occurrence(s)]
DEBUG --> [CSRF] token name=csrf_test_name hash=f10e8a00860584ebc536f9e16d361e44

[1 occurrence(s)]
DEBUG --> [REQ_ID=46ef2ef3d2b8] [INIT] App\Modules\Blog\Controllers\HowItWorksController::GET

[1 occurrence(s)]
DEBUG --> [REQ_ID=46ef2ef3d2b8] [METHOD_ENTRY] show

[1 occurrence(s)]
DEBUG --> [REQ_ID=46ef2ef3d2b8] [VIEW_RENDER] App\Modules\Blog\Views\HowItWorks\Personal_Budgeting

[1 occurrence(s)]
DEBUG --> [REQ_ID=2833c2740572] [FILTER_AFTER]

[1 occurrence(s)]
DEBUG --> [REQ_ID=2833c2740572] [LIFECYCLE][END] status=200 duration_ms=994.21 memory_delta=6291456

[1 occurrence(s)]
DEBUG --> [REQ_ID=2833c2740572] [REQUEST][END]

[1 occurrence(s)]
DEBUG --> [REQ_ID=7c966d5b3e0a] [REQUEST][START] GET /index.php/How-It-Works/Investment-Portfolio-Management

[1 occurrence(s)]
DEBUG --> [REQ_ID=7c966d5b3e0a] [FILTER_BEFORE] /index.php/How-It-Works/Investment-Portfolio-Management

[1 occurrence(s)]
DEBUG --> [REQ_ID=7c966d5b3e0a] [ROUTE] Controller=\App\Modules\Blog\Controllers\HowItWorksController Method=show

[1 occurrence(s)]
DEBUG --> [REQ_ID=7c966d5b3e0a] [LIFECYCLE][START] GET https://www.mymiwallet.com/index.php/How-It-Works/Investment-Portfolio-Management

[1 occurrence(s)]
DEBUG --> [CSRF] token name=csrf_test_name hash=f9ce2fdaa6ba089a581da35e59a7a115

[1 occurrence(s)]
DEBUG --> [REQ_ID=418e6e66ddb1] [INIT] App\Modules\Blog\Controllers\HowItWorksController::GET

[1 occurrence(s)]
DEBUG --> [REQ_ID=418e6e66ddb1] [METHOD_ENTRY] show

[1 occurrence(s)]
DEBUG --> [REQ_ID=7c966d5b3e0a] [FILTER_AFTER]

[1 occurrence(s)]
DEBUG --> [REQ_ID=7c966d5b3e0a] [LIFECYCLE][END] status=404 duration_ms=16.75 memory_delta=0

[1 occurrence(s)]
DEBUG --> [REQ_ID=7c966d5b3e0a] [REQUEST][END]

[1 occurrence(s)]
DEBUG --> [REQ_ID=275fdbdef95f] [REQUEST][START] GET /index.php/How-It-Works/Investment-Portfolio-Management

[1 occurrence(s)]
DEBUG --> [REQ_ID=275fdbdef95f] [FILTER_BEFORE] /index.php/How-It-Works/Investment-Portfolio-Management

[1 occurrence(s)]
DEBUG --> [REQ_ID=275fdbdef95f] [ROUTE] Controller=\App\Modules\Blog\Controllers\HowItWorksController Method=show

[1 occurrence(s)]
DEBUG --> [REQ_ID=275fdbdef95f] [LIFECYCLE][START] GET https://www.mymiwallet.com/index.php/How-It-Works/Investment-Portfolio-Management

[1 occurrence(s)]
DEBUG --> [CSRF] token name=csrf_test_name hash=b42c070069d457dd505c829404b6e988

[1 occurrence(s)]
DEBUG --> [REQ_ID=015ac6c670ae] [INIT] App\Modules\Blog\Controllers\HowItWorksController::GET

[1 occurrence(s)]
DEBUG --> [REQ_ID=015ac6c670ae] [METHOD_ENTRY] show

[1 occurrence(s)]
DEBUG --> [REQ_ID=275fdbdef95f] [FILTER_AFTER]

[1 occurrence(s)]
DEBUG --> [REQ_ID=275fdbdef95f] [LIFECYCLE][END] status=404 duration_ms=42.45 memory_delta=0

[1 occurrence(s)]
DEBUG --> [REQ_ID=275fdbdef95f] [REQUEST][END]

[1 occurrence(s)]
DEBUG --> [REQ_ID=0c623837e022] [REQUEST][START] GET /index.php/How-It-Works/Investment-Portfolio-Management

[1 occurrence(s)]
DEBUG --> [REQ_ID=0c623837e022] [FILTER_BEFORE] /index.php/How-It-Works/Investment-Portfolio-Management

[1 occurrence(s)]
DEBUG --> [REQ_ID=0c623837e022] [ROUTE] Controller=\App\Modules\Blog\Controllers\HowItWorksController Method=show

[1 occurrence(s)]
DEBUG --> [REQ_ID=0c623837e022] [LIFECYCLE][START] GET https://www.mymiwallet.com/index.php/How-It-Works/Investment-Portfolio-Management

[1 occurrence(s)]
DEBUG --> [CSRF] token name=csrf_test_name hash=be8e3a5712955119d5b77ce7bad6a6b7

[1 occurrence(s)]
DEBUG --> [REQ_ID=787cfb654f81] [INIT] App\Modules\Blog\Controllers\HowItWorksController::GET

[1 occurrence(s)]
DEBUG --> [REQ_ID=787cfb654f81] [METHOD_ENTRY] show

[1 occurrence(s)]
DEBUG --> [REQ_ID=0c623837e022] [FILTER_AFTER]

[1 occurrence(s)]
DEBUG --> [REQ_ID=0c623837e022] [LIFECYCLE][END] status=404 duration_ms=20.49 memory_delta=0

[1 occurrence(s)]
DEBUG --> [REQ_ID=0c623837e022] [REQUEST][END]

[1 occurrence(s)]
DEBUG --> [REQ_ID=c41afb4b4988] [REQUEST][START] GET /index.php/How-It-Works/Daily-Financial-News

[1 occurrence(s)]
DEBUG --> [REQ_ID=c41afb4b4988] [FILTER_BEFORE] /index.php/How-It-Works/Daily-Financial-News

[1 occurrence(s)]
DEBUG --> [REQ_ID=c41afb4b4988] [ROUTE] Controller=\App\Modules\Blog\Controllers\HowItWorksController Method=show

[1 occurrence(s)]
DEBUG --> [REQ_ID=c41afb4b4988] [LIFECYCLE][START] GET https://www.mymiwallet.com/index.php/How-It-Works/Daily-Financial-News

[1 occurrence(s)]
DEBUG --> [CSRF] token name=csrf_test_name hash=4249736dd05eb8f18190310b641dc9ad

[1 occurrence(s)]
DEBUG --> [REQ_ID=f4176eaa2012] [INIT] App\Modules\Blog\Controllers\HowItWorksController::GET

[1 occurrence(s)]
DEBUG --> [REQ_ID=f4176eaa2012] [METHOD_ENTRY] show

[1 occurrence(s)]
DEBUG --> [REQ_ID=c41afb4b4988] [FILTER_AFTER]

[1 occurrence(s)]
DEBUG --> [REQ_ID=c41afb4b4988] [LIFECYCLE][END] status=404 duration_ms=113.01 memory_delta=0

[1 occurrence(s)]
DEBUG --> [REQ_ID=c41afb4b4988] [REQUEST][END]

[1 occurrence(s)]
DEBUG --> [REQ_ID=c8a18f8dc814] [REQUEST][START] GET /index.php/How-It-Works/Daily-Financial-News

[1 occurrence(s)]
DEBUG --> [REQ_ID=c8a18f8dc814] [FILTER_BEFORE] /index.php/How-It-Works/Daily-Financial-News

[1 occurrence(s)]
DEBUG --> [REQ_ID=c8a18f8dc814] [ROUTE] Controller=\App\Modules\Blog\Controllers\HowItWorksController Method=show

[1 occurrence(s)]
DEBUG --> [REQ_ID=c8a18f8dc814] [LIFECYCLE][START] GET https://www.mymiwallet.com/index.php/How-It-Works/Daily-Financial-News

[1 occurrence(s)]
DEBUG --> [CSRF] token name=csrf_test_name hash=06adda67f709e31fae5f8a41137d8753

[1 occurrence(s)]
DEBUG --> [REQ_ID=16d1815cc2df] [INIT] App\Modules\Blog\Controllers\HowItWorksController::GET

[1 occurrence(s)]
DEBUG --> [REQ_ID=16d1815cc2df] [METHOD_ENTRY] show

[1 occurrence(s)]
DEBUG --> [REQ_ID=c8a18f8dc814] [FILTER_AFTER]

[1 occurrence(s)]
DEBUG --> [REQ_ID=c8a18f8dc814] [LIFECYCLE][END] status=404 duration_ms=19.98 memory_delta=0

[1 occurrence(s)]
DEBUG --> [REQ_ID=c8a18f8dc814] [REQUEST][END]

[1 occurrence(s)]
DEBUG --> [REQ_ID=53a7de6a24a5] [REQUEST][START] GET /index.php

[1 occurrence(s)]
DEBUG --> [REQ_ID=53a7de6a24a5] [FILTER_BEFORE] /index.php

[1 occurrence(s)]
DEBUG --> [REQ_ID=53a7de6a24a5] [ROUTE] Controller=\App\Controllers\Home Method=index

[1 occurrence(s)]
DEBUG --> [REQ_ID=53a7de6a24a5] [LIFECYCLE][START] GET https://www.mymiwallet.com/index.php/

[1 occurrence(s)]
DEBUG --> [CSRF] token name=csrf_test_name hash=9135c583a37dbe61fdfda1637052eded

[1 occurrence(s)]
DEBUG --> [REQ_ID=9e6e2654862d] [INIT] App\Controllers\Home::GET

[1 occurrence(s)]
DEBUG --> [REQ_ID=9e6e2654862d] [VIEW_RENDER] themes/public/home

[1 occurrence(s)]
DEBUG --> [REQ_ID=53a7de6a24a5] [FILTER_AFTER]

[1 occurrence(s)]
DEBUG --> [REQ_ID=53a7de6a24a5] [LIFECYCLE][END] status=200 duration_ms=583.86 memory_delta=4194304

[1 occurrence(s)]
DEBUG --> [REQ_ID=53a7de6a24a5] [REQUEST][END]

[1 occurrence(s)]
DEBUG --> [REQ_ID=643457dc5a58] [REQUEST][START] GET /index.php

[1 occurrence(s)]
DEBUG --> [REQ_ID=643457dc5a58] [FILTER_BEFORE] /index.php

[1 occurrence(s)]
DEBUG --> [REQ_ID=643457dc5a58] [ROUTE] Controller=\App\Controllers\Home Method=index

[1 occurrence(s)]
DEBUG --> [REQ_ID=643457dc5a58] [LIFECYCLE][START] GET https://www.mymiwallet.com/index.php/

[1 occurrence(s)]
DEBUG --> [CSRF] token name=csrf_test_name hash=bbfbcde08273b2b2afd7912dcda37745

[1 occurrence(s)]
DEBUG --> [REQ_ID=275691f26b36] [INIT] App\Controllers\Home::GET

[1 occurrence(s)]
DEBUG --> [REQ_ID=275691f26b36] [VIEW_RENDER] themes/public/home

[1 occurrence(s)]
DEBUG --> [REQ_ID=643457dc5a58] [FILTER_AFTER]

[1 occurrence(s)]
DEBUG --> [REQ_ID=643457dc5a58] [LIFECYCLE][END] status=200 duration_ms=508.05 memory_delta=2097152

[1 occurrence(s)]
DEBUG --> [REQ_ID=643457dc5a58] [REQUEST][END]

[1 occurrence(s)]
DEBUG --> [REQ_ID=bdd24c31267b] [REQUEST][START] GET /index.php/How-It-Works

[1 occurrence(s)]
DEBUG --> [REQ_ID=bdd24c31267b] [FILTER_BEFORE] /index.php/How-It-Works

[1 occurrence(s)]
DEBUG --> [REQ_ID=bdd24c31267b] [ROUTE] Controller=\App\Modules\Blog\Controllers\HowItWorksController Method=index

[1 occurrence(s)]
DEBUG --> [REQ_ID=bdd24c31267b] [LIFECYCLE][START] GET https://www.mymiwallet.com/index.php/How-It-Works

[1 occurrence(s)]
DEBUG --> [CSRF] token name=csrf_test_name hash=25a815fb7794cdd31d9ef6df4799fc01

[1 occurrence(s)]
DEBUG --> [REQ_ID=e883779219c8] [INIT] App\Modules\Blog\Controllers\HowItWorksController::GET

[1 occurrence(s)]
DEBUG --> [REQ_ID=e883779219c8] [METHOD_ENTRY] index

[1 occurrence(s)]
DEBUG --> [REQ_ID=e883779219c8] [VIEW_RENDER] App\Modules\Blog\Views\HowItWorks\index

[1 occurrence(s)]
DEBUG --> [REQ_ID=bdd24c31267b] [FILTER_AFTER]

[1 occurrence(s)]
DEBUG --> [REQ_ID=bdd24c31267b] [LIFECYCLE][END] status=200 duration_ms=500.59 memory_delta=2097152

[1 occurrence(s)]
DEBUG --> [REQ_ID=bdd24c31267b] [REQUEST][END]

[1 occurrence(s)]
DEBUG --> [REQ_ID=abc009cd7453] [REQUEST][START] GET /index.php/Blog

[1 occurrence(s)]
DEBUG --> [REQ_ID=abc009cd7453] [FILTER_BEFORE] /index.php/Blog

[1 occurrence(s)]
DEBUG --> [REQ_ID=abc009cd7453] [ROUTE] Controller=\App\Modules\Blog\Controllers\BlogController Method=index

[1 occurrence(s)]
DEBUG --> [REQ_ID=abc009cd7453] [LIFECYCLE][START] GET https://www.mymiwallet.com/index.php/Blog

[1 occurrence(s)]
DEBUG --> [CSRF] token name=csrf_test_name hash=df9844e73a174f397391957120cb32d5

[1 occurrence(s)]
DEBUG --> [REQ_ID=461b527ef0aa] [INIT] App\Modules\Blog\Controllers\BlogController::GET

[1 occurrence(s)]
DEBUG --> [REQ_ID=461b527ef0aa] [METHOD_ENTRY] index

[1 occurrence(s)]
DEBUG --> [REQ_ID=8440ddd083dd] [REQUEST][START] GET /index.php/Blog

[1 occurrence(s)]
DEBUG --> [REQ_ID=8440ddd083dd] [FILTER_BEFORE] /index.php/Blog

[1 occurrence(s)]
DEBUG --> [REQ_ID=8440ddd083dd] [ROUTE] Controller=\App\Modules\Blog\Controllers\BlogController Method=index

[1 occurrence(s)]
DEBUG --> [REQ_ID=8440ddd083dd] [LIFECYCLE][START] GET https://www.mymiwallet.com/index.php/Blog

[1 occurrence(s)]
DEBUG --> [CSRF] token name=csrf_test_name hash=4b64b1d614b6b4d77ee94ad5fd31f5c7

[1 occurrence(s)]
DEBUG --> [REQ_ID=0e1b532930f0] [INIT] App\Modules\Blog\Controllers\BlogController::GET

[1 occurrence(s)]
DEBUG --> [REQ_ID=0e1b532930f0] [METHOD_ENTRY] index

[1 occurrence(s)]
DEBUG --> [REQ_ID=080b9d6b8cae] [REQUEST][START] GET /index.php/Blog

[1 occurrence(s)]
DEBUG --> [REQ_ID=080b9d6b8cae] [FILTER_BEFORE] /index.php/Blog

[1 occurrence(s)]
DEBUG --> [REQ_ID=080b9d6b8cae] [ROUTE] Controller=\App\Modules\Blog\Controllers\BlogController Method=index

[1 occurrence(s)]
DEBUG --> [REQ_ID=080b9d6b8cae] [LIFECYCLE][START] GET https://www.mymiwallet.com/index.php/Blog

[1 occurrence(s)]
DEBUG --> [CSRF] token name=csrf_test_name hash=7eb27f7d85eea20e70c7c908ca8b2652

[1 occurrence(s)]
DEBUG --> [REQ_ID=557644100a34] [INIT] App\Modules\Blog\Controllers\BlogController::GET

[1 occurrence(s)]
DEBUG --> [REQ_ID=557644100a34] [METHOD_ENTRY] index

[1 occurrence(s)]
DEBUG --> [REQ_ID=7d95c6ce16eb] [REQUEST][START] GET /index.php/login

[1 occurrence(s)]
DEBUG --> [REQ_ID=7d95c6ce16eb] [FILTER_BEFORE] /index.php/login

[1 occurrence(s)]
DEBUG --> [REQ_ID=7d95c6ce16eb] [ROUTE] Controller=\App\Controllers\AuthController Method=login

[1 occurrence(s)]
DEBUG --> [REQ_ID=7d95c6ce16eb] [LIFECYCLE][START] GET https://www.mymiwallet.com/index.php/login

[1 occurrence(s)]
DEBUG --> [CSRF] token name=csrf_test_name hash=be8c0f93c45c8725b5926dcf2dc98387

[1 occurrence(s)]
DEBUG --> [REQ_ID=ff66690cb153] [INIT] App\Controllers\AuthController::GET

[1 occurrence(s)]
DEBUG --> [REQ_ID=7d95c6ce16eb] [FILTER_AFTER]

[1 occurrence(s)]
DEBUG --> [REQ_ID=7d95c6ce16eb] [LIFECYCLE][END] status=200 duration_ms=18.00 memory_delta=0

[1 occurrence(s)]
DEBUG --> [REQ_ID=7d95c6ce16eb] [REQUEST][END]

[1 occurrence(s)]
DEBUG --> [REQ_ID=8f501cbc9019] [REQUEST][START] GET /index.php/How-It-Works/Personal-Budgeting

[1 occurrence(s)]
DEBUG --> [REQ_ID=8f501cbc9019] [FILTER_BEFORE] /index.php/How-It-Works/Personal-Budgeting

[1 occurrence(s)]
DEBUG --> [REQ_ID=8f501cbc9019] [ROUTE] Controller=\App\Modules\Blog\Controllers\HowItWorksController Method=show

[1 occurrence(s)]
DEBUG --> [REQ_ID=8f501cbc9019] [LIFECYCLE][START] GET https://www.mymiwallet.com/index.php/How-It-Works/Personal-Budgeting

[1 occurrence(s)]
DEBUG --> [CSRF] token name=csrf_test_name hash=0d2e1f3c18d94223794526de2c0ed098

[1 occurrence(s)]
DEBUG --> [REQ_ID=25a7cf18a89c] [INIT] App\Modules\Blog\Controllers\HowItWorksController::GET

[1 occurrence(s)]
DEBUG --> [REQ_ID=25a7cf18a89c] [METHOD_ENTRY] show

[1 occurrence(s)]
DEBUG --> [REQ_ID=25a7cf18a89c] [VIEW_RENDER] App\Modules\Blog\Views\HowItWorks\Personal_Budgeting

[1 occurrence(s)]
DEBUG --> [REQ_ID=8f501cbc9019] [FILTER_AFTER]

[1 occurrence(s)]
DEBUG --> [REQ_ID=8f501cbc9019] [LIFECYCLE][END] status=200 duration_ms=991.69 memory_delta=6291456

[1 occurrence(s)]
DEBUG --> [REQ_ID=8f501cbc9019] [REQUEST][END]

[1 occurrence(s)]
DEBUG --> [REQ_ID=64fd2332d337] [REQUEST][START] GET /index.php/How-It-Works/Investment-Portfolio-Management

[1 occurrence(s)]
DEBUG --> [REQ_ID=64fd2332d337] [FILTER_BEFORE] /index.php/How-It-Works/Investment-Portfolio-Management

[1 occurrence(s)]
DEBUG --> [REQ_ID=64fd2332d337] [ROUTE] Controller=\App\Modules\Blog\Controllers\HowItWorksController Method=show

[1 occurrence(s)]
DEBUG --> [REQ_ID=64fd2332d337] [LIFECYCLE][START] GET https://www.mymiwallet.com/index.php/How-It-Works/Investment-Portfolio-Management

[1 occurrence(s)]
DEBUG --> [CSRF] token name=csrf_test_name hash=44a37fd6521f7bbab27b0b4e85d5563e

[1 occurrence(s)]
DEBUG --> [REQ_ID=4bbb85f1872c] [INIT] App\Modules\Blog\Controllers\HowItWorksController::GET

[1 occurrence(s)]
DEBUG --> [REQ_ID=4bbb85f1872c] [METHOD_ENTRY] show

[1 occurrence(s)]
DEBUG --> [REQ_ID=64fd2332d337] [FILTER_AFTER]

[1 occurrence(s)]
DEBUG --> [REQ_ID=64fd2332d337] [LIFECYCLE][END] status=404 duration_ms=17.32 memory_delta=0

[1 occurrence(s)]
DEBUG --> [REQ_ID=64fd2332d337] [REQUEST][END]

[1 occurrence(s)]
DEBUG --> [REQ_ID=190671d01c44] [REQUEST][START] GET /index.php/How-It-Works/Investment-Portfolio-Management

[1 occurrence(s)]
DEBUG --> [REQ_ID=190671d01c44] [FILTER_BEFORE] /index.php/How-It-Works/Investment-Portfolio-Management

[1 occurrence(s)]
DEBUG --> [REQ_ID=190671d01c44] [ROUTE] Controller=\App\Modules\Blog\Controllers\HowItWorksController Method=show

[1 occurrence(s)]
DEBUG --> [REQ_ID=190671d01c44] [LIFECYCLE][START] GET https://www.mymiwallet.com/index.php/How-It-Works/Investment-Portfolio-Management

[1 occurrence(s)]
DEBUG --> [CSRF] token name=csrf_test_name hash=13a7ea70afdb1786be4b6ec8a2184cc4

[1 occurrence(s)]
DEBUG --> [REQ_ID=29dd5e1bf1a3] [INIT] App\Modules\Blog\Controllers\HowItWorksController::GET

[1 occurrence(s)]
DEBUG --> [REQ_ID=29dd5e1bf1a3] [METHOD_ENTRY] show

[1 occurrence(s)]
DEBUG --> [REQ_ID=190671d01c44] [FILTER_AFTER]

[1 occurrence(s)]
DEBUG --> [REQ_ID=190671d01c44] [LIFECYCLE][END] status=404 duration_ms=27.60 memory_delta=0

[1 occurrence(s)]
DEBUG --> [REQ_ID=190671d01c44] [REQUEST][END]

[1 occurrence(s)]
DEBUG --> [REQ_ID=ea74bf963be9] [REQUEST][START] GET /index.php/How-It-Works/Investment-Portfolio-Management

[1 occurrence(s)]
DEBUG --> [REQ_ID=ea74bf963be9] [FILTER_BEFORE] /index.php/How-It-Works/Investment-Portfolio-Management

[1 occurrence(s)]
DEBUG --> [REQ_ID=ea74bf963be9] [ROUTE] Controller=\App\Modules\Blog\Controllers\HowItWorksController Method=show

[1 occurrence(s)]
DEBUG --> [REQ_ID=ea74bf963be9] [LIFECYCLE][START] GET https://www.mymiwallet.com/index.php/How-It-Works/Investment-Portfolio-Management

[1 occurrence(s)]
DEBUG --> [CSRF] token name=csrf_test_name hash=84f2b7c3f5b11529d09ce1c992e71f7d

[1 occurrence(s)]
DEBUG --> [REQ_ID=376e145ba7e0] [INIT] App\Modules\Blog\Controllers\HowItWorksController::GET

[1 occurrence(s)]
DEBUG --> [REQ_ID=376e145ba7e0] [METHOD_ENTRY] show

[1 occurrence(s)]
DEBUG --> [REQ_ID=ea74bf963be9] [FILTER_AFTER]

[1 occurrence(s)]
DEBUG --> [REQ_ID=ea74bf963be9] [LIFECYCLE][END] status=404 duration_ms=15.95 memory_delta=0

[1 occurrence(s)]
DEBUG --> [REQ_ID=ea74bf963be9] [REQUEST][END]

[1 occurrence(s)]
DEBUG --> [REQ_ID=4fe8e783c752] [REQUEST][START] GET /index.php/How-It-Works/Daily-Financial-News

[1 occurrence(s)]
DEBUG --> [REQ_ID=4fe8e783c752] [FILTER_BEFORE] /index.php/How-It-Works/Daily-Financial-News

[1 occurrence(s)]
DEBUG --> [REQ_ID=4fe8e783c752] [ROUTE] Controller=\App\Modules\Blog\Controllers\HowItWorksController Method=show

[1 occurrence(s)]
DEBUG --> [REQ_ID=4fe8e783c752] [LIFECYCLE][START] GET https://www.mymiwallet.com/index.php/How-It-Works/Daily-Financial-News

[1 occurrence(s)]
DEBUG --> [CSRF] token name=csrf_test_name hash=980b1ccf30a0cac078d5329ece8a4119

[1 occurrence(s)]
DEBUG --> [REQ_ID=ca34b711d487] [INIT] App\Modules\Blog\Controllers\HowItWorksController::GET

[1 occurrence(s)]
DEBUG --> [REQ_ID=ca34b711d487] [METHOD_ENTRY] show

[1 occurrence(s)]
DEBUG --> [REQ_ID=4fe8e783c752] [FILTER_AFTER]

[1 occurrence(s)]
DEBUG --> [REQ_ID=4fe8e783c752] [LIFECYCLE][END] status=404 duration_ms=20.89 memory_delta=0

[1 occurrence(s)]
DEBUG --> [REQ_ID=4fe8e783c752] [REQUEST][END]

[1 occurrence(s)]
DEBUG --> [REQ_ID=0e844edd9b7d] [REQUEST][START] GET /index.php/How-It-Works/Daily-Financial-News

[1 occurrence(s)]
DEBUG --> [REQ_ID=0e844edd9b7d] [FILTER_BEFORE] /index.php/How-It-Works/Daily-Financial-News

[1 occurrence(s)]
DEBUG --> [REQ_ID=0e844edd9b7d] [ROUTE] Controller=\App\Modules\Blog\Controllers\HowItWorksController Method=show

[1 occurrence(s)]
DEBUG --> [REQ_ID=0e844edd9b7d] [LIFECYCLE][START] GET https://www.mymiwallet.com/index.php/How-It-Works/Daily-Financial-News

[1 occurrence(s)]
DEBUG --> [CSRF] token name=csrf_test_name hash=6bd4bebd7b26343b99d524c3134c0b3a

[1 occurrence(s)]
DEBUG --> [REQ_ID=b70a814813a9] [INIT] App\Modules\Blog\Controllers\HowItWorksController::GET

[1 occurrence(s)]
DEBUG --> [REQ_ID=b70a814813a9] [METHOD_ENTRY] show

[1 occurrence(s)]
DEBUG --> [REQ_ID=0e844edd9b7d] [FILTER_AFTER]

[1 occurrence(s)]
DEBUG --> [REQ_ID=0e844edd9b7d] [LIFECYCLE][END] status=404 duration_ms=13.92 memory_delta=0

[1 occurrence(s)]
DEBUG --> [REQ_ID=0e844edd9b7d] [REQUEST][END]

[1 occurrence(s)]
DEBUG --> [REQ_ID=0064a355128b] [REQUEST][START] GET /index.php/How-It-Works/Daily-Financial-News

[1 occurrence(s)]
DEBUG --> [REQ_ID=0064a355128b] [FILTER_BEFORE] /index.php/How-It-Works/Daily-Financial-News

[1 occurrence(s)]
DEBUG --> [REQ_ID=0064a355128b] [ROUTE] Controller=\App\Modules\Blog\Controllers\HowItWorksController Method=show

[1 occurrence(s)]
DEBUG --> [REQ_ID=0064a355128b] [LIFECYCLE][START] GET https://www.mymiwallet.com/index.php/How-It-Works/Daily-Financial-News

[1 occurrence(s)]
DEBUG --> [CSRF] token name=csrf_test_name hash=d55b06aa6486ca950d09ff0a3ac2d7d9

[1 occurrence(s)]
DEBUG --> [REQ_ID=f107dfdb8520] [INIT] App\Modules\Blog\Controllers\HowItWorksController::GET

[1 occurrence(s)]
DEBUG --> [REQ_ID=f107dfdb8520] [METHOD_ENTRY] show

[1 occurrence(s)]
DEBUG --> [REQ_ID=0064a355128b] [FILTER_AFTER]

[1 occurrence(s)]
DEBUG --> [REQ_ID=0064a355128b] [LIFECYCLE][END] status=404 duration_ms=15.49 memory_delta=0

[1 occurrence(s)]
DEBUG --> [REQ_ID=0064a355128b] [REQUEST][END]

[1 occurrence(s)]
DEBUG --> [REQ_ID=94e2fb57b688] [REQUEST][START] GET /index.php/Exchange

[1 occurrence(s)]
DEBUG --> [REQ_ID=94e2fb57b688] [FILTER_BEFORE] /index.php/Exchange

[1 occurrence(s)]
DEBUG --> [REQ_ID=94e2fb57b688] [ROUTE] Controller=\App\Modules\Exchange\Controllers\ExchangeController Method=index

[1 occurrence(s)]
DEBUG --> [REQ_ID=94e2fb57b688] [LIFECYCLE][START] GET https://www.mymiwallet.com/index.php/Exchange

[1 occurrence(s)]
DEBUG --> [CSRF] token name=csrf_test_name hash=de89f04ff7b1e59933608e90657e2581

[1 occurrence(s)]
DEBUG --> [REQ_ID=94e2fb57b688] [REQUEST][END]

[1 occurrence(s)]
DEBUG --> [REQ_ID=2e7ed34e9037] [REQUEST][START] GET /index.php/login

[1 occurrence(s)]
DEBUG --> [REQ_ID=2e7ed34e9037] [FILTER_BEFORE] /index.php/login

[1 occurrence(s)]
DEBUG --> [REQ_ID=2e7ed34e9037] [ROUTE] Controller=\App\Controllers\AuthController Method=login

[1 occurrence(s)]
DEBUG --> [REQ_ID=2e7ed34e9037] [LIFECYCLE][START] GET https://www.mymiwallet.com/index.php/login

[1 occurrence(s)]
DEBUG --> [CSRF] token name=csrf_test_name hash=c144e96033da9883c9b8fa240a0104f2

[1 occurrence(s)]
DEBUG --> [REQ_ID=967a53da88f3] [INIT] App\Controllers\AuthController::GET

[1 occurrence(s)]
DEBUG --> [REQ_ID=2e7ed34e9037] [FILTER_AFTER]

[1 occurrence(s)]
DEBUG --> [REQ_ID=2e7ed34e9037] [LIFECYCLE][END] status=200 duration_ms=155.83 memory_delta=0

[1 occurrence(s)]
DEBUG --> [REQ_ID=2e7ed34e9037] [REQUEST][END]

[1 occurrence(s)]
DEBUG --> [REQ_ID=054e7244d4c6] [REQUEST][START] GET /

[1 occurrence(s)]
DEBUG --> [REQ_ID=054e7244d4c6] [FILTER_BEFORE] /

[1 occurrence(s)]
DEBUG --> [REQ_ID=054e7244d4c6] [ROUTE] Controller=\App\Controllers\Home Method=index

[1 occurrence(s)]
DEBUG --> [REQ_ID=054e7244d4c6] [LIFECYCLE][START] GET https://www.mymiwallet.com/index.php/

[1 occurrence(s)]
DEBUG --> [CSRF] token name=csrf_test_name hash=483ee04410e133d698951e3b5cc4d4a5

[1 occurrence(s)]
DEBUG --> [REQ_ID=4cb03baee637] [INIT] App\Controllers\Home::GET

[1 occurrence(s)]
DEBUG --> [REQ_ID=4cb03baee637] [VIEW_RENDER] themes/public/home

[1 occurrence(s)]
DEBUG --> [REQ_ID=054e7244d4c6] [FILTER_AFTER]

[1 occurrence(s)]
DEBUG --> [REQ_ID=054e7244d4c6] [LIFECYCLE][END] status=200 duration_ms=596.73 memory_delta=4194304

[1 occurrence(s)]
DEBUG --> [REQ_ID=054e7244d4c6] [REQUEST][END]

[1 occurrence(s)]
DEBUG --> [REQ_ID=cf0ccb4d6730] [REQUEST][START] GET /index.php/Wallets/Purchase/Memberships/Starter

[1 occurrence(s)]
DEBUG --> [REQ_ID=cf0ccb4d6730] [FILTER_BEFORE] /index.php/Wallets/Purchase/Memberships/Starter

[1 occurrence(s)]
DEBUG --> [REQ_ID=cf0ccb4d6730] [ROUTE] Controller=\App\Modules\User\Controllers\WalletsController Method=purchase

[1 occurrence(s)]
DEBUG --> [REQ_ID=cf0ccb4d6730] [LIFECYCLE][START] GET https://www.mymiwallet.com/index.php/Wallets/Purchase/Memberships/Starter

[1 occurrence(s)]
DEBUG --> [CSRF] token name=csrf_test_name hash=d2c3e5444fbf034fbdf1538c1ee60de2

[1 occurrence(s)]
DEBUG --> [REQ_ID=cf0ccb4d6730] [REQUEST][END]

[1 occurrence(s)]
DEBUG --> [REQ_ID=58a7ba3e2997] [REQUEST][START] GET /index.php/login

[1 occurrence(s)]
DEBUG --> [REQ_ID=58a7ba3e2997] [FILTER_BEFORE] /index.php/login

[1 occurrence(s)]
DEBUG --> [REQ_ID=58a7ba3e2997] [ROUTE] Controller=\App\Controllers\AuthController Method=login

[1 occurrence(s)]
DEBUG --> [REQ_ID=58a7ba3e2997] [LIFECYCLE][START] GET https://www.mymiwallet.com/index.php/login

[1 occurrence(s)]
DEBUG --> [CSRF] token name=csrf_test_name hash=aaed15adc33d94be8d7d1df8cdb98e1c

[1 occurrence(s)]
DEBUG --> [REQ_ID=cc03ee3f4bcb] [INIT] App\Controllers\AuthController::GET

[1 occurrence(s)]
DEBUG --> [REQ_ID=58a7ba3e2997] [FILTER_AFTER]

[1 occurrence(s)]
DEBUG --> [REQ_ID=58a7ba3e2997] [LIFECYCLE][END] status=200 duration_ms=187.24 memory_delta=0

[1 occurrence(s)]
DEBUG --> [REQ_ID=58a7ba3e2997] [REQUEST][END]

[1 occurrence(s)]
DEBUG --> [REQ_ID=af7bac807c8e] [REQUEST][START] GET /

[1 occurrence(s)]
DEBUG --> [REQ_ID=af7bac807c8e] [FILTER_BEFORE] /

[1 occurrence(s)]
DEBUG --> [REQ_ID=af7bac807c8e] [ROUTE] Controller=\App\Controllers\Home Method=index

[1 occurrence(s)]
DEBUG --> [REQ_ID=af7bac807c8e] [LIFECYCLE][START] GET https://www.mymiwallet.com/index.php/

[1 occurrence(s)]
DEBUG --> [CSRF] token name=csrf_test_name hash=a18f36ba8d8e85848c8ae89dc5f8a8fc

[1 occurrence(s)]
DEBUG --> [REQ_ID=7b82c5b7676f] [INIT] App\Controllers\Home::GET

[1 occurrence(s)]
DEBUG --> [REQ_ID=7b82c5b7676f] [VIEW_RENDER] themes/public/home

[1 occurrence(s)]
DEBUG --> [REQ_ID=af7bac807c8e] [FILTER_AFTER]

[1 occurrence(s)]
DEBUG --> [REQ_ID=af7bac807c8e] [LIFECYCLE][END] status=200 duration_ms=561.49 memory_delta=4194304

[1 occurrence(s)]
DEBUG --> [REQ_ID=af7bac807c8e] [REQUEST][END]

[1 occurrence(s)]
DEBUG --> [REQ_ID=c0cb731e8b71] [REQUEST][START] GET /index.php/API/Management/Run-CRON-Tasks

[1 occurrence(s)]
DEBUG --> [REQ_ID=c0cb731e8b71] [FILTER_BEFORE] /index.php/API/Management/Run-CRON-Tasks

[1 occurrence(s)]
DEBUG --> [REQ_ID=c0cb731e8b71] [ROUTE] Controller=\App\Modules\Management\Controllers\ManagementAPIController Method=Run_CRON_Tasks

[1 occurrence(s)]
DEBUG --> [REQ_ID=c0cb731e8b71] [LIFECYCLE][START] GET https://www.mymiwallet.com/index.php/API/Management/Run-CRON-Tasks

[1 occurrence(s)]
DEBUG --> [REQ_ID=c0cb731e8b71] [REQUEST][END]

[1 occurrence(s)]
DEBUG --> [REQ_ID=965f9b7dcab7] [REQUEST][START] GET /index.php/Wallets/Link-Account/Success

[1 occurrence(s)]
DEBUG --> [REQ_ID=965f9b7dcab7] [FILTER_BEFORE] /index.php/Wallets/Link-Account/Success

[1 occurrence(s)]
DEBUG --> [REQ_ID=965f9b7dcab7] [ROUTE] Controller=\App\Modules\User\Controllers\WalletsController Method=linkAccount

[1 occurrence(s)]
DEBUG --> [REQ_ID=965f9b7dcab7] [LIFECYCLE][START] GET https://www.mymiwallet.com/index.php/Wallets/Link-Account/Success

[1 occurrence(s)]
DEBUG --> [CSRF] token name=csrf_test_name hash=25efc6c86e33668549e31ad420f1300c

[1 occurrence(s)]
DEBUG --> [REQ_ID=965f9b7dcab7] [REQUEST][END]

[1 occurrence(s)]
DEBUG --> [REQ_ID=d0573e289f4c] [REQUEST][START] GET /index.php/login

[1 occurrence(s)]
DEBUG --> [REQ_ID=d0573e289f4c] [FILTER_BEFORE] /index.php/login

[1 occurrence(s)]
DEBUG --> [REQ_ID=d0573e289f4c] [ROUTE] Controller=\App\Controllers\AuthController Method=login

[1 occurrence(s)]
DEBUG --> [REQ_ID=d0573e289f4c] [LIFECYCLE][START] GET https://www.mymiwallet.com/index.php/login

[1 occurrence(s)]
DEBUG --> [CSRF] token name=csrf_test_name hash=5d03c711b6fc463115bdc6a8424fbe22

[1 occurrence(s)]
DEBUG --> [REQ_ID=10fb387bf8a5] [INIT] App\Controllers\AuthController::GET

[1 occurrence(s)]
DEBUG --> [REQ_ID=d0573e289f4c] [FILTER_AFTER]

[1 occurrence(s)]
DEBUG --> [REQ_ID=d0573e289f4c] [LIFECYCLE][END] status=200 duration_ms=132.89 memory_delta=0

[1 occurrence(s)]
DEBUG --> [REQ_ID=d0573e289f4c] [REQUEST][END]

[1 occurrence(s)]
DEBUG --> [REQ_ID=7c59662ab837] [REQUEST][START] GET /index.php/API/Alerts/fetchEmailAlerts

[1 occurrence(s)]
DEBUG --> [REQ_ID=7c59662ab837] [FILTER_BEFORE] /index.php/API/Alerts/fetchEmailAlerts

[1 occurrence(s)]
DEBUG --> [REQ_ID=7c59662ab837] [ROUTE] Controller=\App\Modules\APIs\Controllers\AlertsAPIController Method=fetchEmailAlerts

[1 occurrence(s)]
DEBUG --> [REQ_ID=7c59662ab837] [LIFECYCLE][START] GET https://www.mymiwallet.com/index.php/API/Alerts/fetchEmailAlerts

[1 occurrence(s)]
DEBUG --> [REQ_ID=7c59662ab837] [REQUEST][END]

[1 occurrence(s)]
DEBUG --> [REQ_ID=b62ee31fbdab] [REQUEST][START] GET /index.php/Budget/Details

[1 occurrence(s)]
DEBUG --> [REQ_ID=b62ee31fbdab] [FILTER_BEFORE] /index.php/Budget/Details

[1 occurrence(s)]
DEBUG --> [REQ_ID=b62ee31fbdab] [ROUTE] Controller=\App\Modules\User\Controllers\BudgetController Method=details

[1 occurrence(s)]
DEBUG --> [REQ_ID=b62ee31fbdab] [LIFECYCLE][START] GET https://www.mymiwallet.com/index.php/Budget/Details

[1 occurrence(s)]
DEBUG --> [CSRF] token name=csrf_test_name hash=d2a7fe13e8c83e4d0e43ba09369e37fa

[1 occurrence(s)]
DEBUG --> [REQ_ID=b62ee31fbdab] [REQUEST][END]

[1 occurrence(s)]
DEBUG --> [REQ_ID=c72b01d5461d] [REQUEST][START] GET /index.php/login

[1 occurrence(s)]
DEBUG --> [REQ_ID=c72b01d5461d] [FILTER_BEFORE] /index.php/login

[1 occurrence(s)]
DEBUG --> [REQ_ID=c72b01d5461d] [ROUTE] Controller=\App\Controllers\AuthController Method=login

[1 occurrence(s)]
DEBUG --> [REQ_ID=c72b01d5461d] [LIFECYCLE][START] GET https://www.mymiwallet.com/index.php/login

[1 occurrence(s)]
DEBUG --> [CSRF] token name=csrf_test_name hash=a63cfcdf9180f99893ad319dd00f442a

[1 occurrence(s)]
DEBUG --> [REQ_ID=3d6be55fc7a1] [INIT] App\Controllers\AuthController::GET

[1 occurrence(s)]
DEBUG --> [REQ_ID=c72b01d5461d] [FILTER_AFTER]

[1 occurrence(s)]
DEBUG --> [REQ_ID=c72b01d5461d] [LIFECYCLE][END] status=200 duration_ms=54.02 memory_delta=0

[1 occurrence(s)]
DEBUG --> [REQ_ID=c72b01d5461d] [REQUEST][END]

[1 occurrence(s)]
DEBUG --> [REQ_ID=1e7496256a88] [REQUEST][START] GET /index.php/API/Management/Run-CRON-Tasks

[1 occurrence(s)]
DEBUG --> [REQ_ID=1e7496256a88] [FILTER_BEFORE] /index.php/API/Management/Run-CRON-Tasks

[1 occurrence(s)]
DEBUG --> [REQ_ID=1e7496256a88] [ROUTE] Controller=\App\Modules\Management\Controllers\ManagementAPIController Method=Run_CRON_Tasks

[1 occurrence(s)]
DEBUG --> [REQ_ID=1e7496256a88] [LIFECYCLE][START] GET https://www.mymiwallet.com/index.php/API/Management/Run-CRON-Tasks

[1 occurrence(s)]
DEBUG --> [REQ_ID=1e7496256a88] [REQUEST][END]

[1 occurrence(s)]
DEBUG --> LOG_HEALTHCHECK debug marker=f0a501b73421

[1 occurrence(s)]
DEBUG --> [REQ_ID=c3314610f155] [REQUEST][START] GET /index.php/Budget/Copy

[1 occurrence(s)]
DEBUG --> [REQ_ID=c3314610f155] [FILTER_BEFORE] /index.php/Budget/Copy

[1 occurrence(s)]
DEBUG --> [REQ_ID=c3314610f155] [ROUTE] Controller=\App\Modules\User\Controllers\BudgetController Method=edit

[1 occurrence(s)]
DEBUG --> [REQ_ID=c3314610f155] [LIFECYCLE][START] GET https://www.mymiwallet.com/index.php/Budget/Copy

[1 occurrence(s)]
DEBUG --> [CSRF] token name=csrf_test_name hash=e103b71dd62e61f64b8dde6467457c3d

[1 occurrence(s)]
DEBUG --> [REQ_ID=c3314610f155] [REQUEST][END]

[1 occurrence(s)]
DEBUG --> [REQ_ID=4e3ad810c1f6] [REQUEST][START] GET /index.php/login

[1 occurrence(s)]
DEBUG --> [REQ_ID=4e3ad810c1f6] [FILTER_BEFORE] /index.php/login

[1 occurrence(s)]
DEBUG --> [REQ_ID=4e3ad810c1f6] [ROUTE] Controller=\App\Controllers\AuthController Method=login

[1 occurrence(s)]
DEBUG --> [REQ_ID=4e3ad810c1f6] [LIFECYCLE][START] GET https://www.mymiwallet.com/index.php/login

[1 occurrence(s)]
DEBUG --> [CSRF] token name=csrf_test_name hash=e26b3d1f3a7f2bd12728d4d2c615f390

[1 occurrence(s)]
DEBUG --> [REQ_ID=4d3151ee7794] [INIT] App\Controllers\AuthController::GET

[1 occurrence(s)]
DEBUG --> [REQ_ID=4e3ad810c1f6] [FILTER_AFTER]

[1 occurrence(s)]
DEBUG --> [REQ_ID=4e3ad810c1f6] [LIFECYCLE][END] status=200 duration_ms=58.00 memory_delta=0

[1 occurrence(s)]
DEBUG --> [REQ_ID=4e3ad810c1f6] [REQUEST][END]

[1 occurrence(s)]
DEBUG --> [REQ_ID=35787a46af4d] [REQUEST][START] GET /index.php/API/Alerts/fetchEmailAlerts

[1 occurrence(s)]
DEBUG --> [REQ_ID=35787a46af4d] [FILTER_BEFORE] /index.php/API/Alerts/fetchEmailAlerts

[1 occurrence(s)]
DEBUG --> [REQ_ID=35787a46af4d] [ROUTE] Controller=\App\Modules\APIs\Controllers\AlertsAPIController Method=fetchEmailAlerts

[1 occurrence(s)]
DEBUG --> [REQ_ID=35787a46af4d] [LIFECYCLE][START] GET https://www.mymiwallet.com/index.php/API/Alerts/fetchEmailAlerts

[1 occurrence(s)]
DEBUG --> [REQ_ID=35787a46af4d] [REQUEST][END]

[1 occurrence(s)]
DEBUG --> [REQ_ID=98b484d95469] [REQUEST][START] GET /index.php/Investments/Autosave

[1 occurrence(s)]
DEBUG --> [REQ_ID=98b484d95469] [FILTER_BEFORE] /index.php/Investments/Autosave

[1 occurrence(s)]
DEBUG --> [REQ_ID=98b484d95469] [ROUTE] Controller=\App\Modules\User\Controllers\InvestmentsController Method=autoSave

[1 occurrence(s)]
DEBUG --> [REQ_ID=98b484d95469] [LIFECYCLE][START] GET https://www.mymiwallet.com/index.php/Investments/Autosave

[1 occurrence(s)]
DEBUG --> [CSRF] token name=csrf_test_name hash=030439276c2d741b32d880f9002ce486

[1 occurrence(s)]
DEBUG --> [REQ_ID=98b484d95469] [REQUEST][END]

[1 occurrence(s)]
DEBUG --> [REQ_ID=b0a8997dc841] [REQUEST][START] GET /index.php/login

[1 occurrence(s)]
DEBUG --> [REQ_ID=b0a8997dc841] [FILTER_BEFORE] /index.php/login

[1 occurrence(s)]
DEBUG --> [REQ_ID=b0a8997dc841] [ROUTE] Controller=\App\Controllers\AuthController Method=login

[1 occurrence(s)]
DEBUG --> [REQ_ID=b0a8997dc841] [LIFECYCLE][START] GET https://www.mymiwallet.com/index.php/login

[1 occurrence(s)]
DEBUG --> [CSRF] token name=csrf_test_name hash=a11c8dd9253037104cf7c346a2f6ca75

[1 occurrence(s)]
DEBUG --> [REQ_ID=c28f30e642fd] [INIT] App\Controllers\AuthController::GET

[1 occurrence(s)]
DEBUG --> [REQ_ID=b0a8997dc841] [FILTER_AFTER]

[1 occurrence(s)]
DEBUG --> [REQ_ID=b0a8997dc841] [LIFECYCLE][END] status=200 duration_ms=280.05 memory_delta=0

[1 occurrence(s)]
DEBUG --> [REQ_ID=b0a8997dc841] [REQUEST][END]

[1 occurrence(s)]
DEBUG --> [REQ_ID=f14dd941a502] [REQUEST][START] GET /index.php/Legal/Privacy-Policy

[1 occurrence(s)]
DEBUG --> [REQ_ID=f14dd941a502] [FILTER_BEFORE] /index.php/Legal/Privacy-Policy

[1 occurrence(s)]
DEBUG --> [REQ_ID=f14dd941a502] [ROUTE] Controller=\App\Controllers\Home Method=privacyPolicy

[1 occurrence(s)]
DEBUG --> [REQ_ID=f14dd941a502] [LIFECYCLE][START] GET https://www.mymiwallet.com/index.php/Legal/Privacy-Policy

[1 occurrence(s)]
DEBUG --> [CSRF] token name=csrf_test_name hash=728a51160df0fa20d0904c2a71f53ed0

[1 occurrence(s)]
DEBUG --> [REQ_ID=f14dd941a502] [REQUEST][END]

[1 occurrence(s)]
DEBUG --> [REQ_ID=b05713f163c2] [REQUEST][START] GET /index.php/How-It-Works/Registering-An-Account

[1 occurrence(s)]
DEBUG --> [REQ_ID=b05713f163c2] [FILTER_BEFORE] /index.php/How-It-Works/Registering-An-Account

[1 occurrence(s)]
DEBUG --> [REQ_ID=b05713f163c2] [ROUTE] Controller=\App\Modules\Blog\Controllers\HowItWorksController Method=show

[1 occurrence(s)]
DEBUG --> [REQ_ID=b05713f163c2] [LIFECYCLE][START] GET https://www.mymiwallet.com/index.php/How-It-Works/Registering-An-Account

[1 occurrence(s)]
DEBUG --> [CSRF] token name=csrf_test_name hash=c7d675c6bcdca48025a1a34f08f79df7

[1 occurrence(s)]
DEBUG --> [REQ_ID=ec38d2dee8d7] [INIT] App\Modules\Blog\Controllers\HowItWorksController::GET

[1 occurrence(s)]
DEBUG --> [REQ_ID=ec38d2dee8d7] [METHOD_ENTRY] show

[1 occurrence(s)]
DEBUG --> [REQ_ID=ec38d2dee8d7] [VIEW_RENDER] App\Modules\Blog\Views\HowItWorks\Registering_An_Account

[1 occurrence(s)]
DEBUG --> [REQ_ID=b05713f163c2] [FILTER_AFTER]

[1 occurrence(s)]
DEBUG --> [REQ_ID=b05713f163c2] [LIFECYCLE][END] status=200 duration_ms=1,211.50 memory_delta=8388608

[1 occurrence(s)]
DEBUG --> [REQ_ID=b05713f163c2] [REQUEST][END]

[1 occurrence(s)]
DEBUG --> [REQ_ID=f93a1effd4b6] [REQUEST][START] GET /index.php/API/Management/Run-CRON-Tasks

[1 occurrence(s)]
DEBUG --> [REQ_ID=f93a1effd4b6] [FILTER_BEFORE] /index.php/API/Management/Run-CRON-Tasks

[1 occurrence(s)]
DEBUG --> [REQ_ID=f93a1effd4b6] [ROUTE] Controller=\App\Modules\Management\Controllers\ManagementAPIController Method=Run_CRON_Tasks

[1 occurrence(s)]
DEBUG --> [REQ_ID=f93a1effd4b6] [LIFECYCLE][START] GET https://www.mymiwallet.com/index.php/API/Management/Run-CRON-Tasks

[1 occurrence(s)]
DEBUG --> [REQ_ID=f93a1effd4b6] [REQUEST][END]

[1 occurrence(s)]
DEBUG --> [REQ_ID=440491b16148] [REQUEST][START] GET /

[1 occurrence(s)]
DEBUG --> [REQ_ID=440491b16148] [FILTER_BEFORE] /

[1 occurrence(s)]
DEBUG --> [REQ_ID=440491b16148] [ROUTE] Controller=\App\Controllers\Home Method=index

[1 occurrence(s)]
DEBUG --> [REQ_ID=440491b16148] [LIFECYCLE][START] GET https://www.mymiwallet.com/index.php/

[1 occurrence(s)]
DEBUG --> [CSRF] token name=csrf_test_name hash=c771328896a8ab3123e3bfcec6d66e34

[1 occurrence(s)]
DEBUG --> [REQ_ID=4a2b16379492] [INIT] App\Controllers\Home::GET

[1 occurrence(s)]
DEBUG --> [REQ_ID=4a2b16379492] [VIEW_RENDER] themes/public/home

[1 occurrence(s)]
DEBUG --> [REQ_ID=440491b16148] [FILTER_AFTER]

[1 occurrence(s)]
DEBUG --> [REQ_ID=440491b16148] [LIFECYCLE][END] status=200 duration_ms=642.47 memory_delta=4194304

[1 occurrence(s)]
DEBUG --> [REQ_ID=440491b16148] [REQUEST][END]

[1 occurrence(s)]
DEBUG --> [REQ_ID=2384a2015c0c] [REQUEST][START] GET /index.php/Management/Marketing/Campaigns

[1 occurrence(s)]
DEBUG --> [REQ_ID=2384a2015c0c] [FILTER_BEFORE] /index.php/Management/Marketing/Campaigns

[1 occurrence(s)]
DEBUG --> [REQ_ID=2384a2015c0c] [ROUTE] Controller=\App\Modules\Management\Controllers\MarketingAdminController Method=campaigns

[1 occurrence(s)]
DEBUG --> [REQ_ID=2384a2015c0c] [LIFECYCLE][START] GET https://www.mymiwallet.com/index.php/Management/Marketing/Campaigns

[1 occurrence(s)]
DEBUG --> [CSRF] token name=csrf_test_name hash=b7c697781a8fdc05d1554638b7bdb790

[1 occurrence(s)]
DEBUG --> [REQ_ID=2384a2015c0c] [REQUEST][END]

[1 occurrence(s)]
DEBUG --> [REQ_ID=308387403c16] [REQUEST][START] GET /index.php/login

[1 occurrence(s)]
DEBUG --> [REQ_ID=308387403c16] [FILTER_BEFORE] /index.php/login

[1 occurrence(s)]
DEBUG --> [REQ_ID=308387403c16] [ROUTE] Controller=\App\Controllers\AuthController Method=login

[1 occurrence(s)]
DEBUG --> [REQ_ID=308387403c16] [LIFECYCLE][START] GET https://www.mymiwallet.com/index.php/login

[1 occurrence(s)]
DEBUG --> [CSRF] token name=csrf_test_name hash=3d311ae7315c11dcd779d157ba6fce39

[1 occurrence(s)]
DEBUG --> [REQ_ID=8083200afc57] [INIT] App\Controllers\AuthController::GET

[1 occurrence(s)]
DEBUG --> [REQ_ID=308387403c16] [FILTER_AFTER]

[1 occurrence(s)]
DEBUG --> [REQ_ID=308387403c16] [LIFECYCLE][END] status=200 duration_ms=99.14 memory_delta=0

[1 occurrence(s)]
DEBUG --> [REQ_ID=308387403c16] [REQUEST][END]

[1 occurrence(s)]
DEBUG --> [REQ_ID=42f699cc7d19] [REQUEST][START] GET /index.php/How-It-Works/Investment-Dashboard

[1 occurrence(s)]
DEBUG --> [REQ_ID=42f699cc7d19] [FILTER_BEFORE] /index.php/How-It-Works/Investment-Dashboard

[1 occurrence(s)]
DEBUG --> [REQ_ID=42f699cc7d19] [ROUTE] Controller=\App\Modules\Blog\Controllers\HowItWorksController Method=show

[1 occurrence(s)]
DEBUG --> [REQ_ID=42f699cc7d19] [LIFECYCLE][START] GET https://www.mymiwallet.com/index.php/How-It-Works/Investment-Dashboard

[1 occurrence(s)]
DEBUG --> [CSRF] token name=csrf_test_name hash=44f0001a5c9ca1e1e7eac3efa79b0214

[1 occurrence(s)]
DEBUG --> [REQ_ID=387f4a68ee90] [INIT] App\Modules\Blog\Controllers\HowItWorksController::GET

[1 occurrence(s)]
DEBUG --> [REQ_ID=387f4a68ee90] [METHOD_ENTRY] show

[1 occurrence(s)]
DEBUG --> [REQ_ID=387f4a68ee90] [VIEW_RENDER] App\Modules\Blog\Views\HowItWorks\Investment_Portfolio_Management

[1 occurrence(s)]
DEBUG --> [REQ_ID=42f699cc7d19] [FILTER_AFTER]

[1 occurrence(s)]
DEBUG --> [REQ_ID=42f699cc7d19] [LIFECYCLE][END] status=200 duration_ms=1,349.81 memory_delta=8388608

[1 occurrence(s)]
DEBUG --> [REQ_ID=42f699cc7d19] [REQUEST][END]

[1 occurrence(s)]
DEBUG --> [REQ_ID=b2a4122f00c2] [REQUEST][START] GET /index.php/API/Alerts/fetchEmailAlerts

[1 occurrence(s)]
DEBUG --> [REQ_ID=b2a4122f00c2] [FILTER_BEFORE] /index.php/API/Alerts/fetchEmailAlerts

[1 occurrence(s)]
DEBUG --> [REQ_ID=b2a4122f00c2] [ROUTE] Controller=\App\Modules\APIs\Controllers\AlertsAPIController Method=fetchEmailAlerts

[1 occurrence(s)]
DEBUG --> [REQ_ID=b2a4122f00c2] [LIFECYCLE][START] GET https://www.mymiwallet.com/index.php/API/Alerts/fetchEmailAlerts

[1 occurrence(s)]
DEBUG --> [REQ_ID=b2a4122f00c2] [REQUEST][END]

[1 occurrence(s)]
DEBUG --> [REQ_ID=fb21fa98d4e7] [REQUEST][START] GET /index.php/Account

[1 occurrence(s)]
DEBUG --> [REQ_ID=fb21fa98d4e7] [FILTER_BEFORE] /index.php/Account

[1 occurrence(s)]
DEBUG --> [REQ_ID=fb21fa98d4e7] [ROUTE] Controller=\App\Modules\User\Controllers\DashboardController Method=account

[1 occurrence(s)]
DEBUG --> [REQ_ID=fb21fa98d4e7] [LIFECYCLE][START] GET https://www.mymiwallet.com/index.php/Account

[1 occurrence(s)]
DEBUG --> [CSRF] token name=csrf_test_name hash=a9b88eb917c40722671429a5cf8551b2

[1 occurrence(s)]
DEBUG --> [REQ_ID=fb21fa98d4e7] [REQUEST][END]

[1 occurrence(s)]
DEBUG --> [REQ_ID=01826dad5171] [REQUEST][START] GET /index.php/login

[1 occurrence(s)]
DEBUG --> [REQ_ID=01826dad5171] [FILTER_BEFORE] /index.php/login

[1 occurrence(s)]
DEBUG --> [REQ_ID=01826dad5171] [ROUTE] Controller=\App\Controllers\AuthController Method=login

[1 occurrence(s)]
DEBUG --> [REQ_ID=01826dad5171] [LIFECYCLE][START] GET https://www.mymiwallet.com/index.php/login

[1 occurrence(s)]
DEBUG --> [CSRF] token name=csrf_test_name hash=5d67cbfb3566d180550e1eed549ffce2

[1 occurrence(s)]
DEBUG --> [REQ_ID=28d21bf42908] [INIT] App\Controllers\AuthController::GET

[1 occurrence(s)]
DEBUG --> [REQ_ID=01826dad5171] [FILTER_AFTER]

[1 occurrence(s)]
DEBUG --> [REQ_ID=01826dad5171] [LIFECYCLE][END] status=200 duration_ms=123.69 memory_delta=0

[1 occurrence(s)]
DEBUG --> [REQ_ID=01826dad5171] [REQUEST][END]

[1 occurrence(s)]
DEBUG --> [REQ_ID=a68a467855d0] [REQUEST][START] HEAD /

[1 occurrence(s)]
DEBUG --> [REQ_ID=7143dcab35a8] [REQUEST][START] GET /

[1 occurrence(s)]
DEBUG --> [REQ_ID=7143dcab35a8] [FILTER_BEFORE] /

[1 occurrence(s)]
DEBUG --> [REQ_ID=7143dcab35a8] [ROUTE] Controller=\App\Controllers\Home Method=index

[1 occurrence(s)]
DEBUG --> [REQ_ID=7143dcab35a8] [LIFECYCLE][START] GET https://www.mymiwallet.com/index.php/

[1 occurrence(s)]
DEBUG --> [CSRF] token name=csrf_test_name hash=626901028bd1b221765955602b657d73

[1 occurrence(s)]
DEBUG --> [REQ_ID=3c501adce9d4] [INIT] App\Controllers\Home::GET

[1 occurrence(s)]
DEBUG --> [REQ_ID=3c501adce9d4] [VIEW_RENDER] themes/public/home

[1 occurrence(s)]
DEBUG --> [REQ_ID=7143dcab35a8] [FILTER_AFTER]

[1 occurrence(s)]
DEBUG --> [REQ_ID=7143dcab35a8] [LIFECYCLE][END] status=200 duration_ms=579.42 memory_delta=4194304

[1 occurrence(s)]
DEBUG --> [REQ_ID=7143dcab35a8] [REQUEST][END]

[1 occurrence(s)]
DEBUG --> [REQ_ID=2ed8bf89bf9d] [REQUEST][START] GET /index.php/Account/Notifications

[1 occurrence(s)]
DEBUG --> [REQ_ID=2ed8bf89bf9d] [FILTER_BEFORE] /index.php/Account/Notifications

[1 occurrence(s)]
DEBUG --> [REQ_ID=2ed8bf89bf9d] [ROUTE] Controller=\App\Modules\User\Controllers\DashboardController Method=notifications

[1 occurrence(s)]
DEBUG --> [REQ_ID=2ed8bf89bf9d] [LIFECYCLE][START] GET https://www.mymiwallet.com/index.php/Account/Notifications

[1 occurrence(s)]
DEBUG --> [CSRF] token name=csrf_test_name hash=5923880773926aabd2670035442606f4

[1 occurrence(s)]
DEBUG --> [REQ_ID=2ed8bf89bf9d] [REQUEST][END]

[1 occurrence(s)]
DEBUG --> [REQ_ID=e510111f4852] [REQUEST][START] GET /index.php/login

[1 occurrence(s)]
DEBUG --> [REQ_ID=e510111f4852] [FILTER_BEFORE] /index.php/login

[1 occurrence(s)]
DEBUG --> [REQ_ID=e510111f4852] [ROUTE] Controller=\App\Controllers\AuthController Method=login

[1 occurrence(s)]
DEBUG --> [REQ_ID=e510111f4852] [LIFECYCLE][START] GET https://www.mymiwallet.com/index.php/login

[1 occurrence(s)]
DEBUG --> [CSRF] token name=csrf_test_name hash=a573426dec8f9dfd7f7ac1b3e85246a8

[1 occurrence(s)]
DEBUG --> [REQ_ID=3a2bdf229000] [INIT] App\Controllers\AuthController::GET

[1 occurrence(s)]
DEBUG --> [REQ_ID=e510111f4852] [FILTER_AFTER]

[1 occurrence(s)]
DEBUG --> [REQ_ID=e510111f4852] [LIFECYCLE][END] status=200 duration_ms=56.31 memory_delta=0

[1 occurrence(s)]
DEBUG --> [REQ_ID=e510111f4852] [REQUEST][END]

[1 occurrence(s)]
DEBUG --> [REQ_ID=69ac9e8b6153] [REQUEST][START] GET /index.php

[1 occurrence(s)]
DEBUG --> [REQ_ID=69ac9e8b6153] [FILTER_BEFORE] /index.php

[1 occurrence(s)]
DEBUG --> [REQ_ID=69ac9e8b6153] [ROUTE] Controller=\App\Controllers\Home Method=index

[1 occurrence(s)]
DEBUG --> [REQ_ID=69ac9e8b6153] [LIFECYCLE][START] GET https://www.mymiwallet.com/index.php/

[1 occurrence(s)]
DEBUG --> [CSRF] token name=csrf_test_name hash=100a586233af1ae133fb33711e73e672

[1 occurrence(s)]
DEBUG --> [REQ_ID=cc5d04f93635] [INIT] App\Controllers\Home::GET

[1 occurrence(s)]
DEBUG --> [REQ_ID=cc5d04f93635] [VIEW_RENDER] themes/public/home

[1 occurrence(s)]
DEBUG --> [REQ_ID=69ac9e8b6153] [FILTER_AFTER]

[1 occurrence(s)]
DEBUG --> [REQ_ID=69ac9e8b6153] [LIFECYCLE][END] status=200 duration_ms=932.45 memory_delta=4194304

[1 occurrence(s)]
DEBUG --> [REQ_ID=69ac9e8b6153] [REQUEST][END]

[1 occurrence(s)]
DEBUG --> [REQ_ID=7fc755419e3c] [REQUEST][START] GET /index.php/How-It-Works/Daily-Financial-News

[1 occurrence(s)]
DEBUG --> [REQ_ID=7fc755419e3c] [FILTER_BEFORE] /index.php/How-It-Works/Daily-Financial-News

[1 occurrence(s)]
DEBUG --> [REQ_ID=7fc755419e3c] [ROUTE] Controller=\App\Modules\Blog\Controllers\HowItWorksController Method=show

[1 occurrence(s)]
DEBUG --> [REQ_ID=7fc755419e3c] [LIFECYCLE][START] GET https://www.mymiwallet.com/index.php/How-It-Works/Daily-Financial-News

[1 occurrence(s)]
DEBUG --> [CSRF] token name=csrf_test_name hash=1eb6b06384526cfac604ff41f2287aa4

[1 occurrence(s)]
DEBUG --> [REQ_ID=c9093745dbb9] [INIT] App\Modules\Blog\Controllers\HowItWorksController::GET

[1 occurrence(s)]
DEBUG --> [REQ_ID=c9093745dbb9] [METHOD_ENTRY] show

[1 occurrence(s)]
DEBUG --> [REQ_ID=7fc755419e3c] [FILTER_AFTER]

[1 occurrence(s)]
DEBUG --> [REQ_ID=7fc755419e3c] [LIFECYCLE][END] status=404 duration_ms=127.02 memory_delta=0

[1 occurrence(s)]
DEBUG --> [REQ_ID=7fc755419e3c] [REQUEST][END]

[1 occurrence(s)]
DEBUG --> [REQ_ID=cb51f8103044] [REQUEST][START] GET /index.php/API/Management/Run-CRON-Tasks

[1 occurrence(s)]
DEBUG --> [REQ_ID=cb51f8103044] [FILTER_BEFORE] /index.php/API/Management/Run-CRON-Tasks

[1 occurrence(s)]
DEBUG --> [REQ_ID=cb51f8103044] [ROUTE] Controller=\App\Modules\Management\Controllers\ManagementAPIController Method=Run_CRON_Tasks

[1 occurrence(s)]
DEBUG --> [REQ_ID=cb51f8103044] [LIFECYCLE][START] GET https://www.mymiwallet.com/index.php/API/Management/Run-CRON-Tasks

[1 occurrence(s)]
DEBUG --> [REQ_ID=cb51f8103044] [REQUEST][END]

[1 occurrence(s)]
DEBUG --> LOG_HEALTHCHECK debug marker=76f7e975c140

[1 occurrence(s)]
DEBUG --> [REQ_ID=946133ed1c8f] [REQUEST][START] GET /index.php/Wallets/Purchase/Memberships

[1 occurrence(s)]
DEBUG --> [REQ_ID=946133ed1c8f] [FILTER_BEFORE] /index.php/Wallets/Purchase/Memberships

[1 occurrence(s)]
DEBUG --> [REQ_ID=946133ed1c8f] [ROUTE] Controller=\App\Modules\User\Controllers\WalletsController Method=purchase

[1 occurrence(s)]
DEBUG --> [REQ_ID=946133ed1c8f] [LIFECYCLE][START] GET https://www.mymiwallet.com/index.php/Wallets/Purchase/Memberships

[1 occurrence(s)]
DEBUG --> [CSRF] token name=csrf_test_name hash=993063ef11f369ce73f25c12e65bc0ca

[1 occurrence(s)]
DEBUG --> [REQ_ID=946133ed1c8f] [REQUEST][END]

[1 occurrence(s)]
DEBUG --> [REQ_ID=6478104e9054] [REQUEST][START] GET /index.php/login

[1 occurrence(s)]
DEBUG --> [REQ_ID=6478104e9054] [FILTER_BEFORE] /index.php/login

[1 occurrence(s)]
DEBUG --> [REQ_ID=6478104e9054] [ROUTE] Controller=\App\Controllers\AuthController Method=login

[1 occurrence(s)]
DEBUG --> [REQ_ID=6478104e9054] [LIFECYCLE][START] GET https://www.mymiwallet.com/index.php/login

[1 occurrence(s)]
DEBUG --> [CSRF] token name=csrf_test_name hash=cd73f4c631ba52a39fc93811b87f3768

[1 occurrence(s)]
DEBUG --> [REQ_ID=2a8ee1183a92] [INIT] App\Controllers\AuthController::GET

[1 occurrence(s)]
DEBUG --> [REQ_ID=6478104e9054] [FILTER_AFTER]

[1 occurrence(s)]
DEBUG --> [REQ_ID=6478104e9054] [LIFECYCLE][END] status=200 duration_ms=130.01 memory_delta=0

[1 occurrence(s)]
DEBUG --> [REQ_ID=6478104e9054] [REQUEST][END]

[1 occurrence(s)]
DEBUG --> [REQ_ID=492e48d6baf1] [REQUEST][START] GET /index.php/API/Alerts/fetchEmailAlerts

[1 occurrence(s)]
DEBUG --> [REQ_ID=492e48d6baf1] [FILTER_BEFORE] /index.php/API/Alerts/fetchEmailAlerts

[1 occurrence(s)]
DEBUG --> [REQ_ID=492e48d6baf1] [ROUTE] Controller=\App\Modules\APIs\Controllers\AlertsAPIController Method=fetchEmailAlerts

[1 occurrence(s)]
DEBUG --> [REQ_ID=492e48d6baf1] [LIFECYCLE][START] GET https://www.mymiwallet.com/index.php/API/Alerts/fetchEmailAlerts

[1 occurrence(s)]
DEBUG --> [REQ_ID=492e48d6baf1] [REQUEST][END]

[1 occurrence(s)]
DEBUG --> [REQ_ID=118e8ceedb81] [REQUEST][START] GET /

[1 occurrence(s)]
DEBUG --> [REQ_ID=118e8ceedb81] [FILTER_BEFORE] /

[1 occurrence(s)]
DEBUG --> [REQ_ID=118e8ceedb81] [ROUTE] Controller=\App\Controllers\Home Method=index

[1 occurrence(s)]
DEBUG --> [REQ_ID=118e8ceedb81] [LIFECYCLE][START] GET https://www.mymiwallet.com/index.php/

[1 occurrence(s)]
DEBUG --> [CSRF] token name=csrf_test_name hash=d0346997d9056330384ba2ca1b6c0bee

[1 occurrence(s)]
DEBUG --> [REQ_ID=79ce3a7df2d9] [INIT] App\Controllers\Home::GET

[1 occurrence(s)]
DEBUG --> [REQ_ID=79ce3a7df2d9] [VIEW_RENDER] themes/public/home

[1 occurrence(s)]
DEBUG --> [REQ_ID=118e8ceedb81] [FILTER_AFTER]

[1 occurrence(s)]
DEBUG --> [REQ_ID=118e8ceedb81] [LIFECYCLE][END] status=200 duration_ms=672.00 memory_delta=4194304

[1 occurrence(s)]
DEBUG --> [REQ_ID=118e8ceedb81] [REQUEST][END]

[1 occurrence(s)]
DEBUG --> [REQ_ID=f5767090d6f7] [REQUEST][START] GET /

[1 occurrence(s)]
DEBUG --> [REQ_ID=f5767090d6f7] [FILTER_BEFORE] /

[1 occurrence(s)]
DEBUG --> [REQ_ID=f5767090d6f7] [ROUTE] Controller=\App\Controllers\Home Method=index

[1 occurrence(s)]
DEBUG --> [REQ_ID=f5767090d6f7] [LIFECYCLE][START] GET https://www.mymiwallet.com/index.php/

[1 occurrence(s)]
DEBUG --> [CSRF] token name=csrf_test_name hash=ee11def4308141a2bcab8752af184a48

[1 occurrence(s)]
DEBUG --> [REQ_ID=48897e9a2564] [INIT] App\Controllers\Home::GET

[1 occurrence(s)]
DEBUG --> [REQ_ID=48897e9a2564] [VIEW_RENDER] themes/public/home

[1 occurrence(s)]
DEBUG --> [REQ_ID=f5767090d6f7] [FILTER_AFTER]

[1 occurrence(s)]
DEBUG --> [REQ_ID=f5767090d6f7] [LIFECYCLE][END] status=200 duration_ms=635.59 memory_delta=4194304

[1 occurrence(s)]
DEBUG --> [REQ_ID=f5767090d6f7] [REQUEST][END]

[1 occurrence(s)]
DEBUG --> [REQ_ID=ec925f23a04e] [REQUEST][START] GET /index.php/Management/Partners

[1 occurrence(s)]
DEBUG --> [REQ_ID=ec925f23a04e] [FILTER_BEFORE] /index.php/Management/Partners

[1 occurrence(s)]
DEBUG --> [REQ_ID=ec925f23a04e] [ROUTE] Controller=\App\Modules\Management\Controllers\PartnersController Method=index

[1 occurrence(s)]
DEBUG --> [REQ_ID=ec925f23a04e] [LIFECYCLE][START] GET https://www.mymiwallet.com/index.php/Management/Partners

[1 occurrence(s)]
DEBUG --> [CSRF] token name=csrf_test_name hash=5b74cc30749362fac1a5b81bdacb141e

[1 occurrence(s)]
DEBUG --> [REQ_ID=ec925f23a04e] [REQUEST][END]

[1 occurrence(s)]
DEBUG --> [REQ_ID=8c4eb1f1c676] [REQUEST][START] GET /index.php/login

[1 occurrence(s)]
DEBUG --> [REQ_ID=8c4eb1f1c676] [FILTER_BEFORE] /index.php/login

[1 occurrence(s)]
DEBUG --> [REQ_ID=8c4eb1f1c676] [ROUTE] Controller=\App\Controllers\AuthController Method=login

[1 occurrence(s)]
DEBUG --> [REQ_ID=8c4eb1f1c676] [LIFECYCLE][START] GET https://www.mymiwallet.com/index.php/login

[1 occurrence(s)]
DEBUG --> [CSRF] token name=csrf_test_name hash=0549d8e6862a347ff81f29981a01edae

[1 occurrence(s)]
DEBUG --> [REQ_ID=55a33d9581bf] [INIT] App\Controllers\AuthController::GET

[1 occurrence(s)]
DEBUG --> [REQ_ID=8c4eb1f1c676] [FILTER_AFTER]

[1 occurrence(s)]
DEBUG --> [REQ_ID=8c4eb1f1c676] [LIFECYCLE][END] status=200 duration_ms=78.60 memory_delta=0

[1 occurrence(s)]
DEBUG --> [REQ_ID=8c4eb1f1c676] [REQUEST][END]

[1 occurrence(s)]
DEBUG --> [REQ_ID=3705973adda4] [REQUEST][START] GET /index.php/Management/Exchange

[1 occurrence(s)]
DEBUG --> [REQ_ID=3705973adda4] [FILTER_BEFORE] /index.php/Management/Exchange

[1 occurrence(s)]
DEBUG --> [REQ_ID=3705973adda4] [ROUTE] Controller=\App\Modules\Management\Controllers\ExchangeAdminController Method=index

[1 occurrence(s)]
DEBUG --> [REQ_ID=3705973adda4] [LIFECYCLE][START] GET https://www.mymiwallet.com/index.php/Management/Exchange

[1 occurrence(s)]
DEBUG --> [CSRF] token name=csrf_test_name hash=4a7a7d7d7a98a8996f1b61ab985ee0bb

[1 occurrence(s)]
DEBUG --> [REQ_ID=3705973adda4] [REQUEST][END]

[1 occurrence(s)]
DEBUG --> [REQ_ID=9fde81cfc351] [REQUEST][START] GET /index.php/Account/Security

[1 occurrence(s)]
DEBUG --> [REQ_ID=9fde81cfc351] [FILTER_BEFORE] /index.php/Account/Security

[1 occurrence(s)]
DEBUG --> [REQ_ID=9fde81cfc351] [ROUTE] Controller=\App\Modules\User\Controllers\DashboardController Method=Security

[1 occurrence(s)]
DEBUG --> [REQ_ID=9fde81cfc351] [LIFECYCLE][START] GET https://www.mymiwallet.com/index.php/Account/Security

[1 occurrence(s)]
DEBUG --> [CSRF] token name=csrf_test_name hash=4c2f6dec8b685747292fd0f470cae8f4

[1 occurrence(s)]
DEBUG --> [REQ_ID=9fde81cfc351] [REQUEST][END]

[1 occurrence(s)]
DEBUG --> [REQ_ID=de8cd965b831] [REQUEST][START] GET /index.php/login

[1 occurrence(s)]
DEBUG --> [REQ_ID=de8cd965b831] [FILTER_BEFORE] /index.php/login

[1 occurrence(s)]
DEBUG --> [REQ_ID=de8cd965b831] [ROUTE] Controller=\App\Controllers\AuthController Method=login

[1 occurrence(s)]
DEBUG --> [REQ_ID=de8cd965b831] [LIFECYCLE][START] GET https://www.mymiwallet.com/index.php/login

[1 occurrence(s)]
DEBUG --> [CSRF] token name=csrf_test_name hash=120c0b04aa3ce38c414baf4a45442e70

[1 occurrence(s)]
DEBUG --> [REQ_ID=9b2f855b92e8] [INIT] App\Controllers\AuthController::GET

[1 occurrence(s)]
DEBUG --> [REQ_ID=de8cd965b831] [FILTER_AFTER]

[1 occurrence(s)]
DEBUG --> [REQ_ID=de8cd965b831] [LIFECYCLE][END] status=200 duration_ms=97.02 memory_delta=0

[1 occurrence(s)]
DEBUG --> [REQ_ID=de8cd965b831] [REQUEST][END]

[1 occurrence(s)]
DEBUG --> [REQ_ID=59db77f42e39] [REQUEST][START] GET /index.php/login

[1 occurrence(s)]
DEBUG --> [REQ_ID=59db77f42e39] [FILTER_BEFORE] /index.php/login

[1 occurrence(s)]
DEBUG --> [REQ_ID=59db77f42e39] [ROUTE] Controller=\App\Controllers\AuthController Method=login

[1 occurrence(s)]
DEBUG --> [REQ_ID=59db77f42e39] [LIFECYCLE][START] GET https://www.mymiwallet.com/index.php/login

[1 occurrence(s)]
DEBUG --> [CSRF] token name=csrf_test_name hash=25ba41980d69ec50495caf1fbe51fdc6

[1 occurrence(s)]
DEBUG --> [REQ_ID=2d9467205209] [INIT] App\Controllers\AuthController::GET

[1 occurrence(s)]
DEBUG --> [REQ_ID=59db77f42e39] [FILTER_AFTER]

[1 occurrence(s)]
DEBUG --> [REQ_ID=59db77f42e39] [LIFECYCLE][END] status=200 duration_ms=15.82 memory_delta=0

[1 occurrence(s)]
DEBUG --> [REQ_ID=59db77f42e39] [REQUEST][END]

[1 occurrence(s)]
DEBUG --> [REQ_ID=e6b2f28c918f] [REQUEST][START] HEAD /index.php/getting-started

[1 occurrence(s)]
DEBUG --> [REQ_ID=39729b89f229] [REQUEST][START] GET /index.php/getting-started

[1 occurrence(s)]
DEBUG --> [REQ_ID=4dd7587db85a] [REQUEST][START] HEAD /

[1 occurrence(s)]
DEBUG --> [REQ_ID=d8033cc1fc1e] [REQUEST][START] GET /

[1 occurrence(s)]
DEBUG --> [REQ_ID=d8033cc1fc1e] [FILTER_BEFORE] /

[1 occurrence(s)]
DEBUG --> [REQ_ID=d8033cc1fc1e] [ROUTE] Controller=\App\Controllers\Home Method=index

[1 occurrence(s)]
DEBUG --> [REQ_ID=d8033cc1fc1e] [LIFECYCLE][START] GET https://www.mymiwallet.com/index.php/

[1 occurrence(s)]
DEBUG --> [CSRF] token name=csrf_test_name hash=e70b175cdcde495489fa51e7b6499acc

[1 occurrence(s)]
DEBUG --> [REQ_ID=4d7d85edc29a] [INIT] App\Controllers\Home::GET

[1 occurrence(s)]
DEBUG --> [REQ_ID=4d7d85edc29a] [VIEW_RENDER] themes/public/home

[1 occurrence(s)]
DEBUG --> [REQ_ID=d8033cc1fc1e] [FILTER_AFTER]

[1 occurrence(s)]
DEBUG --> [REQ_ID=d8033cc1fc1e] [LIFECYCLE][END] status=200 duration_ms=594.97 memory_delta=4194304

[1 occurrence(s)]
DEBUG --> [REQ_ID=d8033cc1fc1e] [REQUEST][END]

[1 occurrence(s)]
DEBUG --> [REQ_ID=496626bd5fba] [REQUEST][START] GET /index.php/Management/Marketing/Blog-Creator

[1 occurrence(s)]
DEBUG --> [REQ_ID=496626bd5fba] [FILTER_BEFORE] /index.php/Management/Marketing/Blog-Creator

[1 occurrence(s)]
DEBUG --> [REQ_ID=496626bd5fba] [ROUTE] Controller=\App\Modules\Management\Controllers\MarketingAdminController Method=blogCreator

[1 occurrence(s)]
DEBUG --> [REQ_ID=496626bd5fba] [LIFECYCLE][START] GET https://www.mymiwallet.com/index.php/Management/Marketing/Blog-Creator

[1 occurrence(s)]
DEBUG --> [CSRF] token name=csrf_test_name hash=bd8e2763abdc197ee77bf67b1ac057c5

[1 occurrence(s)]
DEBUG --> [REQ_ID=496626bd5fba] [REQUEST][END]

[1 occurrence(s)]
DEBUG --> [REQ_ID=a89f5f6692c7] [REQUEST][START] GET /index.php/login

[1 occurrence(s)]
DEBUG --> [REQ_ID=a89f5f6692c7] [FILTER_BEFORE] /index.php/login

[1 occurrence(s)]
DEBUG --> [REQ_ID=a89f5f6692c7] [ROUTE] Controller=\App\Controllers\AuthController Method=login

[1 occurrence(s)]
DEBUG --> [REQ_ID=a89f5f6692c7] [LIFECYCLE][START] GET https://www.mymiwallet.com/index.php/login

[1 occurrence(s)]
DEBUG --> [CSRF] token name=csrf_test_name hash=f908bec122cb24161d8abf7abb2cd3b2

[1 occurrence(s)]
DEBUG --> [REQ_ID=cfd00ce381fe] [INIT] App\Controllers\AuthController::GET

[1 occurrence(s)]
DEBUG --> [REQ_ID=a89f5f6692c7] [FILTER_AFTER]

[1 occurrence(s)]
DEBUG --> [REQ_ID=a89f5f6692c7] [LIFECYCLE][END] status=200 duration_ms=193.65 memory_delta=0

[1 occurrence(s)]
DEBUG --> [REQ_ID=a89f5f6692c7] [REQUEST][END]

[1 occurrence(s)]
DEBUG --> [REQ_ID=084823acc7cb] [REQUEST][START] GET /index.php/Account/Activity

[1 occurrence(s)]
DEBUG --> [REQ_ID=084823acc7cb] [FILTER_BEFORE] /index.php/Account/Activity

[1 occurrence(s)]
DEBUG --> [REQ_ID=084823acc7cb] [ROUTE] Controller=\App\Modules\User\Controllers\DashboardController Method=activity

[1 occurrence(s)]
DEBUG --> [REQ_ID=084823acc7cb] [LIFECYCLE][START] GET https://www.mymiwallet.com/index.php/Account/Activity

[1 occurrence(s)]
DEBUG --> [CSRF] token name=csrf_test_name hash=ad7bcda2a015ff73dff4466231ac0d5e

[1 occurrence(s)]
DEBUG --> [REQ_ID=084823acc7cb] [REQUEST][END]

[1 occurrence(s)]
DEBUG --> [REQ_ID=3f8ec7bdf5bc] [REQUEST][START] GET /index.php/login

[1 occurrence(s)]
DEBUG --> [REQ_ID=3f8ec7bdf5bc] [FILTER_BEFORE] /index.php/login

[1 occurrence(s)]
DEBUG --> [REQ_ID=3f8ec7bdf5bc] [ROUTE] Controller=\App\Controllers\AuthController Method=login

[1 occurrence(s)]
DEBUG --> [REQ_ID=3f8ec7bdf5bc] [LIFECYCLE][START] GET https://www.mymiwallet.com/index.php/login

[1 occurrence(s)]
DEBUG --> [CSRF] token name=csrf_test_name hash=34695431b2219163bf1a32397fda3063

[1 occurrence(s)]
DEBUG --> [REQ_ID=0a7fd1ba59af] [INIT] App\Controllers\AuthController::GET

[1 occurrence(s)]
DEBUG --> [REQ_ID=3f8ec7bdf5bc] [FILTER_AFTER]

[1 occurrence(s)]
DEBUG --> [REQ_ID=3f8ec7bdf5bc] [LIFECYCLE][END] status=200 duration_ms=31.99 memory_delta=0

[1 occurrence(s)]
DEBUG --> [REQ_ID=3f8ec7bdf5bc] [REQUEST][END]

[1 occurrence(s)]
DEBUG --> [REQ_ID=e1d1eed3e41d] [REQUEST][START] GET /index.php/Account

[1 occurrence(s)]
DEBUG --> [REQ_ID=e1d1eed3e41d] [FILTER_BEFORE] /index.php/Account

[1 occurrence(s)]
DEBUG --> [REQ_ID=e1d1eed3e41d] [ROUTE] Controller=\App\Modules\User\Controllers\DashboardController Method=account

[1 occurrence(s)]
DEBUG --> [REQ_ID=e1d1eed3e41d] [LIFECYCLE][START] GET https://www.mymiwallet.com/index.php/Account

[1 occurrence(s)]
DEBUG --> [CSRF] token name=csrf_test_name hash=18d31b0e4d44f95a8c95793d6416c483

[1 occurrence(s)]
DEBUG --> [REQ_ID=e1d1eed3e41d] [REQUEST][END]

[1 occurrence(s)]
DEBUG --> [REQ_ID=9286b4c4d56c] [REQUEST][START] GET /index.php/login

[1 occurrence(s)]
DEBUG --> [REQ_ID=9286b4c4d56c] [FILTER_BEFORE] /index.php/login

[1 occurrence(s)]
DEBUG --> [REQ_ID=9286b4c4d56c] [ROUTE] Controller=\App\Controllers\AuthController Method=login

[1 occurrence(s)]
DEBUG --> [REQ_ID=9286b4c4d56c] [LIFECYCLE][START] GET https://www.mymiwallet.com/index.php/login

[1 occurrence(s)]
DEBUG --> [CSRF] token name=csrf_test_name hash=f362ff53163051f406fb464f46eafa0d

[1 occurrence(s)]
DEBUG --> [REQ_ID=87affa76cebc] [INIT] App\Controllers\AuthController::GET

[1 occurrence(s)]
DEBUG --> [REQ_ID=9286b4c4d56c] [FILTER_AFTER]

[1 occurrence(s)]
DEBUG --> [REQ_ID=9286b4c4d56c] [LIFECYCLE][END] status=200 duration_ms=135.15 memory_delta=0

[1 occurrence(s)]
DEBUG --> [REQ_ID=9286b4c4d56c] [REQUEST][END]

[1 occurrence(s)]
DEBUG --> [REQ_ID=e660d0d6aaa6] [REQUEST][START] GET /index.php/API/Management/Run-CRON-Tasks

[1 occurrence(s)]
DEBUG --> [REQ_ID=e660d0d6aaa6] [FILTER_BEFORE] /index.php/API/Management/Run-CRON-Tasks

[1 occurrence(s)]
DEBUG --> [REQ_ID=e660d0d6aaa6] [ROUTE] Controller=\App\Modules\Management\Controllers\ManagementAPIController Method=Run_CRON_Tasks

[1 occurrence(s)]
DEBUG --> [REQ_ID=e660d0d6aaa6] [LIFECYCLE][START] GET https://www.mymiwallet.com/index.php/API/Management/Run-CRON-Tasks

[1 occurrence(s)]
DEBUG --> [REQ_ID=e660d0d6aaa6] [REQUEST][END]

[1 occurrence(s)]
DEBUG --> [REQ_ID=199c37806596] [REQUEST][START] GET /index.php/Exchange/Solana

[1 occurrence(s)]
DEBUG --> [REQ_ID=199c37806596] [FILTER_BEFORE] /index.php/Exchange/Solana

[1 occurrence(s)]
DEBUG --> [REQ_ID=199c37806596] [ROUTE] Controller=\App\Modules\Exchange\Controllers\SolanaController Method=index

[1 occurrence(s)]
DEBUG --> [REQ_ID=199c37806596] [LIFECYCLE][START] GET https://www.mymiwallet.com/index.php/Exchange/Solana

[1 occurrence(s)]
DEBUG --> [CSRF] token name=csrf_test_name hash=41a2613f8e316ff4bf0a8469e48fd848

[1 occurrence(s)]
DEBUG --> [REQ_ID=199c37806596] [REQUEST][END]

[1 occurrence(s)]
DEBUG --> [REQ_ID=924bcccdfb5e] [REQUEST][START] GET /index.php/login

[1 occurrence(s)]
DEBUG --> [REQ_ID=924bcccdfb5e] [FILTER_BEFORE] /index.php/login

[1 occurrence(s)]
DEBUG --> [REQ_ID=924bcccdfb5e] [ROUTE] Controller=\App\Controllers\AuthController Method=login

[1 occurrence(s)]
DEBUG --> [REQ_ID=924bcccdfb5e] [LIFECYCLE][START] GET https://www.mymiwallet.com/index.php/login

[1 occurrence(s)]
DEBUG --> [CSRF] token name=csrf_test_name hash=8ddfa3275b7632e71458b4761231ba11

[1 occurrence(s)]
DEBUG --> [REQ_ID=b9ba3ce5c6ec] [INIT] App\Controllers\AuthController::GET

[1 occurrence(s)]
DEBUG --> [REQ_ID=924bcccdfb5e] [FILTER_AFTER]

[1 occurrence(s)]
DEBUG --> [REQ_ID=924bcccdfb5e] [LIFECYCLE][END] status=200 duration_ms=98.11 memory_delta=0

[1 occurrence(s)]
DEBUG --> [REQ_ID=924bcccdfb5e] [REQUEST][END]

[1 occurrence(s)]
DEBUG --> [REQ_ID=ac35ea3c3806] [REQUEST][START] GET /

[1 occurrence(s)]
DEBUG --> [REQ_ID=ac35ea3c3806] [FILTER_BEFORE] /

[1 occurrence(s)]
DEBUG --> [REQ_ID=ac35ea3c3806] [ROUTE] Controller=\App\Controllers\Home Method=index

[1 occurrence(s)]
DEBUG --> [REQ_ID=ac35ea3c3806] [LIFECYCLE][START] GET https://www.mymiwallet.com/index.php/

[1 occurrence(s)]
DEBUG --> [CSRF] token name=csrf_test_name hash=d232b5060d0718ce64aacab688804301

[1 occurrence(s)]
DEBUG --> [REQ_ID=361f1ea65ab2] [INIT] App\Controllers\Home::GET

[1 occurrence(s)]
DEBUG --> [REQ_ID=361f1ea65ab2] [VIEW_RENDER] themes/public/home

[1 occurrence(s)]
DEBUG --> [REQ_ID=ac35ea3c3806] [FILTER_AFTER]

[1 occurrence(s)]
DEBUG --> [REQ_ID=ac35ea3c3806] [LIFECYCLE][END] status=200 duration_ms=526.97 memory_delta=4194304

[1 occurrence(s)]
DEBUG --> [REQ_ID=ac35ea3c3806] [REQUEST][END]

[1 occurrence(s)]
DEBUG --> [REQ_ID=0705af21f33e] [REQUEST][START] GET /

[1 occurrence(s)]
DEBUG --> [REQ_ID=0705af21f33e] [FILTER_BEFORE] /

[1 occurrence(s)]
DEBUG --> [REQ_ID=0705af21f33e] [ROUTE] Controller=\App\Controllers\Home Method=index

[1 occurrence(s)]
DEBUG --> [REQ_ID=0705af21f33e] [LIFECYCLE][START] GET https://www.mymiwallet.com/index.php/

[7 occurrence(s)]
DEBUG --> [CSRF] token name=csrf_test_name hash=6e7edbedf00552694a6a8e622b0bb841

[1 occurrence(s)]
DEBUG --> [REQ_ID=e7a65d34934f] [INIT] App\Controllers\Home::GET

[1 occurrence(s)]
DEBUG --> [REQ_ID=e7a65d34934f] [VIEW_RENDER] themes/public/home

[1 occurrence(s)]
DEBUG --> [REQ_ID=0705af21f33e] [FILTER_AFTER]

[1 occurrence(s)]
DEBUG --> [REQ_ID=0705af21f33e] [LIFECYCLE][END] status=200 duration_ms=560.86 memory_delta=4194304

[1 occurrence(s)]
DEBUG --> [REQ_ID=0705af21f33e] [REQUEST][END]

[1 occurrence(s)]
DEBUG --> [REQ_ID=6bbb6e48610a] [REQUEST][START] GET /index.php/How-It-Works/Investment-Dashboard

[1 occurrence(s)]
DEBUG --> [REQ_ID=6bbb6e48610a] [FILTER_BEFORE] /index.php/How-It-Works/Investment-Dashboard

[1 occurrence(s)]
DEBUG --> [REQ_ID=6bbb6e48610a] [ROUTE] Controller=\App\Modules\Blog\Controllers\HowItWorksController Method=show

[1 occurrence(s)]
DEBUG --> [REQ_ID=6bbb6e48610a] [LIFECYCLE][START] GET https://www.mymiwallet.com/index.php/How-It-Works/Investment-Dashboard

[1 occurrence(s)]
DEBUG --> [REQ_ID=c641004c01e7] [INIT] App\Modules\Blog\Controllers\HowItWorksController::GET

[1 occurrence(s)]
DEBUG --> [REQ_ID=c641004c01e7] [METHOD_ENTRY] show

[1 occurrence(s)]
DEBUG --> [REQ_ID=c641004c01e7] [VIEW_RENDER] App\Modules\Blog\Views\HowItWorks\Investment_Portfolio_Management

[1 occurrence(s)]
DEBUG --> [REQ_ID=6bbb6e48610a] [FILTER_AFTER]

[1 occurrence(s)]
DEBUG --> [REQ_ID=6bbb6e48610a] [LIFECYCLE][END] status=200 duration_ms=1,269.60 memory_delta=6291456

[1 occurrence(s)]
DEBUG --> [REQ_ID=6bbb6e48610a] [REQUEST][END]

[1 occurrence(s)]
DEBUG --> [REQ_ID=0395c6aace9b] [REQUEST][START] POST /index.php/register

[1 occurrence(s)]
DEBUG --> [REQ_ID=0395c6aace9b] [FILTER_BEFORE] /index.php/register

[1 occurrence(s)]
DEBUG --> [REQ_ID=0395c6aace9b] [ROUTE] Controller=\App\Controllers\AuthController Method=attemptRegister

[1 occurrence(s)]
DEBUG --> [REQ_ID=0395c6aace9b] [LIFECYCLE][START] POST https://www.mymiwallet.com/index.php/register

[1 occurrence(s)]
DEBUG --> [REQ_ID=f95aa656fef9] [INIT] App\Controllers\AuthController::POST

[1 occurrence(s)]
DEBUG --> [REQ_ID=0395c6aace9b] [FILTER_AFTER]

[1 occurrence(s)]
DEBUG --> [REQ_ID=0395c6aace9b] [LIFECYCLE][END] status=302 duration_ms=1,061.46 memory_delta=0

[1 occurrence(s)]
DEBUG --> [REQ_ID=0395c6aace9b] [REQUEST][END]

[1 occurrence(s)]
DEBUG --> [REQ_ID=f482f1025f58] [REQUEST][START] GET /index.php/register/success

[1 occurrence(s)]
DEBUG --> [REQ_ID=f482f1025f58] [FILTER_BEFORE] /index.php/register/success

[1 occurrence(s)]
DEBUG --> [REQ_ID=f482f1025f58] [ROUTE] Controller=\App\Controllers\AuthController Method=registerSuccess

[1 occurrence(s)]
DEBUG --> [REQ_ID=f482f1025f58] [LIFECYCLE][START] GET https://www.mymiwallet.com/index.php/register/success

[1 occurrence(s)]
DEBUG --> [REQ_ID=168336cb57ff] [INIT] App\Controllers\AuthController::GET

[1 occurrence(s)]
DEBUG --> [REQ_ID=c46dc21625fd] [REQUEST][START] GET /index.php/login

[1 occurrence(s)]
DEBUG --> [REQ_ID=c46dc21625fd] [FILTER_BEFORE] /index.php/login

[1 occurrence(s)]
DEBUG --> [REQ_ID=c46dc21625fd] [ROUTE] Controller=\App\Controllers\AuthController Method=login

[1 occurrence(s)]
DEBUG --> [REQ_ID=c46dc21625fd] [LIFECYCLE][START] GET https://www.mymiwallet.com/index.php/login

[1 occurrence(s)]
DEBUG --> [REQ_ID=3bf96e9fa595] [INIT] App\Controllers\AuthController::GET

[1 occurrence(s)]
DEBUG --> [REQ_ID=c46dc21625fd] [FILTER_AFTER]

[1 occurrence(s)]
DEBUG --> [REQ_ID=c46dc21625fd] [LIFECYCLE][END] status=200 duration_ms=16.75 memory_delta=0

[1 occurrence(s)]
DEBUG --> [REQ_ID=c46dc21625fd] [REQUEST][END]

[1 occurrence(s)]
DEBUG --> [REQ_ID=5514de76846e] [REQUEST][START] POST /index.php/login

[1 occurrence(s)]
DEBUG --> [REQ_ID=5514de76846e] [FILTER_BEFORE] /index.php/login

[1 occurrence(s)]
DEBUG --> [REQ_ID=5514de76846e] [ROUTE] Controller=\App\Controllers\AuthController Method=attemptLogin

[1 occurrence(s)]
DEBUG --> [REQ_ID=5514de76846e] [LIFECYCLE][START] POST https://www.mymiwallet.com/index.php/login

[1 occurrence(s)]
DEBUG --> [REQ_ID=b4edb4e96c1f] [INIT] App\Controllers\AuthController::POST

[1 occurrence(s)]
DEBUG --> Auth attemptLogin() called with login identifier: DarrylTex, remember: false

[1 occurrence(s)]
DEBUG --> Auth attemptLogin() called. redirect_url in session: https://www.mymiwallet.com/index.php/How-It-Works/Investment-Dashboard

[1 occurrence(s)]
DEBUG --> Auth credentials normalised for attempt using key "username"

[1 occurrence(s)]
DEBUG --> Auth attempt failed for identifier DarrylTex. Error: This user account is not yet activated. <a href="https://www.mymiwallet.com/index.php/resend-activate-account?login=DarrylTex">Resend activation message one more time.</a>

[1 occurrence(s)]
DEBUG --> [REQ_ID=5514de76846e] [FILTER_AFTER]

[1 occurrence(s)]
DEBUG --> [REQ_ID=5514de76846e] [LIFECYCLE][END] status=302 duration_ms=98.27 memory_delta=0

[1 occurrence(s)]
DEBUG --> [REQ_ID=5514de76846e] [REQUEST][END]

[1 occurrence(s)]
DEBUG --> [REQ_ID=7c526363df9f] [REQUEST][START] GET /index.php/login

[1 occurrence(s)]
DEBUG --> [REQ_ID=7c526363df9f] [FILTER_BEFORE] /index.php/login

[1 occurrence(s)]
DEBUG --> [REQ_ID=7c526363df9f] [ROUTE] Controller=\App\Controllers\AuthController Method=login

[1 occurrence(s)]
DEBUG --> [REQ_ID=7c526363df9f] [LIFECYCLE][START] GET https://www.mymiwallet.com/index.php/login

[1 occurrence(s)]
DEBUG --> [REQ_ID=3542899c8af4] [INIT] App\Controllers\AuthController::GET

[1 occurrence(s)]
DEBUG --> [REQ_ID=7c526363df9f] [FILTER_AFTER]

[1 occurrence(s)]
DEBUG --> [REQ_ID=7c526363df9f] [LIFECYCLE][END] status=200 duration_ms=15.59 memory_delta=0

[1 occurrence(s)]
DEBUG --> [REQ_ID=7c526363df9f] [REQUEST][END]

[1 occurrence(s)]
DEBUG --> [REQ_ID=3b5426e09e94] [REQUEST][START] GET /index.php/Management/Marketing/Video-Creator

[1 occurrence(s)]
DEBUG --> [REQ_ID=3b5426e09e94] [FILTER_BEFORE] /index.php/Management/Marketing/Video-Creator

[1 occurrence(s)]
DEBUG --> [REQ_ID=3b5426e09e94] [ROUTE] Controller=\App\Modules\Management\Controllers\MarketingAdminController Method=videoCreator

[1 occurrence(s)]
DEBUG --> [REQ_ID=3b5426e09e94] [LIFECYCLE][START] GET https://www.mymiwallet.com/index.php/Management/Marketing/Video-Creator

[1 occurrence(s)]
DEBUG --> [CSRF] token name=csrf_test_name hash=4500d41b40dc3405b27f694a5a2209bb

[1 occurrence(s)]
DEBUG --> [REQ_ID=3b5426e09e94] [REQUEST][END]

[1 occurrence(s)]
DEBUG --> [REQ_ID=3febaf53d7f0] [REQUEST][START] GET /index.php/login

[1 occurrence(s)]
DEBUG --> [REQ_ID=3febaf53d7f0] [FILTER_BEFORE] /index.php/login

[1 occurrence(s)]
DEBUG --> [REQ_ID=3febaf53d7f0] [ROUTE] Controller=\App\Controllers\AuthController Method=login

[1 occurrence(s)]
DEBUG --> [REQ_ID=3febaf53d7f0] [LIFECYCLE][START] GET https://www.mymiwallet.com/index.php/login

[1 occurrence(s)]
DEBUG --> [CSRF] token name=csrf_test_name hash=eb602b343c3a794dae8d37a2cb8ab987

[1 occurrence(s)]
DEBUG --> [REQ_ID=a2de85edba53] [INIT] App\Controllers\AuthController::GET

[1 occurrence(s)]
DEBUG --> [REQ_ID=3febaf53d7f0] [FILTER_AFTER]

[1 occurrence(s)]
DEBUG --> [REQ_ID=3febaf53d7f0] [LIFECYCLE][END] status=200 duration_ms=204.93 memory_delta=0

[1 occurrence(s)]
DEBUG --> [REQ_ID=3febaf53d7f0] [REQUEST][END]

[1 occurrence(s)]
DEBUG --> [REQ_ID=1ade5bd62df8] [REQUEST][START] GET /index.php/Management/Budgeting

[1 occurrence(s)]
DEBUG --> [REQ_ID=1ade5bd62df8] [FILTER_BEFORE] /index.php/Management/Budgeting

[1 occurrence(s)]
DEBUG --> [REQ_ID=1ade5bd62df8] [ROUTE] Controller=\App\Modules\Management\Controllers\BudgetingAdminController Method=index

[1 occurrence(s)]
DEBUG --> [REQ_ID=1ade5bd62df8] [LIFECYCLE][START] GET https://www.mymiwallet.com/index.php/Management/Budgeting

[1 occurrence(s)]
DEBUG --> [CSRF] token name=csrf_test_name hash=dddcb727506eaa6b1060e21210d27068

[1 occurrence(s)]
DEBUG --> [REQ_ID=1ade5bd62df8] [REQUEST][END]

[1 occurrence(s)]
DEBUG --> [REQ_ID=54e119cfca77] [REQUEST][START] GET /index.php/login

[1 occurrence(s)]
DEBUG --> [REQ_ID=54e119cfca77] [FILTER_BEFORE] /index.php/login

[1 occurrence(s)]
DEBUG --> [REQ_ID=54e119cfca77] [ROUTE] Controller=\App\Controllers\AuthController Method=login

[1 occurrence(s)]
DEBUG --> [REQ_ID=54e119cfca77] [LIFECYCLE][START] GET https://www.mymiwallet.com/index.php/login

[1 occurrence(s)]
DEBUG --> [CSRF] token name=csrf_test_name hash=db48b5d8abe8df1d3ee6a4ab8c933eee

[1 occurrence(s)]
DEBUG --> [REQ_ID=19273a63b667] [INIT] App\Controllers\AuthController::GET

[1 occurrence(s)]
DEBUG --> [REQ_ID=54e119cfca77] [FILTER_AFTER]

[1 occurrence(s)]
DEBUG --> [REQ_ID=54e119cfca77] [LIFECYCLE][END] status=200 duration_ms=101.53 memory_delta=0

[1 occurrence(s)]
DEBUG --> [REQ_ID=54e119cfca77] [REQUEST][END]

[1 occurrence(s)]
DEBUG --> [REQ_ID=6f12eee4c437] [REQUEST][START] GET /index.php/Management/Users

[1 occurrence(s)]
DEBUG --> [REQ_ID=6f12eee4c437] [FILTER_BEFORE] /index.php/Management/Users

[1 occurrence(s)]
DEBUG --> [REQ_ID=6f12eee4c437] [ROUTE] Controller=\App\Modules\Management\Controllers\UsersController Method=index

[1 occurrence(s)]
DEBUG --> [REQ_ID=6f12eee4c437] [LIFECYCLE][START] GET https://www.mymiwallet.com/index.php/Management/Users

[1 occurrence(s)]
DEBUG --> [CSRF] token name=csrf_test_name hash=bc76c043e9df9fcfe868723150d621ad

[1 occurrence(s)]
DEBUG --> [REQ_ID=6f12eee4c437] [REQUEST][END]

[1 occurrence(s)]
DEBUG --> [REQ_ID=7976fa9368ae] [REQUEST][START] GET /index.php/login

[1 occurrence(s)]
DEBUG --> [REQ_ID=7976fa9368ae] [FILTER_BEFORE] /index.php/login

[1 occurrence(s)]
DEBUG --> [REQ_ID=7976fa9368ae] [ROUTE] Controller=\App\Controllers\AuthController Method=login

[1 occurrence(s)]
DEBUG --> [REQ_ID=7976fa9368ae] [LIFECYCLE][START] GET https://www.mymiwallet.com/index.php/login

[1 occurrence(s)]
DEBUG --> [CSRF] token name=csrf_test_name hash=2a328e4b147859836d7f2ec2f6a1ed2b

[1 occurrence(s)]
DEBUG --> [REQ_ID=7334e632f13f] [INIT] App\Controllers\AuthController::GET

[1 occurrence(s)]
DEBUG --> [REQ_ID=7976fa9368ae] [FILTER_AFTER]

[1 occurrence(s)]
DEBUG --> [REQ_ID=7976fa9368ae] [LIFECYCLE][END] status=200 duration_ms=99.12 memory_delta=0

[1 occurrence(s)]
DEBUG --> [REQ_ID=7976fa9368ae] [REQUEST][END]

[1 occurrence(s)]
DEBUG --> [REQ_ID=f04faa86b948] [REQUEST][START] GET /index.php/API/Alerts/fetchEmailAlerts

[1 occurrence(s)]
DEBUG --> [REQ_ID=f04faa86b948] [FILTER_BEFORE] /index.php/API/Alerts/fetchEmailAlerts

[1 occurrence(s)]
DEBUG --> [REQ_ID=f04faa86b948] [ROUTE] Controller=\App\Modules\APIs\Controllers\AlertsAPIController Method=fetchEmailAlerts

[1 occurrence(s)]
DEBUG --> [REQ_ID=f04faa86b948] [LIFECYCLE][START] GET https://www.mymiwallet.com/index.php/API/Alerts/fetchEmailAlerts

[1 occurrence(s)]
DEBUG --> [REQ_ID=f04faa86b948] [REQUEST][END]

[1 occurrence(s)]
DEBUG --> [REQ_ID=7377192ca4b2] [REQUEST][START] GET /index.php/Budget/Financial-Institute

[1 occurrence(s)]
DEBUG --> [REQ_ID=d6dc0720031d] [REQUEST][START] GET /index.php/Management/Marketing

[1 occurrence(s)]
DEBUG --> [REQ_ID=d6dc0720031d] [FILTER_BEFORE] /index.php/Management/Marketing

[1 occurrence(s)]
DEBUG --> [REQ_ID=d6dc0720031d] [ROUTE] Controller=\App\Modules\Management\Controllers\MarketingAdminController Method=index

[1 occurrence(s)]
DEBUG --> [REQ_ID=d6dc0720031d] [LIFECYCLE][START] GET https://www.mymiwallet.com/index.php/Management/Marketing

[1 occurrence(s)]
DEBUG --> [CSRF] token name=csrf_test_name hash=b6e0abb38e0528ed9ecccd07d4ef2e13

[1 occurrence(s)]
DEBUG --> [REQ_ID=d6dc0720031d] [REQUEST][END]

[1 occurrence(s)]
DEBUG --> [REQ_ID=1fd752d22d10] [REQUEST][START] GET /index.php/login

[1 occurrence(s)]
DEBUG --> [REQ_ID=1fd752d22d10] [FILTER_BEFORE] /index.php/login

[1 occurrence(s)]
DEBUG --> [REQ_ID=1fd752d22d10] [ROUTE] Controller=\App\Controllers\AuthController Method=login

[1 occurrence(s)]
DEBUG --> [REQ_ID=1fd752d22d10] [LIFECYCLE][START] GET https://www.mymiwallet.com/index.php/login

[1 occurrence(s)]
DEBUG --> [CSRF] token name=csrf_test_name hash=d80ab5ca4d69c44da245407c24199a86

[1 occurrence(s)]
DEBUG --> [REQ_ID=990319245c8c] [INIT] App\Controllers\AuthController::GET

[1 occurrence(s)]
DEBUG --> [REQ_ID=1fd752d22d10] [FILTER_AFTER]

[1 occurrence(s)]
DEBUG --> [REQ_ID=1fd752d22d10] [LIFECYCLE][END] status=200 duration_ms=101.57 memory_delta=0

[1 occurrence(s)]
DEBUG --> [REQ_ID=1fd752d22d10] [REQUEST][END]

[1 occurrence(s)]
DEBUG --> [REQ_ID=893368df1b89] [REQUEST][START] GET /index.php/Dashboard/Transaction-Modal

[1 occurrence(s)]
DEBUG --> [REQ_ID=0831de004769] [REQUEST][START] GET /index.php/Management/Marketing/Post-Creator

[1 occurrence(s)]
DEBUG --> [REQ_ID=0831de004769] [FILTER_BEFORE] /index.php/Management/Marketing/Post-Creator

[1 occurrence(s)]
DEBUG --> [REQ_ID=0831de004769] [ROUTE] Controller=\App\Modules\Management\Controllers\MarketingAdminController Method=postCreator

[1 occurrence(s)]
DEBUG --> [REQ_ID=0831de004769] [LIFECYCLE][START] GET https://www.mymiwallet.com/index.php/Management/Marketing/Post-Creator

[1 occurrence(s)]
DEBUG --> [CSRF] token name=csrf_test_name hash=32b6c58284048951952daff8692db43e

[1 occurrence(s)]
DEBUG --> [REQ_ID=0831de004769] [REQUEST][END]

[1 occurrence(s)]
DEBUG --> [REQ_ID=9eb5dfe096f6] [REQUEST][START] GET /index.php/login

[1 occurrence(s)]
DEBUG --> [REQ_ID=9eb5dfe096f6] [FILTER_BEFORE] /index.php/login

[1 occurrence(s)]
DEBUG --> [REQ_ID=9eb5dfe096f6] [ROUTE] Controller=\App\Controllers\AuthController Method=login

[1 occurrence(s)]
DEBUG --> [REQ_ID=9eb5dfe096f6] [LIFECYCLE][START] GET https://www.mymiwallet.com/index.php/login

[1 occurrence(s)]
DEBUG --> [CSRF] token name=csrf_test_name hash=d6c0d5f3ab934fb5a14766d0fdc554cc

[1 occurrence(s)]
DEBUG --> [REQ_ID=bc90f5bf60c5] [INIT] App\Controllers\AuthController::GET

[1 occurrence(s)]
DEBUG --> [REQ_ID=9eb5dfe096f6] [FILTER_AFTER]

[1 occurrence(s)]
DEBUG --> [REQ_ID=9eb5dfe096f6] [LIFECYCLE][END] status=200 duration_ms=36.22 memory_delta=0

[1 occurrence(s)]
DEBUG --> [REQ_ID=9eb5dfe096f6] [REQUEST][END]

[1 occurrence(s)]
DEBUG --> [REQ_ID=39be8d594aed] [REQUEST][START] GET /index.php/My-Referrals

[1 occurrence(s)]
DEBUG --> [REQ_ID=39be8d594aed] [FILTER_BEFORE] /index.php/My-Referrals

[1 occurrence(s)]
DEBUG --> [REQ_ID=39be8d594aed] [ROUTE] Controller=\App\Modules\User\Controllers\ReferralController Method=index

[1 occurrence(s)]
DEBUG --> [REQ_ID=39be8d594aed] [LIFECYCLE][START] GET https://www.mymiwallet.com/index.php/My-Referrals

[1 occurrence(s)]
DEBUG --> [CSRF] token name=csrf_test_name hash=87619994db96aca925b9c6a02b513b44

[1 occurrence(s)]
DEBUG --> [REQ_ID=39be8d594aed] [REQUEST][END]

[1 occurrence(s)]
DEBUG --> [REQ_ID=8173b7ab2593] [REQUEST][START] GET /index.php/login

[1 occurrence(s)]
DEBUG --> [REQ_ID=8173b7ab2593] [FILTER_BEFORE] /index.php/login

[1 occurrence(s)]
DEBUG --> [REQ_ID=8173b7ab2593] [ROUTE] Controller=\App\Controllers\AuthController Method=login

[1 occurrence(s)]
DEBUG --> [REQ_ID=8173b7ab2593] [LIFECYCLE][START] GET https://www.mymiwallet.com/index.php/login

[1 occurrence(s)]
DEBUG --> [CSRF] token name=csrf_test_name hash=9f07da9cfb02250de18ea41e10601bfa

[1 occurrence(s)]
DEBUG --> [REQ_ID=ec210d9ab69a] [INIT] App\Controllers\AuthController::GET

[1 occurrence(s)]
DEBUG --> [REQ_ID=8173b7ab2593] [FILTER_AFTER]

[1 occurrence(s)]
DEBUG --> [REQ_ID=8173b7ab2593] [LIFECYCLE][END] status=200 duration_ms=40.07 memory_delta=0

[1 occurrence(s)]
DEBUG --> [REQ_ID=8173b7ab2593] [REQUEST][END]

[1 occurrence(s)]
DEBUG --> [REQ_ID=0049bfecb74a] [REQUEST][START] GET /index.php/How-It-Works/Setting-Financial-Goals

[1 occurrence(s)]
DEBUG --> [REQ_ID=0049bfecb74a] [FILTER_BEFORE] /index.php/How-It-Works/Setting-Financial-Goals

[1 occurrence(s)]
DEBUG --> [REQ_ID=0049bfecb74a] [ROUTE] Controller=\App\Modules\Blog\Controllers\HowItWorksController Method=show

[1 occurrence(s)]
DEBUG --> [REQ_ID=0049bfecb74a] [LIFECYCLE][START] GET https://www.mymiwallet.com/index.php/How-It-Works/Setting-Financial-Goals

[1 occurrence(s)]
DEBUG --> [CSRF] token name=csrf_test_name hash=47d3fd16bbbca56f9dbf5e7b514443d9

[1 occurrence(s)]
DEBUG --> [REQ_ID=1017b749c44e] [INIT] App\Modules\Blog\Controllers\HowItWorksController::GET

[1 occurrence(s)]
DEBUG --> [REQ_ID=1017b749c44e] [METHOD_ENTRY] show

[1 occurrence(s)]
DEBUG --> [REQ_ID=1017b749c44e] [VIEW_RENDER] App\Modules\Blog\Views\HowItWorks\Determining_Your_Financial_Goals

[1 occurrence(s)]
DEBUG --> [REQ_ID=0049bfecb74a] [FILTER_AFTER]

[1 occurrence(s)]
DEBUG --> [REQ_ID=0049bfecb74a] [LIFECYCLE][END] status=200 duration_ms=1,318.09 memory_delta=8388608

[1 occurrence(s)]
DEBUG --> [REQ_ID=0049bfecb74a] [REQUEST][END]

[1 occurrence(s)]
DEBUG --> [REQ_ID=23796469bdb8] [REQUEST][START] GET /index.php/Investments/Watchlist

[1 occurrence(s)]
DEBUG --> [REQ_ID=23796469bdb8] [FILTER_BEFORE] /index.php/Investments/Watchlist

[1 occurrence(s)]
DEBUG --> [REQ_ID=23796469bdb8] [ROUTE] Controller=\App\Modules\User\Controllers\InvestmentsController Method=watchlist

[1 occurrence(s)]
DEBUG --> [REQ_ID=23796469bdb8] [LIFECYCLE][START] GET https://www.mymiwallet.com/index.php/Investments/Watchlist

[1 occurrence(s)]
DEBUG --> [CSRF] token name=csrf_test_name hash=28d08c817fef9cfaafcc948407525d38

[1 occurrence(s)]
DEBUG --> [REQ_ID=23796469bdb8] [REQUEST][END]

[1 occurrence(s)]
DEBUG --> [REQ_ID=f6cde0b4b29c] [REQUEST][START] GET /index.php/login

[1 occurrence(s)]
DEBUG --> [REQ_ID=f6cde0b4b29c] [FILTER_BEFORE] /index.php/login

[1 occurrence(s)]
DEBUG --> [REQ_ID=f6cde0b4b29c] [ROUTE] Controller=\App\Controllers\AuthController Method=login

[1 occurrence(s)]
DEBUG --> [REQ_ID=f6cde0b4b29c] [LIFECYCLE][START] GET https://www.mymiwallet.com/index.php/login

[1 occurrence(s)]
DEBUG --> [CSRF] token name=csrf_test_name hash=d4828afe636a1ddca4acee9c6d63c58a

[1 occurrence(s)]
DEBUG --> [REQ_ID=c860b8c4ceeb] [INIT] App\Controllers\AuthController::GET

[1 occurrence(s)]
DEBUG --> [REQ_ID=f6cde0b4b29c] [FILTER_AFTER]

[1 occurrence(s)]
DEBUG --> [REQ_ID=f6cde0b4b29c] [LIFECYCLE][END] status=200 duration_ms=135.79 memory_delta=0

[1 occurrence(s)]
DEBUG --> [REQ_ID=f6cde0b4b29c] [REQUEST][END]

[1 occurrence(s)]
DEBUG --> [REQ_ID=6ef7e03070a8] [REQUEST][START] GET /index.php/Budget

[1 occurrence(s)]
DEBUG --> [REQ_ID=6ef7e03070a8] [FILTER_BEFORE] /index.php/Budget

[1 occurrence(s)]
DEBUG --> [REQ_ID=6ef7e03070a8] [ROUTE] Controller=\App\Modules\User\Controllers\BudgetController Method=index

[1 occurrence(s)]
DEBUG --> [REQ_ID=6ef7e03070a8] [LIFECYCLE][START] GET https://www.mymiwallet.com/index.php/Budget

[1 occurrence(s)]
DEBUG --> [CSRF] token name=csrf_test_name hash=8b2b948c2910a813bbd5499312ada3a1

[1 occurrence(s)]
DEBUG --> [REQ_ID=6ef7e03070a8] [REQUEST][END]

[1 occurrence(s)]
DEBUG --> [REQ_ID=ba7700837db6] [REQUEST][START] GET /index.php/Management/Docs

[1 occurrence(s)]
DEBUG --> [REQ_ID=13e2ccdae383] [REQUEST][START] GET /index.php/Assets

[1 occurrence(s)]
DEBUG --> [REQ_ID=13e2ccdae383] [FILTER_BEFORE] /index.php/Assets

[1 occurrence(s)]
DEBUG --> [REQ_ID=13e2ccdae383] [ROUTE] Controller=\App\Modules\Management\Controllers\AssetsController Method=index

[1 occurrence(s)]
DEBUG --> [REQ_ID=13e2ccdae383] [LIFECYCLE][START] GET https://www.mymiwallet.com/index.php/Assets

[1 occurrence(s)]
DEBUG --> [CSRF] token name=csrf_test_name hash=7dfaceabb9ba54eb08b11bb44f466ad7

[1 occurrence(s)]
DEBUG --> [REQ_ID=13e2ccdae383] [REQUEST][END]

[1 occurrence(s)]
DEBUG --> [REQ_ID=dd042237561a] [REQUEST][START] GET /index.php/login

[1 occurrence(s)]
DEBUG --> [REQ_ID=dd042237561a] [FILTER_BEFORE] /index.php/login

[1 occurrence(s)]
DEBUG --> [REQ_ID=dd042237561a] [ROUTE] Controller=\App\Controllers\AuthController Method=login

[1 occurrence(s)]
DEBUG --> [REQ_ID=dd042237561a] [LIFECYCLE][START] GET https://www.mymiwallet.com/index.php/login

[1 occurrence(s)]
DEBUG --> [CSRF] token name=csrf_test_name hash=441d770f96096ac98f26a4343a7caab0

[1 occurrence(s)]
DEBUG --> [REQ_ID=551838522bc1] [INIT] App\Controllers\AuthController::GET

[1 occurrence(s)]
DEBUG --> [REQ_ID=dd042237561a] [FILTER_AFTER]

[1 occurrence(s)]
DEBUG --> [REQ_ID=dd042237561a] [LIFECYCLE][END] status=200 duration_ms=30.48 memory_delta=0

[1 occurrence(s)]
DEBUG --> [REQ_ID=dd042237561a] [REQUEST][END]

[1 occurrence(s)]
DEBUG --> [REQ_ID=ea88ba998250] [REQUEST][START] GET /index.php/login

[1 occurrence(s)]
DEBUG --> [REQ_ID=ea88ba998250] [FILTER_BEFORE] /index.php/login

[1 occurrence(s)]
DEBUG --> [REQ_ID=ea88ba998250] [ROUTE] Controller=\App\Controllers\AuthController Method=login

[1 occurrence(s)]
DEBUG --> [REQ_ID=ea88ba998250] [LIFECYCLE][START] GET https://www.mymiwallet.com/index.php/login

[1 occurrence(s)]
DEBUG --> [CSRF] token name=csrf_test_name hash=5ce682239133fb59c872f472970dc21b

[1 occurrence(s)]
DEBUG --> [REQ_ID=f5f9da71cbf8] [INIT] App\Controllers\AuthController::GET

[1 occurrence(s)]
DEBUG --> [REQ_ID=ea88ba998250] [FILTER_AFTER]

[1 occurrence(s)]
DEBUG --> [REQ_ID=ea88ba998250] [LIFECYCLE][END] status=200 duration_ms=17.08 memory_delta=0

[1 occurrence(s)]
DEBUG --> [REQ_ID=ea88ba998250] [REQUEST][END]

[1 occurrence(s)]
DEBUG --> [REQ_ID=71174b19db52] [REQUEST][START] GET /index.php/Management/Marketing/Content/Generator

[1 occurrence(s)]
DEBUG --> [REQ_ID=71174b19db52] [FILTER_BEFORE] /index.php/Management/Marketing/Content/Generator

[1 occurrence(s)]
DEBUG --> [REQ_ID=71174b19db52] [ROUTE] Controller=\App\Modules\Management\Controllers\MarketingAdminController Method=contentGenerator

[1 occurrence(s)]
DEBUG --> [REQ_ID=71174b19db52] [LIFECYCLE][START] GET https://www.mymiwallet.com/index.php/Management/Marketing/Content/Generator

[1 occurrence(s)]
DEBUG --> [CSRF] token name=csrf_test_name hash=d462e45f85c5581c7f03b5a2aeef2c2c

[1 occurrence(s)]
DEBUG --> [REQ_ID=71174b19db52] [REQUEST][END]

[1 occurrence(s)]
DEBUG --> [REQ_ID=fe1be8dd4b31] [REQUEST][START] GET /index.php/login

[1 occurrence(s)]
DEBUG --> [REQ_ID=fe1be8dd4b31] [FILTER_BEFORE] /index.php/login

[1 occurrence(s)]
DEBUG --> [REQ_ID=fe1be8dd4b31] [ROUTE] Controller=\App\Controllers\AuthController Method=login

[1 occurrence(s)]
DEBUG --> [REQ_ID=fe1be8dd4b31] [LIFECYCLE][START] GET https://www.mymiwallet.com/index.php/login

[1 occurrence(s)]
DEBUG --> [CSRF] token name=csrf_test_name hash=15fbb875f837e91ed9b9b6e9c057774c

[1 occurrence(s)]
DEBUG --> [REQ_ID=4f255558a8ca] [INIT] App\Controllers\AuthController::GET

[1 occurrence(s)]
DEBUG --> [REQ_ID=fe1be8dd4b31] [FILTER_AFTER]

[1 occurrence(s)]
DEBUG --> [REQ_ID=fe1be8dd4b31] [LIFECYCLE][END] status=200 duration_ms=49.16 memory_delta=0

[1 occurrence(s)]
DEBUG --> [REQ_ID=fe1be8dd4b31] [REQUEST][END]

[1 occurrence(s)]
DEBUG --> [REQ_ID=181cc8518a5d] [REQUEST][START] GET /index.php/Management/Security

[1 occurrence(s)]
DEBUG --> [REQ_ID=181cc8518a5d] [FILTER_BEFORE] /index.php/Management/Security

[1 occurrence(s)]
DEBUG --> [REQ_ID=181cc8518a5d] [ROUTE] Controller=\App\Modules\Management\Controllers\SecurityController Method=index

[1 occurrence(s)]
DEBUG --> [REQ_ID=181cc8518a5d] [LIFECYCLE][START] GET https://www.mymiwallet.com/index.php/Management/Security

[1 occurrence(s)]
DEBUG --> [CSRF] token name=csrf_test_name hash=e3f7c8af6d0642666099a89b814707f1

[1 occurrence(s)]
DEBUG --> [REQ_ID=181cc8518a5d] [REQUEST][END]

[1 occurrence(s)]
DEBUG --> [REQ_ID=06083174a6a1] [REQUEST][START] GET /index.php/login

[1 occurrence(s)]
DEBUG --> [REQ_ID=06083174a6a1] [FILTER_BEFORE] /index.php/login

[1 occurrence(s)]
DEBUG --> [REQ_ID=06083174a6a1] [ROUTE] Controller=\App\Controllers\AuthController Method=login

[1 occurrence(s)]
DEBUG --> [REQ_ID=06083174a6a1] [LIFECYCLE][START] GET https://www.mymiwallet.com/index.php/login

[1 occurrence(s)]
DEBUG --> [CSRF] token name=csrf_test_name hash=3388a72c13bd4d8aed7242bbb0bbc7a5

[1 occurrence(s)]
DEBUG --> [REQ_ID=3e0e2cdaff3f] [INIT] App\Controllers\AuthController::GET

[1 occurrence(s)]
DEBUG --> [REQ_ID=06083174a6a1] [FILTER_AFTER]

[1 occurrence(s)]
DEBUG --> [REQ_ID=06083174a6a1] [LIFECYCLE][END] status=200 duration_ms=24.16 memory_delta=0

[1 occurrence(s)]
DEBUG --> [REQ_ID=06083174a6a1] [REQUEST][END]

[1 occurrence(s)]
DEBUG --> [REQ_ID=5391e2b693c3] [REQUEST][START] GET /index.php/API/Management/Run-CRON-Tasks

[1 occurrence(s)]
DEBUG --> [REQ_ID=5391e2b693c3] [FILTER_BEFORE] /index.php/API/Management/Run-CRON-Tasks

[1 occurrence(s)]
DEBUG --> [REQ_ID=5391e2b693c3] [ROUTE] Controller=\App\Modules\Management\Controllers\ManagementAPIController Method=Run_CRON_Tasks

[1 occurrence(s)]
DEBUG --> [REQ_ID=5391e2b693c3] [LIFECYCLE][START] GET https://www.mymiwallet.com/index.php/API/Management/Run-CRON-Tasks

[1 occurrence(s)]
DEBUG --> [REQ_ID=5391e2b693c3] [REQUEST][END]

[1 occurrence(s)]
DEBUG --> LOG_HEALTHCHECK debug marker=bfea7dfe8acb

[1 occurrence(s)]
DEBUG --> [REQ_ID=8455d5fac92e] [REQUEST][START] GET /index.php/Profile

[1 occurrence(s)]
DEBUG --> [REQ_ID=8455d5fac92e] [FILTER_BEFORE] /index.php/Profile

[1 occurrence(s)]
DEBUG --> [REQ_ID=8455d5fac92e] [ROUTE] Controller=\App\Controllers\App\Modules\User\Controllers\DashboardController Method=profile

[1 occurrence(s)]
DEBUG --> [REQ_ID=8455d5fac92e] [LIFECYCLE][START] GET https://www.mymiwallet.com/index.php/Profile

[1 occurrence(s)]
DEBUG --> [CSRF] token name=csrf_test_name hash=719690592888a17eaf6b6f8d064100ef

[1 occurrence(s)]
DEBUG --> [REQ_ID=8455d5fac92e] [REQUEST][END]

[1 occurrence(s)]
DEBUG --> [REQ_ID=1289820aa8d3] [REQUEST][START] GET /index.php/login

[1 occurrence(s)]
DEBUG --> [REQ_ID=1289820aa8d3] [FILTER_BEFORE] /index.php/login

[1 occurrence(s)]
DEBUG --> [REQ_ID=1289820aa8d3] [ROUTE] Controller=\App\Controllers\AuthController Method=login

[1 occurrence(s)]
DEBUG --> [REQ_ID=1289820aa8d3] [LIFECYCLE][START] GET https://www.mymiwallet.com/index.php/login

[1 occurrence(s)]
DEBUG --> [CSRF] token name=csrf_test_name hash=27c4a958f00ad99c2205d40726d410c7

[1 occurrence(s)]
DEBUG --> [REQ_ID=a1522ff72158] [INIT] App\Controllers\AuthController::GET

[1 occurrence(s)]
DEBUG --> [REQ_ID=1289820aa8d3] [FILTER_AFTER]

[1 occurrence(s)]
DEBUG --> [REQ_ID=1289820aa8d3] [LIFECYCLE][END] status=200 duration_ms=134.75 memory_delta=0

[1 occurrence(s)]
DEBUG --> [REQ_ID=1289820aa8d3] [REQUEST][END]

[1 occurrence(s)]
DEBUG --> [REQ_ID=5e2869435a08] [REQUEST][START] GET /index.php/API/Alerts/fetchEmailAlerts

[1 occurrence(s)]
DEBUG --> [REQ_ID=5e2869435a08] [FILTER_BEFORE] /index.php/API/Alerts/fetchEmailAlerts

[1 occurrence(s)]
DEBUG --> [REQ_ID=5e2869435a08] [ROUTE] Controller=\App\Modules\APIs\Controllers\AlertsAPIController Method=fetchEmailAlerts

[1 occurrence(s)]
DEBUG --> [REQ_ID=5e2869435a08] [LIFECYCLE][START] GET https://www.mymiwallet.com/index.php/API/Alerts/fetchEmailAlerts

[1 occurrence(s)]
DEBUG --> [REQ_ID=5e2869435a08] [REQUEST][END]

[1 occurrence(s)]
DEBUG --> [REQ_ID=bef4628dc767] [REQUEST][START] GET /index.php/Budget/Financial-Forecaster

[1 occurrence(s)]
DEBUG --> [REQ_ID=bef4628dc767] [FILTER_BEFORE] /index.php/Budget/Financial-Forecaster

[1 occurrence(s)]
DEBUG --> [REQ_ID=bef4628dc767] [ROUTE] Controller=\App\Modules\User\Controllers\BudgetController Method=financialForecaster

[1 occurrence(s)]
DEBUG --> [REQ_ID=bef4628dc767] [LIFECYCLE][START] GET https://www.mymiwallet.com/index.php/Budget/Financial-Forecaster

[1 occurrence(s)]
DEBUG --> [CSRF] token name=csrf_test_name hash=a0085873434fa0b8048977f03bafe2ca

[1 occurrence(s)]
DEBUG --> [REQ_ID=bef4628dc767] [REQUEST][END]

[1 occurrence(s)]
DEBUG --> [REQ_ID=d783701c0800] [REQUEST][START] GET /index.php/login

[1 occurrence(s)]
DEBUG --> [REQ_ID=d783701c0800] [FILTER_BEFORE] /index.php/login

[1 occurrence(s)]
DEBUG --> [REQ_ID=d783701c0800] [ROUTE] Controller=\App\Controllers\AuthController Method=login

[1 occurrence(s)]
DEBUG --> [REQ_ID=d783701c0800] [LIFECYCLE][START] GET https://www.mymiwallet.com/index.php/login

[1 occurrence(s)]
DEBUG --> [CSRF] token name=csrf_test_name hash=9029276792a2fa243ce3f7bee78e2f6e

[1 occurrence(s)]
DEBUG --> [REQ_ID=b3c465219bbb] [INIT] App\Controllers\AuthController::GET

[1 occurrence(s)]
DEBUG --> [REQ_ID=d783701c0800] [FILTER_AFTER]

[1 occurrence(s)]
DEBUG --> [REQ_ID=d783701c0800] [LIFECYCLE][END] status=200 duration_ms=55.18 memory_delta=0

[1 occurrence(s)]
DEBUG --> [REQ_ID=d783701c0800] [REQUEST][END]

[1 occurrence(s)]
DEBUG --> [REQ_ID=4f7f6f1a1993] [REQUEST][START] GET /index.php/Account/Social-Media

[1 occurrence(s)]
DEBUG --> [REQ_ID=4f7f6f1a1993] [FILTER_BEFORE] /index.php/Account/Social-Media

[1 occurrence(s)]
DEBUG --> [REQ_ID=4f7f6f1a1993] [ROUTE] Controller=\App\Modules\User\Controllers\DashboardController Method=SocialMedia

[1 occurrence(s)]
DEBUG --> [REQ_ID=4f7f6f1a1993] [LIFECYCLE][START] GET https://www.mymiwallet.com/index.php/Account/Social-Media

[1 occurrence(s)]
DEBUG --> [CSRF] token name=csrf_test_name hash=ebca577467f0462c2809e5f9276016b8

[1 occurrence(s)]
DEBUG --> [REQ_ID=4f7f6f1a1993] [REQUEST][END]

[1 occurrence(s)]
DEBUG --> [REQ_ID=695efb8bfdf0] [REQUEST][START] GET /index.php/login

[1 occurrence(s)]
DEBUG --> [REQ_ID=695efb8bfdf0] [FILTER_BEFORE] /index.php/login

[1 occurrence(s)]
DEBUG --> [REQ_ID=695efb8bfdf0] [ROUTE] Controller=\App\Controllers\AuthController Method=login

[1 occurrence(s)]
DEBUG --> [REQ_ID=695efb8bfdf0] [LIFECYCLE][START] GET https://www.mymiwallet.com/index.php/login

[1 occurrence(s)]
DEBUG --> [CSRF] token name=csrf_test_name hash=a3c0dff816b3b7c310abb3b8e23d3fc8

[1 occurrence(s)]
DEBUG --> [REQ_ID=ba1744adcd72] [INIT] App\Controllers\AuthController::GET

[1 occurrence(s)]
DEBUG --> [REQ_ID=695efb8bfdf0] [FILTER_AFTER]

[1 occurrence(s)]
DEBUG --> [REQ_ID=695efb8bfdf0] [LIFECYCLE][END] status=200 duration_ms=201.09 memory_delta=0

[1 occurrence(s)]
DEBUG --> [REQ_ID=695efb8bfdf0] [REQUEST][END]

[1 occurrence(s)]
DEBUG --> [REQ_ID=4d56f2eb8271] [REQUEST][START] GET /

[1 occurrence(s)]
DEBUG --> [REQ_ID=4d56f2eb8271] [FILTER_BEFORE] /

[1 occurrence(s)]
DEBUG --> [REQ_ID=4d56f2eb8271] [ROUTE] Controller=\App\Controllers\Home Method=index

[1 occurrence(s)]
DEBUG --> [REQ_ID=4d56f2eb8271] [LIFECYCLE][START] GET https://www.mymiwallet.com/index.php/

[1 occurrence(s)]
DEBUG --> [CSRF] token name=csrf_test_name hash=a2952b718b8b7ad77062b3caf03c5c89

[1 occurrence(s)]
DEBUG --> [REQ_ID=ab82c94f5eb0] [INIT] App\Controllers\Home::GET

[1 occurrence(s)]
DEBUG --> [REQ_ID=ab82c94f5eb0] [VIEW_RENDER] themes/public/home

[1 occurrence(s)]
DEBUG --> [REQ_ID=4d56f2eb8271] [FILTER_AFTER]

[1 occurrence(s)]
DEBUG --> [REQ_ID=4d56f2eb8271] [LIFECYCLE][END] status=200 duration_ms=634.42 memory_delta=4194304

[1 occurrence(s)]
DEBUG --> [REQ_ID=4d56f2eb8271] [REQUEST][END]

[1 occurrence(s)]
DEBUG --> [REQ_ID=a2996dcc300e] [REQUEST][START] GET /index.php/Investments

[1 occurrence(s)]
DEBUG --> [REQ_ID=a2996dcc300e] [FILTER_BEFORE] /index.php/Investments

[1 occurrence(s)]
DEBUG --> [REQ_ID=a2996dcc300e] [ROUTE] Controller=\App\Modules\User\Controllers\InvestmentsController Method=index

[1 occurrence(s)]
DEBUG --> [REQ_ID=a2996dcc300e] [LIFECYCLE][START] GET https://www.mymiwallet.com/index.php/Investments

[1 occurrence(s)]
DEBUG --> [CSRF] token name=csrf_test_name hash=4210790756215b599eccf11578085fc6

[1 occurrence(s)]
DEBUG --> [REQ_ID=a2996dcc300e] [REQUEST][END]

[1 occurrence(s)]
DEBUG --> [REQ_ID=35ba79f22c06] [REQUEST][START] GET /index.php/login

[1 occurrence(s)]
DEBUG --> [REQ_ID=35ba79f22c06] [FILTER_BEFORE] /index.php/login

[1 occurrence(s)]
DEBUG --> [REQ_ID=35ba79f22c06] [ROUTE] Controller=\App\Controllers\AuthController Method=login

[1 occurrence(s)]
DEBUG --> [REQ_ID=35ba79f22c06] [LIFECYCLE][START] GET https://www.mymiwallet.com/index.php/login

[1 occurrence(s)]
DEBUG --> [CSRF] token name=csrf_test_name hash=60a006c2f1f86d95e36f231d302295ce

[1 occurrence(s)]
DEBUG --> [REQ_ID=e6720cac6102] [INIT] App\Controllers\AuthController::GET

[1 occurrence(s)]
DEBUG --> [REQ_ID=35ba79f22c06] [FILTER_AFTER]

[1 occurrence(s)]
DEBUG --> [REQ_ID=35ba79f22c06] [LIFECYCLE][END] status=200 duration_ms=132.33 memory_delta=0

[1 occurrence(s)]
DEBUG --> [REQ_ID=35ba79f22c06] [REQUEST][END]

[1 occurrence(s)]
DEBUG --> [REQ_ID=fb1c85192de9] [REQUEST][START] GET /index.php/Budget/Financial-Analysis

[1 occurrence(s)]
DEBUG --> [REQ_ID=fb1c85192de9] [FILTER_BEFORE] /index.php/Budget/Financial-Analysis

[1 occurrence(s)]
DEBUG --> [REQ_ID=fb1c85192de9] [ROUTE] Controller=\App\Modules\User\Controllers\BudgetController Method=financialAnalysis

[1 occurrence(s)]
DEBUG --> [REQ_ID=fb1c85192de9] [LIFECYCLE][START] GET https://www.mymiwallet.com/index.php/Budget/Financial-Analysis

[1 occurrence(s)]
DEBUG --> [CSRF] token name=csrf_test_name hash=0a5ea823678c07f1a29827bd10d6976b

[1 occurrence(s)]
DEBUG --> [REQ_ID=fb1c85192de9] [REQUEST][END]

[1 occurrence(s)]
DEBUG --> [REQ_ID=56f7a8a30f0e] [REQUEST][START] GET /index.php/login

[1 occurrence(s)]
DEBUG --> [REQ_ID=56f7a8a30f0e] [FILTER_BEFORE] /index.php/login

[1 occurrence(s)]
DEBUG --> [REQ_ID=56f7a8a30f0e] [ROUTE] Controller=\App\Controllers\AuthController Method=login

[1 occurrence(s)]
DEBUG --> [REQ_ID=56f7a8a30f0e] [LIFECYCLE][START] GET https://www.mymiwallet.com/index.php/login

[1 occurrence(s)]
DEBUG --> [CSRF] token name=csrf_test_name hash=73de1f5042473ded6eabac2a6f1a1209

[1 occurrence(s)]
DEBUG --> [REQ_ID=a46c8493514f] [INIT] App\Controllers\AuthController::GET

[1 occurrence(s)]
DEBUG --> [REQ_ID=56f7a8a30f0e] [FILTER_AFTER]

[1 occurrence(s)]
DEBUG --> [REQ_ID=56f7a8a30f0e] [LIFECYCLE][END] status=200 duration_ms=34.32 memory_delta=0

[1 occurrence(s)]
DEBUG --> [REQ_ID=56f7a8a30f0e] [REQUEST][END]

[1 occurrence(s)]
DEBUG --> [REQ_ID=dae6f6cacd16] [REQUEST][START] GET /index.php/MyMI-Gold/Goals/Daily

[1 occurrence(s)]
DEBUG --> [REQ_ID=dae6f6cacd16] [FILTER_BEFORE] /index.php/MyMI-Gold/Goals/Daily

[1 occurrence(s)]
DEBUG --> [REQ_ID=dae6f6cacd16] [ROUTE] Controller=\App\Modules\User\Controllers\DashboardController Method=goals

[1 occurrence(s)]
DEBUG --> [REQ_ID=dae6f6cacd16] [LIFECYCLE][START] GET https://www.mymiwallet.com/index.php/MyMI-Gold/Goals/Daily

[1 occurrence(s)]
DEBUG --> [CSRF] token name=csrf_test_name hash=5fa54a6a298e9fb778b9c0e423044604

[1 occurrence(s)]
DEBUG --> [REQ_ID=dae6f6cacd16] [REQUEST][END]

[1 occurrence(s)]
DEBUG --> [REQ_ID=d50fc4655b82] [REQUEST][START] GET /

[1 occurrence(s)]
DEBUG --> [REQ_ID=d50fc4655b82] [FILTER_BEFORE] /

[1 occurrence(s)]
DEBUG --> [REQ_ID=d50fc4655b82] [ROUTE] Controller=\App\Controllers\Home Method=index

[1 occurrence(s)]
DEBUG --> [REQ_ID=d50fc4655b82] [LIFECYCLE][START] GET https://www.mymiwallet.com/index.php/

[1 occurrence(s)]
DEBUG --> [CSRF] token name=csrf_test_name hash=a6bf988b1934d54a3df6cb835e0bb9e8

[1 occurrence(s)]
DEBUG --> [REQ_ID=df49bdfb89fa] [INIT] App\Controllers\Home::GET

[1 occurrence(s)]
DEBUG --> [REQ_ID=df49bdfb89fa] [VIEW_RENDER] themes/public/home

[1 occurrence(s)]
DEBUG --> [REQ_ID=d50fc4655b82] [FILTER_AFTER]

[1 occurrence(s)]
DEBUG --> [REQ_ID=d50fc4655b82] [LIFECYCLE][END] status=200 duration_ms=666.42 memory_delta=4194304

[1 occurrence(s)]
DEBUG --> [REQ_ID=d50fc4655b82] [REQUEST][END]

[1 occurrence(s)]
DEBUG --> [REQ_ID=51e1125fd316] [REQUEST][START] GET /index.php/API/Management/Run-CRON-Tasks

[1 occurrence(s)]
DEBUG --> [REQ_ID=51e1125fd316] [FILTER_BEFORE] /index.php/API/Management/Run-CRON-Tasks

[1 occurrence(s)]
DEBUG --> [REQ_ID=51e1125fd316] [ROUTE] Controller=\App\Modules\Management\Controllers\ManagementAPIController Method=Run_CRON_Tasks

[1 occurrence(s)]
DEBUG --> [REQ_ID=51e1125fd316] [LIFECYCLE][START] GET https://www.mymiwallet.com/index.php/API/Management/Run-CRON-Tasks

[1 occurrence(s)]
DEBUG --> [REQ_ID=51e1125fd316] [REQUEST][END]

[1 occurrence(s)]
DEBUG --> [REQ_ID=fb661a1edeb5] [REQUEST][START] GET /index.php/Premium-Features/Advanced-Trade-Tracker

[1 occurrence(s)]
DEBUG --> [REQ_ID=5eee4a40b839] [REQUEST][START] GET /index.php/Management/Marketing/Promote/Solana

[1 occurrence(s)]
DEBUG --> [REQ_ID=5eee4a40b839] [FILTER_BEFORE] /index.php/Management/Marketing/Promote/Solana

[1 occurrence(s)]
DEBUG --> [REQ_ID=5eee4a40b839] [ROUTE] Controller=\App\Modules\Management\Controllers\MarketingAdminController Method=promote

[1 occurrence(s)]
DEBUG --> [REQ_ID=5eee4a40b839] [LIFECYCLE][START] GET https://www.mymiwallet.com/index.php/Management/Marketing/Promote/Solana

[1 occurrence(s)]
DEBUG --> [CSRF] token name=csrf_test_name hash=5f9db11dadcea7aaf59484d659d2335d

[1 occurrence(s)]
DEBUG --> [REQ_ID=5eee4a40b839] [REQUEST][END]

[1 occurrence(s)]
DEBUG --> [REQ_ID=781bf237575a] [REQUEST][START] GET /index.php/API/Alerts/fetchEmailAlerts

[1 occurrence(s)]
DEBUG --> [REQ_ID=781bf237575a] [FILTER_BEFORE] /index.php/API/Alerts/fetchEmailAlerts

[1 occurrence(s)]
DEBUG --> [REQ_ID=781bf237575a] [ROUTE] Controller=\App\Modules\APIs\Controllers\AlertsAPIController Method=fetchEmailAlerts

[1 occurrence(s)]
DEBUG --> [REQ_ID=781bf237575a] [LIFECYCLE][START] GET https://www.mymiwallet.com/index.php/API/Alerts/fetchEmailAlerts

[1 occurrence(s)]
DEBUG --> [REQ_ID=781bf237575a] [REQUEST][END]

[1 occurrence(s)]
DEBUG --> [REQ_ID=f129d669f9ba] [REQUEST][START] GET /

[1 occurrence(s)]
DEBUG --> [REQ_ID=f129d669f9ba] [FILTER_BEFORE] /

[1 occurrence(s)]
DEBUG --> [REQ_ID=f129d669f9ba] [ROUTE] Controller=\App\Controllers\Home Method=index

[1 occurrence(s)]
DEBUG --> [REQ_ID=f129d669f9ba] [LIFECYCLE][START] GET https://www.mymiwallet.com/index.php/

[1 occurrence(s)]
DEBUG --> [CSRF] token name=csrf_test_name hash=3408c5d23078991940cbc79e3d8af710

[1 occurrence(s)]
DEBUG --> [REQ_ID=1f089b37dd00] [INIT] App\Controllers\Home::GET

[1 occurrence(s)]
DEBUG --> [REQ_ID=1f089b37dd00] [VIEW_RENDER] themes/public/home

[1 occurrence(s)]
DEBUG --> [REQ_ID=f129d669f9ba] [FILTER_AFTER]

[1 occurrence(s)]
DEBUG --> [REQ_ID=f129d669f9ba] [LIFECYCLE][END] status=200 duration_ms=590.75 memory_delta=4194304

[1 occurrence(s)]
DEBUG --> [REQ_ID=f129d669f9ba] [REQUEST][END]

[1 occurrence(s)]
DEBUG --> [REQ_ID=141a85ed8358] [REQUEST][START] GET /index.php/Management/Exchange

[1 occurrence(s)]
DEBUG --> [REQ_ID=141a85ed8358] [FILTER_BEFORE] /index.php/Management/Exchange

[1 occurrence(s)]
DEBUG --> [REQ_ID=141a85ed8358] [ROUTE] Controller=\App\Modules\Management\Controllers\ExchangeAdminController Method=index

[1 occurrence(s)]
DEBUG --> [REQ_ID=141a85ed8358] [LIFECYCLE][START] GET https://www.mymiwallet.com/index.php/Management/Exchange

[1 occurrence(s)]
DEBUG --> [CSRF] token name=csrf_test_name hash=ab33c14ee2bd126855351030ce16e38c

[1 occurrence(s)]
DEBUG --> [REQ_ID=141a85ed8358] [REQUEST][END]

[1 occurrence(s)]
DEBUG --> [REQ_ID=7c65b807f262] [REQUEST][START] GET /index.php/Management/Marketing/Blog-Creator

[1 occurrence(s)]
DEBUG --> [REQ_ID=7c65b807f262] [FILTER_BEFORE] /index.php/Management/Marketing/Blog-Creator

[1 occurrence(s)]
DEBUG --> [REQ_ID=7c65b807f262] [ROUTE] Controller=\App\Modules\Management\Controllers\MarketingAdminController Method=blogCreator

[1 occurrence(s)]
DEBUG --> [REQ_ID=7c65b807f262] [LIFECYCLE][START] GET https://www.mymiwallet.com/index.php/Management/Marketing/Blog-Creator

[1 occurrence(s)]
DEBUG --> [CSRF] token name=csrf_test_name hash=e6e6e26530a12686d1177a9e78dac051

[1 occurrence(s)]
DEBUG --> [REQ_ID=7c65b807f262] [REQUEST][END]

[1 occurrence(s)]
DEBUG --> [REQ_ID=3b35b7866963] [REQUEST][START] GET /index.php/How-It-Works/Personal-Budgeting

[1 occurrence(s)]
DEBUG --> [REQ_ID=3b35b7866963] [FILTER_BEFORE] /index.php/How-It-Works/Personal-Budgeting

[1 occurrence(s)]
DEBUG --> [REQ_ID=3b35b7866963] [ROUTE] Controller=\App\Modules\Blog\Controllers\HowItWorksController Method=show

[1 occurrence(s)]
DEBUG --> [REQ_ID=3b35b7866963] [LIFECYCLE][START] GET https://www.mymiwallet.com/index.php/How-It-Works/Personal-Budgeting

[3 occurrence(s)]
DEBUG --> [CSRF] token name=csrf_test_name hash=3abfdfe928823839c2d9f6be9f5b3b1f

[1 occurrence(s)]
DEBUG --> [REQ_ID=48e9c66b64b8] [INIT] App\Modules\Blog\Controllers\HowItWorksController::GET

[1 occurrence(s)]
DEBUG --> [REQ_ID=48e9c66b64b8] [METHOD_ENTRY] show

[1 occurrence(s)]
DEBUG --> [REQ_ID=48e9c66b64b8] [VIEW_RENDER] App\Modules\Blog\Views\HowItWorks\Personal_Budgeting

[1 occurrence(s)]
DEBUG --> [REQ_ID=3b35b7866963] [FILTER_AFTER]

[1 occurrence(s)]
DEBUG --> [REQ_ID=3b35b7866963] [LIFECYCLE][END] status=200 duration_ms=1,230.24 memory_delta=8388608

[1 occurrence(s)]
DEBUG --> [REQ_ID=3b35b7866963] [REQUEST][END]

[1 occurrence(s)]
DEBUG --> [REQ_ID=3e3a4972c6c2] [REQUEST][START] GET /index.php/How-It-Works/Personal-Budgeting

[1 occurrence(s)]
DEBUG --> [REQ_ID=3e3a4972c6c2] [FILTER_BEFORE] /index.php/How-It-Works/Personal-Budgeting

[1 occurrence(s)]
DEBUG --> [REQ_ID=3e3a4972c6c2] [ROUTE] Controller=\App\Modules\Blog\Controllers\HowItWorksController Method=show

[1 occurrence(s)]
DEBUG --> [REQ_ID=3e3a4972c6c2] [LIFECYCLE][START] GET https://www.mymiwallet.com/index.php/How-It-Works/Personal-Budgeting

[1 occurrence(s)]
DEBUG --> [REQ_ID=17749c31cabb] [INIT] App\Modules\Blog\Controllers\HowItWorksController::GET

[1 occurrence(s)]
DEBUG --> [REQ_ID=17749c31cabb] [METHOD_ENTRY] show

[1 occurrence(s)]
DEBUG --> [REQ_ID=17749c31cabb] [VIEW_RENDER] App\Modules\Blog\Views\HowItWorks\Personal_Budgeting

[1 occurrence(s)]
DEBUG --> [REQ_ID=3e3a4972c6c2] [FILTER_AFTER]

[1 occurrence(s)]
DEBUG --> [REQ_ID=3e3a4972c6c2] [LIFECYCLE][END] status=200 duration_ms=1,188.25 memory_delta=8388608

[1 occurrence(s)]
DEBUG --> [REQ_ID=3e3a4972c6c2] [REQUEST][END]

[1 occurrence(s)]
DEBUG --> [REQ_ID=e732233a41bf] [REQUEST][START] GET /index.php/How-It-Works/Personal-Budgeting

[1 occurrence(s)]
DEBUG --> [REQ_ID=e732233a41bf] [FILTER_BEFORE] /index.php/How-It-Works/Personal-Budgeting

[1 occurrence(s)]
DEBUG --> [REQ_ID=e732233a41bf] [ROUTE] Controller=\App\Modules\Blog\Controllers\HowItWorksController Method=show

[1 occurrence(s)]
DEBUG --> [REQ_ID=e732233a41bf] [LIFECYCLE][START] GET https://www.mymiwallet.com/index.php/How-It-Works/Personal-Budgeting

[1 occurrence(s)]
DEBUG --> [REQ_ID=46aef3edcaac] [INIT] App\Modules\Blog\Controllers\HowItWorksController::GET

[1 occurrence(s)]
DEBUG --> [REQ_ID=46aef3edcaac] [METHOD_ENTRY] show

[1 occurrence(s)]
DEBUG --> [REQ_ID=46aef3edcaac] [VIEW_RENDER] App\Modules\Blog\Views\HowItWorks\Personal_Budgeting

[1 occurrence(s)]
DEBUG --> [REQ_ID=e732233a41bf] [FILTER_AFTER]

[1 occurrence(s)]
DEBUG --> [REQ_ID=e732233a41bf] [LIFECYCLE][END] status=200 duration_ms=1,088.57 memory_delta=4194304

[1 occurrence(s)]
DEBUG --> [REQ_ID=e732233a41bf] [REQUEST][END]

[1 occurrence(s)]
DEBUG --> [REQ_ID=36bf396bf8e0] [REQUEST][START] GET /index.php/API/Management/Run-CRON-Tasks

[1 occurrence(s)]
DEBUG --> [REQ_ID=36bf396bf8e0] [FILTER_BEFORE] /index.php/API/Management/Run-CRON-Tasks

[1 occurrence(s)]
DEBUG --> [REQ_ID=36bf396bf8e0] [ROUTE] Controller=\App\Modules\Management\Controllers\ManagementAPIController Method=Run_CRON_Tasks

[1 occurrence(s)]
DEBUG --> [REQ_ID=36bf396bf8e0] [LIFECYCLE][START] GET https://www.mymiwallet.com/index.php/API/Management/Run-CRON-Tasks

[1 occurrence(s)]
DEBUG --> [REQ_ID=36bf396bf8e0] [REQUEST][END]

[1 occurrence(s)]
DEBUG --> LOG_HEALTHCHECK debug marker=3f06af5cf0e7

[1 occurrence(s)]
DEBUG --> [REQ_ID=2ec3e7bf6060] [REQUEST][START] GET /index.php/Investments

[1 occurrence(s)]
DEBUG --> [REQ_ID=2ec3e7bf6060] [FILTER_BEFORE] /index.php/Investments

[1 occurrence(s)]
DEBUG --> [REQ_ID=2ec3e7bf6060] [ROUTE] Controller=\App\Modules\User\Controllers\InvestmentsController Method=index

[1 occurrence(s)]
DEBUG --> [REQ_ID=2ec3e7bf6060] [LIFECYCLE][START] GET https://www.mymiwallet.com/index.php/Investments

[1 occurrence(s)]
DEBUG --> [CSRF] token name=csrf_test_name hash=0bf9b6c5b7f48b63d7c8fdc880e37d4d

[1 occurrence(s)]
DEBUG --> [REQ_ID=2ec3e7bf6060] [REQUEST][END]

[1 occurrence(s)]
DEBUG --> [REQ_ID=74db45059d24] [REQUEST][START] GET /index.php/login

[1 occurrence(s)]
DEBUG --> [REQ_ID=74db45059d24] [FILTER_BEFORE] /index.php/login

[1 occurrence(s)]
DEBUG --> [REQ_ID=74db45059d24] [ROUTE] Controller=\App\Controllers\AuthController Method=login

[1 occurrence(s)]
DEBUG --> [REQ_ID=74db45059d24] [LIFECYCLE][START] GET https://www.mymiwallet.com/index.php/login

[1 occurrence(s)]
DEBUG --> [CSRF] token name=csrf_test_name hash=74171cac4c57de726386f82316a75876

[1 occurrence(s)]
DEBUG --> [REQ_ID=0fd9cf8fc136] [INIT] App\Controllers\AuthController::GET

[1 occurrence(s)]
DEBUG --> [REQ_ID=74db45059d24] [FILTER_AFTER]

[1 occurrence(s)]
DEBUG --> [REQ_ID=74db45059d24] [LIFECYCLE][END] status=200 duration_ms=61.52 memory_delta=0

[1 occurrence(s)]
DEBUG --> [REQ_ID=74db45059d24] [REQUEST][END]

[1 occurrence(s)]
DEBUG --> [REQ_ID=893b5525f515] [REQUEST][START] GET /index.php/Premium-Features/Wallets

[1 occurrence(s)]
DEBUG --> [REQ_ID=aa47592b329b] [REQUEST][START] GET /index.php/logout

[1 occurrence(s)]
DEBUG --> [REQ_ID=aa47592b329b] [FILTER_BEFORE] /index.php/logout

[1 occurrence(s)]
DEBUG --> [REQ_ID=aa47592b329b] [ROUTE] Controller=\App\Controllers\AuthController Method=logout

[1 occurrence(s)]
DEBUG --> [REQ_ID=aa47592b329b] [LIFECYCLE][START] GET https://www.mymiwallet.com/index.php/logout

[1 occurrence(s)]
DEBUG --> [CSRF] token name=csrf_test_name hash=eb241354767ee9abf49927d511ffdd47

[1 occurrence(s)]
DEBUG --> [REQ_ID=aa47592b329b] [REQUEST][END]

[1 occurrence(s)]
DEBUG --> [REQ_ID=4dc28b8b7c06] [REQUEST][START] GET /index.php/Purchase/MyMIGold

[1 occurrence(s)]
DEBUG --> [REQ_ID=8203423d1cd9] [REQUEST][START] GET /index.php/login

[1 occurrence(s)]
DEBUG --> [REQ_ID=8203423d1cd9] [FILTER_BEFORE] /index.php/login

[1 occurrence(s)]
DEBUG --> [REQ_ID=8203423d1cd9] [ROUTE] Controller=\App\Controllers\AuthController Method=login

[1 occurrence(s)]
DEBUG --> [REQ_ID=8203423d1cd9] [LIFECYCLE][START] GET https://www.mymiwallet.com/index.php/login

[1 occurrence(s)]
DEBUG --> [CSRF] token name=csrf_test_name hash=796a7e209fedb4355ba4ffb239448f86

[1 occurrence(s)]
DEBUG --> [REQ_ID=bf6e85f9cdcc] [INIT] App\Controllers\AuthController::GET

[1 occurrence(s)]
DEBUG --> [REQ_ID=8203423d1cd9] [FILTER_AFTER]

[1 occurrence(s)]
DEBUG --> [REQ_ID=8203423d1cd9] [LIFECYCLE][END] status=200 duration_ms=142.61 memory_delta=0

[1 occurrence(s)]
DEBUG --> [REQ_ID=8203423d1cd9] [REQUEST][END]

[1 occurrence(s)]
DEBUG --> [REQ_ID=7c61afddb33d] [REQUEST][START] GET /index.php/How-It-Works/Purchase-MyMI-Gold

[1 occurrence(s)]
DEBUG --> [REQ_ID=7c61afddb33d] [FILTER_BEFORE] /index.php/How-It-Works/Purchase-MyMI-Gold

[1 occurrence(s)]
DEBUG --> [REQ_ID=7c61afddb33d] [ROUTE] Controller=\App\Modules\Blog\Controllers\HowItWorksController Method=show

[1 occurrence(s)]
DEBUG --> [REQ_ID=7c61afddb33d] [LIFECYCLE][START] GET https://www.mymiwallet.com/index.php/How-It-Works/Purchase-MyMI-Gold

[1 occurrence(s)]
DEBUG --> [CSRF] token name=csrf_test_name hash=c9fdfa32ce5e9222639b2be8ef5a35fe

[1 occurrence(s)]
DEBUG --> [REQ_ID=3a8d5bacc869] [INIT] App\Modules\Blog\Controllers\HowItWorksController::GET

[1 occurrence(s)]
DEBUG --> [REQ_ID=3a8d5bacc869] [METHOD_ENTRY] show

[1 occurrence(s)]
DEBUG --> [REQ_ID=7c61afddb33d] [FILTER_AFTER]

[1 occurrence(s)]
DEBUG --> [REQ_ID=7c61afddb33d] [LIFECYCLE][END] status=404 duration_ms=178.36 memory_delta=0

[1 occurrence(s)]
DEBUG --> [REQ_ID=7c61afddb33d] [REQUEST][END]

[1 occurrence(s)]
DEBUG --> [REQ_ID=44922a83bcf2] [REQUEST][START] GET /index.php/Budget/Financial-Forecaster

[1 occurrence(s)]
DEBUG --> [REQ_ID=44922a83bcf2] [FILTER_BEFORE] /index.php/Budget/Financial-Forecaster

[1 occurrence(s)]
DEBUG --> [REQ_ID=44922a83bcf2] [ROUTE] Controller=\App\Modules\User\Controllers\BudgetController Method=financialForecaster

[1 occurrence(s)]
DEBUG --> [REQ_ID=44922a83bcf2] [LIFECYCLE][START] GET https://www.mymiwallet.com/index.php/Budget/Financial-Forecaster

[1 occurrence(s)]
DEBUG --> [CSRF] token name=csrf_test_name hash=f1b88e9e8e9217936f26bdbd98543c8e

[1 occurrence(s)]
DEBUG --> [REQ_ID=44922a83bcf2] [REQUEST][END]

[1 occurrence(s)]
DEBUG --> [REQ_ID=ea7531dd23b6] [REQUEST][START] GET /

[1 occurrence(s)]
DEBUG --> [REQ_ID=ea7531dd23b6] [FILTER_BEFORE] /

[1 occurrence(s)]
DEBUG --> [REQ_ID=ea7531dd23b6] [ROUTE] Controller=\App\Controllers\Home Method=index

[1 occurrence(s)]
DEBUG --> [REQ_ID=ea7531dd23b6] [LIFECYCLE][START] GET https://www.mymiwallet.com/index.php/

[1 occurrence(s)]
DEBUG --> [CSRF] token name=csrf_test_name hash=6792379d7a69568324ce5d3b0ad9f072

[1 occurrence(s)]
DEBUG --> [REQ_ID=cb601184f76b] [INIT] App\Controllers\Home::GET

[1 occurrence(s)]
DEBUG --> [REQ_ID=cb601184f76b] [VIEW_RENDER] themes/public/home

[1 occurrence(s)]
DEBUG --> [REQ_ID=ea7531dd23b6] [FILTER_AFTER]

[1 occurrence(s)]
DEBUG --> [REQ_ID=ea7531dd23b6] [LIFECYCLE][END] status=200 duration_ms=728.81 memory_delta=4194304

[1 occurrence(s)]
DEBUG --> [REQ_ID=ea7531dd23b6] [REQUEST][END]

[1 occurrence(s)]
DEBUG --> [REQ_ID=220fe1db5a96] [REQUEST][START] GET /index.php/API/Management/Run-CRON-Tasks

[1 occurrence(s)]
DEBUG --> [REQ_ID=220fe1db5a96] [FILTER_BEFORE] /index.php/API/Management/Run-CRON-Tasks

[1 occurrence(s)]
DEBUG --> [REQ_ID=220fe1db5a96] [ROUTE] Controller=\App\Modules\Management\Controllers\ManagementAPIController Method=Run_CRON_Tasks

[1 occurrence(s)]
DEBUG --> [REQ_ID=220fe1db5a96] [LIFECYCLE][START] GET https://www.mymiwallet.com/index.php/API/Management/Run-CRON-Tasks

[1 occurrence(s)]
DEBUG --> [REQ_ID=220fe1db5a96] [REQUEST][END]

[1 occurrence(s)]
DEBUG --> [REQ_ID=f7cf94454c88] [REQUEST][START] GET /index.php/Privacy-Policy

[1 occurrence(s)]
DEBUG --> [REQ_ID=f7cf94454c88] [FILTER_BEFORE] /index.php/Privacy-Policy

[1 occurrence(s)]
DEBUG --> [REQ_ID=f7cf94454c88] [ROUTE] Controller=\App\Controllers\Home Method=privacyPolicy

[1 occurrence(s)]
DEBUG --> [REQ_ID=f7cf94454c88] [LIFECYCLE][START] GET https://www.mymiwallet.com/index.php/Privacy-Policy

[1 occurrence(s)]
DEBUG --> [CSRF] token name=csrf_test_name hash=9ad32f0b09177e87c9e99f0cf4f00f30

[1 occurrence(s)]
DEBUG --> [REQ_ID=7f90dd279413] [INIT] App\Controllers\Home::GET

[1 occurrence(s)]
DEBUG --> [REQ_ID=7f90dd279413] [VIEW_RENDER] themes/public/privacyPolicy

[1 occurrence(s)]
DEBUG --> [REQ_ID=f7cf94454c88] [FILTER_AFTER]

[1 occurrence(s)]
DEBUG --> [REQ_ID=f7cf94454c88] [LIFECYCLE][END] status=200 duration_ms=623.31 memory_delta=4194304

[1 occurrence(s)]
DEBUG --> [REQ_ID=f7cf94454c88] [REQUEST][END]

[1 occurrence(s)]
DEBUG --> [REQ_ID=fd22ed485b37] [REQUEST][START] GET /index.php/Premium-Features/Advanced-Charting

[1 occurrence(s)]
DEBUG --> [REQ_ID=becec6fca448] [REQUEST][START] GET /index.php/Account/Notifications

[1 occurrence(s)]
DEBUG --> [REQ_ID=becec6fca448] [FILTER_BEFORE] /index.php/Account/Notifications

[1 occurrence(s)]
DEBUG --> [REQ_ID=becec6fca448] [ROUTE] Controller=\App\Modules\User\Controllers\DashboardController Method=notifications

[1 occurrence(s)]
DEBUG --> [REQ_ID=becec6fca448] [LIFECYCLE][START] GET https://www.mymiwallet.com/index.php/Account/Notifications

[1 occurrence(s)]
DEBUG --> [CSRF] token name=csrf_test_name hash=3f9a4d27273512643e1f0aa7c738c5e6

[1 occurrence(s)]
DEBUG --> [REQ_ID=becec6fca448] [REQUEST][END]

[1 occurrence(s)]
DEBUG --> [REQ_ID=b30de862a327] [REQUEST][START] GET /index.php/API/Alerts/fetchEmailAlerts

[1 occurrence(s)]
DEBUG --> [REQ_ID=b30de862a327] [FILTER_BEFORE] /index.php/API/Alerts/fetchEmailAlerts

[1 occurrence(s)]
DEBUG --> [REQ_ID=b30de862a327] [ROUTE] Controller=\App\Modules\APIs\Controllers\AlertsAPIController Method=fetchEmailAlerts

[1 occurrence(s)]
DEBUG --> [REQ_ID=b30de862a327] [LIFECYCLE][START] GET https://www.mymiwallet.com/index.php/API/Alerts/fetchEmailAlerts

[1 occurrence(s)]
DEBUG --> [REQ_ID=b30de862a327] [REQUEST][END]

[1 occurrence(s)]
DEBUG --> [REQ_ID=f3ee25b538a3] [REQUEST][START] GET /

[1 occurrence(s)]
DEBUG --> [REQ_ID=f3ee25b538a3] [FILTER_BEFORE] /

[1 occurrence(s)]
DEBUG --> [REQ_ID=f3ee25b538a3] [ROUTE] Controller=\App\Controllers\Home Method=index

[1 occurrence(s)]
DEBUG --> [REQ_ID=f3ee25b538a3] [LIFECYCLE][START] GET https://www.mymiwallet.com/index.php/

[1 occurrence(s)]
DEBUG --> [CSRF] token name=csrf_test_name hash=abd21a0f3e0fb05e5fe5c92ea6d8e46e

[1 occurrence(s)]
DEBUG --> [REQ_ID=18787f17b2f0] [INIT] App\Controllers\Home::GET

[1 occurrence(s)]
DEBUG --> [REQ_ID=18787f17b2f0] [VIEW_RENDER] themes/public/home

[1 occurrence(s)]
DEBUG --> [REQ_ID=f3ee25b538a3] [FILTER_AFTER]

[1 occurrence(s)]
DEBUG --> [REQ_ID=f3ee25b538a3] [LIFECYCLE][END] status=200 duration_ms=648.60 memory_delta=4194304

[1 occurrence(s)]
DEBUG --> [REQ_ID=f3ee25b538a3] [REQUEST][END]

[1 occurrence(s)]
DEBUG --> [REQ_ID=5c970f2e3ab5] [REQUEST][START] GET /index.php/Management/Marketing

[1 occurrence(s)]
DEBUG --> [REQ_ID=5c970f2e3ab5] [FILTER_BEFORE] /index.php/Management/Marketing

[1 occurrence(s)]
DEBUG --> [REQ_ID=5c970f2e3ab5] [ROUTE] Controller=\App\Modules\Management\Controllers\MarketingAdminController Method=index

[1 occurrence(s)]
DEBUG --> [REQ_ID=5c970f2e3ab5] [LIFECYCLE][START] GET https://www.mymiwallet.com/index.php/Management/Marketing

[1 occurrence(s)]
DEBUG --> [CSRF] token name=csrf_test_name hash=e5bb2a5ce92e4e084333df44eafa5a26

[1 occurrence(s)]
DEBUG --> [REQ_ID=5c970f2e3ab5] [REQUEST][END]

[1 occurrence(s)]
DEBUG --> [REQ_ID=23563a388a48] [REQUEST][START] GET /index.php/Support/Account

[1 occurrence(s)]
DEBUG --> [REQ_ID=23563a388a48] [FILTER_BEFORE] /index.php/Support/Account

[1 occurrence(s)]
DEBUG --> [REQ_ID=23563a388a48] [ROUTE] Controller=\App\Modules\Support\Controllers\AccountSupportController Method=index

[1 occurrence(s)]
DEBUG --> [REQ_ID=23563a388a48] [LIFECYCLE][START] GET https://www.mymiwallet.com/index.php/Support/Account

[1 occurrence(s)]
DEBUG --> [CSRF] token name=csrf_test_name hash=76eaf7688e952ae72c481ad0af6da027

[1 occurrence(s)]
DEBUG --> [REQ_ID=0c60eeb34d94] [INIT] App\Modules\Support\Controllers\AccountSupportController::GET

[1 occurrence(s)]
DEBUG --> [REQ_ID=0c60eeb34d94] [METHOD_ENTRY] index

[1 occurrence(s)]
DEBUG --> [REQ_ID=0c60eeb34d94] [VIEW_RENDER] SupportModule/Support/account_help

[1 occurrence(s)]
DEBUG --> [REQ_ID=23563a388a48] [FILTER_AFTER]

[1 occurrence(s)]
DEBUG --> [REQ_ID=23563a388a48] [LIFECYCLE][END] status=200 duration_ms=126.05 memory_delta=0

[1 occurrence(s)]
DEBUG --> [REQ_ID=23563a388a48] [REQUEST][END]

[1 occurrence(s)]
DEBUG --> [REQ_ID=2d95b62205ce] [REQUEST][START] GET /index.php/Wallets/Purchase/Memberships/Premium

[1 occurrence(s)]
DEBUG --> [REQ_ID=2d95b62205ce] [FILTER_BEFORE] /index.php/Wallets/Purchase/Memberships/Premium

[1 occurrence(s)]
DEBUG --> [REQ_ID=2d95b62205ce] [ROUTE] Controller=\App\Modules\User\Controllers\WalletsController Method=purchase

[1 occurrence(s)]
DEBUG --> [REQ_ID=2d95b62205ce] [LIFECYCLE][START] GET https://www.mymiwallet.com/index.php/Wallets/Purchase/Memberships/Premium

[1 occurrence(s)]
DEBUG --> [CSRF] token name=csrf_test_name hash=569ffa49a8768d0535459aaffc14defe

[1 occurrence(s)]
DEBUG --> [REQ_ID=2d95b62205ce] [REQUEST][END]

[1 occurrence(s)]
DEBUG --> [REQ_ID=a4ac71fe5d3e] [REQUEST][START] GET /index.php/login

[1 occurrence(s)]
DEBUG --> [REQ_ID=a4ac71fe5d3e] [FILTER_BEFORE] /index.php/login

[1 occurrence(s)]
DEBUG --> [REQ_ID=a4ac71fe5d3e] [ROUTE] Controller=\App\Controllers\AuthController Method=login

[1 occurrence(s)]
DEBUG --> [REQ_ID=a4ac71fe5d3e] [LIFECYCLE][START] GET https://www.mymiwallet.com/index.php/login

[1 occurrence(s)]
DEBUG --> [CSRF] token name=csrf_test_name hash=b34561966537d0e88da961807deacc7f

[1 occurrence(s)]
DEBUG --> [REQ_ID=5aa234456a81] [INIT] App\Controllers\AuthController::GET

[1 occurrence(s)]
DEBUG --> [REQ_ID=a4ac71fe5d3e] [FILTER_AFTER]

[1 occurrence(s)]
DEBUG --> [REQ_ID=a4ac71fe5d3e] [LIFECYCLE][END] status=200 duration_ms=25.52 memory_delta=0

[1 occurrence(s)]
DEBUG --> [REQ_ID=a4ac71fe5d3e] [REQUEST][END]

[1 occurrence(s)]
DEBUG --> [REQ_ID=a5a1a7c47e0c] [REQUEST][START] GET /

[1 occurrence(s)]
DEBUG --> [REQ_ID=a5a1a7c47e0c] [FILTER_BEFORE] /

[1 occurrence(s)]
DEBUG --> [REQ_ID=a5a1a7c47e0c] [ROUTE] Controller=\App\Controllers\Home Method=index

[1 occurrence(s)]
DEBUG --> [REQ_ID=a5a1a7c47e0c] [LIFECYCLE][START] GET https://www.mymiwallet.com/index.php/

[1 occurrence(s)]
DEBUG --> [CSRF] token name=csrf_test_name hash=b36c44d47f3ed31ca25d3cbdfda4f20a

[1 occurrence(s)]
DEBUG --> [REQ_ID=ba41d5e4f80a] [INIT] App\Controllers\Home::GET

[1 occurrence(s)]
DEBUG --> [REQ_ID=ba41d5e4f80a] [VIEW_RENDER] themes/public/home

[1 occurrence(s)]
DEBUG --> [REQ_ID=a5a1a7c47e0c] [FILTER_AFTER]

[1 occurrence(s)]
DEBUG --> [REQ_ID=a5a1a7c47e0c] [LIFECYCLE][END] status=200 duration_ms=651.20 memory_delta=4194304

[1 occurrence(s)]
DEBUG --> [REQ_ID=a5a1a7c47e0c] [REQUEST][END]

[1 occurrence(s)]
DEBUG --> [REQ_ID=e111c23998c8] [REQUEST][START] GET /index.php/API/Management/Run-CRON-Tasks

[1 occurrence(s)]
DEBUG --> [REQ_ID=e111c23998c8] [FILTER_BEFORE] /index.php/API/Management/Run-CRON-Tasks

[1 occurrence(s)]
DEBUG --> [REQ_ID=e111c23998c8] [ROUTE] Controller=\App\Modules\Management\Controllers\ManagementAPIController Method=Run_CRON_Tasks

[1 occurrence(s)]
DEBUG --> [REQ_ID=e111c23998c8] [LIFECYCLE][START] GET https://www.mymiwallet.com/index.php/API/Management/Run-CRON-Tasks

[1 occurrence(s)]
DEBUG --> [REQ_ID=e111c23998c8] [REQUEST][END]

[1 occurrence(s)]
DEBUG --> LOG_HEALTHCHECK debug marker=bdbf228e18d6

[1 occurrence(s)]
DEBUG --> [REQ_ID=4cfdaf79e882] [REQUEST][START] GET /

[1 occurrence(s)]
DEBUG --> [REQ_ID=4cfdaf79e882] [FILTER_BEFORE] /

[1 occurrence(s)]
DEBUG --> [REQ_ID=4cfdaf79e882] [ROUTE] Controller=\App\Controllers\Home Method=index

[1 occurrence(s)]
DEBUG --> [REQ_ID=4cfdaf79e882] [LIFECYCLE][START] GET https://www.mymiwallet.com/index.php/

[1 occurrence(s)]
DEBUG --> [CSRF] token name=csrf_test_name hash=c04bf8ba2e75dd1a4f39fcefe69844d4

[1 occurrence(s)]
DEBUG --> [REQ_ID=fee007c70239] [INIT] App\Controllers\Home::GET

[1 occurrence(s)]
DEBUG --> [REQ_ID=fee007c70239] [VIEW_RENDER] themes/public/home

[1 occurrence(s)]
DEBUG --> [REQ_ID=4cfdaf79e882] [FILTER_AFTER]

[1 occurrence(s)]
DEBUG --> [REQ_ID=4cfdaf79e882] [LIFECYCLE][END] status=200 duration_ms=739.65 memory_delta=4194304

[1 occurrence(s)]
DEBUG --> [REQ_ID=4cfdaf79e882] [REQUEST][END]

[1 occurrence(s)]
DEBUG --> [REQ_ID=ec5e2d42cb09] [REQUEST][START] GET /index.php/API/Alerts/fetchEmailAlerts

[1 occurrence(s)]
DEBUG --> [REQ_ID=ec5e2d42cb09] [FILTER_BEFORE] /index.php/API/Alerts/fetchEmailAlerts

[1 occurrence(s)]
DEBUG --> [REQ_ID=ec5e2d42cb09] [ROUTE] Controller=\App\Modules\APIs\Controllers\AlertsAPIController Method=fetchEmailAlerts

[1 occurrence(s)]
DEBUG --> [REQ_ID=ec5e2d42cb09] [LIFECYCLE][START] GET https://www.mymiwallet.com/index.php/API/Alerts/fetchEmailAlerts

[1 occurrence(s)]
DEBUG --> [REQ_ID=ec5e2d42cb09] [REQUEST][END]

[1 occurrence(s)]
DEBUG --> [REQ_ID=60b33f5afd65] [REQUEST][START] GET /index.php/Management/Marketing/Video-Creator

[1 occurrence(s)]
DEBUG --> [REQ_ID=60b33f5afd65] [FILTER_BEFORE] /index.php/Management/Marketing/Video-Creator

[1 occurrence(s)]
DEBUG --> [REQ_ID=60b33f5afd65] [ROUTE] Controller=\App\Modules\Management\Controllers\MarketingAdminController Method=videoCreator

[1 occurrence(s)]
DEBUG --> [REQ_ID=60b33f5afd65] [LIFECYCLE][START] GET https://www.mymiwallet.com/index.php/Management/Marketing/Video-Creator

[1 occurrence(s)]
DEBUG --> [CSRF] token name=csrf_test_name hash=a9e46936d26c91b5922d6b23ccb82fee

[1 occurrence(s)]
DEBUG --> [REQ_ID=60b33f5afd65] [REQUEST][END]

[1 occurrence(s)]
DEBUG --> [REQ_ID=109534f05abd] [REQUEST][START] GET /

[1 occurrence(s)]
DEBUG --> [REQ_ID=109534f05abd] [FILTER_BEFORE] /

[1 occurrence(s)]
DEBUG --> [REQ_ID=109534f05abd] [ROUTE] Controller=\App\Controllers\Home Method=index

[1 occurrence(s)]
DEBUG --> [REQ_ID=109534f05abd] [LIFECYCLE][START] GET https://www.mymiwallet.com/index.php/

[1 occurrence(s)]
DEBUG --> [CSRF] token name=csrf_test_name hash=1d7297779161bd71e4408099c6a03a97

[1 occurrence(s)]
DEBUG --> [REQ_ID=0ac95677b142] [INIT] App\Controllers\Home::GET

[1 occurrence(s)]
DEBUG --> [REQ_ID=0ac95677b142] [VIEW_RENDER] themes/public/home

[1 occurrence(s)]
DEBUG --> [REQ_ID=109534f05abd] [FILTER_AFTER]

[1 occurrence(s)]
DEBUG --> [REQ_ID=109534f05abd] [LIFECYCLE][END] status=200 duration_ms=654.16 memory_delta=4194304

[1 occurrence(s)]
DEBUG --> [REQ_ID=109534f05abd] [REQUEST][END]

[1 occurrence(s)]
DEBUG --> [REQ_ID=d64fd1c4ad7b] [REQUEST][START] GET /index.php/Wallets/Purchase/Memberships/Basic

[1 occurrence(s)]
DEBUG --> [REQ_ID=d64fd1c4ad7b] [FILTER_BEFORE] /index.php/Wallets/Purchase/Memberships/Basic

[1 occurrence(s)]
DEBUG --> [REQ_ID=d64fd1c4ad7b] [ROUTE] Controller=\App\Modules\User\Controllers\WalletsController Method=purchase

[1 occurrence(s)]
DEBUG --> [REQ_ID=d64fd1c4ad7b] [LIFECYCLE][START] GET https://www.mymiwallet.com/index.php/Wallets/Purchase/Memberships/Basic

[1 occurrence(s)]
DEBUG --> [CSRF] token name=csrf_test_name hash=c964d7d092a9294c87441a6d5035b17b

[1 occurrence(s)]
DEBUG --> [REQ_ID=d64fd1c4ad7b] [REQUEST][END]

[1 occurrence(s)]
DEBUG --> [REQ_ID=0a23d5dbc56f] [REQUEST][START] GET /index.php/Wallets/Purchase/Memberships/Pro

[1 occurrence(s)]
DEBUG --> [REQ_ID=0a23d5dbc56f] [FILTER_BEFORE] /index.php/Wallets/Purchase/Memberships/Pro

[1 occurrence(s)]
DEBUG --> [REQ_ID=0a23d5dbc56f] [ROUTE] Controller=\App\Modules\User\Controllers\WalletsController Method=purchase

[1 occurrence(s)]
DEBUG --> [REQ_ID=0a23d5dbc56f] [LIFECYCLE][START] GET https://www.mymiwallet.com/index.php/Wallets/Purchase/Memberships/Pro

[1 occurrence(s)]
DEBUG --> [CSRF] token name=csrf_test_name hash=f890cafaad0b2c0f3a7ac02493d8a23d

[1 occurrence(s)]
DEBUG --> [REQ_ID=0a23d5dbc56f] [REQUEST][END]

[1 occurrence(s)]
DEBUG --> [REQ_ID=648dffb536ad] [REQUEST][START] GET /index.php/login

[1 occurrence(s)]
DEBUG --> [REQ_ID=648dffb536ad] [FILTER_BEFORE] /index.php/login

[1 occurrence(s)]
DEBUG --> [REQ_ID=648dffb536ad] [ROUTE] Controller=\App\Controllers\AuthController Method=login

[1 occurrence(s)]
DEBUG --> [REQ_ID=648dffb536ad] [LIFECYCLE][START] GET https://www.mymiwallet.com/index.php/login

[1 occurrence(s)]
DEBUG --> [CSRF] token name=csrf_test_name hash=df37eb44c6236a1be2779873f6e6ad7e

[1 occurrence(s)]
DEBUG --> [REQ_ID=36d2fd7b2f59] [INIT] App\Controllers\AuthController::GET

[1 occurrence(s)]
DEBUG --> [REQ_ID=648dffb536ad] [FILTER_AFTER]

[1 occurrence(s)]
DEBUG --> [REQ_ID=648dffb536ad] [LIFECYCLE][END] status=200 duration_ms=61.68 memory_delta=0

[1 occurrence(s)]
DEBUG --> [REQ_ID=648dffb536ad] [REQUEST][END]

[1 occurrence(s)]
DEBUG --> [REQ_ID=0e9a5ed57bed] [REQUEST][START] GET /index.php/login

[1 occurrence(s)]
DEBUG --> [REQ_ID=0e9a5ed57bed] [FILTER_BEFORE] /index.php/login

[1 occurrence(s)]
DEBUG --> [REQ_ID=0e9a5ed57bed] [ROUTE] Controller=\App\Controllers\AuthController Method=login

[1 occurrence(s)]
DEBUG --> [REQ_ID=0e9a5ed57bed] [LIFECYCLE][START] GET https://www.mymiwallet.com/index.php/login

[1 occurrence(s)]
DEBUG --> [CSRF] token name=csrf_test_name hash=cd09bcbb6d6f52e7753e4d77ce44b123

[1 occurrence(s)]
DEBUG --> [REQ_ID=76126499cd27] [INIT] App\Controllers\AuthController::GET

[1 occurrence(s)]
DEBUG --> [REQ_ID=0e9a5ed57bed] [FILTER_AFTER]

[1 occurrence(s)]
DEBUG --> [REQ_ID=0e9a5ed57bed] [LIFECYCLE][END] status=200 duration_ms=18.99 memory_delta=0

[1 occurrence(s)]
DEBUG --> [REQ_ID=0e9a5ed57bed] [REQUEST][END]

[1 occurrence(s)]
DEBUG --> [REQ_ID=2df2941703d8] [REQUEST][START] GET /

[1 occurrence(s)]
DEBUG --> [REQ_ID=2df2941703d8] [FILTER_BEFORE] /

[1 occurrence(s)]
DEBUG --> [REQ_ID=2df2941703d8] [ROUTE] Controller=\App\Controllers\Home Method=index

[1 occurrence(s)]
DEBUG --> [REQ_ID=2df2941703d8] [LIFECYCLE][START] GET https://www.mymiwallet.com/index.php/

[1 occurrence(s)]
DEBUG --> [CSRF] token name=csrf_test_name hash=8878cc0b7a0540817b7e725d51905af9

[1 occurrence(s)]
DEBUG --> [REQ_ID=25fa2b46535a] [INIT] App\Controllers\Home::GET

[1 occurrence(s)]
DEBUG --> [REQ_ID=25fa2b46535a] [VIEW_RENDER] themes/public/home

[1 occurrence(s)]
DEBUG --> [REQ_ID=2df2941703d8] [FILTER_AFTER]

[1 occurrence(s)]
DEBUG --> [REQ_ID=2df2941703d8] [LIFECYCLE][END] status=200 duration_ms=624.04 memory_delta=4194304

[1 occurrence(s)]
DEBUG --> [REQ_ID=2df2941703d8] [REQUEST][END]

[1 occurrence(s)]
DEBUG --> [REQ_ID=3328b580bf71] [REQUEST][START] GET /index.php/Account/Connected-Accounts

[1 occurrence(s)]
DEBUG --> [REQ_ID=3328b580bf71] [FILTER_BEFORE] /index.php/Account/Connected-Accounts

[1 occurrence(s)]
DEBUG --> [REQ_ID=3328b580bf71] [ROUTE] Controller=\App\Modules\User\Controllers\DashboardController Method=connectedAccounts

[1 occurrence(s)]
DEBUG --> [REQ_ID=3328b580bf71] [LIFECYCLE][START] GET https://www.mymiwallet.com/index.php/Account/Connected-Accounts

[1 occurrence(s)]
DEBUG --> [CSRF] token name=csrf_test_name hash=1fd8a78ac914195ada78cb3ac6f3a75a

[1 occurrence(s)]
DEBUG --> [REQ_ID=3328b580bf71] [REQUEST][END]

[1 occurrence(s)]
DEBUG --> [REQ_ID=65f3cc501ab2] [REQUEST][START] GET /index.php/login

[1 occurrence(s)]
DEBUG --> [REQ_ID=65f3cc501ab2] [FILTER_BEFORE] /index.php/login

[1 occurrence(s)]
DEBUG --> [REQ_ID=65f3cc501ab2] [ROUTE] Controller=\App\Controllers\AuthController Method=login

[1 occurrence(s)]
DEBUG --> [REQ_ID=65f3cc501ab2] [LIFECYCLE][START] GET https://www.mymiwallet.com/index.php/login

[1 occurrence(s)]
DEBUG --> [CSRF] token name=csrf_test_name hash=d73c482d6ba2ffe1d2a59292325e0160

[1 occurrence(s)]
DEBUG --> [REQ_ID=8f3f0c15b007] [INIT] App\Controllers\AuthController::GET

[1 occurrence(s)]
DEBUG --> [REQ_ID=65f3cc501ab2] [FILTER_AFTER]

[1 occurrence(s)]
DEBUG --> [REQ_ID=65f3cc501ab2] [LIFECYCLE][END] status=200 duration_ms=65.26 memory_delta=0

[1 occurrence(s)]
DEBUG --> [REQ_ID=65f3cc501ab2] [REQUEST][END]

[1 occurrence(s)]
DEBUG --> [REQ_ID=761cb42cf3b5] [REQUEST][START] GET /index.php/API/Management/Run-CRON-Tasks

[1 occurrence(s)]
DEBUG --> [REQ_ID=761cb42cf3b5] [FILTER_BEFORE] /index.php/API/Management/Run-CRON-Tasks

[1 occurrence(s)]
DEBUG --> [REQ_ID=761cb42cf3b5] [ROUTE] Controller=\App\Modules\Management\Controllers\ManagementAPIController Method=Run_CRON_Tasks

[1 occurrence(s)]
DEBUG --> [REQ_ID=761cb42cf3b5] [LIFECYCLE][START] GET https://www.mymiwallet.com/index.php/API/Management/Run-CRON-Tasks

[1 occurrence(s)]
DEBUG --> [REQ_ID=761cb42cf3b5] [REQUEST][END]

[1 occurrence(s)]
DEBUG --> [REQ_ID=1278e8171b94] [REQUEST][START] GET /index.php/Wallets/Purchase/Memberships/Customize

[1 occurrence(s)]
DEBUG --> [REQ_ID=1278e8171b94] [FILTER_BEFORE] /index.php/Wallets/Purchase/Memberships/Customize

[1 occurrence(s)]
DEBUG --> [REQ_ID=1278e8171b94] [ROUTE] Controller=\App\Modules\User\Controllers\WalletsController Method=customizeMembership

[1 occurrence(s)]
DEBUG --> [REQ_ID=1278e8171b94] [LIFECYCLE][START] GET https://www.mymiwallet.com/index.php/Wallets/Purchase/Memberships/Customize

[1 occurrence(s)]
DEBUG --> [CSRF] token name=csrf_test_name hash=debec294a294d882219b5ca5763ae887

[1 occurrence(s)]
DEBUG --> [REQ_ID=1278e8171b94] [REQUEST][END]

[1 occurrence(s)]
DEBUG --> [REQ_ID=94ee9fe90f9c] [REQUEST][START] GET /index.php/login

[1 occurrence(s)]
DEBUG --> [REQ_ID=94ee9fe90f9c] [FILTER_BEFORE] /index.php/login

[1 occurrence(s)]
DEBUG --> [REQ_ID=94ee9fe90f9c] [ROUTE] Controller=\App\Controllers\AuthController Method=login

[1 occurrence(s)]
DEBUG --> [REQ_ID=94ee9fe90f9c] [LIFECYCLE][START] GET https://www.mymiwallet.com/index.php/login

[1 occurrence(s)]
DEBUG --> [CSRF] token name=csrf_test_name hash=ea33796f6ec8a2a3e3c079ca697fbadd

[1 occurrence(s)]
DEBUG --> [REQ_ID=f8bc1b86fe73] [INIT] App\Controllers\AuthController::GET

[1 occurrence(s)]
DEBUG --> [REQ_ID=94ee9fe90f9c] [FILTER_AFTER]

[1 occurrence(s)]
DEBUG --> [REQ_ID=94ee9fe90f9c] [LIFECYCLE][END] status=200 duration_ms=66.11 memory_delta=0

[1 occurrence(s)]
DEBUG --> [REQ_ID=94ee9fe90f9c] [REQUEST][END]

[1 occurrence(s)]
DEBUG --> [REQ_ID=46582757-ba89-41b5-99f1-057e770704f3] [REQUEST][START] GET /

[1 occurrence(s)]
DEBUG --> [REQ_ID=5a3a1db3-b120-4931-bd15-800bf0c577fd] [REQUEST][START] GET /

[1 occurrence(s)]
DEBUG --> [REQ_ID=5a3a1db3-b120-4931-bd15-800bf0c577fd] [FILTER_BEFORE] /

[1 occurrence(s)]
DEBUG --> [REQ_ID=5a3a1db3-b120-4931-bd15-800bf0c577fd] [ROUTE] Controller=\App\Controllers\Home Method=index

[1 occurrence(s)]
DEBUG --> [REQ_ID=46582757-ba89-41b5-99f1-057e770704f3] [FILTER_BEFORE] /

[1 occurrence(s)]
DEBUG --> [REQ_ID=46582757-ba89-41b5-99f1-057e770704f3] [ROUTE] Controller=\App\Controllers\Home Method=index

[1 occurrence(s)]
DEBUG --> [REQ_ID=46582757-ba89-41b5-99f1-057e770704f3] [LIFECYCLE][START] GET https://www.mymiwallet.com/index.php/

[1 occurrence(s)]
DEBUG --> [REQ_ID=5a3a1db3-b120-4931-bd15-800bf0c577fd] [LIFECYCLE][START] GET https://www.mymiwallet.com/index.php/

[1 occurrence(s)]
DEBUG --> [CSRF] token name=csrf_test_name hash=6aa0df834fabfd88042fd2fd9d7ad93f

[1 occurrence(s)]
DEBUG --> [REQ_ID=92ff1f08df53] [INIT] App\Controllers\Home::GET

[1 occurrence(s)]
DEBUG --> [CSRF] token name=csrf_test_name hash=5ce877e72e1363d0d5b31b4e9d2638da

[1 occurrence(s)]
DEBUG --> [REQ_ID=bc6fd0579a08] [INIT] App\Controllers\Home::GET

[1 occurrence(s)]
DEBUG --> [REQ_ID=bc6fd0579a08] [VIEW_RENDER] themes/public/home

[1 occurrence(s)]
DEBUG --> [REQ_ID=5a3a1db3-b120-4931-bd15-800bf0c577fd] [FILTER_AFTER]

[1 occurrence(s)]
DEBUG --> [REQ_ID=5a3a1db3-b120-4931-bd15-800bf0c577fd] [LIFECYCLE][END] status=200 duration_ms=703.01 memory_delta=4194304

[1 occurrence(s)]
DEBUG --> [REQ_ID=92ff1f08df53] [VIEW_RENDER] themes/public/home

[1 occurrence(s)]
DEBUG --> [REQ_ID=5a3a1db3-b120-4931-bd15-800bf0c577fd] [REQUEST][END]

[1 occurrence(s)]
DEBUG --> [REQ_ID=46582757-ba89-41b5-99f1-057e770704f3] [FILTER_AFTER]

[1 occurrence(s)]
DEBUG --> [REQ_ID=46582757-ba89-41b5-99f1-057e770704f3] [LIFECYCLE][END] status=200 duration_ms=714.62 memory_delta=4194304

[1 occurrence(s)]
DEBUG --> [REQ_ID=46582757-ba89-41b5-99f1-057e770704f3] [REQUEST][END]

[1 occurrence(s)]
DEBUG --> [REQ_ID=22d823fbb12a] [REQUEST][START] GET /

[1 occurrence(s)]
DEBUG --> [REQ_ID=22d823fbb12a] [FILTER_BEFORE] /

[1 occurrence(s)]
DEBUG --> [REQ_ID=22d823fbb12a] [ROUTE] Controller=\App\Controllers\Home Method=index

[1 occurrence(s)]
DEBUG --> [REQ_ID=22d823fbb12a] [LIFECYCLE][START] GET https://www.mymiwallet.com/index.php/

[2 occurrence(s)]
DEBUG --> [CSRF] token name=csrf_test_name hash=e9e1d637024dbe26f647571bffd27a3a

[1 occurrence(s)]
DEBUG --> [REQ_ID=390fc0d86424] [INIT] App\Controllers\Home::GET

[1 occurrence(s)]
DEBUG --> [REQ_ID=390fc0d86424] [VIEW_RENDER] themes/public/home

[1 occurrence(s)]
DEBUG --> [REQ_ID=22d823fbb12a] [FILTER_AFTER]

[1 occurrence(s)]
DEBUG --> [REQ_ID=22d823fbb12a] [LIFECYCLE][END] status=200 duration_ms=664.82 memory_delta=4194304

[1 occurrence(s)]
DEBUG --> [REQ_ID=22d823fbb12a] [REQUEST][END]

[1 occurrence(s)]
DEBUG --> [REQ_ID=6df1c57280a8] [REQUEST][START] GET /

[1 occurrence(s)]
DEBUG --> [REQ_ID=6df1c57280a8] [FILTER_BEFORE] /

[1 occurrence(s)]
DEBUG --> [REQ_ID=6df1c57280a8] [ROUTE] Controller=\App\Controllers\Home Method=index

[1 occurrence(s)]
DEBUG --> [REQ_ID=6df1c57280a8] [LIFECYCLE][START] GET https://www.mymiwallet.com/index.php/

[1 occurrence(s)]
DEBUG --> [REQ_ID=532692c9955a] [INIT] App\Controllers\Home::GET

[1 occurrence(s)]
DEBUG --> [REQ_ID=532692c9955a] [VIEW_RENDER] themes/public/home

[1 occurrence(s)]
DEBUG --> [REQ_ID=6df1c57280a8] [FILTER_AFTER]

[1 occurrence(s)]
DEBUG --> [REQ_ID=6df1c57280a8] [LIFECYCLE][END] status=200 duration_ms=621.79 memory_delta=4194304

[1 occurrence(s)]
DEBUG --> [REQ_ID=6df1c57280a8] [REQUEST][END]

[1 occurrence(s)]
DEBUG --> [REQ_ID=d6a28541d490] [REQUEST][START] GET /index.php/Wallets

[1 occurrence(s)]
DEBUG --> [REQ_ID=d6a28541d490] [FILTER_BEFORE] /index.php/Wallets

[1 occurrence(s)]
DEBUG --> [REQ_ID=d6a28541d490] [ROUTE] Controller=\App\Modules\User\Controllers\WalletsController Method=index

[1 occurrence(s)]
DEBUG --> [REQ_ID=d6a28541d490] [LIFECYCLE][START] GET https://www.mymiwallet.com/index.php/Wallets

[1 occurrence(s)]
DEBUG --> [CSRF] token name=csrf_test_name hash=c5f034a18c35add3752b178c4c611f62

[1 occurrence(s)]
DEBUG --> [REQ_ID=d6a28541d490] [REQUEST][END]

[1 occurrence(s)]
DEBUG --> [REQ_ID=830ea4f2cdc5] [REQUEST][START] GET /index.php/API/Alerts/fetchEmailAlerts

[1 occurrence(s)]
DEBUG --> [REQ_ID=830ea4f2cdc5] [FILTER_BEFORE] /index.php/API/Alerts/fetchEmailAlerts

[1 occurrence(s)]
DEBUG --> [REQ_ID=830ea4f2cdc5] [ROUTE] Controller=\App\Modules\APIs\Controllers\AlertsAPIController Method=fetchEmailAlerts

[1 occurrence(s)]
DEBUG --> [REQ_ID=830ea4f2cdc5] [LIFECYCLE][START] GET https://www.mymiwallet.com/index.php/API/Alerts/fetchEmailAlerts

[1 occurrence(s)]
DEBUG --> [REQ_ID=830ea4f2cdc5] [REQUEST][END]

[1 occurrence(s)]
DEBUG --> [REQ_ID=a8daeff650f1] [REQUEST][START] GET /index.php/forgot

[1 occurrence(s)]
DEBUG --> [REQ_ID=a8daeff650f1] [FILTER_BEFORE] /index.php/forgot

[1 occurrence(s)]
DEBUG --> [REQ_ID=a8daeff650f1] [ROUTE] Controller=\Myth\Auth\Controllers\AuthController Method=forgotPassword

[1 occurrence(s)]
DEBUG --> [REQ_ID=a8daeff650f1] [LIFECYCLE][START] GET https://www.mymiwallet.com/index.php/forgot

[1 occurrence(s)]
DEBUG --> [CSRF] token name=csrf_test_name hash=6e881e5ccd6c55d8ea552d40cbf91851

[1 occurrence(s)]
DEBUG --> [REQ_ID=a8daeff650f1] [FILTER_AFTER]

[1 occurrence(s)]
DEBUG --> [REQ_ID=a8daeff650f1] [LIFECYCLE][END] status=200 duration_ms=19.22 memory_delta=0

[1 occurrence(s)]
DEBUG --> [REQ_ID=a8daeff650f1] [REQUEST][END]

[1 occurrence(s)]
DEBUG --> [REQ_ID=daf94bf05634] [REQUEST][START] GET /index.php/activate

[1 occurrence(s)]
DEBUG --> [REQ_ID=daf94bf05634] [FILTER_BEFORE] /index.php/activate

[1 occurrence(s)]
DEBUG --> [REQ_ID=daf94bf05634] [ROUTE] Controller=\App\Controllers\AuthController Method=activateAccount

[1 occurrence(s)]
DEBUG --> [REQ_ID=daf94bf05634] [LIFECYCLE][START] GET https://www.mymiwallet.com/index.php/activate

[1 occurrence(s)]
DEBUG --> [CSRF] token name=csrf_test_name hash=3d90f1eb3e0b9f0f39566ceffe391ba0

[1 occurrence(s)]
DEBUG --> [REQ_ID=c41cb1ebe79c] [INIT] App\Controllers\AuthController::GET

[1 occurrence(s)]
DEBUG --> [REQ_ID=daf94bf05634] [FILTER_AFTER]

[1 occurrence(s)]
DEBUG --> [REQ_ID=daf94bf05634] [LIFECYCLE][END] status=302 duration_ms=41.72 memory_delta=0

[1 occurrence(s)]
DEBUG --> [REQ_ID=daf94bf05634] [REQUEST][END]

[1 occurrence(s)]
DEBUG --> [REQ_ID=13f7dbad9137] [REQUEST][START] GET /index.php/Support/Account

[1 occurrence(s)]
DEBUG --> [REQ_ID=13f7dbad9137] [FILTER_BEFORE] /index.php/Support/Account

[1 occurrence(s)]
DEBUG --> [REQ_ID=13f7dbad9137] [ROUTE] Controller=\App\Modules\Support\Controllers\AccountSupportController Method=index

[1 occurrence(s)]
DEBUG --> [REQ_ID=13f7dbad9137] [LIFECYCLE][START] GET https://www.mymiwallet.com/index.php/Support/Account

[1 occurrence(s)]
DEBUG --> [CSRF] token name=csrf_test_name hash=b71be1a1c5a83b8f7e0256a85e1c3b4f

[1 occurrence(s)]
DEBUG --> [REQ_ID=aef5cf1d7746] [INIT] App\Modules\Support\Controllers\AccountSupportController::GET

[1 occurrence(s)]
DEBUG --> [REQ_ID=aef5cf1d7746] [METHOD_ENTRY] index

[1 occurrence(s)]
DEBUG --> [REQ_ID=aef5cf1d7746] [VIEW_RENDER] SupportModule/Support/account_help

[1 occurrence(s)]
DEBUG --> [REQ_ID=13f7dbad9137] [FILTER_AFTER]

[1 occurrence(s)]
DEBUG --> [REQ_ID=13f7dbad9137] [LIFECYCLE][END] status=200 duration_ms=99.71 memory_delta=2097152

[1 occurrence(s)]
DEBUG --> [REQ_ID=13f7dbad9137] [REQUEST][END]

[1 occurrence(s)]
DEBUG --> [REQ_ID=b3a6e662b933] [REQUEST][START] GET /

[1 occurrence(s)]
DEBUG --> [REQ_ID=b3a6e662b933] [FILTER_BEFORE] /

[1 occurrence(s)]
DEBUG --> [REQ_ID=b3a6e662b933] [ROUTE] Controller=\App\Controllers\Home Method=index

[1 occurrence(s)]
DEBUG --> [REQ_ID=b3a6e662b933] [LIFECYCLE][START] GET https://www.mymiwallet.com/index.php/

[1 occurrence(s)]
DEBUG --> [CSRF] token name=csrf_test_name hash=822a76e759abd3edfab9a956d8ee0bf2

[1 occurrence(s)]
DEBUG --> [REQ_ID=517495cd7c11] [INIT] App\Controllers\Home::GET

[1 occurrence(s)]
DEBUG --> [REQ_ID=517495cd7c11] [VIEW_RENDER] themes/public/home

[1 occurrence(s)]
DEBUG --> [REQ_ID=b3a6e662b933] [FILTER_AFTER]

[1 occurrence(s)]
DEBUG --> [REQ_ID=b3a6e662b933] [LIFECYCLE][END] status=200 duration_ms=668.77 memory_delta=4194304

[1 occurrence(s)]
DEBUG --> [REQ_ID=b3a6e662b933] [REQUEST][END]

[1 occurrence(s)]
DEBUG --> [REQ_ID=9f5614a51fe1] [REQUEST][START] GET /index.php/Management/Budgeting

[1 occurrence(s)]
DEBUG --> [REQ_ID=9f5614a51fe1] [FILTER_BEFORE] /index.php/Management/Budgeting

[1 occurrence(s)]
DEBUG --> [REQ_ID=9f5614a51fe1] [ROUTE] Controller=\App\Modules\Management\Controllers\BudgetingAdminController Method=index

[1 occurrence(s)]
DEBUG --> [REQ_ID=9f5614a51fe1] [LIFECYCLE][START] GET https://www.mymiwallet.com/index.php/Management/Budgeting

[1 occurrence(s)]
DEBUG --> [CSRF] token name=csrf_test_name hash=8293cb2ea4e3da68ff042f318afe88a0

[1 occurrence(s)]
DEBUG --> [REQ_ID=9f5614a51fe1] [REQUEST][END]

[1 occurrence(s)]
DEBUG --> [REQ_ID=0bba6a643efd] [REQUEST][START] HEAD /

[1 occurrence(s)]
DEBUG --> [REQ_ID=bc6710d16ecb] [REQUEST][START] HEAD /

[1 occurrence(s)]
DEBUG --> [REQ_ID=9be7fa2958f3] [REQUEST][START] GET /index.php/API/Management/Run-CRON-Tasks

[1 occurrence(s)]
DEBUG --> [REQ_ID=9be7fa2958f3] [FILTER_BEFORE] /index.php/API/Management/Run-CRON-Tasks

[1 occurrence(s)]
DEBUG --> [REQ_ID=9be7fa2958f3] [ROUTE] Controller=\App\Modules\Management\Controllers\ManagementAPIController Method=Run_CRON_Tasks

[1 occurrence(s)]
DEBUG --> [REQ_ID=9be7fa2958f3] [LIFECYCLE][START] GET https://www.mymiwallet.com/index.php/API/Management/Run-CRON-Tasks

[1 occurrence(s)]
DEBUG --> [REQ_ID=9be7fa2958f3] [REQUEST][END]

[1 occurrence(s)]
DEBUG --> LOG_HEALTHCHECK debug marker=b14599c51ffc

[1 occurrence(s)]
DEBUG --> [REQ_ID=b5c06afea886] [REQUEST][START] GET /index.php/Investments

[1 occurrence(s)]
DEBUG --> [REQ_ID=b5c06afea886] [FILTER_BEFORE] /index.php/Investments

[1 occurrence(s)]
DEBUG --> [REQ_ID=b5c06afea886] [ROUTE] Controller=\App\Modules\User\Controllers\InvestmentsController Method=index

[1 occurrence(s)]
DEBUG --> [REQ_ID=b5c06afea886] [LIFECYCLE][START] GET https://www.mymiwallet.com/index.php/Investments

[1 occurrence(s)]
DEBUG --> [CSRF] token name=csrf_test_name hash=2fb579708dd1178d193bb3db4470b789

[1 occurrence(s)]
DEBUG --> [REQ_ID=b5c06afea886] [REQUEST][END]

[1 occurrence(s)]
DEBUG --> [REQ_ID=605baf1fef70] [REQUEST][START] GET /

[1 occurrence(s)]
DEBUG --> [REQ_ID=605baf1fef70] [FILTER_BEFORE] /

[1 occurrence(s)]
DEBUG --> [REQ_ID=605baf1fef70] [ROUTE] Controller=\App\Controllers\Home Method=index

[1 occurrence(s)]
DEBUG --> [REQ_ID=605baf1fef70] [LIFECYCLE][START] GET https://www.mymiwallet.com/index.php/

[1 occurrence(s)]
DEBUG --> [CSRF] token name=csrf_test_name hash=027f923c0f7d9965f87dcb46c303cf8f

[1 occurrence(s)]
DEBUG --> [REQ_ID=5b8eb33975d7] [INIT] App\Controllers\Home::GET

[1 occurrence(s)]
DEBUG --> [REQ_ID=5b8eb33975d7] [VIEW_RENDER] themes/public/home

[1 occurrence(s)]
DEBUG --> [REQ_ID=605baf1fef70] [FILTER_AFTER]

[1 occurrence(s)]
DEBUG --> [REQ_ID=605baf1fef70] [LIFECYCLE][END] status=200 duration_ms=595.67 memory_delta=4194304

[1 occurrence(s)]
DEBUG --> [REQ_ID=605baf1fef70] [REQUEST][END]

[1 occurrence(s)]
DEBUG --> [REQ_ID=c2608265b89e] [REQUEST][START] GET /

[1 occurrence(s)]
DEBUG --> [REQ_ID=c2608265b89e] [FILTER_BEFORE] /

[1 occurrence(s)]
DEBUG --> [REQ_ID=c2608265b89e] [ROUTE] Controller=\App\Controllers\Home Method=index

[1 occurrence(s)]
DEBUG --> [REQ_ID=c2608265b89e] [LIFECYCLE][START] GET https://www.mymiwallet.com/index.php/

[1 occurrence(s)]
DEBUG --> [CSRF] token name=csrf_test_name hash=bf3062b624ff3bcaf1c100b6939ed366

[1 occurrence(s)]
DEBUG --> [REQ_ID=849797f546d2] [INIT] App\Controllers\Home::GET

[1 occurrence(s)]
DEBUG --> [REQ_ID=849797f546d2] [VIEW_RENDER] themes/public/home

[1 occurrence(s)]
DEBUG --> [REQ_ID=c2608265b89e] [FILTER_AFTER]

[1 occurrence(s)]
DEBUG --> [REQ_ID=c2608265b89e] [LIFECYCLE][END] status=200 duration_ms=665.02 memory_delta=4194304

[1 occurrence(s)]
DEBUG --> [REQ_ID=c2608265b89e] [REQUEST][END]

[1 occurrence(s)]
DEBUG --> [REQ_ID=849681e64845] [REQUEST][START] GET /index.php/API/Alerts/fetchEmailAlerts

[1 occurrence(s)]
DEBUG --> [REQ_ID=849681e64845] [FILTER_BEFORE] /index.php/API/Alerts/fetchEmailAlerts

[1 occurrence(s)]
DEBUG --> [REQ_ID=849681e64845] [ROUTE] Controller=\App\Modules\APIs\Controllers\AlertsAPIController Method=fetchEmailAlerts

[1 occurrence(s)]
DEBUG --> [REQ_ID=849681e64845] [LIFECYCLE][START] GET https://www.mymiwallet.com/index.php/API/Alerts/fetchEmailAlerts

[1 occurrence(s)]
DEBUG --> [REQ_ID=849681e64845] [REQUEST][END]

[1 occurrence(s)]
DEBUG --> [REQ_ID=856aedf5e121] [REQUEST][START] HEAD /

[1 occurrence(s)]
DEBUG --> [REQ_ID=d0bb9e86b216] [REQUEST][START] HEAD /

[1 occurrence(s)]
DEBUG --> [REQ_ID=2e346b18b060] [REQUEST][START] GET /index.php/Management/API

[1 occurrence(s)]
DEBUG --> [REQ_ID=822dce194bdc] [REQUEST][START] GET /index.php/Management/Assets

[1 occurrence(s)]
DEBUG --> [REQ_ID=822dce194bdc] [FILTER_BEFORE] /index.php/Management/Assets

[1 occurrence(s)]
DEBUG --> [REQ_ID=822dce194bdc] [ROUTE] Controller=\App\Modules\Management\Controllers\AssetsAdminController Method=index

[1 occurrence(s)]
DEBUG --> [REQ_ID=822dce194bdc] [LIFECYCLE][START] GET https://www.mymiwallet.com/index.php/Management/Assets

[1 occurrence(s)]
DEBUG --> [CSRF] token name=csrf_test_name hash=7499d652cf4a84c3d4e8a3703ab303ae

[1 occurrence(s)]
DEBUG --> [REQ_ID=822dce194bdc] [REQUEST][END]

[1 occurrence(s)]
DEBUG --> [REQ_ID=8b42b21f4435] [REQUEST][START] GET /index.php/Wallets/Purchase/Memberships

[1 occurrence(s)]
DEBUG --> [REQ_ID=8b42b21f4435] [FILTER_BEFORE] /index.php/Wallets/Purchase/Memberships

[1 occurrence(s)]
DEBUG --> [REQ_ID=8b42b21f4435] [ROUTE] Controller=\App\Modules\User\Controllers\WalletsController Method=purchase

[1 occurrence(s)]
DEBUG --> [REQ_ID=8b42b21f4435] [LIFECYCLE][START] GET https://www.mymiwallet.com/index.php/Wallets/Purchase/Memberships

[1 occurrence(s)]
DEBUG --> [CSRF] token name=csrf_test_name hash=c83c39392c25267820b9e5a358b91ece

[1 occurrence(s)]
DEBUG --> [REQ_ID=8b42b21f4435] [REQUEST][END]

[1 occurrence(s)]
DEBUG --> [REQ_ID=a27f235139ef] [REQUEST][START] GET /

[1 occurrence(s)]
DEBUG --> [REQ_ID=a27f235139ef] [FILTER_BEFORE] /

[1 occurrence(s)]
DEBUG --> [REQ_ID=a27f235139ef] [ROUTE] Controller=\App\Controllers\Home Method=index

[1 occurrence(s)]
DEBUG --> [REQ_ID=a27f235139ef] [LIFECYCLE][START] GET https://www.mymiwallet.com/index.php/

[2 occurrence(s)]
DEBUG --> [CSRF] token name=csrf_test_name hash=8555c50ba01f2df715601976640362bd

[1 occurrence(s)]
DEBUG --> [REQ_ID=e206609bc15a] [INIT] App\Controllers\Home::GET

[1 occurrence(s)]
DEBUG --> [REQ_ID=e206609bc15a] [VIEW_RENDER] themes/public/home

[1 occurrence(s)]
DEBUG --> [REQ_ID=a27f235139ef] [FILTER_AFTER]

[1 occurrence(s)]
DEBUG --> [REQ_ID=a27f235139ef] [LIFECYCLE][END] status=200 duration_ms=636.27 memory_delta=4194304

[1 occurrence(s)]
DEBUG --> [REQ_ID=a27f235139ef] [REQUEST][END]

[1 occurrence(s)]
DEBUG --> [REQ_ID=51dbb109a35a] [REQUEST][START] GET /

[1 occurrence(s)]
DEBUG --> [REQ_ID=51dbb109a35a] [FILTER_BEFORE] /

[1 occurrence(s)]
DEBUG --> [REQ_ID=51dbb109a35a] [ROUTE] Controller=\App\Controllers\Home Method=index

[1 occurrence(s)]
DEBUG --> [REQ_ID=51dbb109a35a] [LIFECYCLE][START] GET https://www.mymiwallet.com/index.php/

[1 occurrence(s)]
DEBUG --> [REQ_ID=e9c68939d1e3] [INIT] App\Controllers\Home::GET

[1 occurrence(s)]
DEBUG --> [REQ_ID=e9c68939d1e3] [VIEW_RENDER] themes/public/home

[1 occurrence(s)]
DEBUG --> [REQ_ID=51dbb109a35a] [FILTER_AFTER]

[1 occurrence(s)]
DEBUG --> [REQ_ID=51dbb109a35a] [LIFECYCLE][END] status=200 duration_ms=522.35 memory_delta=4194304

[1 occurrence(s)]
DEBUG --> [REQ_ID=51dbb109a35a] [REQUEST][END]

[1 occurrence(s)]
DEBUG --> [REQ_ID=b612f8fd5b33] [REQUEST][START] GET /index.php/API/Management/Run-CRON-Tasks

[1 occurrence(s)]
DEBUG --> [REQ_ID=b612f8fd5b33] [FILTER_BEFORE] /index.php/API/Management/Run-CRON-Tasks

[1 occurrence(s)]
DEBUG --> [REQ_ID=b612f8fd5b33] [ROUTE] Controller=\App\Modules\Management\Controllers\ManagementAPIController Method=Run_CRON_Tasks

[1 occurrence(s)]
DEBUG --> [REQ_ID=b612f8fd5b33] [LIFECYCLE][START] GET https://www.mymiwallet.com/index.php/API/Management/Run-CRON-Tasks

[1 occurrence(s)]
DEBUG --> [REQ_ID=b612f8fd5b33] [REQUEST][END]

[1 occurrence(s)]
DEBUG --> [REQ_ID=9c411fec16e5] [REQUEST][START] GET /index.php/Account/Connected-Accounts

[1 occurrence(s)]
DEBUG --> [REQ_ID=9c411fec16e5] [FILTER_BEFORE] /index.php/Account/Connected-Accounts

[1 occurrence(s)]
DEBUG --> [REQ_ID=9c411fec16e5] [ROUTE] Controller=\App\Modules\User\Controllers\DashboardController Method=connectedAccounts

[1 occurrence(s)]
DEBUG --> [REQ_ID=9c411fec16e5] [LIFECYCLE][START] GET https://www.mymiwallet.com/index.php/Account/Connected-Accounts

[1 occurrence(s)]
DEBUG --> [CSRF] token name=csrf_test_name hash=a67b32604049edf054957cc81bc46bef

[1 occurrence(s)]
DEBUG --> [REQ_ID=9c411fec16e5] [REQUEST][END]

[1 occurrence(s)]
DEBUG --> [REQ_ID=4abce658b3c9] [REQUEST][START] GET /index.php/Investments/News

[1 occurrence(s)]
DEBUG --> [REQ_ID=53c1e0148d7f] [REQUEST][START] GET /index.php/API/Alerts/fetchEmailAlerts

[1 occurrence(s)]
DEBUG --> [REQ_ID=53c1e0148d7f] [FILTER_BEFORE] /index.php/API/Alerts/fetchEmailAlerts

[1 occurrence(s)]
DEBUG --> [REQ_ID=53c1e0148d7f] [ROUTE] Controller=\App\Modules\APIs\Controllers\AlertsAPIController Method=fetchEmailAlerts

[1 occurrence(s)]
DEBUG --> [REQ_ID=53c1e0148d7f] [LIFECYCLE][START] GET https://www.mymiwallet.com/index.php/API/Alerts/fetchEmailAlerts

[1 occurrence(s)]
DEBUG --> [REQ_ID=53c1e0148d7f] [REQUEST][END]

[1 occurrence(s)]
DEBUG --> [REQ_ID=3db4032312cc] [REQUEST][START] GET /index.php/How-It-Works/Daily-Financial-News

[1 occurrence(s)]
DEBUG --> [REQ_ID=3db4032312cc] [FILTER_BEFORE] /index.php/How-It-Works/Daily-Financial-News

[1 occurrence(s)]
DEBUG --> [REQ_ID=3db4032312cc] [ROUTE] Controller=\App\Modules\Blog\Controllers\HowItWorksController Method=show

[1 occurrence(s)]
DEBUG --> [REQ_ID=3db4032312cc] [LIFECYCLE][START] GET https://www.mymiwallet.com/index.php/How-It-Works/Daily-Financial-News

[1 occurrence(s)]
DEBUG --> [CSRF] token name=csrf_test_name hash=4d2acbe086f54dac65dbfeb89a926d74

[1 occurrence(s)]
DEBUG --> [REQ_ID=4ede56bfe72f] [INIT] App\Modules\Blog\Controllers\HowItWorksController::GET

[1 occurrence(s)]
DEBUG --> [REQ_ID=4ede56bfe72f] [METHOD_ENTRY] show

[1 occurrence(s)]
DEBUG --> [REQ_ID=3db4032312cc] [FILTER_AFTER]

[1 occurrence(s)]
DEBUG --> [REQ_ID=3db4032312cc] [LIFECYCLE][END] status=404 duration_ms=91.33 memory_delta=0

[1 occurrence(s)]
DEBUG --> [REQ_ID=3db4032312cc] [REQUEST][END]

[1 occurrence(s)]
DEBUG --> [REQ_ID=0021967df3c9] [REQUEST][START] GET /index.php/How-It-Works/Investor-Profile

[1 occurrence(s)]
DEBUG --> [REQ_ID=0021967df3c9] [FILTER_BEFORE] /index.php/How-It-Works/Investor-Profile

[1 occurrence(s)]
DEBUG --> [REQ_ID=0021967df3c9] [ROUTE] Controller=\App\Modules\Blog\Controllers\HowItWorksController Method=show

[1 occurrence(s)]
DEBUG --> [REQ_ID=0021967df3c9] [LIFECYCLE][START] GET https://www.mymiwallet.com/index.php/How-It-Works/Investor-Profile

[1 occurrence(s)]
DEBUG --> [CSRF] token name=csrf_test_name hash=9be6ad8da7f3da410cd725945d0d7b9f

[1 occurrence(s)]
DEBUG --> [REQ_ID=09b9c2812a67] [INIT] App\Modules\Blog\Controllers\HowItWorksController::GET

[1 occurrence(s)]
DEBUG --> [REQ_ID=09b9c2812a67] [METHOD_ENTRY] show

[1 occurrence(s)]
DEBUG --> [REQ_ID=0021967df3c9] [FILTER_AFTER]

[1 occurrence(s)]
DEBUG --> [REQ_ID=0021967df3c9] [LIFECYCLE][END] status=404 duration_ms=92.08 memory_delta=0

[1 occurrence(s)]
DEBUG --> [REQ_ID=0021967df3c9] [REQUEST][END]

[1 occurrence(s)]
DEBUG --> [REQ_ID=8694e7dac80a] [REQUEST][START] GET /index.php/How-To-Guides

[1 occurrence(s)]
DEBUG --> [REQ_ID=b2731bc44e8c] [REQUEST][START] GET /

[1 occurrence(s)]
DEBUG --> [REQ_ID=b2731bc44e8c] [FILTER_BEFORE] /

[1 occurrence(s)]
DEBUG --> [REQ_ID=b2731bc44e8c] [ROUTE] Controller=\App\Controllers\Home Method=index

[1 occurrence(s)]
DEBUG --> [REQ_ID=b2731bc44e8c] [LIFECYCLE][START] GET https://www.mymiwallet.com/index.php/

[1 occurrence(s)]
DEBUG --> [CSRF] token name=csrf_test_name hash=36daf93e25a73ee3fd608a8d42ecbeee

[1 occurrence(s)]
DEBUG --> [REQ_ID=29b7626d33ba] [INIT] App\Controllers\Home::GET

[1 occurrence(s)]
DEBUG --> [REQ_ID=29b7626d33ba] [VIEW_RENDER] themes/public/home

[1 occurrence(s)]
DEBUG --> [REQ_ID=b2731bc44e8c] [FILTER_AFTER]

[1 occurrence(s)]
DEBUG --> [REQ_ID=b2731bc44e8c] [LIFECYCLE][END] status=200 duration_ms=684.93 memory_delta=4194304

[1 occurrence(s)]
DEBUG --> [REQ_ID=b2731bc44e8c] [REQUEST][END]

[1 occurrence(s)]
DEBUG --> [REQ_ID=451dcd19051f] [REQUEST][START] GET /index.php/API/Management/Run-CRON-Tasks

[1 occurrence(s)]
DEBUG --> [REQ_ID=451dcd19051f] [FILTER_BEFORE] /index.php/API/Management/Run-CRON-Tasks

[1 occurrence(s)]
DEBUG --> [REQ_ID=451dcd19051f] [ROUTE] Controller=\App\Modules\Management\Controllers\ManagementAPIController Method=Run_CRON_Tasks

[1 occurrence(s)]
DEBUG --> [REQ_ID=451dcd19051f] [LIFECYCLE][START] GET https://www.mymiwallet.com/index.php/API/Management/Run-CRON-Tasks

[1 occurrence(s)]
DEBUG --> [REQ_ID=451dcd19051f] [REQUEST][END]

[1 occurrence(s)]
DEBUG --> LOG_HEALTHCHECK debug marker=98f3db65ec11

[1 occurrence(s)]
DEBUG --> [REQ_ID=34cb34fcd0d5] [REQUEST][START] GET /index.php/Management/Marketing/Campaigns

[1 occurrence(s)]
DEBUG --> [REQ_ID=34cb34fcd0d5] [FILTER_BEFORE] /index.php/Management/Marketing/Campaigns

[1 occurrence(s)]
DEBUG --> [REQ_ID=34cb34fcd0d5] [ROUTE] Controller=\App\Modules\Management\Controllers\MarketingAdminController Method=campaigns

[1 occurrence(s)]
DEBUG --> [REQ_ID=34cb34fcd0d5] [LIFECYCLE][START] GET https://www.mymiwallet.com/index.php/Management/Marketing/Campaigns

[1 occurrence(s)]
DEBUG --> [CSRF] token name=csrf_test_name hash=34300b624fee057c3b502343202a2a57

[1 occurrence(s)]
DEBUG --> [REQ_ID=34cb34fcd0d5] [REQUEST][END]

[1 occurrence(s)]
DEBUG --> [REQ_ID=cd4f86d06e6d] [REQUEST][START] GET /index.php/API/Alerts/fetchEmailAlerts

[1 occurrence(s)]
DEBUG --> [REQ_ID=cd4f86d06e6d] [FILTER_BEFORE] /index.php/API/Alerts/fetchEmailAlerts

[1 occurrence(s)]
DEBUG --> [REQ_ID=cd4f86d06e6d] [ROUTE] Controller=\App\Modules\APIs\Controllers\AlertsAPIController Method=fetchEmailAlerts

[1 occurrence(s)]
DEBUG --> [REQ_ID=cd4f86d06e6d] [LIFECYCLE][START] GET https://www.mymiwallet.com/index.php/API/Alerts/fetchEmailAlerts

[1 occurrence(s)]
DEBUG --> [REQ_ID=cd4f86d06e6d] [REQUEST][END]

[1 occurrence(s)]
DEBUG --> [REQ_ID=61c6eba1110b] [REQUEST][START] GET /index.php/How-It-Works/MyMI-Exchange

[1 occurrence(s)]
DEBUG --> [REQ_ID=61c6eba1110b] [FILTER_BEFORE] /index.php/How-It-Works/MyMI-Exchange

[1 occurrence(s)]
DEBUG --> [REQ_ID=61c6eba1110b] [ROUTE] Controller=\App\Modules\Blog\Controllers\HowItWorksController Method=show

[1 occurrence(s)]
DEBUG --> [REQ_ID=61c6eba1110b] [LIFECYCLE][START] GET https://www.mymiwallet.com/index.php/How-It-Works/MyMI-Exchange

[1 occurrence(s)]
DEBUG --> [CSRF] token name=csrf_test_name hash=d9fb40f97f8d0c6776446b3484755612

[1 occurrence(s)]
DEBUG --> [REQ_ID=753b0a4c376e] [INIT] App\Modules\Blog\Controllers\HowItWorksController::GET

[1 occurrence(s)]
DEBUG --> [REQ_ID=753b0a4c376e] [METHOD_ENTRY] show

[1 occurrence(s)]
DEBUG --> [REQ_ID=753b0a4c376e] [VIEW_RENDER] App\Modules\Blog\Views\HowItWorks\Manage_Finances

[1 occurrence(s)]
DEBUG --> [REQ_ID=61c6eba1110b] [FILTER_AFTER]

[1 occurrence(s)]
DEBUG --> [REQ_ID=61c6eba1110b] [LIFECYCLE][END] status=200 duration_ms=1,213.51 memory_delta=8388608

[1 occurrence(s)]
DEBUG --> [REQ_ID=61c6eba1110b] [REQUEST][END]

[1 occurrence(s)]
DEBUG --> [REQ_ID=8cb03140a5f7] [REQUEST][START] GET /index.php/API/Management/Run-CRON-Tasks

[1 occurrence(s)]
DEBUG --> [REQ_ID=8cb03140a5f7] [FILTER_BEFORE] /index.php/API/Management/Run-CRON-Tasks

[1 occurrence(s)]
DEBUG --> [REQ_ID=8cb03140a5f7] [ROUTE] Controller=\App\Modules\Management\Controllers\ManagementAPIController Method=Run_CRON_Tasks

[1 occurrence(s)]
DEBUG --> [REQ_ID=8cb03140a5f7] [LIFECYCLE][START] GET https://www.mymiwallet.com/index.php/API/Management/Run-CRON-Tasks

[1 occurrence(s)]
DEBUG --> [REQ_ID=8cb03140a5f7] [REQUEST][END]

[1 occurrence(s)]
DEBUG --> [REQ_ID=3ae1fbd46352] [REQUEST][START] GET /

[1 occurrence(s)]
DEBUG --> [REQ_ID=3ae1fbd46352] [FILTER_BEFORE] /

[1 occurrence(s)]
DEBUG --> [REQ_ID=3ae1fbd46352] [ROUTE] Controller=\App\Controllers\Home Method=index

[1 occurrence(s)]
DEBUG --> [REQ_ID=3ae1fbd46352] [LIFECYCLE][START] GET https://www.mymiwallet.com/index.php/

[1 occurrence(s)]
DEBUG --> [CSRF] token name=csrf_test_name hash=8d8e34e3133c30702704b4db9b08d788

[1 occurrence(s)]
DEBUG --> [REQ_ID=dda6212631e2] [INIT] App\Controllers\Home::GET

[1 occurrence(s)]
DEBUG --> [REQ_ID=dda6212631e2] [VIEW_RENDER] themes/public/home

[1 occurrence(s)]
DEBUG --> [REQ_ID=3ae1fbd46352] [FILTER_AFTER]

[1 occurrence(s)]
DEBUG --> [REQ_ID=3ae1fbd46352] [LIFECYCLE][END] status=200 duration_ms=701.36 memory_delta=4194304

[1 occurrence(s)]
DEBUG --> [REQ_ID=3ae1fbd46352] [REQUEST][END]

[1 occurrence(s)]
DEBUG --> [REQ_ID=4ea590f7fcd3] [REQUEST][START] GET /index.php/API/Alerts/fetchEmailAlerts

[1 occurrence(s)]
DEBUG --> [REQ_ID=4ea590f7fcd3] [FILTER_BEFORE] /index.php/API/Alerts/fetchEmailAlerts

[1 occurrence(s)]
DEBUG --> [REQ_ID=4ea590f7fcd3] [ROUTE] Controller=\App\Modules\APIs\Controllers\AlertsAPIController Method=fetchEmailAlerts

[1 occurrence(s)]
DEBUG --> [REQ_ID=4ea590f7fcd3] [LIFECYCLE][START] GET https://www.mymiwallet.com/index.php/API/Alerts/fetchEmailAlerts

[1 occurrence(s)]
DEBUG --> [REQ_ID=4ea590f7fcd3] [REQUEST][END]

[1 occurrence(s)]
DEBUG --> [REQ_ID=a36363009816] [REQUEST][START] GET /index.php/activate

[1 occurrence(s)]
DEBUG --> [REQ_ID=a36363009816] [FILTER_BEFORE] /index.php/activate

[1 occurrence(s)]
DEBUG --> [REQ_ID=a36363009816] [ROUTE] Controller=\App\Controllers\AuthController Method=activateAccount

[1 occurrence(s)]
DEBUG --> [REQ_ID=a36363009816] [LIFECYCLE][START] GET https://www.mymiwallet.com/index.php/activate

[1 occurrence(s)]
DEBUG --> [CSRF] token name=csrf_test_name hash=373de1dab075bec01e32012b864afd19

[1 occurrence(s)]
DEBUG --> [REQ_ID=4b513bbbb508] [INIT] App\Controllers\AuthController::GET

[1 occurrence(s)]
DEBUG --> [REQ_ID=a36363009816] [FILTER_AFTER]

[1 occurrence(s)]
DEBUG --> [REQ_ID=a36363009816] [LIFECYCLE][END] status=302 duration_ms=184.62 memory_delta=0

[1 occurrence(s)]
DEBUG --> [REQ_ID=a36363009816] [REQUEST][END]

[1 occurrence(s)]
DEBUG --> [REQ_ID=f2642b9b6d7b] [REQUEST][START] GET /index.php/Support/Account

[1 occurrence(s)]
DEBUG --> [REQ_ID=f2642b9b6d7b] [FILTER_BEFORE] /index.php/Support/Account

[1 occurrence(s)]
DEBUG --> [REQ_ID=f2642b9b6d7b] [ROUTE] Controller=\App\Modules\Support\Controllers\AccountSupportController Method=index

[1 occurrence(s)]
DEBUG --> [REQ_ID=f2642b9b6d7b] [LIFECYCLE][START] GET https://www.mymiwallet.com/index.php/Support/Account

[1 occurrence(s)]
DEBUG --> [CSRF] token name=csrf_test_name hash=15b5105bdf3cb0f1b2ea7c3712d65f0e

[1 occurrence(s)]
DEBUG --> [REQ_ID=e6973c056398] [INIT] App\Modules\Support\Controllers\AccountSupportController::GET

[1 occurrence(s)]
DEBUG --> [REQ_ID=e6973c056398] [METHOD_ENTRY] index

[1 occurrence(s)]
DEBUG --> [REQ_ID=e6973c056398] [VIEW_RENDER] SupportModule/Support/account_help

[1 occurrence(s)]
DEBUG --> [REQ_ID=f2642b9b6d7b] [FILTER_AFTER]

[1 occurrence(s)]
DEBUG --> [REQ_ID=f2642b9b6d7b] [LIFECYCLE][END] status=200 duration_ms=81.37 memory_delta=2097152

[1 occurrence(s)]
DEBUG --> [REQ_ID=f2642b9b6d7b] [REQUEST][END]

[1 occurrence(s)]
DEBUG --> [REQ_ID=8d4c0b84c043] [REQUEST][START] HEAD /

[1 occurrence(s)]
DEBUG --> [REQ_ID=a112f1a3bedf] [REQUEST][START] HEAD /

[1 occurrence(s)]
DEBUG --> [REQ_ID=23b988bdbc66] [REQUEST][START] GET /index.php/Management/Services

[1 occurrence(s)]
DEBUG --> [REQ_ID=23b988bdbc66] [FILTER_BEFORE] /index.php/Management/Services

[1 occurrence(s)]
DEBUG --> [REQ_ID=23b988bdbc66] [ROUTE] Controller=\App\Modules\Management\Controllers\ServicesController Method=index

[1 occurrence(s)]
DEBUG --> [REQ_ID=23b988bdbc66] [LIFECYCLE][START] GET https://www.mymiwallet.com/index.php/Management/Services

[1 occurrence(s)]
DEBUG --> [CSRF] token name=csrf_test_name hash=294a35416ee3b02ff54896ff4c1c298c

[1 occurrence(s)]
DEBUG --> [REQ_ID=23b988bdbc66] [REQUEST][END]

[1 occurrence(s)]
DEBUG --> [REQ_ID=0c002e1a4a5c] [REQUEST][START] GET /index.php/Management/Marketing/Content/Listing

[1 occurrence(s)]
DEBUG --> [REQ_ID=0c002e1a4a5c] [FILTER_BEFORE] /index.php/Management/Marketing/Content/Listing

[1 occurrence(s)]
DEBUG --> [REQ_ID=0c002e1a4a5c] [ROUTE] Controller=\App\Modules\Management\Controllers\MarketingAdminController Method=contentListing

[1 occurrence(s)]
DEBUG --> [REQ_ID=0c002e1a4a5c] [LIFECYCLE][START] GET https://www.mymiwallet.com/index.php/Management/Marketing/Content/Listing

[1 occurrence(s)]
DEBUG --> [CSRF] token name=csrf_test_name hash=3c3694ac5034ab635f8079217a1b0edb

[1 occurrence(s)]
DEBUG --> [REQ_ID=0c002e1a4a5c] [REQUEST][END]

[1 occurrence(s)]
DEBUG --> [REQ_ID=3fa89624ed30] [REQUEST][START] GET /index.php/login

[1 occurrence(s)]
DEBUG --> [REQ_ID=3fa89624ed30] [FILTER_BEFORE] /index.php/login

[1 occurrence(s)]
DEBUG --> [REQ_ID=3fa89624ed30] [ROUTE] Controller=\App\Controllers\AuthController Method=login

[1 occurrence(s)]
DEBUG --> [REQ_ID=3fa89624ed30] [LIFECYCLE][START] GET https://www.mymiwallet.com/index.php/login

[1 occurrence(s)]
DEBUG --> [CSRF] token name=csrf_test_name hash=68a2261eb6eb3d69bf572ba3c65df1fd

[1 occurrence(s)]
DEBUG --> [REQ_ID=dcb2fc12fa37] [INIT] App\Controllers\AuthController::GET

[1 occurrence(s)]
DEBUG --> [REQ_ID=3fa89624ed30] [FILTER_AFTER]

[1 occurrence(s)]
DEBUG --> [REQ_ID=3fa89624ed30] [LIFECYCLE][END] status=200 duration_ms=148.25 memory_delta=0

[1 occurrence(s)]
DEBUG --> [REQ_ID=3fa89624ed30] [REQUEST][END]

[1 occurrence(s)]
DEBUG --> [REQ_ID=0ba73ccdefd2] [REQUEST][START] GET /index.php/Account/Social-Media

[1 occurrence(s)]
DEBUG --> [REQ_ID=0ba73ccdefd2] [FILTER_BEFORE] /index.php/Account/Social-Media

[1 occurrence(s)]
DEBUG --> [REQ_ID=0ba73ccdefd2] [ROUTE] Controller=\App\Modules\User\Controllers\DashboardController Method=SocialMedia

[1 occurrence(s)]
DEBUG --> [REQ_ID=0ba73ccdefd2] [LIFECYCLE][START] GET https://www.mymiwallet.com/index.php/Account/Social-Media

[1 occurrence(s)]
DEBUG --> [CSRF] token name=csrf_test_name hash=da467f9251c69ef59e12677a8e355eae

[1 occurrence(s)]
DEBUG --> [REQ_ID=0ba73ccdefd2] [REQUEST][END]

[1 occurrence(s)]
DEBUG --> [REQ_ID=b429c2e1b9b9] [REQUEST][START] GET /index.php/login

[1 occurrence(s)]
DEBUG --> [REQ_ID=b429c2e1b9b9] [FILTER_BEFORE] /index.php/login

[1 occurrence(s)]
DEBUG --> [REQ_ID=b429c2e1b9b9] [ROUTE] Controller=\App\Controllers\AuthController Method=login

[1 occurrence(s)]
DEBUG --> [REQ_ID=b429c2e1b9b9] [LIFECYCLE][START] GET https://www.mymiwallet.com/index.php/login

[1 occurrence(s)]
DEBUG --> [CSRF] token name=csrf_test_name hash=936d12563012a8738d8c689e713bad62

[1 occurrence(s)]
DEBUG --> [REQ_ID=86257622fd07] [INIT] App\Controllers\AuthController::GET

[1 occurrence(s)]
DEBUG --> [REQ_ID=b429c2e1b9b9] [FILTER_AFTER]

[1 occurrence(s)]
DEBUG --> [REQ_ID=b429c2e1b9b9] [LIFECYCLE][END] status=200 duration_ms=40.65 memory_delta=0

[1 occurrence(s)]
DEBUG --> [REQ_ID=b429c2e1b9b9] [REQUEST][END]

[1 occurrence(s)]
DEBUG --> [REQ_ID=fcb64acbe6ae] [REQUEST][START] GET /index.php/Assets

[1 occurrence(s)]
DEBUG --> [REQ_ID=fcb64acbe6ae] [FILTER_BEFORE] /index.php/Assets

[1 occurrence(s)]
DEBUG --> [REQ_ID=fcb64acbe6ae] [ROUTE] Controller=\App\Modules\Management\Controllers\AssetsController Method=index

[1 occurrence(s)]
DEBUG --> [REQ_ID=fcb64acbe6ae] [LIFECYCLE][START] GET https://www.mymiwallet.com/index.php/Assets

[1 occurrence(s)]
DEBUG --> [CSRF] token name=csrf_test_name hash=963b318ef004d9606b143fe95d8f45f3

[1 occurrence(s)]
DEBUG --> [REQ_ID=fcb64acbe6ae] [REQUEST][END]

[1 occurrence(s)]
DEBUG --> [REQ_ID=4761c51fdb5a] [REQUEST][START] GET /index.php/Budget/Financial-Advisors

[1 occurrence(s)]
DEBUG --> [REQ_ID=5ea41731710d] [REQUEST][START] GET /

[1 occurrence(s)]
DEBUG --> [REQ_ID=5ea41731710d] [FILTER_BEFORE] /

[1 occurrence(s)]
DEBUG --> [REQ_ID=5ea41731710d] [ROUTE] Controller=\App\Controllers\Home Method=index

[1 occurrence(s)]
DEBUG --> [REQ_ID=5ea41731710d] [LIFECYCLE][START] GET https://www.mymiwallet.com/index.php/

[1 occurrence(s)]
DEBUG --> [CSRF] token name=csrf_test_name hash=04bc6797423ea10cc2f99ec6a637175d

[1 occurrence(s)]
DEBUG --> [REQ_ID=770d88ee9314] [INIT] App\Controllers\Home::GET

[1 occurrence(s)]
DEBUG --> [REQ_ID=770d88ee9314] [VIEW_RENDER] themes/public/home

[1 occurrence(s)]
DEBUG --> [REQ_ID=5ea41731710d] [FILTER_AFTER]

[1 occurrence(s)]
DEBUG --> [REQ_ID=5ea41731710d] [LIFECYCLE][END] status=200 duration_ms=691.40 memory_delta=4194304

[1 occurrence(s)]
DEBUG --> [REQ_ID=5ea41731710d] [REQUEST][END]

[1 occurrence(s)]
DEBUG --> [REQ_ID=5eb85a97f1dc] [REQUEST][START] GET /?

[1 occurrence(s)]
DEBUG --> [REQ_ID=5eb85a97f1dc] [FILTER_BEFORE] /?

[1 occurrence(s)]
DEBUG --> [REQ_ID=5eb85a97f1dc] [ROUTE] Controller=\App\Controllers\Home Method=index

[1 occurrence(s)]
DEBUG --> [REQ_ID=5eb85a97f1dc] [LIFECYCLE][START] GET https://www.mymiwallet.com/index.php/

[1 occurrence(s)]
DEBUG --> [CSRF] token name=csrf_test_name hash=802d35098dfbe11ff43e8f27bc33143f

[1 occurrence(s)]
DEBUG --> [REQ_ID=329df225ed03] [INIT] App\Controllers\Home::GET

[1 occurrence(s)]
DEBUG --> [REQ_ID=329df225ed03] [VIEW_RENDER] themes/public/home

[1 occurrence(s)]
DEBUG --> [REQ_ID=5eb85a97f1dc] [FILTER_AFTER]

[1 occurrence(s)]
DEBUG --> [REQ_ID=5eb85a97f1dc] [LIFECYCLE][END] status=200 duration_ms=514.73 memory_delta=2097152

[1 occurrence(s)]
DEBUG --> [REQ_ID=5eb85a97f1dc] [REQUEST][END]

[1 occurrence(s)]
DEBUG --> [REQ_ID=f5600cb748b8] [REQUEST][START] GET /index.php/API/Management/Run-CRON-Tasks

[1 occurrence(s)]
DEBUG --> [REQ_ID=f5600cb748b8] [FILTER_BEFORE] /index.php/API/Management/Run-CRON-Tasks

[1 occurrence(s)]
DEBUG --> [REQ_ID=f5600cb748b8] [ROUTE] Controller=\App\Modules\Management\Controllers\ManagementAPIController Method=Run_CRON_Tasks

[1 occurrence(s)]
DEBUG --> [REQ_ID=f5600cb748b8] [LIFECYCLE][START] GET https://www.mymiwallet.com/index.php/API/Management/Run-CRON-Tasks

[1 occurrence(s)]
DEBUG --> [REQ_ID=f5600cb748b8] [REQUEST][END]

[1 occurrence(s)]
DEBUG --> LOG_HEALTHCHECK debug marker=bc320b73065e

[1 occurrence(s)]
DEBUG --> [REQ_ID=9574ed4a6f72] [REQUEST][START] GET /index.php/Wallets/Purchase/Complete/MyMIGold

[1 occurrence(s)]
DEBUG --> [REQ_ID=9574ed4a6f72] [FILTER_BEFORE] /index.php/Wallets/Purchase/Complete/MyMIGold

[1 occurrence(s)]
DEBUG --> [REQ_ID=9574ed4a6f72] [ROUTE] Controller=\App\Modules\User\Controllers\WalletsController Method=purchaseComplete

[1 occurrence(s)]
DEBUG --> [REQ_ID=9574ed4a6f72] [LIFECYCLE][START] GET https://www.mymiwallet.com/index.php/Wallets/Purchase/Complete/MyMIGold

[1 occurrence(s)]
DEBUG --> [CSRF] token name=csrf_test_name hash=ed3110902ef7bcc79cdb6954e584a1b6

[1 occurrence(s)]
DEBUG --> [REQ_ID=9574ed4a6f72] [REQUEST][END]

[1 occurrence(s)]
DEBUG --> [REQ_ID=440283ced56e] [REQUEST][START] GET /index.php/login

[1 occurrence(s)]
DEBUG --> [REQ_ID=440283ced56e] [FILTER_BEFORE] /index.php/login

[1 occurrence(s)]
DEBUG --> [REQ_ID=440283ced56e] [ROUTE] Controller=\App\Controllers\AuthController Method=login

[1 occurrence(s)]
DEBUG --> [REQ_ID=440283ced56e] [LIFECYCLE][START] GET https://www.mymiwallet.com/index.php/login

[3 occurrence(s)]
DEBUG --> [CSRF] token name=csrf_test_name hash=bb0a842396eed1c5fd16b96c922e7084

[1 occurrence(s)]
DEBUG --> [REQ_ID=ebe579a82f6e] [INIT] App\Controllers\AuthController::GET

[1 occurrence(s)]
DEBUG --> [REQ_ID=440283ced56e] [FILTER_AFTER]

[1 occurrence(s)]
DEBUG --> [REQ_ID=440283ced56e] [LIFECYCLE][END] status=200 duration_ms=245.87 memory_delta=0

[1 occurrence(s)]
DEBUG --> [REQ_ID=440283ced56e] [REQUEST][END]

[1 occurrence(s)]
DEBUG --> [REQ_ID=6541aa482cbe] [REQUEST][START] GET /index.php/search

[1 occurrence(s)]
DEBUG --> [REQ_ID=e64b2c5a52e0] [REQUEST][START] GET /index.php/Dashboard/Transaction-Modal

[1 occurrence(s)]
DEBUG --> [REQ_ID=4679b0bc5db4] [REQUEST][START] GET /index.php/Wallets/MyMIGPayPalCallback

[1 occurrence(s)]
DEBUG --> [REQ_ID=1bf0f5cfbf6f] [REQUEST][START] GET /index.php/Investments/Watchlist

[1 occurrence(s)]
DEBUG --> [REQ_ID=1bf0f5cfbf6f] [FILTER_BEFORE] /index.php/Investments/Watchlist

[1 occurrence(s)]
DEBUG --> [REQ_ID=1bf0f5cfbf6f] [ROUTE] Controller=\App\Modules\User\Controllers\InvestmentsController Method=watchlist

[1 occurrence(s)]
DEBUG --> [REQ_ID=1bf0f5cfbf6f] [LIFECYCLE][START] GET https://www.mymiwallet.com/index.php/Investments/Watchlist

[1 occurrence(s)]
DEBUG --> [REQ_ID=1bf0f5cfbf6f] [REQUEST][END]

[1 occurrence(s)]
DEBUG --> [REQ_ID=3206ddf25da2] [REQUEST][START] GET /index.php/login

[1 occurrence(s)]
DEBUG --> [REQ_ID=3206ddf25da2] [FILTER_BEFORE] /index.php/login

[1 occurrence(s)]
DEBUG --> [REQ_ID=3206ddf25da2] [ROUTE] Controller=\App\Controllers\AuthController Method=login

[1 occurrence(s)]
DEBUG --> [REQ_ID=3206ddf25da2] [LIFECYCLE][START] GET https://www.mymiwallet.com/index.php/login

[1 occurrence(s)]
DEBUG --> [REQ_ID=5bd24fdf6815] [INIT] App\Controllers\AuthController::GET

[1 occurrence(s)]
DEBUG --> [REQ_ID=3206ddf25da2] [FILTER_AFTER]

[1 occurrence(s)]
DEBUG --> [REQ_ID=3206ddf25da2] [LIFECYCLE][END] status=200 duration_ms=24.46 memory_delta=0

[1 occurrence(s)]
DEBUG --> [REQ_ID=3206ddf25da2] [REQUEST][END]

[1 occurrence(s)]
DEBUG --> [REQ_ID=90910403d476] [REQUEST][START] GET /index.php/Management/CreatePost

[1 occurrence(s)]
DEBUG --> [REQ_ID=d2239b049cea] [REQUEST][START] GET /

[1 occurrence(s)]
DEBUG --> [REQ_ID=d2239b049cea] [FILTER_BEFORE] /

[1 occurrence(s)]
DEBUG --> [REQ_ID=d2239b049cea] [ROUTE] Controller=\App\Controllers\Home Method=index

[1 occurrence(s)]
DEBUG --> [REQ_ID=d2239b049cea] [LIFECYCLE][START] GET https://www.mymiwallet.com/index.php/

[1 occurrence(s)]
DEBUG --> [CSRF] token name=csrf_test_name hash=fb54026fa5743013ff612b6869498f13

[1 occurrence(s)]
DEBUG --> [REQ_ID=1bdc41ed8cd7] [INIT] App\Controllers\Home::GET

[1 occurrence(s)]
DEBUG --> [REQ_ID=1bdc41ed8cd7] [VIEW_RENDER] themes/public/home

[1 occurrence(s)]
DEBUG --> [REQ_ID=d2239b049cea] [FILTER_AFTER]

[1 occurrence(s)]
DEBUG --> [REQ_ID=d2239b049cea] [LIFECYCLE][END] status=200 duration_ms=690.34 memory_delta=4194304

[1 occurrence(s)]
DEBUG --> [REQ_ID=d2239b049cea] [REQUEST][END]

[1 occurrence(s)]
DEBUG --> [REQ_ID=a721d3282e5b] [REQUEST][START] GET /index.php/API/Alerts/fetchEmailAlerts

[1 occurrence(s)]
DEBUG --> [REQ_ID=a721d3282e5b] [FILTER_BEFORE] /index.php/API/Alerts/fetchEmailAlerts

[1 occurrence(s)]
DEBUG --> [REQ_ID=a721d3282e5b] [ROUTE] Controller=\App\Modules\APIs\Controllers\AlertsAPIController Method=fetchEmailAlerts

[1 occurrence(s)]
DEBUG --> [REQ_ID=a721d3282e5b] [LIFECYCLE][START] GET https://www.mymiwallet.com/index.php/API/Alerts/fetchEmailAlerts

[1 occurrence(s)]
DEBUG --> [REQ_ID=a721d3282e5b] [REQUEST][END]

[1 occurrence(s)]
DEBUG --> [REQ_ID=3b50ec831634] [REQUEST][START] GET /

[1 occurrence(s)]
DEBUG --> [REQ_ID=3b50ec831634] [FILTER_BEFORE] /

[1 occurrence(s)]
DEBUG --> [REQ_ID=3b50ec831634] [ROUTE] Controller=\App\Controllers\Home Method=index

[1 occurrence(s)]
DEBUG --> [REQ_ID=3b50ec831634] [LIFECYCLE][START] GET https://www.mymiwallet.com/index.php/

[1 occurrence(s)]
DEBUG --> [CSRF] token name=csrf_test_name hash=ea2948378a40f0e596bc543712d904e0

[1 occurrence(s)]
DEBUG --> [REQ_ID=3e157fa4e255] [INIT] App\Controllers\Home::GET

[1 occurrence(s)]
DEBUG --> [REQ_ID=3e157fa4e255] [VIEW_RENDER] themes/public/home

[1 occurrence(s)]
DEBUG --> [REQ_ID=3b50ec831634] [FILTER_AFTER]

[1 occurrence(s)]
DEBUG --> [REQ_ID=3b50ec831634] [LIFECYCLE][END] status=200 duration_ms=604.19 memory_delta=4194304

[1 occurrence(s)]
DEBUG --> [REQ_ID=3b50ec831634] [REQUEST][END]

[1 occurrence(s)]
DEBUG --> [REQ_ID=cc47902b15b6] [REQUEST][START] GET /index.php/Management/Marketing/Campaigns

[1 occurrence(s)]
DEBUG --> [REQ_ID=cc47902b15b6] [FILTER_BEFORE] /index.php/Management/Marketing/Campaigns

[1 occurrence(s)]
DEBUG --> [REQ_ID=cc47902b15b6] [ROUTE] Controller=\App\Modules\Management\Controllers\MarketingAdminController Method=campaigns

[1 occurrence(s)]
DEBUG --> [REQ_ID=cc47902b15b6] [LIFECYCLE][START] GET https://www.mymiwallet.com/index.php/Management/Marketing/Campaigns

[1 occurrence(s)]
DEBUG --> [CSRF] token name=csrf_test_name hash=a4ded81e6c89cbfbd681a0c1af2631e2

[1 occurrence(s)]
DEBUG --> [REQ_ID=cc47902b15b6] [REQUEST][END]

[1 occurrence(s)]
DEBUG --> [REQ_ID=41a2777ed031] [REQUEST][START] GET /index.php/login

[1 occurrence(s)]
DEBUG --> [REQ_ID=41a2777ed031] [FILTER_BEFORE] /index.php/login

[1 occurrence(s)]
DEBUG --> [REQ_ID=41a2777ed031] [ROUTE] Controller=\App\Controllers\AuthController Method=login

[1 occurrence(s)]
DEBUG --> [REQ_ID=41a2777ed031] [LIFECYCLE][START] GET https://www.mymiwallet.com/index.php/login

[1 occurrence(s)]
DEBUG --> [CSRF] token name=csrf_test_name hash=c0fccc4026791ba2b3438e51299e71c5

[1 occurrence(s)]
DEBUG --> [REQ_ID=4fa38f9edfb2] [INIT] App\Controllers\AuthController::GET

[1 occurrence(s)]
DEBUG --> [REQ_ID=41a2777ed031] [FILTER_AFTER]

[1 occurrence(s)]
DEBUG --> [REQ_ID=41a2777ed031] [LIFECYCLE][END] status=200 duration_ms=72.24 memory_delta=0

[1 occurrence(s)]
DEBUG --> [REQ_ID=41a2777ed031] [REQUEST][END]

[1 occurrence(s)]
DEBUG --> [REQ_ID=d99ae7090560] [REQUEST][START] GET /

[1 occurrence(s)]
DEBUG --> [REQ_ID=d99ae7090560] [FILTER_BEFORE] /

[1 occurrence(s)]
DEBUG --> [REQ_ID=d99ae7090560] [ROUTE] Controller=\App\Controllers\Home Method=index

[1 occurrence(s)]
DEBUG --> [REQ_ID=d99ae7090560] [LIFECYCLE][START] GET https://www.mymiwallet.com/index.php/

[1 occurrence(s)]
DEBUG --> [CSRF] token name=csrf_test_name hash=5c6e93f73e57e32655c82fa9811b9708

[1 occurrence(s)]
DEBUG --> [REQ_ID=af0eb4420139] [INIT] App\Controllers\Home::GET

[1 occurrence(s)]
DEBUG --> [REQ_ID=af0eb4420139] [VIEW_RENDER] themes/public/home

[1 occurrence(s)]
DEBUG --> [REQ_ID=d99ae7090560] [FILTER_AFTER]

[1 occurrence(s)]
DEBUG --> [REQ_ID=d99ae7090560] [LIFECYCLE][END] status=200 duration_ms=647.40 memory_delta=4194304

[1 occurrence(s)]
DEBUG --> [REQ_ID=d99ae7090560] [REQUEST][END]

[1 occurrence(s)]
DEBUG --> [REQ_ID=0e20f3571b7f] [REQUEST][START] GET /index.php/Apex

[1 occurrence(s)]
DEBUG --> [REQ_ID=739b4ba05789] [REQUEST][START] GET /index.php/Premium-Features/Due-Diligence-Database

[1 occurrence(s)]
DEBUG --> [REQ_ID=bc5f5d33e8ae] [REQUEST][START] GET /index.php/Management/Budgets

[1 occurrence(s)]
DEBUG --> [REQ_ID=bc5f5d33e8ae] [FILTER_BEFORE] /index.php/Management/Budgets

[1 occurrence(s)]
DEBUG --> [REQ_ID=bc5f5d33e8ae] [ROUTE] Controller=\App\Modules\Management\Controllers\BudgetsAdminController Method=index

[1 occurrence(s)]
DEBUG --> [REQ_ID=bc5f5d33e8ae] [LIFECYCLE][START] GET https://www.mymiwallet.com/index.php/Management/Budgets

[1 occurrence(s)]
DEBUG --> [CSRF] token name=csrf_test_name hash=48c4910d46dc001ceac802308c8ef7d8

[1 occurrence(s)]
DEBUG --> [REQ_ID=bc5f5d33e8ae] [REQUEST][END]

[1 occurrence(s)]
DEBUG --> [REQ_ID=e43ad001a7c4] [REQUEST][START] HEAD /

[1 occurrence(s)]
DEBUG --> [REQ_ID=0df10972f281] [REQUEST][START] GET /index.php/API/Management/Run-CRON-Tasks

[1 occurrence(s)]
DEBUG --> [REQ_ID=0df10972f281] [FILTER_BEFORE] /index.php/API/Management/Run-CRON-Tasks

[1 occurrence(s)]
DEBUG --> [REQ_ID=0df10972f281] [ROUTE] Controller=\App\Modules\Management\Controllers\ManagementAPIController Method=Run_CRON_Tasks

[1 occurrence(s)]
DEBUG --> [REQ_ID=0df10972f281] [LIFECYCLE][START] GET https://www.mymiwallet.com/index.php/API/Management/Run-CRON-Tasks

[1 occurrence(s)]
DEBUG --> [REQ_ID=0df10972f281] [REQUEST][END]

[1 occurrence(s)]
DEBUG --> [REQ_ID=c0acd1a039c6] [REQUEST][START] GET /index.php/API/Alerts/fetchEmailAlerts

[1 occurrence(s)]
DEBUG --> [REQ_ID=c0acd1a039c6] [FILTER_BEFORE] /index.php/API/Alerts/fetchEmailAlerts

[1 occurrence(s)]
DEBUG --> [REQ_ID=c0acd1a039c6] [ROUTE] Controller=\App\Modules\APIs\Controllers\AlertsAPIController Method=fetchEmailAlerts

[1 occurrence(s)]
DEBUG --> [REQ_ID=c0acd1a039c6] [LIFECYCLE][START] GET https://www.mymiwallet.com/index.php/API/Alerts/fetchEmailAlerts

[1 occurrence(s)]
DEBUG --> [REQ_ID=c0acd1a039c6] [REQUEST][END]

[1 occurrence(s)]
DEBUG --> [REQ_ID=fad35c0ffc1f] [REQUEST][START] GET /

[1 occurrence(s)]
DEBUG --> [REQ_ID=fad35c0ffc1f] [FILTER_BEFORE] /

[1 occurrence(s)]
DEBUG --> [REQ_ID=fad35c0ffc1f] [ROUTE] Controller=\App\Controllers\Home Method=index

[1 occurrence(s)]
DEBUG --> [REQ_ID=fad35c0ffc1f] [LIFECYCLE][START] GET https://www.mymiwallet.com/index.php/

[1 occurrence(s)]
DEBUG --> [CSRF] token name=csrf_test_name hash=17f842938e5817e887f5e44d33757ab5

[1 occurrence(s)]
DEBUG --> [REQ_ID=b45eaad70933] [INIT] App\Controllers\Home::GET

[1 occurrence(s)]
DEBUG --> [REQ_ID=b45eaad70933] [VIEW_RENDER] themes/public/home

[1 occurrence(s)]
DEBUG --> [REQ_ID=fad35c0ffc1f] [FILTER_AFTER]

[1 occurrence(s)]
DEBUG --> [REQ_ID=fad35c0ffc1f] [LIFECYCLE][END] status=200 duration_ms=642.84 memory_delta=4194304

[1 occurrence(s)]
DEBUG --> [REQ_ID=fad35c0ffc1f] [REQUEST][END]

[1 occurrence(s)]
DEBUG --> [REQ_ID=6872ba7ff4be] [REQUEST][START] GET /index.php/Leagl/Terms-And-Conditions

[1 occurrence(s)]
DEBUG --> [REQ_ID=4b961363c798] [REQUEST][START] GET /

[1 occurrence(s)]
DEBUG --> [REQ_ID=4b961363c798] [FILTER_BEFORE] /

[1 occurrence(s)]
DEBUG --> [REQ_ID=4b961363c798] [ROUTE] Controller=\App\Controllers\Home Method=index

[1 occurrence(s)]
DEBUG --> [REQ_ID=4b961363c798] [LIFECYCLE][START] GET https://www.mymiwallet.com/index.php/

[1 occurrence(s)]
DEBUG --> [CSRF] token name=csrf_test_name hash=a283475d7e4b66113c0cb601dc210ecd

[1 occurrence(s)]
DEBUG --> [REQ_ID=546a9adedeb9] [INIT] App\Controllers\Home::GET

[1 occurrence(s)]
DEBUG --> [REQ_ID=546a9adedeb9] [VIEW_RENDER] themes/public/home

[1 occurrence(s)]
DEBUG --> [REQ_ID=4b961363c798] [FILTER_AFTER]

[1 occurrence(s)]
DEBUG --> [REQ_ID=4b961363c798] [LIFECYCLE][END] status=200 duration_ms=647.89 memory_delta=4194304

[1 occurrence(s)]
DEBUG --> [REQ_ID=4b961363c798] [REQUEST][END]

[1 occurrence(s)]
DEBUG --> [REQ_ID=eb74ca605f8f] [REQUEST][START] GET /index.php/Features/Advanced-Investment-Portfoio-Manager

[1 occurrence(s)]
DEBUG --> [REQ_ID=a4a4f8d22cb1] [REQUEST][START] GET /index.php/Support/Account

[1 occurrence(s)]
DEBUG --> [REQ_ID=a4a4f8d22cb1] [FILTER_BEFORE] /index.php/Support/Account

[1 occurrence(s)]
DEBUG --> [REQ_ID=a4a4f8d22cb1] [ROUTE] Controller=\App\Modules\Support\Controllers\AccountSupportController Method=index

[1 occurrence(s)]
DEBUG --> [REQ_ID=a4a4f8d22cb1] [LIFECYCLE][START] GET https://www.mymiwallet.com/index.php/Support/Account

[1 occurrence(s)]
DEBUG --> [CSRF] token name=csrf_test_name hash=9b6154d99668cc46cc8460c275275262

[1 occurrence(s)]
DEBUG --> [REQ_ID=4d29aa2e543d] [INIT] App\Modules\Support\Controllers\AccountSupportController::GET

[1 occurrence(s)]
DEBUG --> [REQ_ID=4d29aa2e543d] [METHOD_ENTRY] index

[1 occurrence(s)]
DEBUG --> [REQ_ID=4d29aa2e543d] [VIEW_RENDER] SupportModule/Support/account_help

[1 occurrence(s)]
DEBUG --> [REQ_ID=a4a4f8d22cb1] [FILTER_AFTER]

[1 occurrence(s)]
DEBUG --> [REQ_ID=a4a4f8d22cb1] [LIFECYCLE][END] status=200 duration_ms=204.42 memory_delta=2097152

[1 occurrence(s)]
DEBUG --> [REQ_ID=a4a4f8d22cb1] [REQUEST][END]

[1 occurrence(s)]
DEBUG --> [REQ_ID=56dc9485ff82] [REQUEST][START] GET /index.php/activate

[1 occurrence(s)]
DEBUG --> [REQ_ID=56dc9485ff82] [FILTER_BEFORE] /index.php/activate

[1 occurrence(s)]
DEBUG --> [REQ_ID=56dc9485ff82] [ROUTE] Controller=\App\Controllers\AuthController Method=activateAccount

[1 occurrence(s)]
DEBUG --> [REQ_ID=56dc9485ff82] [LIFECYCLE][START] GET https://www.mymiwallet.com/index.php/activate

[1 occurrence(s)]
DEBUG --> [CSRF] token name=csrf_test_name hash=76036efdbb17bc2a1b6a607065605f2e

[1 occurrence(s)]
DEBUG --> [REQ_ID=f8202f9b6010] [INIT] App\Controllers\AuthController::GET

[1 occurrence(s)]
DEBUG --> [REQ_ID=56dc9485ff82] [FILTER_AFTER]

[1 occurrence(s)]
DEBUG --> [REQ_ID=56dc9485ff82] [LIFECYCLE][END] status=302 duration_ms=29.51 memory_delta=0

[1 occurrence(s)]
DEBUG --> [REQ_ID=56dc9485ff82] [REQUEST][END]

[1 occurrence(s)]
DEBUG --> [REQ_ID=87762c85386d] [REQUEST][START] GET /index.php/Support/Account

[1 occurrence(s)]
DEBUG --> [REQ_ID=87762c85386d] [FILTER_BEFORE] /index.php/Support/Account

[1 occurrence(s)]
DEBUG --> [REQ_ID=87762c85386d] [ROUTE] Controller=\App\Modules\Support\Controllers\AccountSupportController Method=index

[1 occurrence(s)]
DEBUG --> [REQ_ID=87762c85386d] [LIFECYCLE][START] GET https://www.mymiwallet.com/index.php/Support/Account

[1 occurrence(s)]
DEBUG --> [CSRF] token name=csrf_test_name hash=eca29c67795b8128bf4173950ded4772

[1 occurrence(s)]
DEBUG --> [REQ_ID=2fc5c1e04115] [INIT] App\Modules\Support\Controllers\AccountSupportController::GET

[1 occurrence(s)]
DEBUG --> [REQ_ID=2fc5c1e04115] [METHOD_ENTRY] index

[1 occurrence(s)]
DEBUG --> [REQ_ID=2fc5c1e04115] [VIEW_RENDER] SupportModule/Support/account_help

[1 occurrence(s)]
DEBUG --> [REQ_ID=87762c85386d] [FILTER_AFTER]

[1 occurrence(s)]
DEBUG --> [REQ_ID=87762c85386d] [LIFECYCLE][END] status=200 duration_ms=23.47 memory_delta=0

[1 occurrence(s)]
DEBUG --> [REQ_ID=87762c85386d] [REQUEST][END]

[1 occurrence(s)]
DEBUG --> [REQ_ID=9fa8988b24e1] [REQUEST][START] GET /index.php/How-It-Works/Registering-An-Account

[1 occurrence(s)]
DEBUG --> [REQ_ID=9fa8988b24e1] [FILTER_BEFORE] /index.php/How-It-Works/Registering-An-Account

[1 occurrence(s)]
DEBUG --> [REQ_ID=9fa8988b24e1] [ROUTE] Controller=\App\Modules\Blog\Controllers\HowItWorksController Method=show

[1 occurrence(s)]
DEBUG --> [REQ_ID=9fa8988b24e1] [LIFECYCLE][START] GET https://www.mymiwallet.com/index.php/How-It-Works/Registering-An-Account

[1 occurrence(s)]
DEBUG --> [CSRF] token name=csrf_test_name hash=f305949bebe4452fbfd6d4824b76d3d3

[1 occurrence(s)]
DEBUG --> [REQ_ID=c093edf0a11c] [INIT] App\Modules\Blog\Controllers\HowItWorksController::GET

[1 occurrence(s)]
DEBUG --> [REQ_ID=c093edf0a11c] [METHOD_ENTRY] show

[1 occurrence(s)]
DEBUG --> [REQ_ID=c093edf0a11c] [VIEW_RENDER] App\Modules\Blog\Views\HowItWorks\Registering_An_Account

[1 occurrence(s)]
DEBUG --> [REQ_ID=9fa8988b24e1] [FILTER_AFTER]

[1 occurrence(s)]
DEBUG --> [REQ_ID=9fa8988b24e1] [LIFECYCLE][END] status=200 duration_ms=1,060.34 memory_delta=6291456

[1 occurrence(s)]
DEBUG --> [REQ_ID=9fa8988b24e1] [REQUEST][END]

[1 occurrence(s)]
DEBUG --> [REQ_ID=2b5ccabe1639] [REQUEST][START] GET /index.php/API/Management/Run-CRON-Tasks

[1 occurrence(s)]
DEBUG --> [REQ_ID=2b5ccabe1639] [FILTER_BEFORE] /index.php/API/Management/Run-CRON-Tasks

[1 occurrence(s)]
DEBUG --> [REQ_ID=2b5ccabe1639] [ROUTE] Controller=\App\Modules\Management\Controllers\ManagementAPIController Method=Run_CRON_Tasks

[1 occurrence(s)]
DEBUG --> [REQ_ID=2b5ccabe1639] [LIFECYCLE][START] GET https://www.mymiwallet.com/index.php/API/Management/Run-CRON-Tasks

[1 occurrence(s)]
DEBUG --> [REQ_ID=2b5ccabe1639] [REQUEST][END]


---------------------------
LEVEL: INFO
---------------------------

[12 occurrence(s)]
INFO --> [spark:aiops:run] Intent

[89 occurrence(s)]
INFO --> [spark:ops:work] Started

[89 occurrence(s)]
INFO --> [spark:ops:work] Intent

[89 occurrence(s)]
INFO --> [spark:ops:work] Completed

[13 occurrence(s)]
INFO --> [AIOPS][SPARK][GOVERNANCE][spark:logs:summarize] Started

[13 occurrence(s)]
INFO --> [spark:logs:summarize] Intent

[12 occurrence(s)]
INFO --> [AIOPS][SPARK][GOVERNANCE][spark:logs:summarize] Completed

[11 occurrence(s)]
INFO --> [spark:app:healthcheck] Started

[11 occurrence(s)]
INFO --> [spark:app:healthcheck] Intent

[1 occurrence(s)]
INFO --> LOG_HEALTHCHECK info marker=cc12dc562386

[11 occurrence(s)]
INFO --> [spark:app:healthcheck] Completed

[49 occurrence(s)]
INFO --> themesMemory usage: 10485760

[34 occurrence(s)]
INFO --> themesMemory usage: 8388608

[5 occurrence(s)]
INFO --> CSRF token verified.

[2 occurrence(s)]
INFO --> [REGISTRATION] Submission received

[2 occurrence(s)]
INFO --> MailService queued email

[2 occurrence(s)]
INFO --> [REGISTRATION] Validation passed (basic fields)

[2 occurrence(s)]
INFO --> [REGISTRATION] Validation passed (password fields)

[1 occurrence(s)]
INFO --> Registration created user_id=11693, email=e.l.na.h.a.sy.as.ser@gmail.com, username=RxphvdwvOKNsFrEZkPavu, active=, requiresActivation=1, loginIdentifier=username

[2 occurrence(s)]
INFO --> [REGISTRATION] User record created

[1 occurrence(s)]
INFO --> OnboardingProgressService: created onboarding record for user_id=11693

[1 occurrence(s)]
INFO --> Registration succeeded for e.l.na.h.a.sy.as.ser@gmail.com (event e5ad737e523ca0c2)

[2 occurrence(s)]
INFO --> [REGISTRATION] Activation email queued

[1 occurrence(s)]
INFO --> Registration redirecting to success guide for user_id=11693

[2 occurrence(s)]
INFO --> AuthController::registerSuccess view rendered.

[2 occurrence(s)]
INFO --> AuthController L93: Auth:attemptLogin started.

[2 occurrence(s)]
INFO --> AuthController L104: Auth:attemptLogin rules: {"login":"required","password":"required"}

[1 occurrence(s)]
INFO --> AuthController L132: Auth:attemptLogin Login Variables: login: required, remember: false, ip: 192.42.116.47, ua: "Mozilla/5.0 (Macintosh; Intel Mac OS X 10_15_7) AppleWebKit/537.36 (KHTML, like Gecko) Chrome/142.0.0.0 Safari/537.36"

[3 occurrence(s)]
INFO --> themesMemory usage: 12582912

[1 occurrence(s)]
INFO --> [AUTH] Password reset requested

[1 occurrence(s)]
INFO --> [AUTH] Password reset email sent

[2 occurrence(s)]
INFO --> [REGISTRATION] Form loaded

[3 occurrence(s)]
INFO --> themesMemory usage: 4194304

[6 occurrence(s)]
INFO --> themesMemory usage: 6291456

[1 occurrence(s)]
INFO --> LOG_HEALTHCHECK info marker=0503468f91fd

[4 occurrence(s)]
INFO --> [ACTIVATION] Activation link hit

[7 occurrence(s)]
INFO --> themesMemory usage: 14680064

[1 occurrence(s)]
INFO --> [spark:spark-reset] Intent

[1 occurrence(s)]
INFO --> [SPARK_START] App\Commands\Ollama\Health

[127 occurrence(s)]
INFO --> [SPARK_MEMORY] 16777216

[1 occurrence(s)]
INFO --> [spark:ollama:health] Intent

[1 occurrence(s)]
INFO --> Ollama call success

[1 occurrence(s)]
INFO --> [SPARK_COMPLETE] App\Commands\Ollama\Health duration=0.007371

[2 occurrence(s)]
INFO --> [SPARK_START] App\Commands\Ollama\Circuit\Status

[2 occurrence(s)]
INFO --> [spark:ollama:circuit:status] Intent

[1 occurrence(s)]
INFO --> [SPARK_COMPLETE] App\Commands\Ollama\Circuit\Status duration=0.001291

[1 occurrence(s)]
INFO --> [SPARK_START] App\Commands\Ollama\Generate

[1 occurrence(s)]
INFO --> [spark:ollama:generate] Intent

[1 occurrence(s)]
INFO --> [SPARK_COMPLETE] App\Commands\Ollama\Generate duration=0.001696

[1 occurrence(s)]
INFO --> [SPARK_COMPLETE] App\Commands\Ollama\Circuit\Status duration=0.001207

[1 occurrence(s)]
INFO --> [SPARK_START] App\Commands\Ollama\Circuit\Reset

[1 occurrence(s)]
INFO --> [spark:ollama:circuit:reset] Intent

[1 occurrence(s)]
INFO --> [SPARK_COMPLETE] App\Commands\Ollama\Circuit\Reset duration=0.001214

[1 occurrence(s)]
INFO --> [REQ_ID=e9c81dc469b6] [MEMORY][controller-start] 6291456

[1 occurrence(s)]
INFO --> [REQ_ID=e9c81dc469b6] [MEMORY][commonData:start] 6291456

[1 occurrence(s)]
INFO --> [REQ_ID=e9c81dc469b6] [MEMORY][commonData:start] 10485760

[1 occurrence(s)]
INFO --> [REQ_ID=e9c81dc469b6] [PERF] Execution time=0.699306

[1 occurrence(s)]
INFO --> [REQ_ID=195bddcb1398] [PERF] Execution time=0.739103

[1 occurrence(s)]
INFO --> [REQ_ID=974ebcadee18] [MEMORY][controller-start] 4194304

[1 occurrence(s)]
INFO --> [REQ_ID=974ebcadee18] [MEMORY][commonData:start] 6291456

[1 occurrence(s)]
INFO --> DashboardController L72 - $checkingSummary: 8784.01

[1 occurrence(s)]
INFO --> getSolanaData: invalid address param

[1 occurrence(s)]
INFO --> [REQ_ID=974ebcadee18] [PERF] Execution time=0.625117

[1 occurrence(s)]
INFO --> [REQ_ID=e1047f66a7f7] [PERF] Execution time=0.645487

[76 occurrence(s)]
INFO --> [SPARK_START] App\Commands\Ops\Work

[1 occurrence(s)]
INFO --> [SPARK_COMPLETE] App\Commands\Ops\Work duration=0.062995

[93 occurrence(s)]
INFO --> [SPARK_MEMORY] 18874368

[1 occurrence(s)]
INFO --> [REQ_ID=bec8ee44759c] [PERF] Execution time=0.061921

[1 occurrence(s)]
INFO --> [SPARK_START] App\Commands\AIOps\Status

[1 occurrence(s)]
INFO --> [spark:aiops:status] Intent

[1 occurrence(s)]
INFO --> [SPARK_COMPLETE] App\Commands\AIOps\Status duration=0.794155

[1 occurrence(s)]
INFO --> [REQ_ID=400a8278e1b0] [PERF] Execution time=0.055589

[1 occurrence(s)]
INFO --> [REQ_ID=cd8bfd3d07c1] [MEMORY][controller-start] 4194304

[1 occurrence(s)]
INFO --> [REQ_ID=cd8bfd3d07c1] [PERF] Execution time=0.204053

[1 occurrence(s)]
INFO --> [REQ_ID=973edca7ccc7] [PERF] Execution time=0.216755

[1 occurrence(s)]
INFO --> [SPARK_COMPLETE] App\Commands\Ops\Work duration=0.040198

[1 occurrence(s)]
INFO --> [REQ_ID=1eb5aeca5cf7] [MEMORY][controller-start] 6291456

[1 occurrence(s)]
INFO --> [REQ_ID=1eb5aeca5cf7] [MEMORY][commonData:start] 6291456

[1 occurrence(s)]
INFO --> [REQ_ID=1eb5aeca5cf7] [MEMORY][commonData:start] 10485760

[1 occurrence(s)]
INFO --> [REQ_ID=1eb5aeca5cf7] [PERF] Execution time=0.565784

[1 occurrence(s)]
INFO --> [REQ_ID=b1bd97a83aa5] [PERF] Execution time=0.605561

[1 occurrence(s)]
INFO --> [REQ_ID=ecb1132ed58f] [MEMORY][controller-start] 6291456

[1 occurrence(s)]
INFO --> [REQ_ID=ecb1132ed58f] [MEMORY][commonData:start] 6291456

[1 occurrence(s)]
INFO --> [REQ_ID=ecb1132ed58f] [MEMORY][commonData:start] 8388608

[1 occurrence(s)]
INFO --> [REQ_ID=ecb1132ed58f] [PERF] Execution time=0.647660

[1 occurrence(s)]
INFO --> [REQ_ID=8f50a2fc9d6f] [PERF] Execution time=0.656684

[1 occurrence(s)]
INFO --> [REQ_ID=65295e83fc3d] [PERF] Execution time=0.056197

[1 occurrence(s)]
INFO --> [REQ_ID=7f0b1ae9045d] [MEMORY][controller-start] 4194304

[1 occurrence(s)]
INFO --> [REQ_ID=7f0b1ae9045d] [PERF] Execution time=0.034981

[1 occurrence(s)]
INFO --> [REQ_ID=eb1b8005417f] [PERF] Execution time=0.047082

[1 occurrence(s)]
INFO --> [SPARK_COMPLETE] App\Commands\Ops\Work duration=0.042512

[10 occurrence(s)]
INFO --> [SPARK_START] App\Commands\AIOps\Run

[1 occurrence(s)]
INFO --> [SPARK_COMPLETE] App\Commands\Ops\Work duration=0.054798

[1 occurrence(s)]
INFO --> [REQ_ID=add402ee0eac] [PERF] Execution time=0.115311

[10 occurrence(s)]
INFO --> [SPARK_START] App\Commands\Logs\Summarize

[1 occurrence(s)]
INFO --> [SPARK_COMPLETE] App\Commands\Logs\Summarize duration=0.004633

[9 occurrence(s)]
INFO --> [SPARK_START] App\Commands\App\Healthcheck

[1 occurrence(s)]
INFO --> LOG_HEALTHCHECK info marker=ab23ba9fe991

[1 occurrence(s)]
INFO --> [SPARK_COMPLETE] App\Commands\App\Healthcheck duration=0.028753

[1 occurrence(s)]
INFO --> [SPARK_COMPLETE] App\Commands\AIOps\Run duration=242.062265

[1 occurrence(s)]
INFO --> [SPARK_COMPLETE] App\Commands\Ops\Work duration=0.050356

[1 occurrence(s)]
INFO --> [REQ_ID=f2fdd3826ad2] [PERF] Execution time=0.075546

[1 occurrence(s)]
INFO --> [REQ_ID=194714be8088] [MEMORY][controller-start] 6291456

[1 occurrence(s)]
INFO --> [REQ_ID=194714be8088] [MEMORY][commonData:start] 6291456

[1 occurrence(s)]
INFO --> [REQ_ID=194714be8088] [MEMORY][commonData:start] 10485760

[1 occurrence(s)]
INFO --> [REQ_ID=194714be8088] [PERF] Execution time=0.721401

[1 occurrence(s)]
INFO --> [REQ_ID=1a4bcadf6522] [PERF] Execution time=0.763223

[1 occurrence(s)]
INFO --> [SPARK_COMPLETE] App\Commands\Ops\Work duration=0.026084

[1 occurrence(s)]
INFO --> [REQ_ID=e1284fcd7386] [MEMORY][controller-start] 6291456

[1 occurrence(s)]
INFO --> [REQ_ID=e1284fcd7386] [MEMORY][commonData:start] 6291456

[1 occurrence(s)]
INFO --> [REQ_ID=e1284fcd7386] [MEMORY][commonData:start] 10485760

[1 occurrence(s)]
INFO --> [REQ_ID=e1284fcd7386] [PERF] Execution time=1.220476

[1 occurrence(s)]
INFO --> [REQ_ID=d68e8280a90d] [PERF] Execution time=1.264025

[1 occurrence(s)]
INFO --> [REQ_ID=256c8d07f689] [PERF] Execution time=0.013820

[1 occurrence(s)]
INFO --> [REQ_ID=0cbbe92ec50d] [PERF] Execution time=0.015403

[1 occurrence(s)]
INFO --> [REQ_ID=ee46cc168d93] [MEMORY][controller-start] 4194304

[1 occurrence(s)]
INFO --> [REQ_ID=ee46cc168d93] [PERF] Execution time=0.022437

[1 occurrence(s)]
INFO --> [REQ_ID=55b6b9a08945] [PERF] Execution time=0.035520

[1 occurrence(s)]
INFO --> [REQ_ID=637375a2a102] [MEMORY][controller-start] 6291456

[1 occurrence(s)]
INFO --> [REQ_ID=637375a2a102] [MEMORY][commonData:start] 6291456

[1 occurrence(s)]
INFO --> [REQ_ID=637375a2a102] [MEMORY][commonData:start] 10485760

[1 occurrence(s)]
INFO --> [REQ_ID=637375a2a102] [PERF] Execution time=0.573729

[1 occurrence(s)]
INFO --> [REQ_ID=1de0500ad44b] [PERF] Execution time=0.613538

[1 occurrence(s)]
INFO --> [REQ_ID=c6d497c29c16] [MEMORY][controller-start] 6291456

[1 occurrence(s)]
INFO --> [REQ_ID=c6d497c29c16] [MEMORY][commonData:start] 6291456

[1 occurrence(s)]
INFO --> [REQ_ID=c6d497c29c16] [MEMORY][commonData:start] 8388608

[1 occurrence(s)]
INFO --> [REQ_ID=c6d497c29c16] [PERF] Execution time=0.605577

[1 occurrence(s)]
INFO --> [REQ_ID=87ed171741f9] [PERF] Execution time=0.615663

[1 occurrence(s)]
INFO --> [REQ_ID=07162844f9ef] [MEMORY][controller-start] 6291456

[1 occurrence(s)]
INFO --> [REQ_ID=07162844f9ef] [MEMORY][commonData:start] 6291456

[1 occurrence(s)]
INFO --> [REQ_ID=07162844f9ef] [MEMORY][commonData:start] 8388608

[1 occurrence(s)]
INFO --> [REQ_ID=07162844f9ef] [PERF] Execution time=0.548040

[1 occurrence(s)]
INFO --> [REQ_ID=df932b17e5a4] [PERF] Execution time=0.557479

[1 occurrence(s)]
INFO --> [REQ_ID=241ae51f4ad4] [MEMORY][controller-start] 6291456

[1 occurrence(s)]
INFO --> [REQ_ID=241ae51f4ad4] [MEMORY][commonData:start] 6291456

[1 occurrence(s)]
INFO --> [REQ_ID=241ae51f4ad4] [MEMORY][commonData:start] 8388608

[1 occurrence(s)]
INFO --> [REQ_ID=241ae51f4ad4] [PERF] Execution time=0.529471

[1 occurrence(s)]
INFO --> [REQ_ID=22130d42737d] [PERF] Execution time=0.545298

[1 occurrence(s)]
INFO --> [REQ_ID=9d80922197bf] [MEMORY][controller-start] 6291456

[1 occurrence(s)]
INFO --> [REQ_ID=9d80922197bf] [MEMORY][commonData:start] 6291456

[1 occurrence(s)]
INFO --> [REQ_ID=9d80922197bf] [PERF] Execution time=0.538956

[1 occurrence(s)]
INFO --> [REQ_ID=1b096e5bbd1f] [PERF] Execution time=0.552952

[1 occurrence(s)]
INFO --> [REQ_ID=46e1066f7dff] [MEMORY][controller-start] 8388608

[1 occurrence(s)]
INFO --> [REQ_ID=46e1066f7dff] [MEMORY][commonData:start] 8388608

[1 occurrence(s)]
INFO --> [REQ_ID=46e1066f7dff] [PERF] Execution time=0.018732

[1 occurrence(s)]
INFO --> [REQ_ID=84872cbaa512] [MEMORY][controller-start] 6291456

[1 occurrence(s)]
INFO --> [REQ_ID=84872cbaa512] [MEMORY][commonData:start] 6291456

[1 occurrence(s)]
INFO --> [REQ_ID=84872cbaa512] [PERF] Execution time=0.017646

[1 occurrence(s)]
INFO --> [REQ_ID=47fa79cbb08b] [MEMORY][controller-start] 4194304

[1 occurrence(s)]
INFO --> [REQ_ID=47fa79cbb08b] [MEMORY][commonData:start] 4194304

[1 occurrence(s)]
INFO --> [REQ_ID=47fa79cbb08b] [PERF] Execution time=0.018699

[1 occurrence(s)]
INFO --> [REQ_ID=d596a4920280] [PERF] Execution time=0.011980

[1 occurrence(s)]
INFO --> [REQ_ID=8db7e1c0f543] [MEMORY][controller-start] 4194304

[1 occurrence(s)]
INFO --> [REQ_ID=8db7e1c0f543] [PERF] Execution time=0.019012

[1 occurrence(s)]
INFO --> [REQ_ID=446ec9b79908] [PERF] Execution time=0.031847

[1 occurrence(s)]
INFO --> [REQ_ID=4153496b82b9] [MEMORY][controller-start] 4194304

[1 occurrence(s)]
INFO --> [REQ_ID=4153496b82b9] [PERF] Execution time=0.018594

[1 occurrence(s)]
INFO --> [REQ_ID=565b8dabfe14] [PERF] Execution time=0.028680

[1 occurrence(s)]
INFO --> [REQ_ID=13b608e075c3] [PERF] Execution time=0.010383

[1 occurrence(s)]
INFO --> [REQ_ID=6d0dedd5584f] [MEMORY][controller-start] 4194304

[1 occurrence(s)]
INFO --> [REQ_ID=6d0dedd5584f] [PERF] Execution time=0.026833

[1 occurrence(s)]
INFO --> [REQ_ID=62e234618879] [PERF] Execution time=0.037887

[1 occurrence(s)]
INFO --> [REQ_ID=34b461b1a052] [PERF] Execution time=0.010311

[1 occurrence(s)]
INFO --> [REQ_ID=ecbb36f868de] [MEMORY][controller-start] 4194304

[1 occurrence(s)]
INFO --> [REQ_ID=ecbb36f868de] [PERF] Execution time=0.034054

[1 occurrence(s)]
INFO --> [REQ_ID=4bfb78aec108] [PERF] Execution time=0.044203

[1 occurrence(s)]
INFO --> [REQ_ID=c133c941deb1] [PERF] Execution time=0.010447

[1 occurrence(s)]
INFO --> [REQ_ID=2b60ce231842] [MEMORY][controller-start] 4194304

[1 occurrence(s)]
INFO --> [REQ_ID=2b60ce231842] [PERF] Execution time=0.077405

[1 occurrence(s)]
INFO --> [REQ_ID=70bc67159bbc] [PERF] Execution time=0.087415

[1 occurrence(s)]
INFO --> [REQ_ID=46ef2ef3d2b8] [MEMORY][controller-start] 4194304

[1 occurrence(s)]
INFO --> [REQ_ID=46ef2ef3d2b8] [MEMORY][commonData:start] 4194304

[1 occurrence(s)]
INFO --> [REQ_ID=46ef2ef3d2b8] [MEMORY][commonData:start] 8388608

[1 occurrence(s)]
INFO --> [REQ_ID=46ef2ef3d2b8] [PERF] Execution time=0.993962

[1 occurrence(s)]
INFO --> [REQ_ID=2833c2740572] [PERF] Execution time=1.004390

[1 occurrence(s)]
INFO --> [REQ_ID=418e6e66ddb1] [MEMORY][controller-start] 8388608

[1 occurrence(s)]
INFO --> [REQ_ID=418e6e66ddb1] [PERF] Execution time=0.016284

[1 occurrence(s)]
INFO --> [REQ_ID=7c966d5b3e0a] [PERF] Execution time=0.026567

[1 occurrence(s)]
INFO --> [REQ_ID=015ac6c670ae] [MEMORY][controller-start] 6291456

[1 occurrence(s)]
INFO --> [REQ_ID=015ac6c670ae] [PERF] Execution time=0.042185

[1 occurrence(s)]
INFO --> [REQ_ID=275fdbdef95f] [PERF] Execution time=0.053958

[1 occurrence(s)]
INFO --> [REQ_ID=787cfb654f81] [MEMORY][controller-start] 4194304

[1 occurrence(s)]
INFO --> [REQ_ID=787cfb654f81] [PERF] Execution time=0.019892

[1 occurrence(s)]
INFO --> [REQ_ID=0c623837e022] [PERF] Execution time=0.031908

[1 occurrence(s)]
INFO --> [REQ_ID=f4176eaa2012] [MEMORY][controller-start] 4194304

[1 occurrence(s)]
INFO --> [REQ_ID=f4176eaa2012] [PERF] Execution time=0.112550

[1 occurrence(s)]
INFO --> [REQ_ID=c41afb4b4988] [PERF] Execution time=0.122228

[1 occurrence(s)]
INFO --> [REQ_ID=16d1815cc2df] [MEMORY][controller-start] 4194304

[1 occurrence(s)]
INFO --> [REQ_ID=16d1815cc2df] [PERF] Execution time=0.019443

[1 occurrence(s)]
INFO --> [REQ_ID=c8a18f8dc814] [PERF] Execution time=0.029234

[1 occurrence(s)]
INFO --> [REQ_ID=9e6e2654862d] [MEMORY][controller-start] 4194304

[1 occurrence(s)]
INFO --> [REQ_ID=9e6e2654862d] [MEMORY][commonData:start] 4194304

[1 occurrence(s)]
INFO --> [REQ_ID=9e6e2654862d] [MEMORY][commonData:start] 8388608

[1 occurrence(s)]
INFO --> [REQ_ID=9e6e2654862d] [PERF] Execution time=0.583591

[1 occurrence(s)]
INFO --> [REQ_ID=53a7de6a24a5] [PERF] Execution time=0.593289

[1 occurrence(s)]
INFO --> [REQ_ID=275691f26b36] [MEMORY][controller-start] 6291456

[1 occurrence(s)]
INFO --> [REQ_ID=275691f26b36] [MEMORY][commonData:start] 6291456

[1 occurrence(s)]
INFO --> [REQ_ID=275691f26b36] [MEMORY][commonData:start] 8388608

[1 occurrence(s)]
INFO --> [REQ_ID=275691f26b36] [PERF] Execution time=0.507873

[1 occurrence(s)]
INFO --> [REQ_ID=643457dc5a58] [PERF] Execution time=0.517649

[1 occurrence(s)]
INFO --> [REQ_ID=e883779219c8] [MEMORY][controller-start] 6291456

[1 occurrence(s)]
INFO --> [REQ_ID=e883779219c8] [MEMORY][commonData:start] 6291456

[1 occurrence(s)]
INFO --> [REQ_ID=e883779219c8] [PERF] Execution time=0.500443

[1 occurrence(s)]
INFO --> [REQ_ID=bdd24c31267b] [PERF] Execution time=0.511827

[1 occurrence(s)]
INFO --> [REQ_ID=461b527ef0aa] [MEMORY][controller-start] 6291456

[1 occurrence(s)]
INFO --> [REQ_ID=461b527ef0aa] [MEMORY][commonData:start] 6291456

[1 occurrence(s)]
INFO --> [REQ_ID=461b527ef0aa] [PERF] Execution time=0.023319

[1 occurrence(s)]
INFO --> [REQ_ID=0e1b532930f0] [MEMORY][controller-start] 4194304

[1 occurrence(s)]
INFO --> [REQ_ID=0e1b532930f0] [MEMORY][commonData:start] 4194304

[1 occurrence(s)]
INFO --> [REQ_ID=0e1b532930f0] [PERF] Execution time=0.015112

[1 occurrence(s)]
INFO --> [REQ_ID=557644100a34] [MEMORY][controller-start] 4194304

[1 occurrence(s)]
INFO --> [REQ_ID=557644100a34] [MEMORY][commonData:start] 4194304

[1 occurrence(s)]
INFO --> [REQ_ID=557644100a34] [PERF] Execution time=0.014699

[1 occurrence(s)]
INFO --> [REQ_ID=ff66690cb153] [MEMORY][controller-start] 4194304

[1 occurrence(s)]
INFO --> [REQ_ID=ff66690cb153] [PERF] Execution time=0.017424

[1 occurrence(s)]
INFO --> [REQ_ID=7d95c6ce16eb] [PERF] Execution time=0.031099

[1 occurrence(s)]
INFO --> [REQ_ID=25a7cf18a89c] [MEMORY][controller-start] 4194304

[1 occurrence(s)]
INFO --> [REQ_ID=25a7cf18a89c] [MEMORY][commonData:start] 4194304

[1 occurrence(s)]
INFO --> [REQ_ID=25a7cf18a89c] [MEMORY][commonData:start] 8388608

[1 occurrence(s)]
INFO --> [REQ_ID=25a7cf18a89c] [PERF] Execution time=0.991694

[1 occurrence(s)]
INFO --> [REQ_ID=8f501cbc9019] [PERF] Execution time=1.002435

[1 occurrence(s)]
INFO --> [REQ_ID=4bbb85f1872c] [MEMORY][controller-start] 8388608

[1 occurrence(s)]
INFO --> [REQ_ID=4bbb85f1872c] [PERF] Execution time=0.017033

[1 occurrence(s)]
INFO --> [REQ_ID=64fd2332d337] [PERF] Execution time=0.026767

[1 occurrence(s)]
INFO --> [REQ_ID=29dd5e1bf1a3] [MEMORY][controller-start] 6291456

[1 occurrence(s)]
INFO --> [REQ_ID=29dd5e1bf1a3] [PERF] Execution time=0.027320

[1 occurrence(s)]
INFO --> [REQ_ID=190671d01c44] [PERF] Execution time=0.037564

[1 occurrence(s)]
INFO --> [REQ_ID=376e145ba7e0] [MEMORY][controller-start] 4194304

[1 occurrence(s)]
INFO --> [REQ_ID=376e145ba7e0] [PERF] Execution time=0.015522

[1 occurrence(s)]
INFO --> [REQ_ID=ea74bf963be9] [PERF] Execution time=0.026905

[1 occurrence(s)]
INFO --> [REQ_ID=ca34b711d487] [MEMORY][controller-start] 4194304

[1 occurrence(s)]
INFO --> [REQ_ID=ca34b711d487] [PERF] Execution time=0.020676

[1 occurrence(s)]
INFO --> [REQ_ID=4fe8e783c752] [PERF] Execution time=0.030724

[1 occurrence(s)]
INFO --> [REQ_ID=b70a814813a9] [MEMORY][controller-start] 4194304

[1 occurrence(s)]
INFO --> [REQ_ID=b70a814813a9] [PERF] Execution time=0.013601

[1 occurrence(s)]
INFO --> [REQ_ID=0e844edd9b7d] [PERF] Execution time=0.023267

[1 occurrence(s)]
INFO --> [REQ_ID=f107dfdb8520] [MEMORY][controller-start] 4194304

[1 occurrence(s)]
INFO --> [REQ_ID=f107dfdb8520] [PERF] Execution time=0.015193

[1 occurrence(s)]
INFO --> [REQ_ID=0064a355128b] [PERF] Execution time=0.024626

[1 occurrence(s)]
INFO --> [SPARK_COMPLETE] App\Commands\Ops\Work duration=0.049869

[1 occurrence(s)]
INFO --> [REQ_ID=94e2fb57b688] [PERF] Execution time=0.056128

[1 occurrence(s)]
INFO --> [REQ_ID=967a53da88f3] [MEMORY][controller-start] 4194304

[1 occurrence(s)]
INFO --> [REQ_ID=967a53da88f3] [PERF] Execution time=0.154742

[1 occurrence(s)]
INFO --> [REQ_ID=2e7ed34e9037] [PERF] Execution time=0.169002

[1 occurrence(s)]
INFO --> [REQ_ID=4cb03baee637] [MEMORY][controller-start] 6291456

[1 occurrence(s)]
INFO --> [REQ_ID=4cb03baee637] [MEMORY][commonData:start] 6291456

[1 occurrence(s)]
INFO --> [REQ_ID=4cb03baee637] [MEMORY][commonData:start] 10485760

[1 occurrence(s)]
INFO --> [REQ_ID=4cb03baee637] [PERF] Execution time=0.594261

[1 occurrence(s)]
INFO --> [REQ_ID=054e7244d4c6] [PERF] Execution time=0.636900

[1 occurrence(s)]
INFO --> [REQ_ID=cf0ccb4d6730] [PERF] Execution time=0.017659

[1 occurrence(s)]
INFO --> [REQ_ID=cc03ee3f4bcb] [MEMORY][controller-start] 4194304

[1 occurrence(s)]
INFO --> [REQ_ID=cc03ee3f4bcb] [PERF] Execution time=0.186861

[1 occurrence(s)]
INFO --> [REQ_ID=58a7ba3e2997] [PERF] Execution time=0.200366

[1 occurrence(s)]
INFO --> [REQ_ID=7b82c5b7676f] [MEMORY][controller-start] 6291456

[1 occurrence(s)]
INFO --> [REQ_ID=7b82c5b7676f] [MEMORY][commonData:start] 6291456

[1 occurrence(s)]
INFO --> [REQ_ID=7b82c5b7676f] [MEMORY][commonData:start] 10485760

[1 occurrence(s)]
INFO --> [REQ_ID=7b82c5b7676f] [PERF] Execution time=0.559340

[1 occurrence(s)]
INFO --> [REQ_ID=af7bac807c8e] [PERF] Execution time=0.599515

[1 occurrence(s)]
INFO --> [REQ_ID=c0cb731e8b71] [PERF] Execution time=0.044129

[1 occurrence(s)]
INFO --> [SPARK_COMPLETE] App\Commands\Ops\Work duration=0.110375

[1 occurrence(s)]
INFO --> [REQ_ID=965f9b7dcab7] [PERF] Execution time=0.057094

[1 occurrence(s)]
INFO --> [REQ_ID=10fb387bf8a5] [MEMORY][controller-start] 4194304

[1 occurrence(s)]
INFO --> [REQ_ID=10fb387bf8a5] [PERF] Execution time=0.132692

[1 occurrence(s)]
INFO --> [REQ_ID=d0573e289f4c] [PERF] Execution time=0.144401

[1 occurrence(s)]
INFO --> [SPARK_COMPLETE] App\Commands\Ops\Work duration=0.022455

[1 occurrence(s)]
INFO --> [REQ_ID=7c59662ab837] [PERF] Execution time=0.109386

[1 occurrence(s)]
INFO --> [SPARK_COMPLETE] App\Commands\Ops\Work duration=0.032058

[1 occurrence(s)]
INFO --> [SPARK_COMPLETE] App\Commands\Ops\Work duration=0.032669

[1 occurrence(s)]
INFO --> [REQ_ID=b62ee31fbdab] [PERF] Execution time=0.057296

[1 occurrence(s)]
INFO --> [REQ_ID=3d6be55fc7a1] [MEMORY][controller-start] 4194304

[1 occurrence(s)]
INFO --> [REQ_ID=3d6be55fc7a1] [PERF] Execution time=0.053738

[1 occurrence(s)]
INFO --> [REQ_ID=c72b01d5461d] [PERF] Execution time=0.066700

[1 occurrence(s)]
INFO --> [REQ_ID=1e7496256a88] [PERF] Execution time=0.052722

[1 occurrence(s)]
INFO --> [SPARK_COMPLETE] App\Commands\Ops\Work duration=0.127665

[1 occurrence(s)]
INFO --> [SPARK_COMPLETE] App\Commands\Logs\Summarize duration=0.014778

[1 occurrence(s)]
INFO --> LOG_HEALTHCHECK info marker=f0a501b73421

[1 occurrence(s)]
INFO --> [SPARK_COMPLETE] App\Commands\App\Healthcheck duration=0.027748

[1 occurrence(s)]
INFO --> [SPARK_COMPLETE] App\Commands\AIOps\Run duration=242.375559

[1 occurrence(s)]
INFO --> [REQ_ID=c3314610f155] [PERF] Execution time=0.057250

[1 occurrence(s)]
INFO --> [REQ_ID=4d3151ee7794] [MEMORY][controller-start] 4194304

[1 occurrence(s)]
INFO --> [REQ_ID=4d3151ee7794] [PERF] Execution time=0.057692

[1 occurrence(s)]
INFO --> [REQ_ID=4e3ad810c1f6] [PERF] Execution time=0.070272

[1 occurrence(s)]
INFO --> [REQ_ID=35787a46af4d] [PERF] Execution time=0.049391

[1 occurrence(s)]
INFO --> [SPARK_COMPLETE] App\Commands\Ops\Work duration=0.045083

[1 occurrence(s)]
INFO --> [REQ_ID=98b484d95469] [PERF] Execution time=0.058289

[1 occurrence(s)]
INFO --> [REQ_ID=c28f30e642fd] [MEMORY][controller-start] 4194304

[1 occurrence(s)]
INFO --> [REQ_ID=c28f30e642fd] [PERF] Execution time=0.279666

[1 occurrence(s)]
INFO --> [REQ_ID=b0a8997dc841] [PERF] Execution time=0.292197

[1 occurrence(s)]
INFO --> [SPARK_COMPLETE] App\Commands\Ops\Work duration=0.022519

[1 occurrence(s)]
INFO --> [SPARK_COMPLETE] App\Commands\Ops\Work duration=0.117290

[1 occurrence(s)]
INFO --> [REQ_ID=f14dd941a502] [PERF] Execution time=0.053511

[1 occurrence(s)]
INFO --> [REQ_ID=ec38d2dee8d7] [MEMORY][controller-start] 6291456

[1 occurrence(s)]
INFO --> [REQ_ID=ec38d2dee8d7] [MEMORY][commonData:start] 6291456

[1 occurrence(s)]
INFO --> [REQ_ID=ec38d2dee8d7] [MEMORY][commonData:start] 10485760

[1 occurrence(s)]
INFO --> [REQ_ID=ec38d2dee8d7] [PERF] Execution time=1.209511

[1 occurrence(s)]
INFO --> [REQ_ID=b05713f163c2] [PERF] Execution time=1.252796

[1 occurrence(s)]
INFO --> [SPARK_COMPLETE] App\Commands\Ops\Work duration=0.053653

[1 occurrence(s)]
INFO --> [REQ_ID=f93a1effd4b6] [PERF] Execution time=0.069175

[1 occurrence(s)]
INFO --> [REQ_ID=4a2b16379492] [MEMORY][controller-start] 4194304

[1 occurrence(s)]
INFO --> [REQ_ID=4a2b16379492] [MEMORY][commonData:start] 6291456

[1 occurrence(s)]
INFO --> [REQ_ID=4a2b16379492] [MEMORY][commonData:start] 8388608

[1 occurrence(s)]
INFO --> [REQ_ID=4a2b16379492] [PERF] Execution time=0.641054

[1 occurrence(s)]
INFO --> [REQ_ID=440491b16148] [PERF] Execution time=0.657754

[1 occurrence(s)]
INFO --> [REQ_ID=2384a2015c0c] [PERF] Execution time=0.063907

[1 occurrence(s)]
INFO --> [REQ_ID=8083200afc57] [MEMORY][controller-start] 4194304

[1 occurrence(s)]
INFO --> [REQ_ID=8083200afc57] [PERF] Execution time=0.097951

[1 occurrence(s)]
INFO --> [REQ_ID=308387403c16] [PERF] Execution time=0.111411

[1 occurrence(s)]
INFO --> [REQ_ID=387f4a68ee90] [MEMORY][controller-start] 6291456

[1 occurrence(s)]
INFO --> [REQ_ID=387f4a68ee90] [MEMORY][commonData:start] 6291456

[1 occurrence(s)]
INFO --> [REQ_ID=387f4a68ee90] [MEMORY][commonData:start] 10485760

[1 occurrence(s)]
INFO --> [REQ_ID=387f4a68ee90] [PERF] Execution time=1.347836

[1 occurrence(s)]
INFO --> [REQ_ID=42f699cc7d19] [PERF] Execution time=1.390894

[1 occurrence(s)]
INFO --> [REQ_ID=b2a4122f00c2] [PERF] Execution time=0.048614

[1 occurrence(s)]
INFO --> [SPARK_COMPLETE] App\Commands\Ops\Work duration=0.098937

[1 occurrence(s)]
INFO --> [REQ_ID=fb21fa98d4e7] [PERF] Execution time=0.054495

[1 occurrence(s)]
INFO --> [REQ_ID=28d21bf42908] [MEMORY][controller-start] 4194304

[1 occurrence(s)]
INFO --> [REQ_ID=28d21bf42908] [PERF] Execution time=0.123380

[1 occurrence(s)]
INFO --> [REQ_ID=01826dad5171] [PERF] Execution time=0.135491

[1 occurrence(s)]
INFO --> [SPARK_COMPLETE] App\Commands\Ops\Work duration=0.022909

[1 occurrence(s)]
INFO --> [REQ_ID=3c501adce9d4] [MEMORY][controller-start] 4194304

[1 occurrence(s)]
INFO --> [REQ_ID=3c501adce9d4] [MEMORY][commonData:start] 6291456

[1 occurrence(s)]
INFO --> [REQ_ID=3c501adce9d4] [MEMORY][commonData:start] 8388608

[1 occurrence(s)]
INFO --> [REQ_ID=3c501adce9d4] [PERF] Execution time=0.577325

[1 occurrence(s)]
INFO --> [REQ_ID=7143dcab35a8] [PERF] Execution time=0.598567

[1 occurrence(s)]
INFO --> [REQ_ID=2ed8bf89bf9d] [PERF] Execution time=0.052586

[1 occurrence(s)]
INFO --> [REQ_ID=3a2bdf229000] [MEMORY][controller-start] 4194304

[1 occurrence(s)]
INFO --> [REQ_ID=3a2bdf229000] [PERF] Execution time=0.056025

[1 occurrence(s)]
INFO --> [REQ_ID=e510111f4852] [PERF] Execution time=0.068548

[1 occurrence(s)]
INFO --> [REQ_ID=cc5d04f93635] [MEMORY][controller-start] 6291456

[1 occurrence(s)]
INFO --> [REQ_ID=cc5d04f93635] [MEMORY][commonData:start] 6291456

[1 occurrence(s)]
INFO --> [REQ_ID=cc5d04f93635] [MEMORY][commonData:start] 10485760

[1 occurrence(s)]
INFO --> [REQ_ID=cc5d04f93635] [PERF] Execution time=0.930175

[1 occurrence(s)]
INFO --> [REQ_ID=69ac9e8b6153] [PERF] Execution time=0.970260

[1 occurrence(s)]
INFO --> [REQ_ID=c9093745dbb9] [MEMORY][controller-start] 6291456

[1 occurrence(s)]
INFO --> [REQ_ID=c9093745dbb9] [PERF] Execution time=0.126786

[1 occurrence(s)]
INFO --> [REQ_ID=7fc755419e3c] [PERF] Execution time=0.140854

[1 occurrence(s)]
INFO --> [SPARK_COMPLETE] App\Commands\Ops\Work duration=0.121165

[1 occurrence(s)]
INFO --> [SPARK_COMPLETE] App\Commands\Ops\Work duration=0.052324

[1 occurrence(s)]
INFO --> [REQ_ID=cb51f8103044] [PERF] Execution time=0.132077

[1 occurrence(s)]
INFO --> [SPARK_COMPLETE] App\Commands\Logs\Summarize duration=0.015741

[1 occurrence(s)]
INFO --> LOG_HEALTHCHECK info marker=76f7e975c140

[1 occurrence(s)]
INFO --> [SPARK_COMPLETE] App\Commands\App\Healthcheck duration=0.039471

[1 occurrence(s)]
INFO --> [SPARK_COMPLETE] App\Commands\AIOps\Run duration=242.332150

[1 occurrence(s)]
INFO --> [REQ_ID=946133ed1c8f] [PERF] Execution time=0.058785

[1 occurrence(s)]
INFO --> [REQ_ID=2a8ee1183a92] [MEMORY][controller-start] 4194304

[1 occurrence(s)]
INFO --> [REQ_ID=2a8ee1183a92] [PERF] Execution time=0.129840

[1 occurrence(s)]
INFO --> [REQ_ID=6478104e9054] [PERF] Execution time=0.141531

[1 occurrence(s)]
INFO --> [REQ_ID=492e48d6baf1] [PERF] Execution time=0.046855

[1 occurrence(s)]
INFO --> [SPARK_COMPLETE] App\Commands\Ops\Work duration=0.042919

[1 occurrence(s)]
INFO --> [SPARK_COMPLETE] App\Commands\Ops\Work duration=0.024271

[1 occurrence(s)]
INFO --> [REQ_ID=79ce3a7df2d9] [MEMORY][controller-start] 6291456

[1 occurrence(s)]
INFO --> [REQ_ID=79ce3a7df2d9] [MEMORY][commonData:start] 6291456

[1 occurrence(s)]
INFO --> [REQ_ID=79ce3a7df2d9] [MEMORY][commonData:start] 10485760

[1 occurrence(s)]
INFO --> [REQ_ID=79ce3a7df2d9] [PERF] Execution time=0.670086

[1 occurrence(s)]
INFO --> [REQ_ID=118e8ceedb81] [PERF] Execution time=0.712056

[1 occurrence(s)]
INFO --> [REQ_ID=48897e9a2564] [MEMORY][controller-start] 6291456

[1 occurrence(s)]
INFO --> [REQ_ID=48897e9a2564] [MEMORY][commonData:start] 6291456

[1 occurrence(s)]
INFO --> [REQ_ID=48897e9a2564] [MEMORY][commonData:start] 10485760

[1 occurrence(s)]
INFO --> [REQ_ID=48897e9a2564] [PERF] Execution time=0.633647

[1 occurrence(s)]
INFO --> [REQ_ID=f5767090d6f7] [PERF] Execution time=0.673827

[1 occurrence(s)]
INFO --> [REQ_ID=ec925f23a04e] [PERF] Execution time=0.012123

[1 occurrence(s)]
INFO --> [REQ_ID=55a33d9581bf] [MEMORY][controller-start] 4194304

[1 occurrence(s)]
INFO --> [REQ_ID=55a33d9581bf] [PERF] Execution time=0.078259

[1 occurrence(s)]
INFO --> [REQ_ID=8c4eb1f1c676] [PERF] Execution time=0.089848

[1 occurrence(s)]
INFO --> [SPARK_COMPLETE] App\Commands\Ops\Work duration=0.038334

[1 occurrence(s)]
INFO --> [REQ_ID=3705973adda4] [PERF] Execution time=0.053159

[1 occurrence(s)]
INFO --> [REQ_ID=9fde81cfc351] [PERF] Execution time=0.013141

[1 occurrence(s)]
INFO --> [REQ_ID=9b2f855b92e8] [MEMORY][controller-start] 4194304

[1 occurrence(s)]
INFO --> [REQ_ID=9b2f855b92e8] [PERF] Execution time=0.096690

[1 occurrence(s)]
INFO --> [REQ_ID=de8cd965b831] [PERF] Execution time=0.108716

[1 occurrence(s)]
INFO --> [REQ_ID=2d9467205209] [MEMORY][controller-start] 4194304

[1 occurrence(s)]
INFO --> [REQ_ID=2d9467205209] [PERF] Execution time=0.015612

[1 occurrence(s)]
INFO --> [REQ_ID=59db77f42e39] [PERF] Execution time=0.024855

[1 occurrence(s)]
INFO --> [REQ_ID=4d7d85edc29a] [MEMORY][controller-start] 4194304

[1 occurrence(s)]
INFO --> [REQ_ID=4d7d85edc29a] [MEMORY][commonData:start] 6291456

[1 occurrence(s)]
INFO --> [REQ_ID=4d7d85edc29a] [MEMORY][commonData:start] 8388608

[1 occurrence(s)]
INFO --> [REQ_ID=4d7d85edc29a] [PERF] Execution time=0.593009

[1 occurrence(s)]
INFO --> [REQ_ID=d8033cc1fc1e] [PERF] Execution time=0.614928

[1 occurrence(s)]
INFO --> [REQ_ID=496626bd5fba] [PERF] Execution time=0.056609

[1 occurrence(s)]
INFO --> [REQ_ID=cfd00ce381fe] [MEMORY][controller-start] 4194304

[1 occurrence(s)]
INFO --> [REQ_ID=cfd00ce381fe] [PERF] Execution time=0.193031

[1 occurrence(s)]
INFO --> [REQ_ID=a89f5f6692c7] [PERF] Execution time=0.205433

[1 occurrence(s)]
INFO --> [REQ_ID=084823acc7cb] [PERF] Execution time=0.054550

[1 occurrence(s)]
INFO --> [REQ_ID=0a7fd1ba59af] [MEMORY][controller-start] 4194304

[1 occurrence(s)]
INFO --> [REQ_ID=0a7fd1ba59af] [PERF] Execution time=0.031761

[1 occurrence(s)]
INFO --> [REQ_ID=3f8ec7bdf5bc] [PERF] Execution time=0.043945

[1 occurrence(s)]
INFO --> [REQ_ID=e1d1eed3e41d] [PERF] Execution time=0.053086

[1 occurrence(s)]
INFO --> [REQ_ID=87affa76cebc] [MEMORY][controller-start] 4194304

[1 occurrence(s)]
INFO --> [REQ_ID=87affa76cebc] [PERF] Execution time=0.134945

[1 occurrence(s)]
INFO --> [REQ_ID=9286b4c4d56c] [PERF] Execution time=0.147043

[1 occurrence(s)]
INFO --> [SPARK_COMPLETE] App\Commands\Ops\Work duration=0.042384

[1 occurrence(s)]
INFO --> [REQ_ID=e660d0d6aaa6] [PERF] Execution time=0.049689

[1 occurrence(s)]
INFO --> [REQ_ID=199c37806596] [PERF] Execution time=0.057083

[1 occurrence(s)]
INFO --> [REQ_ID=b9ba3ce5c6ec] [MEMORY][controller-start] 4194304

[1 occurrence(s)]
INFO --> [REQ_ID=b9ba3ce5c6ec] [PERF] Execution time=0.098029

[1 occurrence(s)]
INFO --> [REQ_ID=924bcccdfb5e] [PERF] Execution time=0.109463

[1 occurrence(s)]
INFO --> [REQ_ID=361f1ea65ab2] [MEMORY][controller-start] 4194304

[1 occurrence(s)]
INFO --> [REQ_ID=361f1ea65ab2] [MEMORY][commonData:start] 6291456

[1 occurrence(s)]
INFO --> [REQ_ID=361f1ea65ab2] [MEMORY][commonData:start] 8388608

[1 occurrence(s)]
INFO --> [REQ_ID=361f1ea65ab2] [PERF] Execution time=0.526692

[1 occurrence(s)]
INFO --> [REQ_ID=ac35ea3c3806] [PERF] Execution time=0.536798

[1 occurrence(s)]
INFO --> [REQ_ID=e7a65d34934f] [MEMORY][controller-start] 6291456

[1 occurrence(s)]
INFO --> [REQ_ID=e7a65d34934f] [MEMORY][commonData:start] 6291456

[1 occurrence(s)]
INFO --> [REQ_ID=e7a65d34934f] [MEMORY][commonData:start] 10485760

[1 occurrence(s)]
INFO --> [REQ_ID=e7a65d34934f] [PERF] Execution time=0.558881

[1 occurrence(s)]
INFO --> [REQ_ID=0705af21f33e] [PERF] Execution time=0.598050

[1 occurrence(s)]
INFO --> [REQ_ID=c641004c01e7] [MEMORY][controller-start] 6291456

[1 occurrence(s)]
INFO --> [REQ_ID=c641004c01e7] [MEMORY][commonData:start] 6291456

[1 occurrence(s)]
INFO --> [REQ_ID=c641004c01e7] [MEMORY][commonData:start] 8388608

[1 occurrence(s)]
INFO --> [REQ_ID=c641004c01e7] [PERF] Execution time=1.269258

[1 occurrence(s)]
INFO --> [REQ_ID=6bbb6e48610a] [PERF] Execution time=1.283581

[1 occurrence(s)]
INFO --> [REQ_ID=f95aa656fef9] [MEMORY][controller-start] 8388608

[1 occurrence(s)]
INFO --> Registration created user_id=11694, email=denis.krasnikovvlb@gmail.com, username=DarrylTex, active=, requiresActivation=1, loginIdentifier=username

[1 occurrence(s)]
INFO --> OnboardingProgressService: created onboarding record for user_id=11694

[1 occurrence(s)]
INFO --> Registration succeeded for denis.krasnikovvlb@gmail.com (event 0320cdab2514967f)

[1 occurrence(s)]
INFO --> Registration redirecting to success guide for user_id=11694

[1 occurrence(s)]
INFO --> [REQ_ID=f95aa656fef9] [PERF] Execution time=1.060780

[1 occurrence(s)]
INFO --> [REQ_ID=0395c6aace9b] [PERF] Execution time=1.073277

[1 occurrence(s)]
INFO --> [REQ_ID=168336cb57ff] [MEMORY][controller-start] 6291456

[1 occurrence(s)]
INFO --> [REQ_ID=168336cb57ff] [PERF] Execution time=0.018316

[1 occurrence(s)]
INFO --> [REQ_ID=3bf96e9fa595] [MEMORY][controller-start] 4194304

[1 occurrence(s)]
INFO --> [REQ_ID=3bf96e9fa595] [PERF] Execution time=0.016676

[1 occurrence(s)]
INFO --> [REQ_ID=c46dc21625fd] [PERF] Execution time=0.025935

[1 occurrence(s)]
INFO --> [REQ_ID=b4edb4e96c1f] [MEMORY][controller-start] 4194304

[1 occurrence(s)]
INFO --> AuthController L132: Auth:attemptLogin Login Variables: login: required, remember: false, ip: 146.19.125.132, ua: Mozilla/5.0 (Windows NT 6.1; Win64; x64) AppleWebKit/537.36 (KHTML, like Gecko) Chrome/103.0.5060.114 Safari/537.36

[1 occurrence(s)]
INFO --> [REQ_ID=b4edb4e96c1f] [PERF] Execution time=0.098075

[1 occurrence(s)]
INFO --> [REQ_ID=5514de76846e] [PERF] Execution time=0.107870

[1 occurrence(s)]
INFO --> [REQ_ID=3542899c8af4] [MEMORY][controller-start] 4194304

[1 occurrence(s)]
INFO --> [REQ_ID=3542899c8af4] [PERF] Execution time=0.015494

[1 occurrence(s)]
INFO --> [REQ_ID=7c526363df9f] [PERF] Execution time=0.024480

[1 occurrence(s)]
INFO --> [REQ_ID=3b5426e09e94] [PERF] Execution time=0.057680

[1 occurrence(s)]
INFO --> [REQ_ID=a2de85edba53] [MEMORY][controller-start] 4194304

[1 occurrence(s)]
INFO --> [REQ_ID=a2de85edba53] [PERF] Execution time=0.204729

[1 occurrence(s)]
INFO --> [REQ_ID=3febaf53d7f0] [PERF] Execution time=0.216567

[1 occurrence(s)]
INFO --> [REQ_ID=1ade5bd62df8] [PERF] Execution time=0.058384

[1 occurrence(s)]
INFO --> [REQ_ID=19273a63b667] [MEMORY][controller-start] 4194304

[1 occurrence(s)]
INFO --> [REQ_ID=19273a63b667] [PERF] Execution time=0.101299

[1 occurrence(s)]
INFO --> [REQ_ID=54e119cfca77] [PERF] Execution time=0.114566

[1 occurrence(s)]
INFO --> [REQ_ID=6f12eee4c437] [PERF] Execution time=0.010041

[1 occurrence(s)]
INFO --> [REQ_ID=7334e632f13f] [MEMORY][controller-start] 4194304

[1 occurrence(s)]
INFO --> [REQ_ID=7334e632f13f] [PERF] Execution time=0.098913

[1 occurrence(s)]
INFO --> [REQ_ID=7976fa9368ae] [PERF] Execution time=0.107708

[1 occurrence(s)]
INFO --> [SPARK_COMPLETE] App\Commands\Ops\Work duration=0.021590

[1 occurrence(s)]
INFO --> [REQ_ID=f04faa86b948] [PERF] Execution time=0.076222

[1 occurrence(s)]
INFO --> [REQ_ID=d6dc0720031d] [PERF] Execution time=0.061515

[1 occurrence(s)]
INFO --> [REQ_ID=990319245c8c] [MEMORY][controller-start] 4194304

[1 occurrence(s)]
INFO --> [REQ_ID=990319245c8c] [PERF] Execution time=0.100914

[1 occurrence(s)]
INFO --> [REQ_ID=1fd752d22d10] [PERF] Execution time=0.117308

[1 occurrence(s)]
INFO --> [SPARK_COMPLETE] App\Commands\Ops\Work duration=0.035645

[1 occurrence(s)]
INFO --> [REQ_ID=0831de004769] [PERF] Execution time=0.058180

[1 occurrence(s)]
INFO --> [REQ_ID=bc90f5bf60c5] [MEMORY][controller-start] 4194304

[1 occurrence(s)]
INFO --> [REQ_ID=bc90f5bf60c5] [PERF] Execution time=0.036017

[1 occurrence(s)]
INFO --> [REQ_ID=9eb5dfe096f6] [PERF] Execution time=0.048207

[1 occurrence(s)]
INFO --> [REQ_ID=39be8d594aed] [PERF] Execution time=0.055162

[1 occurrence(s)]
INFO --> [REQ_ID=ec210d9ab69a] [MEMORY][controller-start] 4194304

[1 occurrence(s)]
INFO --> [REQ_ID=ec210d9ab69a] [PERF] Execution time=0.039802

[1 occurrence(s)]
INFO --> [REQ_ID=8173b7ab2593] [PERF] Execution time=0.052565

[1 occurrence(s)]
INFO --> [REQ_ID=1017b749c44e] [MEMORY][controller-start] 6291456

[1 occurrence(s)]
INFO --> [REQ_ID=1017b749c44e] [MEMORY][commonData:start] 6291456

[1 occurrence(s)]
INFO --> [REQ_ID=1017b749c44e] [MEMORY][commonData:start] 10485760

[1 occurrence(s)]
INFO --> [REQ_ID=1017b749c44e] [PERF] Execution time=1.315583

[1 occurrence(s)]
INFO --> [REQ_ID=0049bfecb74a] [PERF] Execution time=1.359207

[1 occurrence(s)]
INFO --> [SPARK_COMPLETE] App\Commands\Ops\Work duration=0.037298

[1 occurrence(s)]
INFO --> [REQ_ID=23796469bdb8] [PERF] Execution time=0.054415

[1 occurrence(s)]
INFO --> [REQ_ID=c860b8c4ceeb] [MEMORY][controller-start] 4194304

[1 occurrence(s)]
INFO --> [REQ_ID=c860b8c4ceeb] [PERF] Execution time=0.135363

[1 occurrence(s)]
INFO --> [REQ_ID=f6cde0b4b29c] [PERF] Execution time=0.147210

[1 occurrence(s)]
INFO --> [REQ_ID=6ef7e03070a8] [PERF] Execution time=0.263584

[1 occurrence(s)]
INFO --> [REQ_ID=13e2ccdae383] [PERF] Execution time=0.010801

[1 occurrence(s)]
INFO --> [REQ_ID=551838522bc1] [MEMORY][controller-start] 4194304

[1 occurrence(s)]
INFO --> [REQ_ID=551838522bc1] [PERF] Execution time=0.030298

[1 occurrence(s)]
INFO --> [REQ_ID=dd042237561a] [PERF] Execution time=0.041996

[1 occurrence(s)]
INFO --> [REQ_ID=f5f9da71cbf8] [MEMORY][controller-start] 4194304

[1 occurrence(s)]
INFO --> [REQ_ID=f5f9da71cbf8] [PERF] Execution time=0.016741

[1 occurrence(s)]
INFO --> [REQ_ID=ea88ba998250] [PERF] Execution time=0.026320

[1 occurrence(s)]
INFO --> [REQ_ID=71174b19db52] [PERF] Execution time=0.056984

[1 occurrence(s)]
INFO --> [REQ_ID=4f255558a8ca] [MEMORY][controller-start] 4194304

[1 occurrence(s)]
INFO --> [REQ_ID=4f255558a8ca] [PERF] Execution time=0.048927

[1 occurrence(s)]
INFO --> [REQ_ID=fe1be8dd4b31] [PERF] Execution time=0.060718

[1 occurrence(s)]
INFO --> [REQ_ID=181cc8518a5d] [PERF] Execution time=0.010696

[1 occurrence(s)]
INFO --> [REQ_ID=3e0e2cdaff3f] [MEMORY][controller-start] 4194304

[1 occurrence(s)]
INFO --> [REQ_ID=3e0e2cdaff3f] [PERF] Execution time=0.024010

[1 occurrence(s)]
INFO --> [REQ_ID=06083174a6a1] [PERF] Execution time=0.032766

[1 occurrence(s)]
INFO --> [REQ_ID=5391e2b693c3] [PERF] Execution time=0.049219

[1 occurrence(s)]
INFO --> [SPARK_COMPLETE] App\Commands\Ops\Work duration=0.218403

[1 occurrence(s)]
INFO --> [SPARK_COMPLETE] App\Commands\Logs\Summarize duration=0.018202

[1 occurrence(s)]
INFO --> LOG_HEALTHCHECK info marker=bfea7dfe8acb

[1 occurrence(s)]
INFO --> [SPARK_COMPLETE] App\Commands\App\Healthcheck duration=0.026889

[1 occurrence(s)]
INFO --> [SPARK_COMPLETE] App\Commands\AIOps\Run duration=242.171443

[1 occurrence(s)]
INFO --> [REQ_ID=8455d5fac92e] [PERF] Execution time=0.054734

[1 occurrence(s)]
INFO --> [REQ_ID=a1522ff72158] [MEMORY][controller-start] 4194304

[1 occurrence(s)]
INFO --> [REQ_ID=a1522ff72158] [PERF] Execution time=0.134197

[1 occurrence(s)]
INFO --> [REQ_ID=1289820aa8d3] [PERF] Execution time=0.150663

[1 occurrence(s)]
INFO --> [REQ_ID=5e2869435a08] [PERF] Execution time=0.061498

[1 occurrence(s)]
INFO --> [SPARK_COMPLETE] App\Commands\Ops\Work duration=0.110488

[1 occurrence(s)]
INFO --> [REQ_ID=bef4628dc767] [PERF] Execution time=0.030851

[1 occurrence(s)]
INFO --> [REQ_ID=b3c465219bbb] [MEMORY][controller-start] 4194304

[1 occurrence(s)]
INFO --> [REQ_ID=b3c465219bbb] [PERF] Execution time=0.054605

[1 occurrence(s)]
INFO --> [REQ_ID=d783701c0800] [PERF] Execution time=0.070101

[1 occurrence(s)]
INFO --> [REQ_ID=4f7f6f1a1993] [PERF] Execution time=0.058792

[1 occurrence(s)]
INFO --> [REQ_ID=ba1744adcd72] [MEMORY][controller-start] 4194304

[1 occurrence(s)]
INFO --> [REQ_ID=ba1744adcd72] [PERF] Execution time=0.200788

[1 occurrence(s)]
INFO --> [REQ_ID=695efb8bfdf0] [PERF] Execution time=0.213071

[1 occurrence(s)]
INFO --> [REQ_ID=ab82c94f5eb0] [MEMORY][controller-start] 6291456

[1 occurrence(s)]
INFO --> [REQ_ID=ab82c94f5eb0] [MEMORY][commonData:start] 6291456

[1 occurrence(s)]
INFO --> [REQ_ID=ab82c94f5eb0] [MEMORY][commonData:start] 10485760

[1 occurrence(s)]
INFO --> [REQ_ID=ab82c94f5eb0] [PERF] Execution time=0.632494

[1 occurrence(s)]
INFO --> [REQ_ID=4d56f2eb8271] [PERF] Execution time=0.671706

[1 occurrence(s)]
INFO --> [REQ_ID=a2996dcc300e] [PERF] Execution time=0.054179

[1 occurrence(s)]
INFO --> [REQ_ID=e6720cac6102] [MEMORY][controller-start] 4194304

[1 occurrence(s)]
INFO --> [REQ_ID=e6720cac6102] [PERF] Execution time=0.132010

[1 occurrence(s)]
INFO --> [REQ_ID=35ba79f22c06] [PERF] Execution time=0.144597

[1 occurrence(s)]
INFO --> [SPARK_COMPLETE] App\Commands\Ops\Work duration=0.037295

[1 occurrence(s)]
INFO --> [REQ_ID=fb1c85192de9] [PERF] Execution time=0.056982

[1 occurrence(s)]
INFO --> [REQ_ID=a46c8493514f] [MEMORY][controller-start] 4194304

[1 occurrence(s)]
INFO --> [REQ_ID=a46c8493514f] [PERF] Execution time=0.033964

[1 occurrence(s)]
INFO --> [REQ_ID=56f7a8a30f0e] [PERF] Execution time=0.048095

[1 occurrence(s)]
INFO --> [REQ_ID=dae6f6cacd16] [PERF] Execution time=0.054435

[1 occurrence(s)]
INFO --> [SPARK_COMPLETE] App\Commands\Ops\Work duration=0.074959

[1 occurrence(s)]
INFO --> [REQ_ID=df49bdfb89fa] [MEMORY][controller-start] 6291456

[1 occurrence(s)]
INFO --> [REQ_ID=df49bdfb89fa] [MEMORY][commonData:start] 6291456

[1 occurrence(s)]
INFO --> [REQ_ID=df49bdfb89fa] [MEMORY][commonData:start] 10485760

[1 occurrence(s)]
INFO --> [REQ_ID=df49bdfb89fa] [PERF] Execution time=0.664421

[1 occurrence(s)]
INFO --> [REQ_ID=d50fc4655b82] [PERF] Execution time=0.706400

[1 occurrence(s)]
INFO --> [SPARK_COMPLETE] App\Commands\Ops\Work duration=0.039691

[1 occurrence(s)]
INFO --> [REQ_ID=51e1125fd316] [PERF] Execution time=0.050204

[1 occurrence(s)]
INFO --> [REQ_ID=5eee4a40b839] [PERF] Execution time=0.035577

[1 occurrence(s)]
INFO --> [SPARK_COMPLETE] App\Commands\Ops\Work duration=0.042984

[1 occurrence(s)]
INFO --> [REQ_ID=781bf237575a] [PERF] Execution time=0.057172

[1 occurrence(s)]
INFO --> [REQ_ID=1f089b37dd00] [MEMORY][controller-start] 4194304

[1 occurrence(s)]
INFO --> [REQ_ID=1f089b37dd00] [MEMORY][commonData:start] 6291456

[1 occurrence(s)]
INFO --> [REQ_ID=1f089b37dd00] [MEMORY][commonData:start] 8388608

[1 occurrence(s)]
INFO --> [REQ_ID=1f089b37dd00] [PERF] Execution time=0.589327

[1 occurrence(s)]
INFO --> [REQ_ID=f129d669f9ba] [PERF] Execution time=0.604133

[1 occurrence(s)]
INFO --> [REQ_ID=141a85ed8358] [PERF] Execution time=0.055445

[1 occurrence(s)]
INFO --> [SPARK_COMPLETE] App\Commands\Ops\Work duration=0.045126

[1 occurrence(s)]
INFO --> [SPARK_COMPLETE] App\Commands\Ops\Work duration=0.044536

[1 occurrence(s)]
INFO --> [REQ_ID=7c65b807f262] [PERF] Execution time=0.060519

[1 occurrence(s)]
INFO --> [REQ_ID=48e9c66b64b8] [MEMORY][controller-start] 4194304

[1 occurrence(s)]
INFO --> [REQ_ID=48e9c66b64b8] [MEMORY][commonData:start] 6291456

[1 occurrence(s)]
INFO --> [REQ_ID=48e9c66b64b8] [MEMORY][commonData:start] 8388608

[1 occurrence(s)]
INFO --> [REQ_ID=48e9c66b64b8] [PERF] Execution time=1.230054

[1 occurrence(s)]
INFO --> [REQ_ID=3b35b7866963] [PERF] Execution time=1.242130

[1 occurrence(s)]
INFO --> [REQ_ID=17749c31cabb] [MEMORY][controller-start] 6291456

[1 occurrence(s)]
INFO --> [REQ_ID=17749c31cabb] [MEMORY][commonData:start] 6291456

[1 occurrence(s)]
INFO --> [REQ_ID=17749c31cabb] [MEMORY][commonData:start] 10485760

[1 occurrence(s)]
INFO --> [REQ_ID=17749c31cabb] [PERF] Execution time=1.185833

[1 occurrence(s)]
INFO --> [REQ_ID=3e3a4972c6c2] [PERF] Execution time=1.231215

[1 occurrence(s)]
INFO --> [REQ_ID=46aef3edcaac] [MEMORY][controller-start] 8388608

[2 occurrence(s)]
INFO --> [REQ_ID=46aef3edcaac] [MEMORY][commonData:start] 8388608

[1 occurrence(s)]
INFO --> [REQ_ID=46aef3edcaac] [PERF] Execution time=1.086778

[1 occurrence(s)]
INFO --> [REQ_ID=e732233a41bf] [PERF] Execution time=1.100751

[1 occurrence(s)]
INFO --> [REQ_ID=36bf396bf8e0] [PERF] Execution time=0.188623

[1 occurrence(s)]
INFO --> [SPARK_COMPLETE] App\Commands\Ops\Work duration=0.156236

[1 occurrence(s)]
INFO --> [SPARK_COMPLETE] App\Commands\Logs\Summarize duration=0.022608

[1 occurrence(s)]
INFO --> LOG_HEALTHCHECK info marker=3f06af5cf0e7

[1 occurrence(s)]
INFO --> [SPARK_COMPLETE] App\Commands\App\Healthcheck duration=0.031089

[1 occurrence(s)]
INFO --> [SPARK_COMPLETE] App\Commands\AIOps\Run duration=4.058917

[1 occurrence(s)]
INFO --> [REQ_ID=2ec3e7bf6060] [PERF] Execution time=0.056872

[1 occurrence(s)]
INFO --> [REQ_ID=0fd9cf8fc136] [MEMORY][controller-start] 4194304

[1 occurrence(s)]
INFO --> [REQ_ID=0fd9cf8fc136] [PERF] Execution time=0.058815

[1 occurrence(s)]
INFO --> [REQ_ID=74db45059d24] [PERF] Execution time=0.078149

[1 occurrence(s)]
INFO --> [SPARK_COMPLETE] App\Commands\Ops\Work duration=0.021327

[1 occurrence(s)]
INFO --> [REQ_ID=aa47592b329b] [PERF] Execution time=0.054771

[1 occurrence(s)]
INFO --> [REQ_ID=bf6e85f9cdcc] [MEMORY][controller-start] 4194304

[1 occurrence(s)]
INFO --> [REQ_ID=bf6e85f9cdcc] [PERF] Execution time=0.142317

[1 occurrence(s)]
INFO --> [REQ_ID=8203423d1cd9] [PERF] Execution time=0.152871

[1 occurrence(s)]
INFO --> [SPARK_COMPLETE] App\Commands\Ops\Work duration=0.037321

[1 occurrence(s)]
INFO --> [REQ_ID=3a8d5bacc869] [MEMORY][controller-start] 6291456

[1 occurrence(s)]
INFO --> [REQ_ID=3a8d5bacc869] [PERF] Execution time=0.175808

[1 occurrence(s)]
INFO --> [REQ_ID=7c61afddb33d] [PERF] Execution time=0.220191

[1 occurrence(s)]
INFO --> [REQ_ID=44922a83bcf2] [PERF] Execution time=0.014670

[1 occurrence(s)]
INFO --> [SPARK_COMPLETE] App\Commands\Ops\Work duration=0.092781

[1 occurrence(s)]
INFO --> [REQ_ID=cb601184f76b] [MEMORY][controller-start] 6291456

[1 occurrence(s)]
INFO --> [REQ_ID=cb601184f76b] [MEMORY][commonData:start] 6291456

[1 occurrence(s)]
INFO --> [REQ_ID=cb601184f76b] [MEMORY][commonData:start] 10485760

[1 occurrence(s)]
INFO --> [REQ_ID=cb601184f76b] [PERF] Execution time=0.727057

[1 occurrence(s)]
INFO --> [REQ_ID=ea7531dd23b6] [PERF] Execution time=0.767809

[1 occurrence(s)]
INFO --> [REQ_ID=220fe1db5a96] [PERF] Execution time=0.092857

[1 occurrence(s)]
INFO --> [SPARK_COMPLETE] App\Commands\Ops\Work duration=0.038437

[1 occurrence(s)]
INFO --> [REQ_ID=7f90dd279413] [MEMORY][controller-start] 4194304

[1 occurrence(s)]
INFO --> [REQ_ID=7f90dd279413] [MEMORY][commonData:start] 6291456

[1 occurrence(s)]
INFO --> [REQ_ID=7f90dd279413] [MEMORY][commonData:start] 8388608

[1 occurrence(s)]
INFO --> [REQ_ID=7f90dd279413] [PERF] Execution time=0.621509

[1 occurrence(s)]
INFO --> [REQ_ID=f7cf94454c88] [PERF] Execution time=0.636295

[1 occurrence(s)]
INFO --> [REQ_ID=becec6fca448] [PERF] Execution time=0.057153

[1 occurrence(s)]
INFO --> [REQ_ID=b30de862a327] [PERF] Execution time=0.113655

[1 occurrence(s)]
INFO --> [SPARK_COMPLETE] App\Commands\Ops\Work duration=0.032766

[1 occurrence(s)]
INFO --> [REQ_ID=18787f17b2f0] [MEMORY][controller-start] 6291456

[1 occurrence(s)]
INFO --> [REQ_ID=18787f17b2f0] [MEMORY][commonData:start] 6291456

[1 occurrence(s)]
INFO --> [REQ_ID=18787f17b2f0] [MEMORY][commonData:start] 10485760

[1 occurrence(s)]
INFO --> [REQ_ID=18787f17b2f0] [PERF] Execution time=0.646221

[1 occurrence(s)]
INFO --> [REQ_ID=f3ee25b538a3] [PERF] Execution time=0.686590

[1 occurrence(s)]
INFO --> [REQ_ID=5c970f2e3ab5] [PERF] Execution time=0.057686

[1 occurrence(s)]
INFO --> [REQ_ID=0c60eeb34d94] [MEMORY][controller-start] 6291456

[2 occurrence(s)]
INFO --> [REQ_ID=0c60eeb34d94] [MEMORY][commonData:start] 6291456

[1 occurrence(s)]
INFO --> [REQ_ID=0c60eeb34d94] [PERF] Execution time=0.124030

[1 occurrence(s)]
INFO --> [REQ_ID=23563a388a48] [PERF] Execution time=0.166852

[1 occurrence(s)]
INFO --> [REQ_ID=2d95b62205ce] [PERF] Execution time=0.019596

[1 occurrence(s)]
INFO --> [REQ_ID=5aa234456a81] [MEMORY][controller-start] 4194304

[1 occurrence(s)]
INFO --> [REQ_ID=5aa234456a81] [PERF] Execution time=0.025049

[1 occurrence(s)]
INFO --> [REQ_ID=a4ac71fe5d3e] [PERF] Execution time=0.038593

[1 occurrence(s)]
INFO --> [SPARK_COMPLETE] App\Commands\Ops\Work duration=0.052584

[1 occurrence(s)]
INFO --> [REQ_ID=ba41d5e4f80a] [MEMORY][controller-start] 4194304

[1 occurrence(s)]
INFO --> [REQ_ID=ba41d5e4f80a] [MEMORY][commonData:start] 6291456

[1 occurrence(s)]
INFO --> [REQ_ID=ba41d5e4f80a] [MEMORY][commonData:start] 8388608

[1 occurrence(s)]
INFO --> [REQ_ID=ba41d5e4f80a] [PERF] Execution time=0.650854

[1 occurrence(s)]
INFO --> [REQ_ID=a5a1a7c47e0c] [PERF] Execution time=0.661810

[1 occurrence(s)]
INFO --> [SPARK_COMPLETE] App\Commands\Ops\Work duration=0.044008

[1 occurrence(s)]
INFO --> [SPARK_COMPLETE] App\Commands\Ops\Work duration=0.056170

[1 occurrence(s)]
INFO --> [REQ_ID=e111c23998c8] [PERF] Execution time=0.101691

[1 occurrence(s)]
INFO --> [SPARK_COMPLETE] App\Commands\Logs\Summarize duration=0.023021

[1 occurrence(s)]
INFO --> LOG_HEALTHCHECK info marker=bdbf228e18d6

[1 occurrence(s)]
INFO --> [SPARK_COMPLETE] App\Commands\App\Healthcheck duration=0.032836

[1 occurrence(s)]
INFO --> [SPARK_COMPLETE] App\Commands\AIOps\Run duration=3.750523

[1 occurrence(s)]
INFO --> [REQ_ID=fee007c70239] [MEMORY][controller-start] 6291456

[1 occurrence(s)]
INFO --> [REQ_ID=fee007c70239] [MEMORY][commonData:start] 6291456

[1 occurrence(s)]
INFO --> [REQ_ID=fee007c70239] [MEMORY][commonData:start] 10485760

[1 occurrence(s)]
INFO --> [REQ_ID=fee007c70239] [PERF] Execution time=0.737518

[1 occurrence(s)]
INFO --> [REQ_ID=4cfdaf79e882] [PERF] Execution time=0.779153

[1 occurrence(s)]
INFO --> [SPARK_COMPLETE] App\Commands\Ops\Work duration=0.023820

[1 occurrence(s)]
INFO --> [REQ_ID=ec5e2d42cb09] [PERF] Execution time=0.101394

[1 occurrence(s)]
INFO --> [REQ_ID=60b33f5afd65] [PERF] Execution time=0.058256

[1 occurrence(s)]
INFO --> [SPARK_COMPLETE] App\Commands\Ops\Work duration=0.042019

[1 occurrence(s)]
INFO --> [REQ_ID=0ac95677b142] [MEMORY][controller-start] 6291456

[1 occurrence(s)]
INFO --> [REQ_ID=0ac95677b142] [MEMORY][commonData:start] 6291456

[1 occurrence(s)]
INFO --> [REQ_ID=0ac95677b142] [MEMORY][commonData:start] 10485760

[1 occurrence(s)]
INFO --> [REQ_ID=0ac95677b142] [PERF] Execution time=0.651863

[1 occurrence(s)]
INFO --> [REQ_ID=109534f05abd] [PERF] Execution time=0.696291

[1 occurrence(s)]
INFO --> [REQ_ID=d64fd1c4ad7b] [PERF] Execution time=0.018071

[1 occurrence(s)]
INFO --> [REQ_ID=0a23d5dbc56f] [PERF] Execution time=0.012913

[1 occurrence(s)]
INFO --> [REQ_ID=36d2fd7b2f59] [MEMORY][controller-start] 4194304

[1 occurrence(s)]
INFO --> [REQ_ID=36d2fd7b2f59] [PERF] Execution time=0.061250

[1 occurrence(s)]
INFO --> [REQ_ID=648dffb536ad] [PERF] Execution time=0.073558

[1 occurrence(s)]
INFO --> [REQ_ID=76126499cd27] [MEMORY][controller-start] 4194304

[1 occurrence(s)]
INFO --> [REQ_ID=76126499cd27] [PERF] Execution time=0.018773

[1 occurrence(s)]
INFO --> [REQ_ID=0e9a5ed57bed] [PERF] Execution time=0.028335

[1 occurrence(s)]
INFO --> [REQ_ID=25fa2b46535a] [MEMORY][controller-start] 6291456

[1 occurrence(s)]
INFO --> [REQ_ID=25fa2b46535a] [MEMORY][commonData:start] 6291456

[1 occurrence(s)]
INFO --> [REQ_ID=25fa2b46535a] [MEMORY][commonData:start] 10485760

[1 occurrence(s)]
INFO --> [REQ_ID=25fa2b46535a] [PERF] Execution time=0.621825

[1 occurrence(s)]
INFO --> [REQ_ID=2df2941703d8] [PERF] Execution time=0.663402

[1 occurrence(s)]
INFO --> [SPARK_COMPLETE] App\Commands\Ops\Work duration=0.025690

[1 occurrence(s)]
INFO --> [REQ_ID=3328b580bf71] [PERF] Execution time=0.055931

[1 occurrence(s)]
INFO --> [REQ_ID=8f3f0c15b007] [MEMORY][controller-start] 4194304

[1 occurrence(s)]
INFO --> [REQ_ID=8f3f0c15b007] [PERF] Execution time=0.064283

[1 occurrence(s)]
INFO --> [REQ_ID=65f3cc501ab2] [PERF] Execution time=0.077963

[1 occurrence(s)]
INFO --> [SPARK_COMPLETE] App\Commands\Ops\Work duration=0.031336

[1 occurrence(s)]
INFO --> [REQ_ID=761cb42cf3b5] [PERF] Execution time=0.054415

[1 occurrence(s)]
INFO --> [REQ_ID=1278e8171b94] [PERF] Execution time=0.056122

[1 occurrence(s)]
INFO --> [REQ_ID=f8bc1b86fe73] [MEMORY][controller-start] 4194304

[1 occurrence(s)]
INFO --> [REQ_ID=f8bc1b86fe73] [PERF] Execution time=0.065895

[1 occurrence(s)]
INFO --> [REQ_ID=94ee9fe90f9c] [PERF] Execution time=0.077826

[1 occurrence(s)]
INFO --> [REQ_ID=92ff1f08df53] [MEMORY][controller-start] 6291456

[1 occurrence(s)]
INFO --> [REQ_ID=bc6fd0579a08] [MEMORY][controller-start] 6291456

[1 occurrence(s)]
INFO --> [REQ_ID=92ff1f08df53] [MEMORY][commonData:start] 6291456

[1 occurrence(s)]
INFO --> [REQ_ID=bc6fd0579a08] [MEMORY][commonData:start] 6291456

[1 occurrence(s)]
INFO --> [REQ_ID=bc6fd0579a08] [MEMORY][commonData:start] 10485760

[1 occurrence(s)]
INFO --> [REQ_ID=bc6fd0579a08] [PERF] Execution time=0.693990

[1 occurrence(s)]
INFO --> [REQ_ID=92ff1f08df53] [MEMORY][commonData:start] 10485760

[1 occurrence(s)]
INFO --> [REQ_ID=5a3a1db3-b120-4931-bd15-800bf0c577fd] [PERF] Execution time=0.760122

[1 occurrence(s)]
INFO --> [REQ_ID=92ff1f08df53] [PERF] Execution time=0.711874

[1 occurrence(s)]
INFO --> [REQ_ID=46582757-ba89-41b5-99f1-057e770704f3] [PERF] Execution time=0.771266

[1 occurrence(s)]
INFO --> [REQ_ID=390fc0d86424] [MEMORY][controller-start] 6291456

[1 occurrence(s)]
INFO --> [REQ_ID=390fc0d86424] [MEMORY][commonData:start] 6291456

[1 occurrence(s)]
INFO --> [REQ_ID=390fc0d86424] [MEMORY][commonData:start] 10485760

[1 occurrence(s)]
INFO --> [REQ_ID=390fc0d86424] [PERF] Execution time=0.661935

[1 occurrence(s)]
INFO --> [REQ_ID=22d823fbb12a] [PERF] Execution time=0.704876

[1 occurrence(s)]
INFO --> [REQ_ID=532692c9955a] [MEMORY][controller-start] 4194304

[1 occurrence(s)]
INFO --> [REQ_ID=532692c9955a] [MEMORY][commonData:start] 4194304

[1 occurrence(s)]
INFO --> [REQ_ID=532692c9955a] [MEMORY][commonData:start] 8388608

[1 occurrence(s)]
INFO --> [REQ_ID=532692c9955a] [PERF] Execution time=0.621501

[1 occurrence(s)]
INFO --> [REQ_ID=6df1c57280a8] [PERF] Execution time=0.631556

[1 occurrence(s)]
INFO --> [REQ_ID=d6a28541d490] [PERF] Execution time=0.060420

[1 occurrence(s)]
INFO --> [REQ_ID=830ea4f2cdc5] [PERF] Execution time=0.053858

[1 occurrence(s)]
INFO --> [SPARK_COMPLETE] App\Commands\Ops\Work duration=0.042233

[1 occurrence(s)]
INFO --> [REQ_ID=a8daeff650f1] [PERF] Execution time=0.058080

[1 occurrence(s)]
INFO --> [REQ_ID=c41cb1ebe79c] [MEMORY][controller-start] 4194304

[1 occurrence(s)]
INFO --> [REQ_ID=c41cb1ebe79c] [PERF] Execution time=0.041517

[1 occurrence(s)]
INFO --> [REQ_ID=daf94bf05634] [PERF] Execution time=0.056632

[1 occurrence(s)]
INFO --> [REQ_ID=aef5cf1d7746] [MEMORY][controller-start] 4194304

[2 occurrence(s)]
INFO --> [REQ_ID=aef5cf1d7746] [MEMORY][commonData:start] 6291456

[1 occurrence(s)]
INFO --> [REQ_ID=aef5cf1d7746] [PERF] Execution time=0.099389

[1 occurrence(s)]
INFO --> [REQ_ID=13f7dbad9137] [PERF] Execution time=0.110779

[1 occurrence(s)]
INFO --> [REQ_ID=517495cd7c11] [MEMORY][controller-start] 6291456

[1 occurrence(s)]
INFO --> [REQ_ID=517495cd7c11] [MEMORY][commonData:start] 6291456

[1 occurrence(s)]
INFO --> [REQ_ID=517495cd7c11] [MEMORY][commonData:start] 10485760

[1 occurrence(s)]
INFO --> [REQ_ID=517495cd7c11] [PERF] Execution time=0.667025

[1 occurrence(s)]
INFO --> [REQ_ID=b3a6e662b933] [PERF] Execution time=0.707819

[1 occurrence(s)]
INFO --> [SPARK_COMPLETE] App\Commands\Ops\Work duration=0.042030

[1 occurrence(s)]
INFO --> [REQ_ID=9f5614a51fe1] [PERF] Execution time=0.051931

[1 occurrence(s)]
INFO --> [SPARK_COMPLETE] App\Commands\Ops\Work duration=0.092446

[1 occurrence(s)]
INFO --> [SPARK_COMPLETE] App\Commands\Ops\Work duration=0.048230

[1 occurrence(s)]
INFO --> [REQ_ID=9be7fa2958f3] [PERF] Execution time=0.079234

[1 occurrence(s)]
INFO --> [SPARK_COMPLETE] App\Commands\Logs\Summarize duration=0.023777

[1 occurrence(s)]
INFO --> LOG_HEALTHCHECK info marker=b14599c51ffc

[1 occurrence(s)]
INFO --> [SPARK_COMPLETE] App\Commands\App\Healthcheck duration=0.022998

[1 occurrence(s)]
INFO --> [SPARK_COMPLETE] App\Commands\AIOps\Run duration=3.294965

[1 occurrence(s)]
INFO --> [REQ_ID=b5c06afea886] [PERF] Execution time=0.056711

[1 occurrence(s)]
INFO --> [REQ_ID=5b8eb33975d7] [MEMORY][controller-start] 4194304

[1 occurrence(s)]
INFO --> [REQ_ID=5b8eb33975d7] [MEMORY][commonData:start] 4194304

[1 occurrence(s)]
INFO --> [REQ_ID=5b8eb33975d7] [MEMORY][commonData:start] 8388608

[1 occurrence(s)]
INFO --> [REQ_ID=5b8eb33975d7] [PERF] Execution time=0.595004

[1 occurrence(s)]
INFO --> [REQ_ID=605baf1fef70] [PERF] Execution time=0.606467

[1 occurrence(s)]
INFO --> [REQ_ID=849797f546d2] [MEMORY][controller-start] 6291456

[1 occurrence(s)]
INFO --> [REQ_ID=849797f546d2] [MEMORY][commonData:start] 6291456

[1 occurrence(s)]
INFO --> [REQ_ID=849797f546d2] [MEMORY][commonData:start] 10485760

[1 occurrence(s)]
INFO --> [REQ_ID=849797f546d2] [PERF] Execution time=0.662959

[1 occurrence(s)]
INFO --> [REQ_ID=c2608265b89e] [PERF] Execution time=0.707952

[1 occurrence(s)]
INFO --> [REQ_ID=849681e64845] [PERF] Execution time=0.051585

[1 occurrence(s)]
INFO --> [SPARK_COMPLETE] App\Commands\Ops\Work duration=0.051734

[1 occurrence(s)]
INFO --> [SPARK_COMPLETE] App\Commands\Ops\Work duration=0.022602

[1 occurrence(s)]
INFO --> [REQ_ID=822dce194bdc] [PERF] Execution time=0.027183

[1 occurrence(s)]
INFO --> [REQ_ID=8b42b21f4435] [PERF] Execution time=0.014261

[1 occurrence(s)]
INFO --> [SPARK_COMPLETE] App\Commands\Ops\Work duration=0.038351

[1 occurrence(s)]
INFO --> [REQ_ID=e206609bc15a] [MEMORY][controller-start] 6291456

[1 occurrence(s)]
INFO --> [REQ_ID=e206609bc15a] [MEMORY][commonData:start] 6291456

[1 occurrence(s)]
INFO --> [REQ_ID=e206609bc15a] [MEMORY][commonData:start] 10485760

[1 occurrence(s)]
INFO --> [REQ_ID=e206609bc15a] [PERF] Execution time=0.634224

[1 occurrence(s)]
INFO --> [REQ_ID=a27f235139ef] [PERF] Execution time=0.674881

[1 occurrence(s)]
INFO --> [REQ_ID=e9c68939d1e3] [MEMORY][controller-start] 4194304

[1 occurrence(s)]
INFO --> [REQ_ID=e9c68939d1e3] [MEMORY][commonData:start] 4194304

[1 occurrence(s)]
INFO --> [REQ_ID=e9c68939d1e3] [MEMORY][commonData:start] 8388608

[1 occurrence(s)]
INFO --> [REQ_ID=e9c68939d1e3] [PERF] Execution time=0.522161

[1 occurrence(s)]
INFO --> [REQ_ID=51dbb109a35a] [PERF] Execution time=0.530952

[1 occurrence(s)]
INFO --> [REQ_ID=b612f8fd5b33] [PERF] Execution time=0.030224

[1 occurrence(s)]
INFO --> [SPARK_COMPLETE] App\Commands\Ops\Work duration=0.045273

[1 occurrence(s)]
INFO --> [REQ_ID=9c411fec16e5] [PERF] Execution time=0.053346

[1 occurrence(s)]
INFO --> [SPARK_COMPLETE] App\Commands\Ops\Work duration=0.052454

[1 occurrence(s)]
INFO --> [REQ_ID=53c1e0148d7f] [PERF] Execution time=0.056199

[1 occurrence(s)]
INFO --> [SPARK_COMPLETE] App\Commands\Ops\Work duration=0.043305

[1 occurrence(s)]
INFO --> [REQ_ID=4ede56bfe72f] [MEMORY][controller-start] 6291456

[1 occurrence(s)]
INFO --> [REQ_ID=4ede56bfe72f] [PERF] Execution time=0.089042

[1 occurrence(s)]
INFO --> [REQ_ID=3db4032312cc] [PERF] Execution time=0.132332

[1 occurrence(s)]
INFO --> [REQ_ID=09b9c2812a67] [MEMORY][controller-start] 4194304

[1 occurrence(s)]
INFO --> [REQ_ID=09b9c2812a67] [PERF] Execution time=0.091455

[1 occurrence(s)]
INFO --> [REQ_ID=0021967df3c9] [PERF] Execution time=0.101698

[1 occurrence(s)]
INFO --> [REQ_ID=29b7626d33ba] [MEMORY][controller-start] 6291456

[1 occurrence(s)]
INFO --> [REQ_ID=29b7626d33ba] [MEMORY][commonData:start] 6291456

[1 occurrence(s)]
INFO --> [REQ_ID=29b7626d33ba] [MEMORY][commonData:start] 10485760

[1 occurrence(s)]
INFO --> [REQ_ID=29b7626d33ba] [PERF] Execution time=0.683066

[1 occurrence(s)]
INFO --> [REQ_ID=b2731bc44e8c] [PERF] Execution time=0.724704

[1 occurrence(s)]
INFO --> [SPARK_COMPLETE] App\Commands\Ops\Work duration=0.274496

[1 occurrence(s)]
INFO --> [SPARK_COMPLETE] App\Commands\Ops\Work duration=0.064539

[1 occurrence(s)]
INFO --> [REQ_ID=451dcd19051f] [PERF] Execution time=0.111842

[1 occurrence(s)]
INFO --> [SPARK_COMPLETE] App\Commands\Logs\Summarize duration=0.027745

[1 occurrence(s)]
INFO --> LOG_HEALTHCHECK info marker=98f3db65ec11

[1 occurrence(s)]
INFO --> [SPARK_COMPLETE] App\Commands\App\Healthcheck duration=0.036105

[1 occurrence(s)]
INFO --> [SPARK_COMPLETE] App\Commands\AIOps\Run duration=242.377796

[1 occurrence(s)]
INFO --> [REQ_ID=34cb34fcd0d5] [PERF] Execution time=0.067452

[1 occurrence(s)]
INFO --> [REQ_ID=cd4f86d06e6d] [PERF] Execution time=0.033140

[1 occurrence(s)]
INFO --> [SPARK_COMPLETE] App\Commands\Ops\Work duration=0.038364

[1 occurrence(s)]
INFO --> [SPARK_COMPLETE] App\Commands\Ops\Work duration=0.041784

[1 occurrence(s)]
INFO --> [REQ_ID=753b0a4c376e] [MEMORY][controller-start] 6291456

[1 occurrence(s)]
INFO --> [REQ_ID=753b0a4c376e] [MEMORY][commonData:start] 6291456

[1 occurrence(s)]
INFO --> [REQ_ID=753b0a4c376e] [MEMORY][commonData:start] 10485760

[1 occurrence(s)]
INFO --> [REQ_ID=753b0a4c376e] [PERF] Execution time=1.210567

[1 occurrence(s)]
INFO --> [REQ_ID=61c6eba1110b] [PERF] Execution time=1.259388

[1 occurrence(s)]
INFO --> [SPARK_COMPLETE] App\Commands\Ops\Work duration=0.047327

[1 occurrence(s)]
INFO --> [SPARK_COMPLETE] App\Commands\Ops\Work duration=0.034435

[1 occurrence(s)]
INFO --> [REQ_ID=8cb03140a5f7] [PERF] Execution time=0.125317

[1 occurrence(s)]
INFO --> [REQ_ID=dda6212631e2] [MEMORY][controller-start] 6291456

[1 occurrence(s)]
INFO --> [REQ_ID=dda6212631e2] [MEMORY][commonData:start] 6291456

[1 occurrence(s)]
INFO --> [REQ_ID=dda6212631e2] [MEMORY][commonData:start] 10485760

[1 occurrence(s)]
INFO --> [REQ_ID=dda6212631e2] [PERF] Execution time=0.698888

[1 occurrence(s)]
INFO --> [REQ_ID=3ae1fbd46352] [PERF] Execution time=0.739439

[1 occurrence(s)]
INFO --> [REQ_ID=4ea590f7fcd3] [PERF] Execution time=0.064182

[1 occurrence(s)]
INFO --> [SPARK_COMPLETE] App\Commands\Ops\Work duration=0.130166

[1 occurrence(s)]
INFO --> [REQ_ID=4b513bbbb508] [MEMORY][controller-start] 6291456

[1 occurrence(s)]
INFO --> [REQ_ID=4b513bbbb508] [PERF] Execution time=0.181494

[1 occurrence(s)]
INFO --> [REQ_ID=a36363009816] [PERF] Execution time=0.227828

[1 occurrence(s)]
INFO --> [REQ_ID=e6973c056398] [MEMORY][controller-start] 4194304

[2 occurrence(s)]
INFO --> [REQ_ID=e6973c056398] [MEMORY][commonData:start] 6291456

[1 occurrence(s)]
INFO --> [REQ_ID=e6973c056398] [PERF] Execution time=0.079880

[1 occurrence(s)]
INFO --> [REQ_ID=f2642b9b6d7b] [PERF] Execution time=0.095531

[1 occurrence(s)]
INFO --> [REQ_ID=23b988bdbc66] [PERF] Execution time=0.025357

[1 occurrence(s)]
INFO --> [REQ_ID=0c002e1a4a5c] [PERF] Execution time=0.020629

[1 occurrence(s)]
INFO --> [REQ_ID=dcb2fc12fa37] [MEMORY][controller-start] 6291456

[1 occurrence(s)]
INFO --> [REQ_ID=dcb2fc12fa37] [PERF] Execution time=0.145815

[1 occurrence(s)]
INFO --> [REQ_ID=3fa89624ed30] [PERF] Execution time=0.189010

[1 occurrence(s)]
INFO --> [REQ_ID=0ba73ccdefd2] [PERF] Execution time=0.057000

[1 occurrence(s)]
INFO --> [REQ_ID=86257622fd07] [MEMORY][controller-start] 4194304

[1 occurrence(s)]
INFO --> [REQ_ID=86257622fd07] [PERF] Execution time=0.038843

[1 occurrence(s)]
INFO --> [REQ_ID=b429c2e1b9b9] [PERF] Execution time=0.054095

[1 occurrence(s)]
INFO --> [SPARK_COMPLETE] App\Commands\Ops\Work duration=0.054443

[1 occurrence(s)]
INFO --> [REQ_ID=fcb64acbe6ae] [PERF] Execution time=0.051943

[1 occurrence(s)]
INFO --> [SPARK_COMPLETE] App\Commands\Ops\Work duration=0.038295

[1 occurrence(s)]
INFO --> [REQ_ID=770d88ee9314] [MEMORY][controller-start] 6291456

[1 occurrence(s)]
INFO --> [REQ_ID=770d88ee9314] [MEMORY][commonData:start] 6291456

[1 occurrence(s)]
INFO --> [REQ_ID=770d88ee9314] [MEMORY][commonData:start] 10485760

[1 occurrence(s)]
INFO --> [REQ_ID=770d88ee9314] [PERF] Execution time=0.689231

[1 occurrence(s)]
INFO --> [REQ_ID=5ea41731710d] [PERF] Execution time=0.731276

[1 occurrence(s)]
INFO --> [REQ_ID=329df225ed03] [MEMORY][controller-start] 6291456

[1 occurrence(s)]
INFO --> [REQ_ID=329df225ed03] [MEMORY][commonData:start] 6291456

[1 occurrence(s)]
INFO --> [REQ_ID=329df225ed03] [MEMORY][commonData:start] 8388608

[1 occurrence(s)]
INFO --> [REQ_ID=329df225ed03] [PERF] Execution time=0.514385

[1 occurrence(s)]
INFO --> [REQ_ID=5eb85a97f1dc] [PERF] Execution time=0.524122

[1 occurrence(s)]
INFO --> [SPARK_COMPLETE] App\Commands\Ops\Work duration=0.044733

[1 occurrence(s)]
INFO --> [REQ_ID=f5600cb748b8] [PERF] Execution time=0.067606

[1 occurrence(s)]
INFO --> [SPARK_COMPLETE] App\Commands\Logs\Summarize duration=0.030062

[1 occurrence(s)]
INFO --> LOG_HEALTHCHECK info marker=bc320b73065e

[1 occurrence(s)]
INFO --> [SPARK_COMPLETE] App\Commands\App\Healthcheck duration=0.030126

[1 occurrence(s)]
INFO --> [SPARK_COMPLETE] App\Commands\AIOps\Run duration=242.393789

[1 occurrence(s)]
INFO --> [REQ_ID=9574ed4a6f72] [PERF] Execution time=0.059222

[1 occurrence(s)]
INFO --> [REQ_ID=ebe579a82f6e] [MEMORY][controller-start] 4194304

[1 occurrence(s)]
INFO --> [REQ_ID=ebe579a82f6e] [PERF] Execution time=0.243974

[1 occurrence(s)]
INFO --> [REQ_ID=440283ced56e] [PERF] Execution time=0.257220

[1 occurrence(s)]
INFO --> [REQ_ID=1bf0f5cfbf6f] [PERF] Execution time=0.013732

[1 occurrence(s)]
INFO --> [REQ_ID=5bd24fdf6815] [MEMORY][controller-start] 4194304

[1 occurrence(s)]
INFO --> [REQ_ID=5bd24fdf6815] [PERF] Execution time=0.024122

[1 occurrence(s)]
INFO --> [REQ_ID=3206ddf25da2] [PERF] Execution time=0.033598

[1 occurrence(s)]
INFO --> [REQ_ID=1bdc41ed8cd7] [MEMORY][controller-start] 6291456

[1 occurrence(s)]
INFO --> [REQ_ID=1bdc41ed8cd7] [MEMORY][commonData:start] 6291456

[1 occurrence(s)]
INFO --> [REQ_ID=1bdc41ed8cd7] [MEMORY][commonData:start] 10485760

[1 occurrence(s)]
INFO --> [REQ_ID=1bdc41ed8cd7] [PERF] Execution time=0.688379

[1 occurrence(s)]
INFO --> [REQ_ID=d2239b049cea] [PERF] Execution time=0.730454

[1 occurrence(s)]
INFO --> [SPARK_COMPLETE] App\Commands\Ops\Work duration=0.067520

[1 occurrence(s)]
INFO --> [REQ_ID=a721d3282e5b] [PERF] Execution time=0.170047

[1 occurrence(s)]
INFO --> [REQ_ID=3e157fa4e255] [MEMORY][controller-start] 6291456

[1 occurrence(s)]
INFO --> [REQ_ID=3e157fa4e255] [MEMORY][commonData:start] 6291456

[1 occurrence(s)]
INFO --> [REQ_ID=3e157fa4e255] [MEMORY][commonData:start] 10485760

[1 occurrence(s)]
INFO --> [REQ_ID=3e157fa4e255] [PERF] Execution time=0.601835

[1 occurrence(s)]
INFO --> [REQ_ID=3b50ec831634] [PERF] Execution time=0.644920

[1 occurrence(s)]
INFO --> [REQ_ID=cc47902b15b6] [PERF] Execution time=0.084059

[1 occurrence(s)]
INFO --> [REQ_ID=4fa38f9edfb2] [MEMORY][controller-start] 4194304

[1 occurrence(s)]
INFO --> [REQ_ID=4fa38f9edfb2] [PERF] Execution time=0.064585

[1 occurrence(s)]
INFO --> [REQ_ID=41a2777ed031] [PERF] Execution time=0.084105

[1 occurrence(s)]
INFO --> [REQ_ID=af0eb4420139] [MEMORY][controller-start] 6291456

[1 occurrence(s)]
INFO --> [REQ_ID=af0eb4420139] [MEMORY][commonData:start] 6291456

[1 occurrence(s)]
INFO --> [REQ_ID=af0eb4420139] [MEMORY][commonData:start] 10485760

[1 occurrence(s)]
INFO --> [REQ_ID=af0eb4420139] [PERF] Execution time=0.645338

[1 occurrence(s)]
INFO --> [REQ_ID=d99ae7090560] [PERF] Execution time=0.685794

[1 occurrence(s)]
INFO --> [SPARK_COMPLETE] App\Commands\Ops\Work duration=0.048516

[1 occurrence(s)]
INFO --> [REQ_ID=bc5f5d33e8ae] [PERF] Execution time=0.028479

[1 occurrence(s)]
INFO --> [SPARK_COMPLETE] App\Commands\Ops\Work duration=0.034732

[1 occurrence(s)]
INFO --> [SPARK_COMPLETE] App\Commands\Ops\Work duration=0.029754

[1 occurrence(s)]
INFO --> [REQ_ID=0df10972f281] [PERF] Execution time=0.053217

[1 occurrence(s)]
INFO --> [SPARK_COMPLETE] App\Commands\Ops\Work duration=0.052143

[1 occurrence(s)]
INFO --> [REQ_ID=c0acd1a039c6] [PERF] Execution time=0.054785

[1 occurrence(s)]
INFO --> [REQ_ID=b45eaad70933] [MEMORY][controller-start] 6291456

[1 occurrence(s)]
INFO --> [REQ_ID=b45eaad70933] [MEMORY][commonData:start] 6291456

[1 occurrence(s)]
INFO --> [REQ_ID=b45eaad70933] [MEMORY][commonData:start] 10485760

[1 occurrence(s)]
INFO --> [REQ_ID=b45eaad70933] [PERF] Execution time=0.640778

[1 occurrence(s)]
INFO --> [REQ_ID=fad35c0ffc1f] [PERF] Execution time=0.684158

[1 occurrence(s)]
INFO --> [SPARK_COMPLETE] App\Commands\Ops\Work duration=0.061541

[1 occurrence(s)]
INFO --> [REQ_ID=546a9adedeb9] [MEMORY][controller-start] 4194304

[1 occurrence(s)]
INFO --> [REQ_ID=546a9adedeb9] [MEMORY][commonData:start] 6291456

[1 occurrence(s)]
INFO --> [REQ_ID=546a9adedeb9] [MEMORY][commonData:start] 8388608

[1 occurrence(s)]
INFO --> [REQ_ID=546a9adedeb9] [PERF] Execution time=0.645149

[1 occurrence(s)]
INFO --> [REQ_ID=4b961363c798] [PERF] Execution time=0.667455

[1 occurrence(s)]
INFO --> [REQ_ID=4d29aa2e543d] [MEMORY][controller-start] 4194304

[2 occurrence(s)]
INFO --> [REQ_ID=4d29aa2e543d] [MEMORY][commonData:start] 6291456

[1 occurrence(s)]
INFO --> [REQ_ID=4d29aa2e543d] [PERF] Execution time=0.202006

[1 occurrence(s)]
INFO --> [REQ_ID=a4a4f8d22cb1] [PERF] Execution time=0.222979

[1 occurrence(s)]
INFO --> [REQ_ID=f8202f9b6010] [MEMORY][controller-start] 4194304

[1 occurrence(s)]
INFO --> [REQ_ID=f8202f9b6010] [PERF] Execution time=0.028295

[1 occurrence(s)]
INFO --> [REQ_ID=56dc9485ff82] [PERF] Execution time=0.043556

[1 occurrence(s)]
INFO --> [REQ_ID=2fc5c1e04115] [MEMORY][controller-start] 4194304

[2 occurrence(s)]
INFO --> [REQ_ID=2fc5c1e04115] [MEMORY][commonData:start] 4194304

[1 occurrence(s)]
INFO --> [REQ_ID=2fc5c1e04115] [PERF] Execution time=0.022990

[1 occurrence(s)]
INFO --> [REQ_ID=87762c85386d] [PERF] Execution time=0.033527

[1 occurrence(s)]
INFO --> [REQ_ID=c093edf0a11c] [MEMORY][controller-start] 4194304

[1 occurrence(s)]
INFO --> [REQ_ID=c093edf0a11c] [MEMORY][commonData:start] 4194304

[1 occurrence(s)]
INFO --> [REQ_ID=c093edf0a11c] [MEMORY][commonData:start] 8388608

[1 occurrence(s)]
INFO --> [REQ_ID=c093edf0a11c] [PERF] Execution time=1.059835

[1 occurrence(s)]
INFO --> [REQ_ID=9fa8988b24e1] [PERF] Execution time=1.072439

[1 occurrence(s)]
INFO --> [SPARK_COMPLETE] App\Commands\Ops\Work duration=0.116090

[1 occurrence(s)]
INFO --> [REQ_ID=2b5ccabe1639] [PERF] Execution time=0.106397

[1 occurrence(s)]
INFO --> [SPARK_COMPLETE] App\Commands\Ops\Work duration=0.099412


---------------------------
LEVEL: NOTICE
---------------------------

[1 occurrence(s)]
NOTICE --> LOG_HEALTHCHECK probe marker=cc12dc562386

[1 occurrence(s)]
NOTICE --> LOG_HEALTHCHECK probe marker=0503468f91fd

[1 occurrence(s)]
NOTICE --> LOG_HEALTHCHECK probe marker=ab23ba9fe991

[1 occurrence(s)]
NOTICE --> LOG_HEALTHCHECK probe marker=f0a501b73421

[1 occurrence(s)]
NOTICE --> LOG_HEALTHCHECK probe marker=76f7e975c140

[1 occurrence(s)]
NOTICE --> LOG_HEALTHCHECK probe marker=bfea7dfe8acb

[1 occurrence(s)]
NOTICE --> LOG_HEALTHCHECK probe marker=3f06af5cf0e7

[1 occurrence(s)]
NOTICE --> LOG_HEALTHCHECK probe marker=bdbf228e18d6

[1 occurrence(s)]
NOTICE --> LOG_HEALTHCHECK probe marker=b14599c51ffc

[1 occurrence(s)]
NOTICE --> LOG_HEALTHCHECK probe marker=98f3db65ec11

[1 occurrence(s)]
NOTICE --> LOG_HEALTHCHECK probe marker=bc320b73065e


---------------------------
LEVEL: WARNING
---------------------------

[2 occurrence(s)]
WARNING --> [AUTH] Login failure

[2 occurrence(s)]
WARNING --> [AUTH] Login failed

[49 occurrence(s)]
WARNING --> MyMIWallets initialized without numeric user context.

[2 occurrence(s)]
WARNING --> 404 route miss: https://www.mymiwallet.com/index.php/ | referrer: http://mymiwallet.com/

[4 occurrence(s)]
WARNING --> [ACTIVATION] Activation failed: missing token

[1 occurrence(s)]
WARNING --> 404 route miss: https://www.mymiwallet.com/index.php/auth/resend-activation | referrer: none

[9 occurrence(s)]
WARNING --> [404] URI=https://www.mymiwallet.com/index.php/

[8 occurrence(s)]
WARNING --> 404 route miss: https://www.mymiwallet.com/index.php/ | referrer: none

[2 occurrence(s)]
WARNING --> [404] URI=https://www.mymiwallet.com/index.php/getting-started

[2 occurrence(s)]
WARNING --> 404 route miss: https://www.mymiwallet.com/index.php/getting-started | referrer: none

[1 occurrence(s)]
WARNING --> [AUTH_FAILURE]

[1 occurrence(s)]
WARNING --> [404] URI=https://www.mymiwallet.com/index.php/Budget/Financial-Institute

[1 occurrence(s)]
WARNING --> 404 route miss: https://www.mymiwallet.com/index.php/Budget/Financial-Institute | referrer: none

[2 occurrence(s)]
WARNING --> [404] URI=https://www.mymiwallet.com/index.php/Dashboard/Transaction-Modal

[1 occurrence(s)]
WARNING --> 404 route miss: https://www.mymiwallet.com/index.php/Dashboard/Transaction-Modal | referrer: none

[1 occurrence(s)]
WARNING --> [404] URI=https://www.mymiwallet.com/index.php/Management/Docs

[1 occurrence(s)]
WARNING --> 404 route miss: https://www.mymiwallet.com/index.php/Management/Docs | referrer: none

[1 occurrence(s)]
WARNING --> [404] URI=https://www.mymiwallet.com/index.php/Premium-Features/Advanced-Trade-Tracker

[1 occurrence(s)]
WARNING --> 404 route miss: https://www.mymiwallet.com/index.php/Premium-Features/Advanced-Trade-Tracker | referrer: none

[1 occurrence(s)]
WARNING --> [404] URI=https://www.mymiwallet.com/index.php/Premium-Features/Wallets

[1 occurrence(s)]
WARNING --> 404 route miss: https://www.mymiwallet.com/index.php/Premium-Features/Wallets | referrer: none

[1 occurrence(s)]
WARNING --> [404] URI=https://www.mymiwallet.com/index.php/Premium-Features/Advanced-Charting

[1 occurrence(s)]
WARNING --> 404 route miss: https://www.mymiwallet.com/index.php/Premium-Features/Advanced-Charting | referrer: none

[1 occurrence(s)]
WARNING --> [404] URI=https://www.mymiwallet.com/index.php/Management/API

[1 occurrence(s)]
WARNING --> 404 route miss: https://www.mymiwallet.com/index.php/Management/API | referrer: none

[1 occurrence(s)]
WARNING --> [404] URI=https://www.mymiwallet.com/index.php/How-To-Guides

[1 occurrence(s)]
WARNING --> 404 route miss: https://www.mymiwallet.com/index.php/How-To-Guides | referrer: none

[1 occurrence(s)]
WARNING --> [404] URI=https://www.mymiwallet.com/index.php/Budget/Financial-Advisors

[1 occurrence(s)]
WARNING --> 404 route miss: https://www.mymiwallet.com/index.php/Budget/Financial-Advisors | referrer: none

[1 occurrence(s)]
WARNING --> [404] URI=https://www.mymiwallet.com/index.php/search

[1 occurrence(s)]
WARNING --> 404 route miss: https://www.mymiwallet.com/index.php/search | referrer: https://www.mymiwallet.com/index.php/Support

[1 occurrence(s)]
WARNING --> 404 route miss: https://www.mymiwallet.com/index.php/Dashboard/Transaction-Modal | referrer: https://www.mymiwallet.com/index.php/Support

[1 occurrence(s)]
WARNING --> [404] URI=https://www.mymiwallet.com/index.php/Wallets/MyMIGPayPalCallback

[1 occurrence(s)]
WARNING --> 404 route miss: https://www.mymiwallet.com/index.php/Wallets/MyMIGPayPalCallback | referrer: https://www.mymiwallet.com/index.php/Support

[1 occurrence(s)]
WARNING --> [404] URI=https://www.mymiwallet.com/index.php/Management/CreatePost

[1 occurrence(s)]
WARNING --> 404 route miss: https://www.mymiwallet.com/index.php/Management/CreatePost | referrer: https://www.mymiwallet.com/index.php/Support

[1 occurrence(s)]
WARNING --> [404] URI=https://www.mymiwallet.com/index.php/Apex

[1 occurrence(s)]
WARNING --> 404 route miss: https://www.mymiwallet.com/index.php/Apex | referrer: none

[1 occurrence(s)]
WARNING --> [404] URI=https://www.mymiwallet.com/index.php/Premium-Features/Due-Diligence-Database

[1 occurrence(s)]
WARNING --> 404 route miss: https://www.mymiwallet.com/index.php/Premium-Features/Due-Diligence-Database | referrer: none

[1 occurrence(s)]
WARNING --> [404] URI=https://www.mymiwallet.com/index.php/Leagl/Terms-And-Conditions

[1 occurrence(s)]
WARNING --> 404 route miss: https://www.mymiwallet.com/index.php/Leagl/Terms-And-Conditions | referrer: https://www.mymiwallet.com/index.php/Legal/Privacy-Policy

[1 occurrence(s)]
WARNING --> [404] URI=https://www.mymiwallet.com/index.php/Features/Advanced-Investment-Portfoio-Manager

[1 occurrence(s)]
WARNING --> 404 route miss: https://www.mymiwallet.com/index.php/Features/Advanced-Investment-Portfoio-Manager | referrer: none


---------------------------
LEVEL: ERROR
---------------------------

[1 occurrence(s)]
ERROR --> DashboardController::index failed to load executive summary: Cache key contains reserved characters {}()/\@:

[1 occurrence(s)]
ERROR --> Table 'mymiwallet.bf_squeeze_scorecards' doesn't exist


---------------------------
LEVEL: CRITICAL
---------------------------

[30 occurrence(s)]
CRITICAL --> CodeIgniter\Exceptions\PageNotFoundException: Page Not Found

[1 occurrence(s)]
CRITICAL --> Error: Call to a member function get() on null

[1 occurrence(s)]
CRITICAL --> [EXCEPTION] Call to a member function get() on null File=/home/mymiteam/mymiwallet/site/current/app/Services/LLM/OllamaCircuitBreaker.php Line=27

[28 occurrence(s)]
CRITICAL --> [EXCEPTION] Page Not Found File=/home/mymiteam/mymiwallet/site/current/vendor/codeigniter4/framework/system/CodeIgniter.php Line=1001


===============================================
   HERE'S THE NEW STUFF
   (Entries logged AFTER 2026-02-26 20:00:03)
===============================================

---------------------------
LEVEL: DEBUG (NEW)
---------------------------

[1 NEW occurrence(s)]
DEBUG --> LOG_HEALTHCHECK debug marker=bc320b73065e

[1 NEW occurrence(s)]
DEBUG --> [REQ_ID=9574ed4a6f72] [REQUEST][START] GET /index.php/Wallets/Purchase/Complete/MyMIGold

[29 NEW occurrence(s)]
DEBUG --> Session: Class initialized using 'CodeIgniter\Session\Handlers\FileHandler' driver.

[1 NEW occurrence(s)]
DEBUG --> [REQ_ID=9574ed4a6f72] [FILTER_BEFORE] /index.php/Wallets/Purchase/Complete/MyMIGold

[1 NEW occurrence(s)]
DEBUG --> [REQ_ID=9574ed4a6f72] [ROUTE] Controller=\App\Modules\User\Controllers\WalletsController Method=purchaseComplete

[1 NEW occurrence(s)]
DEBUG --> [REQ_ID=9574ed4a6f72] [LIFECYCLE][START] GET https://www.mymiwallet.com/index.php/Wallets/Purchase/Complete/MyMIGold

[1 NEW occurrence(s)]
DEBUG --> [CSRF] token name=csrf_test_name hash=ed3110902ef7bcc79cdb6954e584a1b6

[1 NEW occurrence(s)]
DEBUG --> [REQ_ID=9574ed4a6f72] [REQUEST][END]

[1 NEW occurrence(s)]
DEBUG --> [REQ_ID=440283ced56e] [REQUEST][START] GET /index.php/login

[1 NEW occurrence(s)]
DEBUG --> [REQ_ID=440283ced56e] [FILTER_BEFORE] /index.php/login

[1 NEW occurrence(s)]
DEBUG --> [REQ_ID=440283ced56e] [ROUTE] Controller=\App\Controllers\AuthController Method=login

[1 NEW occurrence(s)]
DEBUG --> [REQ_ID=440283ced56e] [LIFECYCLE][START] GET https://www.mymiwallet.com/index.php/login

[3 NEW occurrence(s)]
DEBUG --> [CSRF] token name=csrf_test_name hash=bb0a842396eed1c5fd16b96c922e7084

[1 NEW occurrence(s)]
DEBUG --> [REQ_ID=ebe579a82f6e] [INIT] App\Controllers\AuthController::GET

[1 NEW occurrence(s)]
DEBUG --> [REQ_ID=440283ced56e] [FILTER_AFTER]

[1 NEW occurrence(s)]
DEBUG --> [REQ_ID=440283ced56e] [LIFECYCLE][END] status=200 duration_ms=245.87 memory_delta=0

[1 NEW occurrence(s)]
DEBUG --> [REQ_ID=440283ced56e] [REQUEST][END]

[1 NEW occurrence(s)]
DEBUG --> [REQ_ID=6541aa482cbe] [REQUEST][START] GET /index.php/search

[1 NEW occurrence(s)]
DEBUG --> [REQ_ID=e64b2c5a52e0] [REQUEST][START] GET /index.php/Dashboard/Transaction-Modal

[1 NEW occurrence(s)]
DEBUG --> [REQ_ID=4679b0bc5db4] [REQUEST][START] GET /index.php/Wallets/MyMIGPayPalCallback

[1 NEW occurrence(s)]
DEBUG --> [REQ_ID=1bf0f5cfbf6f] [REQUEST][START] GET /index.php/Investments/Watchlist

[1 NEW occurrence(s)]
DEBUG --> [REQ_ID=1bf0f5cfbf6f] [FILTER_BEFORE] /index.php/Investments/Watchlist

[1 NEW occurrence(s)]
DEBUG --> [REQ_ID=1bf0f5cfbf6f] [ROUTE] Controller=\App\Modules\User\Controllers\InvestmentsController Method=watchlist

[1 NEW occurrence(s)]
DEBUG --> [REQ_ID=1bf0f5cfbf6f] [LIFECYCLE][START] GET https://www.mymiwallet.com/index.php/Investments/Watchlist

[1 NEW occurrence(s)]
DEBUG --> [REQ_ID=1bf0f5cfbf6f] [REQUEST][END]

[1 NEW occurrence(s)]
DEBUG --> [REQ_ID=3206ddf25da2] [REQUEST][START] GET /index.php/login

[1 NEW occurrence(s)]
DEBUG --> [REQ_ID=3206ddf25da2] [FILTER_BEFORE] /index.php/login

[1 NEW occurrence(s)]
DEBUG --> [REQ_ID=3206ddf25da2] [ROUTE] Controller=\App\Controllers\AuthController Method=login

[1 NEW occurrence(s)]
DEBUG --> [REQ_ID=3206ddf25da2] [LIFECYCLE][START] GET https://www.mymiwallet.com/index.php/login

[1 NEW occurrence(s)]
DEBUG --> [REQ_ID=5bd24fdf6815] [INIT] App\Controllers\AuthController::GET

[1 NEW occurrence(s)]
DEBUG --> [REQ_ID=3206ddf25da2] [FILTER_AFTER]

[1 NEW occurrence(s)]
DEBUG --> [REQ_ID=3206ddf25da2] [LIFECYCLE][END] status=200 duration_ms=24.46 memory_delta=0

[1 NEW occurrence(s)]
DEBUG --> [REQ_ID=3206ddf25da2] [REQUEST][END]

[1 NEW occurrence(s)]
DEBUG --> [REQ_ID=90910403d476] [REQUEST][START] GET /index.php/Management/CreatePost

[1 NEW occurrence(s)]
DEBUG --> [REQ_ID=d2239b049cea] [REQUEST][START] GET /

[1 NEW occurrence(s)]
DEBUG --> [REQ_ID=d2239b049cea] [FILTER_BEFORE] /

[1 NEW occurrence(s)]
DEBUG --> [REQ_ID=d2239b049cea] [ROUTE] Controller=\App\Controllers\Home Method=index

[1 NEW occurrence(s)]
DEBUG --> [REQ_ID=d2239b049cea] [LIFECYCLE][START] GET https://www.mymiwallet.com/index.php/

[1 NEW occurrence(s)]
DEBUG --> [CSRF] token name=csrf_test_name hash=fb54026fa5743013ff612b6869498f13

[1 NEW occurrence(s)]
DEBUG --> [REQ_ID=1bdc41ed8cd7] [INIT] App\Controllers\Home::GET

[8 NEW occurrence(s)]
DEBUG --> MyMIUser L52 - initialized (first log).

[3 NEW occurrence(s)]
DEBUG --> [MetaService] slug= pageName= cacheHit= path=FALLBACK

[1 NEW occurrence(s)]
DEBUG --> [REQ_ID=1bdc41ed8cd7] [VIEW_RENDER] themes/public/home

[3 NEW occurrence(s)]
DEBUG --> [MetaService] slug= pageName=Home cacheHit=1 path=CACHE

[1 NEW occurrence(s)]
DEBUG --> [REQ_ID=d2239b049cea] [FILTER_AFTER]

[1 NEW occurrence(s)]
DEBUG --> [REQ_ID=d2239b049cea] [LIFECYCLE][END] status=200 duration_ms=690.34 memory_delta=4194304

[1 NEW occurrence(s)]
DEBUG --> [REQ_ID=d2239b049cea] [REQUEST][END]

[1 NEW occurrence(s)]
DEBUG --> [REQ_ID=a721d3282e5b] [REQUEST][START] GET /index.php/API/Alerts/fetchEmailAlerts

[1 NEW occurrence(s)]
DEBUG --> [REQ_ID=a721d3282e5b] [FILTER_BEFORE] /index.php/API/Alerts/fetchEmailAlerts

[1 NEW occurrence(s)]
DEBUG --> [REQ_ID=a721d3282e5b] [ROUTE] Controller=\App\Modules\APIs\Controllers\AlertsAPIController Method=fetchEmailAlerts

[1 NEW occurrence(s)]
DEBUG --> [REQ_ID=a721d3282e5b] [LIFECYCLE][START] GET https://www.mymiwallet.com/index.php/API/Alerts/fetchEmailAlerts

[1 NEW occurrence(s)]
DEBUG --> [REQ_ID=a721d3282e5b] [REQUEST][END]

[1 NEW occurrence(s)]
DEBUG --> [REQ_ID=3b50ec831634] [REQUEST][START] GET /

[1 NEW occurrence(s)]
DEBUG --> [REQ_ID=3b50ec831634] [FILTER_BEFORE] /

[1 NEW occurrence(s)]
DEBUG --> [REQ_ID=3b50ec831634] [ROUTE] Controller=\App\Controllers\Home Method=index

[1 NEW occurrence(s)]
DEBUG --> [REQ_ID=3b50ec831634] [LIFECYCLE][START] GET https://www.mymiwallet.com/index.php/

[1 NEW occurrence(s)]
DEBUG --> [CSRF] token name=csrf_test_name hash=ea2948378a40f0e596bc543712d904e0

[1 NEW occurrence(s)]
DEBUG --> [REQ_ID=3e157fa4e255] [INIT] App\Controllers\Home::GET

[2 NEW occurrence(s)]
DEBUG --> [MetaService] slug= pageName= cacheHit=1 path=CACHE

[1 NEW occurrence(s)]
DEBUG --> [REQ_ID=3e157fa4e255] [VIEW_RENDER] themes/public/home

[2 NEW occurrence(s)]
DEBUG --> [MetaService] slug= pageName=Home cacheHit= path=DB

[1 NEW occurrence(s)]
DEBUG --> [REQ_ID=3b50ec831634] [FILTER_AFTER]

[1 NEW occurrence(s)]
DEBUG --> [REQ_ID=3b50ec831634] [LIFECYCLE][END] status=200 duration_ms=604.19 memory_delta=4194304

[1 NEW occurrence(s)]
DEBUG --> [REQ_ID=3b50ec831634] [REQUEST][END]

[1 NEW occurrence(s)]
DEBUG --> [REQ_ID=cc47902b15b6] [REQUEST][START] GET /index.php/Management/Marketing/Campaigns

[1 NEW occurrence(s)]
DEBUG --> [REQ_ID=cc47902b15b6] [FILTER_BEFORE] /index.php/Management/Marketing/Campaigns

[1 NEW occurrence(s)]
DEBUG --> [REQ_ID=cc47902b15b6] [ROUTE] Controller=\App\Modules\Management\Controllers\MarketingAdminController Method=campaigns

[1 NEW occurrence(s)]
DEBUG --> [REQ_ID=cc47902b15b6] [LIFECYCLE][START] GET https://www.mymiwallet.com/index.php/Management/Marketing/Campaigns

[1 NEW occurrence(s)]
DEBUG --> [CSRF] token name=csrf_test_name hash=a4ded81e6c89cbfbd681a0c1af2631e2

[1 NEW occurrence(s)]
DEBUG --> [REQ_ID=cc47902b15b6] [REQUEST][END]

[1 NEW occurrence(s)]
DEBUG --> [REQ_ID=41a2777ed031] [REQUEST][START] GET /index.php/login

[1 NEW occurrence(s)]
DEBUG --> [REQ_ID=41a2777ed031] [FILTER_BEFORE] /index.php/login

[1 NEW occurrence(s)]
DEBUG --> [REQ_ID=41a2777ed031] [ROUTE] Controller=\App\Controllers\AuthController Method=login

[1 NEW occurrence(s)]
DEBUG --> [REQ_ID=41a2777ed031] [LIFECYCLE][START] GET https://www.mymiwallet.com/index.php/login

[1 NEW occurrence(s)]
DEBUG --> [CSRF] token name=csrf_test_name hash=c0fccc4026791ba2b3438e51299e71c5

[1 NEW occurrence(s)]
DEBUG --> [REQ_ID=4fa38f9edfb2] [INIT] App\Controllers\AuthController::GET

[1 NEW occurrence(s)]
DEBUG --> [REQ_ID=41a2777ed031] [FILTER_AFTER]

[1 NEW occurrence(s)]
DEBUG --> [REQ_ID=41a2777ed031] [LIFECYCLE][END] status=200 duration_ms=72.24 memory_delta=0

[1 NEW occurrence(s)]
DEBUG --> [REQ_ID=41a2777ed031] [REQUEST][END]

[1 NEW occurrence(s)]
DEBUG --> [REQ_ID=d99ae7090560] [REQUEST][START] GET /

[1 NEW occurrence(s)]
DEBUG --> [REQ_ID=d99ae7090560] [FILTER_BEFORE] /

[1 NEW occurrence(s)]
DEBUG --> [REQ_ID=d99ae7090560] [ROUTE] Controller=\App\Controllers\Home Method=index

[1 NEW occurrence(s)]
DEBUG --> [REQ_ID=d99ae7090560] [LIFECYCLE][START] GET https://www.mymiwallet.com/index.php/

[1 NEW occurrence(s)]
DEBUG --> [CSRF] token name=csrf_test_name hash=5c6e93f73e57e32655c82fa9811b9708

[1 NEW occurrence(s)]
DEBUG --> [REQ_ID=af0eb4420139] [INIT] App\Controllers\Home::GET

[1 NEW occurrence(s)]
DEBUG --> [REQ_ID=af0eb4420139] [VIEW_RENDER] themes/public/home

[1 NEW occurrence(s)]
DEBUG --> [REQ_ID=d99ae7090560] [FILTER_AFTER]

[1 NEW occurrence(s)]
DEBUG --> [REQ_ID=d99ae7090560] [LIFECYCLE][END] status=200 duration_ms=647.40 memory_delta=4194304

[1 NEW occurrence(s)]
DEBUG --> [REQ_ID=d99ae7090560] [REQUEST][END]

[1 NEW occurrence(s)]
DEBUG --> [REQ_ID=0e20f3571b7f] [REQUEST][START] GET /index.php/Apex

[1 NEW occurrence(s)]
DEBUG --> [REQ_ID=739b4ba05789] [REQUEST][START] GET /index.php/Premium-Features/Due-Diligence-Database

[1 NEW occurrence(s)]
DEBUG --> [REQ_ID=bc5f5d33e8ae] [REQUEST][START] GET /index.php/Management/Budgets

[1 NEW occurrence(s)]
DEBUG --> [REQ_ID=bc5f5d33e8ae] [FILTER_BEFORE] /index.php/Management/Budgets

[1 NEW occurrence(s)]
DEBUG --> [REQ_ID=bc5f5d33e8ae] [ROUTE] Controller=\App\Modules\Management\Controllers\BudgetsAdminController Method=index

[1 NEW occurrence(s)]
DEBUG --> [REQ_ID=bc5f5d33e8ae] [LIFECYCLE][START] GET https://www.mymiwallet.com/index.php/Management/Budgets

[1 NEW occurrence(s)]
DEBUG --> [CSRF] token name=csrf_test_name hash=48c4910d46dc001ceac802308c8ef7d8

[1 NEW occurrence(s)]
DEBUG --> [REQ_ID=bc5f5d33e8ae] [REQUEST][END]

[1 NEW occurrence(s)]
DEBUG --> [REQ_ID=e43ad001a7c4] [REQUEST][START] HEAD /

[1 NEW occurrence(s)]
DEBUG --> [REQ_ID=0df10972f281] [REQUEST][START] GET /index.php/API/Management/Run-CRON-Tasks

[1 NEW occurrence(s)]
DEBUG --> [REQ_ID=0df10972f281] [FILTER_BEFORE] /index.php/API/Management/Run-CRON-Tasks

[1 NEW occurrence(s)]
DEBUG --> [REQ_ID=0df10972f281] [ROUTE] Controller=\App\Modules\Management\Controllers\ManagementAPIController Method=Run_CRON_Tasks

[1 NEW occurrence(s)]
DEBUG --> [REQ_ID=0df10972f281] [LIFECYCLE][START] GET https://www.mymiwallet.com/index.php/API/Management/Run-CRON-Tasks

[1 NEW occurrence(s)]
DEBUG --> [REQ_ID=0df10972f281] [REQUEST][END]

[1 NEW occurrence(s)]
DEBUG --> [REQ_ID=c0acd1a039c6] [REQUEST][START] GET /index.php/API/Alerts/fetchEmailAlerts

[1 NEW occurrence(s)]
DEBUG --> [REQ_ID=c0acd1a039c6] [FILTER_BEFORE] /index.php/API/Alerts/fetchEmailAlerts

[1 NEW occurrence(s)]
DEBUG --> [REQ_ID=c0acd1a039c6] [ROUTE] Controller=\App\Modules\APIs\Controllers\AlertsAPIController Method=fetchEmailAlerts

[1 NEW occurrence(s)]
DEBUG --> [REQ_ID=c0acd1a039c6] [LIFECYCLE][START] GET https://www.mymiwallet.com/index.php/API/Alerts/fetchEmailAlerts

[1 NEW occurrence(s)]
DEBUG --> [REQ_ID=c0acd1a039c6] [REQUEST][END]

[1 NEW occurrence(s)]
DEBUG --> [REQ_ID=fad35c0ffc1f] [REQUEST][START] GET /

[1 NEW occurrence(s)]
DEBUG --> [REQ_ID=fad35c0ffc1f] [FILTER_BEFORE] /

[1 NEW occurrence(s)]
DEBUG --> [REQ_ID=fad35c0ffc1f] [ROUTE] Controller=\App\Controllers\Home Method=index

[1 NEW occurrence(s)]
DEBUG --> [REQ_ID=fad35c0ffc1f] [LIFECYCLE][START] GET https://www.mymiwallet.com/index.php/

[1 NEW occurrence(s)]
DEBUG --> [CSRF] token name=csrf_test_name hash=17f842938e5817e887f5e44d33757ab5

[1 NEW occurrence(s)]
DEBUG --> [REQ_ID=b45eaad70933] [INIT] App\Controllers\Home::GET

[1 NEW occurrence(s)]
DEBUG --> [REQ_ID=b45eaad70933] [VIEW_RENDER] themes/public/home

[1 NEW occurrence(s)]
DEBUG --> [REQ_ID=fad35c0ffc1f] [FILTER_AFTER]

[1 NEW occurrence(s)]
DEBUG --> [REQ_ID=fad35c0ffc1f] [LIFECYCLE][END] status=200 duration_ms=642.84 memory_delta=4194304

[1 NEW occurrence(s)]
DEBUG --> [REQ_ID=fad35c0ffc1f] [REQUEST][END]

[1 NEW occurrence(s)]
DEBUG --> [REQ_ID=6872ba7ff4be] [REQUEST][START] GET /index.php/Leagl/Terms-And-Conditions

[1 NEW occurrence(s)]
DEBUG --> [REQ_ID=4b961363c798] [REQUEST][START] GET /

[1 NEW occurrence(s)]
DEBUG --> [REQ_ID=4b961363c798] [FILTER_BEFORE] /

[1 NEW occurrence(s)]
DEBUG --> [REQ_ID=4b961363c798] [ROUTE] Controller=\App\Controllers\Home Method=index

[1 NEW occurrence(s)]
DEBUG --> [REQ_ID=4b961363c798] [LIFECYCLE][START] GET https://www.mymiwallet.com/index.php/

[1 NEW occurrence(s)]
DEBUG --> [CSRF] token name=csrf_test_name hash=a283475d7e4b66113c0cb601dc210ecd

[1 NEW occurrence(s)]
DEBUG --> [REQ_ID=546a9adedeb9] [INIT] App\Controllers\Home::GET

[1 NEW occurrence(s)]
DEBUG --> [REQ_ID=546a9adedeb9] [VIEW_RENDER] themes/public/home

[1 NEW occurrence(s)]
DEBUG --> [REQ_ID=4b961363c798] [FILTER_AFTER]

[1 NEW occurrence(s)]
DEBUG --> [REQ_ID=4b961363c798] [LIFECYCLE][END] status=200 duration_ms=647.89 memory_delta=4194304

[1 NEW occurrence(s)]
DEBUG --> [REQ_ID=4b961363c798] [REQUEST][END]

[1 NEW occurrence(s)]
DEBUG --> [REQ_ID=eb74ca605f8f] [REQUEST][START] GET /index.php/Features/Advanced-Investment-Portfoio-Manager

[1 NEW occurrence(s)]
DEBUG --> [REQ_ID=a4a4f8d22cb1] [REQUEST][START] GET /index.php/Support/Account

[1 NEW occurrence(s)]
DEBUG --> [REQ_ID=a4a4f8d22cb1] [FILTER_BEFORE] /index.php/Support/Account

[1 NEW occurrence(s)]
DEBUG --> [REQ_ID=a4a4f8d22cb1] [ROUTE] Controller=\App\Modules\Support\Controllers\AccountSupportController Method=index

[1 NEW occurrence(s)]
DEBUG --> [REQ_ID=a4a4f8d22cb1] [LIFECYCLE][START] GET https://www.mymiwallet.com/index.php/Support/Account

[1 NEW occurrence(s)]
DEBUG --> [CSRF] token name=csrf_test_name hash=9b6154d99668cc46cc8460c275275262

[1 NEW occurrence(s)]
DEBUG --> [REQ_ID=4d29aa2e543d] [INIT] App\Modules\Support\Controllers\AccountSupportController::GET

[1 NEW occurrence(s)]
DEBUG --> [REQ_ID=4d29aa2e543d] [METHOD_ENTRY] index

[3 NEW occurrence(s)]
DEBUG --> [SERVICE] App\Services\BudgetService ::setUserId

[9 NEW occurrence(s)]
DEBUG --> MyMICoin: guest context detected; skipping user-specific preload.

[1 NEW occurrence(s)]
DEBUG --> [REQ_ID=4d29aa2e543d] [VIEW_RENDER] SupportModule/Support/account_help

[1 NEW occurrence(s)]
DEBUG --> [REQ_ID=a4a4f8d22cb1] [FILTER_AFTER]

[1 NEW occurrence(s)]
DEBUG --> [REQ_ID=a4a4f8d22cb1] [LIFECYCLE][END] status=200 duration_ms=204.42 memory_delta=2097152

[1 NEW occurrence(s)]
DEBUG --> [REQ_ID=a4a4f8d22cb1] [REQUEST][END]

[1 NEW occurrence(s)]
DEBUG --> [REQ_ID=56dc9485ff82] [REQUEST][START] GET /index.php/activate

[1 NEW occurrence(s)]
DEBUG --> [REQ_ID=56dc9485ff82] [FILTER_BEFORE] /index.php/activate

[1 NEW occurrence(s)]
DEBUG --> [REQ_ID=56dc9485ff82] [ROUTE] Controller=\App\Controllers\AuthController Method=activateAccount

[1 NEW occurrence(s)]
DEBUG --> [REQ_ID=56dc9485ff82] [LIFECYCLE][START] GET https://www.mymiwallet.com/index.php/activate

[1 NEW occurrence(s)]
DEBUG --> [CSRF] token name=csrf_test_name hash=76036efdbb17bc2a1b6a607065605f2e

[1 NEW occurrence(s)]
DEBUG --> [REQ_ID=f8202f9b6010] [INIT] App\Controllers\AuthController::GET

[1 NEW occurrence(s)]
DEBUG --> [REQ_ID=56dc9485ff82] [FILTER_AFTER]

[1 NEW occurrence(s)]
DEBUG --> [REQ_ID=56dc9485ff82] [LIFECYCLE][END] status=302 duration_ms=29.51 memory_delta=0

[1 NEW occurrence(s)]
DEBUG --> [REQ_ID=56dc9485ff82] [REQUEST][END]

[1 NEW occurrence(s)]
DEBUG --> [REQ_ID=87762c85386d] [REQUEST][START] GET /index.php/Support/Account

[1 NEW occurrence(s)]
DEBUG --> [REQ_ID=87762c85386d] [FILTER_BEFORE] /index.php/Support/Account

[1 NEW occurrence(s)]
DEBUG --> [REQ_ID=87762c85386d] [ROUTE] Controller=\App\Modules\Support\Controllers\AccountSupportController Method=index

[1 NEW occurrence(s)]
DEBUG --> [REQ_ID=87762c85386d] [LIFECYCLE][START] GET https://www.mymiwallet.com/index.php/Support/Account

[1 NEW occurrence(s)]
DEBUG --> [CSRF] token name=csrf_test_name hash=eca29c67795b8128bf4173950ded4772

[1 NEW occurrence(s)]
DEBUG --> [REQ_ID=2fc5c1e04115] [INIT] App\Modules\Support\Controllers\AccountSupportController::GET

[1 NEW occurrence(s)]
DEBUG --> [REQ_ID=2fc5c1e04115] [METHOD_ENTRY] index

[1 NEW occurrence(s)]
DEBUG --> [REQ_ID=2fc5c1e04115] [VIEW_RENDER] SupportModule/Support/account_help

[1 NEW occurrence(s)]
DEBUG --> [REQ_ID=87762c85386d] [FILTER_AFTER]

[1 NEW occurrence(s)]
DEBUG --> [REQ_ID=87762c85386d] [LIFECYCLE][END] status=200 duration_ms=23.47 memory_delta=0

[1 NEW occurrence(s)]
DEBUG --> [REQ_ID=87762c85386d] [REQUEST][END]

[1 NEW occurrence(s)]
DEBUG --> [REQ_ID=9fa8988b24e1] [REQUEST][START] GET /index.php/How-It-Works/Registering-An-Account

[1 NEW occurrence(s)]
DEBUG --> [REQ_ID=9fa8988b24e1] [FILTER_BEFORE] /index.php/How-It-Works/Registering-An-Account

[1 NEW occurrence(s)]
DEBUG --> [REQ_ID=9fa8988b24e1] [ROUTE] Controller=\App\Modules\Blog\Controllers\HowItWorksController Method=show

[1 NEW occurrence(s)]
DEBUG --> [REQ_ID=9fa8988b24e1] [LIFECYCLE][START] GET https://www.mymiwallet.com/index.php/How-It-Works/Registering-An-Account

[1 NEW occurrence(s)]
DEBUG --> [CSRF] token name=csrf_test_name hash=f305949bebe4452fbfd6d4824b76d3d3

[1 NEW occurrence(s)]
DEBUG --> [REQ_ID=c093edf0a11c] [INIT] App\Modules\Blog\Controllers\HowItWorksController::GET

[1 NEW occurrence(s)]
DEBUG --> [REQ_ID=c093edf0a11c] [METHOD_ENTRY] show

[1 NEW occurrence(s)]
DEBUG --> [REQ_ID=c093edf0a11c] [VIEW_RENDER] App\Modules\Blog\Views\HowItWorks\Registering_An_Account

[1 NEW occurrence(s)]
DEBUG --> [REQ_ID=9fa8988b24e1] [FILTER_AFTER]

[1 NEW occurrence(s)]
DEBUG --> [REQ_ID=9fa8988b24e1] [LIFECYCLE][END] status=200 duration_ms=1,060.34 memory_delta=6291456

[1 NEW occurrence(s)]
DEBUG --> [REQ_ID=9fa8988b24e1] [REQUEST][END]

[1 NEW occurrence(s)]
DEBUG --> [REQ_ID=2b5ccabe1639] [REQUEST][START] GET /index.php/API/Management/Run-CRON-Tasks

[1 NEW occurrence(s)]
DEBUG --> [REQ_ID=2b5ccabe1639] [FILTER_BEFORE] /index.php/API/Management/Run-CRON-Tasks

[1 NEW occurrence(s)]
DEBUG --> [REQ_ID=2b5ccabe1639] [ROUTE] Controller=\App\Modules\Management\Controllers\ManagementAPIController Method=Run_CRON_Tasks

[1 NEW occurrence(s)]
DEBUG --> [REQ_ID=2b5ccabe1639] [LIFECYCLE][START] GET https://www.mymiwallet.com/index.php/API/Management/Run-CRON-Tasks

[1 NEW occurrence(s)]
DEBUG --> [REQ_ID=2b5ccabe1639] [REQUEST][END]


---------------------------
LEVEL: INFO (NEW)
---------------------------

[1 NEW occurrence(s)]
INFO --> [spark:app:healthcheck] Started

[1 NEW occurrence(s)]
INFO --> [SPARK_START] App\Commands\App\Healthcheck

[12 NEW occurrence(s)]
INFO --> [SPARK_MEMORY] 16777216

[1 NEW occurrence(s)]
INFO --> [spark:app:healthcheck] Intent

[1 NEW occurrence(s)]
INFO --> LOG_HEALTHCHECK info marker=bc320b73065e

[1 NEW occurrence(s)]
INFO --> [spark:app:healthcheck] Completed

[1 NEW occurrence(s)]
INFO --> [SPARK_COMPLETE] App\Commands\App\Healthcheck duration=0.030126

[9 NEW occurrence(s)]
INFO --> [SPARK_MEMORY] 18874368

[1 NEW occurrence(s)]
INFO --> [SPARK_COMPLETE] App\Commands\AIOps\Run duration=242.393789

[1 NEW occurrence(s)]
INFO --> [REQ_ID=9574ed4a6f72] [PERF] Execution time=0.059222

[1 NEW occurrence(s)]
INFO --> [REQ_ID=ebe579a82f6e] [MEMORY][controller-start] 4194304

[1 NEW occurrence(s)]
INFO --> [REQ_ID=ebe579a82f6e] [PERF] Execution time=0.243974

[1 NEW occurrence(s)]
INFO --> [REQ_ID=440283ced56e] [PERF] Execution time=0.257220

[1 NEW occurrence(s)]
INFO --> [REQ_ID=1bf0f5cfbf6f] [PERF] Execution time=0.013732

[1 NEW occurrence(s)]
INFO --> [REQ_ID=5bd24fdf6815] [MEMORY][controller-start] 4194304

[1 NEW occurrence(s)]
INFO --> [REQ_ID=5bd24fdf6815] [PERF] Execution time=0.024122

[1 NEW occurrence(s)]
INFO --> [REQ_ID=3206ddf25da2] [PERF] Execution time=0.033598

[1 NEW occurrence(s)]
INFO --> [REQ_ID=1bdc41ed8cd7] [MEMORY][controller-start] 6291456

[1 NEW occurrence(s)]
INFO --> [REQ_ID=1bdc41ed8cd7] [MEMORY][commonData:start] 6291456

[1 NEW occurrence(s)]
INFO --> [REQ_ID=1bdc41ed8cd7] [MEMORY][commonData:start] 10485760

[5 NEW occurrence(s)]
INFO --> themesMemory usage: 10485760

[1 NEW occurrence(s)]
INFO --> [REQ_ID=1bdc41ed8cd7] [PERF] Execution time=0.688379

[1 NEW occurrence(s)]
INFO --> [REQ_ID=d2239b049cea] [PERF] Execution time=0.730454

[8 NEW occurrence(s)]
INFO --> [spark:ops:work] Started

[8 NEW occurrence(s)]
INFO --> [SPARK_START] App\Commands\Ops\Work

[8 NEW occurrence(s)]
INFO --> [spark:ops:work] Intent

[8 NEW occurrence(s)]
INFO --> [spark:ops:work] Completed

[1 NEW occurrence(s)]
INFO --> [SPARK_COMPLETE] App\Commands\Ops\Work duration=0.067520

[1 NEW occurrence(s)]
INFO --> [REQ_ID=a721d3282e5b] [PERF] Execution time=0.170047

[1 NEW occurrence(s)]
INFO --> [REQ_ID=3e157fa4e255] [MEMORY][controller-start] 6291456

[1 NEW occurrence(s)]
INFO --> [REQ_ID=3e157fa4e255] [MEMORY][commonData:start] 6291456

[1 NEW occurrence(s)]
INFO --> [REQ_ID=3e157fa4e255] [MEMORY][commonData:start] 10485760

[1 NEW occurrence(s)]
INFO --> [REQ_ID=3e157fa4e255] [PERF] Execution time=0.601835

[1 NEW occurrence(s)]
INFO --> [REQ_ID=3b50ec831634] [PERF] Execution time=0.644920

[1 NEW occurrence(s)]
INFO --> [REQ_ID=cc47902b15b6] [PERF] Execution time=0.084059

[1 NEW occurrence(s)]
INFO --> [REQ_ID=4fa38f9edfb2] [MEMORY][controller-start] 4194304

[1 NEW occurrence(s)]
INFO --> [REQ_ID=4fa38f9edfb2] [PERF] Execution time=0.064585

[1 NEW occurrence(s)]
INFO --> [REQ_ID=41a2777ed031] [PERF] Execution time=0.084105

[1 NEW occurrence(s)]
INFO --> [REQ_ID=af0eb4420139] [MEMORY][controller-start] 6291456

[1 NEW occurrence(s)]
INFO --> [REQ_ID=af0eb4420139] [MEMORY][commonData:start] 6291456

[1 NEW occurrence(s)]
INFO --> [REQ_ID=af0eb4420139] [MEMORY][commonData:start] 10485760

[1 NEW occurrence(s)]
INFO --> [REQ_ID=af0eb4420139] [PERF] Execution time=0.645338

[1 NEW occurrence(s)]
INFO --> [REQ_ID=d99ae7090560] [PERF] Execution time=0.685794

[1 NEW occurrence(s)]
INFO --> [SPARK_COMPLETE] App\Commands\Ops\Work duration=0.048516

[1 NEW occurrence(s)]
INFO --> [REQ_ID=bc5f5d33e8ae] [PERF] Execution time=0.028479

[1 NEW occurrence(s)]
INFO --> [SPARK_COMPLETE] App\Commands\Ops\Work duration=0.034732

[1 NEW occurrence(s)]
INFO --> [SPARK_COMPLETE] App\Commands\Ops\Work duration=0.029754

[1 NEW occurrence(s)]
INFO --> [REQ_ID=0df10972f281] [PERF] Execution time=0.053217

[1 NEW occurrence(s)]
INFO --> [SPARK_COMPLETE] App\Commands\Ops\Work duration=0.052143

[1 NEW occurrence(s)]
INFO --> [REQ_ID=c0acd1a039c6] [PERF] Execution time=0.054785

[1 NEW occurrence(s)]
INFO --> [REQ_ID=b45eaad70933] [MEMORY][controller-start] 6291456

[1 NEW occurrence(s)]
INFO --> [REQ_ID=b45eaad70933] [MEMORY][commonData:start] 6291456

[1 NEW occurrence(s)]
INFO --> [REQ_ID=b45eaad70933] [MEMORY][commonData:start] 10485760

[1 NEW occurrence(s)]
INFO --> [REQ_ID=b45eaad70933] [PERF] Execution time=0.640778

[1 NEW occurrence(s)]
INFO --> [REQ_ID=fad35c0ffc1f] [PERF] Execution time=0.684158

[1 NEW occurrence(s)]
INFO --> [SPARK_COMPLETE] App\Commands\Ops\Work duration=0.061541

[1 NEW occurrence(s)]
INFO --> [REQ_ID=546a9adedeb9] [MEMORY][controller-start] 4194304

[1 NEW occurrence(s)]
INFO --> [REQ_ID=546a9adedeb9] [MEMORY][commonData:start] 6291456

[1 NEW occurrence(s)]
INFO --> [REQ_ID=546a9adedeb9] [MEMORY][commonData:start] 8388608

[1 NEW occurrence(s)]
INFO --> themesMemory usage: 8388608

[1 NEW occurrence(s)]
INFO --> [REQ_ID=546a9adedeb9] [PERF] Execution time=0.645149

[1 NEW occurrence(s)]
INFO --> [REQ_ID=4b961363c798] [PERF] Execution time=0.667455

[1 NEW occurrence(s)]
INFO --> [REQ_ID=4d29aa2e543d] [MEMORY][controller-start] 4194304

[2 NEW occurrence(s)]
INFO --> [REQ_ID=4d29aa2e543d] [MEMORY][commonData:start] 6291456

[1 NEW occurrence(s)]
INFO --> themesMemory usage: 6291456

[1 NEW occurrence(s)]
INFO --> [REQ_ID=4d29aa2e543d] [PERF] Execution time=0.202006

[1 NEW occurrence(s)]
INFO --> [REQ_ID=a4a4f8d22cb1] [PERF] Execution time=0.222979

[1 NEW occurrence(s)]
INFO --> [REQ_ID=f8202f9b6010] [MEMORY][controller-start] 4194304

[1 NEW occurrence(s)]
INFO --> [ACTIVATION] Activation link hit

[1 NEW occurrence(s)]
INFO --> [REQ_ID=f8202f9b6010] [PERF] Execution time=0.028295

[1 NEW occurrence(s)]
INFO --> [REQ_ID=56dc9485ff82] [PERF] Execution time=0.043556

[1 NEW occurrence(s)]
INFO --> [REQ_ID=2fc5c1e04115] [MEMORY][controller-start] 4194304

[2 NEW occurrence(s)]
INFO --> [REQ_ID=2fc5c1e04115] [MEMORY][commonData:start] 4194304

[1 NEW occurrence(s)]
INFO --> themesMemory usage: 4194304

[1 NEW occurrence(s)]
INFO --> [REQ_ID=2fc5c1e04115] [PERF] Execution time=0.022990

[1 NEW occurrence(s)]
INFO --> [REQ_ID=87762c85386d] [PERF] Execution time=0.033527

[1 NEW occurrence(s)]
INFO --> [REQ_ID=c093edf0a11c] [MEMORY][controller-start] 4194304

[1 NEW occurrence(s)]
INFO --> [REQ_ID=c093edf0a11c] [MEMORY][commonData:start] 4194304

[1 NEW occurrence(s)]
INFO --> [REQ_ID=c093edf0a11c] [MEMORY][commonData:start] 8388608

[1 NEW occurrence(s)]
INFO --> [REQ_ID=c093edf0a11c] [PERF] Execution time=1.059835

[1 NEW occurrence(s)]
INFO --> [REQ_ID=9fa8988b24e1] [PERF] Execution time=1.072439

[1 NEW occurrence(s)]
INFO --> [SPARK_COMPLETE] App\Commands\Ops\Work duration=0.116090

[1 NEW occurrence(s)]
INFO --> [SPARK_START] App\Commands\AIOps\Run

[1 NEW occurrence(s)]
INFO --> [spark:aiops:run] Intent

[1 NEW occurrence(s)]
INFO --> [REQ_ID=2b5ccabe1639] [PERF] Execution time=0.106397

[1 NEW occurrence(s)]
INFO --> [SPARK_COMPLETE] App\Commands\Ops\Work duration=0.099412

[1 NEW occurrence(s)]
INFO --> [AIOPS][SPARK][GOVERNANCE][spark:logs:summarize] Started

[1 NEW occurrence(s)]
INFO --> [SPARK_START] App\Commands\Logs\Summarize

[1 NEW occurrence(s)]
INFO --> [spark:logs:summarize] Intent


---------------------------
LEVEL: NOTICE (NEW)
---------------------------

[1 NEW occurrence(s)]
NOTICE --> LOG_HEALTHCHECK probe marker=bc320b73065e


---------------------------
LEVEL: WARNING (NEW)
---------------------------

[1 NEW occurrence(s)]
WARNING --> [404] URI=https://www.mymiwallet.com/index.php/search

[1 NEW occurrence(s)]
WARNING --> 404 route miss: https://www.mymiwallet.com/index.php/search | referrer: https://www.mymiwallet.com/index.php/Support

[1 NEW occurrence(s)]
WARNING --> [404] URI=https://www.mymiwallet.com/index.php/Dashboard/Transaction-Modal

[1 NEW occurrence(s)]
WARNING --> 404 route miss: https://www.mymiwallet.com/index.php/Dashboard/Transaction-Modal | referrer: https://www.mymiwallet.com/index.php/Support

[1 NEW occurrence(s)]
WARNING --> [404] URI=https://www.mymiwallet.com/index.php/Wallets/MyMIGPayPalCallback

[1 NEW occurrence(s)]
WARNING --> 404 route miss: https://www.mymiwallet.com/index.php/Wallets/MyMIGPayPalCallback | referrer: https://www.mymiwallet.com/index.php/Support

[1 NEW occurrence(s)]
WARNING --> [404] URI=https://www.mymiwallet.com/index.php/Management/CreatePost

[1 NEW occurrence(s)]
WARNING --> 404 route miss: https://www.mymiwallet.com/index.php/Management/CreatePost | referrer: https://www.mymiwallet.com/index.php/Support

[1 NEW occurrence(s)]
WARNING --> [404] URI=https://www.mymiwallet.com/index.php/Apex

[1 NEW occurrence(s)]
WARNING --> 404 route miss: https://www.mymiwallet.com/index.php/Apex | referrer: none

[1 NEW occurrence(s)]
WARNING --> [404] URI=https://www.mymiwallet.com/index.php/Premium-Features/Due-Diligence-Database

[1 NEW occurrence(s)]
WARNING --> 404 route miss: https://www.mymiwallet.com/index.php/Premium-Features/Due-Diligence-Database | referrer: none

[1 NEW occurrence(s)]
WARNING --> [404] URI=https://www.mymiwallet.com/index.php/

[1 NEW occurrence(s)]
WARNING --> 404 route miss: https://www.mymiwallet.com/index.php/ | referrer: http://mymiwallet.com/

[1 NEW occurrence(s)]
WARNING --> [404] URI=https://www.mymiwallet.com/index.php/Leagl/Terms-And-Conditions

[1 NEW occurrence(s)]
WARNING --> 404 route miss: https://www.mymiwallet.com/index.php/Leagl/Terms-And-Conditions | referrer: https://www.mymiwallet.com/index.php/Legal/Privacy-Policy

[1 NEW occurrence(s)]
WARNING --> [404] URI=https://www.mymiwallet.com/index.php/Features/Advanced-Investment-Portfoio-Manager

[1 NEW occurrence(s)]
WARNING --> 404 route miss: https://www.mymiwallet.com/index.php/Features/Advanced-Investment-Portfoio-Manager | referrer: none

[3 NEW occurrence(s)]
WARNING --> MyMIWallets initialized without numeric user context.

[1 NEW occurrence(s)]
WARNING --> [ACTIVATION] Activation failed: missing token


---------------------------
LEVEL: CRITICAL (NEW)
---------------------------

[9 NEW occurrence(s)]
CRITICAL --> CodeIgniter\Exceptions\PageNotFoundException: Page Not Found

[9 NEW occurrence(s)]
CRITICAL --> [EXCEPTION] Page Not Found File=/home/mymiteam/mymiwallet/site/current/vendor/codeigniter4/framework/system/CodeIgniter.php Line=1001


---- CONFIG LINT ----
✅ Services::cache
✅ Services::responsecache
✅ Services::session
✅ Services::email
✅ Services::logger
✅ Services::validation
✅ Services::renderer
