===============================================
   MyMI Wallet — Log Summary for 2026-03-22
   Auto-generated by logs:summarize command
   Grouped by (LEVEL + message)
===============================================

Last processed up to: <none> (first run for this date)

---------------------------
LEVEL: DEBUG
---------------------------

[1 occurrence(s)]
DEBUG --> [REQ_ID=86b556d589ae] [REQUEST][START] GET /index.php/API/Management/Run-CRON-Tasks

[293 occurrence(s)]
DEBUG --> Session: Class initialized using 'CodeIgniter\Session\Handlers\FileHandler' driver.

[1 occurrence(s)]
DEBUG --> [REQ_ID=86b556d589ae] [FILTER_BEFORE] /index.php/API/Management/Run-CRON-Tasks

[1 occurrence(s)]
DEBUG --> [REQ_ID=86b556d589ae] [ROUTE] Controller=\App\Modules\Management\Controllers\ManagementAPIController Method=Run_CRON_Tasks

[1 occurrence(s)]
DEBUG --> [REQ_ID=86b556d589ae] [LIFECYCLE][START] GET https://www.mymiwallet.com/index.php/API/Management/Run-CRON-Tasks

[1 occurrence(s)]
DEBUG --> [REQ_ID=86b556d589ae] [REQUEST][END]

[1 occurrence(s)]
DEBUG --> [REQ_ID=c6c02d27ecfc] [REQUEST][START] HEAD /

[1 occurrence(s)]
DEBUG --> [REQ_ID=d117626c4a20] [REQUEST][START] HEAD /

[1 occurrence(s)]
DEBUG --> [REQ_ID=8954d0affa28] [REQUEST][START] GET /

[1 occurrence(s)]
DEBUG --> [REQ_ID=8954d0affa28] [FILTER_BEFORE] /

[1 occurrence(s)]
DEBUG --> [REQ_ID=8954d0affa28] [ROUTE] Controller=\App\Controllers\Home Method=index

[1 occurrence(s)]
DEBUG --> [REQ_ID=8954d0affa28] [LIFECYCLE][START] GET https://www.mymiwallet.com/index.php/

[1 occurrence(s)]
DEBUG --> [CSRF] token name=csrf_test_name hash=b4fd45bd4dc640227ef718b782db7b01

[1 occurrence(s)]
DEBUG --> [REQ_ID=9df1f3f1e9ca] [INIT] App\Controllers\Home::GET

[125 occurrence(s)]
DEBUG --> MyMIUser L52 - initialized (first log).

[14 occurrence(s)]
DEBUG --> [MetaService] slug= pageName= cacheHit=1 path=CACHE

[1 occurrence(s)]
DEBUG --> [REQ_ID=9df1f3f1e9ca] [VIEW_RENDER] themes/public/home

[17 occurrence(s)]
DEBUG --> [MetaService] slug= pageName=Home cacheHit=1 path=CACHE

[1 occurrence(s)]
DEBUG --> [REQ_ID=8954d0affa28] [FILTER_AFTER]

[1 occurrence(s)]
DEBUG --> [REQ_ID=8954d0affa28] [LIFECYCLE][END] status=200 duration_ms=898.73 memory_delta=4194304

[1 occurrence(s)]
DEBUG --> [REQ_ID=8954d0affa28] [REQUEST][END]

[1 occurrence(s)]
DEBUG --> [REQ_ID=84347cc09b0d] [REQUEST][START] HEAD /

[1 occurrence(s)]
DEBUG --> [REQ_ID=57f6a781e2e7] [REQUEST][START] GET /index.php/API/Alerts/fetchEmailAlerts

[1 occurrence(s)]
DEBUG --> [REQ_ID=57f6a781e2e7] [FILTER_BEFORE] /index.php/API/Alerts/fetchEmailAlerts

[1 occurrence(s)]
DEBUG --> [REQ_ID=57f6a781e2e7] [ROUTE] Controller=\App\Modules\APIs\Controllers\AlertsAPIController Method=fetchEmailAlerts

[1 occurrence(s)]
DEBUG --> [REQ_ID=57f6a781e2e7] [LIFECYCLE][START] GET https://www.mymiwallet.com/index.php/API/Alerts/fetchEmailAlerts

[1 occurrence(s)]
DEBUG --> [REQ_ID=57f6a781e2e7] [REQUEST][END]

[1 occurrence(s)]
DEBUG --> [REQ_ID=b3a16328dcbb] [REQUEST][START] HEAD /

[1 occurrence(s)]
DEBUG --> [REQ_ID=15b0fd5fd8c9] [REQUEST][START] HEAD /

[1 occurrence(s)]
DEBUG --> [REQ_ID=c8bb79326c2d] [REQUEST][START] HEAD /

[1 occurrence(s)]
DEBUG --> [REQ_ID=b821f96e44c7] [REQUEST][START] HEAD /

[1 occurrence(s)]
DEBUG --> [REQ_ID=4b0cce7b9889] [REQUEST][START] GET /

[1 occurrence(s)]
DEBUG --> [REQ_ID=4b0cce7b9889] [REQUEST][END]

[1 occurrence(s)]
DEBUG --> [REQ_ID=f12f6ca35ad2] [REQUEST][START] HEAD /

[1 occurrence(s)]
DEBUG --> [REQ_ID=16361c5942cd] [REQUEST][START] GET /index.php/Knowledgebase

[1 occurrence(s)]
DEBUG --> [REQ_ID=16361c5942cd] [REQUEST][END]

[1 occurrence(s)]
DEBUG --> [REQ_ID=c4e3e9bfbbbb] [REQUEST][START] GET /

[1 occurrence(s)]
DEBUG --> [REQ_ID=c4e3e9bfbbbb] [REQUEST][END]

[1 occurrence(s)]
DEBUG --> [REQ_ID=b4f4f27596be] [REQUEST][START] HEAD /

[1 occurrence(s)]
DEBUG --> [REQ_ID=3ea58c85817a] [REQUEST][START] HEAD /

[1 occurrence(s)]
DEBUG --> [REQ_ID=e31c7027747b] [REQUEST][START] HEAD /

[1 occurrence(s)]
DEBUG --> [REQ_ID=a8e360c30a94] [REQUEST][START] GET /index.php/login

[1 occurrence(s)]
DEBUG --> [REQ_ID=a8e360c30a94] [FILTER_BEFORE] /index.php/login

[1 occurrence(s)]
DEBUG --> [REQ_ID=a8e360c30a94] [ROUTE] Controller=\App\Controllers\AuthController Method=login

[1 occurrence(s)]
DEBUG --> [REQ_ID=a8e360c30a94] [LIFECYCLE][START] GET https://www.mymiwallet.com/index.php/login

[33 occurrence(s)]
DEBUG --> [CSRF] token name=csrf_test_name hash=581ea0d6f55ae95dcdc7d8eac3eeb67f

[1 occurrence(s)]
DEBUG --> [REQ_ID=c0a97ced8e43] [INIT] App\Controllers\AuthController::GET

[1 occurrence(s)]
DEBUG --> [REQ_ID=a8e360c30a94] [FILTER_AFTER]

[1 occurrence(s)]
DEBUG --> [REQ_ID=a8e360c30a94] [LIFECYCLE][END] status=200 duration_ms=68.76 memory_delta=0

[1 occurrence(s)]
DEBUG --> [REQ_ID=a8e360c30a94] [REQUEST][END]

[1 occurrence(s)]
DEBUG --> [REQ_ID=e898ee3f0308] [REQUEST][START] POST /index.php/login

[1 occurrence(s)]
DEBUG --> [REQ_ID=e898ee3f0308] [FILTER_BEFORE] /index.php/login

[1 occurrence(s)]
DEBUG --> [REQ_ID=e898ee3f0308] [ROUTE] Controller=\App\Controllers\AuthController Method=attemptLogin

[1 occurrence(s)]
DEBUG --> [REQ_ID=e898ee3f0308] [LIFECYCLE][START] POST https://www.mymiwallet.com/index.php/login

[1 occurrence(s)]
DEBUG --> [REQ_ID=e898ee3f0308] [REQUEST][END]

[1 occurrence(s)]
DEBUG --> [REQ_ID=6f30fc0102c2] [REQUEST][START] GET /index.php/login

[1 occurrence(s)]
DEBUG --> [REQ_ID=6f30fc0102c2] [FILTER_BEFORE] /index.php/login

[1 occurrence(s)]
DEBUG --> [REQ_ID=6f30fc0102c2] [ROUTE] Controller=\App\Controllers\AuthController Method=login

[1 occurrence(s)]
DEBUG --> [REQ_ID=6f30fc0102c2] [LIFECYCLE][START] GET https://www.mymiwallet.com/index.php/login

[1 occurrence(s)]
DEBUG --> [REQ_ID=a3ab145495f7] [INIT] App\Controllers\AuthController::GET

[1 occurrence(s)]
DEBUG --> [REQ_ID=6f30fc0102c2] [FILTER_AFTER]

[1 occurrence(s)]
DEBUG --> [REQ_ID=6f30fc0102c2] [LIFECYCLE][END] status=200 duration_ms=173.19 memory_delta=0

[1 occurrence(s)]
DEBUG --> [REQ_ID=6f30fc0102c2] [REQUEST][END]

[1 occurrence(s)]
DEBUG --> [REQ_ID=5f695c41a52e] [REQUEST][START] HEAD /

[1 occurrence(s)]
DEBUG --> [REQ_ID=73e892bdcb93] [REQUEST][START] POST /index.php/login

[1 occurrence(s)]
DEBUG --> [REQ_ID=73e892bdcb93] [FILTER_BEFORE] /index.php/login

[1 occurrence(s)]
DEBUG --> [REQ_ID=73e892bdcb93] [ROUTE] Controller=\App\Controllers\AuthController Method=attemptLogin

[1 occurrence(s)]
DEBUG --> [REQ_ID=73e892bdcb93] [LIFECYCLE][START] POST https://www.mymiwallet.com/index.php/login

[1 occurrence(s)]
DEBUG --> [REQ_ID=a126e6ecc30a] [INIT] App\Controllers\AuthController::POST

[2 occurrence(s)]
DEBUG --> Auth attemptLogin() called with login identifier: tburks2392, remember: false

[2 occurrence(s)]
DEBUG --> Auth attemptLogin() called. redirect_url in session: https://www.mymiwallet.com/index.php/Management/Alerts

[4 occurrence(s)]
DEBUG --> Auth credentials normalised for attempt using key "username"

[3 occurrence(s)]
DEBUG --> Auth attempt succeeded for identifier tburks2392. logged_in(): yes, user_id(): 2

[3 occurrence(s)]
DEBUG --> Auth attempt succeeded. logged_in(): yes, user_id(): 2

[3 occurrence(s)]
DEBUG --> Auth attemptLogin() - session user_id set to: 2

[2 occurrence(s)]
DEBUG --> Auth redirect destination: https://www.mymiwallet.com/index.php/Management/Alerts

[1 occurrence(s)]
DEBUG --> [REQ_ID=73e892bdcb93] [FILTER_AFTER]

[1 occurrence(s)]
DEBUG --> [REQ_ID=73e892bdcb93] [LIFECYCLE][END] status=303 duration_ms=183.53 memory_delta=0

[1 occurrence(s)]
DEBUG --> [REQ_ID=73e892bdcb93] [REQUEST][END]

[1 occurrence(s)]
DEBUG --> [REQ_ID=5984b183b163] [REQUEST][START] GET /index.php/Management/Alerts

[1 occurrence(s)]
DEBUG --> [REQ_ID=5984b183b163] [FILTER_BEFORE] /index.php/Management/Alerts

[1 occurrence(s)]
DEBUG --> [REQ_ID=5984b183b163] [ROUTE] Controller=\App\Modules\Management\Controllers\AlertsAdminController Method=index

[1 occurrence(s)]
DEBUG --> [REQ_ID=5984b183b163] [LIFECYCLE][START] GET https://www.mymiwallet.com/index.php/Management/Alerts

[1 occurrence(s)]
DEBUG --> [REQ_ID=356f7e731277] [INIT] App\Modules\Management\Controllers\AlertsAdminController::GET

[60 occurrence(s)]
DEBUG --> MyMIMarketing: Pscrape library not installed; Google search scraping will use fallback.

[1 occurrence(s)]
DEBUG --> [REQ_ID=356f7e731277] [METHOD_ENTRY] index

[197 occurrence(s)]
DEBUG --> [SERVICE] App\Services\BudgetService ::setUserId

[4 occurrence(s)]
DEBUG --> AlertsController init cuID: 2

[372 occurrence(s)]
DEBUG --> [MODEL_WHERE] App\Models\BudgetModel KEY="created_by"

[364 occurrence(s)]
DEBUG --> [MODEL_WHERE] App\Models\BudgetModel KEY="account_type"

[330 occurrence(s)]
DEBUG --> [MODEL_WHERE] App\Models\BudgetModel KEY="designated_date >="

[330 occurrence(s)]
DEBUG --> [MODEL_WHERE] App\Models\BudgetModel KEY="designated_date <="

[324 occurrence(s)]
DEBUG --> [MODEL_WHERE] App\Models\BudgetModel KEY="year"

[304 occurrence(s)]
DEBUG --> [MODEL_WHERE] App\Models\BudgetModel KEY="month <="

[304 occurrence(s)]
DEBUG --> [MODEL_WHERE] App\Models\BudgetModel KEY="day <="

[124 occurrence(s)]
DEBUG --> [MODEL_WHERE] App\Models\BudgetModel KEY={"created_by":2,"account_type":"Income","month":"03","year":"2026"}

[788 occurrence(s)]
DEBUG --> [MODEL_FIRST] App\Models\BudgetModel

[124 occurrence(s)]
DEBUG --> [MODEL_WHERE] App\Models\BudgetModel KEY={"created_by":2,"account_type":"Income","month":"02","year":"2026"}

[124 occurrence(s)]
DEBUG --> [MODEL_WHERE] App\Models\BudgetModel KEY={"created_by":2,"account_type":"Expense","month":"03","year":"2026"}

[124 occurrence(s)]
DEBUG --> [MODEL_WHERE] App\Models\BudgetModel KEY={"created_by":2,"account_type":"Expense","month":"02","year":"2026"}

[153 occurrence(s)]
DEBUG --> [MODEL_WHERE] App\Models\BudgetModel KEY={"status":1,"created_by":2,"deleted":0}

[143 occurrence(s)]
DEBUG --> [MODEL_WHERE] App\Models\BudgetModel KEY={"status":1,"paid":0,"created_by":2,"deleted":0}

[10 occurrence(s)]
DEBUG --> MyMIWallets::getUserWallets user=2 type=checking rows=20

[10 occurrence(s)]
DEBUG --> MyMIWallets::getUserWallets user=2 type=credit rows=1

[10 occurrence(s)]
DEBUG --> MyMIWallets::getUserWallets user=2 type=debt rows=3

[10 occurrence(s)]
DEBUG --> MyMIWallets::getUserWallets user=2 type=investment rows=3

[10 occurrence(s)]
DEBUG --> MyMIWallets::getUserWallets user=2 type=savings rows=0

[2 occurrence(s)]
DEBUG --> AlertsController::index start - memory: 10485760

[4 occurrence(s)]
DEBUG --> AlertsController::index - wallet blocks disabled by config

[2 occurrence(s)]
DEBUG --> AlertsController::index after wallets - memory: 10485760

[2 occurrence(s)]
DEBUG --> AlertsController::index before alerts query - memory: 10485760

[4 occurrence(s)]
DEBUG --> AlertsModel::getPendingAlerts - fetched 2 alerts (limit 50)

[2 occurrence(s)]
DEBUG --> AlertsController::index after alerts query - memory: 10485760

[4 occurrence(s)]
DEBUG --> AlertsController::index - Momentum scoring disabled by config

[4 occurrence(s)]
DEBUG --> AlertsController::index - Advisor package disabled by config

[4 occurrence(s)]
DEBUG --> AlertsController::index - Solana summary disabled by config

[2 occurrence(s)]
DEBUG --> AlertsController::index end - memory: 10485760

[2 occurrence(s)]
DEBUG --> [CACHE_MISS] mymiwallet_development_alerts_activity_uid_2_97d170e1550e

[2 occurrence(s)]
DEBUG --> Triggered processAlerts CRON for user 2

[22 occurrence(s)]
DEBUG --> [MODEL_WHERE] App\Models\BudgetModel KEY="paid"

[14 occurrence(s)]
DEBUG --> [MODEL_WHERE] App\Models\BudgetModel KEY="deleted"

[68 occurrence(s)]
DEBUG --> [MODEL_WHERE] App\Models\BudgetModel KEY="status"

[8 occurrence(s)]
DEBUG --> [MODEL_WHERE] App\Models\BudgetModel KEY="STR_TO_DATE(designated_date, \"%m\/%d\/%Y\") >="

[8 occurrence(s)]
DEBUG --> [MODEL_WHERE] App\Models\BudgetModel KEY="STR_TO_DATE(designated_date, \"%m\/%d\/%Y\") <="

[4 occurrence(s)]
DEBUG --> Memory usage before coin value fetch: 10485760

[4 occurrence(s)]
DEBUG --> Memory usage after coin value fetch: 10485760

[1 occurrence(s)]
DEBUG --> [REQ_ID=b240c1654177] [REQUEST][START] GET /index.php/Management/Alerts/weeklyTopPerformance?limit=10

[1 occurrence(s)]
DEBUG --> [REQ_ID=a1924d73d1bb] [REQUEST][START] POST /index.php/API/Alerts/getFilteredAlerts

[1 occurrence(s)]
DEBUG --> [REQ_ID=fbc8ef725646] [REQUEST][START] POST /index.php/API/Alerts/processTradeBatch

[1 occurrence(s)]
DEBUG --> [REQ_ID=403bb3aa6089] [REQUEST][START] POST /index.php/API/Alerts/getFilteredAlerts

[1 occurrence(s)]
DEBUG --> [REQ_ID=356f7e731277] [VIEW_RENDER] ManagementModule\Views\Alerts\index

[2 occurrence(s)]
DEBUG --> Memory usage before coin value fetch: 16777216

[2 occurrence(s)]
DEBUG --> Memory usage after coin value fetch: 16777216

[1 occurrence(s)]
DEBUG --> [REQ_ID=5984b183b163] [FILTER_AFTER]

[1 occurrence(s)]
DEBUG --> [REQ_ID=5984b183b163] [LIFECYCLE][END] status=200 duration_ms=3,770.62 memory_delta=20971520

[1 occurrence(s)]
DEBUG --> [REQ_ID=5984b183b163] [REQUEST][END]

[1 occurrence(s)]
DEBUG --> [REQ_ID=a1924d73d1bb] [FILTER_BEFORE] /index.php/API/Alerts/getFilteredAlerts

[1 occurrence(s)]
DEBUG --> [REQ_ID=a1924d73d1bb] [ROUTE] Controller=\App\Modules\APIs\Controllers\AlertsAPIController Method=getFilteredAlerts

[1 occurrence(s)]
DEBUG --> [REQ_ID=a1924d73d1bb] [LIFECYCLE][START] POST https://www.mymiwallet.com/index.php/API/Alerts/getFilteredAlerts

[1 occurrence(s)]
DEBUG --> [REQ_ID=6f88877449c1] [INIT] App\Modules\APIs\Controllers\AlertsAPIController::POST

[1 occurrence(s)]
DEBUG --> [REQ_ID=6f88877449c1] [AJAX_HEADERS] {"Content-Type":{},"Connection":{},"Host":{},"Priority":{},"Cookie":{},"Accept-Language":{},"Accept-Encoding":{},"Referer":{},"Sec-Fetch-Dest":{},"Sec-Fetch-Mode":{},"Sec-Fetch-Site":{},"Origin":{},"Sec-Ch-Ua-Mobile":{},"Sec-Ch-Ua":{},"Accept":{},"User-Agent":{},"X-Requested-With":{},"Sec-Ch-Ua-Platform":{}}

[1 occurrence(s)]
DEBUG --> [REQ_ID=6f88877449c1] [AJAX_POST] {"draw":"1","columns":[{"data":"id","name":"","searchable":"true","orderable":"true","search":{"value":"","regex":"false"}},{"data":"created_on","name":"","searchable":"true","orderable":"true","search":{"value":"","regex":"false"}},{"data":"ticker","name":"","searchable":"true","orderable":"true","search":{"value":"","regex":"false"}},{"data":"exchange","name":"","searchable":"true","orderable":"true","search":{"value":"","regex":"false"}},{"data":"category","name":"","searchable":"true","orderable":"true","search":{"value":"","regex":"false"}},{"data":"price","name":"price","searchable":"true","orderable":"true","search":{"value":"","regex":"false"}},{"data":"entry_price","name":"entry_price","searchable":"true","orderable":"true","search":{"value":"","regex":"false"}},{"data":"delta_gain","name":"delta_gain","searchable":"true","orderable":"true","search":{"value":"","regex":"false"}},{"data":"target_price","name":"target_price","searchable":"true","orderable":"true","search":{"value":"","regex":"false"}},{"data":"locked_profit_stop","name":"locked_profit_stop","searchable":"true","orderable":"true","search":{"value":"","regex":"false"}},{"data":"trailing_stop_percent","name":"trailing_stop_percent","searchable":"true","orderable":"true","search":{"value":"","regex":"false"}},{"data":"ema_3_8","name":"ema_3_8","searchable":"true","orderable":"true","search":{"value":"","regex":"false"}},{"data":"ema_8_13","name":"ema_8_13","searchable":"true","orderable":"true","search":{"value":"","regex":"false"}},{"data":"ema_13_34","name":"ema_13_34","searchable":"true","orderable":"true","search":{"value":"","regex":"false"}},{"data":"ema_34_48","name":"ema_34_48","searchable":"true","orderable":"true","search":{"value":"","regex":"false"}},{"data":"ema_consensus","name":"ema_consensus","searchable":"true","orderable":"true","search":{"value":"","regex":"false"}},{"data":"tv_chart","name":"tv_chart","searchable":"true","orderable":"false","search":{"value":"","regex":"false"}},{"data":"id","name":"","searchable":"true","orderable":"false","search":{"value":"","regex":"false"}}],"order":[{"column":"0","dir":"desc"}],"start":"0","length":"10","search":{"value":"","regex":"false"},"timeRange":"this_month","category":"","alert_created":"1"}

[8 occurrence(s)]
DEBUG --> ⚡ getFilteredAlerts - Request received.

[1 occurrence(s)]
DEBUG --> [REQ_ID=a1924d73d1bb] [FILTER_AFTER]

[1 occurrence(s)]
DEBUG --> [REQ_ID=a1924d73d1bb] [LIFECYCLE][END] status=500 duration_ms=188.01 memory_delta=2097152

[1 occurrence(s)]
DEBUG --> [REQ_ID=a1924d73d1bb] [REQUEST][END]

[1 occurrence(s)]
DEBUG --> [REQ_ID=fbc8ef725646] [FILTER_BEFORE] /index.php/API/Alerts/processTradeBatch

[1 occurrence(s)]
DEBUG --> [REQ_ID=fbc8ef725646] [ROUTE] Controller=\App\Modules\APIs\Controllers\AlertsAPIController Method=processTradeBatch

[1 occurrence(s)]
DEBUG --> [REQ_ID=fbc8ef725646] [LIFECYCLE][START] POST https://www.mymiwallet.com/index.php/API/Alerts/processTradeBatch

[1 occurrence(s)]
DEBUG --> [REQ_ID=f41bb80cf279] [INIT] App\Modules\APIs\Controllers\AlertsAPIController::POST

[1 occurrence(s)]
DEBUG --> [REQ_ID=f41bb80cf279] [AJAX_HEADERS] {"Content-Type":{},"Connection":{},"Host":{},"Priority":{},"Cookie":{},"Accept-Language":{},"Accept-Encoding":{},"Referer":{},"Sec-Fetch-Dest":{},"Sec-Fetch-Mode":{},"Sec-Fetch-Site":{},"Origin":{},"Sec-Ch-Ua-Mobile":{},"Sec-Ch-Ua":{},"Accept":{},"User-Agent":{},"X-Requested-With":{},"Sec-Ch-Ua-Platform":{}}

[1 occurrence(s)]
DEBUG --> [REQ_ID=f41bb80cf279] [AJAX_POST] {"offset":"0","batchSize":"25"}

[1 occurrence(s)]
DEBUG --> [REQ_ID=74a7d3fee20b] [REQUEST][START] GET /index.php/Management/Alerts

[1 occurrence(s)]
DEBUG --> [REQ_ID=6fb1d07bde63] [REQUEST][START] GET /index.php/Management/Alerts/weeklyTopPerformance?limit=10

[1 occurrence(s)]
DEBUG --> [REQ_ID=23b6f4bee433] [REQUEST][START] POST /index.php/API/Alerts/processTradeBatch

[1 occurrence(s)]
DEBUG --> [REQ_ID=e1af3f754d15] [REQUEST][START] POST /index.php/API/Alerts/getFilteredAlerts

[1 occurrence(s)]
DEBUG --> [REQ_ID=02d1b8768218] [REQUEST][START] POST /index.php/API/Alerts/getFilteredAlerts

[1 occurrence(s)]
DEBUG --> [REQ_ID=db0c8e28b83f] [REQUEST][START] GET /index.php/Budget

[1 occurrence(s)]
DEBUG --> [REQ_ID=403bb3aa6089] [FILTER_BEFORE] /index.php/API/Alerts/getFilteredAlerts

[1 occurrence(s)]
DEBUG --> [REQ_ID=403bb3aa6089] [ROUTE] Controller=\App\Modules\APIs\Controllers\AlertsAPIController Method=getFilteredAlerts

[1 occurrence(s)]
DEBUG --> [REQ_ID=403bb3aa6089] [LIFECYCLE][START] POST https://www.mymiwallet.com/index.php/API/Alerts/getFilteredAlerts

[1 occurrence(s)]
DEBUG --> [REQ_ID=ca6d8560972d] [INIT] App\Modules\APIs\Controllers\AlertsAPIController::POST

[1 occurrence(s)]
DEBUG --> [REQ_ID=ca6d8560972d] [AJAX_HEADERS] {"Content-Type":{},"Connection":{},"Host":{},"Priority":{},"Cookie":{},"Accept-Language":{},"Accept-Encoding":{},"Referer":{},"Sec-Fetch-Dest":{},"Sec-Fetch-Mode":{},"Sec-Fetch-Site":{},"Origin":{},"Sec-Ch-Ua-Mobile":{},"Sec-Ch-Ua":{},"Accept":{},"User-Agent":{},"X-Requested-With":{},"Sec-Ch-Ua-Platform":{}}

[1 occurrence(s)]
DEBUG --> [REQ_ID=ca6d8560972d] [AJAX_POST] {"draw":"1","columns":[{"data":"id","name":"","searchable":"true","orderable":"true","search":{"value":"","regex":"false"}},{"data":"created_on","name":"","searchable":"true","orderable":"true","search":{"value":"","regex":"false"}},{"data":"ticker","name":"","searchable":"true","orderable":"true","search":{"value":"","regex":"false"}},{"data":"exchange","name":"","searchable":"true","orderable":"true","search":{"value":"","regex":"false"}},{"data":"category","name":"","searchable":"true","orderable":"true","search":{"value":"","regex":"false"}},{"data":"price","name":"price","searchable":"true","orderable":"true","search":{"value":"","regex":"false"}},{"data":"entry_price","name":"entry_price","searchable":"true","orderable":"true","search":{"value":"","regex":"false"}},{"data":"delta_gain","name":"delta_gain","searchable":"true","orderable":"true","search":{"value":"","regex":"false"}},{"data":"target_price","name":"target_price","searchable":"true","orderable":"true","search":{"value":"","regex":"false"}},{"data":"locked_profit_stop","name":"locked_profit_stop","searchable":"true","orderable":"true","search":{"value":"","regex":"false"}},{"data":"trailing_stop_percent","name":"trailing_stop_percent","searchable":"true","orderable":"true","search":{"value":"","regex":"false"}},{"data":"ema_3_8","name":"ema_3_8","searchable":"true","orderable":"true","search":{"value":"","regex":"false"}},{"data":"ema_8_13","name":"ema_8_13","searchable":"true","orderable":"true","search":{"value":"","regex":"false"}},{"data":"ema_13_34","name":"ema_13_34","searchable":"true","orderable":"true","search":{"value":"","regex":"false"}},{"data":"ema_34_48","name":"ema_34_48","searchable":"true","orderable":"true","search":{"value":"","regex":"false"}},{"data":"ema_consensus","name":"ema_consensus","searchable":"true","orderable":"true","search":{"value":"","regex":"false"}},{"data":"tv_chart","name":"tv_chart","searchable":"true","orderable":"false","search":{"value":"","regex":"false"}},{"data":"id","name":"","searchable":"true","orderable":"false","search":{"value":"","regex":"false"}}],"order":[{"column":"0","dir":"desc"}],"start":"0","length":"25","search":{"value":"","regex":"false"},"timeRange":"this_month","category":"","alert_created":"0"}

[1 occurrence(s)]
DEBUG --> [REQ_ID=403bb3aa6089] [FILTER_AFTER]

[1 occurrence(s)]
DEBUG --> [REQ_ID=403bb3aa6089] [LIFECYCLE][END] status=500 duration_ms=270.92 memory_delta=2097152

[1 occurrence(s)]
DEBUG --> [REQ_ID=403bb3aa6089] [REQUEST][END]

[1 occurrence(s)]
DEBUG --> [REQ_ID=74a7d3fee20b] [FILTER_BEFORE] /index.php/Management/Alerts

[1 occurrence(s)]
DEBUG --> [REQ_ID=74a7d3fee20b] [ROUTE] Controller=\App\Modules\Management\Controllers\AlertsAdminController Method=index

[1 occurrence(s)]
DEBUG --> [REQ_ID=74a7d3fee20b] [LIFECYCLE][START] GET https://www.mymiwallet.com/index.php/Management/Alerts

[1 occurrence(s)]
DEBUG --> [REQ_ID=1c63c761d6e4] [INIT] App\Modules\Management\Controllers\AlertsAdminController::GET

[1 occurrence(s)]
DEBUG --> [REQ_ID=1c63c761d6e4] [METHOD_ENTRY] index

[2 occurrence(s)]
DEBUG --> AlertsController::index start - memory: 8388608

[2 occurrence(s)]
DEBUG --> AlertsController::index after wallets - memory: 8388608

[2 occurrence(s)]
DEBUG --> AlertsController::index before alerts query - memory: 8388608

[2 occurrence(s)]
DEBUG --> AlertsController::index after alerts query - memory: 8388608

[2 occurrence(s)]
DEBUG --> AlertsController::index end - memory: 8388608

[2 occurrence(s)]
DEBUG --> [CACHE_HIT] mymiwallet_development_alerts_activity_uid_2_97d170e1550e

[1 occurrence(s)]
DEBUG --> [REQ_ID=1c63c761d6e4] [VIEW_RENDER] ManagementModule\Views\Alerts\index

[2 occurrence(s)]
DEBUG --> Memory usage before coin value fetch: 14680064

[2 occurrence(s)]
DEBUG --> Memory usage after coin value fetch: 14680064

[1 occurrence(s)]
DEBUG --> [REQ_ID=74a7d3fee20b] [FILTER_AFTER]

[1 occurrence(s)]
DEBUG --> [REQ_ID=74a7d3fee20b] [LIFECYCLE][END] status=200 duration_ms=4,133.58 memory_delta=16777216

[1 occurrence(s)]
DEBUG --> [REQ_ID=74a7d3fee20b] [REQUEST][END]

[1 occurrence(s)]
DEBUG --> [REQ_ID=23b6f4bee433] [FILTER_BEFORE] /index.php/API/Alerts/processTradeBatch

[1 occurrence(s)]
DEBUG --> [REQ_ID=23b6f4bee433] [ROUTE] Controller=\App\Modules\APIs\Controllers\AlertsAPIController Method=processTradeBatch

[1 occurrence(s)]
DEBUG --> [REQ_ID=23b6f4bee433] [LIFECYCLE][START] POST https://www.mymiwallet.com/index.php/API/Alerts/processTradeBatch

[1 occurrence(s)]
DEBUG --> [REQ_ID=db61dd2f92c9] [INIT] App\Modules\APIs\Controllers\AlertsAPIController::POST

[1 occurrence(s)]
DEBUG --> [REQ_ID=db61dd2f92c9] [AJAX_HEADERS] {"Content-Type":{},"Connection":{},"Host":{},"Priority":{},"Cookie":{},"Accept-Language":{},"Accept-Encoding":{},"Referer":{},"Sec-Fetch-Dest":{},"Sec-Fetch-Mode":{},"Sec-Fetch-Site":{},"Origin":{},"Sec-Ch-Ua-Mobile":{},"Sec-Ch-Ua":{},"Accept":{},"User-Agent":{},"X-Requested-With":{},"Sec-Ch-Ua-Platform":{}}

[1 occurrence(s)]
DEBUG --> [REQ_ID=db61dd2f92c9] [AJAX_POST] {"offset":"0","batchSize":"25"}

[1 occurrence(s)]
DEBUG --> [REQ_ID=e1af3f754d15] [FILTER_BEFORE] /index.php/API/Alerts/getFilteredAlerts

[1 occurrence(s)]
DEBUG --> [REQ_ID=e1af3f754d15] [ROUTE] Controller=\App\Modules\APIs\Controllers\AlertsAPIController Method=getFilteredAlerts

[1 occurrence(s)]
DEBUG --> [REQ_ID=e1af3f754d15] [LIFECYCLE][START] POST https://www.mymiwallet.com/index.php/API/Alerts/getFilteredAlerts

[1 occurrence(s)]
DEBUG --> [REQ_ID=843eb49efe04] [INIT] App\Modules\APIs\Controllers\AlertsAPIController::POST

[1 occurrence(s)]
DEBUG --> [REQ_ID=843eb49efe04] [AJAX_HEADERS] {"Content-Type":{},"Connection":{},"Host":{},"Priority":{},"Cookie":{},"Accept-Language":{},"Accept-Encoding":{},"Referer":{},"Sec-Fetch-Dest":{},"Sec-Fetch-Mode":{},"Sec-Fetch-Site":{},"Origin":{},"Sec-Ch-Ua-Mobile":{},"Sec-Ch-Ua":{},"Accept":{},"User-Agent":{},"X-Requested-With":{},"Sec-Ch-Ua-Platform":{}}

[1 occurrence(s)]
DEBUG --> [REQ_ID=843eb49efe04] [AJAX_POST] {"draw":"1","columns":[{"data":"id","name":"","searchable":"true","orderable":"true","search":{"value":"","regex":"false"}},{"data":"created_on","name":"","searchable":"true","orderable":"true","search":{"value":"","regex":"false"}},{"data":"ticker","name":"","searchable":"true","orderable":"true","search":{"value":"","regex":"false"}},{"data":"exchange","name":"","searchable":"true","orderable":"true","search":{"value":"","regex":"false"}},{"data":"category","name":"","searchable":"true","orderable":"true","search":{"value":"","regex":"false"}},{"data":"price","name":"price","searchable":"true","orderable":"true","search":{"value":"","regex":"false"}},{"data":"entry_price","name":"entry_price","searchable":"true","orderable":"true","search":{"value":"","regex":"false"}},{"data":"delta_gain","name":"delta_gain","searchable":"true","orderable":"true","search":{"value":"","regex":"false"}},{"data":"target_price","name":"target_price","searchable":"true","orderable":"true","search":{"value":"","regex":"false"}},{"data":"locked_profit_stop","name":"locked_profit_stop","searchable":"true","orderable":"true","search":{"value":"","regex":"false"}},{"data":"trailing_stop_percent","name":"trailing_stop_percent","searchable":"true","orderable":"true","search":{"value":"","regex":"false"}},{"data":"ema_3_8","name":"ema_3_8","searchable":"true","orderable":"true","search":{"value":"","regex":"false"}},{"data":"ema_8_13","name":"ema_8_13","searchable":"true","orderable":"true","search":{"value":"","regex":"false"}},{"data":"ema_13_34","name":"ema_13_34","searchable":"true","orderable":"true","search":{"value":"","regex":"false"}},{"data":"ema_34_48","name":"ema_34_48","searchable":"true","orderable":"true","search":{"value":"","regex":"false"}},{"data":"ema_consensus","name":"ema_consensus","searchable":"true","orderable":"true","search":{"value":"","regex":"false"}},{"data":"tv_chart","name":"tv_chart","searchable":"true","orderable":"false","search":{"value":"","regex":"false"}},{"data":"id","name":"","searchable":"true","orderable":"false","search":{"value":"","regex":"false"}}],"order":[{"column":"0","dir":"desc"}],"start":"0","length":"10","search":{"value":"","regex":"false"},"timeRange":"this_month","category":"","alert_created":"1"}

[1 occurrence(s)]
DEBUG --> [REQ_ID=e1af3f754d15] [FILTER_AFTER]

[1 occurrence(s)]
DEBUG --> [REQ_ID=e1af3f754d15] [LIFECYCLE][END] status=500 duration_ms=217.65 memory_delta=2097152

[1 occurrence(s)]
DEBUG --> [REQ_ID=e1af3f754d15] [REQUEST][END]

[1 occurrence(s)]
DEBUG --> [REQ_ID=02d1b8768218] [FILTER_BEFORE] /index.php/API/Alerts/getFilteredAlerts

[1 occurrence(s)]
DEBUG --> [REQ_ID=02d1b8768218] [ROUTE] Controller=\App\Modules\APIs\Controllers\AlertsAPIController Method=getFilteredAlerts

[1 occurrence(s)]
DEBUG --> [REQ_ID=02d1b8768218] [LIFECYCLE][START] POST https://www.mymiwallet.com/index.php/API/Alerts/getFilteredAlerts

[1 occurrence(s)]
DEBUG --> [REQ_ID=6597d82715ec] [INIT] App\Modules\APIs\Controllers\AlertsAPIController::POST

[1 occurrence(s)]
DEBUG --> [REQ_ID=6597d82715ec] [AJAX_HEADERS] {"Content-Type":{},"Connection":{},"Host":{},"Priority":{},"Cookie":{},"Accept-Language":{},"Accept-Encoding":{},"Referer":{},"Sec-Fetch-Dest":{},"Sec-Fetch-Mode":{},"Sec-Fetch-Site":{},"Origin":{},"Sec-Ch-Ua-Mobile":{},"Sec-Ch-Ua":{},"Accept":{},"User-Agent":{},"X-Requested-With":{},"Sec-Ch-Ua-Platform":{}}

[1 occurrence(s)]
DEBUG --> [REQ_ID=6597d82715ec] [AJAX_POST] {"draw":"1","columns":[{"data":"id","name":"","searchable":"true","orderable":"true","search":{"value":"","regex":"false"}},{"data":"created_on","name":"","searchable":"true","orderable":"true","search":{"value":"","regex":"false"}},{"data":"ticker","name":"","searchable":"true","orderable":"true","search":{"value":"","regex":"false"}},{"data":"exchange","name":"","searchable":"true","orderable":"true","search":{"value":"","regex":"false"}},{"data":"category","name":"","searchable":"true","orderable":"true","search":{"value":"","regex":"false"}},{"data":"price","name":"price","searchable":"true","orderable":"true","search":{"value":"","regex":"false"}},{"data":"entry_price","name":"entry_price","searchable":"true","orderable":"true","search":{"value":"","regex":"false"}},{"data":"delta_gain","name":"delta_gain","searchable":"true","orderable":"true","search":{"value":"","regex":"false"}},{"data":"target_price","name":"target_price","searchable":"true","orderable":"true","search":{"value":"","regex":"false"}},{"data":"locked_profit_stop","name":"locked_profit_stop","searchable":"true","orderable":"true","search":{"value":"","regex":"false"}},{"data":"trailing_stop_percent","name":"trailing_stop_percent","searchable":"true","orderable":"true","search":{"value":"","regex":"false"}},{"data":"ema_3_8","name":"ema_3_8","searchable":"true","orderable":"true","search":{"value":"","regex":"false"}},{"data":"ema_8_13","name":"ema_8_13","searchable":"true","orderable":"true","search":{"value":"","regex":"false"}},{"data":"ema_13_34","name":"ema_13_34","searchable":"true","orderable":"true","search":{"value":"","regex":"false"}},{"data":"ema_34_48","name":"ema_34_48","searchable":"true","orderable":"true","search":{"value":"","regex":"false"}},{"data":"ema_consensus","name":"ema_consensus","searchable":"true","orderable":"true","search":{"value":"","regex":"false"}},{"data":"tv_chart","name":"tv_chart","searchable":"true","orderable":"false","search":{"value":"","regex":"false"}},{"data":"id","name":"","searchable":"true","orderable":"false","search":{"value":"","regex":"false"}}],"order":[{"column":"0","dir":"desc"}],"start":"0","length":"25","search":{"value":"","regex":"false"},"timeRange":"this_month","category":"","alert_created":"0"}

[1 occurrence(s)]
DEBUG --> [REQ_ID=02d1b8768218] [FILTER_AFTER]

[1 occurrence(s)]
DEBUG --> [REQ_ID=02d1b8768218] [LIFECYCLE][END] status=500 duration_ms=208.96 memory_delta=2097152

[1 occurrence(s)]
DEBUG --> [REQ_ID=02d1b8768218] [REQUEST][END]

[1 occurrence(s)]
DEBUG --> [REQ_ID=db0c8e28b83f] [FILTER_BEFORE] /index.php/Budget

[1 occurrence(s)]
DEBUG --> [REQ_ID=db0c8e28b83f] [ROUTE] Controller=\App\Modules\User\Controllers\BudgetController Method=index

[1 occurrence(s)]
DEBUG --> [REQ_ID=db0c8e28b83f] [LIFECYCLE][START] GET https://www.mymiwallet.com/index.php/Budget

[6 occurrence(s)]
DEBUG --> [BudgetController::METHOD_ENTRY] initController

[1 occurrence(s)]
DEBUG --> [REQ_ID=64b6402d3074] [INIT] App\Modules\User\Controllers\BudgetController::GET

[1 occurrence(s)]
DEBUG --> [REQ_ID=64b6402d3074] [METHOD_ENTRY] index

[6 occurrence(s)]
DEBUG --> BudgetController L53 Initialized with cuID: 2

[6 occurrence(s)]
DEBUG --> BudgetController::constructor - sanitizedCacheKey exists? YES

[5 occurrence(s)]
DEBUG --> [BudgetController::METHOD_ENTRY] index

[5 occurrence(s)]
DEBUG --> Dashboard::index() reached in BudgetController. User ID: 2

[2 occurrence(s)]
DEBUG --> BudgetController::commonData snapshot: {"cuID":2,"cuEmail":"admin@timothyburks.com","totalAccountBalance":0,"nonce":{"script":"nonce=\"d61ea897ecc2d6445886f468fcc7aa2d\"","style":"nonce=\"d61ea897ecc2d6445886f468fcc7aa2d\""}}

[18 occurrence(s)]
DEBUG --> [SERVICE] App\Services\BudgetService ::getUserBudget

[16 occurrence(s)]
DEBUG --> [MODEL_WHERE] App\Models\BudgetModel KEY={"created_by":2,"deleted":0}

[5 occurrence(s)]
DEBUG --> Skipping placeholder symbol for row 46402

[10 occurrence(s)]
DEBUG --> [SETUP] Status computed

[1 occurrence(s)]
DEBUG --> [REQ_ID=64b6402d3074] [VIEW_RENDER] App\Modules\User\Views\Budget\index

[1 occurrence(s)]
DEBUG --> [REQ_ID=db0c8e28b83f] [FILTER_AFTER]

[1 occurrence(s)]
DEBUG --> [REQ_ID=db0c8e28b83f] [LIFECYCLE][END] status=200 duration_ms=934.27 memory_delta=2097152

[1 occurrence(s)]
DEBUG --> [REQ_ID=db0c8e28b83f] [REQUEST][END]

[1 occurrence(s)]
DEBUG --> [REQ_ID=07c6b3b4d8b9] [REQUEST][START] GET /

[1 occurrence(s)]
DEBUG --> [REQ_ID=07c6b3b4d8b9] [FILTER_BEFORE] /

[1 occurrence(s)]
DEBUG --> [REQ_ID=07c6b3b4d8b9] [ROUTE] Controller=\App\Controllers\Home Method=index

[1 occurrence(s)]
DEBUG --> [REQ_ID=07c6b3b4d8b9] [LIFECYCLE][START] GET https://www.mymiwallet.com/index.php/

[1 occurrence(s)]
DEBUG --> [REQ_ID=cf880e841e5d] [INIT] App\Controllers\Home::GET

[8 occurrence(s)]
DEBUG --> [MetaService] slug= pageName= cacheHit= path=FALLBACK

[1 occurrence(s)]
DEBUG --> [REQ_ID=cf880e841e5d] [VIEW_RENDER] themes/public/home

[5 occurrence(s)]
DEBUG --> [MetaService] slug= pageName=Home cacheHit= path=DB

[1 occurrence(s)]
DEBUG --> [REQ_ID=07c6b3b4d8b9] [FILTER_AFTER]

[1 occurrence(s)]
DEBUG --> [REQ_ID=07c6b3b4d8b9] [LIFECYCLE][END] status=200 duration_ms=910.36 memory_delta=4194304

[1 occurrence(s)]
DEBUG --> [REQ_ID=07c6b3b4d8b9] [REQUEST][END]

[1 occurrence(s)]
DEBUG --> [REQ_ID=76914ca0b1dd] [REQUEST][START] GET /index.php/login

[1 occurrence(s)]
DEBUG --> [REQ_ID=76914ca0b1dd] [FILTER_BEFORE] /index.php/login

[1 occurrence(s)]
DEBUG --> [REQ_ID=76914ca0b1dd] [ROUTE] Controller=\App\Controllers\AuthController Method=login

[1 occurrence(s)]
DEBUG --> [REQ_ID=76914ca0b1dd] [LIFECYCLE][START] GET https://www.mymiwallet.com/index.php/login

[1 occurrence(s)]
DEBUG --> [REQ_ID=ead88e75c610] [INIT] App\Controllers\AuthController::GET

[4 occurrence(s)]
DEBUG --> Auth redirect destination: https://www.mymiwallet.com/index.php/Dashboard

[1 occurrence(s)]
DEBUG --> [REQ_ID=76914ca0b1dd] [FILTER_AFTER]

[1 occurrence(s)]
DEBUG --> [REQ_ID=76914ca0b1dd] [LIFECYCLE][END] status=302 duration_ms=32.82 memory_delta=0

[1 occurrence(s)]
DEBUG --> [REQ_ID=76914ca0b1dd] [REQUEST][END]

[1 occurrence(s)]
DEBUG --> [REQ_ID=f4fd1ef0a725] [REQUEST][START] POST /index.php/login

[1 occurrence(s)]
DEBUG --> [REQ_ID=f4fd1ef0a725] [FILTER_BEFORE] /index.php/login

[1 occurrence(s)]
DEBUG --> [REQ_ID=f4fd1ef0a725] [ROUTE] Controller=\App\Controllers\AuthController Method=attemptLogin

[1 occurrence(s)]
DEBUG --> [REQ_ID=f4fd1ef0a725] [LIFECYCLE][START] POST https://www.mymiwallet.com/index.php/login

[1 occurrence(s)]
DEBUG --> [REQ_ID=296c4d8dcf0b] [INIT] App\Controllers\AuthController::POST

[1 occurrence(s)]
DEBUG --> Auth attemptLogin() called with login identifier: tburks2392, remember: true

[1 occurrence(s)]
DEBUG --> [REQ_ID=f4fd1ef0a725] [FILTER_AFTER]

[1 occurrence(s)]
DEBUG --> [REQ_ID=f4fd1ef0a725] [LIFECYCLE][END] status=303 duration_ms=118.59 memory_delta=0

[1 occurrence(s)]
DEBUG --> [REQ_ID=f4fd1ef0a725] [REQUEST][END]

[1 occurrence(s)]
DEBUG --> [REQ_ID=2a448993535f] [REQUEST][START] GET /index.php/Management/Alerts

[1 occurrence(s)]
DEBUG --> [REQ_ID=2a448993535f] [FILTER_BEFORE] /index.php/Management/Alerts

[1 occurrence(s)]
DEBUG --> [REQ_ID=2a448993535f] [ROUTE] Controller=\App\Modules\Management\Controllers\AlertsAdminController Method=index

[1 occurrence(s)]
DEBUG --> [REQ_ID=2a448993535f] [LIFECYCLE][START] GET https://www.mymiwallet.com/index.php/Management/Alerts

[1 occurrence(s)]
DEBUG --> [REQ_ID=e5767f1c5ff0] [INIT] App\Modules\Management\Controllers\AlertsAdminController::GET

[1 occurrence(s)]
DEBUG --> [REQ_ID=e5767f1c5ff0] [METHOD_ENTRY] index

[1 occurrence(s)]
DEBUG --> [REQ_ID=4d20c8312160] [REQUEST][START] GET /index.php/Management/Alerts/weeklyTopPerformance?limit=10

[1 occurrence(s)]
DEBUG --> [REQ_ID=082ba9c150d9] [REQUEST][START] POST /index.php/API/Alerts/processTradeBatch

[1 occurrence(s)]
DEBUG --> [REQ_ID=ad35a076ec8f] [REQUEST][START] POST /index.php/API/Alerts/getFilteredAlerts

[1 occurrence(s)]
DEBUG --> [REQ_ID=06b2dc47aef9] [REQUEST][START] POST /index.php/API/Alerts/getFilteredAlerts

[1 occurrence(s)]
DEBUG --> [REQ_ID=e5767f1c5ff0] [VIEW_RENDER] ManagementModule\Views\Alerts\index

[1 occurrence(s)]
DEBUG --> [REQ_ID=2a448993535f] [FILTER_AFTER]

[1 occurrence(s)]
DEBUG --> [REQ_ID=2a448993535f] [LIFECYCLE][END] status=200 duration_ms=3,910.99 memory_delta=20971520

[1 occurrence(s)]
DEBUG --> [REQ_ID=2a448993535f] [REQUEST][END]

[1 occurrence(s)]
DEBUG --> [REQ_ID=082ba9c150d9] [FILTER_BEFORE] /index.php/API/Alerts/processTradeBatch

[1 occurrence(s)]
DEBUG --> [REQ_ID=082ba9c150d9] [ROUTE] Controller=\App\Modules\APIs\Controllers\AlertsAPIController Method=processTradeBatch

[1 occurrence(s)]
DEBUG --> [REQ_ID=082ba9c150d9] [LIFECYCLE][START] POST https://www.mymiwallet.com/index.php/API/Alerts/processTradeBatch

[1 occurrence(s)]
DEBUG --> [REQ_ID=331a7e76e970] [INIT] App\Modules\APIs\Controllers\AlertsAPIController::POST

[1 occurrence(s)]
DEBUG --> [REQ_ID=331a7e76e970] [AJAX_HEADERS] {"Content-Type":{},"Connection":{},"Host":{},"Priority":{},"Cookie":{},"Accept-Language":{},"Accept-Encoding":{},"Referer":{},"Sec-Fetch-Dest":{},"Sec-Fetch-Mode":{},"Sec-Fetch-Site":{},"Origin":{},"Sec-Ch-Ua-Mobile":{},"Sec-Ch-Ua":{},"Accept":{},"User-Agent":{},"X-Requested-With":{},"Sec-Ch-Ua-Platform":{}}

[1 occurrence(s)]
DEBUG --> [REQ_ID=331a7e76e970] [AJAX_POST] {"offset":"0","batchSize":"25"}

[1 occurrence(s)]
DEBUG --> [REQ_ID=cf3c23352b02] [REQUEST][START] GET /index.php/Alerts

[1 occurrence(s)]
DEBUG --> [REQ_ID=ad35a076ec8f] [FILTER_BEFORE] /index.php/API/Alerts/getFilteredAlerts

[1 occurrence(s)]
DEBUG --> [REQ_ID=ad35a076ec8f] [ROUTE] Controller=\App\Modules\APIs\Controllers\AlertsAPIController Method=getFilteredAlerts

[1 occurrence(s)]
DEBUG --> [REQ_ID=ad35a076ec8f] [LIFECYCLE][START] POST https://www.mymiwallet.com/index.php/API/Alerts/getFilteredAlerts

[1 occurrence(s)]
DEBUG --> [REQ_ID=1d9b29352690] [INIT] App\Modules\APIs\Controllers\AlertsAPIController::POST

[1 occurrence(s)]
DEBUG --> [REQ_ID=1d9b29352690] [AJAX_HEADERS] {"Content-Type":{},"Connection":{},"Host":{},"Priority":{},"Cookie":{},"Accept-Language":{},"Accept-Encoding":{},"Referer":{},"Sec-Fetch-Dest":{},"Sec-Fetch-Mode":{},"Sec-Fetch-Site":{},"Origin":{},"Sec-Ch-Ua-Mobile":{},"Sec-Ch-Ua":{},"Accept":{},"User-Agent":{},"X-Requested-With":{},"Sec-Ch-Ua-Platform":{}}

[1 occurrence(s)]
DEBUG --> [REQ_ID=1d9b29352690] [AJAX_POST] {"draw":"1","columns":[{"data":"id","name":"","searchable":"true","orderable":"true","search":{"value":"","regex":"false"}},{"data":"created_on","name":"","searchable":"true","orderable":"true","search":{"value":"","regex":"false"}},{"data":"ticker","name":"","searchable":"true","orderable":"true","search":{"value":"","regex":"false"}},{"data":"exchange","name":"","searchable":"true","orderable":"true","search":{"value":"","regex":"false"}},{"data":"category","name":"","searchable":"true","orderable":"true","search":{"value":"","regex":"false"}},{"data":"price","name":"price","searchable":"true","orderable":"true","search":{"value":"","regex":"false"}},{"data":"entry_price","name":"entry_price","searchable":"true","orderable":"true","search":{"value":"","regex":"false"}},{"data":"delta_gain","name":"delta_gain","searchable":"true","orderable":"true","search":{"value":"","regex":"false"}},{"data":"target_price","name":"target_price","searchable":"true","orderable":"true","search":{"value":"","regex":"false"}},{"data":"locked_profit_stop","name":"locked_profit_stop","searchable":"true","orderable":"true","search":{"value":"","regex":"false"}},{"data":"trailing_stop_percent","name":"trailing_stop_percent","searchable":"true","orderable":"true","search":{"value":"","regex":"false"}},{"data":"ema_3_8","name":"ema_3_8","searchable":"true","orderable":"true","search":{"value":"","regex":"false"}},{"data":"ema_8_13","name":"ema_8_13","searchable":"true","orderable":"true","search":{"value":"","regex":"false"}},{"data":"ema_13_34","name":"ema_13_34","searchable":"true","orderable":"true","search":{"value":"","regex":"false"}},{"data":"ema_34_48","name":"ema_34_48","searchable":"true","orderable":"true","search":{"value":"","regex":"false"}},{"data":"ema_consensus","name":"ema_consensus","searchable":"true","orderable":"true","search":{"value":"","regex":"false"}},{"data":"tv_chart","name":"tv_chart","searchable":"true","orderable":"false","search":{"value":"","regex":"false"}},{"data":"id","name":"","searchable":"true","orderable":"false","search":{"value":"","regex":"false"}}],"order":[{"column":"0","dir":"desc"}],"start":"0","length":"10","search":{"value":"","regex":"false"},"timeRange":"this_month","category":"","alert_created":"1"}

[1 occurrence(s)]
DEBUG --> [REQ_ID=ad35a076ec8f] [FILTER_AFTER]

[1 occurrence(s)]
DEBUG --> [REQ_ID=ad35a076ec8f] [LIFECYCLE][END] status=500 duration_ms=94.73 memory_delta=0

[1 occurrence(s)]
DEBUG --> [REQ_ID=ad35a076ec8f] [REQUEST][END]

[1 occurrence(s)]
DEBUG --> [REQ_ID=06b2dc47aef9] [FILTER_BEFORE] /index.php/API/Alerts/getFilteredAlerts

[1 occurrence(s)]
DEBUG --> [REQ_ID=06b2dc47aef9] [ROUTE] Controller=\App\Modules\APIs\Controllers\AlertsAPIController Method=getFilteredAlerts

[1 occurrence(s)]
DEBUG --> [REQ_ID=06b2dc47aef9] [LIFECYCLE][START] POST https://www.mymiwallet.com/index.php/API/Alerts/getFilteredAlerts

[1 occurrence(s)]
DEBUG --> [REQ_ID=ea9b271e5e7a] [INIT] App\Modules\APIs\Controllers\AlertsAPIController::POST

[1 occurrence(s)]
DEBUG --> [REQ_ID=ea9b271e5e7a] [AJAX_HEADERS] {"Content-Type":{},"Connection":{},"Host":{},"Priority":{},"Cookie":{},"Accept-Language":{},"Accept-Encoding":{},"Referer":{},"Sec-Fetch-Dest":{},"Sec-Fetch-Mode":{},"Sec-Fetch-Site":{},"Origin":{},"Sec-Ch-Ua-Mobile":{},"Sec-Ch-Ua":{},"Accept":{},"User-Agent":{},"X-Requested-With":{},"Sec-Ch-Ua-Platform":{}}

[1 occurrence(s)]
DEBUG --> [REQ_ID=ea9b271e5e7a] [AJAX_POST] {"draw":"1","columns":[{"data":"id","name":"","searchable":"true","orderable":"true","search":{"value":"","regex":"false"}},{"data":"created_on","name":"","searchable":"true","orderable":"true","search":{"value":"","regex":"false"}},{"data":"ticker","name":"","searchable":"true","orderable":"true","search":{"value":"","regex":"false"}},{"data":"exchange","name":"","searchable":"true","orderable":"true","search":{"value":"","regex":"false"}},{"data":"category","name":"","searchable":"true","orderable":"true","search":{"value":"","regex":"false"}},{"data":"price","name":"price","searchable":"true","orderable":"true","search":{"value":"","regex":"false"}},{"data":"entry_price","name":"entry_price","searchable":"true","orderable":"true","search":{"value":"","regex":"false"}},{"data":"delta_gain","name":"delta_gain","searchable":"true","orderable":"true","search":{"value":"","regex":"false"}},{"data":"target_price","name":"target_price","searchable":"true","orderable":"true","search":{"value":"","regex":"false"}},{"data":"locked_profit_stop","name":"locked_profit_stop","searchable":"true","orderable":"true","search":{"value":"","regex":"false"}},{"data":"trailing_stop_percent","name":"trailing_stop_percent","searchable":"true","orderable":"true","search":{"value":"","regex":"false"}},{"data":"ema_3_8","name":"ema_3_8","searchable":"true","orderable":"true","search":{"value":"","regex":"false"}},{"data":"ema_8_13","name":"ema_8_13","searchable":"true","orderable":"true","search":{"value":"","regex":"false"}},{"data":"ema_13_34","name":"ema_13_34","searchable":"true","orderable":"true","search":{"value":"","regex":"false"}},{"data":"ema_34_48","name":"ema_34_48","searchable":"true","orderable":"true","search":{"value":"","regex":"false"}},{"data":"ema_consensus","name":"ema_consensus","searchable":"true","orderable":"true","search":{"value":"","regex":"false"}},{"data":"tv_chart","name":"tv_chart","searchable":"true","orderable":"false","search":{"value":"","regex":"false"}},{"data":"id","name":"","searchable":"true","orderable":"false","search":{"value":"","regex":"false"}}],"order":[{"column":"0","dir":"desc"}],"start":"0","length":"25","search":{"value":"","regex":"false"},"timeRange":"this_month","category":"","alert_created":"0"}

[1 occurrence(s)]
DEBUG --> [REQ_ID=06b2dc47aef9] [FILTER_AFTER]

[1 occurrence(s)]
DEBUG --> [REQ_ID=06b2dc47aef9] [LIFECYCLE][END] status=500 duration_ms=120.52 memory_delta=0

[1 occurrence(s)]
DEBUG --> [REQ_ID=06b2dc47aef9] [REQUEST][END]

[1 occurrence(s)]
DEBUG --> [REQ_ID=cf3c23352b02] [FILTER_BEFORE] /index.php/Alerts

[1 occurrence(s)]
DEBUG --> [REQ_ID=cf3c23352b02] [ROUTE] Controller=\App\Modules\User\Controllers\AlertsController Method=index

[1 occurrence(s)]
DEBUG --> [REQ_ID=cf3c23352b02] [LIFECYCLE][START] GET https://www.mymiwallet.com/index.php/Alerts

[1 occurrence(s)]
DEBUG --> [REQ_ID=8c6bec221cfb] [INIT] App\Modules\User\Controllers\AlertsController::GET

[1 occurrence(s)]
DEBUG --> [REQ_ID=8c6bec221cfb] [METHOD_ENTRY] index

[1 occurrence(s)]
DEBUG --> [REQ_ID=cf3c23352b02] [FILTER_AFTER]

[1 occurrence(s)]
DEBUG --> [REQ_ID=cf3c23352b02] [LIFECYCLE][END] status=302 duration_ms=508.72 memory_delta=2097152

[1 occurrence(s)]
DEBUG --> [REQ_ID=cf3c23352b02] [REQUEST][END]

[1 occurrence(s)]
DEBUG --> [REQ_ID=dda8f09a371b] [REQUEST][START] GET /index.php/Memberships

[1 occurrence(s)]
DEBUG --> [REQ_ID=dda8f09a371b] [FILTER_BEFORE] /index.php/Memberships

[1 occurrence(s)]
DEBUG --> [REQ_ID=dda8f09a371b] [ROUTE] Controller=\App\Controllers\Home Method=memberships

[1 occurrence(s)]
DEBUG --> [REQ_ID=dda8f09a371b] [LIFECYCLE][START] GET https://www.mymiwallet.com/index.php/Memberships

[1 occurrence(s)]
DEBUG --> [REQ_ID=76524d4c7212] [INIT] App\Controllers\Home::GET

[3 occurrence(s)]
DEBUG --> [MetaService] slug=memberships pageName= cacheHit= path=DB

[1 occurrence(s)]
DEBUG --> [REQ_ID=76524d4c7212] [VIEW_RENDER] themes/public/memberships

[3 occurrence(s)]
DEBUG --> [MetaService] slug=memberships pageName=Memberships cacheHit= path=DB

[1 occurrence(s)]
DEBUG --> [REQ_ID=dda8f09a371b] [FILTER_AFTER]

[1 occurrence(s)]
DEBUG --> [REQ_ID=dda8f09a371b] [LIFECYCLE][END] status=200 duration_ms=907.16 memory_delta=4194304

[1 occurrence(s)]
DEBUG --> [REQ_ID=dda8f09a371b] [REQUEST][END]

[1 occurrence(s)]
DEBUG --> [REQ_ID=014d73d33db8] [REQUEST][START] HEAD /

[1 occurrence(s)]
DEBUG --> [REQ_ID=cfbec01987fa] [REQUEST][START] GET /index.php/API/Management/Run-CRON-Tasks

[1 occurrence(s)]
DEBUG --> [REQ_ID=cfbec01987fa] [FILTER_BEFORE] /index.php/API/Management/Run-CRON-Tasks

[1 occurrence(s)]
DEBUG --> [REQ_ID=cfbec01987fa] [ROUTE] Controller=\App\Modules\Management\Controllers\ManagementAPIController Method=Run_CRON_Tasks

[1 occurrence(s)]
DEBUG --> [REQ_ID=cfbec01987fa] [LIFECYCLE][START] GET https://www.mymiwallet.com/index.php/API/Management/Run-CRON-Tasks

[1 occurrence(s)]
DEBUG --> [REQ_ID=cfbec01987fa] [REQUEST][END]

[1 occurrence(s)]
DEBUG --> [REQ_ID=f9de9614fc40] [REQUEST][START] HEAD /

[1 occurrence(s)]
DEBUG --> [REQ_ID=34a321c3eb24] [REQUEST][START] GET /

[1 occurrence(s)]
DEBUG --> [REQ_ID=34a321c3eb24] [FILTER_BEFORE] /

[1 occurrence(s)]
DEBUG --> [REQ_ID=34a321c3eb24] [ROUTE] Controller=\App\Controllers\Home Method=index

[1 occurrence(s)]
DEBUG --> [REQ_ID=34a321c3eb24] [LIFECYCLE][START] GET https://www.mymiwallet.com/index.php/

[1 occurrence(s)]
DEBUG --> [CSRF] token name=csrf_test_name hash=8b95173b27b9d0d6ec4b64ad815825d2

[1 occurrence(s)]
DEBUG --> [REQ_ID=c49b3bfdf945] [INIT] App\Controllers\Home::GET

[1 occurrence(s)]
DEBUG --> [REQ_ID=c49b3bfdf945] [VIEW_RENDER] themes/public/home

[1 occurrence(s)]
DEBUG --> [REQ_ID=34a321c3eb24] [FILTER_AFTER]

[1 occurrence(s)]
DEBUG --> [REQ_ID=34a321c3eb24] [LIFECYCLE][END] status=200 duration_ms=859.86 memory_delta=4194304

[1 occurrence(s)]
DEBUG --> [REQ_ID=34a321c3eb24] [REQUEST][END]

[1 occurrence(s)]
DEBUG --> [REQ_ID=16c8a596053b] [REQUEST][START] HEAD /

[1 occurrence(s)]
DEBUG --> [REQ_ID=132cdccdccf3] [REQUEST][START] GET /

[1 occurrence(s)]
DEBUG --> [REQ_ID=132cdccdccf3] [FILTER_BEFORE] /

[1 occurrence(s)]
DEBUG --> [REQ_ID=132cdccdccf3] [ROUTE] Controller=\App\Controllers\Home Method=index

[1 occurrence(s)]
DEBUG --> [REQ_ID=132cdccdccf3] [LIFECYCLE][START] GET https://www.mymiwallet.com/index.php/

[1 occurrence(s)]
DEBUG --> [CSRF] token name=csrf_test_name hash=11c5a61082c47cbffe532d44f2ddd7ec

[1 occurrence(s)]
DEBUG --> [REQ_ID=4baa5e9bb934] [INIT] App\Controllers\Home::GET

[1 occurrence(s)]
DEBUG --> [REQ_ID=4baa5e9bb934] [VIEW_RENDER] themes/public/home

[1 occurrence(s)]
DEBUG --> [REQ_ID=132cdccdccf3] [FILTER_AFTER]

[1 occurrence(s)]
DEBUG --> [REQ_ID=132cdccdccf3] [LIFECYCLE][END] status=200 duration_ms=1,111.19 memory_delta=4194304

[1 occurrence(s)]
DEBUG --> [REQ_ID=132cdccdccf3] [REQUEST][END]

[1 occurrence(s)]
DEBUG --> [REQ_ID=416d247b8480] [REQUEST][START] HEAD /

[1 occurrence(s)]
DEBUG --> [REQ_ID=183d36429803] [REQUEST][START] GET /index.php/API/Alerts/fetchEmailAlerts

[1 occurrence(s)]
DEBUG --> [REQ_ID=183d36429803] [FILTER_BEFORE] /index.php/API/Alerts/fetchEmailAlerts

[1 occurrence(s)]
DEBUG --> [REQ_ID=183d36429803] [ROUTE] Controller=\App\Modules\APIs\Controllers\AlertsAPIController Method=fetchEmailAlerts

[1 occurrence(s)]
DEBUG --> [REQ_ID=183d36429803] [LIFECYCLE][START] GET https://www.mymiwallet.com/index.php/API/Alerts/fetchEmailAlerts

[1 occurrence(s)]
DEBUG --> [REQ_ID=183d36429803] [REQUEST][END]

[1 occurrence(s)]
DEBUG --> [REQ_ID=823b9647c3eb] [REQUEST][START] HEAD /

[1 occurrence(s)]
DEBUG --> [REQ_ID=42c1cf5481d3] [REQUEST][START] HEAD /

[1 occurrence(s)]
DEBUG --> [REQ_ID=0462a73b3a53] [REQUEST][START] HEAD /

[1 occurrence(s)]
DEBUG --> [REQ_ID=56ce35397397] [REQUEST][START] HEAD /

[1 occurrence(s)]
DEBUG --> [REQ_ID=3f19a34c7000] [REQUEST][START] GET /index.php/Legal/Terms-And-Conditions

[1 occurrence(s)]
DEBUG --> [REQ_ID=3f19a34c7000] [FILTER_BEFORE] /index.php/Legal/Terms-And-Conditions

[1 occurrence(s)]
DEBUG --> [REQ_ID=3f19a34c7000] [ROUTE] Controller=\App\Controllers\Home Method=terms

[1 occurrence(s)]
DEBUG --> [REQ_ID=3f19a34c7000] [LIFECYCLE][START] GET https://www.mymiwallet.com/index.php/Legal/Terms-And-Conditions

[1 occurrence(s)]
DEBUG --> [CSRF] token name=csrf_test_name hash=3a2de50ec341c9dcff4bdfc0bfaf1c9d

[1 occurrence(s)]
DEBUG --> [REQ_ID=3f19a34c7000] [REQUEST][END]

[1 occurrence(s)]
DEBUG --> [REQ_ID=ca06917a803c] [REQUEST][START] GET /index.php/login

[1 occurrence(s)]
DEBUG --> [REQ_ID=ca06917a803c] [FILTER_BEFORE] /index.php/login

[1 occurrence(s)]
DEBUG --> [REQ_ID=ca06917a803c] [ROUTE] Controller=\App\Controllers\AuthController Method=login

[1 occurrence(s)]
DEBUG --> [REQ_ID=ca06917a803c] [LIFECYCLE][START] GET https://www.mymiwallet.com/index.php/login

[1 occurrence(s)]
DEBUG --> [CSRF] token name=csrf_test_name hash=c32db5a78304b00ca3ed5d03a805b842

[1 occurrence(s)]
DEBUG --> [REQ_ID=d083c13fd449] [INIT] App\Controllers\AuthController::GET

[1 occurrence(s)]
DEBUG --> [REQ_ID=ca06917a803c] [FILTER_AFTER]

[1 occurrence(s)]
DEBUG --> [REQ_ID=ca06917a803c] [LIFECYCLE][END] status=200 duration_ms=48.98 memory_delta=0

[1 occurrence(s)]
DEBUG --> [REQ_ID=ca06917a803c] [REQUEST][END]

[1 occurrence(s)]
DEBUG --> [REQ_ID=cb30580621a3] [REQUEST][START] HEAD /

[1 occurrence(s)]
DEBUG --> [REQ_ID=4c035099631a] [REQUEST][START] GET /index.php/Dashboard

[1 occurrence(s)]
DEBUG --> [REQ_ID=4c035099631a] [FILTER_BEFORE] /index.php/Dashboard

[1 occurrence(s)]
DEBUG --> [REQ_ID=4c035099631a] [ROUTE] Controller=\App\Modules\User\Controllers\DashboardController Method=index

[1 occurrence(s)]
DEBUG --> [REQ_ID=4c035099631a] [LIFECYCLE][START] GET https://www.mymiwallet.com/index.php/Dashboard

[1 occurrence(s)]
DEBUG --> [REQ_ID=9eb2724951fb] [INIT] App\Modules\User\Controllers\DashboardController::GET

[1 occurrence(s)]
DEBUG --> [REQ_ID=9eb2724951fb] [METHOD_ENTRY] index

[5 occurrence(s)]
DEBUG --> [DASHBOARD] Enter

[5 occurrence(s)]
DEBUG --> [CACHE_MISS] mymiwallet_development_squeeze_high-risk_global_global_1f86633dd

[5 occurrence(s)]
DEBUG --> MyMIInvestments::getSqueezeHighRiskCount failed: Unknown column 'score_total' in 'where clause'

[5 occurrence(s)]
DEBUG --> 📰 Daily dashboard news window 2026-03-22 00:00:00 -> 2026-03-22 23:59:59 returned 0 rows

[1 occurrence(s)]
DEBUG --> [REQ_ID=9eb2724951fb] [VIEW_RENDER] User/Dashboard/index

[19 occurrence(s)]
DEBUG --> [MODEL_WHERE] App\Models\BudgetModel KEY={"created_by":2,"account_type":"Income","status":1,"month":"03","year":"2026"}

[19 occurrence(s)]
DEBUG --> [MODEL_WHERE] App\Models\BudgetModel KEY={"created_by":2,"account_type":"Expense","status":1,"month":"03","year":"2026"}

[19 occurrence(s)]
DEBUG --> [MODEL_WHERE] App\Models\BudgetModel KEY={"created_by":2,"account_type":"Investment","month":"03","year":"2026","status":1}

[19 occurrence(s)]
DEBUG --> [MODEL_WHERE] App\Models\BudgetModel KEY={"created_by":2,"account_type":"Income","status":1,"month":"02"}

[19 occurrence(s)]
DEBUG --> [MODEL_WHERE] App\Models\BudgetModel KEY={"created_by":2,"account_type":"Expense","status":1,"month":"02"}

[19 occurrence(s)]
DEBUG --> [MODEL_WHERE] App\Models\BudgetModel KEY={"created_by":2,"account_type":"Investment","month":"02","year":"2026","status":1}

[19 occurrence(s)]
DEBUG --> [MODEL_WHERE] App\Models\BudgetModel KEY={"created_by":2,"account_type":"Income","status":1,"month":"04"}

[19 occurrence(s)]
DEBUG --> [MODEL_WHERE] App\Models\BudgetModel KEY={"created_by":2,"account_type":"Expense","status":1,"month":"04"}

[19 occurrence(s)]
DEBUG --> [MODEL_WHERE] App\Models\BudgetModel KEY={"created_by":2,"account_type":"Investment","month":"04","year":"2026","status":1}

[19 occurrence(s)]
DEBUG --> [MODEL_WHERE] App\Models\BudgetModel KEY={"created_by":2,"account_type":"Income","status":1,"year":"2026"}

[19 occurrence(s)]
DEBUG --> [MODEL_WHERE] App\Models\BudgetModel KEY={"created_by":2,"account_type":"Investment","status":1}

[1 occurrence(s)]
DEBUG --> [REQ_ID=4c035099631a] [FILTER_AFTER]

[1 occurrence(s)]
DEBUG --> [REQ_ID=4c035099631a] [LIFECYCLE][END] status=200 duration_ms=1,410.97 memory_delta=4194304

[1 occurrence(s)]
DEBUG --> [REQ_ID=4c035099631a] [REQUEST][END]

[1 occurrence(s)]
DEBUG --> [REQ_ID=8b4110a26f50] [REQUEST][START] HEAD /

[1 occurrence(s)]
DEBUG --> [REQ_ID=2c523fa674df] [REQUEST][START] HEAD /

[1 occurrence(s)]
DEBUG --> [REQ_ID=dedb36f60c9e] [REQUEST][START] HEAD /

[1 occurrence(s)]
DEBUG --> [REQ_ID=de6920b63fd4] [REQUEST][START] HEAD /

[1 occurrence(s)]
DEBUG --> [REQ_ID=1abb09ab2979] [REQUEST][START] GET /index.php/activate

[1 occurrence(s)]
DEBUG --> [REQ_ID=1abb09ab2979] [FILTER_BEFORE] /index.php/activate

[1 occurrence(s)]
DEBUG --> [REQ_ID=1abb09ab2979] [ROUTE] Controller=\App\Controllers\AuthController Method=activateAccount

[1 occurrence(s)]
DEBUG --> [REQ_ID=1abb09ab2979] [LIFECYCLE][START] GET https://www.mymiwallet.com/index.php/activate

[1 occurrence(s)]
DEBUG --> [CSRF] token name=csrf_test_name hash=a2114a64e7e5fe908c20c2a445145f53

[1 occurrence(s)]
DEBUG --> [REQ_ID=9104b090e339] [INIT] App\Controllers\AuthController::GET

[1 occurrence(s)]
DEBUG --> [REQ_ID=1abb09ab2979] [FILTER_AFTER]

[1 occurrence(s)]
DEBUG --> [REQ_ID=1abb09ab2979] [LIFECYCLE][END] status=302 duration_ms=193.21 memory_delta=0

[1 occurrence(s)]
DEBUG --> [REQ_ID=1abb09ab2979] [REQUEST][END]

[1 occurrence(s)]
DEBUG --> [REQ_ID=1b3c82611fd2] [REQUEST][START] GET /index.php/Support/Account

[1 occurrence(s)]
DEBUG --> [REQ_ID=1b3c82611fd2] [FILTER_BEFORE] /index.php/Support/Account

[1 occurrence(s)]
DEBUG --> [REQ_ID=1b3c82611fd2] [ROUTE] Controller=\App\Modules\Support\Controllers\AccountSupportController Method=index

[1 occurrence(s)]
DEBUG --> [REQ_ID=1b3c82611fd2] [LIFECYCLE][START] GET https://www.mymiwallet.com/index.php/Support/Account

[1 occurrence(s)]
DEBUG --> [CSRF] token name=csrf_test_name hash=bc138a02a1a3a7207ee980ad5dedb308

[1 occurrence(s)]
DEBUG --> [REQ_ID=89d349aad626] [INIT] App\Modules\Support\Controllers\AccountSupportController::GET

[1 occurrence(s)]
DEBUG --> [REQ_ID=89d349aad626] [METHOD_ENTRY] index

[39 occurrence(s)]
DEBUG --> MyMICoin: guest context detected; skipping user-specific preload.

[1 occurrence(s)]
DEBUG --> [REQ_ID=89d349aad626] [VIEW_RENDER] SupportModule/Support/account_help

[1 occurrence(s)]
DEBUG --> [REQ_ID=1b3c82611fd2] [FILTER_AFTER]

[1 occurrence(s)]
DEBUG --> [REQ_ID=1b3c82611fd2] [LIFECYCLE][END] status=200 duration_ms=74.68 memory_delta=2097152

[1 occurrence(s)]
DEBUG --> [REQ_ID=1b3c82611fd2] [REQUEST][END]

[1 occurrence(s)]
DEBUG --> [REQ_ID=b8e7c0c092d6] [REQUEST][START] GET /index.php/API/Management/Run-CRON-Tasks

[1 occurrence(s)]
DEBUG --> [REQ_ID=b8e7c0c092d6] [FILTER_BEFORE] /index.php/API/Management/Run-CRON-Tasks

[1 occurrence(s)]
DEBUG --> [REQ_ID=b8e7c0c092d6] [ROUTE] Controller=\App\Modules\Management\Controllers\ManagementAPIController Method=Run_CRON_Tasks

[1 occurrence(s)]
DEBUG --> [REQ_ID=b8e7c0c092d6] [LIFECYCLE][START] GET https://www.mymiwallet.com/index.php/API/Management/Run-CRON-Tasks

[1 occurrence(s)]
DEBUG --> [REQ_ID=b8e7c0c092d6] [REQUEST][END]

[1 occurrence(s)]
DEBUG --> [REQ_ID=7c87a545c151] [REQUEST][START] HEAD /

[1 occurrence(s)]
DEBUG --> [REQ_ID=c764a14d68b7] [REQUEST][START] HEAD /

[1 occurrence(s)]
DEBUG --> [REQ_ID=6ebbd0f2c439] [REQUEST][START] HEAD /

[1 occurrence(s)]
DEBUG --> [REQ_ID=d5905d9f52e4] [REQUEST][START] GET /

[1 occurrence(s)]
DEBUG --> [REQ_ID=d5905d9f52e4] [FILTER_BEFORE] /

[1 occurrence(s)]
DEBUG --> [REQ_ID=d5905d9f52e4] [ROUTE] Controller=\App\Controllers\Home Method=index

[1 occurrence(s)]
DEBUG --> [REQ_ID=d5905d9f52e4] [LIFECYCLE][START] GET https://www.mymiwallet.com/index.php/

[1 occurrence(s)]
DEBUG --> [REQ_ID=07bb95351c3f] [INIT] App\Controllers\Home::GET

[1 occurrence(s)]
DEBUG --> [REQ_ID=07bb95351c3f] [VIEW_RENDER] themes/public/home

[1 occurrence(s)]
DEBUG --> [REQ_ID=d5905d9f52e4] [FILTER_AFTER]

[1 occurrence(s)]
DEBUG --> [REQ_ID=d5905d9f52e4] [LIFECYCLE][END] status=200 duration_ms=1,032.71 memory_delta=4194304

[1 occurrence(s)]
DEBUG --> [REQ_ID=d5905d9f52e4] [REQUEST][END]

[1 occurrence(s)]
DEBUG --> [REQ_ID=d618e86a3b0d] [REQUEST][START] GET /index.php/Dashboard

[1 occurrence(s)]
DEBUG --> [REQ_ID=d618e86a3b0d] [FILTER_BEFORE] /index.php/Dashboard

[1 occurrence(s)]
DEBUG --> [REQ_ID=d618e86a3b0d] [ROUTE] Controller=\App\Modules\User\Controllers\DashboardController Method=index

[1 occurrence(s)]
DEBUG --> [REQ_ID=d618e86a3b0d] [LIFECYCLE][START] GET https://www.mymiwallet.com/index.php/Dashboard

[1 occurrence(s)]
DEBUG --> [REQ_ID=cd478236ad51] [INIT] App\Modules\User\Controllers\DashboardController::GET

[1 occurrence(s)]
DEBUG --> [REQ_ID=cd478236ad51] [METHOD_ENTRY] index

[1 occurrence(s)]
DEBUG --> [REQ_ID=cd478236ad51] [VIEW_RENDER] User/Dashboard/index

[1 occurrence(s)]
DEBUG --> [REQ_ID=d618e86a3b0d] [FILTER_AFTER]

[1 occurrence(s)]
DEBUG --> [REQ_ID=d618e86a3b0d] [LIFECYCLE][END] status=200 duration_ms=996.23 memory_delta=2097152

[1 occurrence(s)]
DEBUG --> [REQ_ID=d618e86a3b0d] [REQUEST][END]

[1 occurrence(s)]
DEBUG --> [REQ_ID=c6779cc898a8] [REQUEST][START] GET /index.php/API/Investments/getConfidenceHeatmap?timeframe=5m&window=60

[1 occurrence(s)]
DEBUG --> [REQ_ID=c6779cc898a8] [FILTER_BEFORE] /index.php/API/Investments/getConfidenceHeatmap?timeframe=5m&window=60

[1 occurrence(s)]
DEBUG --> [REQ_ID=c6779cc898a8] [ROUTE] Controller=\App\Modules\APIs\Controllers\InvestmentsAPIController Method=getConfidenceHeatmap

[1 occurrence(s)]
DEBUG --> [REQ_ID=c6779cc898a8] [LIFECYCLE][START] GET https://www.mymiwallet.com/index.php/API/Investments/getConfidenceHeatmap?timeframe=5m&window=60

[1 occurrence(s)]
DEBUG --> [REQ_ID=d43dbde925f4] [INIT] App\Modules\APIs\Controllers\InvestmentsAPIController::GET

[1 occurrence(s)]
DEBUG --> [REQ_ID=c6779cc898a8] [FILTER_AFTER]

[1 occurrence(s)]
DEBUG --> [REQ_ID=c6779cc898a8] [LIFECYCLE][END] status=302 duration_ms=37.55 memory_delta=0

[1 occurrence(s)]
DEBUG --> [REQ_ID=c6779cc898a8] [REQUEST][END]

[1 occurrence(s)]
DEBUG --> [REQ_ID=8f42ed178778] [REQUEST][START] GET /index.php/Memberships

[1 occurrence(s)]
DEBUG --> [REQ_ID=8f42ed178778] [FILTER_BEFORE] /index.php/Memberships

[1 occurrence(s)]
DEBUG --> [REQ_ID=8f42ed178778] [ROUTE] Controller=\App\Controllers\Home Method=memberships

[1 occurrence(s)]
DEBUG --> [REQ_ID=8f42ed178778] [LIFECYCLE][START] GET https://www.mymiwallet.com/index.php/Memberships

[1 occurrence(s)]
DEBUG --> [REQ_ID=d0b291f05c76] [INIT] App\Controllers\Home::GET

[1 occurrence(s)]
DEBUG --> [REQ_ID=d0b291f05c76] [VIEW_RENDER] themes/public/memberships

[1 occurrence(s)]
DEBUG --> [REQ_ID=8f42ed178778] [FILTER_AFTER]

[1 occurrence(s)]
DEBUG --> [REQ_ID=8f42ed178778] [LIFECYCLE][END] status=200 duration_ms=763.10 memory_delta=4194304

[1 occurrence(s)]
DEBUG --> [REQ_ID=8f42ed178778] [REQUEST][END]

[1 occurrence(s)]
DEBUG --> [REQ_ID=57b6ae62c158] [REQUEST][START] GET /index.php/API/Investments/getConfidenceHeatmap?timeframe=all&window=6h

[1 occurrence(s)]
DEBUG --> [REQ_ID=57b6ae62c158] [FILTER_BEFORE] /index.php/API/Investments/getConfidenceHeatmap?timeframe=all&window=6h

[1 occurrence(s)]
DEBUG --> [REQ_ID=57b6ae62c158] [ROUTE] Controller=\App\Modules\APIs\Controllers\InvestmentsAPIController Method=getConfidenceHeatmap

[1 occurrence(s)]
DEBUG --> [REQ_ID=57b6ae62c158] [LIFECYCLE][START] GET https://www.mymiwallet.com/index.php/API/Investments/getConfidenceHeatmap?timeframe=all&window=6h

[1 occurrence(s)]
DEBUG --> [REQ_ID=bfead84e7e6b] [INIT] App\Modules\APIs\Controllers\InvestmentsAPIController::GET

[1 occurrence(s)]
DEBUG --> [REQ_ID=57b6ae62c158] [FILTER_AFTER]

[1 occurrence(s)]
DEBUG --> [REQ_ID=57b6ae62c158] [LIFECYCLE][END] status=302 duration_ms=45.24 memory_delta=0

[1 occurrence(s)]
DEBUG --> [REQ_ID=57b6ae62c158] [REQUEST][END]

[1 occurrence(s)]
DEBUG --> [REQ_ID=70c62bf0aeb9] [REQUEST][START] GET /index.php/API/Investments/getForecastAccuracySummary?window=7d

[1 occurrence(s)]
DEBUG --> [REQ_ID=217ccb0bacd5] [REQUEST][START] GET /index.php/Memberships

[1 occurrence(s)]
DEBUG --> [REQ_ID=76f53e5af51e] [REQUEST][START] GET /index.php/API/Investments/getForecastHighlights

[1 occurrence(s)]
DEBUG --> [REQ_ID=70c62bf0aeb9] [FILTER_BEFORE] /index.php/API/Investments/getForecastAccuracySummary?window=7d

[1 occurrence(s)]
DEBUG --> [REQ_ID=70c62bf0aeb9] [ROUTE] Controller=\App\Modules\APIs\Controllers\InvestmentsAPIController Method=getForecastAccuracySummary

[1 occurrence(s)]
DEBUG --> [REQ_ID=70c62bf0aeb9] [LIFECYCLE][START] GET https://www.mymiwallet.com/index.php/API/Investments/getForecastAccuracySummary?window=7d

[1 occurrence(s)]
DEBUG --> [REQ_ID=44437c48c6ad] [INIT] App\Modules\APIs\Controllers\InvestmentsAPIController::GET

[1 occurrence(s)]
DEBUG --> [REQ_ID=70c62bf0aeb9] [FILTER_AFTER]

[1 occurrence(s)]
DEBUG --> [REQ_ID=70c62bf0aeb9] [LIFECYCLE][END] status=302 duration_ms=185.83 memory_delta=2097152

[1 occurrence(s)]
DEBUG --> [REQ_ID=70c62bf0aeb9] [REQUEST][END]

[1 occurrence(s)]
DEBUG --> [REQ_ID=bb58b56d714d] [REQUEST][START] GET /index.php/ops/health

[1 occurrence(s)]
DEBUG --> [REQ_ID=217ccb0bacd5] [FILTER_BEFORE] /index.php/Memberships

[1 occurrence(s)]
DEBUG --> [REQ_ID=217ccb0bacd5] [ROUTE] Controller=\App\Controllers\Home Method=memberships

[1 occurrence(s)]
DEBUG --> [REQ_ID=217ccb0bacd5] [LIFECYCLE][START] GET https://www.mymiwallet.com/index.php/Memberships

[1 occurrence(s)]
DEBUG --> [REQ_ID=b43016b90e9a] [INIT] App\Controllers\Home::GET

[20 occurrence(s)]
DEBUG --> [MetaService] slug=memberships pageName= cacheHit=1 path=CACHE

[1 occurrence(s)]
DEBUG --> [REQ_ID=b43016b90e9a] [VIEW_RENDER] themes/public/memberships

[20 occurrence(s)]
DEBUG --> [MetaService] slug=memberships pageName=Memberships cacheHit=1 path=CACHE

[1 occurrence(s)]
DEBUG --> [REQ_ID=217ccb0bacd5] [FILTER_AFTER]

[1 occurrence(s)]
DEBUG --> [REQ_ID=217ccb0bacd5] [LIFECYCLE][END] status=200 duration_ms=747.67 memory_delta=4194304

[1 occurrence(s)]
DEBUG --> [REQ_ID=217ccb0bacd5] [REQUEST][END]

[1 occurrence(s)]
DEBUG --> [REQ_ID=76f53e5af51e] [FILTER_BEFORE] /index.php/API/Investments/getForecastHighlights

[1 occurrence(s)]
DEBUG --> [REQ_ID=76f53e5af51e] [ROUTE] Controller=\App\Modules\APIs\Controllers\InvestmentsAPIController Method=getForecastHighlights

[1 occurrence(s)]
DEBUG --> [REQ_ID=76f53e5af51e] [LIFECYCLE][START] GET https://www.mymiwallet.com/index.php/API/Investments/getForecastHighlights

[1 occurrence(s)]
DEBUG --> [REQ_ID=94575a352c87] [INIT] App\Modules\APIs\Controllers\InvestmentsAPIController::GET

[1 occurrence(s)]
DEBUG --> [REQ_ID=d0a3c9cd2813] [REQUEST][START] GET /index.php/Memberships

[1 occurrence(s)]
DEBUG --> [REQ_ID=76f53e5af51e] [FILTER_AFTER]

[1 occurrence(s)]
DEBUG --> [REQ_ID=76f53e5af51e] [LIFECYCLE][END] status=200 duration_ms=524.43 memory_delta=2097152

[1 occurrence(s)]
DEBUG --> [REQ_ID=76f53e5af51e] [REQUEST][END]

[1 occurrence(s)]
DEBUG --> [REQ_ID=bb58b56d714d] [FILTER_BEFORE] /index.php/ops/health

[1 occurrence(s)]
DEBUG --> [REQ_ID=bb58b56d714d] [ROUTE] Controller=\App\Controllers\OpsHealthController Method=index

[1 occurrence(s)]
DEBUG --> [REQ_ID=bb58b56d714d] [LIFECYCLE][START] GET https://www.mymiwallet.com/index.php/ops/health

[1 occurrence(s)]
DEBUG --> [REQ_ID=203f14b81b69] [INIT] App\Controllers\OpsHealthController::GET

[1 occurrence(s)]
DEBUG --> [REQ_ID=0c34b47bcb9e] [REQUEST][START] GET /index.php/API/Investments/getForecastHighlights

[1 occurrence(s)]
DEBUG --> [REQ_ID=203f14b81b69] [METHOD_ENTRY] index

[1 occurrence(s)]
DEBUG --> [REQ_ID=bb58b56d714d] [FILTER_AFTER]

[1 occurrence(s)]
DEBUG --> [REQ_ID=bb58b56d714d] [LIFECYCLE][END] status=404 duration_ms=114.04 memory_delta=0

[1 occurrence(s)]
DEBUG --> [REQ_ID=bb58b56d714d] [REQUEST][END]

[1 occurrence(s)]
DEBUG --> [REQ_ID=d0a3c9cd2813] [FILTER_BEFORE] /index.php/Memberships

[1 occurrence(s)]
DEBUG --> [REQ_ID=d0a3c9cd2813] [ROUTE] Controller=\App\Controllers\Home Method=memberships

[1 occurrence(s)]
DEBUG --> [REQ_ID=d0a3c9cd2813] [LIFECYCLE][START] GET https://www.mymiwallet.com/index.php/Memberships

[1 occurrence(s)]
DEBUG --> [REQ_ID=d04f0759aefb] [INIT] App\Controllers\Home::GET

[1 occurrence(s)]
DEBUG --> [REQ_ID=d04f0759aefb] [VIEW_RENDER] themes/public/memberships

[1 occurrence(s)]
DEBUG --> [REQ_ID=d0a3c9cd2813] [FILTER_AFTER]

[1 occurrence(s)]
DEBUG --> [REQ_ID=d0a3c9cd2813] [LIFECYCLE][END] status=200 duration_ms=743.12 memory_delta=2097152

[1 occurrence(s)]
DEBUG --> [REQ_ID=d0a3c9cd2813] [REQUEST][END]

[1 occurrence(s)]
DEBUG --> [REQ_ID=0c34b47bcb9e] [FILTER_BEFORE] /index.php/API/Investments/getForecastHighlights

[1 occurrence(s)]
DEBUG --> [REQ_ID=0c34b47bcb9e] [ROUTE] Controller=\App\Modules\APIs\Controllers\InvestmentsAPIController Method=getForecastHighlights

[1 occurrence(s)]
DEBUG --> [REQ_ID=0c34b47bcb9e] [LIFECYCLE][START] GET https://www.mymiwallet.com/index.php/API/Investments/getForecastHighlights

[1 occurrence(s)]
DEBUG --> [REQ_ID=1ded527e0772] [INIT] App\Modules\APIs\Controllers\InvestmentsAPIController::GET

[1 occurrence(s)]
DEBUG --> [REQ_ID=0c34b47bcb9e] [FILTER_AFTER]

[1 occurrence(s)]
DEBUG --> [REQ_ID=0c34b47bcb9e] [LIFECYCLE][END] status=200 duration_ms=23.82 memory_delta=0

[1 occurrence(s)]
DEBUG --> [REQ_ID=0c34b47bcb9e] [REQUEST][END]

[1 occurrence(s)]
DEBUG --> [REQ_ID=e2470937ee95] [REQUEST][START] GET /index.php/Budget

[1 occurrence(s)]
DEBUG --> [REQ_ID=e2470937ee95] [FILTER_BEFORE] /index.php/Budget

[1 occurrence(s)]
DEBUG --> [REQ_ID=e2470937ee95] [ROUTE] Controller=\App\Modules\User\Controllers\BudgetController Method=index

[1 occurrence(s)]
DEBUG --> [REQ_ID=e2470937ee95] [LIFECYCLE][START] GET https://www.mymiwallet.com/index.php/Budget

[1 occurrence(s)]
DEBUG --> [REQ_ID=bbad599d4e5b] [INIT] App\Modules\User\Controllers\BudgetController::GET

[1 occurrence(s)]
DEBUG --> [REQ_ID=bbad599d4e5b] [METHOD_ENTRY] index

[2 occurrence(s)]
DEBUG --> BudgetController::commonData snapshot: {"cuID":2,"cuEmail":"admin@timothyburks.com","totalAccountBalance":0,"nonce":{"script":"nonce=\"aa215d5a3e3cb985fdadb87e88d98393\"","style":"nonce=\"aa215d5a3e3cb985fdadb87e88d98393\""}}

[1 occurrence(s)]
DEBUG --> [REQ_ID=bbad599d4e5b] [VIEW_RENDER] App\Modules\User\Views\Budget\index

[1 occurrence(s)]
DEBUG --> [REQ_ID=e2470937ee95] [FILTER_AFTER]

[1 occurrence(s)]
DEBUG --> [REQ_ID=e2470937ee95] [LIFECYCLE][END] status=200 duration_ms=101.92 memory_delta=2097152

[1 occurrence(s)]
DEBUG --> [REQ_ID=e2470937ee95] [REQUEST][END]

[1 occurrence(s)]
DEBUG --> [REQ_ID=2982be6ba444] [REQUEST][START] GET /index.php/API/Budget/getUserBudgetRecords

[1 occurrence(s)]
DEBUG --> [REQ_ID=2982be6ba444] [FILTER_BEFORE] /index.php/API/Budget/getUserBudgetRecords

[1 occurrence(s)]
DEBUG --> [REQ_ID=2982be6ba444] [ROUTE] Controller=\App\Modules\APIs\Controllers\BudgetAPIController Method=getUserBudgetRecords

[1 occurrence(s)]
DEBUG --> [REQ_ID=2982be6ba444] [LIFECYCLE][START] GET https://www.mymiwallet.com/index.php/API/Budget/getUserBudgetRecords

[1 occurrence(s)]
DEBUG --> [REQ_ID=b05f242710f8] [INIT] App\Modules\APIs\Controllers\BudgetAPIController::GET

[1 occurrence(s)]
DEBUG --> [REQ_ID=c0dba8cd4b8f] [REQUEST][START] GET /index.php/API/Budget/getUserCreditBalances

[1 occurrence(s)]
DEBUG --> [REQ_ID=bc2034a4bc92] [REQUEST][START] GET /index.php/API/Budget/getUserRepaymentSummary

[1 occurrence(s)]
DEBUG --> [REQ_ID=4fd8a427ae93] [REQUEST][START] GET /index.php/API/Budget/getUserAvailableBalances

[1 occurrence(s)]
DEBUG --> [REQ_ID=c0dba8cd4b8f] [FILTER_BEFORE] /index.php/API/Budget/getUserCreditBalances

[1 occurrence(s)]
DEBUG --> [REQ_ID=c0dba8cd4b8f] [ROUTE] Controller=\App\Modules\APIs\Controllers\BudgetAPIController Method=getUserCreditBalances

[1 occurrence(s)]
DEBUG --> [REQ_ID=c0dba8cd4b8f] [LIFECYCLE][START] GET https://www.mymiwallet.com/index.php/API/Budget/getUserCreditBalances

[1 occurrence(s)]
DEBUG --> [REQ_ID=c56d67524eef] [INIT] App\Modules\APIs\Controllers\BudgetAPIController::GET

[1 occurrence(s)]
DEBUG --> [REQ_ID=bc2034a4bc92] [FILTER_BEFORE] /index.php/API/Budget/getUserRepaymentSummary

[1 occurrence(s)]
DEBUG --> [REQ_ID=bc2034a4bc92] [ROUTE] Controller=\App\Modules\APIs\Controllers\BudgetAPIController Method=getUserRepaymentSummary

[1 occurrence(s)]
DEBUG --> [REQ_ID=bc2034a4bc92] [LIFECYCLE][START] GET https://www.mymiwallet.com/index.php/API/Budget/getUserRepaymentSummary

[1 occurrence(s)]
DEBUG --> [REQ_ID=a2ade3edc912] [INIT] App\Modules\APIs\Controllers\BudgetAPIController::GET

[1 occurrence(s)]
DEBUG --> [REQ_ID=4fd8a427ae93] [FILTER_BEFORE] /index.php/API/Budget/getUserAvailableBalances

[1 occurrence(s)]
DEBUG --> [REQ_ID=4fd8a427ae93] [ROUTE] Controller=\App\Modules\APIs\Controllers\BudgetAPIController Method=getUserAvailableBalances

[1 occurrence(s)]
DEBUG --> [REQ_ID=4fd8a427ae93] [LIFECYCLE][START] GET https://www.mymiwallet.com/index.php/API/Budget/getUserAvailableBalances

[1 occurrence(s)]
DEBUG --> [REQ_ID=338604598ffa] [INIT] App\Modules\APIs\Controllers\BudgetAPIController::GET

[1 occurrence(s)]
DEBUG --> [REQ_ID=6021f77506e0] [REQUEST][START] GET /index.php/Exchange/Solana

[1 occurrence(s)]
DEBUG --> [REQ_ID=6021f77506e0] [FILTER_BEFORE] /index.php/Exchange/Solana

[1 occurrence(s)]
DEBUG --> [REQ_ID=6021f77506e0] [ROUTE] Controller=\App\Modules\Exchange\Controllers\SolanaController Method=index

[1 occurrence(s)]
DEBUG --> [REQ_ID=6021f77506e0] [LIFECYCLE][START] GET https://www.mymiwallet.com/index.php/Exchange/Solana

[1 occurrence(s)]
DEBUG --> [REQ_ID=1b3576cbeeca] [INIT] App\Modules\Exchange\Controllers\SolanaController::GET

[1 occurrence(s)]
DEBUG --> [REQ_ID=1b3576cbeeca] [METHOD_ENTRY] index

[1 occurrence(s)]
DEBUG --> Memory usage before coin value fetch: 4194304

[1 occurrence(s)]
DEBUG --> Memory usage after coin value fetch: 4194304

[1 occurrence(s)]
DEBUG --> [REQ_ID=1b3576cbeeca] [VIEW_RENDER] App\Modules\Exchange\Views\Solana\index

[1 occurrence(s)]
DEBUG --> Memory usage before coin value fetch: 6291456

[1 occurrence(s)]
DEBUG --> Memory usage after coin value fetch: 6291456

[1 occurrence(s)]
DEBUG --> [REQ_ID=6021f77506e0] [FILTER_AFTER]

[1 occurrence(s)]
DEBUG --> [REQ_ID=6021f77506e0] [LIFECYCLE][END] status=200 duration_ms=1,548.37 memory_delta=2097152

[1 occurrence(s)]
DEBUG --> [REQ_ID=6021f77506e0] [REQUEST][END]

[1 occurrence(s)]
DEBUG --> [REQ_ID=ac1b601e3f7f] [REQUEST][START] GET /index.php/Investments

[1 occurrence(s)]
DEBUG --> [REQ_ID=ac1b601e3f7f] [FILTER_BEFORE] /index.php/Investments

[1 occurrence(s)]
DEBUG --> [REQ_ID=ac1b601e3f7f] [ROUTE] Controller=\App\Modules\User\Controllers\InvestmentsController Method=index

[1 occurrence(s)]
DEBUG --> [REQ_ID=ac1b601e3f7f] [LIFECYCLE][START] GET https://www.mymiwallet.com/index.php/Investments

[1 occurrence(s)]
DEBUG --> [REQ_ID=bf7f45f5d0bf] [INIT] App\Modules\User\Controllers\InvestmentsController::GET

[1 occurrence(s)]
DEBUG --> [REQ_ID=bf7f45f5d0bf] [METHOD_ENTRY] index

[6 occurrence(s)]
DEBUG --> InvestmentsController: cuID initialized as 2

[9 occurrence(s)]
DEBUG --> Processing investments for User ID: 2

[9 occurrence(s)]
DEBUG --> Retrieved user investment records for User ID: 2

[2 occurrence(s)]
DEBUG --> [CACHE_MISS] mymiwallet_development_investments_portfolio-performance_uid_2_9

[9 occurrence(s)]
DEBUG --> Skipping placeholder investment lookup for ID=TEST

[9 occurrence(s)]
DEBUG --> Retrieved investment overview for User ID: 2

[9 occurrence(s)]
DEBUG --> Active investments count: 1

[9 occurrence(s)]
DEBUG --> No active trade data found for User ID: 2 in bf_users_trades.

[9 occurrence(s)]
DEBUG --> Total trade value sum: $0.00

[9 occurrence(s)]
DEBUG --> Total asset value sum: $0.00

[9 occurrence(s)]
DEBUG --> Total trade value: 165

[9 occurrence(s)]
DEBUG --> Total trade count: 1

[9 occurrence(s)]
DEBUG --> Total monthly trades count: 0

[9 occurrence(s)]
DEBUG --> Total asset count: 0

[9 occurrence(s)]
DEBUG --> Total growth: 0

[9 occurrence(s)]
DEBUG --> Total last trade value sum: 0

[9 occurrence(s)]
DEBUG --> Total annual trade value sum: 0

[9 occurrence(s)]
DEBUG --> User watchlist retrieved for User ID: 2

[9 occurrence(s)]
DEBUG --> User top gainers retrieved

[9 occurrence(s)]
DEBUG --> User top gainer retrieved

[9 occurrence(s)]
DEBUG --> User top losers retrieved

[9 occurrence(s)]
DEBUG --> User top loser retrieved

[9 occurrence(s)]
DEBUG --> User current annual value: 0

[9 occurrence(s)]
DEBUG --> User current annual performance: 0

[9 occurrence(s)]
DEBUG --> User current annual target:

[9 occurrence(s)]
DEBUG --> Total user assets value: 0

[9 occurrence(s)]
DEBUG --> Total user assets count: 0

[9 occurrence(s)]
DEBUG --> Total user asset performance: 0

[9 occurrence(s)]
DEBUG --> Investment insights retrieved for User ID: 2

[9 occurrence(s)]
DEBUG --> MyMIInvestments L463 - $historalData Array: Array

[9 occurrence(s)]
DEBUG --> Risk management tools generated for User ID: 2

[2 occurrence(s)]
DEBUG --> [CACHE_MISS] mymiwallet_development_tax_liability_uid_2_97d170e1550e

[9 occurrence(s)]
DEBUG --> Financial reports generated for User ID: 2

[9 occurrence(s)]
DEBUG --> Investment data structured successfully for User ID: 2

[7 occurrence(s)]
DEBUG --> [CACHE_HIT] mymiwallet_development_investments_portfolio-performance_uid_2_9

[7 occurrence(s)]
DEBUG --> [CACHE_HIT] mymiwallet_development_tax_liability_uid_2_97d170e1550e

[3 occurrence(s)]
DEBUG --> [CACHE_MISS] mymiwallet_development_squeeze_radar_global_global_8fa3764d620b

[3 occurrence(s)]
DEBUG --> MyMIInvestments::getSqueezeRadar failed: Unknown column 'as_of_datetime' in 'order clause'

[1 occurrence(s)]
DEBUG --> [REQ_ID=bf7f45f5d0bf] [VIEW_RENDER] App\Modules\User\Views\Investments\index

[1 occurrence(s)]
DEBUG --> [REQ_ID=ac1b601e3f7f] [FILTER_AFTER]

[1 occurrence(s)]
DEBUG --> [REQ_ID=ac1b601e3f7f] [LIFECYCLE][END] status=200 duration_ms=2,983.25 memory_delta=2097152

[1 occurrence(s)]
DEBUG --> [REQ_ID=ac1b601e3f7f] [REQUEST][END]

[1 occurrence(s)]
DEBUG --> [REQ_ID=ac1de75a8060] [REQUEST][START] GET /index.php/API/Investments/GetUserWatchlist/2

[1 occurrence(s)]
DEBUG --> [REQ_ID=91d845a9a5ff] [REQUEST][START] GET /index.php/API/Investments/getForecastAccuracySummary?days=30

[1 occurrence(s)]
DEBUG --> [REQ_ID=4bf226e32936] [REQUEST][START] GET /index.php/API/Investments/getConfidenceHeatmap?timeframe=5m&window=60

[1 occurrence(s)]
DEBUG --> [REQ_ID=e1246dcf99f3] [REQUEST][START] GET /index.php/API/Investments/getForecastAccuracySummary?window=7d

[1 occurrence(s)]
DEBUG --> [REQ_ID=ac1de75a8060] [FILTER_BEFORE] /index.php/API/Investments/GetUserWatchlist/2

[1 occurrence(s)]
DEBUG --> [REQ_ID=ac1de75a8060] [ROUTE] Controller=\App\Modules\User\Controllers\InvestmentsController Method=getUserWatchlist

[1 occurrence(s)]
DEBUG --> [REQ_ID=ac1de75a8060] [LIFECYCLE][START] GET https://www.mymiwallet.com/index.php/API/Investments/GetUserWatchlist/2

[1 occurrence(s)]
DEBUG --> [REQ_ID=e596b0b90f7e] [INIT] App\Modules\User\Controllers\InvestmentsController::GET

[1 occurrence(s)]
DEBUG --> [REQ_ID=e596b0b90f7e] [METHOD_ENTRY] getUserWatchlist

[1 occurrence(s)]
DEBUG --> [REQ_ID=ac1de75a8060] [FILTER_AFTER]

[1 occurrence(s)]
DEBUG --> [REQ_ID=ac1de75a8060] [LIFECYCLE][END] status=302 duration_ms=105.29 memory_delta=0

[1 occurrence(s)]
DEBUG --> [REQ_ID=ac1de75a8060] [REQUEST][END]

[1 occurrence(s)]
DEBUG --> [REQ_ID=91d845a9a5ff] [FILTER_BEFORE] /index.php/API/Investments/getForecastAccuracySummary?days=30

[1 occurrence(s)]
DEBUG --> [REQ_ID=91d845a9a5ff] [ROUTE] Controller=\App\Modules\APIs\Controllers\InvestmentsAPIController Method=getForecastAccuracySummary

[1 occurrence(s)]
DEBUG --> [REQ_ID=91d845a9a5ff] [LIFECYCLE][START] GET https://www.mymiwallet.com/index.php/API/Investments/getForecastAccuracySummary?days=30

[1 occurrence(s)]
DEBUG --> [REQ_ID=ab3b96fe8024] [INIT] App\Modules\APIs\Controllers\InvestmentsAPIController::GET

[1 occurrence(s)]
DEBUG --> [REQ_ID=13356e1212b2] [REQUEST][START] GET /index.php/Memberships

[1 occurrence(s)]
DEBUG --> [REQ_ID=91d845a9a5ff] [FILTER_AFTER]

[1 occurrence(s)]
DEBUG --> [REQ_ID=91d845a9a5ff] [LIFECYCLE][END] status=302 duration_ms=101.69 memory_delta=2097152

[1 occurrence(s)]
DEBUG --> [REQ_ID=91d845a9a5ff] [REQUEST][END]

[1 occurrence(s)]
DEBUG --> [REQ_ID=4bf226e32936] [FILTER_BEFORE] /index.php/API/Investments/getConfidenceHeatmap?timeframe=5m&window=60

[1 occurrence(s)]
DEBUG --> [REQ_ID=4bf226e32936] [ROUTE] Controller=\App\Modules\APIs\Controllers\InvestmentsAPIController Method=getConfidenceHeatmap

[1 occurrence(s)]
DEBUG --> [REQ_ID=4bf226e32936] [LIFECYCLE][START] GET https://www.mymiwallet.com/index.php/API/Investments/getConfidenceHeatmap?timeframe=5m&window=60

[1 occurrence(s)]
DEBUG --> [REQ_ID=d3b2f094c4c0] [INIT] App\Modules\APIs\Controllers\InvestmentsAPIController::GET

[1 occurrence(s)]
DEBUG --> [REQ_ID=4bf226e32936] [FILTER_AFTER]

[1 occurrence(s)]
DEBUG --> [REQ_ID=4bf226e32936] [LIFECYCLE][END] status=302 duration_ms=42.61 memory_delta=0

[1 occurrence(s)]
DEBUG --> [REQ_ID=4bf226e32936] [REQUEST][END]

[1 occurrence(s)]
DEBUG --> [REQ_ID=e1246dcf99f3] [FILTER_BEFORE] /index.php/API/Investments/getForecastAccuracySummary?window=7d

[1 occurrence(s)]
DEBUG --> [REQ_ID=e1246dcf99f3] [ROUTE] Controller=\App\Modules\APIs\Controllers\InvestmentsAPIController Method=getForecastAccuracySummary

[1 occurrence(s)]
DEBUG --> [REQ_ID=e1246dcf99f3] [LIFECYCLE][START] GET https://www.mymiwallet.com/index.php/API/Investments/getForecastAccuracySummary?window=7d

[1 occurrence(s)]
DEBUG --> [REQ_ID=8e13c962ac48] [INIT] App\Modules\APIs\Controllers\InvestmentsAPIController::GET

[1 occurrence(s)]
DEBUG --> [REQ_ID=e1246dcf99f3] [FILTER_AFTER]

[1 occurrence(s)]
DEBUG --> [REQ_ID=e1246dcf99f3] [LIFECYCLE][END] status=302 duration_ms=37.59 memory_delta=0

[1 occurrence(s)]
DEBUG --> [REQ_ID=e1246dcf99f3] [REQUEST][END]

[1 occurrence(s)]
DEBUG --> [REQ_ID=13356e1212b2] [FILTER_BEFORE] /index.php/Memberships

[1 occurrence(s)]
DEBUG --> [REQ_ID=13356e1212b2] [ROUTE] Controller=\App\Controllers\Home Method=memberships

[1 occurrence(s)]
DEBUG --> [REQ_ID=13356e1212b2] [LIFECYCLE][START] GET https://www.mymiwallet.com/index.php/Memberships

[1 occurrence(s)]
DEBUG --> [REQ_ID=a4eb12ef5ec8] [INIT] App\Controllers\Home::GET

[1 occurrence(s)]
DEBUG --> [REQ_ID=a4eb12ef5ec8] [VIEW_RENDER] themes/public/memberships

[1 occurrence(s)]
DEBUG --> [REQ_ID=13356e1212b2] [FILTER_AFTER]

[1 occurrence(s)]
DEBUG --> [REQ_ID=13356e1212b2] [LIFECYCLE][END] status=200 duration_ms=754.52 memory_delta=4194304

[1 occurrence(s)]
DEBUG --> [REQ_ID=13356e1212b2] [REQUEST][END]

[1 occurrence(s)]
DEBUG --> [REQ_ID=40211776b5e3] [REQUEST][START] GET /index.php/Memberships

[1 occurrence(s)]
DEBUG --> [REQ_ID=40211776b5e3] [FILTER_BEFORE] /index.php/Memberships

[1 occurrence(s)]
DEBUG --> [REQ_ID=40211776b5e3] [ROUTE] Controller=\App\Controllers\Home Method=memberships

[1 occurrence(s)]
DEBUG --> [REQ_ID=40211776b5e3] [LIFECYCLE][START] GET https://www.mymiwallet.com/index.php/Memberships

[1 occurrence(s)]
DEBUG --> [REQ_ID=241903910ab6] [INIT] App\Controllers\Home::GET

[1 occurrence(s)]
DEBUG --> [REQ_ID=241903910ab6] [VIEW_RENDER] themes/public/memberships

[1 occurrence(s)]
DEBUG --> [REQ_ID=40211776b5e3] [FILTER_AFTER]

[1 occurrence(s)]
DEBUG --> [REQ_ID=40211776b5e3] [LIFECYCLE][END] status=200 duration_ms=918.38 memory_delta=2097152

[1 occurrence(s)]
DEBUG --> [REQ_ID=40211776b5e3] [REQUEST][END]

[1 occurrence(s)]
DEBUG --> [REQ_ID=a04346350428] [REQUEST][START] GET /index.php/Memberships

[1 occurrence(s)]
DEBUG --> [REQ_ID=a04346350428] [FILTER_BEFORE] /index.php/Memberships

[1 occurrence(s)]
DEBUG --> [REQ_ID=a04346350428] [ROUTE] Controller=\App\Controllers\Home Method=memberships

[1 occurrence(s)]
DEBUG --> [REQ_ID=a04346350428] [LIFECYCLE][START] GET https://www.mymiwallet.com/index.php/Memberships

[1 occurrence(s)]
DEBUG --> [REQ_ID=f6ccff52c107] [INIT] App\Controllers\Home::GET

[1 occurrence(s)]
DEBUG --> [REQ_ID=f6ccff52c107] [VIEW_RENDER] themes/public/memberships

[1 occurrence(s)]
DEBUG --> [REQ_ID=a04346350428] [FILTER_AFTER]

[1 occurrence(s)]
DEBUG --> [REQ_ID=a04346350428] [LIFECYCLE][END] status=200 duration_ms=834.28 memory_delta=2097152

[1 occurrence(s)]
DEBUG --> [REQ_ID=a04346350428] [REQUEST][END]

[1 occurrence(s)]
DEBUG --> [REQ_ID=a0746a2fd380] [REQUEST][START] GET /index.php/Memberships

[1 occurrence(s)]
DEBUG --> [REQ_ID=a0746a2fd380] [FILTER_BEFORE] /index.php/Memberships

[1 occurrence(s)]
DEBUG --> [REQ_ID=a0746a2fd380] [ROUTE] Controller=\App\Controllers\Home Method=memberships

[1 occurrence(s)]
DEBUG --> [REQ_ID=a0746a2fd380] [LIFECYCLE][START] GET https://www.mymiwallet.com/index.php/Memberships

[1 occurrence(s)]
DEBUG --> [REQ_ID=e23b8c9aeea4] [INIT] App\Controllers\Home::GET

[1 occurrence(s)]
DEBUG --> [REQ_ID=e23b8c9aeea4] [VIEW_RENDER] themes/public/memberships

[1 occurrence(s)]
DEBUG --> [REQ_ID=a0746a2fd380] [FILTER_AFTER]

[1 occurrence(s)]
DEBUG --> [REQ_ID=a0746a2fd380] [LIFECYCLE][END] status=200 duration_ms=824.30 memory_delta=2097152

[1 occurrence(s)]
DEBUG --> [REQ_ID=a0746a2fd380] [REQUEST][END]

[1 occurrence(s)]
DEBUG --> [REQ_ID=4f635f849ba2] [REQUEST][START] GET /index.php/Projects

[1 occurrence(s)]
DEBUG --> [REQ_ID=4f635f849ba2] [FILTER_BEFORE] /index.php/Projects

[1 occurrence(s)]
DEBUG --> [REQ_ID=4f635f849ba2] [ROUTE] Controller=\App\Modules\User\Controllers\ProjectsController Method=index

[1 occurrence(s)]
DEBUG --> [REQ_ID=4f635f849ba2] [LIFECYCLE][START] GET https://www.mymiwallet.com/index.php/Projects

[1 occurrence(s)]
DEBUG --> [REQ_ID=1103932e2002] [INIT] App\Modules\User\Controllers\ProjectsController::GET

[1 occurrence(s)]
DEBUG --> [REQ_ID=1103932e2002] [METHOD_ENTRY] index

[1 occurrence(s)]
DEBUG --> [REQ_ID=1103932e2002] [VIEW_RENDER] App\Modules\User\Views\Projects\index

[1 occurrence(s)]
DEBUG --> [REQ_ID=4f635f849ba2] [FILTER_AFTER]

[1 occurrence(s)]
DEBUG --> [REQ_ID=4f635f849ba2] [LIFECYCLE][END] status=200 duration_ms=68.92 memory_delta=0

[1 occurrence(s)]
DEBUG --> [REQ_ID=4f635f849ba2] [REQUEST][END]

[1 occurrence(s)]
DEBUG --> [REQ_ID=46c8a162bd02] [REQUEST][START] GET /index.php/My-Referrals

[1 occurrence(s)]
DEBUG --> [REQ_ID=46c8a162bd02] [FILTER_BEFORE] /index.php/My-Referrals

[1 occurrence(s)]
DEBUG --> [REQ_ID=46c8a162bd02] [ROUTE] Controller=\App\Modules\User\Controllers\ReferralController Method=index

[1 occurrence(s)]
DEBUG --> [REQ_ID=46c8a162bd02] [LIFECYCLE][START] GET https://www.mymiwallet.com/index.php/My-Referrals

[1 occurrence(s)]
DEBUG --> [REQ_ID=938c93e20b68] [INIT] App\Modules\User\Controllers\ReferralController::GET

[1 occurrence(s)]
DEBUG --> [REQ_ID=938c93e20b68] [METHOD_ENTRY] index

[24 occurrence(s)]
DEBUG --> ReferralModel L172 - $cuID: 2

[24 occurrence(s)]
DEBUG --> ReferralModel L175 - $user[referrer_code]: MyMI-2

[1 occurrence(s)]
DEBUG --> [REQ_ID=938c93e20b68] [VIEW_RENDER] UserModule\Views\Referral_Program\index

[3 occurrence(s)]
DEBUG --> Referral_Program\index L2 - $userReferrals: Array

[1 occurrence(s)]
DEBUG --> [REQ_ID=46c8a162bd02] [FILTER_AFTER]

[1 occurrence(s)]
DEBUG --> [REQ_ID=46c8a162bd02] [LIFECYCLE][END] status=200 duration_ms=362.35 memory_delta=0

[1 occurrence(s)]
DEBUG --> [REQ_ID=46c8a162bd02] [REQUEST][END]

[1 occurrence(s)]
DEBUG --> [REQ_ID=88674041e266] [REQUEST][START] GET /index.php/Wallets

[1 occurrence(s)]
DEBUG --> [REQ_ID=88674041e266] [FILTER_BEFORE] /index.php/Wallets

[1 occurrence(s)]
DEBUG --> [REQ_ID=88674041e266] [ROUTE] Controller=\App\Modules\User\Controllers\WalletsController Method=index

[1 occurrence(s)]
DEBUG --> [REQ_ID=88674041e266] [LIFECYCLE][START] GET https://www.mymiwallet.com/index.php/Wallets

[1 occurrence(s)]
DEBUG --> [REQ_ID=502f6be51861] [INIT] App\Modules\User\Controllers\WalletsController::GET

[1 occurrence(s)]
DEBUG --> [REQ_ID=502f6be51861] [METHOD_ENTRY] index

[1 occurrence(s)]
DEBUG --> [REQ_ID=88674041e266] [FILTER_AFTER]

[1 occurrence(s)]
DEBUG --> [REQ_ID=88674041e266] [LIFECYCLE][END] status=503 duration_ms=30.46 memory_delta=0

[1 occurrence(s)]
DEBUG --> [REQ_ID=88674041e266] [REQUEST][END]

[1 occurrence(s)]
DEBUG --> [REQ_ID=60fe9ea1e4d8] [REQUEST][START] GET /index.php/My-Referrals

[1 occurrence(s)]
DEBUG --> [REQ_ID=60fe9ea1e4d8] [FILTER_BEFORE] /index.php/My-Referrals

[1 occurrence(s)]
DEBUG --> [REQ_ID=60fe9ea1e4d8] [ROUTE] Controller=\App\Modules\User\Controllers\ReferralController Method=index

[1 occurrence(s)]
DEBUG --> [REQ_ID=60fe9ea1e4d8] [LIFECYCLE][START] GET https://www.mymiwallet.com/index.php/My-Referrals

[1 occurrence(s)]
DEBUG --> [REQ_ID=78b3e1227415] [INIT] App\Modules\User\Controllers\ReferralController::GET

[1 occurrence(s)]
DEBUG --> [REQ_ID=78b3e1227415] [METHOD_ENTRY] index

[1 occurrence(s)]
DEBUG --> [REQ_ID=78b3e1227415] [VIEW_RENDER] UserModule\Views\Referral_Program\index

[1 occurrence(s)]
DEBUG --> [REQ_ID=60fe9ea1e4d8] [FILTER_AFTER]

[1 occurrence(s)]
DEBUG --> [REQ_ID=60fe9ea1e4d8] [LIFECYCLE][END] status=200 duration_ms=343.53 memory_delta=2097152

[1 occurrence(s)]
DEBUG --> [REQ_ID=60fe9ea1e4d8] [REQUEST][END]

[1 occurrence(s)]
DEBUG --> [REQ_ID=a09482a81f9f] [REQUEST][START] GET /index.php/Management/Admin

[1 occurrence(s)]
DEBUG --> [REQ_ID=a09482a81f9f] [FILTER_BEFORE] /index.php/Management/Admin

[1 occurrence(s)]
DEBUG --> [REQ_ID=a09482a81f9f] [ROUTE] Controller=\App\Modules\Management\Controllers\ManagementAdminController Method=index

[1 occurrence(s)]
DEBUG --> [REQ_ID=a09482a81f9f] [LIFECYCLE][START] GET https://www.mymiwallet.com/index.php/Management/Admin

[1 occurrence(s)]
DEBUG --> [REQ_ID=3d1d829a3f95] [INIT] App\Modules\Management\Controllers\ManagementAdminController::GET

[1 occurrence(s)]
DEBUG --> [REQ_ID=3d1d829a3f95] [METHOD_ENTRY] index

[1 occurrence(s)]
DEBUG --> [REQ_ID=3d1d829a3f95] [VIEW_RENDER] App\Modules\Management\Views\index

[1 occurrence(s)]
DEBUG --> [REQ_ID=94e2ab69ab85] [REQUEST][START] GET /index.php/My-Referrals

[1 occurrence(s)]
DEBUG --> [REQ_ID=94e2ab69ab85] [FILTER_BEFORE] /index.php/My-Referrals

[1 occurrence(s)]
DEBUG --> [REQ_ID=94e2ab69ab85] [ROUTE] Controller=\App\Modules\User\Controllers\ReferralController Method=index

[1 occurrence(s)]
DEBUG --> [REQ_ID=94e2ab69ab85] [LIFECYCLE][START] GET https://www.mymiwallet.com/index.php/My-Referrals

[1 occurrence(s)]
DEBUG --> [REQ_ID=23bee87c6c24] [INIT] App\Modules\User\Controllers\ReferralController::GET

[1 occurrence(s)]
DEBUG --> [REQ_ID=23bee87c6c24] [METHOD_ENTRY] index

[1 occurrence(s)]
DEBUG --> [REQ_ID=23bee87c6c24] [VIEW_RENDER] UserModule\Views\Referral_Program\index

[1 occurrence(s)]
DEBUG --> [REQ_ID=94e2ab69ab85] [FILTER_AFTER]

[1 occurrence(s)]
DEBUG --> [REQ_ID=94e2ab69ab85] [LIFECYCLE][END] status=200 duration_ms=297.78 memory_delta=2097152

[1 occurrence(s)]
DEBUG --> [REQ_ID=94e2ab69ab85] [REQUEST][END]

[1 occurrence(s)]
DEBUG --> [REQ_ID=d5949c3ae8fa] [REQUEST][START] GET /index.php/API/Alerts/fetchEmailAlerts

[1 occurrence(s)]
DEBUG --> [REQ_ID=d5949c3ae8fa] [FILTER_BEFORE] /index.php/API/Alerts/fetchEmailAlerts

[1 occurrence(s)]
DEBUG --> [REQ_ID=d5949c3ae8fa] [ROUTE] Controller=\App\Modules\APIs\Controllers\AlertsAPIController Method=fetchEmailAlerts

[1 occurrence(s)]
DEBUG --> [REQ_ID=d5949c3ae8fa] [LIFECYCLE][START] GET https://www.mymiwallet.com/index.php/API/Alerts/fetchEmailAlerts

[1 occurrence(s)]
DEBUG --> [REQ_ID=d5949c3ae8fa] [REQUEST][END]

[1 occurrence(s)]
DEBUG --> [REQ_ID=f07d25bad39d] [REQUEST][START] HEAD /

[1 occurrence(s)]
DEBUG --> [REQ_ID=e07c1ce1f126] [REQUEST][START] GET /index.php/login

[1 occurrence(s)]
DEBUG --> [REQ_ID=e07c1ce1f126] [FILTER_BEFORE] /index.php/login

[1 occurrence(s)]
DEBUG --> [REQ_ID=e07c1ce1f126] [ROUTE] Controller=\App\Controllers\AuthController Method=login

[1 occurrence(s)]
DEBUG --> [REQ_ID=e07c1ce1f126] [LIFECYCLE][START] GET https://www.mymiwallet.com/index.php/login

[1 occurrence(s)]
DEBUG --> [CSRF] token name=csrf_test_name hash=2bc6a17103785344c21241788cab324a

[1 occurrence(s)]
DEBUG --> [REQ_ID=b897c3c1822f] [INIT] App\Controllers\AuthController::GET

[1 occurrence(s)]
DEBUG --> [REQ_ID=e07c1ce1f126] [FILTER_AFTER]

[1 occurrence(s)]
DEBUG --> [REQ_ID=e07c1ce1f126] [LIFECYCLE][END] status=200 duration_ms=294.74 memory_delta=0

[1 occurrence(s)]
DEBUG --> [REQ_ID=e07c1ce1f126] [REQUEST][END]

[1 occurrence(s)]
DEBUG --> [REQ_ID=016843a02bf6] [REQUEST][START] HEAD /

[1 occurrence(s)]
DEBUG --> [REQ_ID=4d744dbbfaa6] [REQUEST][START] HEAD /

[1 occurrence(s)]
DEBUG --> [REQ_ID=968cc6f90c0e] [REQUEST][START] GET /index.php/Support/Account

[1 occurrence(s)]
DEBUG --> [REQ_ID=968cc6f90c0e] [FILTER_BEFORE] /index.php/Support/Account

[1 occurrence(s)]
DEBUG --> [REQ_ID=968cc6f90c0e] [ROUTE] Controller=\App\Modules\Support\Controllers\AccountSupportController Method=index

[1 occurrence(s)]
DEBUG --> [REQ_ID=968cc6f90c0e] [LIFECYCLE][START] GET https://www.mymiwallet.com/index.php/Support/Account

[1 occurrence(s)]
DEBUG --> [CSRF] token name=csrf_test_name hash=2e45393859d7ce89c8f2947a7f883246

[1 occurrence(s)]
DEBUG --> [REQ_ID=42c836b40648] [INIT] App\Modules\Support\Controllers\AccountSupportController::GET

[1 occurrence(s)]
DEBUG --> [REQ_ID=42c836b40648] [METHOD_ENTRY] index

[1 occurrence(s)]
DEBUG --> [REQ_ID=42c836b40648] [VIEW_RENDER] SupportModule/Support/account_help

[1 occurrence(s)]
DEBUG --> [REQ_ID=968cc6f90c0e] [FILTER_AFTER]

[1 occurrence(s)]
DEBUG --> [REQ_ID=968cc6f90c0e] [LIFECYCLE][END] status=200 duration_ms=285.42 memory_delta=0

[1 occurrence(s)]
DEBUG --> [REQ_ID=968cc6f90c0e] [REQUEST][END]

[1 occurrence(s)]
DEBUG --> [REQ_ID=a2a9b0251984] [REQUEST][START] HEAD /

[1 occurrence(s)]
DEBUG --> [REQ_ID=fa290ed5c4bf] [REQUEST][START] HEAD /

[1 occurrence(s)]
DEBUG --> [REQ_ID=7585a8d3de47] [REQUEST][START] GET /index.php/Wallets/Purchase/Memberships

[1 occurrence(s)]
DEBUG --> [REQ_ID=7585a8d3de47] [FILTER_BEFORE] /index.php/Wallets/Purchase/Memberships

[1 occurrence(s)]
DEBUG --> [REQ_ID=7585a8d3de47] [ROUTE] Controller=\App\Modules\User\Controllers\WalletsController Method=purchase

[1 occurrence(s)]
DEBUG --> [REQ_ID=7585a8d3de47] [LIFECYCLE][START] GET https://www.mymiwallet.com/index.php/Wallets/Purchase/Memberships

[1 occurrence(s)]
DEBUG --> [CSRF] token name=csrf_test_name hash=bec9025db842a08f53363beeddf20cbf

[1 occurrence(s)]
DEBUG --> [REQ_ID=7585a8d3de47] [REQUEST][END]

[1 occurrence(s)]
DEBUG --> [REQ_ID=ccef7dc55204] [REQUEST][START] GET /index.php/login

[1 occurrence(s)]
DEBUG --> [REQ_ID=ccef7dc55204] [FILTER_BEFORE] /index.php/login

[1 occurrence(s)]
DEBUG --> [REQ_ID=ccef7dc55204] [ROUTE] Controller=\App\Controllers\AuthController Method=login

[1 occurrence(s)]
DEBUG --> [REQ_ID=ccef7dc55204] [LIFECYCLE][START] GET https://www.mymiwallet.com/index.php/login

[1 occurrence(s)]
DEBUG --> [CSRF] token name=csrf_test_name hash=e10aa88df8ae18ec266cb7096c188db8

[1 occurrence(s)]
DEBUG --> [REQ_ID=fd0c8f927d0e] [INIT] App\Controllers\AuthController::GET

[1 occurrence(s)]
DEBUG --> [REQ_ID=ccef7dc55204] [FILTER_AFTER]

[1 occurrence(s)]
DEBUG --> [REQ_ID=ccef7dc55204] [LIFECYCLE][END] status=200 duration_ms=74.49 memory_delta=0

[1 occurrence(s)]
DEBUG --> [REQ_ID=ccef7dc55204] [REQUEST][END]

[1 occurrence(s)]
DEBUG --> [REQ_ID=19f238a22f18] [REQUEST][START] HEAD /

[1 occurrence(s)]
DEBUG --> [REQ_ID=6ddcd21bcd87] [REQUEST][START] HEAD /

[1 occurrence(s)]
DEBUG --> [REQ_ID=96fccbd64005] [REQUEST][START] GET /index.php/Management/Assets

[1 occurrence(s)]
DEBUG --> [REQ_ID=96fccbd64005] [FILTER_BEFORE] /index.php/Management/Assets

[1 occurrence(s)]
DEBUG --> [REQ_ID=96fccbd64005] [ROUTE] Controller=\App\Modules\Management\Controllers\AssetsAdminController Method=index

[1 occurrence(s)]
DEBUG --> [REQ_ID=96fccbd64005] [LIFECYCLE][START] GET https://www.mymiwallet.com/index.php/Management/Assets

[1 occurrence(s)]
DEBUG --> [CSRF] token name=csrf_test_name hash=47f4ce547ce931e2f4912fedd27daae4

[1 occurrence(s)]
DEBUG --> [REQ_ID=96fccbd64005] [REQUEST][END]

[1 occurrence(s)]
DEBUG --> [REQ_ID=49a1805a20c0] [REQUEST][START] GET /index.php/login

[1 occurrence(s)]
DEBUG --> [REQ_ID=49a1805a20c0] [FILTER_BEFORE] /index.php/login

[1 occurrence(s)]
DEBUG --> [REQ_ID=49a1805a20c0] [ROUTE] Controller=\App\Controllers\AuthController Method=login

[1 occurrence(s)]
DEBUG --> [REQ_ID=49a1805a20c0] [LIFECYCLE][START] GET https://www.mymiwallet.com/index.php/login

[1 occurrence(s)]
DEBUG --> [CSRF] token name=csrf_test_name hash=fdd37c2a14637e3b66aa652127ac3d6d

[1 occurrence(s)]
DEBUG --> [REQ_ID=dd86d45f0522] [INIT] App\Controllers\AuthController::GET

[1 occurrence(s)]
DEBUG --> [REQ_ID=49a1805a20c0] [FILTER_AFTER]

[1 occurrence(s)]
DEBUG --> [REQ_ID=49a1805a20c0] [LIFECYCLE][END] status=200 duration_ms=71.75 memory_delta=0

[1 occurrence(s)]
DEBUG --> [REQ_ID=49a1805a20c0] [REQUEST][END]

[1 occurrence(s)]
DEBUG --> [REQ_ID=e9c874326a81] [REQUEST][START] HEAD /

[1 occurrence(s)]
DEBUG --> [REQ_ID=47bcf56214d1] [REQUEST][START] GET /

[1 occurrence(s)]
DEBUG --> [REQ_ID=47bcf56214d1] [FILTER_BEFORE] /

[1 occurrence(s)]
DEBUG --> [REQ_ID=47bcf56214d1] [ROUTE] Controller=\App\Controllers\Home Method=index

[1 occurrence(s)]
DEBUG --> [REQ_ID=47bcf56214d1] [LIFECYCLE][START] GET https://www.mymiwallet.com/index.php/

[7 occurrence(s)]
DEBUG --> [CSRF] token name=csrf_test_name hash=3d606eed908883a4835799410e958682

[1 occurrence(s)]
DEBUG --> [REQ_ID=1d437b485695] [INIT] App\Controllers\Home::GET

[1 occurrence(s)]
DEBUG --> [REQ_ID=1d437b485695] [VIEW_RENDER] themes/public/home

[1 occurrence(s)]
DEBUG --> [REQ_ID=47bcf56214d1] [FILTER_AFTER]

[1 occurrence(s)]
DEBUG --> [REQ_ID=47bcf56214d1] [LIFECYCLE][END] status=200 duration_ms=992.79 memory_delta=4194304

[1 occurrence(s)]
DEBUG --> [REQ_ID=47bcf56214d1] [REQUEST][END]

[1 occurrence(s)]
DEBUG --> [REQ_ID=4b050923dde6] [REQUEST][START] GET /index.php/How-It-Works/Investment-Dashboard

[1 occurrence(s)]
DEBUG --> [REQ_ID=4b050923dde6] [FILTER_BEFORE] /index.php/How-It-Works/Investment-Dashboard

[1 occurrence(s)]
DEBUG --> [REQ_ID=4b050923dde6] [ROUTE] Controller=\App\Modules\Blog\Controllers\HowItWorksController Method=show

[1 occurrence(s)]
DEBUG --> [REQ_ID=4b050923dde6] [LIFECYCLE][START] GET https://www.mymiwallet.com/index.php/How-It-Works/Investment-Dashboard

[1 occurrence(s)]
DEBUG --> [REQ_ID=cd6e35e9d915] [INIT] App\Modules\Blog\Controllers\HowItWorksController::GET

[1 occurrence(s)]
DEBUG --> [REQ_ID=cd6e35e9d915] [METHOD_ENTRY] show

[1 occurrence(s)]
DEBUG --> [REQ_ID=86063c1f0625] [REQUEST][START] GET /index.php/Dashboard

[1 occurrence(s)]
DEBUG --> [REQ_ID=86063c1f0625] [FILTER_BEFORE] /index.php/Dashboard

[1 occurrence(s)]
DEBUG --> [REQ_ID=86063c1f0625] [ROUTE] Controller=\App\Modules\User\Controllers\DashboardController Method=index

[1 occurrence(s)]
DEBUG --> [REQ_ID=86063c1f0625] [LIFECYCLE][START] GET https://www.mymiwallet.com/index.php/Dashboard

[1 occurrence(s)]
DEBUG --> [REQ_ID=86063c1f0625] [REQUEST][END]

[1 occurrence(s)]
DEBUG --> [REQ_ID=198b0a30bd06] [REQUEST][START] GET /index.php/login

[1 occurrence(s)]
DEBUG --> [REQ_ID=198b0a30bd06] [FILTER_BEFORE] /index.php/login

[1 occurrence(s)]
DEBUG --> [REQ_ID=198b0a30bd06] [ROUTE] Controller=\App\Controllers\AuthController Method=login

[1 occurrence(s)]
DEBUG --> [REQ_ID=198b0a30bd06] [LIFECYCLE][START] GET https://www.mymiwallet.com/index.php/login

[1 occurrence(s)]
DEBUG --> [REQ_ID=b1e8514b024c] [INIT] App\Controllers\AuthController::GET

[1 occurrence(s)]
DEBUG --> [REQ_ID=198b0a30bd06] [FILTER_AFTER]

[1 occurrence(s)]
DEBUG --> [REQ_ID=198b0a30bd06] [LIFECYCLE][END] status=200 duration_ms=51.81 memory_delta=0

[1 occurrence(s)]
DEBUG --> [REQ_ID=198b0a30bd06] [REQUEST][END]

[1 occurrence(s)]
DEBUG --> [REQ_ID=ea30232e2cd7] [REQUEST][START] GET /index.php/register

[1 occurrence(s)]
DEBUG --> [REQ_ID=ea30232e2cd7] [FILTER_BEFORE] /index.php/register

[1 occurrence(s)]
DEBUG --> [REQ_ID=ea30232e2cd7] [ROUTE] Controller=\App\Controllers\AuthController Method=register

[1 occurrence(s)]
DEBUG --> [REQ_ID=ea30232e2cd7] [LIFECYCLE][START] GET https://www.mymiwallet.com/index.php/register

[1 occurrence(s)]
DEBUG --> [REQ_ID=c66a50c0f8c6] [INIT] App\Controllers\AuthController::GET

[1 occurrence(s)]
DEBUG --> [REQ_ID=18b4a9c13387] [REQUEST][START] GET /index.php/Free/register

[1 occurrence(s)]
DEBUG --> [REQ_ID=18b4a9c13387] [FILTER_BEFORE] /index.php/Free/register

[1 occurrence(s)]
DEBUG --> [REQ_ID=18b4a9c13387] [ROUTE] Controller=\App\Controllers\AuthController Method=register

[1 occurrence(s)]
DEBUG --> [REQ_ID=18b4a9c13387] [LIFECYCLE][START] GET https://www.mymiwallet.com/index.php/Free/register

[1 occurrence(s)]
DEBUG --> [REQ_ID=d628f7bac977] [INIT] App\Controllers\AuthController::GET

[1 occurrence(s)]
DEBUG --> [REQ_ID=c708e02868af] [REQUEST][START] GET /index.php/Free/register

[1 occurrence(s)]
DEBUG --> [REQ_ID=c708e02868af] [FILTER_BEFORE] /index.php/Free/register

[1 occurrence(s)]
DEBUG --> [REQ_ID=c708e02868af] [ROUTE] Controller=\App\Controllers\AuthController Method=register

[1 occurrence(s)]
DEBUG --> [REQ_ID=c708e02868af] [LIFECYCLE][START] GET https://www.mymiwallet.com/index.php/Free/register

[1 occurrence(s)]
DEBUG --> [REQ_ID=b29280854957] [INIT] App\Controllers\AuthController::GET

[1 occurrence(s)]
DEBUG --> [REQ_ID=0fda20527ad0] [REQUEST][START] GET /

[1 occurrence(s)]
DEBUG --> [REQ_ID=0fda20527ad0] [FILTER_BEFORE] /

[1 occurrence(s)]
DEBUG --> [REQ_ID=0fda20527ad0] [ROUTE] Controller=\App\Controllers\Home Method=index

[1 occurrence(s)]
DEBUG --> [REQ_ID=0fda20527ad0] [LIFECYCLE][START] GET https://www.mymiwallet.com/index.php/

[37 occurrence(s)]
DEBUG --> [CSRF] token name=csrf_test_name hash=9c224b1813f1cf83c5979d145b795474

[1 occurrence(s)]
DEBUG --> [REQ_ID=88937eccb312] [INIT] App\Controllers\Home::GET

[1 occurrence(s)]
DEBUG --> [REQ_ID=88937eccb312] [VIEW_RENDER] themes/public/home

[1 occurrence(s)]
DEBUG --> [REQ_ID=0fda20527ad0] [FILTER_AFTER]

[1 occurrence(s)]
DEBUG --> [REQ_ID=0fda20527ad0] [LIFECYCLE][END] status=200 duration_ms=1,163.31 memory_delta=4194304

[1 occurrence(s)]
DEBUG --> [REQ_ID=0fda20527ad0] [REQUEST][END]

[1 occurrence(s)]
DEBUG --> [REQ_ID=502e00f5c47b] [REQUEST][START] GET /index.php/login

[1 occurrence(s)]
DEBUG --> [REQ_ID=502e00f5c47b] [FILTER_BEFORE] /index.php/login

[1 occurrence(s)]
DEBUG --> [REQ_ID=502e00f5c47b] [ROUTE] Controller=\App\Controllers\AuthController Method=login

[1 occurrence(s)]
DEBUG --> [REQ_ID=502e00f5c47b] [LIFECYCLE][START] GET https://www.mymiwallet.com/index.php/login

[1 occurrence(s)]
DEBUG --> [REQ_ID=4c7a6e6af0a7] [INIT] App\Controllers\AuthController::GET

[1 occurrence(s)]
DEBUG --> [REQ_ID=502e00f5c47b] [FILTER_AFTER]

[1 occurrence(s)]
DEBUG --> [REQ_ID=502e00f5c47b] [LIFECYCLE][END] status=302 duration_ms=41.03 memory_delta=0

[1 occurrence(s)]
DEBUG --> [REQ_ID=502e00f5c47b] [REQUEST][END]

[1 occurrence(s)]
DEBUG --> [REQ_ID=d47efb09f23f] [REQUEST][START] POST /index.php/login

[1 occurrence(s)]
DEBUG --> [REQ_ID=d47efb09f23f] [FILTER_BEFORE] /index.php/login

[1 occurrence(s)]
DEBUG --> [REQ_ID=d47efb09f23f] [ROUTE] Controller=\App\Controllers\AuthController Method=attemptLogin

[1 occurrence(s)]
DEBUG --> [REQ_ID=d47efb09f23f] [LIFECYCLE][START] POST https://www.mymiwallet.com/index.php/login

[1 occurrence(s)]
DEBUG --> [REQ_ID=d47efb09f23f] [REQUEST][END]

[1 occurrence(s)]
DEBUG --> [REQ_ID=b03ea7c8994c] [REQUEST][START] GET /index.php/

[1 occurrence(s)]
DEBUG --> [REQ_ID=b03ea7c8994c] [FILTER_BEFORE] /index.php/

[1 occurrence(s)]
DEBUG --> [REQ_ID=b03ea7c8994c] [ROUTE] Controller=\App\Controllers\Home Method=index

[1 occurrence(s)]
DEBUG --> [REQ_ID=b03ea7c8994c] [LIFECYCLE][START] GET https://www.mymiwallet.com/index.php/

[1 occurrence(s)]
DEBUG --> [REQ_ID=f9e43ca9b041] [INIT] App\Controllers\Home::GET

[1 occurrence(s)]
DEBUG --> [REQ_ID=f9e43ca9b041] [VIEW_RENDER] themes/public/home

[1 occurrence(s)]
DEBUG --> [REQ_ID=b03ea7c8994c] [FILTER_AFTER]

[1 occurrence(s)]
DEBUG --> [REQ_ID=b03ea7c8994c] [LIFECYCLE][END] status=200 duration_ms=808.53 memory_delta=4194304

[1 occurrence(s)]
DEBUG --> [REQ_ID=b03ea7c8994c] [REQUEST][END]

[1 occurrence(s)]
DEBUG --> [REQ_ID=826ab325ec52] [REQUEST][START] GET /index.php/Dashboard

[1 occurrence(s)]
DEBUG --> [REQ_ID=826ab325ec52] [FILTER_BEFORE] /index.php/Dashboard

[1 occurrence(s)]
DEBUG --> [REQ_ID=826ab325ec52] [ROUTE] Controller=\App\Modules\User\Controllers\DashboardController Method=index

[1 occurrence(s)]
DEBUG --> [REQ_ID=826ab325ec52] [LIFECYCLE][START] GET https://www.mymiwallet.com/index.php/Dashboard

[1 occurrence(s)]
DEBUG --> [REQ_ID=b33cf2977de5] [INIT] App\Modules\User\Controllers\DashboardController::GET

[1 occurrence(s)]
DEBUG --> [REQ_ID=b33cf2977de5] [METHOD_ENTRY] index

[1 occurrence(s)]
DEBUG --> [REQ_ID=b33cf2977de5] [VIEW_RENDER] User/Dashboard/index

[1 occurrence(s)]
DEBUG --> [REQ_ID=826ab325ec52] [FILTER_AFTER]

[1 occurrence(s)]
DEBUG --> [REQ_ID=826ab325ec52] [LIFECYCLE][END] status=200 duration_ms=998.27 memory_delta=2097152

[1 occurrence(s)]
DEBUG --> [REQ_ID=826ab325ec52] [REQUEST][END]

[1 occurrence(s)]
DEBUG --> [REQ_ID=a1bd9259f5f1] [REQUEST][START] GET /index.php/API/Investments/getConfidenceHeatmap?timeframe=5m&window=60

[1 occurrence(s)]
DEBUG --> [REQ_ID=a1bd9259f5f1] [FILTER_BEFORE] /index.php/API/Investments/getConfidenceHeatmap?timeframe=5m&window=60

[1 occurrence(s)]
DEBUG --> [REQ_ID=a1bd9259f5f1] [ROUTE] Controller=\App\Modules\APIs\Controllers\InvestmentsAPIController Method=getConfidenceHeatmap

[1 occurrence(s)]
DEBUG --> [REQ_ID=a1bd9259f5f1] [LIFECYCLE][START] GET https://www.mymiwallet.com/index.php/API/Investments/getConfidenceHeatmap?timeframe=5m&window=60

[1 occurrence(s)]
DEBUG --> [REQ_ID=e18c8501d14f] [INIT] App\Modules\APIs\Controllers\InvestmentsAPIController::GET

[1 occurrence(s)]
DEBUG --> [REQ_ID=a1bd9259f5f1] [FILTER_AFTER]

[1 occurrence(s)]
DEBUG --> [REQ_ID=a1bd9259f5f1] [LIFECYCLE][END] status=302 duration_ms=87.12 memory_delta=0

[1 occurrence(s)]
DEBUG --> [REQ_ID=a1bd9259f5f1] [REQUEST][END]

[1 occurrence(s)]
DEBUG --> [REQ_ID=4f8bd37d96f2] [REQUEST][START] GET /index.php/API/Investments/getForecastAccuracySummary?window=7d

[1 occurrence(s)]
DEBUG --> [REQ_ID=d3d2980da422] [REQUEST][START] GET /index.php/Memberships

[1 occurrence(s)]
DEBUG --> [REQ_ID=d3d2980da422] [FILTER_BEFORE] /index.php/Memberships

[1 occurrence(s)]
DEBUG --> [REQ_ID=d3d2980da422] [ROUTE] Controller=\App\Controllers\Home Method=memberships

[1 occurrence(s)]
DEBUG --> [REQ_ID=d3d2980da422] [LIFECYCLE][START] GET https://www.mymiwallet.com/index.php/Memberships

[1 occurrence(s)]
DEBUG --> [REQ_ID=8d31e7e07b75] [INIT] App\Controllers\Home::GET

[1 occurrence(s)]
DEBUG --> [REQ_ID=76bdcfcc7e01] [REQUEST][START] GET /index.php/API/Investments/getForecastHighlights

[1 occurrence(s)]
DEBUG --> [REQ_ID=9e30b57131a1] [REQUEST][START] GET /index.php/API/Investments/getConfidenceHeatmap?timeframe=all&window=6h

[1 occurrence(s)]
DEBUG --> [REQ_ID=e8eb4e65187b] [REQUEST][START] GET /index.php/ops/health

[1 occurrence(s)]
DEBUG --> [REQ_ID=8d31e7e07b75] [VIEW_RENDER] themes/public/memberships

[1 occurrence(s)]
DEBUG --> [REQ_ID=d3d2980da422] [FILTER_AFTER]

[1 occurrence(s)]
DEBUG --> [REQ_ID=d3d2980da422] [LIFECYCLE][END] status=200 duration_ms=759.14 memory_delta=4194304

[1 occurrence(s)]
DEBUG --> [REQ_ID=d3d2980da422] [REQUEST][END]

[1 occurrence(s)]
DEBUG --> [REQ_ID=4f8bd37d96f2] [FILTER_BEFORE] /index.php/API/Investments/getForecastAccuracySummary?window=7d

[1 occurrence(s)]
DEBUG --> [REQ_ID=4f8bd37d96f2] [ROUTE] Controller=\App\Modules\APIs\Controllers\InvestmentsAPIController Method=getForecastAccuracySummary

[1 occurrence(s)]
DEBUG --> [REQ_ID=4f8bd37d96f2] [LIFECYCLE][START] GET https://www.mymiwallet.com/index.php/API/Investments/getForecastAccuracySummary?window=7d

[1 occurrence(s)]
DEBUG --> [REQ_ID=72f4ac6557ba] [INIT] App\Modules\APIs\Controllers\InvestmentsAPIController::GET

[1 occurrence(s)]
DEBUG --> [REQ_ID=4f8bd37d96f2] [FILTER_AFTER]

[1 occurrence(s)]
DEBUG --> [REQ_ID=4f8bd37d96f2] [LIFECYCLE][END] status=302 duration_ms=149.88 memory_delta=2097152

[1 occurrence(s)]
DEBUG --> [REQ_ID=4f8bd37d96f2] [REQUEST][END]

[1 occurrence(s)]
DEBUG --> [REQ_ID=76bdcfcc7e01] [FILTER_BEFORE] /index.php/API/Investments/getForecastHighlights

[1 occurrence(s)]
DEBUG --> [REQ_ID=76bdcfcc7e01] [ROUTE] Controller=\App\Modules\APIs\Controllers\InvestmentsAPIController Method=getForecastHighlights

[1 occurrence(s)]
DEBUG --> [REQ_ID=76bdcfcc7e01] [LIFECYCLE][START] GET https://www.mymiwallet.com/index.php/API/Investments/getForecastHighlights

[1 occurrence(s)]
DEBUG --> [REQ_ID=ac97fb637082] [INIT] App\Modules\APIs\Controllers\InvestmentsAPIController::GET

[1 occurrence(s)]
DEBUG --> [REQ_ID=b2b343abe8d9] [REQUEST][START] GET /index.php/Memberships

[1 occurrence(s)]
DEBUG --> [REQ_ID=76bdcfcc7e01] [FILTER_AFTER]

[1 occurrence(s)]
DEBUG --> [REQ_ID=76bdcfcc7e01] [LIFECYCLE][END] status=200 duration_ms=517.11 memory_delta=2097152

[1 occurrence(s)]
DEBUG --> [REQ_ID=76bdcfcc7e01] [REQUEST][END]

[1 occurrence(s)]
DEBUG --> [REQ_ID=9e30b57131a1] [FILTER_BEFORE] /index.php/API/Investments/getConfidenceHeatmap?timeframe=all&window=6h

[1 occurrence(s)]
DEBUG --> [REQ_ID=9e30b57131a1] [ROUTE] Controller=\App\Modules\APIs\Controllers\InvestmentsAPIController Method=getConfidenceHeatmap

[1 occurrence(s)]
DEBUG --> [REQ_ID=9e30b57131a1] [LIFECYCLE][START] GET https://www.mymiwallet.com/index.php/API/Investments/getConfidenceHeatmap?timeframe=all&window=6h

[1 occurrence(s)]
DEBUG --> [REQ_ID=37fde2502c52] [INIT] App\Modules\APIs\Controllers\InvestmentsAPIController::GET

[1 occurrence(s)]
DEBUG --> [REQ_ID=ffac4a2b0dab] [REQUEST][START] GET /index.php/API/Investments/getForecastHighlights

[1 occurrence(s)]
DEBUG --> [REQ_ID=9e30b57131a1] [FILTER_AFTER]

[1 occurrence(s)]
DEBUG --> [REQ_ID=9e30b57131a1] [LIFECYCLE][END] status=302 duration_ms=159.24 memory_delta=2097152

[1 occurrence(s)]
DEBUG --> [REQ_ID=9e30b57131a1] [REQUEST][END]

[1 occurrence(s)]
DEBUG --> [REQ_ID=e8eb4e65187b] [FILTER_BEFORE] /index.php/ops/health

[1 occurrence(s)]
DEBUG --> [REQ_ID=e8eb4e65187b] [ROUTE] Controller=\App\Controllers\OpsHealthController Method=index

[1 occurrence(s)]
DEBUG --> [REQ_ID=e8eb4e65187b] [LIFECYCLE][START] GET https://www.mymiwallet.com/index.php/ops/health

[1 occurrence(s)]
DEBUG --> [REQ_ID=b1fb947a9c7b] [INIT] App\Controllers\OpsHealthController::GET

[1 occurrence(s)]
DEBUG --> [REQ_ID=9f083687efaa] [REQUEST][START] GET /index.php/Management/Alerts

[1 occurrence(s)]
DEBUG --> [REQ_ID=1a4e1080b53f] [REQUEST][START] GET /index.php/Memberships

[1 occurrence(s)]
DEBUG --> [REQ_ID=b1fb947a9c7b] [METHOD_ENTRY] index

[1 occurrence(s)]
DEBUG --> [REQ_ID=e8eb4e65187b] [FILTER_AFTER]

[1 occurrence(s)]
DEBUG --> [REQ_ID=e8eb4e65187b] [LIFECYCLE][END] status=404 duration_ms=108.20 memory_delta=0

[1 occurrence(s)]
DEBUG --> [REQ_ID=e8eb4e65187b] [REQUEST][END]

[1 occurrence(s)]
DEBUG --> [REQ_ID=b2b343abe8d9] [FILTER_BEFORE] /index.php/Memberships

[1 occurrence(s)]
DEBUG --> [REQ_ID=b2b343abe8d9] [ROUTE] Controller=\App\Controllers\Home Method=memberships

[1 occurrence(s)]
DEBUG --> [REQ_ID=b2b343abe8d9] [LIFECYCLE][START] GET https://www.mymiwallet.com/index.php/Memberships

[1 occurrence(s)]
DEBUG --> [REQ_ID=be1f7f7958bc] [INIT] App\Controllers\Home::GET

[1 occurrence(s)]
DEBUG --> [REQ_ID=be1f7f7958bc] [VIEW_RENDER] themes/public/memberships

[1 occurrence(s)]
DEBUG --> [REQ_ID=b2b343abe8d9] [FILTER_AFTER]

[1 occurrence(s)]
DEBUG --> [REQ_ID=b2b343abe8d9] [LIFECYCLE][END] status=200 duration_ms=741.69 memory_delta=2097152

[1 occurrence(s)]
DEBUG --> [REQ_ID=b2b343abe8d9] [REQUEST][END]

[1 occurrence(s)]
DEBUG --> [REQ_ID=ffac4a2b0dab] [FILTER_BEFORE] /index.php/API/Investments/getForecastHighlights

[1 occurrence(s)]
DEBUG --> [REQ_ID=ffac4a2b0dab] [ROUTE] Controller=\App\Modules\APIs\Controllers\InvestmentsAPIController Method=getForecastHighlights

[1 occurrence(s)]
DEBUG --> [REQ_ID=ffac4a2b0dab] [LIFECYCLE][START] GET https://www.mymiwallet.com/index.php/API/Investments/getForecastHighlights

[1 occurrence(s)]
DEBUG --> [REQ_ID=c13abd11954f] [INIT] App\Modules\APIs\Controllers\InvestmentsAPIController::GET

[1 occurrence(s)]
DEBUG --> [REQ_ID=ffac4a2b0dab] [FILTER_AFTER]

[1 occurrence(s)]
DEBUG --> [REQ_ID=ffac4a2b0dab] [LIFECYCLE][END] status=200 duration_ms=28.15 memory_delta=0

[1 occurrence(s)]
DEBUG --> [REQ_ID=ffac4a2b0dab] [REQUEST][END]

[1 occurrence(s)]
DEBUG --> [REQ_ID=9f083687efaa] [FILTER_BEFORE] /index.php/Management/Alerts

[1 occurrence(s)]
DEBUG --> [REQ_ID=9f083687efaa] [ROUTE] Controller=\App\Modules\Management\Controllers\AlertsAdminController Method=index

[1 occurrence(s)]
DEBUG --> [REQ_ID=9f083687efaa] [LIFECYCLE][START] GET https://www.mymiwallet.com/index.php/Management/Alerts

[1 occurrence(s)]
DEBUG --> [REQ_ID=2df23cbf72bf] [INIT] App\Modules\Management\Controllers\AlertsAdminController::GET

[1 occurrence(s)]
DEBUG --> [REQ_ID=2df23cbf72bf] [METHOD_ENTRY] index

[1 occurrence(s)]
DEBUG --> [REQ_ID=2df23cbf72bf] [VIEW_RENDER] ManagementModule\Views\Alerts\index

[1 occurrence(s)]
DEBUG --> [REQ_ID=9f083687efaa] [FILTER_AFTER]

[1 occurrence(s)]
DEBUG --> [REQ_ID=9f083687efaa] [LIFECYCLE][END] status=200 duration_ms=3,387.52 memory_delta=20971520

[1 occurrence(s)]
DEBUG --> [REQ_ID=9f083687efaa] [REQUEST][END]

[1 occurrence(s)]
DEBUG --> [REQ_ID=1a4e1080b53f] [FILTER_BEFORE] /index.php/Memberships

[1 occurrence(s)]
DEBUG --> [REQ_ID=1a4e1080b53f] [ROUTE] Controller=\App\Controllers\Home Method=memberships

[1 occurrence(s)]
DEBUG --> [REQ_ID=1a4e1080b53f] [LIFECYCLE][START] GET https://www.mymiwallet.com/index.php/Memberships

[1 occurrence(s)]
DEBUG --> [REQ_ID=b3a9d16e1750] [INIT] App\Controllers\Home::GET

[1 occurrence(s)]
DEBUG --> [REQ_ID=d8a51494658e] [REQUEST][START] GET /index.php/Management/Alerts/weeklyTopPerformance?limit=10

[1 occurrence(s)]
DEBUG --> [REQ_ID=7872a65dc91f] [REQUEST][START] POST /index.php/API/Alerts/getFilteredAlerts

[1 occurrence(s)]
DEBUG --> [REQ_ID=7c2080ea298b] [REQUEST][START] POST /index.php/API/Alerts/processTradeBatch

[1 occurrence(s)]
DEBUG --> [REQ_ID=a256504d08f0] [REQUEST][START] POST /index.php/API/Alerts/getFilteredAlerts

[1 occurrence(s)]
DEBUG --> [REQ_ID=b3a9d16e1750] [VIEW_RENDER] themes/public/memberships

[1 occurrence(s)]
DEBUG --> [REQ_ID=1a4e1080b53f] [FILTER_AFTER]

[1 occurrence(s)]
DEBUG --> [REQ_ID=1a4e1080b53f] [LIFECYCLE][END] status=200 duration_ms=728.48 memory_delta=2097152

[1 occurrence(s)]
DEBUG --> [REQ_ID=1a4e1080b53f] [REQUEST][END]

[1 occurrence(s)]
DEBUG --> [REQ_ID=7872a65dc91f] [FILTER_BEFORE] /index.php/API/Alerts/getFilteredAlerts

[1 occurrence(s)]
DEBUG --> [REQ_ID=7872a65dc91f] [ROUTE] Controller=\App\Modules\APIs\Controllers\AlertsAPIController Method=getFilteredAlerts

[1 occurrence(s)]
DEBUG --> [REQ_ID=7872a65dc91f] [LIFECYCLE][START] POST https://www.mymiwallet.com/index.php/API/Alerts/getFilteredAlerts

[1 occurrence(s)]
DEBUG --> [REQ_ID=090291261abb] [INIT] App\Modules\APIs\Controllers\AlertsAPIController::POST

[1 occurrence(s)]
DEBUG --> [REQ_ID=090291261abb] [AJAX_HEADERS] {"Content-Type":{},"Connection":{},"Host":{},"Cookie":{},"Sec-Fetch-Site":{},"Sec-Fetch-Mode":{},"Sec-Fetch-Dest":{},"Origin":{},"X-Requested-With":{},"Referer":{},"Accept-Encoding":{},"Accept-Language":{},"Accept":{},"User-Agent":{}}

[1 occurrence(s)]
DEBUG --> [REQ_ID=090291261abb] [AJAX_POST] {"draw":"1","columns":[{"data":"id","name":"","searchable":"true","orderable":"true","search":{"value":"","regex":"false"}},{"data":"created_on","name":"","searchable":"true","orderable":"true","search":{"value":"","regex":"false"}},{"data":"ticker","name":"","searchable":"true","orderable":"true","search":{"value":"","regex":"false"}},{"data":"exchange","name":"","searchable":"true","orderable":"true","search":{"value":"","regex":"false"}},{"data":"category","name":"","searchable":"true","orderable":"true","search":{"value":"","regex":"false"}},{"data":"price","name":"price","searchable":"true","orderable":"true","search":{"value":"","regex":"false"}},{"data":"entry_price","name":"entry_price","searchable":"true","orderable":"true","search":{"value":"","regex":"false"}},{"data":"delta_gain","name":"delta_gain","searchable":"true","orderable":"true","search":{"value":"","regex":"false"}},{"data":"target_price","name":"target_price","searchable":"true","orderable":"true","search":{"value":"","regex":"false"}},{"data":"locked_profit_stop","name":"locked_profit_stop","searchable":"true","orderable":"true","search":{"value":"","regex":"false"}},{"data":"trailing_stop_percent","name":"trailing_stop_percent","searchable":"true","orderable":"true","search":{"value":"","regex":"false"}},{"data":"ema_3_8","name":"ema_3_8","searchable":"true","orderable":"true","search":{"value":"","regex":"false"}},{"data":"ema_8_13","name":"ema_8_13","searchable":"true","orderable":"true","search":{"value":"","regex":"false"}},{"data":"ema_13_34","name":"ema_13_34","searchable":"true","orderable":"true","search":{"value":"","regex":"false"}},{"data":"ema_34_48","name":"ema_34_48","searchable":"true","orderable":"true","search":{"value":"","regex":"false"}},{"data":"ema_consensus","name":"ema_consensus","searchable":"true","orderable":"true","search":{"value":"","regex":"false"}},{"data":"tv_chart","name":"tv_chart","searchable":"true","orderable":"false","search":{"value":"","regex":"false"}},{"data":"id","name":"","searchable":"true","orderable":"false","search":{"value":"","regex":"false"}}],"order":[{"column":"0","dir":"desc"}],"start":"0","length":"10","search":{"value":"","regex":"false"},"timeRange":"this_month","category":"","alert_created":"1"}

[1 occurrence(s)]
DEBUG --> [REQ_ID=7872a65dc91f] [FILTER_AFTER]

[1 occurrence(s)]
DEBUG --> [REQ_ID=7872a65dc91f] [LIFECYCLE][END] status=500 duration_ms=70.24 memory_delta=0

[1 occurrence(s)]
DEBUG --> [REQ_ID=7872a65dc91f] [REQUEST][END]

[1 occurrence(s)]
DEBUG --> [REQ_ID=7c2080ea298b] [FILTER_BEFORE] /index.php/API/Alerts/processTradeBatch

[1 occurrence(s)]
DEBUG --> [REQ_ID=7c2080ea298b] [ROUTE] Controller=\App\Modules\APIs\Controllers\AlertsAPIController Method=processTradeBatch

[1 occurrence(s)]
DEBUG --> [REQ_ID=7c2080ea298b] [LIFECYCLE][START] POST https://www.mymiwallet.com/index.php/API/Alerts/processTradeBatch

[1 occurrence(s)]
DEBUG --> [REQ_ID=656fb36653d9] [INIT] App\Modules\APIs\Controllers\AlertsAPIController::POST

[1 occurrence(s)]
DEBUG --> [REQ_ID=656fb36653d9] [AJAX_HEADERS] {"Content-Type":{},"Connection":{},"Host":{},"Cookie":{},"Sec-Fetch-Site":{},"Sec-Fetch-Mode":{},"Sec-Fetch-Dest":{},"Origin":{},"X-Requested-With":{},"Referer":{},"Accept-Encoding":{},"Accept-Language":{},"Accept":{},"User-Agent":{}}

[1 occurrence(s)]
DEBUG --> [REQ_ID=656fb36653d9] [AJAX_POST] {"offset":"0","batchSize":"25"}

[1 occurrence(s)]
DEBUG --> [REQ_ID=a256504d08f0] [FILTER_BEFORE] /index.php/API/Alerts/getFilteredAlerts

[1 occurrence(s)]
DEBUG --> [REQ_ID=a256504d08f0] [ROUTE] Controller=\App\Modules\APIs\Controllers\AlertsAPIController Method=getFilteredAlerts

[1 occurrence(s)]
DEBUG --> [REQ_ID=a256504d08f0] [LIFECYCLE][START] POST https://www.mymiwallet.com/index.php/API/Alerts/getFilteredAlerts

[1 occurrence(s)]
DEBUG --> [REQ_ID=45cc8d48ced8] [INIT] App\Modules\APIs\Controllers\AlertsAPIController::POST

[1 occurrence(s)]
DEBUG --> [REQ_ID=45cc8d48ced8] [AJAX_HEADERS] {"Content-Type":{},"Connection":{},"Host":{},"Cookie":{},"Sec-Fetch-Site":{},"Sec-Fetch-Mode":{},"Sec-Fetch-Dest":{},"Origin":{},"X-Requested-With":{},"Referer":{},"Accept-Encoding":{},"Accept-Language":{},"Accept":{},"User-Agent":{}}

[1 occurrence(s)]
DEBUG --> [REQ_ID=45cc8d48ced8] [AJAX_POST] {"draw":"1","columns":[{"data":"id","name":"","searchable":"true","orderable":"true","search":{"value":"","regex":"false"}},{"data":"created_on","name":"","searchable":"true","orderable":"true","search":{"value":"","regex":"false"}},{"data":"ticker","name":"","searchable":"true","orderable":"true","search":{"value":"","regex":"false"}},{"data":"exchange","name":"","searchable":"true","orderable":"true","search":{"value":"","regex":"false"}},{"data":"category","name":"","searchable":"true","orderable":"true","search":{"value":"","regex":"false"}},{"data":"price","name":"price","searchable":"true","orderable":"true","search":{"value":"","regex":"false"}},{"data":"entry_price","name":"entry_price","searchable":"true","orderable":"true","search":{"value":"","regex":"false"}},{"data":"delta_gain","name":"delta_gain","searchable":"true","orderable":"true","search":{"value":"","regex":"false"}},{"data":"target_price","name":"target_price","searchable":"true","orderable":"true","search":{"value":"","regex":"false"}},{"data":"locked_profit_stop","name":"locked_profit_stop","searchable":"true","orderable":"true","search":{"value":"","regex":"false"}},{"data":"trailing_stop_percent","name":"trailing_stop_percent","searchable":"true","orderable":"true","search":{"value":"","regex":"false"}},{"data":"ema_3_8","name":"ema_3_8","searchable":"true","orderable":"true","search":{"value":"","regex":"false"}},{"data":"ema_8_13","name":"ema_8_13","searchable":"true","orderable":"true","search":{"value":"","regex":"false"}},{"data":"ema_13_34","name":"ema_13_34","searchable":"true","orderable":"true","search":{"value":"","regex":"false"}},{"data":"ema_34_48","name":"ema_34_48","searchable":"true","orderable":"true","search":{"value":"","regex":"false"}},{"data":"ema_consensus","name":"ema_consensus","searchable":"true","orderable":"true","search":{"value":"","regex":"false"}},{"data":"tv_chart","name":"tv_chart","searchable":"true","orderable":"false","search":{"value":"","regex":"false"}},{"data":"id","name":"","searchable":"true","orderable":"false","search":{"value":"","regex":"false"}}],"order":[{"column":"0","dir":"desc"}],"start":"0","length":"25","search":{"value":"","regex":"false"},"timeRange":"this_month","category":"","alert_created":"0"}

[1 occurrence(s)]
DEBUG --> [REQ_ID=a256504d08f0] [FILTER_AFTER]

[1 occurrence(s)]
DEBUG --> [REQ_ID=a256504d08f0] [LIFECYCLE][END] status=500 duration_ms=156.51 memory_delta=2097152

[1 occurrence(s)]
DEBUG --> [REQ_ID=a256504d08f0] [REQUEST][END]

[1 occurrence(s)]
DEBUG --> [REQ_ID=3acfc8e630ca] [REQUEST][START] GET /index.php/Budget

[1 occurrence(s)]
DEBUG --> [REQ_ID=3acfc8e630ca] [FILTER_BEFORE] /index.php/Budget

[1 occurrence(s)]
DEBUG --> [REQ_ID=3acfc8e630ca] [ROUTE] Controller=\App\Modules\User\Controllers\BudgetController Method=index

[1 occurrence(s)]
DEBUG --> [REQ_ID=3acfc8e630ca] [LIFECYCLE][START] GET https://www.mymiwallet.com/index.php/Budget

[1 occurrence(s)]
DEBUG --> [REQ_ID=1afea73388bb] [INIT] App\Modules\User\Controllers\BudgetController::GET

[1 occurrence(s)]
DEBUG --> [REQ_ID=1afea73388bb] [METHOD_ENTRY] index

[2 occurrence(s)]
DEBUG --> BudgetController::commonData snapshot: {"cuID":2,"cuEmail":"admin@timothyburks.com","totalAccountBalance":0,"nonce":{"script":"nonce=\"778984ed24587b4a3d72c33dcf83fadd\"","style":"nonce=\"778984ed24587b4a3d72c33dcf83fadd\""}}

[1 occurrence(s)]
DEBUG --> [REQ_ID=1afea73388bb] [VIEW_RENDER] App\Modules\User\Views\Budget\index

[1 occurrence(s)]
DEBUG --> [REQ_ID=3acfc8e630ca] [FILTER_AFTER]

[1 occurrence(s)]
DEBUG --> [REQ_ID=3acfc8e630ca] [LIFECYCLE][END] status=200 duration_ms=191.86 memory_delta=0

[1 occurrence(s)]
DEBUG --> [REQ_ID=3acfc8e630ca] [REQUEST][END]

[1 occurrence(s)]
DEBUG --> [REQ_ID=b12aa3352552] [REQUEST][START] GET /index.php/API/Budget/getUserBudgetRecords

[1 occurrence(s)]
DEBUG --> [REQ_ID=e8ccccf13a34] [REQUEST][START] GET /index.php/API/Budget/getUserAvailableBalances

[1 occurrence(s)]
DEBUG --> [REQ_ID=d60efc86dca0] [REQUEST][START] GET /index.php/API/Budget/getUserCreditBalances

[1 occurrence(s)]
DEBUG --> [REQ_ID=8f9df819c92e] [REQUEST][START] GET /index.php/API/Budget/getUserRepaymentSummary

[1 occurrence(s)]
DEBUG --> [REQ_ID=e8ccccf13a34] [FILTER_BEFORE] /index.php/API/Budget/getUserAvailableBalances

[1 occurrence(s)]
DEBUG --> [REQ_ID=e8ccccf13a34] [ROUTE] Controller=\App\Modules\APIs\Controllers\BudgetAPIController Method=getUserAvailableBalances

[1 occurrence(s)]
DEBUG --> [REQ_ID=e8ccccf13a34] [LIFECYCLE][START] GET https://www.mymiwallet.com/index.php/API/Budget/getUserAvailableBalances

[1 occurrence(s)]
DEBUG --> [REQ_ID=b024dcbd71b8] [INIT] App\Modules\APIs\Controllers\BudgetAPIController::GET

[1 occurrence(s)]
DEBUG --> [REQ_ID=b12aa3352552] [FILTER_BEFORE] /index.php/API/Budget/getUserBudgetRecords

[1 occurrence(s)]
DEBUG --> [REQ_ID=b12aa3352552] [ROUTE] Controller=\App\Modules\APIs\Controllers\BudgetAPIController Method=getUserBudgetRecords

[1 occurrence(s)]
DEBUG --> [REQ_ID=b12aa3352552] [LIFECYCLE][START] GET https://www.mymiwallet.com/index.php/API/Budget/getUserBudgetRecords

[1 occurrence(s)]
DEBUG --> [REQ_ID=32ec15534e80] [INIT] App\Modules\APIs\Controllers\BudgetAPIController::GET

[1 occurrence(s)]
DEBUG --> [REQ_ID=d60efc86dca0] [FILTER_BEFORE] /index.php/API/Budget/getUserCreditBalances

[1 occurrence(s)]
DEBUG --> [REQ_ID=d60efc86dca0] [ROUTE] Controller=\App\Modules\APIs\Controllers\BudgetAPIController Method=getUserCreditBalances

[1 occurrence(s)]
DEBUG --> [REQ_ID=d60efc86dca0] [LIFECYCLE][START] GET https://www.mymiwallet.com/index.php/API/Budget/getUserCreditBalances

[1 occurrence(s)]
DEBUG --> [REQ_ID=40b865263257] [INIT] App\Modules\APIs\Controllers\BudgetAPIController::GET

[1 occurrence(s)]
DEBUG --> [REQ_ID=8f9df819c92e] [FILTER_BEFORE] /index.php/API/Budget/getUserRepaymentSummary

[1 occurrence(s)]
DEBUG --> [REQ_ID=8f9df819c92e] [ROUTE] Controller=\App\Modules\APIs\Controllers\BudgetAPIController Method=getUserRepaymentSummary

[1 occurrence(s)]
DEBUG --> [REQ_ID=8f9df819c92e] [LIFECYCLE][START] GET https://www.mymiwallet.com/index.php/API/Budget/getUserRepaymentSummary

[1 occurrence(s)]
DEBUG --> [REQ_ID=cdb08373e7b2] [INIT] App\Modules\APIs\Controllers\BudgetAPIController::GET

[1 occurrence(s)]
DEBUG --> [REQ_ID=9e375e84ff01] [REQUEST][START] HEAD /

[1 occurrence(s)]
DEBUG --> [REQ_ID=85b66c3d9dee] [REQUEST][START] GET /index.php/Projects

[1 occurrence(s)]
DEBUG --> [REQ_ID=85b66c3d9dee] [FILTER_BEFORE] /index.php/Projects

[1 occurrence(s)]
DEBUG --> [REQ_ID=85b66c3d9dee] [ROUTE] Controller=\App\Modules\User\Controllers\ProjectsController Method=index

[1 occurrence(s)]
DEBUG --> [REQ_ID=85b66c3d9dee] [LIFECYCLE][START] GET https://www.mymiwallet.com/index.php/Projects

[1 occurrence(s)]
DEBUG --> [REQ_ID=2dc4e4f9a263] [INIT] App\Modules\User\Controllers\ProjectsController::GET

[1 occurrence(s)]
DEBUG --> [REQ_ID=2dc4e4f9a263] [METHOD_ENTRY] index

[1 occurrence(s)]
DEBUG --> [REQ_ID=2dc4e4f9a263] [VIEW_RENDER] App\Modules\User\Views\Projects\index

[1 occurrence(s)]
DEBUG --> [REQ_ID=85b66c3d9dee] [FILTER_AFTER]

[1 occurrence(s)]
DEBUG --> [REQ_ID=85b66c3d9dee] [LIFECYCLE][END] status=200 duration_ms=110.03 memory_delta=0

[1 occurrence(s)]
DEBUG --> [REQ_ID=85b66c3d9dee] [REQUEST][END]

[1 occurrence(s)]
DEBUG --> [REQ_ID=80a4c61a90ca] [REQUEST][START] GET /index.php/Wallets/Purchase/Memberships

[1 occurrence(s)]
DEBUG --> [REQ_ID=80a4c61a90ca] [FILTER_BEFORE] /index.php/Wallets/Purchase/Memberships

[1 occurrence(s)]
DEBUG --> [REQ_ID=80a4c61a90ca] [ROUTE] Controller=\App\Modules\User\Controllers\WalletsController Method=purchase

[1 occurrence(s)]
DEBUG --> [REQ_ID=80a4c61a90ca] [LIFECYCLE][START] GET https://www.mymiwallet.com/index.php/Wallets/Purchase/Memberships

[1 occurrence(s)]
DEBUG --> [REQ_ID=94e719cf2e50] [INIT] App\Modules\User\Controllers\WalletsController::GET

[1 occurrence(s)]
DEBUG --> [REQ_ID=94e719cf2e50] [METHOD_ENTRY] purchase

[2 occurrence(s)]
DEBUG --> WalletsController::purchase - $promoCode:

[1 occurrence(s)]
DEBUG --> [CACHE_MISS] mymiwallet_development_wallets_budget_uid_2_97d170e1550e

[1 occurrence(s)]
DEBUG --> [REQ_ID=64b7f98c25ce] [REQUEST][START] GET /index.php/Memberships

[1 occurrence(s)]
DEBUG --> [REQ_ID=94e719cf2e50] [VIEW_RENDER] UserModule\Views\Wallets\Purchase

[1 occurrence(s)]
DEBUG --> Wallets\Purchase L22 - $membership_type: | $promoCode (if exists):

[1 occurrence(s)]
DEBUG --> [REQ_ID=80a4c61a90ca] [FILTER_AFTER]

[1 occurrence(s)]
DEBUG --> [REQ_ID=80a4c61a90ca] [LIFECYCLE][END] status=503 duration_ms=1,540.48 memory_delta=2097152

[1 occurrence(s)]
DEBUG --> [REQ_ID=80a4c61a90ca] [REQUEST][END]

[1 occurrence(s)]
DEBUG --> [REQ_ID=64b7f98c25ce] [FILTER_BEFORE] /index.php/Memberships

[1 occurrence(s)]
DEBUG --> [REQ_ID=64b7f98c25ce] [ROUTE] Controller=\App\Controllers\Home Method=memberships

[1 occurrence(s)]
DEBUG --> [REQ_ID=64b7f98c25ce] [LIFECYCLE][START] GET https://www.mymiwallet.com/index.php/Memberships

[1 occurrence(s)]
DEBUG --> [REQ_ID=da04a998c3ea] [INIT] App\Controllers\Home::GET

[1 occurrence(s)]
DEBUG --> [REQ_ID=da04a998c3ea] [VIEW_RENDER] themes/public/memberships

[1 occurrence(s)]
DEBUG --> [REQ_ID=64b7f98c25ce] [FILTER_AFTER]

[1 occurrence(s)]
DEBUG --> [REQ_ID=64b7f98c25ce] [LIFECYCLE][END] status=200 duration_ms=873.59 memory_delta=4194304

[1 occurrence(s)]
DEBUG --> [REQ_ID=64b7f98c25ce] [REQUEST][END]

[1 occurrence(s)]
DEBUG --> [REQ_ID=dbfb5135a9b6] [REQUEST][START] GET /index.php/Wallets/Purchase/Memberships/Basic

[1 occurrence(s)]
DEBUG --> [REQ_ID=dbfb5135a9b6] [FILTER_BEFORE] /index.php/Wallets/Purchase/Memberships/Basic

[1 occurrence(s)]
DEBUG --> [REQ_ID=dbfb5135a9b6] [ROUTE] Controller=\App\Modules\User\Controllers\WalletsController Method=purchase

[1 occurrence(s)]
DEBUG --> [REQ_ID=dbfb5135a9b6] [LIFECYCLE][START] GET https://www.mymiwallet.com/index.php/Wallets/Purchase/Memberships/Basic

[1 occurrence(s)]
DEBUG --> [REQ_ID=6f3c32a13637] [INIT] App\Modules\User\Controllers\WalletsController::GET

[1 occurrence(s)]
DEBUG --> [REQ_ID=6f3c32a13637] [METHOD_ENTRY] purchase

[1 occurrence(s)]
DEBUG --> [CACHE_HIT] mymiwallet_development_wallets_budget_uid_2_97d170e1550e

[1 occurrence(s)]
DEBUG --> [REQ_ID=6f3c32a13637] [VIEW_RENDER] UserModule\Views\Wallets\Purchase

[1 occurrence(s)]
DEBUG --> Wallets\Purchase L22 - $membership_type: Basic | $promoCode (if exists):

[1 occurrence(s)]
DEBUG --> [REQ_ID=dbfb5135a9b6] [FILTER_AFTER]

[1 occurrence(s)]
DEBUG --> [REQ_ID=dbfb5135a9b6] [LIFECYCLE][END] status=503 duration_ms=702.85 memory_delta=2097152

[1 occurrence(s)]
DEBUG --> [REQ_ID=dbfb5135a9b6] [REQUEST][END]

[1 occurrence(s)]
DEBUG --> [REQ_ID=9744a82dd8c5] [REQUEST][START] GET /index.php/Management/Exchange

[1 occurrence(s)]
DEBUG --> [REQ_ID=9744a82dd8c5] [FILTER_BEFORE] /index.php/Management/Exchange

[1 occurrence(s)]
DEBUG --> [REQ_ID=9744a82dd8c5] [ROUTE] Controller=\App\Modules\Management\Controllers\ExchangeAdminController Method=index

[1 occurrence(s)]
DEBUG --> [REQ_ID=9744a82dd8c5] [LIFECYCLE][START] GET https://www.mymiwallet.com/index.php/Management/Exchange

[1 occurrence(s)]
DEBUG --> [CSRF] token name=csrf_test_name hash=45eaeedaf10d3f2c03de2cf470fc6b4d

[1 occurrence(s)]
DEBUG --> [REQ_ID=9744a82dd8c5] [REQUEST][END]

[1 occurrence(s)]
DEBUG --> [REQ_ID=5f9e602ab1ee] [REQUEST][START] GET /index.php/login

[1 occurrence(s)]
DEBUG --> [REQ_ID=5f9e602ab1ee] [FILTER_BEFORE] /index.php/login

[1 occurrence(s)]
DEBUG --> [REQ_ID=5f9e602ab1ee] [ROUTE] Controller=\App\Controllers\AuthController Method=login

[1 occurrence(s)]
DEBUG --> [REQ_ID=5f9e602ab1ee] [LIFECYCLE][START] GET https://www.mymiwallet.com/index.php/login

[1 occurrence(s)]
DEBUG --> [CSRF] token name=csrf_test_name hash=e6ee43cc47cd77b4d6d7b3184ff693bb

[1 occurrence(s)]
DEBUG --> [REQ_ID=f9b1e9d745af] [INIT] App\Controllers\AuthController::GET

[1 occurrence(s)]
DEBUG --> [REQ_ID=5f9e602ab1ee] [FILTER_AFTER]

[1 occurrence(s)]
DEBUG --> [REQ_ID=5f9e602ab1ee] [LIFECYCLE][END] status=200 duration_ms=27.86 memory_delta=0

[1 occurrence(s)]
DEBUG --> [REQ_ID=5f9e602ab1ee] [REQUEST][END]

[1 occurrence(s)]
DEBUG --> [REQ_ID=cd49cd54557d] [REQUEST][START] GET /index.php/Wallets/Purchase/Memberships/Customize

[1 occurrence(s)]
DEBUG --> [REQ_ID=cd49cd54557d] [FILTER_BEFORE] /index.php/Wallets/Purchase/Memberships/Customize

[1 occurrence(s)]
DEBUG --> [REQ_ID=cd49cd54557d] [ROUTE] Controller=\App\Modules\User\Controllers\WalletsController Method=customizeMembership

[1 occurrence(s)]
DEBUG --> [REQ_ID=cd49cd54557d] [LIFECYCLE][START] GET https://www.mymiwallet.com/index.php/Wallets/Purchase/Memberships/Customize

[1 occurrence(s)]
DEBUG --> [REQ_ID=b4f0ce304433] [INIT] App\Modules\User\Controllers\WalletsController::GET

[1 occurrence(s)]
DEBUG --> [REQ_ID=b4f0ce304433] [METHOD_ENTRY] customizeMembership

[1 occurrence(s)]
DEBUG --> [REQ_ID=9e80bce4e5e6] [REQUEST][START] GET /index.php/logout

[1 occurrence(s)]
DEBUG --> [REQ_ID=9e80bce4e5e6] [FILTER_BEFORE] /index.php/logout

[1 occurrence(s)]
DEBUG --> [REQ_ID=9e80bce4e5e6] [ROUTE] Controller=\App\Controllers\AuthController Method=logout

[1 occurrence(s)]
DEBUG --> [REQ_ID=9e80bce4e5e6] [LIFECYCLE][START] GET https://www.mymiwallet.com/index.php/logout

[1 occurrence(s)]
DEBUG --> [REQ_ID=7b749f4e62da] [INIT] App\Controllers\AuthController::GET

[1 occurrence(s)]
DEBUG --> [REQ_ID=9e80bce4e5e6] [FILTER_AFTER]

[1 occurrence(s)]
DEBUG --> [REQ_ID=9e80bce4e5e6] [LIFECYCLE][END] status=302 duration_ms=177.43 memory_delta=0

[1 occurrence(s)]
DEBUG --> [REQ_ID=9e80bce4e5e6] [REQUEST][END]

[1 occurrence(s)]
DEBUG --> [REQ_ID=caf8ae63885a] [REQUEST][START] GET /index.php/login

[1 occurrence(s)]
DEBUG --> [REQ_ID=caf8ae63885a] [FILTER_BEFORE] /index.php/login

[1 occurrence(s)]
DEBUG --> [REQ_ID=caf8ae63885a] [ROUTE] Controller=\App\Controllers\AuthController Method=login

[1 occurrence(s)]
DEBUG --> [REQ_ID=caf8ae63885a] [LIFECYCLE][START] GET https://www.mymiwallet.com/index.php/login

[1 occurrence(s)]
DEBUG --> [REQ_ID=64308626c793] [INIT] App\Controllers\AuthController::GET

[1 occurrence(s)]
DEBUG --> [REQ_ID=caf8ae63885a] [FILTER_AFTER]

[1 occurrence(s)]
DEBUG --> [REQ_ID=caf8ae63885a] [LIFECYCLE][END] status=200 duration_ms=23.40 memory_delta=0

[1 occurrence(s)]
DEBUG --> [REQ_ID=caf8ae63885a] [REQUEST][END]

[1 occurrence(s)]
DEBUG --> [REQ_ID=734850698e42] [REQUEST][START] POST /index.php/login

[1 occurrence(s)]
DEBUG --> [REQ_ID=734850698e42] [FILTER_BEFORE] /index.php/login

[1 occurrence(s)]
DEBUG --> [REQ_ID=734850698e42] [ROUTE] Controller=\App\Controllers\AuthController Method=attemptLogin

[1 occurrence(s)]
DEBUG --> [REQ_ID=734850698e42] [LIFECYCLE][START] POST https://www.mymiwallet.com/index.php/login

[1 occurrence(s)]
DEBUG --> [REQ_ID=734850698e42] [REQUEST][END]

[1 occurrence(s)]
DEBUG --> [REQ_ID=5e904668958f] [REQUEST][START] GET /index.php/login

[1 occurrence(s)]
DEBUG --> [REQ_ID=5e904668958f] [FILTER_BEFORE] /index.php/login

[1 occurrence(s)]
DEBUG --> [REQ_ID=5e904668958f] [ROUTE] Controller=\App\Controllers\AuthController Method=login

[1 occurrence(s)]
DEBUG --> [REQ_ID=5e904668958f] [LIFECYCLE][START] GET https://www.mymiwallet.com/index.php/login

[1 occurrence(s)]
DEBUG --> [REQ_ID=d000371a6123] [INIT] App\Controllers\AuthController::GET

[1 occurrence(s)]
DEBUG --> [REQ_ID=5e904668958f] [FILTER_AFTER]

[1 occurrence(s)]
DEBUG --> [REQ_ID=5e904668958f] [LIFECYCLE][END] status=200 duration_ms=38.68 memory_delta=0

[1 occurrence(s)]
DEBUG --> [REQ_ID=5e904668958f] [REQUEST][END]

[1 occurrence(s)]
DEBUG --> [REQ_ID=851613a045ac] [REQUEST][START] POST /index.php/login

[1 occurrence(s)]
DEBUG --> [REQ_ID=851613a045ac] [FILTER_BEFORE] /index.php/login

[1 occurrence(s)]
DEBUG --> [REQ_ID=851613a045ac] [ROUTE] Controller=\App\Controllers\AuthController Method=attemptLogin

[1 occurrence(s)]
DEBUG --> [REQ_ID=851613a045ac] [LIFECYCLE][START] POST https://www.mymiwallet.com/index.php/login

[1 occurrence(s)]
DEBUG --> [REQ_ID=8b305957ec49] [INIT] App\Controllers\AuthController::POST

[2 occurrence(s)]
DEBUG --> Auth attemptLogin() called. redirect_url in session: none

[1 occurrence(s)]
DEBUG --> [REQ_ID=851613a045ac] [FILTER_AFTER]

[1 occurrence(s)]
DEBUG --> [REQ_ID=851613a045ac] [LIFECYCLE][END] status=303 duration_ms=146.01 memory_delta=0

[1 occurrence(s)]
DEBUG --> [REQ_ID=851613a045ac] [REQUEST][END]

[1 occurrence(s)]
DEBUG --> [REQ_ID=bff9342febb0] [REQUEST][START] GET /index.php/Dashboard

[1 occurrence(s)]
DEBUG --> [REQ_ID=bff9342febb0] [FILTER_BEFORE] /index.php/Dashboard

[1 occurrence(s)]
DEBUG --> [REQ_ID=bff9342febb0] [ROUTE] Controller=\App\Modules\User\Controllers\DashboardController Method=index

[1 occurrence(s)]
DEBUG --> [REQ_ID=bff9342febb0] [LIFECYCLE][START] GET https://www.mymiwallet.com/index.php/Dashboard

[1 occurrence(s)]
DEBUG --> [REQ_ID=b1ddff48a63d] [INIT] App\Modules\User\Controllers\DashboardController::GET

[1 occurrence(s)]
DEBUG --> [REQ_ID=b1ddff48a63d] [METHOD_ENTRY] index

[1 occurrence(s)]
DEBUG --> [REQ_ID=57a556c27eb2] [REQUEST][START] GET /index.php/API/Investments/getForecastHighlights

[1 occurrence(s)]
DEBUG --> [REQ_ID=b1ddff48a63d] [VIEW_RENDER] User/Dashboard/index

[1 occurrence(s)]
DEBUG --> [REQ_ID=bff9342febb0] [FILTER_AFTER]

[1 occurrence(s)]
DEBUG --> [REQ_ID=bff9342febb0] [LIFECYCLE][END] status=200 duration_ms=543.36 memory_delta=2097152

[1 occurrence(s)]
DEBUG --> [REQ_ID=bff9342febb0] [REQUEST][END]

[1 occurrence(s)]
DEBUG --> [REQ_ID=57a556c27eb2] [FILTER_BEFORE] /index.php/API/Investments/getForecastHighlights

[1 occurrence(s)]
DEBUG --> [REQ_ID=57a556c27eb2] [ROUTE] Controller=\App\Modules\APIs\Controllers\InvestmentsAPIController Method=getForecastHighlights

[1 occurrence(s)]
DEBUG --> [REQ_ID=57a556c27eb2] [LIFECYCLE][START] GET https://www.mymiwallet.com/index.php/API/Investments/getForecastHighlights

[1 occurrence(s)]
DEBUG --> [REQ_ID=d2b3b8567dc5] [INIT] App\Modules\APIs\Controllers\InvestmentsAPIController::GET

[1 occurrence(s)]
DEBUG --> [REQ_ID=57a556c27eb2] [FILTER_AFTER]

[1 occurrence(s)]
DEBUG --> [REQ_ID=57a556c27eb2] [LIFECYCLE][END] status=200 duration_ms=453.04 memory_delta=0

[1 occurrence(s)]
DEBUG --> [REQ_ID=57a556c27eb2] [REQUEST][END]

[1 occurrence(s)]
DEBUG --> [REQ_ID=95579457b0e3] [REQUEST][START] GET /index.php/API/Investments/getForecastHighlights

[1 occurrence(s)]
DEBUG --> [REQ_ID=95579457b0e3] [FILTER_BEFORE] /index.php/API/Investments/getForecastHighlights

[1 occurrence(s)]
DEBUG --> [REQ_ID=95579457b0e3] [ROUTE] Controller=\App\Modules\APIs\Controllers\InvestmentsAPIController Method=getForecastHighlights

[1 occurrence(s)]
DEBUG --> [REQ_ID=95579457b0e3] [LIFECYCLE][START] GET https://www.mymiwallet.com/index.php/API/Investments/getForecastHighlights

[1 occurrence(s)]
DEBUG --> [REQ_ID=939dabef897e] [INIT] App\Modules\APIs\Controllers\InvestmentsAPIController::GET

[1 occurrence(s)]
DEBUG --> [REQ_ID=95579457b0e3] [FILTER_AFTER]

[1 occurrence(s)]
DEBUG --> [REQ_ID=95579457b0e3] [LIFECYCLE][END] status=200 duration_ms=16.01 memory_delta=0

[1 occurrence(s)]
DEBUG --> [REQ_ID=95579457b0e3] [REQUEST][END]

[1 occurrence(s)]
DEBUG --> [REQ_ID=624d39ea5c5c] [REQUEST][START] GET /index.php/API/Investments/getForecastAccuracySummary?window=7d

[1 occurrence(s)]
DEBUG --> [REQ_ID=6bdc5e19db8a] [REQUEST][START] GET /index.php/API/Investments/getConfidenceHeatmap?timeframe=5m&window=60

[1 occurrence(s)]
DEBUG --> [REQ_ID=624d39ea5c5c] [FILTER_BEFORE] /index.php/API/Investments/getForecastAccuracySummary?window=7d

[1 occurrence(s)]
DEBUG --> [REQ_ID=624d39ea5c5c] [ROUTE] Controller=\App\Modules\APIs\Controllers\InvestmentsAPIController Method=getForecastAccuracySummary

[1 occurrence(s)]
DEBUG --> [REQ_ID=624d39ea5c5c] [LIFECYCLE][START] GET https://www.mymiwallet.com/index.php/API/Investments/getForecastAccuracySummary?window=7d

[1 occurrence(s)]
DEBUG --> [REQ_ID=ddf1a4117bac] [INIT] App\Modules\APIs\Controllers\InvestmentsAPIController::GET

[1 occurrence(s)]
DEBUG --> [REQ_ID=624d39ea5c5c] [FILTER_AFTER]

[1 occurrence(s)]
DEBUG --> [REQ_ID=624d39ea5c5c] [LIFECYCLE][END] status=302 duration_ms=40.66 memory_delta=0

[1 occurrence(s)]
DEBUG --> [REQ_ID=624d39ea5c5c] [REQUEST][END]

[1 occurrence(s)]
DEBUG --> [REQ_ID=6bdc5e19db8a] [FILTER_BEFORE] /index.php/API/Investments/getConfidenceHeatmap?timeframe=5m&window=60

[1 occurrence(s)]
DEBUG --> [REQ_ID=6bdc5e19db8a] [ROUTE] Controller=\App\Modules\APIs\Controllers\InvestmentsAPIController Method=getConfidenceHeatmap

[1 occurrence(s)]
DEBUG --> [REQ_ID=6bdc5e19db8a] [LIFECYCLE][START] GET https://www.mymiwallet.com/index.php/API/Investments/getConfidenceHeatmap?timeframe=5m&window=60

[1 occurrence(s)]
DEBUG --> [REQ_ID=f75bcac58904] [INIT] App\Modules\APIs\Controllers\InvestmentsAPIController::GET

[1 occurrence(s)]
DEBUG --> [REQ_ID=737bdd4d3728] [REQUEST][START] GET /index.php/ops/health

[1 occurrence(s)]
DEBUG --> [REQ_ID=6bdc5e19db8a] [FILTER_AFTER]

[1 occurrence(s)]
DEBUG --> [REQ_ID=6bdc5e19db8a] [LIFECYCLE][END] status=302 duration_ms=49.14 memory_delta=0

[1 occurrence(s)]
DEBUG --> [REQ_ID=6bdc5e19db8a] [REQUEST][END]

[1 occurrence(s)]
DEBUG --> [REQ_ID=dd71ac851da6] [REQUEST][START] GET /index.php/API/Investments/getConfidenceHeatmap?timeframe=all&window=6h

[1 occurrence(s)]
DEBUG --> [REQ_ID=737bdd4d3728] [FILTER_BEFORE] /index.php/ops/health

[1 occurrence(s)]
DEBUG --> [REQ_ID=737bdd4d3728] [ROUTE] Controller=\App\Controllers\OpsHealthController Method=index

[1 occurrence(s)]
DEBUG --> [REQ_ID=737bdd4d3728] [LIFECYCLE][START] GET https://www.mymiwallet.com/index.php/ops/health

[1 occurrence(s)]
DEBUG --> [REQ_ID=4496a82c9cf0] [INIT] App\Controllers\OpsHealthController::GET

[1 occurrence(s)]
DEBUG --> [REQ_ID=4496a82c9cf0] [METHOD_ENTRY] index

[1 occurrence(s)]
DEBUG --> [REQ_ID=737bdd4d3728] [FILTER_AFTER]

[1 occurrence(s)]
DEBUG --> [REQ_ID=737bdd4d3728] [LIFECYCLE][END] status=404 duration_ms=23.72 memory_delta=0

[1 occurrence(s)]
DEBUG --> [REQ_ID=737bdd4d3728] [REQUEST][END]

[1 occurrence(s)]
DEBUG --> [REQ_ID=dd71ac851da6] [FILTER_BEFORE] /index.php/API/Investments/getConfidenceHeatmap?timeframe=all&window=6h

[1 occurrence(s)]
DEBUG --> [REQ_ID=dd71ac851da6] [ROUTE] Controller=\App\Modules\APIs\Controllers\InvestmentsAPIController Method=getConfidenceHeatmap

[1 occurrence(s)]
DEBUG --> [REQ_ID=dd71ac851da6] [LIFECYCLE][START] GET https://www.mymiwallet.com/index.php/API/Investments/getConfidenceHeatmap?timeframe=all&window=6h

[1 occurrence(s)]
DEBUG --> [REQ_ID=01c4503d9f38] [INIT] App\Modules\APIs\Controllers\InvestmentsAPIController::GET

[1 occurrence(s)]
DEBUG --> [REQ_ID=dd71ac851da6] [FILTER_AFTER]

[1 occurrence(s)]
DEBUG --> [REQ_ID=dd71ac851da6] [LIFECYCLE][END] status=302 duration_ms=146.21 memory_delta=2097152

[1 occurrence(s)]
DEBUG --> [REQ_ID=dd71ac851da6] [REQUEST][END]

[1 occurrence(s)]
DEBUG --> [REQ_ID=036383385f57] [REQUEST][START] GET /index.php/Memberships

[1 occurrence(s)]
DEBUG --> [REQ_ID=036383385f57] [FILTER_BEFORE] /index.php/Memberships

[1 occurrence(s)]
DEBUG --> [REQ_ID=036383385f57] [ROUTE] Controller=\App\Controllers\Home Method=memberships

[1 occurrence(s)]
DEBUG --> [REQ_ID=036383385f57] [LIFECYCLE][START] GET https://www.mymiwallet.com/index.php/Memberships

[1 occurrence(s)]
DEBUG --> [REQ_ID=356ef3323d99] [INIT] App\Controllers\Home::GET

[1 occurrence(s)]
DEBUG --> [REQ_ID=356ef3323d99] [VIEW_RENDER] themes/public/memberships

[1 occurrence(s)]
DEBUG --> [REQ_ID=036383385f57] [FILTER_AFTER]

[1 occurrence(s)]
DEBUG --> [REQ_ID=036383385f57] [LIFECYCLE][END] status=200 duration_ms=608.48 memory_delta=2097152

[1 occurrence(s)]
DEBUG --> [REQ_ID=036383385f57] [REQUEST][END]

[1 occurrence(s)]
DEBUG --> [REQ_ID=4f3923f1a8ab] [REQUEST][START] GET /index.php/Memberships

[1 occurrence(s)]
DEBUG --> [REQ_ID=aec5ed33b7c5] [REQUEST][START] GET /index.php/Memberships

[1 occurrence(s)]
DEBUG --> [REQ_ID=4f3923f1a8ab] [FILTER_BEFORE] /index.php/Memberships

[1 occurrence(s)]
DEBUG --> [REQ_ID=4f3923f1a8ab] [ROUTE] Controller=\App\Controllers\Home Method=memberships

[1 occurrence(s)]
DEBUG --> [REQ_ID=4f3923f1a8ab] [LIFECYCLE][START] GET https://www.mymiwallet.com/index.php/Memberships

[1 occurrence(s)]
DEBUG --> [REQ_ID=69d539eba763] [INIT] App\Controllers\Home::GET

[1 occurrence(s)]
DEBUG --> [REQ_ID=3fab21c3a9d8] [REQUEST][START] GET /index.php/Budget

[1 occurrence(s)]
DEBUG --> [REQ_ID=69d539eba763] [VIEW_RENDER] themes/public/memberships

[1 occurrence(s)]
DEBUG --> [REQ_ID=4f3923f1a8ab] [FILTER_AFTER]

[1 occurrence(s)]
DEBUG --> [REQ_ID=4f3923f1a8ab] [LIFECYCLE][END] status=200 duration_ms=649.14 memory_delta=2097152

[1 occurrence(s)]
DEBUG --> [REQ_ID=4f3923f1a8ab] [REQUEST][END]

[1 occurrence(s)]
DEBUG --> [REQ_ID=aec5ed33b7c5] [FILTER_BEFORE] /index.php/Memberships

[1 occurrence(s)]
DEBUG --> [REQ_ID=aec5ed33b7c5] [ROUTE] Controller=\App\Controllers\Home Method=memberships

[1 occurrence(s)]
DEBUG --> [REQ_ID=aec5ed33b7c5] [LIFECYCLE][START] GET https://www.mymiwallet.com/index.php/Memberships

[1 occurrence(s)]
DEBUG --> [REQ_ID=eafe6d9fc7ff] [INIT] App\Controllers\Home::GET

[1 occurrence(s)]
DEBUG --> [REQ_ID=2f15c413116f] [REQUEST][START] GET /index.php/API/Budget/getUserBudgetRecords

[1 occurrence(s)]
DEBUG --> [REQ_ID=eafe6d9fc7ff] [VIEW_RENDER] themes/public/memberships

[1 occurrence(s)]
DEBUG --> [REQ_ID=aec5ed33b7c5] [FILTER_AFTER]

[1 occurrence(s)]
DEBUG --> [REQ_ID=aec5ed33b7c5] [LIFECYCLE][END] status=200 duration_ms=922.44 memory_delta=4194304

[1 occurrence(s)]
DEBUG --> [REQ_ID=aec5ed33b7c5] [REQUEST][END]

[1 occurrence(s)]
DEBUG --> [REQ_ID=3fab21c3a9d8] [FILTER_BEFORE] /index.php/Budget

[1 occurrence(s)]
DEBUG --> [REQ_ID=3fab21c3a9d8] [ROUTE] Controller=\App\Modules\User\Controllers\BudgetController Method=index

[1 occurrence(s)]
DEBUG --> [REQ_ID=3fab21c3a9d8] [LIFECYCLE][START] GET https://www.mymiwallet.com/index.php/Budget

[1 occurrence(s)]
DEBUG --> [REQ_ID=ac71c01df5fa] [INIT] App\Modules\User\Controllers\BudgetController::GET

[1 occurrence(s)]
DEBUG --> [REQ_ID=ac71c01df5fa] [METHOD_ENTRY] index

[2 occurrence(s)]
DEBUG --> BudgetController::commonData snapshot: {"cuID":2,"cuEmail":"admin@timothyburks.com","totalAccountBalance":0,"nonce":{"script":"nonce=\"6be0e1d41d6c81749ed44923d9714b43\"","style":"nonce=\"6be0e1d41d6c81749ed44923d9714b43\""}}

[1 occurrence(s)]
DEBUG --> [REQ_ID=ac71c01df5fa] [VIEW_RENDER] App\Modules\User\Views\Budget\index

[1 occurrence(s)]
DEBUG --> [REQ_ID=3fab21c3a9d8] [FILTER_AFTER]

[1 occurrence(s)]
DEBUG --> [REQ_ID=3fab21c3a9d8] [LIFECYCLE][END] status=200 duration_ms=97.63 memory_delta=0

[1 occurrence(s)]
DEBUG --> [REQ_ID=3fab21c3a9d8] [REQUEST][END]

[1 occurrence(s)]
DEBUG --> [REQ_ID=2f15c413116f] [FILTER_BEFORE] /index.php/API/Budget/getUserBudgetRecords

[1 occurrence(s)]
DEBUG --> [REQ_ID=2f15c413116f] [ROUTE] Controller=\App\Modules\APIs\Controllers\BudgetAPIController Method=getUserBudgetRecords

[1 occurrence(s)]
DEBUG --> [REQ_ID=2f15c413116f] [LIFECYCLE][START] GET https://www.mymiwallet.com/index.php/API/Budget/getUserBudgetRecords

[1 occurrence(s)]
DEBUG --> [REQ_ID=3a4aab408a46] [INIT] App\Modules\APIs\Controllers\BudgetAPIController::GET

[1 occurrence(s)]
DEBUG --> [REQ_ID=8cc3bf4c87a7] [REQUEST][START] GET /index.php/API/Budget/getUserCreditBalances

[1 occurrence(s)]
DEBUG --> [REQ_ID=d95eb519129b] [REQUEST][START] GET /index.php/API/Budget/getUserAvailableBalances

[1 occurrence(s)]
DEBUG --> [REQ_ID=115806c1f881] [REQUEST][START] GET /index.php/API/Budget/getUserRepaymentSummary

[1 occurrence(s)]
DEBUG --> [REQ_ID=8cc3bf4c87a7] [FILTER_BEFORE] /index.php/API/Budget/getUserCreditBalances

[1 occurrence(s)]
DEBUG --> [REQ_ID=8cc3bf4c87a7] [ROUTE] Controller=\App\Modules\APIs\Controllers\BudgetAPIController Method=getUserCreditBalances

[1 occurrence(s)]
DEBUG --> [REQ_ID=8cc3bf4c87a7] [LIFECYCLE][START] GET https://www.mymiwallet.com/index.php/API/Budget/getUserCreditBalances

[1 occurrence(s)]
DEBUG --> [REQ_ID=d833f72c63b0] [INIT] App\Modules\APIs\Controllers\BudgetAPIController::GET

[1 occurrence(s)]
DEBUG --> [REQ_ID=d95eb519129b] [FILTER_BEFORE] /index.php/API/Budget/getUserAvailableBalances

[1 occurrence(s)]
DEBUG --> [REQ_ID=d95eb519129b] [ROUTE] Controller=\App\Modules\APIs\Controllers\BudgetAPIController Method=getUserAvailableBalances

[1 occurrence(s)]
DEBUG --> [REQ_ID=d95eb519129b] [LIFECYCLE][START] GET https://www.mymiwallet.com/index.php/API/Budget/getUserAvailableBalances

[1 occurrence(s)]
DEBUG --> [REQ_ID=f1ca133bacea] [INIT] App\Modules\APIs\Controllers\BudgetAPIController::GET

[1 occurrence(s)]
DEBUG --> [REQ_ID=115806c1f881] [FILTER_BEFORE] /index.php/API/Budget/getUserRepaymentSummary

[1 occurrence(s)]
DEBUG --> [REQ_ID=115806c1f881] [ROUTE] Controller=\App\Modules\APIs\Controllers\BudgetAPIController Method=getUserRepaymentSummary

[1 occurrence(s)]
DEBUG --> [REQ_ID=115806c1f881] [LIFECYCLE][START] GET https://www.mymiwallet.com/index.php/API/Budget/getUserRepaymentSummary

[1 occurrence(s)]
DEBUG --> [REQ_ID=f25d022ec5ee] [INIT] App\Modules\APIs\Controllers\BudgetAPIController::GET

[1 occurrence(s)]
DEBUG --> [REQ_ID=e56331194808] [REQUEST][START] GET /index.php/Investments

[1 occurrence(s)]
DEBUG --> [REQ_ID=e56331194808] [FILTER_BEFORE] /index.php/Investments

[1 occurrence(s)]
DEBUG --> [REQ_ID=e56331194808] [ROUTE] Controller=\App\Modules\User\Controllers\InvestmentsController Method=index

[1 occurrence(s)]
DEBUG --> [REQ_ID=e56331194808] [LIFECYCLE][START] GET https://www.mymiwallet.com/index.php/Investments

[1 occurrence(s)]
DEBUG --> [REQ_ID=a51dbb1e691c] [INIT] App\Modules\User\Controllers\InvestmentsController::GET

[1 occurrence(s)]
DEBUG --> [REQ_ID=a51dbb1e691c] [METHOD_ENTRY] index

[1 occurrence(s)]
DEBUG --> [REQ_ID=e32012684a6c] [REQUEST][START] GET /index.php/API/Investments/GetUserWatchlist/2

[1 occurrence(s)]
DEBUG --> [REQ_ID=79a7469ac736] [REQUEST][START] GET /index.php/Wallets

[1 occurrence(s)]
DEBUG --> [REQ_ID=a51dbb1e691c] [VIEW_RENDER] App\Modules\User\Views\Investments\index

[1 occurrence(s)]
DEBUG --> [REQ_ID=e56331194808] [FILTER_AFTER]

[1 occurrence(s)]
DEBUG --> [REQ_ID=e56331194808] [LIFECYCLE][END] status=200 duration_ms=3,042.06 memory_delta=2097152

[1 occurrence(s)]
DEBUG --> [REQ_ID=e56331194808] [REQUEST][END]

[1 occurrence(s)]
DEBUG --> [REQ_ID=e32012684a6c] [FILTER_BEFORE] /index.php/API/Investments/GetUserWatchlist/2

[1 occurrence(s)]
DEBUG --> [REQ_ID=e32012684a6c] [ROUTE] Controller=\App\Modules\User\Controllers\InvestmentsController Method=getUserWatchlist

[1 occurrence(s)]
DEBUG --> [REQ_ID=e32012684a6c] [LIFECYCLE][START] GET https://www.mymiwallet.com/index.php/API/Investments/GetUserWatchlist/2

[1 occurrence(s)]
DEBUG --> [REQ_ID=228869c9fd1d] [INIT] App\Modules\User\Controllers\InvestmentsController::GET

[1 occurrence(s)]
DEBUG --> [REQ_ID=228869c9fd1d] [METHOD_ENTRY] getUserWatchlist

[1 occurrence(s)]
DEBUG --> [REQ_ID=e32012684a6c] [FILTER_AFTER]

[1 occurrence(s)]
DEBUG --> [REQ_ID=e32012684a6c] [LIFECYCLE][END] status=302 duration_ms=376.16 memory_delta=0

[1 occurrence(s)]
DEBUG --> [REQ_ID=e32012684a6c] [REQUEST][END]

[1 occurrence(s)]
DEBUG --> [REQ_ID=79a7469ac736] [FILTER_BEFORE] /index.php/Wallets

[1 occurrence(s)]
DEBUG --> [REQ_ID=79a7469ac736] [ROUTE] Controller=\App\Modules\User\Controllers\WalletsController Method=index

[1 occurrence(s)]
DEBUG --> [REQ_ID=79a7469ac736] [LIFECYCLE][START] GET https://www.mymiwallet.com/index.php/Wallets

[1 occurrence(s)]
DEBUG --> [REQ_ID=43335ffc177b] [INIT] App\Modules\User\Controllers\WalletsController::GET

[1 occurrence(s)]
DEBUG --> [REQ_ID=2c861bf07418] [REQUEST][START] GET /index.php/Memberships

[1 occurrence(s)]
DEBUG --> [REQ_ID=43335ffc177b] [METHOD_ENTRY] index

[1 occurrence(s)]
DEBUG --> [REQ_ID=79a7469ac736] [FILTER_AFTER]

[1 occurrence(s)]
DEBUG --> [REQ_ID=79a7469ac736] [LIFECYCLE][END] status=503 duration_ms=146.60 memory_delta=2097152

[1 occurrence(s)]
DEBUG --> [REQ_ID=79a7469ac736] [REQUEST][END]

[1 occurrence(s)]
DEBUG --> [REQ_ID=2c861bf07418] [FILTER_BEFORE] /index.php/Memberships

[1 occurrence(s)]
DEBUG --> [REQ_ID=2c861bf07418] [ROUTE] Controller=\App\Controllers\Home Method=memberships

[1 occurrence(s)]
DEBUG --> [REQ_ID=2c861bf07418] [LIFECYCLE][START] GET https://www.mymiwallet.com/index.php/Memberships

[1 occurrence(s)]
DEBUG --> [REQ_ID=16fcd73c5488] [INIT] App\Controllers\Home::GET

[1 occurrence(s)]
DEBUG --> [REQ_ID=16fcd73c5488] [VIEW_RENDER] themes/public/memberships

[1 occurrence(s)]
DEBUG --> [REQ_ID=2c861bf07418] [FILTER_AFTER]

[1 occurrence(s)]
DEBUG --> [REQ_ID=2c861bf07418] [LIFECYCLE][END] status=200 duration_ms=722.21 memory_delta=4194304

[1 occurrence(s)]
DEBUG --> [REQ_ID=2c861bf07418] [REQUEST][END]

[1 occurrence(s)]
DEBUG --> [REQ_ID=fa6946708e37] [REQUEST][START] GET /index.php/Budget/Add/Income

[1 occurrence(s)]
DEBUG --> [REQ_ID=fa6946708e37] [FILTER_BEFORE] /index.php/Budget/Add/Income

[1 occurrence(s)]
DEBUG --> [REQ_ID=fa6946708e37] [ROUTE] Controller=\App\Modules\User\Controllers\BudgetController Method=add

[1 occurrence(s)]
DEBUG --> [REQ_ID=fa6946708e37] [LIFECYCLE][START] GET https://www.mymiwallet.com/index.php/Budget/Add/Income

[1 occurrence(s)]
DEBUG --> [REQ_ID=78011539f4d4] [INIT] App\Modules\User\Controllers\BudgetController::GET

[1 occurrence(s)]
DEBUG --> [REQ_ID=78011539f4d4] [METHOD_ENTRY] add

[1 occurrence(s)]
DEBUG --> [BudgetController::METHOD_ENTRY] add

[2 occurrence(s)]
DEBUG --> BudgetController::commonData snapshot: {"cuID":2,"cuEmail":"admin@timothyburks.com","totalAccountBalance":0,"nonce":{"script":"nonce=\"120119a03d209f8a81ac6d2dab1d6ef6\"","style":"nonce=\"120119a03d209f8a81ac6d2dab1d6ef6\""}}

[1 occurrence(s)]
DEBUG --> [REQ_ID=78011539f4d4] [VIEW_RENDER] App\Modules\User\Views\Budget\Add

[1 occurrence(s)]
DEBUG --> [REQ_ID=fa6946708e37] [FILTER_AFTER]

[1 occurrence(s)]
DEBUG --> [REQ_ID=fa6946708e37] [LIFECYCLE][END] status=200 duration_ms=45.94 memory_delta=0

[1 occurrence(s)]
DEBUG --> [REQ_ID=fa6946708e37] [REQUEST][END]

[1 occurrence(s)]
DEBUG --> [REQ_ID=0f467f857f65] [REQUEST][START] GET /index.php/Budget

[1 occurrence(s)]
DEBUG --> [REQ_ID=0f467f857f65] [FILTER_BEFORE] /index.php/Budget

[1 occurrence(s)]
DEBUG --> [REQ_ID=0f467f857f65] [ROUTE] Controller=\App\Modules\User\Controllers\BudgetController Method=index

[1 occurrence(s)]
DEBUG --> [REQ_ID=0f467f857f65] [LIFECYCLE][START] GET https://www.mymiwallet.com/index.php/Budget

[1 occurrence(s)]
DEBUG --> [REQ_ID=537adb8d1ce5] [INIT] App\Modules\User\Controllers\BudgetController::GET

[1 occurrence(s)]
DEBUG --> [REQ_ID=537adb8d1ce5] [METHOD_ENTRY] index

[2 occurrence(s)]
DEBUG --> BudgetController::commonData snapshot: {"cuID":2,"cuEmail":"admin@timothyburks.com","totalAccountBalance":0,"nonce":{"script":"nonce=\"295c1ec838031e0cbd3fa4bcb83ab845\"","style":"nonce=\"295c1ec838031e0cbd3fa4bcb83ab845\""}}

[1 occurrence(s)]
DEBUG --> [REQ_ID=537adb8d1ce5] [VIEW_RENDER] App\Modules\User\Views\Budget\index

[1 occurrence(s)]
DEBUG --> [REQ_ID=0f467f857f65] [FILTER_AFTER]

[1 occurrence(s)]
DEBUG --> [REQ_ID=0f467f857f65] [LIFECYCLE][END] status=200 duration_ms=252.23 memory_delta=0

[1 occurrence(s)]
DEBUG --> [REQ_ID=0f467f857f65] [REQUEST][END]

[1 occurrence(s)]
DEBUG --> [REQ_ID=b1e0533f989d] [REQUEST][START] GET /index.php/API/Budget/getUserAvailableBalances

[1 occurrence(s)]
DEBUG --> [REQ_ID=78a9ba3f6712] [REQUEST][START] GET /index.php/API/Budget/getUserCreditBalances

[1 occurrence(s)]
DEBUG --> [REQ_ID=3b77aa6f7cd7] [REQUEST][START] GET /index.php/API/Budget/getUserBudgetRecords

[1 occurrence(s)]
DEBUG --> [REQ_ID=2b1c0c78f4f1] [REQUEST][START] GET /index.php/API/Budget/getUserRepaymentSummary

[1 occurrence(s)]
DEBUG --> [REQ_ID=b1e0533f989d] [FILTER_BEFORE] /index.php/API/Budget/getUserAvailableBalances

[1 occurrence(s)]
DEBUG --> [REQ_ID=b1e0533f989d] [ROUTE] Controller=\App\Modules\APIs\Controllers\BudgetAPIController Method=getUserAvailableBalances

[1 occurrence(s)]
DEBUG --> [REQ_ID=b1e0533f989d] [LIFECYCLE][START] GET https://www.mymiwallet.com/index.php/API/Budget/getUserAvailableBalances

[1 occurrence(s)]
DEBUG --> [REQ_ID=a8860f749eed] [INIT] App\Modules\APIs\Controllers\BudgetAPIController::GET

[1 occurrence(s)]
DEBUG --> [REQ_ID=78a9ba3f6712] [FILTER_BEFORE] /index.php/API/Budget/getUserCreditBalances

[1 occurrence(s)]
DEBUG --> [REQ_ID=78a9ba3f6712] [ROUTE] Controller=\App\Modules\APIs\Controllers\BudgetAPIController Method=getUserCreditBalances

[1 occurrence(s)]
DEBUG --> [REQ_ID=78a9ba3f6712] [LIFECYCLE][START] GET https://www.mymiwallet.com/index.php/API/Budget/getUserCreditBalances

[1 occurrence(s)]
DEBUG --> [REQ_ID=1b3d22ccbe13] [INIT] App\Modules\APIs\Controllers\BudgetAPIController::GET

[1 occurrence(s)]
DEBUG --> [REQ_ID=3b77aa6f7cd7] [FILTER_BEFORE] /index.php/API/Budget/getUserBudgetRecords

[1 occurrence(s)]
DEBUG --> [REQ_ID=3b77aa6f7cd7] [ROUTE] Controller=\App\Modules\APIs\Controllers\BudgetAPIController Method=getUserBudgetRecords

[1 occurrence(s)]
DEBUG --> [REQ_ID=3b77aa6f7cd7] [LIFECYCLE][START] GET https://www.mymiwallet.com/index.php/API/Budget/getUserBudgetRecords

[1 occurrence(s)]
DEBUG --> [REQ_ID=e7cbe6d7ea25] [INIT] App\Modules\APIs\Controllers\BudgetAPIController::GET

[1 occurrence(s)]
DEBUG --> [REQ_ID=2b1c0c78f4f1] [FILTER_BEFORE] /index.php/API/Budget/getUserRepaymentSummary

[1 occurrence(s)]
DEBUG --> [REQ_ID=2b1c0c78f4f1] [ROUTE] Controller=\App\Modules\APIs\Controllers\BudgetAPIController Method=getUserRepaymentSummary

[1 occurrence(s)]
DEBUG --> [REQ_ID=2b1c0c78f4f1] [LIFECYCLE][START] GET https://www.mymiwallet.com/index.php/API/Budget/getUserRepaymentSummary

[1 occurrence(s)]
DEBUG --> [REQ_ID=1282f3f0fef0] [INIT] App\Modules\APIs\Controllers\BudgetAPIController::GET

[1 occurrence(s)]
DEBUG --> [REQ_ID=7a79903e40f8] [REQUEST][START] GET /

[1 occurrence(s)]
DEBUG --> [REQ_ID=7a79903e40f8] [FILTER_BEFORE] /

[1 occurrence(s)]
DEBUG --> [REQ_ID=7a79903e40f8] [ROUTE] Controller=\App\Controllers\Home Method=index

[1 occurrence(s)]
DEBUG --> [REQ_ID=7a79903e40f8] [LIFECYCLE][START] GET https://www.mymiwallet.com/index.php/

[22 occurrence(s)]
DEBUG --> [CSRF] token name=csrf_test_name hash=71037c58f643863740a3dbef030abd6a

[1 occurrence(s)]
DEBUG --> [REQ_ID=fb5ba13ccd88] [INIT] App\Controllers\Home::GET

[1 occurrence(s)]
DEBUG --> [REQ_ID=fb5ba13ccd88] [VIEW_RENDER] themes/public/home

[1 occurrence(s)]
DEBUG --> [REQ_ID=7a79903e40f8] [FILTER_AFTER]

[1 occurrence(s)]
DEBUG --> [REQ_ID=7a79903e40f8] [LIFECYCLE][END] status=200 duration_ms=771.04 memory_delta=4194304

[1 occurrence(s)]
DEBUG --> [REQ_ID=7a79903e40f8] [REQUEST][END]

[1 occurrence(s)]
DEBUG --> [REQ_ID=8e10075c80f3] [REQUEST][START] GET /index.php/API/Management/Run-CRON-Tasks

[1 occurrence(s)]
DEBUG --> [REQ_ID=8e10075c80f3] [FILTER_BEFORE] /index.php/API/Management/Run-CRON-Tasks

[1 occurrence(s)]
DEBUG --> [REQ_ID=8e10075c80f3] [ROUTE] Controller=\App\Modules\Management\Controllers\ManagementAPIController Method=Run_CRON_Tasks

[1 occurrence(s)]
DEBUG --> [REQ_ID=8e10075c80f3] [LIFECYCLE][START] GET https://www.mymiwallet.com/index.php/API/Management/Run-CRON-Tasks

[1 occurrence(s)]
DEBUG --> [REQ_ID=8e10075c80f3] [REQUEST][END]

[1 occurrence(s)]
DEBUG --> [REQ_ID=dadf0fdc3366] [REQUEST][START] HEAD /

[1 occurrence(s)]
DEBUG --> [REQ_ID=a3daa78c5747] [REQUEST][START] POST /index.php/register

[1 occurrence(s)]
DEBUG --> [REQ_ID=a3daa78c5747] [FILTER_BEFORE] /index.php/register

[1 occurrence(s)]
DEBUG --> [REQ_ID=a3daa78c5747] [ROUTE] Controller=\App\Controllers\AuthController Method=attemptRegister

[1 occurrence(s)]
DEBUG --> [REQ_ID=a3daa78c5747] [LIFECYCLE][START] POST https://www.mymiwallet.com/index.php/register

[1 occurrence(s)]
DEBUG --> [REQ_ID=1520be5b79ba] [INIT] App\Controllers\AuthController::POST

[1 occurrence(s)]
DEBUG --> [REQ_ID=a3daa78c5747] [FILTER_AFTER]

[1 occurrence(s)]
DEBUG --> [REQ_ID=a3daa78c5747] [LIFECYCLE][END] status=303 duration_ms=1,278.52 memory_delta=0

[1 occurrence(s)]
DEBUG --> [REQ_ID=a3daa78c5747] [REQUEST][END]

[1 occurrence(s)]
DEBUG --> [REQ_ID=4e7c031ecfbc] [REQUEST][START] GET /index.php/register/success

[1 occurrence(s)]
DEBUG --> [REQ_ID=4e7c031ecfbc] [FILTER_BEFORE] /index.php/register/success

[1 occurrence(s)]
DEBUG --> [REQ_ID=4e7c031ecfbc] [ROUTE] Controller=\App\Controllers\AuthController Method=registerSuccess

[1 occurrence(s)]
DEBUG --> [REQ_ID=4e7c031ecfbc] [LIFECYCLE][START] GET https://www.mymiwallet.com/index.php/register/success

[1 occurrence(s)]
DEBUG --> [REQ_ID=d8f7151bbfe8] [INIT] App\Controllers\AuthController::GET

[1 occurrence(s)]
DEBUG --> [REQ_ID=24d640e0993a] [REQUEST][START] GET /

[1 occurrence(s)]
DEBUG --> [REQ_ID=24d640e0993a] [FILTER_BEFORE] /

[1 occurrence(s)]
DEBUG --> [REQ_ID=24d640e0993a] [ROUTE] Controller=\App\Controllers\Home Method=index

[1 occurrence(s)]
DEBUG --> [REQ_ID=24d640e0993a] [LIFECYCLE][START] GET https://www.mymiwallet.com/index.php/

[1 occurrence(s)]
DEBUG --> [REQ_ID=b55a32a99315] [INIT] App\Controllers\Home::GET

[1 occurrence(s)]
DEBUG --> [REQ_ID=b55a32a99315] [VIEW_RENDER] themes/public/home

[1 occurrence(s)]
DEBUG --> [REQ_ID=24d640e0993a] [FILTER_AFTER]

[1 occurrence(s)]
DEBUG --> [REQ_ID=24d640e0993a] [LIFECYCLE][END] status=200 duration_ms=794.59 memory_delta=4194304

[1 occurrence(s)]
DEBUG --> [REQ_ID=24d640e0993a] [REQUEST][END]

[1 occurrence(s)]
DEBUG --> [REQ_ID=0379b2189ddc] [REQUEST][START] GET /index.php/Investments

[1 occurrence(s)]
DEBUG --> [REQ_ID=0379b2189ddc] [FILTER_BEFORE] /index.php/Investments

[1 occurrence(s)]
DEBUG --> [REQ_ID=0379b2189ddc] [ROUTE] Controller=\App\Modules\User\Controllers\InvestmentsController Method=index

[1 occurrence(s)]
DEBUG --> [REQ_ID=0379b2189ddc] [LIFECYCLE][START] GET https://www.mymiwallet.com/index.php/Investments

[1 occurrence(s)]
DEBUG --> [REQ_ID=7a8d969bff4b] [INIT] App\Modules\User\Controllers\InvestmentsController::GET

[1 occurrence(s)]
DEBUG --> [REQ_ID=7a8d969bff4b] [METHOD_ENTRY] index

[1 occurrence(s)]
DEBUG --> [REQ_ID=ccca1bbf14f0] [REQUEST][START] GET /index.php/API/Investments/GetUserWatchlist/2

[1 occurrence(s)]
DEBUG --> [REQ_ID=34cc518c9f6b] [REQUEST][START] GET /index.php/API/Investments/getForecastAccuracySummary?window=7d

[1 occurrence(s)]
DEBUG --> [REQ_ID=f3e4ac919efa] [REQUEST][START] GET /index.php/API/Investments/getForecastAccuracySummary?days=30

[1 occurrence(s)]
DEBUG --> [REQ_ID=737d1de05bf6] [REQUEST][START] GET /index.php/API/Investments/getConfidenceHeatmap?timeframe=5m&window=60

[1 occurrence(s)]
DEBUG --> [REQ_ID=7a8d969bff4b] [VIEW_RENDER] App\Modules\User\Views\Investments\index

[1 occurrence(s)]
DEBUG --> [REQ_ID=0379b2189ddc] [FILTER_AFTER]

[1 occurrence(s)]
DEBUG --> [REQ_ID=0379b2189ddc] [LIFECYCLE][END] status=200 duration_ms=2,987.31 memory_delta=0

[1 occurrence(s)]
DEBUG --> [REQ_ID=0379b2189ddc] [REQUEST][END]

[1 occurrence(s)]
DEBUG --> [REQ_ID=ccca1bbf14f0] [FILTER_BEFORE] /index.php/API/Investments/GetUserWatchlist/2

[1 occurrence(s)]
DEBUG --> [REQ_ID=ccca1bbf14f0] [ROUTE] Controller=\App\Modules\User\Controllers\InvestmentsController Method=getUserWatchlist

[1 occurrence(s)]
DEBUG --> [REQ_ID=ccca1bbf14f0] [LIFECYCLE][START] GET https://www.mymiwallet.com/index.php/API/Investments/GetUserWatchlist/2

[1 occurrence(s)]
DEBUG --> [REQ_ID=211346ce5dcf] [INIT] App\Modules\User\Controllers\InvestmentsController::GET

[1 occurrence(s)]
DEBUG --> [REQ_ID=211346ce5dcf] [METHOD_ENTRY] getUserWatchlist

[1 occurrence(s)]
DEBUG --> [REQ_ID=ccca1bbf14f0] [FILTER_AFTER]

[1 occurrence(s)]
DEBUG --> [REQ_ID=ccca1bbf14f0] [LIFECYCLE][END] status=302 duration_ms=218.32 memory_delta=2097152

[1 occurrence(s)]
DEBUG --> [REQ_ID=ccca1bbf14f0] [REQUEST][END]

[1 occurrence(s)]
DEBUG --> [REQ_ID=34cc518c9f6b] [FILTER_BEFORE] /index.php/API/Investments/getForecastAccuracySummary?window=7d

[1 occurrence(s)]
DEBUG --> [REQ_ID=34cc518c9f6b] [ROUTE] Controller=\App\Modules\APIs\Controllers\InvestmentsAPIController Method=getForecastAccuracySummary

[1 occurrence(s)]
DEBUG --> [REQ_ID=34cc518c9f6b] [LIFECYCLE][START] GET https://www.mymiwallet.com/index.php/API/Investments/getForecastAccuracySummary?window=7d

[1 occurrence(s)]
DEBUG --> [REQ_ID=a7ed10f2d9cf] [INIT] App\Modules\APIs\Controllers\InvestmentsAPIController::GET

[1 occurrence(s)]
DEBUG --> [REQ_ID=509bb319c221] [REQUEST][START] GET /index.php/Memberships

[1 occurrence(s)]
DEBUG --> [REQ_ID=34cc518c9f6b] [FILTER_AFTER]

[1 occurrence(s)]
DEBUG --> [REQ_ID=34cc518c9f6b] [LIFECYCLE][END] status=302 duration_ms=137.34 memory_delta=2097152

[1 occurrence(s)]
DEBUG --> [REQ_ID=34cc518c9f6b] [REQUEST][END]

[1 occurrence(s)]
DEBUG --> [REQ_ID=f3e4ac919efa] [FILTER_BEFORE] /index.php/API/Investments/getForecastAccuracySummary?days=30

[1 occurrence(s)]
DEBUG --> [REQ_ID=f3e4ac919efa] [ROUTE] Controller=\App\Modules\APIs\Controllers\InvestmentsAPIController Method=getForecastAccuracySummary

[1 occurrence(s)]
DEBUG --> [REQ_ID=f3e4ac919efa] [LIFECYCLE][START] GET https://www.mymiwallet.com/index.php/API/Investments/getForecastAccuracySummary?days=30

[1 occurrence(s)]
DEBUG --> [REQ_ID=940bf9f1b445] [INIT] App\Modules\APIs\Controllers\InvestmentsAPIController::GET

[1 occurrence(s)]
DEBUG --> [REQ_ID=f3e4ac919efa] [FILTER_AFTER]

[1 occurrence(s)]
DEBUG --> [REQ_ID=f3e4ac919efa] [LIFECYCLE][END] status=302 duration_ms=155.64 memory_delta=2097152

[1 occurrence(s)]
DEBUG --> [REQ_ID=f3e4ac919efa] [REQUEST][END]

[1 occurrence(s)]
DEBUG --> [REQ_ID=737d1de05bf6] [FILTER_BEFORE] /index.php/API/Investments/getConfidenceHeatmap?timeframe=5m&window=60

[1 occurrence(s)]
DEBUG --> [REQ_ID=737d1de05bf6] [ROUTE] Controller=\App\Modules\APIs\Controllers\InvestmentsAPIController Method=getConfidenceHeatmap

[1 occurrence(s)]
DEBUG --> [REQ_ID=737d1de05bf6] [LIFECYCLE][START] GET https://www.mymiwallet.com/index.php/API/Investments/getConfidenceHeatmap?timeframe=5m&window=60

[1 occurrence(s)]
DEBUG --> [REQ_ID=f0b0d3563cae] [INIT] App\Modules\APIs\Controllers\InvestmentsAPIController::GET

[1 occurrence(s)]
DEBUG --> [REQ_ID=737d1de05bf6] [FILTER_AFTER]

[1 occurrence(s)]
DEBUG --> [REQ_ID=737d1de05bf6] [LIFECYCLE][END] status=302 duration_ms=137.23 memory_delta=2097152

[1 occurrence(s)]
DEBUG --> [REQ_ID=737d1de05bf6] [REQUEST][END]

[1 occurrence(s)]
DEBUG --> [REQ_ID=509bb319c221] [FILTER_BEFORE] /index.php/Memberships

[1 occurrence(s)]
DEBUG --> [REQ_ID=509bb319c221] [ROUTE] Controller=\App\Controllers\Home Method=memberships

[1 occurrence(s)]
DEBUG --> [REQ_ID=509bb319c221] [LIFECYCLE][START] GET https://www.mymiwallet.com/index.php/Memberships

[1 occurrence(s)]
DEBUG --> [REQ_ID=713b034197a4] [INIT] App\Controllers\Home::GET

[1 occurrence(s)]
DEBUG --> [REQ_ID=713b034197a4] [VIEW_RENDER] themes/public/memberships

[1 occurrence(s)]
DEBUG --> [REQ_ID=509bb319c221] [FILTER_AFTER]

[1 occurrence(s)]
DEBUG --> [REQ_ID=509bb319c221] [LIFECYCLE][END] status=200 duration_ms=757.37 memory_delta=2097152

[1 occurrence(s)]
DEBUG --> [REQ_ID=509bb319c221] [REQUEST][END]

[1 occurrence(s)]
DEBUG --> [REQ_ID=999280904a39] [REQUEST][START] GET /index.php/Memberships

[1 occurrence(s)]
DEBUG --> [REQ_ID=a85ccd5c3dc9] [REQUEST][START] GET /index.php/Memberships

[1 occurrence(s)]
DEBUG --> [REQ_ID=43d482c37f87] [REQUEST][START] GET /index.php/Memberships

[1 occurrence(s)]
DEBUG --> [REQ_ID=999280904a39] [FILTER_BEFORE] /index.php/Memberships

[1 occurrence(s)]
DEBUG --> [REQ_ID=999280904a39] [ROUTE] Controller=\App\Controllers\Home Method=memberships

[1 occurrence(s)]
DEBUG --> [REQ_ID=999280904a39] [LIFECYCLE][START] GET https://www.mymiwallet.com/index.php/Memberships

[1 occurrence(s)]
DEBUG --> [REQ_ID=4b31864d9db6] [INIT] App\Controllers\Home::GET

[1 occurrence(s)]
DEBUG --> [REQ_ID=4b31864d9db6] [VIEW_RENDER] themes/public/memberships

[1 occurrence(s)]
DEBUG --> [REQ_ID=999280904a39] [FILTER_AFTER]

[1 occurrence(s)]
DEBUG --> [REQ_ID=999280904a39] [LIFECYCLE][END] status=200 duration_ms=853.62 memory_delta=2097152

[1 occurrence(s)]
DEBUG --> [REQ_ID=999280904a39] [REQUEST][END]

[1 occurrence(s)]
DEBUG --> [REQ_ID=a85ccd5c3dc9] [FILTER_BEFORE] /index.php/Memberships

[1 occurrence(s)]
DEBUG --> [REQ_ID=a85ccd5c3dc9] [ROUTE] Controller=\App\Controllers\Home Method=memberships

[1 occurrence(s)]
DEBUG --> [REQ_ID=a85ccd5c3dc9] [LIFECYCLE][START] GET https://www.mymiwallet.com/index.php/Memberships

[1 occurrence(s)]
DEBUG --> [REQ_ID=07511053198b] [INIT] App\Controllers\Home::GET

[1 occurrence(s)]
DEBUG --> [REQ_ID=07511053198b] [VIEW_RENDER] themes/public/memberships

[1 occurrence(s)]
DEBUG --> [REQ_ID=a85ccd5c3dc9] [FILTER_AFTER]

[1 occurrence(s)]
DEBUG --> [REQ_ID=a85ccd5c3dc9] [LIFECYCLE][END] status=200 duration_ms=835.40 memory_delta=2097152

[1 occurrence(s)]
DEBUG --> [REQ_ID=a85ccd5c3dc9] [REQUEST][END]

[1 occurrence(s)]
DEBUG --> [REQ_ID=43d482c37f87] [FILTER_BEFORE] /index.php/Memberships

[1 occurrence(s)]
DEBUG --> [REQ_ID=43d482c37f87] [ROUTE] Controller=\App\Controllers\Home Method=memberships

[1 occurrence(s)]
DEBUG --> [REQ_ID=43d482c37f87] [LIFECYCLE][START] GET https://www.mymiwallet.com/index.php/Memberships

[1 occurrence(s)]
DEBUG --> [REQ_ID=a5208be747b1] [INIT] App\Controllers\Home::GET

[1 occurrence(s)]
DEBUG --> [REQ_ID=a5208be747b1] [VIEW_RENDER] themes/public/memberships

[1 occurrence(s)]
DEBUG --> [REQ_ID=43d482c37f87] [FILTER_AFTER]

[1 occurrence(s)]
DEBUG --> [REQ_ID=43d482c37f87] [LIFECYCLE][END] status=200 duration_ms=753.68 memory_delta=4194304

[1 occurrence(s)]
DEBUG --> [REQ_ID=43d482c37f87] [REQUEST][END]

[1 occurrence(s)]
DEBUG --> [REQ_ID=c0fcd4ec8fe5] [REQUEST][START] POST /index.php/register

[1 occurrence(s)]
DEBUG --> [REQ_ID=c0fcd4ec8fe5] [FILTER_BEFORE] /index.php/register

[1 occurrence(s)]
DEBUG --> [REQ_ID=c0fcd4ec8fe5] [ROUTE] Controller=\App\Controllers\AuthController Method=attemptRegister

[1 occurrence(s)]
DEBUG --> [REQ_ID=c0fcd4ec8fe5] [LIFECYCLE][START] POST https://www.mymiwallet.com/index.php/register

[1 occurrence(s)]
DEBUG --> [REQ_ID=5edf6904ff86] [INIT] App\Controllers\AuthController::POST

[1 occurrence(s)]
DEBUG --> [REQ_ID=c0fcd4ec8fe5] [FILTER_AFTER]

[1 occurrence(s)]
DEBUG --> [REQ_ID=c0fcd4ec8fe5] [LIFECYCLE][END] status=303 duration_ms=110.40 memory_delta=0

[1 occurrence(s)]
DEBUG --> [REQ_ID=c0fcd4ec8fe5] [REQUEST][END]

[1 occurrence(s)]
DEBUG --> [REQ_ID=9718fc328c8b] [REQUEST][START] GET /index.php/

[1 occurrence(s)]
DEBUG --> [REQ_ID=9718fc328c8b] [FILTER_BEFORE] /index.php/

[1 occurrence(s)]
DEBUG --> [REQ_ID=9718fc328c8b] [ROUTE] Controller=\App\Controllers\Home Method=index

[1 occurrence(s)]
DEBUG --> [REQ_ID=9718fc328c8b] [LIFECYCLE][START] GET https://www.mymiwallet.com/index.php/

[1 occurrence(s)]
DEBUG --> [REQ_ID=1ddc0d045c29] [INIT] App\Controllers\Home::GET

[1 occurrence(s)]
DEBUG --> [REQ_ID=1ddc0d045c29] [VIEW_RENDER] themes/public/home

[1 occurrence(s)]
DEBUG --> [REQ_ID=9718fc328c8b] [FILTER_AFTER]

[1 occurrence(s)]
DEBUG --> [REQ_ID=9718fc328c8b] [LIFECYCLE][END] status=200 duration_ms=691.54 memory_delta=4194304

[1 occurrence(s)]
DEBUG --> [REQ_ID=9718fc328c8b] [REQUEST][END]

[1 occurrence(s)]
DEBUG --> [REQ_ID=7851632ad000] [REQUEST][START] POST /index.php/register

[1 occurrence(s)]
DEBUG --> [REQ_ID=7851632ad000] [FILTER_BEFORE] /index.php/register

[1 occurrence(s)]
DEBUG --> [REQ_ID=7851632ad000] [ROUTE] Controller=\App\Controllers\AuthController Method=attemptRegister

[1 occurrence(s)]
DEBUG --> [REQ_ID=7851632ad000] [LIFECYCLE][START] POST https://www.mymiwallet.com/index.php/register

[1 occurrence(s)]
DEBUG --> [REQ_ID=de8eb4fdcdfd] [INIT] App\Controllers\AuthController::POST

[1 occurrence(s)]
DEBUG --> [REQ_ID=7851632ad000] [FILTER_AFTER]

[1 occurrence(s)]
DEBUG --> [REQ_ID=7851632ad000] [LIFECYCLE][END] status=303 duration_ms=153.09 memory_delta=0

[1 occurrence(s)]
DEBUG --> [REQ_ID=7851632ad000] [REQUEST][END]

[1 occurrence(s)]
DEBUG --> [REQ_ID=2bb28617f2f8] [REQUEST][START] GET /index.php/

[1 occurrence(s)]
DEBUG --> [REQ_ID=2bb28617f2f8] [FILTER_BEFORE] /index.php/

[1 occurrence(s)]
DEBUG --> [REQ_ID=2bb28617f2f8] [ROUTE] Controller=\App\Controllers\Home Method=index

[1 occurrence(s)]
DEBUG --> [REQ_ID=2bb28617f2f8] [LIFECYCLE][START] GET https://www.mymiwallet.com/index.php/

[1 occurrence(s)]
DEBUG --> [REQ_ID=2c7b8ff79e07] [INIT] App\Controllers\Home::GET

[1 occurrence(s)]
DEBUG --> [REQ_ID=2c7b8ff79e07] [VIEW_RENDER] themes/public/home

[1 occurrence(s)]
DEBUG --> [REQ_ID=2bb28617f2f8] [FILTER_AFTER]

[1 occurrence(s)]
DEBUG --> [REQ_ID=2bb28617f2f8] [LIFECYCLE][END] status=200 duration_ms=831.58 memory_delta=4194304

[1 occurrence(s)]
DEBUG --> [REQ_ID=2bb28617f2f8] [REQUEST][END]

[1 occurrence(s)]
DEBUG --> [REQ_ID=9218e8c83aea] [REQUEST][START] POST /index.php/register

[1 occurrence(s)]
DEBUG --> [REQ_ID=9218e8c83aea] [FILTER_BEFORE] /index.php/register

[1 occurrence(s)]
DEBUG --> [REQ_ID=9218e8c83aea] [ROUTE] Controller=\App\Controllers\AuthController Method=attemptRegister

[1 occurrence(s)]
DEBUG --> [REQ_ID=9218e8c83aea] [LIFECYCLE][START] POST https://www.mymiwallet.com/index.php/register

[1 occurrence(s)]
DEBUG --> [REQ_ID=c002e4dae8df] [INIT] App\Controllers\AuthController::POST

[1 occurrence(s)]
DEBUG --> [REQ_ID=9218e8c83aea] [FILTER_AFTER]

[1 occurrence(s)]
DEBUG --> [REQ_ID=9218e8c83aea] [LIFECYCLE][END] status=303 duration_ms=142.67 memory_delta=0

[1 occurrence(s)]
DEBUG --> [REQ_ID=9218e8c83aea] [REQUEST][END]

[1 occurrence(s)]
DEBUG --> [REQ_ID=ba04b0c6d410] [REQUEST][START] GET /index.php/

[1 occurrence(s)]
DEBUG --> [REQ_ID=ba04b0c6d410] [FILTER_BEFORE] /index.php/

[1 occurrence(s)]
DEBUG --> [REQ_ID=ba04b0c6d410] [ROUTE] Controller=\App\Controllers\Home Method=index

[1 occurrence(s)]
DEBUG --> [REQ_ID=ba04b0c6d410] [LIFECYCLE][START] GET https://www.mymiwallet.com/index.php/

[1 occurrence(s)]
DEBUG --> [REQ_ID=052129d63431] [INIT] App\Controllers\Home::GET

[1 occurrence(s)]
DEBUG --> [REQ_ID=052129d63431] [VIEW_RENDER] themes/public/home

[1 occurrence(s)]
DEBUG --> [REQ_ID=ba04b0c6d410] [FILTER_AFTER]

[1 occurrence(s)]
DEBUG --> [REQ_ID=ba04b0c6d410] [LIFECYCLE][END] status=200 duration_ms=868.58 memory_delta=4194304

[1 occurrence(s)]
DEBUG --> [REQ_ID=ba04b0c6d410] [REQUEST][END]

[1 occurrence(s)]
DEBUG --> [REQ_ID=6b0bdc34fc90] [REQUEST][START] POST /index.php/register

[1 occurrence(s)]
DEBUG --> [REQ_ID=6b0bdc34fc90] [FILTER_BEFORE] /index.php/register

[1 occurrence(s)]
DEBUG --> [REQ_ID=6b0bdc34fc90] [ROUTE] Controller=\App\Controllers\AuthController Method=attemptRegister

[1 occurrence(s)]
DEBUG --> [REQ_ID=6b0bdc34fc90] [LIFECYCLE][START] POST https://www.mymiwallet.com/index.php/register

[1 occurrence(s)]
DEBUG --> [REQ_ID=b622d27014a1] [INIT] App\Controllers\AuthController::POST

[1 occurrence(s)]
DEBUG --> [REQ_ID=6b0bdc34fc90] [FILTER_AFTER]

[1 occurrence(s)]
DEBUG --> [REQ_ID=6b0bdc34fc90] [LIFECYCLE][END] status=303 duration_ms=326.26 memory_delta=0

[1 occurrence(s)]
DEBUG --> [REQ_ID=6b0bdc34fc90] [REQUEST][END]

[1 occurrence(s)]
DEBUG --> [REQ_ID=efef7f1de1b9] [REQUEST][START] GET /index.php/

[1 occurrence(s)]
DEBUG --> [REQ_ID=efef7f1de1b9] [FILTER_BEFORE] /index.php/

[1 occurrence(s)]
DEBUG --> [REQ_ID=efef7f1de1b9] [ROUTE] Controller=\App\Controllers\Home Method=index

[1 occurrence(s)]
DEBUG --> [REQ_ID=efef7f1de1b9] [LIFECYCLE][START] GET https://www.mymiwallet.com/index.php/

[1 occurrence(s)]
DEBUG --> [REQ_ID=1db0edf7a03a] [INIT] App\Controllers\Home::GET

[1 occurrence(s)]
DEBUG --> [REQ_ID=1db0edf7a03a] [VIEW_RENDER] themes/public/home

[1 occurrence(s)]
DEBUG --> [REQ_ID=efef7f1de1b9] [FILTER_AFTER]

[1 occurrence(s)]
DEBUG --> [REQ_ID=efef7f1de1b9] [LIFECYCLE][END] status=200 duration_ms=924.36 memory_delta=4194304

[1 occurrence(s)]
DEBUG --> [REQ_ID=efef7f1de1b9] [REQUEST][END]

[1 occurrence(s)]
DEBUG --> [REQ_ID=1c86cb111ae9] [REQUEST][START] HEAD /

[1 occurrence(s)]
DEBUG --> [REQ_ID=4869f4eace09] [REQUEST][START] GET /index.php/

[1 occurrence(s)]
DEBUG --> [REQ_ID=4869f4eace09] [FILTER_BEFORE] /index.php/

[1 occurrence(s)]
DEBUG --> [REQ_ID=4869f4eace09] [ROUTE] Controller=\App\Controllers\Home Method=index

[1 occurrence(s)]
DEBUG --> [REQ_ID=4869f4eace09] [LIFECYCLE][START] GET https://www.mymiwallet.com/index.php/

[1 occurrence(s)]
DEBUG --> [REQ_ID=e3ef3ba2e645] [INIT] App\Controllers\Home::GET

[1 occurrence(s)]
DEBUG --> [REQ_ID=e3ef3ba2e645] [VIEW_RENDER] themes/public/home

[1 occurrence(s)]
DEBUG --> [REQ_ID=4869f4eace09] [FILTER_AFTER]

[1 occurrence(s)]
DEBUG --> [REQ_ID=4869f4eace09] [LIFECYCLE][END] status=200 duration_ms=930.46 memory_delta=4194304

[1 occurrence(s)]
DEBUG --> [REQ_ID=4869f4eace09] [REQUEST][END]

[1 occurrence(s)]
DEBUG --> [REQ_ID=a95f82c9a19a] [REQUEST][START] POST /index.php/register

[1 occurrence(s)]
DEBUG --> [REQ_ID=a95f82c9a19a] [FILTER_BEFORE] /index.php/register

[1 occurrence(s)]
DEBUG --> [REQ_ID=a95f82c9a19a] [ROUTE] Controller=\App\Controllers\AuthController Method=attemptRegister

[1 occurrence(s)]
DEBUG --> [REQ_ID=a95f82c9a19a] [LIFECYCLE][START] POST https://www.mymiwallet.com/index.php/register

[1 occurrence(s)]
DEBUG --> [REQ_ID=8d0631aae3c0] [INIT] App\Controllers\AuthController::POST

[1 occurrence(s)]
DEBUG --> [REQ_ID=a95f82c9a19a] [FILTER_AFTER]

[1 occurrence(s)]
DEBUG --> [REQ_ID=a95f82c9a19a] [LIFECYCLE][END] status=303 duration_ms=338.09 memory_delta=0

[1 occurrence(s)]
DEBUG --> [REQ_ID=a95f82c9a19a] [REQUEST][END]

[1 occurrence(s)]
DEBUG --> [REQ_ID=93f7597cbcfd] [REQUEST][START] GET /index.php/

[1 occurrence(s)]
DEBUG --> [REQ_ID=93f7597cbcfd] [FILTER_BEFORE] /index.php/

[1 occurrence(s)]
DEBUG --> [REQ_ID=93f7597cbcfd] [ROUTE] Controller=\App\Controllers\Home Method=index

[1 occurrence(s)]
DEBUG --> [REQ_ID=93f7597cbcfd] [LIFECYCLE][START] GET https://www.mymiwallet.com/index.php/

[1 occurrence(s)]
DEBUG --> [REQ_ID=abba478e87bc] [INIT] App\Controllers\Home::GET

[1 occurrence(s)]
DEBUG --> [REQ_ID=abba478e87bc] [VIEW_RENDER] themes/public/home

[1 occurrence(s)]
DEBUG --> [REQ_ID=93f7597cbcfd] [FILTER_AFTER]

[1 occurrence(s)]
DEBUG --> [REQ_ID=93f7597cbcfd] [LIFECYCLE][END] status=200 duration_ms=734.06 memory_delta=4194304

[1 occurrence(s)]
DEBUG --> [REQ_ID=93f7597cbcfd] [REQUEST][END]

[1 occurrence(s)]
DEBUG --> [REQ_ID=55ab4bcf7612] [REQUEST][START] GET /index.php/login

[1 occurrence(s)]
DEBUG --> [REQ_ID=55ab4bcf7612] [FILTER_BEFORE] /index.php/login

[1 occurrence(s)]
DEBUG --> [REQ_ID=55ab4bcf7612] [ROUTE] Controller=\App\Controllers\AuthController Method=login

[1 occurrence(s)]
DEBUG --> [REQ_ID=55ab4bcf7612] [LIFECYCLE][START] GET https://www.mymiwallet.com/index.php/login

[1 occurrence(s)]
DEBUG --> [REQ_ID=9d5763bb02b9] [INIT] App\Controllers\AuthController::GET

[1 occurrence(s)]
DEBUG --> [REQ_ID=55ab4bcf7612] [FILTER_AFTER]

[1 occurrence(s)]
DEBUG --> [REQ_ID=55ab4bcf7612] [LIFECYCLE][END] status=200 duration_ms=49.85 memory_delta=0

[1 occurrence(s)]
DEBUG --> [REQ_ID=55ab4bcf7612] [REQUEST][END]

[1 occurrence(s)]
DEBUG --> [REQ_ID=2ab5b88ed744] [REQUEST][START] POST /index.php/login

[1 occurrence(s)]
DEBUG --> [REQ_ID=2ab5b88ed744] [FILTER_BEFORE] /index.php/login

[1 occurrence(s)]
DEBUG --> [REQ_ID=2ab5b88ed744] [ROUTE] Controller=\App\Controllers\AuthController Method=attemptLogin

[1 occurrence(s)]
DEBUG --> [REQ_ID=2ab5b88ed744] [LIFECYCLE][START] POST https://www.mymiwallet.com/index.php/login

[1 occurrence(s)]
DEBUG --> [REQ_ID=83dcd43f7a22] [INIT] App\Controllers\AuthController::POST

[1 occurrence(s)]
DEBUG --> Auth attemptLogin() called with login identifier: DrtyMikNtheGng, remember: true

[1 occurrence(s)]
DEBUG --> Auth attempt succeeded for identifier DrtyMikNtheGng. logged_in(): yes, user_id(): 11758

[1 occurrence(s)]
DEBUG --> Auth attempt succeeded. logged_in(): yes, user_id(): 11758

[1 occurrence(s)]
DEBUG --> Auth attemptLogin() - session user_id set to: 11758

[1 occurrence(s)]
DEBUG --> [REQ_ID=2ab5b88ed744] [FILTER_AFTER]

[1 occurrence(s)]
DEBUG --> [REQ_ID=2ab5b88ed744] [LIFECYCLE][END] status=303 duration_ms=223.62 memory_delta=0

[1 occurrence(s)]
DEBUG --> [REQ_ID=2ab5b88ed744] [REQUEST][END]

[1 occurrence(s)]
DEBUG --> [REQ_ID=c9261c395a77] [REQUEST][START] GET /index.php/Dashboard

[1 occurrence(s)]
DEBUG --> [REQ_ID=c9261c395a77] [FILTER_BEFORE] /index.php/Dashboard

[1 occurrence(s)]
DEBUG --> [REQ_ID=c9261c395a77] [ROUTE] Controller=\App\Modules\User\Controllers\DashboardController Method=index

[1 occurrence(s)]
DEBUG --> [REQ_ID=c9261c395a77] [LIFECYCLE][START] GET https://www.mymiwallet.com/index.php/Dashboard

[1 occurrence(s)]
DEBUG --> [REQ_ID=adb25801cfe2] [INIT] App\Modules\User\Controllers\DashboardController::GET

[1 occurrence(s)]
DEBUG --> [REQ_ID=adb25801cfe2] [METHOD_ENTRY] index

[2 occurrence(s)]
DEBUG --> [MODEL_WHERE] App\Models\BudgetModel KEY={"created_by":11758,"deleted":0}

[3 occurrence(s)]
DEBUG --> [MODEL_WHERE] App\Models\BudgetModel KEY={"created_by":11758,"account_type":"Income","month":"03","year":"2026"}

[3 occurrence(s)]
DEBUG --> [MODEL_WHERE] App\Models\BudgetModel KEY={"created_by":11758,"account_type":"Income","month":"02","year":"2026"}

[3 occurrence(s)]
DEBUG --> [MODEL_WHERE] App\Models\BudgetModel KEY={"created_by":11758,"account_type":"Expense","month":"03","year":"2026"}

[3 occurrence(s)]
DEBUG --> [MODEL_WHERE] App\Models\BudgetModel KEY={"created_by":11758,"account_type":"Expense","month":"02","year":"2026"}

[6 occurrence(s)]
DEBUG --> [MODEL_WHERE] App\Models\BudgetModel KEY={"status":1,"created_by":11758,"deleted":0}

[4 occurrence(s)]
DEBUG --> [MODEL_WHERE] App\Models\BudgetModel KEY={"status":1,"paid":0,"created_by":11758,"deleted":0}

[1 occurrence(s)]
DEBUG --> [REQ_ID=adb25801cfe2] [VIEW_RENDER] User/Dashboard/index

[1 occurrence(s)]
DEBUG --> [MODEL_WHERE] App\Models\BudgetModel KEY={"created_by":11758,"account_type":"Income","status":1,"month":"03","year":"2026"}

[1 occurrence(s)]
DEBUG --> [MODEL_WHERE] App\Models\BudgetModel KEY={"created_by":11758,"account_type":"Expense","status":1,"month":"03","year":"2026"}

[1 occurrence(s)]
DEBUG --> [MODEL_WHERE] App\Models\BudgetModel KEY={"created_by":11758,"account_type":"Investment","month":"03","year":"2026","status":1}

[1 occurrence(s)]
DEBUG --> [MODEL_WHERE] App\Models\BudgetModel KEY={"created_by":11758,"account_type":"Income","status":1,"month":"02"}

[1 occurrence(s)]
DEBUG --> [MODEL_WHERE] App\Models\BudgetModel KEY={"created_by":11758,"account_type":"Expense","status":1,"month":"02"}

[1 occurrence(s)]
DEBUG --> [MODEL_WHERE] App\Models\BudgetModel KEY={"created_by":11758,"account_type":"Investment","month":"02","year":"2026","status":1}

[1 occurrence(s)]
DEBUG --> [MODEL_WHERE] App\Models\BudgetModel KEY={"created_by":11758,"account_type":"Income","status":1,"month":"04"}

[1 occurrence(s)]
DEBUG --> [MODEL_WHERE] App\Models\BudgetModel KEY={"created_by":11758,"account_type":"Expense","status":1,"month":"04"}

[1 occurrence(s)]
DEBUG --> [MODEL_WHERE] App\Models\BudgetModel KEY={"created_by":11758,"account_type":"Investment","month":"04","year":"2026","status":1}

[1 occurrence(s)]
DEBUG --> [MODEL_WHERE] App\Models\BudgetModel KEY={"created_by":11758,"account_type":"Income","status":1,"year":"2026"}

[1 occurrence(s)]
DEBUG --> [MODEL_WHERE] App\Models\BudgetModel KEY={"created_by":11758,"account_type":"Investment","status":1}

[1 occurrence(s)]
DEBUG --> [REQ_ID=c9261c395a77] [FILTER_AFTER]

[1 occurrence(s)]
DEBUG --> [REQ_ID=c9261c395a77] [LIFECYCLE][END] status=200 duration_ms=936.59 memory_delta=2097152

[1 occurrence(s)]
DEBUG --> [REQ_ID=c9261c395a77] [REQUEST][END]

[1 occurrence(s)]
DEBUG --> [REQ_ID=97d9fad8dc4c] [REQUEST][START] GET /index.php/API/Investments/getConfidenceHeatmap?timeframe=5m&window=60

[1 occurrence(s)]
DEBUG --> [REQ_ID=97d9fad8dc4c] [FILTER_BEFORE] /index.php/API/Investments/getConfidenceHeatmap?timeframe=5m&window=60

[1 occurrence(s)]
DEBUG --> [REQ_ID=97d9fad8dc4c] [ROUTE] Controller=\App\Modules\APIs\Controllers\InvestmentsAPIController Method=getConfidenceHeatmap

[1 occurrence(s)]
DEBUG --> [REQ_ID=97d9fad8dc4c] [LIFECYCLE][START] GET https://www.mymiwallet.com/index.php/API/Investments/getConfidenceHeatmap?timeframe=5m&window=60

[1 occurrence(s)]
DEBUG --> [REQ_ID=d66ada2dbb5f] [INIT] App\Modules\APIs\Controllers\InvestmentsAPIController::GET

[1 occurrence(s)]
DEBUG --> [REQ_ID=97d9fad8dc4c] [FILTER_AFTER]

[1 occurrence(s)]
DEBUG --> [REQ_ID=97d9fad8dc4c] [LIFECYCLE][END] status=302 duration_ms=53.53 memory_delta=0

[1 occurrence(s)]
DEBUG --> [REQ_ID=97d9fad8dc4c] [REQUEST][END]

[1 occurrence(s)]
DEBUG --> [REQ_ID=a46fe0dfe72a] [REQUEST][START] GET /index.php/Memberships

[1 occurrence(s)]
DEBUG --> [REQ_ID=a46fe0dfe72a] [FILTER_BEFORE] /index.php/Memberships

[1 occurrence(s)]
DEBUG --> [REQ_ID=a46fe0dfe72a] [ROUTE] Controller=\App\Controllers\Home Method=memberships

[1 occurrence(s)]
DEBUG --> [REQ_ID=a46fe0dfe72a] [LIFECYCLE][START] GET https://www.mymiwallet.com/index.php/Memberships

[1 occurrence(s)]
DEBUG --> [REQ_ID=0003926f7f56] [INIT] App\Controllers\Home::GET

[1 occurrence(s)]
DEBUG --> [REQ_ID=0003926f7f56] [VIEW_RENDER] themes/public/memberships

[1 occurrence(s)]
DEBUG --> [REQ_ID=a46fe0dfe72a] [FILTER_AFTER]

[1 occurrence(s)]
DEBUG --> [REQ_ID=a46fe0dfe72a] [LIFECYCLE][END] status=200 duration_ms=872.17 memory_delta=4194304

[1 occurrence(s)]
DEBUG --> [REQ_ID=a46fe0dfe72a] [REQUEST][END]

[1 occurrence(s)]
DEBUG --> [REQ_ID=a3ca868b8884] [REQUEST][START] GET /index.php/API/Investments/getConfidenceHeatmap?timeframe=all&window=6h

[1 occurrence(s)]
DEBUG --> [REQ_ID=0f1bba1e095c] [REQUEST][START] GET /index.php/API/Investments/getForecastHighlights

[1 occurrence(s)]
DEBUG --> [REQ_ID=a3ca868b8884] [FILTER_BEFORE] /index.php/API/Investments/getConfidenceHeatmap?timeframe=all&window=6h

[1 occurrence(s)]
DEBUG --> [REQ_ID=a3ca868b8884] [ROUTE] Controller=\App\Modules\APIs\Controllers\InvestmentsAPIController Method=getConfidenceHeatmap

[1 occurrence(s)]
DEBUG --> [REQ_ID=a3ca868b8884] [LIFECYCLE][START] GET https://www.mymiwallet.com/index.php/API/Investments/getConfidenceHeatmap?timeframe=all&window=6h

[1 occurrence(s)]
DEBUG --> [REQ_ID=73a74eee6400] [INIT] App\Modules\APIs\Controllers\InvestmentsAPIController::GET

[1 occurrence(s)]
DEBUG --> [REQ_ID=eeb16e53db9c] [REQUEST][START] GET /index.php/API/Investments/getForecastAccuracySummary?window=7d

[1 occurrence(s)]
DEBUG --> [REQ_ID=4c994e5dc9ea] [REQUEST][START] GET /index.php/ops/health

[1 occurrence(s)]
DEBUG --> [REQ_ID=a3ca868b8884] [FILTER_AFTER]

[1 occurrence(s)]
DEBUG --> [REQ_ID=a3ca868b8884] [LIFECYCLE][END] status=302 duration_ms=179.28 memory_delta=2097152

[1 occurrence(s)]
DEBUG --> [REQ_ID=a3ca868b8884] [REQUEST][END]

[1 occurrence(s)]
DEBUG --> [REQ_ID=0f1bba1e095c] [FILTER_BEFORE] /index.php/API/Investments/getForecastHighlights

[1 occurrence(s)]
DEBUG --> [REQ_ID=0f1bba1e095c] [ROUTE] Controller=\App\Modules\APIs\Controllers\InvestmentsAPIController Method=getForecastHighlights

[1 occurrence(s)]
DEBUG --> [REQ_ID=0f1bba1e095c] [LIFECYCLE][START] GET https://www.mymiwallet.com/index.php/API/Investments/getForecastHighlights

[1 occurrence(s)]
DEBUG --> [REQ_ID=6c65c37e4065] [INIT] App\Modules\APIs\Controllers\InvestmentsAPIController::GET

[1 occurrence(s)]
DEBUG --> [REQ_ID=0d1d6b7ee7e7] [REQUEST][START] GET /index.php/Memberships

[1 occurrence(s)]
DEBUG --> [REQ_ID=0f1bba1e095c] [FILTER_AFTER]

[1 occurrence(s)]
DEBUG --> [REQ_ID=0f1bba1e095c] [LIFECYCLE][END] status=200 duration_ms=633.75 memory_delta=2097152

[1 occurrence(s)]
DEBUG --> [REQ_ID=0f1bba1e095c] [REQUEST][END]

[1 occurrence(s)]
DEBUG --> [REQ_ID=eeb16e53db9c] [FILTER_BEFORE] /index.php/API/Investments/getForecastAccuracySummary?window=7d

[1 occurrence(s)]
DEBUG --> [REQ_ID=eeb16e53db9c] [ROUTE] Controller=\App\Modules\APIs\Controllers\InvestmentsAPIController Method=getForecastAccuracySummary

[1 occurrence(s)]
DEBUG --> [REQ_ID=eeb16e53db9c] [LIFECYCLE][START] GET https://www.mymiwallet.com/index.php/API/Investments/getForecastAccuracySummary?window=7d

[1 occurrence(s)]
DEBUG --> [REQ_ID=05b9049e42d1] [INIT] App\Modules\APIs\Controllers\InvestmentsAPIController::GET

[1 occurrence(s)]
DEBUG --> [REQ_ID=30bae34b8af0] [REQUEST][START] GET /index.php/API/Investments/getForecastHighlights

[1 occurrence(s)]
DEBUG --> [REQ_ID=eeb16e53db9c] [FILTER_AFTER]

[1 occurrence(s)]
DEBUG --> [REQ_ID=eeb16e53db9c] [LIFECYCLE][END] status=302 duration_ms=156.74 memory_delta=2097152

[1 occurrence(s)]
DEBUG --> [REQ_ID=eeb16e53db9c] [REQUEST][END]

[1 occurrence(s)]
DEBUG --> [REQ_ID=4c994e5dc9ea] [FILTER_BEFORE] /index.php/ops/health

[1 occurrence(s)]
DEBUG --> [REQ_ID=4c994e5dc9ea] [ROUTE] Controller=\App\Controllers\OpsHealthController Method=index

[1 occurrence(s)]
DEBUG --> [REQ_ID=4c994e5dc9ea] [LIFECYCLE][START] GET https://www.mymiwallet.com/index.php/ops/health

[1 occurrence(s)]
DEBUG --> [REQ_ID=66a52f2b5dcc] [INIT] App\Controllers\OpsHealthController::GET

[1 occurrence(s)]
DEBUG --> [REQ_ID=66a52f2b5dcc] [METHOD_ENTRY] index

[1 occurrence(s)]
DEBUG --> [REQ_ID=4c994e5dc9ea] [FILTER_AFTER]

[1 occurrence(s)]
DEBUG --> [REQ_ID=4c994e5dc9ea] [LIFECYCLE][END] status=404 duration_ms=27.58 memory_delta=0

[1 occurrence(s)]
DEBUG --> [REQ_ID=4c994e5dc9ea] [REQUEST][END]

[1 occurrence(s)]
DEBUG --> [REQ_ID=0d1d6b7ee7e7] [FILTER_BEFORE] /index.php/Memberships

[1 occurrence(s)]
DEBUG --> [REQ_ID=0d1d6b7ee7e7] [ROUTE] Controller=\App\Controllers\Home Method=memberships

[1 occurrence(s)]
DEBUG --> [REQ_ID=0d1d6b7ee7e7] [LIFECYCLE][START] GET https://www.mymiwallet.com/index.php/Memberships

[1 occurrence(s)]
DEBUG --> [REQ_ID=b2254f9573e4] [INIT] App\Controllers\Home::GET

[1 occurrence(s)]
DEBUG --> [REQ_ID=b2254f9573e4] [VIEW_RENDER] themes/public/memberships

[1 occurrence(s)]
DEBUG --> [REQ_ID=0d1d6b7ee7e7] [FILTER_AFTER]

[1 occurrence(s)]
DEBUG --> [REQ_ID=0d1d6b7ee7e7] [LIFECYCLE][END] status=200 duration_ms=834.21 memory_delta=4194304

[1 occurrence(s)]
DEBUG --> [REQ_ID=0d1d6b7ee7e7] [REQUEST][END]

[1 occurrence(s)]
DEBUG --> [REQ_ID=30bae34b8af0] [FILTER_BEFORE] /index.php/API/Investments/getForecastHighlights

[1 occurrence(s)]
DEBUG --> [REQ_ID=30bae34b8af0] [ROUTE] Controller=\App\Modules\APIs\Controllers\InvestmentsAPIController Method=getForecastHighlights

[1 occurrence(s)]
DEBUG --> [REQ_ID=30bae34b8af0] [LIFECYCLE][START] GET https://www.mymiwallet.com/index.php/API/Investments/getForecastHighlights

[1 occurrence(s)]
DEBUG --> [REQ_ID=b6514c5e7412] [INIT] App\Modules\APIs\Controllers\InvestmentsAPIController::GET

[1 occurrence(s)]
DEBUG --> [REQ_ID=30bae34b8af0] [FILTER_AFTER]

[1 occurrence(s)]
DEBUG --> [REQ_ID=30bae34b8af0] [LIFECYCLE][END] status=200 duration_ms=21.72 memory_delta=0

[1 occurrence(s)]
DEBUG --> [REQ_ID=30bae34b8af0] [REQUEST][END]

[1 occurrence(s)]
DEBUG --> [REQ_ID=7695af8a8795] [REQUEST][START] GET /index.php/Memberships

[1 occurrence(s)]
DEBUG --> [REQ_ID=7695af8a8795] [FILTER_BEFORE] /index.php/Memberships

[1 occurrence(s)]
DEBUG --> [REQ_ID=7695af8a8795] [ROUTE] Controller=\App\Controllers\Home Method=memberships

[1 occurrence(s)]
DEBUG --> [REQ_ID=7695af8a8795] [LIFECYCLE][START] GET https://www.mymiwallet.com/index.php/Memberships

[1 occurrence(s)]
DEBUG --> [REQ_ID=23c7eada2aac] [INIT] App\Controllers\Home::GET

[1 occurrence(s)]
DEBUG --> [REQ_ID=23c7eada2aac] [VIEW_RENDER] themes/public/memberships

[1 occurrence(s)]
DEBUG --> [REQ_ID=7695af8a8795] [FILTER_AFTER]

[1 occurrence(s)]
DEBUG --> [REQ_ID=7695af8a8795] [LIFECYCLE][END] status=200 duration_ms=784.39 memory_delta=4194304

[1 occurrence(s)]
DEBUG --> [REQ_ID=7695af8a8795] [REQUEST][END]

[1 occurrence(s)]
DEBUG --> [REQ_ID=b30b28e764f9] [REQUEST][START] GET /index.php/MyMI-Gold/Goals/Daily

[1 occurrence(s)]
DEBUG --> [REQ_ID=b30b28e764f9] [FILTER_BEFORE] /index.php/MyMI-Gold/Goals/Daily

[1 occurrence(s)]
DEBUG --> [REQ_ID=b30b28e764f9] [ROUTE] Controller=\App\Modules\User\Controllers\DashboardController Method=goals

[1 occurrence(s)]
DEBUG --> [REQ_ID=b30b28e764f9] [LIFECYCLE][START] GET https://www.mymiwallet.com/index.php/MyMI-Gold/Goals/Daily

[1 occurrence(s)]
DEBUG --> [CSRF] token name=csrf_test_name hash=93e6123586703f753f8c2127eca514a5

[1 occurrence(s)]
DEBUG --> [REQ_ID=b30b28e764f9] [REQUEST][END]

[1 occurrence(s)]
DEBUG --> [REQ_ID=500275ad2832] [REQUEST][START] GET /index.php/login

[1 occurrence(s)]
DEBUG --> [REQ_ID=500275ad2832] [FILTER_BEFORE] /index.php/login

[1 occurrence(s)]
DEBUG --> [REQ_ID=500275ad2832] [ROUTE] Controller=\App\Controllers\AuthController Method=login

[1 occurrence(s)]
DEBUG --> [REQ_ID=500275ad2832] [LIFECYCLE][START] GET https://www.mymiwallet.com/index.php/login

[1 occurrence(s)]
DEBUG --> [CSRF] token name=csrf_test_name hash=cb6d3b22e646c1dca46aa95042de8fb0

[1 occurrence(s)]
DEBUG --> [REQ_ID=c89924f10587] [INIT] App\Controllers\AuthController::GET

[1 occurrence(s)]
DEBUG --> [REQ_ID=500275ad2832] [FILTER_AFTER]

[1 occurrence(s)]
DEBUG --> [REQ_ID=500275ad2832] [LIFECYCLE][END] status=200 duration_ms=38.75 memory_delta=0

[1 occurrence(s)]
DEBUG --> [REQ_ID=500275ad2832] [REQUEST][END]

[1 occurrence(s)]
DEBUG --> [REQ_ID=8a9c31a4168c] [REQUEST][START] HEAD /

[1 occurrence(s)]
DEBUG --> [REQ_ID=a1e0019985ea] [REQUEST][START] GET /

[1 occurrence(s)]
DEBUG --> [REQ_ID=a1e0019985ea] [FILTER_BEFORE] /

[1 occurrence(s)]
DEBUG --> [REQ_ID=a1e0019985ea] [ROUTE] Controller=\App\Controllers\Home Method=index

[1 occurrence(s)]
DEBUG --> [REQ_ID=a1e0019985ea] [LIFECYCLE][START] GET https://www.mymiwallet.com/index.php/

[1 occurrence(s)]
DEBUG --> [CSRF] token name=csrf_test_name hash=b03907d63d0c5352a5f6b7a5454c885f

[1 occurrence(s)]
DEBUG --> [REQ_ID=267d9bff26e6] [INIT] App\Controllers\Home::GET

[1 occurrence(s)]
DEBUG --> [REQ_ID=267d9bff26e6] [VIEW_RENDER] themes/public/home

[1 occurrence(s)]
DEBUG --> [REQ_ID=a1e0019985ea] [FILTER_AFTER]

[1 occurrence(s)]
DEBUG --> [REQ_ID=a1e0019985ea] [LIFECYCLE][END] status=200 duration_ms=597.36 memory_delta=4194304

[1 occurrence(s)]
DEBUG --> [REQ_ID=a1e0019985ea] [REQUEST][END]

[1 occurrence(s)]
DEBUG --> [REQ_ID=9cc4726ecb74] [REQUEST][START] GET /index.php/API/Alerts/fetchEmailAlerts

[1 occurrence(s)]
DEBUG --> [REQ_ID=9cc4726ecb74] [FILTER_BEFORE] /index.php/API/Alerts/fetchEmailAlerts

[1 occurrence(s)]
DEBUG --> [REQ_ID=9cc4726ecb74] [ROUTE] Controller=\App\Modules\APIs\Controllers\AlertsAPIController Method=fetchEmailAlerts

[1 occurrence(s)]
DEBUG --> [REQ_ID=9cc4726ecb74] [LIFECYCLE][START] GET https://www.mymiwallet.com/index.php/API/Alerts/fetchEmailAlerts

[1 occurrence(s)]
DEBUG --> [REQ_ID=9cc4726ecb74] [REQUEST][END]

[1 occurrence(s)]
DEBUG --> [REQ_ID=1986cd5e49c7] [REQUEST][START] HEAD /

[1 occurrence(s)]
DEBUG --> [REQ_ID=452fa7715010] [REQUEST][START] GET /index.php/Account

[1 occurrence(s)]
DEBUG --> [REQ_ID=452fa7715010] [FILTER_BEFORE] /index.php/Account

[1 occurrence(s)]
DEBUG --> [REQ_ID=452fa7715010] [ROUTE] Controller=\App\Modules\User\Controllers\DashboardController Method=account

[1 occurrence(s)]
DEBUG --> [REQ_ID=452fa7715010] [LIFECYCLE][START] GET https://www.mymiwallet.com/index.php/Account

[1 occurrence(s)]
DEBUG --> [CSRF] token name=csrf_test_name hash=a1e254105b6df4a149e4b29a8dfd30e6

[1 occurrence(s)]
DEBUG --> [REQ_ID=452fa7715010] [REQUEST][END]

[1 occurrence(s)]
DEBUG --> [REQ_ID=33b92aee8d06] [REQUEST][START] GET /index.php/login

[1 occurrence(s)]
DEBUG --> [REQ_ID=33b92aee8d06] [FILTER_BEFORE] /index.php/login

[1 occurrence(s)]
DEBUG --> [REQ_ID=33b92aee8d06] [ROUTE] Controller=\App\Controllers\AuthController Method=login

[1 occurrence(s)]
DEBUG --> [REQ_ID=33b92aee8d06] [LIFECYCLE][START] GET https://www.mymiwallet.com/index.php/login

[1 occurrence(s)]
DEBUG --> [CSRF] token name=csrf_test_name hash=37977c6088ad9f4769f36752a69b8d54

[1 occurrence(s)]
DEBUG --> [REQ_ID=5163c091e6b0] [INIT] App\Controllers\AuthController::GET

[1 occurrence(s)]
DEBUG --> [REQ_ID=33b92aee8d06] [FILTER_AFTER]

[1 occurrence(s)]
DEBUG --> [REQ_ID=33b92aee8d06] [LIFECYCLE][END] status=200 duration_ms=226.62 memory_delta=0

[1 occurrence(s)]
DEBUG --> [REQ_ID=33b92aee8d06] [REQUEST][END]

[1 occurrence(s)]
DEBUG --> [REQ_ID=43898653fc42] [REQUEST][START] HEAD /

[1 occurrence(s)]
DEBUG --> [REQ_ID=42fe167791b2] [REQUEST][START] HEAD /

[1 occurrence(s)]
DEBUG --> [REQ_ID=12ddb869844a] [REQUEST][START] GET /index.php/Management/Marketing/Ideas

[1 occurrence(s)]
DEBUG --> [REQ_ID=12ddb869844a] [FILTER_BEFORE] /index.php/Management/Marketing/Ideas

[1 occurrence(s)]
DEBUG --> [REQ_ID=12ddb869844a] [ROUTE] Controller=\App\Modules\Management\Controllers\MarketingAdminController Method=ideas

[1 occurrence(s)]
DEBUG --> [REQ_ID=12ddb869844a] [LIFECYCLE][START] GET https://www.mymiwallet.com/index.php/Management/Marketing/Ideas

[1 occurrence(s)]
DEBUG --> [CSRF] token name=csrf_test_name hash=3c09a52f90b6472b75ba92f0b74a5529

[1 occurrence(s)]
DEBUG --> [REQ_ID=12ddb869844a] [REQUEST][END]

[1 occurrence(s)]
DEBUG --> [REQ_ID=3ed6905e1966] [REQUEST][START] GET /index.php/login

[1 occurrence(s)]
DEBUG --> [REQ_ID=3ed6905e1966] [FILTER_BEFORE] /index.php/login

[1 occurrence(s)]
DEBUG --> [REQ_ID=3ed6905e1966] [ROUTE] Controller=\App\Controllers\AuthController Method=login

[1 occurrence(s)]
DEBUG --> [REQ_ID=3ed6905e1966] [LIFECYCLE][START] GET https://www.mymiwallet.com/index.php/login

[1 occurrence(s)]
DEBUG --> [CSRF] token name=csrf_test_name hash=053a213b208619c6c77538687adff6f8

[1 occurrence(s)]
DEBUG --> [REQ_ID=e3a113c17ff0] [INIT] App\Controllers\AuthController::GET

[1 occurrence(s)]
DEBUG --> [REQ_ID=3ed6905e1966] [FILTER_AFTER]

[1 occurrence(s)]
DEBUG --> [REQ_ID=3ed6905e1966] [LIFECYCLE][END] status=200 duration_ms=52.06 memory_delta=0

[1 occurrence(s)]
DEBUG --> [REQ_ID=3ed6905e1966] [REQUEST][END]

[1 occurrence(s)]
DEBUG --> [REQ_ID=1e520d21e109] [REQUEST][START] HEAD /

[1 occurrence(s)]
DEBUG --> [REQ_ID=7eef2e50ec27] [REQUEST][START] HEAD /

[1 occurrence(s)]
DEBUG --> [REQ_ID=4cb8c6553c2c] [REQUEST][START] HEAD /

[1 occurrence(s)]
DEBUG --> [REQ_ID=4be91ab62762] [REQUEST][START] HEAD /

[1 occurrence(s)]
DEBUG --> [REQ_ID=17727e919e49] [REQUEST][START] HEAD /

[1 occurrence(s)]
DEBUG --> [REQ_ID=ffe8cde87fc8] [REQUEST][START] HEAD /

[1 occurrence(s)]
DEBUG --> [REQ_ID=76714e659016] [REQUEST][START] GET /index.php/API/Management/Run-CRON-Tasks

[1 occurrence(s)]
DEBUG --> [REQ_ID=76714e659016] [FILTER_BEFORE] /index.php/API/Management/Run-CRON-Tasks

[1 occurrence(s)]
DEBUG --> [REQ_ID=76714e659016] [ROUTE] Controller=\App\Modules\Management\Controllers\ManagementAPIController Method=Run_CRON_Tasks

[1 occurrence(s)]
DEBUG --> [REQ_ID=76714e659016] [LIFECYCLE][START] GET https://www.mymiwallet.com/index.php/API/Management/Run-CRON-Tasks

[1 occurrence(s)]
DEBUG --> [REQ_ID=76714e659016] [REQUEST][END]

[1 occurrence(s)]
DEBUG --> [REQ_ID=3adc8850850c] [REQUEST][START] HEAD /

[1 occurrence(s)]
DEBUG --> [REQ_ID=3d114d16cb94] [REQUEST][START] HEAD /

[1 occurrence(s)]
DEBUG --> [REQ_ID=60c6c0c6f3e7] [REQUEST][START] HEAD /

[1 occurrence(s)]
DEBUG --> [REQ_ID=22be81fc7583] [REQUEST][START] GET /

[1 occurrence(s)]
DEBUG --> [REQ_ID=22be81fc7583] [FILTER_BEFORE] /

[1 occurrence(s)]
DEBUG --> [REQ_ID=22be81fc7583] [ROUTE] Controller=\App\Controllers\Home Method=index

[1 occurrence(s)]
DEBUG --> [REQ_ID=22be81fc7583] [LIFECYCLE][START] GET https://www.mymiwallet.com/index.php/

[1 occurrence(s)]
DEBUG --> [CSRF] token name=csrf_test_name hash=e6a3a2aac08f3d58939aceec6a010c24

[1 occurrence(s)]
DEBUG --> [REQ_ID=143c5497ec92] [INIT] App\Controllers\Home::GET

[1 occurrence(s)]
DEBUG --> [REQ_ID=143c5497ec92] [VIEW_RENDER] themes/public/home

[1 occurrence(s)]
DEBUG --> [REQ_ID=22be81fc7583] [FILTER_AFTER]

[1 occurrence(s)]
DEBUG --> [REQ_ID=22be81fc7583] [LIFECYCLE][END] status=200 duration_ms=885.52 memory_delta=4194304

[1 occurrence(s)]
DEBUG --> [REQ_ID=22be81fc7583] [REQUEST][END]

[1 occurrence(s)]
DEBUG --> [REQ_ID=ac0f272cbb66] [REQUEST][START] GET /index.php/API/Alerts/fetchEmailAlerts

[1 occurrence(s)]
DEBUG --> [REQ_ID=ac0f272cbb66] [FILTER_BEFORE] /index.php/API/Alerts/fetchEmailAlerts

[1 occurrence(s)]
DEBUG --> [REQ_ID=ac0f272cbb66] [ROUTE] Controller=\App\Modules\APIs\Controllers\AlertsAPIController Method=fetchEmailAlerts

[1 occurrence(s)]
DEBUG --> [REQ_ID=ac0f272cbb66] [LIFECYCLE][START] GET https://www.mymiwallet.com/index.php/API/Alerts/fetchEmailAlerts

[1 occurrence(s)]
DEBUG --> [REQ_ID=ac0f272cbb66] [REQUEST][END]

[1 occurrence(s)]
DEBUG --> [REQ_ID=c5d1d40c074e] [REQUEST][START] HEAD /

[1 occurrence(s)]
DEBUG --> [REQ_ID=c4689d13d758] [REQUEST][START] HEAD /

[1 occurrence(s)]
DEBUG --> [REQ_ID=de7b8585aa04] [REQUEST][START] HEAD /

[1 occurrence(s)]
DEBUG --> [REQ_ID=c7a380664925] [REQUEST][START] HEAD /

[1 occurrence(s)]
DEBUG --> [REQ_ID=4f1af7ec9915] [REQUEST][START] HEAD /

[1 occurrence(s)]
DEBUG --> [REQ_ID=61133a56cc37] [REQUEST][START] HEAD /

[1 occurrence(s)]
DEBUG --> [REQ_ID=a5f7295178f7] [REQUEST][START] GET /index.php/activate

[1 occurrence(s)]
DEBUG --> [REQ_ID=a5f7295178f7] [REQUEST][END]

[1 occurrence(s)]
DEBUG --> [REQ_ID=b0b83990a001] [REQUEST][START] HEAD /

[1 occurrence(s)]
DEBUG --> [REQ_ID=e110f8b9fa95] [REQUEST][START] HEAD /

[1 occurrence(s)]
DEBUG --> [REQ_ID=b4b9e9c619bc] [REQUEST][START] HEAD /

[1 occurrence(s)]
DEBUG --> [REQ_ID=6be426cb46ab] [REQUEST][START] GET /index.php/API/Management/Run-CRON-Tasks

[1 occurrence(s)]
DEBUG --> [REQ_ID=6be426cb46ab] [FILTER_BEFORE] /index.php/API/Management/Run-CRON-Tasks

[1 occurrence(s)]
DEBUG --> [REQ_ID=6be426cb46ab] [ROUTE] Controller=\App\Modules\Management\Controllers\ManagementAPIController Method=Run_CRON_Tasks

[1 occurrence(s)]
DEBUG --> [REQ_ID=6be426cb46ab] [LIFECYCLE][START] GET https://www.mymiwallet.com/index.php/API/Management/Run-CRON-Tasks

[1 occurrence(s)]
DEBUG --> [REQ_ID=6be426cb46ab] [REQUEST][END]

[1 occurrence(s)]
DEBUG --> [REQ_ID=f3e0a1703f48] [REQUEST][START] HEAD /

[1 occurrence(s)]
DEBUG --> [REQ_ID=df5f963be4c7] [REQUEST][START] HEAD /

[1 occurrence(s)]
DEBUG --> [REQ_ID=b881734be78c] [REQUEST][START] HEAD /

[1 occurrence(s)]
DEBUG --> [REQ_ID=4b257b94fb1a] [REQUEST][START] GET /index.php/API/Alerts/fetchEmailAlerts

[1 occurrence(s)]
DEBUG --> [REQ_ID=4b257b94fb1a] [FILTER_BEFORE] /index.php/API/Alerts/fetchEmailAlerts

[1 occurrence(s)]
DEBUG --> [REQ_ID=4b257b94fb1a] [ROUTE] Controller=\App\Modules\APIs\Controllers\AlertsAPIController Method=fetchEmailAlerts

[1 occurrence(s)]
DEBUG --> [REQ_ID=4b257b94fb1a] [LIFECYCLE][START] GET https://www.mymiwallet.com/index.php/API/Alerts/fetchEmailAlerts

[1 occurrence(s)]
DEBUG --> [REQ_ID=4b257b94fb1a] [REQUEST][END]

[1 occurrence(s)]
DEBUG --> [REQ_ID=d07595d46c76] [REQUEST][START] HEAD /

[1 occurrence(s)]
DEBUG --> [REQ_ID=413c40e7ed17] [REQUEST][START] HEAD /

[1 occurrence(s)]
DEBUG --> [REQ_ID=4092e4e1022c] [REQUEST][START] GET /

[1 occurrence(s)]
DEBUG --> [REQ_ID=4092e4e1022c] [FILTER_BEFORE] /

[1 occurrence(s)]
DEBUG --> [REQ_ID=4092e4e1022c] [ROUTE] Controller=\App\Controllers\Home Method=index

[1 occurrence(s)]
DEBUG --> [REQ_ID=4092e4e1022c] [LIFECYCLE][START] GET https://www.mymiwallet.com/index.php/

[1 occurrence(s)]
DEBUG --> [CSRF] token name=csrf_test_name hash=b0b06ee54bc2c3d0d799d8e0e4bb06e4

[1 occurrence(s)]
DEBUG --> [REQ_ID=1eefdfabedab] [INIT] App\Controllers\Home::GET

[1 occurrence(s)]
DEBUG --> [REQ_ID=1eefdfabedab] [VIEW_RENDER] themes/public/home

[1 occurrence(s)]
DEBUG --> [REQ_ID=4092e4e1022c] [FILTER_AFTER]

[1 occurrence(s)]
DEBUG --> [REQ_ID=4092e4e1022c] [LIFECYCLE][END] status=200 duration_ms=1,392.70 memory_delta=4194304

[1 occurrence(s)]
DEBUG --> [REQ_ID=4092e4e1022c] [REQUEST][END]

[1 occurrence(s)]
DEBUG --> [REQ_ID=c46ac53018f7] [REQUEST][START] HEAD /

[1 occurrence(s)]
DEBUG --> [REQ_ID=0bc8237b6fd0] [REQUEST][START] HEAD /

[1 occurrence(s)]
DEBUG --> [REQ_ID=238595a605f8] [REQUEST][START] HEAD /

[1 occurrence(s)]
DEBUG --> [REQ_ID=c1c351657c35] [REQUEST][START] HEAD /

[1 occurrence(s)]
DEBUG --> [REQ_ID=08eaa611b8fb] [REQUEST][START] HEAD /

[1 occurrence(s)]
DEBUG --> [REQ_ID=ac3d9a1a075d] [REQUEST][START] GET /index.php

[1 occurrence(s)]
DEBUG --> [REQ_ID=ac3d9a1a075d] [REQUEST][END]

[1 occurrence(s)]
DEBUG --> [REQ_ID=7ab366aad982] [REQUEST][START] GET /

[1 occurrence(s)]
DEBUG --> [REQ_ID=7ab366aad982] [FILTER_BEFORE] /

[1 occurrence(s)]
DEBUG --> [REQ_ID=7ab366aad982] [ROUTE] Controller=\App\Controllers\Home Method=index

[1 occurrence(s)]
DEBUG --> [REQ_ID=7ab366aad982] [LIFECYCLE][START] GET https://www.mymiwallet.com/index.php/

[1 occurrence(s)]
DEBUG --> [CSRF] token name=csrf_test_name hash=a197d94b90da733a7fbad638b7a07221

[1 occurrence(s)]
DEBUG --> [REQ_ID=d757ab70b260] [INIT] App\Controllers\Home::GET

[1 occurrence(s)]
DEBUG --> [REQ_ID=d757ab70b260] [VIEW_RENDER] themes/public/home

[1 occurrence(s)]
DEBUG --> [REQ_ID=7ab366aad982] [FILTER_AFTER]

[1 occurrence(s)]
DEBUG --> [REQ_ID=7ab366aad982] [LIFECYCLE][END] status=200 duration_ms=1,011.84 memory_delta=4194304

[1 occurrence(s)]
DEBUG --> [REQ_ID=7ab366aad982] [REQUEST][END]

[1 occurrence(s)]
DEBUG --> [REQ_ID=21cca3d47210] [REQUEST][START] HEAD /

[1 occurrence(s)]
DEBUG --> [REQ_ID=2a4b5ef83868] [REQUEST][START] GET /

[1 occurrence(s)]
DEBUG --> [REQ_ID=2a4b5ef83868] [FILTER_BEFORE] /

[1 occurrence(s)]
DEBUG --> [REQ_ID=2a4b5ef83868] [ROUTE] Controller=\App\Controllers\Home Method=index

[1 occurrence(s)]
DEBUG --> [REQ_ID=2a4b5ef83868] [LIFECYCLE][START] GET https://www.mymiwallet.com/index.php/

[1 occurrence(s)]
DEBUG --> [CSRF] token name=csrf_test_name hash=3f388d58253cd83ae2e8b4b443f022dc

[1 occurrence(s)]
DEBUG --> [REQ_ID=05480aea8267] [INIT] App\Controllers\Home::GET

[1 occurrence(s)]
DEBUG --> [REQ_ID=05480aea8267] [VIEW_RENDER] themes/public/home

[1 occurrence(s)]
DEBUG --> [REQ_ID=2a4b5ef83868] [FILTER_AFTER]

[1 occurrence(s)]
DEBUG --> [REQ_ID=2a4b5ef83868] [LIFECYCLE][END] status=200 duration_ms=866.21 memory_delta=4194304

[1 occurrence(s)]
DEBUG --> [REQ_ID=2a4b5ef83868] [REQUEST][END]

[1 occurrence(s)]
DEBUG --> [REQ_ID=9320d3504423] [REQUEST][START] HEAD /

[1 occurrence(s)]
DEBUG --> [REQ_ID=862a0156b229] [REQUEST][START] GET /index.php/API/Management/Run-CRON-Tasks

[1 occurrence(s)]
DEBUG --> [REQ_ID=862a0156b229] [FILTER_BEFORE] /index.php/API/Management/Run-CRON-Tasks

[1 occurrence(s)]
DEBUG --> [REQ_ID=862a0156b229] [ROUTE] Controller=\App\Modules\Management\Controllers\ManagementAPIController Method=Run_CRON_Tasks

[1 occurrence(s)]
DEBUG --> [REQ_ID=862a0156b229] [LIFECYCLE][START] GET https://www.mymiwallet.com/index.php/API/Management/Run-CRON-Tasks

[1 occurrence(s)]
DEBUG --> [REQ_ID=862a0156b229] [REQUEST][END]

[1 occurrence(s)]
DEBUG --> [REQ_ID=48662e3d82ce] [REQUEST][START] GET /

[1 occurrence(s)]
DEBUG --> [REQ_ID=48662e3d82ce] [FILTER_BEFORE] /

[1 occurrence(s)]
DEBUG --> [REQ_ID=48662e3d82ce] [ROUTE] Controller=\App\Controllers\Home Method=index

[1 occurrence(s)]
DEBUG --> [REQ_ID=48662e3d82ce] [LIFECYCLE][START] GET https://www.mymiwallet.com/index.php/

[1 occurrence(s)]
DEBUG --> [CSRF] token name=csrf_test_name hash=7b7ad7807fa588c8d42cb9d44f29600a

[1 occurrence(s)]
DEBUG --> [REQ_ID=136331a77ce8] [INIT] App\Controllers\Home::GET

[1 occurrence(s)]
DEBUG --> [REQ_ID=136331a77ce8] [VIEW_RENDER] themes/public/home

[1 occurrence(s)]
DEBUG --> [REQ_ID=48662e3d82ce] [FILTER_AFTER]

[1 occurrence(s)]
DEBUG --> [REQ_ID=48662e3d82ce] [LIFECYCLE][END] status=200 duration_ms=840.87 memory_delta=4194304

[1 occurrence(s)]
DEBUG --> [REQ_ID=48662e3d82ce] [REQUEST][END]

[1 occurrence(s)]
DEBUG --> [REQ_ID=b7ff6ef7e1fd] [REQUEST][START] HEAD /

[1 occurrence(s)]
DEBUG --> [REQ_ID=85cba14e702f] [REQUEST][START] HEAD /

[1 occurrence(s)]
DEBUG --> [REQ_ID=ff893b4389bc] [REQUEST][START] HEAD /

[1 occurrence(s)]
DEBUG --> [REQ_ID=f7d01d0777df] [REQUEST][START] GET /index.php/Blog/News-And-Updates/Integrating-With-Plaid

[1 occurrence(s)]
DEBUG --> [REQ_ID=f7d01d0777df] [FILTER_BEFORE] /index.php/Blog/News-And-Updates/Integrating-With-Plaid

[1 occurrence(s)]
DEBUG --> [REQ_ID=f7d01d0777df] [ROUTE] Controller=\App\Modules\Blog\Controllers\NewsAndUpdates Method=IntegratingWithPlaid

[1 occurrence(s)]
DEBUG --> [REQ_ID=f7d01d0777df] [LIFECYCLE][START] GET https://www.mymiwallet.com/index.php/Blog/News-And-Updates/Integrating-With-Plaid

[1 occurrence(s)]
DEBUG --> [CSRF] token name=csrf_test_name hash=865a87865197d46f9432dbfa2c289ed9

[1 occurrence(s)]
DEBUG --> [REQ_ID=2610d1d0b6b9] [INIT] App\Modules\Blog\Controllers\NewsAndUpdates::GET

[1 occurrence(s)]
DEBUG --> [REQ_ID=2610d1d0b6b9] [METHOD_ENTRY] IntegratingWithPlaid

[1 occurrence(s)]
DEBUG --> [REQ_ID=f2cddc510cd6] [REQUEST][START] GET /index.php/API/Alerts/fetchEmailAlerts

[1 occurrence(s)]
DEBUG --> [REQ_ID=f2cddc510cd6] [FILTER_BEFORE] /index.php/API/Alerts/fetchEmailAlerts

[1 occurrence(s)]
DEBUG --> [REQ_ID=f2cddc510cd6] [ROUTE] Controller=\App\Modules\APIs\Controllers\AlertsAPIController Method=fetchEmailAlerts

[1 occurrence(s)]
DEBUG --> [REQ_ID=f2cddc510cd6] [LIFECYCLE][START] GET https://www.mymiwallet.com/index.php/API/Alerts/fetchEmailAlerts

[1 occurrence(s)]
DEBUG --> [REQ_ID=f2cddc510cd6] [REQUEST][END]

[1 occurrence(s)]
DEBUG --> [REQ_ID=3c973ea8c7d1] [REQUEST][START] HEAD /

[1 occurrence(s)]
DEBUG --> [REQ_ID=71a79193a697] [REQUEST][START] HEAD /

[1 occurrence(s)]
DEBUG --> [REQ_ID=3ef8984adcdd] [REQUEST][START] HEAD /

[1 occurrence(s)]
DEBUG --> [REQ_ID=e24fa70a88b3] [REQUEST][START] HEAD /

[1 occurrence(s)]
DEBUG --> [REQ_ID=2e4d8e176dfe] [REQUEST][START] HEAD /

[1 occurrence(s)]
DEBUG --> [REQ_ID=c2b9b14f1fc5] [REQUEST][START] HEAD /

[1 occurrence(s)]
DEBUG --> [REQ_ID=3e2e57c3ee5a] [REQUEST][START] HEAD /

[1 occurrence(s)]
DEBUG --> [REQ_ID=07bb4c80ab40] [REQUEST][START] HEAD /

[1 occurrence(s)]
DEBUG --> [REQ_ID=d8df58a11b80] [REQUEST][START] HEAD /

[1 occurrence(s)]
DEBUG --> [REQ_ID=eea14ae8b73a] [REQUEST][START] GET /index.php/API/Management/Run-CRON-Tasks

[1 occurrence(s)]
DEBUG --> [REQ_ID=eea14ae8b73a] [FILTER_BEFORE] /index.php/API/Management/Run-CRON-Tasks

[1 occurrence(s)]
DEBUG --> [REQ_ID=eea14ae8b73a] [ROUTE] Controller=\App\Modules\Management\Controllers\ManagementAPIController Method=Run_CRON_Tasks

[1 occurrence(s)]
DEBUG --> [REQ_ID=eea14ae8b73a] [LIFECYCLE][START] GET https://www.mymiwallet.com/index.php/API/Management/Run-CRON-Tasks

[1 occurrence(s)]
DEBUG --> [REQ_ID=eea14ae8b73a] [REQUEST][END]


---------------------------
LEVEL: INFO
---------------------------

[1 occurrence(s)]
INFO --> [REQ_ID=86b556d589ae] [PERF] Execution time=0.046894

[1 occurrence(s)]
INFO --> [REQ_ID=9df1f3f1e9ca] [MEMORY][controller-start] 6291456

[1 occurrence(s)]
INFO --> [REQ_ID=9df1f3f1e9ca] [MEMORY][commonData:start] 6291456

[1 occurrence(s)]
INFO --> [REQ_ID=9df1f3f1e9ca] [MEMORY][commonData:start] 10485760

[10 occurrence(s)]
INFO --> themesMemory usage: 10485760

[1 occurrence(s)]
INFO --> [REQ_ID=9df1f3f1e9ca] [PERF] Execution time=0.896711

[1 occurrence(s)]
INFO --> [REQ_ID=8954d0affa28] [PERF] Execution time=0.937331

[1 occurrence(s)]
INFO --> [REQ_ID=57f6a781e2e7] [PERF] Execution time=0.045827

[1 occurrence(s)]
INFO --> [REQ_ID=4b0cce7b9889] [PERF] Execution time=0.039029

[1 occurrence(s)]
INFO --> [REQ_ID=16361c5942cd] [PERF] Execution time=0.040745

[1 occurrence(s)]
INFO --> [REQ_ID=c4e3e9bfbbbb] [PERF] Execution time=0.009532

[1 occurrence(s)]
INFO --> [REQ_ID=c0a97ced8e43] [MEMORY][controller-start] 6291456

[1 occurrence(s)]
INFO --> [REQ_ID=c0a97ced8e43] [PERF] Execution time=0.066504

[1 occurrence(s)]
INFO --> [REQ_ID=a8e360c30a94] [PERF] Execution time=0.109370

[1 occurrence(s)]
INFO --> [REQ_ID=e898ee3f0308] [PERF] Execution time=0.010071

[1 occurrence(s)]
INFO --> [REQ_ID=a3ab145495f7] [MEMORY][controller-start] 4194304

[1 occurrence(s)]
INFO --> [REQ_ID=a3ab145495f7] [PERF] Execution time=0.173168

[1 occurrence(s)]
INFO --> [REQ_ID=6f30fc0102c2] [PERF] Execution time=0.181911

[10 occurrence(s)]
INFO --> CSRF token verified.

[1 occurrence(s)]
INFO --> [REQ_ID=a126e6ecc30a] [MEMORY][controller-start] 4194304

[4 occurrence(s)]
INFO --> AuthController L93: Auth:attemptLogin started.

[4 occurrence(s)]
INFO --> AuthController L104: Auth:attemptLogin rules: {"login":"required","password":"required"}

[1 occurrence(s)]
INFO --> AuthController L132: Auth:attemptLogin Login Variables: login: required, remember: false, ip: 76.234.126.68, ua: Mozilla/5.0 (Windows NT 10.0; Win64; x64) AppleWebKit/537.36 (KHTML, like Gecko) Chrome/146.0.0.0 Safari/537.36

[4 occurrence(s)]
INFO --> [AUTH] Login success

[1 occurrence(s)]
INFO --> [REQ_ID=a126e6ecc30a] [PERF] Execution time=0.183267

[1 occurrence(s)]
INFO --> [REQ_ID=73e892bdcb93] [PERF] Execution time=0.192606

[1 occurrence(s)]
INFO --> [REQ_ID=356f7e731277] [MEMORY][controller-start] 4194304

[1 occurrence(s)]
INFO --> [REQ_ID=356f7e731277] [MEMORY][commonData:start] 10485760

[1 occurrence(s)]
INFO --> [REQ_ID=356f7e731277] [MEMORY][commonData:start] 20971520

[2 occurrence(s)]
INFO --> themesMemory usage: 25165824

[1 occurrence(s)]
INFO --> [REQ_ID=356f7e731277] [PERF] Execution time=3.750075

[1 occurrence(s)]
INFO --> [REQ_ID=5984b183b163] [PERF] Execution time=3.792433

[1 occurrence(s)]
INFO --> [REQ_ID=6f88877449c1] [MEMORY][controller-start] 6291456

[1 occurrence(s)]
INFO --> [REQ_ID=6f88877449c1] [PERF] Execution time=0.187512

[1 occurrence(s)]
INFO --> [REQ_ID=a1924d73d1bb] [PERF] Execution time=2.520879

[1 occurrence(s)]
INFO --> [REQ_ID=f41bb80cf279] [MEMORY][controller-start] 6291456

[1 occurrence(s)]
INFO --> [REQ_ID=f41bb80cf279] [PERF] Execution time=27.149703

[1 occurrence(s)]
INFO --> [REQ_ID=ca6d8560972d] [MEMORY][controller-start] 6291456

[1 occurrence(s)]
INFO --> [REQ_ID=ca6d8560972d] [PERF] Execution time=0.270305

[1 occurrence(s)]
INFO --> [REQ_ID=403bb3aa6089] [PERF] Execution time=29.909938

[1 occurrence(s)]
INFO --> [REQ_ID=1c63c761d6e4] [MEMORY][controller-start] 6291456

[1 occurrence(s)]
INFO --> [REQ_ID=1c63c761d6e4] [MEMORY][commonData:start] 8388608

[1 occurrence(s)]
INFO --> [REQ_ID=1c63c761d6e4] [MEMORY][commonData:start] 18874368

[2 occurrence(s)]
INFO --> themesMemory usage: 23068672

[1 occurrence(s)]
INFO --> [REQ_ID=1c63c761d6e4] [PERF] Execution time=4.126534

[1 occurrence(s)]
INFO --> [REQ_ID=74a7d3fee20b] [PERF] Execution time=22.639246

[1 occurrence(s)]
INFO --> [REQ_ID=db61dd2f92c9] [MEMORY][controller-start] 8388608

[1 occurrence(s)]
INFO --> [REQ_ID=db61dd2f92c9] [PERF] Execution time=26.954372

[1 occurrence(s)]
INFO --> [REQ_ID=843eb49efe04] [MEMORY][controller-start] 6291456

[1 occurrence(s)]
INFO --> [REQ_ID=843eb49efe04] [PERF] Execution time=0.217213

[1 occurrence(s)]
INFO --> [REQ_ID=e1af3f754d15] [PERF] Execution time=48.327257

[1 occurrence(s)]
INFO --> [REQ_ID=6597d82715ec] [MEMORY][controller-start] 6291456

[1 occurrence(s)]
INFO --> [REQ_ID=6597d82715ec] [PERF] Execution time=0.208427

[1 occurrence(s)]
INFO --> [REQ_ID=02d1b8768218] [PERF] Execution time=48.570464

[1 occurrence(s)]
INFO --> [REQ_ID=64b6402d3074] [MEMORY][controller-start] 6291456

[1 occurrence(s)]
INFO --> [REQ_ID=64b6402d3074] [MEMORY][commonData:start] 6291456

[1 occurrence(s)]
INFO --> [REQ_ID=64b6402d3074] [MEMORY][commonData:start] 8388608

[39 occurrence(s)]
INFO --> themesMemory usage: 8388608

[1 occurrence(s)]
INFO --> [REQ_ID=64b6402d3074] [PERF] Execution time=0.903283

[1 occurrence(s)]
INFO --> [REQ_ID=db0c8e28b83f] [PERF] Execution time=41.859709

[1 occurrence(s)]
INFO --> [REQ_ID=cf880e841e5d] [MEMORY][controller-start] 4194304

[1 occurrence(s)]
INFO --> [REQ_ID=cf880e841e5d] [MEMORY][commonData:start] 6291456

[1 occurrence(s)]
INFO --> [REQ_ID=cf880e841e5d] [MEMORY][commonData:start] 8388608

[1 occurrence(s)]
INFO --> [REQ_ID=cf880e841e5d] [PERF] Execution time=0.908557

[1 occurrence(s)]
INFO --> [REQ_ID=07c6b3b4d8b9] [PERF] Execution time=0.928850

[1 occurrence(s)]
INFO --> [REQ_ID=ead88e75c610] [MEMORY][controller-start] 6291456

[1 occurrence(s)]
INFO --> [REQ_ID=ead88e75c610] [PERF] Execution time=0.032661

[1 occurrence(s)]
INFO --> [REQ_ID=76914ca0b1dd] [PERF] Execution time=0.044235

[1 occurrence(s)]
INFO --> [REQ_ID=296c4d8dcf0b] [MEMORY][controller-start] 4194304

[1 occurrence(s)]
INFO --> AuthController L132: Auth:attemptLogin Login Variables: login: required, remember: true, ip: 76.234.126.68, ua: Mozilla/5.0 (Windows NT 10.0; Win64; x64) AppleWebKit/537.36 (KHTML, like Gecko) Chrome/146.0.0.0 Safari/537.36

[1 occurrence(s)]
INFO --> [REQ_ID=296c4d8dcf0b] [PERF] Execution time=0.118262

[1 occurrence(s)]
INFO --> [REQ_ID=f4fd1ef0a725] [PERF] Execution time=0.128031

[1 occurrence(s)]
INFO --> [REQ_ID=e5767f1c5ff0] [MEMORY][controller-start] 4194304

[1 occurrence(s)]
INFO --> [REQ_ID=e5767f1c5ff0] [MEMORY][commonData:start] 10485760

[1 occurrence(s)]
INFO --> [REQ_ID=e5767f1c5ff0] [MEMORY][commonData:start] 20971520

[1 occurrence(s)]
INFO --> [REQ_ID=e5767f1c5ff0] [PERF] Execution time=3.907526

[1 occurrence(s)]
INFO --> [REQ_ID=2a448993535f] [PERF] Execution time=3.925025

[1 occurrence(s)]
INFO --> [REQ_ID=331a7e76e970] [MEMORY][controller-start] 4194304

[1 occurrence(s)]
INFO --> [REQ_ID=331a7e76e970] [PERF] Execution time=27.042329

[1 occurrence(s)]
INFO --> [REQ_ID=1d9b29352690] [MEMORY][controller-start] 6291456

[1 occurrence(s)]
INFO --> [REQ_ID=1d9b29352690] [PERF] Execution time=0.094741

[1 occurrence(s)]
INFO --> [REQ_ID=ad35a076ec8f] [PERF] Execution time=30.655837

[1 occurrence(s)]
INFO --> [REQ_ID=ea9b271e5e7a] [MEMORY][controller-start] 6291456

[1 occurrence(s)]
INFO --> [REQ_ID=ea9b271e5e7a] [PERF] Execution time=0.120541

[1 occurrence(s)]
INFO --> [REQ_ID=06b2dc47aef9] [PERF] Execution time=30.780022

[1 occurrence(s)]
INFO --> [REQ_ID=8c6bec221cfb] [MEMORY][controller-start] 4194304

[1 occurrence(s)]
INFO --> [REQ_ID=8c6bec221cfb] [MEMORY][commonData:start] 4194304

[14 occurrence(s)]
INFO --> getSolanaData: invalid address param

[1 occurrence(s)]
INFO --> Premium entitlement resolved: user_id=2 route=/index.php/Alerts feature=alerts.trade_alerts tier=free status=free allowed=no reason=Feature requires tier1 or higher. Current tier: free (free).

[1 occurrence(s)]
INFO --> [REQ_ID=8c6bec221cfb] [PERF] Execution time=0.502187

[1 occurrence(s)]
INFO --> [REQ_ID=cf3c23352b02] [PERF] Execution time=26.927170

[1 occurrence(s)]
INFO --> [REQ_ID=76524d4c7212] [MEMORY][controller-start] 4194304

[1 occurrence(s)]
INFO --> [REQ_ID=76524d4c7212] [MEMORY][commonData:start] 4194304

[1 occurrence(s)]
INFO --> [REQ_ID=76524d4c7212] [MEMORY][commonData:start] 8388608

[1 occurrence(s)]
INFO --> [REQ_ID=76524d4c7212] [PERF] Execution time=0.907069

[1 occurrence(s)]
INFO --> [REQ_ID=dda8f09a371b] [PERF] Execution time=0.917746

[1 occurrence(s)]
INFO --> [REQ_ID=cfbec01987fa] [PERF] Execution time=0.045221

[1 occurrence(s)]
INFO --> [REQ_ID=c49b3bfdf945] [MEMORY][controller-start] 4194304

[1 occurrence(s)]
INFO --> [REQ_ID=c49b3bfdf945] [MEMORY][commonData:start] 6291456

[1 occurrence(s)]
INFO --> [REQ_ID=c49b3bfdf945] [MEMORY][commonData:start] 8388608

[1 occurrence(s)]
INFO --> [REQ_ID=c49b3bfdf945] [PERF] Execution time=0.858533

[1 occurrence(s)]
INFO --> [REQ_ID=34a321c3eb24] [PERF] Execution time=0.873318

[1 occurrence(s)]
INFO --> [REQ_ID=4baa5e9bb934] [MEMORY][controller-start] 6291456

[1 occurrence(s)]
INFO --> [REQ_ID=4baa5e9bb934] [MEMORY][commonData:start] 6291456

[1 occurrence(s)]
INFO --> [REQ_ID=4baa5e9bb934] [MEMORY][commonData:start] 10485760

[1 occurrence(s)]
INFO --> [REQ_ID=4baa5e9bb934] [PERF] Execution time=1.109330

[1 occurrence(s)]
INFO --> [REQ_ID=132cdccdccf3] [PERF] Execution time=1.149788

[1 occurrence(s)]
INFO --> [REQ_ID=183d36429803] [PERF] Execution time=0.045803

[1 occurrence(s)]
INFO --> [REQ_ID=3f19a34c7000] [PERF] Execution time=0.056282

[1 occurrence(s)]
INFO --> [REQ_ID=d083c13fd449] [MEMORY][controller-start] 4194304

[1 occurrence(s)]
INFO --> [REQ_ID=d083c13fd449] [PERF] Execution time=0.048683

[1 occurrence(s)]
INFO --> [REQ_ID=ca06917a803c] [PERF] Execution time=0.061627

[1 occurrence(s)]
INFO --> [REQ_ID=9eb2724951fb] [MEMORY][controller-start] 6291456

[1 occurrence(s)]
INFO --> [REQ_ID=9eb2724951fb] [MEMORY][commonData:start] 8388608

[12 occurrence(s)]
INFO --> DashboardController L72 - $checkingSummary: 8784.01

[1 occurrence(s)]
INFO --> [REQ_ID=9eb2724951fb] [PERF] Execution time=1.225292

[1 occurrence(s)]
INFO --> [REQ_ID=4c035099631a] [PERF] Execution time=1.467380

[1 occurrence(s)]
INFO --> [REQ_ID=9104b090e339] [MEMORY][controller-start] 6291456

[1 occurrence(s)]
INFO --> [ACTIVATION] Activation link hit

[1 occurrence(s)]
INFO --> [REQ_ID=9104b090e339] [PERF] Execution time=0.191260

[1 occurrence(s)]
INFO --> [REQ_ID=1abb09ab2979] [PERF] Execution time=0.239610

[1 occurrence(s)]
INFO --> [REQ_ID=89d349aad626] [MEMORY][controller-start] 4194304

[2 occurrence(s)]
INFO --> [REQ_ID=89d349aad626] [MEMORY][commonData:start] 6291456

[17 occurrence(s)]
INFO --> themesMemory usage: 6291456

[1 occurrence(s)]
INFO --> [REQ_ID=89d349aad626] [PERF] Execution time=0.074543

[1 occurrence(s)]
INFO --> [REQ_ID=1b3c82611fd2] [PERF] Execution time=0.087069

[1 occurrence(s)]
INFO --> [REQ_ID=b8e7c0c092d6] [PERF] Execution time=0.010852

[1 occurrence(s)]
INFO --> [REQ_ID=07bb95351c3f] [MEMORY][controller-start] 6291456

[1 occurrence(s)]
INFO --> [REQ_ID=07bb95351c3f] [MEMORY][commonData:start] 6291456

[1 occurrence(s)]
INFO --> [REQ_ID=07bb95351c3f] [MEMORY][commonData:start] 10485760

[1 occurrence(s)]
INFO --> [REQ_ID=07bb95351c3f] [PERF] Execution time=1.030790

[1 occurrence(s)]
INFO --> [REQ_ID=d5905d9f52e4] [PERF] Execution time=1.072270

[1 occurrence(s)]
INFO --> [REQ_ID=cd478236ad51] [MEMORY][controller-start] 6291456

[1 occurrence(s)]
INFO --> [REQ_ID=cd478236ad51] [MEMORY][commonData:start] 8388608

[1 occurrence(s)]
INFO --> [REQ_ID=cd478236ad51] [PERF] Execution time=0.916659

[1 occurrence(s)]
INFO --> [REQ_ID=d618e86a3b0d] [PERF] Execution time=1.012918

[1 occurrence(s)]
INFO --> [REQ_ID=d43dbde925f4] [MEMORY][controller-start] 6291456

[8 occurrence(s)]
INFO --> Premium entitlement resolved: user_id=2 route=/index.php/API/Investments/getConfidenceHeatmap feature=investments.analytics tier=free status=free allowed=no reason=Feature requires tier1 or higher. Current tier: free (free).

[1 occurrence(s)]
INFO --> [REQ_ID=d43dbde925f4] [PERF] Execution time=0.037333

[1 occurrence(s)]
INFO --> [REQ_ID=c6779cc898a8] [PERF] Execution time=0.052163

[1 occurrence(s)]
INFO --> [REQ_ID=d0b291f05c76] [MEMORY][controller-start] 4194304

[1 occurrence(s)]
INFO --> [REQ_ID=d0b291f05c76] [MEMORY][commonData:start] 4194304

[1 occurrence(s)]
INFO --> [REQ_ID=d0b291f05c76] [MEMORY][commonData:start] 8388608

[1 occurrence(s)]
INFO --> [REQ_ID=d0b291f05c76] [PERF] Execution time=0.762935

[1 occurrence(s)]
INFO --> [REQ_ID=8f42ed178778] [PERF] Execution time=0.772960

[1 occurrence(s)]
INFO --> [REQ_ID=bfead84e7e6b] [MEMORY][controller-start] 6291456

[1 occurrence(s)]
INFO --> [REQ_ID=bfead84e7e6b] [PERF] Execution time=0.044753

[1 occurrence(s)]
INFO --> [REQ_ID=57b6ae62c158] [PERF] Execution time=0.072760

[1 occurrence(s)]
INFO --> [REQ_ID=44437c48c6ad] [MEMORY][controller-start] 6291456

[7 occurrence(s)]
INFO --> Premium entitlement resolved: user_id=2 route=/index.php/API/Investments/getForecastAccuracySummary feature=investments.analytics tier=free status=free allowed=no reason=Feature requires tier1 or higher. Current tier: free (free).

[1 occurrence(s)]
INFO --> [REQ_ID=44437c48c6ad] [PERF] Execution time=0.185017

[1 occurrence(s)]
INFO --> [REQ_ID=70c62bf0aeb9] [PERF] Execution time=0.242139

[1 occurrence(s)]
INFO --> [REQ_ID=b43016b90e9a] [MEMORY][controller-start] 4194304

[1 occurrence(s)]
INFO --> [REQ_ID=b43016b90e9a] [MEMORY][commonData:start] 4194304

[1 occurrence(s)]
INFO --> [REQ_ID=b43016b90e9a] [MEMORY][commonData:start] 8388608

[1 occurrence(s)]
INFO --> [REQ_ID=b43016b90e9a] [PERF] Execution time=0.747271

[1 occurrence(s)]
INFO --> [REQ_ID=217ccb0bacd5] [PERF] Execution time=0.982959

[1 occurrence(s)]
INFO --> [REQ_ID=94575a352c87] [MEMORY][controller-start] 6291456

[1 occurrence(s)]
INFO --> [REQ_ID=94575a352c87] [PERF] Execution time=0.523801

[1 occurrence(s)]
INFO --> [REQ_ID=76f53e5af51e] [PERF] Execution time=1.541897

[1 occurrence(s)]
INFO --> [REQ_ID=203f14b81b69] [MEMORY][controller-start] 6291456

[1 occurrence(s)]
INFO --> [REQ_ID=203f14b81b69] [PERF] Execution time=0.077384

[1 occurrence(s)]
INFO --> [REQ_ID=bb58b56d714d] [PERF] Execution time=1.467554

[1 occurrence(s)]
INFO --> [REQ_ID=d04f0759aefb] [MEMORY][controller-start] 6291456

[1 occurrence(s)]
INFO --> [REQ_ID=d04f0759aefb] [MEMORY][commonData:start] 6291456

[1 occurrence(s)]
INFO --> [REQ_ID=d04f0759aefb] [MEMORY][commonData:start] 8388608

[1 occurrence(s)]
INFO --> [REQ_ID=d04f0759aefb] [PERF] Execution time=0.742865

[1 occurrence(s)]
INFO --> [REQ_ID=d0a3c9cd2813] [PERF] Execution time=1.395760

[1 occurrence(s)]
INFO --> [REQ_ID=1ded527e0772] [MEMORY][controller-start] 4194304

[1 occurrence(s)]
INFO --> [REQ_ID=1ded527e0772] [PERF] Execution time=0.023724

[1 occurrence(s)]
INFO --> [REQ_ID=0c34b47bcb9e] [PERF] Execution time=0.865760

[1 occurrence(s)]
INFO --> [REQ_ID=bbad599d4e5b] [MEMORY][controller-start] 4194304

[2 occurrence(s)]
INFO --> [REQ_ID=bbad599d4e5b] [MEMORY][commonData:start] 6291456

[1 occurrence(s)]
INFO --> [REQ_ID=bbad599d4e5b] [PERF] Execution time=0.093663

[1 occurrence(s)]
INFO --> [REQ_ID=e2470937ee95] [PERF] Execution time=0.117604

[1 occurrence(s)]
INFO --> [REQ_ID=b05f242710f8] [MEMORY][controller-start] 4194304

[1 occurrence(s)]
INFO --> [REQ_ID=b05f242710f8] [PERF] Execution time=0.019595

[1 occurrence(s)]
INFO --> [REQ_ID=c56d67524eef] [MEMORY][controller-start] 6291456

[1 occurrence(s)]
INFO --> [REQ_ID=c56d67524eef] [PERF] Execution time=0.027540

[1 occurrence(s)]
INFO --> [REQ_ID=a2ade3edc912] [MEMORY][controller-start] 4194304

[1 occurrence(s)]
INFO --> [REQ_ID=a2ade3edc912] [PERF] Execution time=0.017018

[1 occurrence(s)]
INFO --> [REQ_ID=338604598ffa] [MEMORY][controller-start] 4194304

[1 occurrence(s)]
INFO --> [REQ_ID=338604598ffa] [PERF] Execution time=0.033208

[1 occurrence(s)]
INFO --> [REQ_ID=1b3576cbeeca] [MEMORY][controller-start] 4194304

[2 occurrence(s)]
INFO --> [REQ_ID=1b3576cbeeca] [MEMORY][commonData:start] 4194304

[1 occurrence(s)]
INFO --> Premium entitlement resolved: user_id=2 route=/index.php/Exchange/Solana feature=exchange.swap tier=free status=free allowed=no reason=Feature requires tier2 or higher. Current tier: free (free).

[1 occurrence(s)]
INFO --> [REQ_ID=1b3576cbeeca] [PERF] Execution time=1.522514

[1 occurrence(s)]
INFO --> [REQ_ID=6021f77506e0] [PERF] Execution time=1.562296

[1 occurrence(s)]
INFO --> [REQ_ID=bf7f45f5d0bf] [MEMORY][controller-start] 4194304

[6 occurrence(s)]
INFO --> InvestmentsController getNetworkStatus skipped: SolanaService not configured

[9 occurrence(s)]
INFO --> No general insights found for User ID: 2

[9 occurrence(s)]
INFO --> No valid investment positions found. Skipping allocation calculation.

[2 occurrence(s)]
INFO --> [REQ_ID=bf7f45f5d0bf] [MEMORY][commonData:start] 6291456

[3 occurrence(s)]
INFO --> Premium entitlement resolved: user_id=2 route=/index.php/Investments feature=exchange.swap tier=free status=free allowed=no reason=Feature requires tier2 or higher. Current tier: free (free).

[1 occurrence(s)]
INFO --> [REQ_ID=bf7f45f5d0bf] [PERF] Execution time=2.966428

[1 occurrence(s)]
INFO --> [REQ_ID=ac1b601e3f7f] [PERF] Execution time=3.002420

[1 occurrence(s)]
INFO --> [REQ_ID=e596b0b90f7e] [MEMORY][controller-start] 4194304

[3 occurrence(s)]
INFO --> Premium entitlement resolved: user_id=2 route=/index.php/API/Investments/GetUserWatchlist/2 feature=investments.watchlist tier=free status=free allowed=no reason=Feature requires tier1 or higher. Current tier: free (free).

[1 occurrence(s)]
INFO --> [REQ_ID=e596b0b90f7e] [PERF] Execution time=0.105249

[1 occurrence(s)]
INFO --> [REQ_ID=ac1de75a8060] [PERF] Execution time=0.128062

[1 occurrence(s)]
INFO --> [REQ_ID=ab3b96fe8024] [MEMORY][controller-start] 4194304

[1 occurrence(s)]
INFO --> [REQ_ID=ab3b96fe8024] [PERF] Execution time=0.101635

[1 occurrence(s)]
INFO --> [REQ_ID=91d845a9a5ff] [PERF] Execution time=0.231097

[1 occurrence(s)]
INFO --> [REQ_ID=d3b2f094c4c0] [MEMORY][controller-start] 4194304

[1 occurrence(s)]
INFO --> [REQ_ID=d3b2f094c4c0] [PERF] Execution time=0.042216

[1 occurrence(s)]
INFO --> [REQ_ID=4bf226e32936] [PERF] Execution time=0.285449

[1 occurrence(s)]
INFO --> [REQ_ID=8e13c962ac48] [MEMORY][controller-start] 4194304

[1 occurrence(s)]
INFO --> [REQ_ID=8e13c962ac48] [PERF] Execution time=0.037460

[1 occurrence(s)]
INFO --> [REQ_ID=e1246dcf99f3] [PERF] Execution time=0.330845

[1 occurrence(s)]
INFO --> [REQ_ID=a4eb12ef5ec8] [MEMORY][controller-start] 4194304

[1 occurrence(s)]
INFO --> [REQ_ID=a4eb12ef5ec8] [MEMORY][commonData:start] 4194304

[1 occurrence(s)]
INFO --> [REQ_ID=a4eb12ef5ec8] [MEMORY][commonData:start] 8388608

[1 occurrence(s)]
INFO --> [REQ_ID=a4eb12ef5ec8] [PERF] Execution time=0.754237

[1 occurrence(s)]
INFO --> [REQ_ID=13356e1212b2] [PERF] Execution time=0.915574

[1 occurrence(s)]
INFO --> [REQ_ID=241903910ab6] [MEMORY][controller-start] 6291456

[1 occurrence(s)]
INFO --> [REQ_ID=241903910ab6] [MEMORY][commonData:start] 6291456

[1 occurrence(s)]
INFO --> [REQ_ID=241903910ab6] [MEMORY][commonData:start] 8388608

[1 occurrence(s)]
INFO --> [REQ_ID=241903910ab6] [PERF] Execution time=0.918260

[1 occurrence(s)]
INFO --> [REQ_ID=40211776b5e3] [PERF] Execution time=0.926958

[1 occurrence(s)]
INFO --> [REQ_ID=f6ccff52c107] [MEMORY][controller-start] 6291456

[1 occurrence(s)]
INFO --> [REQ_ID=f6ccff52c107] [MEMORY][commonData:start] 6291456

[1 occurrence(s)]
INFO --> [REQ_ID=f6ccff52c107] [MEMORY][commonData:start] 8388608

[1 occurrence(s)]
INFO --> [REQ_ID=f6ccff52c107] [PERF] Execution time=0.834223

[1 occurrence(s)]
INFO --> [REQ_ID=a04346350428] [PERF] Execution time=0.843441

[1 occurrence(s)]
INFO --> [REQ_ID=e23b8c9aeea4] [MEMORY][controller-start] 6291456

[1 occurrence(s)]
INFO --> [REQ_ID=e23b8c9aeea4] [MEMORY][commonData:start] 6291456

[1 occurrence(s)]
INFO --> [REQ_ID=e23b8c9aeea4] [MEMORY][commonData:start] 8388608

[1 occurrence(s)]
INFO --> [REQ_ID=e23b8c9aeea4] [PERF] Execution time=0.824074

[1 occurrence(s)]
INFO --> [REQ_ID=a0746a2fd380] [PERF] Execution time=0.833392

[1 occurrence(s)]
INFO --> [REQ_ID=1103932e2002] [MEMORY][controller-start] 6291456

[1 occurrence(s)]
INFO --> [REQ_ID=1103932e2002] [MEMORY][commonData:start] 6291456

[1 occurrence(s)]
INFO --> [REQ_ID=1103932e2002] [PERF] Execution time=0.062100

[1 occurrence(s)]
INFO --> [REQ_ID=4f635f849ba2] [PERF] Execution time=0.078720

[1 occurrence(s)]
INFO --> [REQ_ID=938c93e20b68] [MEMORY][controller-start] 6291456

[2 occurrence(s)]
INFO --> [REQ_ID=938c93e20b68] [MEMORY][commonData:start] 6291456

[6 occurrence(s)]
INFO --> ReferralController::commonData getNetworkStatus skipped: SolanaService not configured

[1 occurrence(s)]
INFO --> [REQ_ID=938c93e20b68] [PERF] Execution time=0.353541

[1 occurrence(s)]
INFO --> [REQ_ID=46c8a162bd02] [PERF] Execution time=0.374218

[1 occurrence(s)]
INFO --> [REQ_ID=502f6be51861] [MEMORY][controller-start] 6291456

[1 occurrence(s)]
INFO --> [REQ_ID=502f6be51861] [PERF] Execution time=0.023984

[1 occurrence(s)]
INFO --> [REQ_ID=88674041e266] [PERF] Execution time=0.044699

[1 occurrence(s)]
INFO --> [REQ_ID=78b3e1227415] [MEMORY][controller-start] 4194304

[2 occurrence(s)]
INFO --> [REQ_ID=78b3e1227415] [MEMORY][commonData:start] 4194304

[1 occurrence(s)]
INFO --> [REQ_ID=78b3e1227415] [PERF] Execution time=0.320101

[1 occurrence(s)]
INFO --> [REQ_ID=60fe9ea1e4d8] [PERF] Execution time=0.354459

[1 occurrence(s)]
INFO --> [REQ_ID=3d1d829a3f95] [MEMORY][controller-start] 4194304

[2 occurrence(s)]
INFO --> [REQ_ID=3d1d829a3f95] [MEMORY][commonData:start] 4194304

[1 occurrence(s)]
INFO --> [REQ_ID=3d1d829a3f95] [PERF] Execution time=0.487299

[1 occurrence(s)]
INFO --> [REQ_ID=23bee87c6c24] [MEMORY][controller-start] 4194304

[2 occurrence(s)]
INFO --> [REQ_ID=23bee87c6c24] [MEMORY][commonData:start] 4194304

[1 occurrence(s)]
INFO --> [REQ_ID=23bee87c6c24] [PERF] Execution time=0.291820

[1 occurrence(s)]
INFO --> [REQ_ID=94e2ab69ab85] [PERF] Execution time=0.311326

[1 occurrence(s)]
INFO --> [REQ_ID=d5949c3ae8fa] [PERF] Execution time=0.016437

[1 occurrence(s)]
INFO --> [REQ_ID=b897c3c1822f] [MEMORY][controller-start] 6291456

[1 occurrence(s)]
INFO --> [REQ_ID=b897c3c1822f] [PERF] Execution time=0.292715

[1 occurrence(s)]
INFO --> [REQ_ID=e07c1ce1f126] [PERF] Execution time=0.335838

[1 occurrence(s)]
INFO --> [REQ_ID=42c836b40648] [MEMORY][controller-start] 6291456

[2 occurrence(s)]
INFO --> [REQ_ID=42c836b40648] [MEMORY][commonData:start] 6291456

[1 occurrence(s)]
INFO --> [REQ_ID=42c836b40648] [PERF] Execution time=0.283466

[1 occurrence(s)]
INFO --> [REQ_ID=968cc6f90c0e] [PERF] Execution time=0.327163

[1 occurrence(s)]
INFO --> [REQ_ID=7585a8d3de47] [PERF] Execution time=0.061312

[1 occurrence(s)]
INFO --> [REQ_ID=fd0c8f927d0e] [MEMORY][controller-start] 4194304

[1 occurrence(s)]
INFO --> [REQ_ID=fd0c8f927d0e] [PERF] Execution time=0.074278

[1 occurrence(s)]
INFO --> [REQ_ID=ccef7dc55204] [PERF] Execution time=0.086816

[1 occurrence(s)]
INFO --> [REQ_ID=96fccbd64005] [PERF] Execution time=0.054412

[1 occurrence(s)]
INFO --> [REQ_ID=dd86d45f0522] [MEMORY][controller-start] 4194304

[1 occurrence(s)]
INFO --> [REQ_ID=dd86d45f0522] [PERF] Execution time=0.071481

[1 occurrence(s)]
INFO --> [REQ_ID=49a1805a20c0] [PERF] Execution time=0.084152

[1 occurrence(s)]
INFO --> [REQ_ID=1d437b485695] [MEMORY][controller-start] 6291456

[1 occurrence(s)]
INFO --> [REQ_ID=1d437b485695] [MEMORY][commonData:start] 6291456

[1 occurrence(s)]
INFO --> [REQ_ID=1d437b485695] [MEMORY][commonData:start] 10485760

[1 occurrence(s)]
INFO --> [REQ_ID=1d437b485695] [PERF] Execution time=0.990888

[1 occurrence(s)]
INFO --> [REQ_ID=47bcf56214d1] [PERF] Execution time=1.031402

[1 occurrence(s)]
INFO --> [REQ_ID=cd6e35e9d915] [MEMORY][controller-start] 6291456

[1 occurrence(s)]
INFO --> [REQ_ID=cd6e35e9d915] [PERF] Execution time=0.096566

[1 occurrence(s)]
INFO --> [REQ_ID=86063c1f0625] [PERF] Execution time=0.013781

[1 occurrence(s)]
INFO --> [REQ_ID=b1e8514b024c] [MEMORY][controller-start] 4194304

[1 occurrence(s)]
INFO --> [REQ_ID=b1e8514b024c] [PERF] Execution time=0.051440

[1 occurrence(s)]
INFO --> [REQ_ID=198b0a30bd06] [PERF] Execution time=0.063655

[1 occurrence(s)]
INFO --> [REQ_ID=c66a50c0f8c6] [MEMORY][controller-start] 4194304

[3 occurrence(s)]
INFO --> [REGISTRATION] Form loaded

[1 occurrence(s)]
INFO --> [REQ_ID=c66a50c0f8c6] [PERF] Execution time=0.035886

[1 occurrence(s)]
INFO --> [REQ_ID=d628f7bac977] [MEMORY][controller-start] 4194304

[1 occurrence(s)]
INFO --> [REQ_ID=d628f7bac977] [PERF] Execution time=0.020222

[1 occurrence(s)]
INFO --> [REQ_ID=b29280854957] [MEMORY][controller-start] 4194304

[1 occurrence(s)]
INFO --> [REQ_ID=b29280854957] [PERF] Execution time=0.032094

[1 occurrence(s)]
INFO --> [REQ_ID=88937eccb312] [MEMORY][controller-start] 4194304

[1 occurrence(s)]
INFO --> [REQ_ID=88937eccb312] [MEMORY][commonData:start] 4194304

[1 occurrence(s)]
INFO --> [REQ_ID=88937eccb312] [MEMORY][commonData:start] 8388608

[1 occurrence(s)]
INFO --> [REQ_ID=88937eccb312] [PERF] Execution time=1.163061

[1 occurrence(s)]
INFO --> [REQ_ID=0fda20527ad0] [PERF] Execution time=1.173322

[1 occurrence(s)]
INFO --> [REQ_ID=4c7a6e6af0a7] [MEMORY][controller-start] 6291456

[1 occurrence(s)]
INFO --> [REQ_ID=4c7a6e6af0a7] [PERF] Execution time=0.040787

[1 occurrence(s)]
INFO --> [REQ_ID=502e00f5c47b] [PERF] Execution time=0.050949

[1 occurrence(s)]
INFO --> [REQ_ID=d47efb09f23f] [PERF] Execution time=0.009321

[1 occurrence(s)]
INFO --> [REQ_ID=f9e43ca9b041] [MEMORY][controller-start] 4194304

[1 occurrence(s)]
INFO --> [REQ_ID=f9e43ca9b041] [MEMORY][commonData:start] 4194304

[1 occurrence(s)]
INFO --> [REQ_ID=f9e43ca9b041] [MEMORY][commonData:start] 8388608

[1 occurrence(s)]
INFO --> [REQ_ID=f9e43ca9b041] [PERF] Execution time=0.808238

[1 occurrence(s)]
INFO --> [REQ_ID=b03ea7c8994c] [PERF] Execution time=0.818290

[1 occurrence(s)]
INFO --> [REQ_ID=b33cf2977de5] [MEMORY][controller-start] 6291456

[1 occurrence(s)]
INFO --> [REQ_ID=b33cf2977de5] [MEMORY][commonData:start] 8388608

[1 occurrence(s)]
INFO --> [REQ_ID=b33cf2977de5] [PERF] Execution time=0.989087

[1 occurrence(s)]
INFO --> [REQ_ID=826ab325ec52] [PERF] Execution time=1.007582

[1 occurrence(s)]
INFO --> [REQ_ID=e18c8501d14f] [MEMORY][controller-start] 6291456

[1 occurrence(s)]
INFO --> [REQ_ID=e18c8501d14f] [PERF] Execution time=0.087059

[1 occurrence(s)]
INFO --> [REQ_ID=a1bd9259f5f1] [PERF] Execution time=0.102959

[1 occurrence(s)]
INFO --> [REQ_ID=8d31e7e07b75] [MEMORY][controller-start] 4194304

[1 occurrence(s)]
INFO --> [REQ_ID=8d31e7e07b75] [MEMORY][commonData:start] 4194304

[1 occurrence(s)]
INFO --> [REQ_ID=8d31e7e07b75] [MEMORY][commonData:start] 8388608

[1 occurrence(s)]
INFO --> [REQ_ID=8d31e7e07b75] [PERF] Execution time=0.757229

[1 occurrence(s)]
INFO --> [REQ_ID=d3d2980da422] [PERF] Execution time=0.793683

[1 occurrence(s)]
INFO --> [REQ_ID=72f4ac6557ba] [MEMORY][controller-start] 6291456

[1 occurrence(s)]
INFO --> [REQ_ID=72f4ac6557ba] [PERF] Execution time=0.149126

[1 occurrence(s)]
INFO --> [REQ_ID=4f8bd37d96f2] [PERF] Execution time=0.984460

[1 occurrence(s)]
INFO --> [REQ_ID=ac97fb637082] [MEMORY][controller-start] 6291456

[1 occurrence(s)]
INFO --> [REQ_ID=ac97fb637082] [PERF] Execution time=0.516452

[1 occurrence(s)]
INFO --> [REQ_ID=76bdcfcc7e01] [PERF] Execution time=1.479787

[1 occurrence(s)]
INFO --> [REQ_ID=37fde2502c52] [MEMORY][controller-start] 6291456

[1 occurrence(s)]
INFO --> [REQ_ID=37fde2502c52] [PERF] Execution time=0.158725

[1 occurrence(s)]
INFO --> [REQ_ID=9e30b57131a1] [PERF] Execution time=1.647500

[1 occurrence(s)]
INFO --> [REQ_ID=b1fb947a9c7b] [MEMORY][controller-start] 6291456

[1 occurrence(s)]
INFO --> [REQ_ID=b1fb947a9c7b] [PERF] Execution time=0.076118

[1 occurrence(s)]
INFO --> [REQ_ID=e8eb4e65187b] [PERF] Execution time=1.700627

[1 occurrence(s)]
INFO --> [REQ_ID=be1f7f7958bc] [MEMORY][controller-start] 6291456

[1 occurrence(s)]
INFO --> [REQ_ID=be1f7f7958bc] [MEMORY][commonData:start] 6291456

[1 occurrence(s)]
INFO --> [REQ_ID=be1f7f7958bc] [MEMORY][commonData:start] 8388608

[1 occurrence(s)]
INFO --> [REQ_ID=be1f7f7958bc] [PERF] Execution time=0.740228

[1 occurrence(s)]
INFO --> [REQ_ID=b2b343abe8d9] [PERF] Execution time=1.574846

[1 occurrence(s)]
INFO --> [REQ_ID=c13abd11954f] [MEMORY][controller-start] 6291456

[1 occurrence(s)]
INFO --> [REQ_ID=c13abd11954f] [PERF] Execution time=0.028186

[1 occurrence(s)]
INFO --> [REQ_ID=ffac4a2b0dab] [PERF] Execution time=1.061951

[1 occurrence(s)]
INFO --> [REQ_ID=2df23cbf72bf] [MEMORY][controller-start] 4194304

[1 occurrence(s)]
INFO --> [REQ_ID=2df23cbf72bf] [MEMORY][commonData:start] 8388608

[1 occurrence(s)]
INFO --> [REQ_ID=2df23cbf72bf] [MEMORY][commonData:start] 18874368

[1 occurrence(s)]
INFO --> [REQ_ID=2df23cbf72bf] [PERF] Execution time=3.382745

[1 occurrence(s)]
INFO --> [REQ_ID=9f083687efaa] [PERF] Execution time=4.268024

[1 occurrence(s)]
INFO --> [REQ_ID=b3a9d16e1750] [MEMORY][controller-start] 6291456

[1 occurrence(s)]
INFO --> [REQ_ID=b3a9d16e1750] [MEMORY][commonData:start] 6291456

[1 occurrence(s)]
INFO --> [REQ_ID=b3a9d16e1750] [MEMORY][commonData:start] 8388608

[1 occurrence(s)]
INFO --> [REQ_ID=b3a9d16e1750] [PERF] Execution time=0.728253

[1 occurrence(s)]
INFO --> [REQ_ID=1a4e1080b53f] [PERF] Execution time=5.007508

[1 occurrence(s)]
INFO --> [REQ_ID=090291261abb] [MEMORY][controller-start] 4194304

[1 occurrence(s)]
INFO --> [REQ_ID=090291261abb] [PERF] Execution time=0.070327

[1 occurrence(s)]
INFO --> [REQ_ID=7872a65dc91f] [PERF] Execution time=0.256198

[1 occurrence(s)]
INFO --> [REQ_ID=656fb36653d9] [MEMORY][controller-start] 6291456

[1 occurrence(s)]
INFO --> [REQ_ID=656fb36653d9] [PERF] Execution time=26.968552

[1 occurrence(s)]
INFO --> [REQ_ID=45cc8d48ced8] [MEMORY][controller-start] 4194304

[1 occurrence(s)]
INFO --> [REQ_ID=45cc8d48ced8] [PERF] Execution time=0.156521

[1 occurrence(s)]
INFO --> [REQ_ID=a256504d08f0] [PERF] Execution time=27.369368

[1 occurrence(s)]
INFO --> [REQ_ID=1afea73388bb] [MEMORY][controller-start] 6291456

[2 occurrence(s)]
INFO --> [REQ_ID=1afea73388bb] [MEMORY][commonData:start] 6291456

[1 occurrence(s)]
INFO --> [REQ_ID=1afea73388bb] [PERF] Execution time=0.082054

[1 occurrence(s)]
INFO --> [REQ_ID=3acfc8e630ca] [PERF] Execution time=0.207843

[1 occurrence(s)]
INFO --> [REQ_ID=b024dcbd71b8] [MEMORY][controller-start] 4194304

[1 occurrence(s)]
INFO --> [REQ_ID=b024dcbd71b8] [PERF] Execution time=0.029059

[1 occurrence(s)]
INFO --> [REQ_ID=32ec15534e80] [MEMORY][controller-start] 4194304

[1 occurrence(s)]
INFO --> [REQ_ID=32ec15534e80] [PERF] Execution time=0.025196

[1 occurrence(s)]
INFO --> [REQ_ID=40b865263257] [MEMORY][controller-start] 4194304

[1 occurrence(s)]
INFO --> [REQ_ID=40b865263257] [PERF] Execution time=0.020127

[1 occurrence(s)]
INFO --> [REQ_ID=cdb08373e7b2] [MEMORY][controller-start] 8388608

[1 occurrence(s)]
INFO --> [REQ_ID=cdb08373e7b2] [PERF] Execution time=0.022478

[1 occurrence(s)]
INFO --> [REQ_ID=2dc4e4f9a263] [MEMORY][controller-start] 4194304

[1 occurrence(s)]
INFO --> [REQ_ID=2dc4e4f9a263] [MEMORY][commonData:start] 4194304

[3 occurrence(s)]
INFO --> themesMemory usage: 4194304

[1 occurrence(s)]
INFO --> [REQ_ID=2dc4e4f9a263] [PERF] Execution time=0.075870

[1 occurrence(s)]
INFO --> [REQ_ID=85b66c3d9dee] [PERF] Execution time=0.120895

[1 occurrence(s)]
INFO --> [REQ_ID=94e719cf2e50] [MEMORY][controller-start] 4194304

[1 occurrence(s)]
INFO --> [REQ_ID=94e719cf2e50] [MEMORY][commonData:start] 4194304

[1 occurrence(s)]
INFO --> [REQ_ID=94e719cf2e50] [MEMORY][commonData:start] 6291456

[1 occurrence(s)]
INFO --> Premium entitlement resolved: user_id=2 route=/index.php/Wallets/Purchase/Memberships feature=exchange.swap tier=free status=free allowed=no reason=Feature requires tier2 or higher. Current tier: free (free).

[1 occurrence(s)]
INFO --> [REQ_ID=94e719cf2e50] [PERF] Execution time=1.464423

[1 occurrence(s)]
INFO --> [REQ_ID=80a4c61a90ca] [PERF] Execution time=1.561187

[1 occurrence(s)]
INFO --> [REQ_ID=da04a998c3ea] [MEMORY][controller-start] 6291456

[1 occurrence(s)]
INFO --> [REQ_ID=da04a998c3ea] [MEMORY][commonData:start] 6291456

[1 occurrence(s)]
INFO --> [REQ_ID=da04a998c3ea] [MEMORY][commonData:start] 10485760

[1 occurrence(s)]
INFO --> [REQ_ID=da04a998c3ea] [PERF] Execution time=0.871583

[1 occurrence(s)]
INFO --> [REQ_ID=64b7f98c25ce] [PERF] Execution time=1.371509

[1 occurrence(s)]
INFO --> [REQ_ID=6f3c32a13637] [MEMORY][controller-start] 4194304

[1 occurrence(s)]
INFO --> [REQ_ID=6f3c32a13637] [MEMORY][commonData:start] 4194304

[1 occurrence(s)]
INFO --> [REQ_ID=6f3c32a13637] [MEMORY][commonData:start] 6291456

[1 occurrence(s)]
INFO --> Premium entitlement resolved: user_id=2 route=/index.php/Wallets/Purchase/Memberships/Basic feature=exchange.swap tier=free status=free allowed=no reason=Feature requires tier2 or higher. Current tier: free (free).

[1 occurrence(s)]
INFO --> [REQ_ID=6f3c32a13637] [PERF] Execution time=0.698456

[1 occurrence(s)]
INFO --> [REQ_ID=dbfb5135a9b6] [PERF] Execution time=0.713312

[1 occurrence(s)]
INFO --> [REQ_ID=9744a82dd8c5] [PERF] Execution time=0.012926

[1 occurrence(s)]
INFO --> [REQ_ID=f9b1e9d745af] [MEMORY][controller-start] 4194304

[1 occurrence(s)]
INFO --> [REQ_ID=f9b1e9d745af] [PERF] Execution time=0.027508

[1 occurrence(s)]
INFO --> [REQ_ID=5f9e602ab1ee] [PERF] Execution time=0.039868

[1 occurrence(s)]
INFO --> [REQ_ID=b4f0ce304433] [MEMORY][controller-start] 6291456

[1 occurrence(s)]
INFO --> [REQ_ID=b4f0ce304433] [PERF] Execution time=0.088258

[1 occurrence(s)]
INFO --> [REQ_ID=7b749f4e62da] [MEMORY][controller-start] 6291456

[1 occurrence(s)]
INFO --> [AUTH] Logout

[1 occurrence(s)]
INFO --> [REQ_ID=7b749f4e62da] [PERF] Execution time=0.027333

[1 occurrence(s)]
INFO --> [REQ_ID=9e80bce4e5e6] [PERF] Execution time=0.191178

[1 occurrence(s)]
INFO --> [REQ_ID=64308626c793] [MEMORY][controller-start] 4194304

[1 occurrence(s)]
INFO --> [REQ_ID=64308626c793] [PERF] Execution time=0.023107

[1 occurrence(s)]
INFO --> [REQ_ID=caf8ae63885a] [PERF] Execution time=0.031836

[1 occurrence(s)]
INFO --> [REQ_ID=734850698e42] [PERF] Execution time=0.010554

[1 occurrence(s)]
INFO --> [REQ_ID=d000371a6123] [MEMORY][controller-start] 4194304

[1 occurrence(s)]
INFO --> [REQ_ID=d000371a6123] [PERF] Execution time=0.038555

[1 occurrence(s)]
INFO --> [REQ_ID=5e904668958f] [PERF] Execution time=0.047639

[1 occurrence(s)]
INFO --> [REQ_ID=8b305957ec49] [MEMORY][controller-start] 4194304

[1 occurrence(s)]
INFO --> AuthController L132: Auth:attemptLogin Login Variables: login: required, remember: false, ip: 76.234.126.68, ua: Mozilla/5.0 (X11; Linux x86_64; rv:148.0) Gecko/20100101 Firefox/148.0

[1 occurrence(s)]
INFO --> [REQ_ID=8b305957ec49] [PERF] Execution time=0.145783

[1 occurrence(s)]
INFO --> [REQ_ID=851613a045ac] [PERF] Execution time=0.155758

[1 occurrence(s)]
INFO --> [REQ_ID=b1ddff48a63d] [MEMORY][controller-start] 4194304

[1 occurrence(s)]
INFO --> [REQ_ID=b1ddff48a63d] [MEMORY][commonData:start] 4194304

[1 occurrence(s)]
INFO --> [REQ_ID=b1ddff48a63d] [PERF] Execution time=0.539418

[1 occurrence(s)]
INFO --> [REQ_ID=bff9342febb0] [PERF] Execution time=0.556496

[1 occurrence(s)]
INFO --> [REQ_ID=d2b3b8567dc5] [MEMORY][controller-start] 4194304

[1 occurrence(s)]
INFO --> [REQ_ID=d2b3b8567dc5] [PERF] Execution time=0.453135

[1 occurrence(s)]
INFO --> [REQ_ID=57a556c27eb2] [PERF] Execution time=0.812323

[1 occurrence(s)]
INFO --> [REQ_ID=939dabef897e] [MEMORY][controller-start] 4194304

[1 occurrence(s)]
INFO --> [REQ_ID=939dabef897e] [PERF] Execution time=0.015929

[1 occurrence(s)]
INFO --> [REQ_ID=95579457b0e3] [PERF] Execution time=0.025509

[1 occurrence(s)]
INFO --> [REQ_ID=ddf1a4117bac] [MEMORY][controller-start] 4194304

[1 occurrence(s)]
INFO --> [REQ_ID=ddf1a4117bac] [PERF] Execution time=0.040238

[1 occurrence(s)]
INFO --> [REQ_ID=624d39ea5c5c] [PERF] Execution time=0.052191

[1 occurrence(s)]
INFO --> [REQ_ID=f75bcac58904] [MEMORY][controller-start] 6291456

[1 occurrence(s)]
INFO --> [REQ_ID=f75bcac58904] [PERF] Execution time=0.048954

[1 occurrence(s)]
INFO --> [REQ_ID=6bdc5e19db8a] [PERF] Execution time=0.113223

[1 occurrence(s)]
INFO --> [REQ_ID=4496a82c9cf0] [MEMORY][controller-start] 4194304

[1 occurrence(s)]
INFO --> [REQ_ID=4496a82c9cf0] [PERF] Execution time=0.017243

[1 occurrence(s)]
INFO --> [REQ_ID=737bdd4d3728] [PERF] Execution time=0.080563

[1 occurrence(s)]
INFO --> [REQ_ID=01c4503d9f38] [MEMORY][controller-start] 6291456

[1 occurrence(s)]
INFO --> [REQ_ID=01c4503d9f38] [PERF] Execution time=0.145580

[1 occurrence(s)]
INFO --> [REQ_ID=dd71ac851da6] [PERF] Execution time=0.214845

[1 occurrence(s)]
INFO --> [REQ_ID=356ef3323d99] [MEMORY][controller-start] 6291456

[1 occurrence(s)]
INFO --> [REQ_ID=356ef3323d99] [MEMORY][commonData:start] 6291456

[1 occurrence(s)]
INFO --> [REQ_ID=356ef3323d99] [MEMORY][commonData:start] 8388608

[1 occurrence(s)]
INFO --> [REQ_ID=356ef3323d99] [PERF] Execution time=0.607079

[1 occurrence(s)]
INFO --> [REQ_ID=036383385f57] [PERF] Execution time=0.618897

[1 occurrence(s)]
INFO --> [REQ_ID=69d539eba763] [MEMORY][controller-start] 6291456

[1 occurrence(s)]
INFO --> [REQ_ID=69d539eba763] [MEMORY][commonData:start] 6291456

[1 occurrence(s)]
INFO --> [REQ_ID=69d539eba763] [MEMORY][commonData:start] 8388608

[1 occurrence(s)]
INFO --> [REQ_ID=69d539eba763] [PERF] Execution time=0.648975

[1 occurrence(s)]
INFO --> [REQ_ID=4f3923f1a8ab] [PERF] Execution time=0.659063

[1 occurrence(s)]
INFO --> [REQ_ID=eafe6d9fc7ff] [MEMORY][controller-start] 4194304

[1 occurrence(s)]
INFO --> [REQ_ID=eafe6d9fc7ff] [MEMORY][commonData:start] 4194304

[1 occurrence(s)]
INFO --> [REQ_ID=eafe6d9fc7ff] [MEMORY][commonData:start] 8388608

[1 occurrence(s)]
INFO --> [REQ_ID=eafe6d9fc7ff] [PERF] Execution time=0.922204

[1 occurrence(s)]
INFO --> [REQ_ID=aec5ed33b7c5] [PERF] Execution time=1.589931

[1 occurrence(s)]
INFO --> [REQ_ID=ac71c01df5fa] [MEMORY][controller-start] 4194304

[2 occurrence(s)]
INFO --> [REQ_ID=ac71c01df5fa] [MEMORY][commonData:start] 4194304

[1 occurrence(s)]
INFO --> [REQ_ID=ac71c01df5fa] [PERF] Execution time=0.088439

[1 occurrence(s)]
INFO --> [REQ_ID=3fab21c3a9d8] [PERF] Execution time=1.231673

[1 occurrence(s)]
INFO --> [REQ_ID=3a4aab408a46] [MEMORY][controller-start] 4194304

[1 occurrence(s)]
INFO --> [REQ_ID=3a4aab408a46] [PERF] Execution time=0.022565

[1 occurrence(s)]
INFO --> [REQ_ID=d833f72c63b0] [MEMORY][controller-start] 4194304

[1 occurrence(s)]
INFO --> [REQ_ID=d833f72c63b0] [PERF] Execution time=0.025171

[1 occurrence(s)]
INFO --> [REQ_ID=f1ca133bacea] [MEMORY][controller-start] 4194304

[1 occurrence(s)]
INFO --> [REQ_ID=f1ca133bacea] [PERF] Execution time=0.018762

[1 occurrence(s)]
INFO --> [REQ_ID=f25d022ec5ee] [MEMORY][controller-start] 6291456

[1 occurrence(s)]
INFO --> [REQ_ID=f25d022ec5ee] [PERF] Execution time=0.024113

[1 occurrence(s)]
INFO --> [REQ_ID=a51dbb1e691c] [MEMORY][controller-start] 4194304

[2 occurrence(s)]
INFO --> [REQ_ID=a51dbb1e691c] [MEMORY][commonData:start] 4194304

[1 occurrence(s)]
INFO --> [REQ_ID=a51dbb1e691c] [PERF] Execution time=3.036015

[1 occurrence(s)]
INFO --> [REQ_ID=e56331194808] [PERF] Execution time=3.057127

[1 occurrence(s)]
INFO --> [REQ_ID=228869c9fd1d] [MEMORY][controller-start] 4194304

[1 occurrence(s)]
INFO --> [REQ_ID=228869c9fd1d] [PERF] Execution time=0.375937

[1 occurrence(s)]
INFO --> [REQ_ID=e32012684a6c] [PERF] Execution time=2.963067

[1 occurrence(s)]
INFO --> [REQ_ID=43335ffc177b] [MEMORY][controller-start] 6291456

[1 occurrence(s)]
INFO --> [REQ_ID=43335ffc177b] [PERF] Execution time=0.118474

[1 occurrence(s)]
INFO --> [REQ_ID=79a7469ac736] [PERF] Execution time=2.001067

[1 occurrence(s)]
INFO --> [REQ_ID=16fcd73c5488] [MEMORY][controller-start] 4194304

[1 occurrence(s)]
INFO --> [REQ_ID=16fcd73c5488] [MEMORY][commonData:start] 4194304

[1 occurrence(s)]
INFO --> [REQ_ID=16fcd73c5488] [MEMORY][commonData:start] 8388608

[1 occurrence(s)]
INFO --> [REQ_ID=16fcd73c5488] [PERF] Execution time=0.721797

[1 occurrence(s)]
INFO --> [REQ_ID=2c861bf07418] [PERF] Execution time=0.856043

[1 occurrence(s)]
INFO --> [REQ_ID=78011539f4d4] [MEMORY][controller-start] 6291456

[2 occurrence(s)]
INFO --> [REQ_ID=78011539f4d4] [MEMORY][commonData:start] 6291456

[1 occurrence(s)]
INFO --> $uri: https://www.mymiwallet.com/index.php/Budget/Add/Income

[1 occurrence(s)]
INFO --> $formMode: Add

[1 occurrence(s)]
INFO --> [REQ_ID=78011539f4d4] [PERF] Execution time=0.039664

[1 occurrence(s)]
INFO --> [REQ_ID=fa6946708e37] [PERF] Execution time=0.054883

[1 occurrence(s)]
INFO --> [REQ_ID=537adb8d1ce5] [MEMORY][controller-start] 4194304

[2 occurrence(s)]
INFO --> [REQ_ID=537adb8d1ce5] [MEMORY][commonData:start] 4194304

[1 occurrence(s)]
INFO --> [REQ_ID=537adb8d1ce5] [PERF] Execution time=0.072696

[1 occurrence(s)]
INFO --> [REQ_ID=0f467f857f65] [PERF] Execution time=0.262545

[1 occurrence(s)]
INFO --> [REQ_ID=a8860f749eed] [MEMORY][controller-start] 4194304

[1 occurrence(s)]
INFO --> [REQ_ID=a8860f749eed] [PERF] Execution time=0.024503

[1 occurrence(s)]
INFO --> [REQ_ID=1b3d22ccbe13] [MEMORY][controller-start] 4194304

[1 occurrence(s)]
INFO --> [REQ_ID=1b3d22ccbe13] [PERF] Execution time=0.020726

[1 occurrence(s)]
INFO --> [REQ_ID=e7cbe6d7ea25] [MEMORY][controller-start] 4194304

[1 occurrence(s)]
INFO --> [REQ_ID=e7cbe6d7ea25] [PERF] Execution time=0.018480

[1 occurrence(s)]
INFO --> [REQ_ID=1282f3f0fef0] [MEMORY][controller-start] 4194304

[1 occurrence(s)]
INFO --> [REQ_ID=1282f3f0fef0] [PERF] Execution time=0.018559

[1 occurrence(s)]
INFO --> [REQ_ID=fb5ba13ccd88] [MEMORY][controller-start] 4194304

[1 occurrence(s)]
INFO --> [REQ_ID=fb5ba13ccd88] [MEMORY][commonData:start] 4194304

[1 occurrence(s)]
INFO --> [REQ_ID=fb5ba13ccd88] [MEMORY][commonData:start] 8388608

[1 occurrence(s)]
INFO --> [REQ_ID=fb5ba13ccd88] [PERF] Execution time=0.770734

[1 occurrence(s)]
INFO --> [REQ_ID=7a79903e40f8] [PERF] Execution time=0.781010

[1 occurrence(s)]
INFO --> [REQ_ID=8e10075c80f3] [PERF] Execution time=0.028983

[1 occurrence(s)]
INFO --> [REQ_ID=1520be5b79ba] [MEMORY][controller-start] 4194304

[6 occurrence(s)]
INFO --> [REGISTRATION] Submission received

[5 occurrence(s)]
INFO --> MailService queued email

[1 occurrence(s)]
INFO --> [REGISTRATION] Validation passed (basic fields)

[1 occurrence(s)]
INFO --> [REGISTRATION] Validation passed (password fields)

[1 occurrence(s)]
INFO --> Registration created user_id=11758, email=michael.stogsdill.bricker@gmail.com, username=DrtyMikNtheGng, active=, requiresActivation=1, loginIdentifier=username

[1 occurrence(s)]
INFO --> [REGISTRATION] User record created

[1 occurrence(s)]
INFO --> OnboardingProgressService: created onboarding record for user_id=11758

[1 occurrence(s)]
INFO --> Registration succeeded for michael.stogsdill.bricker@gmail.com (event a8665de085165b63)

[1 occurrence(s)]
INFO --> [REGISTRATION] Activation email queued

[1 occurrence(s)]
INFO --> Registration redirecting to success guide for user_id=11758

[1 occurrence(s)]
INFO --> [REQ_ID=1520be5b79ba] [PERF] Execution time=1.278248

[1 occurrence(s)]
INFO --> [REQ_ID=a3daa78c5747] [PERF] Execution time=1.293279

[1 occurrence(s)]
INFO --> [REQ_ID=d8f7151bbfe8] [MEMORY][controller-start] 4194304

[1 occurrence(s)]
INFO --> AuthController::registerSuccess view rendered.

[1 occurrence(s)]
INFO --> [REQ_ID=d8f7151bbfe8] [PERF] Execution time=0.024543

[1 occurrence(s)]
INFO --> [REQ_ID=b55a32a99315] [MEMORY][controller-start] 4194304

[1 occurrence(s)]
INFO --> [REQ_ID=b55a32a99315] [MEMORY][commonData:start] 6291456

[1 occurrence(s)]
INFO --> [REQ_ID=b55a32a99315] [MEMORY][commonData:start] 8388608

[1 occurrence(s)]
INFO --> [REQ_ID=b55a32a99315] [PERF] Execution time=0.794326

[1 occurrence(s)]
INFO --> [REQ_ID=24d640e0993a] [PERF] Execution time=0.805320

[1 occurrence(s)]
INFO --> [REQ_ID=7a8d969bff4b] [MEMORY][controller-start] 6291456

[2 occurrence(s)]
INFO --> [REQ_ID=7a8d969bff4b] [MEMORY][commonData:start] 6291456

[1 occurrence(s)]
INFO --> [REQ_ID=7a8d969bff4b] [PERF] Execution time=2.821631

[1 occurrence(s)]
INFO --> [REQ_ID=0379b2189ddc] [PERF] Execution time=3.001358

[1 occurrence(s)]
INFO --> [REQ_ID=211346ce5dcf] [MEMORY][controller-start] 6291456

[1 occurrence(s)]
INFO --> [REQ_ID=211346ce5dcf] [PERF] Execution time=0.217938

[1 occurrence(s)]
INFO --> [REQ_ID=ccca1bbf14f0] [PERF] Execution time=1.665736

[1 occurrence(s)]
INFO --> [REQ_ID=a7ed10f2d9cf] [MEMORY][controller-start] 6291456

[1 occurrence(s)]
INFO --> [REQ_ID=a7ed10f2d9cf] [PERF] Execution time=0.136722

[1 occurrence(s)]
INFO --> [REQ_ID=34cc518c9f6b] [PERF] Execution time=1.823549

[1 occurrence(s)]
INFO --> [REQ_ID=940bf9f1b445] [MEMORY][controller-start] 6291456

[1 occurrence(s)]
INFO --> [REQ_ID=940bf9f1b445] [PERF] Execution time=0.154945

[1 occurrence(s)]
INFO --> [REQ_ID=f3e4ac919efa] [PERF] Execution time=2.006754

[1 occurrence(s)]
INFO --> [REQ_ID=f0b0d3563cae] [MEMORY][controller-start] 6291456

[1 occurrence(s)]
INFO --> [REQ_ID=f0b0d3563cae] [PERF] Execution time=0.136455

[1 occurrence(s)]
INFO --> [REQ_ID=737d1de05bf6] [PERF] Execution time=2.163782

[1 occurrence(s)]
INFO --> [REQ_ID=713b034197a4] [MEMORY][controller-start] 6291456

[1 occurrence(s)]
INFO --> [REQ_ID=713b034197a4] [MEMORY][commonData:start] 6291456

[1 occurrence(s)]
INFO --> [REQ_ID=713b034197a4] [MEMORY][commonData:start] 8388608

[1 occurrence(s)]
INFO --> [REQ_ID=713b034197a4] [PERF] Execution time=0.755878

[1 occurrence(s)]
INFO --> [REQ_ID=509bb319c221] [PERF] Execution time=1.255266

[1 occurrence(s)]
INFO --> [REQ_ID=4b31864d9db6] [MEMORY][controller-start] 6291456

[1 occurrence(s)]
INFO --> [REQ_ID=4b31864d9db6] [MEMORY][commonData:start] 6291456

[1 occurrence(s)]
INFO --> [REQ_ID=4b31864d9db6] [MEMORY][commonData:start] 8388608

[1 occurrence(s)]
INFO --> [REQ_ID=4b31864d9db6] [PERF] Execution time=0.852097

[1 occurrence(s)]
INFO --> [REQ_ID=999280904a39] [PERF] Execution time=0.865940

[1 occurrence(s)]
INFO --> [REQ_ID=07511053198b] [MEMORY][controller-start] 6291456

[1 occurrence(s)]
INFO --> [REQ_ID=07511053198b] [MEMORY][commonData:start] 6291456

[1 occurrence(s)]
INFO --> [REQ_ID=07511053198b] [MEMORY][commonData:start] 8388608

[1 occurrence(s)]
INFO --> [REQ_ID=07511053198b] [PERF] Execution time=0.835286

[1 occurrence(s)]
INFO --> [REQ_ID=a85ccd5c3dc9] [PERF] Execution time=1.711563

[1 occurrence(s)]
INFO --> [REQ_ID=a5208be747b1] [MEMORY][controller-start] 4194304

[1 occurrence(s)]
INFO --> [REQ_ID=a5208be747b1] [MEMORY][commonData:start] 4194304

[1 occurrence(s)]
INFO --> [REQ_ID=a5208be747b1] [MEMORY][commonData:start] 8388608

[1 occurrence(s)]
INFO --> [REQ_ID=a5208be747b1] [PERF] Execution time=0.752104

[1 occurrence(s)]
INFO --> [REQ_ID=43d482c37f87] [PERF] Execution time=2.474989

[1 occurrence(s)]
INFO --> [REQ_ID=5edf6904ff86] [MEMORY][controller-start] 6291456

[1 occurrence(s)]
INFO --> [REQ_ID=5edf6904ff86] [PERF] Execution time=0.110034

[1 occurrence(s)]
INFO --> [REQ_ID=c0fcd4ec8fe5] [PERF] Execution time=0.123547

[1 occurrence(s)]
INFO --> [REQ_ID=1ddc0d045c29] [MEMORY][controller-start] 4194304

[1 occurrence(s)]
INFO --> [REQ_ID=1ddc0d045c29] [MEMORY][commonData:start] 4194304

[1 occurrence(s)]
INFO --> [REQ_ID=1ddc0d045c29] [MEMORY][commonData:start] 8388608

[1 occurrence(s)]
INFO --> [REQ_ID=1ddc0d045c29] [PERF] Execution time=0.691363

[1 occurrence(s)]
INFO --> [REQ_ID=9718fc328c8b] [PERF] Execution time=0.701573

[1 occurrence(s)]
INFO --> [REQ_ID=de8eb4fdcdfd] [MEMORY][controller-start] 6291456

[1 occurrence(s)]
INFO --> [REQ_ID=de8eb4fdcdfd] [PERF] Execution time=0.151560

[1 occurrence(s)]
INFO --> [REQ_ID=7851632ad000] [PERF] Execution time=0.166431

[1 occurrence(s)]
INFO --> [REQ_ID=2c7b8ff79e07] [MEMORY][controller-start] 4194304

[1 occurrence(s)]
INFO --> [REQ_ID=2c7b8ff79e07] [MEMORY][commonData:start] 4194304

[1 occurrence(s)]
INFO --> [REQ_ID=2c7b8ff79e07] [MEMORY][commonData:start] 8388608

[1 occurrence(s)]
INFO --> [REQ_ID=2c7b8ff79e07] [PERF] Execution time=0.831352

[1 occurrence(s)]
INFO --> [REQ_ID=2bb28617f2f8] [PERF] Execution time=0.841016

[1 occurrence(s)]
INFO --> [REQ_ID=c002e4dae8df] [MEMORY][controller-start] 6291456

[3 occurrence(s)]
INFO --> Registration attempt alert throttled.

[3 occurrence(s)]
INFO --> Registration failure alert throttled.

[1 occurrence(s)]
INFO --> [REQ_ID=c002e4dae8df] [PERF] Execution time=0.142443

[1 occurrence(s)]
INFO --> [REQ_ID=9218e8c83aea] [PERF] Execution time=0.152017

[1 occurrence(s)]
INFO --> [REQ_ID=052129d63431] [MEMORY][controller-start] 4194304

[1 occurrence(s)]
INFO --> [REQ_ID=052129d63431] [MEMORY][commonData:start] 4194304

[1 occurrence(s)]
INFO --> [REQ_ID=052129d63431] [MEMORY][commonData:start] 8388608

[1 occurrence(s)]
INFO --> [REQ_ID=052129d63431] [PERF] Execution time=0.868399

[1 occurrence(s)]
INFO --> [REQ_ID=ba04b0c6d410] [PERF] Execution time=0.878769

[1 occurrence(s)]
INFO --> [REQ_ID=b622d27014a1] [MEMORY][controller-start] 6291456

[1 occurrence(s)]
INFO --> [REQ_ID=b622d27014a1] [PERF] Execution time=0.325948

[1 occurrence(s)]
INFO --> [REQ_ID=6b0bdc34fc90] [PERF] Execution time=0.336320

[1 occurrence(s)]
INFO --> [REQ_ID=1db0edf7a03a] [MEMORY][controller-start] 4194304

[1 occurrence(s)]
INFO --> [REQ_ID=1db0edf7a03a] [MEMORY][commonData:start] 4194304

[1 occurrence(s)]
INFO --> [REQ_ID=1db0edf7a03a] [MEMORY][commonData:start] 8388608

[1 occurrence(s)]
INFO --> [REQ_ID=1db0edf7a03a] [PERF] Execution time=0.923744

[1 occurrence(s)]
INFO --> [REQ_ID=efef7f1de1b9] [PERF] Execution time=0.936294

[1 occurrence(s)]
INFO --> [REQ_ID=e3ef3ba2e645] [MEMORY][controller-start] 4194304

[1 occurrence(s)]
INFO --> [REQ_ID=e3ef3ba2e645] [MEMORY][commonData:start] 6291456

[1 occurrence(s)]
INFO --> [REQ_ID=e3ef3ba2e645] [MEMORY][commonData:start] 8388608

[1 occurrence(s)]
INFO --> [REQ_ID=e3ef3ba2e645] [PERF] Execution time=0.928444

[1 occurrence(s)]
INFO --> [REQ_ID=4869f4eace09] [PERF] Execution time=0.950619

[1 occurrence(s)]
INFO --> [REQ_ID=8d0631aae3c0] [MEMORY][controller-start] 6291456

[1 occurrence(s)]
INFO --> [REQ_ID=8d0631aae3c0] [PERF] Execution time=0.337628

[1 occurrence(s)]
INFO --> [REQ_ID=a95f82c9a19a] [PERF] Execution time=0.350866

[1 occurrence(s)]
INFO --> [REQ_ID=abba478e87bc] [MEMORY][controller-start] 4194304

[1 occurrence(s)]
INFO --> [REQ_ID=abba478e87bc] [MEMORY][commonData:start] 4194304

[1 occurrence(s)]
INFO --> [REQ_ID=abba478e87bc] [MEMORY][commonData:start] 8388608

[1 occurrence(s)]
INFO --> [REQ_ID=abba478e87bc] [PERF] Execution time=0.734057

[1 occurrence(s)]
INFO --> [REQ_ID=93f7597cbcfd] [PERF] Execution time=0.744019

[1 occurrence(s)]
INFO --> [REQ_ID=9d5763bb02b9] [MEMORY][controller-start] 6291456

[1 occurrence(s)]
INFO --> [REQ_ID=9d5763bb02b9] [PERF] Execution time=0.050056

[1 occurrence(s)]
INFO --> [REQ_ID=55ab4bcf7612] [PERF] Execution time=0.166665

[1 occurrence(s)]
INFO --> [REQ_ID=83dcd43f7a22] [MEMORY][controller-start] 4194304

[1 occurrence(s)]
INFO --> AuthController L132: Auth:attemptLogin Login Variables: login: required, remember: true, ip: 108.94.16.157, ua: Mozilla/5.0 (Windows NT 10.0; Win64; x64) AppleWebKit/537.36 (KHTML, like Gecko) Chrome/145.0.0.0 Safari/537.36 Edg/145.0.0.0

[1 occurrence(s)]
INFO --> OnboardingProgressService: first verified login recorded for user_id=11758

[1 occurrence(s)]
INFO --> OnboardingProgressService: walkthrough started for user_id=11758

[1 occurrence(s)]
INFO --> Auth attemptLogin() onboarding walkthrough queued for user_id=11758

[1 occurrence(s)]
INFO --> [REQ_ID=83dcd43f7a22] [PERF] Execution time=0.223395

[1 occurrence(s)]
INFO --> [REQ_ID=2ab5b88ed744] [PERF] Execution time=0.234128

[1 occurrence(s)]
INFO --> [REQ_ID=adb25801cfe2] [MEMORY][controller-start] 4194304

[1 occurrence(s)]
INFO --> [REQ_ID=adb25801cfe2] [MEMORY][commonData:start] 6291456

[1 occurrence(s)]
INFO --> DashboardController L72 - $checkingSummary: 0

[1 occurrence(s)]
INFO --> DashboardController: onboarding walkthrough modal triggered for user_id=11758

[1 occurrence(s)]
INFO --> [REQ_ID=adb25801cfe2] [PERF] Execution time=0.928736

[1 occurrence(s)]
INFO --> [REQ_ID=c9261c395a77] [PERF] Execution time=0.951893

[1 occurrence(s)]
INFO --> [REQ_ID=d66ada2dbb5f] [MEMORY][controller-start] 6291456

[2 occurrence(s)]
INFO --> Premium entitlement resolved: user_id=11758 route=/index.php/API/Investments/getConfidenceHeatmap feature=investments.analytics tier=free status=free allowed=no reason=Feature requires tier1 or higher. Current tier: free (free).

[1 occurrence(s)]
INFO --> [REQ_ID=d66ada2dbb5f] [PERF] Execution time=0.053319

[1 occurrence(s)]
INFO --> [REQ_ID=97d9fad8dc4c] [PERF] Execution time=0.069860

[1 occurrence(s)]
INFO --> [REQ_ID=0003926f7f56] [MEMORY][controller-start] 4194304

[1 occurrence(s)]
INFO --> [REQ_ID=0003926f7f56] [MEMORY][commonData:start] 4194304

[1 occurrence(s)]
INFO --> [REQ_ID=0003926f7f56] [MEMORY][commonData:start] 8388608

[1 occurrence(s)]
INFO --> [REQ_ID=0003926f7f56] [PERF] Execution time=0.872418

[1 occurrence(s)]
INFO --> [REQ_ID=a46fe0dfe72a] [PERF] Execution time=0.881333

[1 occurrence(s)]
INFO --> [REQ_ID=73a74eee6400] [MEMORY][controller-start] 6291456

[1 occurrence(s)]
INFO --> [REQ_ID=73a74eee6400] [PERF] Execution time=0.178131

[1 occurrence(s)]
INFO --> [REQ_ID=a3ca868b8884] [PERF] Execution time=0.233776

[1 occurrence(s)]
INFO --> [REQ_ID=6c65c37e4065] [MEMORY][controller-start] 6291456

[1 occurrence(s)]
INFO --> [REQ_ID=6c65c37e4065] [PERF] Execution time=0.633125

[1 occurrence(s)]
INFO --> [REQ_ID=0f1bba1e095c] [PERF] Execution time=0.866287

[1 occurrence(s)]
INFO --> [REQ_ID=05b9049e42d1] [MEMORY][controller-start] 6291456

[1 occurrence(s)]
INFO --> Premium entitlement resolved: user_id=11758 route=/index.php/API/Investments/getForecastAccuracySummary feature=investments.analytics tier=free status=free allowed=no reason=Feature requires tier1 or higher. Current tier: free (free).

[1 occurrence(s)]
INFO --> [REQ_ID=05b9049e42d1] [PERF] Execution time=0.155812

[1 occurrence(s)]
INFO --> [REQ_ID=eeb16e53db9c] [PERF] Execution time=1.023183

[1 occurrence(s)]
INFO --> [REQ_ID=66a52f2b5dcc] [MEMORY][controller-start] 6291456

[1 occurrence(s)]
INFO --> [REQ_ID=66a52f2b5dcc] [PERF] Execution time=0.019809

[1 occurrence(s)]
INFO --> [REQ_ID=4c994e5dc9ea] [PERF] Execution time=1.034488

[1 occurrence(s)]
INFO --> [REQ_ID=b2254f9573e4] [MEMORY][controller-start] 4194304

[1 occurrence(s)]
INFO --> [REQ_ID=b2254f9573e4] [MEMORY][commonData:start] 4194304

[1 occurrence(s)]
INFO --> [REQ_ID=b2254f9573e4] [MEMORY][commonData:start] 8388608

[1 occurrence(s)]
INFO --> [REQ_ID=b2254f9573e4] [PERF] Execution time=0.832755

[1 occurrence(s)]
INFO --> [REQ_ID=0d1d6b7ee7e7] [PERF] Execution time=1.670652

[1 occurrence(s)]
INFO --> [REQ_ID=b6514c5e7412] [MEMORY][controller-start] 6291456

[1 occurrence(s)]
INFO --> [REQ_ID=b6514c5e7412] [PERF] Execution time=0.021632

[1 occurrence(s)]
INFO --> [REQ_ID=30bae34b8af0] [PERF] Execution time=1.051640

[1 occurrence(s)]
INFO --> [REQ_ID=23c7eada2aac] [MEMORY][controller-start] 4194304

[1 occurrence(s)]
INFO --> [REQ_ID=23c7eada2aac] [MEMORY][commonData:start] 4194304

[1 occurrence(s)]
INFO --> [REQ_ID=23c7eada2aac] [MEMORY][commonData:start] 8388608

[1 occurrence(s)]
INFO --> [REQ_ID=23c7eada2aac] [PERF] Execution time=0.782692

[1 occurrence(s)]
INFO --> [REQ_ID=7695af8a8795] [PERF] Execution time=0.795663

[1 occurrence(s)]
INFO --> [REQ_ID=b30b28e764f9] [PERF] Execution time=0.057931

[1 occurrence(s)]
INFO --> [REQ_ID=c89924f10587] [MEMORY][controller-start] 4194304

[1 occurrence(s)]
INFO --> [REQ_ID=c89924f10587] [PERF] Execution time=0.038517

[1 occurrence(s)]
INFO --> [REQ_ID=500275ad2832] [PERF] Execution time=0.051058

[1 occurrence(s)]
INFO --> [REQ_ID=267d9bff26e6] [MEMORY][controller-start] 4194304

[1 occurrence(s)]
INFO --> [REQ_ID=267d9bff26e6] [MEMORY][commonData:start] 6291456

[1 occurrence(s)]
INFO --> [REQ_ID=267d9bff26e6] [MEMORY][commonData:start] 8388608

[1 occurrence(s)]
INFO --> [REQ_ID=267d9bff26e6] [PERF] Execution time=0.595229

[1 occurrence(s)]
INFO --> [REQ_ID=a1e0019985ea] [PERF] Execution time=0.616030

[1 occurrence(s)]
INFO --> [REQ_ID=9cc4726ecb74] [PERF] Execution time=0.047865

[1 occurrence(s)]
INFO --> [REQ_ID=452fa7715010] [PERF] Execution time=0.054350

[1 occurrence(s)]
INFO --> [REQ_ID=5163c091e6b0] [MEMORY][controller-start] 4194304

[1 occurrence(s)]
INFO --> [REQ_ID=5163c091e6b0] [PERF] Execution time=0.226381

[1 occurrence(s)]
INFO --> [REQ_ID=33b92aee8d06] [PERF] Execution time=0.238713

[1 occurrence(s)]
INFO --> [REQ_ID=12ddb869844a] [PERF] Execution time=0.058875

[1 occurrence(s)]
INFO --> [REQ_ID=e3a113c17ff0] [MEMORY][controller-start] 4194304

[1 occurrence(s)]
INFO --> [REQ_ID=e3a113c17ff0] [PERF] Execution time=0.051811

[1 occurrence(s)]
INFO --> [REQ_ID=3ed6905e1966] [PERF] Execution time=0.065386

[1 occurrence(s)]
INFO --> [REQ_ID=76714e659016] [PERF] Execution time=0.051114

[1 occurrence(s)]
INFO --> [REQ_ID=143c5497ec92] [MEMORY][controller-start] 6291456

[1 occurrence(s)]
INFO --> [REQ_ID=143c5497ec92] [MEMORY][commonData:start] 6291456

[1 occurrence(s)]
INFO --> [REQ_ID=143c5497ec92] [MEMORY][commonData:start] 10485760

[1 occurrence(s)]
INFO --> [REQ_ID=143c5497ec92] [PERF] Execution time=0.883474

[1 occurrence(s)]
INFO --> [REQ_ID=22be81fc7583] [PERF] Execution time=0.924735

[1 occurrence(s)]
INFO --> [REQ_ID=ac0f272cbb66] [PERF] Execution time=0.017838

[1 occurrence(s)]
INFO --> [REQ_ID=a5f7295178f7] [PERF] Execution time=0.042171

[1 occurrence(s)]
INFO --> [REQ_ID=6be426cb46ab] [PERF] Execution time=0.036920

[1 occurrence(s)]
INFO --> [REQ_ID=4b257b94fb1a] [PERF] Execution time=0.046369

[1 occurrence(s)]
INFO --> [REQ_ID=1eefdfabedab] [MEMORY][controller-start] 6291456

[1 occurrence(s)]
INFO --> [REQ_ID=1eefdfabedab] [MEMORY][commonData:start] 6291456

[1 occurrence(s)]
INFO --> [REQ_ID=1eefdfabedab] [MEMORY][commonData:start] 10485760

[1 occurrence(s)]
INFO --> [REQ_ID=1eefdfabedab] [PERF] Execution time=1.390623

[1 occurrence(s)]
INFO --> [REQ_ID=4092e4e1022c] [PERF] Execution time=1.433283

[1 occurrence(s)]
INFO --> [REQ_ID=ac3d9a1a075d] [PERF] Execution time=0.018918

[1 occurrence(s)]
INFO --> [REQ_ID=d757ab70b260] [MEMORY][controller-start] 6291456

[1 occurrence(s)]
INFO --> [REQ_ID=d757ab70b260] [MEMORY][commonData:start] 6291456

[1 occurrence(s)]
INFO --> [REQ_ID=d757ab70b260] [MEMORY][commonData:start] 10485760

[1 occurrence(s)]
INFO --> [REQ_ID=d757ab70b260] [PERF] Execution time=1.009733

[1 occurrence(s)]
INFO --> [REQ_ID=7ab366aad982] [PERF] Execution time=1.053441

[1 occurrence(s)]
INFO --> [REQ_ID=05480aea8267] [MEMORY][controller-start] 6291456

[1 occurrence(s)]
INFO --> [REQ_ID=05480aea8267] [MEMORY][commonData:start] 6291456

[1 occurrence(s)]
INFO --> [REQ_ID=05480aea8267] [MEMORY][commonData:start] 10485760

[1 occurrence(s)]
INFO --> [REQ_ID=05480aea8267] [PERF] Execution time=0.863858

[1 occurrence(s)]
INFO --> [REQ_ID=2a4b5ef83868] [PERF] Execution time=0.906456

[1 occurrence(s)]
INFO --> [REQ_ID=862a0156b229] [PERF] Execution time=0.052888

[1 occurrence(s)]
INFO --> [REQ_ID=136331a77ce8] [MEMORY][controller-start] 4194304

[1 occurrence(s)]
INFO --> [REQ_ID=136331a77ce8] [MEMORY][commonData:start] 6291456

[1 occurrence(s)]
INFO --> [REQ_ID=136331a77ce8] [MEMORY][commonData:start] 8388608

[1 occurrence(s)]
INFO --> [REQ_ID=136331a77ce8] [PERF] Execution time=0.839168

[1 occurrence(s)]
INFO --> [REQ_ID=48662e3d82ce] [PERF] Execution time=0.856298

[1 occurrence(s)]
INFO --> [REQ_ID=2610d1d0b6b9] [MEMORY][controller-start] 4194304

[1 occurrence(s)]
INFO --> [REQ_ID=2610d1d0b6b9] [PERF] Execution time=0.120025

[1 occurrence(s)]
INFO --> [REQ_ID=f2cddc510cd6] [PERF] Execution time=0.049501

[1 occurrence(s)]
INFO --> [spark:ops:work] Started

[1 occurrence(s)]
INFO --> [SPARK_START] App\Commands\Ops\Work

[3 occurrence(s)]
INFO --> [SPARK_MEMORY] 18874368

[1 occurrence(s)]
INFO --> [spark:ops:work] Intent

[1 occurrence(s)]
INFO --> [SPARK_START] App\Commands\AIOps\Run

[1 occurrence(s)]
INFO --> [spark:aiops:run] Intent

[1 occurrence(s)]
INFO --> [spark:ops:work] Completed

[1 occurrence(s)]
INFO --> [SPARK_COMPLETE] App\Commands\Ops\Work duration=0.047998

[1 occurrence(s)]
INFO --> [SPARK_MEMORY] 20971520

[1 occurrence(s)]
INFO --> [REQ_ID=eea14ae8b73a] [PERF] Execution time=0.070883

[1 occurrence(s)]
INFO --> [AIOPS][SPARK][GOVERNANCE][spark:logs:summarize] Started

[1 occurrence(s)]
INFO --> [SPARK_START] App\Commands\Logs\Summarize

[1 occurrence(s)]
INFO --> [spark:logs:summarize] Intent


---------------------------
LEVEL: WARNING
---------------------------

[85 occurrence(s)]
WARNING --> [404] URI=https://www.mymiwallet.com/index.php/

[84 occurrence(s)]
WARNING --> 404 route miss: https://www.mymiwallet.com/index.php/ | referrer: http://67.205.42.220

[1 occurrence(s)]
WARNING --> 404 route miss: https://www.mymiwallet.com/index.php/ | referrer: none

[4 occurrence(s)]
WARNING --> [404] URI=https://www.mymiwallet.com/index.php/Management/Alerts/weeklyTopPerformance?limit=10

[4 occurrence(s)]
WARNING --> 404 route miss: https://www.mymiwallet.com/index.php/Management/Alerts/weeklyTopPerformance?limit=10 | referrer: https://www.mymiwallet.com/index.php/Management/Alerts

[1 occurrence(s)]
WARNING --> Premium access denied: feature=alerts.trade_alerts route=/index.php/Alerts user_id=2 tier=free status=free

[1 occurrence(s)]
WARNING --> [ACTIVATION] Activation failed: missing token

[4 occurrence(s)]
WARNING --> MyMIWallets initialized without numeric user context.

[8 occurrence(s)]
WARNING --> Premium access denied: feature=investments.analytics route=/index.php/API/Investments/getConfidenceHeatmap user_id=2 tier=free status=free

[7 occurrence(s)]
WARNING --> Premium access denied: feature=investments.analytics route=/index.php/API/Investments/getForecastAccuracySummary user_id=2 tier=free status=free

[4 occurrence(s)]
WARNING --> [404] URI=https://www.mymiwallet.com/index.php/API/Budget/getUserBudgetRecords

[4 occurrence(s)]
WARNING --> 404 route miss: https://www.mymiwallet.com/index.php/API/Budget/getUserBudgetRecords | referrer: https://www.mymiwallet.com/index.php/Budget

[4 occurrence(s)]
WARNING --> [404] URI=https://www.mymiwallet.com/index.php/API/Budget/getUserCreditBalances

[4 occurrence(s)]
WARNING --> 404 route miss: https://www.mymiwallet.com/index.php/API/Budget/getUserCreditBalances | referrer: https://www.mymiwallet.com/index.php/Budget

[4 occurrence(s)]
WARNING --> [404] URI=https://www.mymiwallet.com/index.php/API/Budget/getUserRepaymentSummary

[4 occurrence(s)]
WARNING --> 404 route miss: https://www.mymiwallet.com/index.php/API/Budget/getUserRepaymentSummary | referrer: https://www.mymiwallet.com/index.php/Budget

[4 occurrence(s)]
WARNING --> [404] URI=https://www.mymiwallet.com/index.php/API/Budget/getUserAvailableBalances

[4 occurrence(s)]
WARNING --> 404 route miss: https://www.mymiwallet.com/index.php/API/Budget/getUserAvailableBalances | referrer: https://www.mymiwallet.com/index.php/Budget

[2 occurrence(s)]
WARNING --> Queue service is not initialized, processing tax liability synchronously.

[3 occurrence(s)]
WARNING --> Premium access denied: feature=investments.watchlist route=/index.php/API/Investments/GetUserWatchlist/2 user_id=2 tier=free status=free

[2 occurrence(s)]
WARNING --> Feature guard blocked request: FEATURE_WALLETS GET /index.php/Wallets

[1 occurrence(s)]
WARNING --> Feature guard blocked request: FEATURE_WALLETS GET /index.php/Wallets/Purchase/Memberships

[1 occurrence(s)]
WARNING --> Feature guard blocked request: FEATURE_WALLETS GET /index.php/Wallets/Purchase/Memberships/Basic

[1 occurrence(s)]
WARNING --> Feature guard blocked request: FEATURE_WALLETS GET /index.php/Wallets/Purchase/Memberships/Customize

[1 occurrence(s)]
WARNING --> [404] URI=https://www.mymiwallet.com/index.php/Wallets/Purchase/Memberships/Customize

[1 occurrence(s)]
WARNING --> 404 route miss: https://www.mymiwallet.com/index.php/Wallets/Purchase/Memberships/Customize | referrer: none

[5 occurrence(s)]
WARNING --> [REGISTRATION] Validation failed (basic fields)

[2 occurrence(s)]
WARNING --> Premium access denied: feature=investments.analytics route=/index.php/API/Investments/getConfidenceHeatmap user_id=11758 tier=free status=free

[1 occurrence(s)]
WARNING --> Premium access denied: feature=investments.analytics route=/index.php/API/Investments/getForecastAccuracySummary user_id=11758 tier=free status=free


---------------------------
LEVEL: ERROR
---------------------------

[8 occurrence(s)]
ERROR --> ❌ getFilteredAlerts - Model error: Class "App\Support\Http" not found

[4 occurrence(s)]
ERROR --> Invalid market data for ticker: ADAMM

[4 occurrence(s)]
ERROR --> Invalid market data for ticker: SCCC

[4 occurrence(s)]
ERROR --> Invalid market data for ticker: GLBS

[4 occurrence(s)]
ERROR --> Invalid market data for ticker: WPFHD

[4 occurrence(s)]
ERROR --> Invalid market data for ticker: TFSA

[4 occurrence(s)]
ERROR --> Invalid market data for ticker: CLBEY

[4 occurrence(s)]
ERROR --> Invalid market data for ticker: BRCB

[4 occurrence(s)]
ERROR --> Invalid market data for ticker: RHEPZ

[4 occurrence(s)]
ERROR --> Invalid market data for ticker: LSANF

[4 occurrence(s)]
ERROR --> Invalid market data for ticker: GDQMF

[4 occurrence(s)]
ERROR --> Invalid market data for ticker: AGNCZ

[4 occurrence(s)]
ERROR --> Invalid market data for ticker: AUROW

[4 occurrence(s)]
ERROR --> Invalid market data for ticker: PMMAF

[4 occurrence(s)]
ERROR --> Invalid market data for ticker: CLTFF

[4 occurrence(s)]
ERROR --> Invalid market data for ticker: ESOCF

[4 occurrence(s)]
ERROR --> Invalid market data for ticker: HRGN

[4 occurrence(s)]
ERROR --> Invalid market data for ticker: SBNYL

[4 occurrence(s)]
ERROR --> Invalid market data for ticker: FGIWW

[4 occurrence(s)]
ERROR --> Invalid market data for ticker: LGN

[4 occurrence(s)]
ERROR --> Invalid market data for ticker: ARKR

[4 occurrence(s)]
ERROR --> Invalid market data for ticker: SCIA

[4 occurrence(s)]
ERROR --> Invalid market data for ticker: BMXC

[4 occurrence(s)]
ERROR --> Invalid market data for ticker: MGMLD

[4 occurrence(s)]
ERROR --> Invalid market data for ticker: DIIBF

[4 occurrence(s)]
ERROR --> Invalid market data for ticker: CDBMF

[5 occurrence(s)]
ERROR --> BudgetController::index failed to build executive summary: Call to undefined method CodeIgniter\Cache\Handlers\FileHandler::set()

[5 occurrence(s)]
ERROR --> DashboardController::index failed to load executive summary: Call to undefined method CodeIgniter\Cache\Handlers\FileHandler::set()

[5 occurrence(s)]
ERROR --> Unknown column 'score_total' in 'where clause'

[3 occurrence(s)]
ERROR --> Unknown column 'as_of_datetime' in 'order clause'

[12 occurrence(s)]
ERROR --> Unknown column 'deleted_at' in 'where clause'

[6 occurrence(s)]
ERROR --> ReferralController::commonData getUserReferralData failed: Unknown column 'deleted_at' in 'where clause'

[6 occurrence(s)]
ERROR --> ReferralController::commonData getReferralSuccess failed: Unknown column 'deleted_at' in 'where clause'

[1 occurrence(s)]
ERROR --> HowItWorksController failure: Call to undefined method App\Modules\Blog\Controllers\HowItWorksController::respondWithRendered()

[1 occurrence(s)]
ERROR --> [ERROR_PAGE] event=error_404 status=404 message=Page not found.

[3 occurrence(s)]
ERROR --> Registration failed: {"username":"The username field must contain a unique value.","email":"The email field must contain a unique value."}

[2 occurrence(s)]
ERROR --> Registration failed: {"username":"The username field is not in the correct format.","email":"The email field must contain a unique value."}

[1 occurrence(s)]
ERROR --> Duplicate entry 'michael.stogsdill.bricker@gmail.com-108.94.16.157' for key 'bf_user_ip_history.bf_user_ip_unique_email'

[1 occurrence(s)]
ERROR --> UserIpHistoryModel::record failed: Duplicate entry 'michael.stogsdill.bricker@gmail.com-108.94.16.157' for key 'bf_user_ip_history.bf_user_ip_unique_email'


---------------------------
LEVEL: CRITICAL
---------------------------

[7 occurrence(s)]
CRITICAL --> Error: Class "App\Commands\SafeBaseCommand" not found

[6 occurrence(s)]
CRITICAL --> [EXCEPTION] Class "App\Commands\SafeBaseCommand" not found File=/home/mymiteam/mymiwallet/site/current/app/Commands/SafeBaseCommand.php Line=23

[106 occurrence(s)]
CRITICAL --> CodeIgniter\Exceptions\PageNotFoundException: Page Not Found

[106 occurrence(s)]
CRITICAL --> [EXCEPTION] Page Not Found File=/home/mymiteam/mymiwallet/site/current/vendor/codeigniter4/framework/system/CodeIgniter.php Line=1001

[1 occurrence(s)]
CRITICAL --> [EXCEPTION] Class "App\Commands\SafeBaseCommand" not found File=/home/mymiteam/mymiwallet/site/current/app/Commands/SafeBaseCommand.php Line=22


===============================================
   HERE'S THE NEW STUFF
   (No previous timestamp recorded – nothing treated as new)
===============================================

---- CONFIG LINT ----
✅ Services::cache
✅ Services::responsecache
✅ Services::session
✅ Services::email
✅ Services::logger
✅ Services::validation
✅ Services::renderer
