===============================================
   MyMI Wallet — Log Summary for 2026-04-19
   Auto-generated by logs:summarize command
   Grouped by (LEVEL + message)
===============================================

Last processed up to: <none> (first run for this date)

---------------------------
LEVEL: DEBUG
---------------------------

[1 occurrence(s)]
DEBUG --> [REQ_ID=13682c8e9289] [REQUEST][START] GET /index.php/API/Management/Run-CRON-Tasks

[504 occurrence(s)]
DEBUG --> Session: Class initialized using 'CodeIgniter\Session\Handlers\FileHandler' driver.

[1 occurrence(s)]
DEBUG --> [REQ_ID=13682c8e9289] [FILTER_BEFORE] /index.php/API/Management/Run-CRON-Tasks

[1 occurrence(s)]
DEBUG --> [REQ_ID=13682c8e9289] [ROUTE] Controller=\App\Modules\APIs\Controllers\ManagementAPIController Method=Run_CRON_Tasks

[1 occurrence(s)]
DEBUG --> [REQ_ID=13682c8e9289] [LIFECYCLE][START] GET https://mymiwallet.com/index.php/API/Management/Run-CRON-Tasks

[1 occurrence(s)]
DEBUG --> [REQ_ID=13682c8e9289] [REQUEST][END]

[1 occurrence(s)]
DEBUG --> [REQ_ID=603c64c29f4f] [REQUEST][START] GET /wp-content/plugins/hellopress/wp_filemanager.php

[1 occurrence(s)]
DEBUG --> [REQ_ID=603c64c29f4f] [REQUEST][END]

[1 occurrence(s)]
DEBUG --> [REQ_ID=5f389c33b34d] [REQUEST][START] GET /wp-includes/ubbgmq.php

[1 occurrence(s)]
DEBUG --> [REQ_ID=5f389c33b34d] [REQUEST][END]

[1 occurrence(s)]
DEBUG --> [REQ_ID=1262279ba271] [REQUEST][START] GET /wp-includes/oqjlcq.php

[1 occurrence(s)]
DEBUG --> [REQ_ID=1262279ba271] [REQUEST][END]

[1 occurrence(s)]
DEBUG --> [REQ_ID=2163023ee58b] [REQUEST][START] GET /public/index.php

[1 occurrence(s)]
DEBUG --> [REQ_ID=2163023ee58b] [REQUEST][END]

[1 occurrence(s)]
DEBUG --> [REQ_ID=c19ddb792bd2] [REQUEST][START] GET /public/az.php

[1 occurrence(s)]
DEBUG --> [REQ_ID=c19ddb792bd2] [REQUEST][END]

[1 occurrence(s)]
DEBUG --> [REQ_ID=b0ebbf66a829] [REQUEST][START] GET /index.php

[1 occurrence(s)]
DEBUG --> [REQ_ID=b0ebbf66a829] [FILTER_BEFORE] /index.php

[1 occurrence(s)]
DEBUG --> [REQ_ID=b0ebbf66a829] [ROUTE] Controller=\App\Controllers\Home Method=index

[1 occurrence(s)]
DEBUG --> [REQ_ID=b0ebbf66a829] [LIFECYCLE][START] GET https://mymiwallet.com/index.php/

[60 occurrence(s)]
DEBUG --> [CSRF] token name=csrf_test_name hash=9f134b4cf95ed783a289d55b34f292bc

[1 occurrence(s)]
DEBUG --> [REQ_ID=6d956de32fe7] [INIT] App\Controllers\Home::GET

[177 occurrence(s)]
DEBUG --> [TRACE]

[40 occurrence(s)]
DEBUG --> [MetaService] slug= pageName= cacheHit=1 path=CACHE

[1 occurrence(s)]
DEBUG --> [REQ_ID=6d956de32fe7] [VIEW_RENDER] themes/public/home

[47 occurrence(s)]
DEBUG --> [MetaService] slug= pageName=Home cacheHit=1 path=CACHE

[1 occurrence(s)]
DEBUG --> [REQ_ID=b0ebbf66a829] [FILTER_AFTER]

[1 occurrence(s)]
DEBUG --> [REQ_ID=b0ebbf66a829] [LIFECYCLE][END] status=200 duration_ms=518.11 memory_delta=4194304

[1 occurrence(s)]
DEBUG --> [REQ_ID=b0ebbf66a829] [REQUEST][END]

[1 occurrence(s)]
DEBUG --> [REQ_ID=613b7f0fd443] [REQUEST][START] GET /app/Utils/language.php

[1 occurrence(s)]
DEBUG --> [REQ_ID=613b7f0fd443] [REQUEST][END]

[1 occurrence(s)]
DEBUG --> [REQ_ID=22ce15f580c0] [REQUEST][START] GET /wp-settings.php

[1 occurrence(s)]
DEBUG --> [REQ_ID=22ce15f580c0] [FILTER_BEFORE] /wp-settings.php

[1 occurrence(s)]
DEBUG --> [REQ_ID=22ce15f580c0] [ROUTE] Controller=\App\Modules\PropFirms\Controllers\PropFirmsController Method=index

[1 occurrence(s)]
DEBUG --> [REQ_ID=22ce15f580c0] [LIFECYCLE][START] GET https://mymiwallet.com/index.php/wp-settings.php

[1 occurrence(s)]
DEBUG --> [REQ_ID=22ce15f580c0] [REQUEST][END]

[1 occurrence(s)]
DEBUG --> [REQ_ID=1d8a04a35435] [REQUEST][START] GET /index.php/login

[1 occurrence(s)]
DEBUG --> [REQ_ID=1d8a04a35435] [FILTER_BEFORE] /index.php/login

[1 occurrence(s)]
DEBUG --> [REQ_ID=1d8a04a35435] [ROUTE] Controller=\App\Controllers\AuthController Method=login

[1 occurrence(s)]
DEBUG --> [REQ_ID=1d8a04a35435] [LIFECYCLE][START] GET https://mymiwallet.com/index.php/login

[1 occurrence(s)]
DEBUG --> [REQ_ID=95d28d267972] [INIT] App\Controllers\AuthController::GET

[230 occurrence(s)]
DEBUG --> [VIEW_RESOLUTION] Render configuration

[115 occurrence(s)]
DEBUG --> [AUTH_RENDER] Final render config

[1 occurrence(s)]
DEBUG --> [REQ_ID=1d8a04a35435] [FILTER_AFTER]

[1 occurrence(s)]
DEBUG --> [REQ_ID=1d8a04a35435] [LIFECYCLE][END] status=200 duration_ms=34.73 memory_delta=0

[1 occurrence(s)]
DEBUG --> [REQ_ID=1d8a04a35435] [REQUEST][END]

[1 occurrence(s)]
DEBUG --> [REQ_ID=5699a54079c8] [REQUEST][START] GET /wp-load.php

[1 occurrence(s)]
DEBUG --> [REQ_ID=5699a54079c8] [FILTER_BEFORE] /wp-load.php

[1 occurrence(s)]
DEBUG --> [REQ_ID=5699a54079c8] [ROUTE] Controller=\App\Modules\PropFirms\Controllers\PropFirmsController Method=index

[1 occurrence(s)]
DEBUG --> [REQ_ID=5699a54079c8] [LIFECYCLE][START] GET https://mymiwallet.com/index.php/wp-load.php

[1 occurrence(s)]
DEBUG --> [REQ_ID=5699a54079c8] [REQUEST][END]

[1 occurrence(s)]
DEBUG --> [REQ_ID=2ad4f99d2f68] [REQUEST][START] GET /index.php/login

[1 occurrence(s)]
DEBUG --> [REQ_ID=2ad4f99d2f68] [FILTER_BEFORE] /index.php/login

[1 occurrence(s)]
DEBUG --> [REQ_ID=2ad4f99d2f68] [ROUTE] Controller=\App\Controllers\AuthController Method=login

[1 occurrence(s)]
DEBUG --> [REQ_ID=2ad4f99d2f68] [LIFECYCLE][START] GET https://mymiwallet.com/index.php/login

[1 occurrence(s)]
DEBUG --> [REQ_ID=d154221fa697] [INIT] App\Controllers\AuthController::GET

[1 occurrence(s)]
DEBUG --> [REQ_ID=2ad4f99d2f68] [FILTER_AFTER]

[1 occurrence(s)]
DEBUG --> [REQ_ID=2ad4f99d2f68] [LIFECYCLE][END] status=200 duration_ms=47.62 memory_delta=0

[1 occurrence(s)]
DEBUG --> [REQ_ID=2ad4f99d2f68] [REQUEST][END]

[1 occurrence(s)]
DEBUG --> [REQ_ID=fdf5008171e8] [REQUEST][START] GET /wp-blog-header.php

[1 occurrence(s)]
DEBUG --> [REQ_ID=fdf5008171e8] [FILTER_BEFORE] /wp-blog-header.php

[1 occurrence(s)]
DEBUG --> [REQ_ID=fdf5008171e8] [ROUTE] Controller=\App\Modules\PropFirms\Controllers\PropFirmsController Method=index

[1 occurrence(s)]
DEBUG --> [REQ_ID=fdf5008171e8] [LIFECYCLE][START] GET https://mymiwallet.com/index.php/wp-blog-header.php

[1 occurrence(s)]
DEBUG --> [REQ_ID=fdf5008171e8] [REQUEST][END]

[1 occurrence(s)]
DEBUG --> [REQ_ID=c769f3838b92] [REQUEST][START] GET /index.php/login

[1 occurrence(s)]
DEBUG --> [REQ_ID=c769f3838b92] [FILTER_BEFORE] /index.php/login

[1 occurrence(s)]
DEBUG --> [REQ_ID=c769f3838b92] [ROUTE] Controller=\App\Controllers\AuthController Method=login

[1 occurrence(s)]
DEBUG --> [REQ_ID=c769f3838b92] [LIFECYCLE][START] GET https://mymiwallet.com/index.php/login

[1 occurrence(s)]
DEBUG --> [REQ_ID=03b909c7ef6c] [INIT] App\Controllers\AuthController::GET

[1 occurrence(s)]
DEBUG --> [REQ_ID=c769f3838b92] [FILTER_AFTER]

[1 occurrence(s)]
DEBUG --> [REQ_ID=c769f3838b92] [LIFECYCLE][END] status=200 duration_ms=33.34 memory_delta=0

[1 occurrence(s)]
DEBUG --> [REQ_ID=c769f3838b92] [REQUEST][END]

[1 occurrence(s)]
DEBUG --> [REQ_ID=c0440d2fd2d7] [REQUEST][START] GET /wp-admin/admin.php

[1 occurrence(s)]
DEBUG --> [REQ_ID=c0440d2fd2d7] [REQUEST][END]

[1 occurrence(s)]
DEBUG --> [REQ_ID=b20d20b409d5] [REQUEST][START] GET /wp-admin/themes.php

[1 occurrence(s)]
DEBUG --> [REQ_ID=b20d20b409d5] [REQUEST][END]

[1 occurrence(s)]
DEBUG --> [REQ_ID=7c2dddb27bbd] [REQUEST][START] GET /wp-admin/nav-menus.php

[1 occurrence(s)]
DEBUG --> [REQ_ID=7c2dddb27bbd] [REQUEST][END]

[1 occurrence(s)]
DEBUG --> [REQ_ID=a186693e1ab4] [REQUEST][START] GET /100.php

[1 occurrence(s)]
DEBUG --> [REQ_ID=a186693e1ab4] [FILTER_BEFORE] /100.php

[1 occurrence(s)]
DEBUG --> [REQ_ID=a186693e1ab4] [ROUTE] Controller=\App\Modules\PropFirms\Controllers\PropFirmsController Method=index

[1 occurrence(s)]
DEBUG --> [REQ_ID=a186693e1ab4] [LIFECYCLE][START] GET https://mymiwallet.com/index.php/100.php

[1 occurrence(s)]
DEBUG --> [REQ_ID=a186693e1ab4] [REQUEST][END]

[1 occurrence(s)]
DEBUG --> [REQ_ID=8a2da64474dd] [REQUEST][START] GET /index.php/login

[1 occurrence(s)]
DEBUG --> [REQ_ID=8a2da64474dd] [FILTER_BEFORE] /index.php/login

[1 occurrence(s)]
DEBUG --> [REQ_ID=8a2da64474dd] [ROUTE] Controller=\App\Controllers\AuthController Method=login

[1 occurrence(s)]
DEBUG --> [REQ_ID=8a2da64474dd] [LIFECYCLE][START] GET https://mymiwallet.com/index.php/login

[1 occurrence(s)]
DEBUG --> [REQ_ID=eb1cd2afe744] [INIT] App\Controllers\AuthController::GET

[1 occurrence(s)]
DEBUG --> [REQ_ID=8a2da64474dd] [FILTER_AFTER]

[1 occurrence(s)]
DEBUG --> [REQ_ID=8a2da64474dd] [LIFECYCLE][END] status=200 duration_ms=28.92 memory_delta=0

[1 occurrence(s)]
DEBUG --> [REQ_ID=8a2da64474dd] [REQUEST][END]

[1 occurrence(s)]
DEBUG --> [REQ_ID=bd89f3421afc] [REQUEST][START] GET /elp.php

[1 occurrence(s)]
DEBUG --> [REQ_ID=bd89f3421afc] [FILTER_BEFORE] /elp.php

[1 occurrence(s)]
DEBUG --> [REQ_ID=bd89f3421afc] [ROUTE] Controller=\App\Modules\PropFirms\Controllers\PropFirmsController Method=index

[1 occurrence(s)]
DEBUG --> [REQ_ID=bd89f3421afc] [LIFECYCLE][START] GET https://mymiwallet.com/index.php/elp.php

[1 occurrence(s)]
DEBUG --> [REQ_ID=bd89f3421afc] [REQUEST][END]

[1 occurrence(s)]
DEBUG --> [REQ_ID=e0d6f8c67a70] [REQUEST][START] GET /index.php/login

[1 occurrence(s)]
DEBUG --> [REQ_ID=e0d6f8c67a70] [FILTER_BEFORE] /index.php/login

[1 occurrence(s)]
DEBUG --> [REQ_ID=e0d6f8c67a70] [ROUTE] Controller=\App\Controllers\AuthController Method=login

[1 occurrence(s)]
DEBUG --> [REQ_ID=e0d6f8c67a70] [LIFECYCLE][START] GET https://mymiwallet.com/index.php/login

[1 occurrence(s)]
DEBUG --> [REQ_ID=0783707f4e02] [INIT] App\Controllers\AuthController::GET

[1 occurrence(s)]
DEBUG --> [REQ_ID=e0d6f8c67a70] [FILTER_AFTER]

[1 occurrence(s)]
DEBUG --> [REQ_ID=e0d6f8c67a70] [LIFECYCLE][END] status=200 duration_ms=27.46 memory_delta=0

[1 occurrence(s)]
DEBUG --> [REQ_ID=e0d6f8c67a70] [REQUEST][END]

[1 occurrence(s)]
DEBUG --> [REQ_ID=0b4c126a8fc3] [REQUEST][START] GET /ftde.php

[1 occurrence(s)]
DEBUG --> [REQ_ID=0b4c126a8fc3] [FILTER_BEFORE] /ftde.php

[1 occurrence(s)]
DEBUG --> [REQ_ID=0b4c126a8fc3] [ROUTE] Controller=\App\Modules\PropFirms\Controllers\PropFirmsController Method=index

[1 occurrence(s)]
DEBUG --> [REQ_ID=0b4c126a8fc3] [LIFECYCLE][START] GET https://mymiwallet.com/index.php/ftde.php

[1 occurrence(s)]
DEBUG --> [REQ_ID=0b4c126a8fc3] [REQUEST][END]

[1 occurrence(s)]
DEBUG --> [REQ_ID=6b339d3b4caa] [REQUEST][START] GET /index.php/login

[1 occurrence(s)]
DEBUG --> [REQ_ID=6b339d3b4caa] [FILTER_BEFORE] /index.php/login

[1 occurrence(s)]
DEBUG --> [REQ_ID=6b339d3b4caa] [ROUTE] Controller=\App\Controllers\AuthController Method=login

[1 occurrence(s)]
DEBUG --> [REQ_ID=6b339d3b4caa] [LIFECYCLE][START] GET https://mymiwallet.com/index.php/login

[1 occurrence(s)]
DEBUG --> [REQ_ID=493eedc1e29b] [INIT] App\Controllers\AuthController::GET

[1 occurrence(s)]
DEBUG --> [REQ_ID=6b339d3b4caa] [FILTER_AFTER]

[1 occurrence(s)]
DEBUG --> [REQ_ID=6b339d3b4caa] [LIFECYCLE][END] status=200 duration_ms=27.42 memory_delta=0

[1 occurrence(s)]
DEBUG --> [REQ_ID=6b339d3b4caa] [REQUEST][END]

[1 occurrence(s)]
DEBUG --> [REQ_ID=b7d0785f94bf] [REQUEST][START] GET /test1.php

[1 occurrence(s)]
DEBUG --> [REQ_ID=b7d0785f94bf] [FILTER_BEFORE] /test1.php

[1 occurrence(s)]
DEBUG --> [REQ_ID=b7d0785f94bf] [ROUTE] Controller=\App\Modules\PropFirms\Controllers\PropFirmsController Method=index

[1 occurrence(s)]
DEBUG --> [REQ_ID=b7d0785f94bf] [LIFECYCLE][START] GET https://mymiwallet.com/index.php/test1.php

[1 occurrence(s)]
DEBUG --> [REQ_ID=b7d0785f94bf] [REQUEST][END]

[1 occurrence(s)]
DEBUG --> [REQ_ID=d162a2f664e3] [REQUEST][START] GET /index.php/login

[1 occurrence(s)]
DEBUG --> [REQ_ID=d162a2f664e3] [FILTER_BEFORE] /index.php/login

[1 occurrence(s)]
DEBUG --> [REQ_ID=d162a2f664e3] [ROUTE] Controller=\App\Controllers\AuthController Method=login

[1 occurrence(s)]
DEBUG --> [REQ_ID=d162a2f664e3] [LIFECYCLE][START] GET https://mymiwallet.com/index.php/login

[1 occurrence(s)]
DEBUG --> [REQ_ID=5390aca8b124] [INIT] App\Controllers\AuthController::GET

[1 occurrence(s)]
DEBUG --> [REQ_ID=d162a2f664e3] [FILTER_AFTER]

[1 occurrence(s)]
DEBUG --> [REQ_ID=d162a2f664e3] [LIFECYCLE][END] status=200 duration_ms=29.02 memory_delta=0

[1 occurrence(s)]
DEBUG --> [REQ_ID=d162a2f664e3] [REQUEST][END]

[1 occurrence(s)]
DEBUG --> [REQ_ID=3f7bf2ff8ac0] [REQUEST][START] GET /wp-temp.php

[1 occurrence(s)]
DEBUG --> [REQ_ID=3f7bf2ff8ac0] [FILTER_BEFORE] /wp-temp.php

[1 occurrence(s)]
DEBUG --> [REQ_ID=3f7bf2ff8ac0] [ROUTE] Controller=\App\Modules\PropFirms\Controllers\PropFirmsController Method=index

[1 occurrence(s)]
DEBUG --> [REQ_ID=3f7bf2ff8ac0] [LIFECYCLE][START] GET https://mymiwallet.com/index.php/wp-temp.php

[1 occurrence(s)]
DEBUG --> [REQ_ID=3f7bf2ff8ac0] [REQUEST][END]

[1 occurrence(s)]
DEBUG --> [REQ_ID=3b3f4427e7a9] [REQUEST][START] GET /index.php/login

[1 occurrence(s)]
DEBUG --> [REQ_ID=3b3f4427e7a9] [FILTER_BEFORE] /index.php/login

[1 occurrence(s)]
DEBUG --> [REQ_ID=3b3f4427e7a9] [ROUTE] Controller=\App\Controllers\AuthController Method=login

[1 occurrence(s)]
DEBUG --> [REQ_ID=3b3f4427e7a9] [LIFECYCLE][START] GET https://mymiwallet.com/index.php/login

[1 occurrence(s)]
DEBUG --> [REQ_ID=afc504a02e3d] [INIT] App\Controllers\AuthController::GET

[1 occurrence(s)]
DEBUG --> [REQ_ID=3b3f4427e7a9] [FILTER_AFTER]

[1 occurrence(s)]
DEBUG --> [REQ_ID=3b3f4427e7a9] [LIFECYCLE][END] status=200 duration_ms=27.77 memory_delta=0

[1 occurrence(s)]
DEBUG --> [REQ_ID=3b3f4427e7a9] [REQUEST][END]

[1 occurrence(s)]
DEBUG --> [REQ_ID=013710eb1731] [REQUEST][START] GET /admin/function.php

[1 occurrence(s)]
DEBUG --> [REQ_ID=013710eb1731] [REQUEST][END]

[1 occurrence(s)]
DEBUG --> [REQ_ID=8c7f7562183e] [REQUEST][START] GET /atomlib.php

[1 occurrence(s)]
DEBUG --> [REQ_ID=8c7f7562183e] [FILTER_BEFORE] /atomlib.php

[1 occurrence(s)]
DEBUG --> [REQ_ID=8c7f7562183e] [ROUTE] Controller=\App\Modules\PropFirms\Controllers\PropFirmsController Method=index

[1 occurrence(s)]
DEBUG --> [REQ_ID=8c7f7562183e] [LIFECYCLE][START] GET https://mymiwallet.com/index.php/atomlib.php

[1 occurrence(s)]
DEBUG --> [REQ_ID=8c7f7562183e] [REQUEST][END]

[1 occurrence(s)]
DEBUG --> [REQ_ID=4e99545f7af8] [REQUEST][START] GET /index.php/login

[1 occurrence(s)]
DEBUG --> [REQ_ID=4e99545f7af8] [FILTER_BEFORE] /index.php/login

[1 occurrence(s)]
DEBUG --> [REQ_ID=4e99545f7af8] [ROUTE] Controller=\App\Controllers\AuthController Method=login

[1 occurrence(s)]
DEBUG --> [REQ_ID=4e99545f7af8] [LIFECYCLE][START] GET https://mymiwallet.com/index.php/login

[1 occurrence(s)]
DEBUG --> [REQ_ID=0d86ed19a43a] [INIT] App\Controllers\AuthController::GET

[1 occurrence(s)]
DEBUG --> [REQ_ID=4e99545f7af8] [FILTER_AFTER]

[1 occurrence(s)]
DEBUG --> [REQ_ID=4e99545f7af8] [LIFECYCLE][END] status=200 duration_ms=26.90 memory_delta=0

[1 occurrence(s)]
DEBUG --> [REQ_ID=4e99545f7af8] [REQUEST][END]

[1 occurrence(s)]
DEBUG --> [REQ_ID=6225365814e8] [REQUEST][START] GET /fm.php

[1 occurrence(s)]
DEBUG --> [REQ_ID=6225365814e8] [FILTER_BEFORE] /fm.php

[1 occurrence(s)]
DEBUG --> [REQ_ID=6225365814e8] [ROUTE] Controller=\App\Modules\PropFirms\Controllers\PropFirmsController Method=index

[1 occurrence(s)]
DEBUG --> [REQ_ID=6225365814e8] [LIFECYCLE][START] GET https://mymiwallet.com/index.php/fm.php

[1 occurrence(s)]
DEBUG --> [REQ_ID=6225365814e8] [REQUEST][END]

[1 occurrence(s)]
DEBUG --> [REQ_ID=8c68b724da82] [REQUEST][START] GET /index.php/login

[1 occurrence(s)]
DEBUG --> [REQ_ID=8c68b724da82] [FILTER_BEFORE] /index.php/login

[1 occurrence(s)]
DEBUG --> [REQ_ID=8c68b724da82] [ROUTE] Controller=\App\Controllers\AuthController Method=login

[1 occurrence(s)]
DEBUG --> [REQ_ID=8c68b724da82] [LIFECYCLE][START] GET https://mymiwallet.com/index.php/login

[1 occurrence(s)]
DEBUG --> [REQ_ID=d6c80448a2c3] [INIT] App\Controllers\AuthController::GET

[1 occurrence(s)]
DEBUG --> [REQ_ID=8c68b724da82] [FILTER_AFTER]

[1 occurrence(s)]
DEBUG --> [REQ_ID=8c68b724da82] [LIFECYCLE][END] status=200 duration_ms=21.70 memory_delta=0

[1 occurrence(s)]
DEBUG --> [REQ_ID=8c68b724da82] [REQUEST][END]

[1 occurrence(s)]
DEBUG --> [REQ_ID=806cdbaffd05] [REQUEST][START] GET /themes.php

[1 occurrence(s)]
DEBUG --> [REQ_ID=806cdbaffd05] [FILTER_BEFORE] /themes.php

[1 occurrence(s)]
DEBUG --> [REQ_ID=806cdbaffd05] [ROUTE] Controller=\App\Modules\PropFirms\Controllers\PropFirmsController Method=index

[1 occurrence(s)]
DEBUG --> [REQ_ID=806cdbaffd05] [LIFECYCLE][START] GET https://mymiwallet.com/index.php/themes.php

[1 occurrence(s)]
DEBUG --> [REQ_ID=806cdbaffd05] [REQUEST][END]

[1 occurrence(s)]
DEBUG --> [REQ_ID=c0407b9f8c2a] [REQUEST][START] GET /index.php/login

[1 occurrence(s)]
DEBUG --> [REQ_ID=c0407b9f8c2a] [FILTER_BEFORE] /index.php/login

[1 occurrence(s)]
DEBUG --> [REQ_ID=c0407b9f8c2a] [ROUTE] Controller=\App\Controllers\AuthController Method=login

[1 occurrence(s)]
DEBUG --> [REQ_ID=c0407b9f8c2a] [LIFECYCLE][START] GET https://mymiwallet.com/index.php/login

[1 occurrence(s)]
DEBUG --> [REQ_ID=0138a3c75097] [INIT] App\Controllers\AuthController::GET

[1 occurrence(s)]
DEBUG --> [REQ_ID=c0407b9f8c2a] [FILTER_AFTER]

[1 occurrence(s)]
DEBUG --> [REQ_ID=c0407b9f8c2a] [LIFECYCLE][END] status=200 duration_ms=22.78 memory_delta=0

[1 occurrence(s)]
DEBUG --> [REQ_ID=c0407b9f8c2a] [REQUEST][END]

[1 occurrence(s)]
DEBUG --> [REQ_ID=d4548f8499d6] [REQUEST][START] GET /wp-blog.php

[1 occurrence(s)]
DEBUG --> [REQ_ID=d4548f8499d6] [FILTER_BEFORE] /wp-blog.php

[1 occurrence(s)]
DEBUG --> [REQ_ID=d4548f8499d6] [ROUTE] Controller=\App\Modules\PropFirms\Controllers\PropFirmsController Method=index

[1 occurrence(s)]
DEBUG --> [REQ_ID=d4548f8499d6] [LIFECYCLE][START] GET https://mymiwallet.com/index.php/wp-blog.php

[1 occurrence(s)]
DEBUG --> [REQ_ID=d4548f8499d6] [REQUEST][END]

[1 occurrence(s)]
DEBUG --> [REQ_ID=75d2c1e644c9] [REQUEST][START] GET /index.php/login

[1 occurrence(s)]
DEBUG --> [REQ_ID=75d2c1e644c9] [FILTER_BEFORE] /index.php/login

[1 occurrence(s)]
DEBUG --> [REQ_ID=75d2c1e644c9] [ROUTE] Controller=\App\Controllers\AuthController Method=login

[1 occurrence(s)]
DEBUG --> [REQ_ID=75d2c1e644c9] [LIFECYCLE][START] GET https://mymiwallet.com/index.php/login

[1 occurrence(s)]
DEBUG --> [REQ_ID=c7c68d7f43ac] [INIT] App\Controllers\AuthController::GET

[1 occurrence(s)]
DEBUG --> [REQ_ID=75d2c1e644c9] [FILTER_AFTER]

[1 occurrence(s)]
DEBUG --> [REQ_ID=75d2c1e644c9] [LIFECYCLE][END] status=200 duration_ms=27.44 memory_delta=0

[1 occurrence(s)]
DEBUG --> [REQ_ID=75d2c1e644c9] [REQUEST][END]

[1 occurrence(s)]
DEBUG --> [REQ_ID=b35e123bde1e] [REQUEST][START] GET /wp-the.php

[1 occurrence(s)]
DEBUG --> [REQ_ID=b35e123bde1e] [FILTER_BEFORE] /wp-the.php

[1 occurrence(s)]
DEBUG --> [REQ_ID=b35e123bde1e] [ROUTE] Controller=\App\Modules\PropFirms\Controllers\PropFirmsController Method=index

[1 occurrence(s)]
DEBUG --> [REQ_ID=b35e123bde1e] [LIFECYCLE][START] GET https://mymiwallet.com/index.php/wp-the.php

[1 occurrence(s)]
DEBUG --> [REQ_ID=b35e123bde1e] [REQUEST][END]

[1 occurrence(s)]
DEBUG --> [REQ_ID=daafc2c689c3] [REQUEST][START] GET /index.php/login

[1 occurrence(s)]
DEBUG --> [REQ_ID=daafc2c689c3] [FILTER_BEFORE] /index.php/login

[1 occurrence(s)]
DEBUG --> [REQ_ID=daafc2c689c3] [ROUTE] Controller=\App\Controllers\AuthController Method=login

[1 occurrence(s)]
DEBUG --> [REQ_ID=daafc2c689c3] [LIFECYCLE][START] GET https://mymiwallet.com/index.php/login

[1 occurrence(s)]
DEBUG --> [REQ_ID=43413f942249] [INIT] App\Controllers\AuthController::GET

[1 occurrence(s)]
DEBUG --> [REQ_ID=daafc2c689c3] [FILTER_AFTER]

[1 occurrence(s)]
DEBUG --> [REQ_ID=daafc2c689c3] [LIFECYCLE][END] status=200 duration_ms=51.64 memory_delta=0

[1 occurrence(s)]
DEBUG --> [REQ_ID=daafc2c689c3] [REQUEST][END]

[1 occurrence(s)]
DEBUG --> [REQ_ID=470267ac7c02] [REQUEST][START] GET /CDX2.php

[1 occurrence(s)]
DEBUG --> [REQ_ID=470267ac7c02] [FILTER_BEFORE] /CDX2.php

[1 occurrence(s)]
DEBUG --> [REQ_ID=470267ac7c02] [ROUTE] Controller=\App\Modules\PropFirms\Controllers\PropFirmsController Method=index

[1 occurrence(s)]
DEBUG --> [REQ_ID=470267ac7c02] [LIFECYCLE][START] GET https://mymiwallet.com/index.php/CDX2.php

[1 occurrence(s)]
DEBUG --> [REQ_ID=470267ac7c02] [REQUEST][END]

[1 occurrence(s)]
DEBUG --> [REQ_ID=0667d28b8ee1] [REQUEST][START] GET /index.php/login

[1 occurrence(s)]
DEBUG --> [REQ_ID=0667d28b8ee1] [FILTER_BEFORE] /index.php/login

[1 occurrence(s)]
DEBUG --> [REQ_ID=0667d28b8ee1] [ROUTE] Controller=\App\Controllers\AuthController Method=login

[1 occurrence(s)]
DEBUG --> [REQ_ID=0667d28b8ee1] [LIFECYCLE][START] GET https://mymiwallet.com/index.php/login

[1 occurrence(s)]
DEBUG --> [REQ_ID=4f81c837c123] [INIT] App\Controllers\AuthController::GET

[1 occurrence(s)]
DEBUG --> [REQ_ID=0667d28b8ee1] [FILTER_AFTER]

[1 occurrence(s)]
DEBUG --> [REQ_ID=0667d28b8ee1] [LIFECYCLE][END] status=200 duration_ms=31.85 memory_delta=0

[1 occurrence(s)]
DEBUG --> [REQ_ID=0667d28b8ee1] [REQUEST][END]

[1 occurrence(s)]
DEBUG --> [REQ_ID=6fdceb88ace5] [REQUEST][START] GET /profile.php

[1 occurrence(s)]
DEBUG --> [REQ_ID=6fdceb88ace5] [FILTER_BEFORE] /profile.php

[1 occurrence(s)]
DEBUG --> [REQ_ID=6fdceb88ace5] [ROUTE] Controller=\App\Modules\PropFirms\Controllers\PropFirmsController Method=index

[1 occurrence(s)]
DEBUG --> [REQ_ID=6fdceb88ace5] [LIFECYCLE][START] GET https://mymiwallet.com/index.php/profile.php

[1 occurrence(s)]
DEBUG --> [REQ_ID=6fdceb88ace5] [REQUEST][END]

[1 occurrence(s)]
DEBUG --> [REQ_ID=4cc33418339b] [REQUEST][START] GET /index.php/login

[1 occurrence(s)]
DEBUG --> [REQ_ID=4cc33418339b] [FILTER_BEFORE] /index.php/login

[1 occurrence(s)]
DEBUG --> [REQ_ID=4cc33418339b] [ROUTE] Controller=\App\Controllers\AuthController Method=login

[1 occurrence(s)]
DEBUG --> [REQ_ID=4cc33418339b] [LIFECYCLE][START] GET https://mymiwallet.com/index.php/login

[1 occurrence(s)]
DEBUG --> [REQ_ID=c48024b65fa1] [INIT] App\Controllers\AuthController::GET

[1 occurrence(s)]
DEBUG --> [REQ_ID=4cc33418339b] [FILTER_AFTER]

[1 occurrence(s)]
DEBUG --> [REQ_ID=4cc33418339b] [LIFECYCLE][END] status=200 duration_ms=27.66 memory_delta=0

[1 occurrence(s)]
DEBUG --> [REQ_ID=4cc33418339b] [REQUEST][END]

[1 occurrence(s)]
DEBUG --> [REQ_ID=5b66898ac236] [REQUEST][START] GET /wp-content/themes/admin.php

[1 occurrence(s)]
DEBUG --> [REQ_ID=5b66898ac236] [REQUEST][END]

[1 occurrence(s)]
DEBUG --> [REQ_ID=8c0d7c1082cc] [REQUEST][START] GET /ws80.php

[1 occurrence(s)]
DEBUG --> [REQ_ID=8c0d7c1082cc] [FILTER_BEFORE] /ws80.php

[1 occurrence(s)]
DEBUG --> [REQ_ID=8c0d7c1082cc] [ROUTE] Controller=\App\Modules\PropFirms\Controllers\PropFirmsController Method=index

[1 occurrence(s)]
DEBUG --> [REQ_ID=8c0d7c1082cc] [LIFECYCLE][START] GET https://mymiwallet.com/index.php/ws80.php

[1 occurrence(s)]
DEBUG --> [REQ_ID=8c0d7c1082cc] [REQUEST][END]

[1 occurrence(s)]
DEBUG --> [REQ_ID=f8ed4f2ab7f5] [REQUEST][START] GET /index.php/login

[1 occurrence(s)]
DEBUG --> [REQ_ID=f8ed4f2ab7f5] [FILTER_BEFORE] /index.php/login

[1 occurrence(s)]
DEBUG --> [REQ_ID=f8ed4f2ab7f5] [ROUTE] Controller=\App\Controllers\AuthController Method=login

[1 occurrence(s)]
DEBUG --> [REQ_ID=f8ed4f2ab7f5] [LIFECYCLE][START] GET https://mymiwallet.com/index.php/login

[1 occurrence(s)]
DEBUG --> [REQ_ID=861eb562a4d5] [INIT] App\Controllers\AuthController::GET

[1 occurrence(s)]
DEBUG --> [REQ_ID=f8ed4f2ab7f5] [FILTER_AFTER]

[1 occurrence(s)]
DEBUG --> [REQ_ID=f8ed4f2ab7f5] [LIFECYCLE][END] status=200 duration_ms=27.16 memory_delta=0

[1 occurrence(s)]
DEBUG --> [REQ_ID=f8ed4f2ab7f5] [REQUEST][END]

[1 occurrence(s)]
DEBUG --> [REQ_ID=a91074d3a1a0] [REQUEST][START] GET /403.php

[1 occurrence(s)]
DEBUG --> [REQ_ID=a91074d3a1a0] [FILTER_BEFORE] /403.php

[1 occurrence(s)]
DEBUG --> [REQ_ID=a91074d3a1a0] [ROUTE] Controller=\App\Modules\PropFirms\Controllers\PropFirmsController Method=index

[1 occurrence(s)]
DEBUG --> [REQ_ID=a91074d3a1a0] [LIFECYCLE][START] GET https://mymiwallet.com/index.php/403.php

[1 occurrence(s)]
DEBUG --> [REQ_ID=a91074d3a1a0] [REQUEST][END]

[1 occurrence(s)]
DEBUG --> [REQ_ID=7cd4efec9f91] [REQUEST][START] GET /index.php/login

[1 occurrence(s)]
DEBUG --> [REQ_ID=7cd4efec9f91] [FILTER_BEFORE] /index.php/login

[1 occurrence(s)]
DEBUG --> [REQ_ID=7cd4efec9f91] [ROUTE] Controller=\App\Controllers\AuthController Method=login

[1 occurrence(s)]
DEBUG --> [REQ_ID=7cd4efec9f91] [LIFECYCLE][START] GET https://mymiwallet.com/index.php/login

[1 occurrence(s)]
DEBUG --> [REQ_ID=17acc4de45f9] [INIT] App\Controllers\AuthController::GET

[1 occurrence(s)]
DEBUG --> [REQ_ID=7cd4efec9f91] [FILTER_AFTER]

[1 occurrence(s)]
DEBUG --> [REQ_ID=7cd4efec9f91] [LIFECYCLE][END] status=200 duration_ms=24.99 memory_delta=0

[1 occurrence(s)]
DEBUG --> [REQ_ID=7cd4efec9f91] [REQUEST][END]

[1 occurrence(s)]
DEBUG --> [REQ_ID=2c05e13c6a76] [REQUEST][START] GET /a4.php

[1 occurrence(s)]
DEBUG --> [REQ_ID=2c05e13c6a76] [FILTER_BEFORE] /a4.php

[1 occurrence(s)]
DEBUG --> [REQ_ID=2c05e13c6a76] [ROUTE] Controller=\App\Modules\PropFirms\Controllers\PropFirmsController Method=index

[1 occurrence(s)]
DEBUG --> [REQ_ID=2c05e13c6a76] [LIFECYCLE][START] GET https://mymiwallet.com/index.php/a4.php

[1 occurrence(s)]
DEBUG --> [REQ_ID=2c05e13c6a76] [REQUEST][END]

[1 occurrence(s)]
DEBUG --> [REQ_ID=5d18d3d79519] [REQUEST][START] GET /index.php/login

[1 occurrence(s)]
DEBUG --> [REQ_ID=5d18d3d79519] [FILTER_BEFORE] /index.php/login

[1 occurrence(s)]
DEBUG --> [REQ_ID=5d18d3d79519] [ROUTE] Controller=\App\Controllers\AuthController Method=login

[1 occurrence(s)]
DEBUG --> [REQ_ID=5d18d3d79519] [LIFECYCLE][START] GET https://mymiwallet.com/index.php/login

[1 occurrence(s)]
DEBUG --> [REQ_ID=251c3fb21b41] [INIT] App\Controllers\AuthController::GET

[1 occurrence(s)]
DEBUG --> [REQ_ID=5d18d3d79519] [FILTER_AFTER]

[1 occurrence(s)]
DEBUG --> [REQ_ID=5d18d3d79519] [LIFECYCLE][END] status=200 duration_ms=25.46 memory_delta=0

[1 occurrence(s)]
DEBUG --> [REQ_ID=5d18d3d79519] [REQUEST][END]

[1 occurrence(s)]
DEBUG --> [REQ_ID=c8c7a2d88506] [REQUEST][START] GET /app.php

[1 occurrence(s)]
DEBUG --> [REQ_ID=c8c7a2d88506] [FILTER_BEFORE] /app.php

[1 occurrence(s)]
DEBUG --> [REQ_ID=c8c7a2d88506] [ROUTE] Controller=\App\Modules\PropFirms\Controllers\PropFirmsController Method=index

[1 occurrence(s)]
DEBUG --> [REQ_ID=c8c7a2d88506] [LIFECYCLE][START] GET https://mymiwallet.com/index.php/app.php

[1 occurrence(s)]
DEBUG --> [REQ_ID=c8c7a2d88506] [REQUEST][END]

[1 occurrence(s)]
DEBUG --> [REQ_ID=f6244ee04a1a] [REQUEST][START] GET /index.php/login

[1 occurrence(s)]
DEBUG --> [REQ_ID=f6244ee04a1a] [FILTER_BEFORE] /index.php/login

[1 occurrence(s)]
DEBUG --> [REQ_ID=f6244ee04a1a] [ROUTE] Controller=\App\Controllers\AuthController Method=login

[1 occurrence(s)]
DEBUG --> [REQ_ID=f6244ee04a1a] [LIFECYCLE][START] GET https://mymiwallet.com/index.php/login

[1 occurrence(s)]
DEBUG --> [REQ_ID=0bd15fccc722] [INIT] App\Controllers\AuthController::GET

[1 occurrence(s)]
DEBUG --> [REQ_ID=f6244ee04a1a] [FILTER_AFTER]

[1 occurrence(s)]
DEBUG --> [REQ_ID=f6244ee04a1a] [LIFECYCLE][END] status=200 duration_ms=34.75 memory_delta=0

[1 occurrence(s)]
DEBUG --> [REQ_ID=f6244ee04a1a] [REQUEST][END]

[1 occurrence(s)]
DEBUG --> [REQ_ID=ea7155c8a727] [REQUEST][START] GET /buy.php

[1 occurrence(s)]
DEBUG --> [REQ_ID=ea7155c8a727] [FILTER_BEFORE] /buy.php

[1 occurrence(s)]
DEBUG --> [REQ_ID=ea7155c8a727] [ROUTE] Controller=\App\Modules\PropFirms\Controllers\PropFirmsController Method=index

[1 occurrence(s)]
DEBUG --> [REQ_ID=ea7155c8a727] [LIFECYCLE][START] GET https://mymiwallet.com/index.php/buy.php

[1 occurrence(s)]
DEBUG --> [REQ_ID=ea7155c8a727] [REQUEST][END]

[1 occurrence(s)]
DEBUG --> [REQ_ID=9a46b4f565a1] [REQUEST][START] GET /index.php/login

[1 occurrence(s)]
DEBUG --> [REQ_ID=9a46b4f565a1] [FILTER_BEFORE] /index.php/login

[1 occurrence(s)]
DEBUG --> [REQ_ID=9a46b4f565a1] [ROUTE] Controller=\App\Controllers\AuthController Method=login

[1 occurrence(s)]
DEBUG --> [REQ_ID=9a46b4f565a1] [LIFECYCLE][START] GET https://mymiwallet.com/index.php/login

[1 occurrence(s)]
DEBUG --> [REQ_ID=084ecb82b2da] [INIT] App\Controllers\AuthController::GET

[1 occurrence(s)]
DEBUG --> [REQ_ID=9a46b4f565a1] [FILTER_AFTER]

[1 occurrence(s)]
DEBUG --> [REQ_ID=9a46b4f565a1] [LIFECYCLE][END] status=200 duration_ms=30.16 memory_delta=0

[1 occurrence(s)]
DEBUG --> [REQ_ID=9a46b4f565a1] [REQUEST][END]

[1 occurrence(s)]
DEBUG --> [REQ_ID=07df6c530bc4] [REQUEST][START] GET /core.php

[1 occurrence(s)]
DEBUG --> [REQ_ID=07df6c530bc4] [FILTER_BEFORE] /core.php

[1 occurrence(s)]
DEBUG --> [REQ_ID=07df6c530bc4] [ROUTE] Controller=\App\Modules\PropFirms\Controllers\PropFirmsController Method=index

[1 occurrence(s)]
DEBUG --> [REQ_ID=07df6c530bc4] [LIFECYCLE][START] GET https://mymiwallet.com/index.php/core.php

[1 occurrence(s)]
DEBUG --> [REQ_ID=07df6c530bc4] [REQUEST][END]

[1 occurrence(s)]
DEBUG --> [REQ_ID=baae9b72b43a] [REQUEST][START] GET /index.php/login

[1 occurrence(s)]
DEBUG --> [REQ_ID=baae9b72b43a] [FILTER_BEFORE] /index.php/login

[1 occurrence(s)]
DEBUG --> [REQ_ID=baae9b72b43a] [ROUTE] Controller=\App\Controllers\AuthController Method=login

[1 occurrence(s)]
DEBUG --> [REQ_ID=baae9b72b43a] [LIFECYCLE][START] GET https://mymiwallet.com/index.php/login

[1 occurrence(s)]
DEBUG --> [REQ_ID=aaf2ee0d0ccb] [INIT] App\Controllers\AuthController::GET

[1 occurrence(s)]
DEBUG --> [REQ_ID=baae9b72b43a] [FILTER_AFTER]

[1 occurrence(s)]
DEBUG --> [REQ_ID=baae9b72b43a] [LIFECYCLE][END] status=200 duration_ms=24.56 memory_delta=0

[1 occurrence(s)]
DEBUG --> [REQ_ID=baae9b72b43a] [REQUEST][END]

[1 occurrence(s)]
DEBUG --> [REQ_ID=e55be44b73b7] [REQUEST][START] GET /lock360.php

[1 occurrence(s)]
DEBUG --> [REQ_ID=e55be44b73b7] [FILTER_BEFORE] /lock360.php

[1 occurrence(s)]
DEBUG --> [REQ_ID=e55be44b73b7] [ROUTE] Controller=\App\Modules\PropFirms\Controllers\PropFirmsController Method=index

[1 occurrence(s)]
DEBUG --> [REQ_ID=e55be44b73b7] [LIFECYCLE][START] GET https://mymiwallet.com/index.php/lock360.php

[1 occurrence(s)]
DEBUG --> [REQ_ID=e55be44b73b7] [REQUEST][END]

[1 occurrence(s)]
DEBUG --> [REQ_ID=caea345a58cf] [REQUEST][START] GET /index.php/login

[1 occurrence(s)]
DEBUG --> [REQ_ID=caea345a58cf] [FILTER_BEFORE] /index.php/login

[1 occurrence(s)]
DEBUG --> [REQ_ID=caea345a58cf] [ROUTE] Controller=\App\Controllers\AuthController Method=login

[1 occurrence(s)]
DEBUG --> [REQ_ID=caea345a58cf] [LIFECYCLE][START] GET https://mymiwallet.com/index.php/login

[1 occurrence(s)]
DEBUG --> [REQ_ID=92de41c1aa4f] [INIT] App\Controllers\AuthController::GET

[1 occurrence(s)]
DEBUG --> [REQ_ID=caea345a58cf] [FILTER_AFTER]

[1 occurrence(s)]
DEBUG --> [REQ_ID=caea345a58cf] [LIFECYCLE][END] status=200 duration_ms=23.93 memory_delta=0

[1 occurrence(s)]
DEBUG --> [REQ_ID=caea345a58cf] [REQUEST][END]

[1 occurrence(s)]
DEBUG --> [REQ_ID=64ed998695a6] [REQUEST][START] GET /wp-block.php

[1 occurrence(s)]
DEBUG --> [REQ_ID=64ed998695a6] [FILTER_BEFORE] /wp-block.php

[1 occurrence(s)]
DEBUG --> [REQ_ID=64ed998695a6] [ROUTE] Controller=\App\Modules\PropFirms\Controllers\PropFirmsController Method=index

[1 occurrence(s)]
DEBUG --> [REQ_ID=64ed998695a6] [LIFECYCLE][START] GET https://mymiwallet.com/index.php/wp-block.php

[1 occurrence(s)]
DEBUG --> [REQ_ID=64ed998695a6] [REQUEST][END]

[1 occurrence(s)]
DEBUG --> [REQ_ID=a95dba32e816] [REQUEST][START] GET /index.php/login

[1 occurrence(s)]
DEBUG --> [REQ_ID=a95dba32e816] [FILTER_BEFORE] /index.php/login

[1 occurrence(s)]
DEBUG --> [REQ_ID=a95dba32e816] [ROUTE] Controller=\App\Controllers\AuthController Method=login

[1 occurrence(s)]
DEBUG --> [REQ_ID=a95dba32e816] [LIFECYCLE][START] GET https://mymiwallet.com/index.php/login

[1 occurrence(s)]
DEBUG --> [REQ_ID=04a2bfc48a8f] [INIT] App\Controllers\AuthController::GET

[1 occurrence(s)]
DEBUG --> [REQ_ID=a95dba32e816] [FILTER_AFTER]

[1 occurrence(s)]
DEBUG --> [REQ_ID=a95dba32e816] [LIFECYCLE][END] status=200 duration_ms=46.50 memory_delta=0

[1 occurrence(s)]
DEBUG --> [REQ_ID=a95dba32e816] [REQUEST][END]

[1 occurrence(s)]
DEBUG --> [REQ_ID=42d2f509abac] [REQUEST][START] GET /wp-content/admin.php

[1 occurrence(s)]
DEBUG --> [REQ_ID=42d2f509abac] [REQUEST][END]

[1 occurrence(s)]
DEBUG --> [REQ_ID=f2ccb978151b] [REQUEST][START] GET /wp-includes/assets/index.php

[1 occurrence(s)]
DEBUG --> [REQ_ID=f2ccb978151b] [REQUEST][END]

[1 occurrence(s)]
DEBUG --> [REQ_ID=1171b66e75b3] [REQUEST][START] GET /wp-includes/images/wp-login.php

[1 occurrence(s)]
DEBUG --> [REQ_ID=1171b66e75b3] [REQUEST][END]

[1 occurrence(s)]
DEBUG --> [REQ_ID=dbca59207494] [REQUEST][START] GET /z.php

[1 occurrence(s)]
DEBUG --> [REQ_ID=dbca59207494] [FILTER_BEFORE] /z.php

[1 occurrence(s)]
DEBUG --> [REQ_ID=dbca59207494] [ROUTE] Controller=\App\Modules\PropFirms\Controllers\PropFirmsController Method=index

[1 occurrence(s)]
DEBUG --> [REQ_ID=dbca59207494] [LIFECYCLE][START] GET https://mymiwallet.com/index.php/z.php

[1 occurrence(s)]
DEBUG --> [REQ_ID=dbca59207494] [REQUEST][END]

[1 occurrence(s)]
DEBUG --> [REQ_ID=0a2bb2410381] [REQUEST][START] GET /index.php/login

[1 occurrence(s)]
DEBUG --> [REQ_ID=0a2bb2410381] [FILTER_BEFORE] /index.php/login

[1 occurrence(s)]
DEBUG --> [REQ_ID=0a2bb2410381] [ROUTE] Controller=\App\Controllers\AuthController Method=login

[1 occurrence(s)]
DEBUG --> [REQ_ID=0a2bb2410381] [LIFECYCLE][START] GET https://mymiwallet.com/index.php/login

[1 occurrence(s)]
DEBUG --> [REQ_ID=b759fde15daf] [INIT] App\Controllers\AuthController::GET

[1 occurrence(s)]
DEBUG --> [REQ_ID=0a2bb2410381] [FILTER_AFTER]

[1 occurrence(s)]
DEBUG --> [REQ_ID=0a2bb2410381] [LIFECYCLE][END] status=200 duration_ms=26.49 memory_delta=0

[1 occurrence(s)]
DEBUG --> [REQ_ID=0a2bb2410381] [REQUEST][END]

[1 occurrence(s)]
DEBUG --> [REQ_ID=3b490a805b10] [REQUEST][START] GET /bless.php

[1 occurrence(s)]
DEBUG --> [REQ_ID=3b490a805b10] [FILTER_BEFORE] /bless.php

[1 occurrence(s)]
DEBUG --> [REQ_ID=3b490a805b10] [ROUTE] Controller=\App\Modules\PropFirms\Controllers\PropFirmsController Method=index

[1 occurrence(s)]
DEBUG --> [REQ_ID=3b490a805b10] [LIFECYCLE][START] GET https://mymiwallet.com/index.php/bless.php

[1 occurrence(s)]
DEBUG --> [REQ_ID=3b490a805b10] [REQUEST][END]

[1 occurrence(s)]
DEBUG --> [REQ_ID=1f658a706a1e] [REQUEST][START] GET /index.php/login

[1 occurrence(s)]
DEBUG --> [REQ_ID=1f658a706a1e] [FILTER_BEFORE] /index.php/login

[1 occurrence(s)]
DEBUG --> [REQ_ID=1f658a706a1e] [ROUTE] Controller=\App\Controllers\AuthController Method=login

[1 occurrence(s)]
DEBUG --> [REQ_ID=1f658a706a1e] [LIFECYCLE][START] GET https://mymiwallet.com/index.php/login

[1 occurrence(s)]
DEBUG --> [REQ_ID=7d1f9e73c7a9] [INIT] App\Controllers\AuthController::GET

[1 occurrence(s)]
DEBUG --> [REQ_ID=1f658a706a1e] [FILTER_AFTER]

[1 occurrence(s)]
DEBUG --> [REQ_ID=1f658a706a1e] [LIFECYCLE][END] status=200 duration_ms=28.66 memory_delta=0

[1 occurrence(s)]
DEBUG --> [REQ_ID=1f658a706a1e] [REQUEST][END]

[1 occurrence(s)]
DEBUG --> [REQ_ID=26f4c1775d19] [REQUEST][START] GET /hplfuns.php

[1 occurrence(s)]
DEBUG --> [REQ_ID=26f4c1775d19] [FILTER_BEFORE] /hplfuns.php

[1 occurrence(s)]
DEBUG --> [REQ_ID=26f4c1775d19] [ROUTE] Controller=\App\Modules\PropFirms\Controllers\PropFirmsController Method=index

[1 occurrence(s)]
DEBUG --> [REQ_ID=26f4c1775d19] [LIFECYCLE][START] GET https://mymiwallet.com/index.php/hplfuns.php

[1 occurrence(s)]
DEBUG --> [REQ_ID=26f4c1775d19] [REQUEST][END]

[1 occurrence(s)]
DEBUG --> [REQ_ID=87bdb51dd2ab] [REQUEST][START] GET /index.php/login

[1 occurrence(s)]
DEBUG --> [REQ_ID=87bdb51dd2ab] [FILTER_BEFORE] /index.php/login

[1 occurrence(s)]
DEBUG --> [REQ_ID=87bdb51dd2ab] [ROUTE] Controller=\App\Controllers\AuthController Method=login

[1 occurrence(s)]
DEBUG --> [REQ_ID=87bdb51dd2ab] [LIFECYCLE][START] GET https://mymiwallet.com/index.php/login

[1 occurrence(s)]
DEBUG --> [REQ_ID=11fe60d4e5a8] [INIT] App\Controllers\AuthController::GET

[1 occurrence(s)]
DEBUG --> [REQ_ID=87bdb51dd2ab] [FILTER_AFTER]

[1 occurrence(s)]
DEBUG --> [REQ_ID=87bdb51dd2ab] [LIFECYCLE][END] status=200 duration_ms=59.92 memory_delta=0

[1 occurrence(s)]
DEBUG --> [REQ_ID=87bdb51dd2ab] [REQUEST][END]

[1 occurrence(s)]
DEBUG --> [REQ_ID=c23e8a19ab2a] [REQUEST][START] GET /lock.php

[1 occurrence(s)]
DEBUG --> [REQ_ID=c23e8a19ab2a] [FILTER_BEFORE] /lock.php

[1 occurrence(s)]
DEBUG --> [REQ_ID=c23e8a19ab2a] [ROUTE] Controller=\App\Modules\PropFirms\Controllers\PropFirmsController Method=index

[1 occurrence(s)]
DEBUG --> [REQ_ID=c23e8a19ab2a] [LIFECYCLE][START] GET https://mymiwallet.com/index.php/lock.php

[1 occurrence(s)]
DEBUG --> [REQ_ID=c23e8a19ab2a] [REQUEST][END]

[1 occurrence(s)]
DEBUG --> [REQ_ID=f374310a2bf5] [REQUEST][START] GET /index.php/login

[1 occurrence(s)]
DEBUG --> [REQ_ID=f374310a2bf5] [FILTER_BEFORE] /index.php/login

[1 occurrence(s)]
DEBUG --> [REQ_ID=f374310a2bf5] [ROUTE] Controller=\App\Controllers\AuthController Method=login

[1 occurrence(s)]
DEBUG --> [REQ_ID=f374310a2bf5] [LIFECYCLE][START] GET https://mymiwallet.com/index.php/login

[1 occurrence(s)]
DEBUG --> [REQ_ID=14183bfd6866] [INIT] App\Controllers\AuthController::GET

[1 occurrence(s)]
DEBUG --> [REQ_ID=f374310a2bf5] [FILTER_AFTER]

[1 occurrence(s)]
DEBUG --> [REQ_ID=f374310a2bf5] [LIFECYCLE][END] status=200 duration_ms=30.66 memory_delta=0

[1 occurrence(s)]
DEBUG --> [REQ_ID=f374310a2bf5] [REQUEST][END]

[1 occurrence(s)]
DEBUG --> [REQ_ID=b4c25451d35a] [REQUEST][START] GET /radio.php

[1 occurrence(s)]
DEBUG --> [REQ_ID=b4c25451d35a] [FILTER_BEFORE] /radio.php

[1 occurrence(s)]
DEBUG --> [REQ_ID=b4c25451d35a] [ROUTE] Controller=\App\Modules\PropFirms\Controllers\PropFirmsController Method=index

[1 occurrence(s)]
DEBUG --> [REQ_ID=b4c25451d35a] [LIFECYCLE][START] GET https://mymiwallet.com/index.php/radio.php

[1 occurrence(s)]
DEBUG --> [REQ_ID=b4c25451d35a] [REQUEST][END]

[1 occurrence(s)]
DEBUG --> [REQ_ID=18fc5624f55b] [REQUEST][START] GET /index.php/login

[1 occurrence(s)]
DEBUG --> [REQ_ID=18fc5624f55b] [FILTER_BEFORE] /index.php/login

[1 occurrence(s)]
DEBUG --> [REQ_ID=18fc5624f55b] [ROUTE] Controller=\App\Controllers\AuthController Method=login

[1 occurrence(s)]
DEBUG --> [REQ_ID=18fc5624f55b] [LIFECYCLE][START] GET https://mymiwallet.com/index.php/login

[1 occurrence(s)]
DEBUG --> [REQ_ID=891daf7a6622] [INIT] App\Controllers\AuthController::GET

[1 occurrence(s)]
DEBUG --> [REQ_ID=18fc5624f55b] [FILTER_AFTER]

[1 occurrence(s)]
DEBUG --> [REQ_ID=18fc5624f55b] [LIFECYCLE][END] status=200 duration_ms=28.15 memory_delta=0

[1 occurrence(s)]
DEBUG --> [REQ_ID=18fc5624f55b] [REQUEST][END]

[1 occurrence(s)]
DEBUG --> [REQ_ID=02e5eee89e43] [REQUEST][START] GET /wp-content/themes/about.php

[1 occurrence(s)]
DEBUG --> [REQ_ID=02e5eee89e43] [REQUEST][END]

[1 occurrence(s)]
DEBUG --> [REQ_ID=1ea0ab201853] [REQUEST][START] GET /wp-content/upgrade/index.php

[1 occurrence(s)]
DEBUG --> [REQ_ID=1ea0ab201853] [REQUEST][END]

[1 occurrence(s)]
DEBUG --> [REQ_ID=47a9252991f7] [REQUEST][START] GET /wp-includes/fonts/index.php

[1 occurrence(s)]
DEBUG --> [REQ_ID=47a9252991f7] [REQUEST][END]

[1 occurrence(s)]
DEBUG --> [REQ_ID=32727e84499a] [REQUEST][START] GET /ws.php

[1 occurrence(s)]
DEBUG --> [REQ_ID=32727e84499a] [FILTER_BEFORE] /ws.php

[1 occurrence(s)]
DEBUG --> [REQ_ID=32727e84499a] [ROUTE] Controller=\App\Modules\PropFirms\Controllers\PropFirmsController Method=index

[1 occurrence(s)]
DEBUG --> [REQ_ID=32727e84499a] [LIFECYCLE][START] GET https://mymiwallet.com/index.php/ws.php

[1 occurrence(s)]
DEBUG --> [REQ_ID=32727e84499a] [REQUEST][END]

[1 occurrence(s)]
DEBUG --> [REQ_ID=86220a5d8cfa] [REQUEST][START] GET /index.php/login

[1 occurrence(s)]
DEBUG --> [REQ_ID=86220a5d8cfa] [FILTER_BEFORE] /index.php/login

[1 occurrence(s)]
DEBUG --> [REQ_ID=86220a5d8cfa] [ROUTE] Controller=\App\Controllers\AuthController Method=login

[1 occurrence(s)]
DEBUG --> [REQ_ID=86220a5d8cfa] [LIFECYCLE][START] GET https://mymiwallet.com/index.php/login

[1 occurrence(s)]
DEBUG --> [REQ_ID=53feb680182c] [INIT] App\Controllers\AuthController::GET

[1 occurrence(s)]
DEBUG --> [REQ_ID=86220a5d8cfa] [FILTER_AFTER]

[1 occurrence(s)]
DEBUG --> [REQ_ID=86220a5d8cfa] [LIFECYCLE][END] status=200 duration_ms=33.89 memory_delta=0

[1 occurrence(s)]
DEBUG --> [REQ_ID=86220a5d8cfa] [REQUEST][END]

[1 occurrence(s)]
DEBUG --> [REQ_ID=6a4947dc8b30] [REQUEST][START] GET /ws49.php

[1 occurrence(s)]
DEBUG --> [REQ_ID=6a4947dc8b30] [FILTER_BEFORE] /ws49.php

[1 occurrence(s)]
DEBUG --> [REQ_ID=6a4947dc8b30] [ROUTE] Controller=\App\Modules\PropFirms\Controllers\PropFirmsController Method=index

[1 occurrence(s)]
DEBUG --> [REQ_ID=6a4947dc8b30] [LIFECYCLE][START] GET https://mymiwallet.com/index.php/ws49.php

[1 occurrence(s)]
DEBUG --> [REQ_ID=6a4947dc8b30] [REQUEST][END]

[1 occurrence(s)]
DEBUG --> [REQ_ID=38f95fb04a67] [REQUEST][START] GET /index.php/login

[1 occurrence(s)]
DEBUG --> [REQ_ID=38f95fb04a67] [FILTER_BEFORE] /index.php/login

[1 occurrence(s)]
DEBUG --> [REQ_ID=38f95fb04a67] [ROUTE] Controller=\App\Controllers\AuthController Method=login

[1 occurrence(s)]
DEBUG --> [REQ_ID=38f95fb04a67] [LIFECYCLE][START] GET https://mymiwallet.com/index.php/login

[1 occurrence(s)]
DEBUG --> [REQ_ID=38f95fb04a67] [REQUEST][END]

[1 occurrence(s)]
DEBUG --> [REQ_ID=a03a1f3b7a23] [REQUEST][START] GET /xmlrpc.php

[1 occurrence(s)]
DEBUG --> [REQ_ID=a03a1f3b7a23] [FILTER_BEFORE] /xmlrpc.php

[1 occurrence(s)]
DEBUG --> [REQ_ID=a03a1f3b7a23] [ROUTE] Controller=\App\Modules\PropFirms\Controllers\PropFirmsController Method=index

[1 occurrence(s)]
DEBUG --> [REQ_ID=a03a1f3b7a23] [LIFECYCLE][START] GET https://mymiwallet.com/index.php/xmlrpc.php

[1 occurrence(s)]
DEBUG --> [REQ_ID=a03a1f3b7a23] [REQUEST][END]

[1 occurrence(s)]
DEBUG --> [REQ_ID=3b7c534b849f] [REQUEST][START] GET /xozx.php

[1 occurrence(s)]
DEBUG --> [REQ_ID=3b7c534b849f] [FILTER_BEFORE] /xozx.php

[1 occurrence(s)]
DEBUG --> [REQ_ID=3b7c534b849f] [ROUTE] Controller=\App\Modules\PropFirms\Controllers\PropFirmsController Method=index

[1 occurrence(s)]
DEBUG --> [REQ_ID=3b7c534b849f] [LIFECYCLE][START] GET https://mymiwallet.com/index.php/xozx.php

[1 occurrence(s)]
DEBUG --> [REQ_ID=3b7c534b849f] [REQUEST][END]

[1 occurrence(s)]
DEBUG --> [REQ_ID=7890cb481b9e] [REQUEST][START] GET /xwx1.php

[1 occurrence(s)]
DEBUG --> [REQ_ID=7890cb481b9e] [FILTER_BEFORE] /xwx1.php

[1 occurrence(s)]
DEBUG --> [REQ_ID=7890cb481b9e] [ROUTE] Controller=\App\Modules\PropFirms\Controllers\PropFirmsController Method=index

[1 occurrence(s)]
DEBUG --> [REQ_ID=7890cb481b9e] [LIFECYCLE][START] GET https://mymiwallet.com/index.php/xwx1.php

[1 occurrence(s)]
DEBUG --> [REQ_ID=7890cb481b9e] [REQUEST][END]

[1 occurrence(s)]
DEBUG --> [REQ_ID=cbf45136343e] [REQUEST][START] GET /Cap.php

[1 occurrence(s)]
DEBUG --> [REQ_ID=cbf45136343e] [FILTER_BEFORE] /Cap.php

[1 occurrence(s)]
DEBUG --> [REQ_ID=cbf45136343e] [ROUTE] Controller=\App\Modules\PropFirms\Controllers\PropFirmsController Method=index

[1 occurrence(s)]
DEBUG --> [REQ_ID=cbf45136343e] [LIFECYCLE][START] GET https://mymiwallet.com/index.php/Cap.php

[1 occurrence(s)]
DEBUG --> [REQ_ID=cbf45136343e] [REQUEST][END]

[1 occurrence(s)]
DEBUG --> [REQ_ID=9f3fef0d526d] [REQUEST][START] GET /ahax.php

[1 occurrence(s)]
DEBUG --> [REQ_ID=9f3fef0d526d] [FILTER_BEFORE] /ahax.php

[1 occurrence(s)]
DEBUG --> [REQ_ID=9f3fef0d526d] [ROUTE] Controller=\App\Modules\PropFirms\Controllers\PropFirmsController Method=index

[1 occurrence(s)]
DEBUG --> [REQ_ID=9f3fef0d526d] [LIFECYCLE][START] GET https://mymiwallet.com/index.php/ahax.php

[1 occurrence(s)]
DEBUG --> [REQ_ID=9f3fef0d526d] [REQUEST][END]

[1 occurrence(s)]
DEBUG --> [REQ_ID=441de9e58195] [REQUEST][START] GET /byrgo.php

[1 occurrence(s)]
DEBUG --> [REQ_ID=441de9e58195] [FILTER_BEFORE] /byrgo.php

[1 occurrence(s)]
DEBUG --> [REQ_ID=441de9e58195] [ROUTE] Controller=\App\Modules\PropFirms\Controllers\PropFirmsController Method=index

[1 occurrence(s)]
DEBUG --> [REQ_ID=441de9e58195] [LIFECYCLE][START] GET https://mymiwallet.com/index.php/byrgo.php

[1 occurrence(s)]
DEBUG --> [REQ_ID=441de9e58195] [REQUEST][END]

[1 occurrence(s)]
DEBUG --> [REQ_ID=b74b74e157af] [REQUEST][START] GET /css/index.php

[1 occurrence(s)]
DEBUG --> [REQ_ID=b74b74e157af] [REQUEST][END]

[1 occurrence(s)]
DEBUG --> [REQ_ID=6904d46a579c] [REQUEST][START] GET /jp.php

[1 occurrence(s)]
DEBUG --> [REQ_ID=6904d46a579c] [FILTER_BEFORE] /jp.php

[1 occurrence(s)]
DEBUG --> [REQ_ID=6904d46a579c] [ROUTE] Controller=\App\Modules\PropFirms\Controllers\PropFirmsController Method=index

[1 occurrence(s)]
DEBUG --> [REQ_ID=6904d46a579c] [LIFECYCLE][START] GET https://mymiwallet.com/index.php/jp.php

[1 occurrence(s)]
DEBUG --> [REQ_ID=6904d46a579c] [REQUEST][END]

[1 occurrence(s)]
DEBUG --> [REQ_ID=d5b68cec6df7] [REQUEST][START] GET /num.php

[1 occurrence(s)]
DEBUG --> [REQ_ID=d5b68cec6df7] [FILTER_BEFORE] /num.php

[1 occurrence(s)]
DEBUG --> [REQ_ID=d5b68cec6df7] [ROUTE] Controller=\App\Modules\PropFirms\Controllers\PropFirmsController Method=index

[1 occurrence(s)]
DEBUG --> [REQ_ID=d5b68cec6df7] [LIFECYCLE][START] GET https://mymiwallet.com/index.php/num.php

[1 occurrence(s)]
DEBUG --> [REQ_ID=d5b68cec6df7] [REQUEST][END]

[1 occurrence(s)]
DEBUG --> [REQ_ID=dc3734c0121e] [REQUEST][START] GET /wp-content/themes/index.php

[1 occurrence(s)]
DEBUG --> [REQ_ID=dc3734c0121e] [REQUEST][END]

[1 occurrence(s)]
DEBUG --> [REQ_ID=4ab63895af4b] [REQUEST][START] GET /12.php

[1 occurrence(s)]
DEBUG --> [REQ_ID=4ab63895af4b] [FILTER_BEFORE] /12.php

[1 occurrence(s)]
DEBUG --> [REQ_ID=4ab63895af4b] [ROUTE] Controller=\App\Modules\PropFirms\Controllers\PropFirmsController Method=index

[1 occurrence(s)]
DEBUG --> [REQ_ID=4ab63895af4b] [LIFECYCLE][START] GET https://mymiwallet.com/index.php/12.php

[1 occurrence(s)]
DEBUG --> [REQ_ID=4ab63895af4b] [REQUEST][END]

[1 occurrence(s)]
DEBUG --> [REQ_ID=0374d8de993a] [REQUEST][START] GET /Ov-Simple1.php

[1 occurrence(s)]
DEBUG --> [REQ_ID=0374d8de993a] [FILTER_BEFORE] /Ov-Simple1.php

[1 occurrence(s)]
DEBUG --> [REQ_ID=0374d8de993a] [ROUTE] Controller=\App\Modules\PropFirms\Controllers\PropFirmsController Method=index

[1 occurrence(s)]
DEBUG --> [REQ_ID=0374d8de993a] [LIFECYCLE][START] GET https://mymiwallet.com/index.php/Ov-Simple1.php

[1 occurrence(s)]
DEBUG --> [REQ_ID=0374d8de993a] [REQUEST][END]

[1 occurrence(s)]
DEBUG --> [REQ_ID=265dbe8f6452] [REQUEST][START] GET /an.php

[1 occurrence(s)]
DEBUG --> [REQ_ID=265dbe8f6452] [FILTER_BEFORE] /an.php

[1 occurrence(s)]
DEBUG --> [REQ_ID=265dbe8f6452] [ROUTE] Controller=\App\Modules\PropFirms\Controllers\PropFirmsController Method=index

[1 occurrence(s)]
DEBUG --> [REQ_ID=265dbe8f6452] [LIFECYCLE][START] GET https://mymiwallet.com/index.php/an.php

[1 occurrence(s)]
DEBUG --> [REQ_ID=265dbe8f6452] [REQUEST][END]

[1 occurrence(s)]
DEBUG --> [REQ_ID=e996bb3eb894] [REQUEST][START] GET /archive.php

[1 occurrence(s)]
DEBUG --> [REQ_ID=e996bb3eb894] [FILTER_BEFORE] /archive.php

[1 occurrence(s)]
DEBUG --> [REQ_ID=e996bb3eb894] [ROUTE] Controller=\App\Modules\PropFirms\Controllers\PropFirmsController Method=index

[1 occurrence(s)]
DEBUG --> [REQ_ID=e996bb3eb894] [LIFECYCLE][START] GET https://mymiwallet.com/index.php/archive.php

[1 occurrence(s)]
DEBUG --> [REQ_ID=e996bb3eb894] [REQUEST][END]

[1 occurrence(s)]
DEBUG --> [REQ_ID=0fe616dfc590] [REQUEST][START] GET /as.php

[1 occurrence(s)]
DEBUG --> [REQ_ID=0fe616dfc590] [FILTER_BEFORE] /as.php

[1 occurrence(s)]
DEBUG --> [REQ_ID=0fe616dfc590] [ROUTE] Controller=\App\Modules\PropFirms\Controllers\PropFirmsController Method=index

[1 occurrence(s)]
DEBUG --> [REQ_ID=0fe616dfc590] [LIFECYCLE][START] GET https://mymiwallet.com/index.php/as.php

[1 occurrence(s)]
DEBUG --> [REQ_ID=0fe616dfc590] [REQUEST][END]

[1 occurrence(s)]
DEBUG --> [REQ_ID=54c08b4efd0b] [REQUEST][START] GET /db.php

[1 occurrence(s)]
DEBUG --> [REQ_ID=54c08b4efd0b] [FILTER_BEFORE] /db.php

[1 occurrence(s)]
DEBUG --> [REQ_ID=54c08b4efd0b] [ROUTE] Controller=\App\Modules\PropFirms\Controllers\PropFirmsController Method=index

[1 occurrence(s)]
DEBUG --> [REQ_ID=54c08b4efd0b] [LIFECYCLE][START] GET https://mymiwallet.com/index.php/db.php

[1 occurrence(s)]
DEBUG --> [REQ_ID=54c08b4efd0b] [REQUEST][END]

[1 occurrence(s)]
DEBUG --> [REQ_ID=d1d7004f3829] [REQUEST][START] GET /error.php

[1 occurrence(s)]
DEBUG --> [REQ_ID=d1d7004f3829] [FILTER_BEFORE] /error.php

[1 occurrence(s)]
DEBUG --> [REQ_ID=d1d7004f3829] [ROUTE] Controller=\App\Modules\PropFirms\Controllers\PropFirmsController Method=index

[1 occurrence(s)]
DEBUG --> [REQ_ID=d1d7004f3829] [LIFECYCLE][START] GET https://mymiwallet.com/index.php/error.php

[1 occurrence(s)]
DEBUG --> [REQ_ID=d1d7004f3829] [REQUEST][END]

[1 occurrence(s)]
DEBUG --> [REQ_ID=2fe696e3606f] [REQUEST][START] GET /ortasekerli1.php

[1 occurrence(s)]
DEBUG --> [REQ_ID=2fe696e3606f] [FILTER_BEFORE] /ortasekerli1.php

[1 occurrence(s)]
DEBUG --> [REQ_ID=2fe696e3606f] [ROUTE] Controller=\App\Modules\PropFirms\Controllers\PropFirmsController Method=index

[1 occurrence(s)]
DEBUG --> [REQ_ID=2fe696e3606f] [LIFECYCLE][START] GET https://mymiwallet.com/index.php/ortasekerli1.php

[1 occurrence(s)]
DEBUG --> [REQ_ID=2fe696e3606f] [REQUEST][END]

[1 occurrence(s)]
DEBUG --> [REQ_ID=0b6258036230] [REQUEST][START] GET /wp-content/plugins/hellopress/wp_filemanager.php

[1 occurrence(s)]
DEBUG --> [REQ_ID=0b6258036230] [REQUEST][END]

[1 occurrence(s)]
DEBUG --> [REQ_ID=30e5dc17bfc7] [REQUEST][START] GET /wp-includes/class-wp-http-client.php

[1 occurrence(s)]
DEBUG --> [REQ_ID=30e5dc17bfc7] [REQUEST][END]

[1 occurrence(s)]
DEBUG --> [REQ_ID=61692fc1d51e] [REQUEST][START] GET /wp-includes/configuration.php

[1 occurrence(s)]
DEBUG --> [REQ_ID=61692fc1d51e] [REQUEST][END]

[1 occurrence(s)]
DEBUG --> [REQ_ID=1c758b168062] [REQUEST][START] GET /0x.php

[1 occurrence(s)]
DEBUG --> [REQ_ID=1c758b168062] [FILTER_BEFORE] /0x.php

[1 occurrence(s)]
DEBUG --> [REQ_ID=1c758b168062] [ROUTE] Controller=\App\Modules\PropFirms\Controllers\PropFirmsController Method=index

[1 occurrence(s)]
DEBUG --> [REQ_ID=1c758b168062] [LIFECYCLE][START] GET https://mymiwallet.com/index.php/0x.php

[1 occurrence(s)]
DEBUG --> [REQ_ID=1c758b168062] [REQUEST][END]

[1 occurrence(s)]
DEBUG --> [REQ_ID=23c5624332f5] [REQUEST][START] GET /aaa.php

[1 occurrence(s)]
DEBUG --> [REQ_ID=23c5624332f5] [FILTER_BEFORE] /aaa.php

[1 occurrence(s)]
DEBUG --> [REQ_ID=23c5624332f5] [ROUTE] Controller=\App\Modules\PropFirms\Controllers\PropFirmsController Method=index

[1 occurrence(s)]
DEBUG --> [REQ_ID=23c5624332f5] [LIFECYCLE][START] GET https://mymiwallet.com/index.php/aaa.php

[1 occurrence(s)]
DEBUG --> [REQ_ID=23c5624332f5] [REQUEST][END]

[1 occurrence(s)]
DEBUG --> [REQ_ID=0aa0c22862f0] [REQUEST][START] GET /byp.php

[1 occurrence(s)]
DEBUG --> [REQ_ID=0aa0c22862f0] [FILTER_BEFORE] /byp.php

[1 occurrence(s)]
DEBUG --> [REQ_ID=0aa0c22862f0] [ROUTE] Controller=\App\Modules\PropFirms\Controllers\PropFirmsController Method=index

[1 occurrence(s)]
DEBUG --> [REQ_ID=0aa0c22862f0] [LIFECYCLE][START] GET https://mymiwallet.com/index.php/byp.php

[1 occurrence(s)]
DEBUG --> [REQ_ID=0aa0c22862f0] [REQUEST][END]

[1 occurrence(s)]
DEBUG --> [REQ_ID=95c714f82b3e] [REQUEST][START] GET /dropdown.php

[1 occurrence(s)]
DEBUG --> [REQ_ID=95c714f82b3e] [FILTER_BEFORE] /dropdown.php

[1 occurrence(s)]
DEBUG --> [REQ_ID=95c714f82b3e] [ROUTE] Controller=\App\Modules\PropFirms\Controllers\PropFirmsController Method=index

[1 occurrence(s)]
DEBUG --> [REQ_ID=95c714f82b3e] [LIFECYCLE][START] GET https://mymiwallet.com/index.php/dropdown.php

[1 occurrence(s)]
DEBUG --> [REQ_ID=95c714f82b3e] [REQUEST][END]

[1 occurrence(s)]
DEBUG --> [REQ_ID=6733ae1db5df] [REQUEST][START] GET /mini.php

[1 occurrence(s)]
DEBUG --> [REQ_ID=6733ae1db5df] [FILTER_BEFORE] /mini.php

[1 occurrence(s)]
DEBUG --> [REQ_ID=6733ae1db5df] [ROUTE] Controller=\App\Modules\PropFirms\Controllers\PropFirmsController Method=index

[1 occurrence(s)]
DEBUG --> [REQ_ID=6733ae1db5df] [LIFECYCLE][START] GET https://mymiwallet.com/index.php/mini.php

[1 occurrence(s)]
DEBUG --> [REQ_ID=6733ae1db5df] [REQUEST][END]

[1 occurrence(s)]
DEBUG --> [REQ_ID=4ee86a248c21] [REQUEST][START] GET /new.php

[1 occurrence(s)]
DEBUG --> [REQ_ID=4ee86a248c21] [FILTER_BEFORE] /new.php

[1 occurrence(s)]
DEBUG --> [REQ_ID=4ee86a248c21] [ROUTE] Controller=\App\Modules\PropFirms\Controllers\PropFirmsController Method=index

[1 occurrence(s)]
DEBUG --> [REQ_ID=4ee86a248c21] [LIFECYCLE][START] GET https://mymiwallet.com/index.php/new.php

[1 occurrence(s)]
DEBUG --> [REQ_ID=4ee86a248c21] [REQUEST][END]

[1 occurrence(s)]
DEBUG --> [REQ_ID=c8a44e82ffc3] [REQUEST][START] GET /option.php

[1 occurrence(s)]
DEBUG --> [REQ_ID=c8a44e82ffc3] [FILTER_BEFORE] /option.php

[1 occurrence(s)]
DEBUG --> [REQ_ID=c8a44e82ffc3] [ROUTE] Controller=\App\Modules\PropFirms\Controllers\PropFirmsController Method=index

[1 occurrence(s)]
DEBUG --> [REQ_ID=c8a44e82ffc3] [LIFECYCLE][START] GET https://mymiwallet.com/index.php/option.php

[1 occurrence(s)]
DEBUG --> [REQ_ID=c8a44e82ffc3] [REQUEST][END]

[1 occurrence(s)]
DEBUG --> [REQ_ID=ac214cfc6416] [REQUEST][START] GET /s.php

[1 occurrence(s)]
DEBUG --> [REQ_ID=ac214cfc6416] [FILTER_BEFORE] /s.php

[1 occurrence(s)]
DEBUG --> [REQ_ID=ac214cfc6416] [ROUTE] Controller=\App\Modules\PropFirms\Controllers\PropFirmsController Method=index

[1 occurrence(s)]
DEBUG --> [REQ_ID=ac214cfc6416] [LIFECYCLE][START] GET https://mymiwallet.com/index.php/s.php

[1 occurrence(s)]
DEBUG --> [REQ_ID=ac214cfc6416] [REQUEST][END]

[1 occurrence(s)]
DEBUG --> [REQ_ID=50fb81f629ce] [REQUEST][START] GET /size.php

[1 occurrence(s)]
DEBUG --> [REQ_ID=50fb81f629ce] [FILTER_BEFORE] /size.php

[1 occurrence(s)]
DEBUG --> [REQ_ID=50fb81f629ce] [ROUTE] Controller=\App\Modules\PropFirms\Controllers\PropFirmsController Method=index

[1 occurrence(s)]
DEBUG --> [REQ_ID=50fb81f629ce] [LIFECYCLE][START] GET https://mymiwallet.com/index.php/size.php

[1 occurrence(s)]
DEBUG --> [REQ_ID=50fb81f629ce] [REQUEST][END]

[1 occurrence(s)]
DEBUG --> [REQ_ID=e6d234a9c212] [REQUEST][START] GET /system_log.php

[1 occurrence(s)]
DEBUG --> [REQ_ID=e6d234a9c212] [FILTER_BEFORE] /system_log.php

[1 occurrence(s)]
DEBUG --> [REQ_ID=e6d234a9c212] [ROUTE] Controller=\App\Modules\PropFirms\Controllers\PropFirmsController Method=index

[1 occurrence(s)]
DEBUG --> [REQ_ID=e6d234a9c212] [LIFECYCLE][START] GET https://mymiwallet.com/index.php/system_log.php

[1 occurrence(s)]
DEBUG --> [REQ_ID=e6d234a9c212] [REQUEST][END]

[1 occurrence(s)]
DEBUG --> [REQ_ID=a5ba1acf05b1] [REQUEST][START] GET /tool.php

[1 occurrence(s)]
DEBUG --> [REQ_ID=a5ba1acf05b1] [FILTER_BEFORE] /tool.php

[1 occurrence(s)]
DEBUG --> [REQ_ID=a5ba1acf05b1] [ROUTE] Controller=\App\Modules\PropFirms\Controllers\PropFirmsController Method=index

[1 occurrence(s)]
DEBUG --> [REQ_ID=a5ba1acf05b1] [LIFECYCLE][START] GET https://mymiwallet.com/index.php/tool.php

[1 occurrence(s)]
DEBUG --> [REQ_ID=a5ba1acf05b1] [REQUEST][END]

[1 occurrence(s)]
DEBUG --> [REQ_ID=5d6bac872da3] [REQUEST][START] GET /wp-admin.php

[1 occurrence(s)]
DEBUG --> [REQ_ID=5d6bac872da3] [FILTER_BEFORE] /wp-admin.php

[1 occurrence(s)]
DEBUG --> [REQ_ID=5d6bac872da3] [ROUTE] Controller=\App\Modules\PropFirms\Controllers\PropFirmsController Method=index

[1 occurrence(s)]
DEBUG --> [REQ_ID=5d6bac872da3] [LIFECYCLE][START] GET https://mymiwallet.com/index.php/wp-admin.php

[1 occurrence(s)]
DEBUG --> [REQ_ID=5d6bac872da3] [REQUEST][END]

[1 occurrence(s)]
DEBUG --> [REQ_ID=7578c0038f8a] [REQUEST][START] GET /wp-includes/Text/Diff/Engine/about.php

[1 occurrence(s)]
DEBUG --> [REQ_ID=7578c0038f8a] [REQUEST][END]

[1 occurrence(s)]
DEBUG --> [REQ_ID=4f38c44b063e] [REQUEST][START] GET /about/function.php

[1 occurrence(s)]
DEBUG --> [REQ_ID=4f38c44b063e] [REQUEST][END]

[1 occurrence(s)]
DEBUG --> [REQ_ID=fe6b8ea4f813] [REQUEST][START] GET /albin.php

[1 occurrence(s)]
DEBUG --> [REQ_ID=fe6b8ea4f813] [FILTER_BEFORE] /albin.php

[1 occurrence(s)]
DEBUG --> [REQ_ID=fe6b8ea4f813] [ROUTE] Controller=\App\Modules\PropFirms\Controllers\PropFirmsController Method=index

[1 occurrence(s)]
DEBUG --> [REQ_ID=fe6b8ea4f813] [LIFECYCLE][START] GET https://mymiwallet.com/index.php/albin.php

[1 occurrence(s)]
DEBUG --> [REQ_ID=fe6b8ea4f813] [REQUEST][END]

[1 occurrence(s)]
DEBUG --> [REQ_ID=cff62cd220d4] [REQUEST][START] GET /alfa.php

[1 occurrence(s)]
DEBUG --> [REQ_ID=cff62cd220d4] [FILTER_BEFORE] /alfa.php

[1 occurrence(s)]
DEBUG --> [REQ_ID=cff62cd220d4] [ROUTE] Controller=\App\Modules\PropFirms\Controllers\PropFirmsController Method=index

[1 occurrence(s)]
DEBUG --> [REQ_ID=cff62cd220d4] [LIFECYCLE][START] GET https://mymiwallet.com/index.php/alfa.php

[1 occurrence(s)]
DEBUG --> [REQ_ID=cff62cd220d4] [REQUEST][END]

[1 occurrence(s)]
DEBUG --> [REQ_ID=be709601bffa] [REQUEST][START] GET /autoload_classmap.php

[1 occurrence(s)]
DEBUG --> [REQ_ID=be709601bffa] [FILTER_BEFORE] /autoload_classmap.php

[1 occurrence(s)]
DEBUG --> [REQ_ID=be709601bffa] [ROUTE] Controller=\App\Modules\PropFirms\Controllers\PropFirmsController Method=index

[1 occurrence(s)]
DEBUG --> [REQ_ID=be709601bffa] [LIFECYCLE][START] GET https://mymiwallet.com/index.php/autoload_classmap.php

[1 occurrence(s)]
DEBUG --> [REQ_ID=be709601bffa] [REQUEST][END]

[1 occurrence(s)]
DEBUG --> [REQ_ID=61885e2166e2] [REQUEST][START] GET /av.php

[1 occurrence(s)]
DEBUG --> [REQ_ID=61885e2166e2] [FILTER_BEFORE] /av.php

[1 occurrence(s)]
DEBUG --> [REQ_ID=61885e2166e2] [ROUTE] Controller=\App\Modules\PropFirms\Controllers\PropFirmsController Method=index

[1 occurrence(s)]
DEBUG --> [REQ_ID=61885e2166e2] [LIFECYCLE][START] GET https://mymiwallet.com/index.php/av.php

[1 occurrence(s)]
DEBUG --> [REQ_ID=61885e2166e2] [REQUEST][END]

[1 occurrence(s)]
DEBUG --> [REQ_ID=a2f648eb77cc] [REQUEST][START] GET /dragonshell.php

[1 occurrence(s)]
DEBUG --> [REQ_ID=a2f648eb77cc] [FILTER_BEFORE] /dragonshell.php

[1 occurrence(s)]
DEBUG --> [REQ_ID=a2f648eb77cc] [ROUTE] Controller=\App\Modules\PropFirms\Controllers\PropFirmsController Method=index

[1 occurrence(s)]
DEBUG --> [REQ_ID=a2f648eb77cc] [LIFECYCLE][START] GET https://mymiwallet.com/index.php/dragonshell.php

[1 occurrence(s)]
DEBUG --> [REQ_ID=a2f648eb77cc] [REQUEST][END]

[1 occurrence(s)]
DEBUG --> [REQ_ID=98a27d98a945] [REQUEST][START] GET /f35.php

[1 occurrence(s)]
DEBUG --> [REQ_ID=98a27d98a945] [FILTER_BEFORE] /f35.php

[1 occurrence(s)]
DEBUG --> [REQ_ID=98a27d98a945] [ROUTE] Controller=\App\Modules\PropFirms\Controllers\PropFirmsController Method=index

[1 occurrence(s)]
DEBUG --> [REQ_ID=98a27d98a945] [LIFECYCLE][START] GET https://mymiwallet.com/index.php/f35.php

[1 occurrence(s)]
DEBUG --> [REQ_ID=98a27d98a945] [REQUEST][END]

[1 occurrence(s)]
DEBUG --> [REQ_ID=4ab2cfeab3a7] [REQUEST][START] GET /gg.php

[1 occurrence(s)]
DEBUG --> [REQ_ID=4ab2cfeab3a7] [FILTER_BEFORE] /gg.php

[1 occurrence(s)]
DEBUG --> [REQ_ID=4ab2cfeab3a7] [ROUTE] Controller=\App\Modules\PropFirms\Controllers\PropFirmsController Method=index

[1 occurrence(s)]
DEBUG --> [REQ_ID=4ab2cfeab3a7] [LIFECYCLE][START] GET https://mymiwallet.com/index.php/gg.php

[1 occurrence(s)]
DEBUG --> [REQ_ID=4ab2cfeab3a7] [REQUEST][END]

[1 occurrence(s)]
DEBUG --> [REQ_ID=14aa1c4173dd] [REQUEST][START] GET /gifclass.php

[1 occurrence(s)]
DEBUG --> [REQ_ID=14aa1c4173dd] [FILTER_BEFORE] /gifclass.php

[1 occurrence(s)]
DEBUG --> [REQ_ID=14aa1c4173dd] [ROUTE] Controller=\App\Modules\PropFirms\Controllers\PropFirmsController Method=index

[1 occurrence(s)]
DEBUG --> [REQ_ID=14aa1c4173dd] [LIFECYCLE][START] GET https://mymiwallet.com/index.php/gifclass.php

[1 occurrence(s)]
DEBUG --> [REQ_ID=14aa1c4173dd] [REQUEST][END]

[1 occurrence(s)]
DEBUG --> [REQ_ID=658e84953fa5] [REQUEST][START] GET /sql.php

[1 occurrence(s)]
DEBUG --> [REQ_ID=658e84953fa5] [FILTER_BEFORE] /sql.php

[1 occurrence(s)]
DEBUG --> [REQ_ID=658e84953fa5] [ROUTE] Controller=\App\Modules\PropFirms\Controllers\PropFirmsController Method=index

[1 occurrence(s)]
DEBUG --> [REQ_ID=658e84953fa5] [LIFECYCLE][START] GET https://mymiwallet.com/index.php/sql.php

[1 occurrence(s)]
DEBUG --> [REQ_ID=658e84953fa5] [REQUEST][END]

[1 occurrence(s)]
DEBUG --> [REQ_ID=d7b274f8b877] [REQUEST][START] GET /up.php

[1 occurrence(s)]
DEBUG --> [REQ_ID=d7b274f8b877] [FILTER_BEFORE] /up.php

[1 occurrence(s)]
DEBUG --> [REQ_ID=d7b274f8b877] [ROUTE] Controller=\App\Modules\PropFirms\Controllers\PropFirmsController Method=index

[1 occurrence(s)]
DEBUG --> [REQ_ID=d7b274f8b877] [LIFECYCLE][START] GET https://mymiwallet.com/index.php/up.php

[1 occurrence(s)]
DEBUG --> [REQ_ID=d7b274f8b877] [REQUEST][END]

[1 occurrence(s)]
DEBUG --> [REQ_ID=44f8e8d8d679] [REQUEST][START] GET /wp-admin/css/colors/blue/index.php

[1 occurrence(s)]
DEBUG --> [REQ_ID=44f8e8d8d679] [REQUEST][END]

[1 occurrence(s)]
DEBUG --> [REQ_ID=eccb50a59d9a] [REQUEST][START] GET /wp-admin/js/index.php

[1 occurrence(s)]
DEBUG --> [REQ_ID=eccb50a59d9a] [REQUEST][END]

[1 occurrence(s)]
DEBUG --> [REQ_ID=1bf7ad7890c2] [REQUEST][START] GET /wp-p2r3q9c8k4.php

[1 occurrence(s)]
DEBUG --> [REQ_ID=1bf7ad7890c2] [FILTER_BEFORE] /wp-p2r3q9c8k4.php

[1 occurrence(s)]
DEBUG --> [REQ_ID=1bf7ad7890c2] [ROUTE] Controller=\App\Modules\PropFirms\Controllers\PropFirmsController Method=index

[1 occurrence(s)]
DEBUG --> [REQ_ID=1bf7ad7890c2] [LIFECYCLE][START] GET https://mymiwallet.com/index.php/wp-p2r3q9c8k4.php

[1 occurrence(s)]
DEBUG --> [REQ_ID=1bf7ad7890c2] [REQUEST][END]

[1 occurrence(s)]
DEBUG --> [REQ_ID=ea1d5c215c11] [REQUEST][START] GET /admin.php

[1 occurrence(s)]
DEBUG --> [REQ_ID=ea1d5c215c11] [FILTER_BEFORE] /admin.php

[1 occurrence(s)]
DEBUG --> [REQ_ID=ea1d5c215c11] [ROUTE] Controller=\App\Modules\PropFirms\Controllers\PropFirmsController Method=index

[1 occurrence(s)]
DEBUG --> [REQ_ID=ea1d5c215c11] [LIFECYCLE][START] GET https://mymiwallet.com/index.php/admin.php

[1 occurrence(s)]
DEBUG --> [REQ_ID=ea1d5c215c11] [REQUEST][END]

[1 occurrence(s)]
DEBUG --> [REQ_ID=1c2eee8acfe5] [REQUEST][START] GET /inputs.php

[1 occurrence(s)]
DEBUG --> [REQ_ID=1c2eee8acfe5] [FILTER_BEFORE] /inputs.php

[1 occurrence(s)]
DEBUG --> [REQ_ID=1c2eee8acfe5] [ROUTE] Controller=\App\Modules\PropFirms\Controllers\PropFirmsController Method=index

[1 occurrence(s)]
DEBUG --> [REQ_ID=1c2eee8acfe5] [LIFECYCLE][START] GET https://mymiwallet.com/index.php/inputs.php

[1 occurrence(s)]
DEBUG --> [REQ_ID=1c2eee8acfe5] [REQUEST][END]

[1 occurrence(s)]
DEBUG --> [REQ_ID=e2bf6209ede1] [REQUEST][START] GET /file.php

[1 occurrence(s)]
DEBUG --> [REQ_ID=e2bf6209ede1] [FILTER_BEFORE] /file.php

[1 occurrence(s)]
DEBUG --> [REQ_ID=e2bf6209ede1] [ROUTE] Controller=\App\Modules\PropFirms\Controllers\PropFirmsController Method=index

[1 occurrence(s)]
DEBUG --> [REQ_ID=e2bf6209ede1] [LIFECYCLE][START] GET https://mymiwallet.com/index.php/file.php

[1 occurrence(s)]
DEBUG --> [REQ_ID=e2bf6209ede1] [REQUEST][END]

[1 occurrence(s)]
DEBUG --> [REQ_ID=62ff507e4b40] [REQUEST][START] GET /goods.php

[1 occurrence(s)]
DEBUG --> [REQ_ID=62ff507e4b40] [FILTER_BEFORE] /goods.php

[1 occurrence(s)]
DEBUG --> [REQ_ID=62ff507e4b40] [ROUTE] Controller=\App\Modules\PropFirms\Controllers\PropFirmsController Method=index

[1 occurrence(s)]
DEBUG --> [REQ_ID=62ff507e4b40] [LIFECYCLE][START] GET https://mymiwallet.com/index.php/goods.php

[1 occurrence(s)]
DEBUG --> [REQ_ID=62ff507e4b40] [REQUEST][END]

[1 occurrence(s)]
DEBUG --> [REQ_ID=44229f9e35f6] [REQUEST][START] GET /ms-edit.php

[1 occurrence(s)]
DEBUG --> [REQ_ID=44229f9e35f6] [FILTER_BEFORE] /ms-edit.php

[1 occurrence(s)]
DEBUG --> [REQ_ID=44229f9e35f6] [ROUTE] Controller=\App\Modules\PropFirms\Controllers\PropFirmsController Method=index

[1 occurrence(s)]
DEBUG --> [REQ_ID=44229f9e35f6] [LIFECYCLE][START] GET https://mymiwallet.com/index.php/ms-edit.php

[1 occurrence(s)]
DEBUG --> [REQ_ID=44229f9e35f6] [REQUEST][END]

[1 occurrence(s)]
DEBUG --> [REQ_ID=1c3fea3c1692] [REQUEST][START] GET /simple.php

[1 occurrence(s)]
DEBUG --> [REQ_ID=1c3fea3c1692] [FILTER_BEFORE] /simple.php

[1 occurrence(s)]
DEBUG --> [REQ_ID=1c3fea3c1692] [ROUTE] Controller=\App\Modules\PropFirms\Controllers\PropFirmsController Method=index

[1 occurrence(s)]
DEBUG --> [REQ_ID=1c3fea3c1692] [LIFECYCLE][START] GET https://mymiwallet.com/index.php/simple.php

[1 occurrence(s)]
DEBUG --> [REQ_ID=1c3fea3c1692] [REQUEST][END]

[1 occurrence(s)]
DEBUG --> [REQ_ID=809092438a5d] [REQUEST][START] GET /bgymj.php

[1 occurrence(s)]
DEBUG --> [REQ_ID=809092438a5d] [FILTER_BEFORE] /bgymj.php

[1 occurrence(s)]
DEBUG --> [REQ_ID=809092438a5d] [ROUTE] Controller=\App\Modules\PropFirms\Controllers\PropFirmsController Method=index

[1 occurrence(s)]
DEBUG --> [REQ_ID=809092438a5d] [LIFECYCLE][START] GET https://mymiwallet.com/index.php/bgymj.php

[1 occurrence(s)]
DEBUG --> [REQ_ID=809092438a5d] [REQUEST][END]

[1 occurrence(s)]
DEBUG --> [REQ_ID=8c8523c8f381] [REQUEST][START] GET /wp-content/plugins/twenty/login.php

[1 occurrence(s)]
DEBUG --> [REQ_ID=8c8523c8f381] [REQUEST][END]

[1 occurrence(s)]
DEBUG --> [REQ_ID=f852805605db] [REQUEST][START] GET /404.php

[1 occurrence(s)]
DEBUG --> [REQ_ID=f852805605db] [FILTER_BEFORE] /404.php

[1 occurrence(s)]
DEBUG --> [REQ_ID=f852805605db] [ROUTE] Controller=\App\Modules\PropFirms\Controllers\PropFirmsController Method=index

[1 occurrence(s)]
DEBUG --> [REQ_ID=f852805605db] [LIFECYCLE][START] GET https://mymiwallet.com/index.php/404.php

[1 occurrence(s)]
DEBUG --> [REQ_ID=f852805605db] [REQUEST][END]

[1 occurrence(s)]
DEBUG --> [REQ_ID=7464ccf4827d] [REQUEST][START] GET /file3.php

[1 occurrence(s)]
DEBUG --> [REQ_ID=7464ccf4827d] [FILTER_BEFORE] /file3.php

[1 occurrence(s)]
DEBUG --> [REQ_ID=7464ccf4827d] [ROUTE] Controller=\App\Modules\PropFirms\Controllers\PropFirmsController Method=index

[1 occurrence(s)]
DEBUG --> [REQ_ID=7464ccf4827d] [LIFECYCLE][START] GET https://mymiwallet.com/index.php/file3.php

[1 occurrence(s)]
DEBUG --> [REQ_ID=7464ccf4827d] [REQUEST][END]

[1 occurrence(s)]
DEBUG --> [REQ_ID=8ab4b9b943f2] [REQUEST][START] GET /wp-mail.php

[1 occurrence(s)]
DEBUG --> [REQ_ID=8ab4b9b943f2] [FILTER_BEFORE] /wp-mail.php

[1 occurrence(s)]
DEBUG --> [REQ_ID=8ab4b9b943f2] [ROUTE] Controller=\App\Modules\PropFirms\Controllers\PropFirmsController Method=index

[1 occurrence(s)]
DEBUG --> [REQ_ID=8ab4b9b943f2] [LIFECYCLE][START] GET https://mymiwallet.com/index.php/wp-mail.php

[1 occurrence(s)]
DEBUG --> [REQ_ID=8ab4b9b943f2] [REQUEST][END]

[1 occurrence(s)]
DEBUG --> [REQ_ID=a93d22a97578] [REQUEST][START] GET /about.php

[1 occurrence(s)]
DEBUG --> [REQ_ID=a93d22a97578] [FILTER_BEFORE] /about.php

[1 occurrence(s)]
DEBUG --> [REQ_ID=a93d22a97578] [ROUTE] Controller=\App\Modules\PropFirms\Controllers\PropFirmsController Method=index

[1 occurrence(s)]
DEBUG --> [REQ_ID=a93d22a97578] [LIFECYCLE][START] GET https://mymiwallet.com/index.php/about.php

[1 occurrence(s)]
DEBUG --> [REQ_ID=a93d22a97578] [REQUEST][END]

[1 occurrence(s)]
DEBUG --> [REQ_ID=bb933085c48e] [REQUEST][START] GET /wp.php

[1 occurrence(s)]
DEBUG --> [REQ_ID=bb933085c48e] [FILTER_BEFORE] /wp.php

[1 occurrence(s)]
DEBUG --> [REQ_ID=bb933085c48e] [ROUTE] Controller=\App\Modules\PropFirms\Controllers\PropFirmsController Method=index

[1 occurrence(s)]
DEBUG --> [REQ_ID=bb933085c48e] [LIFECYCLE][START] GET https://mymiwallet.com/index.php/wp.php

[1 occurrence(s)]
DEBUG --> [REQ_ID=bb933085c48e] [REQUEST][END]

[1 occurrence(s)]
DEBUG --> [REQ_ID=4475e20bdfa0] [REQUEST][START] GET /.dj/index.php

[1 occurrence(s)]
DEBUG --> [REQ_ID=4475e20bdfa0] [REQUEST][END]

[1 occurrence(s)]
DEBUG --> [REQ_ID=8054c7acd315] [REQUEST][START] GET /adminfuns.php

[1 occurrence(s)]
DEBUG --> [REQ_ID=8054c7acd315] [FILTER_BEFORE] /adminfuns.php

[1 occurrence(s)]
DEBUG --> [REQ_ID=8054c7acd315] [ROUTE] Controller=\App\Modules\PropFirms\Controllers\PropFirmsController Method=index

[1 occurrence(s)]
DEBUG --> [REQ_ID=8054c7acd315] [LIFECYCLE][START] GET https://mymiwallet.com/index.php/adminfuns.php

[1 occurrence(s)]
DEBUG --> [REQ_ID=8054c7acd315] [REQUEST][END]

[1 occurrence(s)]
DEBUG --> [REQ_ID=e5d6543e0ef9] [REQUEST][START] GET /php8.php

[1 occurrence(s)]
DEBUG --> [REQ_ID=e5d6543e0ef9] [FILTER_BEFORE] /php8.php

[1 occurrence(s)]
DEBUG --> [REQ_ID=e5d6543e0ef9] [ROUTE] Controller=\App\Modules\PropFirms\Controllers\PropFirmsController Method=index

[1 occurrence(s)]
DEBUG --> [REQ_ID=e5d6543e0ef9] [LIFECYCLE][START] GET https://mymiwallet.com/index.php/php8.php

[1 occurrence(s)]
DEBUG --> [REQ_ID=e5d6543e0ef9] [REQUEST][END]

[1 occurrence(s)]
DEBUG --> [REQ_ID=0fdebef3e391] [REQUEST][START] GET /classwithtostring.php

[1 occurrence(s)]
DEBUG --> [REQ_ID=0fdebef3e391] [FILTER_BEFORE] /classwithtostring.php

[1 occurrence(s)]
DEBUG --> [REQ_ID=0fdebef3e391] [ROUTE] Controller=\App\Modules\PropFirms\Controllers\PropFirmsController Method=index

[1 occurrence(s)]
DEBUG --> [REQ_ID=0fdebef3e391] [LIFECYCLE][START] GET https://mymiwallet.com/index.php/classwithtostring.php

[1 occurrence(s)]
DEBUG --> [REQ_ID=0fdebef3e391] [REQUEST][END]

[1 occurrence(s)]
DEBUG --> [REQ_ID=a20c247d8357] [REQUEST][START] GET /info.php

[1 occurrence(s)]
DEBUG --> [REQ_ID=a20c247d8357] [FILTER_BEFORE] /info.php

[1 occurrence(s)]
DEBUG --> [REQ_ID=a20c247d8357] [ROUTE] Controller=\App\Modules\PropFirms\Controllers\PropFirmsController Method=index

[1 occurrence(s)]
DEBUG --> [REQ_ID=a20c247d8357] [LIFECYCLE][START] GET https://mymiwallet.com/index.php/info.php

[1 occurrence(s)]
DEBUG --> [REQ_ID=a20c247d8357] [REQUEST][END]

[1 occurrence(s)]
DEBUG --> [REQ_ID=16f82b3e6c05] [REQUEST][START] GET /ioxi-o.php

[1 occurrence(s)]
DEBUG --> [REQ_ID=16f82b3e6c05] [FILTER_BEFORE] /ioxi-o.php

[1 occurrence(s)]
DEBUG --> [REQ_ID=16f82b3e6c05] [ROUTE] Controller=\App\Modules\PropFirms\Controllers\PropFirmsController Method=index

[1 occurrence(s)]
DEBUG --> [REQ_ID=16f82b3e6c05] [LIFECYCLE][START] GET https://mymiwallet.com/index.php/ioxi-o.php

[1 occurrence(s)]
DEBUG --> [REQ_ID=16f82b3e6c05] [REQUEST][END]

[1 occurrence(s)]
DEBUG --> [REQ_ID=51d526554526] [REQUEST][START] GET /011i.php

[1 occurrence(s)]
DEBUG --> [REQ_ID=51d526554526] [FILTER_BEFORE] /011i.php

[1 occurrence(s)]
DEBUG --> [REQ_ID=51d526554526] [ROUTE] Controller=\App\Modules\PropFirms\Controllers\PropFirmsController Method=index

[1 occurrence(s)]
DEBUG --> [REQ_ID=51d526554526] [LIFECYCLE][START] GET https://mymiwallet.com/index.php/011i.php

[1 occurrence(s)]
DEBUG --> [REQ_ID=51d526554526] [REQUEST][END]

[1 occurrence(s)]
DEBUG --> [REQ_ID=a6b9895deb13] [REQUEST][START] GET /edit.php

[1 occurrence(s)]
DEBUG --> [REQ_ID=a6b9895deb13] [FILTER_BEFORE] /edit.php

[1 occurrence(s)]
DEBUG --> [REQ_ID=a6b9895deb13] [ROUTE] Controller=\App\Modules\PropFirms\Controllers\PropFirmsController Method=index

[1 occurrence(s)]
DEBUG --> [REQ_ID=a6b9895deb13] [LIFECYCLE][START] GET https://mymiwallet.com/index.php/edit.php

[1 occurrence(s)]
DEBUG --> [REQ_ID=a6b9895deb13] [REQUEST][END]

[1 occurrence(s)]
DEBUG --> [REQ_ID=73ff26a7c03a] [REQUEST][START] GET /sid3.php

[1 occurrence(s)]
DEBUG --> [REQ_ID=73ff26a7c03a] [FILTER_BEFORE] /sid3.php

[1 occurrence(s)]
DEBUG --> [REQ_ID=73ff26a7c03a] [ROUTE] Controller=\App\Modules\PropFirms\Controllers\PropFirmsController Method=index

[1 occurrence(s)]
DEBUG --> [REQ_ID=73ff26a7c03a] [LIFECYCLE][START] GET https://mymiwallet.com/index.php/sid3.php

[1 occurrence(s)]
DEBUG --> [REQ_ID=73ff26a7c03a] [REQUEST][END]

[1 occurrence(s)]
DEBUG --> [REQ_ID=3adadd3fc8a4] [REQUEST][START] GET /load.php

[1 occurrence(s)]
DEBUG --> [REQ_ID=3adadd3fc8a4] [FILTER_BEFORE] /load.php

[1 occurrence(s)]
DEBUG --> [REQ_ID=3adadd3fc8a4] [ROUTE] Controller=\App\Modules\PropFirms\Controllers\PropFirmsController Method=index

[1 occurrence(s)]
DEBUG --> [REQ_ID=3adadd3fc8a4] [LIFECYCLE][START] GET https://mymiwallet.com/index.php/load.php

[1 occurrence(s)]
DEBUG --> [REQ_ID=3adadd3fc8a4] [REQUEST][END]

[1 occurrence(s)]
DEBUG --> [REQ_ID=2aed975bd6c9] [REQUEST][START] GET /166.php

[1 occurrence(s)]
DEBUG --> [REQ_ID=2aed975bd6c9] [FILTER_BEFORE] /166.php

[1 occurrence(s)]
DEBUG --> [REQ_ID=2aed975bd6c9] [ROUTE] Controller=\App\Modules\PropFirms\Controllers\PropFirmsController Method=index

[1 occurrence(s)]
DEBUG --> [REQ_ID=2aed975bd6c9] [LIFECYCLE][START] GET https://mymiwallet.com/index.php/166.php

[1 occurrence(s)]
DEBUG --> [REQ_ID=2aed975bd6c9] [REQUEST][END]

[1 occurrence(s)]
DEBUG --> [REQ_ID=b1411e4647ed] [REQUEST][START] GET /leaf.php

[1 occurrence(s)]
DEBUG --> [REQ_ID=b1411e4647ed] [FILTER_BEFORE] /leaf.php

[1 occurrence(s)]
DEBUG --> [REQ_ID=b1411e4647ed] [ROUTE] Controller=\App\Modules\PropFirms\Controllers\PropFirmsController Method=index

[1 occurrence(s)]
DEBUG --> [REQ_ID=b1411e4647ed] [LIFECYCLE][START] GET https://mymiwallet.com/index.php/leaf.php

[1 occurrence(s)]
DEBUG --> [REQ_ID=b1411e4647ed] [REQUEST][END]

[1 occurrence(s)]
DEBUG --> [REQ_ID=689a3b2f49ac] [REQUEST][START] GET /grsiuk.php

[1 occurrence(s)]
DEBUG --> [REQ_ID=689a3b2f49ac] [FILTER_BEFORE] /grsiuk.php

[1 occurrence(s)]
DEBUG --> [REQ_ID=689a3b2f49ac] [ROUTE] Controller=\App\Modules\PropFirms\Controllers\PropFirmsController Method=index

[1 occurrence(s)]
DEBUG --> [REQ_ID=689a3b2f49ac] [LIFECYCLE][START] GET https://mymiwallet.com/index.php/grsiuk.php

[1 occurrence(s)]
DEBUG --> [REQ_ID=689a3b2f49ac] [REQUEST][END]

[1 occurrence(s)]
DEBUG --> [REQ_ID=c08ed6c54e37] [REQUEST][START] GET /8.php

[1 occurrence(s)]
DEBUG --> [REQ_ID=c08ed6c54e37] [FILTER_BEFORE] /8.php

[1 occurrence(s)]
DEBUG --> [REQ_ID=c08ed6c54e37] [ROUTE] Controller=\App\Modules\PropFirms\Controllers\PropFirmsController Method=index

[1 occurrence(s)]
DEBUG --> [REQ_ID=c08ed6c54e37] [LIFECYCLE][START] GET https://mymiwallet.com/index.php/8.php

[1 occurrence(s)]
DEBUG --> [REQ_ID=c08ed6c54e37] [REQUEST][END]

[1 occurrence(s)]
DEBUG --> [REQ_ID=8c35fdcca0af] [REQUEST][START] GET /fs.php

[1 occurrence(s)]
DEBUG --> [REQ_ID=8c35fdcca0af] [FILTER_BEFORE] /fs.php

[1 occurrence(s)]
DEBUG --> [REQ_ID=8c35fdcca0af] [ROUTE] Controller=\App\Modules\PropFirms\Controllers\PropFirmsController Method=index

[1 occurrence(s)]
DEBUG --> [REQ_ID=8c35fdcca0af] [LIFECYCLE][START] GET https://mymiwallet.com/index.php/fs.php

[1 occurrence(s)]
DEBUG --> [REQ_ID=8c35fdcca0af] [REQUEST][END]

[1 occurrence(s)]
DEBUG --> [REQ_ID=d5afaf4350bf] [REQUEST][START] GET /ws38.php

[1 occurrence(s)]
DEBUG --> [REQ_ID=d5afaf4350bf] [FILTER_BEFORE] /ws38.php

[1 occurrence(s)]
DEBUG --> [REQ_ID=d5afaf4350bf] [ROUTE] Controller=\App\Modules\PropFirms\Controllers\PropFirmsController Method=index

[1 occurrence(s)]
DEBUG --> [REQ_ID=d5afaf4350bf] [LIFECYCLE][START] GET https://mymiwallet.com/index.php/ws38.php

[1 occurrence(s)]
DEBUG --> [REQ_ID=d5afaf4350bf] [REQUEST][END]

[1 occurrence(s)]
DEBUG --> [REQ_ID=56124593fcbd] [REQUEST][START] GET /a7.php

[1 occurrence(s)]
DEBUG --> [REQ_ID=56124593fcbd] [FILTER_BEFORE] /a7.php

[1 occurrence(s)]
DEBUG --> [REQ_ID=56124593fcbd] [ROUTE] Controller=\App\Modules\PropFirms\Controllers\PropFirmsController Method=index

[1 occurrence(s)]
DEBUG --> [REQ_ID=56124593fcbd] [LIFECYCLE][START] GET https://mymiwallet.com/index.php/a7.php

[1 occurrence(s)]
DEBUG --> [REQ_ID=56124593fcbd] [REQUEST][END]

[1 occurrence(s)]
DEBUG --> [REQ_ID=4c80269047cf] [REQUEST][START] GET /classsmtps.php

[1 occurrence(s)]
DEBUG --> [REQ_ID=4c80269047cf] [FILTER_BEFORE] /classsmtps.php

[1 occurrence(s)]
DEBUG --> [REQ_ID=4c80269047cf] [ROUTE] Controller=\App\Modules\PropFirms\Controllers\PropFirmsController Method=index

[1 occurrence(s)]
DEBUG --> [REQ_ID=4c80269047cf] [LIFECYCLE][START] GET https://mymiwallet.com/index.php/classsmtps.php

[1 occurrence(s)]
DEBUG --> [REQ_ID=4c80269047cf] [REQUEST][END]

[1 occurrence(s)]
DEBUG --> [REQ_ID=a6f17f0d90bf] [REQUEST][START] GET /amax.php

[1 occurrence(s)]
DEBUG --> [REQ_ID=a6f17f0d90bf] [FILTER_BEFORE] /amax.php

[1 occurrence(s)]
DEBUG --> [REQ_ID=a6f17f0d90bf] [ROUTE] Controller=\App\Modules\PropFirms\Controllers\PropFirmsController Method=index

[1 occurrence(s)]
DEBUG --> [REQ_ID=a6f17f0d90bf] [LIFECYCLE][START] GET https://mymiwallet.com/index.php/amax.php

[1 occurrence(s)]
DEBUG --> [REQ_ID=a6f17f0d90bf] [REQUEST][END]

[1 occurrence(s)]
DEBUG --> [REQ_ID=c4d527503ef6] [REQUEST][START] GET /CDX1.php

[1 occurrence(s)]
DEBUG --> [REQ_ID=c4d527503ef6] [FILTER_BEFORE] /CDX1.php

[1 occurrence(s)]
DEBUG --> [REQ_ID=c4d527503ef6] [ROUTE] Controller=\App\Modules\PropFirms\Controllers\PropFirmsController Method=index

[1 occurrence(s)]
DEBUG --> [REQ_ID=c4d527503ef6] [LIFECYCLE][START] GET https://mymiwallet.com/index.php/CDX1.php

[1 occurrence(s)]
DEBUG --> [REQ_ID=c4d527503ef6] [REQUEST][END]

[1 occurrence(s)]
DEBUG --> [REQ_ID=692e6349cd41] [REQUEST][START] GET /rip.php

[1 occurrence(s)]
DEBUG --> [REQ_ID=692e6349cd41] [FILTER_BEFORE] /rip.php

[1 occurrence(s)]
DEBUG --> [REQ_ID=692e6349cd41] [ROUTE] Controller=\App\Modules\PropFirms\Controllers\PropFirmsController Method=index

[1 occurrence(s)]
DEBUG --> [REQ_ID=692e6349cd41] [LIFECYCLE][START] GET https://mymiwallet.com/index.php/rip.php

[1 occurrence(s)]
DEBUG --> [REQ_ID=692e6349cd41] [REQUEST][END]

[1 occurrence(s)]
DEBUG --> [REQ_ID=4d464e949bb0] [REQUEST][START] GET /1.php

[1 occurrence(s)]
DEBUG --> [REQ_ID=4d464e949bb0] [FILTER_BEFORE] /1.php

[1 occurrence(s)]
DEBUG --> [REQ_ID=4d464e949bb0] [ROUTE] Controller=\App\Modules\PropFirms\Controllers\PropFirmsController Method=index

[1 occurrence(s)]
DEBUG --> [REQ_ID=4d464e949bb0] [LIFECYCLE][START] GET https://mymiwallet.com/index.php/1.php

[1 occurrence(s)]
DEBUG --> [REQ_ID=4d464e949bb0] [REQUEST][END]

[1 occurrence(s)]
DEBUG --> [REQ_ID=3f76c7621b02] [REQUEST][START] GET /chosen.php

[1 occurrence(s)]
DEBUG --> [REQ_ID=3f76c7621b02] [FILTER_BEFORE] /chosen.php

[1 occurrence(s)]
DEBUG --> [REQ_ID=3f76c7621b02] [ROUTE] Controller=\App\Modules\PropFirms\Controllers\PropFirmsController Method=index

[1 occurrence(s)]
DEBUG --> [REQ_ID=3f76c7621b02] [LIFECYCLE][START] GET https://mymiwallet.com/index.php/chosen.php

[1 occurrence(s)]
DEBUG --> [REQ_ID=3f76c7621b02] [REQUEST][END]

[1 occurrence(s)]
DEBUG --> [REQ_ID=59d79458c54f] [REQUEST][START] GET /css.php

[1 occurrence(s)]
DEBUG --> [REQ_ID=59d79458c54f] [FILTER_BEFORE] /css.php

[1 occurrence(s)]
DEBUG --> [REQ_ID=59d79458c54f] [ROUTE] Controller=\App\Modules\PropFirms\Controllers\PropFirmsController Method=index

[1 occurrence(s)]
DEBUG --> [REQ_ID=59d79458c54f] [LIFECYCLE][START] GET https://mymiwallet.com/index.php/css.php

[1 occurrence(s)]
DEBUG --> [REQ_ID=59d79458c54f] [REQUEST][END]

[1 occurrence(s)]
DEBUG --> [REQ_ID=4cb7c1cf0469] [REQUEST][START] GET /php.php

[1 occurrence(s)]
DEBUG --> [REQ_ID=4cb7c1cf0469] [FILTER_BEFORE] /php.php

[1 occurrence(s)]
DEBUG --> [REQ_ID=4cb7c1cf0469] [ROUTE] Controller=\App\Modules\PropFirms\Controllers\PropFirmsController Method=index

[1 occurrence(s)]
DEBUG --> [REQ_ID=4cb7c1cf0469] [LIFECYCLE][START] GET https://mymiwallet.com/index.php/php.php

[1 occurrence(s)]
DEBUG --> [REQ_ID=4cb7c1cf0469] [REQUEST][END]

[1 occurrence(s)]
DEBUG --> [REQ_ID=34c7ce735879] [REQUEST][START] GET /wp-Blogs.php

[1 occurrence(s)]
DEBUG --> [REQ_ID=34c7ce735879] [FILTER_BEFORE] /wp-Blogs.php

[1 occurrence(s)]
DEBUG --> [REQ_ID=34c7ce735879] [ROUTE] Controller=\App\Modules\PropFirms\Controllers\PropFirmsController Method=index

[1 occurrence(s)]
DEBUG --> [REQ_ID=34c7ce735879] [LIFECYCLE][START] GET https://mymiwallet.com/index.php/wp-Blogs.php

[1 occurrence(s)]
DEBUG --> [REQ_ID=34c7ce735879] [REQUEST][END]

[1 occurrence(s)]
DEBUG --> [REQ_ID=77d0b53fb223] [REQUEST][START] GET /wp-content/index.php

[1 occurrence(s)]
DEBUG --> [REQ_ID=77d0b53fb223] [REQUEST][END]

[1 occurrence(s)]
DEBUG --> [REQ_ID=efcee66df50f] [REQUEST][START] GET /wp-content/plugins/beteng88/ws83.php

[1 occurrence(s)]
DEBUG --> [REQ_ID=efcee66df50f] [REQUEST][END]

[1 occurrence(s)]
DEBUG --> [REQ_ID=2c2759dd4335] [REQUEST][START] GET /ws83.php

[1 occurrence(s)]
DEBUG --> [REQ_ID=2c2759dd4335] [FILTER_BEFORE] /ws83.php

[1 occurrence(s)]
DEBUG --> [REQ_ID=2c2759dd4335] [ROUTE] Controller=\App\Modules\PropFirms\Controllers\PropFirmsController Method=index

[1 occurrence(s)]
DEBUG --> [REQ_ID=2c2759dd4335] [LIFECYCLE][START] GET https://mymiwallet.com/index.php/ws83.php

[1 occurrence(s)]
DEBUG --> [REQ_ID=2c2759dd4335] [REQUEST][END]

[1 occurrence(s)]
DEBUG --> [REQ_ID=b4a57af1f98a] [REQUEST][START] GET /file61.php

[1 occurrence(s)]
DEBUG --> [REQ_ID=b4a57af1f98a] [FILTER_BEFORE] /file61.php

[1 occurrence(s)]
DEBUG --> [REQ_ID=b4a57af1f98a] [ROUTE] Controller=\App\Modules\PropFirms\Controllers\PropFirmsController Method=index

[1 occurrence(s)]
DEBUG --> [REQ_ID=b4a57af1f98a] [LIFECYCLE][START] GET https://mymiwallet.com/index.php/file61.php

[1 occurrence(s)]
DEBUG --> [REQ_ID=b4a57af1f98a] [REQUEST][END]

[1 occurrence(s)]
DEBUG --> [REQ_ID=761150f541e0] [REQUEST][START] GET /sadcut1.php

[1 occurrence(s)]
DEBUG --> [REQ_ID=761150f541e0] [FILTER_BEFORE] /sadcut1.php

[1 occurrence(s)]
DEBUG --> [REQ_ID=761150f541e0] [ROUTE] Controller=\App\Modules\PropFirms\Controllers\PropFirmsController Method=index

[1 occurrence(s)]
DEBUG --> [REQ_ID=761150f541e0] [LIFECYCLE][START] GET https://mymiwallet.com/index.php/sadcut1.php

[1 occurrence(s)]
DEBUG --> [REQ_ID=761150f541e0] [REQUEST][END]

[1 occurrence(s)]
DEBUG --> [REQ_ID=2439469808d5] [REQUEST][START] GET /y.php

[1 occurrence(s)]
DEBUG --> [REQ_ID=2439469808d5] [FILTER_BEFORE] /y.php

[1 occurrence(s)]
DEBUG --> [REQ_ID=2439469808d5] [ROUTE] Controller=\App\Modules\PropFirms\Controllers\PropFirmsController Method=index

[1 occurrence(s)]
DEBUG --> [REQ_ID=2439469808d5] [LIFECYCLE][START] GET https://mymiwallet.com/index.php/y.php

[1 occurrence(s)]
DEBUG --> [REQ_ID=2439469808d5] [REQUEST][END]

[1 occurrence(s)]
DEBUG --> [REQ_ID=43acd9be80d3] [REQUEST][START] GET /akcc.php

[1 occurrence(s)]
DEBUG --> [REQ_ID=43acd9be80d3] [FILTER_BEFORE] /akcc.php

[1 occurrence(s)]
DEBUG --> [REQ_ID=43acd9be80d3] [ROUTE] Controller=\App\Modules\PropFirms\Controllers\PropFirmsController Method=index

[1 occurrence(s)]
DEBUG --> [REQ_ID=43acd9be80d3] [LIFECYCLE][START] GET https://mymiwallet.com/index.php/akcc.php

[1 occurrence(s)]
DEBUG --> [REQ_ID=43acd9be80d3] [REQUEST][END]

[1 occurrence(s)]
DEBUG --> [REQ_ID=c03282711d1e] [REQUEST][START] GET /wp-admin/user/12.php

[1 occurrence(s)]
DEBUG --> [REQ_ID=c03282711d1e] [REQUEST][END]

[1 occurrence(s)]
DEBUG --> [REQ_ID=ba5362831ff1] [REQUEST][START] GET /index/function.php

[1 occurrence(s)]
DEBUG --> [REQ_ID=ba5362831ff1] [REQUEST][END]

[1 occurrence(s)]
DEBUG --> [REQ_ID=b95f96979b8e] [REQUEST][START] GET /term.php

[1 occurrence(s)]
DEBUG --> [REQ_ID=b95f96979b8e] [FILTER_BEFORE] /term.php

[1 occurrence(s)]
DEBUG --> [REQ_ID=b95f96979b8e] [ROUTE] Controller=\App\Modules\PropFirms\Controllers\PropFirmsController Method=index

[1 occurrence(s)]
DEBUG --> [REQ_ID=b95f96979b8e] [LIFECYCLE][START] GET https://mymiwallet.com/index.php/term.php

[1 occurrence(s)]
DEBUG --> [REQ_ID=b95f96979b8e] [REQUEST][END]

[1 occurrence(s)]
DEBUG --> [REQ_ID=bf2bf51ffd0a] [REQUEST][START] GET /666.php

[1 occurrence(s)]
DEBUG --> [REQ_ID=bf2bf51ffd0a] [FILTER_BEFORE] /666.php

[1 occurrence(s)]
DEBUG --> [REQ_ID=bf2bf51ffd0a] [ROUTE] Controller=\App\Modules\PropFirms\Controllers\PropFirmsController Method=index

[1 occurrence(s)]
DEBUG --> [REQ_ID=bf2bf51ffd0a] [LIFECYCLE][START] GET https://mymiwallet.com/index.php/666.php

[1 occurrence(s)]
DEBUG --> [REQ_ID=bf2bf51ffd0a] [REQUEST][END]

[1 occurrence(s)]
DEBUG --> [REQ_ID=3f03bc06dda2] [REQUEST][START] GET /7.php

[1 occurrence(s)]
DEBUG --> [REQ_ID=3f03bc06dda2] [FILTER_BEFORE] /7.php

[1 occurrence(s)]
DEBUG --> [REQ_ID=3f03bc06dda2] [ROUTE] Controller=\App\Modules\PropFirms\Controllers\PropFirmsController Method=index

[1 occurrence(s)]
DEBUG --> [REQ_ID=3f03bc06dda2] [LIFECYCLE][START] GET https://mymiwallet.com/index.php/7.php

[1 occurrence(s)]
DEBUG --> [REQ_ID=3f03bc06dda2] [REQUEST][END]

[1 occurrence(s)]
DEBUG --> [REQ_ID=f985845a679c] [REQUEST][START] GET /wp-config-sample.php

[1 occurrence(s)]
DEBUG --> [REQ_ID=f985845a679c] [FILTER_BEFORE] /wp-config-sample.php

[1 occurrence(s)]
DEBUG --> [REQ_ID=f985845a679c] [ROUTE] Controller=\App\Modules\PropFirms\Controllers\PropFirmsController Method=index

[1 occurrence(s)]
DEBUG --> [REQ_ID=f985845a679c] [LIFECYCLE][START] GET https://mymiwallet.com/index.php/wp-config-sample.php

[1 occurrence(s)]
DEBUG --> [REQ_ID=f985845a679c] [REQUEST][END]

[1 occurrence(s)]
DEBUG --> [REQ_ID=00635f39d377] [REQUEST][START] GET /log.php

[1 occurrence(s)]
DEBUG --> [REQ_ID=00635f39d377] [FILTER_BEFORE] /log.php

[1 occurrence(s)]
DEBUG --> [REQ_ID=00635f39d377] [ROUTE] Controller=\App\Modules\PropFirms\Controllers\PropFirmsController Method=index

[1 occurrence(s)]
DEBUG --> [REQ_ID=00635f39d377] [LIFECYCLE][START] GET https://mymiwallet.com/index.php/log.php

[1 occurrence(s)]
DEBUG --> [REQ_ID=00635f39d377] [REQUEST][END]

[1 occurrence(s)]
DEBUG --> [REQ_ID=6e0a403c532e] [REQUEST][START] GET /a5.php

[1 occurrence(s)]
DEBUG --> [REQ_ID=6e0a403c532e] [FILTER_BEFORE] /a5.php

[1 occurrence(s)]
DEBUG --> [REQ_ID=6e0a403c532e] [ROUTE] Controller=\App\Modules\PropFirms\Controllers\PropFirmsController Method=index

[1 occurrence(s)]
DEBUG --> [REQ_ID=6e0a403c532e] [LIFECYCLE][START] GET https://mymiwallet.com/index.php/a5.php

[1 occurrence(s)]
DEBUG --> [REQ_ID=6e0a403c532e] [REQUEST][END]

[1 occurrence(s)]
DEBUG --> [REQ_ID=681fe7240d66] [REQUEST][START] GET /aa.php

[1 occurrence(s)]
DEBUG --> [REQ_ID=681fe7240d66] [FILTER_BEFORE] /aa.php

[1 occurrence(s)]
DEBUG --> [REQ_ID=681fe7240d66] [ROUTE] Controller=\App\Modules\PropFirms\Controllers\PropFirmsController Method=index

[1 occurrence(s)]
DEBUG --> [REQ_ID=681fe7240d66] [LIFECYCLE][START] GET https://mymiwallet.com/index.php/aa.php

[1 occurrence(s)]
DEBUG --> [REQ_ID=681fe7240d66] [REQUEST][END]

[1 occurrence(s)]
DEBUG --> [REQ_ID=49117947a6d6] [REQUEST][START] GET /bolt.php

[1 occurrence(s)]
DEBUG --> [REQ_ID=49117947a6d6] [FILTER_BEFORE] /bolt.php

[1 occurrence(s)]
DEBUG --> [REQ_ID=49117947a6d6] [ROUTE] Controller=\App\Modules\PropFirms\Controllers\PropFirmsController Method=index

[1 occurrence(s)]
DEBUG --> [REQ_ID=49117947a6d6] [LIFECYCLE][START] GET https://mymiwallet.com/index.php/bolt.php

[1 occurrence(s)]
DEBUG --> [REQ_ID=49117947a6d6] [REQUEST][END]

[1 occurrence(s)]
DEBUG --> [REQ_ID=d974075bfa7f] [REQUEST][START] GET /x.php

[1 occurrence(s)]
DEBUG --> [REQ_ID=d974075bfa7f] [FILTER_BEFORE] /x.php

[1 occurrence(s)]
DEBUG --> [REQ_ID=d974075bfa7f] [ROUTE] Controller=\App\Modules\PropFirms\Controllers\PropFirmsController Method=index

[1 occurrence(s)]
DEBUG --> [REQ_ID=d974075bfa7f] [LIFECYCLE][START] GET https://mymiwallet.com/index.php/x.php

[1 occurrence(s)]
DEBUG --> [REQ_ID=d974075bfa7f] [REQUEST][END]

[1 occurrence(s)]
DEBUG --> [REQ_ID=9744dc013251] [REQUEST][START] GET /jga.php

[1 occurrence(s)]
DEBUG --> [REQ_ID=9744dc013251] [FILTER_BEFORE] /jga.php

[1 occurrence(s)]
DEBUG --> [REQ_ID=9744dc013251] [ROUTE] Controller=\App\Modules\PropFirms\Controllers\PropFirmsController Method=index

[1 occurrence(s)]
DEBUG --> [REQ_ID=9744dc013251] [LIFECYCLE][START] GET https://mymiwallet.com/index.php/jga.php

[1 occurrence(s)]
DEBUG --> [REQ_ID=9744dc013251] [REQUEST][END]

[1 occurrence(s)]
DEBUG --> [REQ_ID=365935ecc178] [REQUEST][START] GET /k.php

[1 occurrence(s)]
DEBUG --> [REQ_ID=365935ecc178] [FILTER_BEFORE] /k.php

[1 occurrence(s)]
DEBUG --> [REQ_ID=365935ecc178] [ROUTE] Controller=\App\Modules\PropFirms\Controllers\PropFirmsController Method=index

[1 occurrence(s)]
DEBUG --> [REQ_ID=365935ecc178] [LIFECYCLE][START] GET https://mymiwallet.com/index.php/k.php

[1 occurrence(s)]
DEBUG --> [REQ_ID=365935ecc178] [REQUEST][END]

[1 occurrence(s)]
DEBUG --> [REQ_ID=67ef91d21013] [REQUEST][START] GET /vx.php

[1 occurrence(s)]
DEBUG --> [REQ_ID=67ef91d21013] [FILTER_BEFORE] /vx.php

[1 occurrence(s)]
DEBUG --> [REQ_ID=67ef91d21013] [ROUTE] Controller=\App\Modules\PropFirms\Controllers\PropFirmsController Method=index

[1 occurrence(s)]
DEBUG --> [REQ_ID=67ef91d21013] [LIFECYCLE][START] GET https://mymiwallet.com/index.php/vx.php

[1 occurrence(s)]
DEBUG --> [REQ_ID=67ef91d21013] [REQUEST][END]

[1 occurrence(s)]
DEBUG --> [REQ_ID=2be8a86756d9] [REQUEST][START] GET /ws77.php

[1 occurrence(s)]
DEBUG --> [REQ_ID=2be8a86756d9] [FILTER_BEFORE] /ws77.php

[1 occurrence(s)]
DEBUG --> [REQ_ID=2be8a86756d9] [ROUTE] Controller=\App\Modules\PropFirms\Controllers\PropFirmsController Method=index

[1 occurrence(s)]
DEBUG --> [REQ_ID=2be8a86756d9] [LIFECYCLE][START] GET https://mymiwallet.com/index.php/ws77.php

[1 occurrence(s)]
DEBUG --> [REQ_ID=2be8a86756d9] [REQUEST][END]

[1 occurrence(s)]
DEBUG --> [REQ_ID=7b2ab9069175] [REQUEST][START] GET /2.php

[1 occurrence(s)]
DEBUG --> [REQ_ID=7b2ab9069175] [FILTER_BEFORE] /2.php

[1 occurrence(s)]
DEBUG --> [REQ_ID=7b2ab9069175] [ROUTE] Controller=\App\Modules\PropFirms\Controllers\PropFirmsController Method=index

[1 occurrence(s)]
DEBUG --> [REQ_ID=7b2ab9069175] [LIFECYCLE][START] GET https://mymiwallet.com/index.php/2.php

[1 occurrence(s)]
DEBUG --> [REQ_ID=7b2ab9069175] [REQUEST][END]

[1 occurrence(s)]
DEBUG --> [REQ_ID=7839d5546935] [REQUEST][START] GET /abcd.php

[1 occurrence(s)]
DEBUG --> [REQ_ID=7839d5546935] [FILTER_BEFORE] /abcd.php

[1 occurrence(s)]
DEBUG --> [REQ_ID=7839d5546935] [ROUTE] Controller=\App\Modules\PropFirms\Controllers\PropFirmsController Method=index

[1 occurrence(s)]
DEBUG --> [REQ_ID=7839d5546935] [LIFECYCLE][START] GET https://mymiwallet.com/index.php/abcd.php

[1 occurrence(s)]
DEBUG --> [REQ_ID=7839d5546935] [REQUEST][END]

[1 occurrence(s)]
DEBUG --> [REQ_ID=f7a6bbd7ce40] [REQUEST][START] GET /wp-content/plugins/admin.php

[1 occurrence(s)]
DEBUG --> [REQ_ID=f7a6bbd7ce40] [REQUEST][END]

[1 occurrence(s)]
DEBUG --> [REQ_ID=afe682d8a30c] [REQUEST][START] GET /asd.php

[1 occurrence(s)]
DEBUG --> [REQ_ID=afe682d8a30c] [FILTER_BEFORE] /asd.php

[1 occurrence(s)]
DEBUG --> [REQ_ID=afe682d8a30c] [ROUTE] Controller=\App\Modules\PropFirms\Controllers\PropFirmsController Method=index

[1 occurrence(s)]
DEBUG --> [REQ_ID=afe682d8a30c] [LIFECYCLE][START] GET https://mymiwallet.com/index.php/asd.php

[1 occurrence(s)]
DEBUG --> [REQ_ID=afe682d8a30c] [REQUEST][END]

[1 occurrence(s)]
DEBUG --> [REQ_ID=f7954e8e0e14] [REQUEST][START] GET /default.php

[1 occurrence(s)]
DEBUG --> [REQ_ID=f7954e8e0e14] [FILTER_BEFORE] /default.php

[1 occurrence(s)]
DEBUG --> [REQ_ID=f7954e8e0e14] [ROUTE] Controller=\App\Modules\PropFirms\Controllers\PropFirmsController Method=index

[1 occurrence(s)]
DEBUG --> [REQ_ID=f7954e8e0e14] [LIFECYCLE][START] GET https://mymiwallet.com/index.php/default.php

[1 occurrence(s)]
DEBUG --> [REQ_ID=f7954e8e0e14] [REQUEST][END]

[1 occurrence(s)]
DEBUG --> [REQ_ID=8089784cd159] [REQUEST][START] GET /gettest.php

[1 occurrence(s)]
DEBUG --> [REQ_ID=8089784cd159] [FILTER_BEFORE] /gettest.php

[1 occurrence(s)]
DEBUG --> [REQ_ID=8089784cd159] [ROUTE] Controller=\App\Modules\PropFirms\Controllers\PropFirmsController Method=index

[1 occurrence(s)]
DEBUG --> [REQ_ID=8089784cd159] [LIFECYCLE][START] GET https://mymiwallet.com/index.php/gettest.php

[1 occurrence(s)]
DEBUG --> [REQ_ID=8089784cd159] [REQUEST][END]

[1 occurrence(s)]
DEBUG --> [REQ_ID=967025134e6a] [REQUEST][START] GET /install.php

[1 occurrence(s)]
DEBUG --> [REQ_ID=967025134e6a] [FILTER_BEFORE] /install.php

[1 occurrence(s)]
DEBUG --> [REQ_ID=967025134e6a] [ROUTE] Controller=\App\Modules\PropFirms\Controllers\PropFirmsController Method=index

[1 occurrence(s)]
DEBUG --> [REQ_ID=967025134e6a] [LIFECYCLE][START] GET https://mymiwallet.com/index.php/install.php

[1 occurrence(s)]
DEBUG --> [REQ_ID=967025134e6a] [REQUEST][END]

[1 occurrence(s)]
DEBUG --> [REQ_ID=3597dc1540dc] [REQUEST][START] GET /tfm.php

[1 occurrence(s)]
DEBUG --> [REQ_ID=3597dc1540dc] [FILTER_BEFORE] /tfm.php

[1 occurrence(s)]
DEBUG --> [REQ_ID=3597dc1540dc] [ROUTE] Controller=\App\Modules\PropFirms\Controllers\PropFirmsController Method=index

[1 occurrence(s)]
DEBUG --> [REQ_ID=3597dc1540dc] [LIFECYCLE][START] GET https://mymiwallet.com/index.php/tfm.php

[1 occurrence(s)]
DEBUG --> [REQ_ID=3597dc1540dc] [REQUEST][END]

[1 occurrence(s)]
DEBUG --> [REQ_ID=64f51fbd0b8f] [REQUEST][START] GET /ws81.php

[1 occurrence(s)]
DEBUG --> [REQ_ID=64f51fbd0b8f] [FILTER_BEFORE] /ws81.php

[1 occurrence(s)]
DEBUG --> [REQ_ID=64f51fbd0b8f] [ROUTE] Controller=\App\Modules\PropFirms\Controllers\PropFirmsController Method=index

[1 occurrence(s)]
DEBUG --> [REQ_ID=64f51fbd0b8f] [LIFECYCLE][START] GET https://mymiwallet.com/index.php/ws81.php

[1 occurrence(s)]
DEBUG --> [REQ_ID=64f51fbd0b8f] [REQUEST][END]

[1 occurrence(s)]
DEBUG --> [REQ_ID=49604d7c5470] [REQUEST][START] GET /222.php

[1 occurrence(s)]
DEBUG --> [REQ_ID=49604d7c5470] [FILTER_BEFORE] /222.php

[1 occurrence(s)]
DEBUG --> [REQ_ID=49604d7c5470] [ROUTE] Controller=\App\Modules\PropFirms\Controllers\PropFirmsController Method=index

[1 occurrence(s)]
DEBUG --> [REQ_ID=49604d7c5470] [LIFECYCLE][START] GET https://mymiwallet.com/index.php/222.php

[1 occurrence(s)]
DEBUG --> [REQ_ID=49604d7c5470] [REQUEST][END]

[1 occurrence(s)]
DEBUG --> [REQ_ID=73c7a88d59fa] [REQUEST][START] GET /t.php

[1 occurrence(s)]
DEBUG --> [REQ_ID=73c7a88d59fa] [FILTER_BEFORE] /t.php

[1 occurrence(s)]
DEBUG --> [REQ_ID=73c7a88d59fa] [ROUTE] Controller=\App\Modules\PropFirms\Controllers\PropFirmsController Method=index

[1 occurrence(s)]
DEBUG --> [REQ_ID=73c7a88d59fa] [LIFECYCLE][START] GET https://mymiwallet.com/index.php/t.php

[1 occurrence(s)]
DEBUG --> [REQ_ID=73c7a88d59fa] [REQUEST][END]

[1 occurrence(s)]
DEBUG --> [REQ_ID=ba4fd2cc484d] [REQUEST][START] GET /wp-admin/maint/index.php

[1 occurrence(s)]
DEBUG --> [REQ_ID=ba4fd2cc484d] [REQUEST][END]

[1 occurrence(s)]
DEBUG --> [REQ_ID=7f22798702a4] [REQUEST][START] GET /6xBAm3vODE05BSzkJZRAws.php

[1 occurrence(s)]
DEBUG --> [REQ_ID=7f22798702a4] [FILTER_BEFORE] /6xBAm3vODE05BSzkJZRAws.php

[1 occurrence(s)]
DEBUG --> [REQ_ID=7f22798702a4] [ROUTE] Controller=\App\Modules\PropFirms\Controllers\PropFirmsController Method=index

[1 occurrence(s)]
DEBUG --> [REQ_ID=7f22798702a4] [LIFECYCLE][START] GET https://mymiwallet.com/index.php/6xBAm3vODE05BSzkJZRAws.php

[1 occurrence(s)]
DEBUG --> [REQ_ID=7f22798702a4] [REQUEST][END]

[1 occurrence(s)]
DEBUG --> [REQ_ID=3cfa77423f62] [REQUEST][START] GET /a.php

[1 occurrence(s)]
DEBUG --> [REQ_ID=3cfa77423f62] [FILTER_BEFORE] /a.php

[1 occurrence(s)]
DEBUG --> [REQ_ID=3cfa77423f62] [ROUTE] Controller=\App\Modules\PropFirms\Controllers\PropFirmsController Method=index

[1 occurrence(s)]
DEBUG --> [REQ_ID=3cfa77423f62] [LIFECYCLE][START] GET https://mymiwallet.com/index.php/a.php

[1 occurrence(s)]
DEBUG --> [REQ_ID=3cfa77423f62] [REQUEST][END]

[1 occurrence(s)]
DEBUG --> [REQ_ID=eaf72d6dceb9] [REQUEST][START] GET /a1.php

[1 occurrence(s)]
DEBUG --> [REQ_ID=eaf72d6dceb9] [FILTER_BEFORE] /a1.php

[1 occurrence(s)]
DEBUG --> [REQ_ID=eaf72d6dceb9] [ROUTE] Controller=\App\Modules\PropFirms\Controllers\PropFirmsController Method=index

[1 occurrence(s)]
DEBUG --> [REQ_ID=eaf72d6dceb9] [LIFECYCLE][START] GET https://mymiwallet.com/index.php/a1.php

[1 occurrence(s)]
DEBUG --> [REQ_ID=eaf72d6dceb9] [REQUEST][END]

[1 occurrence(s)]
DEBUG --> [REQ_ID=bb18ae8e878c] [REQUEST][START] GET /onclickfuns.php

[1 occurrence(s)]
DEBUG --> [REQ_ID=bb18ae8e878c] [FILTER_BEFORE] /onclickfuns.php

[1 occurrence(s)]
DEBUG --> [REQ_ID=bb18ae8e878c] [ROUTE] Controller=\App\Modules\PropFirms\Controllers\PropFirmsController Method=index

[1 occurrence(s)]
DEBUG --> [REQ_ID=bb18ae8e878c] [LIFECYCLE][START] GET https://mymiwallet.com/index.php/onclickfuns.php

[1 occurrence(s)]
DEBUG --> [REQ_ID=bb18ae8e878c] [REQUEST][END]

[1 occurrence(s)]
DEBUG --> [REQ_ID=3b91984980ab] [REQUEST][START] GET /w.php

[1 occurrence(s)]
DEBUG --> [REQ_ID=3b91984980ab] [FILTER_BEFORE] /w.php

[1 occurrence(s)]
DEBUG --> [REQ_ID=3b91984980ab] [ROUTE] Controller=\App\Modules\PropFirms\Controllers\PropFirmsController Method=index

[1 occurrence(s)]
DEBUG --> [REQ_ID=3b91984980ab] [LIFECYCLE][START] GET https://mymiwallet.com/index.php/w.php

[1 occurrence(s)]
DEBUG --> [REQ_ID=3b91984980ab] [REQUEST][END]

[1 occurrence(s)]
DEBUG --> [REQ_ID=2c5faa6ac35f] [REQUEST][START] GET /wp-admin/maint/about.php

[1 occurrence(s)]
DEBUG --> [REQ_ID=2c5faa6ac35f] [REQUEST][END]

[1 occurrence(s)]
DEBUG --> [REQ_ID=7db483f8fbb6] [REQUEST][START] GET /wp-content/plugins/index.php

[1 occurrence(s)]
DEBUG --> [REQ_ID=7db483f8fbb6] [REQUEST][END]

[1 occurrence(s)]
DEBUG --> [REQ_ID=3de7ff648b51] [REQUEST][START] GET /wp-good.php

[1 occurrence(s)]
DEBUG --> [REQ_ID=3de7ff648b51] [FILTER_BEFORE] /wp-good.php

[1 occurrence(s)]
DEBUG --> [REQ_ID=3de7ff648b51] [ROUTE] Controller=\App\Modules\PropFirms\Controllers\PropFirmsController Method=index

[1 occurrence(s)]
DEBUG --> [REQ_ID=3de7ff648b51] [LIFECYCLE][START] GET https://mymiwallet.com/index.php/wp-good.php

[1 occurrence(s)]
DEBUG --> [REQ_ID=3de7ff648b51] [REQUEST][END]

[1 occurrence(s)]
DEBUG --> [REQ_ID=baa0d5f6aaae] [REQUEST][START] GET /.info.php

[1 occurrence(s)]
DEBUG --> [REQ_ID=baa0d5f6aaae] [FILTER_BEFORE] /.info.php

[1 occurrence(s)]
DEBUG --> [REQ_ID=baa0d5f6aaae] [ROUTE] Controller=\App\Modules\PropFirms\Controllers\PropFirmsController Method=index

[1 occurrence(s)]
DEBUG --> [REQ_ID=baa0d5f6aaae] [LIFECYCLE][START] GET https://mymiwallet.com/index.php/.info.php

[1 occurrence(s)]
DEBUG --> [REQ_ID=baa0d5f6aaae] [REQUEST][END]

[1 occurrence(s)]
DEBUG --> [REQ_ID=9134085a04c5] [REQUEST][START] GET /item.php

[1 occurrence(s)]
DEBUG --> [REQ_ID=9134085a04c5] [FILTER_BEFORE] /item.php

[1 occurrence(s)]
DEBUG --> [REQ_ID=9134085a04c5] [ROUTE] Controller=\App\Modules\PropFirms\Controllers\PropFirmsController Method=index

[1 occurrence(s)]
DEBUG --> [REQ_ID=9134085a04c5] [LIFECYCLE][START] GET https://mymiwallet.com/index.php/item.php

[1 occurrence(s)]
DEBUG --> [REQ_ID=9134085a04c5] [REQUEST][END]

[1 occurrence(s)]
DEBUG --> [REQ_ID=0c2a0e11d55e] [REQUEST][START] GET /m.php

[1 occurrence(s)]
DEBUG --> [REQ_ID=0c2a0e11d55e] [FILTER_BEFORE] /m.php

[1 occurrence(s)]
DEBUG --> [REQ_ID=0c2a0e11d55e] [ROUTE] Controller=\App\Modules\PropFirms\Controllers\PropFirmsController Method=index

[1 occurrence(s)]
DEBUG --> [REQ_ID=0c2a0e11d55e] [LIFECYCLE][START] GET https://mymiwallet.com/index.php/m.php

[1 occurrence(s)]
DEBUG --> [REQ_ID=0c2a0e11d55e] [REQUEST][END]

[1 occurrence(s)]
DEBUG --> [REQ_ID=c4380b71666d] [REQUEST][START] GET /rh.php

[1 occurrence(s)]
DEBUG --> [REQ_ID=c4380b71666d] [FILTER_BEFORE] /rh.php

[1 occurrence(s)]
DEBUG --> [REQ_ID=c4380b71666d] [ROUTE] Controller=\App\Modules\PropFirms\Controllers\PropFirmsController Method=index

[1 occurrence(s)]
DEBUG --> [REQ_ID=c4380b71666d] [LIFECYCLE][START] GET https://mymiwallet.com/index.php/rh.php

[1 occurrence(s)]
DEBUG --> [REQ_ID=c4380b71666d] [REQUEST][END]

[1 occurrence(s)]
DEBUG --> [REQ_ID=bb0bf62434a0] [REQUEST][START] GET /

[1 occurrence(s)]
DEBUG --> [REQ_ID=bb0bf62434a0] [FILTER_BEFORE] /

[1 occurrence(s)]
DEBUG --> [REQ_ID=bb0bf62434a0] [ROUTE] Controller=\App\Controllers\Home Method=index

[1 occurrence(s)]
DEBUG --> [REQ_ID=bb0bf62434a0] [LIFECYCLE][START] GET https://mymiwallet.com/index.php/

[1 occurrence(s)]
DEBUG --> [CSRF] token name=csrf_test_name hash=7dba8eed21bf9ff0c4fea57b743ff155

[1 occurrence(s)]
DEBUG --> [REQ_ID=2bf88a012085] [INIT] App\Controllers\Home::GET

[13 occurrence(s)]
DEBUG --> [MetaService] slug= pageName= cacheHit= path=FALLBACK

[1 occurrence(s)]
DEBUG --> [REQ_ID=2bf88a012085] [VIEW_RENDER] themes/public/home

[1 occurrence(s)]
DEBUG --> [REQ_ID=bb0bf62434a0] [FILTER_AFTER]

[1 occurrence(s)]
DEBUG --> [REQ_ID=bb0bf62434a0] [LIFECYCLE][END] status=200 duration_ms=587.94 memory_delta=4194304

[1 occurrence(s)]
DEBUG --> [REQ_ID=bb0bf62434a0] [REQUEST][END]

[1 occurrence(s)]
DEBUG --> [REQ_ID=8908b68248b9] [REQUEST][START] GET /.git/config

[1 occurrence(s)]
DEBUG --> [REQ_ID=8908b68248b9] [REQUEST][END]

[1 occurrence(s)]
DEBUG --> [REQ_ID=77f93fe08bab] [REQUEST][START] GET /server.js

[1 occurrence(s)]
DEBUG --> [REQ_ID=77f93fe08bab] [FILTER_BEFORE] /server.js

[1 occurrence(s)]
DEBUG --> [REQ_ID=77f93fe08bab] [ROUTE] Controller=\App\Modules\PropFirms\Controllers\PropFirmsController Method=index

[1 occurrence(s)]
DEBUG --> [REQ_ID=77f93fe08bab] [LIFECYCLE][START] GET https://mymiwallet.com/index.php/server.js

[1 occurrence(s)]
DEBUG --> [CSRF] token name=csrf_test_name hash=ace3b23ec9c7f3c41361ce7afb255444

[1 occurrence(s)]
DEBUG --> [REQ_ID=77f93fe08bab] [REQUEST][END]

[1 occurrence(s)]
DEBUG --> [REQ_ID=55e58aac4706] [REQUEST][START] GET /info.php

[1 occurrence(s)]
DEBUG --> [REQ_ID=55e58aac4706] [FILTER_BEFORE] /info.php

[1 occurrence(s)]
DEBUG --> [REQ_ID=55e58aac4706] [ROUTE] Controller=\App\Modules\PropFirms\Controllers\PropFirmsController Method=index

[1 occurrence(s)]
DEBUG --> [REQ_ID=55e58aac4706] [LIFECYCLE][START] GET https://mymiwallet.com/index.php/info.php

[1 occurrence(s)]
DEBUG --> [CSRF] token name=csrf_test_name hash=13c30601c4fa4e4e59737ebc00510ff0

[1 occurrence(s)]
DEBUG --> [REQ_ID=55e58aac4706] [REQUEST][END]

[1 occurrence(s)]
DEBUG --> [REQ_ID=3fe10d69ad36] [REQUEST][START] GET /app.js

[1 occurrence(s)]
DEBUG --> [REQ_ID=3fe10d69ad36] [FILTER_BEFORE] /app.js

[1 occurrence(s)]
DEBUG --> [REQ_ID=3fe10d69ad36] [ROUTE] Controller=\App\Modules\PropFirms\Controllers\PropFirmsController Method=index

[1 occurrence(s)]
DEBUG --> [REQ_ID=3fe10d69ad36] [LIFECYCLE][START] GET https://mymiwallet.com/index.php/app.js

[1 occurrence(s)]
DEBUG --> [CSRF] token name=csrf_test_name hash=991fba8d8f9219c21c044cb2f3e50f34

[1 occurrence(s)]
DEBUG --> [REQ_ID=3fe10d69ad36] [REQUEST][END]

[1 occurrence(s)]
DEBUG --> [REQ_ID=8a754ebe0e2c] [REQUEST][START] GET /appsettings.json

[1 occurrence(s)]
DEBUG --> [REQ_ID=8a754ebe0e2c] [FILTER_BEFORE] /appsettings.json

[1 occurrence(s)]
DEBUG --> [REQ_ID=8a754ebe0e2c] [ROUTE] Controller=\App\Modules\PropFirms\Controllers\PropFirmsController Method=index

[1 occurrence(s)]
DEBUG --> [REQ_ID=8a754ebe0e2c] [LIFECYCLE][START] GET https://mymiwallet.com/index.php/appsettings.json

[1 occurrence(s)]
DEBUG --> [CSRF] token name=csrf_test_name hash=e3b51f8e00df9a48d90cdd430a2860e1

[1 occurrence(s)]
DEBUG --> [REQ_ID=8a754ebe0e2c] [REQUEST][END]

[1 occurrence(s)]
DEBUG --> [REQ_ID=25e9a0ec2433] [REQUEST][START] GET /.env

[1 occurrence(s)]
DEBUG --> [REQ_ID=25e9a0ec2433] [FILTER_BEFORE] /.env

[1 occurrence(s)]
DEBUG --> [REQ_ID=25e9a0ec2433] [ROUTE] Controller=\App\Modules\PropFirms\Controllers\PropFirmsController Method=index

[1 occurrence(s)]
DEBUG --> [REQ_ID=25e9a0ec2433] [LIFECYCLE][START] GET https://mymiwallet.com/index.php/.env

[1 occurrence(s)]
DEBUG --> [CSRF] token name=csrf_test_name hash=84be600f07e8b1a28ee534c69ddfd858

[1 occurrence(s)]
DEBUG --> [REQ_ID=25e9a0ec2433] [REQUEST][END]

[1 occurrence(s)]
DEBUG --> [REQ_ID=37cc2c9321a1] [REQUEST][START] GET /phpinfo.php

[1 occurrence(s)]
DEBUG --> [REQ_ID=37cc2c9321a1] [FILTER_BEFORE] /phpinfo.php

[1 occurrence(s)]
DEBUG --> [REQ_ID=37cc2c9321a1] [ROUTE] Controller=\App\Modules\PropFirms\Controllers\PropFirmsController Method=index

[1 occurrence(s)]
DEBUG --> [REQ_ID=37cc2c9321a1] [LIFECYCLE][START] GET https://mymiwallet.com/index.php/phpinfo.php

[1 occurrence(s)]
DEBUG --> [CSRF] token name=csrf_test_name hash=d7b0db9b645051275dc184ef045c1384

[1 occurrence(s)]
DEBUG --> [REQ_ID=37cc2c9321a1] [REQUEST][END]

[1 occurrence(s)]
DEBUG --> [REQ_ID=9532e3084b20] [REQUEST][START] GET /index.php/API/Alerts/fetchEmailAlerts

[1 occurrence(s)]
DEBUG --> [REQ_ID=9532e3084b20] [FILTER_BEFORE] /index.php/API/Alerts/fetchEmailAlerts

[1 occurrence(s)]
DEBUG --> [REQ_ID=9532e3084b20] [ROUTE] Controller=\App\Modules\APIs\Controllers\AlertsAPIController Method=fetchEmailAlerts

[1 occurrence(s)]
DEBUG --> [REQ_ID=9532e3084b20] [LIFECYCLE][START] GET https://mymiwallet.com/index.php/API/Alerts/fetchEmailAlerts

[1 occurrence(s)]
DEBUG --> [REQ_ID=9532e3084b20] [REQUEST][END]

[1 occurrence(s)]
DEBUG --> [REQ_ID=82727889fc92] [REQUEST][START] GET /web.config

[1 occurrence(s)]
DEBUG --> [REQ_ID=82727889fc92] [FILTER_BEFORE] /web.config

[1 occurrence(s)]
DEBUG --> [REQ_ID=82727889fc92] [ROUTE] Controller=\App\Modules\PropFirms\Controllers\PropFirmsController Method=index

[1 occurrence(s)]
DEBUG --> [REQ_ID=82727889fc92] [LIFECYCLE][START] GET https://mymiwallet.com/index.php/web.config

[1 occurrence(s)]
DEBUG --> [CSRF] token name=csrf_test_name hash=8896767c7bfb234cad2ffc0dd64cdbf8

[1 occurrence(s)]
DEBUG --> [REQ_ID=82727889fc92] [REQUEST][END]

[1 occurrence(s)]
DEBUG --> [REQ_ID=ae3d382565d4] [REQUEST][START] GET /application.yml

[1 occurrence(s)]
DEBUG --> [REQ_ID=ae3d382565d4] [FILTER_BEFORE] /application.yml

[1 occurrence(s)]
DEBUG --> [REQ_ID=ae3d382565d4] [ROUTE] Controller=\App\Modules\PropFirms\Controllers\PropFirmsController Method=index

[1 occurrence(s)]
DEBUG --> [REQ_ID=ae3d382565d4] [LIFECYCLE][START] GET https://mymiwallet.com/index.php/application.yml

[1 occurrence(s)]
DEBUG --> [CSRF] token name=csrf_test_name hash=9f0acd9425cf71fa94028aeb05d6818e

[1 occurrence(s)]
DEBUG --> [REQ_ID=ae3d382565d4] [REQUEST][END]

[1 occurrence(s)]
DEBUG --> [REQ_ID=0046323b55bc] [REQUEST][START] GET /.env.bak

[1 occurrence(s)]
DEBUG --> [REQ_ID=0046323b55bc] [FILTER_BEFORE] /.env.bak

[1 occurrence(s)]
DEBUG --> [REQ_ID=0046323b55bc] [ROUTE] Controller=\App\Modules\PropFirms\Controllers\PropFirmsController Method=index

[1 occurrence(s)]
DEBUG --> [REQ_ID=0046323b55bc] [LIFECYCLE][START] GET https://mymiwallet.com/index.php/.env.bak

[1 occurrence(s)]
DEBUG --> [CSRF] token name=csrf_test_name hash=f7589940b44779eb34fafa7b499a9427

[1 occurrence(s)]
DEBUG --> [REQ_ID=0046323b55bc] [REQUEST][END]

[1 occurrence(s)]
DEBUG --> [REQ_ID=a432054dde34] [REQUEST][START] GET /.gitconfig

[1 occurrence(s)]
DEBUG --> [REQ_ID=a432054dde34] [FILTER_BEFORE] /.gitconfig

[1 occurrence(s)]
DEBUG --> [REQ_ID=a432054dde34] [ROUTE] Controller=\App\Modules\PropFirms\Controllers\PropFirmsController Method=index

[1 occurrence(s)]
DEBUG --> [REQ_ID=a432054dde34] [LIFECYCLE][START] GET https://mymiwallet.com/index.php/.gitconfig

[1 occurrence(s)]
DEBUG --> [CSRF] token name=csrf_test_name hash=5a121e05b491e319d4750a2388398648

[1 occurrence(s)]
DEBUG --> [REQ_ID=a432054dde34] [REQUEST][END]

[1 occurrence(s)]
DEBUG --> [REQ_ID=a4fc4866f8f2] [REQUEST][START] GET /docker-compose.yml

[1 occurrence(s)]
DEBUG --> [REQ_ID=a4fc4866f8f2] [FILTER_BEFORE] /docker-compose.yml

[1 occurrence(s)]
DEBUG --> [REQ_ID=a4fc4866f8f2] [ROUTE] Controller=\App\Modules\PropFirms\Controllers\PropFirmsController Method=index

[1 occurrence(s)]
DEBUG --> [REQ_ID=a4fc4866f8f2] [LIFECYCLE][START] GET https://mymiwallet.com/index.php/docker-compose.yml

[1 occurrence(s)]
DEBUG --> [CSRF] token name=csrf_test_name hash=f6106f38cdbe46d9c385b57a33c96ff8

[1 occurrence(s)]
DEBUG --> [REQ_ID=a4fc4866f8f2] [REQUEST][END]

[1 occurrence(s)]
DEBUG --> [REQ_ID=919fff7a7ad0] [REQUEST][START] GET /settings.php

[1 occurrence(s)]
DEBUG --> [REQ_ID=919fff7a7ad0] [FILTER_BEFORE] /settings.php

[1 occurrence(s)]
DEBUG --> [REQ_ID=919fff7a7ad0] [ROUTE] Controller=\App\Modules\PropFirms\Controllers\PropFirmsController Method=index

[1 occurrence(s)]
DEBUG --> [REQ_ID=919fff7a7ad0] [LIFECYCLE][START] GET https://mymiwallet.com/index.php/settings.php

[1 occurrence(s)]
DEBUG --> [CSRF] token name=csrf_test_name hash=588038e735a91756190e6c43e4ae7a5a

[1 occurrence(s)]
DEBUG --> [REQ_ID=919fff7a7ad0] [REQUEST][END]

[1 occurrence(s)]
DEBUG --> [REQ_ID=289541b5471e] [REQUEST][START] GET /config.js

[1 occurrence(s)]
DEBUG --> [REQ_ID=f7902d790d45] [REQUEST][START] GET /composer.json

[1 occurrence(s)]
DEBUG --> [REQ_ID=289541b5471e] [FILTER_BEFORE] /config.js

[1 occurrence(s)]
DEBUG --> [REQ_ID=289541b5471e] [ROUTE] Controller=\App\Modules\PropFirms\Controllers\PropFirmsController Method=index

[1 occurrence(s)]
DEBUG --> [REQ_ID=289541b5471e] [LIFECYCLE][START] GET https://mymiwallet.com/index.php/config.js

[1 occurrence(s)]
DEBUG --> [CSRF] token name=csrf_test_name hash=585f4497947abef22fa149e1ef2d7550

[1 occurrence(s)]
DEBUG --> [REQ_ID=289541b5471e] [REQUEST][END]

[1 occurrence(s)]
DEBUG --> [REQ_ID=f7902d790d45] [FILTER_BEFORE] /composer.json

[1 occurrence(s)]
DEBUG --> [REQ_ID=f7902d790d45] [ROUTE] Controller=\App\Modules\PropFirms\Controllers\PropFirmsController Method=index

[1 occurrence(s)]
DEBUG --> [REQ_ID=f7902d790d45] [LIFECYCLE][START] GET https://mymiwallet.com/index.php/composer.json

[1 occurrence(s)]
DEBUG --> [CSRF] token name=csrf_test_name hash=9cbd1b463d5e9acacf7460569aeb3ca9

[1 occurrence(s)]
DEBUG --> [REQ_ID=f7902d790d45] [REQUEST][END]

[1 occurrence(s)]
DEBUG --> [REQ_ID=87271bad09d2] [REQUEST][START] GET /database.php

[1 occurrence(s)]
DEBUG --> [REQ_ID=87271bad09d2] [FILTER_BEFORE] /database.php

[1 occurrence(s)]
DEBUG --> [REQ_ID=87271bad09d2] [ROUTE] Controller=\App\Modules\PropFirms\Controllers\PropFirmsController Method=index

[1 occurrence(s)]
DEBUG --> [REQ_ID=87271bad09d2] [LIFECYCLE][START] GET https://mymiwallet.com/index.php/database.php

[1 occurrence(s)]
DEBUG --> [CSRF] token name=csrf_test_name hash=7352f729a3ee23f4ff79fbe0e1723cb6

[1 occurrence(s)]
DEBUG --> [REQ_ID=87271bad09d2] [REQUEST][END]

[1 occurrence(s)]
DEBUG --> [REQ_ID=962cee8ef124] [REQUEST][START] GET /db.php

[1 occurrence(s)]
DEBUG --> [REQ_ID=962cee8ef124] [FILTER_BEFORE] /db.php

[1 occurrence(s)]
DEBUG --> [REQ_ID=962cee8ef124] [ROUTE] Controller=\App\Modules\PropFirms\Controllers\PropFirmsController Method=index

[1 occurrence(s)]
DEBUG --> [REQ_ID=962cee8ef124] [LIFECYCLE][START] GET https://mymiwallet.com/index.php/db.php

[1 occurrence(s)]
DEBUG --> [CSRF] token name=csrf_test_name hash=aae0e2061ad49592388d83d5ee07fb22

[1 occurrence(s)]
DEBUG --> [REQ_ID=962cee8ef124] [REQUEST][END]

[1 occurrence(s)]
DEBUG --> [REQ_ID=52cc9620c679] [REQUEST][START] GET /server_info.php

[1 occurrence(s)]
DEBUG --> [REQ_ID=aa85b320a3c3] [REQUEST][START] GET /pinfo.php

[1 occurrence(s)]
DEBUG --> [REQ_ID=1ce920287c7f] [REQUEST][START] GET /config/parameters.yml

[1 occurrence(s)]
DEBUG --> [REQ_ID=52cc9620c679] [FILTER_BEFORE] /server_info.php

[1 occurrence(s)]
DEBUG --> [REQ_ID=52cc9620c679] [ROUTE] Controller=\App\Modules\PropFirms\Controllers\PropFirmsController Method=index

[1 occurrence(s)]
DEBUG --> [REQ_ID=52cc9620c679] [LIFECYCLE][START] GET https://mymiwallet.com/index.php/server_info.php

[1 occurrence(s)]
DEBUG --> [CSRF] token name=csrf_test_name hash=f825f3a2416ae8bc9493508885f4a97c

[1 occurrence(s)]
DEBUG --> [REQ_ID=52cc9620c679] [REQUEST][END]

[1 occurrence(s)]
DEBUG --> [REQ_ID=aa85b320a3c3] [FILTER_BEFORE] /pinfo.php

[1 occurrence(s)]
DEBUG --> [REQ_ID=aa85b320a3c3] [ROUTE] Controller=\App\Modules\PropFirms\Controllers\PropFirmsController Method=index

[1 occurrence(s)]
DEBUG --> [REQ_ID=aa85b320a3c3] [LIFECYCLE][START] GET https://mymiwallet.com/index.php/pinfo.php

[1 occurrence(s)]
DEBUG --> [CSRF] token name=csrf_test_name hash=d76563d17e8508c65886b7464e7712da

[1 occurrence(s)]
DEBUG --> [REQ_ID=aa85b320a3c3] [REQUEST][END]

[1 occurrence(s)]
DEBUG --> [REQ_ID=2cae4f812668] [REQUEST][START] GET /.aws/credentials

[1 occurrence(s)]
DEBUG --> [REQ_ID=314869863df2] [REQUEST][START] GET /settings.py

[1 occurrence(s)]
DEBUG --> [REQ_ID=314869863df2] [FILTER_BEFORE] /settings.py

[1 occurrence(s)]
DEBUG --> [REQ_ID=314869863df2] [ROUTE] Controller=\App\Modules\PropFirms\Controllers\PropFirmsController Method=index

[1 occurrence(s)]
DEBUG --> [REQ_ID=314869863df2] [LIFECYCLE][START] GET https://mymiwallet.com/index.php/settings.py

[1 occurrence(s)]
DEBUG --> [CSRF] token name=csrf_test_name hash=6a1925dc69000991d3010976d63fe693

[1 occurrence(s)]
DEBUG --> [REQ_ID=314869863df2] [REQUEST][END]

[1 occurrence(s)]
DEBUG --> [REQ_ID=c9f1eb4fee85] [REQUEST][START] GET /phpinfo/info.php

[1 occurrence(s)]
DEBUG --> [REQ_ID=2cae4f812668] [REQUEST][END]

[1 occurrence(s)]
DEBUG --> [REQ_ID=1ce920287c7f] [REQUEST][END]

[1 occurrence(s)]
DEBUG --> [REQ_ID=c9f1eb4fee85] [REQUEST][END]

[1 occurrence(s)]
DEBUG --> [REQ_ID=c7c48b9df3a1] [REQUEST][START] GET /.env.js

[1 occurrence(s)]
DEBUG --> [REQ_ID=d8f0cfa881c5] [REQUEST][START] GET /functions.php

[1 occurrence(s)]
DEBUG --> [REQ_ID=3d964ac33359] [REQUEST][START] GET /index.php

[1 occurrence(s)]
DEBUG --> [REQ_ID=c7c48b9df3a1] [FILTER_BEFORE] /.env.js

[1 occurrence(s)]
DEBUG --> [REQ_ID=c7c48b9df3a1] [ROUTE] Controller=\App\Modules\PropFirms\Controllers\PropFirmsController Method=index

[1 occurrence(s)]
DEBUG --> [REQ_ID=c7c48b9df3a1] [LIFECYCLE][START] GET https://mymiwallet.com/index.php/.env.js

[1 occurrence(s)]
DEBUG --> [CSRF] token name=csrf_test_name hash=21ce2747d7609f510123838482f33d9c

[1 occurrence(s)]
DEBUG --> [REQ_ID=c7c48b9df3a1] [REQUEST][END]

[1 occurrence(s)]
DEBUG --> [REQ_ID=d8f0cfa881c5] [FILTER_BEFORE] /functions.php

[1 occurrence(s)]
DEBUG --> [REQ_ID=d8f0cfa881c5] [ROUTE] Controller=\App\Modules\PropFirms\Controllers\PropFirmsController Method=index

[1 occurrence(s)]
DEBUG --> [REQ_ID=d8f0cfa881c5] [LIFECYCLE][START] GET https://mymiwallet.com/index.php/functions.php

[1 occurrence(s)]
DEBUG --> [CSRF] token name=csrf_test_name hash=8a870887fd894d7ed07dfbe653549628

[1 occurrence(s)]
DEBUG --> [REQ_ID=3d964ac33359] [FILTER_BEFORE] /index.php

[1 occurrence(s)]
DEBUG --> [REQ_ID=3d964ac33359] [ROUTE] Controller=\App\Controllers\Home Method=index

[1 occurrence(s)]
DEBUG --> [REQ_ID=3d964ac33359] [LIFECYCLE][START] GET https://mymiwallet.com/index.php/

[1 occurrence(s)]
DEBUG --> [REQ_ID=d8f0cfa881c5] [REQUEST][END]

[1 occurrence(s)]
DEBUG --> [CSRF] token name=csrf_test_name hash=c3069ab6353c10454683873594b8fdc9

[1 occurrence(s)]
DEBUG --> [REQ_ID=1e61d7e1c604] [INIT] App\Controllers\Home::GET

[1 occurrence(s)]
DEBUG --> [REQ_ID=1e61d7e1c604] [VIEW_RENDER] themes/public/home

[1 occurrence(s)]
DEBUG --> [REQ_ID=3d964ac33359] [FILTER_AFTER]

[1 occurrence(s)]
DEBUG --> [REQ_ID=3d964ac33359] [LIFECYCLE][END] status=200 duration_ms=518.17 memory_delta=4194304

[1 occurrence(s)]
DEBUG --> [REQ_ID=3d964ac33359] [REQUEST][END]

[1 occurrence(s)]
DEBUG --> [REQ_ID=f89fc52052ac] [REQUEST][START] GET /php_info.php

[1 occurrence(s)]
DEBUG --> [REQ_ID=582e2d3bfa61] [REQUEST][START] GET /test.php

[1 occurrence(s)]
DEBUG --> [REQ_ID=d07b42684641] [REQUEST][START] GET /config.json

[1 occurrence(s)]
DEBUG --> [REQ_ID=582e2d3bfa61] [FILTER_BEFORE] /test.php

[1 occurrence(s)]
DEBUG --> [REQ_ID=582e2d3bfa61] [ROUTE] Controller=\App\Modules\PropFirms\Controllers\PropFirmsController Method=index

[1 occurrence(s)]
DEBUG --> [REQ_ID=582e2d3bfa61] [LIFECYCLE][START] GET https://mymiwallet.com/index.php/test.php

[1 occurrence(s)]
DEBUG --> [CSRF] token name=csrf_test_name hash=9a5800e984fda4f15071a9b187a4c027

[1 occurrence(s)]
DEBUG --> [REQ_ID=582e2d3bfa61] [REQUEST][END]

[1 occurrence(s)]
DEBUG --> [REQ_ID=f89fc52052ac] [FILTER_BEFORE] /php_info.php

[1 occurrence(s)]
DEBUG --> [REQ_ID=f89fc52052ac] [ROUTE] Controller=\App\Modules\PropFirms\Controllers\PropFirmsController Method=index

[1 occurrence(s)]
DEBUG --> [REQ_ID=f89fc52052ac] [LIFECYCLE][START] GET https://mymiwallet.com/index.php/php_info.php

[1 occurrence(s)]
DEBUG --> [CSRF] token name=csrf_test_name hash=13fa7f6e87e62a49aa4b320e39412334

[1 occurrence(s)]
DEBUG --> [REQ_ID=f89fc52052ac] [REQUEST][END]

[1 occurrence(s)]
DEBUG --> [REQ_ID=d07b42684641] [FILTER_BEFORE] /config.json

[1 occurrence(s)]
DEBUG --> [REQ_ID=d07b42684641] [ROUTE] Controller=\App\Modules\PropFirms\Controllers\PropFirmsController Method=index

[1 occurrence(s)]
DEBUG --> [REQ_ID=d07b42684641] [LIFECYCLE][START] GET https://mymiwallet.com/index.php/config.json

[1 occurrence(s)]
DEBUG --> [CSRF] token name=csrf_test_name hash=73eca778e20e6e5f3cdac98784fc74cb

[1 occurrence(s)]
DEBUG --> [REQ_ID=d07b42684641] [REQUEST][END]

[1 occurrence(s)]
DEBUG --> [REQ_ID=ecfd83651bd8] [REQUEST][START] GET /.env-config.js

[1 occurrence(s)]
DEBUG --> [REQ_ID=ecfd83651bd8] [FILTER_BEFORE] /.env-config.js

[1 occurrence(s)]
DEBUG --> [REQ_ID=ecfd83651bd8] [ROUTE] Controller=\App\Modules\PropFirms\Controllers\PropFirmsController Method=index

[1 occurrence(s)]
DEBUG --> [REQ_ID=ecfd83651bd8] [LIFECYCLE][START] GET https://mymiwallet.com/index.php/.env-config.js

[1 occurrence(s)]
DEBUG --> [CSRF] token name=csrf_test_name hash=e5776616f2f4650c8f536debe53513ca

[1 occurrence(s)]
DEBUG --> [REQ_ID=ecfd83651bd8] [REQUEST][END]

[1 occurrence(s)]
DEBUG --> [REQ_ID=f3a147906881] [REQUEST][START] GET /config/application.yml

[1 occurrence(s)]
DEBUG --> [REQ_ID=c2fb65167e6e] [REQUEST][START] GET /app/config/parameters.yml

[1 occurrence(s)]
DEBUG --> [REQ_ID=f3a147906881] [REQUEST][END]

[1 occurrence(s)]
DEBUG --> [REQ_ID=5d1395753633] [REQUEST][START] GET /portal/phpinfo.php

[1 occurrence(s)]
DEBUG --> [REQ_ID=c2fb65167e6e] [REQUEST][END]

[1 occurrence(s)]
DEBUG --> [REQ_ID=5d1395753633] [REQUEST][END]

[1 occurrence(s)]
DEBUG --> [REQ_ID=79d1083d1dea] [REQUEST][START] GET /index.php/My-Referrals

[1 occurrence(s)]
DEBUG --> [REQ_ID=79d1083d1dea] [FILTER_BEFORE] /index.php/My-Referrals

[1 occurrence(s)]
DEBUG --> [REQ_ID=79d1083d1dea] [ROUTE] Controller=\App\Modules\PropFirms\Controllers\PropFirmsController Method=index

[1 occurrence(s)]
DEBUG --> [REQ_ID=79d1083d1dea] [LIFECYCLE][START] GET https://mymiwallet.com/index.php/My-Referrals

[1 occurrence(s)]
DEBUG --> [CSRF] token name=csrf_test_name hash=106db30c118e30e438e5da6ff5531c42

[1 occurrence(s)]
DEBUG --> [REQ_ID=79d1083d1dea] [REQUEST][END]

[1 occurrence(s)]
DEBUG --> [REQ_ID=49eccb1c40c2] [REQUEST][START] GET /index.php/Knowledge-Base

[1 occurrence(s)]
DEBUG --> [REQ_ID=49eccb1c40c2] [REQUEST][END]

[1 occurrence(s)]
DEBUG --> [REQ_ID=eef844c9bda6] [REQUEST][START] GET /index.php/Investments/News

[1 occurrence(s)]
DEBUG --> [REQ_ID=eef844c9bda6] [FILTER_BEFORE] /index.php/Investments/News

[1 occurrence(s)]
DEBUG --> [REQ_ID=eef844c9bda6] [ROUTE] Controller=closure_route Method=index

[1 occurrence(s)]
DEBUG --> [REQ_ID=eef844c9bda6] [LIFECYCLE][START] GET https://mymiwallet.com/index.php/Investments/News

[2 occurrence(s)]
DEBUG --> [CSRF] token name=csrf_test_name hash=c6715a3638c5d1b5db39819c0f910a12

[1 occurrence(s)]
DEBUG --> [REQ_ID=eef844c9bda6] [REQUEST][END]

[1 occurrence(s)]
DEBUG --> [REQ_ID=46032d83b77a] [REQUEST][START] GET /index.php/login

[1 occurrence(s)]
DEBUG --> [REQ_ID=46032d83b77a] [FILTER_BEFORE] /index.php/login

[1 occurrence(s)]
DEBUG --> [REQ_ID=46032d83b77a] [ROUTE] Controller=\App\Controllers\AuthController Method=login

[1 occurrence(s)]
DEBUG --> [REQ_ID=46032d83b77a] [LIFECYCLE][START] GET https://mymiwallet.com/index.php/login

[1 occurrence(s)]
DEBUG --> [REQ_ID=1beb2c75fd4f] [INIT] App\Controllers\AuthController::GET

[1 occurrence(s)]
DEBUG --> [REQ_ID=46032d83b77a] [FILTER_AFTER]

[1 occurrence(s)]
DEBUG --> [REQ_ID=46032d83b77a] [LIFECYCLE][END] status=200 duration_ms=75.96 memory_delta=2097152

[1 occurrence(s)]
DEBUG --> [REQ_ID=46032d83b77a] [REQUEST][END]

[1 occurrence(s)]
DEBUG --> [REQ_ID=f19faa724bd3] [REQUEST][START] GET /

[1 occurrence(s)]
DEBUG --> [REQ_ID=f19faa724bd3] [FILTER_BEFORE] /

[1 occurrence(s)]
DEBUG --> [REQ_ID=f19faa724bd3] [ROUTE] Controller=\App\Controllers\Home Method=index

[1 occurrence(s)]
DEBUG --> [REQ_ID=f19faa724bd3] [LIFECYCLE][START] GET https://mymiwallet.com/index.php/

[26 occurrence(s)]
DEBUG --> [CSRF] token name=csrf_test_name hash=a8944e1390647c557af646bfe7bf5e70

[1 occurrence(s)]
DEBUG --> [REQ_ID=f3eedf383b7d] [INIT] App\Controllers\Home::GET

[1 occurrence(s)]
DEBUG --> [REQ_ID=f3eedf383b7d] [VIEW_RENDER] themes/public/home

[6 occurrence(s)]
DEBUG --> [MetaService] slug= pageName=Home cacheHit= path=DB

[1 occurrence(s)]
DEBUG --> [REQ_ID=f19faa724bd3] [FILTER_AFTER]

[1 occurrence(s)]
DEBUG --> [REQ_ID=f19faa724bd3] [LIFECYCLE][END] status=200 duration_ms=628.46 memory_delta=4194304

[1 occurrence(s)]
DEBUG --> [REQ_ID=f19faa724bd3] [REQUEST][END]

[1 occurrence(s)]
DEBUG --> [REQ_ID=63d9e5633bcf] [REQUEST][START] GET /

[1 occurrence(s)]
DEBUG --> [REQ_ID=63d9e5633bcf] [FILTER_BEFORE] /

[1 occurrence(s)]
DEBUG --> [REQ_ID=63d9e5633bcf] [ROUTE] Controller=\App\Controllers\Home Method=index

[1 occurrence(s)]
DEBUG --> [REQ_ID=63d9e5633bcf] [LIFECYCLE][START] GET https://mymiwallet.com/index.php/

[1 occurrence(s)]
DEBUG --> [REQ_ID=392c266b5731] [INIT] App\Controllers\Home::GET

[1 occurrence(s)]
DEBUG --> [REQ_ID=392c266b5731] [VIEW_RENDER] themes/public/home

[1 occurrence(s)]
DEBUG --> [REQ_ID=63d9e5633bcf] [FILTER_AFTER]

[1 occurrence(s)]
DEBUG --> [REQ_ID=63d9e5633bcf] [LIFECYCLE][END] status=200 duration_ms=466.91 memory_delta=2097152

[1 occurrence(s)]
DEBUG --> [REQ_ID=63d9e5633bcf] [REQUEST][END]

[1 occurrence(s)]
DEBUG --> [REQ_ID=0ab67261a968] [REQUEST][START] GET /index.php/login?_gl=1*4zyus0*_ga*MTc1NDYwMjM1LjE3NzEwODc5Njk.*_ga_2FS4BNS0SL*czE3NzY1NTgwOTUkbzQzJGcxJHQxNzc2NTU4MDk5JGo1NiRsMCRoMA..

[1 occurrence(s)]
DEBUG --> [REQ_ID=0ab67261a968] [FILTER_BEFORE] /index.php/login?_gl=1*4zyus0*_ga*MTc1NDYwMjM1LjE3NzEwODc5Njk.*_ga_2FS4BNS0SL*czE3NzY1NTgwOTUkbzQzJGcxJHQxNzc2NTU4MDk5JGo1NiRsMCRoMA..

[1 occurrence(s)]
DEBUG --> [REQ_ID=0ab67261a968] [ROUTE] Controller=\App\Controllers\AuthController Method=login

[1 occurrence(s)]
DEBUG --> [REQ_ID=0ab67261a968] [LIFECYCLE][START] GET https://mymiwallet.com/index.php/login?_gl=1%2A4zyus0%2A_ga%2AMTc1NDYwMjM1LjE3NzEwODc5Njk.%2A_ga_2FS4BNS0SL%2AczE3NzY1NTgwOTUkbzQzJGcxJHQxNzc2NTU4MDk5JGo1NiRsMCRoMA..

[1 occurrence(s)]
DEBUG --> [REQ_ID=af840f90c057] [INIT] App\Controllers\AuthController::GET

[3 occurrence(s)]
DEBUG --> AuthController login cleaned tracking query params

[1 occurrence(s)]
DEBUG --> [REQ_ID=0ab67261a968] [FILTER_AFTER]

[1 occurrence(s)]
DEBUG --> [REQ_ID=0ab67261a968] [LIFECYCLE][END] status=302 duration_ms=16.87 memory_delta=0

[1 occurrence(s)]
DEBUG --> [REQ_ID=0ab67261a968] [REQUEST][END]

[1 occurrence(s)]
DEBUG --> [REQ_ID=72032a11c079] [REQUEST][START] GET /index.php/login

[1 occurrence(s)]
DEBUG --> [REQ_ID=72032a11c079] [FILTER_BEFORE] /index.php/login

[1 occurrence(s)]
DEBUG --> [REQ_ID=72032a11c079] [ROUTE] Controller=\App\Controllers\AuthController Method=login

[1 occurrence(s)]
DEBUG --> [REQ_ID=72032a11c079] [LIFECYCLE][START] GET https://mymiwallet.com/index.php/login

[1 occurrence(s)]
DEBUG --> [REQ_ID=835de3d5267f] [INIT] App\Controllers\AuthController::GET

[1 occurrence(s)]
DEBUG --> [REQ_ID=72032a11c079] [FILTER_AFTER]

[1 occurrence(s)]
DEBUG --> [REQ_ID=72032a11c079] [LIFECYCLE][END] status=200 duration_ms=30.25 memory_delta=0

[1 occurrence(s)]
DEBUG --> [REQ_ID=72032a11c079] [REQUEST][END]

[1 occurrence(s)]
DEBUG --> [REQ_ID=b870f4e80779] [REQUEST][START] GET /index.php/login

[1 occurrence(s)]
DEBUG --> [REQ_ID=b870f4e80779] [FILTER_BEFORE] /index.php/login

[1 occurrence(s)]
DEBUG --> [REQ_ID=b870f4e80779] [ROUTE] Controller=\App\Controllers\AuthController Method=login

[1 occurrence(s)]
DEBUG --> [REQ_ID=b870f4e80779] [LIFECYCLE][START] GET https://mymiwallet.com/index.php/login

[1 occurrence(s)]
DEBUG --> [REQ_ID=9ffe0b0c563f] [INIT] App\Controllers\AuthController::GET

[1 occurrence(s)]
DEBUG --> [REQ_ID=b870f4e80779] [FILTER_AFTER]

[1 occurrence(s)]
DEBUG --> [REQ_ID=b870f4e80779] [LIFECYCLE][END] status=200 duration_ms=42.51 memory_delta=0

[1 occurrence(s)]
DEBUG --> [REQ_ID=b870f4e80779] [REQUEST][END]

[1 occurrence(s)]
DEBUG --> [REQ_ID=a8e47b36a263] [REQUEST][START] GET /index.php/login

[1 occurrence(s)]
DEBUG --> [REQ_ID=a8e47b36a263] [FILTER_BEFORE] /index.php/login

[1 occurrence(s)]
DEBUG --> [REQ_ID=a8e47b36a263] [ROUTE] Controller=\App\Controllers\AuthController Method=login

[1 occurrence(s)]
DEBUG --> [REQ_ID=a8e47b36a263] [LIFECYCLE][START] GET https://mymiwallet.com/index.php/login

[1 occurrence(s)]
DEBUG --> [REQ_ID=62d1db17ded2] [INIT] App\Controllers\AuthController::GET

[1 occurrence(s)]
DEBUG --> [REQ_ID=a8e47b36a263] [FILTER_AFTER]

[1 occurrence(s)]
DEBUG --> [REQ_ID=a8e47b36a263] [LIFECYCLE][END] status=200 duration_ms=34.08 memory_delta=0

[1 occurrence(s)]
DEBUG --> [REQ_ID=a8e47b36a263] [REQUEST][END]

[1 occurrence(s)]
DEBUG --> [REQ_ID=af09f131b701] [REQUEST][START] GET /index.php/login

[1 occurrence(s)]
DEBUG --> [REQ_ID=af09f131b701] [FILTER_BEFORE] /index.php/login

[1 occurrence(s)]
DEBUG --> [REQ_ID=af09f131b701] [ROUTE] Controller=\App\Controllers\AuthController Method=login

[1 occurrence(s)]
DEBUG --> [REQ_ID=af09f131b701] [LIFECYCLE][START] GET https://mymiwallet.com/index.php/login

[1 occurrence(s)]
DEBUG --> [REQ_ID=ec4ae457ca7b] [INIT] App\Controllers\AuthController::GET

[1 occurrence(s)]
DEBUG --> [REQ_ID=af09f131b701] [FILTER_AFTER]

[1 occurrence(s)]
DEBUG --> [REQ_ID=af09f131b701] [LIFECYCLE][END] status=200 duration_ms=35.47 memory_delta=0

[1 occurrence(s)]
DEBUG --> [REQ_ID=af09f131b701] [REQUEST][END]

[1 occurrence(s)]
DEBUG --> [REQ_ID=eb8e8dc9d733] [REQUEST][START] GET /index.php/login

[1 occurrence(s)]
DEBUG --> [REQ_ID=eb8e8dc9d733] [FILTER_BEFORE] /index.php/login

[1 occurrence(s)]
DEBUG --> [REQ_ID=eb8e8dc9d733] [ROUTE] Controller=\App\Controllers\AuthController Method=login

[1 occurrence(s)]
DEBUG --> [REQ_ID=eb8e8dc9d733] [LIFECYCLE][START] GET https://mymiwallet.com/index.php/login

[1 occurrence(s)]
DEBUG --> [REQ_ID=4a457b2aa2e3] [INIT] App\Controllers\AuthController::GET

[1 occurrence(s)]
DEBUG --> [REQ_ID=eb8e8dc9d733] [FILTER_AFTER]

[1 occurrence(s)]
DEBUG --> [REQ_ID=eb8e8dc9d733] [LIFECYCLE][END] status=200 duration_ms=62.07 memory_delta=0

[1 occurrence(s)]
DEBUG --> [REQ_ID=eb8e8dc9d733] [REQUEST][END]

[1 occurrence(s)]
DEBUG --> [REQ_ID=d71949a2b26d] [REQUEST][START] GET /index.php/login

[1 occurrence(s)]
DEBUG --> [REQ_ID=d71949a2b26d] [FILTER_BEFORE] /index.php/login

[1 occurrence(s)]
DEBUG --> [REQ_ID=d71949a2b26d] [ROUTE] Controller=\App\Controllers\AuthController Method=login

[1 occurrence(s)]
DEBUG --> [REQ_ID=d71949a2b26d] [LIFECYCLE][START] GET https://mymiwallet.com/index.php/login

[1 occurrence(s)]
DEBUG --> [REQ_ID=9b4a473bdd36] [INIT] App\Controllers\AuthController::GET

[1 occurrence(s)]
DEBUG --> [REQ_ID=d71949a2b26d] [FILTER_AFTER]

[1 occurrence(s)]
DEBUG --> [REQ_ID=d71949a2b26d] [LIFECYCLE][END] status=200 duration_ms=72.36 memory_delta=0

[1 occurrence(s)]
DEBUG --> [REQ_ID=d71949a2b26d] [REQUEST][END]

[1 occurrence(s)]
DEBUG --> [REQ_ID=dc7276a0d985] [REQUEST][START] GET /index.php/login

[1 occurrence(s)]
DEBUG --> [REQ_ID=dc7276a0d985] [FILTER_BEFORE] /index.php/login

[1 occurrence(s)]
DEBUG --> [REQ_ID=dc7276a0d985] [ROUTE] Controller=\App\Controllers\AuthController Method=login

[1 occurrence(s)]
DEBUG --> [REQ_ID=dc7276a0d985] [LIFECYCLE][START] GET https://mymiwallet.com/index.php/login

[1 occurrence(s)]
DEBUG --> [REQ_ID=2bf2189970d9] [INIT] App\Controllers\AuthController::GET

[1 occurrence(s)]
DEBUG --> [REQ_ID=dc7276a0d985] [FILTER_AFTER]

[1 occurrence(s)]
DEBUG --> [REQ_ID=dc7276a0d985] [LIFECYCLE][END] status=200 duration_ms=122.06 memory_delta=0

[1 occurrence(s)]
DEBUG --> [REQ_ID=dc7276a0d985] [REQUEST][END]

[1 occurrence(s)]
DEBUG --> [REQ_ID=63f9f8759950] [REQUEST][START] GET /index.php/Budget/Financial-Forecaster

[1 occurrence(s)]
DEBUG --> [REQ_ID=63f9f8759950] [FILTER_BEFORE] /index.php/Budget/Financial-Forecaster

[1 occurrence(s)]
DEBUG --> [REQ_ID=63f9f8759950] [ROUTE] Controller=\App\Modules\User\Controllers\BudgetController Method=financialForecaster

[1 occurrence(s)]
DEBUG --> [REQ_ID=63f9f8759950] [LIFECYCLE][START] GET https://mymiwallet.com/index.php/Budget/Financial-Forecaster

[2 occurrence(s)]
DEBUG --> [CSRF] token name=csrf_test_name hash=5375372b30be8653f275adbf3a030106

[1 occurrence(s)]
DEBUG --> [REQ_ID=63f9f8759950] [REQUEST][END]

[1 occurrence(s)]
DEBUG --> [REQ_ID=9d2d7f56b5b4] [REQUEST][START] GET /index.php/login

[1 occurrence(s)]
DEBUG --> [REQ_ID=9d2d7f56b5b4] [FILTER_BEFORE] /index.php/login

[1 occurrence(s)]
DEBUG --> [REQ_ID=9d2d7f56b5b4] [ROUTE] Controller=\App\Controllers\AuthController Method=login

[1 occurrence(s)]
DEBUG --> [REQ_ID=9d2d7f56b5b4] [LIFECYCLE][START] GET https://mymiwallet.com/index.php/login

[1 occurrence(s)]
DEBUG --> [REQ_ID=877f16176c29] [INIT] App\Controllers\AuthController::GET

[1 occurrence(s)]
DEBUG --> [REQ_ID=9d2d7f56b5b4] [FILTER_AFTER]

[1 occurrence(s)]
DEBUG --> [REQ_ID=9d2d7f56b5b4] [LIFECYCLE][END] status=200 duration_ms=177.34 memory_delta=2097152

[1 occurrence(s)]
DEBUG --> [REQ_ID=9d2d7f56b5b4] [REQUEST][END]

[1 occurrence(s)]
DEBUG --> [REQ_ID=f7bc89191394] [REQUEST][START] GET /

[1 occurrence(s)]
DEBUG --> [REQ_ID=f7bc89191394] [FILTER_BEFORE] /

[1 occurrence(s)]
DEBUG --> [REQ_ID=f7bc89191394] [ROUTE] Controller=\App\Controllers\Home Method=index

[1 occurrence(s)]
DEBUG --> [REQ_ID=f7bc89191394] [LIFECYCLE][START] GET https://mymiwallet.com/index.php/

[1 occurrence(s)]
DEBUG --> [CSRF] token name=csrf_test_name hash=51d0f0d707d423b9a78e584132290072

[1 occurrence(s)]
DEBUG --> [REQ_ID=c13de0c91cf4] [INIT] App\Controllers\Home::GET

[1 occurrence(s)]
DEBUG --> [REQ_ID=c13de0c91cf4] [VIEW_RENDER] themes/public/home

[1 occurrence(s)]
DEBUG --> [REQ_ID=f7bc89191394] [FILTER_AFTER]

[1 occurrence(s)]
DEBUG --> [REQ_ID=f7bc89191394] [LIFECYCLE][END] status=200 duration_ms=687.26 memory_delta=4194304

[1 occurrence(s)]
DEBUG --> [REQ_ID=f7bc89191394] [REQUEST][END]

[1 occurrence(s)]
DEBUG --> [REQ_ID=9d1ad54fc353] [REQUEST][START] GET /index.php/Support

[1 occurrence(s)]
DEBUG --> [REQ_ID=9d1ad54fc353] [FILTER_BEFORE] /index.php/Support

[1 occurrence(s)]
DEBUG --> [REQ_ID=9d1ad54fc353] [ROUTE] Controller=\App\Modules\PropFirms\Controllers\PropFirmsController Method=index

[1 occurrence(s)]
DEBUG --> [REQ_ID=9d1ad54fc353] [LIFECYCLE][START] GET https://mymiwallet.com/index.php/Support

[1 occurrence(s)]
DEBUG --> [CSRF] token name=csrf_test_name hash=ecca8106e9fea0e9375eb98469cc4c4a

[4 occurrence(s)]
DEBUG --> LoginFilter redirecting guest to login from: https://mymiwallet.com/index.php/Support

[1 occurrence(s)]
DEBUG --> [REQ_ID=9d1ad54fc353] [REQUEST][END]

[1 occurrence(s)]
DEBUG --> [REQ_ID=927236da674a] [REQUEST][START] GET /index.php/Support

[1 occurrence(s)]
DEBUG --> [REQ_ID=927236da674a] [FILTER_BEFORE] /index.php/Support

[1 occurrence(s)]
DEBUG --> [REQ_ID=927236da674a] [ROUTE] Controller=\App\Modules\PropFirms\Controllers\PropFirmsController Method=index

[1 occurrence(s)]
DEBUG --> [REQ_ID=927236da674a] [LIFECYCLE][START] GET https://mymiwallet.com/index.php/Support

[2 occurrence(s)]
DEBUG --> [CSRF] token name=csrf_test_name hash=153c403d792b3f573035d6e9d65b291b

[1 occurrence(s)]
DEBUG --> [REQ_ID=927236da674a] [REQUEST][END]

[1 occurrence(s)]
DEBUG --> [REQ_ID=3b6f62be35c8] [REQUEST][START] GET /index.php/login

[1 occurrence(s)]
DEBUG --> [REQ_ID=3b6f62be35c8] [FILTER_BEFORE] /index.php/login

[1 occurrence(s)]
DEBUG --> [REQ_ID=3b6f62be35c8] [ROUTE] Controller=\App\Controllers\AuthController Method=login

[1 occurrence(s)]
DEBUG --> [REQ_ID=3b6f62be35c8] [LIFECYCLE][START] GET https://mymiwallet.com/index.php/login

[1 occurrence(s)]
DEBUG --> [REQ_ID=2a49cd6c03f2] [INIT] App\Controllers\AuthController::GET

[1 occurrence(s)]
DEBUG --> [REQ_ID=3b6f62be35c8] [FILTER_AFTER]

[1 occurrence(s)]
DEBUG --> [REQ_ID=3b6f62be35c8] [LIFECYCLE][END] status=200 duration_ms=341.69 memory_delta=2097152

[1 occurrence(s)]
DEBUG --> [REQ_ID=3b6f62be35c8] [REQUEST][END]

[1 occurrence(s)]
DEBUG --> [REQ_ID=27f4f8310502] [REQUEST][START] GET /index.php/How-It-Works/Purchase-MyMI-Gold

[1 occurrence(s)]
DEBUG --> [REQ_ID=27f4f8310502] [FILTER_BEFORE] /index.php/How-It-Works/Purchase-MyMI-Gold

[1 occurrence(s)]
DEBUG --> [REQ_ID=27f4f8310502] [ROUTE] Controller=\App\Modules\Blog\Controllers\HowItWorksController Method=show

[1 occurrence(s)]
DEBUG --> [REQ_ID=27f4f8310502] [LIFECYCLE][START] GET https://mymiwallet.com/index.php/How-It-Works/Purchase-MyMI-Gold

[1 occurrence(s)]
DEBUG --> [CSRF] token name=csrf_test_name hash=5ecb0af59aa8117291e599c9fdb42057

[1 occurrence(s)]
DEBUG --> [REQ_ID=5ed0c4f9d26b] [INIT] App\Modules\Blog\Controllers\HowItWorksController::GET

[1 occurrence(s)]
DEBUG --> [REQ_ID=5ed0c4f9d26b] [METHOD_ENTRY] show

[6 occurrence(s)]
DEBUG --> MyMIUser L52 - initialized (first log).

[8 occurrence(s)]
DEBUG --> [SERVICE] App\Services\BudgetService ::setUserId

[6 occurrence(s)]
DEBUG --> MyMICoin initialized ONCE

[6 occurrence(s)]
DEBUG --> MyMICoin: guest context detected; skipping user-specific preload.

[1 occurrence(s)]
DEBUG --> [HOW_IT_WORKS] slug=purchase-mymi-gold

[1 occurrence(s)]
DEBUG --> [REQ_ID=27f4f8310502] [FILTER_AFTER]

[1 occurrence(s)]
DEBUG --> [REQ_ID=27f4f8310502] [LIFECYCLE][END] status=200 duration_ms=738.18 memory_delta=4194304

[1 occurrence(s)]
DEBUG --> [REQ_ID=27f4f8310502] [REQUEST][END]

[1 occurrence(s)]
DEBUG --> [REQ_ID=06dc3b1d0092] [REQUEST][START] GET /index.php/login

[1 occurrence(s)]
DEBUG --> [REQ_ID=06dc3b1d0092] [FILTER_BEFORE] /index.php/login

[1 occurrence(s)]
DEBUG --> [REQ_ID=06dc3b1d0092] [ROUTE] Controller=\App\Controllers\AuthController Method=login

[1 occurrence(s)]
DEBUG --> [REQ_ID=06dc3b1d0092] [LIFECYCLE][START] GET https://mymiwallet.com/index.php/login

[1 occurrence(s)]
DEBUG --> [REQ_ID=8d960b6f8433] [INIT] App\Controllers\AuthController::GET

[1 occurrence(s)]
DEBUG --> [REQ_ID=06dc3b1d0092] [FILTER_AFTER]

[1 occurrence(s)]
DEBUG --> [REQ_ID=06dc3b1d0092] [LIFECYCLE][END] status=200 duration_ms=89.75 memory_delta=0

[1 occurrence(s)]
DEBUG --> [REQ_ID=06dc3b1d0092] [REQUEST][END]

[1 occurrence(s)]
DEBUG --> [REQ_ID=9ed16fea0c63] [REQUEST][START] GET /index.php/login

[1 occurrence(s)]
DEBUG --> [REQ_ID=9ed16fea0c63] [FILTER_BEFORE] /index.php/login

[1 occurrence(s)]
DEBUG --> [REQ_ID=9ed16fea0c63] [ROUTE] Controller=\App\Controllers\AuthController Method=login

[1 occurrence(s)]
DEBUG --> [REQ_ID=9ed16fea0c63] [LIFECYCLE][START] GET https://mymiwallet.com/index.php/login

[1 occurrence(s)]
DEBUG --> [REQ_ID=2ae186642a5c] [INIT] App\Controllers\AuthController::GET

[1 occurrence(s)]
DEBUG --> [REQ_ID=9ed16fea0c63] [FILTER_AFTER]

[1 occurrence(s)]
DEBUG --> [REQ_ID=9ed16fea0c63] [LIFECYCLE][END] status=200 duration_ms=52.68 memory_delta=0

[1 occurrence(s)]
DEBUG --> [REQ_ID=9ed16fea0c63] [REQUEST][END]

[1 occurrence(s)]
DEBUG --> [REQ_ID=94561fb5ac1b] [REQUEST][START] GET /index.php/login

[1 occurrence(s)]
DEBUG --> [REQ_ID=94561fb5ac1b] [FILTER_BEFORE] /index.php/login

[1 occurrence(s)]
DEBUG --> [REQ_ID=94561fb5ac1b] [ROUTE] Controller=\App\Controllers\AuthController Method=login

[1 occurrence(s)]
DEBUG --> [REQ_ID=94561fb5ac1b] [LIFECYCLE][START] GET https://mymiwallet.com/index.php/login

[1 occurrence(s)]
DEBUG --> [REQ_ID=456685dbcc5e] [INIT] App\Controllers\AuthController::GET

[1 occurrence(s)]
DEBUG --> [REQ_ID=94561fb5ac1b] [FILTER_AFTER]

[1 occurrence(s)]
DEBUG --> [REQ_ID=94561fb5ac1b] [LIFECYCLE][END] status=200 duration_ms=34.45 memory_delta=0

[1 occurrence(s)]
DEBUG --> [REQ_ID=94561fb5ac1b] [REQUEST][END]

[1 occurrence(s)]
DEBUG --> [REQ_ID=35a2048bef7d] [REQUEST][START] GET /index.php/login

[1 occurrence(s)]
DEBUG --> [REQ_ID=35a2048bef7d] [FILTER_BEFORE] /index.php/login

[1 occurrence(s)]
DEBUG --> [REQ_ID=35a2048bef7d] [ROUTE] Controller=\App\Controllers\AuthController Method=login

[1 occurrence(s)]
DEBUG --> [REQ_ID=35a2048bef7d] [LIFECYCLE][START] GET https://mymiwallet.com/index.php/login

[1 occurrence(s)]
DEBUG --> [REQ_ID=008617539754] [INIT] App\Controllers\AuthController::GET

[1 occurrence(s)]
DEBUG --> [REQ_ID=35a2048bef7d] [FILTER_AFTER]

[1 occurrence(s)]
DEBUG --> [REQ_ID=35a2048bef7d] [LIFECYCLE][END] status=200 duration_ms=36.99 memory_delta=0

[1 occurrence(s)]
DEBUG --> [REQ_ID=35a2048bef7d] [REQUEST][END]

[1 occurrence(s)]
DEBUG --> [REQ_ID=0b03a6e6d524] [REQUEST][START] GET /index.php/login

[1 occurrence(s)]
DEBUG --> [REQ_ID=0b03a6e6d524] [FILTER_BEFORE] /index.php/login

[1 occurrence(s)]
DEBUG --> [REQ_ID=0b03a6e6d524] [ROUTE] Controller=\App\Controllers\AuthController Method=login

[1 occurrence(s)]
DEBUG --> [REQ_ID=0b03a6e6d524] [LIFECYCLE][START] GET https://mymiwallet.com/index.php/login

[1 occurrence(s)]
DEBUG --> [REQ_ID=d1672a8412c6] [INIT] App\Controllers\AuthController::GET

[1 occurrence(s)]
DEBUG --> [REQ_ID=0b03a6e6d524] [FILTER_AFTER]

[1 occurrence(s)]
DEBUG --> [REQ_ID=0b03a6e6d524] [LIFECYCLE][END] status=200 duration_ms=58.48 memory_delta=0

[1 occurrence(s)]
DEBUG --> [REQ_ID=0b03a6e6d524] [REQUEST][END]

[1 occurrence(s)]
DEBUG --> [REQ_ID=1ce684cb570b] [REQUEST][START] GET /*

[1 occurrence(s)]
DEBUG --> [REQ_ID=f59f9186f68b] [REQUEST][START] GET /index.php/login

[1 occurrence(s)]
DEBUG --> [REQ_ID=f59f9186f68b] [FILTER_BEFORE] /index.php/login

[1 occurrence(s)]
DEBUG --> [REQ_ID=f59f9186f68b] [ROUTE] Controller=\App\Controllers\AuthController Method=login

[1 occurrence(s)]
DEBUG --> [REQ_ID=f59f9186f68b] [LIFECYCLE][START] GET https://mymiwallet.com/index.php/login

[1 occurrence(s)]
DEBUG --> [REQ_ID=a43129f8fe9c] [INIT] App\Controllers\AuthController::GET

[1 occurrence(s)]
DEBUG --> [REQ_ID=f59f9186f68b] [FILTER_AFTER]

[1 occurrence(s)]
DEBUG --> [REQ_ID=f59f9186f68b] [LIFECYCLE][END] status=200 duration_ms=87.92 memory_delta=0

[1 occurrence(s)]
DEBUG --> [REQ_ID=f59f9186f68b] [REQUEST][END]

[1 occurrence(s)]
DEBUG --> [REQ_ID=940005da5c64] [REQUEST][START] GET /index.php/login

[1 occurrence(s)]
DEBUG --> [REQ_ID=940005da5c64] [FILTER_BEFORE] /index.php/login

[1 occurrence(s)]
DEBUG --> [REQ_ID=940005da5c64] [ROUTE] Controller=\App\Controllers\AuthController Method=login

[1 occurrence(s)]
DEBUG --> [REQ_ID=940005da5c64] [LIFECYCLE][START] GET https://mymiwallet.com/index.php/login

[1 occurrence(s)]
DEBUG --> [REQ_ID=e9a767625b9e] [INIT] App\Controllers\AuthController::GET

[1 occurrence(s)]
DEBUG --> [REQ_ID=940005da5c64] [FILTER_AFTER]

[1 occurrence(s)]
DEBUG --> [REQ_ID=940005da5c64] [LIFECYCLE][END] status=200 duration_ms=45.20 memory_delta=0

[1 occurrence(s)]
DEBUG --> [REQ_ID=940005da5c64] [REQUEST][END]

[1 occurrence(s)]
DEBUG --> [REQ_ID=20a9dbf4406d] [REQUEST][START] GET /

[1 occurrence(s)]
DEBUG --> [REQ_ID=20a9dbf4406d] [FILTER_BEFORE] /

[1 occurrence(s)]
DEBUG --> [REQ_ID=20a9dbf4406d] [ROUTE] Controller=\App\Controllers\Home Method=index

[1 occurrence(s)]
DEBUG --> [REQ_ID=20a9dbf4406d] [LIFECYCLE][START] GET https://mymiwallet.com/index.php/

[3 occurrence(s)]
DEBUG --> [CSRF] token name=csrf_test_name hash=25569b9f2fa725ff000f0fe812e8d4cc

[1 occurrence(s)]
DEBUG --> [REQ_ID=3ddfa44a5051] [INIT] App\Controllers\Home::GET

[1 occurrence(s)]
DEBUG --> [REQ_ID=3ddfa44a5051] [VIEW_RENDER] themes/public/home

[1 occurrence(s)]
DEBUG --> [REQ_ID=20a9dbf4406d] [FILTER_AFTER]

[1 occurrence(s)]
DEBUG --> [REQ_ID=20a9dbf4406d] [LIFECYCLE][END] status=200 duration_ms=560.36 memory_delta=4194304

[1 occurrence(s)]
DEBUG --> [REQ_ID=20a9dbf4406d] [REQUEST][END]

[1 occurrence(s)]
DEBUG --> [REQ_ID=4e8d18626525] [REQUEST][START] GET //xmlrpc.php?rsd

[1 occurrence(s)]
DEBUG --> [REQ_ID=4e8d18626525] [FILTER_BEFORE] //xmlrpc.php?rsd

[1 occurrence(s)]
DEBUG --> [REQ_ID=4e8d18626525] [ROUTE] Controller=\App\Modules\PropFirms\Controllers\PropFirmsController Method=index

[1 occurrence(s)]
DEBUG --> [REQ_ID=4e8d18626525] [LIFECYCLE][START] GET https://mymiwallet.com/index.php/xmlrpc.php?rsd=

[1 occurrence(s)]
DEBUG --> [REQ_ID=4e8d18626525] [REQUEST][END]

[1 occurrence(s)]
DEBUG --> [REQ_ID=94c7df1ef898] [REQUEST][START] GET /

[1 occurrence(s)]
DEBUG --> [REQ_ID=94c7df1ef898] [FILTER_BEFORE] /

[1 occurrence(s)]
DEBUG --> [REQ_ID=94c7df1ef898] [ROUTE] Controller=\App\Controllers\Home Method=index

[1 occurrence(s)]
DEBUG --> [REQ_ID=94c7df1ef898] [LIFECYCLE][START] GET https://mymiwallet.com/index.php/

[1 occurrence(s)]
DEBUG --> [REQ_ID=2a7eeb04b207] [INIT] App\Controllers\Home::GET

[1 occurrence(s)]
DEBUG --> [REQ_ID=2a7eeb04b207] [VIEW_RENDER] themes/public/home

[1 occurrence(s)]
DEBUG --> [REQ_ID=94c7df1ef898] [FILTER_AFTER]

[1 occurrence(s)]
DEBUG --> [REQ_ID=94c7df1ef898] [LIFECYCLE][END] status=200 duration_ms=515.67 memory_delta=4194304

[1 occurrence(s)]
DEBUG --> [REQ_ID=94c7df1ef898] [REQUEST][END]

[1 occurrence(s)]
DEBUG --> [REQ_ID=f6bb501d1e07] [REQUEST][START] GET /index.php/API/Management/Run-CRON-Tasks

[1 occurrence(s)]
DEBUG --> [REQ_ID=f6bb501d1e07] [FILTER_BEFORE] /index.php/API/Management/Run-CRON-Tasks

[1 occurrence(s)]
DEBUG --> [REQ_ID=f6bb501d1e07] [ROUTE] Controller=\App\Modules\APIs\Controllers\ManagementAPIController Method=Run_CRON_Tasks

[1 occurrence(s)]
DEBUG --> [REQ_ID=f6bb501d1e07] [LIFECYCLE][START] GET https://mymiwallet.com/index.php/API/Management/Run-CRON-Tasks

[1 occurrence(s)]
DEBUG --> [REQ_ID=f6bb501d1e07] [REQUEST][END]

[1 occurrence(s)]
DEBUG --> [REQ_ID=3a823e34f0f3] [REQUEST][START] GET /index.php/Management/Marketing/Content/Listing

[1 occurrence(s)]
DEBUG --> [REQ_ID=3a823e34f0f3] [FILTER_BEFORE] /index.php/Management/Marketing/Content/Listing

[1 occurrence(s)]
DEBUG --> [REQ_ID=3a823e34f0f3] [ROUTE] Controller=\App\Modules\Management\Controllers\MarketingAdminController Method=contentListing

[1 occurrence(s)]
DEBUG --> [REQ_ID=3a823e34f0f3] [LIFECYCLE][START] GET https://mymiwallet.com/index.php/Management/Marketing/Content/Listing

[2 occurrence(s)]
DEBUG --> [CSRF] token name=csrf_test_name hash=f65d4ad2a3c4252e2cd1e8c3acd5dee0

[1 occurrence(s)]
DEBUG --> [REQ_ID=3a823e34f0f3] [REQUEST][END]

[1 occurrence(s)]
DEBUG --> [REQ_ID=44d1ea7c133b] [REQUEST][START] GET /index.php/login

[1 occurrence(s)]
DEBUG --> [REQ_ID=44d1ea7c133b] [FILTER_BEFORE] /index.php/login

[1 occurrence(s)]
DEBUG --> [REQ_ID=44d1ea7c133b] [ROUTE] Controller=\App\Controllers\AuthController Method=login

[1 occurrence(s)]
DEBUG --> [REQ_ID=44d1ea7c133b] [LIFECYCLE][START] GET https://mymiwallet.com/index.php/login

[1 occurrence(s)]
DEBUG --> [REQ_ID=aa3145e3bd91] [INIT] App\Controllers\AuthController::GET

[1 occurrence(s)]
DEBUG --> [REQ_ID=44d1ea7c133b] [FILTER_AFTER]

[1 occurrence(s)]
DEBUG --> [REQ_ID=44d1ea7c133b] [LIFECYCLE][END] status=200 duration_ms=89.59 memory_delta=2097152

[1 occurrence(s)]
DEBUG --> [REQ_ID=44d1ea7c133b] [REQUEST][END]

[1 occurrence(s)]
DEBUG --> [REQ_ID=7e13a4eefb33] [REQUEST][START] GET /index.php/How-It-Works/MyMI-Gold

[1 occurrence(s)]
DEBUG --> [REQ_ID=7e13a4eefb33] [FILTER_BEFORE] /index.php/How-It-Works/MyMI-Gold

[1 occurrence(s)]
DEBUG --> [REQ_ID=7e13a4eefb33] [ROUTE] Controller=\App\Modules\Blog\Controllers\HowItWorksController Method=show

[1 occurrence(s)]
DEBUG --> [REQ_ID=7e13a4eefb33] [LIFECYCLE][START] GET https://mymiwallet.com/index.php/How-It-Works/MyMI-Gold

[1 occurrence(s)]
DEBUG --> [CSRF] token name=csrf_test_name hash=c21b6ae4c693579df11dbe2959887020

[1 occurrence(s)]
DEBUG --> [REQ_ID=db3756172d22] [INIT] App\Modules\Blog\Controllers\HowItWorksController::GET

[1 occurrence(s)]
DEBUG --> [REQ_ID=db3756172d22] [METHOD_ENTRY] show

[1 occurrence(s)]
DEBUG --> [HOW_IT_WORKS] slug=mymi-gold

[1 occurrence(s)]
DEBUG --> [REQ_ID=7e13a4eefb33] [FILTER_AFTER]

[1 occurrence(s)]
DEBUG --> [REQ_ID=7e13a4eefb33] [LIFECYCLE][END] status=200 duration_ms=764.22 memory_delta=4194304

[1 occurrence(s)]
DEBUG --> [REQ_ID=7e13a4eefb33] [REQUEST][END]

[1 occurrence(s)]
DEBUG --> [REQ_ID=7a145f648d8c] [REQUEST][START] GET /

[1 occurrence(s)]
DEBUG --> [REQ_ID=7a145f648d8c] [FILTER_BEFORE] /

[1 occurrence(s)]
DEBUG --> [REQ_ID=7a145f648d8c] [ROUTE] Controller=\App\Controllers\Home Method=index

[1 occurrence(s)]
DEBUG --> [REQ_ID=7a145f648d8c] [LIFECYCLE][START] GET https://mymiwallet.com/index.php/

[1 occurrence(s)]
DEBUG --> [CSRF] token name=csrf_test_name hash=47dc5a455185d69f334b11e9baa7cad4

[1 occurrence(s)]
DEBUG --> [REQ_ID=73b31995e1da] [INIT] App\Controllers\Home::GET

[1 occurrence(s)]
DEBUG --> [REQ_ID=73b31995e1da] [VIEW_RENDER] themes/public/home

[1 occurrence(s)]
DEBUG --> [REQ_ID=7a145f648d8c] [FILTER_AFTER]

[1 occurrence(s)]
DEBUG --> [REQ_ID=7a145f648d8c] [LIFECYCLE][END] status=200 duration_ms=543.61 memory_delta=2097152

[1 occurrence(s)]
DEBUG --> [REQ_ID=7a145f648d8c] [REQUEST][END]

[1 occurrence(s)]
DEBUG --> [REQ_ID=35f452eab3d9] [REQUEST][START] GET /.env

[1 occurrence(s)]
DEBUG --> [REQ_ID=35f452eab3d9] [FILTER_BEFORE] /.env

[1 occurrence(s)]
DEBUG --> [REQ_ID=35f452eab3d9] [ROUTE] Controller=\App\Modules\PropFirms\Controllers\PropFirmsController Method=index

[1 occurrence(s)]
DEBUG --> [REQ_ID=35f452eab3d9] [LIFECYCLE][START] GET https://mymiwallet.com/index.php/.env

[1 occurrence(s)]
DEBUG --> [CSRF] token name=csrf_test_name hash=f8b300733e66cace30bca391572688b3

[1 occurrence(s)]
DEBUG --> [REQ_ID=35f452eab3d9] [REQUEST][END]

[1 occurrence(s)]
DEBUG --> [REQ_ID=4447410ca633] [REQUEST][START] GET /

[1 occurrence(s)]
DEBUG --> [REQ_ID=4447410ca633] [FILTER_BEFORE] /

[1 occurrence(s)]
DEBUG --> [REQ_ID=4447410ca633] [ROUTE] Controller=\App\Controllers\Home Method=index

[1 occurrence(s)]
DEBUG --> [REQ_ID=4447410ca633] [LIFECYCLE][START] GET https://mymiwallet.com/index.php/

[1 occurrence(s)]
DEBUG --> [CSRF] token name=csrf_test_name hash=3e1d4f8b9bdf789cf840c5dda0fecf64

[1 occurrence(s)]
DEBUG --> [REQ_ID=346a55f981bf] [INIT] App\Controllers\Home::GET

[1 occurrence(s)]
DEBUG --> [REQ_ID=346a55f981bf] [VIEW_RENDER] themes/public/home

[1 occurrence(s)]
DEBUG --> [REQ_ID=4447410ca633] [FILTER_AFTER]

[1 occurrence(s)]
DEBUG --> [REQ_ID=4447410ca633] [LIFECYCLE][END] status=200 duration_ms=688.57 memory_delta=4194304

[1 occurrence(s)]
DEBUG --> [REQ_ID=4447410ca633] [REQUEST][END]

[1 occurrence(s)]
DEBUG --> [REQ_ID=525d80436fc3] [REQUEST][START] GET /index.php/login

[1 occurrence(s)]
DEBUG --> [REQ_ID=525d80436fc3] [FILTER_BEFORE] /index.php/login

[1 occurrence(s)]
DEBUG --> [REQ_ID=525d80436fc3] [ROUTE] Controller=\App\Controllers\AuthController Method=login

[1 occurrence(s)]
DEBUG --> [REQ_ID=525d80436fc3] [LIFECYCLE][START] GET https://mymiwallet.com/index.php/login

[1 occurrence(s)]
DEBUG --> [CSRF] token name=csrf_test_name hash=b50fcbbc9bc5f8c4b6df933209dadacc

[1 occurrence(s)]
DEBUG --> [REQ_ID=5c4232855bf9] [INIT] App\Controllers\AuthController::GET

[43 occurrence(s)]
DEBUG --> [AUTH_LOGIN_VIEW_REDIRECT_URL]

[1 occurrence(s)]
DEBUG --> [REQ_ID=525d80436fc3] [FILTER_AFTER]

[1 occurrence(s)]
DEBUG --> [REQ_ID=525d80436fc3] [LIFECYCLE][END] status=200 duration_ms=41.53 memory_delta=0

[1 occurrence(s)]
DEBUG --> [REQ_ID=525d80436fc3] [REQUEST][END]

[1 occurrence(s)]
DEBUG --> [REQ_ID=9356c3275edc] [REQUEST][START] GET /.env.bak

[1 occurrence(s)]
DEBUG --> [REQ_ID=9356c3275edc] [FILTER_BEFORE] /.env.bak

[1 occurrence(s)]
DEBUG --> [REQ_ID=9356c3275edc] [ROUTE] Controller=\App\Modules\PropFirms\Controllers\PropFirmsController Method=index

[1 occurrence(s)]
DEBUG --> [REQ_ID=9356c3275edc] [LIFECYCLE][START] GET https://mymiwallet.com/index.php/.env.bak

[1 occurrence(s)]
DEBUG --> [CSRF] token name=csrf_test_name hash=47092c3182cecdbafb62f4f0f1e83806

[1 occurrence(s)]
DEBUG --> [REQ_ID=9356c3275edc] [REQUEST][END]

[1 occurrence(s)]
DEBUG --> [REQ_ID=23454db01756] [REQUEST][START] GET /index.php/login

[1 occurrence(s)]
DEBUG --> [REQ_ID=23454db01756] [FILTER_BEFORE] /index.php/login

[1 occurrence(s)]
DEBUG --> [REQ_ID=23454db01756] [ROUTE] Controller=\App\Controllers\AuthController Method=login

[1 occurrence(s)]
DEBUG --> [REQ_ID=23454db01756] [LIFECYCLE][START] GET https://mymiwallet.com/index.php/login

[1 occurrence(s)]
DEBUG --> [CSRF] token name=csrf_test_name hash=4a2d40fbc25e039b803087bf2dc11030

[1 occurrence(s)]
DEBUG --> [REQ_ID=c7b04b328a1c] [INIT] App\Controllers\AuthController::GET

[1 occurrence(s)]
DEBUG --> [REQ_ID=23454db01756] [FILTER_AFTER]

[1 occurrence(s)]
DEBUG --> [REQ_ID=23454db01756] [LIFECYCLE][END] status=200 duration_ms=29.01 memory_delta=0

[1 occurrence(s)]
DEBUG --> [REQ_ID=23454db01756] [REQUEST][END]

[1 occurrence(s)]
DEBUG --> [REQ_ID=c82fc253d30f] [REQUEST][START] GET /.env.save

[1 occurrence(s)]
DEBUG --> [REQ_ID=c82fc253d30f] [FILTER_BEFORE] /.env.save

[1 occurrence(s)]
DEBUG --> [REQ_ID=c82fc253d30f] [ROUTE] Controller=\App\Modules\PropFirms\Controllers\PropFirmsController Method=index

[1 occurrence(s)]
DEBUG --> [REQ_ID=c82fc253d30f] [LIFECYCLE][START] GET https://mymiwallet.com/index.php/.env.save

[1 occurrence(s)]
DEBUG --> [CSRF] token name=csrf_test_name hash=9a085d1eebeda49355914082f7f3e6bd

[1 occurrence(s)]
DEBUG --> [REQ_ID=c82fc253d30f] [REQUEST][END]

[1 occurrence(s)]
DEBUG --> [REQ_ID=205b1df41fbe] [REQUEST][START] GET /index.php/login

[1 occurrence(s)]
DEBUG --> [REQ_ID=205b1df41fbe] [FILTER_BEFORE] /index.php/login

[1 occurrence(s)]
DEBUG --> [REQ_ID=205b1df41fbe] [ROUTE] Controller=\App\Controllers\AuthController Method=login

[1 occurrence(s)]
DEBUG --> [REQ_ID=205b1df41fbe] [LIFECYCLE][START] GET https://mymiwallet.com/index.php/login

[1 occurrence(s)]
DEBUG --> [CSRF] token name=csrf_test_name hash=3c835c8523bcd567ea788d0d001838d1

[1 occurrence(s)]
DEBUG --> [REQ_ID=1b9022fab931] [INIT] App\Controllers\AuthController::GET

[1 occurrence(s)]
DEBUG --> [REQ_ID=205b1df41fbe] [FILTER_AFTER]

[1 occurrence(s)]
DEBUG --> [REQ_ID=205b1df41fbe] [LIFECYCLE][END] status=200 duration_ms=28.65 memory_delta=0

[1 occurrence(s)]
DEBUG --> [REQ_ID=205b1df41fbe] [REQUEST][END]

[1 occurrence(s)]
DEBUG --> [REQ_ID=b5b2d82da1d6] [REQUEST][START] GET /.env.local

[1 occurrence(s)]
DEBUG --> [REQ_ID=b5b2d82da1d6] [FILTER_BEFORE] /.env.local

[1 occurrence(s)]
DEBUG --> [REQ_ID=b5b2d82da1d6] [ROUTE] Controller=\App\Modules\PropFirms\Controllers\PropFirmsController Method=index

[1 occurrence(s)]
DEBUG --> [REQ_ID=b5b2d82da1d6] [LIFECYCLE][START] GET https://mymiwallet.com/index.php/.env.local

[1 occurrence(s)]
DEBUG --> [CSRF] token name=csrf_test_name hash=79b3dcf28be064ff8dd35afe7f36099e

[1 occurrence(s)]
DEBUG --> [REQ_ID=b5b2d82da1d6] [REQUEST][END]

[1 occurrence(s)]
DEBUG --> [REQ_ID=e3051ca7793f] [REQUEST][START] GET /index.php/login

[1 occurrence(s)]
DEBUG --> [REQ_ID=e3051ca7793f] [FILTER_BEFORE] /index.php/login

[1 occurrence(s)]
DEBUG --> [REQ_ID=e3051ca7793f] [ROUTE] Controller=\App\Controllers\AuthController Method=login

[1 occurrence(s)]
DEBUG --> [REQ_ID=e3051ca7793f] [LIFECYCLE][START] GET https://mymiwallet.com/index.php/login

[1 occurrence(s)]
DEBUG --> [CSRF] token name=csrf_test_name hash=d06d71e69d08f3f9564167fc46a6fe4b

[1 occurrence(s)]
DEBUG --> [REQ_ID=6544241686a0] [INIT] App\Controllers\AuthController::GET

[1 occurrence(s)]
DEBUG --> [REQ_ID=e3051ca7793f] [FILTER_AFTER]

[1 occurrence(s)]
DEBUG --> [REQ_ID=e3051ca7793f] [LIFECYCLE][END] status=200 duration_ms=24.89 memory_delta=0

[1 occurrence(s)]
DEBUG --> [REQ_ID=e3051ca7793f] [REQUEST][END]

[1 occurrence(s)]
DEBUG --> [REQ_ID=4625418e85e5] [REQUEST][START] GET /backend/.env

[1 occurrence(s)]
DEBUG --> [REQ_ID=4625418e85e5] [REQUEST][END]

[1 occurrence(s)]
DEBUG --> [REQ_ID=7b5625b58829] [REQUEST][START] GET /admin/.env

[1 occurrence(s)]
DEBUG --> [REQ_ID=7b5625b58829] [REQUEST][END]

[1 occurrence(s)]
DEBUG --> [REQ_ID=60af38a70770] [REQUEST][START] GET /.git/config

[1 occurrence(s)]
DEBUG --> [REQ_ID=60af38a70770] [REQUEST][END]

[1 occurrence(s)]
DEBUG --> [REQ_ID=4548acbfb3c1] [REQUEST][START] GET /config.js

[1 occurrence(s)]
DEBUG --> [REQ_ID=4548acbfb3c1] [FILTER_BEFORE] /config.js

[1 occurrence(s)]
DEBUG --> [REQ_ID=4548acbfb3c1] [ROUTE] Controller=\App\Modules\PropFirms\Controllers\PropFirmsController Method=index

[1 occurrence(s)]
DEBUG --> [REQ_ID=4548acbfb3c1] [LIFECYCLE][START] GET https://mymiwallet.com/index.php/config.js

[1 occurrence(s)]
DEBUG --> [CSRF] token name=csrf_test_name hash=64c1c1d3c2f23897c243dd7892a4fdf9

[1 occurrence(s)]
DEBUG --> [REQ_ID=4548acbfb3c1] [REQUEST][END]

[1 occurrence(s)]
DEBUG --> [REQ_ID=004e58f397c9] [REQUEST][START] GET /aws-config.js

[1 occurrence(s)]
DEBUG --> [REQ_ID=004e58f397c9] [FILTER_BEFORE] /aws-config.js

[1 occurrence(s)]
DEBUG --> [REQ_ID=004e58f397c9] [ROUTE] Controller=\App\Modules\PropFirms\Controllers\PropFirmsController Method=index

[1 occurrence(s)]
DEBUG --> [REQ_ID=004e58f397c9] [LIFECYCLE][START] GET https://mymiwallet.com/index.php/aws-config.js

[1 occurrence(s)]
DEBUG --> [CSRF] token name=csrf_test_name hash=12958b55e406b0ebfd071332c48f8ef0

[1 occurrence(s)]
DEBUG --> [REQ_ID=004e58f397c9] [REQUEST][END]

[1 occurrence(s)]
DEBUG --> [REQ_ID=0e92995de9c7] [REQUEST][START] GET /aws.config.js

[1 occurrence(s)]
DEBUG --> [REQ_ID=0e92995de9c7] [FILTER_BEFORE] /aws.config.js

[1 occurrence(s)]
DEBUG --> [REQ_ID=0e92995de9c7] [ROUTE] Controller=\App\Modules\PropFirms\Controllers\PropFirmsController Method=index

[1 occurrence(s)]
DEBUG --> [REQ_ID=0e92995de9c7] [LIFECYCLE][START] GET https://mymiwallet.com/index.php/aws.config.js

[1 occurrence(s)]
DEBUG --> [CSRF] token name=csrf_test_name hash=885a731df66e93a5d3276f500c1c76c4

[1 occurrence(s)]
DEBUG --> [REQ_ID=0e92995de9c7] [REQUEST][END]

[1 occurrence(s)]
DEBUG --> [REQ_ID=c1e4c1f65809] [REQUEST][START] GET /phpinfo.php

[1 occurrence(s)]
DEBUG --> [REQ_ID=c1e4c1f65809] [FILTER_BEFORE] /phpinfo.php

[1 occurrence(s)]
DEBUG --> [REQ_ID=c1e4c1f65809] [ROUTE] Controller=\App\Modules\PropFirms\Controllers\PropFirmsController Method=index

[1 occurrence(s)]
DEBUG --> [REQ_ID=c1e4c1f65809] [LIFECYCLE][START] GET https://mymiwallet.com/index.php/phpinfo.php

[1 occurrence(s)]
DEBUG --> [CSRF] token name=csrf_test_name hash=87bb509351cd4fa9f378552c41d8b0af

[1 occurrence(s)]
DEBUG --> [REQ_ID=c1e4c1f65809] [REQUEST][END]

[1 occurrence(s)]
DEBUG --> [REQ_ID=f7da526abb9e] [REQUEST][START] GET /index.php/login

[1 occurrence(s)]
DEBUG --> [REQ_ID=f7da526abb9e] [FILTER_BEFORE] /index.php/login

[1 occurrence(s)]
DEBUG --> [REQ_ID=f7da526abb9e] [ROUTE] Controller=\App\Controllers\AuthController Method=login

[1 occurrence(s)]
DEBUG --> [REQ_ID=f7da526abb9e] [LIFECYCLE][START] GET https://mymiwallet.com/index.php/login

[1 occurrence(s)]
DEBUG --> [CSRF] token name=csrf_test_name hash=88ccc194caf8b8e74a72403e4245f94f

[1 occurrence(s)]
DEBUG --> [REQ_ID=4f69255c000c] [INIT] App\Controllers\AuthController::GET

[1 occurrence(s)]
DEBUG --> [REQ_ID=f7da526abb9e] [FILTER_AFTER]

[1 occurrence(s)]
DEBUG --> [REQ_ID=f7da526abb9e] [LIFECYCLE][END] status=200 duration_ms=35.79 memory_delta=0

[1 occurrence(s)]
DEBUG --> [REQ_ID=f7da526abb9e] [REQUEST][END]

[1 occurrence(s)]
DEBUG --> [REQ_ID=0bba3fe3de17] [REQUEST][START] GET /.git/HEAD

[1 occurrence(s)]
DEBUG --> [REQ_ID=0bba3fe3de17] [REQUEST][END]

[1 occurrence(s)]
DEBUG --> [REQ_ID=d6e360c8b5bf] [REQUEST][START] GET /.git/config

[1 occurrence(s)]
DEBUG --> [REQ_ID=d6e360c8b5bf] [REQUEST][END]

[1 occurrence(s)]
DEBUG --> [REQ_ID=ee7b5f66acdb] [REQUEST][START] GET /index.php/API/Alerts/fetchEmailAlerts

[1 occurrence(s)]
DEBUG --> [REQ_ID=ee7b5f66acdb] [FILTER_BEFORE] /index.php/API/Alerts/fetchEmailAlerts

[1 occurrence(s)]
DEBUG --> [REQ_ID=ee7b5f66acdb] [ROUTE] Controller=\App\Modules\APIs\Controllers\AlertsAPIController Method=fetchEmailAlerts

[1 occurrence(s)]
DEBUG --> [REQ_ID=ee7b5f66acdb] [LIFECYCLE][START] GET https://mymiwallet.com/index.php/API/Alerts/fetchEmailAlerts

[1 occurrence(s)]
DEBUG --> [REQ_ID=ee7b5f66acdb] [REQUEST][END]

[1 occurrence(s)]
DEBUG --> [REQ_ID=e7132293f9cd] [REQUEST][START] GET /index.php/How-It-Works

[1 occurrence(s)]
DEBUG --> [REQ_ID=e7132293f9cd] [FILTER_BEFORE] /index.php/How-It-Works

[1 occurrence(s)]
DEBUG --> [REQ_ID=e7132293f9cd] [ROUTE] Controller=\App\Modules\Blog\Controllers\HowItWorksController Method=index

[1 occurrence(s)]
DEBUG --> [REQ_ID=e7132293f9cd] [LIFECYCLE][START] GET https://mymiwallet.com/index.php/How-It-Works

[1 occurrence(s)]
DEBUG --> [CSRF] token name=csrf_test_name hash=2e383b30bdd09c1e6a18ca62051a36a8

[1 occurrence(s)]
DEBUG --> [REQ_ID=2288cedb4fbb] [INIT] App\Modules\Blog\Controllers\HowItWorksController::GET

[1 occurrence(s)]
DEBUG --> [REQ_ID=2288cedb4fbb] [METHOD_ENTRY] index

[1 occurrence(s)]
DEBUG --> [HOW_IT_WORKS] slug=overview

[1 occurrence(s)]
DEBUG --> [REQ_ID=e7132293f9cd] [FILTER_AFTER]

[1 occurrence(s)]
DEBUG --> [REQ_ID=e7132293f9cd] [LIFECYCLE][END] status=200 duration_ms=708.53 memory_delta=4194304

[1 occurrence(s)]
DEBUG --> [REQ_ID=e7132293f9cd] [REQUEST][END]

[1 occurrence(s)]
DEBUG --> [REQ_ID=3c918e80c2f1] [REQUEST][START] GET /index.php/Management/API

[1 occurrence(s)]
DEBUG --> [REQ_ID=3c918e80c2f1] [FILTER_BEFORE] /index.php/Management/API

[1 occurrence(s)]
DEBUG --> [REQ_ID=3c918e80c2f1] [ROUTE] Controller=\App\Modules\Management\Controllers\APIAdminController Method=index

[1 occurrence(s)]
DEBUG --> [REQ_ID=3c918e80c2f1] [LIFECYCLE][START] GET https://mymiwallet.com/index.php/Management/API

[2 occurrence(s)]
DEBUG --> [CSRF] token name=csrf_test_name hash=7aa2baf5631d48209587c242c86e3670

[1 occurrence(s)]
DEBUG --> [REQ_ID=3c918e80c2f1] [REQUEST][END]

[1 occurrence(s)]
DEBUG --> [REQ_ID=5d588cfaff1e] [REQUEST][START] GET /index.php/login

[1 occurrence(s)]
DEBUG --> [REQ_ID=5d588cfaff1e] [FILTER_BEFORE] /index.php/login

[1 occurrence(s)]
DEBUG --> [REQ_ID=5d588cfaff1e] [ROUTE] Controller=\App\Controllers\AuthController Method=login

[1 occurrence(s)]
DEBUG --> [REQ_ID=5d588cfaff1e] [LIFECYCLE][START] GET https://mymiwallet.com/index.php/login

[1 occurrence(s)]
DEBUG --> [REQ_ID=17e5231abdf5] [INIT] App\Controllers\AuthController::GET

[1 occurrence(s)]
DEBUG --> [AUTH_LOGIN_VIEW_REDIRECT_URL] https://mymiwallet.com/index.php/Management/API

[1 occurrence(s)]
DEBUG --> [REQ_ID=5d588cfaff1e] [FILTER_AFTER]

[1 occurrence(s)]
DEBUG --> [REQ_ID=5d588cfaff1e] [LIFECYCLE][END] status=200 duration_ms=81.30 memory_delta=0

[1 occurrence(s)]
DEBUG --> [REQ_ID=5d588cfaff1e] [REQUEST][END]

[1 occurrence(s)]
DEBUG --> [REQ_ID=e103f6c82999] [REQUEST][START] GET /index.php/Knowledge-Base/Account-And-Billing

[1 occurrence(s)]
DEBUG --> [REQ_ID=e103f6c82999] [REQUEST][END]

[1 occurrence(s)]
DEBUG --> [REQ_ID=0015d103c2f6] [REQUEST][START] GET /.well-known/passkey-endpoints

[1 occurrence(s)]
DEBUG --> [REQ_ID=0015d103c2f6] [REQUEST][END]

[1 occurrence(s)]
DEBUG --> [REQ_ID=06b57ff9d609] [REQUEST][START] GET /

[1 occurrence(s)]
DEBUG --> [REQ_ID=06b57ff9d609] [FILTER_BEFORE] /

[1 occurrence(s)]
DEBUG --> [REQ_ID=06b57ff9d609] [ROUTE] Controller=\App\Controllers\Home Method=index

[1 occurrence(s)]
DEBUG --> [REQ_ID=06b57ff9d609] [LIFECYCLE][START] GET https://mymiwallet.com/index.php/

[1 occurrence(s)]
DEBUG --> [CSRF] token name=csrf_test_name hash=5c96c553e88712acac6cc6852c26cf25

[1 occurrence(s)]
DEBUG --> [REQ_ID=9c9c96f5245c] [INIT] App\Controllers\Home::GET

[1 occurrence(s)]
DEBUG --> [REQ_ID=9c9c96f5245c] [VIEW_RENDER] themes/public/home

[1 occurrence(s)]
DEBUG --> [REQ_ID=06b57ff9d609] [FILTER_AFTER]

[1 occurrence(s)]
DEBUG --> [REQ_ID=06b57ff9d609] [LIFECYCLE][END] status=200 duration_ms=674.71 memory_delta=4194304

[1 occurrence(s)]
DEBUG --> [REQ_ID=06b57ff9d609] [REQUEST][END]

[1 occurrence(s)]
DEBUG --> [REQ_ID=05f39693405f] [REQUEST][START] GET /

[1 occurrence(s)]
DEBUG --> [REQ_ID=05f39693405f] [REQUEST][END]

[1 occurrence(s)]
DEBUG --> [REQ_ID=8783bfeb3606] [REQUEST][START] GET /index.php/Management/Partners

[1 occurrence(s)]
DEBUG --> [REQ_ID=8783bfeb3606] [FILTER_BEFORE] /index.php/Management/Partners

[1 occurrence(s)]
DEBUG --> [REQ_ID=8783bfeb3606] [ROUTE] Controller=\App\Modules\Management\Controllers\PartnersController Method=index

[1 occurrence(s)]
DEBUG --> [REQ_ID=8783bfeb3606] [LIFECYCLE][START] GET https://mymiwallet.com/index.php/Management/Partners

[2 occurrence(s)]
DEBUG --> [CSRF] token name=csrf_test_name hash=4544a44cd022f4a2c4b1800487143c70

[1 occurrence(s)]
DEBUG --> [REQ_ID=8783bfeb3606] [REQUEST][END]

[1 occurrence(s)]
DEBUG --> [REQ_ID=473e73a91b84] [REQUEST][START] GET /index.php/login

[1 occurrence(s)]
DEBUG --> [REQ_ID=473e73a91b84] [FILTER_BEFORE] /index.php/login

[1 occurrence(s)]
DEBUG --> [REQ_ID=473e73a91b84] [ROUTE] Controller=\App\Controllers\AuthController Method=login

[1 occurrence(s)]
DEBUG --> [REQ_ID=473e73a91b84] [LIFECYCLE][START] GET https://mymiwallet.com/index.php/login

[1 occurrence(s)]
DEBUG --> [REQ_ID=b647cc8281df] [INIT] App\Controllers\AuthController::GET

[1 occurrence(s)]
DEBUG --> [AUTH_LOGIN_VIEW_REDIRECT_URL] https://mymiwallet.com/index.php/Management/Partners

[1 occurrence(s)]
DEBUG --> [REQ_ID=473e73a91b84] [FILTER_AFTER]

[1 occurrence(s)]
DEBUG --> [REQ_ID=473e73a91b84] [LIFECYCLE][END] status=200 duration_ms=76.36 memory_delta=2097152

[1 occurrence(s)]
DEBUG --> [REQ_ID=473e73a91b84] [REQUEST][END]

[1 occurrence(s)]
DEBUG --> [REQ_ID=f2685046c617] [REQUEST][START] GET /index.php/API/Management/Run-CRON-Tasks

[1 occurrence(s)]
DEBUG --> [REQ_ID=f2685046c617] [FILTER_BEFORE] /index.php/API/Management/Run-CRON-Tasks

[1 occurrence(s)]
DEBUG --> [REQ_ID=f2685046c617] [ROUTE] Controller=\App\Modules\APIs\Controllers\ManagementAPIController Method=Run_CRON_Tasks

[1 occurrence(s)]
DEBUG --> [REQ_ID=f2685046c617] [LIFECYCLE][START] GET https://mymiwallet.com/index.php/API/Management/Run-CRON-Tasks

[1 occurrence(s)]
DEBUG --> [REQ_ID=f2685046c617] [REQUEST][END]

[1 occurrence(s)]
DEBUG --> [REQ_ID=3bb4c1e60f69] [REQUEST][START] GET /index.php/API/Alerts/fetchEmailAlerts

[1 occurrence(s)]
DEBUG --> [REQ_ID=3bb4c1e60f69] [FILTER_BEFORE] /index.php/API/Alerts/fetchEmailAlerts

[1 occurrence(s)]
DEBUG --> [REQ_ID=3bb4c1e60f69] [ROUTE] Controller=\App\Modules\APIs\Controllers\AlertsAPIController Method=fetchEmailAlerts

[1 occurrence(s)]
DEBUG --> [REQ_ID=3bb4c1e60f69] [LIFECYCLE][START] GET https://mymiwallet.com/index.php/API/Alerts/fetchEmailAlerts

[1 occurrence(s)]
DEBUG --> [REQ_ID=3bb4c1e60f69] [REQUEST][END]

[1 occurrence(s)]
DEBUG --> [REQ_ID=7bccecf1183b] [REQUEST][START] GET /index.php/login

[1 occurrence(s)]
DEBUG --> [REQ_ID=7bccecf1183b] [FILTER_BEFORE] /index.php/login

[1 occurrence(s)]
DEBUG --> [REQ_ID=7bccecf1183b] [ROUTE] Controller=\App\Controllers\AuthController Method=login

[1 occurrence(s)]
DEBUG --> [REQ_ID=7bccecf1183b] [LIFECYCLE][START] GET https://mymiwallet.com/index.php/login

[1 occurrence(s)]
DEBUG --> [REQ_ID=c521cb4be6f0] [INIT] App\Controllers\AuthController::GET

[1 occurrence(s)]
DEBUG --> [REQ_ID=7bccecf1183b] [FILTER_AFTER]

[1 occurrence(s)]
DEBUG --> [REQ_ID=7bccecf1183b] [LIFECYCLE][END] status=200 duration_ms=203.88 memory_delta=0

[1 occurrence(s)]
DEBUG --> [REQ_ID=7bccecf1183b] [REQUEST][END]

[1 occurrence(s)]
DEBUG --> [REQ_ID=64a8707393b7] [REQUEST][START] GET /index.php/login

[1 occurrence(s)]
DEBUG --> [REQ_ID=64a8707393b7] [FILTER_BEFORE] /index.php/login

[1 occurrence(s)]
DEBUG --> [REQ_ID=64a8707393b7] [ROUTE] Controller=\App\Controllers\AuthController Method=login

[1 occurrence(s)]
DEBUG --> [REQ_ID=64a8707393b7] [LIFECYCLE][START] GET https://mymiwallet.com/index.php/login

[1 occurrence(s)]
DEBUG --> [REQ_ID=599cf69d3623] [INIT] App\Controllers\AuthController::GET

[1 occurrence(s)]
DEBUG --> [REQ_ID=64a8707393b7] [FILTER_AFTER]

[1 occurrence(s)]
DEBUG --> [REQ_ID=64a8707393b7] [LIFECYCLE][END] status=200 duration_ms=31.36 memory_delta=0

[1 occurrence(s)]
DEBUG --> [REQ_ID=64a8707393b7] [REQUEST][END]

[1 occurrence(s)]
DEBUG --> [REQ_ID=2922c62482d2] [REQUEST][START] GET /index.php/login

[1 occurrence(s)]
DEBUG --> [REQ_ID=2922c62482d2] [FILTER_BEFORE] /index.php/login

[1 occurrence(s)]
DEBUG --> [REQ_ID=2922c62482d2] [ROUTE] Controller=\App\Controllers\AuthController Method=login

[1 occurrence(s)]
DEBUG --> [REQ_ID=2922c62482d2] [LIFECYCLE][START] GET https://mymiwallet.com/index.php/login

[1 occurrence(s)]
DEBUG --> [REQ_ID=1ae5be5c573e] [INIT] App\Controllers\AuthController::GET

[1 occurrence(s)]
DEBUG --> [REQ_ID=2922c62482d2] [FILTER_AFTER]

[1 occurrence(s)]
DEBUG --> [REQ_ID=2922c62482d2] [LIFECYCLE][END] status=200 duration_ms=33.90 memory_delta=0

[1 occurrence(s)]
DEBUG --> [REQ_ID=2922c62482d2] [REQUEST][END]

[1 occurrence(s)]
DEBUG --> [REQ_ID=f6b54ee75029] [REQUEST][START] GET /index.php/login

[1 occurrence(s)]
DEBUG --> [REQ_ID=f6b54ee75029] [FILTER_BEFORE] /index.php/login

[1 occurrence(s)]
DEBUG --> [REQ_ID=f6b54ee75029] [ROUTE] Controller=\App\Controllers\AuthController Method=login

[1 occurrence(s)]
DEBUG --> [REQ_ID=f6b54ee75029] [LIFECYCLE][START] GET https://mymiwallet.com/index.php/login

[1 occurrence(s)]
DEBUG --> [REQ_ID=b599a610926c] [INIT] App\Controllers\AuthController::GET

[1 occurrence(s)]
DEBUG --> [REQ_ID=f6b54ee75029] [FILTER_AFTER]

[1 occurrence(s)]
DEBUG --> [REQ_ID=f6b54ee75029] [LIFECYCLE][END] status=200 duration_ms=30.43 memory_delta=0

[1 occurrence(s)]
DEBUG --> [REQ_ID=f6b54ee75029] [REQUEST][END]

[1 occurrence(s)]
DEBUG --> [REQ_ID=3b35c2a5d65b] [REQUEST][START] GET /index.php/Dashboard

[1 occurrence(s)]
DEBUG --> [REQ_ID=3b35c2a5d65b] [FILTER_BEFORE] /index.php/Dashboard

[1 occurrence(s)]
DEBUG --> [REQ_ID=3b35c2a5d65b] [ROUTE] Controller=\App\Modules\PropFirms\Controllers\PropFirmsController Method=index

[1 occurrence(s)]
DEBUG --> [REQ_ID=3b35c2a5d65b] [LIFECYCLE][START] GET https://mymiwallet.com/index.php/Dashboard

[1 occurrence(s)]
DEBUG --> [REQ_ID=3b35c2a5d65b] [REQUEST][END]

[1 occurrence(s)]
DEBUG --> [REQ_ID=b4ea690a04a3] [REQUEST][START] GET /index.php/login

[1 occurrence(s)]
DEBUG --> [REQ_ID=b4ea690a04a3] [FILTER_BEFORE] /index.php/login

[1 occurrence(s)]
DEBUG --> [REQ_ID=b4ea690a04a3] [ROUTE] Controller=\App\Controllers\AuthController Method=login

[1 occurrence(s)]
DEBUG --> [REQ_ID=b4ea690a04a3] [LIFECYCLE][START] GET https://mymiwallet.com/index.php/login

[1 occurrence(s)]
DEBUG --> [REQ_ID=2e4eb3cea0d2] [INIT] App\Controllers\AuthController::GET

[4 occurrence(s)]
DEBUG --> [AUTH_LOGIN_VIEW_REDIRECT_URL] https://mymiwallet.com/index.php/Dashboard

[1 occurrence(s)]
DEBUG --> [REQ_ID=b4ea690a04a3] [FILTER_AFTER]

[1 occurrence(s)]
DEBUG --> [REQ_ID=b4ea690a04a3] [LIFECYCLE][END] status=200 duration_ms=28.79 memory_delta=0

[1 occurrence(s)]
DEBUG --> [REQ_ID=b4ea690a04a3] [REQUEST][END]

[1 occurrence(s)]
DEBUG --> [REQ_ID=b37725dc631a] [REQUEST][START] GET /index.php/login

[1 occurrence(s)]
DEBUG --> [REQ_ID=b37725dc631a] [FILTER_BEFORE] /index.php/login

[1 occurrence(s)]
DEBUG --> [REQ_ID=b37725dc631a] [ROUTE] Controller=\App\Controllers\AuthController Method=login

[1 occurrence(s)]
DEBUG --> [REQ_ID=b37725dc631a] [LIFECYCLE][START] GET https://mymiwallet.com/index.php/login

[1 occurrence(s)]
DEBUG --> [REQ_ID=84cd24643690] [INIT] App\Controllers\AuthController::GET

[1 occurrence(s)]
DEBUG --> [REQ_ID=b37725dc631a] [FILTER_AFTER]

[1 occurrence(s)]
DEBUG --> [REQ_ID=b37725dc631a] [LIFECYCLE][END] status=200 duration_ms=27.61 memory_delta=0

[1 occurrence(s)]
DEBUG --> [REQ_ID=b37725dc631a] [REQUEST][END]

[1 occurrence(s)]
DEBUG --> [REQ_ID=d8ab6e31dc45] [REQUEST][START] GET /index.php/login

[1 occurrence(s)]
DEBUG --> [REQ_ID=d8ab6e31dc45] [FILTER_BEFORE] /index.php/login

[1 occurrence(s)]
DEBUG --> [REQ_ID=d8ab6e31dc45] [ROUTE] Controller=\App\Controllers\AuthController Method=login

[1 occurrence(s)]
DEBUG --> [REQ_ID=d8ab6e31dc45] [LIFECYCLE][START] GET https://mymiwallet.com/index.php/login

[1 occurrence(s)]
DEBUG --> [REQ_ID=53ab05e8ce11] [INIT] App\Controllers\AuthController::GET

[1 occurrence(s)]
DEBUG --> [REQ_ID=d8ab6e31dc45] [FILTER_AFTER]

[1 occurrence(s)]
DEBUG --> [REQ_ID=d8ab6e31dc45] [LIFECYCLE][END] status=200 duration_ms=30.81 memory_delta=0

[1 occurrence(s)]
DEBUG --> [REQ_ID=d8ab6e31dc45] [REQUEST][END]

[1 occurrence(s)]
DEBUG --> [REQ_ID=4d6b63c9efe7] [REQUEST][START] GET /index.php/login

[1 occurrence(s)]
DEBUG --> [REQ_ID=4d6b63c9efe7] [FILTER_BEFORE] /index.php/login

[1 occurrence(s)]
DEBUG --> [REQ_ID=4d6b63c9efe7] [ROUTE] Controller=\App\Controllers\AuthController Method=login

[1 occurrence(s)]
DEBUG --> [REQ_ID=4d6b63c9efe7] [LIFECYCLE][START] GET https://mymiwallet.com/index.php/login

[1 occurrence(s)]
DEBUG --> [REQ_ID=4288235023c6] [INIT] App\Controllers\AuthController::GET

[1 occurrence(s)]
DEBUG --> [REQ_ID=4d6b63c9efe7] [FILTER_AFTER]

[1 occurrence(s)]
DEBUG --> [REQ_ID=4d6b63c9efe7] [LIFECYCLE][END] status=200 duration_ms=126.66 memory_delta=0

[1 occurrence(s)]
DEBUG --> [REQ_ID=4d6b63c9efe7] [REQUEST][END]

[1 occurrence(s)]
DEBUG --> [REQ_ID=ec51c8a39d8a] [REQUEST][START] GET /index.php/Premium-Features/Due-Diligence-Database

[1 occurrence(s)]
DEBUG --> [REQ_ID=ec51c8a39d8a] [REQUEST][END]

[1 occurrence(s)]
DEBUG --> [REQ_ID=fec06d0792eb] [REQUEST][START] GET /Features/Brokerage-Integrations

[1 occurrence(s)]
DEBUG --> [REQ_ID=fec06d0792eb] [FILTER_BEFORE] /Features/Brokerage-Integrations

[1 occurrence(s)]
DEBUG --> [REQ_ID=fec06d0792eb] [ROUTE] Controller=\App\Modules\Advertise\Controllers\FeaturesController Method=BrokerageIntegrations

[1 occurrence(s)]
DEBUG --> [REQ_ID=fec06d0792eb] [LIFECYCLE][START] GET https://mymiwallet.com/index.php/Features/Brokerage-Integrations

[1 occurrence(s)]
DEBUG --> [CSRF] token name=csrf_test_name hash=3b4fc043fb062b3929ee010ea04b059e

[1 occurrence(s)]
DEBUG --> [REQ_ID=fec06d0792eb] [REQUEST][END]

[1 occurrence(s)]
DEBUG --> [REQ_ID=fc3b2be89332] [REQUEST][START] GET /index.php/login

[1 occurrence(s)]
DEBUG --> [REQ_ID=fc3b2be89332] [FILTER_BEFORE] /index.php/login

[1 occurrence(s)]
DEBUG --> [REQ_ID=fc3b2be89332] [ROUTE] Controller=\App\Controllers\AuthController Method=login

[1 occurrence(s)]
DEBUG --> [REQ_ID=fc3b2be89332] [LIFECYCLE][START] GET https://mymiwallet.com/index.php/login

[1 occurrence(s)]
DEBUG --> [CSRF] token name=csrf_test_name hash=f0988b424f3aa8577994dd281410d724

[1 occurrence(s)]
DEBUG --> [REQ_ID=1bfde094b3b6] [INIT] App\Controllers\AuthController::GET

[1 occurrence(s)]
DEBUG --> [REQ_ID=fc3b2be89332] [FILTER_AFTER]

[1 occurrence(s)]
DEBUG --> [REQ_ID=fc3b2be89332] [LIFECYCLE][END] status=200 duration_ms=128.91 memory_delta=0

[1 occurrence(s)]
DEBUG --> [REQ_ID=fc3b2be89332] [REQUEST][END]

[1 occurrence(s)]
DEBUG --> [REQ_ID=297617ef8d8d] [REQUEST][START] GET /

[1 occurrence(s)]
DEBUG --> [REQ_ID=297617ef8d8d] [FILTER_BEFORE] /

[1 occurrence(s)]
DEBUG --> [REQ_ID=297617ef8d8d] [ROUTE] Controller=\App\Controllers\Home Method=index

[1 occurrence(s)]
DEBUG --> [REQ_ID=297617ef8d8d] [LIFECYCLE][START] GET https://mymiwallet.com/index.php/

[1 occurrence(s)]
DEBUG --> [CSRF] token name=csrf_test_name hash=6213ab7cc829ac8d5bceab4856f07c10

[1 occurrence(s)]
DEBUG --> [REQ_ID=623b9ed10b11] [INIT] App\Controllers\Home::GET

[1 occurrence(s)]
DEBUG --> [REQ_ID=623b9ed10b11] [VIEW_RENDER] themes/public/home

[1 occurrence(s)]
DEBUG --> [REQ_ID=297617ef8d8d] [FILTER_AFTER]

[1 occurrence(s)]
DEBUG --> [REQ_ID=297617ef8d8d] [LIFECYCLE][END] status=200 duration_ms=631.27 memory_delta=4194304

[1 occurrence(s)]
DEBUG --> [REQ_ID=297617ef8d8d] [REQUEST][END]

[1 occurrence(s)]
DEBUG --> [REQ_ID=45732f9f358d] [REQUEST][START] GET /

[1 occurrence(s)]
DEBUG --> [REQ_ID=45732f9f358d] [FILTER_BEFORE] /

[1 occurrence(s)]
DEBUG --> [REQ_ID=45732f9f358d] [ROUTE] Controller=\App\Controllers\Home Method=index

[1 occurrence(s)]
DEBUG --> [REQ_ID=45732f9f358d] [LIFECYCLE][START] GET https://mymiwallet.com/index.php/

[1 occurrence(s)]
DEBUG --> [CSRF] token name=csrf_test_name hash=ab05504f097eeb00ef51b6cfa723c164

[1 occurrence(s)]
DEBUG --> [REQ_ID=a68f9b132414] [INIT] App\Controllers\Home::GET

[1 occurrence(s)]
DEBUG --> [REQ_ID=a68f9b132414] [VIEW_RENDER] themes/public/home

[1 occurrence(s)]
DEBUG --> [REQ_ID=45732f9f358d] [FILTER_AFTER]

[1 occurrence(s)]
DEBUG --> [REQ_ID=45732f9f358d] [LIFECYCLE][END] status=200 duration_ms=546.52 memory_delta=2097152

[1 occurrence(s)]
DEBUG --> [REQ_ID=45732f9f358d] [REQUEST][END]

[1 occurrence(s)]
DEBUG --> [REQ_ID=bce551bf9dd9] [REQUEST][START] GET /.env.production

[1 occurrence(s)]
DEBUG --> [REQ_ID=bce551bf9dd9] [FILTER_BEFORE] /.env.production

[1 occurrence(s)]
DEBUG --> [REQ_ID=bce551bf9dd9] [ROUTE] Controller=\App\Modules\PropFirms\Controllers\PropFirmsController Method=index

[1 occurrence(s)]
DEBUG --> [REQ_ID=bce551bf9dd9] [LIFECYCLE][START] GET https://mymiwallet.com/index.php/.env.production

[1 occurrence(s)]
DEBUG --> [CSRF] token name=csrf_test_name hash=068bcd8afabf27e087e2111b3122935e

[1 occurrence(s)]
DEBUG --> [REQ_ID=bce551bf9dd9] [REQUEST][END]

[1 occurrence(s)]
DEBUG --> [REQ_ID=83b6ecaa7b8e] [REQUEST][START] GET /.cursor/mcp.json

[1 occurrence(s)]
DEBUG --> [REQ_ID=83b6ecaa7b8e] [REQUEST][END]

[1 occurrence(s)]
DEBUG --> [REQ_ID=70ebf6697ca1] [REQUEST][START] GET /index.php/login

[1 occurrence(s)]
DEBUG --> [REQ_ID=70ebf6697ca1] [FILTER_BEFORE] /index.php/login

[1 occurrence(s)]
DEBUG --> [REQ_ID=70ebf6697ca1] [ROUTE] Controller=\App\Controllers\AuthController Method=login

[1 occurrence(s)]
DEBUG --> [REQ_ID=70ebf6697ca1] [LIFECYCLE][START] GET https://mymiwallet.com/index.php/login

[1 occurrence(s)]
DEBUG --> [CSRF] token name=csrf_test_name hash=e4fa1848913732f6536af277024efa7d

[1 occurrence(s)]
DEBUG --> [REQ_ID=217eb86f029f] [INIT] App\Controllers\AuthController::GET

[1 occurrence(s)]
DEBUG --> [REQ_ID=70ebf6697ca1] [FILTER_AFTER]

[1 occurrence(s)]
DEBUG --> [REQ_ID=70ebf6697ca1] [LIFECYCLE][END] status=200 duration_ms=30.64 memory_delta=0

[1 occurrence(s)]
DEBUG --> [REQ_ID=70ebf6697ca1] [REQUEST][END]

[1 occurrence(s)]
DEBUG --> [REQ_ID=8a5834302487] [REQUEST][START] GET /.env.backup

[1 occurrence(s)]
DEBUG --> [REQ_ID=8a5834302487] [FILTER_BEFORE] /.env.backup

[1 occurrence(s)]
DEBUG --> [REQ_ID=8a5834302487] [ROUTE] Controller=\App\Modules\PropFirms\Controllers\PropFirmsController Method=index

[1 occurrence(s)]
DEBUG --> [REQ_ID=8a5834302487] [LIFECYCLE][START] GET https://mymiwallet.com/index.php/.env.backup

[1 occurrence(s)]
DEBUG --> [CSRF] token name=csrf_test_name hash=c61beb55687862dc0f89dfb3bc0eaaa1

[1 occurrence(s)]
DEBUG --> [REQ_ID=8a5834302487] [REQUEST][END]

[1 occurrence(s)]
DEBUG --> [REQ_ID=96e60b5559a1] [REQUEST][START] GET /credentials.json

[1 occurrence(s)]
DEBUG --> [REQ_ID=96e60b5559a1] [FILTER_BEFORE] /credentials.json

[1 occurrence(s)]
DEBUG --> [REQ_ID=96e60b5559a1] [ROUTE] Controller=\App\Modules\PropFirms\Controllers\PropFirmsController Method=index

[1 occurrence(s)]
DEBUG --> [REQ_ID=96e60b5559a1] [LIFECYCLE][START] GET https://mymiwallet.com/index.php/credentials.json

[1 occurrence(s)]
DEBUG --> [CSRF] token name=csrf_test_name hash=9619411cca85f6a73c8fbcf735e67a53

[1 occurrence(s)]
DEBUG --> [REQ_ID=96e60b5559a1] [REQUEST][END]

[1 occurrence(s)]
DEBUG --> [REQ_ID=861729915378] [REQUEST][START] GET /index.php/login

[1 occurrence(s)]
DEBUG --> [REQ_ID=861729915378] [FILTER_BEFORE] /index.php/login

[1 occurrence(s)]
DEBUG --> [REQ_ID=861729915378] [ROUTE] Controller=\App\Controllers\AuthController Method=login

[1 occurrence(s)]
DEBUG --> [REQ_ID=861729915378] [LIFECYCLE][START] GET https://mymiwallet.com/index.php/login

[1 occurrence(s)]
DEBUG --> [CSRF] token name=csrf_test_name hash=0815229f2f1ca0b5ecd652bb5f6a8ae0

[1 occurrence(s)]
DEBUG --> [REQ_ID=7f549999b355] [INIT] App\Controllers\AuthController::GET

[1 occurrence(s)]
DEBUG --> [REQ_ID=861729915378] [FILTER_AFTER]

[1 occurrence(s)]
DEBUG --> [REQ_ID=861729915378] [LIFECYCLE][END] status=200 duration_ms=67.80 memory_delta=0

[1 occurrence(s)]
DEBUG --> [REQ_ID=861729915378] [REQUEST][END]

[1 occurrence(s)]
DEBUG --> [REQ_ID=0d58da44587c] [REQUEST][START] GET /api/.env

[1 occurrence(s)]
DEBUG --> [REQ_ID=844027d074ef] [REQUEST][START] GET /backend/.env

[1 occurrence(s)]
DEBUG --> [REQ_ID=d76264c52194] [REQUEST][START] GET /laravel/.env

[1 occurrence(s)]
DEBUG --> [REQ_ID=8dc5c7bc94c0] [REQUEST][START] GET /secrets.json

[1 occurrence(s)]
DEBUG --> [REQ_ID=a7696655e119] [REQUEST][START] GET /.env

[1 occurrence(s)]
DEBUG --> [REQ_ID=bbeee46e92a5] [REQUEST][START] GET /.openai/config.json

[1 occurrence(s)]
DEBUG --> [REQ_ID=2bd797c2aaae] [REQUEST][START] GET /.env.local

[1 occurrence(s)]
DEBUG --> [REQ_ID=ca95664c3968] [REQUEST][START] GET /.env.bak

[1 occurrence(s)]
DEBUG --> [REQ_ID=dead66895f0f] [REQUEST][START] GET /app/.env

[1 occurrence(s)]
DEBUG --> [REQ_ID=cf331bad9fad] [REQUEST][START] GET /.anthropic/config.json

[1 occurrence(s)]
DEBUG --> [REQ_ID=8dc5c7bc94c0] [FILTER_BEFORE] /secrets.json

[1 occurrence(s)]
DEBUG --> [REQ_ID=8dc5c7bc94c0] [ROUTE] Controller=\App\Modules\PropFirms\Controllers\PropFirmsController Method=index

[1 occurrence(s)]
DEBUG --> [REQ_ID=8dc5c7bc94c0] [LIFECYCLE][START] GET https://mymiwallet.com/index.php/secrets.json

[1 occurrence(s)]
DEBUG --> [REQ_ID=0d58da44587c] [REQUEST][END]

[1 occurrence(s)]
DEBUG --> [CSRF] token name=csrf_test_name hash=8149fc68e4ed1a897d3cbe1d7a88d502

[1 occurrence(s)]
DEBUG --> [REQ_ID=8dc5c7bc94c0] [REQUEST][END]

[1 occurrence(s)]
DEBUG --> [REQ_ID=a7696655e119] [FILTER_BEFORE] /.env

[1 occurrence(s)]
DEBUG --> [REQ_ID=a7696655e119] [ROUTE] Controller=\App\Modules\PropFirms\Controllers\PropFirmsController Method=index

[1 occurrence(s)]
DEBUG --> [REQ_ID=a7696655e119] [LIFECYCLE][START] GET https://mymiwallet.com/index.php/.env

[1 occurrence(s)]
DEBUG --> [REQ_ID=844027d074ef] [REQUEST][END]

[1 occurrence(s)]
DEBUG --> [REQ_ID=ca95664c3968] [FILTER_BEFORE] /.env.bak

[1 occurrence(s)]
DEBUG --> [REQ_ID=ca95664c3968] [ROUTE] Controller=\App\Modules\PropFirms\Controllers\PropFirmsController Method=index

[1 occurrence(s)]
DEBUG --> [REQ_ID=ca95664c3968] [LIFECYCLE][START] GET https://mymiwallet.com/index.php/.env.bak

[1 occurrence(s)]
DEBUG --> [REQ_ID=2bd797c2aaae] [FILTER_BEFORE] /.env.local

[1 occurrence(s)]
DEBUG --> [REQ_ID=2bd797c2aaae] [ROUTE] Controller=\App\Modules\PropFirms\Controllers\PropFirmsController Method=index

[1 occurrence(s)]
DEBUG --> [REQ_ID=2bd797c2aaae] [LIFECYCLE][START] GET https://mymiwallet.com/index.php/.env.local

[1 occurrence(s)]
DEBUG --> [REQ_ID=d76264c52194] [REQUEST][END]

[1 occurrence(s)]
DEBUG --> [CSRF] token name=csrf_test_name hash=9406354db7786badb023afec4ec7d8bb

[1 occurrence(s)]
DEBUG --> [CSRF] token name=csrf_test_name hash=3a51027695b5864d7e125cd1be46daea

[1 occurrence(s)]
DEBUG --> [REQ_ID=bbeee46e92a5] [REQUEST][END]

[1 occurrence(s)]
DEBUG --> [REQ_ID=ca95664c3968] [REQUEST][END]

[1 occurrence(s)]
DEBUG --> [REQ_ID=a7696655e119] [REQUEST][END]

[1 occurrence(s)]
DEBUG --> [CSRF] token name=csrf_test_name hash=4b87bfa7d116010c10d465b22d07ebba

[1 occurrence(s)]
DEBUG --> [REQ_ID=2bd797c2aaae] [REQUEST][END]

[1 occurrence(s)]
DEBUG --> [REQ_ID=378a4cbc0b6f] [REQUEST][START] GET /config.json

[1 occurrence(s)]
DEBUG --> [REQ_ID=7b31a09d8dac] [REQUEST][START] GET /.aws/credentials

[1 occurrence(s)]
DEBUG --> [REQ_ID=378a4cbc0b6f] [FILTER_BEFORE] /config.json

[1 occurrence(s)]
DEBUG --> [REQ_ID=378a4cbc0b6f] [ROUTE] Controller=\App\Modules\PropFirms\Controllers\PropFirmsController Method=index

[1 occurrence(s)]
DEBUG --> [REQ_ID=378a4cbc0b6f] [LIFECYCLE][START] GET https://mymiwallet.com/index.php/config.json

[1 occurrence(s)]
DEBUG --> [CSRF] token name=csrf_test_name hash=ebce06ade46700f7b5e66ead9c17e44b

[1 occurrence(s)]
DEBUG --> [REQ_ID=378a4cbc0b6f] [REQUEST][END]

[1 occurrence(s)]
DEBUG --> [REQ_ID=dead66895f0f] [REQUEST][END]

[1 occurrence(s)]
DEBUG --> [REQ_ID=98a056b9be80] [REQUEST][START] GET /serviceAccountKey.json

[1 occurrence(s)]
DEBUG --> [REQ_ID=cf331bad9fad] [REQUEST][END]

[1 occurrence(s)]
DEBUG --> [REQ_ID=98a056b9be80] [FILTER_BEFORE] /serviceAccountKey.json

[1 occurrence(s)]
DEBUG --> [REQ_ID=98a056b9be80] [ROUTE] Controller=\App\Modules\PropFirms\Controllers\PropFirmsController Method=index

[1 occurrence(s)]
DEBUG --> [REQ_ID=98a056b9be80] [LIFECYCLE][START] GET https://mymiwallet.com/index.php/serviceAccountKey.json

[1 occurrence(s)]
DEBUG --> [CSRF] token name=csrf_test_name hash=50fda7ce48af9250216f7d272c8720eb

[1 occurrence(s)]
DEBUG --> [REQ_ID=98a056b9be80] [REQUEST][END]

[1 occurrence(s)]
DEBUG --> [REQ_ID=7b31a09d8dac] [REQUEST][END]

[1 occurrence(s)]
DEBUG --> [REQ_ID=db097cf35a0f] [REQUEST][START] GET /index.php/login

[1 occurrence(s)]
DEBUG --> [REQ_ID=db097cf35a0f] [FILTER_BEFORE] /index.php/login

[1 occurrence(s)]
DEBUG --> [REQ_ID=db097cf35a0f] [ROUTE] Controller=\App\Controllers\AuthController Method=login

[1 occurrence(s)]
DEBUG --> [REQ_ID=db097cf35a0f] [LIFECYCLE][START] GET https://mymiwallet.com/index.php/login

[1 occurrence(s)]
DEBUG --> [CSRF] token name=csrf_test_name hash=f955ece3e9f29bca821a15f44fd91bb0

[1 occurrence(s)]
DEBUG --> [REQ_ID=ad51312705ad] [INIT] App\Controllers\AuthController::GET

[1 occurrence(s)]
DEBUG --> [REQ_ID=db097cf35a0f] [FILTER_AFTER]

[1 occurrence(s)]
DEBUG --> [REQ_ID=db097cf35a0f] [LIFECYCLE][END] status=200 duration_ms=35.10 memory_delta=0

[1 occurrence(s)]
DEBUG --> [REQ_ID=db097cf35a0f] [REQUEST][END]

[1 occurrence(s)]
DEBUG --> [REQ_ID=0ef04ad82cba] [REQUEST][START] GET /index.php/login

[1 occurrence(s)]
DEBUG --> [REQ_ID=0ef04ad82cba] [FILTER_BEFORE] /index.php/login

[1 occurrence(s)]
DEBUG --> [REQ_ID=0ef04ad82cba] [ROUTE] Controller=\App\Controllers\AuthController Method=login

[1 occurrence(s)]
DEBUG --> [REQ_ID=0ef04ad82cba] [LIFECYCLE][START] GET https://mymiwallet.com/index.php/login

[1 occurrence(s)]
DEBUG --> [CSRF] token name=csrf_test_name hash=0eec44285fe4d45cc19f89dae4d8c47b

[1 occurrence(s)]
DEBUG --> [REQ_ID=4c86e65345d1] [INIT] App\Controllers\AuthController::GET

[1 occurrence(s)]
DEBUG --> [REQ_ID=0ef04ad82cba] [FILTER_AFTER]

[1 occurrence(s)]
DEBUG --> [REQ_ID=0ef04ad82cba] [LIFECYCLE][END] status=200 duration_ms=39.96 memory_delta=0

[1 occurrence(s)]
DEBUG --> [REQ_ID=0ef04ad82cba] [REQUEST][END]

[1 occurrence(s)]
DEBUG --> [REQ_ID=a67d8ddd943d] [REQUEST][START] GET /index.php/login

[1 occurrence(s)]
DEBUG --> [REQ_ID=a67d8ddd943d] [FILTER_BEFORE] /index.php/login

[1 occurrence(s)]
DEBUG --> [REQ_ID=a67d8ddd943d] [ROUTE] Controller=\App\Controllers\AuthController Method=login

[1 occurrence(s)]
DEBUG --> [REQ_ID=a67d8ddd943d] [LIFECYCLE][START] GET https://mymiwallet.com/index.php/login

[1 occurrence(s)]
DEBUG --> [CSRF] token name=csrf_test_name hash=6d832c05623d51a83de5445e87542126

[1 occurrence(s)]
DEBUG --> [REQ_ID=53a6f90b316a] [INIT] App\Controllers\AuthController::GET

[1 occurrence(s)]
DEBUG --> [REQ_ID=a67d8ddd943d] [FILTER_AFTER]

[1 occurrence(s)]
DEBUG --> [REQ_ID=a67d8ddd943d] [LIFECYCLE][END] status=200 duration_ms=24.53 memory_delta=0

[1 occurrence(s)]
DEBUG --> [REQ_ID=a67d8ddd943d] [REQUEST][END]

[1 occurrence(s)]
DEBUG --> [REQ_ID=15f2d8cb96bb] [REQUEST][START] GET /index.php/login

[1 occurrence(s)]
DEBUG --> [REQ_ID=0c284bf73fb7] [REQUEST][START] GET /index.php/login

[1 occurrence(s)]
DEBUG --> [REQ_ID=197ec3ac4cf7] [REQUEST][START] GET /index.php/login

[1 occurrence(s)]
DEBUG --> [REQ_ID=a51f87b6d408] [REQUEST][START] GET /index.php/login

[1 occurrence(s)]
DEBUG --> [REQ_ID=15f2d8cb96bb] [FILTER_BEFORE] /index.php/login

[1 occurrence(s)]
DEBUG --> [REQ_ID=15f2d8cb96bb] [ROUTE] Controller=\App\Controllers\AuthController Method=login

[1 occurrence(s)]
DEBUG --> [REQ_ID=15f2d8cb96bb] [LIFECYCLE][START] GET https://mymiwallet.com/index.php/login

[1 occurrence(s)]
DEBUG --> [CSRF] token name=csrf_test_name hash=8b5fcae861fc8d2bd2bce84cb25fdaa8

[1 occurrence(s)]
DEBUG --> [REQ_ID=37faabb54e5a] [INIT] App\Controllers\AuthController::GET

[1 occurrence(s)]
DEBUG --> [REQ_ID=a51f87b6d408] [FILTER_BEFORE] /index.php/login

[1 occurrence(s)]
DEBUG --> [REQ_ID=a51f87b6d408] [ROUTE] Controller=\App\Controllers\AuthController Method=login

[1 occurrence(s)]
DEBUG --> [REQ_ID=a51f87b6d408] [LIFECYCLE][START] GET https://mymiwallet.com/index.php/login

[1 occurrence(s)]
DEBUG --> [CSRF] token name=csrf_test_name hash=c553c072e4e615bea0c619bbac4772bb

[1 occurrence(s)]
DEBUG --> [REQ_ID=9926a632ca84] [INIT] App\Controllers\AuthController::GET

[1 occurrence(s)]
DEBUG --> [REQ_ID=197ec3ac4cf7] [FILTER_BEFORE] /index.php/login

[1 occurrence(s)]
DEBUG --> [REQ_ID=197ec3ac4cf7] [ROUTE] Controller=\App\Controllers\AuthController Method=login

[1 occurrence(s)]
DEBUG --> [REQ_ID=197ec3ac4cf7] [LIFECYCLE][START] GET https://mymiwallet.com/index.php/login

[1 occurrence(s)]
DEBUG --> [CSRF] token name=csrf_test_name hash=f65ca5421a4eb491872162a2284347a1

[1 occurrence(s)]
DEBUG --> [REQ_ID=15f2d8cb96bb] [FILTER_AFTER]

[1 occurrence(s)]
DEBUG --> [REQ_ID=15f2d8cb96bb] [LIFECYCLE][END] status=200 duration_ms=47.10 memory_delta=0

[1 occurrence(s)]
DEBUG --> [REQ_ID=a5cb68fca774] [INIT] App\Controllers\AuthController::GET

[1 occurrence(s)]
DEBUG --> [REQ_ID=0c284bf73fb7] [FILTER_BEFORE] /index.php/login

[1 occurrence(s)]
DEBUG --> [REQ_ID=0c284bf73fb7] [ROUTE] Controller=\App\Controllers\AuthController Method=login

[1 occurrence(s)]
DEBUG --> [REQ_ID=0c284bf73fb7] [LIFECYCLE][START] GET https://mymiwallet.com/index.php/login

[1 occurrence(s)]
DEBUG --> [REQ_ID=15f2d8cb96bb] [REQUEST][END]

[1 occurrence(s)]
DEBUG --> [CSRF] token name=csrf_test_name hash=fa5ac833129328b8879630ad2fd6aa30

[1 occurrence(s)]
DEBUG --> [REQ_ID=cde160294438] [INIT] App\Controllers\AuthController::GET

[1 occurrence(s)]
DEBUG --> [REQ_ID=a51f87b6d408] [FILTER_AFTER]

[1 occurrence(s)]
DEBUG --> [REQ_ID=a51f87b6d408] [LIFECYCLE][END] status=200 duration_ms=36.43 memory_delta=0

[1 occurrence(s)]
DEBUG --> [REQ_ID=a51f87b6d408] [REQUEST][END]

[1 occurrence(s)]
DEBUG --> [REQ_ID=197ec3ac4cf7] [FILTER_AFTER]

[1 occurrence(s)]
DEBUG --> [REQ_ID=197ec3ac4cf7] [LIFECYCLE][END] status=200 duration_ms=39.09 memory_delta=0

[1 occurrence(s)]
DEBUG --> [REQ_ID=197ec3ac4cf7] [REQUEST][END]

[1 occurrence(s)]
DEBUG --> [REQ_ID=0c284bf73fb7] [FILTER_AFTER]

[1 occurrence(s)]
DEBUG --> [REQ_ID=0c284bf73fb7] [LIFECYCLE][END] status=200 duration_ms=44.63 memory_delta=0

[1 occurrence(s)]
DEBUG --> [REQ_ID=0c284bf73fb7] [REQUEST][END]

[1 occurrence(s)]
DEBUG --> [REQ_ID=66431bd913be] [REQUEST][START] GET /

[1 occurrence(s)]
DEBUG --> [REQ_ID=66431bd913be] [FILTER_BEFORE] /

[1 occurrence(s)]
DEBUG --> [REQ_ID=66431bd913be] [ROUTE] Controller=\App\Controllers\Home Method=index

[1 occurrence(s)]
DEBUG --> [REQ_ID=66431bd913be] [LIFECYCLE][START] GET https://mymiwallet.com/index.php/

[1 occurrence(s)]
DEBUG --> [CSRF] token name=csrf_test_name hash=5fa901a75a5b1d2ef585258c35c1ecd0

[1 occurrence(s)]
DEBUG --> [REQ_ID=b4058b8544d3] [INIT] App\Controllers\Home::GET

[1 occurrence(s)]
DEBUG --> [REQ_ID=b4058b8544d3] [VIEW_RENDER] themes/public/home

[1 occurrence(s)]
DEBUG --> [REQ_ID=66431bd913be] [FILTER_AFTER]

[1 occurrence(s)]
DEBUG --> [REQ_ID=66431bd913be] [LIFECYCLE][END] status=200 duration_ms=501.61 memory_delta=4194304

[1 occurrence(s)]
DEBUG --> [REQ_ID=66431bd913be] [REQUEST][END]

[1 occurrence(s)]
DEBUG --> [REQ_ID=fe26ffb4e884] [REQUEST][START] GET /index.php/Preview/Alert/IMNN

[1 occurrence(s)]
DEBUG --> [REQ_ID=fe26ffb4e884] [FILTER_BEFORE] /index.php/Preview/Alert/IMNN

[1 occurrence(s)]
DEBUG --> [REQ_ID=fe26ffb4e884] [ROUTE] Controller=\App\Modules\User\Controllers\AlertsController Method=preview

[1 occurrence(s)]
DEBUG --> [REQ_ID=fe26ffb4e884] [LIFECYCLE][START] GET https://mymiwallet.com/index.php/Preview/Alert/IMNN

[1 occurrence(s)]
DEBUG --> [CSRF] token name=csrf_test_name hash=2534c867e8a8f5373c8a9e5ff8308295

[1 occurrence(s)]
DEBUG --> [REQ_ID=00ae2433a9ce] [INIT] App\Modules\User\Controllers\AlertsController::GET

[1 occurrence(s)]
DEBUG --> [REQ_ID=00ae2433a9ce] [METHOD_ENTRY] preview

[2 occurrence(s)]
DEBUG --> MyMIInvestments: no session user detected; skipping personalized hydration.

[1 occurrence(s)]
DEBUG --> MyMIMarketing: Pscrape library not installed; Google search scraping will use fallback.

[2 occurrence(s)]
DEBUG --> MyMIAlerts: no authenticated user context detected.

[1 occurrence(s)]
DEBUG --> [REQ_ID=00ae2433a9ce] [VIEW_RENDER] themes/public/previewAlert

[1 occurrence(s)]
DEBUG --> [REQ_ID=fe26ffb4e884] [FILTER_AFTER]

[1 occurrence(s)]
DEBUG --> [REQ_ID=fe26ffb4e884] [LIFECYCLE][END] status=200 duration_ms=833.75 memory_delta=2097152

[1 occurrence(s)]
DEBUG --> [REQ_ID=fe26ffb4e884] [REQUEST][END]

[1 occurrence(s)]
DEBUG --> [REQ_ID=fe2c28b96035] [REQUEST][START] GET /index.php/MyMI-Gold/Goals/Daily

[1 occurrence(s)]
DEBUG --> [REQ_ID=fe2c28b96035] [FILTER_BEFORE] /index.php/MyMI-Gold/Goals/Daily

[1 occurrence(s)]
DEBUG --> [REQ_ID=fe2c28b96035] [ROUTE] Controller=\App\Modules\User\Controllers\DashboardController Method=goals

[1 occurrence(s)]
DEBUG --> [REQ_ID=fe2c28b96035] [LIFECYCLE][START] GET https://mymiwallet.com/index.php/MyMI-Gold/Goals/Daily

[2 occurrence(s)]
DEBUG --> [CSRF] token name=csrf_test_name hash=c41379ea83738244acaabb07d1d3b9a8

[1 occurrence(s)]
DEBUG --> [REQ_ID=fe2c28b96035] [REQUEST][END]

[1 occurrence(s)]
DEBUG --> [REQ_ID=824c1232f382] [REQUEST][START] GET /index.php/login

[1 occurrence(s)]
DEBUG --> [REQ_ID=824c1232f382] [FILTER_BEFORE] /index.php/login

[1 occurrence(s)]
DEBUG --> [REQ_ID=824c1232f382] [ROUTE] Controller=\App\Controllers\AuthController Method=login

[1 occurrence(s)]
DEBUG --> [REQ_ID=824c1232f382] [LIFECYCLE][START] GET https://mymiwallet.com/index.php/login

[1 occurrence(s)]
DEBUG --> [REQ_ID=ec903cfad893] [INIT] App\Controllers\AuthController::GET

[1 occurrence(s)]
DEBUG --> [AUTH_LOGIN_VIEW_REDIRECT_URL] https://mymiwallet.com/index.php/MyMI-Gold/Goals/Daily

[1 occurrence(s)]
DEBUG --> [REQ_ID=824c1232f382] [FILTER_AFTER]

[1 occurrence(s)]
DEBUG --> [REQ_ID=824c1232f382] [LIFECYCLE][END] status=200 duration_ms=232.56 memory_delta=0

[1 occurrence(s)]
DEBUG --> [REQ_ID=824c1232f382] [REQUEST][END]

[1 occurrence(s)]
DEBUG --> [REQ_ID=76c8ab31be9b] [REQUEST][START] GET /

[1 occurrence(s)]
DEBUG --> [REQ_ID=76c8ab31be9b] [FILTER_BEFORE] /

[1 occurrence(s)]
DEBUG --> [REQ_ID=76c8ab31be9b] [ROUTE] Controller=\App\Controllers\Home Method=index

[1 occurrence(s)]
DEBUG --> [REQ_ID=76c8ab31be9b] [LIFECYCLE][START] GET https://mymiwallet.com/index.php/

[1 occurrence(s)]
DEBUG --> [CSRF] token name=csrf_test_name hash=52c12d144a438194a421311a45de8d93

[1 occurrence(s)]
DEBUG --> [REQ_ID=032f4f40f8f6] [INIT] App\Controllers\Home::GET

[1 occurrence(s)]
DEBUG --> [REQ_ID=032f4f40f8f6] [VIEW_RENDER] themes/public/home

[1 occurrence(s)]
DEBUG --> [REQ_ID=76c8ab31be9b] [FILTER_AFTER]

[1 occurrence(s)]
DEBUG --> [REQ_ID=76c8ab31be9b] [LIFECYCLE][END] status=200 duration_ms=663.14 memory_delta=4194304

[1 occurrence(s)]
DEBUG --> [REQ_ID=76c8ab31be9b] [REQUEST][END]

[1 occurrence(s)]
DEBUG --> [REQ_ID=cf5bd9509d8f] [REQUEST][START] GET /index.php/Management/Exchange

[1 occurrence(s)]
DEBUG --> [REQ_ID=cf5bd9509d8f] [FILTER_BEFORE] /index.php/Management/Exchange

[1 occurrence(s)]
DEBUG --> [REQ_ID=cf5bd9509d8f] [ROUTE] Controller=\App\Modules\Management\Controllers\ExchangeAdminController Method=index

[1 occurrence(s)]
DEBUG --> [REQ_ID=cf5bd9509d8f] [LIFECYCLE][START] GET https://mymiwallet.com/index.php/Management/Exchange

[2 occurrence(s)]
DEBUG --> [CSRF] token name=csrf_test_name hash=d756118262186ab282cf4d52fee84ea9

[1 occurrence(s)]
DEBUG --> [REQ_ID=cf5bd9509d8f] [REQUEST][END]

[1 occurrence(s)]
DEBUG --> [REQ_ID=3b59e2ef699b] [REQUEST][START] GET /index.php/login

[1 occurrence(s)]
DEBUG --> [REQ_ID=3b59e2ef699b] [FILTER_BEFORE] /index.php/login

[1 occurrence(s)]
DEBUG --> [REQ_ID=3b59e2ef699b] [ROUTE] Controller=\App\Controllers\AuthController Method=login

[1 occurrence(s)]
DEBUG --> [REQ_ID=3b59e2ef699b] [LIFECYCLE][START] GET https://mymiwallet.com/index.php/login

[1 occurrence(s)]
DEBUG --> [REQ_ID=556fc6871cea] [INIT] App\Controllers\AuthController::GET

[1 occurrence(s)]
DEBUG --> [AUTH_LOGIN_VIEW_REDIRECT_URL] https://mymiwallet.com/index.php/Management/Exchange

[1 occurrence(s)]
DEBUG --> [REQ_ID=3b59e2ef699b] [FILTER_AFTER]

[1 occurrence(s)]
DEBUG --> [REQ_ID=3b59e2ef699b] [LIFECYCLE][END] status=200 duration_ms=161.49 memory_delta=0

[1 occurrence(s)]
DEBUG --> [REQ_ID=3b59e2ef699b] [REQUEST][END]

[1 occurrence(s)]
DEBUG --> [REQ_ID=fa767472b1d0] [REQUEST][START] GET /

[1 occurrence(s)]
DEBUG --> [REQ_ID=fa767472b1d0] [FILTER_BEFORE] /

[1 occurrence(s)]
DEBUG --> [REQ_ID=fa767472b1d0] [ROUTE] Controller=\App\Controllers\Home Method=index

[1 occurrence(s)]
DEBUG --> [REQ_ID=fa767472b1d0] [LIFECYCLE][START] GET https://mymiwallet.com/index.php/

[1 occurrence(s)]
DEBUG --> [CSRF] token name=csrf_test_name hash=cc2972a85a91319b0ced2c4b1c78f7a7

[1 occurrence(s)]
DEBUG --> [REQ_ID=6060381757db] [INIT] App\Controllers\Home::GET

[1 occurrence(s)]
DEBUG --> [REQ_ID=6060381757db] [VIEW_RENDER] themes/public/home

[1 occurrence(s)]
DEBUG --> [REQ_ID=fa767472b1d0] [FILTER_AFTER]

[1 occurrence(s)]
DEBUG --> [REQ_ID=fa767472b1d0] [LIFECYCLE][END] status=200 duration_ms=603.92 memory_delta=4194304

[1 occurrence(s)]
DEBUG --> [REQ_ID=fa767472b1d0] [REQUEST][END]

[1 occurrence(s)]
DEBUG --> [REQ_ID=a31a5fadc426] [REQUEST][START] GET /

[1 occurrence(s)]
DEBUG --> [REQ_ID=a31a5fadc426] [FILTER_BEFORE] /

[1 occurrence(s)]
DEBUG --> [REQ_ID=a31a5fadc426] [ROUTE] Controller=\App\Controllers\Home Method=index

[1 occurrence(s)]
DEBUG --> [REQ_ID=a31a5fadc426] [LIFECYCLE][START] GET https://mymiwallet.com/index.php/

[1 occurrence(s)]
DEBUG --> [CSRF] token name=csrf_test_name hash=732501a3bc97efbf3c32f79311edc8e3

[1 occurrence(s)]
DEBUG --> [REQ_ID=b81c571d07eb] [INIT] App\Controllers\Home::GET

[1 occurrence(s)]
DEBUG --> [REQ_ID=b81c571d07eb] [VIEW_RENDER] themes/public/home

[1 occurrence(s)]
DEBUG --> [REQ_ID=a31a5fadc426] [FILTER_AFTER]

[1 occurrence(s)]
DEBUG --> [REQ_ID=a31a5fadc426] [LIFECYCLE][END] status=200 duration_ms=539.46 memory_delta=2097152

[1 occurrence(s)]
DEBUG --> [REQ_ID=a31a5fadc426] [REQUEST][END]

[1 occurrence(s)]
DEBUG --> [REQ_ID=ab5f2bb09ff5] [REQUEST][START] GET /

[1 occurrence(s)]
DEBUG --> [REQ_ID=ab5f2bb09ff5] [FILTER_BEFORE] /

[1 occurrence(s)]
DEBUG --> [REQ_ID=ab5f2bb09ff5] [ROUTE] Controller=\App\Controllers\Home Method=index

[1 occurrence(s)]
DEBUG --> [REQ_ID=ab5f2bb09ff5] [LIFECYCLE][START] GET https://mymiwallet.com/index.php/

[1 occurrence(s)]
DEBUG --> [CSRF] token name=csrf_test_name hash=8d1837a129bca8a216509f0867189022

[1 occurrence(s)]
DEBUG --> [REQ_ID=68d5992d397d] [INIT] App\Controllers\Home::GET

[1 occurrence(s)]
DEBUG --> [REQ_ID=68d5992d397d] [VIEW_RENDER] themes/public/home

[1 occurrence(s)]
DEBUG --> [REQ_ID=ab5f2bb09ff5] [FILTER_AFTER]

[1 occurrence(s)]
DEBUG --> [REQ_ID=ab5f2bb09ff5] [LIFECYCLE][END] status=200 duration_ms=671.17 memory_delta=2097152

[1 occurrence(s)]
DEBUG --> [REQ_ID=ab5f2bb09ff5] [REQUEST][END]

[1 occurrence(s)]
DEBUG --> [REQ_ID=e7d2109fe3d0] [REQUEST][START] GET /

[1 occurrence(s)]
DEBUG --> [REQ_ID=e7d2109fe3d0] [FILTER_BEFORE] /

[1 occurrence(s)]
DEBUG --> [REQ_ID=e7d2109fe3d0] [ROUTE] Controller=\App\Controllers\Home Method=index

[1 occurrence(s)]
DEBUG --> [REQ_ID=e7d2109fe3d0] [LIFECYCLE][START] GET https://mymiwallet.com/index.php/

[1 occurrence(s)]
DEBUG --> [CSRF] token name=csrf_test_name hash=b0b750a001403e9aa9eded3ad07b6a1e

[1 occurrence(s)]
DEBUG --> [REQ_ID=c0d2802cbaca] [INIT] App\Controllers\Home::GET

[1 occurrence(s)]
DEBUG --> [REQ_ID=c0d2802cbaca] [VIEW_RENDER] themes/public/home

[1 occurrence(s)]
DEBUG --> [REQ_ID=e7d2109fe3d0] [FILTER_AFTER]

[1 occurrence(s)]
DEBUG --> [REQ_ID=e7d2109fe3d0] [LIFECYCLE][END] status=200 duration_ms=639.59 memory_delta=2097152

[1 occurrence(s)]
DEBUG --> [REQ_ID=e7d2109fe3d0] [REQUEST][END]

[1 occurrence(s)]
DEBUG --> [REQ_ID=95d307c2e7ff] [REQUEST][START] GET /

[1 occurrence(s)]
DEBUG --> [REQ_ID=95d307c2e7ff] [FILTER_BEFORE] /

[1 occurrence(s)]
DEBUG --> [REQ_ID=95d307c2e7ff] [ROUTE] Controller=\App\Controllers\Home Method=index

[1 occurrence(s)]
DEBUG --> [REQ_ID=95d307c2e7ff] [LIFECYCLE][START] GET https://mymiwallet.com/index.php/

[1 occurrence(s)]
DEBUG --> [CSRF] token name=csrf_test_name hash=52adbf384d9c2a8c428bff905fe0242c

[1 occurrence(s)]
DEBUG --> [REQ_ID=33dc82bf199f] [INIT] App\Controllers\Home::GET

[1 occurrence(s)]
DEBUG --> [REQ_ID=33dc82bf199f] [VIEW_RENDER] themes/public/home

[1 occurrence(s)]
DEBUG --> [REQ_ID=95d307c2e7ff] [FILTER_AFTER]

[1 occurrence(s)]
DEBUG --> [REQ_ID=95d307c2e7ff] [LIFECYCLE][END] status=200 duration_ms=575.51 memory_delta=2097152

[1 occurrence(s)]
DEBUG --> [REQ_ID=95d307c2e7ff] [REQUEST][END]

[1 occurrence(s)]
DEBUG --> [REQ_ID=72b0cdf4c40a] [REQUEST][START] GET /index.php/API/Management/Run-CRON-Tasks

[1 occurrence(s)]
DEBUG --> [REQ_ID=72b0cdf4c40a] [FILTER_BEFORE] /index.php/API/Management/Run-CRON-Tasks

[1 occurrence(s)]
DEBUG --> [REQ_ID=72b0cdf4c40a] [ROUTE] Controller=\App\Modules\APIs\Controllers\ManagementAPIController Method=Run_CRON_Tasks

[1 occurrence(s)]
DEBUG --> [REQ_ID=72b0cdf4c40a] [LIFECYCLE][START] GET https://mymiwallet.com/index.php/API/Management/Run-CRON-Tasks

[1 occurrence(s)]
DEBUG --> [REQ_ID=72b0cdf4c40a] [REQUEST][END]

[1 occurrence(s)]
DEBUG --> [REQ_ID=240129abc448] [REQUEST][START] GET /index.php/Premium-Features/Advanced-Charting

[1 occurrence(s)]
DEBUG --> [REQ_ID=240129abc448] [REQUEST][END]

[1 occurrence(s)]
DEBUG --> [REQ_ID=2f30ebb3a1a2] [REQUEST][START] GET /Features/Brokerage-Integrations

[1 occurrence(s)]
DEBUG --> [REQ_ID=2f30ebb3a1a2] [FILTER_BEFORE] /Features/Brokerage-Integrations

[1 occurrence(s)]
DEBUG --> [REQ_ID=2f30ebb3a1a2] [ROUTE] Controller=\App\Modules\Advertise\Controllers\FeaturesController Method=BrokerageIntegrations

[1 occurrence(s)]
DEBUG --> [REQ_ID=2f30ebb3a1a2] [LIFECYCLE][START] GET https://mymiwallet.com/index.php/Features/Brokerage-Integrations

[2 occurrence(s)]
DEBUG --> [CSRF] token name=csrf_test_name hash=092ef1d05f6ec85b0b9c82cff5280dfb

[1 occurrence(s)]
DEBUG --> [REQ_ID=2f30ebb3a1a2] [REQUEST][END]

[1 occurrence(s)]
DEBUG --> [REQ_ID=21abde17d6c1] [REQUEST][START] GET /index.php/login

[1 occurrence(s)]
DEBUG --> [REQ_ID=21abde17d6c1] [FILTER_BEFORE] /index.php/login

[1 occurrence(s)]
DEBUG --> [REQ_ID=21abde17d6c1] [ROUTE] Controller=\App\Controllers\AuthController Method=login

[1 occurrence(s)]
DEBUG --> [REQ_ID=21abde17d6c1] [LIFECYCLE][START] GET https://mymiwallet.com/index.php/login

[1 occurrence(s)]
DEBUG --> [REQ_ID=0124e2cc3820] [INIT] App\Controllers\AuthController::GET

[1 occurrence(s)]
DEBUG --> [AUTH_LOGIN_VIEW_REDIRECT_URL] https://mymiwallet.com/index.php/Features/Brokerage-Integrations

[1 occurrence(s)]
DEBUG --> [REQ_ID=21abde17d6c1] [FILTER_AFTER]

[1 occurrence(s)]
DEBUG --> [REQ_ID=21abde17d6c1] [LIFECYCLE][END] status=200 duration_ms=152.90 memory_delta=2097152

[1 occurrence(s)]
DEBUG --> [REQ_ID=21abde17d6c1] [REQUEST][END]

[1 occurrence(s)]
DEBUG --> [REQ_ID=393e07b36846] [REQUEST][START] GET /index.php/Premium-Features/Advanced-Trade-Tracker

[1 occurrence(s)]
DEBUG --> [REQ_ID=393e07b36846] [REQUEST][END]

[1 occurrence(s)]
DEBUG --> [REQ_ID=296b61d2c488] [REQUEST][START] GET /Investments/Trade-Tracker

[1 occurrence(s)]
DEBUG --> [REQ_ID=296b61d2c488] [REQUEST][END]

[1 occurrence(s)]
DEBUG --> [REQ_ID=ba224684c7f0] [REQUEST][START] GET /

[1 occurrence(s)]
DEBUG --> [REQ_ID=ba224684c7f0] [FILTER_BEFORE] /

[1 occurrence(s)]
DEBUG --> [REQ_ID=ba224684c7f0] [ROUTE] Controller=\App\Controllers\Home Method=index

[1 occurrence(s)]
DEBUG --> [REQ_ID=ba224684c7f0] [LIFECYCLE][START] GET https://mymiwallet.com/index.php/

[1 occurrence(s)]
DEBUG --> [CSRF] token name=csrf_test_name hash=a433e082c026b3e85efd41a3b01e8a57

[1 occurrence(s)]
DEBUG --> [REQ_ID=ac2c2b948594] [INIT] App\Controllers\Home::GET

[1 occurrence(s)]
DEBUG --> [REQ_ID=ac2c2b948594] [VIEW_RENDER] themes/public/home

[1 occurrence(s)]
DEBUG --> [REQ_ID=ba224684c7f0] [FILTER_AFTER]

[1 occurrence(s)]
DEBUG --> [REQ_ID=ba224684c7f0] [LIFECYCLE][END] status=200 duration_ms=662.16 memory_delta=4194304

[1 occurrence(s)]
DEBUG --> [REQ_ID=ba224684c7f0] [REQUEST][END]

[1 occurrence(s)]
DEBUG --> [REQ_ID=c098f04d60f7] [REQUEST][START] GET /

[1 occurrence(s)]
DEBUG --> [REQ_ID=c098f04d60f7] [FILTER_BEFORE] /

[1 occurrence(s)]
DEBUG --> [REQ_ID=c098f04d60f7] [ROUTE] Controller=\App\Controllers\Home Method=index

[1 occurrence(s)]
DEBUG --> [REQ_ID=c098f04d60f7] [LIFECYCLE][START] GET https://mymiwallet.com/index.php/

[1 occurrence(s)]
DEBUG --> [CSRF] token name=csrf_test_name hash=b560be95c46dcee7230d88e2c3ba23dd

[1 occurrence(s)]
DEBUG --> [REQ_ID=5cfccfdd636e] [INIT] App\Controllers\Home::GET

[1 occurrence(s)]
DEBUG --> [REQ_ID=fb9a4709abd5] [REQUEST][START] GET /

[1 occurrence(s)]
DEBUG --> [REQ_ID=95b597452f9b] [REQUEST][START] GET /

[1 occurrence(s)]
DEBUG --> [REQ_ID=5cfccfdd636e] [VIEW_RENDER] themes/public/home

[1 occurrence(s)]
DEBUG --> [REQ_ID=c098f04d60f7] [FILTER_AFTER]

[1 occurrence(s)]
DEBUG --> [REQ_ID=c098f04d60f7] [LIFECYCLE][END] status=200 duration_ms=598.65 memory_delta=2097152

[1 occurrence(s)]
DEBUG --> [REQ_ID=c098f04d60f7] [REQUEST][END]

[1 occurrence(s)]
DEBUG --> [REQ_ID=1d44777356d1] [REQUEST][START] GET /

[1 occurrence(s)]
DEBUG --> [REQ_ID=fb9a4709abd5] [FILTER_BEFORE] /

[1 occurrence(s)]
DEBUG --> [REQ_ID=fb9a4709abd5] [ROUTE] Controller=\App\Controllers\Home Method=index

[1 occurrence(s)]
DEBUG --> [REQ_ID=fb9a4709abd5] [LIFECYCLE][START] GET https://mymiwallet.com/index.php/

[1 occurrence(s)]
DEBUG --> [REQ_ID=95b597452f9b] [FILTER_BEFORE] /

[1 occurrence(s)]
DEBUG --> [REQ_ID=95b597452f9b] [ROUTE] Controller=\App\Controllers\Home Method=index

[1 occurrence(s)]
DEBUG --> [REQ_ID=95b597452f9b] [LIFECYCLE][START] GET https://mymiwallet.com/index.php/

[1 occurrence(s)]
DEBUG --> [REQ_ID=30279114d298] [REQUEST][START] GET /

[1 occurrence(s)]
DEBUG --> [REQ_ID=d4df2a43f990] [REQUEST][START] GET /

[1 occurrence(s)]
DEBUG --> [REQ_ID=c88f78dbafe6] [REQUEST][START] GET /

[1 occurrence(s)]
DEBUG --> [CSRF] token name=csrf_test_name hash=6fcd50c5dbdd9eee61f4be6d853dabfb

[1 occurrence(s)]
DEBUG --> [REQ_ID=397ea06a55ce] [INIT] App\Controllers\Home::GET

[1 occurrence(s)]
DEBUG --> [CSRF] token name=csrf_test_name hash=6e82ced648997a90b2d13beaa540b0c7

[1 occurrence(s)]
DEBUG --> [REQ_ID=aebeeba2df11] [INIT] App\Controllers\Home::GET

[1 occurrence(s)]
DEBUG --> [REQ_ID=f3f3ba65f9ca] [REQUEST][START] GET /

[1 occurrence(s)]
DEBUG --> [REQ_ID=6dac7e378562] [REQUEST][START] GET /

[1 occurrence(s)]
DEBUG --> [REQ_ID=1d44777356d1] [FILTER_BEFORE] /

[1 occurrence(s)]
DEBUG --> [REQ_ID=1d44777356d1] [ROUTE] Controller=\App\Controllers\Home Method=index

[1 occurrence(s)]
DEBUG --> [REQ_ID=1d44777356d1] [LIFECYCLE][START] GET https://mymiwallet.com/index.php/

[1 occurrence(s)]
DEBUG --> [REQ_ID=5ef92bdc1533] [REQUEST][START] GET /

[1 occurrence(s)]
DEBUG --> [REQ_ID=13d7fa046725] [REQUEST][START] GET /

[1 occurrence(s)]
DEBUG --> [CSRF] token name=csrf_test_name hash=47d00e056d889c93ea9958cc11b2153d

[1 occurrence(s)]
DEBUG --> [REQ_ID=41d55a71acb4] [INIT] App\Controllers\Home::GET

[1 occurrence(s)]
DEBUG --> [REQ_ID=30279114d298] [FILTER_BEFORE] /

[1 occurrence(s)]
DEBUG --> [REQ_ID=30279114d298] [ROUTE] Controller=\App\Controllers\Home Method=index

[1 occurrence(s)]
DEBUG --> [REQ_ID=30279114d298] [LIFECYCLE][START] GET https://mymiwallet.com/index.php/

[1 occurrence(s)]
DEBUG --> [REQ_ID=d4df2a43f990] [FILTER_BEFORE] /

[1 occurrence(s)]
DEBUG --> [REQ_ID=d4df2a43f990] [ROUTE] Controller=\App\Controllers\Home Method=index

[1 occurrence(s)]
DEBUG --> [REQ_ID=d4df2a43f990] [LIFECYCLE][START] GET https://mymiwallet.com/index.php/

[1 occurrence(s)]
DEBUG --> [REQ_ID=c88f78dbafe6] [FILTER_BEFORE] /

[1 occurrence(s)]
DEBUG --> [REQ_ID=c88f78dbafe6] [ROUTE] Controller=\App\Controllers\Home Method=index

[1 occurrence(s)]
DEBUG --> [REQ_ID=c88f78dbafe6] [LIFECYCLE][START] GET https://mymiwallet.com/index.php/

[1 occurrence(s)]
DEBUG --> [REQ_ID=f3f3ba65f9ca] [FILTER_BEFORE] /

[1 occurrence(s)]
DEBUG --> [REQ_ID=f3f3ba65f9ca] [ROUTE] Controller=\App\Controllers\Home Method=index

[1 occurrence(s)]
DEBUG --> [REQ_ID=f3f3ba65f9ca] [LIFECYCLE][START] GET https://mymiwallet.com/index.php/

[1 occurrence(s)]
DEBUG --> [REQ_ID=6dac7e378562] [FILTER_BEFORE] /

[1 occurrence(s)]
DEBUG --> [REQ_ID=6dac7e378562] [ROUTE] Controller=\App\Controllers\Home Method=index

[1 occurrence(s)]
DEBUG --> [REQ_ID=6dac7e378562] [LIFECYCLE][START] GET https://mymiwallet.com/index.php/

[1 occurrence(s)]
DEBUG --> [CSRF] token name=csrf_test_name hash=a869bdd43ee5fefaa60bdfdb84f5f8b7

[1 occurrence(s)]
DEBUG --> [REQ_ID=acbe93985bef] [INIT] App\Controllers\Home::GET

[1 occurrence(s)]
DEBUG --> [CSRF] token name=csrf_test_name hash=d13d8007f9d3b646d638d1b350d00cdc

[1 occurrence(s)]
DEBUG --> [REQ_ID=7a8258a1ab17] [INIT] App\Controllers\Home::GET

[1 occurrence(s)]
DEBUG --> [CSRF] token name=csrf_test_name hash=901c6f71ca9e5bdbe92d4d9c4f38fcbb

[1 occurrence(s)]
DEBUG --> [REQ_ID=91bfb95afe27] [INIT] App\Controllers\Home::GET

[1 occurrence(s)]
DEBUG --> [REQ_ID=2db84558526d] [REQUEST][START] GET /

[1 occurrence(s)]
DEBUG --> [REQ_ID=5ef92bdc1533] [FILTER_BEFORE] /

[1 occurrence(s)]
DEBUG --> [REQ_ID=5ef92bdc1533] [ROUTE] Controller=\App\Controllers\Home Method=index

[1 occurrence(s)]
DEBUG --> [REQ_ID=5ef92bdc1533] [LIFECYCLE][START] GET https://mymiwallet.com/index.php/

[1 occurrence(s)]
DEBUG --> [CSRF] token name=csrf_test_name hash=1161ad3e47dc5a4185347437a65912af

[1 occurrence(s)]
DEBUG --> [REQ_ID=86479ab89cce] [INIT] App\Controllers\Home::GET

[1 occurrence(s)]
DEBUG --> [CSRF] token name=csrf_test_name hash=ac8b016bbd3ebabde699983bbb00786c

[1 occurrence(s)]
DEBUG --> [REQ_ID=816169d2ebca] [INIT] App\Controllers\Home::GET

[1 occurrence(s)]
DEBUG --> [REQ_ID=13d7fa046725] [FILTER_BEFORE] /

[1 occurrence(s)]
DEBUG --> [REQ_ID=13d7fa046725] [ROUTE] Controller=\App\Controllers\Home Method=index

[1 occurrence(s)]
DEBUG --> [REQ_ID=13d7fa046725] [LIFECYCLE][START] GET https://mymiwallet.com/index.php/

[1 occurrence(s)]
DEBUG --> [REQ_ID=2db84558526d] [FILTER_BEFORE] /

[1 occurrence(s)]
DEBUG --> [REQ_ID=2db84558526d] [ROUTE] Controller=\App\Controllers\Home Method=index

[1 occurrence(s)]
DEBUG --> [REQ_ID=2db84558526d] [LIFECYCLE][START] GET https://mymiwallet.com/index.php/

[1 occurrence(s)]
DEBUG --> [CSRF] token name=csrf_test_name hash=359ce7afc1a9749ff09b10208e2d305f

[1 occurrence(s)]
DEBUG --> [REQ_ID=0957ff3f730c] [INIT] App\Controllers\Home::GET

[1 occurrence(s)]
DEBUG --> [CSRF] token name=csrf_test_name hash=cba88de0de2cb2259014e8a1e127b73f

[1 occurrence(s)]
DEBUG --> [REQ_ID=54d52c88f243] [INIT] App\Controllers\Home::GET

[1 occurrence(s)]
DEBUG --> [CSRF] token name=csrf_test_name hash=315344b938b488e90f7e50d0d87acfb9

[1 occurrence(s)]
DEBUG --> [REQ_ID=5cff68e21489] [INIT] App\Controllers\Home::GET

[1 occurrence(s)]
DEBUG --> [REQ_ID=15a8625984bc] [REQUEST][START] GET /

[1 occurrence(s)]
DEBUG --> [REQ_ID=15a8625984bc] [FILTER_BEFORE] /

[1 occurrence(s)]
DEBUG --> [REQ_ID=15a8625984bc] [ROUTE] Controller=\App\Controllers\Home Method=index

[1 occurrence(s)]
DEBUG --> [REQ_ID=15a8625984bc] [LIFECYCLE][START] GET https://mymiwallet.com/index.php/

[1 occurrence(s)]
DEBUG --> [CSRF] token name=csrf_test_name hash=b729d77311ec5589161f97ccc2f19de2

[1 occurrence(s)]
DEBUG --> [REQ_ID=de7c32426171] [INIT] App\Controllers\Home::GET

[1 occurrence(s)]
DEBUG --> [REQ_ID=397ea06a55ce] [VIEW_RENDER] themes/public/home

[1 occurrence(s)]
DEBUG --> [REQ_ID=fb9a4709abd5] [FILTER_AFTER]

[1 occurrence(s)]
DEBUG --> [REQ_ID=fb9a4709abd5] [LIFECYCLE][END] status=200 duration_ms=901.73 memory_delta=4194304

[1 occurrence(s)]
DEBUG --> [REQ_ID=fb9a4709abd5] [REQUEST][END]

[1 occurrence(s)]
DEBUG --> [REQ_ID=aebeeba2df11] [VIEW_RENDER] themes/public/home

[1 occurrence(s)]
DEBUG --> [REQ_ID=95b597452f9b] [FILTER_AFTER]

[1 occurrence(s)]
DEBUG --> [REQ_ID=95b597452f9b] [LIFECYCLE][END] status=200 duration_ms=902.33 memory_delta=4194304

[1 occurrence(s)]
DEBUG --> [REQ_ID=95b597452f9b] [REQUEST][END]

[1 occurrence(s)]
DEBUG --> [REQ_ID=86479ab89cce] [VIEW_RENDER] themes/public/home

[1 occurrence(s)]
DEBUG --> [REQ_ID=f3f3ba65f9ca] [FILTER_AFTER]

[1 occurrence(s)]
DEBUG --> [REQ_ID=f3f3ba65f9ca] [LIFECYCLE][END] status=200 duration_ms=722.58 memory_delta=4194304

[1 occurrence(s)]
DEBUG --> [REQ_ID=41d55a71acb4] [VIEW_RENDER] themes/public/home

[1 occurrence(s)]
DEBUG --> [REQ_ID=acbe93985bef] [VIEW_RENDER] themes/public/home

[1 occurrence(s)]
DEBUG --> [REQ_ID=f3f3ba65f9ca] [REQUEST][END]

[1 occurrence(s)]
DEBUG --> [REQ_ID=7a8258a1ab17] [VIEW_RENDER] themes/public/home

[1 occurrence(s)]
DEBUG --> [REQ_ID=0957ff3f730c] [VIEW_RENDER] themes/public/home

[1 occurrence(s)]
DEBUG --> [REQ_ID=1d44777356d1] [FILTER_AFTER]

[1 occurrence(s)]
DEBUG --> [REQ_ID=1d44777356d1] [LIFECYCLE][END] status=200 duration_ms=929.88 memory_delta=4194304

[1 occurrence(s)]
DEBUG --> [REQ_ID=30279114d298] [FILTER_AFTER]

[1 occurrence(s)]
DEBUG --> [REQ_ID=30279114d298] [LIFECYCLE][END] status=200 duration_ms=813.97 memory_delta=4194304

[1 occurrence(s)]
DEBUG --> [REQ_ID=1d44777356d1] [REQUEST][END]

[1 occurrence(s)]
DEBUG --> [REQ_ID=2db84558526d] [FILTER_AFTER]

[1 occurrence(s)]
DEBUG --> [REQ_ID=2db84558526d] [LIFECYCLE][END] status=200 duration_ms=651.50 memory_delta=2097152

[1 occurrence(s)]
DEBUG --> [REQ_ID=2db84558526d] [REQUEST][END]

[1 occurrence(s)]
DEBUG --> [REQ_ID=30279114d298] [REQUEST][END]

[1 occurrence(s)]
DEBUG --> [REQ_ID=d4df2a43f990] [FILTER_AFTER]

[1 occurrence(s)]
DEBUG --> [REQ_ID=d4df2a43f990] [LIFECYCLE][END] status=200 duration_ms=832.43 memory_delta=4194304

[1 occurrence(s)]
DEBUG --> [REQ_ID=816169d2ebca] [VIEW_RENDER] themes/public/home

[1 occurrence(s)]
DEBUG --> [REQ_ID=d4df2a43f990] [REQUEST][END]

[1 occurrence(s)]
DEBUG --> [REQ_ID=6dac7e378562] [FILTER_AFTER]

[1 occurrence(s)]
DEBUG --> [REQ_ID=6dac7e378562] [LIFECYCLE][END] status=200 duration_ms=783.88 memory_delta=4194304

[1 occurrence(s)]
DEBUG --> [REQ_ID=6dac7e378562] [REQUEST][END]

[1 occurrence(s)]
DEBUG --> [REQ_ID=91bfb95afe27] [VIEW_RENDER] themes/public/home

[1 occurrence(s)]
DEBUG --> [REQ_ID=c88f78dbafe6] [FILTER_AFTER]

[1 occurrence(s)]
DEBUG --> [REQ_ID=c88f78dbafe6] [LIFECYCLE][END] status=200 duration_ms=852.77 memory_delta=4194304

[1 occurrence(s)]
DEBUG --> [REQ_ID=c88f78dbafe6] [REQUEST][END]

[1 occurrence(s)]
DEBUG --> [REQ_ID=54d52c88f243] [VIEW_RENDER] themes/public/home

[1 occurrence(s)]
DEBUG --> [REQ_ID=5ef92bdc1533] [FILTER_AFTER]

[1 occurrence(s)]
DEBUG --> [REQ_ID=5ef92bdc1533] [LIFECYCLE][END] status=200 duration_ms=786.08 memory_delta=4194304

[1 occurrence(s)]
DEBUG --> [REQ_ID=5ef92bdc1533] [REQUEST][END]

[1 occurrence(s)]
DEBUG --> [REQ_ID=5cff68e21489] [VIEW_RENDER] themes/public/home

[1 occurrence(s)]
DEBUG --> [REQ_ID=13d7fa046725] [FILTER_AFTER]

[1 occurrence(s)]
DEBUG --> [REQ_ID=13d7fa046725] [LIFECYCLE][END] status=200 duration_ms=749.93 memory_delta=4194304

[1 occurrence(s)]
DEBUG --> [REQ_ID=13d7fa046725] [REQUEST][END]

[1 occurrence(s)]
DEBUG --> [REQ_ID=de7c32426171] [VIEW_RENDER] themes/public/home

[1 occurrence(s)]
DEBUG --> [REQ_ID=15a8625984bc] [FILTER_AFTER]

[1 occurrence(s)]
DEBUG --> [REQ_ID=15a8625984bc] [LIFECYCLE][END] status=200 duration_ms=615.10 memory_delta=4194304

[1 occurrence(s)]
DEBUG --> [REQ_ID=15a8625984bc] [REQUEST][END]

[1 occurrence(s)]
DEBUG --> [REQ_ID=26c8ab19abcc] [REQUEST][START] GET /

[1 occurrence(s)]
DEBUG --> [REQ_ID=8b5a3768f421] [REQUEST][START] GET /

[1 occurrence(s)]
DEBUG --> [REQ_ID=464654e1d981] [REQUEST][START] GET /

[1 occurrence(s)]
DEBUG --> [REQ_ID=ec00beecd793] [REQUEST][START] GET /

[1 occurrence(s)]
DEBUG --> [REQ_ID=2f9e69d37fff] [REQUEST][START] GET /

[1 occurrence(s)]
DEBUG --> [REQ_ID=72a62bb084d4] [REQUEST][START] GET /

[1 occurrence(s)]
DEBUG --> [REQ_ID=7ad604d0280d] [REQUEST][START] GET /

[1 occurrence(s)]
DEBUG --> [REQ_ID=8b5a3768f421] [FILTER_BEFORE] /

[1 occurrence(s)]
DEBUG --> [REQ_ID=26c8ab19abcc] [FILTER_BEFORE] /

[1 occurrence(s)]
DEBUG --> [REQ_ID=26c8ab19abcc] [ROUTE] Controller=\App\Controllers\Home Method=index

[1 occurrence(s)]
DEBUG --> [REQ_ID=26c8ab19abcc] [LIFECYCLE][START] GET https://mymiwallet.com/index.php/

[1 occurrence(s)]
DEBUG --> [CSRF] token name=csrf_test_name hash=25d057f772d7d1fcb7b882a7d77da52f

[1 occurrence(s)]
DEBUG --> [REQ_ID=fbe6e62b30f8] [INIT] App\Controllers\Home::GET

[1 occurrence(s)]
DEBUG --> [REQ_ID=8b5a3768f421] [ROUTE] Controller=\App\Controllers\Home Method=index

[1 occurrence(s)]
DEBUG --> [REQ_ID=8b5a3768f421] [LIFECYCLE][START] GET https://mymiwallet.com/index.php/

[1 occurrence(s)]
DEBUG --> [CSRF] token name=csrf_test_name hash=62da5e741ea5ecf23ee5a5bf511cefcd

[1 occurrence(s)]
DEBUG --> [REQ_ID=221cfd8c6df6] [INIT] App\Controllers\Home::GET

[1 occurrence(s)]
DEBUG --> [REQ_ID=eb42fa972dd1] [REQUEST][START] GET /

[1 occurrence(s)]
DEBUG --> [REQ_ID=464654e1d981] [FILTER_BEFORE] /

[1 occurrence(s)]
DEBUG --> [REQ_ID=464654e1d981] [ROUTE] Controller=\App\Controllers\Home Method=index

[1 occurrence(s)]
DEBUG --> [REQ_ID=464654e1d981] [LIFECYCLE][START] GET https://mymiwallet.com/index.php/

[1 occurrence(s)]
DEBUG --> [CSRF] token name=csrf_test_name hash=def048e45ab4eccf3207eb8a9345154a

[1 occurrence(s)]
DEBUG --> [REQ_ID=a6cfc6401719] [INIT] App\Controllers\Home::GET

[1 occurrence(s)]
DEBUG --> [REQ_ID=2f9e69d37fff] [FILTER_BEFORE] /

[1 occurrence(s)]
DEBUG --> [REQ_ID=2f9e69d37fff] [ROUTE] Controller=\App\Controllers\Home Method=index

[1 occurrence(s)]
DEBUG --> [REQ_ID=2f9e69d37fff] [LIFECYCLE][START] GET https://mymiwallet.com/index.php/

[1 occurrence(s)]
DEBUG --> [CSRF] token name=csrf_test_name hash=9ddd60c13d02d039761baa100de4492b

[1 occurrence(s)]
DEBUG --> [REQ_ID=3784abf77b22] [INIT] App\Controllers\Home::GET

[1 occurrence(s)]
DEBUG --> [REQ_ID=ec00beecd793] [FILTER_BEFORE] /

[1 occurrence(s)]
DEBUG --> [REQ_ID=ec00beecd793] [ROUTE] Controller=\App\Controllers\Home Method=index

[1 occurrence(s)]
DEBUG --> [REQ_ID=ec00beecd793] [LIFECYCLE][START] GET https://mymiwallet.com/index.php/

[1 occurrence(s)]
DEBUG --> [CSRF] token name=csrf_test_name hash=01657884a42af9aa6a540353e94d8362

[1 occurrence(s)]
DEBUG --> [REQ_ID=2f40acc2bbfb] [INIT] App\Controllers\Home::GET

[1 occurrence(s)]
DEBUG --> [REQ_ID=7ad604d0280d] [FILTER_BEFORE] /

[1 occurrence(s)]
DEBUG --> [REQ_ID=7ad604d0280d] [ROUTE] Controller=\App\Controllers\Home Method=index

[1 occurrence(s)]
DEBUG --> [REQ_ID=7ad604d0280d] [LIFECYCLE][START] GET https://mymiwallet.com/index.php/

[1 occurrence(s)]
DEBUG --> [CSRF] token name=csrf_test_name hash=7efb3ea89294a75c859c56f1d0a2d15f

[1 occurrence(s)]
DEBUG --> [REQ_ID=90a86a060f3c] [INIT] App\Controllers\Home::GET

[1 occurrence(s)]
DEBUG --> [REQ_ID=72a62bb084d4] [FILTER_BEFORE] /

[1 occurrence(s)]
DEBUG --> [REQ_ID=72a62bb084d4] [ROUTE] Controller=\App\Controllers\Home Method=index

[1 occurrence(s)]
DEBUG --> [REQ_ID=72a62bb084d4] [LIFECYCLE][START] GET https://mymiwallet.com/index.php/

[1 occurrence(s)]
DEBUG --> [CSRF] token name=csrf_test_name hash=34b2d9ec41d8c34a9591254207da859d

[1 occurrence(s)]
DEBUG --> [REQ_ID=aff1899c3f1e] [INIT] App\Controllers\Home::GET

[1 occurrence(s)]
DEBUG --> [REQ_ID=eb42fa972dd1] [FILTER_BEFORE] /

[1 occurrence(s)]
DEBUG --> [REQ_ID=eb42fa972dd1] [ROUTE] Controller=\App\Controllers\Home Method=index

[1 occurrence(s)]
DEBUG --> [REQ_ID=eb42fa972dd1] [LIFECYCLE][START] GET https://mymiwallet.com/index.php/

[1 occurrence(s)]
DEBUG --> [CSRF] token name=csrf_test_name hash=ba17c9f4d7836946dc65e721952fddb0

[1 occurrence(s)]
DEBUG --> [REQ_ID=7a26096623d4] [INIT] App\Controllers\Home::GET

[1 occurrence(s)]
DEBUG --> [REQ_ID=221cfd8c6df6] [VIEW_RENDER] themes/public/home

[1 occurrence(s)]
DEBUG --> [REQ_ID=8b5a3768f421] [FILTER_AFTER]

[1 occurrence(s)]
DEBUG --> [REQ_ID=8b5a3768f421] [LIFECYCLE][END] status=200 duration_ms=632.21 memory_delta=2097152

[1 occurrence(s)]
DEBUG --> [REQ_ID=8b5a3768f421] [REQUEST][END]

[1 occurrence(s)]
DEBUG --> [REQ_ID=fbe6e62b30f8] [VIEW_RENDER] themes/public/home

[1 occurrence(s)]
DEBUG --> [REQ_ID=26c8ab19abcc] [FILTER_AFTER]

[1 occurrence(s)]
DEBUG --> [REQ_ID=26c8ab19abcc] [LIFECYCLE][END] status=200 duration_ms=649.49 memory_delta=2097152

[1 occurrence(s)]
DEBUG --> [REQ_ID=26c8ab19abcc] [REQUEST][END]

[1 occurrence(s)]
DEBUG --> [REQ_ID=a6cfc6401719] [VIEW_RENDER] themes/public/home

[1 occurrence(s)]
DEBUG --> [REQ_ID=7a26096623d4] [VIEW_RENDER] themes/public/home

[1 occurrence(s)]
DEBUG --> [REQ_ID=464654e1d981] [FILTER_AFTER]

[1 occurrence(s)]
DEBUG --> [REQ_ID=464654e1d981] [LIFECYCLE][END] status=200 duration_ms=641.68 memory_delta=2097152

[1 occurrence(s)]
DEBUG --> [REQ_ID=eb42fa972dd1] [FILTER_AFTER]

[1 occurrence(s)]
DEBUG --> [REQ_ID=eb42fa972dd1] [LIFECYCLE][END] status=200 duration_ms=625.06 memory_delta=2097152

[1 occurrence(s)]
DEBUG --> [REQ_ID=90a86a060f3c] [VIEW_RENDER] themes/public/home

[1 occurrence(s)]
DEBUG --> [REQ_ID=464654e1d981] [REQUEST][END]

[1 occurrence(s)]
DEBUG --> [REQ_ID=eb42fa972dd1] [REQUEST][END]

[1 occurrence(s)]
DEBUG --> [REQ_ID=7ad604d0280d] [FILTER_AFTER]

[1 occurrence(s)]
DEBUG --> [REQ_ID=7ad604d0280d] [LIFECYCLE][END] status=200 duration_ms=643.55 memory_delta=2097152

[1 occurrence(s)]
DEBUG --> [REQ_ID=7ad604d0280d] [REQUEST][END]

[1 occurrence(s)]
DEBUG --> [REQ_ID=2f40acc2bbfb] [VIEW_RENDER] themes/public/home

[1 occurrence(s)]
DEBUG --> [REQ_ID=aff1899c3f1e] [VIEW_RENDER] themes/public/home

[1 occurrence(s)]
DEBUG --> [REQ_ID=ec00beecd793] [FILTER_AFTER]

[1 occurrence(s)]
DEBUG --> [REQ_ID=ec00beecd793] [LIFECYCLE][END] status=200 duration_ms=662.27 memory_delta=2097152

[1 occurrence(s)]
DEBUG --> [REQ_ID=ec00beecd793] [REQUEST][END]

[1 occurrence(s)]
DEBUG --> [REQ_ID=3784abf77b22] [VIEW_RENDER] themes/public/home

[1 occurrence(s)]
DEBUG --> [REQ_ID=72a62bb084d4] [FILTER_AFTER]

[1 occurrence(s)]
DEBUG --> [REQ_ID=72a62bb084d4] [LIFECYCLE][END] status=200 duration_ms=662.17 memory_delta=2097152

[1 occurrence(s)]
DEBUG --> [REQ_ID=72a62bb084d4] [REQUEST][END]

[1 occurrence(s)]
DEBUG --> [REQ_ID=2f9e69d37fff] [FILTER_AFTER]

[1 occurrence(s)]
DEBUG --> [REQ_ID=2f9e69d37fff] [LIFECYCLE][END] status=200 duration_ms=681.64 memory_delta=2097152

[1 occurrence(s)]
DEBUG --> [REQ_ID=2f9e69d37fff] [REQUEST][END]

[1 occurrence(s)]
DEBUG --> [REQ_ID=afffadebf139] [REQUEST][START] GET /index.php/API/Alerts/fetchEmailAlerts

[1 occurrence(s)]
DEBUG --> [REQ_ID=afffadebf139] [FILTER_BEFORE] /index.php/API/Alerts/fetchEmailAlerts

[1 occurrence(s)]
DEBUG --> [REQ_ID=afffadebf139] [ROUTE] Controller=\App\Modules\APIs\Controllers\AlertsAPIController Method=fetchEmailAlerts

[1 occurrence(s)]
DEBUG --> [REQ_ID=afffadebf139] [LIFECYCLE][START] GET https://mymiwallet.com/index.php/API/Alerts/fetchEmailAlerts

[1 occurrence(s)]
DEBUG --> [REQ_ID=afffadebf139] [REQUEST][END]

[1 occurrence(s)]
DEBUG --> [REQ_ID=9ca2a034fbd6] [REQUEST][START] GET /index.php/Knowledge-Base/Assets

[1 occurrence(s)]
DEBUG --> [REQ_ID=9ca2a034fbd6] [REQUEST][END]

[1 occurrence(s)]
DEBUG --> [REQ_ID=4e5db52980ff] [REQUEST][START] GET /

[1 occurrence(s)]
DEBUG --> [REQ_ID=4e5db52980ff] [FILTER_BEFORE] /

[1 occurrence(s)]
DEBUG --> [REQ_ID=4e5db52980ff] [ROUTE] Controller=\App\Controllers\Home Method=index

[1 occurrence(s)]
DEBUG --> [REQ_ID=4e5db52980ff] [LIFECYCLE][START] GET https://mymiwallet.com/index.php/

[9 occurrence(s)]
DEBUG --> [CSRF] token name=csrf_test_name hash=5e93ec5980031ede90f4b37fc35f0318

[1 occurrence(s)]
DEBUG --> [REQ_ID=27c394bb2fef] [INIT] App\Controllers\Home::GET

[1 occurrence(s)]
DEBUG --> [REQ_ID=27c394bb2fef] [VIEW_RENDER] themes/public/home

[1 occurrence(s)]
DEBUG --> [REQ_ID=4e5db52980ff] [FILTER_AFTER]

[1 occurrence(s)]
DEBUG --> [REQ_ID=4e5db52980ff] [LIFECYCLE][END] status=200 duration_ms=603.37 memory_delta=4194304

[1 occurrence(s)]
DEBUG --> [REQ_ID=4e5db52980ff] [REQUEST][END]

[1 occurrence(s)]
DEBUG --> [REQ_ID=682bd313385e] [REQUEST][START] GET /index.php/login?_gl=1*crolky*_ga*MzMyNjIwOTQ1LjE3NzY1NjkyNjI.*_ga_2FS4BNS0SL*czE3NzY1NjkyNjEkbzEkZzAkdDE3NzY1NjkyNjEkajYwJGwwJGgw

[1 occurrence(s)]
DEBUG --> [REQ_ID=682bd313385e] [FILTER_BEFORE] /index.php/login?_gl=1*crolky*_ga*MzMyNjIwOTQ1LjE3NzY1NjkyNjI.*_ga_2FS4BNS0SL*czE3NzY1NjkyNjEkbzEkZzAkdDE3NzY1NjkyNjEkajYwJGwwJGgw

[1 occurrence(s)]
DEBUG --> [REQ_ID=682bd313385e] [ROUTE] Controller=\App\Controllers\AuthController Method=login

[1 occurrence(s)]
DEBUG --> [REQ_ID=682bd313385e] [LIFECYCLE][START] GET https://mymiwallet.com/index.php/login?_gl=1%2Acrolky%2A_ga%2AMzMyNjIwOTQ1LjE3NzY1NjkyNjI.%2A_ga_2FS4BNS0SL%2AczE3NzY1NjkyNjEkbzEkZzAkdDE3NzY1NjkyNjEkajYwJGwwJGgw

[1 occurrence(s)]
DEBUG --> [REQ_ID=403a95e23a9d] [INIT] App\Controllers\AuthController::GET

[1 occurrence(s)]
DEBUG --> [REQ_ID=682bd313385e] [FILTER_AFTER]

[1 occurrence(s)]
DEBUG --> [REQ_ID=682bd313385e] [LIFECYCLE][END] status=302 duration_ms=19.49 memory_delta=0

[1 occurrence(s)]
DEBUG --> [REQ_ID=682bd313385e] [REQUEST][END]

[1 occurrence(s)]
DEBUG --> [REQ_ID=7b01efcc569a] [REQUEST][START] GET /index.php/login

[1 occurrence(s)]
DEBUG --> [REQ_ID=7b01efcc569a] [FILTER_BEFORE] /index.php/login

[1 occurrence(s)]
DEBUG --> [REQ_ID=7b01efcc569a] [ROUTE] Controller=\App\Controllers\AuthController Method=login

[1 occurrence(s)]
DEBUG --> [REQ_ID=7b01efcc569a] [LIFECYCLE][START] GET https://mymiwallet.com/index.php/login

[1 occurrence(s)]
DEBUG --> [REQ_ID=87797230577e] [INIT] App\Controllers\AuthController::GET

[64 occurrence(s)]
DEBUG --> [REDIRECT_URL_WRITER]

[1 occurrence(s)]
DEBUG --> [REQ_ID=7b01efcc569a] [FILTER_AFTER]

[1 occurrence(s)]
DEBUG --> [REQ_ID=7b01efcc569a] [LIFECYCLE][END] status=200 duration_ms=35.64 memory_delta=0

[1 occurrence(s)]
DEBUG --> [REQ_ID=7b01efcc569a] [REQUEST][END]

[1 occurrence(s)]
DEBUG --> [REQ_ID=370fd0f1071e] [REQUEST][START] GET /index.php/login

[1 occurrence(s)]
DEBUG --> [REQ_ID=370fd0f1071e] [FILTER_BEFORE] /index.php/login

[1 occurrence(s)]
DEBUG --> [REQ_ID=370fd0f1071e] [ROUTE] Controller=\App\Controllers\AuthController Method=login

[1 occurrence(s)]
DEBUG --> [REQ_ID=370fd0f1071e] [LIFECYCLE][START] GET https://mymiwallet.com/index.php/login

[1 occurrence(s)]
DEBUG --> [REQ_ID=ab1efca677c5] [INIT] App\Controllers\AuthController::GET

[1 occurrence(s)]
DEBUG --> [REQ_ID=370fd0f1071e] [FILTER_AFTER]

[1 occurrence(s)]
DEBUG --> [REQ_ID=370fd0f1071e] [LIFECYCLE][END] status=200 duration_ms=89.22 memory_delta=0

[1 occurrence(s)]
DEBUG --> [REQ_ID=370fd0f1071e] [REQUEST][END]

[1 occurrence(s)]
DEBUG --> [REQ_ID=0fb9fda3321d] [REQUEST][START] GET /index.php/login

[1 occurrence(s)]
DEBUG --> [REQ_ID=0fb9fda3321d] [FILTER_BEFORE] /index.php/login

[1 occurrence(s)]
DEBUG --> [REQ_ID=0fb9fda3321d] [ROUTE] Controller=\App\Controllers\AuthController Method=login

[1 occurrence(s)]
DEBUG --> [REQ_ID=0fb9fda3321d] [LIFECYCLE][START] GET https://mymiwallet.com/index.php/login

[1 occurrence(s)]
DEBUG --> [REQ_ID=0644569809fc] [INIT] App\Controllers\AuthController::GET

[1 occurrence(s)]
DEBUG --> [REQ_ID=0fb9fda3321d] [FILTER_AFTER]

[1 occurrence(s)]
DEBUG --> [REQ_ID=0fb9fda3321d] [LIFECYCLE][END] status=200 duration_ms=89.06 memory_delta=0

[1 occurrence(s)]
DEBUG --> [REQ_ID=0fb9fda3321d] [REQUEST][END]

[1 occurrence(s)]
DEBUG --> [REQ_ID=7eb70c4dc60e] [REQUEST][START] GET /index.php/Dashboard

[1 occurrence(s)]
DEBUG --> [REQ_ID=7eb70c4dc60e] [FILTER_BEFORE] /index.php/Dashboard

[1 occurrence(s)]
DEBUG --> [REQ_ID=7eb70c4dc60e] [ROUTE] Controller=\App\Modules\PropFirms\Controllers\PropFirmsController Method=index

[1 occurrence(s)]
DEBUG --> [REQ_ID=7eb70c4dc60e] [LIFECYCLE][START] GET https://mymiwallet.com/index.php/Dashboard

[1 occurrence(s)]
DEBUG --> [REQ_ID=7eb70c4dc60e] [REQUEST][END]

[1 occurrence(s)]
DEBUG --> [REQ_ID=c4daa4c76f4a] [REQUEST][START] GET /index.php/login

[1 occurrence(s)]
DEBUG --> [REQ_ID=c4daa4c76f4a] [FILTER_BEFORE] /index.php/login

[1 occurrence(s)]
DEBUG --> [REQ_ID=c4daa4c76f4a] [ROUTE] Controller=\App\Controllers\AuthController Method=login

[1 occurrence(s)]
DEBUG --> [REQ_ID=c4daa4c76f4a] [LIFECYCLE][START] GET https://mymiwallet.com/index.php/login

[1 occurrence(s)]
DEBUG --> [REQ_ID=3dbfc6a77861] [INIT] App\Controllers\AuthController::GET

[3 occurrence(s)]
DEBUG --> [AUTH_LOGIN_VIEW_REDIRECT_URL] /Dashboard

[1 occurrence(s)]
DEBUG --> [REQ_ID=c4daa4c76f4a] [FILTER_AFTER]

[1 occurrence(s)]
DEBUG --> [REQ_ID=c4daa4c76f4a] [LIFECYCLE][END] status=200 duration_ms=33.60 memory_delta=0

[1 occurrence(s)]
DEBUG --> [REQ_ID=c4daa4c76f4a] [REQUEST][END]

[1 occurrence(s)]
DEBUG --> [REQ_ID=266325af75eb] [REQUEST][START] GET /index.php/login

[1 occurrence(s)]
DEBUG --> [REQ_ID=266325af75eb] [FILTER_BEFORE] /index.php/login

[1 occurrence(s)]
DEBUG --> [REQ_ID=266325af75eb] [ROUTE] Controller=\App\Controllers\AuthController Method=login

[1 occurrence(s)]
DEBUG --> [REQ_ID=266325af75eb] [LIFECYCLE][START] GET https://mymiwallet.com/index.php/login

[1 occurrence(s)]
DEBUG --> [REQ_ID=28603ad64d51] [INIT] App\Controllers\AuthController::GET

[1 occurrence(s)]
DEBUG --> [REQ_ID=266325af75eb] [FILTER_AFTER]

[1 occurrence(s)]
DEBUG --> [REQ_ID=266325af75eb] [LIFECYCLE][END] status=200 duration_ms=39.38 memory_delta=0

[1 occurrence(s)]
DEBUG --> [REQ_ID=266325af75eb] [REQUEST][END]

[1 occurrence(s)]
DEBUG --> [REQ_ID=c7ba3a779307] [REQUEST][START] GET /index.php/login

[1 occurrence(s)]
DEBUG --> [REQ_ID=c7ba3a779307] [FILTER_BEFORE] /index.php/login

[1 occurrence(s)]
DEBUG --> [REQ_ID=c7ba3a779307] [ROUTE] Controller=\App\Controllers\AuthController Method=login

[1 occurrence(s)]
DEBUG --> [REQ_ID=c7ba3a779307] [LIFECYCLE][START] GET https://mymiwallet.com/index.php/login

[1 occurrence(s)]
DEBUG --> [REQ_ID=8084e2292eaf] [INIT] App\Controllers\AuthController::GET

[1 occurrence(s)]
DEBUG --> [REQ_ID=c7ba3a779307] [FILTER_AFTER]

[1 occurrence(s)]
DEBUG --> [REQ_ID=c7ba3a779307] [LIFECYCLE][END] status=200 duration_ms=39.02 memory_delta=0

[1 occurrence(s)]
DEBUG --> [REQ_ID=c7ba3a779307] [REQUEST][END]

[1 occurrence(s)]
DEBUG --> [REQ_ID=0a3f68e1b2f5] [REQUEST][START] GET /index.php/Management/Projects

[1 occurrence(s)]
DEBUG --> [REQ_ID=0a3f68e1b2f5] [FILTER_BEFORE] /index.php/Management/Projects

[1 occurrence(s)]
DEBUG --> [REQ_ID=0a3f68e1b2f5] [ROUTE] Controller=\App\Modules\Management\Controllers\ProjectsController Method=index

[1 occurrence(s)]
DEBUG --> [REQ_ID=0a3f68e1b2f5] [LIFECYCLE][START] GET https://mymiwallet.com/index.php/Management/Projects

[1 occurrence(s)]
DEBUG --> [CSRF] token name=csrf_test_name hash=9b56451463f0b6049eaea7c48db7df9f

[1 occurrence(s)]
DEBUG --> [REQ_ID=0a3f68e1b2f5] [REQUEST][END]

[1 occurrence(s)]
DEBUG --> [REQ_ID=9ab8ffc35ff8] [REQUEST][START] GET /index.php/login

[1 occurrence(s)]
DEBUG --> [REQ_ID=9ab8ffc35ff8] [FILTER_BEFORE] /index.php/login

[1 occurrence(s)]
DEBUG --> [REQ_ID=9ab8ffc35ff8] [ROUTE] Controller=\App\Controllers\AuthController Method=login

[1 occurrence(s)]
DEBUG --> [REQ_ID=9ab8ffc35ff8] [LIFECYCLE][START] GET https://mymiwallet.com/index.php/login

[1 occurrence(s)]
DEBUG --> [CSRF] token name=csrf_test_name hash=f60b938eee3033a424cf8fa496bf4875

[1 occurrence(s)]
DEBUG --> [REQ_ID=12e9e7b64f29] [INIT] App\Controllers\AuthController::GET

[1 occurrence(s)]
DEBUG --> [REQ_ID=9ab8ffc35ff8] [FILTER_AFTER]

[1 occurrence(s)]
DEBUG --> [REQ_ID=9ab8ffc35ff8] [LIFECYCLE][END] status=200 duration_ms=125.13 memory_delta=2097152

[1 occurrence(s)]
DEBUG --> [REQ_ID=9ab8ffc35ff8] [REQUEST][END]

[1 occurrence(s)]
DEBUG --> [REQ_ID=0ceb88b2c058] [REQUEST][START] GET /index.php/Investments/Watchlist

[1 occurrence(s)]
DEBUG --> [REQ_ID=0ceb88b2c058] [FILTER_BEFORE] /index.php/Investments/Watchlist

[1 occurrence(s)]
DEBUG --> [REQ_ID=0ceb88b2c058] [ROUTE] Controller=\App\Modules\User\Controllers\InvestmentsController Method=watchlist

[1 occurrence(s)]
DEBUG --> [REQ_ID=0ceb88b2c058] [LIFECYCLE][START] GET https://mymiwallet.com/index.php/Investments/Watchlist

[2 occurrence(s)]
DEBUG --> [CSRF] token name=csrf_test_name hash=b08031cf5e35b662c12a6cdcec29f4c7

[1 occurrence(s)]
DEBUG --> [REQ_ID=0ceb88b2c058] [REQUEST][END]

[1 occurrence(s)]
DEBUG --> [REQ_ID=9fa252d2ffb3] [REQUEST][START] GET /index.php/login

[1 occurrence(s)]
DEBUG --> [REQ_ID=9fa252d2ffb3] [FILTER_BEFORE] /index.php/login

[1 occurrence(s)]
DEBUG --> [REQ_ID=9fa252d2ffb3] [ROUTE] Controller=\App\Controllers\AuthController Method=login

[1 occurrence(s)]
DEBUG --> [REQ_ID=9fa252d2ffb3] [LIFECYCLE][START] GET https://mymiwallet.com/index.php/login

[1 occurrence(s)]
DEBUG --> [REQ_ID=2dbd38a5073e] [INIT] App\Controllers\AuthController::GET

[1 occurrence(s)]
DEBUG --> [AUTH_LOGIN_VIEW_REDIRECT_URL] /Investments/Watchlist

[1 occurrence(s)]
DEBUG --> [REQ_ID=9fa252d2ffb3] [FILTER_AFTER]

[1 occurrence(s)]
DEBUG --> [REQ_ID=9fa252d2ffb3] [LIFECYCLE][END] status=200 duration_ms=118.17 memory_delta=2097152

[1 occurrence(s)]
DEBUG --> [REQ_ID=9fa252d2ffb3] [REQUEST][END]

[1 occurrence(s)]
DEBUG --> [REQ_ID=e1da6b7f8632] [REQUEST][START] GET /index.php/Management/Users

[1 occurrence(s)]
DEBUG --> [REQ_ID=e1da6b7f8632] [FILTER_BEFORE] /index.php/Management/Users

[1 occurrence(s)]
DEBUG --> [REQ_ID=e1da6b7f8632] [ROUTE] Controller=\App\Modules\Management\Controllers\UsersController Method=index

[1 occurrence(s)]
DEBUG --> [REQ_ID=e1da6b7f8632] [LIFECYCLE][START] GET https://mymiwallet.com/index.php/Management/Users

[1 occurrence(s)]
DEBUG --> [CSRF] token name=csrf_test_name hash=df30549680e1e69861bea7ff259b95fc

[1 occurrence(s)]
DEBUG --> [REQ_ID=e1da6b7f8632] [REQUEST][END]

[1 occurrence(s)]
DEBUG --> [REQ_ID=10a537b566df] [REQUEST][START] GET /index.php/Management/Users

[1 occurrence(s)]
DEBUG --> [REQ_ID=10a537b566df] [FILTER_BEFORE] /index.php/Management/Users

[1 occurrence(s)]
DEBUG --> [REQ_ID=10a537b566df] [ROUTE] Controller=\App\Modules\Management\Controllers\UsersController Method=index

[1 occurrence(s)]
DEBUG --> [REQ_ID=10a537b566df] [LIFECYCLE][START] GET https://mymiwallet.com/index.php/Management/Users

[2 occurrence(s)]
DEBUG --> [CSRF] token name=csrf_test_name hash=0007ee5963e4e14ef7ac641f169feb6f

[1 occurrence(s)]
DEBUG --> [REQ_ID=10a537b566df] [REQUEST][END]

[1 occurrence(s)]
DEBUG --> [REQ_ID=e50b9902f7b6] [REQUEST][START] GET /index.php/login

[1 occurrence(s)]
DEBUG --> [REQ_ID=e50b9902f7b6] [FILTER_BEFORE] /index.php/login

[1 occurrence(s)]
DEBUG --> [REQ_ID=e50b9902f7b6] [ROUTE] Controller=\App\Controllers\AuthController Method=login

[1 occurrence(s)]
DEBUG --> [REQ_ID=e50b9902f7b6] [LIFECYCLE][START] GET https://mymiwallet.com/index.php/login

[1 occurrence(s)]
DEBUG --> [REQ_ID=3c295a826f26] [INIT] App\Controllers\AuthController::GET

[1 occurrence(s)]
DEBUG --> [AUTH_LOGIN_VIEW_REDIRECT_URL] /Management/Users

[1 occurrence(s)]
DEBUG --> [REQ_ID=e50b9902f7b6] [FILTER_AFTER]

[1 occurrence(s)]
DEBUG --> [REQ_ID=e50b9902f7b6] [LIFECYCLE][END] status=200 duration_ms=100.28 memory_delta=0

[1 occurrence(s)]
DEBUG --> [REQ_ID=e50b9902f7b6] [REQUEST][END]

[1 occurrence(s)]
DEBUG --> [REQ_ID=b9f90cb54478] [REQUEST][START] GET /index.php/Investments/Reports

[1 occurrence(s)]
DEBUG --> [REQ_ID=b9f90cb54478] [REQUEST][END]

[1 occurrence(s)]
DEBUG --> [REQ_ID=88110499cf2f] [REQUEST][START] GET /index.php/Investments/Reports

[1 occurrence(s)]
DEBUG --> [REQ_ID=88110499cf2f] [REQUEST][END]

[1 occurrence(s)]
DEBUG --> [REQ_ID=e5ccf6ed65e9] [REQUEST][START] GET /Investments/Trade-Tracker

[1 occurrence(s)]
DEBUG --> [REQ_ID=e5ccf6ed65e9] [REQUEST][END]

[1 occurrence(s)]
DEBUG --> [REQ_ID=dddce1292026] [REQUEST][START] GET /index.php/API/Management/Run-CRON-Tasks

[1 occurrence(s)]
DEBUG --> [REQ_ID=dddce1292026] [FILTER_BEFORE] /index.php/API/Management/Run-CRON-Tasks

[1 occurrence(s)]
DEBUG --> [REQ_ID=dddce1292026] [ROUTE] Controller=\App\Modules\APIs\Controllers\ManagementAPIController Method=Run_CRON_Tasks

[1 occurrence(s)]
DEBUG --> [REQ_ID=dddce1292026] [LIFECYCLE][START] GET https://mymiwallet.com/index.php/API/Management/Run-CRON-Tasks

[1 occurrence(s)]
DEBUG --> [REQ_ID=dddce1292026] [REQUEST][END]

[1 occurrence(s)]
DEBUG --> [REQ_ID=ee38591b8c22] [REQUEST][START] GET /

[1 occurrence(s)]
DEBUG --> [REQ_ID=ee38591b8c22] [FILTER_BEFORE] /

[1 occurrence(s)]
DEBUG --> [REQ_ID=ee38591b8c22] [ROUTE] Controller=\App\Controllers\Home Method=index

[1 occurrence(s)]
DEBUG --> [REQ_ID=ee38591b8c22] [LIFECYCLE][START] GET https://mymiwallet.com/index.php/

[1 occurrence(s)]
DEBUG --> [CSRF] token name=csrf_test_name hash=ff4d83e116ad3d22b1ef2457c0084c75

[1 occurrence(s)]
DEBUG --> [REQ_ID=8ecdb5c7fbde] [INIT] App\Controllers\Home::GET

[1 occurrence(s)]
DEBUG --> [REQ_ID=8ecdb5c7fbde] [VIEW_RENDER] themes/public/home

[1 occurrence(s)]
DEBUG --> [REQ_ID=ee38591b8c22] [FILTER_AFTER]

[1 occurrence(s)]
DEBUG --> [REQ_ID=ee38591b8c22] [LIFECYCLE][END] status=200 duration_ms=686.17 memory_delta=4194304

[1 occurrence(s)]
DEBUG --> [REQ_ID=ee38591b8c22] [REQUEST][END]

[1 occurrence(s)]
DEBUG --> [REQ_ID=7f1e9b785c37] [REQUEST][START] GET /.env

[1 occurrence(s)]
DEBUG --> [REQ_ID=7f1e9b785c37] [FILTER_BEFORE] /.env

[1 occurrence(s)]
DEBUG --> [REQ_ID=7f1e9b785c37] [ROUTE] Controller=\App\Modules\PropFirms\Controllers\PropFirmsController Method=index

[1 occurrence(s)]
DEBUG --> [REQ_ID=7f1e9b785c37] [LIFECYCLE][START] GET https://mymiwallet.com/index.php/.env

[1 occurrence(s)]
DEBUG --> [CSRF] token name=csrf_test_name hash=da1ec23c9340b1a57e56722442825a5e

[1 occurrence(s)]
DEBUG --> [REQ_ID=7f1e9b785c37] [REQUEST][END]

[1 occurrence(s)]
DEBUG --> [REQ_ID=b09d5520318d] [REQUEST][START] GET /

[1 occurrence(s)]
DEBUG --> [REQ_ID=b09d5520318d] [FILTER_BEFORE] /

[1 occurrence(s)]
DEBUG --> [REQ_ID=b09d5520318d] [ROUTE] Controller=\App\Controllers\Home Method=index

[1 occurrence(s)]
DEBUG --> [REQ_ID=b09d5520318d] [LIFECYCLE][START] GET https://mymiwallet.com/index.php/

[1 occurrence(s)]
DEBUG --> [CSRF] token name=csrf_test_name hash=9a7e518e3d31d3f0ded2e7e8850d7742

[1 occurrence(s)]
DEBUG --> [REQ_ID=7e4b2b474534] [INIT] App\Controllers\Home::GET

[1 occurrence(s)]
DEBUG --> [REQ_ID=7e4b2b474534] [VIEW_RENDER] themes/public/home

[1 occurrence(s)]
DEBUG --> [REQ_ID=b09d5520318d] [FILTER_AFTER]

[1 occurrence(s)]
DEBUG --> [REQ_ID=b09d5520318d] [LIFECYCLE][END] status=200 duration_ms=526.83 memory_delta=4194304

[1 occurrence(s)]
DEBUG --> [REQ_ID=b09d5520318d] [REQUEST][END]

[1 occurrence(s)]
DEBUG --> [REQ_ID=b2964a5cecf9] [REQUEST][START] GET /index.php/login

[1 occurrence(s)]
DEBUG --> [REQ_ID=b2964a5cecf9] [FILTER_BEFORE] /index.php/login

[1 occurrence(s)]
DEBUG --> [REQ_ID=b2964a5cecf9] [ROUTE] Controller=\App\Controllers\AuthController Method=login

[1 occurrence(s)]
DEBUG --> [REQ_ID=b2964a5cecf9] [LIFECYCLE][START] GET https://mymiwallet.com/index.php/login

[1 occurrence(s)]
DEBUG --> [CSRF] token name=csrf_test_name hash=994f909356c5b025923cd09094eb748b

[1 occurrence(s)]
DEBUG --> [REQ_ID=e61b3a897df9] [INIT] App\Controllers\AuthController::GET

[1 occurrence(s)]
DEBUG --> [REQ_ID=b2964a5cecf9] [FILTER_AFTER]

[1 occurrence(s)]
DEBUG --> [REQ_ID=b2964a5cecf9] [LIFECYCLE][END] status=200 duration_ms=53.64 memory_delta=0

[1 occurrence(s)]
DEBUG --> [REQ_ID=b2964a5cecf9] [REQUEST][END]

[1 occurrence(s)]
DEBUG --> [REQ_ID=a00244823cbd] [REQUEST][START] GET /.env.bak

[1 occurrence(s)]
DEBUG --> [REQ_ID=a00244823cbd] [FILTER_BEFORE] /.env.bak

[1 occurrence(s)]
DEBUG --> [REQ_ID=a00244823cbd] [ROUTE] Controller=\App\Modules\PropFirms\Controllers\PropFirmsController Method=index

[1 occurrence(s)]
DEBUG --> [REQ_ID=a00244823cbd] [LIFECYCLE][START] GET https://mymiwallet.com/index.php/.env.bak

[1 occurrence(s)]
DEBUG --> [CSRF] token name=csrf_test_name hash=1df15afd88ad85d73227e2c2d3dda067

[1 occurrence(s)]
DEBUG --> [REQ_ID=a00244823cbd] [REQUEST][END]

[1 occurrence(s)]
DEBUG --> [REQ_ID=49aa6755836c] [REQUEST][START] GET /index.php/login

[1 occurrence(s)]
DEBUG --> [REQ_ID=49aa6755836c] [FILTER_BEFORE] /index.php/login

[1 occurrence(s)]
DEBUG --> [REQ_ID=49aa6755836c] [ROUTE] Controller=\App\Controllers\AuthController Method=login

[1 occurrence(s)]
DEBUG --> [REQ_ID=49aa6755836c] [LIFECYCLE][START] GET https://mymiwallet.com/index.php/login

[1 occurrence(s)]
DEBUG --> [CSRF] token name=csrf_test_name hash=17ba1d76ed27cbdad206448307d624ae

[1 occurrence(s)]
DEBUG --> [REQ_ID=878381c519cf] [INIT] App\Controllers\AuthController::GET

[1 occurrence(s)]
DEBUG --> [REQ_ID=49aa6755836c] [FILTER_AFTER]

[1 occurrence(s)]
DEBUG --> [REQ_ID=49aa6755836c] [LIFECYCLE][END] status=200 duration_ms=26.30 memory_delta=0

[1 occurrence(s)]
DEBUG --> [REQ_ID=49aa6755836c] [REQUEST][END]

[1 occurrence(s)]
DEBUG --> [REQ_ID=a46da6c487f6] [REQUEST][START] GET /.env.save

[1 occurrence(s)]
DEBUG --> [REQ_ID=a46da6c487f6] [FILTER_BEFORE] /.env.save

[1 occurrence(s)]
DEBUG --> [REQ_ID=a46da6c487f6] [ROUTE] Controller=\App\Modules\PropFirms\Controllers\PropFirmsController Method=index

[1 occurrence(s)]
DEBUG --> [REQ_ID=a46da6c487f6] [LIFECYCLE][START] GET https://mymiwallet.com/index.php/.env.save

[1 occurrence(s)]
DEBUG --> [CSRF] token name=csrf_test_name hash=81e10514f36b87bcb4d3df47cf7f6749

[1 occurrence(s)]
DEBUG --> [REQ_ID=a46da6c487f6] [REQUEST][END]

[1 occurrence(s)]
DEBUG --> [REQ_ID=aacae42d2510] [REQUEST][START] GET /index.php/login

[1 occurrence(s)]
DEBUG --> [REQ_ID=aacae42d2510] [FILTER_BEFORE] /index.php/login

[1 occurrence(s)]
DEBUG --> [REQ_ID=aacae42d2510] [ROUTE] Controller=\App\Controllers\AuthController Method=login

[1 occurrence(s)]
DEBUG --> [REQ_ID=aacae42d2510] [LIFECYCLE][START] GET https://mymiwallet.com/index.php/login

[1 occurrence(s)]
DEBUG --> [CSRF] token name=csrf_test_name hash=ab848cd532e9f7e242cc5b036036003c

[1 occurrence(s)]
DEBUG --> [REQ_ID=8d231636b74f] [INIT] App\Controllers\AuthController::GET

[1 occurrence(s)]
DEBUG --> [REQ_ID=aacae42d2510] [FILTER_AFTER]

[1 occurrence(s)]
DEBUG --> [REQ_ID=aacae42d2510] [LIFECYCLE][END] status=200 duration_ms=50.21 memory_delta=0

[1 occurrence(s)]
DEBUG --> [REQ_ID=aacae42d2510] [REQUEST][END]

[1 occurrence(s)]
DEBUG --> [REQ_ID=d9ac6beedefe] [REQUEST][START] GET /.env.local

[1 occurrence(s)]
DEBUG --> [REQ_ID=d9ac6beedefe] [FILTER_BEFORE] /.env.local

[1 occurrence(s)]
DEBUG --> [REQ_ID=d9ac6beedefe] [ROUTE] Controller=\App\Modules\PropFirms\Controllers\PropFirmsController Method=index

[1 occurrence(s)]
DEBUG --> [REQ_ID=d9ac6beedefe] [LIFECYCLE][START] GET https://mymiwallet.com/index.php/.env.local

[1 occurrence(s)]
DEBUG --> [CSRF] token name=csrf_test_name hash=695e051a01e1e7e2f0d1ff8454cd7e23

[1 occurrence(s)]
DEBUG --> [REQ_ID=d9ac6beedefe] [REQUEST][END]

[1 occurrence(s)]
DEBUG --> [REQ_ID=7e94dfce9041] [REQUEST][START] GET /index.php/login

[1 occurrence(s)]
DEBUG --> [REQ_ID=7e94dfce9041] [FILTER_BEFORE] /index.php/login

[1 occurrence(s)]
DEBUG --> [REQ_ID=7e94dfce9041] [ROUTE] Controller=\App\Controllers\AuthController Method=login

[1 occurrence(s)]
DEBUG --> [REQ_ID=7e94dfce9041] [LIFECYCLE][START] GET https://mymiwallet.com/index.php/login

[1 occurrence(s)]
DEBUG --> [CSRF] token name=csrf_test_name hash=b2f09f483e4b100a399265164bad475a

[1 occurrence(s)]
DEBUG --> [REQ_ID=665fc3765b6e] [INIT] App\Controllers\AuthController::GET

[1 occurrence(s)]
DEBUG --> [REQ_ID=7e94dfce9041] [FILTER_AFTER]

[1 occurrence(s)]
DEBUG --> [REQ_ID=7e94dfce9041] [LIFECYCLE][END] status=200 duration_ms=27.94 memory_delta=0

[1 occurrence(s)]
DEBUG --> [REQ_ID=7e94dfce9041] [REQUEST][END]

[1 occurrence(s)]
DEBUG --> [REQ_ID=6dca3704c4f1] [REQUEST][START] GET /backend/.env

[1 occurrence(s)]
DEBUG --> [REQ_ID=6dca3704c4f1] [REQUEST][END]

[1 occurrence(s)]
DEBUG --> [REQ_ID=cfae4f41d093] [REQUEST][START] GET /admin/.env

[1 occurrence(s)]
DEBUG --> [REQ_ID=cfae4f41d093] [REQUEST][END]

[1 occurrence(s)]
DEBUG --> [REQ_ID=b89a3fa7a119] [REQUEST][START] GET /.git/config

[1 occurrence(s)]
DEBUG --> [REQ_ID=b89a3fa7a119] [REQUEST][END]

[1 occurrence(s)]
DEBUG --> [REQ_ID=5616a642c8b1] [REQUEST][START] GET /config.js

[1 occurrence(s)]
DEBUG --> [REQ_ID=5616a642c8b1] [FILTER_BEFORE] /config.js

[1 occurrence(s)]
DEBUG --> [REQ_ID=5616a642c8b1] [ROUTE] Controller=\App\Modules\PropFirms\Controllers\PropFirmsController Method=index

[1 occurrence(s)]
DEBUG --> [REQ_ID=5616a642c8b1] [LIFECYCLE][START] GET https://mymiwallet.com/index.php/config.js

[1 occurrence(s)]
DEBUG --> [CSRF] token name=csrf_test_name hash=9ede6fe2b41872867c25ac64b4d89366

[1 occurrence(s)]
DEBUG --> [REQ_ID=5616a642c8b1] [REQUEST][END]

[1 occurrence(s)]
DEBUG --> [REQ_ID=b9053b7df4a3] [REQUEST][START] GET /aws-config.js

[1 occurrence(s)]
DEBUG --> [REQ_ID=b9053b7df4a3] [FILTER_BEFORE] /aws-config.js

[1 occurrence(s)]
DEBUG --> [REQ_ID=b9053b7df4a3] [ROUTE] Controller=\App\Modules\PropFirms\Controllers\PropFirmsController Method=index

[1 occurrence(s)]
DEBUG --> [REQ_ID=b9053b7df4a3] [LIFECYCLE][START] GET https://mymiwallet.com/index.php/aws-config.js

[1 occurrence(s)]
DEBUG --> [CSRF] token name=csrf_test_name hash=681abf557de511edcd374ba03f3cdc66

[1 occurrence(s)]
DEBUG --> [REQ_ID=b9053b7df4a3] [REQUEST][END]

[1 occurrence(s)]
DEBUG --> [REQ_ID=b1b332a0e4b9] [REQUEST][START] GET /aws.config.js

[1 occurrence(s)]
DEBUG --> [REQ_ID=b1b332a0e4b9] [FILTER_BEFORE] /aws.config.js

[1 occurrence(s)]
DEBUG --> [REQ_ID=b1b332a0e4b9] [ROUTE] Controller=\App\Modules\PropFirms\Controllers\PropFirmsController Method=index

[1 occurrence(s)]
DEBUG --> [REQ_ID=b1b332a0e4b9] [LIFECYCLE][START] GET https://mymiwallet.com/index.php/aws.config.js

[1 occurrence(s)]
DEBUG --> [CSRF] token name=csrf_test_name hash=1765eb70043287e485b3d8c397300145

[1 occurrence(s)]
DEBUG --> [REQ_ID=b1b332a0e4b9] [REQUEST][END]

[1 occurrence(s)]
DEBUG --> [REQ_ID=64577484e02b] [REQUEST][START] GET /phpinfo.php

[1 occurrence(s)]
DEBUG --> [REQ_ID=64577484e02b] [FILTER_BEFORE] /phpinfo.php

[1 occurrence(s)]
DEBUG --> [REQ_ID=64577484e02b] [ROUTE] Controller=\App\Modules\PropFirms\Controllers\PropFirmsController Method=index

[1 occurrence(s)]
DEBUG --> [REQ_ID=64577484e02b] [LIFECYCLE][START] GET https://mymiwallet.com/index.php/phpinfo.php

[1 occurrence(s)]
DEBUG --> [CSRF] token name=csrf_test_name hash=2b9702bbe6f38c83ee37c5a18b0b53a9

[1 occurrence(s)]
DEBUG --> [REQ_ID=64577484e02b] [REQUEST][END]

[1 occurrence(s)]
DEBUG --> [REQ_ID=c0184745112c] [REQUEST][START] GET /index.php/login

[1 occurrence(s)]
DEBUG --> [REQ_ID=c0184745112c] [FILTER_BEFORE] /index.php/login

[1 occurrence(s)]
DEBUG --> [REQ_ID=c0184745112c] [ROUTE] Controller=\App\Controllers\AuthController Method=login

[1 occurrence(s)]
DEBUG --> [REQ_ID=c0184745112c] [LIFECYCLE][START] GET https://mymiwallet.com/index.php/login

[1 occurrence(s)]
DEBUG --> [CSRF] token name=csrf_test_name hash=8220bd20b839ea1217670f8c058c0562

[1 occurrence(s)]
DEBUG --> [REQ_ID=a61efe098ff2] [INIT] App\Controllers\AuthController::GET

[1 occurrence(s)]
DEBUG --> [REQ_ID=c0184745112c] [FILTER_AFTER]

[1 occurrence(s)]
DEBUG --> [REQ_ID=c0184745112c] [LIFECYCLE][END] status=200 duration_ms=28.77 memory_delta=0

[1 occurrence(s)]
DEBUG --> [REQ_ID=c0184745112c] [REQUEST][END]

[1 occurrence(s)]
DEBUG --> [REQ_ID=cd38330ee046] [REQUEST][START] GET /.git/HEAD

[1 occurrence(s)]
DEBUG --> [REQ_ID=cd38330ee046] [REQUEST][END]

[1 occurrence(s)]
DEBUG --> [REQ_ID=ab28ae158790] [REQUEST][START] GET /.git/config

[1 occurrence(s)]
DEBUG --> [REQ_ID=ab28ae158790] [REQUEST][END]

[1 occurrence(s)]
DEBUG --> [REQ_ID=cb4ae36d9f0d] [REQUEST][START] GET /index.php/API/Alerts/fetchEmailAlerts

[1 occurrence(s)]
DEBUG --> [REQ_ID=cb4ae36d9f0d] [FILTER_BEFORE] /index.php/API/Alerts/fetchEmailAlerts

[1 occurrence(s)]
DEBUG --> [REQ_ID=cb4ae36d9f0d] [ROUTE] Controller=\App\Modules\APIs\Controllers\AlertsAPIController Method=fetchEmailAlerts

[1 occurrence(s)]
DEBUG --> [REQ_ID=cb4ae36d9f0d] [LIFECYCLE][START] GET https://mymiwallet.com/index.php/API/Alerts/fetchEmailAlerts

[1 occurrence(s)]
DEBUG --> [REQ_ID=cb4ae36d9f0d] [REQUEST][END]

[1 occurrence(s)]
DEBUG --> [REQ_ID=0e8d737dbc1a] [REQUEST][START] GET /index.php/Management/Marketing/Campaigns

[1 occurrence(s)]
DEBUG --> [REQ_ID=0e8d737dbc1a] [FILTER_BEFORE] /index.php/Management/Marketing/Campaigns

[1 occurrence(s)]
DEBUG --> [REQ_ID=0e8d737dbc1a] [ROUTE] Controller=\App\Modules\Management\Controllers\MarketingAdminController Method=campaigns

[1 occurrence(s)]
DEBUG --> [REQ_ID=0e8d737dbc1a] [LIFECYCLE][START] GET https://mymiwallet.com/index.php/Management/Marketing/Campaigns

[2 occurrence(s)]
DEBUG --> [CSRF] token name=csrf_test_name hash=e145cab8704e9310d6b08a0d8453a9fc

[1 occurrence(s)]
DEBUG --> [REQ_ID=0e8d737dbc1a] [REQUEST][END]

[1 occurrence(s)]
DEBUG --> [REQ_ID=43ae98ad8e1c] [REQUEST][START] GET /index.php/login

[1 occurrence(s)]
DEBUG --> [REQ_ID=43ae98ad8e1c] [FILTER_BEFORE] /index.php/login

[1 occurrence(s)]
DEBUG --> [REQ_ID=43ae98ad8e1c] [ROUTE] Controller=\App\Controllers\AuthController Method=login

[1 occurrence(s)]
DEBUG --> [REQ_ID=43ae98ad8e1c] [LIFECYCLE][START] GET https://mymiwallet.com/index.php/login

[1 occurrence(s)]
DEBUG --> [REQ_ID=8f2a1ba3a7e8] [INIT] App\Controllers\AuthController::GET

[1 occurrence(s)]
DEBUG --> [AUTH_LOGIN_VIEW_REDIRECT_URL] /Management/Marketing/Campaigns

[1 occurrence(s)]
DEBUG --> [REQ_ID=43ae98ad8e1c] [FILTER_AFTER]

[1 occurrence(s)]
DEBUG --> [REQ_ID=43ae98ad8e1c] [LIFECYCLE][END] status=200 duration_ms=142.24 memory_delta=2097152

[1 occurrence(s)]
DEBUG --> [REQ_ID=43ae98ad8e1c] [REQUEST][END]

[1 occurrence(s)]
DEBUG --> [REQ_ID=55892666ccf9] [REQUEST][START] GET /

[1 occurrence(s)]
DEBUG --> [REQ_ID=55892666ccf9] [FILTER_BEFORE] /

[1 occurrence(s)]
DEBUG --> [REQ_ID=55892666ccf9] [ROUTE] Controller=\App\Controllers\Home Method=index

[1 occurrence(s)]
DEBUG --> [REQ_ID=55892666ccf9] [LIFECYCLE][START] GET https://mymiwallet.com/index.php/

[1 occurrence(s)]
DEBUG --> [CSRF] token name=csrf_test_name hash=96f761c2571733312262ba764c166d21

[1 occurrence(s)]
DEBUG --> [REQ_ID=70a6c6268459] [INIT] App\Controllers\Home::GET

[1 occurrence(s)]
DEBUG --> [REQ_ID=70a6c6268459] [VIEW_RENDER] themes/public/home

[1 occurrence(s)]
DEBUG --> [REQ_ID=55892666ccf9] [FILTER_AFTER]

[1 occurrence(s)]
DEBUG --> [REQ_ID=55892666ccf9] [LIFECYCLE][END] status=200 duration_ms=744.31 memory_delta=4194304

[1 occurrence(s)]
DEBUG --> [REQ_ID=55892666ccf9] [REQUEST][END]

[1 occurrence(s)]
DEBUG --> [REQ_ID=8789e98b52f9] [REQUEST][START] GET /

[1 occurrence(s)]
DEBUG --> [REQ_ID=8789e98b52f9] [FILTER_BEFORE] /

[1 occurrence(s)]
DEBUG --> [REQ_ID=8789e98b52f9] [ROUTE] Controller=\App\Controllers\Home Method=index

[1 occurrence(s)]
DEBUG --> [REQ_ID=8789e98b52f9] [LIFECYCLE][START] GET https://mymiwallet.com/index.php/

[1 occurrence(s)]
DEBUG --> [CSRF] token name=csrf_test_name hash=9aced73cf44e8073edeea8719c4aa7d3

[1 occurrence(s)]
DEBUG --> [REQ_ID=d1c70302c401] [INIT] App\Controllers\Home::GET

[1 occurrence(s)]
DEBUG --> [REQ_ID=d1c70302c401] [VIEW_RENDER] themes/public/home

[1 occurrence(s)]
DEBUG --> [REQ_ID=8789e98b52f9] [FILTER_AFTER]

[1 occurrence(s)]
DEBUG --> [REQ_ID=8789e98b52f9] [LIFECYCLE][END] status=200 duration_ms=548.37 memory_delta=2097152

[1 occurrence(s)]
DEBUG --> [REQ_ID=8789e98b52f9] [REQUEST][END]

[1 occurrence(s)]
DEBUG --> [REQ_ID=4be2363c1664] [REQUEST][START] GET /index.php/login

[1 occurrence(s)]
DEBUG --> [REQ_ID=4be2363c1664] [REQUEST][END]

[1 occurrence(s)]
DEBUG --> [REQ_ID=948e6c7614f2] [REQUEST][START] GET /index.php/Knowledge-Base/Getting-Started

[1 occurrence(s)]
DEBUG --> [REQ_ID=948e6c7614f2] [REQUEST][END]

[1 occurrence(s)]
DEBUG --> [REQ_ID=3a26542f9579] [REQUEST][START] GET /

[1 occurrence(s)]
DEBUG --> [REQ_ID=3a26542f9579] [FILTER_BEFORE] /

[1 occurrence(s)]
DEBUG --> [REQ_ID=3a26542f9579] [ROUTE] Controller=\App\Controllers\Home Method=index

[1 occurrence(s)]
DEBUG --> [REQ_ID=3a26542f9579] [LIFECYCLE][START] GET https://mymiwallet.com/index.php/

[1 occurrence(s)]
DEBUG --> [CSRF] token name=csrf_test_name hash=ea8cfbc5f1be650c2c097c12cf2d607c

[1 occurrence(s)]
DEBUG --> [REQ_ID=8a5e6bd8abc1] [INIT] App\Controllers\Home::GET

[1 occurrence(s)]
DEBUG --> [REQ_ID=8a5e6bd8abc1] [VIEW_RENDER] themes/public/home

[1 occurrence(s)]
DEBUG --> [REQ_ID=3a26542f9579] [FILTER_AFTER]

[1 occurrence(s)]
DEBUG --> [REQ_ID=3a26542f9579] [LIFECYCLE][END] status=200 duration_ms=643.64 memory_delta=4194304

[1 occurrence(s)]
DEBUG --> [REQ_ID=3a26542f9579] [REQUEST][END]

[1 occurrence(s)]
DEBUG --> [REQ_ID=14bb958bcd9b] [REQUEST][START] GET /index.php/Exchange

[1 occurrence(s)]
DEBUG --> [REQ_ID=14bb958bcd9b] [FILTER_BEFORE] /index.php/Exchange

[1 occurrence(s)]
DEBUG --> [REQ_ID=14bb958bcd9b] [ROUTE] Controller=\App\Modules\PropFirms\Controllers\PropFirmsController Method=index

[1 occurrence(s)]
DEBUG --> [REQ_ID=14bb958bcd9b] [LIFECYCLE][START] GET https://mymiwallet.com/index.php/Exchange

[2 occurrence(s)]
DEBUG --> [CSRF] token name=csrf_test_name hash=5633f8f15bfa0de431a954458d26a86e

[1 occurrence(s)]
DEBUG --> [REQ_ID=14bb958bcd9b] [REQUEST][END]

[1 occurrence(s)]
DEBUG --> [REQ_ID=2b84c310fc0e] [REQUEST][START] GET /index.php/login

[1 occurrence(s)]
DEBUG --> [REQ_ID=2b84c310fc0e] [FILTER_BEFORE] /index.php/login

[1 occurrence(s)]
DEBUG --> [REQ_ID=2b84c310fc0e] [ROUTE] Controller=\App\Controllers\AuthController Method=login

[1 occurrence(s)]
DEBUG --> [REQ_ID=2b84c310fc0e] [LIFECYCLE][START] GET https://mymiwallet.com/index.php/login

[1 occurrence(s)]
DEBUG --> [REQ_ID=3ccdf1d1e7cb] [INIT] App\Controllers\AuthController::GET

[1 occurrence(s)]
DEBUG --> [AUTH_LOGIN_VIEW_REDIRECT_URL] /Exchange

[1 occurrence(s)]
DEBUG --> [REQ_ID=2b84c310fc0e] [FILTER_AFTER]

[1 occurrence(s)]
DEBUG --> [REQ_ID=2b84c310fc0e] [LIFECYCLE][END] status=200 duration_ms=49.00 memory_delta=2097152

[1 occurrence(s)]
DEBUG --> [REQ_ID=2b84c310fc0e] [REQUEST][END]

[1 occurrence(s)]
DEBUG --> [REQ_ID=dc9e8919edda] [REQUEST][START] GET /sitemap.html

[1 occurrence(s)]
DEBUG --> [REQ_ID=dc9e8919edda] [FILTER_BEFORE] /sitemap.html

[1 occurrence(s)]
DEBUG --> [REQ_ID=dc9e8919edda] [ROUTE] Controller=\App\Modules\PropFirms\Controllers\PropFirmsController Method=index

[1 occurrence(s)]
DEBUG --> [REQ_ID=dc9e8919edda] [LIFECYCLE][START] GET https://mymiwallet.com/index.php/sitemap.html

[1 occurrence(s)]
DEBUG --> [CSRF] token name=csrf_test_name hash=058ec15e511c137c398f5c78398f36bd

[1 occurrence(s)]
DEBUG --> [REQ_ID=dc9e8919edda] [REQUEST][END]

[1 occurrence(s)]
DEBUG --> [REQ_ID=58eaa6b72cbc] [REQUEST][START] GET /index.php/Management/Alerts

[1 occurrence(s)]
DEBUG --> [REQ_ID=58eaa6b72cbc] [FILTER_BEFORE] /index.php/Management/Alerts

[1 occurrence(s)]
DEBUG --> [REQ_ID=58eaa6b72cbc] [ROUTE] Controller=\App\Modules\Management\Controllers\AlertsAdminController Method=index

[1 occurrence(s)]
DEBUG --> [REQ_ID=58eaa6b72cbc] [LIFECYCLE][START] GET https://mymiwallet.com/index.php/Management/Alerts

[2 occurrence(s)]
DEBUG --> [CSRF] token name=csrf_test_name hash=4ba073d36703ee937e6500a40c37a228

[1 occurrence(s)]
DEBUG --> [REQ_ID=58eaa6b72cbc] [REQUEST][END]

[1 occurrence(s)]
DEBUG --> [REQ_ID=28cae0aacb2d] [REQUEST][START] GET /index.php/login

[1 occurrence(s)]
DEBUG --> [REQ_ID=28cae0aacb2d] [FILTER_BEFORE] /index.php/login

[1 occurrence(s)]
DEBUG --> [REQ_ID=28cae0aacb2d] [ROUTE] Controller=\App\Controllers\AuthController Method=login

[1 occurrence(s)]
DEBUG --> [REQ_ID=28cae0aacb2d] [LIFECYCLE][START] GET https://mymiwallet.com/index.php/login

[1 occurrence(s)]
DEBUG --> [REQ_ID=7fa1baea2da3] [INIT] App\Controllers\AuthController::GET

[1 occurrence(s)]
DEBUG --> [AUTH_LOGIN_VIEW_REDIRECT_URL] /Management/Alerts

[1 occurrence(s)]
DEBUG --> [REQ_ID=28cae0aacb2d] [FILTER_AFTER]

[1 occurrence(s)]
DEBUG --> [REQ_ID=28cae0aacb2d] [LIFECYCLE][END] status=200 duration_ms=73.93 memory_delta=2097152

[1 occurrence(s)]
DEBUG --> [REQ_ID=28cae0aacb2d] [REQUEST][END]

[1 occurrence(s)]
DEBUG --> [REQ_ID=cc22afe9faa8] [REQUEST][START] GET /Dashboard

[1 occurrence(s)]
DEBUG --> [REQ_ID=cc22afe9faa8] [REQUEST][END]

[1 occurrence(s)]
DEBUG --> [REQ_ID=12de39f1590f] [REQUEST][START] GET /index.php/Management/Marketing/Content/Generator

[1 occurrence(s)]
DEBUG --> [REQ_ID=12de39f1590f] [FILTER_BEFORE] /index.php/Management/Marketing/Content/Generator

[1 occurrence(s)]
DEBUG --> [REQ_ID=12de39f1590f] [ROUTE] Controller=\App\Modules\Management\Controllers\MarketingAdminController Method=contentGenerator

[1 occurrence(s)]
DEBUG --> [REQ_ID=12de39f1590f] [LIFECYCLE][START] GET https://mymiwallet.com/index.php/Management/Marketing/Content/Generator

[2 occurrence(s)]
DEBUG --> [CSRF] token name=csrf_test_name hash=fd3505666c933f9d8b1bc261048ccd57

[1 occurrence(s)]
DEBUG --> [REQ_ID=12de39f1590f] [REQUEST][END]

[1 occurrence(s)]
DEBUG --> [REQ_ID=6032a3ef3116] [REQUEST][START] GET /index.php/login

[1 occurrence(s)]
DEBUG --> [REQ_ID=6032a3ef3116] [FILTER_BEFORE] /index.php/login

[1 occurrence(s)]
DEBUG --> [REQ_ID=6032a3ef3116] [ROUTE] Controller=\App\Controllers\AuthController Method=login

[1 occurrence(s)]
DEBUG --> [REQ_ID=6032a3ef3116] [LIFECYCLE][START] GET https://mymiwallet.com/index.php/login

[1 occurrence(s)]
DEBUG --> [REQ_ID=2a0cd60ec852] [INIT] App\Controllers\AuthController::GET

[1 occurrence(s)]
DEBUG --> [AUTH_LOGIN_VIEW_REDIRECT_URL] /Management/Marketing/Content/Generator

[1 occurrence(s)]
DEBUG --> [REQ_ID=6032a3ef3116] [FILTER_AFTER]

[1 occurrence(s)]
DEBUG --> [REQ_ID=6032a3ef3116] [LIFECYCLE][END] status=200 duration_ms=342.46 memory_delta=2097152

[1 occurrence(s)]
DEBUG --> [REQ_ID=6032a3ef3116] [REQUEST][END]

[1 occurrence(s)]
DEBUG --> [REQ_ID=6870ad29a5ae] [REQUEST][START] GET /index.php/API/Management/Run-CRON-Tasks

[1 occurrence(s)]
DEBUG --> [REQ_ID=6870ad29a5ae] [FILTER_BEFORE] /index.php/API/Management/Run-CRON-Tasks

[1 occurrence(s)]
DEBUG --> [REQ_ID=6870ad29a5ae] [ROUTE] Controller=\App\Modules\APIs\Controllers\ManagementAPIController Method=Run_CRON_Tasks

[1 occurrence(s)]
DEBUG --> [REQ_ID=6870ad29a5ae] [LIFECYCLE][START] GET https://mymiwallet.com/index.php/API/Management/Run-CRON-Tasks

[1 occurrence(s)]
DEBUG --> [REQ_ID=6870ad29a5ae] [REQUEST][END]

[1 occurrence(s)]
DEBUG --> [REQ_ID=8c2c87e48942] [REQUEST][START] GET /index.php/Investments

[1 occurrence(s)]
DEBUG --> [REQ_ID=8c2c87e48942] [FILTER_BEFORE] /index.php/Investments

[1 occurrence(s)]
DEBUG --> [REQ_ID=8c2c87e48942] [ROUTE] Controller=\App\Modules\PropFirms\Controllers\PropFirmsController Method=index

[1 occurrence(s)]
DEBUG --> [REQ_ID=8c2c87e48942] [LIFECYCLE][START] GET https://mymiwallet.com/index.php/Investments

[2 occurrence(s)]
DEBUG --> [CSRF] token name=csrf_test_name hash=c1f5d649fbf5933d640bf1d86922589e

[1 occurrence(s)]
DEBUG --> [REQ_ID=8c2c87e48942] [REQUEST][END]

[1 occurrence(s)]
DEBUG --> [REQ_ID=87edb03d87b6] [REQUEST][START] GET /index.php/login

[1 occurrence(s)]
DEBUG --> [REQ_ID=87edb03d87b6] [FILTER_BEFORE] /index.php/login

[1 occurrence(s)]
DEBUG --> [REQ_ID=87edb03d87b6] [ROUTE] Controller=\App\Controllers\AuthController Method=login

[1 occurrence(s)]
DEBUG --> [REQ_ID=87edb03d87b6] [LIFECYCLE][START] GET https://mymiwallet.com/index.php/login

[1 occurrence(s)]
DEBUG --> [REQ_ID=50f2fef30170] [INIT] App\Controllers\AuthController::GET

[1 occurrence(s)]
DEBUG --> [AUTH_LOGIN_VIEW_REDIRECT_URL] /Investments

[1 occurrence(s)]
DEBUG --> [REQ_ID=87edb03d87b6] [FILTER_AFTER]

[1 occurrence(s)]
DEBUG --> [REQ_ID=87edb03d87b6] [LIFECYCLE][END] status=200 duration_ms=115.54 memory_delta=2097152

[1 occurrence(s)]
DEBUG --> [REQ_ID=87edb03d87b6] [REQUEST][END]

[1 occurrence(s)]
DEBUG --> [REQ_ID=df71d2f3a807] [REQUEST][START] GET /index.php/login

[1 occurrence(s)]
DEBUG --> [REQ_ID=df71d2f3a807] [FILTER_BEFORE] /index.php/login

[1 occurrence(s)]
DEBUG --> [REQ_ID=df71d2f3a807] [ROUTE] Controller=\App\Controllers\AuthController Method=login

[1 occurrence(s)]
DEBUG --> [REQ_ID=df71d2f3a807] [LIFECYCLE][START] GET https://mymiwallet.com/index.php/login

[16 occurrence(s)]
DEBUG --> [CSRF] token name=csrf_test_name hash=1ad2b26e83b8103e8191708486d4c263

[1 occurrence(s)]
DEBUG --> [REQ_ID=b2e410c27b97] [INIT] App\Controllers\AuthController::GET

[1 occurrence(s)]
DEBUG --> [REQ_ID=df71d2f3a807] [FILTER_AFTER]

[1 occurrence(s)]
DEBUG --> [REQ_ID=df71d2f3a807] [LIFECYCLE][END] status=200 duration_ms=206.63 memory_delta=0

[1 occurrence(s)]
DEBUG --> [REQ_ID=df71d2f3a807] [REQUEST][END]

[1 occurrence(s)]
DEBUG --> [REQ_ID=1e1d997a88f8] [REQUEST][START] GET /index.php/login

[1 occurrence(s)]
DEBUG --> [REQ_ID=1e1d997a88f8] [FILTER_BEFORE] /index.php/login

[1 occurrence(s)]
DEBUG --> [REQ_ID=1e1d997a88f8] [ROUTE] Controller=\App\Controllers\AuthController Method=login

[1 occurrence(s)]
DEBUG --> [REQ_ID=1e1d997a88f8] [LIFECYCLE][START] GET https://mymiwallet.com/index.php/login

[1 occurrence(s)]
DEBUG --> [REQ_ID=d0e6cd036fbb] [INIT] App\Controllers\AuthController::GET

[1 occurrence(s)]
DEBUG --> [REQ_ID=1e1d997a88f8] [FILTER_AFTER]

[1 occurrence(s)]
DEBUG --> [REQ_ID=1e1d997a88f8] [LIFECYCLE][END] status=200 duration_ms=46.71 memory_delta=0

[1 occurrence(s)]
DEBUG --> [REQ_ID=1e1d997a88f8] [REQUEST][END]

[1 occurrence(s)]
DEBUG --> [REQ_ID=f616d4d2b9c4] [REQUEST][START] GET /index.php/login

[1 occurrence(s)]
DEBUG --> [REQ_ID=f616d4d2b9c4] [FILTER_BEFORE] /index.php/login

[1 occurrence(s)]
DEBUG --> [REQ_ID=f616d4d2b9c4] [ROUTE] Controller=\App\Controllers\AuthController Method=login

[1 occurrence(s)]
DEBUG --> [REQ_ID=f616d4d2b9c4] [LIFECYCLE][START] GET https://mymiwallet.com/index.php/login

[1 occurrence(s)]
DEBUG --> [REQ_ID=83bee33d5867] [INIT] App\Controllers\AuthController::GET

[1 occurrence(s)]
DEBUG --> [REQ_ID=f616d4d2b9c4] [FILTER_AFTER]

[1 occurrence(s)]
DEBUG --> [REQ_ID=f616d4d2b9c4] [LIFECYCLE][END] status=200 duration_ms=60.10 memory_delta=0

[1 occurrence(s)]
DEBUG --> [REQ_ID=f616d4d2b9c4] [REQUEST][END]

[1 occurrence(s)]
DEBUG --> [REQ_ID=134b3de7e6c5] [REQUEST][START] GET /index.php/

[1 occurrence(s)]
DEBUG --> [REQ_ID=134b3de7e6c5] [FILTER_BEFORE] /index.php/

[1 occurrence(s)]
DEBUG --> [REQ_ID=134b3de7e6c5] [ROUTE] Controller=\App\Controllers\Home Method=index

[1 occurrence(s)]
DEBUG --> [REQ_ID=134b3de7e6c5] [LIFECYCLE][START] GET https://mymiwallet.com/index.php/

[1 occurrence(s)]
DEBUG --> [REQ_ID=17e8be56ec2e] [INIT] App\Controllers\Home::GET

[1 occurrence(s)]
DEBUG --> [REQ_ID=17e8be56ec2e] [VIEW_RENDER] themes/public/home

[1 occurrence(s)]
DEBUG --> [REQ_ID=134b3de7e6c5] [FILTER_AFTER]

[1 occurrence(s)]
DEBUG --> [REQ_ID=134b3de7e6c5] [LIFECYCLE][END] status=200 duration_ms=549.37 memory_delta=4194304

[1 occurrence(s)]
DEBUG --> [REQ_ID=134b3de7e6c5] [REQUEST][END]

[1 occurrence(s)]
DEBUG --> [REQ_ID=e066aabf2b3f] [REQUEST][START] GET /index.php/

[1 occurrence(s)]
DEBUG --> [REQ_ID=e066aabf2b3f] [FILTER_BEFORE] /index.php/

[1 occurrence(s)]
DEBUG --> [REQ_ID=e066aabf2b3f] [ROUTE] Controller=\App\Controllers\Home Method=index

[1 occurrence(s)]
DEBUG --> [REQ_ID=e066aabf2b3f] [LIFECYCLE][START] GET https://mymiwallet.com/index.php/

[1 occurrence(s)]
DEBUG --> [REQ_ID=18bd75382144] [INIT] App\Controllers\Home::GET

[1 occurrence(s)]
DEBUG --> [REQ_ID=18bd75382144] [VIEW_RENDER] themes/public/home

[1 occurrence(s)]
DEBUG --> [REQ_ID=e066aabf2b3f] [FILTER_AFTER]

[1 occurrence(s)]
DEBUG --> [REQ_ID=e066aabf2b3f] [LIFECYCLE][END] status=200 duration_ms=577.03 memory_delta=4194304

[1 occurrence(s)]
DEBUG --> [REQ_ID=e066aabf2b3f] [REQUEST][END]

[1 occurrence(s)]
DEBUG --> [REQ_ID=d4d9c6fe9986] [REQUEST][START] GET /index.php/login?_gl=1*14kglq*_ga*MTc1NDYwMjM1LjE3NzEwODc5Njk.*_ga_2FS4BNS0SL*czE3NzY1NzU1MDgkbzQ0JGcxJHQxNzc2NTc1NTEyJGo1NiRsMCRoMA..

[1 occurrence(s)]
DEBUG --> [REQ_ID=d4d9c6fe9986] [FILTER_BEFORE] /index.php/login?_gl=1*14kglq*_ga*MTc1NDYwMjM1LjE3NzEwODc5Njk.*_ga_2FS4BNS0SL*czE3NzY1NzU1MDgkbzQ0JGcxJHQxNzc2NTc1NTEyJGo1NiRsMCRoMA..

[1 occurrence(s)]
DEBUG --> [REQ_ID=d4d9c6fe9986] [ROUTE] Controller=\App\Controllers\AuthController Method=login

[1 occurrence(s)]
DEBUG --> [REQ_ID=d4d9c6fe9986] [LIFECYCLE][START] GET https://mymiwallet.com/index.php/login?_gl=1%2A14kglq%2A_ga%2AMTc1NDYwMjM1LjE3NzEwODc5Njk.%2A_ga_2FS4BNS0SL%2AczE3NzY1NzU1MDgkbzQ0JGcxJHQxNzc2NTc1NTEyJGo1NiRsMCRoMA..

[1 occurrence(s)]
DEBUG --> [REQ_ID=43ac86eb337a] [INIT] App\Controllers\AuthController::GET

[1 occurrence(s)]
DEBUG --> [REQ_ID=d4d9c6fe9986] [FILTER_AFTER]

[1 occurrence(s)]
DEBUG --> [REQ_ID=d4d9c6fe9986] [LIFECYCLE][END] status=302 duration_ms=14.44 memory_delta=0

[1 occurrence(s)]
DEBUG --> [REQ_ID=d4d9c6fe9986] [REQUEST][END]

[1 occurrence(s)]
DEBUG --> [REQ_ID=5cdab1724536] [REQUEST][START] GET /index.php/login

[1 occurrence(s)]
DEBUG --> [REQ_ID=5cdab1724536] [FILTER_BEFORE] /index.php/login

[1 occurrence(s)]
DEBUG --> [REQ_ID=5cdab1724536] [ROUTE] Controller=\App\Controllers\AuthController Method=login

[1 occurrence(s)]
DEBUG --> [REQ_ID=5cdab1724536] [LIFECYCLE][START] GET https://mymiwallet.com/index.php/login

[1 occurrence(s)]
DEBUG --> [REQ_ID=d835486769bd] [INIT] App\Controllers\AuthController::GET

[1 occurrence(s)]
DEBUG --> [REQ_ID=5cdab1724536] [FILTER_AFTER]

[1 occurrence(s)]
DEBUG --> [REQ_ID=5cdab1724536] [LIFECYCLE][END] status=200 duration_ms=28.69 memory_delta=0

[1 occurrence(s)]
DEBUG --> [REQ_ID=5cdab1724536] [REQUEST][END]

[1 occurrence(s)]
DEBUG --> [REQ_ID=139a5453706f] [REQUEST][START] GET /index.php/login

[1 occurrence(s)]
DEBUG --> [REQ_ID=139a5453706f] [FILTER_BEFORE] /index.php/login

[1 occurrence(s)]
DEBUG --> [REQ_ID=139a5453706f] [ROUTE] Controller=\App\Controllers\AuthController Method=login

[1 occurrence(s)]
DEBUG --> [REQ_ID=139a5453706f] [LIFECYCLE][START] GET https://mymiwallet.com/index.php/login

[1 occurrence(s)]
DEBUG --> [REQ_ID=d19233c80133] [INIT] App\Controllers\AuthController::GET

[1 occurrence(s)]
DEBUG --> [REQ_ID=139a5453706f] [FILTER_AFTER]

[1 occurrence(s)]
DEBUG --> [REQ_ID=139a5453706f] [LIFECYCLE][END] status=200 duration_ms=31.24 memory_delta=0

[1 occurrence(s)]
DEBUG --> [REQ_ID=139a5453706f] [REQUEST][END]

[1 occurrence(s)]
DEBUG --> [REQ_ID=740bb62d5c48] [REQUEST][START] GET /index.php/login

[1 occurrence(s)]
DEBUG --> [REQ_ID=740bb62d5c48] [FILTER_BEFORE] /index.php/login

[1 occurrence(s)]
DEBUG --> [REQ_ID=740bb62d5c48] [ROUTE] Controller=\App\Controllers\AuthController Method=login

[1 occurrence(s)]
DEBUG --> [REQ_ID=740bb62d5c48] [LIFECYCLE][START] GET https://mymiwallet.com/index.php/login

[1 occurrence(s)]
DEBUG --> [REQ_ID=62c87ecaa8ab] [INIT] App\Controllers\AuthController::GET

[1 occurrence(s)]
DEBUG --> [REQ_ID=740bb62d5c48] [FILTER_AFTER]

[1 occurrence(s)]
DEBUG --> [REQ_ID=740bb62d5c48] [LIFECYCLE][END] status=200 duration_ms=39.08 memory_delta=0

[1 occurrence(s)]
DEBUG --> [REQ_ID=740bb62d5c48] [REQUEST][END]

[1 occurrence(s)]
DEBUG --> Session: Initialization under CLI aborted.

[1 occurrence(s)]
DEBUG --> [REQ_ID=2e9da4ded55a] [REQUEST][START] GET /index.php/login

[1 occurrence(s)]
DEBUG --> [REQ_ID=2e9da4ded55a] [FILTER_BEFORE] /index.php/login

[1 occurrence(s)]
DEBUG --> [REQ_ID=2e9da4ded55a] [ROUTE] Controller=\App\Controllers\AuthController Method=login

[1 occurrence(s)]
DEBUG --> [REQ_ID=2e9da4ded55a] [LIFECYCLE][START] GET https://mymiwallet.com/index.php/login

[1 occurrence(s)]
DEBUG --> [REQ_ID=729683825922] [INIT] App\Controllers\AuthController::GET

[1 occurrence(s)]
DEBUG --> [REQ_ID=2e9da4ded55a] [FILTER_AFTER]

[1 occurrence(s)]
DEBUG --> [REQ_ID=2e9da4ded55a] [LIFECYCLE][END] status=200 duration_ms=76.90 memory_delta=0

[1 occurrence(s)]
DEBUG --> [REQ_ID=2e9da4ded55a] [REQUEST][END]

[1 occurrence(s)]
DEBUG --> [REQ_ID=431d50a20e35] [REQUEST][START] GET /index.php/API/Alerts/fetchEmailAlerts

[1 occurrence(s)]
DEBUG --> [REQ_ID=431d50a20e35] [FILTER_BEFORE] /index.php/API/Alerts/fetchEmailAlerts

[1 occurrence(s)]
DEBUG --> [REQ_ID=431d50a20e35] [ROUTE] Controller=\App\Modules\APIs\Controllers\AlertsAPIController Method=fetchEmailAlerts

[1 occurrence(s)]
DEBUG --> [REQ_ID=431d50a20e35] [LIFECYCLE][START] GET https://mymiwallet.com/index.php/API/Alerts/fetchEmailAlerts

[1 occurrence(s)]
DEBUG --> [REQ_ID=431d50a20e35] [REQUEST][END]

[1 occurrence(s)]
DEBUG --> [REQ_ID=dff9f54a67dd] [REQUEST][START] GET /

[1 occurrence(s)]
DEBUG --> [REQ_ID=dff9f54a67dd] [REQUEST][END]

[1 occurrence(s)]
DEBUG --> [REQ_ID=8a20601475c9] [REQUEST][START] GET /xmlrpc.php

[1 occurrence(s)]
DEBUG --> [REQ_ID=8a20601475c9] [FILTER_BEFORE] /xmlrpc.php

[1 occurrence(s)]
DEBUG --> [REQ_ID=8a20601475c9] [ROUTE] Controller=\App\Modules\PropFirms\Controllers\PropFirmsController Method=index

[1 occurrence(s)]
DEBUG --> [REQ_ID=8a20601475c9] [LIFECYCLE][START] GET https://mymiwallet.com/index.php/xmlrpc.php

[2 occurrence(s)]
DEBUG --> [CSRF] token name=csrf_test_name hash=16ea96788f17bfcf99c9bb7d0fb42933

[1 occurrence(s)]
DEBUG --> [REQ_ID=8a20601475c9] [REQUEST][END]

[1 occurrence(s)]
DEBUG --> [REQ_ID=80d0e9812c8a] [REQUEST][START] GET /index.php/login

[1 occurrence(s)]
DEBUG --> [REQ_ID=80d0e9812c8a] [FILTER_BEFORE] /index.php/login

[1 occurrence(s)]
DEBUG --> [REQ_ID=80d0e9812c8a] [ROUTE] Controller=\App\Controllers\AuthController Method=login

[1 occurrence(s)]
DEBUG --> [REQ_ID=80d0e9812c8a] [LIFECYCLE][START] GET https://mymiwallet.com/index.php/login

[1 occurrence(s)]
DEBUG --> [REQ_ID=43d38ca7e7b9] [INIT] App\Controllers\AuthController::GET

[1 occurrence(s)]
DEBUG --> [AUTH_LOGIN_VIEW_REDIRECT_URL] /xmlrpc.php

[1 occurrence(s)]
DEBUG --> [REQ_ID=80d0e9812c8a] [FILTER_AFTER]

[1 occurrence(s)]
DEBUG --> [REQ_ID=80d0e9812c8a] [LIFECYCLE][END] status=200 duration_ms=74.79 memory_delta=2097152

[1 occurrence(s)]
DEBUG --> [REQ_ID=80d0e9812c8a] [REQUEST][END]

[1 occurrence(s)]
DEBUG --> [REQ_ID=25afcfa7cebd] [REQUEST][START] GET /index.php/Account/Activity

[1 occurrence(s)]
DEBUG --> [REQ_ID=25afcfa7cebd] [FILTER_BEFORE] /index.php/Account/Activity

[1 occurrence(s)]
DEBUG --> [REQ_ID=25afcfa7cebd] [ROUTE] Controller=\App\Modules\User\Controllers\DashboardController Method=activity

[1 occurrence(s)]
DEBUG --> [REQ_ID=25afcfa7cebd] [LIFECYCLE][START] GET https://mymiwallet.com/index.php/Account/Activity

[2 occurrence(s)]
DEBUG --> [CSRF] token name=csrf_test_name hash=6ee8024b1515dbdeca20778bbd886a2e

[1 occurrence(s)]
DEBUG --> [REQ_ID=25afcfa7cebd] [REQUEST][END]

[1 occurrence(s)]
DEBUG --> [REQ_ID=6a033ca590a5] [REQUEST][START] GET /index.php/login

[1 occurrence(s)]
DEBUG --> [REQ_ID=6a033ca590a5] [FILTER_BEFORE] /index.php/login

[1 occurrence(s)]
DEBUG --> [REQ_ID=6a033ca590a5] [ROUTE] Controller=\App\Controllers\AuthController Method=login

[1 occurrence(s)]
DEBUG --> [REQ_ID=6a033ca590a5] [LIFECYCLE][START] GET https://mymiwallet.com/index.php/login

[1 occurrence(s)]
DEBUG --> [REQ_ID=db226c89d622] [INIT] App\Controllers\AuthController::GET

[1 occurrence(s)]
DEBUG --> [AUTH_LOGIN_VIEW_REDIRECT_URL] /Account/Activity

[1 occurrence(s)]
DEBUG --> [REQ_ID=6a033ca590a5] [FILTER_AFTER]

[1 occurrence(s)]
DEBUG --> [REQ_ID=6a033ca590a5] [LIFECYCLE][END] status=200 duration_ms=79.04 memory_delta=2097152

[1 occurrence(s)]
DEBUG --> [REQ_ID=6a033ca590a5] [REQUEST][END]

[1 occurrence(s)]
DEBUG --> [REQ_ID=ecf190551b1f] [REQUEST][START] GET /index.php/Knowledge-Base/MyMI-Partnerships

[1 occurrence(s)]
DEBUG --> [REQ_ID=ecf190551b1f] [REQUEST][END]

[1 occurrence(s)]
DEBUG --> [REQ_ID=cef8d0e6732c] [REQUEST][START] GET /index.php/login

[1 occurrence(s)]
DEBUG --> [REQ_ID=cef8d0e6732c] [FILTER_BEFORE] /index.php/login

[1 occurrence(s)]
DEBUG --> [REQ_ID=cef8d0e6732c] [ROUTE] Controller=\App\Controllers\AuthController Method=login

[1 occurrence(s)]
DEBUG --> [REQ_ID=cef8d0e6732c] [LIFECYCLE][START] GET https://mymiwallet.com/index.php/login

[1 occurrence(s)]
DEBUG --> [REQ_ID=250f827ae4ce] [INIT] App\Controllers\AuthController::GET

[1 occurrence(s)]
DEBUG --> [REQ_ID=cef8d0e6732c] [FILTER_AFTER]

[1 occurrence(s)]
DEBUG --> [REQ_ID=cef8d0e6732c] [LIFECYCLE][END] status=200 duration_ms=147.37 memory_delta=0

[1 occurrence(s)]
DEBUG --> [REQ_ID=cef8d0e6732c] [REQUEST][END]

[1 occurrence(s)]
DEBUG --> [REQ_ID=f259f494fe48] [REQUEST][START] GET /index.php/login

[1 occurrence(s)]
DEBUG --> [REQ_ID=f259f494fe48] [FILTER_BEFORE] /index.php/login

[1 occurrence(s)]
DEBUG --> [REQ_ID=f259f494fe48] [ROUTE] Controller=\App\Controllers\AuthController Method=login

[1 occurrence(s)]
DEBUG --> [REQ_ID=f259f494fe48] [LIFECYCLE][START] GET https://mymiwallet.com/index.php/login

[1 occurrence(s)]
DEBUG --> [REQ_ID=ed6b4693198b] [INIT] App\Controllers\AuthController::GET

[1 occurrence(s)]
DEBUG --> [REQ_ID=f259f494fe48] [FILTER_AFTER]

[1 occurrence(s)]
DEBUG --> [REQ_ID=f259f494fe48] [LIFECYCLE][END] status=200 duration_ms=32.29 memory_delta=0

[1 occurrence(s)]
DEBUG --> [REQ_ID=f259f494fe48] [REQUEST][END]

[1 occurrence(s)]
DEBUG --> [REQ_ID=056a9311290f] [REQUEST][START] GET /index.php/login

[1 occurrence(s)]
DEBUG --> [REQ_ID=056a9311290f] [FILTER_BEFORE] /index.php/login

[1 occurrence(s)]
DEBUG --> [REQ_ID=056a9311290f] [ROUTE] Controller=\App\Controllers\AuthController Method=login

[1 occurrence(s)]
DEBUG --> [REQ_ID=056a9311290f] [LIFECYCLE][START] GET https://mymiwallet.com/index.php/login

[1 occurrence(s)]
DEBUG --> [REQ_ID=c7b642e9478f] [INIT] App\Controllers\AuthController::GET

[1 occurrence(s)]
DEBUG --> [REQ_ID=056a9311290f] [FILTER_AFTER]

[1 occurrence(s)]
DEBUG --> [REQ_ID=056a9311290f] [LIFECYCLE][END] status=200 duration_ms=44.78 memory_delta=0

[1 occurrence(s)]
DEBUG --> [REQ_ID=056a9311290f] [REQUEST][END]

[1 occurrence(s)]
DEBUG --> [REQ_ID=85d2ee291d85] [REQUEST][START] GET /index.php/login

[1 occurrence(s)]
DEBUG --> [REQ_ID=85d2ee291d85] [FILTER_BEFORE] /index.php/login

[1 occurrence(s)]
DEBUG --> [REQ_ID=85d2ee291d85] [ROUTE] Controller=\App\Controllers\AuthController Method=login

[1 occurrence(s)]
DEBUG --> [REQ_ID=85d2ee291d85] [LIFECYCLE][START] GET https://mymiwallet.com/index.php/login

[1 occurrence(s)]
DEBUG --> [REQ_ID=e4670b8d81cb] [INIT] App\Controllers\AuthController::GET

[1 occurrence(s)]
DEBUG --> [REQ_ID=85d2ee291d85] [FILTER_AFTER]

[1 occurrence(s)]
DEBUG --> [REQ_ID=85d2ee291d85] [LIFECYCLE][END] status=200 duration_ms=34.72 memory_delta=0

[1 occurrence(s)]
DEBUG --> [REQ_ID=85d2ee291d85] [REQUEST][END]

[1 occurrence(s)]
DEBUG --> [REQ_ID=0e33cac02b70] [REQUEST][START] GET /index.php/login

[1 occurrence(s)]
DEBUG --> [REQ_ID=0e33cac02b70] [FILTER_BEFORE] /index.php/login

[1 occurrence(s)]
DEBUG --> [REQ_ID=0e33cac02b70] [ROUTE] Controller=\App\Controllers\AuthController Method=login

[1 occurrence(s)]
DEBUG --> [REQ_ID=0e33cac02b70] [LIFECYCLE][START] GET https://mymiwallet.com/index.php/login

[1 occurrence(s)]
DEBUG --> [REQ_ID=2ab8b6681f2e] [INIT] App\Controllers\AuthController::GET

[1 occurrence(s)]
DEBUG --> [REQ_ID=0e33cac02b70] [FILTER_AFTER]

[1 occurrence(s)]
DEBUG --> [REQ_ID=0e33cac02b70] [LIFECYCLE][END] status=200 duration_ms=48.38 memory_delta=0

[1 occurrence(s)]
DEBUG --> [REQ_ID=0e33cac02b70] [REQUEST][END]

[1 occurrence(s)]
DEBUG --> [REQ_ID=848faf11464d] [REQUEST][START] GET /index.php/login

[1 occurrence(s)]
DEBUG --> [REQ_ID=848faf11464d] [FILTER_BEFORE] /index.php/login

[1 occurrence(s)]
DEBUG --> [REQ_ID=848faf11464d] [ROUTE] Controller=\App\Controllers\AuthController Method=login

[1 occurrence(s)]
DEBUG --> [REQ_ID=848faf11464d] [LIFECYCLE][START] GET https://mymiwallet.com/index.php/login

[1 occurrence(s)]
DEBUG --> [REQ_ID=697578038d38] [INIT] App\Controllers\AuthController::GET

[1 occurrence(s)]
DEBUG --> [REQ_ID=848faf11464d] [FILTER_AFTER]

[1 occurrence(s)]
DEBUG --> [REQ_ID=848faf11464d] [LIFECYCLE][END] status=200 duration_ms=41.81 memory_delta=0

[1 occurrence(s)]
DEBUG --> [REQ_ID=848faf11464d] [REQUEST][END]

[1 occurrence(s)]
DEBUG --> [REQ_ID=ecb8faae5cf3] [REQUEST][START] GET /

[1 occurrence(s)]
DEBUG --> [REQ_ID=ecb8faae5cf3] [REQUEST][END]

[1 occurrence(s)]
DEBUG --> [REQ_ID=7a45ab1cd8ce] [REQUEST][START] GET /index.php/API/Management/Run-CRON-Tasks

[1 occurrence(s)]
DEBUG --> [REQ_ID=7a45ab1cd8ce] [FILTER_BEFORE] /index.php/API/Management/Run-CRON-Tasks

[1 occurrence(s)]
DEBUG --> [REQ_ID=7a45ab1cd8ce] [ROUTE] Controller=\App\Modules\APIs\Controllers\ManagementAPIController Method=Run_CRON_Tasks

[1 occurrence(s)]
DEBUG --> [REQ_ID=7a45ab1cd8ce] [LIFECYCLE][START] GET https://mymiwallet.com/index.php/API/Management/Run-CRON-Tasks

[1 occurrence(s)]
DEBUG --> [REQ_ID=7a45ab1cd8ce] [REQUEST][END]

[1 occurrence(s)]
DEBUG --> [REQ_ID=162a013a8592] [REQUEST][START] GET /index.php/Support

[1 occurrence(s)]
DEBUG --> [REQ_ID=162a013a8592] [FILTER_BEFORE] /index.php/Support

[1 occurrence(s)]
DEBUG --> [REQ_ID=162a013a8592] [ROUTE] Controller=\App\Modules\PropFirms\Controllers\PropFirmsController Method=index

[1 occurrence(s)]
DEBUG --> [REQ_ID=162a013a8592] [LIFECYCLE][START] GET https://mymiwallet.com/index.php/Support

[1 occurrence(s)]
DEBUG --> [CSRF] token name=csrf_test_name hash=bc58e27953406402e1a4900d2b29f4b2

[1 occurrence(s)]
DEBUG --> [REQ_ID=162a013a8592] [REQUEST][END]

[1 occurrence(s)]
DEBUG --> [REQ_ID=bf5089f038a9] [REQUEST][START] GET /index.php/login

[1 occurrence(s)]
DEBUG --> [REQ_ID=bf5089f038a9] [FILTER_BEFORE] /index.php/login

[1 occurrence(s)]
DEBUG --> [REQ_ID=bf5089f038a9] [ROUTE] Controller=\App\Controllers\AuthController Method=login

[1 occurrence(s)]
DEBUG --> [REQ_ID=bf5089f038a9] [LIFECYCLE][START] GET https://mymiwallet.com/index.php/login

[1 occurrence(s)]
DEBUG --> [CSRF] token name=csrf_test_name hash=ba177402714c127c76ee5c541b3eda61

[1 occurrence(s)]
DEBUG --> [REQ_ID=9fc557843325] [INIT] App\Controllers\AuthController::GET

[1 occurrence(s)]
DEBUG --> [REQ_ID=bf5089f038a9] [FILTER_AFTER]

[1 occurrence(s)]
DEBUG --> [REQ_ID=bf5089f038a9] [LIFECYCLE][END] status=200 duration_ms=123.47 memory_delta=2097152

[1 occurrence(s)]
DEBUG --> [REQ_ID=bf5089f038a9] [REQUEST][END]

[1 occurrence(s)]
DEBUG --> [REQ_ID=aefe0fd448cc] [REQUEST][START] GET /index.php/How-It-Works/MyMI-Exchange

[1 occurrence(s)]
DEBUG --> [REQ_ID=aefe0fd448cc] [FILTER_BEFORE] /index.php/How-It-Works/MyMI-Exchange

[1 occurrence(s)]
DEBUG --> [REQ_ID=aefe0fd448cc] [ROUTE] Controller=\App\Modules\Blog\Controllers\HowItWorksController Method=show

[1 occurrence(s)]
DEBUG --> [REQ_ID=aefe0fd448cc] [LIFECYCLE][START] GET https://mymiwallet.com/index.php/How-It-Works/MyMI-Exchange

[1 occurrence(s)]
DEBUG --> [CSRF] token name=csrf_test_name hash=946a1977d9bb78bed46612dd06e8fe6d

[1 occurrence(s)]
DEBUG --> [REQ_ID=9c9c255ed7e5] [INIT] App\Modules\Blog\Controllers\HowItWorksController::GET

[1 occurrence(s)]
DEBUG --> [REQ_ID=9c9c255ed7e5] [METHOD_ENTRY] show

[1 occurrence(s)]
DEBUG --> [HOW_IT_WORKS] slug=mymi-exchange

[1 occurrence(s)]
DEBUG --> [REQ_ID=aefe0fd448cc] [FILTER_AFTER]

[1 occurrence(s)]
DEBUG --> [REQ_ID=aefe0fd448cc] [LIFECYCLE][END] status=200 duration_ms=624.43 memory_delta=4194304

[1 occurrence(s)]
DEBUG --> [REQ_ID=aefe0fd448cc] [REQUEST][END]

[1 occurrence(s)]
DEBUG --> [REQ_ID=ce2720f6fb8c] [REQUEST][START] GET /index.php/Support

[1 occurrence(s)]
DEBUG --> [REQ_ID=ce2720f6fb8c] [FILTER_BEFORE] /index.php/Support

[1 occurrence(s)]
DEBUG --> [REQ_ID=ce2720f6fb8c] [ROUTE] Controller=\App\Modules\PropFirms\Controllers\PropFirmsController Method=index

[1 occurrence(s)]
DEBUG --> [REQ_ID=ce2720f6fb8c] [LIFECYCLE][START] GET https://mymiwallet.com/index.php/Support

[1 occurrence(s)]
DEBUG --> [CSRF] token name=csrf_test_name hash=aad618d189ec5353ef6764c07a446999

[1 occurrence(s)]
DEBUG --> [REQ_ID=ce2720f6fb8c] [REQUEST][END]

[1 occurrence(s)]
DEBUG --> [REQ_ID=1e0c8db9d3fa] [REQUEST][START] GET /index.php/login

[1 occurrence(s)]
DEBUG --> [REQ_ID=1e0c8db9d3fa] [FILTER_BEFORE] /index.php/login

[1 occurrence(s)]
DEBUG --> [REQ_ID=1e0c8db9d3fa] [ROUTE] Controller=\App\Controllers\AuthController Method=login

[1 occurrence(s)]
DEBUG --> [REQ_ID=1e0c8db9d3fa] [LIFECYCLE][START] GET https://mymiwallet.com/index.php/login

[1 occurrence(s)]
DEBUG --> [CSRF] token name=csrf_test_name hash=95a2f0a030e7a4c8b8b18b53399c117b

[1 occurrence(s)]
DEBUG --> [REQ_ID=a8dc7e289885] [INIT] App\Controllers\AuthController::GET

[1 occurrence(s)]
DEBUG --> [REQ_ID=1e0c8db9d3fa] [FILTER_AFTER]

[1 occurrence(s)]
DEBUG --> [REQ_ID=1e0c8db9d3fa] [LIFECYCLE][END] status=200 duration_ms=31.09 memory_delta=0

[1 occurrence(s)]
DEBUG --> [REQ_ID=1e0c8db9d3fa] [REQUEST][END]

[1 occurrence(s)]
DEBUG --> [REQ_ID=da5adf7d1833] [REQUEST][START] GET /index.php/

[1 occurrence(s)]
DEBUG --> [REQ_ID=da5adf7d1833] [FILTER_BEFORE] /index.php/

[1 occurrence(s)]
DEBUG --> [REQ_ID=da5adf7d1833] [ROUTE] Controller=\App\Controllers\Home Method=index

[1 occurrence(s)]
DEBUG --> [REQ_ID=da5adf7d1833] [LIFECYCLE][START] GET https://mymiwallet.com/index.php/

[1 occurrence(s)]
DEBUG --> [CSRF] token name=csrf_test_name hash=219388eaeda5c38c910f9a83063e62e2

[1 occurrence(s)]
DEBUG --> [REQ_ID=01b58aa5e67f] [INIT] App\Controllers\Home::GET

[1 occurrence(s)]
DEBUG --> [REQ_ID=01b58aa5e67f] [VIEW_RENDER] themes/public/home

[1 occurrence(s)]
DEBUG --> [REQ_ID=da5adf7d1833] [FILTER_AFTER]

[1 occurrence(s)]
DEBUG --> [REQ_ID=da5adf7d1833] [LIFECYCLE][END] status=200 duration_ms=569.56 memory_delta=4194304

[1 occurrence(s)]
DEBUG --> [REQ_ID=da5adf7d1833] [REQUEST][END]

[1 occurrence(s)]
DEBUG --> [REQ_ID=072de3c3cf85] [REQUEST][START] GET /index.php/How-It-Works/Investment-Dashboard

[1 occurrence(s)]
DEBUG --> [REQ_ID=072de3c3cf85] [FILTER_BEFORE] /index.php/How-It-Works/Investment-Dashboard

[1 occurrence(s)]
DEBUG --> [REQ_ID=072de3c3cf85] [ROUTE] Controller=\App\Modules\Blog\Controllers\HowItWorksController Method=show

[1 occurrence(s)]
DEBUG --> [REQ_ID=072de3c3cf85] [LIFECYCLE][START] GET https://mymiwallet.com/index.php/How-It-Works/Investment-Dashboard

[1 occurrence(s)]
DEBUG --> [CSRF] token name=csrf_test_name hash=9b944a87f22c703684f48b952eb793d0

[1 occurrence(s)]
DEBUG --> [REQ_ID=e45203845586] [INIT] App\Modules\Blog\Controllers\HowItWorksController::GET

[1 occurrence(s)]
DEBUG --> [REQ_ID=e45203845586] [METHOD_ENTRY] show

[1 occurrence(s)]
DEBUG --> [HOW_IT_WORKS] slug=investment-dashboard

[1 occurrence(s)]
DEBUG --> [REQ_ID=072de3c3cf85] [FILTER_AFTER]

[1 occurrence(s)]
DEBUG --> [REQ_ID=072de3c3cf85] [LIFECYCLE][END] status=200 duration_ms=670.21 memory_delta=4194304

[1 occurrence(s)]
DEBUG --> [REQ_ID=072de3c3cf85] [REQUEST][END]

[1 occurrence(s)]
DEBUG --> [REQ_ID=2e6c7cabf1e0] [REQUEST][START] GET /index.php/API/Alerts/fetchEmailAlerts

[1 occurrence(s)]
DEBUG --> [REQ_ID=2e6c7cabf1e0] [FILTER_BEFORE] /index.php/API/Alerts/fetchEmailAlerts

[1 occurrence(s)]
DEBUG --> [REQ_ID=2e6c7cabf1e0] [ROUTE] Controller=\App\Modules\APIs\Controllers\AlertsAPIController Method=fetchEmailAlerts

[1 occurrence(s)]
DEBUG --> [REQ_ID=2e6c7cabf1e0] [LIFECYCLE][START] GET https://mymiwallet.com/index.php/API/Alerts/fetchEmailAlerts

[1 occurrence(s)]
DEBUG --> [REQ_ID=2e6c7cabf1e0] [REQUEST][END]

[1 occurrence(s)]
DEBUG --> [REQ_ID=8eba23747a97] [REQUEST][START] GET /

[1 occurrence(s)]
DEBUG --> [REQ_ID=8eba23747a97] [FILTER_BEFORE] /

[1 occurrence(s)]
DEBUG --> [REQ_ID=8eba23747a97] [ROUTE] Controller=\App\Controllers\Home Method=index

[1 occurrence(s)]
DEBUG --> [REQ_ID=8eba23747a97] [LIFECYCLE][START] GET https://mymiwallet.com/index.php/

[1 occurrence(s)]
DEBUG --> [CSRF] token name=csrf_test_name hash=6ec2b49550083016b110bfdea792561d

[1 occurrence(s)]
DEBUG --> [REQ_ID=3f597f27fd9e] [INIT] App\Controllers\Home::GET

[1 occurrence(s)]
DEBUG --> [REQ_ID=3f597f27fd9e] [VIEW_RENDER] themes/public/home

[1 occurrence(s)]
DEBUG --> [REQ_ID=8eba23747a97] [FILTER_AFTER]

[1 occurrence(s)]
DEBUG --> [REQ_ID=8eba23747a97] [LIFECYCLE][END] status=200 duration_ms=789.11 memory_delta=4194304

[1 occurrence(s)]
DEBUG --> [REQ_ID=8eba23747a97] [REQUEST][END]

[1 occurrence(s)]
DEBUG --> [REQ_ID=5555fb22a547] [REQUEST][START] GET /index.php/Premium_Features/Brokerage-Integrations

[1 occurrence(s)]
DEBUG --> [REQ_ID=5555fb22a547] [REQUEST][END]

[1 occurrence(s)]
DEBUG --> [REQ_ID=d6b160806cfb] [REQUEST][START] GET /Features/Brokerage-Integrations

[1 occurrence(s)]
DEBUG --> [REQ_ID=d6b160806cfb] [FILTER_BEFORE] /Features/Brokerage-Integrations

[1 occurrence(s)]
DEBUG --> [REQ_ID=d6b160806cfb] [ROUTE] Controller=\App\Modules\Advertise\Controllers\FeaturesController Method=BrokerageIntegrations

[1 occurrence(s)]
DEBUG --> [REQ_ID=d6b160806cfb] [LIFECYCLE][START] GET https://mymiwallet.com/index.php/Features/Brokerage-Integrations

[2 occurrence(s)]
DEBUG --> [CSRF] token name=csrf_test_name hash=c53c89c94e35f0fd0eaabaf34af55ae3

[1 occurrence(s)]
DEBUG --> [REQ_ID=d6b160806cfb] [REQUEST][END]

[1 occurrence(s)]
DEBUG --> [REQ_ID=3d7e5ae4bb45] [REQUEST][START] GET /index.php/login

[1 occurrence(s)]
DEBUG --> [REQ_ID=3d7e5ae4bb45] [FILTER_BEFORE] /index.php/login

[1 occurrence(s)]
DEBUG --> [REQ_ID=3d7e5ae4bb45] [ROUTE] Controller=\App\Controllers\AuthController Method=login

[1 occurrence(s)]
DEBUG --> [REQ_ID=3d7e5ae4bb45] [LIFECYCLE][START] GET https://mymiwallet.com/index.php/login

[1 occurrence(s)]
DEBUG --> [REQ_ID=e82206d2da99] [INIT] App\Controllers\AuthController::GET

[2 occurrence(s)]
DEBUG --> [AUTH_LOGIN_VIEW_REDIRECT_URL] /Features/Brokerage-Integrations

[1 occurrence(s)]
DEBUG --> [REQ_ID=3d7e5ae4bb45] [FILTER_AFTER]

[1 occurrence(s)]
DEBUG --> [REQ_ID=3d7e5ae4bb45] [LIFECYCLE][END] status=200 duration_ms=118.78 memory_delta=2097152

[1 occurrence(s)]
DEBUG --> [REQ_ID=3d7e5ae4bb45] [REQUEST][END]

[1 occurrence(s)]
DEBUG --> [REQ_ID=3134bb1855c0] [REQUEST][START] GET /index.php/Budget

[1 occurrence(s)]
DEBUG --> [REQ_ID=3134bb1855c0] [FILTER_BEFORE] /index.php/Budget

[1 occurrence(s)]
DEBUG --> [REQ_ID=3134bb1855c0] [ROUTE] Controller=\App\Modules\PropFirms\Controllers\PropFirmsController Method=index

[1 occurrence(s)]
DEBUG --> [REQ_ID=3134bb1855c0] [LIFECYCLE][START] GET https://mymiwallet.com/index.php/Budget

[2 occurrence(s)]
DEBUG --> [CSRF] token name=csrf_test_name hash=00eb4042a3f49aeb7c7041f2dab0a77e

[1 occurrence(s)]
DEBUG --> [REQ_ID=3134bb1855c0] [REQUEST][END]

[1 occurrence(s)]
DEBUG --> [REQ_ID=d73d55a7d026] [REQUEST][START] GET /index.php/login

[1 occurrence(s)]
DEBUG --> [REQ_ID=d73d55a7d026] [FILTER_BEFORE] /index.php/login

[1 occurrence(s)]
DEBUG --> [REQ_ID=d73d55a7d026] [ROUTE] Controller=\App\Controllers\AuthController Method=login

[1 occurrence(s)]
DEBUG --> [REQ_ID=d73d55a7d026] [LIFECYCLE][START] GET https://mymiwallet.com/index.php/login

[1 occurrence(s)]
DEBUG --> [REQ_ID=40e221f649ad] [INIT] App\Controllers\AuthController::GET

[2 occurrence(s)]
DEBUG --> [AUTH_LOGIN_VIEW_REDIRECT_URL] /Budget

[1 occurrence(s)]
DEBUG --> [REQ_ID=d73d55a7d026] [FILTER_AFTER]

[1 occurrence(s)]
DEBUG --> [REQ_ID=d73d55a7d026] [LIFECYCLE][END] status=200 duration_ms=157.10 memory_delta=2097152

[1 occurrence(s)]
DEBUG --> [REQ_ID=d73d55a7d026] [REQUEST][END]

[1 occurrence(s)]
DEBUG --> [REQ_ID=28a04ea5706f] [REQUEST][START] GET /index.php/Budget

[1 occurrence(s)]
DEBUG --> [REQ_ID=28a04ea5706f] [FILTER_BEFORE] /index.php/Budget

[1 occurrence(s)]
DEBUG --> [REQ_ID=28a04ea5706f] [ROUTE] Controller=\App\Modules\PropFirms\Controllers\PropFirmsController Method=index

[1 occurrence(s)]
DEBUG --> [REQ_ID=28a04ea5706f] [LIFECYCLE][START] GET https://mymiwallet.com/index.php/Budget

[2 occurrence(s)]
DEBUG --> [CSRF] token name=csrf_test_name hash=454fc98a09a6c04bf1ddc76866ef7e0a

[1 occurrence(s)]
DEBUG --> [REQ_ID=28a04ea5706f] [REQUEST][END]

[1 occurrence(s)]
DEBUG --> [REQ_ID=0a0f6304254f] [REQUEST][START] GET /index.php/login

[1 occurrence(s)]
DEBUG --> [REQ_ID=0a0f6304254f] [FILTER_BEFORE] /index.php/login

[1 occurrence(s)]
DEBUG --> [REQ_ID=0a0f6304254f] [ROUTE] Controller=\App\Controllers\AuthController Method=login

[1 occurrence(s)]
DEBUG --> [REQ_ID=0a0f6304254f] [LIFECYCLE][START] GET https://mymiwallet.com/index.php/login

[1 occurrence(s)]
DEBUG --> [REQ_ID=e60bf99cceb6] [INIT] App\Controllers\AuthController::GET

[1 occurrence(s)]
DEBUG --> [REQ_ID=0a0f6304254f] [FILTER_AFTER]

[1 occurrence(s)]
DEBUG --> [REQ_ID=0a0f6304254f] [LIFECYCLE][END] status=200 duration_ms=66.37 memory_delta=0

[1 occurrence(s)]
DEBUG --> [REQ_ID=0a0f6304254f] [REQUEST][END]

[1 occurrence(s)]
DEBUG --> [REQ_ID=df0fe0b11f68] [REQUEST][START] GET /

[1 occurrence(s)]
DEBUG --> [REQ_ID=df0fe0b11f68] [FILTER_BEFORE] /

[1 occurrence(s)]
DEBUG --> [REQ_ID=df0fe0b11f68] [ROUTE] Controller=\App\Controllers\Home Method=index

[1 occurrence(s)]
DEBUG --> [REQ_ID=df0fe0b11f68] [LIFECYCLE][START] GET https://mymiwallet.com/index.php/

[1 occurrence(s)]
DEBUG --> [CSRF] token name=csrf_test_name hash=ccf18d7c3327b3f8272168aec0b394d7

[1 occurrence(s)]
DEBUG --> [REQ_ID=1bf2fa46fa41] [INIT] App\Controllers\Home::GET

[1 occurrence(s)]
DEBUG --> [REQ_ID=1bf2fa46fa41] [VIEW_RENDER] themes/public/home

[1 occurrence(s)]
DEBUG --> [REQ_ID=df0fe0b11f68] [FILTER_AFTER]

[1 occurrence(s)]
DEBUG --> [REQ_ID=df0fe0b11f68] [LIFECYCLE][END] status=200 duration_ms=756.74 memory_delta=4194304

[1 occurrence(s)]
DEBUG --> [REQ_ID=df0fe0b11f68] [REQUEST][END]

[1 occurrence(s)]
DEBUG --> [REQ_ID=710382b5a3b1] [REQUEST][START] GET /index.php/Premium-Features/Due-Diligence-Database

[1 occurrence(s)]
DEBUG --> [REQ_ID=710382b5a3b1] [REQUEST][END]

[1 occurrence(s)]
DEBUG --> [REQ_ID=52388d1f0794] [REQUEST][START] GET /Features/Brokerage-Integrations

[1 occurrence(s)]
DEBUG --> [REQ_ID=52388d1f0794] [FILTER_BEFORE] /Features/Brokerage-Integrations

[1 occurrence(s)]
DEBUG --> [REQ_ID=52388d1f0794] [ROUTE] Controller=\App\Modules\Advertise\Controllers\FeaturesController Method=BrokerageIntegrations

[1 occurrence(s)]
DEBUG --> [REQ_ID=52388d1f0794] [LIFECYCLE][START] GET https://mymiwallet.com/index.php/Features/Brokerage-Integrations

[2 occurrence(s)]
DEBUG --> [CSRF] token name=csrf_test_name hash=b8204a57ab002eea7fcbb163fa990816

[1 occurrence(s)]
DEBUG --> [REQ_ID=52388d1f0794] [REQUEST][END]

[1 occurrence(s)]
DEBUG --> [REQ_ID=ae4028a638a3] [REQUEST][START] GET /index.php/login

[1 occurrence(s)]
DEBUG --> [REQ_ID=ae4028a638a3] [FILTER_BEFORE] /index.php/login

[1 occurrence(s)]
DEBUG --> [REQ_ID=ae4028a638a3] [ROUTE] Controller=\App\Controllers\AuthController Method=login

[1 occurrence(s)]
DEBUG --> [REQ_ID=ae4028a638a3] [LIFECYCLE][START] GET https://mymiwallet.com/index.php/login

[1 occurrence(s)]
DEBUG --> [REQ_ID=0851f37f96a1] [INIT] App\Controllers\AuthController::GET

[1 occurrence(s)]
DEBUG --> [REQ_ID=ae4028a638a3] [FILTER_AFTER]

[1 occurrence(s)]
DEBUG --> [REQ_ID=ae4028a638a3] [LIFECYCLE][END] status=200 duration_ms=230.62 memory_delta=2097152

[1 occurrence(s)]
DEBUG --> [REQ_ID=ae4028a638a3] [REQUEST][END]

[1 occurrence(s)]
DEBUG --> [REQ_ID=0dbd45f06e74] [REQUEST][START] GET /.git/config

[1 occurrence(s)]
DEBUG --> [REQ_ID=0dbd45f06e74] [REQUEST][END]

[1 occurrence(s)]
DEBUG --> [REQ_ID=a526648f7cd7] [REQUEST][START] GET /

[1 occurrence(s)]
DEBUG --> [REQ_ID=a526648f7cd7] [REQUEST][END]

[1 occurrence(s)]
DEBUG --> [REQ_ID=644e844402e7] [REQUEST][START] GET /index.php/API/Management/Run-CRON-Tasks

[1 occurrence(s)]
DEBUG --> [REQ_ID=644e844402e7] [FILTER_BEFORE] /index.php/API/Management/Run-CRON-Tasks

[1 occurrence(s)]
DEBUG --> [REQ_ID=644e844402e7] [ROUTE] Controller=\App\Modules\APIs\Controllers\ManagementAPIController Method=Run_CRON_Tasks

[1 occurrence(s)]
DEBUG --> [REQ_ID=644e844402e7] [LIFECYCLE][START] GET https://mymiwallet.com/index.php/API/Management/Run-CRON-Tasks

[1 occurrence(s)]
DEBUG --> [REQ_ID=644e844402e7] [REQUEST][END]


---------------------------
LEVEL: INFO
---------------------------

[1 occurrence(s)]
INFO --> [REQ_ID=13682c8e9289] [PERF] Execution time=0.092704

[1 occurrence(s)]
INFO --> [REQ_ID=603c64c29f4f] [PERF] Execution time=0.061312

[1 occurrence(s)]
INFO --> [REQ_ID=5f389c33b34d] [PERF] Execution time=0.015230

[1 occurrence(s)]
INFO --> [REQ_ID=1262279ba271] [PERF] Execution time=0.096831

[1 occurrence(s)]
INFO --> [REQ_ID=2163023ee58b] [PERF] Execution time=0.014117

[1 occurrence(s)]
INFO --> [REQ_ID=c19ddb792bd2] [PERF] Execution time=0.015530

[1 occurrence(s)]
INFO --> [REQ_ID=6d956de32fe7] [MEMORY][controller-start] 4194304

[1 occurrence(s)]
INFO --> [REQ_ID=6d956de32fe7] [MEMORY][commonData:start] 6291456

[1 occurrence(s)]
INFO --> [PERF][HOME] buildCommonData complete in 480.66ms

[1 occurrence(s)]
INFO --> [PERF][HOME] index commonData done in 481.11ms

[1 occurrence(s)]
INFO --> [REQ_ID=6d956de32fe7] [MEMORY][commonData:start] 8388608

[30 occurrence(s)]
INFO --> themesMemory usage: 8388608

[1 occurrence(s)]
INFO --> [PERF][HOME] index renderTheme done in 6.71ms

[1 occurrence(s)]
INFO --> [REQ_ID=6d956de32fe7] [PERF] Execution time=0.514067

[1 occurrence(s)]
INFO --> [REQ_ID=b0ebbf66a829] [PERF] Execution time=0.533220

[1 occurrence(s)]
INFO --> [REQ_ID=613b7f0fd443] [PERF] Execution time=0.015616

[1 occurrence(s)]
INFO --> [REQ_ID=22ce15f580c0] [PERF] Execution time=0.013203

[1 occurrence(s)]
INFO --> [REQ_ID=95d28d267972] [MEMORY][controller-start] 4194304

[115 occurrence(s)]
INFO --> [AUTH_VIEW] Rendering login view

[1 occurrence(s)]
INFO --> [REQ_ID=95d28d267972] [PERF] Execution time=0.034053

[1 occurrence(s)]
INFO --> [REQ_ID=1d8a04a35435] [PERF] Execution time=0.050163

[1 occurrence(s)]
INFO --> [REQ_ID=5699a54079c8] [PERF] Execution time=0.011588

[1 occurrence(s)]
INFO --> [REQ_ID=d154221fa697] [MEMORY][controller-start] 4194304

[1 occurrence(s)]
INFO --> [REQ_ID=d154221fa697] [PERF] Execution time=0.047386

[1 occurrence(s)]
INFO --> [REQ_ID=2ad4f99d2f68] [PERF] Execution time=0.058727

[1 occurrence(s)]
INFO --> [REQ_ID=fdf5008171e8] [PERF] Execution time=0.011958

[1 occurrence(s)]
INFO --> [REQ_ID=03b909c7ef6c] [MEMORY][controller-start] 4194304

[1 occurrence(s)]
INFO --> [REQ_ID=03b909c7ef6c] [PERF] Execution time=0.032704

[1 occurrence(s)]
INFO --> [REQ_ID=c769f3838b92] [PERF] Execution time=0.049616

[1 occurrence(s)]
INFO --> [REQ_ID=c0440d2fd2d7] [PERF] Execution time=0.015492

[1 occurrence(s)]
INFO --> [REQ_ID=b20d20b409d5] [PERF] Execution time=0.014439

[1 occurrence(s)]
INFO --> [REQ_ID=7c2dddb27bbd] [PERF] Execution time=0.015527

[1 occurrence(s)]
INFO --> [REQ_ID=a186693e1ab4] [PERF] Execution time=0.009973

[1 occurrence(s)]
INFO --> [REQ_ID=eb1cd2afe744] [MEMORY][controller-start] 4194304

[1 occurrence(s)]
INFO --> [REQ_ID=eb1cd2afe744] [PERF] Execution time=0.028506

[1 occurrence(s)]
INFO --> [REQ_ID=8a2da64474dd] [PERF] Execution time=0.038087

[1 occurrence(s)]
INFO --> [REQ_ID=bd89f3421afc] [PERF] Execution time=0.009887

[1 occurrence(s)]
INFO --> [REQ_ID=0783707f4e02] [MEMORY][controller-start] 4194304

[1 occurrence(s)]
INFO --> [REQ_ID=0783707f4e02] [PERF] Execution time=0.026979

[1 occurrence(s)]
INFO --> [REQ_ID=e0d6f8c67a70] [PERF] Execution time=0.036697

[1 occurrence(s)]
INFO --> [REQ_ID=0b4c126a8fc3] [PERF] Execution time=0.010040

[1 occurrence(s)]
INFO --> [REQ_ID=493eedc1e29b] [MEMORY][controller-start] 4194304

[1 occurrence(s)]
INFO --> [REQ_ID=493eedc1e29b] [PERF] Execution time=0.027398

[1 occurrence(s)]
INFO --> [REQ_ID=6b339d3b4caa] [PERF] Execution time=0.036993

[1 occurrence(s)]
INFO --> [REQ_ID=b7d0785f94bf] [PERF] Execution time=0.009897

[1 occurrence(s)]
INFO --> [REQ_ID=5390aca8b124] [MEMORY][controller-start] 4194304

[1 occurrence(s)]
INFO --> [REQ_ID=5390aca8b124] [PERF] Execution time=0.028725

[1 occurrence(s)]
INFO --> [REQ_ID=d162a2f664e3] [PERF] Execution time=0.038288

[1 occurrence(s)]
INFO --> [REQ_ID=3f7bf2ff8ac0] [PERF] Execution time=0.011001

[1 occurrence(s)]
INFO --> [REQ_ID=afc504a02e3d] [MEMORY][controller-start] 4194304

[1 occurrence(s)]
INFO --> [REQ_ID=afc504a02e3d] [PERF] Execution time=0.027842

[1 occurrence(s)]
INFO --> [REQ_ID=3b3f4427e7a9] [PERF] Execution time=0.037469

[1 occurrence(s)]
INFO --> [REQ_ID=013710eb1731] [PERF] Execution time=0.015770

[1 occurrence(s)]
INFO --> [REQ_ID=8c7f7562183e] [PERF] Execution time=0.009895

[1 occurrence(s)]
INFO --> [REQ_ID=0d86ed19a43a] [MEMORY][controller-start] 4194304

[1 occurrence(s)]
INFO --> [REQ_ID=0d86ed19a43a] [PERF] Execution time=0.025640

[1 occurrence(s)]
INFO --> [REQ_ID=4e99545f7af8] [PERF] Execution time=0.036187

[1 occurrence(s)]
INFO --> [REQ_ID=6225365814e8] [PERF] Execution time=0.011047

[1 occurrence(s)]
INFO --> [REQ_ID=d6c80448a2c3] [MEMORY][controller-start] 4194304

[1 occurrence(s)]
INFO --> [REQ_ID=d6c80448a2c3] [PERF] Execution time=0.021598

[1 occurrence(s)]
INFO --> [REQ_ID=8c68b724da82] [PERF] Execution time=0.031635

[1 occurrence(s)]
INFO --> [REQ_ID=806cdbaffd05] [PERF] Execution time=0.010005

[1 occurrence(s)]
INFO --> [REQ_ID=0138a3c75097] [MEMORY][controller-start] 4194304

[1 occurrence(s)]
INFO --> [REQ_ID=0138a3c75097] [PERF] Execution time=0.022847

[1 occurrence(s)]
INFO --> [REQ_ID=c0407b9f8c2a] [PERF] Execution time=0.032684

[1 occurrence(s)]
INFO --> [REQ_ID=d4548f8499d6] [PERF] Execution time=0.009832

[1 occurrence(s)]
INFO --> [REQ_ID=c7c68d7f43ac] [MEMORY][controller-start] 4194304

[1 occurrence(s)]
INFO --> [REQ_ID=c7c68d7f43ac] [PERF] Execution time=0.027380

[1 occurrence(s)]
INFO --> [REQ_ID=75d2c1e644c9] [PERF] Execution time=0.038587

[1 occurrence(s)]
INFO --> [REQ_ID=b35e123bde1e] [PERF] Execution time=0.009819

[1 occurrence(s)]
INFO --> [REQ_ID=43413f942249] [MEMORY][controller-start] 4194304

[1 occurrence(s)]
INFO --> [REQ_ID=43413f942249] [PERF] Execution time=0.051722

[1 occurrence(s)]
INFO --> [REQ_ID=daafc2c689c3] [PERF] Execution time=0.061466

[1 occurrence(s)]
INFO --> [REQ_ID=470267ac7c02] [PERF] Execution time=0.009706

[1 occurrence(s)]
INFO --> [REQ_ID=4f81c837c123] [MEMORY][controller-start] 4194304

[1 occurrence(s)]
INFO --> [REQ_ID=4f81c837c123] [PERF] Execution time=0.031785

[1 occurrence(s)]
INFO --> [REQ_ID=0667d28b8ee1] [PERF] Execution time=0.041426

[1 occurrence(s)]
INFO --> [REQ_ID=6fdceb88ace5] [PERF] Execution time=0.009775

[1 occurrence(s)]
INFO --> [REQ_ID=c48024b65fa1] [MEMORY][controller-start] 4194304

[1 occurrence(s)]
INFO --> [REQ_ID=c48024b65fa1] [PERF] Execution time=0.027546

[1 occurrence(s)]
INFO --> [REQ_ID=4cc33418339b] [PERF] Execution time=0.037275

[1 occurrence(s)]
INFO --> [REQ_ID=5b66898ac236] [PERF] Execution time=0.013054

[1 occurrence(s)]
INFO --> [REQ_ID=8c0d7c1082cc] [PERF] Execution time=0.010322

[1 occurrence(s)]
INFO --> [REQ_ID=861eb562a4d5] [MEMORY][controller-start] 4194304

[1 occurrence(s)]
INFO --> [REQ_ID=861eb562a4d5] [PERF] Execution time=0.026906

[1 occurrence(s)]
INFO --> [REQ_ID=f8ed4f2ab7f5] [PERF] Execution time=0.037145

[1 occurrence(s)]
INFO --> [REQ_ID=a91074d3a1a0] [PERF] Execution time=0.010008

[1 occurrence(s)]
INFO --> [REQ_ID=17acc4de45f9] [MEMORY][controller-start] 4194304

[1 occurrence(s)]
INFO --> [REQ_ID=17acc4de45f9] [PERF] Execution time=0.024819

[1 occurrence(s)]
INFO --> [REQ_ID=7cd4efec9f91] [PERF] Execution time=0.035300

[1 occurrence(s)]
INFO --> [REQ_ID=2c05e13c6a76] [PERF] Execution time=0.010601

[1 occurrence(s)]
INFO --> [REQ_ID=251c3fb21b41] [MEMORY][controller-start] 4194304

[1 occurrence(s)]
INFO --> [REQ_ID=251c3fb21b41] [PERF] Execution time=0.025111

[1 occurrence(s)]
INFO --> [REQ_ID=5d18d3d79519] [PERF] Execution time=0.038876

[1 occurrence(s)]
INFO --> [REQ_ID=c8c7a2d88506] [PERF] Execution time=0.015078

[1 occurrence(s)]
INFO --> [REQ_ID=0bd15fccc722] [MEMORY][controller-start] 4194304

[1 occurrence(s)]
INFO --> [REQ_ID=0bd15fccc722] [PERF] Execution time=0.034277

[1 occurrence(s)]
INFO --> [REQ_ID=f6244ee04a1a] [PERF] Execution time=0.043945

[1 occurrence(s)]
INFO --> [REQ_ID=ea7155c8a727] [PERF] Execution time=0.010668

[1 occurrence(s)]
INFO --> [REQ_ID=084ecb82b2da] [MEMORY][controller-start] 4194304

[1 occurrence(s)]
INFO --> [REQ_ID=084ecb82b2da] [PERF] Execution time=0.030152

[1 occurrence(s)]
INFO --> [REQ_ID=9a46b4f565a1] [PERF] Execution time=0.039924

[1 occurrence(s)]
INFO --> [REQ_ID=07df6c530bc4] [PERF] Execution time=0.009806

[1 occurrence(s)]
INFO --> [REQ_ID=aaf2ee0d0ccb] [MEMORY][controller-start] 4194304

[1 occurrence(s)]
INFO --> [REQ_ID=aaf2ee0d0ccb] [PERF] Execution time=0.024127

[1 occurrence(s)]
INFO --> [REQ_ID=baae9b72b43a] [PERF] Execution time=0.035507

[1 occurrence(s)]
INFO --> [REQ_ID=e55be44b73b7] [PERF] Execution time=0.010076

[1 occurrence(s)]
INFO --> [REQ_ID=92de41c1aa4f] [MEMORY][controller-start] 4194304

[1 occurrence(s)]
INFO --> [REQ_ID=92de41c1aa4f] [PERF] Execution time=0.023581

[1 occurrence(s)]
INFO --> [REQ_ID=caea345a58cf] [PERF] Execution time=0.033343

[1 occurrence(s)]
INFO --> [REQ_ID=64ed998695a6] [PERF] Execution time=0.010962

[1 occurrence(s)]
INFO --> [REQ_ID=04a2bfc48a8f] [MEMORY][controller-start] 4194304

[1 occurrence(s)]
INFO --> [REQ_ID=04a2bfc48a8f] [PERF] Execution time=0.046008

[1 occurrence(s)]
INFO --> [REQ_ID=a95dba32e816] [PERF] Execution time=0.056350

[1 occurrence(s)]
INFO --> [REQ_ID=42d2f509abac] [PERF] Execution time=0.014212

[1 occurrence(s)]
INFO --> [REQ_ID=f2ccb978151b] [PERF] Execution time=0.014597

[1 occurrence(s)]
INFO --> [REQ_ID=1171b66e75b3] [PERF] Execution time=0.013969

[1 occurrence(s)]
INFO --> [REQ_ID=dbca59207494] [PERF] Execution time=0.009801

[1 occurrence(s)]
INFO --> [REQ_ID=b759fde15daf] [MEMORY][controller-start] 4194304

[1 occurrence(s)]
INFO --> [REQ_ID=b759fde15daf] [PERF] Execution time=0.026446

[1 occurrence(s)]
INFO --> [REQ_ID=0a2bb2410381] [PERF] Execution time=0.036029

[1 occurrence(s)]
INFO --> [REQ_ID=3b490a805b10] [PERF] Execution time=0.010356

[1 occurrence(s)]
INFO --> [REQ_ID=7d1f9e73c7a9] [MEMORY][controller-start] 4194304

[1 occurrence(s)]
INFO --> [REQ_ID=7d1f9e73c7a9] [PERF] Execution time=0.028371

[1 occurrence(s)]
INFO --> [REQ_ID=1f658a706a1e] [PERF] Execution time=0.038024

[1 occurrence(s)]
INFO --> [REQ_ID=26f4c1775d19] [PERF] Execution time=0.009834

[1 occurrence(s)]
INFO --> [REQ_ID=11fe60d4e5a8] [MEMORY][controller-start] 4194304

[1 occurrence(s)]
INFO --> [REQ_ID=11fe60d4e5a8] [PERF] Execution time=0.060144

[1 occurrence(s)]
INFO --> [REQ_ID=87bdb51dd2ab] [PERF] Execution time=0.070020

[1 occurrence(s)]
INFO --> [REQ_ID=c23e8a19ab2a] [PERF] Execution time=0.010409

[1 occurrence(s)]
INFO --> [REQ_ID=14183bfd6866] [MEMORY][controller-start] 4194304

[1 occurrence(s)]
INFO --> [REQ_ID=14183bfd6866] [PERF] Execution time=0.030524

[1 occurrence(s)]
INFO --> [REQ_ID=f374310a2bf5] [PERF] Execution time=0.040284

[1 occurrence(s)]
INFO --> [REQ_ID=b4c25451d35a] [PERF] Execution time=0.009845

[1 occurrence(s)]
INFO --> [REQ_ID=891daf7a6622] [MEMORY][controller-start] 4194304

[1 occurrence(s)]
INFO --> [REQ_ID=891daf7a6622] [PERF] Execution time=0.027892

[1 occurrence(s)]
INFO --> [REQ_ID=18fc5624f55b] [PERF] Execution time=0.037844

[1 occurrence(s)]
INFO --> [REQ_ID=02e5eee89e43] [PERF] Execution time=0.016343

[1 occurrence(s)]
INFO --> [REQ_ID=1ea0ab201853] [PERF] Execution time=0.016625

[1 occurrence(s)]
INFO --> [REQ_ID=47a9252991f7] [PERF] Execution time=0.014929

[1 occurrence(s)]
INFO --> [REQ_ID=32727e84499a] [PERF] Execution time=0.009844

[1 occurrence(s)]
INFO --> [REQ_ID=53feb680182c] [MEMORY][controller-start] 4194304

[1 occurrence(s)]
INFO --> [REQ_ID=53feb680182c] [PERF] Execution time=0.033705

[1 occurrence(s)]
INFO --> [REQ_ID=86220a5d8cfa] [PERF] Execution time=0.043697

[1 occurrence(s)]
INFO --> [REQ_ID=6a4947dc8b30] [PERF] Execution time=0.009921

[1 occurrence(s)]
INFO --> [REQ_ID=38f95fb04a67] [PERF] Execution time=0.009487

[1 occurrence(s)]
INFO --> [REQ_ID=a03a1f3b7a23] [PERF] Execution time=0.010824

[1 occurrence(s)]
INFO --> [REQ_ID=3b7c534b849f] [PERF] Execution time=0.009516

[1 occurrence(s)]
INFO --> [REQ_ID=7890cb481b9e] [PERF] Execution time=0.010580

[1 occurrence(s)]
INFO --> [REQ_ID=cbf45136343e] [PERF] Execution time=0.019569

[1 occurrence(s)]
INFO --> [REQ_ID=9f3fef0d526d] [PERF] Execution time=0.009494

[1 occurrence(s)]
INFO --> [REQ_ID=441de9e58195] [PERF] Execution time=0.010778

[1 occurrence(s)]
INFO --> [REQ_ID=b74b74e157af] [PERF] Execution time=0.015771

[1 occurrence(s)]
INFO --> [REQ_ID=6904d46a579c] [PERF] Execution time=0.009598

[1 occurrence(s)]
INFO --> [REQ_ID=d5b68cec6df7] [PERF] Execution time=0.011148

[1 occurrence(s)]
INFO --> [REQ_ID=dc3734c0121e] [PERF] Execution time=0.017307

[1 occurrence(s)]
INFO --> [REQ_ID=4ab63895af4b] [PERF] Execution time=0.010983

[1 occurrence(s)]
INFO --> [REQ_ID=0374d8de993a] [PERF] Execution time=0.009403

[1 occurrence(s)]
INFO --> [REQ_ID=265dbe8f6452] [PERF] Execution time=0.010879

[1 occurrence(s)]
INFO --> [REQ_ID=e996bb3eb894] [PERF] Execution time=0.009788

[1 occurrence(s)]
INFO --> [REQ_ID=0fe616dfc590] [PERF] Execution time=0.009779

[1 occurrence(s)]
INFO --> [REQ_ID=54c08b4efd0b] [PERF] Execution time=0.009616

[1 occurrence(s)]
INFO --> [REQ_ID=d1d7004f3829] [PERF] Execution time=0.009712

[1 occurrence(s)]
INFO --> [REQ_ID=2fe696e3606f] [PERF] Execution time=0.009572

[1 occurrence(s)]
INFO --> [REQ_ID=0b6258036230] [PERF] Execution time=0.014462

[1 occurrence(s)]
INFO --> [REQ_ID=30e5dc17bfc7] [PERF] Execution time=0.020293

[1 occurrence(s)]
INFO --> [REQ_ID=61692fc1d51e] [PERF] Execution time=0.014506

[1 occurrence(s)]
INFO --> [REQ_ID=1c758b168062] [PERF] Execution time=0.011166

[1 occurrence(s)]
INFO --> [REQ_ID=23c5624332f5] [PERF] Execution time=0.012029

[1 occurrence(s)]
INFO --> [REQ_ID=0aa0c22862f0] [PERF] Execution time=0.010480

[1 occurrence(s)]
INFO --> [REQ_ID=95c714f82b3e] [PERF] Execution time=0.009445

[1 occurrence(s)]
INFO --> [REQ_ID=6733ae1db5df] [PERF] Execution time=0.010160

[1 occurrence(s)]
INFO --> [REQ_ID=4ee86a248c21] [PERF] Execution time=0.009656

[1 occurrence(s)]
INFO --> [REQ_ID=c8a44e82ffc3] [PERF] Execution time=0.011115

[1 occurrence(s)]
INFO --> [REQ_ID=ac214cfc6416] [PERF] Execution time=0.009611

[1 occurrence(s)]
INFO --> [REQ_ID=50fb81f629ce] [PERF] Execution time=0.009866

[1 occurrence(s)]
INFO --> [REQ_ID=e6d234a9c212] [PERF] Execution time=0.010515

[1 occurrence(s)]
INFO --> [REQ_ID=a5ba1acf05b1] [PERF] Execution time=0.009719

[1 occurrence(s)]
INFO --> [REQ_ID=5d6bac872da3] [PERF] Execution time=0.009549

[1 occurrence(s)]
INFO --> [REQ_ID=7578c0038f8a] [PERF] Execution time=0.013954

[1 occurrence(s)]
INFO --> [REQ_ID=4f38c44b063e] [PERF] Execution time=0.014613

[1 occurrence(s)]
INFO --> [REQ_ID=fe6b8ea4f813] [PERF] Execution time=0.009447

[1 occurrence(s)]
INFO --> [REQ_ID=cff62cd220d4] [PERF] Execution time=0.010032

[1 occurrence(s)]
INFO --> [REQ_ID=be709601bffa] [PERF] Execution time=0.009691

[1 occurrence(s)]
INFO --> [REQ_ID=61885e2166e2] [PERF] Execution time=0.009944

[1 occurrence(s)]
INFO --> [REQ_ID=a2f648eb77cc] [PERF] Execution time=0.010491

[1 occurrence(s)]
INFO --> [REQ_ID=98a27d98a945] [PERF] Execution time=0.010357

[1 occurrence(s)]
INFO --> [REQ_ID=4ab2cfeab3a7] [PERF] Execution time=0.010240

[1 occurrence(s)]
INFO --> [REQ_ID=14aa1c4173dd] [PERF] Execution time=0.010793

[1 occurrence(s)]
INFO --> [REQ_ID=658e84953fa5] [PERF] Execution time=0.009617

[1 occurrence(s)]
INFO --> [REQ_ID=d7b274f8b877] [PERF] Execution time=0.009953

[1 occurrence(s)]
INFO --> [REQ_ID=44f8e8d8d679] [PERF] Execution time=0.019952

[1 occurrence(s)]
INFO --> [REQ_ID=eccb50a59d9a] [PERF] Execution time=0.017399

[1 occurrence(s)]
INFO --> [REQ_ID=1bf7ad7890c2] [PERF] Execution time=0.009752

[1 occurrence(s)]
INFO --> [REQ_ID=ea1d5c215c11] [PERF] Execution time=0.011196

[1 occurrence(s)]
INFO --> [REQ_ID=1c2eee8acfe5] [PERF] Execution time=0.009583

[1 occurrence(s)]
INFO --> [REQ_ID=e2bf6209ede1] [PERF] Execution time=0.010973

[1 occurrence(s)]
INFO --> [REQ_ID=62ff507e4b40] [PERF] Execution time=0.011421

[1 occurrence(s)]
INFO --> [REQ_ID=44229f9e35f6] [PERF] Execution time=0.009890

[1 occurrence(s)]
INFO --> [REQ_ID=1c3fea3c1692] [PERF] Execution time=0.009659

[1 occurrence(s)]
INFO --> [REQ_ID=809092438a5d] [PERF] Execution time=0.010172

[1 occurrence(s)]
INFO --> [REQ_ID=8c8523c8f381] [PERF] Execution time=0.012643

[1 occurrence(s)]
INFO --> [REQ_ID=f852805605db] [PERF] Execution time=0.009590

[1 occurrence(s)]
INFO --> [REQ_ID=7464ccf4827d] [PERF] Execution time=0.010388

[1 occurrence(s)]
INFO --> [REQ_ID=8ab4b9b943f2] [PERF] Execution time=0.010648

[1 occurrence(s)]
INFO --> [REQ_ID=a93d22a97578] [PERF] Execution time=0.010874

[1 occurrence(s)]
INFO --> [REQ_ID=bb933085c48e] [PERF] Execution time=0.011512

[1 occurrence(s)]
INFO --> [REQ_ID=4475e20bdfa0] [PERF] Execution time=0.014404

[1 occurrence(s)]
INFO --> [REQ_ID=8054c7acd315] [PERF] Execution time=0.012436

[1 occurrence(s)]
INFO --> [REQ_ID=e5d6543e0ef9] [PERF] Execution time=0.009728

[1 occurrence(s)]
INFO --> [REQ_ID=0fdebef3e391] [PERF] Execution time=0.010762

[1 occurrence(s)]
INFO --> [REQ_ID=a20c247d8357] [PERF] Execution time=0.009519

[1 occurrence(s)]
INFO --> [REQ_ID=16f82b3e6c05] [PERF] Execution time=0.009995

[1 occurrence(s)]
INFO --> [REQ_ID=51d526554526] [PERF] Execution time=0.009517

[1 occurrence(s)]
INFO --> [REQ_ID=a6b9895deb13] [PERF] Execution time=0.009933

[1 occurrence(s)]
INFO --> [REQ_ID=73ff26a7c03a] [PERF] Execution time=0.010098

[1 occurrence(s)]
INFO --> [REQ_ID=3adadd3fc8a4] [PERF] Execution time=0.009869

[1 occurrence(s)]
INFO --> [REQ_ID=2aed975bd6c9] [PERF] Execution time=0.010985

[1 occurrence(s)]
INFO --> [REQ_ID=b1411e4647ed] [PERF] Execution time=0.009677

[1 occurrence(s)]
INFO --> [REQ_ID=689a3b2f49ac] [PERF] Execution time=0.010592

[1 occurrence(s)]
INFO --> [REQ_ID=c08ed6c54e37] [PERF] Execution time=0.010478

[1 occurrence(s)]
INFO --> [REQ_ID=8c35fdcca0af] [PERF] Execution time=0.009711

[1 occurrence(s)]
INFO --> [REQ_ID=d5afaf4350bf] [PERF] Execution time=0.009745

[1 occurrence(s)]
INFO --> [REQ_ID=56124593fcbd] [PERF] Execution time=0.009653

[1 occurrence(s)]
INFO --> [REQ_ID=4c80269047cf] [PERF] Execution time=0.010139

[1 occurrence(s)]
INFO --> [REQ_ID=a6f17f0d90bf] [PERF] Execution time=0.009562

[1 occurrence(s)]
INFO --> [REQ_ID=c4d527503ef6] [PERF] Execution time=0.009543

[1 occurrence(s)]
INFO --> [REQ_ID=692e6349cd41] [PERF] Execution time=0.009845

[1 occurrence(s)]
INFO --> [REQ_ID=4d464e949bb0] [PERF] Execution time=0.009715

[1 occurrence(s)]
INFO --> [REQ_ID=3f76c7621b02] [PERF] Execution time=0.010137

[1 occurrence(s)]
INFO --> [REQ_ID=59d79458c54f] [PERF] Execution time=0.009659

[1 occurrence(s)]
INFO --> [REQ_ID=4cb7c1cf0469] [PERF] Execution time=0.009968

[1 occurrence(s)]
INFO --> [REQ_ID=34c7ce735879] [PERF] Execution time=0.011780

[1 occurrence(s)]
INFO --> [REQ_ID=77d0b53fb223] [PERF] Execution time=0.016330

[1 occurrence(s)]
INFO --> [REQ_ID=efcee66df50f] [PERF] Execution time=0.016050

[1 occurrence(s)]
INFO --> [REQ_ID=2c2759dd4335] [PERF] Execution time=0.009792

[1 occurrence(s)]
INFO --> [REQ_ID=b4a57af1f98a] [PERF] Execution time=0.010918

[1 occurrence(s)]
INFO --> [REQ_ID=761150f541e0] [PERF] Execution time=0.009922

[1 occurrence(s)]
INFO --> [REQ_ID=2439469808d5] [PERF] Execution time=0.009647

[1 occurrence(s)]
INFO --> [REQ_ID=43acd9be80d3] [PERF] Execution time=0.010580

[1 occurrence(s)]
INFO --> [REQ_ID=c03282711d1e] [PERF] Execution time=0.019347

[1 occurrence(s)]
INFO --> [REQ_ID=ba5362831ff1] [PERF] Execution time=0.016517

[1 occurrence(s)]
INFO --> [REQ_ID=b95f96979b8e] [PERF] Execution time=0.010204

[1 occurrence(s)]
INFO --> [REQ_ID=bf2bf51ffd0a] [PERF] Execution time=0.010742

[1 occurrence(s)]
INFO --> [REQ_ID=3f03bc06dda2] [PERF] Execution time=0.009569

[1 occurrence(s)]
INFO --> [REQ_ID=f985845a679c] [PERF] Execution time=0.011809

[1 occurrence(s)]
INFO --> [REQ_ID=00635f39d377] [PERF] Execution time=0.009773

[1 occurrence(s)]
INFO --> [REQ_ID=6e0a403c532e] [PERF] Execution time=0.009738

[1 occurrence(s)]
INFO --> [REQ_ID=681fe7240d66] [PERF] Execution time=0.010110

[1 occurrence(s)]
INFO --> [REQ_ID=49117947a6d6] [PERF] Execution time=0.009725

[1 occurrence(s)]
INFO --> [REQ_ID=d974075bfa7f] [PERF] Execution time=0.011184

[1 occurrence(s)]
INFO --> [REQ_ID=9744dc013251] [PERF] Execution time=0.015780

[1 occurrence(s)]
INFO --> [REQ_ID=365935ecc178] [PERF] Execution time=0.009563

[1 occurrence(s)]
INFO --> [REQ_ID=67ef91d21013] [PERF] Execution time=0.009538

[1 occurrence(s)]
INFO --> [REQ_ID=2be8a86756d9] [PERF] Execution time=0.010054

[1 occurrence(s)]
INFO --> [REQ_ID=7b2ab9069175] [PERF] Execution time=0.010299

[1 occurrence(s)]
INFO --> [REQ_ID=7839d5546935] [PERF] Execution time=0.009624

[1 occurrence(s)]
INFO --> [REQ_ID=f7a6bbd7ce40] [PERF] Execution time=0.014077

[1 occurrence(s)]
INFO --> [REQ_ID=afe682d8a30c] [PERF] Execution time=0.009719

[1 occurrence(s)]
INFO --> [REQ_ID=f7954e8e0e14] [PERF] Execution time=0.010262

[1 occurrence(s)]
INFO --> [REQ_ID=8089784cd159] [PERF] Execution time=0.011084

[1 occurrence(s)]
INFO --> [REQ_ID=967025134e6a] [PERF] Execution time=0.010441

[1 occurrence(s)]
INFO --> [REQ_ID=3597dc1540dc] [PERF] Execution time=0.009383

[1 occurrence(s)]
INFO --> [REQ_ID=64f51fbd0b8f] [PERF] Execution time=0.009810

[1 occurrence(s)]
INFO --> [REQ_ID=49604d7c5470] [PERF] Execution time=0.009587

[1 occurrence(s)]
INFO --> [REQ_ID=73c7a88d59fa] [PERF] Execution time=0.009932

[1 occurrence(s)]
INFO --> [REQ_ID=ba4fd2cc484d] [PERF] Execution time=0.016458

[1 occurrence(s)]
INFO --> [REQ_ID=7f22798702a4] [PERF] Execution time=0.009503

[1 occurrence(s)]
INFO --> [REQ_ID=3cfa77423f62] [PERF] Execution time=0.010925

[1 occurrence(s)]
INFO --> [REQ_ID=eaf72d6dceb9] [PERF] Execution time=0.010708

[1 occurrence(s)]
INFO --> [REQ_ID=bb18ae8e878c] [PERF] Execution time=0.010760

[1 occurrence(s)]
INFO --> [REQ_ID=3b91984980ab] [PERF] Execution time=0.009714

[1 occurrence(s)]
INFO --> [REQ_ID=2c5faa6ac35f] [PERF] Execution time=0.024784

[1 occurrence(s)]
INFO --> [REQ_ID=7db483f8fbb6] [PERF] Execution time=0.020967

[1 occurrence(s)]
INFO --> [REQ_ID=3de7ff648b51] [PERF] Execution time=0.009729

[1 occurrence(s)]
INFO --> [REQ_ID=baa0d5f6aaae] [PERF] Execution time=0.009786

[1 occurrence(s)]
INFO --> [REQ_ID=9134085a04c5] [PERF] Execution time=0.012307

[1 occurrence(s)]
INFO --> [REQ_ID=0c2a0e11d55e] [PERF] Execution time=0.010188

[1 occurrence(s)]
INFO --> [REQ_ID=c4380b71666d] [PERF] Execution time=0.011654

[1 occurrence(s)]
INFO --> [REQ_ID=2bf88a012085] [MEMORY][controller-start] 6291456

[1 occurrence(s)]
INFO --> [REQ_ID=2bf88a012085] [MEMORY][commonData:start] 8388608

[1 occurrence(s)]
INFO --> [PERF][HOME] buildCommonData complete in 497.97ms

[1 occurrence(s)]
INFO --> [PERF][HOME] index commonData done in 498.6ms

[1 occurrence(s)]
INFO --> [REQ_ID=2bf88a012085] [MEMORY][commonData:start] 10485760

[24 occurrence(s)]
INFO --> themesMemory usage: 10485760

[1 occurrence(s)]
INFO --> [PERF][HOME] index renderTheme done in 7.2ms

[1 occurrence(s)]
INFO --> [REQ_ID=2bf88a012085] [PERF] Execution time=0.581368

[1 occurrence(s)]
INFO --> [REQ_ID=bb0bf62434a0] [PERF] Execution time=0.628688

[1 occurrence(s)]
INFO --> [REQ_ID=8908b68248b9] [PERF] Execution time=0.069389

[1 occurrence(s)]
INFO --> [REQ_ID=77f93fe08bab] [PERF] Execution time=0.012175

[1 occurrence(s)]
INFO --> [REQ_ID=55e58aac4706] [PERF] Execution time=0.010222

[1 occurrence(s)]
INFO --> [REQ_ID=3fe10d69ad36] [PERF] Execution time=0.010099

[1 occurrence(s)]
INFO --> [REQ_ID=8a754ebe0e2c] [PERF] Execution time=0.009573

[1 occurrence(s)]
INFO --> [REQ_ID=25e9a0ec2433] [PERF] Execution time=0.009689

[1 occurrence(s)]
INFO --> [REQ_ID=37cc2c9321a1] [PERF] Execution time=0.009897

[1 occurrence(s)]
INFO --> [REQ_ID=9532e3084b20] [PERF] Execution time=0.053101

[1 occurrence(s)]
INFO --> [REQ_ID=82727889fc92] [PERF] Execution time=0.053779

[1 occurrence(s)]
INFO --> [REQ_ID=ae3d382565d4] [PERF] Execution time=0.010429

[1 occurrence(s)]
INFO --> [REQ_ID=0046323b55bc] [PERF] Execution time=0.010657

[1 occurrence(s)]
INFO --> [REQ_ID=a432054dde34] [PERF] Execution time=0.009566

[1 occurrence(s)]
INFO --> [REQ_ID=a4fc4866f8f2] [PERF] Execution time=0.009630

[1 occurrence(s)]
INFO --> [REQ_ID=919fff7a7ad0] [PERF] Execution time=0.012499

[1 occurrence(s)]
INFO --> [REQ_ID=289541b5471e] [PERF] Execution time=0.024585

[1 occurrence(s)]
INFO --> [REQ_ID=f7902d790d45] [PERF] Execution time=0.065061

[1 occurrence(s)]
INFO --> [REQ_ID=87271bad09d2] [PERF] Execution time=0.050112

[1 occurrence(s)]
INFO --> [REQ_ID=962cee8ef124] [PERF] Execution time=0.009565

[1 occurrence(s)]
INFO --> [REQ_ID=52cc9620c679] [PERF] Execution time=0.015337

[1 occurrence(s)]
INFO --> [REQ_ID=aa85b320a3c3] [PERF] Execution time=0.022458

[1 occurrence(s)]
INFO --> [REQ_ID=314869863df2] [PERF] Execution time=0.023151

[1 occurrence(s)]
INFO --> [REQ_ID=2cae4f812668] [PERF] Execution time=0.077929

[1 occurrence(s)]
INFO --> [REQ_ID=1ce920287c7f] [PERF] Execution time=0.148342

[1 occurrence(s)]
INFO --> [REQ_ID=c9f1eb4fee85] [PERF] Execution time=0.044922

[1 occurrence(s)]
INFO --> [REQ_ID=c7c48b9df3a1] [PERF] Execution time=0.017045

[1 occurrence(s)]
INFO --> [REQ_ID=d8f0cfa881c5] [PERF] Execution time=0.028718

[1 occurrence(s)]
INFO --> [REQ_ID=1e61d7e1c604] [MEMORY][controller-start] 4194304

[1 occurrence(s)]
INFO --> [REQ_ID=1e61d7e1c604] [MEMORY][commonData:start] 6291456

[1 occurrence(s)]
INFO --> [PERF][HOME] buildCommonData complete in 482.76ms

[1 occurrence(s)]
INFO --> [PERF][HOME] index commonData done in 483.3ms

[1 occurrence(s)]
INFO --> [REQ_ID=1e61d7e1c604] [MEMORY][commonData:start] 8388608

[1 occurrence(s)]
INFO --> [PERF][HOME] index renderTheme done in 6.89ms

[1 occurrence(s)]
INFO --> [REQ_ID=1e61d7e1c604] [PERF] Execution time=0.517766

[1 occurrence(s)]
INFO --> [REQ_ID=3d964ac33359] [PERF] Execution time=0.541562

[1 occurrence(s)]
INFO --> [REQ_ID=582e2d3bfa61] [PERF] Execution time=0.016779

[1 occurrence(s)]
INFO --> [REQ_ID=f89fc52052ac] [PERF] Execution time=0.024458

[1 occurrence(s)]
INFO --> [REQ_ID=d07b42684641] [PERF] Execution time=0.019270

[1 occurrence(s)]
INFO --> [REQ_ID=ecfd83651bd8] [PERF] Execution time=0.010031

[1 occurrence(s)]
INFO --> [REQ_ID=f3a147906881] [PERF] Execution time=0.031619

[1 occurrence(s)]
INFO --> [REQ_ID=c2fb65167e6e] [PERF] Execution time=0.038619

[1 occurrence(s)]
INFO --> [REQ_ID=5d1395753633] [PERF] Execution time=0.016899

[1 occurrence(s)]
INFO --> [REQ_ID=79d1083d1dea] [PERF] Execution time=0.010548

[1 occurrence(s)]
INFO --> [REQ_ID=49eccb1c40c2] [PERF] Execution time=0.009385

[1 occurrence(s)]
INFO --> [REQ_ID=eef844c9bda6] [PERF] Execution time=0.043641

[1 occurrence(s)]
INFO --> [REQ_ID=1beb2c75fd4f] [MEMORY][controller-start] 4194304

[1 occurrence(s)]
INFO --> [REQ_ID=1beb2c75fd4f] [PERF] Execution time=0.080927

[1 occurrence(s)]
INFO --> [REQ_ID=46032d83b77a] [PERF] Execution time=0.100400

[1 occurrence(s)]
INFO --> [REQ_ID=f3eedf383b7d] [MEMORY][controller-start] 6291456

[1 occurrence(s)]
INFO --> [REQ_ID=f3eedf383b7d] [MEMORY][commonData:start] 8388608

[1 occurrence(s)]
INFO --> [PERF][HOME] buildCommonData complete in 529.44ms

[1 occurrence(s)]
INFO --> [PERF][HOME] index commonData done in 530.11ms

[1 occurrence(s)]
INFO --> [REQ_ID=f3eedf383b7d] [MEMORY][commonData:start] 10485760

[1 occurrence(s)]
INFO --> [PERF][HOME] index renderTheme done in 19.17ms

[1 occurrence(s)]
INFO --> [REQ_ID=f3eedf383b7d] [PERF] Execution time=0.578983

[1 occurrence(s)]
INFO --> [REQ_ID=f19faa724bd3] [PERF] Execution time=0.677186

[1 occurrence(s)]
INFO --> [REQ_ID=392c266b5731] [MEMORY][controller-start] 6291456

[1 occurrence(s)]
INFO --> [REQ_ID=392c266b5731] [MEMORY][commonData:start] 6291456

[1 occurrence(s)]
INFO --> [PERF][HOME] buildCommonData complete in 447.75ms

[1 occurrence(s)]
INFO --> [PERF][HOME] index commonData done in 448.26ms

[1 occurrence(s)]
INFO --> [REQ_ID=392c266b5731] [MEMORY][commonData:start] 8388608

[1 occurrence(s)]
INFO --> [PERF][HOME] index renderTheme done in 4.23ms

[1 occurrence(s)]
INFO --> [REQ_ID=392c266b5731] [PERF] Execution time=0.462804

[1 occurrence(s)]
INFO --> [REQ_ID=63d9e5633bcf] [PERF] Execution time=0.478933

[1 occurrence(s)]
INFO --> [REQ_ID=af840f90c057] [MEMORY][controller-start] 8388608

[1 occurrence(s)]
INFO --> [REQ_ID=af840f90c057] [PERF] Execution time=0.013389

[1 occurrence(s)]
INFO --> [REQ_ID=0ab67261a968] [PERF] Execution time=0.031899

[1 occurrence(s)]
INFO --> [REQ_ID=835de3d5267f] [MEMORY][controller-start] 6291456

[1 occurrence(s)]
INFO --> [REQ_ID=835de3d5267f] [PERF] Execution time=0.027244

[1 occurrence(s)]
INFO --> [REQ_ID=72032a11c079] [PERF] Execution time=0.039603

[1 occurrence(s)]
INFO --> [REQ_ID=9ffe0b0c563f] [MEMORY][controller-start] 4194304

[1 occurrence(s)]
INFO --> [REQ_ID=9ffe0b0c563f] [PERF] Execution time=0.038889

[1 occurrence(s)]
INFO --> [REQ_ID=b870f4e80779] [PERF] Execution time=0.053536

[1 occurrence(s)]
INFO --> [REQ_ID=62d1db17ded2] [MEMORY][controller-start] 4194304

[1 occurrence(s)]
INFO --> [REQ_ID=62d1db17ded2] [PERF] Execution time=0.026113

[1 occurrence(s)]
INFO --> [REQ_ID=a8e47b36a263] [PERF] Execution time=0.044701

[1 occurrence(s)]
INFO --> [REQ_ID=ec4ae457ca7b] [MEMORY][controller-start] 4194304

[1 occurrence(s)]
INFO --> [REQ_ID=ec4ae457ca7b] [PERF] Execution time=0.031202

[1 occurrence(s)]
INFO --> [REQ_ID=af09f131b701] [PERF] Execution time=0.046336

[1 occurrence(s)]
INFO --> [REQ_ID=4a457b2aa2e3] [MEMORY][controller-start] 4194304

[1 occurrence(s)]
INFO --> [REQ_ID=4a457b2aa2e3] [PERF] Execution time=0.028368

[1 occurrence(s)]
INFO --> [REQ_ID=eb8e8dc9d733] [PERF] Execution time=0.073410

[1 occurrence(s)]
INFO --> [REQ_ID=9b4a473bdd36] [MEMORY][controller-start] 4194304

[1 occurrence(s)]
INFO --> [REQ_ID=9b4a473bdd36] [PERF] Execution time=0.025886

[1 occurrence(s)]
INFO --> [REQ_ID=d71949a2b26d] [PERF] Execution time=0.083053

[1 occurrence(s)]
INFO --> [REQ_ID=2bf2189970d9] [MEMORY][controller-start] 4194304

[1 occurrence(s)]
INFO --> [REQ_ID=2bf2189970d9] [PERF] Execution time=0.035733

[1 occurrence(s)]
INFO --> [REQ_ID=dc7276a0d985] [PERF] Execution time=0.132625

[1 occurrence(s)]
INFO --> [REQ_ID=63f9f8759950] [PERF] Execution time=0.060146

[1 occurrence(s)]
INFO --> [REQ_ID=877f16176c29] [MEMORY][controller-start] 4194304

[1 occurrence(s)]
INFO --> [REQ_ID=877f16176c29] [PERF] Execution time=0.181521

[1 occurrence(s)]
INFO --> [REQ_ID=9d2d7f56b5b4] [PERF] Execution time=0.196562

[1 occurrence(s)]
INFO --> [REQ_ID=c13de0c91cf4] [MEMORY][controller-start] 6291456

[1 occurrence(s)]
INFO --> [REQ_ID=c13de0c91cf4] [MEMORY][commonData:start] 8388608

[1 occurrence(s)]
INFO --> [PERF][HOME] buildCommonData complete in 552ms

[1 occurrence(s)]
INFO --> [PERF][HOME] index commonData done in 552.61ms

[1 occurrence(s)]
INFO --> [REQ_ID=c13de0c91cf4] [MEMORY][commonData:start] 10485760

[1 occurrence(s)]
INFO --> [PERF][HOME] index renderTheme done in 7.76ms

[1 occurrence(s)]
INFO --> [REQ_ID=c13de0c91cf4] [PERF] Execution time=0.680533

[1 occurrence(s)]
INFO --> [REQ_ID=f7bc89191394] [PERF] Execution time=0.730892

[1 occurrence(s)]
INFO --> [REQ_ID=9d1ad54fc353] [PERF] Execution time=0.049876

[1 occurrence(s)]
INFO --> [REQ_ID=927236da674a] [PERF] Execution time=0.011073

[1 occurrence(s)]
INFO --> [REQ_ID=2a49cd6c03f2] [MEMORY][controller-start] 4194304

[1 occurrence(s)]
INFO --> [REQ_ID=2a49cd6c03f2] [PERF] Execution time=0.345636

[1 occurrence(s)]
INFO --> [REQ_ID=3b6f62be35c8] [PERF] Execution time=0.361017

[1 occurrence(s)]
INFO --> [REQ_ID=5ed0c4f9d26b] [MEMORY][controller-start] 6291456

[1 occurrence(s)]
INFO --> [REQ_ID=5ed0c4f9d26b] [MEMORY][commonData:start] 6291456

[1 occurrence(s)]
INFO --> [REQ_ID=5ed0c4f9d26b] [PERF] Execution time=0.731625

[1 occurrence(s)]
INFO --> [REQ_ID=27f4f8310502] [PERF] Execution time=0.780705

[1 occurrence(s)]
INFO --> [REQ_ID=8d960b6f8433] [MEMORY][controller-start] 6291456

[1 occurrence(s)]
INFO --> [REQ_ID=8d960b6f8433] [PERF] Execution time=0.038845

[1 occurrence(s)]
INFO --> [REQ_ID=06dc3b1d0092] [PERF] Execution time=0.134329

[1 occurrence(s)]
INFO --> [REQ_ID=2ae186642a5c] [MEMORY][controller-start] 4194304

[1 occurrence(s)]
INFO --> [REQ_ID=2ae186642a5c] [PERF] Execution time=0.036332

[1 occurrence(s)]
INFO --> [REQ_ID=9ed16fea0c63] [PERF] Execution time=0.063671

[1 occurrence(s)]
INFO --> [REQ_ID=456685dbcc5e] [MEMORY][controller-start] 4194304

[1 occurrence(s)]
INFO --> [REQ_ID=456685dbcc5e] [PERF] Execution time=0.032056

[1 occurrence(s)]
INFO --> [REQ_ID=94561fb5ac1b] [PERF] Execution time=0.045723

[1 occurrence(s)]
INFO --> [REQ_ID=008617539754] [MEMORY][controller-start] 4194304

[1 occurrence(s)]
INFO --> [REQ_ID=008617539754] [PERF] Execution time=0.033196

[1 occurrence(s)]
INFO --> [REQ_ID=35a2048bef7d] [PERF] Execution time=0.047713

[1 occurrence(s)]
INFO --> [REQ_ID=d1672a8412c6] [MEMORY][controller-start] 4194304

[1 occurrence(s)]
INFO --> [REQ_ID=d1672a8412c6] [PERF] Execution time=0.053005

[1 occurrence(s)]
INFO --> [REQ_ID=0b03a6e6d524] [PERF] Execution time=0.069283

[1 occurrence(s)]
INFO --> [REQ_ID=a43129f8fe9c] [MEMORY][controller-start] 4194304

[1 occurrence(s)]
INFO --> [REQ_ID=a43129f8fe9c] [PERF] Execution time=0.045314

[1 occurrence(s)]
INFO --> [REQ_ID=f59f9186f68b] [PERF] Execution time=0.113608

[1 occurrence(s)]
INFO --> [REQ_ID=e9a767625b9e] [MEMORY][controller-start] 4194304

[1 occurrence(s)]
INFO --> [REQ_ID=e9a767625b9e] [PERF] Execution time=0.028230

[1 occurrence(s)]
INFO --> [REQ_ID=940005da5c64] [PERF] Execution time=0.056604

[1 occurrence(s)]
INFO --> [REQ_ID=3ddfa44a5051] [MEMORY][controller-start] 6291456

[1 occurrence(s)]
INFO --> [REQ_ID=3ddfa44a5051] [MEMORY][commonData:start] 8388608

[1 occurrence(s)]
INFO --> [PERF][HOME] buildCommonData complete in 470.54ms

[1 occurrence(s)]
INFO --> [PERF][HOME] index commonData done in 471.16ms

[1 occurrence(s)]
INFO --> [REQ_ID=3ddfa44a5051] [MEMORY][commonData:start] 10485760

[1 occurrence(s)]
INFO --> [PERF][HOME] index renderTheme done in 7.43ms

[1 occurrence(s)]
INFO --> [REQ_ID=3ddfa44a5051] [PERF] Execution time=0.553164

[1 occurrence(s)]
INFO --> [REQ_ID=20a9dbf4406d] [PERF] Execution time=0.602469

[1 occurrence(s)]
INFO --> [REQ_ID=4e8d18626525] [PERF] Execution time=0.011588

[1 occurrence(s)]
INFO --> [REQ_ID=2a7eeb04b207] [MEMORY][controller-start] 4194304

[1 occurrence(s)]
INFO --> [REQ_ID=2a7eeb04b207] [MEMORY][commonData:start] 4194304

[1 occurrence(s)]
INFO --> [PERF][HOME] buildCommonData complete in 495.93ms

[1 occurrence(s)]
INFO --> [PERF][HOME] index commonData done in 496.47ms

[1 occurrence(s)]
INFO --> [REQ_ID=2a7eeb04b207] [MEMORY][commonData:start] 8388608

[1 occurrence(s)]
INFO --> [PERF][HOME] index renderTheme done in 4.83ms

[1 occurrence(s)]
INFO --> [REQ_ID=2a7eeb04b207] [PERF] Execution time=0.515070

[1 occurrence(s)]
INFO --> [REQ_ID=94c7df1ef898] [PERF] Execution time=0.526138

[1 occurrence(s)]
INFO --> [REQ_ID=f6bb501d1e07] [PERF] Execution time=0.044166

[1 occurrence(s)]
INFO --> [REQ_ID=3a823e34f0f3] [PERF] Execution time=0.056233

[1 occurrence(s)]
INFO --> [REQ_ID=aa3145e3bd91] [MEMORY][controller-start] 4194304

[1 occurrence(s)]
INFO --> [REQ_ID=aa3145e3bd91] [PERF] Execution time=0.094276

[1 occurrence(s)]
INFO --> [REQ_ID=44d1ea7c133b] [PERF] Execution time=0.109381

[1 occurrence(s)]
INFO --> [REQ_ID=db3756172d22] [MEMORY][controller-start] 6291456

[1 occurrence(s)]
INFO --> [REQ_ID=db3756172d22] [MEMORY][commonData:start] 6291456

[1 occurrence(s)]
INFO --> [REQ_ID=db3756172d22] [PERF] Execution time=0.758436

[1 occurrence(s)]
INFO --> [REQ_ID=7e13a4eefb33] [PERF] Execution time=0.806801

[1 occurrence(s)]
INFO --> [REQ_ID=73b31995e1da] [MEMORY][controller-start] 6291456

[1 occurrence(s)]
INFO --> [REQ_ID=73b31995e1da] [MEMORY][commonData:start] 6291456

[1 occurrence(s)]
INFO --> [PERF][HOME] buildCommonData complete in 508.56ms

[1 occurrence(s)]
INFO --> [PERF][HOME] index commonData done in 509ms

[1 occurrence(s)]
INFO --> [REQ_ID=73b31995e1da] [MEMORY][commonData:start] 8388608

[1 occurrence(s)]
INFO --> [PERF][HOME] index renderTheme done in 9.39ms

[1 occurrence(s)]
INFO --> [REQ_ID=73b31995e1da] [PERF] Execution time=0.544705

[1 occurrence(s)]
INFO --> [REQ_ID=7a145f648d8c] [PERF] Execution time=0.556990

[1 occurrence(s)]
INFO --> [REQ_ID=35f452eab3d9] [PERF] Execution time=0.010796

[1 occurrence(s)]
INFO --> [REQ_ID=346a55f981bf] [MEMORY][controller-start] 4194304

[1 occurrence(s)]
INFO --> [REQ_ID=346a55f981bf] [MEMORY][commonData:start] 4194304

[1 occurrence(s)]
INFO --> [PERF][HOME] buildCommonData complete in 595.54ms

[1 occurrence(s)]
INFO --> [PERF][HOME] index commonData done in 595.88ms

[1 occurrence(s)]
INFO --> [REQ_ID=346a55f981bf] [MEMORY][commonData:start] 8388608

[1 occurrence(s)]
INFO --> [PERF][HOME] index renderTheme done in 3.15ms

[1 occurrence(s)]
INFO --> [REQ_ID=346a55f981bf] [PERF] Execution time=0.688421

[1 occurrence(s)]
INFO --> [REQ_ID=4447410ca633] [PERF] Execution time=0.699374

[1 occurrence(s)]
INFO --> [REQ_ID=5c4232855bf9] [MEMORY][controller-start] 6291456

[1 occurrence(s)]
INFO --> [REQ_ID=5c4232855bf9] [PERF] Execution time=0.040994

[1 occurrence(s)]
INFO --> [REQ_ID=525d80436fc3] [PERF] Execution time=0.056970

[1 occurrence(s)]
INFO --> [REQ_ID=9356c3275edc] [PERF] Execution time=0.009971

[1 occurrence(s)]
INFO --> [REQ_ID=c7b04b328a1c] [MEMORY][controller-start] 4194304

[1 occurrence(s)]
INFO --> [REQ_ID=c7b04b328a1c] [PERF] Execution time=0.029247

[1 occurrence(s)]
INFO --> [REQ_ID=23454db01756] [PERF] Execution time=0.039183

[1 occurrence(s)]
INFO --> [REQ_ID=c82fc253d30f] [PERF] Execution time=0.009915

[1 occurrence(s)]
INFO --> [REQ_ID=1b9022fab931] [MEMORY][controller-start] 4194304

[1 occurrence(s)]
INFO --> [REQ_ID=1b9022fab931] [PERF] Execution time=0.028440

[1 occurrence(s)]
INFO --> [REQ_ID=205b1df41fbe] [PERF] Execution time=0.039681

[1 occurrence(s)]
INFO --> [REQ_ID=b5b2d82da1d6] [PERF] Execution time=0.009728

[1 occurrence(s)]
INFO --> [REQ_ID=6544241686a0] [MEMORY][controller-start] 4194304

[1 occurrence(s)]
INFO --> [REQ_ID=6544241686a0] [PERF] Execution time=0.025148

[1 occurrence(s)]
INFO --> [REQ_ID=e3051ca7793f] [PERF] Execution time=0.035152

[1 occurrence(s)]
INFO --> [REQ_ID=4625418e85e5] [PERF] Execution time=0.018946

[1 occurrence(s)]
INFO --> [REQ_ID=7b5625b58829] [PERF] Execution time=0.013972

[1 occurrence(s)]
INFO --> [REQ_ID=60af38a70770] [PERF] Execution time=0.015313

[1 occurrence(s)]
INFO --> [REQ_ID=4548acbfb3c1] [PERF] Execution time=0.011124

[1 occurrence(s)]
INFO --> [REQ_ID=004e58f397c9] [PERF] Execution time=0.009946

[1 occurrence(s)]
INFO --> [REQ_ID=0e92995de9c7] [PERF] Execution time=0.010260

[1 occurrence(s)]
INFO --> [REQ_ID=c1e4c1f65809] [PERF] Execution time=0.009891

[1 occurrence(s)]
INFO --> [REQ_ID=4f69255c000c] [MEMORY][controller-start] 4194304

[1 occurrence(s)]
INFO --> [REQ_ID=4f69255c000c] [PERF] Execution time=0.036370

[1 occurrence(s)]
INFO --> [REQ_ID=f7da526abb9e] [PERF] Execution time=0.046128

[1 occurrence(s)]
INFO --> [REQ_ID=0bba3fe3de17] [PERF] Execution time=0.014808

[1 occurrence(s)]
INFO --> [REQ_ID=d6e360c8b5bf] [PERF] Execution time=0.018218

[1 occurrence(s)]
INFO --> [REQ_ID=ee7b5f66acdb] [PERF] Execution time=0.023113

[1 occurrence(s)]
INFO --> [REQ_ID=2288cedb4fbb] [MEMORY][controller-start] 6291456

[1 occurrence(s)]
INFO --> [REQ_ID=2288cedb4fbb] [MEMORY][commonData:start] 6291456

[1 occurrence(s)]
INFO --> [REQ_ID=2288cedb4fbb] [PERF] Execution time=0.700903

[1 occurrence(s)]
INFO --> [REQ_ID=e7132293f9cd] [PERF] Execution time=0.752776

[1 occurrence(s)]
INFO --> [REQ_ID=3c918e80c2f1] [PERF] Execution time=0.024003

[1 occurrence(s)]
INFO --> [REQ_ID=17e5231abdf5] [MEMORY][controller-start] 4194304

[1 occurrence(s)]
INFO --> [REQ_ID=17e5231abdf5] [PERF] Execution time=0.081618

[1 occurrence(s)]
INFO --> [REQ_ID=5d588cfaff1e] [PERF] Execution time=0.097669

[1 occurrence(s)]
INFO --> [REQ_ID=e103f6c82999] [PERF] Execution time=0.250188

[1 occurrence(s)]
INFO --> [REQ_ID=0015d103c2f6] [PERF] Execution time=0.212524

[1 occurrence(s)]
INFO --> [REQ_ID=9c9c96f5245c] [MEMORY][controller-start] 6291456

[1 occurrence(s)]
INFO --> [REQ_ID=9c9c96f5245c] [MEMORY][commonData:start] 8388608

[1 occurrence(s)]
INFO --> [PERF][HOME] buildCommonData complete in 527.59ms

[1 occurrence(s)]
INFO --> [PERF][HOME] index commonData done in 528.36ms

[1 occurrence(s)]
INFO --> [REQ_ID=9c9c96f5245c] [MEMORY][commonData:start] 10485760

[1 occurrence(s)]
INFO --> [PERF][HOME] index renderTheme done in 20.34ms

[1 occurrence(s)]
INFO --> [REQ_ID=9c9c96f5245c] [PERF] Execution time=0.668091

[1 occurrence(s)]
INFO --> [REQ_ID=06b57ff9d609] [PERF] Execution time=0.720123

[1 occurrence(s)]
INFO --> [REQ_ID=05f39693405f] [PERF] Execution time=0.013288

[1 occurrence(s)]
INFO --> [REQ_ID=8783bfeb3606] [PERF] Execution time=0.049723

[1 occurrence(s)]
INFO --> [REQ_ID=b647cc8281df] [MEMORY][controller-start] 4194304

[1 occurrence(s)]
INFO --> [REQ_ID=b647cc8281df] [PERF] Execution time=0.080606

[1 occurrence(s)]
INFO --> [REQ_ID=473e73a91b84] [PERF] Execution time=0.101041

[1 occurrence(s)]
INFO --> [REQ_ID=f2685046c617] [PERF] Execution time=0.050023

[1 occurrence(s)]
INFO --> [REQ_ID=3bb4c1e60f69] [PERF] Execution time=0.058017

[1 occurrence(s)]
INFO --> [REQ_ID=c521cb4be6f0] [MEMORY][controller-start] 6291456

[1 occurrence(s)]
INFO --> [REQ_ID=c521cb4be6f0] [PERF] Execution time=0.040346

[1 occurrence(s)]
INFO --> [REQ_ID=7bccecf1183b] [PERF] Execution time=0.249211

[1 occurrence(s)]
INFO --> [REQ_ID=599cf69d3623] [MEMORY][controller-start] 4194304

[1 occurrence(s)]
INFO --> [REQ_ID=599cf69d3623] [PERF] Execution time=0.028073

[1 occurrence(s)]
INFO --> [REQ_ID=64a8707393b7] [PERF] Execution time=0.042351

[1 occurrence(s)]
INFO --> [REQ_ID=1ae5be5c573e] [MEMORY][controller-start] 4194304

[1 occurrence(s)]
INFO --> [REQ_ID=1ae5be5c573e] [PERF] Execution time=0.030157

[1 occurrence(s)]
INFO --> [REQ_ID=2922c62482d2] [PERF] Execution time=0.048507

[1 occurrence(s)]
INFO --> [REQ_ID=b599a610926c] [MEMORY][controller-start] 4194304

[1 occurrence(s)]
INFO --> [REQ_ID=b599a610926c] [PERF] Execution time=0.027448

[1 occurrence(s)]
INFO --> [REQ_ID=f6b54ee75029] [PERF] Execution time=0.041029

[1 occurrence(s)]
INFO --> [REQ_ID=3b35c2a5d65b] [PERF] Execution time=0.016109

[1 occurrence(s)]
INFO --> [REQ_ID=2e4eb3cea0d2] [MEMORY][controller-start] 4194304

[1 occurrence(s)]
INFO --> [REQ_ID=2e4eb3cea0d2] [PERF] Execution time=0.025970

[1 occurrence(s)]
INFO --> [REQ_ID=b4ea690a04a3] [PERF] Execution time=0.039006

[1 occurrence(s)]
INFO --> [REQ_ID=84cd24643690] [MEMORY][controller-start] 4194304

[1 occurrence(s)]
INFO --> [REQ_ID=84cd24643690] [PERF] Execution time=0.024770

[1 occurrence(s)]
INFO --> [REQ_ID=b37725dc631a] [PERF] Execution time=0.039026

[1 occurrence(s)]
INFO --> [REQ_ID=53ab05e8ce11] [MEMORY][controller-start] 4194304

[1 occurrence(s)]
INFO --> [REQ_ID=53ab05e8ce11] [PERF] Execution time=0.027649

[1 occurrence(s)]
INFO --> [REQ_ID=d8ab6e31dc45] [PERF] Execution time=0.041178

[1 occurrence(s)]
INFO --> [REQ_ID=4288235023c6] [MEMORY][controller-start] 4194304

[1 occurrence(s)]
INFO --> [REQ_ID=4288235023c6] [PERF] Execution time=0.026880

[1 occurrence(s)]
INFO --> [REQ_ID=4d6b63c9efe7] [PERF] Execution time=0.140139

[4 occurrence(s)]
INFO --> REDIRECTED ROUTE at https://mymiwallet.com/Features/Brokerage-Integrations

[1 occurrence(s)]
INFO --> [REQ_ID=ec51c8a39d8a] [PERF] Execution time=0.040415

[1 occurrence(s)]
INFO --> [REQ_ID=fec06d0792eb] [PERF] Execution time=0.028013

[1 occurrence(s)]
INFO --> [REQ_ID=1bfde094b3b6] [MEMORY][controller-start] 4194304

[1 occurrence(s)]
INFO --> [REQ_ID=1bfde094b3b6] [PERF] Execution time=0.128648

[1 occurrence(s)]
INFO --> [REQ_ID=fc3b2be89332] [PERF] Execution time=0.143892

[1 occurrence(s)]
INFO --> [REQ_ID=623b9ed10b11] [MEMORY][controller-start] 4194304

[1 occurrence(s)]
INFO --> [REQ_ID=623b9ed10b11] [MEMORY][commonData:start] 6291456

[1 occurrence(s)]
INFO --> [PERF][HOME] buildCommonData complete in 518.14ms

[1 occurrence(s)]
INFO --> [PERF][HOME] index commonData done in 518.63ms

[1 occurrence(s)]
INFO --> [REQ_ID=623b9ed10b11] [MEMORY][commonData:start] 8388608

[1 occurrence(s)]
INFO --> [PERF][HOME] index renderTheme done in 18.37ms

[1 occurrence(s)]
INFO --> [REQ_ID=623b9ed10b11] [PERF] Execution time=0.631423

[1 occurrence(s)]
INFO --> [REQ_ID=297617ef8d8d] [PERF] Execution time=0.643056

[1 occurrence(s)]
INFO --> [REQ_ID=a68f9b132414] [MEMORY][controller-start] 6291456

[1 occurrence(s)]
INFO --> [REQ_ID=a68f9b132414] [MEMORY][commonData:start] 6291456

[1 occurrence(s)]
INFO --> [PERF][HOME] buildCommonData complete in 526.88ms

[1 occurrence(s)]
INFO --> [PERF][HOME] index commonData done in 527.54ms

[1 occurrence(s)]
INFO --> [REQ_ID=a68f9b132414] [MEMORY][commonData:start] 8388608

[1 occurrence(s)]
INFO --> [PERF][HOME] index renderTheme done in 4.18ms

[1 occurrence(s)]
INFO --> [REQ_ID=a68f9b132414] [PERF] Execution time=0.546214

[1 occurrence(s)]
INFO --> [REQ_ID=45732f9f358d] [PERF] Execution time=0.556465

[1 occurrence(s)]
INFO --> [REQ_ID=bce551bf9dd9] [PERF] Execution time=0.014142

[1 occurrence(s)]
INFO --> [REQ_ID=83b6ecaa7b8e] [PERF] Execution time=0.015777

[1 occurrence(s)]
INFO --> [REQ_ID=217eb86f029f] [MEMORY][controller-start] 4194304

[1 occurrence(s)]
INFO --> [REQ_ID=217eb86f029f] [PERF] Execution time=0.030568

[1 occurrence(s)]
INFO --> [REQ_ID=70ebf6697ca1] [PERF] Execution time=0.043815

[1 occurrence(s)]
INFO --> [REQ_ID=8a5834302487] [PERF] Execution time=0.015223

[1 occurrence(s)]
INFO --> [REQ_ID=96e60b5559a1] [PERF] Execution time=0.083430

[1 occurrence(s)]
INFO --> [REQ_ID=7f549999b355] [MEMORY][controller-start] 4194304

[1 occurrence(s)]
INFO --> [REQ_ID=7f549999b355] [PERF] Execution time=0.070571

[1 occurrence(s)]
INFO --> [REQ_ID=861729915378] [PERF] Execution time=0.172424

[1 occurrence(s)]
INFO --> [REQ_ID=0d58da44587c] [PERF] Execution time=0.403254

[1 occurrence(s)]
INFO --> [REQ_ID=8dc5c7bc94c0] [PERF] Execution time=0.362179

[1 occurrence(s)]
INFO --> [REQ_ID=844027d074ef] [PERF] Execution time=0.413283

[1 occurrence(s)]
INFO --> [REQ_ID=d76264c52194] [PERF] Execution time=0.424435

[1 occurrence(s)]
INFO --> [REQ_ID=bbeee46e92a5] [PERF] Execution time=0.359363

[1 occurrence(s)]
INFO --> [REQ_ID=ca95664c3968] [PERF] Execution time=0.338150

[1 occurrence(s)]
INFO --> [REQ_ID=a7696655e119] [PERF] Execution time=0.374202

[1 occurrence(s)]
INFO --> [REQ_ID=2bd797c2aaae] [PERF] Execution time=0.358773

[1 occurrence(s)]
INFO --> [REQ_ID=378a4cbc0b6f] [PERF] Execution time=0.019749

[1 occurrence(s)]
INFO --> [REQ_ID=dead66895f0f] [PERF] Execution time=0.354466

[1 occurrence(s)]
INFO --> [REQ_ID=cf331bad9fad] [PERF] Execution time=0.343698

[1 occurrence(s)]
INFO --> [REQ_ID=98a056b9be80] [PERF] Execution time=0.043224

[1 occurrence(s)]
INFO --> [REQ_ID=7b31a09d8dac] [PERF] Execution time=0.068437

[1 occurrence(s)]
INFO --> [REQ_ID=ad51312705ad] [MEMORY][controller-start] 4194304

[1 occurrence(s)]
INFO --> [REQ_ID=ad51312705ad] [PERF] Execution time=0.034739

[1 occurrence(s)]
INFO --> [REQ_ID=db097cf35a0f] [PERF] Execution time=0.050221

[1 occurrence(s)]
INFO --> [REQ_ID=4c86e65345d1] [MEMORY][controller-start] 4194304

[1 occurrence(s)]
INFO --> [REQ_ID=4c86e65345d1] [PERF] Execution time=0.040229

[1 occurrence(s)]
INFO --> [REQ_ID=0ef04ad82cba] [PERF] Execution time=0.051403

[1 occurrence(s)]
INFO --> [REQ_ID=53a6f90b316a] [MEMORY][controller-start] 4194304

[1 occurrence(s)]
INFO --> [REQ_ID=53a6f90b316a] [PERF] Execution time=0.025206

[1 occurrence(s)]
INFO --> [REQ_ID=a67d8ddd943d] [PERF] Execution time=0.034959

[1 occurrence(s)]
INFO --> [REQ_ID=37faabb54e5a] [MEMORY][controller-start] 4194304

[1 occurrence(s)]
INFO --> [REQ_ID=9926a632ca84] [MEMORY][controller-start] 4194304

[1 occurrence(s)]
INFO --> [REQ_ID=a5cb68fca774] [MEMORY][controller-start] 4194304

[1 occurrence(s)]
INFO --> [REQ_ID=37faabb54e5a] [PERF] Execution time=0.050024

[1 occurrence(s)]
INFO --> [REQ_ID=15f2d8cb96bb] [PERF] Execution time=0.074043

[1 occurrence(s)]
INFO --> [REQ_ID=cde160294438] [MEMORY][controller-start] 4194304

[1 occurrence(s)]
INFO --> [REQ_ID=9926a632ca84] [PERF] Execution time=0.035240

[1 occurrence(s)]
INFO --> [REQ_ID=a51f87b6d408] [PERF] Execution time=0.064613

[1 occurrence(s)]
INFO --> [REQ_ID=a5cb68fca774] [PERF] Execution time=0.033005

[1 occurrence(s)]
INFO --> [REQ_ID=197ec3ac4cf7] [PERF] Execution time=0.086568

[1 occurrence(s)]
INFO --> [REQ_ID=cde160294438] [PERF] Execution time=0.037982

[1 occurrence(s)]
INFO --> [REQ_ID=0c284bf73fb7] [PERF] Execution time=0.102628

[1 occurrence(s)]
INFO --> [REQ_ID=b4058b8544d3] [MEMORY][controller-start] 4194304

[1 occurrence(s)]
INFO --> [REQ_ID=b4058b8544d3] [MEMORY][commonData:start] 6291456

[1 occurrence(s)]
INFO --> [PERF][HOME] buildCommonData complete in 469.22ms

[1 occurrence(s)]
INFO --> [PERF][HOME] index commonData done in 469.91ms

[1 occurrence(s)]
INFO --> [REQ_ID=b4058b8544d3] [MEMORY][commonData:start] 8388608

[1 occurrence(s)]
INFO --> [PERF][HOME] index renderTheme done in 6.25ms

[1 occurrence(s)]
INFO --> [REQ_ID=b4058b8544d3] [PERF] Execution time=0.501525

[1 occurrence(s)]
INFO --> [REQ_ID=66431bd913be] [PERF] Execution time=0.513377

[1 occurrence(s)]
INFO --> [REQ_ID=00ae2433a9ce] [MEMORY][controller-start] 6291456

[2 occurrence(s)]
INFO --> [REQ_ID=00ae2433a9ce] [MEMORY][commonData:start] 8388608

[1 occurrence(s)]
INFO --> Premium entitlement guest: user_id= route=/index.php/Preview/Alert/IMNN feature= tier=free status=free allowed=yes reason=Guest access allowed for this feature.

[1 occurrence(s)]
INFO --> AlertsModel L404 - Alert updated successfully for ID 9368: Array

[1 occurrence(s)]
INFO --> 🔄 Trying AlphaVantage for IMNN...

[1 occurrence(s)]
INFO --> ✅ Alert snapshot inserted for IMNN with trade_id 9368

[1 occurrence(s)]
INFO --> [REQ_ID=00ae2433a9ce] [PERF] Execution time=0.826149

[1 occurrence(s)]
INFO --> [REQ_ID=fe26ffb4e884] [PERF] Execution time=0.875833

[1 occurrence(s)]
INFO --> [REQ_ID=fe2c28b96035] [PERF] Execution time=0.015524

[1 occurrence(s)]
INFO --> [REQ_ID=ec903cfad893] [MEMORY][controller-start] 4194304

[1 occurrence(s)]
INFO --> [REQ_ID=ec903cfad893] [PERF] Execution time=0.232290

[1 occurrence(s)]
INFO --> [REQ_ID=824c1232f382] [PERF] Execution time=0.247861

[1 occurrence(s)]
INFO --> [REQ_ID=032f4f40f8f6] [MEMORY][controller-start] 6291456

[1 occurrence(s)]
INFO --> [REQ_ID=032f4f40f8f6] [MEMORY][commonData:start] 8388608

[1 occurrence(s)]
INFO --> [PERF][HOME] buildCommonData complete in 530.33ms

[1 occurrence(s)]
INFO --> [PERF][HOME] index commonData done in 530.98ms

[1 occurrence(s)]
INFO --> [REQ_ID=032f4f40f8f6] [MEMORY][commonData:start] 10485760

[1 occurrence(s)]
INFO --> [PERF][HOME] index renderTheme done in 6.84ms

[1 occurrence(s)]
INFO --> [REQ_ID=032f4f40f8f6] [PERF] Execution time=0.656604

[1 occurrence(s)]
INFO --> [REQ_ID=76c8ab31be9b] [PERF] Execution time=0.703509

[1 occurrence(s)]
INFO --> [REQ_ID=cf5bd9509d8f] [PERF] Execution time=0.015308

[1 occurrence(s)]
INFO --> [REQ_ID=556fc6871cea] [MEMORY][controller-start] 4194304

[1 occurrence(s)]
INFO --> [REQ_ID=556fc6871cea] [PERF] Execution time=0.161082

[1 occurrence(s)]
INFO --> [REQ_ID=3b59e2ef699b] [PERF] Execution time=0.176778

[1 occurrence(s)]
INFO --> [REQ_ID=6060381757db] [MEMORY][controller-start] 4194304

[1 occurrence(s)]
INFO --> [REQ_ID=6060381757db] [MEMORY][commonData:start] 4194304

[1 occurrence(s)]
INFO --> [PERF][HOME] buildCommonData complete in 503.6ms

[1 occurrence(s)]
INFO --> [PERF][HOME] index commonData done in 504.26ms

[1 occurrence(s)]
INFO --> [REQ_ID=6060381757db] [MEMORY][commonData:start] 8388608

[1 occurrence(s)]
INFO --> [PERF][HOME] index renderTheme done in 3.91ms

[1 occurrence(s)]
INFO --> [REQ_ID=6060381757db] [PERF] Execution time=0.603765

[1 occurrence(s)]
INFO --> [REQ_ID=fa767472b1d0] [PERF] Execution time=0.615890

[1 occurrence(s)]
INFO --> [REQ_ID=b81c571d07eb] [MEMORY][controller-start] 6291456

[1 occurrence(s)]
INFO --> [REQ_ID=b81c571d07eb] [MEMORY][commonData:start] 6291456

[1 occurrence(s)]
INFO --> [PERF][HOME] buildCommonData complete in 496.13ms

[1 occurrence(s)]
INFO --> [PERF][HOME] index commonData done in 496.68ms

[1 occurrence(s)]
INFO --> [REQ_ID=b81c571d07eb] [MEMORY][commonData:start] 8388608

[1 occurrence(s)]
INFO --> [PERF][HOME] index renderTheme done in 4.46ms

[1 occurrence(s)]
INFO --> [REQ_ID=b81c571d07eb] [PERF] Execution time=0.539156

[1 occurrence(s)]
INFO --> [REQ_ID=a31a5fadc426] [PERF] Execution time=0.550585

[1 occurrence(s)]
INFO --> [REQ_ID=68d5992d397d] [MEMORY][controller-start] 6291456

[1 occurrence(s)]
INFO --> [REQ_ID=68d5992d397d] [MEMORY][commonData:start] 6291456

[1 occurrence(s)]
INFO --> [PERF][HOME] buildCommonData complete in 500.94ms

[1 occurrence(s)]
INFO --> [PERF][HOME] index commonData done in 501.37ms

[1 occurrence(s)]
INFO --> [REQ_ID=68d5992d397d] [MEMORY][commonData:start] 8388608

[1 occurrence(s)]
INFO --> [PERF][HOME] index renderTheme done in 10.65ms

[1 occurrence(s)]
INFO --> [REQ_ID=68d5992d397d] [PERF] Execution time=0.668281

[1 occurrence(s)]
INFO --> [REQ_ID=ab5f2bb09ff5] [PERF] Execution time=0.719475

[1 occurrence(s)]
INFO --> [REQ_ID=c0d2802cbaca] [MEMORY][controller-start] 6291456

[1 occurrence(s)]
INFO --> [REQ_ID=c0d2802cbaca] [MEMORY][commonData:start] 6291456

[1 occurrence(s)]
INFO --> [PERF][HOME] buildCommonData complete in 473.82ms

[1 occurrence(s)]
INFO --> [PERF][HOME] index commonData done in 474.4ms

[1 occurrence(s)]
INFO --> [REQ_ID=c0d2802cbaca] [MEMORY][commonData:start] 8388608

[1 occurrence(s)]
INFO --> [PERF][HOME] index renderTheme done in 4.52ms

[1 occurrence(s)]
INFO --> [REQ_ID=c0d2802cbaca] [PERF] Execution time=0.639402

[1 occurrence(s)]
INFO --> [REQ_ID=e7d2109fe3d0] [PERF] Execution time=0.650397

[1 occurrence(s)]
INFO --> [REQ_ID=33dc82bf199f] [MEMORY][controller-start] 6291456

[1 occurrence(s)]
INFO --> [REQ_ID=33dc82bf199f] [MEMORY][commonData:start] 6291456

[1 occurrence(s)]
INFO --> [PERF][HOME] buildCommonData complete in 533.67ms

[1 occurrence(s)]
INFO --> [PERF][HOME] index commonData done in 534.2ms

[1 occurrence(s)]
INFO --> [REQ_ID=33dc82bf199f] [MEMORY][commonData:start] 8388608

[1 occurrence(s)]
INFO --> [PERF][HOME] index renderTheme done in 4.35ms

[1 occurrence(s)]
INFO --> [REQ_ID=33dc82bf199f] [PERF] Execution time=0.575047

[1 occurrence(s)]
INFO --> [REQ_ID=95d307c2e7ff] [PERF] Execution time=0.587397

[1 occurrence(s)]
INFO --> [REQ_ID=72b0cdf4c40a] [PERF] Execution time=0.077499

[1 occurrence(s)]
INFO --> [REQ_ID=240129abc448] [PERF] Execution time=0.040217

[1 occurrence(s)]
INFO --> [REQ_ID=2f30ebb3a1a2] [PERF] Execution time=0.028523

[1 occurrence(s)]
INFO --> [REQ_ID=0124e2cc3820] [MEMORY][controller-start] 4194304

[1 occurrence(s)]
INFO --> [REQ_ID=0124e2cc3820] [PERF] Execution time=0.152596

[1 occurrence(s)]
INFO --> [REQ_ID=21abde17d6c1] [PERF] Execution time=0.168240

[3 occurrence(s)]
INFO --> REDIRECTED ROUTE at https://mymiwallet.com/Investments/Trade-Tracker

[1 occurrence(s)]
INFO --> [REQ_ID=393e07b36846] [PERF] Execution time=0.041843

[1 occurrence(s)]
INFO --> [REQ_ID=296b61d2c488] [PERF] Execution time=0.174715

[1 occurrence(s)]
INFO --> [REQ_ID=ac2c2b948594] [MEMORY][controller-start] 6291456

[1 occurrence(s)]
INFO --> [REQ_ID=ac2c2b948594] [MEMORY][commonData:start] 8388608

[1 occurrence(s)]
INFO --> [PERF][HOME] buildCommonData complete in 577.98ms

[1 occurrence(s)]
INFO --> [PERF][HOME] index commonData done in 578.99ms

[1 occurrence(s)]
INFO --> [REQ_ID=ac2c2b948594] [MEMORY][commonData:start] 10485760

[1 occurrence(s)]
INFO --> [PERF][HOME] index renderTheme done in 6.03ms

[1 occurrence(s)]
INFO --> [REQ_ID=ac2c2b948594] [PERF] Execution time=0.655339

[1 occurrence(s)]
INFO --> [REQ_ID=ba224684c7f0] [PERF] Execution time=0.704642

[1 occurrence(s)]
INFO --> [REQ_ID=5cfccfdd636e] [MEMORY][controller-start] 6291456

[1 occurrence(s)]
INFO --> [REQ_ID=5cfccfdd636e] [MEMORY][commonData:start] 6291456

[1 occurrence(s)]
INFO --> [PERF][HOME] buildCommonData complete in 565.27ms

[1 occurrence(s)]
INFO --> [PERF][HOME] index commonData done in 565.65ms

[1 occurrence(s)]
INFO --> [REQ_ID=5cfccfdd636e] [MEMORY][commonData:start] 8388608

[1 occurrence(s)]
INFO --> [PERF][HOME] index renderTheme done in 12.92ms

[1 occurrence(s)]
INFO --> [REQ_ID=5cfccfdd636e] [PERF] Execution time=0.596272

[1 occurrence(s)]
INFO --> [REQ_ID=c098f04d60f7] [PERF] Execution time=0.611481

[1 occurrence(s)]
INFO --> [REQ_ID=397ea06a55ce] [MEMORY][controller-start] 6291456

[1 occurrence(s)]
INFO --> [REQ_ID=aebeeba2df11] [MEMORY][controller-start] 6291456

[1 occurrence(s)]
INFO --> [REQ_ID=41d55a71acb4] [MEMORY][controller-start] 6291456

[1 occurrence(s)]
INFO --> [REQ_ID=397ea06a55ce] [MEMORY][commonData:start] 8388608

[1 occurrence(s)]
INFO --> [REQ_ID=aebeeba2df11] [MEMORY][commonData:start] 8388608

[1 occurrence(s)]
INFO --> [REQ_ID=acbe93985bef] [MEMORY][controller-start] 6291456

[1 occurrence(s)]
INFO --> [REQ_ID=7a8258a1ab17] [MEMORY][controller-start] 6291456

[1 occurrence(s)]
INFO --> [REQ_ID=91bfb95afe27] [MEMORY][controller-start] 6291456

[1 occurrence(s)]
INFO --> [REQ_ID=86479ab89cce] [MEMORY][controller-start] 6291456

[1 occurrence(s)]
INFO --> [REQ_ID=816169d2ebca] [MEMORY][controller-start] 6291456

[1 occurrence(s)]
INFO --> [REQ_ID=41d55a71acb4] [MEMORY][commonData:start] 8388608

[1 occurrence(s)]
INFO --> [REQ_ID=0957ff3f730c] [MEMORY][controller-start] 6291456

[1 occurrence(s)]
INFO --> [REQ_ID=54d52c88f243] [MEMORY][controller-start] 6291456

[1 occurrence(s)]
INFO --> [REQ_ID=0957ff3f730c] [MEMORY][commonData:start] 6291456

[1 occurrence(s)]
INFO --> [REQ_ID=5cff68e21489] [MEMORY][controller-start] 6291456

[1 occurrence(s)]
INFO --> [REQ_ID=7a8258a1ab17] [MEMORY][commonData:start] 8388608

[1 occurrence(s)]
INFO --> [REQ_ID=acbe93985bef] [MEMORY][commonData:start] 8388608

[1 occurrence(s)]
INFO --> [REQ_ID=91bfb95afe27] [MEMORY][commonData:start] 8388608

[1 occurrence(s)]
INFO --> [REQ_ID=86479ab89cce] [MEMORY][commonData:start] 8388608

[1 occurrence(s)]
INFO --> [REQ_ID=816169d2ebca] [MEMORY][commonData:start] 8388608

[1 occurrence(s)]
INFO --> [REQ_ID=54d52c88f243] [MEMORY][commonData:start] 8388608

[1 occurrence(s)]
INFO --> [REQ_ID=5cff68e21489] [MEMORY][commonData:start] 8388608

[1 occurrence(s)]
INFO --> [REQ_ID=de7c32426171] [MEMORY][controller-start] 6291456

[1 occurrence(s)]
INFO --> [REQ_ID=de7c32426171] [MEMORY][commonData:start] 8388608

[1 occurrence(s)]
INFO --> [PERF][HOME] buildCommonData complete in 598.5ms

[1 occurrence(s)]
INFO --> [PERF][HOME] index commonData done in 599.22ms

[1 occurrence(s)]
INFO --> [REQ_ID=397ea06a55ce] [MEMORY][commonData:start] 10485760

[2 occurrence(s)]
INFO --> [PERF][HOME] index renderTheme done in 7.06ms

[1 occurrence(s)]
INFO --> [REQ_ID=397ea06a55ce] [PERF] Execution time=0.811432

[1 occurrence(s)]
INFO --> [REQ_ID=fb9a4709abd5] [PERF] Execution time=1.178903

[1 occurrence(s)]
INFO --> [PERF][HOME] buildCommonData complete in 613.98ms

[1 occurrence(s)]
INFO --> [PERF][HOME] index commonData done in 614.56ms

[1 occurrence(s)]
INFO --> [REQ_ID=aebeeba2df11] [MEMORY][commonData:start] 10485760

[2 occurrence(s)]
INFO --> [PERF][HOME] index renderTheme done in 6.57ms

[1 occurrence(s)]
INFO --> [REQ_ID=aebeeba2df11] [PERF] Execution time=0.826228

[1 occurrence(s)]
INFO --> [REQ_ID=95b597452f9b] [PERF] Execution time=1.182736

[1 occurrence(s)]
INFO --> [PERF][HOME] buildCommonData complete in 505.39ms

[1 occurrence(s)]
INFO --> [PERF][HOME] index commonData done in 505.97ms

[1 occurrence(s)]
INFO --> [REQ_ID=86479ab89cce] [MEMORY][commonData:start] 10485760

[1 occurrence(s)]
INFO --> [PERF][HOME] index renderTheme done in 8.1ms

[1 occurrence(s)]
INFO --> [PERF][HOME] buildCommonData complete in 629.24ms

[1 occurrence(s)]
INFO --> [PERF][HOME] index commonData done in 629.73ms

[1 occurrence(s)]
INFO --> [REQ_ID=41d55a71acb4] [MEMORY][commonData:start] 10485760

[1 occurrence(s)]
INFO --> [PERF][HOME] buildCommonData complete in 556.35ms

[1 occurrence(s)]
INFO --> [PERF][HOME] index commonData done in 556.82ms

[1 occurrence(s)]
INFO --> [REQ_ID=acbe93985bef] [MEMORY][commonData:start] 10485760

[1 occurrence(s)]
INFO --> [REQ_ID=86479ab89cce] [PERF] Execution time=0.661422

[1 occurrence(s)]
INFO --> [REQ_ID=f3f3ba65f9ca] [PERF] Execution time=0.972760

[1 occurrence(s)]
INFO --> [PERF][HOME] buildCommonData complete in 611.01ms

[1 occurrence(s)]
INFO --> [PERF][HOME] index renderTheme done in 12.5ms

[1 occurrence(s)]
INFO --> [PERF][HOME] buildCommonData complete in 573.43ms

[1 occurrence(s)]
INFO --> [PERF][HOME] index commonData done in 573.89ms

[1 occurrence(s)]
INFO --> [REQ_ID=7a8258a1ab17] [MEMORY][commonData:start] 10485760

[1 occurrence(s)]
INFO --> [PERF][HOME] index commonData done in 614.01ms

[1 occurrence(s)]
INFO --> [REQ_ID=0957ff3f730c] [MEMORY][commonData:start] 8388608

[1 occurrence(s)]
INFO --> [PERF][HOME] index renderTheme done in 23.72ms

[1 occurrence(s)]
INFO --> [REQ_ID=41d55a71acb4] [PERF] Execution time=0.854846

[1 occurrence(s)]
INFO --> [REQ_ID=1d44777356d1] [PERF] Execution time=1.210394

[1 occurrence(s)]
INFO --> [PERF][HOME] index renderTheme done in 13.44ms

[1 occurrence(s)]
INFO --> [REQ_ID=0957ff3f730c] [PERF] Execution time=0.655047

[1 occurrence(s)]
INFO --> [REQ_ID=2db84558526d] [PERF] Execution time=0.723395

[1 occurrence(s)]
INFO --> [PERF][HOME] index renderTheme done in 25.9ms

[1 occurrence(s)]
INFO --> [REQ_ID=acbe93985bef] [PERF] Execution time=0.759668

[1 occurrence(s)]
INFO --> [REQ_ID=30279114d298] [PERF] Execution time=1.105721

[1 occurrence(s)]
INFO --> [PERF][HOME] buildCommonData complete in 565.83ms

[1 occurrence(s)]
INFO --> [PERF][HOME] index commonData done in 566.29ms

[1 occurrence(s)]
INFO --> [REQ_ID=816169d2ebca] [MEMORY][commonData:start] 10485760

[1 occurrence(s)]
INFO --> [REQ_ID=7a8258a1ab17] [PERF] Execution time=0.772501

[1 occurrence(s)]
INFO --> [REQ_ID=d4df2a43f990] [PERF] Execution time=1.102867

[1 occurrence(s)]
INFO --> [REQ_ID=816169d2ebca] [PERF] Execution time=0.710936

[1 occurrence(s)]
INFO --> [REQ_ID=6dac7e378562] [PERF] Execution time=1.023487

[1 occurrence(s)]
INFO --> [PERF][HOME] buildCommonData complete in 619.65ms

[1 occurrence(s)]
INFO --> [PERF][HOME] index commonData done in 620.35ms

[1 occurrence(s)]
INFO --> [REQ_ID=91bfb95afe27] [MEMORY][commonData:start] 10485760

[1 occurrence(s)]
INFO --> [PERF][HOME] index renderTheme done in 6.56ms

[1 occurrence(s)]
INFO --> [REQ_ID=91bfb95afe27] [PERF] Execution time=0.788916

[1 occurrence(s)]
INFO --> [REQ_ID=c88f78dbafe6] [PERF] Execution time=1.122813

[1 occurrence(s)]
INFO --> [PERF][HOME] buildCommonData complete in 606.84ms

[1 occurrence(s)]
INFO --> [PERF][HOME] index commonData done in 607.32ms

[1 occurrence(s)]
INFO --> [REQ_ID=54d52c88f243] [MEMORY][commonData:start] 10485760

[1 occurrence(s)]
INFO --> [PERF][HOME] index renderTheme done in 7.38ms

[1 occurrence(s)]
INFO --> [REQ_ID=54d52c88f243] [PERF] Execution time=0.718708

[1 occurrence(s)]
INFO --> [REQ_ID=5ef92bdc1533] [PERF] Execution time=1.028007

[1 occurrence(s)]
INFO --> [PERF][HOME] buildCommonData complete in 606.36ms

[1 occurrence(s)]
INFO --> [PERF][HOME] index commonData done in 606.82ms

[1 occurrence(s)]
INFO --> [REQ_ID=5cff68e21489] [MEMORY][commonData:start] 10485760

[1 occurrence(s)]
INFO --> [PERF][HOME] index renderTheme done in 6.37ms

[1 occurrence(s)]
INFO --> [REQ_ID=5cff68e21489] [PERF] Execution time=0.701526

[1 occurrence(s)]
INFO --> [REQ_ID=13d7fa046725] [PERF] Execution time=0.985626

[1 occurrence(s)]
INFO --> [PERF][HOME] buildCommonData complete in 553.04ms

[1 occurrence(s)]
INFO --> [PERF][HOME] index commonData done in 553.8ms

[1 occurrence(s)]
INFO --> [REQ_ID=de7c32426171] [MEMORY][commonData:start] 10485760

[1 occurrence(s)]
INFO --> [PERF][HOME] index renderTheme done in 7.61ms

[1 occurrence(s)]
INFO --> [REQ_ID=de7c32426171] [PERF] Execution time=0.606168

[1 occurrence(s)]
INFO --> [REQ_ID=15a8625984bc] [PERF] Execution time=0.662365

[1 occurrence(s)]
INFO --> [REQ_ID=fbe6e62b30f8] [MEMORY][controller-start] 6291456

[1 occurrence(s)]
INFO --> [REQ_ID=221cfd8c6df6] [MEMORY][controller-start] 6291456

[1 occurrence(s)]
INFO --> [REQ_ID=221cfd8c6df6] [MEMORY][commonData:start] 6291456

[1 occurrence(s)]
INFO --> [REQ_ID=fbe6e62b30f8] [MEMORY][commonData:start] 6291456

[1 occurrence(s)]
INFO --> [REQ_ID=a6cfc6401719] [MEMORY][controller-start] 6291456

[1 occurrence(s)]
INFO --> [REQ_ID=3784abf77b22] [MEMORY][controller-start] 6291456

[1 occurrence(s)]
INFO --> [REQ_ID=2f40acc2bbfb] [MEMORY][controller-start] 6291456

[1 occurrence(s)]
INFO --> [REQ_ID=90a86a060f3c] [MEMORY][controller-start] 6291456

[1 occurrence(s)]
INFO --> [REQ_ID=aff1899c3f1e] [MEMORY][controller-start] 6291456

[1 occurrence(s)]
INFO --> [REQ_ID=a6cfc6401719] [MEMORY][commonData:start] 6291456

[1 occurrence(s)]
INFO --> [REQ_ID=7a26096623d4] [MEMORY][controller-start] 6291456

[1 occurrence(s)]
INFO --> [REQ_ID=2f40acc2bbfb] [MEMORY][commonData:start] 6291456

[1 occurrence(s)]
INFO --> [REQ_ID=3784abf77b22] [MEMORY][commonData:start] 6291456

[1 occurrence(s)]
INFO --> [REQ_ID=90a86a060f3c] [MEMORY][commonData:start] 6291456

[1 occurrence(s)]
INFO --> [REQ_ID=aff1899c3f1e] [MEMORY][commonData:start] 6291456

[1 occurrence(s)]
INFO --> [REQ_ID=7a26096623d4] [MEMORY][commonData:start] 6291456

[1 occurrence(s)]
INFO --> [PERF][HOME] buildCommonData complete in 603.73ms

[1 occurrence(s)]
INFO --> [PERF][HOME] index commonData done in 604.12ms

[1 occurrence(s)]
INFO --> [REQ_ID=221cfd8c6df6] [MEMORY][commonData:start] 8388608

[1 occurrence(s)]
INFO --> [PERF][HOME] index renderTheme done in 4.17ms

[1 occurrence(s)]
INFO --> [REQ_ID=221cfd8c6df6] [PERF] Execution time=0.627712

[1 occurrence(s)]
INFO --> [REQ_ID=8b5a3768f421] [PERF] Execution time=0.665908

[1 occurrence(s)]
INFO --> [PERF][HOME] buildCommonData complete in 617.77ms

[1 occurrence(s)]
INFO --> [PERF][HOME] index commonData done in 618.17ms

[1 occurrence(s)]
INFO --> [REQ_ID=fbe6e62b30f8] [MEMORY][commonData:start] 8388608

[1 occurrence(s)]
INFO --> [PERF][HOME] index renderTheme done in 3.18ms

[1 occurrence(s)]
INFO --> [REQ_ID=fbe6e62b30f8] [PERF] Execution time=0.648538

[1 occurrence(s)]
INFO --> [REQ_ID=26c8ab19abcc] [PERF] Execution time=0.685842

[1 occurrence(s)]
INFO --> [PERF][HOME] buildCommonData complete in 618.13ms

[1 occurrence(s)]
INFO --> [PERF][HOME] index commonData done in 618.78ms

[1 occurrence(s)]
INFO --> [REQ_ID=a6cfc6401719] [MEMORY][commonData:start] 8388608

[1 occurrence(s)]
INFO --> [PERF][HOME] buildCommonData complete in 604.29ms

[1 occurrence(s)]
INFO --> [PERF][HOME] index commonData done in 604.94ms

[1 occurrence(s)]
INFO --> [REQ_ID=7a26096623d4] [MEMORY][commonData:start] 8388608

[1 occurrence(s)]
INFO --> [PERF][HOME] index renderTheme done in 6.08ms

[1 occurrence(s)]
INFO --> [PERF][HOME] index renderTheme done in 5.04ms

[1 occurrence(s)]
INFO --> [PERF][HOME] buildCommonData complete in 620.29ms

[1 occurrence(s)]
INFO --> [PERF][HOME] index commonData done in 620.66ms

[1 occurrence(s)]
INFO --> [REQ_ID=90a86a060f3c] [MEMORY][commonData:start] 8388608

[1 occurrence(s)]
INFO --> [REQ_ID=a6cfc6401719] [PERF] Execution time=0.642597

[1 occurrence(s)]
INFO --> [REQ_ID=464654e1d981] [PERF] Execution time=0.705280

[1 occurrence(s)]
INFO --> [REQ_ID=7a26096623d4] [PERF] Execution time=0.629356

[1 occurrence(s)]
INFO --> [REQ_ID=eb42fa972dd1] [PERF] Execution time=0.669882

[1 occurrence(s)]
INFO --> [PERF][HOME] index renderTheme done in 5.87ms

[1 occurrence(s)]
INFO --> [REQ_ID=90a86a060f3c] [PERF] Execution time=0.641439

[1 occurrence(s)]
INFO --> [REQ_ID=7ad604d0280d] [PERF] Execution time=0.696825

[1 occurrence(s)]
INFO --> [PERF][HOME] buildCommonData complete in 639.35ms

[1 occurrence(s)]
INFO --> [PERF][HOME] index commonData done in 639.71ms

[1 occurrence(s)]
INFO --> [REQ_ID=2f40acc2bbfb] [MEMORY][commonData:start] 8388608

[1 occurrence(s)]
INFO --> [PERF][HOME] buildCommonData complete in 635.07ms

[1 occurrence(s)]
INFO --> [PERF][HOME] index commonData done in 635.46ms

[1 occurrence(s)]
INFO --> [REQ_ID=aff1899c3f1e] [MEMORY][commonData:start] 8388608

[1 occurrence(s)]
INFO --> [PERF][HOME] index renderTheme done in 4.6ms

[1 occurrence(s)]
INFO --> [REQ_ID=2f40acc2bbfb] [PERF] Execution time=0.662626

[1 occurrence(s)]
INFO --> [REQ_ID=ec00beecd793] [PERF] Execution time=0.726430

[1 occurrence(s)]
INFO --> [PERF][HOME] buildCommonData complete in 646.8ms

[1 occurrence(s)]
INFO --> [PERF][HOME] index commonData done in 647.18ms

[1 occurrence(s)]
INFO --> [REQ_ID=3784abf77b22] [MEMORY][commonData:start] 8388608

[1 occurrence(s)]
INFO --> [PERF][HOME] index renderTheme done in 6.26ms

[1 occurrence(s)]
INFO --> [REQ_ID=aff1899c3f1e] [PERF] Execution time=0.658483

[1 occurrence(s)]
INFO --> [REQ_ID=72a62bb084d4] [PERF] Execution time=0.725939

[1 occurrence(s)]
INFO --> [PERF][HOME] index renderTheme done in 13.55ms

[1 occurrence(s)]
INFO --> [REQ_ID=3784abf77b22] [PERF] Execution time=0.681159

[1 occurrence(s)]
INFO --> [REQ_ID=2f9e69d37fff] [PERF] Execution time=0.739798

[1 occurrence(s)]
INFO --> [REQ_ID=afffadebf139] [PERF] Execution time=0.057352

[1 occurrence(s)]
INFO --> [REQ_ID=9ca2a034fbd6] [PERF] Execution time=0.029584

[1 occurrence(s)]
INFO --> [SPARK_START] App\Commands\GitHub\Pull

[6 occurrence(s)]
INFO --> [SPARK_MEMORY] 20971520

[1 occurrence(s)]
INFO --> [spark:github:pull] Intent

[1 occurrence(s)]
INFO --> [GIT] cd '/home/mymiteam/mymiwallet/site/current' && git 'branch' '--show-current' => main

[1 occurrence(s)]
INFO --> [GIT] cd '/home/mymiteam/mymiwallet/site/current' && git 'pull' '--rebase' 'origin' 'main' => From https://github.com/MillennialInvestments/MyMIWallet-Next

[1 occurrence(s)]
INFO --> [SPARK_COMPLETE] App\Commands\GitHub\Pull duration=3.707844

[1 occurrence(s)]
INFO --> [REQ_ID=27c394bb2fef] [MEMORY][controller-start] 6291456

[1 occurrence(s)]
INFO --> [REQ_ID=27c394bb2fef] [MEMORY][commonData:start] 8388608

[1 occurrence(s)]
INFO --> [PERF][HOME] buildCommonData complete in 517.47ms

[1 occurrence(s)]
INFO --> [PERF][HOME] index commonData done in 518.19ms

[1 occurrence(s)]
INFO --> [REQ_ID=27c394bb2fef] [MEMORY][commonData:start] 10485760

[1 occurrence(s)]
INFO --> [PERF][HOME] index renderTheme done in 6.63ms

[1 occurrence(s)]
INFO --> [REQ_ID=27c394bb2fef] [PERF] Execution time=0.594328

[1 occurrence(s)]
INFO --> [REQ_ID=4e5db52980ff] [PERF] Execution time=0.646161

[1 occurrence(s)]
INFO --> [REQ_ID=403a95e23a9d] [MEMORY][controller-start] 6291456

[1 occurrence(s)]
INFO --> [REQ_ID=403a95e23a9d] [PERF] Execution time=0.019400

[1 occurrence(s)]
INFO --> [REQ_ID=682bd313385e] [PERF] Execution time=0.035765

[1 occurrence(s)]
INFO --> [REQ_ID=87797230577e] [MEMORY][controller-start] 4194304

[1 occurrence(s)]
INFO --> [REQ_ID=87797230577e] [PERF] Execution time=0.035589

[1 occurrence(s)]
INFO --> [REQ_ID=7b01efcc569a] [PERF] Execution time=0.045075

[1 occurrence(s)]
INFO --> [REQ_ID=ab1efca677c5] [MEMORY][controller-start] 4194304

[1 occurrence(s)]
INFO --> [REQ_ID=ab1efca677c5] [PERF] Execution time=0.089467

[1 occurrence(s)]
INFO --> [REQ_ID=370fd0f1071e] [PERF] Execution time=0.099853

[1 occurrence(s)]
INFO --> [REQ_ID=0644569809fc] [MEMORY][controller-start] 4194304

[1 occurrence(s)]
INFO --> [REQ_ID=0644569809fc] [PERF] Execution time=0.089246

[1 occurrence(s)]
INFO --> [REQ_ID=0fb9fda3321d] [PERF] Execution time=0.099898

[1 occurrence(s)]
INFO --> [REQ_ID=7eb70c4dc60e] [PERF] Execution time=0.011855

[1 occurrence(s)]
INFO --> [REQ_ID=3dbfc6a77861] [MEMORY][controller-start] 4194304

[1 occurrence(s)]
INFO --> [REQ_ID=3dbfc6a77861] [PERF] Execution time=0.034011

[1 occurrence(s)]
INFO --> [REQ_ID=c4daa4c76f4a] [PERF] Execution time=0.044529

[1 occurrence(s)]
INFO --> [REQ_ID=28603ad64d51] [MEMORY][controller-start] 4194304

[1 occurrence(s)]
INFO --> [REQ_ID=28603ad64d51] [PERF] Execution time=0.039908

[1 occurrence(s)]
INFO --> [REQ_ID=266325af75eb] [PERF] Execution time=0.050607

[1 occurrence(s)]
INFO --> [REQ_ID=8084e2292eaf] [MEMORY][controller-start] 4194304

[1 occurrence(s)]
INFO --> [REQ_ID=8084e2292eaf] [PERF] Execution time=0.039292

[1 occurrence(s)]
INFO --> [REQ_ID=c7ba3a779307] [PERF] Execution time=0.050925

[1 occurrence(s)]
INFO --> [REQ_ID=0a3f68e1b2f5] [PERF] Execution time=0.046946

[1 occurrence(s)]
INFO --> [REQ_ID=12e9e7b64f29] [MEMORY][controller-start] 4194304

[1 occurrence(s)]
INFO --> [REQ_ID=12e9e7b64f29] [PERF] Execution time=0.128707

[1 occurrence(s)]
INFO --> [REQ_ID=9ab8ffc35ff8] [PERF] Execution time=0.150867

[1 occurrence(s)]
INFO --> [REQ_ID=0ceb88b2c058] [PERF] Execution time=0.053718

[1 occurrence(s)]
INFO --> [REQ_ID=2dbd38a5073e] [MEMORY][controller-start] 4194304

[1 occurrence(s)]
INFO --> [REQ_ID=2dbd38a5073e] [PERF] Execution time=0.121877

[1 occurrence(s)]
INFO --> [REQ_ID=9fa252d2ffb3] [PERF] Execution time=0.139772

[1 occurrence(s)]
INFO --> [REQ_ID=e1da6b7f8632] [PERF] Execution time=0.011586

[1 occurrence(s)]
INFO --> [REQ_ID=10a537b566df] [PERF] Execution time=0.011019

[1 occurrence(s)]
INFO --> [REQ_ID=3c295a826f26] [MEMORY][controller-start] 4194304

[1 occurrence(s)]
INFO --> [REQ_ID=3c295a826f26] [PERF] Execution time=0.100850

[1 occurrence(s)]
INFO --> [REQ_ID=e50b9902f7b6] [PERF] Execution time=0.110758

[1 occurrence(s)]
INFO --> [REQ_ID=b9f90cb54478] [PERF] Execution time=0.061359

[1 occurrence(s)]
INFO --> [REQ_ID=88110499cf2f] [PERF] Execution time=0.010477

[1 occurrence(s)]
INFO --> [REQ_ID=e5ccf6ed65e9] [PERF] Execution time=0.112350

[1 occurrence(s)]
INFO --> [REQ_ID=dddce1292026] [PERF] Execution time=0.091313

[1 occurrence(s)]
INFO --> [REQ_ID=8ecdb5c7fbde] [MEMORY][controller-start] 6291456

[1 occurrence(s)]
INFO --> [REQ_ID=8ecdb5c7fbde] [MEMORY][commonData:start] 8388608

[1 occurrence(s)]
INFO --> [PERF][HOME] buildCommonData complete in 526.67ms

[1 occurrence(s)]
INFO --> [PERF][HOME] index commonData done in 527.27ms

[1 occurrence(s)]
INFO --> [REQ_ID=8ecdb5c7fbde] [MEMORY][commonData:start] 10485760

[1 occurrence(s)]
INFO --> [PERF][HOME] index renderTheme done in 20.62ms

[1 occurrence(s)]
INFO --> [REQ_ID=8ecdb5c7fbde] [PERF] Execution time=0.679794

[1 occurrence(s)]
INFO --> [REQ_ID=ee38591b8c22] [PERF] Execution time=0.727988

[1 occurrence(s)]
INFO --> [REQ_ID=7f1e9b785c37] [PERF] Execution time=0.012194

[1 occurrence(s)]
INFO --> [REQ_ID=7e4b2b474534] [MEMORY][controller-start] 4194304

[1 occurrence(s)]
INFO --> [REQ_ID=7e4b2b474534] [MEMORY][commonData:start] 4194304

[1 occurrence(s)]
INFO --> [PERF][HOME] buildCommonData complete in 510.35ms

[1 occurrence(s)]
INFO --> [PERF][HOME] index commonData done in 511ms

[1 occurrence(s)]
INFO --> [REQ_ID=7e4b2b474534] [MEMORY][commonData:start] 8388608

[2 occurrence(s)]
INFO --> [PERF][HOME] index renderTheme done in 4.32ms

[1 occurrence(s)]
INFO --> [REQ_ID=7e4b2b474534] [PERF] Execution time=0.526709

[1 occurrence(s)]
INFO --> [REQ_ID=b09d5520318d] [PERF] Execution time=0.536451

[1 occurrence(s)]
INFO --> [REQ_ID=e61b3a897df9] [MEMORY][controller-start] 6291456

[1 occurrence(s)]
INFO --> [REQ_ID=e61b3a897df9] [PERF] Execution time=0.053352

[1 occurrence(s)]
INFO --> [REQ_ID=b2964a5cecf9] [PERF] Execution time=0.069758

[1 occurrence(s)]
INFO --> [REQ_ID=a00244823cbd] [PERF] Execution time=0.009863

[1 occurrence(s)]
INFO --> [REQ_ID=878381c519cf] [MEMORY][controller-start] 4194304

[1 occurrence(s)]
INFO --> [REQ_ID=878381c519cf] [PERF] Execution time=0.026399

[1 occurrence(s)]
INFO --> [REQ_ID=49aa6755836c] [PERF] Execution time=0.036232

[1 occurrence(s)]
INFO --> [REQ_ID=a46da6c487f6] [PERF] Execution time=0.011121

[1 occurrence(s)]
INFO --> [REQ_ID=8d231636b74f] [MEMORY][controller-start] 4194304

[1 occurrence(s)]
INFO --> [REQ_ID=8d231636b74f] [PERF] Execution time=0.050792

[1 occurrence(s)]
INFO --> [REQ_ID=aacae42d2510] [PERF] Execution time=0.060811

[1 occurrence(s)]
INFO --> [REQ_ID=d9ac6beedefe] [PERF] Execution time=0.009898

[1 occurrence(s)]
INFO --> [REQ_ID=665fc3765b6e] [MEMORY][controller-start] 4194304

[1 occurrence(s)]
INFO --> [REQ_ID=665fc3765b6e] [PERF] Execution time=0.028239

[1 occurrence(s)]
INFO --> [REQ_ID=7e94dfce9041] [PERF] Execution time=0.039327

[1 occurrence(s)]
INFO --> [REQ_ID=6dca3704c4f1] [PERF] Execution time=0.017756

[1 occurrence(s)]
INFO --> [REQ_ID=cfae4f41d093] [PERF] Execution time=0.042865

[1 occurrence(s)]
INFO --> [REQ_ID=b89a3fa7a119] [PERF] Execution time=0.017402

[1 occurrence(s)]
INFO --> [REQ_ID=5616a642c8b1] [PERF] Execution time=0.012111

[1 occurrence(s)]
INFO --> [REQ_ID=b9053b7df4a3] [PERF] Execution time=0.010255

[1 occurrence(s)]
INFO --> [REQ_ID=b1b332a0e4b9] [PERF] Execution time=0.009947

[1 occurrence(s)]
INFO --> [REQ_ID=64577484e02b] [PERF] Execution time=0.010132

[1 occurrence(s)]
INFO --> [REQ_ID=a61efe098ff2] [MEMORY][controller-start] 4194304

[1 occurrence(s)]
INFO --> [REQ_ID=a61efe098ff2] [PERF] Execution time=0.029179

[1 occurrence(s)]
INFO --> [REQ_ID=c0184745112c] [PERF] Execution time=0.039510

[1 occurrence(s)]
INFO --> [REQ_ID=cd38330ee046] [PERF] Execution time=0.015791

[1 occurrence(s)]
INFO --> [REQ_ID=ab28ae158790] [PERF] Execution time=0.017786

[1 occurrence(s)]
INFO --> [REQ_ID=cb4ae36d9f0d] [PERF] Execution time=0.052546

[1 occurrence(s)]
INFO --> [REQ_ID=0e8d737dbc1a] [PERF] Execution time=0.056910

[1 occurrence(s)]
INFO --> [REQ_ID=8f2a1ba3a7e8] [MEMORY][controller-start] 4194304

[1 occurrence(s)]
INFO --> [REQ_ID=8f2a1ba3a7e8] [PERF] Execution time=0.146427

[1 occurrence(s)]
INFO --> [REQ_ID=43ae98ad8e1c] [PERF] Execution time=0.162052

[1 occurrence(s)]
INFO --> [REQ_ID=70a6c6268459] [MEMORY][controller-start] 6291456

[1 occurrence(s)]
INFO --> [REQ_ID=70a6c6268459] [MEMORY][commonData:start] 8388608

[1 occurrence(s)]
INFO --> [PERF][HOME] buildCommonData complete in 584.25ms

[1 occurrence(s)]
INFO --> [PERF][HOME] index commonData done in 585.16ms

[1 occurrence(s)]
INFO --> [REQ_ID=70a6c6268459] [MEMORY][commonData:start] 10485760

[1 occurrence(s)]
INFO --> [PERF][HOME] index renderTheme done in 10.39ms

[1 occurrence(s)]
INFO --> [REQ_ID=70a6c6268459] [PERF] Execution time=0.739360

[1 occurrence(s)]
INFO --> [REQ_ID=55892666ccf9] [PERF] Execution time=0.787779

[1 occurrence(s)]
INFO --> [REQ_ID=d1c70302c401] [MEMORY][controller-start] 6291456

[1 occurrence(s)]
INFO --> [REQ_ID=d1c70302c401] [MEMORY][commonData:start] 6291456

[1 occurrence(s)]
INFO --> [PERF][HOME] buildCommonData complete in 519.59ms

[1 occurrence(s)]
INFO --> [PERF][HOME] index commonData done in 520.21ms

[1 occurrence(s)]
INFO --> [REQ_ID=d1c70302c401] [MEMORY][commonData:start] 8388608

[1 occurrence(s)]
INFO --> [PERF][HOME] index renderTheme done in 3.77ms

[1 occurrence(s)]
INFO --> [REQ_ID=d1c70302c401] [PERF] Execution time=0.547779

[1 occurrence(s)]
INFO --> [REQ_ID=8789e98b52f9] [PERF] Execution time=0.560134

[1 occurrence(s)]
INFO --> [REQ_ID=4be2363c1664] [PERF] Execution time=0.040175

[1 occurrence(s)]
INFO --> [REQ_ID=948e6c7614f2] [PERF] Execution time=0.086961

[1 occurrence(s)]
INFO --> [REQ_ID=8a5e6bd8abc1] [MEMORY][controller-start] 6291456

[1 occurrence(s)]
INFO --> [REQ_ID=8a5e6bd8abc1] [MEMORY][commonData:start] 8388608

[1 occurrence(s)]
INFO --> [PERF][HOME] buildCommonData complete in 440.51ms

[1 occurrence(s)]
INFO --> [PERF][HOME] index commonData done in 441.21ms

[1 occurrence(s)]
INFO --> [REQ_ID=8a5e6bd8abc1] [MEMORY][commonData:start] 10485760

[1 occurrence(s)]
INFO --> [PERF][HOME] index renderTheme done in 7.01ms

[1 occurrence(s)]
INFO --> [REQ_ID=8a5e6bd8abc1] [PERF] Execution time=0.636427

[1 occurrence(s)]
INFO --> [REQ_ID=3a26542f9579] [PERF] Execution time=0.687758

[1 occurrence(s)]
INFO --> [REQ_ID=14bb958bcd9b] [PERF] Execution time=0.051184

[1 occurrence(s)]
INFO --> [REQ_ID=3ccdf1d1e7cb] [MEMORY][controller-start] 4194304

[1 occurrence(s)]
INFO --> [REQ_ID=3ccdf1d1e7cb] [PERF] Execution time=0.053327

[1 occurrence(s)]
INFO --> [REQ_ID=2b84c310fc0e] [PERF] Execution time=0.068558

[1 occurrence(s)]
INFO --> [REQ_ID=dc9e8919edda] [PERF] Execution time=0.049850

[1 occurrence(s)]
INFO --> [REQ_ID=58eaa6b72cbc] [PERF] Execution time=0.057901

[1 occurrence(s)]
INFO --> [REQ_ID=7fa1baea2da3] [MEMORY][controller-start] 4194304

[1 occurrence(s)]
INFO --> [REQ_ID=7fa1baea2da3] [PERF] Execution time=0.078324

[1 occurrence(s)]
INFO --> [REQ_ID=28cae0aacb2d] [PERF] Execution time=0.103068

[1 occurrence(s)]
INFO --> [REQ_ID=cc22afe9faa8] [PERF] Execution time=0.036851

[1 occurrence(s)]
INFO --> [REQ_ID=12de39f1590f] [PERF] Execution time=0.060073

[1 occurrence(s)]
INFO --> [REQ_ID=2a0cd60ec852] [MEMORY][controller-start] 4194304

[1 occurrence(s)]
INFO --> [REQ_ID=2a0cd60ec852] [PERF] Execution time=0.347682

[1 occurrence(s)]
INFO --> [REQ_ID=6032a3ef3116] [PERF] Execution time=0.370750

[1 occurrence(s)]
INFO --> [REQ_ID=6870ad29a5ae] [PERF] Execution time=0.126890

[1 occurrence(s)]
INFO --> [REQ_ID=8c2c87e48942] [PERF] Execution time=0.056590

[1 occurrence(s)]
INFO --> [REQ_ID=50f2fef30170] [MEMORY][controller-start] 4194304

[1 occurrence(s)]
INFO --> [REQ_ID=50f2fef30170] [PERF] Execution time=0.119943

[1 occurrence(s)]
INFO --> [REQ_ID=87edb03d87b6] [PERF] Execution time=0.137355

[1 occurrence(s)]
INFO --> [REQ_ID=b2e410c27b97] [MEMORY][controller-start] 4194304

[1 occurrence(s)]
INFO --> [REQ_ID=b2e410c27b97] [PERF] Execution time=0.029076

[1 occurrence(s)]
INFO --> [REQ_ID=df71d2f3a807] [PERF] Execution time=0.218411

[1 occurrence(s)]
INFO --> [REQ_ID=d0e6cd036fbb] [MEMORY][controller-start] 4194304

[1 occurrence(s)]
INFO --> [REQ_ID=d0e6cd036fbb] [PERF] Execution time=0.026466

[1 occurrence(s)]
INFO --> [REQ_ID=1e1d997a88f8] [PERF] Execution time=0.058772

[1 occurrence(s)]
INFO --> [REQ_ID=83bee33d5867] [MEMORY][controller-start] 4194304

[1 occurrence(s)]
INFO --> [REQ_ID=83bee33d5867] [PERF] Execution time=0.057679

[1 occurrence(s)]
INFO --> [REQ_ID=f616d4d2b9c4] [PERF] Execution time=0.070979

[1 occurrence(s)]
INFO --> [REQ_ID=17e8be56ec2e] [MEMORY][controller-start] 4194304

[1 occurrence(s)]
INFO --> [REQ_ID=17e8be56ec2e] [MEMORY][commonData:start] 6291456

[1 occurrence(s)]
INFO --> [PERF][HOME] buildCommonData complete in 504.19ms

[1 occurrence(s)]
INFO --> [PERF][HOME] index commonData done in 504.77ms

[1 occurrence(s)]
INFO --> [REQ_ID=17e8be56ec2e] [MEMORY][commonData:start] 8388608

[1 occurrence(s)]
INFO --> [PERF][HOME] index renderTheme done in 16.25ms

[1 occurrence(s)]
INFO --> [REQ_ID=17e8be56ec2e] [PERF] Execution time=0.546774

[1 occurrence(s)]
INFO --> [REQ_ID=134b3de7e6c5] [PERF] Execution time=0.562487

[1 occurrence(s)]
INFO --> [REQ_ID=18bd75382144] [MEMORY][controller-start] 4194304

[1 occurrence(s)]
INFO --> [REQ_ID=18bd75382144] [MEMORY][commonData:start] 4194304

[1 occurrence(s)]
INFO --> [PERF][HOME] buildCommonData complete in 556.31ms

[1 occurrence(s)]
INFO --> [PERF][HOME] index commonData done in 556.92ms

[1 occurrence(s)]
INFO --> [REQ_ID=18bd75382144] [MEMORY][commonData:start] 8388608

[1 occurrence(s)]
INFO --> [REQ_ID=18bd75382144] [PERF] Execution time=0.573789

[1 occurrence(s)]
INFO --> [REQ_ID=e066aabf2b3f] [PERF] Execution time=0.591903

[1 occurrence(s)]
INFO --> [REQ_ID=43ac86eb337a] [MEMORY][controller-start] 4194304

[1 occurrence(s)]
INFO --> [REQ_ID=43ac86eb337a] [PERF] Execution time=0.010497

[1 occurrence(s)]
INFO --> [REQ_ID=d4d9c6fe9986] [PERF] Execution time=0.025749

[1 occurrence(s)]
INFO --> [REQ_ID=d835486769bd] [MEMORY][controller-start] 4194304

[1 occurrence(s)]
INFO --> [REQ_ID=d835486769bd] [PERF] Execution time=0.024976

[1 occurrence(s)]
INFO --> [REQ_ID=5cdab1724536] [PERF] Execution time=0.039245

[1 occurrence(s)]
INFO --> [REQ_ID=d19233c80133] [MEMORY][controller-start] 4194304

[1 occurrence(s)]
INFO --> [REQ_ID=d19233c80133] [PERF] Execution time=0.028593

[1 occurrence(s)]
INFO --> [REQ_ID=139a5453706f] [PERF] Execution time=0.042936

[1 occurrence(s)]
INFO --> [REQ_ID=62c87ecaa8ab] [MEMORY][controller-start] 4194304

[1 occurrence(s)]
INFO --> [REQ_ID=62c87ecaa8ab] [PERF] Execution time=0.034756

[1 occurrence(s)]
INFO --> [REQ_ID=740bb62d5c48] [PERF] Execution time=0.050462

[1 occurrence(s)]
INFO --> [spark:auth:audit] Started

[1 occurrence(s)]
INFO --> [SPARK_START] App\Commands\Auth\Audit

[1 occurrence(s)]
INFO --> [spark:auth:audit] Intent

[1 occurrence(s)]
INFO --> [spark:auth:audit] Completed

[1 occurrence(s)]
INFO --> [SPARK_COMPLETE] App\Commands\Auth\Audit duration=7.648589

[1 occurrence(s)]
INFO --> [SPARK_MEMORY] 25165824

[1 occurrence(s)]
INFO --> [REQ_ID=729683825922] [MEMORY][controller-start] 6291456

[1 occurrence(s)]
INFO --> [REQ_ID=729683825922] [PERF] Execution time=0.035708

[1 occurrence(s)]
INFO --> [REQ_ID=2e9da4ded55a] [PERF] Execution time=0.122430

[1 occurrence(s)]
INFO --> [REQ_ID=431d50a20e35] [PERF] Execution time=0.056078

[1 occurrence(s)]
INFO --> [REQ_ID=dff9f54a67dd] [PERF] Execution time=0.050310

[1 occurrence(s)]
INFO --> [REQ_ID=8a20601475c9] [PERF] Execution time=0.049785

[1 occurrence(s)]
INFO --> [REQ_ID=43d38ca7e7b9] [MEMORY][controller-start] 4194304

[1 occurrence(s)]
INFO --> [REQ_ID=43d38ca7e7b9] [PERF] Execution time=0.078672

[1 occurrence(s)]
INFO --> [REQ_ID=80d0e9812c8a] [PERF] Execution time=0.104714

[1 occurrence(s)]
INFO --> [REQ_ID=25afcfa7cebd] [PERF] Execution time=0.052950

[1 occurrence(s)]
INFO --> [REQ_ID=db226c89d622] [MEMORY][controller-start] 4194304

[1 occurrence(s)]
INFO --> [REQ_ID=db226c89d622] [PERF] Execution time=0.083123

[1 occurrence(s)]
INFO --> [REQ_ID=6a033ca590a5] [PERF] Execution time=0.099286

[1 occurrence(s)]
INFO --> [REQ_ID=ecf190551b1f] [PERF] Execution time=0.080555

[1 occurrence(s)]
INFO --> [REQ_ID=250f827ae4ce] [MEMORY][controller-start] 6291456

[1 occurrence(s)]
INFO --> [REQ_ID=250f827ae4ce] [PERF] Execution time=0.056494

[1 occurrence(s)]
INFO --> [REQ_ID=cef8d0e6732c] [PERF] Execution time=0.195766

[1 occurrence(s)]
INFO --> [REQ_ID=ed6b4693198b] [MEMORY][controller-start] 4194304

[1 occurrence(s)]
INFO --> [REQ_ID=ed6b4693198b] [PERF] Execution time=0.028957

[1 occurrence(s)]
INFO --> [REQ_ID=f259f494fe48] [PERF] Execution time=0.045097

[1 occurrence(s)]
INFO --> [REQ_ID=c7b642e9478f] [MEMORY][controller-start] 4194304

[1 occurrence(s)]
INFO --> [REQ_ID=c7b642e9478f] [PERF] Execution time=0.042570

[1 occurrence(s)]
INFO --> [REQ_ID=056a9311290f] [PERF] Execution time=0.055082

[1 occurrence(s)]
INFO --> [REQ_ID=e4670b8d81cb] [MEMORY][controller-start] 4194304

[1 occurrence(s)]
INFO --> [REQ_ID=e4670b8d81cb] [PERF] Execution time=0.033239

[1 occurrence(s)]
INFO --> [REQ_ID=85d2ee291d85] [PERF] Execution time=0.046689

[1 occurrence(s)]
INFO --> [REQ_ID=2ab8b6681f2e] [MEMORY][controller-start] 4194304

[1 occurrence(s)]
INFO --> [REQ_ID=2ab8b6681f2e] [PERF] Execution time=0.031196

[1 occurrence(s)]
INFO --> [REQ_ID=0e33cac02b70] [PERF] Execution time=0.058512

[1 occurrence(s)]
INFO --> [REQ_ID=697578038d38] [MEMORY][controller-start] 4194304

[1 occurrence(s)]
INFO --> [REQ_ID=697578038d38] [PERF] Execution time=0.027480

[1 occurrence(s)]
INFO --> [REQ_ID=848faf11464d] [PERF] Execution time=0.053444

[1 occurrence(s)]
INFO --> [REQ_ID=ecb8faae5cf3] [PERF] Execution time=0.011379

[1 occurrence(s)]
INFO --> [REQ_ID=7a45ab1cd8ce] [PERF] Execution time=0.092943

[1 occurrence(s)]
INFO --> [REQ_ID=162a013a8592] [PERF] Execution time=0.051741

[1 occurrence(s)]
INFO --> [REQ_ID=9fc557843325] [MEMORY][controller-start] 4194304

[1 occurrence(s)]
INFO --> [REQ_ID=9fc557843325] [PERF] Execution time=0.127801

[1 occurrence(s)]
INFO --> [REQ_ID=bf5089f038a9] [PERF] Execution time=0.145293

[1 occurrence(s)]
INFO --> [REQ_ID=9c9c255ed7e5] [MEMORY][controller-start] 6291456

[1 occurrence(s)]
INFO --> [REQ_ID=9c9c255ed7e5] [MEMORY][commonData:start] 6291456

[1 occurrence(s)]
INFO --> [REQ_ID=9c9c255ed7e5] [PERF] Execution time=0.618386

[1 occurrence(s)]
INFO --> [REQ_ID=aefe0fd448cc] [PERF] Execution time=0.668369

[1 occurrence(s)]
INFO --> [REQ_ID=ce2720f6fb8c] [PERF] Execution time=0.013224

[1 occurrence(s)]
INFO --> [REQ_ID=a8dc7e289885] [MEMORY][controller-start] 4194304

[1 occurrence(s)]
INFO --> [REQ_ID=a8dc7e289885] [PERF] Execution time=0.031111

[1 occurrence(s)]
INFO --> [REQ_ID=1e0c8db9d3fa] [PERF] Execution time=0.045803

[1 occurrence(s)]
INFO --> [REQ_ID=01b58aa5e67f] [MEMORY][controller-start] 6291456

[1 occurrence(s)]
INFO --> [REQ_ID=01b58aa5e67f] [MEMORY][commonData:start] 8388608

[1 occurrence(s)]
INFO --> [PERF][HOME] buildCommonData complete in 480.23ms

[1 occurrence(s)]
INFO --> [PERF][HOME] index commonData done in 480.87ms

[1 occurrence(s)]
INFO --> [REQ_ID=01b58aa5e67f] [MEMORY][commonData:start] 10485760

[1 occurrence(s)]
INFO --> [PERF][HOME] index renderTheme done in 17.18ms

[1 occurrence(s)]
INFO --> [REQ_ID=01b58aa5e67f] [PERF] Execution time=0.563060

[1 occurrence(s)]
INFO --> [REQ_ID=da5adf7d1833] [PERF] Execution time=0.610113

[1 occurrence(s)]
INFO --> [REQ_ID=e45203845586] [MEMORY][controller-start] 6291456

[1 occurrence(s)]
INFO --> [REQ_ID=e45203845586] [MEMORY][commonData:start] 6291456

[1 occurrence(s)]
INFO --> [REQ_ID=e45203845586] [PERF] Execution time=0.664464

[1 occurrence(s)]
INFO --> [REQ_ID=072de3c3cf85] [PERF] Execution time=0.712331

[1 occurrence(s)]
INFO --> [REQ_ID=2e6c7cabf1e0] [PERF] Execution time=0.052669

[1 occurrence(s)]
INFO --> [REQ_ID=3f597f27fd9e] [MEMORY][controller-start] 4194304

[1 occurrence(s)]
INFO --> [REQ_ID=3f597f27fd9e] [MEMORY][commonData:start] 6291456

[1 occurrence(s)]
INFO --> [PERF][HOME] buildCommonData complete in 532.05ms

[1 occurrence(s)]
INFO --> [PERF][HOME] index commonData done in 532.51ms

[1 occurrence(s)]
INFO --> [REQ_ID=3f597f27fd9e] [MEMORY][commonData:start] 8388608

[1 occurrence(s)]
INFO --> [REQ_ID=3f597f27fd9e] [PERF] Execution time=0.791695

[1 occurrence(s)]
INFO --> [REQ_ID=8eba23747a97] [PERF] Execution time=0.805669

[1 occurrence(s)]
INFO --> [REQ_ID=5555fb22a547] [PERF] Execution time=0.041348

[1 occurrence(s)]
INFO --> [REQ_ID=d6b160806cfb] [PERF] Execution time=0.027588

[1 occurrence(s)]
INFO --> [REQ_ID=e82206d2da99] [MEMORY][controller-start] 4194304

[1 occurrence(s)]
INFO --> [REQ_ID=e82206d2da99] [PERF] Execution time=0.118703

[1 occurrence(s)]
INFO --> [REQ_ID=3d7e5ae4bb45] [PERF] Execution time=0.133355

[1 occurrence(s)]
INFO --> [REQ_ID=3134bb1855c0] [PERF] Execution time=0.050823

[1 occurrence(s)]
INFO --> [REQ_ID=40e221f649ad] [MEMORY][controller-start] 4194304

[1 occurrence(s)]
INFO --> [REQ_ID=40e221f649ad] [PERF] Execution time=0.159549

[1 occurrence(s)]
INFO --> [REQ_ID=d73d55a7d026] [PERF] Execution time=0.176337

[1 occurrence(s)]
INFO --> [REQ_ID=28a04ea5706f] [PERF] Execution time=0.013837

[1 occurrence(s)]
INFO --> [REQ_ID=e60bf99cceb6] [MEMORY][controller-start] 4194304

[1 occurrence(s)]
INFO --> [REQ_ID=e60bf99cceb6] [PERF] Execution time=0.065638

[1 occurrence(s)]
INFO --> [REQ_ID=0a0f6304254f] [PERF] Execution time=0.077844

[1 occurrence(s)]
INFO --> [REQ_ID=1bf2fa46fa41] [MEMORY][controller-start] 6291456

[1 occurrence(s)]
INFO --> [REQ_ID=1bf2fa46fa41] [MEMORY][commonData:start] 8388608

[1 occurrence(s)]
INFO --> [PERF][HOME] buildCommonData complete in 498ms

[1 occurrence(s)]
INFO --> [PERF][HOME] index commonData done in 498.47ms

[1 occurrence(s)]
INFO --> [REQ_ID=1bf2fa46fa41] [MEMORY][commonData:start] 10485760

[1 occurrence(s)]
INFO --> [PERF][HOME] index renderTheme done in 6.4ms

[1 occurrence(s)]
INFO --> [REQ_ID=1bf2fa46fa41] [PERF] Execution time=0.750290

[1 occurrence(s)]
INFO --> [REQ_ID=df0fe0b11f68] [PERF] Execution time=0.798510

[1 occurrence(s)]
INFO --> [REQ_ID=710382b5a3b1] [PERF] Execution time=0.041491

[1 occurrence(s)]
INFO --> [REQ_ID=52388d1f0794] [PERF] Execution time=0.031189

[1 occurrence(s)]
INFO --> [REQ_ID=0851f37f96a1] [MEMORY][controller-start] 4194304

[1 occurrence(s)]
INFO --> [REQ_ID=0851f37f96a1] [PERF] Execution time=0.230602

[1 occurrence(s)]
INFO --> [REQ_ID=ae4028a638a3] [PERF] Execution time=0.245723

[1 occurrence(s)]
INFO --> [REQ_ID=0dbd45f06e74] [PERF] Execution time=0.242702

[1 occurrence(s)]
INFO --> [REQ_ID=a526648f7cd7] [PERF] Execution time=0.037052

[1 occurrence(s)]
INFO --> [spark:ops:work] Started

[1 occurrence(s)]
INFO --> [SPARK_START] App\Commands\Ops\Work

[1 occurrence(s)]
INFO --> [spark:ops:work] Intent

[1 occurrence(s)]
INFO --> [spark:ops:work] Completed

[1 occurrence(s)]
INFO --> [SPARK_COMPLETE] App\Commands\Ops\Work duration=0.075439

[1 occurrence(s)]
INFO --> [SPARK_MEMORY] 23068672

[1 occurrence(s)]
INFO --> [SPARK_START] App\Commands\AIOps\Run

[1 occurrence(s)]
INFO --> [spark:aiops:run] Intent

[1 occurrence(s)]
INFO --> [REQ_ID=644e844402e7] [PERF] Execution time=0.237493

[1 occurrence(s)]
INFO --> [AIOPS][SPARK][GOVERNANCE][spark:logs:summarize] Started

[1 occurrence(s)]
INFO --> [SPARK_START] App\Commands\Logs\Summarize

[1 occurrence(s)]
INFO --> [spark:logs:summarize] Intent


---------------------------
LEVEL: WARNING
---------------------------

[230 occurrence(s)]
WARNING --> Optional view path missing; using default path

[1 occurrence(s)]
WARNING --> [AUTH AUDIT] UserSeeder failed; falling back to AuthAuditUserSeeder


---------------------------
LEVEL: ERROR
---------------------------

[69 occurrence(s)]
ERROR --> [404_ROUTE]

[1 occurrence(s)]
ERROR --> [AUTH AUDIT] Password verify failed


===============================================
   HERE'S THE NEW STUFF
   (No previous timestamp recorded – nothing treated as new)
===============================================

---- CONFIG LINT ----
✅ Services::cache
✅ Services::responsecache
✅ Services::session
✅ Services::email
✅ Services::logger
✅ Services::validation
✅ Services::renderer
