===============================================
   MyMI Wallet — Log Summary for 2026-04-02
   Auto-generated by logs:summarize command
   Grouped by (LEVEL + message)
===============================================

Last processed up to: <none> (first run for this date)

---------------------------
LEVEL: DEBUG
---------------------------

[1 occurrence(s)]
DEBUG --> [REQ_ID=4d086f9d9f4d] [REQUEST][START] GET /index.php/API/Management/Run-CRON-Tasks

[75 occurrence(s)]
DEBUG --> Session: Class initialized using 'CodeIgniter\Session\Handlers\FileHandler' driver.

[1 occurrence(s)]
DEBUG --> [REQ_ID=4d086f9d9f4d] [FILTER_BEFORE] /index.php/API/Management/Run-CRON-Tasks

[1 occurrence(s)]
DEBUG --> [REQ_ID=4d086f9d9f4d] [ROUTE] Controller=\App\Modules\APIs\Controllers\ManagementAPIController Method=Run_CRON_Tasks

[1 occurrence(s)]
DEBUG --> [REQ_ID=4d086f9d9f4d] [LIFECYCLE][START] GET https://www.mymiwallet.com/index.php/API/Management/Run-CRON-Tasks

[1 occurrence(s)]
DEBUG --> [REQ_ID=4d086f9d9f4d] [REQUEST][END]

[1 occurrence(s)]
DEBUG --> [REQ_ID=96b9d36f7df7] [REQUEST][START] GET /index.php/API/Alerts/fetchEmailAlerts

[1 occurrence(s)]
DEBUG --> [REQ_ID=96b9d36f7df7] [FILTER_BEFORE] /index.php/API/Alerts/fetchEmailAlerts

[1 occurrence(s)]
DEBUG --> [REQ_ID=96b9d36f7df7] [ROUTE] Controller=\App\Modules\APIs\Controllers\AlertsAPIController Method=fetchEmailAlerts

[1 occurrence(s)]
DEBUG --> [REQ_ID=96b9d36f7df7] [LIFECYCLE][START] GET https://www.mymiwallet.com/index.php/API/Alerts/fetchEmailAlerts

[1 occurrence(s)]
DEBUG --> [REQ_ID=96b9d36f7df7] [REQUEST][END]

[1 occurrence(s)]
DEBUG --> [REQ_ID=2b0466805283] [REQUEST][START] GET /index.php/Management/Assets

[1 occurrence(s)]
DEBUG --> [REQ_ID=2b0466805283] [FILTER_BEFORE] /index.php/Management/Assets

[1 occurrence(s)]
DEBUG --> [REQ_ID=2b0466805283] [ROUTE] Controller=\App\Modules\Management\Controllers\AssetsAdminController Method=index

[1 occurrence(s)]
DEBUG --> [REQ_ID=2b0466805283] [LIFECYCLE][START] GET https://www.mymiwallet.com/index.php/Management/Assets

[1 occurrence(s)]
DEBUG --> [CSRF] token name=csrf_test_name hash=8a05dfa56917f9e0ed9ca9ac84cb489d

[1 occurrence(s)]
DEBUG --> [REQ_ID=2b0466805283] [REQUEST][END]

[1 occurrence(s)]
DEBUG --> [REQ_ID=79618a46734b] [REQUEST][START] GET /index.php/login

[1 occurrence(s)]
DEBUG --> [REQ_ID=79618a46734b] [FILTER_BEFORE] /index.php/login

[1 occurrence(s)]
DEBUG --> [REQ_ID=79618a46734b] [ROUTE] Controller=\App\Controllers\AuthController Method=login

[1 occurrence(s)]
DEBUG --> [REQ_ID=79618a46734b] [LIFECYCLE][START] GET https://www.mymiwallet.com/index.php/login

[1 occurrence(s)]
DEBUG --> [CSRF] token name=csrf_test_name hash=54dd8b0b90884e12c23bf65ee6367fa0

[1 occurrence(s)]
DEBUG --> [REQ_ID=2a48ad46fb3e] [INIT] App\Controllers\AuthController::GET

[40 occurrence(s)]
DEBUG --> [TRACE]

[1 occurrence(s)]
DEBUG --> [REQ_ID=79618a46734b] [FILTER_AFTER]

[1 occurrence(s)]
DEBUG --> [REQ_ID=79618a46734b] [LIFECYCLE][END] status=200 duration_ms=232.04 memory_delta=0

[1 occurrence(s)]
DEBUG --> [REQ_ID=79618a46734b] [REQUEST][END]

[1 occurrence(s)]
DEBUG --> [REQ_ID=5baa12f6c027] [REQUEST][START] GET /

[1 occurrence(s)]
DEBUG --> [REQ_ID=5baa12f6c027] [REQUEST][END]

[1 occurrence(s)]
DEBUG --> [REQ_ID=1963b75ec72d] [REQUEST][START] GET /

[1 occurrence(s)]
DEBUG --> [REQ_ID=1963b75ec72d] [FILTER_BEFORE] /

[1 occurrence(s)]
DEBUG --> [REQ_ID=1963b75ec72d] [ROUTE] Controller=\App\Controllers\Home Method=index

[1 occurrence(s)]
DEBUG --> [REQ_ID=1963b75ec72d] [LIFECYCLE][START] GET https://www.mymiwallet.com/index.php/

[1 occurrence(s)]
DEBUG --> [CSRF] token name=csrf_test_name hash=06b5582ee06c7ae08fbea0c5922b4e01

[1 occurrence(s)]
DEBUG --> [REQ_ID=5e4209934924] [INIT] App\Controllers\Home::GET

[35 occurrence(s)]
DEBUG --> MyMIUser L52 - initialized (first log).

[6 occurrence(s)]
DEBUG --> [MetaService] slug= pageName= cacheHit= path=FALLBACK

[1 occurrence(s)]
DEBUG --> [REQ_ID=5e4209934924] [VIEW_RENDER] themes/public/home

[5 occurrence(s)]
DEBUG --> [MetaService] slug= pageName=Home cacheHit= path=DB

[1 occurrence(s)]
DEBUG --> [REQ_ID=1963b75ec72d] [FILTER_AFTER]

[1 occurrence(s)]
DEBUG --> [REQ_ID=1963b75ec72d] [LIFECYCLE][END] status=200 duration_ms=707.15 memory_delta=6291456

[1 occurrence(s)]
DEBUG --> [REQ_ID=1963b75ec72d] [REQUEST][END]

[1 occurrence(s)]
DEBUG --> [REQ_ID=fa9f16eba469] [REQUEST][START] GET /

[1 occurrence(s)]
DEBUG --> [REQ_ID=fa9f16eba469] [REQUEST][END]

[1 occurrence(s)]
DEBUG --> [REQ_ID=8ee2e57758e2] [REQUEST][START] GET /

[1 occurrence(s)]
DEBUG --> [REQ_ID=8ee2e57758e2] [REQUEST][END]

[1 occurrence(s)]
DEBUG --> [REQ_ID=5747d5cbaf35] [REQUEST][START] GET /index.php/API/Management/Run-CRON-Tasks

[1 occurrence(s)]
DEBUG --> [REQ_ID=5747d5cbaf35] [FILTER_BEFORE] /index.php/API/Management/Run-CRON-Tasks

[1 occurrence(s)]
DEBUG --> [REQ_ID=5747d5cbaf35] [ROUTE] Controller=\App\Modules\APIs\Controllers\ManagementAPIController Method=Run_CRON_Tasks

[1 occurrence(s)]
DEBUG --> [REQ_ID=5747d5cbaf35] [LIFECYCLE][START] GET https://www.mymiwallet.com/index.php/API/Management/Run-CRON-Tasks

[1 occurrence(s)]
DEBUG --> [REQ_ID=5747d5cbaf35] [REQUEST][END]

[1 occurrence(s)]
DEBUG --> [REQ_ID=d535bdfd6efb] [REQUEST][START] GET /index.php/MyMI-Gold/Goals/Daily

[1 occurrence(s)]
DEBUG --> [REQ_ID=d535bdfd6efb] [REQUEST][END]

[1 occurrence(s)]
DEBUG --> [REQ_ID=75fae7ae0cad] [REQUEST][START] GET /

[1 occurrence(s)]
DEBUG --> [REQ_ID=75fae7ae0cad] [REQUEST][END]

[1 occurrence(s)]
DEBUG --> [REQ_ID=34ad9c149b8e] [REQUEST][START] GET /index.php/API/Alerts/fetchEmailAlerts

[1 occurrence(s)]
DEBUG --> [REQ_ID=34ad9c149b8e] [FILTER_BEFORE] /index.php/API/Alerts/fetchEmailAlerts

[1 occurrence(s)]
DEBUG --> [REQ_ID=34ad9c149b8e] [ROUTE] Controller=\App\Modules\APIs\Controllers\AlertsAPIController Method=fetchEmailAlerts

[1 occurrence(s)]
DEBUG --> [REQ_ID=34ad9c149b8e] [LIFECYCLE][START] GET https://www.mymiwallet.com/index.php/API/Alerts/fetchEmailAlerts

[1 occurrence(s)]
DEBUG --> [REQ_ID=34ad9c149b8e] [REQUEST][END]

[1 occurrence(s)]
DEBUG --> [REQ_ID=5020b8cb1d8e] [REQUEST][START] GET /index.php/login

[1 occurrence(s)]
DEBUG --> [REQ_ID=5020b8cb1d8e] [REQUEST][END]

[1 occurrence(s)]
DEBUG --> [REQ_ID=17f74f1aa1c9] [REQUEST][START] GET /index.php/login

[1 occurrence(s)]
DEBUG --> [REQ_ID=17f74f1aa1c9] [REQUEST][END]

[1 occurrence(s)]
DEBUG --> [REQ_ID=0b58b17eef46] [REQUEST][START] GET /index.php/login

[1 occurrence(s)]
DEBUG --> [REQ_ID=0b58b17eef46] [REQUEST][END]

[1 occurrence(s)]
DEBUG --> [REQ_ID=16fa836be621] [REQUEST][START] GET /index.php/login

[1 occurrence(s)]
DEBUG --> [REQ_ID=16fa836be621] [REQUEST][END]

[1 occurrence(s)]
DEBUG --> [REQ_ID=fc336e44e67d] [REQUEST][START] GET /index.php/login

[1 occurrence(s)]
DEBUG --> [REQ_ID=fc336e44e67d] [FILTER_BEFORE] /index.php/login

[1 occurrence(s)]
DEBUG --> [REQ_ID=fc336e44e67d] [ROUTE] Controller=\App\Controllers\AuthController Method=login

[1 occurrence(s)]
DEBUG --> [REQ_ID=fc336e44e67d] [LIFECYCLE][START] GET https://www.mymiwallet.com/index.php/login

[1 occurrence(s)]
DEBUG --> [CSRF] token name=csrf_test_name hash=02fbb9342629ccb4ea4c9fc6a8cee05d

[1 occurrence(s)]
DEBUG --> [REQ_ID=84f0481d6dc9] [INIT] App\Controllers\AuthController::GET

[1 occurrence(s)]
DEBUG --> [REQ_ID=fc336e44e67d] [FILTER_AFTER]

[1 occurrence(s)]
DEBUG --> [REQ_ID=fc336e44e67d] [LIFECYCLE][END] status=200 duration_ms=31.82 memory_delta=0

[1 occurrence(s)]
DEBUG --> [REQ_ID=fc336e44e67d] [REQUEST][END]

[1 occurrence(s)]
DEBUG --> [REQ_ID=b49540115f4f] [REQUEST][START] GET /index.php/Knowledgebase/Types-Of-Accounts

[1 occurrence(s)]
DEBUG --> [REQ_ID=b49540115f4f] [FILTER_BEFORE] /index.php/Knowledgebase/Types-Of-Accounts

[1 occurrence(s)]
DEBUG --> [REQ_ID=b49540115f4f] [ROUTE] Controller=\App\Modules\User\Controllers\KnowledgebaseController Method=typesOfAccounts

[1 occurrence(s)]
DEBUG --> [REQ_ID=b49540115f4f] [LIFECYCLE][START] GET https://www.mymiwallet.com/index.php/Knowledgebase/Types-Of-Accounts

[1 occurrence(s)]
DEBUG --> [CSRF] token name=csrf_test_name hash=127dddd2b0741e5b72b01ae54f1c6ac5

[1 occurrence(s)]
DEBUG --> [REQ_ID=b49540115f4f] [REQUEST][END]

[1 occurrence(s)]
DEBUG --> [REQ_ID=bf6495b984b0] [REQUEST][START] GET /index.php/login

[1 occurrence(s)]
DEBUG --> [REQ_ID=bf6495b984b0] [FILTER_BEFORE] /index.php/login

[1 occurrence(s)]
DEBUG --> [REQ_ID=bf6495b984b0] [ROUTE] Controller=\App\Controllers\AuthController Method=login

[1 occurrence(s)]
DEBUG --> [REQ_ID=bf6495b984b0] [LIFECYCLE][START] GET https://www.mymiwallet.com/index.php/login

[1 occurrence(s)]
DEBUG --> [CSRF] token name=csrf_test_name hash=af46622f8b10345071d2fc6ffeb13dd5

[1 occurrence(s)]
DEBUG --> [REQ_ID=b4fd47b98d5b] [INIT] App\Controllers\AuthController::GET

[1 occurrence(s)]
DEBUG --> [REQ_ID=bf6495b984b0] [FILTER_AFTER]

[1 occurrence(s)]
DEBUG --> [REQ_ID=bf6495b984b0] [LIFECYCLE][END] status=200 duration_ms=126.38 memory_delta=0

[1 occurrence(s)]
DEBUG --> [REQ_ID=bf6495b984b0] [REQUEST][END]

[1 occurrence(s)]
DEBUG --> [REQ_ID=efc291617ed2] [REQUEST][START] GET /index.php/API/Management/Run-CRON-Tasks

[1 occurrence(s)]
DEBUG --> [REQ_ID=efc291617ed2] [FILTER_BEFORE] /index.php/API/Management/Run-CRON-Tasks

[1 occurrence(s)]
DEBUG --> [REQ_ID=efc291617ed2] [ROUTE] Controller=\App\Modules\APIs\Controllers\ManagementAPIController Method=Run_CRON_Tasks

[1 occurrence(s)]
DEBUG --> [REQ_ID=efc291617ed2] [LIFECYCLE][START] GET https://www.mymiwallet.com/index.php/API/Management/Run-CRON-Tasks

[1 occurrence(s)]
DEBUG --> [REQ_ID=efc291617ed2] [REQUEST][END]

[1 occurrence(s)]
DEBUG --> [REQ_ID=2242a92eab5c] [REQUEST][START] GET /index.php/API/Alerts/fetchEmailAlerts

[1 occurrence(s)]
DEBUG --> [REQ_ID=2242a92eab5c] [FILTER_BEFORE] /index.php/API/Alerts/fetchEmailAlerts

[1 occurrence(s)]
DEBUG --> [REQ_ID=2242a92eab5c] [ROUTE] Controller=\App\Modules\APIs\Controllers\AlertsAPIController Method=fetchEmailAlerts

[1 occurrence(s)]
DEBUG --> [REQ_ID=2242a92eab5c] [LIFECYCLE][START] GET https://www.mymiwallet.com/index.php/API/Alerts/fetchEmailAlerts

[1 occurrence(s)]
DEBUG --> [REQ_ID=2242a92eab5c] [REQUEST][END]

[2 occurrence(s)]
DEBUG --> Session: Initialization under CLI aborted.

[2 occurrence(s)]
DEBUG --> MyMIInvestments: no session user detected; skipping personalized hydration.

[22 occurrence(s)]
DEBUG --> MyMICoin initialized ONCE

[15 occurrence(s)]
DEBUG --> MyMICoin: guest context detected; skipping user-specific preload.

[8 occurrence(s)]
DEBUG --> MyMIMarketing: Pscrape library not installed; Google search scraping will use fallback.

[2 occurrence(s)]
DEBUG --> MyMIAlerts: no authenticated user context detected.

[1 occurrence(s)]
DEBUG --> [REQ_ID=4663883f1611] [REQUEST][START] GET /

[1 occurrence(s)]
DEBUG --> [REQ_ID=4663883f1611] [FILTER_BEFORE] /

[1 occurrence(s)]
DEBUG --> [REQ_ID=4663883f1611] [ROUTE] Controller=\App\Controllers\Home Method=index

[1 occurrence(s)]
DEBUG --> [REQ_ID=4663883f1611] [LIFECYCLE][START] GET https://www.mymiwallet.com/index.php/

[6 occurrence(s)]
DEBUG --> [CSRF] token name=csrf_test_name hash=e383c596416d763dc20958138b7b7c22

[1 occurrence(s)]
DEBUG --> [REQ_ID=44edbae8a5dc] [INIT] App\Controllers\Home::GET

[1 occurrence(s)]
DEBUG --> [REQ_ID=44edbae8a5dc] [VIEW_RENDER] themes/public/home

[1 occurrence(s)]
DEBUG --> [REQ_ID=4663883f1611] [FILTER_AFTER]

[1 occurrence(s)]
DEBUG --> [REQ_ID=4663883f1611] [LIFECYCLE][END] status=200 duration_ms=752.08 memory_delta=6291456

[1 occurrence(s)]
DEBUG --> [REQ_ID=4663883f1611] [REQUEST][END]

[1 occurrence(s)]
DEBUG --> [REQ_ID=86576cf049a0] [REQUEST][START] GET /index.php/Dashboard

[1 occurrence(s)]
DEBUG --> [REQ_ID=86576cf049a0] [FILTER_BEFORE] /index.php/Dashboard

[1 occurrence(s)]
DEBUG --> [REQ_ID=86576cf049a0] [ROUTE] Controller=\App\Modules\User\Controllers\DashboardController Method=index

[1 occurrence(s)]
DEBUG --> [REQ_ID=86576cf049a0] [LIFECYCLE][START] GET https://www.mymiwallet.com/index.php/Dashboard

[1 occurrence(s)]
DEBUG --> [REQ_ID=b736743f6d99] [INIT] App\Modules\User\Controllers\DashboardController::GET

[1 occurrence(s)]
DEBUG --> [REQ_ID=b736743f6d99] [METHOD_ENTRY] index

[31 occurrence(s)]
DEBUG --> [SERVICE] App\Services\BudgetService ::setUserId

[1 occurrence(s)]
DEBUG --> [DASHBOARD] Enter

[2 occurrence(s)]
DEBUG --> [SERVICE] App\Services\BudgetService ::getUserBudget

[2 occurrence(s)]
DEBUG --> [MODEL_WHERE] App\Models\BudgetModel KEY={"created_by":2,"deleted":0}

[9 occurrence(s)]
DEBUG --> [MODEL_WHERE] App\Models\BudgetModel KEY="created_by"

[9 occurrence(s)]
DEBUG --> [MODEL_WHERE] App\Models\BudgetModel KEY="account_type"

[8 occurrence(s)]
DEBUG --> [MODEL_WHERE] App\Models\BudgetModel KEY="designated_date >="

[8 occurrence(s)]
DEBUG --> [MODEL_WHERE] App\Models\BudgetModel KEY="designated_date <="

[7 occurrence(s)]
DEBUG --> [MODEL_WHERE] App\Models\BudgetModel KEY="year"

[6 occurrence(s)]
DEBUG --> [MODEL_WHERE] App\Models\BudgetModel KEY="month <="

[6 occurrence(s)]
DEBUG --> [MODEL_WHERE] App\Models\BudgetModel KEY="day <="

[3 occurrence(s)]
DEBUG --> [MODEL_WHERE] App\Models\BudgetModel KEY={"created_by":2,"account_type":"Income","month":"04","year":"2026"}

[26 occurrence(s)]
DEBUG --> [MODEL_FIRST] App\Models\BudgetModel

[3 occurrence(s)]
DEBUG --> [MODEL_WHERE] App\Models\BudgetModel KEY={"created_by":2,"account_type":"Income","month":"03","year":"2026"}

[3 occurrence(s)]
DEBUG --> [MODEL_WHERE] App\Models\BudgetModel KEY={"created_by":2,"account_type":"Expense","month":"04","year":"2026"}

[3 occurrence(s)]
DEBUG --> [MODEL_WHERE] App\Models\BudgetModel KEY={"created_by":2,"account_type":"Expense","month":"03","year":"2026"}

[6 occurrence(s)]
DEBUG --> [MODEL_WHERE] App\Models\BudgetModel KEY={"status":1,"created_by":2,"deleted":0}

[4 occurrence(s)]
DEBUG --> [MODEL_WHERE] App\Models\BudgetModel KEY={"status":1,"paid":0,"created_by":2,"deleted":0}

[1 occurrence(s)]
DEBUG --> Skipping placeholder symbol for row 46402

[1 occurrence(s)]
DEBUG --> [CACHE_MISS] mymiwallet_development_squeeze_high-risk_global_global_1f86633dd

[1 occurrence(s)]
DEBUG --> MyMIInvestments::getSqueezeHighRiskCount failed: Unknown column 'confidence_score' in 'where clause'

[1 occurrence(s)]
DEBUG --> 📰 Daily dashboard news window 2026-04-02 00:00:00 -> 2026-04-02 23:59:59 returned 0 rows

[1 occurrence(s)]
DEBUG --> [SETUP] Status computed

[1 occurrence(s)]
DEBUG --> [REQ_ID=b736743f6d99] [VIEW_RENDER] User/Dashboard/index

[1 occurrence(s)]
DEBUG --> [MODEL_WHERE] App\Models\BudgetModel KEY={"created_by":2,"account_type":"Income","status":1,"month":"04","year":"2026"}

[1 occurrence(s)]
DEBUG --> [MODEL_WHERE] App\Models\BudgetModel KEY={"created_by":2,"account_type":"Expense","status":1,"month":"04","year":"2026"}

[1 occurrence(s)]
DEBUG --> [MODEL_WHERE] App\Models\BudgetModel KEY={"created_by":2,"account_type":"Investment","month":"04","year":"2026","status":1}

[1 occurrence(s)]
DEBUG --> [MODEL_WHERE] App\Models\BudgetModel KEY={"created_by":2,"account_type":"Income","status":1,"month":"03"}

[1 occurrence(s)]
DEBUG --> [MODEL_WHERE] App\Models\BudgetModel KEY={"created_by":2,"account_type":"Expense","status":1,"month":"03"}

[1 occurrence(s)]
DEBUG --> [MODEL_WHERE] App\Models\BudgetModel KEY={"created_by":2,"account_type":"Investment","month":"03","year":"2026","status":1}

[1 occurrence(s)]
DEBUG --> [MODEL_WHERE] App\Models\BudgetModel KEY={"created_by":2,"account_type":"Income","status":1,"month":"05"}

[1 occurrence(s)]
DEBUG --> [MODEL_WHERE] App\Models\BudgetModel KEY={"created_by":2,"account_type":"Expense","status":1,"month":"05"}

[1 occurrence(s)]
DEBUG --> [MODEL_WHERE] App\Models\BudgetModel KEY={"created_by":2,"account_type":"Investment","month":"05","year":"2026","status":1}

[1 occurrence(s)]
DEBUG --> [MODEL_WHERE] App\Models\BudgetModel KEY={"created_by":2,"account_type":"Income","status":1,"year":"2026"}

[3 occurrence(s)]
DEBUG --> [MODEL_WHERE] App\Models\BudgetModel KEY="status"

[1 occurrence(s)]
DEBUG --> [MODEL_WHERE] App\Models\BudgetModel KEY={"created_by":2,"account_type":"Investment","status":1}

[1 occurrence(s)]
DEBUG --> [REQ_ID=86576cf049a0] [FILTER_AFTER]

[1 occurrence(s)]
DEBUG --> [REQ_ID=86576cf049a0] [LIFECYCLE][END] status=200 duration_ms=1,113.86 memory_delta=2097152

[1 occurrence(s)]
DEBUG --> [REQ_ID=86576cf049a0] [REQUEST][END]

[1 occurrence(s)]
DEBUG --> [REQ_ID=b7a4d602d86c] [REQUEST][START] GET /index.php/API/Investments/getConfidenceHeatmap?timeframe=5m&window=60

[1 occurrence(s)]
DEBUG --> [REQ_ID=b7a4d602d86c] [FILTER_BEFORE] /index.php/API/Investments/getConfidenceHeatmap?timeframe=5m&window=60

[1 occurrence(s)]
DEBUG --> [REQ_ID=b7a4d602d86c] [ROUTE] Controller=\App\Modules\APIs\Controllers\InvestmentsAPIController Method=getConfidenceHeatmap

[1 occurrence(s)]
DEBUG --> [REQ_ID=b7a4d602d86c] [LIFECYCLE][START] GET https://www.mymiwallet.com/index.php/API/Investments/getConfidenceHeatmap?timeframe=5m&window=60

[1 occurrence(s)]
DEBUG --> [REQ_ID=2c8edcf47c87] [INIT] App\Modules\APIs\Controllers\InvestmentsAPIController::GET

[1 occurrence(s)]
DEBUG --> [REQ_ID=b7a4d602d86c] [FILTER_AFTER]

[1 occurrence(s)]
DEBUG --> [REQ_ID=b7a4d602d86c] [LIFECYCLE][END] status=302 duration_ms=49.53 memory_delta=0

[1 occurrence(s)]
DEBUG --> [REQ_ID=b7a4d602d86c] [REQUEST][END]

[1 occurrence(s)]
DEBUG --> [REQ_ID=170f1222b9c5] [REQUEST][START] GET /index.php/Memberships

[1 occurrence(s)]
DEBUG --> [REQ_ID=170f1222b9c5] [FILTER_BEFORE] /index.php/Memberships

[1 occurrence(s)]
DEBUG --> [REQ_ID=170f1222b9c5] [ROUTE] Controller=\App\Controllers\Home Method=memberships

[1 occurrence(s)]
DEBUG --> [REQ_ID=170f1222b9c5] [LIFECYCLE][START] GET https://www.mymiwallet.com/index.php/Memberships

[1 occurrence(s)]
DEBUG --> [REQ_ID=0adbe4c48e8d] [INIT] App\Controllers\Home::GET

[1 occurrence(s)]
DEBUG --> [REQ_ID=386658417dcf] [REQUEST][START] GET /index.php/API/Investments/getForecastHighlights

[1 occurrence(s)]
DEBUG --> [REQ_ID=fe0e0f185433] [REQUEST][START] GET /index.php/API/Investments/getConfidenceHeatmap?timeframe=all&window=6h

[1 occurrence(s)]
DEBUG --> [REQ_ID=584e98665340] [REQUEST][START] GET /index.php/API/Investments/getForecastAccuracySummary?window=7d

[1 occurrence(s)]
DEBUG --> [REQ_ID=5c76264e7f04] [REQUEST][START] GET /index.php/ops/health

[1 occurrence(s)]
DEBUG --> [MetaService] slug=memberships pageName= cacheHit= path=DB

[1 occurrence(s)]
DEBUG --> [REQ_ID=0adbe4c48e8d] [VIEW_RENDER] themes/public/memberships

[1 occurrence(s)]
DEBUG --> [MetaService] slug=memberships pageName=Memberships cacheHit= path=DB

[1 occurrence(s)]
DEBUG --> [REQ_ID=170f1222b9c5] [FILTER_AFTER]

[1 occurrence(s)]
DEBUG --> [REQ_ID=170f1222b9c5] [LIFECYCLE][END] status=200 duration_ms=590.73 memory_delta=4194304

[1 occurrence(s)]
DEBUG --> [REQ_ID=170f1222b9c5] [REQUEST][END]

[1 occurrence(s)]
DEBUG --> [REQ_ID=386658417dcf] [FILTER_BEFORE] /index.php/API/Investments/getForecastHighlights

[1 occurrence(s)]
DEBUG --> [REQ_ID=386658417dcf] [ROUTE] Controller=\App\Modules\APIs\Controllers\InvestmentsAPIController Method=getForecastHighlights

[1 occurrence(s)]
DEBUG --> [REQ_ID=386658417dcf] [LIFECYCLE][START] GET https://www.mymiwallet.com/index.php/API/Investments/getForecastHighlights

[1 occurrence(s)]
DEBUG --> [REQ_ID=530f159e3315] [INIT] App\Modules\APIs\Controllers\InvestmentsAPIController::GET

[1 occurrence(s)]
DEBUG --> [REQ_ID=386658417dcf] [FILTER_AFTER]

[1 occurrence(s)]
DEBUG --> [REQ_ID=386658417dcf] [LIFECYCLE][END] status=200 duration_ms=409.84 memory_delta=2097152

[1 occurrence(s)]
DEBUG --> [REQ_ID=386658417dcf] [REQUEST][END]

[1 occurrence(s)]
DEBUG --> [REQ_ID=fe0e0f185433] [FILTER_BEFORE] /index.php/API/Investments/getConfidenceHeatmap?timeframe=all&window=6h

[1 occurrence(s)]
DEBUG --> [REQ_ID=fe0e0f185433] [ROUTE] Controller=\App\Modules\APIs\Controllers\InvestmentsAPIController Method=getConfidenceHeatmap

[1 occurrence(s)]
DEBUG --> [REQ_ID=fe0e0f185433] [LIFECYCLE][START] GET https://www.mymiwallet.com/index.php/API/Investments/getConfidenceHeatmap?timeframe=all&window=6h

[1 occurrence(s)]
DEBUG --> [REQ_ID=115103462ebb] [INIT] App\Modules\APIs\Controllers\InvestmentsAPIController::GET

[1 occurrence(s)]
DEBUG --> [REQ_ID=9fac9b4e920f] [REQUEST][START] GET /index.php/API/Investments/getForecastHighlights

[1 occurrence(s)]
DEBUG --> [REQ_ID=fe0e0f185433] [FILTER_AFTER]

[1 occurrence(s)]
DEBUG --> [REQ_ID=fe0e0f185433] [LIFECYCLE][END] status=302 duration_ms=133.26 memory_delta=2097152

[1 occurrence(s)]
DEBUG --> [REQ_ID=fe0e0f185433] [REQUEST][END]

[1 occurrence(s)]
DEBUG --> [REQ_ID=584e98665340] [FILTER_BEFORE] /index.php/API/Investments/getForecastAccuracySummary?window=7d

[1 occurrence(s)]
DEBUG --> [REQ_ID=584e98665340] [ROUTE] Controller=\App\Modules\APIs\Controllers\InvestmentsAPIController Method=getForecastAccuracySummary

[1 occurrence(s)]
DEBUG --> [REQ_ID=584e98665340] [LIFECYCLE][START] GET https://www.mymiwallet.com/index.php/API/Investments/getForecastAccuracySummary?window=7d

[1 occurrence(s)]
DEBUG --> [REQ_ID=475ff681ad90] [INIT] App\Modules\APIs\Controllers\InvestmentsAPIController::GET

[1 occurrence(s)]
DEBUG --> [REQ_ID=584e98665340] [FILTER_AFTER]

[1 occurrence(s)]
DEBUG --> [REQ_ID=584e98665340] [LIFECYCLE][END] status=302 duration_ms=132.57 memory_delta=2097152

[1 occurrence(s)]
DEBUG --> [REQ_ID=584e98665340] [REQUEST][END]

[1 occurrence(s)]
DEBUG --> [REQ_ID=5c76264e7f04] [FILTER_BEFORE] /index.php/ops/health

[1 occurrence(s)]
DEBUG --> [REQ_ID=5c76264e7f04] [ROUTE] Controller=\App\Controllers\OpsHealthController Method=index

[1 occurrence(s)]
DEBUG --> [REQ_ID=5c76264e7f04] [LIFECYCLE][START] GET https://www.mymiwallet.com/index.php/ops/health

[1 occurrence(s)]
DEBUG --> [REQ_ID=912b12c5847a] [INIT] App\Controllers\OpsHealthController::GET

[1 occurrence(s)]
DEBUG --> [REQ_ID=912b12c5847a] [METHOD_ENTRY] index

[1 occurrence(s)]
DEBUG --> [REQ_ID=1d941ac29a2d] [REQUEST][START] GET /index.php/Memberships

[1 occurrence(s)]
DEBUG --> [REQ_ID=5c76264e7f04] [FILTER_AFTER]

[1 occurrence(s)]
DEBUG --> [REQ_ID=5c76264e7f04] [LIFECYCLE][END] status=404 duration_ms=94.32 memory_delta=2097152

[1 occurrence(s)]
DEBUG --> [REQ_ID=5c76264e7f04] [REQUEST][END]

[1 occurrence(s)]
DEBUG --> [REQ_ID=9fac9b4e920f] [FILTER_BEFORE] /index.php/API/Investments/getForecastHighlights

[1 occurrence(s)]
DEBUG --> [REQ_ID=9fac9b4e920f] [ROUTE] Controller=\App\Modules\APIs\Controllers\InvestmentsAPIController Method=getForecastHighlights

[1 occurrence(s)]
DEBUG --> [REQ_ID=9fac9b4e920f] [LIFECYCLE][START] GET https://www.mymiwallet.com/index.php/API/Investments/getForecastHighlights

[1 occurrence(s)]
DEBUG --> [REQ_ID=14dc51dedd1d] [INIT] App\Modules\APIs\Controllers\InvestmentsAPIController::GET

[1 occurrence(s)]
DEBUG --> [REQ_ID=9fac9b4e920f] [FILTER_AFTER]

[1 occurrence(s)]
DEBUG --> [REQ_ID=9fac9b4e920f] [LIFECYCLE][END] status=200 duration_ms=15.10 memory_delta=0

[1 occurrence(s)]
DEBUG --> [REQ_ID=9fac9b4e920f] [REQUEST][END]

[1 occurrence(s)]
DEBUG --> [REQ_ID=1d941ac29a2d] [FILTER_BEFORE] /index.php/Memberships

[1 occurrence(s)]
DEBUG --> [REQ_ID=1d941ac29a2d] [ROUTE] Controller=\App\Controllers\Home Method=memberships

[1 occurrence(s)]
DEBUG --> [REQ_ID=1d941ac29a2d] [LIFECYCLE][START] GET https://www.mymiwallet.com/index.php/Memberships

[1 occurrence(s)]
DEBUG --> [REQ_ID=92e5c2023abc] [INIT] App\Controllers\Home::GET

[2 occurrence(s)]
DEBUG --> [MetaService] slug=memberships pageName= cacheHit=1 path=CACHE

[1 occurrence(s)]
DEBUG --> [REQ_ID=92e5c2023abc] [VIEW_RENDER] themes/public/memberships

[2 occurrence(s)]
DEBUG --> [MetaService] slug=memberships pageName=Memberships cacheHit=1 path=CACHE

[1 occurrence(s)]
DEBUG --> [REQ_ID=1d941ac29a2d] [FILTER_AFTER]

[1 occurrence(s)]
DEBUG --> [REQ_ID=1d941ac29a2d] [LIFECYCLE][END] status=200 duration_ms=556.62 memory_delta=4194304

[1 occurrence(s)]
DEBUG --> [REQ_ID=1d941ac29a2d] [REQUEST][END]

[1 occurrence(s)]
DEBUG --> [REQ_ID=a4a6d9a74e04] [REQUEST][START] GET /index.php/Memberships

[1 occurrence(s)]
DEBUG --> [REQ_ID=a4a6d9a74e04] [FILTER_BEFORE] /index.php/Memberships

[1 occurrence(s)]
DEBUG --> [REQ_ID=a4a6d9a74e04] [ROUTE] Controller=\App\Controllers\Home Method=memberships

[1 occurrence(s)]
DEBUG --> [REQ_ID=a4a6d9a74e04] [LIFECYCLE][START] GET https://www.mymiwallet.com/index.php/Memberships

[1 occurrence(s)]
DEBUG --> [REQ_ID=2281ab00642a] [INIT] App\Controllers\Home::GET

[1 occurrence(s)]
DEBUG --> [REQ_ID=2281ab00642a] [VIEW_RENDER] themes/public/memberships

[1 occurrence(s)]
DEBUG --> [REQ_ID=a4a6d9a74e04] [FILTER_AFTER]

[1 occurrence(s)]
DEBUG --> [REQ_ID=a4a6d9a74e04] [LIFECYCLE][END] status=200 duration_ms=529.94 memory_delta=2097152

[1 occurrence(s)]
DEBUG --> [REQ_ID=a4a6d9a74e04] [REQUEST][END]

[199 occurrence(s)]
DEBUG --> AlphaVantage::searchSymbol returned no matches for ADDED

[200 occurrence(s)]
DEBUG --> AlphaVantage::searchSymbol returned no matches for XMLNS

[200 occurrence(s)]
DEBUG --> AlphaVantage::searchSymbol returned no matches for HTTP

[200 occurrence(s)]
DEBUG --> AlphaVantage::searchSymbol returned no matches for EQUIV

[200 occurrence(s)]
DEBUG --> AlphaVantage::searchSymbol returned no matches for TYPE

[200 occurrence(s)]
DEBUG --> AlphaVantage::searchSymbol returned no matches for ENDIF

[200 occurrence(s)]
DEBUG --> AlphaVantage::searchSymbol returned no matches for WIDTH

[200 occurrence(s)]
DEBUG --> AlphaVantage::searchSymbol returned no matches for TITLE

[41 occurrence(s)]
DEBUG --> AlphaVantage::searchSymbol returned no matches for WAS

[199 occurrence(s)]
DEBUG --> AlphaVantage::searchSymbol returned no matches for ORG

[199 occurrence(s)]
DEBUG --> AlphaVantage::searchSymbol returned no matches for URN

[199 occurrence(s)]
DEBUG --> AlphaVantage::searchSymbol returned no matches for VML

[199 occurrence(s)]
DEBUG --> AlphaVantage::searchSymbol returned no matches for LANG

[199 occurrence(s)]
DEBUG --> AlphaVantage::searchSymbol returned no matches for XML

[199 occurrence(s)]
DEBUG --> AlphaVantage::searchSymbol returned no matches for HEAD

[199 occurrence(s)]
DEBUG --> AlphaVantage::searchSymbol returned no matches for TEXT

[199 occurrence(s)]
DEBUG --> AlphaVantage::searchSymbol returned no matches for MSO

[198 occurrence(s)]
DEBUG --> AlphaVantage::searchSymbol returned no matches for EDGE

[199 occurrence(s)]
DEBUG --> AlphaVantage::searchSymbol returned no matches for NAME

[199 occurrence(s)]
DEBUG --> AlphaVantage::searchSymbol returned no matches for SCALE

[199 occurrence(s)]
DEBUG --> AlphaVantage::searchSymbol returned no matches for INC

[198 occurrence(s)]
DEBUG --> AlphaVantage::searchSymbol returned no matches for STYLE

[198 occurrence(s)]
DEBUG --> AlphaVantage::searchSymbol returned no matches for NEW

[157 occurrence(s)]
DEBUG --> AlphaVantage::searchSymbol returned no matches for WERE

[86 occurrence(s)]
DEBUG --> AlphaVantage::searchSymbol returned no matches for STOCK

[1 occurrence(s)]
DEBUG --> AlphaVantage::searchSymbol returned no matches for MAYAU

[1 occurrence(s)]
DEBUG --> AlphaVantage::searchSymbol returned no matches for BMLPJ

[1 occurrence(s)]
DEBUG --> AlphaVantage::searchSymbol returned no matches for TPA

[1 occurrence(s)]
DEBUG --> AlphaVantage::searchSymbol returned no matches for HSPT

[2 occurrence(s)]
DEBUG --> AlphaVantage::searchSymbol returned no matches for BACPL

[1 occurrence(s)]
DEBUG --> AlphaVantage::searchSymbol returned no matches for CPN

[1 occurrence(s)]
DEBUG --> [REQ_ID=f251c26b2498] [REQUEST][START] GET /index.php/API/Management/Run-CRON-Tasks

[1 occurrence(s)]
DEBUG --> [REQ_ID=f251c26b2498] [FILTER_BEFORE] /index.php/API/Management/Run-CRON-Tasks

[1 occurrence(s)]
DEBUG --> [REQ_ID=f251c26b2498] [ROUTE] Controller=\App\Modules\APIs\Controllers\ManagementAPIController Method=Run_CRON_Tasks

[1 occurrence(s)]
DEBUG --> [REQ_ID=f251c26b2498] [LIFECYCLE][START] GET https://www.mymiwallet.com/index.php/API/Management/Run-CRON-Tasks

[1 occurrence(s)]
DEBUG --> [REQ_ID=f251c26b2498] [REQUEST][END]

[1 occurrence(s)]
DEBUG --> [REQ_ID=2fc4d092c493] [REQUEST][START] GET /index.php/Wallets/Purchase/Memberships

[1 occurrence(s)]
DEBUG --> [REQ_ID=2fc4d092c493] [REQUEST][END]

[1 occurrence(s)]
DEBUG --> [REQ_ID=8f8ef8cac005] [REQUEST][START] GET /index.php/API/Alerts/fetchEmailAlerts

[1 occurrence(s)]
DEBUG --> [REQ_ID=8f8ef8cac005] [FILTER_BEFORE] /index.php/API/Alerts/fetchEmailAlerts

[1 occurrence(s)]
DEBUG --> [REQ_ID=8f8ef8cac005] [ROUTE] Controller=\App\Modules\APIs\Controllers\AlertsAPIController Method=fetchEmailAlerts

[1 occurrence(s)]
DEBUG --> [REQ_ID=8f8ef8cac005] [LIFECYCLE][START] GET https://www.mymiwallet.com/index.php/API/Alerts/fetchEmailAlerts

[1 occurrence(s)]
DEBUG --> [REQ_ID=8f8ef8cac005] [REQUEST][END]

[1 occurrence(s)]
DEBUG --> [REQ_ID=fd29a14edb4c] [REQUEST][START] GET /index.php/logout

[1 occurrence(s)]
DEBUG --> [REQ_ID=fd29a14edb4c] [REQUEST][END]

[1 occurrence(s)]
DEBUG --> [REQ_ID=b060b0def1d2] [REQUEST][START] GET /index.php/Management/Marketing/Schedule

[1 occurrence(s)]
DEBUG --> [REQ_ID=b060b0def1d2] [REQUEST][END]

[1 occurrence(s)]
DEBUG --> [REQ_ID=eac11bf23fd0] [REQUEST][START] GET /index.php/Blog

[1 occurrence(s)]
DEBUG --> [REQ_ID=eac11bf23fd0] [REQUEST][END]

[1 occurrence(s)]
DEBUG --> [REQ_ID=d6529f8627a6] [REQUEST][START] GET /

[1 occurrence(s)]
DEBUG --> [REQ_ID=d6529f8627a6] [FILTER_BEFORE] /

[1 occurrence(s)]
DEBUG --> [REQ_ID=d6529f8627a6] [ROUTE] Controller=\App\Controllers\Home Method=index

[1 occurrence(s)]
DEBUG --> [REQ_ID=d6529f8627a6] [LIFECYCLE][START] GET https://www.mymiwallet.com/index.php/

[1 occurrence(s)]
DEBUG --> [CSRF] token name=csrf_test_name hash=b15b67d2bd19eddd62a128033b6eff3a

[1 occurrence(s)]
DEBUG --> [REQ_ID=7f0ed220a2eb] [INIT] App\Controllers\Home::GET

[1 occurrence(s)]
DEBUG --> [REQ_ID=7f0ed220a2eb] [VIEW_RENDER] themes/public/home

[1 occurrence(s)]
DEBUG --> [REQ_ID=d6529f8627a6] [FILTER_AFTER]

[1 occurrence(s)]
DEBUG --> [REQ_ID=d6529f8627a6] [LIFECYCLE][END] status=200 duration_ms=637.75 memory_delta=6291456

[1 occurrence(s)]
DEBUG --> [REQ_ID=d6529f8627a6] [REQUEST][END]

[1 occurrence(s)]
DEBUG --> [REQ_ID=96ea33bc4c13] [REQUEST][START] GET /

[1 occurrence(s)]
DEBUG --> [REQ_ID=96ea33bc4c13] [FILTER_BEFORE] /

[1 occurrence(s)]
DEBUG --> [REQ_ID=96ea33bc4c13] [ROUTE] Controller=\App\Controllers\Home Method=index

[1 occurrence(s)]
DEBUG --> [REQ_ID=96ea33bc4c13] [LIFECYCLE][START] GET https://www.mymiwallet.com/index.php/

[1 occurrence(s)]
DEBUG --> [CSRF] token name=csrf_test_name hash=5c074048268f145317c99ffc3117480f

[1 occurrence(s)]
DEBUG --> [REQ_ID=0445d0987ff2] [INIT] App\Controllers\Home::GET

[4 occurrence(s)]
DEBUG --> [MetaService] slug= pageName= cacheHit=1 path=CACHE

[1 occurrence(s)]
DEBUG --> [REQ_ID=0445d0987ff2] [VIEW_RENDER] themes/public/home

[5 occurrence(s)]
DEBUG --> [MetaService] slug= pageName=Home cacheHit=1 path=CACHE

[1 occurrence(s)]
DEBUG --> [REQ_ID=96ea33bc4c13] [FILTER_AFTER]

[1 occurrence(s)]
DEBUG --> [REQ_ID=96ea33bc4c13] [LIFECYCLE][END] status=200 duration_ms=657.90 memory_delta=6291456

[1 occurrence(s)]
DEBUG --> [REQ_ID=96ea33bc4c13] [REQUEST][END]

[1 occurrence(s)]
DEBUG --> [REQ_ID=7baa66ac9e76] [REQUEST][START] GET /index.php/API/Management/Run-CRON-Tasks

[1 occurrence(s)]
DEBUG --> [REQ_ID=7baa66ac9e76] [FILTER_BEFORE] /index.php/API/Management/Run-CRON-Tasks

[1 occurrence(s)]
DEBUG --> [REQ_ID=7baa66ac9e76] [ROUTE] Controller=\App\Modules\APIs\Controllers\ManagementAPIController Method=Run_CRON_Tasks

[1 occurrence(s)]
DEBUG --> [REQ_ID=7baa66ac9e76] [LIFECYCLE][START] GET https://www.mymiwallet.com/index.php/API/Management/Run-CRON-Tasks

[1 occurrence(s)]
DEBUG --> [REQ_ID=7baa66ac9e76] [REQUEST][END]

[1 occurrence(s)]
DEBUG --> [REQ_ID=68a0e21e6d4f] [REQUEST][START] GET /

[1 occurrence(s)]
DEBUG --> [REQ_ID=68a0e21e6d4f] [FILTER_BEFORE] /

[1 occurrence(s)]
DEBUG --> [REQ_ID=68a0e21e6d4f] [ROUTE] Controller=\App\Controllers\Home Method=index

[1 occurrence(s)]
DEBUG --> [REQ_ID=68a0e21e6d4f] [LIFECYCLE][START] GET https://www.mymiwallet.com/index.php/

[1 occurrence(s)]
DEBUG --> [CSRF] token name=csrf_test_name hash=e3a2c21adb4df6c5051a75edf8f4d98b

[1 occurrence(s)]
DEBUG --> [REQ_ID=5ac10f13927c] [INIT] App\Controllers\Home::GET

[1 occurrence(s)]
DEBUG --> [REQ_ID=5ac10f13927c] [VIEW_RENDER] themes/public/home

[1 occurrence(s)]
DEBUG --> [REQ_ID=68a0e21e6d4f] [FILTER_AFTER]

[1 occurrence(s)]
DEBUG --> [REQ_ID=68a0e21e6d4f] [LIFECYCLE][END] status=200 duration_ms=699.53 memory_delta=6291456

[1 occurrence(s)]
DEBUG --> [REQ_ID=68a0e21e6d4f] [REQUEST][END]

[1 occurrence(s)]
DEBUG --> [REQ_ID=68b4661d86da] [REQUEST][START] GET /index.php/API/Alerts/fetchEmailAlerts

[1 occurrence(s)]
DEBUG --> [REQ_ID=68b4661d86da] [FILTER_BEFORE] /index.php/API/Alerts/fetchEmailAlerts

[1 occurrence(s)]
DEBUG --> [REQ_ID=68b4661d86da] [ROUTE] Controller=\App\Modules\APIs\Controllers\AlertsAPIController Method=fetchEmailAlerts

[1 occurrence(s)]
DEBUG --> [REQ_ID=68b4661d86da] [LIFECYCLE][START] GET https://www.mymiwallet.com/index.php/API/Alerts/fetchEmailAlerts

[1 occurrence(s)]
DEBUG --> [REQ_ID=68b4661d86da] [REQUEST][END]

[1 occurrence(s)]
DEBUG --> [REQ_ID=a97644ca3af6] [REQUEST][START] GET /

[1 occurrence(s)]
DEBUG --> [REQ_ID=a97644ca3af6] [FILTER_BEFORE] /

[1 occurrence(s)]
DEBUG --> [REQ_ID=a97644ca3af6] [ROUTE] Controller=\App\Controllers\Home Method=index

[1 occurrence(s)]
DEBUG --> [REQ_ID=a97644ca3af6] [LIFECYCLE][START] GET https://www.mymiwallet.com/index.php/

[1 occurrence(s)]
DEBUG --> [CSRF] token name=csrf_test_name hash=95a171159d5da3a905452b9f86f76a30

[1 occurrence(s)]
DEBUG --> [REQ_ID=878491f0c25d] [INIT] App\Controllers\Home::GET

[1 occurrence(s)]
DEBUG --> [REQ_ID=878491f0c25d] [VIEW_RENDER] themes/public/home

[1 occurrence(s)]
DEBUG --> [REQ_ID=a97644ca3af6] [FILTER_AFTER]

[1 occurrence(s)]
DEBUG --> [REQ_ID=a97644ca3af6] [LIFECYCLE][END] status=200 duration_ms=599.89 memory_delta=4194304

[1 occurrence(s)]
DEBUG --> [REQ_ID=a97644ca3af6] [REQUEST][END]

[1 occurrence(s)]
DEBUG --> [REQ_ID=c128598d31f3] [REQUEST][START] GET /index.php/Account

[1 occurrence(s)]
DEBUG --> [REQ_ID=c128598d31f3] [REQUEST][END]

[1 occurrence(s)]
DEBUG --> [REQ_ID=56079d4803f2] [REQUEST][START] GET /index.php/Knowledgebase

[1 occurrence(s)]
DEBUG --> [REQ_ID=56079d4803f2] [FILTER_BEFORE] /index.php/Knowledgebase

[1 occurrence(s)]
DEBUG --> [REQ_ID=56079d4803f2] [ROUTE] Controller=\App\Modules\User\Controllers\KnowledgebaseController Method=index

[1 occurrence(s)]
DEBUG --> [REQ_ID=56079d4803f2] [LIFECYCLE][START] GET https://www.mymiwallet.com/index.php/Knowledgebase

[1 occurrence(s)]
DEBUG --> [CSRF] token name=csrf_test_name hash=a2d4c0a983637358da4f9ad8ef5097eb

[1 occurrence(s)]
DEBUG --> [REQ_ID=56079d4803f2] [REQUEST][END]

[1 occurrence(s)]
DEBUG --> [REQ_ID=3cabb178ae37] [REQUEST][START] GET /index.php/login

[1 occurrence(s)]
DEBUG --> [REQ_ID=3cabb178ae37] [FILTER_BEFORE] /index.php/login

[1 occurrence(s)]
DEBUG --> [REQ_ID=3cabb178ae37] [ROUTE] Controller=\App\Controllers\AuthController Method=login

[1 occurrence(s)]
DEBUG --> [REQ_ID=3cabb178ae37] [LIFECYCLE][START] GET https://www.mymiwallet.com/index.php/login

[1 occurrence(s)]
DEBUG --> [CSRF] token name=csrf_test_name hash=67ec6c1be17f2d94418f5a0f0e9c4087

[1 occurrence(s)]
DEBUG --> [REQ_ID=ee4ae1a17ec1] [INIT] App\Controllers\AuthController::GET

[1 occurrence(s)]
DEBUG --> [REQ_ID=3cabb178ae37] [FILTER_AFTER]

[1 occurrence(s)]
DEBUG --> [REQ_ID=3cabb178ae37] [LIFECYCLE][END] status=200 duration_ms=66.12 memory_delta=0

[1 occurrence(s)]
DEBUG --> [REQ_ID=3cabb178ae37] [REQUEST][END]

[1 occurrence(s)]
DEBUG --> [REQ_ID=f05561706035] [REQUEST][START] GET /

[1 occurrence(s)]
DEBUG --> [REQ_ID=f05561706035] [FILTER_BEFORE] /

[1 occurrence(s)]
DEBUG --> [REQ_ID=f05561706035] [ROUTE] Controller=\App\Controllers\Home Method=index

[1 occurrence(s)]
DEBUG --> [REQ_ID=f05561706035] [LIFECYCLE][START] GET https://www.mymiwallet.com/index.php/

[1 occurrence(s)]
DEBUG --> [CSRF] token name=csrf_test_name hash=0498d6e75bbf25ee5b18a675904d7486

[1 occurrence(s)]
DEBUG --> [REQ_ID=0104935ec68c] [INIT] App\Controllers\Home::GET

[1 occurrence(s)]
DEBUG --> [REQ_ID=0104935ec68c] [VIEW_RENDER] themes/public/home

[1 occurrence(s)]
DEBUG --> [REQ_ID=f05561706035] [FILTER_AFTER]

[1 occurrence(s)]
DEBUG --> [REQ_ID=f05561706035] [LIFECYCLE][END] status=200 duration_ms=812.49 memory_delta=6291456

[1 occurrence(s)]
DEBUG --> [REQ_ID=f05561706035] [REQUEST][END]

[1 occurrence(s)]
DEBUG --> [REQ_ID=ade1f536704f] [REQUEST][START] GET /index.php/Budget

[1 occurrence(s)]
DEBUG --> [REQ_ID=ade1f536704f] [FILTER_BEFORE] /index.php/Budget

[1 occurrence(s)]
DEBUG --> [REQ_ID=ade1f536704f] [ROUTE] Controller=\App\Modules\User\Controllers\BudgetController Method=index

[1 occurrence(s)]
DEBUG --> [REQ_ID=ade1f536704f] [LIFECYCLE][START] GET https://www.mymiwallet.com/index.php/Budget

[1 occurrence(s)]
DEBUG --> [CSRF] token name=csrf_test_name hash=0f680616395a537ad63c6b8d7154d3d2

[1 occurrence(s)]
DEBUG --> [REQ_ID=ade1f536704f] [REQUEST][END]

[1 occurrence(s)]
DEBUG --> [REQ_ID=3f88bf1865aa] [REQUEST][START] GET /index.php/login

[1 occurrence(s)]
DEBUG --> [REQ_ID=3f88bf1865aa] [FILTER_BEFORE] /index.php/login

[1 occurrence(s)]
DEBUG --> [REQ_ID=3f88bf1865aa] [ROUTE] Controller=\App\Controllers\AuthController Method=login

[1 occurrence(s)]
DEBUG --> [REQ_ID=3f88bf1865aa] [LIFECYCLE][START] GET https://www.mymiwallet.com/index.php/login

[1 occurrence(s)]
DEBUG --> [CSRF] token name=csrf_test_name hash=cfad53a9723b30d0dadead697760aa32

[1 occurrence(s)]
DEBUG --> [REQ_ID=a7fc6297ef55] [INIT] App\Controllers\AuthController::GET

[1 occurrence(s)]
DEBUG --> [REQ_ID=3f88bf1865aa] [FILTER_AFTER]

[1 occurrence(s)]
DEBUG --> [REQ_ID=3f88bf1865aa] [LIFECYCLE][END] status=200 duration_ms=55.18 memory_delta=0

[1 occurrence(s)]
DEBUG --> [REQ_ID=3f88bf1865aa] [REQUEST][END]

[1 occurrence(s)]
DEBUG --> [REQ_ID=06f9716ef189] [REQUEST][START] GET /index.php/API/Management/Run-CRON-Tasks

[1 occurrence(s)]
DEBUG --> [REQ_ID=06f9716ef189] [FILTER_BEFORE] /index.php/API/Management/Run-CRON-Tasks

[1 occurrence(s)]
DEBUG --> [REQ_ID=06f9716ef189] [ROUTE] Controller=\App\Modules\APIs\Controllers\ManagementAPIController Method=Run_CRON_Tasks

[1 occurrence(s)]
DEBUG --> [REQ_ID=06f9716ef189] [LIFECYCLE][START] GET https://www.mymiwallet.com/index.php/API/Management/Run-CRON-Tasks

[1 occurrence(s)]
DEBUG --> [REQ_ID=06f9716ef189] [REQUEST][END]

[1 occurrence(s)]
DEBUG --> [REQ_ID=5ee9c40e5fab] [REQUEST][START] GET /

[1 occurrence(s)]
DEBUG --> [REQ_ID=5ee9c40e5fab] [FILTER_BEFORE] /

[1 occurrence(s)]
DEBUG --> [REQ_ID=5ee9c40e5fab] [ROUTE] Controller=\App\Controllers\Home Method=index

[1 occurrence(s)]
DEBUG --> [REQ_ID=5ee9c40e5fab] [LIFECYCLE][START] GET https://www.mymiwallet.com/index.php/

[1 occurrence(s)]
DEBUG --> [CSRF] token name=csrf_test_name hash=4b663ffcc19b759edb42fc0605436619

[1 occurrence(s)]
DEBUG --> [REQ_ID=ad58f3494e2d] [INIT] App\Controllers\Home::GET

[1 occurrence(s)]
DEBUG --> [REQ_ID=ad58f3494e2d] [VIEW_RENDER] themes/public/home

[1 occurrence(s)]
DEBUG --> [REQ_ID=5ee9c40e5fab] [FILTER_AFTER]

[1 occurrence(s)]
DEBUG --> [REQ_ID=5ee9c40e5fab] [LIFECYCLE][END] status=200 duration_ms=762.98 memory_delta=6291456

[1 occurrence(s)]
DEBUG --> [REQ_ID=5ee9c40e5fab] [REQUEST][END]

[1 occurrence(s)]
DEBUG --> [REQ_ID=61bedc5f35a9] [REQUEST][START] GET /index.php/API/Alerts/fetchEmailAlerts

[1 occurrence(s)]
DEBUG --> [REQ_ID=61bedc5f35a9] [FILTER_BEFORE] /index.php/API/Alerts/fetchEmailAlerts

[1 occurrence(s)]
DEBUG --> [REQ_ID=61bedc5f35a9] [ROUTE] Controller=\App\Modules\APIs\Controllers\AlertsAPIController Method=fetchEmailAlerts

[1 occurrence(s)]
DEBUG --> [REQ_ID=61bedc5f35a9] [LIFECYCLE][START] GET https://www.mymiwallet.com/index.php/API/Alerts/fetchEmailAlerts

[1 occurrence(s)]
DEBUG --> [REQ_ID=61bedc5f35a9] [REQUEST][END]

[1 occurrence(s)]
DEBUG --> [REQ_ID=9ca21ba2b3c2] [REQUEST][START] GET /index.php/How-It-Works/MyMI-Gold

[1 occurrence(s)]
DEBUG --> [REQ_ID=9ca21ba2b3c2] [FILTER_BEFORE] /index.php/How-It-Works/MyMI-Gold

[1 occurrence(s)]
DEBUG --> [REQ_ID=9ca21ba2b3c2] [ROUTE] Controller=\App\Modules\Blog\Controllers\HowItWorksController Method=show

[1 occurrence(s)]
DEBUG --> [REQ_ID=9ca21ba2b3c2] [LIFECYCLE][START] GET https://www.mymiwallet.com/index.php/How-It-Works/MyMI-Gold

[1 occurrence(s)]
DEBUG --> [CSRF] token name=csrf_test_name hash=7aacec5560280062648643925f96282f

[1 occurrence(s)]
DEBUG --> [REQ_ID=abc9fc9b4a1c] [INIT] App\Modules\Blog\Controllers\HowItWorksController::GET

[1 occurrence(s)]
DEBUG --> [REQ_ID=abc9fc9b4a1c] [METHOD_ENTRY] show

[13 occurrence(s)]
DEBUG --> MyMIWallets initialized without numeric user context.

[13 occurrence(s)]
DEBUG --> MyMIWallets skipped (no user context)

[1 occurrence(s)]
DEBUG --> [HOW_IT_WORKS] slug=mymi-gold

[1 occurrence(s)]
DEBUG --> [REQ_ID=9ca21ba2b3c2] [FILTER_AFTER]

[1 occurrence(s)]
DEBUG --> [REQ_ID=9ca21ba2b3c2] [LIFECYCLE][END] status=200 duration_ms=747.04 memory_delta=6291456

[1 occurrence(s)]
DEBUG --> [REQ_ID=9ca21ba2b3c2] [REQUEST][END]

[1 occurrence(s)]
DEBUG --> [REQ_ID=c594584e8819] [REQUEST][START] GET /index.php/API/Management/Run-CRON-Tasks

[1 occurrence(s)]
DEBUG --> [REQ_ID=c594584e8819] [FILTER_BEFORE] /index.php/API/Management/Run-CRON-Tasks

[1 occurrence(s)]
DEBUG --> [REQ_ID=c594584e8819] [ROUTE] Controller=\App\Modules\APIs\Controllers\ManagementAPIController Method=Run_CRON_Tasks

[1 occurrence(s)]
DEBUG --> [REQ_ID=c594584e8819] [LIFECYCLE][START] GET https://www.mymiwallet.com/index.php/API/Management/Run-CRON-Tasks

[1 occurrence(s)]
DEBUG --> [REQ_ID=c594584e8819] [REQUEST][END]

[1 occurrence(s)]
DEBUG --> [REQ_ID=8b1650588371] [REQUEST][START] GET /index.php/login

[1 occurrence(s)]
DEBUG --> [REQ_ID=8b1650588371] [FILTER_BEFORE] /index.php/login

[1 occurrence(s)]
DEBUG --> [REQ_ID=8b1650588371] [ROUTE] Controller=\App\Controllers\AuthController Method=login

[1 occurrence(s)]
DEBUG --> [REQ_ID=8b1650588371] [LIFECYCLE][START] GET https://www.mymiwallet.com/index.php/login

[1 occurrence(s)]
DEBUG --> [CSRF] token name=csrf_test_name hash=5ebc2c93fab3c2a278371656772e056c

[1 occurrence(s)]
DEBUG --> [REQ_ID=bbc195a9a1b8] [INIT] App\Controllers\AuthController::GET

[1 occurrence(s)]
DEBUG --> [REQ_ID=8b1650588371] [FILTER_AFTER]

[1 occurrence(s)]
DEBUG --> [REQ_ID=8b1650588371] [LIFECYCLE][END] status=200 duration_ms=31.75 memory_delta=0

[1 occurrence(s)]
DEBUG --> [REQ_ID=8b1650588371] [REQUEST][END]

[1 occurrence(s)]
DEBUG --> [REQ_ID=3eb3331b652c] [REQUEST][START] GET /index.php/Budget

[1 occurrence(s)]
DEBUG --> [REQ_ID=3eb3331b652c] [FILTER_BEFORE] /index.php/Budget

[1 occurrence(s)]
DEBUG --> [REQ_ID=3eb3331b652c] [ROUTE] Controller=\App\Modules\User\Controllers\BudgetController Method=index

[1 occurrence(s)]
DEBUG --> [REQ_ID=3eb3331b652c] [LIFECYCLE][START] GET https://www.mymiwallet.com/index.php/Budget

[1 occurrence(s)]
DEBUG --> [CSRF] token name=csrf_test_name hash=54aee6d477ec184cc30e5b99c190ddcc

[1 occurrence(s)]
DEBUG --> [REQ_ID=3eb3331b652c] [REQUEST][END]

[1 occurrence(s)]
DEBUG --> [REQ_ID=7d267b75b524] [REQUEST][START] GET /index.php/login

[1 occurrence(s)]
DEBUG --> [REQ_ID=7d267b75b524] [FILTER_BEFORE] /index.php/login

[1 occurrence(s)]
DEBUG --> [REQ_ID=7d267b75b524] [ROUTE] Controller=\App\Controllers\AuthController Method=login

[1 occurrence(s)]
DEBUG --> [REQ_ID=7d267b75b524] [LIFECYCLE][START] GET https://www.mymiwallet.com/index.php/login

[1 occurrence(s)]
DEBUG --> [CSRF] token name=csrf_test_name hash=664119f4d98eb19e71edca1ff7081a47

[1 occurrence(s)]
DEBUG --> [REQ_ID=44c5ea07c4d5] [INIT] App\Controllers\AuthController::GET

[1 occurrence(s)]
DEBUG --> [REQ_ID=7d267b75b524] [FILTER_AFTER]

[1 occurrence(s)]
DEBUG --> [REQ_ID=7d267b75b524] [LIFECYCLE][END] status=200 duration_ms=166.13 memory_delta=0

[1 occurrence(s)]
DEBUG --> [REQ_ID=7d267b75b524] [REQUEST][END]

[1 occurrence(s)]
DEBUG --> [REQ_ID=55af4cb538f8] [REQUEST][START] GET /index.php/API/Alerts/fetchEmailAlerts

[1 occurrence(s)]
DEBUG --> [REQ_ID=55af4cb538f8] [FILTER_BEFORE] /index.php/API/Alerts/fetchEmailAlerts

[1 occurrence(s)]
DEBUG --> [REQ_ID=55af4cb538f8] [ROUTE] Controller=\App\Modules\APIs\Controllers\AlertsAPIController Method=fetchEmailAlerts

[1 occurrence(s)]
DEBUG --> [REQ_ID=55af4cb538f8] [LIFECYCLE][START] GET https://www.mymiwallet.com/index.php/API/Alerts/fetchEmailAlerts

[1 occurrence(s)]
DEBUG --> [REQ_ID=55af4cb538f8] [REQUEST][END]

[1 occurrence(s)]
DEBUG --> [REQ_ID=d3b7ad04861b] [REQUEST][START] GET /index.php/activate

[1 occurrence(s)]
DEBUG --> [REQ_ID=d3b7ad04861b] [REQUEST][END]

[1 occurrence(s)]
DEBUG --> [REQ_ID=a38bbf22d4b6] [REQUEST][START] GET /

[1 occurrence(s)]
DEBUG --> [REQ_ID=a38bbf22d4b6] [FILTER_BEFORE] /

[1 occurrence(s)]
DEBUG --> [REQ_ID=a38bbf22d4b6] [ROUTE] Controller=\App\Controllers\Home Method=index

[1 occurrence(s)]
DEBUG --> [REQ_ID=a38bbf22d4b6] [LIFECYCLE][START] GET https://www.mymiwallet.com/index.php/

[1 occurrence(s)]
DEBUG --> [CSRF] token name=csrf_test_name hash=32fe152dad0f7050a7f2539f15492021

[1 occurrence(s)]
DEBUG --> [REQ_ID=f196a703c296] [INIT] App\Controllers\Home::GET

[1 occurrence(s)]
DEBUG --> [REQ_ID=f196a703c296] [VIEW_RENDER] themes/public/home

[1 occurrence(s)]
DEBUG --> [REQ_ID=a38bbf22d4b6] [FILTER_AFTER]

[1 occurrence(s)]
DEBUG --> [REQ_ID=a38bbf22d4b6] [LIFECYCLE][END] status=200 duration_ms=623.02 memory_delta=6291456

[1 occurrence(s)]
DEBUG --> [REQ_ID=a38bbf22d4b6] [REQUEST][END]

[1 occurrence(s)]
DEBUG --> [REQ_ID=5500cb9adf18] [REQUEST][START] GET /index.php/How-It-Works/Investment-Portfolio-Management

[1 occurrence(s)]
DEBUG --> [REQ_ID=5500cb9adf18] [FILTER_BEFORE] /index.php/How-It-Works/Investment-Portfolio-Management

[1 occurrence(s)]
DEBUG --> [REQ_ID=5500cb9adf18] [ROUTE] Controller=\App\Modules\Blog\Controllers\HowItWorksController Method=show

[1 occurrence(s)]
DEBUG --> [REQ_ID=5500cb9adf18] [LIFECYCLE][START] GET https://www.mymiwallet.com/index.php/How-It-Works/Investment-Portfolio-Management

[1 occurrence(s)]
DEBUG --> [CSRF] token name=csrf_test_name hash=57c85f0356d1579315e282963b6e82d8

[1 occurrence(s)]
DEBUG --> [REQ_ID=5d301cf1537c] [INIT] App\Modules\Blog\Controllers\HowItWorksController::GET

[1 occurrence(s)]
DEBUG --> [REQ_ID=5d301cf1537c] [METHOD_ENTRY] show

[1 occurrence(s)]
DEBUG --> [HOW_IT_WORKS] slug=investment-portfolio-management

[1 occurrence(s)]
DEBUG --> [REQ_ID=5500cb9adf18] [FILTER_AFTER]

[1 occurrence(s)]
DEBUG --> [REQ_ID=5500cb9adf18] [LIFECYCLE][END] status=200 duration_ms=600.08 memory_delta=2097152

[1 occurrence(s)]
DEBUG --> [REQ_ID=5500cb9adf18] [REQUEST][END]

[1 occurrence(s)]
DEBUG --> [REQ_ID=ee386fc6242e] [REQUEST][START] GET /index.php/How-It-Works/Automated-Financial-Insights

[1 occurrence(s)]
DEBUG --> [REQ_ID=ee386fc6242e] [FILTER_BEFORE] /index.php/How-It-Works/Automated-Financial-Insights

[1 occurrence(s)]
DEBUG --> [REQ_ID=ee386fc6242e] [ROUTE] Controller=\App\Modules\Blog\Controllers\HowItWorksController Method=show

[1 occurrence(s)]
DEBUG --> [REQ_ID=ee386fc6242e] [LIFECYCLE][START] GET https://www.mymiwallet.com/index.php/How-It-Works/Automated-Financial-Insights

[1 occurrence(s)]
DEBUG --> [CSRF] token name=csrf_test_name hash=95f85789e9b9f286e4ca06770e3514cf

[1 occurrence(s)]
DEBUG --> [REQ_ID=0635a70c3c33] [INIT] App\Modules\Blog\Controllers\HowItWorksController::GET

[1 occurrence(s)]
DEBUG --> [REQ_ID=0635a70c3c33] [METHOD_ENTRY] show

[1 occurrence(s)]
DEBUG --> [HOW_IT_WORKS] slug=automated-financial-insights

[1 occurrence(s)]
DEBUG --> [REQ_ID=ee386fc6242e] [FILTER_AFTER]

[1 occurrence(s)]
DEBUG --> [REQ_ID=ee386fc6242e] [LIFECYCLE][END] status=302 duration_ms=14.17 memory_delta=0

[1 occurrence(s)]
DEBUG --> [REQ_ID=ee386fc6242e] [REQUEST][END]

[1 occurrence(s)]
DEBUG --> [REQ_ID=18fdbbe44344] [REQUEST][START] GET /index.php/How-It-Works

[1 occurrence(s)]
DEBUG --> [REQ_ID=18fdbbe44344] [FILTER_BEFORE] /index.php/How-It-Works

[1 occurrence(s)]
DEBUG --> [REQ_ID=18fdbbe44344] [ROUTE] Controller=\App\Modules\Blog\Controllers\HowItWorksController Method=index

[1 occurrence(s)]
DEBUG --> [REQ_ID=18fdbbe44344] [LIFECYCLE][START] GET https://www.mymiwallet.com/index.php/How-It-Works

[1 occurrence(s)]
DEBUG --> [CSRF] token name=csrf_test_name hash=5d9f3df8feaa4cdd52c8d629e55a51c8

[1 occurrence(s)]
DEBUG --> [REQ_ID=793b60b21e0d] [INIT] App\Modules\Blog\Controllers\HowItWorksController::GET

[1 occurrence(s)]
DEBUG --> [REQ_ID=793b60b21e0d] [METHOD_ENTRY] index

[9 occurrence(s)]
DEBUG --> [HOW_IT_WORKS] slug=overview

[1 occurrence(s)]
DEBUG --> [REQ_ID=18fdbbe44344] [FILTER_AFTER]

[1 occurrence(s)]
DEBUG --> [REQ_ID=18fdbbe44344] [LIFECYCLE][END] status=302 duration_ms=14.15 memory_delta=0

[1 occurrence(s)]
DEBUG --> [REQ_ID=18fdbbe44344] [REQUEST][END]

[1 occurrence(s)]
DEBUG --> [REQ_ID=34272657f70f] [REQUEST][START] GET /index.php/How-It-Works

[1 occurrence(s)]
DEBUG --> [REQ_ID=34272657f70f] [FILTER_BEFORE] /index.php/How-It-Works

[1 occurrence(s)]
DEBUG --> [REQ_ID=34272657f70f] [ROUTE] Controller=\App\Modules\Blog\Controllers\HowItWorksController Method=index

[1 occurrence(s)]
DEBUG --> [REQ_ID=34272657f70f] [LIFECYCLE][START] GET https://www.mymiwallet.com/index.php/How-It-Works

[1 occurrence(s)]
DEBUG --> [CSRF] token name=csrf_test_name hash=8dee68becd89658f50e55a432fdbea94

[1 occurrence(s)]
DEBUG --> [REQ_ID=7d794fbbb6cd] [INIT] App\Modules\Blog\Controllers\HowItWorksController::GET

[1 occurrence(s)]
DEBUG --> [REQ_ID=7d794fbbb6cd] [METHOD_ENTRY] index

[1 occurrence(s)]
DEBUG --> [REQ_ID=34272657f70f] [FILTER_AFTER]

[1 occurrence(s)]
DEBUG --> [REQ_ID=34272657f70f] [LIFECYCLE][END] status=302 duration_ms=14.94 memory_delta=0

[1 occurrence(s)]
DEBUG --> [REQ_ID=34272657f70f] [REQUEST][END]

[1 occurrence(s)]
DEBUG --> [REQ_ID=a77ee1e1bc06] [REQUEST][START] GET /index.php/How-It-Works

[1 occurrence(s)]
DEBUG --> [REQ_ID=a77ee1e1bc06] [FILTER_BEFORE] /index.php/How-It-Works

[1 occurrence(s)]
DEBUG --> [REQ_ID=a77ee1e1bc06] [ROUTE] Controller=\App\Modules\Blog\Controllers\HowItWorksController Method=index

[1 occurrence(s)]
DEBUG --> [REQ_ID=a77ee1e1bc06] [LIFECYCLE][START] GET https://www.mymiwallet.com/index.php/How-It-Works

[1 occurrence(s)]
DEBUG --> [CSRF] token name=csrf_test_name hash=a8c52a2c04b3b23b3645aa57a96cfa60

[1 occurrence(s)]
DEBUG --> [REQ_ID=2a4350286474] [INIT] App\Modules\Blog\Controllers\HowItWorksController::GET

[1 occurrence(s)]
DEBUG --> [REQ_ID=2a4350286474] [METHOD_ENTRY] index

[1 occurrence(s)]
DEBUG --> [REQ_ID=a77ee1e1bc06] [FILTER_AFTER]

[1 occurrence(s)]
DEBUG --> [REQ_ID=a77ee1e1bc06] [LIFECYCLE][END] status=302 duration_ms=12.61 memory_delta=0

[1 occurrence(s)]
DEBUG --> [REQ_ID=a77ee1e1bc06] [REQUEST][END]

[1 occurrence(s)]
DEBUG --> [REQ_ID=0cb30f8fe962] [REQUEST][START] GET /index.php/How-It-Works

[1 occurrence(s)]
DEBUG --> [REQ_ID=0cb30f8fe962] [FILTER_BEFORE] /index.php/How-It-Works

[1 occurrence(s)]
DEBUG --> [REQ_ID=0cb30f8fe962] [ROUTE] Controller=\App\Modules\Blog\Controllers\HowItWorksController Method=index

[1 occurrence(s)]
DEBUG --> [REQ_ID=0cb30f8fe962] [LIFECYCLE][START] GET https://www.mymiwallet.com/index.php/How-It-Works

[1 occurrence(s)]
DEBUG --> [CSRF] token name=csrf_test_name hash=ca5e711c757cba285ed84cf26bb940c2

[1 occurrence(s)]
DEBUG --> [REQ_ID=10d1797458ab] [INIT] App\Modules\Blog\Controllers\HowItWorksController::GET

[1 occurrence(s)]
DEBUG --> [REQ_ID=10d1797458ab] [METHOD_ENTRY] index

[1 occurrence(s)]
DEBUG --> [REQ_ID=0cb30f8fe962] [FILTER_AFTER]

[1 occurrence(s)]
DEBUG --> [REQ_ID=0cb30f8fe962] [LIFECYCLE][END] status=302 duration_ms=14.91 memory_delta=0

[1 occurrence(s)]
DEBUG --> [REQ_ID=0cb30f8fe962] [REQUEST][END]

[1 occurrence(s)]
DEBUG --> [REQ_ID=461145e0358f] [REQUEST][START] GET /index.php/How-It-Works

[1 occurrence(s)]
DEBUG --> [REQ_ID=461145e0358f] [FILTER_BEFORE] /index.php/How-It-Works

[1 occurrence(s)]
DEBUG --> [REQ_ID=461145e0358f] [ROUTE] Controller=\App\Modules\Blog\Controllers\HowItWorksController Method=index

[1 occurrence(s)]
DEBUG --> [REQ_ID=461145e0358f] [LIFECYCLE][START] GET https://www.mymiwallet.com/index.php/How-It-Works

[1 occurrence(s)]
DEBUG --> [CSRF] token name=csrf_test_name hash=db809e63b1b008f721d8bd2d47fbfdfb

[1 occurrence(s)]
DEBUG --> [REQ_ID=e24cc5ab101c] [INIT] App\Modules\Blog\Controllers\HowItWorksController::GET

[1 occurrence(s)]
DEBUG --> [REQ_ID=e24cc5ab101c] [METHOD_ENTRY] index

[1 occurrence(s)]
DEBUG --> [REQ_ID=461145e0358f] [FILTER_AFTER]

[1 occurrence(s)]
DEBUG --> [REQ_ID=461145e0358f] [LIFECYCLE][END] status=302 duration_ms=12.71 memory_delta=0

[1 occurrence(s)]
DEBUG --> [REQ_ID=461145e0358f] [REQUEST][END]

[1 occurrence(s)]
DEBUG --> [REQ_ID=58c6c51326f6] [REQUEST][START] GET /index.php/How-It-Works

[1 occurrence(s)]
DEBUG --> [REQ_ID=58c6c51326f6] [FILTER_BEFORE] /index.php/How-It-Works

[1 occurrence(s)]
DEBUG --> [REQ_ID=58c6c51326f6] [ROUTE] Controller=\App\Modules\Blog\Controllers\HowItWorksController Method=index

[1 occurrence(s)]
DEBUG --> [REQ_ID=58c6c51326f6] [LIFECYCLE][START] GET https://www.mymiwallet.com/index.php/How-It-Works

[1 occurrence(s)]
DEBUG --> [CSRF] token name=csrf_test_name hash=408e60e745e76354e948d3a449d2b1f0

[1 occurrence(s)]
DEBUG --> [REQ_ID=946a5414266c] [INIT] App\Modules\Blog\Controllers\HowItWorksController::GET

[1 occurrence(s)]
DEBUG --> [REQ_ID=946a5414266c] [METHOD_ENTRY] index

[1 occurrence(s)]
DEBUG --> [REQ_ID=58c6c51326f6] [FILTER_AFTER]

[1 occurrence(s)]
DEBUG --> [REQ_ID=58c6c51326f6] [LIFECYCLE][END] status=302 duration_ms=12.31 memory_delta=0

[1 occurrence(s)]
DEBUG --> [REQ_ID=58c6c51326f6] [REQUEST][END]

[1 occurrence(s)]
DEBUG --> [REQ_ID=f45f4d07bbaf] [REQUEST][START] GET /index.php/How-It-Works

[1 occurrence(s)]
DEBUG --> [REQ_ID=f45f4d07bbaf] [FILTER_BEFORE] /index.php/How-It-Works

[1 occurrence(s)]
DEBUG --> [REQ_ID=f45f4d07bbaf] [ROUTE] Controller=\App\Modules\Blog\Controllers\HowItWorksController Method=index

[1 occurrence(s)]
DEBUG --> [REQ_ID=f45f4d07bbaf] [LIFECYCLE][START] GET https://www.mymiwallet.com/index.php/How-It-Works

[1 occurrence(s)]
DEBUG --> [CSRF] token name=csrf_test_name hash=a382dd935c18faf5c96f3e9f1b91b64c

[1 occurrence(s)]
DEBUG --> [REQ_ID=e996c3dfa8b0] [INIT] App\Modules\Blog\Controllers\HowItWorksController::GET

[1 occurrence(s)]
DEBUG --> [REQ_ID=e996c3dfa8b0] [METHOD_ENTRY] index

[1 occurrence(s)]
DEBUG --> [REQ_ID=f45f4d07bbaf] [FILTER_AFTER]

[1 occurrence(s)]
DEBUG --> [REQ_ID=f45f4d07bbaf] [LIFECYCLE][END] status=302 duration_ms=15.07 memory_delta=0

[1 occurrence(s)]
DEBUG --> [REQ_ID=f45f4d07bbaf] [REQUEST][END]

[1 occurrence(s)]
DEBUG --> [REQ_ID=3bd02119ac49] [REQUEST][START] GET /index.php/How-It-Works

[1 occurrence(s)]
DEBUG --> [REQ_ID=3bd02119ac49] [FILTER_BEFORE] /index.php/How-It-Works

[1 occurrence(s)]
DEBUG --> [REQ_ID=3bd02119ac49] [ROUTE] Controller=\App\Modules\Blog\Controllers\HowItWorksController Method=index

[1 occurrence(s)]
DEBUG --> [REQ_ID=3bd02119ac49] [LIFECYCLE][START] GET https://www.mymiwallet.com/index.php/How-It-Works

[1 occurrence(s)]
DEBUG --> [CSRF] token name=csrf_test_name hash=0e5071d5e5bd4a09d1886427723ad808

[1 occurrence(s)]
DEBUG --> [REQ_ID=dd5b34c91584] [INIT] App\Modules\Blog\Controllers\HowItWorksController::GET

[1 occurrence(s)]
DEBUG --> [REQ_ID=dd5b34c91584] [METHOD_ENTRY] index

[1 occurrence(s)]
DEBUG --> [REQ_ID=3bd02119ac49] [FILTER_AFTER]

[1 occurrence(s)]
DEBUG --> [REQ_ID=3bd02119ac49] [LIFECYCLE][END] status=302 duration_ms=16.07 memory_delta=0

[1 occurrence(s)]
DEBUG --> [REQ_ID=3bd02119ac49] [REQUEST][END]

[1 occurrence(s)]
DEBUG --> [REQ_ID=0c1e0f81768e] [REQUEST][START] GET /index.php/How-It-Works

[1 occurrence(s)]
DEBUG --> [REQ_ID=0c1e0f81768e] [FILTER_BEFORE] /index.php/How-It-Works

[1 occurrence(s)]
DEBUG --> [REQ_ID=0c1e0f81768e] [ROUTE] Controller=\App\Modules\Blog\Controllers\HowItWorksController Method=index

[1 occurrence(s)]
DEBUG --> [REQ_ID=0c1e0f81768e] [LIFECYCLE][START] GET https://www.mymiwallet.com/index.php/How-It-Works

[1 occurrence(s)]
DEBUG --> [CSRF] token name=csrf_test_name hash=816d32ed5dd17f168d8085f41ba8d282

[1 occurrence(s)]
DEBUG --> [REQ_ID=5507949e826d] [INIT] App\Modules\Blog\Controllers\HowItWorksController::GET

[1 occurrence(s)]
DEBUG --> [REQ_ID=5507949e826d] [METHOD_ENTRY] index

[1 occurrence(s)]
DEBUG --> [REQ_ID=0c1e0f81768e] [FILTER_AFTER]

[1 occurrence(s)]
DEBUG --> [REQ_ID=0c1e0f81768e] [LIFECYCLE][END] status=302 duration_ms=14.87 memory_delta=0

[1 occurrence(s)]
DEBUG --> [REQ_ID=0c1e0f81768e] [REQUEST][END]

[1 occurrence(s)]
DEBUG --> [REQ_ID=5e1122974540] [REQUEST][START] GET /index.php/How-It-Works/Setting-Financial-Goals

[1 occurrence(s)]
DEBUG --> [REQ_ID=5e1122974540] [FILTER_BEFORE] /index.php/How-It-Works/Setting-Financial-Goals

[1 occurrence(s)]
DEBUG --> [REQ_ID=5e1122974540] [ROUTE] Controller=\App\Modules\Blog\Controllers\HowItWorksController Method=show

[1 occurrence(s)]
DEBUG --> [REQ_ID=5e1122974540] [LIFECYCLE][START] GET https://www.mymiwallet.com/index.php/How-It-Works/Setting-Financial-Goals

[1 occurrence(s)]
DEBUG --> [CSRF] token name=csrf_test_name hash=5425d3f15acf99569e563b9b8a866e7f

[1 occurrence(s)]
DEBUG --> [REQ_ID=83bc4971ad36] [INIT] App\Modules\Blog\Controllers\HowItWorksController::GET

[1 occurrence(s)]
DEBUG --> [REQ_ID=83bc4971ad36] [METHOD_ENTRY] show

[1 occurrence(s)]
DEBUG --> [HOW_IT_WORKS] slug=setting-financial-goals

[1 occurrence(s)]
DEBUG --> [REQ_ID=5e1122974540] [FILTER_AFTER]

[1 occurrence(s)]
DEBUG --> [REQ_ID=5e1122974540] [LIFECYCLE][END] status=200 duration_ms=503.73 memory_delta=4194304

[1 occurrence(s)]
DEBUG --> [REQ_ID=5e1122974540] [REQUEST][END]

[1 occurrence(s)]
DEBUG --> [REQ_ID=860da3d362c5] [REQUEST][START] GET /

[1 occurrence(s)]
DEBUG --> [REQ_ID=860da3d362c5] [FILTER_BEFORE] /

[1 occurrence(s)]
DEBUG --> [REQ_ID=860da3d362c5] [ROUTE] Controller=\App\Controllers\Home Method=index

[1 occurrence(s)]
DEBUG --> [REQ_ID=860da3d362c5] [LIFECYCLE][START] GET https://www.mymiwallet.com/index.php/

[1 occurrence(s)]
DEBUG --> [CSRF] token name=csrf_test_name hash=e38333ab16c061b71fff17177ba2853b

[1 occurrence(s)]
DEBUG --> [REQ_ID=4092f5972518] [INIT] App\Controllers\Home::GET

[1 occurrence(s)]
DEBUG --> [REQ_ID=4092f5972518] [VIEW_RENDER] themes/public/home

[1 occurrence(s)]
DEBUG --> [REQ_ID=860da3d362c5] [FILTER_AFTER]

[1 occurrence(s)]
DEBUG --> [REQ_ID=860da3d362c5] [LIFECYCLE][END] status=200 duration_ms=698.99 memory_delta=6291456

[1 occurrence(s)]
DEBUG --> [REQ_ID=860da3d362c5] [REQUEST][END]

[1 occurrence(s)]
DEBUG --> [REQ_ID=e9659b47e6be] [REQUEST][START] GET /index.php/API/Management/Run-CRON-Tasks

[1 occurrence(s)]
DEBUG --> [REQ_ID=e9659b47e6be] [FILTER_BEFORE] /index.php/API/Management/Run-CRON-Tasks

[1 occurrence(s)]
DEBUG --> [REQ_ID=e9659b47e6be] [ROUTE] Controller=\App\Modules\APIs\Controllers\ManagementAPIController Method=Run_CRON_Tasks

[1 occurrence(s)]
DEBUG --> [REQ_ID=e9659b47e6be] [LIFECYCLE][START] GET https://www.mymiwallet.com/index.php/API/Management/Run-CRON-Tasks

[1 occurrence(s)]
DEBUG --> [REQ_ID=e9659b47e6be] [REQUEST][END]


---------------------------
LEVEL: INFO
---------------------------

[1 occurrence(s)]
INFO --> [REQ_ID=4d086f9d9f4d] [PERF] Execution time=0.053922

[1 occurrence(s)]
INFO --> [REQ_ID=96b9d36f7df7] [PERF] Execution time=0.045523

[1 occurrence(s)]
INFO --> [REQ_ID=2b0466805283] [PERF] Execution time=0.049522

[1 occurrence(s)]
INFO --> [REQ_ID=2a48ad46fb3e] [MEMORY][controller-start] 4194304

[1 occurrence(s)]
INFO --> [REQ_ID=2a48ad46fb3e] [PERF] Execution time=0.236489

[1 occurrence(s)]
INFO --> [REQ_ID=79618a46734b] [PERF] Execution time=0.249584

[1 occurrence(s)]
INFO --> [REQ_ID=5baa12f6c027] [PERF] Execution time=0.034697

[1 occurrence(s)]
INFO --> [REQ_ID=5e4209934924] [MEMORY][controller-start] 4194304

[1 occurrence(s)]
INFO --> [REQ_ID=5e4209934924] [MEMORY][commonData:start] 6291456

[1 occurrence(s)]
INFO --> [REQ_ID=5e4209934924] [MEMORY][commonData:start] 10485760

[9 occurrence(s)]
INFO --> themesMemory usage: 10485760

[1 occurrence(s)]
INFO --> [REQ_ID=5e4209934924] [PERF] Execution time=0.708592

[1 occurrence(s)]
INFO --> [REQ_ID=1963b75ec72d] [PERF] Execution time=0.747120

[1 occurrence(s)]
INFO --> [REQ_ID=fa9f16eba469] [PERF] Execution time=0.036130

[1 occurrence(s)]
INFO --> [REQ_ID=8ee2e57758e2] [PERF] Execution time=0.035695

[1 occurrence(s)]
INFO --> [REQ_ID=5747d5cbaf35] [PERF] Execution time=0.056988

[1 occurrence(s)]
INFO --> [REQ_ID=d535bdfd6efb] [PERF] Execution time=0.037982

[1 occurrence(s)]
INFO --> [REQ_ID=75fae7ae0cad] [PERF] Execution time=0.046951

[1 occurrence(s)]
INFO --> [REQ_ID=34ad9c149b8e] [PERF] Execution time=0.044075

[1 occurrence(s)]
INFO --> [REQ_ID=5020b8cb1d8e] [PERF] Execution time=0.037641

[1 occurrence(s)]
INFO --> [REQ_ID=17f74f1aa1c9] [PERF] Execution time=0.009896

[1 occurrence(s)]
INFO --> [REQ_ID=0b58b17eef46] [PERF] Execution time=0.008856

[1 occurrence(s)]
INFO --> [REQ_ID=16fa836be621] [PERF] Execution time=0.008519

[1 occurrence(s)]
INFO --> [REQ_ID=84f0481d6dc9] [MEMORY][controller-start] 4194304

[1 occurrence(s)]
INFO --> [REQ_ID=84f0481d6dc9] [PERF] Execution time=0.034165

[1 occurrence(s)]
INFO --> [REQ_ID=fc336e44e67d] [PERF] Execution time=0.046590

[1 occurrence(s)]
INFO --> [REQ_ID=b49540115f4f] [PERF] Execution time=0.050493

[1 occurrence(s)]
INFO --> [REQ_ID=b4fd47b98d5b] [MEMORY][controller-start] 4194304

[1 occurrence(s)]
INFO --> [REQ_ID=b4fd47b98d5b] [PERF] Execution time=0.128390

[1 occurrence(s)]
INFO --> [REQ_ID=bf6495b984b0] [PERF] Execution time=0.143950

[1 occurrence(s)]
INFO --> [REQ_ID=efc291617ed2] [PERF] Execution time=0.053948

[1 occurrence(s)]
INFO --> [REQ_ID=2242a92eab5c] [PERF] Execution time=0.041283

[3 occurrence(s)]
INFO --> [SPARK_START] App\Commands\Alerts\Ingest

[7 occurrence(s)]
INFO --> [SPARK_MEMORY] 16777216

[3 occurrence(s)]
INFO --> [spark:alerts:ingest] Intent

[1 occurrence(s)]
INFO --> [SPARK_COMPLETE] App\Commands\Alerts\Ingest duration=0.001323

[2 occurrence(s)]
INFO --> Using alert email: tradealerts@mymiwallet.com

[2 occurrence(s)]
INFO --> ⚡ Processing scraped emails for trade alerts...

[2 occurrence(s)]
INFO --> 📩 Processing Email ID: 1

[1 occurrence(s)]
INFO --> [SPARK_COMPLETE] App\Commands\Alerts\Ingest duration=17.495749

[1 occurrence(s)]
INFO --> [SPARK_MEMORY] 27787264

[1 occurrence(s)]
INFO --> [REQ_ID=44edbae8a5dc] [MEMORY][controller-start] 4194304

[1 occurrence(s)]
INFO --> [REQ_ID=44edbae8a5dc] [MEMORY][commonData:start] 6291456

[1 occurrence(s)]
INFO --> [REQ_ID=44edbae8a5dc] [MEMORY][commonData:start] 10485760

[1 occurrence(s)]
INFO --> [REQ_ID=44edbae8a5dc] [PERF] Execution time=0.754950

[1 occurrence(s)]
INFO --> [REQ_ID=4663883f1611] [PERF] Execution time=0.791219

[1 occurrence(s)]
INFO --> [REQ_ID=b736743f6d99] [MEMORY][controller-start] 6291456

[1 occurrence(s)]
INFO --> [REQ_ID=b736743f6d99] [MEMORY][commonData:start] 8388608

[1 occurrence(s)]
INFO --> DashboardController L72 - $checkingSummary: 8784.01

[1 occurrence(s)]
INFO --> getSolanaData: invalid address param

[5 occurrence(s)]
INFO --> themesMemory usage: 8388608

[1 occurrence(s)]
INFO --> [REQ_ID=b736743f6d99] [PERF] Execution time=1.093630

[1 occurrence(s)]
INFO --> [REQ_ID=86576cf049a0] [PERF] Execution time=1.130004

[1 occurrence(s)]
INFO --> [REQ_ID=2c8edcf47c87] [MEMORY][controller-start] 6291456

[2 occurrence(s)]
INFO --> Premium entitlement resolved: user_id=2 route=/index.php/API/Investments/getConfidenceHeatmap feature=investments.analytics tier=free status=free allowed=no reason=Feature requires tier1 or higher. Current tier: free (free).

[1 occurrence(s)]
INFO --> [REQ_ID=2c8edcf47c87] [PERF] Execution time=0.049727

[1 occurrence(s)]
INFO --> [REQ_ID=b7a4d602d86c] [PERF] Execution time=0.067199

[1 occurrence(s)]
INFO --> [REQ_ID=0adbe4c48e8d] [MEMORY][controller-start] 4194304

[1 occurrence(s)]
INFO --> [REQ_ID=0adbe4c48e8d] [MEMORY][commonData:start] 4194304

[1 occurrence(s)]
INFO --> [REQ_ID=0adbe4c48e8d] [MEMORY][commonData:start] 8388608

[1 occurrence(s)]
INFO --> [REQ_ID=0adbe4c48e8d] [PERF] Execution time=0.590950

[1 occurrence(s)]
INFO --> [REQ_ID=170f1222b9c5] [PERF] Execution time=0.614070

[1 occurrence(s)]
INFO --> [REQ_ID=530f159e3315] [MEMORY][controller-start] 6291456

[1 occurrence(s)]
INFO --> [REQ_ID=530f159e3315] [PERF] Execution time=0.413314

[1 occurrence(s)]
INFO --> [REQ_ID=386658417dcf] [PERF] Execution time=1.018402

[1 occurrence(s)]
INFO --> [REQ_ID=115103462ebb] [MEMORY][controller-start] 6291456

[1 occurrence(s)]
INFO --> [REQ_ID=115103462ebb] [PERF] Execution time=0.137672

[1 occurrence(s)]
INFO --> [REQ_ID=fe0e0f185433] [PERF] Execution time=1.171156

[1 occurrence(s)]
INFO --> [REQ_ID=475ff681ad90] [MEMORY][controller-start] 6291456

[1 occurrence(s)]
INFO --> Premium entitlement resolved: user_id=2 route=/index.php/API/Investments/getForecastAccuracySummary feature=investments.analytics tier=free status=free allowed=no reason=Feature requires tier1 or higher. Current tier: free (free).

[1 occurrence(s)]
INFO --> [REQ_ID=475ff681ad90] [PERF] Execution time=0.137208

[1 occurrence(s)]
INFO --> [REQ_ID=584e98665340] [PERF] Execution time=1.318315

[1 occurrence(s)]
INFO --> [REQ_ID=912b12c5847a] [MEMORY][controller-start] 6291456

[1 occurrence(s)]
INFO --> [REQ_ID=912b12c5847a] [PERF] Execution time=0.069425

[1 occurrence(s)]
INFO --> [REQ_ID=5c76264e7f04] [PERF] Execution time=1.110307

[1 occurrence(s)]
INFO --> [REQ_ID=14dc51dedd1d] [MEMORY][controller-start] 4194304

[1 occurrence(s)]
INFO --> [REQ_ID=14dc51dedd1d] [PERF] Execution time=0.015122

[1 occurrence(s)]
INFO --> [REQ_ID=9fac9b4e920f] [PERF] Execution time=0.428354

[1 occurrence(s)]
INFO --> [REQ_ID=92e5c2023abc] [MEMORY][controller-start] 4194304

[1 occurrence(s)]
INFO --> [REQ_ID=92e5c2023abc] [MEMORY][commonData:start] 4194304

[1 occurrence(s)]
INFO --> [REQ_ID=92e5c2023abc] [MEMORY][commonData:start] 8388608

[1 occurrence(s)]
INFO --> [REQ_ID=92e5c2023abc] [PERF] Execution time=0.554954

[1 occurrence(s)]
INFO --> [REQ_ID=1d941ac29a2d] [PERF] Execution time=0.633757

[1 occurrence(s)]
INFO --> [REQ_ID=2281ab00642a] [MEMORY][controller-start] 6291456

[1 occurrence(s)]
INFO --> [REQ_ID=2281ab00642a] [MEMORY][commonData:start] 6291456

[1 occurrence(s)]
INFO --> [REQ_ID=2281ab00642a] [MEMORY][commonData:start] 8388608

[1 occurrence(s)]
INFO --> [REQ_ID=2281ab00642a] [PERF] Execution time=0.530053

[1 occurrence(s)]
INFO --> [REQ_ID=a4a6d9a74e04] [PERF] Execution time=0.538460

[1 occurrence(s)]
INFO --> ensureTickerExists: CMMB already exists in bf_investment_tickers.

[1 occurrence(s)]
INFO --> FORECAST: start CMMB 5m

[199 occurrence(s)]
INFO --> ensureTickerExists: TO already exists in bf_investment_tickers.

[199 occurrence(s)]
INFO --> FORECAST: start TO 5m

[88 occurrence(s)]
INFO --> ensureTickerExists: AI already exists in bf_investment_tickers.

[88 occurrence(s)]
INFO --> FORECAST: start AI 5m

[200 occurrence(s)]
INFO --> ensureTickerExists: HTML already exists in bf_investment_tickers.

[200 occurrence(s)]
INFO --> FORECAST: start HTML 5m

[200 occurrence(s)]
INFO --> ensureTickerExists: WWW already exists in bf_investment_tickers.

[200 occurrence(s)]
INFO --> FORECAST: start WWW 5m

[200 occurrence(s)]
INFO --> ensureTickerExists: XHTML already exists in bf_investment_tickers.

[200 occurrence(s)]
INFO --> FORECAST: start XHTML 5m

[200 occurrence(s)]
INFO --> ensureTickerExists: V already exists in bf_investment_tickers.

[200 occurrence(s)]
INFO --> FORECAST: start V 5m

[200 occurrence(s)]
INFO --> ensureTickerExists: COM already exists in bf_investment_tickers.

[200 occurrence(s)]
INFO --> FORECAST: start COM 5m

[200 occurrence(s)]
INFO --> ensureTickerExists: O already exists in bf_investment_tickers.

[200 occurrence(s)]
INFO --> FORECAST: start O 5m

[200 occurrence(s)]
INFO --> ensureTickerExists: EN already exists in bf_investment_tickers.

[200 occurrence(s)]
INFO --> FORECAST: start EN 5m

[200 occurrence(s)]
INFO --> ensureTickerExists: META already exists in bf_investment_tickers.

[200 occurrence(s)]
INFO --> FORECAST: start META 5m

[199 occurrence(s)]
INFO --> ensureTickerExists: UTF already exists in bf_investment_tickers.

[199 occurrence(s)]
INFO --> FORECAST: start UTF 5m

[200 occurrence(s)]
INFO --> ensureTickerExists: IF already exists in bf_investment_tickers.

[200 occurrence(s)]
INFO --> FORECAST: start IF 5m

[200 occurrence(s)]
INFO --> ensureTickerExists: X already exists in bf_investment_tickers.

[200 occurrence(s)]
INFO --> FORECAST: start X 5m

[200 occurrence(s)]
INFO --> ensureTickerExists: UA already exists in bf_investment_tickers.

[200 occurrence(s)]
INFO --> FORECAST: start UA 5m

[200 occurrence(s)]
INFO --> ensureTickerExists: IE already exists in bf_investment_tickers.

[200 occurrence(s)]
INFO --> FORECAST: start IE 5m

[200 occurrence(s)]
INFO --> ensureTickerExists: AMP already exists in bf_investment_tickers.

[200 occurrence(s)]
INFO --> FORECAST: start AMP 5m

[200 occurrence(s)]
INFO --> ensureTickerExists: CO already exists in bf_investment_tickers.

[200 occurrence(s)]
INFO --> FORECAST: start CO 5m

[199 occurrence(s)]
INFO --> ensureTickerExists: GTE already exists in bf_investment_tickers.

[199 occurrence(s)]
INFO --> FORECAST: start GTE 5m

[199 occurrence(s)]
INFO --> ensureTickerExists: DROP already exists in bf_investment_tickers.

[199 occurrence(s)]
INFO --> FORECAST: start DROP 5m

[1 occurrence(s)]
INFO --> ✅ Marking scraper record ID 1 as Processed.

[1 occurrence(s)]
INFO --> 📩 Processing Email ID: 2

[5 occurrence(s)]
INFO --> ensureTickerExists: ABNB already exists in bf_investment_tickers.

[5 occurrence(s)]
INFO --> FORECAST: start ABNB 5m

[111 occurrence(s)]
INFO --> ensureTickerExists: EMA already exists in bf_investment_tickers.

[111 occurrence(s)]
INFO --> FORECAST: start EMA 5m

[1 occurrence(s)]
INFO --> ✅ Marking scraper record ID 2 as Processed.

[1 occurrence(s)]
INFO --> 📩 Processing Email ID: 3

[4 occurrence(s)]
INFO --> ensureTickerExists: RGTI already exists in bf_investment_tickers.

[4 occurrence(s)]
INFO --> FORECAST: start RGTI 5m

[2 occurrence(s)]
INFO --> ensureTickerExists: SINT already exists in bf_investment_tickers.

[2 occurrence(s)]
INFO --> FORECAST: start SINT 5m

[1 occurrence(s)]
INFO --> ✅ Marking scraper record ID 3 as Processed.

[1 occurrence(s)]
INFO --> 📩 Processing Email ID: 4

[5 occurrence(s)]
INFO --> ensureTickerExists: MPWR already exists in bf_investment_tickers.

[5 occurrence(s)]
INFO --> FORECAST: start MPWR 5m

[1 occurrence(s)]
INFO --> ensureTickerExists: TRNR already exists in bf_investment_tickers.

[1 occurrence(s)]
INFO --> FORECAST: start TRNR 5m

[7 occurrence(s)]
INFO --> ensureTickerExists: TSLA already exists in bf_investment_tickers.

[7 occurrence(s)]
INFO --> FORECAST: start TSLA 5m

[1 occurrence(s)]
INFO --> ✅ Marking scraper record ID 4 as Processed.

[1 occurrence(s)]
INFO --> 📩 Processing Email ID: 5

[1 occurrence(s)]
INFO --> ✅ Marking scraper record ID 5 as Processed.

[1 occurrence(s)]
INFO --> 📩 Processing Email ID: 6

[4 occurrence(s)]
INFO --> ensureTickerExists: APLD already exists in bf_investment_tickers.

[4 occurrence(s)]
INFO --> FORECAST: start APLD 5m

[6 occurrence(s)]
INFO --> ensureTickerExists: HIMS already exists in bf_investment_tickers.

[6 occurrence(s)]
INFO --> FORECAST: start HIMS 5m

[1 occurrence(s)]
INFO --> ✅ Marking scraper record ID 6 as Processed.

[1 occurrence(s)]
INFO --> 📩 Processing Email ID: 7

[4 occurrence(s)]
INFO --> ensureTickerExists: MRVL already exists in bf_investment_tickers.

[4 occurrence(s)]
INFO --> FORECAST: start MRVL 5m

[5 occurrence(s)]
INFO --> ensureTickerExists: OXY already exists in bf_investment_tickers.

[5 occurrence(s)]
INFO --> FORECAST: start OXY 5m

[1 occurrence(s)]
INFO --> ✅ Marking scraper record ID 7 as Processed.

[1 occurrence(s)]
INFO --> 📩 Processing Email ID: 8

[1 occurrence(s)]
INFO --> ensureTickerExists: ENPH already exists in bf_investment_tickers.

[1 occurrence(s)]
INFO --> FORECAST: start ENPH 5m

[1 occurrence(s)]
INFO --> ✅ Marking scraper record ID 8 as Processed.

[1 occurrence(s)]
INFO --> 📩 Processing Email ID: 9

[4 occurrence(s)]
INFO --> ensureTickerExists: CDNS already exists in bf_investment_tickers.

[4 occurrence(s)]
INFO --> FORECAST: start CDNS 5m

[1 occurrence(s)]
INFO --> ✅ Marking scraper record ID 9 as Processed.

[1 occurrence(s)]
INFO --> 📩 Processing Email ID: 10

[1 occurrence(s)]
INFO --> ensureTickerExists: ALZN already exists in bf_investment_tickers.

[1 occurrence(s)]
INFO --> FORECAST: start ALZN 5m

[1 occurrence(s)]
INFO --> ensureTickerExists: BLNE already exists in bf_investment_tickers.

[1 occurrence(s)]
INFO --> FORECAST: start BLNE 5m

[3 occurrence(s)]
INFO --> ensureTickerExists: KMI already exists in bf_investment_tickers.

[3 occurrence(s)]
INFO --> FORECAST: start KMI 5m

[1 occurrence(s)]
INFO --> ✅ Marking scraper record ID 10 as Processed.

[1 occurrence(s)]
INFO --> 📩 Processing Email ID: 11

[2 occurrence(s)]
INFO --> ensureTickerExists: GRMN already exists in bf_investment_tickers.

[2 occurrence(s)]
INFO --> FORECAST: start GRMN 5m

[1 occurrence(s)]
INFO --> ✅ Marking scraper record ID 11 as Processed.

[1 occurrence(s)]
INFO --> 📩 Processing Email ID: 12

[3 occurrence(s)]
INFO --> ensureTickerExists: SOUN already exists in bf_investment_tickers.

[3 occurrence(s)]
INFO --> FORECAST: start SOUN 5m

[1 occurrence(s)]
INFO --> ✅ Marking scraper record ID 12 as Processed.

[1 occurrence(s)]
INFO --> 📩 Processing Email ID: 13

[2 occurrence(s)]
INFO --> ensureTickerExists: BBAI already exists in bf_investment_tickers.

[2 occurrence(s)]
INFO --> FORECAST: start BBAI 5m

[1 occurrence(s)]
INFO --> ✅ Marking scraper record ID 13 as Processed.

[1 occurrence(s)]
INFO --> 📩 Processing Email ID: 14

[1 occurrence(s)]
INFO --> ✅ Marking scraper record ID 14 as Processed.

[1 occurrence(s)]
INFO --> 📩 Processing Email ID: 15

[2 occurrence(s)]
INFO --> ensureTickerExists: DVN already exists in bf_investment_tickers.

[2 occurrence(s)]
INFO --> FORECAST: start DVN 5m

[1 occurrence(s)]
INFO --> ✅ Marking scraper record ID 15 as Processed.

[1 occurrence(s)]
INFO --> 📩 Processing Email ID: 16

[3 occurrence(s)]
INFO --> ensureTickerExists: JTAI already exists in bf_investment_tickers.

[3 occurrence(s)]
INFO --> FORECAST: start JTAI 5m

[1 occurrence(s)]
INFO --> ensureTickerExists: SRM already exists in bf_investment_tickers.

[1 occurrence(s)]
INFO --> FORECAST: start SRM 5m

[1 occurrence(s)]
INFO --> ✅ Marking scraper record ID 16 as Processed.

[1 occurrence(s)]
INFO --> 📩 Processing Email ID: 17

[1 occurrence(s)]
INFO --> ensureTickerExists: ABSI already exists in bf_investment_tickers.

[1 occurrence(s)]
INFO --> FORECAST: start ABSI 5m

[2 occurrence(s)]
INFO --> ensureTickerExists: FOUR already exists in bf_investment_tickers.

[2 occurrence(s)]
INFO --> FORECAST: start FOUR 5m

[4 occurrence(s)]
INFO --> ensureTickerExists: KULR already exists in bf_investment_tickers.

[4 occurrence(s)]
INFO --> FORECAST: start KULR 5m

[1 occurrence(s)]
INFO --> ✅ Marking scraper record ID 17 as Processed.

[1 occurrence(s)]
INFO --> 📩 Processing Email ID: 18

[1 occurrence(s)]
INFO --> ✅ Marking scraper record ID 18 as Processed.

[1 occurrence(s)]
INFO --> 📩 Processing Email ID: 19

[1 occurrence(s)]
INFO --> ✅ Marking scraper record ID 19 as Processed.

[1 occurrence(s)]
INFO --> 📩 Processing Email ID: 20

[4 occurrence(s)]
INFO --> ensureTickerExists: ACHR already exists in bf_investment_tickers.

[4 occurrence(s)]
INFO --> FORECAST: start ACHR 5m

[1 occurrence(s)]
INFO --> ensureTickerExists: AUUD already exists in bf_investment_tickers.

[1 occurrence(s)]
INFO --> FORECAST: start AUUD 5m

[1 occurrence(s)]
INFO --> ✅ Marking scraper record ID 20 as Processed.

[1 occurrence(s)]
INFO --> 📩 Processing Email ID: 21

[3 occurrence(s)]
INFO --> ensureTickerExists: APP already exists in bf_investment_tickers.

[3 occurrence(s)]
INFO --> FORECAST: start APP 5m

[7 occurrence(s)]
INFO --> ensureTickerExists: AVGO already exists in bf_investment_tickers.

[7 occurrence(s)]
INFO --> FORECAST: start AVGO 5m

[2 occurrence(s)]
INFO --> ensureTickerExists: QCOM already exists in bf_investment_tickers.

[2 occurrence(s)]
INFO --> FORECAST: start QCOM 5m

[1 occurrence(s)]
INFO --> ✅ Marking scraper record ID 21 as Processed.

[1 occurrence(s)]
INFO --> 📩 Processing Email ID: 22

[1 occurrence(s)]
INFO --> ensureTickerExists: ABBV already exists in bf_investment_tickers.

[1 occurrence(s)]
INFO --> FORECAST: start ABBV 5m

[1 occurrence(s)]
INFO --> ensureTickerExists: AGNC already exists in bf_investment_tickers.

[1 occurrence(s)]
INFO --> FORECAST: start AGNC 5m

[1 occurrence(s)]
INFO --> ensureTickerExists: ALLO already exists in bf_investment_tickers.

[1 occurrence(s)]
INFO --> FORECAST: start ALLO 5m

[2 occurrence(s)]
INFO --> ensureTickerExists: ALTM already exists in bf_investment_tickers.

[2 occurrence(s)]
INFO --> FORECAST: start ALTM 5m

[7 occurrence(s)]
INFO --> ensureTickerExists: AMAT already exists in bf_investment_tickers.

[7 occurrence(s)]
INFO --> FORECAST: start AMAT 5m

[1 occurrence(s)]
INFO --> ensureTickerExists: APPS already exists in bf_investment_tickers.

[1 occurrence(s)]
INFO --> FORECAST: start APPS 5m

[1 occurrence(s)]
INFO --> ensureTickerExists: ASPI already exists in bf_investment_tickers.

[1 occurrence(s)]
INFO --> FORECAST: start ASPI 5m

[1 occurrence(s)]
INFO --> ensureTickerExists: ASPN already exists in bf_investment_tickers.

[1 occurrence(s)]
INFO --> FORECAST: start ASPN 5m

[2 occurrence(s)]
INFO --> ensureTickerExists: ASTS already exists in bf_investment_tickers.

[2 occurrence(s)]
INFO --> FORECAST: start ASTS 5m

[2 occurrence(s)]
INFO --> ensureTickerExists: ATYR already exists in bf_investment_tickers.

[2 occurrence(s)]
INFO --> FORECAST: start ATYR 5m

[6 occurrence(s)]
INFO --> ensureTickerExists: BA already exists in bf_investment_tickers.

[6 occurrence(s)]
INFO --> FORECAST: start BA 5m

[3 occurrence(s)]
INFO --> ensureTickerExists: BBAR already exists in bf_investment_tickers.

[3 occurrence(s)]
INFO --> FORECAST: start BBAR 5m

[3 occurrence(s)]
INFO --> ensureTickerExists: CELH already exists in bf_investment_tickers.

[3 occurrence(s)]
INFO --> FORECAST: start CELH 5m

[2 occurrence(s)]
INFO --> ensureTickerExists: CIFR already exists in bf_investment_tickers.

[2 occurrence(s)]
INFO --> FORECAST: start CIFR 5m

[1 occurrence(s)]
INFO --> ensureTickerExists: CROX already exists in bf_investment_tickers.

[1 occurrence(s)]
INFO --> FORECAST: start CROX 5m

[3 occurrence(s)]
INFO --> ensureTickerExists: CSAI already exists in bf_investment_tickers.

[3 occurrence(s)]
INFO --> FORECAST: start CSAI 5m

[6 occurrence(s)]
INFO --> ensureTickerExists: CSGP already exists in bf_investment_tickers.

[6 occurrence(s)]
INFO --> FORECAST: start CSGP 5m

[1 occurrence(s)]
INFO --> ensureTickerExists: CTXR already exists in bf_investment_tickers.

[1 occurrence(s)]
INFO --> FORECAST: start CTXR 5m

[1 occurrence(s)]
INFO --> ensureTickerExists: CVI already exists in bf_investment_tickers.

[1 occurrence(s)]
INFO --> FORECAST: start CVI 5m

[1 occurrence(s)]
INFO --> ensureTickerExists: CVX already exists in bf_investment_tickers.

[1 occurrence(s)]
INFO --> FORECAST: start CVX 5m

[1 occurrence(s)]
INFO --> ensureTickerExists: DATS already exists in bf_investment_tickers.

[1 occurrence(s)]
INFO --> FORECAST: start DATS 5m

[2 occurrence(s)]
INFO --> ensureTickerExists: DFS already exists in bf_investment_tickers.

[2 occurrence(s)]
INFO --> FORECAST: start DFS 5m

[1 occurrence(s)]
INFO --> ensureTickerExists: EQNR already exists in bf_investment_tickers.

[1 occurrence(s)]
INFO --> FORECAST: start EQNR 5m

[1 occurrence(s)]
INFO --> ensureTickerExists: EVER already exists in bf_investment_tickers.

[1 occurrence(s)]
INFO --> FORECAST: start EVER 5m

[2 occurrence(s)]
INFO --> ensureTickerExists: FLEX already exists in bf_investment_tickers.

[2 occurrence(s)]
INFO --> FORECAST: start FLEX 5m

[1 occurrence(s)]
INFO --> ensureTickerExists: FLNG already exists in bf_investment_tickers.

[1 occurrence(s)]
INFO --> FORECAST: start FLNG 5m

[1 occurrence(s)]
INFO --> ensureTickerExists: GCL already exists in bf_investment_tickers.

[1 occurrence(s)]
INFO --> FORECAST: start GCL 5m

[2 occurrence(s)]
INFO --> ensureTickerExists: GRAL already exists in bf_investment_tickers.

[2 occurrence(s)]
INFO --> FORECAST: start GRAL 5m

[2 occurrence(s)]
INFO --> ensureTickerExists: GRRR already exists in bf_investment_tickers.

[2 occurrence(s)]
INFO --> FORECAST: start GRRR 5m

[1 occurrence(s)]
INFO --> ensureTickerExists: GSAT already exists in bf_investment_tickers.

[1 occurrence(s)]
INFO --> FORECAST: start GSAT 5m

[5 occurrence(s)]
INFO --> ensureTickerExists: HCA already exists in bf_investment_tickers.

[5 occurrence(s)]
INFO --> FORECAST: start HCA 5m

[1 occurrence(s)]
INFO --> ensureTickerExists: HCKT already exists in bf_investment_tickers.

[1 occurrence(s)]
INFO --> FORECAST: start HCKT 5m

[1 occurrence(s)]
INFO --> ensureTickerExists: HIMX already exists in bf_investment_tickers.

[1 occurrence(s)]
INFO --> FORECAST: start HIMX 5m

[6 occurrence(s)]
INFO --> ensureTickerExists: IONQ already exists in bf_investment_tickers.

[6 occurrence(s)]
INFO --> FORECAST: start IONQ 5m

[1 occurrence(s)]
INFO --> ensureTickerExists: IRBT already exists in bf_investment_tickers.

[1 occurrence(s)]
INFO --> FORECAST: start IRBT 5m

[2 occurrence(s)]
INFO --> ensureTickerExists: ITCI already exists in bf_investment_tickers.

[2 occurrence(s)]
INFO --> FORECAST: start ITCI 5m

[5 occurrence(s)]
INFO --> ensureTickerExists: JNJ already exists in bf_investment_tickers.

[5 occurrence(s)]
INFO --> FORECAST: start JNJ 5m

[2 occurrence(s)]
INFO --> ensureTickerExists: KO already exists in bf_investment_tickers.

[2 occurrence(s)]
INFO --> FORECAST: start KO 5m

[2 occurrence(s)]
INFO --> ensureTickerExists: KRYS already exists in bf_investment_tickers.

[2 occurrence(s)]
INFO --> FORECAST: start KRYS 5m

[3 occurrence(s)]
INFO --> ensureTickerExists: LDOS already exists in bf_investment_tickers.

[3 occurrence(s)]
INFO --> FORECAST: start LDOS 5m

[3 occurrence(s)]
INFO --> ensureTickerExists: LLY already exists in bf_investment_tickers.

[3 occurrence(s)]
INFO --> FORECAST: start LLY 5m

[3 occurrence(s)]
INFO --> ensureTickerExists: LMT already exists in bf_investment_tickers.

[3 occurrence(s)]
INFO --> FORECAST: start LMT 5m

[3 occurrence(s)]
INFO --> ensureTickerExists: LRCX already exists in bf_investment_tickers.

[3 occurrence(s)]
INFO --> FORECAST: start LRCX 5m

[4 occurrence(s)]
INFO --> ensureTickerExists: MRNA already exists in bf_investment_tickers.

[4 occurrence(s)]
INFO --> FORECAST: start MRNA 5m

[1 occurrence(s)]
INFO --> ensureTickerExists: MTDR already exists in bf_investment_tickers.

[1 occurrence(s)]
INFO --> FORECAST: start MTDR 5m

[3 occurrence(s)]
INFO --> ensureTickerExists: NIO already exists in bf_investment_tickers.

[3 occurrence(s)]
INFO --> FORECAST: start NIO 5m

[1 occurrence(s)]
INFO --> ensureTickerExists: NZF already exists in bf_investment_tickers.

[1 occurrence(s)]
INFO --> FORECAST: start NZF 5m

[1 occurrence(s)]
INFO --> ensureTickerExists: WS already exists in bf_investment_tickers.

[1 occurrence(s)]
INFO --> FORECAST: start WS 5m

[1 occurrence(s)]
INFO --> ensureTickerExists: PBR already exists in bf_investment_tickers.

[1 occurrence(s)]
INFO --> FORECAST: start PBR 5m

[5 occurrence(s)]
INFO --> ensureTickerExists: A already exists in bf_investment_tickers.

[5 occurrence(s)]
INFO --> FORECAST: start A 5m

[2 occurrence(s)]
INFO --> ensureTickerExists: PCG already exists in bf_investment_tickers.

[2 occurrence(s)]
INFO --> FORECAST: start PCG 5m

[1 occurrence(s)]
INFO --> ensureTickerExists: PR already exists in bf_investment_tickers.

[1 occurrence(s)]
INFO --> FORECAST: start PR 5m

[2 occurrence(s)]
INFO --> ensureTickerExists: QUAD already exists in bf_investment_tickers.

[2 occurrence(s)]
INFO --> FORECAST: start QUAD 5m

[1 occurrence(s)]
INFO --> ensureTickerExists: RBLX already exists in bf_investment_tickers.

[1 occurrence(s)]
INFO --> FORECAST: start RBLX 5m

[1 occurrence(s)]
INFO --> ensureTickerExists: RCAT already exists in bf_investment_tickers.

[1 occurrence(s)]
INFO --> FORECAST: start RCAT 5m

[2 occurrence(s)]
INFO --> ensureTickerExists: RDDT already exists in bf_investment_tickers.

[2 occurrence(s)]
INFO --> FORECAST: start RDDT 5m

[1 occurrence(s)]
INFO --> ensureTickerExists: RDW already exists in bf_investment_tickers.

[1 occurrence(s)]
INFO --> FORECAST: start RDW 5m

[3 occurrence(s)]
INFO --> ensureTickerExists: RIOT already exists in bf_investment_tickers.

[3 occurrence(s)]
INFO --> FORECAST: start RIOT 5m

[3 occurrence(s)]
INFO --> ensureTickerExists: RKLB already exists in bf_investment_tickers.

[3 occurrence(s)]
INFO --> FORECAST: start RKLB 5m

[2 occurrence(s)]
INFO --> ensureTickerExists: ROCK already exists in bf_investment_tickers.

[2 occurrence(s)]
INFO --> FORECAST: start ROCK 5m

[3 occurrence(s)]
INFO --> ensureTickerExists: RXRX already exists in bf_investment_tickers.

[3 occurrence(s)]
INFO --> FORECAST: start RXRX 5m

[3 occurrence(s)]
INFO --> ensureTickerExists: SMMT already exists in bf_investment_tickers.

[3 occurrence(s)]
INFO --> FORECAST: start SMMT 5m

[2 occurrence(s)]
INFO --> ensureTickerExists: SPIR already exists in bf_investment_tickers.

[2 occurrence(s)]
INFO --> FORECAST: start SPIR 5m

[1 occurrence(s)]
INFO --> ensureTickerExists: SSRM already exists in bf_investment_tickers.

[1 occurrence(s)]
INFO --> FORECAST: start SSRM 5m

[1 occurrence(s)]
INFO --> ensureTickerExists: STAI already exists in bf_investment_tickers.

[1 occurrence(s)]
INFO --> FORECAST: start STAI 5m

[1 occurrence(s)]
INFO --> ensureTickerExists: T already exists in bf_investment_tickers.

[1 occurrence(s)]
INFO --> FORECAST: start T 5m

[1 occurrence(s)]
INFO --> ensureTickerExists: TRMB already exists in bf_investment_tickers.

[1 occurrence(s)]
INFO --> FORECAST: start TRMB 5m

[2 occurrence(s)]
INFO --> ensureTickerExists: UPST already exists in bf_investment_tickers.

[2 occurrence(s)]
INFO --> FORECAST: start UPST 5m

[1 occurrence(s)]
INFO --> ensureTickerExists: USAU already exists in bf_investment_tickers.

[1 occurrence(s)]
INFO --> FORECAST: start USAU 5m

[1 occurrence(s)]
INFO --> ensureTickerExists: VNET already exists in bf_investment_tickers.

[1 occurrence(s)]
INFO --> FORECAST: start VNET 5m

[1 occurrence(s)]
INFO --> ensureTickerExists: VZ already exists in bf_investment_tickers.

[1 occurrence(s)]
INFO --> FORECAST: start VZ 5m

[1 occurrence(s)]
INFO --> ensureTickerExists: XIFR already exists in bf_investment_tickers.

[1 occurrence(s)]
INFO --> FORECAST: start XIFR 5m

[1 occurrence(s)]
INFO --> ensureTickerExists: ZG already exists in bf_investment_tickers.

[1 occurrence(s)]
INFO --> FORECAST: start ZG 5m

[1 occurrence(s)]
INFO --> ensureTickerExists: ZK already exists in bf_investment_tickers.

[1 occurrence(s)]
INFO --> FORECAST: start ZK 5m

[1 occurrence(s)]
INFO --> ✅ Marking scraper record ID 22 as Processed.

[1 occurrence(s)]
INFO --> 📩 Processing Email ID: 23

[1 occurrence(s)]
INFO --> ✅ Marking scraper record ID 23 as Processed.

[1 occurrence(s)]
INFO --> 📩 Processing Email ID: 24

[7 occurrence(s)]
INFO --> ensureTickerExists: AAPL already exists in bf_investment_tickers.

[7 occurrence(s)]
INFO --> FORECAST: start AAPL 5m

[1 occurrence(s)]
INFO --> ensureTickerExists: ADMA already exists in bf_investment_tickers.

[1 occurrence(s)]
INFO --> FORECAST: start ADMA 5m

[1 occurrence(s)]
INFO --> ensureTickerExists: ALT already exists in bf_investment_tickers.

[1 occurrence(s)]
INFO --> FORECAST: start ALT 5m

[1 occurrence(s)]
INFO --> ensureTickerExists: APPF already exists in bf_investment_tickers.

[1 occurrence(s)]
INFO --> FORECAST: start APPF 5m

[4 occurrence(s)]
INFO --> ensureTickerExists: ARQQ already exists in bf_investment_tickers.

[4 occurrence(s)]
INFO --> FORECAST: start ARQQ 5m

[1 occurrence(s)]
INFO --> ensureTickerExists: BEAM already exists in bf_investment_tickers.

[1 occurrence(s)]
INFO --> FORECAST: start BEAM 5m

[1 occurrence(s)]
INFO --> ensureTickerExists: BFRG already exists in bf_investment_tickers.

[1 occurrence(s)]
INFO --> FORECAST: start BFRG 5m

[1 occurrence(s)]
INFO --> ensureTickerExists: CGNX already exists in bf_investment_tickers.

[1 occurrence(s)]
INFO --> FORECAST: start CGNX 5m

[2 occurrence(s)]
INFO --> ensureTickerExists: CINF already exists in bf_investment_tickers.

[2 occurrence(s)]
INFO --> FORECAST: start CINF 5m

[1 occurrence(s)]
INFO --> ensureTickerExists: CMCSA already exists in bf_investment_tickers.

[1 occurrence(s)]
INFO --> FORECAST: start CMCSA 5m

[1 occurrence(s)]
INFO --> ensureTickerExists: CMPX already exists in bf_investment_tickers.

[1 occurrence(s)]
INFO --> FORECAST: start CMPX 5m

[2 occurrence(s)]
INFO --> ensureTickerExists: COR already exists in bf_investment_tickers.

[2 occurrence(s)]
INFO --> FORECAST: start COR 5m

[1 occurrence(s)]
INFO --> ensureTickerExists: CRL already exists in bf_investment_tickers.

[1 occurrence(s)]
INFO --> FORECAST: start CRL 5m

[1 occurrence(s)]
INFO --> ensureTickerExists: CRSP already exists in bf_investment_tickers.

[1 occurrence(s)]
INFO --> FORECAST: start CRSP 5m

[1 occurrence(s)]
INFO --> ensureTickerExists: CRTO already exists in bf_investment_tickers.

[1 occurrence(s)]
INFO --> FORECAST: start CRTO 5m

[7 occurrence(s)]
INFO --> ensureTickerExists: DIS already exists in bf_investment_tickers.

[7 occurrence(s)]
INFO --> FORECAST: start DIS 5m

[1 occurrence(s)]
INFO --> ensureTickerExists: DXCM already exists in bf_investment_tickers.

[1 occurrence(s)]
INFO --> FORECAST: start DXCM 5m

[1 occurrence(s)]
INFO --> ensureTickerExists: DXYZ already exists in bf_investment_tickers.

[1 occurrence(s)]
INFO --> FORECAST: start DXYZ 5m

[1 occurrence(s)]
INFO --> ensureTickerExists: EVGO already exists in bf_investment_tickers.

[1 occurrence(s)]
INFO --> FORECAST: start EVGO 5m

[2 occurrence(s)]
INFO --> ensureTickerExists: FLNC already exists in bf_investment_tickers.

[2 occurrence(s)]
INFO --> FORECAST: start FLNC 5m

[1 occurrence(s)]
INFO --> ensureTickerExists: GILD already exists in bf_investment_tickers.

[1 occurrence(s)]
INFO --> FORECAST: start GILD 5m

[7 occurrence(s)]
INFO --> ensureTickerExists: HOOD already exists in bf_investment_tickers.

[7 occurrence(s)]
INFO --> FORECAST: start HOOD 5m

[1 occurrence(s)]
INFO --> ensureTickerExists: HTGC already exists in bf_investment_tickers.

[1 occurrence(s)]
INFO --> FORECAST: start HTGC 5m

[1 occurrence(s)]
INFO --> ensureTickerExists: IBRX already exists in bf_investment_tickers.

[1 occurrence(s)]
INFO --> FORECAST: start IBRX 5m

[1 occurrence(s)]
INFO --> ensureTickerExists: IRDM already exists in bf_investment_tickers.

[1 occurrence(s)]
INFO --> FORECAST: start IRDM 5m

[1 occurrence(s)]
INFO --> ensureTickerExists: LICN already exists in bf_investment_tickers.

[1 occurrence(s)]
INFO --> FORECAST: start LICN 5m

[2 occurrence(s)]
INFO --> ensureTickerExists: LIN already exists in bf_investment_tickers.

[2 occurrence(s)]
INFO --> FORECAST: start LIN 5m

[1 occurrence(s)]
INFO --> ensureTickerExists: MRUS already exists in bf_investment_tickers.

[1 occurrence(s)]
INFO --> FORECAST: start MRUS 5m

[2 occurrence(s)]
INFO --> ensureTickerExists: MTTR already exists in bf_investment_tickers.

[2 occurrence(s)]
INFO --> FORECAST: start MTTR 5m

[3 occurrence(s)]
INFO --> ensureTickerExists: MVIS already exists in bf_investment_tickers.

[3 occurrence(s)]
INFO --> FORECAST: start MVIS 5m

[1 occurrence(s)]
INFO --> ensureTickerExists: MYI already exists in bf_investment_tickers.

[1 occurrence(s)]
INFO --> FORECAST: start MYI 5m

[1 occurrence(s)]
INFO --> ensureTickerExists: NLY already exists in bf_investment_tickers.

[1 occurrence(s)]
INFO --> FORECAST: start NLY 5m

[1 occurrence(s)]
INFO --> ensureTickerExists: NUS already exists in bf_investment_tickers.

[1 occurrence(s)]
INFO --> FORECAST: start NUS 5m

[4 occurrence(s)]
INFO --> ensureTickerExists: PACB already exists in bf_investment_tickers.

[4 occurrence(s)]
INFO --> FORECAST: start PACB 5m

[7 occurrence(s)]
INFO --> ensureTickerExists: PFE already exists in bf_investment_tickers.

[7 occurrence(s)]
INFO --> FORECAST: start PFE 5m

[1 occurrence(s)]
INFO --> ensureTickerExists: PRTA already exists in bf_investment_tickers.

[1 occurrence(s)]
INFO --> FORECAST: start PRTA 5m

[1 occurrence(s)]
INFO --> ensureTickerExists: PSO already exists in bf_investment_tickers.

[1 occurrence(s)]
INFO --> FORECAST: start PSO 5m

[1 occurrence(s)]
INFO --> ensureTickerExists: RDFN already exists in bf_investment_tickers.

[1 occurrence(s)]
INFO --> FORECAST: start RDFN 5m

[3 occurrence(s)]
INFO --> ensureTickerExists: RUSHA already exists in bf_investment_tickers.

[3 occurrence(s)]
INFO --> FORECAST: start RUSHA 5m

[1 occurrence(s)]
INFO --> ensureTickerExists: SUPN already exists in bf_investment_tickers.

[1 occurrence(s)]
INFO --> FORECAST: start SUPN 5m

[1 occurrence(s)]
INFO --> ensureTickerExists: TGT already exists in bf_investment_tickers.

[1 occurrence(s)]
INFO --> FORECAST: start TGT 5m

[1 occurrence(s)]
INFO --> ensureTickerExists: UIS already exists in bf_investment_tickers.

[1 occurrence(s)]
INFO --> FORECAST: start UIS 5m

[1 occurrence(s)]
INFO --> ensureTickerExists: VEON already exists in bf_investment_tickers.

[1 occurrence(s)]
INFO --> FORECAST: start VEON 5m

[2 occurrence(s)]
INFO --> ensureTickerExists: VRN already exists in bf_investment_tickers.

[2 occurrence(s)]
INFO --> FORECAST: start VRN 5m

[1 occurrence(s)]
INFO --> ensureTickerExists: WEC already exists in bf_investment_tickers.

[1 occurrence(s)]
INFO --> FORECAST: start WEC 5m

[1 occurrence(s)]
INFO --> ensureTickerExists: XHLD already exists in bf_investment_tickers.

[1 occurrence(s)]
INFO --> FORECAST: start XHLD 5m

[1 occurrence(s)]
INFO --> ✅ Marking scraper record ID 24 as Processed.

[1 occurrence(s)]
INFO --> 📩 Processing Email ID: 25

[1 occurrence(s)]
INFO --> ✅ Marking scraper record ID 25 as Processed.

[1 occurrence(s)]
INFO --> 📩 Processing Email ID: 26

[2 occurrence(s)]
INFO --> ensureTickerExists: PG already exists in bf_investment_tickers.

[2 occurrence(s)]
INFO --> FORECAST: start PG 5m

[1 occurrence(s)]
INFO --> ✅ Marking scraper record ID 26 as Processed.

[1 occurrence(s)]
INFO --> 📩 Processing Email ID: 27

[1 occurrence(s)]
INFO --> ensureTickerExists: BGS already exists in bf_investment_tickers.

[1 occurrence(s)]
INFO --> FORECAST: start BGS 5m

[1 occurrence(s)]
INFO --> ensureTickerExists: CAG already exists in bf_investment_tickers.

[1 occurrence(s)]
INFO --> FORECAST: start CAG 5m

[4 occurrence(s)]
INFO --> ensureTickerExists: CCI already exists in bf_investment_tickers.

[4 occurrence(s)]
INFO --> FORECAST: start CCI 5m

[5 occurrence(s)]
INFO --> ensureTickerExists: F already exists in bf_investment_tickers.

[5 occurrence(s)]
INFO --> FORECAST: start F 5m

[4 occurrence(s)]
INFO --> ensureTickerExists: MQ already exists in bf_investment_tickers.

[4 occurrence(s)]
INFO --> FORECAST: start MQ 5m

[2 occurrence(s)]
INFO --> ensureTickerExists: NGG already exists in bf_investment_tickers.

[2 occurrence(s)]
INFO --> FORECAST: start NGG 5m

[3 occurrence(s)]
INFO --> ensureTickerExists: PARA already exists in bf_investment_tickers.

[3 occurrence(s)]
INFO --> FORECAST: start PARA 5m

[1 occurrence(s)]
INFO --> ✅ Marking scraper record ID 27 as Processed.

[1 occurrence(s)]
INFO --> 📩 Processing Email ID: 28

[1 occurrence(s)]
INFO --> ✅ Marking scraper record ID 28 as Processed.

[1 occurrence(s)]
INFO --> 📩 Processing Email ID: 29

[1 occurrence(s)]
INFO --> ✅ Marking scraper record ID 29 as Processed.

[1 occurrence(s)]
INFO --> 📩 Processing Email ID: 30

[2 occurrence(s)]
INFO --> ensureTickerExists: ADPT already exists in bf_investment_tickers.

[2 occurrence(s)]
INFO --> FORECAST: start ADPT 5m

[2 occurrence(s)]
INFO --> ensureTickerExists: ARIS already exists in bf_investment_tickers.

[2 occurrence(s)]
INFO --> FORECAST: start ARIS 5m

[2 occurrence(s)]
INFO --> ensureTickerExists: BP already exists in bf_investment_tickers.

[2 occurrence(s)]
INFO --> FORECAST: start BP 5m

[1 occurrence(s)]
INFO --> ensureTickerExists: CHPT already exists in bf_investment_tickers.

[1 occurrence(s)]
INFO --> FORECAST: start CHPT 5m

[2 occurrence(s)]
INFO --> ensureTickerExists: CLF already exists in bf_investment_tickers.

[2 occurrence(s)]
INFO --> FORECAST: start CLF 5m

[1 occurrence(s)]
INFO --> ensureTickerExists: CLVT already exists in bf_investment_tickers.

[1 occurrence(s)]
INFO --> FORECAST: start CLVT 5m

[1 occurrence(s)]
INFO --> ensureTickerExists: CYN already exists in bf_investment_tickers.

[1 occurrence(s)]
INFO --> FORECAST: start CYN 5m

[1 occurrence(s)]
INFO --> ensureTickerExists: DOMH already exists in bf_investment_tickers.

[1 occurrence(s)]
INFO --> FORECAST: start DOMH 5m

[3 occurrence(s)]
INFO --> ensureTickerExists: EWTX already exists in bf_investment_tickers.

[3 occurrence(s)]
INFO --> FORECAST: start EWTX 5m

[3 occurrence(s)]
INFO --> ensureTickerExists: FANG already exists in bf_investment_tickers.

[3 occurrence(s)]
INFO --> FORECAST: start FANG 5m

[2 occurrence(s)]
INFO --> ensureTickerExists: FMX already exists in bf_investment_tickers.

[2 occurrence(s)]
INFO --> FORECAST: start FMX 5m

[1 occurrence(s)]
INFO --> ensureTickerExists: FRO already exists in bf_investment_tickers.

[1 occurrence(s)]
INFO --> FORECAST: start FRO 5m

[2 occurrence(s)]
INFO --> ensureTickerExists: GIS already exists in bf_investment_tickers.

[2 occurrence(s)]
INFO --> FORECAST: start GIS 5m

[3 occurrence(s)]
INFO --> ensureTickerExists: GOLD already exists in bf_investment_tickers.

[3 occurrence(s)]
INFO --> FORECAST: start GOLD 5m

[1 occurrence(s)]
INFO --> ensureTickerExists: GPC already exists in bf_investment_tickers.

[1 occurrence(s)]
INFO --> FORECAST: start GPC 5m

[2 occurrence(s)]
INFO --> ensureTickerExists: INSM already exists in bf_investment_tickers.

[2 occurrence(s)]
INFO --> FORECAST: start INSM 5m

[2 occurrence(s)]
INFO --> ensureTickerExists: IQ already exists in bf_investment_tickers.

[2 occurrence(s)]
INFO --> FORECAST: start IQ 5m

[1 occurrence(s)]
INFO --> ensureTickerExists: JBGS already exists in bf_investment_tickers.

[1 occurrence(s)]
INFO --> FORECAST: start JBGS 5m

[2 occurrence(s)]
INFO --> ensureTickerExists: KC already exists in bf_investment_tickers.

[2 occurrence(s)]
INFO --> FORECAST: start KC 5m

[1 occurrence(s)]
INFO --> ensureTickerExists: KDLY already exists in bf_investment_tickers.

[1 occurrence(s)]
INFO --> FORECAST: start KDLY 5m

[1 occurrence(s)]
INFO --> ensureTickerExists: KGS already exists in bf_investment_tickers.

[1 occurrence(s)]
INFO --> FORECAST: start KGS 5m

[2 occurrence(s)]
INFO --> ensureTickerExists: LAES already exists in bf_investment_tickers.

[2 occurrence(s)]
INFO --> FORECAST: start LAES 5m

[1 occurrence(s)]
INFO --> ensureTickerExists: LB already exists in bf_investment_tickers.

[1 occurrence(s)]
INFO --> FORECAST: start LB 5m

[1 occurrence(s)]
INFO --> ensureTickerExists: MGM already exists in bf_investment_tickers.

[1 occurrence(s)]
INFO --> FORECAST: start MGM 5m

[1 occurrence(s)]
INFO --> ensureTickerExists: MODG already exists in bf_investment_tickers.

[1 occurrence(s)]
INFO --> FORECAST: start MODG 5m

[1 occurrence(s)]
INFO --> ensureTickerExists: NDAQ already exists in bf_investment_tickers.

[1 occurrence(s)]
INFO --> FORECAST: start NDAQ 5m

[3 occurrence(s)]
INFO --> ensureTickerExists: NTR already exists in bf_investment_tickers.

[3 occurrence(s)]
INFO --> FORECAST: start NTR 5m

[2 occurrence(s)]
INFO --> ensureTickerExists: ORKA already exists in bf_investment_tickers.

[2 occurrence(s)]
INFO --> FORECAST: start ORKA 5m

[1 occurrence(s)]
INFO --> ensureTickerExists: PBI already exists in bf_investment_tickers.

[1 occurrence(s)]
INFO --> FORECAST: start PBI 5m

[1 occurrence(s)]
INFO --> ensureTickerExists: PDO already exists in bf_investment_tickers.

[1 occurrence(s)]
INFO --> FORECAST: start PDO 5m

[2 occurrence(s)]
INFO --> ensureTickerExists: PGR already exists in bf_investment_tickers.

[2 occurrence(s)]
INFO --> FORECAST: start PGR 5m

[2 occurrence(s)]
INFO --> ensureTickerExists: SANA already exists in bf_investment_tickers.

[2 occurrence(s)]
INFO --> FORECAST: start SANA 5m

[1 occurrence(s)]
INFO --> ensureTickerExists: SHEL already exists in bf_investment_tickers.

[1 occurrence(s)]
INFO --> FORECAST: start SHEL 5m

[1 occurrence(s)]
INFO --> ensureTickerExists: STRL already exists in bf_investment_tickers.

[1 occurrence(s)]
INFO --> FORECAST: start STRL 5m

[1 occurrence(s)]
INFO --> ensureTickerExists: SU already exists in bf_investment_tickers.

[1 occurrence(s)]
INFO --> FORECAST: start SU 5m

[1 occurrence(s)]
INFO --> ensureTickerExists: TRMD already exists in bf_investment_tickers.

[1 occurrence(s)]
INFO --> FORECAST: start TRMD 5m

[5 occurrence(s)]
INFO --> ensureTickerExists: UAL already exists in bf_investment_tickers.

[5 occurrence(s)]
INFO --> FORECAST: start UAL 5m

[3 occurrence(s)]
INFO --> ensureTickerExists: UL already exists in bf_investment_tickers.

[3 occurrence(s)]
INFO --> FORECAST: start UL 5m

[1 occurrence(s)]
INFO --> ensureTickerExists: VRDN already exists in bf_investment_tickers.

[1 occurrence(s)]
INFO --> FORECAST: start VRDN 5m

[5 occurrence(s)]
INFO --> ensureTickerExists: WBD already exists in bf_investment_tickers.

[5 occurrence(s)]
INFO --> FORECAST: start WBD 5m

[1 occurrence(s)]
INFO --> ensureTickerExists: WNC already exists in bf_investment_tickers.

[1 occurrence(s)]
INFO --> FORECAST: start WNC 5m

[1 occurrence(s)]
INFO --> ✅ Marking scraper record ID 30 as Processed.

[1 occurrence(s)]
INFO --> 📩 Processing Email ID: 31

[3 occurrence(s)]
INFO --> ensureTickerExists: NKE already exists in bf_investment_tickers.

[3 occurrence(s)]
INFO --> FORECAST: start NKE 5m

[2 occurrence(s)]
INFO --> ensureTickerExists: TEM already exists in bf_investment_tickers.

[2 occurrence(s)]
INFO --> FORECAST: start TEM 5m

[1 occurrence(s)]
INFO --> ✅ Marking scraper record ID 31 as Processed.

[1 occurrence(s)]
INFO --> 📩 Processing Email ID: 32

[2 occurrence(s)]
INFO --> ensureTickerExists: AGL already exists in bf_investment_tickers.

[2 occurrence(s)]
INFO --> FORECAST: start AGL 5m

[1 occurrence(s)]
INFO --> ensureTickerExists: AIFF already exists in bf_investment_tickers.

[1 occurrence(s)]
INFO --> FORECAST: start AIFF 5m

[1 occurrence(s)]
INFO --> ensureTickerExists: AMPX already exists in bf_investment_tickers.

[1 occurrence(s)]
INFO --> FORECAST: start AMPX 5m

[3 occurrence(s)]
INFO --> ensureTickerExists: ARVN already exists in bf_investment_tickers.

[3 occurrence(s)]
INFO --> FORECAST: start ARVN 5m

[1 occurrence(s)]
INFO --> ensureTickerExists: BMEZ already exists in bf_investment_tickers.

[1 occurrence(s)]
INFO --> FORECAST: start BMEZ 5m

[1 occurrence(s)]
INFO --> ensureTickerExists: CFG already exists in bf_investment_tickers.

[1 occurrence(s)]
INFO --> FORECAST: start CFG 5m

[1 occurrence(s)]
INFO --> ensureTickerExists: CHRD already exists in bf_investment_tickers.

[1 occurrence(s)]
INFO --> FORECAST: start CHRD 5m

[1 occurrence(s)]
INFO --> ensureTickerExists: CLDX already exists in bf_investment_tickers.

[1 occurrence(s)]
INFO --> FORECAST: start CLDX 5m

[1 occurrence(s)]
INFO --> ensureTickerExists: CRDF already exists in bf_investment_tickers.

[1 occurrence(s)]
INFO --> FORECAST: start CRDF 5m

[1 occurrence(s)]
INFO --> ensureTickerExists: CRSR already exists in bf_investment_tickers.

[1 occurrence(s)]
INFO --> FORECAST: start CRSR 5m

[1 occurrence(s)]
INFO --> ensureTickerExists: EAT already exists in bf_investment_tickers.

[1 occurrence(s)]
INFO --> FORECAST: start EAT 5m

[2 occurrence(s)]
INFO --> ensureTickerExists: ELF already exists in bf_investment_tickers.

[2 occurrence(s)]
INFO --> FORECAST: start ELF 5m

[1 occurrence(s)]
INFO --> ensureTickerExists: FATE already exists in bf_investment_tickers.

[1 occurrence(s)]
INFO --> FORECAST: start FATE 5m

[3 occurrence(s)]
INFO --> ensureTickerExists: FDS already exists in bf_investment_tickers.

[3 occurrence(s)]
INFO --> FORECAST: start FDS 5m

[2 occurrence(s)]
INFO --> ensureTickerExists: GPRK already exists in bf_investment_tickers.

[2 occurrence(s)]
INFO --> FORECAST: start GPRK 5m

[2 occurrence(s)]
INFO --> ensureTickerExists: HE already exists in bf_investment_tickers.

[2 occurrence(s)]
INFO --> FORECAST: start HE 5m

[1 occurrence(s)]
INFO --> ensureTickerExists: ILMN already exists in bf_investment_tickers.

[1 occurrence(s)]
INFO --> FORECAST: start ILMN 5m

[1 occurrence(s)]
INFO --> ensureTickerExists: IPGP already exists in bf_investment_tickers.

[1 occurrence(s)]
INFO --> FORECAST: start IPGP 5m

[1 occurrence(s)]
INFO --> ensureTickerExists: KTB already exists in bf_investment_tickers.

[1 occurrence(s)]
INFO --> FORECAST: start KTB 5m

[2 occurrence(s)]
INFO --> ensureTickerExists: MPC already exists in bf_investment_tickers.

[2 occurrence(s)]
INFO --> FORECAST: start MPC 5m

[1 occurrence(s)]
INFO --> ensureTickerExists: OCEA already exists in bf_investment_tickers.

[1 occurrence(s)]
INFO --> FORECAST: start OCEA 5m

[1 occurrence(s)]
INFO --> ensureTickerExists: PII already exists in bf_investment_tickers.

[1 occurrence(s)]
INFO --> FORECAST: start PII 5m

[1 occurrence(s)]
INFO --> ensureTickerExists: POST already exists in bf_investment_tickers.

[1 occurrence(s)]
INFO --> FORECAST: start POST 5m

[1 occurrence(s)]
INFO --> ensureTickerExists: RCKT already exists in bf_investment_tickers.

[1 occurrence(s)]
INFO --> FORECAST: start RCKT 5m

[2 occurrence(s)]
INFO --> ensureTickerExists: RGEN already exists in bf_investment_tickers.

[2 occurrence(s)]
INFO --> FORECAST: start RGEN 5m

[1 occurrence(s)]
INFO --> ensureTickerExists: TECH already exists in bf_investment_tickers.

[1 occurrence(s)]
INFO --> FORECAST: start TECH 5m

[2 occurrence(s)]
INFO --> ensureTickerExists: TER already exists in bf_investment_tickers.

[2 occurrence(s)]
INFO --> FORECAST: start TER 5m

[3 occurrence(s)]
INFO --> ensureTickerExists: TSCO already exists in bf_investment_tickers.

[3 occurrence(s)]
INFO --> FORECAST: start TSCO 5m

[2 occurrence(s)]
INFO --> ensureTickerExists: UNH already exists in bf_investment_tickers.

[2 occurrence(s)]
INFO --> FORECAST: start UNH 5m

[1 occurrence(s)]
INFO --> ensureTickerExists: UNM already exists in bf_investment_tickers.

[1 occurrence(s)]
INFO --> FORECAST: start UNM 5m

[1 occurrence(s)]
INFO --> ensureTickerExists: VFC already exists in bf_investment_tickers.

[1 occurrence(s)]
INFO --> FORECAST: start VFC 5m

[1 occurrence(s)]
INFO --> ensureTickerExists: XLO already exists in bf_investment_tickers.

[1 occurrence(s)]
INFO --> FORECAST: start XLO 5m

[2 occurrence(s)]
INFO --> ensureTickerExists: XP already exists in bf_investment_tickers.

[2 occurrence(s)]
INFO --> FORECAST: start XP 5m

[1 occurrence(s)]
INFO --> ✅ Marking scraper record ID 32 as Processed.

[1 occurrence(s)]
INFO --> 📩 Processing Email ID: 33

[1 occurrence(s)]
INFO --> ensureTickerExists: CTAS already exists in bf_investment_tickers.

[1 occurrence(s)]
INFO --> FORECAST: start CTAS 5m

[1 occurrence(s)]
INFO --> ✅ Marking scraper record ID 33 as Processed.

[1 occurrence(s)]
INFO --> 📩 Processing Email ID: 34

[9 occurrence(s)]
INFO --> ensureTickerExists: AMD already exists in bf_investment_tickers.

[9 occurrence(s)]
INFO --> FORECAST: start AMD 5m

[1 occurrence(s)]
INFO --> ✅ Marking scraper record ID 34 as Processed.

[1 occurrence(s)]
INFO --> 📩 Processing Email ID: 35

[1 occurrence(s)]
INFO --> ensureTickerExists: ARGX already exists in bf_investment_tickers.

[1 occurrence(s)]
INFO --> FORECAST: start ARGX 5m

[1 occurrence(s)]
INFO --> ensureTickerExists: AXGN already exists in bf_investment_tickers.

[1 occurrence(s)]
INFO --> FORECAST: start AXGN 5m

[1 occurrence(s)]
INFO --> ensureTickerExists: BCAX already exists in bf_investment_tickers.

[1 occurrence(s)]
INFO --> FORECAST: start BCAX 5m

[1 occurrence(s)]
INFO --> ensureTickerExists: BUSE already exists in bf_investment_tickers.

[1 occurrence(s)]
INFO --> FORECAST: start BUSE 5m

[1 occurrence(s)]
INFO --> ensureTickerExists: BYD already exists in bf_investment_tickers.

[1 occurrence(s)]
INFO --> FORECAST: start BYD 5m

[1 occurrence(s)]
INFO --> ensureTickerExists: CL already exists in bf_investment_tickers.

[1 occurrence(s)]
INFO --> FORECAST: start CL 5m

[1 occurrence(s)]
INFO --> ensureTickerExists: CRMD already exists in bf_investment_tickers.

[1 occurrence(s)]
INFO --> FORECAST: start CRMD 5m

[1 occurrence(s)]
INFO --> ensureTickerExists: CXM already exists in bf_investment_tickers.

[1 occurrence(s)]
INFO --> FORECAST: start CXM 5m

[1 occurrence(s)]
INFO --> ensureTickerExists: DX already exists in bf_investment_tickers.

[1 occurrence(s)]
INFO --> FORECAST: start DX 5m

[1 occurrence(s)]
INFO --> ensureTickerExists: EZPW already exists in bf_investment_tickers.

[1 occurrence(s)]
INFO --> FORECAST: start EZPW 5m

[3 occurrence(s)]
INFO --> ensureTickerExists: FTRE already exists in bf_investment_tickers.

[3 occurrence(s)]
INFO --> FORECAST: start FTRE 5m

[1 occurrence(s)]
INFO --> ensureTickerExists: GMAB already exists in bf_investment_tickers.

[1 occurrence(s)]
INFO --> FORECAST: start GMAB 5m

[1 occurrence(s)]
INFO --> ensureTickerExists: ITGR already exists in bf_investment_tickers.

[1 occurrence(s)]
INFO --> FORECAST: start ITGR 5m

[2 occurrence(s)]
INFO --> ensureTickerExists: IVR already exists in bf_investment_tickers.

[2 occurrence(s)]
INFO --> FORECAST: start IVR 5m

[1 occurrence(s)]
INFO --> ensureTickerExists: JSPR already exists in bf_investment_tickers.

[1 occurrence(s)]
INFO --> FORECAST: start JSPR 5m

[1 occurrence(s)]
INFO --> ensureTickerExists: LZB already exists in bf_investment_tickers.

[1 occurrence(s)]
INFO --> FORECAST: start LZB 5m

[1 occurrence(s)]
INFO --> ensureTickerExists: MBC already exists in bf_investment_tickers.

[1 occurrence(s)]
INFO --> FORECAST: start MBC 5m

[5 occurrence(s)]
INFO --> ensureTickerExists: NEE already exists in bf_investment_tickers.

[5 occurrence(s)]
INFO --> FORECAST: start NEE 5m

[3 occurrence(s)]
INFO --> ensureTickerExists: NVS already exists in bf_investment_tickers.

[3 occurrence(s)]
INFO --> FORECAST: start NVS 5m

[1 occurrence(s)]
INFO --> ensureTickerExists: OLMA already exists in bf_investment_tickers.

[1 occurrence(s)]
INFO --> FORECAST: start OLMA 5m

[1 occurrence(s)]
INFO --> ensureTickerExists: RNR already exists in bf_investment_tickers.

[1 occurrence(s)]
INFO --> FORECAST: start RNR 5m

[2 occurrence(s)]
INFO --> ensureTickerExists: SAVA already exists in bf_investment_tickers.

[2 occurrence(s)]
INFO --> FORECAST: start SAVA 5m

[2 occurrence(s)]
INFO --> ensureTickerExists: SGML already exists in bf_investment_tickers.

[2 occurrence(s)]
INFO --> FORECAST: start SGML 5m

[2 occurrence(s)]
INFO --> ensureTickerExists: SYY already exists in bf_investment_tickers.

[2 occurrence(s)]
INFO --> FORECAST: start SYY 5m

[1 occurrence(s)]
INFO --> ensureTickerExists: VSH already exists in bf_investment_tickers.

[1 occurrence(s)]
INFO --> FORECAST: start VSH 5m

[1 occurrence(s)]
INFO --> ensureTickerExists: WNS already exists in bf_investment_tickers.

[1 occurrence(s)]
INFO --> FORECAST: start WNS 5m

[1 occurrence(s)]
INFO --> ✅ Marking scraper record ID 35 as Processed.

[1 occurrence(s)]
INFO --> 📩 Processing Email ID: 36

[5 occurrence(s)]
INFO --> ensureTickerExists: QBTS already exists in bf_investment_tickers.

[5 occurrence(s)]
INFO --> FORECAST: start QBTS 5m

[1 occurrence(s)]
INFO --> ✅ Marking scraper record ID 36 as Processed.

[1 occurrence(s)]
INFO --> 📩 Processing Email ID: 37

[1 occurrence(s)]
INFO --> ensureTickerExists: BHAT already exists in bf_investment_tickers.

[1 occurrence(s)]
INFO --> FORECAST: start BHAT 5m

[1 occurrence(s)]
INFO --> ensureTickerExists: BSM already exists in bf_investment_tickers.

[1 occurrence(s)]
INFO --> FORECAST: start BSM 5m

[3 occurrence(s)]
INFO --> ensureTickerExists: CCL already exists in bf_investment_tickers.

[3 occurrence(s)]
INFO --> FORECAST: start CCL 5m

[1 occurrence(s)]
INFO --> ensureTickerExists: CUK already exists in bf_investment_tickers.

[1 occurrence(s)]
INFO --> FORECAST: start CUK 5m

[2 occurrence(s)]
INFO --> ensureTickerExists: ISRG already exists in bf_investment_tickers.

[2 occurrence(s)]
INFO --> FORECAST: start ISRG 5m

[8 occurrence(s)]
INFO --> ensureTickerExists: MSFT already exists in bf_investment_tickers.

[8 occurrence(s)]
INFO --> FORECAST: start MSFT 5m

[2 occurrence(s)]
INFO --> ensureTickerExists: QUBT already exists in bf_investment_tickers.

[2 occurrence(s)]
INFO --> FORECAST: start QUBT 5m

[1 occurrence(s)]
INFO --> ensureTickerExists: UMC already exists in bf_investment_tickers.

[1 occurrence(s)]
INFO --> FORECAST: start UMC 5m

[1 occurrence(s)]
INFO --> ensureTickerExists: UTI already exists in bf_investment_tickers.

[1 occurrence(s)]
INFO --> FORECAST: start UTI 5m

[4 occurrence(s)]
INFO --> ensureTickerExists: VKTX already exists in bf_investment_tickers.

[4 occurrence(s)]
INFO --> FORECAST: start VKTX 5m

[1 occurrence(s)]
INFO --> ✅ Marking scraper record ID 37 as Processed.

[1 occurrence(s)]
INFO --> 📩 Processing Email ID: 38

[1 occurrence(s)]
INFO --> ensureTickerExists: ABT already exists in bf_investment_tickers.

[1 occurrence(s)]
INFO --> FORECAST: start ABT 5m

[1 occurrence(s)]
INFO --> ensureTickerExists: APH already exists in bf_investment_tickers.

[1 occurrence(s)]
INFO --> FORECAST: start APH 5m

[3 occurrence(s)]
INFO --> ensureTickerExists: VST already exists in bf_investment_tickers.

[3 occurrence(s)]
INFO --> FORECAST: start VST 5m

[1 occurrence(s)]
INFO --> ✅ Marking scraper record ID 38 as Processed.

[1 occurrence(s)]
INFO --> 📩 Processing Email ID: 39

[5 occurrence(s)]
INFO --> ensureTickerExists: CSCO already exists in bf_investment_tickers.

[5 occurrence(s)]
INFO --> FORECAST: start CSCO 5m

[3 occurrence(s)]
INFO --> ensureTickerExists: WDC already exists in bf_investment_tickers.

[3 occurrence(s)]
INFO --> FORECAST: start WDC 5m

[1 occurrence(s)]
INFO --> ✅ Marking scraper record ID 39 as Processed.

[1 occurrence(s)]
INFO --> 📩 Processing Email ID: 40

[2 occurrence(s)]
INFO --> ensureTickerExists: AGCO already exists in bf_investment_tickers.

[2 occurrence(s)]
INFO --> FORECAST: start AGCO 5m

[1 occurrence(s)]
INFO --> ensureTickerExists: ALB already exists in bf_investment_tickers.

[1 occurrence(s)]
INFO --> FORECAST: start ALB 5m

[1 occurrence(s)]
INFO --> ensureTickerExists: AMCR already exists in bf_investment_tickers.

[1 occurrence(s)]
INFO --> FORECAST: start AMCR 5m

[1 occurrence(s)]
INFO --> ensureTickerExists: AMPG already exists in bf_investment_tickers.

[1 occurrence(s)]
INFO --> FORECAST: start AMPG 5m

[2 occurrence(s)]
INFO --> ensureTickerExists: ATOM already exists in bf_investment_tickers.

[2 occurrence(s)]
INFO --> FORECAST: start ATOM 5m

[2 occurrence(s)]
INFO --> ensureTickerExists: BE already exists in bf_investment_tickers.

[2 occurrence(s)]
INFO --> FORECAST: start BE 5m

[1 occurrence(s)]
INFO --> ensureTickerExists: BLND already exists in bf_investment_tickers.

[1 occurrence(s)]
INFO --> FORECAST: start BLND 5m

[2 occurrence(s)]
INFO --> ensureTickerExists: BRKR already exists in bf_investment_tickers.

[2 occurrence(s)]
INFO --> FORECAST: start BRKR 5m

[1 occurrence(s)]
INFO --> ensureTickerExists: BTBT already exists in bf_investment_tickers.

[1 occurrence(s)]
INFO --> FORECAST: start BTBT 5m

[2 occurrence(s)]
INFO --> ensureTickerExists: CLOV already exists in bf_investment_tickers.

[2 occurrence(s)]
INFO --> FORECAST: start CLOV 5m

[4 occurrence(s)]
INFO --> ensureTickerExists: CLSK already exists in bf_investment_tickers.

[4 occurrence(s)]
INFO --> FORECAST: start CLSK 5m

[1 occurrence(s)]
INFO --> ensureTickerExists: CRNC already exists in bf_investment_tickers.

[1 occurrence(s)]
INFO --> FORECAST: start CRNC 5m

[1 occurrence(s)]
INFO --> ensureTickerExists: DOCS already exists in bf_investment_tickers.

[1 occurrence(s)]
INFO --> FORECAST: start DOCS 5m

[2 occurrence(s)]
INFO --> ensureTickerExists: EH already exists in bf_investment_tickers.

[2 occurrence(s)]
INFO --> FORECAST: start EH 5m

[2 occurrence(s)]
INFO --> ensureTickerExists: EXPE already exists in bf_investment_tickers.

[2 occurrence(s)]
INFO --> FORECAST: start EXPE 5m

[1 occurrence(s)]
INFO --> ensureTickerExists: JBL already exists in bf_investment_tickers.

[1 occurrence(s)]
INFO --> FORECAST: start JBL 5m

[4 occurrence(s)]
INFO --> ensureTickerExists: KSS already exists in bf_investment_tickers.

[4 occurrence(s)]
INFO --> FORECAST: start KSS 5m

[1 occurrence(s)]
INFO --> ensureTickerExists: LTBR already exists in bf_investment_tickers.

[1 occurrence(s)]
INFO --> FORECAST: start LTBR 5m

[1 occurrence(s)]
INFO --> ensureTickerExists: LUNRW already exists in bf_investment_tickers.

[1 occurrence(s)]
INFO --> FORECAST: start LUNRW 5m

[1 occurrence(s)]
INFO --> ensureTickerExists: MOS already exists in bf_investment_tickers.

[1 occurrence(s)]
INFO --> FORECAST: start MOS 5m

[1 occurrence(s)]
INFO --> ensureTickerExists: NNOX already exists in bf_investment_tickers.

[1 occurrence(s)]
INFO --> FORECAST: start NNOX 5m

[1 occurrence(s)]
INFO --> ensureTickerExists: NVTS already exists in bf_investment_tickers.

[1 occurrence(s)]
INFO --> FORECAST: start NVTS 5m

[1 occurrence(s)]
INFO --> ensureTickerExists: OUST already exists in bf_investment_tickers.

[1 occurrence(s)]
INFO --> FORECAST: start OUST 5m

[1 occurrence(s)]
INFO --> ensureTickerExists: PRMB already exists in bf_investment_tickers.

[1 occurrence(s)]
INFO --> FORECAST: start PRMB 5m

[1 occurrence(s)]
INFO --> ensureTickerExists: PTON already exists in bf_investment_tickers.

[1 occurrence(s)]
INFO --> FORECAST: start PTON 5m

[2 occurrence(s)]
INFO --> ensureTickerExists: QMCO already exists in bf_investment_tickers.

[2 occurrence(s)]
INFO --> FORECAST: start QMCO 5m

[1 occurrence(s)]
INFO --> ensureTickerExists: QSI already exists in bf_investment_tickers.

[1 occurrence(s)]
INFO --> FORECAST: start QSI 5m

[1 occurrence(s)]
INFO --> ensureTickerExists: SOC already exists in bf_investment_tickers.

[1 occurrence(s)]
INFO --> FORECAST: start SOC 5m

[1 occurrence(s)]
INFO --> ensureTickerExists: STNE already exists in bf_investment_tickers.

[1 occurrence(s)]
INFO --> FORECAST: start STNE 5m

[2 occurrence(s)]
INFO --> ensureTickerExists: SUPV already exists in bf_investment_tickers.

[2 occurrence(s)]
INFO --> FORECAST: start SUPV 5m

[1 occurrence(s)]
INFO --> ensureTickerExists: SWTX already exists in bf_investment_tickers.

[1 occurrence(s)]
INFO --> FORECAST: start SWTX 5m

[1 occurrence(s)]
INFO --> ensureTickerExists: SYNA already exists in bf_investment_tickers.

[1 occurrence(s)]
INFO --> FORECAST: start SYNA 5m

[1 occurrence(s)]
INFO --> ensureTickerExists: THC already exists in bf_investment_tickers.

[1 occurrence(s)]
INFO --> FORECAST: start THC 5m

[1 occurrence(s)]
INFO --> ensureTickerExists: TROX already exists in bf_investment_tickers.

[1 occurrence(s)]
INFO --> FORECAST: start TROX 5m

[1 occurrence(s)]
INFO --> ensureTickerExists: TSSI already exists in bf_investment_tickers.

[1 occurrence(s)]
INFO --> FORECAST: start TSSI 5m

[1 occurrence(s)]
INFO --> ensureTickerExists: ULCC already exists in bf_investment_tickers.

[1 occurrence(s)]
INFO --> FORECAST: start ULCC 5m

[1 occurrence(s)]
INFO --> ensureTickerExists: VCYT already exists in bf_investment_tickers.

[1 occurrence(s)]
INFO --> FORECAST: start VCYT 5m

[1 occurrence(s)]
INFO --> ensureTickerExists: WOLF already exists in bf_investment_tickers.

[1 occurrence(s)]
INFO --> FORECAST: start WOLF 5m

[1 occurrence(s)]
INFO --> ✅ Marking scraper record ID 40 as Processed.

[1 occurrence(s)]
INFO --> 📩 Processing Email ID: 41

[3 occurrence(s)]
INFO --> ensureTickerExists: AEM already exists in bf_investment_tickers.

[3 occurrence(s)]
INFO --> FORECAST: start AEM 5m

[4 occurrence(s)]
INFO --> ensureTickerExists: MO already exists in bf_investment_tickers.

[4 occurrence(s)]
INFO --> FORECAST: start MO 5m

[1 occurrence(s)]
INFO --> ✅ Marking scraper record ID 41 as Processed.

[1 occurrence(s)]
INFO --> 📩 Processing Email ID: 42

[2 occurrence(s)]
INFO --> ensureTickerExists: ASML already exists in bf_investment_tickers.

[2 occurrence(s)]
INFO --> FORECAST: start ASML 5m

[2 occurrence(s)]
INFO --> ensureTickerExists: CLS already exists in bf_investment_tickers.

[2 occurrence(s)]
INFO --> FORECAST: start CLS 5m

[1 occurrence(s)]
INFO --> ensureTickerExists: DELL already exists in bf_investment_tickers.

[1 occurrence(s)]
INFO --> FORECAST: start DELL 5m

[2 occurrence(s)]
INFO --> ensureTickerExists: FI already exists in bf_investment_tickers.

[2 occurrence(s)]
INFO --> FORECAST: start FI 5m

[2 occurrence(s)]
INFO --> ensureTickerExists: LUNR already exists in bf_investment_tickers.

[2 occurrence(s)]
INFO --> FORECAST: start LUNR 5m

[5 occurrence(s)]
INFO --> ensureTickerExists: NVDA already exists in bf_investment_tickers.

[5 occurrence(s)]
INFO --> FORECAST: start NVDA 5m

[4 occurrence(s)]
INFO --> ensureTickerExists: PLTR already exists in bf_investment_tickers.

[4 occurrence(s)]
INFO --> FORECAST: start PLTR 5m

[1 occurrence(s)]
INFO --> ✅ Marking scraper record ID 42 as Processed.

[1 occurrence(s)]
INFO --> 📩 Processing Email ID: 43

[1 occurrence(s)]
INFO --> ensureTickerExists: AOSL already exists in bf_investment_tickers.

[1 occurrence(s)]
INFO --> FORECAST: start AOSL 5m

[1 occurrence(s)]
INFO --> ensureTickerExists: ARCC already exists in bf_investment_tickers.

[1 occurrence(s)]
INFO --> FORECAST: start ARCC 5m

[1 occurrence(s)]
INFO --> ensureTickerExists: AZPN already exists in bf_investment_tickers.

[1 occurrence(s)]
INFO --> FORECAST: start AZPN 5m

[1 occurrence(s)]
INFO --> ensureTickerExists: BGB already exists in bf_investment_tickers.

[1 occurrence(s)]
INFO --> FORECAST: start BGB 5m

[1 occurrence(s)]
INFO --> ensureTickerExists: BLK already exists in bf_investment_tickers.

[1 occurrence(s)]
INFO --> FORECAST: start BLK 5m

[1 occurrence(s)]
INFO --> ensureTickerExists: BLNK already exists in bf_investment_tickers.

[1 occurrence(s)]
INFO --> FORECAST: start BLNK 5m

[3 occurrence(s)]
INFO --> ensureTickerExists: BMA already exists in bf_investment_tickers.

[3 occurrence(s)]
INFO --> FORECAST: start BMA 5m

[1 occurrence(s)]
INFO --> ensureTickerExists: BRSP already exists in bf_investment_tickers.

[1 occurrence(s)]
INFO --> FORECAST: start BRSP 5m

[2 occurrence(s)]
INFO --> ensureTickerExists: BST already exists in bf_investment_tickers.

[2 occurrence(s)]
INFO --> FORECAST: start BST 5m

[2 occurrence(s)]
INFO --> ensureTickerExists: BTI already exists in bf_investment_tickers.

[2 occurrence(s)]
INFO --> FORECAST: start BTI 5m

[1 occurrence(s)]
INFO --> ensureTickerExists: CBOE already exists in bf_investment_tickers.

[1 occurrence(s)]
INFO --> FORECAST: start CBOE 5m

[1 occurrence(s)]
INFO --> ensureTickerExists: CEG already exists in bf_investment_tickers.

[1 occurrence(s)]
INFO --> FORECAST: start CEG 5m

[2 occurrence(s)]
INFO --> ensureTickerExists: CNH already exists in bf_investment_tickers.

[2 occurrence(s)]
INFO --> FORECAST: start CNH 5m

[2 occurrence(s)]
INFO --> ensureTickerExists: CYH already exists in bf_investment_tickers.

[2 occurrence(s)]
INFO --> FORECAST: start CYH 5m

[4 occurrence(s)]
INFO --> ensureTickerExists: DAL already exists in bf_investment_tickers.

[4 occurrence(s)]
INFO --> FORECAST: start DAL 5m

[2 occurrence(s)]
INFO --> ensureTickerExists: DBI already exists in bf_investment_tickers.

[2 occurrence(s)]
INFO --> FORECAST: start DBI 5m

[1 occurrence(s)]
INFO --> ensureTickerExists: DYN already exists in bf_investment_tickers.

[1 occurrence(s)]
INFO --> FORECAST: start DYN 5m

[1 occurrence(s)]
INFO --> ensureTickerExists: EDBL already exists in bf_investment_tickers.

[1 occurrence(s)]
INFO --> FORECAST: start EDBL 5m

[2 occurrence(s)]
INFO --> ensureTickerExists: ERJ already exists in bf_investment_tickers.

[2 occurrence(s)]
INFO --> FORECAST: start ERJ 5m

[1 occurrence(s)]
INFO --> ensureTickerExists: FSS already exists in bf_investment_tickers.

[1 occurrence(s)]
INFO --> FORECAST: start FSS 5m

[1 occurrence(s)]
INFO --> ensureTickerExists: GKOS already exists in bf_investment_tickers.

[1 occurrence(s)]
INFO --> FORECAST: start GKOS 5m

[1 occurrence(s)]
INFO --> ensureTickerExists: GNL already exists in bf_investment_tickers.

[1 occurrence(s)]
INFO --> FORECAST: start GNL 5m

[1 occurrence(s)]
INFO --> ensureTickerExists: INDI already exists in bf_investment_tickers.

[1 occurrence(s)]
INFO --> FORECAST: start INDI 5m

[1 occurrence(s)]
INFO --> ensureTickerExists: INDV already exists in bf_investment_tickers.

[1 occurrence(s)]
INFO --> FORECAST: start INDV 5m

[1 occurrence(s)]
INFO --> ensureTickerExists: KEYS already exists in bf_investment_tickers.

[1 occurrence(s)]
INFO --> FORECAST: start KEYS 5m

[1 occurrence(s)]
INFO --> ensureTickerExists: KRNT already exists in bf_investment_tickers.

[1 occurrence(s)]
INFO --> FORECAST: start KRNT 5m

[1 occurrence(s)]
INFO --> ensureTickerExists: LTM already exists in bf_investment_tickers.

[1 occurrence(s)]
INFO --> FORECAST: start LTM 5m

[9 occurrence(s)]
INFO --> ensureTickerExists: LUV already exists in bf_investment_tickers.

[9 occurrence(s)]
INFO --> FORECAST: start LUV 5m

[1 occurrence(s)]
INFO --> ensureTickerExists: MVST already exists in bf_investment_tickers.

[1 occurrence(s)]
INFO --> FORECAST: start MVST 5m

[3 occurrence(s)]
INFO --> ensureTickerExists: NFLX already exists in bf_investment_tickers.

[3 occurrence(s)]
INFO --> FORECAST: start NFLX 5m

[2 occurrence(s)]
INFO --> ensureTickerExists: PSEC already exists in bf_investment_tickers.

[2 occurrence(s)]
INFO --> FORECAST: start PSEC 5m

[1 occurrence(s)]
INFO --> ensureTickerExists: RGTIW already exists in bf_investment_tickers.

[1 occurrence(s)]
INFO --> FORECAST: start RGTIW 5m

[1 occurrence(s)]
INFO --> ensureTickerExists: SCHW already exists in bf_investment_tickers.

[1 occurrence(s)]
INFO --> FORECAST: start SCHW 5m

[1 occurrence(s)]
INFO --> ensureTickerExists: SQM already exists in bf_investment_tickers.

[1 occurrence(s)]
INFO --> FORECAST: start SQM 5m

[1 occurrence(s)]
INFO --> ensureTickerExists: SWKS already exists in bf_investment_tickers.

[1 occurrence(s)]
INFO --> FORECAST: start SWKS 5m

[1 occurrence(s)]
INFO --> ensureTickerExists: TDS already exists in bf_investment_tickers.

[1 occurrence(s)]
INFO --> FORECAST: start TDS 5m

[4 occurrence(s)]
INFO --> ensureTickerExists: VICI already exists in bf_investment_tickers.

[4 occurrence(s)]
INFO --> FORECAST: start VICI 5m

[1 occurrence(s)]
INFO --> ensureTickerExists: VIST already exists in bf_investment_tickers.

[1 occurrence(s)]
INFO --> FORECAST: start VIST 5m

[2 occurrence(s)]
INFO --> ensureTickerExists: YPF already exists in bf_investment_tickers.

[2 occurrence(s)]
INFO --> FORECAST: start YPF 5m

[1 occurrence(s)]
INFO --> ensureTickerExists: ZVZZT already exists in bf_investment_tickers.

[1 occurrence(s)]
INFO --> FORECAST: start ZVZZT 5m

[1 occurrence(s)]
INFO --> ✅ Marking scraper record ID 43 as Processed.

[1 occurrence(s)]
INFO --> 📩 Processing Email ID: 44

[2 occurrence(s)]
INFO --> ensureTickerExists: FCN already exists in bf_investment_tickers.

[2 occurrence(s)]
INFO --> FORECAST: start FCN 5m

[1 occurrence(s)]
INFO --> ✅ Marking scraper record ID 44 as Processed.

[1 occurrence(s)]
INFO --> 📩 Processing Email ID: 45

[3 occurrence(s)]
INFO --> ensureTickerExists: AMGN already exists in bf_investment_tickers.

[3 occurrence(s)]
INFO --> FORECAST: start AMGN 5m

[1 occurrence(s)]
INFO --> ensureTickerExists: CME already exists in bf_investment_tickers.

[1 occurrence(s)]
INFO --> FORECAST: start CME 5m

[1 occurrence(s)]
INFO --> ensureTickerExists: MCK already exists in bf_investment_tickers.

[1 occurrence(s)]
INFO --> FORECAST: start MCK 5m

[2 occurrence(s)]
INFO --> ensureTickerExists: TDG already exists in bf_investment_tickers.

[2 occurrence(s)]
INFO --> FORECAST: start TDG 5m

[1 occurrence(s)]
INFO --> ✅ Marking scraper record ID 45 as Processed.

[1 occurrence(s)]
INFO --> 📩 Processing Email ID: 46

[1 occurrence(s)]
INFO --> ✅ Marking scraper record ID 46 as Processed.

[1 occurrence(s)]
INFO --> 📩 Processing Email ID: 47

[1 occurrence(s)]
INFO --> ensureTickerExists: BROS already exists in bf_investment_tickers.

[1 occurrence(s)]
INFO --> FORECAST: start BROS 5m

[1 occurrence(s)]
INFO --> ensureTickerExists: ELVN already exists in bf_investment_tickers.

[1 occurrence(s)]
INFO --> FORECAST: start ELVN 5m

[1 occurrence(s)]
INFO --> ensureTickerExists: EOSE already exists in bf_investment_tickers.

[1 occurrence(s)]
INFO --> FORECAST: start EOSE 5m

[1 occurrence(s)]
INFO --> ensureTickerExists: LILAK already exists in bf_investment_tickers.

[1 occurrence(s)]
INFO --> FORECAST: start LILAK 5m

[1 occurrence(s)]
INFO --> ensureTickerExists: MMYT already exists in bf_investment_tickers.

[1 occurrence(s)]
INFO --> FORECAST: start MMYT 5m

[1 occurrence(s)]
INFO --> ensureTickerExists: NWS already exists in bf_investment_tickers.

[1 occurrence(s)]
INFO --> FORECAST: start NWS 5m

[1 occurrence(s)]
INFO --> ensureTickerExists: PFLT already exists in bf_investment_tickers.

[1 occurrence(s)]
INFO --> FORECAST: start PFLT 5m

[1 occurrence(s)]
INFO --> ensureTickerExists: TFII already exists in bf_investment_tickers.

[1 occurrence(s)]
INFO --> FORECAST: start TFII 5m

[1 occurrence(s)]
INFO --> ✅ Marking scraper record ID 47 as Processed.

[1 occurrence(s)]
INFO --> 📩 Processing Email ID: 48

[1 occurrence(s)]
INFO --> ensureTickerExists: CNC already exists in bf_investment_tickers.

[1 occurrence(s)]
INFO --> FORECAST: start CNC 5m

[7 occurrence(s)]
INFO --> ensureTickerExists: GD already exists in bf_investment_tickers.

[7 occurrence(s)]
INFO --> FORECAST: start GD 5m

[1 occurrence(s)]
INFO --> ensureTickerExists: K already exists in bf_investment_tickers.

[1 occurrence(s)]
INFO --> FORECAST: start K 5m

[1 occurrence(s)]
INFO --> ✅ Marking scraper record ID 48 as Processed.

[1 occurrence(s)]
INFO --> 📩 Processing Email ID: 49

[3 occurrence(s)]
INFO --> ensureTickerExists: AAL already exists in bf_investment_tickers.

[3 occurrence(s)]
INFO --> FORECAST: start AAL 5m

[4 occurrence(s)]
INFO --> ensureTickerExists: PH already exists in bf_investment_tickers.

[4 occurrence(s)]
INFO --> FORECAST: start PH 5m

[3 occurrence(s)]
INFO --> ensureTickerExists: RCL already exists in bf_investment_tickers.

[3 occurrence(s)]
INFO --> FORECAST: start RCL 5m

[1 occurrence(s)]
INFO --> ✅ Marking scraper record ID 49 as Processed.

[1 occurrence(s)]
INFO --> 📩 Processing Email ID: 50

[3 occurrence(s)]
INFO --> ensureTickerExists: AES already exists in bf_investment_tickers.

[3 occurrence(s)]
INFO --> FORECAST: start AES 5m

[3 occurrence(s)]
INFO --> ensureTickerExists: APG already exists in bf_investment_tickers.

[3 occurrence(s)]
INFO --> FORECAST: start APG 5m

[1 occurrence(s)]
INFO --> ensureTickerExists: BIP already exists in bf_investment_tickers.

[1 occurrence(s)]
INFO --> FORECAST: start BIP 5m

[1 occurrence(s)]
INFO --> ensureTickerExists: CHKP already exists in bf_investment_tickers.

[1 occurrence(s)]
INFO --> FORECAST: start CHKP 5m

[1 occurrence(s)]
INFO --> ensureTickerExists: CLNE already exists in bf_investment_tickers.

[1 occurrence(s)]
INFO --> FORECAST: start CLNE 5m

[1 occurrence(s)]
INFO --> ensureTickerExists: CPA already exists in bf_investment_tickers.

[1 occurrence(s)]
INFO --> FORECAST: start CPA 5m

[1 occurrence(s)]
INFO --> ensureTickerExists: DCO already exists in bf_investment_tickers.

[1 occurrence(s)]
INFO --> FORECAST: start DCO 5m

[1 occurrence(s)]
INFO --> ensureTickerExists: ENS already exists in bf_investment_tickers.

[1 occurrence(s)]
INFO --> FORECAST: start ENS 5m

[1 occurrence(s)]
INFO --> ensureTickerExists: IBTA already exists in bf_investment_tickers.

[1 occurrence(s)]
INFO --> FORECAST: start IBTA 5m

[1 occurrence(s)]
INFO --> ensureTickerExists: KURA already exists in bf_investment_tickers.

[1 occurrence(s)]
INFO --> FORECAST: start KURA 5m

[2 occurrence(s)]
INFO --> ensureTickerExists: LEVI already exists in bf_investment_tickers.

[2 occurrence(s)]
INFO --> FORECAST: start LEVI 5m

[1 occurrence(s)]
INFO --> ensureTickerExists: LSCC already exists in bf_investment_tickers.

[1 occurrence(s)]
INFO --> FORECAST: start LSCC 5m

[1 occurrence(s)]
INFO --> ensureTickerExists: NABL already exists in bf_investment_tickers.

[1 occurrence(s)]
INFO --> FORECAST: start NABL 5m

[2 occurrence(s)]
INFO --> ensureTickerExists: OXM already exists in bf_investment_tickers.

[2 occurrence(s)]
INFO --> FORECAST: start OXM 5m

[1 occurrence(s)]
INFO --> ensureTickerExists: PHIN already exists in bf_investment_tickers.

[1 occurrence(s)]
INFO --> FORECAST: start PHIN 5m

[1 occurrence(s)]
INFO --> ensureTickerExists: ZYME already exists in bf_investment_tickers.

[1 occurrence(s)]
INFO --> FORECAST: start ZYME 5m

[1 occurrence(s)]
INFO --> ✅ Marking scraper record ID 50 as Processed.

[1 occurrence(s)]
INFO --> 📩 Processing Email ID: 51

[1 occurrence(s)]
INFO --> ensureTickerExists: BMI already exists in bf_investment_tickers.

[1 occurrence(s)]
INFO --> FORECAST: start BMI 5m

[1 occurrence(s)]
INFO --> ensureTickerExists: FRHC already exists in bf_investment_tickers.

[1 occurrence(s)]
INFO --> FORECAST: start FRHC 5m

[1 occurrence(s)]
INFO --> ✅ Marking scraper record ID 51 as Processed.

[1 occurrence(s)]
INFO --> 📩 Processing Email ID: 52

[1 occurrence(s)]
INFO --> ensureTickerExists: AIP already exists in bf_investment_tickers.

[1 occurrence(s)]
INFO --> FORECAST: start AIP 5m

[1 occurrence(s)]
INFO --> ensureTickerExists: BSLK already exists in bf_investment_tickers.

[1 occurrence(s)]
INFO --> FORECAST: start BSLK 5m

[1 occurrence(s)]
INFO --> ensureTickerExists: FOXX already exists in bf_investment_tickers.

[1 occurrence(s)]
INFO --> FORECAST: start FOXX 5m

[1 occurrence(s)]
INFO --> ✅ Marking scraper record ID 52 as Processed.

[1 occurrence(s)]
INFO --> 📩 Processing Email ID: 53

[1 occurrence(s)]
INFO --> ensureTickerExists: ABR already exists in bf_investment_tickers.

[1 occurrence(s)]
INFO --> FORECAST: start ABR 5m

[2 occurrence(s)]
INFO --> ensureTickerExists: AMKR already exists in bf_investment_tickers.

[2 occurrence(s)]
INFO --> FORECAST: start AMKR 5m

[1 occurrence(s)]
INFO --> ensureTickerExists: BKD already exists in bf_investment_tickers.

[1 occurrence(s)]
INFO --> FORECAST: start BKD 5m

[1 occurrence(s)]
INFO --> ensureTickerExists: CERT already exists in bf_investment_tickers.

[1 occurrence(s)]
INFO --> FORECAST: start CERT 5m

[1 occurrence(s)]
INFO --> ensureTickerExists: CXW already exists in bf_investment_tickers.

[1 occurrence(s)]
INFO --> FORECAST: start CXW 5m

[3 occurrence(s)]
INFO --> ensureTickerExists: DASH already exists in bf_investment_tickers.

[3 occurrence(s)]
INFO --> FORECAST: start DASH 5m

[2 occurrence(s)]
INFO --> ensureTickerExists: DMAC already exists in bf_investment_tickers.

[2 occurrence(s)]
INFO --> FORECAST: start DMAC 5m

[1 occurrence(s)]
INFO --> ensureTickerExists: EIX already exists in bf_investment_tickers.

[1 occurrence(s)]
INFO --> FORECAST: start EIX 5m

[1 occurrence(s)]
INFO --> ensureTickerExists: FDX already exists in bf_investment_tickers.

[1 occurrence(s)]
INFO --> FORECAST: start FDX 5m

[1 occurrence(s)]
INFO --> ensureTickerExists: HCAT already exists in bf_investment_tickers.

[1 occurrence(s)]
INFO --> FORECAST: start HCAT 5m

[1 occurrence(s)]
INFO --> ensureTickerExists: IGT already exists in bf_investment_tickers.

[1 occurrence(s)]
INFO --> FORECAST: start IGT 5m

[1 occurrence(s)]
INFO --> ensureTickerExists: J already exists in bf_investment_tickers.

[1 occurrence(s)]
INFO --> FORECAST: start J 5m

[2 occurrence(s)]
INFO --> ensureTickerExists: KGC already exists in bf_investment_tickers.

[2 occurrence(s)]
INFO --> FORECAST: start KGC 5m

[3 occurrence(s)]
INFO --> ensureTickerExists: KVUE already exists in bf_investment_tickers.

[3 occurrence(s)]
INFO --> FORECAST: start KVUE 5m

[3 occurrence(s)]
INFO --> ensureTickerExists: LESL already exists in bf_investment_tickers.

[3 occurrence(s)]
INFO --> FORECAST: start LESL 5m

[1 occurrence(s)]
INFO --> ensureTickerExists: LMB already exists in bf_investment_tickers.

[1 occurrence(s)]
INFO --> FORECAST: start LMB 5m

[1 occurrence(s)]
INFO --> ensureTickerExists: OSW already exists in bf_investment_tickers.

[1 occurrence(s)]
INFO --> FORECAST: start OSW 5m

[1 occurrence(s)]
INFO --> ensureTickerExists: PENG already exists in bf_investment_tickers.

[1 occurrence(s)]
INFO --> FORECAST: start PENG 5m

[3 occurrence(s)]
INFO --> ensureTickerExists: PLD already exists in bf_investment_tickers.

[3 occurrence(s)]
INFO --> FORECAST: start PLD 5m

[2 occurrence(s)]
INFO --> ensureTickerExists: SVM already exists in bf_investment_tickers.

[2 occurrence(s)]
INFO --> FORECAST: start SVM 5m

[1 occurrence(s)]
INFO --> ensureTickerExists: TRIP already exists in bf_investment_tickers.

[1 occurrence(s)]
INFO --> FORECAST: start TRIP 5m

[1 occurrence(s)]
INFO --> ✅ Marking scraper record ID 53 as Processed.

[1 occurrence(s)]
INFO --> 📩 Processing Email ID: 54

[1 occurrence(s)]
INFO --> ✅ Marking scraper record ID 54 as Processed.

[1 occurrence(s)]
INFO --> 📩 Processing Email ID: 55

[1 occurrence(s)]
INFO --> ensureTickerExists: AGI already exists in bf_investment_tickers.

[1 occurrence(s)]
INFO --> FORECAST: start AGI 5m

[1 occurrence(s)]
INFO --> ensureTickerExists: ANGO already exists in bf_investment_tickers.

[1 occurrence(s)]
INFO --> FORECAST: start ANGO 5m

[1 occurrence(s)]
INFO --> ensureTickerExists: BBNX already exists in bf_investment_tickers.

[1 occurrence(s)]
INFO --> FORECAST: start BBNX 5m

[1 occurrence(s)]
INFO --> ensureTickerExists: BMRN already exists in bf_investment_tickers.

[1 occurrence(s)]
INFO --> FORECAST: start BMRN 5m

[1 occurrence(s)]
INFO --> ensureTickerExists: BOX already exists in bf_investment_tickers.

[1 occurrence(s)]
INFO --> FORECAST: start BOX 5m

[1 occurrence(s)]
INFO --> ensureTickerExists: BSAC already exists in bf_investment_tickers.

[1 occurrence(s)]
INFO --> FORECAST: start BSAC 5m

[2 occurrence(s)]
INFO --> ensureTickerExists: CRML already exists in bf_investment_tickers.

[2 occurrence(s)]
INFO --> FORECAST: start CRML 5m

[3 occurrence(s)]
INFO --> ensureTickerExists: DBRG already exists in bf_investment_tickers.

[3 occurrence(s)]
INFO --> FORECAST: start DBRG 5m

[2 occurrence(s)]
INFO --> ensureTickerExists: DRH already exists in bf_investment_tickers.

[2 occurrence(s)]
INFO --> FORECAST: start DRH 5m

[1 occurrence(s)]
INFO --> ensureTickerExists: DXF already exists in bf_investment_tickers.

[1 occurrence(s)]
INFO --> FORECAST: start DXF 5m

[1 occurrence(s)]
INFO --> ensureTickerExists: EEFT already exists in bf_investment_tickers.

[1 occurrence(s)]
INFO --> FORECAST: start EEFT 5m

[1 occurrence(s)]
INFO --> ensureTickerExists: GAB already exists in bf_investment_tickers.

[1 occurrence(s)]
INFO --> FORECAST: start GAB 5m

[1 occurrence(s)]
INFO --> ensureTickerExists: IMAX already exists in bf_investment_tickers.

[1 occurrence(s)]
INFO --> FORECAST: start IMAX 5m

[4 occurrence(s)]
INFO --> ensureTickerExists: MSCI already exists in bf_investment_tickers.

[4 occurrence(s)]
INFO --> FORECAST: start MSCI 5m

[1 occurrence(s)]
INFO --> ensureTickerExists: NOMD already exists in bf_investment_tickers.

[1 occurrence(s)]
INFO --> FORECAST: start NOMD 5m

[1 occurrence(s)]
INFO --> ensureTickerExists: NTNX already exists in bf_investment_tickers.

[1 occurrence(s)]
INFO --> FORECAST: start NTNX 5m

[2 occurrence(s)]
INFO --> ensureTickerExists: PBH already exists in bf_investment_tickers.

[2 occurrence(s)]
INFO --> FORECAST: start PBH 5m

[1 occurrence(s)]
INFO --> ensureTickerExists: PRAA already exists in bf_investment_tickers.

[1 occurrence(s)]
INFO --> FORECAST: start PRAA 5m

[1 occurrence(s)]
INFO --> ensureTickerExists: SBAC already exists in bf_investment_tickers.

[1 occurrence(s)]
INFO --> FORECAST: start SBAC 5m

[1 occurrence(s)]
INFO --> ensureTickerExists: SNDX already exists in bf_investment_tickers.

[1 occurrence(s)]
INFO --> FORECAST: start SNDX 5m

[1 occurrence(s)]
INFO --> ensureTickerExists: SPWH already exists in bf_investment_tickers.

[1 occurrence(s)]
INFO --> FORECAST: start SPWH 5m

[1 occurrence(s)]
INFO --> ensureTickerExists: UI already exists in bf_investment_tickers.

[1 occurrence(s)]
INFO --> FORECAST: start UI 5m

[1 occurrence(s)]
INFO --> ensureTickerExists: WH already exists in bf_investment_tickers.

[1 occurrence(s)]
INFO --> FORECAST: start WH 5m

[2 occurrence(s)]
INFO --> ensureTickerExists: WPM already exists in bf_investment_tickers.

[2 occurrence(s)]
INFO --> FORECAST: start WPM 5m

[6 occurrence(s)]
INFO --> ensureTickerExists: ZM already exists in bf_investment_tickers.

[6 occurrence(s)]
INFO --> FORECAST: start ZM 5m

[1 occurrence(s)]
INFO --> ✅ Marking scraper record ID 55 as Processed.

[1 occurrence(s)]
INFO --> 📩 Processing Email ID: 56

[1 occurrence(s)]
INFO --> ✅ Marking scraper record ID 56 as Processed.

[1 occurrence(s)]
INFO --> 📩 Processing Email ID: 57

[1 occurrence(s)]
INFO --> ensureTickerExists: MS already exists in bf_investment_tickers.

[1 occurrence(s)]
INFO --> FORECAST: start MS 5m

[2 occurrence(s)]
INFO --> ensureTickerExists: XYZ already exists in bf_investment_tickers.

[2 occurrence(s)]
INFO --> FORECAST: start XYZ 5m

[1 occurrence(s)]
INFO --> ✅ Marking scraper record ID 57 as Processed.

[1 occurrence(s)]
INFO --> 📩 Processing Email ID: 58

[1 occurrence(s)]
INFO --> ensureTickerExists: GBX already exists in bf_investment_tickers.

[1 occurrence(s)]
INFO --> FORECAST: start GBX 5m

[2 occurrence(s)]
INFO --> ensureTickerExists: ICE already exists in bf_investment_tickers.

[2 occurrence(s)]
INFO --> FORECAST: start ICE 5m

[1 occurrence(s)]
INFO --> ensureTickerExists: MORN already exists in bf_investment_tickers.

[1 occurrence(s)]
INFO --> FORECAST: start MORN 5m

[2 occurrence(s)]
INFO --> ensureTickerExists: NOVT already exists in bf_investment_tickers.

[2 occurrence(s)]
INFO --> FORECAST: start NOVT 5m

[1 occurrence(s)]
INFO --> ensureTickerExists: WDFC already exists in bf_investment_tickers.

[1 occurrence(s)]
INFO --> FORECAST: start WDFC 5m

[1 occurrence(s)]
INFO --> ✅ Marking scraper record ID 58 as Processed.

[1 occurrence(s)]
INFO --> 📩 Processing Email ID: 59

[1 occurrence(s)]
INFO --> ensureTickerExists: OMC already exists in bf_investment_tickers.

[1 occurrence(s)]
INFO --> FORECAST: start OMC 5m

[1 occurrence(s)]
INFO --> ✅ Marking scraper record ID 59 as Processed.

[1 occurrence(s)]
INFO --> 📩 Processing Email ID: 60

[2 occurrence(s)]
INFO --> ensureTickerExists: BMY already exists in bf_investment_tickers.

[2 occurrence(s)]
INFO --> FORECAST: start BMY 5m

[2 occurrence(s)]
INFO --> ensureTickerExists: KHC already exists in bf_investment_tickers.

[2 occurrence(s)]
INFO --> FORECAST: start KHC 5m

[2 occurrence(s)]
INFO --> ensureTickerExists: NVO already exists in bf_investment_tickers.

[2 occurrence(s)]
INFO --> FORECAST: start NVO 5m

[1 occurrence(s)]
INFO --> ensureTickerExists: UBER already exists in bf_investment_tickers.

[1 occurrence(s)]
INFO --> FORECAST: start UBER 5m

[1 occurrence(s)]
INFO --> ✅ Marking scraper record ID 60 as Processed.

[1 occurrence(s)]
INFO --> 📩 Processing Email ID: 61

[1 occurrence(s)]
INFO --> ensureTickerExists: BZAI already exists in bf_investment_tickers.

[1 occurrence(s)]
INFO --> FORECAST: start BZAI 5m

[2 occurrence(s)]
INFO --> ensureTickerExists: CAPR already exists in bf_investment_tickers.

[2 occurrence(s)]
INFO --> FORECAST: start CAPR 5m

[2 occurrence(s)]
INFO --> ensureTickerExists: ENVX already exists in bf_investment_tickers.

[2 occurrence(s)]
INFO --> FORECAST: start ENVX 5m

[1 occurrence(s)]
INFO --> ensureTickerExists: G already exists in bf_investment_tickers.

[1 occurrence(s)]
INFO --> FORECAST: start G 5m

[1 occurrence(s)]
INFO --> ensureTickerExists: GBCI already exists in bf_investment_tickers.

[1 occurrence(s)]
INFO --> FORECAST: start GBCI 5m

[1 occurrence(s)]
INFO --> ensureTickerExists: HNI already exists in bf_investment_tickers.

[1 occurrence(s)]
INFO --> FORECAST: start HNI 5m

[1 occurrence(s)]
INFO --> ensureTickerExists: KWR already exists in bf_investment_tickers.

[1 occurrence(s)]
INFO --> FORECAST: start KWR 5m

[1 occurrence(s)]
INFO --> ensureTickerExists: LAC already exists in bf_investment_tickers.

[1 occurrence(s)]
INFO --> FORECAST: start LAC 5m

[1 occurrence(s)]
INFO --> ensureTickerExists: MAN already exists in bf_investment_tickers.

[1 occurrence(s)]
INFO --> FORECAST: start MAN 5m

[1 occurrence(s)]
INFO --> ensureTickerExists: MOG already exists in bf_investment_tickers.

[1 occurrence(s)]
INFO --> FORECAST: start MOG 5m

[1 occurrence(s)]
INFO --> ensureTickerExists: ORI already exists in bf_investment_tickers.

[1 occurrence(s)]
INFO --> FORECAST: start ORI 5m

[2 occurrence(s)]
INFO --> ensureTickerExists: OTTR already exists in bf_investment_tickers.

[2 occurrence(s)]
INFO --> FORECAST: start OTTR 5m

[1 occurrence(s)]
INFO --> ensureTickerExists: OWL already exists in bf_investment_tickers.

[1 occurrence(s)]
INFO --> FORECAST: start OWL 5m

[1 occurrence(s)]
INFO --> ensureTickerExists: PMTV already exists in bf_investment_tickers.

[1 occurrence(s)]
INFO --> FORECAST: start PMTV 5m

[1 occurrence(s)]
INFO --> ensureTickerExists: QRVO already exists in bf_investment_tickers.

[1 occurrence(s)]
INFO --> FORECAST: start QRVO 5m

[1 occurrence(s)]
INFO --> ensureTickerExists: RGLD already exists in bf_investment_tickers.

[1 occurrence(s)]
INFO --> FORECAST: start RGLD 5m

[1 occurrence(s)]
INFO --> ensureTickerExists: SANM already exists in bf_investment_tickers.

[1 occurrence(s)]
INFO --> FORECAST: start SANM 5m

[1 occurrence(s)]
INFO --> ensureTickerExists: SEI already exists in bf_investment_tickers.

[1 occurrence(s)]
INFO --> FORECAST: start SEI 5m

[1 occurrence(s)]
INFO --> ensureTickerExists: TGNA already exists in bf_investment_tickers.

[1 occurrence(s)]
INFO --> FORECAST: start TGNA 5m

[1 occurrence(s)]
INFO --> ensureTickerExists: UHS already exists in bf_investment_tickers.

[1 occurrence(s)]
INFO --> FORECAST: start UHS 5m

[1 occurrence(s)]
INFO --> ✅ Marking scraper record ID 61 as Processed.

[1 occurrence(s)]
INFO --> 📩 Processing Email ID: 62

[1 occurrence(s)]
INFO --> ✅ Marking scraper record ID 62 as Processed.

[1 occurrence(s)]
INFO --> 📩 Processing Email ID: 63

[1 occurrence(s)]
INFO --> ensureTickerExists: AAON already exists in bf_investment_tickers.

[1 occurrence(s)]
INFO --> FORECAST: start AAON 5m

[1 occurrence(s)]
INFO --> ensureTickerExists: ACRE already exists in bf_investment_tickers.

[1 occurrence(s)]
INFO --> FORECAST: start ACRE 5m

[1 occurrence(s)]
INFO --> ensureTickerExists: AGX already exists in bf_investment_tickers.

[1 occurrence(s)]
INFO --> FORECAST: start AGX 5m

[2 occurrence(s)]
INFO --> ensureTickerExists: ALIT already exists in bf_investment_tickers.

[2 occurrence(s)]
INFO --> FORECAST: start ALIT 5m

[1 occurrence(s)]
INFO --> ensureTickerExists: AUPH already exists in bf_investment_tickers.

[1 occurrence(s)]
INFO --> FORECAST: start AUPH 5m

[1 occurrence(s)]
INFO --> ensureTickerExists: AVPT already exists in bf_investment_tickers.

[1 occurrence(s)]
INFO --> FORECAST: start AVPT 5m

[1 occurrence(s)]
INFO --> ensureTickerExists: BANC already exists in bf_investment_tickers.

[1 occurrence(s)]
INFO --> FORECAST: start BANC 5m

[1 occurrence(s)]
INFO --> ensureTickerExists: BECN already exists in bf_investment_tickers.

[1 occurrence(s)]
INFO --> FORECAST: start BECN 5m

[2 occurrence(s)]
INFO --> ensureTickerExists: BMO already exists in bf_investment_tickers.

[2 occurrence(s)]
INFO --> FORECAST: start BMO 5m

[3 occurrence(s)]
INFO --> ensureTickerExists: BX already exists in bf_investment_tickers.

[3 occurrence(s)]
INFO --> FORECAST: start BX 5m

[2 occurrence(s)]
INFO --> ensureTickerExists: BYON already exists in bf_investment_tickers.

[2 occurrence(s)]
INFO --> FORECAST: start BYON 5m

[1 occurrence(s)]
INFO --> ensureTickerExists: CFR already exists in bf_investment_tickers.

[1 occurrence(s)]
INFO --> FORECAST: start CFR 5m

[1 occurrence(s)]
INFO --> ensureTickerExists: CIGI already exists in bf_investment_tickers.

[1 occurrence(s)]
INFO --> FORECAST: start CIGI 5m

[2 occurrence(s)]
INFO --> ensureTickerExists: COLD already exists in bf_investment_tickers.

[2 occurrence(s)]
INFO --> FORECAST: start COLD 5m

[1 occurrence(s)]
INFO --> ensureTickerExists: CRC already exists in bf_investment_tickers.

[1 occurrence(s)]
INFO --> FORECAST: start CRC 5m

[1 occurrence(s)]
INFO --> ensureTickerExists: CSQ already exists in bf_investment_tickers.

[1 occurrence(s)]
INFO --> FORECAST: start CSQ 5m

[1 occurrence(s)]
INFO --> ensureTickerExists: CVBF already exists in bf_investment_tickers.

[1 occurrence(s)]
INFO --> FORECAST: start CVBF 5m

[1 occurrence(s)]
INFO --> ensureTickerExists: CVLT already exists in bf_investment_tickers.

[1 occurrence(s)]
INFO --> FORECAST: start CVLT 5m

[1 occurrence(s)]
INFO --> ensureTickerExists: DOV already exists in bf_investment_tickers.

[1 occurrence(s)]
INFO --> FORECAST: start DOV 5m

[1 occurrence(s)]
INFO --> ensureTickerExists: ENR already exists in bf_investment_tickers.

[1 occurrence(s)]
INFO --> FORECAST: start ENR 5m

[1 occurrence(s)]
INFO --> ensureTickerExists: ESTA already exists in bf_investment_tickers.

[1 occurrence(s)]
INFO --> FORECAST: start ESTA 5m

[1 occurrence(s)]
INFO --> ensureTickerExists: EXPO already exists in bf_investment_tickers.

[1 occurrence(s)]
INFO --> FORECAST: start EXPO 5m

[1 occurrence(s)]
INFO --> ensureTickerExists: FELE already exists in bf_investment_tickers.

[1 occurrence(s)]
INFO --> FORECAST: start FELE 5m

[1 occurrence(s)]
INFO --> ensureTickerExists: FHI already exists in bf_investment_tickers.

[1 occurrence(s)]
INFO --> FORECAST: start FHI 5m

[1 occurrence(s)]
INFO --> ensureTickerExists: FLO already exists in bf_investment_tickers.

[1 occurrence(s)]
INFO --> FORECAST: start FLO 5m

[1 occurrence(s)]
INFO --> ensureTickerExists: FMC already exists in bf_investment_tickers.

[1 occurrence(s)]
INFO --> FORECAST: start FMC 5m

[2 occurrence(s)]
INFO --> ensureTickerExists: FULT already exists in bf_investment_tickers.

[2 occurrence(s)]
INFO --> FORECAST: start FULT 5m

[1 occurrence(s)]
INFO --> ensureTickerExists: GHC already exists in bf_investment_tickers.

[1 occurrence(s)]
INFO --> FORECAST: start GHC 5m

[2 occurrence(s)]
INFO --> ensureTickerExists: GL already exists in bf_investment_tickers.

[2 occurrence(s)]
INFO --> FORECAST: start GL 5m

[4 occurrence(s)]
INFO --> ensureTickerExists: GWW already exists in bf_investment_tickers.

[4 occurrence(s)]
INFO --> FORECAST: start GWW 5m

[1 occurrence(s)]
INFO --> ensureTickerExists: HAYW already exists in bf_investment_tickers.

[1 occurrence(s)]
INFO --> FORECAST: start HAYW 5m

[1 occurrence(s)]
INFO --> ensureTickerExists: HOG already exists in bf_investment_tickers.

[1 occurrence(s)]
INFO --> FORECAST: start HOG 5m

[1 occurrence(s)]
INFO --> ensureTickerExists: HSIC already exists in bf_investment_tickers.

[1 occurrence(s)]
INFO --> FORECAST: start HSIC 5m

[1 occurrence(s)]
INFO --> ensureTickerExists: HST already exists in bf_investment_tickers.

[1 occurrence(s)]
INFO --> FORECAST: start HST 5m

[1 occurrence(s)]
INFO --> ensureTickerExists: HTBK already exists in bf_investment_tickers.

[1 occurrence(s)]
INFO --> FORECAST: start HTBK 5m

[3 occurrence(s)]
INFO --> ensureTickerExists: INFY already exists in bf_investment_tickers.

[3 occurrence(s)]
INFO --> FORECAST: start INFY 5m

[1 occurrence(s)]
INFO --> ensureTickerExists: LKQ already exists in bf_investment_tickers.

[1 occurrence(s)]
INFO --> FORECAST: start LKQ 5m

[3 occurrence(s)]
INFO --> ensureTickerExists: LOPE already exists in bf_investment_tickers.

[3 occurrence(s)]
INFO --> FORECAST: start LOPE 5m

[2 occurrence(s)]
INFO --> ensureTickerExists: M already exists in bf_investment_tickers.

[2 occurrence(s)]
INFO --> FORECAST: start M 5m

[1 occurrence(s)]
INFO --> ensureTickerExists: MFG already exists in bf_investment_tickers.

[1 occurrence(s)]
INFO --> FORECAST: start MFG 5m

[3 occurrence(s)]
INFO --> ensureTickerExists: MKC already exists in bf_investment_tickers.

[3 occurrence(s)]
INFO --> FORECAST: start MKC 5m

[1 occurrence(s)]
INFO --> ensureTickerExists: MKSI already exists in bf_investment_tickers.

[1 occurrence(s)]
INFO --> FORECAST: start MKSI 5m

[1 occurrence(s)]
INFO --> ensureTickerExists: MPW already exists in bf_investment_tickers.

[1 occurrence(s)]
INFO --> FORECAST: start MPW 5m

[1 occurrence(s)]
INFO --> ensureTickerExists: MSM already exists in bf_investment_tickers.

[1 occurrence(s)]
INFO --> FORECAST: start MSM 5m

[1 occurrence(s)]
INFO --> ensureTickerExists: NJR already exists in bf_investment_tickers.

[1 occurrence(s)]
INFO --> FORECAST: start NJR 5m

[1 occurrence(s)]
INFO --> ensureTickerExists: ONB already exists in bf_investment_tickers.

[1 occurrence(s)]
INFO --> FORECAST: start ONB 5m

[1 occurrence(s)]
INFO --> ensureTickerExists: PATK already exists in bf_investment_tickers.

[1 occurrence(s)]
INFO --> FORECAST: start PATK 5m

[1 occurrence(s)]
INFO --> ensureTickerExists: PDM already exists in bf_investment_tickers.

[1 occurrence(s)]
INFO --> FORECAST: start PDM 5m

[3 occurrence(s)]
INFO --> ensureTickerExists: PM already exists in bf_investment_tickers.

[3 occurrence(s)]
INFO --> FORECAST: start PM 5m

[1 occurrence(s)]
INFO --> ensureTickerExists: PPC already exists in bf_investment_tickers.

[1 occurrence(s)]
INFO --> FORECAST: start PPC 5m

[1 occurrence(s)]
INFO --> ensureTickerExists: RCI already exists in bf_investment_tickers.

[1 occurrence(s)]
INFO --> FORECAST: start RCI 5m

[1 occurrence(s)]
INFO --> ensureTickerExists: REVG already exists in bf_investment_tickers.

[1 occurrence(s)]
INFO --> FORECAST: start REVG 5m

[1 occurrence(s)]
INFO --> ensureTickerExists: SF already exists in bf_investment_tickers.

[1 occurrence(s)]
INFO --> FORECAST: start SF 5m

[1 occurrence(s)]
INFO --> ensureTickerExists: SFD already exists in bf_investment_tickers.

[1 occurrence(s)]
INFO --> FORECAST: start SFD 5m

[1 occurrence(s)]
INFO --> ensureTickerExists: SPXC already exists in bf_investment_tickers.

[1 occurrence(s)]
INFO --> FORECAST: start SPXC 5m

[1 occurrence(s)]
INFO --> ensureTickerExists: STWD already exists in bf_investment_tickers.

[1 occurrence(s)]
INFO --> FORECAST: start STWD 5m

[3 occurrence(s)]
INFO --> ensureTickerExists: SYF already exists in bf_investment_tickers.

[3 occurrence(s)]
INFO --> FORECAST: start SYF 5m

[1 occurrence(s)]
INFO --> ensureTickerExists: TCBI already exists in bf_investment_tickers.

[1 occurrence(s)]
INFO --> FORECAST: start TCBI 5m

[1 occurrence(s)]
INFO --> ensureTickerExists: TEI already exists in bf_investment_tickers.

[1 occurrence(s)]
INFO --> FORECAST: start TEI 5m

[1 occurrence(s)]
INFO --> ensureTickerExists: TIL already exists in bf_investment_tickers.

[1 occurrence(s)]
INFO --> FORECAST: start TIL 5m

[1 occurrence(s)]
INFO --> ensureTickerExists: TNC already exists in bf_investment_tickers.

[1 occurrence(s)]
INFO --> FORECAST: start TNC 5m

[1 occurrence(s)]
INFO --> ensureTickerExists: VLY already exists in bf_investment_tickers.

[1 occurrence(s)]
INFO --> FORECAST: start VLY 5m

[1 occurrence(s)]
INFO --> ensureTickerExists: VRA already exists in bf_investment_tickers.

[1 occurrence(s)]
INFO --> FORECAST: start VRA 5m

[1 occurrence(s)]
INFO --> ensureTickerExists: WAFD already exists in bf_investment_tickers.

[1 occurrence(s)]
INFO --> FORECAST: start WAFD 5m

[1 occurrence(s)]
INFO --> ensureTickerExists: XYL already exists in bf_investment_tickers.

[1 occurrence(s)]
INFO --> FORECAST: start XYL 5m

[1 occurrence(s)]
INFO --> ✅ Marking scraper record ID 63 as Processed.

[1 occurrence(s)]
INFO --> 📩 Processing Email ID: 64

[3 occurrence(s)]
INFO --> ensureTickerExists: NU already exists in bf_investment_tickers.

[3 occurrence(s)]
INFO --> FORECAST: start NU 5m

[3 occurrence(s)]
INFO --> ensureTickerExists: STZ already exists in bf_investment_tickers.

[3 occurrence(s)]
INFO --> FORECAST: start STZ 5m

[1 occurrence(s)]
INFO --> ensureTickerExists: TDOC already exists in bf_investment_tickers.

[1 occurrence(s)]
INFO --> FORECAST: start TDOC 5m

[1 occurrence(s)]
INFO --> ✅ Marking scraper record ID 64 as Processed.

[1 occurrence(s)]
INFO --> 📩 Processing Email ID: 65

[1 occurrence(s)]
INFO --> ensureTickerExists: HUM already exists in bf_investment_tickers.

[1 occurrence(s)]
INFO --> FORECAST: start HUM 5m

[2 occurrence(s)]
INFO --> ensureTickerExists: REGN already exists in bf_investment_tickers.

[2 occurrence(s)]
INFO --> FORECAST: start REGN 5m

[1 occurrence(s)]
INFO --> ✅ Marking scraper record ID 65 as Processed.

[1 occurrence(s)]
INFO --> 📩 Processing Email ID: 66

[5 occurrence(s)]
INFO --> ensureTickerExists: DG already exists in bf_investment_tickers.

[5 occurrence(s)]
INFO --> FORECAST: start DG 5m

[1 occurrence(s)]
INFO --> ensureTickerExists: KNSL already exists in bf_investment_tickers.

[1 occurrence(s)]
INFO --> FORECAST: start KNSL 5m

[1 occurrence(s)]
INFO --> ensureTickerExists: LEGH already exists in bf_investment_tickers.

[1 occurrence(s)]
INFO --> FORECAST: start LEGH 5m

[1 occurrence(s)]
INFO --> ✅ Marking scraper record ID 66 as Processed.

[1 occurrence(s)]
INFO --> 📩 Processing Email ID: 67

[4 occurrence(s)]
INFO --> ensureTickerExists: CBRE already exists in bf_investment_tickers.

[4 occurrence(s)]
INFO --> FORECAST: start CBRE 5m

[1 occurrence(s)]
INFO --> ✅ Marking scraper record ID 67 as Processed.

[1 occurrence(s)]
INFO --> 📩 Processing Email ID: 68

[1 occurrence(s)]
INFO --> ensureTickerExists: NCLH already exists in bf_investment_tickers.

[1 occurrence(s)]
INFO --> FORECAST: start NCLH 5m

[1 occurrence(s)]
INFO --> ensureTickerExists: VRTX already exists in bf_investment_tickers.

[1 occurrence(s)]
INFO --> FORECAST: start VRTX 5m

[1 occurrence(s)]
INFO --> ✅ Marking scraper record ID 68 as Processed.

[1 occurrence(s)]
INFO --> 📩 Processing Email ID: 69

[1 occurrence(s)]
INFO --> ensureTickerExists: ASGN already exists in bf_investment_tickers.

[1 occurrence(s)]
INFO --> FORECAST: start ASGN 5m

[1 occurrence(s)]
INFO --> ensureTickerExists: AUB already exists in bf_investment_tickers.

[1 occurrence(s)]
INFO --> FORECAST: start AUB 5m

[1 occurrence(s)]
INFO --> ensureTickerExists: AYI already exists in bf_investment_tickers.

[1 occurrence(s)]
INFO --> FORECAST: start AYI 5m

[2 occurrence(s)]
INFO --> ensureTickerExists: AZO already exists in bf_investment_tickers.

[2 occurrence(s)]
INFO --> FORECAST: start AZO 5m

[1 occurrence(s)]
INFO --> ensureTickerExists: BKU already exists in bf_investment_tickers.

[1 occurrence(s)]
INFO --> FORECAST: start BKU 5m

[1 occurrence(s)]
INFO --> ensureTickerExists: BXSL already exists in bf_investment_tickers.

[1 occurrence(s)]
INFO --> FORECAST: start BXSL 5m

[1 occurrence(s)]
INFO --> ensureTickerExists: CHD already exists in bf_investment_tickers.

[1 occurrence(s)]
INFO --> FORECAST: start CHD 5m

[1 occurrence(s)]
INFO --> ensureTickerExists: CIK already exists in bf_investment_tickers.

[1 occurrence(s)]
INFO --> FORECAST: start CIK 5m

[1 occurrence(s)]
INFO --> ensureTickerExists: EAF already exists in bf_investment_tickers.

[1 occurrence(s)]
INFO --> FORECAST: start EAF 5m

[2 occurrence(s)]
INFO --> ensureTickerExists: ECAT already exists in bf_investment_tickers.

[2 occurrence(s)]
INFO --> FORECAST: start ECAT 5m

[1 occurrence(s)]
INFO --> ensureTickerExists: ENVA already exists in bf_investment_tickers.

[1 occurrence(s)]
INFO --> FORECAST: start ENVA 5m

[1 occurrence(s)]
INFO --> ensureTickerExists: ESRT already exists in bf_investment_tickers.

[1 occurrence(s)]
INFO --> FORECAST: start ESRT 5m

[1 occurrence(s)]
INFO --> ensureTickerExists: EVRG already exists in bf_investment_tickers.

[1 occurrence(s)]
INFO --> FORECAST: start EVRG 5m

[1 occurrence(s)]
INFO --> ensureTickerExists: FCNCA already exists in bf_investment_tickers.

[1 occurrence(s)]
INFO --> FORECAST: start FCNCA 5m

[2 occurrence(s)]
INFO --> ensureTickerExists: FIVN already exists in bf_investment_tickers.

[2 occurrence(s)]
INFO --> FORECAST: start FIVN 5m

[1 occurrence(s)]
INFO --> ensureTickerExists: HOMB already exists in bf_investment_tickers.

[1 occurrence(s)]
INFO --> FORECAST: start HOMB 5m

[1 occurrence(s)]
INFO --> ensureTickerExists: HUBG already exists in bf_investment_tickers.

[1 occurrence(s)]
INFO --> FORECAST: start HUBG 5m

[1 occurrence(s)]
INFO --> ensureTickerExists: IBP already exists in bf_investment_tickers.

[1 occurrence(s)]
INFO --> FORECAST: start IBP 5m

[1 occurrence(s)]
INFO --> ensureTickerExists: JFR already exists in bf_investment_tickers.

[1 occurrence(s)]
INFO --> FORECAST: start JFR 5m

[1 occurrence(s)]
INFO --> ensureTickerExists: JKHY already exists in bf_investment_tickers.

[1 occurrence(s)]
INFO --> FORECAST: start JKHY 5m

[1 occurrence(s)]
INFO --> ensureTickerExists: LC already exists in bf_investment_tickers.

[1 occurrence(s)]
INFO --> FORECAST: start LC 5m

[4 occurrence(s)]
INFO --> ensureTickerExists: MDT already exists in bf_investment_tickers.

[4 occurrence(s)]
INFO --> FORECAST: start MDT 5m

[1 occurrence(s)]
INFO --> ensureTickerExists: MP already exists in bf_investment_tickers.

[1 occurrence(s)]
INFO --> FORECAST: start MP 5m

[2 occurrence(s)]
INFO --> ensureTickerExists: NMIH already exists in bf_investment_tickers.

[2 occurrence(s)]
INFO --> FORECAST: start NMIH 5m

[1 occurrence(s)]
INFO --> ensureTickerExists: NVST already exists in bf_investment_tickers.

[1 occurrence(s)]
INFO --> FORECAST: start NVST 5m

[1 occurrence(s)]
INFO --> ensureTickerExists: PFSI already exists in bf_investment_tickers.

[1 occurrence(s)]
INFO --> FORECAST: start PFSI 5m

[1 occurrence(s)]
INFO --> ensureTickerExists: PRGO already exists in bf_investment_tickers.

[1 occurrence(s)]
INFO --> FORECAST: start PRGO 5m

[1 occurrence(s)]
INFO --> ensureTickerExists: RELX already exists in bf_investment_tickers.

[1 occurrence(s)]
INFO --> FORECAST: start RELX 5m

[1 occurrence(s)]
INFO --> ensureTickerExists: SAM already exists in bf_investment_tickers.

[1 occurrence(s)]
INFO --> FORECAST: start SAM 5m

[1 occurrence(s)]
INFO --> ensureTickerExists: VRTS already exists in bf_investment_tickers.

[1 occurrence(s)]
INFO --> FORECAST: start VRTS 5m

[1 occurrence(s)]
INFO --> ensureTickerExists: WKC already exists in bf_investment_tickers.

[1 occurrence(s)]
INFO --> FORECAST: start WKC 5m

[1 occurrence(s)]
INFO --> ensureTickerExists: XHR already exists in bf_investment_tickers.

[1 occurrence(s)]
INFO --> FORECAST: start XHR 5m

[1 occurrence(s)]
INFO --> ✅ Marking scraper record ID 69 as Processed.

[1 occurrence(s)]
INFO --> 📩 Processing Email ID: 70

[4 occurrence(s)]
INFO --> ensureTickerExists: BIRK already exists in bf_investment_tickers.

[4 occurrence(s)]
INFO --> FORECAST: start BIRK 5m

[2 occurrence(s)]
INFO --> ensureTickerExists: EL already exists in bf_investment_tickers.

[2 occurrence(s)]
INFO --> FORECAST: start EL 5m

[5 occurrence(s)]
INFO --> ensureTickerExists: GRAB already exists in bf_investment_tickers.

[5 occurrence(s)]
INFO --> FORECAST: start GRAB 5m

[2 occurrence(s)]
INFO --> ensureTickerExists: LVS already exists in bf_investment_tickers.

[2 occurrence(s)]
INFO --> FORECAST: start LVS 5m

[2 occurrence(s)]
INFO --> ensureTickerExists: WCN already exists in bf_investment_tickers.

[2 occurrence(s)]
INFO --> FORECAST: start WCN 5m

[1 occurrence(s)]
INFO --> ensureTickerExists: WYNN already exists in bf_investment_tickers.

[1 occurrence(s)]
INFO --> FORECAST: start WYNN 5m

[1 occurrence(s)]
INFO --> ✅ Marking scraper record ID 70 as Processed.

[1 occurrence(s)]
INFO --> 📩 Processing Email ID: 71

[1 occurrence(s)]
INFO --> ensureTickerExists: ACGL already exists in bf_investment_tickers.

[1 occurrence(s)]
INFO --> FORECAST: start ACGL 5m

[2 occurrence(s)]
INFO --> ensureTickerExists: ADT already exists in bf_investment_tickers.

[2 occurrence(s)]
INFO --> FORECAST: start ADT 5m

[2 occurrence(s)]
INFO --> ensureTickerExists: AFL already exists in bf_investment_tickers.

[2 occurrence(s)]
INFO --> FORECAST: start AFL 5m

[2 occurrence(s)]
INFO --> ensureTickerExists: AGH already exists in bf_investment_tickers.

[2 occurrence(s)]
INFO --> FORECAST: start AGH 5m

[1 occurrence(s)]
INFO --> ensureTickerExists: AGO already exists in bf_investment_tickers.

[1 occurrence(s)]
INFO --> FORECAST: start AGO 5m

[2 occurrence(s)]
INFO --> ensureTickerExists: AIG already exists in bf_investment_tickers.

[2 occurrence(s)]
INFO --> FORECAST: start AIG 5m

[3 occurrence(s)]
INFO --> ensureTickerExists: ANSS already exists in bf_investment_tickers.

[3 occurrence(s)]
INFO --> FORECAST: start ANSS 5m

[1 occurrence(s)]
INFO --> ensureTickerExists: APA already exists in bf_investment_tickers.

[1 occurrence(s)]
INFO --> FORECAST: start APA 5m

[1 occurrence(s)]
INFO --> ensureTickerExists: ARI already exists in bf_investment_tickers.

[1 occurrence(s)]
INFO --> FORECAST: start ARI 5m

[1 occurrence(s)]
INFO --> ensureTickerExists: ATEC already exists in bf_investment_tickers.

[1 occurrence(s)]
INFO --> FORECAST: start ATEC 5m

[1 occurrence(s)]
INFO --> ensureTickerExists: ATO already exists in bf_investment_tickers.

[1 occurrence(s)]
INFO --> FORECAST: start ATO 5m

[1 occurrence(s)]
INFO --> ensureTickerExists: AVNS already exists in bf_investment_tickers.

[1 occurrence(s)]
INFO --> FORECAST: start AVNS 5m

[1 occurrence(s)]
INFO --> ensureTickerExists: AVTR already exists in bf_investment_tickers.

[1 occurrence(s)]
INFO --> FORECAST: start AVTR 5m

[1 occurrence(s)]
INFO --> ensureTickerExists: AXS already exists in bf_investment_tickers.

[1 occurrence(s)]
INFO --> FORECAST: start AXS 5m

[1 occurrence(s)]
INFO --> ensureTickerExists: AXTA already exists in bf_investment_tickers.

[1 occurrence(s)]
INFO --> FORECAST: start AXTA 5m

[1 occurrence(s)]
INFO --> ensureTickerExists: BATRA already exists in bf_investment_tickers.

[1 occurrence(s)]
INFO --> FORECAST: start BATRA 5m

[1 occurrence(s)]
INFO --> ensureTickerExists: BATRK already exists in bf_investment_tickers.

[1 occurrence(s)]
INFO --> FORECAST: start BATRK 5m

[2 occurrence(s)]
INFO --> ensureTickerExists: BF already exists in bf_investment_tickers.

[2 occurrence(s)]
INFO --> FORECAST: start BF 5m

[2 occurrence(s)]
INFO --> ensureTickerExists: B already exists in bf_investment_tickers.

[2 occurrence(s)]
INFO --> FORECAST: start B 5m

[1 occurrence(s)]
INFO --> ensureTickerExists: BLMN already exists in bf_investment_tickers.

[1 occurrence(s)]
INFO --> FORECAST: start BLMN 5m

[1 occurrence(s)]
INFO --> ensureTickerExists: BLW already exists in bf_investment_tickers.

[1 occurrence(s)]
INFO --> FORECAST: start BLW 5m

[1 occurrence(s)]
INFO --> ensureTickerExists: BNS already exists in bf_investment_tickers.

[1 occurrence(s)]
INFO --> FORECAST: start BNS 5m

[2 occurrence(s)]
INFO --> ensureTickerExists: BSX already exists in bf_investment_tickers.

[2 occurrence(s)]
INFO --> FORECAST: start BSX 5m

[1 occurrence(s)]
INFO --> ensureTickerExists: BV already exists in bf_investment_tickers.

[1 occurrence(s)]
INFO --> FORECAST: start BV 5m

[1 occurrence(s)]
INFO --> ensureTickerExists: CASH already exists in bf_investment_tickers.

[1 occurrence(s)]
INFO --> FORECAST: start CASH 5m

[3 occurrence(s)]
INFO --> ensureTickerExists: CAT already exists in bf_investment_tickers.

[3 occurrence(s)]
INFO --> FORECAST: start CAT 5m

[5 occurrence(s)]
INFO --> ensureTickerExists: CB already exists in bf_investment_tickers.

[5 occurrence(s)]
INFO --> FORECAST: start CB 5m

[1 occurrence(s)]
INFO --> ensureTickerExists: CBSH already exists in bf_investment_tickers.

[1 occurrence(s)]
INFO --> FORECAST: start CBSH 5m

[1 occurrence(s)]
INFO --> ensureTickerExists: CBU already exists in bf_investment_tickers.

[1 occurrence(s)]
INFO --> FORECAST: start CBU 5m

[1 occurrence(s)]
INFO --> ensureTickerExists: CLX already exists in bf_investment_tickers.

[1 occurrence(s)]
INFO --> FORECAST: start CLX 5m

[2 occurrence(s)]
INFO --> ensureTickerExists: CMPO already exists in bf_investment_tickers.

[2 occurrence(s)]
INFO --> FORECAST: start CMPO 5m

[2 occurrence(s)]
INFO --> ensureTickerExists: CNA already exists in bf_investment_tickers.

[2 occurrence(s)]
INFO --> FORECAST: start CNA 5m

[3 occurrence(s)]
INFO --> ensureTickerExists: CNI already exists in bf_investment_tickers.

[3 occurrence(s)]
INFO --> FORECAST: start CNI 5m

[1 occurrence(s)]
INFO --> ensureTickerExists: CPB already exists in bf_investment_tickers.

[1 occurrence(s)]
INFO --> FORECAST: start CPB 5m

[2 occurrence(s)]
INFO --> ensureTickerExists: CSL already exists in bf_investment_tickers.

[2 occurrence(s)]
INFO --> FORECAST: start CSL 5m

[1 occurrence(s)]
INFO --> ensureTickerExists: CSV already exists in bf_investment_tickers.

[1 occurrence(s)]
INFO --> FORECAST: start CSV 5m

[2 occurrence(s)]
INFO --> ensureTickerExists: D already exists in bf_investment_tickers.

[2 occurrence(s)]
INFO --> FORECAST: start D 5m

[2 occurrence(s)]
INFO --> ensureTickerExists: DHR already exists in bf_investment_tickers.

[2 occurrence(s)]
INFO --> FORECAST: start DHR 5m

[1 occurrence(s)]
INFO --> ensureTickerExists: DLX already exists in bf_investment_tickers.

[1 occurrence(s)]
INFO --> FORECAST: start DLX 5m

[2 occurrence(s)]
INFO --> ensureTickerExists: DNOW already exists in bf_investment_tickers.

[2 occurrence(s)]
INFO --> FORECAST: start DNOW 5m

[1 occurrence(s)]
INFO --> ensureTickerExists: DNUT already exists in bf_investment_tickers.

[1 occurrence(s)]
INFO --> FORECAST: start DNUT 5m

[1 occurrence(s)]
INFO --> ensureTickerExists: DVA already exists in bf_investment_tickers.

[1 occurrence(s)]
INFO --> FORECAST: start DVA 5m

[1 occurrence(s)]
INFO --> ensureTickerExists: EBC already exists in bf_investment_tickers.

[1 occurrence(s)]
INFO --> FORECAST: start EBC 5m

[2 occurrence(s)]
INFO --> ensureTickerExists: EG already exists in bf_investment_tickers.

[2 occurrence(s)]
INFO --> FORECAST: start EG 5m

[1 occurrence(s)]
INFO --> ensureTickerExists: EGP already exists in bf_investment_tickers.

[1 occurrence(s)]
INFO --> FORECAST: start EGP 5m

[1 occurrence(s)]
INFO --> ensureTickerExists: ELS already exists in bf_investment_tickers.

[1 occurrence(s)]
INFO --> FORECAST: start ELS 5m

[2 occurrence(s)]
INFO --> ensureTickerExists: EQR already exists in bf_investment_tickers.

[2 occurrence(s)]
INFO --> FORECAST: start EQR 5m

[1 occurrence(s)]
INFO --> ensureTickerExists: EXG already exists in bf_investment_tickers.

[1 occurrence(s)]
INFO --> FORECAST: start EXG 5m

[2 occurrence(s)]
INFO --> ensureTickerExists: EYE already exists in bf_investment_tickers.

[2 occurrence(s)]
INFO --> FORECAST: start EYE 5m

[1 occurrence(s)]
INFO --> ensureTickerExists: FBRT already exists in bf_investment_tickers.

[1 occurrence(s)]
INFO --> FORECAST: start FBRT 5m

[1 occurrence(s)]
INFO --> ensureTickerExists: FDUS already exists in bf_investment_tickers.

[1 occurrence(s)]
INFO --> FORECAST: start FDUS 5m

[1 occurrence(s)]
INFO --> ensureTickerExists: FFIN already exists in bf_investment_tickers.

[1 occurrence(s)]
INFO --> FORECAST: start FFIN 5m

[1 occurrence(s)]
INFO --> ensureTickerExists: FIBK already exists in bf_investment_tickers.

[1 occurrence(s)]
INFO --> FORECAST: start FIBK 5m

[1 occurrence(s)]
INFO --> ensureTickerExists: FNB already exists in bf_investment_tickers.

[1 occurrence(s)]
INFO --> FORECAST: start FNB 5m

[2 occurrence(s)]
INFO --> ensureTickerExists: GBDC already exists in bf_investment_tickers.

[2 occurrence(s)]
INFO --> FORECAST: start GBDC 5m

[1 occurrence(s)]
INFO --> ensureTickerExists: GCI already exists in bf_investment_tickers.

[1 occurrence(s)]
INFO --> FORECAST: start GCI 5m

[1 occurrence(s)]
INFO --> ensureTickerExists: GCO already exists in bf_investment_tickers.

[1 occurrence(s)]
INFO --> FORECAST: start GCO 5m

[1 occurrence(s)]
INFO --> ensureTickerExists: GEL already exists in bf_investment_tickers.

[1 occurrence(s)]
INFO --> FORECAST: start GEL 5m

[1 occurrence(s)]
INFO --> ensureTickerExists: GFI already exists in bf_investment_tickers.

[1 occurrence(s)]
INFO --> FORECAST: start GFI 5m

[7 occurrence(s)]
INFO --> ensureTickerExists: GOOG already exists in bf_investment_tickers.

[7 occurrence(s)]
INFO --> FORECAST: start GOOG 5m

[1 occurrence(s)]
INFO --> ensureTickerExists: GPCR already exists in bf_investment_tickers.

[1 occurrence(s)]
INFO --> FORECAST: start GPCR 5m

[3 occurrence(s)]
INFO --> ensureTickerExists: GSK already exists in bf_investment_tickers.

[3 occurrence(s)]
INFO --> FORECAST: start GSK 5m

[1 occurrence(s)]
INFO --> ensureTickerExists: GSM already exists in bf_investment_tickers.

[1 occurrence(s)]
INFO --> FORECAST: start GSM 5m

[2 occurrence(s)]
INFO --> ensureTickerExists: GTX already exists in bf_investment_tickers.

[2 occurrence(s)]
INFO --> FORECAST: start GTX 5m

[1 occurrence(s)]
INFO --> ensureTickerExists: HAS already exists in bf_investment_tickers.

[1 occurrence(s)]
INFO --> FORECAST: start HAS 5m

[2 occurrence(s)]
INFO --> ensureTickerExists: HIG already exists in bf_investment_tickers.

[2 occurrence(s)]
INFO --> FORECAST: start HIG 5m

[1 occurrence(s)]
INFO --> ensureTickerExists: HMN already exists in bf_investment_tickers.

[1 occurrence(s)]
INFO --> FORECAST: start HMN 5m

[1 occurrence(s)]
INFO --> ensureTickerExists: HOLX already exists in bf_investment_tickers.

[1 occurrence(s)]
INFO --> FORECAST: start HOLX 5m

[2 occurrence(s)]
INFO --> ensureTickerExists: HR already exists in bf_investment_tickers.

[2 occurrence(s)]
INFO --> FORECAST: start HR 5m

[1 occurrence(s)]
INFO --> ensureTickerExists: HTH already exists in bf_investment_tickers.

[1 occurrence(s)]
INFO --> FORECAST: start HTH 5m

[1 occurrence(s)]
INFO --> ensureTickerExists: HYT already exists in bf_investment_tickers.

[1 occurrence(s)]
INFO --> FORECAST: start HYT 5m

[1 occurrence(s)]
INFO --> ensureTickerExists: IBN already exists in bf_investment_tickers.

[1 occurrence(s)]
INFO --> FORECAST: start IBN 5m

[1 occurrence(s)]
INFO --> ensureTickerExists: IGR already exists in bf_investment_tickers.

[1 occurrence(s)]
INFO --> FORECAST: start IGR 5m

[1 occurrence(s)]
INFO --> ensureTickerExists: IHG already exists in bf_investment_tickers.

[1 occurrence(s)]
INFO --> FORECAST: start IHG 5m

[2 occurrence(s)]
INFO --> ensureTickerExists: IRT already exists in bf_investment_tickers.

[2 occurrence(s)]
INFO --> FORECAST: start IRT 5m

[1 occurrence(s)]
INFO --> ensureTickerExists: JBI already exists in bf_investment_tickers.

[1 occurrence(s)]
INFO --> FORECAST: start JBI 5m

[1 occurrence(s)]
INFO --> ensureTickerExists: KBH already exists in bf_investment_tickers.

[1 occurrence(s)]
INFO --> FORECAST: start KBH 5m

[3 occurrence(s)]
INFO --> ensureTickerExists: KR already exists in bf_investment_tickers.

[3 occurrence(s)]
INFO --> FORECAST: start KR 5m

[1 occurrence(s)]
INFO --> ensureTickerExists: L already exists in bf_investment_tickers.

[1 occurrence(s)]
INFO --> FORECAST: start L 5m

[2 occurrence(s)]
INFO --> ensureTickerExists: LBTYA already exists in bf_investment_tickers.

[2 occurrence(s)]
INFO --> FORECAST: start LBTYA 5m

[4 occurrence(s)]
INFO --> ensureTickerExists: LEN already exists in bf_investment_tickers.

[4 occurrence(s)]
INFO --> FORECAST: start LEN 5m

[1 occurrence(s)]
INFO --> ensureTickerExists: LNC already exists in bf_investment_tickers.

[1 occurrence(s)]
INFO --> FORECAST: start LNC 5m

[1 occurrence(s)]
INFO --> ensureTickerExists: FT already exists in bf_investment_tickers.

[1 occurrence(s)]
INFO --> FORECAST: start FT 5m

[1 occurrence(s)]
INFO --> ✅ Marking scraper record ID 71 as Processed.

[1 occurrence(s)]
INFO --> 📩 Processing Email ID: 72

[1 occurrence(s)]
INFO --> ensureTickerExists: FAST already exists in bf_investment_tickers.

[1 occurrence(s)]
INFO --> FORECAST: start FAST 5m

[9 occurrence(s)]
INFO --> ensureTickerExists: GOOGL already exists in bf_investment_tickers.

[9 occurrence(s)]
INFO --> FORECAST: start GOOGL 5m

[3 occurrence(s)]
INFO --> ensureTickerExists: IBM already exists in bf_investment_tickers.

[3 occurrence(s)]
INFO --> FORECAST: start IBM 5m

[1 occurrence(s)]
INFO --> ensureTickerExists: MAR already exists in bf_investment_tickers.

[1 occurrence(s)]
INFO --> FORECAST: start MAR 5m

[4 occurrence(s)]
INFO --> ensureTickerExists: SO already exists in bf_investment_tickers.

[4 occurrence(s)]
INFO --> FORECAST: start SO 5m

[3 occurrence(s)]
INFO --> ensureTickerExists: WAB already exists in bf_investment_tickers.

[3 occurrence(s)]
INFO --> FORECAST: start WAB 5m

[1 occurrence(s)]
INFO --> ✅ Marking scraper record ID 72 as Processed.

[1 occurrence(s)]
INFO --> 📩 Processing Email ID: 73

[1 occurrence(s)]
INFO --> ensureTickerExists: ALLE already exists in bf_investment_tickers.

[1 occurrence(s)]
INFO --> FORECAST: start ALLE 5m

[1 occurrence(s)]
INFO --> ensureTickerExists: APD already exists in bf_investment_tickers.

[1 occurrence(s)]
INFO --> FORECAST: start APD 5m

[2 occurrence(s)]
INFO --> ensureTickerExists: BIIB already exists in bf_investment_tickers.

[2 occurrence(s)]
INFO --> FORECAST: start BIIB 5m

[1 occurrence(s)]
INFO --> ensureTickerExists: DKNG already exists in bf_investment_tickers.

[1 occurrence(s)]
INFO --> FORECAST: start DKNG 5m

[1 occurrence(s)]
INFO --> ensureTickerExists: EMR already exists in bf_investment_tickers.

[1 occurrence(s)]
INFO --> FORECAST: start EMR 5m

[1 occurrence(s)]
INFO --> ensureTickerExists: ETR already exists in bf_investment_tickers.

[1 occurrence(s)]
INFO --> FORECAST: start ETR 5m

[2 occurrence(s)]
INFO --> ensureTickerExists: FIS already exists in bf_investment_tickers.

[2 occurrence(s)]
INFO --> FORECAST: start FIS 5m

[2 occurrence(s)]
INFO --> ensureTickerExists: FLR already exists in bf_investment_tickers.

[2 occurrence(s)]
INFO --> FORECAST: start FLR 5m

[3 occurrence(s)]
INFO --> ensureTickerExists: GEHC already exists in bf_investment_tickers.

[3 occurrence(s)]
INFO --> FORECAST: start GEHC 5m

[1 occurrence(s)]
INFO --> ensureTickerExists: GM already exists in bf_investment_tickers.

[1 occurrence(s)]
INFO --> FORECAST: start GM 5m

[1 occurrence(s)]
INFO --> ensureTickerExists: INTU already exists in bf_investment_tickers.

[1 occurrence(s)]
INFO --> FORECAST: start INTU 5m

[1 occurrence(s)]
INFO --> ensureTickerExists: IP already exists in bf_investment_tickers.

[1 occurrence(s)]
INFO --> FORECAST: start IP 5m

[1 occurrence(s)]
INFO --> ensureTickerExists: NICE already exists in bf_investment_tickers.

[1 occurrence(s)]
INFO --> FORECAST: start NICE 5m

[1 occurrence(s)]
INFO --> ensureTickerExists: NRG already exists in bf_investment_tickers.

[1 occurrence(s)]
INFO --> FORECAST: start NRG 5m

[1 occurrence(s)]
INFO --> ensureTickerExists: PRU already exists in bf_investment_tickers.

[1 occurrence(s)]
INFO --> FORECAST: start PRU 5m

[1 occurrence(s)]
INFO --> ensureTickerExists: ROST already exists in bf_investment_tickers.

[1 occurrence(s)]
INFO --> FORECAST: start ROST 5m

[2 occurrence(s)]
INFO --> ensureTickerExists: TAP already exists in bf_investment_tickers.

[2 occurrence(s)]
INFO --> FORECAST: start TAP 5m

[1 occurrence(s)]
INFO --> ensureTickerExists: TLN already exists in bf_investment_tickers.

[1 occurrence(s)]
INFO --> FORECAST: start TLN 5m

[1 occurrence(s)]
INFO --> ensureTickerExists: TRGP already exists in bf_investment_tickers.

[1 occurrence(s)]
INFO --> FORECAST: start TRGP 5m

[1 occurrence(s)]
INFO --> ensureTickerExists: TRV already exists in bf_investment_tickers.

[1 occurrence(s)]
INFO --> FORECAST: start TRV 5m

[1 occurrence(s)]
INFO --> ensureTickerExists: VTR already exists in bf_investment_tickers.

[1 occurrence(s)]
INFO --> FORECAST: start VTR 5m

[1 occurrence(s)]
INFO --> ensureTickerExists: WAY already exists in bf_investment_tickers.

[1 occurrence(s)]
INFO --> FORECAST: start WAY 5m

[2 occurrence(s)]
INFO --> ensureTickerExists: WM already exists in bf_investment_tickers.

[2 occurrence(s)]
INFO --> FORECAST: start WM 5m

[1 occurrence(s)]
INFO --> ensureTickerExists: XEL already exists in bf_investment_tickers.

[1 occurrence(s)]
INFO --> FORECAST: start XEL 5m

[1 occurrence(s)]
INFO --> ✅ Marking scraper record ID 73 as Processed.

[1 occurrence(s)]
INFO --> 📩 Processing Email ID: 74

[1 occurrence(s)]
INFO --> ensureTickerExists: ACCD already exists in bf_investment_tickers.

[1 occurrence(s)]
INFO --> FORECAST: start ACCD 5m

[1 occurrence(s)]
INFO --> ensureTickerExists: ADTN already exists in bf_investment_tickers.

[1 occurrence(s)]
INFO --> FORECAST: start ADTN 5m

[2 occurrence(s)]
INFO --> ensureTickerExists: AMBC already exists in bf_investment_tickers.

[2 occurrence(s)]
INFO --> FORECAST: start AMBC 5m

[2 occurrence(s)]
INFO --> ensureTickerExists: ARRY already exists in bf_investment_tickers.

[2 occurrence(s)]
INFO --> FORECAST: start ARRY 5m

[2 occurrence(s)]
INFO --> ensureTickerExists: ATMU already exists in bf_investment_tickers.

[2 occurrence(s)]
INFO --> FORECAST: start ATMU 5m

[1 occurrence(s)]
INFO --> ensureTickerExists: CCSI already exists in bf_investment_tickers.

[1 occurrence(s)]
INFO --> FORECAST: start CCSI 5m

[3 occurrence(s)]
INFO --> ensureTickerExists: CHDN already exists in bf_investment_tickers.

[3 occurrence(s)]
INFO --> FORECAST: start CHDN 5m

[2 occurrence(s)]
INFO --> ensureTickerExists: CHH already exists in bf_investment_tickers.

[2 occurrence(s)]
INFO --> FORECAST: start CHH 5m

[4 occurrence(s)]
INFO --> ensureTickerExists: CNR already exists in bf_investment_tickers.

[4 occurrence(s)]
INFO --> FORECAST: start CNR 5m

[2 occurrence(s)]
INFO --> ensureTickerExists: CTSH already exists in bf_investment_tickers.

[2 occurrence(s)]
INFO --> FORECAST: start CTSH 5m

[2 occurrence(s)]
INFO --> ensureTickerExists: DGII already exists in bf_investment_tickers.

[2 occurrence(s)]
INFO --> FORECAST: start DGII 5m

[3 occurrence(s)]
INFO --> ensureTickerExists: DHI already exists in bf_investment_tickers.

[3 occurrence(s)]
INFO --> FORECAST: start DHI 5m

[5 occurrence(s)]
INFO --> ensureTickerExists: ED already exists in bf_investment_tickers.

[5 occurrence(s)]
INFO --> FORECAST: start ED 5m

[2 occurrence(s)]
INFO --> ensureTickerExists: ERIE already exists in bf_investment_tickers.

[2 occurrence(s)]
INFO --> FORECAST: start ERIE 5m

[2 occurrence(s)]
INFO --> ensureTickerExists: ETNB already exists in bf_investment_tickers.

[2 occurrence(s)]
INFO --> FORECAST: start ETNB 5m

[3 occurrence(s)]
INFO --> ensureTickerExists: EXC already exists in bf_investment_tickers.

[3 occurrence(s)]
INFO --> FORECAST: start EXC 5m

[1 occurrence(s)]
INFO --> ensureTickerExists: FCX already exists in bf_investment_tickers.

[1 occurrence(s)]
INFO --> FORECAST: start FCX 5m

[6 occurrence(s)]
INFO --> ensureTickerExists: FFIV already exists in bf_investment_tickers.

[6 occurrence(s)]
INFO --> FORECAST: start FFIV 5m

[1 occurrence(s)]
INFO --> ensureTickerExists: FL already exists in bf_investment_tickers.

[1 occurrence(s)]
INFO --> FORECAST: start FL 5m

[2 occurrence(s)]
INFO --> ensureTickerExists: GEN already exists in bf_investment_tickers.

[2 occurrence(s)]
INFO --> FORECAST: start GEN 5m

[1 occurrence(s)]
INFO --> ensureTickerExists: GEO already exists in bf_investment_tickers.

[1 occurrence(s)]
INFO --> FORECAST: start GEO 5m

[4 occurrence(s)]
INFO --> ensureTickerExists: GWRE already exists in bf_investment_tickers.

[4 occurrence(s)]
INFO --> FORECAST: start GWRE 5m

[1 occurrence(s)]
INFO --> ensureTickerExists: HESM already exists in bf_investment_tickers.

[1 occurrence(s)]
INFO --> FORECAST: start HESM 5m

[2 occurrence(s)]
INFO --> ensureTickerExists: HOV already exists in bf_investment_tickers.

[2 occurrence(s)]
INFO --> FORECAST: start HOV 5m

[1 occurrence(s)]
INFO --> ensureTickerExists: KVYO already exists in bf_investment_tickers.

[1 occurrence(s)]
INFO --> FORECAST: start KVYO 5m

[4 occurrence(s)]
INFO --> ensureTickerExists: LW already exists in bf_investment_tickers.

[4 occurrence(s)]
INFO --> FORECAST: start LW 5m

[1 occurrence(s)]
INFO --> ensureTickerExists: MD already exists in bf_investment_tickers.

[1 occurrence(s)]
INFO --> FORECAST: start MD 5m

[6 occurrence(s)]
INFO --> ensureTickerExists: MDGL already exists in bf_investment_tickers.

[6 occurrence(s)]
INFO --> FORECAST: start MDGL 5m

[2 occurrence(s)]
INFO --> ensureTickerExists: NGVC already exists in bf_investment_tickers.

[2 occurrence(s)]
INFO --> FORECAST: start NGVC 5m

[2 occurrence(s)]
INFO --> ensureTickerExists: NSIT already exists in bf_investment_tickers.

[2 occurrence(s)]
INFO --> FORECAST: start NSIT 5m

[4 occurrence(s)]
INFO --> ensureTickerExists: NVR already exists in bf_investment_tickers.

[4 occurrence(s)]
INFO --> FORECAST: start NVR 5m

[2 occurrence(s)]
INFO --> ensureTickerExists: PGC already exists in bf_investment_tickers.

[2 occurrence(s)]
INFO --> FORECAST: start PGC 5m

[1 occurrence(s)]
INFO --> ensureTickerExists: PLAY already exists in bf_investment_tickers.

[1 occurrence(s)]
INFO --> FORECAST: start PLAY 5m

[1 occurrence(s)]
INFO --> ensureTickerExists: QURE already exists in bf_investment_tickers.

[1 occurrence(s)]
INFO --> FORECAST: start QURE 5m

[2 occurrence(s)]
INFO --> ensureTickerExists: SITC already exists in bf_investment_tickers.

[2 occurrence(s)]
INFO --> FORECAST: start SITC 5m

[2 occurrence(s)]
INFO --> ensureTickerExists: SKWD already exists in bf_investment_tickers.

[2 occurrence(s)]
INFO --> FORECAST: start SKWD 5m

[3 occurrence(s)]
INFO --> ensureTickerExists: SOBO already exists in bf_investment_tickers.

[3 occurrence(s)]
INFO --> FORECAST: start SOBO 5m

[6 occurrence(s)]
INFO --> ensureTickerExists: SYK already exists in bf_investment_tickers.

[6 occurrence(s)]
INFO --> FORECAST: start SYK 5m

[2 occurrence(s)]
INFO --> ensureTickerExists: TALO already exists in bf_investment_tickers.

[2 occurrence(s)]
INFO --> FORECAST: start TALO 5m

[2 occurrence(s)]
INFO --> ensureTickerExists: TENB already exists in bf_investment_tickers.

[2 occurrence(s)]
INFO --> FORECAST: start TENB 5m

[2 occurrence(s)]
INFO --> ensureTickerExists: TMUS already exists in bf_investment_tickers.

[2 occurrence(s)]
INFO --> FORECAST: start TMUS 5m

[1 occurrence(s)]
INFO --> ensureTickerExists: TTEK already exists in bf_investment_tickers.

[1 occurrence(s)]
INFO --> FORECAST: start TTEK 5m

[2 occurrence(s)]
INFO --> ensureTickerExists: TTWO already exists in bf_investment_tickers.

[2 occurrence(s)]
INFO --> FORECAST: start TTWO 5m

[2 occurrence(s)]
INFO --> ensureTickerExists: TVTX already exists in bf_investment_tickers.

[2 occurrence(s)]
INFO --> FORECAST: start TVTX 5m

[1 occurrence(s)]
INFO --> ensureTickerExists: VMAR already exists in bf_investment_tickers.

[1 occurrence(s)]
INFO --> FORECAST: start VMAR 5m

[2 occurrence(s)]
INFO --> ensureTickerExists: WSR already exists in bf_investment_tickers.

[2 occurrence(s)]
INFO --> FORECAST: start WSR 5m

[1 occurrence(s)]
INFO --> ensureTickerExists: WU already exists in bf_investment_tickers.

[1 occurrence(s)]
INFO --> FORECAST: start WU 5m

[3 occurrence(s)]
INFO --> ensureTickerExists: WVE already exists in bf_investment_tickers.

[3 occurrence(s)]
INFO --> FORECAST: start WVE 5m

[2 occurrence(s)]
INFO --> ensureTickerExists: WWD already exists in bf_investment_tickers.

[2 occurrence(s)]
INFO --> FORECAST: start WWD 5m

[1 occurrence(s)]
INFO --> ensureTickerExists: XNCR already exists in bf_investment_tickers.

[1 occurrence(s)]
INFO --> FORECAST: start XNCR 5m

[1 occurrence(s)]
INFO --> ensureTickerExists: XOS already exists in bf_investment_tickers.

[1 occurrence(s)]
INFO --> FORECAST: start XOS 5m

[2 occurrence(s)]
INFO --> ensureTickerExists: YEXT already exists in bf_investment_tickers.

[2 occurrence(s)]
INFO --> FORECAST: start YEXT 5m

[1 occurrence(s)]
INFO --> ✅ Marking scraper record ID 74 as Processed.

[1 occurrence(s)]
INFO --> 📩 Processing Email ID: 75

[4 occurrence(s)]
INFO --> ensureTickerExists: MTN already exists in bf_investment_tickers.

[4 occurrence(s)]
INFO --> FORECAST: start MTN 5m

[1 occurrence(s)]
INFO --> ✅ Marking scraper record ID 75 as Processed.

[1 occurrence(s)]
INFO --> 📩 Processing Email ID: 76

[2 occurrence(s)]
INFO --> ensureTickerExists: ACN already exists in bf_investment_tickers.

[2 occurrence(s)]
INFO --> FORECAST: start ACN 5m

[1 occurrence(s)]
INFO --> ensureTickerExists: AKAM already exists in bf_investment_tickers.

[1 occurrence(s)]
INFO --> FORECAST: start AKAM 5m

[2 occurrence(s)]
INFO --> ensureTickerExists: ALLY already exists in bf_investment_tickers.

[2 occurrence(s)]
INFO --> FORECAST: start ALLY 5m

[4 occurrence(s)]
INFO --> ensureTickerExists: BDX already exists in bf_investment_tickers.

[4 occurrence(s)]
INFO --> FORECAST: start BDX 5m

[1 occurrence(s)]
INFO --> ensureTickerExists: COST already exists in bf_investment_tickers.

[1 occurrence(s)]
INFO --> FORECAST: start COST 5m

[1 occurrence(s)]
INFO --> ensureTickerExists: ELV already exists in bf_investment_tickers.

[1 occurrence(s)]
INFO --> FORECAST: start ELV 5m

[3 occurrence(s)]
INFO --> ensureTickerExists: KEY already exists in bf_investment_tickers.

[3 occurrence(s)]
INFO --> FORECAST: start KEY 5m

[1 occurrence(s)]
INFO --> ensureTickerExists: MAA already exists in bf_investment_tickers.

[1 occurrence(s)]
INFO --> FORECAST: start MAA 5m

[1 occurrence(s)]
INFO --> ensureTickerExists: SJM already exists in bf_investment_tickers.

[1 occurrence(s)]
INFO --> FORECAST: start SJM 5m

[1 occurrence(s)]
INFO --> ensureTickerExists: SPOT already exists in bf_investment_tickers.

[1 occurrence(s)]
INFO --> FORECAST: start SPOT 5m

[1 occurrence(s)]
INFO --> ensureTickerExists: TT already exists in bf_investment_tickers.

[1 occurrence(s)]
INFO --> FORECAST: start TT 5m

[2 occurrence(s)]
INFO --> ensureTickerExists: WAT already exists in bf_investment_tickers.

[2 occurrence(s)]
INFO --> FORECAST: start WAT 5m

[1 occurrence(s)]
INFO --> ensureTickerExists: WMT already exists in bf_investment_tickers.

[1 occurrence(s)]
INFO --> FORECAST: start WMT 5m

[2 occurrence(s)]
INFO --> ensureTickerExists: WTW already exists in bf_investment_tickers.

[2 occurrence(s)]
INFO --> FORECAST: start WTW 5m

[1 occurrence(s)]
INFO --> ensureTickerExists: YUM already exists in bf_investment_tickers.

[1 occurrence(s)]
INFO --> FORECAST: start YUM 5m

[1 occurrence(s)]
INFO --> ✅ Marking scraper record ID 76 as Processed.

[1 occurrence(s)]
INFO --> 📩 Processing Email ID: 77

[2 occurrence(s)]
INFO --> ensureTickerExists: BYRN already exists in bf_investment_tickers.

[2 occurrence(s)]
INFO --> FORECAST: start BYRN 5m

[1 occurrence(s)]
INFO --> ensureTickerExists: DHT already exists in bf_investment_tickers.

[1 occurrence(s)]
INFO --> FORECAST: start DHT 5m

[1 occurrence(s)]
INFO --> ensureTickerExists: FPI already exists in bf_investment_tickers.

[1 occurrence(s)]
INFO --> FORECAST: start FPI 5m

[1 occurrence(s)]
INFO --> ensureTickerExists: HLF already exists in bf_investment_tickers.

[1 occurrence(s)]
INFO --> FORECAST: start HLF 5m

[2 occurrence(s)]
INFO --> ensureTickerExists: IDYA already exists in bf_investment_tickers.

[2 occurrence(s)]
INFO --> FORECAST: start IDYA 5m

[1 occurrence(s)]
INFO --> ensureTickerExists: MCW already exists in bf_investment_tickers.

[1 occurrence(s)]
INFO --> FORECAST: start MCW 5m

[2 occurrence(s)]
INFO --> ensureTickerExists: MNDR already exists in bf_investment_tickers.

[2 occurrence(s)]
INFO --> FORECAST: start MNDR 5m

[2 occurrence(s)]
INFO --> ensureTickerExists: NOG already exists in bf_investment_tickers.

[2 occurrence(s)]
INFO --> FORECAST: start NOG 5m

[2 occurrence(s)]
INFO --> ensureTickerExists: PAXS already exists in bf_investment_tickers.

[2 occurrence(s)]
INFO --> FORECAST: start PAXS 5m

[3 occurrence(s)]
INFO --> ensureTickerExists: RELY already exists in bf_investment_tickers.

[3 occurrence(s)]
INFO --> FORECAST: start RELY 5m

[1 occurrence(s)]
INFO --> ensureTickerExists: SM already exists in bf_investment_tickers.

[1 occurrence(s)]
INFO --> FORECAST: start SM 5m

[1 occurrence(s)]
INFO --> ✅ Marking scraper record ID 77 as Processed.

[1 occurrence(s)]
INFO --> 📩 Processing Email ID: 78

[1 occurrence(s)]
INFO --> ensureTickerExists: USB already exists in bf_investment_tickers.

[1 occurrence(s)]
INFO --> FORECAST: start USB 5m

[1 occurrence(s)]
INFO --> ✅ Marking scraper record ID 78 as Processed.

[1 occurrence(s)]
INFO --> 📩 Processing Email ID: 79

[3 occurrence(s)]
INFO --> ensureTickerExists: HON already exists in bf_investment_tickers.

[3 occurrence(s)]
INFO --> FORECAST: start HON 5m

[1 occurrence(s)]
INFO --> ✅ Marking scraper record ID 79 as Processed.

[1 occurrence(s)]
INFO --> 📩 Processing Email ID: 80

[1 occurrence(s)]
INFO --> ensureTickerExists: AMPL already exists in bf_investment_tickers.

[1 occurrence(s)]
INFO --> FORECAST: start AMPL 5m

[2 occurrence(s)]
INFO --> ensureTickerExists: COLB already exists in bf_investment_tickers.

[2 occurrence(s)]
INFO --> FORECAST: start COLB 5m

[1 occurrence(s)]
INFO --> ensureTickerExists: CWAN already exists in bf_investment_tickers.

[1 occurrence(s)]
INFO --> FORECAST: start CWAN 5m

[1 occurrence(s)]
INFO --> ensureTickerExists: KTOS already exists in bf_investment_tickers.

[1 occurrence(s)]
INFO --> FORECAST: start KTOS 5m

[2 occurrence(s)]
INFO --> ensureTickerExists: LGF already exists in bf_investment_tickers.

[2 occurrence(s)]
INFO --> FORECAST: start LGF 5m

[1 occurrence(s)]
INFO --> ensureTickerExists: MATV already exists in bf_investment_tickers.

[1 occurrence(s)]
INFO --> FORECAST: start MATV 5m

[1 occurrence(s)]
INFO --> ensureTickerExists: MPLX already exists in bf_investment_tickers.

[1 occurrence(s)]
INFO --> FORECAST: start MPLX 5m

[2 occurrence(s)]
INFO --> ensureTickerExists: TD already exists in bf_investment_tickers.

[2 occurrence(s)]
INFO --> FORECAST: start TD 5m

[2 occurrence(s)]
INFO --> ensureTickerExists: UVSP already exists in bf_investment_tickers.

[2 occurrence(s)]
INFO --> FORECAST: start UVSP 5m

[1 occurrence(s)]
INFO --> ensureTickerExists: VITL already exists in bf_investment_tickers.

[1 occurrence(s)]
INFO --> FORECAST: start VITL 5m

[1 occurrence(s)]
INFO --> ✅ Marking scraper record ID 80 as Processed.

[1 occurrence(s)]
INFO --> 📩 Processing Email ID: 81

[1 occurrence(s)]
INFO --> ✅ Marking scraper record ID 81 as Processed.

[1 occurrence(s)]
INFO --> 📩 Processing Email ID: 82

[1 occurrence(s)]
INFO --> ✅ Marking scraper record ID 82 as Processed.

[1 occurrence(s)]
INFO --> 📩 Processing Email ID: 83

[1 occurrence(s)]
INFO --> ✅ Marking scraper record ID 83 as Processed.

[1 occurrence(s)]
INFO --> 📩 Processing Email ID: 84

[2 occurrence(s)]
INFO --> ensureTickerExists: RILYM already exists in bf_investment_tickers.

[2 occurrence(s)]
INFO --> FORECAST: start RILYM 5m

[1 occurrence(s)]
INFO --> ✅ Marking scraper record ID 84 as Processed.

[1 occurrence(s)]
INFO --> 📩 Processing Email ID: 85

[1 occurrence(s)]
INFO --> ✅ Marking scraper record ID 85 as Processed.

[1 occurrence(s)]
INFO --> 📩 Processing Email ID: 86

[1 occurrence(s)]
INFO --> ✅ Marking scraper record ID 86 as Processed.

[1 occurrence(s)]
INFO --> 📩 Processing Email ID: 87

[1 occurrence(s)]
INFO --> ✅ Marking scraper record ID 87 as Processed.

[1 occurrence(s)]
INFO --> 📩 Processing Email ID: 88

[1 occurrence(s)]
INFO --> ✅ Marking scraper record ID 88 as Processed.

[1 occurrence(s)]
INFO --> 📩 Processing Email ID: 89

[3 occurrence(s)]
INFO --> ensureTickerExists: SMCI already exists in bf_investment_tickers.

[3 occurrence(s)]
INFO --> FORECAST: start SMCI 5m

[1 occurrence(s)]
INFO --> ✅ Marking scraper record ID 89 as Processed.

[1 occurrence(s)]
INFO --> 📩 Processing Email ID: 90

[1 occurrence(s)]
INFO --> ✅ Marking scraper record ID 90 as Processed.

[1 occurrence(s)]
INFO --> 📩 Processing Email ID: 91

[1 occurrence(s)]
INFO --> ✅ Marking scraper record ID 91 as Processed.

[1 occurrence(s)]
INFO --> 📩 Processing Email ID: 92

[1 occurrence(s)]
INFO --> ✅ Marking scraper record ID 92 as Processed.

[1 occurrence(s)]
INFO --> 📩 Processing Email ID: 93

[1 occurrence(s)]
INFO --> ✅ Marking scraper record ID 93 as Processed.

[1 occurrence(s)]
INFO --> 📩 Processing Email ID: 94

[1 occurrence(s)]
INFO --> ✅ Marking scraper record ID 94 as Processed.

[1 occurrence(s)]
INFO --> 📩 Processing Email ID: 95

[1 occurrence(s)]
INFO --> ✅ Marking scraper record ID 95 as Processed.

[1 occurrence(s)]
INFO --> 📩 Processing Email ID: 96

[1 occurrence(s)]
INFO --> ✅ Marking scraper record ID 96 as Processed.

[1 occurrence(s)]
INFO --> 📩 Processing Email ID: 97

[1 occurrence(s)]
INFO --> ✅ Marking scraper record ID 97 as Processed.

[1 occurrence(s)]
INFO --> 📩 Processing Email ID: 98

[4 occurrence(s)]
INFO --> ensureTickerExists: MSTR already exists in bf_investment_tickers.

[4 occurrence(s)]
INFO --> FORECAST: start MSTR 5m

[1 occurrence(s)]
INFO --> ✅ Marking scraper record ID 98 as Processed.

[1 occurrence(s)]
INFO --> 📩 Processing Email ID: 99

[1 occurrence(s)]
INFO --> ✅ Marking scraper record ID 99 as Processed.

[1 occurrence(s)]
INFO --> 📩 Processing Email ID: 100

[2 occurrence(s)]
INFO --> ensureTickerExists: CYCU already exists in bf_investment_tickers.

[2 occurrence(s)]
INFO --> FORECAST: start CYCU 5m

[1 occurrence(s)]
INFO --> ✅ Marking scraper record ID 100 as Processed.

[1 occurrence(s)]
INFO --> 📩 Processing Email ID: 101

[1 occurrence(s)]
INFO --> ✅ Marking scraper record ID 101 as Processed.

[1 occurrence(s)]
INFO --> 📩 Processing Email ID: 102

[4 occurrence(s)]
INFO --> ensureTickerExists: INTC already exists in bf_investment_tickers.

[4 occurrence(s)]
INFO --> FORECAST: start INTC 5m

[1 occurrence(s)]
INFO --> ✅ Marking scraper record ID 102 as Processed.

[1 occurrence(s)]
INFO --> 📩 Processing Email ID: 103

[1 occurrence(s)]
INFO --> ✅ Marking scraper record ID 103 as Processed.

[1 occurrence(s)]
INFO --> 📩 Processing Email ID: 104

[4 occurrence(s)]
INFO --> ensureTickerExists: SOFI already exists in bf_investment_tickers.

[4 occurrence(s)]
INFO --> FORECAST: start SOFI 5m

[1 occurrence(s)]
INFO --> ✅ Marking scraper record ID 104 as Processed.

[1 occurrence(s)]
INFO --> 📩 Processing Email ID: 105

[1 occurrence(s)]
INFO --> ✅ Marking scraper record ID 105 as Processed.

[1 occurrence(s)]
INFO --> 📩 Processing Email ID: 106

[1 occurrence(s)]
INFO --> ✅ Marking scraper record ID 106 as Processed.

[1 occurrence(s)]
INFO --> 📩 Processing Email ID: 107

[4 occurrence(s)]
INFO --> ensureTickerExists: BABA already exists in bf_investment_tickers.

[4 occurrence(s)]
INFO --> FORECAST: start BABA 5m

[1 occurrence(s)]
INFO --> ✅ Marking scraper record ID 107 as Processed.

[1 occurrence(s)]
INFO --> 📩 Processing Email ID: 108

[1 occurrence(s)]
INFO --> ✅ Marking scraper record ID 108 as Processed.

[1 occurrence(s)]
INFO --> 📩 Processing Email ID: 109

[1 occurrence(s)]
INFO --> ✅ Marking scraper record ID 109 as Processed.

[1 occurrence(s)]
INFO --> 📩 Processing Email ID: 110

[1 occurrence(s)]
INFO --> ✅ Marking scraper record ID 110 as Processed.

[1 occurrence(s)]
INFO --> 📩 Processing Email ID: 111

[1 occurrence(s)]
INFO --> ✅ Marking scraper record ID 111 as Processed.

[1 occurrence(s)]
INFO --> 📩 Processing Email ID: 112

[1 occurrence(s)]
INFO --> ✅ Marking scraper record ID 112 as Processed.

[1 occurrence(s)]
INFO --> 📩 Processing Email ID: 113

[1 occurrence(s)]
INFO --> ✅ Marking scraper record ID 113 as Processed.

[1 occurrence(s)]
INFO --> 📩 Processing Email ID: 114

[1 occurrence(s)]
INFO --> ✅ Marking scraper record ID 114 as Processed.

[1 occurrence(s)]
INFO --> 📩 Processing Email ID: 115

[1 occurrence(s)]
INFO --> ensureTickerExists: WOK already exists in bf_investment_tickers.

[1 occurrence(s)]
INFO --> FORECAST: start WOK 5m

[1 occurrence(s)]
INFO --> ✅ Marking scraper record ID 115 as Processed.

[1 occurrence(s)]
INFO --> 📩 Processing Email ID: 116

[1 occurrence(s)]
INFO --> ✅ Marking scraper record ID 116 as Processed.

[1 occurrence(s)]
INFO --> 📩 Processing Email ID: 117

[4 occurrence(s)]
INFO --> ensureTickerExists: PDD already exists in bf_investment_tickers.

[4 occurrence(s)]
INFO --> FORECAST: start PDD 5m

[1 occurrence(s)]
INFO --> ✅ Marking scraper record ID 117 as Processed.

[1 occurrence(s)]
INFO --> 📩 Processing Email ID: 118

[3 occurrence(s)]
INFO --> ensureTickerExists: BIDU already exists in bf_investment_tickers.

[3 occurrence(s)]
INFO --> FORECAST: start BIDU 5m

[6 occurrence(s)]
INFO --> ensureTickerExists: FUTU already exists in bf_investment_tickers.

[6 occurrence(s)]
INFO --> FORECAST: start FUTU 5m

[5 occurrence(s)]
INFO --> ensureTickerExists: XPEV already exists in bf_investment_tickers.

[5 occurrence(s)]
INFO --> FORECAST: start XPEV 5m

[1 occurrence(s)]
INFO --> ✅ Marking scraper record ID 118 as Processed.

[1 occurrence(s)]
INFO --> 📩 Processing Email ID: 119

[1 occurrence(s)]
INFO --> ✅ Marking scraper record ID 119 as Processed.

[1 occurrence(s)]
INFO --> 📩 Processing Email ID: 120

[2 occurrence(s)]
INFO --> ensureTickerExists: JD already exists in bf_investment_tickers.

[2 occurrence(s)]
INFO --> FORECAST: start JD 5m

[1 occurrence(s)]
INFO --> ✅ Marking scraper record ID 120 as Processed.

[1 occurrence(s)]
INFO --> 📩 Processing Email ID: 121

[2 occurrence(s)]
INFO --> ensureTickerExists: SNOW already exists in bf_investment_tickers.

[2 occurrence(s)]
INFO --> FORECAST: start SNOW 5m

[1 occurrence(s)]
INFO --> ✅ Marking scraper record ID 121 as Processed.

[1 occurrence(s)]
INFO --> 📩 Processing Email ID: 122

[1 occurrence(s)]
INFO --> ✅ Marking scraper record ID 122 as Processed.

[1 occurrence(s)]
INFO --> 📩 Processing Email ID: 123

[1 occurrence(s)]
INFO --> ✅ Marking scraper record ID 123 as Processed.

[1 occurrence(s)]
INFO --> 📩 Processing Email ID: 124

[4 occurrence(s)]
INFO --> ensureTickerExists: BILI already exists in bf_investment_tickers.

[4 occurrence(s)]
INFO --> FORECAST: start BILI 5m

[1 occurrence(s)]
INFO --> ✅ Marking scraper record ID 124 as Processed.

[1 occurrence(s)]
INFO --> 📩 Processing Email ID: 125

[1 occurrence(s)]
INFO --> ✅ Marking scraper record ID 125 as Processed.

[1 occurrence(s)]
INFO --> 📩 Processing Email ID: 126

[2 occurrence(s)]
INFO --> ensureTickerExists: LI already exists in bf_investment_tickers.

[2 occurrence(s)]
INFO --> FORECAST: start LI 5m

[1 occurrence(s)]
INFO --> ✅ Marking scraper record ID 126 as Processed.

[1 occurrence(s)]
INFO --> 📩 Processing Email ID: 127

[1 occurrence(s)]
INFO --> ✅ Marking scraper record ID 127 as Processed.

[1 occurrence(s)]
INFO --> 📩 Processing Email ID: 128

[5 occurrence(s)]
INFO --> ensureTickerExists: U already exists in bf_investment_tickers.

[5 occurrence(s)]
INFO --> FORECAST: start U 5m

[1 occurrence(s)]
INFO --> ✅ Marking scraper record ID 128 as Processed.

[1 occurrence(s)]
INFO --> 📩 Processing Email ID: 129

[3 occurrence(s)]
INFO --> ensureTickerExists: CCJ already exists in bf_investment_tickers.

[3 occurrence(s)]
INFO --> FORECAST: start CCJ 5m

[1 occurrence(s)]
INFO --> ✅ Marking scraper record ID 129 as Processed.

[1 occurrence(s)]
INFO --> 📩 Processing Email ID: 130

[1 occurrence(s)]
INFO --> ✅ Marking scraper record ID 130 as Processed.

[1 occurrence(s)]
INFO --> 📩 Processing Email ID: 131

[2 occurrence(s)]
INFO --> ensureTickerExists: BHP already exists in bf_investment_tickers.

[2 occurrence(s)]
INFO --> FORECAST: start BHP 5m

[3 occurrence(s)]
INFO --> ensureTickerExists: NBIS already exists in bf_investment_tickers.

[3 occurrence(s)]
INFO --> FORECAST: start NBIS 5m

[1 occurrence(s)]
INFO --> ✅ Marking scraper record ID 131 as Processed.

[1 occurrence(s)]
INFO --> 📩 Processing Email ID: 132

[4 occurrence(s)]
INFO --> ensureTickerExists: MU already exists in bf_investment_tickers.

[4 occurrence(s)]
INFO --> FORECAST: start MU 5m

[2 occurrence(s)]
INFO --> ensureTickerExists: OKLO already exists in bf_investment_tickers.

[2 occurrence(s)]
INFO --> FORECAST: start OKLO 5m

[1 occurrence(s)]
INFO --> ✅ Marking scraper record ID 132 as Processed.

[1 occurrence(s)]
INFO --> 📩 Processing Email ID: 133

[1 occurrence(s)]
INFO --> ✅ Marking scraper record ID 133 as Processed.

[1 occurrence(s)]
INFO --> 📩 Processing Email ID: 134

[1 occurrence(s)]
INFO --> ✅ Marking scraper record ID 134 as Processed.

[1 occurrence(s)]
INFO --> 📩 Processing Email ID: 135

[1 occurrence(s)]
INFO --> ✅ Marking scraper record ID 135 as Processed.

[1 occurrence(s)]
INFO --> 📩 Processing Email ID: 136

[2 occurrence(s)]
INFO --> ensureTickerExists: ON already exists in bf_investment_tickers.

[2 occurrence(s)]
INFO --> FORECAST: start ON 5m

[1 occurrence(s)]
INFO --> ✅ Marking scraper record ID 136 as Processed.

[1 occurrence(s)]
INFO --> 📩 Processing Email ID: 137

[1 occurrence(s)]
INFO --> ensureTickerExists: APTO already exists in bf_investment_tickers.

[1 occurrence(s)]
INFO --> FORECAST: start APTO 5m

[1 occurrence(s)]
INFO --> ensureTickerExists: NIVF already exists in bf_investment_tickers.

[1 occurrence(s)]
INFO --> FORECAST: start NIVF 5m

[1 occurrence(s)]
INFO --> ✅ Marking scraper record ID 137 as Processed.

[1 occurrence(s)]
INFO --> 📩 Processing Email ID: 138

[1 occurrence(s)]
INFO --> ✅ Marking scraper record ID 138 as Processed.

[1 occurrence(s)]
INFO --> 📩 Processing Email ID: 139

[1 occurrence(s)]
INFO --> ✅ Marking scraper record ID 139 as Processed.

[1 occurrence(s)]
INFO --> 📩 Processing Email ID: 140

[1 occurrence(s)]
INFO --> ✅ Marking scraper record ID 140 as Processed.

[1 occurrence(s)]
INFO --> 📩 Processing Email ID: 141

[1 occurrence(s)]
INFO --> ✅ Marking scraper record ID 141 as Processed.

[1 occurrence(s)]
INFO --> 📩 Processing Email ID: 142

[2 occurrence(s)]
INFO --> ensureTickerExists: SOBR already exists in bf_investment_tickers.

[2 occurrence(s)]
INFO --> FORECAST: start SOBR 5m

[1 occurrence(s)]
INFO --> ✅ Marking scraper record ID 142 as Processed.

[1 occurrence(s)]
INFO --> 📩 Processing Email ID: 143

[1 occurrence(s)]
INFO --> ensureTickerExists: NEGG already exists in bf_investment_tickers.

[1 occurrence(s)]
INFO --> FORECAST: start NEGG 5m

[2 occurrence(s)]
INFO --> ensureTickerExists: TOST already exists in bf_investment_tickers.

[2 occurrence(s)]
INFO --> FORECAST: start TOST 5m

[1 occurrence(s)]
INFO --> ✅ Marking scraper record ID 143 as Processed.

[1 occurrence(s)]
INFO --> 📩 Processing Email ID: 144

[1 occurrence(s)]
INFO --> ✅ Marking scraper record ID 144 as Processed.

[1 occurrence(s)]
INFO --> 📩 Processing Email ID: 145

[4 occurrence(s)]
INFO --> ensureTickerExists: AAOI already exists in bf_investment_tickers.

[4 occurrence(s)]
INFO --> FORECAST: start AAOI 5m

[2 occurrence(s)]
INFO --> ensureTickerExists: HOLO already exists in bf_investment_tickers.

[2 occurrence(s)]
INFO --> FORECAST: start HOLO 5m

[3 occurrence(s)]
INFO --> ensureTickerExists: RIVN already exists in bf_investment_tickers.

[3 occurrence(s)]
INFO --> FORECAST: start RIVN 5m

[1 occurrence(s)]
INFO --> ✅ Marking scraper record ID 145 as Processed.

[1 occurrence(s)]
INFO --> 📩 Processing Email ID: 146

[2 occurrence(s)]
INFO --> ensureTickerExists: W already exists in bf_investment_tickers.

[2 occurrence(s)]
INFO --> FORECAST: start W 5m

[1 occurrence(s)]
INFO --> ✅ Marking scraper record ID 146 as Processed.

[1 occurrence(s)]
INFO --> 📩 Processing Email ID: 147

[4 occurrence(s)]
INFO --> ensureTickerExists: CVNA already exists in bf_investment_tickers.

[4 occurrence(s)]
INFO --> FORECAST: start CVNA 5m

[1 occurrence(s)]
INFO --> ✅ Marking scraper record ID 147 as Processed.

[1 occurrence(s)]
INFO --> 📩 Processing Email ID: 148

[1 occurrence(s)]
INFO --> ✅ Marking scraper record ID 148 as Processed.

[1 occurrence(s)]
INFO --> 📩 Processing Email ID: 149

[1 occurrence(s)]
INFO --> ensureTickerExists: ARM already exists in bf_investment_tickers.

[1 occurrence(s)]
INFO --> FORECAST: start ARM 5m

[1 occurrence(s)]
INFO --> ensureTickerExists: CVS already exists in bf_investment_tickers.

[1 occurrence(s)]
INFO --> FORECAST: start CVS 5m

[1 occurrence(s)]
INFO --> ✅ Marking scraper record ID 149 as Processed.

[1 occurrence(s)]
INFO --> 📩 Processing Email ID: 150

[2 occurrence(s)]
INFO --> ensureTickerExists: AFRM already exists in bf_investment_tickers.

[2 occurrence(s)]
INFO --> FORECAST: start AFRM 5m

[1 occurrence(s)]
INFO --> ensureTickerExists: LCID already exists in bf_investment_tickers.

[1 occurrence(s)]
INFO --> FORECAST: start LCID 5m

[2 occurrence(s)]
INFO --> ensureTickerExists: RTX already exists in bf_investment_tickers.

[2 occurrence(s)]
INFO --> FORECAST: start RTX 5m

[1 occurrence(s)]
INFO --> ✅ Marking scraper record ID 150 as Processed.

[1 occurrence(s)]
INFO --> 📩 Processing Email ID: 151

[1 occurrence(s)]
INFO --> ✅ Marking scraper record ID 151 as Processed.

[1 occurrence(s)]
INFO --> 📩 Processing Email ID: 152

[2 occurrence(s)]
INFO --> ensureTickerExists: JPM already exists in bf_investment_tickers.

[2 occurrence(s)]
INFO --> FORECAST: start JPM 5m

[1 occurrence(s)]
INFO --> ✅ Marking scraper record ID 152 as Processed.

[1 occurrence(s)]
INFO --> 📩 Processing Email ID: 153

[2 occurrence(s)]
INFO --> ensureTickerExists: MARA already exists in bf_investment_tickers.

[2 occurrence(s)]
INFO --> FORECAST: start MARA 5m

[2 occurrence(s)]
INFO --> ensureTickerExists: OSCR already exists in bf_investment_tickers.

[2 occurrence(s)]
INFO --> FORECAST: start OSCR 5m

[1 occurrence(s)]
INFO --> ✅ Marking scraper record ID 153 as Processed.

[1 occurrence(s)]
INFO --> 📩 Processing Email ID: 154

[1 occurrence(s)]
INFO --> ✅ Marking scraper record ID 154 as Processed.

[1 occurrence(s)]
INFO --> 📩 Processing Email ID: 155

[2 occurrence(s)]
INFO --> ensureTickerExists: ADBE already exists in bf_investment_tickers.

[2 occurrence(s)]
INFO --> FORECAST: start ADBE 5m

[2 occurrence(s)]
INFO --> ensureTickerExists: ADI already exists in bf_investment_tickers.

[2 occurrence(s)]
INFO --> FORECAST: start ADI 5m

[1 occurrence(s)]
INFO --> ensureTickerExists: ATHM already exists in bf_investment_tickers.

[1 occurrence(s)]
INFO --> FORECAST: start ATHM 5m

[1 occurrence(s)]
INFO --> ensureTickerExists: BAC already exists in bf_investment_tickers.

[1 occurrence(s)]
INFO --> FORECAST: start BAC 5m

[1 occurrence(s)]
INFO --> ensureTickerExists: BIGC already exists in bf_investment_tickers.

[1 occurrence(s)]
INFO --> FORECAST: start BIGC 5m

[1 occurrence(s)]
INFO --> ensureTickerExists: BLDR already exists in bf_investment_tickers.

[1 occurrence(s)]
INFO --> FORECAST: start BLDR 5m

[2 occurrence(s)]
INFO --> ensureTickerExists: BORR already exists in bf_investment_tickers.

[2 occurrence(s)]
INFO --> FORECAST: start BORR 5m

[1 occurrence(s)]
INFO --> ensureTickerExists: BTDR already exists in bf_investment_tickers.

[1 occurrence(s)]
INFO --> FORECAST: start BTDR 5m

[1 occurrence(s)]
INFO --> ensureTickerExists: BTG already exists in bf_investment_tickers.

[1 occurrence(s)]
INFO --> FORECAST: start BTG 5m

[1 occurrence(s)]
INFO --> ensureTickerExists: C already exists in bf_investment_tickers.

[1 occurrence(s)]
INFO --> FORECAST: start C 5m

[1 occurrence(s)]
INFO --> ensureTickerExists: CPNG already exists in bf_investment_tickers.

[1 occurrence(s)]
INFO --> FORECAST: start CPNG 5m

[1 occurrence(s)]
INFO --> ensureTickerExists: DOW already exists in bf_investment_tickers.

[1 occurrence(s)]
INFO --> FORECAST: start DOW 5m

[1 occurrence(s)]
INFO --> ensureTickerExists: ENFN already exists in bf_investment_tickers.

[1 occurrence(s)]
INFO --> FORECAST: start ENFN 5m

[1 occurrence(s)]
INFO --> ensureTickerExists: EQX already exists in bf_investment_tickers.

[1 occurrence(s)]
INFO --> FORECAST: start EQX 5m

[1 occurrence(s)]
INFO --> ensureTickerExists: ETSY already exists in bf_investment_tickers.

[1 occurrence(s)]
INFO --> FORECAST: start ETSY 5m

[1 occurrence(s)]
INFO --> ensureTickerExists: FRSH already exists in bf_investment_tickers.

[1 occurrence(s)]
INFO --> FORECAST: start FRSH 5m

[2 occurrence(s)]
INFO --> ensureTickerExists: GDDY already exists in bf_investment_tickers.

[2 occurrence(s)]
INFO --> FORECAST: start GDDY 5m

[1 occurrence(s)]
INFO --> ensureTickerExists: HLN already exists in bf_investment_tickers.

[1 occurrence(s)]
INFO --> FORECAST: start HLN 5m

[1 occurrence(s)]
INFO --> ensureTickerExists: HMY already exists in bf_investment_tickers.

[1 occurrence(s)]
INFO --> FORECAST: start HMY 5m

[1 occurrence(s)]
INFO --> ensureTickerExists: HPE already exists in bf_investment_tickers.

[1 occurrence(s)]
INFO --> FORECAST: start HPE 5m

[1 occurrence(s)]
INFO --> ensureTickerExists: HVII already exists in bf_investment_tickers.

[1 occurrence(s)]
INFO --> FORECAST: start HVII 5m

[1 occurrence(s)]
INFO --> ensureTickerExists: LYFT already exists in bf_investment_tickers.

[1 occurrence(s)]
INFO --> FORECAST: start LYFT 5m

[1 occurrence(s)]
INFO --> ensureTickerExists: LYV already exists in bf_investment_tickers.

[1 occurrence(s)]
INFO --> FORECAST: start LYV 5m

[1 occurrence(s)]
INFO --> ensureTickerExists: MNSO already exists in bf_investment_tickers.

[1 occurrence(s)]
INFO --> FORECAST: start MNSO 5m

[2 occurrence(s)]
INFO --> ensureTickerExists: NVAX already exists in bf_investment_tickers.

[2 occurrence(s)]
INFO --> FORECAST: start NVAX 5m

[1 occurrence(s)]
INFO --> ensureTickerExists: OGN already exists in bf_investment_tickers.

[1 occurrence(s)]
INFO --> FORECAST: start OGN 5m

[1 occurrence(s)]
INFO --> ensureTickerExists: ONC already exists in bf_investment_tickers.

[1 occurrence(s)]
INFO --> FORECAST: start ONC 5m

[1 occurrence(s)]
INFO --> ensureTickerExists: PDI already exists in bf_investment_tickers.

[1 occurrence(s)]
INFO --> FORECAST: start PDI 5m

[3 occurrence(s)]
INFO --> ensureTickerExists: RIG already exists in bf_investment_tickers.

[3 occurrence(s)]
INFO --> FORECAST: start RIG 5m

[2 occurrence(s)]
INFO --> ensureTickerExists: RS already exists in bf_investment_tickers.

[2 occurrence(s)]
INFO --> FORECAST: start RS 5m

[1 occurrence(s)]
INFO --> ensureTickerExists: SABR already exists in bf_investment_tickers.

[1 occurrence(s)]
INFO --> FORECAST: start SABR 5m

[1 occurrence(s)]
INFO --> ensureTickerExists: SG already exists in bf_investment_tickers.

[1 occurrence(s)]
INFO --> FORECAST: start SG 5m

[1 occurrence(s)]
INFO --> ensureTickerExists: UAA already exists in bf_investment_tickers.

[1 occurrence(s)]
INFO --> FORECAST: start UAA 5m

[1 occurrence(s)]
INFO --> ensureTickerExists: VAL already exists in bf_investment_tickers.

[1 occurrence(s)]
INFO --> FORECAST: start VAL 5m

[1 occurrence(s)]
INFO --> ensureTickerExists: WBA already exists in bf_investment_tickers.

[1 occurrence(s)]
INFO --> FORECAST: start WBA 5m

[1 occurrence(s)]
INFO --> ensureTickerExists: WST already exists in bf_investment_tickers.

[1 occurrence(s)]
INFO --> FORECAST: start WST 5m

[1 occurrence(s)]
INFO --> ✅ Marking scraper record ID 155 as Processed.

[1 occurrence(s)]
INFO --> 📩 Processing Email ID: 156

[1 occurrence(s)]
INFO --> ✅ Marking scraper record ID 156 as Processed.

[1 occurrence(s)]
INFO --> 📩 Processing Email ID: 157

[1 occurrence(s)]
INFO --> ensureTickerExists: AA already exists in bf_investment_tickers.

[1 occurrence(s)]
INFO --> FORECAST: start AA 5m

[1 occurrence(s)]
INFO --> ensureTickerExists: AG already exists in bf_investment_tickers.

[1 occurrence(s)]
INFO --> FORECAST: start AG 5m

[1 occurrence(s)]
INFO --> ensureTickerExists: APTV already exists in bf_investment_tickers.

[1 occurrence(s)]
INFO --> FORECAST: start APTV 5m

[1 occurrence(s)]
INFO --> ensureTickerExists: BBD already exists in bf_investment_tickers.

[1 occurrence(s)]
INFO --> FORECAST: start BBD 5m

[1 occurrence(s)]
INFO --> ensureTickerExists: BUR already exists in bf_investment_tickers.

[1 occurrence(s)]
INFO --> FORECAST: start BUR 5m

[1 occurrence(s)]
INFO --> ensureTickerExists: CHWY already exists in bf_investment_tickers.

[1 occurrence(s)]
INFO --> FORECAST: start CHWY 5m

[1 occurrence(s)]
INFO --> ensureTickerExists: COTY already exists in bf_investment_tickers.

[1 occurrence(s)]
INFO --> FORECAST: start COTY 5m

[1 occurrence(s)]
INFO --> ensureTickerExists: DRD already exists in bf_investment_tickers.

[1 occurrence(s)]
INFO --> FORECAST: start DRD 5m

[1 occurrence(s)]
INFO --> ensureTickerExists: E already exists in bf_investment_tickers.

[1 occurrence(s)]
INFO --> FORECAST: start E 5m

[1 occurrence(s)]
INFO --> ensureTickerExists: GFS already exists in bf_investment_tickers.

[1 occurrence(s)]
INFO --> FORECAST: start GFS 5m

[2 occurrence(s)]
INFO --> ensureTickerExists: GME already exists in bf_investment_tickers.

[2 occurrence(s)]
INFO --> FORECAST: start GME 5m

[1 occurrence(s)]
INFO --> ensureTickerExists: GOTU already exists in bf_investment_tickers.

[1 occurrence(s)]
INFO --> FORECAST: start GOTU 5m

[1 occurrence(s)]
INFO --> ensureTickerExists: HII already exists in bf_investment_tickers.

[1 occurrence(s)]
INFO --> FORECAST: start HII 5m

[1 occurrence(s)]
INFO --> ensureTickerExists: HTZ already exists in bf_investment_tickers.

[1 occurrence(s)]
INFO --> FORECAST: start HTZ 5m

[1 occurrence(s)]
INFO --> ensureTickerExists: IFN already exists in bf_investment_tickers.

[1 occurrence(s)]
INFO --> FORECAST: start IFN 5m

[1 occurrence(s)]
INFO --> ensureTickerExists: IMO already exists in bf_investment_tickers.

[1 occurrence(s)]
INFO --> FORECAST: start IMO 5m

[1 occurrence(s)]
INFO --> ensureTickerExists: JQC already exists in bf_investment_tickers.

[1 occurrence(s)]
INFO --> FORECAST: start JQC 5m

[1 occurrence(s)]
INFO --> ensureTickerExists: KALU already exists in bf_investment_tickers.

[1 occurrence(s)]
INFO --> FORECAST: start KALU 5m

[2 occurrence(s)]
INFO --> ensureTickerExists: KYN already exists in bf_investment_tickers.

[2 occurrence(s)]
INFO --> FORECAST: start KYN 5m

[1 occurrence(s)]
INFO --> ensureTickerExists: LAND already exists in bf_investment_tickers.

[1 occurrence(s)]
INFO --> FORECAST: start LAND 5m

[1 occurrence(s)]
INFO --> ensureTickerExists: NIU already exists in bf_investment_tickers.

[1 occurrence(s)]
INFO --> FORECAST: start NIU 5m

[1 occurrence(s)]
INFO --> ensureTickerExists: ORGN already exists in bf_investment_tickers.

[1 occurrence(s)]
INFO --> FORECAST: start ORGN 5m

[1 occurrence(s)]
INFO --> ensureTickerExists: PAAS already exists in bf_investment_tickers.

[1 occurrence(s)]
INFO --> FORECAST: start PAAS 5m

[1 occurrence(s)]
INFO --> ensureTickerExists: PDCO already exists in bf_investment_tickers.

[1 occurrence(s)]
INFO --> FORECAST: start PDCO 5m

[1 occurrence(s)]
INFO --> ensureTickerExists: PLL already exists in bf_investment_tickers.

[1 occurrence(s)]
INFO --> FORECAST: start PLL 5m

[1 occurrence(s)]
INFO --> ensureTickerExists: QNCCF already exists in bf_investment_tickers.

[1 occurrence(s)]
INFO --> FORECAST: start QNCCF 5m

[1 occurrence(s)]
INFO --> ensureTickerExists: RETO already exists in bf_investment_tickers.

[1 occurrence(s)]
INFO --> FORECAST: start RETO 5m

[2 occurrence(s)]
INFO --> ensureTickerExists: SBUX already exists in bf_investment_tickers.

[2 occurrence(s)]
INFO --> FORECAST: start SBUX 5m

[1 occurrence(s)]
INFO --> ensureTickerExists: SNPS already exists in bf_investment_tickers.

[1 occurrence(s)]
INFO --> FORECAST: start SNPS 5m

[1 occurrence(s)]
INFO --> ensureTickerExists: SPCB already exists in bf_investment_tickers.

[1 occurrence(s)]
INFO --> FORECAST: start SPCB 5m

[2 occurrence(s)]
INFO --> ensureTickerExists: TGB already exists in bf_investment_tickers.

[2 occurrence(s)]
INFO --> FORECAST: start TGB 5m

[1 occurrence(s)]
INFO --> ensureTickerExists: TMO already exists in bf_investment_tickers.

[1 occurrence(s)]
INFO --> FORECAST: start TMO 5m

[1 occurrence(s)]
INFO --> ensureTickerExists: TPC already exists in bf_investment_tickers.

[1 occurrence(s)]
INFO --> FORECAST: start TPC 5m

[2 occurrence(s)]
INFO --> ensureTickerExists: TRI already exists in bf_investment_tickers.

[2 occurrence(s)]
INFO --> FORECAST: start TRI 5m

[2 occurrence(s)]
INFO --> ensureTickerExists: UPS already exists in bf_investment_tickers.

[2 occurrence(s)]
INFO --> FORECAST: start UPS 5m

[1 occurrence(s)]
INFO --> ensureTickerExists: VET already exists in bf_investment_tickers.

[1 occurrence(s)]
INFO --> FORECAST: start VET 5m

[1 occurrence(s)]
INFO --> ensureTickerExists: VVR already exists in bf_investment_tickers.

[1 occurrence(s)]
INFO --> FORECAST: start VVR 5m

[1 occurrence(s)]
INFO --> ✅ Marking scraper record ID 157 as Processed.

[1 occurrence(s)]
INFO --> 📩 Processing Email ID: 158

[1 occurrence(s)]
INFO --> ✅ Marking scraper record ID 158 as Processed.

[1 occurrence(s)]
INFO --> 📩 Processing Email ID: 159

[1 occurrence(s)]
INFO --> ✅ Marking scraper record ID 159 as Processed.

[1 occurrence(s)]
INFO --> 📩 Processing Email ID: 160

[1 occurrence(s)]
INFO --> ensureTickerExists: BTU already exists in bf_investment_tickers.

[1 occurrence(s)]
INFO --> FORECAST: start BTU 5m

[1 occurrence(s)]
INFO --> ensureTickerExists: TNXP already exists in bf_investment_tickers.

[1 occurrence(s)]
INFO --> FORECAST: start TNXP 5m

[1 occurrence(s)]
INFO --> ✅ Marking scraper record ID 160 as Processed.

[1 occurrence(s)]
INFO --> 📩 Processing Email ID: 161

[1 occurrence(s)]
INFO --> ensureTickerExists: ARR already exists in bf_investment_tickers.

[1 occurrence(s)]
INFO --> FORECAST: start ARR 5m

[1 occurrence(s)]
INFO --> ensureTickerExists: CAKE already exists in bf_investment_tickers.

[1 occurrence(s)]
INFO --> FORECAST: start CAKE 5m

[1 occurrence(s)]
INFO --> ensureTickerExists: DEA already exists in bf_investment_tickers.

[1 occurrence(s)]
INFO --> FORECAST: start DEA 5m

[1 occurrence(s)]
INFO --> ensureTickerExists: HHH already exists in bf_investment_tickers.

[1 occurrence(s)]
INFO --> FORECAST: start HHH 5m

[2 occurrence(s)]
INFO --> ensureTickerExists: IRM already exists in bf_investment_tickers.

[2 occurrence(s)]
INFO --> FORECAST: start IRM 5m

[1 occurrence(s)]
INFO --> ensureTickerExists: JELD already exists in bf_investment_tickers.

[1 occurrence(s)]
INFO --> FORECAST: start JELD 5m

[2 occurrence(s)]
INFO --> ensureTickerExists: MOD already exists in bf_investment_tickers.

[2 occurrence(s)]
INFO --> FORECAST: start MOD 5m

[1 occurrence(s)]
INFO --> ensureTickerExists: NGD already exists in bf_investment_tickers.

[1 occurrence(s)]
INFO --> FORECAST: start NGD 5m

[1 occurrence(s)]
INFO --> ensureTickerExists: NOK already exists in bf_investment_tickers.

[1 occurrence(s)]
INFO --> FORECAST: start NOK 5m

[1 occurrence(s)]
INFO --> ensureTickerExists: PGY already exists in bf_investment_tickers.

[1 occurrence(s)]
INFO --> FORECAST: start PGY 5m

[1 occurrence(s)]
INFO --> ensureTickerExists: RACE already exists in bf_investment_tickers.

[1 occurrence(s)]
INFO --> FORECAST: start RACE 5m

[1 occurrence(s)]
INFO --> ensureTickerExists: SHG already exists in bf_investment_tickers.

[1 occurrence(s)]
INFO --> FORECAST: start SHG 5m

[1 occurrence(s)]
INFO --> ensureTickerExists: VACH already exists in bf_investment_tickers.

[1 occurrence(s)]
INFO --> FORECAST: start VACH 5m

[1 occurrence(s)]
INFO --> ensureTickerExists: VOD already exists in bf_investment_tickers.

[1 occurrence(s)]
INFO --> FORECAST: start VOD 5m

[1 occurrence(s)]
INFO --> ✅ Marking scraper record ID 161 as Processed.

[1 occurrence(s)]
INFO --> 📩 Processing Email ID: 162

[1 occurrence(s)]
INFO --> ✅ Marking scraper record ID 162 as Processed.

[1 occurrence(s)]
INFO --> 📩 Processing Email ID: 163

[1 occurrence(s)]
INFO --> ✅ Marking scraper record ID 163 as Processed.

[1 occurrence(s)]
INFO --> 📩 Processing Email ID: 164

[1 occurrence(s)]
INFO --> ensureTickerExists: ADTX already exists in bf_investment_tickers.

[1 occurrence(s)]
INFO --> FORECAST: start ADTX 5m

[1 occurrence(s)]
INFO --> ensureTickerExists: AMPS already exists in bf_investment_tickers.

[1 occurrence(s)]
INFO --> FORECAST: start AMPS 5m

[1 occurrence(s)]
INFO --> ensureTickerExists: BPMC already exists in bf_investment_tickers.

[1 occurrence(s)]
INFO --> FORECAST: start BPMC 5m

[1 occurrence(s)]
INFO --> ensureTickerExists: CTLP already exists in bf_investment_tickers.

[1 occurrence(s)]
INFO --> FORECAST: start CTLP 5m

[2 occurrence(s)]
INFO --> ensureTickerExists: DAC already exists in bf_investment_tickers.

[2 occurrence(s)]
INFO --> FORECAST: start DAC 5m

[1 occurrence(s)]
INFO --> ensureTickerExists: HEPS already exists in bf_investment_tickers.

[1 occurrence(s)]
INFO --> FORECAST: start HEPS 5m

[1 occurrence(s)]
INFO --> ensureTickerExists: INTR already exists in bf_investment_tickers.

[1 occurrence(s)]
INFO --> FORECAST: start INTR 5m

[1 occurrence(s)]
INFO --> ensureTickerExists: KWE already exists in bf_investment_tickers.

[1 occurrence(s)]
INFO --> FORECAST: start KWE 5m

[1 occurrence(s)]
INFO --> ensureTickerExists: LPG already exists in bf_investment_tickers.

[1 occurrence(s)]
INFO --> FORECAST: start LPG 5m

[1 occurrence(s)]
INFO --> ensureTickerExists: MOH already exists in bf_investment_tickers.

[1 occurrence(s)]
INFO --> FORECAST: start MOH 5m

[1 occurrence(s)]
INFO --> ensureTickerExists: PSNY already exists in bf_investment_tickers.

[1 occurrence(s)]
INFO --> FORECAST: start PSNY 5m

[1 occurrence(s)]
INFO --> ensureTickerExists: SENS already exists in bf_investment_tickers.

[1 occurrence(s)]
INFO --> FORECAST: start SENS 5m

[1 occurrence(s)]
INFO --> ensureTickerExists: SKBL already exists in bf_investment_tickers.

[1 occurrence(s)]
INFO --> FORECAST: start SKBL 5m

[1 occurrence(s)]
INFO --> ensureTickerExists: SNRE already exists in bf_investment_tickers.

[1 occurrence(s)]
INFO --> FORECAST: start SNRE 5m

[1 occurrence(s)]
INFO --> ensureTickerExists: STSS already exists in bf_investment_tickers.

[1 occurrence(s)]
INFO --> FORECAST: start STSS 5m

[1 occurrence(s)]
INFO --> ✅ Marking scraper record ID 164 as Processed.

[1 occurrence(s)]
INFO --> 📩 Processing Email ID: 165

[2 occurrence(s)]
INFO --> ensureTickerExists: WDAY already exists in bf_investment_tickers.

[2 occurrence(s)]
INFO --> FORECAST: start WDAY 5m

[1 occurrence(s)]
INFO --> ✅ Marking scraper record ID 165 as Processed.

[1 occurrence(s)]
INFO --> 📩 Processing Email ID: 166

[1 occurrence(s)]
INFO --> ensureTickerExists: MXF already exists in bf_investment_tickers.

[1 occurrence(s)]
INFO --> FORECAST: start MXF 5m

[1 occurrence(s)]
INFO --> ✅ Marking scraper record ID 166 as Processed.

[1 occurrence(s)]
INFO --> 📩 Processing Email ID: 167

[3 occurrence(s)]
INFO --> ensureTickerExists: EA already exists in bf_investment_tickers.

[3 occurrence(s)]
INFO --> FORECAST: start EA 5m

[1 occurrence(s)]
INFO --> ensureTickerExists: RPRX already exists in bf_investment_tickers.

[1 occurrence(s)]
INFO --> FORECAST: start RPRX 5m

[1 occurrence(s)]
INFO --> ✅ Marking scraper record ID 167 as Processed.

[1 occurrence(s)]
INFO --> 📩 Processing Email ID: 168

[1 occurrence(s)]
INFO --> ✅ Marking scraper record ID 168 as Processed.

[1 occurrence(s)]
INFO --> 📩 Processing Email ID: 169

[1 occurrence(s)]
INFO --> ensureTickerExists: ALC already exists in bf_investment_tickers.

[1 occurrence(s)]
INFO --> FORECAST: start ALC 5m

[1 occurrence(s)]
INFO --> ensureTickerExists: CGAU already exists in bf_investment_tickers.

[1 occurrence(s)]
INFO --> FORECAST: start CGAU 5m

[1 occurrence(s)]
INFO --> ensureTickerExists: DAWN already exists in bf_investment_tickers.

[1 occurrence(s)]
INFO --> FORECAST: start DAWN 5m

[2 occurrence(s)]
INFO --> ensureTickerExists: ECC already exists in bf_investment_tickers.

[2 occurrence(s)]
INFO --> FORECAST: start ECC 5m

[1 occurrence(s)]
INFO --> ensureTickerExists: HQH already exists in bf_investment_tickers.

[1 occurrence(s)]
INFO --> FORECAST: start HQH 5m

[1 occurrence(s)]
INFO --> ensureTickerExists: IAG already exists in bf_investment_tickers.

[1 occurrence(s)]
INFO --> FORECAST: start IAG 5m

[1 occurrence(s)]
INFO --> ensureTickerExists: JANX already exists in bf_investment_tickers.

[1 occurrence(s)]
INFO --> FORECAST: start JANX 5m

[1 occurrence(s)]
INFO --> ensureTickerExists: UEC already exists in bf_investment_tickers.

[1 occurrence(s)]
INFO --> FORECAST: start UEC 5m

[2 occurrence(s)]
INFO --> ensureTickerExists: VRNA already exists in bf_investment_tickers.

[2 occurrence(s)]
INFO --> FORECAST: start VRNA 5m

[1 occurrence(s)]
INFO --> ✅ Marking scraper record ID 169 as Processed.

[1 occurrence(s)]
INFO --> 📩 Processing Email ID: 170

[2 occurrence(s)]
INFO --> ensureTickerExists: NEM already exists in bf_investment_tickers.

[2 occurrence(s)]
INFO --> FORECAST: start NEM 5m

[1 occurrence(s)]
INFO --> ✅ Marking scraper record ID 170 as Processed.

[1 occurrence(s)]
INFO --> 📩 Processing Email ID: 171

[2 occurrence(s)]
INFO --> ensureTickerExists: DUK already exists in bf_investment_tickers.

[2 occurrence(s)]
INFO --> FORECAST: start DUK 5m

[1 occurrence(s)]
INFO --> ensureTickerExists: POOL already exists in bf_investment_tickers.

[1 occurrence(s)]
INFO --> FORECAST: start POOL 5m

[1 occurrence(s)]
INFO --> ensureTickerExists: SLB already exists in bf_investment_tickers.

[1 occurrence(s)]
INFO --> FORECAST: start SLB 5m

[1 occurrence(s)]
INFO --> ✅ Marking scraper record ID 171 as Processed.

[1 occurrence(s)]
INFO --> 📩 Processing Email ID: 172

[1 occurrence(s)]
INFO --> ensureTickerExists: ATIIU already exists in bf_investment_tickers.

[1 occurrence(s)]
INFO --> FORECAST: start ATIIU 5m

[1 occurrence(s)]
INFO --> ensureTickerExists: BCRX already exists in bf_investment_tickers.

[1 occurrence(s)]
INFO --> FORECAST: start BCRX 5m

[2 occurrence(s)]
INFO --> ensureTickerExists: CARR already exists in bf_investment_tickers.

[2 occurrence(s)]
INFO --> FORECAST: start CARR 5m

[1 occurrence(s)]
INFO --> ensureTickerExists: COKE already exists in bf_investment_tickers.

[1 occurrence(s)]
INFO --> FORECAST: start COKE 5m

[1 occurrence(s)]
INFO --> ensureTickerExists: DNN already exists in bf_investment_tickers.

[1 occurrence(s)]
INFO --> FORECAST: start DNN 5m

[1 occurrence(s)]
INFO --> ensureTickerExists: EFC already exists in bf_investment_tickers.

[1 occurrence(s)]
INFO --> FORECAST: start EFC 5m

[1 occurrence(s)]
INFO --> ensureTickerExists: HIT already exists in bf_investment_tickers.

[1 occurrence(s)]
INFO --> FORECAST: start HIT 5m

[1 occurrence(s)]
INFO --> ensureTickerExists: NAT already exists in bf_investment_tickers.

[1 occurrence(s)]
INFO --> FORECAST: start NAT 5m

[1 occurrence(s)]
INFO --> ensureTickerExists: NG already exists in bf_investment_tickers.

[1 occurrence(s)]
INFO --> FORECAST: start NG 5m

[1 occurrence(s)]
INFO --> ensureTickerExists: PLRX already exists in bf_investment_tickers.

[1 occurrence(s)]
INFO --> FORECAST: start PLRX 5m

[1 occurrence(s)]
INFO --> ensureTickerExists: RDNT already exists in bf_investment_tickers.

[1 occurrence(s)]
INFO --> FORECAST: start RDNT 5m

[1 occurrence(s)]
INFO --> ensureTickerExists: RSI already exists in bf_investment_tickers.

[1 occurrence(s)]
INFO --> FORECAST: start RSI 5m

[1 occurrence(s)]
INFO --> ensureTickerExists: SEPN already exists in bf_investment_tickers.

[1 occurrence(s)]
INFO --> FORECAST: start SEPN 5m

[1 occurrence(s)]
INFO --> ensureTickerExists: STAA already exists in bf_investment_tickers.

[1 occurrence(s)]
INFO --> FORECAST: start STAA 5m

[1 occurrence(s)]
INFO --> ensureTickerExists: TXG already exists in bf_investment_tickers.

[1 occurrence(s)]
INFO --> FORECAST: start TXG 5m

[1 occurrence(s)]
INFO --> ✅ Marking scraper record ID 172 as Processed.

[1 occurrence(s)]
INFO --> 📩 Processing Email ID: 173

[1 occurrence(s)]
INFO --> ✅ Marking scraper record ID 173 as Processed.

[1 occurrence(s)]
INFO --> 📩 Processing Email ID: 174

[1 occurrence(s)]
INFO --> ensureTickerExists: AHCO already exists in bf_investment_tickers.

[1 occurrence(s)]
INFO --> FORECAST: start AHCO 5m

[1 occurrence(s)]
INFO --> ensureTickerExists: ALKT already exists in bf_investment_tickers.

[1 occurrence(s)]
INFO --> FORECAST: start ALKT 5m

[1 occurrence(s)]
INFO --> ensureTickerExists: AQST already exists in bf_investment_tickers.

[1 occurrence(s)]
INFO --> FORECAST: start AQST 5m

[1 occurrence(s)]
INFO --> ensureTickerExists: BDN already exists in bf_investment_tickers.

[1 occurrence(s)]
INFO --> FORECAST: start BDN 5m

[1 occurrence(s)]
INFO --> ensureTickerExists: EARN already exists in bf_investment_tickers.

[1 occurrence(s)]
INFO --> FORECAST: start EARN 5m

[1 occurrence(s)]
INFO --> ensureTickerExists: EC already exists in bf_investment_tickers.

[1 occurrence(s)]
INFO --> FORECAST: start EC 5m

[1 occurrence(s)]
INFO --> ensureTickerExists: LGND already exists in bf_investment_tickers.

[1 occurrence(s)]
INFO --> FORECAST: start LGND 5m

[1 occurrence(s)]
INFO --> ensureTickerExists: NAC already exists in bf_investment_tickers.

[1 occurrence(s)]
INFO --> FORECAST: start NAC 5m

[1 occurrence(s)]
INFO --> ensureTickerExists: NKLA already exists in bf_investment_tickers.

[1 occurrence(s)]
INFO --> FORECAST: start NKLA 5m

[1 occurrence(s)]
INFO --> ensureTickerExists: NPCE already exists in bf_investment_tickers.

[1 occurrence(s)]
INFO --> FORECAST: start NPCE 5m

[1 occurrence(s)]
INFO --> ensureTickerExists: NUVL already exists in bf_investment_tickers.

[1 occurrence(s)]
INFO --> FORECAST: start NUVL 5m

[1 occurrence(s)]
INFO --> ensureTickerExists: NXE already exists in bf_investment_tickers.

[1 occurrence(s)]
INFO --> FORECAST: start NXE 5m

[1 occurrence(s)]
INFO --> ensureTickerExists: PPG already exists in bf_investment_tickers.

[1 occurrence(s)]
INFO --> FORECAST: start PPG 5m

[1 occurrence(s)]
INFO --> ensureTickerExists: SAGE already exists in bf_investment_tickers.

[1 occurrence(s)]
INFO --> FORECAST: start SAGE 5m

[2 occurrence(s)]
INFO --> ensureTickerExists: SBRA already exists in bf_investment_tickers.

[2 occurrence(s)]
INFO --> FORECAST: start SBRA 5m

[1 occurrence(s)]
INFO --> ensureTickerExists: TEN already exists in bf_investment_tickers.

[1 occurrence(s)]
INFO --> FORECAST: start TEN 5m

[1 occurrence(s)]
INFO --> ensureTickerExists: UAN already exists in bf_investment_tickers.

[1 occurrence(s)]
INFO --> FORECAST: start UAN 5m

[1 occurrence(s)]
INFO --> ✅ Marking scraper record ID 174 as Processed.

[1 occurrence(s)]
INFO --> 📩 Processing Email ID: 175

[1 occurrence(s)]
INFO --> ✅ Marking scraper record ID 175 as Processed.

[1 occurrence(s)]
INFO --> 📩 Processing Email ID: 176

[1 occurrence(s)]
INFO --> ensureTickerExists: CCIX already exists in bf_investment_tickers.

[1 occurrence(s)]
INFO --> FORECAST: start CCIX 5m

[1 occurrence(s)]
INFO --> ensureTickerExists: HELE already exists in bf_investment_tickers.

[1 occurrence(s)]
INFO --> FORECAST: start HELE 5m

[1 occurrence(s)]
INFO --> ensureTickerExists: MCRI already exists in bf_investment_tickers.

[1 occurrence(s)]
INFO --> FORECAST: start MCRI 5m

[3 occurrence(s)]
INFO --> ensureTickerExists: MELI already exists in bf_investment_tickers.

[3 occurrence(s)]
INFO --> FORECAST: start MELI 5m

[1 occurrence(s)]
INFO --> ensureTickerExists: TMHC already exists in bf_investment_tickers.

[1 occurrence(s)]
INFO --> FORECAST: start TMHC 5m

[1 occurrence(s)]
INFO --> ensureTickerExists: VG already exists in bf_investment_tickers.

[1 occurrence(s)]
INFO --> FORECAST: start VG 5m

[1 occurrence(s)]
INFO --> ✅ Marking scraper record ID 176 as Processed.

[1 occurrence(s)]
INFO --> 📩 Processing Email ID: 177

[3 occurrence(s)]
INFO --> ensureTickerExists: FTNT already exists in bf_investment_tickers.

[3 occurrence(s)]
INFO --> FORECAST: start FTNT 5m

[3 occurrence(s)]
INFO --> ensureTickerExists: PINS already exists in bf_investment_tickers.

[3 occurrence(s)]
INFO --> FORECAST: start PINS 5m

[1 occurrence(s)]
INFO --> ✅ Marking scraper record ID 177 as Processed.

[1 occurrence(s)]
INFO --> 📩 Processing Email ID: 178

[1 occurrence(s)]
INFO --> ensureTickerExists: AZN already exists in bf_investment_tickers.

[1 occurrence(s)]
INFO --> FORECAST: start AZN 5m

[1 occurrence(s)]
INFO --> ✅ Marking scraper record ID 178 as Processed.

[1 occurrence(s)]
INFO --> 📩 Processing Email ID: 179

[1 occurrence(s)]
INFO --> ensureTickerExists: CURB already exists in bf_investment_tickers.

[1 occurrence(s)]
INFO --> FORECAST: start CURB 5m

[1 occurrence(s)]
INFO --> ensureTickerExists: DAR already exists in bf_investment_tickers.

[1 occurrence(s)]
INFO --> FORECAST: start DAR 5m

[1 occurrence(s)]
INFO --> ensureTickerExists: EXK already exists in bf_investment_tickers.

[1 occurrence(s)]
INFO --> FORECAST: start EXK 5m

[1 occurrence(s)]
INFO --> ensureTickerExists: GMED already exists in bf_investment_tickers.

[1 occurrence(s)]
INFO --> FORECAST: start GMED 5m

[1 occurrence(s)]
INFO --> ensureTickerExists: GOF already exists in bf_investment_tickers.

[1 occurrence(s)]
INFO --> FORECAST: start GOF 5m

[1 occurrence(s)]
INFO --> ensureTickerExists: HLIT already exists in bf_investment_tickers.

[1 occurrence(s)]
INFO --> FORECAST: start HLIT 5m

[1 occurrence(s)]
INFO --> ensureTickerExists: ICON already exists in bf_investment_tickers.

[1 occurrence(s)]
INFO --> FORECAST: start ICON 5m

[1 occurrence(s)]
INFO --> ensureTickerExists: IONS already exists in bf_investment_tickers.

[1 occurrence(s)]
INFO --> FORECAST: start IONS 5m

[1 occurrence(s)]
INFO --> ensureTickerExists: IOSP already exists in bf_investment_tickers.

[1 occurrence(s)]
INFO --> FORECAST: start IOSP 5m

[2 occurrence(s)]
INFO --> ensureTickerExists: LNG already exists in bf_investment_tickers.

[2 occurrence(s)]
INFO --> FORECAST: start LNG 5m

[2 occurrence(s)]
INFO --> ensureTickerExists: OVV already exists in bf_investment_tickers.

[2 occurrence(s)]
INFO --> FORECAST: start OVV 5m

[1 occurrence(s)]
INFO --> ensureTickerExists: PCT already exists in bf_investment_tickers.

[1 occurrence(s)]
INFO --> FORECAST: start PCT 5m

[1 occurrence(s)]
INFO --> ✅ Marking scraper record ID 179 as Processed.

[1 occurrence(s)]
INFO --> 📩 Processing Email ID: 180

[1 occurrence(s)]
INFO --> ✅ Marking scraper record ID 180 as Processed.

[1 occurrence(s)]
INFO --> 📩 Processing Email ID: 181

[1 occurrence(s)]
INFO --> ✅ Marking scraper record ID 181 as Processed.

[1 occurrence(s)]
INFO --> 📩 Processing Email ID: 182

[1 occurrence(s)]
INFO --> ensureTickerExists: ACLX already exists in bf_investment_tickers.

[1 occurrence(s)]
INFO --> FORECAST: start ACLX 5m

[1 occurrence(s)]
INFO --> ensureTickerExists: BBWI already exists in bf_investment_tickers.

[1 occurrence(s)]
INFO --> FORECAST: start BBWI 5m

[1 occurrence(s)]
INFO --> ensureTickerExists: CDE already exists in bf_investment_tickers.

[1 occurrence(s)]
INFO --> FORECAST: start CDE 5m

[1 occurrence(s)]
INFO --> ensureTickerExists: COHU already exists in bf_investment_tickers.

[1 occurrence(s)]
INFO --> FORECAST: start COHU 5m

[1 occurrence(s)]
INFO --> ensureTickerExists: CSWC already exists in bf_investment_tickers.

[1 occurrence(s)]
INFO --> FORECAST: start CSWC 5m

[1 occurrence(s)]
INFO --> ensureTickerExists: FARM already exists in bf_investment_tickers.

[1 occurrence(s)]
INFO --> FORECAST: start FARM 5m

[1 occurrence(s)]
INFO --> ensureTickerExists: GGAL already exists in bf_investment_tickers.

[1 occurrence(s)]
INFO --> FORECAST: start GGAL 5m

[1 occurrence(s)]
INFO --> ensureTickerExists: GGG already exists in bf_investment_tickers.

[1 occurrence(s)]
INFO --> FORECAST: start GGG 5m

[1 occurrence(s)]
INFO --> ensureTickerExists: GLPG already exists in bf_investment_tickers.

[1 occurrence(s)]
INFO --> FORECAST: start GLPG 5m

[1 occurrence(s)]
INFO --> ensureTickerExists: LOAR already exists in bf_investment_tickers.

[1 occurrence(s)]
INFO --> FORECAST: start LOAR 5m

[1 occurrence(s)]
INFO --> ensureTickerExists: MGRE already exists in bf_investment_tickers.

[1 occurrence(s)]
INFO --> FORECAST: start MGRE 5m

[2 occurrence(s)]
INFO --> ensureTickerExists: MIRM already exists in bf_investment_tickers.

[2 occurrence(s)]
INFO --> FORECAST: start MIRM 5m

[1 occurrence(s)]
INFO --> ensureTickerExists: NN already exists in bf_investment_tickers.

[1 occurrence(s)]
INFO --> FORECAST: start NN 5m

[1 occurrence(s)]
INFO --> ensureTickerExists: PAM already exists in bf_investment_tickers.

[1 occurrence(s)]
INFO --> FORECAST: start PAM 5m

[1 occurrence(s)]
INFO --> ensureTickerExists: PK already exists in bf_investment_tickers.

[1 occurrence(s)]
INFO --> FORECAST: start PK 5m

[1 occurrence(s)]
INFO --> ensureTickerExists: RNA already exists in bf_investment_tickers.

[1 occurrence(s)]
INFO --> FORECAST: start RNA 5m

[2 occurrence(s)]
INFO --> ensureTickerExists: SLNO already exists in bf_investment_tickers.

[2 occurrence(s)]
INFO --> FORECAST: start SLNO 5m

[1 occurrence(s)]
INFO --> ensureTickerExists: SSTK already exists in bf_investment_tickers.

[1 occurrence(s)]
INFO --> FORECAST: start SSTK 5m

[1 occurrence(s)]
INFO --> ensureTickerExists: TGI already exists in bf_investment_tickers.

[1 occurrence(s)]
INFO --> FORECAST: start TGI 5m

[1 occurrence(s)]
INFO --> ensureTickerExists: TKR already exists in bf_investment_tickers.

[1 occurrence(s)]
INFO --> FORECAST: start TKR 5m

[1 occurrence(s)]
INFO --> ensureTickerExists: TTAN already exists in bf_investment_tickers.

[1 occurrence(s)]
INFO --> FORECAST: start TTAN 5m

[1 occurrence(s)]
INFO --> ensureTickerExists: WCT already exists in bf_investment_tickers.

[1 occurrence(s)]
INFO --> FORECAST: start WCT 5m

[1 occurrence(s)]
INFO --> ✅ Marking scraper record ID 182 as Processed.

[1 occurrence(s)]
INFO --> 📩 Processing Email ID: 183

[1 occurrence(s)]
INFO --> ✅ Marking scraper record ID 183 as Processed.

[1 occurrence(s)]
INFO --> 📩 Processing Email ID: 184

[1 occurrence(s)]
INFO --> ✅ Marking scraper record ID 184 as Processed.

[1 occurrence(s)]
INFO --> 📩 Processing Email ID: 185

[1 occurrence(s)]
INFO --> ensureTickerExists: BLBD already exists in bf_investment_tickers.

[1 occurrence(s)]
INFO --> FORECAST: start BLBD 5m

[1 occurrence(s)]
INFO --> ensureTickerExists: CNTA already exists in bf_investment_tickers.

[1 occurrence(s)]
INFO --> FORECAST: start CNTA 5m

[1 occurrence(s)]
INFO --> ensureTickerExists: DFIN already exists in bf_investment_tickers.

[1 occurrence(s)]
INFO --> FORECAST: start DFIN 5m

[1 occurrence(s)]
INFO --> ensureTickerExists: INSG already exists in bf_investment_tickers.

[1 occurrence(s)]
INFO --> FORECAST: start INSG 5m

[1 occurrence(s)]
INFO --> ensureTickerExists: OI already exists in bf_investment_tickers.

[1 occurrence(s)]
INFO --> FORECAST: start OI 5m

[1 occurrence(s)]
INFO --> ensureTickerExists: TDAC already exists in bf_investment_tickers.

[1 occurrence(s)]
INFO --> FORECAST: start TDAC 5m

[1 occurrence(s)]
INFO --> ensureTickerExists: TITN already exists in bf_investment_tickers.

[1 occurrence(s)]
INFO --> FORECAST: start TITN 5m

[1 occurrence(s)]
INFO --> ✅ Marking scraper record ID 185 as Processed.

[1 occurrence(s)]
INFO --> 📩 Processing Email ID: 186

[3 occurrence(s)]
INFO --> ensureTickerExists: DLTR already exists in bf_investment_tickers.

[3 occurrence(s)]
INFO --> FORECAST: start DLTR 5m

[3 occurrence(s)]
INFO --> ensureTickerExists: UNP already exists in bf_investment_tickers.

[3 occurrence(s)]
INFO --> FORECAST: start UNP 5m

[1 occurrence(s)]
INFO --> ✅ Marking scraper record ID 186 as Processed.

[1 occurrence(s)]
INFO --> 📩 Processing Email ID: 187

[1 occurrence(s)]
INFO --> ensureTickerExists: ALNY already exists in bf_investment_tickers.

[1 occurrence(s)]
INFO --> FORECAST: start ALNY 5m

[1 occurrence(s)]
INFO --> ensureTickerExists: ARE already exists in bf_investment_tickers.

[1 occurrence(s)]
INFO --> FORECAST: start ARE 5m

[1 occurrence(s)]
INFO --> ensureTickerExists: AXTI already exists in bf_investment_tickers.

[1 occurrence(s)]
INFO --> FORECAST: start AXTI 5m

[1 occurrence(s)]
INFO --> ensureTickerExists: BTE already exists in bf_investment_tickers.

[1 occurrence(s)]
INFO --> FORECAST: start BTE 5m

[1 occurrence(s)]
INFO --> ensureTickerExists: DK already exists in bf_investment_tickers.

[1 occurrence(s)]
INFO --> FORECAST: start DK 5m

[1 occurrence(s)]
INFO --> ensureTickerExists: EPD already exists in bf_investment_tickers.

[1 occurrence(s)]
INFO --> FORECAST: start EPD 5m

[1 occurrence(s)]
INFO --> ensureTickerExists: HEES already exists in bf_investment_tickers.

[1 occurrence(s)]
INFO --> FORECAST: start HEES 5m

[1 occurrence(s)]
INFO --> ensureTickerExists: IMNM already exists in bf_investment_tickers.

[1 occurrence(s)]
INFO --> FORECAST: start IMNM 5m

[1 occurrence(s)]
INFO --> ensureTickerExists: INR already exists in bf_investment_tickers.

[1 occurrence(s)]
INFO --> FORECAST: start INR 5m

[1 occurrence(s)]
INFO --> ensureTickerExists: IRTC already exists in bf_investment_tickers.

[1 occurrence(s)]
INFO --> FORECAST: start IRTC 5m

[1 occurrence(s)]
INFO --> ensureTickerExists: JOE already exists in bf_investment_tickers.

[1 occurrence(s)]
INFO --> FORECAST: start JOE 5m

[1 occurrence(s)]
INFO --> ensureTickerExists: LTH already exists in bf_investment_tickers.

[1 occurrence(s)]
INFO --> FORECAST: start LTH 5m

[1 occurrence(s)]
INFO --> ensureTickerExists: OHI already exists in bf_investment_tickers.

[1 occurrence(s)]
INFO --> FORECAST: start OHI 5m

[1 occurrence(s)]
INFO --> ensureTickerExists: STIM already exists in bf_investment_tickers.

[1 occurrence(s)]
INFO --> FORECAST: start STIM 5m

[1 occurrence(s)]
INFO --> ensureTickerExists: YETI already exists in bf_investment_tickers.

[1 occurrence(s)]
INFO --> FORECAST: start YETI 5m

[1 occurrence(s)]
INFO --> ensureTickerExists: ZIM already exists in bf_investment_tickers.

[1 occurrence(s)]
INFO --> FORECAST: start ZIM 5m

[1 occurrence(s)]
INFO --> ✅ Marking scraper record ID 187 as Processed.

[1 occurrence(s)]
INFO --> 📩 Processing Email ID: 188

[1 occurrence(s)]
INFO --> ✅ Marking scraper record ID 188 as Processed.

[1 occurrence(s)]
INFO --> 📩 Processing Email ID: 189

[1 occurrence(s)]
INFO --> ensureTickerExists: NCDL already exists in bf_investment_tickers.

[1 occurrence(s)]
INFO --> FORECAST: start NCDL 5m

[1 occurrence(s)]
INFO --> ensureTickerExists: TROW already exists in bf_investment_tickers.

[1 occurrence(s)]
INFO --> FORECAST: start TROW 5m

[1 occurrence(s)]
INFO --> ✅ Marking scraper record ID 189 as Processed.

[1 occurrence(s)]
INFO --> 📩 Processing Email ID: 190

[3 occurrence(s)]
INFO --> ensureTickerExists: AMT already exists in bf_investment_tickers.

[3 occurrence(s)]
INFO --> FORECAST: start AMT 5m

[2 occurrence(s)]
INFO --> ensureTickerExists: BAX already exists in bf_investment_tickers.

[2 occurrence(s)]
INFO --> FORECAST: start BAX 5m

[2 occurrence(s)]
INFO --> ensureTickerExists: FSLR already exists in bf_investment_tickers.

[2 occurrence(s)]
INFO --> FORECAST: start FSLR 5m

[1 occurrence(s)]
INFO --> ensureTickerExists: MRK already exists in bf_investment_tickers.

[1 occurrence(s)]
INFO --> FORECAST: start MRK 5m

[1 occurrence(s)]
INFO --> ✅ Marking scraper record ID 190 as Processed.

[1 occurrence(s)]
INFO --> 📩 Processing Email ID: 191

[1 occurrence(s)]
INFO --> ✅ Marking scraper record ID 191 as Processed.

[1 occurrence(s)]
INFO --> 📩 Processing Email ID: 192

[1 occurrence(s)]
INFO --> ensureTickerExists: AVNW already exists in bf_investment_tickers.

[1 occurrence(s)]
INFO --> FORECAST: start AVNW 5m

[1 occurrence(s)]
INFO --> ensureTickerExists: AXSM already exists in bf_investment_tickers.

[1 occurrence(s)]
INFO --> FORECAST: start AXSM 5m

[1 occurrence(s)]
INFO --> ensureTickerExists: CCIR already exists in bf_investment_tickers.

[1 occurrence(s)]
INFO --> FORECAST: start CCIR 5m

[1 occurrence(s)]
INFO --> ensureTickerExists: CCS already exists in bf_investment_tickers.

[1 occurrence(s)]
INFO --> FORECAST: start CCS 5m

[1 occurrence(s)]
INFO --> ensureTickerExists: CMRX already exists in bf_investment_tickers.

[1 occurrence(s)]
INFO --> FORECAST: start CMRX 5m

[1 occurrence(s)]
INFO --> ensureTickerExists: CRUS already exists in bf_investment_tickers.

[1 occurrence(s)]
INFO --> FORECAST: start CRUS 5m

[1 occurrence(s)]
INFO --> ensureTickerExists: CXT already exists in bf_investment_tickers.

[1 occurrence(s)]
INFO --> FORECAST: start CXT 5m

[1 occurrence(s)]
INFO --> ensureTickerExists: EXEL already exists in bf_investment_tickers.

[1 occurrence(s)]
INFO --> FORECAST: start EXEL 5m

[1 occurrence(s)]
INFO --> ensureTickerExists: GLDD already exists in bf_investment_tickers.

[1 occurrence(s)]
INFO --> FORECAST: start GLDD 5m

[1 occurrence(s)]
INFO --> ensureTickerExists: JKS already exists in bf_investment_tickers.

[1 occurrence(s)]
INFO --> FORECAST: start JKS 5m

[1 occurrence(s)]
INFO --> ensureTickerExists: KLG already exists in bf_investment_tickers.

[1 occurrence(s)]
INFO --> FORECAST: start KLG 5m

[1 occurrence(s)]
INFO --> ensureTickerExists: LSTR already exists in bf_investment_tickers.

[1 occurrence(s)]
INFO --> FORECAST: start LSTR 5m

[1 occurrence(s)]
INFO --> ensureTickerExists: MSA already exists in bf_investment_tickers.

[1 occurrence(s)]
INFO --> FORECAST: start MSA 5m

[1 occurrence(s)]
INFO --> ensureTickerExists: PRKS already exists in bf_investment_tickers.

[1 occurrence(s)]
INFO --> FORECAST: start PRKS 5m

[1 occurrence(s)]
INFO --> ensureTickerExists: RLI already exists in bf_investment_tickers.

[1 occurrence(s)]
INFO --> FORECAST: start RLI 5m

[1 occurrence(s)]
INFO --> ensureTickerExists: RRR already exists in bf_investment_tickers.

[1 occurrence(s)]
INFO --> FORECAST: start RRR 5m

[1 occurrence(s)]
INFO --> ensureTickerExists: SOAR already exists in bf_investment_tickers.

[1 occurrence(s)]
INFO --> FORECAST: start SOAR 5m

[1 occurrence(s)]
INFO --> ensureTickerExists: TRNO already exists in bf_investment_tickers.

[1 occurrence(s)]
INFO --> FORECAST: start TRNO 5m

[1 occurrence(s)]
INFO --> ✅ Marking scraper record ID 192 as Processed.

[1 occurrence(s)]
INFO --> 📩 Processing Email ID: 193

[2 occurrence(s)]
INFO --> ensureTickerExists: CACI already exists in bf_investment_tickers.

[2 occurrence(s)]
INFO --> FORECAST: start CACI 5m

[2 occurrence(s)]
INFO --> ensureTickerExists: WELL already exists in bf_investment_tickers.

[2 occurrence(s)]
INFO --> FORECAST: start WELL 5m

[1 occurrence(s)]
INFO --> ✅ Marking scraper record ID 193 as Processed.

[1 occurrence(s)]
INFO --> 📩 Processing Email ID: 194

[1 occurrence(s)]
INFO --> ensureTickerExists: ADNT already exists in bf_investment_tickers.

[1 occurrence(s)]
INFO --> FORECAST: start ADNT 5m

[1 occurrence(s)]
INFO --> ensureTickerExists: ALGT already exists in bf_investment_tickers.

[1 occurrence(s)]
INFO --> FORECAST: start ALGT 5m

[1 occurrence(s)]
INFO --> ensureTickerExists: ALKS already exists in bf_investment_tickers.

[1 occurrence(s)]
INFO --> FORECAST: start ALKS 5m

[1 occurrence(s)]
INFO --> ensureTickerExists: AMRC already exists in bf_investment_tickers.

[1 occurrence(s)]
INFO --> FORECAST: start AMRC 5m

[1 occurrence(s)]
INFO --> ensureTickerExists: ANIX already exists in bf_investment_tickers.

[1 occurrence(s)]
INFO --> FORECAST: start ANIX 5m

[1 occurrence(s)]
INFO --> ensureTickerExists: ATRC already exists in bf_investment_tickers.

[1 occurrence(s)]
INFO --> FORECAST: start ATRC 5m

[1 occurrence(s)]
INFO --> ensureTickerExists: BLDP already exists in bf_investment_tickers.

[1 occurrence(s)]
INFO --> FORECAST: start BLDP 5m

[1 occurrence(s)]
INFO --> ensureTickerExists: BWA already exists in bf_investment_tickers.

[1 occurrence(s)]
INFO --> FORECAST: start BWA 5m

[1 occurrence(s)]
INFO --> ensureTickerExists: BWIN already exists in bf_investment_tickers.

[1 occurrence(s)]
INFO --> FORECAST: start BWIN 5m

[2 occurrence(s)]
INFO --> ensureTickerExists: CMI already exists in bf_investment_tickers.

[2 occurrence(s)]
INFO --> FORECAST: start CMI 5m

[2 occurrence(s)]
INFO --> ensureTickerExists: CSGS already exists in bf_investment_tickers.

[2 occurrence(s)]
INFO --> FORECAST: start CSGS 5m

[1 occurrence(s)]
INFO --> ensureTickerExists: DESP already exists in bf_investment_tickers.

[1 occurrence(s)]
INFO --> FORECAST: start DESP 5m

[1 occurrence(s)]
INFO --> ensureTickerExists: DRS already exists in bf_investment_tickers.

[1 occurrence(s)]
INFO --> FORECAST: start DRS 5m

[1 occurrence(s)]
INFO --> ensureTickerExists: FSV already exists in bf_investment_tickers.

[1 occurrence(s)]
INFO --> FORECAST: start FSV 5m

[1 occurrence(s)]
INFO --> ensureTickerExists: GDEN already exists in bf_investment_tickers.

[1 occurrence(s)]
INFO --> FORECAST: start GDEN 5m

[1 occurrence(s)]
INFO --> ensureTickerExists: GPI already exists in bf_investment_tickers.

[1 occurrence(s)]
INFO --> FORECAST: start GPI 5m

[1 occurrence(s)]
INFO --> ensureTickerExists: HRB already exists in bf_investment_tickers.

[1 occurrence(s)]
INFO --> FORECAST: start HRB 5m

[1 occurrence(s)]
INFO --> ensureTickerExists: JBLU already exists in bf_investment_tickers.

[1 occurrence(s)]
INFO --> FORECAST: start JBLU 5m

[3 occurrence(s)]
INFO --> ensureTickerExists: LHX already exists in bf_investment_tickers.

[3 occurrence(s)]
INFO --> FORECAST: start LHX 5m

[2 occurrence(s)]
INFO --> ensureTickerExists: MCD already exists in bf_investment_tickers.

[2 occurrence(s)]
INFO --> FORECAST: start MCD 5m

[1 occurrence(s)]
INFO --> ensureTickerExists: MEOH already exists in bf_investment_tickers.

[1 occurrence(s)]
INFO --> FORECAST: start MEOH 5m

[1 occurrence(s)]
INFO --> ensureTickerExists: MGA already exists in bf_investment_tickers.

[1 occurrence(s)]
INFO --> FORECAST: start MGA 5m

[1 occurrence(s)]
INFO --> ensureTickerExists: NBIX already exists in bf_investment_tickers.

[1 occurrence(s)]
INFO --> FORECAST: start NBIX 5m

[1 occurrence(s)]
INFO --> ensureTickerExists: NTCT already exists in bf_investment_tickers.

[1 occurrence(s)]
INFO --> FORECAST: start NTCT 5m

[1 occurrence(s)]
INFO --> ensureTickerExists: PLAB already exists in bf_investment_tickers.

[1 occurrence(s)]
INFO --> FORECAST: start PLAB 5m

[1 occurrence(s)]
INFO --> ensureTickerExists: RITM already exists in bf_investment_tickers.

[1 occurrence(s)]
INFO --> FORECAST: start RITM 5m

[1 occurrence(s)]
INFO --> ensureTickerExists: RVSN already exists in bf_investment_tickers.

[1 occurrence(s)]
INFO --> FORECAST: start RVSN 5m

[1 occurrence(s)]
INFO --> ensureTickerExists: STX already exists in bf_investment_tickers.

[1 occurrence(s)]
INFO --> FORECAST: start STX 5m

[1 occurrence(s)]
INFO --> ensureTickerExists: SUN already exists in bf_investment_tickers.

[1 occurrence(s)]
INFO --> FORECAST: start SUN 5m

[1 occurrence(s)]
INFO --> ensureTickerExists: THG already exists in bf_investment_tickers.

[1 occurrence(s)]
INFO --> FORECAST: start THG 5m

[1 occurrence(s)]
INFO --> ensureTickerExists: TXT already exists in bf_investment_tickers.

[1 occurrence(s)]
INFO --> FORECAST: start TXT 5m

[1 occurrence(s)]
INFO --> ensureTickerExists: UGI already exists in bf_investment_tickers.

[1 occurrence(s)]
INFO --> FORECAST: start UGI 5m

[2 occurrence(s)]
INFO --> ensureTickerExists: VEEV already exists in bf_investment_tickers.

[2 occurrence(s)]
INFO --> FORECAST: start VEEV 5m

[1 occurrence(s)]
INFO --> ensureTickerExists: WES already exists in bf_investment_tickers.

[1 occurrence(s)]
INFO --> FORECAST: start WES 5m

[1 occurrence(s)]
INFO --> ensureTickerExists: WSO already exists in bf_investment_tickers.

[1 occurrence(s)]
INFO --> FORECAST: start WSO 5m

[1 occurrence(s)]
INFO --> ✅ Marking scraper record ID 194 as Processed.

[1 occurrence(s)]
INFO --> 📩 Processing Email ID: 195

[1 occurrence(s)]
INFO --> ✅ Marking scraper record ID 195 as Processed.

[1 occurrence(s)]
INFO --> 📩 Processing Email ID: 196

[1 occurrence(s)]
INFO --> ensureTickerExists: MET already exists in bf_investment_tickers.

[1 occurrence(s)]
INFO --> FORECAST: start MET 5m

[1 occurrence(s)]
INFO --> ensureTickerExists: NOC already exists in bf_investment_tickers.

[1 occurrence(s)]
INFO --> FORECAST: start NOC 5m

[1 occurrence(s)]
INFO --> ✅ Marking scraper record ID 196 as Processed.

[1 occurrence(s)]
INFO --> 📩 Processing Email ID: 197

[1 occurrence(s)]
INFO --> ensureTickerExists: TPB already exists in bf_investment_tickers.

[1 occurrence(s)]
INFO --> FORECAST: start TPB 5m

[1 occurrence(s)]
INFO --> ✅ Marking scraper record ID 197 as Processed.

[1 occurrence(s)]
INFO --> 📩 Processing Email ID: 198

[1 occurrence(s)]
INFO --> ensureTickerExists: CAH already exists in bf_investment_tickers.

[1 occurrence(s)]
INFO --> FORECAST: start CAH 5m

[1 occurrence(s)]
INFO --> ✅ Marking scraper record ID 198 as Processed.

[1 occurrence(s)]
INFO --> 📩 Processing Email ID: 199

[1 occurrence(s)]
INFO --> ensureTickerExists: AB already exists in bf_investment_tickers.

[1 occurrence(s)]
INFO --> FORECAST: start AB 5m

[1 occurrence(s)]
INFO --> ensureTickerExists: ASB already exists in bf_investment_tickers.

[1 occurrence(s)]
INFO --> FORECAST: start ASB 5m

[1 occurrence(s)]
INFO --> ensureTickerExists: BALL already exists in bf_investment_tickers.

[1 occurrence(s)]
INFO --> FORECAST: start BALL 5m

[1 occurrence(s)]
INFO --> ensureTickerExists: CATY already exists in bf_investment_tickers.

[1 occurrence(s)]
INFO --> FORECAST: start CATY 5m

[1 occurrence(s)]
INFO --> ensureTickerExists: CRNX already exists in bf_investment_tickers.

[1 occurrence(s)]
INFO --> FORECAST: start CRNX 5m

[1 occurrence(s)]
INFO --> ensureTickerExists: EPAC already exists in bf_investment_tickers.

[1 occurrence(s)]
INFO --> FORECAST: start EPAC 5m

[1 occurrence(s)]
INFO --> ensureTickerExists: FC already exists in bf_investment_tickers.

[1 occurrence(s)]
INFO --> FORECAST: start FC 5m

[2 occurrence(s)]
INFO --> ensureTickerExists: HLT already exists in bf_investment_tickers.

[2 occurrence(s)]
INFO --> FORECAST: start HLT 5m

[1 occurrence(s)]
INFO --> ensureTickerExists: LBRDK already exists in bf_investment_tickers.

[1 occurrence(s)]
INFO --> FORECAST: start LBRDK 5m

[1 occurrence(s)]
INFO --> ensureTickerExists: MHO already exists in bf_investment_tickers.

[1 occurrence(s)]
INFO --> FORECAST: start MHO 5m

[1 occurrence(s)]
INFO --> ensureTickerExists: OSBC already exists in bf_investment_tickers.

[1 occurrence(s)]
INFO --> FORECAST: start OSBC 5m

[1 occurrence(s)]
INFO --> ensureTickerExists: PAYC already exists in bf_investment_tickers.

[1 occurrence(s)]
INFO --> FORECAST: start PAYC 5m

[1 occurrence(s)]
INFO --> ensureTickerExists: PEB already exists in bf_investment_tickers.

[1 occurrence(s)]
INFO --> FORECAST: start PEB 5m

[1 occurrence(s)]
INFO --> ensureTickerExists: QTWO already exists in bf_investment_tickers.

[1 occurrence(s)]
INFO --> FORECAST: start QTWO 5m

[1 occurrence(s)]
INFO --> ensureTickerExists: SEIC already exists in bf_investment_tickers.

[1 occurrence(s)]
INFO --> FORECAST: start SEIC 5m

[1 occurrence(s)]
INFO --> ensureTickerExists: SEM already exists in bf_investment_tickers.

[1 occurrence(s)]
INFO --> FORECAST: start SEM 5m

[1 occurrence(s)]
INFO --> ensureTickerExists: SII already exists in bf_investment_tickers.

[1 occurrence(s)]
INFO --> FORECAST: start SII 5m

[1 occurrence(s)]
INFO --> ensureTickerExists: SSB already exists in bf_investment_tickers.

[1 occurrence(s)]
INFO --> FORECAST: start SSB 5m

[1 occurrence(s)]
INFO --> ensureTickerExists: VECO already exists in bf_investment_tickers.

[1 occurrence(s)]
INFO --> FORECAST: start VECO 5m

[1 occurrence(s)]
INFO --> ensureTickerExists: VRE already exists in bf_investment_tickers.

[1 occurrence(s)]
INFO --> FORECAST: start VRE 5m

[1 occurrence(s)]
INFO --> ✅ Marking scraper record ID 199 as Processed.

[1 occurrence(s)]
INFO --> 📩 Processing Email ID: 200

[1 occurrence(s)]
INFO --> ✅ Marking scraper record ID 200 as Processed.

[1 occurrence(s)]
INFO --> ✅ Scraper processing summary

[1 occurrence(s)]
INFO --> [SPARK_COMPLETE] App\Commands\Alerts\Ingest duration=476.323825

[1 occurrence(s)]
INFO --> [SPARK_MEMORY] 55574528

[1 occurrence(s)]
INFO --> [REQ_ID=f251c26b2498] [PERF] Execution time=0.057420

[1 occurrence(s)]
INFO --> [REQ_ID=2fc4d092c493] [PERF] Execution time=0.041152

[1 occurrence(s)]
INFO --> [REQ_ID=8f8ef8cac005] [PERF] Execution time=0.042817

[1 occurrence(s)]
INFO --> [REQ_ID=fd29a14edb4c] [PERF] Execution time=0.037436

[1 occurrence(s)]
INFO --> [REQ_ID=b060b0def1d2] [PERF] Execution time=0.043606

[1 occurrence(s)]
INFO --> [REQ_ID=eac11bf23fd0] [PERF] Execution time=0.036482

[1 occurrence(s)]
INFO --> [REQ_ID=7f0ed220a2eb] [MEMORY][controller-start] 4194304

[1 occurrence(s)]
INFO --> [REQ_ID=7f0ed220a2eb] [MEMORY][commonData:start] 6291456

[1 occurrence(s)]
INFO --> [REQ_ID=7f0ed220a2eb] [MEMORY][commonData:start] 10485760

[1 occurrence(s)]
INFO --> [REQ_ID=7f0ed220a2eb] [PERF] Execution time=0.639579

[1 occurrence(s)]
INFO --> [REQ_ID=d6529f8627a6] [PERF] Execution time=0.676242

[1 occurrence(s)]
INFO --> [REQ_ID=0445d0987ff2] [MEMORY][controller-start] 4194304

[1 occurrence(s)]
INFO --> [REQ_ID=0445d0987ff2] [MEMORY][commonData:start] 6291456

[1 occurrence(s)]
INFO --> [REQ_ID=0445d0987ff2] [MEMORY][commonData:start] 10485760

[1 occurrence(s)]
INFO --> [REQ_ID=0445d0987ff2] [PERF] Execution time=0.659782

[1 occurrence(s)]
INFO --> [REQ_ID=96ea33bc4c13] [PERF] Execution time=0.701194

[1 occurrence(s)]
INFO --> [REQ_ID=7baa66ac9e76] [PERF] Execution time=0.056498

[1 occurrence(s)]
INFO --> [REQ_ID=5ac10f13927c] [MEMORY][controller-start] 4194304

[1 occurrence(s)]
INFO --> [REQ_ID=5ac10f13927c] [MEMORY][commonData:start] 6291456

[1 occurrence(s)]
INFO --> [REQ_ID=5ac10f13927c] [MEMORY][commonData:start] 10485760

[1 occurrence(s)]
INFO --> [REQ_ID=5ac10f13927c] [PERF] Execution time=0.700685

[1 occurrence(s)]
INFO --> [REQ_ID=68a0e21e6d4f] [PERF] Execution time=0.738361

[1 occurrence(s)]
INFO --> [REQ_ID=68b4661d86da] [PERF] Execution time=0.041593

[1 occurrence(s)]
INFO --> [REQ_ID=878491f0c25d] [MEMORY][controller-start] 4194304

[1 occurrence(s)]
INFO --> [REQ_ID=878491f0c25d] [MEMORY][commonData:start] 6291456

[1 occurrence(s)]
INFO --> [REQ_ID=878491f0c25d] [MEMORY][commonData:start] 8388608

[1 occurrence(s)]
INFO --> [REQ_ID=878491f0c25d] [PERF] Execution time=0.602124

[1 occurrence(s)]
INFO --> [REQ_ID=a97644ca3af6] [PERF] Execution time=0.616621

[1 occurrence(s)]
INFO --> [REQ_ID=c128598d31f3] [PERF] Execution time=0.037659

[1 occurrence(s)]
INFO --> [REQ_ID=56079d4803f2] [PERF] Execution time=0.049729

[1 occurrence(s)]
INFO --> [REQ_ID=ee4ae1a17ec1] [MEMORY][controller-start] 4194304

[1 occurrence(s)]
INFO --> [REQ_ID=ee4ae1a17ec1] [PERF] Execution time=0.069901

[1 occurrence(s)]
INFO --> [REQ_ID=3cabb178ae37] [PERF] Execution time=0.083143

[1 occurrence(s)]
INFO --> [REQ_ID=0104935ec68c] [MEMORY][controller-start] 4194304

[1 occurrence(s)]
INFO --> [REQ_ID=0104935ec68c] [MEMORY][commonData:start] 6291456

[1 occurrence(s)]
INFO --> [REQ_ID=0104935ec68c] [MEMORY][commonData:start] 10485760

[1 occurrence(s)]
INFO --> [REQ_ID=0104935ec68c] [PERF] Execution time=0.814655

[1 occurrence(s)]
INFO --> [REQ_ID=f05561706035] [PERF] Execution time=0.851562

[1 occurrence(s)]
INFO --> [REQ_ID=ade1f536704f] [PERF] Execution time=0.054368

[1 occurrence(s)]
INFO --> [REQ_ID=a7fc6297ef55] [MEMORY][controller-start] 4194304

[1 occurrence(s)]
INFO --> [REQ_ID=a7fc6297ef55] [PERF] Execution time=0.057830

[1 occurrence(s)]
INFO --> [REQ_ID=3f88bf1865aa] [PERF] Execution time=0.072872

[1 occurrence(s)]
INFO --> [REQ_ID=06f9716ef189] [PERF] Execution time=0.056258

[1 occurrence(s)]
INFO --> [REQ_ID=ad58f3494e2d] [MEMORY][controller-start] 4194304

[1 occurrence(s)]
INFO --> [REQ_ID=ad58f3494e2d] [MEMORY][commonData:start] 6291456

[1 occurrence(s)]
INFO --> [REQ_ID=ad58f3494e2d] [MEMORY][commonData:start] 10485760

[1 occurrence(s)]
INFO --> [REQ_ID=ad58f3494e2d] [PERF] Execution time=0.764668

[1 occurrence(s)]
INFO --> [REQ_ID=5ee9c40e5fab] [PERF] Execution time=0.802338

[1 occurrence(s)]
INFO --> [REQ_ID=61bedc5f35a9] [PERF] Execution time=0.042362

[1 occurrence(s)]
INFO --> [REQ_ID=abc9fc9b4a1c] [MEMORY][controller-start] 4194304

[1 occurrence(s)]
INFO --> [REQ_ID=abc9fc9b4a1c] [MEMORY][commonData:start] 6291456

[1 occurrence(s)]
INFO --> [REQ_ID=abc9fc9b4a1c] [PERF] Execution time=0.748318

[1 occurrence(s)]
INFO --> [REQ_ID=9ca21ba2b3c2] [PERF] Execution time=0.788892

[1 occurrence(s)]
INFO --> [REQ_ID=c594584e8819] [PERF] Execution time=0.054457

[1 occurrence(s)]
INFO --> [REQ_ID=bbc195a9a1b8] [MEMORY][controller-start] 4194304

[1 occurrence(s)]
INFO --> [REQ_ID=bbc195a9a1b8] [PERF] Execution time=0.033890

[1 occurrence(s)]
INFO --> [REQ_ID=8b1650588371] [PERF] Execution time=0.048813

[1 occurrence(s)]
INFO --> [REQ_ID=3eb3331b652c] [PERF] Execution time=0.055024

[1 occurrence(s)]
INFO --> [REQ_ID=44c5ea07c4d5] [MEMORY][controller-start] 4194304

[1 occurrence(s)]
INFO --> [REQ_ID=44c5ea07c4d5] [PERF] Execution time=0.169230

[1 occurrence(s)]
INFO --> [REQ_ID=7d267b75b524] [PERF] Execution time=0.183625

[1 occurrence(s)]
INFO --> [REQ_ID=55af4cb538f8] [PERF] Execution time=0.042353

[1 occurrence(s)]
INFO --> [REQ_ID=d3b7ad04861b] [PERF] Execution time=0.036855

[1 occurrence(s)]
INFO --> [REQ_ID=f196a703c296] [MEMORY][controller-start] 4194304

[1 occurrence(s)]
INFO --> [REQ_ID=f196a703c296] [MEMORY][commonData:start] 6291456

[1 occurrence(s)]
INFO --> [REQ_ID=f196a703c296] [MEMORY][commonData:start] 10485760

[1 occurrence(s)]
INFO --> [REQ_ID=f196a703c296] [PERF] Execution time=0.624679

[1 occurrence(s)]
INFO --> [REQ_ID=a38bbf22d4b6] [PERF] Execution time=0.664077

[1 occurrence(s)]
INFO --> [REQ_ID=5d301cf1537c] [MEMORY][controller-start] 6291456

[1 occurrence(s)]
INFO --> [REQ_ID=5d301cf1537c] [MEMORY][commonData:start] 6291456

[1 occurrence(s)]
INFO --> [REQ_ID=5d301cf1537c] [PERF] Execution time=0.600452

[1 occurrence(s)]
INFO --> [REQ_ID=5500cb9adf18] [PERF] Execution time=0.611204

[1 occurrence(s)]
INFO --> [REQ_ID=0635a70c3c33] [MEMORY][controller-start] 6291456

[1 occurrence(s)]
INFO --> [REQ_ID=0635a70c3c33] [PERF] Execution time=0.014179

[1 occurrence(s)]
INFO --> [REQ_ID=ee386fc6242e] [PERF] Execution time=0.022961

[1 occurrence(s)]
INFO --> [REQ_ID=793b60b21e0d] [MEMORY][controller-start] 4194304

[1 occurrence(s)]
INFO --> [REQ_ID=793b60b21e0d] [PERF] Execution time=0.014114

[1 occurrence(s)]
INFO --> [REQ_ID=18fdbbe44344] [PERF] Execution time=0.022703

[1 occurrence(s)]
INFO --> [REQ_ID=7d794fbbb6cd] [MEMORY][controller-start] 4194304

[1 occurrence(s)]
INFO --> [REQ_ID=7d794fbbb6cd] [PERF] Execution time=0.014910

[1 occurrence(s)]
INFO --> [REQ_ID=34272657f70f] [PERF] Execution time=0.026618

[1 occurrence(s)]
INFO --> [REQ_ID=2a4350286474] [MEMORY][controller-start] 4194304

[1 occurrence(s)]
INFO --> [REQ_ID=2a4350286474] [PERF] Execution time=0.012556

[1 occurrence(s)]
INFO --> [REQ_ID=a77ee1e1bc06] [PERF] Execution time=0.021425

[1 occurrence(s)]
INFO --> [REQ_ID=10d1797458ab] [MEMORY][controller-start] 4194304

[1 occurrence(s)]
INFO --> [REQ_ID=10d1797458ab] [PERF] Execution time=0.014853

[1 occurrence(s)]
INFO --> [REQ_ID=0cb30f8fe962] [PERF] Execution time=0.023625

[1 occurrence(s)]
INFO --> [REQ_ID=e24cc5ab101c] [MEMORY][controller-start] 4194304

[1 occurrence(s)]
INFO --> [REQ_ID=e24cc5ab101c] [PERF] Execution time=0.012694

[1 occurrence(s)]
INFO --> [REQ_ID=461145e0358f] [PERF] Execution time=0.022809

[1 occurrence(s)]
INFO --> [REQ_ID=946a5414266c] [MEMORY][controller-start] 4194304

[1 occurrence(s)]
INFO --> [REQ_ID=946a5414266c] [PERF] Execution time=0.012538

[1 occurrence(s)]
INFO --> [REQ_ID=58c6c51326f6] [PERF] Execution time=0.022336

[1 occurrence(s)]
INFO --> [REQ_ID=e996c3dfa8b0] [MEMORY][controller-start] 4194304

[1 occurrence(s)]
INFO --> [REQ_ID=e996c3dfa8b0] [PERF] Execution time=0.015035

[1 occurrence(s)]
INFO --> [REQ_ID=f45f4d07bbaf] [PERF] Execution time=0.023947

[1 occurrence(s)]
INFO --> [REQ_ID=dd5b34c91584] [MEMORY][controller-start] 4194304

[1 occurrence(s)]
INFO --> [REQ_ID=dd5b34c91584] [PERF] Execution time=0.016044

[1 occurrence(s)]
INFO --> [REQ_ID=3bd02119ac49] [PERF] Execution time=0.024657

[1 occurrence(s)]
INFO --> [REQ_ID=5507949e826d] [MEMORY][controller-start] 4194304

[1 occurrence(s)]
INFO --> [REQ_ID=5507949e826d] [PERF] Execution time=0.014460

[1 occurrence(s)]
INFO --> [REQ_ID=0c1e0f81768e] [PERF] Execution time=0.027363

[1 occurrence(s)]
INFO --> [REQ_ID=83bc4971ad36] [MEMORY][controller-start] 4194304

[1 occurrence(s)]
INFO --> [REQ_ID=83bc4971ad36] [MEMORY][commonData:start] 4194304

[1 occurrence(s)]
INFO --> [REQ_ID=83bc4971ad36] [PERF] Execution time=0.504247

[1 occurrence(s)]
INFO --> [REQ_ID=5e1122974540] [PERF] Execution time=0.518280

[1 occurrence(s)]
INFO --> [REQ_ID=4092f5972518] [MEMORY][controller-start] 4194304

[1 occurrence(s)]
INFO --> [REQ_ID=4092f5972518] [MEMORY][commonData:start] 6291456

[1 occurrence(s)]
INFO --> [REQ_ID=4092f5972518] [MEMORY][commonData:start] 10485760

[1 occurrence(s)]
INFO --> [REQ_ID=4092f5972518] [PERF] Execution time=0.700060

[1 occurrence(s)]
INFO --> [REQ_ID=860da3d362c5] [PERF] Execution time=0.736911

[1 occurrence(s)]
INFO --> [spark:ops:work] Started

[1 occurrence(s)]
INFO --> [SPARK_START] App\Commands\Ops\Work

[1 occurrence(s)]
INFO --> [spark:ops:work] Intent

[1 occurrence(s)]
INFO --> [spark:ops:work] Completed

[1 occurrence(s)]
INFO --> [SPARK_COMPLETE] App\Commands\Ops\Work duration=0.119908

[1 occurrence(s)]
INFO --> [SPARK_MEMORY] 18874368

[1 occurrence(s)]
INFO --> [SPARK_START] App\Commands\AIOps\Run

[1 occurrence(s)]
INFO --> [spark:aiops:run] Intent

[1 occurrence(s)]
INFO --> [REQ_ID=e9659b47e6be] [PERF] Execution time=0.081062

[1 occurrence(s)]
INFO --> [AIOPS][SPARK][GOVERNANCE][spark:logs:summarize] Started

[1 occurrence(s)]
INFO --> [SPARK_START] App\Commands\Logs\Summarize

[1 occurrence(s)]
INFO --> [spark:logs:summarize] Intent


---------------------------
LEVEL: NOTICE
---------------------------

[1 occurrence(s)]
NOTICE --> [HOW_IT_WORKS] Unknown slug fallback: automated-financial-insights

[9 occurrence(s)]
NOTICE --> [HOW_IT_WORKS] Unknown slug fallback: overview


---------------------------
LEVEL: WARNING
---------------------------

[2 occurrence(s)]
WARNING --> Premium access denied: feature=investments.analytics route=/index.php/API/Investments/getConfidenceHeatmap user_id=2 tier=free status=free

[1 occurrence(s)]
WARNING --> Premium access denied: feature=investments.analytics route=/index.php/API/Investments/getForecastAccuracySummary user_id=2 tier=free status=free

[2 occurrence(s)]
WARNING --> ensureTickerExists: no exact match found for NEW; first candidate was NEWC. Skipping insert.

[200 occurrence(s)]
WARNING --> ⚠️ Skipping NEW; unable to verify ticker existence.

[1 occurrence(s)]
WARNING --> FORECAST: missing data for CMMB 5m

[253 occurrence(s)]
WARNING --> AlphaVantage rate limit notice: Thank you for using Alpha Vantage! Please consider spreading out your free API requests more sparingly (1 request per second). You may subscribe to any of the premium plans at https://www.alphavantage.co/premium/ to lift the free key rate limit (25 requests per day), raise the per-second burst limit, and instantly unlock all premium endpoints

[1 occurrence(s)]
WARNING --> ensureTickerExists: no exact match found for WAS; first candidate was WASH. Skipping insert.

[42 occurrence(s)]
WARNING --> ⚠️ Skipping WAS; unable to verify ticker existence.

[199 occurrence(s)]
WARNING --> ensureTickerExists: no Alpha Vantage symbol matches found for ADDED.

[199 occurrence(s)]
WARNING --> ⚠️ Skipping ADDED; unable to verify ticker existence.

[199 occurrence(s)]
WARNING --> FORECAST: missing data for TO 5m

[88 occurrence(s)]
WARNING --> FORECAST: missing data for AI 5m

[1 occurrence(s)]
WARNING --> ensureTickerExists: no exact match found for STOCK; first candidate was STCK. Skipping insert.

[87 occurrence(s)]
WARNING --> ⚠️ Skipping STOCK; unable to verify ticker existence.

[200 occurrence(s)]
WARNING --> FORECAST: missing data for HTML 5m

[200 occurrence(s)]
WARNING --> ensureTickerExists: no Alpha Vantage symbol matches found for XMLNS.

[200 occurrence(s)]
WARNING --> ⚠️ Skipping XMLNS; unable to verify ticker existence.

[200 occurrence(s)]
WARNING --> ensureTickerExists: no Alpha Vantage symbol matches found for HTTP.

[200 occurrence(s)]
WARNING --> ⚠️ Skipping HTTP; unable to verify ticker existence.

[200 occurrence(s)]
WARNING --> FORECAST: missing data for WWW 5m

[1 occurrence(s)]
WARNING --> ensureTickerExists: no exact match found for ORG; first candidate was ORGC. Skipping insert.

[200 occurrence(s)]
WARNING --> ⚠️ Skipping ORG; unable to verify ticker existence.

[200 occurrence(s)]
WARNING --> FORECAST: missing data for XHTML 5m

[200 occurrence(s)]
WARNING --> FORECAST: missing data for V 5m

[1 occurrence(s)]
WARNING --> ensureTickerExists: no exact match found for URN; first candidate was URNJ. Skipping insert.

[200 occurrence(s)]
WARNING --> ⚠️ Skipping URN; unable to verify ticker existence.

[200 occurrence(s)]
WARNING --> FORECAST: missing data for COM 5m

[1 occurrence(s)]
WARNING --> ensureTickerExists: no exact match found for VML; first candidate was VML.TRV. Skipping insert.

[200 occurrence(s)]
WARNING --> ⚠️ Skipping VML; unable to verify ticker existence.

[200 occurrence(s)]
WARNING --> FORECAST: missing data for O 5m

[1 occurrence(s)]
WARNING --> ensureTickerExists: no exact match found for LANG; first candidate was LGHT. Skipping insert.

[200 occurrence(s)]
WARNING --> ⚠️ Skipping LANG; unable to verify ticker existence.

[200 occurrence(s)]
WARNING --> FORECAST: missing data for EN 5m

[1 occurrence(s)]
WARNING --> ensureTickerExists: no exact match found for XML; first candidate was XML.TRT. Skipping insert.

[200 occurrence(s)]
WARNING --> ⚠️ Skipping XML; unable to verify ticker existence.

[1 occurrence(s)]
WARNING --> ensureTickerExists: no exact match found for HEAD; first candidate was HEAD.LON. Skipping insert.

[200 occurrence(s)]
WARNING --> ⚠️ Skipping HEAD; unable to verify ticker existence.

[200 occurrence(s)]
WARNING --> FORECAST: missing data for META 5m

[200 occurrence(s)]
WARNING --> ensureTickerExists: no Alpha Vantage symbol matches found for EQUIV.

[200 occurrence(s)]
WARNING --> ⚠️ Skipping EQUIV; unable to verify ticker existence.

[200 occurrence(s)]
WARNING --> ensureTickerExists: no Alpha Vantage symbol matches found for TYPE.

[200 occurrence(s)]
WARNING --> ⚠️ Skipping TYPE; unable to verify ticker existence.

[1 occurrence(s)]
WARNING --> ensureTickerExists: no exact match found for TEXT; first candidate was TXT. Skipping insert.

[200 occurrence(s)]
WARNING --> ⚠️ Skipping TEXT; unable to verify ticker existence.

[199 occurrence(s)]
WARNING --> FORECAST: missing data for UTF 5m

[200 occurrence(s)]
WARNING --> FORECAST: missing data for IF 5m

[1 occurrence(s)]
WARNING --> ensureTickerExists: no exact match found for MSO; first candidate was MSOF. Skipping insert.

[200 occurrence(s)]
WARNING --> ⚠️ Skipping MSO; unable to verify ticker existence.

[200 occurrence(s)]
WARNING --> FORECAST: missing data for X 5m

[200 occurrence(s)]
WARNING --> FORECAST: missing data for UA 5m

[200 occurrence(s)]
WARNING --> FORECAST: missing data for IE 5m

[1 occurrence(s)]
WARNING --> ensureTickerExists: no exact match found for EDGE; first candidate was EDGM. Skipping insert.

[199 occurrence(s)]
WARNING --> ⚠️ Skipping EDGE; unable to verify ticker existence.

[200 occurrence(s)]
WARNING --> ensureTickerExists: no Alpha Vantage symbol matches found for ENDIF.

[200 occurrence(s)]
WARNING --> ⚠️ Skipping ENDIF; unable to verify ticker existence.

[1 occurrence(s)]
WARNING --> ensureTickerExists: no exact match found for NAME; first candidate was URLOF. Skipping insert.

[200 occurrence(s)]
WARNING --> ⚠️ Skipping NAME; unable to verify ticker existence.

[200 occurrence(s)]
WARNING --> ensureTickerExists: no Alpha Vantage symbol matches found for WIDTH.

[200 occurrence(s)]
WARNING --> ⚠️ Skipping WIDTH; unable to verify ticker existence.

[1 occurrence(s)]
WARNING --> ensureTickerExists: no exact match found for SCALE; first candidate was SCLZF. Skipping insert.

[200 occurrence(s)]
WARNING --> ⚠️ Skipping SCALE; unable to verify ticker existence.

[200 occurrence(s)]
WARNING --> ensureTickerExists: no Alpha Vantage symbol matches found for TITLE.

[200 occurrence(s)]
WARNING --> ⚠️ Skipping TITLE; unable to verify ticker existence.

[200 occurrence(s)]
WARNING --> FORECAST: missing data for AMP 5m

[200 occurrence(s)]
WARNING --> FORECAST: missing data for CO 5m

[1 occurrence(s)]
WARNING --> ensureTickerExists: no exact match found for INC; first candidate was INCE. Skipping insert.

[200 occurrence(s)]
WARNING --> ⚠️ Skipping INC; unable to verify ticker existence.

[199 occurrence(s)]
WARNING --> FORECAST: missing data for GTE 5m

[1 occurrence(s)]
WARNING --> ensureTickerExists: no exact match found for STYLE; first candidate was STYLA. Skipping insert.

[199 occurrence(s)]
WARNING --> ⚠️ Skipping STYLE; unable to verify ticker existence.

[199 occurrence(s)]
WARNING --> FORECAST: missing data for DROP 5m

[5 occurrence(s)]
WARNING --> FORECAST: missing data for ABNB 5m

[26 occurrence(s)]
WARNING --> AlphaVantage rate limit notice: We have detected your API key as K8MBGU98MTNKCYUE and our standard API rate limit is 25 requests per day. Please visit https://www.alphavantage.co/premium/ if you would like to target a higher API call frequency. Thank you!

[27 occurrence(s)]
WARNING --> AlphaVantage rate limit notice: We have detected your API key as 70BOHXX3E6JX9H88 and our standard API rate limit is 25 requests per day. Please visit https://www.alphavantage.co/premium/ if you would like to target a higher API call frequency. Thank you!

[41 occurrence(s)]
WARNING --> ensureTickerExists: no Alpha Vantage symbol matches found for WAS.

[26 occurrence(s)]
WARNING --> AlphaVantage rate limit notice: We have detected your API key as 8O1LJO4DKARM4132 and our standard API rate limit is 25 requests per day. Please visit https://www.alphavantage.co/premium/ if you would like to target a higher API call frequency. Thank you!

[27 occurrence(s)]
WARNING --> AlphaVantage rate limit notice: We have detected your API key as L5OQIW3RSLBBTMTH and our standard API rate limit is 25 requests per day. Please visit https://www.alphavantage.co/premium/ if you would like to target a higher API call frequency. Thank you!

[4566 occurrence(s)]
WARNING --> AlphaVantage rate limit reached; processing deferred.

[111 occurrence(s)]
WARNING --> FORECAST: missing data for EMA 5m

[199 occurrence(s)]
WARNING --> ensureTickerExists: no Alpha Vantage symbol matches found for ORG.

[199 occurrence(s)]
WARNING --> ensureTickerExists: no Alpha Vantage symbol matches found for URN.

[199 occurrence(s)]
WARNING --> ensureTickerExists: no Alpha Vantage symbol matches found for VML.

[199 occurrence(s)]
WARNING --> ensureTickerExists: no Alpha Vantage symbol matches found for LANG.

[199 occurrence(s)]
WARNING --> ensureTickerExists: no Alpha Vantage symbol matches found for XML.

[199 occurrence(s)]
WARNING --> ensureTickerExists: no Alpha Vantage symbol matches found for HEAD.

[199 occurrence(s)]
WARNING --> ensureTickerExists: no Alpha Vantage symbol matches found for TEXT.

[199 occurrence(s)]
WARNING --> ensureTickerExists: no Alpha Vantage symbol matches found for MSO.

[198 occurrence(s)]
WARNING --> ensureTickerExists: no Alpha Vantage symbol matches found for EDGE.

[199 occurrence(s)]
WARNING --> ensureTickerExists: no Alpha Vantage symbol matches found for NAME.

[199 occurrence(s)]
WARNING --> ensureTickerExists: no Alpha Vantage symbol matches found for SCALE.

[199 occurrence(s)]
WARNING --> ensureTickerExists: no Alpha Vantage symbol matches found for INC.

[198 occurrence(s)]
WARNING --> ensureTickerExists: no Alpha Vantage symbol matches found for STYLE.

[198 occurrence(s)]
WARNING --> ensureTickerExists: no Alpha Vantage symbol matches found for NEW.

[4 occurrence(s)]
WARNING --> FORECAST: missing data for RGTI 5m

[2 occurrence(s)]
WARNING --> FORECAST: missing data for SINT 5m

[157 occurrence(s)]
WARNING --> ensureTickerExists: no Alpha Vantage symbol matches found for WERE.

[157 occurrence(s)]
WARNING --> ⚠️ Skipping WERE; unable to verify ticker existence.

[86 occurrence(s)]
WARNING --> ensureTickerExists: no Alpha Vantage symbol matches found for STOCK.

[5 occurrence(s)]
WARNING --> FORECAST: missing data for MPWR 5m

[1 occurrence(s)]
WARNING --> FORECAST: missing data for TRNR 5m

[7 occurrence(s)]
WARNING --> FORECAST: missing data for TSLA 5m

[4 occurrence(s)]
WARNING --> FORECAST: missing data for APLD 5m

[6 occurrence(s)]
WARNING --> FORECAST: missing data for HIMS 5m

[4 occurrence(s)]
WARNING --> FORECAST: missing data for MRVL 5m

[5 occurrence(s)]
WARNING --> FORECAST: missing data for OXY 5m

[1 occurrence(s)]
WARNING --> FORECAST: missing data for ENPH 5m

[4 occurrence(s)]
WARNING --> FORECAST: missing data for CDNS 5m

[1 occurrence(s)]
WARNING --> FORECAST: missing data for ALZN 5m

[1 occurrence(s)]
WARNING --> FORECAST: missing data for BLNE 5m

[3 occurrence(s)]
WARNING --> FORECAST: missing data for KMI 5m

[2 occurrence(s)]
WARNING --> FORECAST: missing data for GRMN 5m

[3 occurrence(s)]
WARNING --> FORECAST: missing data for SOUN 5m

[2 occurrence(s)]
WARNING --> FORECAST: missing data for BBAI 5m

[2 occurrence(s)]
WARNING --> FORECAST: missing data for DVN 5m

[3 occurrence(s)]
WARNING --> FORECAST: missing data for JTAI 5m

[1 occurrence(s)]
WARNING --> FORECAST: missing data for SRM 5m

[1 occurrence(s)]
WARNING --> FORECAST: missing data for ABSI 5m

[2 occurrence(s)]
WARNING --> FORECAST: missing data for FOUR 5m

[4 occurrence(s)]
WARNING --> FORECAST: missing data for KULR 5m

[4 occurrence(s)]
WARNING --> FORECAST: missing data for ACHR 5m

[1 occurrence(s)]
WARNING --> FORECAST: missing data for AUUD 5m

[3 occurrence(s)]
WARNING --> FORECAST: missing data for APP 5m

[7 occurrence(s)]
WARNING --> FORECAST: missing data for AVGO 5m

[2 occurrence(s)]
WARNING --> FORECAST: missing data for QCOM 5m

[1 occurrence(s)]
WARNING --> FORECAST: missing data for ABBV 5m

[1 occurrence(s)]
WARNING --> FORECAST: missing data for AGNC 5m

[1 occurrence(s)]
WARNING --> FORECAST: missing data for ALLO 5m

[2 occurrence(s)]
WARNING --> FORECAST: missing data for ALTM 5m

[7 occurrence(s)]
WARNING --> FORECAST: missing data for AMAT 5m

[1 occurrence(s)]
WARNING --> FORECAST: missing data for APPS 5m

[1 occurrence(s)]
WARNING --> FORECAST: missing data for ASPI 5m

[1 occurrence(s)]
WARNING --> FORECAST: missing data for ASPN 5m

[2 occurrence(s)]
WARNING --> FORECAST: missing data for ASTS 5m

[2 occurrence(s)]
WARNING --> FORECAST: missing data for ATYR 5m

[6 occurrence(s)]
WARNING --> FORECAST: missing data for BA 5m

[3 occurrence(s)]
WARNING --> FORECAST: missing data for BBAR 5m

[3 occurrence(s)]
WARNING --> FORECAST: missing data for CELH 5m

[2 occurrence(s)]
WARNING --> FORECAST: missing data for CIFR 5m

[1 occurrence(s)]
WARNING --> FORECAST: missing data for CROX 5m

[3 occurrence(s)]
WARNING --> FORECAST: missing data for CSAI 5m

[6 occurrence(s)]
WARNING --> FORECAST: missing data for CSGP 5m

[1 occurrence(s)]
WARNING --> FORECAST: missing data for CTXR 5m

[1 occurrence(s)]
WARNING --> FORECAST: missing data for CVI 5m

[1 occurrence(s)]
WARNING --> FORECAST: missing data for CVX 5m

[1 occurrence(s)]
WARNING --> FORECAST: missing data for DATS 5m

[2 occurrence(s)]
WARNING --> FORECAST: missing data for DFS 5m

[1 occurrence(s)]
WARNING --> FORECAST: missing data for EQNR 5m

[1 occurrence(s)]
WARNING --> FORECAST: missing data for EVER 5m

[2 occurrence(s)]
WARNING --> FORECAST: missing data for FLEX 5m

[1 occurrence(s)]
WARNING --> FORECAST: missing data for FLNG 5m

[1 occurrence(s)]
WARNING --> FORECAST: missing data for GCL 5m

[2 occurrence(s)]
WARNING --> FORECAST: missing data for GRAL 5m

[2 occurrence(s)]
WARNING --> FORECAST: missing data for GRRR 5m

[1 occurrence(s)]
WARNING --> FORECAST: missing data for GSAT 5m

[5 occurrence(s)]
WARNING --> FORECAST: missing data for HCA 5m

[1 occurrence(s)]
WARNING --> FORECAST: missing data for HCKT 5m

[1 occurrence(s)]
WARNING --> FORECAST: missing data for HIMX 5m

[6 occurrence(s)]
WARNING --> FORECAST: missing data for IONQ 5m

[1 occurrence(s)]
WARNING --> FORECAST: missing data for IRBT 5m

[2 occurrence(s)]
WARNING --> FORECAST: missing data for ITCI 5m

[5 occurrence(s)]
WARNING --> FORECAST: missing data for JNJ 5m

[2 occurrence(s)]
WARNING --> FORECAST: missing data for KO 5m

[2 occurrence(s)]
WARNING --> FORECAST: missing data for KRYS 5m

[3 occurrence(s)]
WARNING --> FORECAST: missing data for LDOS 5m

[3 occurrence(s)]
WARNING --> FORECAST: missing data for LLY 5m

[3 occurrence(s)]
WARNING --> FORECAST: missing data for LMT 5m

[3 occurrence(s)]
WARNING --> FORECAST: missing data for LRCX 5m

[4 occurrence(s)]
WARNING --> FORECAST: missing data for MRNA 5m

[1 occurrence(s)]
WARNING --> FORECAST: missing data for MTDR 5m

[3 occurrence(s)]
WARNING --> FORECAST: missing data for NIO 5m

[1 occurrence(s)]
WARNING --> FORECAST: missing data for NZF 5m

[1 occurrence(s)]
WARNING --> FORECAST: missing data for WS 5m

[1 occurrence(s)]
WARNING --> FORECAST: missing data for PBR 5m

[5 occurrence(s)]
WARNING --> FORECAST: missing data for A 5m

[2 occurrence(s)]
WARNING --> FORECAST: missing data for PCG 5m

[1 occurrence(s)]
WARNING --> FORECAST: missing data for PR 5m

[2 occurrence(s)]
WARNING --> FORECAST: missing data for QUAD 5m

[1 occurrence(s)]
WARNING --> FORECAST: missing data for RBLX 5m

[1 occurrence(s)]
WARNING --> FORECAST: missing data for RCAT 5m

[2 occurrence(s)]
WARNING --> FORECAST: missing data for RDDT 5m

[1 occurrence(s)]
WARNING --> FORECAST: missing data for RDW 5m

[3 occurrence(s)]
WARNING --> FORECAST: missing data for RIOT 5m

[3 occurrence(s)]
WARNING --> FORECAST: missing data for RKLB 5m

[2 occurrence(s)]
WARNING --> FORECAST: missing data for ROCK 5m

[3 occurrence(s)]
WARNING --> FORECAST: missing data for RXRX 5m

[3 occurrence(s)]
WARNING --> FORECAST: missing data for SMMT 5m

[2 occurrence(s)]
WARNING --> FORECAST: missing data for SPIR 5m

[1 occurrence(s)]
WARNING --> FORECAST: missing data for SSRM 5m

[1 occurrence(s)]
WARNING --> FORECAST: missing data for STAI 5m

[1 occurrence(s)]
WARNING --> FORECAST: missing data for T 5m

[1 occurrence(s)]
WARNING --> FORECAST: missing data for TRMB 5m

[2 occurrence(s)]
WARNING --> FORECAST: missing data for UPST 5m

[1 occurrence(s)]
WARNING --> FORECAST: missing data for USAU 5m

[1 occurrence(s)]
WARNING --> FORECAST: missing data for VNET 5m

[1 occurrence(s)]
WARNING --> FORECAST: missing data for VZ 5m

[1 occurrence(s)]
WARNING --> FORECAST: missing data for XIFR 5m

[1 occurrence(s)]
WARNING --> FORECAST: missing data for ZG 5m

[1 occurrence(s)]
WARNING --> FORECAST: missing data for ZK 5m

[7 occurrence(s)]
WARNING --> FORECAST: missing data for AAPL 5m

[1 occurrence(s)]
WARNING --> FORECAST: missing data for ADMA 5m

[1 occurrence(s)]
WARNING --> FORECAST: missing data for ALT 5m

[1 occurrence(s)]
WARNING --> FORECAST: missing data for APPF 5m

[4 occurrence(s)]
WARNING --> FORECAST: missing data for ARQQ 5m

[1 occurrence(s)]
WARNING --> FORECAST: missing data for BEAM 5m

[1 occurrence(s)]
WARNING --> FORECAST: missing data for BFRG 5m

[1 occurrence(s)]
WARNING --> FORECAST: missing data for CGNX 5m

[2 occurrence(s)]
WARNING --> FORECAST: missing data for CINF 5m

[1 occurrence(s)]
WARNING --> FORECAST: missing data for CMCSA 5m

[1 occurrence(s)]
WARNING --> FORECAST: missing data for CMPX 5m

[2 occurrence(s)]
WARNING --> FORECAST: missing data for COR 5m

[1 occurrence(s)]
WARNING --> FORECAST: missing data for CRL 5m

[1 occurrence(s)]
WARNING --> FORECAST: missing data for CRSP 5m

[1 occurrence(s)]
WARNING --> FORECAST: missing data for CRTO 5m

[7 occurrence(s)]
WARNING --> FORECAST: missing data for DIS 5m

[1 occurrence(s)]
WARNING --> FORECAST: missing data for DXCM 5m

[1 occurrence(s)]
WARNING --> FORECAST: missing data for DXYZ 5m

[1 occurrence(s)]
WARNING --> FORECAST: missing data for EVGO 5m

[2 occurrence(s)]
WARNING --> FORECAST: missing data for FLNC 5m

[1 occurrence(s)]
WARNING --> FORECAST: missing data for GILD 5m

[7 occurrence(s)]
WARNING --> FORECAST: missing data for HOOD 5m

[1 occurrence(s)]
WARNING --> FORECAST: missing data for HTGC 5m

[1 occurrence(s)]
WARNING --> FORECAST: missing data for IBRX 5m

[1 occurrence(s)]
WARNING --> FORECAST: missing data for IRDM 5m

[1 occurrence(s)]
WARNING --> FORECAST: missing data for LICN 5m

[2 occurrence(s)]
WARNING --> FORECAST: missing data for LIN 5m

[1 occurrence(s)]
WARNING --> ensureTickerExists: no Alpha Vantage symbol matches found for MAYAU.

[1 occurrence(s)]
WARNING --> ⚠️ Skipping MAYAU; unable to verify ticker existence.

[1 occurrence(s)]
WARNING --> FORECAST: missing data for MRUS 5m

[2 occurrence(s)]
WARNING --> FORECAST: missing data for MTTR 5m

[3 occurrence(s)]
WARNING --> FORECAST: missing data for MVIS 5m

[1 occurrence(s)]
WARNING --> FORECAST: missing data for MYI 5m

[1 occurrence(s)]
WARNING --> FORECAST: missing data for NLY 5m

[1 occurrence(s)]
WARNING --> FORECAST: missing data for NUS 5m

[4 occurrence(s)]
WARNING --> FORECAST: missing data for PACB 5m

[7 occurrence(s)]
WARNING --> FORECAST: missing data for PFE 5m

[1 occurrence(s)]
WARNING --> FORECAST: missing data for PRTA 5m

[1 occurrence(s)]
WARNING --> FORECAST: missing data for PSO 5m

[1 occurrence(s)]
WARNING --> FORECAST: missing data for RDFN 5m

[3 occurrence(s)]
WARNING --> FORECAST: missing data for RUSHA 5m

[1 occurrence(s)]
WARNING --> FORECAST: missing data for SUPN 5m

[1 occurrence(s)]
WARNING --> FORECAST: missing data for TGT 5m

[1 occurrence(s)]
WARNING --> FORECAST: missing data for UIS 5m

[1 occurrence(s)]
WARNING --> FORECAST: missing data for VEON 5m

[2 occurrence(s)]
WARNING --> FORECAST: missing data for VRN 5m

[1 occurrence(s)]
WARNING --> FORECAST: missing data for WEC 5m

[1 occurrence(s)]
WARNING --> FORECAST: missing data for XHLD 5m

[2 occurrence(s)]
WARNING --> FORECAST: missing data for PG 5m

[1 occurrence(s)]
WARNING --> FORECAST: missing data for BGS 5m

[1 occurrence(s)]
WARNING --> FORECAST: missing data for CAG 5m

[4 occurrence(s)]
WARNING --> FORECAST: missing data for CCI 5m

[5 occurrence(s)]
WARNING --> FORECAST: missing data for F 5m

[4 occurrence(s)]
WARNING --> FORECAST: missing data for MQ 5m

[2 occurrence(s)]
WARNING --> FORECAST: missing data for NGG 5m

[3 occurrence(s)]
WARNING --> FORECAST: missing data for PARA 5m

[2 occurrence(s)]
WARNING --> FORECAST: missing data for ADPT 5m

[2 occurrence(s)]
WARNING --> FORECAST: missing data for ARIS 5m

[2 occurrence(s)]
WARNING --> FORECAST: missing data for BP 5m

[1 occurrence(s)]
WARNING --> FORECAST: missing data for CHPT 5m

[2 occurrence(s)]
WARNING --> FORECAST: missing data for CLF 5m

[1 occurrence(s)]
WARNING --> FORECAST: missing data for CLVT 5m

[1 occurrence(s)]
WARNING --> FORECAST: missing data for CYN 5m

[1 occurrence(s)]
WARNING --> FORECAST: missing data for DOMH 5m

[3 occurrence(s)]
WARNING --> FORECAST: missing data for EWTX 5m

[3 occurrence(s)]
WARNING --> FORECAST: missing data for FANG 5m

[2 occurrence(s)]
WARNING --> FORECAST: missing data for FMX 5m

[1 occurrence(s)]
WARNING --> FORECAST: missing data for FRO 5m

[2 occurrence(s)]
WARNING --> FORECAST: missing data for GIS 5m

[3 occurrence(s)]
WARNING --> FORECAST: missing data for GOLD 5m

[1 occurrence(s)]
WARNING --> FORECAST: missing data for GPC 5m

[2 occurrence(s)]
WARNING --> FORECAST: missing data for INSM 5m

[2 occurrence(s)]
WARNING --> FORECAST: missing data for IQ 5m

[1 occurrence(s)]
WARNING --> FORECAST: missing data for JBGS 5m

[2 occurrence(s)]
WARNING --> FORECAST: missing data for KC 5m

[1 occurrence(s)]
WARNING --> FORECAST: missing data for KDLY 5m

[1 occurrence(s)]
WARNING --> FORECAST: missing data for KGS 5m

[2 occurrence(s)]
WARNING --> FORECAST: missing data for LAES 5m

[1 occurrence(s)]
WARNING --> FORECAST: missing data for LB 5m

[1 occurrence(s)]
WARNING --> FORECAST: missing data for MGM 5m

[1 occurrence(s)]
WARNING --> FORECAST: missing data for MODG 5m

[1 occurrence(s)]
WARNING --> FORECAST: missing data for NDAQ 5m

[3 occurrence(s)]
WARNING --> FORECAST: missing data for NTR 5m

[2 occurrence(s)]
WARNING --> FORECAST: missing data for ORKA 5m

[1 occurrence(s)]
WARNING --> FORECAST: missing data for PBI 5m

[1 occurrence(s)]
WARNING --> FORECAST: missing data for PDO 5m

[2 occurrence(s)]
WARNING --> FORECAST: missing data for PGR 5m

[2 occurrence(s)]
WARNING --> FORECAST: missing data for SANA 5m

[1 occurrence(s)]
WARNING --> FORECAST: missing data for SHEL 5m

[1 occurrence(s)]
WARNING --> FORECAST: missing data for STRL 5m

[1 occurrence(s)]
WARNING --> FORECAST: missing data for SU 5m

[1 occurrence(s)]
WARNING --> FORECAST: missing data for TRMD 5m

[5 occurrence(s)]
WARNING --> FORECAST: missing data for UAL 5m

[3 occurrence(s)]
WARNING --> FORECAST: missing data for UL 5m

[1 occurrence(s)]
WARNING --> FORECAST: missing data for VRDN 5m

[5 occurrence(s)]
WARNING --> FORECAST: missing data for WBD 5m

[1 occurrence(s)]
WARNING --> FORECAST: missing data for WNC 5m

[3 occurrence(s)]
WARNING --> FORECAST: missing data for NKE 5m

[2 occurrence(s)]
WARNING --> FORECAST: missing data for TEM 5m

[2 occurrence(s)]
WARNING --> FORECAST: missing data for AGL 5m

[1 occurrence(s)]
WARNING --> FORECAST: missing data for AIFF 5m

[1 occurrence(s)]
WARNING --> FORECAST: missing data for AMPX 5m

[3 occurrence(s)]
WARNING --> FORECAST: missing data for ARVN 5m

[1 occurrence(s)]
WARNING --> FORECAST: missing data for BMEZ 5m

[1 occurrence(s)]
WARNING --> FORECAST: missing data for CFG 5m

[1 occurrence(s)]
WARNING --> FORECAST: missing data for CHRD 5m

[1 occurrence(s)]
WARNING --> FORECAST: missing data for CLDX 5m

[1 occurrence(s)]
WARNING --> FORECAST: missing data for CRDF 5m

[1 occurrence(s)]
WARNING --> FORECAST: missing data for CRSR 5m

[1 occurrence(s)]
WARNING --> FORECAST: missing data for EAT 5m

[2 occurrence(s)]
WARNING --> FORECAST: missing data for ELF 5m

[1 occurrence(s)]
WARNING --> FORECAST: missing data for FATE 5m

[3 occurrence(s)]
WARNING --> FORECAST: missing data for FDS 5m

[2 occurrence(s)]
WARNING --> FORECAST: missing data for GPRK 5m

[2 occurrence(s)]
WARNING --> FORECAST: missing data for HE 5m

[1 occurrence(s)]
WARNING --> FORECAST: missing data for ILMN 5m

[1 occurrence(s)]
WARNING --> FORECAST: missing data for IPGP 5m

[1 occurrence(s)]
WARNING --> FORECAST: missing data for KTB 5m

[2 occurrence(s)]
WARNING --> FORECAST: missing data for MPC 5m

[1 occurrence(s)]
WARNING --> FORECAST: missing data for OCEA 5m

[1 occurrence(s)]
WARNING --> FORECAST: missing data for PII 5m

[1 occurrence(s)]
WARNING --> FORECAST: missing data for POST 5m

[1 occurrence(s)]
WARNING --> FORECAST: missing data for RCKT 5m

[2 occurrence(s)]
WARNING --> FORECAST: missing data for RGEN 5m

[1 occurrence(s)]
WARNING --> FORECAST: missing data for TECH 5m

[2 occurrence(s)]
WARNING --> FORECAST: missing data for TER 5m

[3 occurrence(s)]
WARNING --> FORECAST: missing data for TSCO 5m

[2 occurrence(s)]
WARNING --> FORECAST: missing data for UNH 5m

[1 occurrence(s)]
WARNING --> FORECAST: missing data for UNM 5m

[1 occurrence(s)]
WARNING --> FORECAST: missing data for VFC 5m

[1 occurrence(s)]
WARNING --> FORECAST: missing data for XLO 5m

[2 occurrence(s)]
WARNING --> FORECAST: missing data for XP 5m

[1 occurrence(s)]
WARNING --> FORECAST: missing data for CTAS 5m

[9 occurrence(s)]
WARNING --> FORECAST: missing data for AMD 5m

[1 occurrence(s)]
WARNING --> FORECAST: missing data for ARGX 5m

[1 occurrence(s)]
WARNING --> FORECAST: missing data for AXGN 5m

[1 occurrence(s)]
WARNING --> FORECAST: missing data for BCAX 5m

[1 occurrence(s)]
WARNING --> FORECAST: missing data for BUSE 5m

[1 occurrence(s)]
WARNING --> FORECAST: missing data for BYD 5m

[1 occurrence(s)]
WARNING --> FORECAST: missing data for CL 5m

[1 occurrence(s)]
WARNING --> FORECAST: missing data for CRMD 5m

[1 occurrence(s)]
WARNING --> FORECAST: missing data for CXM 5m

[1 occurrence(s)]
WARNING --> FORECAST: missing data for DX 5m

[1 occurrence(s)]
WARNING --> FORECAST: missing data for EZPW 5m

[3 occurrence(s)]
WARNING --> FORECAST: missing data for FTRE 5m

[1 occurrence(s)]
WARNING --> FORECAST: missing data for GMAB 5m

[1 occurrence(s)]
WARNING --> FORECAST: missing data for ITGR 5m

[2 occurrence(s)]
WARNING --> FORECAST: missing data for IVR 5m

[1 occurrence(s)]
WARNING --> FORECAST: missing data for JSPR 5m

[1 occurrence(s)]
WARNING --> FORECAST: missing data for LZB 5m

[1 occurrence(s)]
WARNING --> FORECAST: missing data for MBC 5m

[5 occurrence(s)]
WARNING --> FORECAST: missing data for NEE 5m

[3 occurrence(s)]
WARNING --> FORECAST: missing data for NVS 5m

[1 occurrence(s)]
WARNING --> FORECAST: missing data for OLMA 5m

[1 occurrence(s)]
WARNING --> FORECAST: missing data for RNR 5m

[2 occurrence(s)]
WARNING --> FORECAST: missing data for SAVA 5m

[2 occurrence(s)]
WARNING --> FORECAST: missing data for SGML 5m

[2 occurrence(s)]
WARNING --> FORECAST: missing data for SYY 5m

[1 occurrence(s)]
WARNING --> FORECAST: missing data for VSH 5m

[1 occurrence(s)]
WARNING --> FORECAST: missing data for WNS 5m

[25 occurrence(s)]
WARNING --> AlphaVantage rate limit notice: We have detected your API key as 676X0XZU2C4PKEVN and our standard API rate limit is 25 requests per day. Please visit https://www.alphavantage.co/premium/ if you would like to target a higher API call frequency. Thank you!

[5 occurrence(s)]
WARNING --> FORECAST: missing data for QBTS 5m

[1 occurrence(s)]
WARNING --> FORECAST: missing data for BHAT 5m

[1 occurrence(s)]
WARNING --> FORECAST: missing data for BSM 5m

[3 occurrence(s)]
WARNING --> FORECAST: missing data for CCL 5m

[1 occurrence(s)]
WARNING --> FORECAST: missing data for CUK 5m

[2 occurrence(s)]
WARNING --> FORECAST: missing data for ISRG 5m

[8 occurrence(s)]
WARNING --> FORECAST: missing data for MSFT 5m

[2 occurrence(s)]
WARNING --> FORECAST: missing data for QUBT 5m

[1 occurrence(s)]
WARNING --> FORECAST: missing data for UMC 5m

[1 occurrence(s)]
WARNING --> FORECAST: missing data for UTI 5m

[4 occurrence(s)]
WARNING --> FORECAST: missing data for VKTX 5m

[1 occurrence(s)]
WARNING --> FORECAST: missing data for ABT 5m

[1 occurrence(s)]
WARNING --> FORECAST: missing data for APH 5m

[3 occurrence(s)]
WARNING --> FORECAST: missing data for VST 5m

[5 occurrence(s)]
WARNING --> FORECAST: missing data for CSCO 5m

[3 occurrence(s)]
WARNING --> FORECAST: missing data for WDC 5m

[2 occurrence(s)]
WARNING --> FORECAST: missing data for AGCO 5m

[1 occurrence(s)]
WARNING --> FORECAST: missing data for ALB 5m

[1 occurrence(s)]
WARNING --> FORECAST: missing data for AMCR 5m

[1 occurrence(s)]
WARNING --> FORECAST: missing data for AMPG 5m

[2 occurrence(s)]
WARNING --> FORECAST: missing data for ATOM 5m

[2 occurrence(s)]
WARNING --> FORECAST: missing data for BE 5m

[1 occurrence(s)]
WARNING --> FORECAST: missing data for BLND 5m

[2 occurrence(s)]
WARNING --> FORECAST: missing data for BRKR 5m

[1 occurrence(s)]
WARNING --> FORECAST: missing data for BTBT 5m

[2 occurrence(s)]
WARNING --> FORECAST: missing data for CLOV 5m

[4 occurrence(s)]
WARNING --> FORECAST: missing data for CLSK 5m

[1 occurrence(s)]
WARNING --> FORECAST: missing data for CRNC 5m

[1 occurrence(s)]
WARNING --> FORECAST: missing data for DOCS 5m

[2 occurrence(s)]
WARNING --> FORECAST: missing data for EH 5m

[2 occurrence(s)]
WARNING --> FORECAST: missing data for EXPE 5m

[1 occurrence(s)]
WARNING --> FORECAST: missing data for JBL 5m

[4 occurrence(s)]
WARNING --> FORECAST: missing data for KSS 5m

[1 occurrence(s)]
WARNING --> FORECAST: missing data for LTBR 5m

[1 occurrence(s)]
WARNING --> FORECAST: missing data for LUNRW 5m

[1 occurrence(s)]
WARNING --> FORECAST: missing data for MOS 5m

[1 occurrence(s)]
WARNING --> FORECAST: missing data for NNOX 5m

[1 occurrence(s)]
WARNING --> FORECAST: missing data for NVTS 5m

[1 occurrence(s)]
WARNING --> FORECAST: missing data for OUST 5m

[1 occurrence(s)]
WARNING --> FORECAST: missing data for PRMB 5m

[1 occurrence(s)]
WARNING --> FORECAST: missing data for PTON 5m

[2 occurrence(s)]
WARNING --> FORECAST: missing data for QMCO 5m

[1 occurrence(s)]
WARNING --> FORECAST: missing data for QSI 5m

[1 occurrence(s)]
WARNING --> FORECAST: missing data for SOC 5m

[1 occurrence(s)]
WARNING --> FORECAST: missing data for STNE 5m

[2 occurrence(s)]
WARNING --> FORECAST: missing data for SUPV 5m

[1 occurrence(s)]
WARNING --> FORECAST: missing data for SWTX 5m

[1 occurrence(s)]
WARNING --> FORECAST: missing data for SYNA 5m

[1 occurrence(s)]
WARNING --> FORECAST: missing data for THC 5m

[1 occurrence(s)]
WARNING --> FORECAST: missing data for TROX 5m

[1 occurrence(s)]
WARNING --> FORECAST: missing data for TSSI 5m

[1 occurrence(s)]
WARNING --> FORECAST: missing data for ULCC 5m

[1 occurrence(s)]
WARNING --> FORECAST: missing data for VCYT 5m

[1 occurrence(s)]
WARNING --> FORECAST: missing data for WOLF 5m

[3 occurrence(s)]
WARNING --> FORECAST: missing data for AEM 5m

[4 occurrence(s)]
WARNING --> FORECAST: missing data for MO 5m

[2 occurrence(s)]
WARNING --> FORECAST: missing data for ASML 5m

[2 occurrence(s)]
WARNING --> FORECAST: missing data for CLS 5m

[1 occurrence(s)]
WARNING --> FORECAST: missing data for DELL 5m

[2 occurrence(s)]
WARNING --> FORECAST: missing data for FI 5m

[2 occurrence(s)]
WARNING --> FORECAST: missing data for LUNR 5m

[5 occurrence(s)]
WARNING --> FORECAST: missing data for NVDA 5m

[4 occurrence(s)]
WARNING --> FORECAST: missing data for PLTR 5m

[1 occurrence(s)]
WARNING --> FORECAST: missing data for AOSL 5m

[1 occurrence(s)]
WARNING --> FORECAST: missing data for ARCC 5m

[1 occurrence(s)]
WARNING --> FORECAST: missing data for AZPN 5m

[1 occurrence(s)]
WARNING --> FORECAST: missing data for BGB 5m

[1 occurrence(s)]
WARNING --> FORECAST: missing data for BLK 5m

[1 occurrence(s)]
WARNING --> FORECAST: missing data for BLNK 5m

[3 occurrence(s)]
WARNING --> FORECAST: missing data for BMA 5m

[1 occurrence(s)]
WARNING --> FORECAST: missing data for BRSP 5m

[2 occurrence(s)]
WARNING --> FORECAST: missing data for BST 5m

[2 occurrence(s)]
WARNING --> FORECAST: missing data for BTI 5m

[1 occurrence(s)]
WARNING --> FORECAST: missing data for CBOE 5m

[1 occurrence(s)]
WARNING --> FORECAST: missing data for CEG 5m

[2 occurrence(s)]
WARNING --> FORECAST: missing data for CNH 5m

[2 occurrence(s)]
WARNING --> FORECAST: missing data for CYH 5m

[4 occurrence(s)]
WARNING --> FORECAST: missing data for DAL 5m

[2 occurrence(s)]
WARNING --> FORECAST: missing data for DBI 5m

[1 occurrence(s)]
WARNING --> FORECAST: missing data for DYN 5m

[1 occurrence(s)]
WARNING --> FORECAST: missing data for EDBL 5m

[2 occurrence(s)]
WARNING --> FORECAST: missing data for ERJ 5m

[1 occurrence(s)]
WARNING --> FORECAST: missing data for FSS 5m

[1 occurrence(s)]
WARNING --> FORECAST: missing data for GKOS 5m

[1 occurrence(s)]
WARNING --> FORECAST: missing data for GNL 5m

[1 occurrence(s)]
WARNING --> FORECAST: missing data for INDI 5m

[1 occurrence(s)]
WARNING --> FORECAST: missing data for INDV 5m

[1 occurrence(s)]
WARNING --> FORECAST: missing data for KEYS 5m

[1 occurrence(s)]
WARNING --> FORECAST: missing data for KRNT 5m

[1 occurrence(s)]
WARNING --> FORECAST: missing data for LTM 5m

[9 occurrence(s)]
WARNING --> FORECAST: missing data for LUV 5m

[1 occurrence(s)]
WARNING --> FORECAST: missing data for MVST 5m

[3 occurrence(s)]
WARNING --> FORECAST: missing data for NFLX 5m

[2 occurrence(s)]
WARNING --> FORECAST: missing data for PSEC 5m

[1 occurrence(s)]
WARNING --> FORECAST: missing data for RGTIW 5m

[1 occurrence(s)]
WARNING --> FORECAST: missing data for SCHW 5m

[1 occurrence(s)]
WARNING --> FORECAST: missing data for SQM 5m

[1 occurrence(s)]
WARNING --> FORECAST: missing data for SWKS 5m

[1 occurrence(s)]
WARNING --> FORECAST: missing data for TDS 5m

[4 occurrence(s)]
WARNING --> FORECAST: missing data for VICI 5m

[1 occurrence(s)]
WARNING --> FORECAST: missing data for VIST 5m

[2 occurrence(s)]
WARNING --> FORECAST: missing data for YPF 5m

[1 occurrence(s)]
WARNING --> FORECAST: missing data for ZVZZT 5m

[2 occurrence(s)]
WARNING --> FORECAST: missing data for FCN 5m

[3 occurrence(s)]
WARNING --> FORECAST: missing data for AMGN 5m

[1 occurrence(s)]
WARNING --> FORECAST: missing data for CME 5m

[1 occurrence(s)]
WARNING --> FORECAST: missing data for MCK 5m

[2 occurrence(s)]
WARNING --> FORECAST: missing data for TDG 5m

[1 occurrence(s)]
WARNING --> FORECAST: missing data for BROS 5m

[1 occurrence(s)]
WARNING --> FORECAST: missing data for ELVN 5m

[1 occurrence(s)]
WARNING --> FORECAST: missing data for EOSE 5m

[1 occurrence(s)]
WARNING --> FORECAST: missing data for LILAK 5m

[1 occurrence(s)]
WARNING --> FORECAST: missing data for MMYT 5m

[1 occurrence(s)]
WARNING --> FORECAST: missing data for NWS 5m

[1 occurrence(s)]
WARNING --> FORECAST: missing data for PFLT 5m

[1 occurrence(s)]
WARNING --> FORECAST: missing data for TFII 5m

[1 occurrence(s)]
WARNING --> FORECAST: missing data for CNC 5m

[7 occurrence(s)]
WARNING --> FORECAST: missing data for GD 5m

[1 occurrence(s)]
WARNING --> FORECAST: missing data for K 5m

[3 occurrence(s)]
WARNING --> FORECAST: missing data for AAL 5m

[4 occurrence(s)]
WARNING --> FORECAST: missing data for PH 5m

[3 occurrence(s)]
WARNING --> FORECAST: missing data for RCL 5m

[3 occurrence(s)]
WARNING --> FORECAST: missing data for AES 5m

[3 occurrence(s)]
WARNING --> FORECAST: missing data for APG 5m

[1 occurrence(s)]
WARNING --> FORECAST: missing data for BIP 5m

[1 occurrence(s)]
WARNING --> FORECAST: missing data for CHKP 5m

[1 occurrence(s)]
WARNING --> FORECAST: missing data for CLNE 5m

[1 occurrence(s)]
WARNING --> FORECAST: missing data for CPA 5m

[1 occurrence(s)]
WARNING --> FORECAST: missing data for DCO 5m

[1 occurrence(s)]
WARNING --> FORECAST: missing data for ENS 5m

[1 occurrence(s)]
WARNING --> FORECAST: missing data for IBTA 5m

[1 occurrence(s)]
WARNING --> FORECAST: missing data for KURA 5m

[2 occurrence(s)]
WARNING --> FORECAST: missing data for LEVI 5m

[1 occurrence(s)]
WARNING --> FORECAST: missing data for LSCC 5m

[1 occurrence(s)]
WARNING --> FORECAST: missing data for NABL 5m

[2 occurrence(s)]
WARNING --> FORECAST: missing data for OXM 5m

[1 occurrence(s)]
WARNING --> FORECAST: missing data for PHIN 5m

[1 occurrence(s)]
WARNING --> FORECAST: missing data for ZYME 5m

[1 occurrence(s)]
WARNING --> FORECAST: missing data for BMI 5m

[1 occurrence(s)]
WARNING --> FORECAST: missing data for FRHC 5m

[1 occurrence(s)]
WARNING --> FORECAST: missing data for AIP 5m

[1 occurrence(s)]
WARNING --> ensureTickerExists: no Alpha Vantage symbol matches found for BMLPJ.

[1 occurrence(s)]
WARNING --> ⚠️ Skipping BMLPJ; unable to verify ticker existence.

[1 occurrence(s)]
WARNING --> FORECAST: missing data for BSLK 5m

[1 occurrence(s)]
WARNING --> FORECAST: missing data for FOXX 5m

[1 occurrence(s)]
WARNING --> FORECAST: missing data for ABR 5m

[2 occurrence(s)]
WARNING --> FORECAST: missing data for AMKR 5m

[1 occurrence(s)]
WARNING --> FORECAST: missing data for BKD 5m

[1 occurrence(s)]
WARNING --> FORECAST: missing data for CERT 5m

[1 occurrence(s)]
WARNING --> FORECAST: missing data for CXW 5m

[3 occurrence(s)]
WARNING --> FORECAST: missing data for DASH 5m

[2 occurrence(s)]
WARNING --> FORECAST: missing data for DMAC 5m

[1 occurrence(s)]
WARNING --> FORECAST: missing data for EIX 5m

[1 occurrence(s)]
WARNING --> FORECAST: missing data for FDX 5m

[1 occurrence(s)]
WARNING --> FORECAST: missing data for HCAT 5m

[1 occurrence(s)]
WARNING --> FORECAST: missing data for IGT 5m

[1 occurrence(s)]
WARNING --> FORECAST: missing data for J 5m

[2 occurrence(s)]
WARNING --> FORECAST: missing data for KGC 5m

[3 occurrence(s)]
WARNING --> FORECAST: missing data for KVUE 5m

[3 occurrence(s)]
WARNING --> FORECAST: missing data for LESL 5m

[1 occurrence(s)]
WARNING --> FORECAST: missing data for LMB 5m

[1 occurrence(s)]
WARNING --> FORECAST: missing data for OSW 5m

[1 occurrence(s)]
WARNING --> FORECAST: missing data for PENG 5m

[3 occurrence(s)]
WARNING --> FORECAST: missing data for PLD 5m

[2 occurrence(s)]
WARNING --> FORECAST: missing data for SVM 5m

[1 occurrence(s)]
WARNING --> FORECAST: missing data for TRIP 5m

[1 occurrence(s)]
WARNING --> FORECAST: missing data for AGI 5m

[1 occurrence(s)]
WARNING --> FORECAST: missing data for ANGO 5m

[1 occurrence(s)]
WARNING --> FORECAST: missing data for BBNX 5m

[1 occurrence(s)]
WARNING --> FORECAST: missing data for BMRN 5m

[1 occurrence(s)]
WARNING --> FORECAST: missing data for BOX 5m

[1 occurrence(s)]
WARNING --> FORECAST: missing data for BSAC 5m

[2 occurrence(s)]
WARNING --> FORECAST: missing data for CRML 5m

[3 occurrence(s)]
WARNING --> FORECAST: missing data for DBRG 5m

[2 occurrence(s)]
WARNING --> FORECAST: missing data for DRH 5m

[1 occurrence(s)]
WARNING --> FORECAST: missing data for DXF 5m

[1 occurrence(s)]
WARNING --> FORECAST: missing data for EEFT 5m

[1 occurrence(s)]
WARNING --> FORECAST: missing data for GAB 5m

[1 occurrence(s)]
WARNING --> FORECAST: missing data for IMAX 5m

[4 occurrence(s)]
WARNING --> FORECAST: missing data for MSCI 5m

[1 occurrence(s)]
WARNING --> FORECAST: missing data for NOMD 5m

[1 occurrence(s)]
WARNING --> FORECAST: missing data for NTNX 5m

[2 occurrence(s)]
WARNING --> FORECAST: missing data for PBH 5m

[1 occurrence(s)]
WARNING --> FORECAST: missing data for PRAA 5m

[1 occurrence(s)]
WARNING --> FORECAST: missing data for SBAC 5m

[1 occurrence(s)]
WARNING --> FORECAST: missing data for SNDX 5m

[1 occurrence(s)]
WARNING --> FORECAST: missing data for SPWH 5m

[1 occurrence(s)]
WARNING --> FORECAST: missing data for UI 5m

[1 occurrence(s)]
WARNING --> FORECAST: missing data for WH 5m

[2 occurrence(s)]
WARNING --> FORECAST: missing data for WPM 5m

[6 occurrence(s)]
WARNING --> FORECAST: missing data for ZM 5m

[1 occurrence(s)]
WARNING --> FORECAST: missing data for MS 5m

[2 occurrence(s)]
WARNING --> FORECAST: missing data for XYZ 5m

[1 occurrence(s)]
WARNING --> FORECAST: missing data for GBX 5m

[2 occurrence(s)]
WARNING --> FORECAST: missing data for ICE 5m

[1 occurrence(s)]
WARNING --> FORECAST: missing data for MORN 5m

[2 occurrence(s)]
WARNING --> FORECAST: missing data for NOVT 5m

[1 occurrence(s)]
WARNING --> FORECAST: missing data for WDFC 5m

[1 occurrence(s)]
WARNING --> FORECAST: missing data for OMC 5m

[2 occurrence(s)]
WARNING --> FORECAST: missing data for BMY 5m

[2 occurrence(s)]
WARNING --> FORECAST: missing data for KHC 5m

[2 occurrence(s)]
WARNING --> FORECAST: missing data for NVO 5m

[1 occurrence(s)]
WARNING --> FORECAST: missing data for UBER 5m

[1 occurrence(s)]
WARNING --> FORECAST: missing data for BZAI 5m

[2 occurrence(s)]
WARNING --> FORECAST: missing data for CAPR 5m

[2 occurrence(s)]
WARNING --> FORECAST: missing data for ENVX 5m

[1 occurrence(s)]
WARNING --> FORECAST: missing data for G 5m

[1 occurrence(s)]
WARNING --> FORECAST: missing data for GBCI 5m

[1 occurrence(s)]
WARNING --> FORECAST: missing data for HNI 5m

[1 occurrence(s)]
WARNING --> FORECAST: missing data for KWR 5m

[1 occurrence(s)]
WARNING --> FORECAST: missing data for LAC 5m

[1 occurrence(s)]
WARNING --> FORECAST: missing data for MAN 5m

[1 occurrence(s)]
WARNING --> FORECAST: missing data for MOG 5m

[1 occurrence(s)]
WARNING --> FORECAST: missing data for ORI 5m

[2 occurrence(s)]
WARNING --> FORECAST: missing data for OTTR 5m

[1 occurrence(s)]
WARNING --> FORECAST: missing data for OWL 5m

[1 occurrence(s)]
WARNING --> FORECAST: missing data for PMTV 5m

[1 occurrence(s)]
WARNING --> FORECAST: missing data for QRVO 5m

[1 occurrence(s)]
WARNING --> FORECAST: missing data for RGLD 5m

[1 occurrence(s)]
WARNING --> FORECAST: missing data for SANM 5m

[1 occurrence(s)]
WARNING --> FORECAST: missing data for SEI 5m

[1 occurrence(s)]
WARNING --> FORECAST: missing data for TGNA 5m

[1 occurrence(s)]
WARNING --> FORECAST: missing data for UHS 5m

[1 occurrence(s)]
WARNING --> FORECAST: missing data for AAON 5m

[1 occurrence(s)]
WARNING --> FORECAST: missing data for ACRE 5m

[1 occurrence(s)]
WARNING --> FORECAST: missing data for AGX 5m

[2 occurrence(s)]
WARNING --> FORECAST: missing data for ALIT 5m

[1 occurrence(s)]
WARNING --> FORECAST: missing data for AUPH 5m

[1 occurrence(s)]
WARNING --> FORECAST: missing data for AVPT 5m

[1 occurrence(s)]
WARNING --> FORECAST: missing data for BANC 5m

[1 occurrence(s)]
WARNING --> FORECAST: missing data for BECN 5m

[2 occurrence(s)]
WARNING --> FORECAST: missing data for BMO 5m

[3 occurrence(s)]
WARNING --> FORECAST: missing data for BX 5m

[2 occurrence(s)]
WARNING --> FORECAST: missing data for BYON 5m

[1 occurrence(s)]
WARNING --> FORECAST: missing data for CFR 5m

[1 occurrence(s)]
WARNING --> FORECAST: missing data for CIGI 5m

[2 occurrence(s)]
WARNING --> FORECAST: missing data for COLD 5m

[1 occurrence(s)]
WARNING --> FORECAST: missing data for CRC 5m

[1 occurrence(s)]
WARNING --> FORECAST: missing data for CSQ 5m

[1 occurrence(s)]
WARNING --> FORECAST: missing data for CVBF 5m

[1 occurrence(s)]
WARNING --> FORECAST: missing data for CVLT 5m

[1 occurrence(s)]
WARNING --> FORECAST: missing data for DOV 5m

[1 occurrence(s)]
WARNING --> FORECAST: missing data for ENR 5m

[1 occurrence(s)]
WARNING --> FORECAST: missing data for ESTA 5m

[1 occurrence(s)]
WARNING --> FORECAST: missing data for EXPO 5m

[1 occurrence(s)]
WARNING --> FORECAST: missing data for FELE 5m

[1 occurrence(s)]
WARNING --> FORECAST: missing data for FHI 5m

[1 occurrence(s)]
WARNING --> FORECAST: missing data for FLO 5m

[1 occurrence(s)]
WARNING --> FORECAST: missing data for FMC 5m

[2 occurrence(s)]
WARNING --> FORECAST: missing data for FULT 5m

[1 occurrence(s)]
WARNING --> FORECAST: missing data for GHC 5m

[2 occurrence(s)]
WARNING --> FORECAST: missing data for GL 5m

[4 occurrence(s)]
WARNING --> FORECAST: missing data for GWW 5m

[1 occurrence(s)]
WARNING --> FORECAST: missing data for HAYW 5m

[1 occurrence(s)]
WARNING --> FORECAST: missing data for HOG 5m

[1 occurrence(s)]
WARNING --> FORECAST: missing data for HSIC 5m

[1 occurrence(s)]
WARNING --> FORECAST: missing data for HST 5m

[1 occurrence(s)]
WARNING --> FORECAST: missing data for HTBK 5m

[3 occurrence(s)]
WARNING --> FORECAST: missing data for INFY 5m

[1 occurrence(s)]
WARNING --> FORECAST: missing data for LKQ 5m

[3 occurrence(s)]
WARNING --> FORECAST: missing data for LOPE 5m

[2 occurrence(s)]
WARNING --> FORECAST: missing data for M 5m

[1 occurrence(s)]
WARNING --> FORECAST: missing data for MFG 5m

[3 occurrence(s)]
WARNING --> FORECAST: missing data for MKC 5m

[1 occurrence(s)]
WARNING --> FORECAST: missing data for MKSI 5m

[1 occurrence(s)]
WARNING --> FORECAST: missing data for MPW 5m

[1 occurrence(s)]
WARNING --> FORECAST: missing data for MSM 5m

[1 occurrence(s)]
WARNING --> FORECAST: missing data for NJR 5m

[1 occurrence(s)]
WARNING --> FORECAST: missing data for ONB 5m

[1 occurrence(s)]
WARNING --> FORECAST: missing data for PATK 5m

[1 occurrence(s)]
WARNING --> FORECAST: missing data for PDM 5m

[3 occurrence(s)]
WARNING --> FORECAST: missing data for PM 5m

[1 occurrence(s)]
WARNING --> FORECAST: missing data for PPC 5m

[1 occurrence(s)]
WARNING --> FORECAST: missing data for RCI 5m

[1 occurrence(s)]
WARNING --> FORECAST: missing data for REVG 5m

[1 occurrence(s)]
WARNING --> FORECAST: missing data for SF 5m

[1 occurrence(s)]
WARNING --> FORECAST: missing data for SFD 5m

[1 occurrence(s)]
WARNING --> FORECAST: missing data for SPXC 5m

[1 occurrence(s)]
WARNING --> FORECAST: missing data for STWD 5m

[3 occurrence(s)]
WARNING --> FORECAST: missing data for SYF 5m

[1 occurrence(s)]
WARNING --> FORECAST: missing data for TCBI 5m

[1 occurrence(s)]
WARNING --> FORECAST: missing data for TEI 5m

[1 occurrence(s)]
WARNING --> FORECAST: missing data for TIL 5m

[1 occurrence(s)]
WARNING --> FORECAST: missing data for TNC 5m

[1 occurrence(s)]
WARNING --> ensureTickerExists: no Alpha Vantage symbol matches found for TPA.

[1 occurrence(s)]
WARNING --> ⚠️ Skipping TPA; unable to verify ticker existence.

[1 occurrence(s)]
WARNING --> FORECAST: missing data for VLY 5m

[1 occurrence(s)]
WARNING --> FORECAST: missing data for VRA 5m

[1 occurrence(s)]
WARNING --> FORECAST: missing data for WAFD 5m

[1 occurrence(s)]
WARNING --> FORECAST: missing data for XYL 5m

[3 occurrence(s)]
WARNING --> FORECAST: missing data for NU 5m

[3 occurrence(s)]
WARNING --> FORECAST: missing data for STZ 5m

[1 occurrence(s)]
WARNING --> FORECAST: missing data for TDOC 5m

[1 occurrence(s)]
WARNING --> FORECAST: missing data for HUM 5m

[2 occurrence(s)]
WARNING --> FORECAST: missing data for REGN 5m

[5 occurrence(s)]
WARNING --> FORECAST: missing data for DG 5m

[1 occurrence(s)]
WARNING --> FORECAST: missing data for KNSL 5m

[1 occurrence(s)]
WARNING --> FORECAST: missing data for LEGH 5m

[4 occurrence(s)]
WARNING --> FORECAST: missing data for CBRE 5m

[1 occurrence(s)]
WARNING --> FORECAST: missing data for NCLH 5m

[1 occurrence(s)]
WARNING --> FORECAST: missing data for VRTX 5m

[1 occurrence(s)]
WARNING --> FORECAST: missing data for ASGN 5m

[1 occurrence(s)]
WARNING --> FORECAST: missing data for AUB 5m

[1 occurrence(s)]
WARNING --> FORECAST: missing data for AYI 5m

[2 occurrence(s)]
WARNING --> FORECAST: missing data for AZO 5m

[1 occurrence(s)]
WARNING --> FORECAST: missing data for BKU 5m

[1 occurrence(s)]
WARNING --> FORECAST: missing data for BXSL 5m

[1 occurrence(s)]
WARNING --> FORECAST: missing data for CHD 5m

[1 occurrence(s)]
WARNING --> FORECAST: missing data for CIK 5m

[1 occurrence(s)]
WARNING --> FORECAST: missing data for EAF 5m

[2 occurrence(s)]
WARNING --> FORECAST: missing data for ECAT 5m

[1 occurrence(s)]
WARNING --> FORECAST: missing data for ENVA 5m

[1 occurrence(s)]
WARNING --> FORECAST: missing data for ESRT 5m

[1 occurrence(s)]
WARNING --> FORECAST: missing data for EVRG 5m

[1 occurrence(s)]
WARNING --> FORECAST: missing data for FCNCA 5m

[2 occurrence(s)]
WARNING --> FORECAST: missing data for FIVN 5m

[1 occurrence(s)]
WARNING --> FORECAST: missing data for HOMB 5m

[1 occurrence(s)]
WARNING --> FORECAST: missing data for HUBG 5m

[1 occurrence(s)]
WARNING --> FORECAST: missing data for IBP 5m

[1 occurrence(s)]
WARNING --> FORECAST: missing data for JFR 5m

[1 occurrence(s)]
WARNING --> FORECAST: missing data for JKHY 5m

[1 occurrence(s)]
WARNING --> FORECAST: missing data for LC 5m

[4 occurrence(s)]
WARNING --> FORECAST: missing data for MDT 5m

[1 occurrence(s)]
WARNING --> FORECAST: missing data for MP 5m

[2 occurrence(s)]
WARNING --> FORECAST: missing data for NMIH 5m

[1 occurrence(s)]
WARNING --> FORECAST: missing data for NVST 5m

[1 occurrence(s)]
WARNING --> FORECAST: missing data for PFSI 5m

[1 occurrence(s)]
WARNING --> FORECAST: missing data for PRGO 5m

[1 occurrence(s)]
WARNING --> FORECAST: missing data for RELX 5m

[1 occurrence(s)]
WARNING --> FORECAST: missing data for SAM 5m

[1 occurrence(s)]
WARNING --> FORECAST: missing data for VRTS 5m

[1 occurrence(s)]
WARNING --> FORECAST: missing data for WKC 5m

[1 occurrence(s)]
WARNING --> FORECAST: missing data for XHR 5m

[4 occurrence(s)]
WARNING --> FORECAST: missing data for BIRK 5m

[2 occurrence(s)]
WARNING --> FORECAST: missing data for EL 5m

[5 occurrence(s)]
WARNING --> FORECAST: missing data for GRAB 5m

[2 occurrence(s)]
WARNING --> FORECAST: missing data for LVS 5m

[2 occurrence(s)]
WARNING --> FORECAST: missing data for WCN 5m

[1 occurrence(s)]
WARNING --> FORECAST: missing data for WYNN 5m

[31 occurrence(s)]
WARNING --> AlphaVantage rate limit notice: We have detected your API key as 676X0XZU2C4PKEVN and our standard API rate limit is 25 requests per day. Please subscribe to any of the premium plans at https://www.alphavantage.co/premium/ to instantly remove all daily rate limits.

[30 occurrence(s)]
WARNING --> AlphaVantage rate limit notice: We have detected your API key as K8MBGU98MTNKCYUE and our standard API rate limit is 25 requests per day. Please subscribe to any of the premium plans at https://www.alphavantage.co/premium/ to instantly remove all daily rate limits.

[29 occurrence(s)]
WARNING --> AlphaVantage rate limit notice: We have detected your API key as 8O1LJO4DKARM4132 and our standard API rate limit is 25 requests per day. Please subscribe to any of the premium plans at https://www.alphavantage.co/premium/ to instantly remove all daily rate limits.

[30 occurrence(s)]
WARNING --> AlphaVantage rate limit notice: We have detected your API key as L5OQIW3RSLBBTMTH and our standard API rate limit is 25 requests per day. Please subscribe to any of the premium plans at https://www.alphavantage.co/premium/ to instantly remove all daily rate limits.

[29 occurrence(s)]
WARNING --> AlphaVantage rate limit notice: We have detected your API key as 70BOHXX3E6JX9H88 and our standard API rate limit is 25 requests per day. Please subscribe to any of the premium plans at https://www.alphavantage.co/premium/ to instantly remove all daily rate limits.

[1 occurrence(s)]
WARNING --> FORECAST: missing data for ACGL 5m

[2 occurrence(s)]
WARNING --> FORECAST: missing data for ADT 5m

[2 occurrence(s)]
WARNING --> FORECAST: missing data for AFL 5m

[2 occurrence(s)]
WARNING --> FORECAST: missing data for AGH 5m

[1 occurrence(s)]
WARNING --> FORECAST: missing data for AGO 5m

[2 occurrence(s)]
WARNING --> FORECAST: missing data for AIG 5m

[3 occurrence(s)]
WARNING --> FORECAST: missing data for ANSS 5m

[1 occurrence(s)]
WARNING --> FORECAST: missing data for APA 5m

[1 occurrence(s)]
WARNING --> FORECAST: missing data for ARI 5m

[1 occurrence(s)]
WARNING --> FORECAST: missing data for ATEC 5m

[1 occurrence(s)]
WARNING --> FORECAST: missing data for ATO 5m

[1 occurrence(s)]
WARNING --> FORECAST: missing data for AVNS 5m

[1 occurrence(s)]
WARNING --> FORECAST: missing data for AVTR 5m

[1 occurrence(s)]
WARNING --> FORECAST: missing data for AXS 5m

[1 occurrence(s)]
WARNING --> FORECAST: missing data for AXTA 5m

[1 occurrence(s)]
WARNING --> FORECAST: missing data for BATRA 5m

[1 occurrence(s)]
WARNING --> FORECAST: missing data for BATRK 5m

[2 occurrence(s)]
WARNING --> FORECAST: missing data for BF 5m

[2 occurrence(s)]
WARNING --> FORECAST: missing data for B 5m

[1 occurrence(s)]
WARNING --> FORECAST: missing data for BLMN 5m

[1 occurrence(s)]
WARNING --> FORECAST: missing data for BLW 5m

[1 occurrence(s)]
WARNING --> FORECAST: missing data for BNS 5m

[2 occurrence(s)]
WARNING --> FORECAST: missing data for BSX 5m

[1 occurrence(s)]
WARNING --> FORECAST: missing data for BV 5m

[1 occurrence(s)]
WARNING --> FORECAST: missing data for CASH 5m

[3 occurrence(s)]
WARNING --> FORECAST: missing data for CAT 5m

[5 occurrence(s)]
WARNING --> FORECAST: missing data for CB 5m

[1 occurrence(s)]
WARNING --> FORECAST: missing data for CBSH 5m

[1 occurrence(s)]
WARNING --> FORECAST: missing data for CBU 5m

[1 occurrence(s)]
WARNING --> FORECAST: missing data for CLX 5m

[2 occurrence(s)]
WARNING --> FORECAST: missing data for CMPO 5m

[2 occurrence(s)]
WARNING --> FORECAST: missing data for CNA 5m

[3 occurrence(s)]
WARNING --> FORECAST: missing data for CNI 5m

[1 occurrence(s)]
WARNING --> FORECAST: missing data for CPB 5m

[2 occurrence(s)]
WARNING --> FORECAST: missing data for CSL 5m

[1 occurrence(s)]
WARNING --> FORECAST: missing data for CSV 5m

[2 occurrence(s)]
WARNING --> FORECAST: missing data for D 5m

[2 occurrence(s)]
WARNING --> FORECAST: missing data for DHR 5m

[1 occurrence(s)]
WARNING --> FORECAST: missing data for DLX 5m

[2 occurrence(s)]
WARNING --> FORECAST: missing data for DNOW 5m

[1 occurrence(s)]
WARNING --> FORECAST: missing data for DNUT 5m

[1 occurrence(s)]
WARNING --> FORECAST: missing data for DVA 5m

[1 occurrence(s)]
WARNING --> FORECAST: missing data for EBC 5m

[2 occurrence(s)]
WARNING --> FORECAST: missing data for EG 5m

[1 occurrence(s)]
WARNING --> FORECAST: missing data for EGP 5m

[1 occurrence(s)]
WARNING --> FORECAST: missing data for ELS 5m

[2 occurrence(s)]
WARNING --> FORECAST: missing data for EQR 5m

[1 occurrence(s)]
WARNING --> FORECAST: missing data for EXG 5m

[2 occurrence(s)]
WARNING --> FORECAST: missing data for EYE 5m

[1 occurrence(s)]
WARNING --> FORECAST: missing data for FBRT 5m

[1 occurrence(s)]
WARNING --> FORECAST: missing data for FDUS 5m

[1 occurrence(s)]
WARNING --> FORECAST: missing data for FFIN 5m

[1 occurrence(s)]
WARNING --> FORECAST: missing data for FIBK 5m

[1 occurrence(s)]
WARNING --> FORECAST: missing data for FNB 5m

[2 occurrence(s)]
WARNING --> FORECAST: missing data for GBDC 5m

[1 occurrence(s)]
WARNING --> FORECAST: missing data for GCI 5m

[1 occurrence(s)]
WARNING --> FORECAST: missing data for GCO 5m

[1 occurrence(s)]
WARNING --> FORECAST: missing data for GEL 5m

[1 occurrence(s)]
WARNING --> FORECAST: missing data for GFI 5m

[7 occurrence(s)]
WARNING --> FORECAST: missing data for GOOG 5m

[1 occurrence(s)]
WARNING --> FORECAST: missing data for GPCR 5m

[3 occurrence(s)]
WARNING --> FORECAST: missing data for GSK 5m

[1 occurrence(s)]
WARNING --> FORECAST: missing data for GSM 5m

[2 occurrence(s)]
WARNING --> FORECAST: missing data for GTX 5m

[1 occurrence(s)]
WARNING --> FORECAST: missing data for HAS 5m

[2 occurrence(s)]
WARNING --> FORECAST: missing data for HIG 5m

[1 occurrence(s)]
WARNING --> FORECAST: missing data for HMN 5m

[1 occurrence(s)]
WARNING --> FORECAST: missing data for HOLX 5m

[2 occurrence(s)]
WARNING --> FORECAST: missing data for HR 5m

[1 occurrence(s)]
WARNING --> FORECAST: missing data for HTH 5m

[1 occurrence(s)]
WARNING --> FORECAST: missing data for HYT 5m

[1 occurrence(s)]
WARNING --> FORECAST: missing data for IBN 5m

[1 occurrence(s)]
WARNING --> FORECAST: missing data for IGR 5m

[1 occurrence(s)]
WARNING --> FORECAST: missing data for IHG 5m

[2 occurrence(s)]
WARNING --> FORECAST: missing data for IRT 5m

[1 occurrence(s)]
WARNING --> FORECAST: missing data for JBI 5m

[1 occurrence(s)]
WARNING --> FORECAST: missing data for KBH 5m

[3 occurrence(s)]
WARNING --> FORECAST: missing data for KR 5m

[1 occurrence(s)]
WARNING --> FORECAST: missing data for L 5m

[2 occurrence(s)]
WARNING --> FORECAST: missing data for LBTYA 5m

[4 occurrence(s)]
WARNING --> FORECAST: missing data for LEN 5m

[1 occurrence(s)]
WARNING --> FORECAST: missing data for LNC 5m

[1 occurrence(s)]
WARNING --> FORECAST: missing data for FT 5m

[1 occurrence(s)]
WARNING --> FORECAST: missing data for FAST 5m

[9 occurrence(s)]
WARNING --> FORECAST: missing data for GOOGL 5m

[3 occurrence(s)]
WARNING --> FORECAST: missing data for IBM 5m

[1 occurrence(s)]
WARNING --> FORECAST: missing data for MAR 5m

[4 occurrence(s)]
WARNING --> FORECAST: missing data for SO 5m

[3 occurrence(s)]
WARNING --> FORECAST: missing data for WAB 5m

[1 occurrence(s)]
WARNING --> FORECAST: missing data for ALLE 5m

[1 occurrence(s)]
WARNING --> FORECAST: missing data for APD 5m

[2 occurrence(s)]
WARNING --> FORECAST: missing data for BIIB 5m

[1 occurrence(s)]
WARNING --> FORECAST: missing data for DKNG 5m

[1 occurrence(s)]
WARNING --> FORECAST: missing data for EMR 5m

[1 occurrence(s)]
WARNING --> FORECAST: missing data for ETR 5m

[2 occurrence(s)]
WARNING --> FORECAST: missing data for FIS 5m

[2 occurrence(s)]
WARNING --> FORECAST: missing data for FLR 5m

[3 occurrence(s)]
WARNING --> FORECAST: missing data for GEHC 5m

[1 occurrence(s)]
WARNING --> FORECAST: missing data for GM 5m

[1 occurrence(s)]
WARNING --> FORECAST: missing data for INTU 5m

[1 occurrence(s)]
WARNING --> FORECAST: missing data for IP 5m

[1 occurrence(s)]
WARNING --> FORECAST: missing data for NICE 5m

[1 occurrence(s)]
WARNING --> FORECAST: missing data for NRG 5m

[1 occurrence(s)]
WARNING --> FORECAST: missing data for PRU 5m

[1 occurrence(s)]
WARNING --> FORECAST: missing data for ROST 5m

[2 occurrence(s)]
WARNING --> FORECAST: missing data for TAP 5m

[1 occurrence(s)]
WARNING --> FORECAST: missing data for TLN 5m

[1 occurrence(s)]
WARNING --> FORECAST: missing data for TRGP 5m

[1 occurrence(s)]
WARNING --> FORECAST: missing data for TRV 5m

[1 occurrence(s)]
WARNING --> FORECAST: missing data for VTR 5m

[1 occurrence(s)]
WARNING --> FORECAST: missing data for WAY 5m

[2 occurrence(s)]
WARNING --> FORECAST: missing data for WM 5m

[1 occurrence(s)]
WARNING --> FORECAST: missing data for XEL 5m

[1 occurrence(s)]
WARNING --> FORECAST: missing data for ACCD 5m

[1 occurrence(s)]
WARNING --> FORECAST: missing data for ADTN 5m

[2 occurrence(s)]
WARNING --> FORECAST: missing data for AMBC 5m

[2 occurrence(s)]
WARNING --> FORECAST: missing data for ARRY 5m

[2 occurrence(s)]
WARNING --> FORECAST: missing data for ATMU 5m

[1 occurrence(s)]
WARNING --> FORECAST: missing data for CCSI 5m

[3 occurrence(s)]
WARNING --> FORECAST: missing data for CHDN 5m

[2 occurrence(s)]
WARNING --> FORECAST: missing data for CHH 5m

[4 occurrence(s)]
WARNING --> FORECAST: missing data for CNR 5m

[2 occurrence(s)]
WARNING --> FORECAST: missing data for CTSH 5m

[2 occurrence(s)]
WARNING --> FORECAST: missing data for DGII 5m

[3 occurrence(s)]
WARNING --> FORECAST: missing data for DHI 5m

[5 occurrence(s)]
WARNING --> FORECAST: missing data for ED 5m

[2 occurrence(s)]
WARNING --> FORECAST: missing data for ERIE 5m

[2 occurrence(s)]
WARNING --> FORECAST: missing data for ETNB 5m

[3 occurrence(s)]
WARNING --> FORECAST: missing data for EXC 5m

[1 occurrence(s)]
WARNING --> FORECAST: missing data for FCX 5m

[6 occurrence(s)]
WARNING --> FORECAST: missing data for FFIV 5m

[1 occurrence(s)]
WARNING --> FORECAST: missing data for FL 5m

[2 occurrence(s)]
WARNING --> FORECAST: missing data for GEN 5m

[1 occurrence(s)]
WARNING --> FORECAST: missing data for GEO 5m

[4 occurrence(s)]
WARNING --> FORECAST: missing data for GWRE 5m

[1 occurrence(s)]
WARNING --> FORECAST: missing data for HESM 5m

[2 occurrence(s)]
WARNING --> FORECAST: missing data for HOV 5m

[1 occurrence(s)]
WARNING --> FORECAST: missing data for KVYO 5m

[4 occurrence(s)]
WARNING --> FORECAST: missing data for LW 5m

[1 occurrence(s)]
WARNING --> FORECAST: missing data for MD 5m

[6 occurrence(s)]
WARNING --> FORECAST: missing data for MDGL 5m

[2 occurrence(s)]
WARNING --> FORECAST: missing data for NGVC 5m

[2 occurrence(s)]
WARNING --> FORECAST: missing data for NSIT 5m

[4 occurrence(s)]
WARNING --> FORECAST: missing data for NVR 5m

[2 occurrence(s)]
WARNING --> FORECAST: missing data for PGC 5m

[1 occurrence(s)]
WARNING --> FORECAST: missing data for PLAY 5m

[1 occurrence(s)]
WARNING --> FORECAST: missing data for QURE 5m

[2 occurrence(s)]
WARNING --> FORECAST: missing data for SITC 5m

[2 occurrence(s)]
WARNING --> FORECAST: missing data for SKWD 5m

[3 occurrence(s)]
WARNING --> FORECAST: missing data for SOBO 5m

[6 occurrence(s)]
WARNING --> FORECAST: missing data for SYK 5m

[2 occurrence(s)]
WARNING --> FORECAST: missing data for TALO 5m

[2 occurrence(s)]
WARNING --> FORECAST: missing data for TENB 5m

[2 occurrence(s)]
WARNING --> FORECAST: missing data for TMUS 5m

[1 occurrence(s)]
WARNING --> FORECAST: missing data for TTEK 5m

[2 occurrence(s)]
WARNING --> FORECAST: missing data for TTWO 5m

[2 occurrence(s)]
WARNING --> FORECAST: missing data for TVTX 5m

[1 occurrence(s)]
WARNING --> FORECAST: missing data for VMAR 5m

[2 occurrence(s)]
WARNING --> FORECAST: missing data for WSR 5m

[1 occurrence(s)]
WARNING --> FORECAST: missing data for WU 5m

[3 occurrence(s)]
WARNING --> FORECAST: missing data for WVE 5m

[2 occurrence(s)]
WARNING --> FORECAST: missing data for WWD 5m

[1 occurrence(s)]
WARNING --> FORECAST: missing data for XNCR 5m

[1 occurrence(s)]
WARNING --> FORECAST: missing data for XOS 5m

[2 occurrence(s)]
WARNING --> FORECAST: missing data for YEXT 5m

[4 occurrence(s)]
WARNING --> FORECAST: missing data for MTN 5m

[2 occurrence(s)]
WARNING --> FORECAST: missing data for ACN 5m

[1 occurrence(s)]
WARNING --> FORECAST: missing data for AKAM 5m

[2 occurrence(s)]
WARNING --> FORECAST: missing data for ALLY 5m

[4 occurrence(s)]
WARNING --> FORECAST: missing data for BDX 5m

[1 occurrence(s)]
WARNING --> FORECAST: missing data for COST 5m

[1 occurrence(s)]
WARNING --> FORECAST: missing data for ELV 5m

[3 occurrence(s)]
WARNING --> FORECAST: missing data for KEY 5m

[1 occurrence(s)]
WARNING --> FORECAST: missing data for MAA 5m

[1 occurrence(s)]
WARNING --> FORECAST: missing data for SJM 5m

[1 occurrence(s)]
WARNING --> FORECAST: missing data for SPOT 5m

[1 occurrence(s)]
WARNING --> FORECAST: missing data for TT 5m

[2 occurrence(s)]
WARNING --> FORECAST: missing data for WAT 5m

[1 occurrence(s)]
WARNING --> FORECAST: missing data for WMT 5m

[2 occurrence(s)]
WARNING --> FORECAST: missing data for WTW 5m

[1 occurrence(s)]
WARNING --> FORECAST: missing data for YUM 5m

[2 occurrence(s)]
WARNING --> FORECAST: missing data for BYRN 5m

[1 occurrence(s)]
WARNING --> FORECAST: missing data for DHT 5m

[1 occurrence(s)]
WARNING --> FORECAST: missing data for FPI 5m

[1 occurrence(s)]
WARNING --> FORECAST: missing data for HLF 5m

[2 occurrence(s)]
WARNING --> FORECAST: missing data for IDYA 5m

[1 occurrence(s)]
WARNING --> FORECAST: missing data for MCW 5m

[2 occurrence(s)]
WARNING --> FORECAST: missing data for MNDR 5m

[2 occurrence(s)]
WARNING --> FORECAST: missing data for NOG 5m

[2 occurrence(s)]
WARNING --> FORECAST: missing data for PAXS 5m

[3 occurrence(s)]
WARNING --> FORECAST: missing data for RELY 5m

[1 occurrence(s)]
WARNING --> FORECAST: missing data for SM 5m

[1 occurrence(s)]
WARNING --> FORECAST: missing data for USB 5m

[3 occurrence(s)]
WARNING --> FORECAST: missing data for HON 5m

[1 occurrence(s)]
WARNING --> FORECAST: missing data for AMPL 5m

[2 occurrence(s)]
WARNING --> FORECAST: missing data for COLB 5m

[1 occurrence(s)]
WARNING --> FORECAST: missing data for CWAN 5m

[1 occurrence(s)]
WARNING --> FORECAST: missing data for KTOS 5m

[2 occurrence(s)]
WARNING --> FORECAST: missing data for LGF 5m

[1 occurrence(s)]
WARNING --> FORECAST: missing data for MATV 5m

[1 occurrence(s)]
WARNING --> FORECAST: missing data for MPLX 5m

[2 occurrence(s)]
WARNING --> FORECAST: missing data for TD 5m

[2 occurrence(s)]
WARNING --> FORECAST: missing data for UVSP 5m

[1 occurrence(s)]
WARNING --> FORECAST: missing data for VITL 5m

[2 occurrence(s)]
WARNING --> FORECAST: missing data for RILYM 5m

[3 occurrence(s)]
WARNING --> FORECAST: missing data for SMCI 5m

[4 occurrence(s)]
WARNING --> FORECAST: missing data for MSTR 5m

[2 occurrence(s)]
WARNING --> FORECAST: missing data for CYCU 5m

[4 occurrence(s)]
WARNING --> FORECAST: missing data for INTC 5m

[4 occurrence(s)]
WARNING --> FORECAST: missing data for SOFI 5m

[4 occurrence(s)]
WARNING --> FORECAST: missing data for BABA 5m

[1 occurrence(s)]
WARNING --> FORECAST: missing data for WOK 5m

[4 occurrence(s)]
WARNING --> FORECAST: missing data for PDD 5m

[3 occurrence(s)]
WARNING --> FORECAST: missing data for BIDU 5m

[6 occurrence(s)]
WARNING --> FORECAST: missing data for FUTU 5m

[5 occurrence(s)]
WARNING --> FORECAST: missing data for XPEV 5m

[2 occurrence(s)]
WARNING --> FORECAST: missing data for JD 5m

[2 occurrence(s)]
WARNING --> FORECAST: missing data for SNOW 5m

[4 occurrence(s)]
WARNING --> FORECAST: missing data for BILI 5m

[2 occurrence(s)]
WARNING --> FORECAST: missing data for LI 5m

[5 occurrence(s)]
WARNING --> FORECAST: missing data for U 5m

[3 occurrence(s)]
WARNING --> FORECAST: missing data for CCJ 5m

[2 occurrence(s)]
WARNING --> FORECAST: missing data for BHP 5m

[3 occurrence(s)]
WARNING --> FORECAST: missing data for NBIS 5m

[4 occurrence(s)]
WARNING --> FORECAST: missing data for MU 5m

[2 occurrence(s)]
WARNING --> FORECAST: missing data for OKLO 5m

[2 occurrence(s)]
WARNING --> FORECAST: missing data for ON 5m

[1 occurrence(s)]
WARNING --> FORECAST: missing data for APTO 5m

[1 occurrence(s)]
WARNING --> FORECAST: missing data for NIVF 5m

[2 occurrence(s)]
WARNING --> FORECAST: missing data for SOBR 5m

[1 occurrence(s)]
WARNING --> FORECAST: missing data for NEGG 5m

[2 occurrence(s)]
WARNING --> FORECAST: missing data for TOST 5m

[4 occurrence(s)]
WARNING --> FORECAST: missing data for AAOI 5m

[2 occurrence(s)]
WARNING --> FORECAST: missing data for HOLO 5m

[3 occurrence(s)]
WARNING --> FORECAST: missing data for RIVN 5m

[2 occurrence(s)]
WARNING --> FORECAST: missing data for W 5m

[4 occurrence(s)]
WARNING --> FORECAST: missing data for CVNA 5m

[1 occurrence(s)]
WARNING --> FORECAST: missing data for ARM 5m

[1 occurrence(s)]
WARNING --> FORECAST: missing data for CVS 5m

[2 occurrence(s)]
WARNING --> FORECAST: missing data for AFRM 5m

[1 occurrence(s)]
WARNING --> FORECAST: missing data for LCID 5m

[2 occurrence(s)]
WARNING --> FORECAST: missing data for RTX 5m

[2 occurrence(s)]
WARNING --> FORECAST: missing data for JPM 5m

[2 occurrence(s)]
WARNING --> FORECAST: missing data for MARA 5m

[2 occurrence(s)]
WARNING --> FORECAST: missing data for OSCR 5m

[2 occurrence(s)]
WARNING --> FORECAST: missing data for ADBE 5m

[2 occurrence(s)]
WARNING --> FORECAST: missing data for ADI 5m

[1 occurrence(s)]
WARNING --> FORECAST: missing data for ATHM 5m

[1 occurrence(s)]
WARNING --> FORECAST: missing data for BAC 5m

[1 occurrence(s)]
WARNING --> FORECAST: missing data for BIGC 5m

[1 occurrence(s)]
WARNING --> FORECAST: missing data for BLDR 5m

[2 occurrence(s)]
WARNING --> FORECAST: missing data for BORR 5m

[1 occurrence(s)]
WARNING --> FORECAST: missing data for BTDR 5m

[1 occurrence(s)]
WARNING --> FORECAST: missing data for BTG 5m

[1 occurrence(s)]
WARNING --> FORECAST: missing data for C 5m

[1 occurrence(s)]
WARNING --> FORECAST: missing data for CPNG 5m

[1 occurrence(s)]
WARNING --> FORECAST: missing data for DOW 5m

[1 occurrence(s)]
WARNING --> FORECAST: missing data for ENFN 5m

[1 occurrence(s)]
WARNING --> FORECAST: missing data for EQX 5m

[1 occurrence(s)]
WARNING --> FORECAST: missing data for ETSY 5m

[1 occurrence(s)]
WARNING --> FORECAST: missing data for FRSH 5m

[2 occurrence(s)]
WARNING --> FORECAST: missing data for GDDY 5m

[1 occurrence(s)]
WARNING --> FORECAST: missing data for HLN 5m

[1 occurrence(s)]
WARNING --> FORECAST: missing data for HMY 5m

[1 occurrence(s)]
WARNING --> FORECAST: missing data for HPE 5m

[1 occurrence(s)]
WARNING --> ensureTickerExists: no Alpha Vantage symbol matches found for HSPT.

[1 occurrence(s)]
WARNING --> ⚠️ Skipping HSPT; unable to verify ticker existence.

[1 occurrence(s)]
WARNING --> FORECAST: missing data for HVII 5m

[1 occurrence(s)]
WARNING --> FORECAST: missing data for LYFT 5m

[1 occurrence(s)]
WARNING --> FORECAST: missing data for LYV 5m

[1 occurrence(s)]
WARNING --> FORECAST: missing data for MNSO 5m

[2 occurrence(s)]
WARNING --> FORECAST: missing data for NVAX 5m

[1 occurrence(s)]
WARNING --> FORECAST: missing data for OGN 5m

[1 occurrence(s)]
WARNING --> FORECAST: missing data for ONC 5m

[1 occurrence(s)]
WARNING --> FORECAST: missing data for PDI 5m

[3 occurrence(s)]
WARNING --> FORECAST: missing data for RIG 5m

[2 occurrence(s)]
WARNING --> FORECAST: missing data for RS 5m

[1 occurrence(s)]
WARNING --> FORECAST: missing data for SABR 5m

[1 occurrence(s)]
WARNING --> FORECAST: missing data for SG 5m

[1 occurrence(s)]
WARNING --> FORECAST: missing data for UAA 5m

[1 occurrence(s)]
WARNING --> FORECAST: missing data for VAL 5m

[1 occurrence(s)]
WARNING --> FORECAST: missing data for WBA 5m

[1 occurrence(s)]
WARNING --> FORECAST: missing data for WST 5m

[1 occurrence(s)]
WARNING --> FORECAST: missing data for AA 5m

[1 occurrence(s)]
WARNING --> FORECAST: missing data for AG 5m

[1 occurrence(s)]
WARNING --> FORECAST: missing data for APTV 5m

[1 occurrence(s)]
WARNING --> FORECAST: missing data for BBD 5m

[1 occurrence(s)]
WARNING --> FORECAST: missing data for BUR 5m

[1 occurrence(s)]
WARNING --> FORECAST: missing data for CHWY 5m

[1 occurrence(s)]
WARNING --> FORECAST: missing data for COTY 5m

[1 occurrence(s)]
WARNING --> FORECAST: missing data for DRD 5m

[1 occurrence(s)]
WARNING --> FORECAST: missing data for E 5m

[1 occurrence(s)]
WARNING --> FORECAST: missing data for GFS 5m

[2 occurrence(s)]
WARNING --> FORECAST: missing data for GME 5m

[1 occurrence(s)]
WARNING --> FORECAST: missing data for GOTU 5m

[1 occurrence(s)]
WARNING --> FORECAST: missing data for HII 5m

[1 occurrence(s)]
WARNING --> FORECAST: missing data for HTZ 5m

[1 occurrence(s)]
WARNING --> FORECAST: missing data for IFN 5m

[1 occurrence(s)]
WARNING --> FORECAST: missing data for IMO 5m

[1 occurrence(s)]
WARNING --> FORECAST: missing data for JQC 5m

[1 occurrence(s)]
WARNING --> FORECAST: missing data for KALU 5m

[2 occurrence(s)]
WARNING --> FORECAST: missing data for KYN 5m

[1 occurrence(s)]
WARNING --> FORECAST: missing data for LAND 5m

[1 occurrence(s)]
WARNING --> FORECAST: missing data for NIU 5m

[1 occurrence(s)]
WARNING --> FORECAST: missing data for ORGN 5m

[1 occurrence(s)]
WARNING --> FORECAST: missing data for PAAS 5m

[1 occurrence(s)]
WARNING --> FORECAST: missing data for PDCO 5m

[1 occurrence(s)]
WARNING --> FORECAST: missing data for PLL 5m

[1 occurrence(s)]
WARNING --> FORECAST: missing data for QNCCF 5m

[1 occurrence(s)]
WARNING --> FORECAST: missing data for RETO 5m

[2 occurrence(s)]
WARNING --> FORECAST: missing data for SBUX 5m

[1 occurrence(s)]
WARNING --> FORECAST: missing data for SNPS 5m

[1 occurrence(s)]
WARNING --> FORECAST: missing data for SPCB 5m

[2 occurrence(s)]
WARNING --> FORECAST: missing data for TGB 5m

[1 occurrence(s)]
WARNING --> FORECAST: missing data for TMO 5m

[1 occurrence(s)]
WARNING --> FORECAST: missing data for TPC 5m

[2 occurrence(s)]
WARNING --> FORECAST: missing data for TRI 5m

[2 occurrence(s)]
WARNING --> FORECAST: missing data for UPS 5m

[1 occurrence(s)]
WARNING --> FORECAST: missing data for VET 5m

[1 occurrence(s)]
WARNING --> FORECAST: missing data for VVR 5m

[1 occurrence(s)]
WARNING --> FORECAST: missing data for BTU 5m

[1 occurrence(s)]
WARNING --> FORECAST: missing data for TNXP 5m

[1 occurrence(s)]
WARNING --> FORECAST: missing data for ARR 5m

[1 occurrence(s)]
WARNING --> FORECAST: missing data for CAKE 5m

[1 occurrence(s)]
WARNING --> FORECAST: missing data for DEA 5m

[1 occurrence(s)]
WARNING --> FORECAST: missing data for HHH 5m

[2 occurrence(s)]
WARNING --> FORECAST: missing data for IRM 5m

[1 occurrence(s)]
WARNING --> FORECAST: missing data for JELD 5m

[2 occurrence(s)]
WARNING --> FORECAST: missing data for MOD 5m

[1 occurrence(s)]
WARNING --> FORECAST: missing data for NGD 5m

[1 occurrence(s)]
WARNING --> FORECAST: missing data for NOK 5m

[1 occurrence(s)]
WARNING --> FORECAST: missing data for PGY 5m

[1 occurrence(s)]
WARNING --> FORECAST: missing data for RACE 5m

[1 occurrence(s)]
WARNING --> FORECAST: missing data for SHG 5m

[1 occurrence(s)]
WARNING --> FORECAST: missing data for VACH 5m

[1 occurrence(s)]
WARNING --> FORECAST: missing data for VOD 5m

[1 occurrence(s)]
WARNING --> FORECAST: missing data for ADTX 5m

[1 occurrence(s)]
WARNING --> FORECAST: missing data for AMPS 5m

[1 occurrence(s)]
WARNING --> FORECAST: missing data for BPMC 5m

[1 occurrence(s)]
WARNING --> FORECAST: missing data for CTLP 5m

[2 occurrence(s)]
WARNING --> FORECAST: missing data for DAC 5m

[1 occurrence(s)]
WARNING --> FORECAST: missing data for HEPS 5m

[1 occurrence(s)]
WARNING --> FORECAST: missing data for INTR 5m

[1 occurrence(s)]
WARNING --> FORECAST: missing data for KWE 5m

[1 occurrence(s)]
WARNING --> FORECAST: missing data for LPG 5m

[1 occurrence(s)]
WARNING --> FORECAST: missing data for MOH 5m

[1 occurrence(s)]
WARNING --> FORECAST: missing data for PSNY 5m

[1 occurrence(s)]
WARNING --> FORECAST: missing data for SENS 5m

[1 occurrence(s)]
WARNING --> FORECAST: missing data for SKBL 5m

[1 occurrence(s)]
WARNING --> FORECAST: missing data for SNRE 5m

[1 occurrence(s)]
WARNING --> FORECAST: missing data for STSS 5m

[2 occurrence(s)]
WARNING --> FORECAST: missing data for WDAY 5m

[1 occurrence(s)]
WARNING --> FORECAST: missing data for MXF 5m

[3 occurrence(s)]
WARNING --> FORECAST: missing data for EA 5m

[1 occurrence(s)]
WARNING --> FORECAST: missing data for RPRX 5m

[1 occurrence(s)]
WARNING --> FORECAST: missing data for ALC 5m

[1 occurrence(s)]
WARNING --> FORECAST: missing data for CGAU 5m

[1 occurrence(s)]
WARNING --> FORECAST: missing data for DAWN 5m

[2 occurrence(s)]
WARNING --> FORECAST: missing data for ECC 5m

[1 occurrence(s)]
WARNING --> FORECAST: missing data for HQH 5m

[1 occurrence(s)]
WARNING --> FORECAST: missing data for IAG 5m

[1 occurrence(s)]
WARNING --> FORECAST: missing data for JANX 5m

[1 occurrence(s)]
WARNING --> FORECAST: missing data for UEC 5m

[2 occurrence(s)]
WARNING --> FORECAST: missing data for VRNA 5m

[2 occurrence(s)]
WARNING --> FORECAST: missing data for NEM 5m

[2 occurrence(s)]
WARNING --> FORECAST: missing data for DUK 5m

[1 occurrence(s)]
WARNING --> FORECAST: missing data for POOL 5m

[1 occurrence(s)]
WARNING --> FORECAST: missing data for SLB 5m

[1 occurrence(s)]
WARNING --> FORECAST: missing data for ATIIU 5m

[1 occurrence(s)]
WARNING --> FORECAST: missing data for BCRX 5m

[2 occurrence(s)]
WARNING --> FORECAST: missing data for CARR 5m

[1 occurrence(s)]
WARNING --> FORECAST: missing data for COKE 5m

[1 occurrence(s)]
WARNING --> FORECAST: missing data for DNN 5m

[1 occurrence(s)]
WARNING --> FORECAST: missing data for EFC 5m

[1 occurrence(s)]
WARNING --> FORECAST: missing data for HIT 5m

[1 occurrence(s)]
WARNING --> FORECAST: missing data for NAT 5m

[1 occurrence(s)]
WARNING --> FORECAST: missing data for NG 5m

[1 occurrence(s)]
WARNING --> FORECAST: missing data for PLRX 5m

[1 occurrence(s)]
WARNING --> FORECAST: missing data for RDNT 5m

[1 occurrence(s)]
WARNING --> FORECAST: missing data for RSI 5m

[1 occurrence(s)]
WARNING --> FORECAST: missing data for SEPN 5m

[1 occurrence(s)]
WARNING --> FORECAST: missing data for STAA 5m

[1 occurrence(s)]
WARNING --> FORECAST: missing data for TXG 5m

[1 occurrence(s)]
WARNING --> FORECAST: missing data for AHCO 5m

[1 occurrence(s)]
WARNING --> FORECAST: missing data for ALKT 5m

[1 occurrence(s)]
WARNING --> FORECAST: missing data for AQST 5m

[1 occurrence(s)]
WARNING --> FORECAST: missing data for BDN 5m

[1 occurrence(s)]
WARNING --> FORECAST: missing data for EARN 5m

[1 occurrence(s)]
WARNING --> FORECAST: missing data for EC 5m

[1 occurrence(s)]
WARNING --> FORECAST: missing data for LGND 5m

[1 occurrence(s)]
WARNING --> FORECAST: missing data for NAC 5m

[1 occurrence(s)]
WARNING --> FORECAST: missing data for NKLA 5m

[1 occurrence(s)]
WARNING --> FORECAST: missing data for NPCE 5m

[1 occurrence(s)]
WARNING --> FORECAST: missing data for NUVL 5m

[1 occurrence(s)]
WARNING --> FORECAST: missing data for NXE 5m

[1 occurrence(s)]
WARNING --> FORECAST: missing data for PPG 5m

[1 occurrence(s)]
WARNING --> FORECAST: missing data for SAGE 5m

[2 occurrence(s)]
WARNING --> FORECAST: missing data for SBRA 5m

[1 occurrence(s)]
WARNING --> FORECAST: missing data for TEN 5m

[1 occurrence(s)]
WARNING --> FORECAST: missing data for UAN 5m

[1 occurrence(s)]
WARNING --> FORECAST: missing data for CCIX 5m

[1 occurrence(s)]
WARNING --> FORECAST: missing data for HELE 5m

[1 occurrence(s)]
WARNING --> FORECAST: missing data for MCRI 5m

[3 occurrence(s)]
WARNING --> FORECAST: missing data for MELI 5m

[1 occurrence(s)]
WARNING --> FORECAST: missing data for TMHC 5m

[1 occurrence(s)]
WARNING --> FORECAST: missing data for VG 5m

[3 occurrence(s)]
WARNING --> FORECAST: missing data for FTNT 5m

[3 occurrence(s)]
WARNING --> FORECAST: missing data for PINS 5m

[1 occurrence(s)]
WARNING --> FORECAST: missing data for AZN 5m

[1 occurrence(s)]
WARNING --> FORECAST: missing data for CURB 5m

[1 occurrence(s)]
WARNING --> FORECAST: missing data for DAR 5m

[1 occurrence(s)]
WARNING --> FORECAST: missing data for EXK 5m

[1 occurrence(s)]
WARNING --> FORECAST: missing data for GMED 5m

[1 occurrence(s)]
WARNING --> FORECAST: missing data for GOF 5m

[1 occurrence(s)]
WARNING --> FORECAST: missing data for HLIT 5m

[1 occurrence(s)]
WARNING --> FORECAST: missing data for ICON 5m

[1 occurrence(s)]
WARNING --> FORECAST: missing data for IONS 5m

[1 occurrence(s)]
WARNING --> FORECAST: missing data for IOSP 5m

[2 occurrence(s)]
WARNING --> FORECAST: missing data for LNG 5m

[2 occurrence(s)]
WARNING --> FORECAST: missing data for OVV 5m

[1 occurrence(s)]
WARNING --> FORECAST: missing data for PCT 5m

[1 occurrence(s)]
WARNING --> FORECAST: missing data for ACLX 5m

[1 occurrence(s)]
WARNING --> FORECAST: missing data for BBWI 5m

[1 occurrence(s)]
WARNING --> FORECAST: missing data for CDE 5m

[1 occurrence(s)]
WARNING --> FORECAST: missing data for COHU 5m

[1 occurrence(s)]
WARNING --> FORECAST: missing data for CSWC 5m

[1 occurrence(s)]
WARNING --> FORECAST: missing data for FARM 5m

[1 occurrence(s)]
WARNING --> FORECAST: missing data for GGAL 5m

[1 occurrence(s)]
WARNING --> FORECAST: missing data for GGG 5m

[1 occurrence(s)]
WARNING --> FORECAST: missing data for GLPG 5m

[1 occurrence(s)]
WARNING --> FORECAST: missing data for LOAR 5m

[1 occurrence(s)]
WARNING --> FORECAST: missing data for MGRE 5m

[2 occurrence(s)]
WARNING --> FORECAST: missing data for MIRM 5m

[1 occurrence(s)]
WARNING --> FORECAST: missing data for NN 5m

[1 occurrence(s)]
WARNING --> FORECAST: missing data for PAM 5m

[1 occurrence(s)]
WARNING --> FORECAST: missing data for PK 5m

[1 occurrence(s)]
WARNING --> FORECAST: missing data for RNA 5m

[2 occurrence(s)]
WARNING --> FORECAST: missing data for SLNO 5m

[1 occurrence(s)]
WARNING --> FORECAST: missing data for SSTK 5m

[1 occurrence(s)]
WARNING --> FORECAST: missing data for TGI 5m

[1 occurrence(s)]
WARNING --> FORECAST: missing data for TKR 5m

[1 occurrence(s)]
WARNING --> FORECAST: missing data for TTAN 5m

[1 occurrence(s)]
WARNING --> FORECAST: missing data for WCT 5m

[1 occurrence(s)]
WARNING --> FORECAST: missing data for BLBD 5m

[1 occurrence(s)]
WARNING --> FORECAST: missing data for CNTA 5m

[1 occurrence(s)]
WARNING --> FORECAST: missing data for DFIN 5m

[1 occurrence(s)]
WARNING --> FORECAST: missing data for INSG 5m

[1 occurrence(s)]
WARNING --> FORECAST: missing data for OI 5m

[1 occurrence(s)]
WARNING --> FORECAST: missing data for TDAC 5m

[1 occurrence(s)]
WARNING --> FORECAST: missing data for TITN 5m

[3 occurrence(s)]
WARNING --> FORECAST: missing data for DLTR 5m

[3 occurrence(s)]
WARNING --> FORECAST: missing data for UNP 5m

[1 occurrence(s)]
WARNING --> FORECAST: missing data for ALNY 5m

[1 occurrence(s)]
WARNING --> FORECAST: missing data for ARE 5m

[1 occurrence(s)]
WARNING --> FORECAST: missing data for AXTI 5m

[1 occurrence(s)]
WARNING --> FORECAST: missing data for BTE 5m

[1 occurrence(s)]
WARNING --> FORECAST: missing data for DK 5m

[1 occurrence(s)]
WARNING --> FORECAST: missing data for EPD 5m

[1 occurrence(s)]
WARNING --> FORECAST: missing data for HEES 5m

[1 occurrence(s)]
WARNING --> FORECAST: missing data for IMNM 5m

[1 occurrence(s)]
WARNING --> FORECAST: missing data for INR 5m

[1 occurrence(s)]
WARNING --> FORECAST: missing data for IRTC 5m

[1 occurrence(s)]
WARNING --> FORECAST: missing data for JOE 5m

[1 occurrence(s)]
WARNING --> FORECAST: missing data for LTH 5m

[1 occurrence(s)]
WARNING --> FORECAST: missing data for OHI 5m

[1 occurrence(s)]
WARNING --> FORECAST: missing data for STIM 5m

[1 occurrence(s)]
WARNING --> FORECAST: missing data for YETI 5m

[1 occurrence(s)]
WARNING --> FORECAST: missing data for ZIM 5m

[1 occurrence(s)]
WARNING --> FORECAST: missing data for NCDL 5m

[1 occurrence(s)]
WARNING --> FORECAST: missing data for TROW 5m

[3 occurrence(s)]
WARNING --> FORECAST: missing data for AMT 5m

[2 occurrence(s)]
WARNING --> FORECAST: missing data for BAX 5m

[2 occurrence(s)]
WARNING --> FORECAST: missing data for FSLR 5m

[1 occurrence(s)]
WARNING --> FORECAST: missing data for MRK 5m

[1 occurrence(s)]
WARNING --> FORECAST: missing data for AVNW 5m

[1 occurrence(s)]
WARNING --> FORECAST: missing data for AXSM 5m

[2 occurrence(s)]
WARNING --> ensureTickerExists: no Alpha Vantage symbol matches found for BACPL.

[2 occurrence(s)]
WARNING --> ⚠️ Skipping BACPL; unable to verify ticker existence.

[1 occurrence(s)]
WARNING --> FORECAST: missing data for CCIR 5m

[1 occurrence(s)]
WARNING --> FORECAST: missing data for CCS 5m

[1 occurrence(s)]
WARNING --> FORECAST: missing data for CMRX 5m

[1 occurrence(s)]
WARNING --> FORECAST: missing data for CRUS 5m

[1 occurrence(s)]
WARNING --> FORECAST: missing data for CXT 5m

[1 occurrence(s)]
WARNING --> ensureTickerExists: no Alpha Vantage symbol matches found for CPN.

[1 occurrence(s)]
WARNING --> ⚠️ Skipping CPN; unable to verify ticker existence.

[1 occurrence(s)]
WARNING --> FORECAST: missing data for EXEL 5m

[1 occurrence(s)]
WARNING --> FORECAST: missing data for GLDD 5m

[1 occurrence(s)]
WARNING --> FORECAST: missing data for JKS 5m

[1 occurrence(s)]
WARNING --> FORECAST: missing data for KLG 5m

[1 occurrence(s)]
WARNING --> FORECAST: missing data for LSTR 5m

[1 occurrence(s)]
WARNING --> FORECAST: missing data for MSA 5m

[1 occurrence(s)]
WARNING --> FORECAST: missing data for PRKS 5m

[1 occurrence(s)]
WARNING --> FORECAST: missing data for RLI 5m

[1 occurrence(s)]
WARNING --> FORECAST: missing data for RRR 5m

[1 occurrence(s)]
WARNING --> FORECAST: missing data for SOAR 5m

[1 occurrence(s)]
WARNING --> FORECAST: missing data for TRNO 5m

[2 occurrence(s)]
WARNING --> FORECAST: missing data for CACI 5m

[2 occurrence(s)]
WARNING --> FORECAST: missing data for WELL 5m

[1 occurrence(s)]
WARNING --> FORECAST: missing data for ADNT 5m

[1 occurrence(s)]
WARNING --> FORECAST: missing data for ALGT 5m

[1 occurrence(s)]
WARNING --> FORECAST: missing data for ALKS 5m

[1 occurrence(s)]
WARNING --> FORECAST: missing data for AMRC 5m

[1 occurrence(s)]
WARNING --> FORECAST: missing data for ANIX 5m

[1 occurrence(s)]
WARNING --> FORECAST: missing data for ATRC 5m

[1 occurrence(s)]
WARNING --> FORECAST: missing data for BLDP 5m

[1 occurrence(s)]
WARNING --> FORECAST: missing data for BWA 5m

[1 occurrence(s)]
WARNING --> FORECAST: missing data for BWIN 5m

[2 occurrence(s)]
WARNING --> FORECAST: missing data for CMI 5m

[2 occurrence(s)]
WARNING --> FORECAST: missing data for CSGS 5m

[1 occurrence(s)]
WARNING --> FORECAST: missing data for DESP 5m

[1 occurrence(s)]
WARNING --> FORECAST: missing data for DRS 5m

[1 occurrence(s)]
WARNING --> FORECAST: missing data for FSV 5m

[1 occurrence(s)]
WARNING --> FORECAST: missing data for GDEN 5m

[1 occurrence(s)]
WARNING --> FORECAST: missing data for GPI 5m

[1 occurrence(s)]
WARNING --> FORECAST: missing data for HRB 5m

[1 occurrence(s)]
WARNING --> FORECAST: missing data for JBLU 5m

[3 occurrence(s)]
WARNING --> FORECAST: missing data for LHX 5m

[2 occurrence(s)]
WARNING --> FORECAST: missing data for MCD 5m

[1 occurrence(s)]
WARNING --> FORECAST: missing data for MEOH 5m

[1 occurrence(s)]
WARNING --> FORECAST: missing data for MGA 5m

[1 occurrence(s)]
WARNING --> FORECAST: missing data for NBIX 5m

[1 occurrence(s)]
WARNING --> FORECAST: missing data for NTCT 5m

[1 occurrence(s)]
WARNING --> FORECAST: missing data for PLAB 5m

[1 occurrence(s)]
WARNING --> FORECAST: missing data for RITM 5m

[1 occurrence(s)]
WARNING --> FORECAST: missing data for RVSN 5m

[1 occurrence(s)]
WARNING --> FORECAST: missing data for STX 5m

[1 occurrence(s)]
WARNING --> FORECAST: missing data for SUN 5m

[1 occurrence(s)]
WARNING --> FORECAST: missing data for THG 5m

[1 occurrence(s)]
WARNING --> FORECAST: missing data for TXT 5m

[1 occurrence(s)]
WARNING --> FORECAST: missing data for UGI 5m

[2 occurrence(s)]
WARNING --> FORECAST: missing data for VEEV 5m

[1 occurrence(s)]
WARNING --> FORECAST: missing data for WES 5m

[1 occurrence(s)]
WARNING --> FORECAST: missing data for WSO 5m

[1 occurrence(s)]
WARNING --> FORECAST: missing data for MET 5m

[1 occurrence(s)]
WARNING --> FORECAST: missing data for NOC 5m

[1 occurrence(s)]
WARNING --> FORECAST: missing data for TPB 5m

[1 occurrence(s)]
WARNING --> FORECAST: missing data for CAH 5m

[1 occurrence(s)]
WARNING --> FORECAST: missing data for AB 5m

[1 occurrence(s)]
WARNING --> FORECAST: missing data for ASB 5m

[1 occurrence(s)]
WARNING --> FORECAST: missing data for BALL 5m

[1 occurrence(s)]
WARNING --> FORECAST: missing data for CATY 5m

[1 occurrence(s)]
WARNING --> FORECAST: missing data for CRNX 5m

[1 occurrence(s)]
WARNING --> FORECAST: missing data for EPAC 5m

[1 occurrence(s)]
WARNING --> FORECAST: missing data for FC 5m

[2 occurrence(s)]
WARNING --> FORECAST: missing data for HLT 5m

[1 occurrence(s)]
WARNING --> FORECAST: missing data for LBRDK 5m

[1 occurrence(s)]
WARNING --> FORECAST: missing data for MHO 5m

[1 occurrence(s)]
WARNING --> FORECAST: missing data for OSBC 5m

[1 occurrence(s)]
WARNING --> FORECAST: missing data for PAYC 5m

[1 occurrence(s)]
WARNING --> FORECAST: missing data for PEB 5m

[1 occurrence(s)]
WARNING --> FORECAST: missing data for QTWO 5m

[1 occurrence(s)]
WARNING --> FORECAST: missing data for SEIC 5m

[1 occurrence(s)]
WARNING --> FORECAST: missing data for SEM 5m

[1 occurrence(s)]
WARNING --> FORECAST: missing data for SII 5m

[1 occurrence(s)]
WARNING --> FORECAST: missing data for SSB 5m

[1 occurrence(s)]
WARNING --> FORECAST: missing data for VECO 5m

[1 occurrence(s)]
WARNING --> FORECAST: missing data for VRE 5m


---------------------------
LEVEL: ERROR
---------------------------

[1 occurrence(s)]
ERROR --> Unknown column 'confidence_score' in 'where clause'

[5672 occurrence(s)]
ERROR --> Unknown column 'forecast_id' in 'field list'

[1 occurrence(s)]
ERROR --> FORECAST: trigger failed for CMMB: Unknown column 'forecast_id' in 'field list'

[199 occurrence(s)]
ERROR --> FORECAST: trigger failed for TO: Unknown column 'forecast_id' in 'field list'

[88 occurrence(s)]
ERROR --> FORECAST: trigger failed for AI: Unknown column 'forecast_id' in 'field list'

[200 occurrence(s)]
ERROR --> FORECAST: trigger failed for HTML: Unknown column 'forecast_id' in 'field list'

[200 occurrence(s)]
ERROR --> FORECAST: trigger failed for WWW: Unknown column 'forecast_id' in 'field list'

[200 occurrence(s)]
ERROR --> FORECAST: trigger failed for XHTML: Unknown column 'forecast_id' in 'field list'

[200 occurrence(s)]
ERROR --> FORECAST: trigger failed for V: Unknown column 'forecast_id' in 'field list'

[200 occurrence(s)]
ERROR --> FORECAST: trigger failed for COM: Unknown column 'forecast_id' in 'field list'

[200 occurrence(s)]
ERROR --> FORECAST: trigger failed for O: Unknown column 'forecast_id' in 'field list'

[200 occurrence(s)]
ERROR --> FORECAST: trigger failed for EN: Unknown column 'forecast_id' in 'field list'

[200 occurrence(s)]
ERROR --> FORECAST: trigger failed for META: Unknown column 'forecast_id' in 'field list'

[199 occurrence(s)]
ERROR --> FORECAST: trigger failed for UTF: Unknown column 'forecast_id' in 'field list'

[200 occurrence(s)]
ERROR --> FORECAST: trigger failed for IF: Unknown column 'forecast_id' in 'field list'

[200 occurrence(s)]
ERROR --> FORECAST: trigger failed for X: Unknown column 'forecast_id' in 'field list'

[200 occurrence(s)]
ERROR --> FORECAST: trigger failed for UA: Unknown column 'forecast_id' in 'field list'

[200 occurrence(s)]
ERROR --> FORECAST: trigger failed for IE: Unknown column 'forecast_id' in 'field list'

[200 occurrence(s)]
ERROR --> FORECAST: trigger failed for AMP: Unknown column 'forecast_id' in 'field list'

[200 occurrence(s)]
ERROR --> FORECAST: trigger failed for CO: Unknown column 'forecast_id' in 'field list'

[199 occurrence(s)]
ERROR --> FORECAST: trigger failed for GTE: Unknown column 'forecast_id' in 'field list'

[199 occurrence(s)]
ERROR --> FORECAST: trigger failed for DROP: Unknown column 'forecast_id' in 'field list'

[5 occurrence(s)]
ERROR --> FORECAST: trigger failed for ABNB: Unknown column 'forecast_id' in 'field list'

[111 occurrence(s)]
ERROR --> FORECAST: trigger failed for EMA: Unknown column 'forecast_id' in 'field list'

[4 occurrence(s)]
ERROR --> FORECAST: trigger failed for RGTI: Unknown column 'forecast_id' in 'field list'

[2 occurrence(s)]
ERROR --> FORECAST: trigger failed for SINT: Unknown column 'forecast_id' in 'field list'

[5 occurrence(s)]
ERROR --> FORECAST: trigger failed for MPWR: Unknown column 'forecast_id' in 'field list'

[1 occurrence(s)]
ERROR --> FORECAST: trigger failed for TRNR: Unknown column 'forecast_id' in 'field list'

[7 occurrence(s)]
ERROR --> FORECAST: trigger failed for TSLA: Unknown column 'forecast_id' in 'field list'

[4 occurrence(s)]
ERROR --> FORECAST: trigger failed for APLD: Unknown column 'forecast_id' in 'field list'

[6 occurrence(s)]
ERROR --> FORECAST: trigger failed for HIMS: Unknown column 'forecast_id' in 'field list'

[4 occurrence(s)]
ERROR --> FORECAST: trigger failed for MRVL: Unknown column 'forecast_id' in 'field list'

[5 occurrence(s)]
ERROR --> FORECAST: trigger failed for OXY: Unknown column 'forecast_id' in 'field list'

[1 occurrence(s)]
ERROR --> FORECAST: trigger failed for ENPH: Unknown column 'forecast_id' in 'field list'

[4 occurrence(s)]
ERROR --> FORECAST: trigger failed for CDNS: Unknown column 'forecast_id' in 'field list'

[1 occurrence(s)]
ERROR --> FORECAST: trigger failed for ALZN: Unknown column 'forecast_id' in 'field list'

[1 occurrence(s)]
ERROR --> FORECAST: trigger failed for BLNE: Unknown column 'forecast_id' in 'field list'

[3 occurrence(s)]
ERROR --> FORECAST: trigger failed for KMI: Unknown column 'forecast_id' in 'field list'

[2 occurrence(s)]
ERROR --> FORECAST: trigger failed for GRMN: Unknown column 'forecast_id' in 'field list'

[3 occurrence(s)]
ERROR --> FORECAST: trigger failed for SOUN: Unknown column 'forecast_id' in 'field list'

[2 occurrence(s)]
ERROR --> FORECAST: trigger failed for BBAI: Unknown column 'forecast_id' in 'field list'

[2 occurrence(s)]
ERROR --> FORECAST: trigger failed for DVN: Unknown column 'forecast_id' in 'field list'

[3 occurrence(s)]
ERROR --> FORECAST: trigger failed for JTAI: Unknown column 'forecast_id' in 'field list'

[1 occurrence(s)]
ERROR --> FORECAST: trigger failed for SRM: Unknown column 'forecast_id' in 'field list'

[1 occurrence(s)]
ERROR --> FORECAST: trigger failed for ABSI: Unknown column 'forecast_id' in 'field list'

[2 occurrence(s)]
ERROR --> FORECAST: trigger failed for FOUR: Unknown column 'forecast_id' in 'field list'

[4 occurrence(s)]
ERROR --> FORECAST: trigger failed for KULR: Unknown column 'forecast_id' in 'field list'

[4 occurrence(s)]
ERROR --> FORECAST: trigger failed for ACHR: Unknown column 'forecast_id' in 'field list'

[1 occurrence(s)]
ERROR --> FORECAST: trigger failed for AUUD: Unknown column 'forecast_id' in 'field list'

[3 occurrence(s)]
ERROR --> FORECAST: trigger failed for APP: Unknown column 'forecast_id' in 'field list'

[7 occurrence(s)]
ERROR --> FORECAST: trigger failed for AVGO: Unknown column 'forecast_id' in 'field list'

[2 occurrence(s)]
ERROR --> FORECAST: trigger failed for QCOM: Unknown column 'forecast_id' in 'field list'

[1 occurrence(s)]
ERROR --> FORECAST: trigger failed for ABBV: Unknown column 'forecast_id' in 'field list'

[1 occurrence(s)]
ERROR --> FORECAST: trigger failed for AGNC: Unknown column 'forecast_id' in 'field list'

[1 occurrence(s)]
ERROR --> FORECAST: trigger failed for ALLO: Unknown column 'forecast_id' in 'field list'

[2 occurrence(s)]
ERROR --> FORECAST: trigger failed for ALTM: Unknown column 'forecast_id' in 'field list'

[7 occurrence(s)]
ERROR --> FORECAST: trigger failed for AMAT: Unknown column 'forecast_id' in 'field list'

[1 occurrence(s)]
ERROR --> FORECAST: trigger failed for APPS: Unknown column 'forecast_id' in 'field list'

[1 occurrence(s)]
ERROR --> FORECAST: trigger failed for ASPI: Unknown column 'forecast_id' in 'field list'

[1 occurrence(s)]
ERROR --> FORECAST: trigger failed for ASPN: Unknown column 'forecast_id' in 'field list'

[2 occurrence(s)]
ERROR --> FORECAST: trigger failed for ASTS: Unknown column 'forecast_id' in 'field list'

[2 occurrence(s)]
ERROR --> FORECAST: trigger failed for ATYR: Unknown column 'forecast_id' in 'field list'

[6 occurrence(s)]
ERROR --> FORECAST: trigger failed for BA: Unknown column 'forecast_id' in 'field list'

[3 occurrence(s)]
ERROR --> FORECAST: trigger failed for BBAR: Unknown column 'forecast_id' in 'field list'

[3 occurrence(s)]
ERROR --> FORECAST: trigger failed for CELH: Unknown column 'forecast_id' in 'field list'

[2 occurrence(s)]
ERROR --> FORECAST: trigger failed for CIFR: Unknown column 'forecast_id' in 'field list'

[1 occurrence(s)]
ERROR --> FORECAST: trigger failed for CROX: Unknown column 'forecast_id' in 'field list'

[3 occurrence(s)]
ERROR --> FORECAST: trigger failed for CSAI: Unknown column 'forecast_id' in 'field list'

[6 occurrence(s)]
ERROR --> FORECAST: trigger failed for CSGP: Unknown column 'forecast_id' in 'field list'

[1 occurrence(s)]
ERROR --> FORECAST: trigger failed for CTXR: Unknown column 'forecast_id' in 'field list'

[1 occurrence(s)]
ERROR --> FORECAST: trigger failed for CVI: Unknown column 'forecast_id' in 'field list'

[1 occurrence(s)]
ERROR --> FORECAST: trigger failed for CVX: Unknown column 'forecast_id' in 'field list'

[1 occurrence(s)]
ERROR --> FORECAST: trigger failed for DATS: Unknown column 'forecast_id' in 'field list'

[2 occurrence(s)]
ERROR --> FORECAST: trigger failed for DFS: Unknown column 'forecast_id' in 'field list'

[1 occurrence(s)]
ERROR --> FORECAST: trigger failed for EQNR: Unknown column 'forecast_id' in 'field list'

[1 occurrence(s)]
ERROR --> FORECAST: trigger failed for EVER: Unknown column 'forecast_id' in 'field list'

[2 occurrence(s)]
ERROR --> FORECAST: trigger failed for FLEX: Unknown column 'forecast_id' in 'field list'

[1 occurrence(s)]
ERROR --> FORECAST: trigger failed for FLNG: Unknown column 'forecast_id' in 'field list'

[1 occurrence(s)]
ERROR --> FORECAST: trigger failed for GCL: Unknown column 'forecast_id' in 'field list'

[2 occurrence(s)]
ERROR --> FORECAST: trigger failed for GRAL: Unknown column 'forecast_id' in 'field list'

[2 occurrence(s)]
ERROR --> FORECAST: trigger failed for GRRR: Unknown column 'forecast_id' in 'field list'

[1 occurrence(s)]
ERROR --> FORECAST: trigger failed for GSAT: Unknown column 'forecast_id' in 'field list'

[5 occurrence(s)]
ERROR --> FORECAST: trigger failed for HCA: Unknown column 'forecast_id' in 'field list'

[1 occurrence(s)]
ERROR --> FORECAST: trigger failed for HCKT: Unknown column 'forecast_id' in 'field list'

[1 occurrence(s)]
ERROR --> FORECAST: trigger failed for HIMX: Unknown column 'forecast_id' in 'field list'

[6 occurrence(s)]
ERROR --> FORECAST: trigger failed for IONQ: Unknown column 'forecast_id' in 'field list'

[1 occurrence(s)]
ERROR --> FORECAST: trigger failed for IRBT: Unknown column 'forecast_id' in 'field list'

[2 occurrence(s)]
ERROR --> FORECAST: trigger failed for ITCI: Unknown column 'forecast_id' in 'field list'

[5 occurrence(s)]
ERROR --> FORECAST: trigger failed for JNJ: Unknown column 'forecast_id' in 'field list'

[2 occurrence(s)]
ERROR --> FORECAST: trigger failed for KO: Unknown column 'forecast_id' in 'field list'

[2 occurrence(s)]
ERROR --> FORECAST: trigger failed for KRYS: Unknown column 'forecast_id' in 'field list'

[3 occurrence(s)]
ERROR --> FORECAST: trigger failed for LDOS: Unknown column 'forecast_id' in 'field list'

[3 occurrence(s)]
ERROR --> FORECAST: trigger failed for LLY: Unknown column 'forecast_id' in 'field list'

[3 occurrence(s)]
ERROR --> FORECAST: trigger failed for LMT: Unknown column 'forecast_id' in 'field list'

[3 occurrence(s)]
ERROR --> FORECAST: trigger failed for LRCX: Unknown column 'forecast_id' in 'field list'

[4 occurrence(s)]
ERROR --> FORECAST: trigger failed for MRNA: Unknown column 'forecast_id' in 'field list'

[1 occurrence(s)]
ERROR --> FORECAST: trigger failed for MTDR: Unknown column 'forecast_id' in 'field list'

[3 occurrence(s)]
ERROR --> FORECAST: trigger failed for NIO: Unknown column 'forecast_id' in 'field list'

[1 occurrence(s)]
ERROR --> FORECAST: trigger failed for NZF: Unknown column 'forecast_id' in 'field list'

[1 occurrence(s)]
ERROR --> FORECAST: trigger failed for WS: Unknown column 'forecast_id' in 'field list'

[1 occurrence(s)]
ERROR --> FORECAST: trigger failed for PBR: Unknown column 'forecast_id' in 'field list'

[5 occurrence(s)]
ERROR --> FORECAST: trigger failed for A: Unknown column 'forecast_id' in 'field list'

[2 occurrence(s)]
ERROR --> FORECAST: trigger failed for PCG: Unknown column 'forecast_id' in 'field list'

[1 occurrence(s)]
ERROR --> FORECAST: trigger failed for PR: Unknown column 'forecast_id' in 'field list'

[2 occurrence(s)]
ERROR --> FORECAST: trigger failed for QUAD: Unknown column 'forecast_id' in 'field list'

[1 occurrence(s)]
ERROR --> FORECAST: trigger failed for RBLX: Unknown column 'forecast_id' in 'field list'

[1 occurrence(s)]
ERROR --> FORECAST: trigger failed for RCAT: Unknown column 'forecast_id' in 'field list'

[2 occurrence(s)]
ERROR --> FORECAST: trigger failed for RDDT: Unknown column 'forecast_id' in 'field list'

[1 occurrence(s)]
ERROR --> FORECAST: trigger failed for RDW: Unknown column 'forecast_id' in 'field list'

[3 occurrence(s)]
ERROR --> FORECAST: trigger failed for RIOT: Unknown column 'forecast_id' in 'field list'

[3 occurrence(s)]
ERROR --> FORECAST: trigger failed for RKLB: Unknown column 'forecast_id' in 'field list'

[2 occurrence(s)]
ERROR --> FORECAST: trigger failed for ROCK: Unknown column 'forecast_id' in 'field list'

[3 occurrence(s)]
ERROR --> FORECAST: trigger failed for RXRX: Unknown column 'forecast_id' in 'field list'

[3 occurrence(s)]
ERROR --> FORECAST: trigger failed for SMMT: Unknown column 'forecast_id' in 'field list'

[2 occurrence(s)]
ERROR --> FORECAST: trigger failed for SPIR: Unknown column 'forecast_id' in 'field list'

[1 occurrence(s)]
ERROR --> FORECAST: trigger failed for SSRM: Unknown column 'forecast_id' in 'field list'

[1 occurrence(s)]
ERROR --> FORECAST: trigger failed for STAI: Unknown column 'forecast_id' in 'field list'

[1 occurrence(s)]
ERROR --> FORECAST: trigger failed for T: Unknown column 'forecast_id' in 'field list'

[1 occurrence(s)]
ERROR --> FORECAST: trigger failed for TRMB: Unknown column 'forecast_id' in 'field list'

[2 occurrence(s)]
ERROR --> FORECAST: trigger failed for UPST: Unknown column 'forecast_id' in 'field list'

[1 occurrence(s)]
ERROR --> FORECAST: trigger failed for USAU: Unknown column 'forecast_id' in 'field list'

[1 occurrence(s)]
ERROR --> FORECAST: trigger failed for VNET: Unknown column 'forecast_id' in 'field list'

[1 occurrence(s)]
ERROR --> FORECAST: trigger failed for VZ: Unknown column 'forecast_id' in 'field list'

[1 occurrence(s)]
ERROR --> FORECAST: trigger failed for XIFR: Unknown column 'forecast_id' in 'field list'

[1 occurrence(s)]
ERROR --> FORECAST: trigger failed for ZG: Unknown column 'forecast_id' in 'field list'

[1 occurrence(s)]
ERROR --> FORECAST: trigger failed for ZK: Unknown column 'forecast_id' in 'field list'

[7 occurrence(s)]
ERROR --> FORECAST: trigger failed for AAPL: Unknown column 'forecast_id' in 'field list'

[1 occurrence(s)]
ERROR --> FORECAST: trigger failed for ADMA: Unknown column 'forecast_id' in 'field list'

[1 occurrence(s)]
ERROR --> FORECAST: trigger failed for ALT: Unknown column 'forecast_id' in 'field list'

[1 occurrence(s)]
ERROR --> FORECAST: trigger failed for APPF: Unknown column 'forecast_id' in 'field list'

[4 occurrence(s)]
ERROR --> FORECAST: trigger failed for ARQQ: Unknown column 'forecast_id' in 'field list'

[1 occurrence(s)]
ERROR --> FORECAST: trigger failed for BEAM: Unknown column 'forecast_id' in 'field list'

[1 occurrence(s)]
ERROR --> FORECAST: trigger failed for BFRG: Unknown column 'forecast_id' in 'field list'

[1 occurrence(s)]
ERROR --> FORECAST: trigger failed for CGNX: Unknown column 'forecast_id' in 'field list'

[2 occurrence(s)]
ERROR --> FORECAST: trigger failed for CINF: Unknown column 'forecast_id' in 'field list'

[1 occurrence(s)]
ERROR --> FORECAST: trigger failed for CMCSA: Unknown column 'forecast_id' in 'field list'

[1 occurrence(s)]
ERROR --> FORECAST: trigger failed for CMPX: Unknown column 'forecast_id' in 'field list'

[2 occurrence(s)]
ERROR --> FORECAST: trigger failed for COR: Unknown column 'forecast_id' in 'field list'

[1 occurrence(s)]
ERROR --> FORECAST: trigger failed for CRL: Unknown column 'forecast_id' in 'field list'

[1 occurrence(s)]
ERROR --> FORECAST: trigger failed for CRSP: Unknown column 'forecast_id' in 'field list'

[1 occurrence(s)]
ERROR --> FORECAST: trigger failed for CRTO: Unknown column 'forecast_id' in 'field list'

[7 occurrence(s)]
ERROR --> FORECAST: trigger failed for DIS: Unknown column 'forecast_id' in 'field list'

[1 occurrence(s)]
ERROR --> FORECAST: trigger failed for DXCM: Unknown column 'forecast_id' in 'field list'

[1 occurrence(s)]
ERROR --> FORECAST: trigger failed for DXYZ: Unknown column 'forecast_id' in 'field list'

[1 occurrence(s)]
ERROR --> FORECAST: trigger failed for EVGO: Unknown column 'forecast_id' in 'field list'

[2 occurrence(s)]
ERROR --> FORECAST: trigger failed for FLNC: Unknown column 'forecast_id' in 'field list'

[1 occurrence(s)]
ERROR --> FORECAST: trigger failed for GILD: Unknown column 'forecast_id' in 'field list'

[7 occurrence(s)]
ERROR --> FORECAST: trigger failed for HOOD: Unknown column 'forecast_id' in 'field list'

[1 occurrence(s)]
ERROR --> FORECAST: trigger failed for HTGC: Unknown column 'forecast_id' in 'field list'

[1 occurrence(s)]
ERROR --> FORECAST: trigger failed for IBRX: Unknown column 'forecast_id' in 'field list'

[1 occurrence(s)]
ERROR --> FORECAST: trigger failed for IRDM: Unknown column 'forecast_id' in 'field list'

[1 occurrence(s)]
ERROR --> FORECAST: trigger failed for LICN: Unknown column 'forecast_id' in 'field list'

[2 occurrence(s)]
ERROR --> FORECAST: trigger failed for LIN: Unknown column 'forecast_id' in 'field list'

[1 occurrence(s)]
ERROR --> FORECAST: trigger failed for MRUS: Unknown column 'forecast_id' in 'field list'

[2 occurrence(s)]
ERROR --> FORECAST: trigger failed for MTTR: Unknown column 'forecast_id' in 'field list'

[3 occurrence(s)]
ERROR --> FORECAST: trigger failed for MVIS: Unknown column 'forecast_id' in 'field list'

[1 occurrence(s)]
ERROR --> FORECAST: trigger failed for MYI: Unknown column 'forecast_id' in 'field list'

[1 occurrence(s)]
ERROR --> FORECAST: trigger failed for NLY: Unknown column 'forecast_id' in 'field list'

[1 occurrence(s)]
ERROR --> FORECAST: trigger failed for NUS: Unknown column 'forecast_id' in 'field list'

[4 occurrence(s)]
ERROR --> FORECAST: trigger failed for PACB: Unknown column 'forecast_id' in 'field list'

[7 occurrence(s)]
ERROR --> FORECAST: trigger failed for PFE: Unknown column 'forecast_id' in 'field list'

[1 occurrence(s)]
ERROR --> FORECAST: trigger failed for PRTA: Unknown column 'forecast_id' in 'field list'

[1 occurrence(s)]
ERROR --> FORECAST: trigger failed for PSO: Unknown column 'forecast_id' in 'field list'

[1 occurrence(s)]
ERROR --> FORECAST: trigger failed for RDFN: Unknown column 'forecast_id' in 'field list'

[3 occurrence(s)]
ERROR --> FORECAST: trigger failed for RUSHA: Unknown column 'forecast_id' in 'field list'

[1 occurrence(s)]
ERROR --> FORECAST: trigger failed for SUPN: Unknown column 'forecast_id' in 'field list'

[1 occurrence(s)]
ERROR --> FORECAST: trigger failed for TGT: Unknown column 'forecast_id' in 'field list'

[1 occurrence(s)]
ERROR --> FORECAST: trigger failed for UIS: Unknown column 'forecast_id' in 'field list'

[1 occurrence(s)]
ERROR --> FORECAST: trigger failed for VEON: Unknown column 'forecast_id' in 'field list'

[2 occurrence(s)]
ERROR --> FORECAST: trigger failed for VRN: Unknown column 'forecast_id' in 'field list'

[1 occurrence(s)]
ERROR --> FORECAST: trigger failed for WEC: Unknown column 'forecast_id' in 'field list'

[1 occurrence(s)]
ERROR --> FORECAST: trigger failed for XHLD: Unknown column 'forecast_id' in 'field list'

[2 occurrence(s)]
ERROR --> FORECAST: trigger failed for PG: Unknown column 'forecast_id' in 'field list'

[1 occurrence(s)]
ERROR --> FORECAST: trigger failed for BGS: Unknown column 'forecast_id' in 'field list'

[1 occurrence(s)]
ERROR --> FORECAST: trigger failed for CAG: Unknown column 'forecast_id' in 'field list'

[4 occurrence(s)]
ERROR --> FORECAST: trigger failed for CCI: Unknown column 'forecast_id' in 'field list'

[5 occurrence(s)]
ERROR --> FORECAST: trigger failed for F: Unknown column 'forecast_id' in 'field list'

[4 occurrence(s)]
ERROR --> FORECAST: trigger failed for MQ: Unknown column 'forecast_id' in 'field list'

[2 occurrence(s)]
ERROR --> FORECAST: trigger failed for NGG: Unknown column 'forecast_id' in 'field list'

[3 occurrence(s)]
ERROR --> FORECAST: trigger failed for PARA: Unknown column 'forecast_id' in 'field list'

[2 occurrence(s)]
ERROR --> FORECAST: trigger failed for ADPT: Unknown column 'forecast_id' in 'field list'

[2 occurrence(s)]
ERROR --> FORECAST: trigger failed for ARIS: Unknown column 'forecast_id' in 'field list'

[2 occurrence(s)]
ERROR --> FORECAST: trigger failed for BP: Unknown column 'forecast_id' in 'field list'

[1 occurrence(s)]
ERROR --> FORECAST: trigger failed for CHPT: Unknown column 'forecast_id' in 'field list'

[2 occurrence(s)]
ERROR --> FORECAST: trigger failed for CLF: Unknown column 'forecast_id' in 'field list'

[1 occurrence(s)]
ERROR --> FORECAST: trigger failed for CLVT: Unknown column 'forecast_id' in 'field list'

[1 occurrence(s)]
ERROR --> FORECAST: trigger failed for CYN: Unknown column 'forecast_id' in 'field list'

[1 occurrence(s)]
ERROR --> FORECAST: trigger failed for DOMH: Unknown column 'forecast_id' in 'field list'

[3 occurrence(s)]
ERROR --> FORECAST: trigger failed for EWTX: Unknown column 'forecast_id' in 'field list'

[3 occurrence(s)]
ERROR --> FORECAST: trigger failed for FANG: Unknown column 'forecast_id' in 'field list'

[2 occurrence(s)]
ERROR --> FORECAST: trigger failed for FMX: Unknown column 'forecast_id' in 'field list'

[1 occurrence(s)]
ERROR --> FORECAST: trigger failed for FRO: Unknown column 'forecast_id' in 'field list'

[2 occurrence(s)]
ERROR --> FORECAST: trigger failed for GIS: Unknown column 'forecast_id' in 'field list'

[3 occurrence(s)]
ERROR --> FORECAST: trigger failed for GOLD: Unknown column 'forecast_id' in 'field list'

[1 occurrence(s)]
ERROR --> FORECAST: trigger failed for GPC: Unknown column 'forecast_id' in 'field list'

[2 occurrence(s)]
ERROR --> FORECAST: trigger failed for INSM: Unknown column 'forecast_id' in 'field list'

[2 occurrence(s)]
ERROR --> FORECAST: trigger failed for IQ: Unknown column 'forecast_id' in 'field list'

[1 occurrence(s)]
ERROR --> FORECAST: trigger failed for JBGS: Unknown column 'forecast_id' in 'field list'

[2 occurrence(s)]
ERROR --> FORECAST: trigger failed for KC: Unknown column 'forecast_id' in 'field list'

[1 occurrence(s)]
ERROR --> FORECAST: trigger failed for KDLY: Unknown column 'forecast_id' in 'field list'

[1 occurrence(s)]
ERROR --> FORECAST: trigger failed for KGS: Unknown column 'forecast_id' in 'field list'

[2 occurrence(s)]
ERROR --> FORECAST: trigger failed for LAES: Unknown column 'forecast_id' in 'field list'

[1 occurrence(s)]
ERROR --> FORECAST: trigger failed for LB: Unknown column 'forecast_id' in 'field list'

[1 occurrence(s)]
ERROR --> FORECAST: trigger failed for MGM: Unknown column 'forecast_id' in 'field list'

[1 occurrence(s)]
ERROR --> FORECAST: trigger failed for MODG: Unknown column 'forecast_id' in 'field list'

[1 occurrence(s)]
ERROR --> FORECAST: trigger failed for NDAQ: Unknown column 'forecast_id' in 'field list'

[3 occurrence(s)]
ERROR --> FORECAST: trigger failed for NTR: Unknown column 'forecast_id' in 'field list'

[2 occurrence(s)]
ERROR --> FORECAST: trigger failed for ORKA: Unknown column 'forecast_id' in 'field list'

[1 occurrence(s)]
ERROR --> FORECAST: trigger failed for PBI: Unknown column 'forecast_id' in 'field list'

[1 occurrence(s)]
ERROR --> FORECAST: trigger failed for PDO: Unknown column 'forecast_id' in 'field list'

[2 occurrence(s)]
ERROR --> FORECAST: trigger failed for PGR: Unknown column 'forecast_id' in 'field list'

[2 occurrence(s)]
ERROR --> FORECAST: trigger failed for SANA: Unknown column 'forecast_id' in 'field list'

[1 occurrence(s)]
ERROR --> FORECAST: trigger failed for SHEL: Unknown column 'forecast_id' in 'field list'

[1 occurrence(s)]
ERROR --> FORECAST: trigger failed for STRL: Unknown column 'forecast_id' in 'field list'

[1 occurrence(s)]
ERROR --> FORECAST: trigger failed for SU: Unknown column 'forecast_id' in 'field list'

[1 occurrence(s)]
ERROR --> FORECAST: trigger failed for TRMD: Unknown column 'forecast_id' in 'field list'

[5 occurrence(s)]
ERROR --> FORECAST: trigger failed for UAL: Unknown column 'forecast_id' in 'field list'

[3 occurrence(s)]
ERROR --> FORECAST: trigger failed for UL: Unknown column 'forecast_id' in 'field list'

[1 occurrence(s)]
ERROR --> FORECAST: trigger failed for VRDN: Unknown column 'forecast_id' in 'field list'

[5 occurrence(s)]
ERROR --> FORECAST: trigger failed for WBD: Unknown column 'forecast_id' in 'field list'

[1 occurrence(s)]
ERROR --> FORECAST: trigger failed for WNC: Unknown column 'forecast_id' in 'field list'

[3 occurrence(s)]
ERROR --> FORECAST: trigger failed for NKE: Unknown column 'forecast_id' in 'field list'

[2 occurrence(s)]
ERROR --> FORECAST: trigger failed for TEM: Unknown column 'forecast_id' in 'field list'

[2 occurrence(s)]
ERROR --> FORECAST: trigger failed for AGL: Unknown column 'forecast_id' in 'field list'

[1 occurrence(s)]
ERROR --> FORECAST: trigger failed for AIFF: Unknown column 'forecast_id' in 'field list'

[1 occurrence(s)]
ERROR --> FORECAST: trigger failed for AMPX: Unknown column 'forecast_id' in 'field list'

[3 occurrence(s)]
ERROR --> FORECAST: trigger failed for ARVN: Unknown column 'forecast_id' in 'field list'

[1 occurrence(s)]
ERROR --> FORECAST: trigger failed for BMEZ: Unknown column 'forecast_id' in 'field list'

[1 occurrence(s)]
ERROR --> FORECAST: trigger failed for CFG: Unknown column 'forecast_id' in 'field list'

[1 occurrence(s)]
ERROR --> FORECAST: trigger failed for CHRD: Unknown column 'forecast_id' in 'field list'

[1 occurrence(s)]
ERROR --> FORECAST: trigger failed for CLDX: Unknown column 'forecast_id' in 'field list'

[1 occurrence(s)]
ERROR --> FORECAST: trigger failed for CRDF: Unknown column 'forecast_id' in 'field list'

[1 occurrence(s)]
ERROR --> FORECAST: trigger failed for CRSR: Unknown column 'forecast_id' in 'field list'

[1 occurrence(s)]
ERROR --> FORECAST: trigger failed for EAT: Unknown column 'forecast_id' in 'field list'

[2 occurrence(s)]
ERROR --> FORECAST: trigger failed for ELF: Unknown column 'forecast_id' in 'field list'

[1 occurrence(s)]
ERROR --> FORECAST: trigger failed for FATE: Unknown column 'forecast_id' in 'field list'

[3 occurrence(s)]
ERROR --> FORECAST: trigger failed for FDS: Unknown column 'forecast_id' in 'field list'

[2 occurrence(s)]
ERROR --> FORECAST: trigger failed for GPRK: Unknown column 'forecast_id' in 'field list'

[2 occurrence(s)]
ERROR --> FORECAST: trigger failed for HE: Unknown column 'forecast_id' in 'field list'

[1 occurrence(s)]
ERROR --> FORECAST: trigger failed for ILMN: Unknown column 'forecast_id' in 'field list'

[1 occurrence(s)]
ERROR --> FORECAST: trigger failed for IPGP: Unknown column 'forecast_id' in 'field list'

[1 occurrence(s)]
ERROR --> FORECAST: trigger failed for KTB: Unknown column 'forecast_id' in 'field list'

[2 occurrence(s)]
ERROR --> FORECAST: trigger failed for MPC: Unknown column 'forecast_id' in 'field list'

[1 occurrence(s)]
ERROR --> FORECAST: trigger failed for OCEA: Unknown column 'forecast_id' in 'field list'

[1 occurrence(s)]
ERROR --> FORECAST: trigger failed for PII: Unknown column 'forecast_id' in 'field list'

[1 occurrence(s)]
ERROR --> FORECAST: trigger failed for POST: Unknown column 'forecast_id' in 'field list'

[1 occurrence(s)]
ERROR --> FORECAST: trigger failed for RCKT: Unknown column 'forecast_id' in 'field list'

[2 occurrence(s)]
ERROR --> FORECAST: trigger failed for RGEN: Unknown column 'forecast_id' in 'field list'

[1 occurrence(s)]
ERROR --> FORECAST: trigger failed for TECH: Unknown column 'forecast_id' in 'field list'

[2 occurrence(s)]
ERROR --> FORECAST: trigger failed for TER: Unknown column 'forecast_id' in 'field list'

[3 occurrence(s)]
ERROR --> FORECAST: trigger failed for TSCO: Unknown column 'forecast_id' in 'field list'

[2 occurrence(s)]
ERROR --> FORECAST: trigger failed for UNH: Unknown column 'forecast_id' in 'field list'

[1 occurrence(s)]
ERROR --> FORECAST: trigger failed for UNM: Unknown column 'forecast_id' in 'field list'

[1 occurrence(s)]
ERROR --> FORECAST: trigger failed for VFC: Unknown column 'forecast_id' in 'field list'

[1 occurrence(s)]
ERROR --> FORECAST: trigger failed for XLO: Unknown column 'forecast_id' in 'field list'

[2 occurrence(s)]
ERROR --> FORECAST: trigger failed for XP: Unknown column 'forecast_id' in 'field list'

[1 occurrence(s)]
ERROR --> FORECAST: trigger failed for CTAS: Unknown column 'forecast_id' in 'field list'

[9 occurrence(s)]
ERROR --> FORECAST: trigger failed for AMD: Unknown column 'forecast_id' in 'field list'

[1 occurrence(s)]
ERROR --> FORECAST: trigger failed for ARGX: Unknown column 'forecast_id' in 'field list'

[1 occurrence(s)]
ERROR --> FORECAST: trigger failed for AXGN: Unknown column 'forecast_id' in 'field list'

[1 occurrence(s)]
ERROR --> FORECAST: trigger failed for BCAX: Unknown column 'forecast_id' in 'field list'

[1 occurrence(s)]
ERROR --> FORECAST: trigger failed for BUSE: Unknown column 'forecast_id' in 'field list'

[1 occurrence(s)]
ERROR --> FORECAST: trigger failed for BYD: Unknown column 'forecast_id' in 'field list'

[1 occurrence(s)]
ERROR --> FORECAST: trigger failed for CL: Unknown column 'forecast_id' in 'field list'

[1 occurrence(s)]
ERROR --> FORECAST: trigger failed for CRMD: Unknown column 'forecast_id' in 'field list'

[1 occurrence(s)]
ERROR --> FORECAST: trigger failed for CXM: Unknown column 'forecast_id' in 'field list'

[1 occurrence(s)]
ERROR --> FORECAST: trigger failed for DX: Unknown column 'forecast_id' in 'field list'

[1 occurrence(s)]
ERROR --> FORECAST: trigger failed for EZPW: Unknown column 'forecast_id' in 'field list'

[3 occurrence(s)]
ERROR --> FORECAST: trigger failed for FTRE: Unknown column 'forecast_id' in 'field list'

[1 occurrence(s)]
ERROR --> FORECAST: trigger failed for GMAB: Unknown column 'forecast_id' in 'field list'

[1 occurrence(s)]
ERROR --> FORECAST: trigger failed for ITGR: Unknown column 'forecast_id' in 'field list'

[2 occurrence(s)]
ERROR --> FORECAST: trigger failed for IVR: Unknown column 'forecast_id' in 'field list'

[1 occurrence(s)]
ERROR --> FORECAST: trigger failed for JSPR: Unknown column 'forecast_id' in 'field list'

[1 occurrence(s)]
ERROR --> FORECAST: trigger failed for LZB: Unknown column 'forecast_id' in 'field list'

[1 occurrence(s)]
ERROR --> FORECAST: trigger failed for MBC: Unknown column 'forecast_id' in 'field list'

[5 occurrence(s)]
ERROR --> FORECAST: trigger failed for NEE: Unknown column 'forecast_id' in 'field list'

[3 occurrence(s)]
ERROR --> FORECAST: trigger failed for NVS: Unknown column 'forecast_id' in 'field list'

[1 occurrence(s)]
ERROR --> FORECAST: trigger failed for OLMA: Unknown column 'forecast_id' in 'field list'

[1 occurrence(s)]
ERROR --> FORECAST: trigger failed for RNR: Unknown column 'forecast_id' in 'field list'

[2 occurrence(s)]
ERROR --> FORECAST: trigger failed for SAVA: Unknown column 'forecast_id' in 'field list'

[2 occurrence(s)]
ERROR --> FORECAST: trigger failed for SGML: Unknown column 'forecast_id' in 'field list'

[2 occurrence(s)]
ERROR --> FORECAST: trigger failed for SYY: Unknown column 'forecast_id' in 'field list'

[1 occurrence(s)]
ERROR --> FORECAST: trigger failed for VSH: Unknown column 'forecast_id' in 'field list'

[1 occurrence(s)]
ERROR --> FORECAST: trigger failed for WNS: Unknown column 'forecast_id' in 'field list'

[5 occurrence(s)]
ERROR --> FORECAST: trigger failed for QBTS: Unknown column 'forecast_id' in 'field list'

[1 occurrence(s)]
ERROR --> FORECAST: trigger failed for BHAT: Unknown column 'forecast_id' in 'field list'

[1 occurrence(s)]
ERROR --> FORECAST: trigger failed for BSM: Unknown column 'forecast_id' in 'field list'

[3 occurrence(s)]
ERROR --> FORECAST: trigger failed for CCL: Unknown column 'forecast_id' in 'field list'

[1 occurrence(s)]
ERROR --> FORECAST: trigger failed for CUK: Unknown column 'forecast_id' in 'field list'

[2 occurrence(s)]
ERROR --> FORECAST: trigger failed for ISRG: Unknown column 'forecast_id' in 'field list'

[8 occurrence(s)]
ERROR --> FORECAST: trigger failed for MSFT: Unknown column 'forecast_id' in 'field list'

[2 occurrence(s)]
ERROR --> FORECAST: trigger failed for QUBT: Unknown column 'forecast_id' in 'field list'

[1 occurrence(s)]
ERROR --> FORECAST: trigger failed for UMC: Unknown column 'forecast_id' in 'field list'

[1 occurrence(s)]
ERROR --> FORECAST: trigger failed for UTI: Unknown column 'forecast_id' in 'field list'

[4 occurrence(s)]
ERROR --> FORECAST: trigger failed for VKTX: Unknown column 'forecast_id' in 'field list'

[1 occurrence(s)]
ERROR --> FORECAST: trigger failed for ABT: Unknown column 'forecast_id' in 'field list'

[1 occurrence(s)]
ERROR --> FORECAST: trigger failed for APH: Unknown column 'forecast_id' in 'field list'

[3 occurrence(s)]
ERROR --> FORECAST: trigger failed for VST: Unknown column 'forecast_id' in 'field list'

[5 occurrence(s)]
ERROR --> FORECAST: trigger failed for CSCO: Unknown column 'forecast_id' in 'field list'

[3 occurrence(s)]
ERROR --> FORECAST: trigger failed for WDC: Unknown column 'forecast_id' in 'field list'

[2 occurrence(s)]
ERROR --> FORECAST: trigger failed for AGCO: Unknown column 'forecast_id' in 'field list'

[1 occurrence(s)]
ERROR --> FORECAST: trigger failed for ALB: Unknown column 'forecast_id' in 'field list'

[1 occurrence(s)]
ERROR --> FORECAST: trigger failed for AMCR: Unknown column 'forecast_id' in 'field list'

[1 occurrence(s)]
ERROR --> FORECAST: trigger failed for AMPG: Unknown column 'forecast_id' in 'field list'

[2 occurrence(s)]
ERROR --> FORECAST: trigger failed for ATOM: Unknown column 'forecast_id' in 'field list'

[2 occurrence(s)]
ERROR --> FORECAST: trigger failed for BE: Unknown column 'forecast_id' in 'field list'

[1 occurrence(s)]
ERROR --> FORECAST: trigger failed for BLND: Unknown column 'forecast_id' in 'field list'

[2 occurrence(s)]
ERROR --> FORECAST: trigger failed for BRKR: Unknown column 'forecast_id' in 'field list'

[1 occurrence(s)]
ERROR --> FORECAST: trigger failed for BTBT: Unknown column 'forecast_id' in 'field list'

[2 occurrence(s)]
ERROR --> FORECAST: trigger failed for CLOV: Unknown column 'forecast_id' in 'field list'

[4 occurrence(s)]
ERROR --> FORECAST: trigger failed for CLSK: Unknown column 'forecast_id' in 'field list'

[1 occurrence(s)]
ERROR --> FORECAST: trigger failed for CRNC: Unknown column 'forecast_id' in 'field list'

[1 occurrence(s)]
ERROR --> FORECAST: trigger failed for DOCS: Unknown column 'forecast_id' in 'field list'

[2 occurrence(s)]
ERROR --> FORECAST: trigger failed for EH: Unknown column 'forecast_id' in 'field list'

[2 occurrence(s)]
ERROR --> FORECAST: trigger failed for EXPE: Unknown column 'forecast_id' in 'field list'

[1 occurrence(s)]
ERROR --> FORECAST: trigger failed for JBL: Unknown column 'forecast_id' in 'field list'

[4 occurrence(s)]
ERROR --> FORECAST: trigger failed for KSS: Unknown column 'forecast_id' in 'field list'

[1 occurrence(s)]
ERROR --> FORECAST: trigger failed for LTBR: Unknown column 'forecast_id' in 'field list'

[1 occurrence(s)]
ERROR --> FORECAST: trigger failed for LUNRW: Unknown column 'forecast_id' in 'field list'

[1 occurrence(s)]
ERROR --> FORECAST: trigger failed for MOS: Unknown column 'forecast_id' in 'field list'

[1 occurrence(s)]
ERROR --> FORECAST: trigger failed for NNOX: Unknown column 'forecast_id' in 'field list'

[1 occurrence(s)]
ERROR --> FORECAST: trigger failed for NVTS: Unknown column 'forecast_id' in 'field list'

[1 occurrence(s)]
ERROR --> FORECAST: trigger failed for OUST: Unknown column 'forecast_id' in 'field list'

[1 occurrence(s)]
ERROR --> FORECAST: trigger failed for PRMB: Unknown column 'forecast_id' in 'field list'

[1 occurrence(s)]
ERROR --> FORECAST: trigger failed for PTON: Unknown column 'forecast_id' in 'field list'

[2 occurrence(s)]
ERROR --> FORECAST: trigger failed for QMCO: Unknown column 'forecast_id' in 'field list'

[1 occurrence(s)]
ERROR --> FORECAST: trigger failed for QSI: Unknown column 'forecast_id' in 'field list'

[1 occurrence(s)]
ERROR --> FORECAST: trigger failed for SOC: Unknown column 'forecast_id' in 'field list'

[1 occurrence(s)]
ERROR --> FORECAST: trigger failed for STNE: Unknown column 'forecast_id' in 'field list'

[2 occurrence(s)]
ERROR --> FORECAST: trigger failed for SUPV: Unknown column 'forecast_id' in 'field list'

[1 occurrence(s)]
ERROR --> FORECAST: trigger failed for SWTX: Unknown column 'forecast_id' in 'field list'

[1 occurrence(s)]
ERROR --> FORECAST: trigger failed for SYNA: Unknown column 'forecast_id' in 'field list'

[1 occurrence(s)]
ERROR --> FORECAST: trigger failed for THC: Unknown column 'forecast_id' in 'field list'

[1 occurrence(s)]
ERROR --> FORECAST: trigger failed for TROX: Unknown column 'forecast_id' in 'field list'

[1 occurrence(s)]
ERROR --> FORECAST: trigger failed for TSSI: Unknown column 'forecast_id' in 'field list'

[1 occurrence(s)]
ERROR --> FORECAST: trigger failed for ULCC: Unknown column 'forecast_id' in 'field list'

[1 occurrence(s)]
ERROR --> FORECAST: trigger failed for VCYT: Unknown column 'forecast_id' in 'field list'

[1 occurrence(s)]
ERROR --> FORECAST: trigger failed for WOLF: Unknown column 'forecast_id' in 'field list'

[3 occurrence(s)]
ERROR --> FORECAST: trigger failed for AEM: Unknown column 'forecast_id' in 'field list'

[4 occurrence(s)]
ERROR --> FORECAST: trigger failed for MO: Unknown column 'forecast_id' in 'field list'

[2 occurrence(s)]
ERROR --> FORECAST: trigger failed for ASML: Unknown column 'forecast_id' in 'field list'

[2 occurrence(s)]
ERROR --> FORECAST: trigger failed for CLS: Unknown column 'forecast_id' in 'field list'

[1 occurrence(s)]
ERROR --> FORECAST: trigger failed for DELL: Unknown column 'forecast_id' in 'field list'

[2 occurrence(s)]
ERROR --> FORECAST: trigger failed for FI: Unknown column 'forecast_id' in 'field list'

[2 occurrence(s)]
ERROR --> FORECAST: trigger failed for LUNR: Unknown column 'forecast_id' in 'field list'

[5 occurrence(s)]
ERROR --> FORECAST: trigger failed for NVDA: Unknown column 'forecast_id' in 'field list'

[4 occurrence(s)]
ERROR --> FORECAST: trigger failed for PLTR: Unknown column 'forecast_id' in 'field list'

[1 occurrence(s)]
ERROR --> FORECAST: trigger failed for AOSL: Unknown column 'forecast_id' in 'field list'

[1 occurrence(s)]
ERROR --> FORECAST: trigger failed for ARCC: Unknown column 'forecast_id' in 'field list'

[1 occurrence(s)]
ERROR --> FORECAST: trigger failed for AZPN: Unknown column 'forecast_id' in 'field list'

[1 occurrence(s)]
ERROR --> FORECAST: trigger failed for BGB: Unknown column 'forecast_id' in 'field list'

[1 occurrence(s)]
ERROR --> FORECAST: trigger failed for BLK: Unknown column 'forecast_id' in 'field list'

[1 occurrence(s)]
ERROR --> FORECAST: trigger failed for BLNK: Unknown column 'forecast_id' in 'field list'

[3 occurrence(s)]
ERROR --> FORECAST: trigger failed for BMA: Unknown column 'forecast_id' in 'field list'

[1 occurrence(s)]
ERROR --> FORECAST: trigger failed for BRSP: Unknown column 'forecast_id' in 'field list'

[2 occurrence(s)]
ERROR --> FORECAST: trigger failed for BST: Unknown column 'forecast_id' in 'field list'

[2 occurrence(s)]
ERROR --> FORECAST: trigger failed for BTI: Unknown column 'forecast_id' in 'field list'

[1 occurrence(s)]
ERROR --> FORECAST: trigger failed for CBOE: Unknown column 'forecast_id' in 'field list'

[1 occurrence(s)]
ERROR --> FORECAST: trigger failed for CEG: Unknown column 'forecast_id' in 'field list'

[2 occurrence(s)]
ERROR --> FORECAST: trigger failed for CNH: Unknown column 'forecast_id' in 'field list'

[2 occurrence(s)]
ERROR --> FORECAST: trigger failed for CYH: Unknown column 'forecast_id' in 'field list'

[4 occurrence(s)]
ERROR --> FORECAST: trigger failed for DAL: Unknown column 'forecast_id' in 'field list'

[2 occurrence(s)]
ERROR --> FORECAST: trigger failed for DBI: Unknown column 'forecast_id' in 'field list'

[1 occurrence(s)]
ERROR --> FORECAST: trigger failed for DYN: Unknown column 'forecast_id' in 'field list'

[1 occurrence(s)]
ERROR --> FORECAST: trigger failed for EDBL: Unknown column 'forecast_id' in 'field list'

[2 occurrence(s)]
ERROR --> FORECAST: trigger failed for ERJ: Unknown column 'forecast_id' in 'field list'

[1 occurrence(s)]
ERROR --> FORECAST: trigger failed for FSS: Unknown column 'forecast_id' in 'field list'

[1 occurrence(s)]
ERROR --> FORECAST: trigger failed for GKOS: Unknown column 'forecast_id' in 'field list'

[1 occurrence(s)]
ERROR --> FORECAST: trigger failed for GNL: Unknown column 'forecast_id' in 'field list'

[1 occurrence(s)]
ERROR --> FORECAST: trigger failed for INDI: Unknown column 'forecast_id' in 'field list'

[1 occurrence(s)]
ERROR --> FORECAST: trigger failed for INDV: Unknown column 'forecast_id' in 'field list'

[1 occurrence(s)]
ERROR --> FORECAST: trigger failed for KEYS: Unknown column 'forecast_id' in 'field list'

[1 occurrence(s)]
ERROR --> FORECAST: trigger failed for KRNT: Unknown column 'forecast_id' in 'field list'

[1 occurrence(s)]
ERROR --> FORECAST: trigger failed for LTM: Unknown column 'forecast_id' in 'field list'

[9 occurrence(s)]
ERROR --> FORECAST: trigger failed for LUV: Unknown column 'forecast_id' in 'field list'

[1 occurrence(s)]
ERROR --> FORECAST: trigger failed for MVST: Unknown column 'forecast_id' in 'field list'

[3 occurrence(s)]
ERROR --> FORECAST: trigger failed for NFLX: Unknown column 'forecast_id' in 'field list'

[2 occurrence(s)]
ERROR --> FORECAST: trigger failed for PSEC: Unknown column 'forecast_id' in 'field list'

[1 occurrence(s)]
ERROR --> FORECAST: trigger failed for RGTIW: Unknown column 'forecast_id' in 'field list'

[1 occurrence(s)]
ERROR --> FORECAST: trigger failed for SCHW: Unknown column 'forecast_id' in 'field list'

[1 occurrence(s)]
ERROR --> FORECAST: trigger failed for SQM: Unknown column 'forecast_id' in 'field list'

[1 occurrence(s)]
ERROR --> FORECAST: trigger failed for SWKS: Unknown column 'forecast_id' in 'field list'

[1 occurrence(s)]
ERROR --> FORECAST: trigger failed for TDS: Unknown column 'forecast_id' in 'field list'

[4 occurrence(s)]
ERROR --> FORECAST: trigger failed for VICI: Unknown column 'forecast_id' in 'field list'

[1 occurrence(s)]
ERROR --> FORECAST: trigger failed for VIST: Unknown column 'forecast_id' in 'field list'

[2 occurrence(s)]
ERROR --> FORECAST: trigger failed for YPF: Unknown column 'forecast_id' in 'field list'

[1 occurrence(s)]
ERROR --> FORECAST: trigger failed for ZVZZT: Unknown column 'forecast_id' in 'field list'

[2 occurrence(s)]
ERROR --> FORECAST: trigger failed for FCN: Unknown column 'forecast_id' in 'field list'

[3 occurrence(s)]
ERROR --> FORECAST: trigger failed for AMGN: Unknown column 'forecast_id' in 'field list'

[1 occurrence(s)]
ERROR --> FORECAST: trigger failed for CME: Unknown column 'forecast_id' in 'field list'

[1 occurrence(s)]
ERROR --> FORECAST: trigger failed for MCK: Unknown column 'forecast_id' in 'field list'

[2 occurrence(s)]
ERROR --> FORECAST: trigger failed for TDG: Unknown column 'forecast_id' in 'field list'

[1 occurrence(s)]
ERROR --> FORECAST: trigger failed for BROS: Unknown column 'forecast_id' in 'field list'

[1 occurrence(s)]
ERROR --> FORECAST: trigger failed for ELVN: Unknown column 'forecast_id' in 'field list'

[1 occurrence(s)]
ERROR --> FORECAST: trigger failed for EOSE: Unknown column 'forecast_id' in 'field list'

[1 occurrence(s)]
ERROR --> FORECAST: trigger failed for LILAK: Unknown column 'forecast_id' in 'field list'

[1 occurrence(s)]
ERROR --> FORECAST: trigger failed for MMYT: Unknown column 'forecast_id' in 'field list'

[1 occurrence(s)]
ERROR --> FORECAST: trigger failed for NWS: Unknown column 'forecast_id' in 'field list'

[1 occurrence(s)]
ERROR --> FORECAST: trigger failed for PFLT: Unknown column 'forecast_id' in 'field list'

[1 occurrence(s)]
ERROR --> FORECAST: trigger failed for TFII: Unknown column 'forecast_id' in 'field list'

[1 occurrence(s)]
ERROR --> FORECAST: trigger failed for CNC: Unknown column 'forecast_id' in 'field list'

[7 occurrence(s)]
ERROR --> FORECAST: trigger failed for GD: Unknown column 'forecast_id' in 'field list'

[1 occurrence(s)]
ERROR --> FORECAST: trigger failed for K: Unknown column 'forecast_id' in 'field list'

[3 occurrence(s)]
ERROR --> FORECAST: trigger failed for AAL: Unknown column 'forecast_id' in 'field list'

[4 occurrence(s)]
ERROR --> FORECAST: trigger failed for PH: Unknown column 'forecast_id' in 'field list'

[3 occurrence(s)]
ERROR --> FORECAST: trigger failed for RCL: Unknown column 'forecast_id' in 'field list'

[3 occurrence(s)]
ERROR --> FORECAST: trigger failed for AES: Unknown column 'forecast_id' in 'field list'

[3 occurrence(s)]
ERROR --> FORECAST: trigger failed for APG: Unknown column 'forecast_id' in 'field list'

[1 occurrence(s)]
ERROR --> FORECAST: trigger failed for BIP: Unknown column 'forecast_id' in 'field list'

[1 occurrence(s)]
ERROR --> FORECAST: trigger failed for CHKP: Unknown column 'forecast_id' in 'field list'

[1 occurrence(s)]
ERROR --> FORECAST: trigger failed for CLNE: Unknown column 'forecast_id' in 'field list'

[1 occurrence(s)]
ERROR --> FORECAST: trigger failed for CPA: Unknown column 'forecast_id' in 'field list'

[1 occurrence(s)]
ERROR --> FORECAST: trigger failed for DCO: Unknown column 'forecast_id' in 'field list'

[1 occurrence(s)]
ERROR --> FORECAST: trigger failed for ENS: Unknown column 'forecast_id' in 'field list'

[1 occurrence(s)]
ERROR --> FORECAST: trigger failed for IBTA: Unknown column 'forecast_id' in 'field list'

[1 occurrence(s)]
ERROR --> FORECAST: trigger failed for KURA: Unknown column 'forecast_id' in 'field list'

[2 occurrence(s)]
ERROR --> FORECAST: trigger failed for LEVI: Unknown column 'forecast_id' in 'field list'

[1 occurrence(s)]
ERROR --> FORECAST: trigger failed for LSCC: Unknown column 'forecast_id' in 'field list'

[1 occurrence(s)]
ERROR --> FORECAST: trigger failed for NABL: Unknown column 'forecast_id' in 'field list'

[2 occurrence(s)]
ERROR --> FORECAST: trigger failed for OXM: Unknown column 'forecast_id' in 'field list'

[1 occurrence(s)]
ERROR --> FORECAST: trigger failed for PHIN: Unknown column 'forecast_id' in 'field list'

[1 occurrence(s)]
ERROR --> FORECAST: trigger failed for ZYME: Unknown column 'forecast_id' in 'field list'

[1 occurrence(s)]
ERROR --> FORECAST: trigger failed for BMI: Unknown column 'forecast_id' in 'field list'

[1 occurrence(s)]
ERROR --> FORECAST: trigger failed for FRHC: Unknown column 'forecast_id' in 'field list'

[1 occurrence(s)]
ERROR --> FORECAST: trigger failed for AIP: Unknown column 'forecast_id' in 'field list'

[1 occurrence(s)]
ERROR --> FORECAST: trigger failed for BSLK: Unknown column 'forecast_id' in 'field list'

[1 occurrence(s)]
ERROR --> FORECAST: trigger failed for FOXX: Unknown column 'forecast_id' in 'field list'

[1 occurrence(s)]
ERROR --> FORECAST: trigger failed for ABR: Unknown column 'forecast_id' in 'field list'

[2 occurrence(s)]
ERROR --> FORECAST: trigger failed for AMKR: Unknown column 'forecast_id' in 'field list'

[1 occurrence(s)]
ERROR --> FORECAST: trigger failed for BKD: Unknown column 'forecast_id' in 'field list'

[1 occurrence(s)]
ERROR --> FORECAST: trigger failed for CERT: Unknown column 'forecast_id' in 'field list'

[1 occurrence(s)]
ERROR --> FORECAST: trigger failed for CXW: Unknown column 'forecast_id' in 'field list'

[3 occurrence(s)]
ERROR --> FORECAST: trigger failed for DASH: Unknown column 'forecast_id' in 'field list'

[2 occurrence(s)]
ERROR --> FORECAST: trigger failed for DMAC: Unknown column 'forecast_id' in 'field list'

[1 occurrence(s)]
ERROR --> FORECAST: trigger failed for EIX: Unknown column 'forecast_id' in 'field list'

[1 occurrence(s)]
ERROR --> FORECAST: trigger failed for FDX: Unknown column 'forecast_id' in 'field list'

[1 occurrence(s)]
ERROR --> FORECAST: trigger failed for HCAT: Unknown column 'forecast_id' in 'field list'

[1 occurrence(s)]
ERROR --> FORECAST: trigger failed for IGT: Unknown column 'forecast_id' in 'field list'

[1 occurrence(s)]
ERROR --> FORECAST: trigger failed for J: Unknown column 'forecast_id' in 'field list'

[2 occurrence(s)]
ERROR --> FORECAST: trigger failed for KGC: Unknown column 'forecast_id' in 'field list'

[3 occurrence(s)]
ERROR --> FORECAST: trigger failed for KVUE: Unknown column 'forecast_id' in 'field list'

[3 occurrence(s)]
ERROR --> FORECAST: trigger failed for LESL: Unknown column 'forecast_id' in 'field list'

[1 occurrence(s)]
ERROR --> FORECAST: trigger failed for LMB: Unknown column 'forecast_id' in 'field list'

[1 occurrence(s)]
ERROR --> FORECAST: trigger failed for OSW: Unknown column 'forecast_id' in 'field list'

[1 occurrence(s)]
ERROR --> FORECAST: trigger failed for PENG: Unknown column 'forecast_id' in 'field list'

[3 occurrence(s)]
ERROR --> FORECAST: trigger failed for PLD: Unknown column 'forecast_id' in 'field list'

[2 occurrence(s)]
ERROR --> FORECAST: trigger failed for SVM: Unknown column 'forecast_id' in 'field list'

[1 occurrence(s)]
ERROR --> FORECAST: trigger failed for TRIP: Unknown column 'forecast_id' in 'field list'

[1 occurrence(s)]
ERROR --> FORECAST: trigger failed for AGI: Unknown column 'forecast_id' in 'field list'

[1 occurrence(s)]
ERROR --> FORECAST: trigger failed for ANGO: Unknown column 'forecast_id' in 'field list'

[1 occurrence(s)]
ERROR --> FORECAST: trigger failed for BBNX: Unknown column 'forecast_id' in 'field list'

[1 occurrence(s)]
ERROR --> FORECAST: trigger failed for BMRN: Unknown column 'forecast_id' in 'field list'

[1 occurrence(s)]
ERROR --> FORECAST: trigger failed for BOX: Unknown column 'forecast_id' in 'field list'

[1 occurrence(s)]
ERROR --> FORECAST: trigger failed for BSAC: Unknown column 'forecast_id' in 'field list'

[2 occurrence(s)]
ERROR --> FORECAST: trigger failed for CRML: Unknown column 'forecast_id' in 'field list'

[3 occurrence(s)]
ERROR --> FORECAST: trigger failed for DBRG: Unknown column 'forecast_id' in 'field list'

[2 occurrence(s)]
ERROR --> FORECAST: trigger failed for DRH: Unknown column 'forecast_id' in 'field list'

[1 occurrence(s)]
ERROR --> FORECAST: trigger failed for DXF: Unknown column 'forecast_id' in 'field list'

[1 occurrence(s)]
ERROR --> FORECAST: trigger failed for EEFT: Unknown column 'forecast_id' in 'field list'

[1 occurrence(s)]
ERROR --> FORECAST: trigger failed for GAB: Unknown column 'forecast_id' in 'field list'

[1 occurrence(s)]
ERROR --> FORECAST: trigger failed for IMAX: Unknown column 'forecast_id' in 'field list'

[4 occurrence(s)]
ERROR --> FORECAST: trigger failed for MSCI: Unknown column 'forecast_id' in 'field list'

[1 occurrence(s)]
ERROR --> FORECAST: trigger failed for NOMD: Unknown column 'forecast_id' in 'field list'

[1 occurrence(s)]
ERROR --> FORECAST: trigger failed for NTNX: Unknown column 'forecast_id' in 'field list'

[2 occurrence(s)]
ERROR --> FORECAST: trigger failed for PBH: Unknown column 'forecast_id' in 'field list'

[1 occurrence(s)]
ERROR --> FORECAST: trigger failed for PRAA: Unknown column 'forecast_id' in 'field list'

[1 occurrence(s)]
ERROR --> FORECAST: trigger failed for SBAC: Unknown column 'forecast_id' in 'field list'

[1 occurrence(s)]
ERROR --> FORECAST: trigger failed for SNDX: Unknown column 'forecast_id' in 'field list'

[1 occurrence(s)]
ERROR --> FORECAST: trigger failed for SPWH: Unknown column 'forecast_id' in 'field list'

[1 occurrence(s)]
ERROR --> FORECAST: trigger failed for UI: Unknown column 'forecast_id' in 'field list'

[1 occurrence(s)]
ERROR --> FORECAST: trigger failed for WH: Unknown column 'forecast_id' in 'field list'

[2 occurrence(s)]
ERROR --> FORECAST: trigger failed for WPM: Unknown column 'forecast_id' in 'field list'

[6 occurrence(s)]
ERROR --> FORECAST: trigger failed for ZM: Unknown column 'forecast_id' in 'field list'

[1 occurrence(s)]
ERROR --> FORECAST: trigger failed for MS: Unknown column 'forecast_id' in 'field list'

[2 occurrence(s)]
ERROR --> FORECAST: trigger failed for XYZ: Unknown column 'forecast_id' in 'field list'

[1 occurrence(s)]
ERROR --> FORECAST: trigger failed for GBX: Unknown column 'forecast_id' in 'field list'

[2 occurrence(s)]
ERROR --> FORECAST: trigger failed for ICE: Unknown column 'forecast_id' in 'field list'

[1 occurrence(s)]
ERROR --> FORECAST: trigger failed for MORN: Unknown column 'forecast_id' in 'field list'

[2 occurrence(s)]
ERROR --> FORECAST: trigger failed for NOVT: Unknown column 'forecast_id' in 'field list'

[1 occurrence(s)]
ERROR --> FORECAST: trigger failed for WDFC: Unknown column 'forecast_id' in 'field list'

[1 occurrence(s)]
ERROR --> FORECAST: trigger failed for OMC: Unknown column 'forecast_id' in 'field list'

[2 occurrence(s)]
ERROR --> FORECAST: trigger failed for BMY: Unknown column 'forecast_id' in 'field list'

[2 occurrence(s)]
ERROR --> FORECAST: trigger failed for KHC: Unknown column 'forecast_id' in 'field list'

[2 occurrence(s)]
ERROR --> FORECAST: trigger failed for NVO: Unknown column 'forecast_id' in 'field list'

[1 occurrence(s)]
ERROR --> FORECAST: trigger failed for UBER: Unknown column 'forecast_id' in 'field list'

[1 occurrence(s)]
ERROR --> FORECAST: trigger failed for BZAI: Unknown column 'forecast_id' in 'field list'

[2 occurrence(s)]
ERROR --> FORECAST: trigger failed for CAPR: Unknown column 'forecast_id' in 'field list'

[2 occurrence(s)]
ERROR --> FORECAST: trigger failed for ENVX: Unknown column 'forecast_id' in 'field list'

[1 occurrence(s)]
ERROR --> FORECAST: trigger failed for G: Unknown column 'forecast_id' in 'field list'

[1 occurrence(s)]
ERROR --> FORECAST: trigger failed for GBCI: Unknown column 'forecast_id' in 'field list'

[1 occurrence(s)]
ERROR --> FORECAST: trigger failed for HNI: Unknown column 'forecast_id' in 'field list'

[1 occurrence(s)]
ERROR --> FORECAST: trigger failed for KWR: Unknown column 'forecast_id' in 'field list'

[1 occurrence(s)]
ERROR --> FORECAST: trigger failed for LAC: Unknown column 'forecast_id' in 'field list'

[1 occurrence(s)]
ERROR --> FORECAST: trigger failed for MAN: Unknown column 'forecast_id' in 'field list'

[1 occurrence(s)]
ERROR --> FORECAST: trigger failed for MOG: Unknown column 'forecast_id' in 'field list'

[1 occurrence(s)]
ERROR --> FORECAST: trigger failed for ORI: Unknown column 'forecast_id' in 'field list'

[2 occurrence(s)]
ERROR --> FORECAST: trigger failed for OTTR: Unknown column 'forecast_id' in 'field list'

[1 occurrence(s)]
ERROR --> FORECAST: trigger failed for OWL: Unknown column 'forecast_id' in 'field list'

[1 occurrence(s)]
ERROR --> FORECAST: trigger failed for PMTV: Unknown column 'forecast_id' in 'field list'

[1 occurrence(s)]
ERROR --> FORECAST: trigger failed for QRVO: Unknown column 'forecast_id' in 'field list'

[1 occurrence(s)]
ERROR --> FORECAST: trigger failed for RGLD: Unknown column 'forecast_id' in 'field list'

[1 occurrence(s)]
ERROR --> FORECAST: trigger failed for SANM: Unknown column 'forecast_id' in 'field list'

[1 occurrence(s)]
ERROR --> FORECAST: trigger failed for SEI: Unknown column 'forecast_id' in 'field list'

[1 occurrence(s)]
ERROR --> FORECAST: trigger failed for TGNA: Unknown column 'forecast_id' in 'field list'

[1 occurrence(s)]
ERROR --> FORECAST: trigger failed for UHS: Unknown column 'forecast_id' in 'field list'

[1 occurrence(s)]
ERROR --> FORECAST: trigger failed for AAON: Unknown column 'forecast_id' in 'field list'

[1 occurrence(s)]
ERROR --> FORECAST: trigger failed for ACRE: Unknown column 'forecast_id' in 'field list'

[1 occurrence(s)]
ERROR --> FORECAST: trigger failed for AGX: Unknown column 'forecast_id' in 'field list'

[2 occurrence(s)]
ERROR --> FORECAST: trigger failed for ALIT: Unknown column 'forecast_id' in 'field list'

[1 occurrence(s)]
ERROR --> FORECAST: trigger failed for AUPH: Unknown column 'forecast_id' in 'field list'

[1 occurrence(s)]
ERROR --> FORECAST: trigger failed for AVPT: Unknown column 'forecast_id' in 'field list'

[1 occurrence(s)]
ERROR --> FORECAST: trigger failed for BANC: Unknown column 'forecast_id' in 'field list'

[1 occurrence(s)]
ERROR --> FORECAST: trigger failed for BECN: Unknown column 'forecast_id' in 'field list'

[2 occurrence(s)]
ERROR --> FORECAST: trigger failed for BMO: Unknown column 'forecast_id' in 'field list'

[3 occurrence(s)]
ERROR --> FORECAST: trigger failed for BX: Unknown column 'forecast_id' in 'field list'

[2 occurrence(s)]
ERROR --> FORECAST: trigger failed for BYON: Unknown column 'forecast_id' in 'field list'

[1 occurrence(s)]
ERROR --> FORECAST: trigger failed for CFR: Unknown column 'forecast_id' in 'field list'

[1 occurrence(s)]
ERROR --> FORECAST: trigger failed for CIGI: Unknown column 'forecast_id' in 'field list'

[2 occurrence(s)]
ERROR --> FORECAST: trigger failed for COLD: Unknown column 'forecast_id' in 'field list'

[1 occurrence(s)]
ERROR --> FORECAST: trigger failed for CRC: Unknown column 'forecast_id' in 'field list'

[1 occurrence(s)]
ERROR --> FORECAST: trigger failed for CSQ: Unknown column 'forecast_id' in 'field list'

[1 occurrence(s)]
ERROR --> FORECAST: trigger failed for CVBF: Unknown column 'forecast_id' in 'field list'

[1 occurrence(s)]
ERROR --> FORECAST: trigger failed for CVLT: Unknown column 'forecast_id' in 'field list'

[1 occurrence(s)]
ERROR --> FORECAST: trigger failed for DOV: Unknown column 'forecast_id' in 'field list'

[1 occurrence(s)]
ERROR --> FORECAST: trigger failed for ENR: Unknown column 'forecast_id' in 'field list'

[1 occurrence(s)]
ERROR --> FORECAST: trigger failed for ESTA: Unknown column 'forecast_id' in 'field list'

[1 occurrence(s)]
ERROR --> FORECAST: trigger failed for EXPO: Unknown column 'forecast_id' in 'field list'

[1 occurrence(s)]
ERROR --> FORECAST: trigger failed for FELE: Unknown column 'forecast_id' in 'field list'

[1 occurrence(s)]
ERROR --> FORECAST: trigger failed for FHI: Unknown column 'forecast_id' in 'field list'

[1 occurrence(s)]
ERROR --> FORECAST: trigger failed for FLO: Unknown column 'forecast_id' in 'field list'

[1 occurrence(s)]
ERROR --> FORECAST: trigger failed for FMC: Unknown column 'forecast_id' in 'field list'

[2 occurrence(s)]
ERROR --> FORECAST: trigger failed for FULT: Unknown column 'forecast_id' in 'field list'

[1 occurrence(s)]
ERROR --> FORECAST: trigger failed for GHC: Unknown column 'forecast_id' in 'field list'

[2 occurrence(s)]
ERROR --> FORECAST: trigger failed for GL: Unknown column 'forecast_id' in 'field list'

[4 occurrence(s)]
ERROR --> FORECAST: trigger failed for GWW: Unknown column 'forecast_id' in 'field list'

[1 occurrence(s)]
ERROR --> FORECAST: trigger failed for HAYW: Unknown column 'forecast_id' in 'field list'

[1 occurrence(s)]
ERROR --> FORECAST: trigger failed for HOG: Unknown column 'forecast_id' in 'field list'

[1 occurrence(s)]
ERROR --> FORECAST: trigger failed for HSIC: Unknown column 'forecast_id' in 'field list'

[1 occurrence(s)]
ERROR --> FORECAST: trigger failed for HST: Unknown column 'forecast_id' in 'field list'

[1 occurrence(s)]
ERROR --> FORECAST: trigger failed for HTBK: Unknown column 'forecast_id' in 'field list'

[3 occurrence(s)]
ERROR --> FORECAST: trigger failed for INFY: Unknown column 'forecast_id' in 'field list'

[1 occurrence(s)]
ERROR --> FORECAST: trigger failed for LKQ: Unknown column 'forecast_id' in 'field list'

[3 occurrence(s)]
ERROR --> FORECAST: trigger failed for LOPE: Unknown column 'forecast_id' in 'field list'

[2 occurrence(s)]
ERROR --> FORECAST: trigger failed for M: Unknown column 'forecast_id' in 'field list'

[1 occurrence(s)]
ERROR --> FORECAST: trigger failed for MFG: Unknown column 'forecast_id' in 'field list'

[3 occurrence(s)]
ERROR --> FORECAST: trigger failed for MKC: Unknown column 'forecast_id' in 'field list'

[1 occurrence(s)]
ERROR --> FORECAST: trigger failed for MKSI: Unknown column 'forecast_id' in 'field list'

[1 occurrence(s)]
ERROR --> FORECAST: trigger failed for MPW: Unknown column 'forecast_id' in 'field list'

[1 occurrence(s)]
ERROR --> FORECAST: trigger failed for MSM: Unknown column 'forecast_id' in 'field list'

[1 occurrence(s)]
ERROR --> FORECAST: trigger failed for NJR: Unknown column 'forecast_id' in 'field list'

[1 occurrence(s)]
ERROR --> FORECAST: trigger failed for ONB: Unknown column 'forecast_id' in 'field list'

[1 occurrence(s)]
ERROR --> FORECAST: trigger failed for PATK: Unknown column 'forecast_id' in 'field list'

[1 occurrence(s)]
ERROR --> FORECAST: trigger failed for PDM: Unknown column 'forecast_id' in 'field list'

[3 occurrence(s)]
ERROR --> FORECAST: trigger failed for PM: Unknown column 'forecast_id' in 'field list'

[1 occurrence(s)]
ERROR --> FORECAST: trigger failed for PPC: Unknown column 'forecast_id' in 'field list'

[1 occurrence(s)]
ERROR --> FORECAST: trigger failed for RCI: Unknown column 'forecast_id' in 'field list'

[1 occurrence(s)]
ERROR --> FORECAST: trigger failed for REVG: Unknown column 'forecast_id' in 'field list'

[1 occurrence(s)]
ERROR --> FORECAST: trigger failed for SF: Unknown column 'forecast_id' in 'field list'

[1 occurrence(s)]
ERROR --> FORECAST: trigger failed for SFD: Unknown column 'forecast_id' in 'field list'

[1 occurrence(s)]
ERROR --> FORECAST: trigger failed for SPXC: Unknown column 'forecast_id' in 'field list'

[1 occurrence(s)]
ERROR --> FORECAST: trigger failed for STWD: Unknown column 'forecast_id' in 'field list'

[3 occurrence(s)]
ERROR --> FORECAST: trigger failed for SYF: Unknown column 'forecast_id' in 'field list'

[1 occurrence(s)]
ERROR --> FORECAST: trigger failed for TCBI: Unknown column 'forecast_id' in 'field list'

[1 occurrence(s)]
ERROR --> FORECAST: trigger failed for TEI: Unknown column 'forecast_id' in 'field list'

[1 occurrence(s)]
ERROR --> FORECAST: trigger failed for TIL: Unknown column 'forecast_id' in 'field list'

[1 occurrence(s)]
ERROR --> FORECAST: trigger failed for TNC: Unknown column 'forecast_id' in 'field list'

[1 occurrence(s)]
ERROR --> FORECAST: trigger failed for VLY: Unknown column 'forecast_id' in 'field list'

[1 occurrence(s)]
ERROR --> FORECAST: trigger failed for VRA: Unknown column 'forecast_id' in 'field list'

[1 occurrence(s)]
ERROR --> FORECAST: trigger failed for WAFD: Unknown column 'forecast_id' in 'field list'

[1 occurrence(s)]
ERROR --> FORECAST: trigger failed for XYL: Unknown column 'forecast_id' in 'field list'

[3 occurrence(s)]
ERROR --> FORECAST: trigger failed for NU: Unknown column 'forecast_id' in 'field list'

[3 occurrence(s)]
ERROR --> FORECAST: trigger failed for STZ: Unknown column 'forecast_id' in 'field list'

[1 occurrence(s)]
ERROR --> FORECAST: trigger failed for TDOC: Unknown column 'forecast_id' in 'field list'

[1 occurrence(s)]
ERROR --> FORECAST: trigger failed for HUM: Unknown column 'forecast_id' in 'field list'

[2 occurrence(s)]
ERROR --> FORECAST: trigger failed for REGN: Unknown column 'forecast_id' in 'field list'

[5 occurrence(s)]
ERROR --> FORECAST: trigger failed for DG: Unknown column 'forecast_id' in 'field list'

[1 occurrence(s)]
ERROR --> FORECAST: trigger failed for KNSL: Unknown column 'forecast_id' in 'field list'

[1 occurrence(s)]
ERROR --> FORECAST: trigger failed for LEGH: Unknown column 'forecast_id' in 'field list'

[4 occurrence(s)]
ERROR --> FORECAST: trigger failed for CBRE: Unknown column 'forecast_id' in 'field list'

[1 occurrence(s)]
ERROR --> FORECAST: trigger failed for NCLH: Unknown column 'forecast_id' in 'field list'

[1 occurrence(s)]
ERROR --> FORECAST: trigger failed for VRTX: Unknown column 'forecast_id' in 'field list'

[1 occurrence(s)]
ERROR --> FORECAST: trigger failed for ASGN: Unknown column 'forecast_id' in 'field list'

[1 occurrence(s)]
ERROR --> FORECAST: trigger failed for AUB: Unknown column 'forecast_id' in 'field list'

[1 occurrence(s)]
ERROR --> FORECAST: trigger failed for AYI: Unknown column 'forecast_id' in 'field list'

[2 occurrence(s)]
ERROR --> FORECAST: trigger failed for AZO: Unknown column 'forecast_id' in 'field list'

[1 occurrence(s)]
ERROR --> FORECAST: trigger failed for BKU: Unknown column 'forecast_id' in 'field list'

[1 occurrence(s)]
ERROR --> FORECAST: trigger failed for BXSL: Unknown column 'forecast_id' in 'field list'

[1 occurrence(s)]
ERROR --> FORECAST: trigger failed for CHD: Unknown column 'forecast_id' in 'field list'

[1 occurrence(s)]
ERROR --> FORECAST: trigger failed for CIK: Unknown column 'forecast_id' in 'field list'

[1 occurrence(s)]
ERROR --> FORECAST: trigger failed for EAF: Unknown column 'forecast_id' in 'field list'

[2 occurrence(s)]
ERROR --> FORECAST: trigger failed for ECAT: Unknown column 'forecast_id' in 'field list'

[1 occurrence(s)]
ERROR --> FORECAST: trigger failed for ENVA: Unknown column 'forecast_id' in 'field list'

[1 occurrence(s)]
ERROR --> FORECAST: trigger failed for ESRT: Unknown column 'forecast_id' in 'field list'

[1 occurrence(s)]
ERROR --> FORECAST: trigger failed for EVRG: Unknown column 'forecast_id' in 'field list'

[1 occurrence(s)]
ERROR --> FORECAST: trigger failed for FCNCA: Unknown column 'forecast_id' in 'field list'

[2 occurrence(s)]
ERROR --> FORECAST: trigger failed for FIVN: Unknown column 'forecast_id' in 'field list'

[1 occurrence(s)]
ERROR --> FORECAST: trigger failed for HOMB: Unknown column 'forecast_id' in 'field list'

[1 occurrence(s)]
ERROR --> FORECAST: trigger failed for HUBG: Unknown column 'forecast_id' in 'field list'

[1 occurrence(s)]
ERROR --> FORECAST: trigger failed for IBP: Unknown column 'forecast_id' in 'field list'

[1 occurrence(s)]
ERROR --> FORECAST: trigger failed for JFR: Unknown column 'forecast_id' in 'field list'

[1 occurrence(s)]
ERROR --> FORECAST: trigger failed for JKHY: Unknown column 'forecast_id' in 'field list'

[1 occurrence(s)]
ERROR --> FORECAST: trigger failed for LC: Unknown column 'forecast_id' in 'field list'

[4 occurrence(s)]
ERROR --> FORECAST: trigger failed for MDT: Unknown column 'forecast_id' in 'field list'

[1 occurrence(s)]
ERROR --> FORECAST: trigger failed for MP: Unknown column 'forecast_id' in 'field list'

[2 occurrence(s)]
ERROR --> FORECAST: trigger failed for NMIH: Unknown column 'forecast_id' in 'field list'

[1 occurrence(s)]
ERROR --> FORECAST: trigger failed for NVST: Unknown column 'forecast_id' in 'field list'

[1 occurrence(s)]
ERROR --> FORECAST: trigger failed for PFSI: Unknown column 'forecast_id' in 'field list'

[1 occurrence(s)]
ERROR --> FORECAST: trigger failed for PRGO: Unknown column 'forecast_id' in 'field list'

[1 occurrence(s)]
ERROR --> FORECAST: trigger failed for RELX: Unknown column 'forecast_id' in 'field list'

[1 occurrence(s)]
ERROR --> FORECAST: trigger failed for SAM: Unknown column 'forecast_id' in 'field list'

[1 occurrence(s)]
ERROR --> FORECAST: trigger failed for VRTS: Unknown column 'forecast_id' in 'field list'

[1 occurrence(s)]
ERROR --> FORECAST: trigger failed for WKC: Unknown column 'forecast_id' in 'field list'

[1 occurrence(s)]
ERROR --> FORECAST: trigger failed for XHR: Unknown column 'forecast_id' in 'field list'

[4 occurrence(s)]
ERROR --> FORECAST: trigger failed for BIRK: Unknown column 'forecast_id' in 'field list'

[2 occurrence(s)]
ERROR --> FORECAST: trigger failed for EL: Unknown column 'forecast_id' in 'field list'

[5 occurrence(s)]
ERROR --> FORECAST: trigger failed for GRAB: Unknown column 'forecast_id' in 'field list'

[2 occurrence(s)]
ERROR --> FORECAST: trigger failed for LVS: Unknown column 'forecast_id' in 'field list'

[2 occurrence(s)]
ERROR --> FORECAST: trigger failed for WCN: Unknown column 'forecast_id' in 'field list'

[1 occurrence(s)]
ERROR --> FORECAST: trigger failed for WYNN: Unknown column 'forecast_id' in 'field list'

[1 occurrence(s)]
ERROR --> FORECAST: trigger failed for ACGL: Unknown column 'forecast_id' in 'field list'

[2 occurrence(s)]
ERROR --> FORECAST: trigger failed for ADT: Unknown column 'forecast_id' in 'field list'

[2 occurrence(s)]
ERROR --> FORECAST: trigger failed for AFL: Unknown column 'forecast_id' in 'field list'

[2 occurrence(s)]
ERROR --> FORECAST: trigger failed for AGH: Unknown column 'forecast_id' in 'field list'

[1 occurrence(s)]
ERROR --> FORECAST: trigger failed for AGO: Unknown column 'forecast_id' in 'field list'

[2 occurrence(s)]
ERROR --> FORECAST: trigger failed for AIG: Unknown column 'forecast_id' in 'field list'

[3 occurrence(s)]
ERROR --> FORECAST: trigger failed for ANSS: Unknown column 'forecast_id' in 'field list'

[1 occurrence(s)]
ERROR --> FORECAST: trigger failed for APA: Unknown column 'forecast_id' in 'field list'

[1 occurrence(s)]
ERROR --> FORECAST: trigger failed for ARI: Unknown column 'forecast_id' in 'field list'

[1 occurrence(s)]
ERROR --> FORECAST: trigger failed for ATEC: Unknown column 'forecast_id' in 'field list'

[1 occurrence(s)]
ERROR --> FORECAST: trigger failed for ATO: Unknown column 'forecast_id' in 'field list'

[1 occurrence(s)]
ERROR --> FORECAST: trigger failed for AVNS: Unknown column 'forecast_id' in 'field list'

[1 occurrence(s)]
ERROR --> FORECAST: trigger failed for AVTR: Unknown column 'forecast_id' in 'field list'

[1 occurrence(s)]
ERROR --> FORECAST: trigger failed for AXS: Unknown column 'forecast_id' in 'field list'

[1 occurrence(s)]
ERROR --> FORECAST: trigger failed for AXTA: Unknown column 'forecast_id' in 'field list'

[1 occurrence(s)]
ERROR --> FORECAST: trigger failed for BATRA: Unknown column 'forecast_id' in 'field list'

[1 occurrence(s)]
ERROR --> FORECAST: trigger failed for BATRK: Unknown column 'forecast_id' in 'field list'

[2 occurrence(s)]
ERROR --> FORECAST: trigger failed for BF: Unknown column 'forecast_id' in 'field list'

[2 occurrence(s)]
ERROR --> FORECAST: trigger failed for B: Unknown column 'forecast_id' in 'field list'

[1 occurrence(s)]
ERROR --> FORECAST: trigger failed for BLMN: Unknown column 'forecast_id' in 'field list'

[1 occurrence(s)]
ERROR --> FORECAST: trigger failed for BLW: Unknown column 'forecast_id' in 'field list'

[1 occurrence(s)]
ERROR --> FORECAST: trigger failed for BNS: Unknown column 'forecast_id' in 'field list'

[2 occurrence(s)]
ERROR --> FORECAST: trigger failed for BSX: Unknown column 'forecast_id' in 'field list'

[1 occurrence(s)]
ERROR --> FORECAST: trigger failed for BV: Unknown column 'forecast_id' in 'field list'

[1 occurrence(s)]
ERROR --> FORECAST: trigger failed for CASH: Unknown column 'forecast_id' in 'field list'

[3 occurrence(s)]
ERROR --> FORECAST: trigger failed for CAT: Unknown column 'forecast_id' in 'field list'

[5 occurrence(s)]
ERROR --> FORECAST: trigger failed for CB: Unknown column 'forecast_id' in 'field list'

[1 occurrence(s)]
ERROR --> FORECAST: trigger failed for CBSH: Unknown column 'forecast_id' in 'field list'

[1 occurrence(s)]
ERROR --> FORECAST: trigger failed for CBU: Unknown column 'forecast_id' in 'field list'

[1 occurrence(s)]
ERROR --> FORECAST: trigger failed for CLX: Unknown column 'forecast_id' in 'field list'

[2 occurrence(s)]
ERROR --> FORECAST: trigger failed for CMPO: Unknown column 'forecast_id' in 'field list'

[2 occurrence(s)]
ERROR --> FORECAST: trigger failed for CNA: Unknown column 'forecast_id' in 'field list'

[3 occurrence(s)]
ERROR --> FORECAST: trigger failed for CNI: Unknown column 'forecast_id' in 'field list'

[1 occurrence(s)]
ERROR --> FORECAST: trigger failed for CPB: Unknown column 'forecast_id' in 'field list'

[2 occurrence(s)]
ERROR --> FORECAST: trigger failed for CSL: Unknown column 'forecast_id' in 'field list'

[1 occurrence(s)]
ERROR --> FORECAST: trigger failed for CSV: Unknown column 'forecast_id' in 'field list'

[2 occurrence(s)]
ERROR --> FORECAST: trigger failed for D: Unknown column 'forecast_id' in 'field list'

[2 occurrence(s)]
ERROR --> FORECAST: trigger failed for DHR: Unknown column 'forecast_id' in 'field list'

[1 occurrence(s)]
ERROR --> FORECAST: trigger failed for DLX: Unknown column 'forecast_id' in 'field list'

[2 occurrence(s)]
ERROR --> FORECAST: trigger failed for DNOW: Unknown column 'forecast_id' in 'field list'

[1 occurrence(s)]
ERROR --> FORECAST: trigger failed for DNUT: Unknown column 'forecast_id' in 'field list'

[1 occurrence(s)]
ERROR --> FORECAST: trigger failed for DVA: Unknown column 'forecast_id' in 'field list'

[1 occurrence(s)]
ERROR --> FORECAST: trigger failed for EBC: Unknown column 'forecast_id' in 'field list'

[2 occurrence(s)]
ERROR --> FORECAST: trigger failed for EG: Unknown column 'forecast_id' in 'field list'

[1 occurrence(s)]
ERROR --> FORECAST: trigger failed for EGP: Unknown column 'forecast_id' in 'field list'

[1 occurrence(s)]
ERROR --> FORECAST: trigger failed for ELS: Unknown column 'forecast_id' in 'field list'

[2 occurrence(s)]
ERROR --> FORECAST: trigger failed for EQR: Unknown column 'forecast_id' in 'field list'

[1 occurrence(s)]
ERROR --> FORECAST: trigger failed for EXG: Unknown column 'forecast_id' in 'field list'

[2 occurrence(s)]
ERROR --> FORECAST: trigger failed for EYE: Unknown column 'forecast_id' in 'field list'

[1 occurrence(s)]
ERROR --> FORECAST: trigger failed for FBRT: Unknown column 'forecast_id' in 'field list'

[1 occurrence(s)]
ERROR --> FORECAST: trigger failed for FDUS: Unknown column 'forecast_id' in 'field list'

[1 occurrence(s)]
ERROR --> FORECAST: trigger failed for FFIN: Unknown column 'forecast_id' in 'field list'

[1 occurrence(s)]
ERROR --> FORECAST: trigger failed for FIBK: Unknown column 'forecast_id' in 'field list'

[1 occurrence(s)]
ERROR --> FORECAST: trigger failed for FNB: Unknown column 'forecast_id' in 'field list'

[2 occurrence(s)]
ERROR --> FORECAST: trigger failed for GBDC: Unknown column 'forecast_id' in 'field list'

[1 occurrence(s)]
ERROR --> FORECAST: trigger failed for GCI: Unknown column 'forecast_id' in 'field list'

[1 occurrence(s)]
ERROR --> FORECAST: trigger failed for GCO: Unknown column 'forecast_id' in 'field list'

[1 occurrence(s)]
ERROR --> FORECAST: trigger failed for GEL: Unknown column 'forecast_id' in 'field list'

[1 occurrence(s)]
ERROR --> FORECAST: trigger failed for GFI: Unknown column 'forecast_id' in 'field list'

[7 occurrence(s)]
ERROR --> FORECAST: trigger failed for GOOG: Unknown column 'forecast_id' in 'field list'

[1 occurrence(s)]
ERROR --> FORECAST: trigger failed for GPCR: Unknown column 'forecast_id' in 'field list'

[3 occurrence(s)]
ERROR --> FORECAST: trigger failed for GSK: Unknown column 'forecast_id' in 'field list'

[1 occurrence(s)]
ERROR --> FORECAST: trigger failed for GSM: Unknown column 'forecast_id' in 'field list'

[2 occurrence(s)]
ERROR --> FORECAST: trigger failed for GTX: Unknown column 'forecast_id' in 'field list'

[1 occurrence(s)]
ERROR --> FORECAST: trigger failed for HAS: Unknown column 'forecast_id' in 'field list'

[2 occurrence(s)]
ERROR --> FORECAST: trigger failed for HIG: Unknown column 'forecast_id' in 'field list'

[1 occurrence(s)]
ERROR --> FORECAST: trigger failed for HMN: Unknown column 'forecast_id' in 'field list'

[1 occurrence(s)]
ERROR --> FORECAST: trigger failed for HOLX: Unknown column 'forecast_id' in 'field list'

[2 occurrence(s)]
ERROR --> FORECAST: trigger failed for HR: Unknown column 'forecast_id' in 'field list'

[1 occurrence(s)]
ERROR --> FORECAST: trigger failed for HTH: Unknown column 'forecast_id' in 'field list'

[1 occurrence(s)]
ERROR --> FORECAST: trigger failed for HYT: Unknown column 'forecast_id' in 'field list'

[1 occurrence(s)]
ERROR --> FORECAST: trigger failed for IBN: Unknown column 'forecast_id' in 'field list'

[1 occurrence(s)]
ERROR --> FORECAST: trigger failed for IGR: Unknown column 'forecast_id' in 'field list'

[1 occurrence(s)]
ERROR --> FORECAST: trigger failed for IHG: Unknown column 'forecast_id' in 'field list'

[2 occurrence(s)]
ERROR --> FORECAST: trigger failed for IRT: Unknown column 'forecast_id' in 'field list'

[1 occurrence(s)]
ERROR --> FORECAST: trigger failed for JBI: Unknown column 'forecast_id' in 'field list'

[1 occurrence(s)]
ERROR --> FORECAST: trigger failed for KBH: Unknown column 'forecast_id' in 'field list'

[3 occurrence(s)]
ERROR --> FORECAST: trigger failed for KR: Unknown column 'forecast_id' in 'field list'

[1 occurrence(s)]
ERROR --> FORECAST: trigger failed for L: Unknown column 'forecast_id' in 'field list'

[2 occurrence(s)]
ERROR --> FORECAST: trigger failed for LBTYA: Unknown column 'forecast_id' in 'field list'

[4 occurrence(s)]
ERROR --> FORECAST: trigger failed for LEN: Unknown column 'forecast_id' in 'field list'

[1 occurrence(s)]
ERROR --> FORECAST: trigger failed for LNC: Unknown column 'forecast_id' in 'field list'

[1 occurrence(s)]
ERROR --> FORECAST: trigger failed for FT: Unknown column 'forecast_id' in 'field list'

[1 occurrence(s)]
ERROR --> FORECAST: trigger failed for FAST: Unknown column 'forecast_id' in 'field list'

[9 occurrence(s)]
ERROR --> FORECAST: trigger failed for GOOGL: Unknown column 'forecast_id' in 'field list'

[3 occurrence(s)]
ERROR --> FORECAST: trigger failed for IBM: Unknown column 'forecast_id' in 'field list'

[1 occurrence(s)]
ERROR --> FORECAST: trigger failed for MAR: Unknown column 'forecast_id' in 'field list'

[4 occurrence(s)]
ERROR --> FORECAST: trigger failed for SO: Unknown column 'forecast_id' in 'field list'

[3 occurrence(s)]
ERROR --> FORECAST: trigger failed for WAB: Unknown column 'forecast_id' in 'field list'

[1 occurrence(s)]
ERROR --> FORECAST: trigger failed for ALLE: Unknown column 'forecast_id' in 'field list'

[1 occurrence(s)]
ERROR --> FORECAST: trigger failed for APD: Unknown column 'forecast_id' in 'field list'

[2 occurrence(s)]
ERROR --> FORECAST: trigger failed for BIIB: Unknown column 'forecast_id' in 'field list'

[1 occurrence(s)]
ERROR --> FORECAST: trigger failed for DKNG: Unknown column 'forecast_id' in 'field list'

[1 occurrence(s)]
ERROR --> FORECAST: trigger failed for EMR: Unknown column 'forecast_id' in 'field list'

[1 occurrence(s)]
ERROR --> FORECAST: trigger failed for ETR: Unknown column 'forecast_id' in 'field list'

[2 occurrence(s)]
ERROR --> FORECAST: trigger failed for FIS: Unknown column 'forecast_id' in 'field list'

[2 occurrence(s)]
ERROR --> FORECAST: trigger failed for FLR: Unknown column 'forecast_id' in 'field list'

[3 occurrence(s)]
ERROR --> FORECAST: trigger failed for GEHC: Unknown column 'forecast_id' in 'field list'

[1 occurrence(s)]
ERROR --> FORECAST: trigger failed for GM: Unknown column 'forecast_id' in 'field list'

[1 occurrence(s)]
ERROR --> FORECAST: trigger failed for INTU: Unknown column 'forecast_id' in 'field list'

[1 occurrence(s)]
ERROR --> FORECAST: trigger failed for IP: Unknown column 'forecast_id' in 'field list'

[1 occurrence(s)]
ERROR --> FORECAST: trigger failed for NICE: Unknown column 'forecast_id' in 'field list'

[1 occurrence(s)]
ERROR --> FORECAST: trigger failed for NRG: Unknown column 'forecast_id' in 'field list'

[1 occurrence(s)]
ERROR --> FORECAST: trigger failed for PRU: Unknown column 'forecast_id' in 'field list'

[1 occurrence(s)]
ERROR --> FORECAST: trigger failed for ROST: Unknown column 'forecast_id' in 'field list'

[2 occurrence(s)]
ERROR --> FORECAST: trigger failed for TAP: Unknown column 'forecast_id' in 'field list'

[1 occurrence(s)]
ERROR --> FORECAST: trigger failed for TLN: Unknown column 'forecast_id' in 'field list'

[1 occurrence(s)]
ERROR --> FORECAST: trigger failed for TRGP: Unknown column 'forecast_id' in 'field list'

[1 occurrence(s)]
ERROR --> FORECAST: trigger failed for TRV: Unknown column 'forecast_id' in 'field list'

[1 occurrence(s)]
ERROR --> FORECAST: trigger failed for VTR: Unknown column 'forecast_id' in 'field list'

[1 occurrence(s)]
ERROR --> FORECAST: trigger failed for WAY: Unknown column 'forecast_id' in 'field list'

[2 occurrence(s)]
ERROR --> FORECAST: trigger failed for WM: Unknown column 'forecast_id' in 'field list'

[1 occurrence(s)]
ERROR --> FORECAST: trigger failed for XEL: Unknown column 'forecast_id' in 'field list'

[1 occurrence(s)]
ERROR --> FORECAST: trigger failed for ACCD: Unknown column 'forecast_id' in 'field list'

[1 occurrence(s)]
ERROR --> FORECAST: trigger failed for ADTN: Unknown column 'forecast_id' in 'field list'

[2 occurrence(s)]
ERROR --> FORECAST: trigger failed for AMBC: Unknown column 'forecast_id' in 'field list'

[2 occurrence(s)]
ERROR --> FORECAST: trigger failed for ARRY: Unknown column 'forecast_id' in 'field list'

[2 occurrence(s)]
ERROR --> FORECAST: trigger failed for ATMU: Unknown column 'forecast_id' in 'field list'

[1 occurrence(s)]
ERROR --> FORECAST: trigger failed for CCSI: Unknown column 'forecast_id' in 'field list'

[3 occurrence(s)]
ERROR --> FORECAST: trigger failed for CHDN: Unknown column 'forecast_id' in 'field list'

[2 occurrence(s)]
ERROR --> FORECAST: trigger failed for CHH: Unknown column 'forecast_id' in 'field list'

[4 occurrence(s)]
ERROR --> FORECAST: trigger failed for CNR: Unknown column 'forecast_id' in 'field list'

[2 occurrence(s)]
ERROR --> FORECAST: trigger failed for CTSH: Unknown column 'forecast_id' in 'field list'

[2 occurrence(s)]
ERROR --> FORECAST: trigger failed for DGII: Unknown column 'forecast_id' in 'field list'

[3 occurrence(s)]
ERROR --> FORECAST: trigger failed for DHI: Unknown column 'forecast_id' in 'field list'

[5 occurrence(s)]
ERROR --> FORECAST: trigger failed for ED: Unknown column 'forecast_id' in 'field list'

[2 occurrence(s)]
ERROR --> FORECAST: trigger failed for ERIE: Unknown column 'forecast_id' in 'field list'

[2 occurrence(s)]
ERROR --> FORECAST: trigger failed for ETNB: Unknown column 'forecast_id' in 'field list'

[3 occurrence(s)]
ERROR --> FORECAST: trigger failed for EXC: Unknown column 'forecast_id' in 'field list'

[1 occurrence(s)]
ERROR --> FORECAST: trigger failed for FCX: Unknown column 'forecast_id' in 'field list'

[6 occurrence(s)]
ERROR --> FORECAST: trigger failed for FFIV: Unknown column 'forecast_id' in 'field list'

[1 occurrence(s)]
ERROR --> FORECAST: trigger failed for FL: Unknown column 'forecast_id' in 'field list'

[2 occurrence(s)]
ERROR --> FORECAST: trigger failed for GEN: Unknown column 'forecast_id' in 'field list'

[1 occurrence(s)]
ERROR --> FORECAST: trigger failed for GEO: Unknown column 'forecast_id' in 'field list'

[4 occurrence(s)]
ERROR --> FORECAST: trigger failed for GWRE: Unknown column 'forecast_id' in 'field list'

[1 occurrence(s)]
ERROR --> FORECAST: trigger failed for HESM: Unknown column 'forecast_id' in 'field list'

[2 occurrence(s)]
ERROR --> FORECAST: trigger failed for HOV: Unknown column 'forecast_id' in 'field list'

[1 occurrence(s)]
ERROR --> FORECAST: trigger failed for KVYO: Unknown column 'forecast_id' in 'field list'

[4 occurrence(s)]
ERROR --> FORECAST: trigger failed for LW: Unknown column 'forecast_id' in 'field list'

[1 occurrence(s)]
ERROR --> FORECAST: trigger failed for MD: Unknown column 'forecast_id' in 'field list'

[6 occurrence(s)]
ERROR --> FORECAST: trigger failed for MDGL: Unknown column 'forecast_id' in 'field list'

[2 occurrence(s)]
ERROR --> FORECAST: trigger failed for NGVC: Unknown column 'forecast_id' in 'field list'

[2 occurrence(s)]
ERROR --> FORECAST: trigger failed for NSIT: Unknown column 'forecast_id' in 'field list'

[4 occurrence(s)]
ERROR --> FORECAST: trigger failed for NVR: Unknown column 'forecast_id' in 'field list'

[2 occurrence(s)]
ERROR --> FORECAST: trigger failed for PGC: Unknown column 'forecast_id' in 'field list'

[1 occurrence(s)]
ERROR --> FORECAST: trigger failed for PLAY: Unknown column 'forecast_id' in 'field list'

[1 occurrence(s)]
ERROR --> FORECAST: trigger failed for QURE: Unknown column 'forecast_id' in 'field list'

[2 occurrence(s)]
ERROR --> FORECAST: trigger failed for SITC: Unknown column 'forecast_id' in 'field list'

[2 occurrence(s)]
ERROR --> FORECAST: trigger failed for SKWD: Unknown column 'forecast_id' in 'field list'

[3 occurrence(s)]
ERROR --> FORECAST: trigger failed for SOBO: Unknown column 'forecast_id' in 'field list'

[6 occurrence(s)]
ERROR --> FORECAST: trigger failed for SYK: Unknown column 'forecast_id' in 'field list'

[2 occurrence(s)]
ERROR --> FORECAST: trigger failed for TALO: Unknown column 'forecast_id' in 'field list'

[2 occurrence(s)]
ERROR --> FORECAST: trigger failed for TENB: Unknown column 'forecast_id' in 'field list'

[2 occurrence(s)]
ERROR --> FORECAST: trigger failed for TMUS: Unknown column 'forecast_id' in 'field list'

[1 occurrence(s)]
ERROR --> FORECAST: trigger failed for TTEK: Unknown column 'forecast_id' in 'field list'

[2 occurrence(s)]
ERROR --> FORECAST: trigger failed for TTWO: Unknown column 'forecast_id' in 'field list'

[2 occurrence(s)]
ERROR --> FORECAST: trigger failed for TVTX: Unknown column 'forecast_id' in 'field list'

[1 occurrence(s)]
ERROR --> FORECAST: trigger failed for VMAR: Unknown column 'forecast_id' in 'field list'

[2 occurrence(s)]
ERROR --> FORECAST: trigger failed for WSR: Unknown column 'forecast_id' in 'field list'

[1 occurrence(s)]
ERROR --> FORECAST: trigger failed for WU: Unknown column 'forecast_id' in 'field list'

[3 occurrence(s)]
ERROR --> FORECAST: trigger failed for WVE: Unknown column 'forecast_id' in 'field list'

[2 occurrence(s)]
ERROR --> FORECAST: trigger failed for WWD: Unknown column 'forecast_id' in 'field list'

[1 occurrence(s)]
ERROR --> FORECAST: trigger failed for XNCR: Unknown column 'forecast_id' in 'field list'

[1 occurrence(s)]
ERROR --> FORECAST: trigger failed for XOS: Unknown column 'forecast_id' in 'field list'

[2 occurrence(s)]
ERROR --> FORECAST: trigger failed for YEXT: Unknown column 'forecast_id' in 'field list'

[4 occurrence(s)]
ERROR --> FORECAST: trigger failed for MTN: Unknown column 'forecast_id' in 'field list'

[2 occurrence(s)]
ERROR --> FORECAST: trigger failed for ACN: Unknown column 'forecast_id' in 'field list'

[1 occurrence(s)]
ERROR --> FORECAST: trigger failed for AKAM: Unknown column 'forecast_id' in 'field list'

[2 occurrence(s)]
ERROR --> FORECAST: trigger failed for ALLY: Unknown column 'forecast_id' in 'field list'

[4 occurrence(s)]
ERROR --> FORECAST: trigger failed for BDX: Unknown column 'forecast_id' in 'field list'

[1 occurrence(s)]
ERROR --> FORECAST: trigger failed for COST: Unknown column 'forecast_id' in 'field list'

[1 occurrence(s)]
ERROR --> FORECAST: trigger failed for ELV: Unknown column 'forecast_id' in 'field list'

[3 occurrence(s)]
ERROR --> FORECAST: trigger failed for KEY: Unknown column 'forecast_id' in 'field list'

[1 occurrence(s)]
ERROR --> FORECAST: trigger failed for MAA: Unknown column 'forecast_id' in 'field list'

[1 occurrence(s)]
ERROR --> FORECAST: trigger failed for SJM: Unknown column 'forecast_id' in 'field list'

[1 occurrence(s)]
ERROR --> FORECAST: trigger failed for SPOT: Unknown column 'forecast_id' in 'field list'

[1 occurrence(s)]
ERROR --> FORECAST: trigger failed for TT: Unknown column 'forecast_id' in 'field list'

[2 occurrence(s)]
ERROR --> FORECAST: trigger failed for WAT: Unknown column 'forecast_id' in 'field list'

[1 occurrence(s)]
ERROR --> FORECAST: trigger failed for WMT: Unknown column 'forecast_id' in 'field list'

[2 occurrence(s)]
ERROR --> FORECAST: trigger failed for WTW: Unknown column 'forecast_id' in 'field list'

[1 occurrence(s)]
ERROR --> FORECAST: trigger failed for YUM: Unknown column 'forecast_id' in 'field list'

[2 occurrence(s)]
ERROR --> FORECAST: trigger failed for BYRN: Unknown column 'forecast_id' in 'field list'

[1 occurrence(s)]
ERROR --> FORECAST: trigger failed for DHT: Unknown column 'forecast_id' in 'field list'

[1 occurrence(s)]
ERROR --> FORECAST: trigger failed for FPI: Unknown column 'forecast_id' in 'field list'

[1 occurrence(s)]
ERROR --> FORECAST: trigger failed for HLF: Unknown column 'forecast_id' in 'field list'

[2 occurrence(s)]
ERROR --> FORECAST: trigger failed for IDYA: Unknown column 'forecast_id' in 'field list'

[1 occurrence(s)]
ERROR --> FORECAST: trigger failed for MCW: Unknown column 'forecast_id' in 'field list'

[2 occurrence(s)]
ERROR --> FORECAST: trigger failed for MNDR: Unknown column 'forecast_id' in 'field list'

[2 occurrence(s)]
ERROR --> FORECAST: trigger failed for NOG: Unknown column 'forecast_id' in 'field list'

[2 occurrence(s)]
ERROR --> FORECAST: trigger failed for PAXS: Unknown column 'forecast_id' in 'field list'

[3 occurrence(s)]
ERROR --> FORECAST: trigger failed for RELY: Unknown column 'forecast_id' in 'field list'

[1 occurrence(s)]
ERROR --> FORECAST: trigger failed for SM: Unknown column 'forecast_id' in 'field list'

[1 occurrence(s)]
ERROR --> FORECAST: trigger failed for USB: Unknown column 'forecast_id' in 'field list'

[3 occurrence(s)]
ERROR --> FORECAST: trigger failed for HON: Unknown column 'forecast_id' in 'field list'

[1 occurrence(s)]
ERROR --> FORECAST: trigger failed for AMPL: Unknown column 'forecast_id' in 'field list'

[2 occurrence(s)]
ERROR --> FORECAST: trigger failed for COLB: Unknown column 'forecast_id' in 'field list'

[1 occurrence(s)]
ERROR --> FORECAST: trigger failed for CWAN: Unknown column 'forecast_id' in 'field list'

[1 occurrence(s)]
ERROR --> FORECAST: trigger failed for KTOS: Unknown column 'forecast_id' in 'field list'

[2 occurrence(s)]
ERROR --> FORECAST: trigger failed for LGF: Unknown column 'forecast_id' in 'field list'

[1 occurrence(s)]
ERROR --> FORECAST: trigger failed for MATV: Unknown column 'forecast_id' in 'field list'

[1 occurrence(s)]
ERROR --> FORECAST: trigger failed for MPLX: Unknown column 'forecast_id' in 'field list'

[2 occurrence(s)]
ERROR --> FORECAST: trigger failed for TD: Unknown column 'forecast_id' in 'field list'

[2 occurrence(s)]
ERROR --> FORECAST: trigger failed for UVSP: Unknown column 'forecast_id' in 'field list'

[1 occurrence(s)]
ERROR --> FORECAST: trigger failed for VITL: Unknown column 'forecast_id' in 'field list'

[2 occurrence(s)]
ERROR --> FORECAST: trigger failed for RILYM: Unknown column 'forecast_id' in 'field list'

[3 occurrence(s)]
ERROR --> FORECAST: trigger failed for SMCI: Unknown column 'forecast_id' in 'field list'

[4 occurrence(s)]
ERROR --> FORECAST: trigger failed for MSTR: Unknown column 'forecast_id' in 'field list'

[2 occurrence(s)]
ERROR --> FORECAST: trigger failed for CYCU: Unknown column 'forecast_id' in 'field list'

[4 occurrence(s)]
ERROR --> FORECAST: trigger failed for INTC: Unknown column 'forecast_id' in 'field list'

[4 occurrence(s)]
ERROR --> FORECAST: trigger failed for SOFI: Unknown column 'forecast_id' in 'field list'

[4 occurrence(s)]
ERROR --> FORECAST: trigger failed for BABA: Unknown column 'forecast_id' in 'field list'

[1 occurrence(s)]
ERROR --> FORECAST: trigger failed for WOK: Unknown column 'forecast_id' in 'field list'

[4 occurrence(s)]
ERROR --> FORECAST: trigger failed for PDD: Unknown column 'forecast_id' in 'field list'

[3 occurrence(s)]
ERROR --> FORECAST: trigger failed for BIDU: Unknown column 'forecast_id' in 'field list'

[6 occurrence(s)]
ERROR --> FORECAST: trigger failed for FUTU: Unknown column 'forecast_id' in 'field list'

[5 occurrence(s)]
ERROR --> FORECAST: trigger failed for XPEV: Unknown column 'forecast_id' in 'field list'

[2 occurrence(s)]
ERROR --> FORECAST: trigger failed for JD: Unknown column 'forecast_id' in 'field list'

[2 occurrence(s)]
ERROR --> FORECAST: trigger failed for SNOW: Unknown column 'forecast_id' in 'field list'

[4 occurrence(s)]
ERROR --> FORECAST: trigger failed for BILI: Unknown column 'forecast_id' in 'field list'

[2 occurrence(s)]
ERROR --> FORECAST: trigger failed for LI: Unknown column 'forecast_id' in 'field list'

[5 occurrence(s)]
ERROR --> FORECAST: trigger failed for U: Unknown column 'forecast_id' in 'field list'

[3 occurrence(s)]
ERROR --> FORECAST: trigger failed for CCJ: Unknown column 'forecast_id' in 'field list'

[2 occurrence(s)]
ERROR --> FORECAST: trigger failed for BHP: Unknown column 'forecast_id' in 'field list'

[3 occurrence(s)]
ERROR --> FORECAST: trigger failed for NBIS: Unknown column 'forecast_id' in 'field list'

[4 occurrence(s)]
ERROR --> FORECAST: trigger failed for MU: Unknown column 'forecast_id' in 'field list'

[2 occurrence(s)]
ERROR --> FORECAST: trigger failed for OKLO: Unknown column 'forecast_id' in 'field list'

[2 occurrence(s)]
ERROR --> FORECAST: trigger failed for ON: Unknown column 'forecast_id' in 'field list'

[1 occurrence(s)]
ERROR --> FORECAST: trigger failed for APTO: Unknown column 'forecast_id' in 'field list'

[1 occurrence(s)]
ERROR --> FORECAST: trigger failed for NIVF: Unknown column 'forecast_id' in 'field list'

[2 occurrence(s)]
ERROR --> FORECAST: trigger failed for SOBR: Unknown column 'forecast_id' in 'field list'

[1 occurrence(s)]
ERROR --> FORECAST: trigger failed for NEGG: Unknown column 'forecast_id' in 'field list'

[2 occurrence(s)]
ERROR --> FORECAST: trigger failed for TOST: Unknown column 'forecast_id' in 'field list'

[4 occurrence(s)]
ERROR --> FORECAST: trigger failed for AAOI: Unknown column 'forecast_id' in 'field list'

[2 occurrence(s)]
ERROR --> FORECAST: trigger failed for HOLO: Unknown column 'forecast_id' in 'field list'

[3 occurrence(s)]
ERROR --> FORECAST: trigger failed for RIVN: Unknown column 'forecast_id' in 'field list'

[2 occurrence(s)]
ERROR --> FORECAST: trigger failed for W: Unknown column 'forecast_id' in 'field list'

[4 occurrence(s)]
ERROR --> FORECAST: trigger failed for CVNA: Unknown column 'forecast_id' in 'field list'

[1 occurrence(s)]
ERROR --> FORECAST: trigger failed for ARM: Unknown column 'forecast_id' in 'field list'

[1 occurrence(s)]
ERROR --> FORECAST: trigger failed for CVS: Unknown column 'forecast_id' in 'field list'

[2 occurrence(s)]
ERROR --> FORECAST: trigger failed for AFRM: Unknown column 'forecast_id' in 'field list'

[1 occurrence(s)]
ERROR --> FORECAST: trigger failed for LCID: Unknown column 'forecast_id' in 'field list'

[2 occurrence(s)]
ERROR --> FORECAST: trigger failed for RTX: Unknown column 'forecast_id' in 'field list'

[2 occurrence(s)]
ERROR --> FORECAST: trigger failed for JPM: Unknown column 'forecast_id' in 'field list'

[2 occurrence(s)]
ERROR --> FORECAST: trigger failed for MARA: Unknown column 'forecast_id' in 'field list'

[2 occurrence(s)]
ERROR --> FORECAST: trigger failed for OSCR: Unknown column 'forecast_id' in 'field list'

[2 occurrence(s)]
ERROR --> FORECAST: trigger failed for ADBE: Unknown column 'forecast_id' in 'field list'

[2 occurrence(s)]
ERROR --> FORECAST: trigger failed for ADI: Unknown column 'forecast_id' in 'field list'

[1 occurrence(s)]
ERROR --> FORECAST: trigger failed for ATHM: Unknown column 'forecast_id' in 'field list'

[1 occurrence(s)]
ERROR --> FORECAST: trigger failed for BAC: Unknown column 'forecast_id' in 'field list'

[1 occurrence(s)]
ERROR --> FORECAST: trigger failed for BIGC: Unknown column 'forecast_id' in 'field list'

[1 occurrence(s)]
ERROR --> FORECAST: trigger failed for BLDR: Unknown column 'forecast_id' in 'field list'

[2 occurrence(s)]
ERROR --> FORECAST: trigger failed for BORR: Unknown column 'forecast_id' in 'field list'

[1 occurrence(s)]
ERROR --> FORECAST: trigger failed for BTDR: Unknown column 'forecast_id' in 'field list'

[1 occurrence(s)]
ERROR --> FORECAST: trigger failed for BTG: Unknown column 'forecast_id' in 'field list'

[1 occurrence(s)]
ERROR --> FORECAST: trigger failed for C: Unknown column 'forecast_id' in 'field list'

[1 occurrence(s)]
ERROR --> FORECAST: trigger failed for CPNG: Unknown column 'forecast_id' in 'field list'

[1 occurrence(s)]
ERROR --> FORECAST: trigger failed for DOW: Unknown column 'forecast_id' in 'field list'

[1 occurrence(s)]
ERROR --> FORECAST: trigger failed for ENFN: Unknown column 'forecast_id' in 'field list'

[1 occurrence(s)]
ERROR --> FORECAST: trigger failed for EQX: Unknown column 'forecast_id' in 'field list'

[1 occurrence(s)]
ERROR --> FORECAST: trigger failed for ETSY: Unknown column 'forecast_id' in 'field list'

[1 occurrence(s)]
ERROR --> FORECAST: trigger failed for FRSH: Unknown column 'forecast_id' in 'field list'

[2 occurrence(s)]
ERROR --> FORECAST: trigger failed for GDDY: Unknown column 'forecast_id' in 'field list'

[1 occurrence(s)]
ERROR --> FORECAST: trigger failed for HLN: Unknown column 'forecast_id' in 'field list'

[1 occurrence(s)]
ERROR --> FORECAST: trigger failed for HMY: Unknown column 'forecast_id' in 'field list'

[1 occurrence(s)]
ERROR --> FORECAST: trigger failed for HPE: Unknown column 'forecast_id' in 'field list'

[1 occurrence(s)]
ERROR --> FORECAST: trigger failed for HVII: Unknown column 'forecast_id' in 'field list'

[1 occurrence(s)]
ERROR --> FORECAST: trigger failed for LYFT: Unknown column 'forecast_id' in 'field list'

[1 occurrence(s)]
ERROR --> FORECAST: trigger failed for LYV: Unknown column 'forecast_id' in 'field list'

[1 occurrence(s)]
ERROR --> FORECAST: trigger failed for MNSO: Unknown column 'forecast_id' in 'field list'

[2 occurrence(s)]
ERROR --> FORECAST: trigger failed for NVAX: Unknown column 'forecast_id' in 'field list'

[1 occurrence(s)]
ERROR --> FORECAST: trigger failed for OGN: Unknown column 'forecast_id' in 'field list'

[1 occurrence(s)]
ERROR --> FORECAST: trigger failed for ONC: Unknown column 'forecast_id' in 'field list'

[1 occurrence(s)]
ERROR --> FORECAST: trigger failed for PDI: Unknown column 'forecast_id' in 'field list'

[3 occurrence(s)]
ERROR --> FORECAST: trigger failed for RIG: Unknown column 'forecast_id' in 'field list'

[2 occurrence(s)]
ERROR --> FORECAST: trigger failed for RS: Unknown column 'forecast_id' in 'field list'

[1 occurrence(s)]
ERROR --> FORECAST: trigger failed for SABR: Unknown column 'forecast_id' in 'field list'

[1 occurrence(s)]
ERROR --> FORECAST: trigger failed for SG: Unknown column 'forecast_id' in 'field list'

[1 occurrence(s)]
ERROR --> FORECAST: trigger failed for UAA: Unknown column 'forecast_id' in 'field list'

[1 occurrence(s)]
ERROR --> FORECAST: trigger failed for VAL: Unknown column 'forecast_id' in 'field list'

[1 occurrence(s)]
ERROR --> FORECAST: trigger failed for WBA: Unknown column 'forecast_id' in 'field list'

[1 occurrence(s)]
ERROR --> FORECAST: trigger failed for WST: Unknown column 'forecast_id' in 'field list'

[1 occurrence(s)]
ERROR --> AlphaVantage request failed using key K8MB***: 28 : Operation timed out after 10001 milliseconds with 0 bytes received

[1 occurrence(s)]
ERROR --> FORECAST: trigger failed for AA: Unknown column 'forecast_id' in 'field list'

[1 occurrence(s)]
ERROR --> FORECAST: trigger failed for AG: Unknown column 'forecast_id' in 'field list'

[1 occurrence(s)]
ERROR --> FORECAST: trigger failed for APTV: Unknown column 'forecast_id' in 'field list'

[1 occurrence(s)]
ERROR --> FORECAST: trigger failed for BBD: Unknown column 'forecast_id' in 'field list'

[1 occurrence(s)]
ERROR --> FORECAST: trigger failed for BUR: Unknown column 'forecast_id' in 'field list'

[1 occurrence(s)]
ERROR --> FORECAST: trigger failed for CHWY: Unknown column 'forecast_id' in 'field list'

[1 occurrence(s)]
ERROR --> FORECAST: trigger failed for COTY: Unknown column 'forecast_id' in 'field list'

[1 occurrence(s)]
ERROR --> FORECAST: trigger failed for DRD: Unknown column 'forecast_id' in 'field list'

[1 occurrence(s)]
ERROR --> FORECAST: trigger failed for E: Unknown column 'forecast_id' in 'field list'

[1 occurrence(s)]
ERROR --> FORECAST: trigger failed for GFS: Unknown column 'forecast_id' in 'field list'

[2 occurrence(s)]
ERROR --> FORECAST: trigger failed for GME: Unknown column 'forecast_id' in 'field list'

[1 occurrence(s)]
ERROR --> FORECAST: trigger failed for GOTU: Unknown column 'forecast_id' in 'field list'

[1 occurrence(s)]
ERROR --> FORECAST: trigger failed for HII: Unknown column 'forecast_id' in 'field list'

[1 occurrence(s)]
ERROR --> FORECAST: trigger failed for HTZ: Unknown column 'forecast_id' in 'field list'

[1 occurrence(s)]
ERROR --> FORECAST: trigger failed for IFN: Unknown column 'forecast_id' in 'field list'

[1 occurrence(s)]
ERROR --> FORECAST: trigger failed for IMO: Unknown column 'forecast_id' in 'field list'

[1 occurrence(s)]
ERROR --> FORECAST: trigger failed for JQC: Unknown column 'forecast_id' in 'field list'

[1 occurrence(s)]
ERROR --> FORECAST: trigger failed for KALU: Unknown column 'forecast_id' in 'field list'

[2 occurrence(s)]
ERROR --> FORECAST: trigger failed for KYN: Unknown column 'forecast_id' in 'field list'

[1 occurrence(s)]
ERROR --> FORECAST: trigger failed for LAND: Unknown column 'forecast_id' in 'field list'

[1 occurrence(s)]
ERROR --> FORECAST: trigger failed for NIU: Unknown column 'forecast_id' in 'field list'

[1 occurrence(s)]
ERROR --> FORECAST: trigger failed for ORGN: Unknown column 'forecast_id' in 'field list'

[1 occurrence(s)]
ERROR --> FORECAST: trigger failed for PAAS: Unknown column 'forecast_id' in 'field list'

[1 occurrence(s)]
ERROR --> FORECAST: trigger failed for PDCO: Unknown column 'forecast_id' in 'field list'

[1 occurrence(s)]
ERROR --> FORECAST: trigger failed for PLL: Unknown column 'forecast_id' in 'field list'

[1 occurrence(s)]
ERROR --> FORECAST: trigger failed for QNCCF: Unknown column 'forecast_id' in 'field list'

[1 occurrence(s)]
ERROR --> FORECAST: trigger failed for RETO: Unknown column 'forecast_id' in 'field list'

[2 occurrence(s)]
ERROR --> FORECAST: trigger failed for SBUX: Unknown column 'forecast_id' in 'field list'

[1 occurrence(s)]
ERROR --> FORECAST: trigger failed for SNPS: Unknown column 'forecast_id' in 'field list'

[1 occurrence(s)]
ERROR --> FORECAST: trigger failed for SPCB: Unknown column 'forecast_id' in 'field list'

[2 occurrence(s)]
ERROR --> FORECAST: trigger failed for TGB: Unknown column 'forecast_id' in 'field list'

[1 occurrence(s)]
ERROR --> FORECAST: trigger failed for TMO: Unknown column 'forecast_id' in 'field list'

[1 occurrence(s)]
ERROR --> FORECAST: trigger failed for TPC: Unknown column 'forecast_id' in 'field list'

[2 occurrence(s)]
ERROR --> FORECAST: trigger failed for TRI: Unknown column 'forecast_id' in 'field list'

[2 occurrence(s)]
ERROR --> FORECAST: trigger failed for UPS: Unknown column 'forecast_id' in 'field list'

[1 occurrence(s)]
ERROR --> FORECAST: trigger failed for VET: Unknown column 'forecast_id' in 'field list'

[1 occurrence(s)]
ERROR --> FORECAST: trigger failed for VVR: Unknown column 'forecast_id' in 'field list'

[1 occurrence(s)]
ERROR --> FORECAST: trigger failed for BTU: Unknown column 'forecast_id' in 'field list'

[1 occurrence(s)]
ERROR --> FORECAST: trigger failed for TNXP: Unknown column 'forecast_id' in 'field list'

[1 occurrence(s)]
ERROR --> FORECAST: trigger failed for ARR: Unknown column 'forecast_id' in 'field list'

[1 occurrence(s)]
ERROR --> FORECAST: trigger failed for CAKE: Unknown column 'forecast_id' in 'field list'

[1 occurrence(s)]
ERROR --> FORECAST: trigger failed for DEA: Unknown column 'forecast_id' in 'field list'

[1 occurrence(s)]
ERROR --> FORECAST: trigger failed for HHH: Unknown column 'forecast_id' in 'field list'

[2 occurrence(s)]
ERROR --> FORECAST: trigger failed for IRM: Unknown column 'forecast_id' in 'field list'

[1 occurrence(s)]
ERROR --> FORECAST: trigger failed for JELD: Unknown column 'forecast_id' in 'field list'

[2 occurrence(s)]
ERROR --> FORECAST: trigger failed for MOD: Unknown column 'forecast_id' in 'field list'

[1 occurrence(s)]
ERROR --> FORECAST: trigger failed for NGD: Unknown column 'forecast_id' in 'field list'

[1 occurrence(s)]
ERROR --> FORECAST: trigger failed for NOK: Unknown column 'forecast_id' in 'field list'

[1 occurrence(s)]
ERROR --> FORECAST: trigger failed for PGY: Unknown column 'forecast_id' in 'field list'

[1 occurrence(s)]
ERROR --> FORECAST: trigger failed for RACE: Unknown column 'forecast_id' in 'field list'

[1 occurrence(s)]
ERROR --> FORECAST: trigger failed for SHG: Unknown column 'forecast_id' in 'field list'

[1 occurrence(s)]
ERROR --> FORECAST: trigger failed for VACH: Unknown column 'forecast_id' in 'field list'

[1 occurrence(s)]
ERROR --> FORECAST: trigger failed for VOD: Unknown column 'forecast_id' in 'field list'

[1 occurrence(s)]
ERROR --> FORECAST: trigger failed for ADTX: Unknown column 'forecast_id' in 'field list'

[1 occurrence(s)]
ERROR --> FORECAST: trigger failed for AMPS: Unknown column 'forecast_id' in 'field list'

[1 occurrence(s)]
ERROR --> FORECAST: trigger failed for BPMC: Unknown column 'forecast_id' in 'field list'

[1 occurrence(s)]
ERROR --> FORECAST: trigger failed for CTLP: Unknown column 'forecast_id' in 'field list'

[2 occurrence(s)]
ERROR --> FORECAST: trigger failed for DAC: Unknown column 'forecast_id' in 'field list'

[1 occurrence(s)]
ERROR --> FORECAST: trigger failed for HEPS: Unknown column 'forecast_id' in 'field list'

[1 occurrence(s)]
ERROR --> FORECAST: trigger failed for INTR: Unknown column 'forecast_id' in 'field list'

[1 occurrence(s)]
ERROR --> FORECAST: trigger failed for KWE: Unknown column 'forecast_id' in 'field list'

[1 occurrence(s)]
ERROR --> FORECAST: trigger failed for LPG: Unknown column 'forecast_id' in 'field list'

[1 occurrence(s)]
ERROR --> FORECAST: trigger failed for MOH: Unknown column 'forecast_id' in 'field list'

[1 occurrence(s)]
ERROR --> FORECAST: trigger failed for PSNY: Unknown column 'forecast_id' in 'field list'

[1 occurrence(s)]
ERROR --> FORECAST: trigger failed for SENS: Unknown column 'forecast_id' in 'field list'

[1 occurrence(s)]
ERROR --> FORECAST: trigger failed for SKBL: Unknown column 'forecast_id' in 'field list'

[1 occurrence(s)]
ERROR --> FORECAST: trigger failed for SNRE: Unknown column 'forecast_id' in 'field list'

[1 occurrence(s)]
ERROR --> FORECAST: trigger failed for STSS: Unknown column 'forecast_id' in 'field list'

[2 occurrence(s)]
ERROR --> FORECAST: trigger failed for WDAY: Unknown column 'forecast_id' in 'field list'

[1 occurrence(s)]
ERROR --> FORECAST: trigger failed for MXF: Unknown column 'forecast_id' in 'field list'

[3 occurrence(s)]
ERROR --> FORECAST: trigger failed for EA: Unknown column 'forecast_id' in 'field list'

[1 occurrence(s)]
ERROR --> FORECAST: trigger failed for RPRX: Unknown column 'forecast_id' in 'field list'

[1 occurrence(s)]
ERROR --> FORECAST: trigger failed for ALC: Unknown column 'forecast_id' in 'field list'

[1 occurrence(s)]
ERROR --> FORECAST: trigger failed for CGAU: Unknown column 'forecast_id' in 'field list'

[1 occurrence(s)]
ERROR --> FORECAST: trigger failed for DAWN: Unknown column 'forecast_id' in 'field list'

[2 occurrence(s)]
ERROR --> FORECAST: trigger failed for ECC: Unknown column 'forecast_id' in 'field list'

[1 occurrence(s)]
ERROR --> FORECAST: trigger failed for HQH: Unknown column 'forecast_id' in 'field list'

[1 occurrence(s)]
ERROR --> FORECAST: trigger failed for IAG: Unknown column 'forecast_id' in 'field list'

[1 occurrence(s)]
ERROR --> FORECAST: trigger failed for JANX: Unknown column 'forecast_id' in 'field list'

[1 occurrence(s)]
ERROR --> FORECAST: trigger failed for UEC: Unknown column 'forecast_id' in 'field list'

[2 occurrence(s)]
ERROR --> FORECAST: trigger failed for VRNA: Unknown column 'forecast_id' in 'field list'

[2 occurrence(s)]
ERROR --> FORECAST: trigger failed for NEM: Unknown column 'forecast_id' in 'field list'

[2 occurrence(s)]
ERROR --> FORECAST: trigger failed for DUK: Unknown column 'forecast_id' in 'field list'

[1 occurrence(s)]
ERROR --> FORECAST: trigger failed for POOL: Unknown column 'forecast_id' in 'field list'

[1 occurrence(s)]
ERROR --> FORECAST: trigger failed for SLB: Unknown column 'forecast_id' in 'field list'

[1 occurrence(s)]
ERROR --> FORECAST: trigger failed for ATIIU: Unknown column 'forecast_id' in 'field list'

[1 occurrence(s)]
ERROR --> FORECAST: trigger failed for BCRX: Unknown column 'forecast_id' in 'field list'

[2 occurrence(s)]
ERROR --> FORECAST: trigger failed for CARR: Unknown column 'forecast_id' in 'field list'

[1 occurrence(s)]
ERROR --> FORECAST: trigger failed for COKE: Unknown column 'forecast_id' in 'field list'

[1 occurrence(s)]
ERROR --> FORECAST: trigger failed for DNN: Unknown column 'forecast_id' in 'field list'

[1 occurrence(s)]
ERROR --> FORECAST: trigger failed for EFC: Unknown column 'forecast_id' in 'field list'

[1 occurrence(s)]
ERROR --> FORECAST: trigger failed for HIT: Unknown column 'forecast_id' in 'field list'

[1 occurrence(s)]
ERROR --> FORECAST: trigger failed for NAT: Unknown column 'forecast_id' in 'field list'

[1 occurrence(s)]
ERROR --> FORECAST: trigger failed for NG: Unknown column 'forecast_id' in 'field list'

[1 occurrence(s)]
ERROR --> FORECAST: trigger failed for PLRX: Unknown column 'forecast_id' in 'field list'

[1 occurrence(s)]
ERROR --> FORECAST: trigger failed for RDNT: Unknown column 'forecast_id' in 'field list'

[1 occurrence(s)]
ERROR --> FORECAST: trigger failed for RSI: Unknown column 'forecast_id' in 'field list'

[1 occurrence(s)]
ERROR --> FORECAST: trigger failed for SEPN: Unknown column 'forecast_id' in 'field list'

[1 occurrence(s)]
ERROR --> FORECAST: trigger failed for STAA: Unknown column 'forecast_id' in 'field list'

[1 occurrence(s)]
ERROR --> FORECAST: trigger failed for TXG: Unknown column 'forecast_id' in 'field list'

[1 occurrence(s)]
ERROR --> FORECAST: trigger failed for AHCO: Unknown column 'forecast_id' in 'field list'

[1 occurrence(s)]
ERROR --> FORECAST: trigger failed for ALKT: Unknown column 'forecast_id' in 'field list'

[1 occurrence(s)]
ERROR --> FORECAST: trigger failed for AQST: Unknown column 'forecast_id' in 'field list'

[1 occurrence(s)]
ERROR --> FORECAST: trigger failed for BDN: Unknown column 'forecast_id' in 'field list'

[1 occurrence(s)]
ERROR --> FORECAST: trigger failed for EARN: Unknown column 'forecast_id' in 'field list'

[1 occurrence(s)]
ERROR --> FORECAST: trigger failed for EC: Unknown column 'forecast_id' in 'field list'

[1 occurrence(s)]
ERROR --> FORECAST: trigger failed for LGND: Unknown column 'forecast_id' in 'field list'

[1 occurrence(s)]
ERROR --> FORECAST: trigger failed for NAC: Unknown column 'forecast_id' in 'field list'

[1 occurrence(s)]
ERROR --> FORECAST: trigger failed for NKLA: Unknown column 'forecast_id' in 'field list'

[1 occurrence(s)]
ERROR --> FORECAST: trigger failed for NPCE: Unknown column 'forecast_id' in 'field list'

[1 occurrence(s)]
ERROR --> FORECAST: trigger failed for NUVL: Unknown column 'forecast_id' in 'field list'

[1 occurrence(s)]
ERROR --> FORECAST: trigger failed for NXE: Unknown column 'forecast_id' in 'field list'

[1 occurrence(s)]
ERROR --> FORECAST: trigger failed for PPG: Unknown column 'forecast_id' in 'field list'

[1 occurrence(s)]
ERROR --> FORECAST: trigger failed for SAGE: Unknown column 'forecast_id' in 'field list'

[2 occurrence(s)]
ERROR --> FORECAST: trigger failed for SBRA: Unknown column 'forecast_id' in 'field list'

[1 occurrence(s)]
ERROR --> FORECAST: trigger failed for TEN: Unknown column 'forecast_id' in 'field list'

[1 occurrence(s)]
ERROR --> FORECAST: trigger failed for UAN: Unknown column 'forecast_id' in 'field list'

[1 occurrence(s)]
ERROR --> FORECAST: trigger failed for CCIX: Unknown column 'forecast_id' in 'field list'

[1 occurrence(s)]
ERROR --> FORECAST: trigger failed for HELE: Unknown column 'forecast_id' in 'field list'

[1 occurrence(s)]
ERROR --> FORECAST: trigger failed for MCRI: Unknown column 'forecast_id' in 'field list'

[3 occurrence(s)]
ERROR --> FORECAST: trigger failed for MELI: Unknown column 'forecast_id' in 'field list'

[1 occurrence(s)]
ERROR --> FORECAST: trigger failed for TMHC: Unknown column 'forecast_id' in 'field list'

[1 occurrence(s)]
ERROR --> FORECAST: trigger failed for VG: Unknown column 'forecast_id' in 'field list'

[3 occurrence(s)]
ERROR --> FORECAST: trigger failed for FTNT: Unknown column 'forecast_id' in 'field list'

[3 occurrence(s)]
ERROR --> FORECAST: trigger failed for PINS: Unknown column 'forecast_id' in 'field list'

[1 occurrence(s)]
ERROR --> FORECAST: trigger failed for AZN: Unknown column 'forecast_id' in 'field list'

[1 occurrence(s)]
ERROR --> FORECAST: trigger failed for CURB: Unknown column 'forecast_id' in 'field list'

[1 occurrence(s)]
ERROR --> FORECAST: trigger failed for DAR: Unknown column 'forecast_id' in 'field list'

[1 occurrence(s)]
ERROR --> FORECAST: trigger failed for EXK: Unknown column 'forecast_id' in 'field list'

[1 occurrence(s)]
ERROR --> FORECAST: trigger failed for GMED: Unknown column 'forecast_id' in 'field list'

[1 occurrence(s)]
ERROR --> FORECAST: trigger failed for GOF: Unknown column 'forecast_id' in 'field list'

[1 occurrence(s)]
ERROR --> FORECAST: trigger failed for HLIT: Unknown column 'forecast_id' in 'field list'

[1 occurrence(s)]
ERROR --> FORECAST: trigger failed for ICON: Unknown column 'forecast_id' in 'field list'

[1 occurrence(s)]
ERROR --> FORECAST: trigger failed for IONS: Unknown column 'forecast_id' in 'field list'

[1 occurrence(s)]
ERROR --> FORECAST: trigger failed for IOSP: Unknown column 'forecast_id' in 'field list'

[2 occurrence(s)]
ERROR --> FORECAST: trigger failed for LNG: Unknown column 'forecast_id' in 'field list'

[2 occurrence(s)]
ERROR --> FORECAST: trigger failed for OVV: Unknown column 'forecast_id' in 'field list'

[1 occurrence(s)]
ERROR --> FORECAST: trigger failed for PCT: Unknown column 'forecast_id' in 'field list'

[1 occurrence(s)]
ERROR --> FORECAST: trigger failed for ACLX: Unknown column 'forecast_id' in 'field list'

[1 occurrence(s)]
ERROR --> FORECAST: trigger failed for BBWI: Unknown column 'forecast_id' in 'field list'

[1 occurrence(s)]
ERROR --> FORECAST: trigger failed for CDE: Unknown column 'forecast_id' in 'field list'

[1 occurrence(s)]
ERROR --> FORECAST: trigger failed for COHU: Unknown column 'forecast_id' in 'field list'

[1 occurrence(s)]
ERROR --> FORECAST: trigger failed for CSWC: Unknown column 'forecast_id' in 'field list'

[1 occurrence(s)]
ERROR --> FORECAST: trigger failed for FARM: Unknown column 'forecast_id' in 'field list'

[1 occurrence(s)]
ERROR --> FORECAST: trigger failed for GGAL: Unknown column 'forecast_id' in 'field list'

[1 occurrence(s)]
ERROR --> FORECAST: trigger failed for GGG: Unknown column 'forecast_id' in 'field list'

[1 occurrence(s)]
ERROR --> FORECAST: trigger failed for GLPG: Unknown column 'forecast_id' in 'field list'

[1 occurrence(s)]
ERROR --> FORECAST: trigger failed for LOAR: Unknown column 'forecast_id' in 'field list'

[1 occurrence(s)]
ERROR --> FORECAST: trigger failed for MGRE: Unknown column 'forecast_id' in 'field list'

[2 occurrence(s)]
ERROR --> FORECAST: trigger failed for MIRM: Unknown column 'forecast_id' in 'field list'

[1 occurrence(s)]
ERROR --> FORECAST: trigger failed for NN: Unknown column 'forecast_id' in 'field list'

[1 occurrence(s)]
ERROR --> FORECAST: trigger failed for PAM: Unknown column 'forecast_id' in 'field list'

[1 occurrence(s)]
ERROR --> FORECAST: trigger failed for PK: Unknown column 'forecast_id' in 'field list'

[1 occurrence(s)]
ERROR --> FORECAST: trigger failed for RNA: Unknown column 'forecast_id' in 'field list'

[2 occurrence(s)]
ERROR --> FORECAST: trigger failed for SLNO: Unknown column 'forecast_id' in 'field list'

[1 occurrence(s)]
ERROR --> FORECAST: trigger failed for SSTK: Unknown column 'forecast_id' in 'field list'

[1 occurrence(s)]
ERROR --> FORECAST: trigger failed for TGI: Unknown column 'forecast_id' in 'field list'

[1 occurrence(s)]
ERROR --> FORECAST: trigger failed for TKR: Unknown column 'forecast_id' in 'field list'

[1 occurrence(s)]
ERROR --> FORECAST: trigger failed for TTAN: Unknown column 'forecast_id' in 'field list'

[1 occurrence(s)]
ERROR --> FORECAST: trigger failed for WCT: Unknown column 'forecast_id' in 'field list'

[1 occurrence(s)]
ERROR --> FORECAST: trigger failed for BLBD: Unknown column 'forecast_id' in 'field list'

[1 occurrence(s)]
ERROR --> FORECAST: trigger failed for CNTA: Unknown column 'forecast_id' in 'field list'

[1 occurrence(s)]
ERROR --> FORECAST: trigger failed for DFIN: Unknown column 'forecast_id' in 'field list'

[1 occurrence(s)]
ERROR --> FORECAST: trigger failed for INSG: Unknown column 'forecast_id' in 'field list'

[1 occurrence(s)]
ERROR --> FORECAST: trigger failed for OI: Unknown column 'forecast_id' in 'field list'

[1 occurrence(s)]
ERROR --> FORECAST: trigger failed for TDAC: Unknown column 'forecast_id' in 'field list'

[1 occurrence(s)]
ERROR --> FORECAST: trigger failed for TITN: Unknown column 'forecast_id' in 'field list'

[3 occurrence(s)]
ERROR --> FORECAST: trigger failed for DLTR: Unknown column 'forecast_id' in 'field list'

[3 occurrence(s)]
ERROR --> FORECAST: trigger failed for UNP: Unknown column 'forecast_id' in 'field list'

[1 occurrence(s)]
ERROR --> FORECAST: trigger failed for ALNY: Unknown column 'forecast_id' in 'field list'

[1 occurrence(s)]
ERROR --> FORECAST: trigger failed for ARE: Unknown column 'forecast_id' in 'field list'

[1 occurrence(s)]
ERROR --> FORECAST: trigger failed for AXTI: Unknown column 'forecast_id' in 'field list'

[1 occurrence(s)]
ERROR --> FORECAST: trigger failed for BTE: Unknown column 'forecast_id' in 'field list'

[1 occurrence(s)]
ERROR --> FORECAST: trigger failed for DK: Unknown column 'forecast_id' in 'field list'

[1 occurrence(s)]
ERROR --> FORECAST: trigger failed for EPD: Unknown column 'forecast_id' in 'field list'

[1 occurrence(s)]
ERROR --> FORECAST: trigger failed for HEES: Unknown column 'forecast_id' in 'field list'

[1 occurrence(s)]
ERROR --> FORECAST: trigger failed for IMNM: Unknown column 'forecast_id' in 'field list'

[1 occurrence(s)]
ERROR --> FORECAST: trigger failed for INR: Unknown column 'forecast_id' in 'field list'

[1 occurrence(s)]
ERROR --> FORECAST: trigger failed for IRTC: Unknown column 'forecast_id' in 'field list'

[1 occurrence(s)]
ERROR --> FORECAST: trigger failed for JOE: Unknown column 'forecast_id' in 'field list'

[1 occurrence(s)]
ERROR --> FORECAST: trigger failed for LTH: Unknown column 'forecast_id' in 'field list'

[1 occurrence(s)]
ERROR --> FORECAST: trigger failed for OHI: Unknown column 'forecast_id' in 'field list'

[1 occurrence(s)]
ERROR --> FORECAST: trigger failed for STIM: Unknown column 'forecast_id' in 'field list'

[1 occurrence(s)]
ERROR --> FORECAST: trigger failed for YETI: Unknown column 'forecast_id' in 'field list'

[1 occurrence(s)]
ERROR --> FORECAST: trigger failed for ZIM: Unknown column 'forecast_id' in 'field list'

[1 occurrence(s)]
ERROR --> FORECAST: trigger failed for NCDL: Unknown column 'forecast_id' in 'field list'

[1 occurrence(s)]
ERROR --> FORECAST: trigger failed for TROW: Unknown column 'forecast_id' in 'field list'

[3 occurrence(s)]
ERROR --> FORECAST: trigger failed for AMT: Unknown column 'forecast_id' in 'field list'

[2 occurrence(s)]
ERROR --> FORECAST: trigger failed for BAX: Unknown column 'forecast_id' in 'field list'

[2 occurrence(s)]
ERROR --> FORECAST: trigger failed for FSLR: Unknown column 'forecast_id' in 'field list'

[1 occurrence(s)]
ERROR --> FORECAST: trigger failed for MRK: Unknown column 'forecast_id' in 'field list'

[1 occurrence(s)]
ERROR --> FORECAST: trigger failed for AVNW: Unknown column 'forecast_id' in 'field list'

[1 occurrence(s)]
ERROR --> FORECAST: trigger failed for AXSM: Unknown column 'forecast_id' in 'field list'

[1 occurrence(s)]
ERROR --> FORECAST: trigger failed for CCIR: Unknown column 'forecast_id' in 'field list'

[1 occurrence(s)]
ERROR --> FORECAST: trigger failed for CCS: Unknown column 'forecast_id' in 'field list'

[1 occurrence(s)]
ERROR --> FORECAST: trigger failed for CMRX: Unknown column 'forecast_id' in 'field list'

[1 occurrence(s)]
ERROR --> FORECAST: trigger failed for CRUS: Unknown column 'forecast_id' in 'field list'

[1 occurrence(s)]
ERROR --> FORECAST: trigger failed for CXT: Unknown column 'forecast_id' in 'field list'

[1 occurrence(s)]
ERROR --> FORECAST: trigger failed for EXEL: Unknown column 'forecast_id' in 'field list'

[1 occurrence(s)]
ERROR --> FORECAST: trigger failed for GLDD: Unknown column 'forecast_id' in 'field list'

[1 occurrence(s)]
ERROR --> FORECAST: trigger failed for JKS: Unknown column 'forecast_id' in 'field list'

[1 occurrence(s)]
ERROR --> FORECAST: trigger failed for KLG: Unknown column 'forecast_id' in 'field list'

[1 occurrence(s)]
ERROR --> FORECAST: trigger failed for LSTR: Unknown column 'forecast_id' in 'field list'

[1 occurrence(s)]
ERROR --> FORECAST: trigger failed for MSA: Unknown column 'forecast_id' in 'field list'

[1 occurrence(s)]
ERROR --> FORECAST: trigger failed for PRKS: Unknown column 'forecast_id' in 'field list'

[1 occurrence(s)]
ERROR --> FORECAST: trigger failed for RLI: Unknown column 'forecast_id' in 'field list'

[1 occurrence(s)]
ERROR --> FORECAST: trigger failed for RRR: Unknown column 'forecast_id' in 'field list'

[1 occurrence(s)]
ERROR --> FORECAST: trigger failed for SOAR: Unknown column 'forecast_id' in 'field list'

[1 occurrence(s)]
ERROR --> FORECAST: trigger failed for TRNO: Unknown column 'forecast_id' in 'field list'

[2 occurrence(s)]
ERROR --> FORECAST: trigger failed for CACI: Unknown column 'forecast_id' in 'field list'

[2 occurrence(s)]
ERROR --> FORECAST: trigger failed for WELL: Unknown column 'forecast_id' in 'field list'

[1 occurrence(s)]
ERROR --> FORECAST: trigger failed for ADNT: Unknown column 'forecast_id' in 'field list'

[1 occurrence(s)]
ERROR --> FORECAST: trigger failed for ALGT: Unknown column 'forecast_id' in 'field list'

[1 occurrence(s)]
ERROR --> FORECAST: trigger failed for ALKS: Unknown column 'forecast_id' in 'field list'

[1 occurrence(s)]
ERROR --> FORECAST: trigger failed for AMRC: Unknown column 'forecast_id' in 'field list'

[1 occurrence(s)]
ERROR --> FORECAST: trigger failed for ANIX: Unknown column 'forecast_id' in 'field list'

[1 occurrence(s)]
ERROR --> FORECAST: trigger failed for ATRC: Unknown column 'forecast_id' in 'field list'

[1 occurrence(s)]
ERROR --> FORECAST: trigger failed for BLDP: Unknown column 'forecast_id' in 'field list'

[1 occurrence(s)]
ERROR --> FORECAST: trigger failed for BWA: Unknown column 'forecast_id' in 'field list'

[1 occurrence(s)]
ERROR --> FORECAST: trigger failed for BWIN: Unknown column 'forecast_id' in 'field list'

[2 occurrence(s)]
ERROR --> FORECAST: trigger failed for CMI: Unknown column 'forecast_id' in 'field list'

[2 occurrence(s)]
ERROR --> FORECAST: trigger failed for CSGS: Unknown column 'forecast_id' in 'field list'

[1 occurrence(s)]
ERROR --> FORECAST: trigger failed for DESP: Unknown column 'forecast_id' in 'field list'

[1 occurrence(s)]
ERROR --> FORECAST: trigger failed for DRS: Unknown column 'forecast_id' in 'field list'

[1 occurrence(s)]
ERROR --> FORECAST: trigger failed for FSV: Unknown column 'forecast_id' in 'field list'

[1 occurrence(s)]
ERROR --> FORECAST: trigger failed for GDEN: Unknown column 'forecast_id' in 'field list'

[1 occurrence(s)]
ERROR --> FORECAST: trigger failed for GPI: Unknown column 'forecast_id' in 'field list'

[1 occurrence(s)]
ERROR --> FORECAST: trigger failed for HRB: Unknown column 'forecast_id' in 'field list'

[1 occurrence(s)]
ERROR --> FORECAST: trigger failed for JBLU: Unknown column 'forecast_id' in 'field list'

[3 occurrence(s)]
ERROR --> FORECAST: trigger failed for LHX: Unknown column 'forecast_id' in 'field list'

[2 occurrence(s)]
ERROR --> FORECAST: trigger failed for MCD: Unknown column 'forecast_id' in 'field list'

[1 occurrence(s)]
ERROR --> FORECAST: trigger failed for MEOH: Unknown column 'forecast_id' in 'field list'

[1 occurrence(s)]
ERROR --> FORECAST: trigger failed for MGA: Unknown column 'forecast_id' in 'field list'

[1 occurrence(s)]
ERROR --> FORECAST: trigger failed for NBIX: Unknown column 'forecast_id' in 'field list'

[1 occurrence(s)]
ERROR --> FORECAST: trigger failed for NTCT: Unknown column 'forecast_id' in 'field list'

[1 occurrence(s)]
ERROR --> FORECAST: trigger failed for PLAB: Unknown column 'forecast_id' in 'field list'

[1 occurrence(s)]
ERROR --> FORECAST: trigger failed for RITM: Unknown column 'forecast_id' in 'field list'

[1 occurrence(s)]
ERROR --> FORECAST: trigger failed for RVSN: Unknown column 'forecast_id' in 'field list'

[1 occurrence(s)]
ERROR --> FORECAST: trigger failed for STX: Unknown column 'forecast_id' in 'field list'

[1 occurrence(s)]
ERROR --> FORECAST: trigger failed for SUN: Unknown column 'forecast_id' in 'field list'

[1 occurrence(s)]
ERROR --> FORECAST: trigger failed for THG: Unknown column 'forecast_id' in 'field list'

[1 occurrence(s)]
ERROR --> FORECAST: trigger failed for TXT: Unknown column 'forecast_id' in 'field list'

[1 occurrence(s)]
ERROR --> FORECAST: trigger failed for UGI: Unknown column 'forecast_id' in 'field list'

[2 occurrence(s)]
ERROR --> FORECAST: trigger failed for VEEV: Unknown column 'forecast_id' in 'field list'

[1 occurrence(s)]
ERROR --> FORECAST: trigger failed for WES: Unknown column 'forecast_id' in 'field list'

[1 occurrence(s)]
ERROR --> FORECAST: trigger failed for WSO: Unknown column 'forecast_id' in 'field list'

[1 occurrence(s)]
ERROR --> FORECAST: trigger failed for MET: Unknown column 'forecast_id' in 'field list'

[1 occurrence(s)]
ERROR --> FORECAST: trigger failed for NOC: Unknown column 'forecast_id' in 'field list'

[1 occurrence(s)]
ERROR --> FORECAST: trigger failed for TPB: Unknown column 'forecast_id' in 'field list'

[1 occurrence(s)]
ERROR --> FORECAST: trigger failed for CAH: Unknown column 'forecast_id' in 'field list'

[1 occurrence(s)]
ERROR --> FORECAST: trigger failed for AB: Unknown column 'forecast_id' in 'field list'

[1 occurrence(s)]
ERROR --> FORECAST: trigger failed for ASB: Unknown column 'forecast_id' in 'field list'

[1 occurrence(s)]
ERROR --> FORECAST: trigger failed for BALL: Unknown column 'forecast_id' in 'field list'

[1 occurrence(s)]
ERROR --> FORECAST: trigger failed for CATY: Unknown column 'forecast_id' in 'field list'

[1 occurrence(s)]
ERROR --> FORECAST: trigger failed for CRNX: Unknown column 'forecast_id' in 'field list'

[1 occurrence(s)]
ERROR --> FORECAST: trigger failed for EPAC: Unknown column 'forecast_id' in 'field list'

[1 occurrence(s)]
ERROR --> FORECAST: trigger failed for FC: Unknown column 'forecast_id' in 'field list'

[2 occurrence(s)]
ERROR --> FORECAST: trigger failed for HLT: Unknown column 'forecast_id' in 'field list'

[1 occurrence(s)]
ERROR --> FORECAST: trigger failed for LBRDK: Unknown column 'forecast_id' in 'field list'

[1 occurrence(s)]
ERROR --> FORECAST: trigger failed for MHO: Unknown column 'forecast_id' in 'field list'

[1 occurrence(s)]
ERROR --> FORECAST: trigger failed for OSBC: Unknown column 'forecast_id' in 'field list'

[1 occurrence(s)]
ERROR --> FORECAST: trigger failed for PAYC: Unknown column 'forecast_id' in 'field list'

[1 occurrence(s)]
ERROR --> FORECAST: trigger failed for PEB: Unknown column 'forecast_id' in 'field list'

[1 occurrence(s)]
ERROR --> FORECAST: trigger failed for QTWO: Unknown column 'forecast_id' in 'field list'

[1 occurrence(s)]
ERROR --> FORECAST: trigger failed for SEIC: Unknown column 'forecast_id' in 'field list'

[1 occurrence(s)]
ERROR --> FORECAST: trigger failed for SEM: Unknown column 'forecast_id' in 'field list'

[1 occurrence(s)]
ERROR --> FORECAST: trigger failed for SII: Unknown column 'forecast_id' in 'field list'

[1 occurrence(s)]
ERROR --> FORECAST: trigger failed for SSB: Unknown column 'forecast_id' in 'field list'

[1 occurrence(s)]
ERROR --> FORECAST: trigger failed for VECO: Unknown column 'forecast_id' in 'field list'

[1 occurrence(s)]
ERROR --> FORECAST: trigger failed for VRE: Unknown column 'forecast_id' in 'field list'


===============================================
   HERE'S THE NEW STUFF
   (No previous timestamp recorded – nothing treated as new)
===============================================

---- CONFIG LINT ----
✅ Services::cache
✅ Services::responsecache
✅ Services::session
✅ Services::email
✅ Services::logger
✅ Services::validation
✅ Services::renderer
