===============================================
   MyMI Wallet — Log Summary for 2026-04-22
   Auto-generated by logs:summarize command
   Grouped by (LEVEL + message)
===============================================

Last processed up to: <none> (first run for this date)

---------------------------
LEVEL: DEBUG
---------------------------

[1 occurrence(s)]
DEBUG --> [REQ_ID=dca0bd432871] [REQUEST][START] GET /index.php/API/Management/Run-CRON-Tasks

[417 occurrence(s)]
DEBUG --> Session: Class initialized using 'CodeIgniter\Session\Handlers\FileHandler' driver.

[1 occurrence(s)]
DEBUG --> [REQ_ID=dca0bd432871] [FILTER_BEFORE] /index.php/API/Management/Run-CRON-Tasks

[1 occurrence(s)]
DEBUG --> [REQ_ID=dca0bd432871] [ROUTE] Controller=\App\Modules\APIs\Controllers\ManagementAPIController Method=Run_CRON_Tasks

[1 occurrence(s)]
DEBUG --> [REQ_ID=dca0bd432871] [LIFECYCLE][START] GET https://www.mymiwallet.com/index.php/API/Management/Run-CRON-Tasks

[1 occurrence(s)]
DEBUG --> [REQ_ID=dca0bd432871] [REQUEST][END]

[1 occurrence(s)]
DEBUG --> [REQ_ID=44f6eba5c2bc] [REQUEST][START] GET /index.php/Management/Wallets

[1 occurrence(s)]
DEBUG --> [REQ_ID=44f6eba5c2bc] [FILTER_BEFORE] /index.php/Management/Wallets

[1 occurrence(s)]
DEBUG --> [REQ_ID=44f6eba5c2bc] [ROUTE] Controller=\App\Modules\Management\Controllers\WalletsController Method=index

[1 occurrence(s)]
DEBUG --> [REQ_ID=44f6eba5c2bc] [LIFECYCLE][START] GET https://www.mymiwallet.com/index.php/Management/Wallets

[2 occurrence(s)]
DEBUG --> [CSRF] token name=csrf_test_name hash=fb88d81a659705ecc406c1de19c88189

[65 occurrence(s)]
DEBUG --> [REDIRECT_URL_WRITER]

[1 occurrence(s)]
DEBUG --> [REQ_ID=44f6eba5c2bc] [REQUEST][END]

[1 occurrence(s)]
DEBUG --> [REQ_ID=0667a28203a2] [REQUEST][START] GET /index.php/login

[1 occurrence(s)]
DEBUG --> [REQ_ID=0667a28203a2] [FILTER_BEFORE] /index.php/login

[1 occurrence(s)]
DEBUG --> [REQ_ID=0667a28203a2] [ROUTE] Controller=\App\Controllers\AuthController Method=login

[1 occurrence(s)]
DEBUG --> [REQ_ID=0667a28203a2] [LIFECYCLE][START] GET https://www.mymiwallet.com/index.php/login

[1 occurrence(s)]
DEBUG --> [REQ_ID=9b74a9084b08] [INIT] App\Controllers\AuthController::GET

[66 occurrence(s)]
DEBUG --> [TRACE]

[1 occurrence(s)]
DEBUG --> [AUTH_LOGIN_VIEW_REDIRECT_URL] /Management/Wallets

[66 occurrence(s)]
DEBUG --> [VIEW_RESOLUTION] Render configuration

[33 occurrence(s)]
DEBUG --> [AUTH_RENDER] Final render config

[1 occurrence(s)]
DEBUG --> [REQ_ID=0667a28203a2] [FILTER_AFTER]

[1 occurrence(s)]
DEBUG --> [REQ_ID=0667a28203a2] [LIFECYCLE][END] status=200 duration_ms=132.61 memory_delta=2097152

[1 occurrence(s)]
DEBUG --> [REQ_ID=0667a28203a2] [REQUEST][END]

[1 occurrence(s)]
DEBUG --> [REQ_ID=be25720c1140] [REQUEST][START] GET /wp-content/plugins/hellopress/wp_filemanager.php

[1 occurrence(s)]
DEBUG --> [REQ_ID=be25720c1140] [REQUEST][END]

[1 occurrence(s)]
DEBUG --> [REQ_ID=a04f646b449a] [REQUEST][START] GET /z.php

[1 occurrence(s)]
DEBUG --> [REQ_ID=a04f646b449a] [REQUEST][END]

[1 occurrence(s)]
DEBUG --> [REQ_ID=edd64198d9e9] [REQUEST][START] GET /path.php

[1 occurrence(s)]
DEBUG --> [REQ_ID=edd64198d9e9] [REQUEST][END]

[1 occurrence(s)]
DEBUG --> [REQ_ID=894e99df1893] [REQUEST][START] GET /333.php

[1 occurrence(s)]
DEBUG --> [REQ_ID=894e99df1893] [REQUEST][END]

[1 occurrence(s)]
DEBUG --> [REQ_ID=910406ae6474] [REQUEST][START] GET /revealability.php

[1 occurrence(s)]
DEBUG --> [REQ_ID=910406ae6474] [REQUEST][END]

[1 occurrence(s)]
DEBUG --> [REQ_ID=6d5a3c1ac8ca] [REQUEST][START] GET /ms.php

[1 occurrence(s)]
DEBUG --> [REQ_ID=6d5a3c1ac8ca] [REQUEST][END]

[1 occurrence(s)]
DEBUG --> [REQ_ID=7b3b3613d4e6] [REQUEST][START] GET /wp-access.php

[1 occurrence(s)]
DEBUG --> [REQ_ID=7b3b3613d4e6] [REQUEST][END]

[1 occurrence(s)]
DEBUG --> [REQ_ID=87b400b63552] [REQUEST][START] GET /sys.php

[1 occurrence(s)]
DEBUG --> [REQ_ID=87b400b63552] [REQUEST][END]

[1 occurrence(s)]
DEBUG --> [REQ_ID=3bb3484c1453] [REQUEST][START] GET /mamzi.php

[1 occurrence(s)]
DEBUG --> [REQ_ID=3bb3484c1453] [REQUEST][END]

[1 occurrence(s)]
DEBUG --> [REQ_ID=bc17fa8a3922] [REQUEST][START] GET /class.1.php

[1 occurrence(s)]
DEBUG --> [REQ_ID=bc17fa8a3922] [REQUEST][END]

[1 occurrence(s)]
DEBUG --> [REQ_ID=446e5530b321] [REQUEST][START] GET /xml.php

[1 occurrence(s)]
DEBUG --> [REQ_ID=446e5530b321] [REQUEST][END]

[1 occurrence(s)]
DEBUG --> [REQ_ID=42e977f98f1c] [REQUEST][START] GET /fun.php

[1 occurrence(s)]
DEBUG --> [REQ_ID=42e977f98f1c] [REQUEST][END]

[1 occurrence(s)]
DEBUG --> [REQ_ID=eeaf23803110] [REQUEST][START] GET /lala.php

[1 occurrence(s)]
DEBUG --> [REQ_ID=eeaf23803110] [REQUEST][END]

[1 occurrence(s)]
DEBUG --> [REQ_ID=81b7a7b2c159] [REQUEST][START] GET /ccou.php

[1 occurrence(s)]
DEBUG --> [REQ_ID=81b7a7b2c159] [REQUEST][END]

[1 occurrence(s)]
DEBUG --> [REQ_ID=9bbb6df5233f] [REQUEST][START] GET /sid3.php

[1 occurrence(s)]
DEBUG --> [REQ_ID=9bbb6df5233f] [REQUEST][END]

[1 occurrence(s)]
DEBUG --> [REQ_ID=d9583d1a5f01] [REQUEST][START] GET /packed.php

[1 occurrence(s)]
DEBUG --> [REQ_ID=d9583d1a5f01] [REQUEST][END]

[1 occurrence(s)]
DEBUG --> [REQ_ID=4e15e24b7fc7] [REQUEST][START] GET /file88.php

[1 occurrence(s)]
DEBUG --> [REQ_ID=4e15e24b7fc7] [REQUEST][END]

[1 occurrence(s)]
DEBUG --> [REQ_ID=cfd91f521c60] [REQUEST][START] GET /yellow.php

[1 occurrence(s)]
DEBUG --> [REQ_ID=cfd91f521c60] [REQUEST][END]

[1 occurrence(s)]
DEBUG --> [REQ_ID=9e15402442fa] [REQUEST][START] GET /domains.php

[1 occurrence(s)]
DEBUG --> [REQ_ID=9e15402442fa] [REQUEST][END]

[1 occurrence(s)]
DEBUG --> [REQ_ID=6eeed5cc0591] [REQUEST][START] GET /txets.php

[1 occurrence(s)]
DEBUG --> [REQ_ID=6eeed5cc0591] [REQUEST][END]

[1 occurrence(s)]
DEBUG --> [REQ_ID=ff7f5a6697bb] [REQUEST][START] GET /edit.php

[1 occurrence(s)]
DEBUG --> [REQ_ID=ff7f5a6697bb] [REQUEST][END]

[1 occurrence(s)]
DEBUG --> [REQ_ID=7e65fe988804] [REQUEST][START] GET /ok.php

[1 occurrence(s)]
DEBUG --> [REQ_ID=7e65fe988804] [REQUEST][END]

[1 occurrence(s)]
DEBUG --> [REQ_ID=ab8c15aa2074] [REQUEST][START] GET /wp-admin/css/colors/blue/file.php

[1 occurrence(s)]
DEBUG --> [REQ_ID=ab8c15aa2074] [REQUEST][END]

[1 occurrence(s)]
DEBUG --> [REQ_ID=0b593a8fd169] [REQUEST][START] GET /ah25.php

[1 occurrence(s)]
DEBUG --> [REQ_ID=0b593a8fd169] [REQUEST][END]

[1 occurrence(s)]
DEBUG --> [REQ_ID=91a048101c4d] [REQUEST][START] GET /wp-the.php

[1 occurrence(s)]
DEBUG --> [REQ_ID=91a048101c4d] [REQUEST][END]

[1 occurrence(s)]
DEBUG --> [REQ_ID=2cd2b0330aae] [REQUEST][START] GET /file59.php

[1 occurrence(s)]
DEBUG --> [REQ_ID=2cd2b0330aae] [REQUEST][END]

[1 occurrence(s)]
DEBUG --> [REQ_ID=ad754d821118] [REQUEST][START] GET /hello.php

[1 occurrence(s)]
DEBUG --> [REQ_ID=ad754d821118] [REQUEST][END]

[1 occurrence(s)]
DEBUG --> [REQ_ID=7f3884eaeda0] [REQUEST][START] GET /wp-gr.php

[1 occurrence(s)]
DEBUG --> [REQ_ID=7f3884eaeda0] [REQUEST][END]

[1 occurrence(s)]
DEBUG --> [REQ_ID=d234ab11f839] [REQUEST][START] GET /jmfi2.php

[1 occurrence(s)]
DEBUG --> [REQ_ID=d234ab11f839] [REQUEST][END]

[1 occurrence(s)]
DEBUG --> [REQ_ID=99068616c55b] [REQUEST][START] GET /wp-good.php

[1 occurrence(s)]
DEBUG --> [REQ_ID=99068616c55b] [REQUEST][END]

[1 occurrence(s)]
DEBUG --> [REQ_ID=d4229d9cef7c] [REQUEST][START] GET /ol.php

[1 occurrence(s)]
DEBUG --> [REQ_ID=d4229d9cef7c] [REQUEST][END]

[1 occurrence(s)]
DEBUG --> [REQ_ID=8992f20b8e7c] [REQUEST][START] GET /mans.php

[1 occurrence(s)]
DEBUG --> [REQ_ID=8992f20b8e7c] [REQUEST][END]

[1 occurrence(s)]
DEBUG --> [REQ_ID=28a293f95cb6] [REQUEST][START] GET /ext.php

[1 occurrence(s)]
DEBUG --> [REQ_ID=28a293f95cb6] [REQUEST][END]

[1 occurrence(s)]
DEBUG --> [REQ_ID=30739df103e8] [REQUEST][START] GET /zxin.php

[1 occurrence(s)]
DEBUG --> [REQ_ID=30739df103e8] [REQUEST][END]

[1 occurrence(s)]
DEBUG --> [REQ_ID=d1bc33a50f3f] [REQUEST][START] GET /lib.php

[1 occurrence(s)]
DEBUG --> [REQ_ID=d1bc33a50f3f] [REQUEST][END]

[1 occurrence(s)]
DEBUG --> [REQ_ID=932881a5030f] [REQUEST][START] GET /yas.php

[1 occurrence(s)]
DEBUG --> [REQ_ID=932881a5030f] [REQUEST][END]

[1 occurrence(s)]
DEBUG --> [REQ_ID=e0748421ec36] [REQUEST][START] GET /n3.php

[1 occurrence(s)]
DEBUG --> [REQ_ID=e0748421ec36] [REQUEST][END]

[1 occurrence(s)]
DEBUG --> [REQ_ID=7ddd29421c63] [REQUEST][START] GET /acp.php

[1 occurrence(s)]
DEBUG --> [REQ_ID=7ddd29421c63] [REQUEST][END]

[1 occurrence(s)]
DEBUG --> [REQ_ID=62f7e3b0bb5b] [REQUEST][START] GET /wp1.php

[1 occurrence(s)]
DEBUG --> [REQ_ID=62f7e3b0bb5b] [REQUEST][END]

[1 occurrence(s)]
DEBUG --> [REQ_ID=51a95255ce5a] [REQUEST][START] GET /v3.php

[1 occurrence(s)]
DEBUG --> [REQ_ID=51a95255ce5a] [REQUEST][END]

[1 occurrence(s)]
DEBUG --> [REQ_ID=6ee947ae236d] [REQUEST][START] GET /an7.php

[1 occurrence(s)]
DEBUG --> [REQ_ID=6ee947ae236d] [REQUEST][END]

[1 occurrence(s)]
DEBUG --> [REQ_ID=95c81c6d6dfa] [REQUEST][START] GET /new4.php

[1 occurrence(s)]
DEBUG --> [REQ_ID=95c81c6d6dfa] [REQUEST][END]

[1 occurrence(s)]
DEBUG --> [REQ_ID=b13819b27f77] [REQUEST][START] GET /sko.php

[1 occurrence(s)]
DEBUG --> [REQ_ID=b13819b27f77] [REQUEST][END]

[1 occurrence(s)]
DEBUG --> [REQ_ID=05ae20554366] [REQUEST][START] GET /wolv2.php

[1 occurrence(s)]
DEBUG --> [REQ_ID=05ae20554366] [REQUEST][END]

[1 occurrence(s)]
DEBUG --> [REQ_ID=5d0eb7470e0a] [REQUEST][START] GET /card.php

[1 occurrence(s)]
DEBUG --> [REQ_ID=5d0eb7470e0a] [REQUEST][END]

[1 occurrence(s)]
DEBUG --> [REQ_ID=5f6dc5f325c2] [REQUEST][START] GET /xtt.php

[1 occurrence(s)]
DEBUG --> [REQ_ID=5f6dc5f325c2] [REQUEST][END]

[1 occurrence(s)]
DEBUG --> [REQ_ID=f09aeaa9c7b2] [REQUEST][START] GET /lo.php

[1 occurrence(s)]
DEBUG --> [REQ_ID=f09aeaa9c7b2] [REQUEST][END]

[1 occurrence(s)]
DEBUG --> [REQ_ID=4b3d814927cb] [REQUEST][START] GET /luxe.php

[1 occurrence(s)]
DEBUG --> [REQ_ID=4b3d814927cb] [REQUEST][END]

[1 occurrence(s)]
DEBUG --> [REQ_ID=fa319b1b9324] [REQUEST][START] GET /raw.php

[1 occurrence(s)]
DEBUG --> [REQ_ID=fa319b1b9324] [REQUEST][END]

[1 occurrence(s)]
DEBUG --> [REQ_ID=92a45dc962e0] [REQUEST][START] GET /wp-x7.php

[1 occurrence(s)]
DEBUG --> [REQ_ID=92a45dc962e0] [REQUEST][END]

[1 occurrence(s)]
DEBUG --> [REQ_ID=337e7ebd1be1] [REQUEST][START] GET /0x.php

[1 occurrence(s)]
DEBUG --> [REQ_ID=337e7ebd1be1] [REQUEST][END]

[1 occurrence(s)]
DEBUG --> [REQ_ID=d2f5c7adcb27] [REQUEST][START] GET /file5.php

[1 occurrence(s)]
DEBUG --> [REQ_ID=d2f5c7adcb27] [REQUEST][END]

[1 occurrence(s)]
DEBUG --> [REQ_ID=d87fa1f27230] [REQUEST][START] GET /layout.php

[1 occurrence(s)]
DEBUG --> [REQ_ID=d87fa1f27230] [REQUEST][END]

[1 occurrence(s)]
DEBUG --> [REQ_ID=9b069b3b7024] [REQUEST][START] GET /file3.php

[1 occurrence(s)]
DEBUG --> [REQ_ID=9b069b3b7024] [REQUEST][END]

[1 occurrence(s)]
DEBUG --> [REQ_ID=9ec0e85b374e] [REQUEST][START] GET /file32.php

[1 occurrence(s)]
DEBUG --> [REQ_ID=9ec0e85b374e] [REQUEST][END]

[1 occurrence(s)]
DEBUG --> [REQ_ID=83b3b450fc69] [REQUEST][START] GET /wp-update.php

[1 occurrence(s)]
DEBUG --> [REQ_ID=83b3b450fc69] [REQUEST][END]

[1 occurrence(s)]
DEBUG --> [REQ_ID=08bf74e6fc0b] [REQUEST][START] GET /wp.php

[1 occurrence(s)]
DEBUG --> [REQ_ID=08bf74e6fc0b] [REQUEST][END]

[1 occurrence(s)]
DEBUG --> [REQ_ID=1a140a9e5ffe] [REQUEST][START] GET /wp-admin/maint/wp-is.php

[1 occurrence(s)]
DEBUG --> [REQ_ID=1a140a9e5ffe] [REQUEST][END]

[1 occurrence(s)]
DEBUG --> [REQ_ID=e7da79172c3e] [REQUEST][START] GET /usep.php

[1 occurrence(s)]
DEBUG --> [REQ_ID=e7da79172c3e] [REQUEST][END]

[1 occurrence(s)]
DEBUG --> [REQ_ID=af4f2df69e7c] [REQUEST][START] GET /ouh.php

[1 occurrence(s)]
DEBUG --> [REQ_ID=af4f2df69e7c] [REQUEST][END]

[1 occurrence(s)]
DEBUG --> [REQ_ID=db4e42599f88] [REQUEST][START] GET /himu.php

[1 occurrence(s)]
DEBUG --> [REQ_ID=db4e42599f88] [REQUEST][END]

[1 occurrence(s)]
DEBUG --> [REQ_ID=03829f5ba2b5] [REQUEST][START] GET /bless11.php

[1 occurrence(s)]
DEBUG --> [REQ_ID=03829f5ba2b5] [REQUEST][END]

[1 occurrence(s)]
DEBUG --> [REQ_ID=38c64a5df61e] [REQUEST][START] GET /owl.php

[1 occurrence(s)]
DEBUG --> [REQ_ID=38c64a5df61e] [REQUEST][END]

[1 occurrence(s)]
DEBUG --> [REQ_ID=c28f2ffa4265] [REQUEST][START] GET /new.php

[1 occurrence(s)]
DEBUG --> [REQ_ID=c28f2ffa4265] [REQUEST][END]

[1 occurrence(s)]
DEBUG --> [REQ_ID=5a6aa0efcb80] [REQUEST][START] GET /fe5.php

[1 occurrence(s)]
DEBUG --> [REQ_ID=5a6aa0efcb80] [REQUEST][END]

[1 occurrence(s)]
DEBUG --> [REQ_ID=aa4b29a232dd] [REQUEST][START] GET /class19.php

[1 occurrence(s)]
DEBUG --> [REQ_ID=aa4b29a232dd] [REQUEST][END]

[1 occurrence(s)]
DEBUG --> [REQ_ID=4cb04d94b5e5] [REQUEST][START] GET /AxAo.php

[1 occurrence(s)]
DEBUG --> [REQ_ID=4cb04d94b5e5] [REQUEST][END]

[1 occurrence(s)]
DEBUG --> [REQ_ID=712ef38ba9e2] [REQUEST][START] GET /doc.php

[1 occurrence(s)]
DEBUG --> [REQ_ID=712ef38ba9e2] [REQUEST][END]

[1 occurrence(s)]
DEBUG --> [REQ_ID=491b11fe01d9] [REQUEST][START] GET /atomlib.php

[1 occurrence(s)]
DEBUG --> [REQ_ID=491b11fe01d9] [REQUEST][END]

[1 occurrence(s)]
DEBUG --> [REQ_ID=4fa069d68eae] [REQUEST][START] GET /file1.php

[1 occurrence(s)]
DEBUG --> [REQ_ID=4fa069d68eae] [REQUEST][END]

[1 occurrence(s)]
DEBUG --> [REQ_ID=32a84dae361c] [REQUEST][START] GET /NewFile.php

[1 occurrence(s)]
DEBUG --> [REQ_ID=32a84dae361c] [REQUEST][END]

[1 occurrence(s)]
DEBUG --> [REQ_ID=f64fea6c6303] [REQUEST][START] GET /inde.php

[1 occurrence(s)]
DEBUG --> [REQ_ID=f64fea6c6303] [REQUEST][END]

[1 occurrence(s)]
DEBUG --> [REQ_ID=212b48f975c0] [REQUEST][START] GET /te.php

[1 occurrence(s)]
DEBUG --> [REQ_ID=212b48f975c0] [REQUEST][END]

[1 occurrence(s)]
DEBUG --> [REQ_ID=bf15987398db] [REQUEST][START] GET /444.php

[1 occurrence(s)]
DEBUG --> [REQ_ID=bf15987398db] [REQUEST][END]

[1 occurrence(s)]
DEBUG --> [REQ_ID=6cb6fb004d08] [REQUEST][START] GET /bless5.php

[1 occurrence(s)]
DEBUG --> [REQ_ID=6cb6fb004d08] [REQUEST][END]

[1 occurrence(s)]
DEBUG --> [REQ_ID=d64a2e59867a] [REQUEST][START] GET /hook.php

[1 occurrence(s)]
DEBUG --> [REQ_ID=d64a2e59867a] [REQUEST][END]

[1 occurrence(s)]
DEBUG --> [REQ_ID=9ba677329a5f] [REQUEST][START] GET /33.php

[1 occurrence(s)]
DEBUG --> [REQ_ID=9ba677329a5f] [REQUEST][END]

[1 occurrence(s)]
DEBUG --> [REQ_ID=e8b988186888] [REQUEST][START] GET /wpls.php

[1 occurrence(s)]
DEBUG --> [REQ_ID=e8b988186888] [REQUEST][END]

[1 occurrence(s)]
DEBUG --> [REQ_ID=1af27cb469c2] [REQUEST][START] GET /file4.php

[1 occurrence(s)]
DEBUG --> [REQ_ID=1af27cb469c2] [REQUEST][END]

[1 occurrence(s)]
DEBUG --> [REQ_ID=f849be2fd4b2] [REQUEST][START] GET /fileas.php

[1 occurrence(s)]
DEBUG --> [REQ_ID=f849be2fd4b2] [REQUEST][END]

[1 occurrence(s)]
DEBUG --> [REQ_ID=4801f2e5db69] [REQUEST][START] GET /asas.php

[1 occurrence(s)]
DEBUG --> [REQ_ID=4801f2e5db69] [REQUEST][END]

[1 occurrence(s)]
DEBUG --> [REQ_ID=b357dd5b784b] [REQUEST][START] GET /lv.php

[1 occurrence(s)]
DEBUG --> [REQ_ID=b357dd5b784b] [REQUEST][END]

[1 occurrence(s)]
DEBUG --> [REQ_ID=a68d5a755b1d] [REQUEST][START] GET /file9.php

[1 occurrence(s)]
DEBUG --> [REQ_ID=a68d5a755b1d] [REQUEST][END]

[1 occurrence(s)]
DEBUG --> [REQ_ID=dbbd24066333] [REQUEST][START] GET /ton.php

[1 occurrence(s)]
DEBUG --> [REQ_ID=dbbd24066333] [REQUEST][END]

[1 occurrence(s)]
DEBUG --> [REQ_ID=9d453f1c548b] [REQUEST][START] GET /031.php

[1 occurrence(s)]
DEBUG --> [REQ_ID=9d453f1c548b] [REQUEST][END]

[1 occurrence(s)]
DEBUG --> [REQ_ID=3b085f546065] [REQUEST][START] GET /about3.php

[1 occurrence(s)]
DEBUG --> [REQ_ID=3b085f546065] [REQUEST][END]

[1 occurrence(s)]
DEBUG --> [REQ_ID=2ffd8dadbd88] [REQUEST][START] GET /gelap.php

[1 occurrence(s)]
DEBUG --> [REQ_ID=2ffd8dadbd88] [REQUEST][END]

[1 occurrence(s)]
DEBUG --> [REQ_ID=9f68c24aa7e6] [REQUEST][START] GET /hk.php

[1 occurrence(s)]
DEBUG --> [REQ_ID=9f68c24aa7e6] [REQUEST][END]

[1 occurrence(s)]
DEBUG --> [REQ_ID=9688b343f93b] [REQUEST][START] GET /555.php

[1 occurrence(s)]
DEBUG --> [REQ_ID=9688b343f93b] [REQUEST][END]

[1 occurrence(s)]
DEBUG --> [REQ_ID=009b844dc7ef] [REQUEST][START] GET /system.php

[1 occurrence(s)]
DEBUG --> [REQ_ID=009b844dc7ef] [REQUEST][END]

[1 occurrence(s)]
DEBUG --> [REQ_ID=d51119fbd34a] [REQUEST][START] GET /mds.php

[1 occurrence(s)]
DEBUG --> [REQ_ID=d51119fbd34a] [REQUEST][END]

[1 occurrence(s)]
DEBUG --> [REQ_ID=081889b6f723] [REQUEST][START] GET /mo.php

[1 occurrence(s)]
DEBUG --> [REQ_ID=081889b6f723] [REQUEST][END]

[1 occurrence(s)]
DEBUG --> [REQ_ID=79798e3061d2] [REQUEST][START] GET /ffile.php

[1 occurrence(s)]
DEBUG --> [REQ_ID=79798e3061d2] [REQUEST][END]

[1 occurrence(s)]
DEBUG --> [REQ_ID=4cb5a8f9e30d] [REQUEST][START] GET /v2.php

[1 occurrence(s)]
DEBUG --> [REQ_ID=4cb5a8f9e30d] [REQUEST][END]

[1 occurrence(s)]
DEBUG --> [REQ_ID=a7bb7c6dc3c2] [REQUEST][START] GET /class-t.api.php

[1 occurrence(s)]
DEBUG --> [REQ_ID=a7bb7c6dc3c2] [REQUEST][END]

[1 occurrence(s)]
DEBUG --> [REQ_ID=d72f4ab1e561] [REQUEST][START] GET /mws.php

[1 occurrence(s)]
DEBUG --> [REQ_ID=d72f4ab1e561] [REQUEST][END]

[1 occurrence(s)]
DEBUG --> [REQ_ID=3f62b912a81a] [REQUEST][START] GET /v4.php

[1 occurrence(s)]
DEBUG --> [REQ_ID=3f62b912a81a] [REQUEST][END]

[1 occurrence(s)]
DEBUG --> [REQ_ID=281880502a0a] [REQUEST][START] GET /wp-links-opml.php

[1 occurrence(s)]
DEBUG --> [REQ_ID=281880502a0a] [REQUEST][END]

[1 occurrence(s)]
DEBUG --> [REQ_ID=dde4d53719de] [REQUEST][START] GET /file30.php

[1 occurrence(s)]
DEBUG --> [REQ_ID=dde4d53719de] [REQUEST][END]

[1 occurrence(s)]
DEBUG --> [REQ_ID=3ff519f7c08e] [REQUEST][START] GET /xrp.php

[1 occurrence(s)]
DEBUG --> [REQ_ID=3ff519f7c08e] [REQUEST][END]

[1 occurrence(s)]
DEBUG --> [REQ_ID=3bc3020f8353] [REQUEST][START] GET /app.php

[1 occurrence(s)]
DEBUG --> [REQ_ID=3bc3020f8353] [REQUEST][END]

[1 occurrence(s)]
DEBUG --> [REQ_ID=e08234e28be0] [REQUEST][START] GET /Sanskrit.php

[1 occurrence(s)]
DEBUG --> [REQ_ID=e08234e28be0] [REQUEST][END]

[1 occurrence(s)]
DEBUG --> [REQ_ID=14f7b49a0403] [REQUEST][START] GET /wp-conflg.php

[1 occurrence(s)]
DEBUG --> [REQ_ID=14f7b49a0403] [REQUEST][END]

[1 occurrence(s)]
DEBUG --> [REQ_ID=f3e2935b7164] [REQUEST][START] GET /wp-trackback.php

[1 occurrence(s)]
DEBUG --> [REQ_ID=f3e2935b7164] [REQUEST][END]

[1 occurrence(s)]
DEBUG --> [REQ_ID=0e2b1fb11383] [REQUEST][START] GET /moon3.php

[1 occurrence(s)]
DEBUG --> [REQ_ID=0e2b1fb11383] [REQUEST][END]

[1 occurrence(s)]
DEBUG --> [REQ_ID=295b80932497] [REQUEST][START] GET /hey.php

[1 occurrence(s)]
DEBUG --> [REQ_ID=295b80932497] [REQUEST][END]

[1 occurrence(s)]
DEBUG --> [REQ_ID=f7f15b90b57b] [REQUEST][START] GET /wp4.php

[1 occurrence(s)]
DEBUG --> [REQ_ID=f7f15b90b57b] [REQUEST][END]

[1 occurrence(s)]
DEBUG --> [REQ_ID=cbd289a07a54] [REQUEST][START] GET /dropdown.php

[1 occurrence(s)]
DEBUG --> [REQ_ID=cbd289a07a54] [REQUEST][END]

[1 occurrence(s)]
DEBUG --> [REQ_ID=c8bdf2398f70] [REQUEST][START] GET /shell20211028.php

[1 occurrence(s)]
DEBUG --> [REQ_ID=c8bdf2398f70] [REQUEST][END]

[1 occurrence(s)]
DEBUG --> [REQ_ID=80a2241b4e69] [REQUEST][START] GET /zwso.php

[1 occurrence(s)]
DEBUG --> [REQ_ID=80a2241b4e69] [REQUEST][END]

[1 occurrence(s)]
DEBUG --> [REQ_ID=09c36ddb5625] [REQUEST][START] GET /wp.php

[1 occurrence(s)]
DEBUG --> [REQ_ID=09c36ddb5625] [REQUEST][END]

[1 occurrence(s)]
DEBUG --> [REQ_ID=21d8f7d74452] [REQUEST][START] GET /x.php

[1 occurrence(s)]
DEBUG --> [REQ_ID=21d8f7d74452] [REQUEST][END]

[1 occurrence(s)]
DEBUG --> [REQ_ID=67c1b8b2db38] [REQUEST][START] GET /h.php

[1 occurrence(s)]
DEBUG --> [REQ_ID=67c1b8b2db38] [REQUEST][END]

[1 occurrence(s)]
DEBUG --> [REQ_ID=94da1b08558c] [REQUEST][START] GET /png.php

[1 occurrence(s)]
DEBUG --> [REQ_ID=94da1b08558c] [REQUEST][END]

[1 occurrence(s)]
DEBUG --> [REQ_ID=e6447c0cf19a] [REQUEST][START] GET /autoload_classmap.php

[1 occurrence(s)]
DEBUG --> [REQ_ID=e6447c0cf19a] [REQUEST][END]

[1 occurrence(s)]
DEBUG --> [REQ_ID=22b84b5a52c7] [REQUEST][START] GET /cache.php

[1 occurrence(s)]
DEBUG --> [REQ_ID=22b84b5a52c7] [REQUEST][END]

[1 occurrence(s)]
DEBUG --> [REQ_ID=ab2d57c10379] [REQUEST][START] GET /wp-blog.php

[1 occurrence(s)]
DEBUG --> [REQ_ID=ab2d57c10379] [REQUEST][END]

[1 occurrence(s)]
DEBUG --> [REQ_ID=6b785b7a2070] [REQUEST][START] GET /a1vx.php

[1 occurrence(s)]
DEBUG --> [REQ_ID=6b785b7a2070] [REQUEST][END]

[1 occurrence(s)]
DEBUG --> [REQ_ID=140f58374980] [REQUEST][START] GET /06.php

[1 occurrence(s)]
DEBUG --> [REQ_ID=140f58374980] [REQUEST][END]

[1 occurrence(s)]
DEBUG --> [REQ_ID=8e47b20e708f] [REQUEST][START] GET /xda.php

[1 occurrence(s)]
DEBUG --> [REQ_ID=8e47b20e708f] [REQUEST][END]

[1 occurrence(s)]
DEBUG --> [REQ_ID=c08d7803c41a] [REQUEST][START] GET /sbhu.php

[1 occurrence(s)]
DEBUG --> [REQ_ID=c08d7803c41a] [REQUEST][END]

[1 occurrence(s)]
DEBUG --> [REQ_ID=85f32d68df81] [REQUEST][START] GET /X57.php

[1 occurrence(s)]
DEBUG --> [REQ_ID=85f32d68df81] [REQUEST][END]

[1 occurrence(s)]
DEBUG --> [REQ_ID=58d9ba5f808f] [REQUEST][START] GET /ff1.php

[1 occurrence(s)]
DEBUG --> [REQ_ID=58d9ba5f808f] [REQUEST][END]

[1 occurrence(s)]
DEBUG --> [REQ_ID=486478c736f5] [REQUEST][START] GET /myfile.php

[1 occurrence(s)]
DEBUG --> [REQ_ID=486478c736f5] [REQUEST][END]

[1 occurrence(s)]
DEBUG --> [REQ_ID=6bc82a04fea9] [REQUEST][START] GET /xqq.php

[1 occurrence(s)]
DEBUG --> [REQ_ID=6bc82a04fea9] [REQUEST][END]

[1 occurrence(s)]
DEBUG --> [REQ_ID=9f306dd90786] [REQUEST][START] GET /wp-act.php

[1 occurrence(s)]
DEBUG --> [REQ_ID=9f306dd90786] [REQUEST][END]

[1 occurrence(s)]
DEBUG --> [REQ_ID=faf22ee9ecc9] [REQUEST][START] GET /opts.php

[1 occurrence(s)]
DEBUG --> [REQ_ID=faf22ee9ecc9] [REQUEST][END]

[1 occurrence(s)]
DEBUG --> [REQ_ID=8e8e4b22da54] [REQUEST][START] GET /forbidals.php

[1 occurrence(s)]
DEBUG --> [REQ_ID=8e8e4b22da54] [REQUEST][END]

[1 occurrence(s)]
DEBUG --> [REQ_ID=551bffbf7379] [REQUEST][START] GET /pouhg.php

[1 occurrence(s)]
DEBUG --> [REQ_ID=551bffbf7379] [REQUEST][END]

[1 occurrence(s)]
DEBUG --> [REQ_ID=c15d247cd00b] [REQUEST][START] GET /grsiuk.php

[1 occurrence(s)]
DEBUG --> [REQ_ID=c15d247cd00b] [REQUEST][END]

[1 occurrence(s)]
DEBUG --> [REQ_ID=4f4d98427f88] [REQUEST][START] GET /vx.php

[1 occurrence(s)]
DEBUG --> [REQ_ID=4f4d98427f88] [REQUEST][END]

[1 occurrence(s)]
DEBUG --> [REQ_ID=be3ff6455cdd] [REQUEST][START] GET /tox.php

[1 occurrence(s)]
DEBUG --> [REQ_ID=be3ff6455cdd] [REQUEST][END]

[1 occurrence(s)]
DEBUG --> [REQ_ID=f70d6f32271a] [REQUEST][START] GET /wp-xml.php

[1 occurrence(s)]
DEBUG --> [REQ_ID=f70d6f32271a] [REQUEST][END]

[1 occurrence(s)]
DEBUG --> [REQ_ID=458b19162b46] [REQUEST][START] GET /class-config.php

[1 occurrence(s)]
DEBUG --> [REQ_ID=458b19162b46] [REQUEST][END]

[1 occurrence(s)]
DEBUG --> [REQ_ID=5d85b50f9d47] [REQUEST][START] GET /wp-load.php

[1 occurrence(s)]
DEBUG --> [REQ_ID=5d85b50f9d47] [REQUEST][END]

[1 occurrence(s)]
DEBUG --> [REQ_ID=605e8a01608f] [REQUEST][START] GET /wp-xrm.php

[1 occurrence(s)]
DEBUG --> [REQ_ID=605e8a01608f] [REQUEST][END]

[1 occurrence(s)]
DEBUG --> [REQ_ID=96186f17f15d] [REQUEST][START] GET /r4f_1.php

[1 occurrence(s)]
DEBUG --> [REQ_ID=96186f17f15d] [REQUEST][END]

[1 occurrence(s)]
DEBUG --> [REQ_ID=52d9c05584b8] [REQUEST][START] GET /wp-cliner.php

[1 occurrence(s)]
DEBUG --> [REQ_ID=52d9c05584b8] [REQUEST][END]

[1 occurrence(s)]
DEBUG --> [REQ_ID=6de42883dc21] [REQUEST][START] GET /wp-xx.php

[1 occurrence(s)]
DEBUG --> [REQ_ID=6de42883dc21] [REQUEST][END]

[1 occurrence(s)]
DEBUG --> [REQ_ID=a178ad62cb13] [REQUEST][START] GET /wp-xm.php

[1 occurrence(s)]
DEBUG --> [REQ_ID=a178ad62cb13] [REQUEST][END]

[1 occurrence(s)]
DEBUG --> [REQ_ID=d98dcf5c500f] [REQUEST][START] GET /sk25_1.php

[1 occurrence(s)]
DEBUG --> [REQ_ID=d98dcf5c500f] [REQUEST][END]

[1 occurrence(s)]
DEBUG --> [REQ_ID=29fbae614cbb] [REQUEST][START] GET /we2.php

[1 occurrence(s)]
DEBUG --> [REQ_ID=29fbae614cbb] [REQUEST][END]

[1 occurrence(s)]
DEBUG --> [REQ_ID=540f46cc71fd] [REQUEST][START] GET /wp-2019.php

[1 occurrence(s)]
DEBUG --> [REQ_ID=540f46cc71fd] [REQUEST][END]

[1 occurrence(s)]
DEBUG --> [REQ_ID=04432bbf28e1] [REQUEST][START] GET /wp-aaa.php

[1 occurrence(s)]
DEBUG --> [REQ_ID=04432bbf28e1] [REQUEST][END]

[1 occurrence(s)]
DEBUG --> [REQ_ID=50acf824ab5f] [REQUEST][START] GET /class-wp.php

[1 occurrence(s)]
DEBUG --> [REQ_ID=50acf824ab5f] [REQUEST][END]

[1 occurrence(s)]
DEBUG --> [REQ_ID=b11524bdae8d] [REQUEST][START] GET /shellalfa.php

[1 occurrence(s)]
DEBUG --> [REQ_ID=b11524bdae8d] [REQUEST][END]

[1 occurrence(s)]
DEBUG --> [REQ_ID=c7cdedf0684b] [REQUEST][START] GET /about25.php

[1 occurrence(s)]
DEBUG --> [REQ_ID=c7cdedf0684b] [REQUEST][END]

[1 occurrence(s)]
DEBUG --> [REQ_ID=cb20aebcb4d9] [REQUEST][START] GET /testo.php

[1 occurrence(s)]
DEBUG --> [REQ_ID=cb20aebcb4d9] [REQUEST][END]

[1 occurrence(s)]
DEBUG --> [REQ_ID=d17df7516308] [REQUEST][START] GET /blox.php

[1 occurrence(s)]
DEBUG --> [REQ_ID=d17df7516308] [REQUEST][END]

[1 occurrence(s)]
DEBUG --> [REQ_ID=6991ceabac15] [REQUEST][START] GET /cvrvk.php

[1 occurrence(s)]
DEBUG --> [REQ_ID=6991ceabac15] [REQUEST][END]

[1 occurrence(s)]
DEBUG --> [REQ_ID=4c43f91b8a70] [REQUEST][START] GET /siln.php

[1 occurrence(s)]
DEBUG --> [REQ_ID=4c43f91b8a70] [REQUEST][END]

[1 occurrence(s)]
DEBUG --> [REQ_ID=1bf086bd8a14] [REQUEST][START] GET /zicgg.php

[1 occurrence(s)]
DEBUG --> [REQ_ID=1bf086bd8a14] [REQUEST][END]

[1 occurrence(s)]
DEBUG --> [REQ_ID=080ac901e36c] [REQUEST][START] GET /shelp.php

[1 occurrence(s)]
DEBUG --> [REQ_ID=080ac901e36c] [REQUEST][END]

[1 occurrence(s)]
DEBUG --> [REQ_ID=7471da511ff7] [REQUEST][START] GET /puvil.php

[1 occurrence(s)]
DEBUG --> [REQ_ID=7471da511ff7] [REQUEST][END]

[1 occurrence(s)]
DEBUG --> [REQ_ID=092af73115bc] [REQUEST][START] GET /hans.php

[1 occurrence(s)]
DEBUG --> [REQ_ID=092af73115bc] [REQUEST][END]

[1 occurrence(s)]
DEBUG --> [REQ_ID=23cdd140c618] [REQUEST][START] GET /error.php

[1 occurrence(s)]
DEBUG --> [REQ_ID=23cdd140c618] [REQUEST][END]

[1 occurrence(s)]
DEBUG --> [REQ_ID=575e6c278e1e] [REQUEST][START] GET /xmu.php

[1 occurrence(s)]
DEBUG --> [REQ_ID=575e6c278e1e] [REQUEST][END]

[1 occurrence(s)]
DEBUG --> [REQ_ID=156bb6a8c584] [REQUEST][START] GET /file3.php

[1 occurrence(s)]
DEBUG --> [REQ_ID=156bb6a8c584] [REQUEST][END]

[1 occurrence(s)]
DEBUG --> [REQ_ID=c76673471db9] [REQUEST][START] GET /wuasr.php

[1 occurrence(s)]
DEBUG --> [REQ_ID=c76673471db9] [REQUEST][END]

[1 occurrence(s)]
DEBUG --> [REQ_ID=75f93b5c705d] [REQUEST][START] GET /clirp.php

[1 occurrence(s)]
DEBUG --> [REQ_ID=75f93b5c705d] [REQUEST][END]

[1 occurrence(s)]
DEBUG --> [REQ_ID=08cbb323c389] [REQUEST][START] GET /samll.php

[1 occurrence(s)]
DEBUG --> [REQ_ID=08cbb323c389] [REQUEST][END]

[1 occurrence(s)]
DEBUG --> [REQ_ID=acf7a79ab302] [REQUEST][START] GET /index.php/API/Alerts/fetchEmailAlerts

[1 occurrence(s)]
DEBUG --> [REQ_ID=acf7a79ab302] [FILTER_BEFORE] /index.php/API/Alerts/fetchEmailAlerts

[1 occurrence(s)]
DEBUG --> [REQ_ID=acf7a79ab302] [ROUTE] Controller=\App\Modules\APIs\Controllers\AlertsAPIController Method=fetchEmailAlerts

[1 occurrence(s)]
DEBUG --> [REQ_ID=acf7a79ab302] [LIFECYCLE][START] GET https://www.mymiwallet.com/index.php/API/Alerts/fetchEmailAlerts

[1 occurrence(s)]
DEBUG --> [REQ_ID=acf7a79ab302] [REQUEST][END]

[1 occurrence(s)]
DEBUG --> [REQ_ID=88e18b2fa1b7] [REQUEST][START] GET /

[1 occurrence(s)]
DEBUG --> [REQ_ID=88e18b2fa1b7] [FILTER_BEFORE] /

[1 occurrence(s)]
DEBUG --> [REQ_ID=88e18b2fa1b7] [ROUTE] Controller=\App\Controllers\Home Method=index

[1 occurrence(s)]
DEBUG --> [REQ_ID=88e18b2fa1b7] [LIFECYCLE][START] GET https://www.mymiwallet.com/index.php/

[1 occurrence(s)]
DEBUG --> [CSRF] token name=csrf_test_name hash=e23e6f66bf56b3a6f6c33bb76c259cbf

[1 occurrence(s)]
DEBUG --> [REQ_ID=106aa789d42e] [INIT] App\Controllers\Home::GET

[9 occurrence(s)]
DEBUG --> [MetaService] slug= pageName= cacheHit= path=FALLBACK

[1 occurrence(s)]
DEBUG --> [REQ_ID=106aa789d42e] [VIEW_RENDER] themes/public/home

[5 occurrence(s)]
DEBUG --> [MetaService] slug= pageName=Home cacheHit= path=DB

[1 occurrence(s)]
DEBUG --> [REQ_ID=88e18b2fa1b7] [FILTER_AFTER]

[1 occurrence(s)]
DEBUG --> [REQ_ID=88e18b2fa1b7] [LIFECYCLE][END] status=200 duration_ms=634.33 memory_delta=4194304

[1 occurrence(s)]
DEBUG --> [REQ_ID=88e18b2fa1b7] [REQUEST][END]

[1 occurrence(s)]
DEBUG --> [REQ_ID=a0d4e3912a3b] [REQUEST][START] GET /.git/config

[1 occurrence(s)]
DEBUG --> [REQ_ID=a0d4e3912a3b] [REQUEST][END]

[1 occurrence(s)]
DEBUG --> [REQ_ID=c7b0d68956cf] [REQUEST][START] GET /

[1 occurrence(s)]
DEBUG --> [REQ_ID=c7b0d68956cf] [FILTER_BEFORE] /

[1 occurrence(s)]
DEBUG --> [REQ_ID=c7b0d68956cf] [ROUTE] Controller=\App\Controllers\Home Method=index

[1 occurrence(s)]
DEBUG --> [REQ_ID=c7b0d68956cf] [LIFECYCLE][START] GET https://www.mymiwallet.com/index.php/

[1 occurrence(s)]
DEBUG --> [CSRF] token name=csrf_test_name hash=8fdf22ba615bb0002142a7dace873f83

[1 occurrence(s)]
DEBUG --> [REQ_ID=7b4723f06e49] [INIT] App\Controllers\Home::GET

[1 occurrence(s)]
DEBUG --> [REQ_ID=7b4723f06e49] [VIEW_RENDER] themes/public/home

[10 occurrence(s)]
DEBUG --> [MetaService] slug= pageName=Home cacheHit=1 path=CACHE

[1 occurrence(s)]
DEBUG --> [REQ_ID=c7b0d68956cf] [FILTER_AFTER]

[1 occurrence(s)]
DEBUG --> [REQ_ID=c7b0d68956cf] [LIFECYCLE][END] status=200 duration_ms=761.13 memory_delta=4194304

[1 occurrence(s)]
DEBUG --> [REQ_ID=c7b0d68956cf] [REQUEST][END]

[1 occurrence(s)]
DEBUG --> [REQ_ID=2c7b6534355e] [REQUEST][START] GET /index.php/API/Budget/getUserCreditBalances

[1 occurrence(s)]
DEBUG --> [REQ_ID=2c7b6534355e] [REQUEST][END]

[1 occurrence(s)]
DEBUG --> [REQ_ID=c50bcc36c9f6] [REQUEST][START] GET /index.php/API/Budget/getUserCreditBalances

[1 occurrence(s)]
DEBUG --> [REQ_ID=c50bcc36c9f6] [REQUEST][END]

[1 occurrence(s)]
DEBUG --> [REQ_ID=07e118fb4c8e] [REQUEST][START] GET /index.php/API/Management/Run-CRON-Tasks

[1 occurrence(s)]
DEBUG --> [REQ_ID=07e118fb4c8e] [FILTER_BEFORE] /index.php/API/Management/Run-CRON-Tasks

[1 occurrence(s)]
DEBUG --> [REQ_ID=07e118fb4c8e] [ROUTE] Controller=\App\Modules\APIs\Controllers\ManagementAPIController Method=Run_CRON_Tasks

[1 occurrence(s)]
DEBUG --> [REQ_ID=07e118fb4c8e] [LIFECYCLE][START] GET https://www.mymiwallet.com/index.php/API/Management/Run-CRON-Tasks

[1 occurrence(s)]
DEBUG --> [REQ_ID=07e118fb4c8e] [REQUEST][END]

[1 occurrence(s)]
DEBUG --> [REQ_ID=91258d71d193] [REQUEST][START] GET /index.php/API/Alerts/fetchEmailAlerts

[1 occurrence(s)]
DEBUG --> [REQ_ID=91258d71d193] [FILTER_BEFORE] /index.php/API/Alerts/fetchEmailAlerts

[1 occurrence(s)]
DEBUG --> [REQ_ID=91258d71d193] [ROUTE] Controller=\App\Modules\APIs\Controllers\AlertsAPIController Method=fetchEmailAlerts

[1 occurrence(s)]
DEBUG --> [REQ_ID=91258d71d193] [LIFECYCLE][START] GET https://www.mymiwallet.com/index.php/API/Alerts/fetchEmailAlerts

[1 occurrence(s)]
DEBUG --> [REQ_ID=91258d71d193] [REQUEST][END]

[1 occurrence(s)]
DEBUG --> [REQ_ID=76db21aeae9e] [REQUEST][START] GET /

[1 occurrence(s)]
DEBUG --> [REQ_ID=76db21aeae9e] [FILTER_BEFORE] /

[1 occurrence(s)]
DEBUG --> [REQ_ID=76db21aeae9e] [ROUTE] Controller=\App\Controllers\Home Method=index

[1 occurrence(s)]
DEBUG --> [REQ_ID=76db21aeae9e] [LIFECYCLE][START] GET https://www.mymiwallet.com/index.php/

[2 occurrence(s)]
DEBUG --> [CSRF] token name=csrf_test_name hash=8f1e07b081c77f32181448877b6aecf7

[1 occurrence(s)]
DEBUG --> [REQ_ID=4a096a97fdc2] [INIT] App\Controllers\Home::GET

[1 occurrence(s)]
DEBUG --> [REQ_ID=4a096a97fdc2] [VIEW_RENDER] themes/public/home

[1 occurrence(s)]
DEBUG --> [REQ_ID=76db21aeae9e] [FILTER_AFTER]

[1 occurrence(s)]
DEBUG --> [REQ_ID=76db21aeae9e] [LIFECYCLE][END] status=200 duration_ms=781.78 memory_delta=4194304

[1 occurrence(s)]
DEBUG --> [REQ_ID=76db21aeae9e] [REQUEST][END]

[1 occurrence(s)]
DEBUG --> [REQ_ID=89fa8f1300e5] [REQUEST][START] GET //xmlrpc.php?rsd

[1 occurrence(s)]
DEBUG --> [REQ_ID=89fa8f1300e5] [REQUEST][END]

[1 occurrence(s)]
DEBUG --> [REQ_ID=fc6845c81161] [REQUEST][START] GET /

[1 occurrence(s)]
DEBUG --> [REQ_ID=fc6845c81161] [FILTER_BEFORE] /

[1 occurrence(s)]
DEBUG --> [REQ_ID=fc6845c81161] [ROUTE] Controller=\App\Controllers\Home Method=index

[1 occurrence(s)]
DEBUG --> [REQ_ID=fc6845c81161] [LIFECYCLE][START] GET https://www.mymiwallet.com/index.php/

[1 occurrence(s)]
DEBUG --> [REQ_ID=f38dfb0b4446] [INIT] App\Controllers\Home::GET

[6 occurrence(s)]
DEBUG --> [MetaService] slug= pageName= cacheHit=1 path=CACHE

[1 occurrence(s)]
DEBUG --> [REQ_ID=f38dfb0b4446] [VIEW_RENDER] themes/public/home

[1 occurrence(s)]
DEBUG --> [REQ_ID=fc6845c81161] [FILTER_AFTER]

[1 occurrence(s)]
DEBUG --> [REQ_ID=fc6845c81161] [LIFECYCLE][END] status=200 duration_ms=564.53 memory_delta=4194304

[1 occurrence(s)]
DEBUG --> [REQ_ID=fc6845c81161] [REQUEST][END]

[1 occurrence(s)]
DEBUG --> [REQ_ID=942b356288c1] [REQUEST][START] GET /Free

[1 occurrence(s)]
DEBUG --> [REQ_ID=942b356288c1] [REQUEST][END]

[1 occurrence(s)]
DEBUG --> [REQ_ID=f96f325e8ef5] [REQUEST][START] GET /

[1 occurrence(s)]
DEBUG --> [REQ_ID=f96f325e8ef5] [FILTER_BEFORE] /

[1 occurrence(s)]
DEBUG --> [REQ_ID=f96f325e8ef5] [ROUTE] Controller=\App\Controllers\Home Method=index

[1 occurrence(s)]
DEBUG --> [REQ_ID=f96f325e8ef5] [LIFECYCLE][START] GET https://www.mymiwallet.com/index.php/

[2 occurrence(s)]
DEBUG --> [CSRF] token name=csrf_test_name hash=c72de5aa1ff7a18a9191897db80ddea6

[1 occurrence(s)]
DEBUG --> [REQ_ID=62ae17d732b2] [INIT] App\Controllers\Home::GET

[1 occurrence(s)]
DEBUG --> [REQ_ID=62ae17d732b2] [VIEW_RENDER] themes/public/home

[1 occurrence(s)]
DEBUG --> [REQ_ID=f96f325e8ef5] [FILTER_AFTER]

[1 occurrence(s)]
DEBUG --> [REQ_ID=f96f325e8ef5] [LIFECYCLE][END] status=200 duration_ms=609.48 memory_delta=4194304

[1 occurrence(s)]
DEBUG --> [REQ_ID=f96f325e8ef5] [REQUEST][END]

[1 occurrence(s)]
DEBUG --> [REQ_ID=ed1e4c270656] [REQUEST][START] GET /index.php/How-It-Works/Investment-Dashboard

[1 occurrence(s)]
DEBUG --> [REQ_ID=ed1e4c270656] [FILTER_BEFORE] /index.php/How-It-Works/Investment-Dashboard

[1 occurrence(s)]
DEBUG --> [REQ_ID=ed1e4c270656] [ROUTE] Controller=\App\Modules\Blog\Controllers\HowItWorksController Method=show

[1 occurrence(s)]
DEBUG --> [REQ_ID=ed1e4c270656] [LIFECYCLE][START] GET https://www.mymiwallet.com/index.php/How-It-Works/Investment-Dashboard

[1 occurrence(s)]
DEBUG --> [REQ_ID=9ea65469ff0c] [INIT] App\Modules\Blog\Controllers\HowItWorksController::GET

[1 occurrence(s)]
DEBUG --> [REQ_ID=9ea65469ff0c] [METHOD_ENTRY] show

[17 occurrence(s)]
DEBUG --> MyMIUser L52 - initialized (first log).

[17 occurrence(s)]
DEBUG --> [SERVICE] App\Services\BudgetService ::setUserId

[17 occurrence(s)]
DEBUG --> MyMICoin initialized ONCE

[17 occurrence(s)]
DEBUG --> MyMICoin: guest context detected; skipping user-specific preload.

[2 occurrence(s)]
DEBUG --> [HOW_IT_WORKS] slug=investment-dashboard

[1 occurrence(s)]
DEBUG --> [REQ_ID=ed1e4c270656] [FILTER_AFTER]

[1 occurrence(s)]
DEBUG --> [REQ_ID=ed1e4c270656] [LIFECYCLE][END] status=200 duration_ms=536.85 memory_delta=2097152

[1 occurrence(s)]
DEBUG --> [REQ_ID=ed1e4c270656] [REQUEST][END]

[1 occurrence(s)]
DEBUG --> [REQ_ID=5e036f4f7874] [REQUEST][START] GET /Apex/register

[1 occurrence(s)]
DEBUG --> [REQ_ID=5e036f4f7874] [REQUEST][END]

[1 occurrence(s)]
DEBUG --> [REQ_ID=9f997507bb1d] [REQUEST][START] GET /index.php/How-It-Works/Automated-Financial-Insights

[1 occurrence(s)]
DEBUG --> [REQ_ID=9f997507bb1d] [FILTER_BEFORE] /index.php/How-It-Works/Automated-Financial-Insights

[1 occurrence(s)]
DEBUG --> [REQ_ID=9f997507bb1d] [ROUTE] Controller=\App\Modules\Blog\Controllers\HowItWorksController Method=show

[1 occurrence(s)]
DEBUG --> [REQ_ID=9f997507bb1d] [LIFECYCLE][START] GET https://www.mymiwallet.com/index.php/How-It-Works/Automated-Financial-Insights

[2 occurrence(s)]
DEBUG --> [CSRF] token name=csrf_test_name hash=0f02d7a14f5eeff0d6e0f2c6532515bc

[1 occurrence(s)]
DEBUG --> [REQ_ID=163cdc5e4727] [INIT] App\Modules\Blog\Controllers\HowItWorksController::GET

[1 occurrence(s)]
DEBUG --> [REQ_ID=163cdc5e4727] [METHOD_ENTRY] show

[2 occurrence(s)]
DEBUG --> [HOW_IT_WORKS] slug=automated-financial-insights

[1 occurrence(s)]
DEBUG --> [REQ_ID=9f997507bb1d] [FILTER_AFTER]

[1 occurrence(s)]
DEBUG --> [REQ_ID=9f997507bb1d] [LIFECYCLE][END] status=301 duration_ms=126.77 memory_delta=0

[1 occurrence(s)]
DEBUG --> [REQ_ID=9f997507bb1d] [REQUEST][END]

[1 occurrence(s)]
DEBUG --> [REQ_ID=155a62321d0e] [REQUEST][START] GET /index.php/How-It-Works/financial-forecasting

[1 occurrence(s)]
DEBUG --> [REQ_ID=155a62321d0e] [FILTER_BEFORE] /index.php/How-It-Works/financial-forecasting

[1 occurrence(s)]
DEBUG --> [REQ_ID=155a62321d0e] [ROUTE] Controller=\App\Modules\Blog\Controllers\HowItWorksController Method=show

[1 occurrence(s)]
DEBUG --> [REQ_ID=155a62321d0e] [LIFECYCLE][START] GET https://www.mymiwallet.com/index.php/How-It-Works/financial-forecasting

[1 occurrence(s)]
DEBUG --> [REQ_ID=743bca3f160d] [INIT] App\Modules\Blog\Controllers\HowItWorksController::GET

[1 occurrence(s)]
DEBUG --> [REQ_ID=743bca3f160d] [METHOD_ENTRY] show

[2 occurrence(s)]
DEBUG --> [HOW_IT_WORKS] slug=financial-forecasting

[1 occurrence(s)]
DEBUG --> [MetaService] slug=how-it-works/financial-forecasting pageName= cacheHit= path=DB

[1 occurrence(s)]
DEBUG --> [REQ_ID=155a62321d0e] [FILTER_AFTER]

[1 occurrence(s)]
DEBUG --> [REQ_ID=155a62321d0e] [LIFECYCLE][END] status=200 duration_ms=613.40 memory_delta=4194304

[1 occurrence(s)]
DEBUG --> [REQ_ID=155a62321d0e] [REQUEST][END]

[1 occurrence(s)]
DEBUG --> [REQ_ID=4dfa7128e444] [REQUEST][START] GET /index.php/Account/Activity

[1 occurrence(s)]
DEBUG --> [REQ_ID=4dfa7128e444] [FILTER_BEFORE] /index.php/Account/Activity

[1 occurrence(s)]
DEBUG --> [REQ_ID=4dfa7128e444] [ROUTE] Controller=\App\Modules\User\Controllers\DashboardController Method=activity

[1 occurrence(s)]
DEBUG --> [REQ_ID=4dfa7128e444] [LIFECYCLE][START] GET https://www.mymiwallet.com/index.php/Account/Activity

[2 occurrence(s)]
DEBUG --> [CSRF] token name=csrf_test_name hash=1a913bf475158962494e03592b309f23

[1 occurrence(s)]
DEBUG --> [REQ_ID=4dfa7128e444] [REQUEST][END]

[1 occurrence(s)]
DEBUG --> [REQ_ID=e7ca8fa0e95b] [REQUEST][START] GET /index.php/login

[1 occurrence(s)]
DEBUG --> [REQ_ID=e7ca8fa0e95b] [FILTER_BEFORE] /index.php/login

[1 occurrence(s)]
DEBUG --> [REQ_ID=e7ca8fa0e95b] [ROUTE] Controller=\App\Controllers\AuthController Method=login

[1 occurrence(s)]
DEBUG --> [REQ_ID=e7ca8fa0e95b] [LIFECYCLE][START] GET https://www.mymiwallet.com/index.php/login

[1 occurrence(s)]
DEBUG --> [REQ_ID=4ffd12270228] [INIT] App\Controllers\AuthController::GET

[2 occurrence(s)]
DEBUG --> [AUTH_LOGIN_VIEW_REDIRECT_URL] /Account/Activity

[1 occurrence(s)]
DEBUG --> [REQ_ID=e7ca8fa0e95b] [FILTER_AFTER]

[1 occurrence(s)]
DEBUG --> [REQ_ID=e7ca8fa0e95b] [LIFECYCLE][END] status=200 duration_ms=74.05 memory_delta=0

[1 occurrence(s)]
DEBUG --> [REQ_ID=e7ca8fa0e95b] [REQUEST][END]

[1 occurrence(s)]
DEBUG --> [REQ_ID=0177d9142c60] [REQUEST][START] GET /index.php/Account/Activity

[1 occurrence(s)]
DEBUG --> [REQ_ID=0177d9142c60] [FILTER_BEFORE] /index.php/Account/Activity

[1 occurrence(s)]
DEBUG --> [REQ_ID=0177d9142c60] [ROUTE] Controller=\App\Modules\User\Controllers\DashboardController Method=activity

[1 occurrence(s)]
DEBUG --> [REQ_ID=0177d9142c60] [LIFECYCLE][START] GET https://www.mymiwallet.com/index.php/Account/Activity

[2 occurrence(s)]
DEBUG --> [CSRF] token name=csrf_test_name hash=a91e022125d63e5b213372fc4df813e3

[1 occurrence(s)]
DEBUG --> [REQ_ID=0177d9142c60] [REQUEST][END]

[1 occurrence(s)]
DEBUG --> [REQ_ID=60b3a0529484] [REQUEST][START] GET /index.php/login

[1 occurrence(s)]
DEBUG --> [REQ_ID=60b3a0529484] [FILTER_BEFORE] /index.php/login

[1 occurrence(s)]
DEBUG --> [REQ_ID=60b3a0529484] [ROUTE] Controller=\App\Controllers\AuthController Method=login

[1 occurrence(s)]
DEBUG --> [REQ_ID=60b3a0529484] [LIFECYCLE][START] GET https://www.mymiwallet.com/index.php/login

[1 occurrence(s)]
DEBUG --> [REQ_ID=4997070e3f64] [INIT] App\Controllers\AuthController::GET

[1 occurrence(s)]
DEBUG --> [REQ_ID=60b3a0529484] [FILTER_AFTER]

[1 occurrence(s)]
DEBUG --> [REQ_ID=60b3a0529484] [LIFECYCLE][END] status=200 duration_ms=175.04 memory_delta=0

[1 occurrence(s)]
DEBUG --> [REQ_ID=60b3a0529484] [REQUEST][END]

[1 occurrence(s)]
DEBUG --> [REQ_ID=2a56a044e993] [REQUEST][START] GET /index.php/How-It-Works/Automated-Financial-Insights

[1 occurrence(s)]
DEBUG --> [REQ_ID=2a56a044e993] [FILTER_BEFORE] /index.php/How-It-Works/Automated-Financial-Insights

[1 occurrence(s)]
DEBUG --> [REQ_ID=2a56a044e993] [ROUTE] Controller=\App\Modules\Blog\Controllers\HowItWorksController Method=show

[1 occurrence(s)]
DEBUG --> [REQ_ID=2a56a044e993] [LIFECYCLE][START] GET https://www.mymiwallet.com/index.php/How-It-Works/Automated-Financial-Insights

[2 occurrence(s)]
DEBUG --> [CSRF] token name=csrf_test_name hash=b9fa3c397e84aa09d0d30a2307a0cf7e

[1 occurrence(s)]
DEBUG --> [REQ_ID=315e677c308a] [INIT] App\Modules\Blog\Controllers\HowItWorksController::GET

[1 occurrence(s)]
DEBUG --> [REQ_ID=315e677c308a] [METHOD_ENTRY] show

[1 occurrence(s)]
DEBUG --> [REQ_ID=2a56a044e993] [FILTER_AFTER]

[1 occurrence(s)]
DEBUG --> [REQ_ID=2a56a044e993] [LIFECYCLE][END] status=301 duration_ms=100.31 memory_delta=0

[1 occurrence(s)]
DEBUG --> [REQ_ID=2a56a044e993] [REQUEST][END]

[1 occurrence(s)]
DEBUG --> [REQ_ID=cc247e62bdbf] [REQUEST][START] GET /index.php/How-It-Works/financial-forecasting

[1 occurrence(s)]
DEBUG --> [REQ_ID=cc247e62bdbf] [FILTER_BEFORE] /index.php/How-It-Works/financial-forecasting

[1 occurrence(s)]
DEBUG --> [REQ_ID=cc247e62bdbf] [ROUTE] Controller=\App\Modules\Blog\Controllers\HowItWorksController Method=show

[1 occurrence(s)]
DEBUG --> [REQ_ID=cc247e62bdbf] [LIFECYCLE][START] GET https://www.mymiwallet.com/index.php/How-It-Works/financial-forecasting

[1 occurrence(s)]
DEBUG --> [REQ_ID=2fa7de62ffc3] [INIT] App\Modules\Blog\Controllers\HowItWorksController::GET

[1 occurrence(s)]
DEBUG --> [REQ_ID=2fa7de62ffc3] [METHOD_ENTRY] show

[1 occurrence(s)]
DEBUG --> [MetaService] slug=how-it-works/financial-forecasting pageName= cacheHit=1 path=CACHE

[1 occurrence(s)]
DEBUG --> [REQ_ID=cc247e62bdbf] [FILTER_AFTER]

[1 occurrence(s)]
DEBUG --> [REQ_ID=cc247e62bdbf] [LIFECYCLE][END] status=200 duration_ms=569.08 memory_delta=4194304

[1 occurrence(s)]
DEBUG --> [REQ_ID=cc247e62bdbf] [REQUEST][END]

[1 occurrence(s)]
DEBUG --> [REQ_ID=7a0da9c15a27] [REQUEST][START] GET /

[1 occurrence(s)]
DEBUG --> [REQ_ID=7a0da9c15a27] [FILTER_BEFORE] /

[1 occurrence(s)]
DEBUG --> [REQ_ID=7a0da9c15a27] [ROUTE] Controller=\App\Controllers\Home Method=index

[1 occurrence(s)]
DEBUG --> [REQ_ID=7a0da9c15a27] [LIFECYCLE][START] GET https://www.mymiwallet.com/index.php/

[1 occurrence(s)]
DEBUG --> [CSRF] token name=csrf_test_name hash=65b07a7ae1a0e750d3edd3aa350a8a70

[1 occurrence(s)]
DEBUG --> [REQ_ID=ab0e1e50dfe1] [INIT] App\Controllers\Home::GET

[1 occurrence(s)]
DEBUG --> [REQ_ID=ab0e1e50dfe1] [VIEW_RENDER] themes/public/home

[1 occurrence(s)]
DEBUG --> [REQ_ID=7a0da9c15a27] [FILTER_AFTER]

[1 occurrence(s)]
DEBUG --> [REQ_ID=7a0da9c15a27] [LIFECYCLE][END] status=200 duration_ms=614.16 memory_delta=4194304

[1 occurrence(s)]
DEBUG --> [REQ_ID=7a0da9c15a27] [REQUEST][END]

[1 occurrence(s)]
DEBUG --> [REQ_ID=003f1b2c80ce] [REQUEST][START] HEAD /

[1 occurrence(s)]
DEBUG --> [REQ_ID=003f1b2c80ce] [REQUEST][END]

[1 occurrence(s)]
DEBUG --> [REQ_ID=69d1df6f2510] [REQUEST][START] GET /index.php/Blog/News-And-Updates/Integrating-With-Plaid

[1 occurrence(s)]
DEBUG --> [REQ_ID=69d1df6f2510] [REQUEST][END]

[1 occurrence(s)]
DEBUG --> [REQ_ID=200c6c6ba5fa] [REQUEST][START] GET /index.php/API/Management/Run-CRON-Tasks

[1 occurrence(s)]
DEBUG --> [REQ_ID=200c6c6ba5fa] [FILTER_BEFORE] /index.php/API/Management/Run-CRON-Tasks

[1 occurrence(s)]
DEBUG --> [REQ_ID=200c6c6ba5fa] [ROUTE] Controller=\App\Modules\APIs\Controllers\ManagementAPIController Method=Run_CRON_Tasks

[1 occurrence(s)]
DEBUG --> [REQ_ID=200c6c6ba5fa] [LIFECYCLE][START] GET https://www.mymiwallet.com/index.php/API/Management/Run-CRON-Tasks

[1 occurrence(s)]
DEBUG --> [REQ_ID=200c6c6ba5fa] [REQUEST][END]

[1 occurrence(s)]
DEBUG --> [REQ_ID=56b9675daf95] [REQUEST][START] GET /index.php/Management/Admin

[1 occurrence(s)]
DEBUG --> [REQ_ID=56b9675daf95] [FILTER_BEFORE] /index.php/Management/Admin

[1 occurrence(s)]
DEBUG --> [REQ_ID=56b9675daf95] [ROUTE] Controller=\App\Modules\Management\Controllers\ManagementAdminController Method=index

[1 occurrence(s)]
DEBUG --> [REQ_ID=56b9675daf95] [LIFECYCLE][START] GET https://www.mymiwallet.com/index.php/Management/Admin

[2 occurrence(s)]
DEBUG --> [CSRF] token name=csrf_test_name hash=d3e146761e2bc30fd6106c9ecc642695

[1 occurrence(s)]
DEBUG --> [REQ_ID=56b9675daf95] [REQUEST][END]

[1 occurrence(s)]
DEBUG --> [REQ_ID=f5c62f8be00f] [REQUEST][START] GET /index.php/login

[1 occurrence(s)]
DEBUG --> [REQ_ID=f5c62f8be00f] [FILTER_BEFORE] /index.php/login

[1 occurrence(s)]
DEBUG --> [REQ_ID=f5c62f8be00f] [ROUTE] Controller=\App\Controllers\AuthController Method=login

[1 occurrence(s)]
DEBUG --> [REQ_ID=f5c62f8be00f] [LIFECYCLE][START] GET https://www.mymiwallet.com/index.php/login

[1 occurrence(s)]
DEBUG --> [REQ_ID=5318bdbb2d43] [INIT] App\Controllers\AuthController::GET

[2 occurrence(s)]
DEBUG --> [AUTH_LOGIN_VIEW_REDIRECT_URL] /Management/Admin

[1 occurrence(s)]
DEBUG --> [REQ_ID=f5c62f8be00f] [FILTER_AFTER]

[1 occurrence(s)]
DEBUG --> [REQ_ID=f5c62f8be00f] [LIFECYCLE][END] status=200 duration_ms=351.84 memory_delta=2097152

[1 occurrence(s)]
DEBUG --> [REQ_ID=f5c62f8be00f] [REQUEST][END]

[1 occurrence(s)]
DEBUG --> [REQ_ID=ec6dd10ba992] [REQUEST][START] GET /index.php/Management/Admin

[1 occurrence(s)]
DEBUG --> [REQ_ID=ec6dd10ba992] [FILTER_BEFORE] /index.php/Management/Admin

[1 occurrence(s)]
DEBUG --> [REQ_ID=ec6dd10ba992] [ROUTE] Controller=\App\Modules\Management\Controllers\ManagementAdminController Method=index

[1 occurrence(s)]
DEBUG --> [REQ_ID=ec6dd10ba992] [LIFECYCLE][START] GET https://www.mymiwallet.com/index.php/Management/Admin

[2 occurrence(s)]
DEBUG --> [CSRF] token name=csrf_test_name hash=de082ceec066c74e538be874f70e042b

[1 occurrence(s)]
DEBUG --> [REQ_ID=ec6dd10ba992] [REQUEST][END]

[1 occurrence(s)]
DEBUG --> [REQ_ID=ca149dbb2177] [REQUEST][START] GET /index.php/login

[1 occurrence(s)]
DEBUG --> [REQ_ID=ca149dbb2177] [FILTER_BEFORE] /index.php/login

[1 occurrence(s)]
DEBUG --> [REQ_ID=ca149dbb2177] [ROUTE] Controller=\App\Controllers\AuthController Method=login

[1 occurrence(s)]
DEBUG --> [REQ_ID=ca149dbb2177] [LIFECYCLE][START] GET https://www.mymiwallet.com/index.php/login

[1 occurrence(s)]
DEBUG --> [REQ_ID=d033d319129f] [INIT] App\Controllers\AuthController::GET

[1 occurrence(s)]
DEBUG --> [REQ_ID=ca149dbb2177] [FILTER_AFTER]

[1 occurrence(s)]
DEBUG --> [REQ_ID=ca149dbb2177] [LIFECYCLE][END] status=200 duration_ms=121.37 memory_delta=0

[1 occurrence(s)]
DEBUG --> [REQ_ID=ca149dbb2177] [REQUEST][END]

[1 occurrence(s)]
DEBUG --> [REQ_ID=7e2e52a7db56] [REQUEST][START] GET /index.php/How-It-Works/MyMI-Exchange

[1 occurrence(s)]
DEBUG --> [REQ_ID=7e2e52a7db56] [FILTER_BEFORE] /index.php/How-It-Works/MyMI-Exchange

[1 occurrence(s)]
DEBUG --> [REQ_ID=7e2e52a7db56] [ROUTE] Controller=\App\Modules\Blog\Controllers\HowItWorksController Method=show

[1 occurrence(s)]
DEBUG --> [REQ_ID=7e2e52a7db56] [LIFECYCLE][START] GET https://www.mymiwallet.com/index.php/How-It-Works/MyMI-Exchange

[1 occurrence(s)]
DEBUG --> [CSRF] token name=csrf_test_name hash=1981326f86b6dfd45e8ecadd30a450b0

[1 occurrence(s)]
DEBUG --> [REQ_ID=6bc1fd632742] [INIT] App\Modules\Blog\Controllers\HowItWorksController::GET

[1 occurrence(s)]
DEBUG --> [REQ_ID=6bc1fd632742] [METHOD_ENTRY] show

[1 occurrence(s)]
DEBUG --> [HOW_IT_WORKS] slug=mymi-exchange

[1 occurrence(s)]
DEBUG --> [REQ_ID=7e2e52a7db56] [FILTER_AFTER]

[1 occurrence(s)]
DEBUG --> [REQ_ID=7e2e52a7db56] [LIFECYCLE][END] status=200 duration_ms=704.12 memory_delta=4194304

[1 occurrence(s)]
DEBUG --> [REQ_ID=7e2e52a7db56] [REQUEST][END]

[1 occurrence(s)]
DEBUG --> [REQ_ID=9661be6c4ce7] [REQUEST][START] GET /index.php/Account/Billing

[1 occurrence(s)]
DEBUG --> [REQ_ID=9661be6c4ce7] [FILTER_BEFORE] /index.php/Account/Billing

[1 occurrence(s)]
DEBUG --> [REQ_ID=9661be6c4ce7] [ROUTE] Controller=\App\Modules\User\Controllers\DashboardController Method=billing

[1 occurrence(s)]
DEBUG --> [REQ_ID=9661be6c4ce7] [LIFECYCLE][START] GET https://www.mymiwallet.com/index.php/Account/Billing

[2 occurrence(s)]
DEBUG --> [CSRF] token name=csrf_test_name hash=b91eca71acdf71e6dcd2f64bab7f23e3

[1 occurrence(s)]
DEBUG --> [REQ_ID=9661be6c4ce7] [REQUEST][END]

[1 occurrence(s)]
DEBUG --> [REQ_ID=e2a36ef08f7a] [REQUEST][START] GET /index.php/login

[1 occurrence(s)]
DEBUG --> [REQ_ID=e2a36ef08f7a] [FILTER_BEFORE] /index.php/login

[1 occurrence(s)]
DEBUG --> [REQ_ID=e2a36ef08f7a] [ROUTE] Controller=\App\Controllers\AuthController Method=login

[1 occurrence(s)]
DEBUG --> [REQ_ID=e2a36ef08f7a] [LIFECYCLE][START] GET https://www.mymiwallet.com/index.php/login

[1 occurrence(s)]
DEBUG --> [REQ_ID=7c30e28e7d73] [INIT] App\Controllers\AuthController::GET

[2 occurrence(s)]
DEBUG --> [AUTH_LOGIN_VIEW_REDIRECT_URL] /Account/Billing

[1 occurrence(s)]
DEBUG --> [REQ_ID=e2a36ef08f7a] [FILTER_AFTER]

[1 occurrence(s)]
DEBUG --> [REQ_ID=e2a36ef08f7a] [LIFECYCLE][END] status=200 duration_ms=65.71 memory_delta=0

[1 occurrence(s)]
DEBUG --> [REQ_ID=e2a36ef08f7a] [REQUEST][END]

[1 occurrence(s)]
DEBUG --> [REQ_ID=acd4270e0e6c] [REQUEST][START] GET /index.php/MyMI-Gold/Goals/Daily

[1 occurrence(s)]
DEBUG --> [REQ_ID=acd4270e0e6c] [FILTER_BEFORE] /index.php/MyMI-Gold/Goals/Daily

[1 occurrence(s)]
DEBUG --> [REQ_ID=acd4270e0e6c] [ROUTE] Controller=\App\Modules\User\Controllers\DashboardController Method=goals

[1 occurrence(s)]
DEBUG --> [REQ_ID=acd4270e0e6c] [LIFECYCLE][START] GET https://www.mymiwallet.com/index.php/MyMI-Gold/Goals/Daily

[2 occurrence(s)]
DEBUG --> [CSRF] token name=csrf_test_name hash=3d3cedf78459ac00b6217f8815047d5e

[1 occurrence(s)]
DEBUG --> [REQ_ID=acd4270e0e6c] [REQUEST][END]

[1 occurrence(s)]
DEBUG --> [REQ_ID=f90edd15359c] [REQUEST][START] GET /index.php/login

[1 occurrence(s)]
DEBUG --> [REQ_ID=f90edd15359c] [FILTER_BEFORE] /index.php/login

[1 occurrence(s)]
DEBUG --> [REQ_ID=f90edd15359c] [ROUTE] Controller=\App\Controllers\AuthController Method=login

[1 occurrence(s)]
DEBUG --> [REQ_ID=f90edd15359c] [LIFECYCLE][START] GET https://www.mymiwallet.com/index.php/login

[1 occurrence(s)]
DEBUG --> [REQ_ID=ea455ed22f43] [INIT] App\Controllers\AuthController::GET

[2 occurrence(s)]
DEBUG --> [AUTH_LOGIN_VIEW_REDIRECT_URL] /MyMI-Gold/Goals/Daily

[1 occurrence(s)]
DEBUG --> [REQ_ID=f90edd15359c] [FILTER_AFTER]

[1 occurrence(s)]
DEBUG --> [REQ_ID=f90edd15359c] [LIFECYCLE][END] status=200 duration_ms=70.11 memory_delta=0

[1 occurrence(s)]
DEBUG --> [REQ_ID=f90edd15359c] [REQUEST][END]

[1 occurrence(s)]
DEBUG --> [REQ_ID=97b05b212df1] [REQUEST][START] GET /index.php/Account/Billing

[1 occurrence(s)]
DEBUG --> [REQ_ID=97b05b212df1] [FILTER_BEFORE] /index.php/Account/Billing

[1 occurrence(s)]
DEBUG --> [REQ_ID=97b05b212df1] [ROUTE] Controller=\App\Modules\User\Controllers\DashboardController Method=billing

[1 occurrence(s)]
DEBUG --> [REQ_ID=97b05b212df1] [LIFECYCLE][START] GET https://www.mymiwallet.com/index.php/Account/Billing

[2 occurrence(s)]
DEBUG --> [CSRF] token name=csrf_test_name hash=6da57a64e8c516065f2cb6428720e2c7

[1 occurrence(s)]
DEBUG --> [REQ_ID=97b05b212df1] [REQUEST][END]

[1 occurrence(s)]
DEBUG --> [REQ_ID=54063ca86d88] [REQUEST][START] GET /index.php/login

[1 occurrence(s)]
DEBUG --> [REQ_ID=54063ca86d88] [FILTER_BEFORE] /index.php/login

[1 occurrence(s)]
DEBUG --> [REQ_ID=54063ca86d88] [ROUTE] Controller=\App\Controllers\AuthController Method=login

[1 occurrence(s)]
DEBUG --> [REQ_ID=54063ca86d88] [LIFECYCLE][START] GET https://www.mymiwallet.com/index.php/login

[1 occurrence(s)]
DEBUG --> [REQ_ID=d9e260e895d7] [INIT] App\Controllers\AuthController::GET

[1 occurrence(s)]
DEBUG --> [REQ_ID=54063ca86d88] [FILTER_AFTER]

[1 occurrence(s)]
DEBUG --> [REQ_ID=54063ca86d88] [LIFECYCLE][END] status=200 duration_ms=254.92 memory_delta=0

[1 occurrence(s)]
DEBUG --> [REQ_ID=54063ca86d88] [REQUEST][END]

[1 occurrence(s)]
DEBUG --> [REQ_ID=a919b979885e] [REQUEST][START] GET /index.php/MyMI-Gold/Goals/Daily

[1 occurrence(s)]
DEBUG --> [REQ_ID=a919b979885e] [FILTER_BEFORE] /index.php/MyMI-Gold/Goals/Daily

[1 occurrence(s)]
DEBUG --> [REQ_ID=a919b979885e] [ROUTE] Controller=\App\Modules\User\Controllers\DashboardController Method=goals

[1 occurrence(s)]
DEBUG --> [REQ_ID=a919b979885e] [LIFECYCLE][START] GET https://www.mymiwallet.com/index.php/MyMI-Gold/Goals/Daily

[2 occurrence(s)]
DEBUG --> [CSRF] token name=csrf_test_name hash=bed35a93708aa55a7f0a228eaab2a165

[1 occurrence(s)]
DEBUG --> [REQ_ID=a919b979885e] [REQUEST][END]

[1 occurrence(s)]
DEBUG --> [REQ_ID=d437d6f830a3] [REQUEST][START] GET /index.php/login

[1 occurrence(s)]
DEBUG --> [REQ_ID=d437d6f830a3] [FILTER_BEFORE] /index.php/login

[1 occurrence(s)]
DEBUG --> [REQ_ID=d437d6f830a3] [ROUTE] Controller=\App\Controllers\AuthController Method=login

[1 occurrence(s)]
DEBUG --> [REQ_ID=d437d6f830a3] [LIFECYCLE][START] GET https://www.mymiwallet.com/index.php/login

[1 occurrence(s)]
DEBUG --> [REQ_ID=314fc8fc6c84] [INIT] App\Controllers\AuthController::GET

[1 occurrence(s)]
DEBUG --> [REQ_ID=d437d6f830a3] [FILTER_AFTER]

[1 occurrence(s)]
DEBUG --> [REQ_ID=d437d6f830a3] [LIFECYCLE][END] status=200 duration_ms=55.76 memory_delta=0

[1 occurrence(s)]
DEBUG --> [REQ_ID=d437d6f830a3] [REQUEST][END]

[1 occurrence(s)]
DEBUG --> [REQ_ID=fc1fb6193a90] [REQUEST][START] GET /index.php/API/Alerts/fetchEmailAlerts

[1 occurrence(s)]
DEBUG --> [REQ_ID=fc1fb6193a90] [FILTER_BEFORE] /index.php/API/Alerts/fetchEmailAlerts

[1 occurrence(s)]
DEBUG --> [REQ_ID=fc1fb6193a90] [ROUTE] Controller=\App\Modules\APIs\Controllers\AlertsAPIController Method=fetchEmailAlerts

[1 occurrence(s)]
DEBUG --> [REQ_ID=fc1fb6193a90] [LIFECYCLE][START] GET https://www.mymiwallet.com/index.php/API/Alerts/fetchEmailAlerts

[1 occurrence(s)]
DEBUG --> [REQ_ID=fc1fb6193a90] [REQUEST][END]

[1 occurrence(s)]
DEBUG --> [REQ_ID=d4563de25389] [REQUEST][START] GET /index.php/forgot

[1 occurrence(s)]
DEBUG --> [REQ_ID=d4563de25389] [FILTER_BEFORE] /index.php/forgot

[1 occurrence(s)]
DEBUG --> [REQ_ID=d4563de25389] [ROUTE] Controller=\Myth\Auth\Controllers\AuthController Method=forgotPassword

[1 occurrence(s)]
DEBUG --> [REQ_ID=d4563de25389] [LIFECYCLE][START] GET https://www.mymiwallet.com/index.php/forgot

[2 occurrence(s)]
DEBUG --> [CSRF] token name=csrf_test_name hash=dc9ddd4c504036cac23bd048d61372f3

[1 occurrence(s)]
DEBUG --> [REQ_ID=d4563de25389] [FILTER_AFTER]

[1 occurrence(s)]
DEBUG --> [REQ_ID=d4563de25389] [LIFECYCLE][END] status=302 duration_ms=2.67 memory_delta=0

[1 occurrence(s)]
DEBUG --> [REQ_ID=d4563de25389] [REQUEST][END]

[1 occurrence(s)]
DEBUG --> [REQ_ID=594e8a4bddfb] [REQUEST][START] GET /index.php/login

[1 occurrence(s)]
DEBUG --> [REQ_ID=594e8a4bddfb] [FILTER_BEFORE] /index.php/login

[1 occurrence(s)]
DEBUG --> [REQ_ID=594e8a4bddfb] [ROUTE] Controller=\App\Controllers\AuthController Method=login

[1 occurrence(s)]
DEBUG --> [REQ_ID=594e8a4bddfb] [LIFECYCLE][START] GET https://www.mymiwallet.com/index.php/login

[1 occurrence(s)]
DEBUG --> [REQ_ID=c39eb5fe6fc6] [INIT] App\Controllers\AuthController::GET

[1 occurrence(s)]
DEBUG --> [AUTH_LOGIN_VIEW_REDIRECT_URL]

[1 occurrence(s)]
DEBUG --> [REQ_ID=594e8a4bddfb] [FILTER_AFTER]

[1 occurrence(s)]
DEBUG --> [REQ_ID=594e8a4bddfb] [LIFECYCLE][END] status=200 duration_ms=108.00 memory_delta=0

[1 occurrence(s)]
DEBUG --> [REQ_ID=594e8a4bddfb] [REQUEST][END]

[1 occurrence(s)]
DEBUG --> [REQ_ID=d3d9c6afe309] [REQUEST][START] GET /index.php/How-It-Works/Personal-Budgeting

[1 occurrence(s)]
DEBUG --> [REQ_ID=d3d9c6afe309] [REQUEST][END]

[1 occurrence(s)]
DEBUG --> [REQ_ID=b5540687c3bc] [REQUEST][START] GET /

[1 occurrence(s)]
DEBUG --> [REQ_ID=b5540687c3bc] [FILTER_BEFORE] /

[1 occurrence(s)]
DEBUG --> [REQ_ID=b5540687c3bc] [ROUTE] Controller=\App\Controllers\Home Method=index

[1 occurrence(s)]
DEBUG --> [REQ_ID=b5540687c3bc] [LIFECYCLE][START] GET https://www.mymiwallet.com/index.php/

[2 occurrence(s)]
DEBUG --> [CSRF] token name=csrf_test_name hash=4dd2e6c848ffdd1b9fc068f3b92fe448

[1 occurrence(s)]
DEBUG --> [REQ_ID=7eefc3f75229] [INIT] App\Controllers\Home::GET

[1 occurrence(s)]
DEBUG --> [REQ_ID=7eefc3f75229] [VIEW_RENDER] themes/public/home

[1 occurrence(s)]
DEBUG --> [REQ_ID=b5540687c3bc] [FILTER_AFTER]

[1 occurrence(s)]
DEBUG --> [REQ_ID=b5540687c3bc] [LIFECYCLE][END] status=200 duration_ms=650.77 memory_delta=4194304

[1 occurrence(s)]
DEBUG --> [REQ_ID=b5540687c3bc] [REQUEST][END]

[1 occurrence(s)]
DEBUG --> [REQ_ID=e92d507da4a0] [REQUEST][START] GET //xmlrpc.php?rsd

[1 occurrence(s)]
DEBUG --> [REQ_ID=e92d507da4a0] [REQUEST][END]

[1 occurrence(s)]
DEBUG --> [REQ_ID=3185412e9c2d] [REQUEST][START] GET /

[1 occurrence(s)]
DEBUG --> [REQ_ID=3185412e9c2d] [FILTER_BEFORE] /

[1 occurrence(s)]
DEBUG --> [REQ_ID=3185412e9c2d] [ROUTE] Controller=\App\Controllers\Home Method=index

[1 occurrence(s)]
DEBUG --> [REQ_ID=3185412e9c2d] [LIFECYCLE][START] GET https://www.mymiwallet.com/index.php/

[1 occurrence(s)]
DEBUG --> [REQ_ID=62d6893a53ec] [INIT] App\Controllers\Home::GET

[1 occurrence(s)]
DEBUG --> [REQ_ID=62d6893a53ec] [VIEW_RENDER] themes/public/home

[1 occurrence(s)]
DEBUG --> [REQ_ID=3185412e9c2d] [FILTER_AFTER]

[1 occurrence(s)]
DEBUG --> [REQ_ID=3185412e9c2d] [LIFECYCLE][END] status=200 duration_ms=578.95 memory_delta=4194304

[1 occurrence(s)]
DEBUG --> [REQ_ID=3185412e9c2d] [REQUEST][END]

[1 occurrence(s)]
DEBUG --> [REQ_ID=7eb40e848266] [REQUEST][START] GET /index.php/Free/register

[1 occurrence(s)]
DEBUG --> [REQ_ID=7eb40e848266] [REQUEST][END]

[1 occurrence(s)]
DEBUG --> [REQ_ID=55c5f2ca01df] [REQUEST][START] GET /

[1 occurrence(s)]
DEBUG --> [REQ_ID=55c5f2ca01df] [REQUEST][END]

[1 occurrence(s)]
DEBUG --> [REQ_ID=136917f2eddb] [REQUEST][START] GET /index.php/API/Management/Run-CRON-Tasks

[1 occurrence(s)]
DEBUG --> [REQ_ID=136917f2eddb] [FILTER_BEFORE] /index.php/API/Management/Run-CRON-Tasks

[1 occurrence(s)]
DEBUG --> [REQ_ID=136917f2eddb] [ROUTE] Controller=\App\Modules\APIs\Controllers\ManagementAPIController Method=Run_CRON_Tasks

[1 occurrence(s)]
DEBUG --> [REQ_ID=136917f2eddb] [LIFECYCLE][START] GET https://www.mymiwallet.com/index.php/API/Management/Run-CRON-Tasks

[1 occurrence(s)]
DEBUG --> [REQ_ID=136917f2eddb] [REQUEST][END]

[1 occurrence(s)]
DEBUG --> [REQ_ID=9a2b8614e254] [REQUEST][START] GET /index.php/Dashboard

[1 occurrence(s)]
DEBUG --> [REQ_ID=9a2b8614e254] [FILTER_BEFORE] /index.php/Dashboard

[1 occurrence(s)]
DEBUG --> [REQ_ID=9a2b8614e254] [ROUTE] Controller=\App\Modules\User\Controllers\DashboardController Method=index

[1 occurrence(s)]
DEBUG --> [REQ_ID=9a2b8614e254] [LIFECYCLE][START] GET https://www.mymiwallet.com/index.php/Dashboard

[2 occurrence(s)]
DEBUG --> [CSRF] token name=csrf_test_name hash=0c7e065e006b9172a44f83b7ec2fe936

[1 occurrence(s)]
DEBUG --> [REQ_ID=9a2b8614e254] [REQUEST][END]

[1 occurrence(s)]
DEBUG --> [REQ_ID=7bf07ae59cb8] [REQUEST][START] GET /index.php/login

[1 occurrence(s)]
DEBUG --> [REQ_ID=7bf07ae59cb8] [FILTER_BEFORE] /index.php/login

[1 occurrence(s)]
DEBUG --> [REQ_ID=7bf07ae59cb8] [ROUTE] Controller=\App\Controllers\AuthController Method=login

[1 occurrence(s)]
DEBUG --> [REQ_ID=7bf07ae59cb8] [LIFECYCLE][START] GET https://www.mymiwallet.com/index.php/login

[1 occurrence(s)]
DEBUG --> [REQ_ID=5699c112850e] [INIT] App\Controllers\AuthController::GET

[2 occurrence(s)]
DEBUG --> [AUTH_LOGIN_VIEW_REDIRECT_URL] /Dashboard

[1 occurrence(s)]
DEBUG --> [REQ_ID=7bf07ae59cb8] [FILTER_AFTER]

[1 occurrence(s)]
DEBUG --> [REQ_ID=7bf07ae59cb8] [LIFECYCLE][END] status=200 duration_ms=165.34 memory_delta=2097152

[1 occurrence(s)]
DEBUG --> [REQ_ID=7bf07ae59cb8] [REQUEST][END]

[1 occurrence(s)]
DEBUG --> [REQ_ID=2448f94dc54a] [REQUEST][START] GET /index.php/Legal/Terms-And-Conditions

[1 occurrence(s)]
DEBUG --> [REQ_ID=2448f94dc54a] [FILTER_BEFORE] /index.php/Legal/Terms-And-Conditions

[1 occurrence(s)]
DEBUG --> [REQ_ID=2448f94dc54a] [ROUTE] Controller=\App\Controllers\Home Method=terms

[1 occurrence(s)]
DEBUG --> [REQ_ID=2448f94dc54a] [LIFECYCLE][START] GET https://www.mymiwallet.com/index.php/Legal/Terms-And-Conditions

[2 occurrence(s)]
DEBUG --> [CSRF] token name=csrf_test_name hash=34c9f03d5ec459ddedecd8ca18886324

[1 occurrence(s)]
DEBUG --> [REQ_ID=2448f94dc54a] [REQUEST][END]

[1 occurrence(s)]
DEBUG --> [REQ_ID=eff55b5b73a5] [REQUEST][START] GET /index.php/login

[1 occurrence(s)]
DEBUG --> [REQ_ID=eff55b5b73a5] [FILTER_BEFORE] /index.php/login

[1 occurrence(s)]
DEBUG --> [REQ_ID=eff55b5b73a5] [ROUTE] Controller=\App\Controllers\AuthController Method=login

[1 occurrence(s)]
DEBUG --> [REQ_ID=eff55b5b73a5] [LIFECYCLE][START] GET https://www.mymiwallet.com/index.php/login

[1 occurrence(s)]
DEBUG --> [REQ_ID=b8982dd60ded] [INIT] App\Controllers\AuthController::GET

[2 occurrence(s)]
DEBUG --> [AUTH_LOGIN_VIEW_REDIRECT_URL] /Legal/Terms-And-Conditions

[1 occurrence(s)]
DEBUG --> [REQ_ID=eff55b5b73a5] [FILTER_AFTER]

[1 occurrence(s)]
DEBUG --> [REQ_ID=eff55b5b73a5] [LIFECYCLE][END] status=200 duration_ms=180.97 memory_delta=0

[1 occurrence(s)]
DEBUG --> [REQ_ID=eff55b5b73a5] [REQUEST][END]

[1 occurrence(s)]
DEBUG --> [REQ_ID=912dec67bce3] [REQUEST][START] GET /index.php/Marketplace

[1 occurrence(s)]
DEBUG --> [REQ_ID=912dec67bce3] [FILTER_BEFORE] /index.php/Marketplace

[1 occurrence(s)]
DEBUG --> [REQ_ID=912dec67bce3] [ROUTE] Controller=\App\Modules\ScriptStudio\Controllers\ScriptStudioController Method=marketplace

[1 occurrence(s)]
DEBUG --> [REQ_ID=912dec67bce3] [LIFECYCLE][START] GET https://www.mymiwallet.com/index.php/Marketplace

[2 occurrence(s)]
DEBUG --> [CSRF] token name=csrf_test_name hash=e691297d7f8ea284e15432bfa133bb32

[1 occurrence(s)]
DEBUG --> [REQ_ID=912dec67bce3] [REQUEST][END]

[1 occurrence(s)]
DEBUG --> [REQ_ID=9f36f891c490] [REQUEST][START] GET /index.php/login

[1 occurrence(s)]
DEBUG --> [REQ_ID=9f36f891c490] [FILTER_BEFORE] /index.php/login

[1 occurrence(s)]
DEBUG --> [REQ_ID=9f36f891c490] [ROUTE] Controller=\App\Controllers\AuthController Method=login

[1 occurrence(s)]
DEBUG --> [REQ_ID=9f36f891c490] [LIFECYCLE][START] GET https://www.mymiwallet.com/index.php/login

[1 occurrence(s)]
DEBUG --> [REQ_ID=b88d0764759e] [INIT] App\Controllers\AuthController::GET

[2 occurrence(s)]
DEBUG --> [AUTH_LOGIN_VIEW_REDIRECT_URL] /Marketplace

[1 occurrence(s)]
DEBUG --> [REQ_ID=9f36f891c490] [FILTER_AFTER]

[1 occurrence(s)]
DEBUG --> [REQ_ID=9f36f891c490] [LIFECYCLE][END] status=200 duration_ms=112.29 memory_delta=0

[1 occurrence(s)]
DEBUG --> [REQ_ID=9f36f891c490] [REQUEST][END]

[1 occurrence(s)]
DEBUG --> [REQ_ID=2af549e6b9a3] [REQUEST][START] GET /index.php/How-It-Works/Investor-Profile

[1 occurrence(s)]
DEBUG --> [REQ_ID=2af549e6b9a3] [FILTER_BEFORE] /index.php/How-It-Works/Investor-Profile

[1 occurrence(s)]
DEBUG --> [REQ_ID=2af549e6b9a3] [ROUTE] Controller=\App\Modules\Blog\Controllers\HowItWorksController Method=show

[1 occurrence(s)]
DEBUG --> [REQ_ID=2af549e6b9a3] [LIFECYCLE][START] GET https://www.mymiwallet.com/index.php/How-It-Works/Investor-Profile

[2 occurrence(s)]
DEBUG --> [CSRF] token name=csrf_test_name hash=7906508a36659851ba5ccf40caf7b749

[1 occurrence(s)]
DEBUG --> [REQ_ID=3e3a5a1946ac] [INIT] App\Modules\Blog\Controllers\HowItWorksController::GET

[1 occurrence(s)]
DEBUG --> [REQ_ID=3e3a5a1946ac] [METHOD_ENTRY] show

[1 occurrence(s)]
DEBUG --> [HOW_IT_WORKS] slug=investor-profile

[1 occurrence(s)]
DEBUG --> [REQ_ID=2af549e6b9a3] [FILTER_AFTER]

[1 occurrence(s)]
DEBUG --> [REQ_ID=2af549e6b9a3] [LIFECYCLE][END] status=301 duration_ms=146.91 memory_delta=2097152

[1 occurrence(s)]
DEBUG --> [REQ_ID=2af549e6b9a3] [REQUEST][END]

[1 occurrence(s)]
DEBUG --> [REQ_ID=9b01a5e0ee01] [REQUEST][START] GET /index.php/How-It-Works/setting-financial-goals

[1 occurrence(s)]
DEBUG --> [REQ_ID=9b01a5e0ee01] [FILTER_BEFORE] /index.php/How-It-Works/setting-financial-goals

[1 occurrence(s)]
DEBUG --> [REQ_ID=9b01a5e0ee01] [ROUTE] Controller=\App\Modules\Blog\Controllers\HowItWorksController Method=show

[1 occurrence(s)]
DEBUG --> [REQ_ID=9b01a5e0ee01] [LIFECYCLE][START] GET https://www.mymiwallet.com/index.php/How-It-Works/setting-financial-goals

[1 occurrence(s)]
DEBUG --> [REQ_ID=e89e8f022ba6] [INIT] App\Modules\Blog\Controllers\HowItWorksController::GET

[1 occurrence(s)]
DEBUG --> [REQ_ID=e89e8f022ba6] [METHOD_ENTRY] show

[1 occurrence(s)]
DEBUG --> [HOW_IT_WORKS] slug=setting-financial-goals

[1 occurrence(s)]
DEBUG --> [REQ_ID=9b01a5e0ee01] [FILTER_AFTER]

[1 occurrence(s)]
DEBUG --> [REQ_ID=9b01a5e0ee01] [LIFECYCLE][END] status=200 duration_ms=607.23 memory_delta=4194304

[1 occurrence(s)]
DEBUG --> [REQ_ID=9b01a5e0ee01] [REQUEST][END]

[1 occurrence(s)]
DEBUG --> [REQ_ID=320fa4fb4bde] [REQUEST][START] GET /index.php/How-It-Works/assets/define-goals.svg

[1 occurrence(s)]
DEBUG --> [REQ_ID=320fa4fb4bde] [REQUEST][END]

[1 occurrence(s)]
DEBUG --> [REQ_ID=7b3bb67990e1] [REQUEST][START] GET /index.php/How-It-Works/assets/monitor-goals.svg

[1 occurrence(s)]
DEBUG --> [REQ_ID=7b3bb67990e1] [REQUEST][END]

[1 occurrence(s)]
DEBUG --> [REQ_ID=c478a01c8540] [REQUEST][START] GET /index.php/How-It-Works/assets/avatar-3.jpg

[1 occurrence(s)]
DEBUG --> [REQ_ID=c478a01c8540] [REQUEST][END]

[1 occurrence(s)]
DEBUG --> [REQ_ID=4dc5b1bf75d4] [REQUEST][START] GET /index.php/How-It-Works/assets/budget-illustration.svg

[1 occurrence(s)]
DEBUG --> [REQ_ID=4dc5b1bf75d4] [REQUEST][END]

[1 occurrence(s)]
DEBUG --> [REQ_ID=4cb30680647c] [REQUEST][START] GET /index.php/How-It-Works/assets/smart-goals.svg

[1 occurrence(s)]
DEBUG --> [REQ_ID=d3048e88cc00] [REQUEST][START] GET /index.php/How-It-Works/assets/wallet-tools.svg

[1 occurrence(s)]
DEBUG --> [REQ_ID=4cb30680647c] [REQUEST][END]

[1 occurrence(s)]
DEBUG --> [REQ_ID=61fef53e2576] [REQUEST][START] GET /index.php/How-It-Works/assets/avatar-1.jpg

[1 occurrence(s)]
DEBUG --> [REQ_ID=7e42425c941b] [REQUEST][START] GET /index.php/How-It-Works/assets/avatar-2.jpg

[1 occurrence(s)]
DEBUG --> [REQ_ID=d3048e88cc00] [REQUEST][END]

[1 occurrence(s)]
DEBUG --> [REQ_ID=61fef53e2576] [REQUEST][END]

[1 occurrence(s)]
DEBUG --> [REQ_ID=7e42425c941b] [REQUEST][END]

[1 occurrence(s)]
DEBUG --> [REQ_ID=b0d946253daf] [REQUEST][START] GET /index.php/Dashboard

[1 occurrence(s)]
DEBUG --> [REQ_ID=b0d946253daf] [FILTER_BEFORE] /index.php/Dashboard

[1 occurrence(s)]
DEBUG --> [REQ_ID=b0d946253daf] [ROUTE] Controller=\App\Modules\User\Controllers\DashboardController Method=index

[1 occurrence(s)]
DEBUG --> [REQ_ID=b0d946253daf] [LIFECYCLE][START] GET https://www.mymiwallet.com/index.php/Dashboard

[2 occurrence(s)]
DEBUG --> [CSRF] token name=csrf_test_name hash=1a772e1efbfaa0161bf1428149dfa4e3

[1 occurrence(s)]
DEBUG --> [REQ_ID=b0d946253daf] [REQUEST][END]

[1 occurrence(s)]
DEBUG --> [REQ_ID=04381b5dc69c] [REQUEST][START] GET /index.php/login

[1 occurrence(s)]
DEBUG --> [REQ_ID=04381b5dc69c] [FILTER_BEFORE] /index.php/login

[1 occurrence(s)]
DEBUG --> [REQ_ID=04381b5dc69c] [ROUTE] Controller=\App\Controllers\AuthController Method=login

[1 occurrence(s)]
DEBUG --> [REQ_ID=04381b5dc69c] [LIFECYCLE][START] GET https://www.mymiwallet.com/index.php/login

[1 occurrence(s)]
DEBUG --> [REQ_ID=32cb57a90b3d] [INIT] App\Controllers\AuthController::GET

[1 occurrence(s)]
DEBUG --> [REQ_ID=04381b5dc69c] [FILTER_AFTER]

[1 occurrence(s)]
DEBUG --> [REQ_ID=04381b5dc69c] [LIFECYCLE][END] status=200 duration_ms=118.30 memory_delta=0

[1 occurrence(s)]
DEBUG --> [REQ_ID=04381b5dc69c] [REQUEST][END]

[1 occurrence(s)]
DEBUG --> [REQ_ID=e51e57b323a4] [REQUEST][START] GET /index.php/login

[1 occurrence(s)]
DEBUG --> [REQ_ID=e51e57b323a4] [REQUEST][END]

[1 occurrence(s)]
DEBUG --> [REQ_ID=830c757449e7] [REQUEST][START] GET /index.php/Legal/Terms-And-Conditions

[1 occurrence(s)]
DEBUG --> [REQ_ID=830c757449e7] [FILTER_BEFORE] /index.php/Legal/Terms-And-Conditions

[1 occurrence(s)]
DEBUG --> [REQ_ID=830c757449e7] [ROUTE] Controller=\App\Controllers\Home Method=terms

[1 occurrence(s)]
DEBUG --> [REQ_ID=830c757449e7] [LIFECYCLE][START] GET https://www.mymiwallet.com/index.php/Legal/Terms-And-Conditions

[2 occurrence(s)]
DEBUG --> [CSRF] token name=csrf_test_name hash=b1153ff0d99d09e5c5a132f233a6aaf7

[1 occurrence(s)]
DEBUG --> [REQ_ID=830c757449e7] [REQUEST][END]

[1 occurrence(s)]
DEBUG --> [REQ_ID=7d5df0badbd9] [REQUEST][START] GET /index.php/login

[1 occurrence(s)]
DEBUG --> [REQ_ID=7d5df0badbd9] [FILTER_BEFORE] /index.php/login

[1 occurrence(s)]
DEBUG --> [REQ_ID=7d5df0badbd9] [ROUTE] Controller=\App\Controllers\AuthController Method=login

[1 occurrence(s)]
DEBUG --> [REQ_ID=7d5df0badbd9] [LIFECYCLE][START] GET https://www.mymiwallet.com/index.php/login

[1 occurrence(s)]
DEBUG --> [REQ_ID=fa13900bbd3f] [INIT] App\Controllers\AuthController::GET

[1 occurrence(s)]
DEBUG --> [REQ_ID=7d5df0badbd9] [FILTER_AFTER]

[1 occurrence(s)]
DEBUG --> [REQ_ID=7d5df0badbd9] [LIFECYCLE][END] status=200 duration_ms=64.74 memory_delta=0

[1 occurrence(s)]
DEBUG --> [REQ_ID=7d5df0badbd9] [REQUEST][END]

[1 occurrence(s)]
DEBUG --> [REQ_ID=e5e7d7f8326a] [REQUEST][START] GET /index.php/Marketplace

[1 occurrence(s)]
DEBUG --> [REQ_ID=e5e7d7f8326a] [FILTER_BEFORE] /index.php/Marketplace

[1 occurrence(s)]
DEBUG --> [REQ_ID=e5e7d7f8326a] [ROUTE] Controller=\App\Modules\ScriptStudio\Controllers\ScriptStudioController Method=marketplace

[1 occurrence(s)]
DEBUG --> [REQ_ID=e5e7d7f8326a] [LIFECYCLE][START] GET https://www.mymiwallet.com/index.php/Marketplace

[2 occurrence(s)]
DEBUG --> [CSRF] token name=csrf_test_name hash=7c42bd04f2cacbb5717e62806e86a3c1

[1 occurrence(s)]
DEBUG --> [REQ_ID=e5e7d7f8326a] [REQUEST][END]

[1 occurrence(s)]
DEBUG --> [REQ_ID=896c796d0fca] [REQUEST][START] GET /index.php/login

[1 occurrence(s)]
DEBUG --> [REQ_ID=896c796d0fca] [FILTER_BEFORE] /index.php/login

[1 occurrence(s)]
DEBUG --> [REQ_ID=896c796d0fca] [ROUTE] Controller=\App\Controllers\AuthController Method=login

[1 occurrence(s)]
DEBUG --> [REQ_ID=896c796d0fca] [LIFECYCLE][START] GET https://www.mymiwallet.com/index.php/login

[1 occurrence(s)]
DEBUG --> [REQ_ID=c23119d44f3e] [INIT] App\Controllers\AuthController::GET

[1 occurrence(s)]
DEBUG --> [REQ_ID=896c796d0fca] [FILTER_AFTER]

[1 occurrence(s)]
DEBUG --> [REQ_ID=896c796d0fca] [LIFECYCLE][END] status=200 duration_ms=115.01 memory_delta=0

[1 occurrence(s)]
DEBUG --> [REQ_ID=896c796d0fca] [REQUEST][END]

[1 occurrence(s)]
DEBUG --> [REQ_ID=8ad235fef982] [REQUEST][START] GET /

[1 occurrence(s)]
DEBUG --> [REQ_ID=8ad235fef982] [FILTER_BEFORE] /

[1 occurrence(s)]
DEBUG --> [REQ_ID=8ad235fef982] [ROUTE] Controller=\App\Controllers\Home Method=index

[1 occurrence(s)]
DEBUG --> [REQ_ID=8ad235fef982] [LIFECYCLE][START] GET https://www.mymiwallet.com/index.php/

[1 occurrence(s)]
DEBUG --> [CSRF] token name=csrf_test_name hash=d36bf9452c4780a912774ee6466482ea

[1 occurrence(s)]
DEBUG --> [REQ_ID=74c23088455b] [INIT] App\Controllers\Home::GET

[1 occurrence(s)]
DEBUG --> [REQ_ID=74c23088455b] [VIEW_RENDER] themes/public/home

[1 occurrence(s)]
DEBUG --> [REQ_ID=8ad235fef982] [FILTER_AFTER]

[1 occurrence(s)]
DEBUG --> [REQ_ID=8ad235fef982] [LIFECYCLE][END] status=200 duration_ms=561.94 memory_delta=4194304

[1 occurrence(s)]
DEBUG --> [REQ_ID=8ad235fef982] [REQUEST][END]

[1 occurrence(s)]
DEBUG --> [REQ_ID=164fd596ea30] [REQUEST][START] GET /index.php/How-It-Works

[1 occurrence(s)]
DEBUG --> [REQ_ID=164fd596ea30] [FILTER_BEFORE] /index.php/How-It-Works

[1 occurrence(s)]
DEBUG --> [REQ_ID=164fd596ea30] [ROUTE] Controller=\App\Modules\Blog\Controllers\HowItWorksController Method=index

[1 occurrence(s)]
DEBUG --> [REQ_ID=164fd596ea30] [LIFECYCLE][START] GET https://www.mymiwallet.com/index.php/How-It-Works

[1 occurrence(s)]
DEBUG --> [CSRF] token name=csrf_test_name hash=0952e3e7386decac0060587ed47208b6

[1 occurrence(s)]
DEBUG --> [REQ_ID=f1746d9bcb63] [INIT] App\Modules\Blog\Controllers\HowItWorksController::GET

[1 occurrence(s)]
DEBUG --> [REQ_ID=f1746d9bcb63] [METHOD_ENTRY] index

[3 occurrence(s)]
DEBUG --> [HOW_IT_WORKS] slug=overview

[1 occurrence(s)]
DEBUG --> [REQ_ID=164fd596ea30] [FILTER_AFTER]

[1 occurrence(s)]
DEBUG --> [REQ_ID=164fd596ea30] [LIFECYCLE][END] status=200 duration_ms=522.72 memory_delta=2097152

[1 occurrence(s)]
DEBUG --> [REQ_ID=164fd596ea30] [REQUEST][END]

[1 occurrence(s)]
DEBUG --> [REQ_ID=43ba7463dd4c] [REQUEST][START] GET /index.php/Knowledgebase

[1 occurrence(s)]
DEBUG --> [REQ_ID=43ba7463dd4c] [FILTER_BEFORE] /index.php/Knowledgebase

[1 occurrence(s)]
DEBUG --> [REQ_ID=43ba7463dd4c] [ROUTE] Controller=\App\Modules\User\Controllers\KnowledgebaseController Method=index

[1 occurrence(s)]
DEBUG --> [REQ_ID=43ba7463dd4c] [LIFECYCLE][START] GET https://www.mymiwallet.com/index.php/Knowledgebase

[2 occurrence(s)]
DEBUG --> [CSRF] token name=csrf_test_name hash=5f9f4ca313f9d1ed2fe8914ae5101acd

[1 occurrence(s)]
DEBUG --> [REQ_ID=43ba7463dd4c] [REQUEST][END]

[1 occurrence(s)]
DEBUG --> [REQ_ID=20bee2a7c117] [REQUEST][START] GET /index.php/How-It-Works/Investment-Portfolio-Management

[1 occurrence(s)]
DEBUG --> [REQ_ID=20bee2a7c117] [FILTER_BEFORE] /index.php/How-It-Works/Investment-Portfolio-Management

[1 occurrence(s)]
DEBUG --> [REQ_ID=20bee2a7c117] [ROUTE] Controller=\App\Modules\Blog\Controllers\HowItWorksController Method=show

[1 occurrence(s)]
DEBUG --> [REQ_ID=20bee2a7c117] [LIFECYCLE][START] GET https://www.mymiwallet.com/index.php/How-It-Works/Investment-Portfolio-Management

[1 occurrence(s)]
DEBUG --> [CSRF] token name=csrf_test_name hash=8057dcad71fc04f637c6241271d05000

[1 occurrence(s)]
DEBUG --> [REQ_ID=30df5e92a870] [INIT] App\Modules\Blog\Controllers\HowItWorksController::GET

[1 occurrence(s)]
DEBUG --> [REQ_ID=30df5e92a870] [METHOD_ENTRY] show

[1 occurrence(s)]
DEBUG --> [HOW_IT_WORKS] slug=investment-portfolio-management

[1 occurrence(s)]
DEBUG --> [REQ_ID=6574414ccad4] [REQUEST][START] GET /index.php/How-It-Works/Personal-Budgeting

[1 occurrence(s)]
DEBUG --> [REQ_ID=6574414ccad4] [FILTER_BEFORE] /index.php/How-It-Works/Personal-Budgeting

[1 occurrence(s)]
DEBUG --> [REQ_ID=6574414ccad4] [ROUTE] Controller=\App\Modules\Blog\Controllers\HowItWorksController Method=show

[1 occurrence(s)]
DEBUG --> [REQ_ID=6574414ccad4] [LIFECYCLE][START] GET https://www.mymiwallet.com/index.php/How-It-Works/Personal-Budgeting

[1 occurrence(s)]
DEBUG --> [CSRF] token name=csrf_test_name hash=26f4ef26629f5577d569d15f24998ca5

[1 occurrence(s)]
DEBUG --> [REQ_ID=3db53559ef02] [INIT] App\Modules\Blog\Controllers\HowItWorksController::GET

[1 occurrence(s)]
DEBUG --> [REQ_ID=3db53559ef02] [METHOD_ENTRY] show

[1 occurrence(s)]
DEBUG --> [HOW_IT_WORKS] slug=personal-budgeting

[1 occurrence(s)]
DEBUG --> [REQ_ID=20bee2a7c117] [FILTER_AFTER]

[1 occurrence(s)]
DEBUG --> [REQ_ID=20bee2a7c117] [LIFECYCLE][END] status=200 duration_ms=641.97 memory_delta=4194304

[1 occurrence(s)]
DEBUG --> [REQ_ID=20bee2a7c117] [REQUEST][END]

[1 occurrence(s)]
DEBUG --> [REQ_ID=6574414ccad4] [FILTER_AFTER]

[1 occurrence(s)]
DEBUG --> [REQ_ID=6574414ccad4] [LIFECYCLE][END] status=200 duration_ms=663.61 memory_delta=4194304

[1 occurrence(s)]
DEBUG --> [REQ_ID=6574414ccad4] [REQUEST][END]

[1 occurrence(s)]
DEBUG --> [REQ_ID=17c7118ca6c6] [REQUEST][START] GET /index.php/login

[1 occurrence(s)]
DEBUG --> [REQ_ID=17c7118ca6c6] [FILTER_BEFORE] /index.php/login

[1 occurrence(s)]
DEBUG --> [REQ_ID=17c7118ca6c6] [ROUTE] Controller=\App\Controllers\AuthController Method=login

[1 occurrence(s)]
DEBUG --> [REQ_ID=17c7118ca6c6] [LIFECYCLE][START] GET https://www.mymiwallet.com/index.php/login

[1 occurrence(s)]
DEBUG --> [REQ_ID=bd78e722b1ee] [INIT] App\Controllers\AuthController::GET

[1 occurrence(s)]
DEBUG --> [AUTH_LOGIN_VIEW_REDIRECT_URL] /Knowledgebase

[1 occurrence(s)]
DEBUG --> [REQ_ID=17c7118ca6c6] [FILTER_AFTER]

[1 occurrence(s)]
DEBUG --> [REQ_ID=17c7118ca6c6] [LIFECYCLE][END] status=200 duration_ms=34.12 memory_delta=0

[1 occurrence(s)]
DEBUG --> [REQ_ID=17c7118ca6c6] [REQUEST][END]

[1 occurrence(s)]
DEBUG --> [REQ_ID=97852e76a5e7] [REQUEST][START] GET /index.php/How-It-Works

[1 occurrence(s)]
DEBUG --> [REQ_ID=97852e76a5e7] [FILTER_BEFORE] /index.php/How-It-Works

[1 occurrence(s)]
DEBUG --> [REQ_ID=97852e76a5e7] [ROUTE] Controller=\App\Modules\Blog\Controllers\HowItWorksController Method=index

[1 occurrence(s)]
DEBUG --> [REQ_ID=97852e76a5e7] [LIFECYCLE][START] GET https://www.mymiwallet.com/index.php/How-It-Works

[1 occurrence(s)]
DEBUG --> [CSRF] token name=csrf_test_name hash=8763870a3b0caa4d70cc5136ebe1c88a

[1 occurrence(s)]
DEBUG --> [REQ_ID=9604017f0640] [INIT] App\Modules\Blog\Controllers\HowItWorksController::GET

[1 occurrence(s)]
DEBUG --> [REQ_ID=9604017f0640] [METHOD_ENTRY] index

[1 occurrence(s)]
DEBUG --> [REQ_ID=97852e76a5e7] [FILTER_AFTER]

[1 occurrence(s)]
DEBUG --> [REQ_ID=97852e76a5e7] [LIFECYCLE][END] status=200 duration_ms=555.33 memory_delta=4194304

[1 occurrence(s)]
DEBUG --> [REQ_ID=97852e76a5e7] [REQUEST][END]

[1 occurrence(s)]
DEBUG --> [REQ_ID=918077ebdd07] [REQUEST][START] GET /index.php/How-It-Works

[1 occurrence(s)]
DEBUG --> [REQ_ID=918077ebdd07] [FILTER_BEFORE] /index.php/How-It-Works

[1 occurrence(s)]
DEBUG --> [REQ_ID=918077ebdd07] [ROUTE] Controller=\App\Modules\Blog\Controllers\HowItWorksController Method=index

[1 occurrence(s)]
DEBUG --> [REQ_ID=918077ebdd07] [LIFECYCLE][START] GET https://www.mymiwallet.com/index.php/How-It-Works

[1 occurrence(s)]
DEBUG --> [CSRF] token name=csrf_test_name hash=37b17f66d23125c003b3328053914485

[1 occurrence(s)]
DEBUG --> [REQ_ID=3b2dccdae619] [INIT] App\Modules\Blog\Controllers\HowItWorksController::GET

[1 occurrence(s)]
DEBUG --> [REQ_ID=3b2dccdae619] [METHOD_ENTRY] index

[1 occurrence(s)]
DEBUG --> [REQ_ID=918077ebdd07] [FILTER_AFTER]

[1 occurrence(s)]
DEBUG --> [REQ_ID=918077ebdd07] [LIFECYCLE][END] status=200 duration_ms=546.54 memory_delta=2097152

[1 occurrence(s)]
DEBUG --> [REQ_ID=918077ebdd07] [REQUEST][END]

[1 occurrence(s)]
DEBUG --> [REQ_ID=a2b5418f5166] [REQUEST][START] GET /index.php/API/Alerts/fetchEmailAlerts

[1 occurrence(s)]
DEBUG --> [REQ_ID=a2b5418f5166] [FILTER_BEFORE] /index.php/API/Alerts/fetchEmailAlerts

[1 occurrence(s)]
DEBUG --> [REQ_ID=a2b5418f5166] [ROUTE] Controller=\App\Modules\APIs\Controllers\AlertsAPIController Method=fetchEmailAlerts

[1 occurrence(s)]
DEBUG --> [REQ_ID=a2b5418f5166] [LIFECYCLE][START] GET https://www.mymiwallet.com/index.php/API/Alerts/fetchEmailAlerts

[1 occurrence(s)]
DEBUG --> [REQ_ID=a2b5418f5166] [REQUEST][END]

[1 occurrence(s)]
DEBUG --> [REQ_ID=684061637013] [REQUEST][START] GET /index.php/login/cart

[1 occurrence(s)]
DEBUG --> [REQ_ID=684061637013] [REQUEST][END]

[1 occurrence(s)]
DEBUG --> [REQ_ID=041a1f8d6fa0] [REQUEST][START] GET /index.php/login/cart

[1 occurrence(s)]
DEBUG --> [REQ_ID=041a1f8d6fa0] [REQUEST][END]

[1 occurrence(s)]
DEBUG --> [REQ_ID=72ff4f629371] [REQUEST][START] GET /index.php/login

[1 occurrence(s)]
DEBUG --> [REQ_ID=72ff4f629371] [REQUEST][END]

[1 occurrence(s)]
DEBUG --> [REQ_ID=ebf26a9b579b] [REQUEST][START] GET /index.php/API/Management/Run-CRON-Tasks

[1 occurrence(s)]
DEBUG --> [REQ_ID=ebf26a9b579b] [FILTER_BEFORE] /index.php/API/Management/Run-CRON-Tasks

[1 occurrence(s)]
DEBUG --> [REQ_ID=ebf26a9b579b] [ROUTE] Controller=\App\Modules\APIs\Controllers\ManagementAPIController Method=Run_CRON_Tasks

[1 occurrence(s)]
DEBUG --> [REQ_ID=ebf26a9b579b] [LIFECYCLE][START] GET https://www.mymiwallet.com/index.php/API/Management/Run-CRON-Tasks

[1 occurrence(s)]
DEBUG --> [REQ_ID=ebf26a9b579b] [REQUEST][END]

[1 occurrence(s)]
DEBUG --> [REQ_ID=d9c1f3b6146d] [REQUEST][START] GET /index.php/API/Alerts/fetchEmailAlerts

[1 occurrence(s)]
DEBUG --> [REQ_ID=d9c1f3b6146d] [FILTER_BEFORE] /index.php/API/Alerts/fetchEmailAlerts

[1 occurrence(s)]
DEBUG --> [REQ_ID=d9c1f3b6146d] [ROUTE] Controller=\App\Modules\APIs\Controllers\AlertsAPIController Method=fetchEmailAlerts

[1 occurrence(s)]
DEBUG --> [REQ_ID=d9c1f3b6146d] [LIFECYCLE][START] GET https://www.mymiwallet.com/index.php/API/Alerts/fetchEmailAlerts

[1 occurrence(s)]
DEBUG --> [REQ_ID=d9c1f3b6146d] [REQUEST][END]

[1 occurrence(s)]
DEBUG --> [REQ_ID=05c26a079afc] [REQUEST][START] GET /index.php/How-It-Works/Determining-Your-Financial-Goals

[1 occurrence(s)]
DEBUG --> [REQ_ID=05c26a079afc] [FILTER_BEFORE] /index.php/How-It-Works/Determining-Your-Financial-Goals

[1 occurrence(s)]
DEBUG --> [REQ_ID=05c26a079afc] [ROUTE] Controller=\App\Modules\Blog\Controllers\HowItWorksController Method=show

[1 occurrence(s)]
DEBUG --> [REQ_ID=05c26a079afc] [LIFECYCLE][START] GET https://www.mymiwallet.com/index.php/How-It-Works/Determining-Your-Financial-Goals

[1 occurrence(s)]
DEBUG --> [CSRF] token name=csrf_test_name hash=bcb11ef09956262c3f6d1803bd421c42

[1 occurrence(s)]
DEBUG --> [REQ_ID=e66610c34a38] [INIT] App\Modules\Blog\Controllers\HowItWorksController::GET

[1 occurrence(s)]
DEBUG --> [REQ_ID=e66610c34a38] [METHOD_ENTRY] show

[1 occurrence(s)]
DEBUG --> [HOW_IT_WORKS] slug=determining-your-financial-goals

[1 occurrence(s)]
DEBUG --> [REQ_ID=05c26a079afc] [FILTER_AFTER]

[1 occurrence(s)]
DEBUG --> [REQ_ID=05c26a079afc] [LIFECYCLE][END] status=200 duration_ms=787.23 memory_delta=4194304

[1 occurrence(s)]
DEBUG --> [REQ_ID=05c26a079afc] [REQUEST][END]

[1 occurrence(s)]
DEBUG --> [REQ_ID=a4e781370ffe] [REQUEST][START] GET /

[1 occurrence(s)]
DEBUG --> [REQ_ID=a4e781370ffe] [FILTER_BEFORE] /

[1 occurrence(s)]
DEBUG --> [REQ_ID=a4e781370ffe] [ROUTE] Controller=\App\Controllers\Home Method=index

[1 occurrence(s)]
DEBUG --> [REQ_ID=a4e781370ffe] [LIFECYCLE][START] GET https://www.mymiwallet.com/index.php/

[1 occurrence(s)]
DEBUG --> [CSRF] token name=csrf_test_name hash=fcbc93bd3465af1f0f616b8ae22c3922

[1 occurrence(s)]
DEBUG --> [REQ_ID=6077ab4caf74] [INIT] App\Controllers\Home::GET

[1 occurrence(s)]
DEBUG --> [REQ_ID=6077ab4caf74] [VIEW_RENDER] themes/public/home

[1 occurrence(s)]
DEBUG --> [REQ_ID=a4e781370ffe] [FILTER_AFTER]

[1 occurrence(s)]
DEBUG --> [REQ_ID=a4e781370ffe] [LIFECYCLE][END] status=200 duration_ms=663.79 memory_delta=2097152

[1 occurrence(s)]
DEBUG --> [REQ_ID=a4e781370ffe] [REQUEST][END]

[1 occurrence(s)]
DEBUG --> [REQ_ID=b848e2e45289] [REQUEST][START] GET /

[1 occurrence(s)]
DEBUG --> [REQ_ID=b848e2e45289] [FILTER_BEFORE] /

[1 occurrence(s)]
DEBUG --> [REQ_ID=b848e2e45289] [ROUTE] Controller=\App\Controllers\Home Method=index

[1 occurrence(s)]
DEBUG --> [REQ_ID=b848e2e45289] [LIFECYCLE][START] GET https://www.mymiwallet.com/index.php/

[1 occurrence(s)]
DEBUG --> [CSRF] token name=csrf_test_name hash=181e67eb85f7ac547324706ad7e9fe05

[1 occurrence(s)]
DEBUG --> [REQ_ID=8b0947fcd144] [INIT] App\Controllers\Home::GET

[1 occurrence(s)]
DEBUG --> [REQ_ID=8b0947fcd144] [VIEW_RENDER] themes/public/home

[1 occurrence(s)]
DEBUG --> [REQ_ID=b848e2e45289] [FILTER_AFTER]

[1 occurrence(s)]
DEBUG --> [REQ_ID=b848e2e45289] [LIFECYCLE][END] status=200 duration_ms=569.80 memory_delta=2097152

[1 occurrence(s)]
DEBUG --> [REQ_ID=b848e2e45289] [REQUEST][END]

[1 occurrence(s)]
DEBUG --> [REQ_ID=b489ab2b62ee] [REQUEST][START] GET /wp-content/plugins/hellopress/wp_filemanager.php

[1 occurrence(s)]
DEBUG --> [REQ_ID=b489ab2b62ee] [REQUEST][END]

[1 occurrence(s)]
DEBUG --> [REQ_ID=2c997b5b1028] [REQUEST][START] GET /aboutc.php

[1 occurrence(s)]
DEBUG --> [REQ_ID=2c997b5b1028] [REQUEST][END]

[1 occurrence(s)]
DEBUG --> [REQ_ID=8b21b975d967] [REQUEST][START] GET /new4.php

[1 occurrence(s)]
DEBUG --> [REQ_ID=8b21b975d967] [REQUEST][END]

[1 occurrence(s)]
DEBUG --> [REQ_ID=09f12d39340b] [REQUEST][START] GET /hroxw.php

[1 occurrence(s)]
DEBUG --> [REQ_ID=09f12d39340b] [REQUEST][END]

[1 occurrence(s)]
DEBUG --> [REQ_ID=9576a24fd85a] [REQUEST][START] GET /wp-blogs.php

[1 occurrence(s)]
DEBUG --> [REQ_ID=9576a24fd85a] [REQUEST][END]

[1 occurrence(s)]
DEBUG --> [REQ_ID=d2643bf9610d] [REQUEST][START] GET /set.php

[1 occurrence(s)]
DEBUG --> [REQ_ID=d2643bf9610d] [REQUEST][END]

[1 occurrence(s)]
DEBUG --> [REQ_ID=84db378ac1e6] [REQUEST][START] GET /lib.php

[1 occurrence(s)]
DEBUG --> [REQ_ID=84db378ac1e6] [REQUEST][END]

[1 occurrence(s)]
DEBUG --> [REQ_ID=28f05b04729e] [REQUEST][START] GET /public/vx.php

[1 occurrence(s)]
DEBUG --> [REQ_ID=28f05b04729e] [REQUEST][END]

[1 occurrence(s)]
DEBUG --> [REQ_ID=ae536cbc68a5] [REQUEST][START] GET /ws57.php

[1 occurrence(s)]
DEBUG --> [REQ_ID=ae536cbc68a5] [REQUEST][END]

[1 occurrence(s)]
DEBUG --> [REQ_ID=e20b025f6a25] [REQUEST][START] GET /domains.php

[1 occurrence(s)]
DEBUG --> [REQ_ID=e20b025f6a25] [REQUEST][END]

[1 occurrence(s)]
DEBUG --> [REQ_ID=ee0d3e4afb12] [REQUEST][START] GET /222.php

[1 occurrence(s)]
DEBUG --> [REQ_ID=ee0d3e4afb12] [REQUEST][END]

[1 occurrence(s)]
DEBUG --> [REQ_ID=654a566a13d6] [REQUEST][START] GET /166.php

[1 occurrence(s)]
DEBUG --> [REQ_ID=654a566a13d6] [REQUEST][END]

[1 occurrence(s)]
DEBUG --> [REQ_ID=c1e34f0412e6] [REQUEST][START] GET /term.php

[1 occurrence(s)]
DEBUG --> [REQ_ID=c1e34f0412e6] [REQUEST][END]

[1 occurrence(s)]
DEBUG --> [REQ_ID=b98269a1187a] [REQUEST][START] GET /666.php

[1 occurrence(s)]
DEBUG --> [REQ_ID=b98269a1187a] [REQUEST][END]

[1 occurrence(s)]
DEBUG --> [REQ_ID=3c5f99a16a16] [REQUEST][START] GET /tt.php

[1 occurrence(s)]
DEBUG --> [REQ_ID=3c5f99a16a16] [REQUEST][END]

[1 occurrence(s)]
DEBUG --> [REQ_ID=a8f15ee395ea] [REQUEST][START] GET /sid3.php

[1 occurrence(s)]
DEBUG --> [REQ_ID=a8f15ee395ea] [REQUEST][END]

[1 occurrence(s)]
DEBUG --> [REQ_ID=f548673b68df] [REQUEST][START] GET /66.php

[1 occurrence(s)]
DEBUG --> [REQ_ID=f548673b68df] [REQUEST][END]

[1 occurrence(s)]
DEBUG --> [REQ_ID=aeca1cf0c2b6] [REQUEST][START] GET /wp-the.php

[1 occurrence(s)]
DEBUG --> [REQ_ID=aeca1cf0c2b6] [REQUEST][END]

[1 occurrence(s)]
DEBUG --> [REQ_ID=d014a278d2ce] [REQUEST][START] GET /jga.php

[1 occurrence(s)]
DEBUG --> [REQ_ID=d014a278d2ce] [REQUEST][END]

[1 occurrence(s)]
DEBUG --> [REQ_ID=210b4bd39cd5] [REQUEST][START] GET /wp-blog-header.php

[1 occurrence(s)]
DEBUG --> [REQ_ID=210b4bd39cd5] [REQUEST][END]

[1 occurrence(s)]
DEBUG --> [REQ_ID=facc29bc56e6] [REQUEST][START] GET /bmi.php

[1 occurrence(s)]
DEBUG --> [REQ_ID=facc29bc56e6] [REQUEST][END]

[1 occurrence(s)]
DEBUG --> [REQ_ID=86466f2da84d] [REQUEST][START] GET /byypas.php

[1 occurrence(s)]
DEBUG --> [REQ_ID=86466f2da84d] [REQUEST][END]

[1 occurrence(s)]
DEBUG --> [REQ_ID=b71e73c56562] [REQUEST][START] GET /wp-content/radio.php

[1 occurrence(s)]
DEBUG --> [REQ_ID=b71e73c56562] [REQUEST][END]

[1 occurrence(s)]
DEBUG --> [REQ_ID=598688a9211e] [REQUEST][START] GET /wp-png.php

[1 occurrence(s)]
DEBUG --> [REQ_ID=598688a9211e] [REQUEST][END]

[1 occurrence(s)]
DEBUG --> [REQ_ID=079dc681bc32] [REQUEST][START] GET /wen.php

[1 occurrence(s)]
DEBUG --> [REQ_ID=079dc681bc32] [REQUEST][END]

[1 occurrence(s)]
DEBUG --> [REQ_ID=da617f7ed0d1] [REQUEST][START] GET /plugin-install.php

[1 occurrence(s)]
DEBUG --> [REQ_ID=da617f7ed0d1] [REQUEST][END]

[1 occurrence(s)]
DEBUG --> [REQ_ID=873bd1f7bebf] [REQUEST][START] GET /ioxi001.PhP7

[1 occurrence(s)]
DEBUG --> [REQ_ID=873bd1f7bebf] [REQUEST][END]

[1 occurrence(s)]
DEBUG --> [REQ_ID=7a22aae6935b] [REQUEST][START] GET /wp-kikikoko.php

[1 occurrence(s)]
DEBUG --> [REQ_ID=7a22aae6935b] [REQUEST][END]

[1 occurrence(s)]
DEBUG --> [REQ_ID=47f1cea84ede] [REQUEST][START] GET /hplfuns.php

[1 occurrence(s)]
DEBUG --> [REQ_ID=47f1cea84ede] [REQUEST][END]

[1 occurrence(s)]
DEBUG --> [REQ_ID=3e01410bd30b] [REQUEST][START] GET /shell.php

[1 occurrence(s)]
DEBUG --> [REQ_ID=3e01410bd30b] [REQUEST][END]

[1 occurrence(s)]
DEBUG --> [REQ_ID=32b598baebdf] [REQUEST][START] GET /new.php

[1 occurrence(s)]
DEBUG --> [REQ_ID=32b598baebdf] [REQUEST][END]

[1 occurrence(s)]
DEBUG --> [REQ_ID=ae5176ed2fde] [REQUEST][START] GET /wp-admin/network/edit.php

[1 occurrence(s)]
DEBUG --> [REQ_ID=ae5176ed2fde] [REQUEST][END]

[1 occurrence(s)]
DEBUG --> [REQ_ID=3968d6c3c256] [REQUEST][START] GET /ws48.php

[1 occurrence(s)]
DEBUG --> [REQ_ID=3968d6c3c256] [REQUEST][END]

[1 occurrence(s)]
DEBUG --> [REQ_ID=ab0f324a2083] [REQUEST][START] GET /8.php

[1 occurrence(s)]
DEBUG --> [REQ_ID=ab0f324a2083] [REQUEST][END]

[1 occurrence(s)]
DEBUG --> [REQ_ID=8bfdd49e52d4] [REQUEST][START] GET /dass.php

[1 occurrence(s)]
DEBUG --> [REQ_ID=8bfdd49e52d4] [REQUEST][END]

[1 occurrence(s)]
DEBUG --> [REQ_ID=03685c08e1f4] [REQUEST][START] GET /wp-p2r3q9c8k4.php

[1 occurrence(s)]
DEBUG --> [REQ_ID=03685c08e1f4] [REQUEST][END]

[1 occurrence(s)]
DEBUG --> [REQ_ID=fa73767666bb] [REQUEST][START] GET /ok.php

[1 occurrence(s)]
DEBUG --> [REQ_ID=fa73767666bb] [REQUEST][END]

[1 occurrence(s)]
DEBUG --> [REQ_ID=03e3a9671f66] [REQUEST][START] GET /eetu.php

[1 occurrence(s)]
DEBUG --> [REQ_ID=03e3a9671f66] [REQUEST][END]

[1 occurrence(s)]
DEBUG --> [REQ_ID=167130c2010b] [REQUEST][START] GET /ws66.php

[1 occurrence(s)]
DEBUG --> [REQ_ID=167130c2010b] [REQUEST][END]

[1 occurrence(s)]
DEBUG --> [REQ_ID=31304a3332a7] [REQUEST][START] GET /file61.php

[1 occurrence(s)]
DEBUG --> [REQ_ID=31304a3332a7] [REQUEST][END]

[1 occurrence(s)]
DEBUG --> [REQ_ID=e68319922f19] [REQUEST][START] GET /asd.php

[1 occurrence(s)]
DEBUG --> [REQ_ID=e68319922f19] [REQUEST][END]

[1 occurrence(s)]
DEBUG --> [REQ_ID=a50e8a1e52aa] [REQUEST][START] GET /xx.php

[1 occurrence(s)]
DEBUG --> [REQ_ID=a50e8a1e52aa] [REQUEST][END]

[1 occurrence(s)]
DEBUG --> [REQ_ID=84940d938879] [REQUEST][START] GET /a5.php

[1 occurrence(s)]
DEBUG --> [REQ_ID=84940d938879] [REQUEST][END]

[1 occurrence(s)]
DEBUG --> [REQ_ID=1b5ece5fa8d5] [REQUEST][START] GET /cu.php

[1 occurrence(s)]
DEBUG --> [REQ_ID=1b5ece5fa8d5] [REQUEST][END]

[1 occurrence(s)]
DEBUG --> [REQ_ID=e055f814dc6f] [REQUEST][START] GET /amax.php

[1 occurrence(s)]
DEBUG --> [REQ_ID=e055f814dc6f] [REQUEST][END]

[1 occurrence(s)]
DEBUG --> [REQ_ID=7278e0ab16f7] [REQUEST][START] GET /mh.php

[1 occurrence(s)]
DEBUG --> [REQ_ID=7278e0ab16f7] [REQUEST][END]

[1 occurrence(s)]
DEBUG --> [REQ_ID=68db43b6630a] [REQUEST][START] GET /Jcrop.php

[1 occurrence(s)]
DEBUG --> [REQ_ID=68db43b6630a] [REQUEST][END]

[1 occurrence(s)]
DEBUG --> [REQ_ID=b6b3b428444d] [REQUEST][START] GET /abc.php

[1 occurrence(s)]
DEBUG --> [REQ_ID=b6b3b428444d] [REQUEST][END]

[1 occurrence(s)]
DEBUG --> [REQ_ID=c56aa5eca76a] [REQUEST][START] GET /inputs.php

[1 occurrence(s)]
DEBUG --> [REQ_ID=c56aa5eca76a] [REQUEST][END]

[1 occurrence(s)]
DEBUG --> [REQ_ID=0d180667d6b3] [REQUEST][START] GET /bnm.php

[1 occurrence(s)]
DEBUG --> [REQ_ID=0d180667d6b3] [REQUEST][END]

[1 occurrence(s)]
DEBUG --> [REQ_ID=73bf65a8b149] [REQUEST][START] GET /ws80.php

[1 occurrence(s)]
DEBUG --> [REQ_ID=73bf65a8b149] [REQUEST][END]

[1 occurrence(s)]
DEBUG --> [REQ_ID=9e11b22465d6] [REQUEST][START] GET /wp-admin/network/users.php

[1 occurrence(s)]
DEBUG --> [REQ_ID=9e11b22465d6] [REQUEST][END]

[1 occurrence(s)]
DEBUG --> [REQ_ID=0d49e67614ee] [REQUEST][START] GET /s.php

[1 occurrence(s)]
DEBUG --> [REQ_ID=0d49e67614ee] [REQUEST][END]

[1 occurrence(s)]
DEBUG --> [REQ_ID=2a92cf814b65] [REQUEST][START] GET /tymn.php

[1 occurrence(s)]
DEBUG --> [REQ_ID=2a92cf814b65] [REQUEST][END]

[1 occurrence(s)]
DEBUG --> [REQ_ID=51f1b50d8aea] [REQUEST][START] GET /wp-links-opml.php

[1 occurrence(s)]
DEBUG --> [REQ_ID=51f1b50d8aea] [REQUEST][END]

[1 occurrence(s)]
DEBUG --> [REQ_ID=45e8f5658050] [REQUEST][START] GET /wp5.php

[1 occurrence(s)]
DEBUG --> [REQ_ID=45e8f5658050] [REQUEST][END]

[1 occurrence(s)]
DEBUG --> [REQ_ID=c779cb5d86a9] [REQUEST][START] GET /ms.php

[1 occurrence(s)]
DEBUG --> [REQ_ID=c779cb5d86a9] [REQUEST][END]

[1 occurrence(s)]
DEBUG --> [REQ_ID=ad179eb13566] [REQUEST][START] GET /wp-access.php

[1 occurrence(s)]
DEBUG --> [REQ_ID=ad179eb13566] [REQUEST][END]

[1 occurrence(s)]
DEBUG --> [REQ_ID=646bcf742873] [REQUEST][START] GET /wp-class-atom.php

[1 occurrence(s)]
DEBUG --> [REQ_ID=646bcf742873] [REQUEST][END]

[1 occurrence(s)]
DEBUG --> [REQ_ID=473916a9097c] [REQUEST][START] GET /ms-edit.php

[1 occurrence(s)]
DEBUG --> [REQ_ID=473916a9097c] [REQUEST][END]

[1 occurrence(s)]
DEBUG --> [REQ_ID=6553984ec7ed] [REQUEST][START] GET /press.php

[1 occurrence(s)]
DEBUG --> [REQ_ID=6553984ec7ed] [REQUEST][END]

[1 occurrence(s)]
DEBUG --> [REQ_ID=41010d408de4] [REQUEST][START] GET /900.php

[1 occurrence(s)]
DEBUG --> [REQ_ID=41010d408de4] [REQUEST][END]

[1 occurrence(s)]
DEBUG --> [REQ_ID=3ad9e8f0d382] [REQUEST][START] GET /wp-links-opml.php

[1 occurrence(s)]
DEBUG --> [REQ_ID=3ad9e8f0d382] [REQUEST][END]

[1 occurrence(s)]
DEBUG --> [REQ_ID=e86f2a092c0e] [REQUEST][START] GET /jk.php

[1 occurrence(s)]
DEBUG --> [REQ_ID=e86f2a092c0e] [REQUEST][END]

[1 occurrence(s)]
DEBUG --> [REQ_ID=8452202a4c91] [REQUEST][START] GET /dx.php

[1 occurrence(s)]
DEBUG --> [REQ_ID=8452202a4c91] [REQUEST][END]

[1 occurrence(s)]
DEBUG --> [REQ_ID=896e2ed2ec50] [REQUEST][START] GET /aa.php

[1 occurrence(s)]
DEBUG --> [REQ_ID=896e2ed2ec50] [REQUEST][END]

[1 occurrence(s)]
DEBUG --> [REQ_ID=5723f95431ef] [REQUEST][START] GET /mini.php

[1 occurrence(s)]
DEBUG --> [REQ_ID=5723f95431ef] [REQUEST][END]

[1 occurrence(s)]
DEBUG --> [REQ_ID=6afa5fc6b60f] [REQUEST][START] GET /fs.php

[1 occurrence(s)]
DEBUG --> [REQ_ID=6afa5fc6b60f] [REQUEST][END]

[1 occurrence(s)]
DEBUG --> [REQ_ID=7a6d44ad5831] [REQUEST][START] GET /mode.php

[1 occurrence(s)]
DEBUG --> [REQ_ID=7a6d44ad5831] [REQUEST][END]

[1 occurrence(s)]
DEBUG --> [REQ_ID=d18527e13029] [REQUEST][START] GET /1.php

[1 occurrence(s)]
DEBUG --> [REQ_ID=d18527e13029] [REQUEST][END]

[1 occurrence(s)]
DEBUG --> [REQ_ID=c114af55111e] [REQUEST][START] GET /wp-block.php

[1 occurrence(s)]
DEBUG --> [REQ_ID=c114af55111e] [REQUEST][END]

[1 occurrence(s)]
DEBUG --> [REQ_ID=d2b443ae8adc] [REQUEST][START] GET /ws88.php

[1 occurrence(s)]
DEBUG --> [REQ_ID=d2b443ae8adc] [REQUEST][END]

[1 occurrence(s)]
DEBUG --> [REQ_ID=925cbbda8622] [REQUEST][START] GET /adoms.php

[1 occurrence(s)]
DEBUG --> [REQ_ID=925cbbda8622] [REQUEST][END]

[1 occurrence(s)]
DEBUG --> [REQ_ID=e9fc01871ca5] [REQUEST][START] GET /plugin-editor.php

[1 occurrence(s)]
DEBUG --> [REQ_ID=e9fc01871ca5] [REQUEST][END]

[1 occurrence(s)]
DEBUG --> [REQ_ID=c45b06ac0056] [REQUEST][START] GET /8573.php

[1 occurrence(s)]
DEBUG --> [REQ_ID=c45b06ac0056] [REQUEST][END]

[1 occurrence(s)]
DEBUG --> [REQ_ID=eaf880d03cda] [REQUEST][START] GET /an.php

[1 occurrence(s)]
DEBUG --> [REQ_ID=eaf880d03cda] [REQUEST][END]

[1 occurrence(s)]
DEBUG --> [REQ_ID=4b04bfd468b9] [REQUEST][START] GET /t.php

[1 occurrence(s)]
DEBUG --> [REQ_ID=4b04bfd468b9] [REQUEST][END]

[1 occurrence(s)]
DEBUG --> [REQ_ID=49b50627913b] [REQUEST][START] GET /wp-admin/css/bolt.php

[1 occurrence(s)]
DEBUG --> [REQ_ID=49b50627913b] [REQUEST][END]

[1 occurrence(s)]
DEBUG --> [REQ_ID=9cca487c9c77] [REQUEST][START] GET /profile.php

[1 occurrence(s)]
DEBUG --> [REQ_ID=9cca487c9c77] [REQUEST][END]

[1 occurrence(s)]
DEBUG --> [REQ_ID=29ed1188b4ab] [REQUEST][START] GET /gaza.php

[1 occurrence(s)]
DEBUG --> [REQ_ID=29ed1188b4ab] [REQUEST][END]

[1 occurrence(s)]
DEBUG --> [REQ_ID=21c1d91f7c69] [REQUEST][START] GET /kj.php

[1 occurrence(s)]
DEBUG --> [REQ_ID=21c1d91f7c69] [REQUEST][END]

[1 occurrence(s)]
DEBUG --> [REQ_ID=01d35a30b2b9] [REQUEST][START] GET /aboute.php

[1 occurrence(s)]
DEBUG --> [REQ_ID=01d35a30b2b9] [REQUEST][END]

[1 occurrence(s)]
DEBUG --> [REQ_ID=9faca86d9bc8] [REQUEST][START] GET /ws82.php

[1 occurrence(s)]
DEBUG --> [REQ_ID=9faca86d9bc8] [REQUEST][END]

[1 occurrence(s)]
DEBUG --> [REQ_ID=b22d9f546cba] [REQUEST][START] GET /edit.php

[1 occurrence(s)]
DEBUG --> [REQ_ID=b22d9f546cba] [REQUEST][END]

[1 occurrence(s)]
DEBUG --> [REQ_ID=b617cba73aa4] [REQUEST][START] GET /yw5bi63u.php

[1 occurrence(s)]
DEBUG --> [REQ_ID=b617cba73aa4] [REQUEST][END]

[1 occurrence(s)]
DEBUG --> [REQ_ID=a0c7f0e6891d] [REQUEST][START] GET /tool.php

[1 occurrence(s)]
DEBUG --> [REQ_ID=a0c7f0e6891d] [REQUEST][END]

[1 occurrence(s)]
DEBUG --> [REQ_ID=314099db29af] [REQUEST][START] GET /bgymj.php

[1 occurrence(s)]
DEBUG --> [REQ_ID=314099db29af] [REQUEST][END]

[1 occurrence(s)]
DEBUG --> [REQ_ID=1883f8a2bfcd] [REQUEST][START] GET /wp-good.php

[1 occurrence(s)]
DEBUG --> [REQ_ID=1883f8a2bfcd] [REQUEST][END]

[1 occurrence(s)]
DEBUG --> [REQ_ID=58381145a0c7] [REQUEST][START] GET /class-t.api.php

[1 occurrence(s)]
DEBUG --> [REQ_ID=58381145a0c7] [REQUEST][END]

[1 occurrence(s)]
DEBUG --> [REQ_ID=95a3f22d4c9a] [REQUEST][START] GET /mk.php

[1 occurrence(s)]
DEBUG --> [REQ_ID=95a3f22d4c9a] [REQUEST][END]

[1 occurrence(s)]
DEBUG --> [REQ_ID=a056d651a889] [REQUEST][START] GET /gettest.php

[1 occurrence(s)]
DEBUG --> [REQ_ID=a056d651a889] [REQUEST][END]

[1 occurrence(s)]
DEBUG --> [REQ_ID=872ce6c7de24] [REQUEST][START] GET /a4.php

[1 occurrence(s)]
DEBUG --> [REQ_ID=872ce6c7de24] [REQUEST][END]

[1 occurrence(s)]
DEBUG --> [REQ_ID=8be028b43f4c] [REQUEST][START] GET /retu11.PhP7

[1 occurrence(s)]
DEBUG --> [REQ_ID=8be028b43f4c] [REQUEST][END]

[1 occurrence(s)]
DEBUG --> [REQ_ID=a1406d0866bb] [REQUEST][START] GET /rip.php

[1 occurrence(s)]
DEBUG --> [REQ_ID=a1406d0866bb] [REQUEST][END]

[1 occurrence(s)]
DEBUG --> [REQ_ID=599cca2e27be] [REQUEST][START] GET /ioxi-o.php

[1 occurrence(s)]
DEBUG --> [REQ_ID=599cca2e27be] [REQUEST][END]

[1 occurrence(s)]
DEBUG --> [REQ_ID=a6b7726fc830] [REQUEST][START] GET /zoo.php

[1 occurrence(s)]
DEBUG --> [REQ_ID=a6b7726fc830] [REQUEST][END]

[1 occurrence(s)]
DEBUG --> [REQ_ID=79d249fecf71] [REQUEST][START] GET /admlo.php

[1 occurrence(s)]
DEBUG --> [REQ_ID=79d249fecf71] [REQUEST][END]

[1 occurrence(s)]
DEBUG --> [REQ_ID=00b426768219] [REQUEST][START] GET /gcqoa.php

[1 occurrence(s)]
DEBUG --> [REQ_ID=00b426768219] [REQUEST][END]

[1 occurrence(s)]
DEBUG --> [REQ_ID=2e67db050a61] [REQUEST][START] GET /xxx.php

[1 occurrence(s)]
DEBUG --> [REQ_ID=2e67db050a61] [REQUEST][END]

[1 occurrence(s)]
DEBUG --> [REQ_ID=636d1e0f971e] [REQUEST][START] GET /b.php

[1 occurrence(s)]
DEBUG --> [REQ_ID=636d1e0f971e] [REQUEST][END]

[1 occurrence(s)]
DEBUG --> [REQ_ID=5fae7d7ab23c] [REQUEST][START] GET /grsiuk.php

[1 occurrence(s)]
DEBUG --> [REQ_ID=5fae7d7ab23c] [REQUEST][END]

[1 occurrence(s)]
DEBUG --> [REQ_ID=9a9a3c7029ea] [REQUEST][START] GET /wp-class-api.php

[1 occurrence(s)]
DEBUG --> [REQ_ID=9a9a3c7029ea] [REQUEST][END]

[1 occurrence(s)]
DEBUG --> [REQ_ID=37bde992bdf1] [REQUEST][START] GET /bolt.php

[1 occurrence(s)]
DEBUG --> [REQ_ID=37bde992bdf1] [REQUEST][END]

[1 occurrence(s)]
DEBUG --> [REQ_ID=0c2c5c76f1ba] [REQUEST][START] GET /gifclass.php

[1 occurrence(s)]
DEBUG --> [REQ_ID=0c2c5c76f1ba] [REQUEST][END]

[1 occurrence(s)]
DEBUG --> [REQ_ID=7ecdb7576bd1] [REQUEST][START] GET /ccs.php

[1 occurrence(s)]
DEBUG --> [REQ_ID=7ecdb7576bd1] [REQUEST][END]

[1 occurrence(s)]
DEBUG --> [REQ_ID=89df1464e059] [REQUEST][START] GET /first.php

[1 occurrence(s)]
DEBUG --> [REQ_ID=89df1464e059] [REQUEST][END]

[1 occurrence(s)]
DEBUG --> [REQ_ID=367b2d103c25] [REQUEST][START] GET /index.php/activate

[1 occurrence(s)]
DEBUG --> [REQ_ID=367b2d103c25] [FILTER_BEFORE] /index.php/activate

[1 occurrence(s)]
DEBUG --> [REQ_ID=367b2d103c25] [ROUTE] Controller=\App\Controllers\AuthController Method=activateAccount

[1 occurrence(s)]
DEBUG --> [REQ_ID=367b2d103c25] [LIFECYCLE][START] GET https://www.mymiwallet.com/index.php/activate

[2 occurrence(s)]
DEBUG --> [CSRF] token name=csrf_test_name hash=ba9d6452baafa6b111cdcc80f8bea1b3

[1 occurrence(s)]
DEBUG --> [REQ_ID=3ecf7ebcf24a] [INIT] App\Controllers\AuthController::GET

[1 occurrence(s)]
DEBUG --> [REQ_ID=367b2d103c25] [FILTER_AFTER]

[1 occurrence(s)]
DEBUG --> [REQ_ID=367b2d103c25] [LIFECYCLE][END] status=302 duration_ms=122.96 memory_delta=0

[1 occurrence(s)]
DEBUG --> [REQ_ID=367b2d103c25] [REQUEST][END]

[1 occurrence(s)]
DEBUG --> [REQ_ID=980a51f303fe] [REQUEST][START] GET /index.php/Support/Account

[1 occurrence(s)]
DEBUG --> [REQ_ID=980a51f303fe] [FILTER_BEFORE] /index.php/Support/Account

[1 occurrence(s)]
DEBUG --> [REQ_ID=980a51f303fe] [ROUTE] Controller=\App\Modules\Support\Controllers\AccountSupportController Method=index

[1 occurrence(s)]
DEBUG --> [REQ_ID=980a51f303fe] [LIFECYCLE][START] GET https://www.mymiwallet.com/index.php/Support/Account

[1 occurrence(s)]
DEBUG --> [REQ_ID=37a8e4c23171] [INIT] App\Modules\Support\Controllers\AccountSupportController::GET

[1 occurrence(s)]
DEBUG --> [REQ_ID=37a8e4c23171] [METHOD_ENTRY] index

[1 occurrence(s)]
DEBUG --> [REQ_ID=37a8e4c23171] [VIEW_RENDER] SupportModule/Support/account_help

[1 occurrence(s)]
DEBUG --> [REQ_ID=980a51f303fe] [FILTER_AFTER]

[1 occurrence(s)]
DEBUG --> [REQ_ID=980a51f303fe] [LIFECYCLE][END] status=200 duration_ms=77.95 memory_delta=2097152

[1 occurrence(s)]
DEBUG --> [REQ_ID=980a51f303fe] [REQUEST][END]

[1 occurrence(s)]
DEBUG --> [REQ_ID=cebcdce5014c] [REQUEST][START] GET /How-It-Works/Purchase/MyMIGold

[1 occurrence(s)]
DEBUG --> [REQ_ID=cebcdce5014c] [REQUEST][END]

[1 occurrence(s)]
DEBUG --> [REQ_ID=14fd3a762472] [REQUEST][START] GET /Exchange/Solana/Wallet/Phantom

[1 occurrence(s)]
DEBUG --> [REQ_ID=14fd3a762472] [REQUEST][END]

[1 occurrence(s)]
DEBUG --> [REQ_ID=5af971129a7e] [REQUEST][START] GET /index.php/Budget

[1 occurrence(s)]
DEBUG --> [REQ_ID=5af971129a7e] [FILTER_BEFORE] /index.php/Budget

[1 occurrence(s)]
DEBUG --> [REQ_ID=5af971129a7e] [ROUTE] Controller=\App\Modules\User\Controllers\BudgetController Method=index

[1 occurrence(s)]
DEBUG --> [REQ_ID=5af971129a7e] [LIFECYCLE][START] GET https://www.mymiwallet.com/index.php/Budget

[2 occurrence(s)]
DEBUG --> [CSRF] token name=csrf_test_name hash=86f2814bf251e8bc49f3c718b23ed756

[1 occurrence(s)]
DEBUG --> [REQ_ID=5af971129a7e] [REQUEST][END]

[1 occurrence(s)]
DEBUG --> [REQ_ID=01c96f76ee9a] [REQUEST][START] GET /index.php/login

[1 occurrence(s)]
DEBUG --> [REQ_ID=01c96f76ee9a] [FILTER_BEFORE] /index.php/login

[1 occurrence(s)]
DEBUG --> [REQ_ID=01c96f76ee9a] [ROUTE] Controller=\App\Controllers\AuthController Method=login

[1 occurrence(s)]
DEBUG --> [REQ_ID=01c96f76ee9a] [LIFECYCLE][START] GET https://www.mymiwallet.com/index.php/login

[1 occurrence(s)]
DEBUG --> [REQ_ID=d4736cf8389f] [INIT] App\Controllers\AuthController::GET

[2 occurrence(s)]
DEBUG --> [AUTH_LOGIN_VIEW_REDIRECT_URL] /Budget

[1 occurrence(s)]
DEBUG --> [REQ_ID=01c96f76ee9a] [FILTER_AFTER]

[1 occurrence(s)]
DEBUG --> [REQ_ID=01c96f76ee9a] [LIFECYCLE][END] status=200 duration_ms=167.17 memory_delta=0

[1 occurrence(s)]
DEBUG --> [REQ_ID=01c96f76ee9a] [REQUEST][END]

[1 occurrence(s)]
DEBUG --> [REQ_ID=4e529093bee8] [REQUEST][START] GET /index.php/Trade-Tracker

[1 occurrence(s)]
DEBUG --> [REQ_ID=4e529093bee8] [FILTER_BEFORE] /index.php/Trade-Tracker

[1 occurrence(s)]
DEBUG --> [REQ_ID=4e529093bee8] [ROUTE] Controller=\App\Modules\User\Controllers\InvestmentsController Method=tradeTracker

[1 occurrence(s)]
DEBUG --> [REQ_ID=4e529093bee8] [LIFECYCLE][START] GET https://www.mymiwallet.com/index.php/Trade-Tracker

[2 occurrence(s)]
DEBUG --> [CSRF] token name=csrf_test_name hash=d6705f6c46d1f75dc467020d5faecd6b

[1 occurrence(s)]
DEBUG --> [REQ_ID=4e529093bee8] [REQUEST][END]

[1 occurrence(s)]
DEBUG --> [REQ_ID=02b1cff72903] [REQUEST][START] GET /index.php/login

[1 occurrence(s)]
DEBUG --> [REQ_ID=02b1cff72903] [FILTER_BEFORE] /index.php/login

[1 occurrence(s)]
DEBUG --> [REQ_ID=02b1cff72903] [ROUTE] Controller=\App\Controllers\AuthController Method=login

[1 occurrence(s)]
DEBUG --> [REQ_ID=02b1cff72903] [LIFECYCLE][START] GET https://www.mymiwallet.com/index.php/login

[1 occurrence(s)]
DEBUG --> [REQ_ID=ccbe00df352f] [INIT] App\Controllers\AuthController::GET

[2 occurrence(s)]
DEBUG --> [AUTH_LOGIN_VIEW_REDIRECT_URL] /Trade-Tracker

[1 occurrence(s)]
DEBUG --> [REQ_ID=02b1cff72903] [FILTER_AFTER]

[1 occurrence(s)]
DEBUG --> [REQ_ID=02b1cff72903] [LIFECYCLE][END] status=200 duration_ms=52.91 memory_delta=0

[1 occurrence(s)]
DEBUG --> [REQ_ID=02b1cff72903] [REQUEST][END]

[1 occurrence(s)]
DEBUG --> [REQ_ID=7e42cabe7091] [REQUEST][START] GET /index.php/Management/Security

[1 occurrence(s)]
DEBUG --> [REQ_ID=7e42cabe7091] [FILTER_BEFORE] /index.php/Management/Security

[1 occurrence(s)]
DEBUG --> [REQ_ID=7e42cabe7091] [ROUTE] Controller=\App\Modules\Management\Controllers\SecurityController Method=index

[1 occurrence(s)]
DEBUG --> [REQ_ID=7e42cabe7091] [LIFECYCLE][START] GET https://www.mymiwallet.com/index.php/Management/Security

[2 occurrence(s)]
DEBUG --> [CSRF] token name=csrf_test_name hash=257fb4cc297184c0d9c53a562091bfb7

[1 occurrence(s)]
DEBUG --> [REQ_ID=7e42cabe7091] [REQUEST][END]

[1 occurrence(s)]
DEBUG --> [REQ_ID=6f5e191df023] [REQUEST][START] GET /index.php/login

[1 occurrence(s)]
DEBUG --> [REQ_ID=6f5e191df023] [FILTER_BEFORE] /index.php/login

[1 occurrence(s)]
DEBUG --> [REQ_ID=6f5e191df023] [ROUTE] Controller=\App\Controllers\AuthController Method=login

[1 occurrence(s)]
DEBUG --> [REQ_ID=6f5e191df023] [LIFECYCLE][START] GET https://www.mymiwallet.com/index.php/login

[1 occurrence(s)]
DEBUG --> [REQ_ID=489ef1e7de6a] [INIT] App\Controllers\AuthController::GET

[1 occurrence(s)]
DEBUG --> [AUTH_LOGIN_VIEW_REDIRECT_URL] /Management/Security

[1 occurrence(s)]
DEBUG --> [REQ_ID=6f5e191df023] [FILTER_AFTER]

[1 occurrence(s)]
DEBUG --> [REQ_ID=6f5e191df023] [LIFECYCLE][END] status=200 duration_ms=100.44 memory_delta=0

[1 occurrence(s)]
DEBUG --> [REQ_ID=6f5e191df023] [REQUEST][END]

[1 occurrence(s)]
DEBUG --> [REQ_ID=0669cd8e30fb] [REQUEST][START] GET /index.php/Budget

[1 occurrence(s)]
DEBUG --> [REQ_ID=0669cd8e30fb] [FILTER_BEFORE] /index.php/Budget

[1 occurrence(s)]
DEBUG --> [REQ_ID=0669cd8e30fb] [ROUTE] Controller=\App\Modules\User\Controllers\BudgetController Method=index

[1 occurrence(s)]
DEBUG --> [REQ_ID=0669cd8e30fb] [LIFECYCLE][START] GET https://www.mymiwallet.com/index.php/Budget

[2 occurrence(s)]
DEBUG --> [CSRF] token name=csrf_test_name hash=f6146c3632e547b7c93b9293490b884a

[1 occurrence(s)]
DEBUG --> [REQ_ID=0669cd8e30fb] [REQUEST][END]

[1 occurrence(s)]
DEBUG --> [REQ_ID=c4e7a9c0a458] [REQUEST][START] GET /index.php/login

[1 occurrence(s)]
DEBUG --> [REQ_ID=c4e7a9c0a458] [FILTER_BEFORE] /index.php/login

[1 occurrence(s)]
DEBUG --> [REQ_ID=c4e7a9c0a458] [ROUTE] Controller=\App\Controllers\AuthController Method=login

[1 occurrence(s)]
DEBUG --> [REQ_ID=c4e7a9c0a458] [LIFECYCLE][START] GET https://www.mymiwallet.com/index.php/login

[1 occurrence(s)]
DEBUG --> [REQ_ID=2b92f35f9e9f] [INIT] App\Controllers\AuthController::GET

[1 occurrence(s)]
DEBUG --> [REQ_ID=c4e7a9c0a458] [FILTER_AFTER]

[1 occurrence(s)]
DEBUG --> [REQ_ID=c4e7a9c0a458] [LIFECYCLE][END] status=200 duration_ms=204.16 memory_delta=0

[1 occurrence(s)]
DEBUG --> [REQ_ID=c4e7a9c0a458] [REQUEST][END]

[1 occurrence(s)]
DEBUG --> [REQ_ID=6e95a531b9f1] [REQUEST][START] GET /index.php/Trade-Tracker

[1 occurrence(s)]
DEBUG --> [REQ_ID=6e95a531b9f1] [FILTER_BEFORE] /index.php/Trade-Tracker

[1 occurrence(s)]
DEBUG --> [REQ_ID=6e95a531b9f1] [ROUTE] Controller=\App\Modules\User\Controllers\InvestmentsController Method=tradeTracker

[1 occurrence(s)]
DEBUG --> [REQ_ID=6e95a531b9f1] [LIFECYCLE][START] GET https://www.mymiwallet.com/index.php/Trade-Tracker

[2 occurrence(s)]
DEBUG --> [CSRF] token name=csrf_test_name hash=b43d1a3334b373f340d8c062d5257ded

[1 occurrence(s)]
DEBUG --> [REQ_ID=6e95a531b9f1] [REQUEST][END]

[1 occurrence(s)]
DEBUG --> [REQ_ID=13a68ba49647] [REQUEST][START] GET /index.php/login

[1 occurrence(s)]
DEBUG --> [REQ_ID=13a68ba49647] [FILTER_BEFORE] /index.php/login

[1 occurrence(s)]
DEBUG --> [REQ_ID=13a68ba49647] [ROUTE] Controller=\App\Controllers\AuthController Method=login

[1 occurrence(s)]
DEBUG --> [REQ_ID=13a68ba49647] [LIFECYCLE][START] GET https://www.mymiwallet.com/index.php/login

[1 occurrence(s)]
DEBUG --> [REQ_ID=e69cac71b069] [INIT] App\Controllers\AuthController::GET

[1 occurrence(s)]
DEBUG --> [REQ_ID=13a68ba49647] [FILTER_AFTER]

[1 occurrence(s)]
DEBUG --> [REQ_ID=13a68ba49647] [LIFECYCLE][END] status=200 duration_ms=165.75 memory_delta=0

[1 occurrence(s)]
DEBUG --> [REQ_ID=13a68ba49647] [REQUEST][END]

[1 occurrence(s)]
DEBUG --> [REQ_ID=3cb2ce2974d0] [REQUEST][START] GET /index.php/API/Management/Run-CRON-Tasks

[1 occurrence(s)]
DEBUG --> [REQ_ID=3cb2ce2974d0] [FILTER_BEFORE] /index.php/API/Management/Run-CRON-Tasks

[1 occurrence(s)]
DEBUG --> [REQ_ID=3cb2ce2974d0] [ROUTE] Controller=\App\Modules\APIs\Controllers\ManagementAPIController Method=Run_CRON_Tasks

[1 occurrence(s)]
DEBUG --> [REQ_ID=3cb2ce2974d0] [LIFECYCLE][START] GET https://www.mymiwallet.com/index.php/API/Management/Run-CRON-Tasks

[1 occurrence(s)]
DEBUG --> [REQ_ID=3cb2ce2974d0] [REQUEST][END]

[1 occurrence(s)]
DEBUG --> [REQ_ID=f6127303e000] [REQUEST][START] GET /index.php/API/Alerts/fetchEmailAlerts

[1 occurrence(s)]
DEBUG --> [REQ_ID=f6127303e000] [FILTER_BEFORE] /index.php/API/Alerts/fetchEmailAlerts

[1 occurrence(s)]
DEBUG --> [REQ_ID=f6127303e000] [ROUTE] Controller=\App\Modules\APIs\Controllers\AlertsAPIController Method=fetchEmailAlerts

[1 occurrence(s)]
DEBUG --> [REQ_ID=f6127303e000] [LIFECYCLE][START] GET https://www.mymiwallet.com/index.php/API/Alerts/fetchEmailAlerts

[1 occurrence(s)]
DEBUG --> [REQ_ID=f6127303e000] [REQUEST][END]

[1 occurrence(s)]
DEBUG --> [REQ_ID=785f5c42574d] [REQUEST][START] GET /Blog/Investing/Tips-For-Effective-Investment-Portfolio-Management

[1 occurrence(s)]
DEBUG --> [REQ_ID=785f5c42574d] [REQUEST][END]

[1 occurrence(s)]
DEBUG --> [REQ_ID=5b751debce76] [REQUEST][START] GET /index.php/How-It-Works/Investment-Dashboard

[1 occurrence(s)]
DEBUG --> [REQ_ID=5b751debce76] [FILTER_BEFORE] /index.php/How-It-Works/Investment-Dashboard

[1 occurrence(s)]
DEBUG --> [REQ_ID=5b751debce76] [ROUTE] Controller=\App\Modules\Blog\Controllers\HowItWorksController Method=show

[1 occurrence(s)]
DEBUG --> [REQ_ID=5b751debce76] [LIFECYCLE][START] GET https://www.mymiwallet.com/index.php/How-It-Works/Investment-Dashboard

[1 occurrence(s)]
DEBUG --> [CSRF] token name=csrf_test_name hash=c4b330afbb960792777f6754724b261a

[1 occurrence(s)]
DEBUG --> [REQ_ID=a956df5fcf6f] [INIT] App\Modules\Blog\Controllers\HowItWorksController::GET

[1 occurrence(s)]
DEBUG --> [REQ_ID=a956df5fcf6f] [METHOD_ENTRY] show

[1 occurrence(s)]
DEBUG --> [REQ_ID=5b751debce76] [FILTER_AFTER]

[1 occurrence(s)]
DEBUG --> [REQ_ID=5b751debce76] [LIFECYCLE][END] status=200 duration_ms=734.00 memory_delta=4194304

[1 occurrence(s)]
DEBUG --> [REQ_ID=5b751debce76] [REQUEST][END]

[1 occurrence(s)]
DEBUG --> [REQ_ID=7deb248f615d] [REQUEST][START] GET /index.php/Management/API

[1 occurrence(s)]
DEBUG --> [REQ_ID=7deb248f615d] [FILTER_BEFORE] /index.php/Management/API

[1 occurrence(s)]
DEBUG --> [REQ_ID=7deb248f615d] [ROUTE] Controller=\App\Modules\Management\Controllers\APIAdminController Method=index

[1 occurrence(s)]
DEBUG --> [REQ_ID=7deb248f615d] [LIFECYCLE][START] GET https://www.mymiwallet.com/index.php/Management/API

[2 occurrence(s)]
DEBUG --> [CSRF] token name=csrf_test_name hash=5db19d19e79e023b2ea762cf5b4faa25

[1 occurrence(s)]
DEBUG --> [REQ_ID=7deb248f615d] [REQUEST][END]

[1 occurrence(s)]
DEBUG --> [REQ_ID=dd486b1aec0e] [REQUEST][START] GET /index.php/login

[1 occurrence(s)]
DEBUG --> [REQ_ID=dd486b1aec0e] [FILTER_BEFORE] /index.php/login

[1 occurrence(s)]
DEBUG --> [REQ_ID=dd486b1aec0e] [ROUTE] Controller=\App\Controllers\AuthController Method=login

[1 occurrence(s)]
DEBUG --> [REQ_ID=dd486b1aec0e] [LIFECYCLE][START] GET https://www.mymiwallet.com/index.php/login

[1 occurrence(s)]
DEBUG --> [REQ_ID=61fee09f3c31] [INIT] App\Controllers\AuthController::GET

[2 occurrence(s)]
DEBUG --> [AUTH_LOGIN_VIEW_REDIRECT_URL] /Management/API

[1 occurrence(s)]
DEBUG --> [REQ_ID=dd486b1aec0e] [FILTER_AFTER]

[1 occurrence(s)]
DEBUG --> [REQ_ID=dd486b1aec0e] [LIFECYCLE][END] status=200 duration_ms=32.71 memory_delta=0

[1 occurrence(s)]
DEBUG --> [REQ_ID=dd486b1aec0e] [REQUEST][END]

[1 occurrence(s)]
DEBUG --> [REQ_ID=071ed4aa5afa] [REQUEST][START] GET /index.php/Legal/Privacy-Policy

[1 occurrence(s)]
DEBUG --> [REQ_ID=071ed4aa5afa] [FILTER_BEFORE] /index.php/Legal/Privacy-Policy

[1 occurrence(s)]
DEBUG --> [REQ_ID=071ed4aa5afa] [ROUTE] Controller=\App\Controllers\Home Method=privacyPolicy

[1 occurrence(s)]
DEBUG --> [REQ_ID=071ed4aa5afa] [LIFECYCLE][START] GET https://www.mymiwallet.com/index.php/Legal/Privacy-Policy

[2 occurrence(s)]
DEBUG --> [CSRF] token name=csrf_test_name hash=a8108f193de09c22d4d3042996f81374

[1 occurrence(s)]
DEBUG --> [REQ_ID=071ed4aa5afa] [REQUEST][END]

[1 occurrence(s)]
DEBUG --> [REQ_ID=a6ce5c7e6864] [REQUEST][START] GET /index.php/login

[1 occurrence(s)]
DEBUG --> [REQ_ID=a6ce5c7e6864] [FILTER_BEFORE] /index.php/login

[1 occurrence(s)]
DEBUG --> [REQ_ID=a6ce5c7e6864] [ROUTE] Controller=\App\Controllers\AuthController Method=login

[1 occurrence(s)]
DEBUG --> [REQ_ID=a6ce5c7e6864] [LIFECYCLE][START] GET https://www.mymiwallet.com/index.php/login

[1 occurrence(s)]
DEBUG --> [REQ_ID=d81abdca59e5] [INIT] App\Controllers\AuthController::GET

[2 occurrence(s)]
DEBUG --> [AUTH_LOGIN_VIEW_REDIRECT_URL] /Legal/Privacy-Policy

[1 occurrence(s)]
DEBUG --> [REQ_ID=a6ce5c7e6864] [FILTER_AFTER]

[1 occurrence(s)]
DEBUG --> [REQ_ID=a6ce5c7e6864] [LIFECYCLE][END] status=200 duration_ms=36.45 memory_delta=0

[1 occurrence(s)]
DEBUG --> [REQ_ID=a6ce5c7e6864] [REQUEST][END]

[1 occurrence(s)]
DEBUG --> [REQ_ID=2ceaadc26791] [REQUEST][START] GET /index.php/Legal/Privacy-Policy

[1 occurrence(s)]
DEBUG --> [REQ_ID=2ceaadc26791] [FILTER_BEFORE] /index.php/Legal/Privacy-Policy

[1 occurrence(s)]
DEBUG --> [REQ_ID=2ceaadc26791] [ROUTE] Controller=\App\Controllers\Home Method=privacyPolicy

[1 occurrence(s)]
DEBUG --> [REQ_ID=2ceaadc26791] [LIFECYCLE][START] GET https://www.mymiwallet.com/index.php/Legal/Privacy-Policy

[2 occurrence(s)]
DEBUG --> [CSRF] token name=csrf_test_name hash=7e6a0dfd85b8a5f7087e5b425c0e7d5e

[1 occurrence(s)]
DEBUG --> [REQ_ID=2ceaadc26791] [REQUEST][END]

[1 occurrence(s)]
DEBUG --> [REQ_ID=ca1f4f6ea372] [REQUEST][START] GET /index.php/login

[1 occurrence(s)]
DEBUG --> [REQ_ID=ca1f4f6ea372] [FILTER_BEFORE] /index.php/login

[1 occurrence(s)]
DEBUG --> [REQ_ID=ca1f4f6ea372] [ROUTE] Controller=\App\Controllers\AuthController Method=login

[1 occurrence(s)]
DEBUG --> [REQ_ID=ca1f4f6ea372] [LIFECYCLE][START] GET https://www.mymiwallet.com/index.php/login

[1 occurrence(s)]
DEBUG --> [REQ_ID=03c944abe67b] [INIT] App\Controllers\AuthController::GET

[1 occurrence(s)]
DEBUG --> [REQ_ID=ca1f4f6ea372] [FILTER_AFTER]

[1 occurrence(s)]
DEBUG --> [REQ_ID=ca1f4f6ea372] [LIFECYCLE][END] status=200 duration_ms=112.09 memory_delta=0

[1 occurrence(s)]
DEBUG --> [REQ_ID=ca1f4f6ea372] [REQUEST][END]

[1 occurrence(s)]
DEBUG --> [REQ_ID=faa64147e605] [REQUEST][START] GET /index.php/Management/API

[1 occurrence(s)]
DEBUG --> [REQ_ID=faa64147e605] [FILTER_BEFORE] /index.php/Management/API

[1 occurrence(s)]
DEBUG --> [REQ_ID=faa64147e605] [ROUTE] Controller=\App\Modules\Management\Controllers\APIAdminController Method=index

[1 occurrence(s)]
DEBUG --> [REQ_ID=faa64147e605] [LIFECYCLE][START] GET https://www.mymiwallet.com/index.php/Management/API

[2 occurrence(s)]
DEBUG --> [CSRF] token name=csrf_test_name hash=7b87ea8b9f95b1fa1e2204b3dc5f25c2

[1 occurrence(s)]
DEBUG --> [REQ_ID=faa64147e605] [REQUEST][END]

[1 occurrence(s)]
DEBUG --> [REQ_ID=986f8a70c3ed] [REQUEST][START] GET /index.php/login

[1 occurrence(s)]
DEBUG --> [REQ_ID=986f8a70c3ed] [FILTER_BEFORE] /index.php/login

[1 occurrence(s)]
DEBUG --> [REQ_ID=986f8a70c3ed] [ROUTE] Controller=\App\Controllers\AuthController Method=login

[1 occurrence(s)]
DEBUG --> [REQ_ID=986f8a70c3ed] [LIFECYCLE][START] GET https://www.mymiwallet.com/index.php/login

[1 occurrence(s)]
DEBUG --> [REQ_ID=6d869de15bb6] [INIT] App\Controllers\AuthController::GET

[1 occurrence(s)]
DEBUG --> [REQ_ID=986f8a70c3ed] [FILTER_AFTER]

[1 occurrence(s)]
DEBUG --> [REQ_ID=986f8a70c3ed] [LIFECYCLE][END] status=200 duration_ms=58.93 memory_delta=0

[1 occurrence(s)]
DEBUG --> [REQ_ID=986f8a70c3ed] [REQUEST][END]

[1 occurrence(s)]
DEBUG --> [REQ_ID=500cef87e79f] [REQUEST][START] GET /

[1 occurrence(s)]
DEBUG --> [REQ_ID=500cef87e79f] [FILTER_BEFORE] /

[1 occurrence(s)]
DEBUG --> [REQ_ID=500cef87e79f] [ROUTE] Controller=\App\Controllers\Home Method=index

[1 occurrence(s)]
DEBUG --> [REQ_ID=500cef87e79f] [LIFECYCLE][START] GET https://www.mymiwallet.com/index.php/

[1 occurrence(s)]
DEBUG --> [CSRF] token name=csrf_test_name hash=c1ce60cc491a079c82ed41d7a6ce4c0c

[1 occurrence(s)]
DEBUG --> [REQ_ID=e48939021c1d] [INIT] App\Controllers\Home::GET

[1 occurrence(s)]
DEBUG --> [REQ_ID=e48939021c1d] [VIEW_RENDER] themes/public/home

[1 occurrence(s)]
DEBUG --> [REQ_ID=500cef87e79f] [FILTER_AFTER]

[1 occurrence(s)]
DEBUG --> [REQ_ID=500cef87e79f] [LIFECYCLE][END] status=200 duration_ms=711.63 memory_delta=4194304

[1 occurrence(s)]
DEBUG --> [REQ_ID=500cef87e79f] [REQUEST][END]

[1 occurrence(s)]
DEBUG --> [REQ_ID=367aed591653] [REQUEST][START] GET /

[1 occurrence(s)]
DEBUG --> [REQ_ID=367aed591653] [FILTER_BEFORE] /

[1 occurrence(s)]
DEBUG --> [REQ_ID=367aed591653] [ROUTE] Controller=\App\Controllers\Home Method=index

[1 occurrence(s)]
DEBUG --> [REQ_ID=367aed591653] [LIFECYCLE][START] GET https://www.mymiwallet.com/index.php/

[1 occurrence(s)]
DEBUG --> [CSRF] token name=csrf_test_name hash=69146fd25c95ababba2bfd7af5ec7712

[1 occurrence(s)]
DEBUG --> [REQ_ID=60655619f02d] [INIT] App\Controllers\Home::GET

[1 occurrence(s)]
DEBUG --> [REQ_ID=60655619f02d] [VIEW_RENDER] themes/public/home

[1 occurrence(s)]
DEBUG --> [REQ_ID=367aed591653] [FILTER_AFTER]

[1 occurrence(s)]
DEBUG --> [REQ_ID=367aed591653] [LIFECYCLE][END] status=200 duration_ms=666.48 memory_delta=4194304

[1 occurrence(s)]
DEBUG --> [REQ_ID=367aed591653] [REQUEST][END]

[1 occurrence(s)]
DEBUG --> [REQ_ID=e1cc6b33c402] [REQUEST][START] GET /index.php/Account/Notifications

[1 occurrence(s)]
DEBUG --> [REQ_ID=e1cc6b33c402] [FILTER_BEFORE] /index.php/Account/Notifications

[1 occurrence(s)]
DEBUG --> [REQ_ID=e1cc6b33c402] [ROUTE] Controller=\App\Modules\User\Controllers\DashboardController Method=notifications

[1 occurrence(s)]
DEBUG --> [REQ_ID=e1cc6b33c402] [LIFECYCLE][START] GET https://www.mymiwallet.com/index.php/Account/Notifications

[2 occurrence(s)]
DEBUG --> [CSRF] token name=csrf_test_name hash=8eaa3e136b27c0e959732397df696992

[1 occurrence(s)]
DEBUG --> [REQ_ID=e1cc6b33c402] [REQUEST][END]

[1 occurrence(s)]
DEBUG --> [REQ_ID=b1a237812abc] [REQUEST][START] GET /index.php/login

[1 occurrence(s)]
DEBUG --> [REQ_ID=b1a237812abc] [FILTER_BEFORE] /index.php/login

[1 occurrence(s)]
DEBUG --> [REQ_ID=b1a237812abc] [ROUTE] Controller=\App\Controllers\AuthController Method=login

[1 occurrence(s)]
DEBUG --> [REQ_ID=b1a237812abc] [LIFECYCLE][START] GET https://www.mymiwallet.com/index.php/login

[1 occurrence(s)]
DEBUG --> [REQ_ID=788e5473bece] [INIT] App\Controllers\AuthController::GET

[2 occurrence(s)]
DEBUG --> [AUTH_LOGIN_VIEW_REDIRECT_URL] /Account/Notifications

[1 occurrence(s)]
DEBUG --> [REQ_ID=b1a237812abc] [FILTER_AFTER]

[1 occurrence(s)]
DEBUG --> [REQ_ID=b1a237812abc] [LIFECYCLE][END] status=200 duration_ms=42.38 memory_delta=0

[1 occurrence(s)]
DEBUG --> [REQ_ID=b1a237812abc] [REQUEST][END]

[1 occurrence(s)]
DEBUG --> [REQ_ID=2fa501043802] [REQUEST][START] GET /index.php/Account/Notifications

[1 occurrence(s)]
DEBUG --> [REQ_ID=2fa501043802] [FILTER_BEFORE] /index.php/Account/Notifications

[1 occurrence(s)]
DEBUG --> [REQ_ID=2fa501043802] [ROUTE] Controller=\App\Modules\User\Controllers\DashboardController Method=notifications

[1 occurrence(s)]
DEBUG --> [REQ_ID=2fa501043802] [LIFECYCLE][START] GET https://www.mymiwallet.com/index.php/Account/Notifications

[2 occurrence(s)]
DEBUG --> [CSRF] token name=csrf_test_name hash=526d32ec18917aff9684f1306856f4b8

[1 occurrence(s)]
DEBUG --> [REQ_ID=2fa501043802] [REQUEST][END]

[1 occurrence(s)]
DEBUG --> [REQ_ID=1777ca030c18] [REQUEST][START] GET /index.php/login

[1 occurrence(s)]
DEBUG --> [REQ_ID=1777ca030c18] [FILTER_BEFORE] /index.php/login

[1 occurrence(s)]
DEBUG --> [REQ_ID=1777ca030c18] [ROUTE] Controller=\App\Controllers\AuthController Method=login

[1 occurrence(s)]
DEBUG --> [REQ_ID=1777ca030c18] [LIFECYCLE][START] GET https://www.mymiwallet.com/index.php/login

[1 occurrence(s)]
DEBUG --> [REQ_ID=e75c94aca6b7] [INIT] App\Controllers\AuthController::GET

[1 occurrence(s)]
DEBUG --> [REQ_ID=1777ca030c18] [FILTER_AFTER]

[1 occurrence(s)]
DEBUG --> [REQ_ID=1777ca030c18] [LIFECYCLE][END] status=200 duration_ms=213.10 memory_delta=0

[1 occurrence(s)]
DEBUG --> [REQ_ID=1777ca030c18] [REQUEST][END]

[1 occurrence(s)]
DEBUG --> [REQ_ID=352031985aad] [REQUEST][START] GET /index.php/Premium_Features/Brokerage-Integrations

[1 occurrence(s)]
DEBUG --> [REQ_ID=352031985aad] [REQUEST][END]

[1 occurrence(s)]
DEBUG --> [REQ_ID=35cbbcc0e1d7] [REQUEST][START] GET /Features/Brokerage-Integrations

[1 occurrence(s)]
DEBUG --> [REQ_ID=35cbbcc0e1d7] [FILTER_BEFORE] /Features/Brokerage-Integrations

[1 occurrence(s)]
DEBUG --> [REQ_ID=35cbbcc0e1d7] [ROUTE] Controller=\App\Modules\Advertise\Controllers\FeaturesController Method=BrokerageIntegrations

[1 occurrence(s)]
DEBUG --> [REQ_ID=35cbbcc0e1d7] [LIFECYCLE][START] GET https://www.mymiwallet.com/index.php/Features/Brokerage-Integrations

[2 occurrence(s)]
DEBUG --> [CSRF] token name=csrf_test_name hash=15b99cf1ddb8745ac6fca0585de1077b

[1 occurrence(s)]
DEBUG --> [REQ_ID=35cbbcc0e1d7] [REQUEST][END]

[1 occurrence(s)]
DEBUG --> [REQ_ID=b0039652437c] [REQUEST][START] GET /index.php/login

[1 occurrence(s)]
DEBUG --> [REQ_ID=b0039652437c] [FILTER_BEFORE] /index.php/login

[1 occurrence(s)]
DEBUG --> [REQ_ID=b0039652437c] [ROUTE] Controller=\App\Controllers\AuthController Method=login

[1 occurrence(s)]
DEBUG --> [REQ_ID=b0039652437c] [LIFECYCLE][START] GET https://www.mymiwallet.com/index.php/login

[1 occurrence(s)]
DEBUG --> [REQ_ID=c98365091c04] [INIT] App\Controllers\AuthController::GET

[1 occurrence(s)]
DEBUG --> [AUTH_LOGIN_VIEW_REDIRECT_URL] /Features/Brokerage-Integrations

[1 occurrence(s)]
DEBUG --> [REQ_ID=b0039652437c] [FILTER_AFTER]

[1 occurrence(s)]
DEBUG --> [REQ_ID=b0039652437c] [LIFECYCLE][END] status=200 duration_ms=205.14 memory_delta=2097152

[1 occurrence(s)]
DEBUG --> [REQ_ID=b0039652437c] [REQUEST][END]

[1 occurrence(s)]
DEBUG --> [REQ_ID=ead58405399d] [REQUEST][START] GET /index.php/API/Management/Run-CRON-Tasks

[1 occurrence(s)]
DEBUG --> [REQ_ID=ead58405399d] [FILTER_BEFORE] /index.php/API/Management/Run-CRON-Tasks

[1 occurrence(s)]
DEBUG --> [REQ_ID=ead58405399d] [ROUTE] Controller=\App\Modules\APIs\Controllers\ManagementAPIController Method=Run_CRON_Tasks

[1 occurrence(s)]
DEBUG --> [REQ_ID=ead58405399d] [LIFECYCLE][START] GET https://www.mymiwallet.com/index.php/API/Management/Run-CRON-Tasks

[1 occurrence(s)]
DEBUG --> [REQ_ID=ead58405399d] [REQUEST][END]

[1 occurrence(s)]
DEBUG --> [REQ_ID=1b0aa75001ea] [REQUEST][START] GET /

[1 occurrence(s)]
DEBUG --> [REQ_ID=1b0aa75001ea] [REQUEST][END]

[1 occurrence(s)]
DEBUG --> [REQ_ID=6b8d6a5139d9] [REQUEST][START] GET /index.php/API/Alerts/fetchEmailAlerts

[1 occurrence(s)]
DEBUG --> [REQ_ID=6b8d6a5139d9] [FILTER_BEFORE] /index.php/API/Alerts/fetchEmailAlerts

[1 occurrence(s)]
DEBUG --> [REQ_ID=6b8d6a5139d9] [ROUTE] Controller=\App\Modules\APIs\Controllers\AlertsAPIController Method=fetchEmailAlerts

[1 occurrence(s)]
DEBUG --> [REQ_ID=6b8d6a5139d9] [LIFECYCLE][START] GET https://www.mymiwallet.com/index.php/API/Alerts/fetchEmailAlerts

[1 occurrence(s)]
DEBUG --> [REQ_ID=6b8d6a5139d9] [REQUEST][END]

[1 occurrence(s)]
DEBUG --> [REQ_ID=46d97a3655b7] [REQUEST][START] GET /

[1 occurrence(s)]
DEBUG --> [REQ_ID=46d97a3655b7] [FILTER_BEFORE] /

[1 occurrence(s)]
DEBUG --> [REQ_ID=46d97a3655b7] [ROUTE] Controller=\App\Controllers\Home Method=index

[1 occurrence(s)]
DEBUG --> [REQ_ID=46d97a3655b7] [LIFECYCLE][START] GET https://www.mymiwallet.com/index.php/

[1 occurrence(s)]
DEBUG --> [CSRF] token name=csrf_test_name hash=0d298ef89b92722584324f556565dacd

[1 occurrence(s)]
DEBUG --> [REQ_ID=7a4c4a4ff978] [INIT] App\Controllers\Home::GET

[1 occurrence(s)]
DEBUG --> [REQ_ID=7a4c4a4ff978] [VIEW_RENDER] themes/public/home

[1 occurrence(s)]
DEBUG --> [REQ_ID=46d97a3655b7] [FILTER_AFTER]

[1 occurrence(s)]
DEBUG --> [REQ_ID=46d97a3655b7] [LIFECYCLE][END] status=200 duration_ms=757.08 memory_delta=4194304

[1 occurrence(s)]
DEBUG --> [REQ_ID=46d97a3655b7] [REQUEST][END]

[1 occurrence(s)]
DEBUG --> [REQ_ID=26bea6dc17e6] [REQUEST][START] GET /

[1 occurrence(s)]
DEBUG --> [REQ_ID=26bea6dc17e6] [FILTER_BEFORE] /

[1 occurrence(s)]
DEBUG --> [REQ_ID=26bea6dc17e6] [ROUTE] Controller=\App\Controllers\Home Method=index

[1 occurrence(s)]
DEBUG --> [REQ_ID=26bea6dc17e6] [LIFECYCLE][START] GET https://www.mymiwallet.com/index.php/

[1 occurrence(s)]
DEBUG --> [CSRF] token name=csrf_test_name hash=d7b40e6cb5db0f4c8b721cc2eae4f157

[1 occurrence(s)]
DEBUG --> [REQ_ID=d2a3b9ac0390] [INIT] App\Controllers\Home::GET

[1 occurrence(s)]
DEBUG --> [REQ_ID=d2a3b9ac0390] [VIEW_RENDER] themes/public/home

[1 occurrence(s)]
DEBUG --> [REQ_ID=26bea6dc17e6] [FILTER_AFTER]

[1 occurrence(s)]
DEBUG --> [REQ_ID=26bea6dc17e6] [LIFECYCLE][END] status=200 duration_ms=572.98 memory_delta=4194304

[1 occurrence(s)]
DEBUG --> [REQ_ID=26bea6dc17e6] [REQUEST][END]

[1 occurrence(s)]
DEBUG --> [REQ_ID=8e7d7dc7df64] [REQUEST][START] GET /index.php/Investments/Reports

[1 occurrence(s)]
DEBUG --> [REQ_ID=8e7d7dc7df64] [REQUEST][END]

[1 occurrence(s)]
DEBUG --> [REQ_ID=94fe6781eaca] [REQUEST][START] GET /Investments/Trade-Tracker

[1 occurrence(s)]
DEBUG --> [REQ_ID=94fe6781eaca] [REQUEST][END]

[1 occurrence(s)]
DEBUG --> [REQ_ID=2f9532b70d41] [REQUEST][START] GET /index.php/Management/Exchange

[1 occurrence(s)]
DEBUG --> [REQ_ID=2f9532b70d41] [FILTER_BEFORE] /index.php/Management/Exchange

[1 occurrence(s)]
DEBUG --> [REQ_ID=2f9532b70d41] [ROUTE] Controller=\App\Modules\Management\Controllers\ExchangeAdminController Method=index

[1 occurrence(s)]
DEBUG --> [REQ_ID=2f9532b70d41] [LIFECYCLE][START] GET https://www.mymiwallet.com/index.php/Management/Exchange

[2 occurrence(s)]
DEBUG --> [CSRF] token name=csrf_test_name hash=7a6ed1807de418ae8d886a3bbb72f714

[1 occurrence(s)]
DEBUG --> [REQ_ID=2f9532b70d41] [REQUEST][END]

[1 occurrence(s)]
DEBUG --> [REQ_ID=ecb51dcb5b1f] [REQUEST][START] GET /index.php/login

[1 occurrence(s)]
DEBUG --> [REQ_ID=ecb51dcb5b1f] [FILTER_BEFORE] /index.php/login

[1 occurrence(s)]
DEBUG --> [REQ_ID=ecb51dcb5b1f] [ROUTE] Controller=\App\Controllers\AuthController Method=login

[1 occurrence(s)]
DEBUG --> [REQ_ID=ecb51dcb5b1f] [LIFECYCLE][START] GET https://www.mymiwallet.com/index.php/login

[1 occurrence(s)]
DEBUG --> [REQ_ID=cafd9e7a76c6] [INIT] App\Controllers\AuthController::GET

[2 occurrence(s)]
DEBUG --> [AUTH_LOGIN_VIEW_REDIRECT_URL] /Management/Exchange

[1 occurrence(s)]
DEBUG --> [REQ_ID=ecb51dcb5b1f] [FILTER_AFTER]

[1 occurrence(s)]
DEBUG --> [REQ_ID=ecb51dcb5b1f] [LIFECYCLE][END] status=200 duration_ms=64.66 memory_delta=0

[1 occurrence(s)]
DEBUG --> [REQ_ID=ecb51dcb5b1f] [REQUEST][END]

[1 occurrence(s)]
DEBUG --> [REQ_ID=db6c05cfe7be] [REQUEST][START] GET /index.php/Budget/Financial-Advisors

[1 occurrence(s)]
DEBUG --> [REQ_ID=db6c05cfe7be] [REQUEST][END]

[1 occurrence(s)]
DEBUG --> [REQ_ID=fd96afc7c693] [REQUEST][START] GET /Advisor

[1 occurrence(s)]
DEBUG --> [REQ_ID=fd96afc7c693] [FILTER_BEFORE] /Advisor

[1 occurrence(s)]
DEBUG --> [REQ_ID=fd96afc7c693] [ROUTE] Controller=\App\Controllers\AdvisorController Method=index

[1 occurrence(s)]
DEBUG --> [REQ_ID=fd96afc7c693] [LIFECYCLE][START] GET https://www.mymiwallet.com/index.php/Advisor

[2 occurrence(s)]
DEBUG --> [CSRF] token name=csrf_test_name hash=620d18fca8b1f5be9878de47cd62e691

[1 occurrence(s)]
DEBUG --> [REQ_ID=fd96afc7c693] [REQUEST][END]

[1 occurrence(s)]
DEBUG --> [REQ_ID=4c53c774ef0d] [REQUEST][START] GET /index.php/login

[1 occurrence(s)]
DEBUG --> [REQ_ID=4c53c774ef0d] [FILTER_BEFORE] /index.php/login

[1 occurrence(s)]
DEBUG --> [REQ_ID=4c53c774ef0d] [ROUTE] Controller=\App\Controllers\AuthController Method=login

[1 occurrence(s)]
DEBUG --> [REQ_ID=4c53c774ef0d] [LIFECYCLE][START] GET https://www.mymiwallet.com/index.php/login

[1 occurrence(s)]
DEBUG --> [REQ_ID=c970327eec1f] [INIT] App\Controllers\AuthController::GET

[2 occurrence(s)]
DEBUG --> [AUTH_LOGIN_VIEW_REDIRECT_URL] /Advisor

[1 occurrence(s)]
DEBUG --> [REQ_ID=4c53c774ef0d] [FILTER_AFTER]

[1 occurrence(s)]
DEBUG --> [REQ_ID=4c53c774ef0d] [LIFECYCLE][END] status=200 duration_ms=125.34 memory_delta=0

[1 occurrence(s)]
DEBUG --> [REQ_ID=4c53c774ef0d] [REQUEST][END]

[1 occurrence(s)]
DEBUG --> [REQ_ID=fca6e1c4db00] [REQUEST][START] GET /index.php/Free/register

[1 occurrence(s)]
DEBUG --> [REQ_ID=fca6e1c4db00] [REQUEST][END]

[1 occurrence(s)]
DEBUG --> [REQ_ID=cbd4c0a013a2] [REQUEST][START] GET /index.php/Management/Exchange

[1 occurrence(s)]
DEBUG --> [REQ_ID=cbd4c0a013a2] [FILTER_BEFORE] /index.php/Management/Exchange

[1 occurrence(s)]
DEBUG --> [REQ_ID=cbd4c0a013a2] [ROUTE] Controller=\App\Modules\Management\Controllers\ExchangeAdminController Method=index

[1 occurrence(s)]
DEBUG --> [REQ_ID=cbd4c0a013a2] [LIFECYCLE][START] GET https://www.mymiwallet.com/index.php/Management/Exchange

[2 occurrence(s)]
DEBUG --> [CSRF] token name=csrf_test_name hash=c3a6c73461e78a3f895e4827696fce24

[1 occurrence(s)]
DEBUG --> [REQ_ID=cbd4c0a013a2] [REQUEST][END]

[1 occurrence(s)]
DEBUG --> [REQ_ID=5633840d7571] [REQUEST][START] GET /index.php/login

[1 occurrence(s)]
DEBUG --> [REQ_ID=5633840d7571] [FILTER_BEFORE] /index.php/login

[1 occurrence(s)]
DEBUG --> [REQ_ID=5633840d7571] [ROUTE] Controller=\App\Controllers\AuthController Method=login

[1 occurrence(s)]
DEBUG --> [REQ_ID=5633840d7571] [LIFECYCLE][START] GET https://www.mymiwallet.com/index.php/login

[1 occurrence(s)]
DEBUG --> [REQ_ID=b9f7dab75140] [INIT] App\Controllers\AuthController::GET

[1 occurrence(s)]
DEBUG --> [REQ_ID=5633840d7571] [FILTER_AFTER]

[1 occurrence(s)]
DEBUG --> [REQ_ID=5633840d7571] [LIFECYCLE][END] status=200 duration_ms=41.76 memory_delta=0

[1 occurrence(s)]
DEBUG --> [REQ_ID=5633840d7571] [REQUEST][END]

[1 occurrence(s)]
DEBUG --> [REQ_ID=22adc0b084d4] [REQUEST][START] GET /index.php/Budget/Financial-Advisors

[1 occurrence(s)]
DEBUG --> [REQ_ID=22adc0b084d4] [REQUEST][END]

[1 occurrence(s)]
DEBUG --> [REQ_ID=599e1aaf7754] [REQUEST][START] GET /Advisor

[1 occurrence(s)]
DEBUG --> [REQ_ID=599e1aaf7754] [FILTER_BEFORE] /Advisor

[1 occurrence(s)]
DEBUG --> [REQ_ID=599e1aaf7754] [ROUTE] Controller=\App\Controllers\AdvisorController Method=index

[1 occurrence(s)]
DEBUG --> [REQ_ID=599e1aaf7754] [LIFECYCLE][START] GET https://www.mymiwallet.com/index.php/Advisor

[2 occurrence(s)]
DEBUG --> [CSRF] token name=csrf_test_name hash=fd57c6f2d35743ffef029bdee2a88faf

[1 occurrence(s)]
DEBUG --> [REQ_ID=599e1aaf7754] [REQUEST][END]

[1 occurrence(s)]
DEBUG --> [REQ_ID=b2a0f3cb60b7] [REQUEST][START] GET /index.php/login

[1 occurrence(s)]
DEBUG --> [REQ_ID=b2a0f3cb60b7] [FILTER_BEFORE] /index.php/login

[1 occurrence(s)]
DEBUG --> [REQ_ID=b2a0f3cb60b7] [ROUTE] Controller=\App\Controllers\AuthController Method=login

[1 occurrence(s)]
DEBUG --> [REQ_ID=b2a0f3cb60b7] [LIFECYCLE][START] GET https://www.mymiwallet.com/index.php/login

[1 occurrence(s)]
DEBUG --> [REQ_ID=4c35446a9b69] [INIT] App\Controllers\AuthController::GET

[1 occurrence(s)]
DEBUG --> [REQ_ID=b2a0f3cb60b7] [FILTER_AFTER]

[1 occurrence(s)]
DEBUG --> [REQ_ID=b2a0f3cb60b7] [LIFECYCLE][END] status=200 duration_ms=157.40 memory_delta=0

[1 occurrence(s)]
DEBUG --> [REQ_ID=b2a0f3cb60b7] [REQUEST][END]

[1 occurrence(s)]
DEBUG --> [REQ_ID=e7bd6f17c67b] [REQUEST][START] GET /index.php/Support/Account

[1 occurrence(s)]
DEBUG --> [REQ_ID=e7bd6f17c67b] [FILTER_BEFORE] /index.php/Support/Account

[1 occurrence(s)]
DEBUG --> [REQ_ID=e7bd6f17c67b] [ROUTE] Controller=\App\Modules\Support\Controllers\AccountSupportController Method=index

[1 occurrence(s)]
DEBUG --> [REQ_ID=e7bd6f17c67b] [LIFECYCLE][START] GET https://www.mymiwallet.com/index.php/Support/Account

[1 occurrence(s)]
DEBUG --> [CSRF] token name=csrf_test_name hash=c1ed2eb72c9cc8757e188bf31f3eff9c

[1 occurrence(s)]
DEBUG --> [REQ_ID=e822f6d71278] [INIT] App\Modules\Support\Controllers\AccountSupportController::GET

[1 occurrence(s)]
DEBUG --> [REQ_ID=e822f6d71278] [METHOD_ENTRY] index

[1 occurrence(s)]
DEBUG --> [REQ_ID=e822f6d71278] [VIEW_RENDER] SupportModule/Support/account_help

[1 occurrence(s)]
DEBUG --> [REQ_ID=e7bd6f17c67b] [FILTER_AFTER]

[1 occurrence(s)]
DEBUG --> [REQ_ID=e7bd6f17c67b] [LIFECYCLE][END] status=200 duration_ms=131.79 memory_delta=2097152

[1 occurrence(s)]
DEBUG --> [REQ_ID=e7bd6f17c67b] [REQUEST][END]

[1 occurrence(s)]
DEBUG --> [REQ_ID=7f364de48bf5] [REQUEST][START] HEAD /public_html.zip

[1 occurrence(s)]
DEBUG --> [REQ_ID=7f364de48bf5] [REQUEST][END]

[1 occurrence(s)]
DEBUG --> [REQ_ID=af4f0cba97c3] [REQUEST][START] GET /.well-known/tdmrep.json

[1 occurrence(s)]
DEBUG --> [REQ_ID=af4f0cba97c3] [REQUEST][END]

[1 occurrence(s)]
DEBUG --> [REQ_ID=660cd3b4a409] [REQUEST][START] GET /index.php/API/Management/Run-CRON-Tasks

[1 occurrence(s)]
DEBUG --> [REQ_ID=660cd3b4a409] [FILTER_BEFORE] /index.php/API/Management/Run-CRON-Tasks

[1 occurrence(s)]
DEBUG --> [REQ_ID=660cd3b4a409] [ROUTE] Controller=\App\Modules\APIs\Controllers\ManagementAPIController Method=Run_CRON_Tasks

[1 occurrence(s)]
DEBUG --> [REQ_ID=660cd3b4a409] [LIFECYCLE][START] GET https://www.mymiwallet.com/index.php/API/Management/Run-CRON-Tasks

[1 occurrence(s)]
DEBUG --> [REQ_ID=660cd3b4a409] [REQUEST][END]


---------------------------
LEVEL: INFO
---------------------------

[1 occurrence(s)]
INFO --> [REQ_ID=dca0bd432871] [PERF] Execution time=0.088510

[1 occurrence(s)]
INFO --> [REQ_ID=44f6eba5c2bc] [PERF] Execution time=0.046883

[1 occurrence(s)]
INFO --> [REQ_ID=9b74a9084b08] [MEMORY][controller-start] 4194304

[33 occurrence(s)]
INFO --> [AUTH_VIEW] Rendering login view

[1 occurrence(s)]
INFO --> [REQ_ID=9b74a9084b08] [PERF] Execution time=0.136169

[1 occurrence(s)]
INFO --> [REQ_ID=0667a28203a2] [PERF] Execution time=0.155400

[1 occurrence(s)]
INFO --> [REQ_ID=be25720c1140] [PERF] Execution time=0.098111

[1 occurrence(s)]
INFO --> [REQ_ID=a04f646b449a] [PERF] Execution time=0.012617

[1 occurrence(s)]
INFO --> [REQ_ID=edd64198d9e9] [PERF] Execution time=0.013331

[1 occurrence(s)]
INFO --> [REQ_ID=894e99df1893] [PERF] Execution time=0.021198

[1 occurrence(s)]
INFO --> [REQ_ID=910406ae6474] [PERF] Execution time=0.015132

[1 occurrence(s)]
INFO --> [REQ_ID=6d5a3c1ac8ca] [PERF] Execution time=0.013711

[1 occurrence(s)]
INFO --> [REQ_ID=7b3b3613d4e6] [PERF] Execution time=0.014823

[1 occurrence(s)]
INFO --> [REQ_ID=87b400b63552] [PERF] Execution time=0.019359

[1 occurrence(s)]
INFO --> [REQ_ID=3bb3484c1453] [PERF] Execution time=0.015955

[1 occurrence(s)]
INFO --> [REQ_ID=bc17fa8a3922] [PERF] Execution time=0.016825

[1 occurrence(s)]
INFO --> [REQ_ID=446e5530b321] [PERF] Execution time=0.018497

[1 occurrence(s)]
INFO --> [REQ_ID=42e977f98f1c] [PERF] Execution time=0.016480

[1 occurrence(s)]
INFO --> [REQ_ID=eeaf23803110] [PERF] Execution time=0.018080

[1 occurrence(s)]
INFO --> [REQ_ID=81b7a7b2c159] [PERF] Execution time=0.016195

[1 occurrence(s)]
INFO --> [REQ_ID=9bbb6df5233f] [PERF] Execution time=0.015011

[1 occurrence(s)]
INFO --> [REQ_ID=d9583d1a5f01] [PERF] Execution time=0.014103

[1 occurrence(s)]
INFO --> [REQ_ID=4e15e24b7fc7] [PERF] Execution time=0.016539

[1 occurrence(s)]
INFO --> [REQ_ID=cfd91f521c60] [PERF] Execution time=0.013936

[1 occurrence(s)]
INFO --> [REQ_ID=9e15402442fa] [PERF] Execution time=0.012918

[1 occurrence(s)]
INFO --> [REQ_ID=6eeed5cc0591] [PERF] Execution time=0.017052

[1 occurrence(s)]
INFO --> [REQ_ID=ff7f5a6697bb] [PERF] Execution time=0.015484

[1 occurrence(s)]
INFO --> [REQ_ID=7e65fe988804] [PERF] Execution time=0.014070

[1 occurrence(s)]
INFO --> [REQ_ID=ab8c15aa2074] [PERF] Execution time=0.016454

[1 occurrence(s)]
INFO --> [REQ_ID=0b593a8fd169] [PERF] Execution time=0.031615

[1 occurrence(s)]
INFO --> [REQ_ID=91a048101c4d] [PERF] Execution time=0.015339

[1 occurrence(s)]
INFO --> [REQ_ID=2cd2b0330aae] [PERF] Execution time=0.014308

[1 occurrence(s)]
INFO --> [REQ_ID=ad754d821118] [PERF] Execution time=0.022158

[1 occurrence(s)]
INFO --> [REQ_ID=7f3884eaeda0] [PERF] Execution time=0.013597

[1 occurrence(s)]
INFO --> [REQ_ID=d234ab11f839] [PERF] Execution time=0.014076

[1 occurrence(s)]
INFO --> [REQ_ID=99068616c55b] [PERF] Execution time=0.013153

[1 occurrence(s)]
INFO --> [REQ_ID=d4229d9cef7c] [PERF] Execution time=0.017725

[1 occurrence(s)]
INFO --> [REQ_ID=8992f20b8e7c] [PERF] Execution time=0.013374

[1 occurrence(s)]
INFO --> [REQ_ID=28a293f95cb6] [PERF] Execution time=0.012931

[1 occurrence(s)]
INFO --> [REQ_ID=30739df103e8] [PERF] Execution time=0.012654

[1 occurrence(s)]
INFO --> [REQ_ID=d1bc33a50f3f] [PERF] Execution time=0.014257

[1 occurrence(s)]
INFO --> [REQ_ID=932881a5030f] [PERF] Execution time=0.012756

[1 occurrence(s)]
INFO --> [REQ_ID=e0748421ec36] [PERF] Execution time=0.016622

[1 occurrence(s)]
INFO --> [REQ_ID=7ddd29421c63] [PERF] Execution time=0.019237

[1 occurrence(s)]
INFO --> [REQ_ID=62f7e3b0bb5b] [PERF] Execution time=0.017650

[1 occurrence(s)]
INFO --> [REQ_ID=51a95255ce5a] [PERF] Execution time=0.018563

[1 occurrence(s)]
INFO --> [REQ_ID=6ee947ae236d] [PERF] Execution time=0.019274

[1 occurrence(s)]
INFO --> [REQ_ID=95c81c6d6dfa] [PERF] Execution time=0.014168

[1 occurrence(s)]
INFO --> [REQ_ID=b13819b27f77] [PERF] Execution time=0.012371

[1 occurrence(s)]
INFO --> [REQ_ID=05ae20554366] [PERF] Execution time=0.016291

[1 occurrence(s)]
INFO --> [REQ_ID=5d0eb7470e0a] [PERF] Execution time=0.015496

[1 occurrence(s)]
INFO --> [REQ_ID=5f6dc5f325c2] [PERF] Execution time=0.014196

[1 occurrence(s)]
INFO --> [REQ_ID=f09aeaa9c7b2] [PERF] Execution time=0.015704

[1 occurrence(s)]
INFO --> [REQ_ID=4b3d814927cb] [PERF] Execution time=0.016663

[1 occurrence(s)]
INFO --> [REQ_ID=fa319b1b9324] [PERF] Execution time=0.015057

[1 occurrence(s)]
INFO --> [REQ_ID=92a45dc962e0] [PERF] Execution time=0.031393

[1 occurrence(s)]
INFO --> [REQ_ID=337e7ebd1be1] [PERF] Execution time=0.015492

[1 occurrence(s)]
INFO --> [REQ_ID=d2f5c7adcb27] [PERF] Execution time=0.014106

[1 occurrence(s)]
INFO --> [REQ_ID=d87fa1f27230] [PERF] Execution time=0.017251

[1 occurrence(s)]
INFO --> [REQ_ID=9b069b3b7024] [PERF] Execution time=0.015274

[1 occurrence(s)]
INFO --> [REQ_ID=9ec0e85b374e] [PERF] Execution time=0.015529

[1 occurrence(s)]
INFO --> [REQ_ID=83b3b450fc69] [PERF] Execution time=0.012423

[1 occurrence(s)]
INFO --> [REQ_ID=08bf74e6fc0b] [PERF] Execution time=0.013764

[1 occurrence(s)]
INFO --> [REQ_ID=1a140a9e5ffe] [PERF] Execution time=0.013427

[1 occurrence(s)]
INFO --> [REQ_ID=e7da79172c3e] [PERF] Execution time=0.018537

[1 occurrence(s)]
INFO --> [REQ_ID=af4f2df69e7c] [PERF] Execution time=0.014524

[1 occurrence(s)]
INFO --> [REQ_ID=db4e42599f88] [PERF] Execution time=0.015990

[1 occurrence(s)]
INFO --> [REQ_ID=03829f5ba2b5] [PERF] Execution time=0.013856

[1 occurrence(s)]
INFO --> [REQ_ID=38c64a5df61e] [PERF] Execution time=0.014452

[1 occurrence(s)]
INFO --> [REQ_ID=c28f2ffa4265] [PERF] Execution time=0.014856

[1 occurrence(s)]
INFO --> [REQ_ID=5a6aa0efcb80] [PERF] Execution time=0.015726

[1 occurrence(s)]
INFO --> [REQ_ID=aa4b29a232dd] [PERF] Execution time=0.013566

[1 occurrence(s)]
INFO --> [REQ_ID=4cb04d94b5e5] [PERF] Execution time=0.013696

[1 occurrence(s)]
INFO --> [REQ_ID=712ef38ba9e2] [PERF] Execution time=0.024311

[1 occurrence(s)]
INFO --> [REQ_ID=491b11fe01d9] [PERF] Execution time=0.013241

[1 occurrence(s)]
INFO --> [REQ_ID=4fa069d68eae] [PERF] Execution time=0.014328

[1 occurrence(s)]
INFO --> [REQ_ID=32a84dae361c] [PERF] Execution time=0.015003

[1 occurrence(s)]
INFO --> [REQ_ID=f64fea6c6303] [PERF] Execution time=0.018017

[1 occurrence(s)]
INFO --> [REQ_ID=212b48f975c0] [PERF] Execution time=0.016767

[1 occurrence(s)]
INFO --> [REQ_ID=bf15987398db] [PERF] Execution time=0.031557

[1 occurrence(s)]
INFO --> [REQ_ID=6cb6fb004d08] [PERF] Execution time=0.016030

[1 occurrence(s)]
INFO --> [REQ_ID=d64a2e59867a] [PERF] Execution time=0.013533

[1 occurrence(s)]
INFO --> [REQ_ID=9ba677329a5f] [PERF] Execution time=0.012853

[1 occurrence(s)]
INFO --> [REQ_ID=e8b988186888] [PERF] Execution time=0.016925

[1 occurrence(s)]
INFO --> [REQ_ID=1af27cb469c2] [PERF] Execution time=0.013754

[1 occurrence(s)]
INFO --> [REQ_ID=f849be2fd4b2] [PERF] Execution time=0.013088

[1 occurrence(s)]
INFO --> [REQ_ID=4801f2e5db69] [PERF] Execution time=0.014574

[1 occurrence(s)]
INFO --> [REQ_ID=b357dd5b784b] [PERF] Execution time=0.013689

[1 occurrence(s)]
INFO --> [REQ_ID=a68d5a755b1d] [PERF] Execution time=0.013670

[1 occurrence(s)]
INFO --> [REQ_ID=dbbd24066333] [PERF] Execution time=0.015134

[1 occurrence(s)]
INFO --> [REQ_ID=9d453f1c548b] [PERF] Execution time=0.016844

[1 occurrence(s)]
INFO --> [REQ_ID=3b085f546065] [PERF] Execution time=0.015259

[1 occurrence(s)]
INFO --> [REQ_ID=2ffd8dadbd88] [PERF] Execution time=0.019580

[1 occurrence(s)]
INFO --> [REQ_ID=9f68c24aa7e6] [PERF] Execution time=0.016077

[1 occurrence(s)]
INFO --> [REQ_ID=9688b343f93b] [PERF] Execution time=0.019559

[1 occurrence(s)]
INFO --> [REQ_ID=009b844dc7ef] [PERF] Execution time=0.012311

[1 occurrence(s)]
INFO --> [REQ_ID=d51119fbd34a] [PERF] Execution time=0.014989

[1 occurrence(s)]
INFO --> [REQ_ID=081889b6f723] [PERF] Execution time=0.014242

[1 occurrence(s)]
INFO --> [REQ_ID=79798e3061d2] [PERF] Execution time=0.014033

[1 occurrence(s)]
INFO --> [REQ_ID=4cb5a8f9e30d] [PERF] Execution time=0.014407

[1 occurrence(s)]
INFO --> [REQ_ID=a7bb7c6dc3c2] [PERF] Execution time=0.013736

[1 occurrence(s)]
INFO --> [REQ_ID=d72f4ab1e561] [PERF] Execution time=0.016935

[1 occurrence(s)]
INFO --> [REQ_ID=3f62b912a81a] [PERF] Execution time=0.015031

[1 occurrence(s)]
INFO --> [REQ_ID=281880502a0a] [PERF] Execution time=0.027324

[1 occurrence(s)]
INFO --> [REQ_ID=dde4d53719de] [PERF] Execution time=0.013798

[1 occurrence(s)]
INFO --> [REQ_ID=3ff519f7c08e] [PERF] Execution time=0.014409

[1 occurrence(s)]
INFO --> [REQ_ID=3bc3020f8353] [PERF] Execution time=0.014219

[1 occurrence(s)]
INFO --> [REQ_ID=e08234e28be0] [PERF] Execution time=0.015971

[1 occurrence(s)]
INFO --> [REQ_ID=14f7b49a0403] [PERF] Execution time=0.014561

[1 occurrence(s)]
INFO --> [REQ_ID=f3e2935b7164] [PERF] Execution time=0.012899

[1 occurrence(s)]
INFO --> [REQ_ID=0e2b1fb11383] [PERF] Execution time=0.013644

[1 occurrence(s)]
INFO --> [REQ_ID=295b80932497] [PERF] Execution time=0.019349

[1 occurrence(s)]
INFO --> [REQ_ID=f7f15b90b57b] [PERF] Execution time=0.020428

[1 occurrence(s)]
INFO --> [REQ_ID=cbd289a07a54] [PERF] Execution time=0.016320

[1 occurrence(s)]
INFO --> [REQ_ID=c8bdf2398f70] [PERF] Execution time=0.014712

[1 occurrence(s)]
INFO --> [REQ_ID=80a2241b4e69] [PERF] Execution time=0.016525

[1 occurrence(s)]
INFO --> [REQ_ID=09c36ddb5625] [PERF] Execution time=0.014653

[1 occurrence(s)]
INFO --> [REQ_ID=21d8f7d74452] [PERF] Execution time=0.014260

[1 occurrence(s)]
INFO --> [REQ_ID=67c1b8b2db38] [PERF] Execution time=0.017279

[1 occurrence(s)]
INFO --> [REQ_ID=94da1b08558c] [PERF] Execution time=0.015986

[1 occurrence(s)]
INFO --> [REQ_ID=e6447c0cf19a] [PERF] Execution time=0.013916

[1 occurrence(s)]
INFO --> [REQ_ID=22b84b5a52c7] [PERF] Execution time=0.015711

[1 occurrence(s)]
INFO --> [REQ_ID=ab2d57c10379] [PERF] Execution time=0.013624

[1 occurrence(s)]
INFO --> [REQ_ID=6b785b7a2070] [PERF] Execution time=0.014675

[1 occurrence(s)]
INFO --> [REQ_ID=140f58374980] [PERF] Execution time=0.022543

[1 occurrence(s)]
INFO --> [REQ_ID=8e47b20e708f] [PERF] Execution time=0.027463

[1 occurrence(s)]
INFO --> [REQ_ID=c08d7803c41a] [PERF] Execution time=0.015234

[1 occurrence(s)]
INFO --> [REQ_ID=85f32d68df81] [PERF] Execution time=0.017053

[1 occurrence(s)]
INFO --> [REQ_ID=58d9ba5f808f] [PERF] Execution time=0.018580

[1 occurrence(s)]
INFO --> [REQ_ID=486478c736f5] [PERF] Execution time=0.015480

[1 occurrence(s)]
INFO --> [REQ_ID=6bc82a04fea9] [PERF] Execution time=0.014676

[1 occurrence(s)]
INFO --> [REQ_ID=9f306dd90786] [PERF] Execution time=0.013229

[1 occurrence(s)]
INFO --> [REQ_ID=faf22ee9ecc9] [PERF] Execution time=0.013847

[1 occurrence(s)]
INFO --> [REQ_ID=8e8e4b22da54] [PERF] Execution time=0.018347

[1 occurrence(s)]
INFO --> [REQ_ID=551bffbf7379] [PERF] Execution time=0.014655

[1 occurrence(s)]
INFO --> [REQ_ID=c15d247cd00b] [PERF] Execution time=0.017111

[1 occurrence(s)]
INFO --> [REQ_ID=4f4d98427f88] [PERF] Execution time=0.014805

[1 occurrence(s)]
INFO --> [REQ_ID=be3ff6455cdd] [PERF] Execution time=0.016854

[1 occurrence(s)]
INFO --> [REQ_ID=f70d6f32271a] [PERF] Execution time=0.013006

[1 occurrence(s)]
INFO --> [REQ_ID=458b19162b46] [PERF] Execution time=0.015786

[1 occurrence(s)]
INFO --> [REQ_ID=5d85b50f9d47] [PERF] Execution time=0.013750

[1 occurrence(s)]
INFO --> [REQ_ID=605e8a01608f] [PERF] Execution time=0.012603

[1 occurrence(s)]
INFO --> [REQ_ID=96186f17f15d] [PERF] Execution time=0.021218

[1 occurrence(s)]
INFO --> [REQ_ID=52d9c05584b8] [PERF] Execution time=0.014321

[1 occurrence(s)]
INFO --> [REQ_ID=6de42883dc21] [PERF] Execution time=0.022471

[1 occurrence(s)]
INFO --> [REQ_ID=a178ad62cb13] [PERF] Execution time=0.012308

[1 occurrence(s)]
INFO --> [REQ_ID=d98dcf5c500f] [PERF] Execution time=0.016203

[1 occurrence(s)]
INFO --> [REQ_ID=29fbae614cbb] [PERF] Execution time=0.015767

[1 occurrence(s)]
INFO --> [REQ_ID=540f46cc71fd] [PERF] Execution time=0.038254

[1 occurrence(s)]
INFO --> [REQ_ID=04432bbf28e1] [PERF] Execution time=0.015615

[1 occurrence(s)]
INFO --> [REQ_ID=50acf824ab5f] [PERF] Execution time=0.013882

[1 occurrence(s)]
INFO --> [REQ_ID=b11524bdae8d] [PERF] Execution time=0.012647

[1 occurrence(s)]
INFO --> [REQ_ID=c7cdedf0684b] [PERF] Execution time=0.015753

[1 occurrence(s)]
INFO --> [REQ_ID=cb20aebcb4d9] [PERF] Execution time=0.021101

[1 occurrence(s)]
INFO --> [REQ_ID=d17df7516308] [PERF] Execution time=0.015174

[1 occurrence(s)]
INFO --> [REQ_ID=6991ceabac15] [PERF] Execution time=0.013772

[1 occurrence(s)]
INFO --> [REQ_ID=4c43f91b8a70] [PERF] Execution time=0.012402

[1 occurrence(s)]
INFO --> [REQ_ID=1bf086bd8a14] [PERF] Execution time=0.013362

[1 occurrence(s)]
INFO --> [REQ_ID=080ac901e36c] [PERF] Execution time=0.014727

[1 occurrence(s)]
INFO --> [REQ_ID=7471da511ff7] [PERF] Execution time=0.014207

[1 occurrence(s)]
INFO --> [REQ_ID=092af73115bc] [PERF] Execution time=0.016717

[1 occurrence(s)]
INFO --> [REQ_ID=23cdd140c618] [PERF] Execution time=0.012911

[1 occurrence(s)]
INFO --> [REQ_ID=575e6c278e1e] [PERF] Execution time=0.014379

[1 occurrence(s)]
INFO --> [REQ_ID=156bb6a8c584] [PERF] Execution time=0.015487

[1 occurrence(s)]
INFO --> [REQ_ID=c76673471db9] [PERF] Execution time=0.015621

[1 occurrence(s)]
INFO --> [REQ_ID=75f93b5c705d] [PERF] Execution time=0.016179

[1 occurrence(s)]
INFO --> [REQ_ID=08cbb323c389] [PERF] Execution time=0.017546

[1 occurrence(s)]
INFO --> [REQ_ID=acf7a79ab302] [PERF] Execution time=0.023469

[1 occurrence(s)]
INFO --> [REQ_ID=106aa789d42e] [MEMORY][controller-start] 6291456

[1 occurrence(s)]
INFO --> [REQ_ID=106aa789d42e] [MEMORY][commonData:start] 8388608

[1 occurrence(s)]
INFO --> [PERF][HOME] buildCommonData complete in 527.97ms

[1 occurrence(s)]
INFO --> [PERF][HOME] index commonData done in 528.39ms

[1 occurrence(s)]
INFO --> [REQ_ID=106aa789d42e] [MEMORY][commonData:start] 10485760

[9 occurrence(s)]
INFO --> themesMemory usage: 10485760

[1 occurrence(s)]
INFO --> [PERF][HOME] index renderTheme done in 19.88ms

[1 occurrence(s)]
INFO --> [REQ_ID=106aa789d42e] [PERF] Execution time=0.627217

[1 occurrence(s)]
INFO --> [REQ_ID=88e18b2fa1b7] [PERF] Execution time=0.677215

[1 occurrence(s)]
INFO --> [REQ_ID=a0d4e3912a3b] [PERF] Execution time=0.107056

[1 occurrence(s)]
INFO --> [REQ_ID=7b4723f06e49] [MEMORY][controller-start] 6291456

[1 occurrence(s)]
INFO --> [REQ_ID=7b4723f06e49] [MEMORY][commonData:start] 8388608

[1 occurrence(s)]
INFO --> [PERF][HOME] buildCommonData complete in 546.82ms

[1 occurrence(s)]
INFO --> [PERF][HOME] index commonData done in 547.35ms

[1 occurrence(s)]
INFO --> [REQ_ID=7b4723f06e49] [MEMORY][commonData:start] 10485760

[1 occurrence(s)]
INFO --> [PERF][HOME] index renderTheme done in 7.58ms

[1 occurrence(s)]
INFO --> [REQ_ID=7b4723f06e49] [PERF] Execution time=0.752351

[1 occurrence(s)]
INFO --> [REQ_ID=c7b0d68956cf] [PERF] Execution time=0.802906

[1 occurrence(s)]
INFO --> [REQ_ID=2c7b6534355e] [PERF] Execution time=0.037563

[1 occurrence(s)]
INFO --> [REQ_ID=c50bcc36c9f6] [PERF] Execution time=0.008801

[1 occurrence(s)]
INFO --> [REQ_ID=07e118fb4c8e] [PERF] Execution time=0.035377

[1 occurrence(s)]
INFO --> [REQ_ID=91258d71d193] [PERF] Execution time=0.055221

[1 occurrence(s)]
INFO --> [REQ_ID=4a096a97fdc2] [MEMORY][controller-start] 6291456

[1 occurrence(s)]
INFO --> [REQ_ID=4a096a97fdc2] [MEMORY][commonData:start] 8388608

[1 occurrence(s)]
INFO --> [PERF][HOME] buildCommonData complete in 588.33ms

[1 occurrence(s)]
INFO --> [PERF][HOME] index commonData done in 588.93ms

[1 occurrence(s)]
INFO --> [REQ_ID=4a096a97fdc2] [MEMORY][commonData:start] 10485760

[1 occurrence(s)]
INFO --> [PERF][HOME] index renderTheme done in 7.27ms

[1 occurrence(s)]
INFO --> [REQ_ID=4a096a97fdc2] [PERF] Execution time=0.775553

[1 occurrence(s)]
INFO --> [REQ_ID=76db21aeae9e] [PERF] Execution time=0.823171

[1 occurrence(s)]
INFO --> [REQ_ID=89fa8f1300e5] [PERF] Execution time=0.023427

[1 occurrence(s)]
INFO --> [REQ_ID=f38dfb0b4446] [MEMORY][controller-start] 4194304

[1 occurrence(s)]
INFO --> [REQ_ID=f38dfb0b4446] [MEMORY][commonData:start] 4194304

[1 occurrence(s)]
INFO --> [PERF][HOME] buildCommonData complete in 547.91ms

[1 occurrence(s)]
INFO --> [PERF][HOME] index commonData done in 548.5ms

[1 occurrence(s)]
INFO --> [REQ_ID=f38dfb0b4446] [MEMORY][commonData:start] 8388608

[8 occurrence(s)]
INFO --> themesMemory usage: 8388608

[1 occurrence(s)]
INFO --> [PERF][HOME] index renderTheme done in 4.38ms

[1 occurrence(s)]
INFO --> [REQ_ID=f38dfb0b4446] [PERF] Execution time=0.564414

[1 occurrence(s)]
INFO --> [REQ_ID=fc6845c81161] [PERF] Execution time=0.575666

[1 occurrence(s)]
INFO --> [REQ_ID=942b356288c1] [PERF] Execution time=0.128539

[1 occurrence(s)]
INFO --> [REQ_ID=62ae17d732b2] [MEMORY][controller-start] 4194304

[1 occurrence(s)]
INFO --> [REQ_ID=62ae17d732b2] [MEMORY][commonData:start] 6291456

[1 occurrence(s)]
INFO --> [PERF][HOME] buildCommonData complete in 569.64ms

[1 occurrence(s)]
INFO --> [PERF][HOME] index commonData done in 570.22ms

[1 occurrence(s)]
INFO --> [REQ_ID=62ae17d732b2] [MEMORY][commonData:start] 8388608

[1 occurrence(s)]
INFO --> [PERF][HOME] index renderTheme done in 6.8ms

[1 occurrence(s)]
INFO --> [REQ_ID=62ae17d732b2] [PERF] Execution time=0.605776

[1 occurrence(s)]
INFO --> [REQ_ID=f96f325e8ef5] [PERF] Execution time=0.624734

[1 occurrence(s)]
INFO --> [REQ_ID=9ea65469ff0c] [MEMORY][controller-start] 6291456

[1 occurrence(s)]
INFO --> [REQ_ID=9ea65469ff0c] [MEMORY][commonData:start] 6291456

[1 occurrence(s)]
INFO --> [REQ_ID=9ea65469ff0c] [PERF] Execution time=0.537497

[1 occurrence(s)]
INFO --> [REQ_ID=ed1e4c270656] [PERF] Execution time=0.549596

[1 occurrence(s)]
INFO --> [REQ_ID=5e036f4f7874] [PERF] Execution time=0.094319

[1 occurrence(s)]
INFO --> [REQ_ID=163cdc5e4727] [MEMORY][controller-start] 6291456

[1 occurrence(s)]
INFO --> [REQ_ID=163cdc5e4727] [PERF] Execution time=0.120957

[1 occurrence(s)]
INFO --> [REQ_ID=9f997507bb1d] [PERF] Execution time=0.168802

[1 occurrence(s)]
INFO --> [REQ_ID=743bca3f160d] [MEMORY][controller-start] 4194304

[1 occurrence(s)]
INFO --> [REQ_ID=743bca3f160d] [MEMORY][commonData:start] 4194304

[1 occurrence(s)]
INFO --> [REQ_ID=743bca3f160d] [PERF] Execution time=0.613292

[1 occurrence(s)]
INFO --> [REQ_ID=155a62321d0e] [PERF] Execution time=0.624676

[1 occurrence(s)]
INFO --> [REQ_ID=4dfa7128e444] [PERF] Execution time=0.049903

[1 occurrence(s)]
INFO --> [REQ_ID=4ffd12270228] [MEMORY][controller-start] 4194304

[1 occurrence(s)]
INFO --> [REQ_ID=4ffd12270228] [PERF] Execution time=0.070045

[1 occurrence(s)]
INFO --> [REQ_ID=e7ca8fa0e95b] [PERF] Execution time=0.116858

[1 occurrence(s)]
INFO --> [REQ_ID=0177d9142c60] [PERF] Execution time=0.050699

[1 occurrence(s)]
INFO --> [REQ_ID=4997070e3f64] [MEMORY][controller-start] 4194304

[1 occurrence(s)]
INFO --> [REQ_ID=4997070e3f64] [PERF] Execution time=0.184241

[1 occurrence(s)]
INFO --> [REQ_ID=60b3a0529484] [PERF] Execution time=0.359154

[1 occurrence(s)]
INFO --> [REQ_ID=315e677c308a] [MEMORY][controller-start] 4194304

[1 occurrence(s)]
INFO --> [REQ_ID=315e677c308a] [PERF] Execution time=0.101977

[1 occurrence(s)]
INFO --> [REQ_ID=2a56a044e993] [PERF] Execution time=0.174665

[1 occurrence(s)]
INFO --> [REQ_ID=2fa7de62ffc3] [MEMORY][controller-start] 4194304

[1 occurrence(s)]
INFO --> [REQ_ID=2fa7de62ffc3] [MEMORY][commonData:start] 4194304

[1 occurrence(s)]
INFO --> [REQ_ID=2fa7de62ffc3] [PERF] Execution time=0.557014

[1 occurrence(s)]
INFO --> [REQ_ID=cc247e62bdbf] [PERF] Execution time=0.615918

[1 occurrence(s)]
INFO --> [REQ_ID=ab0e1e50dfe1] [MEMORY][controller-start] 6291456

[1 occurrence(s)]
INFO --> [REQ_ID=ab0e1e50dfe1] [MEMORY][commonData:start] 8388608

[1 occurrence(s)]
INFO --> [PERF][HOME] buildCommonData complete in 498.2ms

[1 occurrence(s)]
INFO --> [PERF][HOME] index commonData done in 498.79ms

[1 occurrence(s)]
INFO --> [REQ_ID=ab0e1e50dfe1] [MEMORY][commonData:start] 10485760

[1 occurrence(s)]
INFO --> [PERF][HOME] index renderTheme done in 19ms

[1 occurrence(s)]
INFO --> [REQ_ID=ab0e1e50dfe1] [PERF] Execution time=0.608931

[1 occurrence(s)]
INFO --> [REQ_ID=7a0da9c15a27] [PERF] Execution time=0.660153

[1 occurrence(s)]
INFO --> [REQ_ID=003f1b2c80ce] [PERF] Execution time=0.135833

[1 occurrence(s)]
INFO --> [REQ_ID=69d1df6f2510] [PERF] Execution time=0.037998

[1 occurrence(s)]
INFO --> [REQ_ID=200c6c6ba5fa] [PERF] Execution time=0.071604

[1 occurrence(s)]
INFO --> [REQ_ID=56b9675daf95] [PERF] Execution time=0.054972

[1 occurrence(s)]
INFO --> [REQ_ID=5318bdbb2d43] [MEMORY][controller-start] 4194304

[1 occurrence(s)]
INFO --> [REQ_ID=5318bdbb2d43] [PERF] Execution time=0.355309

[1 occurrence(s)]
INFO --> [REQ_ID=f5c62f8be00f] [PERF] Execution time=0.378160

[1 occurrence(s)]
INFO --> [REQ_ID=ec6dd10ba992] [PERF] Execution time=0.013019

[1 occurrence(s)]
INFO --> [REQ_ID=d033d319129f] [MEMORY][controller-start] 4194304

[1 occurrence(s)]
INFO --> [REQ_ID=d033d319129f] [PERF] Execution time=0.120100

[1 occurrence(s)]
INFO --> [REQ_ID=ca149dbb2177] [PERF] Execution time=0.131179

[1 occurrence(s)]
INFO --> [REQ_ID=6bc1fd632742] [MEMORY][controller-start] 6291456

[1 occurrence(s)]
INFO --> [REQ_ID=6bc1fd632742] [MEMORY][commonData:start] 6291456

[1 occurrence(s)]
INFO --> [REQ_ID=6bc1fd632742] [PERF] Execution time=0.697393

[1 occurrence(s)]
INFO --> [REQ_ID=7e2e52a7db56] [PERF] Execution time=0.746347

[1 occurrence(s)]
INFO --> [REQ_ID=9661be6c4ce7] [PERF] Execution time=0.017681

[1 occurrence(s)]
INFO --> [REQ_ID=7c30e28e7d73] [MEMORY][controller-start] 4194304

[1 occurrence(s)]
INFO --> [REQ_ID=7c30e28e7d73] [PERF] Execution time=0.064453

[1 occurrence(s)]
INFO --> [REQ_ID=e2a36ef08f7a] [PERF] Execution time=0.085659

[1 occurrence(s)]
INFO --> [REQ_ID=acd4270e0e6c] [PERF] Execution time=0.012417

[1 occurrence(s)]
INFO --> [REQ_ID=ea455ed22f43] [MEMORY][controller-start] 4194304

[1 occurrence(s)]
INFO --> [REQ_ID=ea455ed22f43] [PERF] Execution time=0.058597

[1 occurrence(s)]
INFO --> [REQ_ID=f90edd15359c] [PERF] Execution time=0.079943

[1 occurrence(s)]
INFO --> [REQ_ID=97b05b212df1] [PERF] Execution time=0.012227

[1 occurrence(s)]
INFO --> [REQ_ID=d9e260e895d7] [MEMORY][controller-start] 4194304

[1 occurrence(s)]
INFO --> [REQ_ID=d9e260e895d7] [PERF] Execution time=0.254160

[1 occurrence(s)]
INFO --> [REQ_ID=54063ca86d88] [PERF] Execution time=0.264954

[1 occurrence(s)]
INFO --> [REQ_ID=a919b979885e] [PERF] Execution time=0.012103

[1 occurrence(s)]
INFO --> [REQ_ID=314fc8fc6c84] [MEMORY][controller-start] 4194304

[1 occurrence(s)]
INFO --> [REQ_ID=314fc8fc6c84] [PERF] Execution time=0.054948

[1 occurrence(s)]
INFO --> [REQ_ID=d437d6f830a3] [PERF] Execution time=0.066336

[1 occurrence(s)]
INFO --> [REQ_ID=fc1fb6193a90] [PERF] Execution time=0.024500

[1 occurrence(s)]
INFO --> [REQ_ID=d4563de25389] [PERF] Execution time=0.028109

[1 occurrence(s)]
INFO --> [REQ_ID=c39eb5fe6fc6] [MEMORY][controller-start] 4194304

[1 occurrence(s)]
INFO --> [REQ_ID=c39eb5fe6fc6] [PERF] Execution time=0.108240

[1 occurrence(s)]
INFO --> [REQ_ID=594e8a4bddfb] [PERF] Execution time=0.118445

[1 occurrence(s)]
INFO --> [REQ_ID=d3d9c6afe309] [PERF] Execution time=0.038821

[1 occurrence(s)]
INFO --> [REQ_ID=7eefc3f75229] [MEMORY][controller-start] 6291456

[1 occurrence(s)]
INFO --> [REQ_ID=7eefc3f75229] [MEMORY][commonData:start] 8388608

[1 occurrence(s)]
INFO --> [PERF][HOME] buildCommonData complete in 563.19ms

[1 occurrence(s)]
INFO --> [PERF][HOME] index commonData done in 564.06ms

[1 occurrence(s)]
INFO --> [REQ_ID=7eefc3f75229] [MEMORY][commonData:start] 10485760

[1 occurrence(s)]
INFO --> [PERF][HOME] index renderTheme done in 6.56ms

[1 occurrence(s)]
INFO --> [REQ_ID=7eefc3f75229] [PERF] Execution time=0.643822

[1 occurrence(s)]
INFO --> [REQ_ID=b5540687c3bc] [PERF] Execution time=0.691489

[1 occurrence(s)]
INFO --> [REQ_ID=e92d507da4a0] [PERF] Execution time=0.019482

[1 occurrence(s)]
INFO --> [REQ_ID=62d6893a53ec] [MEMORY][controller-start] 4194304

[1 occurrence(s)]
INFO --> [REQ_ID=62d6893a53ec] [MEMORY][commonData:start] 4194304

[1 occurrence(s)]
INFO --> [PERF][HOME] buildCommonData complete in 562.79ms

[1 occurrence(s)]
INFO --> [PERF][HOME] index commonData done in 563.17ms

[1 occurrence(s)]
INFO --> [REQ_ID=62d6893a53ec] [MEMORY][commonData:start] 8388608

[1 occurrence(s)]
INFO --> [PERF][HOME] index renderTheme done in 3.79ms

[1 occurrence(s)]
INFO --> [REQ_ID=62d6893a53ec] [PERF] Execution time=0.579077

[1 occurrence(s)]
INFO --> [REQ_ID=3185412e9c2d] [PERF] Execution time=0.589094

[1 occurrence(s)]
INFO --> [REQ_ID=7eb40e848266] [PERF] Execution time=0.097307

[1 occurrence(s)]
INFO --> [REQ_ID=55c5f2ca01df] [PERF] Execution time=0.035953

[1 occurrence(s)]
INFO --> [REQ_ID=136917f2eddb] [PERF] Execution time=0.077018

[1 occurrence(s)]
INFO --> [REQ_ID=9a2b8614e254] [PERF] Execution time=0.054447

[1 occurrence(s)]
INFO --> [REQ_ID=5699c112850e] [MEMORY][controller-start] 4194304

[1 occurrence(s)]
INFO --> [REQ_ID=5699c112850e] [PERF] Execution time=0.168621

[1 occurrence(s)]
INFO --> [REQ_ID=7bf07ae59cb8] [PERF] Execution time=0.184419

[1 occurrence(s)]
INFO --> [REQ_ID=2448f94dc54a] [PERF] Execution time=0.013200

[1 occurrence(s)]
INFO --> [REQ_ID=b8982dd60ded] [MEMORY][controller-start] 4194304

[1 occurrence(s)]
INFO --> [REQ_ID=b8982dd60ded] [PERF] Execution time=0.180711

[1 occurrence(s)]
INFO --> [REQ_ID=eff55b5b73a5] [PERF] Execution time=0.191308

[1 occurrence(s)]
INFO --> [REQ_ID=912dec67bce3] [PERF] Execution time=0.099576

[1 occurrence(s)]
INFO --> [REQ_ID=b88d0764759e] [MEMORY][controller-start] 4194304

[1 occurrence(s)]
INFO --> [REQ_ID=b88d0764759e] [PERF] Execution time=0.112146

[1 occurrence(s)]
INFO --> [REQ_ID=9f36f891c490] [PERF] Execution time=0.122544

[1 occurrence(s)]
INFO --> [REQ_ID=3e3a5a1946ac] [MEMORY][controller-start] 4194304

[1 occurrence(s)]
INFO --> [REQ_ID=3e3a5a1946ac] [PERF] Execution time=0.145701

[1 occurrence(s)]
INFO --> [REQ_ID=2af549e6b9a3] [PERF] Execution time=0.158888

[1 occurrence(s)]
INFO --> [REQ_ID=e89e8f022ba6] [MEMORY][controller-start] 4194304

[1 occurrence(s)]
INFO --> [REQ_ID=e89e8f022ba6] [MEMORY][commonData:start] 4194304

[1 occurrence(s)]
INFO --> [REQ_ID=e89e8f022ba6] [PERF] Execution time=0.607410

[1 occurrence(s)]
INFO --> [REQ_ID=9b01a5e0ee01] [PERF] Execution time=0.617667

[1 occurrence(s)]
INFO --> [REQ_ID=320fa4fb4bde] [PERF] Execution time=0.020380

[1 occurrence(s)]
INFO --> [REQ_ID=7b3bb67990e1] [PERF] Execution time=0.014510

[1 occurrence(s)]
INFO --> [REQ_ID=c478a01c8540] [PERF] Execution time=0.018314

[1 occurrence(s)]
INFO --> [REQ_ID=4dc5b1bf75d4] [PERF] Execution time=0.019896

[1 occurrence(s)]
INFO --> [REQ_ID=4cb30680647c] [PERF] Execution time=0.061190

[1 occurrence(s)]
INFO --> [REQ_ID=d3048e88cc00] [PERF] Execution time=0.131696

[1 occurrence(s)]
INFO --> [REQ_ID=61fef53e2576] [PERF] Execution time=0.077638

[1 occurrence(s)]
INFO --> [REQ_ID=7e42425c941b] [PERF] Execution time=0.104954

[1 occurrence(s)]
INFO --> [REQ_ID=b0d946253daf] [PERF] Execution time=0.011771

[1 occurrence(s)]
INFO --> [REQ_ID=32cb57a90b3d] [MEMORY][controller-start] 4194304

[1 occurrence(s)]
INFO --> [REQ_ID=32cb57a90b3d] [PERF] Execution time=0.118342

[1 occurrence(s)]
INFO --> [REQ_ID=04381b5dc69c] [PERF] Execution time=0.128237

[1 occurrence(s)]
INFO --> [REQ_ID=e51e57b323a4] [PERF] Execution time=0.018498

[1 occurrence(s)]
INFO --> [REQ_ID=830c757449e7] [PERF] Execution time=0.018618

[1 occurrence(s)]
INFO --> [REQ_ID=fa13900bbd3f] [MEMORY][controller-start] 4194304

[1 occurrence(s)]
INFO --> [REQ_ID=fa13900bbd3f] [PERF] Execution time=0.063242

[1 occurrence(s)]
INFO --> [REQ_ID=7d5df0badbd9] [PERF] Execution time=0.078917

[1 occurrence(s)]
INFO --> [REQ_ID=e5e7d7f8326a] [PERF] Execution time=0.012122

[1 occurrence(s)]
INFO --> [REQ_ID=c23119d44f3e] [MEMORY][controller-start] 4194304

[1 occurrence(s)]
INFO --> [REQ_ID=c23119d44f3e] [PERF] Execution time=0.114523

[1 occurrence(s)]
INFO --> [REQ_ID=896c796d0fca] [PERF] Execution time=0.125689

[1 occurrence(s)]
INFO --> [REQ_ID=74c23088455b] [MEMORY][controller-start] 6291456

[1 occurrence(s)]
INFO --> [REQ_ID=74c23088455b] [MEMORY][commonData:start] 8388608

[1 occurrence(s)]
INFO --> [PERF][HOME] buildCommonData complete in 469.37ms

[1 occurrence(s)]
INFO --> [PERF][HOME] index commonData done in 470.07ms

[1 occurrence(s)]
INFO --> [REQ_ID=74c23088455b] [MEMORY][commonData:start] 10485760

[1 occurrence(s)]
INFO --> [PERF][HOME] index renderTheme done in 19.23ms

[1 occurrence(s)]
INFO --> [REQ_ID=74c23088455b] [PERF] Execution time=0.556730

[1 occurrence(s)]
INFO --> [REQ_ID=8ad235fef982] [PERF] Execution time=0.604247

[1 occurrence(s)]
INFO --> [REQ_ID=f1746d9bcb63] [MEMORY][controller-start] 6291456

[1 occurrence(s)]
INFO --> [REQ_ID=f1746d9bcb63] [MEMORY][commonData:start] 6291456

[1 occurrence(s)]
INFO --> [REQ_ID=f1746d9bcb63] [PERF] Execution time=0.522788

[1 occurrence(s)]
INFO --> [REQ_ID=164fd596ea30] [PERF] Execution time=0.535974

[1 occurrence(s)]
INFO --> [REQ_ID=43ba7463dd4c] [PERF] Execution time=0.016979

[1 occurrence(s)]
INFO --> [REQ_ID=30df5e92a870] [MEMORY][controller-start] 4194304

[1 occurrence(s)]
INFO --> [REQ_ID=30df5e92a870] [MEMORY][commonData:start] 4194304

[1 occurrence(s)]
INFO --> [REQ_ID=3db53559ef02] [MEMORY][controller-start] 6291456

[1 occurrence(s)]
INFO --> [REQ_ID=3db53559ef02] [MEMORY][commonData:start] 6291456

[1 occurrence(s)]
INFO --> [REQ_ID=30df5e92a870] [PERF] Execution time=0.642325

[1 occurrence(s)]
INFO --> [REQ_ID=20bee2a7c117] [PERF] Execution time=0.654904

[1 occurrence(s)]
INFO --> [REQ_ID=3db53559ef02] [PERF] Execution time=0.657348

[1 occurrence(s)]
INFO --> [REQ_ID=6574414ccad4] [PERF] Execution time=0.706901

[1 occurrence(s)]
INFO --> [REQ_ID=bd78e722b1ee] [MEMORY][controller-start] 6291456

[1 occurrence(s)]
INFO --> [REQ_ID=bd78e722b1ee] [PERF] Execution time=0.033961

[1 occurrence(s)]
INFO --> [REQ_ID=17c7118ca6c6] [PERF] Execution time=0.048782

[1 occurrence(s)]
INFO --> [REQ_ID=9604017f0640] [MEMORY][controller-start] 4194304

[1 occurrence(s)]
INFO --> [REQ_ID=9604017f0640] [MEMORY][commonData:start] 4194304

[1 occurrence(s)]
INFO --> [REQ_ID=9604017f0640] [PERF] Execution time=0.555660

[1 occurrence(s)]
INFO --> [REQ_ID=97852e76a5e7] [PERF] Execution time=0.565978

[1 occurrence(s)]
INFO --> [REQ_ID=3b2dccdae619] [MEMORY][controller-start] 6291456

[1 occurrence(s)]
INFO --> [REQ_ID=3b2dccdae619] [MEMORY][commonData:start] 6291456

[1 occurrence(s)]
INFO --> [REQ_ID=3b2dccdae619] [PERF] Execution time=0.547345

[1 occurrence(s)]
INFO --> [REQ_ID=918077ebdd07] [PERF] Execution time=0.558507

[1 occurrence(s)]
INFO --> [REQ_ID=a2b5418f5166] [PERF] Execution time=0.017939

[1 occurrence(s)]
INFO --> [REQ_ID=684061637013] [PERF] Execution time=0.086725

[1 occurrence(s)]
INFO --> [REQ_ID=041a1f8d6fa0] [PERF] Execution time=0.016119

[1 occurrence(s)]
INFO --> [REQ_ID=72ff4f629371] [PERF] Execution time=0.039220

[1 occurrence(s)]
INFO --> [REQ_ID=ebf26a9b579b] [PERF] Execution time=0.114831

[1 occurrence(s)]
INFO --> [REQ_ID=d9c1f3b6146d] [PERF] Execution time=0.053257

[1 occurrence(s)]
INFO --> [REQ_ID=e66610c34a38] [MEMORY][controller-start] 4194304

[1 occurrence(s)]
INFO --> [REQ_ID=e66610c34a38] [MEMORY][commonData:start] 6291456

[1 occurrence(s)]
INFO --> [REQ_ID=e66610c34a38] [PERF] Execution time=0.790942

[1 occurrence(s)]
INFO --> [REQ_ID=05c26a079afc] [PERF] Execution time=0.805123

[1 occurrence(s)]
INFO --> [REQ_ID=6077ab4caf74] [MEMORY][controller-start] 6291456

[1 occurrence(s)]
INFO --> [REQ_ID=6077ab4caf74] [MEMORY][commonData:start] 6291456

[1 occurrence(s)]
INFO --> [PERF][HOME] buildCommonData complete in 468.1ms

[1 occurrence(s)]
INFO --> [PERF][HOME] index commonData done in 468.62ms

[1 occurrence(s)]
INFO --> [REQ_ID=6077ab4caf74] [MEMORY][commonData:start] 8388608

[1 occurrence(s)]
INFO --> [PERF][HOME] index renderTheme done in 22.34ms

[1 occurrence(s)]
INFO --> [REQ_ID=6077ab4caf74] [PERF] Execution time=0.664852

[1 occurrence(s)]
INFO --> [REQ_ID=a4e781370ffe] [PERF] Execution time=0.677727

[1 occurrence(s)]
INFO --> [REQ_ID=8b0947fcd144] [MEMORY][controller-start] 6291456

[1 occurrence(s)]
INFO --> [REQ_ID=8b0947fcd144] [MEMORY][commonData:start] 6291456

[1 occurrence(s)]
INFO --> [PERF][HOME] buildCommonData complete in 480.13ms

[1 occurrence(s)]
INFO --> [PERF][HOME] index commonData done in 480.68ms

[1 occurrence(s)]
INFO --> [REQ_ID=8b0947fcd144] [MEMORY][commonData:start] 8388608

[1 occurrence(s)]
INFO --> [PERF][HOME] index renderTheme done in 5.29ms

[1 occurrence(s)]
INFO --> [REQ_ID=8b0947fcd144] [PERF] Execution time=0.569467

[1 occurrence(s)]
INFO --> [REQ_ID=b848e2e45289] [PERF] Execution time=0.580330

[1 occurrence(s)]
INFO --> [REQ_ID=b489ab2b62ee] [PERF] Execution time=0.090675

[1 occurrence(s)]
INFO --> [REQ_ID=2c997b5b1028] [PERF] Execution time=0.017355

[1 occurrence(s)]
INFO --> [REQ_ID=8b21b975d967] [PERF] Execution time=0.016046

[1 occurrence(s)]
INFO --> [REQ_ID=09f12d39340b] [PERF] Execution time=0.016782

[1 occurrence(s)]
INFO --> [REQ_ID=9576a24fd85a] [PERF] Execution time=0.014694

[1 occurrence(s)]
INFO --> [REQ_ID=d2643bf9610d] [PERF] Execution time=0.014436

[1 occurrence(s)]
INFO --> [REQ_ID=84db378ac1e6] [PERF] Execution time=0.013276

[1 occurrence(s)]
INFO --> [REQ_ID=28f05b04729e] [PERF] Execution time=0.014613

[1 occurrence(s)]
INFO --> [REQ_ID=ae536cbc68a5] [PERF] Execution time=0.027816

[1 occurrence(s)]
INFO --> [REQ_ID=e20b025f6a25] [PERF] Execution time=0.018363

[1 occurrence(s)]
INFO --> [REQ_ID=ee0d3e4afb12] [PERF] Execution time=0.014582

[1 occurrence(s)]
INFO --> [REQ_ID=654a566a13d6] [PERF] Execution time=0.014009

[1 occurrence(s)]
INFO --> [REQ_ID=c1e34f0412e6] [PERF] Execution time=0.013936

[1 occurrence(s)]
INFO --> [REQ_ID=b98269a1187a] [PERF] Execution time=0.017210

[1 occurrence(s)]
INFO --> [REQ_ID=3c5f99a16a16] [PERF] Execution time=0.013971

[1 occurrence(s)]
INFO --> [REQ_ID=a8f15ee395ea] [PERF] Execution time=0.013375

[1 occurrence(s)]
INFO --> [REQ_ID=f548673b68df] [PERF] Execution time=0.014934

[1 occurrence(s)]
INFO --> [REQ_ID=aeca1cf0c2b6] [PERF] Execution time=0.015475

[1 occurrence(s)]
INFO --> [REQ_ID=d014a278d2ce] [PERF] Execution time=0.015854

[1 occurrence(s)]
INFO --> [REQ_ID=210b4bd39cd5] [PERF] Execution time=0.017361

[1 occurrence(s)]
INFO --> [REQ_ID=facc29bc56e6] [PERF] Execution time=0.017311

[1 occurrence(s)]
INFO --> [REQ_ID=86466f2da84d] [PERF] Execution time=0.016615

[1 occurrence(s)]
INFO --> [REQ_ID=b71e73c56562] [PERF] Execution time=0.013076

[1 occurrence(s)]
INFO --> [REQ_ID=598688a9211e] [PERF] Execution time=0.014941

[1 occurrence(s)]
INFO --> [REQ_ID=079dc681bc32] [PERF] Execution time=0.023563

[1 occurrence(s)]
INFO --> [REQ_ID=da617f7ed0d1] [PERF] Execution time=0.017550

[1 occurrence(s)]
INFO --> [REQ_ID=873bd1f7bebf] [PERF] Execution time=0.021538

[1 occurrence(s)]
INFO --> [REQ_ID=7a22aae6935b] [PERF] Execution time=0.015030

[1 occurrence(s)]
INFO --> [REQ_ID=47f1cea84ede] [PERF] Execution time=0.016076

[1 occurrence(s)]
INFO --> [REQ_ID=3e01410bd30b] [PERF] Execution time=0.016147

[1 occurrence(s)]
INFO --> [REQ_ID=32b598baebdf] [PERF] Execution time=0.015929

[1 occurrence(s)]
INFO --> [REQ_ID=ae5176ed2fde] [PERF] Execution time=0.018888

[1 occurrence(s)]
INFO --> [REQ_ID=3968d6c3c256] [PERF] Execution time=0.015102

[1 occurrence(s)]
INFO --> [REQ_ID=ab0f324a2083] [PERF] Execution time=0.018404

[1 occurrence(s)]
INFO --> [REQ_ID=8bfdd49e52d4] [PERF] Execution time=0.013880

[1 occurrence(s)]
INFO --> [REQ_ID=03685c08e1f4] [PERF] Execution time=0.015177

[1 occurrence(s)]
INFO --> [REQ_ID=fa73767666bb] [PERF] Execution time=0.014056

[1 occurrence(s)]
INFO --> [REQ_ID=03e3a9671f66] [PERF] Execution time=0.016361

[1 occurrence(s)]
INFO --> [REQ_ID=167130c2010b] [PERF] Execution time=0.014855

[1 occurrence(s)]
INFO --> [REQ_ID=31304a3332a7] [PERF] Execution time=0.016913

[1 occurrence(s)]
INFO --> [REQ_ID=e68319922f19] [PERF] Execution time=0.016344

[1 occurrence(s)]
INFO --> [REQ_ID=a50e8a1e52aa] [PERF] Execution time=0.015590

[1 occurrence(s)]
INFO --> [REQ_ID=84940d938879] [PERF] Execution time=0.017348

[1 occurrence(s)]
INFO --> [REQ_ID=1b5ece5fa8d5] [PERF] Execution time=0.013772

[1 occurrence(s)]
INFO --> [REQ_ID=e055f814dc6f] [PERF] Execution time=0.013988

[1 occurrence(s)]
INFO --> [REQ_ID=7278e0ab16f7] [PERF] Execution time=0.013949

[1 occurrence(s)]
INFO --> [REQ_ID=68db43b6630a] [PERF] Execution time=0.013372

[1 occurrence(s)]
INFO --> [REQ_ID=b6b3b428444d] [PERF] Execution time=0.015252

[1 occurrence(s)]
INFO --> [REQ_ID=c56aa5eca76a] [PERF] Execution time=0.015672

[1 occurrence(s)]
INFO --> [REQ_ID=0d180667d6b3] [PERF] Execution time=0.014653

[1 occurrence(s)]
INFO --> [REQ_ID=73bf65a8b149] [PERF] Execution time=0.017450

[1 occurrence(s)]
INFO --> [REQ_ID=9e11b22465d6] [PERF] Execution time=0.015672

[1 occurrence(s)]
INFO --> [REQ_ID=0d49e67614ee] [PERF] Execution time=0.015394

[1 occurrence(s)]
INFO --> [REQ_ID=2a92cf814b65] [PERF] Execution time=0.016764

[1 occurrence(s)]
INFO --> [REQ_ID=51f1b50d8aea] [PERF] Execution time=0.017708

[1 occurrence(s)]
INFO --> [REQ_ID=45e8f5658050] [PERF] Execution time=0.012781

[1 occurrence(s)]
INFO --> [REQ_ID=c779cb5d86a9] [PERF] Execution time=0.014973

[1 occurrence(s)]
INFO --> [REQ_ID=ad179eb13566] [PERF] Execution time=0.014520

[1 occurrence(s)]
INFO --> [REQ_ID=646bcf742873] [PERF] Execution time=0.039521

[1 occurrence(s)]
INFO --> [REQ_ID=473916a9097c] [PERF] Execution time=0.016651

[1 occurrence(s)]
INFO --> [REQ_ID=6553984ec7ed] [PERF] Execution time=0.019942

[1 occurrence(s)]
INFO --> [REQ_ID=41010d408de4] [PERF] Execution time=0.015429

[1 occurrence(s)]
INFO --> [REQ_ID=3ad9e8f0d382] [PERF] Execution time=0.013772

[1 occurrence(s)]
INFO --> [REQ_ID=e86f2a092c0e] [PERF] Execution time=0.014978

[1 occurrence(s)]
INFO --> [REQ_ID=8452202a4c91] [PERF] Execution time=0.015343

[1 occurrence(s)]
INFO --> [REQ_ID=896e2ed2ec50] [PERF] Execution time=0.014800

[1 occurrence(s)]
INFO --> [REQ_ID=5723f95431ef] [PERF] Execution time=0.014337

[1 occurrence(s)]
INFO --> [REQ_ID=6afa5fc6b60f] [PERF] Execution time=0.014584

[1 occurrence(s)]
INFO --> [REQ_ID=7a6d44ad5831] [PERF] Execution time=0.015551

[1 occurrence(s)]
INFO --> [REQ_ID=d18527e13029] [PERF] Execution time=0.015464

[1 occurrence(s)]
INFO --> [REQ_ID=c114af55111e] [PERF] Execution time=0.015584

[1 occurrence(s)]
INFO --> [REQ_ID=d2b443ae8adc] [PERF] Execution time=0.018925

[1 occurrence(s)]
INFO --> [REQ_ID=925cbbda8622] [PERF] Execution time=0.015530

[1 occurrence(s)]
INFO --> [REQ_ID=e9fc01871ca5] [PERF] Execution time=0.013412

[1 occurrence(s)]
INFO --> [REQ_ID=c45b06ac0056] [PERF] Execution time=0.015717

[1 occurrence(s)]
INFO --> [REQ_ID=eaf880d03cda] [PERF] Execution time=0.014517

[1 occurrence(s)]
INFO --> [REQ_ID=4b04bfd468b9] [PERF] Execution time=0.024649

[1 occurrence(s)]
INFO --> [REQ_ID=49b50627913b] [PERF] Execution time=0.014402

[1 occurrence(s)]
INFO --> [REQ_ID=9cca487c9c77] [PERF] Execution time=0.018057

[1 occurrence(s)]
INFO --> [REQ_ID=29ed1188b4ab] [PERF] Execution time=0.014298

[1 occurrence(s)]
INFO --> [REQ_ID=21c1d91f7c69] [PERF] Execution time=0.014633

[1 occurrence(s)]
INFO --> [REQ_ID=01d35a30b2b9] [PERF] Execution time=0.017694

[1 occurrence(s)]
INFO --> [REQ_ID=9faca86d9bc8] [PERF] Execution time=0.014787

[1 occurrence(s)]
INFO --> [REQ_ID=b22d9f546cba] [PERF] Execution time=0.015200

[1 occurrence(s)]
INFO --> [REQ_ID=b617cba73aa4] [PERF] Execution time=0.014720

[1 occurrence(s)]
INFO --> [REQ_ID=a0c7f0e6891d] [PERF] Execution time=0.012974

[1 occurrence(s)]
INFO --> [REQ_ID=314099db29af] [PERF] Execution time=0.015937

[1 occurrence(s)]
INFO --> [REQ_ID=1883f8a2bfcd] [PERF] Execution time=0.015722

[1 occurrence(s)]
INFO --> [REQ_ID=58381145a0c7] [PERF] Execution time=0.013001

[1 occurrence(s)]
INFO --> [REQ_ID=95a3f22d4c9a] [PERF] Execution time=0.014860

[1 occurrence(s)]
INFO --> [REQ_ID=a056d651a889] [PERF] Execution time=0.014298

[1 occurrence(s)]
INFO --> [REQ_ID=872ce6c7de24] [PERF] Execution time=0.015471

[1 occurrence(s)]
INFO --> [REQ_ID=8be028b43f4c] [PERF] Execution time=0.015397

[1 occurrence(s)]
INFO --> [REQ_ID=a1406d0866bb] [PERF] Execution time=0.014843

[1 occurrence(s)]
INFO --> [REQ_ID=599cca2e27be] [PERF] Execution time=0.014705

[1 occurrence(s)]
INFO --> [REQ_ID=a6b7726fc830] [PERF] Execution time=0.013918

[1 occurrence(s)]
INFO --> [REQ_ID=79d249fecf71] [PERF] Execution time=0.013066

[1 occurrence(s)]
INFO --> [REQ_ID=00b426768219] [PERF] Execution time=0.023545

[1 occurrence(s)]
INFO --> [REQ_ID=2e67db050a61] [PERF] Execution time=0.015844

[1 occurrence(s)]
INFO --> [REQ_ID=636d1e0f971e] [PERF] Execution time=0.014748

[1 occurrence(s)]
INFO --> [REQ_ID=5fae7d7ab23c] [PERF] Execution time=0.019668

[1 occurrence(s)]
INFO --> [REQ_ID=9a9a3c7029ea] [PERF] Execution time=0.019035

[1 occurrence(s)]
INFO --> [REQ_ID=37bde992bdf1] [PERF] Execution time=0.013442

[1 occurrence(s)]
INFO --> [REQ_ID=0c2c5c76f1ba] [PERF] Execution time=0.017078

[1 occurrence(s)]
INFO --> [REQ_ID=7ecdb7576bd1] [PERF] Execution time=0.019481

[1 occurrence(s)]
INFO --> [REQ_ID=89df1464e059] [PERF] Execution time=0.018983

[1 occurrence(s)]
INFO --> [REQ_ID=3ecf7ebcf24a] [MEMORY][controller-start] 6291456

[1 occurrence(s)]
INFO --> [ACTIVATION] Activation link hit

[1 occurrence(s)]
INFO --> [REQ_ID=3ecf7ebcf24a] [PERF] Execution time=0.117730

[1 occurrence(s)]
INFO --> [REQ_ID=367b2d103c25] [PERF] Execution time=0.171045

[1 occurrence(s)]
INFO --> [REQ_ID=37a8e4c23171] [MEMORY][controller-start] 4194304

[2 occurrence(s)]
INFO --> [REQ_ID=37a8e4c23171] [MEMORY][commonData:start] 6291456

[2 occurrence(s)]
INFO --> themesMemory usage: 6291456

[1 occurrence(s)]
INFO --> [REQ_ID=37a8e4c23171] [PERF] Execution time=0.077666

[1 occurrence(s)]
INFO --> [REQ_ID=980a51f303fe] [PERF] Execution time=0.094015

[1 occurrence(s)]
INFO --> [REQ_ID=cebcdce5014c] [PERF] Execution time=0.009344

[1 occurrence(s)]
INFO --> [REQ_ID=14fd3a762472] [PERF] Execution time=0.145825

[1 occurrence(s)]
INFO --> [REQ_ID=5af971129a7e] [PERF] Execution time=0.025965

[1 occurrence(s)]
INFO --> [REQ_ID=d4736cf8389f] [MEMORY][controller-start] 4194304

[1 occurrence(s)]
INFO --> [REQ_ID=d4736cf8389f] [PERF] Execution time=0.165928

[1 occurrence(s)]
INFO --> [REQ_ID=01c96f76ee9a] [PERF] Execution time=0.182244

[1 occurrence(s)]
INFO --> [REQ_ID=4e529093bee8] [PERF] Execution time=0.016224

[1 occurrence(s)]
INFO --> [REQ_ID=ccbe00df352f] [MEMORY][controller-start] 4194304

[1 occurrence(s)]
INFO --> [REQ_ID=ccbe00df352f] [PERF] Execution time=0.052179

[1 occurrence(s)]
INFO --> [REQ_ID=02b1cff72903] [PERF] Execution time=0.063246

[1 occurrence(s)]
INFO --> [REQ_ID=7e42cabe7091] [PERF] Execution time=0.011529

[1 occurrence(s)]
INFO --> [REQ_ID=489ef1e7de6a] [MEMORY][controller-start] 4194304

[1 occurrence(s)]
INFO --> [REQ_ID=489ef1e7de6a] [PERF] Execution time=0.099788

[1 occurrence(s)]
INFO --> [REQ_ID=6f5e191df023] [PERF] Execution time=0.111037

[1 occurrence(s)]
INFO --> [REQ_ID=0669cd8e30fb] [PERF] Execution time=0.011975

[1 occurrence(s)]
INFO --> [REQ_ID=2b92f35f9e9f] [MEMORY][controller-start] 4194304

[1 occurrence(s)]
INFO --> [REQ_ID=2b92f35f9e9f] [PERF] Execution time=0.202971

[1 occurrence(s)]
INFO --> [REQ_ID=c4e7a9c0a458] [PERF] Execution time=0.215395

[1 occurrence(s)]
INFO --> [REQ_ID=6e95a531b9f1] [PERF] Execution time=0.011650

[1 occurrence(s)]
INFO --> [REQ_ID=e69cac71b069] [MEMORY][controller-start] 4194304

[1 occurrence(s)]
INFO --> [REQ_ID=e69cac71b069] [PERF] Execution time=0.165711

[1 occurrence(s)]
INFO --> [REQ_ID=13a68ba49647] [PERF] Execution time=0.176461

[1 occurrence(s)]
INFO --> [REQ_ID=3cb2ce2974d0] [PERF] Execution time=0.079310

[1 occurrence(s)]
INFO --> [REQ_ID=f6127303e000] [PERF] Execution time=0.052763

[1 occurrence(s)]
INFO --> [REQ_ID=785f5c42574d] [PERF] Execution time=0.012470

[1 occurrence(s)]
INFO --> [REQ_ID=a956df5fcf6f] [MEMORY][controller-start] 6291456

[1 occurrence(s)]
INFO --> [REQ_ID=a956df5fcf6f] [MEMORY][commonData:start] 6291456

[1 occurrence(s)]
INFO --> [REQ_ID=a956df5fcf6f] [PERF] Execution time=0.727904

[1 occurrence(s)]
INFO --> [REQ_ID=5b751debce76] [PERF] Execution time=0.775049

[1 occurrence(s)]
INFO --> [REQ_ID=7deb248f615d] [PERF] Execution time=0.016239

[1 occurrence(s)]
INFO --> [REQ_ID=61fee09f3c31] [MEMORY][controller-start] 4194304

[1 occurrence(s)]
INFO --> [REQ_ID=61fee09f3c31] [PERF] Execution time=0.031323

[1 occurrence(s)]
INFO --> [REQ_ID=dd486b1aec0e] [PERF] Execution time=0.047678

[1 occurrence(s)]
INFO --> [REQ_ID=071ed4aa5afa] [PERF] Execution time=0.013353

[1 occurrence(s)]
INFO --> [REQ_ID=d81abdca59e5] [MEMORY][controller-start] 4194304

[1 occurrence(s)]
INFO --> [REQ_ID=d81abdca59e5] [PERF] Execution time=0.036435

[1 occurrence(s)]
INFO --> [REQ_ID=a6ce5c7e6864] [PERF] Execution time=0.047436

[1 occurrence(s)]
INFO --> [REQ_ID=2ceaadc26791] [PERF] Execution time=0.011831

[1 occurrence(s)]
INFO --> [REQ_ID=03c944abe67b] [MEMORY][controller-start] 4194304

[1 occurrence(s)]
INFO --> [REQ_ID=03c944abe67b] [PERF] Execution time=0.110633

[1 occurrence(s)]
INFO --> [REQ_ID=ca1f4f6ea372] [PERF] Execution time=0.122388

[1 occurrence(s)]
INFO --> [REQ_ID=faa64147e605] [PERF] Execution time=0.012263

[1 occurrence(s)]
INFO --> [REQ_ID=6d869de15bb6] [MEMORY][controller-start] 4194304

[1 occurrence(s)]
INFO --> [REQ_ID=6d869de15bb6] [PERF] Execution time=0.057379

[1 occurrence(s)]
INFO --> [REQ_ID=986f8a70c3ed] [PERF] Execution time=0.070160

[1 occurrence(s)]
INFO --> [REQ_ID=e48939021c1d] [MEMORY][controller-start] 6291456

[1 occurrence(s)]
INFO --> [REQ_ID=e48939021c1d] [MEMORY][commonData:start] 8388608

[1 occurrence(s)]
INFO --> [PERF][HOME] buildCommonData complete in 497.45ms

[1 occurrence(s)]
INFO --> [PERF][HOME] index commonData done in 497.82ms

[1 occurrence(s)]
INFO --> [REQ_ID=e48939021c1d] [MEMORY][commonData:start] 10485760

[1 occurrence(s)]
INFO --> [PERF][HOME] index renderTheme done in 19.97ms

[1 occurrence(s)]
INFO --> [REQ_ID=e48939021c1d] [PERF] Execution time=0.705416

[1 occurrence(s)]
INFO --> [REQ_ID=500cef87e79f] [PERF] Execution time=0.752508

[1 occurrence(s)]
INFO --> [REQ_ID=60655619f02d] [MEMORY][controller-start] 6291456

[1 occurrence(s)]
INFO --> [REQ_ID=60655619f02d] [MEMORY][commonData:start] 8388608

[1 occurrence(s)]
INFO --> [PERF][HOME] buildCommonData complete in 595.32ms

[1 occurrence(s)]
INFO --> [PERF][HOME] index commonData done in 595.77ms

[1 occurrence(s)]
INFO --> [REQ_ID=60655619f02d] [MEMORY][commonData:start] 10485760

[1 occurrence(s)]
INFO --> [PERF][HOME] index renderTheme done in 6.29ms

[1 occurrence(s)]
INFO --> [REQ_ID=60655619f02d] [PERF] Execution time=0.660626

[1 occurrence(s)]
INFO --> [REQ_ID=367aed591653] [PERF] Execution time=0.708717

[1 occurrence(s)]
INFO --> [REQ_ID=e1cc6b33c402] [PERF] Execution time=0.017505

[1 occurrence(s)]
INFO --> [REQ_ID=788e5473bece] [MEMORY][controller-start] 4194304

[1 occurrence(s)]
INFO --> [REQ_ID=788e5473bece] [PERF] Execution time=0.042821

[1 occurrence(s)]
INFO --> [REQ_ID=b1a237812abc] [PERF] Execution time=0.057911

[1 occurrence(s)]
INFO --> [REQ_ID=2fa501043802] [PERF] Execution time=0.012378

[1 occurrence(s)]
INFO --> [REQ_ID=e75c94aca6b7] [MEMORY][controller-start] 4194304

[1 occurrence(s)]
INFO --> [REQ_ID=e75c94aca6b7] [PERF] Execution time=0.211802

[1 occurrence(s)]
INFO --> [REQ_ID=1777ca030c18] [PERF] Execution time=0.231158

[1 occurrence(s)]
INFO --> REDIRECTED ROUTE at https://www.mymiwallet.com/Features/Brokerage-Integrations

[1 occurrence(s)]
INFO --> [REQ_ID=352031985aad] [PERF] Execution time=0.040276

[1 occurrence(s)]
INFO --> [REQ_ID=35cbbcc0e1d7] [PERF] Execution time=0.034893

[1 occurrence(s)]
INFO --> [REQ_ID=c98365091c04] [MEMORY][controller-start] 4194304

[1 occurrence(s)]
INFO --> [REQ_ID=c98365091c04] [PERF] Execution time=0.204975

[1 occurrence(s)]
INFO --> [REQ_ID=b0039652437c] [PERF] Execution time=0.221666

[1 occurrence(s)]
INFO --> [REQ_ID=ead58405399d] [PERF] Execution time=0.113897

[1 occurrence(s)]
INFO --> [REQ_ID=1b0aa75001ea] [PERF] Execution time=0.011066

[1 occurrence(s)]
INFO --> [REQ_ID=6b8d6a5139d9] [PERF] Execution time=0.052183

[1 occurrence(s)]
INFO --> [REQ_ID=7a4c4a4ff978] [MEMORY][controller-start] 4194304

[1 occurrence(s)]
INFO --> [REQ_ID=7a4c4a4ff978] [MEMORY][commonData:start] 6291456

[1 occurrence(s)]
INFO --> [PERF][HOME] buildCommonData complete in 574.93ms

[1 occurrence(s)]
INFO --> [PERF][HOME] index commonData done in 575.39ms

[1 occurrence(s)]
INFO --> [REQ_ID=7a4c4a4ff978] [MEMORY][commonData:start] 8388608

[1 occurrence(s)]
INFO --> [PERF][HOME] index renderTheme done in 8.23ms

[1 occurrence(s)]
INFO --> [REQ_ID=7a4c4a4ff978] [PERF] Execution time=0.760033

[1 occurrence(s)]
INFO --> [REQ_ID=46d97a3655b7] [PERF] Execution time=0.774183

[1 occurrence(s)]
INFO --> [REQ_ID=d2a3b9ac0390] [MEMORY][controller-start] 6291456

[1 occurrence(s)]
INFO --> [REQ_ID=d2a3b9ac0390] [MEMORY][commonData:start] 8388608

[1 occurrence(s)]
INFO --> [PERF][HOME] buildCommonData complete in 490.7ms

[1 occurrence(s)]
INFO --> [PERF][HOME] index commonData done in 491.29ms

[1 occurrence(s)]
INFO --> [REQ_ID=d2a3b9ac0390] [MEMORY][commonData:start] 10485760

[1 occurrence(s)]
INFO --> [PERF][HOME] index renderTheme done in 7.36ms

[1 occurrence(s)]
INFO --> [REQ_ID=d2a3b9ac0390] [PERF] Execution time=0.566630

[1 occurrence(s)]
INFO --> [REQ_ID=26bea6dc17e6] [PERF] Execution time=0.613032

[1 occurrence(s)]
INFO --> REDIRECTED ROUTE at https://www.mymiwallet.com/Investments/Trade-Tracker

[1 occurrence(s)]
INFO --> [REQ_ID=8e7d7dc7df64] [PERF] Execution time=0.040021

[1 occurrence(s)]
INFO --> [REQ_ID=94fe6781eaca] [PERF] Execution time=0.112756

[1 occurrence(s)]
INFO --> [REQ_ID=2f9532b70d41] [PERF] Execution time=0.030663

[1 occurrence(s)]
INFO --> [REQ_ID=cafd9e7a76c6] [MEMORY][controller-start] 4194304

[1 occurrence(s)]
INFO --> [REQ_ID=cafd9e7a76c6] [PERF] Execution time=0.063223

[1 occurrence(s)]
INFO --> [REQ_ID=ecb51dcb5b1f] [PERF] Execution time=0.080648

[2 occurrence(s)]
INFO --> REDIRECTED ROUTE at https://www.mymiwallet.com/Advisor

[1 occurrence(s)]
INFO --> [REQ_ID=db6c05cfe7be] [PERF] Execution time=0.010360

[1 occurrence(s)]
INFO --> [REQ_ID=fd96afc7c693] [PERF] Execution time=0.010582

[1 occurrence(s)]
INFO --> [REQ_ID=c970327eec1f] [MEMORY][controller-start] 4194304

[1 occurrence(s)]
INFO --> [REQ_ID=c970327eec1f] [PERF] Execution time=0.124688

[1 occurrence(s)]
INFO --> [REQ_ID=4c53c774ef0d] [PERF] Execution time=0.135397

[1 occurrence(s)]
INFO --> [REQ_ID=fca6e1c4db00] [PERF] Execution time=0.038309

[1 occurrence(s)]
INFO --> [REQ_ID=cbd4c0a013a2] [PERF] Execution time=0.013256

[1 occurrence(s)]
INFO --> [REQ_ID=b9f7dab75140] [MEMORY][controller-start] 4194304

[1 occurrence(s)]
INFO --> [REQ_ID=b9f7dab75140] [PERF] Execution time=0.041462

[1 occurrence(s)]
INFO --> [REQ_ID=5633840d7571] [PERF] Execution time=0.053087

[1 occurrence(s)]
INFO --> [REQ_ID=22adc0b084d4] [PERF] Execution time=0.010517

[1 occurrence(s)]
INFO --> [REQ_ID=599e1aaf7754] [PERF] Execution time=0.011522

[1 occurrence(s)]
INFO --> [REQ_ID=4c35446a9b69] [MEMORY][controller-start] 4194304

[1 occurrence(s)]
INFO --> [REQ_ID=4c35446a9b69] [PERF] Execution time=0.157285

[1 occurrence(s)]
INFO --> [REQ_ID=b2a0f3cb60b7] [PERF] Execution time=0.167176

[1 occurrence(s)]
INFO --> [REQ_ID=e822f6d71278] [MEMORY][controller-start] 6291456

[2 occurrence(s)]
INFO --> [REQ_ID=e822f6d71278] [MEMORY][commonData:start] 6291456

[1 occurrence(s)]
INFO --> [REQ_ID=e822f6d71278] [PERF] Execution time=0.125157

[1 occurrence(s)]
INFO --> [REQ_ID=e7bd6f17c67b] [PERF] Execution time=0.176425

[1 occurrence(s)]
INFO --> [REQ_ID=7f364de48bf5] [PERF] Execution time=0.152977

[1 occurrence(s)]
INFO --> [REQ_ID=af4f0cba97c3] [PERF] Execution time=0.255125

[1 occurrence(s)]
INFO --> [SPARK_START] App\Commands\AIOps\Run

[3 occurrence(s)]
INFO --> [SPARK_MEMORY] 20971520

[1 occurrence(s)]
INFO --> [spark:aiops:run] Intent

[1 occurrence(s)]
INFO --> [spark:ops:work] Started

[1 occurrence(s)]
INFO --> [SPARK_START] App\Commands\Ops\Work

[1 occurrence(s)]
INFO --> [spark:ops:work] Intent

[1 occurrence(s)]
INFO --> [spark:ops:work] Completed

[1 occurrence(s)]
INFO --> [SPARK_COMPLETE] App\Commands\Ops\Work duration=0.141803

[1 occurrence(s)]
INFO --> [SPARK_MEMORY] 23068672

[1 occurrence(s)]
INFO --> [REQ_ID=660cd3b4a409] [PERF] Execution time=0.137958

[1 occurrence(s)]
INFO --> [AIOPS][SPARK][GOVERNANCE][spark:logs:summarize] Started

[1 occurrence(s)]
INFO --> [SPARK_START] App\Commands\Logs\Summarize

[1 occurrence(s)]
INFO --> [spark:logs:summarize] Intent


---------------------------
LEVEL: NOTICE
---------------------------

[1 occurrence(s)]
NOTICE --> [ACTIVATION] Activation failed: missing token


---------------------------
LEVEL: WARNING
---------------------------

[66 occurrence(s)]
WARNING --> Optional view path missing; using default path


---------------------------
LEVEL: ERROR
---------------------------

[289 occurrence(s)]
ERROR --> [404_ROUTE]

[2 occurrence(s)]
ERROR --> HowItWorksController failure: Invalid file: "Modules/Blog/Views/HowItWorks/partials/navigation.php" | file=APPPATH/Modules/Blog/Controllers/HowItWorksController.php line=249


===============================================
   HERE'S THE NEW STUFF
   (No previous timestamp recorded – nothing treated as new)
===============================================

---- CONFIG LINT ----
✅ Services::cache
✅ Services::responsecache
✅ Services::session
✅ Services::email
✅ Services::logger
✅ Services::validation
✅ Services::renderer
