===============================================
   MyMI Wallet — Log Summary for 2026-04-18
   Auto-generated by logs:summarize command
   Grouped by (LEVEL + message)
===============================================

Last processed up to: <none> (first run for this date)

---------------------------
LEVEL: DEBUG
---------------------------

[1 occurrence(s)]
DEBUG --> [REQ_ID=05f5aa4950fe] [REQUEST][START] GET /index.php/API/Management/Run-CRON-Tasks

[557 occurrence(s)]
DEBUG --> Session: Class initialized using 'CodeIgniter\Session\Handlers\FileHandler' driver.

[1 occurrence(s)]
DEBUG --> [REQ_ID=05f5aa4950fe] [FILTER_BEFORE] /index.php/API/Management/Run-CRON-Tasks

[1 occurrence(s)]
DEBUG --> [REQ_ID=05f5aa4950fe] [ROUTE] Controller=\App\Modules\APIs\Controllers\ManagementAPIController Method=Run_CRON_Tasks

[1 occurrence(s)]
DEBUG --> [REQ_ID=05f5aa4950fe] [LIFECYCLE][START] GET https://mymiwallet.com/index.php/API/Management/Run-CRON-Tasks

[1 occurrence(s)]
DEBUG --> [REQ_ID=05f5aa4950fe] [REQUEST][END]

[1 occurrence(s)]
DEBUG --> [REQ_ID=f308fb06bafe] [REQUEST][START] GET /Subscriptions

[1 occurrence(s)]
DEBUG --> [REQ_ID=f308fb06bafe] [REQUEST][END]

[1 occurrence(s)]
DEBUG --> [REQ_ID=4fd9a2142192] [REQUEST][START] GET /

[1 occurrence(s)]
DEBUG --> [REQ_ID=4fd9a2142192] [REQUEST][END]

[1 occurrence(s)]
DEBUG --> [REQ_ID=426d7041b63a] [REQUEST][START] GET /index.php/Management/Marketing/Schedule

[1 occurrence(s)]
DEBUG --> [REQ_ID=426d7041b63a] [FILTER_BEFORE] /index.php/Management/Marketing/Schedule

[1 occurrence(s)]
DEBUG --> [REQ_ID=426d7041b63a] [ROUTE] Controller=\App\Modules\Management\Controllers\MarketingAdminController Method=schedule

[1 occurrence(s)]
DEBUG --> [REQ_ID=426d7041b63a] [LIFECYCLE][START] GET https://mymiwallet.com/index.php/Management/Marketing/Schedule

[1 occurrence(s)]
DEBUG --> [CSRF] token name=csrf_test_name hash=4d6c73ac29c2acfa67cd8b746d59db05

[1 occurrence(s)]
DEBUG --> [REQ_ID=426d7041b63a] [REQUEST][END]

[1 occurrence(s)]
DEBUG --> [REQ_ID=2f9a7d866673] [REQUEST][START] GET /index.php/login

[1 occurrence(s)]
DEBUG --> [REQ_ID=2f9a7d866673] [FILTER_BEFORE] /index.php/login

[1 occurrence(s)]
DEBUG --> [REQ_ID=2f9a7d866673] [ROUTE] Controller=\App\Controllers\AuthController Method=login

[1 occurrence(s)]
DEBUG --> [REQ_ID=2f9a7d866673] [LIFECYCLE][START] GET https://mymiwallet.com/index.php/login

[1 occurrence(s)]
DEBUG --> [CSRF] token name=csrf_test_name hash=3c977d2e2b5bd5f071377127e7f108d3

[1 occurrence(s)]
DEBUG --> [REQ_ID=9c89960c91d7] [INIT] App\Controllers\AuthController::GET

[157 occurrence(s)]
DEBUG --> [TRACE]

[222 occurrence(s)]
DEBUG --> [VIEW_RESOLUTION] Render configuration

[111 occurrence(s)]
DEBUG --> [AUTH_RENDER] Final render config

[1 occurrence(s)]
DEBUG --> [REQ_ID=2f9a7d866673] [FILTER_AFTER]

[1 occurrence(s)]
DEBUG --> [REQ_ID=2f9a7d866673] [LIFECYCLE][END] status=200 duration_ms=131.31 memory_delta=2097152

[1 occurrence(s)]
DEBUG --> [REQ_ID=2f9a7d866673] [REQUEST][END]

[1 occurrence(s)]
DEBUG --> [REQ_ID=f7995035e9c1] [REQUEST][START] GET /index.php/API/Alerts/fetchEmailAlerts

[1 occurrence(s)]
DEBUG --> [REQ_ID=f7995035e9c1] [FILTER_BEFORE] /index.php/API/Alerts/fetchEmailAlerts

[1 occurrence(s)]
DEBUG --> [REQ_ID=f7995035e9c1] [ROUTE] Controller=\App\Modules\APIs\Controllers\AlertsAPIController Method=fetchEmailAlerts

[1 occurrence(s)]
DEBUG --> [REQ_ID=f7995035e9c1] [LIFECYCLE][START] GET https://mymiwallet.com/index.php/API/Alerts/fetchEmailAlerts

[1 occurrence(s)]
DEBUG --> [REQ_ID=f7995035e9c1] [REQUEST][END]

[1 occurrence(s)]
DEBUG --> [REQ_ID=c497d0ca5cab] [REQUEST][START] GET /Stock/NYSE/CUZ

[1 occurrence(s)]
DEBUG --> [REQ_ID=c497d0ca5cab] [REQUEST][END]

[1 occurrence(s)]
DEBUG --> [REQ_ID=2f6aca7668dd] [REQUEST][START] GET /

[1 occurrence(s)]
DEBUG --> [REQ_ID=2f6aca7668dd] [FILTER_BEFORE] /

[1 occurrence(s)]
DEBUG --> [REQ_ID=2f6aca7668dd] [ROUTE] Controller=\App\Controllers\Home Method=index

[1 occurrence(s)]
DEBUG --> [REQ_ID=2f6aca7668dd] [LIFECYCLE][START] GET https://mymiwallet.com/index.php/

[1 occurrence(s)]
DEBUG --> [CSRF] token name=csrf_test_name hash=c9e1612fc7d3918f5eb1f418e41d98cc

[1 occurrence(s)]
DEBUG --> [REQ_ID=d023f4a143c9] [INIT] App\Controllers\Home::GET

[13 occurrence(s)]
DEBUG --> [MetaService] slug= pageName= cacheHit= path=FALLBACK

[1 occurrence(s)]
DEBUG --> [REQ_ID=d023f4a143c9] [VIEW_RENDER] themes/public/home

[6 occurrence(s)]
DEBUG --> [MetaService] slug= pageName=Home cacheHit= path=DB

[1 occurrence(s)]
DEBUG --> [REQ_ID=2f6aca7668dd] [FILTER_AFTER]

[1 occurrence(s)]
DEBUG --> [REQ_ID=2f6aca7668dd] [LIFECYCLE][END] status=200 duration_ms=688.20 memory_delta=4194304

[1 occurrence(s)]
DEBUG --> [REQ_ID=2f6aca7668dd] [REQUEST][END]

[1 occurrence(s)]
DEBUG --> [REQ_ID=1d266a77426f] [REQUEST][START] GET /index.php/forgot

[1 occurrence(s)]
DEBUG --> [REQ_ID=1d266a77426f] [FILTER_BEFORE] /index.php/forgot

[1 occurrence(s)]
DEBUG --> [REQ_ID=1d266a77426f] [ROUTE] Controller=\App\Modules\PropFirms\Controllers\PropFirmsController Method=index

[1 occurrence(s)]
DEBUG --> [REQ_ID=1d266a77426f] [LIFECYCLE][START] GET https://mymiwallet.com/index.php/forgot

[3 occurrence(s)]
DEBUG --> [CSRF] token name=csrf_test_name hash=d50099f658292caa698b6bd696f626e8

[1 occurrence(s)]
DEBUG --> [REQ_ID=124d3f7d619f] [INIT] App\Modules\PropFirms\Controllers\PropFirmsController::GET

[1 occurrence(s)]
DEBUG --> [REQ_ID=124d3f7d619f] [METHOD_ENTRY] index

[9 occurrence(s)]
DEBUG --> MyMIUser L52 - initialized (first log).

[9 occurrence(s)]
DEBUG --> [SERVICE] App\Services\BudgetService ::setUserId

[9 occurrence(s)]
DEBUG --> MyMICoin initialized ONCE

[9 occurrence(s)]
DEBUG --> MyMICoin: guest context detected; skipping user-specific preload.

[1 occurrence(s)]
DEBUG --> [REQ_ID=1d266a77426f] [FILTER_AFTER]

[1 occurrence(s)]
DEBUG --> [REQ_ID=1d266a77426f] [LIFECYCLE][END] status=302 duration_ms=73.72 memory_delta=0

[1 occurrence(s)]
DEBUG --> [REQ_ID=1d266a77426f] [REQUEST][END]

[1 occurrence(s)]
DEBUG --> [REQ_ID=028e3bc9e84f] [REQUEST][START] GET /index.php/Dashboard/PropFirms

[1 occurrence(s)]
DEBUG --> [REQ_ID=028e3bc9e84f] [FILTER_BEFORE] /index.php/Dashboard/PropFirms

[1 occurrence(s)]
DEBUG --> [REQ_ID=028e3bc9e84f] [ROUTE] Controller=\App\Modules\PropFirms\Controllers\PropFirmsController Method=index

[1 occurrence(s)]
DEBUG --> [REQ_ID=028e3bc9e84f] [LIFECYCLE][START] GET https://mymiwallet.com/index.php/Dashboard/PropFirms

[1 occurrence(s)]
DEBUG --> [REQ_ID=028e3bc9e84f] [REQUEST][END]

[1 occurrence(s)]
DEBUG --> [REQ_ID=b9d1bdc50c15] [REQUEST][START] GET /index.php/login

[1 occurrence(s)]
DEBUG --> [REQ_ID=b9d1bdc50c15] [FILTER_BEFORE] /index.php/login

[1 occurrence(s)]
DEBUG --> [REQ_ID=b9d1bdc50c15] [ROUTE] Controller=\App\Controllers\AuthController Method=login

[1 occurrence(s)]
DEBUG --> [REQ_ID=b9d1bdc50c15] [LIFECYCLE][START] GET https://mymiwallet.com/index.php/login

[1 occurrence(s)]
DEBUG --> [REQ_ID=5ba68d8ec6d2] [INIT] App\Controllers\AuthController::GET

[1 occurrence(s)]
DEBUG --> [REQ_ID=b9d1bdc50c15] [FILTER_AFTER]

[1 occurrence(s)]
DEBUG --> [REQ_ID=b9d1bdc50c15] [LIFECYCLE][END] status=200 duration_ms=41.63 memory_delta=0

[1 occurrence(s)]
DEBUG --> [REQ_ID=b9d1bdc50c15] [REQUEST][END]

[1 occurrence(s)]
DEBUG --> [REQ_ID=36c5ad781949] [REQUEST][START] GET /index.php/

[1 occurrence(s)]
DEBUG --> [REQ_ID=36c5ad781949] [FILTER_BEFORE] /index.php/

[1 occurrence(s)]
DEBUG --> [REQ_ID=36c5ad781949] [ROUTE] Controller=\App\Controllers\Home Method=index

[1 occurrence(s)]
DEBUG --> [REQ_ID=36c5ad781949] [LIFECYCLE][START] GET https://mymiwallet.com/index.php/

[1 occurrence(s)]
DEBUG --> [CSRF] token name=csrf_test_name hash=adef6bbb41c101a3a28b8c8eed3bc077

[1 occurrence(s)]
DEBUG --> [REQ_ID=531b81071d55] [INIT] App\Controllers\Home::GET

[19 occurrence(s)]
DEBUG --> [MetaService] slug= pageName= cacheHit=1 path=CACHE

[1 occurrence(s)]
DEBUG --> [REQ_ID=531b81071d55] [VIEW_RENDER] themes/public/home

[26 occurrence(s)]
DEBUG --> [MetaService] slug= pageName=Home cacheHit=1 path=CACHE

[1 occurrence(s)]
DEBUG --> [REQ_ID=36c5ad781949] [FILTER_AFTER]

[1 occurrence(s)]
DEBUG --> [REQ_ID=36c5ad781949] [LIFECYCLE][END] status=200 duration_ms=613.53 memory_delta=4194304

[1 occurrence(s)]
DEBUG --> [REQ_ID=36c5ad781949] [REQUEST][END]

[1 occurrence(s)]
DEBUG --> [REQ_ID=c7d7106d6ca1] [REQUEST][START] GET /ads.txt

[1 occurrence(s)]
DEBUG --> [REQ_ID=c7d7106d6ca1] [REQUEST][END]

[1 occurrence(s)]
DEBUG --> [REQ_ID=384990ea1939] [REQUEST][START] GET /index.php/login

[1 occurrence(s)]
DEBUG --> [REQ_ID=384990ea1939] [FILTER_BEFORE] /index.php/login

[1 occurrence(s)]
DEBUG --> [REQ_ID=384990ea1939] [ROUTE] Controller=\App\Controllers\AuthController Method=login

[1 occurrence(s)]
DEBUG --> [REQ_ID=384990ea1939] [LIFECYCLE][START] GET https://mymiwallet.com/index.php/login

[1 occurrence(s)]
DEBUG --> [CSRF] token name=csrf_test_name hash=9e8039a534aaf180a79fc33e70cb174d

[1 occurrence(s)]
DEBUG --> [REQ_ID=9e4c3ad148dc] [INIT] App\Controllers\AuthController::GET

[1 occurrence(s)]
DEBUG --> [REQ_ID=384990ea1939] [FILTER_AFTER]

[1 occurrence(s)]
DEBUG --> [REQ_ID=384990ea1939] [LIFECYCLE][END] status=200 duration_ms=110.89 memory_delta=0

[1 occurrence(s)]
DEBUG --> [REQ_ID=384990ea1939] [REQUEST][END]

[1 occurrence(s)]
DEBUG --> [REQ_ID=a5e995712df0] [REQUEST][START] GET /index.php/API/Management/Run-CRON-Tasks

[1 occurrence(s)]
DEBUG --> [REQ_ID=a5e995712df0] [FILTER_BEFORE] /index.php/API/Management/Run-CRON-Tasks

[1 occurrence(s)]
DEBUG --> [REQ_ID=a5e995712df0] [ROUTE] Controller=\App\Modules\APIs\Controllers\ManagementAPIController Method=Run_CRON_Tasks

[1 occurrence(s)]
DEBUG --> [REQ_ID=a5e995712df0] [LIFECYCLE][START] GET https://mymiwallet.com/index.php/API/Management/Run-CRON-Tasks

[1 occurrence(s)]
DEBUG --> [REQ_ID=a5e995712df0] [REQUEST][END]

[1 occurrence(s)]
DEBUG --> [REQ_ID=63e2f1640f5f] [REQUEST][START] GET /index.php

[1 occurrence(s)]
DEBUG --> [REQ_ID=63e2f1640f5f] [REQUEST][END]

[1 occurrence(s)]
DEBUG --> [REQ_ID=3d29f918d2a5] [REQUEST][START] GET /index.php/Knowledgebase

[1 occurrence(s)]
DEBUG --> [REQ_ID=3d29f918d2a5] [FILTER_BEFORE] /index.php/Knowledgebase

[1 occurrence(s)]
DEBUG --> [REQ_ID=3d29f918d2a5] [ROUTE] Controller=\App\Modules\PropFirms\Controllers\PropFirmsController Method=index

[1 occurrence(s)]
DEBUG --> [REQ_ID=3d29f918d2a5] [LIFECYCLE][START] GET https://mymiwallet.com/index.php/Knowledgebase

[2 occurrence(s)]
DEBUG --> [CSRF] token name=csrf_test_name hash=ed6adb053ad372c735a086a6bb0c6db0

[1 occurrence(s)]
DEBUG --> [REQ_ID=3d29f918d2a5] [REQUEST][END]

[1 occurrence(s)]
DEBUG --> [REQ_ID=96556611da0c] [REQUEST][START] GET /index.php/API/Alerts/fetchEmailAlerts

[1 occurrence(s)]
DEBUG --> [REQ_ID=96556611da0c] [FILTER_BEFORE] /index.php/API/Alerts/fetchEmailAlerts

[1 occurrence(s)]
DEBUG --> [REQ_ID=96556611da0c] [ROUTE] Controller=\App\Modules\APIs\Controllers\AlertsAPIController Method=fetchEmailAlerts

[1 occurrence(s)]
DEBUG --> [REQ_ID=96556611da0c] [LIFECYCLE][START] GET https://mymiwallet.com/index.php/API/Alerts/fetchEmailAlerts

[1 occurrence(s)]
DEBUG --> [REQ_ID=96556611da0c] [REQUEST][END]

[1 occurrence(s)]
DEBUG --> [REQ_ID=6e1292a050d1] [REQUEST][START] GET /index.php/login

[1 occurrence(s)]
DEBUG --> [REQ_ID=6e1292a050d1] [FILTER_BEFORE] /index.php/login

[1 occurrence(s)]
DEBUG --> [REQ_ID=6e1292a050d1] [ROUTE] Controller=\App\Controllers\AuthController Method=login

[1 occurrence(s)]
DEBUG --> [REQ_ID=6e1292a050d1] [LIFECYCLE][START] GET https://mymiwallet.com/index.php/login

[1 occurrence(s)]
DEBUG --> [REQ_ID=73c11a08380d] [INIT] App\Controllers\AuthController::GET

[1 occurrence(s)]
DEBUG --> [REQ_ID=6e1292a050d1] [FILTER_AFTER]

[1 occurrence(s)]
DEBUG --> [REQ_ID=6e1292a050d1] [LIFECYCLE][END] status=200 duration_ms=58.59 memory_delta=0

[1 occurrence(s)]
DEBUG --> [REQ_ID=6e1292a050d1] [REQUEST][END]

[1 occurrence(s)]
DEBUG --> [REQ_ID=5404e9bd6caf] [REQUEST][START] GET /index.php/login

[1 occurrence(s)]
DEBUG --> [REQ_ID=5404e9bd6caf] [FILTER_BEFORE] /index.php/login

[1 occurrence(s)]
DEBUG --> [REQ_ID=5404e9bd6caf] [ROUTE] Controller=\App\Controllers\AuthController Method=login

[1 occurrence(s)]
DEBUG --> [REQ_ID=5404e9bd6caf] [LIFECYCLE][START] GET https://mymiwallet.com/index.php/login

[1 occurrence(s)]
DEBUG --> [CSRF] token name=csrf_test_name hash=37de20b736f999fc6d6e5c9dfb423459

[1 occurrence(s)]
DEBUG --> [REQ_ID=d15e7a60921f] [INIT] App\Controllers\AuthController::GET

[1 occurrence(s)]
DEBUG --> [REQ_ID=5404e9bd6caf] [FILTER_AFTER]

[1 occurrence(s)]
DEBUG --> [REQ_ID=5404e9bd6caf] [LIFECYCLE][END] status=200 duration_ms=210.11 memory_delta=0

[1 occurrence(s)]
DEBUG --> [REQ_ID=5404e9bd6caf] [REQUEST][END]

[1 occurrence(s)]
DEBUG --> [REQ_ID=8417e9d3d38d] [REQUEST][START] GET /

[1 occurrence(s)]
DEBUG --> [REQ_ID=8417e9d3d38d] [REQUEST][END]

[1 occurrence(s)]
DEBUG --> [REQ_ID=bd61a2ee486c] [REQUEST][START] GET /

[1 occurrence(s)]
DEBUG --> [REQ_ID=bd61a2ee486c] [REQUEST][END]

[1 occurrence(s)]
DEBUG --> [REQ_ID=f5b278df917a] [REQUEST][START] GET /

[1 occurrence(s)]
DEBUG --> [REQ_ID=f5b278df917a] [FILTER_BEFORE] /

[1 occurrence(s)]
DEBUG --> [REQ_ID=f5b278df917a] [ROUTE] Controller=\App\Controllers\Home Method=index

[1 occurrence(s)]
DEBUG --> [REQ_ID=f5b278df917a] [LIFECYCLE][START] GET https://mymiwallet.com/index.php/

[1 occurrence(s)]
DEBUG --> [CSRF] token name=csrf_test_name hash=7b0be7328affb5661f40d4e081133f05

[1 occurrence(s)]
DEBUG --> [REQ_ID=1649f990be31] [INIT] App\Controllers\Home::GET

[1 occurrence(s)]
DEBUG --> [REQ_ID=1649f990be31] [VIEW_RENDER] themes/public/home

[1 occurrence(s)]
DEBUG --> [REQ_ID=f5b278df917a] [FILTER_AFTER]

[1 occurrence(s)]
DEBUG --> [REQ_ID=f5b278df917a] [LIFECYCLE][END] status=200 duration_ms=599.69 memory_delta=4194304

[1 occurrence(s)]
DEBUG --> [REQ_ID=f5b278df917a] [REQUEST][END]

[1 occurrence(s)]
DEBUG --> [REQ_ID=c88fefc1e381] [REQUEST][START] GET /index.php/Knowledgebase

[1 occurrence(s)]
DEBUG --> [REQ_ID=c88fefc1e381] [FILTER_BEFORE] /index.php/Knowledgebase

[1 occurrence(s)]
DEBUG --> [REQ_ID=c88fefc1e381] [ROUTE] Controller=\App\Modules\PropFirms\Controllers\PropFirmsController Method=index

[1 occurrence(s)]
DEBUG --> [REQ_ID=c88fefc1e381] [LIFECYCLE][START] GET https://mymiwallet.com/index.php/Knowledgebase

[2 occurrence(s)]
DEBUG --> [CSRF] token name=csrf_test_name hash=20e4e2c23f6e0f8e29f27b531d7bb40c

[1 occurrence(s)]
DEBUG --> [REQ_ID=c88fefc1e381] [REQUEST][END]

[1 occurrence(s)]
DEBUG --> [REQ_ID=9a600067f832] [REQUEST][START] GET /index.php/login

[1 occurrence(s)]
DEBUG --> [REQ_ID=9a600067f832] [FILTER_BEFORE] /index.php/login

[1 occurrence(s)]
DEBUG --> [REQ_ID=9a600067f832] [ROUTE] Controller=\App\Controllers\AuthController Method=login

[1 occurrence(s)]
DEBUG --> [REQ_ID=9a600067f832] [LIFECYCLE][START] GET https://mymiwallet.com/index.php/login

[1 occurrence(s)]
DEBUG --> [REQ_ID=36d50ae0ae96] [INIT] App\Controllers\AuthController::GET

[1 occurrence(s)]
DEBUG --> [REQ_ID=9a600067f832] [FILTER_AFTER]

[1 occurrence(s)]
DEBUG --> [REQ_ID=9a600067f832] [LIFECYCLE][END] status=200 duration_ms=55.96 memory_delta=2097152

[1 occurrence(s)]
DEBUG --> [REQ_ID=9a600067f832] [REQUEST][END]

[1 occurrence(s)]
DEBUG --> [REQ_ID=c62a161679ed] [REQUEST][START] GET /index.php/How-It-Works/Registering-An-Account

[1 occurrence(s)]
DEBUG --> [REQ_ID=c62a161679ed] [FILTER_BEFORE] /index.php/How-It-Works/Registering-An-Account

[1 occurrence(s)]
DEBUG --> [REQ_ID=c62a161679ed] [ROUTE] Controller=\App\Modules\Blog\Controllers\HowItWorksController Method=show

[1 occurrence(s)]
DEBUG --> [REQ_ID=c62a161679ed] [LIFECYCLE][START] GET https://mymiwallet.com/index.php/How-It-Works/Registering-An-Account

[1 occurrence(s)]
DEBUG --> [CSRF] token name=csrf_test_name hash=994635add196999ddfb3ac3d7e9fa889

[1 occurrence(s)]
DEBUG --> [REQ_ID=1d88735d66d7] [INIT] App\Modules\Blog\Controllers\HowItWorksController::GET

[1 occurrence(s)]
DEBUG --> [REQ_ID=1d88735d66d7] [METHOD_ENTRY] show

[1 occurrence(s)]
DEBUG --> [HOW_IT_WORKS] slug=registering-an-account

[1 occurrence(s)]
DEBUG --> [REQ_ID=c62a161679ed] [FILTER_AFTER]

[1 occurrence(s)]
DEBUG --> [REQ_ID=c62a161679ed] [LIFECYCLE][END] status=200 duration_ms=632.52 memory_delta=4194304

[1 occurrence(s)]
DEBUG --> [REQ_ID=c62a161679ed] [REQUEST][END]

[1 occurrence(s)]
DEBUG --> [REQ_ID=4e7834ff1d10] [REQUEST][START] GET /index.php/API/Management/Run-CRON-Tasks

[1 occurrence(s)]
DEBUG --> [REQ_ID=4e7834ff1d10] [FILTER_BEFORE] /index.php/API/Management/Run-CRON-Tasks

[1 occurrence(s)]
DEBUG --> [REQ_ID=4e7834ff1d10] [ROUTE] Controller=\App\Modules\APIs\Controllers\ManagementAPIController Method=Run_CRON_Tasks

[1 occurrence(s)]
DEBUG --> [REQ_ID=4e7834ff1d10] [LIFECYCLE][START] GET https://mymiwallet.com/index.php/API/Management/Run-CRON-Tasks

[1 occurrence(s)]
DEBUG --> [REQ_ID=4e7834ff1d10] [REQUEST][END]

[1 occurrence(s)]
DEBUG --> [REQ_ID=905f58d433e9] [REQUEST][START] GET /index.php/register

[1 occurrence(s)]
DEBUG --> [REQ_ID=905f58d433e9] [FILTER_BEFORE] /index.php/register

[1 occurrence(s)]
DEBUG --> [REQ_ID=905f58d433e9] [ROUTE] Controller=\App\Controllers\AuthController Method=register

[1 occurrence(s)]
DEBUG --> [REQ_ID=905f58d433e9] [LIFECYCLE][START] GET https://mymiwallet.com/index.php/register

[1 occurrence(s)]
DEBUG --> [CSRF] token name=csrf_test_name hash=634d9dea2389cce034995ceda8daea01

[1 occurrence(s)]
DEBUG --> [REQ_ID=2a43dbc0f204] [INIT] App\Controllers\AuthController::GET

[2 occurrence(s)]
DEBUG --> [AUTH_REGISTER] register() render payload prepared

[2 occurrence(s)]
DEBUG --> [AUTH_REGISTER_VIEW] intro partial

[1 occurrence(s)]
DEBUG --> [REQ_ID=a46b215acbd7] [REQUEST][START] GET /index.php/Support/Account

[1 occurrence(s)]
DEBUG --> [REQ_ID=a46b215acbd7] [FILTER_BEFORE] /index.php/Support/Account

[1 occurrence(s)]
DEBUG --> [REQ_ID=a46b215acbd7] [ROUTE] Controller=\App\Modules\Support\Controllers\AccountSupportController Method=index

[1 occurrence(s)]
DEBUG --> [REQ_ID=a46b215acbd7] [LIFECYCLE][START] GET https://mymiwallet.com/index.php/Support/Account

[1 occurrence(s)]
DEBUG --> [CSRF] token name=csrf_test_name hash=4367eaeaa3372c2309399c6792eb56d4

[1 occurrence(s)]
DEBUG --> [REQ_ID=5396b83d8c20] [INIT] App\Modules\Support\Controllers\AccountSupportController::GET

[1 occurrence(s)]
DEBUG --> [REQ_ID=5396b83d8c20] [METHOD_ENTRY] index

[1 occurrence(s)]
DEBUG --> [REQ_ID=5396b83d8c20] [VIEW_RENDER] SupportModule/Support/account_help

[1 occurrence(s)]
DEBUG --> [REQ_ID=a46b215acbd7] [FILTER_AFTER]

[1 occurrence(s)]
DEBUG --> [REQ_ID=a46b215acbd7] [LIFECYCLE][END] status=200 duration_ms=108.32 memory_delta=2097152

[1 occurrence(s)]
DEBUG --> [REQ_ID=a46b215acbd7] [REQUEST][END]

[1 occurrence(s)]
DEBUG --> [REQ_ID=89bef76e5cbc] [REQUEST][START] GET /.env

[1 occurrence(s)]
DEBUG --> [REQ_ID=89bef76e5cbc] [FILTER_BEFORE] /.env

[1 occurrence(s)]
DEBUG --> [REQ_ID=89bef76e5cbc] [ROUTE] Controller=\App\Modules\PropFirms\Controllers\PropFirmsController Method=index

[1 occurrence(s)]
DEBUG --> [REQ_ID=89bef76e5cbc] [LIFECYCLE][START] GET https://mymiwallet.com/index.php/.env

[1 occurrence(s)]
DEBUG --> [CSRF] token name=csrf_test_name hash=65a4e8d4fd7c2e5f30d417a5abec3b46

[1 occurrence(s)]
DEBUG --> [REQ_ID=89bef76e5cbc] [REQUEST][END]

[1 occurrence(s)]
DEBUG --> [REQ_ID=8d363c0fcb5c] [REQUEST][START] GET /index.php/login

[1 occurrence(s)]
DEBUG --> [REQ_ID=8d363c0fcb5c] [FILTER_BEFORE] /index.php/login

[1 occurrence(s)]
DEBUG --> [REQ_ID=8d363c0fcb5c] [ROUTE] Controller=\App\Controllers\AuthController Method=login

[1 occurrence(s)]
DEBUG --> [REQ_ID=8d363c0fcb5c] [LIFECYCLE][START] GET https://mymiwallet.com/index.php/login

[1 occurrence(s)]
DEBUG --> [CSRF] token name=csrf_test_name hash=93273e4295fd45e0b5269d5ff518be05

[1 occurrence(s)]
DEBUG --> [REQ_ID=3dcdab28d6a8] [INIT] App\Controllers\AuthController::GET

[1 occurrence(s)]
DEBUG --> [REQ_ID=8d363c0fcb5c] [FILTER_AFTER]

[1 occurrence(s)]
DEBUG --> [REQ_ID=8d363c0fcb5c] [LIFECYCLE][END] status=200 duration_ms=167.59 memory_delta=0

[1 occurrence(s)]
DEBUG --> [REQ_ID=8d363c0fcb5c] [REQUEST][END]

[1 occurrence(s)]
DEBUG --> [REQ_ID=4dd68eb00de4] [REQUEST][START] GET /index.php/register

[1 occurrence(s)]
DEBUG --> [REQ_ID=4dd68eb00de4] [FILTER_BEFORE] /index.php/register

[1 occurrence(s)]
DEBUG --> [REQ_ID=4dd68eb00de4] [ROUTE] Controller=\App\Controllers\AuthController Method=register

[1 occurrence(s)]
DEBUG --> [REQ_ID=4dd68eb00de4] [LIFECYCLE][START] GET https://mymiwallet.com/index.php/register

[1 occurrence(s)]
DEBUG --> [CSRF] token name=csrf_test_name hash=2e86fd63308faba9906358f630492026

[1 occurrence(s)]
DEBUG --> [REQ_ID=52da0c43445e] [INIT] App\Controllers\AuthController::GET

[1 occurrence(s)]
DEBUG --> [REQ_ID=455cb22dfb61] [REQUEST][START] GET /index.php/Support/Account

[1 occurrence(s)]
DEBUG --> [REQ_ID=455cb22dfb61] [FILTER_BEFORE] /index.php/Support/Account

[1 occurrence(s)]
DEBUG --> [REQ_ID=455cb22dfb61] [ROUTE] Controller=\App\Modules\Support\Controllers\AccountSupportController Method=index

[1 occurrence(s)]
DEBUG --> [REQ_ID=455cb22dfb61] [LIFECYCLE][START] GET https://mymiwallet.com/index.php/Support/Account

[1 occurrence(s)]
DEBUG --> [CSRF] token name=csrf_test_name hash=28c197a3439a669a33820534cfbefc66

[1 occurrence(s)]
DEBUG --> [REQ_ID=38ba3cda731b] [INIT] App\Modules\Support\Controllers\AccountSupportController::GET

[1 occurrence(s)]
DEBUG --> [REQ_ID=38ba3cda731b] [METHOD_ENTRY] index

[1 occurrence(s)]
DEBUG --> [REQ_ID=38ba3cda731b] [VIEW_RENDER] SupportModule/Support/account_help

[1 occurrence(s)]
DEBUG --> [REQ_ID=455cb22dfb61] [FILTER_AFTER]

[1 occurrence(s)]
DEBUG --> [REQ_ID=455cb22dfb61] [LIFECYCLE][END] status=200 duration_ms=218.30 memory_delta=2097152

[1 occurrence(s)]
DEBUG --> [REQ_ID=455cb22dfb61] [REQUEST][END]

[1 occurrence(s)]
DEBUG --> [REQ_ID=fa2b336de7f7] [REQUEST][START] GET /index.php/API/Alerts/fetchEmailAlerts

[1 occurrence(s)]
DEBUG --> [REQ_ID=fa2b336de7f7] [FILTER_BEFORE] /index.php/API/Alerts/fetchEmailAlerts

[1 occurrence(s)]
DEBUG --> [REQ_ID=fa2b336de7f7] [ROUTE] Controller=\App\Modules\APIs\Controllers\AlertsAPIController Method=fetchEmailAlerts

[1 occurrence(s)]
DEBUG --> [REQ_ID=fa2b336de7f7] [LIFECYCLE][START] GET https://mymiwallet.com/index.php/API/Alerts/fetchEmailAlerts

[1 occurrence(s)]
DEBUG --> [REQ_ID=fa2b336de7f7] [REQUEST][END]

[1 occurrence(s)]
DEBUG --> [REQ_ID=73c912ae8ba5] [REQUEST][START] GET /index.php

[1 occurrence(s)]
DEBUG --> [REQ_ID=73c912ae8ba5] [FILTER_BEFORE] /index.php

[1 occurrence(s)]
DEBUG --> [REQ_ID=73c912ae8ba5] [ROUTE] Controller=\App\Controllers\Home Method=index

[1 occurrence(s)]
DEBUG --> [REQ_ID=73c912ae8ba5] [LIFECYCLE][START] GET https://mymiwallet.com/index.php/

[1 occurrence(s)]
DEBUG --> [CSRF] token name=csrf_test_name hash=b8a8b87080bf4142f4e2347d658d52c7

[1 occurrence(s)]
DEBUG --> [REQ_ID=05f5653fa145] [INIT] App\Controllers\Home::GET

[1 occurrence(s)]
DEBUG --> [REQ_ID=05f5653fa145] [VIEW_RENDER] themes/public/home

[1 occurrence(s)]
DEBUG --> [REQ_ID=73c912ae8ba5] [FILTER_AFTER]

[1 occurrence(s)]
DEBUG --> [REQ_ID=73c912ae8ba5] [LIFECYCLE][END] status=200 duration_ms=619.45 memory_delta=4194304

[1 occurrence(s)]
DEBUG --> [REQ_ID=73c912ae8ba5] [REQUEST][END]

[1 occurrence(s)]
DEBUG --> [REQ_ID=40f1256d404f] [REQUEST][START] GET /wp-content/plugins/hellopress/wp_filemanager.php

[1 occurrence(s)]
DEBUG --> [REQ_ID=40f1256d404f] [REQUEST][END]

[1 occurrence(s)]
DEBUG --> [REQ_ID=c763bfec91aa] [REQUEST][START] GET /ws80.php

[1 occurrence(s)]
DEBUG --> [REQ_ID=c763bfec91aa] [FILTER_BEFORE] /ws80.php

[1 occurrence(s)]
DEBUG --> [REQ_ID=c763bfec91aa] [ROUTE] Controller=\App\Modules\PropFirms\Controllers\PropFirmsController Method=index

[1 occurrence(s)]
DEBUG --> [REQ_ID=c763bfec91aa] [LIFECYCLE][START] GET https://mymiwallet.com/index.php/ws80.php

[60 occurrence(s)]
DEBUG --> [CSRF] token name=csrf_test_name hash=496f5e0d4ae2b97398ac4d6304061b50

[1 occurrence(s)]
DEBUG --> [REQ_ID=c763bfec91aa] [REQUEST][END]

[1 occurrence(s)]
DEBUG --> [REQ_ID=645ae0cf1c06] [REQUEST][START] GET /index.php/login

[1 occurrence(s)]
DEBUG --> [REQ_ID=645ae0cf1c06] [FILTER_BEFORE] /index.php/login

[1 occurrence(s)]
DEBUG --> [REQ_ID=645ae0cf1c06] [ROUTE] Controller=\App\Controllers\AuthController Method=login

[1 occurrence(s)]
DEBUG --> [REQ_ID=645ae0cf1c06] [LIFECYCLE][START] GET https://mymiwallet.com/index.php/login

[1 occurrence(s)]
DEBUG --> [REQ_ID=9c80e688db50] [INIT] App\Controllers\AuthController::GET

[1 occurrence(s)]
DEBUG --> [REQ_ID=645ae0cf1c06] [FILTER_AFTER]

[1 occurrence(s)]
DEBUG --> [REQ_ID=645ae0cf1c06] [LIFECYCLE][END] status=200 duration_ms=32.36 memory_delta=0

[1 occurrence(s)]
DEBUG --> [REQ_ID=645ae0cf1c06] [REQUEST][END]

[1 occurrence(s)]
DEBUG --> [REQ_ID=193963906e58] [REQUEST][START] GET /inputs.php

[1 occurrence(s)]
DEBUG --> [REQ_ID=193963906e58] [FILTER_BEFORE] /inputs.php

[1 occurrence(s)]
DEBUG --> [REQ_ID=193963906e58] [ROUTE] Controller=\App\Modules\PropFirms\Controllers\PropFirmsController Method=index

[1 occurrence(s)]
DEBUG --> [REQ_ID=193963906e58] [LIFECYCLE][START] GET https://mymiwallet.com/index.php/inputs.php

[1 occurrence(s)]
DEBUG --> [REQ_ID=193963906e58] [REQUEST][END]

[1 occurrence(s)]
DEBUG --> [REQ_ID=b17e9702e405] [REQUEST][START] GET /index.php/login

[1 occurrence(s)]
DEBUG --> [REQ_ID=b17e9702e405] [FILTER_BEFORE] /index.php/login

[1 occurrence(s)]
DEBUG --> [REQ_ID=b17e9702e405] [ROUTE] Controller=\App\Controllers\AuthController Method=login

[1 occurrence(s)]
DEBUG --> [REQ_ID=b17e9702e405] [LIFECYCLE][START] GET https://mymiwallet.com/index.php/login

[1 occurrence(s)]
DEBUG --> [REQ_ID=65aba61aa64b] [INIT] App\Controllers\AuthController::GET

[1 occurrence(s)]
DEBUG --> [REQ_ID=b17e9702e405] [FILTER_AFTER]

[1 occurrence(s)]
DEBUG --> [REQ_ID=b17e9702e405] [LIFECYCLE][END] status=200 duration_ms=26.96 memory_delta=0

[1 occurrence(s)]
DEBUG --> [REQ_ID=b17e9702e405] [REQUEST][END]

[1 occurrence(s)]
DEBUG --> [REQ_ID=cd4e1004ad2a] [REQUEST][START] GET /ioxi-o.php

[1 occurrence(s)]
DEBUG --> [REQ_ID=cd4e1004ad2a] [FILTER_BEFORE] /ioxi-o.php

[1 occurrence(s)]
DEBUG --> [REQ_ID=cd4e1004ad2a] [ROUTE] Controller=\App\Modules\PropFirms\Controllers\PropFirmsController Method=index

[1 occurrence(s)]
DEBUG --> [REQ_ID=cd4e1004ad2a] [LIFECYCLE][START] GET https://mymiwallet.com/index.php/ioxi-o.php

[1 occurrence(s)]
DEBUG --> [REQ_ID=cd4e1004ad2a] [REQUEST][END]

[1 occurrence(s)]
DEBUG --> [REQ_ID=0bb002f33676] [REQUEST][START] GET /index.php/login

[1 occurrence(s)]
DEBUG --> [REQ_ID=0bb002f33676] [FILTER_BEFORE] /index.php/login

[1 occurrence(s)]
DEBUG --> [REQ_ID=0bb002f33676] [ROUTE] Controller=\App\Controllers\AuthController Method=login

[1 occurrence(s)]
DEBUG --> [REQ_ID=0bb002f33676] [LIFECYCLE][START] GET https://mymiwallet.com/index.php/login

[1 occurrence(s)]
DEBUG --> [REQ_ID=e8bc0f04da55] [INIT] App\Controllers\AuthController::GET

[1 occurrence(s)]
DEBUG --> [REQ_ID=0bb002f33676] [FILTER_AFTER]

[1 occurrence(s)]
DEBUG --> [REQ_ID=0bb002f33676] [LIFECYCLE][END] status=200 duration_ms=27.51 memory_delta=0

[1 occurrence(s)]
DEBUG --> [REQ_ID=0bb002f33676] [REQUEST][END]

[1 occurrence(s)]
DEBUG --> [REQ_ID=eb59c3eb1de6] [REQUEST][START] GET /8.php

[1 occurrence(s)]
DEBUG --> [REQ_ID=eb59c3eb1de6] [FILTER_BEFORE] /8.php

[1 occurrence(s)]
DEBUG --> [REQ_ID=eb59c3eb1de6] [ROUTE] Controller=\App\Modules\PropFirms\Controllers\PropFirmsController Method=index

[1 occurrence(s)]
DEBUG --> [REQ_ID=eb59c3eb1de6] [LIFECYCLE][START] GET https://mymiwallet.com/index.php/8.php

[1 occurrence(s)]
DEBUG --> [REQ_ID=eb59c3eb1de6] [REQUEST][END]

[1 occurrence(s)]
DEBUG --> [REQ_ID=43042d4d8fff] [REQUEST][START] GET /index.php/login

[1 occurrence(s)]
DEBUG --> [REQ_ID=43042d4d8fff] [FILTER_BEFORE] /index.php/login

[1 occurrence(s)]
DEBUG --> [REQ_ID=43042d4d8fff] [ROUTE] Controller=\App\Controllers\AuthController Method=login

[1 occurrence(s)]
DEBUG --> [REQ_ID=43042d4d8fff] [LIFECYCLE][START] GET https://mymiwallet.com/index.php/login

[1 occurrence(s)]
DEBUG --> [REQ_ID=260b49b63098] [INIT] App\Controllers\AuthController::GET

[1 occurrence(s)]
DEBUG --> [REQ_ID=43042d4d8fff] [FILTER_AFTER]

[1 occurrence(s)]
DEBUG --> [REQ_ID=43042d4d8fff] [LIFECYCLE][END] status=200 duration_ms=31.78 memory_delta=0

[1 occurrence(s)]
DEBUG --> [REQ_ID=43042d4d8fff] [REQUEST][END]

[1 occurrence(s)]
DEBUG --> [REQ_ID=1596dcc41fd8] [REQUEST][START] GET /jga.php

[1 occurrence(s)]
DEBUG --> [REQ_ID=1596dcc41fd8] [FILTER_BEFORE] /jga.php

[1 occurrence(s)]
DEBUG --> [REQ_ID=1596dcc41fd8] [ROUTE] Controller=\App\Modules\PropFirms\Controllers\PropFirmsController Method=index

[1 occurrence(s)]
DEBUG --> [REQ_ID=1596dcc41fd8] [LIFECYCLE][START] GET https://mymiwallet.com/index.php/jga.php

[1 occurrence(s)]
DEBUG --> [REQ_ID=1596dcc41fd8] [REQUEST][END]

[1 occurrence(s)]
DEBUG --> [REQ_ID=7145b70eedf4] [REQUEST][START] GET /index.php/login

[1 occurrence(s)]
DEBUG --> [REQ_ID=7145b70eedf4] [FILTER_BEFORE] /index.php/login

[1 occurrence(s)]
DEBUG --> [REQ_ID=7145b70eedf4] [ROUTE] Controller=\App\Controllers\AuthController Method=login

[1 occurrence(s)]
DEBUG --> [REQ_ID=7145b70eedf4] [LIFECYCLE][START] GET https://mymiwallet.com/index.php/login

[1 occurrence(s)]
DEBUG --> [REQ_ID=399c165a8a6b] [INIT] App\Controllers\AuthController::GET

[1 occurrence(s)]
DEBUG --> [REQ_ID=7145b70eedf4] [FILTER_AFTER]

[1 occurrence(s)]
DEBUG --> [REQ_ID=7145b70eedf4] [LIFECYCLE][END] status=200 duration_ms=40.02 memory_delta=0

[1 occurrence(s)]
DEBUG --> [REQ_ID=7145b70eedf4] [REQUEST][END]

[1 occurrence(s)]
DEBUG --> [REQ_ID=f532c85e6702] [REQUEST][START] GET /wp-admin/network/users.php

[1 occurrence(s)]
DEBUG --> [REQ_ID=f532c85e6702] [REQUEST][END]

[1 occurrence(s)]
DEBUG --> [REQ_ID=5e24cef9dbe4] [REQUEST][START] GET /an.php

[1 occurrence(s)]
DEBUG --> [REQ_ID=5e24cef9dbe4] [FILTER_BEFORE] /an.php

[1 occurrence(s)]
DEBUG --> [REQ_ID=5e24cef9dbe4] [ROUTE] Controller=\App\Modules\PropFirms\Controllers\PropFirmsController Method=index

[1 occurrence(s)]
DEBUG --> [REQ_ID=5e24cef9dbe4] [LIFECYCLE][START] GET https://mymiwallet.com/index.php/an.php

[1 occurrence(s)]
DEBUG --> [REQ_ID=5e24cef9dbe4] [REQUEST][END]

[1 occurrence(s)]
DEBUG --> [REQ_ID=68e4f9841d38] [REQUEST][START] GET /index.php/login

[1 occurrence(s)]
DEBUG --> [REQ_ID=68e4f9841d38] [FILTER_BEFORE] /index.php/login

[1 occurrence(s)]
DEBUG --> [REQ_ID=68e4f9841d38] [ROUTE] Controller=\App\Controllers\AuthController Method=login

[1 occurrence(s)]
DEBUG --> [REQ_ID=68e4f9841d38] [LIFECYCLE][START] GET https://mymiwallet.com/index.php/login

[1 occurrence(s)]
DEBUG --> [REQ_ID=6a14813f69c6] [INIT] App\Controllers\AuthController::GET

[1 occurrence(s)]
DEBUG --> [REQ_ID=68e4f9841d38] [FILTER_AFTER]

[1 occurrence(s)]
DEBUG --> [REQ_ID=68e4f9841d38] [LIFECYCLE][END] status=200 duration_ms=34.25 memory_delta=0

[1 occurrence(s)]
DEBUG --> [REQ_ID=68e4f9841d38] [REQUEST][END]

[1 occurrence(s)]
DEBUG --> [REQ_ID=0953c08c7415] [REQUEST][START] GET /wp-blog-header.php

[1 occurrence(s)]
DEBUG --> [REQ_ID=0953c08c7415] [FILTER_BEFORE] /wp-blog-header.php

[1 occurrence(s)]
DEBUG --> [REQ_ID=0953c08c7415] [ROUTE] Controller=\App\Modules\PropFirms\Controllers\PropFirmsController Method=index

[1 occurrence(s)]
DEBUG --> [REQ_ID=0953c08c7415] [LIFECYCLE][START] GET https://mymiwallet.com/index.php/wp-blog-header.php

[1 occurrence(s)]
DEBUG --> [REQ_ID=0953c08c7415] [REQUEST][END]

[1 occurrence(s)]
DEBUG --> [REQ_ID=d7b66be55a6e] [REQUEST][START] GET /index.php/login

[1 occurrence(s)]
DEBUG --> [REQ_ID=d7b66be55a6e] [FILTER_BEFORE] /index.php/login

[1 occurrence(s)]
DEBUG --> [REQ_ID=d7b66be55a6e] [ROUTE] Controller=\App\Controllers\AuthController Method=login

[1 occurrence(s)]
DEBUG --> [REQ_ID=d7b66be55a6e] [LIFECYCLE][START] GET https://mymiwallet.com/index.php/login

[1 occurrence(s)]
DEBUG --> [REQ_ID=f925a3bbe033] [INIT] App\Controllers\AuthController::GET

[1 occurrence(s)]
DEBUG --> [REQ_ID=d7b66be55a6e] [FILTER_AFTER]

[1 occurrence(s)]
DEBUG --> [REQ_ID=d7b66be55a6e] [LIFECYCLE][END] status=200 duration_ms=33.02 memory_delta=0

[1 occurrence(s)]
DEBUG --> [REQ_ID=d7b66be55a6e] [REQUEST][END]

[1 occurrence(s)]
DEBUG --> [REQ_ID=459bfdeb2c84] [REQUEST][START] GET /1.php

[1 occurrence(s)]
DEBUG --> [REQ_ID=459bfdeb2c84] [FILTER_BEFORE] /1.php

[1 occurrence(s)]
DEBUG --> [REQ_ID=459bfdeb2c84] [ROUTE] Controller=\App\Modules\PropFirms\Controllers\PropFirmsController Method=index

[1 occurrence(s)]
DEBUG --> [REQ_ID=459bfdeb2c84] [LIFECYCLE][START] GET https://mymiwallet.com/index.php/1.php

[1 occurrence(s)]
DEBUG --> [REQ_ID=459bfdeb2c84] [REQUEST][END]

[1 occurrence(s)]
DEBUG --> [REQ_ID=67126fc5a852] [REQUEST][START] GET /index.php/login

[1 occurrence(s)]
DEBUG --> [REQ_ID=67126fc5a852] [FILTER_BEFORE] /index.php/login

[1 occurrence(s)]
DEBUG --> [REQ_ID=67126fc5a852] [ROUTE] Controller=\App\Controllers\AuthController Method=login

[1 occurrence(s)]
DEBUG --> [REQ_ID=67126fc5a852] [LIFECYCLE][START] GET https://mymiwallet.com/index.php/login

[1 occurrence(s)]
DEBUG --> [REQ_ID=a7e1c22a830a] [INIT] App\Controllers\AuthController::GET

[1 occurrence(s)]
DEBUG --> [REQ_ID=67126fc5a852] [FILTER_AFTER]

[1 occurrence(s)]
DEBUG --> [REQ_ID=67126fc5a852] [LIFECYCLE][END] status=200 duration_ms=27.81 memory_delta=0

[1 occurrence(s)]
DEBUG --> [REQ_ID=67126fc5a852] [REQUEST][END]

[1 occurrence(s)]
DEBUG --> [REQ_ID=a888de248bb5] [REQUEST][START] GET /admlo.php

[1 occurrence(s)]
DEBUG --> [REQ_ID=a888de248bb5] [FILTER_BEFORE] /admlo.php

[1 occurrence(s)]
DEBUG --> [REQ_ID=a888de248bb5] [ROUTE] Controller=\App\Modules\PropFirms\Controllers\PropFirmsController Method=index

[1 occurrence(s)]
DEBUG --> [REQ_ID=a888de248bb5] [LIFECYCLE][START] GET https://mymiwallet.com/index.php/admlo.php

[1 occurrence(s)]
DEBUG --> [REQ_ID=a888de248bb5] [REQUEST][END]

[1 occurrence(s)]
DEBUG --> [REQ_ID=ee8a1552816a] [REQUEST][START] GET /index.php/login

[1 occurrence(s)]
DEBUG --> [REQ_ID=ee8a1552816a] [FILTER_BEFORE] /index.php/login

[1 occurrence(s)]
DEBUG --> [REQ_ID=ee8a1552816a] [ROUTE] Controller=\App\Controllers\AuthController Method=login

[1 occurrence(s)]
DEBUG --> [REQ_ID=ee8a1552816a] [LIFECYCLE][START] GET https://mymiwallet.com/index.php/login

[1 occurrence(s)]
DEBUG --> [REQ_ID=84dba57df7f3] [INIT] App\Controllers\AuthController::GET

[1 occurrence(s)]
DEBUG --> [REQ_ID=ee8a1552816a] [FILTER_AFTER]

[1 occurrence(s)]
DEBUG --> [REQ_ID=ee8a1552816a] [LIFECYCLE][END] status=200 duration_ms=34.64 memory_delta=0

[1 occurrence(s)]
DEBUG --> [REQ_ID=ee8a1552816a] [REQUEST][END]

[1 occurrence(s)]
DEBUG --> [REQ_ID=6f2912e58d0f] [REQUEST][START] GET /t.php

[1 occurrence(s)]
DEBUG --> [REQ_ID=6f2912e58d0f] [FILTER_BEFORE] /t.php

[1 occurrence(s)]
DEBUG --> [REQ_ID=6f2912e58d0f] [ROUTE] Controller=\App\Modules\PropFirms\Controllers\PropFirmsController Method=index

[1 occurrence(s)]
DEBUG --> [REQ_ID=6f2912e58d0f] [LIFECYCLE][START] GET https://mymiwallet.com/index.php/t.php

[1 occurrence(s)]
DEBUG --> [REQ_ID=6f2912e58d0f] [REQUEST][END]

[1 occurrence(s)]
DEBUG --> [REQ_ID=c2f444476eec] [REQUEST][START] GET /index.php/login

[1 occurrence(s)]
DEBUG --> [REQ_ID=c2f444476eec] [FILTER_BEFORE] /index.php/login

[1 occurrence(s)]
DEBUG --> [REQ_ID=c2f444476eec] [ROUTE] Controller=\App\Controllers\AuthController Method=login

[1 occurrence(s)]
DEBUG --> [REQ_ID=c2f444476eec] [LIFECYCLE][START] GET https://mymiwallet.com/index.php/login

[1 occurrence(s)]
DEBUG --> [REQ_ID=37654a20a291] [INIT] App\Controllers\AuthController::GET

[1 occurrence(s)]
DEBUG --> [REQ_ID=c2f444476eec] [FILTER_AFTER]

[1 occurrence(s)]
DEBUG --> [REQ_ID=c2f444476eec] [LIFECYCLE][END] status=200 duration_ms=29.76 memory_delta=0

[1 occurrence(s)]
DEBUG --> [REQ_ID=c2f444476eec] [REQUEST][END]

[1 occurrence(s)]
DEBUG --> [REQ_ID=f080002db73d] [REQUEST][START] GET /lib.php

[1 occurrence(s)]
DEBUG --> [REQ_ID=f080002db73d] [FILTER_BEFORE] /lib.php

[1 occurrence(s)]
DEBUG --> [REQ_ID=f080002db73d] [ROUTE] Controller=\App\Modules\PropFirms\Controllers\PropFirmsController Method=index

[1 occurrence(s)]
DEBUG --> [REQ_ID=f080002db73d] [LIFECYCLE][START] GET https://mymiwallet.com/index.php/lib.php

[1 occurrence(s)]
DEBUG --> [REQ_ID=f080002db73d] [REQUEST][END]

[1 occurrence(s)]
DEBUG --> [REQ_ID=2ed8a4a655de] [REQUEST][START] GET /index.php/login

[1 occurrence(s)]
DEBUG --> [REQ_ID=2ed8a4a655de] [FILTER_BEFORE] /index.php/login

[1 occurrence(s)]
DEBUG --> [REQ_ID=2ed8a4a655de] [ROUTE] Controller=\App\Controllers\AuthController Method=login

[1 occurrence(s)]
DEBUG --> [REQ_ID=2ed8a4a655de] [LIFECYCLE][START] GET https://mymiwallet.com/index.php/login

[1 occurrence(s)]
DEBUG --> [REQ_ID=273f2715bfb3] [INIT] App\Controllers\AuthController::GET

[1 occurrence(s)]
DEBUG --> [REQ_ID=2ed8a4a655de] [FILTER_AFTER]

[1 occurrence(s)]
DEBUG --> [REQ_ID=2ed8a4a655de] [LIFECYCLE][END] status=200 duration_ms=34.35 memory_delta=0

[1 occurrence(s)]
DEBUG --> [REQ_ID=2ed8a4a655de] [REQUEST][END]

[1 occurrence(s)]
DEBUG --> [REQ_ID=1c4e1961d794] [REQUEST][START] GET /kj.php

[1 occurrence(s)]
DEBUG --> [REQ_ID=1c4e1961d794] [FILTER_BEFORE] /kj.php

[1 occurrence(s)]
DEBUG --> [REQ_ID=1c4e1961d794] [ROUTE] Controller=\App\Modules\PropFirms\Controllers\PropFirmsController Method=index

[1 occurrence(s)]
DEBUG --> [REQ_ID=1c4e1961d794] [LIFECYCLE][START] GET https://mymiwallet.com/index.php/kj.php

[1 occurrence(s)]
DEBUG --> [REQ_ID=1c4e1961d794] [REQUEST][END]

[1 occurrence(s)]
DEBUG --> [REQ_ID=24d49f0f89d9] [REQUEST][START] GET /index.php/login

[1 occurrence(s)]
DEBUG --> [REQ_ID=24d49f0f89d9] [FILTER_BEFORE] /index.php/login

[1 occurrence(s)]
DEBUG --> [REQ_ID=24d49f0f89d9] [ROUTE] Controller=\App\Controllers\AuthController Method=login

[1 occurrence(s)]
DEBUG --> [REQ_ID=24d49f0f89d9] [LIFECYCLE][START] GET https://mymiwallet.com/index.php/login

[1 occurrence(s)]
DEBUG --> [REQ_ID=874c38ff4d6a] [INIT] App\Controllers\AuthController::GET

[1 occurrence(s)]
DEBUG --> [REQ_ID=24d49f0f89d9] [FILTER_AFTER]

[1 occurrence(s)]
DEBUG --> [REQ_ID=24d49f0f89d9] [LIFECYCLE][END] status=200 duration_ms=34.37 memory_delta=0

[1 occurrence(s)]
DEBUG --> [REQ_ID=24d49f0f89d9] [REQUEST][END]

[1 occurrence(s)]
DEBUG --> [REQ_ID=abf5fee72738] [REQUEST][START] GET /new.php

[1 occurrence(s)]
DEBUG --> [REQ_ID=abf5fee72738] [FILTER_BEFORE] /new.php

[1 occurrence(s)]
DEBUG --> [REQ_ID=abf5fee72738] [ROUTE] Controller=\App\Modules\PropFirms\Controllers\PropFirmsController Method=index

[1 occurrence(s)]
DEBUG --> [REQ_ID=abf5fee72738] [LIFECYCLE][START] GET https://mymiwallet.com/index.php/new.php

[1 occurrence(s)]
DEBUG --> [REQ_ID=abf5fee72738] [REQUEST][END]

[1 occurrence(s)]
DEBUG --> [REQ_ID=d8fd0e607ae5] [REQUEST][START] GET /index.php/login

[1 occurrence(s)]
DEBUG --> [REQ_ID=d8fd0e607ae5] [FILTER_BEFORE] /index.php/login

[1 occurrence(s)]
DEBUG --> [REQ_ID=d8fd0e607ae5] [ROUTE] Controller=\App\Controllers\AuthController Method=login

[1 occurrence(s)]
DEBUG --> [REQ_ID=d8fd0e607ae5] [LIFECYCLE][START] GET https://mymiwallet.com/index.php/login

[1 occurrence(s)]
DEBUG --> [REQ_ID=7bafbe2043e6] [INIT] App\Controllers\AuthController::GET

[1 occurrence(s)]
DEBUG --> [REQ_ID=d8fd0e607ae5] [FILTER_AFTER]

[1 occurrence(s)]
DEBUG --> [REQ_ID=d8fd0e607ae5] [LIFECYCLE][END] status=200 duration_ms=30.75 memory_delta=0

[1 occurrence(s)]
DEBUG --> [REQ_ID=d8fd0e607ae5] [REQUEST][END]

[1 occurrence(s)]
DEBUG --> [REQ_ID=d36458de0166] [REQUEST][START] GET /edit.php

[1 occurrence(s)]
DEBUG --> [REQ_ID=d36458de0166] [FILTER_BEFORE] /edit.php

[1 occurrence(s)]
DEBUG --> [REQ_ID=d36458de0166] [ROUTE] Controller=\App\Modules\PropFirms\Controllers\PropFirmsController Method=index

[1 occurrence(s)]
DEBUG --> [REQ_ID=d36458de0166] [LIFECYCLE][START] GET https://mymiwallet.com/index.php/edit.php

[1 occurrence(s)]
DEBUG --> [REQ_ID=d36458de0166] [REQUEST][END]

[1 occurrence(s)]
DEBUG --> [REQ_ID=b79e6650169b] [REQUEST][START] GET /index.php/login

[1 occurrence(s)]
DEBUG --> [REQ_ID=b79e6650169b] [FILTER_BEFORE] /index.php/login

[1 occurrence(s)]
DEBUG --> [REQ_ID=b79e6650169b] [ROUTE] Controller=\App\Controllers\AuthController Method=login

[1 occurrence(s)]
DEBUG --> [REQ_ID=b79e6650169b] [LIFECYCLE][START] GET https://mymiwallet.com/index.php/login

[1 occurrence(s)]
DEBUG --> [REQ_ID=390d51185943] [INIT] App\Controllers\AuthController::GET

[1 occurrence(s)]
DEBUG --> [REQ_ID=b79e6650169b] [FILTER_AFTER]

[1 occurrence(s)]
DEBUG --> [REQ_ID=b79e6650169b] [LIFECYCLE][END] status=200 duration_ms=29.95 memory_delta=0

[1 occurrence(s)]
DEBUG --> [REQ_ID=b79e6650169b] [REQUEST][END]

[1 occurrence(s)]
DEBUG --> [REQ_ID=9e4e814e1912] [REQUEST][START] GET /gettest.php

[1 occurrence(s)]
DEBUG --> [REQ_ID=9e4e814e1912] [FILTER_BEFORE] /gettest.php

[1 occurrence(s)]
DEBUG --> [REQ_ID=9e4e814e1912] [ROUTE] Controller=\App\Modules\PropFirms\Controllers\PropFirmsController Method=index

[1 occurrence(s)]
DEBUG --> [REQ_ID=9e4e814e1912] [LIFECYCLE][START] GET https://mymiwallet.com/index.php/gettest.php

[1 occurrence(s)]
DEBUG --> [REQ_ID=9e4e814e1912] [REQUEST][END]

[1 occurrence(s)]
DEBUG --> [REQ_ID=d3df30ab67e4] [REQUEST][START] GET /index.php/login

[1 occurrence(s)]
DEBUG --> [REQ_ID=d3df30ab67e4] [FILTER_BEFORE] /index.php/login

[1 occurrence(s)]
DEBUG --> [REQ_ID=d3df30ab67e4] [ROUTE] Controller=\App\Controllers\AuthController Method=login

[1 occurrence(s)]
DEBUG --> [REQ_ID=d3df30ab67e4] [LIFECYCLE][START] GET https://mymiwallet.com/index.php/login

[1 occurrence(s)]
DEBUG --> [REQ_ID=b4c71ed605a0] [INIT] App\Controllers\AuthController::GET

[1 occurrence(s)]
DEBUG --> [REQ_ID=d3df30ab67e4] [FILTER_AFTER]

[1 occurrence(s)]
DEBUG --> [REQ_ID=d3df30ab67e4] [LIFECYCLE][END] status=200 duration_ms=32.64 memory_delta=0

[1 occurrence(s)]
DEBUG --> [REQ_ID=d3df30ab67e4] [REQUEST][END]

[1 occurrence(s)]
DEBUG --> [REQ_ID=5ec68f9517cf] [REQUEST][START] GET /666.php

[1 occurrence(s)]
DEBUG --> [REQ_ID=5ec68f9517cf] [FILTER_BEFORE] /666.php

[1 occurrence(s)]
DEBUG --> [REQ_ID=5ec68f9517cf] [ROUTE] Controller=\App\Modules\PropFirms\Controllers\PropFirmsController Method=index

[1 occurrence(s)]
DEBUG --> [REQ_ID=5ec68f9517cf] [LIFECYCLE][START] GET https://mymiwallet.com/index.php/666.php

[1 occurrence(s)]
DEBUG --> [REQ_ID=5ec68f9517cf] [REQUEST][END]

[1 occurrence(s)]
DEBUG --> [REQ_ID=d4382f9e2ddb] [REQUEST][START] GET /index.php/login

[1 occurrence(s)]
DEBUG --> [REQ_ID=d4382f9e2ddb] [FILTER_BEFORE] /index.php/login

[1 occurrence(s)]
DEBUG --> [REQ_ID=d4382f9e2ddb] [ROUTE] Controller=\App\Controllers\AuthController Method=login

[1 occurrence(s)]
DEBUG --> [REQ_ID=d4382f9e2ddb] [LIFECYCLE][START] GET https://mymiwallet.com/index.php/login

[1 occurrence(s)]
DEBUG --> [REQ_ID=009940d95952] [INIT] App\Controllers\AuthController::GET

[1 occurrence(s)]
DEBUG --> [REQ_ID=d4382f9e2ddb] [FILTER_AFTER]

[1 occurrence(s)]
DEBUG --> [REQ_ID=d4382f9e2ddb] [LIFECYCLE][END] status=200 duration_ms=28.56 memory_delta=0

[1 occurrence(s)]
DEBUG --> [REQ_ID=d4382f9e2ddb] [REQUEST][END]

[1 occurrence(s)]
DEBUG --> [REQ_ID=9b4855c24c59] [REQUEST][START] GET /tool.php

[1 occurrence(s)]
DEBUG --> [REQ_ID=9b4855c24c59] [FILTER_BEFORE] /tool.php

[1 occurrence(s)]
DEBUG --> [REQ_ID=9b4855c24c59] [ROUTE] Controller=\App\Modules\PropFirms\Controllers\PropFirmsController Method=index

[1 occurrence(s)]
DEBUG --> [REQ_ID=9b4855c24c59] [LIFECYCLE][START] GET https://mymiwallet.com/index.php/tool.php

[1 occurrence(s)]
DEBUG --> [REQ_ID=9b4855c24c59] [REQUEST][END]

[1 occurrence(s)]
DEBUG --> [REQ_ID=a271d4fd24c8] [REQUEST][START] GET /index.php/login

[1 occurrence(s)]
DEBUG --> [REQ_ID=a271d4fd24c8] [FILTER_BEFORE] /index.php/login

[1 occurrence(s)]
DEBUG --> [REQ_ID=a271d4fd24c8] [ROUTE] Controller=\App\Controllers\AuthController Method=login

[1 occurrence(s)]
DEBUG --> [REQ_ID=a271d4fd24c8] [LIFECYCLE][START] GET https://mymiwallet.com/index.php/login

[1 occurrence(s)]
DEBUG --> [REQ_ID=602462b82191] [INIT] App\Controllers\AuthController::GET

[1 occurrence(s)]
DEBUG --> [REQ_ID=a271d4fd24c8] [FILTER_AFTER]

[1 occurrence(s)]
DEBUG --> [REQ_ID=a271d4fd24c8] [LIFECYCLE][END] status=200 duration_ms=30.53 memory_delta=0

[1 occurrence(s)]
DEBUG --> [REQ_ID=a271d4fd24c8] [REQUEST][END]

[1 occurrence(s)]
DEBUG --> [REQ_ID=265728850e50] [REQUEST][START] GET /wp-blogs.php

[1 occurrence(s)]
DEBUG --> [REQ_ID=265728850e50] [FILTER_BEFORE] /wp-blogs.php

[1 occurrence(s)]
DEBUG --> [REQ_ID=265728850e50] [ROUTE] Controller=\App\Modules\PropFirms\Controllers\PropFirmsController Method=index

[1 occurrence(s)]
DEBUG --> [REQ_ID=265728850e50] [LIFECYCLE][START] GET https://mymiwallet.com/index.php/wp-blogs.php

[1 occurrence(s)]
DEBUG --> [REQ_ID=265728850e50] [REQUEST][END]

[1 occurrence(s)]
DEBUG --> [REQ_ID=f61efc0c771f] [REQUEST][START] GET /index.php/login

[1 occurrence(s)]
DEBUG --> [REQ_ID=f61efc0c771f] [FILTER_BEFORE] /index.php/login

[1 occurrence(s)]
DEBUG --> [REQ_ID=f61efc0c771f] [ROUTE] Controller=\App\Controllers\AuthController Method=login

[1 occurrence(s)]
DEBUG --> [REQ_ID=f61efc0c771f] [LIFECYCLE][START] GET https://mymiwallet.com/index.php/login

[1 occurrence(s)]
DEBUG --> [REQ_ID=b9f09236fc7e] [INIT] App\Controllers\AuthController::GET

[1 occurrence(s)]
DEBUG --> [REQ_ID=f61efc0c771f] [FILTER_AFTER]

[1 occurrence(s)]
DEBUG --> [REQ_ID=f61efc0c771f] [LIFECYCLE][END] status=200 duration_ms=28.94 memory_delta=0

[1 occurrence(s)]
DEBUG --> [REQ_ID=f61efc0c771f] [REQUEST][END]

[1 occurrence(s)]
DEBUG --> [REQ_ID=992c96677fd3] [REQUEST][START] GET /bgymj.php

[1 occurrence(s)]
DEBUG --> [REQ_ID=992c96677fd3] [FILTER_BEFORE] /bgymj.php

[1 occurrence(s)]
DEBUG --> [REQ_ID=992c96677fd3] [ROUTE] Controller=\App\Modules\PropFirms\Controllers\PropFirmsController Method=index

[1 occurrence(s)]
DEBUG --> [REQ_ID=992c96677fd3] [LIFECYCLE][START] GET https://mymiwallet.com/index.php/bgymj.php

[1 occurrence(s)]
DEBUG --> [REQ_ID=992c96677fd3] [REQUEST][END]

[1 occurrence(s)]
DEBUG --> [REQ_ID=58723d25ec1e] [REQUEST][START] GET /index.php/login

[1 occurrence(s)]
DEBUG --> [REQ_ID=58723d25ec1e] [FILTER_BEFORE] /index.php/login

[1 occurrence(s)]
DEBUG --> [REQ_ID=58723d25ec1e] [ROUTE] Controller=\App\Controllers\AuthController Method=login

[1 occurrence(s)]
DEBUG --> [REQ_ID=58723d25ec1e] [LIFECYCLE][START] GET https://mymiwallet.com/index.php/login

[1 occurrence(s)]
DEBUG --> [REQ_ID=39caf2173fef] [INIT] App\Controllers\AuthController::GET

[1 occurrence(s)]
DEBUG --> [REQ_ID=58723d25ec1e] [FILTER_AFTER]

[1 occurrence(s)]
DEBUG --> [REQ_ID=58723d25ec1e] [LIFECYCLE][END] status=200 duration_ms=31.98 memory_delta=0

[1 occurrence(s)]
DEBUG --> [REQ_ID=58723d25ec1e] [REQUEST][END]

[1 occurrence(s)]
DEBUG --> [REQ_ID=a53f0b8b4755] [REQUEST][START] GET /mini.php

[1 occurrence(s)]
DEBUG --> [REQ_ID=a53f0b8b4755] [FILTER_BEFORE] /mini.php

[1 occurrence(s)]
DEBUG --> [REQ_ID=a53f0b8b4755] [ROUTE] Controller=\App\Modules\PropFirms\Controllers\PropFirmsController Method=index

[1 occurrence(s)]
DEBUG --> [REQ_ID=a53f0b8b4755] [LIFECYCLE][START] GET https://mymiwallet.com/index.php/mini.php

[1 occurrence(s)]
DEBUG --> [REQ_ID=a53f0b8b4755] [REQUEST][END]

[1 occurrence(s)]
DEBUG --> [REQ_ID=e491ec4f40c9] [REQUEST][START] GET /index.php/login

[1 occurrence(s)]
DEBUG --> [REQ_ID=e491ec4f40c9] [FILTER_BEFORE] /index.php/login

[1 occurrence(s)]
DEBUG --> [REQ_ID=e491ec4f40c9] [ROUTE] Controller=\App\Controllers\AuthController Method=login

[1 occurrence(s)]
DEBUG --> [REQ_ID=e491ec4f40c9] [LIFECYCLE][START] GET https://mymiwallet.com/index.php/login

[1 occurrence(s)]
DEBUG --> [REQ_ID=86816349e06b] [INIT] App\Controllers\AuthController::GET

[1 occurrence(s)]
DEBUG --> [REQ_ID=e491ec4f40c9] [FILTER_AFTER]

[1 occurrence(s)]
DEBUG --> [REQ_ID=e491ec4f40c9] [LIFECYCLE][END] status=200 duration_ms=26.47 memory_delta=0

[1 occurrence(s)]
DEBUG --> [REQ_ID=e491ec4f40c9] [REQUEST][END]

[1 occurrence(s)]
DEBUG --> [REQ_ID=b223a3c2283a] [REQUEST][START] GET /amax.php

[1 occurrence(s)]
DEBUG --> [REQ_ID=b223a3c2283a] [FILTER_BEFORE] /amax.php

[1 occurrence(s)]
DEBUG --> [REQ_ID=b223a3c2283a] [ROUTE] Controller=\App\Modules\PropFirms\Controllers\PropFirmsController Method=index

[1 occurrence(s)]
DEBUG --> [REQ_ID=b223a3c2283a] [LIFECYCLE][START] GET https://mymiwallet.com/index.php/amax.php

[1 occurrence(s)]
DEBUG --> [REQ_ID=b223a3c2283a] [REQUEST][END]

[1 occurrence(s)]
DEBUG --> [REQ_ID=693f8ff278bd] [REQUEST][START] GET /index.php/login

[1 occurrence(s)]
DEBUG --> [REQ_ID=693f8ff278bd] [FILTER_BEFORE] /index.php/login

[1 occurrence(s)]
DEBUG --> [REQ_ID=693f8ff278bd] [ROUTE] Controller=\App\Controllers\AuthController Method=login

[1 occurrence(s)]
DEBUG --> [REQ_ID=693f8ff278bd] [LIFECYCLE][START] GET https://mymiwallet.com/index.php/login

[1 occurrence(s)]
DEBUG --> [REQ_ID=0b5032a447ec] [INIT] App\Controllers\AuthController::GET

[1 occurrence(s)]
DEBUG --> [REQ_ID=693f8ff278bd] [FILTER_AFTER]

[1 occurrence(s)]
DEBUG --> [REQ_ID=693f8ff278bd] [LIFECYCLE][END] status=200 duration_ms=33.77 memory_delta=0

[1 occurrence(s)]
DEBUG --> [REQ_ID=693f8ff278bd] [REQUEST][END]

[1 occurrence(s)]
DEBUG --> [REQ_ID=504646b864ad] [REQUEST][START] GET /mh.php

[1 occurrence(s)]
DEBUG --> [REQ_ID=504646b864ad] [FILTER_BEFORE] /mh.php

[1 occurrence(s)]
DEBUG --> [REQ_ID=504646b864ad] [ROUTE] Controller=\App\Modules\PropFirms\Controllers\PropFirmsController Method=index

[1 occurrence(s)]
DEBUG --> [REQ_ID=504646b864ad] [LIFECYCLE][START] GET https://mymiwallet.com/index.php/mh.php

[1 occurrence(s)]
DEBUG --> [REQ_ID=504646b864ad] [REQUEST][END]

[1 occurrence(s)]
DEBUG --> [REQ_ID=de527814c111] [REQUEST][START] GET /index.php/login

[1 occurrence(s)]
DEBUG --> [REQ_ID=de527814c111] [FILTER_BEFORE] /index.php/login

[1 occurrence(s)]
DEBUG --> [REQ_ID=de527814c111] [ROUTE] Controller=\App\Controllers\AuthController Method=login

[1 occurrence(s)]
DEBUG --> [REQ_ID=de527814c111] [LIFECYCLE][START] GET https://mymiwallet.com/index.php/login

[1 occurrence(s)]
DEBUG --> [REQ_ID=228e57e1ab2b] [INIT] App\Controllers\AuthController::GET

[1 occurrence(s)]
DEBUG --> [REQ_ID=de527814c111] [FILTER_AFTER]

[1 occurrence(s)]
DEBUG --> [REQ_ID=de527814c111] [LIFECYCLE][END] status=200 duration_ms=30.41 memory_delta=0

[1 occurrence(s)]
DEBUG --> [REQ_ID=de527814c111] [REQUEST][END]

[1 occurrence(s)]
DEBUG --> [REQ_ID=d85e6e24b2f2] [REQUEST][START] GET /ms.php

[1 occurrence(s)]
DEBUG --> [REQ_ID=d85e6e24b2f2] [FILTER_BEFORE] /ms.php

[1 occurrence(s)]
DEBUG --> [REQ_ID=d85e6e24b2f2] [ROUTE] Controller=\App\Modules\PropFirms\Controllers\PropFirmsController Method=index

[1 occurrence(s)]
DEBUG --> [REQ_ID=d85e6e24b2f2] [LIFECYCLE][START] GET https://mymiwallet.com/index.php/ms.php

[1 occurrence(s)]
DEBUG --> [REQ_ID=d85e6e24b2f2] [REQUEST][END]

[1 occurrence(s)]
DEBUG --> [REQ_ID=a22eb6bea1c4] [REQUEST][START] GET /index.php/login

[1 occurrence(s)]
DEBUG --> [REQ_ID=a22eb6bea1c4] [FILTER_BEFORE] /index.php/login

[1 occurrence(s)]
DEBUG --> [REQ_ID=a22eb6bea1c4] [ROUTE] Controller=\App\Controllers\AuthController Method=login

[1 occurrence(s)]
DEBUG --> [REQ_ID=a22eb6bea1c4] [LIFECYCLE][START] GET https://mymiwallet.com/index.php/login

[1 occurrence(s)]
DEBUG --> [REQ_ID=0e1156e8b36d] [INIT] App\Controllers\AuthController::GET

[1 occurrence(s)]
DEBUG --> [REQ_ID=a22eb6bea1c4] [FILTER_AFTER]

[1 occurrence(s)]
DEBUG --> [REQ_ID=a22eb6bea1c4] [LIFECYCLE][END] status=200 duration_ms=30.28 memory_delta=0

[1 occurrence(s)]
DEBUG --> [REQ_ID=a22eb6bea1c4] [REQUEST][END]

[1 occurrence(s)]
DEBUG --> [REQ_ID=86146e9e90ba] [REQUEST][START] GET /166.php

[1 occurrence(s)]
DEBUG --> [REQ_ID=86146e9e90ba] [FILTER_BEFORE] /166.php

[1 occurrence(s)]
DEBUG --> [REQ_ID=86146e9e90ba] [ROUTE] Controller=\App\Modules\PropFirms\Controllers\PropFirmsController Method=index

[1 occurrence(s)]
DEBUG --> [REQ_ID=86146e9e90ba] [LIFECYCLE][START] GET https://mymiwallet.com/index.php/166.php

[1 occurrence(s)]
DEBUG --> [REQ_ID=86146e9e90ba] [REQUEST][END]

[1 occurrence(s)]
DEBUG --> [REQ_ID=d8347dd9f734] [REQUEST][START] GET /index.php/login

[1 occurrence(s)]
DEBUG --> [REQ_ID=d8347dd9f734] [FILTER_BEFORE] /index.php/login

[1 occurrence(s)]
DEBUG --> [REQ_ID=d8347dd9f734] [ROUTE] Controller=\App\Controllers\AuthController Method=login

[1 occurrence(s)]
DEBUG --> [REQ_ID=d8347dd9f734] [LIFECYCLE][START] GET https://mymiwallet.com/index.php/login

[1 occurrence(s)]
DEBUG --> [REQ_ID=782e295cae88] [INIT] App\Controllers\AuthController::GET

[1 occurrence(s)]
DEBUG --> [REQ_ID=d8347dd9f734] [FILTER_AFTER]

[1 occurrence(s)]
DEBUG --> [REQ_ID=d8347dd9f734] [LIFECYCLE][END] status=200 duration_ms=29.65 memory_delta=0

[1 occurrence(s)]
DEBUG --> [REQ_ID=d8347dd9f734] [REQUEST][END]

[1 occurrence(s)]
DEBUG --> [REQ_ID=930ca03c81a2] [REQUEST][START] GET /bmi.php

[1 occurrence(s)]
DEBUG --> [REQ_ID=930ca03c81a2] [FILTER_BEFORE] /bmi.php

[1 occurrence(s)]
DEBUG --> [REQ_ID=930ca03c81a2] [ROUTE] Controller=\App\Modules\PropFirms\Controllers\PropFirmsController Method=index

[1 occurrence(s)]
DEBUG --> [REQ_ID=930ca03c81a2] [LIFECYCLE][START] GET https://mymiwallet.com/index.php/bmi.php

[1 occurrence(s)]
DEBUG --> [REQ_ID=930ca03c81a2] [REQUEST][END]

[1 occurrence(s)]
DEBUG --> [REQ_ID=8fc2255066e9] [REQUEST][START] GET /index.php/login

[1 occurrence(s)]
DEBUG --> [REQ_ID=8fc2255066e9] [FILTER_BEFORE] /index.php/login

[1 occurrence(s)]
DEBUG --> [REQ_ID=8fc2255066e9] [ROUTE] Controller=\App\Controllers\AuthController Method=login

[1 occurrence(s)]
DEBUG --> [REQ_ID=8fc2255066e9] [LIFECYCLE][START] GET https://mymiwallet.com/index.php/login

[1 occurrence(s)]
DEBUG --> [REQ_ID=4ef1557cc515] [INIT] App\Controllers\AuthController::GET

[1 occurrence(s)]
DEBUG --> [REQ_ID=8fc2255066e9] [FILTER_AFTER]

[1 occurrence(s)]
DEBUG --> [REQ_ID=8fc2255066e9] [LIFECYCLE][END] status=200 duration_ms=33.39 memory_delta=0

[1 occurrence(s)]
DEBUG --> [REQ_ID=8fc2255066e9] [REQUEST][END]

[1 occurrence(s)]
DEBUG --> [REQ_ID=637a78c04d17] [REQUEST][START] GET /wp-good.php

[1 occurrence(s)]
DEBUG --> [REQ_ID=637a78c04d17] [FILTER_BEFORE] /wp-good.php

[1 occurrence(s)]
DEBUG --> [REQ_ID=637a78c04d17] [ROUTE] Controller=\App\Modules\PropFirms\Controllers\PropFirmsController Method=index

[1 occurrence(s)]
DEBUG --> [REQ_ID=637a78c04d17] [LIFECYCLE][START] GET https://mymiwallet.com/index.php/wp-good.php

[1 occurrence(s)]
DEBUG --> [REQ_ID=637a78c04d17] [REQUEST][END]

[1 occurrence(s)]
DEBUG --> [REQ_ID=d4c6f432e140] [REQUEST][START] GET /index.php/login

[1 occurrence(s)]
DEBUG --> [REQ_ID=d4c6f432e140] [FILTER_BEFORE] /index.php/login

[1 occurrence(s)]
DEBUG --> [REQ_ID=d4c6f432e140] [ROUTE] Controller=\App\Controllers\AuthController Method=login

[1 occurrence(s)]
DEBUG --> [REQ_ID=d4c6f432e140] [LIFECYCLE][START] GET https://mymiwallet.com/index.php/login

[1 occurrence(s)]
DEBUG --> [REQ_ID=85941a57d389] [INIT] App\Controllers\AuthController::GET

[1 occurrence(s)]
DEBUG --> [REQ_ID=d4c6f432e140] [FILTER_AFTER]

[1 occurrence(s)]
DEBUG --> [REQ_ID=d4c6f432e140] [LIFECYCLE][END] status=200 duration_ms=34.30 memory_delta=0

[1 occurrence(s)]
DEBUG --> [REQ_ID=d4c6f432e140] [REQUEST][END]

[1 occurrence(s)]
DEBUG --> [REQ_ID=2275c8e38ba6] [REQUEST][START] GET /shell.php

[1 occurrence(s)]
DEBUG --> [REQ_ID=2275c8e38ba6] [FILTER_BEFORE] /shell.php

[1 occurrence(s)]
DEBUG --> [REQ_ID=2275c8e38ba6] [ROUTE] Controller=\App\Modules\PropFirms\Controllers\PropFirmsController Method=index

[1 occurrence(s)]
DEBUG --> [REQ_ID=2275c8e38ba6] [LIFECYCLE][START] GET https://mymiwallet.com/index.php/shell.php

[1 occurrence(s)]
DEBUG --> [REQ_ID=2275c8e38ba6] [REQUEST][END]

[1 occurrence(s)]
DEBUG --> [REQ_ID=e6e920a1315e] [REQUEST][START] GET /index.php/login

[1 occurrence(s)]
DEBUG --> [REQ_ID=e6e920a1315e] [FILTER_BEFORE] /index.php/login

[1 occurrence(s)]
DEBUG --> [REQ_ID=e6e920a1315e] [ROUTE] Controller=\App\Controllers\AuthController Method=login

[1 occurrence(s)]
DEBUG --> [REQ_ID=e6e920a1315e] [LIFECYCLE][START] GET https://mymiwallet.com/index.php/login

[1 occurrence(s)]
DEBUG --> [REQ_ID=16c4b537fd71] [INIT] App\Controllers\AuthController::GET

[1 occurrence(s)]
DEBUG --> [REQ_ID=e6e920a1315e] [FILTER_AFTER]

[1 occurrence(s)]
DEBUG --> [REQ_ID=e6e920a1315e] [LIFECYCLE][END] status=200 duration_ms=28.15 memory_delta=0

[1 occurrence(s)]
DEBUG --> [REQ_ID=e6e920a1315e] [REQUEST][END]

[1 occurrence(s)]
DEBUG --> [REQ_ID=8cb9916b23de] [REQUEST][START] GET /dass.php

[1 occurrence(s)]
DEBUG --> [REQ_ID=8cb9916b23de] [FILTER_BEFORE] /dass.php

[1 occurrence(s)]
DEBUG --> [REQ_ID=8cb9916b23de] [ROUTE] Controller=\App\Modules\PropFirms\Controllers\PropFirmsController Method=index

[1 occurrence(s)]
DEBUG --> [REQ_ID=8cb9916b23de] [LIFECYCLE][START] GET https://mymiwallet.com/index.php/dass.php

[1 occurrence(s)]
DEBUG --> [REQ_ID=8cb9916b23de] [REQUEST][END]

[1 occurrence(s)]
DEBUG --> [REQ_ID=314451e978ee] [REQUEST][START] GET /index.php/login

[1 occurrence(s)]
DEBUG --> [REQ_ID=314451e978ee] [FILTER_BEFORE] /index.php/login

[1 occurrence(s)]
DEBUG --> [REQ_ID=314451e978ee] [ROUTE] Controller=\App\Controllers\AuthController Method=login

[1 occurrence(s)]
DEBUG --> [REQ_ID=314451e978ee] [LIFECYCLE][START] GET https://mymiwallet.com/index.php/login

[1 occurrence(s)]
DEBUG --> [REQ_ID=616b347af0aa] [INIT] App\Controllers\AuthController::GET

[1 occurrence(s)]
DEBUG --> [REQ_ID=314451e978ee] [FILTER_AFTER]

[1 occurrence(s)]
DEBUG --> [REQ_ID=314451e978ee] [LIFECYCLE][END] status=200 duration_ms=27.59 memory_delta=0

[1 occurrence(s)]
DEBUG --> [REQ_ID=314451e978ee] [REQUEST][END]

[1 occurrence(s)]
DEBUG --> [REQ_ID=4fe2ab0fed25] [REQUEST][START] GET /aboute.php

[1 occurrence(s)]
DEBUG --> [REQ_ID=4fe2ab0fed25] [FILTER_BEFORE] /aboute.php

[1 occurrence(s)]
DEBUG --> [REQ_ID=4fe2ab0fed25] [ROUTE] Controller=\App\Modules\PropFirms\Controllers\PropFirmsController Method=index

[1 occurrence(s)]
DEBUG --> [REQ_ID=4fe2ab0fed25] [LIFECYCLE][START] GET https://mymiwallet.com/index.php/aboute.php

[1 occurrence(s)]
DEBUG --> [REQ_ID=4fe2ab0fed25] [REQUEST][END]

[1 occurrence(s)]
DEBUG --> [REQ_ID=3a04515b7a6c] [REQUEST][START] GET /index.php/login

[1 occurrence(s)]
DEBUG --> [REQ_ID=3a04515b7a6c] [FILTER_BEFORE] /index.php/login

[1 occurrence(s)]
DEBUG --> [REQ_ID=3a04515b7a6c] [ROUTE] Controller=\App\Controllers\AuthController Method=login

[1 occurrence(s)]
DEBUG --> [REQ_ID=3a04515b7a6c] [LIFECYCLE][START] GET https://mymiwallet.com/index.php/login

[1 occurrence(s)]
DEBUG --> [REQ_ID=7839fce84065] [INIT] App\Controllers\AuthController::GET

[1 occurrence(s)]
DEBUG --> [REQ_ID=3a04515b7a6c] [FILTER_AFTER]

[1 occurrence(s)]
DEBUG --> [REQ_ID=3a04515b7a6c] [LIFECYCLE][END] status=200 duration_ms=35.60 memory_delta=0

[1 occurrence(s)]
DEBUG --> [REQ_ID=3a04515b7a6c] [REQUEST][END]

[1 occurrence(s)]
DEBUG --> [REQ_ID=5f19b623097a] [REQUEST][START] GET /press.php

[1 occurrence(s)]
DEBUG --> [REQ_ID=5f19b623097a] [FILTER_BEFORE] /press.php

[1 occurrence(s)]
DEBUG --> [REQ_ID=5f19b623097a] [ROUTE] Controller=\App\Modules\PropFirms\Controllers\PropFirmsController Method=index

[1 occurrence(s)]
DEBUG --> [REQ_ID=5f19b623097a] [LIFECYCLE][START] GET https://mymiwallet.com/index.php/press.php

[1 occurrence(s)]
DEBUG --> [REQ_ID=5f19b623097a] [REQUEST][END]

[1 occurrence(s)]
DEBUG --> [REQ_ID=2f342f59570c] [REQUEST][START] GET /index.php/login

[1 occurrence(s)]
DEBUG --> [REQ_ID=2f342f59570c] [FILTER_BEFORE] /index.php/login

[1 occurrence(s)]
DEBUG --> [REQ_ID=2f342f59570c] [ROUTE] Controller=\App\Controllers\AuthController Method=login

[1 occurrence(s)]
DEBUG --> [REQ_ID=2f342f59570c] [LIFECYCLE][START] GET https://mymiwallet.com/index.php/login

[1 occurrence(s)]
DEBUG --> [REQ_ID=cafce5bf2781] [INIT] App\Controllers\AuthController::GET

[1 occurrence(s)]
DEBUG --> [REQ_ID=2f342f59570c] [FILTER_AFTER]

[1 occurrence(s)]
DEBUG --> [REQ_ID=2f342f59570c] [LIFECYCLE][END] status=200 duration_ms=27.79 memory_delta=0

[1 occurrence(s)]
DEBUG --> [REQ_ID=2f342f59570c] [REQUEST][END]

[1 occurrence(s)]
DEBUG --> [REQ_ID=967184cbb840] [REQUEST][START] GET /wp-png.php

[1 occurrence(s)]
DEBUG --> [REQ_ID=967184cbb840] [FILTER_BEFORE] /wp-png.php

[1 occurrence(s)]
DEBUG --> [REQ_ID=967184cbb840] [ROUTE] Controller=\App\Modules\PropFirms\Controllers\PropFirmsController Method=index

[1 occurrence(s)]
DEBUG --> [REQ_ID=967184cbb840] [LIFECYCLE][START] GET https://mymiwallet.com/index.php/wp-png.php

[1 occurrence(s)]
DEBUG --> [REQ_ID=967184cbb840] [REQUEST][END]

[1 occurrence(s)]
DEBUG --> [REQ_ID=a12f985d90f8] [REQUEST][START] GET /s.php

[1 occurrence(s)]
DEBUG --> [REQ_ID=a12f985d90f8] [FILTER_BEFORE] /s.php

[1 occurrence(s)]
DEBUG --> [REQ_ID=a12f985d90f8] [ROUTE] Controller=\App\Modules\PropFirms\Controllers\PropFirmsController Method=index

[1 occurrence(s)]
DEBUG --> [REQ_ID=a12f985d90f8] [LIFECYCLE][START] GET https://mymiwallet.com/index.php/s.php

[1 occurrence(s)]
DEBUG --> [REQ_ID=a12f985d90f8] [REQUEST][END]

[1 occurrence(s)]
DEBUG --> [REQ_ID=ab43e05504e9] [REQUEST][START] GET /first.php

[1 occurrence(s)]
DEBUG --> [REQ_ID=ab43e05504e9] [FILTER_BEFORE] /first.php

[1 occurrence(s)]
DEBUG --> [REQ_ID=ab43e05504e9] [ROUTE] Controller=\App\Modules\PropFirms\Controllers\PropFirmsController Method=index

[1 occurrence(s)]
DEBUG --> [REQ_ID=ab43e05504e9] [LIFECYCLE][START] GET https://mymiwallet.com/index.php/first.php

[1 occurrence(s)]
DEBUG --> [REQ_ID=ab43e05504e9] [REQUEST][END]

[1 occurrence(s)]
DEBUG --> [REQ_ID=7069a21ffa67] [REQUEST][START] GET /wp-links-opml.php

[1 occurrence(s)]
DEBUG --> [REQ_ID=7069a21ffa67] [FILTER_BEFORE] /wp-links-opml.php

[1 occurrence(s)]
DEBUG --> [REQ_ID=7069a21ffa67] [ROUTE] Controller=\App\Modules\PropFirms\Controllers\PropFirmsController Method=index

[1 occurrence(s)]
DEBUG --> [REQ_ID=7069a21ffa67] [LIFECYCLE][START] GET https://mymiwallet.com/index.php/wp-links-opml.php

[1 occurrence(s)]
DEBUG --> [REQ_ID=7069a21ffa67] [REQUEST][END]

[1 occurrence(s)]
DEBUG --> [REQ_ID=641206937cb9] [REQUEST][START] GET /ms-edit.php

[1 occurrence(s)]
DEBUG --> [REQ_ID=641206937cb9] [FILTER_BEFORE] /ms-edit.php

[1 occurrence(s)]
DEBUG --> [REQ_ID=641206937cb9] [ROUTE] Controller=\App\Modules\PropFirms\Controllers\PropFirmsController Method=index

[1 occurrence(s)]
DEBUG --> [REQ_ID=641206937cb9] [LIFECYCLE][START] GET https://mymiwallet.com/index.php/ms-edit.php

[1 occurrence(s)]
DEBUG --> [REQ_ID=641206937cb9] [REQUEST][END]

[1 occurrence(s)]
DEBUG --> [REQ_ID=26605fef60d7] [REQUEST][START] GET /asd.php

[1 occurrence(s)]
DEBUG --> [REQ_ID=26605fef60d7] [FILTER_BEFORE] /asd.php

[1 occurrence(s)]
DEBUG --> [REQ_ID=26605fef60d7] [ROUTE] Controller=\App\Modules\PropFirms\Controllers\PropFirmsController Method=index

[1 occurrence(s)]
DEBUG --> [REQ_ID=26605fef60d7] [LIFECYCLE][START] GET https://mymiwallet.com/index.php/asd.php

[1 occurrence(s)]
DEBUG --> [REQ_ID=26605fef60d7] [REQUEST][END]

[1 occurrence(s)]
DEBUG --> [REQ_ID=26646dba40d5] [REQUEST][START] GET /public/vx.php

[1 occurrence(s)]
DEBUG --> [REQ_ID=26646dba40d5] [REQUEST][END]

[1 occurrence(s)]
DEBUG --> [REQ_ID=a5f007b7e2f2] [REQUEST][START] GET /wp-content/radio.php

[1 occurrence(s)]
DEBUG --> [REQ_ID=a5f007b7e2f2] [REQUEST][END]

[1 occurrence(s)]
DEBUG --> [REQ_ID=8e7d1c1f580d] [REQUEST][START] GET /wp-access.php

[1 occurrence(s)]
DEBUG --> [REQ_ID=8e7d1c1f580d] [FILTER_BEFORE] /wp-access.php

[1 occurrence(s)]
DEBUG --> [REQ_ID=8e7d1c1f580d] [ROUTE] Controller=\App\Modules\PropFirms\Controllers\PropFirmsController Method=index

[1 occurrence(s)]
DEBUG --> [REQ_ID=8e7d1c1f580d] [LIFECYCLE][START] GET https://mymiwallet.com/index.php/wp-access.php

[1 occurrence(s)]
DEBUG --> [REQ_ID=8e7d1c1f580d] [REQUEST][END]

[1 occurrence(s)]
DEBUG --> [REQ_ID=90abf7bbc4c6] [REQUEST][START] GET /wp-admin/css/bolt.php

[1 occurrence(s)]
DEBUG --> [REQ_ID=90abf7bbc4c6] [REQUEST][END]

[1 occurrence(s)]
DEBUG --> [REQ_ID=d0975a557724] [REQUEST][START] GET /cu.php

[1 occurrence(s)]
DEBUG --> [REQ_ID=d0975a557724] [FILTER_BEFORE] /cu.php

[1 occurrence(s)]
DEBUG --> [REQ_ID=d0975a557724] [ROUTE] Controller=\App\Modules\PropFirms\Controllers\PropFirmsController Method=index

[1 occurrence(s)]
DEBUG --> [REQ_ID=d0975a557724] [LIFECYCLE][START] GET https://mymiwallet.com/index.php/cu.php

[1 occurrence(s)]
DEBUG --> [REQ_ID=d0975a557724] [REQUEST][END]

[1 occurrence(s)]
DEBUG --> [REQ_ID=e24a6270fbad] [REQUEST][START] GET /bolt.php

[1 occurrence(s)]
DEBUG --> [REQ_ID=e24a6270fbad] [FILTER_BEFORE] /bolt.php

[1 occurrence(s)]
DEBUG --> [REQ_ID=e24a6270fbad] [ROUTE] Controller=\App\Modules\PropFirms\Controllers\PropFirmsController Method=index

[1 occurrence(s)]
DEBUG --> [REQ_ID=e24a6270fbad] [LIFECYCLE][START] GET https://mymiwallet.com/index.php/bolt.php

[1 occurrence(s)]
DEBUG --> [REQ_ID=e24a6270fbad] [REQUEST][END]

[1 occurrence(s)]
DEBUG --> [REQ_ID=1ec72e6d9f47] [REQUEST][START] GET /900.php

[1 occurrence(s)]
DEBUG --> [REQ_ID=1ec72e6d9f47] [FILTER_BEFORE] /900.php

[1 occurrence(s)]
DEBUG --> [REQ_ID=1ec72e6d9f47] [ROUTE] Controller=\App\Modules\PropFirms\Controllers\PropFirmsController Method=index

[1 occurrence(s)]
DEBUG --> [REQ_ID=1ec72e6d9f47] [LIFECYCLE][START] GET https://mymiwallet.com/index.php/900.php

[1 occurrence(s)]
DEBUG --> [REQ_ID=1ec72e6d9f47] [REQUEST][END]

[1 occurrence(s)]
DEBUG --> [REQ_ID=056e0e79b0e1] [REQUEST][START] GET /a5.php

[1 occurrence(s)]
DEBUG --> [REQ_ID=056e0e79b0e1] [FILTER_BEFORE] /a5.php

[1 occurrence(s)]
DEBUG --> [REQ_ID=056e0e79b0e1] [ROUTE] Controller=\App\Modules\PropFirms\Controllers\PropFirmsController Method=index

[1 occurrence(s)]
DEBUG --> [REQ_ID=056e0e79b0e1] [LIFECYCLE][START] GET https://mymiwallet.com/index.php/a5.php

[1 occurrence(s)]
DEBUG --> [REQ_ID=056e0e79b0e1] [REQUEST][END]

[1 occurrence(s)]
DEBUG --> [REQ_ID=f28edbe7d10a] [REQUEST][START] GET /term.php

[1 occurrence(s)]
DEBUG --> [REQ_ID=f28edbe7d10a] [FILTER_BEFORE] /term.php

[1 occurrence(s)]
DEBUG --> [REQ_ID=f28edbe7d10a] [ROUTE] Controller=\App\Modules\PropFirms\Controllers\PropFirmsController Method=index

[1 occurrence(s)]
DEBUG --> [REQ_ID=f28edbe7d10a] [LIFECYCLE][START] GET https://mymiwallet.com/index.php/term.php

[1 occurrence(s)]
DEBUG --> [REQ_ID=f28edbe7d10a] [REQUEST][END]

[1 occurrence(s)]
DEBUG --> [REQ_ID=29b4ad6af8db] [REQUEST][START] GET /b.php

[1 occurrence(s)]
DEBUG --> [REQ_ID=29b4ad6af8db] [FILTER_BEFORE] /b.php

[1 occurrence(s)]
DEBUG --> [REQ_ID=29b4ad6af8db] [ROUTE] Controller=\App\Modules\PropFirms\Controllers\PropFirmsController Method=index

[1 occurrence(s)]
DEBUG --> [REQ_ID=29b4ad6af8db] [LIFECYCLE][START] GET https://mymiwallet.com/index.php/b.php

[1 occurrence(s)]
DEBUG --> [REQ_ID=29b4ad6af8db] [REQUEST][END]

[1 occurrence(s)]
DEBUG --> [REQ_ID=9527a66899ce] [REQUEST][START] GET /sid3.php

[1 occurrence(s)]
DEBUG --> [REQ_ID=9527a66899ce] [FILTER_BEFORE] /sid3.php

[1 occurrence(s)]
DEBUG --> [REQ_ID=9527a66899ce] [ROUTE] Controller=\App\Modules\PropFirms\Controllers\PropFirmsController Method=index

[1 occurrence(s)]
DEBUG --> [REQ_ID=9527a66899ce] [LIFECYCLE][START] GET https://mymiwallet.com/index.php/sid3.php

[1 occurrence(s)]
DEBUG --> [REQ_ID=9527a66899ce] [REQUEST][END]

[1 occurrence(s)]
DEBUG --> [REQ_ID=9a03d96670e5] [REQUEST][START] GET /ccs.php

[1 occurrence(s)]
DEBUG --> [REQ_ID=9a03d96670e5] [FILTER_BEFORE] /ccs.php

[1 occurrence(s)]
DEBUG --> [REQ_ID=9a03d96670e5] [ROUTE] Controller=\App\Modules\PropFirms\Controllers\PropFirmsController Method=index

[1 occurrence(s)]
DEBUG --> [REQ_ID=9a03d96670e5] [LIFECYCLE][START] GET https://mymiwallet.com/index.php/ccs.php

[1 occurrence(s)]
DEBUG --> [REQ_ID=9a03d96670e5] [REQUEST][END]

[1 occurrence(s)]
DEBUG --> [REQ_ID=23ec785003bc] [REQUEST][START] GET /aboutc.php

[1 occurrence(s)]
DEBUG --> [REQ_ID=23ec785003bc] [FILTER_BEFORE] /aboutc.php

[1 occurrence(s)]
DEBUG --> [REQ_ID=23ec785003bc] [ROUTE] Controller=\App\Modules\PropFirms\Controllers\PropFirmsController Method=index

[1 occurrence(s)]
DEBUG --> [REQ_ID=23ec785003bc] [LIFECYCLE][START] GET https://mymiwallet.com/index.php/aboutc.php

[1 occurrence(s)]
DEBUG --> [REQ_ID=23ec785003bc] [REQUEST][END]

[1 occurrence(s)]
DEBUG --> [REQ_ID=46f4b1e44a4a] [REQUEST][START] GET /fs.php

[1 occurrence(s)]
DEBUG --> [REQ_ID=46f4b1e44a4a] [FILTER_BEFORE] /fs.php

[1 occurrence(s)]
DEBUG --> [REQ_ID=46f4b1e44a4a] [ROUTE] Controller=\App\Modules\PropFirms\Controllers\PropFirmsController Method=index

[1 occurrence(s)]
DEBUG --> [REQ_ID=46f4b1e44a4a] [LIFECYCLE][START] GET https://mymiwallet.com/index.php/fs.php

[1 occurrence(s)]
DEBUG --> [REQ_ID=46f4b1e44a4a] [REQUEST][END]

[1 occurrence(s)]
DEBUG --> [REQ_ID=c2b0419c9000] [REQUEST][START] GET /ws82.php

[1 occurrence(s)]
DEBUG --> [REQ_ID=c2b0419c9000] [FILTER_BEFORE] /ws82.php

[1 occurrence(s)]
DEBUG --> [REQ_ID=c2b0419c9000] [ROUTE] Controller=\App\Modules\PropFirms\Controllers\PropFirmsController Method=index

[1 occurrence(s)]
DEBUG --> [REQ_ID=c2b0419c9000] [LIFECYCLE][START] GET https://mymiwallet.com/index.php/ws82.php

[1 occurrence(s)]
DEBUG --> [REQ_ID=c2b0419c9000] [REQUEST][END]

[1 occurrence(s)]
DEBUG --> [REQ_ID=e466ad58980b] [REQUEST][START] GET /wp-admin/network/edit.php

[1 occurrence(s)]
DEBUG --> [REQ_ID=e466ad58980b] [REQUEST][END]

[1 occurrence(s)]
DEBUG --> [REQ_ID=d01c27cff2f7] [REQUEST][START] GET /ws48.php

[1 occurrence(s)]
DEBUG --> [REQ_ID=d01c27cff2f7] [FILTER_BEFORE] /ws48.php

[1 occurrence(s)]
DEBUG --> [REQ_ID=d01c27cff2f7] [ROUTE] Controller=\App\Modules\PropFirms\Controllers\PropFirmsController Method=index

[1 occurrence(s)]
DEBUG --> [REQ_ID=d01c27cff2f7] [LIFECYCLE][START] GET https://mymiwallet.com/index.php/ws48.php

[1 occurrence(s)]
DEBUG --> [REQ_ID=d01c27cff2f7] [REQUEST][END]

[1 occurrence(s)]
DEBUG --> [REQ_ID=c9b7ab9ad7ee] [REQUEST][START] GET /wp-the.php

[1 occurrence(s)]
DEBUG --> [REQ_ID=c9b7ab9ad7ee] [FILTER_BEFORE] /wp-the.php

[1 occurrence(s)]
DEBUG --> [REQ_ID=c9b7ab9ad7ee] [ROUTE] Controller=\App\Modules\PropFirms\Controllers\PropFirmsController Method=index

[1 occurrence(s)]
DEBUG --> [REQ_ID=c9b7ab9ad7ee] [LIFECYCLE][START] GET https://mymiwallet.com/index.php/wp-the.php

[1 occurrence(s)]
DEBUG --> [REQ_ID=c9b7ab9ad7ee] [REQUEST][END]

[1 occurrence(s)]
DEBUG --> [REQ_ID=63336ecc1574] [REQUEST][START] GET /wp5.php

[1 occurrence(s)]
DEBUG --> [REQ_ID=63336ecc1574] [FILTER_BEFORE] /wp5.php

[1 occurrence(s)]
DEBUG --> [REQ_ID=63336ecc1574] [ROUTE] Controller=\App\Modules\PropFirms\Controllers\PropFirmsController Method=index

[1 occurrence(s)]
DEBUG --> [REQ_ID=63336ecc1574] [LIFECYCLE][START] GET https://mymiwallet.com/index.php/wp5.php

[1 occurrence(s)]
DEBUG --> [REQ_ID=63336ecc1574] [REQUEST][END]

[1 occurrence(s)]
DEBUG --> [REQ_ID=0deb03479bd9] [REQUEST][START] GET /xxx.php

[1 occurrence(s)]
DEBUG --> [REQ_ID=0deb03479bd9] [FILTER_BEFORE] /xxx.php

[1 occurrence(s)]
DEBUG --> [REQ_ID=0deb03479bd9] [ROUTE] Controller=\App\Modules\PropFirms\Controllers\PropFirmsController Method=index

[1 occurrence(s)]
DEBUG --> [REQ_ID=0deb03479bd9] [LIFECYCLE][START] GET https://mymiwallet.com/index.php/xxx.php

[1 occurrence(s)]
DEBUG --> [REQ_ID=0deb03479bd9] [REQUEST][END]

[1 occurrence(s)]
DEBUG --> [REQ_ID=e77a19a573b5] [REQUEST][START] GET /wen.php

[1 occurrence(s)]
DEBUG --> [REQ_ID=e77a19a573b5] [FILTER_BEFORE] /wen.php

[1 occurrence(s)]
DEBUG --> [REQ_ID=e77a19a573b5] [ROUTE] Controller=\App\Modules\PropFirms\Controllers\PropFirmsController Method=index

[1 occurrence(s)]
DEBUG --> [REQ_ID=e77a19a573b5] [LIFECYCLE][START] GET https://mymiwallet.com/index.php/wen.php

[1 occurrence(s)]
DEBUG --> [REQ_ID=e77a19a573b5] [REQUEST][END]

[1 occurrence(s)]
DEBUG --> [REQ_ID=4adef6581001] [REQUEST][START] GET /bnm.php

[1 occurrence(s)]
DEBUG --> [REQ_ID=4adef6581001] [FILTER_BEFORE] /bnm.php

[1 occurrence(s)]
DEBUG --> [REQ_ID=4adef6581001] [ROUTE] Controller=\App\Modules\PropFirms\Controllers\PropFirmsController Method=index

[1 occurrence(s)]
DEBUG --> [REQ_ID=4adef6581001] [LIFECYCLE][START] GET https://mymiwallet.com/index.php/bnm.php

[1 occurrence(s)]
DEBUG --> [REQ_ID=4adef6581001] [REQUEST][END]

[1 occurrence(s)]
DEBUG --> [REQ_ID=06ccec435f8f] [REQUEST][START] GET /wp-content/plugins/hellopress/wp_filemanager.php

[1 occurrence(s)]
DEBUG --> [REQ_ID=06ccec435f8f] [REQUEST][END]

[1 occurrence(s)]
DEBUG --> [REQ_ID=20f15cf23902] [REQUEST][START] GET /byypas.php

[1 occurrence(s)]
DEBUG --> [REQ_ID=20f15cf23902] [FILTER_BEFORE] /byypas.php

[1 occurrence(s)]
DEBUG --> [REQ_ID=20f15cf23902] [ROUTE] Controller=\App\Modules\PropFirms\Controllers\PropFirmsController Method=index

[1 occurrence(s)]
DEBUG --> [REQ_ID=20f15cf23902] [LIFECYCLE][START] GET https://mymiwallet.com/index.php/byypas.php

[1 occurrence(s)]
DEBUG --> [REQ_ID=20f15cf23902] [REQUEST][END]

[1 occurrence(s)]
DEBUG --> [REQ_ID=acbcd7699c7c] [REQUEST][START] GET /hplfuns.php

[1 occurrence(s)]
DEBUG --> [REQ_ID=acbcd7699c7c] [FILTER_BEFORE] /hplfuns.php

[1 occurrence(s)]
DEBUG --> [REQ_ID=acbcd7699c7c] [ROUTE] Controller=\App\Modules\PropFirms\Controllers\PropFirmsController Method=index

[1 occurrence(s)]
DEBUG --> [REQ_ID=acbcd7699c7c] [LIFECYCLE][START] GET https://mymiwallet.com/index.php/hplfuns.php

[1 occurrence(s)]
DEBUG --> [REQ_ID=acbcd7699c7c] [REQUEST][END]

[1 occurrence(s)]
DEBUG --> [REQ_ID=d8115ec1813e] [REQUEST][START] GET /grsiuk.php

[1 occurrence(s)]
DEBUG --> [REQ_ID=d8115ec1813e] [FILTER_BEFORE] /grsiuk.php

[1 occurrence(s)]
DEBUG --> [REQ_ID=d8115ec1813e] [ROUTE] Controller=\App\Modules\PropFirms\Controllers\PropFirmsController Method=index

[1 occurrence(s)]
DEBUG --> [REQ_ID=d8115ec1813e] [LIFECYCLE][START] GET https://mymiwallet.com/index.php/grsiuk.php

[1 occurrence(s)]
DEBUG --> [REQ_ID=d8115ec1813e] [REQUEST][END]

[1 occurrence(s)]
DEBUG --> [REQ_ID=2b660cd6281e] [REQUEST][START] GET /gifclass.php

[1 occurrence(s)]
DEBUG --> [REQ_ID=2b660cd6281e] [FILTER_BEFORE] /gifclass.php

[1 occurrence(s)]
DEBUG --> [REQ_ID=2b660cd6281e] [ROUTE] Controller=\App\Modules\PropFirms\Controllers\PropFirmsController Method=index

[1 occurrence(s)]
DEBUG --> [REQ_ID=2b660cd6281e] [LIFECYCLE][START] GET https://mymiwallet.com/index.php/gifclass.php

[1 occurrence(s)]
DEBUG --> [REQ_ID=2b660cd6281e] [REQUEST][END]

[1 occurrence(s)]
DEBUG --> [REQ_ID=3944c93c87cf] [REQUEST][START] GET /a4.php

[1 occurrence(s)]
DEBUG --> [REQ_ID=3944c93c87cf] [FILTER_BEFORE] /a4.php

[1 occurrence(s)]
DEBUG --> [REQ_ID=3944c93c87cf] [ROUTE] Controller=\App\Modules\PropFirms\Controllers\PropFirmsController Method=index

[1 occurrence(s)]
DEBUG --> [REQ_ID=3944c93c87cf] [LIFECYCLE][START] GET https://mymiwallet.com/index.php/a4.php

[1 occurrence(s)]
DEBUG --> [REQ_ID=3944c93c87cf] [REQUEST][END]

[1 occurrence(s)]
DEBUG --> [REQ_ID=39a1058362cc] [REQUEST][START] GET /domains.php

[1 occurrence(s)]
DEBUG --> [REQ_ID=39a1058362cc] [FILTER_BEFORE] /domains.php

[1 occurrence(s)]
DEBUG --> [REQ_ID=39a1058362cc] [ROUTE] Controller=\App\Modules\PropFirms\Controllers\PropFirmsController Method=index

[1 occurrence(s)]
DEBUG --> [REQ_ID=39a1058362cc] [LIFECYCLE][START] GET https://mymiwallet.com/index.php/domains.php

[1 occurrence(s)]
DEBUG --> [REQ_ID=39a1058362cc] [REQUEST][END]

[1 occurrence(s)]
DEBUG --> [REQ_ID=6cd256b863b4] [REQUEST][START] GET /tt.php

[1 occurrence(s)]
DEBUG --> [REQ_ID=6cd256b863b4] [FILTER_BEFORE] /tt.php

[1 occurrence(s)]
DEBUG --> [REQ_ID=6cd256b863b4] [ROUTE] Controller=\App\Modules\PropFirms\Controllers\PropFirmsController Method=index

[1 occurrence(s)]
DEBUG --> [REQ_ID=6cd256b863b4] [LIFECYCLE][START] GET https://mymiwallet.com/index.php/tt.php

[1 occurrence(s)]
DEBUG --> [REQ_ID=6cd256b863b4] [REQUEST][END]

[1 occurrence(s)]
DEBUG --> [REQ_ID=780948e1fb5e] [REQUEST][START] GET /abc.php

[1 occurrence(s)]
DEBUG --> [REQ_ID=780948e1fb5e] [FILTER_BEFORE] /abc.php

[1 occurrence(s)]
DEBUG --> [REQ_ID=780948e1fb5e] [ROUTE] Controller=\App\Modules\PropFirms\Controllers\PropFirmsController Method=index

[1 occurrence(s)]
DEBUG --> [REQ_ID=780948e1fb5e] [LIFECYCLE][START] GET https://mymiwallet.com/index.php/abc.php

[1 occurrence(s)]
DEBUG --> [REQ_ID=780948e1fb5e] [REQUEST][END]

[1 occurrence(s)]
DEBUG --> [REQ_ID=64d44400e0cb] [REQUEST][START] GET /yw5bi63u.php

[1 occurrence(s)]
DEBUG --> [REQ_ID=64d44400e0cb] [FILTER_BEFORE] /yw5bi63u.php

[1 occurrence(s)]
DEBUG --> [REQ_ID=64d44400e0cb] [ROUTE] Controller=\App\Modules\PropFirms\Controllers\PropFirmsController Method=index

[1 occurrence(s)]
DEBUG --> [REQ_ID=64d44400e0cb] [LIFECYCLE][START] GET https://mymiwallet.com/index.php/yw5bi63u.php

[1 occurrence(s)]
DEBUG --> [REQ_ID=64d44400e0cb] [REQUEST][END]

[1 occurrence(s)]
DEBUG --> [REQ_ID=ff0084735cb5] [REQUEST][START] GET /222.php

[1 occurrence(s)]
DEBUG --> [REQ_ID=ff0084735cb5] [FILTER_BEFORE] /222.php

[1 occurrence(s)]
DEBUG --> [REQ_ID=ff0084735cb5] [ROUTE] Controller=\App\Modules\PropFirms\Controllers\PropFirmsController Method=index

[1 occurrence(s)]
DEBUG --> [REQ_ID=ff0084735cb5] [LIFECYCLE][START] GET https://mymiwallet.com/index.php/222.php

[1 occurrence(s)]
DEBUG --> [REQ_ID=ff0084735cb5] [REQUEST][END]

[1 occurrence(s)]
DEBUG --> [REQ_ID=6fa4c6b7255d] [REQUEST][START] GET /ws57.php

[1 occurrence(s)]
DEBUG --> [REQ_ID=6fa4c6b7255d] [FILTER_BEFORE] /ws57.php

[1 occurrence(s)]
DEBUG --> [REQ_ID=6fa4c6b7255d] [ROUTE] Controller=\App\Modules\PropFirms\Controllers\PropFirmsController Method=index

[1 occurrence(s)]
DEBUG --> [REQ_ID=6fa4c6b7255d] [LIFECYCLE][START] GET https://mymiwallet.com/index.php/ws57.php

[1 occurrence(s)]
DEBUG --> [REQ_ID=6fa4c6b7255d] [REQUEST][END]

[1 occurrence(s)]
DEBUG --> [REQ_ID=3161898ff6f2] [REQUEST][START] GET /8573.php

[1 occurrence(s)]
DEBUG --> [REQ_ID=3161898ff6f2] [FILTER_BEFORE] /8573.php

[1 occurrence(s)]
DEBUG --> [REQ_ID=3161898ff6f2] [ROUTE] Controller=\App\Modules\PropFirms\Controllers\PropFirmsController Method=index

[1 occurrence(s)]
DEBUG --> [REQ_ID=3161898ff6f2] [LIFECYCLE][START] GET https://mymiwallet.com/index.php/8573.php

[1 occurrence(s)]
DEBUG --> [REQ_ID=3161898ff6f2] [REQUEST][END]

[1 occurrence(s)]
DEBUG --> [REQ_ID=e59408107ef7] [REQUEST][START] GET /ws66.php

[1 occurrence(s)]
DEBUG --> [REQ_ID=e59408107ef7] [FILTER_BEFORE] /ws66.php

[1 occurrence(s)]
DEBUG --> [REQ_ID=e59408107ef7] [ROUTE] Controller=\App\Modules\PropFirms\Controllers\PropFirmsController Method=index

[1 occurrence(s)]
DEBUG --> [REQ_ID=e59408107ef7] [LIFECYCLE][START] GET https://mymiwallet.com/index.php/ws66.php

[1 occurrence(s)]
DEBUG --> [REQ_ID=e59408107ef7] [REQUEST][END]

[1 occurrence(s)]
DEBUG --> [REQ_ID=78e492827cec] [REQUEST][START] GET /66.php

[1 occurrence(s)]
DEBUG --> [REQ_ID=78e492827cec] [FILTER_BEFORE] /66.php

[1 occurrence(s)]
DEBUG --> [REQ_ID=78e492827cec] [ROUTE] Controller=\App\Modules\PropFirms\Controllers\PropFirmsController Method=index

[1 occurrence(s)]
DEBUG --> [REQ_ID=78e492827cec] [LIFECYCLE][START] GET https://mymiwallet.com/index.php/66.php

[1 occurrence(s)]
DEBUG --> [REQ_ID=78e492827cec] [REQUEST][END]

[1 occurrence(s)]
DEBUG --> [REQ_ID=260edc8f99df] [REQUEST][START] GET /wp-p2r3q9c8k4.php

[1 occurrence(s)]
DEBUG --> [REQ_ID=260edc8f99df] [FILTER_BEFORE] /wp-p2r3q9c8k4.php

[1 occurrence(s)]
DEBUG --> [REQ_ID=260edc8f99df] [ROUTE] Controller=\App\Modules\PropFirms\Controllers\PropFirmsController Method=index

[1 occurrence(s)]
DEBUG --> [REQ_ID=260edc8f99df] [LIFECYCLE][START] GET https://mymiwallet.com/index.php/wp-p2r3q9c8k4.php

[1 occurrence(s)]
DEBUG --> [REQ_ID=260edc8f99df] [REQUEST][END]

[1 occurrence(s)]
DEBUG --> [REQ_ID=dff8b94b64cc] [REQUEST][START] GET /ws88.php

[1 occurrence(s)]
DEBUG --> [REQ_ID=dff8b94b64cc] [FILTER_BEFORE] /ws88.php

[1 occurrence(s)]
DEBUG --> [REQ_ID=dff8b94b64cc] [ROUTE] Controller=\App\Modules\PropFirms\Controllers\PropFirmsController Method=index

[1 occurrence(s)]
DEBUG --> [REQ_ID=dff8b94b64cc] [LIFECYCLE][START] GET https://mymiwallet.com/index.php/ws88.php

[1 occurrence(s)]
DEBUG --> [REQ_ID=dff8b94b64cc] [REQUEST][END]

[1 occurrence(s)]
DEBUG --> [REQ_ID=48f49373ebe4] [REQUEST][START] GET /mode.php

[1 occurrence(s)]
DEBUG --> [REQ_ID=48f49373ebe4] [FILTER_BEFORE] /mode.php

[1 occurrence(s)]
DEBUG --> [REQ_ID=48f49373ebe4] [ROUTE] Controller=\App\Modules\PropFirms\Controllers\PropFirmsController Method=index

[1 occurrence(s)]
DEBUG --> [REQ_ID=48f49373ebe4] [LIFECYCLE][START] GET https://mymiwallet.com/index.php/mode.php

[1 occurrence(s)]
DEBUG --> [REQ_ID=48f49373ebe4] [REQUEST][END]

[1 occurrence(s)]
DEBUG --> [REQ_ID=087c438f2dd4] [REQUEST][START] GET /set.php

[1 occurrence(s)]
DEBUG --> [REQ_ID=087c438f2dd4] [FILTER_BEFORE] /set.php

[1 occurrence(s)]
DEBUG --> [REQ_ID=087c438f2dd4] [ROUTE] Controller=\App\Modules\PropFirms\Controllers\PropFirmsController Method=index

[1 occurrence(s)]
DEBUG --> [REQ_ID=087c438f2dd4] [LIFECYCLE][START] GET https://mymiwallet.com/index.php/set.php

[1 occurrence(s)]
DEBUG --> [REQ_ID=087c438f2dd4] [REQUEST][END]

[1 occurrence(s)]
DEBUG --> [REQ_ID=bcd7ce8d22ee] [REQUEST][START] GET /hroxw.php

[1 occurrence(s)]
DEBUG --> [REQ_ID=bcd7ce8d22ee] [FILTER_BEFORE] /hroxw.php

[1 occurrence(s)]
DEBUG --> [REQ_ID=bcd7ce8d22ee] [ROUTE] Controller=\App\Modules\PropFirms\Controllers\PropFirmsController Method=index

[1 occurrence(s)]
DEBUG --> [REQ_ID=bcd7ce8d22ee] [LIFECYCLE][START] GET https://mymiwallet.com/index.php/hroxw.php

[1 occurrence(s)]
DEBUG --> [REQ_ID=bcd7ce8d22ee] [REQUEST][END]

[1 occurrence(s)]
DEBUG --> [REQ_ID=dceaab647f0e] [REQUEST][START] GET /ok.php

[1 occurrence(s)]
DEBUG --> [REQ_ID=dceaab647f0e] [FILTER_BEFORE] /ok.php

[1 occurrence(s)]
DEBUG --> [REQ_ID=dceaab647f0e] [ROUTE] Controller=\App\Modules\PropFirms\Controllers\PropFirmsController Method=index

[1 occurrence(s)]
DEBUG --> [REQ_ID=dceaab647f0e] [LIFECYCLE][START] GET https://mymiwallet.com/index.php/ok.php

[1 occurrence(s)]
DEBUG --> [REQ_ID=dceaab647f0e] [REQUEST][END]

[1 occurrence(s)]
DEBUG --> [REQ_ID=2c88ae130c78] [REQUEST][START] GET /zoo.php

[1 occurrence(s)]
DEBUG --> [REQ_ID=2c88ae130c78] [FILTER_BEFORE] /zoo.php

[1 occurrence(s)]
DEBUG --> [REQ_ID=2c88ae130c78] [ROUTE] Controller=\App\Modules\PropFirms\Controllers\PropFirmsController Method=index

[1 occurrence(s)]
DEBUG --> [REQ_ID=2c88ae130c78] [LIFECYCLE][START] GET https://mymiwallet.com/index.php/zoo.php

[1 occurrence(s)]
DEBUG --> [REQ_ID=2c88ae130c78] [REQUEST][END]

[1 occurrence(s)]
DEBUG --> [REQ_ID=47cb7963d986] [REQUEST][START] GET /gaza.php

[1 occurrence(s)]
DEBUG --> [REQ_ID=47cb7963d986] [FILTER_BEFORE] /gaza.php

[1 occurrence(s)]
DEBUG --> [REQ_ID=47cb7963d986] [ROUTE] Controller=\App\Modules\PropFirms\Controllers\PropFirmsController Method=index

[1 occurrence(s)]
DEBUG --> [REQ_ID=47cb7963d986] [LIFECYCLE][START] GET https://mymiwallet.com/index.php/gaza.php

[1 occurrence(s)]
DEBUG --> [REQ_ID=47cb7963d986] [REQUEST][END]

[1 occurrence(s)]
DEBUG --> [REQ_ID=68c929a371d2] [REQUEST][START] GET /retu11.PhP7

[1 occurrence(s)]
DEBUG --> [REQ_ID=68c929a371d2] [FILTER_BEFORE] /retu11.PhP7

[1 occurrence(s)]
DEBUG --> [REQ_ID=68c929a371d2] [ROUTE] Controller=\App\Modules\PropFirms\Controllers\PropFirmsController Method=index

[1 occurrence(s)]
DEBUG --> [REQ_ID=68c929a371d2] [LIFECYCLE][START] GET https://mymiwallet.com/index.php/retu11.PhP7

[1 occurrence(s)]
DEBUG --> [REQ_ID=68c929a371d2] [REQUEST][END]

[1 occurrence(s)]
DEBUG --> [REQ_ID=219b10a39249] [REQUEST][START] GET /ioxi001.PhP7

[1 occurrence(s)]
DEBUG --> [REQ_ID=219b10a39249] [FILTER_BEFORE] /ioxi001.PhP7

[1 occurrence(s)]
DEBUG --> [REQ_ID=219b10a39249] [ROUTE] Controller=\App\Modules\PropFirms\Controllers\PropFirmsController Method=index

[1 occurrence(s)]
DEBUG --> [REQ_ID=219b10a39249] [LIFECYCLE][START] GET https://mymiwallet.com/index.php/ioxi001.PhP7

[1 occurrence(s)]
DEBUG --> [REQ_ID=219b10a39249] [REQUEST][END]

[1 occurrence(s)]
DEBUG --> [REQ_ID=0bd57820c2f6] [REQUEST][START] GET /mk.php

[1 occurrence(s)]
DEBUG --> [REQ_ID=0bd57820c2f6] [FILTER_BEFORE] /mk.php

[1 occurrence(s)]
DEBUG --> [REQ_ID=0bd57820c2f6] [ROUTE] Controller=\App\Modules\PropFirms\Controllers\PropFirmsController Method=index

[1 occurrence(s)]
DEBUG --> [REQ_ID=0bd57820c2f6] [LIFECYCLE][START] GET https://mymiwallet.com/index.php/mk.php

[1 occurrence(s)]
DEBUG --> [REQ_ID=0bd57820c2f6] [REQUEST][END]

[1 occurrence(s)]
DEBUG --> [REQ_ID=271bd71d2fa6] [REQUEST][START] GET /fm.php

[1 occurrence(s)]
DEBUG --> [REQ_ID=271bd71d2fa6] [FILTER_BEFORE] /fm.php

[1 occurrence(s)]
DEBUG --> [REQ_ID=271bd71d2fa6] [ROUTE] Controller=\App\Modules\PropFirms\Controllers\PropFirmsController Method=index

[1 occurrence(s)]
DEBUG --> [REQ_ID=271bd71d2fa6] [LIFECYCLE][START] GET https://mymiwallet.com/index.php/fm.php

[1 occurrence(s)]
DEBUG --> [REQ_ID=271bd71d2fa6] [REQUEST][END]

[1 occurrence(s)]
DEBUG --> [REQ_ID=7f7be9a567ef] [REQUEST][START] GET /Stock/NYSE/DDT

[1 occurrence(s)]
DEBUG --> [REQ_ID=7f7be9a567ef] [REQUEST][END]

[1 occurrence(s)]
DEBUG --> [REQ_ID=68f295db4042] [REQUEST][START] GET /

[1 occurrence(s)]
DEBUG --> [REQ_ID=68f295db4042] [REQUEST][END]

[1 occurrence(s)]
DEBUG --> [REQ_ID=0dad8ae4fe4f] [REQUEST][START] GET /Knowledgebase/Investor-Profile

[1 occurrence(s)]
DEBUG --> [REQ_ID=0dad8ae4fe4f] [REQUEST][END]

[1 occurrence(s)]
DEBUG --> [REQ_ID=6bb997eedfa9] [REQUEST][START] GET /Exchange/Solana/Wallet/Solflare

[1 occurrence(s)]
DEBUG --> [REQ_ID=6bb997eedfa9] [REQUEST][END]

[1 occurrence(s)]
DEBUG --> [REQ_ID=f979a09f2195] [REQUEST][START] GET /index.php/API/Management/Run-CRON-Tasks

[1 occurrence(s)]
DEBUG --> [REQ_ID=f979a09f2195] [FILTER_BEFORE] /index.php/API/Management/Run-CRON-Tasks

[1 occurrence(s)]
DEBUG --> [REQ_ID=f979a09f2195] [ROUTE] Controller=\App\Modules\APIs\Controllers\ManagementAPIController Method=Run_CRON_Tasks

[1 occurrence(s)]
DEBUG --> [REQ_ID=f979a09f2195] [LIFECYCLE][START] GET https://mymiwallet.com/index.php/API/Management/Run-CRON-Tasks

[1 occurrence(s)]
DEBUG --> [REQ_ID=f979a09f2195] [REQUEST][END]

[1 occurrence(s)]
DEBUG --> [REQ_ID=e912d38f8583] [REQUEST][START] GET /

[1 occurrence(s)]
DEBUG --> [REQ_ID=e912d38f8583] [REQUEST][END]

[1 occurrence(s)]
DEBUG --> [REQ_ID=b312fb8d93c9] [REQUEST][START] GET /index.php/API/Alerts/fetchEmailAlerts

[1 occurrence(s)]
DEBUG --> [REQ_ID=b312fb8d93c9] [FILTER_BEFORE] /index.php/API/Alerts/fetchEmailAlerts

[1 occurrence(s)]
DEBUG --> [REQ_ID=b312fb8d93c9] [ROUTE] Controller=\App\Modules\APIs\Controllers\AlertsAPIController Method=fetchEmailAlerts

[1 occurrence(s)]
DEBUG --> [REQ_ID=b312fb8d93c9] [LIFECYCLE][START] GET https://mymiwallet.com/index.php/API/Alerts/fetchEmailAlerts

[1 occurrence(s)]
DEBUG --> [REQ_ID=b312fb8d93c9] [REQUEST][END]

[1 occurrence(s)]
DEBUG --> [REQ_ID=55edb5c1a8ba] [REQUEST][START] GET /index.php/activate

[1 occurrence(s)]
DEBUG --> [REQ_ID=55edb5c1a8ba] [FILTER_BEFORE] /index.php/activate

[1 occurrence(s)]
DEBUG --> [REQ_ID=55edb5c1a8ba] [ROUTE] Controller=\App\Controllers\AuthController Method=activateAccount

[1 occurrence(s)]
DEBUG --> [REQ_ID=55edb5c1a8ba] [LIFECYCLE][START] GET https://mymiwallet.com/index.php/activate

[2 occurrence(s)]
DEBUG --> [CSRF] token name=csrf_test_name hash=3523fa1c3e370886fb63eef05ffa155e

[1 occurrence(s)]
DEBUG --> [REQ_ID=81c4cd900890] [INIT] App\Controllers\AuthController::GET

[1 occurrence(s)]
DEBUG --> [REQ_ID=55edb5c1a8ba] [FILTER_AFTER]

[1 occurrence(s)]
DEBUG --> [REQ_ID=55edb5c1a8ba] [LIFECYCLE][END] status=302 duration_ms=258.87 memory_delta=0

[1 occurrence(s)]
DEBUG --> [REQ_ID=55edb5c1a8ba] [REQUEST][END]

[1 occurrence(s)]
DEBUG --> [REQ_ID=3739a336386b] [REQUEST][START] GET /index.php/Support/Account

[1 occurrence(s)]
DEBUG --> [REQ_ID=3739a336386b] [FILTER_BEFORE] /index.php/Support/Account

[1 occurrence(s)]
DEBUG --> [REQ_ID=3739a336386b] [ROUTE] Controller=\App\Modules\Support\Controllers\AccountSupportController Method=index

[1 occurrence(s)]
DEBUG --> [REQ_ID=3739a336386b] [LIFECYCLE][START] GET https://mymiwallet.com/index.php/Support/Account

[1 occurrence(s)]
DEBUG --> [REQ_ID=dc885ef4583c] [INIT] App\Modules\Support\Controllers\AccountSupportController::GET

[1 occurrence(s)]
DEBUG --> [REQ_ID=dc885ef4583c] [METHOD_ENTRY] index

[1 occurrence(s)]
DEBUG --> [REQ_ID=dc885ef4583c] [VIEW_RENDER] SupportModule/Support/account_help

[1 occurrence(s)]
DEBUG --> [REQ_ID=3739a336386b] [FILTER_AFTER]

[1 occurrence(s)]
DEBUG --> [REQ_ID=3739a336386b] [LIFECYCLE][END] status=200 duration_ms=69.11 memory_delta=2097152

[1 occurrence(s)]
DEBUG --> [REQ_ID=3739a336386b] [REQUEST][END]

[1 occurrence(s)]
DEBUG --> [REQ_ID=d3813e2a77e9] [REQUEST][START] GET /

[1 occurrence(s)]
DEBUG --> [REQ_ID=d3813e2a77e9] [FILTER_BEFORE] /

[1 occurrence(s)]
DEBUG --> [REQ_ID=d3813e2a77e9] [ROUTE] Controller=\App\Controllers\Home Method=index

[1 occurrence(s)]
DEBUG --> [REQ_ID=d3813e2a77e9] [LIFECYCLE][START] GET https://mymiwallet.com/index.php/

[1 occurrence(s)]
DEBUG --> [CSRF] token name=csrf_test_name hash=18f281bb98600b87127d9215f1e69162

[1 occurrence(s)]
DEBUG --> [REQ_ID=7ab4b1edffef] [INIT] App\Controllers\Home::GET

[1 occurrence(s)]
DEBUG --> [REQ_ID=7ab4b1edffef] [VIEW_RENDER] themes/public/home

[1 occurrence(s)]
DEBUG --> [REQ_ID=d3813e2a77e9] [FILTER_AFTER]

[1 occurrence(s)]
DEBUG --> [REQ_ID=d3813e2a77e9] [LIFECYCLE][END] status=200 duration_ms=629.35 memory_delta=4194304

[1 occurrence(s)]
DEBUG --> [REQ_ID=d3813e2a77e9] [REQUEST][END]

[1 occurrence(s)]
DEBUG --> [REQ_ID=c678831ee93c] [REQUEST][START] GET /index.php/How-It-Works/overview

[1 occurrence(s)]
DEBUG --> [REQ_ID=c678831ee93c] [FILTER_BEFORE] /index.php/How-It-Works/overview

[1 occurrence(s)]
DEBUG --> [REQ_ID=c678831ee93c] [ROUTE] Controller=\App\Modules\Blog\Controllers\HowItWorksController Method=show

[1 occurrence(s)]
DEBUG --> [REQ_ID=c678831ee93c] [LIFECYCLE][START] GET https://mymiwallet.com/index.php/How-It-Works/overview

[1 occurrence(s)]
DEBUG --> [CSRF] token name=csrf_test_name hash=bd36a28e948d36f3cc8823e5ac859f5a

[1 occurrence(s)]
DEBUG --> [REQ_ID=a334b63b4e85] [INIT] App\Modules\Blog\Controllers\HowItWorksController::GET

[1 occurrence(s)]
DEBUG --> [REQ_ID=a334b63b4e85] [METHOD_ENTRY] show

[2 occurrence(s)]
DEBUG --> [HOW_IT_WORKS] slug=overview

[1 occurrence(s)]
DEBUG --> [REQ_ID=c678831ee93c] [FILTER_AFTER]

[1 occurrence(s)]
DEBUG --> [REQ_ID=c678831ee93c] [LIFECYCLE][END] status=200 duration_ms=643.32 memory_delta=4194304

[1 occurrence(s)]
DEBUG --> [REQ_ID=c678831ee93c] [REQUEST][END]

[1 occurrence(s)]
DEBUG --> [REQ_ID=aac64bc008da] [REQUEST][START] GET /index.php/activate

[1 occurrence(s)]
DEBUG --> [REQ_ID=aac64bc008da] [FILTER_BEFORE] /index.php/activate

[1 occurrence(s)]
DEBUG --> [REQ_ID=aac64bc008da] [ROUTE] Controller=\App\Controllers\AuthController Method=activateAccount

[1 occurrence(s)]
DEBUG --> [REQ_ID=aac64bc008da] [LIFECYCLE][START] GET https://mymiwallet.com/index.php/activate

[2 occurrence(s)]
DEBUG --> [CSRF] token name=csrf_test_name hash=383ffee84ddbc18acdb4d283a2d9c7bd

[1 occurrence(s)]
DEBUG --> [REQ_ID=fced265b3731] [INIT] App\Controllers\AuthController::GET

[1 occurrence(s)]
DEBUG --> [REQ_ID=aac64bc008da] [FILTER_AFTER]

[1 occurrence(s)]
DEBUG --> [REQ_ID=aac64bc008da] [LIFECYCLE][END] status=302 duration_ms=116.39 memory_delta=0

[1 occurrence(s)]
DEBUG --> [REQ_ID=aac64bc008da] [REQUEST][END]

[1 occurrence(s)]
DEBUG --> [REQ_ID=843f6bb67366] [REQUEST][START] GET /index.php/Support/Account

[1 occurrence(s)]
DEBUG --> [REQ_ID=843f6bb67366] [FILTER_BEFORE] /index.php/Support/Account

[1 occurrence(s)]
DEBUG --> [REQ_ID=843f6bb67366] [ROUTE] Controller=\App\Modules\Support\Controllers\AccountSupportController Method=index

[1 occurrence(s)]
DEBUG --> [REQ_ID=843f6bb67366] [LIFECYCLE][START] GET https://mymiwallet.com/index.php/Support/Account

[1 occurrence(s)]
DEBUG --> [REQ_ID=bff45fdcd7ec] [INIT] App\Modules\Support\Controllers\AccountSupportController::GET

[1 occurrence(s)]
DEBUG --> [REQ_ID=bff45fdcd7ec] [METHOD_ENTRY] index

[1 occurrence(s)]
DEBUG --> [REQ_ID=bff45fdcd7ec] [VIEW_RENDER] SupportModule/Support/account_help

[1 occurrence(s)]
DEBUG --> [REQ_ID=843f6bb67366] [FILTER_AFTER]

[1 occurrence(s)]
DEBUG --> [REQ_ID=843f6bb67366] [LIFECYCLE][END] status=200 duration_ms=31.38 memory_delta=0

[1 occurrence(s)]
DEBUG --> [REQ_ID=843f6bb67366] [REQUEST][END]

[1 occurrence(s)]
DEBUG --> [REQ_ID=45abf618e572] [REQUEST][START] GET /

[1 occurrence(s)]
DEBUG --> [REQ_ID=45abf618e572] [FILTER_BEFORE] /

[1 occurrence(s)]
DEBUG --> [REQ_ID=45abf618e572] [ROUTE] Controller=\App\Controllers\Home Method=index

[1 occurrence(s)]
DEBUG --> [REQ_ID=45abf618e572] [LIFECYCLE][START] GET https://mymiwallet.com/index.php/

[1 occurrence(s)]
DEBUG --> [CSRF] token name=csrf_test_name hash=4eab5842fbed3600491273aa77f23eb7

[1 occurrence(s)]
DEBUG --> [REQ_ID=01ccfffc6d8e] [INIT] App\Controllers\Home::GET

[1 occurrence(s)]
DEBUG --> [REQ_ID=01ccfffc6d8e] [VIEW_RENDER] themes/public/home

[1 occurrence(s)]
DEBUG --> [REQ_ID=45abf618e572] [FILTER_AFTER]

[1 occurrence(s)]
DEBUG --> [REQ_ID=45abf618e572] [LIFECYCLE][END] status=200 duration_ms=699.27 memory_delta=4194304

[1 occurrence(s)]
DEBUG --> [REQ_ID=45abf618e572] [REQUEST][END]

[1 occurrence(s)]
DEBUG --> [REQ_ID=209079a5b78d] [REQUEST][START] GET /

[1 occurrence(s)]
DEBUG --> [REQ_ID=209079a5b78d] [REQUEST][END]

[1 occurrence(s)]
DEBUG --> [REQ_ID=85b1b465cb2a] [REQUEST][START] GET /

[1 occurrence(s)]
DEBUG --> [REQ_ID=85b1b465cb2a] [FILTER_BEFORE] /

[1 occurrence(s)]
DEBUG --> [REQ_ID=85b1b465cb2a] [ROUTE] Controller=\App\Controllers\Home Method=index

[1 occurrence(s)]
DEBUG --> [REQ_ID=85b1b465cb2a] [LIFECYCLE][START] GET https://mymiwallet.com/index.php/

[1 occurrence(s)]
DEBUG --> [CSRF] token name=csrf_test_name hash=67fbbf2a86b5d83d8c338f0de00fe05e

[1 occurrence(s)]
DEBUG --> [REQ_ID=29ac1c012a67] [INIT] App\Controllers\Home::GET

[1 occurrence(s)]
DEBUG --> [REQ_ID=29ac1c012a67] [VIEW_RENDER] themes/public/home

[1 occurrence(s)]
DEBUG --> [REQ_ID=85b1b465cb2a] [FILTER_AFTER]

[1 occurrence(s)]
DEBUG --> [REQ_ID=85b1b465cb2a] [LIFECYCLE][END] status=200 duration_ms=722.50 memory_delta=4194304

[1 occurrence(s)]
DEBUG --> [REQ_ID=85b1b465cb2a] [REQUEST][END]

[1 occurrence(s)]
DEBUG --> [REQ_ID=378e7f17c1b9] [REQUEST][START] GET /?url=http://127.0.0.1:8080

[1 occurrence(s)]
DEBUG --> [REQ_ID=378e7f17c1b9] [FILTER_BEFORE] /?url=http://127.0.0.1:8080

[1 occurrence(s)]
DEBUG --> [REQ_ID=378e7f17c1b9] [ROUTE] Controller=\App\Controllers\Home Method=index

[1 occurrence(s)]
DEBUG --> [REQ_ID=378e7f17c1b9] [LIFECYCLE][START] GET https://mymiwallet.com/index.php?url=http%3A%2F%2F127.0.0.1%3A8080

[1 occurrence(s)]
DEBUG --> [CSRF] token name=csrf_test_name hash=36e79eaa07c661f3f507b70c77ee9a6e

[1 occurrence(s)]
DEBUG --> [REQ_ID=d619b86f053f] [INIT] App\Controllers\Home::GET

[1 occurrence(s)]
DEBUG --> [REQ_ID=d619b86f053f] [VIEW_RENDER] themes/public/home

[1 occurrence(s)]
DEBUG --> [REQ_ID=378e7f17c1b9] [FILTER_AFTER]

[1 occurrence(s)]
DEBUG --> [REQ_ID=378e7f17c1b9] [LIFECYCLE][END] status=200 duration_ms=561.99 memory_delta=2097152

[1 occurrence(s)]
DEBUG --> [REQ_ID=378e7f17c1b9] [REQUEST][END]

[1 occurrence(s)]
DEBUG --> [REQ_ID=34aacdb444b5] [REQUEST][START] GET /

[1 occurrence(s)]
DEBUG --> [REQ_ID=34aacdb444b5] [REQUEST][END]

[1 occurrence(s)]
DEBUG --> [REQ_ID=47abe5764b88] [REQUEST][START] GET /soap

[1 occurrence(s)]
DEBUG --> [REQ_ID=47abe5764b88] [FILTER_BEFORE] /soap

[1 occurrence(s)]
DEBUG --> [REQ_ID=47abe5764b88] [ROUTE] Controller=\App\Modules\PropFirms\Controllers\PropFirmsController Method=index

[1 occurrence(s)]
DEBUG --> [REQ_ID=47abe5764b88] [LIFECYCLE][START] GET https://mymiwallet.com/index.php/soap

[1 occurrence(s)]
DEBUG --> [CSRF] token name=csrf_test_name hash=08eb06ef19b597845b23e18a847d4c84

[1 occurrence(s)]
DEBUG --> [REQ_ID=47abe5764b88] [REQUEST][END]

[1 occurrence(s)]
DEBUG --> [REQ_ID=707649828310] [REQUEST][START] GET /api/v1/env

[1 occurrence(s)]
DEBUG --> [REQ_ID=707649828310] [REQUEST][END]

[1 occurrence(s)]
DEBUG --> [REQ_ID=b9ebc1337e07] [REQUEST][START] GET /.git/config

[1 occurrence(s)]
DEBUG --> [REQ_ID=b9ebc1337e07] [REQUEST][END]

[1 occurrence(s)]
DEBUG --> [REQ_ID=f329275afd3f] [REQUEST][START] GET /.env

[1 occurrence(s)]
DEBUG --> [REQ_ID=f329275afd3f] [FILTER_BEFORE] /.env

[1 occurrence(s)]
DEBUG --> [REQ_ID=f329275afd3f] [ROUTE] Controller=\App\Modules\PropFirms\Controllers\PropFirmsController Method=index

[1 occurrence(s)]
DEBUG --> [REQ_ID=f329275afd3f] [LIFECYCLE][START] GET https://mymiwallet.com/index.php/.env

[1 occurrence(s)]
DEBUG --> [CSRF] token name=csrf_test_name hash=0c24bfe4cc3065b1e201b38f11e97f49

[1 occurrence(s)]
DEBUG --> [REQ_ID=f329275afd3f] [REQUEST][END]

[1 occurrence(s)]
DEBUG --> [REQ_ID=eb6989c396c7] [REQUEST][START] GET /.env

[1 occurrence(s)]
DEBUG --> [REQ_ID=eb6989c396c7] [FILTER_BEFORE] /.env

[1 occurrence(s)]
DEBUG --> [REQ_ID=eb6989c396c7] [ROUTE] Controller=\App\Modules\PropFirms\Controllers\PropFirmsController Method=index

[1 occurrence(s)]
DEBUG --> [REQ_ID=eb6989c396c7] [LIFECYCLE][START] GET https://mymiwallet.com/index.php/.env

[1 occurrence(s)]
DEBUG --> [CSRF] token name=csrf_test_name hash=3cd47b6e5cba7999193e57482708089d

[1 occurrence(s)]
DEBUG --> [REQ_ID=eb6989c396c7] [REQUEST][END]

[1 occurrence(s)]
DEBUG --> [REQ_ID=234ef8d3f1ac] [REQUEST][START] GET /config/config.json

[1 occurrence(s)]
DEBUG --> [REQ_ID=234ef8d3f1ac] [REQUEST][END]

[1 occurrence(s)]
DEBUG --> [REQ_ID=5282b6d3243f] [REQUEST][START] GET /config/config.json

[1 occurrence(s)]
DEBUG --> [REQ_ID=5282b6d3243f] [REQUEST][END]

[1 occurrence(s)]
DEBUG --> [REQ_ID=df24f623cf92] [REQUEST][START] GET /app/config.json

[1 occurrence(s)]
DEBUG --> [REQ_ID=df24f623cf92] [REQUEST][END]

[1 occurrence(s)]
DEBUG --> [REQ_ID=5862f68cd82e] [REQUEST][START] GET /app/config.json

[1 occurrence(s)]
DEBUG --> [REQ_ID=5862f68cd82e] [REQUEST][END]

[1 occurrence(s)]
DEBUG --> [REQ_ID=fe1d9569812c] [REQUEST][START] GET /uploads/.env

[1 occurrence(s)]
DEBUG --> [REQ_ID=fe1d9569812c] [REQUEST][END]

[1 occurrence(s)]
DEBUG --> [REQ_ID=ffd75befa604] [REQUEST][START] GET /src/.env

[1 occurrence(s)]
DEBUG --> [REQ_ID=ffd75befa604] [REQUEST][END]

[1 occurrence(s)]
DEBUG --> [REQ_ID=7fd4f8bc12af] [REQUEST][START] GET /root/.env

[1 occurrence(s)]
DEBUG --> [REQ_ID=7fd4f8bc12af] [REQUEST][END]

[1 occurrence(s)]
DEBUG --> [REQ_ID=1eb4302f2160] [REQUEST][START] GET /sources/.env

[1 occurrence(s)]
DEBUG --> [REQ_ID=1eb4302f2160] [REQUEST][END]

[1 occurrence(s)]
DEBUG --> [REQ_ID=85accf099d3a] [REQUEST][START] GET /api/v1/.env

[1 occurrence(s)]
DEBUG --> [REQ_ID=85accf099d3a] [REQUEST][END]

[1 occurrence(s)]
DEBUG --> [REQ_ID=7785d334fb3e] [REQUEST][START] GET /info/info.php

[1 occurrence(s)]
DEBUG --> [REQ_ID=7785d334fb3e] [REQUEST][END]

[1 occurrence(s)]
DEBUG --> [REQ_ID=090fd95baf16] [REQUEST][START] GET /testing/.env

[1 occurrence(s)]
DEBUG --> [REQ_ID=aee03e93e0cf] [REQUEST][START] GET /source/.env

[1 occurrence(s)]
DEBUG --> [REQ_ID=c673345fd353] [REQUEST][START] GET /info/phpinfo.php

[1 occurrence(s)]
DEBUG --> [REQ_ID=aee03e93e0cf] [REQUEST][END]

[1 occurrence(s)]
DEBUG --> [REQ_ID=c673345fd353] [REQUEST][END]

[1 occurrence(s)]
DEBUG --> [REQ_ID=090fd95baf16] [REQUEST][END]

[1 occurrence(s)]
DEBUG --> [REQ_ID=b2b26364f314] [REQUEST][START] GET /server_info.php

[1 occurrence(s)]
DEBUG --> [REQ_ID=b2b26364f314] [FILTER_BEFORE] /server_info.php

[1 occurrence(s)]
DEBUG --> [REQ_ID=b2b26364f314] [ROUTE] Controller=\App\Modules\PropFirms\Controllers\PropFirmsController Method=index

[1 occurrence(s)]
DEBUG --> [REQ_ID=b2b26364f314] [LIFECYCLE][START] GET https://mymiwallet.com/index.php/server_info.php

[1 occurrence(s)]
DEBUG --> [CSRF] token name=csrf_test_name hash=b82da51ac2dd032bf86256788061a973

[1 occurrence(s)]
DEBUG --> [REQ_ID=b2b26364f314] [REQUEST][END]

[1 occurrence(s)]
DEBUG --> [REQ_ID=756ce295bb86] [REQUEST][START] GET /tests/phpinfo.php

[1 occurrence(s)]
DEBUG --> [REQ_ID=0c40c1c8227f] [REQUEST][START] GET /.docker/.env

[1 occurrence(s)]
DEBUG --> [REQ_ID=c3f4d07e5c80] [REQUEST][START] GET /info/php.php

[1 occurrence(s)]
DEBUG --> [REQ_ID=0c40c1c8227f] [REQUEST][END]

[1 occurrence(s)]
DEBUG --> [REQ_ID=c3f4d07e5c80] [REQUEST][END]

[1 occurrence(s)]
DEBUG --> [REQ_ID=756ce295bb86] [REQUEST][END]

[1 occurrence(s)]
DEBUG --> [REQ_ID=eb141416cac5] [REQUEST][START] GET /phpinfo/info.php

[1 occurrence(s)]
DEBUG --> [REQ_ID=ac135681476c] [REQUEST][START] GET /docker-compose/.env

[1 occurrence(s)]
DEBUG --> [REQ_ID=224bbda1af52] [REQUEST][START] GET /develop/.env

[1 occurrence(s)]
DEBUG --> [REQ_ID=eb141416cac5] [REQUEST][END]

[1 occurrence(s)]
DEBUG --> [REQ_ID=ac135681476c] [REQUEST][END]

[1 occurrence(s)]
DEBUG --> [REQ_ID=224bbda1af52] [REQUEST][END]

[1 occurrence(s)]
DEBUG --> [REQ_ID=9da6fd46a7fb] [REQUEST][START] GET /development/.env

[1 occurrence(s)]
DEBUG --> [REQ_ID=9fadf94e58cc] [REQUEST][START] GET /server-info.php

[1 occurrence(s)]
DEBUG --> [REQ_ID=9fadf94e58cc] [FILTER_BEFORE] /server-info.php

[1 occurrence(s)]
DEBUG --> [REQ_ID=9fadf94e58cc] [ROUTE] Controller=\App\Modules\PropFirms\Controllers\PropFirmsController Method=index

[1 occurrence(s)]
DEBUG --> [REQ_ID=9fadf94e58cc] [LIFECYCLE][START] GET https://mymiwallet.com/index.php/server-info.php

[1 occurrence(s)]
DEBUG --> [CSRF] token name=csrf_test_name hash=8422670d2df0d007079a78d304601f84

[1 occurrence(s)]
DEBUG --> [REQ_ID=9da6fd46a7fb] [REQUEST][END]

[1 occurrence(s)]
DEBUG --> [REQ_ID=9fadf94e58cc] [REQUEST][END]

[1 occurrence(s)]
DEBUG --> [REQ_ID=7a36db9739dd] [REQUEST][START] GET /api/.env

[1 occurrence(s)]
DEBUG --> [REQ_ID=ae829d3b99ef] [REQUEST][START] GET /app/.env

[1 occurrence(s)]
DEBUG --> [REQ_ID=7a36db9739dd] [REQUEST][END]

[1 occurrence(s)]
DEBUG --> [REQ_ID=ae829d3b99ef] [REQUEST][END]

[1 occurrence(s)]
DEBUG --> [REQ_ID=6eeacfaa9bf8] [REQUEST][START] GET /vendor/.env

[1 occurrence(s)]
DEBUG --> [REQ_ID=e65a1aec1b10] [REQUEST][START] GET /system/.env

[1 occurrence(s)]
DEBUG --> [REQ_ID=33bdacd6245a] [REQUEST][START] GET /core/.env

[1 occurrence(s)]
DEBUG --> [REQ_ID=6eeacfaa9bf8] [REQUEST][END]

[1 occurrence(s)]
DEBUG --> [REQ_ID=c8e2148acf8a] [REQUEST][START] GET /docker/.env

[1 occurrence(s)]
DEBUG --> [REQ_ID=33bdacd6245a] [REQUEST][END]

[1 occurrence(s)]
DEBUG --> [REQ_ID=e65a1aec1b10] [REQUEST][END]

[1 occurrence(s)]
DEBUG --> [REQ_ID=c8e2148acf8a] [REQUEST][END]

[1 occurrence(s)]
DEBUG --> [REQ_ID=fbe5467c2653] [REQUEST][START] GET /.env

[1 occurrence(s)]
DEBUG --> [REQ_ID=fbe5467c2653] [FILTER_BEFORE] /.env

[1 occurrence(s)]
DEBUG --> [REQ_ID=fbe5467c2653] [ROUTE] Controller=\App\Modules\PropFirms\Controllers\PropFirmsController Method=index

[1 occurrence(s)]
DEBUG --> [REQ_ID=fbe5467c2653] [LIFECYCLE][START] GET https://mymiwallet.com/index.php/.env

[1 occurrence(s)]
DEBUG --> [CSRF] token name=csrf_test_name hash=43c0257254784b85eea401efd0f2a38e

[1 occurrence(s)]
DEBUG --> [REQ_ID=fbe5467c2653] [REQUEST][END]

[1 occurrence(s)]
DEBUG --> [REQ_ID=8100b82e12fe] [REQUEST][START] GET /public/.env

[1 occurrence(s)]
DEBUG --> [REQ_ID=24a6028ab625] [REQUEST][START] GET /dev/.env

[1 occurrence(s)]
DEBUG --> [REQ_ID=f02705acf470] [REQUEST][START] GET /laravel/.env

[1 occurrence(s)]
DEBUG --> [REQ_ID=c4a5eb81f462] [REQUEST][START] GET /app/.environment

[1 occurrence(s)]
DEBUG --> [REQ_ID=74fd210ecbbc] [REQUEST][START] GET /testing/info.php

[1 occurrence(s)]
DEBUG --> [REQ_ID=c56a4d19e3a9] [REQUEST][START] GET /api/v2/.env

[1 occurrence(s)]
DEBUG --> [REQ_ID=2d572c4048e5] [REQUEST][START] GET /admin/.env

[1 occurrence(s)]
DEBUG --> [REQ_ID=217618be87dd] [REQUEST][START] GET /api/.environment

[1 occurrence(s)]
DEBUG --> [REQ_ID=8100b82e12fe] [REQUEST][END]

[1 occurrence(s)]
DEBUG --> [REQ_ID=f02705acf470] [REQUEST][END]

[1 occurrence(s)]
DEBUG --> [REQ_ID=c56a4d19e3a9] [REQUEST][END]

[1 occurrence(s)]
DEBUG --> [REQ_ID=c4a5eb81f462] [REQUEST][END]

[1 occurrence(s)]
DEBUG --> [REQ_ID=74fd210ecbbc] [REQUEST][END]

[1 occurrence(s)]
DEBUG --> [REQ_ID=2d572c4048e5] [REQUEST][END]

[1 occurrence(s)]
DEBUG --> [REQ_ID=217618be87dd] [REQUEST][END]

[1 occurrence(s)]
DEBUG --> [REQ_ID=24a6028ab625] [REQUEST][END]

[1 occurrence(s)]
DEBUG --> [REQ_ID=a01c3fe0a62b] [REQUEST][START] GET /storage/.env

[1 occurrence(s)]
DEBUG --> [REQ_ID=e5dd3d7a56f4] [REQUEST][START] GET /.env.dist

[1 occurrence(s)]
DEBUG --> [REQ_ID=aa01bfaf3be1] [REQUEST][START] GET /.environment

[1 occurrence(s)]
DEBUG --> [REQ_ID=b69e6b739242] [REQUEST][START] GET /testing/phpinfo.php

[1 occurrence(s)]
DEBUG --> [REQ_ID=b1b08e81bfc7] [REQUEST][START] GET /.aws/credentials

[1 occurrence(s)]
DEBUG --> [REQ_ID=a01c3fe0a62b] [REQUEST][END]

[1 occurrence(s)]
DEBUG --> [REQ_ID=e5dd3d7a56f4] [FILTER_BEFORE] /.env.dist

[1 occurrence(s)]
DEBUG --> [REQ_ID=e5dd3d7a56f4] [ROUTE] Controller=\App\Modules\PropFirms\Controllers\PropFirmsController Method=index

[1 occurrence(s)]
DEBUG --> [REQ_ID=e5dd3d7a56f4] [LIFECYCLE][START] GET https://mymiwallet.com/index.php/.env.dist

[1 occurrence(s)]
DEBUG --> [CSRF] token name=csrf_test_name hash=0497e758cccd76f24637a28b81e26639

[1 occurrence(s)]
DEBUG --> [REQ_ID=e5dd3d7a56f4] [REQUEST][END]

[1 occurrence(s)]
DEBUG --> [REQ_ID=aa01bfaf3be1] [FILTER_BEFORE] /.environment

[1 occurrence(s)]
DEBUG --> [REQ_ID=aa01bfaf3be1] [ROUTE] Controller=\App\Modules\PropFirms\Controllers\PropFirmsController Method=index

[1 occurrence(s)]
DEBUG --> [REQ_ID=aa01bfaf3be1] [LIFECYCLE][START] GET https://mymiwallet.com/index.php/.environment

[1 occurrence(s)]
DEBUG --> [CSRF] token name=csrf_test_name hash=e5ae2fb879c2799bdb5d06eb7e884622

[1 occurrence(s)]
DEBUG --> [REQ_ID=b69e6b739242] [REQUEST][END]

[1 occurrence(s)]
DEBUG --> [REQ_ID=b1b08e81bfc7] [REQUEST][END]

[1 occurrence(s)]
DEBUG --> [REQ_ID=aa01bfaf3be1] [REQUEST][END]

[1 occurrence(s)]
DEBUG --> [REQ_ID=26807a090c05] [REQUEST][START] GET /web/phpinfo.php

[1 occurrence(s)]
DEBUG --> [REQ_ID=26807a090c05] [REQUEST][END]

[1 occurrence(s)]
DEBUG --> [REQ_ID=2060700ab8b5] [REQUEST][START] GET /exported/phpinfo.php

[1 occurrence(s)]
DEBUG --> [REQ_ID=374b8395d2c5] [REQUEST][START] GET /sql/.env

[1 occurrence(s)]
DEBUG --> [REQ_ID=2060700ab8b5] [REQUEST][END]

[1 occurrence(s)]
DEBUG --> [REQ_ID=374b8395d2c5] [REQUEST][END]

[1 occurrence(s)]
DEBUG --> [REQ_ID=5424a6936669] [REQUEST][START] GET /forums/.env

[1 occurrence(s)]
DEBUG --> [REQ_ID=5424a6936669] [REQUEST][END]

[1 occurrence(s)]
DEBUG --> [REQ_ID=454b7521f82e] [REQUEST][START] GET /store/.env

[1 occurrence(s)]
DEBUG --> [REQ_ID=454b7521f82e] [REQUEST][END]

[1 occurrence(s)]
DEBUG --> [REQ_ID=b501183b5a9f] [REQUEST][START] GET /shop/.env

[1 occurrence(s)]
DEBUG --> [REQ_ID=b501183b5a9f] [REQUEST][END]

[1 occurrence(s)]
DEBUG --> [REQ_ID=ad2bc655296f] [REQUEST][START] GET /info

[1 occurrence(s)]
DEBUG --> [REQ_ID=ad2bc655296f] [FILTER_BEFORE] /info

[1 occurrence(s)]
DEBUG --> [REQ_ID=ad2bc655296f] [ROUTE] Controller=\App\Modules\PropFirms\Controllers\PropFirmsController Method=index

[1 occurrence(s)]
DEBUG --> [REQ_ID=ad2bc655296f] [LIFECYCLE][START] GET https://mymiwallet.com/index.php/info

[1 occurrence(s)]
DEBUG --> [CSRF] token name=csrf_test_name hash=8e599098f89e48f1bce4c9f1a85dfd35

[1 occurrence(s)]
DEBUG --> [REQ_ID=90dbab737a17] [REQUEST][START] GET /cart/.env

[1 occurrence(s)]
DEBUG --> [REQ_ID=ad2bc655296f] [REQUEST][END]

[1 occurrence(s)]
DEBUG --> [REQ_ID=26c9e275b710] [REQUEST][START] GET /cgi-bin/.env

[1 occurrence(s)]
DEBUG --> [REQ_ID=adbe2224a4f4] [REQUEST][START] GET /engine/.env

[1 occurrence(s)]
DEBUG --> [REQ_ID=90dbab737a17] [REQUEST][END]

[1 occurrence(s)]
DEBUG --> [REQ_ID=adbe2224a4f4] [REQUEST][END]

[1 occurrence(s)]
DEBUG --> [REQ_ID=26c9e275b710] [REQUEST][END]

[1 occurrence(s)]
DEBUG --> [REQ_ID=e838373533a6] [REQUEST][START] GET /blogs/.env

[1 occurrence(s)]
DEBUG --> [REQ_ID=e838373533a6] [REQUEST][END]

[1 occurrence(s)]
DEBUG --> [REQ_ID=79cf546ae464] [REQUEST][START] GET /uploads/phpinfo.php

[1 occurrence(s)]
DEBUG --> [REQ_ID=79cf546ae464] [REQUEST][END]

[1 occurrence(s)]
DEBUG --> [REQ_ID=a33728150d72] [REQUEST][START] GET /cloud/.env

[1 occurrence(s)]
DEBUG --> [REQ_ID=d3e96bd4b1a2] [REQUEST][START] GET /forum/.env

[1 occurrence(s)]
DEBUG --> [REQ_ID=d3e96bd4b1a2] [REQUEST][END]

[1 occurrence(s)]
DEBUG --> [REQ_ID=a33728150d72] [REQUEST][END]

[1 occurrence(s)]
DEBUG --> [REQ_ID=f76d670d05d3] [REQUEST][START] GET /blog/.env

[1 occurrence(s)]
DEBUG --> [REQ_ID=f76d670d05d3] [FILTER_BEFORE] /blog/.env

[1 occurrence(s)]
DEBUG --> [REQ_ID=f76d670d05d3] [ROUTE] Controller=\App\Controllers\Blog Method=post

[1 occurrence(s)]
DEBUG --> [REQ_ID=f76d670d05d3] [LIFECYCLE][START] GET https://mymiwallet.com/index.php/blog/.env

[1 occurrence(s)]
DEBUG --> [CSRF] token name=csrf_test_name hash=b6e4dcc8b10374039b11665fbdb824f1

[1 occurrence(s)]
DEBUG --> [REQ_ID=d543fa226584] [INIT] App\Controllers\Blog::GET

[1 occurrence(s)]
DEBUG --> [REQ_ID=f70efc601fc0] [REQUEST][START] GET /administrator/config/.env

[1 occurrence(s)]
DEBUG --> [REQ_ID=f70efc601fc0] [REQUEST][END]

[1 occurrence(s)]
DEBUG --> [REQ_ID=58abba2a0063] [REQUEST][START] GET /tmp/.env

[1 occurrence(s)]
DEBUG --> [REQ_ID=58abba2a0063] [REQUEST][END]

[1 occurrence(s)]
DEBUG --> [REQ_ID=8b79274102ca] [REQUEST][START] GET /upload/phpinfo.php

[1 occurrence(s)]
DEBUG --> [REQ_ID=8b79274102ca] [REQUEST][END]

[1 occurrence(s)]
DEBUG --> [REQ_ID=0da059b05f8a] [REQUEST][START] GET /temp.php

[1 occurrence(s)]
DEBUG --> [REQ_ID=0da059b05f8a] [FILTER_BEFORE] /temp.php

[1 occurrence(s)]
DEBUG --> [REQ_ID=0da059b05f8a] [ROUTE] Controller=\App\Modules\PropFirms\Controllers\PropFirmsController Method=index

[1 occurrence(s)]
DEBUG --> [REQ_ID=0da059b05f8a] [LIFECYCLE][START] GET https://mymiwallet.com/index.php/temp.php

[1 occurrence(s)]
DEBUG --> [CSRF] token name=csrf_test_name hash=58bb219ab3ffbb3aab2a39c4f4aade19

[1 occurrence(s)]
DEBUG --> [REQ_ID=0da059b05f8a] [REQUEST][END]

[1 occurrence(s)]
DEBUG --> [REQ_ID=38fef22386a0] [REQUEST][START] GET /dbadmin/.env

[1 occurrence(s)]
DEBUG --> [REQ_ID=4039c98f8fd1] [REQUEST][START] GET /_profiler/phpinfo

[1 occurrence(s)]
DEBUG --> [REQ_ID=cfa5f328cd01] [REQUEST][START] GET /test.php

[1 occurrence(s)]
DEBUG --> [REQ_ID=1cc5f38c6d3f] [REQUEST][START] GET /phpinfo.php

[1 occurrence(s)]
DEBUG --> [REQ_ID=c231453fbf83] [REQUEST][START] GET /old/phpinfo.php

[1 occurrence(s)]
DEBUG --> [REQ_ID=ea047f65dc73] [REQUEST][START] GET /phpinfo

[1 occurrence(s)]
DEBUG --> [REQ_ID=04ee75ba4a4a] [REQUEST][START] GET /php.php

[1 occurrence(s)]
DEBUG --> [REQ_ID=38fef22386a0] [REQUEST][END]

[1 occurrence(s)]
DEBUG --> [REQ_ID=4039c98f8fd1] [REQUEST][END]

[1 occurrence(s)]
DEBUG --> [REQ_ID=04ee75ba4a4a] [FILTER_BEFORE] /php.php

[1 occurrence(s)]
DEBUG --> [REQ_ID=04ee75ba4a4a] [ROUTE] Controller=\App\Modules\PropFirms\Controllers\PropFirmsController Method=index

[1 occurrence(s)]
DEBUG --> [REQ_ID=04ee75ba4a4a] [LIFECYCLE][START] GET https://mymiwallet.com/index.php/php.php

[1 occurrence(s)]
DEBUG --> [CSRF] token name=csrf_test_name hash=d8ce221eff870b0ebc0c2ba95ecced15

[1 occurrence(s)]
DEBUG --> [REQ_ID=04ee75ba4a4a] [REQUEST][END]

[1 occurrence(s)]
DEBUG --> [REQ_ID=ea047f65dc73] [FILTER_BEFORE] /phpinfo

[1 occurrence(s)]
DEBUG --> [REQ_ID=ea047f65dc73] [ROUTE] Controller=\App\Modules\PropFirms\Controllers\PropFirmsController Method=index

[1 occurrence(s)]
DEBUG --> [REQ_ID=ea047f65dc73] [LIFECYCLE][START] GET https://mymiwallet.com/index.php/phpinfo

[1 occurrence(s)]
DEBUG --> [CSRF] token name=csrf_test_name hash=7df34b7ae2e83f789a55348a009a7a4d

[1 occurrence(s)]
DEBUG --> [REQ_ID=ea047f65dc73] [REQUEST][END]

[1 occurrence(s)]
DEBUG --> [REQ_ID=c231453fbf83] [REQUEST][END]

[1 occurrence(s)]
DEBUG --> [REQ_ID=cfa5f328cd01] [FILTER_BEFORE] /test.php

[1 occurrence(s)]
DEBUG --> [REQ_ID=cfa5f328cd01] [ROUTE] Controller=\App\Modules\PropFirms\Controllers\PropFirmsController Method=index

[1 occurrence(s)]
DEBUG --> [REQ_ID=cfa5f328cd01] [LIFECYCLE][START] GET https://mymiwallet.com/index.php/test.php

[1 occurrence(s)]
DEBUG --> [REQ_ID=1cc5f38c6d3f] [FILTER_BEFORE] /phpinfo.php

[1 occurrence(s)]
DEBUG --> [REQ_ID=1cc5f38c6d3f] [ROUTE] Controller=\App\Modules\PropFirms\Controllers\PropFirmsController Method=index

[1 occurrence(s)]
DEBUG --> [REQ_ID=1cc5f38c6d3f] [LIFECYCLE][START] GET https://mymiwallet.com/index.php/phpinfo.php

[1 occurrence(s)]
DEBUG --> [CSRF] token name=csrf_test_name hash=07a16cc2689fd08429c0fc7d268349a4

[1 occurrence(s)]
DEBUG --> [CSRF] token name=csrf_test_name hash=030905e84e0838600e288baaf57da8c6

[1 occurrence(s)]
DEBUG --> [REQ_ID=1cc5f38c6d3f] [REQUEST][END]

[1 occurrence(s)]
DEBUG --> [REQ_ID=cfa5f328cd01] [REQUEST][END]

[1 occurrence(s)]
DEBUG --> [REQ_ID=2b8be9460a2a] [REQUEST][START] GET /info.php

[1 occurrence(s)]
DEBUG --> [REQ_ID=2b8be9460a2a] [FILTER_BEFORE] /info.php

[1 occurrence(s)]
DEBUG --> [REQ_ID=2b8be9460a2a] [ROUTE] Controller=\App\Modules\PropFirms\Controllers\PropFirmsController Method=index

[1 occurrence(s)]
DEBUG --> [REQ_ID=2b8be9460a2a] [LIFECYCLE][START] GET https://mymiwallet.com/index.php/info.php

[1 occurrence(s)]
DEBUG --> [CSRF] token name=csrf_test_name hash=6fa7f4b69b6530d2c10435fdf57e1881

[1 occurrence(s)]
DEBUG --> [REQ_ID=2b8be9460a2a] [REQUEST][END]

[1 occurrence(s)]
DEBUG --> [REQ_ID=f224de7e565d] [REQUEST][START] GET /demo/phpinfo.php

[1 occurrence(s)]
DEBUG --> [REQ_ID=94054d830b89] [REQUEST][START] GET /asdf.php

[1 occurrence(s)]
DEBUG --> [REQ_ID=3ab545a1c884] [REQUEST][START] GET /infophp.php

[1 occurrence(s)]
DEBUG --> [REQ_ID=2fd4c5de6f22] [REQUEST][START] GET /server/php

[1 occurrence(s)]
DEBUG --> [REQ_ID=1f241e3418b6] [REQUEST][START] GET /tmp/phpinfo.php

[1 occurrence(s)]
DEBUG --> [REQ_ID=50058e6f88ad] [REQUEST][START] GET /phpversion.php

[1 occurrence(s)]
DEBUG --> [REQ_ID=f526266c7b44] [REQUEST][START] GET /php/info.php

[1 occurrence(s)]
DEBUG --> [REQ_ID=3ab545a1c884] [FILTER_BEFORE] /infophp.php

[1 occurrence(s)]
DEBUG --> [REQ_ID=3ab545a1c884] [ROUTE] Controller=\App\Modules\PropFirms\Controllers\PropFirmsController Method=index

[1 occurrence(s)]
DEBUG --> [REQ_ID=3ab545a1c884] [LIFECYCLE][START] GET https://mymiwallet.com/index.php/infophp.php

[1 occurrence(s)]
DEBUG --> [CSRF] token name=csrf_test_name hash=49a2e8240fc9851dfab3487e4cf45d57

[1 occurrence(s)]
DEBUG --> [REQ_ID=94054d830b89] [FILTER_BEFORE] /asdf.php

[1 occurrence(s)]
DEBUG --> [REQ_ID=94054d830b89] [ROUTE] Controller=\App\Modules\PropFirms\Controllers\PropFirmsController Method=index

[1 occurrence(s)]
DEBUG --> [REQ_ID=94054d830b89] [LIFECYCLE][START] GET https://mymiwallet.com/index.php/asdf.php

[1 occurrence(s)]
DEBUG --> [CSRF] token name=csrf_test_name hash=b82c52a7f4637ed2ae4be4744eb5030e

[1 occurrence(s)]
DEBUG --> [REQ_ID=3ab545a1c884] [REQUEST][END]

[1 occurrence(s)]
DEBUG --> [REQ_ID=94054d830b89] [REQUEST][END]

[1 occurrence(s)]
DEBUG --> [REQ_ID=50058e6f88ad] [FILTER_BEFORE] /phpversion.php

[1 occurrence(s)]
DEBUG --> [REQ_ID=50058e6f88ad] [ROUTE] Controller=\App\Modules\PropFirms\Controllers\PropFirmsController Method=index

[1 occurrence(s)]
DEBUG --> [REQ_ID=50058e6f88ad] [LIFECYCLE][START] GET https://mymiwallet.com/index.php/phpversion.php

[1 occurrence(s)]
DEBUG --> [CSRF] token name=csrf_test_name hash=f10cb013a077d1fc4605723aaaf08e15

[1 occurrence(s)]
DEBUG --> [REQ_ID=f224de7e565d] [REQUEST][END]

[1 occurrence(s)]
DEBUG --> [REQ_ID=2fd4c5de6f22] [REQUEST][END]

[1 occurrence(s)]
DEBUG --> [REQ_ID=50058e6f88ad] [REQUEST][END]

[1 occurrence(s)]
DEBUG --> [REQ_ID=f526266c7b44] [REQUEST][END]

[1 occurrence(s)]
DEBUG --> [REQ_ID=1f241e3418b6] [REQUEST][END]

[1 occurrence(s)]
DEBUG --> [REQ_ID=e26632b1b0e6] [REQUEST][START] GET /test/php.php

[1 occurrence(s)]
DEBUG --> [REQ_ID=e26632b1b0e6] [REQUEST][END]

[1 occurrence(s)]
DEBUG --> [REQ_ID=417b46f20e19] [REQUEST][START] GET /test/index.php

[1 occurrence(s)]
DEBUG --> [REQ_ID=876b56f6cf4e] [REQUEST][START] GET /system/info.php

[1 occurrence(s)]
DEBUG --> [REQ_ID=8ab553fe5c25] [REQUEST][START] GET /.backup/phpinfo.php

[1 occurrence(s)]
DEBUG --> [REQ_ID=417b46f20e19] [REQUEST][END]

[1 occurrence(s)]
DEBUG --> [REQ_ID=1efe99b08661] [REQUEST][START] GET /sysadmin/.env

[1 occurrence(s)]
DEBUG --> [REQ_ID=0e9e4919c924] [REQUEST][START] GET /test/testing.php

[1 occurrence(s)]
DEBUG --> [REQ_ID=876b56f6cf4e] [REQUEST][END]

[1 occurrence(s)]
DEBUG --> [REQ_ID=b5be51806cb2] [REQUEST][START] GET /bak/phpinfo.php

[1 occurrence(s)]
DEBUG --> [REQ_ID=f034afb82128] [REQUEST][START] GET /old/info.php

[1 occurrence(s)]
DEBUG --> [REQ_ID=b5be51806cb2] [REQUEST][END]

[1 occurrence(s)]
DEBUG --> [REQ_ID=f034afb82128] [REQUEST][END]

[1 occurrence(s)]
DEBUG --> [REQ_ID=1efe99b08661] [REQUEST][END]

[1 occurrence(s)]
DEBUG --> [REQ_ID=8ab553fe5c25] [REQUEST][END]

[1 occurrence(s)]
DEBUG --> [REQ_ID=0e9e4919c924] [REQUEST][END]

[1 occurrence(s)]
DEBUG --> [REQ_ID=3f7465ce47ef] [REQUEST][START] GET /beta/phpinfo.php

[1 occurrence(s)]
DEBUG --> [REQ_ID=3f7465ce47ef] [REQUEST][END]

[1 occurrence(s)]
DEBUG --> [REQ_ID=2e495408069b] [REQUEST][START] GET /backup/phpinfo.php

[1 occurrence(s)]
DEBUG --> [REQ_ID=2e495408069b] [REQUEST][END]

[1 occurrence(s)]
DEBUG --> [REQ_ID=314433e6ac37] [REQUEST][START] GET /apps/phpinfo.php

[1 occurrence(s)]
DEBUG --> [REQ_ID=a84eae3a8a1a] [REQUEST][START] GET /blog/phpinfo.php

[1 occurrence(s)]
DEBUG --> [REQ_ID=c75c929d37ca] [REQUEST][START] GET /backend/phpinfo.php

[1 occurrence(s)]
DEBUG --> [REQ_ID=9054333405c6] [REQUEST][START] GET /local/phpinfo.php

[1 occurrence(s)]
DEBUG --> [REQ_ID=314433e6ac37] [REQUEST][END]

[1 occurrence(s)]
DEBUG --> [REQ_ID=9581901bf0d4] [REQUEST][START] GET /index.php?do=phpinfo

[1 occurrence(s)]
DEBUG --> [REQ_ID=2ad51813711f] [REQUEST][START] GET /index.php?view=phpinfo

[1 occurrence(s)]
DEBUG --> [REQ_ID=a84eae3a8a1a] [FILTER_BEFORE] /blog/phpinfo.php

[1 occurrence(s)]
DEBUG --> [REQ_ID=a84eae3a8a1a] [ROUTE] Controller=\App\Controllers\Blog Method=post

[1 occurrence(s)]
DEBUG --> [REQ_ID=a84eae3a8a1a] [LIFECYCLE][START] GET https://mymiwallet.com/index.php/blog/phpinfo.php

[1 occurrence(s)]
DEBUG --> [CSRF] token name=csrf_test_name hash=21e5f5e854fde8b1d41532e5d5aa7e58

[1 occurrence(s)]
DEBUG --> [REQ_ID=a6c57933d6e3] [INIT] App\Controllers\Blog::GET

[1 occurrence(s)]
DEBUG --> [REQ_ID=c75c929d37ca] [REQUEST][END]

[1 occurrence(s)]
DEBUG --> [REQ_ID=9054333405c6] [REQUEST][END]

[1 occurrence(s)]
DEBUG --> [REQ_ID=9581901bf0d4] [FILTER_BEFORE] /index.php?do=phpinfo

[1 occurrence(s)]
DEBUG --> [REQ_ID=9581901bf0d4] [ROUTE] Controller=\App\Controllers\Home Method=index

[1 occurrence(s)]
DEBUG --> [REQ_ID=9581901bf0d4] [LIFECYCLE][START] GET https://mymiwallet.com/index.php?do=phpinfo

[1 occurrence(s)]
DEBUG --> [CSRF] token name=csrf_test_name hash=5eecfa40b78bb9aa85b184c795431ebe

[1 occurrence(s)]
DEBUG --> [REQ_ID=1c1559007350] [INIT] App\Controllers\Home::GET

[1 occurrence(s)]
DEBUG --> [REQ_ID=2ad51813711f] [FILTER_BEFORE] /index.php?view=phpinfo

[1 occurrence(s)]
DEBUG --> [REQ_ID=2ad51813711f] [ROUTE] Controller=\App\Controllers\Home Method=index

[1 occurrence(s)]
DEBUG --> [REQ_ID=2ad51813711f] [LIFECYCLE][START] GET https://mymiwallet.com/index.php?view=phpinfo

[1 occurrence(s)]
DEBUG --> [CSRF] token name=csrf_test_name hash=1213f6ed46669e5937f8d3563372407b

[1 occurrence(s)]
DEBUG --> [REQ_ID=64a4a0116984] [INIT] App\Controllers\Home::GET

[1 occurrence(s)]
DEBUG --> [REQ_ID=c5dea5c464eb] [REQUEST][START] GET /server-status

[1 occurrence(s)]
DEBUG --> [REQ_ID=c5dea5c464eb] [FILTER_BEFORE] /server-status

[1 occurrence(s)]
DEBUG --> [REQ_ID=c5dea5c464eb] [ROUTE] Controller=\App\Modules\PropFirms\Controllers\PropFirmsController Method=index

[1 occurrence(s)]
DEBUG --> [REQ_ID=c5dea5c464eb] [LIFECYCLE][START] GET https://mymiwallet.com/index.php/server-status

[1 occurrence(s)]
DEBUG --> [CSRF] token name=csrf_test_name hash=65b9d71d75b897202d9b6e8b0c974cac

[1 occurrence(s)]
DEBUG --> [REQ_ID=c5dea5c464eb] [REQUEST][END]

[1 occurrence(s)]
DEBUG --> [REQ_ID=4203f9ba1a86] [REQUEST][START] GET /system.php

[1 occurrence(s)]
DEBUG --> [REQ_ID=4203f9ba1a86] [FILTER_BEFORE] /system.php

[1 occurrence(s)]
DEBUG --> [REQ_ID=4203f9ba1a86] [ROUTE] Controller=\App\Modules\PropFirms\Controllers\PropFirmsController Method=index

[1 occurrence(s)]
DEBUG --> [REQ_ID=4203f9ba1a86] [LIFECYCLE][START] GET https://mymiwallet.com/index.php/system.php

[1 occurrence(s)]
DEBUG --> [CSRF] token name=csrf_test_name hash=3cdb5059fd9a789a2694c76c850ade2e

[1 occurrence(s)]
DEBUG --> [REQ_ID=4203f9ba1a86] [REQUEST][END]

[1 occurrence(s)]
DEBUG --> [REQ_ID=1c1559007350] [VIEW_RENDER] themes/public/home

[1 occurrence(s)]
DEBUG --> [REQ_ID=9581901bf0d4] [FILTER_AFTER]

[1 occurrence(s)]
DEBUG --> [REQ_ID=9581901bf0d4] [LIFECYCLE][END] status=200 duration_ms=568.42 memory_delta=4194304

[1 occurrence(s)]
DEBUG --> [REQ_ID=9581901bf0d4] [REQUEST][END]

[1 occurrence(s)]
DEBUG --> [REQ_ID=64a4a0116984] [VIEW_RENDER] themes/public/home

[1 occurrence(s)]
DEBUG --> [REQ_ID=2ad51813711f] [FILTER_AFTER]

[1 occurrence(s)]
DEBUG --> [REQ_ID=2ad51813711f] [LIFECYCLE][END] status=200 duration_ms=600.83 memory_delta=4194304

[1 occurrence(s)]
DEBUG --> [REQ_ID=2ad51813711f] [REQUEST][END]

[1 occurrence(s)]
DEBUG --> [REQ_ID=3c5a67839609] [REQUEST][START] GET /index.php?phpinfo=1

[1 occurrence(s)]
DEBUG --> [REQ_ID=3c5a67839609] [FILTER_BEFORE] /index.php?phpinfo=1

[1 occurrence(s)]
DEBUG --> [REQ_ID=3c5a67839609] [ROUTE] Controller=\App\Controllers\Home Method=index

[1 occurrence(s)]
DEBUG --> [REQ_ID=3c5a67839609] [LIFECYCLE][START] GET https://mymiwallet.com/index.php?phpinfo=1

[1 occurrence(s)]
DEBUG --> [CSRF] token name=csrf_test_name hash=5d7f5906002ac08fd3ada799e2c37fd4

[1 occurrence(s)]
DEBUG --> [REQ_ID=71f209ef8339] [INIT] App\Controllers\Home::GET

[1 occurrence(s)]
DEBUG --> [REQ_ID=7372e9206d6c] [REQUEST][START] GET /index.php?page=phpinfo

[1 occurrence(s)]
DEBUG --> [REQ_ID=7372e9206d6c] [FILTER_BEFORE] /index.php?page=phpinfo

[1 occurrence(s)]
DEBUG --> [REQ_ID=7372e9206d6c] [ROUTE] Controller=\App\Controllers\Home Method=index

[1 occurrence(s)]
DEBUG --> [REQ_ID=7372e9206d6c] [LIFECYCLE][START] GET https://mymiwallet.com/index.php?page=phpinfo

[1 occurrence(s)]
DEBUG --> [CSRF] token name=csrf_test_name hash=1678b7970b46cd9f1287fb353590d0eb

[1 occurrence(s)]
DEBUG --> [REQ_ID=bbf41c6c3684] [INIT] App\Controllers\Home::GET

[1 occurrence(s)]
DEBUG --> [REQ_ID=bf0fec452f9f] [REQUEST][START] GET /index.php?action=phpinfo

[1 occurrence(s)]
DEBUG --> [REQ_ID=bf0fec452f9f] [FILTER_BEFORE] /index.php?action=phpinfo

[1 occurrence(s)]
DEBUG --> [REQ_ID=bf0fec452f9f] [ROUTE] Controller=\App\Controllers\Home Method=index

[1 occurrence(s)]
DEBUG --> [REQ_ID=bf0fec452f9f] [LIFECYCLE][START] GET https://mymiwallet.com/index.php?action=phpinfo

[1 occurrence(s)]
DEBUG --> [CSRF] token name=csrf_test_name hash=28ec3c1e9e12497ebdba541628b59f64

[1 occurrence(s)]
DEBUG --> [REQ_ID=0201cce76504] [INIT] App\Controllers\Home::GET

[1 occurrence(s)]
DEBUG --> [REQ_ID=b26dd9b56ee7] [REQUEST][START] GET /index.php?mode=phpinfo

[1 occurrence(s)]
DEBUG --> [REQ_ID=14a7c8eafc9b] [REQUEST][START] GET /index.php?=-phpinfo()

[1 occurrence(s)]
DEBUG --> [REQ_ID=b26dd9b56ee7] [FILTER_BEFORE] /index.php?mode=phpinfo

[1 occurrence(s)]
DEBUG --> [REQ_ID=b26dd9b56ee7] [ROUTE] Controller=\App\Controllers\Home Method=index

[1 occurrence(s)]
DEBUG --> [REQ_ID=b26dd9b56ee7] [LIFECYCLE][START] GET https://mymiwallet.com/index.php?mode=phpinfo

[1 occurrence(s)]
DEBUG --> [REQ_ID=14a7c8eafc9b] [FILTER_BEFORE] /index.php?=-phpinfo()

[1 occurrence(s)]
DEBUG --> [REQ_ID=14a7c8eafc9b] [ROUTE] Controller=\App\Controllers\Home Method=index

[1 occurrence(s)]
DEBUG --> [REQ_ID=14a7c8eafc9b] [LIFECYCLE][START] GET https://mymiwallet.com/index.php

[1 occurrence(s)]
DEBUG --> [CSRF] token name=csrf_test_name hash=8aec68749f6cf5e13026a33092d47c3b

[1 occurrence(s)]
DEBUG --> [CSRF] token name=csrf_test_name hash=cb8c42f0b3e1b2e5f2b8041140685bed

[1 occurrence(s)]
DEBUG --> [REQ_ID=f5ea43f24ad9] [INIT] App\Controllers\Home::GET

[1 occurrence(s)]
DEBUG --> [REQ_ID=ece267344541] [INIT] App\Controllers\Home::GET

[1 occurrence(s)]
DEBUG --> [REQ_ID=71f209ef8339] [VIEW_RENDER] themes/public/home

[1 occurrence(s)]
DEBUG --> [REQ_ID=3c5a67839609] [FILTER_AFTER]

[1 occurrence(s)]
DEBUG --> [REQ_ID=3c5a67839609] [LIFECYCLE][END] status=200 duration_ms=506.94 memory_delta=2097152

[1 occurrence(s)]
DEBUG --> [REQ_ID=3c5a67839609] [REQUEST][END]

[1 occurrence(s)]
DEBUG --> [REQ_ID=bbf41c6c3684] [VIEW_RENDER] themes/public/home

[1 occurrence(s)]
DEBUG --> [REQ_ID=7372e9206d6c] [FILTER_AFTER]

[1 occurrence(s)]
DEBUG --> [REQ_ID=7372e9206d6c] [LIFECYCLE][END] status=200 duration_ms=527.68 memory_delta=2097152

[1 occurrence(s)]
DEBUG --> [REQ_ID=7372e9206d6c] [REQUEST][END]

[1 occurrence(s)]
DEBUG --> [REQ_ID=0201cce76504] [VIEW_RENDER] themes/public/home

[1 occurrence(s)]
DEBUG --> [REQ_ID=bf0fec452f9f] [FILTER_AFTER]

[1 occurrence(s)]
DEBUG --> [REQ_ID=bf0fec452f9f] [LIFECYCLE][END] status=200 duration_ms=552.58 memory_delta=4194304

[1 occurrence(s)]
DEBUG --> [REQ_ID=bf0fec452f9f] [REQUEST][END]

[1 occurrence(s)]
DEBUG --> [REQ_ID=f5ea43f24ad9] [VIEW_RENDER] themes/public/home

[1 occurrence(s)]
DEBUG --> [REQ_ID=14a7c8eafc9b] [FILTER_AFTER]

[1 occurrence(s)]
DEBUG --> [REQ_ID=14a7c8eafc9b] [LIFECYCLE][END] status=200 duration_ms=539.97 memory_delta=4194304

[1 occurrence(s)]
DEBUG --> [REQ_ID=14a7c8eafc9b] [REQUEST][END]

[1 occurrence(s)]
DEBUG --> [REQ_ID=ece267344541] [VIEW_RENDER] themes/public/home

[1 occurrence(s)]
DEBUG --> [REQ_ID=b26dd9b56ee7] [FILTER_AFTER]

[1 occurrence(s)]
DEBUG --> [REQ_ID=b26dd9b56ee7] [LIFECYCLE][END] status=200 duration_ms=550.53 memory_delta=4194304

[1 occurrence(s)]
DEBUG --> [REQ_ID=b26dd9b56ee7] [REQUEST][END]

[1 occurrence(s)]
DEBUG --> [REQ_ID=41630bbac44e] [REQUEST][START] GET /index.php?=phpinfo()

[1 occurrence(s)]
DEBUG --> [REQ_ID=41630bbac44e] [FILTER_BEFORE] /index.php?=phpinfo()

[1 occurrence(s)]
DEBUG --> [REQ_ID=41630bbac44e] [ROUTE] Controller=\App\Controllers\Home Method=index

[1 occurrence(s)]
DEBUG --> [REQ_ID=41630bbac44e] [LIFECYCLE][START] GET https://mymiwallet.com/index.php

[1 occurrence(s)]
DEBUG --> [CSRF] token name=csrf_test_name hash=b98222166ee592f303a28b34c1496bf5

[1 occurrence(s)]
DEBUG --> [REQ_ID=e0d5346cfc31] [INIT] App\Controllers\Home::GET

[1 occurrence(s)]
DEBUG --> [REQ_ID=e0d5346cfc31] [VIEW_RENDER] themes/public/home

[1 occurrence(s)]
DEBUG --> [REQ_ID=41630bbac44e] [FILTER_AFTER]

[1 occurrence(s)]
DEBUG --> [REQ_ID=41630bbac44e] [LIFECYCLE][END] status=200 duration_ms=538.50 memory_delta=2097152

[1 occurrence(s)]
DEBUG --> [REQ_ID=41630bbac44e] [REQUEST][END]

[1 occurrence(s)]
DEBUG --> [REQ_ID=b4fd0fe7e0b2] [REQUEST][START] GET /inc/phpinfo.php

[1 occurrence(s)]
DEBUG --> [REQ_ID=b4fd0fe7e0b2] [REQUEST][END]

[1 occurrence(s)]
DEBUG --> [REQ_ID=0333dd12d068] [REQUEST][START] GET /app/phpinfo.php

[1 occurrence(s)]
DEBUG --> [REQ_ID=0fea404cd8a0] [REQUEST][START] GET /includes/phpinfo.php

[1 occurrence(s)]
DEBUG --> [REQ_ID=beab7ae83bef] [REQUEST][START] GET /_backup/phpinfo.php

[1 occurrence(s)]
DEBUG --> [REQ_ID=0333dd12d068] [REQUEST][END]

[1 occurrence(s)]
DEBUG --> [REQ_ID=0fea404cd8a0] [REQUEST][END]

[1 occurrence(s)]
DEBUG --> [REQ_ID=beab7ae83bef] [REQUEST][END]

[1 occurrence(s)]
DEBUG --> [REQ_ID=a26a3beabe23] [REQUEST][START] GET /2021/phpinfo.php

[1 occurrence(s)]
DEBUG --> [REQ_ID=c16e90d9a070] [REQUEST][START] GET /back/phpinfo.php

[1 occurrence(s)]
DEBUG --> [REQ_ID=c16e90d9a070] [REQUEST][END]

[1 occurrence(s)]
DEBUG --> [REQ_ID=a26a3beabe23] [REQUEST][END]

[1 occurrence(s)]
DEBUG --> [REQ_ID=38630f89ab98] [REQUEST][START] GET /2020/phpinfo.php

[1 occurrence(s)]
DEBUG --> [REQ_ID=38630f89ab98] [REQUEST][END]

[1 occurrence(s)]
DEBUG --> [REQ_ID=4a11e2211d97] [REQUEST][START] GET /include/phpinfo.php

[1 occurrence(s)]
DEBUG --> [REQ_ID=4a11e2211d97] [REQUEST][END]

[1 occurrence(s)]
DEBUG --> [REQ_ID=60de7092f9cc] [REQUEST][START] GET /api/v2/phpinfo.php

[1 occurrence(s)]
DEBUG --> [REQ_ID=7daf63c91ae4] [REQUEST][START] GET /v2/phpinfo.php

[1 occurrence(s)]
DEBUG --> [REQ_ID=7daf63c91ae4] [REQUEST][END]

[1 occurrence(s)]
DEBUG --> [REQ_ID=60de7092f9cc] [REQUEST][END]

[1 occurrence(s)]
DEBUG --> [REQ_ID=ff5dbf4a749d] [REQUEST][START] GET /v3/phpinfo.php

[1 occurrence(s)]
DEBUG --> [REQ_ID=ff5dbf4a749d] [REQUEST][END]

[1 occurrence(s)]
DEBUG --> [REQ_ID=ae4d84a97324] [REQUEST][START] GET /php/phpinfo.php

[1 occurrence(s)]
DEBUG --> [REQ_ID=9f68adb2d861] [REQUEST][START] GET /apis/phpinfo.php

[1 occurrence(s)]
DEBUG --> [REQ_ID=08fb144768f9] [REQUEST][START] GET /site/phpinfo.php

[1 occurrence(s)]
DEBUG --> [REQ_ID=9f68adb2d861] [REQUEST][END]

[1 occurrence(s)]
DEBUG --> [REQ_ID=6f8fa83574af] [REQUEST][START] GET /test/phpinfo.php

[1 occurrence(s)]
DEBUG --> [REQ_ID=31c6fde000fd] [REQUEST][START] GET /api/v1/phpinfo.php

[1 occurrence(s)]
DEBUG --> [REQ_ID=d85ba51d89c1] [REQUEST][START] GET /host.php

[1 occurrence(s)]
DEBUG --> [REQ_ID=ae4d84a97324] [REQUEST][END]

[1 occurrence(s)]
DEBUG --> [REQ_ID=d85ba51d89c1] [FILTER_BEFORE] /host.php

[1 occurrence(s)]
DEBUG --> [REQ_ID=d85ba51d89c1] [ROUTE] Controller=\App\Modules\PropFirms\Controllers\PropFirmsController Method=index

[1 occurrence(s)]
DEBUG --> [REQ_ID=d85ba51d89c1] [LIFECYCLE][START] GET https://mymiwallet.com/index.php/host.php

[1 occurrence(s)]
DEBUG --> [CSRF] token name=csrf_test_name hash=44d201f068da66128b43608fe10d50b3

[1 occurrence(s)]
DEBUG --> [REQ_ID=d85ba51d89c1] [REQUEST][END]

[1 occurrence(s)]
DEBUG --> [REQ_ID=6f8fa83574af] [REQUEST][END]

[1 occurrence(s)]
DEBUG --> [REQ_ID=08fb144768f9] [REQUEST][END]

[1 occurrence(s)]
DEBUG --> [REQ_ID=31c6fde000fd] [REQUEST][END]

[1 occurrence(s)]
DEBUG --> [REQ_ID=555e3096b8a5] [REQUEST][START] GET /host-info.php

[1 occurrence(s)]
DEBUG --> [REQ_ID=df6e9a6acba7] [REQUEST][START] GET /server.php

[1 occurrence(s)]
DEBUG --> [REQ_ID=82abec50164a] [REQUEST][START] GET /sys/info.php

[1 occurrence(s)]
DEBUG --> [REQ_ID=555e3096b8a5] [FILTER_BEFORE] /host-info.php

[1 occurrence(s)]
DEBUG --> [REQ_ID=555e3096b8a5] [ROUTE] Controller=\App\Modules\PropFirms\Controllers\PropFirmsController Method=index

[1 occurrence(s)]
DEBUG --> [REQ_ID=555e3096b8a5] [LIFECYCLE][START] GET https://mymiwallet.com/index.php/host-info.php

[1 occurrence(s)]
DEBUG --> [CSRF] token name=csrf_test_name hash=364ed854087e0f0d23a978acf9c58992

[1 occurrence(s)]
DEBUG --> [REQ_ID=df6e9a6acba7] [FILTER_BEFORE] /server.php

[1 occurrence(s)]
DEBUG --> [REQ_ID=df6e9a6acba7] [ROUTE] Controller=\App\Modules\PropFirms\Controllers\PropFirmsController Method=index

[1 occurrence(s)]
DEBUG --> [REQ_ID=df6e9a6acba7] [LIFECYCLE][START] GET https://mymiwallet.com/index.php/server.php

[1 occurrence(s)]
DEBUG --> [CSRF] token name=csrf_test_name hash=b6ab1ada174da4c93d3073b691adf249

[1 occurrence(s)]
DEBUG --> [REQ_ID=df6e9a6acba7] [REQUEST][END]

[1 occurrence(s)]
DEBUG --> [REQ_ID=555e3096b8a5] [REQUEST][END]

[1 occurrence(s)]
DEBUG --> [REQ_ID=988965a0f463] [REQUEST][START] GET /dev/phpinfo.php

[1 occurrence(s)]
DEBUG --> [REQ_ID=82abec50164a] [REQUEST][END]

[1 occurrence(s)]
DEBUG --> [REQ_ID=988965a0f463] [REQUEST][END]

[1 occurrence(s)]
DEBUG --> [REQ_ID=a0626b886081] [REQUEST][START] GET /xxx.php

[1 occurrence(s)]
DEBUG --> [REQ_ID=1e1ee6a0f94e] [REQUEST][START] GET /status.php

[1 occurrence(s)]
DEBUG --> [REQ_ID=58cd8ac034e5] [REQUEST][START] GET /?phpinfo=1

[1 occurrence(s)]
DEBUG --> [REQ_ID=1e1ee6a0f94e] [FILTER_BEFORE] /status.php

[1 occurrence(s)]
DEBUG --> [REQ_ID=1e1ee6a0f94e] [ROUTE] Controller=\App\Modules\PropFirms\Controllers\PropFirmsController Method=index

[1 occurrence(s)]
DEBUG --> [REQ_ID=1e1ee6a0f94e] [LIFECYCLE][START] GET https://mymiwallet.com/index.php/status.php

[1 occurrence(s)]
DEBUG --> [CSRF] token name=csrf_test_name hash=30c8d0ef10b2ae2508582f5b785b91c5

[1 occurrence(s)]
DEBUG --> [REQ_ID=1e1ee6a0f94e] [REQUEST][END]

[1 occurrence(s)]
DEBUG --> [REQ_ID=a0626b886081] [FILTER_BEFORE] /xxx.php

[1 occurrence(s)]
DEBUG --> [REQ_ID=a0626b886081] [ROUTE] Controller=\App\Modules\PropFirms\Controllers\PropFirmsController Method=index

[1 occurrence(s)]
DEBUG --> [REQ_ID=a0626b886081] [LIFECYCLE][START] GET https://mymiwallet.com/index.php/xxx.php

[1 occurrence(s)]
DEBUG --> [CSRF] token name=csrf_test_name hash=bffed370d9b083d3b0284405b9fe9b92

[1 occurrence(s)]
DEBUG --> [REQ_ID=a0626b886081] [REQUEST][END]

[1 occurrence(s)]
DEBUG --> [REQ_ID=58cd8ac034e5] [FILTER_BEFORE] /?phpinfo=1

[1 occurrence(s)]
DEBUG --> [REQ_ID=58cd8ac034e5] [ROUTE] Controller=\App\Controllers\Home Method=index

[1 occurrence(s)]
DEBUG --> [REQ_ID=58cd8ac034e5] [LIFECYCLE][START] GET https://mymiwallet.com/index.php?phpinfo=1

[1 occurrence(s)]
DEBUG --> [CSRF] token name=csrf_test_name hash=9df5ca916d7f958aebbb4e377a5b66de

[1 occurrence(s)]
DEBUG --> [REQ_ID=b01e22f75d0e] [INIT] App\Controllers\Home::GET

[1 occurrence(s)]
DEBUG --> [REQ_ID=b01e22f75d0e] [VIEW_RENDER] themes/public/home

[1 occurrence(s)]
DEBUG --> [REQ_ID=58cd8ac034e5] [FILTER_AFTER]

[1 occurrence(s)]
DEBUG --> [REQ_ID=58cd8ac034e5] [LIFECYCLE][END] status=200 duration_ms=546.76 memory_delta=4194304

[1 occurrence(s)]
DEBUG --> [REQ_ID=58cd8ac034e5] [REQUEST][END]

[1 occurrence(s)]
DEBUG --> [REQ_ID=20b36b8fc9de] [REQUEST][START] GET /?=phpinfo

[1 occurrence(s)]
DEBUG --> [REQ_ID=20b36b8fc9de] [FILTER_BEFORE] /?=phpinfo

[1 occurrence(s)]
DEBUG --> [REQ_ID=20b36b8fc9de] [ROUTE] Controller=\App\Controllers\Home Method=index

[1 occurrence(s)]
DEBUG --> [REQ_ID=20b36b8fc9de] [LIFECYCLE][START] GET https://mymiwallet.com/index.php

[1 occurrence(s)]
DEBUG --> [CSRF] token name=csrf_test_name hash=bb361837e6deffb4ea0a5e2ab3e2f74f

[1 occurrence(s)]
DEBUG --> [REQ_ID=31e068365054] [INIT] App\Controllers\Home::GET

[1 occurrence(s)]
DEBUG --> [REQ_ID=306fca6415e6] [REQUEST][START] GET /i.php

[1 occurrence(s)]
DEBUG --> [REQ_ID=306fca6415e6] [FILTER_BEFORE] /i.php

[1 occurrence(s)]
DEBUG --> [REQ_ID=306fca6415e6] [ROUTE] Controller=\App\Modules\PropFirms\Controllers\PropFirmsController Method=index

[1 occurrence(s)]
DEBUG --> [REQ_ID=306fca6415e6] [LIFECYCLE][START] GET https://mymiwallet.com/index.php/i.php

[1 occurrence(s)]
DEBUG --> [CSRF] token name=csrf_test_name hash=84a4faf0b2efbcea4521b8ffea5501a1

[1 occurrence(s)]
DEBUG --> [REQ_ID=306fca6415e6] [REQUEST][END]

[1 occurrence(s)]
DEBUG --> [REQ_ID=b4cfc9c03d42] [REQUEST][START] GET /_profiler/info

[1 occurrence(s)]
DEBUG --> [REQ_ID=b4cfc9c03d42] [REQUEST][END]

[1 occurrence(s)]
DEBUG --> [REQ_ID=1761f21f50da] [REQUEST][START] GET /.php

[1 occurrence(s)]
DEBUG --> [REQ_ID=930a84833fe9] [REQUEST][START] GET /test/info.php

[1 occurrence(s)]
DEBUG --> [REQ_ID=1761f21f50da] [FILTER_BEFORE] /.php

[1 occurrence(s)]
DEBUG --> [REQ_ID=1761f21f50da] [ROUTE] Controller=\App\Modules\PropFirms\Controllers\PropFirmsController Method=index

[1 occurrence(s)]
DEBUG --> [REQ_ID=1761f21f50da] [LIFECYCLE][START] GET https://mymiwallet.com/index.php/.php

[1 occurrence(s)]
DEBUG --> [CSRF] token name=csrf_test_name hash=961bf713093ef8eb024809aeb4d3c26b

[1 occurrence(s)]
DEBUG --> [REQ_ID=1761f21f50da] [REQUEST][END]

[1 occurrence(s)]
DEBUG --> [REQ_ID=930a84833fe9] [REQUEST][END]

[1 occurrence(s)]
DEBUG --> [REQ_ID=44b7a32b2a83] [REQUEST][START] GET /?page=phpinfo

[1 occurrence(s)]
DEBUG --> [REQ_ID=44b7a32b2a83] [FILTER_BEFORE] /?page=phpinfo

[1 occurrence(s)]
DEBUG --> [REQ_ID=44b7a32b2a83] [ROUTE] Controller=\App\Controllers\Home Method=index

[1 occurrence(s)]
DEBUG --> [REQ_ID=44b7a32b2a83] [LIFECYCLE][START] GET https://mymiwallet.com/index.php?page=phpinfo

[1 occurrence(s)]
DEBUG --> [CSRF] token name=csrf_test_name hash=4aa3054e94f7c2f5f7ebf9a2a8fb11bb

[1 occurrence(s)]
DEBUG --> [REQ_ID=a41b8d2837ab] [INIT] App\Controllers\Home::GET

[1 occurrence(s)]
DEBUG --> [REQ_ID=31e068365054] [VIEW_RENDER] themes/public/home

[1 occurrence(s)]
DEBUG --> [REQ_ID=20b36b8fc9de] [FILTER_AFTER]

[1 occurrence(s)]
DEBUG --> [REQ_ID=20b36b8fc9de] [LIFECYCLE][END] status=200 duration_ms=497.19 memory_delta=2097152

[1 occurrence(s)]
DEBUG --> [REQ_ID=20b36b8fc9de] [REQUEST][END]

[1 occurrence(s)]
DEBUG --> [REQ_ID=0ed6f8769e00] [REQUEST][START] GET /index.php/login

[1 occurrence(s)]
DEBUG --> [REQ_ID=219857042750] [REQUEST][START] GET /default.php

[1 occurrence(s)]
DEBUG --> [REQ_ID=219857042750] [FILTER_BEFORE] /default.php

[1 occurrence(s)]
DEBUG --> [REQ_ID=219857042750] [ROUTE] Controller=\App\Modules\PropFirms\Controllers\PropFirmsController Method=index

[1 occurrence(s)]
DEBUG --> [REQ_ID=219857042750] [LIFECYCLE][START] GET https://mymiwallet.com/index.php/default.php

[1 occurrence(s)]
DEBUG --> [CSRF] token name=csrf_test_name hash=ac36c738f8db9601b9cee58b5ac4c553

[1 occurrence(s)]
DEBUG --> [REQ_ID=219857042750] [REQUEST][END]

[1 occurrence(s)]
DEBUG --> [REQ_ID=0ed6f8769e00] [FILTER_BEFORE] /index.php/login

[1 occurrence(s)]
DEBUG --> [REQ_ID=0ed6f8769e00] [ROUTE] Controller=\App\Controllers\AuthController Method=login

[1 occurrence(s)]
DEBUG --> [REQ_ID=0ed6f8769e00] [LIFECYCLE][START] GET https://mymiwallet.com/index.php/login

[1 occurrence(s)]
DEBUG --> [CSRF] token name=csrf_test_name hash=1433eecce2b7552248e1523420316f24

[1 occurrence(s)]
DEBUG --> [REQ_ID=292dd0ab13ef] [INIT] App\Controllers\AuthController::GET

[1 occurrence(s)]
DEBUG --> [REQ_ID=0ed6f8769e00] [FILTER_AFTER]

[1 occurrence(s)]
DEBUG --> [REQ_ID=0ed6f8769e00] [LIFECYCLE][END] status=200 duration_ms=34.66 memory_delta=0

[1 occurrence(s)]
DEBUG --> [REQ_ID=0ed6f8769e00] [REQUEST][END]

[1 occurrence(s)]
DEBUG --> [REQ_ID=a41b8d2837ab] [VIEW_RENDER] themes/public/home

[1 occurrence(s)]
DEBUG --> [REQ_ID=44b7a32b2a83] [FILTER_AFTER]

[1 occurrence(s)]
DEBUG --> [REQ_ID=44b7a32b2a83] [LIFECYCLE][END] status=200 duration_ms=494.27 memory_delta=4194304

[1 occurrence(s)]
DEBUG --> [REQ_ID=44b7a32b2a83] [REQUEST][END]

[1 occurrence(s)]
DEBUG --> [REQ_ID=9c50e97e925b] [REQUEST][START] GET /database.php

[1 occurrence(s)]
DEBUG --> [REQ_ID=9c50e97e925b] [FILTER_BEFORE] /database.php

[1 occurrence(s)]
DEBUG --> [REQ_ID=9c50e97e925b] [ROUTE] Controller=\App\Modules\PropFirms\Controllers\PropFirmsController Method=index

[1 occurrence(s)]
DEBUG --> [REQ_ID=9c50e97e925b] [LIFECYCLE][START] GET https://mymiwallet.com/index.php/database.php

[1 occurrence(s)]
DEBUG --> [CSRF] token name=csrf_test_name hash=1f0c68cf3278e5241421cdc33e09e63b

[1 occurrence(s)]
DEBUG --> [REQ_ID=9c50e97e925b] [REQUEST][END]

[1 occurrence(s)]
DEBUG --> [REQ_ID=dccce023a97f] [REQUEST][START] GET /home.php

[1 occurrence(s)]
DEBUG --> [REQ_ID=5d7a3701f2cc] [REQUEST][START] GET /x.php

[1 occurrence(s)]
DEBUG --> [REQ_ID=4b51367f9415] [REQUEST][START] GET /index.php/login

[1 occurrence(s)]
DEBUG --> [REQ_ID=b1ea32418f1d] [REQUEST][START] GET /web/info.php

[1 occurrence(s)]
DEBUG --> [REQ_ID=0a1bf1c7a205] [REQUEST][START] GET /index.php/login

[1 occurrence(s)]
DEBUG --> [REQ_ID=dccce023a97f] [FILTER_BEFORE] /home.php

[1 occurrence(s)]
DEBUG --> [REQ_ID=dccce023a97f] [ROUTE] Controller=\App\Modules\PropFirms\Controllers\PropFirmsController Method=index

[1 occurrence(s)]
DEBUG --> [REQ_ID=dccce023a97f] [LIFECYCLE][START] GET https://mymiwallet.com/index.php/home.php

[1 occurrence(s)]
DEBUG --> [CSRF] token name=csrf_test_name hash=edf485c5b9479ddb644e2ffd3d2378ec

[1 occurrence(s)]
DEBUG --> [REQ_ID=dccce023a97f] [REQUEST][END]

[1 occurrence(s)]
DEBUG --> [REQ_ID=4b51367f9415] [FILTER_BEFORE] /index.php/login

[1 occurrence(s)]
DEBUG --> [REQ_ID=4b51367f9415] [ROUTE] Controller=\App\Controllers\AuthController Method=login

[1 occurrence(s)]
DEBUG --> [REQ_ID=4b51367f9415] [LIFECYCLE][START] GET https://mymiwallet.com/index.php/login

[1 occurrence(s)]
DEBUG --> [CSRF] token name=csrf_test_name hash=64ddc8e4efa4eac8f6ce91369e16c40c

[1 occurrence(s)]
DEBUG --> [REQ_ID=51558aa082de] [INIT] App\Controllers\AuthController::GET

[1 occurrence(s)]
DEBUG --> [REQ_ID=5d7a3701f2cc] [FILTER_BEFORE] /x.php

[1 occurrence(s)]
DEBUG --> [REQ_ID=5d7a3701f2cc] [ROUTE] Controller=\App\Modules\PropFirms\Controllers\PropFirmsController Method=index

[1 occurrence(s)]
DEBUG --> [REQ_ID=5d7a3701f2cc] [LIFECYCLE][START] GET https://mymiwallet.com/index.php/x.php

[1 occurrence(s)]
DEBUG --> [CSRF] token name=csrf_test_name hash=5a3f46cd4910db3e7f9e3515ec6c249b

[1 occurrence(s)]
DEBUG --> [REQ_ID=5d7a3701f2cc] [REQUEST][END]

[1 occurrence(s)]
DEBUG --> [REQ_ID=b1ea32418f1d] [REQUEST][END]

[1 occurrence(s)]
DEBUG --> [REQ_ID=0a1bf1c7a205] [FILTER_BEFORE] /index.php/login

[1 occurrence(s)]
DEBUG --> [REQ_ID=0a1bf1c7a205] [ROUTE] Controller=\App\Controllers\AuthController Method=login

[1 occurrence(s)]
DEBUG --> [REQ_ID=0a1bf1c7a205] [LIFECYCLE][START] GET https://mymiwallet.com/index.php/login

[1 occurrence(s)]
DEBUG --> [CSRF] token name=csrf_test_name hash=8fdb63ea0255f450d5129c77e7476af6

[1 occurrence(s)]
DEBUG --> [REQ_ID=8fe833680529] [INIT] App\Controllers\AuthController::GET

[1 occurrence(s)]
DEBUG --> [REQ_ID=4b51367f9415] [FILTER_AFTER]

[1 occurrence(s)]
DEBUG --> [REQ_ID=4b51367f9415] [LIFECYCLE][END] status=200 duration_ms=37.75 memory_delta=0

[1 occurrence(s)]
DEBUG --> [REQ_ID=4b51367f9415] [REQUEST][END]

[1 occurrence(s)]
DEBUG --> [REQ_ID=0a1bf1c7a205] [FILTER_AFTER]

[1 occurrence(s)]
DEBUG --> [REQ_ID=0a1bf1c7a205] [LIFECYCLE][END] status=200 duration_ms=40.27 memory_delta=0

[1 occurrence(s)]
DEBUG --> [REQ_ID=0a1bf1c7a205] [REQUEST][END]

[1 occurrence(s)]
DEBUG --> [REQ_ID=39cc7665cda5] [REQUEST][START] GET /core/phpinfo.php

[1 occurrence(s)]
DEBUG --> [REQ_ID=39cc7665cda5] [REQUEST][END]

[1 occurrence(s)]
DEBUG --> [REQ_ID=d2963fbec1b7] [REQUEST][START] GET /xx.php

[1 occurrence(s)]
DEBUG --> [REQ_ID=5031da7c6bf1] [REQUEST][START] GET /core/info.php

[1 occurrence(s)]
DEBUG --> [REQ_ID=5031da7c6bf1] [REQUEST][END]

[1 occurrence(s)]
DEBUG --> [REQ_ID=461db91b253c] [REQUEST][START] GET /api/info.php

[1 occurrence(s)]
DEBUG --> [REQ_ID=d2963fbec1b7] [FILTER_BEFORE] /xx.php

[1 occurrence(s)]
DEBUG --> [REQ_ID=d2963fbec1b7] [ROUTE] Controller=\App\Modules\PropFirms\Controllers\PropFirmsController Method=index

[1 occurrence(s)]
DEBUG --> [REQ_ID=d2963fbec1b7] [LIFECYCLE][START] GET https://mymiwallet.com/index.php/xx.php

[1 occurrence(s)]
DEBUG --> [CSRF] token name=csrf_test_name hash=c27c0c55967c552609750976fc91fd7a

[1 occurrence(s)]
DEBUG --> [REQ_ID=d2963fbec1b7] [REQUEST][END]

[1 occurrence(s)]
DEBUG --> [REQ_ID=461db91b253c] [REQUEST][END]

[1 occurrence(s)]
DEBUG --> [REQ_ID=892642535eac] [REQUEST][START] GET /_inc/phpinfo.php

[1 occurrence(s)]
DEBUG --> [REQ_ID=892642535eac] [REQUEST][END]

[1 occurrence(s)]
DEBUG --> [REQ_ID=93ccf0dd97dd] [REQUEST][START] GET /_test.php

[1 occurrence(s)]
DEBUG --> [REQ_ID=5c15a59f498d] [REQUEST][START] GET /db.php

[1 occurrence(s)]
DEBUG --> [REQ_ID=93ccf0dd97dd] [FILTER_BEFORE] /_test.php

[1 occurrence(s)]
DEBUG --> [REQ_ID=93ccf0dd97dd] [ROUTE] Controller=\App\Modules\PropFirms\Controllers\PropFirmsController Method=index

[1 occurrence(s)]
DEBUG --> [REQ_ID=93ccf0dd97dd] [LIFECYCLE][START] GET https://mymiwallet.com/index.php/_test.php

[1 occurrence(s)]
DEBUG --> [CSRF] token name=csrf_test_name hash=98b16d4630467b38b56f826557ca5a57

[1 occurrence(s)]
DEBUG --> [REQ_ID=93ccf0dd97dd] [REQUEST][END]

[1 occurrence(s)]
DEBUG --> [REQ_ID=5c15a59f498d] [FILTER_BEFORE] /db.php

[1 occurrence(s)]
DEBUG --> [REQ_ID=5c15a59f498d] [ROUTE] Controller=\App\Modules\PropFirms\Controllers\PropFirmsController Method=index

[1 occurrence(s)]
DEBUG --> [REQ_ID=5c15a59f498d] [LIFECYCLE][START] GET https://mymiwallet.com/index.php/db.php

[1 occurrence(s)]
DEBUG --> [CSRF] token name=csrf_test_name hash=24bbff4c509782543736d673cc7ebb78

[1 occurrence(s)]
DEBUG --> [REQ_ID=5c15a59f498d] [REQUEST][END]

[1 occurrence(s)]
DEBUG --> [REQ_ID=198157c90622] [REQUEST][START] GET /__test.php

[1 occurrence(s)]
DEBUG --> [REQ_ID=198157c90622] [FILTER_BEFORE] /__test.php

[1 occurrence(s)]
DEBUG --> [REQ_ID=198157c90622] [ROUTE] Controller=\App\Modules\PropFirms\Controllers\PropFirmsController Method=index

[1 occurrence(s)]
DEBUG --> [REQ_ID=198157c90622] [LIFECYCLE][START] GET https://mymiwallet.com/index.php/__test.php

[1 occurrence(s)]
DEBUG --> [CSRF] token name=csrf_test_name hash=b2cd6cf5558150448cdc7711a14982ae

[1 occurrence(s)]
DEBUG --> [REQ_ID=198157c90622] [REQUEST][END]

[1 occurrence(s)]
DEBUG --> [REQ_ID=4c69549694a7] [REQUEST][START] GET /2022/phpinfo.php

[1 occurrence(s)]
DEBUG --> [REQ_ID=4c69549694a7] [REQUEST][END]

[1 occurrence(s)]
DEBUG --> [REQ_ID=5906002af769] [REQUEST][START] GET /site-info.php

[1 occurrence(s)]
DEBUG --> [REQ_ID=1dc9fd2cf070] [REQUEST][START] GET /index.php/login

[1 occurrence(s)]
DEBUG --> [REQ_ID=0223a0cb2b81] [REQUEST][START] GET /index.php/login

[1 occurrence(s)]
DEBUG --> [REQ_ID=5906002af769] [FILTER_BEFORE] /site-info.php

[1 occurrence(s)]
DEBUG --> [REQ_ID=5906002af769] [ROUTE] Controller=\App\Modules\PropFirms\Controllers\PropFirmsController Method=index

[1 occurrence(s)]
DEBUG --> [REQ_ID=5906002af769] [LIFECYCLE][START] GET https://mymiwallet.com/index.php/site-info.php

[1 occurrence(s)]
DEBUG --> [CSRF] token name=csrf_test_name hash=5a88f15b4e03bd6aa9c0d9b5f877d946

[1 occurrence(s)]
DEBUG --> [REQ_ID=5906002af769] [REQUEST][END]

[1 occurrence(s)]
DEBUG --> [REQ_ID=1dc9fd2cf070] [FILTER_BEFORE] /index.php/login

[1 occurrence(s)]
DEBUG --> [REQ_ID=1dc9fd2cf070] [ROUTE] Controller=\App\Controllers\AuthController Method=login

[1 occurrence(s)]
DEBUG --> [REQ_ID=1dc9fd2cf070] [LIFECYCLE][START] GET https://mymiwallet.com/index.php/login

[1 occurrence(s)]
DEBUG --> [CSRF] token name=csrf_test_name hash=b04c10ee78499ac49f3273ae966e0edd

[1 occurrence(s)]
DEBUG --> [REQ_ID=ee71cb4a8a60] [INIT] App\Controllers\AuthController::GET

[1 occurrence(s)]
DEBUG --> [REQ_ID=0223a0cb2b81] [FILTER_BEFORE] /index.php/login

[1 occurrence(s)]
DEBUG --> [REQ_ID=0223a0cb2b81] [ROUTE] Controller=\App\Controllers\AuthController Method=login

[1 occurrence(s)]
DEBUG --> [REQ_ID=0223a0cb2b81] [LIFECYCLE][START] GET https://mymiwallet.com/index.php/login

[1 occurrence(s)]
DEBUG --> [CSRF] token name=csrf_test_name hash=63106e2fe3e87de6895b7c835eede2a3

[1 occurrence(s)]
DEBUG --> [REQ_ID=2a1af8c9f16e] [INIT] App\Controllers\AuthController::GET

[1 occurrence(s)]
DEBUG --> [REQ_ID=1dc9fd2cf070] [FILTER_AFTER]

[1 occurrence(s)]
DEBUG --> [REQ_ID=1dc9fd2cf070] [LIFECYCLE][END] status=200 duration_ms=30.97 memory_delta=0

[1 occurrence(s)]
DEBUG --> [REQ_ID=1dc9fd2cf070] [REQUEST][END]

[1 occurrence(s)]
DEBUG --> [REQ_ID=0223a0cb2b81] [FILTER_AFTER]

[1 occurrence(s)]
DEBUG --> [REQ_ID=0223a0cb2b81] [LIFECYCLE][END] status=200 duration_ms=45.78 memory_delta=0

[1 occurrence(s)]
DEBUG --> [REQ_ID=0223a0cb2b81] [REQUEST][END]

[1 occurrence(s)]
DEBUG --> [REQ_ID=ce1fd9965a89] [REQUEST][START] GET /v1/phpinfo.php

[1 occurrence(s)]
DEBUG --> [REQ_ID=ce1fd9965a89] [REQUEST][END]

[1 occurrence(s)]
DEBUG --> [REQ_ID=0a4ec439089e] [REQUEST][START] GET /sys/phpinfo.php

[1 occurrence(s)]
DEBUG --> [REQ_ID=0a4ec439089e] [REQUEST][END]

[1 occurrence(s)]
DEBUG --> [REQ_ID=59b4c0247f85] [REQUEST][START] GET /api/phpinfo.php

[1 occurrence(s)]
DEBUG --> [REQ_ID=59b4c0247f85] [REQUEST][END]

[1 occurrence(s)]
DEBUG --> [REQ_ID=0f6386c885c4] [REQUEST][START] GET /2023/phpinfo.php

[1 occurrence(s)]
DEBUG --> [REQ_ID=0f6386c885c4] [REQUEST][END]

[1 occurrence(s)]
DEBUG --> [REQ_ID=7ea796f8f052] [REQUEST][START] GET /index.php/login

[1 occurrence(s)]
DEBUG --> [REQ_ID=7ea796f8f052] [FILTER_BEFORE] /index.php/login

[1 occurrence(s)]
DEBUG --> [REQ_ID=7ea796f8f052] [ROUTE] Controller=\App\Controllers\AuthController Method=login

[1 occurrence(s)]
DEBUG --> [REQ_ID=7ea796f8f052] [LIFECYCLE][START] GET https://mymiwallet.com/index.php/login

[1 occurrence(s)]
DEBUG --> [CSRF] token name=csrf_test_name hash=fd3fea70a3f66e9c90552ea26219def5

[1 occurrence(s)]
DEBUG --> [REQ_ID=b9f8e84c3c27] [INIT] App\Controllers\AuthController::GET

[1 occurrence(s)]
DEBUG --> [REQ_ID=7ea796f8f052] [FILTER_AFTER]

[1 occurrence(s)]
DEBUG --> [REQ_ID=7ea796f8f052] [LIFECYCLE][END] status=200 duration_ms=25.58 memory_delta=0

[1 occurrence(s)]
DEBUG --> [REQ_ID=7ea796f8f052] [REQUEST][END]

[1 occurrence(s)]
DEBUG --> [REQ_ID=3bb58c3430d4] [REQUEST][START] GET /index.php/login

[1 occurrence(s)]
DEBUG --> [REQ_ID=3bb58c3430d4] [FILTER_BEFORE] /index.php/login

[1 occurrence(s)]
DEBUG --> [REQ_ID=3bb58c3430d4] [ROUTE] Controller=\App\Controllers\AuthController Method=login

[1 occurrence(s)]
DEBUG --> [REQ_ID=3bb58c3430d4] [LIFECYCLE][START] GET https://mymiwallet.com/index.php/login

[1 occurrence(s)]
DEBUG --> [CSRF] token name=csrf_test_name hash=0d1e3b3622d9549bc43186ec3e764632

[1 occurrence(s)]
DEBUG --> [REQ_ID=199989a49073] [INIT] App\Controllers\AuthController::GET

[1 occurrence(s)]
DEBUG --> [REQ_ID=3bb58c3430d4] [FILTER_AFTER]

[1 occurrence(s)]
DEBUG --> [REQ_ID=3bb58c3430d4] [LIFECYCLE][END] status=200 duration_ms=32.00 memory_delta=0

[1 occurrence(s)]
DEBUG --> [REQ_ID=3bb58c3430d4] [REQUEST][END]

[1 occurrence(s)]
DEBUG --> [REQ_ID=9719d944cea7] [REQUEST][START] GET /index.php/login

[1 occurrence(s)]
DEBUG --> [REQ_ID=9719d944cea7] [FILTER_BEFORE] /index.php/login

[1 occurrence(s)]
DEBUG --> [REQ_ID=9719d944cea7] [ROUTE] Controller=\App\Controllers\AuthController Method=login

[1 occurrence(s)]
DEBUG --> [REQ_ID=9719d944cea7] [LIFECYCLE][START] GET https://mymiwallet.com/index.php/login

[1 occurrence(s)]
DEBUG --> [CSRF] token name=csrf_test_name hash=d0a18d3fe7abce1bac9d1b49d645ef0f

[1 occurrence(s)]
DEBUG --> [REQ_ID=b1fb43a43e08] [INIT] App\Controllers\AuthController::GET

[1 occurrence(s)]
DEBUG --> [REQ_ID=9719d944cea7] [FILTER_AFTER]

[1 occurrence(s)]
DEBUG --> [REQ_ID=9719d944cea7] [LIFECYCLE][END] status=200 duration_ms=29.31 memory_delta=0

[1 occurrence(s)]
DEBUG --> [REQ_ID=9719d944cea7] [REQUEST][END]

[1 occurrence(s)]
DEBUG --> [REQ_ID=2b5e0a87dd81] [REQUEST][START] GET /index.php/login

[1 occurrence(s)]
DEBUG --> [REQ_ID=2b5e0a87dd81] [FILTER_BEFORE] /index.php/login

[1 occurrence(s)]
DEBUG --> [REQ_ID=2b5e0a87dd81] [ROUTE] Controller=\App\Controllers\AuthController Method=login

[1 occurrence(s)]
DEBUG --> [REQ_ID=2b5e0a87dd81] [LIFECYCLE][START] GET https://mymiwallet.com/index.php/login

[1 occurrence(s)]
DEBUG --> [CSRF] token name=csrf_test_name hash=45174e6bd271a7707780eeeedb79f5d6

[1 occurrence(s)]
DEBUG --> [REQ_ID=2419956465cf] [INIT] App\Controllers\AuthController::GET

[1 occurrence(s)]
DEBUG --> [REQ_ID=b9da83755ab9] [REQUEST][START] GET /index.php/login

[1 occurrence(s)]
DEBUG --> [REQ_ID=8bc3b531090f] [REQUEST][START] GET /web/php.php

[1 occurrence(s)]
DEBUG --> [REQ_ID=2b5e0a87dd81] [FILTER_AFTER]

[1 occurrence(s)]
DEBUG --> [REQ_ID=2b5e0a87dd81] [LIFECYCLE][END] status=200 duration_ms=31.38 memory_delta=0

[1 occurrence(s)]
DEBUG --> [REQ_ID=2b5e0a87dd81] [REQUEST][END]

[1 occurrence(s)]
DEBUG --> [REQ_ID=b9da83755ab9] [FILTER_BEFORE] /index.php/login

[1 occurrence(s)]
DEBUG --> [REQ_ID=b9da83755ab9] [ROUTE] Controller=\App\Controllers\AuthController Method=login

[1 occurrence(s)]
DEBUG --> [REQ_ID=b9da83755ab9] [LIFECYCLE][START] GET https://mymiwallet.com/index.php/login

[1 occurrence(s)]
DEBUG --> [REQ_ID=8bc3b531090f] [REQUEST][END]

[1 occurrence(s)]
DEBUG --> [CSRF] token name=csrf_test_name hash=dd821eada7aa3570999599100d45f42d

[1 occurrence(s)]
DEBUG --> [REQ_ID=d052cc8be9f4] [INIT] App\Controllers\AuthController::GET

[1 occurrence(s)]
DEBUG --> [REQ_ID=b9da83755ab9] [FILTER_AFTER]

[1 occurrence(s)]
DEBUG --> [REQ_ID=b9da83755ab9] [LIFECYCLE][END] status=200 duration_ms=26.01 memory_delta=0

[1 occurrence(s)]
DEBUG --> [REQ_ID=b9da83755ab9] [REQUEST][END]

[1 occurrence(s)]
DEBUG --> [REQ_ID=af29c7487d5c] [REQUEST][START] GET /conf.php

[1 occurrence(s)]
DEBUG --> [REQ_ID=af29c7487d5c] [FILTER_BEFORE] /conf.php

[1 occurrence(s)]
DEBUG --> [REQ_ID=af29c7487d5c] [ROUTE] Controller=\App\Modules\PropFirms\Controllers\PropFirmsController Method=index

[1 occurrence(s)]
DEBUG --> [REQ_ID=af29c7487d5c] [LIFECYCLE][START] GET https://mymiwallet.com/index.php/conf.php

[1 occurrence(s)]
DEBUG --> [CSRF] token name=csrf_test_name hash=7b1f4ffe92fc4b544928a6ee5bd0aa69

[1 occurrence(s)]
DEBUG --> [REQ_ID=af29c7487d5c] [REQUEST][END]

[1 occurrence(s)]
DEBUG --> [REQ_ID=c1161c438233] [REQUEST][START] GET /index.php/login

[1 occurrence(s)]
DEBUG --> [REQ_ID=c1161c438233] [FILTER_BEFORE] /index.php/login

[1 occurrence(s)]
DEBUG --> [REQ_ID=c1161c438233] [ROUTE] Controller=\App\Controllers\AuthController Method=login

[1 occurrence(s)]
DEBUG --> [REQ_ID=c1161c438233] [LIFECYCLE][START] GET https://mymiwallet.com/index.php/login

[1 occurrence(s)]
DEBUG --> [CSRF] token name=csrf_test_name hash=9d34994dc735919d1defebd7dea2fe34

[1 occurrence(s)]
DEBUG --> [REQ_ID=22e218a1f319] [INIT] App\Controllers\AuthController::GET

[1 occurrence(s)]
DEBUG --> [REQ_ID=c1161c438233] [FILTER_AFTER]

[1 occurrence(s)]
DEBUG --> [REQ_ID=c1161c438233] [LIFECYCLE][END] status=200 duration_ms=35.33 memory_delta=0

[1 occurrence(s)]
DEBUG --> [REQ_ID=c1161c438233] [REQUEST][END]

[1 occurrence(s)]
DEBUG --> [REQ_ID=af4943b5d136] [REQUEST][START] GET /index.php/login

[1 occurrence(s)]
DEBUG --> [REQ_ID=af4943b5d136] [FILTER_BEFORE] /index.php/login

[1 occurrence(s)]
DEBUG --> [REQ_ID=af4943b5d136] [ROUTE] Controller=\App\Controllers\AuthController Method=login

[1 occurrence(s)]
DEBUG --> [REQ_ID=af4943b5d136] [LIFECYCLE][START] GET https://mymiwallet.com/index.php/login

[1 occurrence(s)]
DEBUG --> [CSRF] token name=csrf_test_name hash=297362a3271ff79060131ad7e7e15aad

[1 occurrence(s)]
DEBUG --> [REQ_ID=45cc1d674d0b] [INIT] App\Controllers\AuthController::GET

[1 occurrence(s)]
DEBUG --> [REQ_ID=af4943b5d136] [FILTER_AFTER]

[1 occurrence(s)]
DEBUG --> [REQ_ID=af4943b5d136] [LIFECYCLE][END] status=200 duration_ms=25.66 memory_delta=0

[1 occurrence(s)]
DEBUG --> [REQ_ID=af4943b5d136] [REQUEST][END]

[1 occurrence(s)]
DEBUG --> [REQ_ID=03061dd926ae] [REQUEST][START] GET /_phpinfo.php

[1 occurrence(s)]
DEBUG --> [REQ_ID=f6ab9ab49bfc] [REQUEST][START] GET /1.php

[1 occurrence(s)]
DEBUG --> [REQ_ID=13bf138642e0] [REQUEST][START] GET /index.php/login

[1 occurrence(s)]
DEBUG --> [REQ_ID=1f200dbd56e9] [REQUEST][START] GET /2024/phpinfo.php

[1 occurrence(s)]
DEBUG --> [REQ_ID=8c11b37ebb40] [REQUEST][START] GET /index.php/login

[1 occurrence(s)]
DEBUG --> [REQ_ID=c800917937ed] [REQUEST][START] GET /index.php/login

[1 occurrence(s)]
DEBUG --> [REQ_ID=f6ab9ab49bfc] [FILTER_BEFORE] /1.php

[1 occurrence(s)]
DEBUG --> [REQ_ID=f6ab9ab49bfc] [ROUTE] Controller=\App\Modules\PropFirms\Controllers\PropFirmsController Method=index

[1 occurrence(s)]
DEBUG --> [REQ_ID=f6ab9ab49bfc] [LIFECYCLE][START] GET https://mymiwallet.com/index.php/1.php

[1 occurrence(s)]
DEBUG --> [REQ_ID=7945d187c362] [REQUEST][START] GET /index.php/login

[1 occurrence(s)]
DEBUG --> [CSRF] token name=csrf_test_name hash=e24d81509b75eeeefe88ae213f353309

[1 occurrence(s)]
DEBUG --> [REQ_ID=03061dd926ae] [FILTER_BEFORE] /_phpinfo.php

[1 occurrence(s)]
DEBUG --> [REQ_ID=03061dd926ae] [ROUTE] Controller=\App\Modules\PropFirms\Controllers\PropFirmsController Method=index

[1 occurrence(s)]
DEBUG --> [REQ_ID=03061dd926ae] [LIFECYCLE][START] GET https://mymiwallet.com/index.php/_phpinfo.php

[1 occurrence(s)]
DEBUG --> [CSRF] token name=csrf_test_name hash=c768a1100fe3ac1347d14e27aa44e288

[1 occurrence(s)]
DEBUG --> [REQ_ID=03061dd926ae] [REQUEST][END]

[1 occurrence(s)]
DEBUG --> [REQ_ID=0fc9ea6b1f11] [REQUEST][START] GET /__phpinfo.php

[1 occurrence(s)]
DEBUG --> [REQ_ID=f6ab9ab49bfc] [REQUEST][END]

[1 occurrence(s)]
DEBUG --> [REQ_ID=13bf138642e0] [FILTER_BEFORE] /index.php/login

[1 occurrence(s)]
DEBUG --> [REQ_ID=13bf138642e0] [ROUTE] Controller=\App\Controllers\AuthController Method=login

[1 occurrence(s)]
DEBUG --> [REQ_ID=13bf138642e0] [LIFECYCLE][START] GET https://mymiwallet.com/index.php/login

[1 occurrence(s)]
DEBUG --> [CSRF] token name=csrf_test_name hash=fcf4b3bf8721c0b0653edf9d484bd26b

[1 occurrence(s)]
DEBUG --> [REQ_ID=bbdea86e178d] [INIT] App\Controllers\AuthController::GET

[1 occurrence(s)]
DEBUG --> [REQ_ID=8c11b37ebb40] [FILTER_BEFORE] /index.php/login

[1 occurrence(s)]
DEBUG --> [REQ_ID=c800917937ed] [FILTER_BEFORE] /index.php/login

[1 occurrence(s)]
DEBUG --> [REQ_ID=c800917937ed] [ROUTE] Controller=\App\Controllers\AuthController Method=login

[1 occurrence(s)]
DEBUG --> [REQ_ID=c800917937ed] [LIFECYCLE][START] GET https://mymiwallet.com/index.php/login

[1 occurrence(s)]
DEBUG --> [REQ_ID=8c11b37ebb40] [ROUTE] Controller=\App\Controllers\AuthController Method=login

[1 occurrence(s)]
DEBUG --> [REQ_ID=8c11b37ebb40] [LIFECYCLE][START] GET https://mymiwallet.com/index.php/login

[1 occurrence(s)]
DEBUG --> [CSRF] token name=csrf_test_name hash=42c53a60d0eefec902fde78ad5d63273

[1 occurrence(s)]
DEBUG --> [REQ_ID=e4e9cf1b192e] [INIT] App\Controllers\AuthController::GET

[1 occurrence(s)]
DEBUG --> [CSRF] token name=csrf_test_name hash=470e147018d68fedc97463c036ae1594

[1 occurrence(s)]
DEBUG --> [REQ_ID=44570e4970a6] [INIT] App\Controllers\AuthController::GET

[1 occurrence(s)]
DEBUG --> [REQ_ID=1f200dbd56e9] [REQUEST][END]

[1 occurrence(s)]
DEBUG --> [REQ_ID=0fc9ea6b1f11] [FILTER_BEFORE] /__phpinfo.php

[1 occurrence(s)]
DEBUG --> [REQ_ID=0fc9ea6b1f11] [ROUTE] Controller=\App\Modules\PropFirms\Controllers\PropFirmsController Method=index

[1 occurrence(s)]
DEBUG --> [REQ_ID=0fc9ea6b1f11] [LIFECYCLE][START] GET https://mymiwallet.com/index.php/__phpinfo.php

[1 occurrence(s)]
DEBUG --> [CSRF] token name=csrf_test_name hash=93fe321a7f2e2acfefc4fa12ebd52775

[1 occurrence(s)]
DEBUG --> [REQ_ID=0fc9ea6b1f11] [REQUEST][END]

[1 occurrence(s)]
DEBUG --> [REQ_ID=7945d187c362] [FILTER_BEFORE] /index.php/login

[1 occurrence(s)]
DEBUG --> [REQ_ID=7945d187c362] [ROUTE] Controller=\App\Controllers\AuthController Method=login

[1 occurrence(s)]
DEBUG --> [REQ_ID=7945d187c362] [LIFECYCLE][START] GET https://mymiwallet.com/index.php/login

[1 occurrence(s)]
DEBUG --> [CSRF] token name=csrf_test_name hash=4c8fa3b10e364a367653ef01681caa2f

[1 occurrence(s)]
DEBUG --> [REQ_ID=29e3d14d9b99] [INIT] App\Controllers\AuthController::GET

[1 occurrence(s)]
DEBUG --> [REQ_ID=13bf138642e0] [FILTER_AFTER]

[1 occurrence(s)]
DEBUG --> [REQ_ID=13bf138642e0] [LIFECYCLE][END] status=200 duration_ms=60.72 memory_delta=0

[1 occurrence(s)]
DEBUG --> [REQ_ID=13bf138642e0] [REQUEST][END]

[1 occurrence(s)]
DEBUG --> [REQ_ID=8c11b37ebb40] [FILTER_AFTER]

[1 occurrence(s)]
DEBUG --> [REQ_ID=8c11b37ebb40] [LIFECYCLE][END] status=200 duration_ms=53.26 memory_delta=0

[1 occurrence(s)]
DEBUG --> [REQ_ID=8c11b37ebb40] [REQUEST][END]

[1 occurrence(s)]
DEBUG --> [REQ_ID=c800917937ed] [FILTER_AFTER]

[1 occurrence(s)]
DEBUG --> [REQ_ID=c800917937ed] [LIFECYCLE][END] status=200 duration_ms=58.20 memory_delta=0

[1 occurrence(s)]
DEBUG --> [REQ_ID=c800917937ed] [REQUEST][END]

[1 occurrence(s)]
DEBUG --> [REQ_ID=7945d187c362] [FILTER_AFTER]

[1 occurrence(s)]
DEBUG --> [REQ_ID=7945d187c362] [LIFECYCLE][END] status=200 duration_ms=49.72 memory_delta=0

[1 occurrence(s)]
DEBUG --> [REQ_ID=7945d187c362] [REQUEST][END]

[1 occurrence(s)]
DEBUG --> [REQ_ID=f81df3ab4be5] [REQUEST][START] GET /index.php/login

[1 occurrence(s)]
DEBUG --> [REQ_ID=cc2022f97d83] [REQUEST][START] GET /index.php/login

[1 occurrence(s)]
DEBUG --> [REQ_ID=cc2022f97d83] [FILTER_BEFORE] /index.php/login

[1 occurrence(s)]
DEBUG --> [REQ_ID=cc2022f97d83] [ROUTE] Controller=\App\Controllers\AuthController Method=login

[1 occurrence(s)]
DEBUG --> [REQ_ID=cc2022f97d83] [LIFECYCLE][START] GET https://mymiwallet.com/index.php/login

[1 occurrence(s)]
DEBUG --> [REQ_ID=f81df3ab4be5] [FILTER_BEFORE] /index.php/login

[1 occurrence(s)]
DEBUG --> [REQ_ID=f81df3ab4be5] [ROUTE] Controller=\App\Controllers\AuthController Method=login

[1 occurrence(s)]
DEBUG --> [REQ_ID=f81df3ab4be5] [LIFECYCLE][START] GET https://mymiwallet.com/index.php/login

[1 occurrence(s)]
DEBUG --> [CSRF] token name=csrf_test_name hash=7dd6c8bf85f55e268c690ceb5df5351c

[1 occurrence(s)]
DEBUG --> [REQ_ID=d62b85593076] [INIT] App\Controllers\AuthController::GET

[1 occurrence(s)]
DEBUG --> [CSRF] token name=csrf_test_name hash=f72c28bb2b5acd1cbf62b8bbd942d227

[1 occurrence(s)]
DEBUG --> [REQ_ID=6c1ca0d112d1] [INIT] App\Controllers\AuthController::GET

[1 occurrence(s)]
DEBUG --> [REQ_ID=f81df3ab4be5] [FILTER_AFTER]

[1 occurrence(s)]
DEBUG --> [REQ_ID=f81df3ab4be5] [LIFECYCLE][END] status=200 duration_ms=41.93 memory_delta=0

[1 occurrence(s)]
DEBUG --> [REQ_ID=f81df3ab4be5] [REQUEST][END]

[1 occurrence(s)]
DEBUG --> [REQ_ID=cc2022f97d83] [FILTER_AFTER]

[1 occurrence(s)]
DEBUG --> [REQ_ID=cc2022f97d83] [LIFECYCLE][END] status=200 duration_ms=45.96 memory_delta=0

[1 occurrence(s)]
DEBUG --> [REQ_ID=cc2022f97d83] [REQUEST][END]

[1 occurrence(s)]
DEBUG --> [REQ_ID=bb9ae38a4673] [REQUEST][START] GET /index.php/login

[1 occurrence(s)]
DEBUG --> [REQ_ID=eef280a1283b] [REQUEST][START] GET /index.php/login

[1 occurrence(s)]
DEBUG --> [REQ_ID=bb9ae38a4673] [FILTER_BEFORE] /index.php/login

[1 occurrence(s)]
DEBUG --> [REQ_ID=bb9ae38a4673] [ROUTE] Controller=\App\Controllers\AuthController Method=login

[1 occurrence(s)]
DEBUG --> [REQ_ID=bb9ae38a4673] [LIFECYCLE][START] GET https://mymiwallet.com/index.php/login

[1 occurrence(s)]
DEBUG --> [CSRF] token name=csrf_test_name hash=2b7c6bd8e081ec072fd4370d22562220

[1 occurrence(s)]
DEBUG --> [REQ_ID=7f8a882fcb0c] [INIT] App\Controllers\AuthController::GET

[1 occurrence(s)]
DEBUG --> [REQ_ID=eef280a1283b] [FILTER_BEFORE] /index.php/login

[1 occurrence(s)]
DEBUG --> [REQ_ID=eef280a1283b] [ROUTE] Controller=\App\Controllers\AuthController Method=login

[1 occurrence(s)]
DEBUG --> [REQ_ID=eef280a1283b] [LIFECYCLE][START] GET https://mymiwallet.com/index.php/login

[1 occurrence(s)]
DEBUG --> [CSRF] token name=csrf_test_name hash=921c7dd3ab21f6ac8dd21d5f8b349e76

[1 occurrence(s)]
DEBUG --> [REQ_ID=69fa215bfbb9] [INIT] App\Controllers\AuthController::GET

[1 occurrence(s)]
DEBUG --> [REQ_ID=bb9ae38a4673] [FILTER_AFTER]

[1 occurrence(s)]
DEBUG --> [REQ_ID=bb9ae38a4673] [LIFECYCLE][END] status=200 duration_ms=31.91 memory_delta=0

[1 occurrence(s)]
DEBUG --> [REQ_ID=bb9ae38a4673] [REQUEST][END]

[1 occurrence(s)]
DEBUG --> [REQ_ID=eef280a1283b] [FILTER_AFTER]

[1 occurrence(s)]
DEBUG --> [REQ_ID=eef280a1283b] [LIFECYCLE][END] status=200 duration_ms=32.70 memory_delta=0

[1 occurrence(s)]
DEBUG --> [REQ_ID=eef280a1283b] [REQUEST][END]

[1 occurrence(s)]
DEBUG --> [REQ_ID=db38e1427b8c] [REQUEST][START] GET /index.php/login

[1 occurrence(s)]
DEBUG --> [REQ_ID=db38e1427b8c] [FILTER_BEFORE] /index.php/login

[1 occurrence(s)]
DEBUG --> [REQ_ID=db38e1427b8c] [ROUTE] Controller=\App\Controllers\AuthController Method=login

[1 occurrence(s)]
DEBUG --> [REQ_ID=db38e1427b8c] [LIFECYCLE][START] GET https://mymiwallet.com/index.php/login

[1 occurrence(s)]
DEBUG --> [CSRF] token name=csrf_test_name hash=4791d6f29e33bb7ade43a36958d8d49f

[1 occurrence(s)]
DEBUG --> [REQ_ID=ae9095dc9b7b] [INIT] App\Controllers\AuthController::GET

[1 occurrence(s)]
DEBUG --> [REQ_ID=db38e1427b8c] [FILTER_AFTER]

[1 occurrence(s)]
DEBUG --> [REQ_ID=db38e1427b8c] [LIFECYCLE][END] status=200 duration_ms=33.16 memory_delta=0

[1 occurrence(s)]
DEBUG --> [REQ_ID=db38e1427b8c] [REQUEST][END]

[1 occurrence(s)]
DEBUG --> [REQ_ID=79aa378c0b57] [REQUEST][START] GET /index.php/login

[1 occurrence(s)]
DEBUG --> [REQ_ID=df9e55e87582] [REQUEST][START] GET /index.php/login

[1 occurrence(s)]
DEBUG --> [REQ_ID=79aa378c0b57] [FILTER_BEFORE] /index.php/login

[1 occurrence(s)]
DEBUG --> [REQ_ID=79aa378c0b57] [ROUTE] Controller=\App\Controllers\AuthController Method=login

[1 occurrence(s)]
DEBUG --> [REQ_ID=79aa378c0b57] [LIFECYCLE][START] GET https://mymiwallet.com/index.php/login

[1 occurrence(s)]
DEBUG --> [CSRF] token name=csrf_test_name hash=430212e8257ff115114a3b3436931a03

[1 occurrence(s)]
DEBUG --> [REQ_ID=9dd5895a8e3d] [INIT] App\Controllers\AuthController::GET

[1 occurrence(s)]
DEBUG --> [REQ_ID=df9e55e87582] [FILTER_BEFORE] /index.php/login

[1 occurrence(s)]
DEBUG --> [REQ_ID=df9e55e87582] [ROUTE] Controller=\App\Controllers\AuthController Method=login

[1 occurrence(s)]
DEBUG --> [REQ_ID=df9e55e87582] [LIFECYCLE][START] GET https://mymiwallet.com/index.php/login

[1 occurrence(s)]
DEBUG --> [CSRF] token name=csrf_test_name hash=e000da46d0624fccb46d62e1ffaad0cb

[1 occurrence(s)]
DEBUG --> [REQ_ID=cd39de5fc97b] [INIT] App\Controllers\AuthController::GET

[1 occurrence(s)]
DEBUG --> [REQ_ID=aeacd0292a01] [REQUEST][START] GET /index.php/login

[1 occurrence(s)]
DEBUG --> [REQ_ID=aeacd0292a01] [FILTER_BEFORE] /index.php/login

[1 occurrence(s)]
DEBUG --> [REQ_ID=aeacd0292a01] [ROUTE] Controller=\App\Controllers\AuthController Method=login

[1 occurrence(s)]
DEBUG --> [REQ_ID=aeacd0292a01] [LIFECYCLE][START] GET https://mymiwallet.com/index.php/login

[1 occurrence(s)]
DEBUG --> [CSRF] token name=csrf_test_name hash=64938790cb223ed770b8e22ac881909b

[1 occurrence(s)]
DEBUG --> [REQ_ID=1b0150fbe50f] [INIT] App\Controllers\AuthController::GET

[1 occurrence(s)]
DEBUG --> [REQ_ID=df9e55e87582] [FILTER_AFTER]

[1 occurrence(s)]
DEBUG --> [REQ_ID=df9e55e87582] [LIFECYCLE][END] status=200 duration_ms=63.71 memory_delta=0

[1 occurrence(s)]
DEBUG --> [REQ_ID=79aa378c0b57] [FILTER_AFTER]

[1 occurrence(s)]
DEBUG --> [REQ_ID=79aa378c0b57] [LIFECYCLE][END] status=200 duration_ms=66.16 memory_delta=0

[1 occurrence(s)]
DEBUG --> [REQ_ID=df9e55e87582] [REQUEST][END]

[1 occurrence(s)]
DEBUG --> [REQ_ID=79aa378c0b57] [REQUEST][END]

[1 occurrence(s)]
DEBUG --> [REQ_ID=aeacd0292a01] [FILTER_AFTER]

[1 occurrence(s)]
DEBUG --> [REQ_ID=aeacd0292a01] [LIFECYCLE][END] status=200 duration_ms=37.95 memory_delta=0

[1 occurrence(s)]
DEBUG --> [REQ_ID=aeacd0292a01] [REQUEST][END]

[1 occurrence(s)]
DEBUG --> [REQ_ID=1082487fc9d0] [REQUEST][START] GET /index.php/login

[1 occurrence(s)]
DEBUG --> [REQ_ID=010a32cabcb8] [REQUEST][START] GET /index.php/login

[1 occurrence(s)]
DEBUG --> [REQ_ID=2cd97ec194d1] [REQUEST][START] GET /index.php/login

[1 occurrence(s)]
DEBUG --> [REQ_ID=1082487fc9d0] [FILTER_BEFORE] /index.php/login

[1 occurrence(s)]
DEBUG --> [REQ_ID=1082487fc9d0] [ROUTE] Controller=\App\Controllers\AuthController Method=login

[1 occurrence(s)]
DEBUG --> [REQ_ID=1082487fc9d0] [LIFECYCLE][START] GET https://mymiwallet.com/index.php/login

[1 occurrence(s)]
DEBUG --> [CSRF] token name=csrf_test_name hash=e52c73d54bf67327ec03b5a8c9f34b71

[1 occurrence(s)]
DEBUG --> [REQ_ID=ff3558ee9ba8] [INIT] App\Controllers\AuthController::GET

[1 occurrence(s)]
DEBUG --> [REQ_ID=010a32cabcb8] [FILTER_BEFORE] /index.php/login

[1 occurrence(s)]
DEBUG --> [REQ_ID=010a32cabcb8] [ROUTE] Controller=\App\Controllers\AuthController Method=login

[1 occurrence(s)]
DEBUG --> [REQ_ID=010a32cabcb8] [LIFECYCLE][START] GET https://mymiwallet.com/index.php/login

[1 occurrence(s)]
DEBUG --> [CSRF] token name=csrf_test_name hash=51de6a8434de493ee6900677c32105fb

[1 occurrence(s)]
DEBUG --> [REQ_ID=d248c25cd746] [INIT] App\Controllers\AuthController::GET

[1 occurrence(s)]
DEBUG --> [REQ_ID=2cd97ec194d1] [FILTER_BEFORE] /index.php/login

[1 occurrence(s)]
DEBUG --> [REQ_ID=2cd97ec194d1] [ROUTE] Controller=\App\Controllers\AuthController Method=login

[1 occurrence(s)]
DEBUG --> [REQ_ID=2cd97ec194d1] [LIFECYCLE][START] GET https://mymiwallet.com/index.php/login

[1 occurrence(s)]
DEBUG --> [CSRF] token name=csrf_test_name hash=ede301c8b6e2f3d88b50822366ae74ae

[1 occurrence(s)]
DEBUG --> [REQ_ID=a242aa82095d] [INIT] App\Controllers\AuthController::GET

[1 occurrence(s)]
DEBUG --> [REQ_ID=1082487fc9d0] [FILTER_AFTER]

[1 occurrence(s)]
DEBUG --> [REQ_ID=1082487fc9d0] [LIFECYCLE][END] status=200 duration_ms=38.23 memory_delta=0

[1 occurrence(s)]
DEBUG --> [REQ_ID=1082487fc9d0] [REQUEST][END]

[1 occurrence(s)]
DEBUG --> [REQ_ID=2cd97ec194d1] [FILTER_AFTER]

[1 occurrence(s)]
DEBUG --> [REQ_ID=2cd97ec194d1] [LIFECYCLE][END] status=200 duration_ms=50.83 memory_delta=0

[1 occurrence(s)]
DEBUG --> [REQ_ID=010a32cabcb8] [FILTER_AFTER]

[1 occurrence(s)]
DEBUG --> [REQ_ID=010a32cabcb8] [LIFECYCLE][END] status=200 duration_ms=54.64 memory_delta=0

[1 occurrence(s)]
DEBUG --> [REQ_ID=2cd97ec194d1] [REQUEST][END]

[1 occurrence(s)]
DEBUG --> [REQ_ID=010a32cabcb8] [REQUEST][END]

[1 occurrence(s)]
DEBUG --> [REQ_ID=62d597616837] [REQUEST][START] GET /index.php/login

[1 occurrence(s)]
DEBUG --> [REQ_ID=62d597616837] [FILTER_BEFORE] /index.php/login

[1 occurrence(s)]
DEBUG --> [REQ_ID=62d597616837] [ROUTE] Controller=\App\Controllers\AuthController Method=login

[1 occurrence(s)]
DEBUG --> [REQ_ID=62d597616837] [LIFECYCLE][START] GET https://mymiwallet.com/index.php/login

[1 occurrence(s)]
DEBUG --> [CSRF] token name=csrf_test_name hash=279a516e91ec5397bff5da4b8cc14e32

[1 occurrence(s)]
DEBUG --> [REQ_ID=6e1fbe9b1274] [INIT] App\Controllers\AuthController::GET

[1 occurrence(s)]
DEBUG --> [REQ_ID=62d597616837] [FILTER_AFTER]

[1 occurrence(s)]
DEBUG --> [REQ_ID=62d597616837] [LIFECYCLE][END] status=200 duration_ms=27.47 memory_delta=0

[1 occurrence(s)]
DEBUG --> [REQ_ID=62d597616837] [REQUEST][END]

[1 occurrence(s)]
DEBUG --> [REQ_ID=58b3b57a0241] [REQUEST][START] GET /index.php/login

[1 occurrence(s)]
DEBUG --> [REQ_ID=58b3b57a0241] [FILTER_BEFORE] /index.php/login

[1 occurrence(s)]
DEBUG --> [REQ_ID=58b3b57a0241] [ROUTE] Controller=\App\Controllers\AuthController Method=login

[1 occurrence(s)]
DEBUG --> [REQ_ID=58b3b57a0241] [LIFECYCLE][START] GET https://mymiwallet.com/index.php/login

[1 occurrence(s)]
DEBUG --> [CSRF] token name=csrf_test_name hash=394a842feb723bc12240a0bfa9bd2e47

[1 occurrence(s)]
DEBUG --> [REQ_ID=d002c3368195] [INIT] App\Controllers\AuthController::GET

[1 occurrence(s)]
DEBUG --> [REQ_ID=58b3b57a0241] [FILTER_AFTER]

[1 occurrence(s)]
DEBUG --> [REQ_ID=58b3b57a0241] [LIFECYCLE][END] status=200 duration_ms=39.44 memory_delta=0

[1 occurrence(s)]
DEBUG --> [REQ_ID=58b3b57a0241] [REQUEST][END]

[1 occurrence(s)]
DEBUG --> [REQ_ID=3cd0265ccba8] [REQUEST][START] GET /index.php/login

[1 occurrence(s)]
DEBUG --> [REQ_ID=e55061e7878b] [REQUEST][START] GET /index.php/login

[1 occurrence(s)]
DEBUG --> [REQ_ID=3cd0265ccba8] [FILTER_BEFORE] /index.php/login

[1 occurrence(s)]
DEBUG --> [REQ_ID=3cd0265ccba8] [ROUTE] Controller=\App\Controllers\AuthController Method=login

[1 occurrence(s)]
DEBUG --> [REQ_ID=3cd0265ccba8] [LIFECYCLE][START] GET https://mymiwallet.com/index.php/login

[1 occurrence(s)]
DEBUG --> [CSRF] token name=csrf_test_name hash=be13228dd5a022a6cf7e96ad096288d9

[1 occurrence(s)]
DEBUG --> [REQ_ID=e55061e7878b] [FILTER_BEFORE] /index.php/login

[1 occurrence(s)]
DEBUG --> [REQ_ID=e55061e7878b] [ROUTE] Controller=\App\Controllers\AuthController Method=login

[1 occurrence(s)]
DEBUG --> [REQ_ID=e55061e7878b] [LIFECYCLE][START] GET https://mymiwallet.com/index.php/login

[1 occurrence(s)]
DEBUG --> [REQ_ID=c3220d427db0] [INIT] App\Controllers\AuthController::GET

[1 occurrence(s)]
DEBUG --> [CSRF] token name=csrf_test_name hash=6ebf082bb0d79f5f732e7dee7b3098f8

[1 occurrence(s)]
DEBUG --> [REQ_ID=7f935378a368] [INIT] App\Controllers\AuthController::GET

[1 occurrence(s)]
DEBUG --> [REQ_ID=3cd0265ccba8] [FILTER_AFTER]

[1 occurrence(s)]
DEBUG --> [REQ_ID=3cd0265ccba8] [LIFECYCLE][END] status=200 duration_ms=79.07 memory_delta=0

[1 occurrence(s)]
DEBUG --> [REQ_ID=3cd0265ccba8] [REQUEST][END]

[1 occurrence(s)]
DEBUG --> [REQ_ID=e55061e7878b] [FILTER_AFTER]

[1 occurrence(s)]
DEBUG --> [REQ_ID=e55061e7878b] [LIFECYCLE][END] status=200 duration_ms=80.38 memory_delta=0

[1 occurrence(s)]
DEBUG --> [REQ_ID=e55061e7878b] [REQUEST][END]

[1 occurrence(s)]
DEBUG --> [REQ_ID=c678f5151d33] [REQUEST][START] GET /index.php/login

[1 occurrence(s)]
DEBUG --> [REQ_ID=c678f5151d33] [FILTER_BEFORE] /index.php/login

[1 occurrence(s)]
DEBUG --> [REQ_ID=c678f5151d33] [ROUTE] Controller=\App\Controllers\AuthController Method=login

[1 occurrence(s)]
DEBUG --> [REQ_ID=c678f5151d33] [LIFECYCLE][START] GET https://mymiwallet.com/index.php/login

[1 occurrence(s)]
DEBUG --> [CSRF] token name=csrf_test_name hash=a04098e37276bcb82fce8243a923eabc

[1 occurrence(s)]
DEBUG --> [REQ_ID=fb9cc75f2a38] [INIT] App\Controllers\AuthController::GET

[1 occurrence(s)]
DEBUG --> [REQ_ID=c678f5151d33] [FILTER_AFTER]

[1 occurrence(s)]
DEBUG --> [REQ_ID=c678f5151d33] [LIFECYCLE][END] status=200 duration_ms=33.42 memory_delta=0

[1 occurrence(s)]
DEBUG --> [REQ_ID=c678f5151d33] [REQUEST][END]

[1 occurrence(s)]
DEBUG --> [REQ_ID=9e4e1938d875] [REQUEST][START] GET /index.php/API/Management/Run-CRON-Tasks

[1 occurrence(s)]
DEBUG --> [REQ_ID=9e4e1938d875] [FILTER_BEFORE] /index.php/API/Management/Run-CRON-Tasks

[1 occurrence(s)]
DEBUG --> [REQ_ID=9e4e1938d875] [ROUTE] Controller=\App\Modules\APIs\Controllers\ManagementAPIController Method=Run_CRON_Tasks

[1 occurrence(s)]
DEBUG --> [REQ_ID=9e4e1938d875] [LIFECYCLE][START] GET https://mymiwallet.com/index.php/API/Management/Run-CRON-Tasks

[1 occurrence(s)]
DEBUG --> [REQ_ID=9e4e1938d875] [REQUEST][END]

[1 occurrence(s)]
DEBUG --> [REQ_ID=f8024d94562e] [REQUEST][START] GET /Stock/NYSE/DOC

[1 occurrence(s)]
DEBUG --> [REQ_ID=f8024d94562e] [REQUEST][END]

[1 occurrence(s)]
DEBUG --> [REQ_ID=69094666aa85] [REQUEST][START] GET /index.php/login

[1 occurrence(s)]
DEBUG --> [REQ_ID=69094666aa85] [REQUEST][END]

[1 occurrence(s)]
DEBUG --> [REQ_ID=a4952c427f12] [REQUEST][START] GET /index.php/login

[1 occurrence(s)]
DEBUG --> [REQ_ID=a4952c427f12] [REQUEST][END]

[1 occurrence(s)]
DEBUG --> [REQ_ID=55438c39714f] [REQUEST][START] GET /index.php/login

[1 occurrence(s)]
DEBUG --> [REQ_ID=55438c39714f] [REQUEST][END]

[1 occurrence(s)]
DEBUG --> [REQ_ID=e3d402a7f4f8] [REQUEST][START] GET /index.php/login

[1 occurrence(s)]
DEBUG --> [REQ_ID=e3d402a7f4f8] [REQUEST][END]

[1 occurrence(s)]
DEBUG --> [REQ_ID=2df90ad054a0] [REQUEST][START] GET /index.php/login

[1 occurrence(s)]
DEBUG --> [REQ_ID=2df90ad054a0] [FILTER_BEFORE] /index.php/login

[1 occurrence(s)]
DEBUG --> [REQ_ID=2df90ad054a0] [ROUTE] Controller=\App\Controllers\AuthController Method=login

[1 occurrence(s)]
DEBUG --> [REQ_ID=2df90ad054a0] [LIFECYCLE][START] GET https://mymiwallet.com/index.php/login

[1 occurrence(s)]
DEBUG --> [CSRF] token name=csrf_test_name hash=a003880b899c6526d76adcff79b7a070

[1 occurrence(s)]
DEBUG --> [REQ_ID=5f77989bdcb3] [INIT] App\Controllers\AuthController::GET

[1 occurrence(s)]
DEBUG --> [REQ_ID=2df90ad054a0] [FILTER_AFTER]

[1 occurrence(s)]
DEBUG --> [REQ_ID=2df90ad054a0] [LIFECYCLE][END] status=200 duration_ms=52.86 memory_delta=0

[1 occurrence(s)]
DEBUG --> [REQ_ID=2df90ad054a0] [REQUEST][END]

[1 occurrence(s)]
DEBUG --> [REQ_ID=fdb3443cd868] [REQUEST][START] GET /

[1 occurrence(s)]
DEBUG --> [REQ_ID=fdb3443cd868] [REQUEST][END]

[1 occurrence(s)]
DEBUG --> [REQ_ID=a45d8592052d] [REQUEST][START] GET /

[1 occurrence(s)]
DEBUG --> [REQ_ID=a45d8592052d] [FILTER_BEFORE] /

[1 occurrence(s)]
DEBUG --> [REQ_ID=a45d8592052d] [ROUTE] Controller=\App\Controllers\Home Method=index

[1 occurrence(s)]
DEBUG --> [REQ_ID=a45d8592052d] [LIFECYCLE][START] GET https://mymiwallet.com/index.php/

[1 occurrence(s)]
DEBUG --> [CSRF] token name=csrf_test_name hash=40e229fda12987ac078ad215fc300daa

[1 occurrence(s)]
DEBUG --> [REQ_ID=ab4651ba1f5f] [INIT] App\Controllers\Home::GET

[1 occurrence(s)]
DEBUG --> [REQ_ID=ab4651ba1f5f] [VIEW_RENDER] themes/public/home

[1 occurrence(s)]
DEBUG --> [REQ_ID=a45d8592052d] [FILTER_AFTER]

[1 occurrence(s)]
DEBUG --> [REQ_ID=a45d8592052d] [LIFECYCLE][END] status=200 duration_ms=622.60 memory_delta=4194304

[1 occurrence(s)]
DEBUG --> [REQ_ID=a45d8592052d] [REQUEST][END]

[1 occurrence(s)]
DEBUG --> [REQ_ID=6a58d5c004b3] [REQUEST][START] GET /index.php/API/Alerts/fetchEmailAlerts

[1 occurrence(s)]
DEBUG --> [REQ_ID=6a58d5c004b3] [FILTER_BEFORE] /index.php/API/Alerts/fetchEmailAlerts

[1 occurrence(s)]
DEBUG --> [REQ_ID=6a58d5c004b3] [ROUTE] Controller=\App\Modules\APIs\Controllers\AlertsAPIController Method=fetchEmailAlerts

[1 occurrence(s)]
DEBUG --> [REQ_ID=6a58d5c004b3] [LIFECYCLE][START] GET https://mymiwallet.com/index.php/API/Alerts/fetchEmailAlerts

[1 occurrence(s)]
DEBUG --> [REQ_ID=6a58d5c004b3] [REQUEST][END]

[1 occurrence(s)]
DEBUG --> [REQ_ID=080792e9f79d] [REQUEST][START] GET /

[1 occurrence(s)]
DEBUG --> [REQ_ID=080792e9f79d] [FILTER_BEFORE] /

[1 occurrence(s)]
DEBUG --> [REQ_ID=080792e9f79d] [ROUTE] Controller=\App\Controllers\Home Method=index

[1 occurrence(s)]
DEBUG --> [REQ_ID=080792e9f79d] [LIFECYCLE][START] GET https://mymiwallet.com/index.php/

[1 occurrence(s)]
DEBUG --> [CSRF] token name=csrf_test_name hash=a4e54073d514bc1d7f04142554ec0a2a

[1 occurrence(s)]
DEBUG --> [REQ_ID=7b57ecd81d92] [INIT] App\Controllers\Home::GET

[1 occurrence(s)]
DEBUG --> [REQ_ID=7b57ecd81d92] [VIEW_RENDER] themes/public/home

[1 occurrence(s)]
DEBUG --> [REQ_ID=080792e9f79d] [FILTER_AFTER]

[1 occurrence(s)]
DEBUG --> [REQ_ID=080792e9f79d] [LIFECYCLE][END] status=200 duration_ms=731.06 memory_delta=4194304

[1 occurrence(s)]
DEBUG --> [REQ_ID=080792e9f79d] [REQUEST][END]

[1 occurrence(s)]
DEBUG --> [REQ_ID=d934ff1144b0] [REQUEST][START] GET /

[1 occurrence(s)]
DEBUG --> [REQ_ID=d934ff1144b0] [FILTER_BEFORE] /

[1 occurrence(s)]
DEBUG --> [REQ_ID=d934ff1144b0] [ROUTE] Controller=\App\Controllers\Home Method=index

[1 occurrence(s)]
DEBUG --> [REQ_ID=d934ff1144b0] [LIFECYCLE][START] GET https://mymiwallet.com/index.php/

[1 occurrence(s)]
DEBUG --> [CSRF] token name=csrf_test_name hash=637c78d0ffd2bb376a4106e9e5125744

[1 occurrence(s)]
DEBUG --> [REQ_ID=b4974416f64a] [INIT] App\Controllers\Home::GET

[1 occurrence(s)]
DEBUG --> [REQ_ID=b4974416f64a] [VIEW_RENDER] themes/public/home

[1 occurrence(s)]
DEBUG --> [REQ_ID=d934ff1144b0] [FILTER_AFTER]

[1 occurrence(s)]
DEBUG --> [REQ_ID=d934ff1144b0] [LIFECYCLE][END] status=200 duration_ms=614.27 memory_delta=4194304

[1 occurrence(s)]
DEBUG --> [REQ_ID=d934ff1144b0] [REQUEST][END]

[1 occurrence(s)]
DEBUG --> [REQ_ID=f855897ec4e5] [REQUEST][START] GET /.env

[1 occurrence(s)]
DEBUG --> [REQ_ID=f855897ec4e5] [FILTER_BEFORE] /.env

[1 occurrence(s)]
DEBUG --> [REQ_ID=f855897ec4e5] [ROUTE] Controller=\App\Modules\PropFirms\Controllers\PropFirmsController Method=index

[1 occurrence(s)]
DEBUG --> [REQ_ID=f855897ec4e5] [LIFECYCLE][START] GET https://mymiwallet.com/index.php/.env

[1 occurrence(s)]
DEBUG --> [CSRF] token name=csrf_test_name hash=cd8586b2efcee54a3e70ba247ce8f15a

[1 occurrence(s)]
DEBUG --> [REQ_ID=f855897ec4e5] [REQUEST][END]

[1 occurrence(s)]
DEBUG --> [REQ_ID=0caf75bede6d] [REQUEST][START] GET /

[1 occurrence(s)]
DEBUG --> [REQ_ID=0caf75bede6d] [FILTER_BEFORE] /

[1 occurrence(s)]
DEBUG --> [REQ_ID=0caf75bede6d] [ROUTE] Controller=\App\Controllers\Home Method=index

[1 occurrence(s)]
DEBUG --> [REQ_ID=0caf75bede6d] [LIFECYCLE][START] GET https://mymiwallet.com/index.php/

[1 occurrence(s)]
DEBUG --> [CSRF] token name=csrf_test_name hash=2583cc3c6e1d325495ba747f32ac5d48

[1 occurrence(s)]
DEBUG --> [REQ_ID=bacaad550ded] [INIT] App\Controllers\Home::GET

[1 occurrence(s)]
DEBUG --> [REQ_ID=bacaad550ded] [VIEW_RENDER] themes/public/home

[1 occurrence(s)]
DEBUG --> [REQ_ID=0caf75bede6d] [FILTER_AFTER]

[1 occurrence(s)]
DEBUG --> [REQ_ID=0caf75bede6d] [LIFECYCLE][END] status=200 duration_ms=599.29 memory_delta=4194304

[1 occurrence(s)]
DEBUG --> [REQ_ID=0caf75bede6d] [REQUEST][END]

[1 occurrence(s)]
DEBUG --> [REQ_ID=055a8760f8e9] [REQUEST][START] GET /index.php/login

[1 occurrence(s)]
DEBUG --> [REQ_ID=055a8760f8e9] [FILTER_BEFORE] /index.php/login

[1 occurrence(s)]
DEBUG --> [REQ_ID=055a8760f8e9] [ROUTE] Controller=\App\Controllers\AuthController Method=login

[1 occurrence(s)]
DEBUG --> [REQ_ID=055a8760f8e9] [LIFECYCLE][START] GET https://mymiwallet.com/index.php/login

[1 occurrence(s)]
DEBUG --> [CSRF] token name=csrf_test_name hash=8f367361c5620d976daa46538306755a

[1 occurrence(s)]
DEBUG --> [REQ_ID=e52a820b6f7e] [INIT] App\Controllers\AuthController::GET

[1 occurrence(s)]
DEBUG --> [REQ_ID=055a8760f8e9] [FILTER_AFTER]

[1 occurrence(s)]
DEBUG --> [REQ_ID=055a8760f8e9] [LIFECYCLE][END] status=200 duration_ms=36.50 memory_delta=0

[1 occurrence(s)]
DEBUG --> [REQ_ID=055a8760f8e9] [REQUEST][END]

[1 occurrence(s)]
DEBUG --> [REQ_ID=f717c3cd6850] [REQUEST][START] GET /.env.bak

[1 occurrence(s)]
DEBUG --> [REQ_ID=f717c3cd6850] [FILTER_BEFORE] /.env.bak

[1 occurrence(s)]
DEBUG --> [REQ_ID=f717c3cd6850] [ROUTE] Controller=\App\Modules\PropFirms\Controllers\PropFirmsController Method=index

[1 occurrence(s)]
DEBUG --> [REQ_ID=f717c3cd6850] [LIFECYCLE][START] GET https://mymiwallet.com/index.php/.env.bak

[1 occurrence(s)]
DEBUG --> [CSRF] token name=csrf_test_name hash=60f32dcef46e9596a49b7b59bbc4c323

[1 occurrence(s)]
DEBUG --> [REQ_ID=f717c3cd6850] [REQUEST][END]

[1 occurrence(s)]
DEBUG --> [REQ_ID=bad1d525f191] [REQUEST][START] GET /index.php/login

[1 occurrence(s)]
DEBUG --> [REQ_ID=bad1d525f191] [FILTER_BEFORE] /index.php/login

[1 occurrence(s)]
DEBUG --> [REQ_ID=bad1d525f191] [ROUTE] Controller=\App\Controllers\AuthController Method=login

[1 occurrence(s)]
DEBUG --> [REQ_ID=bad1d525f191] [LIFECYCLE][START] GET https://mymiwallet.com/index.php/login

[1 occurrence(s)]
DEBUG --> [CSRF] token name=csrf_test_name hash=5f9e079037abe3f3f7b77b23f4215048

[1 occurrence(s)]
DEBUG --> [REQ_ID=343e46c7f6c5] [INIT] App\Controllers\AuthController::GET

[1 occurrence(s)]
DEBUG --> [REQ_ID=bad1d525f191] [FILTER_AFTER]

[1 occurrence(s)]
DEBUG --> [REQ_ID=bad1d525f191] [LIFECYCLE][END] status=200 duration_ms=29.50 memory_delta=0

[1 occurrence(s)]
DEBUG --> [REQ_ID=bad1d525f191] [REQUEST][END]

[1 occurrence(s)]
DEBUG --> [REQ_ID=7a03c4e57b95] [REQUEST][START] GET /.env.save

[1 occurrence(s)]
DEBUG --> [REQ_ID=7a03c4e57b95] [FILTER_BEFORE] /.env.save

[1 occurrence(s)]
DEBUG --> [REQ_ID=7a03c4e57b95] [ROUTE] Controller=\App\Modules\PropFirms\Controllers\PropFirmsController Method=index

[1 occurrence(s)]
DEBUG --> [REQ_ID=7a03c4e57b95] [LIFECYCLE][START] GET https://mymiwallet.com/index.php/.env.save

[1 occurrence(s)]
DEBUG --> [CSRF] token name=csrf_test_name hash=691be12cfa98d751d8b5d2f442ccdffe

[1 occurrence(s)]
DEBUG --> [REQ_ID=7a03c4e57b95] [REQUEST][END]

[1 occurrence(s)]
DEBUG --> [REQ_ID=31c4ad8cfc02] [REQUEST][START] GET /index.php/login

[1 occurrence(s)]
DEBUG --> [REQ_ID=31c4ad8cfc02] [FILTER_BEFORE] /index.php/login

[1 occurrence(s)]
DEBUG --> [REQ_ID=31c4ad8cfc02] [ROUTE] Controller=\App\Controllers\AuthController Method=login

[1 occurrence(s)]
DEBUG --> [REQ_ID=31c4ad8cfc02] [LIFECYCLE][START] GET https://mymiwallet.com/index.php/login

[1 occurrence(s)]
DEBUG --> [CSRF] token name=csrf_test_name hash=c065986ab6dd18ceac491e8bd7dd6613

[1 occurrence(s)]
DEBUG --> [REQ_ID=ae873faa4db9] [INIT] App\Controllers\AuthController::GET

[1 occurrence(s)]
DEBUG --> [REQ_ID=31c4ad8cfc02] [FILTER_AFTER]

[1 occurrence(s)]
DEBUG --> [REQ_ID=31c4ad8cfc02] [LIFECYCLE][END] status=200 duration_ms=28.53 memory_delta=0

[1 occurrence(s)]
DEBUG --> [REQ_ID=31c4ad8cfc02] [REQUEST][END]

[1 occurrence(s)]
DEBUG --> [REQ_ID=76e1d30823d6] [REQUEST][START] GET /.env.local

[1 occurrence(s)]
DEBUG --> [REQ_ID=76e1d30823d6] [FILTER_BEFORE] /.env.local

[1 occurrence(s)]
DEBUG --> [REQ_ID=76e1d30823d6] [ROUTE] Controller=\App\Modules\PropFirms\Controllers\PropFirmsController Method=index

[1 occurrence(s)]
DEBUG --> [REQ_ID=76e1d30823d6] [LIFECYCLE][START] GET https://mymiwallet.com/index.php/.env.local

[1 occurrence(s)]
DEBUG --> [CSRF] token name=csrf_test_name hash=2d17f821354e955b87152174508317ce

[1 occurrence(s)]
DEBUG --> [REQ_ID=76e1d30823d6] [REQUEST][END]

[1 occurrence(s)]
DEBUG --> [REQ_ID=c44fd9a01026] [REQUEST][START] GET /index.php/login

[1 occurrence(s)]
DEBUG --> [REQ_ID=c44fd9a01026] [FILTER_BEFORE] /index.php/login

[1 occurrence(s)]
DEBUG --> [REQ_ID=c44fd9a01026] [ROUTE] Controller=\App\Controllers\AuthController Method=login

[1 occurrence(s)]
DEBUG --> [REQ_ID=c44fd9a01026] [LIFECYCLE][START] GET https://mymiwallet.com/index.php/login

[1 occurrence(s)]
DEBUG --> [CSRF] token name=csrf_test_name hash=1d7b6f5bfd54f658b99616c4eb45cfea

[1 occurrence(s)]
DEBUG --> [REQ_ID=f6568b6a3200] [INIT] App\Controllers\AuthController::GET

[1 occurrence(s)]
DEBUG --> [REQ_ID=c44fd9a01026] [FILTER_AFTER]

[1 occurrence(s)]
DEBUG --> [REQ_ID=c44fd9a01026] [LIFECYCLE][END] status=200 duration_ms=31.96 memory_delta=0

[1 occurrence(s)]
DEBUG --> [REQ_ID=c44fd9a01026] [REQUEST][END]

[1 occurrence(s)]
DEBUG --> [REQ_ID=293b0b95e9a3] [REQUEST][START] GET /backend/.env

[1 occurrence(s)]
DEBUG --> [REQ_ID=293b0b95e9a3] [REQUEST][END]

[1 occurrence(s)]
DEBUG --> [REQ_ID=77cf7c9ceaa5] [REQUEST][START] GET /admin/.env

[1 occurrence(s)]
DEBUG --> [REQ_ID=77cf7c9ceaa5] [REQUEST][END]

[1 occurrence(s)]
DEBUG --> [REQ_ID=76af4b1fbc5b] [REQUEST][START] GET /.git/config

[1 occurrence(s)]
DEBUG --> [REQ_ID=76af4b1fbc5b] [REQUEST][END]

[1 occurrence(s)]
DEBUG --> [REQ_ID=d35467ca6402] [REQUEST][START] GET /config.js

[1 occurrence(s)]
DEBUG --> [REQ_ID=d35467ca6402] [FILTER_BEFORE] /config.js

[1 occurrence(s)]
DEBUG --> [REQ_ID=d35467ca6402] [ROUTE] Controller=\App\Modules\PropFirms\Controllers\PropFirmsController Method=index

[1 occurrence(s)]
DEBUG --> [REQ_ID=d35467ca6402] [LIFECYCLE][START] GET https://mymiwallet.com/index.php/config.js

[1 occurrence(s)]
DEBUG --> [CSRF] token name=csrf_test_name hash=11db0061dcd9ebe34eb44907e5653b15

[1 occurrence(s)]
DEBUG --> [REQ_ID=d35467ca6402] [REQUEST][END]

[1 occurrence(s)]
DEBUG --> [REQ_ID=95490e945635] [REQUEST][START] GET /aws-config.js

[1 occurrence(s)]
DEBUG --> [REQ_ID=95490e945635] [FILTER_BEFORE] /aws-config.js

[1 occurrence(s)]
DEBUG --> [REQ_ID=95490e945635] [ROUTE] Controller=\App\Modules\PropFirms\Controllers\PropFirmsController Method=index

[1 occurrence(s)]
DEBUG --> [REQ_ID=95490e945635] [LIFECYCLE][START] GET https://mymiwallet.com/index.php/aws-config.js

[1 occurrence(s)]
DEBUG --> [CSRF] token name=csrf_test_name hash=1324a416f23a6a6173579d3facfa3848

[1 occurrence(s)]
DEBUG --> [REQ_ID=95490e945635] [REQUEST][END]

[1 occurrence(s)]
DEBUG --> [REQ_ID=798d086bd6a9] [REQUEST][START] GET /aws.config.js

[1 occurrence(s)]
DEBUG --> [REQ_ID=798d086bd6a9] [FILTER_BEFORE] /aws.config.js

[1 occurrence(s)]
DEBUG --> [REQ_ID=798d086bd6a9] [ROUTE] Controller=\App\Modules\PropFirms\Controllers\PropFirmsController Method=index

[1 occurrence(s)]
DEBUG --> [REQ_ID=798d086bd6a9] [LIFECYCLE][START] GET https://mymiwallet.com/index.php/aws.config.js

[1 occurrence(s)]
DEBUG --> [CSRF] token name=csrf_test_name hash=0bec829044e7a3075a7085f5fd5de6f5

[1 occurrence(s)]
DEBUG --> [REQ_ID=798d086bd6a9] [REQUEST][END]

[1 occurrence(s)]
DEBUG --> [REQ_ID=03784c484e62] [REQUEST][START] GET /phpinfo.php

[1 occurrence(s)]
DEBUG --> [REQ_ID=03784c484e62] [FILTER_BEFORE] /phpinfo.php

[1 occurrence(s)]
DEBUG --> [REQ_ID=03784c484e62] [ROUTE] Controller=\App\Modules\PropFirms\Controllers\PropFirmsController Method=index

[1 occurrence(s)]
DEBUG --> [REQ_ID=03784c484e62] [LIFECYCLE][START] GET https://mymiwallet.com/index.php/phpinfo.php

[1 occurrence(s)]
DEBUG --> [CSRF] token name=csrf_test_name hash=9473ac462efe042e6f9c1565261edb68

[1 occurrence(s)]
DEBUG --> [REQ_ID=03784c484e62] [REQUEST][END]

[1 occurrence(s)]
DEBUG --> [REQ_ID=3202a3325cee] [REQUEST][START] GET /index.php/login

[1 occurrence(s)]
DEBUG --> [REQ_ID=3202a3325cee] [FILTER_BEFORE] /index.php/login

[1 occurrence(s)]
DEBUG --> [REQ_ID=3202a3325cee] [ROUTE] Controller=\App\Controllers\AuthController Method=login

[1 occurrence(s)]
DEBUG --> [REQ_ID=3202a3325cee] [LIFECYCLE][START] GET https://mymiwallet.com/index.php/login

[1 occurrence(s)]
DEBUG --> [CSRF] token name=csrf_test_name hash=69bed3d28bb9b863c8d19d8b7264172c

[1 occurrence(s)]
DEBUG --> [REQ_ID=3c3efaf74c1d] [INIT] App\Controllers\AuthController::GET

[1 occurrence(s)]
DEBUG --> [REQ_ID=3202a3325cee] [FILTER_AFTER]

[1 occurrence(s)]
DEBUG --> [REQ_ID=3202a3325cee] [LIFECYCLE][END] status=200 duration_ms=26.84 memory_delta=0

[1 occurrence(s)]
DEBUG --> [REQ_ID=3202a3325cee] [REQUEST][END]

[1 occurrence(s)]
DEBUG --> [REQ_ID=125884a60c72] [REQUEST][START] GET /.git/HEAD

[1 occurrence(s)]
DEBUG --> [REQ_ID=125884a60c72] [REQUEST][END]

[1 occurrence(s)]
DEBUG --> [REQ_ID=43a9e3a76d30] [REQUEST][START] GET /.git/config

[1 occurrence(s)]
DEBUG --> [REQ_ID=43a9e3a76d30] [REQUEST][END]

[1 occurrence(s)]
DEBUG --> [REQ_ID=70110b01aa90] [REQUEST][START] GET /

[1 occurrence(s)]
DEBUG --> [REQ_ID=70110b01aa90] [FILTER_BEFORE] /

[1 occurrence(s)]
DEBUG --> [REQ_ID=70110b01aa90] [ROUTE] Controller=\App\Controllers\Home Method=index

[1 occurrence(s)]
DEBUG --> [REQ_ID=70110b01aa90] [LIFECYCLE][START] GET https://mymiwallet.com/index.php/

[1 occurrence(s)]
DEBUG --> [CSRF] token name=csrf_test_name hash=d18095a55b249b67bd60bca6fc34a344

[1 occurrence(s)]
DEBUG --> [REQ_ID=be49b9b1b9c0] [INIT] App\Controllers\Home::GET

[1 occurrence(s)]
DEBUG --> [REQ_ID=be49b9b1b9c0] [VIEW_RENDER] themes/public/home

[1 occurrence(s)]
DEBUG --> [REQ_ID=70110b01aa90] [FILTER_AFTER]

[1 occurrence(s)]
DEBUG --> [REQ_ID=70110b01aa90] [LIFECYCLE][END] status=200 duration_ms=839.57 memory_delta=4194304

[1 occurrence(s)]
DEBUG --> [REQ_ID=70110b01aa90] [REQUEST][END]

[1 occurrence(s)]
DEBUG --> [REQ_ID=6e2e3e9a68cc] [REQUEST][START] GET /

[1 occurrence(s)]
DEBUG --> [REQ_ID=6e2e3e9a68cc] [FILTER_BEFORE] /

[1 occurrence(s)]
DEBUG --> [REQ_ID=6e2e3e9a68cc] [ROUTE] Controller=\App\Controllers\Home Method=index

[1 occurrence(s)]
DEBUG --> [REQ_ID=6e2e3e9a68cc] [LIFECYCLE][START] GET https://mymiwallet.com/index.php/

[1 occurrence(s)]
DEBUG --> [CSRF] token name=csrf_test_name hash=d3dffcb1be1cdac81acf838fa4687e45

[1 occurrence(s)]
DEBUG --> [REQ_ID=de2f97bef0fc] [INIT] App\Controllers\Home::GET

[1 occurrence(s)]
DEBUG --> [REQ_ID=de2f97bef0fc] [VIEW_RENDER] themes/public/home

[1 occurrence(s)]
DEBUG --> [REQ_ID=6e2e3e9a68cc] [FILTER_AFTER]

[1 occurrence(s)]
DEBUG --> [REQ_ID=6e2e3e9a68cc] [LIFECYCLE][END] status=200 duration_ms=763.25 memory_delta=4194304

[1 occurrence(s)]
DEBUG --> [REQ_ID=6e2e3e9a68cc] [REQUEST][END]

[1 occurrence(s)]
DEBUG --> [REQ_ID=e5f7dcbd3b2e] [REQUEST][START] GET /

[1 occurrence(s)]
DEBUG --> [REQ_ID=e5f7dcbd3b2e] [REQUEST][END]

[1 occurrence(s)]
DEBUG --> [REQ_ID=76ce6b05a5a1] [REQUEST][START] GET /index.php/How-It-Works/MyMI-Exchange

[1 occurrence(s)]
DEBUG --> [REQ_ID=76ce6b05a5a1] [FILTER_BEFORE] /index.php/How-It-Works/MyMI-Exchange

[1 occurrence(s)]
DEBUG --> [REQ_ID=76ce6b05a5a1] [ROUTE] Controller=\App\Modules\Blog\Controllers\HowItWorksController Method=show

[1 occurrence(s)]
DEBUG --> [REQ_ID=76ce6b05a5a1] [LIFECYCLE][START] GET https://mymiwallet.com/index.php/How-It-Works/MyMI-Exchange

[1 occurrence(s)]
DEBUG --> [CSRF] token name=csrf_test_name hash=c1a1c285b90b84320d05c8fdddf82e30

[1 occurrence(s)]
DEBUG --> [REQ_ID=aab9215f6689] [INIT] App\Modules\Blog\Controllers\HowItWorksController::GET

[1 occurrence(s)]
DEBUG --> [REQ_ID=aab9215f6689] [METHOD_ENTRY] show

[1 occurrence(s)]
DEBUG --> [HOW_IT_WORKS] slug=mymi-exchange

[1 occurrence(s)]
DEBUG --> [REQ_ID=76ce6b05a5a1] [FILTER_AFTER]

[1 occurrence(s)]
DEBUG --> [REQ_ID=76ce6b05a5a1] [LIFECYCLE][END] status=200 duration_ms=725.28 memory_delta=4194304

[1 occurrence(s)]
DEBUG --> [REQ_ID=76ce6b05a5a1] [REQUEST][END]

[1 occurrence(s)]
DEBUG --> [REQ_ID=16ea56c7bf5f] [REQUEST][START] GET /

[1 occurrence(s)]
DEBUG --> [REQ_ID=16ea56c7bf5f] [FILTER_BEFORE] /

[1 occurrence(s)]
DEBUG --> [REQ_ID=16ea56c7bf5f] [ROUTE] Controller=\App\Controllers\Home Method=index

[1 occurrence(s)]
DEBUG --> [REQ_ID=16ea56c7bf5f] [LIFECYCLE][START] GET https://mymiwallet.com/index.php/

[1 occurrence(s)]
DEBUG --> [CSRF] token name=csrf_test_name hash=d297f26a657b21ec161c011fb2e9bcd7

[1 occurrence(s)]
DEBUG --> [REQ_ID=dab0979da585] [INIT] App\Controllers\Home::GET

[1 occurrence(s)]
DEBUG --> [REQ_ID=dab0979da585] [VIEW_RENDER] themes/public/home

[1 occurrence(s)]
DEBUG --> [REQ_ID=16ea56c7bf5f] [FILTER_AFTER]

[1 occurrence(s)]
DEBUG --> [REQ_ID=16ea56c7bf5f] [LIFECYCLE][END] status=200 duration_ms=630.51 memory_delta=4194304

[1 occurrence(s)]
DEBUG --> [REQ_ID=16ea56c7bf5f] [REQUEST][END]

[1 occurrence(s)]
DEBUG --> [REQ_ID=a069ec6b1ac2] [REQUEST][START] GET /index.php/API/Management/Run-CRON-Tasks

[1 occurrence(s)]
DEBUG --> [REQ_ID=a069ec6b1ac2] [FILTER_BEFORE] /index.php/API/Management/Run-CRON-Tasks

[1 occurrence(s)]
DEBUG --> [REQ_ID=a069ec6b1ac2] [ROUTE] Controller=\App\Modules\APIs\Controllers\ManagementAPIController Method=Run_CRON_Tasks

[1 occurrence(s)]
DEBUG --> [REQ_ID=a069ec6b1ac2] [LIFECYCLE][START] GET https://mymiwallet.com/index.php/API/Management/Run-CRON-Tasks

[1 occurrence(s)]
DEBUG --> [REQ_ID=a069ec6b1ac2] [REQUEST][END]

[1 occurrence(s)]
DEBUG --> [REQ_ID=bd0008458847] [REQUEST][START] GET /wp-content/plugins/hellopress/wp_filemanager.php

[1 occurrence(s)]
DEBUG --> [REQ_ID=bd0008458847] [REQUEST][END]

[1 occurrence(s)]
DEBUG --> [REQ_ID=3a7f84081f63] [REQUEST][START] GET /test1.php

[1 occurrence(s)]
DEBUG --> [REQ_ID=3a7f84081f63] [FILTER_BEFORE] /test1.php

[1 occurrence(s)]
DEBUG --> [REQ_ID=3a7f84081f63] [ROUTE] Controller=\App\Modules\PropFirms\Controllers\PropFirmsController Method=index

[1 occurrence(s)]
DEBUG --> [REQ_ID=3a7f84081f63] [LIFECYCLE][START] GET https://mymiwallet.com/index.php/test1.php

[60 occurrence(s)]
DEBUG --> [CSRF] token name=csrf_test_name hash=c1b970bf7dc249d30cc386997aab5702

[1 occurrence(s)]
DEBUG --> [REQ_ID=3a7f84081f63] [REQUEST][END]

[1 occurrence(s)]
DEBUG --> [REQ_ID=9cf6196f10fe] [REQUEST][START] GET /index.php/login

[1 occurrence(s)]
DEBUG --> [REQ_ID=9cf6196f10fe] [FILTER_BEFORE] /index.php/login

[1 occurrence(s)]
DEBUG --> [REQ_ID=9cf6196f10fe] [ROUTE] Controller=\App\Controllers\AuthController Method=login

[1 occurrence(s)]
DEBUG --> [REQ_ID=9cf6196f10fe] [LIFECYCLE][START] GET https://mymiwallet.com/index.php/login

[1 occurrence(s)]
DEBUG --> [REQ_ID=59002231ed6a] [INIT] App\Controllers\AuthController::GET

[1 occurrence(s)]
DEBUG --> [REQ_ID=9cf6196f10fe] [FILTER_AFTER]

[1 occurrence(s)]
DEBUG --> [REQ_ID=9cf6196f10fe] [LIFECYCLE][END] status=200 duration_ms=61.13 memory_delta=0

[1 occurrence(s)]
DEBUG --> [REQ_ID=9cf6196f10fe] [REQUEST][END]

[1 occurrence(s)]
DEBUG --> [REQ_ID=b5c0bec8cc0b] [REQUEST][START] GET /admin.php

[1 occurrence(s)]
DEBUG --> [REQ_ID=b5c0bec8cc0b] [FILTER_BEFORE] /admin.php

[1 occurrence(s)]
DEBUG --> [REQ_ID=b5c0bec8cc0b] [ROUTE] Controller=\App\Modules\PropFirms\Controllers\PropFirmsController Method=index

[1 occurrence(s)]
DEBUG --> [REQ_ID=b5c0bec8cc0b] [LIFECYCLE][START] GET https://mymiwallet.com/index.php/admin.php

[1 occurrence(s)]
DEBUG --> [REQ_ID=b5c0bec8cc0b] [REQUEST][END]

[1 occurrence(s)]
DEBUG --> [REQ_ID=a2c44137ca6f] [REQUEST][START] GET /index.php/login

[1 occurrence(s)]
DEBUG --> [REQ_ID=a2c44137ca6f] [FILTER_BEFORE] /index.php/login

[1 occurrence(s)]
DEBUG --> [REQ_ID=a2c44137ca6f] [ROUTE] Controller=\App\Controllers\AuthController Method=login

[1 occurrence(s)]
DEBUG --> [REQ_ID=a2c44137ca6f] [LIFECYCLE][START] GET https://mymiwallet.com/index.php/login

[1 occurrence(s)]
DEBUG --> [REQ_ID=c2e7611d417f] [INIT] App\Controllers\AuthController::GET

[1 occurrence(s)]
DEBUG --> [REQ_ID=a2c44137ca6f] [FILTER_AFTER]

[1 occurrence(s)]
DEBUG --> [REQ_ID=a2c44137ca6f] [LIFECYCLE][END] status=200 duration_ms=29.38 memory_delta=0

[1 occurrence(s)]
DEBUG --> [REQ_ID=a2c44137ca6f] [REQUEST][END]

[1 occurrence(s)]
DEBUG --> [REQ_ID=af1cbf5cac3b] [REQUEST][START] GET /goods.php

[1 occurrence(s)]
DEBUG --> [REQ_ID=af1cbf5cac3b] [FILTER_BEFORE] /goods.php

[1 occurrence(s)]
DEBUG --> [REQ_ID=af1cbf5cac3b] [ROUTE] Controller=\App\Modules\PropFirms\Controllers\PropFirmsController Method=index

[1 occurrence(s)]
DEBUG --> [REQ_ID=af1cbf5cac3b] [LIFECYCLE][START] GET https://mymiwallet.com/index.php/goods.php

[1 occurrence(s)]
DEBUG --> [REQ_ID=af1cbf5cac3b] [REQUEST][END]

[1 occurrence(s)]
DEBUG --> [REQ_ID=22c0b8a6cbc0] [REQUEST][START] GET /index.php/login

[1 occurrence(s)]
DEBUG --> [REQ_ID=22c0b8a6cbc0] [FILTER_BEFORE] /index.php/login

[1 occurrence(s)]
DEBUG --> [REQ_ID=22c0b8a6cbc0] [ROUTE] Controller=\App\Controllers\AuthController Method=login

[1 occurrence(s)]
DEBUG --> [REQ_ID=22c0b8a6cbc0] [LIFECYCLE][START] GET https://mymiwallet.com/index.php/login

[1 occurrence(s)]
DEBUG --> [REQ_ID=ecef8c0abba8] [INIT] App\Controllers\AuthController::GET

[1 occurrence(s)]
DEBUG --> [REQ_ID=22c0b8a6cbc0] [FILTER_AFTER]

[1 occurrence(s)]
DEBUG --> [REQ_ID=22c0b8a6cbc0] [LIFECYCLE][END] status=200 duration_ms=33.30 memory_delta=0

[1 occurrence(s)]
DEBUG --> [REQ_ID=22c0b8a6cbc0] [REQUEST][END]

[1 occurrence(s)]
DEBUG --> [REQ_ID=efc94f26bbb6] [REQUEST][START] GET /public/css.php

[1 occurrence(s)]
DEBUG --> [REQ_ID=efc94f26bbb6] [REQUEST][END]

[1 occurrence(s)]
DEBUG --> [REQ_ID=2e735b642bd6] [REQUEST][START] GET /alfa.php

[1 occurrence(s)]
DEBUG --> [REQ_ID=2e735b642bd6] [FILTER_BEFORE] /alfa.php

[1 occurrence(s)]
DEBUG --> [REQ_ID=2e735b642bd6] [ROUTE] Controller=\App\Modules\PropFirms\Controllers\PropFirmsController Method=index

[1 occurrence(s)]
DEBUG --> [REQ_ID=2e735b642bd6] [LIFECYCLE][START] GET https://mymiwallet.com/index.php/alfa.php

[1 occurrence(s)]
DEBUG --> [REQ_ID=2e735b642bd6] [REQUEST][END]

[1 occurrence(s)]
DEBUG --> [REQ_ID=9f5a4801bb86] [REQUEST][START] GET /index.php/login

[1 occurrence(s)]
DEBUG --> [REQ_ID=9f5a4801bb86] [FILTER_BEFORE] /index.php/login

[1 occurrence(s)]
DEBUG --> [REQ_ID=9f5a4801bb86] [ROUTE] Controller=\App\Controllers\AuthController Method=login

[1 occurrence(s)]
DEBUG --> [REQ_ID=9f5a4801bb86] [LIFECYCLE][START] GET https://mymiwallet.com/index.php/login

[1 occurrence(s)]
DEBUG --> [REQ_ID=8cc38d879f7a] [INIT] App\Controllers\AuthController::GET

[1 occurrence(s)]
DEBUG --> [REQ_ID=9f5a4801bb86] [FILTER_AFTER]

[1 occurrence(s)]
DEBUG --> [REQ_ID=9f5a4801bb86] [LIFECYCLE][END] status=200 duration_ms=33.97 memory_delta=0

[1 occurrence(s)]
DEBUG --> [REQ_ID=9f5a4801bb86] [REQUEST][END]

[1 occurrence(s)]
DEBUG --> [REQ_ID=a7598022d17d] [REQUEST][START] GET /css.php

[1 occurrence(s)]
DEBUG --> [REQ_ID=a7598022d17d] [FILTER_BEFORE] /css.php

[1 occurrence(s)]
DEBUG --> [REQ_ID=a7598022d17d] [ROUTE] Controller=\App\Modules\PropFirms\Controllers\PropFirmsController Method=index

[1 occurrence(s)]
DEBUG --> [REQ_ID=a7598022d17d] [LIFECYCLE][START] GET https://mymiwallet.com/index.php/css.php

[1 occurrence(s)]
DEBUG --> [REQ_ID=a7598022d17d] [REQUEST][END]

[1 occurrence(s)]
DEBUG --> [REQ_ID=0b484635a3a8] [REQUEST][START] GET /index.php/login

[1 occurrence(s)]
DEBUG --> [REQ_ID=0b484635a3a8] [FILTER_BEFORE] /index.php/login

[1 occurrence(s)]
DEBUG --> [REQ_ID=0b484635a3a8] [ROUTE] Controller=\App\Controllers\AuthController Method=login

[1 occurrence(s)]
DEBUG --> [REQ_ID=0b484635a3a8] [LIFECYCLE][START] GET https://mymiwallet.com/index.php/login

[1 occurrence(s)]
DEBUG --> [REQ_ID=4a6ec6950f2b] [INIT] App\Controllers\AuthController::GET

[1 occurrence(s)]
DEBUG --> [REQ_ID=0b484635a3a8] [FILTER_AFTER]

[1 occurrence(s)]
DEBUG --> [REQ_ID=0b484635a3a8] [LIFECYCLE][END] status=200 duration_ms=32.99 memory_delta=0

[1 occurrence(s)]
DEBUG --> [REQ_ID=0b484635a3a8] [REQUEST][END]

[1 occurrence(s)]
DEBUG --> [REQ_ID=55484acdbeda] [REQUEST][START] GET /classwithtostring.php

[1 occurrence(s)]
DEBUG --> [REQ_ID=55484acdbeda] [FILTER_BEFORE] /classwithtostring.php

[1 occurrence(s)]
DEBUG --> [REQ_ID=55484acdbeda] [ROUTE] Controller=\App\Modules\PropFirms\Controllers\PropFirmsController Method=index

[1 occurrence(s)]
DEBUG --> [REQ_ID=55484acdbeda] [LIFECYCLE][START] GET https://mymiwallet.com/index.php/classwithtostring.php

[1 occurrence(s)]
DEBUG --> [REQ_ID=55484acdbeda] [REQUEST][END]

[1 occurrence(s)]
DEBUG --> [REQ_ID=20e1a7240d11] [REQUEST][START] GET /index.php/login

[1 occurrence(s)]
DEBUG --> [REQ_ID=20e1a7240d11] [FILTER_BEFORE] /index.php/login

[1 occurrence(s)]
DEBUG --> [REQ_ID=20e1a7240d11] [ROUTE] Controller=\App\Controllers\AuthController Method=login

[1 occurrence(s)]
DEBUG --> [REQ_ID=20e1a7240d11] [LIFECYCLE][START] GET https://mymiwallet.com/index.php/login

[1 occurrence(s)]
DEBUG --> [REQ_ID=aa14b66293e5] [INIT] App\Controllers\AuthController::GET

[1 occurrence(s)]
DEBUG --> [REQ_ID=20e1a7240d11] [FILTER_AFTER]

[1 occurrence(s)]
DEBUG --> [REQ_ID=20e1a7240d11] [LIFECYCLE][END] status=200 duration_ms=30.67 memory_delta=0

[1 occurrence(s)]
DEBUG --> [REQ_ID=20e1a7240d11] [REQUEST][END]

[1 occurrence(s)]
DEBUG --> [REQ_ID=aa8bf8850883] [REQUEST][START] GET /wp-content/admin.php

[1 occurrence(s)]
DEBUG --> [REQ_ID=aa8bf8850883] [REQUEST][END]

[1 occurrence(s)]
DEBUG --> [REQ_ID=3a0d847e1d33] [REQUEST][START] GET /gelay.php

[1 occurrence(s)]
DEBUG --> [REQ_ID=3a0d847e1d33] [FILTER_BEFORE] /gelay.php

[1 occurrence(s)]
DEBUG --> [REQ_ID=3a0d847e1d33] [ROUTE] Controller=\App\Modules\PropFirms\Controllers\PropFirmsController Method=index

[1 occurrence(s)]
DEBUG --> [REQ_ID=3a0d847e1d33] [LIFECYCLE][START] GET https://mymiwallet.com/index.php/gelay.php

[1 occurrence(s)]
DEBUG --> [REQ_ID=3a0d847e1d33] [REQUEST][END]

[1 occurrence(s)]
DEBUG --> [REQ_ID=ea83ec2580f3] [REQUEST][START] GET /index.php/login

[1 occurrence(s)]
DEBUG --> [REQ_ID=ea83ec2580f3] [FILTER_BEFORE] /index.php/login

[1 occurrence(s)]
DEBUG --> [REQ_ID=ea83ec2580f3] [ROUTE] Controller=\App\Controllers\AuthController Method=login

[1 occurrence(s)]
DEBUG --> [REQ_ID=ea83ec2580f3] [LIFECYCLE][START] GET https://mymiwallet.com/index.php/login

[1 occurrence(s)]
DEBUG --> [REQ_ID=c0ef29197abb] [INIT] App\Controllers\AuthController::GET

[1 occurrence(s)]
DEBUG --> [REQ_ID=ea83ec2580f3] [FILTER_AFTER]

[1 occurrence(s)]
DEBUG --> [REQ_ID=ea83ec2580f3] [LIFECYCLE][END] status=200 duration_ms=38.49 memory_delta=0

[1 occurrence(s)]
DEBUG --> [REQ_ID=ea83ec2580f3] [REQUEST][END]

[1 occurrence(s)]
DEBUG --> [REQ_ID=0da2cff9a5e7] [REQUEST][START] GET /wp-admin/images/admin.php

[1 occurrence(s)]
DEBUG --> [REQ_ID=0da2cff9a5e7] [REQUEST][END]

[1 occurrence(s)]
DEBUG --> [REQ_ID=f5edf9e6667e] [REQUEST][START] GET /adminfuns.php

[1 occurrence(s)]
DEBUG --> [REQ_ID=f5edf9e6667e] [FILTER_BEFORE] /adminfuns.php

[1 occurrence(s)]
DEBUG --> [REQ_ID=f5edf9e6667e] [ROUTE] Controller=\App\Modules\PropFirms\Controllers\PropFirmsController Method=index

[1 occurrence(s)]
DEBUG --> [REQ_ID=f5edf9e6667e] [LIFECYCLE][START] GET https://mymiwallet.com/index.php/adminfuns.php

[1 occurrence(s)]
DEBUG --> [REQ_ID=f5edf9e6667e] [REQUEST][END]

[1 occurrence(s)]
DEBUG --> [REQ_ID=9f565aa3c65c] [REQUEST][START] GET /index.php/login

[1 occurrence(s)]
DEBUG --> [REQ_ID=9f565aa3c65c] [FILTER_BEFORE] /index.php/login

[1 occurrence(s)]
DEBUG --> [REQ_ID=9f565aa3c65c] [ROUTE] Controller=\App\Controllers\AuthController Method=login

[1 occurrence(s)]
DEBUG --> [REQ_ID=9f565aa3c65c] [LIFECYCLE][START] GET https://mymiwallet.com/index.php/login

[1 occurrence(s)]
DEBUG --> [REQ_ID=befe302aa872] [INIT] App\Controllers\AuthController::GET

[1 occurrence(s)]
DEBUG --> [REQ_ID=9f565aa3c65c] [FILTER_AFTER]

[1 occurrence(s)]
DEBUG --> [REQ_ID=9f565aa3c65c] [LIFECYCLE][END] status=200 duration_ms=33.79 memory_delta=0

[1 occurrence(s)]
DEBUG --> [REQ_ID=9f565aa3c65c] [REQUEST][END]

[1 occurrence(s)]
DEBUG --> [REQ_ID=e474eb58e250] [REQUEST][START] GET /wp-admin/css

[1 occurrence(s)]
DEBUG --> [REQ_ID=e474eb58e250] [REQUEST][END]

[1 occurrence(s)]
DEBUG --> [REQ_ID=ce4d5fbab21b] [REQUEST][START] GET /admin/controller/extension/extension/ultra.php

[1 occurrence(s)]
DEBUG --> [REQ_ID=ce4d5fbab21b] [REQUEST][END]

[1 occurrence(s)]
DEBUG --> [REQ_ID=5a75054687cb] [REQUEST][START] GET /about.php

[1 occurrence(s)]
DEBUG --> [REQ_ID=5a75054687cb] [FILTER_BEFORE] /about.php

[1 occurrence(s)]
DEBUG --> [REQ_ID=5a75054687cb] [ROUTE] Controller=\App\Modules\PropFirms\Controllers\PropFirmsController Method=index

[1 occurrence(s)]
DEBUG --> [REQ_ID=5a75054687cb] [LIFECYCLE][START] GET https://mymiwallet.com/index.php/about.php

[1 occurrence(s)]
DEBUG --> [REQ_ID=5a75054687cb] [REQUEST][END]

[1 occurrence(s)]
DEBUG --> [REQ_ID=39cffed9d699] [REQUEST][START] GET /index.php/login

[1 occurrence(s)]
DEBUG --> [REQ_ID=39cffed9d699] [FILTER_BEFORE] /index.php/login

[1 occurrence(s)]
DEBUG --> [REQ_ID=39cffed9d699] [ROUTE] Controller=\App\Controllers\AuthController Method=login

[1 occurrence(s)]
DEBUG --> [REQ_ID=39cffed9d699] [LIFECYCLE][START] GET https://mymiwallet.com/index.php/login

[1 occurrence(s)]
DEBUG --> [REQ_ID=168c3341b702] [INIT] App\Controllers\AuthController::GET

[1 occurrence(s)]
DEBUG --> [REQ_ID=39cffed9d699] [FILTER_AFTER]

[1 occurrence(s)]
DEBUG --> [REQ_ID=39cffed9d699] [LIFECYCLE][END] status=200 duration_ms=42.07 memory_delta=0

[1 occurrence(s)]
DEBUG --> [REQ_ID=39cffed9d699] [REQUEST][END]

[1 occurrence(s)]
DEBUG --> [REQ_ID=2d2796bf46fd] [REQUEST][START] GET /wp-admin/css/colors/index.php

[1 occurrence(s)]
DEBUG --> [REQ_ID=2d2796bf46fd] [REQUEST][END]

[1 occurrence(s)]
DEBUG --> [REQ_ID=01061f2f9060] [REQUEST][START] GET /f35.php

[1 occurrence(s)]
DEBUG --> [REQ_ID=01061f2f9060] [FILTER_BEFORE] /f35.php

[1 occurrence(s)]
DEBUG --> [REQ_ID=01061f2f9060] [ROUTE] Controller=\App\Modules\PropFirms\Controllers\PropFirmsController Method=index

[1 occurrence(s)]
DEBUG --> [REQ_ID=01061f2f9060] [LIFECYCLE][START] GET https://mymiwallet.com/index.php/f35.php

[1 occurrence(s)]
DEBUG --> [REQ_ID=01061f2f9060] [REQUEST][END]

[1 occurrence(s)]
DEBUG --> [REQ_ID=f2f2efdfdb43] [REQUEST][START] GET /index.php/login

[1 occurrence(s)]
DEBUG --> [REQ_ID=f2f2efdfdb43] [FILTER_BEFORE] /index.php/login

[1 occurrence(s)]
DEBUG --> [REQ_ID=f2f2efdfdb43] [ROUTE] Controller=\App\Controllers\AuthController Method=login

[1 occurrence(s)]
DEBUG --> [REQ_ID=f2f2efdfdb43] [LIFECYCLE][START] GET https://mymiwallet.com/index.php/login

[1 occurrence(s)]
DEBUG --> [REQ_ID=7e20b5bfaa40] [INIT] App\Controllers\AuthController::GET

[1 occurrence(s)]
DEBUG --> [REQ_ID=f2f2efdfdb43] [FILTER_AFTER]

[1 occurrence(s)]
DEBUG --> [REQ_ID=f2f2efdfdb43] [LIFECYCLE][END] status=200 duration_ms=27.99 memory_delta=0

[1 occurrence(s)]
DEBUG --> [REQ_ID=f2f2efdfdb43] [REQUEST][END]

[1 occurrence(s)]
DEBUG --> [REQ_ID=4714cb3d4688] [REQUEST][START] GET /wp-includes/js

[1 occurrence(s)]
DEBUG --> [REQ_ID=4714cb3d4688] [REQUEST][END]

[1 occurrence(s)]
DEBUG --> [REQ_ID=ac018528c9b8] [REQUEST][START] GET /wp-admin/css/colors

[1 occurrence(s)]
DEBUG --> [REQ_ID=ac018528c9b8] [REQUEST][END]

[1 occurrence(s)]
DEBUG --> [REQ_ID=b0949d4da3bf] [REQUEST][START] GET /222.php

[1 occurrence(s)]
DEBUG --> [REQ_ID=b0949d4da3bf] [FILTER_BEFORE] /222.php

[1 occurrence(s)]
DEBUG --> [REQ_ID=b0949d4da3bf] [ROUTE] Controller=\App\Modules\PropFirms\Controllers\PropFirmsController Method=index

[1 occurrence(s)]
DEBUG --> [REQ_ID=b0949d4da3bf] [LIFECYCLE][START] GET https://mymiwallet.com/index.php/222.php

[1 occurrence(s)]
DEBUG --> [REQ_ID=b0949d4da3bf] [REQUEST][END]

[1 occurrence(s)]
DEBUG --> [REQ_ID=2d1512919ffa] [REQUEST][START] GET /index.php/login

[1 occurrence(s)]
DEBUG --> [REQ_ID=2d1512919ffa] [FILTER_BEFORE] /index.php/login

[1 occurrence(s)]
DEBUG --> [REQ_ID=2d1512919ffa] [ROUTE] Controller=\App\Controllers\AuthController Method=login

[1 occurrence(s)]
DEBUG --> [REQ_ID=2d1512919ffa] [LIFECYCLE][START] GET https://mymiwallet.com/index.php/login

[1 occurrence(s)]
DEBUG --> [REQ_ID=b8fe01ec14b7] [INIT] App\Controllers\AuthController::GET

[1 occurrence(s)]
DEBUG --> [REQ_ID=2d1512919ffa] [FILTER_AFTER]

[1 occurrence(s)]
DEBUG --> [REQ_ID=2d1512919ffa] [LIFECYCLE][END] status=200 duration_ms=31.65 memory_delta=0

[1 occurrence(s)]
DEBUG --> [REQ_ID=2d1512919ffa] [REQUEST][END]

[1 occurrence(s)]
DEBUG --> [REQ_ID=27192d368f4a] [REQUEST][START] GET /chosen.php

[1 occurrence(s)]
DEBUG --> [REQ_ID=27192d368f4a] [FILTER_BEFORE] /chosen.php

[1 occurrence(s)]
DEBUG --> [REQ_ID=27192d368f4a] [ROUTE] Controller=\App\Modules\PropFirms\Controllers\PropFirmsController Method=index

[1 occurrence(s)]
DEBUG --> [REQ_ID=27192d368f4a] [LIFECYCLE][START] GET https://mymiwallet.com/index.php/chosen.php

[1 occurrence(s)]
DEBUG --> [REQ_ID=27192d368f4a] [REQUEST][END]

[1 occurrence(s)]
DEBUG --> [REQ_ID=4396fa93c1bb] [REQUEST][START] GET /index.php/login

[1 occurrence(s)]
DEBUG --> [REQ_ID=4396fa93c1bb] [FILTER_BEFORE] /index.php/login

[1 occurrence(s)]
DEBUG --> [REQ_ID=4396fa93c1bb] [ROUTE] Controller=\App\Controllers\AuthController Method=login

[1 occurrence(s)]
DEBUG --> [REQ_ID=4396fa93c1bb] [LIFECYCLE][START] GET https://mymiwallet.com/index.php/login

[1 occurrence(s)]
DEBUG --> [REQ_ID=8672d14a9550] [INIT] App\Controllers\AuthController::GET

[1 occurrence(s)]
DEBUG --> [REQ_ID=4396fa93c1bb] [FILTER_AFTER]

[1 occurrence(s)]
DEBUG --> [REQ_ID=4396fa93c1bb] [LIFECYCLE][END] status=200 duration_ms=25.87 memory_delta=0

[1 occurrence(s)]
DEBUG --> [REQ_ID=4396fa93c1bb] [REQUEST][END]

[1 occurrence(s)]
DEBUG --> [REQ_ID=e0accee72040] [REQUEST][START] GET /info.php

[1 occurrence(s)]
DEBUG --> [REQ_ID=e0accee72040] [FILTER_BEFORE] /info.php

[1 occurrence(s)]
DEBUG --> [REQ_ID=e0accee72040] [ROUTE] Controller=\App\Modules\PropFirms\Controllers\PropFirmsController Method=index

[1 occurrence(s)]
DEBUG --> [REQ_ID=e0accee72040] [LIFECYCLE][START] GET https://mymiwallet.com/index.php/info.php

[1 occurrence(s)]
DEBUG --> [REQ_ID=e0accee72040] [REQUEST][END]

[1 occurrence(s)]
DEBUG --> [REQ_ID=4656ba0c99b2] [REQUEST][START] GET /index.php/login

[1 occurrence(s)]
DEBUG --> [REQ_ID=4656ba0c99b2] [FILTER_BEFORE] /index.php/login

[1 occurrence(s)]
DEBUG --> [REQ_ID=4656ba0c99b2] [ROUTE] Controller=\App\Controllers\AuthController Method=login

[1 occurrence(s)]
DEBUG --> [REQ_ID=4656ba0c99b2] [LIFECYCLE][START] GET https://mymiwallet.com/index.php/login

[1 occurrence(s)]
DEBUG --> [REQ_ID=83059948d2bc] [INIT] App\Controllers\AuthController::GET

[1 occurrence(s)]
DEBUG --> [REQ_ID=4656ba0c99b2] [FILTER_AFTER]

[1 occurrence(s)]
DEBUG --> [REQ_ID=4656ba0c99b2] [LIFECYCLE][END] status=200 duration_ms=38.31 memory_delta=0

[1 occurrence(s)]
DEBUG --> [REQ_ID=4656ba0c99b2] [REQUEST][END]

[1 occurrence(s)]
DEBUG --> [REQ_ID=8637439ec4e9] [REQUEST][START] GET /wp-includes/html-api

[1 occurrence(s)]
DEBUG --> [REQ_ID=8637439ec4e9] [REQUEST][END]

[1 occurrence(s)]
DEBUG --> [REQ_ID=1a5404036867] [REQUEST][START] GET /wp-includes/ID3/index.php

[1 occurrence(s)]
DEBUG --> [REQ_ID=1a5404036867] [REQUEST][END]

[1 occurrence(s)]
DEBUG --> [REQ_ID=aa6493309678] [REQUEST][START] GET /wp-admin/network/index.php

[1 occurrence(s)]
DEBUG --> [REQ_ID=aa6493309678] [REQUEST][END]

[1 occurrence(s)]
DEBUG --> [REQ_ID=5978c76622f1] [REQUEST][START] GET /k.php

[1 occurrence(s)]
DEBUG --> [REQ_ID=5978c76622f1] [FILTER_BEFORE] /k.php

[1 occurrence(s)]
DEBUG --> [REQ_ID=5978c76622f1] [ROUTE] Controller=\App\Modules\PropFirms\Controllers\PropFirmsController Method=index

[1 occurrence(s)]
DEBUG --> [REQ_ID=5978c76622f1] [LIFECYCLE][START] GET https://mymiwallet.com/index.php/k.php

[1 occurrence(s)]
DEBUG --> [REQ_ID=5978c76622f1] [REQUEST][END]

[1 occurrence(s)]
DEBUG --> [REQ_ID=ff3fee51d139] [REQUEST][START] GET /index.php/login

[1 occurrence(s)]
DEBUG --> [REQ_ID=ff3fee51d139] [FILTER_BEFORE] /index.php/login

[1 occurrence(s)]
DEBUG --> [REQ_ID=ff3fee51d139] [ROUTE] Controller=\App\Controllers\AuthController Method=login

[1 occurrence(s)]
DEBUG --> [REQ_ID=ff3fee51d139] [LIFECYCLE][START] GET https://mymiwallet.com/index.php/login

[1 occurrence(s)]
DEBUG --> [REQ_ID=82ad2b64860e] [INIT] App\Controllers\AuthController::GET

[1 occurrence(s)]
DEBUG --> [REQ_ID=ff3fee51d139] [FILTER_AFTER]

[1 occurrence(s)]
DEBUG --> [REQ_ID=ff3fee51d139] [LIFECYCLE][END] status=200 duration_ms=30.73 memory_delta=0

[1 occurrence(s)]
DEBUG --> [REQ_ID=ff3fee51d139] [REQUEST][END]

[1 occurrence(s)]
DEBUG --> [REQ_ID=875fe24e1ad9] [REQUEST][START] GET /file.php

[1 occurrence(s)]
DEBUG --> [REQ_ID=875fe24e1ad9] [FILTER_BEFORE] /file.php

[1 occurrence(s)]
DEBUG --> [REQ_ID=875fe24e1ad9] [ROUTE] Controller=\App\Modules\PropFirms\Controllers\PropFirmsController Method=index

[1 occurrence(s)]
DEBUG --> [REQ_ID=875fe24e1ad9] [LIFECYCLE][START] GET https://mymiwallet.com/index.php/file.php

[1 occurrence(s)]
DEBUG --> [REQ_ID=875fe24e1ad9] [REQUEST][END]

[1 occurrence(s)]
DEBUG --> [REQ_ID=4fe49de48521] [REQUEST][START] GET /index.php/login

[1 occurrence(s)]
DEBUG --> [REQ_ID=4fe49de48521] [FILTER_BEFORE] /index.php/login

[1 occurrence(s)]
DEBUG --> [REQ_ID=4fe49de48521] [ROUTE] Controller=\App\Controllers\AuthController Method=login

[1 occurrence(s)]
DEBUG --> [REQ_ID=4fe49de48521] [LIFECYCLE][START] GET https://mymiwallet.com/index.php/login

[1 occurrence(s)]
DEBUG --> [REQ_ID=73ab139d80f1] [INIT] App\Controllers\AuthController::GET

[1 occurrence(s)]
DEBUG --> [REQ_ID=4fe49de48521] [FILTER_AFTER]

[1 occurrence(s)]
DEBUG --> [REQ_ID=4fe49de48521] [LIFECYCLE][END] status=200 duration_ms=33.61 memory_delta=0

[1 occurrence(s)]
DEBUG --> [REQ_ID=4fe49de48521] [REQUEST][END]

[1 occurrence(s)]
DEBUG --> [REQ_ID=425fd55d0fa4] [REQUEST][START] GET /wp-admin/js

[1 occurrence(s)]
DEBUG --> [REQ_ID=425fd55d0fa4] [REQUEST][END]

[1 occurrence(s)]
DEBUG --> [REQ_ID=ab7f58086a56] [REQUEST][START] GET /403.php

[1 occurrence(s)]
DEBUG --> [REQ_ID=ab7f58086a56] [FILTER_BEFORE] /403.php

[1 occurrence(s)]
DEBUG --> [REQ_ID=ab7f58086a56] [ROUTE] Controller=\App\Modules\PropFirms\Controllers\PropFirmsController Method=index

[1 occurrence(s)]
DEBUG --> [REQ_ID=ab7f58086a56] [LIFECYCLE][START] GET https://mymiwallet.com/index.php/403.php

[1 occurrence(s)]
DEBUG --> [REQ_ID=ab7f58086a56] [REQUEST][END]

[1 occurrence(s)]
DEBUG --> [REQ_ID=2fafb5d562fe] [REQUEST][START] GET /index.php/login

[1 occurrence(s)]
DEBUG --> [REQ_ID=2fafb5d562fe] [FILTER_BEFORE] /index.php/login

[1 occurrence(s)]
DEBUG --> [REQ_ID=2fafb5d562fe] [ROUTE] Controller=\App\Controllers\AuthController Method=login

[1 occurrence(s)]
DEBUG --> [REQ_ID=2fafb5d562fe] [LIFECYCLE][START] GET https://mymiwallet.com/index.php/login

[1 occurrence(s)]
DEBUG --> [REQ_ID=56a7f9566c75] [INIT] App\Controllers\AuthController::GET

[1 occurrence(s)]
DEBUG --> [REQ_ID=2fafb5d562fe] [FILTER_AFTER]

[1 occurrence(s)]
DEBUG --> [REQ_ID=2fafb5d562fe] [LIFECYCLE][END] status=200 duration_ms=33.95 memory_delta=0

[1 occurrence(s)]
DEBUG --> [REQ_ID=2fafb5d562fe] [REQUEST][END]

[1 occurrence(s)]
DEBUG --> [REQ_ID=72cdb8f31fd9] [REQUEST][START] GET /wp-includes/images

[1 occurrence(s)]
DEBUG --> [REQ_ID=72cdb8f31fd9] [REQUEST][END]

[1 occurrence(s)]
DEBUG --> [REQ_ID=bf3fc281bf48] [REQUEST][START] GET /wp-content/cache

[1 occurrence(s)]
DEBUG --> [REQ_ID=bf3fc281bf48] [REQUEST][END]

[1 occurrence(s)]
DEBUG --> [REQ_ID=3d6203ac88ae] [REQUEST][START] GET /gecko.php

[1 occurrence(s)]
DEBUG --> [REQ_ID=3d6203ac88ae] [FILTER_BEFORE] /gecko.php

[1 occurrence(s)]
DEBUG --> [REQ_ID=3d6203ac88ae] [ROUTE] Controller=\App\Modules\PropFirms\Controllers\PropFirmsController Method=index

[1 occurrence(s)]
DEBUG --> [REQ_ID=3d6203ac88ae] [LIFECYCLE][START] GET https://mymiwallet.com/index.php/gecko.php

[1 occurrence(s)]
DEBUG --> [REQ_ID=3d6203ac88ae] [REQUEST][END]

[1 occurrence(s)]
DEBUG --> [REQ_ID=34a548d342ae] [REQUEST][START] GET /index.php/login

[1 occurrence(s)]
DEBUG --> [REQ_ID=34a548d342ae] [FILTER_BEFORE] /index.php/login

[1 occurrence(s)]
DEBUG --> [REQ_ID=34a548d342ae] [ROUTE] Controller=\App\Controllers\AuthController Method=login

[1 occurrence(s)]
DEBUG --> [REQ_ID=34a548d342ae] [LIFECYCLE][START] GET https://mymiwallet.com/index.php/login

[1 occurrence(s)]
DEBUG --> [REQ_ID=36b37227ef9e] [INIT] App\Controllers\AuthController::GET

[1 occurrence(s)]
DEBUG --> [REQ_ID=34a548d342ae] [FILTER_AFTER]

[1 occurrence(s)]
DEBUG --> [REQ_ID=34a548d342ae] [LIFECYCLE][END] status=200 duration_ms=32.07 memory_delta=0

[1 occurrence(s)]
DEBUG --> [REQ_ID=34a548d342ae] [REQUEST][END]

[1 occurrence(s)]
DEBUG --> [REQ_ID=5257763e8ff6] [REQUEST][START] GET /wp-includes

[1 occurrence(s)]
DEBUG --> [REQ_ID=5257763e8ff6] [FILTER_BEFORE] /wp-includes

[1 occurrence(s)]
DEBUG --> [REQ_ID=5257763e8ff6] [ROUTE] Controller=\App\Modules\PropFirms\Controllers\PropFirmsController Method=index

[1 occurrence(s)]
DEBUG --> [REQ_ID=5257763e8ff6] [LIFECYCLE][START] GET https://mymiwallet.com/index.php/wp-includes

[1 occurrence(s)]
DEBUG --> [REQ_ID=5257763e8ff6] [REQUEST][END]

[1 occurrence(s)]
DEBUG --> [REQ_ID=da1f23cd0f9d] [REQUEST][START] GET /index.php/login

[1 occurrence(s)]
DEBUG --> [REQ_ID=da1f23cd0f9d] [FILTER_BEFORE] /index.php/login

[1 occurrence(s)]
DEBUG --> [REQ_ID=da1f23cd0f9d] [ROUTE] Controller=\App\Controllers\AuthController Method=login

[1 occurrence(s)]
DEBUG --> [REQ_ID=da1f23cd0f9d] [LIFECYCLE][START] GET https://mymiwallet.com/index.php/login

[1 occurrence(s)]
DEBUG --> [REQ_ID=eea7eacef4d2] [INIT] App\Controllers\AuthController::GET

[1 occurrence(s)]
DEBUG --> [REQ_ID=da1f23cd0f9d] [FILTER_AFTER]

[1 occurrence(s)]
DEBUG --> [REQ_ID=da1f23cd0f9d] [LIFECYCLE][END] status=200 duration_ms=33.05 memory_delta=0

[1 occurrence(s)]
DEBUG --> [REQ_ID=da1f23cd0f9d] [REQUEST][END]

[1 occurrence(s)]
DEBUG --> [REQ_ID=7c2df948b1e4] [REQUEST][START] GET /aa.php

[1 occurrence(s)]
DEBUG --> [REQ_ID=7c2df948b1e4] [FILTER_BEFORE] /aa.php

[1 occurrence(s)]
DEBUG --> [REQ_ID=7c2df948b1e4] [ROUTE] Controller=\App\Modules\PropFirms\Controllers\PropFirmsController Method=index

[1 occurrence(s)]
DEBUG --> [REQ_ID=7c2df948b1e4] [LIFECYCLE][START] GET https://mymiwallet.com/index.php/aa.php

[1 occurrence(s)]
DEBUG --> [REQ_ID=7c2df948b1e4] [REQUEST][END]

[1 occurrence(s)]
DEBUG --> [REQ_ID=5a9e225119c4] [REQUEST][START] GET /index.php/login

[1 occurrence(s)]
DEBUG --> [REQ_ID=5a9e225119c4] [FILTER_BEFORE] /index.php/login

[1 occurrence(s)]
DEBUG --> [REQ_ID=5a9e225119c4] [ROUTE] Controller=\App\Controllers\AuthController Method=login

[1 occurrence(s)]
DEBUG --> [REQ_ID=5a9e225119c4] [LIFECYCLE][START] GET https://mymiwallet.com/index.php/login

[1 occurrence(s)]
DEBUG --> [REQ_ID=9954cc2a2366] [INIT] App\Controllers\AuthController::GET

[1 occurrence(s)]
DEBUG --> [REQ_ID=5a9e225119c4] [FILTER_AFTER]

[1 occurrence(s)]
DEBUG --> [REQ_ID=5a9e225119c4] [LIFECYCLE][END] status=200 duration_ms=29.88 memory_delta=0

[1 occurrence(s)]
DEBUG --> [REQ_ID=5a9e225119c4] [REQUEST][END]

[1 occurrence(s)]
DEBUG --> [REQ_ID=570c876c7f59] [REQUEST][START] GET /0x.php

[1 occurrence(s)]
DEBUG --> [REQ_ID=570c876c7f59] [FILTER_BEFORE] /0x.php

[1 occurrence(s)]
DEBUG --> [REQ_ID=570c876c7f59] [ROUTE] Controller=\App\Modules\PropFirms\Controllers\PropFirmsController Method=index

[1 occurrence(s)]
DEBUG --> [REQ_ID=570c876c7f59] [LIFECYCLE][START] GET https://mymiwallet.com/index.php/0x.php

[1 occurrence(s)]
DEBUG --> [REQ_ID=570c876c7f59] [REQUEST][END]

[1 occurrence(s)]
DEBUG --> [REQ_ID=d70a15159a2b] [REQUEST][START] GET /index.php/login

[1 occurrence(s)]
DEBUG --> [REQ_ID=d70a15159a2b] [FILTER_BEFORE] /index.php/login

[1 occurrence(s)]
DEBUG --> [REQ_ID=d70a15159a2b] [ROUTE] Controller=\App\Controllers\AuthController Method=login

[1 occurrence(s)]
DEBUG --> [REQ_ID=d70a15159a2b] [LIFECYCLE][START] GET https://mymiwallet.com/index.php/login

[1 occurrence(s)]
DEBUG --> [REQ_ID=ea30640bd69a] [INIT] App\Controllers\AuthController::GET

[1 occurrence(s)]
DEBUG --> [REQ_ID=d70a15159a2b] [FILTER_AFTER]

[1 occurrence(s)]
DEBUG --> [REQ_ID=d70a15159a2b] [LIFECYCLE][END] status=200 duration_ms=40.54 memory_delta=0

[1 occurrence(s)]
DEBUG --> [REQ_ID=d70a15159a2b] [REQUEST][END]

[1 occurrence(s)]
DEBUG --> [REQ_ID=3d3a8f34d527] [REQUEST][START] GET /wp-content/upgrade/index.php

[1 occurrence(s)]
DEBUG --> [REQ_ID=3d3a8f34d527] [REQUEST][END]

[1 occurrence(s)]
DEBUG --> [REQ_ID=5d97ef44fac1] [REQUEST][START] GET /cah.php

[1 occurrence(s)]
DEBUG --> [REQ_ID=5d97ef44fac1] [FILTER_BEFORE] /cah.php

[1 occurrence(s)]
DEBUG --> [REQ_ID=5d97ef44fac1] [ROUTE] Controller=\App\Modules\PropFirms\Controllers\PropFirmsController Method=index

[1 occurrence(s)]
DEBUG --> [REQ_ID=5d97ef44fac1] [LIFECYCLE][START] GET https://mymiwallet.com/index.php/cah.php

[1 occurrence(s)]
DEBUG --> [REQ_ID=5d97ef44fac1] [REQUEST][END]

[1 occurrence(s)]
DEBUG --> [REQ_ID=c9af411a37dc] [REQUEST][START] GET /index.php/login

[1 occurrence(s)]
DEBUG --> [REQ_ID=c9af411a37dc] [FILTER_BEFORE] /index.php/login

[1 occurrence(s)]
DEBUG --> [REQ_ID=c9af411a37dc] [ROUTE] Controller=\App\Controllers\AuthController Method=login

[1 occurrence(s)]
DEBUG --> [REQ_ID=c9af411a37dc] [LIFECYCLE][START] GET https://mymiwallet.com/index.php/login

[1 occurrence(s)]
DEBUG --> [REQ_ID=e44e82ccc51a] [INIT] App\Controllers\AuthController::GET

[1 occurrence(s)]
DEBUG --> [REQ_ID=c9af411a37dc] [FILTER_AFTER]

[1 occurrence(s)]
DEBUG --> [REQ_ID=c9af411a37dc] [LIFECYCLE][END] status=200 duration_ms=26.77 memory_delta=0

[1 occurrence(s)]
DEBUG --> [REQ_ID=c9af411a37dc] [REQUEST][END]

[1 occurrence(s)]
DEBUG --> [REQ_ID=c9ff1b9579a9] [REQUEST][START] GET /wp-includes/js/tinymce/plugins/compat3x/css

[1 occurrence(s)]
DEBUG --> [REQ_ID=c9ff1b9579a9] [REQUEST][END]

[1 occurrence(s)]
DEBUG --> [REQ_ID=fe0693416238] [REQUEST][START] GET /system_log.php

[1 occurrence(s)]
DEBUG --> [REQ_ID=fe0693416238] [FILTER_BEFORE] /system_log.php

[1 occurrence(s)]
DEBUG --> [REQ_ID=fe0693416238] [ROUTE] Controller=\App\Modules\PropFirms\Controllers\PropFirmsController Method=index

[1 occurrence(s)]
DEBUG --> [REQ_ID=fe0693416238] [LIFECYCLE][START] GET https://mymiwallet.com/index.php/system_log.php

[1 occurrence(s)]
DEBUG --> [REQ_ID=fe0693416238] [REQUEST][END]

[1 occurrence(s)]
DEBUG --> [REQ_ID=87c4f047e178] [REQUEST][START] GET /index.php/login

[1 occurrence(s)]
DEBUG --> [REQ_ID=87c4f047e178] [FILTER_BEFORE] /index.php/login

[1 occurrence(s)]
DEBUG --> [REQ_ID=87c4f047e178] [ROUTE] Controller=\App\Controllers\AuthController Method=login

[1 occurrence(s)]
DEBUG --> [REQ_ID=87c4f047e178] [LIFECYCLE][START] GET https://mymiwallet.com/index.php/login

[1 occurrence(s)]
DEBUG --> [REQ_ID=d1a74f96dda5] [INIT] App\Controllers\AuthController::GET

[1 occurrence(s)]
DEBUG --> [REQ_ID=87c4f047e178] [FILTER_AFTER]

[1 occurrence(s)]
DEBUG --> [REQ_ID=87c4f047e178] [LIFECYCLE][END] status=200 duration_ms=29.84 memory_delta=0

[1 occurrence(s)]
DEBUG --> [REQ_ID=87c4f047e178] [REQUEST][END]

[1 occurrence(s)]
DEBUG --> [REQ_ID=f4bbf1074852] [REQUEST][START] GET /wp-includes/pomo

[1 occurrence(s)]
DEBUG --> [REQ_ID=f4bbf1074852] [REQUEST][END]

[1 occurrence(s)]
DEBUG --> [REQ_ID=d9b462b07cef] [REQUEST][START] GET /wp-admin/user/index.php

[1 occurrence(s)]
DEBUG --> [REQ_ID=d9b462b07cef] [REQUEST][END]

[1 occurrence(s)]
DEBUG --> [REQ_ID=9ec3a40ec3be] [REQUEST][START] GET /ioxi-o.php

[1 occurrence(s)]
DEBUG --> [REQ_ID=9ec3a40ec3be] [FILTER_BEFORE] /ioxi-o.php

[1 occurrence(s)]
DEBUG --> [REQ_ID=9ec3a40ec3be] [ROUTE] Controller=\App\Modules\PropFirms\Controllers\PropFirmsController Method=index

[1 occurrence(s)]
DEBUG --> [REQ_ID=9ec3a40ec3be] [LIFECYCLE][START] GET https://mymiwallet.com/index.php/ioxi-o.php

[1 occurrence(s)]
DEBUG --> [REQ_ID=9ec3a40ec3be] [REQUEST][END]

[1 occurrence(s)]
DEBUG --> [REQ_ID=6c44857140be] [REQUEST][START] GET /index.php/login

[1 occurrence(s)]
DEBUG --> [REQ_ID=6c44857140be] [FILTER_BEFORE] /index.php/login

[1 occurrence(s)]
DEBUG --> [REQ_ID=6c44857140be] [ROUTE] Controller=\App\Controllers\AuthController Method=login

[1 occurrence(s)]
DEBUG --> [REQ_ID=6c44857140be] [LIFECYCLE][START] GET https://mymiwallet.com/index.php/login

[1 occurrence(s)]
DEBUG --> [REQ_ID=e22522972e86] [INIT] App\Controllers\AuthController::GET

[1 occurrence(s)]
DEBUG --> [REQ_ID=6c44857140be] [FILTER_AFTER]

[1 occurrence(s)]
DEBUG --> [REQ_ID=6c44857140be] [LIFECYCLE][END] status=200 duration_ms=28.80 memory_delta=0

[1 occurrence(s)]
DEBUG --> [REQ_ID=6c44857140be] [REQUEST][END]

[1 occurrence(s)]
DEBUG --> [REQ_ID=6ffb7759d3f3] [REQUEST][START] GET /abc.php

[1 occurrence(s)]
DEBUG --> [REQ_ID=6ffb7759d3f3] [FILTER_BEFORE] /abc.php

[1 occurrence(s)]
DEBUG --> [REQ_ID=6ffb7759d3f3] [ROUTE] Controller=\App\Modules\PropFirms\Controllers\PropFirmsController Method=index

[1 occurrence(s)]
DEBUG --> [REQ_ID=6ffb7759d3f3] [LIFECYCLE][START] GET https://mymiwallet.com/index.php/abc.php

[1 occurrence(s)]
DEBUG --> [REQ_ID=6ffb7759d3f3] [REQUEST][END]

[1 occurrence(s)]
DEBUG --> [REQ_ID=0440036d3d90] [REQUEST][START] GET /index.php/login

[1 occurrence(s)]
DEBUG --> [REQ_ID=0440036d3d90] [FILTER_BEFORE] /index.php/login

[1 occurrence(s)]
DEBUG --> [REQ_ID=0440036d3d90] [ROUTE] Controller=\App\Controllers\AuthController Method=login

[1 occurrence(s)]
DEBUG --> [REQ_ID=0440036d3d90] [LIFECYCLE][START] GET https://mymiwallet.com/index.php/login

[1 occurrence(s)]
DEBUG --> [REQ_ID=202187cb3d31] [INIT] App\Controllers\AuthController::GET

[1 occurrence(s)]
DEBUG --> [REQ_ID=0440036d3d90] [FILTER_AFTER]

[1 occurrence(s)]
DEBUG --> [REQ_ID=0440036d3d90] [LIFECYCLE][END] status=200 duration_ms=27.27 memory_delta=0

[1 occurrence(s)]
DEBUG --> [REQ_ID=0440036d3d90] [REQUEST][END]

[1 occurrence(s)]
DEBUG --> [REQ_ID=d17ccc8fc213] [REQUEST][START] GET /akcc.php

[1 occurrence(s)]
DEBUG --> [REQ_ID=d17ccc8fc213] [FILTER_BEFORE] /akcc.php

[1 occurrence(s)]
DEBUG --> [REQ_ID=d17ccc8fc213] [ROUTE] Controller=\App\Modules\PropFirms\Controllers\PropFirmsController Method=index

[1 occurrence(s)]
DEBUG --> [REQ_ID=d17ccc8fc213] [LIFECYCLE][START] GET https://mymiwallet.com/index.php/akcc.php

[1 occurrence(s)]
DEBUG --> [REQ_ID=d17ccc8fc213] [REQUEST][END]

[1 occurrence(s)]
DEBUG --> [REQ_ID=8086c1252ddf] [REQUEST][START] GET /index.php/login

[1 occurrence(s)]
DEBUG --> [REQ_ID=8086c1252ddf] [FILTER_BEFORE] /index.php/login

[1 occurrence(s)]
DEBUG --> [REQ_ID=8086c1252ddf] [ROUTE] Controller=\App\Controllers\AuthController Method=login

[1 occurrence(s)]
DEBUG --> [REQ_ID=8086c1252ddf] [LIFECYCLE][START] GET https://mymiwallet.com/index.php/login

[1 occurrence(s)]
DEBUG --> [REQ_ID=09fb671ad6b8] [INIT] App\Controllers\AuthController::GET

[1 occurrence(s)]
DEBUG --> [REQ_ID=8086c1252ddf] [FILTER_AFTER]

[1 occurrence(s)]
DEBUG --> [REQ_ID=8086c1252ddf] [LIFECYCLE][END] status=200 duration_ms=26.25 memory_delta=0

[1 occurrence(s)]
DEBUG --> [REQ_ID=8086c1252ddf] [REQUEST][END]

[1 occurrence(s)]
DEBUG --> [REQ_ID=b226ae027f54] [REQUEST][START] GET /wk/index.php

[1 occurrence(s)]
DEBUG --> [REQ_ID=b226ae027f54] [REQUEST][END]

[1 occurrence(s)]
DEBUG --> [REQ_ID=a1758365b7b0] [REQUEST][START] GET /1.php

[1 occurrence(s)]
DEBUG --> [REQ_ID=a1758365b7b0] [FILTER_BEFORE] /1.php

[1 occurrence(s)]
DEBUG --> [REQ_ID=a1758365b7b0] [ROUTE] Controller=\App\Modules\PropFirms\Controllers\PropFirmsController Method=index

[1 occurrence(s)]
DEBUG --> [REQ_ID=a1758365b7b0] [LIFECYCLE][START] GET https://mymiwallet.com/index.php/1.php

[1 occurrence(s)]
DEBUG --> [REQ_ID=a1758365b7b0] [REQUEST][END]

[1 occurrence(s)]
DEBUG --> [REQ_ID=b048476c3d6f] [REQUEST][START] GET /index.php/login

[1 occurrence(s)]
DEBUG --> [REQ_ID=b048476c3d6f] [FILTER_BEFORE] /index.php/login

[1 occurrence(s)]
DEBUG --> [REQ_ID=b048476c3d6f] [ROUTE] Controller=\App\Controllers\AuthController Method=login

[1 occurrence(s)]
DEBUG --> [REQ_ID=b048476c3d6f] [LIFECYCLE][START] GET https://mymiwallet.com/index.php/login

[1 occurrence(s)]
DEBUG --> [REQ_ID=7665fea5c641] [INIT] App\Controllers\AuthController::GET

[1 occurrence(s)]
DEBUG --> [REQ_ID=b048476c3d6f] [FILTER_AFTER]

[1 occurrence(s)]
DEBUG --> [REQ_ID=b048476c3d6f] [LIFECYCLE][END] status=200 duration_ms=26.58 memory_delta=0

[1 occurrence(s)]
DEBUG --> [REQ_ID=b048476c3d6f] [REQUEST][END]

[1 occurrence(s)]
DEBUG --> [REQ_ID=feacdbe4c0fe] [REQUEST][START] GET /wp-content/x/index.php

[1 occurrence(s)]
DEBUG --> [REQ_ID=feacdbe4c0fe] [REQUEST][END]

[1 occurrence(s)]
DEBUG --> [REQ_ID=d6fd9ba3efe4] [REQUEST][START] GET /wp-content/index.php

[1 occurrence(s)]
DEBUG --> [REQ_ID=d6fd9ba3efe4] [REQUEST][END]

[1 occurrence(s)]
DEBUG --> [REQ_ID=746c10d954d7] [REQUEST][START] GET /as.php

[1 occurrence(s)]
DEBUG --> [REQ_ID=746c10d954d7] [FILTER_BEFORE] /as.php

[1 occurrence(s)]
DEBUG --> [REQ_ID=746c10d954d7] [ROUTE] Controller=\App\Modules\PropFirms\Controllers\PropFirmsController Method=index

[1 occurrence(s)]
DEBUG --> [REQ_ID=746c10d954d7] [LIFECYCLE][START] GET https://mymiwallet.com/index.php/as.php

[1 occurrence(s)]
DEBUG --> [REQ_ID=746c10d954d7] [REQUEST][END]

[1 occurrence(s)]
DEBUG --> [REQ_ID=1f5903f9501a] [REQUEST][START] GET /index.php/login

[1 occurrence(s)]
DEBUG --> [REQ_ID=1f5903f9501a] [FILTER_BEFORE] /index.php/login

[1 occurrence(s)]
DEBUG --> [REQ_ID=1f5903f9501a] [ROUTE] Controller=\App\Controllers\AuthController Method=login

[1 occurrence(s)]
DEBUG --> [REQ_ID=1f5903f9501a] [LIFECYCLE][START] GET https://mymiwallet.com/index.php/login

[1 occurrence(s)]
DEBUG --> [REQ_ID=26136207b34b] [INIT] App\Controllers\AuthController::GET

[1 occurrence(s)]
DEBUG --> [REQ_ID=1f5903f9501a] [FILTER_AFTER]

[1 occurrence(s)]
DEBUG --> [REQ_ID=1f5903f9501a] [LIFECYCLE][END] status=200 duration_ms=28.98 memory_delta=0

[1 occurrence(s)]
DEBUG --> [REQ_ID=1f5903f9501a] [REQUEST][END]

[1 occurrence(s)]
DEBUG --> [REQ_ID=b9adea4b2e0d] [REQUEST][START] GET /wp-content/themes/admin.php

[1 occurrence(s)]
DEBUG --> [REQ_ID=b9adea4b2e0d] [REQUEST][END]

[1 occurrence(s)]
DEBUG --> [REQ_ID=7b25ef331689] [REQUEST][START] GET /wp-config-sample.php

[1 occurrence(s)]
DEBUG --> [REQ_ID=7b25ef331689] [FILTER_BEFORE] /wp-config-sample.php

[1 occurrence(s)]
DEBUG --> [REQ_ID=7b25ef331689] [ROUTE] Controller=\App\Modules\PropFirms\Controllers\PropFirmsController Method=index

[1 occurrence(s)]
DEBUG --> [REQ_ID=7b25ef331689] [LIFECYCLE][START] GET https://mymiwallet.com/index.php/wp-config-sample.php

[1 occurrence(s)]
DEBUG --> [REQ_ID=7b25ef331689] [REQUEST][END]

[1 occurrence(s)]
DEBUG --> [REQ_ID=73515cf849b4] [REQUEST][START] GET /index.php/login

[1 occurrence(s)]
DEBUG --> [REQ_ID=73515cf849b4] [FILTER_BEFORE] /index.php/login

[1 occurrence(s)]
DEBUG --> [REQ_ID=73515cf849b4] [ROUTE] Controller=\App\Controllers\AuthController Method=login

[1 occurrence(s)]
DEBUG --> [REQ_ID=73515cf849b4] [LIFECYCLE][START] GET https://mymiwallet.com/index.php/login

[1 occurrence(s)]
DEBUG --> [REQ_ID=2eea6614a74a] [INIT] App\Controllers\AuthController::GET

[1 occurrence(s)]
DEBUG --> [REQ_ID=73515cf849b4] [FILTER_AFTER]

[1 occurrence(s)]
DEBUG --> [REQ_ID=73515cf849b4] [LIFECYCLE][END] status=200 duration_ms=38.29 memory_delta=0

[1 occurrence(s)]
DEBUG --> [REQ_ID=73515cf849b4] [REQUEST][END]

[1 occurrence(s)]
DEBUG --> [REQ_ID=b98a6e4160c4] [REQUEST][START] GET /.well-known/acme-challenge/index.php

[1 occurrence(s)]
DEBUG --> [REQ_ID=b98a6e4160c4] [REQUEST][END]

[1 occurrence(s)]
DEBUG --> [REQ_ID=1ff705028692] [REQUEST][START] GET /wp-includes/blocks/shortcode/index.php

[1 occurrence(s)]
DEBUG --> [REQ_ID=1ff705028692] [REQUEST][END]

[1 occurrence(s)]
DEBUG --> [REQ_ID=a57a2a734ad5] [REQUEST][START] GET /wp-includes/images/smilies

[1 occurrence(s)]
DEBUG --> [REQ_ID=a57a2a734ad5] [REQUEST][END]

[1 occurrence(s)]
DEBUG --> [REQ_ID=7f5651998c12] [REQUEST][START] GET /cgi-bin/index.php

[1 occurrence(s)]
DEBUG --> [REQ_ID=7f5651998c12] [REQUEST][END]

[1 occurrence(s)]
DEBUG --> [REQ_ID=bbdd897f3a6a] [REQUEST][START] GET /an.php

[1 occurrence(s)]
DEBUG --> [REQ_ID=bbdd897f3a6a] [FILTER_BEFORE] /an.php

[1 occurrence(s)]
DEBUG --> [REQ_ID=bbdd897f3a6a] [ROUTE] Controller=\App\Modules\PropFirms\Controllers\PropFirmsController Method=index

[1 occurrence(s)]
DEBUG --> [REQ_ID=bbdd897f3a6a] [LIFECYCLE][START] GET https://mymiwallet.com/index.php/an.php

[1 occurrence(s)]
DEBUG --> [REQ_ID=bbdd897f3a6a] [REQUEST][END]

[1 occurrence(s)]
DEBUG --> [REQ_ID=defe6f103668] [REQUEST][START] GET /index.php/login

[1 occurrence(s)]
DEBUG --> [REQ_ID=defe6f103668] [FILTER_BEFORE] /index.php/login

[1 occurrence(s)]
DEBUG --> [REQ_ID=defe6f103668] [ROUTE] Controller=\App\Controllers\AuthController Method=login

[1 occurrence(s)]
DEBUG --> [REQ_ID=defe6f103668] [LIFECYCLE][START] GET https://mymiwallet.com/index.php/login

[1 occurrence(s)]
DEBUG --> [REQ_ID=45eb542e4545] [INIT] App\Controllers\AuthController::GET

[1 occurrence(s)]
DEBUG --> [REQ_ID=defe6f103668] [FILTER_AFTER]

[1 occurrence(s)]
DEBUG --> [REQ_ID=defe6f103668] [LIFECYCLE][END] status=200 duration_ms=25.93 memory_delta=0

[1 occurrence(s)]
DEBUG --> [REQ_ID=defe6f103668] [REQUEST][END]

[1 occurrence(s)]
DEBUG --> [REQ_ID=0b2cf64afe93] [REQUEST][START] GET /wp-admin/images

[1 occurrence(s)]
DEBUG --> [REQ_ID=0b2cf64afe93] [REQUEST][END]

[1 occurrence(s)]
DEBUG --> [REQ_ID=7ad0bc5bd2d3] [REQUEST][START] GET /404.php

[1 occurrence(s)]
DEBUG --> [REQ_ID=7ad0bc5bd2d3] [FILTER_BEFORE] /404.php

[1 occurrence(s)]
DEBUG --> [REQ_ID=7ad0bc5bd2d3] [ROUTE] Controller=\App\Modules\PropFirms\Controllers\PropFirmsController Method=index

[1 occurrence(s)]
DEBUG --> [REQ_ID=7ad0bc5bd2d3] [LIFECYCLE][START] GET https://mymiwallet.com/index.php/404.php

[1 occurrence(s)]
DEBUG --> [REQ_ID=7ad0bc5bd2d3] [REQUEST][END]

[1 occurrence(s)]
DEBUG --> [REQ_ID=c8d2597be135] [REQUEST][START] GET /index.php/login

[1 occurrence(s)]
DEBUG --> [REQ_ID=c8d2597be135] [FILTER_BEFORE] /index.php/login

[1 occurrence(s)]
DEBUG --> [REQ_ID=c8d2597be135] [ROUTE] Controller=\App\Controllers\AuthController Method=login

[1 occurrence(s)]
DEBUG --> [REQ_ID=c8d2597be135] [LIFECYCLE][START] GET https://mymiwallet.com/index.php/login

[1 occurrence(s)]
DEBUG --> [REQ_ID=ae52ebafcb1b] [INIT] App\Controllers\AuthController::GET

[1 occurrence(s)]
DEBUG --> [REQ_ID=c8d2597be135] [FILTER_AFTER]

[1 occurrence(s)]
DEBUG --> [REQ_ID=c8d2597be135] [LIFECYCLE][END] status=200 duration_ms=27.50 memory_delta=0

[1 occurrence(s)]
DEBUG --> [REQ_ID=c8d2597be135] [REQUEST][END]

[1 occurrence(s)]
DEBUG --> [REQ_ID=5a8d979e726c] [REQUEST][START] GET /wp-login.php

[1 occurrence(s)]
DEBUG --> [REQ_ID=5a8d979e726c] [FILTER_BEFORE] /wp-login.php

[1 occurrence(s)]
DEBUG --> [REQ_ID=5a8d979e726c] [ROUTE] Controller=\App\Modules\PropFirms\Controllers\PropFirmsController Method=index

[1 occurrence(s)]
DEBUG --> [REQ_ID=5a8d979e726c] [LIFECYCLE][START] GET https://mymiwallet.com/index.php/wp-login.php

[1 occurrence(s)]
DEBUG --> [REQ_ID=5a8d979e726c] [REQUEST][END]

[1 occurrence(s)]
DEBUG --> [REQ_ID=5d78d54c0554] [REQUEST][START] GET /wp-content/uploads/goods.php

[1 occurrence(s)]
DEBUG --> [REQ_ID=5d78d54c0554] [REQUEST][END]

[1 occurrence(s)]
DEBUG --> [REQ_ID=7e0fce179c4e] [REQUEST][START] GET /wp-includes/ID3

[1 occurrence(s)]
DEBUG --> [REQ_ID=7e0fce179c4e] [REQUEST][END]

[1 occurrence(s)]
DEBUG --> [REQ_ID=ed0db8b507a0] [REQUEST][START] GET /.well-known/

[1 occurrence(s)]
DEBUG --> [REQ_ID=ed0db8b507a0] [FILTER_BEFORE] /.well-known/

[1 occurrence(s)]
DEBUG --> [REQ_ID=ed0db8b507a0] [ROUTE] Controller=\App\Modules\PropFirms\Controllers\PropFirmsController Method=index

[1 occurrence(s)]
DEBUG --> [REQ_ID=ed0db8b507a0] [LIFECYCLE][START] GET https://mymiwallet.com/index.php/.well-known/

[1 occurrence(s)]
DEBUG --> [REQ_ID=ed0db8b507a0] [REQUEST][END]

[1 occurrence(s)]
DEBUG --> [REQ_ID=706b642fc270] [REQUEST][START] GET /wso.php

[1 occurrence(s)]
DEBUG --> [REQ_ID=706b642fc270] [FILTER_BEFORE] /wso.php

[1 occurrence(s)]
DEBUG --> [REQ_ID=706b642fc270] [ROUTE] Controller=\App\Modules\PropFirms\Controllers\PropFirmsController Method=index

[1 occurrence(s)]
DEBUG --> [REQ_ID=706b642fc270] [LIFECYCLE][START] GET https://mymiwallet.com/index.php/wso.php

[1 occurrence(s)]
DEBUG --> [REQ_ID=706b642fc270] [REQUEST][END]

[1 occurrence(s)]
DEBUG --> [REQ_ID=b4e5929ac5c9] [REQUEST][START] GET /sf.php

[1 occurrence(s)]
DEBUG --> [REQ_ID=b4e5929ac5c9] [FILTER_BEFORE] /sf.php

[1 occurrence(s)]
DEBUG --> [REQ_ID=b4e5929ac5c9] [ROUTE] Controller=\App\Modules\PropFirms\Controllers\PropFirmsController Method=index

[1 occurrence(s)]
DEBUG --> [REQ_ID=b4e5929ac5c9] [LIFECYCLE][START] GET https://mymiwallet.com/index.php/sf.php

[1 occurrence(s)]
DEBUG --> [REQ_ID=b4e5929ac5c9] [REQUEST][END]

[1 occurrence(s)]
DEBUG --> [REQ_ID=c0abdc6f1ed8] [REQUEST][START] GET /index/function.php

[1 occurrence(s)]
DEBUG --> [REQ_ID=c0abdc6f1ed8] [REQUEST][END]

[1 occurrence(s)]
DEBUG --> [REQ_ID=438b7a495a75] [REQUEST][START] GET /edit.php

[1 occurrence(s)]
DEBUG --> [REQ_ID=438b7a495a75] [FILTER_BEFORE] /edit.php

[1 occurrence(s)]
DEBUG --> [REQ_ID=438b7a495a75] [ROUTE] Controller=\App\Modules\PropFirms\Controllers\PropFirmsController Method=index

[1 occurrence(s)]
DEBUG --> [REQ_ID=438b7a495a75] [LIFECYCLE][START] GET https://mymiwallet.com/index.php/edit.php

[1 occurrence(s)]
DEBUG --> [REQ_ID=438b7a495a75] [REQUEST][END]

[1 occurrence(s)]
DEBUG --> [REQ_ID=76fb9ef84560] [REQUEST][START] GET /wp-includes/rest-api

[1 occurrence(s)]
DEBUG --> [REQ_ID=76fb9ef84560] [REQUEST][END]

[1 occurrence(s)]
DEBUG --> [REQ_ID=e576e1c631f6] [REQUEST][START] GET /wp-content/themes/twentytwenty/404.php

[1 occurrence(s)]
DEBUG --> [REQ_ID=e576e1c631f6] [REQUEST][END]

[1 occurrence(s)]
DEBUG --> [REQ_ID=a52915d9f607] [REQUEST][START] GET /wp-good.php

[1 occurrence(s)]
DEBUG --> [REQ_ID=a52915d9f607] [FILTER_BEFORE] /wp-good.php

[1 occurrence(s)]
DEBUG --> [REQ_ID=a52915d9f607] [ROUTE] Controller=\App\Modules\PropFirms\Controllers\PropFirmsController Method=index

[1 occurrence(s)]
DEBUG --> [REQ_ID=a52915d9f607] [LIFECYCLE][START] GET https://mymiwallet.com/index.php/wp-good.php

[1 occurrence(s)]
DEBUG --> [REQ_ID=a52915d9f607] [REQUEST][END]

[1 occurrence(s)]
DEBUG --> [REQ_ID=1ab217999f47] [REQUEST][START] GET /wp-admin/js/widgets

[1 occurrence(s)]
DEBUG --> [REQ_ID=1ab217999f47] [REQUEST][END]

[1 occurrence(s)]
DEBUG --> [REQ_ID=3e771ded8c7f] [REQUEST][START] GET /wp-admin/css/colors/midnight

[1 occurrence(s)]
DEBUG --> [REQ_ID=3e771ded8c7f] [REQUEST][END]

[1 occurrence(s)]
DEBUG --> [REQ_ID=b88d0b404ab8] [REQUEST][START] GET /tes.php

[1 occurrence(s)]
DEBUG --> [REQ_ID=b88d0b404ab8] [FILTER_BEFORE] /tes.php

[1 occurrence(s)]
DEBUG --> [REQ_ID=b88d0b404ab8] [ROUTE] Controller=\App\Modules\PropFirms\Controllers\PropFirmsController Method=index

[1 occurrence(s)]
DEBUG --> [REQ_ID=b88d0b404ab8] [LIFECYCLE][START] GET https://mymiwallet.com/index.php/tes.php

[1 occurrence(s)]
DEBUG --> [REQ_ID=b88d0b404ab8] [REQUEST][END]

[1 occurrence(s)]
DEBUG --> [REQ_ID=1c2f2b0747d4] [REQUEST][START] GET /files/index.php

[1 occurrence(s)]
DEBUG --> [REQ_ID=1c2f2b0747d4] [REQUEST][END]

[1 occurrence(s)]
DEBUG --> [REQ_ID=6599f549bdb9] [REQUEST][START] GET /wp-content/uploads/index.php

[1 occurrence(s)]
DEBUG --> [REQ_ID=6599f549bdb9] [REQUEST][END]

[1 occurrence(s)]
DEBUG --> [REQ_ID=b7fdfbf5004c] [REQUEST][START] GET /images/images/about.php

[1 occurrence(s)]
DEBUG --> [REQ_ID=b7fdfbf5004c] [REQUEST][END]

[1 occurrence(s)]
DEBUG --> [REQ_ID=eb6a175c51fb] [REQUEST][START] GET /ms-edit.php

[1 occurrence(s)]
DEBUG --> [REQ_ID=eb6a175c51fb] [FILTER_BEFORE] /ms-edit.php

[1 occurrence(s)]
DEBUG --> [REQ_ID=eb6a175c51fb] [ROUTE] Controller=\App\Modules\PropFirms\Controllers\PropFirmsController Method=index

[1 occurrence(s)]
DEBUG --> [REQ_ID=eb6a175c51fb] [LIFECYCLE][START] GET https://mymiwallet.com/index.php/ms-edit.php

[1 occurrence(s)]
DEBUG --> [REQ_ID=eb6a175c51fb] [REQUEST][END]

[1 occurrence(s)]
DEBUG --> [REQ_ID=dcaec3da9f6e] [REQUEST][START] GET /rip.php

[1 occurrence(s)]
DEBUG --> [REQ_ID=dcaec3da9f6e] [FILTER_BEFORE] /rip.php

[1 occurrence(s)]
DEBUG --> [REQ_ID=dcaec3da9f6e] [ROUTE] Controller=\App\Modules\PropFirms\Controllers\PropFirmsController Method=index

[1 occurrence(s)]
DEBUG --> [REQ_ID=dcaec3da9f6e] [LIFECYCLE][START] GET https://mymiwallet.com/index.php/rip.php

[1 occurrence(s)]
DEBUG --> [REQ_ID=dcaec3da9f6e] [REQUEST][END]

[1 occurrence(s)]
DEBUG --> [REQ_ID=9117c9f6f735] [REQUEST][START] GET /wp-content/uploads

[1 occurrence(s)]
DEBUG --> [REQ_ID=9117c9f6f735] [REQUEST][END]

[1 occurrence(s)]
DEBUG --> [REQ_ID=4552ce32be8a] [REQUEST][START] GET /xmlrpc.php

[1 occurrence(s)]
DEBUG --> [REQ_ID=4552ce32be8a] [FILTER_BEFORE] /xmlrpc.php

[1 occurrence(s)]
DEBUG --> [REQ_ID=4552ce32be8a] [ROUTE] Controller=\App\Modules\PropFirms\Controllers\PropFirmsController Method=index

[1 occurrence(s)]
DEBUG --> [REQ_ID=4552ce32be8a] [LIFECYCLE][START] GET https://mymiwallet.com/index.php/xmlrpc.php

[1 occurrence(s)]
DEBUG --> [REQ_ID=4552ce32be8a] [REQUEST][END]

[1 occurrence(s)]
DEBUG --> [REQ_ID=846d62aa9b43] [REQUEST][START] GET /moon.php

[1 occurrence(s)]
DEBUG --> [REQ_ID=846d62aa9b43] [FILTER_BEFORE] /moon.php

[1 occurrence(s)]
DEBUG --> [REQ_ID=846d62aa9b43] [ROUTE] Controller=\App\Modules\PropFirms\Controllers\PropFirmsController Method=index

[1 occurrence(s)]
DEBUG --> [REQ_ID=846d62aa9b43] [LIFECYCLE][START] GET https://mymiwallet.com/index.php/moon.php

[1 occurrence(s)]
DEBUG --> [REQ_ID=846d62aa9b43] [REQUEST][END]

[1 occurrence(s)]
DEBUG --> [REQ_ID=21cf3430ba2f] [REQUEST][START] GET /cache.php

[1 occurrence(s)]
DEBUG --> [REQ_ID=21cf3430ba2f] [FILTER_BEFORE] /cache.php

[1 occurrence(s)]
DEBUG --> [REQ_ID=21cf3430ba2f] [ROUTE] Controller=\App\Modules\PropFirms\Controllers\PropFirmsController Method=index

[1 occurrence(s)]
DEBUG --> [REQ_ID=21cf3430ba2f] [LIFECYCLE][START] GET https://mymiwallet.com/index.php/cache.php

[1 occurrence(s)]
DEBUG --> [REQ_ID=21cf3430ba2f] [REQUEST][END]

[1 occurrence(s)]
DEBUG --> [REQ_ID=79e3a5d72e1e] [REQUEST][START] GET /wp-includes/block-bindings

[1 occurrence(s)]
DEBUG --> [REQ_ID=79e3a5d72e1e] [REQUEST][END]

[1 occurrence(s)]
DEBUG --> [REQ_ID=96aa6ea422bf] [REQUEST][START] GET /wp-content/themes

[1 occurrence(s)]
DEBUG --> [REQ_ID=96aa6ea422bf] [REQUEST][END]

[1 occurrence(s)]
DEBUG --> [REQ_ID=db0f0bd4e57b] [REQUEST][START] GET /inputs.php

[1 occurrence(s)]
DEBUG --> [REQ_ID=db0f0bd4e57b] [FILTER_BEFORE] /inputs.php

[1 occurrence(s)]
DEBUG --> [REQ_ID=db0f0bd4e57b] [ROUTE] Controller=\App\Modules\PropFirms\Controllers\PropFirmsController Method=index

[1 occurrence(s)]
DEBUG --> [REQ_ID=db0f0bd4e57b] [LIFECYCLE][START] GET https://mymiwallet.com/index.php/inputs.php

[1 occurrence(s)]
DEBUG --> [REQ_ID=db0f0bd4e57b] [REQUEST][END]

[1 occurrence(s)]
DEBUG --> [REQ_ID=929f80379583] [REQUEST][START] GET /wp-includes/images/smilies/about.php

[1 occurrence(s)]
DEBUG --> [REQ_ID=929f80379583] [REQUEST][END]

[1 occurrence(s)]
DEBUG --> [REQ_ID=131baebf1bd3] [REQUEST][START] GET /wp-includes/js/crop

[1 occurrence(s)]
DEBUG --> [REQ_ID=131baebf1bd3] [REQUEST][END]

[1 occurrence(s)]
DEBUG --> [REQ_ID=2f72a56029f7] [REQUEST][START] GET /wp-mail.php

[1 occurrence(s)]
DEBUG --> [REQ_ID=2f72a56029f7] [FILTER_BEFORE] /wp-mail.php

[1 occurrence(s)]
DEBUG --> [REQ_ID=2f72a56029f7] [ROUTE] Controller=\App\Modules\PropFirms\Controllers\PropFirmsController Method=index

[1 occurrence(s)]
DEBUG --> [REQ_ID=2f72a56029f7] [LIFECYCLE][START] GET https://mymiwallet.com/index.php/wp-mail.php

[1 occurrence(s)]
DEBUG --> [REQ_ID=2f72a56029f7] [REQUEST][END]

[1 occurrence(s)]
DEBUG --> [REQ_ID=217a66ae28bf] [REQUEST][START] GET /o.php

[1 occurrence(s)]
DEBUG --> [REQ_ID=217a66ae28bf] [FILTER_BEFORE] /o.php

[1 occurrence(s)]
DEBUG --> [REQ_ID=217a66ae28bf] [ROUTE] Controller=\App\Modules\PropFirms\Controllers\PropFirmsController Method=index

[1 occurrence(s)]
DEBUG --> [REQ_ID=217a66ae28bf] [LIFECYCLE][START] GET https://mymiwallet.com/index.php/o.php

[1 occurrence(s)]
DEBUG --> [REQ_ID=217a66ae28bf] [REQUEST][END]

[1 occurrence(s)]
DEBUG --> [REQ_ID=926fb341dd1e] [REQUEST][START] GET /bb.php

[1 occurrence(s)]
DEBUG --> [REQ_ID=926fb341dd1e] [FILTER_BEFORE] /bb.php

[1 occurrence(s)]
DEBUG --> [REQ_ID=926fb341dd1e] [ROUTE] Controller=\App\Modules\PropFirms\Controllers\PropFirmsController Method=index

[1 occurrence(s)]
DEBUG --> [REQ_ID=926fb341dd1e] [LIFECYCLE][START] GET https://mymiwallet.com/index.php/bb.php

[1 occurrence(s)]
DEBUG --> [REQ_ID=926fb341dd1e] [REQUEST][END]

[1 occurrence(s)]
DEBUG --> [REQ_ID=a155940e5d88] [REQUEST][START] GET /wp-admin/maint/admin.php

[1 occurrence(s)]
DEBUG --> [REQ_ID=a155940e5d88] [REQUEST][END]

[1 occurrence(s)]
DEBUG --> [REQ_ID=7d12bd9fc94e] [REQUEST][START] GET /wp-admin/network

[1 occurrence(s)]
DEBUG --> [REQ_ID=7d12bd9fc94e] [REQUEST][END]

[1 occurrence(s)]
DEBUG --> [REQ_ID=f7657ea4bcd4] [REQUEST][START] GET /wp-includes/IXR/index.php

[1 occurrence(s)]
DEBUG --> [REQ_ID=f7657ea4bcd4] [REQUEST][END]

[1 occurrence(s)]
DEBUG --> [REQ_ID=839ab11beba0] [REQUEST][START] GET /xmrlpc.php

[1 occurrence(s)]
DEBUG --> [REQ_ID=839ab11beba0] [FILTER_BEFORE] /xmrlpc.php

[1 occurrence(s)]
DEBUG --> [REQ_ID=839ab11beba0] [ROUTE] Controller=\App\Modules\PropFirms\Controllers\PropFirmsController Method=index

[1 occurrence(s)]
DEBUG --> [REQ_ID=839ab11beba0] [LIFECYCLE][START] GET https://mymiwallet.com/index.php/xmrlpc.php

[1 occurrence(s)]
DEBUG --> [REQ_ID=839ab11beba0] [REQUEST][END]

[1 occurrence(s)]
DEBUG --> [REQ_ID=2832fda5b0f3] [REQUEST][START] GET /epinyins.php

[1 occurrence(s)]
DEBUG --> [REQ_ID=2832fda5b0f3] [FILTER_BEFORE] /epinyins.php

[1 occurrence(s)]
DEBUG --> [REQ_ID=2832fda5b0f3] [ROUTE] Controller=\App\Modules\PropFirms\Controllers\PropFirmsController Method=index

[1 occurrence(s)]
DEBUG --> [REQ_ID=2832fda5b0f3] [LIFECYCLE][START] GET https://mymiwallet.com/index.php/epinyins.php

[1 occurrence(s)]
DEBUG --> [REQ_ID=2832fda5b0f3] [REQUEST][END]

[1 occurrence(s)]
DEBUG --> [REQ_ID=62a7cc257911] [REQUEST][START] GET /wp-admin/css/index.php

[1 occurrence(s)]
DEBUG --> [REQ_ID=62a7cc257911] [REQUEST][END]

[1 occurrence(s)]
DEBUG --> [REQ_ID=8c72fff02dfe] [REQUEST][START] GET /wp-includes/php-compat

[1 occurrence(s)]
DEBUG --> [REQ_ID=8c72fff02dfe] [REQUEST][END]

[1 occurrence(s)]
DEBUG --> [REQ_ID=45b32bd0b1e7] [REQUEST][START] GET /wp-includes/style-engine/index.php

[1 occurrence(s)]
DEBUG --> [REQ_ID=45b32bd0b1e7] [REQUEST][END]

[1 occurrence(s)]
DEBUG --> [REQ_ID=87ccd0d9ff17] [REQUEST][START] GET /wp-admin/css/colors/coffee/index.php

[1 occurrence(s)]
DEBUG --> [REQ_ID=87ccd0d9ff17] [REQUEST][END]

[1 occurrence(s)]
DEBUG --> [REQ_ID=311d6222c408] [REQUEST][START] GET /wp.php

[1 occurrence(s)]
DEBUG --> [REQ_ID=311d6222c408] [FILTER_BEFORE] /wp.php

[1 occurrence(s)]
DEBUG --> [REQ_ID=311d6222c408] [ROUTE] Controller=\App\Modules\PropFirms\Controllers\PropFirmsController Method=index

[1 occurrence(s)]
DEBUG --> [REQ_ID=311d6222c408] [LIFECYCLE][START] GET https://mymiwallet.com/index.php/wp.php

[1 occurrence(s)]
DEBUG --> [REQ_ID=311d6222c408] [REQUEST][END]

[1 occurrence(s)]
DEBUG --> [REQ_ID=ceec8c8d7938] [REQUEST][START] GET /function/function.php

[1 occurrence(s)]
DEBUG --> [REQ_ID=ceec8c8d7938] [REQUEST][END]

[1 occurrence(s)]
DEBUG --> [REQ_ID=1487c1e98e7f] [REQUEST][START] GET /wp-includes/style-engine/autoload_classmap.php

[1 occurrence(s)]
DEBUG --> [REQ_ID=1487c1e98e7f] [REQUEST][END]

[1 occurrence(s)]
DEBUG --> [REQ_ID=4fcd72455873] [REQUEST][START] GET /wp-includes/SimplePie/admin.php

[1 occurrence(s)]
DEBUG --> [REQ_ID=4fcd72455873] [REQUEST][END]

[1 occurrence(s)]
DEBUG --> [REQ_ID=15c65b740665] [REQUEST][START] GET /ok.php

[1 occurrence(s)]
DEBUG --> [REQ_ID=15c65b740665] [FILTER_BEFORE] /ok.php

[1 occurrence(s)]
DEBUG --> [REQ_ID=15c65b740665] [ROUTE] Controller=\App\Modules\PropFirms\Controllers\PropFirmsController Method=index

[1 occurrence(s)]
DEBUG --> [REQ_ID=15c65b740665] [LIFECYCLE][START] GET https://mymiwallet.com/index.php/ok.php

[1 occurrence(s)]
DEBUG --> [REQ_ID=15c65b740665] [REQUEST][END]

[1 occurrence(s)]
DEBUG --> [REQ_ID=4afceaf5957b] [REQUEST][START] GET /item.php

[1 occurrence(s)]
DEBUG --> [REQ_ID=4afceaf5957b] [FILTER_BEFORE] /item.php

[1 occurrence(s)]
DEBUG --> [REQ_ID=4afceaf5957b] [ROUTE] Controller=\App\Modules\PropFirms\Controllers\PropFirmsController Method=index

[1 occurrence(s)]
DEBUG --> [REQ_ID=4afceaf5957b] [LIFECYCLE][START] GET https://mymiwallet.com/index.php/item.php

[1 occurrence(s)]
DEBUG --> [REQ_ID=4afceaf5957b] [REQUEST][END]

[1 occurrence(s)]
DEBUG --> [REQ_ID=d8432a53c49a] [REQUEST][START] GET /byp.php

[1 occurrence(s)]
DEBUG --> [REQ_ID=d8432a53c49a] [FILTER_BEFORE] /byp.php

[1 occurrence(s)]
DEBUG --> [REQ_ID=d8432a53c49a] [ROUTE] Controller=\App\Modules\PropFirms\Controllers\PropFirmsController Method=index

[1 occurrence(s)]
DEBUG --> [REQ_ID=d8432a53c49a] [LIFECYCLE][START] GET https://mymiwallet.com/index.php/byp.php

[1 occurrence(s)]
DEBUG --> [REQ_ID=d8432a53c49a] [REQUEST][END]

[1 occurrence(s)]
DEBUG --> [REQ_ID=c5c03c282a78] [REQUEST][START] GET /index.php/API/Alerts/fetchEmailAlerts

[1 occurrence(s)]
DEBUG --> [REQ_ID=c5c03c282a78] [FILTER_BEFORE] /index.php/API/Alerts/fetchEmailAlerts

[1 occurrence(s)]
DEBUG --> [REQ_ID=c5c03c282a78] [ROUTE] Controller=\App\Modules\APIs\Controllers\AlertsAPIController Method=fetchEmailAlerts

[1 occurrence(s)]
DEBUG --> [REQ_ID=c5c03c282a78] [LIFECYCLE][START] GET https://mymiwallet.com/index.php/API/Alerts/fetchEmailAlerts

[1 occurrence(s)]
DEBUG --> [REQ_ID=c5c03c282a78] [REQUEST][END]

[1 occurrence(s)]
DEBUG --> [REQ_ID=41fa8bc0870f] [REQUEST][START] GET /index.php/Legal/Privacy-Policy

[1 occurrence(s)]
DEBUG --> [REQ_ID=41fa8bc0870f] [REQUEST][END]

[1 occurrence(s)]
DEBUG --> [REQ_ID=e9dc7c97b48c] [REQUEST][START] GET /Stock/NYSE/GEO

[1 occurrence(s)]
DEBUG --> [REQ_ID=e9dc7c97b48c] [REQUEST][END]

[1 occurrence(s)]
DEBUG --> [REQ_ID=20fe9f70953b] [REQUEST][START] GET /Releases

[1 occurrence(s)]
DEBUG --> [REQ_ID=20fe9f70953b] [FILTER_BEFORE] /Releases

[1 occurrence(s)]
DEBUG --> [REQ_ID=20fe9f70953b] [ROUTE] Controller=\App\Modules\PropFirms\Controllers\PropFirmsController Method=index

[1 occurrence(s)]
DEBUG --> [REQ_ID=20fe9f70953b] [LIFECYCLE][START] GET https://mymiwallet.com/index.php/Releases

[6 occurrence(s)]
DEBUG --> [CSRF] token name=csrf_test_name hash=be5a7b8620dfa61054f57ce105166e8a

[1 occurrence(s)]
DEBUG --> [REQ_ID=20fe9f70953b] [REQUEST][END]

[1 occurrence(s)]
DEBUG --> [REQ_ID=cb5892e480a0] [REQUEST][START] GET /index.php/login

[1 occurrence(s)]
DEBUG --> [REQ_ID=cb5892e480a0] [FILTER_BEFORE] /index.php/login

[1 occurrence(s)]
DEBUG --> [REQ_ID=cb5892e480a0] [ROUTE] Controller=\App\Controllers\AuthController Method=login

[1 occurrence(s)]
DEBUG --> [REQ_ID=cb5892e480a0] [LIFECYCLE][START] GET https://mymiwallet.com/index.php/login

[1 occurrence(s)]
DEBUG --> [REQ_ID=9ce2af28cd4c] [INIT] App\Controllers\AuthController::GET

[1 occurrence(s)]
DEBUG --> [REQ_ID=cb5892e480a0] [FILTER_AFTER]

[1 occurrence(s)]
DEBUG --> [REQ_ID=cb5892e480a0] [LIFECYCLE][END] status=200 duration_ms=83.98 memory_delta=2097152

[1 occurrence(s)]
DEBUG --> [REQ_ID=cb5892e480a0] [REQUEST][END]

[1 occurrence(s)]
DEBUG --> [REQ_ID=7e865b179399] [REQUEST][START] GET /index.php/How-It-Works

[1 occurrence(s)]
DEBUG --> [REQ_ID=7e865b179399] [FILTER_BEFORE] /index.php/How-It-Works

[1 occurrence(s)]
DEBUG --> [REQ_ID=7e865b179399] [ROUTE] Controller=\App\Modules\Blog\Controllers\HowItWorksController Method=index

[1 occurrence(s)]
DEBUG --> [REQ_ID=7e865b179399] [LIFECYCLE][START] GET https://mymiwallet.com/index.php/How-It-Works

[1 occurrence(s)]
DEBUG --> [REQ_ID=48bc036f3c03] [INIT] App\Modules\Blog\Controllers\HowItWorksController::GET

[1 occurrence(s)]
DEBUG --> [REQ_ID=48bc036f3c03] [METHOD_ENTRY] index

[1 occurrence(s)]
DEBUG --> [REQ_ID=7e865b179399] [FILTER_AFTER]

[1 occurrence(s)]
DEBUG --> [REQ_ID=7e865b179399] [LIFECYCLE][END] status=200 duration_ms=599.95 memory_delta=4194304

[1 occurrence(s)]
DEBUG --> [REQ_ID=7e865b179399] [REQUEST][END]

[1 occurrence(s)]
DEBUG --> [REQ_ID=60f8acd133d4] [REQUEST][START] GET /index.php/login

[1 occurrence(s)]
DEBUG --> [REQ_ID=60f8acd133d4] [FILTER_BEFORE] /index.php/login

[1 occurrence(s)]
DEBUG --> [REQ_ID=60f8acd133d4] [ROUTE] Controller=\App\Controllers\AuthController Method=login

[1 occurrence(s)]
DEBUG --> [REQ_ID=60f8acd133d4] [LIFECYCLE][START] GET https://mymiwallet.com/index.php/login

[1 occurrence(s)]
DEBUG --> [REQ_ID=5f81967fc675] [INIT] App\Controllers\AuthController::GET

[1 occurrence(s)]
DEBUG --> [REQ_ID=60f8acd133d4] [FILTER_AFTER]

[1 occurrence(s)]
DEBUG --> [REQ_ID=60f8acd133d4] [LIFECYCLE][END] status=200 duration_ms=40.75 memory_delta=0

[1 occurrence(s)]
DEBUG --> [REQ_ID=60f8acd133d4] [REQUEST][END]

[1 occurrence(s)]
DEBUG --> [REQ_ID=71f8c30903bf] [REQUEST][START] GET /index.php/

[1 occurrence(s)]
DEBUG --> [REQ_ID=71f8c30903bf] [FILTER_BEFORE] /index.php/

[1 occurrence(s)]
DEBUG --> [REQ_ID=71f8c30903bf] [ROUTE] Controller=\App\Controllers\Home Method=index

[1 occurrence(s)]
DEBUG --> [REQ_ID=71f8c30903bf] [LIFECYCLE][START] GET https://mymiwallet.com/index.php/

[1 occurrence(s)]
DEBUG --> [REQ_ID=7b7693c4fe6f] [INIT] App\Controllers\Home::GET

[1 occurrence(s)]
DEBUG --> [REQ_ID=7b7693c4fe6f] [VIEW_RENDER] themes/public/home

[1 occurrence(s)]
DEBUG --> [REQ_ID=71f8c30903bf] [FILTER_AFTER]

[1 occurrence(s)]
DEBUG --> [REQ_ID=71f8c30903bf] [LIFECYCLE][END] status=200 duration_ms=543.71 memory_delta=4194304

[1 occurrence(s)]
DEBUG --> [REQ_ID=71f8c30903bf] [REQUEST][END]

[1 occurrence(s)]
DEBUG --> [REQ_ID=59b9454497fa] [REQUEST][START] GET /index.php/login

[1 occurrence(s)]
DEBUG --> [REQ_ID=59b9454497fa] [FILTER_BEFORE] /index.php/login

[1 occurrence(s)]
DEBUG --> [REQ_ID=59b9454497fa] [ROUTE] Controller=\App\Controllers\AuthController Method=login

[1 occurrence(s)]
DEBUG --> [REQ_ID=59b9454497fa] [LIFECYCLE][START] GET https://mymiwallet.com/index.php/login

[1 occurrence(s)]
DEBUG --> [REQ_ID=c150fe7cb019] [INIT] App\Controllers\AuthController::GET

[1 occurrence(s)]
DEBUG --> [REQ_ID=59b9454497fa] [FILTER_AFTER]

[1 occurrence(s)]
DEBUG --> [REQ_ID=59b9454497fa] [LIFECYCLE][END] status=200 duration_ms=34.70 memory_delta=0

[1 occurrence(s)]
DEBUG --> [REQ_ID=59b9454497fa] [REQUEST][END]

[1 occurrence(s)]
DEBUG --> [REQ_ID=585cc979863e] [REQUEST][START] GET /index.php

[1 occurrence(s)]
DEBUG --> [REQ_ID=585cc979863e] [FILTER_BEFORE] /index.php

[1 occurrence(s)]
DEBUG --> [REQ_ID=585cc979863e] [ROUTE] Controller=\App\Controllers\Home Method=index

[1 occurrence(s)]
DEBUG --> [REQ_ID=585cc979863e] [LIFECYCLE][START] GET https://mymiwallet.com/index.php/

[3 occurrence(s)]
DEBUG --> [CSRF] token name=csrf_test_name hash=78524ad769d85ecfa76610422a786d6f

[1 occurrence(s)]
DEBUG --> [REQ_ID=b242edcb8b4c] [INIT] App\Controllers\Home::GET

[1 occurrence(s)]
DEBUG --> [REQ_ID=b242edcb8b4c] [VIEW_RENDER] themes/public/home

[1 occurrence(s)]
DEBUG --> [REQ_ID=585cc979863e] [FILTER_AFTER]

[1 occurrence(s)]
DEBUG --> [REQ_ID=585cc979863e] [LIFECYCLE][END] status=200 duration_ms=653.49 memory_delta=4194304

[1 occurrence(s)]
DEBUG --> [REQ_ID=585cc979863e] [REQUEST][END]

[1 occurrence(s)]
DEBUG --> [REQ_ID=a03a6d0c7e96] [REQUEST][START] GET /index.php/login?_gl=1*k6wqil*_ga*MTc1NDYwMjM1LjE3NzEwODc5Njk.*_ga_2FS4BNS0SL*czE3NzY0OTE3NDQkbzM5JGcwJHQxNzc2NDkxNzQ0JGo2MCRsMCRoMA..

[1 occurrence(s)]
DEBUG --> [REQ_ID=a03a6d0c7e96] [FILTER_BEFORE] /index.php/login?_gl=1*k6wqil*_ga*MTc1NDYwMjM1LjE3NzEwODc5Njk.*_ga_2FS4BNS0SL*czE3NzY0OTE3NDQkbzM5JGcwJHQxNzc2NDkxNzQ0JGo2MCRsMCRoMA..

[1 occurrence(s)]
DEBUG --> [REQ_ID=a03a6d0c7e96] [ROUTE] Controller=\App\Controllers\AuthController Method=login

[1 occurrence(s)]
DEBUG --> [REQ_ID=a03a6d0c7e96] [LIFECYCLE][START] GET https://mymiwallet.com/index.php/login?_gl=1%2Ak6wqil%2A_ga%2AMTc1NDYwMjM1LjE3NzEwODc5Njk.%2A_ga_2FS4BNS0SL%2AczE3NzY0OTE3NDQkbzM5JGcwJHQxNzc2NDkxNzQ0JGo2MCRsMCRoMA..

[1 occurrence(s)]
DEBUG --> [REQ_ID=5b1773dad106] [INIT] App\Controllers\AuthController::GET

[1 occurrence(s)]
DEBUG --> [REQ_ID=35a7e609bf17] [REQUEST][START] GET /index.php

[1 occurrence(s)]
DEBUG --> [REQ_ID=35a7e609bf17] [FILTER_BEFORE] /index.php

[1 occurrence(s)]
DEBUG --> [REQ_ID=35a7e609bf17] [ROUTE] Controller=\App\Controllers\Home Method=index

[1 occurrence(s)]
DEBUG --> [REQ_ID=35a7e609bf17] [LIFECYCLE][START] GET https://mymiwallet.com/index.php/

[1 occurrence(s)]
DEBUG --> [REQ_ID=60c715c26a36] [INIT] App\Controllers\Home::GET

[1 occurrence(s)]
DEBUG --> [REQ_ID=60c715c26a36] [VIEW_RENDER] themes/public/home

[1 occurrence(s)]
DEBUG --> [REQ_ID=35a7e609bf17] [FILTER_AFTER]

[1 occurrence(s)]
DEBUG --> [REQ_ID=35a7e609bf17] [LIFECYCLE][END] status=200 duration_ms=514.49 memory_delta=4194304

[1 occurrence(s)]
DEBUG --> [REQ_ID=35a7e609bf17] [REQUEST][END]

[1 occurrence(s)]
DEBUG --> [REQ_ID=600e96806248] [REQUEST][START] GET /index.php/API/Management/Run-CRON-Tasks

[1 occurrence(s)]
DEBUG --> [REQ_ID=600e96806248] [FILTER_BEFORE] /index.php/API/Management/Run-CRON-Tasks

[1 occurrence(s)]
DEBUG --> [REQ_ID=600e96806248] [ROUTE] Controller=\App\Modules\APIs\Controllers\ManagementAPIController Method=Run_CRON_Tasks

[1 occurrence(s)]
DEBUG --> [REQ_ID=600e96806248] [LIFECYCLE][START] GET https://mymiwallet.com/index.php/API/Management/Run-CRON-Tasks

[1 occurrence(s)]
DEBUG --> [REQ_ID=600e96806248] [REQUEST][END]

[1 occurrence(s)]
DEBUG --> [REQ_ID=72cb7b666540] [REQUEST][START] GET /index.php/API/Alerts/fetchEmailAlerts

[1 occurrence(s)]
DEBUG --> [REQ_ID=72cb7b666540] [FILTER_BEFORE] /index.php/API/Alerts/fetchEmailAlerts

[1 occurrence(s)]
DEBUG --> [REQ_ID=72cb7b666540] [ROUTE] Controller=\App\Modules\APIs\Controllers\AlertsAPIController Method=fetchEmailAlerts

[1 occurrence(s)]
DEBUG --> [REQ_ID=72cb7b666540] [LIFECYCLE][START] GET https://mymiwallet.com/index.php/API/Alerts/fetchEmailAlerts

[1 occurrence(s)]
DEBUG --> [REQ_ID=72cb7b666540] [REQUEST][END]

[1 occurrence(s)]
DEBUG --> [REQ_ID=d494ec535ad9] [REQUEST][START] GET /

[1 occurrence(s)]
DEBUG --> [REQ_ID=d494ec535ad9] [FILTER_BEFORE] /

[1 occurrence(s)]
DEBUG --> [REQ_ID=d494ec535ad9] [ROUTE] Controller=\App\Controllers\Home Method=index

[1 occurrence(s)]
DEBUG --> [REQ_ID=d494ec535ad9] [LIFECYCLE][START] GET https://mymiwallet.com/index.php/

[1 occurrence(s)]
DEBUG --> [CSRF] token name=csrf_test_name hash=9510c932c02d23ae4f3b399633eceae0

[1 occurrence(s)]
DEBUG --> [REQ_ID=3faecb811c4d] [INIT] App\Controllers\Home::GET

[1 occurrence(s)]
DEBUG --> [REQ_ID=3faecb811c4d] [VIEW_RENDER] themes/public/home

[1 occurrence(s)]
DEBUG --> [REQ_ID=d494ec535ad9] [FILTER_AFTER]

[1 occurrence(s)]
DEBUG --> [REQ_ID=d494ec535ad9] [LIFECYCLE][END] status=200 duration_ms=696.61 memory_delta=4194304

[1 occurrence(s)]
DEBUG --> [REQ_ID=d494ec535ad9] [REQUEST][END]

[1 occurrence(s)]
DEBUG --> [REQ_ID=7e3e25fdc689] [REQUEST][START] GET /index.php/Free/register

[1 occurrence(s)]
DEBUG --> [REQ_ID=7e3e25fdc689] [REQUEST][END]

[1 occurrence(s)]
DEBUG --> [REQ_ID=c9928e5b9177] [REQUEST][START] GET /index.php/Free/register

[1 occurrence(s)]
DEBUG --> [REQ_ID=c9928e5b9177] [REQUEST][END]

[1 occurrence(s)]
DEBUG --> [REQ_ID=3948bea452ff] [REQUEST][START] GET /

[1 occurrence(s)]
DEBUG --> [REQ_ID=3948bea452ff] [FILTER_BEFORE] /

[1 occurrence(s)]
DEBUG --> [REQ_ID=3948bea452ff] [ROUTE] Controller=\App\Controllers\Home Method=index

[1 occurrence(s)]
DEBUG --> [REQ_ID=3948bea452ff] [LIFECYCLE][START] GET https://mymiwallet.com/index.php/

[1 occurrence(s)]
DEBUG --> [CSRF] token name=csrf_test_name hash=de5aeb1872bf50df1f0eeaead8d8f148

[1 occurrence(s)]
DEBUG --> [REQ_ID=897f486dca6f] [INIT] App\Controllers\Home::GET

[1 occurrence(s)]
DEBUG --> [REQ_ID=897f486dca6f] [VIEW_RENDER] themes/public/home

[1 occurrence(s)]
DEBUG --> [REQ_ID=3948bea452ff] [FILTER_AFTER]

[1 occurrence(s)]
DEBUG --> [REQ_ID=3948bea452ff] [LIFECYCLE][END] status=200 duration_ms=727.32 memory_delta=4194304

[1 occurrence(s)]
DEBUG --> [REQ_ID=3948bea452ff] [REQUEST][END]

[1 occurrence(s)]
DEBUG --> [REQ_ID=45ce0fd74b63] [REQUEST][START] GET /xmlrpc.php

[1 occurrence(s)]
DEBUG --> [REQ_ID=45ce0fd74b63] [FILTER_BEFORE] /xmlrpc.php

[1 occurrence(s)]
DEBUG --> [REQ_ID=45ce0fd74b63] [ROUTE] Controller=\App\Modules\PropFirms\Controllers\PropFirmsController Method=index

[1 occurrence(s)]
DEBUG --> [REQ_ID=45ce0fd74b63] [LIFECYCLE][START] GET https://mymiwallet.com/index.php/xmlrpc.php

[2 occurrence(s)]
DEBUG --> [CSRF] token name=csrf_test_name hash=65cbbce9f414644d08640b146eeea533

[1 occurrence(s)]
DEBUG --> [REQ_ID=45ce0fd74b63] [REQUEST][END]

[1 occurrence(s)]
DEBUG --> [REQ_ID=7db88f9be804] [REQUEST][START] GET /index.php/login

[1 occurrence(s)]
DEBUG --> [REQ_ID=7db88f9be804] [FILTER_BEFORE] /index.php/login

[1 occurrence(s)]
DEBUG --> [REQ_ID=7db88f9be804] [ROUTE] Controller=\App\Controllers\AuthController Method=login

[1 occurrence(s)]
DEBUG --> [REQ_ID=7db88f9be804] [LIFECYCLE][START] GET https://mymiwallet.com/index.php/login

[1 occurrence(s)]
DEBUG --> [REQ_ID=1092b01bcb38] [INIT] App\Controllers\AuthController::GET

[1 occurrence(s)]
DEBUG --> [REQ_ID=7db88f9be804] [FILTER_AFTER]

[1 occurrence(s)]
DEBUG --> [REQ_ID=7db88f9be804] [LIFECYCLE][END] status=200 duration_ms=143.36 memory_delta=2097152

[1 occurrence(s)]
DEBUG --> [REQ_ID=7db88f9be804] [REQUEST][END]

[1 occurrence(s)]
DEBUG --> [REQ_ID=e215767ffd3a] [REQUEST][START] GET /Free

[1 occurrence(s)]
DEBUG --> [REQ_ID=e215767ffd3a] [FILTER_BEFORE] /Free

[1 occurrence(s)]
DEBUG --> [REQ_ID=e215767ffd3a] [ROUTE] Controller=\App\Modules\PropFirms\Controllers\PropFirmsController Method=index

[1 occurrence(s)]
DEBUG --> [REQ_ID=e215767ffd3a] [LIFECYCLE][START] GET https://mymiwallet.com/index.php/Free

[2 occurrence(s)]
DEBUG --> [CSRF] token name=csrf_test_name hash=778c505bb0397bb24b3daaf60efcbac9

[1 occurrence(s)]
DEBUG --> [REQ_ID=e215767ffd3a] [REQUEST][END]

[1 occurrence(s)]
DEBUG --> [REQ_ID=079717b81203] [REQUEST][START] GET /

[1 occurrence(s)]
DEBUG --> [REQ_ID=079717b81203] [FILTER_BEFORE] /

[1 occurrence(s)]
DEBUG --> [REQ_ID=079717b81203] [ROUTE] Controller=\App\Controllers\Home Method=index

[1 occurrence(s)]
DEBUG --> [REQ_ID=079717b81203] [LIFECYCLE][START] GET https://mymiwallet.com/index.php/

[1 occurrence(s)]
DEBUG --> [REQ_ID=6f7d8ef429d5] [INIT] App\Controllers\Home::GET

[1 occurrence(s)]
DEBUG --> [REQ_ID=6f7d8ef429d5] [VIEW_RENDER] themes/public/home

[1 occurrence(s)]
DEBUG --> [REQ_ID=079717b81203] [FILTER_AFTER]

[1 occurrence(s)]
DEBUG --> [REQ_ID=079717b81203] [LIFECYCLE][END] status=200 duration_ms=680.93 memory_delta=4194304

[1 occurrence(s)]
DEBUG --> [REQ_ID=079717b81203] [REQUEST][END]

[1 occurrence(s)]
DEBUG --> [REQ_ID=fc47eafbb272] [REQUEST][START] GET /index.php/API/Management/Run-CRON-Tasks

[1 occurrence(s)]
DEBUG --> [REQ_ID=fc47eafbb272] [FILTER_BEFORE] /index.php/API/Management/Run-CRON-Tasks

[1 occurrence(s)]
DEBUG --> [REQ_ID=fc47eafbb272] [ROUTE] Controller=\App\Modules\APIs\Controllers\ManagementAPIController Method=Run_CRON_Tasks

[1 occurrence(s)]
DEBUG --> [REQ_ID=fc47eafbb272] [LIFECYCLE][START] GET https://mymiwallet.com/index.php/API/Management/Run-CRON-Tasks

[1 occurrence(s)]
DEBUG --> [REQ_ID=fc47eafbb272] [REQUEST][END]


---------------------------
LEVEL: INFO
---------------------------

[1 occurrence(s)]
INFO --> [REQ_ID=05f5aa4950fe] [PERF] Execution time=0.037726

[1 occurrence(s)]
INFO --> [REQ_ID=f308fb06bafe] [PERF] Execution time=0.037031

[1 occurrence(s)]
INFO --> [REQ_ID=4fd9a2142192] [PERF] Execution time=0.035815

[1 occurrence(s)]
INFO --> [REQ_ID=426d7041b63a] [PERF] Execution time=0.063871

[1 occurrence(s)]
INFO --> [REQ_ID=9c89960c91d7] [MEMORY][controller-start] 4194304

[109 occurrence(s)]
INFO --> [AUTH_VIEW] Rendering login view

[1 occurrence(s)]
INFO --> [REQ_ID=9c89960c91d7] [PERF] Execution time=0.134767

[1 occurrence(s)]
INFO --> [REQ_ID=2f9a7d866673] [PERF] Execution time=0.149297

[1 occurrence(s)]
INFO --> [REQ_ID=f7995035e9c1] [PERF] Execution time=0.017802

[1 occurrence(s)]
INFO --> [REQ_ID=c497d0ca5cab] [PERF] Execution time=0.034731

[1 occurrence(s)]
INFO --> [REQ_ID=d023f4a143c9] [MEMORY][controller-start] 4194304

[1 occurrence(s)]
INFO --> [REQ_ID=d023f4a143c9] [MEMORY][commonData:start] 6291456

[1 occurrence(s)]
INFO --> [PERF][HOME] buildCommonData complete in 524.95ms

[1 occurrence(s)]
INFO --> [PERF][HOME] index commonData done in 525.49ms

[1 occurrence(s)]
INFO --> [REQ_ID=d023f4a143c9] [MEMORY][commonData:start] 8388608

[21 occurrence(s)]
INFO --> themesMemory usage: 8388608

[1 occurrence(s)]
INFO --> [PERF][HOME] index renderTheme done in 18.07ms

[1 occurrence(s)]
INFO --> [REQ_ID=d023f4a143c9] [PERF] Execution time=0.689034

[1 occurrence(s)]
INFO --> [REQ_ID=2f6aca7668dd] [PERF] Execution time=0.702943

[1 occurrence(s)]
INFO --> [REQ_ID=124d3f7d619f] [MEMORY][controller-start] 6291456

[1 occurrence(s)]
INFO --> [REQ_ID=124d3f7d619f] [PERF] Execution time=0.072255

[1 occurrence(s)]
INFO --> [REQ_ID=1d266a77426f] [PERF] Execution time=0.085572

[1 occurrence(s)]
INFO --> [REQ_ID=028e3bc9e84f] [PERF] Execution time=0.016680

[1 occurrence(s)]
INFO --> [REQ_ID=5ba68d8ec6d2] [MEMORY][controller-start] 4194304

[1 occurrence(s)]
INFO --> [REQ_ID=5ba68d8ec6d2] [PERF] Execution time=0.041021

[1 occurrence(s)]
INFO --> [REQ_ID=b9d1bdc50c15] [PERF] Execution time=0.055637

[1 occurrence(s)]
INFO --> [REQ_ID=531b81071d55] [MEMORY][controller-start] 6291456

[1 occurrence(s)]
INFO --> [REQ_ID=531b81071d55] [MEMORY][commonData:start] 8388608

[1 occurrence(s)]
INFO --> [PERF][HOME] buildCommonData complete in 517.67ms

[1 occurrence(s)]
INFO --> [PERF][HOME] index commonData done in 518.21ms

[1 occurrence(s)]
INFO --> [REQ_ID=531b81071d55] [MEMORY][commonData:start] 10485760

[11 occurrence(s)]
INFO --> themesMemory usage: 10485760

[1 occurrence(s)]
INFO --> [PERF][HOME] index renderTheme done in 6.81ms

[1 occurrence(s)]
INFO --> [REQ_ID=531b81071d55] [PERF] Execution time=0.614123

[1 occurrence(s)]
INFO --> [REQ_ID=36c5ad781949] [PERF] Execution time=0.653155

[1 occurrence(s)]
INFO --> [REQ_ID=c7d7106d6ca1] [PERF] Execution time=0.035633

[1 occurrence(s)]
INFO --> [REQ_ID=9e4c3ad148dc] [MEMORY][controller-start] 6291456

[1 occurrence(s)]
INFO --> [REQ_ID=9e4c3ad148dc] [PERF] Execution time=0.110557

[1 occurrence(s)]
INFO --> [REQ_ID=384990ea1939] [PERF] Execution time=0.155886

[1 occurrence(s)]
INFO --> [REQ_ID=a5e995712df0] [PERF] Execution time=0.077873

[1 occurrence(s)]
INFO --> [REQ_ID=63e2f1640f5f] [PERF] Execution time=0.036481

[1 occurrence(s)]
INFO --> [REQ_ID=3d29f918d2a5] [PERF] Execution time=0.051299

[1 occurrence(s)]
INFO --> [REQ_ID=96556611da0c] [PERF] Execution time=0.016481

[1 occurrence(s)]
INFO --> [REQ_ID=73c11a08380d] [MEMORY][controller-start] 4194304

[1 occurrence(s)]
INFO --> [REQ_ID=73c11a08380d] [PERF] Execution time=0.061198

[1 occurrence(s)]
INFO --> [REQ_ID=6e1292a050d1] [PERF] Execution time=0.080273

[1 occurrence(s)]
INFO --> [REQ_ID=d15e7a60921f] [MEMORY][controller-start] 6291456

[1 occurrence(s)]
INFO --> [REQ_ID=d15e7a60921f] [PERF] Execution time=0.210856

[1 occurrence(s)]
INFO --> [REQ_ID=5404e9bd6caf] [PERF] Execution time=0.254523

[1 occurrence(s)]
INFO --> [REQ_ID=8417e9d3d38d] [PERF] Execution time=0.035525

[1 occurrence(s)]
INFO --> [REQ_ID=bd61a2ee486c] [PERF] Execution time=0.008971

[1 occurrence(s)]
INFO --> [REQ_ID=1649f990be31] [MEMORY][controller-start] 4194304

[1 occurrence(s)]
INFO --> [REQ_ID=1649f990be31] [MEMORY][commonData:start] 6291456

[1 occurrence(s)]
INFO --> [PERF][HOME] buildCommonData complete in 539.13ms

[1 occurrence(s)]
INFO --> [PERF][HOME] index commonData done in 539.79ms

[1 occurrence(s)]
INFO --> [REQ_ID=1649f990be31] [MEMORY][commonData:start] 8388608

[1 occurrence(s)]
INFO --> [PERF][HOME] index renderTheme done in 19.3ms

[1 occurrence(s)]
INFO --> [REQ_ID=1649f990be31] [PERF] Execution time=0.601361

[1 occurrence(s)]
INFO --> [REQ_ID=f5b278df917a] [PERF] Execution time=0.613993

[1 occurrence(s)]
INFO --> [REQ_ID=c88fefc1e381] [PERF] Execution time=0.050290

[1 occurrence(s)]
INFO --> [REQ_ID=36d50ae0ae96] [MEMORY][controller-start] 4194304

[1 occurrence(s)]
INFO --> [REQ_ID=36d50ae0ae96] [PERF] Execution time=0.058593

[1 occurrence(s)]
INFO --> [REQ_ID=9a600067f832] [PERF] Execution time=0.074653

[1 occurrence(s)]
INFO --> [REQ_ID=1d88735d66d7] [MEMORY][controller-start] 6291456

[1 occurrence(s)]
INFO --> [REQ_ID=1d88735d66d7] [MEMORY][commonData:start] 8388608

[1 occurrence(s)]
INFO --> [REQ_ID=1d88735d66d7] [PERF] Execution time=0.636662

[1 occurrence(s)]
INFO --> [REQ_ID=c62a161679ed] [PERF] Execution time=0.676398

[1 occurrence(s)]
INFO --> [REQ_ID=4e7834ff1d10] [PERF] Execution time=0.072459

[1 occurrence(s)]
INFO --> [REQ_ID=2a43dbc0f204] [MEMORY][controller-start] 6291456

[2 occurrence(s)]
INFO --> [REGISTRATION] Form loaded

[2 occurrence(s)]
INFO --> [AUTH_VIEW] Rendering register view

[1 occurrence(s)]
INFO --> [REQ_ID=2a43dbc0f204] [PERF] Execution time=0.088357

[1 occurrence(s)]
INFO --> [REQ_ID=5396b83d8c20] [MEMORY][controller-start] 4194304

[2 occurrence(s)]
INFO --> [REQ_ID=5396b83d8c20] [MEMORY][commonData:start] 6291456

[3 occurrence(s)]
INFO --> themesMemory usage: 6291456

[1 occurrence(s)]
INFO --> [REQ_ID=5396b83d8c20] [PERF] Execution time=0.112216

[1 occurrence(s)]
INFO --> [REQ_ID=a46b215acbd7] [PERF] Execution time=0.127341

[1 occurrence(s)]
INFO --> [REQ_ID=89bef76e5cbc] [PERF] Execution time=0.050904

[1 occurrence(s)]
INFO --> [REQ_ID=3dcdab28d6a8] [MEMORY][controller-start] 4194304

[1 occurrence(s)]
INFO --> [REQ_ID=3dcdab28d6a8] [PERF] Execution time=0.171535

[1 occurrence(s)]
INFO --> [REQ_ID=8d363c0fcb5c] [PERF] Execution time=0.186518

[1 occurrence(s)]
INFO --> [REQ_ID=52da0c43445e] [MEMORY][controller-start] 6291456

[1 occurrence(s)]
INFO --> [REQ_ID=52da0c43445e] [PERF] Execution time=0.213146

[1 occurrence(s)]
INFO --> [REQ_ID=38ba3cda731b] [MEMORY][controller-start] 4194304

[2 occurrence(s)]
INFO --> [REQ_ID=38ba3cda731b] [MEMORY][commonData:start] 6291456

[1 occurrence(s)]
INFO --> [REQ_ID=38ba3cda731b] [PERF] Execution time=0.221653

[1 occurrence(s)]
INFO --> [REQ_ID=455cb22dfb61] [PERF] Execution time=0.236331

[1 occurrence(s)]
INFO --> [REQ_ID=fa2b336de7f7] [PERF] Execution time=0.017347

[1 occurrence(s)]
INFO --> [REQ_ID=05f5653fa145] [MEMORY][controller-start] 6291456

[1 occurrence(s)]
INFO --> [REQ_ID=05f5653fa145] [MEMORY][commonData:start] 8388608

[1 occurrence(s)]
INFO --> [PERF][HOME] buildCommonData complete in 552.59ms

[1 occurrence(s)]
INFO --> [PERF][HOME] index commonData done in 553.19ms

[1 occurrence(s)]
INFO --> [REQ_ID=05f5653fa145] [MEMORY][commonData:start] 10485760

[1 occurrence(s)]
INFO --> [PERF][HOME] index renderTheme done in 8.08ms

[1 occurrence(s)]
INFO --> [REQ_ID=05f5653fa145] [PERF] Execution time=0.624796

[1 occurrence(s)]
INFO --> [REQ_ID=73c912ae8ba5] [PERF] Execution time=0.664031

[1 occurrence(s)]
INFO --> [REQ_ID=40f1256d404f] [PERF] Execution time=0.043042

[1 occurrence(s)]
INFO --> [REQ_ID=c763bfec91aa] [PERF] Execution time=0.011954

[1 occurrence(s)]
INFO --> [REQ_ID=9c80e688db50] [MEMORY][controller-start] 4194304

[1 occurrence(s)]
INFO --> [REQ_ID=9c80e688db50] [PERF] Execution time=0.031396

[1 occurrence(s)]
INFO --> [REQ_ID=645ae0cf1c06] [PERF] Execution time=0.046343

[1 occurrence(s)]
INFO --> [REQ_ID=193963906e58] [PERF] Execution time=0.010202

[1 occurrence(s)]
INFO --> [REQ_ID=65aba61aa64b] [MEMORY][controller-start] 4194304

[1 occurrence(s)]
INFO --> [REQ_ID=65aba61aa64b] [PERF] Execution time=0.026472

[1 occurrence(s)]
INFO --> [REQ_ID=b17e9702e405] [PERF] Execution time=0.036287

[1 occurrence(s)]
INFO --> [REQ_ID=cd4e1004ad2a] [PERF] Execution time=0.011322

[1 occurrence(s)]
INFO --> [REQ_ID=e8bc0f04da55] [MEMORY][controller-start] 4194304

[1 occurrence(s)]
INFO --> [REQ_ID=e8bc0f04da55] [PERF] Execution time=0.027201

[1 occurrence(s)]
INFO --> [REQ_ID=0bb002f33676] [PERF] Execution time=0.036847

[1 occurrence(s)]
INFO --> [REQ_ID=eb59c3eb1de6] [PERF] Execution time=0.010646

[1 occurrence(s)]
INFO --> [REQ_ID=260b49b63098] [MEMORY][controller-start] 4194304

[1 occurrence(s)]
INFO --> [REQ_ID=260b49b63098] [PERF] Execution time=0.031401

[1 occurrence(s)]
INFO --> [REQ_ID=43042d4d8fff] [PERF] Execution time=0.041078

[1 occurrence(s)]
INFO --> [REQ_ID=1596dcc41fd8] [PERF] Execution time=0.009974

[1 occurrence(s)]
INFO --> [REQ_ID=399c165a8a6b] [MEMORY][controller-start] 4194304

[1 occurrence(s)]
INFO --> [REQ_ID=399c165a8a6b] [PERF] Execution time=0.039935

[1 occurrence(s)]
INFO --> [REQ_ID=7145b70eedf4] [PERF] Execution time=0.049657

[1 occurrence(s)]
INFO --> [REQ_ID=f532c85e6702] [PERF] Execution time=0.015795

[1 occurrence(s)]
INFO --> [REQ_ID=5e24cef9dbe4] [PERF] Execution time=0.010391

[1 occurrence(s)]
INFO --> [REQ_ID=6a14813f69c6] [MEMORY][controller-start] 4194304

[1 occurrence(s)]
INFO --> [REQ_ID=6a14813f69c6] [PERF] Execution time=0.033739

[1 occurrence(s)]
INFO --> [REQ_ID=68e4f9841d38] [PERF] Execution time=0.043189

[1 occurrence(s)]
INFO --> [REQ_ID=0953c08c7415] [PERF] Execution time=0.011802

[1 occurrence(s)]
INFO --> [REQ_ID=f925a3bbe033] [MEMORY][controller-start] 4194304

[1 occurrence(s)]
INFO --> [REQ_ID=f925a3bbe033] [PERF] Execution time=0.032503

[1 occurrence(s)]
INFO --> [REQ_ID=d7b66be55a6e] [PERF] Execution time=0.042253

[1 occurrence(s)]
INFO --> [REQ_ID=459bfdeb2c84] [PERF] Execution time=0.010404

[1 occurrence(s)]
INFO --> [REQ_ID=a7e1c22a830a] [MEMORY][controller-start] 4194304

[1 occurrence(s)]
INFO --> [REQ_ID=a7e1c22a830a] [PERF] Execution time=0.027519

[1 occurrence(s)]
INFO --> [REQ_ID=67126fc5a852] [PERF] Execution time=0.037362

[1 occurrence(s)]
INFO --> [REQ_ID=a888de248bb5] [PERF] Execution time=0.010687

[1 occurrence(s)]
INFO --> [REQ_ID=84dba57df7f3] [MEMORY][controller-start] 4194304

[1 occurrence(s)]
INFO --> [REQ_ID=84dba57df7f3] [PERF] Execution time=0.034761

[1 occurrence(s)]
INFO --> [REQ_ID=ee8a1552816a] [PERF] Execution time=0.045336

[1 occurrence(s)]
INFO --> [REQ_ID=6f2912e58d0f] [PERF] Execution time=0.010705

[1 occurrence(s)]
INFO --> [REQ_ID=37654a20a291] [MEMORY][controller-start] 4194304

[1 occurrence(s)]
INFO --> [REQ_ID=37654a20a291] [PERF] Execution time=0.029719

[1 occurrence(s)]
INFO --> [REQ_ID=c2f444476eec] [PERF] Execution time=0.039383

[1 occurrence(s)]
INFO --> [REQ_ID=f080002db73d] [PERF] Execution time=0.010145

[1 occurrence(s)]
INFO --> [REQ_ID=273f2715bfb3] [MEMORY][controller-start] 4194304

[1 occurrence(s)]
INFO --> [REQ_ID=273f2715bfb3] [PERF] Execution time=0.034372

[1 occurrence(s)]
INFO --> [REQ_ID=2ed8a4a655de] [PERF] Execution time=0.045471

[1 occurrence(s)]
INFO --> [REQ_ID=1c4e1961d794] [PERF] Execution time=0.010161

[1 occurrence(s)]
INFO --> [REQ_ID=874c38ff4d6a] [MEMORY][controller-start] 4194304

[1 occurrence(s)]
INFO --> [REQ_ID=874c38ff4d6a] [PERF] Execution time=0.034008

[1 occurrence(s)]
INFO --> [REQ_ID=24d49f0f89d9] [PERF] Execution time=0.044129

[1 occurrence(s)]
INFO --> [REQ_ID=abf5fee72738] [PERF] Execution time=0.010724

[1 occurrence(s)]
INFO --> [REQ_ID=7bafbe2043e6] [MEMORY][controller-start] 4194304

[1 occurrence(s)]
INFO --> [REQ_ID=7bafbe2043e6] [PERF] Execution time=0.030791

[1 occurrence(s)]
INFO --> [REQ_ID=d8fd0e607ae5] [PERF] Execution time=0.042557

[1 occurrence(s)]
INFO --> [REQ_ID=d36458de0166] [PERF] Execution time=0.012379

[1 occurrence(s)]
INFO --> [REQ_ID=390d51185943] [MEMORY][controller-start] 4194304

[1 occurrence(s)]
INFO --> [REQ_ID=390d51185943] [PERF] Execution time=0.029617

[1 occurrence(s)]
INFO --> [REQ_ID=b79e6650169b] [PERF] Execution time=0.039447

[1 occurrence(s)]
INFO --> [REQ_ID=9e4e814e1912] [PERF] Execution time=0.010224

[1 occurrence(s)]
INFO --> [REQ_ID=b4c71ed605a0] [MEMORY][controller-start] 4194304

[1 occurrence(s)]
INFO --> [REQ_ID=b4c71ed605a0] [PERF] Execution time=0.032743

[1 occurrence(s)]
INFO --> [REQ_ID=d3df30ab67e4] [PERF] Execution time=0.043072

[1 occurrence(s)]
INFO --> [REQ_ID=5ec68f9517cf] [PERF] Execution time=0.010335

[1 occurrence(s)]
INFO --> [REQ_ID=009940d95952] [MEMORY][controller-start] 4194304

[1 occurrence(s)]
INFO --> [REQ_ID=009940d95952] [PERF] Execution time=0.028268

[1 occurrence(s)]
INFO --> [REQ_ID=d4382f9e2ddb] [PERF] Execution time=0.038048

[1 occurrence(s)]
INFO --> [REQ_ID=9b4855c24c59] [PERF] Execution time=0.012490

[1 occurrence(s)]
INFO --> [REQ_ID=602462b82191] [MEMORY][controller-start] 4194304

[1 occurrence(s)]
INFO --> [REQ_ID=602462b82191] [PERF] Execution time=0.030478

[1 occurrence(s)]
INFO --> [REQ_ID=a271d4fd24c8] [PERF] Execution time=0.041719

[1 occurrence(s)]
INFO --> [REQ_ID=265728850e50] [PERF] Execution time=0.011024

[1 occurrence(s)]
INFO --> [REQ_ID=b9f09236fc7e] [MEMORY][controller-start] 4194304

[1 occurrence(s)]
INFO --> [REQ_ID=b9f09236fc7e] [PERF] Execution time=0.028789

[1 occurrence(s)]
INFO --> [REQ_ID=f61efc0c771f] [PERF] Execution time=0.039154

[1 occurrence(s)]
INFO --> [REQ_ID=992c96677fd3] [PERF] Execution time=0.010240

[1 occurrence(s)]
INFO --> [REQ_ID=39caf2173fef] [MEMORY][controller-start] 4194304

[1 occurrence(s)]
INFO --> [REQ_ID=39caf2173fef] [PERF] Execution time=0.031714

[1 occurrence(s)]
INFO --> [REQ_ID=58723d25ec1e] [PERF] Execution time=0.041337

[1 occurrence(s)]
INFO --> [REQ_ID=a53f0b8b4755] [PERF] Execution time=0.010421

[1 occurrence(s)]
INFO --> [REQ_ID=86816349e06b] [MEMORY][controller-start] 4194304

[1 occurrence(s)]
INFO --> [REQ_ID=86816349e06b] [PERF] Execution time=0.026141

[1 occurrence(s)]
INFO --> [REQ_ID=e491ec4f40c9] [PERF] Execution time=0.035821

[1 occurrence(s)]
INFO --> [REQ_ID=b223a3c2283a] [PERF] Execution time=0.011799

[1 occurrence(s)]
INFO --> [REQ_ID=0b5032a447ec] [MEMORY][controller-start] 4194304

[1 occurrence(s)]
INFO --> [REQ_ID=0b5032a447ec] [PERF] Execution time=0.033644

[1 occurrence(s)]
INFO --> [REQ_ID=693f8ff278bd] [PERF] Execution time=0.045001

[1 occurrence(s)]
INFO --> [REQ_ID=504646b864ad] [PERF] Execution time=0.011698

[1 occurrence(s)]
INFO --> [REQ_ID=228e57e1ab2b] [MEMORY][controller-start] 4194304

[1 occurrence(s)]
INFO --> [REQ_ID=228e57e1ab2b] [PERF] Execution time=0.030185

[1 occurrence(s)]
INFO --> [REQ_ID=de527814c111] [PERF] Execution time=0.039716

[1 occurrence(s)]
INFO --> [REQ_ID=d85e6e24b2f2] [PERF] Execution time=0.010146

[1 occurrence(s)]
INFO --> [REQ_ID=0e1156e8b36d] [MEMORY][controller-start] 4194304

[1 occurrence(s)]
INFO --> [REQ_ID=0e1156e8b36d] [PERF] Execution time=0.030016

[1 occurrence(s)]
INFO --> [REQ_ID=a22eb6bea1c4] [PERF] Execution time=0.039505

[1 occurrence(s)]
INFO --> [REQ_ID=86146e9e90ba] [PERF] Execution time=0.010686

[1 occurrence(s)]
INFO --> [REQ_ID=782e295cae88] [MEMORY][controller-start] 4194304

[1 occurrence(s)]
INFO --> [REQ_ID=782e295cae88] [PERF] Execution time=0.029566

[1 occurrence(s)]
INFO --> [REQ_ID=d8347dd9f734] [PERF] Execution time=0.039814

[1 occurrence(s)]
INFO --> [REQ_ID=930ca03c81a2] [PERF] Execution time=0.011265

[1 occurrence(s)]
INFO --> [REQ_ID=4ef1557cc515] [MEMORY][controller-start] 4194304

[1 occurrence(s)]
INFO --> [REQ_ID=4ef1557cc515] [PERF] Execution time=0.033124

[1 occurrence(s)]
INFO --> [REQ_ID=8fc2255066e9] [PERF] Execution time=0.044363

[1 occurrence(s)]
INFO --> [REQ_ID=637a78c04d17] [PERF] Execution time=0.011475

[1 occurrence(s)]
INFO --> [REQ_ID=85941a57d389] [MEMORY][controller-start] 4194304

[1 occurrence(s)]
INFO --> [REQ_ID=85941a57d389] [PERF] Execution time=0.033974

[1 occurrence(s)]
INFO --> [REQ_ID=d4c6f432e140] [PERF] Execution time=0.044114

[1 occurrence(s)]
INFO --> [REQ_ID=2275c8e38ba6] [PERF] Execution time=0.010267

[1 occurrence(s)]
INFO --> [REQ_ID=16c4b537fd71] [MEMORY][controller-start] 4194304

[1 occurrence(s)]
INFO --> [REQ_ID=16c4b537fd71] [PERF] Execution time=0.027686

[1 occurrence(s)]
INFO --> [REQ_ID=e6e920a1315e] [PERF] Execution time=0.037105

[1 occurrence(s)]
INFO --> [REQ_ID=8cb9916b23de] [PERF] Execution time=0.011250

[1 occurrence(s)]
INFO --> [REQ_ID=616b347af0aa] [MEMORY][controller-start] 4194304

[1 occurrence(s)]
INFO --> [REQ_ID=616b347af0aa] [PERF] Execution time=0.027042

[1 occurrence(s)]
INFO --> [REQ_ID=314451e978ee] [PERF] Execution time=0.036478

[1 occurrence(s)]
INFO --> [REQ_ID=4fe2ab0fed25] [PERF] Execution time=0.010310

[1 occurrence(s)]
INFO --> [REQ_ID=7839fce84065] [MEMORY][controller-start] 4194304

[1 occurrence(s)]
INFO --> [REQ_ID=7839fce84065] [PERF] Execution time=0.035284

[1 occurrence(s)]
INFO --> [REQ_ID=3a04515b7a6c] [PERF] Execution time=0.045123

[1 occurrence(s)]
INFO --> [REQ_ID=5f19b623097a] [PERF] Execution time=0.010725

[1 occurrence(s)]
INFO --> [REQ_ID=cafce5bf2781] [MEMORY][controller-start] 4194304

[1 occurrence(s)]
INFO --> [REQ_ID=cafce5bf2781] [PERF] Execution time=0.027522

[1 occurrence(s)]
INFO --> [REQ_ID=2f342f59570c] [PERF] Execution time=0.036991

[1 occurrence(s)]
INFO --> [REQ_ID=967184cbb840] [PERF] Execution time=0.010215

[1 occurrence(s)]
INFO --> [REQ_ID=a12f985d90f8] [PERF] Execution time=0.009281

[1 occurrence(s)]
INFO --> [REQ_ID=ab43e05504e9] [PERF] Execution time=0.009365

[1 occurrence(s)]
INFO --> [REQ_ID=7069a21ffa67] [PERF] Execution time=0.009310

[1 occurrence(s)]
INFO --> [REQ_ID=641206937cb9] [PERF] Execution time=0.011800

[1 occurrence(s)]
INFO --> [REQ_ID=26605fef60d7] [PERF] Execution time=0.009699

[1 occurrence(s)]
INFO --> [REQ_ID=26646dba40d5] [PERF] Execution time=0.016087

[1 occurrence(s)]
INFO --> [REQ_ID=a5f007b7e2f2] [PERF] Execution time=0.015044

[1 occurrence(s)]
INFO --> [REQ_ID=8e7d1c1f580d] [PERF] Execution time=0.010460

[1 occurrence(s)]
INFO --> [REQ_ID=90abf7bbc4c6] [PERF] Execution time=0.014187

[1 occurrence(s)]
INFO --> [REQ_ID=d0975a557724] [PERF] Execution time=0.010742

[1 occurrence(s)]
INFO --> [REQ_ID=e24a6270fbad] [PERF] Execution time=0.010775

[1 occurrence(s)]
INFO --> [REQ_ID=1ec72e6d9f47] [PERF] Execution time=0.010997

[1 occurrence(s)]
INFO --> [REQ_ID=056e0e79b0e1] [PERF] Execution time=0.009459

[1 occurrence(s)]
INFO --> [REQ_ID=f28edbe7d10a] [PERF] Execution time=0.009415

[1 occurrence(s)]
INFO --> [REQ_ID=29b4ad6af8db] [PERF] Execution time=0.009651

[1 occurrence(s)]
INFO --> [REQ_ID=9527a66899ce] [PERF] Execution time=0.009326

[1 occurrence(s)]
INFO --> [REQ_ID=9a03d96670e5] [PERF] Execution time=0.009897

[1 occurrence(s)]
INFO --> [REQ_ID=23ec785003bc] [PERF] Execution time=0.009350

[1 occurrence(s)]
INFO --> [REQ_ID=46f4b1e44a4a] [PERF] Execution time=0.012952

[1 occurrence(s)]
INFO --> [REQ_ID=c2b0419c9000] [PERF] Execution time=0.009493

[1 occurrence(s)]
INFO --> [REQ_ID=e466ad58980b] [PERF] Execution time=0.016915

[1 occurrence(s)]
INFO --> [REQ_ID=d01c27cff2f7] [PERF] Execution time=0.009621

[1 occurrence(s)]
INFO --> [REQ_ID=c9b7ab9ad7ee] [PERF] Execution time=0.104920

[1 occurrence(s)]
INFO --> [REQ_ID=63336ecc1574] [PERF] Execution time=0.009369

[1 occurrence(s)]
INFO --> [REQ_ID=0deb03479bd9] [PERF] Execution time=0.009686

[1 occurrence(s)]
INFO --> [REQ_ID=e77a19a573b5] [PERF] Execution time=0.009419

[1 occurrence(s)]
INFO --> [REQ_ID=4adef6581001] [PERF] Execution time=0.009320

[1 occurrence(s)]
INFO --> [REQ_ID=06ccec435f8f] [PERF] Execution time=0.014289

[1 occurrence(s)]
INFO --> [REQ_ID=20f15cf23902] [PERF] Execution time=0.010004

[1 occurrence(s)]
INFO --> [REQ_ID=acbcd7699c7c] [PERF] Execution time=0.009628

[1 occurrence(s)]
INFO --> [REQ_ID=d8115ec1813e] [PERF] Execution time=0.010255

[1 occurrence(s)]
INFO --> [REQ_ID=2b660cd6281e] [PERF] Execution time=0.010381

[1 occurrence(s)]
INFO --> [REQ_ID=3944c93c87cf] [PERF] Execution time=0.009304

[1 occurrence(s)]
INFO --> [REQ_ID=39a1058362cc] [PERF] Execution time=0.011821

[1 occurrence(s)]
INFO --> [REQ_ID=6cd256b863b4] [PERF] Execution time=0.009656

[1 occurrence(s)]
INFO --> [REQ_ID=780948e1fb5e] [PERF] Execution time=0.009642

[1 occurrence(s)]
INFO --> [REQ_ID=64d44400e0cb] [PERF] Execution time=0.009963

[1 occurrence(s)]
INFO --> [REQ_ID=ff0084735cb5] [PERF] Execution time=0.009474

[1 occurrence(s)]
INFO --> [REQ_ID=6fa4c6b7255d] [PERF] Execution time=0.009428

[1 occurrence(s)]
INFO --> [REQ_ID=3161898ff6f2] [PERF] Execution time=0.009433

[1 occurrence(s)]
INFO --> [REQ_ID=e59408107ef7] [PERF] Execution time=0.010460

[1 occurrence(s)]
INFO --> [REQ_ID=78e492827cec] [PERF] Execution time=0.009888

[1 occurrence(s)]
INFO --> [REQ_ID=260edc8f99df] [PERF] Execution time=0.009879

[1 occurrence(s)]
INFO --> [REQ_ID=dff8b94b64cc] [PERF] Execution time=0.009639

[1 occurrence(s)]
INFO --> [REQ_ID=48f49373ebe4] [PERF] Execution time=0.009299

[1 occurrence(s)]
INFO --> [REQ_ID=087c438f2dd4] [PERF] Execution time=0.010374

[1 occurrence(s)]
INFO --> [REQ_ID=bcd7ce8d22ee] [PERF] Execution time=0.009677

[1 occurrence(s)]
INFO --> [REQ_ID=dceaab647f0e] [PERF] Execution time=0.009370

[1 occurrence(s)]
INFO --> [REQ_ID=2c88ae130c78] [PERF] Execution time=0.009551

[1 occurrence(s)]
INFO --> [REQ_ID=47cb7963d986] [PERF] Execution time=0.009468

[1 occurrence(s)]
INFO --> [REQ_ID=68c929a371d2] [PERF] Execution time=0.009340

[1 occurrence(s)]
INFO --> [REQ_ID=219b10a39249] [PERF] Execution time=0.009551

[1 occurrence(s)]
INFO --> [REQ_ID=0bd57820c2f6] [PERF] Execution time=0.010914

[1 occurrence(s)]
INFO --> [REQ_ID=271bd71d2fa6] [PERF] Execution time=0.009734

[1 occurrence(s)]
INFO --> [REQ_ID=7f7be9a567ef] [PERF] Execution time=0.035055

[1 occurrence(s)]
INFO --> [REQ_ID=68f295db4042] [PERF] Execution time=0.037868

[1 occurrence(s)]
INFO --> [REQ_ID=0dad8ae4fe4f] [PERF] Execution time=0.039351

[1 occurrence(s)]
INFO --> [REQ_ID=6bb997eedfa9] [PERF] Execution time=0.186475

[1 occurrence(s)]
INFO --> [REQ_ID=f979a09f2195] [PERF] Execution time=0.076451

[1 occurrence(s)]
INFO --> [REQ_ID=e912d38f8583] [PERF] Execution time=0.035771

[1 occurrence(s)]
INFO --> [REQ_ID=b312fb8d93c9] [PERF] Execution time=0.044055

[1 occurrence(s)]
INFO --> [REQ_ID=81c4cd900890] [MEMORY][controller-start] 6291456

[2 occurrence(s)]
INFO --> [ACTIVATION] Activation link hit

[1 occurrence(s)]
INFO --> [REQ_ID=81c4cd900890] [PERF] Execution time=0.263015

[1 occurrence(s)]
INFO --> [REQ_ID=55edb5c1a8ba] [PERF] Execution time=0.305699

[1 occurrence(s)]
INFO --> [REQ_ID=dc885ef4583c] [MEMORY][controller-start] 4194304

[2 occurrence(s)]
INFO --> [REQ_ID=dc885ef4583c] [MEMORY][commonData:start] 6291456

[1 occurrence(s)]
INFO --> [REQ_ID=dc885ef4583c] [PERF] Execution time=0.068326

[1 occurrence(s)]
INFO --> [REQ_ID=3739a336386b] [PERF] Execution time=0.082769

[1 occurrence(s)]
INFO --> [REQ_ID=7ab4b1edffef] [MEMORY][controller-start] 6291456

[1 occurrence(s)]
INFO --> [REQ_ID=7ab4b1edffef] [MEMORY][commonData:start] 8388608

[1 occurrence(s)]
INFO --> [PERF][HOME] buildCommonData complete in 551.11ms

[1 occurrence(s)]
INFO --> [PERF][HOME] index commonData done in 551.71ms

[1 occurrence(s)]
INFO --> [REQ_ID=7ab4b1edffef] [MEMORY][commonData:start] 10485760

[1 occurrence(s)]
INFO --> [PERF][HOME] index renderTheme done in 19.74ms

[1 occurrence(s)]
INFO --> [REQ_ID=7ab4b1edffef] [PERF] Execution time=0.630145

[1 occurrence(s)]
INFO --> [REQ_ID=d3813e2a77e9] [PERF] Execution time=0.669426

[1 occurrence(s)]
INFO --> [REQ_ID=a334b63b4e85] [MEMORY][controller-start] 6291456

[1 occurrence(s)]
INFO --> [REQ_ID=a334b63b4e85] [MEMORY][commonData:start] 8388608

[1 occurrence(s)]
INFO --> [REQ_ID=a334b63b4e85] [PERF] Execution time=0.645577

[1 occurrence(s)]
INFO --> [REQ_ID=c678831ee93c] [PERF] Execution time=0.685180

[1 occurrence(s)]
INFO --> [REQ_ID=fced265b3731] [MEMORY][controller-start] 6291456

[1 occurrence(s)]
INFO --> [REQ_ID=fced265b3731] [PERF] Execution time=0.116291

[1 occurrence(s)]
INFO --> [REQ_ID=aac64bc008da] [PERF] Execution time=0.130779

[1 occurrence(s)]
INFO --> [REQ_ID=bff45fdcd7ec] [MEMORY][controller-start] 4194304

[2 occurrence(s)]
INFO --> [REQ_ID=bff45fdcd7ec] [MEMORY][commonData:start] 4194304

[1 occurrence(s)]
INFO --> themesMemory usage: 4194304

[1 occurrence(s)]
INFO --> [REQ_ID=bff45fdcd7ec] [PERF] Execution time=0.029833

[1 occurrence(s)]
INFO --> [REQ_ID=843f6bb67366] [PERF] Execution time=0.044006

[1 occurrence(s)]
INFO --> [REQ_ID=01ccfffc6d8e] [MEMORY][controller-start] 6291456

[1 occurrence(s)]
INFO --> [REQ_ID=01ccfffc6d8e] [MEMORY][commonData:start] 8388608

[1 occurrence(s)]
INFO --> [PERF][HOME] buildCommonData complete in 550.44ms

[1 occurrence(s)]
INFO --> [PERF][HOME] index commonData done in 551.15ms

[1 occurrence(s)]
INFO --> [REQ_ID=01ccfffc6d8e] [MEMORY][commonData:start] 10485760

[1 occurrence(s)]
INFO --> [PERF][HOME] index renderTheme done in 6.06ms

[1 occurrence(s)]
INFO --> [REQ_ID=01ccfffc6d8e] [PERF] Execution time=0.700022

[1 occurrence(s)]
INFO --> [REQ_ID=45abf618e572] [PERF] Execution time=0.744609

[1 occurrence(s)]
INFO --> [REQ_ID=209079a5b78d] [PERF] Execution time=0.009211

[1 occurrence(s)]
INFO --> [REQ_ID=29ac1c012a67] [MEMORY][controller-start] 6291456

[1 occurrence(s)]
INFO --> [REQ_ID=29ac1c012a67] [MEMORY][commonData:start] 8388608

[1 occurrence(s)]
INFO --> [PERF][HOME] buildCommonData complete in 580.4ms

[1 occurrence(s)]
INFO --> [PERF][HOME] index commonData done in 581.09ms

[1 occurrence(s)]
INFO --> [REQ_ID=29ac1c012a67] [MEMORY][commonData:start] 10485760

[1 occurrence(s)]
INFO --> [PERF][HOME] index renderTheme done in 8.67ms

[1 occurrence(s)]
INFO --> [REQ_ID=29ac1c012a67] [PERF] Execution time=0.723478

[1 occurrence(s)]
INFO --> [REQ_ID=85b1b465cb2a] [PERF] Execution time=0.763356

[1 occurrence(s)]
INFO --> [REQ_ID=d619b86f053f] [MEMORY][controller-start] 6291456

[1 occurrence(s)]
INFO --> [REQ_ID=d619b86f053f] [MEMORY][commonData:start] 6291456

[1 occurrence(s)]
INFO --> [PERF][HOME] buildCommonData complete in 467.92ms

[1 occurrence(s)]
INFO --> [PERF][HOME] index commonData done in 468.44ms

[1 occurrence(s)]
INFO --> [REQ_ID=d619b86f053f] [MEMORY][commonData:start] 8388608

[1 occurrence(s)]
INFO --> [PERF][HOME] index renderTheme done in 4.65ms

[1 occurrence(s)]
INFO --> [REQ_ID=d619b86f053f] [PERF] Execution time=0.561905

[1 occurrence(s)]
INFO --> [REQ_ID=378e7f17c1b9] [PERF] Execution time=0.571767

[1 occurrence(s)]
INFO --> [REQ_ID=34aacdb444b5] [PERF] Execution time=0.036015

[1 occurrence(s)]
INFO --> [REQ_ID=47abe5764b88] [PERF] Execution time=0.016665

[1 occurrence(s)]
INFO --> [REQ_ID=707649828310] [PERF] Execution time=0.268441

[1 occurrence(s)]
INFO --> [REQ_ID=b9ebc1337e07] [PERF] Execution time=0.137777

[1 occurrence(s)]
INFO --> [REQ_ID=f329275afd3f] [PERF] Execution time=0.049579

[1 occurrence(s)]
INFO --> [REQ_ID=eb6989c396c7] [PERF] Execution time=0.010528

[1 occurrence(s)]
INFO --> [REQ_ID=234ef8d3f1ac] [PERF] Execution time=0.054501

[1 occurrence(s)]
INFO --> [REQ_ID=5282b6d3243f] [PERF] Execution time=0.089259

[1 occurrence(s)]
INFO --> [REQ_ID=df24f623cf92] [PERF] Execution time=0.147487

[1 occurrence(s)]
INFO --> [REQ_ID=5862f68cd82e] [PERF] Execution time=0.080325

[1 occurrence(s)]
INFO --> [REQ_ID=fe1d9569812c] [PERF] Execution time=0.019388

[1 occurrence(s)]
INFO --> [REQ_ID=ffd75befa604] [PERF] Execution time=0.013791

[1 occurrence(s)]
INFO --> [REQ_ID=7fd4f8bc12af] [PERF] Execution time=0.096124

[1 occurrence(s)]
INFO --> [REQ_ID=1eb4302f2160] [PERF] Execution time=0.014754

[1 occurrence(s)]
INFO --> [REQ_ID=85accf099d3a] [PERF] Execution time=0.014909

[1 occurrence(s)]
INFO --> [REQ_ID=7785d334fb3e] [PERF] Execution time=0.015295

[1 occurrence(s)]
INFO --> [REQ_ID=aee03e93e0cf] [PERF] Execution time=0.094216

[1 occurrence(s)]
INFO --> [REQ_ID=c673345fd353] [PERF] Execution time=0.024191

[1 occurrence(s)]
INFO --> [REQ_ID=090fd95baf16] [PERF] Execution time=0.097373

[1 occurrence(s)]
INFO --> [REQ_ID=b2b26364f314] [PERF] Execution time=0.058426

[1 occurrence(s)]
INFO --> [REQ_ID=0c40c1c8227f] [PERF] Execution time=0.051838

[1 occurrence(s)]
INFO --> [REQ_ID=c3f4d07e5c80] [PERF] Execution time=0.055968

[1 occurrence(s)]
INFO --> [REQ_ID=756ce295bb86] [PERF] Execution time=0.078676

[1 occurrence(s)]
INFO --> [REQ_ID=eb141416cac5] [PERF] Execution time=0.154878

[1 occurrence(s)]
INFO --> [REQ_ID=ac135681476c] [PERF] Execution time=0.191615

[1 occurrence(s)]
INFO --> [REQ_ID=224bbda1af52] [PERF] Execution time=0.167197

[1 occurrence(s)]
INFO --> [REQ_ID=9da6fd46a7fb] [PERF] Execution time=0.078081

[1 occurrence(s)]
INFO --> [REQ_ID=9fadf94e58cc] [PERF] Execution time=0.066402

[1 occurrence(s)]
INFO --> [REQ_ID=7a36db9739dd] [PERF] Execution time=0.030875

[1 occurrence(s)]
INFO --> [REQ_ID=ae829d3b99ef] [PERF] Execution time=0.034865

[1 occurrence(s)]
INFO --> [REQ_ID=6eeacfaa9bf8] [PERF] Execution time=0.031321

[1 occurrence(s)]
INFO --> [REQ_ID=33bdacd6245a] [PERF] Execution time=0.036286

[1 occurrence(s)]
INFO --> [REQ_ID=e65a1aec1b10] [PERF] Execution time=0.050966

[1 occurrence(s)]
INFO --> [REQ_ID=c8e2148acf8a] [PERF] Execution time=0.027293

[1 occurrence(s)]
INFO --> [REQ_ID=fbe5467c2653] [PERF] Execution time=0.020114

[1 occurrence(s)]
INFO --> [REQ_ID=8100b82e12fe] [PERF] Execution time=0.080913

[1 occurrence(s)]
INFO --> [REQ_ID=f02705acf470] [PERF] Execution time=0.065886

[1 occurrence(s)]
INFO --> [REQ_ID=c56a4d19e3a9] [PERF] Execution time=0.061023

[1 occurrence(s)]
INFO --> [REQ_ID=c4a5eb81f462] [PERF] Execution time=0.073084

[1 occurrence(s)]
INFO --> [REQ_ID=74fd210ecbbc] [PERF] Execution time=0.069699

[1 occurrence(s)]
INFO --> [REQ_ID=2d572c4048e5] [PERF] Execution time=0.068414

[1 occurrence(s)]
INFO --> [REQ_ID=217618be87dd] [PERF] Execution time=0.072935

[1 occurrence(s)]
INFO --> [REQ_ID=24a6028ab625] [PERF] Execution time=0.129949

[1 occurrence(s)]
INFO --> [REQ_ID=a01c3fe0a62b] [PERF] Execution time=0.036495

[1 occurrence(s)]
INFO --> [REQ_ID=e5dd3d7a56f4] [PERF] Execution time=0.031750

[1 occurrence(s)]
INFO --> [REQ_ID=b69e6b739242] [PERF] Execution time=0.038642

[1 occurrence(s)]
INFO --> [REQ_ID=b1b08e81bfc7] [PERF] Execution time=0.044111

[1 occurrence(s)]
INFO --> [REQ_ID=aa01bfaf3be1] [PERF] Execution time=0.046387

[1 occurrence(s)]
INFO --> [REQ_ID=26807a090c05] [PERF] Execution time=0.205398

[1 occurrence(s)]
INFO --> [REQ_ID=2060700ab8b5] [PERF] Execution time=0.017950

[1 occurrence(s)]
INFO --> [REQ_ID=374b8395d2c5] [PERF] Execution time=0.016714

[1 occurrence(s)]
INFO --> [REQ_ID=5424a6936669] [PERF] Execution time=0.016211

[1 occurrence(s)]
INFO --> [REQ_ID=454b7521f82e] [PERF] Execution time=0.014858

[1 occurrence(s)]
INFO --> [REQ_ID=b501183b5a9f] [PERF] Execution time=0.016007

[1 occurrence(s)]
INFO --> [REQ_ID=ad2bc655296f] [PERF] Execution time=0.012411

[1 occurrence(s)]
INFO --> [REQ_ID=90dbab737a17] [PERF] Execution time=0.028475

[1 occurrence(s)]
INFO --> [REQ_ID=adbe2224a4f4] [PERF] Execution time=0.023183

[1 occurrence(s)]
INFO --> [REQ_ID=26c9e275b710] [PERF] Execution time=0.025878

[1 occurrence(s)]
INFO --> [REQ_ID=e838373533a6] [PERF] Execution time=0.013395

[1 occurrence(s)]
INFO --> [REQ_ID=79cf546ae464] [PERF] Execution time=0.014570

[1 occurrence(s)]
INFO --> [REQ_ID=d3e96bd4b1a2] [PERF] Execution time=0.019868

[1 occurrence(s)]
INFO --> [REQ_ID=a33728150d72] [PERF] Execution time=0.028682

[1 occurrence(s)]
INFO --> [REQ_ID=d543fa226584] [MEMORY][controller-start] 4194304

[1 occurrence(s)]
INFO --> [REQ_ID=d543fa226584] [PERF] Execution time=0.047662

[1 occurrence(s)]
INFO --> [REQ_ID=f70efc601fc0] [PERF] Execution time=0.016318

[1 occurrence(s)]
INFO --> [REQ_ID=58abba2a0063] [PERF] Execution time=0.020198

[1 occurrence(s)]
INFO --> [REQ_ID=8b79274102ca] [PERF] Execution time=0.019588

[1 occurrence(s)]
INFO --> [REQ_ID=0da059b05f8a] [PERF] Execution time=0.016053

[1 occurrence(s)]
INFO --> [REQ_ID=38fef22386a0] [PERF] Execution time=0.054281

[1 occurrence(s)]
INFO --> [REQ_ID=4039c98f8fd1] [PERF] Execution time=0.055669

[1 occurrence(s)]
INFO --> [REQ_ID=04ee75ba4a4a] [PERF] Execution time=0.038213

[1 occurrence(s)]
INFO --> [REQ_ID=c231453fbf83] [PERF] Execution time=0.074774

[1 occurrence(s)]
INFO --> [REQ_ID=ea047f65dc73] [PERF] Execution time=0.058835

[1 occurrence(s)]
INFO --> [REQ_ID=1cc5f38c6d3f] [PERF] Execution time=0.092115

[1 occurrence(s)]
INFO --> [REQ_ID=cfa5f328cd01] [PERF] Execution time=0.092736

[1 occurrence(s)]
INFO --> [REQ_ID=2b8be9460a2a] [PERF] Execution time=0.010687

[1 occurrence(s)]
INFO --> [REQ_ID=3ab545a1c884] [PERF] Execution time=0.051417

[1 occurrence(s)]
INFO --> [REQ_ID=94054d830b89] [PERF] Execution time=0.054348

[1 occurrence(s)]
INFO --> [REQ_ID=f224de7e565d] [PERF] Execution time=0.080336

[1 occurrence(s)]
INFO --> [REQ_ID=2fd4c5de6f22] [PERF] Execution time=0.055482

[1 occurrence(s)]
INFO --> [REQ_ID=50058e6f88ad] [PERF] Execution time=0.042777

[1 occurrence(s)]
INFO --> [REQ_ID=f526266c7b44] [PERF] Execution time=0.045633

[1 occurrence(s)]
INFO --> [REQ_ID=1f241e3418b6] [PERF] Execution time=0.059308

[1 occurrence(s)]
INFO --> [REQ_ID=e26632b1b0e6] [PERF] Execution time=0.013971

[1 occurrence(s)]
INFO --> [REQ_ID=417b46f20e19] [PERF] Execution time=0.032162

[1 occurrence(s)]
INFO --> [REQ_ID=876b56f6cf4e] [PERF] Execution time=0.037514

[1 occurrence(s)]
INFO --> [REQ_ID=b5be51806cb2] [PERF] Execution time=0.046130

[1 occurrence(s)]
INFO --> [REQ_ID=f034afb82128] [PERF] Execution time=0.041089

[1 occurrence(s)]
INFO --> [REQ_ID=1efe99b08661] [PERF] Execution time=0.052888

[1 occurrence(s)]
INFO --> [REQ_ID=8ab553fe5c25] [PERF] Execution time=0.063425

[1 occurrence(s)]
INFO --> [REQ_ID=0e9e4919c924] [PERF] Execution time=0.052341

[1 occurrence(s)]
INFO --> [REQ_ID=3f7465ce47ef] [PERF] Execution time=0.015044

[1 occurrence(s)]
INFO --> [REQ_ID=2e495408069b] [PERF] Execution time=0.015727

[1 occurrence(s)]
INFO --> [REQ_ID=314433e6ac37] [PERF] Execution time=0.026174

[1 occurrence(s)]
INFO --> [REQ_ID=a6c57933d6e3] [MEMORY][controller-start] 4194304

[1 occurrence(s)]
INFO --> [REQ_ID=c75c929d37ca] [PERF] Execution time=0.053296

[1 occurrence(s)]
INFO --> [REQ_ID=9054333405c6] [PERF] Execution time=0.051703

[1 occurrence(s)]
INFO --> [REQ_ID=64a4a0116984] [MEMORY][controller-start] 4194304

[1 occurrence(s)]
INFO --> [REQ_ID=1c1559007350] [MEMORY][controller-start] 4194304

[1 occurrence(s)]
INFO --> [REQ_ID=a6c57933d6e3] [PERF] Execution time=0.044737

[1 occurrence(s)]
INFO --> [REQ_ID=c5dea5c464eb] [PERF] Execution time=0.018937

[1 occurrence(s)]
INFO --> [REQ_ID=64a4a0116984] [MEMORY][commonData:start] 6291456

[1 occurrence(s)]
INFO --> [REQ_ID=1c1559007350] [MEMORY][commonData:start] 6291456

[1 occurrence(s)]
INFO --> [REQ_ID=4203f9ba1a86] [PERF] Execution time=0.009837

[1 occurrence(s)]
INFO --> [PERF][HOME] buildCommonData complete in 505.22ms

[1 occurrence(s)]
INFO --> [PERF][HOME] index commonData done in 505.98ms

[1 occurrence(s)]
INFO --> [REQ_ID=1c1559007350] [MEMORY][commonData:start] 8388608

[1 occurrence(s)]
INFO --> [PERF][HOME] index renderTheme done in 6.84ms

[1 occurrence(s)]
INFO --> [REQ_ID=1c1559007350] [PERF] Execution time=0.568105

[1 occurrence(s)]
INFO --> [REQ_ID=9581901bf0d4] [PERF] Execution time=0.608080

[1 occurrence(s)]
INFO --> [PERF][HOME] buildCommonData complete in 547.64ms

[1 occurrence(s)]
INFO --> [PERF][HOME] index commonData done in 548.2ms

[1 occurrence(s)]
INFO --> [REQ_ID=64a4a0116984] [MEMORY][commonData:start] 8388608

[1 occurrence(s)]
INFO --> [PERF][HOME] index renderTheme done in 6.12ms

[1 occurrence(s)]
INFO --> [REQ_ID=64a4a0116984] [PERF] Execution time=0.600389

[1 occurrence(s)]
INFO --> [REQ_ID=2ad51813711f] [PERF] Execution time=0.642879

[1 occurrence(s)]
INFO --> [REQ_ID=71f209ef8339] [MEMORY][controller-start] 6291456

[1 occurrence(s)]
INFO --> [REQ_ID=71f209ef8339] [MEMORY][commonData:start] 6291456

[1 occurrence(s)]
INFO --> [REQ_ID=bbf41c6c3684] [MEMORY][controller-start] 6291456

[1 occurrence(s)]
INFO --> [REQ_ID=bbf41c6c3684] [MEMORY][commonData:start] 6291456

[1 occurrence(s)]
INFO --> [REQ_ID=0201cce76504] [MEMORY][controller-start] 4194304

[1 occurrence(s)]
INFO --> [REQ_ID=0201cce76504] [MEMORY][commonData:start] 6291456

[1 occurrence(s)]
INFO --> [REQ_ID=f5ea43f24ad9] [MEMORY][controller-start] 4194304

[1 occurrence(s)]
INFO --> [REQ_ID=ece267344541] [MEMORY][controller-start] 4194304

[1 occurrence(s)]
INFO --> [REQ_ID=f5ea43f24ad9] [MEMORY][commonData:start] 6291456

[1 occurrence(s)]
INFO --> [REQ_ID=ece267344541] [MEMORY][commonData:start] 6291456

[1 occurrence(s)]
INFO --> [PERF][HOME] buildCommonData complete in 487.85ms

[1 occurrence(s)]
INFO --> [PERF][HOME] index commonData done in 488.3ms

[1 occurrence(s)]
INFO --> [REQ_ID=71f209ef8339] [MEMORY][commonData:start] 8388608

[1 occurrence(s)]
INFO --> [PERF][HOME] index renderTheme done in 3.35ms

[1 occurrence(s)]
INFO --> [REQ_ID=71f209ef8339] [PERF] Execution time=0.506892

[1 occurrence(s)]
INFO --> [REQ_ID=3c5a67839609] [PERF] Execution time=0.516600

[1 occurrence(s)]
INFO --> [PERF][HOME] buildCommonData complete in 506.6ms

[1 occurrence(s)]
INFO --> [PERF][HOME] index commonData done in 507.11ms

[1 occurrence(s)]
INFO --> [REQ_ID=bbf41c6c3684] [MEMORY][commonData:start] 8388608

[1 occurrence(s)]
INFO --> [PERF][HOME] index renderTheme done in 5.84ms

[1 occurrence(s)]
INFO --> [REQ_ID=bbf41c6c3684] [PERF] Execution time=0.527682

[1 occurrence(s)]
INFO --> [REQ_ID=7372e9206d6c] [PERF] Execution time=0.537876

[1 occurrence(s)]
INFO --> [PERF][HOME] buildCommonData complete in 510.84ms

[1 occurrence(s)]
INFO --> [PERF][HOME] index commonData done in 511.41ms

[1 occurrence(s)]
INFO --> [REQ_ID=0201cce76504] [MEMORY][commonData:start] 8388608

[1 occurrence(s)]
INFO --> [PERF][HOME] index renderTheme done in 6.69ms

[1 occurrence(s)]
INFO --> [REQ_ID=0201cce76504] [PERF] Execution time=0.552439

[1 occurrence(s)]
INFO --> [REQ_ID=bf0fec452f9f] [PERF] Execution time=0.563185

[1 occurrence(s)]
INFO --> [PERF][HOME] buildCommonData complete in 497.13ms

[1 occurrence(s)]
INFO --> [PERF][HOME] index commonData done in 497.7ms

[1 occurrence(s)]
INFO --> [REQ_ID=f5ea43f24ad9] [MEMORY][commonData:start] 8388608

[1 occurrence(s)]
INFO --> [PERF][HOME] index renderTheme done in 7.77ms

[1 occurrence(s)]
INFO --> [REQ_ID=f5ea43f24ad9] [PERF] Execution time=0.539736

[1 occurrence(s)]
INFO --> [REQ_ID=14a7c8eafc9b] [PERF] Execution time=0.557305

[1 occurrence(s)]
INFO --> [PERF][HOME] buildCommonData complete in 507.16ms

[1 occurrence(s)]
INFO --> [PERF][HOME] index commonData done in 507.7ms

[1 occurrence(s)]
INFO --> [REQ_ID=ece267344541] [MEMORY][commonData:start] 8388608

[1 occurrence(s)]
INFO --> [PERF][HOME] index renderTheme done in 7.09ms

[1 occurrence(s)]
INFO --> [REQ_ID=ece267344541] [PERF] Execution time=0.549280

[1 occurrence(s)]
INFO --> [REQ_ID=b26dd9b56ee7] [PERF] Execution time=0.570956

[1 occurrence(s)]
INFO --> [REQ_ID=e0d5346cfc31] [MEMORY][controller-start] 6291456

[1 occurrence(s)]
INFO --> [REQ_ID=e0d5346cfc31] [MEMORY][commonData:start] 6291456

[1 occurrence(s)]
INFO --> [PERF][HOME] buildCommonData complete in 519.84ms

[1 occurrence(s)]
INFO --> [PERF][HOME] index commonData done in 520.18ms

[1 occurrence(s)]
INFO --> [REQ_ID=e0d5346cfc31] [MEMORY][commonData:start] 8388608

[1 occurrence(s)]
INFO --> [PERF][HOME] index renderTheme done in 3.43ms

[1 occurrence(s)]
INFO --> [REQ_ID=e0d5346cfc31] [PERF] Execution time=0.538439

[1 occurrence(s)]
INFO --> [REQ_ID=41630bbac44e] [PERF] Execution time=0.547863

[1 occurrence(s)]
INFO --> [REQ_ID=b4fd0fe7e0b2] [PERF] Execution time=0.017638

[1 occurrence(s)]
INFO --> [REQ_ID=0333dd12d068] [PERF] Execution time=0.023416

[1 occurrence(s)]
INFO --> [REQ_ID=0fea404cd8a0] [PERF] Execution time=0.029447

[1 occurrence(s)]
INFO --> [REQ_ID=beab7ae83bef] [PERF] Execution time=0.024156

[1 occurrence(s)]
INFO --> [REQ_ID=c16e90d9a070] [PERF] Execution time=0.021327

[1 occurrence(s)]
INFO --> [REQ_ID=a26a3beabe23] [PERF] Execution time=0.021592

[1 occurrence(s)]
INFO --> [REQ_ID=38630f89ab98] [PERF] Execution time=0.012732

[1 occurrence(s)]
INFO --> [REQ_ID=4a11e2211d97] [PERF] Execution time=0.015539

[1 occurrence(s)]
INFO --> [REQ_ID=7daf63c91ae4] [PERF] Execution time=0.024012

[1 occurrence(s)]
INFO --> [REQ_ID=60de7092f9cc] [PERF] Execution time=0.026378

[1 occurrence(s)]
INFO --> [REQ_ID=ff5dbf4a749d] [PERF] Execution time=0.013219

[1 occurrence(s)]
INFO --> [REQ_ID=9f68adb2d861] [PERF] Execution time=0.023867

[1 occurrence(s)]
INFO --> [REQ_ID=ae4d84a97324] [PERF] Execution time=0.049957

[1 occurrence(s)]
INFO --> [REQ_ID=d85ba51d89c1] [PERF] Execution time=0.036305

[1 occurrence(s)]
INFO --> [REQ_ID=6f8fa83574af] [PERF] Execution time=0.044833

[1 occurrence(s)]
INFO --> [REQ_ID=08fb144768f9] [PERF] Execution time=0.049394

[1 occurrence(s)]
INFO --> [REQ_ID=31c6fde000fd] [PERF] Execution time=0.043419

[1 occurrence(s)]
INFO --> [REQ_ID=df6e9a6acba7] [PERF] Execution time=0.019735

[1 occurrence(s)]
INFO --> [REQ_ID=555e3096b8a5] [PERF] Execution time=0.030036

[1 occurrence(s)]
INFO --> [REQ_ID=82abec50164a] [PERF] Execution time=0.031250

[1 occurrence(s)]
INFO --> [REQ_ID=988965a0f463] [PERF] Execution time=0.018385

[1 occurrence(s)]
INFO --> [REQ_ID=1e1ee6a0f94e] [PERF] Execution time=0.017615

[1 occurrence(s)]
INFO --> [REQ_ID=a0626b886081] [PERF] Execution time=0.029143

[1 occurrence(s)]
INFO --> [REQ_ID=b01e22f75d0e] [MEMORY][controller-start] 4194304

[1 occurrence(s)]
INFO --> [REQ_ID=b01e22f75d0e] [MEMORY][commonData:start] 4194304

[1 occurrence(s)]
INFO --> [PERF][HOME] buildCommonData complete in 529.29ms

[1 occurrence(s)]
INFO --> [PERF][HOME] index commonData done in 529.62ms

[1 occurrence(s)]
INFO --> [REQ_ID=b01e22f75d0e] [MEMORY][commonData:start] 8388608

[1 occurrence(s)]
INFO --> [PERF][HOME] index renderTheme done in 3.16ms

[1 occurrence(s)]
INFO --> [REQ_ID=b01e22f75d0e] [PERF] Execution time=0.546046

[1 occurrence(s)]
INFO --> [REQ_ID=58cd8ac034e5] [PERF] Execution time=0.568287

[1 occurrence(s)]
INFO --> [REQ_ID=31e068365054] [MEMORY][controller-start] 6291456

[1 occurrence(s)]
INFO --> [REQ_ID=31e068365054] [MEMORY][commonData:start] 6291456

[1 occurrence(s)]
INFO --> [REQ_ID=306fca6415e6] [PERF] Execution time=0.010376

[1 occurrence(s)]
INFO --> [REQ_ID=b4cfc9c03d42] [PERF] Execution time=0.016872

[1 occurrence(s)]
INFO --> [REQ_ID=1761f21f50da] [PERF] Execution time=0.016704

[1 occurrence(s)]
INFO --> [REQ_ID=930a84833fe9] [PERF] Execution time=0.020585

[1 occurrence(s)]
INFO --> [REQ_ID=a41b8d2837ab] [MEMORY][controller-start] 4194304

[1 occurrence(s)]
INFO --> [REQ_ID=a41b8d2837ab] [MEMORY][commonData:start] 4194304

[1 occurrence(s)]
INFO --> [PERF][HOME] buildCommonData complete in 481.18ms

[1 occurrence(s)]
INFO --> [PERF][HOME] index commonData done in 481.51ms

[1 occurrence(s)]
INFO --> [REQ_ID=31e068365054] [MEMORY][commonData:start] 8388608

[1 occurrence(s)]
INFO --> [PERF][HOME] index renderTheme done in 3.53ms

[1 occurrence(s)]
INFO --> [REQ_ID=31e068365054] [PERF] Execution time=0.497145

[1 occurrence(s)]
INFO --> [REQ_ID=20b36b8fc9de] [PERF] Execution time=0.507082

[1 occurrence(s)]
INFO --> [REQ_ID=219857042750] [PERF] Execution time=0.018299

[1 occurrence(s)]
INFO --> [REQ_ID=292dd0ab13ef] [MEMORY][controller-start] 6291456

[1 occurrence(s)]
INFO --> [REQ_ID=292dd0ab13ef] [PERF] Execution time=0.034495

[1 occurrence(s)]
INFO --> [REQ_ID=0ed6f8769e00] [PERF] Execution time=0.056912

[1 occurrence(s)]
INFO --> [PERF][HOME] buildCommonData complete in 475.27ms

[1 occurrence(s)]
INFO --> [PERF][HOME] index commonData done in 475.76ms

[1 occurrence(s)]
INFO --> [REQ_ID=a41b8d2837ab] [MEMORY][commonData:start] 8388608

[1 occurrence(s)]
INFO --> [PERF][HOME] index renderTheme done in 4.4ms

[1 occurrence(s)]
INFO --> [REQ_ID=a41b8d2837ab] [PERF] Execution time=0.494128

[1 occurrence(s)]
INFO --> [REQ_ID=44b7a32b2a83] [PERF] Execution time=0.503653

[1 occurrence(s)]
INFO --> [REQ_ID=9c50e97e925b] [PERF] Execution time=0.009785

[1 occurrence(s)]
INFO --> [REQ_ID=dccce023a97f] [PERF] Execution time=0.027905

[1 occurrence(s)]
INFO --> [REQ_ID=51558aa082de] [MEMORY][controller-start] 4194304

[1 occurrence(s)]
INFO --> [REQ_ID=5d7a3701f2cc] [PERF] Execution time=0.043797

[1 occurrence(s)]
INFO --> [REQ_ID=b1ea32418f1d] [PERF] Execution time=0.044395

[1 occurrence(s)]
INFO --> [REQ_ID=8fe833680529] [MEMORY][controller-start] 4194304

[1 occurrence(s)]
INFO --> [REQ_ID=51558aa082de] [PERF] Execution time=0.037013

[1 occurrence(s)]
INFO --> [REQ_ID=4b51367f9415] [PERF] Execution time=0.069869

[1 occurrence(s)]
INFO --> [REQ_ID=8fe833680529] [PERF] Execution time=0.040051

[1 occurrence(s)]
INFO --> [REQ_ID=0a1bf1c7a205] [PERF] Execution time=0.083411

[1 occurrence(s)]
INFO --> [REQ_ID=39cc7665cda5] [PERF] Execution time=0.013091

[1 occurrence(s)]
INFO --> [REQ_ID=5031da7c6bf1] [PERF] Execution time=0.023020

[1 occurrence(s)]
INFO --> [REQ_ID=d2963fbec1b7] [PERF] Execution time=0.031818

[1 occurrence(s)]
INFO --> [REQ_ID=461db91b253c] [PERF] Execution time=0.018468

[1 occurrence(s)]
INFO --> [REQ_ID=892642535eac] [PERF] Execution time=0.015904

[1 occurrence(s)]
INFO --> [REQ_ID=93ccf0dd97dd] [PERF] Execution time=0.014668

[1 occurrence(s)]
INFO --> [REQ_ID=5c15a59f498d] [PERF] Execution time=0.013157

[1 occurrence(s)]
INFO --> [REQ_ID=198157c90622] [PERF] Execution time=0.009962

[1 occurrence(s)]
INFO --> [REQ_ID=4c69549694a7] [PERF] Execution time=0.016427

[1 occurrence(s)]
INFO --> [REQ_ID=5906002af769] [PERF] Execution time=0.014744

[1 occurrence(s)]
INFO --> [REQ_ID=ee71cb4a8a60] [MEMORY][controller-start] 4194304

[1 occurrence(s)]
INFO --> [REQ_ID=2a1af8c9f16e] [MEMORY][controller-start] 4194304

[1 occurrence(s)]
INFO --> [REQ_ID=ee71cb4a8a60] [PERF] Execution time=0.030228

[1 occurrence(s)]
INFO --> [REQ_ID=1dc9fd2cf070] [PERF] Execution time=0.051611

[1 occurrence(s)]
INFO --> [REQ_ID=2a1af8c9f16e] [PERF] Execution time=0.045670

[1 occurrence(s)]
INFO --> [REQ_ID=0223a0cb2b81] [PERF] Execution time=0.071046

[1 occurrence(s)]
INFO --> [REQ_ID=ce1fd9965a89] [PERF] Execution time=0.012826

[1 occurrence(s)]
INFO --> [REQ_ID=0a4ec439089e] [PERF] Execution time=0.020205

[1 occurrence(s)]
INFO --> [REQ_ID=59b4c0247f85] [PERF] Execution time=0.015593

[1 occurrence(s)]
INFO --> [REQ_ID=0f6386c885c4] [PERF] Execution time=0.014789

[1 occurrence(s)]
INFO --> [REQ_ID=b9f8e84c3c27] [MEMORY][controller-start] 4194304

[1 occurrence(s)]
INFO --> [REQ_ID=b9f8e84c3c27] [PERF] Execution time=0.025824

[1 occurrence(s)]
INFO --> [REQ_ID=7ea796f8f052] [PERF] Execution time=0.035239

[1 occurrence(s)]
INFO --> [REQ_ID=199989a49073] [MEMORY][controller-start] 4194304

[1 occurrence(s)]
INFO --> [REQ_ID=199989a49073] [PERF] Execution time=0.032255

[1 occurrence(s)]
INFO --> [REQ_ID=3bb58c3430d4] [PERF] Execution time=0.041758

[1 occurrence(s)]
INFO --> [REQ_ID=b1fb43a43e08] [MEMORY][controller-start] 4194304

[1 occurrence(s)]
INFO --> [REQ_ID=b1fb43a43e08] [PERF] Execution time=0.029369

[1 occurrence(s)]
INFO --> [REQ_ID=9719d944cea7] [PERF] Execution time=0.039016

[1 occurrence(s)]
INFO --> [REQ_ID=2419956465cf] [MEMORY][controller-start] 4194304

[1 occurrence(s)]
INFO --> [REQ_ID=2419956465cf] [PERF] Execution time=0.031362

[1 occurrence(s)]
INFO --> [REQ_ID=2b5e0a87dd81] [PERF] Execution time=0.040536

[1 occurrence(s)]
INFO --> [REQ_ID=8bc3b531090f] [PERF] Execution time=0.019738

[1 occurrence(s)]
INFO --> [REQ_ID=d052cc8be9f4] [MEMORY][controller-start] 4194304

[1 occurrence(s)]
INFO --> [REQ_ID=d052cc8be9f4] [PERF] Execution time=0.025897

[1 occurrence(s)]
INFO --> [REQ_ID=b9da83755ab9] [PERF] Execution time=0.046772

[1 occurrence(s)]
INFO --> [REQ_ID=af29c7487d5c] [PERF] Execution time=0.011948

[1 occurrence(s)]
INFO --> [REQ_ID=22e218a1f319] [MEMORY][controller-start] 4194304

[1 occurrence(s)]
INFO --> [REQ_ID=22e218a1f319] [PERF] Execution time=0.035788

[1 occurrence(s)]
INFO --> [REQ_ID=c1161c438233] [PERF] Execution time=0.045438

[1 occurrence(s)]
INFO --> [REQ_ID=45cc1d674d0b] [MEMORY][controller-start] 4194304

[1 occurrence(s)]
INFO --> [REQ_ID=45cc1d674d0b] [PERF] Execution time=0.025696

[1 occurrence(s)]
INFO --> [REQ_ID=af4943b5d136] [PERF] Execution time=0.035026

[1 occurrence(s)]
INFO --> [REQ_ID=03061dd926ae] [PERF] Execution time=0.066344

[1 occurrence(s)]
INFO --> [REQ_ID=f6ab9ab49bfc] [PERF] Execution time=0.068665

[1 occurrence(s)]
INFO --> [REQ_ID=bbdea86e178d] [MEMORY][controller-start] 4194304

[1 occurrence(s)]
INFO --> [REQ_ID=44570e4970a6] [MEMORY][controller-start] 4194304

[1 occurrence(s)]
INFO --> [REQ_ID=e4e9cf1b192e] [MEMORY][controller-start] 4194304

[1 occurrence(s)]
INFO --> [REQ_ID=1f200dbd56e9] [PERF] Execution time=0.077466

[1 occurrence(s)]
INFO --> [REQ_ID=0fc9ea6b1f11] [PERF] Execution time=0.045434

[1 occurrence(s)]
INFO --> [REQ_ID=29e3d14d9b99] [MEMORY][controller-start] 4194304

[1 occurrence(s)]
INFO --> [REQ_ID=bbdea86e178d] [PERF] Execution time=0.060873

[1 occurrence(s)]
INFO --> [REQ_ID=13bf138642e0] [PERF] Execution time=0.121665

[1 occurrence(s)]
INFO --> [REQ_ID=e4e9cf1b192e] [PERF] Execution time=0.051178

[1 occurrence(s)]
INFO --> [REQ_ID=8c11b37ebb40] [PERF] Execution time=0.118663

[1 occurrence(s)]
INFO --> [REQ_ID=44570e4970a6] [PERF] Execution time=0.056235

[1 occurrence(s)]
INFO --> [REQ_ID=c800917937ed] [PERF] Execution time=0.122819

[1 occurrence(s)]
INFO --> [REQ_ID=29e3d14d9b99] [PERF] Execution time=0.045530

[1 occurrence(s)]
INFO --> [REQ_ID=7945d187c362] [PERF] Execution time=0.119769

[1 occurrence(s)]
INFO --> [REQ_ID=d62b85593076] [MEMORY][controller-start] 4194304

[1 occurrence(s)]
INFO --> [REQ_ID=6c1ca0d112d1] [MEMORY][controller-start] 4194304

[1 occurrence(s)]
INFO --> [REQ_ID=6c1ca0d112d1] [PERF] Execution time=0.041951

[1 occurrence(s)]
INFO --> [REQ_ID=f81df3ab4be5] [PERF] Execution time=0.060253

[1 occurrence(s)]
INFO --> [REQ_ID=d62b85593076] [PERF] Execution time=0.043859

[1 occurrence(s)]
INFO --> [REQ_ID=cc2022f97d83] [PERF] Execution time=0.061942

[1 occurrence(s)]
INFO --> [REQ_ID=7f8a882fcb0c] [MEMORY][controller-start] 4194304

[1 occurrence(s)]
INFO --> [REQ_ID=69fa215bfbb9] [MEMORY][controller-start] 4194304

[1 occurrence(s)]
INFO --> [REQ_ID=7f8a882fcb0c] [PERF] Execution time=0.031698

[1 occurrence(s)]
INFO --> [REQ_ID=bb9ae38a4673] [PERF] Execution time=0.048066

[1 occurrence(s)]
INFO --> [REQ_ID=69fa215bfbb9] [PERF] Execution time=0.032386

[1 occurrence(s)]
INFO --> [REQ_ID=eef280a1283b] [PERF] Execution time=0.049787

[1 occurrence(s)]
INFO --> [REQ_ID=ae9095dc9b7b] [MEMORY][controller-start] 4194304

[1 occurrence(s)]
INFO --> [REQ_ID=ae9095dc9b7b] [PERF] Execution time=0.033235

[1 occurrence(s)]
INFO --> [REQ_ID=db38e1427b8c] [PERF] Execution time=0.042642

[1 occurrence(s)]
INFO --> [REQ_ID=9dd5895a8e3d] [MEMORY][controller-start] 4194304

[1 occurrence(s)]
INFO --> [REQ_ID=cd39de5fc97b] [MEMORY][controller-start] 4194304

[1 occurrence(s)]
INFO --> [REQ_ID=1b0150fbe50f] [MEMORY][controller-start] 4194304

[1 occurrence(s)]
INFO --> [REQ_ID=cd39de5fc97b] [PERF] Execution time=0.064066

[1 occurrence(s)]
INFO --> [REQ_ID=df9e55e87582] [PERF] Execution time=0.082212

[1 occurrence(s)]
INFO --> [REQ_ID=9dd5895a8e3d] [PERF] Execution time=0.066041

[1 occurrence(s)]
INFO --> [REQ_ID=79aa378c0b57] [PERF] Execution time=0.082673

[1 occurrence(s)]
INFO --> [REQ_ID=1b0150fbe50f] [PERF] Execution time=0.037908

[1 occurrence(s)]
INFO --> [REQ_ID=aeacd0292a01] [PERF] Execution time=0.048078

[1 occurrence(s)]
INFO --> [REQ_ID=ff3558ee9ba8] [MEMORY][controller-start] 4194304

[1 occurrence(s)]
INFO --> [REQ_ID=d248c25cd746] [MEMORY][controller-start] 4194304

[1 occurrence(s)]
INFO --> [REQ_ID=a242aa82095d] [MEMORY][controller-start] 4194304

[1 occurrence(s)]
INFO --> [REQ_ID=ff3558ee9ba8] [PERF] Execution time=0.037882

[1 occurrence(s)]
INFO --> [REQ_ID=1082487fc9d0] [PERF] Execution time=0.053420

[1 occurrence(s)]
INFO --> [REQ_ID=a242aa82095d] [PERF] Execution time=0.051010

[1 occurrence(s)]
INFO --> [REQ_ID=2cd97ec194d1] [PERF] Execution time=0.072667

[1 occurrence(s)]
INFO --> [REQ_ID=d248c25cd746] [PERF] Execution time=0.054465

[1 occurrence(s)]
INFO --> [REQ_ID=010a32cabcb8] [PERF] Execution time=0.076342

[1 occurrence(s)]
INFO --> [REQ_ID=6e1fbe9b1274] [MEMORY][controller-start] 4194304

[1 occurrence(s)]
INFO --> [REQ_ID=6e1fbe9b1274] [PERF] Execution time=0.027393

[1 occurrence(s)]
INFO --> [REQ_ID=62d597616837] [PERF] Execution time=0.036645

[1 occurrence(s)]
INFO --> [REQ_ID=d002c3368195] [MEMORY][controller-start] 4194304

[1 occurrence(s)]
INFO --> [REQ_ID=d002c3368195] [PERF] Execution time=0.039429

[1 occurrence(s)]
INFO --> [REQ_ID=58b3b57a0241] [PERF] Execution time=0.048817

[1 occurrence(s)]
INFO --> [REQ_ID=c3220d427db0] [MEMORY][controller-start] 4194304

[1 occurrence(s)]
INFO --> [REQ_ID=7f935378a368] [MEMORY][controller-start] 4194304

[1 occurrence(s)]
INFO --> [REQ_ID=c3220d427db0] [PERF] Execution time=0.078535

[1 occurrence(s)]
INFO --> [REQ_ID=3cd0265ccba8] [PERF] Execution time=0.095431

[1 occurrence(s)]
INFO --> [REQ_ID=7f935378a368] [PERF] Execution time=0.080266

[1 occurrence(s)]
INFO --> [REQ_ID=e55061e7878b] [PERF] Execution time=0.097630

[1 occurrence(s)]
INFO --> [REQ_ID=fb9cc75f2a38] [MEMORY][controller-start] 4194304

[1 occurrence(s)]
INFO --> [REQ_ID=fb9cc75f2a38] [PERF] Execution time=0.033679

[1 occurrence(s)]
INFO --> [REQ_ID=c678f5151d33] [PERF] Execution time=0.043381

[1 occurrence(s)]
INFO --> [REQ_ID=9e4e1938d875] [PERF] Execution time=0.082755

[1 occurrence(s)]
INFO --> [REQ_ID=f8024d94562e] [PERF] Execution time=0.036038

[1 occurrence(s)]
INFO --> [REQ_ID=69094666aa85] [PERF] Execution time=0.040019

[1 occurrence(s)]
INFO --> [REQ_ID=a4952c427f12] [PERF] Execution time=0.008880

[1 occurrence(s)]
INFO --> [REQ_ID=55438c39714f] [PERF] Execution time=0.009029

[1 occurrence(s)]
INFO --> [REQ_ID=e3d402a7f4f8] [PERF] Execution time=0.009541

[1 occurrence(s)]
INFO --> [REQ_ID=5f77989bdcb3] [MEMORY][controller-start] 4194304

[1 occurrence(s)]
INFO --> [REQ_ID=5f77989bdcb3] [PERF] Execution time=0.053283

[1 occurrence(s)]
INFO --> [REQ_ID=2df90ad054a0] [PERF] Execution time=0.066842

[1 occurrence(s)]
INFO --> [REQ_ID=fdb3443cd868] [PERF] Execution time=0.036340

[1 occurrence(s)]
INFO --> [REQ_ID=ab4651ba1f5f] [MEMORY][controller-start] 4194304

[1 occurrence(s)]
INFO --> [REQ_ID=ab4651ba1f5f] [MEMORY][commonData:start] 6291456

[1 occurrence(s)]
INFO --> [PERF][HOME] buildCommonData complete in 503.18ms

[1 occurrence(s)]
INFO --> [PERF][HOME] index commonData done in 503.74ms

[1 occurrence(s)]
INFO --> [REQ_ID=ab4651ba1f5f] [MEMORY][commonData:start] 8388608

[1 occurrence(s)]
INFO --> [PERF][HOME] index renderTheme done in 7.83ms

[1 occurrence(s)]
INFO --> [REQ_ID=ab4651ba1f5f] [PERF] Execution time=0.623442

[1 occurrence(s)]
INFO --> [REQ_ID=a45d8592052d] [PERF] Execution time=0.636470

[1 occurrence(s)]
INFO --> [REQ_ID=6a58d5c004b3] [PERF] Execution time=0.018384

[1 occurrence(s)]
INFO --> [REQ_ID=7b57ecd81d92] [MEMORY][controller-start] 4194304

[1 occurrence(s)]
INFO --> [REQ_ID=7b57ecd81d92] [MEMORY][commonData:start] 4194304

[1 occurrence(s)]
INFO --> [PERF][HOME] buildCommonData complete in 518.36ms

[1 occurrence(s)]
INFO --> [PERF][HOME] index commonData done in 518.9ms

[1 occurrence(s)]
INFO --> [REQ_ID=7b57ecd81d92] [MEMORY][commonData:start] 8388608

[1 occurrence(s)]
INFO --> [PERF][HOME] index renderTheme done in 5.02ms

[1 occurrence(s)]
INFO --> [REQ_ID=7b57ecd81d92] [PERF] Execution time=0.731163

[1 occurrence(s)]
INFO --> [REQ_ID=080792e9f79d] [PERF] Execution time=0.741177

[1 occurrence(s)]
INFO --> [REQ_ID=b4974416f64a] [MEMORY][controller-start] 6291456

[1 occurrence(s)]
INFO --> [REQ_ID=b4974416f64a] [MEMORY][commonData:start] 8388608

[1 occurrence(s)]
INFO --> [PERF][HOME] buildCommonData complete in 542.52ms

[1 occurrence(s)]
INFO --> [PERF][HOME] index commonData done in 543.05ms

[1 occurrence(s)]
INFO --> [REQ_ID=b4974416f64a] [MEMORY][commonData:start] 10485760

[1 occurrence(s)]
INFO --> [PERF][HOME] index renderTheme done in 6.31ms

[1 occurrence(s)]
INFO --> [REQ_ID=b4974416f64a] [PERF] Execution time=0.615258

[1 occurrence(s)]
INFO --> [REQ_ID=d934ff1144b0] [PERF] Execution time=0.654251

[1 occurrence(s)]
INFO --> [REQ_ID=f855897ec4e5] [PERF] Execution time=0.011740

[1 occurrence(s)]
INFO --> [REQ_ID=bacaad550ded] [MEMORY][controller-start] 4194304

[1 occurrence(s)]
INFO --> [REQ_ID=bacaad550ded] [MEMORY][commonData:start] 4194304

[1 occurrence(s)]
INFO --> [PERF][HOME] buildCommonData complete in 447.93ms

[1 occurrence(s)]
INFO --> [PERF][HOME] index commonData done in 448.51ms

[1 occurrence(s)]
INFO --> [REQ_ID=bacaad550ded] [MEMORY][commonData:start] 8388608

[1 occurrence(s)]
INFO --> [PERF][HOME] index renderTheme done in 3.89ms

[1 occurrence(s)]
INFO --> [REQ_ID=bacaad550ded] [PERF] Execution time=0.599216

[1 occurrence(s)]
INFO --> [REQ_ID=0caf75bede6d] [PERF] Execution time=0.609331

[1 occurrence(s)]
INFO --> [REQ_ID=e52a820b6f7e] [MEMORY][controller-start] 6291456

[1 occurrence(s)]
INFO --> [REQ_ID=e52a820b6f7e] [PERF] Execution time=0.036476

[1 occurrence(s)]
INFO --> [REQ_ID=055a8760f8e9] [PERF] Execution time=0.050392

[1 occurrence(s)]
INFO --> [REQ_ID=f717c3cd6850] [PERF] Execution time=0.010489

[1 occurrence(s)]
INFO --> [REQ_ID=343e46c7f6c5] [MEMORY][controller-start] 4194304

[1 occurrence(s)]
INFO --> [REQ_ID=343e46c7f6c5] [PERF] Execution time=0.029338

[1 occurrence(s)]
INFO --> [REQ_ID=bad1d525f191] [PERF] Execution time=0.038964

[1 occurrence(s)]
INFO --> [REQ_ID=7a03c4e57b95] [PERF] Execution time=0.205232

[1 occurrence(s)]
INFO --> [REQ_ID=ae873faa4db9] [MEMORY][controller-start] 4194304

[1 occurrence(s)]
INFO --> [REQ_ID=ae873faa4db9] [PERF] Execution time=0.028781

[1 occurrence(s)]
INFO --> [REQ_ID=31c4ad8cfc02] [PERF] Execution time=0.038475

[1 occurrence(s)]
INFO --> [REQ_ID=76e1d30823d6] [PERF] Execution time=0.009724

[1 occurrence(s)]
INFO --> [REQ_ID=f6568b6a3200] [MEMORY][controller-start] 4194304

[1 occurrence(s)]
INFO --> [REQ_ID=f6568b6a3200] [PERF] Execution time=0.031998

[1 occurrence(s)]
INFO --> [REQ_ID=c44fd9a01026] [PERF] Execution time=0.041643

[1 occurrence(s)]
INFO --> [REQ_ID=293b0b95e9a3] [PERF] Execution time=0.018132

[1 occurrence(s)]
INFO --> [REQ_ID=77cf7c9ceaa5] [PERF] Execution time=0.013962

[1 occurrence(s)]
INFO --> [REQ_ID=76af4b1fbc5b] [PERF] Execution time=0.014638

[1 occurrence(s)]
INFO --> [REQ_ID=d35467ca6402] [PERF] Execution time=0.011718

[1 occurrence(s)]
INFO --> [REQ_ID=95490e945635] [PERF] Execution time=0.010132

[1 occurrence(s)]
INFO --> [REQ_ID=798d086bd6a9] [PERF] Execution time=0.010264

[1 occurrence(s)]
INFO --> [REQ_ID=03784c484e62] [PERF] Execution time=0.009951

[1 occurrence(s)]
INFO --> [REQ_ID=3c3efaf74c1d] [MEMORY][controller-start] 4194304

[1 occurrence(s)]
INFO --> [REQ_ID=3c3efaf74c1d] [PERF] Execution time=0.027015

[1 occurrence(s)]
INFO --> [REQ_ID=3202a3325cee] [PERF] Execution time=0.037998

[1 occurrence(s)]
INFO --> [REQ_ID=125884a60c72] [PERF] Execution time=0.014050

[1 occurrence(s)]
INFO --> [REQ_ID=43a9e3a76d30] [PERF] Execution time=0.015141

[1 occurrence(s)]
INFO --> [REQ_ID=be49b9b1b9c0] [MEMORY][controller-start] 4194304

[1 occurrence(s)]
INFO --> [REQ_ID=be49b9b1b9c0] [MEMORY][commonData:start] 4194304

[1 occurrence(s)]
INFO --> [PERF][HOME] buildCommonData complete in 454.01ms

[1 occurrence(s)]
INFO --> [PERF][HOME] index commonData done in 454.46ms

[1 occurrence(s)]
INFO --> [REQ_ID=be49b9b1b9c0] [MEMORY][commonData:start] 8388608

[1 occurrence(s)]
INFO --> [PERF][HOME] index renderTheme done in 4.27ms

[1 occurrence(s)]
INFO --> [REQ_ID=be49b9b1b9c0] [PERF] Execution time=0.839652

[1 occurrence(s)]
INFO --> [REQ_ID=70110b01aa90] [PERF] Execution time=0.850241

[1 occurrence(s)]
INFO --> [REQ_ID=de2f97bef0fc] [MEMORY][controller-start] 6291456

[1 occurrence(s)]
INFO --> [REQ_ID=de2f97bef0fc] [MEMORY][commonData:start] 8388608

[1 occurrence(s)]
INFO --> [PERF][HOME] buildCommonData complete in 550.37ms

[1 occurrence(s)]
INFO --> [PERF][HOME] index commonData done in 551.02ms

[1 occurrence(s)]
INFO --> [REQ_ID=de2f97bef0fc] [MEMORY][commonData:start] 10485760

[1 occurrence(s)]
INFO --> [PERF][HOME] index renderTheme done in 18.78ms

[1 occurrence(s)]
INFO --> [REQ_ID=de2f97bef0fc] [PERF] Execution time=0.764543

[1 occurrence(s)]
INFO --> [REQ_ID=6e2e3e9a68cc] [PERF] Execution time=0.804032

[1 occurrence(s)]
INFO --> [REQ_ID=e5f7dcbd3b2e] [PERF] Execution time=0.036072

[1 occurrence(s)]
INFO --> [REQ_ID=aab9215f6689] [MEMORY][controller-start] 6291456

[1 occurrence(s)]
INFO --> [REQ_ID=aab9215f6689] [MEMORY][commonData:start] 8388608

[1 occurrence(s)]
INFO --> [REQ_ID=aab9215f6689] [PERF] Execution time=0.728198

[1 occurrence(s)]
INFO --> [REQ_ID=76ce6b05a5a1] [PERF] Execution time=0.768462

[1 occurrence(s)]
INFO --> [REQ_ID=dab0979da585] [MEMORY][controller-start] 6291456

[1 occurrence(s)]
INFO --> [REQ_ID=dab0979da585] [MEMORY][commonData:start] 8388608

[1 occurrence(s)]
INFO --> [PERF][HOME] buildCommonData complete in 536.26ms

[1 occurrence(s)]
INFO --> [PERF][HOME] index commonData done in 536.81ms

[1 occurrence(s)]
INFO --> [REQ_ID=dab0979da585] [MEMORY][commonData:start] 10485760

[1 occurrence(s)]
INFO --> [PERF][HOME] index renderTheme done in 7.25ms

[1 occurrence(s)]
INFO --> [REQ_ID=dab0979da585] [PERF] Execution time=0.634257

[1 occurrence(s)]
INFO --> [REQ_ID=16ea56c7bf5f] [PERF] Execution time=0.676484

[1 occurrence(s)]
INFO --> [REQ_ID=a069ec6b1ac2] [PERF] Execution time=0.075075

[1 occurrence(s)]
INFO --> [REQ_ID=bd0008458847] [PERF] Execution time=0.098354

[1 occurrence(s)]
INFO --> [REQ_ID=3a7f84081f63] [PERF] Execution time=0.026213

[1 occurrence(s)]
INFO --> [REQ_ID=59002231ed6a] [MEMORY][controller-start] 4194304

[1 occurrence(s)]
INFO --> [REQ_ID=59002231ed6a] [PERF] Execution time=0.058754

[1 occurrence(s)]
INFO --> [REQ_ID=9cf6196f10fe] [PERF] Execution time=0.079931

[1 occurrence(s)]
INFO --> [REQ_ID=b5c0bec8cc0b] [PERF] Execution time=0.013898

[1 occurrence(s)]
INFO --> [REQ_ID=c2e7611d417f] [MEMORY][controller-start] 4194304

[1 occurrence(s)]
INFO --> [REQ_ID=c2e7611d417f] [PERF] Execution time=0.028401

[1 occurrence(s)]
INFO --> [REQ_ID=a2c44137ca6f] [PERF] Execution time=0.042098

[1 occurrence(s)]
INFO --> [REQ_ID=af1cbf5cac3b] [PERF] Execution time=0.014431

[1 occurrence(s)]
INFO --> [REQ_ID=ecef8c0abba8] [MEMORY][controller-start] 4194304

[1 occurrence(s)]
INFO --> [REQ_ID=ecef8c0abba8] [PERF] Execution time=0.032630

[1 occurrence(s)]
INFO --> [REQ_ID=22c0b8a6cbc0] [PERF] Execution time=0.046795

[1 occurrence(s)]
INFO --> [REQ_ID=efc94f26bbb6] [PERF] Execution time=0.019568

[1 occurrence(s)]
INFO --> [REQ_ID=2e735b642bd6] [PERF] Execution time=0.017615

[1 occurrence(s)]
INFO --> [REQ_ID=8cc38d879f7a] [MEMORY][controller-start] 4194304

[1 occurrence(s)]
INFO --> [REQ_ID=8cc38d879f7a] [PERF] Execution time=0.032717

[1 occurrence(s)]
INFO --> [REQ_ID=9f5a4801bb86] [PERF] Execution time=0.047265

[1 occurrence(s)]
INFO --> [REQ_ID=a7598022d17d] [PERF] Execution time=0.014903

[1 occurrence(s)]
INFO --> [REQ_ID=4a6ec6950f2b] [MEMORY][controller-start] 4194304

[1 occurrence(s)]
INFO --> [REQ_ID=4a6ec6950f2b] [PERF] Execution time=0.032364

[1 occurrence(s)]
INFO --> [REQ_ID=0b484635a3a8] [PERF] Execution time=0.046045

[1 occurrence(s)]
INFO --> [REQ_ID=55484acdbeda] [PERF] Execution time=0.016434

[1 occurrence(s)]
INFO --> [REQ_ID=aa14b66293e5] [MEMORY][controller-start] 4194304

[1 occurrence(s)]
INFO --> [REQ_ID=aa14b66293e5] [PERF] Execution time=0.029822

[1 occurrence(s)]
INFO --> [REQ_ID=20e1a7240d11] [PERF] Execution time=0.043666

[1 occurrence(s)]
INFO --> [REQ_ID=aa8bf8850883] [PERF] Execution time=0.018323

[1 occurrence(s)]
INFO --> [REQ_ID=3a0d847e1d33] [PERF] Execution time=0.016690

[1 occurrence(s)]
INFO --> [REQ_ID=c0ef29197abb] [MEMORY][controller-start] 4194304

[1 occurrence(s)]
INFO --> [REQ_ID=c0ef29197abb] [PERF] Execution time=0.037591

[1 occurrence(s)]
INFO --> [REQ_ID=ea83ec2580f3] [PERF] Execution time=0.051131

[1 occurrence(s)]
INFO --> [REQ_ID=0da2cff9a5e7] [PERF] Execution time=0.018153

[1 occurrence(s)]
INFO --> [REQ_ID=f5edf9e6667e] [PERF] Execution time=0.014384

[1 occurrence(s)]
INFO --> [REQ_ID=befe302aa872] [MEMORY][controller-start] 4194304

[1 occurrence(s)]
INFO --> [REQ_ID=befe302aa872] [PERF] Execution time=0.033290

[1 occurrence(s)]
INFO --> [REQ_ID=9f565aa3c65c] [PERF] Execution time=0.047141

[1 occurrence(s)]
INFO --> [REQ_ID=e474eb58e250] [PERF] Execution time=0.019471

[1 occurrence(s)]
INFO --> [REQ_ID=ce4d5fbab21b] [PERF] Execution time=0.017990

[1 occurrence(s)]
INFO --> [REQ_ID=5a75054687cb] [PERF] Execution time=0.015273

[1 occurrence(s)]
INFO --> [REQ_ID=168c3341b702] [MEMORY][controller-start] 4194304

[1 occurrence(s)]
INFO --> [REQ_ID=168c3341b702] [PERF] Execution time=0.041073

[1 occurrence(s)]
INFO --> [REQ_ID=39cffed9d699] [PERF] Execution time=0.055100

[1 occurrence(s)]
INFO --> [REQ_ID=2d2796bf46fd] [PERF] Execution time=0.018155

[1 occurrence(s)]
INFO --> [REQ_ID=01061f2f9060] [PERF] Execution time=0.015808

[1 occurrence(s)]
INFO --> [REQ_ID=7e20b5bfaa40] [MEMORY][controller-start] 4194304

[1 occurrence(s)]
INFO --> [REQ_ID=7e20b5bfaa40] [PERF] Execution time=0.027418

[1 occurrence(s)]
INFO --> [REQ_ID=f2f2efdfdb43] [PERF] Execution time=0.041510

[1 occurrence(s)]
INFO --> [REQ_ID=4714cb3d4688] [PERF] Execution time=0.018103

[1 occurrence(s)]
INFO --> [REQ_ID=ac018528c9b8] [PERF] Execution time=0.018878

[1 occurrence(s)]
INFO --> [REQ_ID=b0949d4da3bf] [PERF] Execution time=0.014723

[1 occurrence(s)]
INFO --> [REQ_ID=b8fe01ec14b7] [MEMORY][controller-start] 4194304

[1 occurrence(s)]
INFO --> [REQ_ID=b8fe01ec14b7] [PERF] Execution time=0.031082

[1 occurrence(s)]
INFO --> [REQ_ID=2d1512919ffa] [PERF] Execution time=0.045051

[1 occurrence(s)]
INFO --> [REQ_ID=27192d368f4a] [PERF] Execution time=0.015864

[1 occurrence(s)]
INFO --> [REQ_ID=8672d14a9550] [MEMORY][controller-start] 4194304

[1 occurrence(s)]
INFO --> [REQ_ID=8672d14a9550] [PERF] Execution time=0.025197

[1 occurrence(s)]
INFO --> [REQ_ID=4396fa93c1bb] [PERF] Execution time=0.039628

[1 occurrence(s)]
INFO --> [REQ_ID=e0accee72040] [PERF] Execution time=0.015147

[1 occurrence(s)]
INFO --> [REQ_ID=83059948d2bc] [MEMORY][controller-start] 4194304

[1 occurrence(s)]
INFO --> [REQ_ID=83059948d2bc] [PERF] Execution time=0.037612

[1 occurrence(s)]
INFO --> [REQ_ID=4656ba0c99b2] [PERF] Execution time=0.051702

[1 occurrence(s)]
INFO --> [REQ_ID=8637439ec4e9] [PERF] Execution time=0.019923

[1 occurrence(s)]
INFO --> [REQ_ID=1a5404036867] [PERF] Execution time=0.018132

[1 occurrence(s)]
INFO --> [REQ_ID=aa6493309678] [PERF] Execution time=0.025695

[1 occurrence(s)]
INFO --> [REQ_ID=5978c76622f1] [PERF] Execution time=0.015204

[1 occurrence(s)]
INFO --> [REQ_ID=82ad2b64860e] [MEMORY][controller-start] 4194304

[1 occurrence(s)]
INFO --> [REQ_ID=82ad2b64860e] [PERF] Execution time=0.029615

[1 occurrence(s)]
INFO --> [REQ_ID=ff3fee51d139] [PERF] Execution time=0.044064

[1 occurrence(s)]
INFO --> [REQ_ID=875fe24e1ad9] [PERF] Execution time=0.015586

[1 occurrence(s)]
INFO --> [REQ_ID=73ab139d80f1] [MEMORY][controller-start] 4194304

[1 occurrence(s)]
INFO --> [REQ_ID=73ab139d80f1] [PERF] Execution time=0.032714

[1 occurrence(s)]
INFO --> [REQ_ID=4fe49de48521] [PERF] Execution time=0.046800

[1 occurrence(s)]
INFO --> [REQ_ID=425fd55d0fa4] [PERF] Execution time=0.018767

[1 occurrence(s)]
INFO --> [REQ_ID=ab7f58086a56] [PERF] Execution time=0.014379

[1 occurrence(s)]
INFO --> [REQ_ID=56a7f9566c75] [MEMORY][controller-start] 4194304

[1 occurrence(s)]
INFO --> [REQ_ID=56a7f9566c75] [PERF] Execution time=0.032852

[1 occurrence(s)]
INFO --> [REQ_ID=2fafb5d562fe] [PERF] Execution time=0.047083

[1 occurrence(s)]
INFO --> [REQ_ID=72cdb8f31fd9] [PERF] Execution time=0.022682

[1 occurrence(s)]
INFO --> [REQ_ID=bf3fc281bf48] [PERF] Execution time=0.018836

[1 occurrence(s)]
INFO --> [REQ_ID=3d6203ac88ae] [PERF] Execution time=0.014491

[1 occurrence(s)]
INFO --> [REQ_ID=36b37227ef9e] [MEMORY][controller-start] 4194304

[1 occurrence(s)]
INFO --> [REQ_ID=36b37227ef9e] [PERF] Execution time=0.031436

[1 occurrence(s)]
INFO --> [REQ_ID=34a548d342ae] [PERF] Execution time=0.045395

[1 occurrence(s)]
INFO --> [REQ_ID=5257763e8ff6] [PERF] Execution time=0.014512

[1 occurrence(s)]
INFO --> [REQ_ID=eea7eacef4d2] [MEMORY][controller-start] 4194304

[1 occurrence(s)]
INFO --> [REQ_ID=eea7eacef4d2] [PERF] Execution time=0.032684

[1 occurrence(s)]
INFO --> [REQ_ID=da1f23cd0f9d] [PERF] Execution time=0.045995

[1 occurrence(s)]
INFO --> [REQ_ID=7c2df948b1e4] [PERF] Execution time=0.015765

[1 occurrence(s)]
INFO --> [REQ_ID=9954cc2a2366] [MEMORY][controller-start] 4194304

[1 occurrence(s)]
INFO --> [REQ_ID=9954cc2a2366] [PERF] Execution time=0.029231

[1 occurrence(s)]
INFO --> [REQ_ID=5a9e225119c4] [PERF] Execution time=0.044449

[1 occurrence(s)]
INFO --> [REQ_ID=570c876c7f59] [PERF] Execution time=0.014339

[1 occurrence(s)]
INFO --> [REQ_ID=ea30640bd69a] [MEMORY][controller-start] 4194304

[1 occurrence(s)]
INFO --> [REQ_ID=ea30640bd69a] [PERF] Execution time=0.040024

[1 occurrence(s)]
INFO --> [REQ_ID=d70a15159a2b] [PERF] Execution time=0.053660

[1 occurrence(s)]
INFO --> [REQ_ID=3d3a8f34d527] [PERF] Execution time=0.034676

[1 occurrence(s)]
INFO --> [REQ_ID=5d97ef44fac1] [PERF] Execution time=0.014783

[1 occurrence(s)]
INFO --> [REQ_ID=e44e82ccc51a] [MEMORY][controller-start] 4194304

[1 occurrence(s)]
INFO --> [REQ_ID=e44e82ccc51a] [PERF] Execution time=0.026231

[1 occurrence(s)]
INFO --> [REQ_ID=c9af411a37dc] [PERF] Execution time=0.040183

[1 occurrence(s)]
INFO --> [REQ_ID=c9ff1b9579a9] [PERF] Execution time=0.015437

[1 occurrence(s)]
INFO --> [REQ_ID=fe0693416238] [PERF] Execution time=0.010598

[1 occurrence(s)]
INFO --> [REQ_ID=d1a74f96dda5] [MEMORY][controller-start] 4194304

[1 occurrence(s)]
INFO --> [REQ_ID=d1a74f96dda5] [PERF] Execution time=0.029415

[1 occurrence(s)]
INFO --> [REQ_ID=87c4f047e178] [PERF] Execution time=0.041993

[1 occurrence(s)]
INFO --> [REQ_ID=f4bbf1074852] [PERF] Execution time=0.014324

[1 occurrence(s)]
INFO --> [REQ_ID=d9b462b07cef] [PERF] Execution time=0.015871

[1 occurrence(s)]
INFO --> [REQ_ID=9ec3a40ec3be] [PERF] Execution time=0.010725

[1 occurrence(s)]
INFO --> [REQ_ID=e22522972e86] [MEMORY][controller-start] 4194304

[1 occurrence(s)]
INFO --> [REQ_ID=e22522972e86] [PERF] Execution time=0.028627

[1 occurrence(s)]
INFO --> [REQ_ID=6c44857140be] [PERF] Execution time=0.038231

[1 occurrence(s)]
INFO --> [REQ_ID=6ffb7759d3f3] [PERF] Execution time=0.011452

[1 occurrence(s)]
INFO --> [REQ_ID=202187cb3d31] [MEMORY][controller-start] 4194304

[1 occurrence(s)]
INFO --> [REQ_ID=202187cb3d31] [PERF] Execution time=0.026979

[1 occurrence(s)]
INFO --> [REQ_ID=0440036d3d90] [PERF] Execution time=0.036772

[1 occurrence(s)]
INFO --> [REQ_ID=d17ccc8fc213] [PERF] Execution time=0.011245

[1 occurrence(s)]
INFO --> [REQ_ID=09fb671ad6b8] [MEMORY][controller-start] 4194304

[1 occurrence(s)]
INFO --> [REQ_ID=09fb671ad6b8] [PERF] Execution time=0.025891

[1 occurrence(s)]
INFO --> [REQ_ID=8086c1252ddf] [PERF] Execution time=0.036282

[1 occurrence(s)]
INFO --> [REQ_ID=b226ae027f54] [PERF] Execution time=0.015973

[1 occurrence(s)]
INFO --> [REQ_ID=a1758365b7b0] [PERF] Execution time=0.011925

[1 occurrence(s)]
INFO --> [REQ_ID=7665fea5c641] [MEMORY][controller-start] 4194304

[1 occurrence(s)]
INFO --> [REQ_ID=7665fea5c641] [PERF] Execution time=0.026268

[1 occurrence(s)]
INFO --> [REQ_ID=b048476c3d6f] [PERF] Execution time=0.038034

[1 occurrence(s)]
INFO --> [REQ_ID=feacdbe4c0fe] [PERF] Execution time=0.015134

[1 occurrence(s)]
INFO --> [REQ_ID=d6fd9ba3efe4] [PERF] Execution time=0.024547

[1 occurrence(s)]
INFO --> [REQ_ID=746c10d954d7] [PERF] Execution time=0.011448

[1 occurrence(s)]
INFO --> [REQ_ID=26136207b34b] [MEMORY][controller-start] 4194304

[1 occurrence(s)]
INFO --> [REQ_ID=26136207b34b] [PERF] Execution time=0.028772

[1 occurrence(s)]
INFO --> [REQ_ID=1f5903f9501a] [PERF] Execution time=0.038294

[1 occurrence(s)]
INFO --> [REQ_ID=b9adea4b2e0d] [PERF] Execution time=0.014903

[1 occurrence(s)]
INFO --> [REQ_ID=7b25ef331689] [PERF] Execution time=0.009983

[1 occurrence(s)]
INFO --> [REQ_ID=2eea6614a74a] [MEMORY][controller-start] 4194304

[1 occurrence(s)]
INFO --> [REQ_ID=2eea6614a74a] [PERF] Execution time=0.038177

[1 occurrence(s)]
INFO --> [REQ_ID=73515cf849b4] [PERF] Execution time=0.047843

[1 occurrence(s)]
INFO --> [REQ_ID=b98a6e4160c4] [PERF] Execution time=0.015274

[1 occurrence(s)]
INFO --> [REQ_ID=1ff705028692] [PERF] Execution time=0.013366

[1 occurrence(s)]
INFO --> [REQ_ID=a57a2a734ad5] [PERF] Execution time=0.015953

[1 occurrence(s)]
INFO --> [REQ_ID=7f5651998c12] [PERF] Execution time=0.015098

[1 occurrence(s)]
INFO --> [REQ_ID=bbdd897f3a6a] [PERF] Execution time=0.011297

[1 occurrence(s)]
INFO --> [REQ_ID=45eb542e4545] [MEMORY][controller-start] 4194304

[1 occurrence(s)]
INFO --> [REQ_ID=45eb542e4545] [PERF] Execution time=0.025596

[1 occurrence(s)]
INFO --> [REQ_ID=defe6f103668] [PERF] Execution time=0.035433

[1 occurrence(s)]
INFO --> [REQ_ID=0b2cf64afe93] [PERF] Execution time=0.013733

[1 occurrence(s)]
INFO --> [REQ_ID=7ad0bc5bd2d3] [PERF] Execution time=0.011633

[1 occurrence(s)]
INFO --> [REQ_ID=ae52ebafcb1b] [MEMORY][controller-start] 4194304

[1 occurrence(s)]
INFO --> [REQ_ID=ae52ebafcb1b] [PERF] Execution time=0.026953

[1 occurrence(s)]
INFO --> [REQ_ID=c8d2597be135] [PERF] Execution time=0.036513

[1 occurrence(s)]
INFO --> [REQ_ID=5a8d979e726c] [PERF] Execution time=0.009626

[1 occurrence(s)]
INFO --> [REQ_ID=5d78d54c0554] [PERF] Execution time=0.016035

[1 occurrence(s)]
INFO --> [REQ_ID=7e0fce179c4e] [PERF] Execution time=0.014434

[1 occurrence(s)]
INFO --> [REQ_ID=ed0db8b507a0] [PERF] Execution time=0.009278

[1 occurrence(s)]
INFO --> [REQ_ID=706b642fc270] [PERF] Execution time=0.009330

[1 occurrence(s)]
INFO --> [REQ_ID=b4e5929ac5c9] [PERF] Execution time=0.009431

[1 occurrence(s)]
INFO --> [REQ_ID=c0abdc6f1ed8] [PERF] Execution time=0.014909

[1 occurrence(s)]
INFO --> [REQ_ID=438b7a495a75] [PERF] Execution time=0.009555

[1 occurrence(s)]
INFO --> [REQ_ID=76fb9ef84560] [PERF] Execution time=0.014053

[1 occurrence(s)]
INFO --> [REQ_ID=e576e1c631f6] [PERF] Execution time=0.014169

[1 occurrence(s)]
INFO --> [REQ_ID=a52915d9f607] [PERF] Execution time=0.009457

[1 occurrence(s)]
INFO --> [REQ_ID=1ab217999f47] [PERF] Execution time=0.024439

[1 occurrence(s)]
INFO --> [REQ_ID=3e771ded8c7f] [PERF] Execution time=0.014873

[1 occurrence(s)]
INFO --> [REQ_ID=b88d0b404ab8] [PERF] Execution time=0.009451

[1 occurrence(s)]
INFO --> [REQ_ID=1c2f2b0747d4] [PERF] Execution time=0.015981

[1 occurrence(s)]
INFO --> [REQ_ID=6599f549bdb9] [PERF] Execution time=0.014746

[1 occurrence(s)]
INFO --> [REQ_ID=b7fdfbf5004c] [PERF] Execution time=0.018255

[1 occurrence(s)]
INFO --> [REQ_ID=eb6a175c51fb] [PERF] Execution time=0.009398

[1 occurrence(s)]
INFO --> [REQ_ID=dcaec3da9f6e] [PERF] Execution time=0.009683

[1 occurrence(s)]
INFO --> [REQ_ID=9117c9f6f735] [PERF] Execution time=0.021193

[1 occurrence(s)]
INFO --> [REQ_ID=4552ce32be8a] [PERF] Execution time=0.010152

[1 occurrence(s)]
INFO --> [REQ_ID=846d62aa9b43] [PERF] Execution time=0.009416

[1 occurrence(s)]
INFO --> [REQ_ID=21cf3430ba2f] [PERF] Execution time=0.009315

[1 occurrence(s)]
INFO --> [REQ_ID=79e3a5d72e1e] [PERF] Execution time=0.014632

[1 occurrence(s)]
INFO --> [REQ_ID=96aa6ea422bf] [PERF] Execution time=0.015111

[1 occurrence(s)]
INFO --> [REQ_ID=db0f0bd4e57b] [PERF] Execution time=0.009408

[1 occurrence(s)]
INFO --> [REQ_ID=929f80379583] [PERF] Execution time=0.014034

[1 occurrence(s)]
INFO --> [REQ_ID=131baebf1bd3] [PERF] Execution time=0.023805

[1 occurrence(s)]
INFO --> [REQ_ID=2f72a56029f7] [PERF] Execution time=0.009626

[1 occurrence(s)]
INFO --> [REQ_ID=217a66ae28bf] [PERF] Execution time=0.010178

[1 occurrence(s)]
INFO --> [REQ_ID=926fb341dd1e] [PERF] Execution time=0.009327

[1 occurrence(s)]
INFO --> [REQ_ID=a155940e5d88] [PERF] Execution time=0.014058

[1 occurrence(s)]
INFO --> [REQ_ID=7d12bd9fc94e] [PERF] Execution time=0.015888

[1 occurrence(s)]
INFO --> [REQ_ID=f7657ea4bcd4] [PERF] Execution time=0.016569

[1 occurrence(s)]
INFO --> [REQ_ID=839ab11beba0] [PERF] Execution time=0.010274

[1 occurrence(s)]
INFO --> [REQ_ID=2832fda5b0f3] [PERF] Execution time=0.010775

[1 occurrence(s)]
INFO --> [REQ_ID=62a7cc257911] [PERF] Execution time=0.014366

[1 occurrence(s)]
INFO --> [REQ_ID=8c72fff02dfe] [PERF] Execution time=0.027250

[1 occurrence(s)]
INFO --> [REQ_ID=45b32bd0b1e7] [PERF] Execution time=0.016296

[1 occurrence(s)]
INFO --> [REQ_ID=87ccd0d9ff17] [PERF] Execution time=0.013150

[1 occurrence(s)]
INFO --> [REQ_ID=311d6222c408] [PERF] Execution time=0.009301

[1 occurrence(s)]
INFO --> [REQ_ID=ceec8c8d7938] [PERF] Execution time=0.019093

[1 occurrence(s)]
INFO --> [REQ_ID=1487c1e98e7f] [PERF] Execution time=0.015275

[1 occurrence(s)]
INFO --> [REQ_ID=4fcd72455873] [PERF] Execution time=0.013384

[1 occurrence(s)]
INFO --> [REQ_ID=15c65b740665] [PERF] Execution time=0.011359

[1 occurrence(s)]
INFO --> [REQ_ID=4afceaf5957b] [PERF] Execution time=0.009335

[1 occurrence(s)]
INFO --> [REQ_ID=d8432a53c49a] [PERF] Execution time=0.009439

[1 occurrence(s)]
INFO --> [REQ_ID=c5c03c282a78] [PERF] Execution time=0.044010

[1 occurrence(s)]
INFO --> [REQ_ID=41fa8bc0870f] [PERF] Execution time=0.038257

[1 occurrence(s)]
INFO --> [REQ_ID=e9dc7c97b48c] [PERF] Execution time=0.036277

[1 occurrence(s)]
INFO --> [REQ_ID=20fe9f70953b] [PERF] Execution time=0.049003

[1 occurrence(s)]
INFO --> [REQ_ID=9ce2af28cd4c] [MEMORY][controller-start] 4194304

[1 occurrence(s)]
INFO --> [REQ_ID=9ce2af28cd4c] [PERF] Execution time=0.088024

[1 occurrence(s)]
INFO --> [REQ_ID=cb5892e480a0] [PERF] Execution time=0.102856

[1 occurrence(s)]
INFO --> [REQ_ID=48bc036f3c03] [MEMORY][controller-start] 4194304

[1 occurrence(s)]
INFO --> [REQ_ID=48bc036f3c03] [MEMORY][commonData:start] 6291456

[1 occurrence(s)]
INFO --> [REQ_ID=48bc036f3c03] [PERF] Execution time=0.600084

[1 occurrence(s)]
INFO --> [REQ_ID=7e865b179399] [PERF] Execution time=0.611764

[1 occurrence(s)]
INFO --> [REQ_ID=5f81967fc675] [MEMORY][controller-start] 6291456

[1 occurrence(s)]
INFO --> [REQ_ID=5f81967fc675] [PERF] Execution time=0.041271

[1 occurrence(s)]
INFO --> [REQ_ID=60f8acd133d4] [PERF] Execution time=0.051835

[1 occurrence(s)]
INFO --> [REQ_ID=7b7693c4fe6f] [MEMORY][controller-start] 4194304

[1 occurrence(s)]
INFO --> [REQ_ID=7b7693c4fe6f] [MEMORY][commonData:start] 6291456

[1 occurrence(s)]
INFO --> [PERF][HOME] buildCommonData complete in 513.29ms

[1 occurrence(s)]
INFO --> [PERF][HOME] index commonData done in 513.83ms

[1 occurrence(s)]
INFO --> [REQ_ID=7b7693c4fe6f] [MEMORY][commonData:start] 8388608

[1 occurrence(s)]
INFO --> [PERF][HOME] index renderTheme done in 5.11ms

[1 occurrence(s)]
INFO --> [REQ_ID=7b7693c4fe6f] [PERF] Execution time=0.543797

[1 occurrence(s)]
INFO --> [REQ_ID=71f8c30903bf] [PERF] Execution time=0.554532

[1 occurrence(s)]
INFO --> [REQ_ID=c150fe7cb019] [MEMORY][controller-start] 6291456

[1 occurrence(s)]
INFO --> [REQ_ID=c150fe7cb019] [PERF] Execution time=0.034593

[1 occurrence(s)]
INFO --> [REQ_ID=59b9454497fa] [PERF] Execution time=0.046176

[1 occurrence(s)]
INFO --> [REQ_ID=b242edcb8b4c] [MEMORY][controller-start] 6291456

[1 occurrence(s)]
INFO --> [REQ_ID=b242edcb8b4c] [MEMORY][commonData:start] 8388608

[1 occurrence(s)]
INFO --> [PERF][HOME] buildCommonData complete in 493.12ms

[1 occurrence(s)]
INFO --> [PERF][HOME] index commonData done in 493.71ms

[1 occurrence(s)]
INFO --> [REQ_ID=b242edcb8b4c] [MEMORY][commonData:start] 10485760

[1 occurrence(s)]
INFO --> [PERF][HOME] index renderTheme done in 19.27ms

[1 occurrence(s)]
INFO --> [REQ_ID=b242edcb8b4c] [PERF] Execution time=0.655696

[1 occurrence(s)]
INFO --> [REQ_ID=585cc979863e] [PERF] Execution time=0.704013

[1 occurrence(s)]
INFO --> [REQ_ID=5b1773dad106] [MEMORY][controller-start] 4194304

[1 occurrence(s)]
INFO --> [REQ_ID=5b1773dad106] [PERF] Execution time=0.016139

[1 occurrence(s)]
INFO --> [REQ_ID=60c715c26a36] [MEMORY][controller-start] 4194304

[1 occurrence(s)]
INFO --> [REQ_ID=60c715c26a36] [MEMORY][commonData:start] 4194304

[1 occurrence(s)]
INFO --> [PERF][HOME] buildCommonData complete in 492.88ms

[1 occurrence(s)]
INFO --> [PERF][HOME] index commonData done in 493.29ms

[1 occurrence(s)]
INFO --> [REQ_ID=60c715c26a36] [MEMORY][commonData:start] 8388608

[1 occurrence(s)]
INFO --> [PERF][HOME] index renderTheme done in 6.08ms

[1 occurrence(s)]
INFO --> [REQ_ID=60c715c26a36] [PERF] Execution time=0.514343

[1 occurrence(s)]
INFO --> [REQ_ID=35a7e609bf17] [PERF] Execution time=0.524801

[1 occurrence(s)]
INFO --> [REQ_ID=600e96806248] [PERF] Execution time=0.070250

[1 occurrence(s)]
INFO --> [REQ_ID=72cb7b666540] [PERF] Execution time=0.044898

[1 occurrence(s)]
INFO --> [REQ_ID=3faecb811c4d] [MEMORY][controller-start] 6291456

[1 occurrence(s)]
INFO --> [REQ_ID=3faecb811c4d] [MEMORY][commonData:start] 8388608

[1 occurrence(s)]
INFO --> [PERF][HOME] buildCommonData complete in 545.51ms

[1 occurrence(s)]
INFO --> [PERF][HOME] index commonData done in 546.16ms

[1 occurrence(s)]
INFO --> [REQ_ID=3faecb811c4d] [MEMORY][commonData:start] 10485760

[1 occurrence(s)]
INFO --> [PERF][HOME] index renderTheme done in 6.93ms

[1 occurrence(s)]
INFO --> [REQ_ID=3faecb811c4d] [PERF] Execution time=0.696649

[1 occurrence(s)]
INFO --> [REQ_ID=d494ec535ad9] [PERF] Execution time=0.738133

[1 occurrence(s)]
INFO --> [REQ_ID=7e3e25fdc689] [PERF] Execution time=0.147012

[1 occurrence(s)]
INFO --> [REQ_ID=c9928e5b9177] [PERF] Execution time=0.014059

[1 occurrence(s)]
INFO --> [REQ_ID=897f486dca6f] [MEMORY][controller-start] 6291456

[1 occurrence(s)]
INFO --> [REQ_ID=897f486dca6f] [MEMORY][commonData:start] 8388608

[1 occurrence(s)]
INFO --> [PERF][HOME] buildCommonData complete in 507.43ms

[1 occurrence(s)]
INFO --> [PERF][HOME] index commonData done in 508.2ms

[1 occurrence(s)]
INFO --> [REQ_ID=897f486dca6f] [MEMORY][commonData:start] 10485760

[1 occurrence(s)]
INFO --> [PERF][HOME] index renderTheme done in 7.95ms

[1 occurrence(s)]
INFO --> [REQ_ID=897f486dca6f] [PERF] Execution time=0.728074

[1 occurrence(s)]
INFO --> [REQ_ID=3948bea452ff] [PERF] Execution time=0.769111

[1 occurrence(s)]
INFO --> [REQ_ID=45ce0fd74b63] [PERF] Execution time=0.060466

[1 occurrence(s)]
INFO --> [REQ_ID=1092b01bcb38] [MEMORY][controller-start] 4194304

[1 occurrence(s)]
INFO --> [REQ_ID=1092b01bcb38] [PERF] Execution time=0.146854

[1 occurrence(s)]
INFO --> [REQ_ID=7db88f9be804] [PERF] Execution time=0.160834

[1 occurrence(s)]
INFO --> [REQ_ID=e215767ffd3a] [PERF] Execution time=0.051722

[1 occurrence(s)]
INFO --> [REQ_ID=6f7d8ef429d5] [MEMORY][controller-start] 4194304

[1 occurrence(s)]
INFO --> [REQ_ID=6f7d8ef429d5] [MEMORY][commonData:start] 6291456

[1 occurrence(s)]
INFO --> [PERF][HOME] buildCommonData complete in 589.42ms

[1 occurrence(s)]
INFO --> [PERF][HOME] index commonData done in 590.07ms

[1 occurrence(s)]
INFO --> [REQ_ID=6f7d8ef429d5] [MEMORY][commonData:start] 8388608

[1 occurrence(s)]
INFO --> [PERF][HOME] index renderTheme done in 20.52ms

[1 occurrence(s)]
INFO --> [REQ_ID=6f7d8ef429d5] [PERF] Execution time=0.684538

[1 occurrence(s)]
INFO --> [REQ_ID=079717b81203] [PERF] Execution time=0.696725

[1 occurrence(s)]
INFO --> [REQ_ID=fc47eafbb272] [PERF] Execution time=0.058033

[1 occurrence(s)]
INFO --> [spark:ops:work] Started

[1 occurrence(s)]
INFO --> [SPARK_START] App\Commands\Ops\Work

[3 occurrence(s)]
INFO --> [SPARK_MEMORY] 20971520

[1 occurrence(s)]
INFO --> [spark:ops:work] Intent

[1 occurrence(s)]
INFO --> [spark:ops:work] Completed

[1 occurrence(s)]
INFO --> [SPARK_COMPLETE] App\Commands\Ops\Work duration=0.051435

[1 occurrence(s)]
INFO --> [SPARK_MEMORY] 23068672

[1 occurrence(s)]
INFO --> [SPARK_START] App\Commands\AIOps\Run

[1 occurrence(s)]
INFO --> [spark:aiops:run] Intent

[1 occurrence(s)]
INFO --> [AIOPS][SPARK][GOVERNANCE][spark:logs:summarize] Started

[1 occurrence(s)]
INFO --> [SPARK_START] App\Commands\Logs\Summarize

[1 occurrence(s)]
INFO --> [spark:logs:summarize] Intent


---------------------------
LEVEL: NOTICE
---------------------------

[2 occurrence(s)]
NOTICE --> [ACTIVATION] Activation failed: missing token


---------------------------
LEVEL: WARNING
---------------------------

[222 occurrence(s)]
WARNING --> Optional view path missing; using default path


---------------------------
LEVEL: ERROR
---------------------------

[175 occurrence(s)]
ERROR --> [404_ROUTE]

[2 occurrence(s)]
ERROR --> Table 'mymiwallet.blog_posts' doesn't exist


===============================================
   HERE'S THE NEW STUFF
   (No previous timestamp recorded – nothing treated as new)
===============================================

---- CONFIG LINT ----
✅ Services::cache
✅ Services::responsecache
✅ Services::session
✅ Services::email
✅ Services::logger
✅ Services::validation
✅ Services::renderer
