===============================================
   MyMI Wallet — Log Summary for 2026-03-05
   Auto-generated by logs:summarize command
   Grouped by (LEVEL + message)
===============================================

Last processed up to: 2026-03-05 20:00:03

---------------------------
LEVEL: DEBUG
---------------------------

[1 occurrence(s)]
DEBUG --> [REQ_ID=adda812d448b] [REQUEST][START] GET /

[202 occurrence(s)]
DEBUG --> Session: Class initialized using 'CodeIgniter\Session\Handlers\FileHandler' driver.

[1 occurrence(s)]
DEBUG --> [REQ_ID=adda812d448b] [FILTER_BEFORE] /

[1 occurrence(s)]
DEBUG --> [REQ_ID=adda812d448b] [ROUTE] Controller=\App\Controllers\Home Method=index

[1 occurrence(s)]
DEBUG --> [REQ_ID=adda812d448b] [LIFECYCLE][START] GET https://www.mymiwallet.com/index.php/

[1 occurrence(s)]
DEBUG --> [CSRF] token name=csrf_test_name hash=97c35df941bc49ddd96abe42031ed350

[1 occurrence(s)]
DEBUG --> [REQ_ID=96827b346abe] [INIT] App\Controllers\Home::GET

[30 occurrence(s)]
DEBUG --> MyMIUser L52 - initialized (first log).

[13 occurrence(s)]
DEBUG --> [MetaService] slug= pageName= cacheHit= path=FALLBACK

[1 occurrence(s)]
DEBUG --> [REQ_ID=96827b346abe] [VIEW_RENDER] themes/public/home

[8 occurrence(s)]
DEBUG --> [MetaService] slug= pageName=Home cacheHit= path=DB

[1 occurrence(s)]
DEBUG --> [REQ_ID=adda812d448b] [FILTER_AFTER]

[1 occurrence(s)]
DEBUG --> [REQ_ID=adda812d448b] [LIFECYCLE][END] status=200 duration_ms=718.48 memory_delta=4194304

[1 occurrence(s)]
DEBUG --> [REQ_ID=adda812d448b] [REQUEST][END]

[1 occurrence(s)]
DEBUG --> [REQ_ID=c939e20ed4b9] [REQUEST][START] HEAD /

[1 occurrence(s)]
DEBUG --> [REQ_ID=55e0d4b20419] [REQUEST][START] HEAD /

[1 occurrence(s)]
DEBUG --> [REQ_ID=ec4f9a77ac38] [REQUEST][START] GET /index.php/API/Alerts/fetchEmailAlerts

[1 occurrence(s)]
DEBUG --> [REQ_ID=ec4f9a77ac38] [FILTER_BEFORE] /index.php/API/Alerts/fetchEmailAlerts

[1 occurrence(s)]
DEBUG --> [REQ_ID=ec4f9a77ac38] [ROUTE] Controller=\App\Modules\APIs\Controllers\AlertsAPIController Method=fetchEmailAlerts

[1 occurrence(s)]
DEBUG --> [REQ_ID=ec4f9a77ac38] [LIFECYCLE][START] GET https://www.mymiwallet.com/index.php/API/Alerts/fetchEmailAlerts

[1 occurrence(s)]
DEBUG --> [REQ_ID=ec4f9a77ac38] [REQUEST][END]

[1 occurrence(s)]
DEBUG --> [REQ_ID=35719f3c9059] [REQUEST][START] HEAD /

[1 occurrence(s)]
DEBUG --> [REQ_ID=c075be0354cb] [REQUEST][START] GET /

[1 occurrence(s)]
DEBUG --> [REQ_ID=c075be0354cb] [FILTER_BEFORE] /

[1 occurrence(s)]
DEBUG --> [REQ_ID=c075be0354cb] [ROUTE] Controller=\App\Controllers\Home Method=index

[1 occurrence(s)]
DEBUG --> [REQ_ID=c075be0354cb] [LIFECYCLE][START] GET https://www.mymiwallet.com/index.php/

[1 occurrence(s)]
DEBUG --> [CSRF] token name=csrf_test_name hash=5e272d6b8e3e7cccbb7bf5afdbaaba82

[1 occurrence(s)]
DEBUG --> [REQ_ID=853bd6458ded] [INIT] App\Controllers\Home::GET

[9 occurrence(s)]
DEBUG --> [MetaService] slug= pageName= cacheHit=1 path=CACHE

[1 occurrence(s)]
DEBUG --> [REQ_ID=853bd6458ded] [VIEW_RENDER] themes/public/home

[14 occurrence(s)]
DEBUG --> [MetaService] slug= pageName=Home cacheHit=1 path=CACHE

[1 occurrence(s)]
DEBUG --> [REQ_ID=c075be0354cb] [FILTER_AFTER]

[1 occurrence(s)]
DEBUG --> [REQ_ID=c075be0354cb] [LIFECYCLE][END] status=200 duration_ms=680.58 memory_delta=4194304

[1 occurrence(s)]
DEBUG --> [REQ_ID=c075be0354cb] [REQUEST][END]

[1 occurrence(s)]
DEBUG --> [REQ_ID=08161a6ad392] [REQUEST][START] GET /

[1 occurrence(s)]
DEBUG --> [REQ_ID=08161a6ad392] [FILTER_BEFORE] /

[1 occurrence(s)]
DEBUG --> [REQ_ID=08161a6ad392] [ROUTE] Controller=\App\Controllers\Home Method=index

[1 occurrence(s)]
DEBUG --> [REQ_ID=08161a6ad392] [LIFECYCLE][START] GET https://www.mymiwallet.com/index.php/

[1 occurrence(s)]
DEBUG --> [CSRF] token name=csrf_test_name hash=9083c76ec214ce2677a224df7bb0d948

[1 occurrence(s)]
DEBUG --> [REQ_ID=d26645188466] [INIT] App\Controllers\Home::GET

[1 occurrence(s)]
DEBUG --> [REQ_ID=d26645188466] [VIEW_RENDER] themes/public/home

[1 occurrence(s)]
DEBUG --> [REQ_ID=08161a6ad392] [FILTER_AFTER]

[1 occurrence(s)]
DEBUG --> [REQ_ID=08161a6ad392] [LIFECYCLE][END] status=200 duration_ms=527.44 memory_delta=2097152

[1 occurrence(s)]
DEBUG --> [REQ_ID=08161a6ad392] [REQUEST][END]

[1 occurrence(s)]
DEBUG --> [REQ_ID=1344a9b303e1] [REQUEST][START] HEAD /

[1 occurrence(s)]
DEBUG --> [REQ_ID=b7639d6fe08a] [REQUEST][START] GET /

[1 occurrence(s)]
DEBUG --> [REQ_ID=b7639d6fe08a] [FILTER_BEFORE] /

[1 occurrence(s)]
DEBUG --> [REQ_ID=b7639d6fe08a] [ROUTE] Controller=\App\Controllers\Home Method=index

[1 occurrence(s)]
DEBUG --> [REQ_ID=b7639d6fe08a] [LIFECYCLE][START] GET https://www.mymiwallet.com/index.php/

[1 occurrence(s)]
DEBUG --> [CSRF] token name=csrf_test_name hash=af0fd1bb85a6f2afa8fb9911b1670ef1

[1 occurrence(s)]
DEBUG --> [REQ_ID=85764ae08286] [INIT] App\Controllers\Home::GET

[1 occurrence(s)]
DEBUG --> [REQ_ID=85764ae08286] [VIEW_RENDER] themes/public/home

[1 occurrence(s)]
DEBUG --> [REQ_ID=b7639d6fe08a] [FILTER_AFTER]

[1 occurrence(s)]
DEBUG --> [REQ_ID=b7639d6fe08a] [LIFECYCLE][END] status=200 duration_ms=647.05 memory_delta=4194304

[1 occurrence(s)]
DEBUG --> [REQ_ID=b7639d6fe08a] [REQUEST][END]

[1 occurrence(s)]
DEBUG --> [REQ_ID=dbf217923fea] [REQUEST][START] HEAD /

[1 occurrence(s)]
DEBUG --> [REQ_ID=013e3ebc2d87] [REQUEST][START] GET /index.php/Wallets/Purchase/Memberships/Pro

[1 occurrence(s)]
DEBUG --> [REQ_ID=013e3ebc2d87] [FILTER_BEFORE] /index.php/Wallets/Purchase/Memberships/Pro

[1 occurrence(s)]
DEBUG --> [REQ_ID=013e3ebc2d87] [ROUTE] Controller=\App\Modules\User\Controllers\WalletsController Method=purchase

[1 occurrence(s)]
DEBUG --> [REQ_ID=013e3ebc2d87] [LIFECYCLE][START] GET https://www.mymiwallet.com/index.php/Wallets/Purchase/Memberships/Pro

[1 occurrence(s)]
DEBUG --> [CSRF] token name=csrf_test_name hash=3da532d61055ef57991a399fb31602d4

[1 occurrence(s)]
DEBUG --> [REQ_ID=013e3ebc2d87] [REQUEST][END]

[1 occurrence(s)]
DEBUG --> [REQ_ID=23f7f687a7cc] [REQUEST][START] GET /index.php/login

[1 occurrence(s)]
DEBUG --> [REQ_ID=23f7f687a7cc] [FILTER_BEFORE] /index.php/login

[1 occurrence(s)]
DEBUG --> [REQ_ID=23f7f687a7cc] [ROUTE] Controller=\App\Controllers\AuthController Method=login

[1 occurrence(s)]
DEBUG --> [REQ_ID=23f7f687a7cc] [LIFECYCLE][START] GET https://www.mymiwallet.com/index.php/login

[1 occurrence(s)]
DEBUG --> [CSRF] token name=csrf_test_name hash=9fa992b5639f6ac638ce63bca336416e

[1 occurrence(s)]
DEBUG --> [REQ_ID=bdbf99167177] [INIT] App\Controllers\AuthController::GET

[1 occurrence(s)]
DEBUG --> [REQ_ID=23f7f687a7cc] [FILTER_AFTER]

[1 occurrence(s)]
DEBUG --> [REQ_ID=23f7f687a7cc] [LIFECYCLE][END] status=200 duration_ms=105.79 memory_delta=0

[1 occurrence(s)]
DEBUG --> [REQ_ID=23f7f687a7cc] [REQUEST][END]

[1 occurrence(s)]
DEBUG --> [REQ_ID=acaad60e5f40] [REQUEST][START] GET /index.php/Management/Marketing/Blog-Creator

[1 occurrence(s)]
DEBUG --> [REQ_ID=acaad60e5f40] [FILTER_BEFORE] /index.php/Management/Marketing/Blog-Creator

[1 occurrence(s)]
DEBUG --> [REQ_ID=acaad60e5f40] [ROUTE] Controller=\App\Modules\Management\Controllers\MarketingAdminController Method=blogCreator

[1 occurrence(s)]
DEBUG --> [REQ_ID=acaad60e5f40] [LIFECYCLE][START] GET https://www.mymiwallet.com/index.php/Management/Marketing/Blog-Creator

[1 occurrence(s)]
DEBUG --> [CSRF] token name=csrf_test_name hash=9c09b6342afa2a6ca745a8229aa76266

[1 occurrence(s)]
DEBUG --> [REQ_ID=acaad60e5f40] [REQUEST][END]

[1 occurrence(s)]
DEBUG --> [REQ_ID=7808175e3a9a] [REQUEST][START] GET /index.php/login

[1 occurrence(s)]
DEBUG --> [REQ_ID=7808175e3a9a] [FILTER_BEFORE] /index.php/login

[1 occurrence(s)]
DEBUG --> [REQ_ID=7808175e3a9a] [ROUTE] Controller=\App\Controllers\AuthController Method=login

[1 occurrence(s)]
DEBUG --> [REQ_ID=7808175e3a9a] [LIFECYCLE][START] GET https://www.mymiwallet.com/index.php/login

[1 occurrence(s)]
DEBUG --> [CSRF] token name=csrf_test_name hash=64fd35477529534676bb530c22ae03ac

[1 occurrence(s)]
DEBUG --> [REQ_ID=c95e7054eec0] [INIT] App\Controllers\AuthController::GET

[1 occurrence(s)]
DEBUG --> [REQ_ID=7808175e3a9a] [FILTER_AFTER]

[1 occurrence(s)]
DEBUG --> [REQ_ID=7808175e3a9a] [LIFECYCLE][END] status=200 duration_ms=285.20 memory_delta=0

[1 occurrence(s)]
DEBUG --> [REQ_ID=7808175e3a9a] [REQUEST][END]

[1 occurrence(s)]
DEBUG --> [REQ_ID=53bffc3ea2b6] [REQUEST][START] GET /index.php/Account

[1 occurrence(s)]
DEBUG --> [REQ_ID=53bffc3ea2b6] [FILTER_BEFORE] /index.php/Account

[1 occurrence(s)]
DEBUG --> [REQ_ID=53bffc3ea2b6] [ROUTE] Controller=\App\Modules\User\Controllers\DashboardController Method=account

[1 occurrence(s)]
DEBUG --> [REQ_ID=53bffc3ea2b6] [LIFECYCLE][START] GET https://www.mymiwallet.com/index.php/Account

[1 occurrence(s)]
DEBUG --> [CSRF] token name=csrf_test_name hash=035201936db98c22dc541e65e17c2cd5

[1 occurrence(s)]
DEBUG --> [REQ_ID=53bffc3ea2b6] [REQUEST][END]

[1 occurrence(s)]
DEBUG --> [REQ_ID=166fcabe8f96] [REQUEST][START] GET /index.php/login

[1 occurrence(s)]
DEBUG --> [REQ_ID=166fcabe8f96] [FILTER_BEFORE] /index.php/login

[1 occurrence(s)]
DEBUG --> [REQ_ID=166fcabe8f96] [ROUTE] Controller=\App\Controllers\AuthController Method=login

[1 occurrence(s)]
DEBUG --> [REQ_ID=166fcabe8f96] [LIFECYCLE][START] GET https://www.mymiwallet.com/index.php/login

[1 occurrence(s)]
DEBUG --> [CSRF] token name=csrf_test_name hash=78ef0d0f273d11de329bf803301f9716

[1 occurrence(s)]
DEBUG --> [REQ_ID=86928b3b1bec] [INIT] App\Controllers\AuthController::GET

[1 occurrence(s)]
DEBUG --> [REQ_ID=166fcabe8f96] [FILTER_AFTER]

[1 occurrence(s)]
DEBUG --> [REQ_ID=166fcabe8f96] [LIFECYCLE][END] status=200 duration_ms=306.21 memory_delta=0

[1 occurrence(s)]
DEBUG --> [REQ_ID=166fcabe8f96] [REQUEST][END]

[1 occurrence(s)]
DEBUG --> [REQ_ID=368257bc1df0] [REQUEST][START] HEAD /

[1 occurrence(s)]
DEBUG --> [REQ_ID=e51d8572248d] [REQUEST][START] HEAD /

[1 occurrence(s)]
DEBUG --> [REQ_ID=18f42fb39b50] [REQUEST][START] HEAD /

[1 occurrence(s)]
DEBUG --> [REQ_ID=ce10c37f1f7b] [REQUEST][START] HEAD /

[1 occurrence(s)]
DEBUG --> [REQ_ID=8ee861486205] [REQUEST][START] HEAD /

[1 occurrence(s)]
DEBUG --> [REQ_ID=c744a4a6c176] [REQUEST][START] HEAD /

[1 occurrence(s)]
DEBUG --> [REQ_ID=801a3024fbee] [REQUEST][START] GET /index.php/How-It-Works/account-settings

[1 occurrence(s)]
DEBUG --> [REQ_ID=801a3024fbee] [FILTER_BEFORE] /index.php/How-It-Works/account-settings

[1 occurrence(s)]
DEBUG --> [REQ_ID=801a3024fbee] [ROUTE] Controller=\App\Modules\Blog\Controllers\HowItWorksController Method=show

[1 occurrence(s)]
DEBUG --> [REQ_ID=801a3024fbee] [LIFECYCLE][START] GET https://www.mymiwallet.com/index.php/How-It-Works/account-settings

[1 occurrence(s)]
DEBUG --> [CSRF] token name=csrf_test_name hash=f3d6b082fdb35f13a10b9319910af6b2

[1 occurrence(s)]
DEBUG --> [REQ_ID=0b971e623571] [INIT] App\Modules\Blog\Controllers\HowItWorksController::GET

[1 occurrence(s)]
DEBUG --> [REQ_ID=0b971e623571] [METHOD_ENTRY] show

[7 occurrence(s)]
DEBUG --> [SERVICE] App\Services\BudgetService ::setUserId

[21 occurrence(s)]
DEBUG --> MyMICoin: guest context detected; skipping user-specific preload.

[1 occurrence(s)]
DEBUG --> [REQ_ID=0b971e623571] [VIEW_RENDER] App\Modules\Blog\Views\HowItWorks\index

[1 occurrence(s)]
DEBUG --> [MetaService] slug=how-it-works/account-settings pageName= cacheHit= path=DB

[1 occurrence(s)]
DEBUG --> [MetaService] slug=how-it-works/account-settings pageName= cacheHit=1 path=CACHE

[1 occurrence(s)]
DEBUG --> [REQ_ID=801a3024fbee] [FILTER_AFTER]

[1 occurrence(s)]
DEBUG --> [REQ_ID=801a3024fbee] [LIFECYCLE][END] status=200 duration_ms=811.91 memory_delta=4194304

[1 occurrence(s)]
DEBUG --> [REQ_ID=801a3024fbee] [REQUEST][END]

[1 occurrence(s)]
DEBUG --> [REQ_ID=27ce40fdd035] [REQUEST][START] HEAD /

[1 occurrence(s)]
DEBUG --> [REQ_ID=ff272c37497e] [REQUEST][START] HEAD /

[1 occurrence(s)]
DEBUG --> [REQ_ID=2882cb00ad41] [REQUEST][START] GET /index.php/API/Management/Run-CRON-Tasks

[1 occurrence(s)]
DEBUG --> [REQ_ID=2882cb00ad41] [FILTER_BEFORE] /index.php/API/Management/Run-CRON-Tasks

[1 occurrence(s)]
DEBUG --> [REQ_ID=2882cb00ad41] [ROUTE] Controller=\App\Modules\Management\Controllers\ManagementAPIController Method=Run_CRON_Tasks

[1 occurrence(s)]
DEBUG --> [REQ_ID=2882cb00ad41] [LIFECYCLE][START] GET https://www.mymiwallet.com/index.php/API/Management/Run-CRON-Tasks

[1 occurrence(s)]
DEBUG --> [REQ_ID=2882cb00ad41] [REQUEST][END]

[1 occurrence(s)]
DEBUG --> [REQ_ID=6f00b1225574] [REQUEST][START] HEAD /

[1 occurrence(s)]
DEBUG --> [REQ_ID=05e79b2a12d6] [REQUEST][START] GET /index.php/Management/Marketing/Content/Generator

[1 occurrence(s)]
DEBUG --> [REQ_ID=05e79b2a12d6] [FILTER_BEFORE] /index.php/Management/Marketing/Content/Generator

[1 occurrence(s)]
DEBUG --> [REQ_ID=05e79b2a12d6] [ROUTE] Controller=\App\Modules\Management\Controllers\MarketingAdminController Method=contentGenerator

[1 occurrence(s)]
DEBUG --> [REQ_ID=05e79b2a12d6] [LIFECYCLE][START] GET https://www.mymiwallet.com/index.php/Management/Marketing/Content/Generator

[1 occurrence(s)]
DEBUG --> [CSRF] token name=csrf_test_name hash=9bf02ab45e2071fe97bbcd6689ffae4a

[1 occurrence(s)]
DEBUG --> [REQ_ID=05e79b2a12d6] [REQUEST][END]

[1 occurrence(s)]
DEBUG --> [REQ_ID=0cdb03c6ff3b] [REQUEST][START] GET /index.php/login

[1 occurrence(s)]
DEBUG --> [REQ_ID=0cdb03c6ff3b] [FILTER_BEFORE] /index.php/login

[1 occurrence(s)]
DEBUG --> [REQ_ID=0cdb03c6ff3b] [ROUTE] Controller=\App\Controllers\AuthController Method=login

[1 occurrence(s)]
DEBUG --> [REQ_ID=0cdb03c6ff3b] [LIFECYCLE][START] GET https://www.mymiwallet.com/index.php/login

[1 occurrence(s)]
DEBUG --> [CSRF] token name=csrf_test_name hash=d509c172d1eab527df8a0d4dd74b1e2e

[1 occurrence(s)]
DEBUG --> [REQ_ID=19c34d160d87] [INIT] App\Controllers\AuthController::GET

[1 occurrence(s)]
DEBUG --> [REQ_ID=0cdb03c6ff3b] [FILTER_AFTER]

[1 occurrence(s)]
DEBUG --> [REQ_ID=0cdb03c6ff3b] [LIFECYCLE][END] status=200 duration_ms=108.90 memory_delta=0

[1 occurrence(s)]
DEBUG --> [REQ_ID=0cdb03c6ff3b] [REQUEST][END]

[1 occurrence(s)]
DEBUG --> [REQ_ID=c62c368c8d2d] [REQUEST][START] HEAD /

[1 occurrence(s)]
DEBUG --> [REQ_ID=05c4e8cc0bb7] [REQUEST][START] HEAD /

[1 occurrence(s)]
DEBUG --> [REQ_ID=d8adaa6e0d4c] [REQUEST][START] GET /

[1 occurrence(s)]
DEBUG --> [REQ_ID=d8adaa6e0d4c] [FILTER_BEFORE] /

[1 occurrence(s)]
DEBUG --> [REQ_ID=d8adaa6e0d4c] [ROUTE] Controller=\App\Controllers\Home Method=index

[1 occurrence(s)]
DEBUG --> [REQ_ID=d8adaa6e0d4c] [LIFECYCLE][START] GET https://www.mymiwallet.com/index.php/

[1 occurrence(s)]
DEBUG --> [CSRF] token name=csrf_test_name hash=732740d8eafc9c7d35a95cfbfbf5af93

[1 occurrence(s)]
DEBUG --> [REQ_ID=9e567cdfcb34] [INIT] App\Controllers\Home::GET

[1 occurrence(s)]
DEBUG --> [REQ_ID=9e567cdfcb34] [VIEW_RENDER] themes/public/home

[1 occurrence(s)]
DEBUG --> [REQ_ID=d8adaa6e0d4c] [FILTER_AFTER]

[1 occurrence(s)]
DEBUG --> [REQ_ID=d8adaa6e0d4c] [LIFECYCLE][END] status=200 duration_ms=620.35 memory_delta=4194304

[1 occurrence(s)]
DEBUG --> [REQ_ID=d8adaa6e0d4c] [REQUEST][END]

[1 occurrence(s)]
DEBUG --> [REQ_ID=a36bbcbfb1f4] [REQUEST][START] GET /index.php/API/Alerts/fetchEmailAlerts

[1 occurrence(s)]
DEBUG --> [REQ_ID=a36bbcbfb1f4] [FILTER_BEFORE] /index.php/API/Alerts/fetchEmailAlerts

[1 occurrence(s)]
DEBUG --> [REQ_ID=a36bbcbfb1f4] [ROUTE] Controller=\App\Modules\APIs\Controllers\AlertsAPIController Method=fetchEmailAlerts

[1 occurrence(s)]
DEBUG --> [REQ_ID=a36bbcbfb1f4] [LIFECYCLE][START] GET https://www.mymiwallet.com/index.php/API/Alerts/fetchEmailAlerts

[1 occurrence(s)]
DEBUG --> [REQ_ID=a36bbcbfb1f4] [REQUEST][END]

[1 occurrence(s)]
DEBUG --> [REQ_ID=75739c4dec83] [REQUEST][START] HEAD /

[1 occurrence(s)]
DEBUG --> [REQ_ID=c43f81e6bf07] [REQUEST][START] HEAD /

[1 occurrence(s)]
DEBUG --> [REQ_ID=46e30645ac6d] [REQUEST][START] HEAD /

[1 occurrence(s)]
DEBUG --> [REQ_ID=361016759a32] [REQUEST][START] HEAD /

[1 occurrence(s)]
DEBUG --> [REQ_ID=0cf8f9ccfc84] [REQUEST][START] HEAD /

[1 occurrence(s)]
DEBUG --> [REQ_ID=4ce82301506a] [REQUEST][START] HEAD /

[1 occurrence(s)]
DEBUG --> [REQ_ID=f4d3c65ab059] [REQUEST][START] GET /index.php/How-It-Works/MyMI-Exchange

[1 occurrence(s)]
DEBUG --> [REQ_ID=f4d3c65ab059] [FILTER_BEFORE] /index.php/How-It-Works/MyMI-Exchange

[1 occurrence(s)]
DEBUG --> [REQ_ID=f4d3c65ab059] [ROUTE] Controller=\App\Modules\Blog\Controllers\HowItWorksController Method=show

[1 occurrence(s)]
DEBUG --> [REQ_ID=f4d3c65ab059] [LIFECYCLE][START] GET https://www.mymiwallet.com/index.php/How-It-Works/MyMI-Exchange

[1 occurrence(s)]
DEBUG --> [CSRF] token name=csrf_test_name hash=6781a5e6bbacd849df647356d91a52a4

[1 occurrence(s)]
DEBUG --> [REQ_ID=22c02d0cdad3] [INIT] App\Modules\Blog\Controllers\HowItWorksController::GET

[1 occurrence(s)]
DEBUG --> [REQ_ID=22c02d0cdad3] [METHOD_ENTRY] show

[1 occurrence(s)]
DEBUG --> [REQ_ID=22c02d0cdad3] [VIEW_RENDER] App\Modules\Blog\Views\HowItWorks\Manage_Finances

[1 occurrence(s)]
DEBUG --> [REQ_ID=f4d3c65ab059] [FILTER_AFTER]

[1 occurrence(s)]
DEBUG --> [REQ_ID=f4d3c65ab059] [LIFECYCLE][END] status=200 duration_ms=1,401.71 memory_delta=8388608

[1 occurrence(s)]
DEBUG --> [REQ_ID=f4d3c65ab059] [REQUEST][END]

[1 occurrence(s)]
DEBUG --> [REQ_ID=910dfa5c0b83] [REQUEST][START] HEAD /

[1 occurrence(s)]
DEBUG --> [REQ_ID=e30d48f350fa] [REQUEST][START] HEAD /

[1 occurrence(s)]
DEBUG --> [REQ_ID=52440155c47c] [REQUEST][START] HEAD /

[1 occurrence(s)]
DEBUG --> [REQ_ID=64b3d68680c1] [REQUEST][START] GET /index.php/API/Management/Run-CRON-Tasks

[1 occurrence(s)]
DEBUG --> [REQ_ID=64b3d68680c1] [FILTER_BEFORE] /index.php/API/Management/Run-CRON-Tasks

[1 occurrence(s)]
DEBUG --> [REQ_ID=64b3d68680c1] [ROUTE] Controller=\App\Modules\Management\Controllers\ManagementAPIController Method=Run_CRON_Tasks

[1 occurrence(s)]
DEBUG --> [REQ_ID=64b3d68680c1] [LIFECYCLE][START] GET https://www.mymiwallet.com/index.php/API/Management/Run-CRON-Tasks

[1 occurrence(s)]
DEBUG --> [REQ_ID=64b3d68680c1] [REQUEST][END]

[1 occurrence(s)]
DEBUG --> LOG_HEALTHCHECK debug marker=549c6652616d

[8 occurrence(s)]
DEBUG --> OllamaPatchRunner:L142 - validateGeneratedPatch Content:

[4 occurrence(s)]
DEBUG --> OllamaPatchRunner:L51 - Retried Diff:

[4 occurrence(s)]
DEBUG --> OllamaPatchRunner:L53 - Validating Generated Patch Failed

[1 occurrence(s)]
DEBUG --> [REQ_ID=ade229ae6538] [REQUEST][START] HEAD /

[1 occurrence(s)]
DEBUG --> [REQ_ID=2ccdfde46530] [REQUEST][START] HEAD /

[1 occurrence(s)]
DEBUG --> [REQ_ID=0588109c088e] [REQUEST][START] GET /index.php/Management/Assets

[1 occurrence(s)]
DEBUG --> [REQ_ID=0588109c088e] [FILTER_BEFORE] /index.php/Management/Assets

[1 occurrence(s)]
DEBUG --> [REQ_ID=0588109c088e] [ROUTE] Controller=\App\Modules\Management\Controllers\AssetsAdminController Method=index

[1 occurrence(s)]
DEBUG --> [REQ_ID=0588109c088e] [LIFECYCLE][START] GET https://www.mymiwallet.com/index.php/Management/Assets

[1 occurrence(s)]
DEBUG --> [CSRF] token name=csrf_test_name hash=97de5f07b698743c88ac6c74a8b2900f

[1 occurrence(s)]
DEBUG --> [REQ_ID=0588109c088e] [REQUEST][END]

[1 occurrence(s)]
DEBUG --> [REQ_ID=6702c20a7218] [REQUEST][START] GET /index.php/login

[1 occurrence(s)]
DEBUG --> [REQ_ID=6702c20a7218] [FILTER_BEFORE] /index.php/login

[1 occurrence(s)]
DEBUG --> [REQ_ID=6702c20a7218] [ROUTE] Controller=\App\Controllers\AuthController Method=login

[1 occurrence(s)]
DEBUG --> [REQ_ID=6702c20a7218] [LIFECYCLE][START] GET https://www.mymiwallet.com/index.php/login

[1 occurrence(s)]
DEBUG --> [CSRF] token name=csrf_test_name hash=0c5c5ac1959fa5d0cc9cebafb5993367

[1 occurrence(s)]
DEBUG --> [REQ_ID=776e7aaac7b3] [INIT] App\Controllers\AuthController::GET

[1 occurrence(s)]
DEBUG --> [REQ_ID=6702c20a7218] [FILTER_AFTER]

[1 occurrence(s)]
DEBUG --> [REQ_ID=6702c20a7218] [LIFECYCLE][END] status=200 duration_ms=114.38 memory_delta=0

[1 occurrence(s)]
DEBUG --> [REQ_ID=6702c20a7218] [REQUEST][END]

[1 occurrence(s)]
DEBUG --> [REQ_ID=2ed68f43cc8a] [REQUEST][START] HEAD /

[1 occurrence(s)]
DEBUG --> [REQ_ID=d72c71764298] [REQUEST][START] GET /index.php/API/Alerts/fetchEmailAlerts

[1 occurrence(s)]
DEBUG --> [REQ_ID=d72c71764298] [FILTER_BEFORE] /index.php/API/Alerts/fetchEmailAlerts

[1 occurrence(s)]
DEBUG --> [REQ_ID=d72c71764298] [ROUTE] Controller=\App\Modules\APIs\Controllers\AlertsAPIController Method=fetchEmailAlerts

[1 occurrence(s)]
DEBUG --> [REQ_ID=d72c71764298] [LIFECYCLE][START] GET https://www.mymiwallet.com/index.php/API/Alerts/fetchEmailAlerts

[1 occurrence(s)]
DEBUG --> [REQ_ID=d72c71764298] [REQUEST][END]

[1 occurrence(s)]
DEBUG --> [REQ_ID=f66c0e147122] [REQUEST][START] HEAD /

[1 occurrence(s)]
DEBUG --> [REQ_ID=7180fcb12574] [REQUEST][START] GET /

[1 occurrence(s)]
DEBUG --> [REQ_ID=7180fcb12574] [FILTER_BEFORE] /

[1 occurrence(s)]
DEBUG --> [REQ_ID=7180fcb12574] [ROUTE] Controller=\App\Controllers\Home Method=index

[1 occurrence(s)]
DEBUG --> [REQ_ID=7180fcb12574] [LIFECYCLE][START] GET https://www.mymiwallet.com/index.php/

[1 occurrence(s)]
DEBUG --> [CSRF] token name=csrf_test_name hash=97599a02798ea1e9de8f99ab3084d6fc

[1 occurrence(s)]
DEBUG --> [REQ_ID=a8d25bf5883b] [INIT] App\Controllers\Home::GET

[1 occurrence(s)]
DEBUG --> [REQ_ID=a8d25bf5883b] [VIEW_RENDER] themes/public/home

[1 occurrence(s)]
DEBUG --> [REQ_ID=7180fcb12574] [FILTER_AFTER]

[1 occurrence(s)]
DEBUG --> [REQ_ID=7180fcb12574] [LIFECYCLE][END] status=200 duration_ms=649.52 memory_delta=4194304

[1 occurrence(s)]
DEBUG --> [REQ_ID=7180fcb12574] [REQUEST][END]

[1 occurrence(s)]
DEBUG --> [REQ_ID=4791f2d00309] [REQUEST][START] HEAD /

[1 occurrence(s)]
DEBUG --> [REQ_ID=72c62f8c679c] [REQUEST][START] HEAD /

[1 occurrence(s)]
DEBUG --> [REQ_ID=076b2ddccb76] [REQUEST][START] HEAD /

[1 occurrence(s)]
DEBUG --> [REQ_ID=3136a44b55ed] [REQUEST][START] HEAD /

[1 occurrence(s)]
DEBUG --> [REQ_ID=b1f10710541c] [REQUEST][START] HEAD /

[1 occurrence(s)]
DEBUG --> [REQ_ID=711a186d999d] [REQUEST][START] HEAD /

[1 occurrence(s)]
DEBUG --> [REQ_ID=4a7c89c64cb8] [REQUEST][START] HEAD /

[1 occurrence(s)]
DEBUG --> [REQ_ID=75169be9d9cd] [REQUEST][START] HEAD /

[1 occurrence(s)]
DEBUG --> [REQ_ID=c4c404ef2031] [REQUEST][START] GET /index.php/API/Management/Run-CRON-Tasks

[1 occurrence(s)]
DEBUG --> [REQ_ID=c4c404ef2031] [FILTER_BEFORE] /index.php/API/Management/Run-CRON-Tasks

[1 occurrence(s)]
DEBUG --> [REQ_ID=c4c404ef2031] [ROUTE] Controller=\App\Modules\Management\Controllers\ManagementAPIController Method=Run_CRON_Tasks

[1 occurrence(s)]
DEBUG --> [REQ_ID=c4c404ef2031] [LIFECYCLE][START] GET https://www.mymiwallet.com/index.php/API/Management/Run-CRON-Tasks

[1 occurrence(s)]
DEBUG --> [REQ_ID=c4c404ef2031] [REQUEST][END]

[1 occurrence(s)]
DEBUG --> [REQ_ID=c0449c7245e8] [REQUEST][START] HEAD /

[1 occurrence(s)]
DEBUG --> [REQ_ID=f909bc2f688d] [REQUEST][START] HEAD /

[1 occurrence(s)]
DEBUG --> [REQ_ID=7b657ff951b1] [REQUEST][START] GET /

[1 occurrence(s)]
DEBUG --> [REQ_ID=7b657ff951b1] [FILTER_BEFORE] /

[1 occurrence(s)]
DEBUG --> [REQ_ID=7b657ff951b1] [ROUTE] Controller=\App\Controllers\Home Method=index

[1 occurrence(s)]
DEBUG --> [REQ_ID=7b657ff951b1] [LIFECYCLE][START] GET https://www.mymiwallet.com/index.php/

[1 occurrence(s)]
DEBUG --> [CSRF] token name=csrf_test_name hash=27f04200f85eb8c1730b3ca13a70185d

[1 occurrence(s)]
DEBUG --> [REQ_ID=55a154ed3e19] [INIT] App\Controllers\Home::GET

[1 occurrence(s)]
DEBUG --> [REQ_ID=55a154ed3e19] [VIEW_RENDER] themes/public/home

[1 occurrence(s)]
DEBUG --> [REQ_ID=7b657ff951b1] [FILTER_AFTER]

[1 occurrence(s)]
DEBUG --> [REQ_ID=7b657ff951b1] [LIFECYCLE][END] status=200 duration_ms=748.98 memory_delta=4194304

[1 occurrence(s)]
DEBUG --> [REQ_ID=7b657ff951b1] [REQUEST][END]

[1 occurrence(s)]
DEBUG --> [REQ_ID=350f580d5833] [REQUEST][START] HEAD /

[1 occurrence(s)]
DEBUG --> [REQ_ID=b2c5f512f9db] [REQUEST][START] GET /index.php/API/Alerts/fetchEmailAlerts

[1 occurrence(s)]
DEBUG --> [REQ_ID=b2c5f512f9db] [FILTER_BEFORE] /index.php/API/Alerts/fetchEmailAlerts

[1 occurrence(s)]
DEBUG --> [REQ_ID=b2c5f512f9db] [ROUTE] Controller=\App\Modules\APIs\Controllers\AlertsAPIController Method=fetchEmailAlerts

[1 occurrence(s)]
DEBUG --> [REQ_ID=b2c5f512f9db] [LIFECYCLE][START] GET https://www.mymiwallet.com/index.php/API/Alerts/fetchEmailAlerts

[1 occurrence(s)]
DEBUG --> [REQ_ID=b2c5f512f9db] [REQUEST][END]

[1 occurrence(s)]
DEBUG --> [REQ_ID=3b47ace755f0] [REQUEST][START] HEAD /

[1 occurrence(s)]
DEBUG --> [REQ_ID=642ef673993a] [REQUEST][START] GET /

[1 occurrence(s)]
DEBUG --> [REQ_ID=642ef673993a] [FILTER_BEFORE] /

[1 occurrence(s)]
DEBUG --> [REQ_ID=642ef673993a] [ROUTE] Controller=\App\Controllers\Home Method=index

[1 occurrence(s)]
DEBUG --> [REQ_ID=642ef673993a] [LIFECYCLE][START] GET https://www.mymiwallet.com/index.php/

[1 occurrence(s)]
DEBUG --> [CSRF] token name=csrf_test_name hash=d45dde83a90940adaa310d0b37244156

[1 occurrence(s)]
DEBUG --> [REQ_ID=a8a30ba254f6] [INIT] App\Controllers\Home::GET

[1 occurrence(s)]
DEBUG --> [REQ_ID=a8a30ba254f6] [VIEW_RENDER] themes/public/home

[1 occurrence(s)]
DEBUG --> [REQ_ID=642ef673993a] [FILTER_AFTER]

[1 occurrence(s)]
DEBUG --> [REQ_ID=642ef673993a] [LIFECYCLE][END] status=200 duration_ms=592.20 memory_delta=4194304

[1 occurrence(s)]
DEBUG --> [REQ_ID=642ef673993a] [REQUEST][END]

[1 occurrence(s)]
DEBUG --> [REQ_ID=1e1b6837a88a] [REQUEST][START] GET /

[1 occurrence(s)]
DEBUG --> [REQ_ID=1e1b6837a88a] [FILTER_BEFORE] /

[1 occurrence(s)]
DEBUG --> [REQ_ID=1e1b6837a88a] [ROUTE] Controller=\App\Controllers\Home Method=index

[1 occurrence(s)]
DEBUG --> [REQ_ID=1e1b6837a88a] [LIFECYCLE][START] GET https://www.mymiwallet.com/index.php/

[1 occurrence(s)]
DEBUG --> [CSRF] token name=csrf_test_name hash=d8ea52aa4661659972a835e79c630a8c

[1 occurrence(s)]
DEBUG --> [REQ_ID=943e20cb42ee] [INIT] App\Controllers\Home::GET

[1 occurrence(s)]
DEBUG --> [REQ_ID=943e20cb42ee] [VIEW_RENDER] themes/public/home

[1 occurrence(s)]
DEBUG --> [REQ_ID=1e1b6837a88a] [FILTER_AFTER]

[1 occurrence(s)]
DEBUG --> [REQ_ID=1e1b6837a88a] [LIFECYCLE][END] status=200 duration_ms=536.16 memory_delta=2097152

[1 occurrence(s)]
DEBUG --> [REQ_ID=1e1b6837a88a] [REQUEST][END]

[1 occurrence(s)]
DEBUG --> [REQ_ID=1d0a89697a08] [REQUEST][START] HEAD /

[1 occurrence(s)]
DEBUG --> [REQ_ID=26a14856320e] [REQUEST][START] HEAD /

[1 occurrence(s)]
DEBUG --> [REQ_ID=463bc9ac7c63] [REQUEST][START] HEAD /

[1 occurrence(s)]
DEBUG --> [REQ_ID=7a4ca41e94dc] [REQUEST][START] HEAD /

[1 occurrence(s)]
DEBUG --> [REQ_ID=dba609145a32] [REQUEST][START] HEAD /

[1 occurrence(s)]
DEBUG --> [REQ_ID=862d05535bfd] [REQUEST][START] HEAD /

[1 occurrence(s)]
DEBUG --> [REQ_ID=5fcacb610818] [REQUEST][START] HEAD /

[1 occurrence(s)]
DEBUG --> [REQ_ID=2c0c6a602ed6] [REQUEST][START] HEAD /

[1 occurrence(s)]
DEBUG --> [REQ_ID=f0570afcf9ea] [REQUEST][START] GET /index.php/API/Management/Run-CRON-Tasks

[1 occurrence(s)]
DEBUG --> [REQ_ID=f0570afcf9ea] [FILTER_BEFORE] /index.php/API/Management/Run-CRON-Tasks

[1 occurrence(s)]
DEBUG --> [REQ_ID=f0570afcf9ea] [ROUTE] Controller=\App\Modules\Management\Controllers\ManagementAPIController Method=Run_CRON_Tasks

[1 occurrence(s)]
DEBUG --> [REQ_ID=f0570afcf9ea] [LIFECYCLE][START] GET https://www.mymiwallet.com/index.php/API/Management/Run-CRON-Tasks

[1 occurrence(s)]
DEBUG --> [REQ_ID=f0570afcf9ea] [REQUEST][END]

[1 occurrence(s)]
DEBUG --> LOG_HEALTHCHECK debug marker=b0cd7803d094

[1 occurrence(s)]
DEBUG --> [REQ_ID=30e66a89f924] [REQUEST][START] HEAD /

[1 occurrence(s)]
DEBUG --> [REQ_ID=d2d1e15fecb1] [REQUEST][START] GET /index.php/Exchange/Solana

[1 occurrence(s)]
DEBUG --> [REQ_ID=d2d1e15fecb1] [FILTER_BEFORE] /index.php/Exchange/Solana

[1 occurrence(s)]
DEBUG --> [REQ_ID=d2d1e15fecb1] [ROUTE] Controller=\App\Modules\Exchange\Controllers\SolanaController Method=index

[1 occurrence(s)]
DEBUG --> [REQ_ID=d2d1e15fecb1] [LIFECYCLE][START] GET https://www.mymiwallet.com/index.php/Exchange/Solana

[1 occurrence(s)]
DEBUG --> [CSRF] token name=csrf_test_name hash=b57a983d1376b41c48a84992e3f300dd

[1 occurrence(s)]
DEBUG --> [REQ_ID=d2d1e15fecb1] [REQUEST][END]

[1 occurrence(s)]
DEBUG --> [REQ_ID=d6ea2544b73f] [REQUEST][START] GET /index.php/login

[1 occurrence(s)]
DEBUG --> [REQ_ID=d6ea2544b73f] [FILTER_BEFORE] /index.php/login

[1 occurrence(s)]
DEBUG --> [REQ_ID=d6ea2544b73f] [ROUTE] Controller=\App\Controllers\AuthController Method=login

[1 occurrence(s)]
DEBUG --> [REQ_ID=d6ea2544b73f] [LIFECYCLE][START] GET https://www.mymiwallet.com/index.php/login

[1 occurrence(s)]
DEBUG --> [CSRF] token name=csrf_test_name hash=6e6f88b0b1faedf2da8e094dd4d369b8

[1 occurrence(s)]
DEBUG --> [REQ_ID=06204448b2bf] [INIT] App\Controllers\AuthController::GET

[1 occurrence(s)]
DEBUG --> [REQ_ID=d6ea2544b73f] [FILTER_AFTER]

[1 occurrence(s)]
DEBUG --> [REQ_ID=d6ea2544b73f] [LIFECYCLE][END] status=200 duration_ms=113.55 memory_delta=0

[1 occurrence(s)]
DEBUG --> [REQ_ID=d6ea2544b73f] [REQUEST][END]

[1 occurrence(s)]
DEBUG --> [REQ_ID=28a529fd2f84] [REQUEST][START] HEAD /

[1 occurrence(s)]
DEBUG --> [REQ_ID=4c4128dad56d] [REQUEST][START] HEAD /

[1 occurrence(s)]
DEBUG --> [REQ_ID=c18ac1f43c5e] [REQUEST][START] GET /

[1 occurrence(s)]
DEBUG --> [REQ_ID=c18ac1f43c5e] [FILTER_BEFORE] /

[1 occurrence(s)]
DEBUG --> [REQ_ID=c18ac1f43c5e] [ROUTE] Controller=\App\Controllers\Home Method=index

[1 occurrence(s)]
DEBUG --> [REQ_ID=c18ac1f43c5e] [LIFECYCLE][START] GET https://www.mymiwallet.com/index.php/

[1 occurrence(s)]
DEBUG --> [CSRF] token name=csrf_test_name hash=f7f438063b7db142fd6a8953905cf8c8

[1 occurrence(s)]
DEBUG --> [REQ_ID=2c09181e309e] [INIT] App\Controllers\Home::GET

[1 occurrence(s)]
DEBUG --> [REQ_ID=2c09181e309e] [VIEW_RENDER] themes/public/home

[1 occurrence(s)]
DEBUG --> [REQ_ID=c18ac1f43c5e] [FILTER_AFTER]

[1 occurrence(s)]
DEBUG --> [REQ_ID=c18ac1f43c5e] [LIFECYCLE][END] status=200 duration_ms=642.85 memory_delta=4194304

[1 occurrence(s)]
DEBUG --> [REQ_ID=c18ac1f43c5e] [REQUEST][END]

[1 occurrence(s)]
DEBUG --> [REQ_ID=136985743af7] [REQUEST][START] GET /index.php/API/Alerts/fetchEmailAlerts

[1 occurrence(s)]
DEBUG --> [REQ_ID=136985743af7] [FILTER_BEFORE] /index.php/API/Alerts/fetchEmailAlerts

[1 occurrence(s)]
DEBUG --> [REQ_ID=136985743af7] [ROUTE] Controller=\App\Modules\APIs\Controllers\AlertsAPIController Method=fetchEmailAlerts

[1 occurrence(s)]
DEBUG --> [REQ_ID=136985743af7] [LIFECYCLE][START] GET https://www.mymiwallet.com/index.php/API/Alerts/fetchEmailAlerts

[1 occurrence(s)]
DEBUG --> [REQ_ID=136985743af7] [REQUEST][END]

[1 occurrence(s)]
DEBUG --> [REQ_ID=987adeecca6e] [REQUEST][START] HEAD /

[1 occurrence(s)]
DEBUG --> [REQ_ID=ed500d9f0794] [REQUEST][START] GET /

[1 occurrence(s)]
DEBUG --> [REQ_ID=ed500d9f0794] [FILTER_BEFORE] /

[1 occurrence(s)]
DEBUG --> [REQ_ID=ed500d9f0794] [ROUTE] Controller=\App\Controllers\Home Method=index

[1 occurrence(s)]
DEBUG --> [REQ_ID=ed500d9f0794] [LIFECYCLE][START] GET https://www.mymiwallet.com/index.php/

[7 occurrence(s)]
DEBUG --> [CSRF] token name=csrf_test_name hash=a0ce8d609dbfd5136bb74b71a5eb424e

[1 occurrence(s)]
DEBUG --> [REQ_ID=8a6f494b4421] [INIT] App\Controllers\Home::GET

[1 occurrence(s)]
DEBUG --> [REQ_ID=8a6f494b4421] [VIEW_RENDER] themes/public/home

[1 occurrence(s)]
DEBUG --> [REQ_ID=ed500d9f0794] [FILTER_AFTER]

[1 occurrence(s)]
DEBUG --> [REQ_ID=ed500d9f0794] [LIFECYCLE][END] status=200 duration_ms=536.29 memory_delta=4194304

[1 occurrence(s)]
DEBUG --> [REQ_ID=ed500d9f0794] [REQUEST][END]

[1 occurrence(s)]
DEBUG --> [REQ_ID=da6957649777] [REQUEST][START] GET /index.php/How-It-Works/Investment-Dashboard

[1 occurrence(s)]
DEBUG --> [REQ_ID=da6957649777] [FILTER_BEFORE] /index.php/How-It-Works/Investment-Dashboard

[1 occurrence(s)]
DEBUG --> [REQ_ID=da6957649777] [ROUTE] Controller=\App\Modules\Blog\Controllers\HowItWorksController Method=show

[1 occurrence(s)]
DEBUG --> [REQ_ID=da6957649777] [LIFECYCLE][START] GET https://www.mymiwallet.com/index.php/How-It-Works/Investment-Dashboard

[1 occurrence(s)]
DEBUG --> [REQ_ID=7821ec278885] [INIT] App\Modules\Blog\Controllers\HowItWorksController::GET

[1 occurrence(s)]
DEBUG --> [REQ_ID=7821ec278885] [METHOD_ENTRY] show

[1 occurrence(s)]
DEBUG --> [REQ_ID=7821ec278885] [VIEW_RENDER] App\Modules\Blog\Views\HowItWorks\Investment_Portfolio_Management

[1 occurrence(s)]
DEBUG --> [REQ_ID=da6957649777] [FILTER_AFTER]

[1 occurrence(s)]
DEBUG --> [REQ_ID=da6957649777] [LIFECYCLE][END] status=200 duration_ms=1,023.85 memory_delta=8388608

[1 occurrence(s)]
DEBUG --> [REQ_ID=da6957649777] [REQUEST][END]

[1 occurrence(s)]
DEBUG --> [REQ_ID=de278f4f313f] [REQUEST][START] POST /index.php/register

[1 occurrence(s)]
DEBUG --> [REQ_ID=de278f4f313f] [FILTER_BEFORE] /index.php/register

[1 occurrence(s)]
DEBUG --> [REQ_ID=de278f4f313f] [ROUTE] Controller=\App\Controllers\AuthController Method=attemptRegister

[1 occurrence(s)]
DEBUG --> [REQ_ID=de278f4f313f] [LIFECYCLE][START] POST https://www.mymiwallet.com/index.php/register

[1 occurrence(s)]
DEBUG --> [REQ_ID=ebce87da9a60] [INIT] App\Controllers\AuthController::POST

[1 occurrence(s)]
DEBUG --> [REQ_ID=de278f4f313f] [FILTER_AFTER]

[1 occurrence(s)]
DEBUG --> [REQ_ID=de278f4f313f] [LIFECYCLE][END] status=302 duration_ms=92.64 memory_delta=0

[1 occurrence(s)]
DEBUG --> [REQ_ID=de278f4f313f] [REQUEST][END]

[1 occurrence(s)]
DEBUG --> [REQ_ID=0873f095a4f1] [REQUEST][START] GET /index.php/How-It-Works/Investment-Dashboard

[1 occurrence(s)]
DEBUG --> [REQ_ID=0873f095a4f1] [FILTER_BEFORE] /index.php/How-It-Works/Investment-Dashboard

[1 occurrence(s)]
DEBUG --> [REQ_ID=0873f095a4f1] [ROUTE] Controller=\App\Modules\Blog\Controllers\HowItWorksController Method=show

[1 occurrence(s)]
DEBUG --> [REQ_ID=0873f095a4f1] [LIFECYCLE][START] GET https://www.mymiwallet.com/index.php/How-It-Works/Investment-Dashboard

[1 occurrence(s)]
DEBUG --> [REQ_ID=4c9a1f2b72ee] [INIT] App\Modules\Blog\Controllers\HowItWorksController::GET

[1 occurrence(s)]
DEBUG --> [REQ_ID=4c9a1f2b72ee] [METHOD_ENTRY] show

[1 occurrence(s)]
DEBUG --> [REQ_ID=4c9a1f2b72ee] [VIEW_RENDER] App\Modules\Blog\Views\HowItWorks\Investment_Portfolio_Management

[1 occurrence(s)]
DEBUG --> [REQ_ID=0873f095a4f1] [FILTER_AFTER]

[1 occurrence(s)]
DEBUG --> [REQ_ID=0873f095a4f1] [LIFECYCLE][END] status=200 duration_ms=1,090.27 memory_delta=6291456

[1 occurrence(s)]
DEBUG --> [REQ_ID=0873f095a4f1] [REQUEST][END]

[1 occurrence(s)]
DEBUG --> [REQ_ID=0a1ed47c1a32] [REQUEST][START] GET /index.php/login

[1 occurrence(s)]
DEBUG --> [REQ_ID=0a1ed47c1a32] [FILTER_BEFORE] /index.php/login

[1 occurrence(s)]
DEBUG --> [REQ_ID=0a1ed47c1a32] [ROUTE] Controller=\App\Controllers\AuthController Method=login

[1 occurrence(s)]
DEBUG --> [REQ_ID=0a1ed47c1a32] [LIFECYCLE][START] GET https://www.mymiwallet.com/index.php/login

[1 occurrence(s)]
DEBUG --> [REQ_ID=caf277954ab2] [INIT] App\Controllers\AuthController::GET

[1 occurrence(s)]
DEBUG --> [REQ_ID=0a1ed47c1a32] [FILTER_AFTER]

[1 occurrence(s)]
DEBUG --> [REQ_ID=0a1ed47c1a32] [LIFECYCLE][END] status=200 duration_ms=14.79 memory_delta=0

[1 occurrence(s)]
DEBUG --> [REQ_ID=0a1ed47c1a32] [REQUEST][END]

[1 occurrence(s)]
DEBUG --> [REQ_ID=c28b979ddb51] [REQUEST][START] POST /index.php/login

[1 occurrence(s)]
DEBUG --> [REQ_ID=c28b979ddb51] [FILTER_BEFORE] /index.php/login

[1 occurrence(s)]
DEBUG --> [REQ_ID=c28b979ddb51] [ROUTE] Controller=\App\Controllers\AuthController Method=attemptLogin

[1 occurrence(s)]
DEBUG --> [REQ_ID=c28b979ddb51] [LIFECYCLE][START] POST https://www.mymiwallet.com/index.php/login

[1 occurrence(s)]
DEBUG --> [REQ_ID=33d7f201815b] [INIT] App\Controllers\AuthController::POST

[1 occurrence(s)]
DEBUG --> Auth attemptLogin() called with login identifier: #gsduerisrnz, remember: false

[1 occurrence(s)]
DEBUG --> Auth attemptLogin() called. redirect_url in session: https://www.mymiwallet.com/index.php/How-It-Works/Investment-Dashboard

[1 occurrence(s)]
DEBUG --> Auth credentials normalised for attempt using key "username"

[1 occurrence(s)]
DEBUG --> Auth attempt failed for identifier #gsduerisrnz. Error: Unable to log you in. Please check your credentials.

[1 occurrence(s)]
DEBUG --> [REQ_ID=c28b979ddb51] [FILTER_AFTER]

[1 occurrence(s)]
DEBUG --> [REQ_ID=c28b979ddb51] [LIFECYCLE][END] status=302 duration_ms=38.31 memory_delta=0

[1 occurrence(s)]
DEBUG --> [REQ_ID=c28b979ddb51] [REQUEST][END]

[1 occurrence(s)]
DEBUG --> [REQ_ID=13963c4cd0a9] [REQUEST][START] GET /index.php/login

[1 occurrence(s)]
DEBUG --> [REQ_ID=13963c4cd0a9] [FILTER_BEFORE] /index.php/login

[1 occurrence(s)]
DEBUG --> [REQ_ID=13963c4cd0a9] [ROUTE] Controller=\App\Controllers\AuthController Method=login

[1 occurrence(s)]
DEBUG --> [REQ_ID=13963c4cd0a9] [LIFECYCLE][START] GET https://www.mymiwallet.com/index.php/login

[1 occurrence(s)]
DEBUG --> [REQ_ID=28a58bd5ba05] [INIT] App\Controllers\AuthController::GET

[1 occurrence(s)]
DEBUG --> [REQ_ID=13963c4cd0a9] [FILTER_AFTER]

[1 occurrence(s)]
DEBUG --> [REQ_ID=13963c4cd0a9] [LIFECYCLE][END] status=200 duration_ms=16.12 memory_delta=0

[1 occurrence(s)]
DEBUG --> [REQ_ID=13963c4cd0a9] [REQUEST][END]

[1 occurrence(s)]
DEBUG --> [REQ_ID=830b68af1c01] [REQUEST][START] HEAD /

[1 occurrence(s)]
DEBUG --> [REQ_ID=c17c46a26044] [REQUEST][START] GET /index.php/Account

[1 occurrence(s)]
DEBUG --> [REQ_ID=c17c46a26044] [FILTER_BEFORE] /index.php/Account

[1 occurrence(s)]
DEBUG --> [REQ_ID=c17c46a26044] [ROUTE] Controller=\App\Modules\User\Controllers\DashboardController Method=account

[1 occurrence(s)]
DEBUG --> [REQ_ID=c17c46a26044] [LIFECYCLE][START] GET https://www.mymiwallet.com/index.php/Account

[1 occurrence(s)]
DEBUG --> [CSRF] token name=csrf_test_name hash=2a7ec5750d9747af00c443d9cabe0523

[1 occurrence(s)]
DEBUG --> [REQ_ID=c17c46a26044] [REQUEST][END]

[1 occurrence(s)]
DEBUG --> [REQ_ID=6afedfed0525] [REQUEST][START] GET /index.php/login

[1 occurrence(s)]
DEBUG --> [REQ_ID=6afedfed0525] [FILTER_BEFORE] /index.php/login

[1 occurrence(s)]
DEBUG --> [REQ_ID=6afedfed0525] [ROUTE] Controller=\App\Controllers\AuthController Method=login

[1 occurrence(s)]
DEBUG --> [REQ_ID=6afedfed0525] [LIFECYCLE][START] GET https://www.mymiwallet.com/index.php/login

[1 occurrence(s)]
DEBUG --> [CSRF] token name=csrf_test_name hash=5a5b4effd8bb06f856b1c5180e273df5

[1 occurrence(s)]
DEBUG --> [REQ_ID=b95b374a61c5] [INIT] App\Controllers\AuthController::GET

[1 occurrence(s)]
DEBUG --> [REQ_ID=6afedfed0525] [FILTER_AFTER]

[1 occurrence(s)]
DEBUG --> [REQ_ID=6afedfed0525] [LIFECYCLE][END] status=200 duration_ms=25.76 memory_delta=0

[1 occurrence(s)]
DEBUG --> [REQ_ID=6afedfed0525] [REQUEST][END]

[1 occurrence(s)]
DEBUG --> [REQ_ID=ba38b30b18c3] [REQUEST][START] HEAD /

[1 occurrence(s)]
DEBUG --> [REQ_ID=aea67a444fc1] [REQUEST][START] GET /

[1 occurrence(s)]
DEBUG --> [REQ_ID=aea67a444fc1] [FILTER_BEFORE] /

[1 occurrence(s)]
DEBUG --> [REQ_ID=aea67a444fc1] [ROUTE] Controller=\App\Controllers\Home Method=index

[1 occurrence(s)]
DEBUG --> [REQ_ID=aea67a444fc1] [LIFECYCLE][START] GET https://www.mymiwallet.com/index.php/

[1 occurrence(s)]
DEBUG --> [CSRF] token name=csrf_test_name hash=3d77dd5d68b11d4c7c7880dc0634b03a

[1 occurrence(s)]
DEBUG --> [REQ_ID=771d3b5a4333] [INIT] App\Controllers\Home::GET

[1 occurrence(s)]
DEBUG --> [REQ_ID=771d3b5a4333] [VIEW_RENDER] themes/public/home

[1 occurrence(s)]
DEBUG --> [REQ_ID=aea67a444fc1] [FILTER_AFTER]

[1 occurrence(s)]
DEBUG --> [REQ_ID=aea67a444fc1] [LIFECYCLE][END] status=200 duration_ms=715.93 memory_delta=4194304

[1 occurrence(s)]
DEBUG --> [REQ_ID=aea67a444fc1] [REQUEST][END]

[1 occurrence(s)]
DEBUG --> [REQ_ID=e6951759e8fc] [REQUEST][START] HEAD /

[1 occurrence(s)]
DEBUG --> [REQ_ID=fd08e33189ee] [REQUEST][START] HEAD /

[1 occurrence(s)]
DEBUG --> [REQ_ID=b32b053df968] [REQUEST][START] HEAD /

[1 occurrence(s)]
DEBUG --> [REQ_ID=b814d5342211] [REQUEST][START] HEAD /

[1 occurrence(s)]
DEBUG --> [REQ_ID=eb2b2c3da1ea] [REQUEST][START] HEAD /

[1 occurrence(s)]
DEBUG --> [REQ_ID=aa74e45600d4] [REQUEST][START] GET /

[1 occurrence(s)]
DEBUG --> [REQ_ID=aa74e45600d4] [FILTER_BEFORE] /

[1 occurrence(s)]
DEBUG --> [REQ_ID=aa74e45600d4] [ROUTE] Controller=\App\Controllers\Home Method=index

[1 occurrence(s)]
DEBUG --> [REQ_ID=aa74e45600d4] [LIFECYCLE][START] GET https://www.mymiwallet.com/index.php/

[1 occurrence(s)]
DEBUG --> [CSRF] token name=csrf_test_name hash=0a5550ce4104084d71a36a1623178915

[1 occurrence(s)]
DEBUG --> [REQ_ID=98ca4234e4e6] [INIT] App\Controllers\Home::GET

[1 occurrence(s)]
DEBUG --> [REQ_ID=98ca4234e4e6] [VIEW_RENDER] themes/public/home

[1 occurrence(s)]
DEBUG --> [REQ_ID=aa74e45600d4] [FILTER_AFTER]

[1 occurrence(s)]
DEBUG --> [REQ_ID=aa74e45600d4] [LIFECYCLE][END] status=200 duration_ms=707.31 memory_delta=4194304

[1 occurrence(s)]
DEBUG --> [REQ_ID=aa74e45600d4] [REQUEST][END]

[1 occurrence(s)]
DEBUG --> [REQ_ID=798813899fc2] [REQUEST][START] HEAD /

[1 occurrence(s)]
DEBUG --> [REQ_ID=0eaf59702002] [REQUEST][START] GET /index.php/API/Management/Run-CRON-Tasks

[1 occurrence(s)]
DEBUG --> [REQ_ID=0eaf59702002] [FILTER_BEFORE] /index.php/API/Management/Run-CRON-Tasks

[1 occurrence(s)]
DEBUG --> [REQ_ID=0eaf59702002] [ROUTE] Controller=\App\Modules\Management\Controllers\ManagementAPIController Method=Run_CRON_Tasks

[1 occurrence(s)]
DEBUG --> [REQ_ID=0eaf59702002] [LIFECYCLE][START] GET https://www.mymiwallet.com/index.php/API/Management/Run-CRON-Tasks

[1 occurrence(s)]
DEBUG --> [REQ_ID=0eaf59702002] [REQUEST][END]

[1 occurrence(s)]
DEBUG --> [REQ_ID=7475e0c35b24] [REQUEST][START] HEAD /

[1 occurrence(s)]
DEBUG --> [REQ_ID=54eff9584c06] [REQUEST][START] HEAD /

[1 occurrence(s)]
DEBUG --> [REQ_ID=f23cde441814] [REQUEST][START] HEAD /

[1 occurrence(s)]
DEBUG --> [REQ_ID=5eda2b2ad274] [REQUEST][START] HEAD /

[1 occurrence(s)]
DEBUG --> [REQ_ID=4bc2464014a3] [REQUEST][START] GET /index.php/Management/Exchange

[1 occurrence(s)]
DEBUG --> [REQ_ID=4bc2464014a3] [FILTER_BEFORE] /index.php/Management/Exchange

[1 occurrence(s)]
DEBUG --> [REQ_ID=4bc2464014a3] [ROUTE] Controller=\App\Modules\Management\Controllers\ExchangeAdminController Method=index

[1 occurrence(s)]
DEBUG --> [REQ_ID=4bc2464014a3] [LIFECYCLE][START] GET https://www.mymiwallet.com/index.php/Management/Exchange

[1 occurrence(s)]
DEBUG --> [CSRF] token name=csrf_test_name hash=4739aefd24e500a81a2f5b2dcd04679e

[1 occurrence(s)]
DEBUG --> [REQ_ID=4bc2464014a3] [REQUEST][END]

[1 occurrence(s)]
DEBUG --> [REQ_ID=1ff78d095935] [REQUEST][START] GET /index.php/login

[1 occurrence(s)]
DEBUG --> [REQ_ID=1ff78d095935] [FILTER_BEFORE] /index.php/login

[1 occurrence(s)]
DEBUG --> [REQ_ID=1ff78d095935] [ROUTE] Controller=\App\Controllers\AuthController Method=login

[1 occurrence(s)]
DEBUG --> [REQ_ID=1ff78d095935] [LIFECYCLE][START] GET https://www.mymiwallet.com/index.php/login

[1 occurrence(s)]
DEBUG --> [CSRF] token name=csrf_test_name hash=baf8f093cfde1f30451fb72e9b8de690

[1 occurrence(s)]
DEBUG --> [REQ_ID=0d8c2ba7dac8] [INIT] App\Controllers\AuthController::GET

[1 occurrence(s)]
DEBUG --> [REQ_ID=1ff78d095935] [FILTER_AFTER]

[1 occurrence(s)]
DEBUG --> [REQ_ID=1ff78d095935] [LIFECYCLE][END] status=200 duration_ms=106.18 memory_delta=0

[1 occurrence(s)]
DEBUG --> [REQ_ID=1ff78d095935] [REQUEST][END]

[1 occurrence(s)]
DEBUG --> [REQ_ID=b3d1218aa520] [REQUEST][START] GET /index.php/API/Alerts/fetchEmailAlerts

[1 occurrence(s)]
DEBUG --> [REQ_ID=b3d1218aa520] [FILTER_BEFORE] /index.php/API/Alerts/fetchEmailAlerts

[1 occurrence(s)]
DEBUG --> [REQ_ID=b3d1218aa520] [ROUTE] Controller=\App\Modules\APIs\Controllers\AlertsAPIController Method=fetchEmailAlerts

[1 occurrence(s)]
DEBUG --> [REQ_ID=b3d1218aa520] [LIFECYCLE][START] GET https://www.mymiwallet.com/index.php/API/Alerts/fetchEmailAlerts

[1 occurrence(s)]
DEBUG --> [REQ_ID=b3d1218aa520] [REQUEST][END]

[1 occurrence(s)]
DEBUG --> [REQ_ID=cce3f81519ea] [REQUEST][START] HEAD /

[1 occurrence(s)]
DEBUG --> [REQ_ID=a63d54132fce] [REQUEST][START] HEAD /

[1 occurrence(s)]
DEBUG --> [REQ_ID=889d64effafd] [REQUEST][START] HEAD /

[1 occurrence(s)]
DEBUG --> [REQ_ID=0ca88de35ffe] [REQUEST][START] HEAD /

[1 occurrence(s)]
DEBUG --> [REQ_ID=7a4d9e840029] [REQUEST][START] HEAD /

[1 occurrence(s)]
DEBUG --> [REQ_ID=b8a059be48f9] [REQUEST][START] HEAD /

[1 occurrence(s)]
DEBUG --> [REQ_ID=5dd034d7a2af] [REQUEST][START] GET /index.php/Management/Partners

[1 occurrence(s)]
DEBUG --> [REQ_ID=5dd034d7a2af] [FILTER_BEFORE] /index.php/Management/Partners

[1 occurrence(s)]
DEBUG --> [REQ_ID=5dd034d7a2af] [ROUTE] Controller=\App\Modules\Management\Controllers\PartnersController Method=index

[1 occurrence(s)]
DEBUG --> [REQ_ID=5dd034d7a2af] [LIFECYCLE][START] GET https://www.mymiwallet.com/index.php/Management/Partners

[1 occurrence(s)]
DEBUG --> [CSRF] token name=csrf_test_name hash=c334ecb11bda8333aaf88253ee4516c8

[1 occurrence(s)]
DEBUG --> [REQ_ID=5dd034d7a2af] [REQUEST][END]

[1 occurrence(s)]
DEBUG --> [REQ_ID=c36f03db5533] [REQUEST][START] GET /index.php/login

[1 occurrence(s)]
DEBUG --> [REQ_ID=c36f03db5533] [FILTER_BEFORE] /index.php/login

[1 occurrence(s)]
DEBUG --> [REQ_ID=c36f03db5533] [ROUTE] Controller=\App\Controllers\AuthController Method=login

[1 occurrence(s)]
DEBUG --> [REQ_ID=c36f03db5533] [LIFECYCLE][START] GET https://www.mymiwallet.com/index.php/login

[1 occurrence(s)]
DEBUG --> [CSRF] token name=csrf_test_name hash=76ac59856565ec8de7a83e645a7f2a48

[1 occurrence(s)]
DEBUG --> [REQ_ID=14996c4c86ac] [INIT] App\Controllers\AuthController::GET

[1 occurrence(s)]
DEBUG --> [REQ_ID=c36f03db5533] [FILTER_AFTER]

[1 occurrence(s)]
DEBUG --> [REQ_ID=c36f03db5533] [LIFECYCLE][END] status=200 duration_ms=23.82 memory_delta=0

[1 occurrence(s)]
DEBUG --> [REQ_ID=c36f03db5533] [REQUEST][END]

[1 occurrence(s)]
DEBUG --> [REQ_ID=9bbec6c14913] [REQUEST][START] HEAD /

[1 occurrence(s)]
DEBUG --> [REQ_ID=6b5ef5cedc97] [REQUEST][START] GET /index.php

[1 occurrence(s)]
DEBUG --> [REQ_ID=6b5ef5cedc97] [FILTER_BEFORE] /index.php

[1 occurrence(s)]
DEBUG --> [REQ_ID=6b5ef5cedc97] [ROUTE] Controller=\App\Controllers\Home Method=index

[1 occurrence(s)]
DEBUG --> [REQ_ID=6b5ef5cedc97] [LIFECYCLE][START] GET https://www.mymiwallet.com/index.php/

[1 occurrence(s)]
DEBUG --> [CSRF] token name=csrf_test_name hash=78cc0e43d51ee5b02195d443cf82c31d

[1 occurrence(s)]
DEBUG --> [REQ_ID=cec5f8110318] [INIT] App\Controllers\Home::GET

[1 occurrence(s)]
DEBUG --> [REQ_ID=cec5f8110318] [VIEW_RENDER] themes/public/home

[1 occurrence(s)]
DEBUG --> [REQ_ID=6b5ef5cedc97] [FILTER_AFTER]

[1 occurrence(s)]
DEBUG --> [REQ_ID=6b5ef5cedc97] [LIFECYCLE][END] status=200 duration_ms=890.15 memory_delta=4194304

[1 occurrence(s)]
DEBUG --> [REQ_ID=6b5ef5cedc97] [REQUEST][END]

[1 occurrence(s)]
DEBUG --> [REQ_ID=afce5873d520] [REQUEST][START] HEAD /

[1 occurrence(s)]
DEBUG --> [REQ_ID=ffaeec70042f] [REQUEST][START] GET /

[1 occurrence(s)]
DEBUG --> [REQ_ID=ffaeec70042f] [FILTER_BEFORE] /

[1 occurrence(s)]
DEBUG --> [REQ_ID=ffaeec70042f] [ROUTE] Controller=\App\Controllers\Home Method=index

[1 occurrence(s)]
DEBUG --> [REQ_ID=ffaeec70042f] [LIFECYCLE][START] GET https://www.mymiwallet.com/index.php/

[1 occurrence(s)]
DEBUG --> [CSRF] token name=csrf_test_name hash=43446a1edb32691aa2606db44350ab52

[1 occurrence(s)]
DEBUG --> [REQ_ID=095ec35040bd] [INIT] App\Controllers\Home::GET

[1 occurrence(s)]
DEBUG --> [REQ_ID=095ec35040bd] [VIEW_RENDER] themes/public/home

[1 occurrence(s)]
DEBUG --> [REQ_ID=ffaeec70042f] [FILTER_AFTER]

[1 occurrence(s)]
DEBUG --> [REQ_ID=ffaeec70042f] [LIFECYCLE][END] status=200 duration_ms=576.45 memory_delta=4194304

[1 occurrence(s)]
DEBUG --> [REQ_ID=ffaeec70042f] [REQUEST][END]

[1 occurrence(s)]
DEBUG --> [REQ_ID=9b85d1a89ce4] [REQUEST][START] GET /

[1 occurrence(s)]
DEBUG --> [REQ_ID=9b85d1a89ce4] [FILTER_BEFORE] /

[1 occurrence(s)]
DEBUG --> [REQ_ID=9b85d1a89ce4] [ROUTE] Controller=\App\Controllers\Home Method=index

[1 occurrence(s)]
DEBUG --> [REQ_ID=9b85d1a89ce4] [LIFECYCLE][START] GET https://www.mymiwallet.com/index.php/

[1 occurrence(s)]
DEBUG --> [CSRF] token name=csrf_test_name hash=ee07ab8815a47dd28df6a37b43255a7d

[1 occurrence(s)]
DEBUG --> [REQ_ID=a1287d796a33] [INIT] App\Controllers\Home::GET

[1 occurrence(s)]
DEBUG --> [REQ_ID=a1287d796a33] [VIEW_RENDER] themes/public/home

[1 occurrence(s)]
DEBUG --> [REQ_ID=9b85d1a89ce4] [FILTER_AFTER]

[1 occurrence(s)]
DEBUG --> [REQ_ID=9b85d1a89ce4] [LIFECYCLE][END] status=200 duration_ms=629.93 memory_delta=2097152

[1 occurrence(s)]
DEBUG --> [REQ_ID=9b85d1a89ce4] [REQUEST][END]

[1 occurrence(s)]
DEBUG --> [REQ_ID=2652cb343c48] [REQUEST][START] HEAD /

[1 occurrence(s)]
DEBUG --> [REQ_ID=8b77e1ccf3c3] [REQUEST][START] GET /index.php/API/Management/Run-CRON-Tasks

[1 occurrence(s)]
DEBUG --> [REQ_ID=8b77e1ccf3c3] [FILTER_BEFORE] /index.php/API/Management/Run-CRON-Tasks

[1 occurrence(s)]
DEBUG --> [REQ_ID=8b77e1ccf3c3] [ROUTE] Controller=\App\Modules\Management\Controllers\ManagementAPIController Method=Run_CRON_Tasks

[1 occurrence(s)]
DEBUG --> [REQ_ID=8b77e1ccf3c3] [LIFECYCLE][START] GET https://www.mymiwallet.com/index.php/API/Management/Run-CRON-Tasks

[1 occurrence(s)]
DEBUG --> [REQ_ID=8b77e1ccf3c3] [REQUEST][END]

[1 occurrence(s)]
DEBUG --> LOG_HEALTHCHECK debug marker=0ce554860db1

[1 occurrence(s)]
DEBUG --> [REQ_ID=f43e2186142d] [REQUEST][START] HEAD /

[1 occurrence(s)]
DEBUG --> [REQ_ID=2346d9682b71] [REQUEST][START] GET /index.php

[1 occurrence(s)]
DEBUG --> [REQ_ID=2346d9682b71] [FILTER_BEFORE] /index.php

[1 occurrence(s)]
DEBUG --> [REQ_ID=2346d9682b71] [ROUTE] Controller=\App\Controllers\Home Method=index

[1 occurrence(s)]
DEBUG --> [REQ_ID=2346d9682b71] [LIFECYCLE][START] GET https://www.mymiwallet.com/index.php/

[1 occurrence(s)]
DEBUG --> [CSRF] token name=csrf_test_name hash=7714c6db5d42922f94b3ff34858ae67d

[1 occurrence(s)]
DEBUG --> [REQ_ID=6e1328b2d8c7] [INIT] App\Controllers\Home::GET

[1 occurrence(s)]
DEBUG --> [REQ_ID=6e1328b2d8c7] [VIEW_RENDER] themes/public/home

[1 occurrence(s)]
DEBUG --> [REQ_ID=2346d9682b71] [FILTER_AFTER]

[1 occurrence(s)]
DEBUG --> [REQ_ID=2346d9682b71] [LIFECYCLE][END] status=200 duration_ms=647.50 memory_delta=4194304

[1 occurrence(s)]
DEBUG --> [REQ_ID=2346d9682b71] [REQUEST][END]

[1 occurrence(s)]
DEBUG --> [REQ_ID=fb81de4a47d6] [REQUEST][START] HEAD /

[1 occurrence(s)]
DEBUG --> [REQ_ID=ed3d7aece1a6] [REQUEST][START] HEAD /

[1 occurrence(s)]
DEBUG --> [REQ_ID=415f32a1ea9d] [REQUEST][START] GET /index.php/API/Alerts/fetchEmailAlerts

[1 occurrence(s)]
DEBUG --> [REQ_ID=415f32a1ea9d] [FILTER_BEFORE] /index.php/API/Alerts/fetchEmailAlerts

[1 occurrence(s)]
DEBUG --> [REQ_ID=415f32a1ea9d] [ROUTE] Controller=\App\Modules\APIs\Controllers\AlertsAPIController Method=fetchEmailAlerts

[1 occurrence(s)]
DEBUG --> [REQ_ID=415f32a1ea9d] [LIFECYCLE][START] GET https://www.mymiwallet.com/index.php/API/Alerts/fetchEmailAlerts

[1 occurrence(s)]
DEBUG --> [REQ_ID=415f32a1ea9d] [REQUEST][END]

[1 occurrence(s)]
DEBUG --> [REQ_ID=97ff7584473a] [REQUEST][START] HEAD /

[1 occurrence(s)]
DEBUG --> [REQ_ID=f3f94183753e] [REQUEST][START] GET /index.php/Dashboard

[1 occurrence(s)]
DEBUG --> [REQ_ID=f3f94183753e] [FILTER_BEFORE] /index.php/Dashboard

[1 occurrence(s)]
DEBUG --> [REQ_ID=f3f94183753e] [ROUTE] Controller=\App\Modules\User\Controllers\DashboardController Method=index

[1 occurrence(s)]
DEBUG --> [REQ_ID=f3f94183753e] [LIFECYCLE][START] GET https://www.mymiwallet.com/index.php/Dashboard

[1 occurrence(s)]
DEBUG --> [CSRF] token name=csrf_test_name hash=d63dd8114aa2d16b633f42cfc991878b

[1 occurrence(s)]
DEBUG --> [REQ_ID=f3f94183753e] [REQUEST][END]

[1 occurrence(s)]
DEBUG --> [REQ_ID=eb1ff5c5f0b8] [REQUEST][START] HEAD /

[1 occurrence(s)]
DEBUG --> [REQ_ID=03bd06fbdc18] [REQUEST][START] HEAD /

[1 occurrence(s)]
DEBUG --> [REQ_ID=4e98f9ec063d] [REQUEST][START] HEAD /

[1 occurrence(s)]
DEBUG --> [REQ_ID=fdced5c7240f] [REQUEST][START] HEAD /

[1 occurrence(s)]
DEBUG --> [REQ_ID=8168821ed32d] [REQUEST][START] HEAD /

[1 occurrence(s)]
DEBUG --> [REQ_ID=98b78410ec77] [REQUEST][START] HEAD /

[1 occurrence(s)]
DEBUG --> [REQ_ID=a44efc335916] [REQUEST][START] HEAD /

[1 occurrence(s)]
DEBUG --> [REQ_ID=2583e3cdbc7d] [REQUEST][START] HEAD /

[1 occurrence(s)]
DEBUG --> [REQ_ID=6d860d34fc77] [REQUEST][START] GET /index.php/API/Management/Run-CRON-Tasks

[1 occurrence(s)]
DEBUG --> [REQ_ID=6d860d34fc77] [FILTER_BEFORE] /index.php/API/Management/Run-CRON-Tasks

[1 occurrence(s)]
DEBUG --> [REQ_ID=6d860d34fc77] [ROUTE] Controller=\App\Modules\Management\Controllers\ManagementAPIController Method=Run_CRON_Tasks

[1 occurrence(s)]
DEBUG --> [REQ_ID=6d860d34fc77] [LIFECYCLE][START] GET https://www.mymiwallet.com/index.php/API/Management/Run-CRON-Tasks

[1 occurrence(s)]
DEBUG --> [REQ_ID=6d860d34fc77] [REQUEST][END]

[1 occurrence(s)]
DEBUG --> [REQ_ID=ca278147f86a] [REQUEST][START] HEAD /

[1 occurrence(s)]
DEBUG --> [REQ_ID=bce0982aacea] [REQUEST][START] HEAD /

[1 occurrence(s)]
DEBUG --> [REQ_ID=58b9b49ee2f6] [REQUEST][START] GET /index.php/Account/Notifications

[1 occurrence(s)]
DEBUG --> [REQ_ID=58b9b49ee2f6] [FILTER_BEFORE] /index.php/Account/Notifications

[1 occurrence(s)]
DEBUG --> [REQ_ID=58b9b49ee2f6] [ROUTE] Controller=\App\Modules\User\Controllers\DashboardController Method=notifications

[1 occurrence(s)]
DEBUG --> [REQ_ID=58b9b49ee2f6] [LIFECYCLE][START] GET https://www.mymiwallet.com/index.php/Account/Notifications

[1 occurrence(s)]
DEBUG --> [CSRF] token name=csrf_test_name hash=b9a6472e506cc4ca82e91d45abe2a690

[1 occurrence(s)]
DEBUG --> [REQ_ID=58b9b49ee2f6] [REQUEST][END]

[1 occurrence(s)]
DEBUG --> [REQ_ID=f48e2b070f11] [REQUEST][START] GET /index.php/login

[1 occurrence(s)]
DEBUG --> [REQ_ID=f48e2b070f11] [FILTER_BEFORE] /index.php/login

[1 occurrence(s)]
DEBUG --> [REQ_ID=f48e2b070f11] [ROUTE] Controller=\App\Controllers\AuthController Method=login

[1 occurrence(s)]
DEBUG --> [REQ_ID=f48e2b070f11] [LIFECYCLE][START] GET https://www.mymiwallet.com/index.php/login

[1 occurrence(s)]
DEBUG --> [CSRF] token name=csrf_test_name hash=803b180ed58089da9b746e7c89b07969

[1 occurrence(s)]
DEBUG --> [REQ_ID=0edb08c991c0] [INIT] App\Controllers\AuthController::GET

[1 occurrence(s)]
DEBUG --> [REQ_ID=f48e2b070f11] [FILTER_AFTER]

[1 occurrence(s)]
DEBUG --> [REQ_ID=f48e2b070f11] [LIFECYCLE][END] status=200 duration_ms=168.20 memory_delta=0

[1 occurrence(s)]
DEBUG --> [REQ_ID=f48e2b070f11] [REQUEST][END]

[1 occurrence(s)]
DEBUG --> [REQ_ID=8624b3a52022] [REQUEST][START] GET /index.php/Support/Account

[1 occurrence(s)]
DEBUG --> [REQ_ID=8624b3a52022] [FILTER_BEFORE] /index.php/Support/Account

[1 occurrence(s)]
DEBUG --> [REQ_ID=8624b3a52022] [ROUTE] Controller=\App\Modules\Support\Controllers\AccountSupportController Method=index

[1 occurrence(s)]
DEBUG --> [REQ_ID=8624b3a52022] [LIFECYCLE][START] GET https://www.mymiwallet.com/index.php/Support/Account

[1 occurrence(s)]
DEBUG --> [CSRF] token name=csrf_test_name hash=a02cfc68cfa73150be0c506334721697

[1 occurrence(s)]
DEBUG --> [REQ_ID=f78c32bb475b] [INIT] App\Modules\Support\Controllers\AccountSupportController::GET

[1 occurrence(s)]
DEBUG --> [REQ_ID=f78c32bb475b] [METHOD_ENTRY] index

[1 occurrence(s)]
DEBUG --> [REQ_ID=f78c32bb475b] [VIEW_RENDER] SupportModule/Support/account_help

[1 occurrence(s)]
DEBUG --> [REQ_ID=8624b3a52022] [FILTER_AFTER]

[1 occurrence(s)]
DEBUG --> [REQ_ID=8624b3a52022] [LIFECYCLE][END] status=200 duration_ms=101.92 memory_delta=2097152

[1 occurrence(s)]
DEBUG --> [REQ_ID=8624b3a52022] [REQUEST][END]

[1 occurrence(s)]
DEBUG --> [REQ_ID=f816cadfb57b] [REQUEST][START] HEAD /

[1 occurrence(s)]
DEBUG --> [REQ_ID=de7211caac0c] [REQUEST][START] GET /

[1 occurrence(s)]
DEBUG --> [REQ_ID=de7211caac0c] [FILTER_BEFORE] /

[1 occurrence(s)]
DEBUG --> [REQ_ID=de7211caac0c] [ROUTE] Controller=\App\Controllers\Home Method=index

[1 occurrence(s)]
DEBUG --> [REQ_ID=de7211caac0c] [LIFECYCLE][START] GET https://www.mymiwallet.com/index.php/

[1 occurrence(s)]
DEBUG --> [CSRF] token name=csrf_test_name hash=c67bd04c367a762ba696874dd75ad9b4

[1 occurrence(s)]
DEBUG --> [REQ_ID=f17da6f6308d] [INIT] App\Controllers\Home::GET

[1 occurrence(s)]
DEBUG --> [REQ_ID=f17da6f6308d] [VIEW_RENDER] themes/public/home

[1 occurrence(s)]
DEBUG --> [REQ_ID=de7211caac0c] [FILTER_AFTER]

[1 occurrence(s)]
DEBUG --> [REQ_ID=de7211caac0c] [LIFECYCLE][END] status=200 duration_ms=697.87 memory_delta=4194304

[1 occurrence(s)]
DEBUG --> [REQ_ID=de7211caac0c] [REQUEST][END]

[1 occurrence(s)]
DEBUG --> [REQ_ID=d07e1a3573f0] [REQUEST][START] GET /index.php/API/Alerts/fetchEmailAlerts

[1 occurrence(s)]
DEBUG --> [REQ_ID=d07e1a3573f0] [FILTER_BEFORE] /index.php/API/Alerts/fetchEmailAlerts

[1 occurrence(s)]
DEBUG --> [REQ_ID=d07e1a3573f0] [ROUTE] Controller=\App\Modules\APIs\Controllers\AlertsAPIController Method=fetchEmailAlerts

[1 occurrence(s)]
DEBUG --> [REQ_ID=d07e1a3573f0] [LIFECYCLE][START] GET https://www.mymiwallet.com/index.php/API/Alerts/fetchEmailAlerts

[1 occurrence(s)]
DEBUG --> [REQ_ID=d07e1a3573f0] [REQUEST][END]

[1 occurrence(s)]
DEBUG --> [REQ_ID=70a9e13e9e73] [REQUEST][START] HEAD /

[1 occurrence(s)]
DEBUG --> [REQ_ID=6d4295a244c6] [REQUEST][START] HEAD /

[1 occurrence(s)]
DEBUG --> [REQ_ID=431f869517a7] [REQUEST][START] HEAD /

[1 occurrence(s)]
DEBUG --> [REQ_ID=123c9ba79d98] [REQUEST][START] HEAD /

[1 occurrence(s)]
DEBUG --> [REQ_ID=0d602f41c3da] [REQUEST][START] HEAD /

[1 occurrence(s)]
DEBUG --> [REQ_ID=a84d656f778a] [REQUEST][START] HEAD /

[1 occurrence(s)]
DEBUG --> [REQ_ID=645494e2212b] [REQUEST][START] HEAD /

[1 occurrence(s)]
DEBUG --> [REQ_ID=859899aeea5e] [REQUEST][START] GET /index.php/Support/Account

[1 occurrence(s)]
DEBUG --> [REQ_ID=859899aeea5e] [FILTER_BEFORE] /index.php/Support/Account

[1 occurrence(s)]
DEBUG --> [REQ_ID=859899aeea5e] [ROUTE] Controller=\App\Modules\Support\Controllers\AccountSupportController Method=index

[1 occurrence(s)]
DEBUG --> [REQ_ID=859899aeea5e] [LIFECYCLE][START] GET https://www.mymiwallet.com/index.php/Support/Account

[1 occurrence(s)]
DEBUG --> [CSRF] token name=csrf_test_name hash=317bf4c308ae3e3b7b98f32a3094c5c7

[1 occurrence(s)]
DEBUG --> [REQ_ID=694e58d74afe] [INIT] App\Modules\Support\Controllers\AccountSupportController::GET

[1 occurrence(s)]
DEBUG --> [REQ_ID=694e58d74afe] [METHOD_ENTRY] index

[1 occurrence(s)]
DEBUG --> [REQ_ID=694e58d74afe] [VIEW_RENDER] SupportModule/Support/account_help

[1 occurrence(s)]
DEBUG --> [REQ_ID=859899aeea5e] [FILTER_AFTER]

[1 occurrence(s)]
DEBUG --> [REQ_ID=859899aeea5e] [LIFECYCLE][END] status=200 duration_ms=230.01 memory_delta=0

[1 occurrence(s)]
DEBUG --> [REQ_ID=859899aeea5e] [REQUEST][END]

[1 occurrence(s)]
DEBUG --> [REQ_ID=a59f04671924] [REQUEST][START] HEAD /

[1 occurrence(s)]
DEBUG --> [REQ_ID=be56f387fdc8] [REQUEST][START] HEAD /

[1 occurrence(s)]
DEBUG --> [REQ_ID=9ffe7e1000bc] [REQUEST][START] GET /index.php/API/Management/Run-CRON-Tasks

[1 occurrence(s)]
DEBUG --> [REQ_ID=9ffe7e1000bc] [FILTER_BEFORE] /index.php/API/Management/Run-CRON-Tasks

[1 occurrence(s)]
DEBUG --> [REQ_ID=9ffe7e1000bc] [ROUTE] Controller=\App\Modules\Management\Controllers\ManagementAPIController Method=Run_CRON_Tasks

[1 occurrence(s)]
DEBUG --> [REQ_ID=9ffe7e1000bc] [LIFECYCLE][START] GET https://www.mymiwallet.com/index.php/API/Management/Run-CRON-Tasks

[1 occurrence(s)]
DEBUG --> [REQ_ID=9ffe7e1000bc] [REQUEST][END]

[1 occurrence(s)]
DEBUG --> LOG_HEALTHCHECK debug marker=63a23c4ab202

[1 occurrence(s)]
DEBUG --> [REQ_ID=3cd7b3602d87] [REQUEST][START] HEAD /

[1 occurrence(s)]
DEBUG --> [REQ_ID=8121c3ed6727] [REQUEST][START] HEAD /

[1 occurrence(s)]
DEBUG --> [REQ_ID=8c369b33dc4b] [REQUEST][START] HEAD /

[1 occurrence(s)]
DEBUG --> [REQ_ID=39ad64b8b6f1] [REQUEST][START] GET /index.php/Budget/Financial-Analysis

[1 occurrence(s)]
DEBUG --> [REQ_ID=39ad64b8b6f1] [FILTER_BEFORE] /index.php/Budget/Financial-Analysis

[1 occurrence(s)]
DEBUG --> [REQ_ID=39ad64b8b6f1] [ROUTE] Controller=\App\Modules\User\Controllers\BudgetController Method=financialAnalysis

[1 occurrence(s)]
DEBUG --> [REQ_ID=39ad64b8b6f1] [LIFECYCLE][START] GET https://www.mymiwallet.com/index.php/Budget/Financial-Analysis

[1 occurrence(s)]
DEBUG --> [CSRF] token name=csrf_test_name hash=3bbd209aecdead75b7db15c739f3e60b

[1 occurrence(s)]
DEBUG --> [REQ_ID=39ad64b8b6f1] [REQUEST][END]

[1 occurrence(s)]
DEBUG --> [REQ_ID=a2f3af9485d5] [REQUEST][START] GET /index.php/login

[1 occurrence(s)]
DEBUG --> [REQ_ID=a2f3af9485d5] [FILTER_BEFORE] /index.php/login

[1 occurrence(s)]
DEBUG --> [REQ_ID=a2f3af9485d5] [ROUTE] Controller=\App\Controllers\AuthController Method=login

[1 occurrence(s)]
DEBUG --> [REQ_ID=a2f3af9485d5] [LIFECYCLE][START] GET https://www.mymiwallet.com/index.php/login

[1 occurrence(s)]
DEBUG --> [CSRF] token name=csrf_test_name hash=20b32a6f072d3e23d0fa01ce84c65202

[1 occurrence(s)]
DEBUG --> [REQ_ID=79fbcfbdddc5] [INIT] App\Controllers\AuthController::GET

[1 occurrence(s)]
DEBUG --> [REQ_ID=a2f3af9485d5] [FILTER_AFTER]

[1 occurrence(s)]
DEBUG --> [REQ_ID=a2f3af9485d5] [LIFECYCLE][END] status=200 duration_ms=102.52 memory_delta=0

[1 occurrence(s)]
DEBUG --> [REQ_ID=a2f3af9485d5] [REQUEST][END]

[1 occurrence(s)]
DEBUG --> [REQ_ID=f702369cb997] [REQUEST][START] GET /index.php/API/Alerts/fetchEmailAlerts

[1 occurrence(s)]
DEBUG --> [REQ_ID=f702369cb997] [FILTER_BEFORE] /index.php/API/Alerts/fetchEmailAlerts

[1 occurrence(s)]
DEBUG --> [REQ_ID=f702369cb997] [ROUTE] Controller=\App\Modules\APIs\Controllers\AlertsAPIController Method=fetchEmailAlerts

[1 occurrence(s)]
DEBUG --> [REQ_ID=f702369cb997] [LIFECYCLE][START] GET https://www.mymiwallet.com/index.php/API/Alerts/fetchEmailAlerts

[1 occurrence(s)]
DEBUG --> [REQ_ID=f702369cb997] [REQUEST][END]

[1 occurrence(s)]
DEBUG --> [REQ_ID=65be0af3b4f3] [REQUEST][START] HEAD /

[1 occurrence(s)]
DEBUG --> [REQ_ID=3c9b9a25c6a1] [REQUEST][START] HEAD /

[1 occurrence(s)]
DEBUG --> [REQ_ID=830bbe271724] [REQUEST][START] GET /index.php/Getting-Started

[1 occurrence(s)]
DEBUG --> [REQ_ID=830bbe271724] [FILTER_BEFORE] /index.php/Getting-Started

[1 occurrence(s)]
DEBUG --> [REQ_ID=830bbe271724] [ROUTE] Controller=\App\Controllers\Home Method=gettingStarted

[1 occurrence(s)]
DEBUG --> [REQ_ID=830bbe271724] [LIFECYCLE][START] GET https://www.mymiwallet.com/index.php/Getting-Started

[1 occurrence(s)]
DEBUG --> [CSRF] token name=csrf_test_name hash=d81b3bc7708affb9fdf1e1a8df1e339f

[1 occurrence(s)]
DEBUG --> [REQ_ID=492220c7dd38] [INIT] App\Controllers\Home::GET

[1 occurrence(s)]
DEBUG --> [MetaService] slug=getting-started pageName= cacheHit= path=DB

[1 occurrence(s)]
DEBUG --> [REQ_ID=492220c7dd38] [VIEW_RENDER] themes/public/gettingStarted

[1 occurrence(s)]
DEBUG --> [MetaService] slug=getting-started pageName=Getting Started cacheHit= path=DB

[1 occurrence(s)]
DEBUG --> [REQ_ID=830bbe271724] [FILTER_AFTER]

[1 occurrence(s)]
DEBUG --> [REQ_ID=830bbe271724] [LIFECYCLE][END] status=200 duration_ms=737.88 memory_delta=4194304

[1 occurrence(s)]
DEBUG --> [REQ_ID=830bbe271724] [REQUEST][END]

[1 occurrence(s)]
DEBUG --> [REQ_ID=a7a3b10295a1] [REQUEST][START] HEAD /

[1 occurrence(s)]
DEBUG --> [REQ_ID=fbaacfb5fcb8] [REQUEST][START] HEAD /

[1 occurrence(s)]
DEBUG --> [REQ_ID=6bda2517aa22] [REQUEST][START] HEAD /

[1 occurrence(s)]
DEBUG --> [REQ_ID=df136385f71a] [REQUEST][START] HEAD /

[1 occurrence(s)]
DEBUG --> [REQ_ID=244285b04336] [REQUEST][START] HEAD /

[1 occurrence(s)]
DEBUG --> [REQ_ID=7703d55dbeca] [REQUEST][START] HEAD /

[1 occurrence(s)]
DEBUG --> [REQ_ID=04ba2f7f2849] [REQUEST][START] GET /

[1 occurrence(s)]
DEBUG --> [REQ_ID=04ba2f7f2849] [FILTER_BEFORE] /

[1 occurrence(s)]
DEBUG --> [REQ_ID=04ba2f7f2849] [ROUTE] Controller=\App\Controllers\Home Method=index

[1 occurrence(s)]
DEBUG --> [REQ_ID=04ba2f7f2849] [LIFECYCLE][START] GET https://www.mymiwallet.com/index.php/

[1 occurrence(s)]
DEBUG --> [CSRF] token name=csrf_test_name hash=b296681abad57a2c3dabb2b8f15e7c25

[1 occurrence(s)]
DEBUG --> [REQ_ID=ce65dbdb7230] [INIT] App\Controllers\Home::GET

[1 occurrence(s)]
DEBUG --> [REQ_ID=ce65dbdb7230] [VIEW_RENDER] themes/public/home

[1 occurrence(s)]
DEBUG --> [REQ_ID=04ba2f7f2849] [FILTER_AFTER]

[1 occurrence(s)]
DEBUG --> [REQ_ID=04ba2f7f2849] [LIFECYCLE][END] status=200 duration_ms=623.62 memory_delta=4194304

[1 occurrence(s)]
DEBUG --> [REQ_ID=04ba2f7f2849] [REQUEST][END]

[1 occurrence(s)]
DEBUG --> [REQ_ID=973a4cbe90ec] [REQUEST][START] HEAD /

[1 occurrence(s)]
DEBUG --> [REQ_ID=6176079993cb] [REQUEST][START] GET /index.php/API/Management/Run-CRON-Tasks

[1 occurrence(s)]
DEBUG --> [REQ_ID=6176079993cb] [FILTER_BEFORE] /index.php/API/Management/Run-CRON-Tasks

[1 occurrence(s)]
DEBUG --> [REQ_ID=6176079993cb] [ROUTE] Controller=\App\Modules\Management\Controllers\ManagementAPIController Method=Run_CRON_Tasks

[1 occurrence(s)]
DEBUG --> [REQ_ID=6176079993cb] [LIFECYCLE][START] GET https://www.mymiwallet.com/index.php/API/Management/Run-CRON-Tasks

[1 occurrence(s)]
DEBUG --> [REQ_ID=6176079993cb] [REQUEST][END]

[1 occurrence(s)]
DEBUG --> [REQ_ID=c901f589bf2a] [REQUEST][START] GET /

[1 occurrence(s)]
DEBUG --> [REQ_ID=c901f589bf2a] [FILTER_BEFORE] /

[1 occurrence(s)]
DEBUG --> [REQ_ID=c901f589bf2a] [ROUTE] Controller=\App\Controllers\Home Method=index

[1 occurrence(s)]
DEBUG --> [REQ_ID=c901f589bf2a] [LIFECYCLE][START] GET https://www.mymiwallet.com/index.php/

[1 occurrence(s)]
DEBUG --> [CSRF] token name=csrf_test_name hash=ed40fc3e0c2ed0dcaf6f8a1d93506fa2

[1 occurrence(s)]
DEBUG --> [REQ_ID=6663c88f1001] [INIT] App\Controllers\Home::GET

[1 occurrence(s)]
DEBUG --> [REQ_ID=6663c88f1001] [VIEW_RENDER] themes/public/home

[1 occurrence(s)]
DEBUG --> [REQ_ID=c901f589bf2a] [FILTER_AFTER]

[1 occurrence(s)]
DEBUG --> [REQ_ID=c901f589bf2a] [LIFECYCLE][END] status=200 duration_ms=619.23 memory_delta=4194304

[1 occurrence(s)]
DEBUG --> [REQ_ID=c901f589bf2a] [REQUEST][END]

[1 occurrence(s)]
DEBUG --> [REQ_ID=04d003677bc7] [REQUEST][START] HEAD /

[1 occurrence(s)]
DEBUG --> [REQ_ID=d34c3855ccde] [REQUEST][START] HEAD /

[1 occurrence(s)]
DEBUG --> [REQ_ID=317a16e0aee8] [REQUEST][START] GET /index.php/Management/Marketing/Schedule

[1 occurrence(s)]
DEBUG --> [REQ_ID=317a16e0aee8] [FILTER_BEFORE] /index.php/Management/Marketing/Schedule

[1 occurrence(s)]
DEBUG --> [REQ_ID=317a16e0aee8] [ROUTE] Controller=\App\Modules\Management\Controllers\MarketingAdminController Method=schedule

[1 occurrence(s)]
DEBUG --> [REQ_ID=317a16e0aee8] [LIFECYCLE][START] GET https://www.mymiwallet.com/index.php/Management/Marketing/Schedule

[1 occurrence(s)]
DEBUG --> [CSRF] token name=csrf_test_name hash=a93c6526a40357b54f828abaa618b709

[1 occurrence(s)]
DEBUG --> [REQ_ID=317a16e0aee8] [REQUEST][END]

[1 occurrence(s)]
DEBUG --> [REQ_ID=bc38e7669162] [REQUEST][START] GET /index.php/login

[1 occurrence(s)]
DEBUG --> [REQ_ID=bc38e7669162] [FILTER_BEFORE] /index.php/login

[1 occurrence(s)]
DEBUG --> [REQ_ID=bc38e7669162] [ROUTE] Controller=\App\Controllers\AuthController Method=login

[1 occurrence(s)]
DEBUG --> [REQ_ID=bc38e7669162] [LIFECYCLE][START] GET https://www.mymiwallet.com/index.php/login

[1 occurrence(s)]
DEBUG --> [CSRF] token name=csrf_test_name hash=50102eb1433a0e748ef8451591b8ce24

[1 occurrence(s)]
DEBUG --> [REQ_ID=ff0b52a0bd58] [INIT] App\Controllers\AuthController::GET

[1 occurrence(s)]
DEBUG --> [REQ_ID=bc38e7669162] [FILTER_AFTER]

[1 occurrence(s)]
DEBUG --> [REQ_ID=bc38e7669162] [LIFECYCLE][END] status=200 duration_ms=56.71 memory_delta=0

[1 occurrence(s)]
DEBUG --> [REQ_ID=bc38e7669162] [REQUEST][END]

[1 occurrence(s)]
DEBUG --> [REQ_ID=4bc880658f06] [REQUEST][START] HEAD /

[1 occurrence(s)]
DEBUG --> [REQ_ID=85a7578652af] [REQUEST][START] GET /index.php/API/Alerts/fetchEmailAlerts

[1 occurrence(s)]
DEBUG --> [REQ_ID=85a7578652af] [FILTER_BEFORE] /index.php/API/Alerts/fetchEmailAlerts

[1 occurrence(s)]
DEBUG --> [REQ_ID=85a7578652af] [ROUTE] Controller=\App\Modules\APIs\Controllers\AlertsAPIController Method=fetchEmailAlerts

[1 occurrence(s)]
DEBUG --> [REQ_ID=85a7578652af] [LIFECYCLE][START] GET https://www.mymiwallet.com/index.php/API/Alerts/fetchEmailAlerts

[1 occurrence(s)]
DEBUG --> [REQ_ID=85a7578652af] [REQUEST][END]

[1 occurrence(s)]
DEBUG --> [REQ_ID=b6eff1ca4516] [REQUEST][START] GET /

[1 occurrence(s)]
DEBUG --> [REQ_ID=b6eff1ca4516] [FILTER_BEFORE] /

[1 occurrence(s)]
DEBUG --> [REQ_ID=b6eff1ca4516] [ROUTE] Controller=\App\Controllers\Home Method=index

[1 occurrence(s)]
DEBUG --> [REQ_ID=b6eff1ca4516] [LIFECYCLE][START] GET https://www.mymiwallet.com/index.php/

[1 occurrence(s)]
DEBUG --> [CSRF] token name=csrf_test_name hash=9b4f47341e3860b28b8c7993783906f0

[1 occurrence(s)]
DEBUG --> [REQ_ID=59d6fe05909e] [INIT] App\Controllers\Home::GET

[1 occurrence(s)]
DEBUG --> [REQ_ID=59d6fe05909e] [VIEW_RENDER] themes/public/home

[1 occurrence(s)]
DEBUG --> [REQ_ID=b6eff1ca4516] [FILTER_AFTER]

[1 occurrence(s)]
DEBUG --> [REQ_ID=b6eff1ca4516] [LIFECYCLE][END] status=200 duration_ms=624.45 memory_delta=4194304

[1 occurrence(s)]
DEBUG --> [REQ_ID=b6eff1ca4516] [REQUEST][END]

[1 occurrence(s)]
DEBUG --> [REQ_ID=450632ce6546] [REQUEST][START] HEAD /

[1 occurrence(s)]
DEBUG --> [REQ_ID=fd485841dc68] [REQUEST][START] HEAD /

[1 occurrence(s)]
DEBUG --> [REQ_ID=8304d72ebdb5] [REQUEST][START] GET /

[1 occurrence(s)]
DEBUG --> [REQ_ID=8304d72ebdb5] [FILTER_BEFORE] /

[1 occurrence(s)]
DEBUG --> [REQ_ID=8304d72ebdb5] [ROUTE] Controller=\App\Controllers\Home Method=index

[1 occurrence(s)]
DEBUG --> [REQ_ID=8304d72ebdb5] [LIFECYCLE][START] GET https://www.mymiwallet.com/index.php/

[1 occurrence(s)]
DEBUG --> [CSRF] token name=csrf_test_name hash=cabacf20ebe4602c801bd6422f7932a6

[1 occurrence(s)]
DEBUG --> [REQ_ID=aea7bf2f9378] [INIT] App\Controllers\Home::GET

[1 occurrence(s)]
DEBUG --> [REQ_ID=aea7bf2f9378] [VIEW_RENDER] themes/public/home

[1 occurrence(s)]
DEBUG --> [REQ_ID=8304d72ebdb5] [FILTER_AFTER]

[1 occurrence(s)]
DEBUG --> [REQ_ID=8304d72ebdb5] [LIFECYCLE][END] status=200 duration_ms=719.72 memory_delta=4194304

[1 occurrence(s)]
DEBUG --> [REQ_ID=8304d72ebdb5] [REQUEST][END]

[1 occurrence(s)]
DEBUG --> [REQ_ID=272cecbb9551] [REQUEST][START] HEAD /

[1 occurrence(s)]
DEBUG --> [REQ_ID=2d2b746da63e] [REQUEST][START] HEAD /

[1 occurrence(s)]
DEBUG --> [REQ_ID=7ee37cd5eaf2] [REQUEST][START] HEAD /

[1 occurrence(s)]
DEBUG --> [REQ_ID=9567b4dec56f] [REQUEST][START] HEAD /

[1 occurrence(s)]
DEBUG --> [REQ_ID=faa95f753ac1] [REQUEST][START] HEAD /

[1 occurrence(s)]
DEBUG --> [REQ_ID=c59072277e2d] [REQUEST][START] GET /index.php/activate

[1 occurrence(s)]
DEBUG --> [REQ_ID=c59072277e2d] [FILTER_BEFORE] /index.php/activate

[1 occurrence(s)]
DEBUG --> [REQ_ID=c59072277e2d] [ROUTE] Controller=\App\Controllers\AuthController Method=activateAccount

[1 occurrence(s)]
DEBUG --> [REQ_ID=c59072277e2d] [LIFECYCLE][START] GET https://www.mymiwallet.com/index.php/activate

[1 occurrence(s)]
DEBUG --> [CSRF] token name=csrf_test_name hash=fa4169bd56be4d8ddc84b4294516e67f

[1 occurrence(s)]
DEBUG --> [REQ_ID=a6cefe6afb0f] [INIT] App\Controllers\AuthController::GET

[1 occurrence(s)]
DEBUG --> [REQ_ID=c59072277e2d] [FILTER_AFTER]

[1 occurrence(s)]
DEBUG --> [REQ_ID=c59072277e2d] [LIFECYCLE][END] status=302 duration_ms=38.73 memory_delta=0

[1 occurrence(s)]
DEBUG --> [REQ_ID=c59072277e2d] [REQUEST][END]

[1 occurrence(s)]
DEBUG --> [REQ_ID=5fb3f63c2a67] [REQUEST][START] GET /index.php/Support/Account

[1 occurrence(s)]
DEBUG --> [REQ_ID=5fb3f63c2a67] [FILTER_BEFORE] /index.php/Support/Account

[1 occurrence(s)]
DEBUG --> [REQ_ID=5fb3f63c2a67] [ROUTE] Controller=\App\Modules\Support\Controllers\AccountSupportController Method=index

[1 occurrence(s)]
DEBUG --> [REQ_ID=5fb3f63c2a67] [LIFECYCLE][START] GET https://www.mymiwallet.com/index.php/Support/Account

[1 occurrence(s)]
DEBUG --> [CSRF] token name=csrf_test_name hash=fe1fe5449f1efc9cf295f3e42d0d9f42

[1 occurrence(s)]
DEBUG --> [REQ_ID=2b973e966702] [INIT] App\Modules\Support\Controllers\AccountSupportController::GET

[1 occurrence(s)]
DEBUG --> [REQ_ID=2b973e966702] [METHOD_ENTRY] index

[1 occurrence(s)]
DEBUG --> [REQ_ID=2b973e966702] [VIEW_RENDER] SupportModule/Support/account_help

[1 occurrence(s)]
DEBUG --> [REQ_ID=5fb3f63c2a67] [FILTER_AFTER]

[1 occurrence(s)]
DEBUG --> [REQ_ID=5fb3f63c2a67] [LIFECYCLE][END] status=200 duration_ms=74.74 memory_delta=2097152

[1 occurrence(s)]
DEBUG --> [REQ_ID=5fb3f63c2a67] [REQUEST][END]

[1 occurrence(s)]
DEBUG --> [REQ_ID=58f12673cc72] [REQUEST][START] HEAD /

[1 occurrence(s)]
DEBUG --> [REQ_ID=0c62f719905f] [REQUEST][START] HEAD /

[1 occurrence(s)]
DEBUG --> [REQ_ID=8c2a0d4179ef] [REQUEST][START] GET /index.php/API/Management/Run-CRON-Tasks

[1 occurrence(s)]
DEBUG --> [REQ_ID=8c2a0d4179ef] [FILTER_BEFORE] /index.php/API/Management/Run-CRON-Tasks

[1 occurrence(s)]
DEBUG --> [REQ_ID=8c2a0d4179ef] [ROUTE] Controller=\App\Modules\Management\Controllers\ManagementAPIController Method=Run_CRON_Tasks

[1 occurrence(s)]
DEBUG --> [REQ_ID=8c2a0d4179ef] [LIFECYCLE][START] GET https://www.mymiwallet.com/index.php/API/Management/Run-CRON-Tasks

[1 occurrence(s)]
DEBUG --> [REQ_ID=8c2a0d4179ef] [REQUEST][END]


---------------------------
LEVEL: INFO
---------------------------

[1 occurrence(s)]
INFO --> [REQ_ID=96827b346abe] [MEMORY][controller-start] 6291456

[1 occurrence(s)]
INFO --> [REQ_ID=96827b346abe] [MEMORY][commonData:start] 6291456

[1 occurrence(s)]
INFO --> [REQ_ID=96827b346abe] [MEMORY][commonData:start] 10485760

[10 occurrence(s)]
INFO --> themesMemory usage: 10485760

[1 occurrence(s)]
INFO --> [REQ_ID=96827b346abe] [PERF] Execution time=0.716372

[1 occurrence(s)]
INFO --> [REQ_ID=adda812d448b] [PERF] Execution time=0.803566

[41 occurrence(s)]
INFO --> [spark:ops:work] Started

[41 occurrence(s)]
INFO --> [SPARK_START] App\Commands\Ops\Work

[56 occurrence(s)]
INFO --> [SPARK_MEMORY] 16777216

[41 occurrence(s)]
INFO --> [spark:ops:work] Intent

[1 occurrence(s)]
INFO --> [REQ_ID=ec4f9a77ac38] [PERF] Execution time=0.066307

[41 occurrence(s)]
INFO --> [spark:ops:work] Completed

[1 occurrence(s)]
INFO --> [SPARK_COMPLETE] App\Commands\Ops\Work duration=0.216291

[52 occurrence(s)]
INFO --> [SPARK_MEMORY] 18874368

[1 occurrence(s)]
INFO --> [REQ_ID=853bd6458ded] [MEMORY][controller-start] 6291456

[1 occurrence(s)]
INFO --> [REQ_ID=853bd6458ded] [MEMORY][commonData:start] 6291456

[1 occurrence(s)]
INFO --> [REQ_ID=853bd6458ded] [MEMORY][commonData:start] 10485760

[1 occurrence(s)]
INFO --> [REQ_ID=853bd6458ded] [PERF] Execution time=0.678434

[1 occurrence(s)]
INFO --> [REQ_ID=c075be0354cb] [PERF] Execution time=0.718543

[1 occurrence(s)]
INFO --> [REQ_ID=d26645188466] [MEMORY][controller-start] 6291456

[1 occurrence(s)]
INFO --> [REQ_ID=d26645188466] [MEMORY][commonData:start] 6291456

[1 occurrence(s)]
INFO --> [REQ_ID=d26645188466] [MEMORY][commonData:start] 8388608

[15 occurrence(s)]
INFO --> themesMemory usage: 8388608

[1 occurrence(s)]
INFO --> [REQ_ID=d26645188466] [PERF] Execution time=0.527149

[1 occurrence(s)]
INFO --> [REQ_ID=08161a6ad392] [PERF] Execution time=0.537056

[1 occurrence(s)]
INFO --> [REQ_ID=85764ae08286] [MEMORY][controller-start] 6291456

[1 occurrence(s)]
INFO --> [REQ_ID=85764ae08286] [MEMORY][commonData:start] 6291456

[1 occurrence(s)]
INFO --> [REQ_ID=85764ae08286] [MEMORY][commonData:start] 10485760

[1 occurrence(s)]
INFO --> [REQ_ID=85764ae08286] [PERF] Execution time=0.644552

[1 occurrence(s)]
INFO --> [REQ_ID=b7639d6fe08a] [PERF] Execution time=0.685725

[1 occurrence(s)]
INFO --> [REQ_ID=013e3ebc2d87] [PERF] Execution time=0.060427

[1 occurrence(s)]
INFO --> [REQ_ID=bdbf99167177] [MEMORY][controller-start] 4194304

[1 occurrence(s)]
INFO --> [REQ_ID=bdbf99167177] [PERF] Execution time=0.104685

[1 occurrence(s)]
INFO --> [REQ_ID=23f7f687a7cc] [PERF] Execution time=0.117910

[1 occurrence(s)]
INFO --> [REQ_ID=acaad60e5f40] [PERF] Execution time=0.016188

[1 occurrence(s)]
INFO --> [REQ_ID=c95e7054eec0] [MEMORY][controller-start] 4194304

[1 occurrence(s)]
INFO --> [REQ_ID=c95e7054eec0] [PERF] Execution time=0.285074

[1 occurrence(s)]
INFO --> [REQ_ID=7808175e3a9a] [PERF] Execution time=0.294838

[1 occurrence(s)]
INFO --> [SPARK_COMPLETE] App\Commands\Ops\Work duration=0.100800

[1 occurrence(s)]
INFO --> [REQ_ID=53bffc3ea2b6] [PERF] Execution time=0.055765

[1 occurrence(s)]
INFO --> [REQ_ID=86928b3b1bec] [MEMORY][controller-start] 4194304

[1 occurrence(s)]
INFO --> [REQ_ID=86928b3b1bec] [PERF] Execution time=0.304972

[1 occurrence(s)]
INFO --> [REQ_ID=166fcabe8f96] [PERF] Execution time=0.319498

[1 occurrence(s)]
INFO --> [SPARK_COMPLETE] App\Commands\Ops\Work duration=0.215456

[1 occurrence(s)]
INFO --> [SPARK_COMPLETE] App\Commands\Ops\Work duration=0.093567

[1 occurrence(s)]
INFO --> [REQ_ID=0b971e623571] [MEMORY][controller-start] 4194304

[1 occurrence(s)]
INFO --> [REQ_ID=0b971e623571] [MEMORY][commonData:start] 6291456

[1 occurrence(s)]
INFO --> [REQ_ID=0b971e623571] [PERF] Execution time=0.809848

[1 occurrence(s)]
INFO --> [REQ_ID=801a3024fbee] [PERF] Execution time=0.837026

[1 occurrence(s)]
INFO --> [REQ_ID=2882cb00ad41] [PERF] Execution time=0.066722

[1 occurrence(s)]
INFO --> [SPARK_COMPLETE] App\Commands\Ops\Work duration=0.053882

[1 occurrence(s)]
INFO --> [REQ_ID=05e79b2a12d6] [PERF] Execution time=0.030122

[1 occurrence(s)]
INFO --> [REQ_ID=19c34d160d87] [MEMORY][controller-start] 4194304

[1 occurrence(s)]
INFO --> [REQ_ID=19c34d160d87] [PERF] Execution time=0.108397

[1 occurrence(s)]
INFO --> [REQ_ID=0cdb03c6ff3b] [PERF] Execution time=0.121966

[1 occurrence(s)]
INFO --> [REQ_ID=9e567cdfcb34] [MEMORY][controller-start] 4194304

[1 occurrence(s)]
INFO --> [REQ_ID=9e567cdfcb34] [MEMORY][commonData:start] 6291456

[1 occurrence(s)]
INFO --> [REQ_ID=9e567cdfcb34] [MEMORY][commonData:start] 8388608

[1 occurrence(s)]
INFO --> [REQ_ID=9e567cdfcb34] [PERF] Execution time=0.618351

[1 occurrence(s)]
INFO --> [REQ_ID=d8adaa6e0d4c] [PERF] Execution time=0.638982

[1 occurrence(s)]
INFO --> [SPARK_COMPLETE] App\Commands\Ops\Work duration=0.120572

[1 occurrence(s)]
INFO --> [REQ_ID=a36bbcbfb1f4] [PERF] Execution time=0.053829

[1 occurrence(s)]
INFO --> [SPARK_COMPLETE] App\Commands\Ops\Work duration=0.221463

[1 occurrence(s)]
INFO --> [SPARK_COMPLETE] App\Commands\Ops\Work duration=0.050704

[1 occurrence(s)]
INFO --> [REQ_ID=22c02d0cdad3] [MEMORY][controller-start] 6291456

[1 occurrence(s)]
INFO --> [REQ_ID=22c02d0cdad3] [MEMORY][commonData:start] 6291456

[1 occurrence(s)]
INFO --> [REQ_ID=22c02d0cdad3] [MEMORY][commonData:start] 10485760

[1 occurrence(s)]
INFO --> themesMemory usage: 14680064

[1 occurrence(s)]
INFO --> [REQ_ID=22c02d0cdad3] [PERF] Execution time=1.398885

[1 occurrence(s)]
INFO --> [REQ_ID=f4d3c65ab059] [PERF] Execution time=1.459769

[5 occurrence(s)]
INFO --> [SPARK_START] App\Commands\AIOps\Run

[5 occurrence(s)]
INFO --> [spark:aiops:run] Intent

[1 occurrence(s)]
INFO --> [REQ_ID=64b3d68680c1] [PERF] Execution time=0.121771

[1 occurrence(s)]
INFO --> [SPARK_COMPLETE] App\Commands\Ops\Work duration=0.064866

[5 occurrence(s)]
INFO --> [AIOPS][SPARK][GOVERNANCE][spark:logs:summarize] Started

[5 occurrence(s)]
INFO --> [SPARK_START] App\Commands\Logs\Summarize

[5 occurrence(s)]
INFO --> [spark:logs:summarize] Intent

[4 occurrence(s)]
INFO --> [AIOPS][SPARK][GOVERNANCE][spark:logs:summarize] Completed

[1 occurrence(s)]
INFO --> [SPARK_COMPLETE] App\Commands\Logs\Summarize duration=0.006063

[4 occurrence(s)]
INFO --> [spark:app:healthcheck] Started

[4 occurrence(s)]
INFO --> [SPARK_START] App\Commands\App\Healthcheck

[4 occurrence(s)]
INFO --> [spark:app:healthcheck] Intent

[1 occurrence(s)]
INFO --> LOG_HEALTHCHECK info marker=549c6652616d

[4 occurrence(s)]
INFO --> [spark:app:healthcheck] Completed

[1 occurrence(s)]
INFO --> [SPARK_COMPLETE] App\Commands\App\Healthcheck duration=0.027502

[1 occurrence(s)]
INFO --> [SPARK_COMPLETE] App\Commands\AIOps\Run duration=4.012456

[1 occurrence(s)]
INFO --> [REQ_ID=0588109c088e] [PERF] Execution time=0.051701

[1 occurrence(s)]
INFO --> [REQ_ID=776e7aaac7b3] [MEMORY][controller-start] 4194304

[1 occurrence(s)]
INFO --> [REQ_ID=776e7aaac7b3] [PERF] Execution time=0.114234

[1 occurrence(s)]
INFO --> [REQ_ID=6702c20a7218] [PERF] Execution time=0.127251

[1 occurrence(s)]
INFO --> [REQ_ID=d72c71764298] [PERF] Execution time=0.061288

[1 occurrence(s)]
INFO --> [SPARK_COMPLETE] App\Commands\Ops\Work duration=0.185293

[1 occurrence(s)]
INFO --> [REQ_ID=a8d25bf5883b] [MEMORY][controller-start] 4194304

[1 occurrence(s)]
INFO --> [REQ_ID=a8d25bf5883b] [MEMORY][commonData:start] 6291456

[1 occurrence(s)]
INFO --> [REQ_ID=a8d25bf5883b] [MEMORY][commonData:start] 8388608

[1 occurrence(s)]
INFO --> [REQ_ID=a8d25bf5883b] [PERF] Execution time=0.631371

[1 occurrence(s)]
INFO --> [REQ_ID=7180fcb12574] [PERF] Execution time=0.808959

[1 occurrence(s)]
INFO --> [SPARK_COMPLETE] App\Commands\Ops\Work duration=0.119181

[1 occurrence(s)]
INFO --> [SPARK_COMPLETE] App\Commands\Ops\Work duration=0.051096

[1 occurrence(s)]
INFO --> [REQ_ID=c4c404ef2031] [PERF] Execution time=0.051440

[1 occurrence(s)]
INFO --> [SPARK_COMPLETE] App\Commands\Ops\Work duration=0.198160

[1 occurrence(s)]
INFO --> [REQ_ID=55a154ed3e19] [MEMORY][controller-start] 6291456

[1 occurrence(s)]
INFO --> [REQ_ID=55a154ed3e19] [MEMORY][commonData:start] 6291456

[1 occurrence(s)]
INFO --> [REQ_ID=55a154ed3e19] [MEMORY][commonData:start] 10485760

[1 occurrence(s)]
INFO --> [REQ_ID=55a154ed3e19] [PERF] Execution time=0.746242

[1 occurrence(s)]
INFO --> [REQ_ID=7b657ff951b1] [PERF] Execution time=0.799444

[1 occurrence(s)]
INFO --> [SPARK_COMPLETE] App\Commands\Ops\Work duration=0.033301

[1 occurrence(s)]
INFO --> [REQ_ID=b2c5f512f9db] [PERF] Execution time=0.056791

[1 occurrence(s)]
INFO --> [REQ_ID=a8a30ba254f6] [MEMORY][controller-start] 4194304

[1 occurrence(s)]
INFO --> [REQ_ID=a8a30ba254f6] [MEMORY][commonData:start] 6291456

[1 occurrence(s)]
INFO --> [REQ_ID=a8a30ba254f6] [MEMORY][commonData:start] 8388608

[1 occurrence(s)]
INFO --> [REQ_ID=a8a30ba254f6] [PERF] Execution time=0.590719

[1 occurrence(s)]
INFO --> [REQ_ID=642ef673993a] [PERF] Execution time=0.605624

[1 occurrence(s)]
INFO --> [REQ_ID=943e20cb42ee] [MEMORY][controller-start] 6291456

[1 occurrence(s)]
INFO --> [REQ_ID=943e20cb42ee] [MEMORY][commonData:start] 6291456

[1 occurrence(s)]
INFO --> [REQ_ID=943e20cb42ee] [MEMORY][commonData:start] 8388608

[1 occurrence(s)]
INFO --> [REQ_ID=943e20cb42ee] [PERF] Execution time=0.535652

[1 occurrence(s)]
INFO --> [REQ_ID=1e1b6837a88a] [PERF] Execution time=0.545870

[1 occurrence(s)]
INFO --> [SPARK_COMPLETE] App\Commands\Ops\Work duration=0.293582

[1 occurrence(s)]
INFO --> [SPARK_COMPLETE] App\Commands\Ops\Work duration=0.051939

[1 occurrence(s)]
INFO --> [REQ_ID=f0570afcf9ea] [PERF] Execution time=0.078733

[1 occurrence(s)]
INFO --> [SPARK_COMPLETE] App\Commands\Ops\Work duration=0.062196

[1 occurrence(s)]
INFO --> [SPARK_COMPLETE] App\Commands\Logs\Summarize duration=0.005812

[1 occurrence(s)]
INFO --> LOG_HEALTHCHECK info marker=b0cd7803d094

[1 occurrence(s)]
INFO --> [SPARK_COMPLETE] App\Commands\App\Healthcheck duration=0.025523

[1 occurrence(s)]
INFO --> [SPARK_COMPLETE] App\Commands\AIOps\Run duration=5.299759

[1 occurrence(s)]
INFO --> [REQ_ID=d2d1e15fecb1] [PERF] Execution time=0.031350

[1 occurrence(s)]
INFO --> [REQ_ID=06204448b2bf] [MEMORY][controller-start] 4194304

[1 occurrence(s)]
INFO --> [REQ_ID=06204448b2bf] [PERF] Execution time=0.111831

[1 occurrence(s)]
INFO --> [REQ_ID=d6ea2544b73f] [PERF] Execution time=0.125571

[1 occurrence(s)]
INFO --> [REQ_ID=2c09181e309e] [MEMORY][controller-start] 4194304

[1 occurrence(s)]
INFO --> [REQ_ID=2c09181e309e] [MEMORY][commonData:start] 6291456

[1 occurrence(s)]
INFO --> [REQ_ID=2c09181e309e] [MEMORY][commonData:start] 8388608

[1 occurrence(s)]
INFO --> [REQ_ID=2c09181e309e] [PERF] Execution time=0.640905

[1 occurrence(s)]
INFO --> [REQ_ID=c18ac1f43c5e] [PERF] Execution time=0.662229

[1 occurrence(s)]
INFO --> [SPARK_COMPLETE] App\Commands\Ops\Work duration=0.131588

[1 occurrence(s)]
INFO --> [REQ_ID=136985743af7] [PERF] Execution time=0.080734

[1 occurrence(s)]
INFO --> [REQ_ID=8a6f494b4421] [MEMORY][controller-start] 4194304

[1 occurrence(s)]
INFO --> [REQ_ID=8a6f494b4421] [MEMORY][commonData:start] 4194304

[1 occurrence(s)]
INFO --> [REQ_ID=8a6f494b4421] [MEMORY][commonData:start] 8388608

[1 occurrence(s)]
INFO --> [REQ_ID=8a6f494b4421] [PERF] Execution time=0.534895

[1 occurrence(s)]
INFO --> [REQ_ID=ed500d9f0794] [PERF] Execution time=0.549937

[1 occurrence(s)]
INFO --> [REQ_ID=7821ec278885] [MEMORY][controller-start] 4194304

[1 occurrence(s)]
INFO --> [REQ_ID=7821ec278885] [MEMORY][commonData:start] 6291456

[1 occurrence(s)]
INFO --> [REQ_ID=7821ec278885] [MEMORY][commonData:start] 8388608

[1 occurrence(s)]
INFO --> themesMemory usage: 12582912

[1 occurrence(s)]
INFO --> [REQ_ID=7821ec278885] [PERF] Execution time=1.023663

[1 occurrence(s)]
INFO --> [REQ_ID=da6957649777] [PERF] Execution time=1.036413

[2 occurrence(s)]
INFO --> CSRF token verified.

[1 occurrence(s)]
INFO --> [REQ_ID=ebce87da9a60] [MEMORY][controller-start] 8388608

[1 occurrence(s)]
INFO --> [REGISTRATION] Submission received

[2 occurrence(s)]
INFO --> MailService queued email

[1 occurrence(s)]
INFO --> [REQ_ID=ebce87da9a60] [PERF] Execution time=0.092247

[1 occurrence(s)]
INFO --> [REQ_ID=de278f4f313f] [PERF] Execution time=0.105838

[1 occurrence(s)]
INFO --> [REQ_ID=4c9a1f2b72ee] [MEMORY][controller-start] 6291456

[1 occurrence(s)]
INFO --> [REQ_ID=4c9a1f2b72ee] [MEMORY][commonData:start] 6291456

[1 occurrence(s)]
INFO --> [REQ_ID=4c9a1f2b72ee] [MEMORY][commonData:start] 8388608

[1 occurrence(s)]
INFO --> [REQ_ID=4c9a1f2b72ee] [PERF] Execution time=1.090201

[1 occurrence(s)]
INFO --> [REQ_ID=0873f095a4f1] [PERF] Execution time=1.102844

[1 occurrence(s)]
INFO --> [REQ_ID=caf277954ab2] [MEMORY][controller-start] 8388608

[1 occurrence(s)]
INFO --> [REQ_ID=caf277954ab2] [PERF] Execution time=0.014463

[1 occurrence(s)]
INFO --> [REQ_ID=0a1ed47c1a32] [PERF] Execution time=0.024399

[1 occurrence(s)]
INFO --> [REQ_ID=33d7f201815b] [MEMORY][controller-start] 6291456

[1 occurrence(s)]
INFO --> AuthController L93: Auth:attemptLogin started.

[1 occurrence(s)]
INFO --> AuthController L104: Auth:attemptLogin rules: {"login":"required","password":"required"}

[1 occurrence(s)]
INFO --> AuthController L132: Auth:attemptLogin Login Variables: login: required, remember: false, ip: 77.93.154.236, ua: Mozilla/5.0 (Windows NT 6.3; Win64; x64) AppleWebKit/537.36 (KHTML, like Gecko) Chrome/103.0.5060.53 Safari/537.36

[1 occurrence(s)]
INFO --> [REQ_ID=33d7f201815b] [PERF] Execution time=0.038080

[1 occurrence(s)]
INFO --> [REQ_ID=c28b979ddb51] [PERF] Execution time=0.047505

[1 occurrence(s)]
INFO --> [REQ_ID=28a58bd5ba05] [MEMORY][controller-start] 4194304

[1 occurrence(s)]
INFO --> [REQ_ID=28a58bd5ba05] [PERF] Execution time=0.015956

[1 occurrence(s)]
INFO --> [REQ_ID=13963c4cd0a9] [PERF] Execution time=0.025173

[1 occurrence(s)]
INFO --> [REQ_ID=c17c46a26044] [PERF] Execution time=0.029442

[1 occurrence(s)]
INFO --> [REQ_ID=b95b374a61c5] [MEMORY][controller-start] 4194304

[1 occurrence(s)]
INFO --> [REQ_ID=b95b374a61c5] [PERF] Execution time=0.025425

[1 occurrence(s)]
INFO --> [REQ_ID=6afedfed0525] [PERF] Execution time=0.038370

[1 occurrence(s)]
INFO --> [REQ_ID=771d3b5a4333] [MEMORY][controller-start] 6291456

[1 occurrence(s)]
INFO --> [REQ_ID=771d3b5a4333] [MEMORY][commonData:start] 6291456

[1 occurrence(s)]
INFO --> [REQ_ID=771d3b5a4333] [MEMORY][commonData:start] 10485760

[1 occurrence(s)]
INFO --> [REQ_ID=771d3b5a4333] [PERF] Execution time=0.713877

[1 occurrence(s)]
INFO --> [REQ_ID=aea67a444fc1] [PERF] Execution time=0.754611

[1 occurrence(s)]
INFO --> [SPARK_COMPLETE] App\Commands\Ops\Work duration=0.017606

[1 occurrence(s)]
INFO --> [SPARK_COMPLETE] App\Commands\Ops\Work duration=0.050605

[1 occurrence(s)]
INFO --> [REQ_ID=98ca4234e4e6] [MEMORY][controller-start] 6291456

[1 occurrence(s)]
INFO --> [REQ_ID=98ca4234e4e6] [MEMORY][commonData:start] 6291456

[1 occurrence(s)]
INFO --> [REQ_ID=98ca4234e4e6] [MEMORY][commonData:start] 10485760

[1 occurrence(s)]
INFO --> [REQ_ID=98ca4234e4e6] [PERF] Execution time=0.705568

[1 occurrence(s)]
INFO --> [REQ_ID=aa74e45600d4] [PERF] Execution time=0.746040

[1 occurrence(s)]
INFO --> [REQ_ID=0eaf59702002] [PERF] Execution time=0.047605

[1 occurrence(s)]
INFO --> [SPARK_COMPLETE] App\Commands\Ops\Work duration=0.199744

[1 occurrence(s)]
INFO --> [REQ_ID=4bc2464014a3] [PERF] Execution time=0.028781

[1 occurrence(s)]
INFO --> [REQ_ID=0d8c2ba7dac8] [MEMORY][controller-start] 4194304

[1 occurrence(s)]
INFO --> [REQ_ID=0d8c2ba7dac8] [PERF] Execution time=0.105800

[1 occurrence(s)]
INFO --> [REQ_ID=1ff78d095935] [PERF] Execution time=0.120046

[1 occurrence(s)]
INFO --> [SPARK_COMPLETE] App\Commands\Ops\Work duration=0.057828

[1 occurrence(s)]
INFO --> [REQ_ID=b3d1218aa520] [PERF] Execution time=0.079009

[1 occurrence(s)]
INFO --> [SPARK_COMPLETE] App\Commands\Ops\Work duration=0.135777

[1 occurrence(s)]
INFO --> [REQ_ID=5dd034d7a2af] [PERF] Execution time=0.025432

[1 occurrence(s)]
INFO --> [REQ_ID=14996c4c86ac] [MEMORY][controller-start] 4194304

[1 occurrence(s)]
INFO --> [REQ_ID=14996c4c86ac] [PERF] Execution time=0.023461

[1 occurrence(s)]
INFO --> [REQ_ID=c36f03db5533] [PERF] Execution time=0.040017

[1 occurrence(s)]
INFO --> [SPARK_COMPLETE] App\Commands\Ops\Work duration=0.158584

[1 occurrence(s)]
INFO --> [REQ_ID=cec5f8110318] [MEMORY][controller-start] 6291456

[1 occurrence(s)]
INFO --> [REQ_ID=cec5f8110318] [MEMORY][commonData:start] 6291456

[1 occurrence(s)]
INFO --> [REQ_ID=cec5f8110318] [MEMORY][commonData:start] 10485760

[1 occurrence(s)]
INFO --> [REQ_ID=cec5f8110318] [PERF] Execution time=0.887946

[1 occurrence(s)]
INFO --> [REQ_ID=6b5ef5cedc97] [PERF] Execution time=0.929081

[1 occurrence(s)]
INFO --> [REQ_ID=095ec35040bd] [MEMORY][controller-start] 6291456

[1 occurrence(s)]
INFO --> [REQ_ID=095ec35040bd] [MEMORY][commonData:start] 6291456

[1 occurrence(s)]
INFO --> [REQ_ID=095ec35040bd] [MEMORY][commonData:start] 10485760

[1 occurrence(s)]
INFO --> [REQ_ID=095ec35040bd] [PERF] Execution time=0.574419

[1 occurrence(s)]
INFO --> [REQ_ID=ffaeec70042f] [PERF] Execution time=0.614519

[1 occurrence(s)]
INFO --> [REQ_ID=a1287d796a33] [MEMORY][controller-start] 6291456

[1 occurrence(s)]
INFO --> [REQ_ID=a1287d796a33] [MEMORY][commonData:start] 6291456

[1 occurrence(s)]
INFO --> [REQ_ID=a1287d796a33] [MEMORY][commonData:start] 8388608

[1 occurrence(s)]
INFO --> [REQ_ID=a1287d796a33] [PERF] Execution time=0.628888

[1 occurrence(s)]
INFO --> [REQ_ID=9b85d1a89ce4] [PERF] Execution time=0.639329

[1 occurrence(s)]
INFO --> [REQ_ID=8b77e1ccf3c3] [PERF] Execution time=0.074897

[1 occurrence(s)]
INFO --> [SPARK_COMPLETE] App\Commands\Ops\Work duration=0.114728

[1 occurrence(s)]
INFO --> [SPARK_COMPLETE] App\Commands\Logs\Summarize duration=0.009965

[1 occurrence(s)]
INFO --> LOG_HEALTHCHECK info marker=0ce554860db1

[1 occurrence(s)]
INFO --> [SPARK_COMPLETE] App\Commands\App\Healthcheck duration=0.029093

[1 occurrence(s)]
INFO --> [SPARK_COMPLETE] App\Commands\AIOps\Run duration=4.429926

[1 occurrence(s)]
INFO --> [REQ_ID=6e1328b2d8c7] [MEMORY][controller-start] 6291456

[1 occurrence(s)]
INFO --> [REQ_ID=6e1328b2d8c7] [MEMORY][commonData:start] 6291456

[1 occurrence(s)]
INFO --> [REQ_ID=6e1328b2d8c7] [MEMORY][commonData:start] 10485760

[1 occurrence(s)]
INFO --> [REQ_ID=6e1328b2d8c7] [PERF] Execution time=0.645252

[1 occurrence(s)]
INFO --> [REQ_ID=2346d9682b71] [PERF] Execution time=0.686816

[1 occurrence(s)]
INFO --> [REQ_ID=415f32a1ea9d] [PERF] Execution time=0.053193

[1 occurrence(s)]
INFO --> [SPARK_COMPLETE] App\Commands\Ops\Work duration=0.249323

[1 occurrence(s)]
INFO --> [REQ_ID=f3f94183753e] [PERF] Execution time=0.025618

[1 occurrence(s)]
INFO --> [SPARK_COMPLETE] App\Commands\Ops\Work duration=0.054707

[1 occurrence(s)]
INFO --> [SPARK_COMPLETE] App\Commands\Ops\Work duration=0.134429

[1 occurrence(s)]
INFO --> [SPARK_COMPLETE] App\Commands\Ops\Work duration=0.110979

[1 occurrence(s)]
INFO --> [REQ_ID=6d860d34fc77] [PERF] Execution time=0.052988

[1 occurrence(s)]
INFO --> [REQ_ID=58b9b49ee2f6] [PERF] Execution time=0.054972

[1 occurrence(s)]
INFO --> [REQ_ID=0edb08c991c0] [MEMORY][controller-start] 4194304

[1 occurrence(s)]
INFO --> [REQ_ID=0edb08c991c0] [PERF] Execution time=0.163201

[1 occurrence(s)]
INFO --> [REQ_ID=f48e2b070f11] [PERF] Execution time=0.182403

[1 occurrence(s)]
INFO --> [REQ_ID=f78c32bb475b] [MEMORY][controller-start] 4194304

[2 occurrence(s)]
INFO --> [REQ_ID=f78c32bb475b] [MEMORY][commonData:start] 6291456

[3 occurrence(s)]
INFO --> themesMemory usage: 6291456

[1 occurrence(s)]
INFO --> [REQ_ID=f78c32bb475b] [PERF] Execution time=0.100966

[1 occurrence(s)]
INFO --> [REQ_ID=8624b3a52022] [PERF] Execution time=0.120308

[1 occurrence(s)]
INFO --> [REQ_ID=f17da6f6308d] [MEMORY][controller-start] 4194304

[1 occurrence(s)]
INFO --> [REQ_ID=f17da6f6308d] [MEMORY][commonData:start] 6291456

[1 occurrence(s)]
INFO --> [REQ_ID=f17da6f6308d] [MEMORY][commonData:start] 8388608

[1 occurrence(s)]
INFO --> [REQ_ID=f17da6f6308d] [PERF] Execution time=0.697577

[1 occurrence(s)]
INFO --> [REQ_ID=de7211caac0c] [PERF] Execution time=0.708315

[1 occurrence(s)]
INFO --> [REQ_ID=d07e1a3573f0] [PERF] Execution time=0.055389

[1 occurrence(s)]
INFO --> [SPARK_COMPLETE] App\Commands\Ops\Work duration=0.178817

[1 occurrence(s)]
INFO --> [SPARK_COMPLETE] App\Commands\Ops\Work duration=0.052623

[1 occurrence(s)]
INFO --> [SPARK_COMPLETE] App\Commands\Ops\Work duration=0.133487

[1 occurrence(s)]
INFO --> [REQ_ID=694e58d74afe] [MEMORY][controller-start] 6291456

[2 occurrence(s)]
INFO --> [REQ_ID=694e58d74afe] [MEMORY][commonData:start] 6291456

[1 occurrence(s)]
INFO --> [REQ_ID=694e58d74afe] [PERF] Execution time=0.227634

[1 occurrence(s)]
INFO --> [REQ_ID=859899aeea5e] [PERF] Execution time=0.275992

[1 occurrence(s)]
INFO --> [SPARK_COMPLETE] App\Commands\Ops\Work duration=0.028392

[1 occurrence(s)]
INFO --> [REQ_ID=9ffe7e1000bc] [PERF] Execution time=0.066334

[1 occurrence(s)]
INFO --> [SPARK_COMPLETE] App\Commands\Logs\Summarize duration=0.009265

[1 occurrence(s)]
INFO --> LOG_HEALTHCHECK info marker=63a23c4ab202

[1 occurrence(s)]
INFO --> [SPARK_COMPLETE] App\Commands\App\Healthcheck duration=0.183603

[1 occurrence(s)]
INFO --> [SPARK_COMPLETE] App\Commands\AIOps\Run duration=3.687473

[1 occurrence(s)]
INFO --> [REQ_ID=39ad64b8b6f1] [PERF] Execution time=0.033734

[1 occurrence(s)]
INFO --> [REQ_ID=79fbcfbdddc5] [MEMORY][controller-start] 4194304

[1 occurrence(s)]
INFO --> [REQ_ID=79fbcfbdddc5] [PERF] Execution time=0.102218

[1 occurrence(s)]
INFO --> [REQ_ID=a2f3af9485d5] [PERF] Execution time=0.114611

[1 occurrence(s)]
INFO --> [SPARK_COMPLETE] App\Commands\Ops\Work duration=0.175155

[1 occurrence(s)]
INFO --> [REQ_ID=f702369cb997] [PERF] Execution time=0.075986

[1 occurrence(s)]
INFO --> [REQ_ID=492220c7dd38] [MEMORY][controller-start] 4194304

[1 occurrence(s)]
INFO --> [REQ_ID=492220c7dd38] [MEMORY][commonData:start] 6291456

[1 occurrence(s)]
INFO --> [REQ_ID=492220c7dd38] [MEMORY][commonData:start] 8388608

[1 occurrence(s)]
INFO --> [REQ_ID=492220c7dd38] [PERF] Execution time=0.735651

[1 occurrence(s)]
INFO --> [REQ_ID=830bbe271724] [PERF] Execution time=0.756318

[1 occurrence(s)]
INFO --> [SPARK_COMPLETE] App\Commands\Ops\Work duration=0.215764

[1 occurrence(s)]
INFO --> [SPARK_COMPLETE] App\Commands\Ops\Work duration=0.049987

[1 occurrence(s)]
INFO --> [REQ_ID=ce65dbdb7230] [MEMORY][controller-start] 4194304

[1 occurrence(s)]
INFO --> [REQ_ID=ce65dbdb7230] [MEMORY][commonData:start] 6291456

[1 occurrence(s)]
INFO --> [REQ_ID=ce65dbdb7230] [MEMORY][commonData:start] 8388608

[1 occurrence(s)]
INFO --> [REQ_ID=ce65dbdb7230] [PERF] Execution time=0.621257

[1 occurrence(s)]
INFO --> [REQ_ID=04ba2f7f2849] [PERF] Execution time=0.641880

[1 occurrence(s)]
INFO --> [REQ_ID=6176079993cb] [PERF] Execution time=0.059408

[1 occurrence(s)]
INFO --> [SPARK_COMPLETE] App\Commands\Ops\Work duration=0.227939

[1 occurrence(s)]
INFO --> [REQ_ID=6663c88f1001] [MEMORY][controller-start] 4194304

[1 occurrence(s)]
INFO --> [REQ_ID=6663c88f1001] [MEMORY][commonData:start] 6291456

[1 occurrence(s)]
INFO --> [REQ_ID=6663c88f1001] [MEMORY][commonData:start] 8388608

[1 occurrence(s)]
INFO --> [REQ_ID=6663c88f1001] [PERF] Execution time=0.617531

[1 occurrence(s)]
INFO --> [REQ_ID=c901f589bf2a] [PERF] Execution time=0.632728

[1 occurrence(s)]
INFO --> [REQ_ID=317a16e0aee8] [PERF] Execution time=0.057269

[1 occurrence(s)]
INFO --> [REQ_ID=ff0b52a0bd58] [MEMORY][controller-start] 4194304

[1 occurrence(s)]
INFO --> [REQ_ID=ff0b52a0bd58] [PERF] Execution time=0.056452

[1 occurrence(s)]
INFO --> [REQ_ID=bc38e7669162] [PERF] Execution time=0.068805

[1 occurrence(s)]
INFO --> [SPARK_COMPLETE] App\Commands\Ops\Work duration=0.142782

[1 occurrence(s)]
INFO --> [REQ_ID=85a7578652af] [PERF] Execution time=0.045909

[1 occurrence(s)]
INFO --> [REQ_ID=59d6fe05909e] [MEMORY][controller-start] 4194304

[1 occurrence(s)]
INFO --> [REQ_ID=59d6fe05909e] [MEMORY][commonData:start] 6291456

[1 occurrence(s)]
INFO --> [REQ_ID=59d6fe05909e] [MEMORY][commonData:start] 8388608

[1 occurrence(s)]
INFO --> [REQ_ID=59d6fe05909e] [PERF] Execution time=0.622377

[1 occurrence(s)]
INFO --> [REQ_ID=b6eff1ca4516] [PERF] Execution time=0.639258

[1 occurrence(s)]
INFO --> [REQ_ID=aea7bf2f9378] [MEMORY][controller-start] 4194304

[1 occurrence(s)]
INFO --> [REQ_ID=aea7bf2f9378] [MEMORY][commonData:start] 4194304

[1 occurrence(s)]
INFO --> [REQ_ID=aea7bf2f9378] [MEMORY][commonData:start] 8388608

[1 occurrence(s)]
INFO --> [REQ_ID=aea7bf2f9378] [PERF] Execution time=0.717697

[1 occurrence(s)]
INFO --> [REQ_ID=8304d72ebdb5] [PERF] Execution time=0.738580

[1 occurrence(s)]
INFO --> [SPARK_COMPLETE] App\Commands\Ops\Work duration=0.052828

[1 occurrence(s)]
INFO --> [SPARK_COMPLETE] App\Commands\Ops\Work duration=0.201724

[1 occurrence(s)]
INFO --> [REQ_ID=a6cefe6afb0f] [MEMORY][controller-start] 4194304

[1 occurrence(s)]
INFO --> [ACTIVATION] Activation link hit

[1 occurrence(s)]
INFO --> [REQ_ID=a6cefe6afb0f] [PERF] Execution time=0.036346

[1 occurrence(s)]
INFO --> [REQ_ID=c59072277e2d] [PERF] Execution time=0.059400

[1 occurrence(s)]
INFO --> [REQ_ID=2b973e966702] [MEMORY][controller-start] 4194304

[2 occurrence(s)]
INFO --> [REQ_ID=2b973e966702] [MEMORY][commonData:start] 6291456

[1 occurrence(s)]
INFO --> [REQ_ID=2b973e966702] [PERF] Execution time=0.074262

[1 occurrence(s)]
INFO --> [REQ_ID=5fb3f63c2a67] [PERF] Execution time=0.087071

[1 occurrence(s)]
INFO --> [REQ_ID=8c2a0d4179ef] [PERF] Execution time=0.096904

[1 occurrence(s)]
INFO --> [SPARK_COMPLETE] App\Commands\Ops\Work duration=0.166546


---------------------------
LEVEL: NOTICE
---------------------------

[1 occurrence(s)]
NOTICE --> LOG_HEALTHCHECK probe marker=549c6652616d

[1 occurrence(s)]
NOTICE --> LOG_HEALTHCHECK probe marker=b0cd7803d094

[1 occurrence(s)]
NOTICE --> LOG_HEALTHCHECK probe marker=0ce554860db1

[1 occurrence(s)]
NOTICE --> LOG_HEALTHCHECK probe marker=63a23c4ab202


---------------------------
LEVEL: WARNING
---------------------------

[122 occurrence(s)]
WARNING --> [404] URI=https://www.mymiwallet.com/index.php/

[121 occurrence(s)]
WARNING --> 404 route miss: https://www.mymiwallet.com/index.php/ | referrer: http://67.205.42.220

[7 occurrence(s)]
WARNING --> MyMIWallets initialized without numeric user context.

[4 occurrence(s)]
WARNING --> OllamaPatchRunner:L49 - Original Diff:

[1 occurrence(s)]
WARNING --> [REGISTRATION] Validation failed (basic fields)

[1 occurrence(s)]
WARNING --> [AUTH_FAILURE]

[1 occurrence(s)]
WARNING --> [AUTH] Login failure

[1 occurrence(s)]
WARNING --> [AUTH] Login failed

[1 occurrence(s)]
WARNING --> 404 route miss: https://www.mymiwallet.com/index.php/ | referrer: http://mymiwallet.com/

[1 occurrence(s)]
WARNING --> [ACTIVATION] Activation failed: missing token


---------------------------
LEVEL: ERROR
---------------------------

[1 occurrence(s)]
ERROR --> Registration failed: {"username":"The username field is not in the correct format.","email":"The email field must contain a unique value."}


---------------------------
LEVEL: CRITICAL
---------------------------

[122 occurrence(s)]
CRITICAL --> CodeIgniter\Exceptions\PageNotFoundException: Page Not Found

[122 occurrence(s)]
CRITICAL --> [EXCEPTION] Page Not Found File=/home/mymiteam/mymiwallet/site/current/vendor/codeigniter4/framework/system/CodeIgniter.php Line=1001


===============================================
   HERE'S THE NEW STUFF
   (Entries logged AFTER 2026-03-05 20:00:03)
===============================================

---------------------------
LEVEL: DEBUG (NEW)
---------------------------

[2 NEW occurrence(s)]
DEBUG --> OllamaPatchRunner:L142 - validateGeneratedPatch Content:

[1 NEW occurrence(s)]
DEBUG --> OllamaPatchRunner:L51 - Retried Diff:

[1 NEW occurrence(s)]
DEBUG --> OllamaPatchRunner:L53 - Validating Generated Patch Failed

[1 NEW occurrence(s)]
DEBUG --> [REQ_ID=3cd7b3602d87] [REQUEST][START] HEAD /

[39 NEW occurrence(s)]
DEBUG --> Session: Class initialized using 'CodeIgniter\Session\Handlers\FileHandler' driver.

[1 NEW occurrence(s)]
DEBUG --> [REQ_ID=8121c3ed6727] [REQUEST][START] HEAD /

[1 NEW occurrence(s)]
DEBUG --> [REQ_ID=8c369b33dc4b] [REQUEST][START] HEAD /

[1 NEW occurrence(s)]
DEBUG --> [REQ_ID=39ad64b8b6f1] [REQUEST][START] GET /index.php/Budget/Financial-Analysis

[1 NEW occurrence(s)]
DEBUG --> [REQ_ID=39ad64b8b6f1] [FILTER_BEFORE] /index.php/Budget/Financial-Analysis

[1 NEW occurrence(s)]
DEBUG --> [REQ_ID=39ad64b8b6f1] [ROUTE] Controller=\App\Modules\User\Controllers\BudgetController Method=financialAnalysis

[1 NEW occurrence(s)]
DEBUG --> [REQ_ID=39ad64b8b6f1] [LIFECYCLE][START] GET https://www.mymiwallet.com/index.php/Budget/Financial-Analysis

[1 NEW occurrence(s)]
DEBUG --> [CSRF] token name=csrf_test_name hash=3bbd209aecdead75b7db15c739f3e60b

[1 NEW occurrence(s)]
DEBUG --> [REQ_ID=39ad64b8b6f1] [REQUEST][END]

[1 NEW occurrence(s)]
DEBUG --> [REQ_ID=a2f3af9485d5] [REQUEST][START] GET /index.php/login

[1 NEW occurrence(s)]
DEBUG --> [REQ_ID=a2f3af9485d5] [FILTER_BEFORE] /index.php/login

[1 NEW occurrence(s)]
DEBUG --> [REQ_ID=a2f3af9485d5] [ROUTE] Controller=\App\Controllers\AuthController Method=login

[1 NEW occurrence(s)]
DEBUG --> [REQ_ID=a2f3af9485d5] [LIFECYCLE][START] GET https://www.mymiwallet.com/index.php/login

[1 NEW occurrence(s)]
DEBUG --> [CSRF] token name=csrf_test_name hash=20b32a6f072d3e23d0fa01ce84c65202

[1 NEW occurrence(s)]
DEBUG --> [REQ_ID=79fbcfbdddc5] [INIT] App\Controllers\AuthController::GET

[1 NEW occurrence(s)]
DEBUG --> [REQ_ID=a2f3af9485d5] [FILTER_AFTER]

[1 NEW occurrence(s)]
DEBUG --> [REQ_ID=a2f3af9485d5] [LIFECYCLE][END] status=200 duration_ms=102.52 memory_delta=0

[1 NEW occurrence(s)]
DEBUG --> [REQ_ID=a2f3af9485d5] [REQUEST][END]

[1 NEW occurrence(s)]
DEBUG --> [REQ_ID=f702369cb997] [REQUEST][START] GET /index.php/API/Alerts/fetchEmailAlerts

[1 NEW occurrence(s)]
DEBUG --> [REQ_ID=f702369cb997] [FILTER_BEFORE] /index.php/API/Alerts/fetchEmailAlerts

[1 NEW occurrence(s)]
DEBUG --> [REQ_ID=f702369cb997] [ROUTE] Controller=\App\Modules\APIs\Controllers\AlertsAPIController Method=fetchEmailAlerts

[1 NEW occurrence(s)]
DEBUG --> [REQ_ID=f702369cb997] [LIFECYCLE][START] GET https://www.mymiwallet.com/index.php/API/Alerts/fetchEmailAlerts

[1 NEW occurrence(s)]
DEBUG --> [REQ_ID=f702369cb997] [REQUEST][END]

[1 NEW occurrence(s)]
DEBUG --> [REQ_ID=65be0af3b4f3] [REQUEST][START] HEAD /

[1 NEW occurrence(s)]
DEBUG --> [REQ_ID=3c9b9a25c6a1] [REQUEST][START] HEAD /

[1 NEW occurrence(s)]
DEBUG --> [REQ_ID=830bbe271724] [REQUEST][START] GET /index.php/Getting-Started

[1 NEW occurrence(s)]
DEBUG --> [REQ_ID=830bbe271724] [FILTER_BEFORE] /index.php/Getting-Started

[1 NEW occurrence(s)]
DEBUG --> [REQ_ID=830bbe271724] [ROUTE] Controller=\App\Controllers\Home Method=gettingStarted

[1 NEW occurrence(s)]
DEBUG --> [REQ_ID=830bbe271724] [LIFECYCLE][START] GET https://www.mymiwallet.com/index.php/Getting-Started

[1 NEW occurrence(s)]
DEBUG --> [CSRF] token name=csrf_test_name hash=d81b3bc7708affb9fdf1e1a8df1e339f

[1 NEW occurrence(s)]
DEBUG --> [REQ_ID=492220c7dd38] [INIT] App\Controllers\Home::GET

[6 NEW occurrence(s)]
DEBUG --> MyMIUser L52 - initialized (first log).

[1 NEW occurrence(s)]
DEBUG --> [MetaService] slug=getting-started pageName= cacheHit= path=DB

[1 NEW occurrence(s)]
DEBUG --> [REQ_ID=492220c7dd38] [VIEW_RENDER] themes/public/gettingStarted

[1 NEW occurrence(s)]
DEBUG --> [MetaService] slug=getting-started pageName=Getting Started cacheHit= path=DB

[1 NEW occurrence(s)]
DEBUG --> [REQ_ID=830bbe271724] [FILTER_AFTER]

[1 NEW occurrence(s)]
DEBUG --> [REQ_ID=830bbe271724] [LIFECYCLE][END] status=200 duration_ms=737.88 memory_delta=4194304

[1 NEW occurrence(s)]
DEBUG --> [REQ_ID=830bbe271724] [REQUEST][END]

[1 NEW occurrence(s)]
DEBUG --> [REQ_ID=a7a3b10295a1] [REQUEST][START] HEAD /

[1 NEW occurrence(s)]
DEBUG --> [REQ_ID=fbaacfb5fcb8] [REQUEST][START] HEAD /

[1 NEW occurrence(s)]
DEBUG --> [REQ_ID=6bda2517aa22] [REQUEST][START] HEAD /

[1 NEW occurrence(s)]
DEBUG --> [REQ_ID=df136385f71a] [REQUEST][START] HEAD /

[1 NEW occurrence(s)]
DEBUG --> [REQ_ID=244285b04336] [REQUEST][START] HEAD /

[1 NEW occurrence(s)]
DEBUG --> [REQ_ID=7703d55dbeca] [REQUEST][START] HEAD /

[1 NEW occurrence(s)]
DEBUG --> [REQ_ID=04ba2f7f2849] [REQUEST][START] GET /

[1 NEW occurrence(s)]
DEBUG --> [REQ_ID=04ba2f7f2849] [FILTER_BEFORE] /

[1 NEW occurrence(s)]
DEBUG --> [REQ_ID=04ba2f7f2849] [ROUTE] Controller=\App\Controllers\Home Method=index

[1 NEW occurrence(s)]
DEBUG --> [REQ_ID=04ba2f7f2849] [LIFECYCLE][START] GET https://www.mymiwallet.com/index.php/

[1 NEW occurrence(s)]
DEBUG --> [CSRF] token name=csrf_test_name hash=b296681abad57a2c3dabb2b8f15e7c25

[1 NEW occurrence(s)]
DEBUG --> [REQ_ID=ce65dbdb7230] [INIT] App\Controllers\Home::GET

[2 NEW occurrence(s)]
DEBUG --> [MetaService] slug= pageName= cacheHit= path=FALLBACK

[1 NEW occurrence(s)]
DEBUG --> [REQ_ID=ce65dbdb7230] [VIEW_RENDER] themes/public/home

[1 NEW occurrence(s)]
DEBUG --> [MetaService] slug= pageName=Home cacheHit= path=DB

[1 NEW occurrence(s)]
DEBUG --> [REQ_ID=04ba2f7f2849] [FILTER_AFTER]

[1 NEW occurrence(s)]
DEBUG --> [REQ_ID=04ba2f7f2849] [LIFECYCLE][END] status=200 duration_ms=623.62 memory_delta=4194304

[1 NEW occurrence(s)]
DEBUG --> [REQ_ID=04ba2f7f2849] [REQUEST][END]

[1 NEW occurrence(s)]
DEBUG --> [REQ_ID=973a4cbe90ec] [REQUEST][START] HEAD /

[1 NEW occurrence(s)]
DEBUG --> [REQ_ID=6176079993cb] [REQUEST][START] GET /index.php/API/Management/Run-CRON-Tasks

[1 NEW occurrence(s)]
DEBUG --> [REQ_ID=6176079993cb] [FILTER_BEFORE] /index.php/API/Management/Run-CRON-Tasks

[1 NEW occurrence(s)]
DEBUG --> [REQ_ID=6176079993cb] [ROUTE] Controller=\App\Modules\Management\Controllers\ManagementAPIController Method=Run_CRON_Tasks

[1 NEW occurrence(s)]
DEBUG --> [REQ_ID=6176079993cb] [LIFECYCLE][START] GET https://www.mymiwallet.com/index.php/API/Management/Run-CRON-Tasks

[1 NEW occurrence(s)]
DEBUG --> [REQ_ID=6176079993cb] [REQUEST][END]

[1 NEW occurrence(s)]
DEBUG --> [REQ_ID=c901f589bf2a] [REQUEST][START] GET /

[1 NEW occurrence(s)]
DEBUG --> [REQ_ID=c901f589bf2a] [FILTER_BEFORE] /

[1 NEW occurrence(s)]
DEBUG --> [REQ_ID=c901f589bf2a] [ROUTE] Controller=\App\Controllers\Home Method=index

[1 NEW occurrence(s)]
DEBUG --> [REQ_ID=c901f589bf2a] [LIFECYCLE][START] GET https://www.mymiwallet.com/index.php/

[1 NEW occurrence(s)]
DEBUG --> [CSRF] token name=csrf_test_name hash=ed40fc3e0c2ed0dcaf6f8a1d93506fa2

[1 NEW occurrence(s)]
DEBUG --> [REQ_ID=6663c88f1001] [INIT] App\Controllers\Home::GET

[2 NEW occurrence(s)]
DEBUG --> [MetaService] slug= pageName= cacheHit=1 path=CACHE

[1 NEW occurrence(s)]
DEBUG --> [REQ_ID=6663c88f1001] [VIEW_RENDER] themes/public/home

[3 NEW occurrence(s)]
DEBUG --> [MetaService] slug= pageName=Home cacheHit=1 path=CACHE

[1 NEW occurrence(s)]
DEBUG --> [REQ_ID=c901f589bf2a] [FILTER_AFTER]

[1 NEW occurrence(s)]
DEBUG --> [REQ_ID=c901f589bf2a] [LIFECYCLE][END] status=200 duration_ms=619.23 memory_delta=4194304

[1 NEW occurrence(s)]
DEBUG --> [REQ_ID=c901f589bf2a] [REQUEST][END]

[1 NEW occurrence(s)]
DEBUG --> [REQ_ID=04d003677bc7] [REQUEST][START] HEAD /

[1 NEW occurrence(s)]
DEBUG --> [REQ_ID=d34c3855ccde] [REQUEST][START] HEAD /

[1 NEW occurrence(s)]
DEBUG --> [REQ_ID=317a16e0aee8] [REQUEST][START] GET /index.php/Management/Marketing/Schedule

[1 NEW occurrence(s)]
DEBUG --> [REQ_ID=317a16e0aee8] [FILTER_BEFORE] /index.php/Management/Marketing/Schedule

[1 NEW occurrence(s)]
DEBUG --> [REQ_ID=317a16e0aee8] [ROUTE] Controller=\App\Modules\Management\Controllers\MarketingAdminController Method=schedule

[1 NEW occurrence(s)]
DEBUG --> [REQ_ID=317a16e0aee8] [LIFECYCLE][START] GET https://www.mymiwallet.com/index.php/Management/Marketing/Schedule

[1 NEW occurrence(s)]
DEBUG --> [CSRF] token name=csrf_test_name hash=a93c6526a40357b54f828abaa618b709

[1 NEW occurrence(s)]
DEBUG --> [REQ_ID=317a16e0aee8] [REQUEST][END]

[1 NEW occurrence(s)]
DEBUG --> [REQ_ID=bc38e7669162] [REQUEST][START] GET /index.php/login

[1 NEW occurrence(s)]
DEBUG --> [REQ_ID=bc38e7669162] [FILTER_BEFORE] /index.php/login

[1 NEW occurrence(s)]
DEBUG --> [REQ_ID=bc38e7669162] [ROUTE] Controller=\App\Controllers\AuthController Method=login

[1 NEW occurrence(s)]
DEBUG --> [REQ_ID=bc38e7669162] [LIFECYCLE][START] GET https://www.mymiwallet.com/index.php/login

[1 NEW occurrence(s)]
DEBUG --> [CSRF] token name=csrf_test_name hash=50102eb1433a0e748ef8451591b8ce24

[1 NEW occurrence(s)]
DEBUG --> [REQ_ID=ff0b52a0bd58] [INIT] App\Controllers\AuthController::GET

[1 NEW occurrence(s)]
DEBUG --> [REQ_ID=bc38e7669162] [FILTER_AFTER]

[1 NEW occurrence(s)]
DEBUG --> [REQ_ID=bc38e7669162] [LIFECYCLE][END] status=200 duration_ms=56.71 memory_delta=0

[1 NEW occurrence(s)]
DEBUG --> [REQ_ID=bc38e7669162] [REQUEST][END]

[1 NEW occurrence(s)]
DEBUG --> [REQ_ID=4bc880658f06] [REQUEST][START] HEAD /

[1 NEW occurrence(s)]
DEBUG --> [REQ_ID=85a7578652af] [REQUEST][START] GET /index.php/API/Alerts/fetchEmailAlerts

[1 NEW occurrence(s)]
DEBUG --> [REQ_ID=85a7578652af] [FILTER_BEFORE] /index.php/API/Alerts/fetchEmailAlerts

[1 NEW occurrence(s)]
DEBUG --> [REQ_ID=85a7578652af] [ROUTE] Controller=\App\Modules\APIs\Controllers\AlertsAPIController Method=fetchEmailAlerts

[1 NEW occurrence(s)]
DEBUG --> [REQ_ID=85a7578652af] [LIFECYCLE][START] GET https://www.mymiwallet.com/index.php/API/Alerts/fetchEmailAlerts

[1 NEW occurrence(s)]
DEBUG --> [REQ_ID=85a7578652af] [REQUEST][END]

[1 NEW occurrence(s)]
DEBUG --> [REQ_ID=b6eff1ca4516] [REQUEST][START] GET /

[1 NEW occurrence(s)]
DEBUG --> [REQ_ID=b6eff1ca4516] [FILTER_BEFORE] /

[1 NEW occurrence(s)]
DEBUG --> [REQ_ID=b6eff1ca4516] [ROUTE] Controller=\App\Controllers\Home Method=index

[1 NEW occurrence(s)]
DEBUG --> [REQ_ID=b6eff1ca4516] [LIFECYCLE][START] GET https://www.mymiwallet.com/index.php/

[1 NEW occurrence(s)]
DEBUG --> [CSRF] token name=csrf_test_name hash=9b4f47341e3860b28b8c7993783906f0

[1 NEW occurrence(s)]
DEBUG --> [REQ_ID=59d6fe05909e] [INIT] App\Controllers\Home::GET

[1 NEW occurrence(s)]
DEBUG --> [REQ_ID=59d6fe05909e] [VIEW_RENDER] themes/public/home

[1 NEW occurrence(s)]
DEBUG --> [REQ_ID=b6eff1ca4516] [FILTER_AFTER]

[1 NEW occurrence(s)]
DEBUG --> [REQ_ID=b6eff1ca4516] [LIFECYCLE][END] status=200 duration_ms=624.45 memory_delta=4194304

[1 NEW occurrence(s)]
DEBUG --> [REQ_ID=b6eff1ca4516] [REQUEST][END]

[1 NEW occurrence(s)]
DEBUG --> [REQ_ID=450632ce6546] [REQUEST][START] HEAD /

[1 NEW occurrence(s)]
DEBUG --> [REQ_ID=fd485841dc68] [REQUEST][START] HEAD /

[1 NEW occurrence(s)]
DEBUG --> [REQ_ID=8304d72ebdb5] [REQUEST][START] GET /

[1 NEW occurrence(s)]
DEBUG --> [REQ_ID=8304d72ebdb5] [FILTER_BEFORE] /

[1 NEW occurrence(s)]
DEBUG --> [REQ_ID=8304d72ebdb5] [ROUTE] Controller=\App\Controllers\Home Method=index

[1 NEW occurrence(s)]
DEBUG --> [REQ_ID=8304d72ebdb5] [LIFECYCLE][START] GET https://www.mymiwallet.com/index.php/

[1 NEW occurrence(s)]
DEBUG --> [CSRF] token name=csrf_test_name hash=cabacf20ebe4602c801bd6422f7932a6

[1 NEW occurrence(s)]
DEBUG --> [REQ_ID=aea7bf2f9378] [INIT] App\Controllers\Home::GET

[1 NEW occurrence(s)]
DEBUG --> [REQ_ID=aea7bf2f9378] [VIEW_RENDER] themes/public/home

[1 NEW occurrence(s)]
DEBUG --> [REQ_ID=8304d72ebdb5] [FILTER_AFTER]

[1 NEW occurrence(s)]
DEBUG --> [REQ_ID=8304d72ebdb5] [LIFECYCLE][END] status=200 duration_ms=719.72 memory_delta=4194304

[1 NEW occurrence(s)]
DEBUG --> [REQ_ID=8304d72ebdb5] [REQUEST][END]

[1 NEW occurrence(s)]
DEBUG --> [REQ_ID=272cecbb9551] [REQUEST][START] HEAD /

[1 NEW occurrence(s)]
DEBUG --> [REQ_ID=2d2b746da63e] [REQUEST][START] HEAD /

[1 NEW occurrence(s)]
DEBUG --> [REQ_ID=7ee37cd5eaf2] [REQUEST][START] HEAD /

[1 NEW occurrence(s)]
DEBUG --> [REQ_ID=9567b4dec56f] [REQUEST][START] HEAD /

[1 NEW occurrence(s)]
DEBUG --> [REQ_ID=faa95f753ac1] [REQUEST][START] HEAD /

[1 NEW occurrence(s)]
DEBUG --> [REQ_ID=c59072277e2d] [REQUEST][START] GET /index.php/activate

[1 NEW occurrence(s)]
DEBUG --> [REQ_ID=c59072277e2d] [FILTER_BEFORE] /index.php/activate

[1 NEW occurrence(s)]
DEBUG --> [REQ_ID=c59072277e2d] [ROUTE] Controller=\App\Controllers\AuthController Method=activateAccount

[1 NEW occurrence(s)]
DEBUG --> [REQ_ID=c59072277e2d] [LIFECYCLE][START] GET https://www.mymiwallet.com/index.php/activate

[1 NEW occurrence(s)]
DEBUG --> [CSRF] token name=csrf_test_name hash=fa4169bd56be4d8ddc84b4294516e67f

[1 NEW occurrence(s)]
DEBUG --> [REQ_ID=a6cefe6afb0f] [INIT] App\Controllers\AuthController::GET

[1 NEW occurrence(s)]
DEBUG --> [REQ_ID=c59072277e2d] [FILTER_AFTER]

[1 NEW occurrence(s)]
DEBUG --> [REQ_ID=c59072277e2d] [LIFECYCLE][END] status=302 duration_ms=38.73 memory_delta=0

[1 NEW occurrence(s)]
DEBUG --> [REQ_ID=c59072277e2d] [REQUEST][END]

[1 NEW occurrence(s)]
DEBUG --> [REQ_ID=5fb3f63c2a67] [REQUEST][START] GET /index.php/Support/Account

[1 NEW occurrence(s)]
DEBUG --> [REQ_ID=5fb3f63c2a67] [FILTER_BEFORE] /index.php/Support/Account

[1 NEW occurrence(s)]
DEBUG --> [REQ_ID=5fb3f63c2a67] [ROUTE] Controller=\App\Modules\Support\Controllers\AccountSupportController Method=index

[1 NEW occurrence(s)]
DEBUG --> [REQ_ID=5fb3f63c2a67] [LIFECYCLE][START] GET https://www.mymiwallet.com/index.php/Support/Account

[1 NEW occurrence(s)]
DEBUG --> [CSRF] token name=csrf_test_name hash=fe1fe5449f1efc9cf295f3e42d0d9f42

[1 NEW occurrence(s)]
DEBUG --> [REQ_ID=2b973e966702] [INIT] App\Modules\Support\Controllers\AccountSupportController::GET

[1 NEW occurrence(s)]
DEBUG --> [REQ_ID=2b973e966702] [METHOD_ENTRY] index

[1 NEW occurrence(s)]
DEBUG --> [SERVICE] App\Services\BudgetService ::setUserId

[3 NEW occurrence(s)]
DEBUG --> MyMICoin: guest context detected; skipping user-specific preload.

[1 NEW occurrence(s)]
DEBUG --> [REQ_ID=2b973e966702] [VIEW_RENDER] SupportModule/Support/account_help

[1 NEW occurrence(s)]
DEBUG --> [REQ_ID=5fb3f63c2a67] [FILTER_AFTER]

[1 NEW occurrence(s)]
DEBUG --> [REQ_ID=5fb3f63c2a67] [LIFECYCLE][END] status=200 duration_ms=74.74 memory_delta=2097152

[1 NEW occurrence(s)]
DEBUG --> [REQ_ID=5fb3f63c2a67] [REQUEST][END]

[1 NEW occurrence(s)]
DEBUG --> [REQ_ID=58f12673cc72] [REQUEST][START] HEAD /

[1 NEW occurrence(s)]
DEBUG --> [REQ_ID=0c62f719905f] [REQUEST][START] HEAD /

[1 NEW occurrence(s)]
DEBUG --> [REQ_ID=8c2a0d4179ef] [REQUEST][START] GET /index.php/API/Management/Run-CRON-Tasks

[1 NEW occurrence(s)]
DEBUG --> [REQ_ID=8c2a0d4179ef] [FILTER_BEFORE] /index.php/API/Management/Run-CRON-Tasks

[1 NEW occurrence(s)]
DEBUG --> [REQ_ID=8c2a0d4179ef] [ROUTE] Controller=\App\Modules\Management\Controllers\ManagementAPIController Method=Run_CRON_Tasks

[1 NEW occurrence(s)]
DEBUG --> [REQ_ID=8c2a0d4179ef] [LIFECYCLE][START] GET https://www.mymiwallet.com/index.php/API/Management/Run-CRON-Tasks

[1 NEW occurrence(s)]
DEBUG --> [REQ_ID=8c2a0d4179ef] [REQUEST][END]


---------------------------
LEVEL: INFO (NEW)
---------------------------

[1 NEW occurrence(s)]
INFO --> [SPARK_COMPLETE] App\Commands\AIOps\Run duration=3.687473

[9 NEW occurrence(s)]
INFO --> [SPARK_MEMORY] 18874368

[1 NEW occurrence(s)]
INFO --> [REQ_ID=39ad64b8b6f1] [PERF] Execution time=0.033734

[1 NEW occurrence(s)]
INFO --> [REQ_ID=79fbcfbdddc5] [MEMORY][controller-start] 4194304

[1 NEW occurrence(s)]
INFO --> [REQ_ID=79fbcfbdddc5] [PERF] Execution time=0.102218

[1 NEW occurrence(s)]
INFO --> [REQ_ID=a2f3af9485d5] [PERF] Execution time=0.114611

[8 NEW occurrence(s)]
INFO --> [spark:ops:work] Started

[8 NEW occurrence(s)]
INFO --> [SPARK_START] App\Commands\Ops\Work

[10 NEW occurrence(s)]
INFO --> [SPARK_MEMORY] 16777216

[8 NEW occurrence(s)]
INFO --> [spark:ops:work] Intent

[8 NEW occurrence(s)]
INFO --> [spark:ops:work] Completed

[1 NEW occurrence(s)]
INFO --> [SPARK_COMPLETE] App\Commands\Ops\Work duration=0.175155

[1 NEW occurrence(s)]
INFO --> [REQ_ID=f702369cb997] [PERF] Execution time=0.075986

[1 NEW occurrence(s)]
INFO --> [REQ_ID=492220c7dd38] [MEMORY][controller-start] 4194304

[1 NEW occurrence(s)]
INFO --> [REQ_ID=492220c7dd38] [MEMORY][commonData:start] 6291456

[1 NEW occurrence(s)]
INFO --> [REQ_ID=492220c7dd38] [MEMORY][commonData:start] 8388608

[5 NEW occurrence(s)]
INFO --> themesMemory usage: 8388608

[1 NEW occurrence(s)]
INFO --> [REQ_ID=492220c7dd38] [PERF] Execution time=0.735651

[1 NEW occurrence(s)]
INFO --> [REQ_ID=830bbe271724] [PERF] Execution time=0.756318

[1 NEW occurrence(s)]
INFO --> [SPARK_COMPLETE] App\Commands\Ops\Work duration=0.215764

[1 NEW occurrence(s)]
INFO --> [SPARK_COMPLETE] App\Commands\Ops\Work duration=0.049987

[1 NEW occurrence(s)]
INFO --> [REQ_ID=ce65dbdb7230] [MEMORY][controller-start] 4194304

[1 NEW occurrence(s)]
INFO --> [REQ_ID=ce65dbdb7230] [MEMORY][commonData:start] 6291456

[1 NEW occurrence(s)]
INFO --> [REQ_ID=ce65dbdb7230] [MEMORY][commonData:start] 8388608

[1 NEW occurrence(s)]
INFO --> [REQ_ID=ce65dbdb7230] [PERF] Execution time=0.621257

[1 NEW occurrence(s)]
INFO --> [REQ_ID=04ba2f7f2849] [PERF] Execution time=0.641880

[1 NEW occurrence(s)]
INFO --> [REQ_ID=6176079993cb] [PERF] Execution time=0.059408

[1 NEW occurrence(s)]
INFO --> [SPARK_COMPLETE] App\Commands\Ops\Work duration=0.227939

[1 NEW occurrence(s)]
INFO --> [REQ_ID=6663c88f1001] [MEMORY][controller-start] 4194304

[1 NEW occurrence(s)]
INFO --> [REQ_ID=6663c88f1001] [MEMORY][commonData:start] 6291456

[1 NEW occurrence(s)]
INFO --> [REQ_ID=6663c88f1001] [MEMORY][commonData:start] 8388608

[1 NEW occurrence(s)]
INFO --> [REQ_ID=6663c88f1001] [PERF] Execution time=0.617531

[1 NEW occurrence(s)]
INFO --> [REQ_ID=c901f589bf2a] [PERF] Execution time=0.632728

[1 NEW occurrence(s)]
INFO --> [REQ_ID=317a16e0aee8] [PERF] Execution time=0.057269

[1 NEW occurrence(s)]
INFO --> [REQ_ID=ff0b52a0bd58] [MEMORY][controller-start] 4194304

[1 NEW occurrence(s)]
INFO --> [REQ_ID=ff0b52a0bd58] [PERF] Execution time=0.056452

[1 NEW occurrence(s)]
INFO --> [REQ_ID=bc38e7669162] [PERF] Execution time=0.068805

[1 NEW occurrence(s)]
INFO --> [SPARK_COMPLETE] App\Commands\Ops\Work duration=0.142782

[1 NEW occurrence(s)]
INFO --> [REQ_ID=85a7578652af] [PERF] Execution time=0.045909

[1 NEW occurrence(s)]
INFO --> [REQ_ID=59d6fe05909e] [MEMORY][controller-start] 4194304

[1 NEW occurrence(s)]
INFO --> [REQ_ID=59d6fe05909e] [MEMORY][commonData:start] 6291456

[1 NEW occurrence(s)]
INFO --> [REQ_ID=59d6fe05909e] [MEMORY][commonData:start] 8388608

[1 NEW occurrence(s)]
INFO --> [REQ_ID=59d6fe05909e] [PERF] Execution time=0.622377

[1 NEW occurrence(s)]
INFO --> [REQ_ID=b6eff1ca4516] [PERF] Execution time=0.639258

[1 NEW occurrence(s)]
INFO --> [REQ_ID=aea7bf2f9378] [MEMORY][controller-start] 4194304

[1 NEW occurrence(s)]
INFO --> [REQ_ID=aea7bf2f9378] [MEMORY][commonData:start] 4194304

[1 NEW occurrence(s)]
INFO --> [REQ_ID=aea7bf2f9378] [MEMORY][commonData:start] 8388608

[1 NEW occurrence(s)]
INFO --> [REQ_ID=aea7bf2f9378] [PERF] Execution time=0.717697

[1 NEW occurrence(s)]
INFO --> [REQ_ID=8304d72ebdb5] [PERF] Execution time=0.738580

[1 NEW occurrence(s)]
INFO --> [SPARK_COMPLETE] App\Commands\Ops\Work duration=0.052828

[1 NEW occurrence(s)]
INFO --> [SPARK_COMPLETE] App\Commands\Ops\Work duration=0.201724

[1 NEW occurrence(s)]
INFO --> [REQ_ID=a6cefe6afb0f] [MEMORY][controller-start] 4194304

[1 NEW occurrence(s)]
INFO --> [ACTIVATION] Activation link hit

[1 NEW occurrence(s)]
INFO --> [REQ_ID=a6cefe6afb0f] [PERF] Execution time=0.036346

[1 NEW occurrence(s)]
INFO --> [REQ_ID=c59072277e2d] [PERF] Execution time=0.059400

[1 NEW occurrence(s)]
INFO --> [REQ_ID=2b973e966702] [MEMORY][controller-start] 4194304

[2 NEW occurrence(s)]
INFO --> [REQ_ID=2b973e966702] [MEMORY][commonData:start] 6291456

[1 NEW occurrence(s)]
INFO --> themesMemory usage: 6291456

[1 NEW occurrence(s)]
INFO --> [REQ_ID=2b973e966702] [PERF] Execution time=0.074262

[1 NEW occurrence(s)]
INFO --> [REQ_ID=5fb3f63c2a67] [PERF] Execution time=0.087071

[1 NEW occurrence(s)]
INFO --> [REQ_ID=8c2a0d4179ef] [PERF] Execution time=0.096904

[1 NEW occurrence(s)]
INFO --> [SPARK_START] App\Commands\AIOps\Run

[1 NEW occurrence(s)]
INFO --> [spark:aiops:run] Intent

[1 NEW occurrence(s)]
INFO --> [SPARK_COMPLETE] App\Commands\Ops\Work duration=0.166546

[1 NEW occurrence(s)]
INFO --> [AIOPS][SPARK][GOVERNANCE][spark:logs:summarize] Started

[1 NEW occurrence(s)]
INFO --> [SPARK_START] App\Commands\Logs\Summarize

[1 NEW occurrence(s)]
INFO --> [spark:logs:summarize] Intent


---------------------------
LEVEL: WARNING (NEW)
---------------------------

[1 NEW occurrence(s)]
WARNING --> OllamaPatchRunner:L49 - Original Diff:

[24 NEW occurrence(s)]
WARNING --> [404] URI=https://www.mymiwallet.com/index.php/

[24 NEW occurrence(s)]
WARNING --> 404 route miss: https://www.mymiwallet.com/index.php/ | referrer: http://67.205.42.220

[1 NEW occurrence(s)]
WARNING --> [ACTIVATION] Activation failed: missing token

[1 NEW occurrence(s)]
WARNING --> MyMIWallets initialized without numeric user context.


---------------------------
LEVEL: CRITICAL (NEW)
---------------------------

[24 NEW occurrence(s)]
CRITICAL --> CodeIgniter\Exceptions\PageNotFoundException: Page Not Found

[24 NEW occurrence(s)]
CRITICAL --> [EXCEPTION] Page Not Found File=/home/mymiteam/mymiwallet/site/current/vendor/codeigniter4/framework/system/CodeIgniter.php Line=1001


---- CONFIG LINT ----
✅ Services::cache
✅ Services::responsecache
✅ Services::session
✅ Services::email
✅ Services::logger
✅ Services::validation
✅ Services::renderer
