===============================================
   MyMI Wallet — Log Summary for 2026-03-01
   Auto-generated by logs:summarize command
   Grouped by (LEVEL + message)
===============================================

Last processed up to: 2026-03-01 16:00:03

---------------------------
LEVEL: DEBUG
---------------------------

[1 occurrence(s)]
DEBUG --> [REQ_ID=ed7c0ed7c1bc] [REQUEST][START] GET /index.php/API/Management/Run-CRON-Tasks

[305 occurrence(s)]
DEBUG --> Session: Class initialized using 'CodeIgniter\Session\Handlers\FileHandler' driver.

[1 occurrence(s)]
DEBUG --> [REQ_ID=ed7c0ed7c1bc] [FILTER_BEFORE] /index.php/API/Management/Run-CRON-Tasks

[1 occurrence(s)]
DEBUG --> [REQ_ID=ed7c0ed7c1bc] [ROUTE] Controller=\App\Modules\Management\Controllers\ManagementAPIController Method=Run_CRON_Tasks

[1 occurrence(s)]
DEBUG --> [REQ_ID=ed7c0ed7c1bc] [LIFECYCLE][START] GET https://www.mymiwallet.com/index.php/API/Management/Run-CRON-Tasks

[1 occurrence(s)]
DEBUG --> [REQ_ID=ed7c0ed7c1bc] [REQUEST][END]

[1 occurrence(s)]
DEBUG --> LOG_HEALTHCHECK debug marker=e67c58f1cf27

[18 occurrence(s)]
DEBUG --> OllamaPatchRunner:L142 - validateGeneratedPatch Content:

[9 occurrence(s)]
DEBUG --> OllamaPatchRunner:L51 - Retried Diff:

[9 occurrence(s)]
DEBUG --> OllamaPatchRunner:L53 - Validating Generated Patch Failed

[1 occurrence(s)]
DEBUG --> [REQ_ID=4116e3b33b9e] [REQUEST][START] GET /index.php/How-It-Works/Investment-Dashboard

[1 occurrence(s)]
DEBUG --> [REQ_ID=4116e3b33b9e] [FILTER_BEFORE] /index.php/How-It-Works/Investment-Dashboard

[1 occurrence(s)]
DEBUG --> [REQ_ID=4116e3b33b9e] [ROUTE] Controller=\App\Modules\Blog\Controllers\HowItWorksController Method=show

[1 occurrence(s)]
DEBUG --> [REQ_ID=4116e3b33b9e] [LIFECYCLE][START] GET https://www.mymiwallet.com/index.php/How-It-Works/Investment-Dashboard

[1 occurrence(s)]
DEBUG --> [CSRF] token name=csrf_test_name hash=50aa9ff30b18a77cdc8f2f26528b0497

[1 occurrence(s)]
DEBUG --> [REQ_ID=f494273039e8] [INIT] App\Modules\Blog\Controllers\HowItWorksController::GET

[1 occurrence(s)]
DEBUG --> [REQ_ID=f494273039e8] [METHOD_ENTRY] show

[119 occurrence(s)]
DEBUG --> MyMIUser L52 - initialized (first log).

[32 occurrence(s)]
DEBUG --> [SERVICE] App\Services\BudgetService ::setUserId

[96 occurrence(s)]
DEBUG --> MyMICoin: guest context detected; skipping user-specific preload.

[1 occurrence(s)]
DEBUG --> [REQ_ID=f494273039e8] [VIEW_RENDER] App\Modules\Blog\Views\HowItWorks\Investment_Portfolio_Management

[1 occurrence(s)]
DEBUG --> [REQ_ID=4116e3b33b9e] [FILTER_AFTER]

[1 occurrence(s)]
DEBUG --> [REQ_ID=4116e3b33b9e] [LIFECYCLE][END] status=200 duration_ms=1,216.79 memory_delta=8388608

[1 occurrence(s)]
DEBUG --> [REQ_ID=4116e3b33b9e] [REQUEST][END]

[1 occurrence(s)]
DEBUG --> [REQ_ID=c01521467db4] [REQUEST][START] GET /index.php/Management/Docs

[1 occurrence(s)]
DEBUG --> [REQ_ID=a08fa5a497f1] [REQUEST][START] GET /

[1 occurrence(s)]
DEBUG --> [REQ_ID=a08fa5a497f1] [FILTER_BEFORE] /

[1 occurrence(s)]
DEBUG --> [REQ_ID=a08fa5a497f1] [ROUTE] Controller=\App\Controllers\Home Method=index

[1 occurrence(s)]
DEBUG --> [REQ_ID=a08fa5a497f1] [LIFECYCLE][START] GET https://www.mymiwallet.com/index.php/

[1 occurrence(s)]
DEBUG --> [CSRF] token name=csrf_test_name hash=1be6b398cc4411e4fadc63c5f2254048

[1 occurrence(s)]
DEBUG --> [REQ_ID=7242032c0018] [INIT] App\Controllers\Home::GET

[25 occurrence(s)]
DEBUG --> [MetaService] slug= pageName= cacheHit= path=FALLBACK

[1 occurrence(s)]
DEBUG --> [REQ_ID=7242032c0018] [VIEW_RENDER] themes/public/home

[66 occurrence(s)]
DEBUG --> [MetaService] slug= pageName=Home cacheHit=1 path=CACHE

[1 occurrence(s)]
DEBUG --> [REQ_ID=a08fa5a497f1] [FILTER_AFTER]

[1 occurrence(s)]
DEBUG --> [REQ_ID=a08fa5a497f1] [LIFECYCLE][END] status=200 duration_ms=579.71 memory_delta=4194304

[1 occurrence(s)]
DEBUG --> [REQ_ID=a08fa5a497f1] [REQUEST][END]

[1 occurrence(s)]
DEBUG --> [REQ_ID=5ace25d35499] [REQUEST][START] GET /index.php/API/Alerts/fetchEmailAlerts

[1 occurrence(s)]
DEBUG --> [REQ_ID=5ace25d35499] [FILTER_BEFORE] /index.php/API/Alerts/fetchEmailAlerts

[1 occurrence(s)]
DEBUG --> [REQ_ID=5ace25d35499] [ROUTE] Controller=\App\Modules\APIs\Controllers\AlertsAPIController Method=fetchEmailAlerts

[1 occurrence(s)]
DEBUG --> [REQ_ID=5ace25d35499] [LIFECYCLE][START] GET https://www.mymiwallet.com/index.php/API/Alerts/fetchEmailAlerts

[1 occurrence(s)]
DEBUG --> [REQ_ID=5ace25d35499] [REQUEST][END]

[1 occurrence(s)]
DEBUG --> [REQ_ID=a6d64c607b60] [REQUEST][START] GET /index.php/How-It-Works/Automated-Financial-Insights

[1 occurrence(s)]
DEBUG --> [REQ_ID=a6d64c607b60] [FILTER_BEFORE] /index.php/How-It-Works/Automated-Financial-Insights

[1 occurrence(s)]
DEBUG --> [REQ_ID=a6d64c607b60] [ROUTE] Controller=\App\Modules\Blog\Controllers\HowItWorksController Method=show

[1 occurrence(s)]
DEBUG --> [REQ_ID=a6d64c607b60] [LIFECYCLE][START] GET https://www.mymiwallet.com/index.php/How-It-Works/Automated-Financial-Insights

[1 occurrence(s)]
DEBUG --> [CSRF] token name=csrf_test_name hash=7cbea57823da69eb5b45e4093e6d8cd9

[1 occurrence(s)]
DEBUG --> [REQ_ID=5864747e4a26] [INIT] App\Modules\Blog\Controllers\HowItWorksController::GET

[1 occurrence(s)]
DEBUG --> [REQ_ID=5864747e4a26] [METHOD_ENTRY] show

[1 occurrence(s)]
DEBUG --> [REQ_ID=a6d64c607b60] [FILTER_AFTER]

[1 occurrence(s)]
DEBUG --> [REQ_ID=a6d64c607b60] [LIFECYCLE][END] status=404 duration_ms=113.64 memory_delta=2097152

[1 occurrence(s)]
DEBUG --> [REQ_ID=a6d64c607b60] [REQUEST][END]

[1 occurrence(s)]
DEBUG --> [REQ_ID=38bb196fd22b] [REQUEST][START] GET /index.php/How-It-Works/Registering-An-Account

[1 occurrence(s)]
DEBUG --> [REQ_ID=38bb196fd22b] [FILTER_BEFORE] /index.php/How-It-Works/Registering-An-Account

[1 occurrence(s)]
DEBUG --> [REQ_ID=38bb196fd22b] [ROUTE] Controller=\App\Modules\Blog\Controllers\HowItWorksController Method=show

[1 occurrence(s)]
DEBUG --> [REQ_ID=38bb196fd22b] [LIFECYCLE][START] GET https://www.mymiwallet.com/index.php/How-It-Works/Registering-An-Account

[1 occurrence(s)]
DEBUG --> [CSRF] token name=csrf_test_name hash=1c9c9a67a5e563e1343654423cc063e5

[1 occurrence(s)]
DEBUG --> [REQ_ID=10bb8d54d479] [INIT] App\Modules\Blog\Controllers\HowItWorksController::GET

[1 occurrence(s)]
DEBUG --> [REQ_ID=10bb8d54d479] [METHOD_ENTRY] show

[1 occurrence(s)]
DEBUG --> [REQ_ID=10bb8d54d479] [VIEW_RENDER] App\Modules\Blog\Views\HowItWorks\Registering_An_Account

[1 occurrence(s)]
DEBUG --> [REQ_ID=38bb196fd22b] [FILTER_AFTER]

[1 occurrence(s)]
DEBUG --> [REQ_ID=38bb196fd22b] [LIFECYCLE][END] status=200 duration_ms=1,063.35 memory_delta=8388608

[1 occurrence(s)]
DEBUG --> [REQ_ID=38bb196fd22b] [REQUEST][END]

[1 occurrence(s)]
DEBUG --> [REQ_ID=b8e3ab630c6f] [REQUEST][START] GET /index.php/MyMI-Gold/Goals/Daily

[1 occurrence(s)]
DEBUG --> [REQ_ID=b8e3ab630c6f] [FILTER_BEFORE] /index.php/MyMI-Gold/Goals/Daily

[1 occurrence(s)]
DEBUG --> [REQ_ID=b8e3ab630c6f] [ROUTE] Controller=\App\Modules\User\Controllers\DashboardController Method=goals

[1 occurrence(s)]
DEBUG --> [REQ_ID=b8e3ab630c6f] [LIFECYCLE][START] GET https://www.mymiwallet.com/index.php/MyMI-Gold/Goals/Daily

[1 occurrence(s)]
DEBUG --> [CSRF] token name=csrf_test_name hash=ef4fa3aa0f7718be69b5923176fc736c

[1 occurrence(s)]
DEBUG --> [REQ_ID=b8e3ab630c6f] [REQUEST][END]

[1 occurrence(s)]
DEBUG --> [REQ_ID=f98ee6c3fef4] [REQUEST][START] GET /index.php/login

[1 occurrence(s)]
DEBUG --> [REQ_ID=f98ee6c3fef4] [FILTER_BEFORE] /index.php/login

[1 occurrence(s)]
DEBUG --> [REQ_ID=f98ee6c3fef4] [ROUTE] Controller=\App\Controllers\AuthController Method=login

[1 occurrence(s)]
DEBUG --> [REQ_ID=f98ee6c3fef4] [LIFECYCLE][START] GET https://www.mymiwallet.com/index.php/login

[1 occurrence(s)]
DEBUG --> [CSRF] token name=csrf_test_name hash=ba14321e009ef1dd4a2ec7e1563ed1fd

[1 occurrence(s)]
DEBUG --> [REQ_ID=04a7e817c5ca] [INIT] App\Controllers\AuthController::GET

[1 occurrence(s)]
DEBUG --> [REQ_ID=f98ee6c3fef4] [FILTER_AFTER]

[1 occurrence(s)]
DEBUG --> [REQ_ID=f98ee6c3fef4] [LIFECYCLE][END] status=200 duration_ms=175.05 memory_delta=0

[1 occurrence(s)]
DEBUG --> [REQ_ID=f98ee6c3fef4] [REQUEST][END]

[1 occurrence(s)]
DEBUG --> [REQ_ID=ca090c2e5c6b] [REQUEST][START] GET /index.php/Account

[1 occurrence(s)]
DEBUG --> [REQ_ID=ca090c2e5c6b] [FILTER_BEFORE] /index.php/Account

[1 occurrence(s)]
DEBUG --> [REQ_ID=ca090c2e5c6b] [ROUTE] Controller=\App\Modules\User\Controllers\DashboardController Method=account

[1 occurrence(s)]
DEBUG --> [REQ_ID=ca090c2e5c6b] [LIFECYCLE][START] GET https://www.mymiwallet.com/index.php/Account

[1 occurrence(s)]
DEBUG --> [CSRF] token name=csrf_test_name hash=354d8f7e581dac89141047d83ad5b520

[1 occurrence(s)]
DEBUG --> [REQ_ID=ca090c2e5c6b] [REQUEST][END]

[1 occurrence(s)]
DEBUG --> [REQ_ID=4b0422eec875] [REQUEST][START] GET /index.php/login

[1 occurrence(s)]
DEBUG --> [REQ_ID=4b0422eec875] [FILTER_BEFORE] /index.php/login

[1 occurrence(s)]
DEBUG --> [REQ_ID=4b0422eec875] [ROUTE] Controller=\App\Controllers\AuthController Method=login

[1 occurrence(s)]
DEBUG --> [REQ_ID=4b0422eec875] [LIFECYCLE][START] GET https://www.mymiwallet.com/index.php/login

[1 occurrence(s)]
DEBUG --> [CSRF] token name=csrf_test_name hash=b9555992b1676c230110e721a0732d8c

[1 occurrence(s)]
DEBUG --> [REQ_ID=3a734d30adb6] [INIT] App\Controllers\AuthController::GET

[1 occurrence(s)]
DEBUG --> [REQ_ID=4b0422eec875] [FILTER_AFTER]

[1 occurrence(s)]
DEBUG --> [REQ_ID=4b0422eec875] [LIFECYCLE][END] status=200 duration_ms=58.79 memory_delta=0

[1 occurrence(s)]
DEBUG --> [REQ_ID=4b0422eec875] [REQUEST][END]

[1 occurrence(s)]
DEBUG --> [REQ_ID=c74415f9782b] [REQUEST][START] GET /

[1 occurrence(s)]
DEBUG --> [REQ_ID=c74415f9782b] [FILTER_BEFORE] /

[1 occurrence(s)]
DEBUG --> [REQ_ID=c74415f9782b] [ROUTE] Controller=\App\Controllers\Home Method=index

[1 occurrence(s)]
DEBUG --> [REQ_ID=c74415f9782b] [LIFECYCLE][START] GET https://www.mymiwallet.com/index.php/

[1 occurrence(s)]
DEBUG --> [CSRF] token name=csrf_test_name hash=634796f85d0721ff3b8b024a41bbe05a

[1 occurrence(s)]
DEBUG --> [REQ_ID=8a734c7c0671] [INIT] App\Controllers\Home::GET

[1 occurrence(s)]
DEBUG --> [REQ_ID=8a734c7c0671] [VIEW_RENDER] themes/public/home

[14 occurrence(s)]
DEBUG --> [MetaService] slug= pageName=Home cacheHit= path=DB

[1 occurrence(s)]
DEBUG --> [REQ_ID=c74415f9782b] [FILTER_AFTER]

[1 occurrence(s)]
DEBUG --> [REQ_ID=c74415f9782b] [LIFECYCLE][END] status=200 duration_ms=608.11 memory_delta=4194304

[1 occurrence(s)]
DEBUG --> [REQ_ID=c74415f9782b] [REQUEST][END]

[1 occurrence(s)]
DEBUG --> [REQ_ID=420c6ebf5b8b] [REQUEST][START] GET /index.php/Management/Marketing/Ideas

[1 occurrence(s)]
DEBUG --> [REQ_ID=420c6ebf5b8b] [FILTER_BEFORE] /index.php/Management/Marketing/Ideas

[1 occurrence(s)]
DEBUG --> [REQ_ID=420c6ebf5b8b] [ROUTE] Controller=\App\Modules\Management\Controllers\MarketingAdminController Method=ideas

[1 occurrence(s)]
DEBUG --> [REQ_ID=420c6ebf5b8b] [LIFECYCLE][START] GET https://www.mymiwallet.com/index.php/Management/Marketing/Ideas

[1 occurrence(s)]
DEBUG --> [CSRF] token name=csrf_test_name hash=84310bf169f4136f2acd07602b3dc3c9

[1 occurrence(s)]
DEBUG --> [REQ_ID=420c6ebf5b8b] [REQUEST][END]

[1 occurrence(s)]
DEBUG --> [REQ_ID=7780a8e29f54] [REQUEST][START] GET /index.php/login

[1 occurrence(s)]
DEBUG --> [REQ_ID=7780a8e29f54] [FILTER_BEFORE] /index.php/login

[1 occurrence(s)]
DEBUG --> [REQ_ID=7780a8e29f54] [ROUTE] Controller=\App\Controllers\AuthController Method=login

[1 occurrence(s)]
DEBUG --> [REQ_ID=7780a8e29f54] [LIFECYCLE][START] GET https://www.mymiwallet.com/index.php/login

[1 occurrence(s)]
DEBUG --> [CSRF] token name=csrf_test_name hash=8471969147b891a865494ed7a04eac90

[1 occurrence(s)]
DEBUG --> [REQ_ID=40ddf8224133] [INIT] App\Controllers\AuthController::GET

[1 occurrence(s)]
DEBUG --> [REQ_ID=7780a8e29f54] [FILTER_AFTER]

[1 occurrence(s)]
DEBUG --> [REQ_ID=7780a8e29f54] [LIFECYCLE][END] status=200 duration_ms=277.41 memory_delta=0

[1 occurrence(s)]
DEBUG --> [REQ_ID=7780a8e29f54] [REQUEST][END]

[1 occurrence(s)]
DEBUG --> [REQ_ID=8a54fb8c4401] [REQUEST][START] GET /index.php/API/Management/Run-CRON-Tasks

[1 occurrence(s)]
DEBUG --> [REQ_ID=8a54fb8c4401] [FILTER_BEFORE] /index.php/API/Management/Run-CRON-Tasks

[1 occurrence(s)]
DEBUG --> [REQ_ID=8a54fb8c4401] [ROUTE] Controller=\App\Modules\Management\Controllers\ManagementAPIController Method=Run_CRON_Tasks

[1 occurrence(s)]
DEBUG --> [REQ_ID=8a54fb8c4401] [LIFECYCLE][START] GET https://www.mymiwallet.com/index.php/API/Management/Run-CRON-Tasks

[1 occurrence(s)]
DEBUG --> [REQ_ID=8a54fb8c4401] [REQUEST][END]

[1 occurrence(s)]
DEBUG --> [REQ_ID=b4d5140ed2bd] [REQUEST][START] GET /

[1 occurrence(s)]
DEBUG --> [REQ_ID=b4d5140ed2bd] [FILTER_BEFORE] /

[1 occurrence(s)]
DEBUG --> [REQ_ID=b4d5140ed2bd] [ROUTE] Controller=\App\Controllers\Home Method=index

[1 occurrence(s)]
DEBUG --> [REQ_ID=b4d5140ed2bd] [LIFECYCLE][START] GET https://www.mymiwallet.com/index.php/

[1 occurrence(s)]
DEBUG --> [CSRF] token name=csrf_test_name hash=ac6b6768072e4586c77b4f0553741738

[1 occurrence(s)]
DEBUG --> [REQ_ID=4c6ee8ca2134] [INIT] App\Controllers\Home::GET

[55 occurrence(s)]
DEBUG --> [MetaService] slug= pageName= cacheHit=1 path=CACHE

[1 occurrence(s)]
DEBUG --> [REQ_ID=4c6ee8ca2134] [VIEW_RENDER] themes/public/home

[1 occurrence(s)]
DEBUG --> [REQ_ID=b4d5140ed2bd] [FILTER_AFTER]

[1 occurrence(s)]
DEBUG --> [REQ_ID=b4d5140ed2bd] [LIFECYCLE][END] status=200 duration_ms=597.18 memory_delta=4194304

[1 occurrence(s)]
DEBUG --> [REQ_ID=b4d5140ed2bd] [REQUEST][END]

[1 occurrence(s)]
DEBUG --> [REQ_ID=a4081858d3da] [REQUEST][START] GET /index.php/Dashboard

[1 occurrence(s)]
DEBUG --> [REQ_ID=a4081858d3da] [FILTER_BEFORE] /index.php/Dashboard

[1 occurrence(s)]
DEBUG --> [REQ_ID=a4081858d3da] [ROUTE] Controller=\App\Modules\User\Controllers\DashboardController Method=index

[1 occurrence(s)]
DEBUG --> [REQ_ID=a4081858d3da] [LIFECYCLE][START] GET https://www.mymiwallet.com/index.php/Dashboard

[1 occurrence(s)]
DEBUG --> [CSRF] token name=csrf_test_name hash=1baa79e57cf5060a3260b9112290c386

[1 occurrence(s)]
DEBUG --> [REQ_ID=a4081858d3da] [REQUEST][END]

[1 occurrence(s)]
DEBUG --> [REQ_ID=0f26249be259] [REQUEST][START] GET /index.php/Management/Marketing/Content/Generator

[1 occurrence(s)]
DEBUG --> [REQ_ID=0f26249be259] [FILTER_BEFORE] /index.php/Management/Marketing/Content/Generator

[1 occurrence(s)]
DEBUG --> [REQ_ID=0f26249be259] [ROUTE] Controller=\App\Modules\Management\Controllers\MarketingAdminController Method=contentGenerator

[1 occurrence(s)]
DEBUG --> [REQ_ID=0f26249be259] [LIFECYCLE][START] GET https://www.mymiwallet.com/index.php/Management/Marketing/Content/Generator

[1 occurrence(s)]
DEBUG --> [CSRF] token name=csrf_test_name hash=3b669bddb8fbd0a6054986d65e1ccd84

[1 occurrence(s)]
DEBUG --> [REQ_ID=0f26249be259] [REQUEST][END]

[1 occurrence(s)]
DEBUG --> [REQ_ID=b654a4c7557a] [REQUEST][START] GET /index.php/login

[1 occurrence(s)]
DEBUG --> [REQ_ID=b654a4c7557a] [FILTER_BEFORE] /index.php/login

[1 occurrence(s)]
DEBUG --> [REQ_ID=b654a4c7557a] [ROUTE] Controller=\App\Controllers\AuthController Method=login

[1 occurrence(s)]
DEBUG --> [REQ_ID=b654a4c7557a] [LIFECYCLE][START] GET https://www.mymiwallet.com/index.php/login

[1 occurrence(s)]
DEBUG --> [CSRF] token name=csrf_test_name hash=5c2acd0ab4b4ea972a98e864d8c4fb38

[1 occurrence(s)]
DEBUG --> [REQ_ID=f0ccc8ae44a9] [INIT] App\Controllers\AuthController::GET

[1 occurrence(s)]
DEBUG --> [REQ_ID=b654a4c7557a] [FILTER_AFTER]

[1 occurrence(s)]
DEBUG --> [REQ_ID=b654a4c7557a] [LIFECYCLE][END] status=200 duration_ms=34.69 memory_delta=0

[1 occurrence(s)]
DEBUG --> [REQ_ID=b654a4c7557a] [REQUEST][END]

[1 occurrence(s)]
DEBUG --> [REQ_ID=07c6427235b8] [REQUEST][START] GET /index.php/API/Alerts/fetchEmailAlerts

[1 occurrence(s)]
DEBUG --> [REQ_ID=07c6427235b8] [FILTER_BEFORE] /index.php/API/Alerts/fetchEmailAlerts

[1 occurrence(s)]
DEBUG --> [REQ_ID=07c6427235b8] [ROUTE] Controller=\App\Modules\APIs\Controllers\AlertsAPIController Method=fetchEmailAlerts

[1 occurrence(s)]
DEBUG --> [REQ_ID=07c6427235b8] [LIFECYCLE][START] GET https://www.mymiwallet.com/index.php/API/Alerts/fetchEmailAlerts

[1 occurrence(s)]
DEBUG --> [REQ_ID=07c6427235b8] [REQUEST][END]

[1 occurrence(s)]
DEBUG --> [REQ_ID=d367fb616fd4] [REQUEST][START] GET /index.php/Partner/register

[1 occurrence(s)]
DEBUG --> [REQ_ID=d367fb616fd4] [FILTER_BEFORE] /index.php/Partner/register

[1 occurrence(s)]
DEBUG --> [REQ_ID=d367fb616fd4] [ROUTE] Controller=\App\Controllers\AuthController Method=register

[1 occurrence(s)]
DEBUG --> [REQ_ID=d367fb616fd4] [LIFECYCLE][START] GET https://www.mymiwallet.com/index.php/Partner/register

[1 occurrence(s)]
DEBUG --> [CSRF] token name=csrf_test_name hash=7072674b1bf74f59eaa8fd33bf878197

[1 occurrence(s)]
DEBUG --> [REQ_ID=d367fb616fd4] [REQUEST][END]

[1 occurrence(s)]
DEBUG --> [REQ_ID=4a2e53725467] [REQUEST][START] GET /index.php/login

[1 occurrence(s)]
DEBUG --> [REQ_ID=4a2e53725467] [FILTER_BEFORE] /index.php/login

[1 occurrence(s)]
DEBUG --> [REQ_ID=4a2e53725467] [ROUTE] Controller=\App\Controllers\AuthController Method=login

[1 occurrence(s)]
DEBUG --> [REQ_ID=4a2e53725467] [LIFECYCLE][START] GET https://www.mymiwallet.com/index.php/login

[1 occurrence(s)]
DEBUG --> [CSRF] token name=csrf_test_name hash=16d39c8465b43f0db6c9f32a658f2de1

[1 occurrence(s)]
DEBUG --> [REQ_ID=cd84c181ea8a] [INIT] App\Controllers\AuthController::GET

[1 occurrence(s)]
DEBUG --> [REQ_ID=4a2e53725467] [FILTER_AFTER]

[1 occurrence(s)]
DEBUG --> [REQ_ID=4a2e53725467] [LIFECYCLE][END] status=200 duration_ms=59.80 memory_delta=0

[1 occurrence(s)]
DEBUG --> [REQ_ID=4a2e53725467] [REQUEST][END]

[1 occurrence(s)]
DEBUG --> [REQ_ID=3d24fc40526b] [REQUEST][START] GET /index.php/Knowledgebase

[1 occurrence(s)]
DEBUG --> [REQ_ID=3d24fc40526b] [FILTER_BEFORE] /index.php/Knowledgebase

[1 occurrence(s)]
DEBUG --> [REQ_ID=3d24fc40526b] [ROUTE] Controller=\App\Modules\User\Controllers\KnowledgebaseController Method=index

[1 occurrence(s)]
DEBUG --> [REQ_ID=3d24fc40526b] [LIFECYCLE][START] GET https://www.mymiwallet.com/index.php/Knowledgebase

[1 occurrence(s)]
DEBUG --> [CSRF] token name=csrf_test_name hash=2486880d2f9c992d237deed656680c9f

[1 occurrence(s)]
DEBUG --> [REQ_ID=3d24fc40526b] [REQUEST][END]

[1 occurrence(s)]
DEBUG --> [REQ_ID=081c4bc98593] [REQUEST][START] GET /index.php/login

[1 occurrence(s)]
DEBUG --> [REQ_ID=081c4bc98593] [FILTER_BEFORE] /index.php/login

[1 occurrence(s)]
DEBUG --> [REQ_ID=081c4bc98593] [ROUTE] Controller=\App\Controllers\AuthController Method=login

[1 occurrence(s)]
DEBUG --> [REQ_ID=081c4bc98593] [LIFECYCLE][START] GET https://www.mymiwallet.com/index.php/login

[1 occurrence(s)]
DEBUG --> [CSRF] token name=csrf_test_name hash=375a989f4acd1040ff91a1ce71f33a91

[1 occurrence(s)]
DEBUG --> [REQ_ID=84fa995d52cc] [INIT] App\Controllers\AuthController::GET

[1 occurrence(s)]
DEBUG --> [REQ_ID=081c4bc98593] [FILTER_AFTER]

[1 occurrence(s)]
DEBUG --> [REQ_ID=081c4bc98593] [LIFECYCLE][END] status=200 duration_ms=19.57 memory_delta=0

[1 occurrence(s)]
DEBUG --> [REQ_ID=081c4bc98593] [REQUEST][END]

[1 occurrence(s)]
DEBUG --> [REQ_ID=3a4e10d01fd8] [REQUEST][START] GET /index.php/Dashboard

[1 occurrence(s)]
DEBUG --> [REQ_ID=3a4e10d01fd8] [FILTER_BEFORE] /index.php/Dashboard

[1 occurrence(s)]
DEBUG --> [REQ_ID=3a4e10d01fd8] [ROUTE] Controller=\App\Modules\User\Controllers\DashboardController Method=index

[1 occurrence(s)]
DEBUG --> [REQ_ID=3a4e10d01fd8] [LIFECYCLE][START] GET https://www.mymiwallet.com/index.php/Dashboard

[1 occurrence(s)]
DEBUG --> [CSRF] token name=csrf_test_name hash=6b0fc41842ea925dcfc2b9236f64d3d3

[1 occurrence(s)]
DEBUG --> [REQ_ID=3a4e10d01fd8] [REQUEST][END]

[1 occurrence(s)]
DEBUG --> [REQ_ID=4e52f2feaa2d] [REQUEST][START] GET /index.php/Purchase/MyMIGold

[1 occurrence(s)]
DEBUG --> [REQ_ID=4e52f2feaa2d] [FILTER_BEFORE] /index.php/Purchase/MyMIGold

[1 occurrence(s)]
DEBUG --> [REQ_ID=4e52f2feaa2d] [ROUTE] Controller=closure_route Method=index

[1 occurrence(s)]
DEBUG --> [REQ_ID=4e52f2feaa2d] [LIFECYCLE][START] GET https://www.mymiwallet.com/index.php/Purchase/MyMIGold

[1 occurrence(s)]
DEBUG --> [CSRF] token name=csrf_test_name hash=95a2ab9ed4132026b6bd1becaf439509

[1 occurrence(s)]
DEBUG --> [REQ_ID=4e52f2feaa2d] [REQUEST][END]

[1 occurrence(s)]
DEBUG --> [REQ_ID=6acec0cbf054] [REQUEST][START] GET /index.php/login

[1 occurrence(s)]
DEBUG --> [REQ_ID=6acec0cbf054] [FILTER_BEFORE] /index.php/login

[1 occurrence(s)]
DEBUG --> [REQ_ID=6acec0cbf054] [ROUTE] Controller=\App\Controllers\AuthController Method=login

[1 occurrence(s)]
DEBUG --> [REQ_ID=6acec0cbf054] [LIFECYCLE][START] GET https://www.mymiwallet.com/index.php/login

[1 occurrence(s)]
DEBUG --> [CSRF] token name=csrf_test_name hash=12354e5972144959f95d8dc5938d3fec

[1 occurrence(s)]
DEBUG --> [REQ_ID=700d264413b3] [INIT] App\Controllers\AuthController::GET

[1 occurrence(s)]
DEBUG --> [REQ_ID=6acec0cbf054] [FILTER_AFTER]

[1 occurrence(s)]
DEBUG --> [REQ_ID=6acec0cbf054] [LIFECYCLE][END] status=200 duration_ms=44.35 memory_delta=0

[1 occurrence(s)]
DEBUG --> [REQ_ID=6acec0cbf054] [REQUEST][END]

[1 occurrence(s)]
DEBUG --> [REQ_ID=6efbf80b4c64] [REQUEST][START] GET /index.php/Management/Users

[1 occurrence(s)]
DEBUG --> [REQ_ID=6efbf80b4c64] [FILTER_BEFORE] /index.php/Management/Users

[1 occurrence(s)]
DEBUG --> [REQ_ID=6efbf80b4c64] [ROUTE] Controller=\App\Modules\Management\Controllers\UsersController Method=index

[1 occurrence(s)]
DEBUG --> [REQ_ID=6efbf80b4c64] [LIFECYCLE][START] GET https://www.mymiwallet.com/index.php/Management/Users

[1 occurrence(s)]
DEBUG --> [CSRF] token name=csrf_test_name hash=852113fabc152001ef7c45db25a4d714

[1 occurrence(s)]
DEBUG --> [REQ_ID=6efbf80b4c64] [REQUEST][END]

[1 occurrence(s)]
DEBUG --> [REQ_ID=ca5e6cd102d0] [REQUEST][START] GET /index.php/login

[1 occurrence(s)]
DEBUG --> [REQ_ID=ca5e6cd102d0] [FILTER_BEFORE] /index.php/login

[1 occurrence(s)]
DEBUG --> [REQ_ID=ca5e6cd102d0] [ROUTE] Controller=\App\Controllers\AuthController Method=login

[1 occurrence(s)]
DEBUG --> [REQ_ID=ca5e6cd102d0] [LIFECYCLE][START] GET https://www.mymiwallet.com/index.php/login

[1 occurrence(s)]
DEBUG --> [CSRF] token name=csrf_test_name hash=63380396ef131bc20f5015cce7efd767

[1 occurrence(s)]
DEBUG --> [REQ_ID=e2252204b261] [INIT] App\Controllers\AuthController::GET

[1 occurrence(s)]
DEBUG --> [REQ_ID=ca5e6cd102d0] [FILTER_AFTER]

[1 occurrence(s)]
DEBUG --> [REQ_ID=ca5e6cd102d0] [LIFECYCLE][END] status=200 duration_ms=37.20 memory_delta=0

[1 occurrence(s)]
DEBUG --> [REQ_ID=ca5e6cd102d0] [REQUEST][END]

[1 occurrence(s)]
DEBUG --> [REQ_ID=27e11579d965] [REQUEST][START] GET /

[1 occurrence(s)]
DEBUG --> [REQ_ID=27e11579d965] [FILTER_BEFORE] /

[1 occurrence(s)]
DEBUG --> [REQ_ID=27e11579d965] [ROUTE] Controller=\App\Controllers\Home Method=index

[1 occurrence(s)]
DEBUG --> [REQ_ID=27e11579d965] [LIFECYCLE][START] GET https://www.mymiwallet.com/index.php/

[1 occurrence(s)]
DEBUG --> [CSRF] token name=csrf_test_name hash=a7d04f18549ea19a80b91006248ab7df

[1 occurrence(s)]
DEBUG --> [REQ_ID=c2ddf6b44043] [INIT] App\Controllers\Home::GET

[1 occurrence(s)]
DEBUG --> [REQ_ID=c2ddf6b44043] [VIEW_RENDER] themes/public/home

[1 occurrence(s)]
DEBUG --> [REQ_ID=27e11579d965] [FILTER_AFTER]

[1 occurrence(s)]
DEBUG --> [REQ_ID=27e11579d965] [LIFECYCLE][END] status=200 duration_ms=578.85 memory_delta=4194304

[1 occurrence(s)]
DEBUG --> [REQ_ID=27e11579d965] [REQUEST][END]

[1 occurrence(s)]
DEBUG --> [REQ_ID=13c93e714015] [REQUEST][START] GET /index.php/Terms-Of-Service

[1 occurrence(s)]
DEBUG --> [REQ_ID=13c93e714015] [FILTER_BEFORE] /index.php/Terms-Of-Service

[1 occurrence(s)]
DEBUG --> [REQ_ID=13c93e714015] [ROUTE] Controller=\App\Controllers\Home Method=termsOfService

[1 occurrence(s)]
DEBUG --> [REQ_ID=13c93e714015] [LIFECYCLE][START] GET https://www.mymiwallet.com/index.php/Terms-Of-Service

[1 occurrence(s)]
DEBUG --> [CSRF] token name=csrf_test_name hash=22194b206f576349dd4ca5a131b0f8fa

[1 occurrence(s)]
DEBUG --> [REQ_ID=01aadd969c2b] [INIT] App\Controllers\Home::GET

[3 occurrence(s)]
DEBUG --> [MetaService] slug=terms-of-service pageName= cacheHit= path=DB

[1 occurrence(s)]
DEBUG --> [REQ_ID=01aadd969c2b] [VIEW_RENDER] themes/public/termsOfService

[3 occurrence(s)]
DEBUG --> [MetaService] slug=terms-of-service pageName=Terms of Service cacheHit= path=DB

[1 occurrence(s)]
DEBUG --> [REQ_ID=13c93e714015] [FILTER_AFTER]

[1 occurrence(s)]
DEBUG --> [REQ_ID=13c93e714015] [LIFECYCLE][END] status=200 duration_ms=638.03 memory_delta=4194304

[1 occurrence(s)]
DEBUG --> [REQ_ID=13c93e714015] [REQUEST][END]

[1 occurrence(s)]
DEBUG --> [REQ_ID=9aabab51876a] [REQUEST][START] GET /index.php/Wallets/Purchase/Memberships/Starter

[1 occurrence(s)]
DEBUG --> [REQ_ID=9aabab51876a] [FILTER_BEFORE] /index.php/Wallets/Purchase/Memberships/Starter

[1 occurrence(s)]
DEBUG --> [REQ_ID=9aabab51876a] [ROUTE] Controller=\App\Modules\User\Controllers\WalletsController Method=purchase

[1 occurrence(s)]
DEBUG --> [REQ_ID=9aabab51876a] [LIFECYCLE][START] GET https://www.mymiwallet.com/index.php/Wallets/Purchase/Memberships/Starter

[1 occurrence(s)]
DEBUG --> [CSRF] token name=csrf_test_name hash=0acc8b0d9979c4c7fa7c99b04d8ba921

[1 occurrence(s)]
DEBUG --> [REQ_ID=9aabab51876a] [REQUEST][END]

[1 occurrence(s)]
DEBUG --> [REQ_ID=cdd8fc642f0a] [REQUEST][START] GET /index.php/login

[1 occurrence(s)]
DEBUG --> [REQ_ID=cdd8fc642f0a] [FILTER_BEFORE] /index.php/login

[1 occurrence(s)]
DEBUG --> [REQ_ID=cdd8fc642f0a] [ROUTE] Controller=\App\Controllers\AuthController Method=login

[1 occurrence(s)]
DEBUG --> [REQ_ID=cdd8fc642f0a] [LIFECYCLE][START] GET https://www.mymiwallet.com/index.php/login

[1 occurrence(s)]
DEBUG --> [CSRF] token name=csrf_test_name hash=46d82ac4a1d16c5e8a6a4f132e818e83

[1 occurrence(s)]
DEBUG --> [REQ_ID=7c61dc5874e6] [INIT] App\Controllers\AuthController::GET

[1 occurrence(s)]
DEBUG --> [REQ_ID=cdd8fc642f0a] [FILTER_AFTER]

[1 occurrence(s)]
DEBUG --> [REQ_ID=cdd8fc642f0a] [LIFECYCLE][END] status=200 duration_ms=59.59 memory_delta=0

[1 occurrence(s)]
DEBUG --> [REQ_ID=cdd8fc642f0a] [REQUEST][END]

[1 occurrence(s)]
DEBUG --> [REQ_ID=f92fe51437c8] [REQUEST][START] GET /index.php/Management/Marketing/Ideas

[1 occurrence(s)]
DEBUG --> [REQ_ID=f92fe51437c8] [FILTER_BEFORE] /index.php/Management/Marketing/Ideas

[1 occurrence(s)]
DEBUG --> [REQ_ID=f92fe51437c8] [ROUTE] Controller=\App\Modules\Management\Controllers\MarketingAdminController Method=ideas

[1 occurrence(s)]
DEBUG --> [REQ_ID=f92fe51437c8] [LIFECYCLE][START] GET https://www.mymiwallet.com/index.php/Management/Marketing/Ideas

[1 occurrence(s)]
DEBUG --> [CSRF] token name=csrf_test_name hash=7c041e6cf6cbb4728362517c865c138c

[1 occurrence(s)]
DEBUG --> [REQ_ID=f92fe51437c8] [REQUEST][END]

[1 occurrence(s)]
DEBUG --> [REQ_ID=c3299dd5700d] [REQUEST][START] GET /index.php/login

[1 occurrence(s)]
DEBUG --> [REQ_ID=c3299dd5700d] [FILTER_BEFORE] /index.php/login

[1 occurrence(s)]
DEBUG --> [REQ_ID=c3299dd5700d] [ROUTE] Controller=\App\Controllers\AuthController Method=login

[1 occurrence(s)]
DEBUG --> [REQ_ID=c3299dd5700d] [LIFECYCLE][START] GET https://www.mymiwallet.com/index.php/login

[1 occurrence(s)]
DEBUG --> [CSRF] token name=csrf_test_name hash=86c085e27716d9060f07e0ae18f547ff

[1 occurrence(s)]
DEBUG --> [REQ_ID=866521d357c5] [INIT] App\Controllers\AuthController::GET

[1 occurrence(s)]
DEBUG --> [REQ_ID=c3299dd5700d] [FILTER_AFTER]

[1 occurrence(s)]
DEBUG --> [REQ_ID=c3299dd5700d] [LIFECYCLE][END] status=200 duration_ms=49.53 memory_delta=0

[1 occurrence(s)]
DEBUG --> [REQ_ID=c3299dd5700d] [REQUEST][END]

[1 occurrence(s)]
DEBUG --> [REQ_ID=d0a7b6354bce] [REQUEST][START] GET /

[1 occurrence(s)]
DEBUG --> [REQ_ID=d0a7b6354bce] [FILTER_BEFORE] /

[1 occurrence(s)]
DEBUG --> [REQ_ID=d0a7b6354bce] [ROUTE] Controller=\App\Controllers\Home Method=index

[1 occurrence(s)]
DEBUG --> [REQ_ID=d0a7b6354bce] [LIFECYCLE][START] GET https://www.mymiwallet.com/index.php/

[1 occurrence(s)]
DEBUG --> [CSRF] token name=csrf_test_name hash=ae9a0262a1522c280da686d430d78f92

[1 occurrence(s)]
DEBUG --> [REQ_ID=c59658462400] [INIT] App\Controllers\Home::GET

[1 occurrence(s)]
DEBUG --> [REQ_ID=c59658462400] [VIEW_RENDER] themes/public/home

[1 occurrence(s)]
DEBUG --> [REQ_ID=d0a7b6354bce] [FILTER_AFTER]

[1 occurrence(s)]
DEBUG --> [REQ_ID=d0a7b6354bce] [LIFECYCLE][END] status=200 duration_ms=710.70 memory_delta=4194304

[1 occurrence(s)]
DEBUG --> [REQ_ID=d0a7b6354bce] [REQUEST][END]

[1 occurrence(s)]
DEBUG --> [REQ_ID=78a6b9e31d14] [REQUEST][START] GET /index.php/API/Management/Run-CRON-Tasks

[1 occurrence(s)]
DEBUG --> [REQ_ID=78a6b9e31d14] [FILTER_BEFORE] /index.php/API/Management/Run-CRON-Tasks

[1 occurrence(s)]
DEBUG --> [REQ_ID=78a6b9e31d14] [ROUTE] Controller=\App\Modules\Management\Controllers\ManagementAPIController Method=Run_CRON_Tasks

[1 occurrence(s)]
DEBUG --> [REQ_ID=78a6b9e31d14] [LIFECYCLE][START] GET https://www.mymiwallet.com/index.php/API/Management/Run-CRON-Tasks

[1 occurrence(s)]
DEBUG --> [REQ_ID=78a6b9e31d14] [REQUEST][END]

[1 occurrence(s)]
DEBUG --> LOG_HEALTHCHECK debug marker=c16bb5892803

[1 occurrence(s)]
DEBUG --> [REQ_ID=416255544b73] [REQUEST][START] GET /index.php/API/Alerts/fetchEmailAlerts

[1 occurrence(s)]
DEBUG --> [REQ_ID=416255544b73] [FILTER_BEFORE] /index.php/API/Alerts/fetchEmailAlerts

[1 occurrence(s)]
DEBUG --> [REQ_ID=416255544b73] [ROUTE] Controller=\App\Modules\APIs\Controllers\AlertsAPIController Method=fetchEmailAlerts

[1 occurrence(s)]
DEBUG --> [REQ_ID=416255544b73] [LIFECYCLE][START] GET https://www.mymiwallet.com/index.php/API/Alerts/fetchEmailAlerts

[1 occurrence(s)]
DEBUG --> [REQ_ID=416255544b73] [REQUEST][END]

[1 occurrence(s)]
DEBUG --> [REQ_ID=5095b832e789] [REQUEST][START] GET /index.php/register

[1 occurrence(s)]
DEBUG --> [REQ_ID=5095b832e789] [FILTER_BEFORE] /index.php/register

[1 occurrence(s)]
DEBUG --> [REQ_ID=5095b832e789] [ROUTE] Controller=\App\Controllers\AuthController Method=register

[1 occurrence(s)]
DEBUG --> [REQ_ID=5095b832e789] [LIFECYCLE][START] GET https://www.mymiwallet.com/index.php/register

[1 occurrence(s)]
DEBUG --> [CSRF] token name=csrf_test_name hash=bd76760c0aa50b4e38432fd7f7668f2e

[1 occurrence(s)]
DEBUG --> [REQ_ID=1b3e8c910d61] [INIT] App\Controllers\AuthController::GET

[1 occurrence(s)]
DEBUG --> [REQ_ID=ca2f1fd2d24a] [REQUEST][START] GET /

[1 occurrence(s)]
DEBUG --> [REQ_ID=ca2f1fd2d24a] [FILTER_BEFORE] /

[1 occurrence(s)]
DEBUG --> [REQ_ID=ca2f1fd2d24a] [ROUTE] Controller=\App\Controllers\Home Method=index

[1 occurrence(s)]
DEBUG --> [REQ_ID=ca2f1fd2d24a] [LIFECYCLE][START] GET https://www.mymiwallet.com/index.php/

[1 occurrence(s)]
DEBUG --> [CSRF] token name=csrf_test_name hash=5a5eb7513ac342635b2834eee451b525

[1 occurrence(s)]
DEBUG --> [REQ_ID=4d7d80f1e12e] [INIT] App\Controllers\Home::GET

[1 occurrence(s)]
DEBUG --> [REQ_ID=4d7d80f1e12e] [VIEW_RENDER] themes/public/home

[1 occurrence(s)]
DEBUG --> [REQ_ID=ca2f1fd2d24a] [FILTER_AFTER]

[1 occurrence(s)]
DEBUG --> [REQ_ID=ca2f1fd2d24a] [LIFECYCLE][END] status=200 duration_ms=612.48 memory_delta=4194304

[1 occurrence(s)]
DEBUG --> [REQ_ID=ca2f1fd2d24a] [REQUEST][END]

[1 occurrence(s)]
DEBUG --> [REQ_ID=a45b0b64735b] [REQUEST][START] GET /index.php

[1 occurrence(s)]
DEBUG --> [REQ_ID=a45b0b64735b] [FILTER_BEFORE] /index.php

[1 occurrence(s)]
DEBUG --> [REQ_ID=a45b0b64735b] [ROUTE] Controller=\App\Controllers\Home Method=index

[1 occurrence(s)]
DEBUG --> [REQ_ID=a45b0b64735b] [LIFECYCLE][START] GET https://www.mymiwallet.com/index.php/

[1 occurrence(s)]
DEBUG --> [CSRF] token name=csrf_test_name hash=5d2add749dd58fada06d22fe62b84ac1

[1 occurrence(s)]
DEBUG --> [REQ_ID=fd1089ae088d] [INIT] App\Controllers\Home::GET

[1 occurrence(s)]
DEBUG --> [REQ_ID=fd1089ae088d] [VIEW_RENDER] themes/public/home

[1 occurrence(s)]
DEBUG --> [REQ_ID=a45b0b64735b] [FILTER_AFTER]

[1 occurrence(s)]
DEBUG --> [REQ_ID=a45b0b64735b] [LIFECYCLE][END] status=200 duration_ms=632.52 memory_delta=4194304

[1 occurrence(s)]
DEBUG --> [REQ_ID=a45b0b64735b] [REQUEST][END]

[1 occurrence(s)]
DEBUG --> [REQ_ID=d9ad35fd9ce8] [REQUEST][START] GET /index.php/API/Management/Run-CRON-Tasks

[1 occurrence(s)]
DEBUG --> [REQ_ID=d9ad35fd9ce8] [FILTER_BEFORE] /index.php/API/Management/Run-CRON-Tasks

[1 occurrence(s)]
DEBUG --> [REQ_ID=d9ad35fd9ce8] [ROUTE] Controller=\App\Modules\Management\Controllers\ManagementAPIController Method=Run_CRON_Tasks

[1 occurrence(s)]
DEBUG --> [REQ_ID=d9ad35fd9ce8] [LIFECYCLE][START] GET https://www.mymiwallet.com/index.php/API/Management/Run-CRON-Tasks

[1 occurrence(s)]
DEBUG --> [REQ_ID=d9ad35fd9ce8] [REQUEST][END]

[1 occurrence(s)]
DEBUG --> [REQ_ID=f231946c2e3f] [REQUEST][START] GET /index.php/API/Alerts/fetchEmailAlerts

[1 occurrence(s)]
DEBUG --> [REQ_ID=f231946c2e3f] [FILTER_BEFORE] /index.php/API/Alerts/fetchEmailAlerts

[1 occurrence(s)]
DEBUG --> [REQ_ID=f231946c2e3f] [ROUTE] Controller=\App\Modules\APIs\Controllers\AlertsAPIController Method=fetchEmailAlerts

[1 occurrence(s)]
DEBUG --> [REQ_ID=f231946c2e3f] [LIFECYCLE][START] GET https://www.mymiwallet.com/index.php/API/Alerts/fetchEmailAlerts

[1 occurrence(s)]
DEBUG --> [REQ_ID=f231946c2e3f] [REQUEST][END]

[1 occurrence(s)]
DEBUG --> [REQ_ID=d34947aaf29c] [REQUEST][START] GET /index.php/Features/Advanced-Investment-Portfoio-Manager

[1 occurrence(s)]
DEBUG --> [REQ_ID=1ad6adf57b68] [REQUEST][START] GET /index.php/API/Management/Run-CRON-Tasks

[1 occurrence(s)]
DEBUG --> [REQ_ID=1ad6adf57b68] [FILTER_BEFORE] /index.php/API/Management/Run-CRON-Tasks

[1 occurrence(s)]
DEBUG --> [REQ_ID=1ad6adf57b68] [ROUTE] Controller=\App\Modules\Management\Controllers\ManagementAPIController Method=Run_CRON_Tasks

[1 occurrence(s)]
DEBUG --> [REQ_ID=1ad6adf57b68] [LIFECYCLE][START] GET https://www.mymiwallet.com/index.php/API/Management/Run-CRON-Tasks

[1 occurrence(s)]
DEBUG --> [REQ_ID=1ad6adf57b68] [REQUEST][END]

[1 occurrence(s)]
DEBUG --> LOG_HEALTHCHECK debug marker=cfd12a97395f

[1 occurrence(s)]
DEBUG --> [REQ_ID=b9d6c8317e77] [REQUEST][START] GET /index.php/How-It-Works/Investor-Profile

[1 occurrence(s)]
DEBUG --> [REQ_ID=b9d6c8317e77] [FILTER_BEFORE] /index.php/How-It-Works/Investor-Profile

[1 occurrence(s)]
DEBUG --> [REQ_ID=b9d6c8317e77] [ROUTE] Controller=\App\Modules\Blog\Controllers\HowItWorksController Method=show

[1 occurrence(s)]
DEBUG --> [REQ_ID=b9d6c8317e77] [LIFECYCLE][START] GET https://www.mymiwallet.com/index.php/How-It-Works/Investor-Profile

[1 occurrence(s)]
DEBUG --> [CSRF] token name=csrf_test_name hash=f44a4ac37e75d81da0f1785d53ea81da

[1 occurrence(s)]
DEBUG --> [REQ_ID=aa3c0872314f] [INIT] App\Modules\Blog\Controllers\HowItWorksController::GET

[1 occurrence(s)]
DEBUG --> [REQ_ID=aa3c0872314f] [METHOD_ENTRY] show

[1 occurrence(s)]
DEBUG --> [REQ_ID=b9d6c8317e77] [FILTER_AFTER]

[1 occurrence(s)]
DEBUG --> [REQ_ID=b9d6c8317e77] [LIFECYCLE][END] status=404 duration_ms=176.98 memory_delta=0

[1 occurrence(s)]
DEBUG --> [REQ_ID=b9d6c8317e77] [REQUEST][END]

[1 occurrence(s)]
DEBUG --> [REQ_ID=8ec05c3b53cc] [REQUEST][START] GET /index.php/API/Alerts/fetchEmailAlerts

[1 occurrence(s)]
DEBUG --> [REQ_ID=8ec05c3b53cc] [FILTER_BEFORE] /index.php/API/Alerts/fetchEmailAlerts

[1 occurrence(s)]
DEBUG --> [REQ_ID=8ec05c3b53cc] [ROUTE] Controller=\App\Modules\APIs\Controllers\AlertsAPIController Method=fetchEmailAlerts

[1 occurrence(s)]
DEBUG --> [REQ_ID=8ec05c3b53cc] [LIFECYCLE][START] GET https://www.mymiwallet.com/index.php/API/Alerts/fetchEmailAlerts

[1 occurrence(s)]
DEBUG --> [REQ_ID=8ec05c3b53cc] [REQUEST][END]

[1 occurrence(s)]
DEBUG --> [REQ_ID=0e8ee0460a47] [REQUEST][START] GET /

[1 occurrence(s)]
DEBUG --> [REQ_ID=0e8ee0460a47] [FILTER_BEFORE] /

[1 occurrence(s)]
DEBUG --> [REQ_ID=0e8ee0460a47] [ROUTE] Controller=\App\Controllers\Home Method=index

[1 occurrence(s)]
DEBUG --> [REQ_ID=0e8ee0460a47] [LIFECYCLE][START] GET https://www.mymiwallet.com/index.php/

[1 occurrence(s)]
DEBUG --> [CSRF] token name=csrf_test_name hash=4f99eeaf787ad1953183344633a4fac8

[1 occurrence(s)]
DEBUG --> [REQ_ID=7f02cd32a740] [INIT] App\Controllers\Home::GET

[1 occurrence(s)]
DEBUG --> [REQ_ID=7f02cd32a740] [VIEW_RENDER] themes/public/home

[1 occurrence(s)]
DEBUG --> [REQ_ID=0e8ee0460a47] [FILTER_AFTER]

[1 occurrence(s)]
DEBUG --> [REQ_ID=0e8ee0460a47] [LIFECYCLE][END] status=200 duration_ms=716.61 memory_delta=4194304

[1 occurrence(s)]
DEBUG --> [REQ_ID=0e8ee0460a47] [REQUEST][END]

[1 occurrence(s)]
DEBUG --> [REQ_ID=8545c4eb7b62] [REQUEST][START] GET /index.php/API/Management/Run-CRON-Tasks

[1 occurrence(s)]
DEBUG --> [REQ_ID=8545c4eb7b62] [FILTER_BEFORE] /index.php/API/Management/Run-CRON-Tasks

[1 occurrence(s)]
DEBUG --> [REQ_ID=8545c4eb7b62] [ROUTE] Controller=\App\Modules\Management\Controllers\ManagementAPIController Method=Run_CRON_Tasks

[1 occurrence(s)]
DEBUG --> [REQ_ID=8545c4eb7b62] [LIFECYCLE][START] GET https://www.mymiwallet.com/index.php/API/Management/Run-CRON-Tasks

[1 occurrence(s)]
DEBUG --> [REQ_ID=8545c4eb7b62] [REQUEST][END]

[1 occurrence(s)]
DEBUG --> [REQ_ID=fa1a99742c47] [REQUEST][START] GET /index.php/API/Alerts/fetchEmailAlerts

[1 occurrence(s)]
DEBUG --> [REQ_ID=fa1a99742c47] [FILTER_BEFORE] /index.php/API/Alerts/fetchEmailAlerts

[1 occurrence(s)]
DEBUG --> [REQ_ID=fa1a99742c47] [ROUTE] Controller=\App\Modules\APIs\Controllers\AlertsAPIController Method=fetchEmailAlerts

[1 occurrence(s)]
DEBUG --> [REQ_ID=fa1a99742c47] [LIFECYCLE][START] GET https://www.mymiwallet.com/index.php/API/Alerts/fetchEmailAlerts

[1 occurrence(s)]
DEBUG --> [REQ_ID=fa1a99742c47] [REQUEST][END]

[1 occurrence(s)]
DEBUG --> [REQ_ID=16e59cfcc20d] [REQUEST][START] GET /

[1 occurrence(s)]
DEBUG --> [REQ_ID=16e59cfcc20d] [FILTER_BEFORE] /

[1 occurrence(s)]
DEBUG --> [REQ_ID=16e59cfcc20d] [ROUTE] Controller=\App\Controllers\Home Method=index

[1 occurrence(s)]
DEBUG --> [REQ_ID=16e59cfcc20d] [LIFECYCLE][START] GET https://www.mymiwallet.com/index.php/

[1 occurrence(s)]
DEBUG --> [CSRF] token name=csrf_test_name hash=2f04df04adef77b44d6cd7426985ceb4

[1 occurrence(s)]
DEBUG --> [REQ_ID=d4e34d7ec25c] [INIT] App\Controllers\Home::GET

[1 occurrence(s)]
DEBUG --> [REQ_ID=d4e34d7ec25c] [VIEW_RENDER] themes/public/home

[1 occurrence(s)]
DEBUG --> [REQ_ID=16e59cfcc20d] [FILTER_AFTER]

[1 occurrence(s)]
DEBUG --> [REQ_ID=16e59cfcc20d] [LIFECYCLE][END] status=200 duration_ms=669.86 memory_delta=4194304

[1 occurrence(s)]
DEBUG --> [REQ_ID=16e59cfcc20d] [REQUEST][END]

[1 occurrence(s)]
DEBUG --> [REQ_ID=374343eee269] [REQUEST][START] GET /index.php/How-It-Works/Setting-Financial-Goals

[1 occurrence(s)]
DEBUG --> [REQ_ID=374343eee269] [FILTER_BEFORE] /index.php/How-It-Works/Setting-Financial-Goals

[1 occurrence(s)]
DEBUG --> [REQ_ID=374343eee269] [ROUTE] Controller=\App\Modules\Blog\Controllers\HowItWorksController Method=show

[1 occurrence(s)]
DEBUG --> [REQ_ID=374343eee269] [LIFECYCLE][START] GET https://www.mymiwallet.com/index.php/How-It-Works/Setting-Financial-Goals

[1 occurrence(s)]
DEBUG --> [CSRF] token name=csrf_test_name hash=589e61f3e15ea3fff32fdf25426c0207

[1 occurrence(s)]
DEBUG --> [REQ_ID=6a33ade04506] [INIT] App\Modules\Blog\Controllers\HowItWorksController::GET

[1 occurrence(s)]
DEBUG --> [REQ_ID=6a33ade04506] [METHOD_ENTRY] show

[1 occurrence(s)]
DEBUG --> [REQ_ID=6a33ade04506] [VIEW_RENDER] App\Modules\Blog\Views\HowItWorks\Determining_Your_Financial_Goals

[1 occurrence(s)]
DEBUG --> [REQ_ID=374343eee269] [FILTER_AFTER]

[1 occurrence(s)]
DEBUG --> [REQ_ID=374343eee269] [LIFECYCLE][END] status=200 duration_ms=1,185.03 memory_delta=8388608

[1 occurrence(s)]
DEBUG --> [REQ_ID=374343eee269] [REQUEST][END]

[1 occurrence(s)]
DEBUG --> [REQ_ID=94eaef131367] [REQUEST][START] GET /index.php/API/Management/Run-CRON-Tasks

[1 occurrence(s)]
DEBUG --> [REQ_ID=94eaef131367] [FILTER_BEFORE] /index.php/API/Management/Run-CRON-Tasks

[1 occurrence(s)]
DEBUG --> [REQ_ID=94eaef131367] [ROUTE] Controller=\App\Modules\Management\Controllers\ManagementAPIController Method=Run_CRON_Tasks

[1 occurrence(s)]
DEBUG --> [REQ_ID=94eaef131367] [LIFECYCLE][START] GET https://www.mymiwallet.com/index.php/API/Management/Run-CRON-Tasks

[1 occurrence(s)]
DEBUG --> [REQ_ID=94eaef131367] [REQUEST][END]

[1 occurrence(s)]
DEBUG --> LOG_HEALTHCHECK debug marker=971c29773133

[1 occurrence(s)]
DEBUG --> [REQ_ID=519350644a9e] [REQUEST][START] GET /index.php/API/Alerts/fetchEmailAlerts

[1 occurrence(s)]
DEBUG --> [REQ_ID=519350644a9e] [FILTER_BEFORE] /index.php/API/Alerts/fetchEmailAlerts

[1 occurrence(s)]
DEBUG --> [REQ_ID=519350644a9e] [ROUTE] Controller=\App\Modules\APIs\Controllers\AlertsAPIController Method=fetchEmailAlerts

[1 occurrence(s)]
DEBUG --> [REQ_ID=519350644a9e] [LIFECYCLE][START] GET https://www.mymiwallet.com/index.php/API/Alerts/fetchEmailAlerts

[1 occurrence(s)]
DEBUG --> [REQ_ID=519350644a9e] [REQUEST][END]

[1 occurrence(s)]
DEBUG --> [REQ_ID=59ea458e7116] [REQUEST][START] GET /

[1 occurrence(s)]
DEBUG --> [REQ_ID=59ea458e7116] [FILTER_BEFORE] /

[1 occurrence(s)]
DEBUG --> [REQ_ID=59ea458e7116] [ROUTE] Controller=\App\Controllers\Home Method=index

[1 occurrence(s)]
DEBUG --> [REQ_ID=59ea458e7116] [LIFECYCLE][START] GET https://www.mymiwallet.com/index.php/

[1 occurrence(s)]
DEBUG --> [CSRF] token name=csrf_test_name hash=1270b6b72505341e407892348347a2d8

[1 occurrence(s)]
DEBUG --> [REQ_ID=be396866f85b] [INIT] App\Controllers\Home::GET

[1 occurrence(s)]
DEBUG --> [REQ_ID=be396866f85b] [VIEW_RENDER] themes/public/home

[1 occurrence(s)]
DEBUG --> [REQ_ID=59ea458e7116] [FILTER_AFTER]

[1 occurrence(s)]
DEBUG --> [REQ_ID=59ea458e7116] [LIFECYCLE][END] status=200 duration_ms=711.23 memory_delta=4194304

[1 occurrence(s)]
DEBUG --> [REQ_ID=59ea458e7116] [REQUEST][END]

[1 occurrence(s)]
DEBUG --> [REQ_ID=43c000017328] [REQUEST][START] GET /

[1 occurrence(s)]
DEBUG --> [REQ_ID=43c000017328] [FILTER_BEFORE] /

[1 occurrence(s)]
DEBUG --> [REQ_ID=43c000017328] [ROUTE] Controller=\App\Controllers\Home Method=index

[1 occurrence(s)]
DEBUG --> [REQ_ID=43c000017328] [LIFECYCLE][START] GET https://www.mymiwallet.com/index.php/

[1 occurrence(s)]
DEBUG --> [CSRF] token name=csrf_test_name hash=1d424ca800990a0ad0ea6ed8755d68f0

[1 occurrence(s)]
DEBUG --> [REQ_ID=ec6f1d6af6ac] [INIT] App\Controllers\Home::GET

[1 occurrence(s)]
DEBUG --> [REQ_ID=ec6f1d6af6ac] [VIEW_RENDER] themes/public/home

[1 occurrence(s)]
DEBUG --> [REQ_ID=43c000017328] [FILTER_AFTER]

[1 occurrence(s)]
DEBUG --> [REQ_ID=43c000017328] [LIFECYCLE][END] status=200 duration_ms=592.44 memory_delta=4194304

[1 occurrence(s)]
DEBUG --> [REQ_ID=43c000017328] [REQUEST][END]

[1 occurrence(s)]
DEBUG --> [REQ_ID=dd7fb805cec0] [REQUEST][START] GET /

[1 occurrence(s)]
DEBUG --> [REQ_ID=dd7fb805cec0] [FILTER_BEFORE] /

[1 occurrence(s)]
DEBUG --> [REQ_ID=dd7fb805cec0] [ROUTE] Controller=\App\Controllers\Home Method=index

[1 occurrence(s)]
DEBUG --> [REQ_ID=dd7fb805cec0] [LIFECYCLE][START] GET https://www.mymiwallet.com/index.php/

[1 occurrence(s)]
DEBUG --> [CSRF] token name=csrf_test_name hash=19ff9c5e6ded088cd9bbeca709ac8d42

[1 occurrence(s)]
DEBUG --> [REQ_ID=d6edd4aaee2b] [INIT] App\Controllers\Home::GET

[1 occurrence(s)]
DEBUG --> [REQ_ID=d6edd4aaee2b] [VIEW_RENDER] themes/public/home

[1 occurrence(s)]
DEBUG --> [REQ_ID=dd7fb805cec0] [FILTER_AFTER]

[1 occurrence(s)]
DEBUG --> [REQ_ID=dd7fb805cec0] [LIFECYCLE][END] status=200 duration_ms=603.13 memory_delta=4194304

[1 occurrence(s)]
DEBUG --> [REQ_ID=dd7fb805cec0] [REQUEST][END]

[1 occurrence(s)]
DEBUG --> [REQ_ID=c47f8525570d] [REQUEST][START] GET /index.php/API/Management/Run-CRON-Tasks

[1 occurrence(s)]
DEBUG --> [REQ_ID=c47f8525570d] [FILTER_BEFORE] /index.php/API/Management/Run-CRON-Tasks

[1 occurrence(s)]
DEBUG --> [REQ_ID=c47f8525570d] [ROUTE] Controller=\App\Modules\Management\Controllers\ManagementAPIController Method=Run_CRON_Tasks

[1 occurrence(s)]
DEBUG --> [REQ_ID=c47f8525570d] [LIFECYCLE][START] GET https://www.mymiwallet.com/index.php/API/Management/Run-CRON-Tasks

[1 occurrence(s)]
DEBUG --> [REQ_ID=c47f8525570d] [REQUEST][END]

[1 occurrence(s)]
DEBUG --> [REQ_ID=6c2cb0808632] [REQUEST][START] GET /index.php/API/Alerts/fetchEmailAlerts

[1 occurrence(s)]
DEBUG --> [REQ_ID=6c2cb0808632] [FILTER_BEFORE] /index.php/API/Alerts/fetchEmailAlerts

[1 occurrence(s)]
DEBUG --> [REQ_ID=6c2cb0808632] [ROUTE] Controller=\App\Modules\APIs\Controllers\AlertsAPIController Method=fetchEmailAlerts

[1 occurrence(s)]
DEBUG --> [REQ_ID=6c2cb0808632] [LIFECYCLE][START] GET https://www.mymiwallet.com/index.php/API/Alerts/fetchEmailAlerts

[1 occurrence(s)]
DEBUG --> [REQ_ID=6c2cb0808632] [REQUEST][END]

[1 occurrence(s)]
DEBUG --> [REQ_ID=aa403711c364] [REQUEST][START] GET /index.php/Memberships/Customize

[1 occurrence(s)]
DEBUG --> [REQ_ID=aa403711c364] [FILTER_BEFORE] /index.php/Memberships/Customize

[1 occurrence(s)]
DEBUG --> [REQ_ID=aa403711c364] [ROUTE] Controller=\App\Controllers\Home Method=memberships

[1 occurrence(s)]
DEBUG --> [REQ_ID=aa403711c364] [LIFECYCLE][START] GET https://www.mymiwallet.com/index.php/Memberships/Customize

[1 occurrence(s)]
DEBUG --> [CSRF] token name=csrf_test_name hash=192dd788382ab2763aff58ef508f4b7d

[1 occurrence(s)]
DEBUG --> [REQ_ID=af458b5cd0ad] [INIT] App\Controllers\Home::GET

[1 occurrence(s)]
DEBUG --> [MetaService] slug=memberships/customize pageName= cacheHit= path=DB

[1 occurrence(s)]
DEBUG --> [REQ_ID=af458b5cd0ad] [VIEW_RENDER] themes/public/memberships

[1 occurrence(s)]
DEBUG --> [MetaService] slug=memberships/customize pageName=Memberships cacheHit= path=DB

[1 occurrence(s)]
DEBUG --> [REQ_ID=aa403711c364] [FILTER_AFTER]

[1 occurrence(s)]
DEBUG --> [REQ_ID=aa403711c364] [LIFECYCLE][END] status=200 duration_ms=601.08 memory_delta=4194304

[1 occurrence(s)]
DEBUG --> [REQ_ID=aa403711c364] [REQUEST][END]

[1 occurrence(s)]
DEBUG --> [REQ_ID=3389a4dea1ce] [REQUEST][START] GET /index.php/How-To-Guides

[1 occurrence(s)]
DEBUG --> [REQ_ID=67ce7411d41a] [REQUEST][START] GET /index.php/API/Management/Run-CRON-Tasks

[1 occurrence(s)]
DEBUG --> [REQ_ID=67ce7411d41a] [FILTER_BEFORE] /index.php/API/Management/Run-CRON-Tasks

[1 occurrence(s)]
DEBUG --> [REQ_ID=67ce7411d41a] [ROUTE] Controller=\App\Modules\Management\Controllers\ManagementAPIController Method=Run_CRON_Tasks

[1 occurrence(s)]
DEBUG --> [REQ_ID=67ce7411d41a] [LIFECYCLE][START] GET https://www.mymiwallet.com/index.php/API/Management/Run-CRON-Tasks

[1 occurrence(s)]
DEBUG --> [REQ_ID=67ce7411d41a] [REQUEST][END]

[1 occurrence(s)]
DEBUG --> LOG_HEALTHCHECK debug marker=3ed770ba5342

[1 occurrence(s)]
DEBUG --> [REQ_ID=0d6206048518] [REQUEST][START] GET /index.php/API/Alerts/fetchEmailAlerts

[1 occurrence(s)]
DEBUG --> [REQ_ID=0d6206048518] [FILTER_BEFORE] /index.php/API/Alerts/fetchEmailAlerts

[1 occurrence(s)]
DEBUG --> [REQ_ID=0d6206048518] [ROUTE] Controller=\App\Modules\APIs\Controllers\AlertsAPIController Method=fetchEmailAlerts

[1 occurrence(s)]
DEBUG --> [REQ_ID=0d6206048518] [LIFECYCLE][START] GET https://www.mymiwallet.com/index.php/API/Alerts/fetchEmailAlerts

[1 occurrence(s)]
DEBUG --> [REQ_ID=0d6206048518] [REQUEST][END]

[1 occurrence(s)]
DEBUG --> [REQ_ID=c5acf4a7774b] [REQUEST][START] GET /index.php/activate

[1 occurrence(s)]
DEBUG --> [REQ_ID=c5acf4a7774b] [FILTER_BEFORE] /index.php/activate

[1 occurrence(s)]
DEBUG --> [REQ_ID=c5acf4a7774b] [ROUTE] Controller=\App\Controllers\AuthController Method=activateAccount

[1 occurrence(s)]
DEBUG --> [REQ_ID=c5acf4a7774b] [LIFECYCLE][START] GET https://www.mymiwallet.com/index.php/activate

[1 occurrence(s)]
DEBUG --> [CSRF] token name=csrf_test_name hash=c290de4f8bbb16be75ce3ae555307516

[1 occurrence(s)]
DEBUG --> [REQ_ID=bcddc19cf136] [INIT] App\Controllers\AuthController::GET

[1 occurrence(s)]
DEBUG --> [REQ_ID=c5acf4a7774b] [FILTER_AFTER]

[1 occurrence(s)]
DEBUG --> [REQ_ID=c5acf4a7774b] [LIFECYCLE][END] status=302 duration_ms=122.42 memory_delta=0

[1 occurrence(s)]
DEBUG --> [REQ_ID=c5acf4a7774b] [REQUEST][END]

[1 occurrence(s)]
DEBUG --> [REQ_ID=411735488f9d] [REQUEST][START] GET /index.php/Support/Account

[1 occurrence(s)]
DEBUG --> [REQ_ID=411735488f9d] [FILTER_BEFORE] /index.php/Support/Account

[1 occurrence(s)]
DEBUG --> [REQ_ID=411735488f9d] [ROUTE] Controller=\App\Modules\Support\Controllers\AccountSupportController Method=index

[1 occurrence(s)]
DEBUG --> [REQ_ID=411735488f9d] [LIFECYCLE][START] GET https://www.mymiwallet.com/index.php/Support/Account

[1 occurrence(s)]
DEBUG --> [CSRF] token name=csrf_test_name hash=125682ae0462f62a1bb1392e03d6dfc8

[1 occurrence(s)]
DEBUG --> [REQ_ID=10b77ef98094] [INIT] App\Modules\Support\Controllers\AccountSupportController::GET

[1 occurrence(s)]
DEBUG --> [REQ_ID=10b77ef98094] [METHOD_ENTRY] index

[1 occurrence(s)]
DEBUG --> [REQ_ID=10b77ef98094] [VIEW_RENDER] SupportModule/Support/account_help

[1 occurrence(s)]
DEBUG --> [REQ_ID=411735488f9d] [FILTER_AFTER]

[1 occurrence(s)]
DEBUG --> [REQ_ID=411735488f9d] [LIFECYCLE][END] status=200 duration_ms=79.70 memory_delta=2097152

[1 occurrence(s)]
DEBUG --> [REQ_ID=411735488f9d] [REQUEST][END]

[1 occurrence(s)]
DEBUG --> [REQ_ID=a6edbfae156a] [REQUEST][START] GET /

[1 occurrence(s)]
DEBUG --> [REQ_ID=a6edbfae156a] [FILTER_BEFORE] /

[1 occurrence(s)]
DEBUG --> [REQ_ID=a6edbfae156a] [ROUTE] Controller=\App\Controllers\Home Method=index

[1 occurrence(s)]
DEBUG --> [REQ_ID=a6edbfae156a] [LIFECYCLE][START] GET https://www.mymiwallet.com/index.php/

[1 occurrence(s)]
DEBUG --> [CSRF] token name=csrf_test_name hash=0a08e3bb5c215d94200fe40cd4d4bcf3

[1 occurrence(s)]
DEBUG --> [REQ_ID=757b1bbb229e] [INIT] App\Controllers\Home::GET

[1 occurrence(s)]
DEBUG --> [REQ_ID=757b1bbb229e] [VIEW_RENDER] themes/public/home

[1 occurrence(s)]
DEBUG --> [REQ_ID=a6edbfae156a] [FILTER_AFTER]

[1 occurrence(s)]
DEBUG --> [REQ_ID=a6edbfae156a] [LIFECYCLE][END] status=200 duration_ms=605.65 memory_delta=4194304

[1 occurrence(s)]
DEBUG --> [REQ_ID=a6edbfae156a] [REQUEST][END]

[1 occurrence(s)]
DEBUG --> [REQ_ID=1bcb00776915] [REQUEST][START] GET /index.php/Premium-Features/Due-Diligence-Database

[1 occurrence(s)]
DEBUG --> [REQ_ID=a52de1f779ea] [REQUEST][START] GET /index.php/API/Management/Run-CRON-Tasks

[1 occurrence(s)]
DEBUG --> [REQ_ID=a52de1f779ea] [FILTER_BEFORE] /index.php/API/Management/Run-CRON-Tasks

[1 occurrence(s)]
DEBUG --> [REQ_ID=a52de1f779ea] [ROUTE] Controller=\App\Modules\Management\Controllers\ManagementAPIController Method=Run_CRON_Tasks

[1 occurrence(s)]
DEBUG --> [REQ_ID=a52de1f779ea] [LIFECYCLE][START] GET https://www.mymiwallet.com/index.php/API/Management/Run-CRON-Tasks

[1 occurrence(s)]
DEBUG --> [REQ_ID=a52de1f779ea] [REQUEST][END]

[1 occurrence(s)]
DEBUG --> [REQ_ID=bbb7d383c293] [REQUEST][START] GET /index.php/API/Alerts/fetchEmailAlerts

[1 occurrence(s)]
DEBUG --> [REQ_ID=bbb7d383c293] [FILTER_BEFORE] /index.php/API/Alerts/fetchEmailAlerts

[1 occurrence(s)]
DEBUG --> [REQ_ID=bbb7d383c293] [ROUTE] Controller=\App\Modules\APIs\Controllers\AlertsAPIController Method=fetchEmailAlerts

[1 occurrence(s)]
DEBUG --> [REQ_ID=bbb7d383c293] [LIFECYCLE][START] GET https://www.mymiwallet.com/index.php/API/Alerts/fetchEmailAlerts

[1 occurrence(s)]
DEBUG --> [REQ_ID=bbb7d383c293] [REQUEST][END]

[1 occurrence(s)]
DEBUG --> [REQ_ID=13af9c980bb7] [REQUEST][START] GET /index.php/API/Management/Run-CRON-Tasks

[1 occurrence(s)]
DEBUG --> [REQ_ID=13af9c980bb7] [FILTER_BEFORE] /index.php/API/Management/Run-CRON-Tasks

[1 occurrence(s)]
DEBUG --> [REQ_ID=13af9c980bb7] [ROUTE] Controller=\App\Modules\Management\Controllers\ManagementAPIController Method=Run_CRON_Tasks

[1 occurrence(s)]
DEBUG --> [REQ_ID=13af9c980bb7] [LIFECYCLE][START] GET https://www.mymiwallet.com/index.php/API/Management/Run-CRON-Tasks

[1 occurrence(s)]
DEBUG --> [REQ_ID=13af9c980bb7] [REQUEST][END]

[1 occurrence(s)]
DEBUG --> LOG_HEALTHCHECK debug marker=d76379c37a67

[1 occurrence(s)]
DEBUG --> [REQ_ID=3012eca31576] [REQUEST][START] GET /

[1 occurrence(s)]
DEBUG --> [REQ_ID=3012eca31576] [FILTER_BEFORE] /

[1 occurrence(s)]
DEBUG --> [REQ_ID=3012eca31576] [ROUTE] Controller=\App\Controllers\Home Method=index

[1 occurrence(s)]
DEBUG --> [REQ_ID=3012eca31576] [LIFECYCLE][START] GET https://www.mymiwallet.com/index.php/

[1 occurrence(s)]
DEBUG --> [CSRF] token name=csrf_test_name hash=ed045ed995306062bb21aabf94f04ff1

[1 occurrence(s)]
DEBUG --> [REQ_ID=1a58e1ba4b14] [INIT] App\Controllers\Home::GET

[1 occurrence(s)]
DEBUG --> [REQ_ID=1a58e1ba4b14] [VIEW_RENDER] themes/public/home

[1 occurrence(s)]
DEBUG --> [REQ_ID=3012eca31576] [FILTER_AFTER]

[1 occurrence(s)]
DEBUG --> [REQ_ID=3012eca31576] [LIFECYCLE][END] status=200 duration_ms=653.08 memory_delta=4194304

[1 occurrence(s)]
DEBUG --> [REQ_ID=3012eca31576] [REQUEST][END]

[1 occurrence(s)]
DEBUG --> [REQ_ID=18dd42089e4f] [REQUEST][START] GET /index.php/API/Alerts/fetchEmailAlerts

[1 occurrence(s)]
DEBUG --> [REQ_ID=18dd42089e4f] [FILTER_BEFORE] /index.php/API/Alerts/fetchEmailAlerts

[1 occurrence(s)]
DEBUG --> [REQ_ID=18dd42089e4f] [ROUTE] Controller=\App\Modules\APIs\Controllers\AlertsAPIController Method=fetchEmailAlerts

[1 occurrence(s)]
DEBUG --> [REQ_ID=18dd42089e4f] [LIFECYCLE][START] GET https://www.mymiwallet.com/index.php/API/Alerts/fetchEmailAlerts

[1 occurrence(s)]
DEBUG --> [REQ_ID=18dd42089e4f] [REQUEST][END]

[1 occurrence(s)]
DEBUG --> [REQ_ID=ec93428b87d4] [REQUEST][START] GET /

[1 occurrence(s)]
DEBUG --> [REQ_ID=ec93428b87d4] [FILTER_BEFORE] /

[1 occurrence(s)]
DEBUG --> [REQ_ID=ec93428b87d4] [ROUTE] Controller=\App\Controllers\Home Method=index

[1 occurrence(s)]
DEBUG --> [REQ_ID=ec93428b87d4] [LIFECYCLE][START] GET https://www.mymiwallet.com/index.php/

[1 occurrence(s)]
DEBUG --> [CSRF] token name=csrf_test_name hash=4075798340d9bf13245a13db79b8bf68

[1 occurrence(s)]
DEBUG --> [REQ_ID=bc0feab50435] [INIT] App\Controllers\Home::GET

[1 occurrence(s)]
DEBUG --> [REQ_ID=bc0feab50435] [VIEW_RENDER] themes/public/home

[1 occurrence(s)]
DEBUG --> [REQ_ID=ec93428b87d4] [FILTER_AFTER]

[1 occurrence(s)]
DEBUG --> [REQ_ID=ec93428b87d4] [LIFECYCLE][END] status=200 duration_ms=685.12 memory_delta=4194304

[1 occurrence(s)]
DEBUG --> [REQ_ID=ec93428b87d4] [REQUEST][END]

[1 occurrence(s)]
DEBUG --> [REQ_ID=e7e44b10472d] [REQUEST][START] GET /

[1 occurrence(s)]
DEBUG --> [REQ_ID=e7e44b10472d] [FILTER_BEFORE] /

[1 occurrence(s)]
DEBUG --> [REQ_ID=e7e44b10472d] [ROUTE] Controller=\App\Controllers\Home Method=index

[1 occurrence(s)]
DEBUG --> [REQ_ID=e7e44b10472d] [LIFECYCLE][START] GET https://www.mymiwallet.com/index.php/

[1 occurrence(s)]
DEBUG --> [CSRF] token name=csrf_test_name hash=ea17d8b0d33c51b0196f6fe19d35797e

[1 occurrence(s)]
DEBUG --> [REQ_ID=62cc4ab49b9c] [INIT] App\Controllers\Home::GET

[1 occurrence(s)]
DEBUG --> [REQ_ID=62cc4ab49b9c] [VIEW_RENDER] themes/public/home

[1 occurrence(s)]
DEBUG --> [REQ_ID=e7e44b10472d] [FILTER_AFTER]

[1 occurrence(s)]
DEBUG --> [REQ_ID=e7e44b10472d] [LIFECYCLE][END] status=200 duration_ms=631.78 memory_delta=4194304

[1 occurrence(s)]
DEBUG --> [REQ_ID=e7e44b10472d] [REQUEST][END]

[1 occurrence(s)]
DEBUG --> [REQ_ID=20b21056dff5] [REQUEST][START] GET /index.php/API/Management/Run-CRON-Tasks

[1 occurrence(s)]
DEBUG --> [REQ_ID=20b21056dff5] [FILTER_BEFORE] /index.php/API/Management/Run-CRON-Tasks

[1 occurrence(s)]
DEBUG --> [REQ_ID=20b21056dff5] [ROUTE] Controller=\App\Modules\Management\Controllers\ManagementAPIController Method=Run_CRON_Tasks

[1 occurrence(s)]
DEBUG --> [REQ_ID=20b21056dff5] [LIFECYCLE][START] GET https://www.mymiwallet.com/index.php/API/Management/Run-CRON-Tasks

[1 occurrence(s)]
DEBUG --> [REQ_ID=20b21056dff5] [REQUEST][END]

[1 occurrence(s)]
DEBUG --> [REQ_ID=c5f3853413bb] [REQUEST][START] GET /index.php/API/Alerts/fetchEmailAlerts

[1 occurrence(s)]
DEBUG --> [REQ_ID=c5f3853413bb] [FILTER_BEFORE] /index.php/API/Alerts/fetchEmailAlerts

[1 occurrence(s)]
DEBUG --> [REQ_ID=c5f3853413bb] [ROUTE] Controller=\App\Modules\APIs\Controllers\AlertsAPIController Method=fetchEmailAlerts

[1 occurrence(s)]
DEBUG --> [REQ_ID=c5f3853413bb] [LIFECYCLE][START] GET https://www.mymiwallet.com/index.php/API/Alerts/fetchEmailAlerts

[1 occurrence(s)]
DEBUG --> [REQ_ID=c5f3853413bb] [REQUEST][END]

[1 occurrence(s)]
DEBUG --> [REQ_ID=85fe010d8e57] [REQUEST][START] GET /

[1 occurrence(s)]
DEBUG --> [REQ_ID=85fe010d8e57] [FILTER_BEFORE] /

[1 occurrence(s)]
DEBUG --> [REQ_ID=85fe010d8e57] [ROUTE] Controller=\App\Controllers\Home Method=index

[1 occurrence(s)]
DEBUG --> [REQ_ID=85fe010d8e57] [LIFECYCLE][START] GET https://www.mymiwallet.com/index.php/

[1 occurrence(s)]
DEBUG --> [CSRF] token name=csrf_test_name hash=14421dca40f807c3ee1e38dd5a5e9ced

[1 occurrence(s)]
DEBUG --> [REQ_ID=03934a767e70] [INIT] App\Controllers\Home::GET

[1 occurrence(s)]
DEBUG --> [REQ_ID=03934a767e70] [VIEW_RENDER] themes/public/home

[1 occurrence(s)]
DEBUG --> [REQ_ID=85fe010d8e57] [FILTER_AFTER]

[1 occurrence(s)]
DEBUG --> [REQ_ID=85fe010d8e57] [LIFECYCLE][END] status=200 duration_ms=791.25 memory_delta=4194304

[1 occurrence(s)]
DEBUG --> [REQ_ID=85fe010d8e57] [REQUEST][END]

[1 occurrence(s)]
DEBUG --> [REQ_ID=89c4daac0d9f] [REQUEST][START] GET /

[1 occurrence(s)]
DEBUG --> [REQ_ID=89c4daac0d9f] [FILTER_BEFORE] /

[1 occurrence(s)]
DEBUG --> [REQ_ID=89c4daac0d9f] [ROUTE] Controller=\App\Controllers\Home Method=index

[1 occurrence(s)]
DEBUG --> [REQ_ID=89c4daac0d9f] [LIFECYCLE][START] GET https://www.mymiwallet.com/index.php/

[1 occurrence(s)]
DEBUG --> [CSRF] token name=csrf_test_name hash=6d7319a8002cdba3f100bfa03db0f8e8

[1 occurrence(s)]
DEBUG --> [REQ_ID=9271dfe310c8] [INIT] App\Controllers\Home::GET

[1 occurrence(s)]
DEBUG --> [REQ_ID=9271dfe310c8] [VIEW_RENDER] themes/public/home

[1 occurrence(s)]
DEBUG --> [REQ_ID=89c4daac0d9f] [FILTER_AFTER]

[1 occurrence(s)]
DEBUG --> [REQ_ID=89c4daac0d9f] [LIFECYCLE][END] status=200 duration_ms=608.03 memory_delta=4194304

[1 occurrence(s)]
DEBUG --> [REQ_ID=89c4daac0d9f] [REQUEST][END]

[1 occurrence(s)]
DEBUG --> [REQ_ID=728cde613249] [REQUEST][START] GET /

[1 occurrence(s)]
DEBUG --> [REQ_ID=728cde613249] [FILTER_BEFORE] /

[1 occurrence(s)]
DEBUG --> [REQ_ID=728cde613249] [ROUTE] Controller=\App\Controllers\Home Method=index

[1 occurrence(s)]
DEBUG --> [REQ_ID=728cde613249] [LIFECYCLE][START] GET https://www.mymiwallet.com/index.php/

[1 occurrence(s)]
DEBUG --> [CSRF] token name=csrf_test_name hash=3fee4a41bb4f136a0d397c40d46ba1e1

[1 occurrence(s)]
DEBUG --> [REQ_ID=09853e496a86] [INIT] App\Controllers\Home::GET

[1 occurrence(s)]
DEBUG --> [REQ_ID=09853e496a86] [VIEW_RENDER] themes/public/home

[1 occurrence(s)]
DEBUG --> [REQ_ID=728cde613249] [FILTER_AFTER]

[1 occurrence(s)]
DEBUG --> [REQ_ID=728cde613249] [LIFECYCLE][END] status=200 duration_ms=529.79 memory_delta=2097152

[1 occurrence(s)]
DEBUG --> [REQ_ID=728cde613249] [REQUEST][END]

[1 occurrence(s)]
DEBUG --> [REQ_ID=6238e354d354] [REQUEST][START] GET /

[1 occurrence(s)]
DEBUG --> [REQ_ID=6238e354d354] [FILTER_BEFORE] /

[1 occurrence(s)]
DEBUG --> [REQ_ID=6238e354d354] [ROUTE] Controller=\App\Controllers\Home Method=index

[1 occurrence(s)]
DEBUG --> [REQ_ID=6238e354d354] [LIFECYCLE][START] GET https://www.mymiwallet.com/index.php/

[1 occurrence(s)]
DEBUG --> [CSRF] token name=csrf_test_name hash=3efcc64c16769d18836b17ae4d066f63

[1 occurrence(s)]
DEBUG --> [REQ_ID=241b3f70f10c] [INIT] App\Controllers\Home::GET

[1 occurrence(s)]
DEBUG --> [REQ_ID=241b3f70f10c] [VIEW_RENDER] themes/public/home

[1 occurrence(s)]
DEBUG --> [REQ_ID=6238e354d354] [FILTER_AFTER]

[1 occurrence(s)]
DEBUG --> [REQ_ID=6238e354d354] [LIFECYCLE][END] status=200 duration_ms=584.98 memory_delta=2097152

[1 occurrence(s)]
DEBUG --> [REQ_ID=6238e354d354] [REQUEST][END]

[1 occurrence(s)]
DEBUG --> [REQ_ID=4cafc93cef3c] [REQUEST][START] GET /?fbclid=IwZXh0bgNhZW0CMTEAc3J0YwZhcHBfaWQMMjU2MjgxMDQwNTU4AAEeryYfXgsnh5LSaqVFXvzVqSVd6dtXpmdL75D-X_Q8_uEPk-SPGksn3ubS9hs_aem_5RnEyUG14R_k1qG6QVcJuA

[1 occurrence(s)]
DEBUG --> [REQ_ID=4cafc93cef3c] [FILTER_BEFORE] /?fbclid=IwZXh0bgNhZW0CMTEAc3J0YwZhcHBfaWQMMjU2MjgxMDQwNTU4AAEeryYfXgsnh5LSaqVFXvzVqSVd6dtXpmdL75D-X_Q8_uEPk-SPGksn3ubS9hs_aem_5RnEyUG14R_k1qG6QVcJuA

[1 occurrence(s)]
DEBUG --> [REQ_ID=4cafc93cef3c] [ROUTE] Controller=\App\Controllers\Home Method=index

[1 occurrence(s)]
DEBUG --> [REQ_ID=4cafc93cef3c] [LIFECYCLE][START] GET https://www.mymiwallet.com/index.php?fbclid=IwZXh0bgNhZW0CMTEAc3J0YwZhcHBfaWQMMjU2MjgxMDQwNTU4AAEeryYfXgsnh5LSaqVFXvzVqSVd6dtXpmdL75D-X_Q8_uEPk-SPGksn3ubS9hs_aem_5RnEyUG14R_k1qG6QVcJuA

[2 occurrence(s)]
DEBUG --> [CSRF] token name=csrf_test_name hash=4e3844276fd844afec7e84cd3df778b3

[1 occurrence(s)]
DEBUG --> [REQ_ID=6a39b71f86ec] [INIT] App\Controllers\Home::GET

[1 occurrence(s)]
DEBUG --> [REQ_ID=6a39b71f86ec] [VIEW_RENDER] themes/public/home

[1 occurrence(s)]
DEBUG --> [REQ_ID=4cafc93cef3c] [FILTER_AFTER]

[1 occurrence(s)]
DEBUG --> [REQ_ID=4cafc93cef3c] [LIFECYCLE][END] status=200 duration_ms=561.80 memory_delta=2097152

[1 occurrence(s)]
DEBUG --> [REQ_ID=4cafc93cef3c] [REQUEST][END]

[1 occurrence(s)]
DEBUG --> [REQ_ID=178c13694a70] [REQUEST][START] GET /?fbclid=IwZXh0bgNhZW0CMTEAc3J0YwZhcHBfaWQMMjU2MjgxMDQwNTU4AAEeryYfXgsnh5LSaqVFXvzVqSVd6dtXpmdL75D-X_Q8_uEPk-SPGksn3ubS9hs_aem_5RnEyUG14R_k1qG6QVcJuA

[1 occurrence(s)]
DEBUG --> [REQ_ID=178c13694a70] [FILTER_BEFORE] /?fbclid=IwZXh0bgNhZW0CMTEAc3J0YwZhcHBfaWQMMjU2MjgxMDQwNTU4AAEeryYfXgsnh5LSaqVFXvzVqSVd6dtXpmdL75D-X_Q8_uEPk-SPGksn3ubS9hs_aem_5RnEyUG14R_k1qG6QVcJuA

[1 occurrence(s)]
DEBUG --> [REQ_ID=178c13694a70] [ROUTE] Controller=\App\Controllers\Home Method=index

[1 occurrence(s)]
DEBUG --> [REQ_ID=178c13694a70] [LIFECYCLE][START] GET https://www.mymiwallet.com/index.php?fbclid=IwZXh0bgNhZW0CMTEAc3J0YwZhcHBfaWQMMjU2MjgxMDQwNTU4AAEeryYfXgsnh5LSaqVFXvzVqSVd6dtXpmdL75D-X_Q8_uEPk-SPGksn3ubS9hs_aem_5RnEyUG14R_k1qG6QVcJuA

[1 occurrence(s)]
DEBUG --> [REQ_ID=1514edf1439c] [INIT] App\Controllers\Home::GET

[1 occurrence(s)]
DEBUG --> [REQ_ID=1514edf1439c] [VIEW_RENDER] themes/public/home

[1 occurrence(s)]
DEBUG --> [REQ_ID=178c13694a70] [FILTER_AFTER]

[1 occurrence(s)]
DEBUG --> [REQ_ID=178c13694a70] [LIFECYCLE][END] status=200 duration_ms=510.39 memory_delta=2097152

[1 occurrence(s)]
DEBUG --> [REQ_ID=178c13694a70] [REQUEST][END]

[1 occurrence(s)]
DEBUG --> [REQ_ID=a6c00aeba310] [REQUEST][START] GET /index.php/API/Management/Run-CRON-Tasks

[1 occurrence(s)]
DEBUG --> [REQ_ID=a6c00aeba310] [FILTER_BEFORE] /index.php/API/Management/Run-CRON-Tasks

[1 occurrence(s)]
DEBUG --> [REQ_ID=a6c00aeba310] [ROUTE] Controller=\App\Modules\Management\Controllers\ManagementAPIController Method=Run_CRON_Tasks

[1 occurrence(s)]
DEBUG --> [REQ_ID=a6c00aeba310] [LIFECYCLE][START] GET https://www.mymiwallet.com/index.php/API/Management/Run-CRON-Tasks

[1 occurrence(s)]
DEBUG --> [REQ_ID=a6c00aeba310] [REQUEST][END]

[1 occurrence(s)]
DEBUG --> LOG_HEALTHCHECK debug marker=3e114e505f52

[1 occurrence(s)]
DEBUG --> [REQ_ID=feffff79b73c] [REQUEST][START] GET /

[1 occurrence(s)]
DEBUG --> [REQ_ID=feffff79b73c] [FILTER_BEFORE] /

[1 occurrence(s)]
DEBUG --> [REQ_ID=feffff79b73c] [ROUTE] Controller=\App\Controllers\Home Method=index

[1 occurrence(s)]
DEBUG --> [REQ_ID=feffff79b73c] [LIFECYCLE][START] GET https://www.mymiwallet.com/index.php/

[1 occurrence(s)]
DEBUG --> [CSRF] token name=csrf_test_name hash=92b75b4f35f997fd5ef5ecb53b458d14

[1 occurrence(s)]
DEBUG --> [REQ_ID=05136abc9a40] [INIT] App\Controllers\Home::GET

[1 occurrence(s)]
DEBUG --> [REQ_ID=05136abc9a40] [VIEW_RENDER] themes/public/home

[1 occurrence(s)]
DEBUG --> [REQ_ID=feffff79b73c] [FILTER_AFTER]

[1 occurrence(s)]
DEBUG --> [REQ_ID=feffff79b73c] [LIFECYCLE][END] status=200 duration_ms=608.58 memory_delta=4194304

[1 occurrence(s)]
DEBUG --> [REQ_ID=feffff79b73c] [REQUEST][END]

[1 occurrence(s)]
DEBUG --> [REQ_ID=b89e9e0a7546] [REQUEST][START] GET /

[1 occurrence(s)]
DEBUG --> [REQ_ID=b89e9e0a7546] [FILTER_BEFORE] /

[1 occurrence(s)]
DEBUG --> [REQ_ID=b89e9e0a7546] [ROUTE] Controller=\App\Controllers\Home Method=index

[1 occurrence(s)]
DEBUG --> [REQ_ID=b89e9e0a7546] [LIFECYCLE][START] GET https://www.mymiwallet.com/index.php/

[1 occurrence(s)]
DEBUG --> [CSRF] token name=csrf_test_name hash=4fd2e9b57c59cbc980af7bc3a6fa409f

[1 occurrence(s)]
DEBUG --> [REQ_ID=c1b329ca76d7] [INIT] App\Controllers\Home::GET

[1 occurrence(s)]
DEBUG --> [REQ_ID=c1b329ca76d7] [VIEW_RENDER] themes/public/home

[1 occurrence(s)]
DEBUG --> [REQ_ID=b89e9e0a7546] [FILTER_AFTER]

[1 occurrence(s)]
DEBUG --> [REQ_ID=b89e9e0a7546] [LIFECYCLE][END] status=200 duration_ms=539.93 memory_delta=2097152

[1 occurrence(s)]
DEBUG --> [REQ_ID=b89e9e0a7546] [REQUEST][END]

[1 occurrence(s)]
DEBUG --> [REQ_ID=9faa91e51523] [REQUEST][START] POST /index.php/register

[1 occurrence(s)]
DEBUG --> [REQ_ID=9faa91e51523] [FILTER_BEFORE] /index.php/register

[1 occurrence(s)]
DEBUG --> [REQ_ID=9faa91e51523] [ROUTE] Controller=\App\Controllers\AuthController Method=attemptRegister

[1 occurrence(s)]
DEBUG --> [REQ_ID=9faa91e51523] [LIFECYCLE][START] POST https://www.mymiwallet.com/index.php/register

[1 occurrence(s)]
DEBUG --> [CSRF] token name=csrf_test_name hash=07e5d56b48c5d9b04ae8869b05f6327b

[1 occurrence(s)]
DEBUG --> [REQ_ID=9faa91e51523] [REQUEST][END]

[1 occurrence(s)]
DEBUG --> [REQ_ID=3acfcd1cd837] [REQUEST][START] GET /index.php/register

[1 occurrence(s)]
DEBUG --> [REQ_ID=3acfcd1cd837] [FILTER_BEFORE] /index.php/register

[1 occurrence(s)]
DEBUG --> [REQ_ID=3acfcd1cd837] [ROUTE] Controller=\App\Controllers\AuthController Method=register

[1 occurrence(s)]
DEBUG --> [REQ_ID=3acfcd1cd837] [LIFECYCLE][START] GET https://www.mymiwallet.com/index.php/register

[1 occurrence(s)]
DEBUG --> [CSRF] token name=csrf_test_name hash=d09e4a6ee43574ceb142acdf8d6a85ab

[1 occurrence(s)]
DEBUG --> [REQ_ID=513df746ad21] [INIT] App\Controllers\AuthController::GET

[1 occurrence(s)]
DEBUG --> [REQ_ID=5679bb377904] [REQUEST][START] GET /index.php

[1 occurrence(s)]
DEBUG --> [REQ_ID=5679bb377904] [FILTER_BEFORE] /index.php

[1 occurrence(s)]
DEBUG --> [REQ_ID=5679bb377904] [ROUTE] Controller=\App\Controllers\Home Method=index

[1 occurrence(s)]
DEBUG --> [REQ_ID=5679bb377904] [LIFECYCLE][START] GET https://www.mymiwallet.com/index.php/

[1 occurrence(s)]
DEBUG --> [CSRF] token name=csrf_test_name hash=35484a22c5009ec9054fe979a6011a07

[1 occurrence(s)]
DEBUG --> [REQ_ID=ae4a4a6a3d9c] [INIT] App\Controllers\Home::GET

[1 occurrence(s)]
DEBUG --> [REQ_ID=ae4a4a6a3d9c] [VIEW_RENDER] themes/public/home

[1 occurrence(s)]
DEBUG --> [REQ_ID=5679bb377904] [FILTER_AFTER]

[1 occurrence(s)]
DEBUG --> [REQ_ID=5679bb377904] [LIFECYCLE][END] status=200 duration_ms=517.33 memory_delta=4194304

[1 occurrence(s)]
DEBUG --> [REQ_ID=5679bb377904] [REQUEST][END]

[1 occurrence(s)]
DEBUG --> [REQ_ID=fc9413875a1f] [REQUEST][START] POST /index.php/register

[1 occurrence(s)]
DEBUG --> [REQ_ID=fc9413875a1f] [FILTER_BEFORE] /index.php/register

[1 occurrence(s)]
DEBUG --> [REQ_ID=fc9413875a1f] [ROUTE] Controller=\App\Controllers\AuthController Method=attemptRegister

[1 occurrence(s)]
DEBUG --> [REQ_ID=fc9413875a1f] [LIFECYCLE][START] POST https://www.mymiwallet.com/index.php/register

[1 occurrence(s)]
DEBUG --> [CSRF] token name=csrf_test_name hash=ab788b4156d3c584cd419e0ac4918e8e

[1 occurrence(s)]
DEBUG --> [REQ_ID=fc9413875a1f] [REQUEST][END]

[1 occurrence(s)]
DEBUG --> [REQ_ID=ab428c153beb] [REQUEST][START] GET /index.php/register

[1 occurrence(s)]
DEBUG --> [REQ_ID=ab428c153beb] [FILTER_BEFORE] /index.php/register

[1 occurrence(s)]
DEBUG --> [REQ_ID=ab428c153beb] [ROUTE] Controller=\App\Controllers\AuthController Method=register

[1 occurrence(s)]
DEBUG --> [REQ_ID=ab428c153beb] [LIFECYCLE][START] GET https://www.mymiwallet.com/index.php/register

[1 occurrence(s)]
DEBUG --> [CSRF] token name=csrf_test_name hash=99deef1a26746b755083c97250ff7200

[1 occurrence(s)]
DEBUG --> [REQ_ID=0dd7edd95b96] [INIT] App\Controllers\AuthController::GET

[1 occurrence(s)]
DEBUG --> [REQ_ID=81e1ef40c516] [REQUEST][START] GET /index.php/Blog

[1 occurrence(s)]
DEBUG --> [REQ_ID=81e1ef40c516] [FILTER_BEFORE] /index.php/Blog

[1 occurrence(s)]
DEBUG --> [REQ_ID=81e1ef40c516] [ROUTE] Controller=\App\Modules\Blog\Controllers\BlogController Method=index

[1 occurrence(s)]
DEBUG --> [REQ_ID=81e1ef40c516] [LIFECYCLE][START] GET https://www.mymiwallet.com/index.php/Blog

[1 occurrence(s)]
DEBUG --> [CSRF] token name=csrf_test_name hash=69a018a42d10ea2003336a7b88481289

[1 occurrence(s)]
DEBUG --> [REQ_ID=364af51daf6c] [INIT] App\Modules\Blog\Controllers\BlogController::GET

[1 occurrence(s)]
DEBUG --> [REQ_ID=364af51daf6c] [METHOD_ENTRY] index

[1 occurrence(s)]
DEBUG --> [REQ_ID=d901a8ff2fdb] [REQUEST][START] GET /index.php/Dashboard

[1 occurrence(s)]
DEBUG --> [REQ_ID=d901a8ff2fdb] [FILTER_BEFORE] /index.php/Dashboard

[1 occurrence(s)]
DEBUG --> [REQ_ID=d901a8ff2fdb] [ROUTE] Controller=\App\Modules\User\Controllers\DashboardController Method=index

[1 occurrence(s)]
DEBUG --> [REQ_ID=d901a8ff2fdb] [LIFECYCLE][START] GET https://www.mymiwallet.com/index.php/Dashboard

[1 occurrence(s)]
DEBUG --> [CSRF] token name=csrf_test_name hash=60f3305b3222346b731ea33e90197fbc

[1 occurrence(s)]
DEBUG --> [REQ_ID=d901a8ff2fdb] [REQUEST][END]

[1 occurrence(s)]
DEBUG --> [REQ_ID=43c97f90003d] [REQUEST][START] GET /index.php/login

[1 occurrence(s)]
DEBUG --> [REQ_ID=43c97f90003d] [FILTER_BEFORE] /index.php/login

[1 occurrence(s)]
DEBUG --> [REQ_ID=43c97f90003d] [ROUTE] Controller=\App\Controllers\AuthController Method=login

[1 occurrence(s)]
DEBUG --> [REQ_ID=43c97f90003d] [LIFECYCLE][START] GET https://www.mymiwallet.com/index.php/login

[1 occurrence(s)]
DEBUG --> [CSRF] token name=csrf_test_name hash=2b5baee1118eaa0acd80c2945eeefdb1

[1 occurrence(s)]
DEBUG --> [REQ_ID=1514af95c68b] [INIT] App\Controllers\AuthController::GET

[1 occurrence(s)]
DEBUG --> [REQ_ID=43c97f90003d] [FILTER_AFTER]

[1 occurrence(s)]
DEBUG --> [REQ_ID=43c97f90003d] [LIFECYCLE][END] status=200 duration_ms=27.27 memory_delta=0

[1 occurrence(s)]
DEBUG --> [REQ_ID=43c97f90003d] [REQUEST][END]

[1 occurrence(s)]
DEBUG --> [REQ_ID=e7db0da6a528] [REQUEST][START] GET /index.php/Free/register

[1 occurrence(s)]
DEBUG --> [REQ_ID=e7db0da6a528] [FILTER_BEFORE] /index.php/Free/register

[1 occurrence(s)]
DEBUG --> [REQ_ID=e7db0da6a528] [ROUTE] Controller=\App\Controllers\AuthController Method=register

[1 occurrence(s)]
DEBUG --> [REQ_ID=e7db0da6a528] [LIFECYCLE][START] GET https://www.mymiwallet.com/index.php/Free/register

[1 occurrence(s)]
DEBUG --> [CSRF] token name=csrf_test_name hash=d7a1891ed48fd5f42eadb5baa6a93dc1

[1 occurrence(s)]
DEBUG --> [REQ_ID=e7db0da6a528] [REQUEST][END]

[1 occurrence(s)]
DEBUG --> [REQ_ID=86d5fca90960] [REQUEST][START] GET /index.php/login

[1 occurrence(s)]
DEBUG --> [REQ_ID=86d5fca90960] [FILTER_BEFORE] /index.php/login

[1 occurrence(s)]
DEBUG --> [REQ_ID=86d5fca90960] [ROUTE] Controller=\App\Controllers\AuthController Method=login

[1 occurrence(s)]
DEBUG --> [REQ_ID=86d5fca90960] [LIFECYCLE][START] GET https://www.mymiwallet.com/index.php/login

[1 occurrence(s)]
DEBUG --> [CSRF] token name=csrf_test_name hash=bb15bd16fe0c88477a800a1ae3f97aa8

[1 occurrence(s)]
DEBUG --> [REQ_ID=0699cf75595e] [INIT] App\Controllers\AuthController::GET

[1 occurrence(s)]
DEBUG --> [REQ_ID=86d5fca90960] [FILTER_AFTER]

[1 occurrence(s)]
DEBUG --> [REQ_ID=86d5fca90960] [LIFECYCLE][END] status=200 duration_ms=21.60 memory_delta=0

[1 occurrence(s)]
DEBUG --> [REQ_ID=86d5fca90960] [REQUEST][END]

[1 occurrence(s)]
DEBUG --> [REQ_ID=36667ebddf73] [REQUEST][START] GET /index.php/How-It-Works

[1 occurrence(s)]
DEBUG --> [REQ_ID=36667ebddf73] [FILTER_BEFORE] /index.php/How-It-Works

[1 occurrence(s)]
DEBUG --> [REQ_ID=36667ebddf73] [ROUTE] Controller=\App\Modules\Blog\Controllers\HowItWorksController Method=index

[1 occurrence(s)]
DEBUG --> [REQ_ID=36667ebddf73] [LIFECYCLE][START] GET https://www.mymiwallet.com/index.php/How-It-Works

[1 occurrence(s)]
DEBUG --> [CSRF] token name=csrf_test_name hash=bc03ecdb2a16f874e48a6bb6945f15f0

[1 occurrence(s)]
DEBUG --> [REQ_ID=a5119f36ea5c] [INIT] App\Modules\Blog\Controllers\HowItWorksController::GET

[1 occurrence(s)]
DEBUG --> [REQ_ID=a5119f36ea5c] [METHOD_ENTRY] index

[1 occurrence(s)]
DEBUG --> [REQ_ID=a5119f36ea5c] [VIEW_RENDER] App\Modules\Blog\Views\HowItWorks\index

[2 occurrence(s)]
DEBUG --> [MetaService] slug=how-it-works pageName= cacheHit= path=DB

[2 occurrence(s)]
DEBUG --> [MetaService] slug=how-it-works pageName= cacheHit=1 path=CACHE

[1 occurrence(s)]
DEBUG --> [REQ_ID=36667ebddf73] [FILTER_AFTER]

[1 occurrence(s)]
DEBUG --> [REQ_ID=36667ebddf73] [LIFECYCLE][END] status=200 duration_ms=598.58 memory_delta=4194304

[1 occurrence(s)]
DEBUG --> [REQ_ID=36667ebddf73] [REQUEST][END]

[1 occurrence(s)]
DEBUG --> [REQ_ID=fc2cdff345a1] [REQUEST][START] GET /index.php/How-It-Works/Automated-Financial-Insights

[1 occurrence(s)]
DEBUG --> [REQ_ID=fc2cdff345a1] [FILTER_BEFORE] /index.php/How-It-Works/Automated-Financial-Insights

[1 occurrence(s)]
DEBUG --> [REQ_ID=fc2cdff345a1] [ROUTE] Controller=\App\Modules\Blog\Controllers\HowItWorksController Method=show

[1 occurrence(s)]
DEBUG --> [REQ_ID=fc2cdff345a1] [LIFECYCLE][START] GET https://www.mymiwallet.com/index.php/How-It-Works/Automated-Financial-Insights

[1 occurrence(s)]
DEBUG --> [CSRF] token name=csrf_test_name hash=758d5939197bcff6940544e45ad06bdf

[1 occurrence(s)]
DEBUG --> [REQ_ID=75e266c08f77] [INIT] App\Modules\Blog\Controllers\HowItWorksController::GET

[1 occurrence(s)]
DEBUG --> [REQ_ID=75e266c08f77] [METHOD_ENTRY] show

[1 occurrence(s)]
DEBUG --> [REQ_ID=fc2cdff345a1] [FILTER_AFTER]

[1 occurrence(s)]
DEBUG --> [REQ_ID=fc2cdff345a1] [LIFECYCLE][END] status=404 duration_ms=24.87 memory_delta=0

[1 occurrence(s)]
DEBUG --> [REQ_ID=fc2cdff345a1] [REQUEST][END]

[1 occurrence(s)]
DEBUG --> [REQ_ID=50500b854633] [REQUEST][START] GET /index.php/How-It-Works/Daily-Financial-News

[1 occurrence(s)]
DEBUG --> [REQ_ID=50500b854633] [FILTER_BEFORE] /index.php/How-It-Works/Daily-Financial-News

[1 occurrence(s)]
DEBUG --> [REQ_ID=50500b854633] [ROUTE] Controller=\App\Modules\Blog\Controllers\HowItWorksController Method=show

[1 occurrence(s)]
DEBUG --> [REQ_ID=50500b854633] [LIFECYCLE][START] GET https://www.mymiwallet.com/index.php/How-It-Works/Daily-Financial-News

[1 occurrence(s)]
DEBUG --> [CSRF] token name=csrf_test_name hash=2a27ebf3b4bfe23996d8b8a967d67e8e

[1 occurrence(s)]
DEBUG --> [REQ_ID=265649ebedf7] [INIT] App\Modules\Blog\Controllers\HowItWorksController::GET

[1 occurrence(s)]
DEBUG --> [REQ_ID=265649ebedf7] [METHOD_ENTRY] show

[1 occurrence(s)]
DEBUG --> [REQ_ID=50500b854633] [FILTER_AFTER]

[1 occurrence(s)]
DEBUG --> [REQ_ID=50500b854633] [LIFECYCLE][END] status=404 duration_ms=19.66 memory_delta=0

[1 occurrence(s)]
DEBUG --> [REQ_ID=50500b854633] [REQUEST][END]

[1 occurrence(s)]
DEBUG --> [REQ_ID=736a3f22a94a] [REQUEST][START] GET /index.php/How-It-Works/Investment-Dashboard

[1 occurrence(s)]
DEBUG --> [REQ_ID=736a3f22a94a] [FILTER_BEFORE] /index.php/How-It-Works/Investment-Dashboard

[1 occurrence(s)]
DEBUG --> [REQ_ID=736a3f22a94a] [ROUTE] Controller=\App\Modules\Blog\Controllers\HowItWorksController Method=show

[1 occurrence(s)]
DEBUG --> [REQ_ID=736a3f22a94a] [LIFECYCLE][START] GET https://www.mymiwallet.com/index.php/How-It-Works/Investment-Dashboard

[1 occurrence(s)]
DEBUG --> [CSRF] token name=csrf_test_name hash=0b96882f0abe896700454d493d3a040b

[1 occurrence(s)]
DEBUG --> [REQ_ID=e5553b16d0f8] [INIT] App\Modules\Blog\Controllers\HowItWorksController::GET

[1 occurrence(s)]
DEBUG --> [REQ_ID=e5553b16d0f8] [METHOD_ENTRY] show

[1 occurrence(s)]
DEBUG --> [REQ_ID=e5553b16d0f8] [VIEW_RENDER] App\Modules\Blog\Views\HowItWorks\Investment_Portfolio_Management

[1 occurrence(s)]
DEBUG --> [REQ_ID=736a3f22a94a] [FILTER_AFTER]

[1 occurrence(s)]
DEBUG --> [REQ_ID=736a3f22a94a] [LIFECYCLE][END] status=200 duration_ms=1,105.97 memory_delta=6291456

[1 occurrence(s)]
DEBUG --> [REQ_ID=736a3f22a94a] [REQUEST][END]

[1 occurrence(s)]
DEBUG --> [REQ_ID=dbc24106dcae] [REQUEST][START] POST /index.php/register

[1 occurrence(s)]
DEBUG --> [REQ_ID=dbc24106dcae] [FILTER_BEFORE] /index.php/register

[1 occurrence(s)]
DEBUG --> [REQ_ID=dbc24106dcae] [ROUTE] Controller=\App\Controllers\AuthController Method=attemptRegister

[1 occurrence(s)]
DEBUG --> [REQ_ID=dbc24106dcae] [LIFECYCLE][START] POST https://www.mymiwallet.com/index.php/register

[1 occurrence(s)]
DEBUG --> [CSRF] token name=csrf_test_name hash=e68cb92879fca63162d870183b3584db

[1 occurrence(s)]
DEBUG --> [REQ_ID=dbc24106dcae] [REQUEST][END]

[1 occurrence(s)]
DEBUG --> [REQ_ID=b4cb3ba870d7] [REQUEST][START] GET /index.php/register

[1 occurrence(s)]
DEBUG --> [REQ_ID=b4cb3ba870d7] [FILTER_BEFORE] /index.php/register

[1 occurrence(s)]
DEBUG --> [REQ_ID=b4cb3ba870d7] [ROUTE] Controller=\App\Controllers\AuthController Method=register

[1 occurrence(s)]
DEBUG --> [REQ_ID=b4cb3ba870d7] [LIFECYCLE][START] GET https://www.mymiwallet.com/index.php/register

[1 occurrence(s)]
DEBUG --> [CSRF] token name=csrf_test_name hash=fec32efac052026ba85c414b32ef4f9a

[1 occurrence(s)]
DEBUG --> [REQ_ID=4bf39f401de0] [INIT] App\Controllers\AuthController::GET

[1 occurrence(s)]
DEBUG --> [REQ_ID=d1546edf138f] [REQUEST][START] GET /index.php/How-It-Works/Investment-Portfolio-Management

[1 occurrence(s)]
DEBUG --> [REQ_ID=d1546edf138f] [FILTER_BEFORE] /index.php/How-It-Works/Investment-Portfolio-Management

[1 occurrence(s)]
DEBUG --> [REQ_ID=d1546edf138f] [ROUTE] Controller=\App\Modules\Blog\Controllers\HowItWorksController Method=show

[1 occurrence(s)]
DEBUG --> [REQ_ID=d1546edf138f] [LIFECYCLE][START] GET https://www.mymiwallet.com/index.php/How-It-Works/Investment-Portfolio-Management

[1 occurrence(s)]
DEBUG --> [CSRF] token name=csrf_test_name hash=c7fd2934776be50a9defcfa009cfbb9a

[1 occurrence(s)]
DEBUG --> [REQ_ID=5902f5cbc536] [INIT] App\Modules\Blog\Controllers\HowItWorksController::GET

[1 occurrence(s)]
DEBUG --> [REQ_ID=5902f5cbc536] [METHOD_ENTRY] show

[1 occurrence(s)]
DEBUG --> [REQ_ID=d1546edf138f] [FILTER_AFTER]

[1 occurrence(s)]
DEBUG --> [REQ_ID=d1546edf138f] [LIFECYCLE][END] status=404 duration_ms=19.15 memory_delta=0

[1 occurrence(s)]
DEBUG --> [REQ_ID=d1546edf138f] [REQUEST][END]

[1 occurrence(s)]
DEBUG --> [REQ_ID=cad1f9cf7d0c] [REQUEST][START] GET /index.php/How-It-Works/Investor-Profile

[1 occurrence(s)]
DEBUG --> [REQ_ID=cad1f9cf7d0c] [FILTER_BEFORE] /index.php/How-It-Works/Investor-Profile

[1 occurrence(s)]
DEBUG --> [REQ_ID=cad1f9cf7d0c] [ROUTE] Controller=\App\Modules\Blog\Controllers\HowItWorksController Method=show

[1 occurrence(s)]
DEBUG --> [REQ_ID=cad1f9cf7d0c] [LIFECYCLE][START] GET https://www.mymiwallet.com/index.php/How-It-Works/Investor-Profile

[1 occurrence(s)]
DEBUG --> [CSRF] token name=csrf_test_name hash=320fa47aed943d618c0a73e277f781ac

[1 occurrence(s)]
DEBUG --> [REQ_ID=ef643ebf9e9e] [INIT] App\Modules\Blog\Controllers\HowItWorksController::GET

[1 occurrence(s)]
DEBUG --> [REQ_ID=ef643ebf9e9e] [METHOD_ENTRY] show

[1 occurrence(s)]
DEBUG --> [REQ_ID=cad1f9cf7d0c] [FILTER_AFTER]

[1 occurrence(s)]
DEBUG --> [REQ_ID=cad1f9cf7d0c] [LIFECYCLE][END] status=404 duration_ms=24.13 memory_delta=0

[1 occurrence(s)]
DEBUG --> [REQ_ID=cad1f9cf7d0c] [REQUEST][END]

[1 occurrence(s)]
DEBUG --> [REQ_ID=0586bc6e11b7] [REQUEST][START] GET /index.php/How-It-Works/MyMI-Exchange

[1 occurrence(s)]
DEBUG --> [REQ_ID=0586bc6e11b7] [FILTER_BEFORE] /index.php/How-It-Works/MyMI-Exchange

[1 occurrence(s)]
DEBUG --> [REQ_ID=0586bc6e11b7] [ROUTE] Controller=\App\Modules\Blog\Controllers\HowItWorksController Method=show

[1 occurrence(s)]
DEBUG --> [REQ_ID=0586bc6e11b7] [LIFECYCLE][START] GET https://www.mymiwallet.com/index.php/How-It-Works/MyMI-Exchange

[1 occurrence(s)]
DEBUG --> [CSRF] token name=csrf_test_name hash=a0cd2454d4d8cd2c91812981966b5075

[1 occurrence(s)]
DEBUG --> [REQ_ID=db127980eb7a] [INIT] App\Modules\Blog\Controllers\HowItWorksController::GET

[1 occurrence(s)]
DEBUG --> [REQ_ID=db127980eb7a] [METHOD_ENTRY] show

[1 occurrence(s)]
DEBUG --> [REQ_ID=db127980eb7a] [VIEW_RENDER] App\Modules\Blog\Views\HowItWorks\Manage_Finances

[1 occurrence(s)]
DEBUG --> [REQ_ID=0586bc6e11b7] [FILTER_AFTER]

[1 occurrence(s)]
DEBUG --> [REQ_ID=0586bc6e11b7] [LIFECYCLE][END] status=200 duration_ms=1,071.18 memory_delta=8388608

[1 occurrence(s)]
DEBUG --> [REQ_ID=0586bc6e11b7] [REQUEST][END]

[1 occurrence(s)]
DEBUG --> [REQ_ID=f76fb06e0a0d] [REQUEST][START] GET /index.php/How-It-Works/MyMI-Gold

[1 occurrence(s)]
DEBUG --> [REQ_ID=f76fb06e0a0d] [FILTER_BEFORE] /index.php/How-It-Works/MyMI-Gold

[1 occurrence(s)]
DEBUG --> [REQ_ID=f76fb06e0a0d] [ROUTE] Controller=\App\Modules\Blog\Controllers\HowItWorksController Method=show

[1 occurrence(s)]
DEBUG --> [REQ_ID=f76fb06e0a0d] [LIFECYCLE][START] GET https://www.mymiwallet.com/index.php/How-It-Works/MyMI-Gold

[1 occurrence(s)]
DEBUG --> [CSRF] token name=csrf_test_name hash=21baa2c8d6a3bc97b5aab48c4dcb21bf

[1 occurrence(s)]
DEBUG --> [REQ_ID=a2d2a88af859] [INIT] App\Modules\Blog\Controllers\HowItWorksController::GET

[1 occurrence(s)]
DEBUG --> [REQ_ID=a2d2a88af859] [METHOD_ENTRY] show

[1 occurrence(s)]
DEBUG --> [REQ_ID=a2d2a88af859] [VIEW_RENDER] App\Modules\Blog\Views\HowItWorks\MyMI_Gold

[1 occurrence(s)]
DEBUG --> [REQ_ID=f76fb06e0a0d] [FILTER_AFTER]

[1 occurrence(s)]
DEBUG --> [REQ_ID=f76fb06e0a0d] [LIFECYCLE][END] status=200 duration_ms=1,037.90 memory_delta=4194304

[1 occurrence(s)]
DEBUG --> [REQ_ID=f76fb06e0a0d] [REQUEST][END]

[1 occurrence(s)]
DEBUG --> [REQ_ID=5fd039cfe3ec] [REQUEST][START] GET /index.php/How-It-Works/Personal-Budgeting

[1 occurrence(s)]
DEBUG --> [REQ_ID=5fd039cfe3ec] [FILTER_BEFORE] /index.php/How-It-Works/Personal-Budgeting

[1 occurrence(s)]
DEBUG --> [REQ_ID=5fd039cfe3ec] [ROUTE] Controller=\App\Modules\Blog\Controllers\HowItWorksController Method=show

[1 occurrence(s)]
DEBUG --> [REQ_ID=5fd039cfe3ec] [LIFECYCLE][START] GET https://www.mymiwallet.com/index.php/How-It-Works/Personal-Budgeting

[1 occurrence(s)]
DEBUG --> [CSRF] token name=csrf_test_name hash=669c8c44409c3ec872d4087d5cfbb3f3

[1 occurrence(s)]
DEBUG --> [REQ_ID=7694e9977d1d] [INIT] App\Modules\Blog\Controllers\HowItWorksController::GET

[1 occurrence(s)]
DEBUG --> [REQ_ID=7694e9977d1d] [METHOD_ENTRY] show

[1 occurrence(s)]
DEBUG --> [REQ_ID=7694e9977d1d] [VIEW_RENDER] App\Modules\Blog\Views\HowItWorks\Personal_Budgeting

[1 occurrence(s)]
DEBUG --> [REQ_ID=5fd039cfe3ec] [FILTER_AFTER]

[1 occurrence(s)]
DEBUG --> [REQ_ID=5fd039cfe3ec] [LIFECYCLE][END] status=200 duration_ms=959.47 memory_delta=2097152

[1 occurrence(s)]
DEBUG --> [REQ_ID=5fd039cfe3ec] [REQUEST][END]

[1 occurrence(s)]
DEBUG --> [REQ_ID=5963b027e14a] [REQUEST][START] POST /index.php/register

[1 occurrence(s)]
DEBUG --> [REQ_ID=5963b027e14a] [FILTER_BEFORE] /index.php/register

[1 occurrence(s)]
DEBUG --> [REQ_ID=5963b027e14a] [ROUTE] Controller=\App\Controllers\AuthController Method=attemptRegister

[1 occurrence(s)]
DEBUG --> [REQ_ID=5963b027e14a] [LIFECYCLE][START] POST https://www.mymiwallet.com/index.php/register

[1 occurrence(s)]
DEBUG --> [CSRF] token name=csrf_test_name hash=e5fcd0775311abf7bd8e6f180f2896b8

[1 occurrence(s)]
DEBUG --> [REQ_ID=5963b027e14a] [REQUEST][END]

[1 occurrence(s)]
DEBUG --> [REQ_ID=531ec8543e59] [REQUEST][START] GET /index.php/register

[1 occurrence(s)]
DEBUG --> [REQ_ID=531ec8543e59] [FILTER_BEFORE] /index.php/register

[1 occurrence(s)]
DEBUG --> [REQ_ID=531ec8543e59] [ROUTE] Controller=\App\Controllers\AuthController Method=register

[1 occurrence(s)]
DEBUG --> [REQ_ID=531ec8543e59] [LIFECYCLE][START] GET https://www.mymiwallet.com/index.php/register

[1 occurrence(s)]
DEBUG --> [CSRF] token name=csrf_test_name hash=4f7ad571fcfd301a97c8f3cbc83da507

[1 occurrence(s)]
DEBUG --> [REQ_ID=66feb8b5ad3a] [INIT] App\Controllers\AuthController::GET

[1 occurrence(s)]
DEBUG --> [REQ_ID=8794e1716bb5] [REQUEST][START] GET /index.php/How-It-Works/Registering-An-Account

[1 occurrence(s)]
DEBUG --> [REQ_ID=8794e1716bb5] [FILTER_BEFORE] /index.php/How-It-Works/Registering-An-Account

[1 occurrence(s)]
DEBUG --> [REQ_ID=8794e1716bb5] [ROUTE] Controller=\App\Modules\Blog\Controllers\HowItWorksController Method=show

[1 occurrence(s)]
DEBUG --> [REQ_ID=8794e1716bb5] [LIFECYCLE][START] GET https://www.mymiwallet.com/index.php/How-It-Works/Registering-An-Account

[1 occurrence(s)]
DEBUG --> [CSRF] token name=csrf_test_name hash=118cdbc700f7ba6e3ced2490cf591a3f

[1 occurrence(s)]
DEBUG --> [REQ_ID=64b99eac374e] [INIT] App\Modules\Blog\Controllers\HowItWorksController::GET

[1 occurrence(s)]
DEBUG --> [REQ_ID=64b99eac374e] [METHOD_ENTRY] show

[1 occurrence(s)]
DEBUG --> [REQ_ID=64b99eac374e] [VIEW_RENDER] App\Modules\Blog\Views\HowItWorks\Registering_An_Account

[1 occurrence(s)]
DEBUG --> [REQ_ID=8794e1716bb5] [FILTER_AFTER]

[1 occurrence(s)]
DEBUG --> [REQ_ID=8794e1716bb5] [LIFECYCLE][END] status=200 duration_ms=1,087.01 memory_delta=6291456

[1 occurrence(s)]
DEBUG --> [REQ_ID=8794e1716bb5] [REQUEST][END]

[1 occurrence(s)]
DEBUG --> [REQ_ID=3ce09f3e9a3e] [REQUEST][START] GET /index.php/How-It-Works/Setting-Financial-Goals

[1 occurrence(s)]
DEBUG --> [REQ_ID=3ce09f3e9a3e] [FILTER_BEFORE] /index.php/How-It-Works/Setting-Financial-Goals

[1 occurrence(s)]
DEBUG --> [REQ_ID=3ce09f3e9a3e] [ROUTE] Controller=\App\Modules\Blog\Controllers\HowItWorksController Method=show

[1 occurrence(s)]
DEBUG --> [REQ_ID=3ce09f3e9a3e] [LIFECYCLE][START] GET https://www.mymiwallet.com/index.php/How-It-Works/Setting-Financial-Goals

[1 occurrence(s)]
DEBUG --> [CSRF] token name=csrf_test_name hash=5702da56e9f8952b29c65370fe6cb75f

[1 occurrence(s)]
DEBUG --> [REQ_ID=8f37dd3fc73b] [INIT] App\Modules\Blog\Controllers\HowItWorksController::GET

[1 occurrence(s)]
DEBUG --> [REQ_ID=8f37dd3fc73b] [METHOD_ENTRY] show

[1 occurrence(s)]
DEBUG --> [REQ_ID=8f37dd3fc73b] [VIEW_RENDER] App\Modules\Blog\Views\HowItWorks\Determining_Your_Financial_Goals

[1 occurrence(s)]
DEBUG --> [REQ_ID=3ce09f3e9a3e] [FILTER_AFTER]

[1 occurrence(s)]
DEBUG --> [REQ_ID=3ce09f3e9a3e] [LIFECYCLE][END] status=200 duration_ms=1,032.99 memory_delta=2097152

[1 occurrence(s)]
DEBUG --> [REQ_ID=3ce09f3e9a3e] [REQUEST][END]

[1 occurrence(s)]
DEBUG --> [REQ_ID=5ab567d779c8] [REQUEST][START] POST /index.php/register

[1 occurrence(s)]
DEBUG --> [REQ_ID=5ab567d779c8] [FILTER_BEFORE] /index.php/register

[1 occurrence(s)]
DEBUG --> [REQ_ID=5ab567d779c8] [ROUTE] Controller=\App\Controllers\AuthController Method=attemptRegister

[1 occurrence(s)]
DEBUG --> [REQ_ID=5ab567d779c8] [LIFECYCLE][START] POST https://www.mymiwallet.com/index.php/register

[1 occurrence(s)]
DEBUG --> [CSRF] token name=csrf_test_name hash=8b0e6836cb2a2db54941bca90bb04c6e

[1 occurrence(s)]
DEBUG --> [REQ_ID=5ab567d779c8] [REQUEST][END]

[1 occurrence(s)]
DEBUG --> [REQ_ID=420d2cd943fa] [REQUEST][START] GET /index.php/register

[1 occurrence(s)]
DEBUG --> [REQ_ID=420d2cd943fa] [FILTER_BEFORE] /index.php/register

[1 occurrence(s)]
DEBUG --> [REQ_ID=420d2cd943fa] [ROUTE] Controller=\App\Controllers\AuthController Method=register

[1 occurrence(s)]
DEBUG --> [REQ_ID=420d2cd943fa] [LIFECYCLE][START] GET https://www.mymiwallet.com/index.php/register

[1 occurrence(s)]
DEBUG --> [CSRF] token name=csrf_test_name hash=baa7ac097ac1c6554ba575172af18b71

[1 occurrence(s)]
DEBUG --> [REQ_ID=9139d1173741] [INIT] App\Controllers\AuthController::GET

[1 occurrence(s)]
DEBUG --> [REQ_ID=b224e7b7b6d8] [REQUEST][START] GET /index.php/Knowledgebase

[1 occurrence(s)]
DEBUG --> [REQ_ID=b224e7b7b6d8] [FILTER_BEFORE] /index.php/Knowledgebase

[1 occurrence(s)]
DEBUG --> [REQ_ID=b224e7b7b6d8] [ROUTE] Controller=\App\Modules\User\Controllers\KnowledgebaseController Method=index

[1 occurrence(s)]
DEBUG --> [REQ_ID=b224e7b7b6d8] [LIFECYCLE][START] GET https://www.mymiwallet.com/index.php/Knowledgebase

[1 occurrence(s)]
DEBUG --> [CSRF] token name=csrf_test_name hash=52e0e9cde5e884959425c6032ad0788e

[1 occurrence(s)]
DEBUG --> [REQ_ID=b224e7b7b6d8] [REQUEST][END]

[1 occurrence(s)]
DEBUG --> [REQ_ID=abd7c585c1e9] [REQUEST][START] GET /index.php/login

[1 occurrence(s)]
DEBUG --> [REQ_ID=abd7c585c1e9] [FILTER_BEFORE] /index.php/login

[1 occurrence(s)]
DEBUG --> [REQ_ID=abd7c585c1e9] [ROUTE] Controller=\App\Controllers\AuthController Method=login

[1 occurrence(s)]
DEBUG --> [REQ_ID=abd7c585c1e9] [LIFECYCLE][START] GET https://www.mymiwallet.com/index.php/login

[1 occurrence(s)]
DEBUG --> [CSRF] token name=csrf_test_name hash=a65485094b3650e9595cc900bc865e48

[1 occurrence(s)]
DEBUG --> [REQ_ID=5ad8b2278605] [INIT] App\Controllers\AuthController::GET

[1 occurrence(s)]
DEBUG --> [REQ_ID=abd7c585c1e9] [FILTER_AFTER]

[1 occurrence(s)]
DEBUG --> [REQ_ID=abd7c585c1e9] [LIFECYCLE][END] status=200 duration_ms=19.16 memory_delta=0

[1 occurrence(s)]
DEBUG --> [REQ_ID=abd7c585c1e9] [REQUEST][END]

[1 occurrence(s)]
DEBUG --> [REQ_ID=019bdb4017f3] [REQUEST][START] GET /index.php/Legal/Privacy-Policy

[1 occurrence(s)]
DEBUG --> [REQ_ID=019bdb4017f3] [FILTER_BEFORE] /index.php/Legal/Privacy-Policy

[1 occurrence(s)]
DEBUG --> [REQ_ID=019bdb4017f3] [ROUTE] Controller=\App\Controllers\Home Method=privacyPolicy

[1 occurrence(s)]
DEBUG --> [REQ_ID=019bdb4017f3] [LIFECYCLE][START] GET https://www.mymiwallet.com/index.php/Legal/Privacy-Policy

[1 occurrence(s)]
DEBUG --> [CSRF] token name=csrf_test_name hash=834f81258a3643253579a873f82c985c

[1 occurrence(s)]
DEBUG --> [REQ_ID=019bdb4017f3] [REQUEST][END]

[1 occurrence(s)]
DEBUG --> [REQ_ID=f2d54f9232b6] [REQUEST][START] GET /index.php/login

[1 occurrence(s)]
DEBUG --> [REQ_ID=f2d54f9232b6] [FILTER_BEFORE] /index.php/login

[1 occurrence(s)]
DEBUG --> [REQ_ID=f2d54f9232b6] [ROUTE] Controller=\App\Controllers\AuthController Method=login

[1 occurrence(s)]
DEBUG --> [REQ_ID=f2d54f9232b6] [LIFECYCLE][START] GET https://www.mymiwallet.com/index.php/login

[1 occurrence(s)]
DEBUG --> [CSRF] token name=csrf_test_name hash=5a58c1a33ee3eae07fd1dd4e2a50c2fe

[1 occurrence(s)]
DEBUG --> [REQ_ID=4752254f43cd] [INIT] App\Controllers\AuthController::GET

[1 occurrence(s)]
DEBUG --> [REQ_ID=f2d54f9232b6] [FILTER_AFTER]

[1 occurrence(s)]
DEBUG --> [REQ_ID=f2d54f9232b6] [LIFECYCLE][END] status=200 duration_ms=28.03 memory_delta=0

[1 occurrence(s)]
DEBUG --> [REQ_ID=f2d54f9232b6] [REQUEST][END]

[1 occurrence(s)]
DEBUG --> [REQ_ID=9bbc4f3aaa25] [REQUEST][START] GET /index.php/Legal/Terms-And-Conditions

[1 occurrence(s)]
DEBUG --> [REQ_ID=9bbc4f3aaa25] [FILTER_BEFORE] /index.php/Legal/Terms-And-Conditions

[1 occurrence(s)]
DEBUG --> [REQ_ID=9bbc4f3aaa25] [ROUTE] Controller=\App\Controllers\Home Method=terms

[1 occurrence(s)]
DEBUG --> [REQ_ID=9bbc4f3aaa25] [LIFECYCLE][START] GET https://www.mymiwallet.com/index.php/Legal/Terms-And-Conditions

[1 occurrence(s)]
DEBUG --> [CSRF] token name=csrf_test_name hash=09039a8fa2caf4da20b5bc66030ddd76

[1 occurrence(s)]
DEBUG --> [REQ_ID=9bbc4f3aaa25] [REQUEST][END]

[1 occurrence(s)]
DEBUG --> [REQ_ID=53f4db0622b4] [REQUEST][START] GET /index.php/login

[1 occurrence(s)]
DEBUG --> [REQ_ID=53f4db0622b4] [FILTER_BEFORE] /index.php/login

[1 occurrence(s)]
DEBUG --> [REQ_ID=53f4db0622b4] [ROUTE] Controller=\App\Controllers\AuthController Method=login

[1 occurrence(s)]
DEBUG --> [REQ_ID=53f4db0622b4] [LIFECYCLE][START] GET https://www.mymiwallet.com/index.php/login

[1 occurrence(s)]
DEBUG --> [CSRF] token name=csrf_test_name hash=186429b15fde28b81bbece71cb62ede0

[1 occurrence(s)]
DEBUG --> [REQ_ID=719bc0e41e02] [INIT] App\Controllers\AuthController::GET

[1 occurrence(s)]
DEBUG --> [REQ_ID=53f4db0622b4] [FILTER_AFTER]

[1 occurrence(s)]
DEBUG --> [REQ_ID=53f4db0622b4] [LIFECYCLE][END] status=200 duration_ms=16.34 memory_delta=0

[1 occurrence(s)]
DEBUG --> [REQ_ID=53f4db0622b4] [REQUEST][END]

[1 occurrence(s)]
DEBUG --> [REQ_ID=a3f22f3cc330] [REQUEST][START] GET /index.php/Privacy-Policy

[1 occurrence(s)]
DEBUG --> [REQ_ID=a3f22f3cc330] [FILTER_BEFORE] /index.php/Privacy-Policy

[1 occurrence(s)]
DEBUG --> [REQ_ID=a3f22f3cc330] [ROUTE] Controller=\App\Controllers\Home Method=privacyPolicy

[1 occurrence(s)]
DEBUG --> [REQ_ID=a3f22f3cc330] [LIFECYCLE][START] GET https://www.mymiwallet.com/index.php/Privacy-Policy

[1 occurrence(s)]
DEBUG --> [CSRF] token name=csrf_test_name hash=15123b57573eef9940258e989918a5cb

[1 occurrence(s)]
DEBUG --> [REQ_ID=df90488da78a] [INIT] App\Controllers\Home::GET

[2 occurrence(s)]
DEBUG --> [MetaService] slug=privacy-policy pageName= cacheHit= path=DB

[1 occurrence(s)]
DEBUG --> [REQ_ID=df90488da78a] [VIEW_RENDER] themes/public/privacyPolicy

[2 occurrence(s)]
DEBUG --> [MetaService] slug=privacy-policy pageName=Privacy Policy cacheHit= path=DB

[1 occurrence(s)]
DEBUG --> [REQ_ID=a3f22f3cc330] [FILTER_AFTER]

[1 occurrence(s)]
DEBUG --> [REQ_ID=a3f22f3cc330] [LIFECYCLE][END] status=200 duration_ms=543.63 memory_delta=4194304

[1 occurrence(s)]
DEBUG --> [REQ_ID=a3f22f3cc330] [REQUEST][END]

[1 occurrence(s)]
DEBUG --> [REQ_ID=d3f6641f22fe] [REQUEST][START] GET /index.php/Support

[1 occurrence(s)]
DEBUG --> [REQ_ID=d3f6641f22fe] [FILTER_BEFORE] /index.php/Support

[1 occurrence(s)]
DEBUG --> [REQ_ID=d3f6641f22fe] [ROUTE] Controller=\App\Modules\Support\Controllers\SupportController Method=index

[1 occurrence(s)]
DEBUG --> [REQ_ID=d3f6641f22fe] [LIFECYCLE][START] GET https://www.mymiwallet.com/index.php/Support

[1 occurrence(s)]
DEBUG --> [CSRF] token name=csrf_test_name hash=3d7494f948d364948bfb6753ccf80961

[1 occurrence(s)]
DEBUG --> [REQ_ID=b8c0a7a2316a] [INIT] App\Modules\Support\Controllers\SupportController::GET

[1 occurrence(s)]
DEBUG --> [REQ_ID=b8c0a7a2316a] [METHOD_ENTRY] index

[1 occurrence(s)]
DEBUG --> [REQ_ID=b8c0a7a2316a] [VIEW_RENDER] SupportModule\Views\Support\index

[1 occurrence(s)]
DEBUG --> [REQ_ID=d3f6641f22fe] [FILTER_AFTER]

[1 occurrence(s)]
DEBUG --> [REQ_ID=d3f6641f22fe] [LIFECYCLE][END] status=200 duration_ms=31.69 memory_delta=0

[1 occurrence(s)]
DEBUG --> [REQ_ID=d3f6641f22fe] [REQUEST][END]

[1 occurrence(s)]
DEBUG --> [REQ_ID=963424d475d0] [REQUEST][START] GET /index.php/Terms-Of-Service

[1 occurrence(s)]
DEBUG --> [REQ_ID=963424d475d0] [FILTER_BEFORE] /index.php/Terms-Of-Service

[1 occurrence(s)]
DEBUG --> [REQ_ID=963424d475d0] [ROUTE] Controller=\App\Controllers\Home Method=termsOfService

[1 occurrence(s)]
DEBUG --> [REQ_ID=963424d475d0] [LIFECYCLE][START] GET https://www.mymiwallet.com/index.php/Terms-Of-Service

[1 occurrence(s)]
DEBUG --> [CSRF] token name=csrf_test_name hash=7f51d6398b0dc3c72d98b7b357a0db44

[1 occurrence(s)]
DEBUG --> [REQ_ID=073a372c7f77] [INIT] App\Controllers\Home::GET

[1 occurrence(s)]
DEBUG --> [REQ_ID=073a372c7f77] [VIEW_RENDER] themes/public/termsOfService

[1 occurrence(s)]
DEBUG --> [REQ_ID=963424d475d0] [FILTER_AFTER]

[1 occurrence(s)]
DEBUG --> [REQ_ID=963424d475d0] [LIFECYCLE][END] status=200 duration_ms=531.98 memory_delta=4194304

[1 occurrence(s)]
DEBUG --> [REQ_ID=963424d475d0] [REQUEST][END]

[1 occurrence(s)]
DEBUG --> [REQ_ID=321e3d45a624] [REQUEST][START] GET /index.php/login

[1 occurrence(s)]
DEBUG --> [REQ_ID=321e3d45a624] [FILTER_BEFORE] /index.php/login

[1 occurrence(s)]
DEBUG --> [REQ_ID=321e3d45a624] [ROUTE] Controller=\App\Controllers\AuthController Method=login

[1 occurrence(s)]
DEBUG --> [REQ_ID=321e3d45a624] [LIFECYCLE][START] GET https://www.mymiwallet.com/index.php/login

[1 occurrence(s)]
DEBUG --> [CSRF] token name=csrf_test_name hash=4ee786bc2d7930a8ff25c5f1f0d1a3e0

[1 occurrence(s)]
DEBUG --> [REQ_ID=6f3f04b666e8] [INIT] App\Controllers\AuthController::GET

[1 occurrence(s)]
DEBUG --> [REQ_ID=321e3d45a624] [FILTER_AFTER]

[1 occurrence(s)]
DEBUG --> [REQ_ID=321e3d45a624] [LIFECYCLE][END] status=200 duration_ms=14.49 memory_delta=0

[1 occurrence(s)]
DEBUG --> [REQ_ID=321e3d45a624] [REQUEST][END]

[1 occurrence(s)]
DEBUG --> [REQ_ID=93720656aad8] [REQUEST][START] GET /index.php/API/Alerts/fetchEmailAlerts

[1 occurrence(s)]
DEBUG --> [REQ_ID=93720656aad8] [FILTER_BEFORE] /index.php/API/Alerts/fetchEmailAlerts

[1 occurrence(s)]
DEBUG --> [REQ_ID=93720656aad8] [ROUTE] Controller=\App\Modules\APIs\Controllers\AlertsAPIController Method=fetchEmailAlerts

[1 occurrence(s)]
DEBUG --> [REQ_ID=93720656aad8] [LIFECYCLE][START] GET https://www.mymiwallet.com/index.php/API/Alerts/fetchEmailAlerts

[1 occurrence(s)]
DEBUG --> [REQ_ID=93720656aad8] [REQUEST][END]

[1 occurrence(s)]
DEBUG --> [REQ_ID=4cd016df92e8] [REQUEST][START] GET /index.php/login

[1 occurrence(s)]
DEBUG --> [REQ_ID=4cd016df92e8] [FILTER_BEFORE] /index.php/login

[1 occurrence(s)]
DEBUG --> [REQ_ID=4cd016df92e8] [ROUTE] Controller=\App\Controllers\AuthController Method=login

[1 occurrence(s)]
DEBUG --> [REQ_ID=4cd016df92e8] [LIFECYCLE][START] GET https://www.mymiwallet.com/index.php/login

[1 occurrence(s)]
DEBUG --> [CSRF] token name=csrf_test_name hash=209c868cad3728f74fc6de24e4958c8c

[1 occurrence(s)]
DEBUG --> [REQ_ID=f48eb1d132f4] [INIT] App\Controllers\AuthController::GET

[1 occurrence(s)]
DEBUG --> [REQ_ID=4cd016df92e8] [FILTER_AFTER]

[1 occurrence(s)]
DEBUG --> [REQ_ID=4cd016df92e8] [LIFECYCLE][END] status=200 duration_ms=49.71 memory_delta=0

[1 occurrence(s)]
DEBUG --> [REQ_ID=4cd016df92e8] [REQUEST][END]

[1 occurrence(s)]
DEBUG --> [REQ_ID=d9b30f504158] [REQUEST][START] GET /

[1 occurrence(s)]
DEBUG --> [REQ_ID=d9b30f504158] [FILTER_BEFORE] /

[1 occurrence(s)]
DEBUG --> [REQ_ID=d9b30f504158] [ROUTE] Controller=\App\Controllers\Home Method=index

[1 occurrence(s)]
DEBUG --> [REQ_ID=d9b30f504158] [LIFECYCLE][START] GET https://www.mymiwallet.com/index.php/

[1 occurrence(s)]
DEBUG --> [CSRF] token name=csrf_test_name hash=2f6d28c0b1d22c17dcbe3ce438e22a9c

[1 occurrence(s)]
DEBUG --> [REQ_ID=9890bd511a06] [INIT] App\Controllers\Home::GET

[1 occurrence(s)]
DEBUG --> [REQ_ID=9890bd511a06] [VIEW_RENDER] themes/public/home

[1 occurrence(s)]
DEBUG --> [REQ_ID=d9b30f504158] [FILTER_AFTER]

[1 occurrence(s)]
DEBUG --> [REQ_ID=d9b30f504158] [LIFECYCLE][END] status=200 duration_ms=619.23 memory_delta=4194304

[1 occurrence(s)]
DEBUG --> [REQ_ID=d9b30f504158] [REQUEST][END]

[1 occurrence(s)]
DEBUG --> [REQ_ID=975b28ee9466] [REQUEST][START] GET /

[1 occurrence(s)]
DEBUG --> [REQ_ID=975b28ee9466] [FILTER_BEFORE] /

[1 occurrence(s)]
DEBUG --> [REQ_ID=975b28ee9466] [ROUTE] Controller=\App\Controllers\Home Method=index

[1 occurrence(s)]
DEBUG --> [REQ_ID=975b28ee9466] [LIFECYCLE][START] GET https://www.mymiwallet.com/index.php/

[1 occurrence(s)]
DEBUG --> [CSRF] token name=csrf_test_name hash=671682d84b1056f538f8acdefc758bea

[1 occurrence(s)]
DEBUG --> [REQ_ID=7c75056b5e33] [INIT] App\Controllers\Home::GET

[1 occurrence(s)]
DEBUG --> [REQ_ID=7c75056b5e33] [VIEW_RENDER] themes/public/home

[1 occurrence(s)]
DEBUG --> [REQ_ID=975b28ee9466] [FILTER_AFTER]

[1 occurrence(s)]
DEBUG --> [REQ_ID=975b28ee9466] [LIFECYCLE][END] status=200 duration_ms=601.34 memory_delta=4194304

[1 occurrence(s)]
DEBUG --> [REQ_ID=975b28ee9466] [REQUEST][END]

[1 occurrence(s)]
DEBUG --> [REQ_ID=16020cbb6d4d] [REQUEST][START] GET /index.php/API/Management/Run-CRON-Tasks

[1 occurrence(s)]
DEBUG --> [REQ_ID=16020cbb6d4d] [FILTER_BEFORE] /index.php/API/Management/Run-CRON-Tasks

[1 occurrence(s)]
DEBUG --> [REQ_ID=16020cbb6d4d] [ROUTE] Controller=\App\Modules\Management\Controllers\ManagementAPIController Method=Run_CRON_Tasks

[1 occurrence(s)]
DEBUG --> [REQ_ID=16020cbb6d4d] [LIFECYCLE][START] GET https://www.mymiwallet.com/index.php/API/Management/Run-CRON-Tasks

[1 occurrence(s)]
DEBUG --> [REQ_ID=16020cbb6d4d] [REQUEST][END]

[1 occurrence(s)]
DEBUG --> [REQ_ID=9d52e9d4e0bb] [REQUEST][START] GET /index.php

[1 occurrence(s)]
DEBUG --> [REQ_ID=9d52e9d4e0bb] [FILTER_BEFORE] /index.php

[1 occurrence(s)]
DEBUG --> [REQ_ID=9d52e9d4e0bb] [ROUTE] Controller=\App\Controllers\Home Method=index

[1 occurrence(s)]
DEBUG --> [REQ_ID=9d52e9d4e0bb] [LIFECYCLE][START] GET https://www.mymiwallet.com/index.php/

[1 occurrence(s)]
DEBUG --> [CSRF] token name=csrf_test_name hash=7ecffc5e7e9d46559dd56aee532765de

[1 occurrence(s)]
DEBUG --> [REQ_ID=93074a0a21b9] [INIT] App\Controllers\Home::GET

[1 occurrence(s)]
DEBUG --> [REQ_ID=93074a0a21b9] [VIEW_RENDER] themes/public/home

[1 occurrence(s)]
DEBUG --> [REQ_ID=9d52e9d4e0bb] [FILTER_AFTER]

[1 occurrence(s)]
DEBUG --> [REQ_ID=9d52e9d4e0bb] [LIFECYCLE][END] status=200 duration_ms=654.18 memory_delta=4194304

[1 occurrence(s)]
DEBUG --> [REQ_ID=9d52e9d4e0bb] [REQUEST][END]

[1 occurrence(s)]
DEBUG --> [REQ_ID=ad473713f42e] [REQUEST][START] GET /index.php/API/Alerts/fetchEmailAlerts

[1 occurrence(s)]
DEBUG --> [REQ_ID=ad473713f42e] [FILTER_BEFORE] /index.php/API/Alerts/fetchEmailAlerts

[1 occurrence(s)]
DEBUG --> [REQ_ID=ad473713f42e] [ROUTE] Controller=\App\Modules\APIs\Controllers\AlertsAPIController Method=fetchEmailAlerts

[1 occurrence(s)]
DEBUG --> [REQ_ID=ad473713f42e] [LIFECYCLE][START] GET https://www.mymiwallet.com/index.php/API/Alerts/fetchEmailAlerts

[1 occurrence(s)]
DEBUG --> [REQ_ID=ad473713f42e] [REQUEST][END]

[1 occurrence(s)]
DEBUG --> [REQ_ID=5c0d35137ab0] [REQUEST][START] GET /index.php/Premium-Features/Wallets

[1 occurrence(s)]
DEBUG --> [REQ_ID=331f8029f9fd] [REQUEST][START] GET /index.php/How-It-Works/Personal-Budgeting

[1 occurrence(s)]
DEBUG --> [REQ_ID=331f8029f9fd] [FILTER_BEFORE] /index.php/How-It-Works/Personal-Budgeting

[1 occurrence(s)]
DEBUG --> [REQ_ID=331f8029f9fd] [ROUTE] Controller=\App\Modules\Blog\Controllers\HowItWorksController Method=show

[1 occurrence(s)]
DEBUG --> [REQ_ID=331f8029f9fd] [LIFECYCLE][START] GET https://www.mymiwallet.com/index.php/How-It-Works/Personal-Budgeting

[1 occurrence(s)]
DEBUG --> [CSRF] token name=csrf_test_name hash=4c7804ea161ee2687546f44c67993e46

[1 occurrence(s)]
DEBUG --> [REQ_ID=3823755e0d59] [INIT] App\Modules\Blog\Controllers\HowItWorksController::GET

[1 occurrence(s)]
DEBUG --> [REQ_ID=3823755e0d59] [METHOD_ENTRY] show

[1 occurrence(s)]
DEBUG --> [REQ_ID=3823755e0d59] [VIEW_RENDER] App\Modules\Blog\Views\HowItWorks\Personal_Budgeting

[1 occurrence(s)]
DEBUG --> [REQ_ID=331f8029f9fd] [FILTER_AFTER]

[1 occurrence(s)]
DEBUG --> [REQ_ID=331f8029f9fd] [LIFECYCLE][END] status=200 duration_ms=1,343.96 memory_delta=8388608

[1 occurrence(s)]
DEBUG --> [REQ_ID=331f8029f9fd] [REQUEST][END]

[1 occurrence(s)]
DEBUG --> [REQ_ID=590af2e08039] [REQUEST][START] GET /index.php/Exchange/Solana/Import/Wallet

[1 occurrence(s)]
DEBUG --> [REQ_ID=590af2e08039] [FILTER_BEFORE] /index.php/Exchange/Solana/Import/Wallet

[1 occurrence(s)]
DEBUG --> [REQ_ID=590af2e08039] [ROUTE] Controller=\App\Modules\Exchange\Controllers\SolanaController Method=importWallet

[1 occurrence(s)]
DEBUG --> [REQ_ID=590af2e08039] [LIFECYCLE][START] GET https://www.mymiwallet.com/index.php/Exchange/Solana/Import/Wallet

[1 occurrence(s)]
DEBUG --> [CSRF] token name=csrf_test_name hash=ab8f4fe9b96d9609b9c10d83425a78a8

[1 occurrence(s)]
DEBUG --> [REQ_ID=590af2e08039] [REQUEST][END]

[1 occurrence(s)]
DEBUG --> [REQ_ID=d7f905ee39d6] [REQUEST][START] GET /index.php/login

[1 occurrence(s)]
DEBUG --> [REQ_ID=d7f905ee39d6] [FILTER_BEFORE] /index.php/login

[1 occurrence(s)]
DEBUG --> [REQ_ID=d7f905ee39d6] [ROUTE] Controller=\App\Controllers\AuthController Method=login

[1 occurrence(s)]
DEBUG --> [REQ_ID=d7f905ee39d6] [LIFECYCLE][START] GET https://www.mymiwallet.com/index.php/login

[1 occurrence(s)]
DEBUG --> [CSRF] token name=csrf_test_name hash=9b22cedcffe9741855124503b9e00c59

[1 occurrence(s)]
DEBUG --> [REQ_ID=75acec138a98] [INIT] App\Controllers\AuthController::GET

[1 occurrence(s)]
DEBUG --> [REQ_ID=d7f905ee39d6] [FILTER_AFTER]

[1 occurrence(s)]
DEBUG --> [REQ_ID=d7f905ee39d6] [LIFECYCLE][END] status=200 duration_ms=60.40 memory_delta=0

[1 occurrence(s)]
DEBUG --> [REQ_ID=d7f905ee39d6] [REQUEST][END]

[1 occurrence(s)]
DEBUG --> [REQ_ID=205c2fdb9f5d] [REQUEST][START] GET /

[1 occurrence(s)]
DEBUG --> [REQ_ID=205c2fdb9f5d] [FILTER_BEFORE] /

[1 occurrence(s)]
DEBUG --> [REQ_ID=205c2fdb9f5d] [ROUTE] Controller=\App\Controllers\Home Method=index

[1 occurrence(s)]
DEBUG --> [REQ_ID=205c2fdb9f5d] [LIFECYCLE][START] GET https://www.mymiwallet.com/index.php/

[1 occurrence(s)]
DEBUG --> [CSRF] token name=csrf_test_name hash=ea6350ae696a9e7dac60cf61f062d5fc

[1 occurrence(s)]
DEBUG --> [REQ_ID=c487921e0e70] [INIT] App\Controllers\Home::GET

[1 occurrence(s)]
DEBUG --> [REQ_ID=c487921e0e70] [VIEW_RENDER] themes/public/home

[1 occurrence(s)]
DEBUG --> [REQ_ID=205c2fdb9f5d] [FILTER_AFTER]

[1 occurrence(s)]
DEBUG --> [REQ_ID=205c2fdb9f5d] [LIFECYCLE][END] status=200 duration_ms=679.28 memory_delta=4194304

[1 occurrence(s)]
DEBUG --> [REQ_ID=205c2fdb9f5d] [REQUEST][END]

[1 occurrence(s)]
DEBUG --> [REQ_ID=e5d62f7216c6] [REQUEST][START] GET /

[1 occurrence(s)]
DEBUG --> [REQ_ID=e5d62f7216c6] [FILTER_BEFORE] /

[1 occurrence(s)]
DEBUG --> [REQ_ID=e5d62f7216c6] [ROUTE] Controller=\App\Controllers\Home Method=index

[1 occurrence(s)]
DEBUG --> [REQ_ID=e5d62f7216c6] [LIFECYCLE][START] GET https://www.mymiwallet.com/index.php/

[1 occurrence(s)]
DEBUG --> [CSRF] token name=csrf_test_name hash=6387f78046854546ed26c847e502e6f5

[1 occurrence(s)]
DEBUG --> [REQ_ID=1c0968a09b06] [INIT] App\Controllers\Home::GET

[1 occurrence(s)]
DEBUG --> [REQ_ID=1c0968a09b06] [VIEW_RENDER] themes/public/home

[1 occurrence(s)]
DEBUG --> [REQ_ID=e5d62f7216c6] [FILTER_AFTER]

[1 occurrence(s)]
DEBUG --> [REQ_ID=e5d62f7216c6] [LIFECYCLE][END] status=200 duration_ms=556.44 memory_delta=4194304

[1 occurrence(s)]
DEBUG --> [REQ_ID=e5d62f7216c6] [REQUEST][END]

[1 occurrence(s)]
DEBUG --> [REQ_ID=adf6b2d19e8e] [REQUEST][START] GET /index.php/Legal/Terms-And-Conditions

[1 occurrence(s)]
DEBUG --> [REQ_ID=adf6b2d19e8e] [FILTER_BEFORE] /index.php/Legal/Terms-And-Conditions

[1 occurrence(s)]
DEBUG --> [REQ_ID=adf6b2d19e8e] [ROUTE] Controller=\App\Controllers\Home Method=terms

[1 occurrence(s)]
DEBUG --> [REQ_ID=adf6b2d19e8e] [LIFECYCLE][START] GET https://www.mymiwallet.com/index.php/Legal/Terms-And-Conditions

[1 occurrence(s)]
DEBUG --> [CSRF] token name=csrf_test_name hash=af7f88e3bf5f2b2d63d1d753b0485614

[1 occurrence(s)]
DEBUG --> [REQ_ID=adf6b2d19e8e] [REQUEST][END]

[1 occurrence(s)]
DEBUG --> [REQ_ID=39d754832239] [REQUEST][START] GET /index.php/How-It-Works/Automated-Financial-Insights

[1 occurrence(s)]
DEBUG --> [REQ_ID=39d754832239] [FILTER_BEFORE] /index.php/How-It-Works/Automated-Financial-Insights

[1 occurrence(s)]
DEBUG --> [REQ_ID=39d754832239] [ROUTE] Controller=\App\Modules\Blog\Controllers\HowItWorksController Method=show

[1 occurrence(s)]
DEBUG --> [REQ_ID=39d754832239] [LIFECYCLE][START] GET https://www.mymiwallet.com/index.php/How-It-Works/Automated-Financial-Insights

[1 occurrence(s)]
DEBUG --> [CSRF] token name=csrf_test_name hash=e400732f257b01eb88c855d597c4e3ed

[1 occurrence(s)]
DEBUG --> [REQ_ID=5579b21db479] [INIT] App\Modules\Blog\Controllers\HowItWorksController::GET

[1 occurrence(s)]
DEBUG --> [REQ_ID=5579b21db479] [METHOD_ENTRY] show

[1 occurrence(s)]
DEBUG --> [REQ_ID=39d754832239] [FILTER_AFTER]

[1 occurrence(s)]
DEBUG --> [REQ_ID=39d754832239] [LIFECYCLE][END] status=404 duration_ms=61.27 memory_delta=2097152

[1 occurrence(s)]
DEBUG --> [REQ_ID=39d754832239] [REQUEST][END]

[1 occurrence(s)]
DEBUG --> [REQ_ID=6927406d7894] [REQUEST][START] GET /index.php/How-It-Works/Investment-Dashboard

[1 occurrence(s)]
DEBUG --> [REQ_ID=6927406d7894] [FILTER_BEFORE] /index.php/How-It-Works/Investment-Dashboard

[1 occurrence(s)]
DEBUG --> [REQ_ID=6927406d7894] [ROUTE] Controller=\App\Modules\Blog\Controllers\HowItWorksController Method=show

[1 occurrence(s)]
DEBUG --> [REQ_ID=6927406d7894] [LIFECYCLE][START] GET https://www.mymiwallet.com/index.php/How-It-Works/Investment-Dashboard

[1 occurrence(s)]
DEBUG --> [CSRF] token name=csrf_test_name hash=c8ed35e4014b2d222bd7e8022e800357

[1 occurrence(s)]
DEBUG --> [REQ_ID=e488c6358394] [INIT] App\Modules\Blog\Controllers\HowItWorksController::GET

[1 occurrence(s)]
DEBUG --> [REQ_ID=e488c6358394] [METHOD_ENTRY] show

[1 occurrence(s)]
DEBUG --> [REQ_ID=e488c6358394] [VIEW_RENDER] App\Modules\Blog\Views\HowItWorks\Investment_Portfolio_Management

[1 occurrence(s)]
DEBUG --> [REQ_ID=1c2333cba841] [REQUEST][START] GET /index.php/login

[1 occurrence(s)]
DEBUG --> [REQ_ID=1c2333cba841] [FILTER_BEFORE] /index.php/login

[1 occurrence(s)]
DEBUG --> [REQ_ID=1c2333cba841] [ROUTE] Controller=\App\Controllers\AuthController Method=login

[1 occurrence(s)]
DEBUG --> [REQ_ID=1c2333cba841] [LIFECYCLE][START] GET https://www.mymiwallet.com/index.php/login

[1 occurrence(s)]
DEBUG --> [CSRF] token name=csrf_test_name hash=c193ee866bff84343b4453e9f8cfa89b

[1 occurrence(s)]
DEBUG --> [REQ_ID=822aff37ff70] [INIT] App\Controllers\AuthController::GET

[1 occurrence(s)]
DEBUG --> [REQ_ID=1c2333cba841] [FILTER_AFTER]

[1 occurrence(s)]
DEBUG --> [REQ_ID=1c2333cba841] [LIFECYCLE][END] status=200 duration_ms=43.45 memory_delta=0

[1 occurrence(s)]
DEBUG --> [REQ_ID=1c2333cba841] [REQUEST][END]

[1 occurrence(s)]
DEBUG --> [REQ_ID=6927406d7894] [FILTER_AFTER]

[1 occurrence(s)]
DEBUG --> [REQ_ID=6927406d7894] [LIFECYCLE][END] status=200 duration_ms=962.28 memory_delta=6291456

[1 occurrence(s)]
DEBUG --> [REQ_ID=6927406d7894] [REQUEST][END]

[1 occurrence(s)]
DEBUG --> [REQ_ID=d70b46da85d1] [REQUEST][START] GET /index.php/Exchange/Solana

[1 occurrence(s)]
DEBUG --> [REQ_ID=d70b46da85d1] [FILTER_BEFORE] /index.php/Exchange/Solana

[1 occurrence(s)]
DEBUG --> [REQ_ID=d70b46da85d1] [ROUTE] Controller=\App\Modules\Exchange\Controllers\SolanaController Method=index

[1 occurrence(s)]
DEBUG --> [REQ_ID=d70b46da85d1] [LIFECYCLE][START] GET https://www.mymiwallet.com/index.php/Exchange/Solana

[1 occurrence(s)]
DEBUG --> [CSRF] token name=csrf_test_name hash=4fc76c83bcff6a4c0f16da20230aae43

[1 occurrence(s)]
DEBUG --> [REQ_ID=d70b46da85d1] [REQUEST][END]

[1 occurrence(s)]
DEBUG --> [REQ_ID=45da789ce13e] [REQUEST][START] GET /index.php/login

[1 occurrence(s)]
DEBUG --> [REQ_ID=45da789ce13e] [FILTER_BEFORE] /index.php/login

[1 occurrence(s)]
DEBUG --> [REQ_ID=45da789ce13e] [ROUTE] Controller=\App\Controllers\AuthController Method=login

[1 occurrence(s)]
DEBUG --> [REQ_ID=45da789ce13e] [LIFECYCLE][START] GET https://www.mymiwallet.com/index.php/login

[1 occurrence(s)]
DEBUG --> [CSRF] token name=csrf_test_name hash=feef6dd771c5528c26b258ba55fda3c7

[1 occurrence(s)]
DEBUG --> [REQ_ID=7cb7964e8116] [INIT] App\Controllers\AuthController::GET

[1 occurrence(s)]
DEBUG --> [REQ_ID=45da789ce13e] [FILTER_AFTER]

[1 occurrence(s)]
DEBUG --> [REQ_ID=45da789ce13e] [LIFECYCLE][END] status=200 duration_ms=23.77 memory_delta=0

[1 occurrence(s)]
DEBUG --> [REQ_ID=45da789ce13e] [REQUEST][END]

[1 occurrence(s)]
DEBUG --> [REQ_ID=3b091a438c62] [REQUEST][START] GET /index.php/My-Referrals

[1 occurrence(s)]
DEBUG --> [REQ_ID=3b091a438c62] [FILTER_BEFORE] /index.php/My-Referrals

[1 occurrence(s)]
DEBUG --> [REQ_ID=3b091a438c62] [ROUTE] Controller=\App\Modules\User\Controllers\ReferralController Method=index

[1 occurrence(s)]
DEBUG --> [REQ_ID=3b091a438c62] [LIFECYCLE][START] GET https://www.mymiwallet.com/index.php/My-Referrals

[1 occurrence(s)]
DEBUG --> [CSRF] token name=csrf_test_name hash=9338d47edbb98711b9bc5838a6fb1a86

[1 occurrence(s)]
DEBUG --> [REQ_ID=3b091a438c62] [REQUEST][END]

[1 occurrence(s)]
DEBUG --> [REQ_ID=0fc2d2153dc2] [REQUEST][START] GET /index.php/login

[1 occurrence(s)]
DEBUG --> [REQ_ID=0fc2d2153dc2] [FILTER_BEFORE] /index.php/login

[1 occurrence(s)]
DEBUG --> [REQ_ID=0fc2d2153dc2] [ROUTE] Controller=\App\Controllers\AuthController Method=login

[1 occurrence(s)]
DEBUG --> [REQ_ID=0fc2d2153dc2] [LIFECYCLE][START] GET https://www.mymiwallet.com/index.php/login

[1 occurrence(s)]
DEBUG --> [CSRF] token name=csrf_test_name hash=59c13b375391f87c5b8512566039a59f

[1 occurrence(s)]
DEBUG --> [REQ_ID=22f60920c71a] [INIT] App\Controllers\AuthController::GET

[1 occurrence(s)]
DEBUG --> [REQ_ID=0fc2d2153dc2] [FILTER_AFTER]

[1 occurrence(s)]
DEBUG --> [REQ_ID=0fc2d2153dc2] [LIFECYCLE][END] status=200 duration_ms=14.75 memory_delta=0

[1 occurrence(s)]
DEBUG --> [REQ_ID=0fc2d2153dc2] [REQUEST][END]

[1 occurrence(s)]
DEBUG --> [REQ_ID=a775e6396b9a] [REQUEST][START] GET /index.php/Management/Marketing/Post-Creator

[1 occurrence(s)]
DEBUG --> [REQ_ID=a775e6396b9a] [FILTER_BEFORE] /index.php/Management/Marketing/Post-Creator

[1 occurrence(s)]
DEBUG --> [REQ_ID=a775e6396b9a] [ROUTE] Controller=\App\Modules\Management\Controllers\MarketingAdminController Method=postCreator

[1 occurrence(s)]
DEBUG --> [REQ_ID=a775e6396b9a] [LIFECYCLE][START] GET https://www.mymiwallet.com/index.php/Management/Marketing/Post-Creator

[1 occurrence(s)]
DEBUG --> [CSRF] token name=csrf_test_name hash=4b5a7c64c031431d836bf49d2b9a296d

[1 occurrence(s)]
DEBUG --> [REQ_ID=a775e6396b9a] [REQUEST][END]

[1 occurrence(s)]
DEBUG --> [REQ_ID=905dd5c757cf] [REQUEST][START] GET /index.php/Management/Marketing/Blog-Creator

[1 occurrence(s)]
DEBUG --> [REQ_ID=905dd5c757cf] [FILTER_BEFORE] /index.php/Management/Marketing/Blog-Creator

[1 occurrence(s)]
DEBUG --> [REQ_ID=905dd5c757cf] [ROUTE] Controller=\App\Modules\Management\Controllers\MarketingAdminController Method=blogCreator

[1 occurrence(s)]
DEBUG --> [REQ_ID=905dd5c757cf] [LIFECYCLE][START] GET https://www.mymiwallet.com/index.php/Management/Marketing/Blog-Creator

[1 occurrence(s)]
DEBUG --> [CSRF] token name=csrf_test_name hash=f03f71abae09f1e0ad9e281925f63461

[1 occurrence(s)]
DEBUG --> [REQ_ID=905dd5c757cf] [REQUEST][END]

[1 occurrence(s)]
DEBUG --> [REQ_ID=a807a07a5c5a] [REQUEST][START] GET /index.php/login

[1 occurrence(s)]
DEBUG --> [REQ_ID=a807a07a5c5a] [FILTER_BEFORE] /index.php/login

[1 occurrence(s)]
DEBUG --> [REQ_ID=a807a07a5c5a] [ROUTE] Controller=\App\Controllers\AuthController Method=login

[1 occurrence(s)]
DEBUG --> [REQ_ID=a807a07a5c5a] [LIFECYCLE][START] GET https://www.mymiwallet.com/index.php/login

[1 occurrence(s)]
DEBUG --> [CSRF] token name=csrf_test_name hash=ef7e4643a6317c60a05d0c722d75d949

[1 occurrence(s)]
DEBUG --> [REQ_ID=89c9eb7eb4dd] [INIT] App\Controllers\AuthController::GET

[1 occurrence(s)]
DEBUG --> [REQ_ID=8b272c046113] [REQUEST][START] GET /index.php/login

[1 occurrence(s)]
DEBUG --> [REQ_ID=a807a07a5c5a] [FILTER_AFTER]

[1 occurrence(s)]
DEBUG --> [REQ_ID=a807a07a5c5a] [LIFECYCLE][END] status=200 duration_ms=19.07 memory_delta=0

[1 occurrence(s)]
DEBUG --> [REQ_ID=a807a07a5c5a] [REQUEST][END]

[1 occurrence(s)]
DEBUG --> [REQ_ID=8b272c046113] [FILTER_BEFORE] /index.php/login

[1 occurrence(s)]
DEBUG --> [REQ_ID=8b272c046113] [ROUTE] Controller=\App\Controllers\AuthController Method=login

[1 occurrence(s)]
DEBUG --> [REQ_ID=8b272c046113] [LIFECYCLE][START] GET https://www.mymiwallet.com/index.php/login

[1 occurrence(s)]
DEBUG --> [CSRF] token name=csrf_test_name hash=bbb6fadeeaf790bc0d695c26e05b5abe

[1 occurrence(s)]
DEBUG --> [REQ_ID=d3ccffae7b48] [INIT] App\Controllers\AuthController::GET

[1 occurrence(s)]
DEBUG --> [REQ_ID=8b272c046113] [FILTER_AFTER]

[1 occurrence(s)]
DEBUG --> [REQ_ID=8b272c046113] [LIFECYCLE][END] status=200 duration_ms=19.79 memory_delta=0

[1 occurrence(s)]
DEBUG --> [REQ_ID=8b272c046113] [REQUEST][END]

[1 occurrence(s)]
DEBUG --> [REQ_ID=cd9a5c2b91d4] [REQUEST][START] GET /index.php/Management/Assets

[1 occurrence(s)]
DEBUG --> [REQ_ID=cd9a5c2b91d4] [FILTER_BEFORE] /index.php/Management/Assets

[1 occurrence(s)]
DEBUG --> [REQ_ID=cd9a5c2b91d4] [ROUTE] Controller=\App\Modules\Management\Controllers\AssetsAdminController Method=index

[1 occurrence(s)]
DEBUG --> [REQ_ID=cd9a5c2b91d4] [LIFECYCLE][START] GET https://www.mymiwallet.com/index.php/Management/Assets

[1 occurrence(s)]
DEBUG --> [CSRF] token name=csrf_test_name hash=b3b6fef9b71bef3cab21bc595be0401b

[1 occurrence(s)]
DEBUG --> [REQ_ID=cd9a5c2b91d4] [REQUEST][END]

[1 occurrence(s)]
DEBUG --> [REQ_ID=85fece0523e6] [REQUEST][START] GET /index.php/login

[1 occurrence(s)]
DEBUG --> [REQ_ID=85fece0523e6] [FILTER_BEFORE] /index.php/login

[1 occurrence(s)]
DEBUG --> [REQ_ID=85fece0523e6] [ROUTE] Controller=\App\Controllers\AuthController Method=login

[1 occurrence(s)]
DEBUG --> [REQ_ID=85fece0523e6] [LIFECYCLE][START] GET https://www.mymiwallet.com/index.php/login

[1 occurrence(s)]
DEBUG --> [CSRF] token name=csrf_test_name hash=c632b72938e41a72061cca800479f262

[1 occurrence(s)]
DEBUG --> [REQ_ID=837ae7573d11] [INIT] App\Controllers\AuthController::GET

[1 occurrence(s)]
DEBUG --> [REQ_ID=85fece0523e6] [FILTER_AFTER]

[1 occurrence(s)]
DEBUG --> [REQ_ID=85fece0523e6] [LIFECYCLE][END] status=200 duration_ms=13.64 memory_delta=0

[1 occurrence(s)]
DEBUG --> [REQ_ID=85fece0523e6] [REQUEST][END]

[1 occurrence(s)]
DEBUG --> [REQ_ID=83011a93b644] [REQUEST][START] GET /index.php/Legal/Terms-And-Conditions

[1 occurrence(s)]
DEBUG --> [REQ_ID=83011a93b644] [FILTER_BEFORE] /index.php/Legal/Terms-And-Conditions

[1 occurrence(s)]
DEBUG --> [REQ_ID=83011a93b644] [ROUTE] Controller=\App\Controllers\Home Method=terms

[1 occurrence(s)]
DEBUG --> [REQ_ID=83011a93b644] [LIFECYCLE][START] GET https://www.mymiwallet.com/index.php/Legal/Terms-And-Conditions

[1 occurrence(s)]
DEBUG --> [CSRF] token name=csrf_test_name hash=bf253d1450679a058f8c47d034664169

[1 occurrence(s)]
DEBUG --> [REQ_ID=83011a93b644] [REQUEST][END]

[1 occurrence(s)]
DEBUG --> [REQ_ID=29d9407e0097] [REQUEST][START] GET /index.php/login

[1 occurrence(s)]
DEBUG --> [REQ_ID=29d9407e0097] [FILTER_BEFORE] /index.php/login

[1 occurrence(s)]
DEBUG --> [REQ_ID=29d9407e0097] [ROUTE] Controller=\App\Controllers\AuthController Method=login

[1 occurrence(s)]
DEBUG --> [REQ_ID=29d9407e0097] [LIFECYCLE][START] GET https://www.mymiwallet.com/index.php/login

[1 occurrence(s)]
DEBUG --> [CSRF] token name=csrf_test_name hash=4c07dcbc9869a7ed1a5a33f5369b0c62

[1 occurrence(s)]
DEBUG --> [REQ_ID=bbfce96dc274] [INIT] App\Controllers\AuthController::GET

[1 occurrence(s)]
DEBUG --> [REQ_ID=29d9407e0097] [FILTER_AFTER]

[1 occurrence(s)]
DEBUG --> [REQ_ID=29d9407e0097] [LIFECYCLE][END] status=200 duration_ms=18.39 memory_delta=0

[1 occurrence(s)]
DEBUG --> [REQ_ID=29d9407e0097] [REQUEST][END]

[1 occurrence(s)]
DEBUG --> [REQ_ID=91466af9f0f2] [REQUEST][START] GET /index.php/Investments

[1 occurrence(s)]
DEBUG --> [REQ_ID=91466af9f0f2] [FILTER_BEFORE] /index.php/Investments

[1 occurrence(s)]
DEBUG --> [REQ_ID=91466af9f0f2] [ROUTE] Controller=\App\Modules\User\Controllers\InvestmentsController Method=index

[1 occurrence(s)]
DEBUG --> [REQ_ID=91466af9f0f2] [LIFECYCLE][START] GET https://www.mymiwallet.com/index.php/Investments

[1 occurrence(s)]
DEBUG --> [CSRF] token name=csrf_test_name hash=69c8bd12522bde113304e7834a3df5b3

[1 occurrence(s)]
DEBUG --> [REQ_ID=91466af9f0f2] [REQUEST][END]

[1 occurrence(s)]
DEBUG --> [REQ_ID=9cb5d0749f9f] [REQUEST][START] GET /index.php/login

[1 occurrence(s)]
DEBUG --> [REQ_ID=9cb5d0749f9f] [FILTER_BEFORE] /index.php/login

[1 occurrence(s)]
DEBUG --> [REQ_ID=9cb5d0749f9f] [ROUTE] Controller=\App\Controllers\AuthController Method=login

[1 occurrence(s)]
DEBUG --> [REQ_ID=9cb5d0749f9f] [LIFECYCLE][START] GET https://www.mymiwallet.com/index.php/login

[1 occurrence(s)]
DEBUG --> [CSRF] token name=csrf_test_name hash=d878a9e93a48377bd210abcdcd6fafcb

[1 occurrence(s)]
DEBUG --> [REQ_ID=b525df2d7538] [INIT] App\Controllers\AuthController::GET

[1 occurrence(s)]
DEBUG --> [REQ_ID=9cb5d0749f9f] [FILTER_AFTER]

[1 occurrence(s)]
DEBUG --> [REQ_ID=9cb5d0749f9f] [LIFECYCLE][END] status=200 duration_ms=15.15 memory_delta=0

[1 occurrence(s)]
DEBUG --> [REQ_ID=9cb5d0749f9f] [REQUEST][END]

[1 occurrence(s)]
DEBUG --> [REQ_ID=96debfc587f3] [REQUEST][START] GET /index.php/Alerts

[1 occurrence(s)]
DEBUG --> [REQ_ID=96debfc587f3] [FILTER_BEFORE] /index.php/Alerts

[1 occurrence(s)]
DEBUG --> [REQ_ID=96debfc587f3] [ROUTE] Controller=\App\Modules\User\Controllers\AlertsController Method=index

[1 occurrence(s)]
DEBUG --> [REQ_ID=96debfc587f3] [LIFECYCLE][START] GET https://www.mymiwallet.com/index.php/Alerts

[1 occurrence(s)]
DEBUG --> [CSRF] token name=csrf_test_name hash=69cdd6ba15023a619318a25a95e8812d

[1 occurrence(s)]
DEBUG --> [REQ_ID=96debfc587f3] [REQUEST][END]

[1 occurrence(s)]
DEBUG --> [REQ_ID=92ea2ffc7deb] [REQUEST][START] GET /index.php/login

[1 occurrence(s)]
DEBUG --> [REQ_ID=92ea2ffc7deb] [FILTER_BEFORE] /index.php/login

[1 occurrence(s)]
DEBUG --> [REQ_ID=92ea2ffc7deb] [ROUTE] Controller=\App\Controllers\AuthController Method=login

[1 occurrence(s)]
DEBUG --> [REQ_ID=92ea2ffc7deb] [LIFECYCLE][START] GET https://www.mymiwallet.com/index.php/login

[1 occurrence(s)]
DEBUG --> [CSRF] token name=csrf_test_name hash=a46e7f5c0f99191387fd98ae9847a69e

[1 occurrence(s)]
DEBUG --> [REQ_ID=8644fe021461] [INIT] App\Controllers\AuthController::GET

[1 occurrence(s)]
DEBUG --> [REQ_ID=92ea2ffc7deb] [FILTER_AFTER]

[1 occurrence(s)]
DEBUG --> [REQ_ID=92ea2ffc7deb] [LIFECYCLE][END] status=200 duration_ms=14.04 memory_delta=0

[1 occurrence(s)]
DEBUG --> [REQ_ID=92ea2ffc7deb] [REQUEST][END]

[1 occurrence(s)]
DEBUG --> [REQ_ID=21e54ef08fae] [REQUEST][START] GET /index.php/Wallets

[1 occurrence(s)]
DEBUG --> [REQ_ID=21e54ef08fae] [FILTER_BEFORE] /index.php/Wallets

[1 occurrence(s)]
DEBUG --> [REQ_ID=21e54ef08fae] [ROUTE] Controller=\App\Modules\User\Controllers\WalletsController Method=index

[1 occurrence(s)]
DEBUG --> [REQ_ID=21e54ef08fae] [LIFECYCLE][START] GET https://www.mymiwallet.com/index.php/Wallets

[1 occurrence(s)]
DEBUG --> [CSRF] token name=csrf_test_name hash=5dae88979b428f4f9bd3a35cf1324749

[1 occurrence(s)]
DEBUG --> [REQ_ID=21e54ef08fae] [REQUEST][END]

[1 occurrence(s)]
DEBUG --> [REQ_ID=7a9387952715] [REQUEST][START] GET /index.php/login

[1 occurrence(s)]
DEBUG --> [REQ_ID=7a9387952715] [FILTER_BEFORE] /index.php/login

[1 occurrence(s)]
DEBUG --> [REQ_ID=7a9387952715] [ROUTE] Controller=\App\Controllers\AuthController Method=login

[1 occurrence(s)]
DEBUG --> [REQ_ID=7a9387952715] [LIFECYCLE][START] GET https://www.mymiwallet.com/index.php/login

[1 occurrence(s)]
DEBUG --> [CSRF] token name=csrf_test_name hash=a60f2e8d19c81a77f047bcb9e4193bfd

[1 occurrence(s)]
DEBUG --> [REQ_ID=afc9854e525a] [INIT] App\Controllers\AuthController::GET

[1 occurrence(s)]
DEBUG --> [REQ_ID=39b97a639b52] [REQUEST][START] GET /index.php/How-It-Works/Investment-Dashboard

[1 occurrence(s)]
DEBUG --> [REQ_ID=39b97a639b52] [FILTER_BEFORE] /index.php/How-It-Works/Investment-Dashboard

[1 occurrence(s)]
DEBUG --> [REQ_ID=39b97a639b52] [ROUTE] Controller=\App\Modules\Blog\Controllers\HowItWorksController Method=show

[1 occurrence(s)]
DEBUG --> [REQ_ID=39b97a639b52] [LIFECYCLE][START] GET https://www.mymiwallet.com/index.php/How-It-Works/Investment-Dashboard

[1 occurrence(s)]
DEBUG --> [CSRF] token name=csrf_test_name hash=218d0804849186414a075e08dc65219e

[1 occurrence(s)]
DEBUG --> [REQ_ID=935e914272eb] [INIT] App\Modules\Blog\Controllers\HowItWorksController::GET

[1 occurrence(s)]
DEBUG --> [REQ_ID=7a9387952715] [FILTER_AFTER]

[1 occurrence(s)]
DEBUG --> [REQ_ID=7a9387952715] [LIFECYCLE][END] status=200 duration_ms=19.06 memory_delta=0

[1 occurrence(s)]
DEBUG --> [REQ_ID=7a9387952715] [REQUEST][END]

[1 occurrence(s)]
DEBUG --> [REQ_ID=935e914272eb] [METHOD_ENTRY] show

[1 occurrence(s)]
DEBUG --> [REQ_ID=a90fa732824a] [REQUEST][START] GET /index.php/Management/Docs

[1 occurrence(s)]
DEBUG --> [REQ_ID=7dae7c26565d] [REQUEST][START] GET /index.php/Support

[1 occurrence(s)]
DEBUG --> [REQ_ID=7dae7c26565d] [FILTER_BEFORE] /index.php/Support

[1 occurrence(s)]
DEBUG --> [REQ_ID=7dae7c26565d] [ROUTE] Controller=\App\Modules\Support\Controllers\SupportController Method=index

[1 occurrence(s)]
DEBUG --> [REQ_ID=7dae7c26565d] [LIFECYCLE][START] GET https://www.mymiwallet.com/index.php/Support

[1 occurrence(s)]
DEBUG --> [CSRF] token name=csrf_test_name hash=a5a7f956057c9f5b1b6593fcdca21d5e

[1 occurrence(s)]
DEBUG --> [REQ_ID=f7334a74b823] [INIT] App\Modules\Support\Controllers\SupportController::GET

[1 occurrence(s)]
DEBUG --> [REQ_ID=f7334a74b823] [METHOD_ENTRY] index

[1 occurrence(s)]
DEBUG --> [REQ_ID=f7334a74b823] [VIEW_RENDER] SupportModule\Views\Support\index

[1 occurrence(s)]
DEBUG --> [REQ_ID=7dae7c26565d] [FILTER_AFTER]

[1 occurrence(s)]
DEBUG --> [REQ_ID=7dae7c26565d] [LIFECYCLE][END] status=200 duration_ms=81.61 memory_delta=2097152

[1 occurrence(s)]
DEBUG --> [REQ_ID=7dae7c26565d] [REQUEST][END]

[1 occurrence(s)]
DEBUG --> [REQ_ID=935e914272eb] [VIEW_RENDER] App\Modules\Blog\Views\HowItWorks\Investment_Portfolio_Management

[1 occurrence(s)]
DEBUG --> [REQ_ID=3c88c6cce7bc] [REQUEST][START] GET /index.php/Wallets/Purchase/Memberships

[1 occurrence(s)]
DEBUG --> [REQ_ID=3c88c6cce7bc] [FILTER_BEFORE] /index.php/Wallets/Purchase/Memberships

[1 occurrence(s)]
DEBUG --> [REQ_ID=3c88c6cce7bc] [ROUTE] Controller=\App\Modules\User\Controllers\WalletsController Method=purchase

[1 occurrence(s)]
DEBUG --> [REQ_ID=3c88c6cce7bc] [LIFECYCLE][START] GET https://www.mymiwallet.com/index.php/Wallets/Purchase/Memberships

[1 occurrence(s)]
DEBUG --> [CSRF] token name=csrf_test_name hash=2065b5fbfe0782795eb42e42303a654c

[1 occurrence(s)]
DEBUG --> [REQ_ID=3c88c6cce7bc] [REQUEST][END]

[1 occurrence(s)]
DEBUG --> [REQ_ID=f9b23657dcb9] [REQUEST][START] GET /index.php/login

[1 occurrence(s)]
DEBUG --> [REQ_ID=f9b23657dcb9] [FILTER_BEFORE] /index.php/login

[1 occurrence(s)]
DEBUG --> [REQ_ID=f9b23657dcb9] [ROUTE] Controller=\App\Controllers\AuthController Method=login

[1 occurrence(s)]
DEBUG --> [REQ_ID=f9b23657dcb9] [LIFECYCLE][START] GET https://www.mymiwallet.com/index.php/login

[1 occurrence(s)]
DEBUG --> [CSRF] token name=csrf_test_name hash=ff69423af3612b3907082dc415e5dc81

[1 occurrence(s)]
DEBUG --> [REQ_ID=ce0699a1f7fe] [INIT] App\Controllers\AuthController::GET

[1 occurrence(s)]
DEBUG --> [REQ_ID=f9b23657dcb9] [FILTER_AFTER]

[1 occurrence(s)]
DEBUG --> [REQ_ID=f9b23657dcb9] [LIFECYCLE][END] status=200 duration_ms=18.26 memory_delta=0

[1 occurrence(s)]
DEBUG --> [REQ_ID=f9b23657dcb9] [REQUEST][END]

[1 occurrence(s)]
DEBUG --> [REQ_ID=39b97a639b52] [FILTER_AFTER]

[1 occurrence(s)]
DEBUG --> [REQ_ID=39b97a639b52] [LIFECYCLE][END] status=200 duration_ms=1,056.28 memory_delta=6291456

[1 occurrence(s)]
DEBUG --> [REQ_ID=39b97a639b52] [REQUEST][END]

[1 occurrence(s)]
DEBUG --> [REQ_ID=4c7af58a4d9f] [REQUEST][START] GET /index.php/login

[1 occurrence(s)]
DEBUG --> [REQ_ID=4c7af58a4d9f] [FILTER_BEFORE] /index.php/login

[1 occurrence(s)]
DEBUG --> [REQ_ID=4c7af58a4d9f] [ROUTE] Controller=\App\Controllers\AuthController Method=login

[1 occurrence(s)]
DEBUG --> [REQ_ID=4c7af58a4d9f] [LIFECYCLE][START] GET https://www.mymiwallet.com/index.php/login

[1 occurrence(s)]
DEBUG --> [CSRF] token name=csrf_test_name hash=c33fd89602e9f927307e089b76c26202

[1 occurrence(s)]
DEBUG --> [REQ_ID=edbbae309242] [INIT] App\Controllers\AuthController::GET

[1 occurrence(s)]
DEBUG --> [REQ_ID=4c7af58a4d9f] [FILTER_AFTER]

[1 occurrence(s)]
DEBUG --> [REQ_ID=4c7af58a4d9f] [LIFECYCLE][END] status=200 duration_ms=24.42 memory_delta=0

[1 occurrence(s)]
DEBUG --> [REQ_ID=4c7af58a4d9f] [REQUEST][END]

[1 occurrence(s)]
DEBUG --> [REQ_ID=4b51d05d367c] [REQUEST][START] GET /index.php/Account/Billing

[1 occurrence(s)]
DEBUG --> [REQ_ID=4b51d05d367c] [FILTER_BEFORE] /index.php/Account/Billing

[1 occurrence(s)]
DEBUG --> [REQ_ID=4b51d05d367c] [ROUTE] Controller=\App\Modules\User\Controllers\DashboardController Method=billing

[1 occurrence(s)]
DEBUG --> [REQ_ID=4b51d05d367c] [LIFECYCLE][START] GET https://www.mymiwallet.com/index.php/Account/Billing

[1 occurrence(s)]
DEBUG --> [CSRF] token name=csrf_test_name hash=32ec1e30be3648ec019be127de70725c

[1 occurrence(s)]
DEBUG --> [REQ_ID=4b51d05d367c] [REQUEST][END]

[1 occurrence(s)]
DEBUG --> [REQ_ID=a38bfa79e8c1] [REQUEST][START] GET /index.php/login

[1 occurrence(s)]
DEBUG --> [REQ_ID=a38bfa79e8c1] [FILTER_BEFORE] /index.php/login

[1 occurrence(s)]
DEBUG --> [REQ_ID=a38bfa79e8c1] [ROUTE] Controller=\App\Controllers\AuthController Method=login

[1 occurrence(s)]
DEBUG --> [REQ_ID=a38bfa79e8c1] [LIFECYCLE][START] GET https://www.mymiwallet.com/index.php/login

[1 occurrence(s)]
DEBUG --> [CSRF] token name=csrf_test_name hash=a8f0338371fbe548e98c8ec63b9d3fbe

[1 occurrence(s)]
DEBUG --> [REQ_ID=3a3da0b5927d] [INIT] App\Controllers\AuthController::GET

[1 occurrence(s)]
DEBUG --> [REQ_ID=8fc0536262aa] [REQUEST][START] GET /index.php/Knowledgebase

[1 occurrence(s)]
DEBUG --> [REQ_ID=a38bfa79e8c1] [FILTER_AFTER]

[1 occurrence(s)]
DEBUG --> [REQ_ID=a38bfa79e8c1] [LIFECYCLE][END] status=200 duration_ms=15.91 memory_delta=0

[1 occurrence(s)]
DEBUG --> [REQ_ID=a38bfa79e8c1] [REQUEST][END]

[1 occurrence(s)]
DEBUG --> [REQ_ID=8fc0536262aa] [FILTER_BEFORE] /index.php/Knowledgebase

[1 occurrence(s)]
DEBUG --> [REQ_ID=8fc0536262aa] [ROUTE] Controller=\App\Modules\User\Controllers\KnowledgebaseController Method=index

[1 occurrence(s)]
DEBUG --> [REQ_ID=8fc0536262aa] [LIFECYCLE][START] GET https://www.mymiwallet.com/index.php/Knowledgebase

[1 occurrence(s)]
DEBUG --> [CSRF] token name=csrf_test_name hash=d77f7482e32803e27d7efafdb515efe0

[1 occurrence(s)]
DEBUG --> [REQ_ID=8fc0536262aa] [REQUEST][END]

[1 occurrence(s)]
DEBUG --> [REQ_ID=b5b9ad7b61ca] [REQUEST][START] GET /index.php/login

[1 occurrence(s)]
DEBUG --> [REQ_ID=b5b9ad7b61ca] [FILTER_BEFORE] /index.php/login

[1 occurrence(s)]
DEBUG --> [REQ_ID=b5b9ad7b61ca] [ROUTE] Controller=\App\Controllers\AuthController Method=login

[1 occurrence(s)]
DEBUG --> [REQ_ID=b5b9ad7b61ca] [LIFECYCLE][START] GET https://www.mymiwallet.com/index.php/login

[1 occurrence(s)]
DEBUG --> [CSRF] token name=csrf_test_name hash=382b038590a024d2bde47547db23df82

[1 occurrence(s)]
DEBUG --> [REQ_ID=28705f1dd2c6] [INIT] App\Controllers\AuthController::GET

[1 occurrence(s)]
DEBUG --> [REQ_ID=b5b9ad7b61ca] [FILTER_AFTER]

[1 occurrence(s)]
DEBUG --> [REQ_ID=b5b9ad7b61ca] [LIFECYCLE][END] status=200 duration_ms=19.39 memory_delta=0

[1 occurrence(s)]
DEBUG --> [REQ_ID=b5b9ad7b61ca] [REQUEST][END]

[1 occurrence(s)]
DEBUG --> [REQ_ID=9316dfd388d8] [REQUEST][START] GET /index.php/Account/Security

[1 occurrence(s)]
DEBUG --> [REQ_ID=9316dfd388d8] [FILTER_BEFORE] /index.php/Account/Security

[1 occurrence(s)]
DEBUG --> [REQ_ID=9316dfd388d8] [ROUTE] Controller=\App\Modules\User\Controllers\DashboardController Method=Security

[1 occurrence(s)]
DEBUG --> [REQ_ID=9316dfd388d8] [LIFECYCLE][START] GET https://www.mymiwallet.com/index.php/Account/Security

[1 occurrence(s)]
DEBUG --> [CSRF] token name=csrf_test_name hash=bc758fb1f6ecb508c12ac15e0eee8266

[1 occurrence(s)]
DEBUG --> [REQ_ID=9316dfd388d8] [REQUEST][END]

[1 occurrence(s)]
DEBUG --> [REQ_ID=7de60f14ef36] [REQUEST][START] GET /index.php/login

[1 occurrence(s)]
DEBUG --> [REQ_ID=7de60f14ef36] [FILTER_BEFORE] /index.php/login

[1 occurrence(s)]
DEBUG --> [REQ_ID=7de60f14ef36] [ROUTE] Controller=\App\Controllers\AuthController Method=login

[1 occurrence(s)]
DEBUG --> [REQ_ID=7de60f14ef36] [LIFECYCLE][START] GET https://www.mymiwallet.com/index.php/login

[1 occurrence(s)]
DEBUG --> [CSRF] token name=csrf_test_name hash=e26093b99ce690373a3d21dc5487a3e3

[1 occurrence(s)]
DEBUG --> [REQ_ID=45220fa8cee4] [INIT] App\Controllers\AuthController::GET

[1 occurrence(s)]
DEBUG --> [REQ_ID=7de60f14ef36] [FILTER_AFTER]

[1 occurrence(s)]
DEBUG --> [REQ_ID=7de60f14ef36] [LIFECYCLE][END] status=200 duration_ms=14.81 memory_delta=0

[1 occurrence(s)]
DEBUG --> [REQ_ID=7de60f14ef36] [REQUEST][END]

[1 occurrence(s)]
DEBUG --> [REQ_ID=3ff735e7e53a] [REQUEST][START] GET /index.php/Management/Budgeting

[1 occurrence(s)]
DEBUG --> [REQ_ID=3ff735e7e53a] [FILTER_BEFORE] /index.php/Management/Budgeting

[1 occurrence(s)]
DEBUG --> [REQ_ID=3ff735e7e53a] [ROUTE] Controller=\App\Modules\Management\Controllers\BudgetingAdminController Method=index

[1 occurrence(s)]
DEBUG --> [REQ_ID=3ff735e7e53a] [LIFECYCLE][START] GET https://www.mymiwallet.com/index.php/Management/Budgeting

[1 occurrence(s)]
DEBUG --> [CSRF] token name=csrf_test_name hash=7fc8ea27d0254cc420fcd57fa27e4a85

[1 occurrence(s)]
DEBUG --> [REQ_ID=3ff735e7e53a] [REQUEST][END]

[1 occurrence(s)]
DEBUG --> [REQ_ID=b99a5601d3be] [REQUEST][START] GET /index.php/login

[1 occurrence(s)]
DEBUG --> [REQ_ID=b99a5601d3be] [FILTER_BEFORE] /index.php/login

[1 occurrence(s)]
DEBUG --> [REQ_ID=b99a5601d3be] [ROUTE] Controller=\App\Controllers\AuthController Method=login

[1 occurrence(s)]
DEBUG --> [REQ_ID=b99a5601d3be] [LIFECYCLE][START] GET https://www.mymiwallet.com/index.php/login

[1 occurrence(s)]
DEBUG --> [CSRF] token name=csrf_test_name hash=75ecf940fa6fe0f62caf8811736f7b30

[1 occurrence(s)]
DEBUG --> [REQ_ID=c3c7799171d9] [INIT] App\Controllers\AuthController::GET

[1 occurrence(s)]
DEBUG --> [REQ_ID=b99a5601d3be] [FILTER_AFTER]

[1 occurrence(s)]
DEBUG --> [REQ_ID=b99a5601d3be] [LIFECYCLE][END] status=200 duration_ms=15.13 memory_delta=0

[1 occurrence(s)]
DEBUG --> [REQ_ID=b99a5601d3be] [REQUEST][END]

[1 occurrence(s)]
DEBUG --> [REQ_ID=9ff62e1ccb42] [REQUEST][START] GET /index.php/Terms-Of-Service

[1 occurrence(s)]
DEBUG --> [REQ_ID=9ff62e1ccb42] [FILTER_BEFORE] /index.php/Terms-Of-Service

[1 occurrence(s)]
DEBUG --> [REQ_ID=9ff62e1ccb42] [ROUTE] Controller=\App\Controllers\Home Method=termsOfService

[1 occurrence(s)]
DEBUG --> [REQ_ID=9ff62e1ccb42] [LIFECYCLE][START] GET https://www.mymiwallet.com/index.php/Terms-Of-Service

[1 occurrence(s)]
DEBUG --> [CSRF] token name=csrf_test_name hash=7d8e7ba04ee759118200a54fb9058455

[1 occurrence(s)]
DEBUG --> [REQ_ID=f9db64ae5ab7] [INIT] App\Controllers\Home::GET

[1 occurrence(s)]
DEBUG --> [REQ_ID=24750909b8d9] [REQUEST][START] GET /index.php/MyMI-Gold/Goals/Daily

[1 occurrence(s)]
DEBUG --> [REQ_ID=24750909b8d9] [FILTER_BEFORE] /index.php/MyMI-Gold/Goals/Daily

[1 occurrence(s)]
DEBUG --> [REQ_ID=24750909b8d9] [ROUTE] Controller=\App\Modules\User\Controllers\DashboardController Method=goals

[1 occurrence(s)]
DEBUG --> [REQ_ID=24750909b8d9] [LIFECYCLE][START] GET https://www.mymiwallet.com/index.php/MyMI-Gold/Goals/Daily

[1 occurrence(s)]
DEBUG --> [CSRF] token name=csrf_test_name hash=08557058a5963d5a861dbbc2217f7c54

[1 occurrence(s)]
DEBUG --> [REQ_ID=24750909b8d9] [REQUEST][END]

[1 occurrence(s)]
DEBUG --> [REQ_ID=6a832ff3704d] [REQUEST][START] GET /index.php/login

[1 occurrence(s)]
DEBUG --> [REQ_ID=6a832ff3704d] [FILTER_BEFORE] /index.php/login

[1 occurrence(s)]
DEBUG --> [REQ_ID=6a832ff3704d] [ROUTE] Controller=\App\Controllers\AuthController Method=login

[1 occurrence(s)]
DEBUG --> [REQ_ID=6a832ff3704d] [LIFECYCLE][START] GET https://www.mymiwallet.com/index.php/login

[1 occurrence(s)]
DEBUG --> [CSRF] token name=csrf_test_name hash=9059b1078f439cdbcbc5873fff7fd898

[1 occurrence(s)]
DEBUG --> [REQ_ID=6f0109e920a0] [INIT] App\Controllers\AuthController::GET

[1 occurrence(s)]
DEBUG --> [REQ_ID=6a832ff3704d] [FILTER_AFTER]

[1 occurrence(s)]
DEBUG --> [REQ_ID=6a832ff3704d] [LIFECYCLE][END] status=200 duration_ms=17.99 memory_delta=0

[1 occurrence(s)]
DEBUG --> [REQ_ID=6a832ff3704d] [REQUEST][END]

[1 occurrence(s)]
DEBUG --> [REQ_ID=a2660b8f0f7d] [REQUEST][START] GET /index.php/Support/Account

[1 occurrence(s)]
DEBUG --> [REQ_ID=a2660b8f0f7d] [FILTER_BEFORE] /index.php/Support/Account

[1 occurrence(s)]
DEBUG --> [REQ_ID=a2660b8f0f7d] [ROUTE] Controller=\App\Modules\Support\Controllers\AccountSupportController Method=index

[1 occurrence(s)]
DEBUG --> [REQ_ID=a2660b8f0f7d] [LIFECYCLE][START] GET https://www.mymiwallet.com/index.php/Support/Account

[1 occurrence(s)]
DEBUG --> [CSRF] token name=csrf_test_name hash=7f19bcf74f7e6e898d145ead709c5f6f

[1 occurrence(s)]
DEBUG --> [REQ_ID=5d474e3e2e02] [INIT] App\Modules\Support\Controllers\AccountSupportController::GET

[1 occurrence(s)]
DEBUG --> [REQ_ID=5d474e3e2e02] [METHOD_ENTRY] index

[1 occurrence(s)]
DEBUG --> [REQ_ID=5d474e3e2e02] [VIEW_RENDER] SupportModule/Support/account_help

[1 occurrence(s)]
DEBUG --> [REQ_ID=a2660b8f0f7d] [FILTER_AFTER]

[1 occurrence(s)]
DEBUG --> [REQ_ID=a2660b8f0f7d] [LIFECYCLE][END] status=200 duration_ms=25.16 memory_delta=0

[1 occurrence(s)]
DEBUG --> [REQ_ID=a2660b8f0f7d] [REQUEST][END]

[1 occurrence(s)]
DEBUG --> [REQ_ID=f9db64ae5ab7] [VIEW_RENDER] themes/public/termsOfService

[1 occurrence(s)]
DEBUG --> [REQ_ID=9ff62e1ccb42] [FILTER_AFTER]

[1 occurrence(s)]
DEBUG --> [REQ_ID=9ff62e1ccb42] [LIFECYCLE][END] status=200 duration_ms=542.31 memory_delta=4194304

[1 occurrence(s)]
DEBUG --> [REQ_ID=9ff62e1ccb42] [REQUEST][END]

[1 occurrence(s)]
DEBUG --> [REQ_ID=a6529b443c5b] [REQUEST][START] GET /index.php/Management/Alerts

[1 occurrence(s)]
DEBUG --> [REQ_ID=a6529b443c5b] [FILTER_BEFORE] /index.php/Management/Alerts

[1 occurrence(s)]
DEBUG --> [REQ_ID=a6529b443c5b] [ROUTE] Controller=\App\Modules\Management\Controllers\AlertsAdminController Method=index

[1 occurrence(s)]
DEBUG --> [REQ_ID=a6529b443c5b] [LIFECYCLE][START] GET https://www.mymiwallet.com/index.php/Management/Alerts

[1 occurrence(s)]
DEBUG --> [CSRF] token name=csrf_test_name hash=18b60161a9c2d44343957770daeaa540

[1 occurrence(s)]
DEBUG --> [REQ_ID=a6529b443c5b] [REQUEST][END]

[1 occurrence(s)]
DEBUG --> [REQ_ID=e993d08caf39] [REQUEST][START] GET /index.php/login

[1 occurrence(s)]
DEBUG --> [REQ_ID=aad1f2819d8a] [REQUEST][START] GET /index.php/Account

[1 occurrence(s)]
DEBUG --> [REQ_ID=e993d08caf39] [FILTER_BEFORE] /index.php/login

[1 occurrence(s)]
DEBUG --> [REQ_ID=e993d08caf39] [ROUTE] Controller=\App\Controllers\AuthController Method=login

[1 occurrence(s)]
DEBUG --> [REQ_ID=e993d08caf39] [LIFECYCLE][START] GET https://www.mymiwallet.com/index.php/login

[1 occurrence(s)]
DEBUG --> [CSRF] token name=csrf_test_name hash=e0eeb0661358514bdcbf9008a6811859

[1 occurrence(s)]
DEBUG --> [REQ_ID=4dd94d0a6a08] [INIT] App\Controllers\AuthController::GET

[1 occurrence(s)]
DEBUG --> [REQ_ID=aad1f2819d8a] [FILTER_BEFORE] /index.php/Account

[1 occurrence(s)]
DEBUG --> [REQ_ID=aad1f2819d8a] [ROUTE] Controller=\App\Modules\User\Controllers\DashboardController Method=account

[1 occurrence(s)]
DEBUG --> [REQ_ID=aad1f2819d8a] [LIFECYCLE][START] GET https://www.mymiwallet.com/index.php/Account

[1 occurrence(s)]
DEBUG --> [CSRF] token name=csrf_test_name hash=f1e7c080ed8a319665bc3b060d6f1df6

[1 occurrence(s)]
DEBUG --> [REQ_ID=aad1f2819d8a] [REQUEST][END]

[1 occurrence(s)]
DEBUG --> [REQ_ID=e993d08caf39] [FILTER_AFTER]

[1 occurrence(s)]
DEBUG --> [REQ_ID=e993d08caf39] [LIFECYCLE][END] status=200 duration_ms=17.79 memory_delta=0

[1 occurrence(s)]
DEBUG --> [REQ_ID=e993d08caf39] [REQUEST][END]

[1 occurrence(s)]
DEBUG --> [REQ_ID=617ab7c844f3] [REQUEST][START] GET /index.php/login

[1 occurrence(s)]
DEBUG --> [REQ_ID=617ab7c844f3] [FILTER_BEFORE] /index.php/login

[1 occurrence(s)]
DEBUG --> [REQ_ID=617ab7c844f3] [ROUTE] Controller=\App\Controllers\AuthController Method=login

[1 occurrence(s)]
DEBUG --> [REQ_ID=617ab7c844f3] [LIFECYCLE][START] GET https://www.mymiwallet.com/index.php/login

[1 occurrence(s)]
DEBUG --> [CSRF] token name=csrf_test_name hash=944137a5d7bfeae32471a95e2dd1d273

[1 occurrence(s)]
DEBUG --> [REQ_ID=51d1727d1b5e] [INIT] App\Controllers\AuthController::GET

[1 occurrence(s)]
DEBUG --> [REQ_ID=617ab7c844f3] [FILTER_AFTER]

[1 occurrence(s)]
DEBUG --> [REQ_ID=617ab7c844f3] [LIFECYCLE][END] status=200 duration_ms=14.05 memory_delta=0

[1 occurrence(s)]
DEBUG --> [REQ_ID=617ab7c844f3] [REQUEST][END]

[1 occurrence(s)]
DEBUG --> [REQ_ID=5289b0ee17dc] [REQUEST][START] GET /index.php/Exchange

[1 occurrence(s)]
DEBUG --> [REQ_ID=f7a016a6da26] [REQUEST][START] GET /index.php/Management/Marketing/Promote/Solana

[1 occurrence(s)]
DEBUG --> [REQ_ID=5289b0ee17dc] [FILTER_BEFORE] /index.php/Exchange

[1 occurrence(s)]
DEBUG --> [REQ_ID=5289b0ee17dc] [ROUTE] Controller=\App\Modules\Exchange\Controllers\ExchangeController Method=index

[1 occurrence(s)]
DEBUG --> [REQ_ID=5289b0ee17dc] [LIFECYCLE][START] GET https://www.mymiwallet.com/index.php/Exchange

[1 occurrence(s)]
DEBUG --> [CSRF] token name=csrf_test_name hash=cfbdaf96c642583c55ee33e921248b8f

[1 occurrence(s)]
DEBUG --> [REQ_ID=5289b0ee17dc] [REQUEST][END]

[1 occurrence(s)]
DEBUG --> [REQ_ID=f7a016a6da26] [FILTER_BEFORE] /index.php/Management/Marketing/Promote/Solana

[1 occurrence(s)]
DEBUG --> [REQ_ID=f7a016a6da26] [ROUTE] Controller=\App\Modules\Management\Controllers\MarketingAdminController Method=promote

[1 occurrence(s)]
DEBUG --> [REQ_ID=f7a016a6da26] [LIFECYCLE][START] GET https://www.mymiwallet.com/index.php/Management/Marketing/Promote/Solana

[1 occurrence(s)]
DEBUG --> [CSRF] token name=csrf_test_name hash=1d3e6bec61990b50b99d996803471997

[1 occurrence(s)]
DEBUG --> [REQ_ID=f7a016a6da26] [REQUEST][END]

[1 occurrence(s)]
DEBUG --> [REQ_ID=26d9463316a8] [REQUEST][START] GET /index.php/login

[1 occurrence(s)]
DEBUG --> [REQ_ID=dbd7198884cf] [REQUEST][START] GET /index.php/login

[1 occurrence(s)]
DEBUG --> [REQ_ID=26d9463316a8] [FILTER_BEFORE] /index.php/login

[1 occurrence(s)]
DEBUG --> [REQ_ID=26d9463316a8] [ROUTE] Controller=\App\Controllers\AuthController Method=login

[1 occurrence(s)]
DEBUG --> [REQ_ID=26d9463316a8] [LIFECYCLE][START] GET https://www.mymiwallet.com/index.php/login

[1 occurrence(s)]
DEBUG --> [CSRF] token name=csrf_test_name hash=9e8c418d74b47dea923994b29ac3954e

[1 occurrence(s)]
DEBUG --> [REQ_ID=e0b709ca9b2d] [INIT] App\Controllers\AuthController::GET

[1 occurrence(s)]
DEBUG --> [REQ_ID=dbd7198884cf] [FILTER_BEFORE] /index.php/login

[1 occurrence(s)]
DEBUG --> [REQ_ID=dbd7198884cf] [ROUTE] Controller=\App\Controllers\AuthController Method=login

[1 occurrence(s)]
DEBUG --> [REQ_ID=dbd7198884cf] [LIFECYCLE][START] GET https://www.mymiwallet.com/index.php/login

[1 occurrence(s)]
DEBUG --> [CSRF] token name=csrf_test_name hash=7f162630224fb6141bce70eb4d9a18d4

[1 occurrence(s)]
DEBUG --> [REQ_ID=ce310a6d7535] [INIT] App\Controllers\AuthController::GET

[1 occurrence(s)]
DEBUG --> [REQ_ID=26d9463316a8] [FILTER_AFTER]

[1 occurrence(s)]
DEBUG --> [REQ_ID=26d9463316a8] [LIFECYCLE][END] status=200 duration_ms=13.56 memory_delta=0

[1 occurrence(s)]
DEBUG --> [REQ_ID=26d9463316a8] [REQUEST][END]

[1 occurrence(s)]
DEBUG --> [REQ_ID=dbd7198884cf] [FILTER_AFTER]

[1 occurrence(s)]
DEBUG --> [REQ_ID=dbd7198884cf] [LIFECYCLE][END] status=200 duration_ms=15.49 memory_delta=0

[1 occurrence(s)]
DEBUG --> [REQ_ID=dbd7198884cf] [REQUEST][END]

[1 occurrence(s)]
DEBUG --> [REQ_ID=11431ad8f681] [REQUEST][START] GET /index.php

[1 occurrence(s)]
DEBUG --> [REQ_ID=11431ad8f681] [FILTER_BEFORE] /index.php

[1 occurrence(s)]
DEBUG --> [REQ_ID=11431ad8f681] [ROUTE] Controller=\App\Controllers\Home Method=index

[1 occurrence(s)]
DEBUG --> [REQ_ID=11431ad8f681] [LIFECYCLE][START] GET https://www.mymiwallet.com/index.php/

[1 occurrence(s)]
DEBUG --> [CSRF] token name=csrf_test_name hash=654cef68e742acc8c6f6bbc705e7a98a

[1 occurrence(s)]
DEBUG --> [REQ_ID=3ea5459b9057] [INIT] App\Controllers\Home::GET

[1 occurrence(s)]
DEBUG --> [REQ_ID=5540ec9dfb35] [REQUEST][START] GET /index.php/Management/Marketing/Schedule

[1 occurrence(s)]
DEBUG --> [REQ_ID=5540ec9dfb35] [FILTER_BEFORE] /index.php/Management/Marketing/Schedule

[1 occurrence(s)]
DEBUG --> [REQ_ID=5540ec9dfb35] [ROUTE] Controller=\App\Modules\Management\Controllers\MarketingAdminController Method=schedule

[1 occurrence(s)]
DEBUG --> [REQ_ID=5540ec9dfb35] [LIFECYCLE][START] GET https://www.mymiwallet.com/index.php/Management/Marketing/Schedule

[1 occurrence(s)]
DEBUG --> [CSRF] token name=csrf_test_name hash=95907ef97883ec82fca7808de0a51bca

[1 occurrence(s)]
DEBUG --> [REQ_ID=5540ec9dfb35] [REQUEST][END]

[1 occurrence(s)]
DEBUG --> [REQ_ID=52b13c508a47] [REQUEST][START] GET /index.php/login

[1 occurrence(s)]
DEBUG --> [REQ_ID=52b13c508a47] [FILTER_BEFORE] /index.php/login

[1 occurrence(s)]
DEBUG --> [REQ_ID=52b13c508a47] [ROUTE] Controller=\App\Controllers\AuthController Method=login

[1 occurrence(s)]
DEBUG --> [REQ_ID=52b13c508a47] [LIFECYCLE][START] GET https://www.mymiwallet.com/index.php/login

[1 occurrence(s)]
DEBUG --> [CSRF] token name=csrf_test_name hash=9b8776fffdc608a52683c0195fdd03fd

[1 occurrence(s)]
DEBUG --> [REQ_ID=3c47d541a979] [INIT] App\Controllers\AuthController::GET

[1 occurrence(s)]
DEBUG --> [REQ_ID=52b13c508a47] [FILTER_AFTER]

[1 occurrence(s)]
DEBUG --> [REQ_ID=52b13c508a47] [LIFECYCLE][END] status=200 duration_ms=28.51 memory_delta=0

[1 occurrence(s)]
DEBUG --> [REQ_ID=52b13c508a47] [REQUEST][END]

[1 occurrence(s)]
DEBUG --> [REQ_ID=274494d2b83b] [REQUEST][START] GET /index.php/How-It-Works

[1 occurrence(s)]
DEBUG --> [REQ_ID=274494d2b83b] [FILTER_BEFORE] /index.php/How-It-Works

[1 occurrence(s)]
DEBUG --> [REQ_ID=274494d2b83b] [ROUTE] Controller=\App\Modules\Blog\Controllers\HowItWorksController Method=index

[1 occurrence(s)]
DEBUG --> [REQ_ID=274494d2b83b] [LIFECYCLE][START] GET https://www.mymiwallet.com/index.php/How-It-Works

[1 occurrence(s)]
DEBUG --> [CSRF] token name=csrf_test_name hash=889de29abb9f8896bac611f2cf5728c5

[1 occurrence(s)]
DEBUG --> [REQ_ID=53ea8dbb51cd] [INIT] App\Modules\Blog\Controllers\HowItWorksController::GET

[1 occurrence(s)]
DEBUG --> [REQ_ID=53ea8dbb51cd] [METHOD_ENTRY] index

[1 occurrence(s)]
DEBUG --> [REQ_ID=53ea8dbb51cd] [VIEW_RENDER] App\Modules\Blog\Views\HowItWorks\index

[1 occurrence(s)]
DEBUG --> [REQ_ID=3ea5459b9057] [VIEW_RENDER] themes/public/home

[1 occurrence(s)]
DEBUG --> [REQ_ID=11431ad8f681] [FILTER_AFTER]

[1 occurrence(s)]
DEBUG --> [REQ_ID=11431ad8f681] [LIFECYCLE][END] status=200 duration_ms=544.91 memory_delta=4194304

[1 occurrence(s)]
DEBUG --> [REQ_ID=11431ad8f681] [REQUEST][END]

[1 occurrence(s)]
DEBUG --> [REQ_ID=bb2d9efec470] [REQUEST][START] GET /index.php/Privacy-Policy

[1 occurrence(s)]
DEBUG --> [REQ_ID=bb2d9efec470] [FILTER_BEFORE] /index.php/Privacy-Policy

[1 occurrence(s)]
DEBUG --> [REQ_ID=bb2d9efec470] [ROUTE] Controller=\App\Controllers\Home Method=privacyPolicy

[1 occurrence(s)]
DEBUG --> [REQ_ID=bb2d9efec470] [LIFECYCLE][START] GET https://www.mymiwallet.com/index.php/Privacy-Policy

[1 occurrence(s)]
DEBUG --> [CSRF] token name=csrf_test_name hash=779fbaa83811ec5f9b37de6ad3d614f8

[1 occurrence(s)]
DEBUG --> [REQ_ID=066500a2a46a] [INIT] App\Controllers\Home::GET

[1 occurrence(s)]
DEBUG --> [REQ_ID=274494d2b83b] [FILTER_AFTER]

[1 occurrence(s)]
DEBUG --> [REQ_ID=274494d2b83b] [LIFECYCLE][END] status=200 duration_ms=576.34 memory_delta=4194304

[1 occurrence(s)]
DEBUG --> [REQ_ID=274494d2b83b] [REQUEST][END]

[1 occurrence(s)]
DEBUG --> [REQ_ID=84c1c979ab5a] [REQUEST][START] GET /index.php

[1 occurrence(s)]
DEBUG --> [REQ_ID=84c1c979ab5a] [FILTER_BEFORE] /index.php

[1 occurrence(s)]
DEBUG --> [REQ_ID=84c1c979ab5a] [ROUTE] Controller=\App\Controllers\Home Method=index

[1 occurrence(s)]
DEBUG --> [REQ_ID=84c1c979ab5a] [LIFECYCLE][START] GET https://www.mymiwallet.com/index.php/

[1 occurrence(s)]
DEBUG --> [CSRF] token name=csrf_test_name hash=e2cb7277540ad660a92658285253297f

[1 occurrence(s)]
DEBUG --> [REQ_ID=1314577306ea] [INIT] App\Controllers\Home::GET

[1 occurrence(s)]
DEBUG --> [REQ_ID=066500a2a46a] [VIEW_RENDER] themes/public/privacyPolicy

[1 occurrence(s)]
DEBUG --> [REQ_ID=bb2d9efec470] [FILTER_AFTER]

[1 occurrence(s)]
DEBUG --> [REQ_ID=bb2d9efec470] [LIFECYCLE][END] status=200 duration_ms=530.98 memory_delta=2097152

[1 occurrence(s)]
DEBUG --> [REQ_ID=bb2d9efec470] [REQUEST][END]

[1 occurrence(s)]
DEBUG --> [REQ_ID=2258ee44f6bd] [REQUEST][START] GET /index.php/register

[1 occurrence(s)]
DEBUG --> [REQ_ID=2258ee44f6bd] [FILTER_BEFORE] /index.php/register

[1 occurrence(s)]
DEBUG --> [REQ_ID=2258ee44f6bd] [ROUTE] Controller=\App\Controllers\AuthController Method=register

[1 occurrence(s)]
DEBUG --> [REQ_ID=2258ee44f6bd] [LIFECYCLE][START] GET https://www.mymiwallet.com/index.php/register

[1 occurrence(s)]
DEBUG --> [CSRF] token name=csrf_test_name hash=2fbb1b3d876f7ffed0515a90c6d09660

[1 occurrence(s)]
DEBUG --> [REQ_ID=b4113bd83864] [INIT] App\Controllers\AuthController::GET

[1 occurrence(s)]
DEBUG --> [REQ_ID=1314577306ea] [VIEW_RENDER] themes/public/home

[1 occurrence(s)]
DEBUG --> [REQ_ID=84c1c979ab5a] [FILTER_AFTER]

[1 occurrence(s)]
DEBUG --> [REQ_ID=84c1c979ab5a] [LIFECYCLE][END] status=200 duration_ms=521.17 memory_delta=2097152

[1 occurrence(s)]
DEBUG --> [REQ_ID=84c1c979ab5a] [REQUEST][END]

[1 occurrence(s)]
DEBUG --> [REQ_ID=5b8a28eb874f] [REQUEST][START] GET /index.php/Account/Social-Media

[1 occurrence(s)]
DEBUG --> [REQ_ID=5b8a28eb874f] [FILTER_BEFORE] /index.php/Account/Social-Media

[1 occurrence(s)]
DEBUG --> [REQ_ID=5b8a28eb874f] [ROUTE] Controller=\App\Modules\User\Controllers\DashboardController Method=SocialMedia

[1 occurrence(s)]
DEBUG --> [REQ_ID=5b8a28eb874f] [LIFECYCLE][START] GET https://www.mymiwallet.com/index.php/Account/Social-Media

[1 occurrence(s)]
DEBUG --> [CSRF] token name=csrf_test_name hash=7d161b75076300b31347a12c80bd8cb3

[1 occurrence(s)]
DEBUG --> [REQ_ID=5b8a28eb874f] [REQUEST][END]

[1 occurrence(s)]
DEBUG --> [REQ_ID=53139e0d1782] [REQUEST][START] GET /index.php/login

[1 occurrence(s)]
DEBUG --> [REQ_ID=53139e0d1782] [FILTER_BEFORE] /index.php/login

[1 occurrence(s)]
DEBUG --> [REQ_ID=53139e0d1782] [ROUTE] Controller=\App\Controllers\AuthController Method=login

[1 occurrence(s)]
DEBUG --> [REQ_ID=53139e0d1782] [LIFECYCLE][START] GET https://www.mymiwallet.com/index.php/login

[1 occurrence(s)]
DEBUG --> [CSRF] token name=csrf_test_name hash=8a6d7c7393350ccce8450a58761f8768

[1 occurrence(s)]
DEBUG --> [REQ_ID=3b8ccddb0aed] [INIT] App\Controllers\AuthController::GET

[1 occurrence(s)]
DEBUG --> [REQ_ID=53139e0d1782] [FILTER_AFTER]

[1 occurrence(s)]
DEBUG --> [REQ_ID=53139e0d1782] [LIFECYCLE][END] status=200 duration_ms=17.06 memory_delta=0

[1 occurrence(s)]
DEBUG --> [REQ_ID=53139e0d1782] [REQUEST][END]

[1 occurrence(s)]
DEBUG --> [REQ_ID=3915397d2d51] [REQUEST][START] GET /index.php/Management/Marketing/Content/Listing

[1 occurrence(s)]
DEBUG --> [REQ_ID=3915397d2d51] [FILTER_BEFORE] /index.php/Management/Marketing/Content/Listing

[1 occurrence(s)]
DEBUG --> [REQ_ID=3915397d2d51] [ROUTE] Controller=\App\Modules\Management\Controllers\MarketingAdminController Method=contentListing

[1 occurrence(s)]
DEBUG --> [REQ_ID=3915397d2d51] [LIFECYCLE][START] GET https://www.mymiwallet.com/index.php/Management/Marketing/Content/Listing

[1 occurrence(s)]
DEBUG --> [CSRF] token name=csrf_test_name hash=d734223683f374eb2e2b97f4909f20c2

[1 occurrence(s)]
DEBUG --> [REQ_ID=3915397d2d51] [REQUEST][END]

[1 occurrence(s)]
DEBUG --> [REQ_ID=88c9f47ad5cf] [REQUEST][START] GET /index.php/login

[1 occurrence(s)]
DEBUG --> [REQ_ID=88c9f47ad5cf] [FILTER_BEFORE] /index.php/login

[1 occurrence(s)]
DEBUG --> [REQ_ID=88c9f47ad5cf] [ROUTE] Controller=\App\Controllers\AuthController Method=login

[1 occurrence(s)]
DEBUG --> [REQ_ID=88c9f47ad5cf] [LIFECYCLE][START] GET https://www.mymiwallet.com/index.php/login

[1 occurrence(s)]
DEBUG --> [CSRF] token name=csrf_test_name hash=a5a98664ba6ef5b816573cfc35a768bd

[1 occurrence(s)]
DEBUG --> [REQ_ID=5618ee6b3b0a] [INIT] App\Controllers\AuthController::GET

[1 occurrence(s)]
DEBUG --> [REQ_ID=88c9f47ad5cf] [FILTER_AFTER]

[1 occurrence(s)]
DEBUG --> [REQ_ID=88c9f47ad5cf] [LIFECYCLE][END] status=200 duration_ms=19.22 memory_delta=0

[1 occurrence(s)]
DEBUG --> [REQ_ID=88c9f47ad5cf] [REQUEST][END]

[1 occurrence(s)]
DEBUG --> [REQ_ID=3012f97bda2c] [REQUEST][START] GET /index.php/Account/Notifications

[1 occurrence(s)]
DEBUG --> [REQ_ID=3012f97bda2c] [FILTER_BEFORE] /index.php/Account/Notifications

[1 occurrence(s)]
DEBUG --> [REQ_ID=3012f97bda2c] [ROUTE] Controller=\App\Modules\User\Controllers\DashboardController Method=notifications

[1 occurrence(s)]
DEBUG --> [REQ_ID=3012f97bda2c] [LIFECYCLE][START] GET https://www.mymiwallet.com/index.php/Account/Notifications

[1 occurrence(s)]
DEBUG --> [CSRF] token name=csrf_test_name hash=e22a51e2e284ae1215a9bf6d3612f66d

[1 occurrence(s)]
DEBUG --> [REQ_ID=3012f97bda2c] [REQUEST][END]

[1 occurrence(s)]
DEBUG --> [REQ_ID=871407510880] [REQUEST][START] GET /index.php/login

[1 occurrence(s)]
DEBUG --> [REQ_ID=871407510880] [FILTER_BEFORE] /index.php/login

[1 occurrence(s)]
DEBUG --> [REQ_ID=871407510880] [ROUTE] Controller=\App\Controllers\AuthController Method=login

[1 occurrence(s)]
DEBUG --> [REQ_ID=871407510880] [LIFECYCLE][START] GET https://www.mymiwallet.com/index.php/login

[1 occurrence(s)]
DEBUG --> [CSRF] token name=csrf_test_name hash=8309b90357b62d69bf4d7dbc80ca491b

[1 occurrence(s)]
DEBUG --> [REQ_ID=9355f9e05d87] [INIT] App\Controllers\AuthController::GET

[1 occurrence(s)]
DEBUG --> [REQ_ID=871407510880] [FILTER_AFTER]

[1 occurrence(s)]
DEBUG --> [REQ_ID=871407510880] [LIFECYCLE][END] status=200 duration_ms=15.41 memory_delta=0

[1 occurrence(s)]
DEBUG --> [REQ_ID=871407510880] [REQUEST][END]

[1 occurrence(s)]
DEBUG --> [REQ_ID=7eaff8d4d178] [REQUEST][START] GET /index.php/Management/Budgets

[1 occurrence(s)]
DEBUG --> [REQ_ID=7eaff8d4d178] [FILTER_BEFORE] /index.php/Management/Budgets

[1 occurrence(s)]
DEBUG --> [REQ_ID=7eaff8d4d178] [ROUTE] Controller=\App\Modules\Management\Controllers\BudgetsAdminController Method=index

[1 occurrence(s)]
DEBUG --> [REQ_ID=7eaff8d4d178] [LIFECYCLE][START] GET https://www.mymiwallet.com/index.php/Management/Budgets

[1 occurrence(s)]
DEBUG --> [CSRF] token name=csrf_test_name hash=781a6a1254bed96baeb3215b576c129f

[1 occurrence(s)]
DEBUG --> [REQ_ID=7eaff8d4d178] [REQUEST][END]

[1 occurrence(s)]
DEBUG --> [REQ_ID=d22f43309804] [REQUEST][START] GET /index.php/logout

[1 occurrence(s)]
DEBUG --> [REQ_ID=d22f43309804] [FILTER_BEFORE] /index.php/logout

[1 occurrence(s)]
DEBUG --> [REQ_ID=d22f43309804] [ROUTE] Controller=\App\Controllers\AuthController Method=logout

[1 occurrence(s)]
DEBUG --> [REQ_ID=d22f43309804] [LIFECYCLE][START] GET https://www.mymiwallet.com/index.php/logout

[1 occurrence(s)]
DEBUG --> [CSRF] token name=csrf_test_name hash=453bed5850c6582c72f813b1c6a03f15

[1 occurrence(s)]
DEBUG --> [REQ_ID=d22f43309804] [REQUEST][END]

[1 occurrence(s)]
DEBUG --> [REQ_ID=6e1406144334] [REQUEST][START] GET /index.php/login

[1 occurrence(s)]
DEBUG --> [REQ_ID=6e1406144334] [FILTER_BEFORE] /index.php/login

[1 occurrence(s)]
DEBUG --> [REQ_ID=6e1406144334] [ROUTE] Controller=\App\Controllers\AuthController Method=login

[1 occurrence(s)]
DEBUG --> [REQ_ID=6e1406144334] [LIFECYCLE][START] GET https://www.mymiwallet.com/index.php/login

[1 occurrence(s)]
DEBUG --> [CSRF] token name=csrf_test_name hash=98417bae5c040e51b0076cf8c7a6bc27

[1 occurrence(s)]
DEBUG --> [REQ_ID=f1fbee88b7e7] [INIT] App\Controllers\AuthController::GET

[1 occurrence(s)]
DEBUG --> [REQ_ID=6e1406144334] [FILTER_AFTER]

[1 occurrence(s)]
DEBUG --> [REQ_ID=6e1406144334] [LIFECYCLE][END] status=200 duration_ms=15.77 memory_delta=0

[1 occurrence(s)]
DEBUG --> [REQ_ID=6e1406144334] [REQUEST][END]

[1 occurrence(s)]
DEBUG --> [REQ_ID=b592df7f1638] [REQUEST][START] GET /index.php/login

[1 occurrence(s)]
DEBUG --> [REQ_ID=b592df7f1638] [FILTER_BEFORE] /index.php/login

[1 occurrence(s)]
DEBUG --> [REQ_ID=b592df7f1638] [ROUTE] Controller=\App\Controllers\AuthController Method=login

[1 occurrence(s)]
DEBUG --> [REQ_ID=b592df7f1638] [LIFECYCLE][START] GET https://www.mymiwallet.com/index.php/login

[1 occurrence(s)]
DEBUG --> [CSRF] token name=csrf_test_name hash=6ae22fb36288bc3eef7fffb17bb1de3a

[1 occurrence(s)]
DEBUG --> [REQ_ID=8ee1f54a19ce] [INIT] App\Controllers\AuthController::GET

[1 occurrence(s)]
DEBUG --> [REQ_ID=b592df7f1638] [FILTER_AFTER]

[1 occurrence(s)]
DEBUG --> [REQ_ID=b592df7f1638] [LIFECYCLE][END] status=200 duration_ms=15.07 memory_delta=0

[1 occurrence(s)]
DEBUG --> [REQ_ID=b592df7f1638] [REQUEST][END]

[1 occurrence(s)]
DEBUG --> [REQ_ID=c270dd6e2299] [REQUEST][START] GET /index.php/Projects

[1 occurrence(s)]
DEBUG --> [REQ_ID=c270dd6e2299] [FILTER_BEFORE] /index.php/Projects

[1 occurrence(s)]
DEBUG --> [REQ_ID=02c98b0ec7a2] [REQUEST][START] GET /index.php/Management/Marketing/Content/Generator

[1 occurrence(s)]
DEBUG --> [REQ_ID=c270dd6e2299] [ROUTE] Controller=\App\Modules\User\Controllers\ProjectsController Method=index

[1 occurrence(s)]
DEBUG --> [REQ_ID=c270dd6e2299] [LIFECYCLE][START] GET https://www.mymiwallet.com/index.php/Projects

[1 occurrence(s)]
DEBUG --> [CSRF] token name=csrf_test_name hash=2cb776b720651c5c9eba127126f8b32e

[1 occurrence(s)]
DEBUG --> [REQ_ID=c270dd6e2299] [REQUEST][END]

[1 occurrence(s)]
DEBUG --> [REQ_ID=02c98b0ec7a2] [FILTER_BEFORE] /index.php/Management/Marketing/Content/Generator

[1 occurrence(s)]
DEBUG --> [REQ_ID=02c98b0ec7a2] [ROUTE] Controller=\App\Modules\Management\Controllers\MarketingAdminController Method=contentGenerator

[1 occurrence(s)]
DEBUG --> [REQ_ID=02c98b0ec7a2] [LIFECYCLE][START] GET https://www.mymiwallet.com/index.php/Management/Marketing/Content/Generator

[1 occurrence(s)]
DEBUG --> [CSRF] token name=csrf_test_name hash=cc62900e536963000dc63452949be1ce

[1 occurrence(s)]
DEBUG --> [REQ_ID=02c98b0ec7a2] [REQUEST][END]

[1 occurrence(s)]
DEBUG --> [REQ_ID=480811f05984] [REQUEST][START] GET /index.php/login

[1 occurrence(s)]
DEBUG --> [REQ_ID=148dd81f240b] [REQUEST][START] GET /index.php/login

[1 occurrence(s)]
DEBUG --> [REQ_ID=480811f05984] [FILTER_BEFORE] /index.php/login

[1 occurrence(s)]
DEBUG --> [REQ_ID=480811f05984] [ROUTE] Controller=\App\Controllers\AuthController Method=login

[1 occurrence(s)]
DEBUG --> [REQ_ID=480811f05984] [LIFECYCLE][START] GET https://www.mymiwallet.com/index.php/login

[1 occurrence(s)]
DEBUG --> [CSRF] token name=csrf_test_name hash=9d348fd515c1588a719d0c5ec2cbd9ae

[1 occurrence(s)]
DEBUG --> [REQ_ID=314ef558602a] [INIT] App\Controllers\AuthController::GET

[1 occurrence(s)]
DEBUG --> [REQ_ID=148dd81f240b] [FILTER_BEFORE] /index.php/login

[1 occurrence(s)]
DEBUG --> [REQ_ID=148dd81f240b] [ROUTE] Controller=\App\Controllers\AuthController Method=login

[1 occurrence(s)]
DEBUG --> [REQ_ID=148dd81f240b] [LIFECYCLE][START] GET https://www.mymiwallet.com/index.php/login

[1 occurrence(s)]
DEBUG --> [CSRF] token name=csrf_test_name hash=fad7350e4579a013191158c10192a0ec

[1 occurrence(s)]
DEBUG --> [REQ_ID=71db03f5862c] [INIT] App\Controllers\AuthController::GET

[1 occurrence(s)]
DEBUG --> [REQ_ID=148dd81f240b] [FILTER_AFTER]

[1 occurrence(s)]
DEBUG --> [REQ_ID=148dd81f240b] [LIFECYCLE][END] status=200 duration_ms=13.02 memory_delta=0

[1 occurrence(s)]
DEBUG --> [REQ_ID=148dd81f240b] [REQUEST][END]

[1 occurrence(s)]
DEBUG --> [REQ_ID=480811f05984] [FILTER_AFTER]

[1 occurrence(s)]
DEBUG --> [REQ_ID=480811f05984] [LIFECYCLE][END] status=200 duration_ms=19.58 memory_delta=0

[1 occurrence(s)]
DEBUG --> [REQ_ID=480811f05984] [REQUEST][END]

[1 occurrence(s)]
DEBUG --> [REQ_ID=311c102dc6e3] [REQUEST][START] GET /index.php/Management/Marketing/Ideas

[1 occurrence(s)]
DEBUG --> [REQ_ID=311c102dc6e3] [FILTER_BEFORE] /index.php/Management/Marketing/Ideas

[1 occurrence(s)]
DEBUG --> [REQ_ID=311c102dc6e3] [ROUTE] Controller=\App\Modules\Management\Controllers\MarketingAdminController Method=ideas

[1 occurrence(s)]
DEBUG --> [REQ_ID=311c102dc6e3] [LIFECYCLE][START] GET https://www.mymiwallet.com/index.php/Management/Marketing/Ideas

[1 occurrence(s)]
DEBUG --> [CSRF] token name=csrf_test_name hash=10bc7937ec4b664de69f365e3db8b675

[1 occurrence(s)]
DEBUG --> [REQ_ID=311c102dc6e3] [REQUEST][END]

[1 occurrence(s)]
DEBUG --> [REQ_ID=7688d8bf48c2] [REQUEST][START] GET /index.php/activate

[1 occurrence(s)]
DEBUG --> [REQ_ID=2bdeee638337] [REQUEST][START] GET /index.php/login

[1 occurrence(s)]
DEBUG --> [REQ_ID=7688d8bf48c2] [FILTER_BEFORE] /index.php/activate

[1 occurrence(s)]
DEBUG --> [REQ_ID=7688d8bf48c2] [ROUTE] Controller=\App\Controllers\AuthController Method=activateAccount

[1 occurrence(s)]
DEBUG --> [REQ_ID=7688d8bf48c2] [LIFECYCLE][START] GET https://www.mymiwallet.com/index.php/activate

[1 occurrence(s)]
DEBUG --> [CSRF] token name=csrf_test_name hash=77cc10c50b85742211c6bd2fe353184f

[1 occurrence(s)]
DEBUG --> [REQ_ID=db6cf95526db] [INIT] App\Controllers\AuthController::GET

[1 occurrence(s)]
DEBUG --> [REQ_ID=2bdeee638337] [FILTER_BEFORE] /index.php/login

[1 occurrence(s)]
DEBUG --> [REQ_ID=2bdeee638337] [ROUTE] Controller=\App\Controllers\AuthController Method=login

[1 occurrence(s)]
DEBUG --> [REQ_ID=2bdeee638337] [LIFECYCLE][START] GET https://www.mymiwallet.com/index.php/login

[1 occurrence(s)]
DEBUG --> [CSRF] token name=csrf_test_name hash=43b75a6d7bd86f7c5b63e2cf22de5196

[1 occurrence(s)]
DEBUG --> [REQ_ID=e6e994ef8398] [INIT] App\Controllers\AuthController::GET

[1 occurrence(s)]
DEBUG --> [REQ_ID=2bdeee638337] [FILTER_AFTER]

[1 occurrence(s)]
DEBUG --> [REQ_ID=2bdeee638337] [LIFECYCLE][END] status=200 duration_ms=15.61 memory_delta=0

[1 occurrence(s)]
DEBUG --> [REQ_ID=2bdeee638337] [REQUEST][END]

[1 occurrence(s)]
DEBUG --> [REQ_ID=7688d8bf48c2] [FILTER_AFTER]

[1 occurrence(s)]
DEBUG --> [REQ_ID=7688d8bf48c2] [LIFECYCLE][END] status=302 duration_ms=36.80 memory_delta=0

[1 occurrence(s)]
DEBUG --> [REQ_ID=7688d8bf48c2] [REQUEST][END]

[1 occurrence(s)]
DEBUG --> [REQ_ID=84f883de7068] [REQUEST][START] GET /index.php/Support/Account

[1 occurrence(s)]
DEBUG --> [REQ_ID=84f883de7068] [FILTER_BEFORE] /index.php/Support/Account

[1 occurrence(s)]
DEBUG --> [REQ_ID=84f883de7068] [ROUTE] Controller=\App\Modules\Support\Controllers\AccountSupportController Method=index

[1 occurrence(s)]
DEBUG --> [REQ_ID=84f883de7068] [LIFECYCLE][START] GET https://www.mymiwallet.com/index.php/Support/Account

[1 occurrence(s)]
DEBUG --> [CSRF] token name=csrf_test_name hash=f0ca9eab3124f6352bed7339feff5c6b

[1 occurrence(s)]
DEBUG --> [REQ_ID=6f6e02b2ea39] [INIT] App\Modules\Support\Controllers\AccountSupportController::GET

[1 occurrence(s)]
DEBUG --> [REQ_ID=6f6e02b2ea39] [METHOD_ENTRY] index

[1 occurrence(s)]
DEBUG --> [REQ_ID=6f6e02b2ea39] [VIEW_RENDER] SupportModule/Support/account_help

[1 occurrence(s)]
DEBUG --> [REQ_ID=84f883de7068] [FILTER_AFTER]

[1 occurrence(s)]
DEBUG --> [REQ_ID=84f883de7068] [LIFECYCLE][END] status=200 duration_ms=29.92 memory_delta=0

[1 occurrence(s)]
DEBUG --> [REQ_ID=84f883de7068] [REQUEST][END]

[1 occurrence(s)]
DEBUG --> [REQ_ID=d4915046be43] [REQUEST][START] GET /index.php/forgot

[1 occurrence(s)]
DEBUG --> [REQ_ID=d4915046be43] [FILTER_BEFORE] /index.php/forgot

[1 occurrence(s)]
DEBUG --> [REQ_ID=d4915046be43] [ROUTE] Controller=\Myth\Auth\Controllers\AuthController Method=forgotPassword

[1 occurrence(s)]
DEBUG --> [REQ_ID=d4915046be43] [LIFECYCLE][START] GET https://www.mymiwallet.com/index.php/forgot

[1 occurrence(s)]
DEBUG --> [CSRF] token name=csrf_test_name hash=5896ffa093ce35f7ff92a1499ecc0613

[1 occurrence(s)]
DEBUG --> [REQ_ID=d4915046be43] [FILTER_AFTER]

[1 occurrence(s)]
DEBUG --> [REQ_ID=d4915046be43] [LIFECYCLE][END] status=200 duration_ms=2.84 memory_delta=0

[1 occurrence(s)]
DEBUG --> [REQ_ID=d4915046be43] [REQUEST][END]

[1 occurrence(s)]
DEBUG --> [REQ_ID=b7f6fde75010] [REQUEST][START] GET /index.php/Account/Connected-Accounts

[1 occurrence(s)]
DEBUG --> [REQ_ID=b7f6fde75010] [FILTER_BEFORE] /index.php/Account/Connected-Accounts

[1 occurrence(s)]
DEBUG --> [REQ_ID=b7f6fde75010] [ROUTE] Controller=\App\Modules\User\Controllers\DashboardController Method=connectedAccounts

[1 occurrence(s)]
DEBUG --> [REQ_ID=b7f6fde75010] [LIFECYCLE][START] GET https://www.mymiwallet.com/index.php/Account/Connected-Accounts

[1 occurrence(s)]
DEBUG --> [CSRF] token name=csrf_test_name hash=adc043ff5213667f2df1621c9971777f

[1 occurrence(s)]
DEBUG --> [REQ_ID=b7f6fde75010] [REQUEST][END]

[1 occurrence(s)]
DEBUG --> [REQ_ID=6a0419d14f64] [REQUEST][START] GET /index.php/login

[1 occurrence(s)]
DEBUG --> [REQ_ID=6a0419d14f64] [FILTER_BEFORE] /index.php/login

[1 occurrence(s)]
DEBUG --> [REQ_ID=6a0419d14f64] [ROUTE] Controller=\App\Controllers\AuthController Method=login

[1 occurrence(s)]
DEBUG --> [REQ_ID=6a0419d14f64] [LIFECYCLE][START] GET https://www.mymiwallet.com/index.php/login

[1 occurrence(s)]
DEBUG --> [CSRF] token name=csrf_test_name hash=3355288052a27e078414fb68b61f7083

[1 occurrence(s)]
DEBUG --> [REQ_ID=83231cc0bbac] [INIT] App\Controllers\AuthController::GET

[1 occurrence(s)]
DEBUG --> [REQ_ID=6a0419d14f64] [FILTER_AFTER]

[1 occurrence(s)]
DEBUG --> [REQ_ID=6a0419d14f64] [LIFECYCLE][END] status=200 duration_ms=18.90 memory_delta=0

[1 occurrence(s)]
DEBUG --> [REQ_ID=6a0419d14f64] [REQUEST][END]

[1 occurrence(s)]
DEBUG --> [REQ_ID=e32585d7d0dd] [REQUEST][START] GET /index.php/Management/Exchange

[1 occurrence(s)]
DEBUG --> [REQ_ID=e32585d7d0dd] [FILTER_BEFORE] /index.php/Management/Exchange

[1 occurrence(s)]
DEBUG --> [REQ_ID=e32585d7d0dd] [ROUTE] Controller=\App\Modules\Management\Controllers\ExchangeAdminController Method=index

[1 occurrence(s)]
DEBUG --> [REQ_ID=e32585d7d0dd] [LIFECYCLE][START] GET https://www.mymiwallet.com/index.php/Management/Exchange

[1 occurrence(s)]
DEBUG --> [CSRF] token name=csrf_test_name hash=725b1f6e928ed12208dfb2084d4ea203

[1 occurrence(s)]
DEBUG --> [REQ_ID=e32585d7d0dd] [REQUEST][END]

[1 occurrence(s)]
DEBUG --> [REQ_ID=cebbfc567be6] [REQUEST][START] GET /index.php/login

[1 occurrence(s)]
DEBUG --> [REQ_ID=cebbfc567be6] [FILTER_BEFORE] /index.php/login

[1 occurrence(s)]
DEBUG --> [REQ_ID=cebbfc567be6] [ROUTE] Controller=\App\Controllers\AuthController Method=login

[1 occurrence(s)]
DEBUG --> [REQ_ID=cebbfc567be6] [LIFECYCLE][START] GET https://www.mymiwallet.com/index.php/login

[1 occurrence(s)]
DEBUG --> [CSRF] token name=csrf_test_name hash=5497a22f593993fde11cb255635decd0

[1 occurrence(s)]
DEBUG --> [REQ_ID=7c3e9a0883cf] [INIT] App\Controllers\AuthController::GET

[1 occurrence(s)]
DEBUG --> [REQ_ID=cebbfc567be6] [FILTER_AFTER]

[1 occurrence(s)]
DEBUG --> [REQ_ID=cebbfc567be6] [LIFECYCLE][END] status=200 duration_ms=18.29 memory_delta=0

[1 occurrence(s)]
DEBUG --> [REQ_ID=cebbfc567be6] [REQUEST][END]

[1 occurrence(s)]
DEBUG --> [REQ_ID=61bac6567d3e] [REQUEST][START] GET /index.php/Management/API

[1 occurrence(s)]
DEBUG --> [REQ_ID=0358c75b734a] [REQUEST][START] GET /index.php/Management/Admin

[1 occurrence(s)]
DEBUG --> [REQ_ID=0358c75b734a] [FILTER_BEFORE] /index.php/Management/Admin

[1 occurrence(s)]
DEBUG --> [REQ_ID=0358c75b734a] [ROUTE] Controller=\App\Modules\Management\Controllers\AdminController Method=index

[1 occurrence(s)]
DEBUG --> [REQ_ID=0358c75b734a] [LIFECYCLE][START] GET https://www.mymiwallet.com/index.php/Management/Admin

[1 occurrence(s)]
DEBUG --> [CSRF] token name=csrf_test_name hash=0a37e8216d7c4c457fa597463dc00448

[1 occurrence(s)]
DEBUG --> [REQ_ID=0358c75b734a] [REQUEST][END]

[1 occurrence(s)]
DEBUG --> [REQ_ID=395374cb7d73] [REQUEST][START] GET /index.php/login

[1 occurrence(s)]
DEBUG --> [REQ_ID=395374cb7d73] [FILTER_BEFORE] /index.php/login

[1 occurrence(s)]
DEBUG --> [REQ_ID=395374cb7d73] [ROUTE] Controller=\App\Controllers\AuthController Method=login

[1 occurrence(s)]
DEBUG --> [REQ_ID=395374cb7d73] [LIFECYCLE][START] GET https://www.mymiwallet.com/index.php/login

[1 occurrence(s)]
DEBUG --> [CSRF] token name=csrf_test_name hash=fef3eb7ec79eacd33853c63d8adfaa19

[1 occurrence(s)]
DEBUG --> [REQ_ID=4414bb3e1d37] [INIT] App\Controllers\AuthController::GET

[1 occurrence(s)]
DEBUG --> [REQ_ID=395374cb7d73] [FILTER_AFTER]

[1 occurrence(s)]
DEBUG --> [REQ_ID=395374cb7d73] [LIFECYCLE][END] status=200 duration_ms=15.49 memory_delta=0

[1 occurrence(s)]
DEBUG --> [REQ_ID=395374cb7d73] [REQUEST][END]

[1 occurrence(s)]
DEBUG --> [REQ_ID=4d92ddb71e99] [REQUEST][START] GET /index.php/Marketplace

[1 occurrence(s)]
DEBUG --> [REQ_ID=4d92ddb71e99] [FILTER_BEFORE] /index.php/Marketplace

[1 occurrence(s)]
DEBUG --> [REQ_ID=4d92ddb71e99] [ROUTE] Controller=\App\Modules\ScriptStudio\Controllers\ScriptStudioController Method=marketplace

[1 occurrence(s)]
DEBUG --> [REQ_ID=4d92ddb71e99] [LIFECYCLE][START] GET https://www.mymiwallet.com/index.php/Marketplace

[1 occurrence(s)]
DEBUG --> [CSRF] token name=csrf_test_name hash=acf8e6558060feb18b55717c76e5c16d

[1 occurrence(s)]
DEBUG --> [REQ_ID=4d92ddb71e99] [REQUEST][END]

[1 occurrence(s)]
DEBUG --> [REQ_ID=6c2b0e086368] [REQUEST][START] GET /index.php/login

[1 occurrence(s)]
DEBUG --> [REQ_ID=6c2b0e086368] [FILTER_BEFORE] /index.php/login

[1 occurrence(s)]
DEBUG --> [REQ_ID=6c2b0e086368] [ROUTE] Controller=\App\Controllers\AuthController Method=login

[1 occurrence(s)]
DEBUG --> [REQ_ID=6c2b0e086368] [LIFECYCLE][START] GET https://www.mymiwallet.com/index.php/login

[1 occurrence(s)]
DEBUG --> [CSRF] token name=csrf_test_name hash=15fdfba1503c100d8d20059c1a522b05

[1 occurrence(s)]
DEBUG --> [REQ_ID=30b909999385] [INIT] App\Controllers\AuthController::GET

[1 occurrence(s)]
DEBUG --> [REQ_ID=6c2b0e086368] [FILTER_AFTER]

[1 occurrence(s)]
DEBUG --> [REQ_ID=6c2b0e086368] [LIFECYCLE][END] status=200 duration_ms=15.67 memory_delta=0

[1 occurrence(s)]
DEBUG --> [REQ_ID=6c2b0e086368] [REQUEST][END]

[1 occurrence(s)]
DEBUG --> [REQ_ID=65fc6f7e3141] [REQUEST][START] GET /index.php/Assets

[1 occurrence(s)]
DEBUG --> [REQ_ID=65fc6f7e3141] [FILTER_BEFORE] /index.php/Assets

[1 occurrence(s)]
DEBUG --> [REQ_ID=65fc6f7e3141] [ROUTE] Controller=\App\Modules\Management\Controllers\AssetsController Method=index

[1 occurrence(s)]
DEBUG --> [REQ_ID=65fc6f7e3141] [LIFECYCLE][START] GET https://www.mymiwallet.com/index.php/Assets

[1 occurrence(s)]
DEBUG --> [CSRF] token name=csrf_test_name hash=48c81111675b55fd947acdafff925d68

[1 occurrence(s)]
DEBUG --> [REQ_ID=65fc6f7e3141] [REQUEST][END]

[1 occurrence(s)]
DEBUG --> [REQ_ID=5e88c6fb3da9] [REQUEST][START] GET /index.php/login

[1 occurrence(s)]
DEBUG --> [REQ_ID=5e88c6fb3da9] [FILTER_BEFORE] /index.php/login

[1 occurrence(s)]
DEBUG --> [REQ_ID=5e88c6fb3da9] [ROUTE] Controller=\App\Controllers\AuthController Method=login

[1 occurrence(s)]
DEBUG --> [REQ_ID=5e88c6fb3da9] [LIFECYCLE][START] GET https://www.mymiwallet.com/index.php/login

[1 occurrence(s)]
DEBUG --> [CSRF] token name=csrf_test_name hash=9aaeb0a504f2158b303c046fcc032c3b

[1 occurrence(s)]
DEBUG --> [REQ_ID=d81ed2e22443] [INIT] App\Controllers\AuthController::GET

[1 occurrence(s)]
DEBUG --> [REQ_ID=5e88c6fb3da9] [FILTER_AFTER]

[1 occurrence(s)]
DEBUG --> [REQ_ID=5e88c6fb3da9] [LIFECYCLE][END] status=200 duration_ms=27.66 memory_delta=0

[1 occurrence(s)]
DEBUG --> [REQ_ID=5e88c6fb3da9] [REQUEST][END]

[1 occurrence(s)]
DEBUG --> [REQ_ID=4288365f91cf] [REQUEST][START] GET /index.php/Management/Marketing/Campaigns

[1 occurrence(s)]
DEBUG --> [REQ_ID=4288365f91cf] [FILTER_BEFORE] /index.php/Management/Marketing/Campaigns

[1 occurrence(s)]
DEBUG --> [REQ_ID=4288365f91cf] [ROUTE] Controller=\App\Modules\Management\Controllers\MarketingAdminController Method=campaigns

[1 occurrence(s)]
DEBUG --> [REQ_ID=4288365f91cf] [LIFECYCLE][START] GET https://www.mymiwallet.com/index.php/Management/Marketing/Campaigns

[1 occurrence(s)]
DEBUG --> [CSRF] token name=csrf_test_name hash=943eeabaecf4587f5f91e3604336528c

[1 occurrence(s)]
DEBUG --> [REQ_ID=4288365f91cf] [REQUEST][END]

[1 occurrence(s)]
DEBUG --> [REQ_ID=5bd9fc77101c] [REQUEST][START] GET /index.php/login

[1 occurrence(s)]
DEBUG --> [REQ_ID=5bd9fc77101c] [FILTER_BEFORE] /index.php/login

[1 occurrence(s)]
DEBUG --> [REQ_ID=5bd9fc77101c] [ROUTE] Controller=\App\Controllers\AuthController Method=login

[1 occurrence(s)]
DEBUG --> [REQ_ID=5bd9fc77101c] [LIFECYCLE][START] GET https://www.mymiwallet.com/index.php/login

[1 occurrence(s)]
DEBUG --> [CSRF] token name=csrf_test_name hash=87326dfc52588538c42e3490f03abeb9

[1 occurrence(s)]
DEBUG --> [REQ_ID=bb095772fe21] [INIT] App\Controllers\AuthController::GET

[1 occurrence(s)]
DEBUG --> [REQ_ID=5bd9fc77101c] [FILTER_AFTER]

[1 occurrence(s)]
DEBUG --> [REQ_ID=5bd9fc77101c] [LIFECYCLE][END] status=200 duration_ms=17.03 memory_delta=0

[1 occurrence(s)]
DEBUG --> [REQ_ID=5bd9fc77101c] [REQUEST][END]

[1 occurrence(s)]
DEBUG --> [REQ_ID=d5095de33db4] [REQUEST][START] GET /index.php/Budget

[1 occurrence(s)]
DEBUG --> [REQ_ID=d5095de33db4] [FILTER_BEFORE] /index.php/Budget

[1 occurrence(s)]
DEBUG --> [REQ_ID=d5095de33db4] [ROUTE] Controller=\App\Modules\User\Controllers\BudgetController Method=index

[1 occurrence(s)]
DEBUG --> [REQ_ID=d5095de33db4] [LIFECYCLE][START] GET https://www.mymiwallet.com/index.php/Budget

[1 occurrence(s)]
DEBUG --> [CSRF] token name=csrf_test_name hash=586d06c6d8235adcf3de9a9dd6069400

[1 occurrence(s)]
DEBUG --> [REQ_ID=d5095de33db4] [REQUEST][END]

[1 occurrence(s)]
DEBUG --> [REQ_ID=9c39a22ba025] [REQUEST][START] GET /index.php/login

[1 occurrence(s)]
DEBUG --> [REQ_ID=9c39a22ba025] [FILTER_BEFORE] /index.php/login

[1 occurrence(s)]
DEBUG --> [REQ_ID=9c39a22ba025] [ROUTE] Controller=\App\Controllers\AuthController Method=login

[1 occurrence(s)]
DEBUG --> [REQ_ID=9c39a22ba025] [LIFECYCLE][START] GET https://www.mymiwallet.com/index.php/login

[1 occurrence(s)]
DEBUG --> [CSRF] token name=csrf_test_name hash=9f4cc6b43881e0bc09eec78a8d66d27f

[1 occurrence(s)]
DEBUG --> [REQ_ID=9fac142203e3] [INIT] App\Controllers\AuthController::GET

[1 occurrence(s)]
DEBUG --> [REQ_ID=9c39a22ba025] [FILTER_AFTER]

[1 occurrence(s)]
DEBUG --> [REQ_ID=9c39a22ba025] [LIFECYCLE][END] status=200 duration_ms=12.99 memory_delta=0

[1 occurrence(s)]
DEBUG --> [REQ_ID=9c39a22ba025] [REQUEST][END]

[1 occurrence(s)]
DEBUG --> [REQ_ID=a87bc4d67df9] [REQUEST][START] GET /index.php/Management/Marketing

[1 occurrence(s)]
DEBUG --> [REQ_ID=a87bc4d67df9] [FILTER_BEFORE] /index.php/Management/Marketing

[1 occurrence(s)]
DEBUG --> [REQ_ID=a87bc4d67df9] [ROUTE] Controller=\App\Modules\Management\Controllers\MarketingAdminController Method=index

[1 occurrence(s)]
DEBUG --> [REQ_ID=a87bc4d67df9] [LIFECYCLE][START] GET https://www.mymiwallet.com/index.php/Management/Marketing

[1 occurrence(s)]
DEBUG --> [CSRF] token name=csrf_test_name hash=c584541961a7d52c000e7677bc75179b

[1 occurrence(s)]
DEBUG --> [REQ_ID=a87bc4d67df9] [REQUEST][END]

[1 occurrence(s)]
DEBUG --> [REQ_ID=673beb3da3d5] [REQUEST][START] GET /index.php/login

[1 occurrence(s)]
DEBUG --> [REQ_ID=673beb3da3d5] [FILTER_BEFORE] /index.php/login

[1 occurrence(s)]
DEBUG --> [REQ_ID=673beb3da3d5] [ROUTE] Controller=\App\Controllers\AuthController Method=login

[1 occurrence(s)]
DEBUG --> [REQ_ID=673beb3da3d5] [LIFECYCLE][START] GET https://www.mymiwallet.com/index.php/login

[1 occurrence(s)]
DEBUG --> [CSRF] token name=csrf_test_name hash=8f9e9b8870b3210bb42fe233f07d1ab0

[1 occurrence(s)]
DEBUG --> [REQ_ID=b06aceafa827] [INIT] App\Controllers\AuthController::GET

[1 occurrence(s)]
DEBUG --> [REQ_ID=673beb3da3d5] [FILTER_AFTER]

[1 occurrence(s)]
DEBUG --> [REQ_ID=673beb3da3d5] [LIFECYCLE][END] status=200 duration_ms=14.88 memory_delta=0

[1 occurrence(s)]
DEBUG --> [REQ_ID=673beb3da3d5] [REQUEST][END]

[1 occurrence(s)]
DEBUG --> [REQ_ID=40bae2df8fdd] [REQUEST][START] GET /

[1 occurrence(s)]
DEBUG --> [REQ_ID=40bae2df8fdd] [FILTER_BEFORE] /

[1 occurrence(s)]
DEBUG --> [REQ_ID=40bae2df8fdd] [ROUTE] Controller=\App\Controllers\Home Method=index

[1 occurrence(s)]
DEBUG --> [REQ_ID=40bae2df8fdd] [LIFECYCLE][START] GET https://www.mymiwallet.com/index.php/

[1 occurrence(s)]
DEBUG --> [CSRF] token name=csrf_test_name hash=4ac3b48d82239b58ff1ecad394daed8e

[1 occurrence(s)]
DEBUG --> [REQ_ID=b33314059398] [INIT] App\Controllers\Home::GET

[1 occurrence(s)]
DEBUG --> [REQ_ID=b33314059398] [VIEW_RENDER] themes/public/home

[1 occurrence(s)]
DEBUG --> [REQ_ID=40bae2df8fdd] [FILTER_AFTER]

[1 occurrence(s)]
DEBUG --> [REQ_ID=40bae2df8fdd] [LIFECYCLE][END] status=200 duration_ms=500.69 memory_delta=4194304

[1 occurrence(s)]
DEBUG --> [REQ_ID=40bae2df8fdd] [REQUEST][END]

[1 occurrence(s)]
DEBUG --> [REQ_ID=37ac65db773f] [REQUEST][START] GET /

[1 occurrence(s)]
DEBUG --> [REQ_ID=37ac65db773f] [FILTER_BEFORE] /

[1 occurrence(s)]
DEBUG --> [REQ_ID=37ac65db773f] [ROUTE] Controller=\App\Controllers\Home Method=index

[1 occurrence(s)]
DEBUG --> [REQ_ID=37ac65db773f] [LIFECYCLE][START] GET https://www.mymiwallet.com/index.php/

[1 occurrence(s)]
DEBUG --> [CSRF] token name=csrf_test_name hash=c6ca6c48f269c9ab86cb52b6ffa95516

[1 occurrence(s)]
DEBUG --> [REQ_ID=1504a62f9c74] [INIT] App\Controllers\Home::GET

[1 occurrence(s)]
DEBUG --> [REQ_ID=022580f2a203] [REQUEST][START] GET /

[1 occurrence(s)]
DEBUG --> [REQ_ID=022580f2a203] [FILTER_BEFORE] /

[1 occurrence(s)]
DEBUG --> [REQ_ID=022580f2a203] [ROUTE] Controller=\App\Controllers\Home Method=index

[1 occurrence(s)]
DEBUG --> [REQ_ID=022580f2a203] [LIFECYCLE][START] GET https://www.mymiwallet.com/index.php/

[1 occurrence(s)]
DEBUG --> [CSRF] token name=csrf_test_name hash=17d3ee3fa29c4cb19fefc00ed9c25cd8

[1 occurrence(s)]
DEBUG --> [REQ_ID=0e046ae4ed47] [INIT] App\Controllers\Home::GET

[1 occurrence(s)]
DEBUG --> [REQ_ID=1504a62f9c74] [VIEW_RENDER] themes/public/home

[1 occurrence(s)]
DEBUG --> [REQ_ID=37ac65db773f] [FILTER_AFTER]

[1 occurrence(s)]
DEBUG --> [REQ_ID=37ac65db773f] [LIFECYCLE][END] status=200 duration_ms=496.89 memory_delta=2097152

[1 occurrence(s)]
DEBUG --> [REQ_ID=37ac65db773f] [REQUEST][END]

[1 occurrence(s)]
DEBUG --> [REQ_ID=0e046ae4ed47] [VIEW_RENDER] themes/public/home

[1 occurrence(s)]
DEBUG --> [REQ_ID=022580f2a203] [FILTER_AFTER]

[1 occurrence(s)]
DEBUG --> [REQ_ID=022580f2a203] [LIFECYCLE][END] status=200 duration_ms=522.13 memory_delta=4194304

[1 occurrence(s)]
DEBUG --> [REQ_ID=022580f2a203] [REQUEST][END]

[1 occurrence(s)]
DEBUG --> [REQ_ID=a3195f7a3066] [REQUEST][START] GET /index.php/Support

[1 occurrence(s)]
DEBUG --> [REQ_ID=a3195f7a3066] [FILTER_BEFORE] /index.php/Support

[1 occurrence(s)]
DEBUG --> [REQ_ID=a3195f7a3066] [ROUTE] Controller=\App\Modules\Support\Controllers\SupportController Method=index

[1 occurrence(s)]
DEBUG --> [REQ_ID=a3195f7a3066] [LIFECYCLE][START] GET https://www.mymiwallet.com/index.php/Support

[1 occurrence(s)]
DEBUG --> [CSRF] token name=csrf_test_name hash=d757c5134c1b11e81d3fcfe31547e009

[1 occurrence(s)]
DEBUG --> [REQ_ID=a6f7ff112a59] [INIT] App\Modules\Support\Controllers\SupportController::GET

[1 occurrence(s)]
DEBUG --> [REQ_ID=a6f7ff112a59] [METHOD_ENTRY] index

[1 occurrence(s)]
DEBUG --> [REQ_ID=a6f7ff112a59] [VIEW_RENDER] SupportModule\Views\Support\index

[1 occurrence(s)]
DEBUG --> [REQ_ID=a3195f7a3066] [FILTER_AFTER]

[1 occurrence(s)]
DEBUG --> [REQ_ID=a3195f7a3066] [LIFECYCLE][END] status=200 duration_ms=101.92 memory_delta=0

[1 occurrence(s)]
DEBUG --> [REQ_ID=a3195f7a3066] [REQUEST][END]

[1 occurrence(s)]
DEBUG --> [REQ_ID=a4f9eef0f5c8] [REQUEST][START] GET /

[1 occurrence(s)]
DEBUG --> [REQ_ID=a4f9eef0f5c8] [FILTER_BEFORE] /

[1 occurrence(s)]
DEBUG --> [REQ_ID=a4f9eef0f5c8] [ROUTE] Controller=\App\Controllers\Home Method=index

[1 occurrence(s)]
DEBUG --> [REQ_ID=a4f9eef0f5c8] [LIFECYCLE][START] GET https://www.mymiwallet.com/index.php/

[1 occurrence(s)]
DEBUG --> [CSRF] token name=csrf_test_name hash=56db25fd550c0cc6e7e47e8ad495aa7e

[1 occurrence(s)]
DEBUG --> [REQ_ID=958e99dad989] [INIT] App\Controllers\Home::GET

[1 occurrence(s)]
DEBUG --> [REQ_ID=958e99dad989] [VIEW_RENDER] themes/public/home

[1 occurrence(s)]
DEBUG --> [REQ_ID=a4f9eef0f5c8] [FILTER_AFTER]

[1 occurrence(s)]
DEBUG --> [REQ_ID=a4f9eef0f5c8] [LIFECYCLE][END] status=200 duration_ms=619.30 memory_delta=4194304

[1 occurrence(s)]
DEBUG --> [REQ_ID=a4f9eef0f5c8] [REQUEST][END]

[1 occurrence(s)]
DEBUG --> [REQ_ID=2ea5cf5ffde8] [REQUEST][START] GET /index.php/API/Management/Run-CRON-Tasks

[1 occurrence(s)]
DEBUG --> [REQ_ID=2ea5cf5ffde8] [FILTER_BEFORE] /index.php/API/Management/Run-CRON-Tasks

[1 occurrence(s)]
DEBUG --> [REQ_ID=2ea5cf5ffde8] [ROUTE] Controller=\App\Modules\Management\Controllers\ManagementAPIController Method=Run_CRON_Tasks

[1 occurrence(s)]
DEBUG --> [REQ_ID=2ea5cf5ffde8] [LIFECYCLE][START] GET https://www.mymiwallet.com/index.php/API/Management/Run-CRON-Tasks

[1 occurrence(s)]
DEBUG --> [REQ_ID=2ea5cf5ffde8] [REQUEST][END]

[1 occurrence(s)]
DEBUG --> LOG_HEALTHCHECK debug marker=dfd69b713730

[1 occurrence(s)]
DEBUG --> [REQ_ID=e8450593b9d8] [REQUEST][START] GET /index.php/Wallets/Purchase/Memberships/Premium

[1 occurrence(s)]
DEBUG --> [REQ_ID=e8450593b9d8] [FILTER_BEFORE] /index.php/Wallets/Purchase/Memberships/Premium

[1 occurrence(s)]
DEBUG --> [REQ_ID=e8450593b9d8] [ROUTE] Controller=\App\Modules\User\Controllers\WalletsController Method=purchase

[1 occurrence(s)]
DEBUG --> [REQ_ID=e8450593b9d8] [LIFECYCLE][START] GET https://www.mymiwallet.com/index.php/Wallets/Purchase/Memberships/Premium

[1 occurrence(s)]
DEBUG --> [CSRF] token name=csrf_test_name hash=af7b60987dfacdd6ed10168aeaa20e83

[1 occurrence(s)]
DEBUG --> [REQ_ID=e8450593b9d8] [REQUEST][END]

[1 occurrence(s)]
DEBUG --> [REQ_ID=07cec3f9a5f9] [REQUEST][START] GET /index.php/login

[1 occurrence(s)]
DEBUG --> [REQ_ID=07cec3f9a5f9] [FILTER_BEFORE] /index.php/login

[1 occurrence(s)]
DEBUG --> [REQ_ID=07cec3f9a5f9] [ROUTE] Controller=\App\Controllers\AuthController Method=login

[1 occurrence(s)]
DEBUG --> [REQ_ID=07cec3f9a5f9] [LIFECYCLE][START] GET https://www.mymiwallet.com/index.php/login

[1 occurrence(s)]
DEBUG --> [CSRF] token name=csrf_test_name hash=12c7d7254915734463819a0d69563c2d

[1 occurrence(s)]
DEBUG --> [REQ_ID=999d0b4abb98] [INIT] App\Controllers\AuthController::GET

[1 occurrence(s)]
DEBUG --> [REQ_ID=07cec3f9a5f9] [FILTER_AFTER]

[1 occurrence(s)]
DEBUG --> [REQ_ID=07cec3f9a5f9] [LIFECYCLE][END] status=200 duration_ms=52.60 memory_delta=0

[1 occurrence(s)]
DEBUG --> [REQ_ID=07cec3f9a5f9] [REQUEST][END]

[1 occurrence(s)]
DEBUG --> [REQ_ID=1b73b2a1b31b] [REQUEST][START] GET /index.php/API/Alerts/fetchEmailAlerts

[1 occurrence(s)]
DEBUG --> [REQ_ID=1b73b2a1b31b] [FILTER_BEFORE] /index.php/API/Alerts/fetchEmailAlerts

[1 occurrence(s)]
DEBUG --> [REQ_ID=1b73b2a1b31b] [ROUTE] Controller=\App\Modules\APIs\Controllers\AlertsAPIController Method=fetchEmailAlerts

[1 occurrence(s)]
DEBUG --> [REQ_ID=1b73b2a1b31b] [LIFECYCLE][START] GET https://www.mymiwallet.com/index.php/API/Alerts/fetchEmailAlerts

[1 occurrence(s)]
DEBUG --> [REQ_ID=1b73b2a1b31b] [REQUEST][END]

[1 occurrence(s)]
DEBUG --> [REQ_ID=da6b434c4121] [REQUEST][START] GET /

[1 occurrence(s)]
DEBUG --> [REQ_ID=da6b434c4121] [FILTER_BEFORE] /

[1 occurrence(s)]
DEBUG --> [REQ_ID=da6b434c4121] [ROUTE] Controller=\App\Controllers\Home Method=index

[1 occurrence(s)]
DEBUG --> [REQ_ID=da6b434c4121] [LIFECYCLE][START] GET https://www.mymiwallet.com/index.php/

[1 occurrence(s)]
DEBUG --> [CSRF] token name=csrf_test_name hash=69fda89c09aca1e3f3f807970d80b0a0

[1 occurrence(s)]
DEBUG --> [REQ_ID=d1175bbdbfa0] [INIT] App\Controllers\Home::GET

[1 occurrence(s)]
DEBUG --> [REQ_ID=d1175bbdbfa0] [VIEW_RENDER] themes/public/home

[1 occurrence(s)]
DEBUG --> [REQ_ID=da6b434c4121] [FILTER_AFTER]

[1 occurrence(s)]
DEBUG --> [REQ_ID=da6b434c4121] [LIFECYCLE][END] status=200 duration_ms=669.18 memory_delta=4194304

[1 occurrence(s)]
DEBUG --> [REQ_ID=da6b434c4121] [REQUEST][END]

[1 occurrence(s)]
DEBUG --> [REQ_ID=70281cadd8cb] [REQUEST][START] GET /index.php/Customer-Support

[1 occurrence(s)]
DEBUG --> [REQ_ID=70281cadd8cb] [FILTER_BEFORE] /index.php/Customer-Support

[1 occurrence(s)]
DEBUG --> [REQ_ID=70281cadd8cb] [ROUTE] Controller=\App\Controllers\App\Modules\Support\Controllers\SupportController Method=index

[1 occurrence(s)]
DEBUG --> [REQ_ID=70281cadd8cb] [LIFECYCLE][START] GET https://www.mymiwallet.com/index.php/Customer-Support

[1 occurrence(s)]
DEBUG --> [CSRF] token name=csrf_test_name hash=af365776811ee697bc53fd31318a7c2b

[1 occurrence(s)]
DEBUG --> [REQ_ID=70281cadd8cb] [REQUEST][END]

[1 occurrence(s)]
DEBUG --> [REQ_ID=b2488743c8ee] [REQUEST][START] GET /index.php/login

[1 occurrence(s)]
DEBUG --> [REQ_ID=b2488743c8ee] [FILTER_BEFORE] /index.php/login

[1 occurrence(s)]
DEBUG --> [REQ_ID=b2488743c8ee] [ROUTE] Controller=\App\Controllers\AuthController Method=login

[1 occurrence(s)]
DEBUG --> [REQ_ID=b2488743c8ee] [LIFECYCLE][START] GET https://www.mymiwallet.com/index.php/login

[1 occurrence(s)]
DEBUG --> [CSRF] token name=csrf_test_name hash=6ddcb8c4bf8e893f043429b1f63d892c

[1 occurrence(s)]
DEBUG --> [REQ_ID=9a124e7fa6a1] [INIT] App\Controllers\AuthController::GET

[1 occurrence(s)]
DEBUG --> [REQ_ID=b2488743c8ee] [FILTER_AFTER]

[1 occurrence(s)]
DEBUG --> [REQ_ID=b2488743c8ee] [LIFECYCLE][END] status=200 duration_ms=41.24 memory_delta=0

[1 occurrence(s)]
DEBUG --> [REQ_ID=b2488743c8ee] [REQUEST][END]

[1 occurrence(s)]
DEBUG --> [REQ_ID=6cb8fc37b7ef] [REQUEST][START] GET /

[1 occurrence(s)]
DEBUG --> [REQ_ID=6cb8fc37b7ef] [FILTER_BEFORE] /

[1 occurrence(s)]
DEBUG --> [REQ_ID=6cb8fc37b7ef] [ROUTE] Controller=\App\Controllers\Home Method=index

[1 occurrence(s)]
DEBUG --> [REQ_ID=6cb8fc37b7ef] [LIFECYCLE][START] GET https://www.mymiwallet.com/index.php/

[1 occurrence(s)]
DEBUG --> [CSRF] token name=csrf_test_name hash=d132de1e79397819dc2c763b3b9ee37d

[1 occurrence(s)]
DEBUG --> [REQ_ID=690c7a3b06e6] [INIT] App\Controllers\Home::GET

[1 occurrence(s)]
DEBUG --> [REQ_ID=690c7a3b06e6] [VIEW_RENDER] themes/public/home

[1 occurrence(s)]
DEBUG --> [REQ_ID=6cb8fc37b7ef] [FILTER_AFTER]

[1 occurrence(s)]
DEBUG --> [REQ_ID=6cb8fc37b7ef] [LIFECYCLE][END] status=200 duration_ms=671.26 memory_delta=4194304

[1 occurrence(s)]
DEBUG --> [REQ_ID=6cb8fc37b7ef] [REQUEST][END]

[1 occurrence(s)]
DEBUG --> [REQ_ID=89bd4884a4c3] [REQUEST][START] GET /

[1 occurrence(s)]
DEBUG --> [REQ_ID=89bd4884a4c3] [FILTER_BEFORE] /

[1 occurrence(s)]
DEBUG --> [REQ_ID=89bd4884a4c3] [ROUTE] Controller=\App\Controllers\Home Method=index

[1 occurrence(s)]
DEBUG --> [REQ_ID=89bd4884a4c3] [LIFECYCLE][START] GET https://www.mymiwallet.com/index.php/

[1 occurrence(s)]
DEBUG --> [CSRF] token name=csrf_test_name hash=06599d2d035a765eb67f7917076a7d00

[1 occurrence(s)]
DEBUG --> [REQ_ID=655a981dd156] [INIT] App\Controllers\Home::GET

[1 occurrence(s)]
DEBUG --> [REQ_ID=655a981dd156] [VIEW_RENDER] themes/public/home

[1 occurrence(s)]
DEBUG --> [REQ_ID=89bd4884a4c3] [FILTER_AFTER]

[1 occurrence(s)]
DEBUG --> [REQ_ID=89bd4884a4c3] [LIFECYCLE][END] status=200 duration_ms=516.64 memory_delta=4194304

[1 occurrence(s)]
DEBUG --> [REQ_ID=89bd4884a4c3] [REQUEST][END]

[1 occurrence(s)]
DEBUG --> [REQ_ID=a6184a8e21d1] [REQUEST][START] GET /

[1 occurrence(s)]
DEBUG --> [REQ_ID=a6184a8e21d1] [FILTER_BEFORE] /

[1 occurrence(s)]
DEBUG --> [REQ_ID=a6184a8e21d1] [ROUTE] Controller=\App\Controllers\Home Method=index

[1 occurrence(s)]
DEBUG --> [REQ_ID=a6184a8e21d1] [LIFECYCLE][START] GET https://www.mymiwallet.com/index.php/

[1 occurrence(s)]
DEBUG --> [CSRF] token name=csrf_test_name hash=0082650561c5755773e39943cb7a0191

[1 occurrence(s)]
DEBUG --> [REQ_ID=693f95f16788] [INIT] App\Controllers\Home::GET

[1 occurrence(s)]
DEBUG --> [REQ_ID=693f95f16788] [VIEW_RENDER] themes/public/home

[1 occurrence(s)]
DEBUG --> [REQ_ID=a6184a8e21d1] [FILTER_AFTER]

[1 occurrence(s)]
DEBUG --> [REQ_ID=a6184a8e21d1] [LIFECYCLE][END] status=200 duration_ms=512.68 memory_delta=4194304

[1 occurrence(s)]
DEBUG --> [REQ_ID=a6184a8e21d1] [REQUEST][END]

[1 occurrence(s)]
DEBUG --> [REQ_ID=8ed16e2f1f15] [REQUEST][START] GET /?p=info

[1 occurrence(s)]
DEBUG --> [REQ_ID=8ed16e2f1f15] [FILTER_BEFORE] /?p=info

[1 occurrence(s)]
DEBUG --> [REQ_ID=8ed16e2f1f15] [ROUTE] Controller=\App\Controllers\Home Method=index

[1 occurrence(s)]
DEBUG --> [REQ_ID=8ed16e2f1f15] [LIFECYCLE][START] GET https://www.mymiwallet.com/index.php?p=info

[1 occurrence(s)]
DEBUG --> [CSRF] token name=csrf_test_name hash=25a7f1c84a8a56bcdddbec14ed6d5ba7

[1 occurrence(s)]
DEBUG --> [REQ_ID=1e56db62fcf4] [INIT] App\Controllers\Home::GET

[1 occurrence(s)]
DEBUG --> [REQ_ID=1e56db62fcf4] [VIEW_RENDER] themes/public/home

[1 occurrence(s)]
DEBUG --> [REQ_ID=8ed16e2f1f15] [FILTER_AFTER]

[1 occurrence(s)]
DEBUG --> [REQ_ID=8ed16e2f1f15] [LIFECYCLE][END] status=200 duration_ms=527.93 memory_delta=4194304

[1 occurrence(s)]
DEBUG --> [REQ_ID=8ed16e2f1f15] [REQUEST][END]

[1 occurrence(s)]
DEBUG --> [REQ_ID=92a26251a671] [REQUEST][START] GET /?p=php

[1 occurrence(s)]
DEBUG --> [REQ_ID=92a26251a671] [FILTER_BEFORE] /?p=php

[1 occurrence(s)]
DEBUG --> [REQ_ID=92a26251a671] [ROUTE] Controller=\App\Controllers\Home Method=index

[1 occurrence(s)]
DEBUG --> [REQ_ID=92a26251a671] [LIFECYCLE][START] GET https://www.mymiwallet.com/index.php?p=php

[1 occurrence(s)]
DEBUG --> [CSRF] token name=csrf_test_name hash=879c74704d24642a89d48c75258ec209

[1 occurrence(s)]
DEBUG --> [REQ_ID=c507a2addbaf] [INIT] App\Controllers\Home::GET

[1 occurrence(s)]
DEBUG --> [REQ_ID=c507a2addbaf] [VIEW_RENDER] themes/public/home

[1 occurrence(s)]
DEBUG --> [REQ_ID=92a26251a671] [FILTER_AFTER]

[1 occurrence(s)]
DEBUG --> [REQ_ID=92a26251a671] [LIFECYCLE][END] status=200 duration_ms=545.00 memory_delta=4194304

[1 occurrence(s)]
DEBUG --> [REQ_ID=92a26251a671] [REQUEST][END]

[1 occurrence(s)]
DEBUG --> [REQ_ID=720e5ee648e8] [REQUEST][START] GET /?phpinfo

[1 occurrence(s)]
DEBUG --> [REQ_ID=720e5ee648e8] [FILTER_BEFORE] /?phpinfo

[1 occurrence(s)]
DEBUG --> [REQ_ID=720e5ee648e8] [ROUTE] Controller=\App\Controllers\Home Method=index

[1 occurrence(s)]
DEBUG --> [REQ_ID=720e5ee648e8] [LIFECYCLE][START] GET https://www.mymiwallet.com/index.php?phpinfo=

[1 occurrence(s)]
DEBUG --> [CSRF] token name=csrf_test_name hash=be5c535a5d3a34ad96d59a010f2bf175

[1 occurrence(s)]
DEBUG --> [REQ_ID=b82fb249ebfd] [INIT] App\Controllers\Home::GET

[1 occurrence(s)]
DEBUG --> [REQ_ID=b82fb249ebfd] [VIEW_RENDER] themes/public/home

[1 occurrence(s)]
DEBUG --> [REQ_ID=720e5ee648e8] [FILTER_AFTER]

[1 occurrence(s)]
DEBUG --> [REQ_ID=720e5ee648e8] [LIFECYCLE][END] status=200 duration_ms=566.43 memory_delta=4194304

[1 occurrence(s)]
DEBUG --> [REQ_ID=720e5ee648e8] [REQUEST][END]

[1 occurrence(s)]
DEBUG --> [REQ_ID=311f9d562679] [REQUEST][START] GET /?phpinfo.php

[1 occurrence(s)]
DEBUG --> [REQ_ID=311f9d562679] [FILTER_BEFORE] /?phpinfo.php

[1 occurrence(s)]
DEBUG --> [REQ_ID=311f9d562679] [ROUTE] Controller=\App\Controllers\Home Method=index

[1 occurrence(s)]
DEBUG --> [REQ_ID=311f9d562679] [LIFECYCLE][START] GET https://www.mymiwallet.com/index.php?phpinfo_php=

[1 occurrence(s)]
DEBUG --> [CSRF] token name=csrf_test_name hash=69c3f4fd07b4781de44524c1e37552b2

[1 occurrence(s)]
DEBUG --> [REQ_ID=cb0e09775db6] [INIT] App\Controllers\Home::GET

[1 occurrence(s)]
DEBUG --> [REQ_ID=cb0e09775db6] [VIEW_RENDER] themes/public/home

[1 occurrence(s)]
DEBUG --> [REQ_ID=311f9d562679] [FILTER_AFTER]

[1 occurrence(s)]
DEBUG --> [REQ_ID=311f9d562679] [LIFECYCLE][END] status=200 duration_ms=501.11 memory_delta=4194304

[1 occurrence(s)]
DEBUG --> [REQ_ID=311f9d562679] [REQUEST][END]

[1 occurrence(s)]
DEBUG --> [REQ_ID=572b5ea8dda5] [REQUEST][START] GET /?phpinfo=1

[1 occurrence(s)]
DEBUG --> [REQ_ID=572b5ea8dda5] [FILTER_BEFORE] /?phpinfo=1

[1 occurrence(s)]
DEBUG --> [REQ_ID=572b5ea8dda5] [ROUTE] Controller=\App\Controllers\Home Method=index

[1 occurrence(s)]
DEBUG --> [REQ_ID=572b5ea8dda5] [LIFECYCLE][START] GET https://www.mymiwallet.com/index.php?phpinfo=1

[1 occurrence(s)]
DEBUG --> [CSRF] token name=csrf_test_name hash=5756ae12b061d3573dc7d29bec6dccb8

[1 occurrence(s)]
DEBUG --> [REQ_ID=56ff6a5daadf] [INIT] App\Controllers\Home::GET

[1 occurrence(s)]
DEBUG --> [REQ_ID=56ff6a5daadf] [VIEW_RENDER] themes/public/home

[1 occurrence(s)]
DEBUG --> [REQ_ID=572b5ea8dda5] [FILTER_AFTER]

[1 occurrence(s)]
DEBUG --> [REQ_ID=572b5ea8dda5] [LIFECYCLE][END] status=200 duration_ms=490.63 memory_delta=4194304

[1 occurrence(s)]
DEBUG --> [REQ_ID=572b5ea8dda5] [REQUEST][END]

[1 occurrence(s)]
DEBUG --> [REQ_ID=d6db47aab848] [REQUEST][START] GET /?q=info

[1 occurrence(s)]
DEBUG --> [REQ_ID=d6db47aab848] [FILTER_BEFORE] /?q=info

[1 occurrence(s)]
DEBUG --> [REQ_ID=d6db47aab848] [ROUTE] Controller=\App\Controllers\Home Method=index

[1 occurrence(s)]
DEBUG --> [REQ_ID=d6db47aab848] [LIFECYCLE][START] GET https://www.mymiwallet.com/index.php?q=info

[1 occurrence(s)]
DEBUG --> [CSRF] token name=csrf_test_name hash=4f7f0db81c45d92d80b371c3528249d8

[1 occurrence(s)]
DEBUG --> [REQ_ID=ab56c9598f2e] [INIT] App\Controllers\Home::GET

[1 occurrence(s)]
DEBUG --> [REQ_ID=ab56c9598f2e] [VIEW_RENDER] themes/public/home

[1 occurrence(s)]
DEBUG --> [REQ_ID=d6db47aab848] [FILTER_AFTER]

[1 occurrence(s)]
DEBUG --> [REQ_ID=d6db47aab848] [LIFECYCLE][END] status=200 duration_ms=460.80 memory_delta=4194304

[1 occurrence(s)]
DEBUG --> [REQ_ID=d6db47aab848] [REQUEST][END]

[1 occurrence(s)]
DEBUG --> [REQ_ID=b292c88cf4fd] [REQUEST][START] GET /

[1 occurrence(s)]
DEBUG --> [REQ_ID=b292c88cf4fd] [FILTER_BEFORE] /

[1 occurrence(s)]
DEBUG --> [REQ_ID=b292c88cf4fd] [ROUTE] Controller=\App\Controllers\Home Method=index

[1 occurrence(s)]
DEBUG --> [REQ_ID=b292c88cf4fd] [LIFECYCLE][START] GET https://www.mymiwallet.com/index.php/

[1 occurrence(s)]
DEBUG --> [CSRF] token name=csrf_test_name hash=6f789b38704eee5052e31102250e000f

[1 occurrence(s)]
DEBUG --> [REQ_ID=2fe43b1aa247] [INIT] App\Controllers\Home::GET

[1 occurrence(s)]
DEBUG --> [REQ_ID=2fe43b1aa247] [VIEW_RENDER] themes/public/home

[1 occurrence(s)]
DEBUG --> [REQ_ID=b292c88cf4fd] [FILTER_AFTER]

[1 occurrence(s)]
DEBUG --> [REQ_ID=b292c88cf4fd] [LIFECYCLE][END] status=200 duration_ms=552.13 memory_delta=4194304

[1 occurrence(s)]
DEBUG --> [REQ_ID=b292c88cf4fd] [REQUEST][END]

[1 occurrence(s)]
DEBUG --> [REQ_ID=1a2b83c33448] [REQUEST][START] GET /index.php

[1 occurrence(s)]
DEBUG --> [REQ_ID=1a2b83c33448] [FILTER_BEFORE] /index.php

[1 occurrence(s)]
DEBUG --> [REQ_ID=1a2b83c33448] [ROUTE] Controller=\App\Controllers\Home Method=index

[1 occurrence(s)]
DEBUG --> [REQ_ID=1a2b83c33448] [LIFECYCLE][START] GET https://www.mymiwallet.com/index.php/

[1 occurrence(s)]
DEBUG --> [CSRF] token name=csrf_test_name hash=1cacc5b212f65497cc1f1a16caf4b928

[1 occurrence(s)]
DEBUG --> [REQ_ID=caf79cc96ce1] [INIT] App\Controllers\Home::GET

[1 occurrence(s)]
DEBUG --> [REQ_ID=caf79cc96ce1] [VIEW_RENDER] themes/public/home

[1 occurrence(s)]
DEBUG --> [REQ_ID=1a2b83c33448] [FILTER_AFTER]

[1 occurrence(s)]
DEBUG --> [REQ_ID=1a2b83c33448] [LIFECYCLE][END] status=200 duration_ms=586.38 memory_delta=4194304

[1 occurrence(s)]
DEBUG --> [REQ_ID=1a2b83c33448] [REQUEST][END]

[1 occurrence(s)]
DEBUG --> [REQ_ID=433665525e49] [REQUEST][START] GET /?p=info

[1 occurrence(s)]
DEBUG --> [REQ_ID=433665525e49] [FILTER_BEFORE] /?p=info

[1 occurrence(s)]
DEBUG --> [REQ_ID=433665525e49] [ROUTE] Controller=\App\Controllers\Home Method=index

[1 occurrence(s)]
DEBUG --> [REQ_ID=433665525e49] [LIFECYCLE][START] GET https://www.mymiwallet.com/index.php?p=info

[1 occurrence(s)]
DEBUG --> [CSRF] token name=csrf_test_name hash=9a02ff66108a6444c10b5295fb03bbf1

[1 occurrence(s)]
DEBUG --> [REQ_ID=b032765b3351] [INIT] App\Controllers\Home::GET

[1 occurrence(s)]
DEBUG --> [REQ_ID=b032765b3351] [VIEW_RENDER] themes/public/home

[1 occurrence(s)]
DEBUG --> [REQ_ID=433665525e49] [FILTER_AFTER]

[1 occurrence(s)]
DEBUG --> [REQ_ID=433665525e49] [LIFECYCLE][END] status=200 duration_ms=523.09 memory_delta=4194304

[1 occurrence(s)]
DEBUG --> [REQ_ID=433665525e49] [REQUEST][END]

[1 occurrence(s)]
DEBUG --> [REQ_ID=e4dd1793a50e] [REQUEST][START] GET /?p=php

[1 occurrence(s)]
DEBUG --> [REQ_ID=e4dd1793a50e] [FILTER_BEFORE] /?p=php

[1 occurrence(s)]
DEBUG --> [REQ_ID=e4dd1793a50e] [ROUTE] Controller=\App\Controllers\Home Method=index

[1 occurrence(s)]
DEBUG --> [REQ_ID=e4dd1793a50e] [LIFECYCLE][START] GET https://www.mymiwallet.com/index.php?p=php

[1 occurrence(s)]
DEBUG --> [CSRF] token name=csrf_test_name hash=a97e3f208cc27b71501c6642e1500fb8

[1 occurrence(s)]
DEBUG --> [REQ_ID=fd0d2ac61910] [INIT] App\Controllers\Home::GET

[1 occurrence(s)]
DEBUG --> [REQ_ID=fd0d2ac61910] [VIEW_RENDER] themes/public/home

[1 occurrence(s)]
DEBUG --> [REQ_ID=e4dd1793a50e] [FILTER_AFTER]

[1 occurrence(s)]
DEBUG --> [REQ_ID=e4dd1793a50e] [LIFECYCLE][END] status=200 duration_ms=501.79 memory_delta=4194304

[1 occurrence(s)]
DEBUG --> [REQ_ID=e4dd1793a50e] [REQUEST][END]

[1 occurrence(s)]
DEBUG --> [REQ_ID=66c7cf336f8b] [REQUEST][START] GET /?phpinfo

[1 occurrence(s)]
DEBUG --> [REQ_ID=66c7cf336f8b] [FILTER_BEFORE] /?phpinfo

[1 occurrence(s)]
DEBUG --> [REQ_ID=66c7cf336f8b] [ROUTE] Controller=\App\Controllers\Home Method=index

[1 occurrence(s)]
DEBUG --> [REQ_ID=66c7cf336f8b] [LIFECYCLE][START] GET https://www.mymiwallet.com/index.php?phpinfo=

[1 occurrence(s)]
DEBUG --> [CSRF] token name=csrf_test_name hash=003ad28a3e2142d158ead96e709c0bfb

[1 occurrence(s)]
DEBUG --> [REQ_ID=1390db4c3dfc] [INIT] App\Controllers\Home::GET

[1 occurrence(s)]
DEBUG --> [REQ_ID=1390db4c3dfc] [VIEW_RENDER] themes/public/home

[1 occurrence(s)]
DEBUG --> [REQ_ID=66c7cf336f8b] [FILTER_AFTER]

[1 occurrence(s)]
DEBUG --> [REQ_ID=66c7cf336f8b] [LIFECYCLE][END] status=200 duration_ms=534.40 memory_delta=4194304

[1 occurrence(s)]
DEBUG --> [REQ_ID=66c7cf336f8b] [REQUEST][END]

[1 occurrence(s)]
DEBUG --> [REQ_ID=c2e461e4e208] [REQUEST][START] GET /?phpinfo.php

[1 occurrence(s)]
DEBUG --> [REQ_ID=c2e461e4e208] [FILTER_BEFORE] /?phpinfo.php

[1 occurrence(s)]
DEBUG --> [REQ_ID=c2e461e4e208] [ROUTE] Controller=\App\Controllers\Home Method=index

[1 occurrence(s)]
DEBUG --> [REQ_ID=c2e461e4e208] [LIFECYCLE][START] GET https://www.mymiwallet.com/index.php?phpinfo_php=

[1 occurrence(s)]
DEBUG --> [CSRF] token name=csrf_test_name hash=b383f1493e214c986816b0aa5236b646

[1 occurrence(s)]
DEBUG --> [REQ_ID=b521fbb2fea5] [INIT] App\Controllers\Home::GET

[1 occurrence(s)]
DEBUG --> [REQ_ID=b521fbb2fea5] [VIEW_RENDER] themes/public/home

[1 occurrence(s)]
DEBUG --> [REQ_ID=c2e461e4e208] [FILTER_AFTER]

[1 occurrence(s)]
DEBUG --> [REQ_ID=c2e461e4e208] [LIFECYCLE][END] status=200 duration_ms=570.42 memory_delta=4194304

[1 occurrence(s)]
DEBUG --> [REQ_ID=c2e461e4e208] [REQUEST][END]

[1 occurrence(s)]
DEBUG --> [REQ_ID=f837e5621c92] [REQUEST][START] GET /?phpinfo=1

[1 occurrence(s)]
DEBUG --> [REQ_ID=f837e5621c92] [FILTER_BEFORE] /?phpinfo=1

[1 occurrence(s)]
DEBUG --> [REQ_ID=f837e5621c92] [ROUTE] Controller=\App\Controllers\Home Method=index

[1 occurrence(s)]
DEBUG --> [REQ_ID=f837e5621c92] [LIFECYCLE][START] GET https://www.mymiwallet.com/index.php?phpinfo=1

[1 occurrence(s)]
DEBUG --> [CSRF] token name=csrf_test_name hash=013c8881231090d8c4113b48210265e9

[1 occurrence(s)]
DEBUG --> [REQ_ID=cad43a6827e3] [INIT] App\Controllers\Home::GET

[1 occurrence(s)]
DEBUG --> [REQ_ID=cad43a6827e3] [VIEW_RENDER] themes/public/home

[1 occurrence(s)]
DEBUG --> [REQ_ID=f837e5621c92] [FILTER_AFTER]

[1 occurrence(s)]
DEBUG --> [REQ_ID=f837e5621c92] [LIFECYCLE][END] status=200 duration_ms=500.76 memory_delta=4194304

[1 occurrence(s)]
DEBUG --> [REQ_ID=f837e5621c92] [REQUEST][END]

[1 occurrence(s)]
DEBUG --> [REQ_ID=a11148090a40] [REQUEST][START] GET /?q=info

[1 occurrence(s)]
DEBUG --> [REQ_ID=a11148090a40] [FILTER_BEFORE] /?q=info

[1 occurrence(s)]
DEBUG --> [REQ_ID=a11148090a40] [ROUTE] Controller=\App\Controllers\Home Method=index

[1 occurrence(s)]
DEBUG --> [REQ_ID=a11148090a40] [LIFECYCLE][START] GET https://www.mymiwallet.com/index.php?q=info

[1 occurrence(s)]
DEBUG --> [CSRF] token name=csrf_test_name hash=8814cef3b94116fe56b8638fd8c0f2f6

[1 occurrence(s)]
DEBUG --> [REQ_ID=94659005293c] [INIT] App\Controllers\Home::GET

[1 occurrence(s)]
DEBUG --> [REQ_ID=94659005293c] [VIEW_RENDER] themes/public/home

[1 occurrence(s)]
DEBUG --> [REQ_ID=a11148090a40] [FILTER_AFTER]

[1 occurrence(s)]
DEBUG --> [REQ_ID=a11148090a40] [LIFECYCLE][END] status=200 duration_ms=478.21 memory_delta=4194304

[1 occurrence(s)]
DEBUG --> [REQ_ID=a11148090a40] [REQUEST][END]

[1 occurrence(s)]
DEBUG --> [REQ_ID=41ad3dafa122] [REQUEST][START] GET /index.php

[1 occurrence(s)]
DEBUG --> [REQ_ID=41ad3dafa122] [FILTER_BEFORE] /index.php

[1 occurrence(s)]
DEBUG --> [REQ_ID=41ad3dafa122] [ROUTE] Controller=\App\Controllers\Home Method=index

[1 occurrence(s)]
DEBUG --> [REQ_ID=41ad3dafa122] [LIFECYCLE][START] GET https://www.mymiwallet.com/index.php/

[1 occurrence(s)]
DEBUG --> [CSRF] token name=csrf_test_name hash=494620f6f629fe532087e311c0ce11f7

[1 occurrence(s)]
DEBUG --> [REQ_ID=baf59a419eca] [INIT] App\Controllers\Home::GET

[1 occurrence(s)]
DEBUG --> [REQ_ID=baf59a419eca] [VIEW_RENDER] themes/public/home

[1 occurrence(s)]
DEBUG --> [REQ_ID=41ad3dafa122] [FILTER_AFTER]

[1 occurrence(s)]
DEBUG --> [REQ_ID=41ad3dafa122] [LIFECYCLE][END] status=200 duration_ms=585.83 memory_delta=4194304

[1 occurrence(s)]
DEBUG --> [REQ_ID=41ad3dafa122] [REQUEST][END]

[1 occurrence(s)]
DEBUG --> [REQ_ID=41f7aeb676d8] [REQUEST][START] GET /?p=info

[1 occurrence(s)]
DEBUG --> [REQ_ID=41f7aeb676d8] [FILTER_BEFORE] /?p=info

[1 occurrence(s)]
DEBUG --> [REQ_ID=41f7aeb676d8] [ROUTE] Controller=\App\Controllers\Home Method=index

[1 occurrence(s)]
DEBUG --> [REQ_ID=41f7aeb676d8] [LIFECYCLE][START] GET https://www.mymiwallet.com/index.php?p=info

[1 occurrence(s)]
DEBUG --> [CSRF] token name=csrf_test_name hash=8bd92d105cd657924d1c1581f2d9d967

[1 occurrence(s)]
DEBUG --> [REQ_ID=e47122319ebb] [INIT] App\Controllers\Home::GET

[1 occurrence(s)]
DEBUG --> [REQ_ID=e47122319ebb] [VIEW_RENDER] themes/public/home

[1 occurrence(s)]
DEBUG --> [REQ_ID=41f7aeb676d8] [FILTER_AFTER]

[1 occurrence(s)]
DEBUG --> [REQ_ID=41f7aeb676d8] [LIFECYCLE][END] status=200 duration_ms=567.52 memory_delta=4194304

[1 occurrence(s)]
DEBUG --> [REQ_ID=41f7aeb676d8] [REQUEST][END]

[1 occurrence(s)]
DEBUG --> [REQ_ID=a5833c46fe0e] [REQUEST][START] GET /?p=php

[1 occurrence(s)]
DEBUG --> [REQ_ID=a5833c46fe0e] [FILTER_BEFORE] /?p=php

[1 occurrence(s)]
DEBUG --> [REQ_ID=a5833c46fe0e] [ROUTE] Controller=\App\Controllers\Home Method=index

[1 occurrence(s)]
DEBUG --> [REQ_ID=a5833c46fe0e] [LIFECYCLE][START] GET https://www.mymiwallet.com/index.php?p=php

[1 occurrence(s)]
DEBUG --> [CSRF] token name=csrf_test_name hash=b993c0af2b0d3a2f6b6b8e3209395b8f

[1 occurrence(s)]
DEBUG --> [REQ_ID=861351e51b03] [INIT] App\Controllers\Home::GET

[1 occurrence(s)]
DEBUG --> [REQ_ID=861351e51b03] [VIEW_RENDER] themes/public/home

[1 occurrence(s)]
DEBUG --> [REQ_ID=a5833c46fe0e] [FILTER_AFTER]

[1 occurrence(s)]
DEBUG --> [REQ_ID=a5833c46fe0e] [LIFECYCLE][END] status=200 duration_ms=495.23 memory_delta=4194304

[1 occurrence(s)]
DEBUG --> [REQ_ID=a5833c46fe0e] [REQUEST][END]

[1 occurrence(s)]
DEBUG --> [REQ_ID=7eda7e9a2c89] [REQUEST][START] GET /?phpinfo

[1 occurrence(s)]
DEBUG --> [REQ_ID=7eda7e9a2c89] [FILTER_BEFORE] /?phpinfo

[1 occurrence(s)]
DEBUG --> [REQ_ID=7eda7e9a2c89] [ROUTE] Controller=\App\Controllers\Home Method=index

[1 occurrence(s)]
DEBUG --> [REQ_ID=7eda7e9a2c89] [LIFECYCLE][START] GET https://www.mymiwallet.com/index.php?phpinfo=

[1 occurrence(s)]
DEBUG --> [CSRF] token name=csrf_test_name hash=a27c990c5f86e2becdbbe681b8917232

[1 occurrence(s)]
DEBUG --> [REQ_ID=fae0419ba14e] [INIT] App\Controllers\Home::GET

[1 occurrence(s)]
DEBUG --> [REQ_ID=fae0419ba14e] [VIEW_RENDER] themes/public/home

[1 occurrence(s)]
DEBUG --> [REQ_ID=7eda7e9a2c89] [FILTER_AFTER]

[1 occurrence(s)]
DEBUG --> [REQ_ID=7eda7e9a2c89] [LIFECYCLE][END] status=200 duration_ms=511.57 memory_delta=4194304

[1 occurrence(s)]
DEBUG --> [REQ_ID=7eda7e9a2c89] [REQUEST][END]

[1 occurrence(s)]
DEBUG --> [REQ_ID=4ca48fecef53] [REQUEST][START] GET /?phpinfo.php

[1 occurrence(s)]
DEBUG --> [REQ_ID=4ca48fecef53] [FILTER_BEFORE] /?phpinfo.php

[1 occurrence(s)]
DEBUG --> [REQ_ID=4ca48fecef53] [ROUTE] Controller=\App\Controllers\Home Method=index

[1 occurrence(s)]
DEBUG --> [REQ_ID=4ca48fecef53] [LIFECYCLE][START] GET https://www.mymiwallet.com/index.php?phpinfo_php=

[1 occurrence(s)]
DEBUG --> [CSRF] token name=csrf_test_name hash=f3e2cf57ede9c64011be57cd99880056

[1 occurrence(s)]
DEBUG --> [REQ_ID=8f4a36130953] [INIT] App\Controllers\Home::GET

[1 occurrence(s)]
DEBUG --> [REQ_ID=8f4a36130953] [VIEW_RENDER] themes/public/home

[1 occurrence(s)]
DEBUG --> [REQ_ID=4ca48fecef53] [FILTER_AFTER]

[1 occurrence(s)]
DEBUG --> [REQ_ID=4ca48fecef53] [LIFECYCLE][END] status=200 duration_ms=611.29 memory_delta=4194304

[1 occurrence(s)]
DEBUG --> [REQ_ID=4ca48fecef53] [REQUEST][END]

[1 occurrence(s)]
DEBUG --> [REQ_ID=7730cda0c913] [REQUEST][START] GET /?phpinfo=1

[1 occurrence(s)]
DEBUG --> [REQ_ID=7730cda0c913] [FILTER_BEFORE] /?phpinfo=1

[1 occurrence(s)]
DEBUG --> [REQ_ID=7730cda0c913] [ROUTE] Controller=\App\Controllers\Home Method=index

[1 occurrence(s)]
DEBUG --> [REQ_ID=7730cda0c913] [LIFECYCLE][START] GET https://www.mymiwallet.com/index.php?phpinfo=1

[1 occurrence(s)]
DEBUG --> [CSRF] token name=csrf_test_name hash=c16f097d6603259db6a7db72fb516d87

[1 occurrence(s)]
DEBUG --> [REQ_ID=52fd4efe6be5] [INIT] App\Controllers\Home::GET

[1 occurrence(s)]
DEBUG --> [REQ_ID=52fd4efe6be5] [VIEW_RENDER] themes/public/home

[1 occurrence(s)]
DEBUG --> [REQ_ID=7730cda0c913] [FILTER_AFTER]

[1 occurrence(s)]
DEBUG --> [REQ_ID=7730cda0c913] [LIFECYCLE][END] status=200 duration_ms=592.32 memory_delta=4194304

[1 occurrence(s)]
DEBUG --> [REQ_ID=7730cda0c913] [REQUEST][END]

[1 occurrence(s)]
DEBUG --> [REQ_ID=7677bc85dde7] [REQUEST][START] GET /?q=info

[1 occurrence(s)]
DEBUG --> [REQ_ID=7677bc85dde7] [FILTER_BEFORE] /?q=info

[1 occurrence(s)]
DEBUG --> [REQ_ID=7677bc85dde7] [ROUTE] Controller=\App\Controllers\Home Method=index

[1 occurrence(s)]
DEBUG --> [REQ_ID=7677bc85dde7] [LIFECYCLE][START] GET https://www.mymiwallet.com/index.php?q=info

[1 occurrence(s)]
DEBUG --> [CSRF] token name=csrf_test_name hash=0890117f854d2a8c25a9fd22779d0a88

[1 occurrence(s)]
DEBUG --> [REQ_ID=e68ace723cd0] [INIT] App\Controllers\Home::GET

[1 occurrence(s)]
DEBUG --> [REQ_ID=e68ace723cd0] [VIEW_RENDER] themes/public/home

[1 occurrence(s)]
DEBUG --> [REQ_ID=7677bc85dde7] [FILTER_AFTER]

[1 occurrence(s)]
DEBUG --> [REQ_ID=7677bc85dde7] [LIFECYCLE][END] status=200 duration_ms=558.45 memory_delta=4194304

[1 occurrence(s)]
DEBUG --> [REQ_ID=7677bc85dde7] [REQUEST][END]

[1 occurrence(s)]
DEBUG --> [REQ_ID=aad6c69fd10b] [REQUEST][START] GET /?p=info

[1 occurrence(s)]
DEBUG --> [REQ_ID=aad6c69fd10b] [FILTER_BEFORE] /?p=info

[1 occurrence(s)]
DEBUG --> [REQ_ID=aad6c69fd10b] [ROUTE] Controller=\App\Controllers\Home Method=index

[1 occurrence(s)]
DEBUG --> [REQ_ID=aad6c69fd10b] [LIFECYCLE][START] GET https://www.mymiwallet.com/index.php?p=info

[1 occurrence(s)]
DEBUG --> [CSRF] token name=csrf_test_name hash=1723ed0764a2b312ef168dda9b554bb7

[1 occurrence(s)]
DEBUG --> [REQ_ID=cb474fbd299c] [INIT] App\Controllers\Home::GET

[1 occurrence(s)]
DEBUG --> [REQ_ID=cb474fbd299c] [VIEW_RENDER] themes/public/home

[1 occurrence(s)]
DEBUG --> [REQ_ID=aad6c69fd10b] [FILTER_AFTER]

[1 occurrence(s)]
DEBUG --> [REQ_ID=aad6c69fd10b] [LIFECYCLE][END] status=200 duration_ms=497.05 memory_delta=4194304

[1 occurrence(s)]
DEBUG --> [REQ_ID=aad6c69fd10b] [REQUEST][END]

[1 occurrence(s)]
DEBUG --> [REQ_ID=dc349564aa2f] [REQUEST][START] GET /?p=php

[1 occurrence(s)]
DEBUG --> [REQ_ID=dc349564aa2f] [FILTER_BEFORE] /?p=php

[1 occurrence(s)]
DEBUG --> [REQ_ID=dc349564aa2f] [ROUTE] Controller=\App\Controllers\Home Method=index

[1 occurrence(s)]
DEBUG --> [REQ_ID=dc349564aa2f] [LIFECYCLE][START] GET https://www.mymiwallet.com/index.php?p=php

[1 occurrence(s)]
DEBUG --> [CSRF] token name=csrf_test_name hash=4cdb097f32eea6812f8a6dd6523337b4

[1 occurrence(s)]
DEBUG --> [REQ_ID=d39af31bf40d] [INIT] App\Controllers\Home::GET

[1 occurrence(s)]
DEBUG --> [REQ_ID=d39af31bf40d] [VIEW_RENDER] themes/public/home

[1 occurrence(s)]
DEBUG --> [REQ_ID=dc349564aa2f] [FILTER_AFTER]

[1 occurrence(s)]
DEBUG --> [REQ_ID=dc349564aa2f] [LIFECYCLE][END] status=200 duration_ms=485.89 memory_delta=4194304

[1 occurrence(s)]
DEBUG --> [REQ_ID=dc349564aa2f] [REQUEST][END]

[1 occurrence(s)]
DEBUG --> [REQ_ID=fa673076733a] [REQUEST][START] GET /?phpinfo

[1 occurrence(s)]
DEBUG --> [REQ_ID=fa673076733a] [FILTER_BEFORE] /?phpinfo

[1 occurrence(s)]
DEBUG --> [REQ_ID=fa673076733a] [ROUTE] Controller=\App\Controllers\Home Method=index

[1 occurrence(s)]
DEBUG --> [REQ_ID=fa673076733a] [LIFECYCLE][START] GET https://www.mymiwallet.com/index.php?phpinfo=

[1 occurrence(s)]
DEBUG --> [CSRF] token name=csrf_test_name hash=be83deda7abdaea5cce1acb2ef5683c4

[1 occurrence(s)]
DEBUG --> [REQ_ID=064526990639] [INIT] App\Controllers\Home::GET

[1 occurrence(s)]
DEBUG --> [REQ_ID=064526990639] [VIEW_RENDER] themes/public/home

[1 occurrence(s)]
DEBUG --> [REQ_ID=fa673076733a] [FILTER_AFTER]

[1 occurrence(s)]
DEBUG --> [REQ_ID=fa673076733a] [LIFECYCLE][END] status=200 duration_ms=487.18 memory_delta=4194304

[1 occurrence(s)]
DEBUG --> [REQ_ID=fa673076733a] [REQUEST][END]

[1 occurrence(s)]
DEBUG --> [REQ_ID=8607918fa196] [REQUEST][START] GET /?phpinfo.php

[1 occurrence(s)]
DEBUG --> [REQ_ID=8607918fa196] [FILTER_BEFORE] /?phpinfo.php

[1 occurrence(s)]
DEBUG --> [REQ_ID=8607918fa196] [ROUTE] Controller=\App\Controllers\Home Method=index

[1 occurrence(s)]
DEBUG --> [REQ_ID=8607918fa196] [LIFECYCLE][START] GET https://www.mymiwallet.com/index.php?phpinfo_php=

[1 occurrence(s)]
DEBUG --> [CSRF] token name=csrf_test_name hash=e65df8acfb27889a2d36862cf229a253

[1 occurrence(s)]
DEBUG --> [REQ_ID=6fd97cc3e0c8] [INIT] App\Controllers\Home::GET

[1 occurrence(s)]
DEBUG --> [REQ_ID=6fd97cc3e0c8] [VIEW_RENDER] themes/public/home

[1 occurrence(s)]
DEBUG --> [REQ_ID=8607918fa196] [FILTER_AFTER]

[1 occurrence(s)]
DEBUG --> [REQ_ID=8607918fa196] [LIFECYCLE][END] status=200 duration_ms=529.05 memory_delta=4194304

[1 occurrence(s)]
DEBUG --> [REQ_ID=8607918fa196] [REQUEST][END]

[1 occurrence(s)]
DEBUG --> [REQ_ID=12edfec3137d] [REQUEST][START] GET /?phpinfo=1

[1 occurrence(s)]
DEBUG --> [REQ_ID=12edfec3137d] [FILTER_BEFORE] /?phpinfo=1

[1 occurrence(s)]
DEBUG --> [REQ_ID=12edfec3137d] [ROUTE] Controller=\App\Controllers\Home Method=index

[1 occurrence(s)]
DEBUG --> [REQ_ID=12edfec3137d] [LIFECYCLE][START] GET https://www.mymiwallet.com/index.php?phpinfo=1

[1 occurrence(s)]
DEBUG --> [CSRF] token name=csrf_test_name hash=db8bd30f22359ea48a8634b14214bde9

[1 occurrence(s)]
DEBUG --> [REQ_ID=4c3e154c41a6] [INIT] App\Controllers\Home::GET

[1 occurrence(s)]
DEBUG --> [REQ_ID=4c3e154c41a6] [VIEW_RENDER] themes/public/home

[1 occurrence(s)]
DEBUG --> [REQ_ID=12edfec3137d] [FILTER_AFTER]

[1 occurrence(s)]
DEBUG --> [REQ_ID=12edfec3137d] [LIFECYCLE][END] status=200 duration_ms=533.11 memory_delta=4194304

[1 occurrence(s)]
DEBUG --> [REQ_ID=12edfec3137d] [REQUEST][END]

[1 occurrence(s)]
DEBUG --> [REQ_ID=8ec9bc009afa] [REQUEST][START] POST /

[1 occurrence(s)]
DEBUG --> [REQ_ID=9d4229fd16db] [REQUEST][START] GET /?q=info

[1 occurrence(s)]
DEBUG --> [REQ_ID=9d4229fd16db] [FILTER_BEFORE] /?q=info

[1 occurrence(s)]
DEBUG --> [REQ_ID=9d4229fd16db] [ROUTE] Controller=\App\Controllers\Home Method=index

[1 occurrence(s)]
DEBUG --> [REQ_ID=9d4229fd16db] [LIFECYCLE][START] GET https://www.mymiwallet.com/index.php?q=info

[1 occurrence(s)]
DEBUG --> [CSRF] token name=csrf_test_name hash=fc69e7625e2359147b44fa83af87cc9f

[1 occurrence(s)]
DEBUG --> [REQ_ID=7095efadce0e] [INIT] App\Controllers\Home::GET

[1 occurrence(s)]
DEBUG --> [REQ_ID=7095efadce0e] [VIEW_RENDER] themes/public/home

[1 occurrence(s)]
DEBUG --> [REQ_ID=9d4229fd16db] [FILTER_AFTER]

[1 occurrence(s)]
DEBUG --> [REQ_ID=9d4229fd16db] [LIFECYCLE][END] status=200 duration_ms=509.08 memory_delta=4194304

[1 occurrence(s)]
DEBUG --> [REQ_ID=9d4229fd16db] [REQUEST][END]

[1 occurrence(s)]
DEBUG --> [REQ_ID=76783416eac8] [REQUEST][START] POST /

[1 occurrence(s)]
DEBUG --> [REQ_ID=5579b50e852d] [REQUEST][START] GET /index.php

[1 occurrence(s)]
DEBUG --> [REQ_ID=5579b50e852d] [FILTER_BEFORE] /index.php

[1 occurrence(s)]
DEBUG --> [REQ_ID=5579b50e852d] [ROUTE] Controller=\App\Controllers\Home Method=index

[1 occurrence(s)]
DEBUG --> [REQ_ID=5579b50e852d] [LIFECYCLE][START] GET https://www.mymiwallet.com/index.php/

[1 occurrence(s)]
DEBUG --> [CSRF] token name=csrf_test_name hash=105325a7796015eefb5faa5e69d4af76

[1 occurrence(s)]
DEBUG --> [REQ_ID=39c88f571647] [INIT] App\Controllers\Home::GET

[1 occurrence(s)]
DEBUG --> [REQ_ID=39c88f571647] [VIEW_RENDER] themes/public/home

[1 occurrence(s)]
DEBUG --> [REQ_ID=5579b50e852d] [FILTER_AFTER]

[1 occurrence(s)]
DEBUG --> [REQ_ID=5579b50e852d] [LIFECYCLE][END] status=200 duration_ms=618.67 memory_delta=4194304

[1 occurrence(s)]
DEBUG --> [REQ_ID=5579b50e852d] [REQUEST][END]

[1 occurrence(s)]
DEBUG --> [REQ_ID=ddea30fd980e] [REQUEST][START] GET /

[1 occurrence(s)]
DEBUG --> [REQ_ID=ddea30fd980e] [FILTER_BEFORE] /

[1 occurrence(s)]
DEBUG --> [REQ_ID=ddea30fd980e] [ROUTE] Controller=\App\Controllers\Home Method=index

[1 occurrence(s)]
DEBUG --> [REQ_ID=ddea30fd980e] [LIFECYCLE][START] GET https://www.mymiwallet.com/index.php/

[1 occurrence(s)]
DEBUG --> [CSRF] token name=csrf_test_name hash=792acce081081fb32858393008fd7df9

[1 occurrence(s)]
DEBUG --> [REQ_ID=ea8fa01c3258] [INIT] App\Controllers\Home::GET

[1 occurrence(s)]
DEBUG --> [REQ_ID=ea8fa01c3258] [VIEW_RENDER] themes/public/home

[1 occurrence(s)]
DEBUG --> [REQ_ID=ddea30fd980e] [FILTER_AFTER]

[1 occurrence(s)]
DEBUG --> [REQ_ID=ddea30fd980e] [LIFECYCLE][END] status=200 duration_ms=631.22 memory_delta=4194304

[1 occurrence(s)]
DEBUG --> [REQ_ID=ddea30fd980e] [REQUEST][END]

[1 occurrence(s)]
DEBUG --> [REQ_ID=7b4ba6ac3e72] [REQUEST][START] GET /

[1 occurrence(s)]
DEBUG --> [REQ_ID=7b4ba6ac3e72] [FILTER_BEFORE] /

[1 occurrence(s)]
DEBUG --> [REQ_ID=7b4ba6ac3e72] [ROUTE] Controller=\App\Controllers\Home Method=index

[1 occurrence(s)]
DEBUG --> [REQ_ID=7b4ba6ac3e72] [LIFECYCLE][START] GET https://www.mymiwallet.com/index.php/

[1 occurrence(s)]
DEBUG --> [CSRF] token name=csrf_test_name hash=42282576afa79709ac68072463e10e24

[1 occurrence(s)]
DEBUG --> [REQ_ID=4b034b0178f6] [INIT] App\Controllers\Home::GET

[1 occurrence(s)]
DEBUG --> [REQ_ID=228808596ecd] [REQUEST][START] GET /

[1 occurrence(s)]
DEBUG --> [REQ_ID=228808596ecd] [FILTER_BEFORE] /

[1 occurrence(s)]
DEBUG --> [REQ_ID=228808596ecd] [ROUTE] Controller=\App\Controllers\Home Method=index

[1 occurrence(s)]
DEBUG --> [REQ_ID=228808596ecd] [LIFECYCLE][START] GET https://www.mymiwallet.com/index.php/

[1 occurrence(s)]
DEBUG --> [CSRF] token name=csrf_test_name hash=b4b4d63e3dd2d1195fee85a32010e437

[1 occurrence(s)]
DEBUG --> [REQ_ID=93b0f6c0b152] [INIT] App\Controllers\Home::GET

[1 occurrence(s)]
DEBUG --> [REQ_ID=4b034b0178f6] [VIEW_RENDER] themes/public/home

[1 occurrence(s)]
DEBUG --> [REQ_ID=7b4ba6ac3e72] [FILTER_AFTER]

[1 occurrence(s)]
DEBUG --> [REQ_ID=7b4ba6ac3e72] [LIFECYCLE][END] status=200 duration_ms=525.10 memory_delta=2097152

[1 occurrence(s)]
DEBUG --> [REQ_ID=7b4ba6ac3e72] [REQUEST][END]

[1 occurrence(s)]
DEBUG --> [REQ_ID=93b0f6c0b152] [VIEW_RENDER] themes/public/home

[1 occurrence(s)]
DEBUG --> [REQ_ID=228808596ecd] [FILTER_AFTER]

[1 occurrence(s)]
DEBUG --> [REQ_ID=228808596ecd] [LIFECYCLE][END] status=200 duration_ms=565.38 memory_delta=4194304

[1 occurrence(s)]
DEBUG --> [REQ_ID=228808596ecd] [REQUEST][END]

[1 occurrence(s)]
DEBUG --> [REQ_ID=a03603650093] [REQUEST][START] GET /

[1 occurrence(s)]
DEBUG --> [REQ_ID=a03603650093] [FILTER_BEFORE] /

[1 occurrence(s)]
DEBUG --> [REQ_ID=a03603650093] [ROUTE] Controller=\App\Controllers\Home Method=index

[1 occurrence(s)]
DEBUG --> [REQ_ID=a03603650093] [LIFECYCLE][START] GET https://www.mymiwallet.com/index.php/

[1 occurrence(s)]
DEBUG --> [CSRF] token name=csrf_test_name hash=cdf71bf5798bcac35a7b61400176922d

[1 occurrence(s)]
DEBUG --> [REQ_ID=d60e1960539f] [INIT] App\Controllers\Home::GET

[1 occurrence(s)]
DEBUG --> [REQ_ID=d60e1960539f] [VIEW_RENDER] themes/public/home

[1 occurrence(s)]
DEBUG --> [REQ_ID=a03603650093] [FILTER_AFTER]

[1 occurrence(s)]
DEBUG --> [REQ_ID=a03603650093] [LIFECYCLE][END] status=200 duration_ms=518.00 memory_delta=2097152

[1 occurrence(s)]
DEBUG --> [REQ_ID=a03603650093] [REQUEST][END]

[1 occurrence(s)]
DEBUG --> [REQ_ID=69b6d6bf36e2] [REQUEST][START] HEAD /

[1 occurrence(s)]
DEBUG --> [REQ_ID=ec6bf77d67f5] [REQUEST][START] HEAD /

[1 occurrence(s)]
DEBUG --> [REQ_ID=88aed8547d89] [REQUEST][START] HEAD /

[1 occurrence(s)]
DEBUG --> [REQ_ID=4bf6a8d993e0] [REQUEST][START] GET /

[1 occurrence(s)]
DEBUG --> [REQ_ID=4bf6a8d993e0] [FILTER_BEFORE] /

[1 occurrence(s)]
DEBUG --> [REQ_ID=4bf6a8d993e0] [ROUTE] Controller=\App\Controllers\Home Method=index

[1 occurrence(s)]
DEBUG --> [REQ_ID=4bf6a8d993e0] [LIFECYCLE][START] GET https://www.mymiwallet.com/index.php/

[1 occurrence(s)]
DEBUG --> [CSRF] token name=csrf_test_name hash=219b2c64b629619afa942d2c9027868a

[1 occurrence(s)]
DEBUG --> [REQ_ID=3ea6c857011e] [INIT] App\Controllers\Home::GET

[1 occurrence(s)]
DEBUG --> [REQ_ID=3ea6c857011e] [VIEW_RENDER] themes/public/home

[1 occurrence(s)]
DEBUG --> [REQ_ID=4bf6a8d993e0] [FILTER_AFTER]

[1 occurrence(s)]
DEBUG --> [REQ_ID=4bf6a8d993e0] [LIFECYCLE][END] status=200 duration_ms=680.62 memory_delta=4194304

[1 occurrence(s)]
DEBUG --> [REQ_ID=4bf6a8d993e0] [REQUEST][END]

[1 occurrence(s)]
DEBUG --> [REQ_ID=0a8a4c2110e3] [REQUEST][START] GET /index.php/API/Management/Run-CRON-Tasks

[1 occurrence(s)]
DEBUG --> [REQ_ID=0a8a4c2110e3] [FILTER_BEFORE] /index.php/API/Management/Run-CRON-Tasks

[1 occurrence(s)]
DEBUG --> [REQ_ID=0a8a4c2110e3] [ROUTE] Controller=\App\Modules\Management\Controllers\ManagementAPIController Method=Run_CRON_Tasks

[1 occurrence(s)]
DEBUG --> [REQ_ID=0a8a4c2110e3] [LIFECYCLE][START] GET https://www.mymiwallet.com/index.php/API/Management/Run-CRON-Tasks

[1 occurrence(s)]
DEBUG --> [REQ_ID=0a8a4c2110e3] [REQUEST][END]

[1 occurrence(s)]
DEBUG --> [REQ_ID=96a994c2adeb] [REQUEST][START] GET /

[1 occurrence(s)]
DEBUG --> [REQ_ID=96a994c2adeb] [FILTER_BEFORE] /

[1 occurrence(s)]
DEBUG --> [REQ_ID=96a994c2adeb] [ROUTE] Controller=\App\Controllers\Home Method=index

[1 occurrence(s)]
DEBUG --> [REQ_ID=96a994c2adeb] [LIFECYCLE][START] GET https://www.mymiwallet.com/index.php/

[1 occurrence(s)]
DEBUG --> [CSRF] token name=csrf_test_name hash=792735efb1f7ee6d91f8808fb4fa6a29

[1 occurrence(s)]
DEBUG --> [REQ_ID=83f01c14746e] [INIT] App\Controllers\Home::GET

[1 occurrence(s)]
DEBUG --> [REQ_ID=83f01c14746e] [VIEW_RENDER] themes/public/home

[1 occurrence(s)]
DEBUG --> [REQ_ID=96a994c2adeb] [FILTER_AFTER]

[1 occurrence(s)]
DEBUG --> [REQ_ID=96a994c2adeb] [LIFECYCLE][END] status=200 duration_ms=777.43 memory_delta=4194304

[1 occurrence(s)]
DEBUG --> [REQ_ID=96a994c2adeb] [REQUEST][END]

[1 occurrence(s)]
DEBUG --> [REQ_ID=5144e0fdebd6] [REQUEST][START] GET /index.php/API/Alerts/fetchEmailAlerts

[1 occurrence(s)]
DEBUG --> [REQ_ID=5144e0fdebd6] [FILTER_BEFORE] /index.php/API/Alerts/fetchEmailAlerts

[1 occurrence(s)]
DEBUG --> [REQ_ID=5144e0fdebd6] [ROUTE] Controller=\App\Modules\APIs\Controllers\AlertsAPIController Method=fetchEmailAlerts

[1 occurrence(s)]
DEBUG --> [REQ_ID=5144e0fdebd6] [LIFECYCLE][START] GET https://www.mymiwallet.com/index.php/API/Alerts/fetchEmailAlerts

[1 occurrence(s)]
DEBUG --> [REQ_ID=5144e0fdebd6] [REQUEST][END]

[1 occurrence(s)]
DEBUG --> [REQ_ID=056f2b9baec7] [REQUEST][START] GET /index.php/Features/Brokerage-Integration

[1 occurrence(s)]
DEBUG --> [REQ_ID=1654dc9a4b2f] [REQUEST][START] GET /index.php/Management/Alerts/share-template?symbol=GRAB

[1 occurrence(s)]
DEBUG --> [REQ_ID=ed43f598cc86] [REQUEST][START] GET /index.php/API/Management/Run-CRON-Tasks

[1 occurrence(s)]
DEBUG --> [REQ_ID=ed43f598cc86] [FILTER_BEFORE] /index.php/API/Management/Run-CRON-Tasks

[1 occurrence(s)]
DEBUG --> [REQ_ID=ed43f598cc86] [ROUTE] Controller=\App\Modules\Management\Controllers\ManagementAPIController Method=Run_CRON_Tasks

[1 occurrence(s)]
DEBUG --> [REQ_ID=ed43f598cc86] [LIFECYCLE][START] GET https://www.mymiwallet.com/index.php/API/Management/Run-CRON-Tasks

[1 occurrence(s)]
DEBUG --> [REQ_ID=ed43f598cc86] [REQUEST][END]

[1 occurrence(s)]
DEBUG --> LOG_HEALTHCHECK debug marker=e995ec7d9070

[1 occurrence(s)]
DEBUG --> [REQ_ID=48d8e455acac] [REQUEST][START] GET /index.php/How-It-Works/Purchase-MyMI-Gold

[1 occurrence(s)]
DEBUG --> [REQ_ID=48d8e455acac] [FILTER_BEFORE] /index.php/How-It-Works/Purchase-MyMI-Gold

[1 occurrence(s)]
DEBUG --> [REQ_ID=48d8e455acac] [ROUTE] Controller=\App\Modules\Blog\Controllers\HowItWorksController Method=show

[1 occurrence(s)]
DEBUG --> [REQ_ID=48d8e455acac] [LIFECYCLE][START] GET https://www.mymiwallet.com/index.php/How-It-Works/Purchase-MyMI-Gold

[1 occurrence(s)]
DEBUG --> [CSRF] token name=csrf_test_name hash=160169d39df7d4c214c6f0b05e9e11db

[1 occurrence(s)]
DEBUG --> [REQ_ID=765902196b7d] [INIT] App\Modules\Blog\Controllers\HowItWorksController::GET

[1 occurrence(s)]
DEBUG --> [REQ_ID=765902196b7d] [METHOD_ENTRY] show

[1 occurrence(s)]
DEBUG --> [REQ_ID=48d8e455acac] [FILTER_AFTER]

[1 occurrence(s)]
DEBUG --> [REQ_ID=48d8e455acac] [LIFECYCLE][END] status=404 duration_ms=103.40 memory_delta=2097152

[1 occurrence(s)]
DEBUG --> [REQ_ID=48d8e455acac] [REQUEST][END]

[1 occurrence(s)]
DEBUG --> [REQ_ID=b251bb316abb] [REQUEST][START] GET /

[1 occurrence(s)]
DEBUG --> [REQ_ID=b251bb316abb] [FILTER_BEFORE] /

[1 occurrence(s)]
DEBUG --> [REQ_ID=b251bb316abb] [ROUTE] Controller=\App\Controllers\Home Method=index

[1 occurrence(s)]
DEBUG --> [REQ_ID=b251bb316abb] [LIFECYCLE][START] GET https://www.mymiwallet.com/index.php/

[1 occurrence(s)]
DEBUG --> [CSRF] token name=csrf_test_name hash=e0d0f0177f40b45200f0d8343c2e84eb

[1 occurrence(s)]
DEBUG --> [REQ_ID=e9cdbc6b7942] [INIT] App\Controllers\Home::GET

[1 occurrence(s)]
DEBUG --> [REQ_ID=e9cdbc6b7942] [VIEW_RENDER] themes/public/home

[1 occurrence(s)]
DEBUG --> [REQ_ID=b251bb316abb] [FILTER_AFTER]

[1 occurrence(s)]
DEBUG --> [REQ_ID=b251bb316abb] [LIFECYCLE][END] status=200 duration_ms=627.10 memory_delta=4194304

[1 occurrence(s)]
DEBUG --> [REQ_ID=b251bb316abb] [REQUEST][END]

[1 occurrence(s)]
DEBUG --> [REQ_ID=4f6cb2b41885] [REQUEST][START] GET /index.php/login

[1 occurrence(s)]
DEBUG --> [REQ_ID=4f6cb2b41885] [FILTER_BEFORE] /index.php/login

[1 occurrence(s)]
DEBUG --> [REQ_ID=4f6cb2b41885] [ROUTE] Controller=\App\Controllers\AuthController Method=login

[1 occurrence(s)]
DEBUG --> [REQ_ID=4f6cb2b41885] [LIFECYCLE][START] GET https://www.mymiwallet.com/index.php/login

[1 occurrence(s)]
DEBUG --> [CSRF] token name=csrf_test_name hash=d7f065f16a4baf10f047baad5f8e84e9

[1 occurrence(s)]
DEBUG --> [REQ_ID=7b85f07833f6] [INIT] App\Controllers\AuthController::GET

[1 occurrence(s)]
DEBUG --> [REQ_ID=4f6cb2b41885] [FILTER_AFTER]

[1 occurrence(s)]
DEBUG --> [REQ_ID=4f6cb2b41885] [LIFECYCLE][END] status=200 duration_ms=66.79 memory_delta=0

[1 occurrence(s)]
DEBUG --> [REQ_ID=4f6cb2b41885] [REQUEST][END]

[1 occurrence(s)]
DEBUG --> [REQ_ID=311f23d12c65] [REQUEST][START] GET /index.php/API/Alerts/fetchEmailAlerts

[1 occurrence(s)]
DEBUG --> [REQ_ID=311f23d12c65] [FILTER_BEFORE] /index.php/API/Alerts/fetchEmailAlerts

[1 occurrence(s)]
DEBUG --> [REQ_ID=311f23d12c65] [ROUTE] Controller=\App\Modules\APIs\Controllers\AlertsAPIController Method=fetchEmailAlerts

[1 occurrence(s)]
DEBUG --> [REQ_ID=311f23d12c65] [LIFECYCLE][START] GET https://www.mymiwallet.com/index.php/API/Alerts/fetchEmailAlerts

[1 occurrence(s)]
DEBUG --> [REQ_ID=311f23d12c65] [REQUEST][END]

[1 occurrence(s)]
DEBUG --> [REQ_ID=76cddaff471d] [REQUEST][START] GET /

[1 occurrence(s)]
DEBUG --> [REQ_ID=76cddaff471d] [FILTER_BEFORE] /

[1 occurrence(s)]
DEBUG --> [REQ_ID=76cddaff471d] [ROUTE] Controller=\App\Controllers\Home Method=index

[1 occurrence(s)]
DEBUG --> [REQ_ID=76cddaff471d] [LIFECYCLE][START] GET https://www.mymiwallet.com/index.php/

[1 occurrence(s)]
DEBUG --> [CSRF] token name=csrf_test_name hash=86c6d883480efb648f7ccae65c70a5d3

[1 occurrence(s)]
DEBUG --> [REQ_ID=79d92676a088] [INIT] App\Controllers\Home::GET

[1 occurrence(s)]
DEBUG --> [REQ_ID=79d92676a088] [VIEW_RENDER] themes/public/home

[1 occurrence(s)]
DEBUG --> [REQ_ID=76cddaff471d] [FILTER_AFTER]

[1 occurrence(s)]
DEBUG --> [REQ_ID=76cddaff471d] [LIFECYCLE][END] status=200 duration_ms=606.48 memory_delta=4194304

[1 occurrence(s)]
DEBUG --> [REQ_ID=76cddaff471d] [REQUEST][END]

[1 occurrence(s)]
DEBUG --> [REQ_ID=1065e67f31e1] [REQUEST][START] GET /index.php/API/Management/Run-CRON-Tasks

[1 occurrence(s)]
DEBUG --> [REQ_ID=1065e67f31e1] [FILTER_BEFORE] /index.php/API/Management/Run-CRON-Tasks

[1 occurrence(s)]
DEBUG --> [REQ_ID=1065e67f31e1] [ROUTE] Controller=\App\Modules\Management\Controllers\ManagementAPIController Method=Run_CRON_Tasks

[1 occurrence(s)]
DEBUG --> [REQ_ID=1065e67f31e1] [LIFECYCLE][START] GET https://www.mymiwallet.com/index.php/API/Management/Run-CRON-Tasks

[1 occurrence(s)]
DEBUG --> [REQ_ID=1065e67f31e1] [REQUEST][END]

[1 occurrence(s)]
DEBUG --> [REQ_ID=0cbbf1b9b5fd] [REQUEST][START] GET /

[1 occurrence(s)]
DEBUG --> [REQ_ID=0cbbf1b9b5fd] [FILTER_BEFORE] /

[1 occurrence(s)]
DEBUG --> [REQ_ID=0cbbf1b9b5fd] [ROUTE] Controller=\App\Controllers\Home Method=index

[1 occurrence(s)]
DEBUG --> [REQ_ID=0cbbf1b9b5fd] [LIFECYCLE][START] GET https://www.mymiwallet.com/index.php/

[1 occurrence(s)]
DEBUG --> [CSRF] token name=csrf_test_name hash=bd7a97072738c96182475b1dd499c311

[1 occurrence(s)]
DEBUG --> [REQ_ID=556e92b04474] [INIT] App\Controllers\Home::GET

[1 occurrence(s)]
DEBUG --> [REQ_ID=556e92b04474] [VIEW_RENDER] themes/public/home

[1 occurrence(s)]
DEBUG --> [REQ_ID=0cbbf1b9b5fd] [FILTER_AFTER]

[1 occurrence(s)]
DEBUG --> [REQ_ID=0cbbf1b9b5fd] [LIFECYCLE][END] status=200 duration_ms=596.89 memory_delta=4194304

[1 occurrence(s)]
DEBUG --> [REQ_ID=0cbbf1b9b5fd] [REQUEST][END]

[1 occurrence(s)]
DEBUG --> [REQ_ID=cbe986eb95c5] [REQUEST][START] GET /index.php/API/Alerts/fetchEmailAlerts

[1 occurrence(s)]
DEBUG --> [REQ_ID=cbe986eb95c5] [FILTER_BEFORE] /index.php/API/Alerts/fetchEmailAlerts

[1 occurrence(s)]
DEBUG --> [REQ_ID=cbe986eb95c5] [ROUTE] Controller=\App\Modules\APIs\Controllers\AlertsAPIController Method=fetchEmailAlerts

[1 occurrence(s)]
DEBUG --> [REQ_ID=cbe986eb95c5] [LIFECYCLE][START] GET https://www.mymiwallet.com/index.php/API/Alerts/fetchEmailAlerts

[1 occurrence(s)]
DEBUG --> [REQ_ID=cbe986eb95c5] [REQUEST][END]

[1 occurrence(s)]
DEBUG --> [REQ_ID=c6af650f6f6e] [REQUEST][START] GET /index.php/Getting-Started

[1 occurrence(s)]
DEBUG --> [REQ_ID=c6af650f6f6e] [FILTER_BEFORE] /index.php/Getting-Started

[1 occurrence(s)]
DEBUG --> [REQ_ID=c6af650f6f6e] [ROUTE] Controller=\App\Controllers\Home Method=gettingStarted

[1 occurrence(s)]
DEBUG --> [REQ_ID=c6af650f6f6e] [LIFECYCLE][START] GET https://www.mymiwallet.com/index.php/Getting-Started

[1 occurrence(s)]
DEBUG --> [CSRF] token name=csrf_test_name hash=9e14618499c3d07e50fbdc4dd7f73f0b

[1 occurrence(s)]
DEBUG --> [REQ_ID=3aaf4a2e7178] [INIT] App\Controllers\Home::GET

[1 occurrence(s)]
DEBUG --> [MetaService] slug=getting-started pageName= cacheHit= path=DB

[1 occurrence(s)]
DEBUG --> [REQ_ID=3aaf4a2e7178] [VIEW_RENDER] themes/public/gettingStarted

[1 occurrence(s)]
DEBUG --> [MetaService] slug=getting-started pageName=Getting Started cacheHit= path=DB

[1 occurrence(s)]
DEBUG --> [REQ_ID=c6af650f6f6e] [FILTER_AFTER]

[1 occurrence(s)]
DEBUG --> [REQ_ID=c6af650f6f6e] [LIFECYCLE][END] status=200 duration_ms=679.40 memory_delta=4194304

[1 occurrence(s)]
DEBUG --> [REQ_ID=c6af650f6f6e] [REQUEST][END]

[1 occurrence(s)]
DEBUG --> [REQ_ID=7d3047e8e9e6] [REQUEST][START] GET /index.php/How-It-Works/Registering-An-Account

[1 occurrence(s)]
DEBUG --> [REQ_ID=7d3047e8e9e6] [FILTER_BEFORE] /index.php/How-It-Works/Registering-An-Account

[1 occurrence(s)]
DEBUG --> [REQ_ID=7d3047e8e9e6] [ROUTE] Controller=\App\Modules\Blog\Controllers\HowItWorksController Method=show

[1 occurrence(s)]
DEBUG --> [REQ_ID=7d3047e8e9e6] [LIFECYCLE][START] GET https://www.mymiwallet.com/index.php/How-It-Works/Registering-An-Account

[1 occurrence(s)]
DEBUG --> [CSRF] token name=csrf_test_name hash=e7468c501ae2bac903670a851d103bfb

[1 occurrence(s)]
DEBUG --> [REQ_ID=28ef5e0e4af1] [INIT] App\Modules\Blog\Controllers\HowItWorksController::GET

[1 occurrence(s)]
DEBUG --> [REQ_ID=28ef5e0e4af1] [METHOD_ENTRY] show

[1 occurrence(s)]
DEBUG --> [REQ_ID=28ef5e0e4af1] [VIEW_RENDER] App\Modules\Blog\Views\HowItWorks\Registering_An_Account

[1 occurrence(s)]
DEBUG --> [REQ_ID=7d3047e8e9e6] [FILTER_AFTER]

[1 occurrence(s)]
DEBUG --> [REQ_ID=7d3047e8e9e6] [LIFECYCLE][END] status=200 duration_ms=1,278.75 memory_delta=8388608

[1 occurrence(s)]
DEBUG --> [REQ_ID=7d3047e8e9e6] [REQUEST][END]

[1 occurrence(s)]
DEBUG --> [REQ_ID=061d11f19049] [REQUEST][START] GET /

[1 occurrence(s)]
DEBUG --> [REQ_ID=061d11f19049] [FILTER_BEFORE] /

[1 occurrence(s)]
DEBUG --> [REQ_ID=061d11f19049] [ROUTE] Controller=\App\Controllers\Home Method=index

[1 occurrence(s)]
DEBUG --> [REQ_ID=061d11f19049] [LIFECYCLE][START] GET https://www.mymiwallet.com/index.php/

[7 occurrence(s)]
DEBUG --> [CSRF] token name=csrf_test_name hash=49c31cc22000267f5124e685dac61a77

[1 occurrence(s)]
DEBUG --> [REQ_ID=e6a9ec4d1a25] [INIT] App\Controllers\Home::GET

[1 occurrence(s)]
DEBUG --> [REQ_ID=e6a9ec4d1a25] [VIEW_RENDER] themes/public/home

[1 occurrence(s)]
DEBUG --> [REQ_ID=061d11f19049] [FILTER_AFTER]

[1 occurrence(s)]
DEBUG --> [REQ_ID=061d11f19049] [LIFECYCLE][END] status=200 duration_ms=628.87 memory_delta=4194304

[1 occurrence(s)]
DEBUG --> [REQ_ID=061d11f19049] [REQUEST][END]

[1 occurrence(s)]
DEBUG --> [REQ_ID=b229f0a05caf] [REQUEST][START] GET /index.php/How-It-Works/Investment-Dashboard

[1 occurrence(s)]
DEBUG --> [REQ_ID=b229f0a05caf] [FILTER_BEFORE] /index.php/How-It-Works/Investment-Dashboard

[1 occurrence(s)]
DEBUG --> [REQ_ID=b229f0a05caf] [ROUTE] Controller=\App\Modules\Blog\Controllers\HowItWorksController Method=show

[1 occurrence(s)]
DEBUG --> [REQ_ID=b229f0a05caf] [LIFECYCLE][START] GET https://www.mymiwallet.com/index.php/How-It-Works/Investment-Dashboard

[1 occurrence(s)]
DEBUG --> [REQ_ID=84661c4a1ad5] [INIT] App\Modules\Blog\Controllers\HowItWorksController::GET

[1 occurrence(s)]
DEBUG --> [REQ_ID=84661c4a1ad5] [METHOD_ENTRY] show

[1 occurrence(s)]
DEBUG --> [REQ_ID=84661c4a1ad5] [VIEW_RENDER] App\Modules\Blog\Views\HowItWorks\Investment_Portfolio_Management

[1 occurrence(s)]
DEBUG --> [REQ_ID=b229f0a05caf] [FILTER_AFTER]

[1 occurrence(s)]
DEBUG --> [REQ_ID=b229f0a05caf] [LIFECYCLE][END] status=200 duration_ms=1,008.75 memory_delta=6291456

[1 occurrence(s)]
DEBUG --> [REQ_ID=b229f0a05caf] [REQUEST][END]

[1 occurrence(s)]
DEBUG --> [REQ_ID=8794908c8f5b] [REQUEST][START] POST /index.php/register

[1 occurrence(s)]
DEBUG --> [REQ_ID=8794908c8f5b] [FILTER_BEFORE] /index.php/register

[1 occurrence(s)]
DEBUG --> [REQ_ID=8794908c8f5b] [ROUTE] Controller=\App\Controllers\AuthController Method=attemptRegister

[1 occurrence(s)]
DEBUG --> [REQ_ID=8794908c8f5b] [LIFECYCLE][START] POST https://www.mymiwallet.com/index.php/register

[1 occurrence(s)]
DEBUG --> [REQ_ID=f605bf676699] [INIT] App\Controllers\AuthController::POST

[1 occurrence(s)]
DEBUG --> [REQ_ID=8794908c8f5b] [FILTER_AFTER]

[1 occurrence(s)]
DEBUG --> [REQ_ID=8794908c8f5b] [LIFECYCLE][END] status=302 duration_ms=126.73 memory_delta=0

[1 occurrence(s)]
DEBUG --> [REQ_ID=8794908c8f5b] [REQUEST][END]

[1 occurrence(s)]
DEBUG --> [REQ_ID=cb2b7901d28a] [REQUEST][START] GET /index.php/How-It-Works/Investment-Dashboard

[1 occurrence(s)]
DEBUG --> [REQ_ID=cb2b7901d28a] [FILTER_BEFORE] /index.php/How-It-Works/Investment-Dashboard

[1 occurrence(s)]
DEBUG --> [REQ_ID=cb2b7901d28a] [ROUTE] Controller=\App\Modules\Blog\Controllers\HowItWorksController Method=show

[1 occurrence(s)]
DEBUG --> [REQ_ID=cb2b7901d28a] [LIFECYCLE][START] GET https://www.mymiwallet.com/index.php/How-It-Works/Investment-Dashboard

[1 occurrence(s)]
DEBUG --> [REQ_ID=38f275057c43] [INIT] App\Modules\Blog\Controllers\HowItWorksController::GET

[1 occurrence(s)]
DEBUG --> [REQ_ID=38f275057c43] [METHOD_ENTRY] show

[1 occurrence(s)]
DEBUG --> [REQ_ID=38f275057c43] [VIEW_RENDER] App\Modules\Blog\Views\HowItWorks\Investment_Portfolio_Management

[1 occurrence(s)]
DEBUG --> [REQ_ID=cb2b7901d28a] [FILTER_AFTER]

[1 occurrence(s)]
DEBUG --> [REQ_ID=cb2b7901d28a] [LIFECYCLE][END] status=200 duration_ms=1,051.55 memory_delta=6291456

[1 occurrence(s)]
DEBUG --> [REQ_ID=cb2b7901d28a] [REQUEST][END]

[1 occurrence(s)]
DEBUG --> [REQ_ID=96e78d9efc48] [REQUEST][START] GET /index.php/login

[1 occurrence(s)]
DEBUG --> [REQ_ID=96e78d9efc48] [FILTER_BEFORE] /index.php/login

[1 occurrence(s)]
DEBUG --> [REQ_ID=96e78d9efc48] [ROUTE] Controller=\App\Controllers\AuthController Method=login

[1 occurrence(s)]
DEBUG --> [REQ_ID=96e78d9efc48] [LIFECYCLE][START] GET https://www.mymiwallet.com/index.php/login

[1 occurrence(s)]
DEBUG --> [REQ_ID=80910796a434] [INIT] App\Controllers\AuthController::GET

[1 occurrence(s)]
DEBUG --> [REQ_ID=96e78d9efc48] [FILTER_AFTER]

[1 occurrence(s)]
DEBUG --> [REQ_ID=96e78d9efc48] [LIFECYCLE][END] status=200 duration_ms=17.49 memory_delta=0

[1 occurrence(s)]
DEBUG --> [REQ_ID=96e78d9efc48] [REQUEST][END]

[1 occurrence(s)]
DEBUG --> [REQ_ID=f7ca97b97a75] [REQUEST][START] POST /index.php/login

[1 occurrence(s)]
DEBUG --> [REQ_ID=f7ca97b97a75] [FILTER_BEFORE] /index.php/login

[1 occurrence(s)]
DEBUG --> [REQ_ID=f7ca97b97a75] [ROUTE] Controller=\App\Controllers\AuthController Method=attemptLogin

[1 occurrence(s)]
DEBUG --> [REQ_ID=f7ca97b97a75] [LIFECYCLE][START] POST https://www.mymiwallet.com/index.php/login

[1 occurrence(s)]
DEBUG --> [REQ_ID=0eac2f053fa0] [INIT] App\Controllers\AuthController::POST

[1 occurrence(s)]
DEBUG --> Auth attemptLogin() called with login identifier: #gsduerisrnz, remember: false

[1 occurrence(s)]
DEBUG --> Auth attemptLogin() called. redirect_url in session: https://www.mymiwallet.com/index.php/How-It-Works/Investment-Dashboard

[1 occurrence(s)]
DEBUG --> Auth credentials normalised for attempt using key "username"

[1 occurrence(s)]
DEBUG --> Auth attempt failed for identifier #gsduerisrnz. Error: Unable to log you in. Please check your credentials.

[1 occurrence(s)]
DEBUG --> [REQ_ID=f7ca97b97a75] [FILTER_AFTER]

[1 occurrence(s)]
DEBUG --> [REQ_ID=f7ca97b97a75] [LIFECYCLE][END] status=302 duration_ms=33.90 memory_delta=0

[1 occurrence(s)]
DEBUG --> [REQ_ID=f7ca97b97a75] [REQUEST][END]

[1 occurrence(s)]
DEBUG --> [REQ_ID=a118bf38df71] [REQUEST][START] GET /index.php/login

[1 occurrence(s)]
DEBUG --> [REQ_ID=a118bf38df71] [FILTER_BEFORE] /index.php/login

[1 occurrence(s)]
DEBUG --> [REQ_ID=a118bf38df71] [ROUTE] Controller=\App\Controllers\AuthController Method=login

[1 occurrence(s)]
DEBUG --> [REQ_ID=a118bf38df71] [LIFECYCLE][START] GET https://www.mymiwallet.com/index.php/login

[1 occurrence(s)]
DEBUG --> [REQ_ID=94b63701d12e] [INIT] App\Controllers\AuthController::GET

[1 occurrence(s)]
DEBUG --> [REQ_ID=a118bf38df71] [FILTER_AFTER]

[1 occurrence(s)]
DEBUG --> [REQ_ID=a118bf38df71] [LIFECYCLE][END] status=200 duration_ms=15.21 memory_delta=0

[1 occurrence(s)]
DEBUG --> [REQ_ID=a118bf38df71] [REQUEST][END]

[1 occurrence(s)]
DEBUG --> [REQ_ID=80671fbd-6ea4-4ffd-a233-6a1e5de4fb11] [REQUEST][START] GET /

[1 occurrence(s)]
DEBUG --> [REQ_ID=b513b478-560c-4c70-a69b-3982650fa142] [REQUEST][START] GET /

[1 occurrence(s)]
DEBUG --> [REQ_ID=80671fbd-6ea4-4ffd-a233-6a1e5de4fb11] [FILTER_BEFORE] /

[1 occurrence(s)]
DEBUG --> [REQ_ID=80671fbd-6ea4-4ffd-a233-6a1e5de4fb11] [ROUTE] Controller=\App\Controllers\Home Method=index

[1 occurrence(s)]
DEBUG --> [REQ_ID=80671fbd-6ea4-4ffd-a233-6a1e5de4fb11] [LIFECYCLE][START] GET https://www.mymiwallet.com/index.php/

[1 occurrence(s)]
DEBUG --> [REQ_ID=b513b478-560c-4c70-a69b-3982650fa142] [FILTER_BEFORE] /

[1 occurrence(s)]
DEBUG --> [REQ_ID=b513b478-560c-4c70-a69b-3982650fa142] [ROUTE] Controller=\App\Controllers\Home Method=index

[1 occurrence(s)]
DEBUG --> [REQ_ID=b513b478-560c-4c70-a69b-3982650fa142] [LIFECYCLE][START] GET https://www.mymiwallet.com/index.php/

[1 occurrence(s)]
DEBUG --> [CSRF] token name=csrf_test_name hash=94b8b995c6ac32d139785554a47625bc

[1 occurrence(s)]
DEBUG --> [REQ_ID=f5bb04753efc] [INIT] App\Controllers\Home::GET

[1 occurrence(s)]
DEBUG --> [CSRF] token name=csrf_test_name hash=9b2b8f155cf5fccfd469ec2bf67ac181

[1 occurrence(s)]
DEBUG --> [REQ_ID=394c191b47eb] [INIT] App\Controllers\Home::GET

[1 occurrence(s)]
DEBUG --> [REQ_ID=f5bb04753efc] [VIEW_RENDER] themes/public/home

[1 occurrence(s)]
DEBUG --> [REQ_ID=80671fbd-6ea4-4ffd-a233-6a1e5de4fb11] [FILTER_AFTER]

[1 occurrence(s)]
DEBUG --> [REQ_ID=80671fbd-6ea4-4ffd-a233-6a1e5de4fb11] [LIFECYCLE][END] status=200 duration_ms=613.17 memory_delta=4194304

[1 occurrence(s)]
DEBUG --> [REQ_ID=80671fbd-6ea4-4ffd-a233-6a1e5de4fb11] [REQUEST][END]

[1 occurrence(s)]
DEBUG --> [REQ_ID=394c191b47eb] [VIEW_RENDER] themes/public/home

[1 occurrence(s)]
DEBUG --> [REQ_ID=b513b478-560c-4c70-a69b-3982650fa142] [FILTER_AFTER]

[1 occurrence(s)]
DEBUG --> [REQ_ID=b513b478-560c-4c70-a69b-3982650fa142] [LIFECYCLE][END] status=200 duration_ms=644.81 memory_delta=4194304

[1 occurrence(s)]
DEBUG --> [REQ_ID=b513b478-560c-4c70-a69b-3982650fa142] [REQUEST][END]

[1 occurrence(s)]
DEBUG --> [REQ_ID=9f015f5228f1] [REQUEST][START] GET /index.php/API/Management/Run-CRON-Tasks

[1 occurrence(s)]
DEBUG --> [REQ_ID=9f015f5228f1] [FILTER_BEFORE] /index.php/API/Management/Run-CRON-Tasks

[1 occurrence(s)]
DEBUG --> [REQ_ID=9f015f5228f1] [ROUTE] Controller=\App\Modules\Management\Controllers\ManagementAPIController Method=Run_CRON_Tasks

[1 occurrence(s)]
DEBUG --> [REQ_ID=9f015f5228f1] [LIFECYCLE][START] GET https://www.mymiwallet.com/index.php/API/Management/Run-CRON-Tasks

[1 occurrence(s)]
DEBUG --> [REQ_ID=9f015f5228f1] [REQUEST][END]


---------------------------
LEVEL: INFO
---------------------------

[73 occurrence(s)]
INFO --> [spark:ops:work] Started

[73 occurrence(s)]
INFO --> [SPARK_START] App\Commands\Ops\Work

[107 occurrence(s)]
INFO --> [SPARK_MEMORY] 16777216

[73 occurrence(s)]
INFO --> [spark:ops:work] Intent

[73 occurrence(s)]
INFO --> [spark:ops:work] Completed

[1 occurrence(s)]
INFO --> [SPARK_COMPLETE] App\Commands\Ops\Work duration=0.028412

[95 occurrence(s)]
INFO --> [SPARK_MEMORY] 18874368

[10 occurrence(s)]
INFO --> [SPARK_START] App\Commands\AIOps\Run

[10 occurrence(s)]
INFO --> [spark:aiops:run] Intent

[1 occurrence(s)]
INFO --> [REQ_ID=ed7c0ed7c1bc] [PERF] Execution time=0.119146

[10 occurrence(s)]
INFO --> [AIOPS][SPARK][GOVERNANCE][spark:logs:summarize] Started

[10 occurrence(s)]
INFO --> [SPARK_START] App\Commands\Logs\Summarize

[10 occurrence(s)]
INFO --> [spark:logs:summarize] Intent

[9 occurrence(s)]
INFO --> [AIOPS][SPARK][GOVERNANCE][spark:logs:summarize] Completed

[1 occurrence(s)]
INFO --> [SPARK_COMPLETE] App\Commands\Logs\Summarize duration=0.002048

[9 occurrence(s)]
INFO --> [spark:app:healthcheck] Started

[9 occurrence(s)]
INFO --> [SPARK_START] App\Commands\App\Healthcheck

[9 occurrence(s)]
INFO --> [spark:app:healthcheck] Intent

[1 occurrence(s)]
INFO --> LOG_HEALTHCHECK info marker=e67c58f1cf27

[9 occurrence(s)]
INFO --> [spark:app:healthcheck] Completed

[1 occurrence(s)]
INFO --> [SPARK_COMPLETE] App\Commands\App\Healthcheck duration=0.054746

[1 occurrence(s)]
INFO --> [SPARK_COMPLETE] App\Commands\AIOps\Run duration=4.100862

[1 occurrence(s)]
INFO --> [REQ_ID=f494273039e8] [MEMORY][controller-start] 6291456

[1 occurrence(s)]
INFO --> [REQ_ID=f494273039e8] [MEMORY][commonData:start] 6291456

[1 occurrence(s)]
INFO --> [REQ_ID=f494273039e8] [MEMORY][commonData:start] 10485760

[5 occurrence(s)]
INFO --> themesMemory usage: 14680064

[1 occurrence(s)]
INFO --> [REQ_ID=f494273039e8] [PERF] Execution time=1.214835

[1 occurrence(s)]
INFO --> [REQ_ID=4116e3b33b9e] [PERF] Execution time=1.259664

[1 occurrence(s)]
INFO --> [REQ_ID=7242032c0018] [MEMORY][controller-start] 6291456

[1 occurrence(s)]
INFO --> [REQ_ID=7242032c0018] [MEMORY][commonData:start] 6291456

[1 occurrence(s)]
INFO --> [REQ_ID=7242032c0018] [MEMORY][commonData:start] 10485760

[48 occurrence(s)]
INFO --> themesMemory usage: 10485760

[1 occurrence(s)]
INFO --> [REQ_ID=7242032c0018] [PERF] Execution time=0.577796

[1 occurrence(s)]
INFO --> [REQ_ID=a08fa5a497f1] [PERF] Execution time=0.619143

[1 occurrence(s)]
INFO --> [SPARK_COMPLETE] App\Commands\Ops\Work duration=0.077108

[1 occurrence(s)]
INFO --> [REQ_ID=5ace25d35499] [PERF] Execution time=0.057724

[1 occurrence(s)]
INFO --> [REQ_ID=5864747e4a26] [MEMORY][controller-start] 4194304

[1 occurrence(s)]
INFO --> [REQ_ID=5864747e4a26] [PERF] Execution time=0.112470

[1 occurrence(s)]
INFO --> [REQ_ID=a6d64c607b60] [PERF] Execution time=0.131312

[1 occurrence(s)]
INFO --> [REQ_ID=10bb8d54d479] [MEMORY][controller-start] 6291456

[1 occurrence(s)]
INFO --> [REQ_ID=10bb8d54d479] [MEMORY][commonData:start] 6291456

[1 occurrence(s)]
INFO --> [REQ_ID=10bb8d54d479] [MEMORY][commonData:start] 10485760

[1 occurrence(s)]
INFO --> [REQ_ID=10bb8d54d479] [PERF] Execution time=1.060638

[1 occurrence(s)]
INFO --> [REQ_ID=38bb196fd22b] [PERF] Execution time=1.106120

[1 occurrence(s)]
INFO --> [SPARK_COMPLETE] App\Commands\Ops\Work duration=0.144451

[1 occurrence(s)]
INFO --> [REQ_ID=b8e3ab630c6f] [PERF] Execution time=0.054866

[1 occurrence(s)]
INFO --> [REQ_ID=04a7e817c5ca] [MEMORY][controller-start] 4194304

[1 occurrence(s)]
INFO --> [REQ_ID=04a7e817c5ca] [PERF] Execution time=0.174901

[1 occurrence(s)]
INFO --> [REQ_ID=f98ee6c3fef4] [PERF] Execution time=0.187600

[1 occurrence(s)]
INFO --> [REQ_ID=ca090c2e5c6b] [PERF] Execution time=0.054137

[1 occurrence(s)]
INFO --> [REQ_ID=3a734d30adb6] [MEMORY][controller-start] 4194304

[1 occurrence(s)]
INFO --> [REQ_ID=3a734d30adb6] [PERF] Execution time=0.058629

[1 occurrence(s)]
INFO --> [REQ_ID=4b0422eec875] [PERF] Execution time=0.070597

[1 occurrence(s)]
INFO --> [SPARK_COMPLETE] App\Commands\Ops\Work duration=0.052797

[1 occurrence(s)]
INFO --> [REQ_ID=8a734c7c0671] [MEMORY][controller-start] 6291456

[1 occurrence(s)]
INFO --> [REQ_ID=8a734c7c0671] [MEMORY][commonData:start] 6291456

[1 occurrence(s)]
INFO --> [REQ_ID=8a734c7c0671] [MEMORY][commonData:start] 10485760

[1 occurrence(s)]
INFO --> [REQ_ID=8a734c7c0671] [PERF] Execution time=0.605565

[1 occurrence(s)]
INFO --> [REQ_ID=c74415f9782b] [PERF] Execution time=0.647037

[1 occurrence(s)]
INFO --> [REQ_ID=420c6ebf5b8b] [PERF] Execution time=0.060056

[1 occurrence(s)]
INFO --> [REQ_ID=40ddf8224133] [MEMORY][controller-start] 4194304

[1 occurrence(s)]
INFO --> [REQ_ID=40ddf8224133] [PERF] Execution time=0.277053

[1 occurrence(s)]
INFO --> [REQ_ID=7780a8e29f54] [PERF] Execution time=0.291143

[1 occurrence(s)]
INFO --> [SPARK_COMPLETE] App\Commands\Ops\Work duration=0.031892

[1 occurrence(s)]
INFO --> [REQ_ID=8a54fb8c4401] [PERF] Execution time=0.039044

[1 occurrence(s)]
INFO --> [REQ_ID=4c6ee8ca2134] [MEMORY][controller-start] 6291456

[1 occurrence(s)]
INFO --> [REQ_ID=4c6ee8ca2134] [MEMORY][commonData:start] 6291456

[1 occurrence(s)]
INFO --> [REQ_ID=4c6ee8ca2134] [MEMORY][commonData:start] 10485760

[1 occurrence(s)]
INFO --> [REQ_ID=4c6ee8ca2134] [PERF] Execution time=0.595256

[1 occurrence(s)]
INFO --> [REQ_ID=b4d5140ed2bd] [PERF] Execution time=0.635363

[1 occurrence(s)]
INFO --> [REQ_ID=a4081858d3da] [PERF] Execution time=0.069388

[1 occurrence(s)]
INFO --> [REQ_ID=0f26249be259] [PERF] Execution time=0.057164

[1 occurrence(s)]
INFO --> [REQ_ID=f0ccc8ae44a9] [MEMORY][controller-start] 4194304

[1 occurrence(s)]
INFO --> [REQ_ID=f0ccc8ae44a9] [PERF] Execution time=0.034369

[1 occurrence(s)]
INFO --> [REQ_ID=b654a4c7557a] [PERF] Execution time=0.046881

[1 occurrence(s)]
INFO --> [SPARK_COMPLETE] App\Commands\Ops\Work duration=0.092498

[1 occurrence(s)]
INFO --> [REQ_ID=07c6427235b8] [PERF] Execution time=0.061879

[1 occurrence(s)]
INFO --> [REQ_ID=d367fb616fd4] [PERF] Execution time=0.052629

[1 occurrence(s)]
INFO --> [REQ_ID=cd84c181ea8a] [MEMORY][controller-start] 4194304

[1 occurrence(s)]
INFO --> [REQ_ID=cd84c181ea8a] [PERF] Execution time=0.058835

[1 occurrence(s)]
INFO --> [REQ_ID=4a2e53725467] [PERF] Execution time=0.069852

[1 occurrence(s)]
INFO --> [REQ_ID=3d24fc40526b] [PERF] Execution time=0.014269

[1 occurrence(s)]
INFO --> [REQ_ID=84fa995d52cc] [MEMORY][controller-start] 4194304

[1 occurrence(s)]
INFO --> [REQ_ID=84fa995d52cc] [PERF] Execution time=0.019247

[1 occurrence(s)]
INFO --> [REQ_ID=081c4bc98593] [PERF] Execution time=0.031656

[1 occurrence(s)]
INFO --> [REQ_ID=3a4e10d01fd8] [PERF] Execution time=0.150300

[1 occurrence(s)]
INFO --> [REQ_ID=4e52f2feaa2d] [PERF] Execution time=0.009974

[1 occurrence(s)]
INFO --> [REQ_ID=700d264413b3] [MEMORY][controller-start] 4194304

[1 occurrence(s)]
INFO --> [REQ_ID=700d264413b3] [PERF] Execution time=0.044048

[1 occurrence(s)]
INFO --> [REQ_ID=6acec0cbf054] [PERF] Execution time=0.056342

[1 occurrence(s)]
INFO --> [REQ_ID=6efbf80b4c64] [PERF] Execution time=0.011225

[1 occurrence(s)]
INFO --> [REQ_ID=e2252204b261] [MEMORY][controller-start] 4194304

[1 occurrence(s)]
INFO --> [REQ_ID=e2252204b261] [PERF] Execution time=0.035612

[1 occurrence(s)]
INFO --> [REQ_ID=ca5e6cd102d0] [PERF] Execution time=0.046241

[1 occurrence(s)]
INFO --> [REQ_ID=c2ddf6b44043] [MEMORY][controller-start] 6291456

[1 occurrence(s)]
INFO --> [REQ_ID=c2ddf6b44043] [MEMORY][commonData:start] 6291456

[1 occurrence(s)]
INFO --> [REQ_ID=c2ddf6b44043] [MEMORY][commonData:start] 10485760

[1 occurrence(s)]
INFO --> [REQ_ID=c2ddf6b44043] [PERF] Execution time=0.576890

[1 occurrence(s)]
INFO --> [REQ_ID=27e11579d965] [PERF] Execution time=0.618290

[1 occurrence(s)]
INFO --> [SPARK_COMPLETE] App\Commands\Ops\Work duration=0.112945

[1 occurrence(s)]
INFO --> [REQ_ID=01aadd969c2b] [MEMORY][controller-start] 6291456

[1 occurrence(s)]
INFO --> [REQ_ID=01aadd969c2b] [MEMORY][commonData:start] 6291456

[1 occurrence(s)]
INFO --> [REQ_ID=01aadd969c2b] [MEMORY][commonData:start] 10485760

[1 occurrence(s)]
INFO --> [REQ_ID=01aadd969c2b] [PERF] Execution time=0.636077

[1 occurrence(s)]
INFO --> [REQ_ID=13c93e714015] [PERF] Execution time=0.676413

[1 occurrence(s)]
INFO --> [SPARK_COMPLETE] App\Commands\Ops\Work duration=0.052002

[1 occurrence(s)]
INFO --> [REQ_ID=9aabab51876a] [PERF] Execution time=0.056845

[1 occurrence(s)]
INFO --> [REQ_ID=7c61dc5874e6] [MEMORY][controller-start] 4194304

[1 occurrence(s)]
INFO --> [REQ_ID=7c61dc5874e6] [PERF] Execution time=0.057914

[1 occurrence(s)]
INFO --> [REQ_ID=cdd8fc642f0a] [PERF] Execution time=0.071027

[1 occurrence(s)]
INFO --> [REQ_ID=f92fe51437c8] [PERF] Execution time=0.063225

[1 occurrence(s)]
INFO --> [REQ_ID=866521d357c5] [MEMORY][controller-start] 4194304

[1 occurrence(s)]
INFO --> [REQ_ID=866521d357c5] [PERF] Execution time=0.048367

[1 occurrence(s)]
INFO --> [REQ_ID=c3299dd5700d] [PERF] Execution time=0.061455

[1 occurrence(s)]
INFO --> [REQ_ID=c59658462400] [MEMORY][controller-start] 6291456

[1 occurrence(s)]
INFO --> [REQ_ID=c59658462400] [MEMORY][commonData:start] 6291456

[1 occurrence(s)]
INFO --> [REQ_ID=c59658462400] [MEMORY][commonData:start] 10485760

[1 occurrence(s)]
INFO --> [REQ_ID=c59658462400] [PERF] Execution time=0.708858

[1 occurrence(s)]
INFO --> [REQ_ID=d0a7b6354bce] [PERF] Execution time=0.754642

[1 occurrence(s)]
INFO --> [REQ_ID=78a6b9e31d14] [PERF] Execution time=0.027487

[1 occurrence(s)]
INFO --> [SPARK_COMPLETE] App\Commands\Ops\Work duration=0.035375

[1 occurrence(s)]
INFO --> [SPARK_COMPLETE] App\Commands\Logs\Summarize duration=0.004891

[1 occurrence(s)]
INFO --> LOG_HEALTHCHECK info marker=c16bb5892803

[1 occurrence(s)]
INFO --> [SPARK_COMPLETE] App\Commands\App\Healthcheck duration=0.025905

[1 occurrence(s)]
INFO --> [SPARK_COMPLETE] App\Commands\AIOps\Run duration=3.682248

[1 occurrence(s)]
INFO --> [REQ_ID=416255544b73] [PERF] Execution time=0.087085

[1 occurrence(s)]
INFO --> [SPARK_COMPLETE] App\Commands\Ops\Work duration=0.131891

[1 occurrence(s)]
INFO --> [REQ_ID=1b3e8c910d61] [MEMORY][controller-start] 6291456

[7 occurrence(s)]
INFO --> [REGISTRATION] Form loaded

[1 occurrence(s)]
INFO --> [REQ_ID=1b3e8c910d61] [PERF] Execution time=0.132646

[1 occurrence(s)]
INFO --> [REQ_ID=4d7d80f1e12e] [MEMORY][controller-start] 6291456

[1 occurrence(s)]
INFO --> [REQ_ID=4d7d80f1e12e] [MEMORY][commonData:start] 6291456

[1 occurrence(s)]
INFO --> [REQ_ID=4d7d80f1e12e] [MEMORY][commonData:start] 10485760

[1 occurrence(s)]
INFO --> [REQ_ID=4d7d80f1e12e] [PERF] Execution time=0.610096

[1 occurrence(s)]
INFO --> [REQ_ID=ca2f1fd2d24a] [PERF] Execution time=0.651544

[1 occurrence(s)]
INFO --> [SPARK_COMPLETE] App\Commands\Ops\Work duration=0.042741

[1 occurrence(s)]
INFO --> [SPARK_COMPLETE] App\Commands\Ops\Work duration=0.042127

[1 occurrence(s)]
INFO --> [REQ_ID=fd1089ae088d] [MEMORY][controller-start] 6291456

[1 occurrence(s)]
INFO --> [REQ_ID=fd1089ae088d] [MEMORY][commonData:start] 6291456

[1 occurrence(s)]
INFO --> [REQ_ID=fd1089ae088d] [MEMORY][commonData:start] 10485760

[1 occurrence(s)]
INFO --> [REQ_ID=fd1089ae088d] [PERF] Execution time=0.629977

[1 occurrence(s)]
INFO --> [REQ_ID=a45b0b64735b] [PERF] Execution time=0.672626

[1 occurrence(s)]
INFO --> [SPARK_COMPLETE] App\Commands\Ops\Work duration=0.023808

[1 occurrence(s)]
INFO --> [REQ_ID=d9ad35fd9ce8] [PERF] Execution time=0.050233

[1 occurrence(s)]
INFO --> [SPARK_COMPLETE] App\Commands\Ops\Work duration=0.037411

[1 occurrence(s)]
INFO --> [REQ_ID=f231946c2e3f] [PERF] Execution time=0.056418

[1 occurrence(s)]
INFO --> [SPARK_COMPLETE] App\Commands\Ops\Work duration=0.019489

[1 occurrence(s)]
INFO --> [SPARK_COMPLETE] App\Commands\Ops\Work duration=0.066505

[1 occurrence(s)]
INFO --> [SPARK_COMPLETE] App\Commands\Ops\Work duration=0.030454

[1 occurrence(s)]
INFO --> [REQ_ID=1ad6adf57b68] [PERF] Execution time=0.087393

[1 occurrence(s)]
INFO --> [SPARK_COMPLETE] App\Commands\Logs\Summarize duration=0.005983

[1 occurrence(s)]
INFO --> LOG_HEALTHCHECK info marker=cfd12a97395f

[1 occurrence(s)]
INFO --> [SPARK_COMPLETE] App\Commands\App\Healthcheck duration=0.052456

[1 occurrence(s)]
INFO --> [SPARK_COMPLETE] App\Commands\AIOps\Run duration=3.916595

[1 occurrence(s)]
INFO --> [REQ_ID=aa3c0872314f] [MEMORY][controller-start] 6291456

[1 occurrence(s)]
INFO --> [REQ_ID=aa3c0872314f] [PERF] Execution time=0.174199

[1 occurrence(s)]
INFO --> [REQ_ID=b9d6c8317e77] [PERF] Execution time=0.220586

[1 occurrence(s)]
INFO --> [SPARK_COMPLETE] App\Commands\Ops\Work duration=0.090163

[1 occurrence(s)]
INFO --> [REQ_ID=8ec05c3b53cc] [PERF] Execution time=0.062127

[1 occurrence(s)]
INFO --> [REQ_ID=7f02cd32a740] [MEMORY][controller-start] 6291456

[1 occurrence(s)]
INFO --> [REQ_ID=7f02cd32a740] [MEMORY][commonData:start] 6291456

[1 occurrence(s)]
INFO --> [REQ_ID=7f02cd32a740] [MEMORY][commonData:start] 10485760

[1 occurrence(s)]
INFO --> [REQ_ID=7f02cd32a740] [PERF] Execution time=0.714468

[1 occurrence(s)]
INFO --> [REQ_ID=0e8ee0460a47] [PERF] Execution time=0.755997

[1 occurrence(s)]
INFO --> [SPARK_COMPLETE] App\Commands\Ops\Work duration=0.031662

[1 occurrence(s)]
INFO --> [SPARK_COMPLETE] App\Commands\Ops\Work duration=0.036273

[1 occurrence(s)]
INFO --> [REQ_ID=8545c4eb7b62] [PERF] Execution time=0.054693

[1 occurrence(s)]
INFO --> [SPARK_COMPLETE] App\Commands\Ops\Work duration=0.050154

[1 occurrence(s)]
INFO --> [SPARK_COMPLETE] App\Commands\Ops\Work duration=0.100530

[1 occurrence(s)]
INFO --> [REQ_ID=fa1a99742c47] [PERF] Execution time=0.066164

[1 occurrence(s)]
INFO --> [SPARK_COMPLETE] App\Commands\Ops\Work duration=0.095897

[1 occurrence(s)]
INFO --> [REQ_ID=d4e34d7ec25c] [MEMORY][controller-start] 6291456

[1 occurrence(s)]
INFO --> [REQ_ID=d4e34d7ec25c] [MEMORY][commonData:start] 6291456

[1 occurrence(s)]
INFO --> [REQ_ID=d4e34d7ec25c] [MEMORY][commonData:start] 10485760

[1 occurrence(s)]
INFO --> [REQ_ID=d4e34d7ec25c] [PERF] Execution time=0.667842

[1 occurrence(s)]
INFO --> [REQ_ID=16e59cfcc20d] [PERF] Execution time=0.710971

[1 occurrence(s)]
INFO --> [SPARK_COMPLETE] App\Commands\Ops\Work duration=0.088453

[1 occurrence(s)]
INFO --> [REQ_ID=6a33ade04506] [MEMORY][controller-start] 6291456

[1 occurrence(s)]
INFO --> [REQ_ID=6a33ade04506] [MEMORY][commonData:start] 6291456

[1 occurrence(s)]
INFO --> [REQ_ID=6a33ade04506] [MEMORY][commonData:start] 10485760

[1 occurrence(s)]
INFO --> [REQ_ID=6a33ade04506] [PERF] Execution time=1.182613

[1 occurrence(s)]
INFO --> [REQ_ID=374343eee269] [PERF] Execution time=1.226940

[1 occurrence(s)]
INFO --> [REQ_ID=94eaef131367] [PERF] Execution time=0.106338

[1 occurrence(s)]
INFO --> [SPARK_COMPLETE] App\Commands\Ops\Work duration=0.102811

[1 occurrence(s)]
INFO --> [SPARK_COMPLETE] App\Commands\Logs\Summarize duration=0.009005

[1 occurrence(s)]
INFO --> LOG_HEALTHCHECK info marker=971c29773133

[1 occurrence(s)]
INFO --> [SPARK_COMPLETE] App\Commands\App\Healthcheck duration=0.021568

[1 occurrence(s)]
INFO --> [SPARK_COMPLETE] App\Commands\AIOps\Run duration=3.752334

[1 occurrence(s)]
INFO --> [SPARK_COMPLETE] App\Commands\Ops\Work duration=0.191035

[1 occurrence(s)]
INFO --> [REQ_ID=519350644a9e] [PERF] Execution time=0.051917

[1 occurrence(s)]
INFO --> [SPARK_COMPLETE] App\Commands\Ops\Work duration=0.086626

[1 occurrence(s)]
INFO --> [REQ_ID=be396866f85b] [MEMORY][controller-start] 6291456

[1 occurrence(s)]
INFO --> [REQ_ID=be396866f85b] [MEMORY][commonData:start] 6291456

[1 occurrence(s)]
INFO --> [REQ_ID=be396866f85b] [MEMORY][commonData:start] 10485760

[1 occurrence(s)]
INFO --> [REQ_ID=be396866f85b] [PERF] Execution time=0.709175

[1 occurrence(s)]
INFO --> [REQ_ID=59ea458e7116] [PERF] Execution time=0.749394

[1 occurrence(s)]
INFO --> [REQ_ID=ec6f1d6af6ac] [MEMORY][controller-start] 6291456

[1 occurrence(s)]
INFO --> [REQ_ID=ec6f1d6af6ac] [MEMORY][commonData:start] 6291456

[1 occurrence(s)]
INFO --> [REQ_ID=ec6f1d6af6ac] [MEMORY][commonData:start] 10485760

[1 occurrence(s)]
INFO --> [REQ_ID=ec6f1d6af6ac] [PERF] Execution time=0.590828

[1 occurrence(s)]
INFO --> [REQ_ID=43c000017328] [PERF] Execution time=0.636345

[1 occurrence(s)]
INFO --> [SPARK_COMPLETE] App\Commands\Ops\Work duration=0.300155

[1 occurrence(s)]
INFO --> [REQ_ID=d6edd4aaee2b] [MEMORY][controller-start] 6291456

[1 occurrence(s)]
INFO --> [REQ_ID=d6edd4aaee2b] [MEMORY][commonData:start] 6291456

[1 occurrence(s)]
INFO --> [REQ_ID=d6edd4aaee2b] [MEMORY][commonData:start] 10485760

[1 occurrence(s)]
INFO --> [REQ_ID=d6edd4aaee2b] [PERF] Execution time=0.601398

[1 occurrence(s)]
INFO --> [REQ_ID=dd7fb805cec0] [PERF] Execution time=0.642473

[1 occurrence(s)]
INFO --> [SPARK_COMPLETE] App\Commands\Ops\Work duration=0.037815

[1 occurrence(s)]
INFO --> [REQ_ID=c47f8525570d] [PERF] Execution time=0.045756

[1 occurrence(s)]
INFO --> [SPARK_COMPLETE] App\Commands\Ops\Work duration=0.094212

[1 occurrence(s)]
INFO --> [REQ_ID=6c2cb0808632] [PERF] Execution time=0.064038

[1 occurrence(s)]
INFO --> [SPARK_COMPLETE] App\Commands\Ops\Work duration=0.081921

[1 occurrence(s)]
INFO --> [SPARK_COMPLETE] App\Commands\Ops\Work duration=0.042949

[1 occurrence(s)]
INFO --> [REQ_ID=af458b5cd0ad] [MEMORY][controller-start] 6291456

[1 occurrence(s)]
INFO --> [REQ_ID=af458b5cd0ad] [MEMORY][commonData:start] 6291456

[1 occurrence(s)]
INFO --> [REQ_ID=af458b5cd0ad] [MEMORY][commonData:start] 10485760

[1 occurrence(s)]
INFO --> [REQ_ID=af458b5cd0ad] [PERF] Execution time=0.598620

[1 occurrence(s)]
INFO --> [REQ_ID=aa403711c364] [PERF] Execution time=0.639623

[1 occurrence(s)]
INFO --> [REQ_ID=67ce7411d41a] [PERF] Execution time=0.107258

[1 occurrence(s)]
INFO --> [SPARK_COMPLETE] App\Commands\Ops\Work duration=0.206885

[1 occurrence(s)]
INFO --> [SPARK_COMPLETE] App\Commands\Logs\Summarize duration=0.009680

[1 occurrence(s)]
INFO --> LOG_HEALTHCHECK info marker=3ed770ba5342

[1 occurrence(s)]
INFO --> [SPARK_COMPLETE] App\Commands\App\Healthcheck duration=0.031696

[1 occurrence(s)]
INFO --> [SPARK_COMPLETE] App\Commands\AIOps\Run duration=4.110495

[1 occurrence(s)]
INFO --> [SPARK_COMPLETE] App\Commands\Ops\Work duration=0.040445

[1 occurrence(s)]
INFO --> [REQ_ID=0d6206048518] [PERF] Execution time=0.058870

[1 occurrence(s)]
INFO --> [REQ_ID=bcddc19cf136] [MEMORY][controller-start] 6291456

[2 occurrence(s)]
INFO --> [ACTIVATION] Activation link hit

[1 occurrence(s)]
INFO --> [REQ_ID=bcddc19cf136] [PERF] Execution time=0.119982

[1 occurrence(s)]
INFO --> [REQ_ID=c5acf4a7774b] [PERF] Execution time=0.164634

[1 occurrence(s)]
INFO --> [REQ_ID=10b77ef98094] [MEMORY][controller-start] 4194304

[2 occurrence(s)]
INFO --> [REQ_ID=10b77ef98094] [MEMORY][commonData:start] 6291456

[4 occurrence(s)]
INFO --> themesMemory usage: 6291456

[1 occurrence(s)]
INFO --> [REQ_ID=10b77ef98094] [PERF] Execution time=0.078143

[1 occurrence(s)]
INFO --> [REQ_ID=411735488f9d] [PERF] Execution time=0.091834

[1 occurrence(s)]
INFO --> [SPARK_COMPLETE] App\Commands\Ops\Work duration=0.031275

[1 occurrence(s)]
INFO --> [REQ_ID=757b1bbb229e] [MEMORY][controller-start] 6291456

[1 occurrence(s)]
INFO --> [REQ_ID=757b1bbb229e] [MEMORY][commonData:start] 6291456

[1 occurrence(s)]
INFO --> [REQ_ID=757b1bbb229e] [MEMORY][commonData:start] 10485760

[1 occurrence(s)]
INFO --> [REQ_ID=757b1bbb229e] [PERF] Execution time=0.603832

[1 occurrence(s)]
INFO --> [REQ_ID=a6edbfae156a] [PERF] Execution time=0.644325

[1 occurrence(s)]
INFO --> [SPARK_COMPLETE] App\Commands\Ops\Work duration=0.035435

[1 occurrence(s)]
INFO --> [REQ_ID=a52de1f779ea] [PERF] Execution time=0.044980

[1 occurrence(s)]
INFO --> [SPARK_COMPLETE] App\Commands\Ops\Work duration=0.041576

[1 occurrence(s)]
INFO --> [SPARK_COMPLETE] App\Commands\Ops\Work duration=0.101743

[1 occurrence(s)]
INFO --> [REQ_ID=bbb7d383c293] [PERF] Execution time=0.071867

[1 occurrence(s)]
INFO --> [SPARK_COMPLETE] App\Commands\Ops\Work duration=0.094156

[1 occurrence(s)]
INFO --> [SPARK_COMPLETE] App\Commands\Ops\Work duration=0.035170

[1 occurrence(s)]
INFO --> [SPARK_COMPLETE] App\Commands\Ops\Work duration=0.042001

[1 occurrence(s)]
INFO --> [REQ_ID=13af9c980bb7] [PERF] Execution time=0.108481

[1 occurrence(s)]
INFO --> [SPARK_COMPLETE] App\Commands\Logs\Summarize duration=0.010669

[1 occurrence(s)]
INFO --> LOG_HEALTHCHECK info marker=d76379c37a67

[1 occurrence(s)]
INFO --> [SPARK_COMPLETE] App\Commands\App\Healthcheck duration=0.030876

[1 occurrence(s)]
INFO --> [SPARK_COMPLETE] App\Commands\AIOps\Run duration=4.291385

[1 occurrence(s)]
INFO --> [REQ_ID=1a58e1ba4b14] [MEMORY][controller-start] 6291456

[1 occurrence(s)]
INFO --> [REQ_ID=1a58e1ba4b14] [MEMORY][commonData:start] 6291456

[1 occurrence(s)]
INFO --> [REQ_ID=1a58e1ba4b14] [MEMORY][commonData:start] 10485760

[1 occurrence(s)]
INFO --> [REQ_ID=1a58e1ba4b14] [PERF] Execution time=0.650761

[1 occurrence(s)]
INFO --> [REQ_ID=3012eca31576] [PERF] Execution time=0.690803

[1 occurrence(s)]
INFO --> [SPARK_COMPLETE] App\Commands\Ops\Work duration=0.050468

[1 occurrence(s)]
INFO --> [REQ_ID=18dd42089e4f] [PERF] Execution time=0.043530

[1 occurrence(s)]
INFO --> [REQ_ID=bc0feab50435] [MEMORY][controller-start] 4194304

[1 occurrence(s)]
INFO --> [REQ_ID=bc0feab50435] [MEMORY][commonData:start] 6291456

[1 occurrence(s)]
INFO --> [REQ_ID=bc0feab50435] [MEMORY][commonData:start] 8388608

[48 occurrence(s)]
INFO --> themesMemory usage: 8388608

[1 occurrence(s)]
INFO --> [REQ_ID=bc0feab50435] [PERF] Execution time=0.683711

[1 occurrence(s)]
INFO --> [REQ_ID=ec93428b87d4] [PERF] Execution time=0.699615

[1 occurrence(s)]
INFO --> [REQ_ID=62cc4ab49b9c] [MEMORY][controller-start] 6291456

[1 occurrence(s)]
INFO --> [REQ_ID=62cc4ab49b9c] [MEMORY][commonData:start] 6291456

[1 occurrence(s)]
INFO --> [REQ_ID=62cc4ab49b9c] [MEMORY][commonData:start] 10485760

[1 occurrence(s)]
INFO --> [REQ_ID=62cc4ab49b9c] [PERF] Execution time=0.629744

[1 occurrence(s)]
INFO --> [REQ_ID=e7e44b10472d] [PERF] Execution time=0.673665

[1 occurrence(s)]
INFO --> [SPARK_COMPLETE] App\Commands\Ops\Work duration=0.031305

[1 occurrence(s)]
INFO --> [SPARK_COMPLETE] App\Commands\Ops\Work duration=0.108869

[1 occurrence(s)]
INFO --> [REQ_ID=20b21056dff5] [PERF] Execution time=0.050429

[1 occurrence(s)]
INFO --> [SPARK_COMPLETE] App\Commands\Ops\Work duration=0.106316

[1 occurrence(s)]
INFO --> [SPARK_COMPLETE] App\Commands\Ops\Work duration=0.039798

[1 occurrence(s)]
INFO --> [REQ_ID=c5f3853413bb] [PERF] Execution time=0.059553

[1 occurrence(s)]
INFO --> [SPARK_COMPLETE] App\Commands\Ops\Work duration=0.039670

[1 occurrence(s)]
INFO --> [REQ_ID=03934a767e70] [MEMORY][controller-start] 6291456

[1 occurrence(s)]
INFO --> [REQ_ID=03934a767e70] [MEMORY][commonData:start] 6291456

[1 occurrence(s)]
INFO --> [REQ_ID=03934a767e70] [MEMORY][commonData:start] 10485760

[1 occurrence(s)]
INFO --> [REQ_ID=03934a767e70] [PERF] Execution time=0.789058

[1 occurrence(s)]
INFO --> [REQ_ID=85fe010d8e57] [PERF] Execution time=0.831651

[1 occurrence(s)]
INFO --> [SPARK_COMPLETE] App\Commands\Ops\Work duration=0.033021

[1 occurrence(s)]
INFO --> [REQ_ID=9271dfe310c8] [MEMORY][controller-start] 6291456

[1 occurrence(s)]
INFO --> [REQ_ID=9271dfe310c8] [MEMORY][commonData:start] 6291456

[1 occurrence(s)]
INFO --> [REQ_ID=9271dfe310c8] [MEMORY][commonData:start] 10485760

[1 occurrence(s)]
INFO --> [REQ_ID=9271dfe310c8] [PERF] Execution time=0.605970

[1 occurrence(s)]
INFO --> [REQ_ID=89c4daac0d9f] [PERF] Execution time=0.647482

[1 occurrence(s)]
INFO --> [REQ_ID=09853e496a86] [MEMORY][controller-start] 6291456

[1 occurrence(s)]
INFO --> [REQ_ID=09853e496a86] [MEMORY][commonData:start] 6291456

[1 occurrence(s)]
INFO --> [REQ_ID=09853e496a86] [MEMORY][commonData:start] 8388608

[1 occurrence(s)]
INFO --> [REQ_ID=09853e496a86] [PERF] Execution time=0.529592

[1 occurrence(s)]
INFO --> [REQ_ID=728cde613249] [PERF] Execution time=0.538818

[1 occurrence(s)]
INFO --> [REQ_ID=241b3f70f10c] [MEMORY][controller-start] 6291456

[1 occurrence(s)]
INFO --> [REQ_ID=241b3f70f10c] [MEMORY][commonData:start] 6291456

[1 occurrence(s)]
INFO --> [REQ_ID=241b3f70f10c] [MEMORY][commonData:start] 8388608

[1 occurrence(s)]
INFO --> [REQ_ID=241b3f70f10c] [PERF] Execution time=0.584760

[1 occurrence(s)]
INFO --> [REQ_ID=6238e354d354] [PERF] Execution time=0.594667

[1 occurrence(s)]
INFO --> [REQ_ID=6a39b71f86ec] [MEMORY][controller-start] 6291456

[1 occurrence(s)]
INFO --> [REQ_ID=6a39b71f86ec] [MEMORY][commonData:start] 6291456

[1 occurrence(s)]
INFO --> [REQ_ID=6a39b71f86ec] [MEMORY][commonData:start] 8388608

[1 occurrence(s)]
INFO --> [REQ_ID=6a39b71f86ec] [PERF] Execution time=0.561553

[1 occurrence(s)]
INFO --> [REQ_ID=4cafc93cef3c] [PERF] Execution time=0.571098

[1 occurrence(s)]
INFO --> [REQ_ID=1514edf1439c] [MEMORY][controller-start] 6291456

[1 occurrence(s)]
INFO --> [REQ_ID=1514edf1439c] [MEMORY][commonData:start] 6291456

[1 occurrence(s)]
INFO --> [REQ_ID=1514edf1439c] [MEMORY][commonData:start] 8388608

[1 occurrence(s)]
INFO --> [REQ_ID=1514edf1439c] [PERF] Execution time=0.510136

[1 occurrence(s)]
INFO --> [REQ_ID=178c13694a70] [PERF] Execution time=0.519408

[1 occurrence(s)]
INFO --> [REQ_ID=a6c00aeba310] [PERF] Execution time=0.110037

[1 occurrence(s)]
INFO --> [SPARK_COMPLETE] App\Commands\Ops\Work duration=0.193504

[1 occurrence(s)]
INFO --> [SPARK_COMPLETE] App\Commands\Logs\Summarize duration=0.012520

[1 occurrence(s)]
INFO --> LOG_HEALTHCHECK info marker=3e114e505f52

[1 occurrence(s)]
INFO --> [SPARK_COMPLETE] App\Commands\App\Healthcheck duration=0.029593

[1 occurrence(s)]
INFO --> [SPARK_COMPLETE] App\Commands\AIOps\Run duration=3.873226

[1 occurrence(s)]
INFO --> [REQ_ID=05136abc9a40] [MEMORY][controller-start] 6291456

[1 occurrence(s)]
INFO --> [REQ_ID=05136abc9a40] [MEMORY][commonData:start] 6291456

[1 occurrence(s)]
INFO --> [REQ_ID=05136abc9a40] [MEMORY][commonData:start] 10485760

[1 occurrence(s)]
INFO --> [REQ_ID=05136abc9a40] [PERF] Execution time=0.606628

[1 occurrence(s)]
INFO --> [REQ_ID=feffff79b73c] [PERF] Execution time=0.653303

[1 occurrence(s)]
INFO --> [REQ_ID=c1b329ca76d7] [MEMORY][controller-start] 6291456

[1 occurrence(s)]
INFO --> [REQ_ID=c1b329ca76d7] [MEMORY][commonData:start] 6291456

[1 occurrence(s)]
INFO --> [REQ_ID=c1b329ca76d7] [MEMORY][commonData:start] 8388608

[1 occurrence(s)]
INFO --> [REQ_ID=c1b329ca76d7] [PERF] Execution time=0.539559

[1 occurrence(s)]
INFO --> [REQ_ID=b89e9e0a7546] [PERF] Execution time=0.549280

[1 occurrence(s)]
INFO --> [REQ_ID=9faa91e51523] [PERF] Execution time=0.013843

[1 occurrence(s)]
INFO --> [REQ_ID=513df746ad21] [MEMORY][controller-start] 4194304

[1 occurrence(s)]
INFO --> [REQ_ID=513df746ad21] [PERF] Execution time=0.024141

[1 occurrence(s)]
INFO --> [REQ_ID=ae4a4a6a3d9c] [MEMORY][controller-start] 4194304

[1 occurrence(s)]
INFO --> [REQ_ID=ae4a4a6a3d9c] [MEMORY][commonData:start] 4194304

[1 occurrence(s)]
INFO --> [REQ_ID=ae4a4a6a3d9c] [MEMORY][commonData:start] 8388608

[1 occurrence(s)]
INFO --> [REQ_ID=ae4a4a6a3d9c] [PERF] Execution time=0.517035

[1 occurrence(s)]
INFO --> [REQ_ID=5679bb377904] [PERF] Execution time=0.527749

[1 occurrence(s)]
INFO --> [REQ_ID=fc9413875a1f] [PERF] Execution time=0.008723

[1 occurrence(s)]
INFO --> [REQ_ID=0dd7edd95b96] [MEMORY][controller-start] 4194304

[1 occurrence(s)]
INFO --> [REQ_ID=0dd7edd95b96] [PERF] Execution time=0.015044

[1 occurrence(s)]
INFO --> [REQ_ID=364af51daf6c] [MEMORY][controller-start] 4194304

[1 occurrence(s)]
INFO --> [REQ_ID=364af51daf6c] [MEMORY][commonData:start] 4194304

[1 occurrence(s)]
INFO --> [REQ_ID=364af51daf6c] [PERF] Execution time=0.053278

[1 occurrence(s)]
INFO --> [REQ_ID=d901a8ff2fdb] [PERF] Execution time=0.013269

[1 occurrence(s)]
INFO --> [REQ_ID=1514af95c68b] [MEMORY][controller-start] 4194304

[1 occurrence(s)]
INFO --> [REQ_ID=1514af95c68b] [PERF] Execution time=0.027060

[1 occurrence(s)]
INFO --> [REQ_ID=43c97f90003d] [PERF] Execution time=0.035634

[1 occurrence(s)]
INFO --> [REQ_ID=e7db0da6a528] [PERF] Execution time=0.010481

[1 occurrence(s)]
INFO --> [REQ_ID=0699cf75595e] [MEMORY][controller-start] 4194304

[1 occurrence(s)]
INFO --> [REQ_ID=0699cf75595e] [PERF] Execution time=0.021538

[1 occurrence(s)]
INFO --> [REQ_ID=86d5fca90960] [PERF] Execution time=0.031656

[1 occurrence(s)]
INFO --> [REQ_ID=a5119f36ea5c] [MEMORY][controller-start] 4194304

[1 occurrence(s)]
INFO --> [REQ_ID=a5119f36ea5c] [MEMORY][commonData:start] 4194304

[1 occurrence(s)]
INFO --> [REQ_ID=a5119f36ea5c] [PERF] Execution time=0.598233

[1 occurrence(s)]
INFO --> [REQ_ID=36667ebddf73] [PERF] Execution time=0.610116

[1 occurrence(s)]
INFO --> [REQ_ID=75e266c08f77] [MEMORY][controller-start] 6291456

[1 occurrence(s)]
INFO --> [REQ_ID=75e266c08f77] [PERF] Execution time=0.024625

[1 occurrence(s)]
INFO --> [REQ_ID=fc2cdff345a1] [PERF] Execution time=0.035416

[1 occurrence(s)]
INFO --> [REQ_ID=265649ebedf7] [MEMORY][controller-start] 4194304

[1 occurrence(s)]
INFO --> [REQ_ID=265649ebedf7] [PERF] Execution time=0.019409

[1 occurrence(s)]
INFO --> [REQ_ID=50500b854633] [PERF] Execution time=0.029205

[1 occurrence(s)]
INFO --> [REQ_ID=e5553b16d0f8] [MEMORY][controller-start] 4194304

[1 occurrence(s)]
INFO --> [REQ_ID=e5553b16d0f8] [MEMORY][commonData:start] 4194304

[1 occurrence(s)]
INFO --> [REQ_ID=e5553b16d0f8] [MEMORY][commonData:start] 8388608

[1 occurrence(s)]
INFO --> [REQ_ID=e5553b16d0f8] [PERF] Execution time=1.105715

[1 occurrence(s)]
INFO --> [REQ_ID=736a3f22a94a] [PERF] Execution time=1.115201

[1 occurrence(s)]
INFO --> [REQ_ID=dbc24106dcae] [PERF] Execution time=0.010081

[1 occurrence(s)]
INFO --> [REQ_ID=4bf39f401de0] [MEMORY][controller-start] 6291456

[1 occurrence(s)]
INFO --> [REQ_ID=4bf39f401de0] [PERF] Execution time=0.015104

[1 occurrence(s)]
INFO --> [REQ_ID=5902f5cbc536] [MEMORY][controller-start] 4194304

[1 occurrence(s)]
INFO --> [REQ_ID=5902f5cbc536] [PERF] Execution time=0.018958

[1 occurrence(s)]
INFO --> [REQ_ID=d1546edf138f] [PERF] Execution time=0.028241

[1 occurrence(s)]
INFO --> [REQ_ID=ef643ebf9e9e] [MEMORY][controller-start] 4194304

[1 occurrence(s)]
INFO --> [REQ_ID=ef643ebf9e9e] [PERF] Execution time=0.023875

[1 occurrence(s)]
INFO --> [REQ_ID=cad1f9cf7d0c] [PERF] Execution time=0.032846

[1 occurrence(s)]
INFO --> [REQ_ID=db127980eb7a] [MEMORY][controller-start] 4194304

[1 occurrence(s)]
INFO --> [REQ_ID=db127980eb7a] [MEMORY][commonData:start] 4194304

[1 occurrence(s)]
INFO --> [REQ_ID=db127980eb7a] [MEMORY][commonData:start] 8388608

[1 occurrence(s)]
INFO --> [REQ_ID=db127980eb7a] [PERF] Execution time=1.070872

[1 occurrence(s)]
INFO --> [REQ_ID=0586bc6e11b7] [PERF] Execution time=1.084348

[1 occurrence(s)]
INFO --> [REQ_ID=a2d2a88af859] [MEMORY][controller-start] 8388608

[2 occurrence(s)]
INFO --> [REQ_ID=a2d2a88af859] [MEMORY][commonData:start] 8388608

[3 occurrence(s)]
INFO --> themesMemory usage: 12582912

[1 occurrence(s)]
INFO --> [REQ_ID=a2d2a88af859] [PERF] Execution time=1.037725

[1 occurrence(s)]
INFO --> [REQ_ID=f76fb06e0a0d] [PERF] Execution time=1.048057

[1 occurrence(s)]
INFO --> [REQ_ID=7694e9977d1d] [MEMORY][controller-start] 10485760

[2 occurrence(s)]
INFO --> [REQ_ID=7694e9977d1d] [MEMORY][commonData:start] 10485760

[1 occurrence(s)]
INFO --> [REQ_ID=7694e9977d1d] [PERF] Execution time=0.959111

[1 occurrence(s)]
INFO --> [REQ_ID=5fd039cfe3ec] [PERF] Execution time=0.969896

[1 occurrence(s)]
INFO --> [REQ_ID=5963b027e14a] [PERF] Execution time=0.009091

[1 occurrence(s)]
INFO --> [REQ_ID=66feb8b5ad3a] [MEMORY][controller-start] 6291456

[1 occurrence(s)]
INFO --> [REQ_ID=66feb8b5ad3a] [PERF] Execution time=0.021598

[1 occurrence(s)]
INFO --> [REQ_ID=64b99eac374e] [MEMORY][controller-start] 4194304

[1 occurrence(s)]
INFO --> [REQ_ID=64b99eac374e] [MEMORY][commonData:start] 4194304

[1 occurrence(s)]
INFO --> [REQ_ID=64b99eac374e] [MEMORY][commonData:start] 8388608

[1 occurrence(s)]
INFO --> [REQ_ID=64b99eac374e] [PERF] Execution time=1.086818

[1 occurrence(s)]
INFO --> [REQ_ID=8794e1716bb5] [PERF] Execution time=1.096691

[1 occurrence(s)]
INFO --> [REQ_ID=8f37dd3fc73b] [MEMORY][controller-start] 8388608

[2 occurrence(s)]
INFO --> [REQ_ID=8f37dd3fc73b] [MEMORY][commonData:start] 8388608

[1 occurrence(s)]
INFO --> [REQ_ID=8f37dd3fc73b] [PERF] Execution time=1.032702

[1 occurrence(s)]
INFO --> [REQ_ID=3ce09f3e9a3e] [PERF] Execution time=1.043549

[1 occurrence(s)]
INFO --> [REQ_ID=5ab567d779c8] [PERF] Execution time=0.009747

[1 occurrence(s)]
INFO --> [REQ_ID=9139d1173741] [MEMORY][controller-start] 6291456

[1 occurrence(s)]
INFO --> [REQ_ID=9139d1173741] [PERF] Execution time=0.029696

[1 occurrence(s)]
INFO --> [REQ_ID=b224e7b7b6d8] [PERF] Execution time=0.010999

[1 occurrence(s)]
INFO --> [REQ_ID=5ad8b2278605] [MEMORY][controller-start] 4194304

[1 occurrence(s)]
INFO --> [REQ_ID=5ad8b2278605] [PERF] Execution time=0.018927

[1 occurrence(s)]
INFO --> [REQ_ID=abd7c585c1e9] [PERF] Execution time=0.029235

[1 occurrence(s)]
INFO --> [REQ_ID=019bdb4017f3] [PERF] Execution time=0.014750

[1 occurrence(s)]
INFO --> [REQ_ID=4752254f43cd] [MEMORY][controller-start] 4194304

[1 occurrence(s)]
INFO --> [REQ_ID=4752254f43cd] [PERF] Execution time=0.027869

[1 occurrence(s)]
INFO --> [REQ_ID=f2d54f9232b6] [PERF] Execution time=0.039813

[1 occurrence(s)]
INFO --> [REQ_ID=9bbc4f3aaa25] [PERF] Execution time=0.009658

[1 occurrence(s)]
INFO --> [REQ_ID=719bc0e41e02] [MEMORY][controller-start] 4194304

[1 occurrence(s)]
INFO --> [REQ_ID=719bc0e41e02] [PERF] Execution time=0.016211

[1 occurrence(s)]
INFO --> [REQ_ID=53f4db0622b4] [PERF] Execution time=0.025773

[1 occurrence(s)]
INFO --> [REQ_ID=df90488da78a] [MEMORY][controller-start] 4194304

[1 occurrence(s)]
INFO --> [REQ_ID=df90488da78a] [MEMORY][commonData:start] 4194304

[1 occurrence(s)]
INFO --> [REQ_ID=df90488da78a] [MEMORY][commonData:start] 8388608

[1 occurrence(s)]
INFO --> [REQ_ID=df90488da78a] [PERF] Execution time=0.543342

[1 occurrence(s)]
INFO --> [REQ_ID=a3f22f3cc330] [PERF] Execution time=0.554807

[1 occurrence(s)]
INFO --> [REQ_ID=b8c0a7a2316a] [MEMORY][controller-start] 6291456

[2 occurrence(s)]
INFO --> [REQ_ID=b8c0a7a2316a] [MEMORY][commonData:start] 6291456

[1 occurrence(s)]
INFO --> [REQ_ID=b8c0a7a2316a] [PERF] Execution time=0.031504

[1 occurrence(s)]
INFO --> [REQ_ID=d3f6641f22fe] [PERF] Execution time=0.042352

[1 occurrence(s)]
INFO --> [REQ_ID=073a372c7f77] [MEMORY][controller-start] 4194304

[1 occurrence(s)]
INFO --> [REQ_ID=073a372c7f77] [MEMORY][commonData:start] 4194304

[1 occurrence(s)]
INFO --> [REQ_ID=073a372c7f77] [MEMORY][commonData:start] 8388608

[1 occurrence(s)]
INFO --> [REQ_ID=073a372c7f77] [PERF] Execution time=0.531720

[1 occurrence(s)]
INFO --> [REQ_ID=963424d475d0] [PERF] Execution time=0.540605

[1 occurrence(s)]
INFO --> [REQ_ID=6f3f04b666e8] [MEMORY][controller-start] 6291456

[1 occurrence(s)]
INFO --> [REQ_ID=6f3f04b666e8] [PERF] Execution time=0.014131

[1 occurrence(s)]
INFO --> [REQ_ID=321e3d45a624] [PERF] Execution time=0.024566

[1 occurrence(s)]
INFO --> [SPARK_COMPLETE] App\Commands\Ops\Work duration=0.141252

[1 occurrence(s)]
INFO --> [REQ_ID=93720656aad8] [PERF] Execution time=0.056019

[1 occurrence(s)]
INFO --> [REQ_ID=f48eb1d132f4] [MEMORY][controller-start] 6291456

[1 occurrence(s)]
INFO --> [REQ_ID=f48eb1d132f4] [PERF] Execution time=0.046940

[1 occurrence(s)]
INFO --> [REQ_ID=4cd016df92e8] [PERF] Execution time=0.100245

[1 occurrence(s)]
INFO --> [SPARK_COMPLETE] App\Commands\Ops\Work duration=0.087066

[1 occurrence(s)]
INFO --> [REQ_ID=9890bd511a06] [MEMORY][controller-start] 6291456

[1 occurrence(s)]
INFO --> [REQ_ID=9890bd511a06] [MEMORY][commonData:start] 6291456

[1 occurrence(s)]
INFO --> [REQ_ID=9890bd511a06] [MEMORY][commonData:start] 10485760

[1 occurrence(s)]
INFO --> [REQ_ID=9890bd511a06] [PERF] Execution time=0.617120

[1 occurrence(s)]
INFO --> [REQ_ID=d9b30f504158] [PERF] Execution time=0.660109

[1 occurrence(s)]
INFO --> [SPARK_COMPLETE] App\Commands\Ops\Work duration=0.043543

[1 occurrence(s)]
INFO --> [REQ_ID=7c75056b5e33] [MEMORY][controller-start] 6291456

[1 occurrence(s)]
INFO --> [REQ_ID=7c75056b5e33] [MEMORY][commonData:start] 6291456

[1 occurrence(s)]
INFO --> [REQ_ID=7c75056b5e33] [MEMORY][commonData:start] 10485760

[1 occurrence(s)]
INFO --> [REQ_ID=7c75056b5e33] [PERF] Execution time=0.599493

[1 occurrence(s)]
INFO --> [REQ_ID=975b28ee9466] [PERF] Execution time=0.639765

[1 occurrence(s)]
INFO --> [REQ_ID=16020cbb6d4d] [PERF] Execution time=0.067996

[1 occurrence(s)]
INFO --> [SPARK_COMPLETE] App\Commands\Ops\Work duration=0.041018

[1 occurrence(s)]
INFO --> [REQ_ID=93074a0a21b9] [MEMORY][controller-start] 6291456

[1 occurrence(s)]
INFO --> [REQ_ID=93074a0a21b9] [MEMORY][commonData:start] 6291456

[1 occurrence(s)]
INFO --> [REQ_ID=93074a0a21b9] [MEMORY][commonData:start] 10485760

[1 occurrence(s)]
INFO --> [REQ_ID=93074a0a21b9] [PERF] Execution time=0.651846

[1 occurrence(s)]
INFO --> [REQ_ID=9d52e9d4e0bb] [PERF] Execution time=0.692228

[1 occurrence(s)]
INFO --> [SPARK_COMPLETE] App\Commands\Ops\Work duration=0.046107

[1 occurrence(s)]
INFO --> [REQ_ID=ad473713f42e] [PERF] Execution time=0.059866

[1 occurrence(s)]
INFO --> [REQ_ID=3823755e0d59] [MEMORY][controller-start] 6291456

[1 occurrence(s)]
INFO --> [REQ_ID=3823755e0d59] [MEMORY][commonData:start] 6291456

[1 occurrence(s)]
INFO --> [REQ_ID=3823755e0d59] [MEMORY][commonData:start] 10485760

[1 occurrence(s)]
INFO --> [REQ_ID=3823755e0d59] [PERF] Execution time=1.339064

[1 occurrence(s)]
INFO --> [REQ_ID=331f8029f9fd] [PERF] Execution time=1.400915

[1 occurrence(s)]
INFO --> [REQ_ID=590af2e08039] [PERF] Execution time=0.064843

[1 occurrence(s)]
INFO --> [REQ_ID=75acec138a98] [MEMORY][controller-start] 4194304

[1 occurrence(s)]
INFO --> [REQ_ID=75acec138a98] [PERF] Execution time=0.058744

[1 occurrence(s)]
INFO --> [REQ_ID=d7f905ee39d6] [PERF] Execution time=0.073532

[1 occurrence(s)]
INFO --> [SPARK_COMPLETE] App\Commands\Ops\Work duration=0.020677

[1 occurrence(s)]
INFO --> [REQ_ID=c487921e0e70] [MEMORY][controller-start] 6291456

[1 occurrence(s)]
INFO --> [REQ_ID=c487921e0e70] [MEMORY][commonData:start] 6291456

[1 occurrence(s)]
INFO --> [REQ_ID=c487921e0e70] [MEMORY][commonData:start] 10485760

[1 occurrence(s)]
INFO --> [REQ_ID=c487921e0e70] [PERF] Execution time=0.677230

[1 occurrence(s)]
INFO --> [REQ_ID=205c2fdb9f5d] [PERF] Execution time=0.716943

[1 occurrence(s)]
INFO --> [REQ_ID=1c0968a09b06] [MEMORY][controller-start] 4194304

[1 occurrence(s)]
INFO --> [REQ_ID=1c0968a09b06] [MEMORY][commonData:start] 4194304

[1 occurrence(s)]
INFO --> [REQ_ID=1c0968a09b06] [MEMORY][commonData:start] 8388608

[1 occurrence(s)]
INFO --> [REQ_ID=1c0968a09b06] [PERF] Execution time=0.556184

[1 occurrence(s)]
INFO --> [REQ_ID=e5d62f7216c6] [PERF] Execution time=0.565163

[1 occurrence(s)]
INFO --> [REQ_ID=adf6b2d19e8e] [PERF] Execution time=0.009653

[1 occurrence(s)]
INFO --> [REQ_ID=5579b21db479] [MEMORY][controller-start] 4194304

[1 occurrence(s)]
INFO --> [REQ_ID=5579b21db479] [PERF] Execution time=0.060693

[1 occurrence(s)]
INFO --> [REQ_ID=39d754832239] [PERF] Execution time=0.080704

[1 occurrence(s)]
INFO --> [REQ_ID=e488c6358394] [MEMORY][controller-start] 4194304

[1 occurrence(s)]
INFO --> [REQ_ID=e488c6358394] [MEMORY][commonData:start] 4194304

[1 occurrence(s)]
INFO --> [REQ_ID=e488c6358394] [MEMORY][commonData:start] 8388608

[1 occurrence(s)]
INFO --> [REQ_ID=822aff37ff70] [MEMORY][controller-start] 6291456

[1 occurrence(s)]
INFO --> [REQ_ID=822aff37ff70] [PERF] Execution time=0.041135

[1 occurrence(s)]
INFO --> [REQ_ID=1c2333cba841] [PERF] Execution time=0.082529

[1 occurrence(s)]
INFO --> [REQ_ID=e488c6358394] [PERF] Execution time=0.962061

[1 occurrence(s)]
INFO --> [REQ_ID=6927406d7894] [PERF] Execution time=0.972917

[1 occurrence(s)]
INFO --> [REQ_ID=d70b46da85d1] [PERF] Execution time=0.018847

[1 occurrence(s)]
INFO --> [REQ_ID=7cb7964e8116] [MEMORY][controller-start] 6291456

[1 occurrence(s)]
INFO --> [REQ_ID=7cb7964e8116] [PERF] Execution time=0.022537

[1 occurrence(s)]
INFO --> [REQ_ID=45da789ce13e] [PERF] Execution time=0.041267

[1 occurrence(s)]
INFO --> [REQ_ID=3b091a438c62] [PERF] Execution time=0.022173

[1 occurrence(s)]
INFO --> [REQ_ID=22f60920c71a] [MEMORY][controller-start] 4194304

[1 occurrence(s)]
INFO --> [REQ_ID=22f60920c71a] [PERF] Execution time=0.014225

[1 occurrence(s)]
INFO --> [REQ_ID=0fc2d2153dc2] [PERF] Execution time=0.027225

[1 occurrence(s)]
INFO --> [REQ_ID=a775e6396b9a] [PERF] Execution time=0.023882

[1 occurrence(s)]
INFO --> [REQ_ID=905dd5c757cf] [PERF] Execution time=0.022854

[1 occurrence(s)]
INFO --> [REQ_ID=89c9eb7eb4dd] [MEMORY][controller-start] 4194304

[1 occurrence(s)]
INFO --> [REQ_ID=89c9eb7eb4dd] [PERF] Execution time=0.018416

[1 occurrence(s)]
INFO --> [REQ_ID=a807a07a5c5a] [PERF] Execution time=0.030676

[1 occurrence(s)]
INFO --> [REQ_ID=d3ccffae7b48] [MEMORY][controller-start] 4194304

[1 occurrence(s)]
INFO --> [REQ_ID=d3ccffae7b48] [PERF] Execution time=0.018842

[1 occurrence(s)]
INFO --> [REQ_ID=8b272c046113] [PERF] Execution time=0.032072

[1 occurrence(s)]
INFO --> [REQ_ID=cd9a5c2b91d4] [PERF] Execution time=0.010372

[1 occurrence(s)]
INFO --> [REQ_ID=837ae7573d11] [MEMORY][controller-start] 4194304

[1 occurrence(s)]
INFO --> [REQ_ID=837ae7573d11] [PERF] Execution time=0.013480

[1 occurrence(s)]
INFO --> [REQ_ID=85fece0523e6] [PERF] Execution time=0.022068

[1 occurrence(s)]
INFO --> [REQ_ID=83011a93b644] [PERF] Execution time=0.010366

[1 occurrence(s)]
INFO --> [REQ_ID=bbfce96dc274] [MEMORY][controller-start] 4194304

[1 occurrence(s)]
INFO --> [REQ_ID=bbfce96dc274] [PERF] Execution time=0.018230

[1 occurrence(s)]
INFO --> [REQ_ID=29d9407e0097] [PERF] Execution time=0.027130

[1 occurrence(s)]
INFO --> [REQ_ID=91466af9f0f2] [PERF] Execution time=0.012175

[1 occurrence(s)]
INFO --> [REQ_ID=b525df2d7538] [MEMORY][controller-start] 4194304

[1 occurrence(s)]
INFO --> [REQ_ID=b525df2d7538] [PERF] Execution time=0.015005

[1 occurrence(s)]
INFO --> [REQ_ID=9cb5d0749f9f] [PERF] Execution time=0.024295

[1 occurrence(s)]
INFO --> [REQ_ID=96debfc587f3] [PERF] Execution time=0.010412

[1 occurrence(s)]
INFO --> [REQ_ID=8644fe021461] [MEMORY][controller-start] 4194304

[1 occurrence(s)]
INFO --> [REQ_ID=8644fe021461] [PERF] Execution time=0.014020

[1 occurrence(s)]
INFO --> [REQ_ID=92ea2ffc7deb] [PERF] Execution time=0.024008

[1 occurrence(s)]
INFO --> [REQ_ID=21e54ef08fae] [PERF] Execution time=0.014480

[1 occurrence(s)]
INFO --> [REQ_ID=afc9854e525a] [MEMORY][controller-start] 4194304

[1 occurrence(s)]
INFO --> [REQ_ID=935e914272eb] [MEMORY][controller-start] 4194304

[1 occurrence(s)]
INFO --> [REQ_ID=afc9854e525a] [PERF] Execution time=0.018877

[1 occurrence(s)]
INFO --> [REQ_ID=7a9387952715] [PERF] Execution time=0.029616

[1 occurrence(s)]
INFO --> [REQ_ID=935e914272eb] [MEMORY][commonData:start] 4194304

[1 occurrence(s)]
INFO --> [REQ_ID=f7334a74b823] [MEMORY][controller-start] 4194304

[2 occurrence(s)]
INFO --> [REQ_ID=f7334a74b823] [MEMORY][commonData:start] 6291456

[1 occurrence(s)]
INFO --> [REQ_ID=f7334a74b823] [PERF] Execution time=0.081357

[1 occurrence(s)]
INFO --> [REQ_ID=7dae7c26565d] [PERF] Execution time=0.091056

[1 occurrence(s)]
INFO --> [REQ_ID=935e914272eb] [MEMORY][commonData:start] 8388608

[1 occurrence(s)]
INFO --> [REQ_ID=3c88c6cce7bc] [PERF] Execution time=0.009358

[1 occurrence(s)]
INFO --> [REQ_ID=ce0699a1f7fe] [MEMORY][controller-start] 4194304

[1 occurrence(s)]
INFO --> [REQ_ID=ce0699a1f7fe] [PERF] Execution time=0.018187

[1 occurrence(s)]
INFO --> [REQ_ID=f9b23657dcb9] [PERF] Execution time=0.027023

[1 occurrence(s)]
INFO --> [REQ_ID=935e914272eb] [PERF] Execution time=1.055985

[1 occurrence(s)]
INFO --> [REQ_ID=39b97a639b52] [PERF] Execution time=1.065595

[1 occurrence(s)]
INFO --> [REQ_ID=edbbae309242] [MEMORY][controller-start] 8388608

[1 occurrence(s)]
INFO --> [REQ_ID=edbbae309242] [PERF] Execution time=0.024479

[1 occurrence(s)]
INFO --> [REQ_ID=4c7af58a4d9f] [PERF] Execution time=0.033571

[1 occurrence(s)]
INFO --> [REQ_ID=4b51d05d367c] [PERF] Execution time=0.015590

[1 occurrence(s)]
INFO --> [REQ_ID=3a3da0b5927d] [MEMORY][controller-start] 4194304

[1 occurrence(s)]
INFO --> [REQ_ID=3a3da0b5927d] [PERF] Execution time=0.015711

[1 occurrence(s)]
INFO --> [REQ_ID=a38bfa79e8c1] [PERF] Execution time=0.024195

[1 occurrence(s)]
INFO --> [REQ_ID=8fc0536262aa] [PERF] Execution time=0.012909

[1 occurrence(s)]
INFO --> [REQ_ID=28705f1dd2c6] [MEMORY][controller-start] 4194304

[1 occurrence(s)]
INFO --> [REQ_ID=28705f1dd2c6] [PERF] Execution time=0.019351

[1 occurrence(s)]
INFO --> [REQ_ID=b5b9ad7b61ca] [PERF] Execution time=0.029113

[1 occurrence(s)]
INFO --> [REQ_ID=9316dfd388d8] [PERF] Execution time=0.013209

[1 occurrence(s)]
INFO --> [REQ_ID=45220fa8cee4] [MEMORY][controller-start] 4194304

[1 occurrence(s)]
INFO --> [REQ_ID=45220fa8cee4] [PERF] Execution time=0.014651

[1 occurrence(s)]
INFO --> [REQ_ID=7de60f14ef36] [PERF] Execution time=0.023154

[1 occurrence(s)]
INFO --> [REQ_ID=3ff735e7e53a] [PERF] Execution time=0.010450

[1 occurrence(s)]
INFO --> [REQ_ID=c3c7799171d9] [MEMORY][controller-start] 4194304

[1 occurrence(s)]
INFO --> [REQ_ID=c3c7799171d9] [PERF] Execution time=0.014984

[1 occurrence(s)]
INFO --> [REQ_ID=b99a5601d3be] [PERF] Execution time=0.024965

[1 occurrence(s)]
INFO --> [REQ_ID=f9db64ae5ab7] [MEMORY][controller-start] 4194304

[1 occurrence(s)]
INFO --> [REQ_ID=f9db64ae5ab7] [MEMORY][commonData:start] 6291456

[1 occurrence(s)]
INFO --> [REQ_ID=24750909b8d9] [PERF] Execution time=0.010158

[1 occurrence(s)]
INFO --> [REQ_ID=6f0109e920a0] [MEMORY][controller-start] 4194304

[1 occurrence(s)]
INFO --> [REQ_ID=6f0109e920a0] [PERF] Execution time=0.017951

[1 occurrence(s)]
INFO --> [REQ_ID=6a832ff3704d] [PERF] Execution time=0.028377

[1 occurrence(s)]
INFO --> [REQ_ID=5d474e3e2e02] [MEMORY][controller-start] 4194304

[2 occurrence(s)]
INFO --> [REQ_ID=5d474e3e2e02] [MEMORY][commonData:start] 4194304

[2 occurrence(s)]
INFO --> themesMemory usage: 4194304

[1 occurrence(s)]
INFO --> [REQ_ID=5d474e3e2e02] [PERF] Execution time=0.024902

[1 occurrence(s)]
INFO --> [REQ_ID=a2660b8f0f7d] [PERF] Execution time=0.034761

[1 occurrence(s)]
INFO --> [REQ_ID=f9db64ae5ab7] [MEMORY][commonData:start] 8388608

[1 occurrence(s)]
INFO --> [REQ_ID=f9db64ae5ab7] [PERF] Execution time=0.542108

[1 occurrence(s)]
INFO --> [REQ_ID=9ff62e1ccb42] [PERF] Execution time=0.550787

[1 occurrence(s)]
INFO --> [REQ_ID=a6529b443c5b] [PERF] Execution time=0.012679

[1 occurrence(s)]
INFO --> [REQ_ID=4dd94d0a6a08] [MEMORY][controller-start] 4194304

[1 occurrence(s)]
INFO --> [REQ_ID=aad1f2819d8a] [PERF] Execution time=0.012076

[1 occurrence(s)]
INFO --> [REQ_ID=4dd94d0a6a08] [PERF] Execution time=0.017534

[1 occurrence(s)]
INFO --> [REQ_ID=e993d08caf39] [PERF] Execution time=0.029080

[1 occurrence(s)]
INFO --> [REQ_ID=51d1727d1b5e] [MEMORY][controller-start] 4194304

[1 occurrence(s)]
INFO --> [REQ_ID=51d1727d1b5e] [PERF] Execution time=0.013831

[1 occurrence(s)]
INFO --> [REQ_ID=617ab7c844f3] [PERF] Execution time=0.022637

[1 occurrence(s)]
INFO --> [REQ_ID=5289b0ee17dc] [PERF] Execution time=0.014660

[1 occurrence(s)]
INFO --> [REQ_ID=f7a016a6da26] [PERF] Execution time=0.012495

[1 occurrence(s)]
INFO --> [REQ_ID=e0b709ca9b2d] [MEMORY][controller-start] 4194304

[1 occurrence(s)]
INFO --> [REQ_ID=ce310a6d7535] [MEMORY][controller-start] 4194304

[1 occurrence(s)]
INFO --> [REQ_ID=e0b709ca9b2d] [PERF] Execution time=0.013232

[1 occurrence(s)]
INFO --> [REQ_ID=26d9463316a8] [PERF] Execution time=0.025866

[1 occurrence(s)]
INFO --> [REQ_ID=ce310a6d7535] [PERF] Execution time=0.015239

[1 occurrence(s)]
INFO --> [REQ_ID=dbd7198884cf] [PERF] Execution time=0.027722

[1 occurrence(s)]
INFO --> [REQ_ID=3ea5459b9057] [MEMORY][controller-start] 4194304

[1 occurrence(s)]
INFO --> [REQ_ID=3ea5459b9057] [MEMORY][commonData:start] 4194304

[1 occurrence(s)]
INFO --> [REQ_ID=5540ec9dfb35] [PERF] Execution time=0.010040

[1 occurrence(s)]
INFO --> [REQ_ID=3c47d541a979] [MEMORY][controller-start] 4194304

[1 occurrence(s)]
INFO --> [REQ_ID=3c47d541a979] [PERF] Execution time=0.028381

[1 occurrence(s)]
INFO --> [REQ_ID=52b13c508a47] [PERF] Execution time=0.039661

[1 occurrence(s)]
INFO --> [REQ_ID=53ea8dbb51cd] [MEMORY][controller-start] 4194304

[1 occurrence(s)]
INFO --> [REQ_ID=53ea8dbb51cd] [MEMORY][commonData:start] 4194304

[1 occurrence(s)]
INFO --> [REQ_ID=3ea5459b9057] [MEMORY][commonData:start] 8388608

[1 occurrence(s)]
INFO --> [REQ_ID=3ea5459b9057] [PERF] Execution time=0.544601

[1 occurrence(s)]
INFO --> [REQ_ID=11431ad8f681] [PERF] Execution time=0.553671

[1 occurrence(s)]
INFO --> [REQ_ID=066500a2a46a] [MEMORY][controller-start] 6291456

[1 occurrence(s)]
INFO --> [REQ_ID=066500a2a46a] [MEMORY][commonData:start] 6291456

[1 occurrence(s)]
INFO --> [REQ_ID=53ea8dbb51cd] [PERF] Execution time=0.576225

[1 occurrence(s)]
INFO --> [REQ_ID=274494d2b83b] [PERF] Execution time=0.585853

[1 occurrence(s)]
INFO --> [REQ_ID=1314577306ea] [MEMORY][controller-start] 6291456

[1 occurrence(s)]
INFO --> [REQ_ID=1314577306ea] [MEMORY][commonData:start] 6291456

[1 occurrence(s)]
INFO --> [REQ_ID=066500a2a46a] [MEMORY][commonData:start] 8388608

[1 occurrence(s)]
INFO --> [REQ_ID=066500a2a46a] [PERF] Execution time=0.530847

[1 occurrence(s)]
INFO --> [REQ_ID=bb2d9efec470] [PERF] Execution time=0.541829

[1 occurrence(s)]
INFO --> [REQ_ID=b4113bd83864] [MEMORY][controller-start] 6291456

[1 occurrence(s)]
INFO --> [REQ_ID=b4113bd83864] [PERF] Execution time=0.016231

[1 occurrence(s)]
INFO --> [REQ_ID=1314577306ea] [MEMORY][commonData:start] 8388608

[1 occurrence(s)]
INFO --> [REQ_ID=1314577306ea] [PERF] Execution time=0.520938

[1 occurrence(s)]
INFO --> [REQ_ID=84c1c979ab5a] [PERF] Execution time=0.530180

[1 occurrence(s)]
INFO --> [REQ_ID=5b8a28eb874f] [PERF] Execution time=0.012449

[1 occurrence(s)]
INFO --> [REQ_ID=3b8ccddb0aed] [MEMORY][controller-start] 4194304

[1 occurrence(s)]
INFO --> [REQ_ID=3b8ccddb0aed] [PERF] Execution time=0.016728

[1 occurrence(s)]
INFO --> [REQ_ID=53139e0d1782] [PERF] Execution time=0.025668

[1 occurrence(s)]
INFO --> [REQ_ID=3915397d2d51] [PERF] Execution time=0.010228

[1 occurrence(s)]
INFO --> [REQ_ID=5618ee6b3b0a] [MEMORY][controller-start] 4194304

[1 occurrence(s)]
INFO --> [REQ_ID=5618ee6b3b0a] [PERF] Execution time=0.019033

[1 occurrence(s)]
INFO --> [REQ_ID=88c9f47ad5cf] [PERF] Execution time=0.028500

[1 occurrence(s)]
INFO --> [REQ_ID=3012f97bda2c] [PERF] Execution time=0.009905

[1 occurrence(s)]
INFO --> [REQ_ID=9355f9e05d87] [MEMORY][controller-start] 4194304

[1 occurrence(s)]
INFO --> [REQ_ID=9355f9e05d87] [PERF] Execution time=0.015319

[1 occurrence(s)]
INFO --> [REQ_ID=871407510880] [PERF] Execution time=0.024794

[1 occurrence(s)]
INFO --> [REQ_ID=7eaff8d4d178] [PERF] Execution time=0.010462

[1 occurrence(s)]
INFO --> [REQ_ID=d22f43309804] [PERF] Execution time=0.010527

[1 occurrence(s)]
INFO --> [REQ_ID=f1fbee88b7e7] [MEMORY][controller-start] 4194304

[1 occurrence(s)]
INFO --> [REQ_ID=f1fbee88b7e7] [PERF] Execution time=0.015600

[1 occurrence(s)]
INFO --> [REQ_ID=6e1406144334] [PERF] Execution time=0.025378

[1 occurrence(s)]
INFO --> [REQ_ID=8ee1f54a19ce] [MEMORY][controller-start] 4194304

[1 occurrence(s)]
INFO --> [REQ_ID=8ee1f54a19ce] [PERF] Execution time=0.014891

[1 occurrence(s)]
INFO --> [REQ_ID=b592df7f1638] [PERF] Execution time=0.023730

[1 occurrence(s)]
INFO --> [REQ_ID=c270dd6e2299] [PERF] Execution time=0.012734

[1 occurrence(s)]
INFO --> [REQ_ID=02c98b0ec7a2] [PERF] Execution time=0.010806

[1 occurrence(s)]
INFO --> [REQ_ID=314ef558602a] [MEMORY][controller-start] 4194304

[1 occurrence(s)]
INFO --> [REQ_ID=71db03f5862c] [MEMORY][controller-start] 4194304

[1 occurrence(s)]
INFO --> [REQ_ID=71db03f5862c] [PERF] Execution time=0.012730

[1 occurrence(s)]
INFO --> [REQ_ID=148dd81f240b] [PERF] Execution time=0.024493

[1 occurrence(s)]
INFO --> [REQ_ID=314ef558602a] [PERF] Execution time=0.018488

[1 occurrence(s)]
INFO --> [REQ_ID=480811f05984] [PERF] Execution time=0.033186

[1 occurrence(s)]
INFO --> [REQ_ID=311c102dc6e3] [PERF] Execution time=0.011242

[1 occurrence(s)]
INFO --> [REQ_ID=db6cf95526db] [MEMORY][controller-start] 4194304

[1 occurrence(s)]
INFO --> [REQ_ID=e6e994ef8398] [MEMORY][controller-start] 4194304

[1 occurrence(s)]
INFO --> [REQ_ID=e6e994ef8398] [PERF] Execution time=0.015382

[1 occurrence(s)]
INFO --> [REQ_ID=2bdeee638337] [PERF] Execution time=0.029090

[1 occurrence(s)]
INFO --> [REQ_ID=db6cf95526db] [PERF] Execution time=0.036143

[1 occurrence(s)]
INFO --> [REQ_ID=7688d8bf48c2] [PERF] Execution time=0.051144

[1 occurrence(s)]
INFO --> [REQ_ID=6f6e02b2ea39] [MEMORY][controller-start] 4194304

[2 occurrence(s)]
INFO --> [REQ_ID=6f6e02b2ea39] [MEMORY][commonData:start] 4194304

[1 occurrence(s)]
INFO --> [REQ_ID=6f6e02b2ea39] [PERF] Execution time=0.029743

[1 occurrence(s)]
INFO --> [REQ_ID=84f883de7068] [PERF] Execution time=0.039815

[1 occurrence(s)]
INFO --> [REQ_ID=d4915046be43] [PERF] Execution time=0.012553

[1 occurrence(s)]
INFO --> [REQ_ID=b7f6fde75010] [PERF] Execution time=0.009965

[1 occurrence(s)]
INFO --> [REQ_ID=83231cc0bbac] [MEMORY][controller-start] 4194304

[1 occurrence(s)]
INFO --> [REQ_ID=83231cc0bbac] [PERF] Execution time=0.018664

[1 occurrence(s)]
INFO --> [REQ_ID=6a0419d14f64] [PERF] Execution time=0.028396

[1 occurrence(s)]
INFO --> [REQ_ID=e32585d7d0dd] [PERF] Execution time=0.011238

[1 occurrence(s)]
INFO --> [REQ_ID=7c3e9a0883cf] [MEMORY][controller-start] 4194304

[1 occurrence(s)]
INFO --> [REQ_ID=7c3e9a0883cf] [PERF] Execution time=0.018171

[1 occurrence(s)]
INFO --> [REQ_ID=cebbfc567be6] [PERF] Execution time=0.027149

[1 occurrence(s)]
INFO --> [REQ_ID=0358c75b734a] [PERF] Execution time=0.010977

[1 occurrence(s)]
INFO --> [REQ_ID=4414bb3e1d37] [MEMORY][controller-start] 4194304

[1 occurrence(s)]
INFO --> [REQ_ID=4414bb3e1d37] [PERF] Execution time=0.015348

[1 occurrence(s)]
INFO --> [REQ_ID=395374cb7d73] [PERF] Execution time=0.023954

[1 occurrence(s)]
INFO --> [REQ_ID=4d92ddb71e99] [PERF] Execution time=0.010635

[1 occurrence(s)]
INFO --> [REQ_ID=30b909999385] [MEMORY][controller-start] 4194304

[1 occurrence(s)]
INFO --> [REQ_ID=30b909999385] [PERF] Execution time=0.015490

[1 occurrence(s)]
INFO --> [REQ_ID=6c2b0e086368] [PERF] Execution time=0.027102

[1 occurrence(s)]
INFO --> [REQ_ID=65fc6f7e3141] [PERF] Execution time=0.009613

[1 occurrence(s)]
INFO --> [REQ_ID=d81ed2e22443] [MEMORY][controller-start] 4194304

[1 occurrence(s)]
INFO --> [REQ_ID=d81ed2e22443] [PERF] Execution time=0.027577

[1 occurrence(s)]
INFO --> [REQ_ID=5e88c6fb3da9] [PERF] Execution time=0.037759

[1 occurrence(s)]
INFO --> [REQ_ID=4288365f91cf] [PERF] Execution time=0.010410

[1 occurrence(s)]
INFO --> [REQ_ID=bb095772fe21] [MEMORY][controller-start] 4194304

[1 occurrence(s)]
INFO --> [REQ_ID=bb095772fe21] [PERF] Execution time=0.016622

[1 occurrence(s)]
INFO --> [REQ_ID=5bd9fc77101c] [PERF] Execution time=0.031094

[1 occurrence(s)]
INFO --> [REQ_ID=d5095de33db4] [PERF] Execution time=0.014104

[1 occurrence(s)]
INFO --> [REQ_ID=9fac142203e3] [MEMORY][controller-start] 4194304

[1 occurrence(s)]
INFO --> [REQ_ID=9fac142203e3] [PERF] Execution time=0.012752

[1 occurrence(s)]
INFO --> [REQ_ID=9c39a22ba025] [PERF] Execution time=0.021421

[1 occurrence(s)]
INFO --> [REQ_ID=a87bc4d67df9] [PERF] Execution time=0.009531

[1 occurrence(s)]
INFO --> [REQ_ID=b06aceafa827] [MEMORY][controller-start] 4194304

[1 occurrence(s)]
INFO --> [REQ_ID=b06aceafa827] [PERF] Execution time=0.014757

[1 occurrence(s)]
INFO --> [REQ_ID=673beb3da3d5] [PERF] Execution time=0.023309

[1 occurrence(s)]
INFO --> [REQ_ID=b33314059398] [MEMORY][controller-start] 4194304

[1 occurrence(s)]
INFO --> [REQ_ID=b33314059398] [MEMORY][commonData:start] 4194304

[1 occurrence(s)]
INFO --> [REQ_ID=b33314059398] [MEMORY][commonData:start] 8388608

[1 occurrence(s)]
INFO --> [REQ_ID=b33314059398] [PERF] Execution time=0.500367

[1 occurrence(s)]
INFO --> [REQ_ID=40bae2df8fdd] [PERF] Execution time=0.509722

[1 occurrence(s)]
INFO --> [REQ_ID=1504a62f9c74] [MEMORY][controller-start] 6291456

[1 occurrence(s)]
INFO --> [REQ_ID=1504a62f9c74] [MEMORY][commonData:start] 6291456

[1 occurrence(s)]
INFO --> [REQ_ID=0e046ae4ed47] [MEMORY][controller-start] 4194304

[1 occurrence(s)]
INFO --> [REQ_ID=0e046ae4ed47] [MEMORY][commonData:start] 4194304

[1 occurrence(s)]
INFO --> [REQ_ID=1504a62f9c74] [MEMORY][commonData:start] 8388608

[1 occurrence(s)]
INFO --> [REQ_ID=1504a62f9c74] [PERF] Execution time=0.496670

[1 occurrence(s)]
INFO --> [REQ_ID=37ac65db773f] [PERF] Execution time=0.505790

[1 occurrence(s)]
INFO --> [REQ_ID=0e046ae4ed47] [MEMORY][commonData:start] 8388608

[1 occurrence(s)]
INFO --> [REQ_ID=0e046ae4ed47] [PERF] Execution time=0.521805

[1 occurrence(s)]
INFO --> [REQ_ID=022580f2a203] [PERF] Execution time=0.531697

[1 occurrence(s)]
INFO --> [SPARK_COMPLETE] App\Commands\Ops\Work duration=0.036120

[1 occurrence(s)]
INFO --> [REQ_ID=a6f7ff112a59] [MEMORY][controller-start] 6291456

[2 occurrence(s)]
INFO --> [REQ_ID=a6f7ff112a59] [MEMORY][commonData:start] 6291456

[1 occurrence(s)]
INFO --> [REQ_ID=a6f7ff112a59] [PERF] Execution time=0.099608

[1 occurrence(s)]
INFO --> [REQ_ID=a3195f7a3066] [PERF] Execution time=0.142620

[1 occurrence(s)]
INFO --> [REQ_ID=958e99dad989] [MEMORY][controller-start] 4194304

[1 occurrence(s)]
INFO --> [REQ_ID=958e99dad989] [MEMORY][commonData:start] 6291456

[1 occurrence(s)]
INFO --> [REQ_ID=958e99dad989] [MEMORY][commonData:start] 8388608

[1 occurrence(s)]
INFO --> [REQ_ID=958e99dad989] [PERF] Execution time=0.618945

[1 occurrence(s)]
INFO --> [REQ_ID=a4f9eef0f5c8] [PERF] Execution time=0.630636

[1 occurrence(s)]
INFO --> [REQ_ID=2ea5cf5ffde8] [PERF] Execution time=0.049144

[1 occurrence(s)]
INFO --> [SPARK_COMPLETE] App\Commands\Ops\Work duration=0.096396

[1 occurrence(s)]
INFO --> [SPARK_COMPLETE] App\Commands\Logs\Summarize duration=0.028279

[1 occurrence(s)]
INFO --> LOG_HEALTHCHECK info marker=dfd69b713730

[1 occurrence(s)]
INFO --> [SPARK_COMPLETE] App\Commands\App\Healthcheck duration=0.028301

[1 occurrence(s)]
INFO --> [SPARK_COMPLETE] App\Commands\AIOps\Run duration=3.826017

[1 occurrence(s)]
INFO --> [REQ_ID=e8450593b9d8] [PERF] Execution time=0.057121

[1 occurrence(s)]
INFO --> [REQ_ID=999d0b4abb98] [MEMORY][controller-start] 4194304

[1 occurrence(s)]
INFO --> [REQ_ID=999d0b4abb98] [PERF] Execution time=0.051451

[1 occurrence(s)]
INFO --> [REQ_ID=07cec3f9a5f9] [PERF] Execution time=0.063963

[1 occurrence(s)]
INFO --> [SPARK_COMPLETE] App\Commands\Ops\Work duration=0.087511

[1 occurrence(s)]
INFO --> [REQ_ID=1b73b2a1b31b] [PERF] Execution time=0.082411

[1 occurrence(s)]
INFO --> [REQ_ID=d1175bbdbfa0] [MEMORY][controller-start] 6291456

[1 occurrence(s)]
INFO --> [REQ_ID=d1175bbdbfa0] [MEMORY][commonData:start] 6291456

[1 occurrence(s)]
INFO --> [REQ_ID=d1175bbdbfa0] [MEMORY][commonData:start] 10485760

[1 occurrence(s)]
INFO --> [REQ_ID=d1175bbdbfa0] [PERF] Execution time=0.667139

[1 occurrence(s)]
INFO --> [REQ_ID=da6b434c4121] [PERF] Execution time=0.713119

[1 occurrence(s)]
INFO --> [REQ_ID=70281cadd8cb] [PERF] Execution time=0.010966

[1 occurrence(s)]
INFO --> [REQ_ID=9a124e7fa6a1] [MEMORY][controller-start] 4194304

[1 occurrence(s)]
INFO --> [REQ_ID=9a124e7fa6a1] [PERF] Execution time=0.040866

[1 occurrence(s)]
INFO --> [REQ_ID=b2488743c8ee] [PERF] Execution time=0.053729

[1 occurrence(s)]
INFO --> [REQ_ID=690c7a3b06e6] [MEMORY][controller-start] 6291456

[1 occurrence(s)]
INFO --> [REQ_ID=690c7a3b06e6] [MEMORY][commonData:start] 6291456

[1 occurrence(s)]
INFO --> [REQ_ID=690c7a3b06e6] [MEMORY][commonData:start] 10485760

[1 occurrence(s)]
INFO --> [REQ_ID=690c7a3b06e6] [PERF] Execution time=0.668865

[1 occurrence(s)]
INFO --> [REQ_ID=6cb8fc37b7ef] [PERF] Execution time=0.709201

[1 occurrence(s)]
INFO --> [REQ_ID=655a981dd156] [MEMORY][controller-start] 4194304

[1 occurrence(s)]
INFO --> [REQ_ID=655a981dd156] [MEMORY][commonData:start] 4194304

[1 occurrence(s)]
INFO --> [REQ_ID=655a981dd156] [MEMORY][commonData:start] 8388608

[1 occurrence(s)]
INFO --> [REQ_ID=655a981dd156] [PERF] Execution time=0.515127

[1 occurrence(s)]
INFO --> [REQ_ID=89bd4884a4c3] [PERF] Execution time=0.526121

[1 occurrence(s)]
INFO --> [REQ_ID=693f95f16788] [MEMORY][controller-start] 4194304

[1 occurrence(s)]
INFO --> [REQ_ID=693f95f16788] [MEMORY][commonData:start] 4194304

[1 occurrence(s)]
INFO --> [REQ_ID=693f95f16788] [MEMORY][commonData:start] 8388608

[1 occurrence(s)]
INFO --> [REQ_ID=693f95f16788] [PERF] Execution time=0.512052

[1 occurrence(s)]
INFO --> [REQ_ID=a6184a8e21d1] [PERF] Execution time=0.522270

[1 occurrence(s)]
INFO --> [REQ_ID=1e56db62fcf4] [MEMORY][controller-start] 4194304

[1 occurrence(s)]
INFO --> [REQ_ID=1e56db62fcf4] [MEMORY][commonData:start] 4194304

[1 occurrence(s)]
INFO --> [REQ_ID=1e56db62fcf4] [MEMORY][commonData:start] 8388608

[1 occurrence(s)]
INFO --> [REQ_ID=1e56db62fcf4] [PERF] Execution time=0.527240

[1 occurrence(s)]
INFO --> [REQ_ID=8ed16e2f1f15] [PERF] Execution time=0.537563

[1 occurrence(s)]
INFO --> [REQ_ID=c507a2addbaf] [MEMORY][controller-start] 4194304

[1 occurrence(s)]
INFO --> [REQ_ID=c507a2addbaf] [MEMORY][commonData:start] 4194304

[1 occurrence(s)]
INFO --> [REQ_ID=c507a2addbaf] [MEMORY][commonData:start] 8388608

[1 occurrence(s)]
INFO --> [REQ_ID=c507a2addbaf] [PERF] Execution time=0.544401

[1 occurrence(s)]
INFO --> [REQ_ID=92a26251a671] [PERF] Execution time=0.553512

[1 occurrence(s)]
INFO --> [REQ_ID=b82fb249ebfd] [MEMORY][controller-start] 4194304

[1 occurrence(s)]
INFO --> [REQ_ID=b82fb249ebfd] [MEMORY][commonData:start] 4194304

[1 occurrence(s)]
INFO --> [REQ_ID=b82fb249ebfd] [MEMORY][commonData:start] 8388608

[1 occurrence(s)]
INFO --> [REQ_ID=b82fb249ebfd] [PERF] Execution time=0.565730

[1 occurrence(s)]
INFO --> [REQ_ID=720e5ee648e8] [PERF] Execution time=0.750908

[1 occurrence(s)]
INFO --> [REQ_ID=cb0e09775db6] [MEMORY][controller-start] 4194304

[1 occurrence(s)]
INFO --> [REQ_ID=cb0e09775db6] [MEMORY][commonData:start] 4194304

[1 occurrence(s)]
INFO --> [REQ_ID=cb0e09775db6] [MEMORY][commonData:start] 8388608

[1 occurrence(s)]
INFO --> [REQ_ID=cb0e09775db6] [PERF] Execution time=0.500491

[1 occurrence(s)]
INFO --> [REQ_ID=311f9d562679] [PERF] Execution time=0.510777

[1 occurrence(s)]
INFO --> [REQ_ID=56ff6a5daadf] [MEMORY][controller-start] 4194304

[1 occurrence(s)]
INFO --> [REQ_ID=56ff6a5daadf] [MEMORY][commonData:start] 4194304

[1 occurrence(s)]
INFO --> [REQ_ID=56ff6a5daadf] [MEMORY][commonData:start] 8388608

[1 occurrence(s)]
INFO --> [REQ_ID=56ff6a5daadf] [PERF] Execution time=0.490030

[1 occurrence(s)]
INFO --> [REQ_ID=572b5ea8dda5] [PERF] Execution time=0.499499

[1 occurrence(s)]
INFO --> [REQ_ID=ab56c9598f2e] [MEMORY][controller-start] 4194304

[1 occurrence(s)]
INFO --> [REQ_ID=ab56c9598f2e] [MEMORY][commonData:start] 4194304

[1 occurrence(s)]
INFO --> [REQ_ID=ab56c9598f2e] [MEMORY][commonData:start] 8388608

[1 occurrence(s)]
INFO --> [REQ_ID=ab56c9598f2e] [PERF] Execution time=0.460137

[1 occurrence(s)]
INFO --> [REQ_ID=d6db47aab848] [PERF] Execution time=0.470405

[1 occurrence(s)]
INFO --> [REQ_ID=2fe43b1aa247] [MEMORY][controller-start] 6291456

[1 occurrence(s)]
INFO --> [REQ_ID=2fe43b1aa247] [MEMORY][commonData:start] 6291456

[1 occurrence(s)]
INFO --> [REQ_ID=2fe43b1aa247] [MEMORY][commonData:start] 10485760

[1 occurrence(s)]
INFO --> [REQ_ID=2fe43b1aa247] [PERF] Execution time=0.549617

[1 occurrence(s)]
INFO --> [REQ_ID=b292c88cf4fd] [PERF] Execution time=0.591469

[1 occurrence(s)]
INFO --> [REQ_ID=caf79cc96ce1] [MEMORY][controller-start] 6291456

[1 occurrence(s)]
INFO --> [REQ_ID=caf79cc96ce1] [MEMORY][commonData:start] 6291456

[1 occurrence(s)]
INFO --> [REQ_ID=caf79cc96ce1] [MEMORY][commonData:start] 10485760

[1 occurrence(s)]
INFO --> [REQ_ID=caf79cc96ce1] [PERF] Execution time=0.583830

[1 occurrence(s)]
INFO --> [REQ_ID=1a2b83c33448] [PERF] Execution time=0.625472

[1 occurrence(s)]
INFO --> [REQ_ID=b032765b3351] [MEMORY][controller-start] 4194304

[1 occurrence(s)]
INFO --> [REQ_ID=b032765b3351] [MEMORY][commonData:start] 4194304

[1 occurrence(s)]
INFO --> [REQ_ID=b032765b3351] [MEMORY][commonData:start] 8388608

[1 occurrence(s)]
INFO --> [REQ_ID=b032765b3351] [PERF] Execution time=0.522445

[1 occurrence(s)]
INFO --> [REQ_ID=433665525e49] [PERF] Execution time=0.533103

[1 occurrence(s)]
INFO --> [REQ_ID=fd0d2ac61910] [MEMORY][controller-start] 4194304

[1 occurrence(s)]
INFO --> [REQ_ID=fd0d2ac61910] [MEMORY][commonData:start] 4194304

[1 occurrence(s)]
INFO --> [REQ_ID=fd0d2ac61910] [MEMORY][commonData:start] 8388608

[1 occurrence(s)]
INFO --> [REQ_ID=fd0d2ac61910] [PERF] Execution time=0.501181

[1 occurrence(s)]
INFO --> [REQ_ID=e4dd1793a50e] [PERF] Execution time=0.510519

[1 occurrence(s)]
INFO --> [REQ_ID=1390db4c3dfc] [MEMORY][controller-start] 4194304

[1 occurrence(s)]
INFO --> [REQ_ID=1390db4c3dfc] [MEMORY][commonData:start] 4194304

[1 occurrence(s)]
INFO --> [REQ_ID=1390db4c3dfc] [MEMORY][commonData:start] 8388608

[1 occurrence(s)]
INFO --> [REQ_ID=1390db4c3dfc] [PERF] Execution time=0.533870

[1 occurrence(s)]
INFO --> [REQ_ID=66c7cf336f8b] [PERF] Execution time=0.543245

[1 occurrence(s)]
INFO --> [REQ_ID=b521fbb2fea5] [MEMORY][controller-start] 4194304

[1 occurrence(s)]
INFO --> [REQ_ID=b521fbb2fea5] [MEMORY][commonData:start] 4194304

[1 occurrence(s)]
INFO --> [REQ_ID=b521fbb2fea5] [MEMORY][commonData:start] 8388608

[1 occurrence(s)]
INFO --> [REQ_ID=b521fbb2fea5] [PERF] Execution time=0.569816

[1 occurrence(s)]
INFO --> [REQ_ID=c2e461e4e208] [PERF] Execution time=0.580123

[1 occurrence(s)]
INFO --> [REQ_ID=cad43a6827e3] [MEMORY][controller-start] 4194304

[1 occurrence(s)]
INFO --> [REQ_ID=cad43a6827e3] [MEMORY][commonData:start] 4194304

[1 occurrence(s)]
INFO --> [REQ_ID=cad43a6827e3] [MEMORY][commonData:start] 8388608

[1 occurrence(s)]
INFO --> [REQ_ID=cad43a6827e3] [PERF] Execution time=0.500116

[1 occurrence(s)]
INFO --> [REQ_ID=f837e5621c92] [PERF] Execution time=0.509414

[1 occurrence(s)]
INFO --> [REQ_ID=94659005293c] [MEMORY][controller-start] 4194304

[1 occurrence(s)]
INFO --> [REQ_ID=94659005293c] [MEMORY][commonData:start] 4194304

[1 occurrence(s)]
INFO --> [REQ_ID=94659005293c] [MEMORY][commonData:start] 8388608

[1 occurrence(s)]
INFO --> [REQ_ID=94659005293c] [PERF] Execution time=0.477607

[1 occurrence(s)]
INFO --> [REQ_ID=a11148090a40] [PERF] Execution time=0.486848

[1 occurrence(s)]
INFO --> [REQ_ID=baf59a419eca] [MEMORY][controller-start] 6291456

[1 occurrence(s)]
INFO --> [REQ_ID=baf59a419eca] [MEMORY][commonData:start] 6291456

[1 occurrence(s)]
INFO --> [REQ_ID=baf59a419eca] [MEMORY][commonData:start] 10485760

[1 occurrence(s)]
INFO --> [REQ_ID=baf59a419eca] [PERF] Execution time=0.582295

[1 occurrence(s)]
INFO --> [REQ_ID=41ad3dafa122] [PERF] Execution time=0.630171

[1 occurrence(s)]
INFO --> [REQ_ID=e47122319ebb] [MEMORY][controller-start] 6291456

[1 occurrence(s)]
INFO --> [REQ_ID=e47122319ebb] [MEMORY][commonData:start] 6291456

[1 occurrence(s)]
INFO --> [REQ_ID=e47122319ebb] [MEMORY][commonData:start] 10485760

[1 occurrence(s)]
INFO --> [REQ_ID=e47122319ebb] [PERF] Execution time=0.564513

[1 occurrence(s)]
INFO --> [REQ_ID=41f7aeb676d8] [PERF] Execution time=0.606385

[1 occurrence(s)]
INFO --> [REQ_ID=861351e51b03] [MEMORY][controller-start] 4194304

[1 occurrence(s)]
INFO --> [REQ_ID=861351e51b03] [MEMORY][commonData:start] 4194304

[1 occurrence(s)]
INFO --> [REQ_ID=861351e51b03] [MEMORY][commonData:start] 8388608

[1 occurrence(s)]
INFO --> [REQ_ID=861351e51b03] [PERF] Execution time=0.494626

[1 occurrence(s)]
INFO --> [REQ_ID=a5833c46fe0e] [PERF] Execution time=0.505022

[1 occurrence(s)]
INFO --> [REQ_ID=fae0419ba14e] [MEMORY][controller-start] 4194304

[1 occurrence(s)]
INFO --> [REQ_ID=fae0419ba14e] [MEMORY][commonData:start] 4194304

[1 occurrence(s)]
INFO --> [REQ_ID=fae0419ba14e] [MEMORY][commonData:start] 8388608

[1 occurrence(s)]
INFO --> [REQ_ID=fae0419ba14e] [PERF] Execution time=0.511003

[1 occurrence(s)]
INFO --> [REQ_ID=7eda7e9a2c89] [PERF] Execution time=0.520126

[1 occurrence(s)]
INFO --> [REQ_ID=8f4a36130953] [MEMORY][controller-start] 6291456

[1 occurrence(s)]
INFO --> [REQ_ID=8f4a36130953] [MEMORY][commonData:start] 6291456

[1 occurrence(s)]
INFO --> [REQ_ID=8f4a36130953] [MEMORY][commonData:start] 10485760

[1 occurrence(s)]
INFO --> [REQ_ID=8f4a36130953] [PERF] Execution time=0.608836

[1 occurrence(s)]
INFO --> [REQ_ID=4ca48fecef53] [PERF] Execution time=0.652153

[1 occurrence(s)]
INFO --> [REQ_ID=52fd4efe6be5] [MEMORY][controller-start] 4194304

[1 occurrence(s)]
INFO --> [REQ_ID=52fd4efe6be5] [MEMORY][commonData:start] 4194304

[1 occurrence(s)]
INFO --> [REQ_ID=52fd4efe6be5] [MEMORY][commonData:start] 8388608

[1 occurrence(s)]
INFO --> [REQ_ID=52fd4efe6be5] [PERF] Execution time=0.591664

[1 occurrence(s)]
INFO --> [REQ_ID=7730cda0c913] [PERF] Execution time=0.604517

[1 occurrence(s)]
INFO --> [REQ_ID=e68ace723cd0] [MEMORY][controller-start] 4194304

[1 occurrence(s)]
INFO --> [REQ_ID=e68ace723cd0] [MEMORY][commonData:start] 4194304

[1 occurrence(s)]
INFO --> [REQ_ID=e68ace723cd0] [MEMORY][commonData:start] 8388608

[1 occurrence(s)]
INFO --> [REQ_ID=e68ace723cd0] [PERF] Execution time=0.557881

[1 occurrence(s)]
INFO --> [REQ_ID=7677bc85dde7] [PERF] Execution time=0.568907

[1 occurrence(s)]
INFO --> [REQ_ID=cb474fbd299c] [MEMORY][controller-start] 4194304

[1 occurrence(s)]
INFO --> [REQ_ID=cb474fbd299c] [MEMORY][commonData:start] 4194304

[1 occurrence(s)]
INFO --> [REQ_ID=cb474fbd299c] [MEMORY][commonData:start] 8388608

[1 occurrence(s)]
INFO --> [REQ_ID=cb474fbd299c] [PERF] Execution time=0.496500

[1 occurrence(s)]
INFO --> [REQ_ID=aad6c69fd10b] [PERF] Execution time=0.506341

[1 occurrence(s)]
INFO --> [REQ_ID=d39af31bf40d] [MEMORY][controller-start] 4194304

[1 occurrence(s)]
INFO --> [REQ_ID=d39af31bf40d] [MEMORY][commonData:start] 4194304

[1 occurrence(s)]
INFO --> [REQ_ID=d39af31bf40d] [MEMORY][commonData:start] 8388608

[1 occurrence(s)]
INFO --> [REQ_ID=d39af31bf40d] [PERF] Execution time=0.485168

[1 occurrence(s)]
INFO --> [REQ_ID=dc349564aa2f] [PERF] Execution time=0.501224

[1 occurrence(s)]
INFO --> [REQ_ID=064526990639] [MEMORY][controller-start] 4194304

[1 occurrence(s)]
INFO --> [REQ_ID=064526990639] [MEMORY][commonData:start] 4194304

[1 occurrence(s)]
INFO --> [REQ_ID=064526990639] [MEMORY][commonData:start] 8388608

[1 occurrence(s)]
INFO --> [REQ_ID=064526990639] [PERF] Execution time=0.486757

[1 occurrence(s)]
INFO --> [REQ_ID=fa673076733a] [PERF] Execution time=0.496929

[1 occurrence(s)]
INFO --> [REQ_ID=6fd97cc3e0c8] [MEMORY][controller-start] 4194304

[1 occurrence(s)]
INFO --> [REQ_ID=6fd97cc3e0c8] [MEMORY][commonData:start] 4194304

[1 occurrence(s)]
INFO --> [REQ_ID=6fd97cc3e0c8] [MEMORY][commonData:start] 8388608

[1 occurrence(s)]
INFO --> [REQ_ID=6fd97cc3e0c8] [PERF] Execution time=0.528371

[1 occurrence(s)]
INFO --> [REQ_ID=8607918fa196] [PERF] Execution time=0.539519

[1 occurrence(s)]
INFO --> [REQ_ID=4c3e154c41a6] [MEMORY][controller-start] 4194304

[1 occurrence(s)]
INFO --> [REQ_ID=4c3e154c41a6] [MEMORY][commonData:start] 4194304

[1 occurrence(s)]
INFO --> [REQ_ID=4c3e154c41a6] [MEMORY][commonData:start] 8388608

[1 occurrence(s)]
INFO --> [REQ_ID=4c3e154c41a6] [PERF] Execution time=0.532312

[1 occurrence(s)]
INFO --> [REQ_ID=12edfec3137d] [PERF] Execution time=0.543326

[1 occurrence(s)]
INFO --> [REQ_ID=7095efadce0e] [MEMORY][controller-start] 4194304

[1 occurrence(s)]
INFO --> [REQ_ID=7095efadce0e] [MEMORY][commonData:start] 4194304

[1 occurrence(s)]
INFO --> [REQ_ID=7095efadce0e] [MEMORY][commonData:start] 8388608

[1 occurrence(s)]
INFO --> [REQ_ID=7095efadce0e] [PERF] Execution time=0.508410

[1 occurrence(s)]
INFO --> [REQ_ID=9d4229fd16db] [PERF] Execution time=0.518536

[1 occurrence(s)]
INFO --> [REQ_ID=39c88f571647] [MEMORY][controller-start] 6291456

[1 occurrence(s)]
INFO --> [REQ_ID=39c88f571647] [MEMORY][commonData:start] 6291456

[1 occurrence(s)]
INFO --> [REQ_ID=39c88f571647] [MEMORY][commonData:start] 10485760

[1 occurrence(s)]
INFO --> [REQ_ID=39c88f571647] [PERF] Execution time=0.616268

[1 occurrence(s)]
INFO --> [REQ_ID=5579b50e852d] [PERF] Execution time=0.658376

[1 occurrence(s)]
INFO --> [SPARK_COMPLETE] App\Commands\Ops\Work duration=0.033473

[1 occurrence(s)]
INFO --> [REQ_ID=ea8fa01c3258] [MEMORY][controller-start] 6291456

[1 occurrence(s)]
INFO --> [REQ_ID=ea8fa01c3258] [MEMORY][commonData:start] 6291456

[1 occurrence(s)]
INFO --> [REQ_ID=ea8fa01c3258] [MEMORY][commonData:start] 10485760

[1 occurrence(s)]
INFO --> [REQ_ID=ea8fa01c3258] [PERF] Execution time=0.628860

[1 occurrence(s)]
INFO --> [REQ_ID=ddea30fd980e] [PERF] Execution time=0.672506

[1 occurrence(s)]
INFO --> [REQ_ID=4b034b0178f6] [MEMORY][controller-start] 6291456

[1 occurrence(s)]
INFO --> [REQ_ID=4b034b0178f6] [MEMORY][commonData:start] 6291456

[1 occurrence(s)]
INFO --> [REQ_ID=93b0f6c0b152] [MEMORY][controller-start] 6291456

[1 occurrence(s)]
INFO --> [REQ_ID=93b0f6c0b152] [MEMORY][commonData:start] 6291456

[1 occurrence(s)]
INFO --> [REQ_ID=4b034b0178f6] [MEMORY][commonData:start] 8388608

[1 occurrence(s)]
INFO --> [REQ_ID=4b034b0178f6] [PERF] Execution time=0.519766

[1 occurrence(s)]
INFO --> [REQ_ID=7b4ba6ac3e72] [PERF] Execution time=0.534011

[1 occurrence(s)]
INFO --> [REQ_ID=93b0f6c0b152] [MEMORY][commonData:start] 10485760

[1 occurrence(s)]
INFO --> [REQ_ID=93b0f6c0b152] [PERF] Execution time=0.562717

[1 occurrence(s)]
INFO --> [REQ_ID=228808596ecd] [PERF] Execution time=0.612234

[1 occurrence(s)]
INFO --> [REQ_ID=d60e1960539f] [MEMORY][controller-start] 6291456

[1 occurrence(s)]
INFO --> [REQ_ID=d60e1960539f] [MEMORY][commonData:start] 6291456

[1 occurrence(s)]
INFO --> [REQ_ID=d60e1960539f] [MEMORY][commonData:start] 8388608

[1 occurrence(s)]
INFO --> [REQ_ID=d60e1960539f] [PERF] Execution time=0.517685

[1 occurrence(s)]
INFO --> [REQ_ID=a03603650093] [PERF] Execution time=0.526522

[1 occurrence(s)]
INFO --> [SPARK_COMPLETE] App\Commands\Ops\Work duration=0.040650

[1 occurrence(s)]
INFO --> [REQ_ID=3ea6c857011e] [MEMORY][controller-start] 6291456

[1 occurrence(s)]
INFO --> [REQ_ID=3ea6c857011e] [MEMORY][commonData:start] 6291456

[1 occurrence(s)]
INFO --> [REQ_ID=3ea6c857011e] [MEMORY][commonData:start] 10485760

[1 occurrence(s)]
INFO --> [REQ_ID=3ea6c857011e] [PERF] Execution time=0.678573

[1 occurrence(s)]
INFO --> [REQ_ID=4bf6a8d993e0] [PERF] Execution time=0.719789

[1 occurrence(s)]
INFO --> [SPARK_COMPLETE] App\Commands\Ops\Work duration=0.040768

[1 occurrence(s)]
INFO --> [REQ_ID=0a8a4c2110e3] [PERF] Execution time=0.038887

[1 occurrence(s)]
INFO --> [REQ_ID=83f01c14746e] [MEMORY][controller-start] 4194304

[1 occurrence(s)]
INFO --> [REQ_ID=83f01c14746e] [MEMORY][commonData:start] 6291456

[1 occurrence(s)]
INFO --> [REQ_ID=83f01c14746e] [MEMORY][commonData:start] 8388608

[1 occurrence(s)]
INFO --> [REQ_ID=83f01c14746e] [PERF] Execution time=0.775963

[1 occurrence(s)]
INFO --> [REQ_ID=96a994c2adeb] [PERF] Execution time=0.791284

[1 occurrence(s)]
INFO --> [SPARK_COMPLETE] App\Commands\Ops\Work duration=0.037652

[1 occurrence(s)]
INFO --> [REQ_ID=5144e0fdebd6] [PERF] Execution time=0.060274

[1 occurrence(s)]
INFO --> [SPARK_COMPLETE] App\Commands\Ops\Work duration=0.030591

[1 occurrence(s)]
INFO --> [SPARK_COMPLETE] App\Commands\Ops\Work duration=0.034897

[1 occurrence(s)]
INFO --> [SPARK_COMPLETE] App\Commands\Ops\Work duration=0.050084

[1 occurrence(s)]
INFO --> [REQ_ID=ed43f598cc86] [PERF] Execution time=0.078141

[1 occurrence(s)]
INFO --> [SPARK_COMPLETE] App\Commands\Logs\Summarize duration=0.029028

[1 occurrence(s)]
INFO --> LOG_HEALTHCHECK info marker=e995ec7d9070

[1 occurrence(s)]
INFO --> [SPARK_COMPLETE] App\Commands\App\Healthcheck duration=0.028228

[1 occurrence(s)]
INFO --> [SPARK_COMPLETE] App\Commands\AIOps\Run duration=3.890263

[1 occurrence(s)]
INFO --> [REQ_ID=765902196b7d] [MEMORY][controller-start] 4194304

[1 occurrence(s)]
INFO --> [REQ_ID=765902196b7d] [PERF] Execution time=0.101452

[1 occurrence(s)]
INFO --> [REQ_ID=48d8e455acac] [PERF] Execution time=0.119571

[1 occurrence(s)]
INFO --> [REQ_ID=e9cdbc6b7942] [MEMORY][controller-start] 6291456

[1 occurrence(s)]
INFO --> [REQ_ID=e9cdbc6b7942] [MEMORY][commonData:start] 6291456

[1 occurrence(s)]
INFO --> [REQ_ID=e9cdbc6b7942] [MEMORY][commonData:start] 10485760

[1 occurrence(s)]
INFO --> [REQ_ID=e9cdbc6b7942] [PERF] Execution time=0.625077

[1 occurrence(s)]
INFO --> [REQ_ID=b251bb316abb] [PERF] Execution time=0.665541

[1 occurrence(s)]
INFO --> [REQ_ID=7b85f07833f6] [MEMORY][controller-start] 6291456

[1 occurrence(s)]
INFO --> [REQ_ID=7b85f07833f6] [PERF] Execution time=0.064317

[1 occurrence(s)]
INFO --> [REQ_ID=4f6cb2b41885] [PERF] Execution time=0.107891

[1 occurrence(s)]
INFO --> [SPARK_COMPLETE] App\Commands\Ops\Work duration=0.158741

[1 occurrence(s)]
INFO --> [REQ_ID=311f23d12c65] [PERF] Execution time=0.065688

[1 occurrence(s)]
INFO --> [REQ_ID=79d92676a088] [MEMORY][controller-start] 4194304

[1 occurrence(s)]
INFO --> [REQ_ID=79d92676a088] [MEMORY][commonData:start] 6291456

[1 occurrence(s)]
INFO --> [REQ_ID=79d92676a088] [MEMORY][commonData:start] 8388608

[1 occurrence(s)]
INFO --> [REQ_ID=79d92676a088] [PERF] Execution time=0.604951

[1 occurrence(s)]
INFO --> [REQ_ID=76cddaff471d] [PERF] Execution time=0.621272

[1 occurrence(s)]
INFO --> [SPARK_COMPLETE] App\Commands\Ops\Work duration=0.106949

[1 occurrence(s)]
INFO --> [SPARK_COMPLETE] App\Commands\Ops\Work duration=0.036991

[1 occurrence(s)]
INFO --> [SPARK_COMPLETE] App\Commands\Ops\Work duration=0.035019

[1 occurrence(s)]
INFO --> [REQ_ID=1065e67f31e1] [PERF] Execution time=0.049090

[1 occurrence(s)]
INFO --> [REQ_ID=556e92b04474] [MEMORY][controller-start] 6291456

[1 occurrence(s)]
INFO --> [REQ_ID=556e92b04474] [MEMORY][commonData:start] 6291456

[1 occurrence(s)]
INFO --> [REQ_ID=556e92b04474] [MEMORY][commonData:start] 10485760

[1 occurrence(s)]
INFO --> [REQ_ID=556e92b04474] [PERF] Execution time=0.594393

[1 occurrence(s)]
INFO --> [REQ_ID=0cbbf1b9b5fd] [PERF] Execution time=0.635486

[1 occurrence(s)]
INFO --> [SPARK_COMPLETE] App\Commands\Ops\Work duration=0.100575

[1 occurrence(s)]
INFO --> [REQ_ID=cbe986eb95c5] [PERF] Execution time=0.077817

[1 occurrence(s)]
INFO --> [REQ_ID=3aaf4a2e7178] [MEMORY][controller-start] 6291456

[1 occurrence(s)]
INFO --> [REQ_ID=3aaf4a2e7178] [MEMORY][commonData:start] 6291456

[1 occurrence(s)]
INFO --> [REQ_ID=3aaf4a2e7178] [MEMORY][commonData:start] 10485760

[1 occurrence(s)]
INFO --> [REQ_ID=3aaf4a2e7178] [PERF] Execution time=0.677066

[1 occurrence(s)]
INFO --> [REQ_ID=c6af650f6f6e] [PERF] Execution time=0.757748

[1 occurrence(s)]
INFO --> [SPARK_COMPLETE] App\Commands\Ops\Work duration=0.023363

[1 occurrence(s)]
INFO --> [REQ_ID=28ef5e0e4af1] [MEMORY][controller-start] 6291456

[1 occurrence(s)]
INFO --> [REQ_ID=28ef5e0e4af1] [MEMORY][commonData:start] 6291456

[1 occurrence(s)]
INFO --> [REQ_ID=28ef5e0e4af1] [MEMORY][commonData:start] 10485760

[1 occurrence(s)]
INFO --> [REQ_ID=28ef5e0e4af1] [PERF] Execution time=1.276272

[1 occurrence(s)]
INFO --> [REQ_ID=7d3047e8e9e6] [PERF] Execution time=1.320511

[1 occurrence(s)]
INFO --> [SPARK_COMPLETE] App\Commands\Ops\Work duration=0.041515

[1 occurrence(s)]
INFO --> [REQ_ID=e6a9ec4d1a25] [MEMORY][controller-start] 6291456

[1 occurrence(s)]
INFO --> [REQ_ID=e6a9ec4d1a25] [MEMORY][commonData:start] 6291456

[1 occurrence(s)]
INFO --> [REQ_ID=e6a9ec4d1a25] [MEMORY][commonData:start] 10485760

[1 occurrence(s)]
INFO --> [REQ_ID=e6a9ec4d1a25] [PERF] Execution time=0.625447

[1 occurrence(s)]
INFO --> [REQ_ID=061d11f19049] [PERF] Execution time=0.690710

[1 occurrence(s)]
INFO --> [REQ_ID=84661c4a1ad5] [MEMORY][controller-start] 6291456

[1 occurrence(s)]
INFO --> [REQ_ID=84661c4a1ad5] [MEMORY][commonData:start] 6291456

[1 occurrence(s)]
INFO --> [REQ_ID=84661c4a1ad5] [MEMORY][commonData:start] 8388608

[1 occurrence(s)]
INFO --> [REQ_ID=84661c4a1ad5] [PERF] Execution time=1.007987

[1 occurrence(s)]
INFO --> [REQ_ID=b229f0a05caf] [PERF] Execution time=1.025061

[2 occurrence(s)]
INFO --> CSRF token verified.

[1 occurrence(s)]
INFO --> [REQ_ID=f605bf676699] [MEMORY][controller-start] 8388608

[1 occurrence(s)]
INFO --> [REGISTRATION] Submission received

[2 occurrence(s)]
INFO --> MailService queued email

[1 occurrence(s)]
INFO --> [REQ_ID=f605bf676699] [PERF] Execution time=0.125466

[1 occurrence(s)]
INFO --> [REQ_ID=8794908c8f5b] [PERF] Execution time=0.142236

[1 occurrence(s)]
INFO --> [REQ_ID=38f275057c43] [MEMORY][controller-start] 6291456

[1 occurrence(s)]
INFO --> [REQ_ID=38f275057c43] [MEMORY][commonData:start] 6291456

[1 occurrence(s)]
INFO --> [REQ_ID=38f275057c43] [MEMORY][commonData:start] 8388608

[1 occurrence(s)]
INFO --> [REQ_ID=38f275057c43] [PERF] Execution time=1.051344

[1 occurrence(s)]
INFO --> [REQ_ID=cb2b7901d28a] [PERF] Execution time=1.060818

[1 occurrence(s)]
INFO --> [REQ_ID=80910796a434] [MEMORY][controller-start] 8388608

[1 occurrence(s)]
INFO --> [REQ_ID=80910796a434] [PERF] Execution time=0.017238

[1 occurrence(s)]
INFO --> [REQ_ID=96e78d9efc48] [PERF] Execution time=0.026302

[1 occurrence(s)]
INFO --> [REQ_ID=0eac2f053fa0] [MEMORY][controller-start] 6291456

[1 occurrence(s)]
INFO --> AuthController L93: Auth:attemptLogin started.

[1 occurrence(s)]
INFO --> AuthController L104: Auth:attemptLogin rules: {"login":"required","password":"required"}

[1 occurrence(s)]
INFO --> AuthController L132: Auth:attemptLogin Login Variables: login: required, remember: false, ip: 77.93.154.236, ua: Mozilla/5.0 (Windows NT 10.0; Win64; x64) AppleWebKit/537.36 (KHTML, like Gecko) Chrome/103.0.0.0 Safari/537.36 Herring/95.1.8810.11

[1 occurrence(s)]
INFO --> [REQ_ID=0eac2f053fa0] [PERF] Execution time=0.033464

[1 occurrence(s)]
INFO --> [REQ_ID=f7ca97b97a75] [PERF] Execution time=0.045000

[1 occurrence(s)]
INFO --> [REQ_ID=94b63701d12e] [MEMORY][controller-start] 4194304

[1 occurrence(s)]
INFO --> [REQ_ID=94b63701d12e] [PERF] Execution time=0.015123

[1 occurrence(s)]
INFO --> [REQ_ID=a118bf38df71] [PERF] Execution time=0.024066

[1 occurrence(s)]
INFO --> [REQ_ID=f5bb04753efc] [MEMORY][controller-start] 6291456

[1 occurrence(s)]
INFO --> [REQ_ID=394c191b47eb] [MEMORY][controller-start] 6291456

[1 occurrence(s)]
INFO --> [REQ_ID=f5bb04753efc] [MEMORY][commonData:start] 6291456

[1 occurrence(s)]
INFO --> [REQ_ID=394c191b47eb] [MEMORY][commonData:start] 6291456

[1 occurrence(s)]
INFO --> [REQ_ID=f5bb04753efc] [MEMORY][commonData:start] 10485760

[1 occurrence(s)]
INFO --> [REQ_ID=f5bb04753efc] [PERF] Execution time=0.608309

[1 occurrence(s)]
INFO --> [REQ_ID=80671fbd-6ea4-4ffd-a233-6a1e5de4fb11] [PERF] Execution time=0.666785

[1 occurrence(s)]
INFO --> [REQ_ID=394c191b47eb] [MEMORY][commonData:start] 10485760

[1 occurrence(s)]
INFO --> [REQ_ID=394c191b47eb] [PERF] Execution time=0.640291

[1 occurrence(s)]
INFO --> [REQ_ID=b513b478-560c-4c70-a69b-3982650fa142] [PERF] Execution time=0.696896

[1 occurrence(s)]
INFO --> [SPARK_COMPLETE] App\Commands\Ops\Work duration=0.027596

[1 occurrence(s)]
INFO --> [REQ_ID=9f015f5228f1] [PERF] Execution time=0.125150


---------------------------
LEVEL: NOTICE
---------------------------

[1 occurrence(s)]
NOTICE --> LOG_HEALTHCHECK probe marker=e67c58f1cf27

[1 occurrence(s)]
NOTICE --> LOG_HEALTHCHECK probe marker=c16bb5892803

[1 occurrence(s)]
NOTICE --> LOG_HEALTHCHECK probe marker=cfd12a97395f

[1 occurrence(s)]
NOTICE --> LOG_HEALTHCHECK probe marker=971c29773133

[1 occurrence(s)]
NOTICE --> LOG_HEALTHCHECK probe marker=3ed770ba5342

[1 occurrence(s)]
NOTICE --> LOG_HEALTHCHECK probe marker=d76379c37a67

[1 occurrence(s)]
NOTICE --> LOG_HEALTHCHECK probe marker=3e114e505f52

[1 occurrence(s)]
NOTICE --> LOG_HEALTHCHECK probe marker=dfd69b713730

[1 occurrence(s)]
NOTICE --> LOG_HEALTHCHECK probe marker=e995ec7d9070


---------------------------
LEVEL: WARNING
---------------------------

[9 occurrence(s)]
WARNING --> OllamaPatchRunner:L49 - Original Diff:

[32 occurrence(s)]
WARNING --> MyMIWallets initialized without numeric user context.

[2 occurrence(s)]
WARNING --> [404] URI=https://www.mymiwallet.com/index.php/Management/Docs

[1 occurrence(s)]
WARNING --> 404 route miss: https://www.mymiwallet.com/index.php/Management/Docs | referrer: https://www.mymiwallet.com/index.php/How-It-Works/MyMI-Gold

[1 occurrence(s)]
WARNING --> [404] URI=https://www.mymiwallet.com/index.php/Features/Advanced-Investment-Portfoio-Manager

[1 occurrence(s)]
WARNING --> 404 route miss: https://www.mymiwallet.com/index.php/Features/Advanced-Investment-Portfoio-Manager | referrer: https://www.mymiwallet.com/index.php/How-It-Works/MyMI-Gold

[1 occurrence(s)]
WARNING --> [404] URI=https://www.mymiwallet.com/index.php/How-To-Guides

[1 occurrence(s)]
WARNING --> 404 route miss: https://www.mymiwallet.com/index.php/How-To-Guides | referrer: https://www.mymiwallet.com/index.php/How-It-Works/MyMI-Gold

[2 occurrence(s)]
WARNING --> [ACTIVATION] Activation failed: missing token

[1 occurrence(s)]
WARNING --> [404] URI=https://www.mymiwallet.com/index.php/Premium-Features/Due-Diligence-Database

[1 occurrence(s)]
WARNING --> 404 route miss: https://www.mymiwallet.com/index.php/Premium-Features/Due-Diligence-Database | referrer: https://www.mymiwallet.com/index.php/How-It-Works/MyMI-Gold

[1 occurrence(s)]
WARNING --> [404] URI=https://www.mymiwallet.com/index.php/Premium-Features/Wallets

[1 occurrence(s)]
WARNING --> 404 route miss: https://www.mymiwallet.com/index.php/Premium-Features/Wallets | referrer: https://www.mymiwallet.com/index.php/How-It-Works/MyMI-Gold

[1 occurrence(s)]
WARNING --> 404 route miss: https://www.mymiwallet.com/index.php/Management/Docs | referrer: none

[1 occurrence(s)]
WARNING --> [404] URI=https://www.mymiwallet.com/index.php/Management/API

[1 occurrence(s)]
WARNING --> 404 route miss: https://www.mymiwallet.com/index.php/Management/API | referrer: none

[5 occurrence(s)]
WARNING --> [404] URI=https://www.mymiwallet.com/index.php/

[5 occurrence(s)]
WARNING --> 404 route miss: https://www.mymiwallet.com/index.php/ | referrer: none

[1 occurrence(s)]
WARNING --> [404] URI=https://www.mymiwallet.com/index.php/Features/Brokerage-Integration

[1 occurrence(s)]
WARNING --> 404 route miss: https://www.mymiwallet.com/index.php/Features/Brokerage-Integration | referrer: https://www.mymiwallet.com/index.php/How-It-Works/MyMI-Gold

[1 occurrence(s)]
WARNING --> [404] URI=https://www.mymiwallet.com/index.php/Management/Alerts/share-template?symbol=GRAB

[1 occurrence(s)]
WARNING --> 404 route miss: https://www.mymiwallet.com/index.php/Management/Alerts/share-template?symbol=GRAB | referrer: none

[1 occurrence(s)]
WARNING --> [REGISTRATION] Validation failed (basic fields)

[1 occurrence(s)]
WARNING --> [AUTH_FAILURE]

[1 occurrence(s)]
WARNING --> [AUTH] Login failure

[1 occurrence(s)]
WARNING --> [AUTH] Login failed


---------------------------
LEVEL: ERROR
---------------------------

[16 occurrence(s)]
ERROR --> [ERROR_PAGE] event=error_404 status=404 message=Page not found.

[1 occurrence(s)]
ERROR --> Registration failed: {"username":"The username field is not in the correct format.","email":"The email field must contain a unique value."}


---------------------------
LEVEL: CRITICAL
---------------------------

[14 occurrence(s)]
CRITICAL --> CodeIgniter\Exceptions\PageNotFoundException: Page Not Found

[14 occurrence(s)]
CRITICAL --> [EXCEPTION] Page Not Found File=/home/mymiteam/mymiwallet/site/current/vendor/codeigniter4/framework/system/CodeIgniter.php Line=1001

[4 occurrence(s)]
CRITICAL --> Error: Class "App\Modules\APIs\Controllers\MditBaseController" not found

[1 occurrence(s)]
CRITICAL --> [EXCEPTION] Class "App\Modules\APIs\Controllers\MditBaseController" not found File=/home/mymiteam/mymiwallet/site/current/app/Modules/APIs/Controllers/MditInvestorAPIController.php Line=12

[2 occurrence(s)]
CRITICAL --> [EXCEPTION] Class "App\Modules\APIs\Controllers\MditBaseController" not found File=/home/mymiteam/mymiwallet/site/current/app/Modules/APIs/Controllers/MditInvestorAPIController.php Line=13

[1 occurrence(s)]
CRITICAL --> [EXCEPTION] Class "App\Modules\APIs\Controllers\MditBaseController" not found File=/home/mymiteam/mymiwallet/site/current/app/Modules/APIs/Controllers/MditAdminAPIController.php Line=13

[2 occurrence(s)]
CRITICAL --> CodeIgniter\Router\Exceptions\RouterException: The namespace delimiter is a backslash (\), not a slash (/). Route handler: "\App\Modules\APIs\Controllers\EmailAPIController:cloneCampaign/$1"

[2 occurrence(s)]
CRITICAL --> [EXCEPTION] The namespace delimiter is a backslash (\), not a slash (/). Route handler: "\App\Modules\APIs\Controllers\EmailAPIController:cloneCampaign/$1" File=/home/mymiteam/mymiwallet/site/current/vendor/codeigniter4/framework/system/Router/Router.php Line=523

[1 occurrence(s)]
CRITICAL --> ErrorException: Type of App\Modules\Management\Controllers\DevelopmentAdminController::$helpers must not be defined (as in class App\Controllers\BaseController)

[1 occurrence(s)]
CRITICAL --> [EXCEPTION] Type of App\Modules\Management\Controllers\DevelopmentAdminController::$helpers must not be defined (as in class App\Controllers\BaseController) File=/home/mymiteam/mymiwallet/site/current/app/Modules/Management/Controllers/DevelopmentAdminController.php Line=8

[2 occurrence(s)]
CRITICAL --> ErrorException: Type of App\Modules\Management\Controllers\DiscordAdminController::$walletService must be ?App\Services\WalletService (as in class App\Controllers\UserController)

[2 occurrence(s)]
CRITICAL --> [EXCEPTION] Type of App\Modules\Management\Controllers\DiscordAdminController::$walletService must be ?App\Services\WalletService (as in class App\Controllers\UserController) File=/home/mymiteam/mymiwallet/site/current/app/Modules/Management/Controllers/DiscordAdminController.php Line=20

[2 occurrence(s)]
CRITICAL --> ErrorException: Type of App\Modules\Management\Controllers\FinanceAdminController::$helpers must not be defined (as in class App\Controllers\BaseController)

[2 occurrence(s)]
CRITICAL --> [EXCEPTION] Type of App\Modules\Management\Controllers\FinanceAdminController::$helpers must not be defined (as in class App\Controllers\BaseController) File=/home/mymiteam/mymiwallet/site/current/app/Modules/Management/Controllers/FinanceAdminController.php Line=8

[1 occurrence(s)]
CRITICAL --> ErrorException: Type of App\Modules\Management\Controllers\HRAdminController::$helpers must not be defined (as in class App\Controllers\BaseController)

[1 occurrence(s)]
CRITICAL --> [EXCEPTION] Type of App\Modules\Management\Controllers\HRAdminController::$helpers must not be defined (as in class App\Controllers\BaseController) File=/home/mymiteam/mymiwallet/site/current/app/Modules/Management/Controllers/HRAdminController.php Line=8

[1 occurrence(s)]
CRITICAL --> ErrorException: Type of App\Modules\Management\Controllers\InvestmentsAdminController::$helpers must not be defined (as in class App\Controllers\BaseController)

[1 occurrence(s)]
CRITICAL --> [EXCEPTION] Type of App\Modules\Management\Controllers\InvestmentsAdminController::$helpers must not be defined (as in class App\Controllers\BaseController) File=/home/mymiteam/mymiwallet/site/current/app/Modules/Management/Controllers/InvestmentsAdminController.php Line=8


===============================================
   HERE'S THE NEW STUFF
   (Entries logged AFTER 2026-03-01 16:00:03)
===============================================

---------------------------
LEVEL: DEBUG (NEW)
---------------------------

[1 NEW occurrence(s)]
DEBUG --> LOG_HEALTHCHECK debug marker=e995ec7d9070

[2 NEW occurrence(s)]
DEBUG --> OllamaPatchRunner:L142 - validateGeneratedPatch Content:

[1 NEW occurrence(s)]
DEBUG --> OllamaPatchRunner:L51 - Retried Diff:

[1 NEW occurrence(s)]
DEBUG --> OllamaPatchRunner:L53 - Validating Generated Patch Failed

[1 NEW occurrence(s)]
DEBUG --> [REQ_ID=48d8e455acac] [REQUEST][START] GET /index.php/How-It-Works/Purchase-MyMI-Gold

[20 NEW occurrence(s)]
DEBUG --> Session: Class initialized using 'CodeIgniter\Session\Handlers\FileHandler' driver.

[1 NEW occurrence(s)]
DEBUG --> [REQ_ID=48d8e455acac] [FILTER_BEFORE] /index.php/How-It-Works/Purchase-MyMI-Gold

[1 NEW occurrence(s)]
DEBUG --> [REQ_ID=48d8e455acac] [ROUTE] Controller=\App\Modules\Blog\Controllers\HowItWorksController Method=show

[1 NEW occurrence(s)]
DEBUG --> [REQ_ID=48d8e455acac] [LIFECYCLE][START] GET https://www.mymiwallet.com/index.php/How-It-Works/Purchase-MyMI-Gold

[1 NEW occurrence(s)]
DEBUG --> [CSRF] token name=csrf_test_name hash=160169d39df7d4c214c6f0b05e9e11db

[1 NEW occurrence(s)]
DEBUG --> [REQ_ID=765902196b7d] [INIT] App\Modules\Blog\Controllers\HowItWorksController::GET

[1 NEW occurrence(s)]
DEBUG --> [REQ_ID=765902196b7d] [METHOD_ENTRY] show

[11 NEW occurrence(s)]
DEBUG --> MyMIUser L52 - initialized (first log).

[4 NEW occurrence(s)]
DEBUG --> [SERVICE] App\Services\BudgetService ::setUserId

[12 NEW occurrence(s)]
DEBUG --> MyMICoin: guest context detected; skipping user-specific preload.

[1 NEW occurrence(s)]
DEBUG --> [REQ_ID=48d8e455acac] [FILTER_AFTER]

[1 NEW occurrence(s)]
DEBUG --> [REQ_ID=48d8e455acac] [LIFECYCLE][END] status=404 duration_ms=103.40 memory_delta=2097152

[1 NEW occurrence(s)]
DEBUG --> [REQ_ID=48d8e455acac] [REQUEST][END]

[1 NEW occurrence(s)]
DEBUG --> [REQ_ID=b251bb316abb] [REQUEST][START] GET /

[1 NEW occurrence(s)]
DEBUG --> [REQ_ID=b251bb316abb] [FILTER_BEFORE] /

[1 NEW occurrence(s)]
DEBUG --> [REQ_ID=b251bb316abb] [ROUTE] Controller=\App\Controllers\Home Method=index

[1 NEW occurrence(s)]
DEBUG --> [REQ_ID=b251bb316abb] [LIFECYCLE][START] GET https://www.mymiwallet.com/index.php/

[1 NEW occurrence(s)]
DEBUG --> [CSRF] token name=csrf_test_name hash=e0d0f0177f40b45200f0d8343c2e84eb

[1 NEW occurrence(s)]
DEBUG --> [REQ_ID=e9cdbc6b7942] [INIT] App\Controllers\Home::GET

[3 NEW occurrence(s)]
DEBUG --> [MetaService] slug= pageName= cacheHit= path=FALLBACK

[1 NEW occurrence(s)]
DEBUG --> [REQ_ID=e9cdbc6b7942] [VIEW_RENDER] themes/public/home

[2 NEW occurrence(s)]
DEBUG --> [MetaService] slug= pageName=Home cacheHit= path=DB

[1 NEW occurrence(s)]
DEBUG --> [REQ_ID=b251bb316abb] [FILTER_AFTER]

[1 NEW occurrence(s)]
DEBUG --> [REQ_ID=b251bb316abb] [LIFECYCLE][END] status=200 duration_ms=627.10 memory_delta=4194304

[1 NEW occurrence(s)]
DEBUG --> [REQ_ID=b251bb316abb] [REQUEST][END]

[1 NEW occurrence(s)]
DEBUG --> [REQ_ID=4f6cb2b41885] [REQUEST][START] GET /index.php/login

[1 NEW occurrence(s)]
DEBUG --> [REQ_ID=4f6cb2b41885] [FILTER_BEFORE] /index.php/login

[1 NEW occurrence(s)]
DEBUG --> [REQ_ID=4f6cb2b41885] [ROUTE] Controller=\App\Controllers\AuthController Method=login

[1 NEW occurrence(s)]
DEBUG --> [REQ_ID=4f6cb2b41885] [LIFECYCLE][START] GET https://www.mymiwallet.com/index.php/login

[1 NEW occurrence(s)]
DEBUG --> [CSRF] token name=csrf_test_name hash=d7f065f16a4baf10f047baad5f8e84e9

[1 NEW occurrence(s)]
DEBUG --> [REQ_ID=7b85f07833f6] [INIT] App\Controllers\AuthController::GET

[1 NEW occurrence(s)]
DEBUG --> [REQ_ID=4f6cb2b41885] [FILTER_AFTER]

[1 NEW occurrence(s)]
DEBUG --> [REQ_ID=4f6cb2b41885] [LIFECYCLE][END] status=200 duration_ms=66.79 memory_delta=0

[1 NEW occurrence(s)]
DEBUG --> [REQ_ID=4f6cb2b41885] [REQUEST][END]

[1 NEW occurrence(s)]
DEBUG --> [REQ_ID=311f23d12c65] [REQUEST][START] GET /index.php/API/Alerts/fetchEmailAlerts

[1 NEW occurrence(s)]
DEBUG --> [REQ_ID=311f23d12c65] [FILTER_BEFORE] /index.php/API/Alerts/fetchEmailAlerts

[1 NEW occurrence(s)]
DEBUG --> [REQ_ID=311f23d12c65] [ROUTE] Controller=\App\Modules\APIs\Controllers\AlertsAPIController Method=fetchEmailAlerts

[1 NEW occurrence(s)]
DEBUG --> [REQ_ID=311f23d12c65] [LIFECYCLE][START] GET https://www.mymiwallet.com/index.php/API/Alerts/fetchEmailAlerts

[1 NEW occurrence(s)]
DEBUG --> [REQ_ID=311f23d12c65] [REQUEST][END]

[1 NEW occurrence(s)]
DEBUG --> [REQ_ID=76cddaff471d] [REQUEST][START] GET /

[1 NEW occurrence(s)]
DEBUG --> [REQ_ID=76cddaff471d] [FILTER_BEFORE] /

[1 NEW occurrence(s)]
DEBUG --> [REQ_ID=76cddaff471d] [ROUTE] Controller=\App\Controllers\Home Method=index

[1 NEW occurrence(s)]
DEBUG --> [REQ_ID=76cddaff471d] [LIFECYCLE][START] GET https://www.mymiwallet.com/index.php/

[1 NEW occurrence(s)]
DEBUG --> [CSRF] token name=csrf_test_name hash=86c6d883480efb648f7ccae65c70a5d3

[1 NEW occurrence(s)]
DEBUG --> [REQ_ID=79d92676a088] [INIT] App\Controllers\Home::GET

[3 NEW occurrence(s)]
DEBUG --> [MetaService] slug= pageName= cacheHit=1 path=CACHE

[1 NEW occurrence(s)]
DEBUG --> [REQ_ID=79d92676a088] [VIEW_RENDER] themes/public/home

[4 NEW occurrence(s)]
DEBUG --> [MetaService] slug= pageName=Home cacheHit=1 path=CACHE

[1 NEW occurrence(s)]
DEBUG --> [REQ_ID=76cddaff471d] [FILTER_AFTER]

[1 NEW occurrence(s)]
DEBUG --> [REQ_ID=76cddaff471d] [LIFECYCLE][END] status=200 duration_ms=606.48 memory_delta=4194304

[1 NEW occurrence(s)]
DEBUG --> [REQ_ID=76cddaff471d] [REQUEST][END]

[1 NEW occurrence(s)]
DEBUG --> [REQ_ID=1065e67f31e1] [REQUEST][START] GET /index.php/API/Management/Run-CRON-Tasks

[1 NEW occurrence(s)]
DEBUG --> [REQ_ID=1065e67f31e1] [FILTER_BEFORE] /index.php/API/Management/Run-CRON-Tasks

[1 NEW occurrence(s)]
DEBUG --> [REQ_ID=1065e67f31e1] [ROUTE] Controller=\App\Modules\Management\Controllers\ManagementAPIController Method=Run_CRON_Tasks

[1 NEW occurrence(s)]
DEBUG --> [REQ_ID=1065e67f31e1] [LIFECYCLE][START] GET https://www.mymiwallet.com/index.php/API/Management/Run-CRON-Tasks

[1 NEW occurrence(s)]
DEBUG --> [REQ_ID=1065e67f31e1] [REQUEST][END]

[1 NEW occurrence(s)]
DEBUG --> [REQ_ID=0cbbf1b9b5fd] [REQUEST][START] GET /

[1 NEW occurrence(s)]
DEBUG --> [REQ_ID=0cbbf1b9b5fd] [FILTER_BEFORE] /

[1 NEW occurrence(s)]
DEBUG --> [REQ_ID=0cbbf1b9b5fd] [ROUTE] Controller=\App\Controllers\Home Method=index

[1 NEW occurrence(s)]
DEBUG --> [REQ_ID=0cbbf1b9b5fd] [LIFECYCLE][START] GET https://www.mymiwallet.com/index.php/

[1 NEW occurrence(s)]
DEBUG --> [CSRF] token name=csrf_test_name hash=bd7a97072738c96182475b1dd499c311

[1 NEW occurrence(s)]
DEBUG --> [REQ_ID=556e92b04474] [INIT] App\Controllers\Home::GET

[1 NEW occurrence(s)]
DEBUG --> [REQ_ID=556e92b04474] [VIEW_RENDER] themes/public/home

[1 NEW occurrence(s)]
DEBUG --> [REQ_ID=0cbbf1b9b5fd] [FILTER_AFTER]

[1 NEW occurrence(s)]
DEBUG --> [REQ_ID=0cbbf1b9b5fd] [LIFECYCLE][END] status=200 duration_ms=596.89 memory_delta=4194304

[1 NEW occurrence(s)]
DEBUG --> [REQ_ID=0cbbf1b9b5fd] [REQUEST][END]

[1 NEW occurrence(s)]
DEBUG --> [REQ_ID=cbe986eb95c5] [REQUEST][START] GET /index.php/API/Alerts/fetchEmailAlerts

[1 NEW occurrence(s)]
DEBUG --> [REQ_ID=cbe986eb95c5] [FILTER_BEFORE] /index.php/API/Alerts/fetchEmailAlerts

[1 NEW occurrence(s)]
DEBUG --> [REQ_ID=cbe986eb95c5] [ROUTE] Controller=\App\Modules\APIs\Controllers\AlertsAPIController Method=fetchEmailAlerts

[1 NEW occurrence(s)]
DEBUG --> [REQ_ID=cbe986eb95c5] [LIFECYCLE][START] GET https://www.mymiwallet.com/index.php/API/Alerts/fetchEmailAlerts

[1 NEW occurrence(s)]
DEBUG --> [REQ_ID=cbe986eb95c5] [REQUEST][END]

[1 NEW occurrence(s)]
DEBUG --> [REQ_ID=c6af650f6f6e] [REQUEST][START] GET /index.php/Getting-Started

[1 NEW occurrence(s)]
DEBUG --> [REQ_ID=c6af650f6f6e] [FILTER_BEFORE] /index.php/Getting-Started

[1 NEW occurrence(s)]
DEBUG --> [REQ_ID=c6af650f6f6e] [ROUTE] Controller=\App\Controllers\Home Method=gettingStarted

[1 NEW occurrence(s)]
DEBUG --> [REQ_ID=c6af650f6f6e] [LIFECYCLE][START] GET https://www.mymiwallet.com/index.php/Getting-Started

[1 NEW occurrence(s)]
DEBUG --> [CSRF] token name=csrf_test_name hash=9e14618499c3d07e50fbdc4dd7f73f0b

[1 NEW occurrence(s)]
DEBUG --> [REQ_ID=3aaf4a2e7178] [INIT] App\Controllers\Home::GET

[1 NEW occurrence(s)]
DEBUG --> [MetaService] slug=getting-started pageName= cacheHit= path=DB

[1 NEW occurrence(s)]
DEBUG --> [REQ_ID=3aaf4a2e7178] [VIEW_RENDER] themes/public/gettingStarted

[1 NEW occurrence(s)]
DEBUG --> [MetaService] slug=getting-started pageName=Getting Started cacheHit= path=DB

[1 NEW occurrence(s)]
DEBUG --> [REQ_ID=c6af650f6f6e] [FILTER_AFTER]

[1 NEW occurrence(s)]
DEBUG --> [REQ_ID=c6af650f6f6e] [LIFECYCLE][END] status=200 duration_ms=679.40 memory_delta=4194304

[1 NEW occurrence(s)]
DEBUG --> [REQ_ID=c6af650f6f6e] [REQUEST][END]

[1 NEW occurrence(s)]
DEBUG --> [REQ_ID=7d3047e8e9e6] [REQUEST][START] GET /index.php/How-It-Works/Registering-An-Account

[1 NEW occurrence(s)]
DEBUG --> [REQ_ID=7d3047e8e9e6] [FILTER_BEFORE] /index.php/How-It-Works/Registering-An-Account

[1 NEW occurrence(s)]
DEBUG --> [REQ_ID=7d3047e8e9e6] [ROUTE] Controller=\App\Modules\Blog\Controllers\HowItWorksController Method=show

[1 NEW occurrence(s)]
DEBUG --> [REQ_ID=7d3047e8e9e6] [LIFECYCLE][START] GET https://www.mymiwallet.com/index.php/How-It-Works/Registering-An-Account

[1 NEW occurrence(s)]
DEBUG --> [CSRF] token name=csrf_test_name hash=e7468c501ae2bac903670a851d103bfb

[1 NEW occurrence(s)]
DEBUG --> [REQ_ID=28ef5e0e4af1] [INIT] App\Modules\Blog\Controllers\HowItWorksController::GET

[1 NEW occurrence(s)]
DEBUG --> [REQ_ID=28ef5e0e4af1] [METHOD_ENTRY] show

[1 NEW occurrence(s)]
DEBUG --> [REQ_ID=28ef5e0e4af1] [VIEW_RENDER] App\Modules\Blog\Views\HowItWorks\Registering_An_Account

[1 NEW occurrence(s)]
DEBUG --> [REQ_ID=7d3047e8e9e6] [FILTER_AFTER]

[1 NEW occurrence(s)]
DEBUG --> [REQ_ID=7d3047e8e9e6] [LIFECYCLE][END] status=200 duration_ms=1,278.75 memory_delta=8388608

[1 NEW occurrence(s)]
DEBUG --> [REQ_ID=7d3047e8e9e6] [REQUEST][END]

[1 NEW occurrence(s)]
DEBUG --> [REQ_ID=061d11f19049] [REQUEST][START] GET /

[1 NEW occurrence(s)]
DEBUG --> [REQ_ID=061d11f19049] [FILTER_BEFORE] /

[1 NEW occurrence(s)]
DEBUG --> [REQ_ID=061d11f19049] [ROUTE] Controller=\App\Controllers\Home Method=index

[1 NEW occurrence(s)]
DEBUG --> [REQ_ID=061d11f19049] [LIFECYCLE][START] GET https://www.mymiwallet.com/index.php/

[7 NEW occurrence(s)]
DEBUG --> [CSRF] token name=csrf_test_name hash=49c31cc22000267f5124e685dac61a77

[1 NEW occurrence(s)]
DEBUG --> [REQ_ID=e6a9ec4d1a25] [INIT] App\Controllers\Home::GET

[1 NEW occurrence(s)]
DEBUG --> [REQ_ID=e6a9ec4d1a25] [VIEW_RENDER] themes/public/home

[1 NEW occurrence(s)]
DEBUG --> [REQ_ID=061d11f19049] [FILTER_AFTER]

[1 NEW occurrence(s)]
DEBUG --> [REQ_ID=061d11f19049] [LIFECYCLE][END] status=200 duration_ms=628.87 memory_delta=4194304

[1 NEW occurrence(s)]
DEBUG --> [REQ_ID=061d11f19049] [REQUEST][END]

[1 NEW occurrence(s)]
DEBUG --> [REQ_ID=b229f0a05caf] [REQUEST][START] GET /index.php/How-It-Works/Investment-Dashboard

[1 NEW occurrence(s)]
DEBUG --> [REQ_ID=b229f0a05caf] [FILTER_BEFORE] /index.php/How-It-Works/Investment-Dashboard

[1 NEW occurrence(s)]
DEBUG --> [REQ_ID=b229f0a05caf] [ROUTE] Controller=\App\Modules\Blog\Controllers\HowItWorksController Method=show

[1 NEW occurrence(s)]
DEBUG --> [REQ_ID=b229f0a05caf] [LIFECYCLE][START] GET https://www.mymiwallet.com/index.php/How-It-Works/Investment-Dashboard

[1 NEW occurrence(s)]
DEBUG --> [REQ_ID=84661c4a1ad5] [INIT] App\Modules\Blog\Controllers\HowItWorksController::GET

[1 NEW occurrence(s)]
DEBUG --> [REQ_ID=84661c4a1ad5] [METHOD_ENTRY] show

[1 NEW occurrence(s)]
DEBUG --> [REQ_ID=84661c4a1ad5] [VIEW_RENDER] App\Modules\Blog\Views\HowItWorks\Investment_Portfolio_Management

[1 NEW occurrence(s)]
DEBUG --> [REQ_ID=b229f0a05caf] [FILTER_AFTER]

[1 NEW occurrence(s)]
DEBUG --> [REQ_ID=b229f0a05caf] [LIFECYCLE][END] status=200 duration_ms=1,008.75 memory_delta=6291456

[1 NEW occurrence(s)]
DEBUG --> [REQ_ID=b229f0a05caf] [REQUEST][END]

[1 NEW occurrence(s)]
DEBUG --> [REQ_ID=8794908c8f5b] [REQUEST][START] POST /index.php/register

[1 NEW occurrence(s)]
DEBUG --> [REQ_ID=8794908c8f5b] [FILTER_BEFORE] /index.php/register

[1 NEW occurrence(s)]
DEBUG --> [REQ_ID=8794908c8f5b] [ROUTE] Controller=\App\Controllers\AuthController Method=attemptRegister

[1 NEW occurrence(s)]
DEBUG --> [REQ_ID=8794908c8f5b] [LIFECYCLE][START] POST https://www.mymiwallet.com/index.php/register

[1 NEW occurrence(s)]
DEBUG --> [REQ_ID=f605bf676699] [INIT] App\Controllers\AuthController::POST

[1 NEW occurrence(s)]
DEBUG --> [REQ_ID=8794908c8f5b] [FILTER_AFTER]

[1 NEW occurrence(s)]
DEBUG --> [REQ_ID=8794908c8f5b] [LIFECYCLE][END] status=302 duration_ms=126.73 memory_delta=0

[1 NEW occurrence(s)]
DEBUG --> [REQ_ID=8794908c8f5b] [REQUEST][END]

[1 NEW occurrence(s)]
DEBUG --> [REQ_ID=cb2b7901d28a] [REQUEST][START] GET /index.php/How-It-Works/Investment-Dashboard

[1 NEW occurrence(s)]
DEBUG --> [REQ_ID=cb2b7901d28a] [FILTER_BEFORE] /index.php/How-It-Works/Investment-Dashboard

[1 NEW occurrence(s)]
DEBUG --> [REQ_ID=cb2b7901d28a] [ROUTE] Controller=\App\Modules\Blog\Controllers\HowItWorksController Method=show

[1 NEW occurrence(s)]
DEBUG --> [REQ_ID=cb2b7901d28a] [LIFECYCLE][START] GET https://www.mymiwallet.com/index.php/How-It-Works/Investment-Dashboard

[1 NEW occurrence(s)]
DEBUG --> [REQ_ID=38f275057c43] [INIT] App\Modules\Blog\Controllers\HowItWorksController::GET

[1 NEW occurrence(s)]
DEBUG --> [REQ_ID=38f275057c43] [METHOD_ENTRY] show

[1 NEW occurrence(s)]
DEBUG --> [REQ_ID=38f275057c43] [VIEW_RENDER] App\Modules\Blog\Views\HowItWorks\Investment_Portfolio_Management

[1 NEW occurrence(s)]
DEBUG --> [REQ_ID=cb2b7901d28a] [FILTER_AFTER]

[1 NEW occurrence(s)]
DEBUG --> [REQ_ID=cb2b7901d28a] [LIFECYCLE][END] status=200 duration_ms=1,051.55 memory_delta=6291456

[1 NEW occurrence(s)]
DEBUG --> [REQ_ID=cb2b7901d28a] [REQUEST][END]

[1 NEW occurrence(s)]
DEBUG --> [REQ_ID=96e78d9efc48] [REQUEST][START] GET /index.php/login

[1 NEW occurrence(s)]
DEBUG --> [REQ_ID=96e78d9efc48] [FILTER_BEFORE] /index.php/login

[1 NEW occurrence(s)]
DEBUG --> [REQ_ID=96e78d9efc48] [ROUTE] Controller=\App\Controllers\AuthController Method=login

[1 NEW occurrence(s)]
DEBUG --> [REQ_ID=96e78d9efc48] [LIFECYCLE][START] GET https://www.mymiwallet.com/index.php/login

[1 NEW occurrence(s)]
DEBUG --> [REQ_ID=80910796a434] [INIT] App\Controllers\AuthController::GET

[1 NEW occurrence(s)]
DEBUG --> [REQ_ID=96e78d9efc48] [FILTER_AFTER]

[1 NEW occurrence(s)]
DEBUG --> [REQ_ID=96e78d9efc48] [LIFECYCLE][END] status=200 duration_ms=17.49 memory_delta=0

[1 NEW occurrence(s)]
DEBUG --> [REQ_ID=96e78d9efc48] [REQUEST][END]

[1 NEW occurrence(s)]
DEBUG --> [REQ_ID=f7ca97b97a75] [REQUEST][START] POST /index.php/login

[1 NEW occurrence(s)]
DEBUG --> [REQ_ID=f7ca97b97a75] [FILTER_BEFORE] /index.php/login

[1 NEW occurrence(s)]
DEBUG --> [REQ_ID=f7ca97b97a75] [ROUTE] Controller=\App\Controllers\AuthController Method=attemptLogin

[1 NEW occurrence(s)]
DEBUG --> [REQ_ID=f7ca97b97a75] [LIFECYCLE][START] POST https://www.mymiwallet.com/index.php/login

[1 NEW occurrence(s)]
DEBUG --> [REQ_ID=0eac2f053fa0] [INIT] App\Controllers\AuthController::POST

[1 NEW occurrence(s)]
DEBUG --> Auth attemptLogin() called with login identifier: #gsduerisrnz, remember: false

[1 NEW occurrence(s)]
DEBUG --> Auth attemptLogin() called. redirect_url in session: https://www.mymiwallet.com/index.php/How-It-Works/Investment-Dashboard

[1 NEW occurrence(s)]
DEBUG --> Auth credentials normalised for attempt using key "username"

[1 NEW occurrence(s)]
DEBUG --> Auth attempt failed for identifier #gsduerisrnz. Error: Unable to log you in. Please check your credentials.

[1 NEW occurrence(s)]
DEBUG --> [REQ_ID=f7ca97b97a75] [FILTER_AFTER]

[1 NEW occurrence(s)]
DEBUG --> [REQ_ID=f7ca97b97a75] [LIFECYCLE][END] status=302 duration_ms=33.90 memory_delta=0

[1 NEW occurrence(s)]
DEBUG --> [REQ_ID=f7ca97b97a75] [REQUEST][END]

[1 NEW occurrence(s)]
DEBUG --> [REQ_ID=a118bf38df71] [REQUEST][START] GET /index.php/login

[1 NEW occurrence(s)]
DEBUG --> [REQ_ID=a118bf38df71] [FILTER_BEFORE] /index.php/login

[1 NEW occurrence(s)]
DEBUG --> [REQ_ID=a118bf38df71] [ROUTE] Controller=\App\Controllers\AuthController Method=login

[1 NEW occurrence(s)]
DEBUG --> [REQ_ID=a118bf38df71] [LIFECYCLE][START] GET https://www.mymiwallet.com/index.php/login

[1 NEW occurrence(s)]
DEBUG --> [REQ_ID=94b63701d12e] [INIT] App\Controllers\AuthController::GET

[1 NEW occurrence(s)]
DEBUG --> [REQ_ID=a118bf38df71] [FILTER_AFTER]

[1 NEW occurrence(s)]
DEBUG --> [REQ_ID=a118bf38df71] [LIFECYCLE][END] status=200 duration_ms=15.21 memory_delta=0

[1 NEW occurrence(s)]
DEBUG --> [REQ_ID=a118bf38df71] [REQUEST][END]

[1 NEW occurrence(s)]
DEBUG --> [REQ_ID=80671fbd-6ea4-4ffd-a233-6a1e5de4fb11] [REQUEST][START] GET /

[1 NEW occurrence(s)]
DEBUG --> [REQ_ID=b513b478-560c-4c70-a69b-3982650fa142] [REQUEST][START] GET /

[1 NEW occurrence(s)]
DEBUG --> [REQ_ID=80671fbd-6ea4-4ffd-a233-6a1e5de4fb11] [FILTER_BEFORE] /

[1 NEW occurrence(s)]
DEBUG --> [REQ_ID=80671fbd-6ea4-4ffd-a233-6a1e5de4fb11] [ROUTE] Controller=\App\Controllers\Home Method=index

[1 NEW occurrence(s)]
DEBUG --> [REQ_ID=80671fbd-6ea4-4ffd-a233-6a1e5de4fb11] [LIFECYCLE][START] GET https://www.mymiwallet.com/index.php/

[1 NEW occurrence(s)]
DEBUG --> [REQ_ID=b513b478-560c-4c70-a69b-3982650fa142] [FILTER_BEFORE] /

[1 NEW occurrence(s)]
DEBUG --> [REQ_ID=b513b478-560c-4c70-a69b-3982650fa142] [ROUTE] Controller=\App\Controllers\Home Method=index

[1 NEW occurrence(s)]
DEBUG --> [REQ_ID=b513b478-560c-4c70-a69b-3982650fa142] [LIFECYCLE][START] GET https://www.mymiwallet.com/index.php/

[1 NEW occurrence(s)]
DEBUG --> [CSRF] token name=csrf_test_name hash=94b8b995c6ac32d139785554a47625bc

[1 NEW occurrence(s)]
DEBUG --> [REQ_ID=f5bb04753efc] [INIT] App\Controllers\Home::GET

[1 NEW occurrence(s)]
DEBUG --> [CSRF] token name=csrf_test_name hash=9b2b8f155cf5fccfd469ec2bf67ac181

[1 NEW occurrence(s)]
DEBUG --> [REQ_ID=394c191b47eb] [INIT] App\Controllers\Home::GET

[1 NEW occurrence(s)]
DEBUG --> [REQ_ID=f5bb04753efc] [VIEW_RENDER] themes/public/home

[1 NEW occurrence(s)]
DEBUG --> [REQ_ID=80671fbd-6ea4-4ffd-a233-6a1e5de4fb11] [FILTER_AFTER]

[1 NEW occurrence(s)]
DEBUG --> [REQ_ID=80671fbd-6ea4-4ffd-a233-6a1e5de4fb11] [LIFECYCLE][END] status=200 duration_ms=613.17 memory_delta=4194304

[1 NEW occurrence(s)]
DEBUG --> [REQ_ID=80671fbd-6ea4-4ffd-a233-6a1e5de4fb11] [REQUEST][END]

[1 NEW occurrence(s)]
DEBUG --> [REQ_ID=394c191b47eb] [VIEW_RENDER] themes/public/home

[1 NEW occurrence(s)]
DEBUG --> [REQ_ID=b513b478-560c-4c70-a69b-3982650fa142] [FILTER_AFTER]

[1 NEW occurrence(s)]
DEBUG --> [REQ_ID=b513b478-560c-4c70-a69b-3982650fa142] [LIFECYCLE][END] status=200 duration_ms=644.81 memory_delta=4194304

[1 NEW occurrence(s)]
DEBUG --> [REQ_ID=b513b478-560c-4c70-a69b-3982650fa142] [REQUEST][END]

[1 NEW occurrence(s)]
DEBUG --> [REQ_ID=9f015f5228f1] [REQUEST][START] GET /index.php/API/Management/Run-CRON-Tasks

[1 NEW occurrence(s)]
DEBUG --> [REQ_ID=9f015f5228f1] [FILTER_BEFORE] /index.php/API/Management/Run-CRON-Tasks

[1 NEW occurrence(s)]
DEBUG --> [REQ_ID=9f015f5228f1] [ROUTE] Controller=\App\Modules\Management\Controllers\ManagementAPIController Method=Run_CRON_Tasks

[1 NEW occurrence(s)]
DEBUG --> [REQ_ID=9f015f5228f1] [LIFECYCLE][START] GET https://www.mymiwallet.com/index.php/API/Management/Run-CRON-Tasks

[1 NEW occurrence(s)]
DEBUG --> [REQ_ID=9f015f5228f1] [REQUEST][END]


---------------------------
LEVEL: INFO (NEW)
---------------------------

[1 NEW occurrence(s)]
INFO --> [spark:app:healthcheck] Started

[1 NEW occurrence(s)]
INFO --> [SPARK_START] App\Commands\App\Healthcheck

[11 NEW occurrence(s)]
INFO --> [SPARK_MEMORY] 16777216

[1 NEW occurrence(s)]
INFO --> [spark:app:healthcheck] Intent

[1 NEW occurrence(s)]
INFO --> LOG_HEALTHCHECK info marker=e995ec7d9070

[1 NEW occurrence(s)]
INFO --> [spark:app:healthcheck] Completed

[1 NEW occurrence(s)]
INFO --> [SPARK_COMPLETE] App\Commands\App\Healthcheck duration=0.028228

[10 NEW occurrence(s)]
INFO --> [SPARK_MEMORY] 18874368

[1 NEW occurrence(s)]
INFO --> [SPARK_COMPLETE] App\Commands\AIOps\Run duration=3.890263

[1 NEW occurrence(s)]
INFO --> [REQ_ID=765902196b7d] [MEMORY][controller-start] 4194304

[1 NEW occurrence(s)]
INFO --> [REQ_ID=765902196b7d] [PERF] Execution time=0.101452

[1 NEW occurrence(s)]
INFO --> [REQ_ID=48d8e455acac] [PERF] Execution time=0.119571

[1 NEW occurrence(s)]
INFO --> [REQ_ID=e9cdbc6b7942] [MEMORY][controller-start] 6291456

[1 NEW occurrence(s)]
INFO --> [REQ_ID=e9cdbc6b7942] [MEMORY][commonData:start] 6291456

[1 NEW occurrence(s)]
INFO --> [REQ_ID=e9cdbc6b7942] [MEMORY][commonData:start] 10485760

[6 NEW occurrence(s)]
INFO --> themesMemory usage: 10485760

[1 NEW occurrence(s)]
INFO --> [REQ_ID=e9cdbc6b7942] [PERF] Execution time=0.625077

[1 NEW occurrence(s)]
INFO --> [REQ_ID=b251bb316abb] [PERF] Execution time=0.665541

[1 NEW occurrence(s)]
INFO --> [REQ_ID=7b85f07833f6] [MEMORY][controller-start] 6291456

[1 NEW occurrence(s)]
INFO --> [REQ_ID=7b85f07833f6] [PERF] Execution time=0.064317

[1 NEW occurrence(s)]
INFO --> [REQ_ID=4f6cb2b41885] [PERF] Execution time=0.107891

[8 NEW occurrence(s)]
INFO --> [spark:ops:work] Started

[8 NEW occurrence(s)]
INFO --> [SPARK_START] App\Commands\Ops\Work

[8 NEW occurrence(s)]
INFO --> [spark:ops:work] Intent

[8 NEW occurrence(s)]
INFO --> [spark:ops:work] Completed

[1 NEW occurrence(s)]
INFO --> [SPARK_COMPLETE] App\Commands\Ops\Work duration=0.158741

[1 NEW occurrence(s)]
INFO --> [REQ_ID=311f23d12c65] [PERF] Execution time=0.065688

[1 NEW occurrence(s)]
INFO --> [REQ_ID=79d92676a088] [MEMORY][controller-start] 4194304

[1 NEW occurrence(s)]
INFO --> [REQ_ID=79d92676a088] [MEMORY][commonData:start] 6291456

[1 NEW occurrence(s)]
INFO --> [REQ_ID=79d92676a088] [MEMORY][commonData:start] 8388608

[1 NEW occurrence(s)]
INFO --> themesMemory usage: 8388608

[1 NEW occurrence(s)]
INFO --> [REQ_ID=79d92676a088] [PERF] Execution time=0.604951

[1 NEW occurrence(s)]
INFO --> [REQ_ID=76cddaff471d] [PERF] Execution time=0.621272

[1 NEW occurrence(s)]
INFO --> [SPARK_COMPLETE] App\Commands\Ops\Work duration=0.106949

[1 NEW occurrence(s)]
INFO --> [SPARK_COMPLETE] App\Commands\Ops\Work duration=0.036991

[1 NEW occurrence(s)]
INFO --> [SPARK_COMPLETE] App\Commands\Ops\Work duration=0.035019

[1 NEW occurrence(s)]
INFO --> [REQ_ID=1065e67f31e1] [PERF] Execution time=0.049090

[1 NEW occurrence(s)]
INFO --> [REQ_ID=556e92b04474] [MEMORY][controller-start] 6291456

[1 NEW occurrence(s)]
INFO --> [REQ_ID=556e92b04474] [MEMORY][commonData:start] 6291456

[1 NEW occurrence(s)]
INFO --> [REQ_ID=556e92b04474] [MEMORY][commonData:start] 10485760

[1 NEW occurrence(s)]
INFO --> [REQ_ID=556e92b04474] [PERF] Execution time=0.594393

[1 NEW occurrence(s)]
INFO --> [REQ_ID=0cbbf1b9b5fd] [PERF] Execution time=0.635486

[1 NEW occurrence(s)]
INFO --> [SPARK_COMPLETE] App\Commands\Ops\Work duration=0.100575

[1 NEW occurrence(s)]
INFO --> [REQ_ID=cbe986eb95c5] [PERF] Execution time=0.077817

[1 NEW occurrence(s)]
INFO --> [REQ_ID=3aaf4a2e7178] [MEMORY][controller-start] 6291456

[1 NEW occurrence(s)]
INFO --> [REQ_ID=3aaf4a2e7178] [MEMORY][commonData:start] 6291456

[1 NEW occurrence(s)]
INFO --> [REQ_ID=3aaf4a2e7178] [MEMORY][commonData:start] 10485760

[1 NEW occurrence(s)]
INFO --> [REQ_ID=3aaf4a2e7178] [PERF] Execution time=0.677066

[1 NEW occurrence(s)]
INFO --> [REQ_ID=c6af650f6f6e] [PERF] Execution time=0.757748

[1 NEW occurrence(s)]
INFO --> [SPARK_COMPLETE] App\Commands\Ops\Work duration=0.023363

[1 NEW occurrence(s)]
INFO --> [REQ_ID=28ef5e0e4af1] [MEMORY][controller-start] 6291456

[1 NEW occurrence(s)]
INFO --> [REQ_ID=28ef5e0e4af1] [MEMORY][commonData:start] 6291456

[1 NEW occurrence(s)]
INFO --> [REQ_ID=28ef5e0e4af1] [MEMORY][commonData:start] 10485760

[1 NEW occurrence(s)]
INFO --> themesMemory usage: 14680064

[1 NEW occurrence(s)]
INFO --> [REQ_ID=28ef5e0e4af1] [PERF] Execution time=1.276272

[1 NEW occurrence(s)]
INFO --> [REQ_ID=7d3047e8e9e6] [PERF] Execution time=1.320511

[1 NEW occurrence(s)]
INFO --> [SPARK_COMPLETE] App\Commands\Ops\Work duration=0.041515

[1 NEW occurrence(s)]
INFO --> [REQ_ID=e6a9ec4d1a25] [MEMORY][controller-start] 6291456

[1 NEW occurrence(s)]
INFO --> [REQ_ID=e6a9ec4d1a25] [MEMORY][commonData:start] 6291456

[1 NEW occurrence(s)]
INFO --> [REQ_ID=e6a9ec4d1a25] [MEMORY][commonData:start] 10485760

[1 NEW occurrence(s)]
INFO --> [REQ_ID=e6a9ec4d1a25] [PERF] Execution time=0.625447

[1 NEW occurrence(s)]
INFO --> [REQ_ID=061d11f19049] [PERF] Execution time=0.690710

[1 NEW occurrence(s)]
INFO --> [REQ_ID=84661c4a1ad5] [MEMORY][controller-start] 6291456

[1 NEW occurrence(s)]
INFO --> [REQ_ID=84661c4a1ad5] [MEMORY][commonData:start] 6291456

[1 NEW occurrence(s)]
INFO --> [REQ_ID=84661c4a1ad5] [MEMORY][commonData:start] 8388608

[2 NEW occurrence(s)]
INFO --> themesMemory usage: 12582912

[1 NEW occurrence(s)]
INFO --> [REQ_ID=84661c4a1ad5] [PERF] Execution time=1.007987

[1 NEW occurrence(s)]
INFO --> [REQ_ID=b229f0a05caf] [PERF] Execution time=1.025061

[2 NEW occurrence(s)]
INFO --> CSRF token verified.

[1 NEW occurrence(s)]
INFO --> [REQ_ID=f605bf676699] [MEMORY][controller-start] 8388608

[1 NEW occurrence(s)]
INFO --> [REGISTRATION] Submission received

[2 NEW occurrence(s)]
INFO --> MailService queued email

[1 NEW occurrence(s)]
INFO --> [REQ_ID=f605bf676699] [PERF] Execution time=0.125466

[1 NEW occurrence(s)]
INFO --> [REQ_ID=8794908c8f5b] [PERF] Execution time=0.142236

[1 NEW occurrence(s)]
INFO --> [REQ_ID=38f275057c43] [MEMORY][controller-start] 6291456

[1 NEW occurrence(s)]
INFO --> [REQ_ID=38f275057c43] [MEMORY][commonData:start] 6291456

[1 NEW occurrence(s)]
INFO --> [REQ_ID=38f275057c43] [MEMORY][commonData:start] 8388608

[1 NEW occurrence(s)]
INFO --> [REQ_ID=38f275057c43] [PERF] Execution time=1.051344

[1 NEW occurrence(s)]
INFO --> [REQ_ID=cb2b7901d28a] [PERF] Execution time=1.060818

[1 NEW occurrence(s)]
INFO --> [REQ_ID=80910796a434] [MEMORY][controller-start] 8388608

[1 NEW occurrence(s)]
INFO --> [REQ_ID=80910796a434] [PERF] Execution time=0.017238

[1 NEW occurrence(s)]
INFO --> [REQ_ID=96e78d9efc48] [PERF] Execution time=0.026302

[1 NEW occurrence(s)]
INFO --> [REQ_ID=0eac2f053fa0] [MEMORY][controller-start] 6291456

[1 NEW occurrence(s)]
INFO --> AuthController L93: Auth:attemptLogin started.

[1 NEW occurrence(s)]
INFO --> AuthController L104: Auth:attemptLogin rules: {"login":"required","password":"required"}

[1 NEW occurrence(s)]
INFO --> AuthController L132: Auth:attemptLogin Login Variables: login: required, remember: false, ip: 77.93.154.236, ua: Mozilla/5.0 (Windows NT 10.0; Win64; x64) AppleWebKit/537.36 (KHTML, like Gecko) Chrome/103.0.0.0 Safari/537.36 Herring/95.1.8810.11

[1 NEW occurrence(s)]
INFO --> [REQ_ID=0eac2f053fa0] [PERF] Execution time=0.033464

[1 NEW occurrence(s)]
INFO --> [REQ_ID=f7ca97b97a75] [PERF] Execution time=0.045000

[1 NEW occurrence(s)]
INFO --> [REQ_ID=94b63701d12e] [MEMORY][controller-start] 4194304

[1 NEW occurrence(s)]
INFO --> [REQ_ID=94b63701d12e] [PERF] Execution time=0.015123

[1 NEW occurrence(s)]
INFO --> [REQ_ID=a118bf38df71] [PERF] Execution time=0.024066

[1 NEW occurrence(s)]
INFO --> [REQ_ID=f5bb04753efc] [MEMORY][controller-start] 6291456

[1 NEW occurrence(s)]
INFO --> [REQ_ID=394c191b47eb] [MEMORY][controller-start] 6291456

[1 NEW occurrence(s)]
INFO --> [REQ_ID=f5bb04753efc] [MEMORY][commonData:start] 6291456

[1 NEW occurrence(s)]
INFO --> [REQ_ID=394c191b47eb] [MEMORY][commonData:start] 6291456

[1 NEW occurrence(s)]
INFO --> [REQ_ID=f5bb04753efc] [MEMORY][commonData:start] 10485760

[1 NEW occurrence(s)]
INFO --> [REQ_ID=f5bb04753efc] [PERF] Execution time=0.608309

[1 NEW occurrence(s)]
INFO --> [REQ_ID=80671fbd-6ea4-4ffd-a233-6a1e5de4fb11] [PERF] Execution time=0.666785

[1 NEW occurrence(s)]
INFO --> [REQ_ID=394c191b47eb] [MEMORY][commonData:start] 10485760

[1 NEW occurrence(s)]
INFO --> [REQ_ID=394c191b47eb] [PERF] Execution time=0.640291

[1 NEW occurrence(s)]
INFO --> [REQ_ID=b513b478-560c-4c70-a69b-3982650fa142] [PERF] Execution time=0.696896

[1 NEW occurrence(s)]
INFO --> [SPARK_START] App\Commands\AIOps\Run

[1 NEW occurrence(s)]
INFO --> [spark:aiops:run] Intent

[1 NEW occurrence(s)]
INFO --> [SPARK_COMPLETE] App\Commands\Ops\Work duration=0.027596

[1 NEW occurrence(s)]
INFO --> [REQ_ID=9f015f5228f1] [PERF] Execution time=0.125150

[1 NEW occurrence(s)]
INFO --> [AIOPS][SPARK][GOVERNANCE][spark:logs:summarize] Started

[1 NEW occurrence(s)]
INFO --> [SPARK_START] App\Commands\Logs\Summarize

[1 NEW occurrence(s)]
INFO --> [spark:logs:summarize] Intent


---------------------------
LEVEL: NOTICE (NEW)
---------------------------

[1 NEW occurrence(s)]
NOTICE --> LOG_HEALTHCHECK probe marker=e995ec7d9070


---------------------------
LEVEL: WARNING (NEW)
---------------------------

[1 NEW occurrence(s)]
WARNING --> OllamaPatchRunner:L49 - Original Diff:

[4 NEW occurrence(s)]
WARNING --> MyMIWallets initialized without numeric user context.

[1 NEW occurrence(s)]
WARNING --> [REGISTRATION] Validation failed (basic fields)

[1 NEW occurrence(s)]
WARNING --> [AUTH_FAILURE]

[1 NEW occurrence(s)]
WARNING --> [AUTH] Login failure

[1 NEW occurrence(s)]
WARNING --> [AUTH] Login failed


---------------------------
LEVEL: ERROR (NEW)
---------------------------

[1 NEW occurrence(s)]
ERROR --> [ERROR_PAGE] event=error_404 status=404 message=Page not found.

[1 NEW occurrence(s)]
ERROR --> Registration failed: {"username":"The username field is not in the correct format.","email":"The email field must contain a unique value."}


---------------------------
LEVEL: CRITICAL (NEW)
---------------------------

[2 NEW occurrence(s)]
CRITICAL --> Error: Class "App\Modules\APIs\Controllers\MditBaseController" not found

[1 NEW occurrence(s)]
CRITICAL --> [EXCEPTION] Class "App\Modules\APIs\Controllers\MditBaseController" not found File=/home/mymiteam/mymiwallet/site/current/app/Modules/APIs/Controllers/MditInvestorAPIController.php Line=13

[1 NEW occurrence(s)]
CRITICAL --> [EXCEPTION] Class "App\Modules\APIs\Controllers\MditBaseController" not found File=/home/mymiteam/mymiwallet/site/current/app/Modules/APIs/Controllers/MditAdminAPIController.php Line=13

[2 NEW occurrence(s)]
CRITICAL --> CodeIgniter\Router\Exceptions\RouterException: The namespace delimiter is a backslash (\), not a slash (/). Route handler: "\App\Modules\APIs\Controllers\EmailAPIController:cloneCampaign/$1"

[2 NEW occurrence(s)]
CRITICAL --> [EXCEPTION] The namespace delimiter is a backslash (\), not a slash (/). Route handler: "\App\Modules\APIs\Controllers\EmailAPIController:cloneCampaign/$1" File=/home/mymiteam/mymiwallet/site/current/vendor/codeigniter4/framework/system/Router/Router.php Line=523

[1 NEW occurrence(s)]
CRITICAL --> ErrorException: Type of App\Modules\Management\Controllers\DevelopmentAdminController::$helpers must not be defined (as in class App\Controllers\BaseController)

[1 NEW occurrence(s)]
CRITICAL --> [EXCEPTION] Type of App\Modules\Management\Controllers\DevelopmentAdminController::$helpers must not be defined (as in class App\Controllers\BaseController) File=/home/mymiteam/mymiwallet/site/current/app/Modules/Management/Controllers/DevelopmentAdminController.php Line=8

[2 NEW occurrence(s)]
CRITICAL --> ErrorException: Type of App\Modules\Management\Controllers\DiscordAdminController::$walletService must be ?App\Services\WalletService (as in class App\Controllers\UserController)

[2 NEW occurrence(s)]
CRITICAL --> [EXCEPTION] Type of App\Modules\Management\Controllers\DiscordAdminController::$walletService must be ?App\Services\WalletService (as in class App\Controllers\UserController) File=/home/mymiteam/mymiwallet/site/current/app/Modules/Management/Controllers/DiscordAdminController.php Line=20

[2 NEW occurrence(s)]
CRITICAL --> ErrorException: Type of App\Modules\Management\Controllers\FinanceAdminController::$helpers must not be defined (as in class App\Controllers\BaseController)

[2 NEW occurrence(s)]
CRITICAL --> [EXCEPTION] Type of App\Modules\Management\Controllers\FinanceAdminController::$helpers must not be defined (as in class App\Controllers\BaseController) File=/home/mymiteam/mymiwallet/site/current/app/Modules/Management/Controllers/FinanceAdminController.php Line=8

[1 NEW occurrence(s)]
CRITICAL --> ErrorException: Type of App\Modules\Management\Controllers\HRAdminController::$helpers must not be defined (as in class App\Controllers\BaseController)

[1 NEW occurrence(s)]
CRITICAL --> [EXCEPTION] Type of App\Modules\Management\Controllers\HRAdminController::$helpers must not be defined (as in class App\Controllers\BaseController) File=/home/mymiteam/mymiwallet/site/current/app/Modules/Management/Controllers/HRAdminController.php Line=8

[1 NEW occurrence(s)]
CRITICAL --> ErrorException: Type of App\Modules\Management\Controllers\InvestmentsAdminController::$helpers must not be defined (as in class App\Controllers\BaseController)

[1 NEW occurrence(s)]
CRITICAL --> [EXCEPTION] Type of App\Modules\Management\Controllers\InvestmentsAdminController::$helpers must not be defined (as in class App\Controllers\BaseController) File=/home/mymiteam/mymiwallet/site/current/app/Modules/Management/Controllers/InvestmentsAdminController.php Line=8


---- CONFIG LINT ----
✅ Services::cache
✅ Services::responsecache
✅ Services::session
✅ Services::email
✅ Services::logger
✅ Services::validation
✅ Services::renderer
