===============================================
   MyMI Wallet — Log Summary for 2026-04-26
   Auto-generated by logs:summarize command
   Grouped by (LEVEL + message)
===============================================

Last processed up to: <none> (first run for this date)

---------------------------
LEVEL: DEBUG
---------------------------

[1 occurrence(s)]
DEBUG --> [REQ_ID=4b371ba7dd0c] [REQUEST][START] GET /index.php/API/Management/Run-CRON-Tasks

[236 occurrence(s)]
DEBUG --> Session: Class initialized using 'CodeIgniter\Session\Handlers\FileHandler' driver.

[1 occurrence(s)]
DEBUG --> [REQ_ID=4b371ba7dd0c] [FILTER_BEFORE] /index.php/API/Management/Run-CRON-Tasks

[1 occurrence(s)]
DEBUG --> [REQ_ID=4b371ba7dd0c] [ROUTE] Controller=\App\Modules\APIs\Controllers\ManagementAPIController Method=Run_CRON_Tasks

[1 occurrence(s)]
DEBUG --> [REQ_ID=4b371ba7dd0c] [LIFECYCLE][START] GET https://www.mymiwallet.com/index.php/API/Management/Run-CRON-Tasks

[1 occurrence(s)]
DEBUG --> [REQ_ID=4b371ba7dd0c] [REQUEST][END]

[1 occurrence(s)]
DEBUG --> [REQ_ID=43e30256c0f3] [REQUEST][START] GET /index.php/API/Alerts/fetchEmailAlerts

[1 occurrence(s)]
DEBUG --> [REQ_ID=43e30256c0f3] [FILTER_BEFORE] /index.php/API/Alerts/fetchEmailAlerts

[1 occurrence(s)]
DEBUG --> [REQ_ID=43e30256c0f3] [ROUTE] Controller=\App\Modules\APIs\Controllers\AlertsAPIController Method=fetchEmailAlerts

[1 occurrence(s)]
DEBUG --> [REQ_ID=43e30256c0f3] [LIFECYCLE][START] GET https://www.mymiwallet.com/index.php/API/Alerts/fetchEmailAlerts

[1 occurrence(s)]
DEBUG --> [REQ_ID=43e30256c0f3] [REQUEST][END]

[1 occurrence(s)]
DEBUG --> [REQ_ID=936573db1e64] [REQUEST][START] GET /index.php/Investments/Reports

[1 occurrence(s)]
DEBUG --> [REQ_ID=936573db1e64] [REQUEST][END]

[1 occurrence(s)]
DEBUG --> [REQ_ID=763988bf947e] [REQUEST][START] GET /Investments/Trade-Tracker

[1 occurrence(s)]
DEBUG --> [REQ_ID=763988bf947e] [REQUEST][END]

[1 occurrence(s)]
DEBUG --> [REQ_ID=a9f8cae9f2e4] [REQUEST][START] GET /

[1 occurrence(s)]
DEBUG --> [REQ_ID=a9f8cae9f2e4] [FILTER_BEFORE] /

[1 occurrence(s)]
DEBUG --> [REQ_ID=a9f8cae9f2e4] [ROUTE] Controller=\App\Controllers\Home Method=index

[1 occurrence(s)]
DEBUG --> [REQ_ID=a9f8cae9f2e4] [LIFECYCLE][START] GET https://www.mymiwallet.com/index.php/

[1 occurrence(s)]
DEBUG --> [CSRF] token name=csrf_test_name hash=7f3de34c14b072efd25f1d1397f844e9

[1 occurrence(s)]
DEBUG --> [REQ_ID=bbd033afe3fb] [INIT] App\Controllers\Home::GET

[30 occurrence(s)]
DEBUG --> [TRACE]

[9 occurrence(s)]
DEBUG --> [MetaService] slug= pageName= cacheHit= path=FALLBACK

[1 occurrence(s)]
DEBUG --> [REQ_ID=bbd033afe3fb] [VIEW_RENDER] themes/public/home

[4 occurrence(s)]
DEBUG --> [MetaService] slug= pageName=Home cacheHit= path=DB

[1 occurrence(s)]
DEBUG --> [REQ_ID=a9f8cae9f2e4] [FILTER_AFTER]

[1 occurrence(s)]
DEBUG --> [REQ_ID=a9f8cae9f2e4] [LIFECYCLE][END] status=200 duration_ms=630.89 memory_delta=4194304

[1 occurrence(s)]
DEBUG --> [REQ_ID=a9f8cae9f2e4] [REQUEST][END]

[1 occurrence(s)]
DEBUG --> [REQ_ID=08c91837619b] [REQUEST][START] GET /

[1 occurrence(s)]
DEBUG --> [REQ_ID=08c91837619b] [FILTER_BEFORE] /

[1 occurrence(s)]
DEBUG --> [REQ_ID=08c91837619b] [ROUTE] Controller=\App\Controllers\Home Method=index

[1 occurrence(s)]
DEBUG --> [REQ_ID=08c91837619b] [LIFECYCLE][START] GET https://www.mymiwallet.com/index.php/

[1 occurrence(s)]
DEBUG --> [CSRF] token name=csrf_test_name hash=410ad2afcd6734c33012ba387f620d98

[1 occurrence(s)]
DEBUG --> [REQ_ID=123bf9b1b9b4] [INIT] App\Controllers\Home::GET

[5 occurrence(s)]
DEBUG --> [MetaService] slug= pageName= cacheHit=1 path=CACHE

[1 occurrence(s)]
DEBUG --> [REQ_ID=123bf9b1b9b4] [VIEW_RENDER] themes/public/home

[10 occurrence(s)]
DEBUG --> [MetaService] slug= pageName=Home cacheHit=1 path=CACHE

[1 occurrence(s)]
DEBUG --> [REQ_ID=08c91837619b] [FILTER_AFTER]

[1 occurrence(s)]
DEBUG --> [REQ_ID=08c91837619b] [LIFECYCLE][END] status=200 duration_ms=760.29 memory_delta=4194304

[1 occurrence(s)]
DEBUG --> [REQ_ID=08c91837619b] [REQUEST][END]

[1 occurrence(s)]
DEBUG --> [REQ_ID=56d2fa747c76] [REQUEST][START] GET /

[1 occurrence(s)]
DEBUG --> [REQ_ID=56d2fa747c76] [FILTER_BEFORE] /

[1 occurrence(s)]
DEBUG --> [REQ_ID=56d2fa747c76] [ROUTE] Controller=\App\Controllers\Home Method=index

[1 occurrence(s)]
DEBUG --> [REQ_ID=56d2fa747c76] [LIFECYCLE][START] GET https://www.mymiwallet.com/index.php/

[1 occurrence(s)]
DEBUG --> [CSRF] token name=csrf_test_name hash=daa75a5e4b4dd760fed98696fd1017d6

[1 occurrence(s)]
DEBUG --> [REQ_ID=a6e36c75bc97] [INIT] App\Controllers\Home::GET

[1 occurrence(s)]
DEBUG --> [REQ_ID=a6e36c75bc97] [VIEW_RENDER] themes/public/home

[1 occurrence(s)]
DEBUG --> [REQ_ID=56d2fa747c76] [FILTER_AFTER]

[1 occurrence(s)]
DEBUG --> [REQ_ID=56d2fa747c76] [LIFECYCLE][END] status=200 duration_ms=660.56 memory_delta=4194304

[1 occurrence(s)]
DEBUG --> [REQ_ID=56d2fa747c76] [REQUEST][END]

[1 occurrence(s)]
DEBUG --> [REQ_ID=f6eac2b35c94] [REQUEST][START] GET /

[1 occurrence(s)]
DEBUG --> [REQ_ID=f6eac2b35c94] [FILTER_BEFORE] /

[1 occurrence(s)]
DEBUG --> [REQ_ID=f6eac2b35c94] [ROUTE] Controller=\App\Controllers\Home Method=index

[1 occurrence(s)]
DEBUG --> [REQ_ID=f6eac2b35c94] [LIFECYCLE][START] GET https://www.mymiwallet.com/index.php/

[1 occurrence(s)]
DEBUG --> [CSRF] token name=csrf_test_name hash=541c9a9cc614e5d07f47aa0e8cdac0eb

[1 occurrence(s)]
DEBUG --> [REQ_ID=01476fa6ef39] [INIT] App\Controllers\Home::GET

[1 occurrence(s)]
DEBUG --> [REQ_ID=01476fa6ef39] [VIEW_RENDER] themes/public/home

[1 occurrence(s)]
DEBUG --> [REQ_ID=f6eac2b35c94] [FILTER_AFTER]

[1 occurrence(s)]
DEBUG --> [REQ_ID=f6eac2b35c94] [LIFECYCLE][END] status=200 duration_ms=691.31 memory_delta=4194304

[1 occurrence(s)]
DEBUG --> [REQ_ID=f6eac2b35c94] [REQUEST][END]

[1 occurrence(s)]
DEBUG --> [REQ_ID=f089037bd797] [REQUEST][START] GET /index.php/Management/Marketing/Video-Creator

[1 occurrence(s)]
DEBUG --> [REQ_ID=f089037bd797] [FILTER_BEFORE] /index.php/Management/Marketing/Video-Creator

[1 occurrence(s)]
DEBUG --> [REQ_ID=f089037bd797] [ROUTE] Controller=\App\Modules\Management\Controllers\MarketingAdminController Method=videoCreator

[1 occurrence(s)]
DEBUG --> [REQ_ID=f089037bd797] [LIFECYCLE][START] GET https://www.mymiwallet.com/index.php/Management/Marketing/Video-Creator

[2 occurrence(s)]
DEBUG --> [CSRF] token name=csrf_test_name hash=d1ecbe41d733b9225c390f67257df985

[28 occurrence(s)]
DEBUG --> [REDIRECT_URL_WRITER]

[1 occurrence(s)]
DEBUG --> [REQ_ID=f089037bd797] [REQUEST][END]

[1 occurrence(s)]
DEBUG --> [REQ_ID=9be2d8469649] [REQUEST][START] GET /index.php/login

[1 occurrence(s)]
DEBUG --> [REQ_ID=9be2d8469649] [FILTER_BEFORE] /index.php/login

[1 occurrence(s)]
DEBUG --> [REQ_ID=9be2d8469649] [ROUTE] Controller=\App\Controllers\AuthController Method=login

[1 occurrence(s)]
DEBUG --> [REQ_ID=9be2d8469649] [LIFECYCLE][START] GET https://www.mymiwallet.com/index.php/login

[1 occurrence(s)]
DEBUG --> [REQ_ID=bcf0a5aef395] [INIT] App\Controllers\AuthController::GET

[1 occurrence(s)]
DEBUG --> [AUTH_LOGIN_VIEW_REDIRECT_URL] /Management/Marketing/Video-Creator

[28 occurrence(s)]
DEBUG --> [VIEW_RESOLUTION] Render configuration

[14 occurrence(s)]
DEBUG --> [AUTH_RENDER] Final render config

[1 occurrence(s)]
DEBUG --> [REQ_ID=9be2d8469649] [FILTER_AFTER]

[1 occurrence(s)]
DEBUG --> [REQ_ID=9be2d8469649] [LIFECYCLE][END] status=200 duration_ms=268.02 memory_delta=2097152

[1 occurrence(s)]
DEBUG --> [REQ_ID=9be2d8469649] [REQUEST][END]

[1 occurrence(s)]
DEBUG --> [REQ_ID=109575469af1] [REQUEST][START] GET /index.php/Investments/Reports

[1 occurrence(s)]
DEBUG --> [REQ_ID=109575469af1] [REQUEST][END]

[1 occurrence(s)]
DEBUG --> [REQ_ID=212da9ec05a5] [REQUEST][START] GET /Investments/Trade-Tracker

[1 occurrence(s)]
DEBUG --> [REQ_ID=212da9ec05a5] [REQUEST][END]

[1 occurrence(s)]
DEBUG --> [REQ_ID=20ac23a82766] [REQUEST][START] GET /index.php/How-It-Works/Investor-Profile/favicon.png

[1 occurrence(s)]
DEBUG --> [REQ_ID=20ac23a82766] [REQUEST][END]

[1 occurrence(s)]
DEBUG --> [REQ_ID=242e72b4315a] [REQUEST][START] GET /index.php/How-It-Works/Investor-Profile/favicon.ico

[1 occurrence(s)]
DEBUG --> [REQ_ID=242e72b4315a] [REQUEST][END]

[1 occurrence(s)]
DEBUG --> [REQ_ID=3fcc101a4b90] [REQUEST][START] GET /index.php/API/Management/Run-CRON-Tasks

[1 occurrence(s)]
DEBUG --> [REQ_ID=3fcc101a4b90] [FILTER_BEFORE] /index.php/API/Management/Run-CRON-Tasks

[1 occurrence(s)]
DEBUG --> [REQ_ID=3fcc101a4b90] [ROUTE] Controller=\App\Modules\APIs\Controllers\ManagementAPIController Method=Run_CRON_Tasks

[1 occurrence(s)]
DEBUG --> [REQ_ID=3fcc101a4b90] [LIFECYCLE][START] GET https://www.mymiwallet.com/index.php/API/Management/Run-CRON-Tasks

[1 occurrence(s)]
DEBUG --> [REQ_ID=3fcc101a4b90] [REQUEST][END]

[1 occurrence(s)]
DEBUG --> [REQ_ID=8d5c535db2f3] [REQUEST][START] HEAD /

[1 occurrence(s)]
DEBUG --> [REQ_ID=8d5c535db2f3] [REQUEST][END]

[1 occurrence(s)]
DEBUG --> [REQ_ID=a55a1efef938] [REQUEST][START] GET /

[1 occurrence(s)]
DEBUG --> [REQ_ID=a55a1efef938] [FILTER_BEFORE] /

[1 occurrence(s)]
DEBUG --> [REQ_ID=a55a1efef938] [ROUTE] Controller=\App\Controllers\Home Method=index

[1 occurrence(s)]
DEBUG --> [REQ_ID=a55a1efef938] [LIFECYCLE][START] GET https://www.mymiwallet.com/index.php/

[1 occurrence(s)]
DEBUG --> [CSRF] token name=csrf_test_name hash=ac6e60853307c6766759e5f6a33b01b5

[1 occurrence(s)]
DEBUG --> [REQ_ID=217f7b970a61] [INIT] App\Controllers\Home::GET

[1 occurrence(s)]
DEBUG --> [REQ_ID=217f7b970a61] [VIEW_RENDER] themes/public/home

[1 occurrence(s)]
DEBUG --> [REQ_ID=a55a1efef938] [FILTER_AFTER]

[1 occurrence(s)]
DEBUG --> [REQ_ID=a55a1efef938] [LIFECYCLE][END] status=200 duration_ms=591.19 memory_delta=4194304

[1 occurrence(s)]
DEBUG --> [REQ_ID=a55a1efef938] [REQUEST][END]

[1 occurrence(s)]
DEBUG --> [REQ_ID=6cf776d6f359] [REQUEST][START] GET /Subscribe/Daily-Financial-News

[1 occurrence(s)]
DEBUG --> [REQ_ID=6cf776d6f359] [FILTER_BEFORE] /Subscribe/Daily-Financial-News

[1 occurrence(s)]
DEBUG --> [REQ_ID=6cf776d6f359] [ROUTE] Controller=closure_route Method=index

[1 occurrence(s)]
DEBUG --> [REQ_ID=6cf776d6f359] [LIFECYCLE][START] GET https://www.mymiwallet.com/index.php/Subscribe/Daily-Financial-News

[2 occurrence(s)]
DEBUG --> [CSRF] token name=csrf_test_name hash=8b86218925a1f0b3f97c3a9d7ff87b5b

[1 occurrence(s)]
DEBUG --> [REQ_ID=6cf776d6f359] [REQUEST][END]

[1 occurrence(s)]
DEBUG --> [REQ_ID=b5b00bfe6c24] [REQUEST][START] GET /index.php/login

[1 occurrence(s)]
DEBUG --> [REQ_ID=b5b00bfe6c24] [FILTER_BEFORE] /index.php/login

[1 occurrence(s)]
DEBUG --> [REQ_ID=b5b00bfe6c24] [ROUTE] Controller=\App\Controllers\AuthController Method=login

[1 occurrence(s)]
DEBUG --> [REQ_ID=b5b00bfe6c24] [LIFECYCLE][START] GET https://www.mymiwallet.com/index.php/login

[1 occurrence(s)]
DEBUG --> [REQ_ID=98638d1e1e6b] [INIT] App\Controllers\AuthController::GET

[1 occurrence(s)]
DEBUG --> [AUTH_LOGIN_VIEW_REDIRECT_URL] /Subscribe/Daily-Financial-News

[1 occurrence(s)]
DEBUG --> [REQ_ID=b5b00bfe6c24] [FILTER_AFTER]

[1 occurrence(s)]
DEBUG --> [REQ_ID=b5b00bfe6c24] [LIFECYCLE][END] status=200 duration_ms=141.00 memory_delta=2097152

[1 occurrence(s)]
DEBUG --> [REQ_ID=b5b00bfe6c24] [REQUEST][END]

[1 occurrence(s)]
DEBUG --> [REQ_ID=004def8c56aa] [REQUEST][START] GET /index.php/Management/Marketing/Campaigns

[1 occurrence(s)]
DEBUG --> [REQ_ID=004def8c56aa] [FILTER_BEFORE] /index.php/Management/Marketing/Campaigns

[1 occurrence(s)]
DEBUG --> [REQ_ID=004def8c56aa] [ROUTE] Controller=\App\Modules\Management\Controllers\MarketingAdminController Method=campaigns

[1 occurrence(s)]
DEBUG --> [REQ_ID=004def8c56aa] [LIFECYCLE][START] GET https://www.mymiwallet.com/index.php/Management/Marketing/Campaigns

[2 occurrence(s)]
DEBUG --> [CSRF] token name=csrf_test_name hash=eaaf3869d0521e9c07132b276d780059

[1 occurrence(s)]
DEBUG --> [REQ_ID=004def8c56aa] [REQUEST][END]

[1 occurrence(s)]
DEBUG --> [REQ_ID=b0ee9c28c1b0] [REQUEST][START] GET /index.php/login

[1 occurrence(s)]
DEBUG --> [REQ_ID=b0ee9c28c1b0] [FILTER_BEFORE] /index.php/login

[1 occurrence(s)]
DEBUG --> [REQ_ID=b0ee9c28c1b0] [ROUTE] Controller=\App\Controllers\AuthController Method=login

[1 occurrence(s)]
DEBUG --> [REQ_ID=b0ee9c28c1b0] [LIFECYCLE][START] GET https://www.mymiwallet.com/index.php/login

[1 occurrence(s)]
DEBUG --> [REQ_ID=1fdd27f6be74] [INIT] App\Controllers\AuthController::GET

[1 occurrence(s)]
DEBUG --> [AUTH_LOGIN_VIEW_REDIRECT_URL] /Management/Marketing/Campaigns

[1 occurrence(s)]
DEBUG --> [REQ_ID=b0ee9c28c1b0] [FILTER_AFTER]

[1 occurrence(s)]
DEBUG --> [REQ_ID=b0ee9c28c1b0] [LIFECYCLE][END] status=200 duration_ms=232.91 memory_delta=2097152

[1 occurrence(s)]
DEBUG --> [REQ_ID=b0ee9c28c1b0] [REQUEST][END]

[1 occurrence(s)]
DEBUG --> [REQ_ID=24a892d8a503] [REQUEST][START] GET /index.php/API/Alerts/fetchEmailAlerts

[1 occurrence(s)]
DEBUG --> [REQ_ID=24a892d8a503] [FILTER_BEFORE] /index.php/API/Alerts/fetchEmailAlerts

[1 occurrence(s)]
DEBUG --> [REQ_ID=24a892d8a503] [ROUTE] Controller=\App\Modules\APIs\Controllers\AlertsAPIController Method=fetchEmailAlerts

[1 occurrence(s)]
DEBUG --> [REQ_ID=24a892d8a503] [LIFECYCLE][START] GET https://www.mymiwallet.com/index.php/API/Alerts/fetchEmailAlerts

[1 occurrence(s)]
DEBUG --> [REQ_ID=24a892d8a503] [REQUEST][END]

[1 occurrence(s)]
DEBUG --> [REQ_ID=7924f1cfe31c] [REQUEST][START] GET /

[1 occurrence(s)]
DEBUG --> [REQ_ID=7924f1cfe31c] [REQUEST][END]

[1 occurrence(s)]
DEBUG --> [REQ_ID=ce58a4b88fd4] [REQUEST][START] GET /index.php/Blog

[1 occurrence(s)]
DEBUG --> [REQ_ID=ce58a4b88fd4] [REQUEST][END]

[1 occurrence(s)]
DEBUG --> [REQ_ID=08426d8a23f8] [REQUEST][START] GET /index.php/Management/Marketing/Content/Generator

[1 occurrence(s)]
DEBUG --> [REQ_ID=08426d8a23f8] [FILTER_BEFORE] /index.php/Management/Marketing/Content/Generator

[1 occurrence(s)]
DEBUG --> [REQ_ID=08426d8a23f8] [ROUTE] Controller=\App\Modules\Management\Controllers\MarketingAdminController Method=contentGenerator

[1 occurrence(s)]
DEBUG --> [REQ_ID=08426d8a23f8] [LIFECYCLE][START] GET https://www.mymiwallet.com/index.php/Management/Marketing/Content/Generator

[1 occurrence(s)]
DEBUG --> [CSRF] token name=csrf_test_name hash=f21556332255fca6d5505375f94127dc

[1 occurrence(s)]
DEBUG --> [REQ_ID=08426d8a23f8] [REQUEST][END]

[1 occurrence(s)]
DEBUG --> [REQ_ID=92a8f67e8d17] [REQUEST][START] GET /index.php/login

[1 occurrence(s)]
DEBUG --> [REQ_ID=92a8f67e8d17] [FILTER_BEFORE] /index.php/login

[1 occurrence(s)]
DEBUG --> [REQ_ID=92a8f67e8d17] [ROUTE] Controller=\App\Controllers\AuthController Method=login

[1 occurrence(s)]
DEBUG --> [REQ_ID=92a8f67e8d17] [LIFECYCLE][START] GET https://www.mymiwallet.com/index.php/login

[1 occurrence(s)]
DEBUG --> [CSRF] token name=csrf_test_name hash=7fc9f9228cef252a34df14bf08067110

[1 occurrence(s)]
DEBUG --> [REQ_ID=780124035490] [INIT] App\Controllers\AuthController::GET

[2 occurrence(s)]
DEBUG --> [AUTH_LOGIN_VIEW_REDIRECT_URL]

[1 occurrence(s)]
DEBUG --> [REQ_ID=92a8f67e8d17] [FILTER_AFTER]

[1 occurrence(s)]
DEBUG --> [REQ_ID=92a8f67e8d17] [LIFECYCLE][END] status=200 duration_ms=138.83 memory_delta=2097152

[1 occurrence(s)]
DEBUG --> [REQ_ID=92a8f67e8d17] [REQUEST][END]

[1 occurrence(s)]
DEBUG --> [REQ_ID=f75ddc51b9c7] [REQUEST][START] GET /

[1 occurrence(s)]
DEBUG --> [REQ_ID=f75ddc51b9c7] [FILTER_BEFORE] /

[1 occurrence(s)]
DEBUG --> [REQ_ID=f75ddc51b9c7] [ROUTE] Controller=\App\Controllers\Home Method=index

[1 occurrence(s)]
DEBUG --> [REQ_ID=f75ddc51b9c7] [LIFECYCLE][START] GET https://www.mymiwallet.com/index.php/

[1 occurrence(s)]
DEBUG --> [CSRF] token name=csrf_test_name hash=cac6601574a72903f23e3245c15afe1d

[1 occurrence(s)]
DEBUG --> [REQ_ID=e2903f231c4f] [INIT] App\Controllers\Home::GET

[1 occurrence(s)]
DEBUG --> [REQ_ID=e2903f231c4f] [VIEW_RENDER] themes/public/home

[1 occurrence(s)]
DEBUG --> [REQ_ID=f75ddc51b9c7] [FILTER_AFTER]

[1 occurrence(s)]
DEBUG --> [REQ_ID=f75ddc51b9c7] [LIFECYCLE][END] status=200 duration_ms=658.63 memory_delta=4194304

[1 occurrence(s)]
DEBUG --> [REQ_ID=f75ddc51b9c7] [REQUEST][END]

[1 occurrence(s)]
DEBUG --> [REQ_ID=86e2c418b870] [REQUEST][START] GET /index.php/Management/Users

[1 occurrence(s)]
DEBUG --> [REQ_ID=86e2c418b870] [FILTER_BEFORE] /index.php/Management/Users

[1 occurrence(s)]
DEBUG --> [REQ_ID=86e2c418b870] [ROUTE] Controller=\App\Modules\Management\Controllers\UsersController Method=index

[1 occurrence(s)]
DEBUG --> [REQ_ID=86e2c418b870] [LIFECYCLE][START] GET https://www.mymiwallet.com/index.php/Management/Users

[2 occurrence(s)]
DEBUG --> [CSRF] token name=csrf_test_name hash=d9cd8fd13477faba377a4be060b402bc

[1 occurrence(s)]
DEBUG --> [REQ_ID=86e2c418b870] [REQUEST][END]

[1 occurrence(s)]
DEBUG --> [REQ_ID=86f60f7bd2d8] [REQUEST][START] GET /index.php/login

[1 occurrence(s)]
DEBUG --> [REQ_ID=86f60f7bd2d8] [FILTER_BEFORE] /index.php/login

[1 occurrence(s)]
DEBUG --> [REQ_ID=86f60f7bd2d8] [ROUTE] Controller=\App\Controllers\AuthController Method=login

[1 occurrence(s)]
DEBUG --> [REQ_ID=86f60f7bd2d8] [LIFECYCLE][START] GET https://www.mymiwallet.com/index.php/login

[1 occurrence(s)]
DEBUG --> [REQ_ID=e8387b52d97d] [INIT] App\Controllers\AuthController::GET

[1 occurrence(s)]
DEBUG --> [AUTH_LOGIN_VIEW_REDIRECT_URL] /Management/Users

[1 occurrence(s)]
DEBUG --> [REQ_ID=86f60f7bd2d8] [FILTER_AFTER]

[1 occurrence(s)]
DEBUG --> [REQ_ID=86f60f7bd2d8] [LIFECYCLE][END] status=200 duration_ms=52.16 memory_delta=0

[1 occurrence(s)]
DEBUG --> [REQ_ID=86f60f7bd2d8] [REQUEST][END]

[1 occurrence(s)]
DEBUG --> [REQ_ID=54ee2dfaa888] [REQUEST][START] GET /index.php/API/Management/Run-CRON-Tasks

[1 occurrence(s)]
DEBUG --> [REQ_ID=54ee2dfaa888] [FILTER_BEFORE] /index.php/API/Management/Run-CRON-Tasks

[1 occurrence(s)]
DEBUG --> [REQ_ID=54ee2dfaa888] [ROUTE] Controller=\App\Modules\APIs\Controllers\ManagementAPIController Method=Run_CRON_Tasks

[1 occurrence(s)]
DEBUG --> [REQ_ID=54ee2dfaa888] [LIFECYCLE][START] GET https://www.mymiwallet.com/index.php/API/Management/Run-CRON-Tasks

[1 occurrence(s)]
DEBUG --> [REQ_ID=54ee2dfaa888] [REQUEST][END]

[1 occurrence(s)]
DEBUG --> [REQ_ID=15a05d1ee24a] [REQUEST][START] GET /

[1 occurrence(s)]
DEBUG --> [REQ_ID=15a05d1ee24a] [FILTER_BEFORE] /

[1 occurrence(s)]
DEBUG --> [REQ_ID=15a05d1ee24a] [ROUTE] Controller=\App\Controllers\Home Method=index

[1 occurrence(s)]
DEBUG --> [REQ_ID=15a05d1ee24a] [LIFECYCLE][START] GET https://www.mymiwallet.com/index.php/

[2 occurrence(s)]
DEBUG --> [CSRF] token name=csrf_test_name hash=442ea724b02052d894802e0f0801492b

[1 occurrence(s)]
DEBUG --> [REQ_ID=5eda1f2cca0c] [INIT] App\Controllers\Home::GET

[1 occurrence(s)]
DEBUG --> [REQ_ID=5eda1f2cca0c] [VIEW_RENDER] themes/public/home

[1 occurrence(s)]
DEBUG --> [REQ_ID=15a05d1ee24a] [FILTER_AFTER]

[1 occurrence(s)]
DEBUG --> [REQ_ID=15a05d1ee24a] [LIFECYCLE][END] status=200 duration_ms=1,202.10 memory_delta=4194304

[1 occurrence(s)]
DEBUG --> [REQ_ID=15a05d1ee24a] [REQUEST][END]

[1 occurrence(s)]
DEBUG --> [REQ_ID=8b82cf35614f] [REQUEST][START] GET //xmlrpc.php?rsd

[1 occurrence(s)]
DEBUG --> [REQ_ID=8b82cf35614f] [REQUEST][END]

[1 occurrence(s)]
DEBUG --> [REQ_ID=286cf797a705] [REQUEST][START] GET /

[1 occurrence(s)]
DEBUG --> [REQ_ID=286cf797a705] [FILTER_BEFORE] /

[1 occurrence(s)]
DEBUG --> [REQ_ID=286cf797a705] [ROUTE] Controller=\App\Controllers\Home Method=index

[1 occurrence(s)]
DEBUG --> [REQ_ID=286cf797a705] [LIFECYCLE][START] GET https://www.mymiwallet.com/index.php/

[1 occurrence(s)]
DEBUG --> [REQ_ID=d8df63914a0d] [INIT] App\Controllers\Home::GET

[1 occurrence(s)]
DEBUG --> [REQ_ID=d8df63914a0d] [VIEW_RENDER] themes/public/home

[1 occurrence(s)]
DEBUG --> [REQ_ID=286cf797a705] [FILTER_AFTER]

[1 occurrence(s)]
DEBUG --> [REQ_ID=286cf797a705] [LIFECYCLE][END] status=200 duration_ms=523.40 memory_delta=4194304

[1 occurrence(s)]
DEBUG --> [REQ_ID=286cf797a705] [REQUEST][END]

[1 occurrence(s)]
DEBUG --> [REQ_ID=e81e2fab8927] [REQUEST][START] GET /index.php/Memberships/Customize

[1 occurrence(s)]
DEBUG --> [REQ_ID=e81e2fab8927] [FILTER_BEFORE] /index.php/Memberships/Customize

[1 occurrence(s)]
DEBUG --> [REQ_ID=e81e2fab8927] [ROUTE] Controller=\App\Controllers\Home Method=memberships

[1 occurrence(s)]
DEBUG --> [REQ_ID=e81e2fab8927] [LIFECYCLE][START] GET https://www.mymiwallet.com/index.php/Memberships/Customize

[1 occurrence(s)]
DEBUG --> [CSRF] token name=csrf_test_name hash=d9dcfe37aa9116bafe946ea262ba3a80

[1 occurrence(s)]
DEBUG --> [REQ_ID=354f8304c034] [INIT] App\Controllers\Home::GET

[1 occurrence(s)]
DEBUG --> [MetaService] slug=memberships/customize pageName= cacheHit= path=DB

[1 occurrence(s)]
DEBUG --> [REQ_ID=354f8304c034] [VIEW_RENDER] themes/public/memberships

[1 occurrence(s)]
DEBUG --> [MetaService] slug=memberships/customize pageName=Memberships cacheHit= path=DB

[1 occurrence(s)]
DEBUG --> [REQ_ID=e81e2fab8927] [FILTER_AFTER]

[1 occurrence(s)]
DEBUG --> [REQ_ID=e81e2fab8927] [LIFECYCLE][END] status=200 duration_ms=639.59 memory_delta=4194304

[1 occurrence(s)]
DEBUG --> [REQ_ID=e81e2fab8927] [REQUEST][END]

[1 occurrence(s)]
DEBUG --> [REQ_ID=a84161f14dcd] [REQUEST][START] GET /index.php/forgot

[1 occurrence(s)]
DEBUG --> [REQ_ID=a84161f14dcd] [REQUEST][END]

[1 occurrence(s)]
DEBUG --> [REQ_ID=540d8d3379fc] [REQUEST][START] GET /

[1 occurrence(s)]
DEBUG --> [REQ_ID=540d8d3379fc] [REQUEST][END]

[1 occurrence(s)]
DEBUG --> [REQ_ID=26a4f92bce43] [REQUEST][START] GET /index.php/API/Alerts/fetchEmailAlerts

[1 occurrence(s)]
DEBUG --> [REQ_ID=26a4f92bce43] [FILTER_BEFORE] /index.php/API/Alerts/fetchEmailAlerts

[1 occurrence(s)]
DEBUG --> [REQ_ID=26a4f92bce43] [ROUTE] Controller=\App\Modules\APIs\Controllers\AlertsAPIController Method=fetchEmailAlerts

[1 occurrence(s)]
DEBUG --> [REQ_ID=26a4f92bce43] [LIFECYCLE][START] GET https://www.mymiwallet.com/index.php/API/Alerts/fetchEmailAlerts

[1 occurrence(s)]
DEBUG --> [REQ_ID=26a4f92bce43] [REQUEST][END]

[1 occurrence(s)]
DEBUG --> [REQ_ID=d428268ad82a] [REQUEST][START] GET /

[1 occurrence(s)]
DEBUG --> [REQ_ID=d428268ad82a] [FILTER_BEFORE] /

[1 occurrence(s)]
DEBUG --> [REQ_ID=d428268ad82a] [ROUTE] Controller=\App\Controllers\Home Method=index

[1 occurrence(s)]
DEBUG --> [REQ_ID=d428268ad82a] [LIFECYCLE][START] GET https://www.mymiwallet.com/index.php/

[1 occurrence(s)]
DEBUG --> [CSRF] token name=csrf_test_name hash=4ca29daab02e9cef09c436e7dc1b5523

[1 occurrence(s)]
DEBUG --> [REQ_ID=8a0e462fe255] [INIT] App\Controllers\Home::GET

[1 occurrence(s)]
DEBUG --> [REQ_ID=8a0e462fe255] [VIEW_RENDER] themes/public/home

[1 occurrence(s)]
DEBUG --> [REQ_ID=d428268ad82a] [FILTER_AFTER]

[1 occurrence(s)]
DEBUG --> [REQ_ID=d428268ad82a] [LIFECYCLE][END] status=200 duration_ms=567.91 memory_delta=4194304

[1 occurrence(s)]
DEBUG --> [REQ_ID=d428268ad82a] [REQUEST][END]

[1 occurrence(s)]
DEBUG --> [REQ_ID=4b33c2f7f002] [REQUEST][START] GET /.well-known/security.txt

[1 occurrence(s)]
DEBUG --> [REQ_ID=4b33c2f7f002] [REQUEST][END]

[1 occurrence(s)]
DEBUG --> [REQ_ID=457d41e1d63d] [REQUEST][START] GET /security.txt

[1 occurrence(s)]
DEBUG --> [REQ_ID=457d41e1d63d] [REQUEST][END]

[1 occurrence(s)]
DEBUG --> [REQ_ID=ec1252677db2] [REQUEST][START] GET /

[1 occurrence(s)]
DEBUG --> [REQ_ID=ec1252677db2] [FILTER_BEFORE] /

[1 occurrence(s)]
DEBUG --> [REQ_ID=ec1252677db2] [ROUTE] Controller=\App\Controllers\Home Method=index

[1 occurrence(s)]
DEBUG --> [REQ_ID=ec1252677db2] [LIFECYCLE][START] GET https://www.mymiwallet.com/index.php/

[1 occurrence(s)]
DEBUG --> [CSRF] token name=csrf_test_name hash=fe9660a6dd4f869eafb13b4c7fdc745b

[1 occurrence(s)]
DEBUG --> [REQ_ID=1bc6b0af1b4f] [INIT] App\Controllers\Home::GET

[1 occurrence(s)]
DEBUG --> [REQ_ID=1bc6b0af1b4f] [VIEW_RENDER] themes/public/home

[1 occurrence(s)]
DEBUG --> [REQ_ID=ec1252677db2] [FILTER_AFTER]

[1 occurrence(s)]
DEBUG --> [REQ_ID=ec1252677db2] [LIFECYCLE][END] status=200 duration_ms=588.86 memory_delta=4194304

[1 occurrence(s)]
DEBUG --> [REQ_ID=ec1252677db2] [REQUEST][END]

[1 occurrence(s)]
DEBUG --> [REQ_ID=730351b83435] [REQUEST][START] GET /

[1 occurrence(s)]
DEBUG --> [REQ_ID=730351b83435] [FILTER_BEFORE] /

[1 occurrence(s)]
DEBUG --> [REQ_ID=730351b83435] [ROUTE] Controller=\App\Controllers\Home Method=index

[1 occurrence(s)]
DEBUG --> [REQ_ID=730351b83435] [LIFECYCLE][START] GET https://www.mymiwallet.com/index.php/

[1 occurrence(s)]
DEBUG --> [CSRF] token name=csrf_test_name hash=490b0aa1a378af0a7b5e23b20d9ce348

[1 occurrence(s)]
DEBUG --> [REQ_ID=0377178bb185] [INIT] App\Controllers\Home::GET

[1 occurrence(s)]
DEBUG --> [REQ_ID=0377178bb185] [VIEW_RENDER] themes/public/home

[1 occurrence(s)]
DEBUG --> [REQ_ID=730351b83435] [FILTER_AFTER]

[1 occurrence(s)]
DEBUG --> [REQ_ID=730351b83435] [LIFECYCLE][END] status=200 duration_ms=493.67 memory_delta=2097152

[1 occurrence(s)]
DEBUG --> [REQ_ID=730351b83435] [REQUEST][END]

[1 occurrence(s)]
DEBUG --> [REQ_ID=a2e033e347c1] [REQUEST][START] GET /.well-known/security.txt

[1 occurrence(s)]
DEBUG --> [REQ_ID=a2e033e347c1] [REQUEST][END]

[1 occurrence(s)]
DEBUG --> [REQ_ID=f8dddf57c691] [REQUEST][START] GET /.well-known/security.txt

[1 occurrence(s)]
DEBUG --> [REQ_ID=f8dddf57c691] [REQUEST][END]

[1 occurrence(s)]
DEBUG --> [REQ_ID=d0e0808ebfe0] [REQUEST][START] GET /security.txt

[1 occurrence(s)]
DEBUG --> [REQ_ID=d0e0808ebfe0] [REQUEST][END]

[1 occurrence(s)]
DEBUG --> [REQ_ID=850e249635cf] [REQUEST][START] GET /security.txt

[1 occurrence(s)]
DEBUG --> [REQ_ID=850e249635cf] [REQUEST][END]

[1 occurrence(s)]
DEBUG --> [REQ_ID=95317ba28293] [REQUEST][START] GET /index.php/register

[1 occurrence(s)]
DEBUG --> [REQ_ID=95317ba28293] [REQUEST][END]

[1 occurrence(s)]
DEBUG --> [REQ_ID=b57f58759906] [REQUEST][START] GET /index.php/register

[1 occurrence(s)]
DEBUG --> [REQ_ID=b57f58759906] [REQUEST][END]

[1 occurrence(s)]
DEBUG --> [REQ_ID=0c12c586e507] [REQUEST][START] GET /index.php/forgot

[1 occurrence(s)]
DEBUG --> [REQ_ID=0c12c586e507] [REQUEST][END]

[1 occurrence(s)]
DEBUG --> [REQ_ID=1ba0d7a7f0d6] [REQUEST][START] GET /index.php/API/Management/Run-CRON-Tasks

[1 occurrence(s)]
DEBUG --> [REQ_ID=1ba0d7a7f0d6] [FILTER_BEFORE] /index.php/API/Management/Run-CRON-Tasks

[1 occurrence(s)]
DEBUG --> [REQ_ID=1ba0d7a7f0d6] [ROUTE] Controller=\App\Modules\APIs\Controllers\ManagementAPIController Method=Run_CRON_Tasks

[1 occurrence(s)]
DEBUG --> [REQ_ID=1ba0d7a7f0d6] [LIFECYCLE][START] GET https://www.mymiwallet.com/index.php/API/Management/Run-CRON-Tasks

[1 occurrence(s)]
DEBUG --> [REQ_ID=1ba0d7a7f0d6] [REQUEST][END]

[1 occurrence(s)]
DEBUG --> [REQ_ID=3a0136ac0781] [REQUEST][START] GET /

[1 occurrence(s)]
DEBUG --> [REQ_ID=3a0136ac0781] [REQUEST][END]

[1 occurrence(s)]
DEBUG --> [REQ_ID=91893b2f5ba1] [REQUEST][START] GET /index.php/Trade-Tracker

[1 occurrence(s)]
DEBUG --> [REQ_ID=91893b2f5ba1] [FILTER_BEFORE] /index.php/Trade-Tracker

[1 occurrence(s)]
DEBUG --> [REQ_ID=91893b2f5ba1] [ROUTE] Controller=\App\Modules\User\Controllers\InvestmentsController Method=tradeTracker

[1 occurrence(s)]
DEBUG --> [REQ_ID=91893b2f5ba1] [LIFECYCLE][START] GET https://www.mymiwallet.com/index.php/Trade-Tracker

[2 occurrence(s)]
DEBUG --> [CSRF] token name=csrf_test_name hash=a0e9e970dc62ba39fce73386e49aff44

[1 occurrence(s)]
DEBUG --> [REQ_ID=91893b2f5ba1] [REQUEST][END]

[1 occurrence(s)]
DEBUG --> [REQ_ID=26343c43ab9a] [REQUEST][START] GET /index.php/login

[1 occurrence(s)]
DEBUG --> [REQ_ID=26343c43ab9a] [FILTER_BEFORE] /index.php/login

[1 occurrence(s)]
DEBUG --> [REQ_ID=26343c43ab9a] [ROUTE] Controller=\App\Controllers\AuthController Method=login

[1 occurrence(s)]
DEBUG --> [REQ_ID=26343c43ab9a] [LIFECYCLE][START] GET https://www.mymiwallet.com/index.php/login

[1 occurrence(s)]
DEBUG --> [REQ_ID=7a7c3f156930] [INIT] App\Controllers\AuthController::GET

[1 occurrence(s)]
DEBUG --> [AUTH_LOGIN_VIEW_REDIRECT_URL] /Trade-Tracker

[1 occurrence(s)]
DEBUG --> [REQ_ID=26343c43ab9a] [FILTER_AFTER]

[1 occurrence(s)]
DEBUG --> [REQ_ID=26343c43ab9a] [LIFECYCLE][END] status=200 duration_ms=80.41 memory_delta=2097152

[1 occurrence(s)]
DEBUG --> [REQ_ID=26343c43ab9a] [REQUEST][END]

[1 occurrence(s)]
DEBUG --> [REQ_ID=cd0d3561d2d6] [REQUEST][START] GET /index.php/API/Alerts/fetchEmailAlerts

[1 occurrence(s)]
DEBUG --> [REQ_ID=cd0d3561d2d6] [FILTER_BEFORE] /index.php/API/Alerts/fetchEmailAlerts

[1 occurrence(s)]
DEBUG --> [REQ_ID=cd0d3561d2d6] [ROUTE] Controller=\App\Modules\APIs\Controllers\AlertsAPIController Method=fetchEmailAlerts

[1 occurrence(s)]
DEBUG --> [REQ_ID=cd0d3561d2d6] [LIFECYCLE][START] GET https://www.mymiwallet.com/index.php/API/Alerts/fetchEmailAlerts

[1 occurrence(s)]
DEBUG --> [REQ_ID=cd0d3561d2d6] [REQUEST][END]

[1 occurrence(s)]
DEBUG --> [REQ_ID=307856b224d7] [REQUEST][START] GET /

[1 occurrence(s)]
DEBUG --> [REQ_ID=307856b224d7] [FILTER_BEFORE] /

[1 occurrence(s)]
DEBUG --> [REQ_ID=307856b224d7] [ROUTE] Controller=\App\Controllers\Home Method=index

[1 occurrence(s)]
DEBUG --> [REQ_ID=307856b224d7] [LIFECYCLE][START] GET https://www.mymiwallet.com/index.php/

[1 occurrence(s)]
DEBUG --> [CSRF] token name=csrf_test_name hash=e1437c16c9edeb303ccc89eda0ba5384

[1 occurrence(s)]
DEBUG --> [REQ_ID=055ed04f2dce] [INIT] App\Controllers\Home::GET

[1 occurrence(s)]
DEBUG --> [REQ_ID=055ed04f2dce] [VIEW_RENDER] themes/public/home

[1 occurrence(s)]
DEBUG --> [REQ_ID=307856b224d7] [FILTER_AFTER]

[1 occurrence(s)]
DEBUG --> [REQ_ID=307856b224d7] [LIFECYCLE][END] status=200 duration_ms=814.13 memory_delta=4194304

[1 occurrence(s)]
DEBUG --> [REQ_ID=307856b224d7] [REQUEST][END]

[1 occurrence(s)]
DEBUG --> [REQ_ID=0b2362b72827] [REQUEST][START] GET /wp-content/plugins/hellopress/wp_filemanager.php

[1 occurrence(s)]
DEBUG --> [REQ_ID=0b2362b72827] [REQUEST][END]

[1 occurrence(s)]
DEBUG --> [REQ_ID=45b31090b297] [REQUEST][START] GET /file0.php

[1 occurrence(s)]
DEBUG --> [REQ_ID=45b31090b297] [REQUEST][END]

[1 occurrence(s)]
DEBUG --> [REQ_ID=47215cbba4ed] [REQUEST][START] GET /t3s.php

[1 occurrence(s)]
DEBUG --> [REQ_ID=47215cbba4ed] [REQUEST][END]

[1 occurrence(s)]
DEBUG --> [REQ_ID=b56a52fe2b3f] [REQUEST][START] GET /crgio.php

[1 occurrence(s)]
DEBUG --> [REQ_ID=b56a52fe2b3f] [REQUEST][END]

[1 occurrence(s)]
DEBUG --> [REQ_ID=aa8fad5d62a6] [REQUEST][START] GET /mini.php

[1 occurrence(s)]
DEBUG --> [REQ_ID=aa8fad5d62a6] [REQUEST][END]

[1 occurrence(s)]
DEBUG --> [REQ_ID=0b8191891d49] [REQUEST][START] GET /wp-load.php

[1 occurrence(s)]
DEBUG --> [REQ_ID=0b8191891d49] [REQUEST][END]

[1 occurrence(s)]
DEBUG --> [REQ_ID=0b96cbd1164c] [REQUEST][START] GET /77.php

[1 occurrence(s)]
DEBUG --> [REQ_ID=0b96cbd1164c] [REQUEST][END]

[1 occurrence(s)]
DEBUG --> [REQ_ID=2be62740099e] [REQUEST][START] GET /.sghb.php

[1 occurrence(s)]
DEBUG --> [REQ_ID=2be62740099e] [REQUEST][END]

[1 occurrence(s)]
DEBUG --> [REQ_ID=fcff4cf3eb1b] [REQUEST][START] GET /zoko.php

[1 occurrence(s)]
DEBUG --> [REQ_ID=fcff4cf3eb1b] [REQUEST][END]

[1 occurrence(s)]
DEBUG --> [REQ_ID=ee9d932e5096] [REQUEST][START] GET /solo1.php

[1 occurrence(s)]
DEBUG --> [REQ_ID=ee9d932e5096] [REQUEST][END]

[1 occurrence(s)]
DEBUG --> [REQ_ID=3e9ce4d18fbd] [REQUEST][START] GET /locales.php

[1 occurrence(s)]
DEBUG --> [REQ_ID=3e9ce4d18fbd] [REQUEST][END]

[1 occurrence(s)]
DEBUG --> [REQ_ID=8dd963f93165] [REQUEST][START] GET /bgymj.php

[1 occurrence(s)]
DEBUG --> [REQ_ID=8dd963f93165] [REQUEST][END]

[1 occurrence(s)]
DEBUG --> [REQ_ID=f5395b7d699c] [REQUEST][START] GET /pucci.php

[1 occurrence(s)]
DEBUG --> [REQ_ID=f5395b7d699c] [REQUEST][END]

[1 occurrence(s)]
DEBUG --> [REQ_ID=721370f61955] [REQUEST][START] GET /wp-includes/blocks/details

[1 occurrence(s)]
DEBUG --> [REQ_ID=721370f61955] [REQUEST][END]

[1 occurrence(s)]
DEBUG --> [REQ_ID=0001f82695bd] [REQUEST][START] GET /.dj/index.php

[1 occurrence(s)]
DEBUG --> [REQ_ID=0001f82695bd] [REQUEST][END]

[1 occurrence(s)]
DEBUG --> [REQ_ID=eb7a4ee8af66] [REQUEST][START] GET /wp-includes/blocks/audio

[1 occurrence(s)]
DEBUG --> [REQ_ID=eb7a4ee8af66] [REQUEST][END]

[1 occurrence(s)]
DEBUG --> [REQ_ID=a139a8a3a31d] [REQUEST][START] GET /.tmb

[1 occurrence(s)]
DEBUG --> [REQ_ID=a139a8a3a31d] [REQUEST][END]

[1 occurrence(s)]
DEBUG --> [REQ_ID=63a0dee9a0e1] [REQUEST][START] GET /one.php

[1 occurrence(s)]
DEBUG --> [REQ_ID=63a0dee9a0e1] [REQUEST][END]

[1 occurrence(s)]
DEBUG --> [REQ_ID=9ae4763c5298] [REQUEST][START] GET /no20.php

[1 occurrence(s)]
DEBUG --> [REQ_ID=9ae4763c5298] [REQUEST][END]

[1 occurrence(s)]
DEBUG --> [REQ_ID=9d7d6460273b] [REQUEST][START] GET /wp-alone.php

[1 occurrence(s)]
DEBUG --> [REQ_ID=9d7d6460273b] [REQUEST][END]

[1 occurrence(s)]
DEBUG --> [REQ_ID=9cbc6ba33ad7] [REQUEST][START] GET /yasnu.php

[1 occurrence(s)]
DEBUG --> [REQ_ID=9cbc6ba33ad7] [REQUEST][END]

[1 occurrence(s)]
DEBUG --> [REQ_ID=83956d0adffe] [REQUEST][START] GET /sl.php

[1 occurrence(s)]
DEBUG --> [REQ_ID=83956d0adffe] [REQUEST][END]

[1 occurrence(s)]
DEBUG --> [REQ_ID=f421103cd31e] [REQUEST][START] GET /vuln.php

[1 occurrence(s)]
DEBUG --> [REQ_ID=f421103cd31e] [REQUEST][END]

[1 occurrence(s)]
DEBUG --> [REQ_ID=4e8c1580983a] [REQUEST][START] GET /wp-temp.php

[1 occurrence(s)]
DEBUG --> [REQ_ID=4e8c1580983a] [REQUEST][END]

[1 occurrence(s)]
DEBUG --> [REQ_ID=66df52c68869] [REQUEST][START] GET /wp-content/themes/twentytwentyfive/assets

[1 occurrence(s)]
DEBUG --> [REQ_ID=66df52c68869] [REQUEST][END]

[1 occurrence(s)]
DEBUG --> [REQ_ID=ef3876aa6580] [REQUEST][START] GET /wp-includes/blocks/buttons

[1 occurrence(s)]
DEBUG --> [REQ_ID=ef3876aa6580] [REQUEST][END]

[1 occurrence(s)]
DEBUG --> [REQ_ID=a1e976c0c10a] [REQUEST][START] GET /class-bda.php

[1 occurrence(s)]
DEBUG --> [REQ_ID=a1e976c0c10a] [REQUEST][END]

[1 occurrence(s)]
DEBUG --> [REQ_ID=41104cba501b] [REQUEST][START] GET /bhm.php

[1 occurrence(s)]
DEBUG --> [REQ_ID=41104cba501b] [REQUEST][END]

[1 occurrence(s)]
DEBUG --> [REQ_ID=ea2fe10c2690] [REQUEST][START] GET /xmu.php

[1 occurrence(s)]
DEBUG --> [REQ_ID=ea2fe10c2690] [REQUEST][END]

[1 occurrence(s)]
DEBUG --> [REQ_ID=3cda05e0d120] [REQUEST][START] GET /ref.php

[1 occurrence(s)]
DEBUG --> [REQ_ID=3cda05e0d120] [REQUEST][END]

[1 occurrence(s)]
DEBUG --> [REQ_ID=3127a389fe16] [REQUEST][START] GET /wp-xme.php

[1 occurrence(s)]
DEBUG --> [REQ_ID=3127a389fe16] [REQUEST][END]

[1 occurrence(s)]
DEBUG --> [REQ_ID=f15fce565143] [REQUEST][START] GET /adminer.php

[1 occurrence(s)]
DEBUG --> [REQ_ID=f15fce565143] [REQUEST][END]

[1 occurrence(s)]
DEBUG --> [REQ_ID=b93263c4d4fa] [REQUEST][START] GET /ktfow.php

[1 occurrence(s)]
DEBUG --> [REQ_ID=b93263c4d4fa] [REQUEST][END]

[1 occurrence(s)]
DEBUG --> [REQ_ID=77e50817ece5] [REQUEST][START] GET /mode.php

[1 occurrence(s)]
DEBUG --> [REQ_ID=77e50817ece5] [REQUEST][END]

[1 occurrence(s)]
DEBUG --> [REQ_ID=8542b6dc6b3f] [REQUEST][START] GET /2468.php

[1 occurrence(s)]
DEBUG --> [REQ_ID=8542b6dc6b3f] [REQUEST][END]

[1 occurrence(s)]
DEBUG --> [REQ_ID=311c561caa73] [REQUEST][START] GET /wp-admin/js/index.php

[1 occurrence(s)]
DEBUG --> [REQ_ID=311c561caa73] [REQUEST][END]

[1 occurrence(s)]
DEBUG --> [REQ_ID=b0c274329505] [REQUEST][START] GET /dx.php

[1 occurrence(s)]
DEBUG --> [REQ_ID=b0c274329505] [REQUEST][END]

[1 occurrence(s)]
DEBUG --> [REQ_ID=0c7c69f9a0d4] [REQUEST][START] GET /amdin.php

[1 occurrence(s)]
DEBUG --> [REQ_ID=0c7c69f9a0d4] [REQUEST][END]

[1 occurrence(s)]
DEBUG --> [REQ_ID=e33fdb4a8c2c] [REQUEST][START] GET /huya.php

[1 occurrence(s)]
DEBUG --> [REQ_ID=e33fdb4a8c2c] [REQUEST][END]

[1 occurrence(s)]
DEBUG --> [REQ_ID=563390f51a03] [REQUEST][START] GET /puc.php

[1 occurrence(s)]
DEBUG --> [REQ_ID=563390f51a03] [REQUEST][END]

[1 occurrence(s)]
DEBUG --> [REQ_ID=9654ec422b20] [REQUEST][START] GET /themes.php

[1 occurrence(s)]
DEBUG --> [REQ_ID=9654ec422b20] [REQUEST][END]

[1 occurrence(s)]
DEBUG --> [REQ_ID=730d06e4f11f] [REQUEST][START] GET /ewp.php

[1 occurrence(s)]
DEBUG --> [REQ_ID=730d06e4f11f] [REQUEST][END]

[1 occurrence(s)]
DEBUG --> [REQ_ID=aa9acb4e0d97] [REQUEST][START] GET /kikikoko.php

[1 occurrence(s)]
DEBUG --> [REQ_ID=aa9acb4e0d97] [REQUEST][END]

[1 occurrence(s)]
DEBUG --> [REQ_ID=ab4803bdf30d] [REQUEST][START] GET /dx.php

[1 occurrence(s)]
DEBUG --> [REQ_ID=ab4803bdf30d] [REQUEST][END]

[1 occurrence(s)]
DEBUG --> [REQ_ID=3009773a3876] [REQUEST][START] GET /xff.php

[1 occurrence(s)]
DEBUG --> [REQ_ID=3009773a3876] [REQUEST][END]

[1 occurrence(s)]
DEBUG --> [REQ_ID=be68e0d891b2] [REQUEST][START] GET /lupo.php

[1 occurrence(s)]
DEBUG --> [REQ_ID=be68e0d891b2] [REQUEST][END]

[1 occurrence(s)]
DEBUG --> [REQ_ID=86f4cb550aca] [REQUEST][START] GET /awa.php

[1 occurrence(s)]
DEBUG --> [REQ_ID=86f4cb550aca] [REQUEST][END]

[1 occurrence(s)]
DEBUG --> [REQ_ID=6078651f862b] [REQUEST][START] GET /popo.php

[1 occurrence(s)]
DEBUG --> [REQ_ID=6078651f862b] [REQUEST][END]

[1 occurrence(s)]
DEBUG --> [REQ_ID=2e14568d1777] [REQUEST][START] GET /13.php

[1 occurrence(s)]
DEBUG --> [REQ_ID=2e14568d1777] [REQUEST][END]

[1 occurrence(s)]
DEBUG --> [REQ_ID=e22cf7645ea1] [REQUEST][START] GET /11.php

[1 occurrence(s)]
DEBUG --> [REQ_ID=e22cf7645ea1] [REQUEST][END]

[1 occurrence(s)]
DEBUG --> [REQ_ID=a8c7801aa888] [REQUEST][START] GET /p.php

[1 occurrence(s)]
DEBUG --> [REQ_ID=a8c7801aa888] [REQUEST][END]

[1 occurrence(s)]
DEBUG --> [REQ_ID=44cd595c6676] [REQUEST][START] GET /wp-includes/Requests

[1 occurrence(s)]
DEBUG --> [REQ_ID=44cd595c6676] [REQUEST][END]

[1 occurrence(s)]
DEBUG --> [REQ_ID=7d0a934c71fc] [REQUEST][START] GET /bthil.php

[1 occurrence(s)]
DEBUG --> [REQ_ID=7d0a934c71fc] [REQUEST][END]

[1 occurrence(s)]
DEBUG --> [REQ_ID=256a082f055e] [REQUEST][START] GET /shell.php

[1 occurrence(s)]
DEBUG --> [REQ_ID=256a082f055e] [REQUEST][END]

[1 occurrence(s)]
DEBUG --> [REQ_ID=46c5751d3496] [REQUEST][START] GET /seo.php

[1 occurrence(s)]
DEBUG --> [REQ_ID=46c5751d3496] [REQUEST][END]

[1 occurrence(s)]
DEBUG --> [REQ_ID=4b6d4e093c78] [REQUEST][START] GET /7.php

[1 occurrence(s)]
DEBUG --> [REQ_ID=4b6d4e093c78] [REQUEST][END]

[1 occurrence(s)]
DEBUG --> [REQ_ID=a18ec3bea9bd] [REQUEST][START] GET /8.php

[1 occurrence(s)]
DEBUG --> [REQ_ID=a18ec3bea9bd] [REQUEST][END]

[1 occurrence(s)]
DEBUG --> [REQ_ID=60be823b5c0a] [REQUEST][START] GET /1.php

[1 occurrence(s)]
DEBUG --> [REQ_ID=60be823b5c0a] [REQUEST][END]

[1 occurrence(s)]
DEBUG --> [REQ_ID=39ac31e1bfc7] [REQUEST][START] GET /2.php

[1 occurrence(s)]
DEBUG --> [REQ_ID=39ac31e1bfc7] [REQUEST][END]

[1 occurrence(s)]
DEBUG --> [REQ_ID=38e4a38c4e92] [REQUEST][START] GET /3.php

[1 occurrence(s)]
DEBUG --> [REQ_ID=38e4a38c4e92] [REQUEST][END]

[1 occurrence(s)]
DEBUG --> [REQ_ID=8e8ca4c5f3d3] [REQUEST][START] GET /4.php

[1 occurrence(s)]
DEBUG --> [REQ_ID=8e8ca4c5f3d3] [REQUEST][END]

[1 occurrence(s)]
DEBUG --> [REQ_ID=800c4bf3082b] [REQUEST][START] GET /5.php

[1 occurrence(s)]
DEBUG --> [REQ_ID=800c4bf3082b] [REQUEST][END]

[1 occurrence(s)]
DEBUG --> [REQ_ID=377e42100511] [REQUEST][START] GET /6.php

[1 occurrence(s)]
DEBUG --> [REQ_ID=377e42100511] [REQUEST][END]

[1 occurrence(s)]
DEBUG --> [REQ_ID=ad061a84a20b] [REQUEST][START] GET /9.php

[1 occurrence(s)]
DEBUG --> [REQ_ID=ad061a84a20b] [REQUEST][END]

[1 occurrence(s)]
DEBUG --> [REQ_ID=0070b616ff66] [REQUEST][START] GET /10.php

[1 occurrence(s)]
DEBUG --> [REQ_ID=0070b616ff66] [REQUEST][END]

[1 occurrence(s)]
DEBUG --> [REQ_ID=7a99efbe1d94] [REQUEST][START] GET /100.php

[1 occurrence(s)]
DEBUG --> [REQ_ID=7a99efbe1d94] [REQUEST][END]

[1 occurrence(s)]
DEBUG --> [REQ_ID=d96df6d148d0] [REQUEST][START] GET /.well-known/nastar.php

[1 occurrence(s)]
DEBUG --> [REQ_ID=d96df6d148d0] [REQUEST][END]

[1 occurrence(s)]
DEBUG --> [REQ_ID=851207211b5f] [REQUEST][START] GET /2026w.php

[1 occurrence(s)]
DEBUG --> [REQ_ID=851207211b5f] [REQUEST][END]

[1 occurrence(s)]
DEBUG --> [REQ_ID=de208be47723] [REQUEST][START] GET /xwpg.php

[1 occurrence(s)]
DEBUG --> [REQ_ID=de208be47723] [REQUEST][END]

[1 occurrence(s)]
DEBUG --> [REQ_ID=dba194a6c3d3] [REQUEST][START] GET /ass.php

[1 occurrence(s)]
DEBUG --> [REQ_ID=dba194a6c3d3] [REQUEST][END]

[1 occurrence(s)]
DEBUG --> [REQ_ID=cf2b610fe655] [REQUEST][START] GET /about.php

[1 occurrence(s)]
DEBUG --> [REQ_ID=cf2b610fe655] [REQUEST][END]

[1 occurrence(s)]
DEBUG --> [REQ_ID=ad6c3f7e0495] [REQUEST][START] GET /no18.php

[1 occurrence(s)]
DEBUG --> [REQ_ID=ad6c3f7e0495] [REQUEST][END]

[1 occurrence(s)]
DEBUG --> [REQ_ID=9a8e0db2c12c] [REQUEST][START] GET /fine.php

[1 occurrence(s)]
DEBUG --> [REQ_ID=9a8e0db2c12c] [REQUEST][END]

[1 occurrence(s)]
DEBUG --> [REQ_ID=613f57f4217f] [REQUEST][START] GET /hplfuns.php

[1 occurrence(s)]
DEBUG --> [REQ_ID=613f57f4217f] [REQUEST][END]

[1 occurrence(s)]
DEBUG --> [REQ_ID=8ea10b7f3e4c] [REQUEST][START] GET /xa.php

[1 occurrence(s)]
DEBUG --> [REQ_ID=8ea10b7f3e4c] [REQUEST][END]

[1 occurrence(s)]
DEBUG --> [REQ_ID=a33bc843d919] [REQUEST][START] GET /admin.php

[1 occurrence(s)]
DEBUG --> [REQ_ID=a33bc843d919] [REQUEST][END]

[1 occurrence(s)]
DEBUG --> [REQ_ID=98c462c47e3c] [REQUEST][START] GET /inege.php

[1 occurrence(s)]
DEBUG --> [REQ_ID=98c462c47e3c] [REQUEST][END]

[1 occurrence(s)]
DEBUG --> [REQ_ID=159e97622c1d] [REQUEST][START] GET /uuu.php

[1 occurrence(s)]
DEBUG --> [REQ_ID=159e97622c1d] [REQUEST][END]

[1 occurrence(s)]
DEBUG --> [REQ_ID=50d98b45aec9] [REQUEST][START] GET /no1.php

[1 occurrence(s)]
DEBUG --> [REQ_ID=50d98b45aec9] [REQUEST][END]

[1 occurrence(s)]
DEBUG --> [REQ_ID=bf6f961a19be] [REQUEST][START] GET /w2025.php

[1 occurrence(s)]
DEBUG --> [REQ_ID=bf6f961a19be] [REQUEST][END]

[1 occurrence(s)]
DEBUG --> [REQ_ID=6ec3576b15f3] [REQUEST][START] GET /fvvff.php

[1 occurrence(s)]
DEBUG --> [REQ_ID=6ec3576b15f3] [REQUEST][END]

[1 occurrence(s)]
DEBUG --> [REQ_ID=26a0844ad0cc] [REQUEST][START] GET /a2.php

[1 occurrence(s)]
DEBUG --> [REQ_ID=26a0844ad0cc] [REQUEST][END]

[1 occurrence(s)]
DEBUG --> [REQ_ID=45f0c3f6caf7] [REQUEST][START] GET /edit.php

[1 occurrence(s)]
DEBUG --> [REQ_ID=45f0c3f6caf7] [REQUEST][END]

[1 occurrence(s)]
DEBUG --> [REQ_ID=7e1ca5706042] [REQUEST][START] GET /ioxi-o.php

[1 occurrence(s)]
DEBUG --> [REQ_ID=7e1ca5706042] [REQUEST][END]

[1 occurrence(s)]
DEBUG --> [REQ_ID=995b92805ee8] [REQUEST][START] GET /wp-content/admin.php

[1 occurrence(s)]
DEBUG --> [REQ_ID=995b92805ee8] [REQUEST][END]

[1 occurrence(s)]
DEBUG --> [REQ_ID=b08c9c2b6fab] [REQUEST][START] GET /66.php

[1 occurrence(s)]
DEBUG --> [REQ_ID=b08c9c2b6fab] [REQUEST][END]

[1 occurrence(s)]
DEBUG --> [REQ_ID=94e73da8eaaf] [REQUEST][START] GET /a5.php

[1 occurrence(s)]
DEBUG --> [REQ_ID=94e73da8eaaf] [REQUEST][END]

[1 occurrence(s)]
DEBUG --> [REQ_ID=b057bd429dbe] [REQUEST][START] GET /ol.php

[1 occurrence(s)]
DEBUG --> [REQ_ID=b057bd429dbe] [REQUEST][END]

[1 occurrence(s)]
DEBUG --> [REQ_ID=3e4b5fb21d94] [REQUEST][START] GET /f6.php

[1 occurrence(s)]
DEBUG --> [REQ_ID=3e4b5fb21d94] [REQUEST][END]

[1 occurrence(s)]
DEBUG --> [REQ_ID=f243658a79af] [REQUEST][START] GET /inputs.php

[1 occurrence(s)]
DEBUG --> [REQ_ID=f243658a79af] [REQUEST][END]

[1 occurrence(s)]
DEBUG --> [REQ_ID=80f3271bd0a1] [REQUEST][START] GET /style.php

[1 occurrence(s)]
DEBUG --> [REQ_ID=80f3271bd0a1] [REQUEST][END]

[1 occurrence(s)]
DEBUG --> [REQ_ID=82e09b2d0f9b] [REQUEST][START] GET /av.php

[1 occurrence(s)]
DEBUG --> [REQ_ID=82e09b2d0f9b] [REQUEST][END]

[1 occurrence(s)]
DEBUG --> [REQ_ID=3499d7b6a958] [REQUEST][START] GET /wp-admin/css/bolt.php

[1 occurrence(s)]
DEBUG --> [REQ_ID=3499d7b6a958] [REQUEST][END]

[1 occurrence(s)]
DEBUG --> [REQ_ID=61d49fbdf35e] [REQUEST][START] GET /wp-act.php

[1 occurrence(s)]
DEBUG --> [REQ_ID=61d49fbdf35e] [REQUEST][END]

[1 occurrence(s)]
DEBUG --> [REQ_ID=7f3114b486e3] [REQUEST][START] GET /classwithtostring.php?p=

[1 occurrence(s)]
DEBUG --> [REQ_ID=7f3114b486e3] [REQUEST][END]

[1 occurrence(s)]
DEBUG --> [REQ_ID=1c6c27bd5c10] [REQUEST][START] GET /wp-content/themes/index.php

[1 occurrence(s)]
DEBUG --> [REQ_ID=1c6c27bd5c10] [REQUEST][END]

[1 occurrence(s)]
DEBUG --> [REQ_ID=7c0a457855db] [REQUEST][START] GET /sbhu.php

[1 occurrence(s)]
DEBUG --> [REQ_ID=7c0a457855db] [REQUEST][END]

[1 occurrence(s)]
DEBUG --> [REQ_ID=05f5c64a1d35] [REQUEST][START] GET /wp-blog.php

[1 occurrence(s)]
DEBUG --> [REQ_ID=05f5c64a1d35] [REQUEST][END]

[1 occurrence(s)]
DEBUG --> [REQ_ID=9e76d6fd8765] [REQUEST][START] GET /wp-includes/js/jquery

[1 occurrence(s)]
DEBUG --> [REQ_ID=9e76d6fd8765] [REQUEST][END]

[1 occurrence(s)]
DEBUG --> [REQ_ID=f84a03c86d16] [REQUEST][START] GET /wp-content/admin.php

[1 occurrence(s)]
DEBUG --> [REQ_ID=f84a03c86d16] [REQUEST][END]

[1 occurrence(s)]
DEBUG --> [REQ_ID=e2fc1a96d35e] [REQUEST][START] GET /ms-edit.php

[1 occurrence(s)]
DEBUG --> [REQ_ID=e2fc1a96d35e] [REQUEST][END]

[1 occurrence(s)]
DEBUG --> [REQ_ID=5f5980e91748] [REQUEST][START] GET /adminfuns.php

[1 occurrence(s)]
DEBUG --> [REQ_ID=5f5980e91748] [REQUEST][END]

[1 occurrence(s)]
DEBUG --> [REQ_ID=2e7e4f25a5ce] [REQUEST][START] GET /goods.php

[1 occurrence(s)]
DEBUG --> [REQ_ID=2e7e4f25a5ce] [REQUEST][END]

[1 occurrence(s)]
DEBUG --> [REQ_ID=8f58ad756062] [REQUEST][START] GET /ms-edit.php

[1 occurrence(s)]
DEBUG --> [REQ_ID=8f58ad756062] [REQUEST][END]

[1 occurrence(s)]
DEBUG --> [REQ_ID=ccb3ce1b39c9] [REQUEST][START] GET /222.php

[1 occurrence(s)]
DEBUG --> [REQ_ID=ccb3ce1b39c9] [REQUEST][END]

[1 occurrence(s)]
DEBUG --> [REQ_ID=6888cbd94504] [REQUEST][START] GET /cgi-bin/index.php

[1 occurrence(s)]
DEBUG --> [REQ_ID=6888cbd94504] [REQUEST][END]

[1 occurrence(s)]
DEBUG --> [REQ_ID=dfe04cc9ec8a] [REQUEST][START] GET /fff.php

[1 occurrence(s)]
DEBUG --> [REQ_ID=dfe04cc9ec8a] [REQUEST][END]

[1 occurrence(s)]
DEBUG --> [REQ_ID=3a23525cad31] [REQUEST][START] GET /wp-content

[1 occurrence(s)]
DEBUG --> [REQ_ID=3a23525cad31] [REQUEST][END]

[1 occurrence(s)]
DEBUG --> [REQ_ID=a8a09abbedbf] [REQUEST][START] GET /makeasmtp.php?p=

[1 occurrence(s)]
DEBUG --> [REQ_ID=a8a09abbedbf] [REQUEST][END]

[1 occurrence(s)]
DEBUG --> [REQ_ID=4c49ca412381] [REQUEST][START] GET /admin1.php

[1 occurrence(s)]
DEBUG --> [REQ_ID=4c49ca412381] [REQUEST][END]

[1 occurrence(s)]
DEBUG --> [REQ_ID=c8a10c240490] [REQUEST][START] GET /wp-includes/css/dist

[1 occurrence(s)]
DEBUG --> [REQ_ID=c8a10c240490] [REQUEST][END]

[1 occurrence(s)]
DEBUG --> [REQ_ID=2b6f6fad5ed4] [REQUEST][START] GET /BDKR28WP.php

[1 occurrence(s)]
DEBUG --> [REQ_ID=2b6f6fad5ed4] [REQUEST][END]

[1 occurrence(s)]
DEBUG --> [REQ_ID=c5674a33d113] [REQUEST][START] GET /wp-includes/l10n

[1 occurrence(s)]
DEBUG --> [REQ_ID=c5674a33d113] [REQUEST][END]

[1 occurrence(s)]
DEBUG --> [REQ_ID=c4cde7975a91] [REQUEST][START] GET /wp-content/uploads

[1 occurrence(s)]
DEBUG --> [REQ_ID=c4cde7975a91] [REQUEST][END]

[1 occurrence(s)]
DEBUG --> [REQ_ID=c8a18b6e4541] [REQUEST][START] GET /wp.php

[1 occurrence(s)]
DEBUG --> [REQ_ID=c8a18b6e4541] [REQUEST][END]

[1 occurrence(s)]
DEBUG --> [REQ_ID=31fcde77d31f] [REQUEST][START] GET /wp-admin/js/fi.php

[1 occurrence(s)]
DEBUG --> [REQ_ID=31fcde77d31f] [REQUEST][END]

[1 occurrence(s)]
DEBUG --> [REQ_ID=5fb45851edf0] [REQUEST][START] GET /fe5.php

[1 occurrence(s)]
DEBUG --> [REQ_ID=5fb45851edf0] [REQUEST][END]

[1 occurrence(s)]
DEBUG --> [REQ_ID=ba421d971299] [REQUEST][START] GET /wp-content/uploads/2021/02/index.php

[1 occurrence(s)]
DEBUG --> [REQ_ID=ba421d971299] [REQUEST][END]

[1 occurrence(s)]
DEBUG --> [REQ_ID=b8e17ecf7c47] [REQUEST][START] GET /av.php

[1 occurrence(s)]
DEBUG --> [REQ_ID=b8e17ecf7c47] [REQUEST][END]

[1 occurrence(s)]
DEBUG --> [REQ_ID=901e06eb2657] [REQUEST][START] GET /abcd.php

[1 occurrence(s)]
DEBUG --> [REQ_ID=901e06eb2657] [REQUEST][END]

[1 occurrence(s)]
DEBUG --> [REQ_ID=9a2ec91bf5a7] [REQUEST][START] GET /a1.php

[1 occurrence(s)]
DEBUG --> [REQ_ID=9a2ec91bf5a7] [REQUEST][END]

[1 occurrence(s)]
DEBUG --> [REQ_ID=60da8c896023] [REQUEST][START] GET /update/f35.php

[1 occurrence(s)]
DEBUG --> [REQ_ID=60da8c896023] [REQUEST][END]

[1 occurrence(s)]
DEBUG --> [REQ_ID=3e9cd2add20c] [REQUEST][START] GET /wp-includes/Text/Diff/Engine/about.php

[1 occurrence(s)]
DEBUG --> [REQ_ID=3e9cd2add20c] [REQUEST][END]

[1 occurrence(s)]
DEBUG --> [REQ_ID=fbfe7c4516fe] [REQUEST][START] GET /f35.php

[1 occurrence(s)]
DEBUG --> [REQ_ID=fbfe7c4516fe] [REQUEST][END]

[1 occurrence(s)]
DEBUG --> [REQ_ID=6d58ba58317a] [REQUEST][START] GET /wp-includes/css/index.php?p=

[1 occurrence(s)]
DEBUG --> [REQ_ID=6d58ba58317a] [REQUEST][END]

[1 occurrence(s)]
DEBUG --> [REQ_ID=2ea7349c06ea] [REQUEST][START] GET /wp-includes/SimplePie

[1 occurrence(s)]
DEBUG --> [REQ_ID=2ea7349c06ea] [REQUEST][END]

[1 occurrence(s)]
DEBUG --> [REQ_ID=d95c405f3a55] [REQUEST][START] GET /k.php

[1 occurrence(s)]
DEBUG --> [REQ_ID=d95c405f3a55] [REQUEST][END]

[1 occurrence(s)]
DEBUG --> [REQ_ID=5ec286ab0cdf] [REQUEST][START] GET /bal.php

[1 occurrence(s)]
DEBUG --> [REQ_ID=5ec286ab0cdf] [REQUEST][END]

[1 occurrence(s)]
DEBUG --> [REQ_ID=727771a3fa77] [REQUEST][START] GET /in.php

[1 occurrence(s)]
DEBUG --> [REQ_ID=727771a3fa77] [REQUEST][END]

[1 occurrence(s)]
DEBUG --> [REQ_ID=5080251224bf] [REQUEST][START] GET /gssdd.php

[1 occurrence(s)]
DEBUG --> [REQ_ID=5080251224bf] [REQUEST][END]

[1 occurrence(s)]
DEBUG --> [REQ_ID=30d5cd00732a] [REQUEST][START] GET /cgi-bin/admin.php

[1 occurrence(s)]
DEBUG --> [REQ_ID=30d5cd00732a] [REQUEST][END]

[1 occurrence(s)]
DEBUG --> [REQ_ID=82fd4b2fa6fd] [REQUEST][START] GET /bs1.php

[1 occurrence(s)]
DEBUG --> [REQ_ID=82fd4b2fa6fd] [REQUEST][END]

[1 occurrence(s)]
DEBUG --> [REQ_ID=6b217c2a8ac1] [REQUEST][START] GET /wp-content/plugins/pwnd/as.php

[1 occurrence(s)]
DEBUG --> [REQ_ID=6b217c2a8ac1] [REQUEST][END]

[1 occurrence(s)]
DEBUG --> [REQ_ID=e21bc44d73f9] [REQUEST][START] GET /axx.php

[1 occurrence(s)]
DEBUG --> [REQ_ID=e21bc44d73f9] [REQUEST][END]

[1 occurrence(s)]
DEBUG --> [REQ_ID=4c905f9d77e5] [REQUEST][START] GET /gettest.php

[1 occurrence(s)]
DEBUG --> [REQ_ID=4c905f9d77e5] [REQUEST][END]

[1 occurrence(s)]
DEBUG --> [REQ_ID=3caf5f3d51e7] [REQUEST][START] GET /acp.php

[1 occurrence(s)]
DEBUG --> [REQ_ID=3caf5f3d51e7] [REQUEST][END]

[1 occurrence(s)]
DEBUG --> [REQ_ID=e53e24e754ac] [REQUEST][START] GET /file48.php

[1 occurrence(s)]
DEBUG --> [REQ_ID=e53e24e754ac] [REQUEST][END]

[1 occurrence(s)]
DEBUG --> [REQ_ID=8b32f93aaa15] [REQUEST][START] GET /wp-content

[1 occurrence(s)]
DEBUG --> [REQ_ID=8b32f93aaa15] [REQUEST][END]

[1 occurrence(s)]
DEBUG --> [REQ_ID=325800b08679] [REQUEST][START] GET /simple.php

[1 occurrence(s)]
DEBUG --> [REQ_ID=325800b08679] [REQUEST][END]

[1 occurrence(s)]
DEBUG --> [REQ_ID=fc98b2fc854b] [REQUEST][START] GET /drykl.php

[1 occurrence(s)]
DEBUG --> [REQ_ID=fc98b2fc854b] [REQUEST][END]

[1 occurrence(s)]
DEBUG --> [REQ_ID=9515372b7b7c] [REQUEST][START] GET /xxx.php

[1 occurrence(s)]
DEBUG --> [REQ_ID=9515372b7b7c] [REQUEST][END]

[1 occurrence(s)]
DEBUG --> [REQ_ID=9e7232b12dd9] [REQUEST][START] GET /hypo.php

[1 occurrence(s)]
DEBUG --> [REQ_ID=9e7232b12dd9] [REQUEST][END]

[1 occurrence(s)]
DEBUG --> [REQ_ID=7434353e23a7] [REQUEST][START] GET /file18.php

[1 occurrence(s)]
DEBUG --> [REQ_ID=7434353e23a7] [REQUEST][END]

[1 occurrence(s)]
DEBUG --> [REQ_ID=92d4b0bd0ff5] [REQUEST][START] GET /xwx1.php

[1 occurrence(s)]
DEBUG --> [REQ_ID=92d4b0bd0ff5] [REQUEST][END]

[1 occurrence(s)]
DEBUG --> [REQ_ID=2e8f57eabe5b] [REQUEST][START] GET /wp-admin/css/colors/blue

[1 occurrence(s)]
DEBUG --> [REQ_ID=2e8f57eabe5b] [REQUEST][END]

[1 occurrence(s)]
DEBUG --> [REQ_ID=c286c4501547] [REQUEST][START] GET /chosen.php

[1 occurrence(s)]
DEBUG --> [REQ_ID=c286c4501547] [REQUEST][END]

[1 occurrence(s)]
DEBUG --> [REQ_ID=ca5c974468b4] [REQUEST][START] GET /index.php/Alerts

[1 occurrence(s)]
DEBUG --> [REQ_ID=ca5c974468b4] [REQUEST][END]

[1 occurrence(s)]
DEBUG --> [REQ_ID=362d5af9c2f3] [REQUEST][START] GET /Exchange/Solana/Wallet/Solflare

[1 occurrence(s)]
DEBUG --> [REQ_ID=362d5af9c2f3] [REQUEST][END]

[1 occurrence(s)]
DEBUG --> [REQ_ID=aa1b726f664f] [REQUEST][START] GET /index.php/API/Management/Run-CRON-Tasks

[1 occurrence(s)]
DEBUG --> [REQ_ID=aa1b726f664f] [FILTER_BEFORE] /index.php/API/Management/Run-CRON-Tasks

[1 occurrence(s)]
DEBUG --> [REQ_ID=aa1b726f664f] [ROUTE] Controller=\App\Modules\APIs\Controllers\ManagementAPIController Method=Run_CRON_Tasks

[1 occurrence(s)]
DEBUG --> [REQ_ID=aa1b726f664f] [LIFECYCLE][START] GET https://www.mymiwallet.com/index.php/API/Management/Run-CRON-Tasks

[1 occurrence(s)]
DEBUG --> [REQ_ID=aa1b726f664f] [REQUEST][END]

[1 occurrence(s)]
DEBUG --> [REQ_ID=860d6574cfab] [REQUEST][START] GET /index.php/Management/Budgeting

[1 occurrence(s)]
DEBUG --> [REQ_ID=860d6574cfab] [FILTER_BEFORE] /index.php/Management/Budgeting

[1 occurrence(s)]
DEBUG --> [REQ_ID=860d6574cfab] [ROUTE] Controller=\App\Modules\Management\Controllers\BudgetingAdminController Method=index

[1 occurrence(s)]
DEBUG --> [REQ_ID=860d6574cfab] [LIFECYCLE][START] GET https://www.mymiwallet.com/index.php/Management/Budgeting

[2 occurrence(s)]
DEBUG --> [CSRF] token name=csrf_test_name hash=265013b9c6eaa073e6ad9da5878c4ff0

[1 occurrence(s)]
DEBUG --> [REQ_ID=860d6574cfab] [REQUEST][END]

[1 occurrence(s)]
DEBUG --> [REQ_ID=e95fb77546c7] [REQUEST][START] GET /index.php/login

[1 occurrence(s)]
DEBUG --> [REQ_ID=e95fb77546c7] [FILTER_BEFORE] /index.php/login

[1 occurrence(s)]
DEBUG --> [REQ_ID=e95fb77546c7] [ROUTE] Controller=\App\Controllers\AuthController Method=login

[1 occurrence(s)]
DEBUG --> [REQ_ID=e95fb77546c7] [LIFECYCLE][START] GET https://www.mymiwallet.com/index.php/login

[1 occurrence(s)]
DEBUG --> [REQ_ID=06d238289c38] [INIT] App\Controllers\AuthController::GET

[1 occurrence(s)]
DEBUG --> [AUTH_LOGIN_VIEW_REDIRECT_URL] /Management/Budgeting

[1 occurrence(s)]
DEBUG --> [REQ_ID=e95fb77546c7] [FILTER_AFTER]

[1 occurrence(s)]
DEBUG --> [REQ_ID=e95fb77546c7] [LIFECYCLE][END] status=200 duration_ms=140.85 memory_delta=2097152

[1 occurrence(s)]
DEBUG --> [REQ_ID=e95fb77546c7] [REQUEST][END]

[1 occurrence(s)]
DEBUG --> [REQ_ID=8e0239cabaa0] [REQUEST][START] GET /index.php/API/Alerts/fetchEmailAlerts

[1 occurrence(s)]
DEBUG --> [REQ_ID=8e0239cabaa0] [FILTER_BEFORE] /index.php/API/Alerts/fetchEmailAlerts

[1 occurrence(s)]
DEBUG --> [REQ_ID=8e0239cabaa0] [ROUTE] Controller=\App\Modules\APIs\Controllers\AlertsAPIController Method=fetchEmailAlerts

[1 occurrence(s)]
DEBUG --> [REQ_ID=8e0239cabaa0] [LIFECYCLE][START] GET https://www.mymiwallet.com/index.php/API/Alerts/fetchEmailAlerts

[1 occurrence(s)]
DEBUG --> [REQ_ID=8e0239cabaa0] [REQUEST][END]

[1 occurrence(s)]
DEBUG --> [REQ_ID=55e02d059799] [REQUEST][START] GET /

[1 occurrence(s)]
DEBUG --> [REQ_ID=55e02d059799] [FILTER_BEFORE] /

[1 occurrence(s)]
DEBUG --> [REQ_ID=55e02d059799] [ROUTE] Controller=\App\Controllers\Home Method=index

[1 occurrence(s)]
DEBUG --> [REQ_ID=55e02d059799] [LIFECYCLE][START] GET https://www.mymiwallet.com/index.php/

[1 occurrence(s)]
DEBUG --> [CSRF] token name=csrf_test_name hash=74415e56dee51cb662833249d6033051

[1 occurrence(s)]
DEBUG --> [REQ_ID=0e1587ca579e] [INIT] App\Controllers\Home::GET

[1 occurrence(s)]
DEBUG --> [REQ_ID=0e1587ca579e] [VIEW_RENDER] themes/public/home

[1 occurrence(s)]
DEBUG --> [REQ_ID=55e02d059799] [FILTER_AFTER]

[1 occurrence(s)]
DEBUG --> [REQ_ID=55e02d059799] [LIFECYCLE][END] status=200 duration_ms=629.13 memory_delta=4194304

[1 occurrence(s)]
DEBUG --> [REQ_ID=55e02d059799] [REQUEST][END]

[1 occurrence(s)]
DEBUG --> [REQ_ID=f6717f087ca2] [REQUEST][START] GET /index.php/forgot

[1 occurrence(s)]
DEBUG --> [REQ_ID=f6717f087ca2] [REQUEST][END]

[1 occurrence(s)]
DEBUG --> [REQ_ID=cf68638aa210] [REQUEST][START] GET /index.php/Account/Billing

[1 occurrence(s)]
DEBUG --> [REQ_ID=cf68638aa210] [FILTER_BEFORE] /index.php/Account/Billing

[1 occurrence(s)]
DEBUG --> [REQ_ID=cf68638aa210] [ROUTE] Controller=\App\Modules\User\Controllers\DashboardController Method=billing

[1 occurrence(s)]
DEBUG --> [REQ_ID=cf68638aa210] [LIFECYCLE][START] GET https://www.mymiwallet.com/index.php/Account/Billing

[1 occurrence(s)]
DEBUG --> [CSRF] token name=csrf_test_name hash=0f6b2fc5c68aaba9eb5d662bbc2b415a

[1 occurrence(s)]
DEBUG --> [REQ_ID=cf68638aa210] [REQUEST][END]

[1 occurrence(s)]
DEBUG --> [REQ_ID=f066855f89bb] [REQUEST][START] GET /index.php/login

[1 occurrence(s)]
DEBUG --> [REQ_ID=f066855f89bb] [FILTER_BEFORE] /index.php/login

[1 occurrence(s)]
DEBUG --> [REQ_ID=f066855f89bb] [ROUTE] Controller=\App\Controllers\AuthController Method=login

[1 occurrence(s)]
DEBUG --> [REQ_ID=f066855f89bb] [LIFECYCLE][START] GET https://www.mymiwallet.com/index.php/login

[1 occurrence(s)]
DEBUG --> [CSRF] token name=csrf_test_name hash=82229f09f684867b99db279010f84e43

[1 occurrence(s)]
DEBUG --> [REQ_ID=d4e2ac851e13] [INIT] App\Controllers\AuthController::GET

[1 occurrence(s)]
DEBUG --> [REQ_ID=f066855f89bb] [FILTER_AFTER]

[1 occurrence(s)]
DEBUG --> [REQ_ID=f066855f89bb] [LIFECYCLE][END] status=200 duration_ms=52.33 memory_delta=2097152

[1 occurrence(s)]
DEBUG --> [REQ_ID=f066855f89bb] [REQUEST][END]

[1 occurrence(s)]
DEBUG --> [REQ_ID=78ef756bb2fa] [REQUEST][START] GET /index.php/API/Management/Run-CRON-Tasks

[1 occurrence(s)]
DEBUG --> [REQ_ID=78ef756bb2fa] [FILTER_BEFORE] /index.php/API/Management/Run-CRON-Tasks

[1 occurrence(s)]
DEBUG --> [REQ_ID=78ef756bb2fa] [ROUTE] Controller=\App\Modules\APIs\Controllers\ManagementAPIController Method=Run_CRON_Tasks

[1 occurrence(s)]
DEBUG --> [REQ_ID=78ef756bb2fa] [LIFECYCLE][START] GET https://www.mymiwallet.com/index.php/API/Management/Run-CRON-Tasks

[1 occurrence(s)]
DEBUG --> [REQ_ID=78ef756bb2fa] [REQUEST][END]

[1 occurrence(s)]
DEBUG --> [REQ_ID=7983f80395c9] [REQUEST][START] GET /index.php/Preview/Alert/NASDAQ-GUTS

[1 occurrence(s)]
DEBUG --> [REQ_ID=7983f80395c9] [FILTER_BEFORE] /index.php/Preview/Alert/NASDAQ-GUTS

[1 occurrence(s)]
DEBUG --> [REQ_ID=7983f80395c9] [ROUTE] Controller=\App\Modules\User\Controllers\AlertsController Method=preview

[1 occurrence(s)]
DEBUG --> [REQ_ID=7983f80395c9] [LIFECYCLE][START] GET https://www.mymiwallet.com/index.php/Preview/Alert/NASDAQ-GUTS

[1 occurrence(s)]
DEBUG --> [CSRF] token name=csrf_test_name hash=ac1850926610a952dfee37e64b8a7c29

[1 occurrence(s)]
DEBUG --> [REQ_ID=d0a819fec2d8] [INIT] App\Modules\User\Controllers\AlertsController::GET

[1 occurrence(s)]
DEBUG --> [REQ_ID=d0a819fec2d8] [METHOD_ENTRY] preview

[1 occurrence(s)]
DEBUG --> MyMIUser L52 - initialized (first log).

[3 occurrence(s)]
DEBUG --> [SERVICE] App\Services\BudgetService ::setUserId

[1 occurrence(s)]
DEBUG --> MyMICoin initialized ONCE

[1 occurrence(s)]
DEBUG --> MyMICoin: guest context detected; skipping user-specific preload.

[2 occurrence(s)]
DEBUG --> MyMIInvestments: no session user detected; skipping personalized hydration.

[1 occurrence(s)]
DEBUG --> MyMIMarketing: Pscrape library not installed; Google search scraping will use fallback.

[2 occurrence(s)]
DEBUG --> MyMIAlerts: no authenticated user context detected.

[1 occurrence(s)]
DEBUG --> TwelveData batch response error: **symbol** or **figi** parameter is missing or invalid. Please provide a valid symbol according to API documentation: https://twelvedata.com/docs#reference-data

[1 occurrence(s)]
DEBUG --> Marketstack fallback failed: 22 : The requested URL returned error: 403

[1 occurrence(s)]
DEBUG --> [REQ_ID=d0a819fec2d8] [VIEW_RENDER] themes/public/previewAlert

[1 occurrence(s)]
DEBUG --> [REQ_ID=7983f80395c9] [FILTER_AFTER]

[1 occurrence(s)]
DEBUG --> [REQ_ID=7983f80395c9] [LIFECYCLE][END] status=200 duration_ms=826.85 memory_delta=2097152

[1 occurrence(s)]
DEBUG --> [REQ_ID=7983f80395c9] [REQUEST][END]

[1 occurrence(s)]
DEBUG --> [REQ_ID=6b61ad9305e8] [REQUEST][START] GET /index.php/Management/Admin

[1 occurrence(s)]
DEBUG --> [REQ_ID=6b61ad9305e8] [FILTER_BEFORE] /index.php/Management/Admin

[1 occurrence(s)]
DEBUG --> [REQ_ID=6b61ad9305e8] [ROUTE] Controller=\App\Modules\Management\Controllers\ManagementAdminController Method=index

[1 occurrence(s)]
DEBUG --> [REQ_ID=6b61ad9305e8] [LIFECYCLE][START] GET https://www.mymiwallet.com/index.php/Management/Admin

[2 occurrence(s)]
DEBUG --> [CSRF] token name=csrf_test_name hash=c3c62cbc28af863f4082125f9e1b98b3

[1 occurrence(s)]
DEBUG --> [REQ_ID=6b61ad9305e8] [REQUEST][END]

[1 occurrence(s)]
DEBUG --> [REQ_ID=bd22dbf19397] [REQUEST][START] GET /index.php/login

[1 occurrence(s)]
DEBUG --> [REQ_ID=bd22dbf19397] [FILTER_BEFORE] /index.php/login

[1 occurrence(s)]
DEBUG --> [REQ_ID=bd22dbf19397] [ROUTE] Controller=\App\Controllers\AuthController Method=login

[1 occurrence(s)]
DEBUG --> [REQ_ID=bd22dbf19397] [LIFECYCLE][START] GET https://www.mymiwallet.com/index.php/login

[1 occurrence(s)]
DEBUG --> [REQ_ID=6aa29daf3e05] [INIT] App\Controllers\AuthController::GET

[1 occurrence(s)]
DEBUG --> [AUTH_LOGIN_VIEW_REDIRECT_URL] /Management/Admin

[1 occurrence(s)]
DEBUG --> [REQ_ID=bd22dbf19397] [FILTER_AFTER]

[1 occurrence(s)]
DEBUG --> [REQ_ID=bd22dbf19397] [LIFECYCLE][END] status=200 duration_ms=80.29 memory_delta=2097152

[1 occurrence(s)]
DEBUG --> [REQ_ID=bd22dbf19397] [REQUEST][END]

[1 occurrence(s)]
DEBUG --> [REQ_ID=6662c81b5211] [REQUEST][START] GET /index.php/API/Alerts/fetchEmailAlerts

[1 occurrence(s)]
DEBUG --> [REQ_ID=6662c81b5211] [FILTER_BEFORE] /index.php/API/Alerts/fetchEmailAlerts

[1 occurrence(s)]
DEBUG --> [REQ_ID=6662c81b5211] [ROUTE] Controller=\App\Modules\APIs\Controllers\AlertsAPIController Method=fetchEmailAlerts

[1 occurrence(s)]
DEBUG --> [REQ_ID=6662c81b5211] [LIFECYCLE][START] GET https://www.mymiwallet.com/index.php/API/Alerts/fetchEmailAlerts

[1 occurrence(s)]
DEBUG --> [REQ_ID=6662c81b5211] [REQUEST][END]

[1 occurrence(s)]
DEBUG --> [REQ_ID=a7b2f2c5968d] [REQUEST][START] HEAD /

[1 occurrence(s)]
DEBUG --> [REQ_ID=a7b2f2c5968d] [REQUEST][END]

[1 occurrence(s)]
DEBUG --> [REQ_ID=448a6910d2e0] [REQUEST][START] GET /

[1 occurrence(s)]
DEBUG --> [REQ_ID=448a6910d2e0] [FILTER_BEFORE] /

[1 occurrence(s)]
DEBUG --> [REQ_ID=448a6910d2e0] [ROUTE] Controller=\App\Controllers\Home Method=index

[1 occurrence(s)]
DEBUG --> [REQ_ID=448a6910d2e0] [LIFECYCLE][START] GET https://www.mymiwallet.com/index.php/

[1 occurrence(s)]
DEBUG --> [CSRF] token name=csrf_test_name hash=497999f14e9ef7958dd2661ff2d1d6c1

[1 occurrence(s)]
DEBUG --> [REQ_ID=828058c5bae5] [INIT] App\Controllers\Home::GET

[1 occurrence(s)]
DEBUG --> [REQ_ID=828058c5bae5] [VIEW_RENDER] themes/public/home

[1 occurrence(s)]
DEBUG --> [REQ_ID=448a6910d2e0] [FILTER_AFTER]

[1 occurrence(s)]
DEBUG --> [REQ_ID=448a6910d2e0] [LIFECYCLE][END] status=200 duration_ms=702.51 memory_delta=4194304

[1 occurrence(s)]
DEBUG --> [REQ_ID=448a6910d2e0] [REQUEST][END]

[1 occurrence(s)]
DEBUG --> [REQ_ID=fef618e96ceb] [REQUEST][START] GET /Apex/register

[1 occurrence(s)]
DEBUG --> [REQ_ID=fef618e96ceb] [REQUEST][END]

[1 occurrence(s)]
DEBUG --> [REQ_ID=f325b87ceddf] [REQUEST][START] GET /index.php/Management/Assets

[1 occurrence(s)]
DEBUG --> [REQ_ID=f325b87ceddf] [FILTER_BEFORE] /index.php/Management/Assets

[1 occurrence(s)]
DEBUG --> [REQ_ID=f325b87ceddf] [ROUTE] Controller=\App\Modules\Management\Controllers\AssetsAdminController Method=index

[1 occurrence(s)]
DEBUG --> [REQ_ID=f325b87ceddf] [LIFECYCLE][START] GET https://www.mymiwallet.com/index.php/Management/Assets

[2 occurrence(s)]
DEBUG --> [CSRF] token name=csrf_test_name hash=53f01b0f5abf7050a567e7ef2b2768e2

[1 occurrence(s)]
DEBUG --> [REQ_ID=f325b87ceddf] [REQUEST][END]

[1 occurrence(s)]
DEBUG --> [REQ_ID=a0c56484f346] [REQUEST][START] GET /index.php/login

[1 occurrence(s)]
DEBUG --> [REQ_ID=a0c56484f346] [FILTER_BEFORE] /index.php/login

[1 occurrence(s)]
DEBUG --> [REQ_ID=a0c56484f346] [ROUTE] Controller=\App\Controllers\AuthController Method=login

[1 occurrence(s)]
DEBUG --> [REQ_ID=a0c56484f346] [LIFECYCLE][START] GET https://www.mymiwallet.com/index.php/login

[1 occurrence(s)]
DEBUG --> [REQ_ID=489022b4881b] [INIT] App\Controllers\AuthController::GET

[1 occurrence(s)]
DEBUG --> [AUTH_LOGIN_VIEW_REDIRECT_URL] /Management/Assets

[1 occurrence(s)]
DEBUG --> [REQ_ID=a0c56484f346] [FILTER_AFTER]

[1 occurrence(s)]
DEBUG --> [REQ_ID=a0c56484f346] [LIFECYCLE][END] status=200 duration_ms=183.28 memory_delta=0

[1 occurrence(s)]
DEBUG --> [REQ_ID=a0c56484f346] [REQUEST][END]

[1 occurrence(s)]
DEBUG --> [REQ_ID=511f42885789] [REQUEST][START] GET /index.php/Management/Projects

[1 occurrence(s)]
DEBUG --> [REQ_ID=511f42885789] [FILTER_BEFORE] /index.php/Management/Projects

[1 occurrence(s)]
DEBUG --> [REQ_ID=511f42885789] [ROUTE] Controller=\App\Modules\Management\Controllers\ProjectsController Method=index

[1 occurrence(s)]
DEBUG --> [REQ_ID=511f42885789] [LIFECYCLE][START] GET https://www.mymiwallet.com/index.php/Management/Projects

[2 occurrence(s)]
DEBUG --> [CSRF] token name=csrf_test_name hash=28d6c8764daceb985249701bbef770bb

[1 occurrence(s)]
DEBUG --> [REQ_ID=511f42885789] [REQUEST][END]

[1 occurrence(s)]
DEBUG --> [REQ_ID=de0e499ec198] [REQUEST][START] GET /index.php/login

[1 occurrence(s)]
DEBUG --> [REQ_ID=de0e499ec198] [FILTER_BEFORE] /index.php/login

[1 occurrence(s)]
DEBUG --> [REQ_ID=de0e499ec198] [ROUTE] Controller=\App\Controllers\AuthController Method=login

[1 occurrence(s)]
DEBUG --> [REQ_ID=de0e499ec198] [LIFECYCLE][START] GET https://www.mymiwallet.com/index.php/login

[1 occurrence(s)]
DEBUG --> [REQ_ID=25ee71422961] [INIT] App\Controllers\AuthController::GET

[1 occurrence(s)]
DEBUG --> [AUTH_LOGIN_VIEW_REDIRECT_URL] /Management/Projects

[1 occurrence(s)]
DEBUG --> [REQ_ID=de0e499ec198] [FILTER_AFTER]

[1 occurrence(s)]
DEBUG --> [REQ_ID=de0e499ec198] [LIFECYCLE][END] status=200 duration_ms=65.21 memory_delta=2097152

[1 occurrence(s)]
DEBUG --> [REQ_ID=de0e499ec198] [REQUEST][END]

[1 occurrence(s)]
DEBUG --> [REQ_ID=0b6e8103d7fe] [REQUEST][START] GET /index.php/Privacy-Policy

[1 occurrence(s)]
DEBUG --> [REQ_ID=0b6e8103d7fe] [REQUEST][END]

[1 occurrence(s)]
DEBUG --> [REQ_ID=9889f16b1dc4] [REQUEST][START] GET /index.php/API/Management/Run-CRON-Tasks

[1 occurrence(s)]
DEBUG --> [REQ_ID=9889f16b1dc4] [FILTER_BEFORE] /index.php/API/Management/Run-CRON-Tasks

[1 occurrence(s)]
DEBUG --> [REQ_ID=9889f16b1dc4] [ROUTE] Controller=\App\Modules\APIs\Controllers\ManagementAPIController Method=Run_CRON_Tasks

[1 occurrence(s)]
DEBUG --> [REQ_ID=9889f16b1dc4] [LIFECYCLE][START] GET https://www.mymiwallet.com/index.php/API/Management/Run-CRON-Tasks

[1 occurrence(s)]
DEBUG --> [REQ_ID=9889f16b1dc4] [REQUEST][END]

[1 occurrence(s)]
DEBUG --> [REQ_ID=06c1e0fe6d42] [REQUEST][START] GET /index.php/Account/Billing

[1 occurrence(s)]
DEBUG --> [REQ_ID=06c1e0fe6d42] [FILTER_BEFORE] /index.php/Account/Billing

[1 occurrence(s)]
DEBUG --> [REQ_ID=06c1e0fe6d42] [ROUTE] Controller=\App\Modules\User\Controllers\DashboardController Method=billing

[1 occurrence(s)]
DEBUG --> [REQ_ID=06c1e0fe6d42] [LIFECYCLE][START] GET https://www.mymiwallet.com/index.php/Account/Billing

[2 occurrence(s)]
DEBUG --> [CSRF] token name=csrf_test_name hash=8bf02154d73567214f5fc940f994b3e4

[1 occurrence(s)]
DEBUG --> [REQ_ID=06c1e0fe6d42] [REQUEST][END]

[1 occurrence(s)]
DEBUG --> [REQ_ID=47f8b6c62bed] [REQUEST][START] GET /index.php/login

[1 occurrence(s)]
DEBUG --> [REQ_ID=47f8b6c62bed] [FILTER_BEFORE] /index.php/login

[1 occurrence(s)]
DEBUG --> [REQ_ID=47f8b6c62bed] [ROUTE] Controller=\App\Controllers\AuthController Method=login

[1 occurrence(s)]
DEBUG --> [REQ_ID=47f8b6c62bed] [LIFECYCLE][START] GET https://www.mymiwallet.com/index.php/login

[1 occurrence(s)]
DEBUG --> [REQ_ID=4c9e8a9a2e2f] [INIT] App\Controllers\AuthController::GET

[1 occurrence(s)]
DEBUG --> [AUTH_LOGIN_VIEW_REDIRECT_URL] /Account/Billing

[1 occurrence(s)]
DEBUG --> [REQ_ID=47f8b6c62bed] [FILTER_AFTER]

[1 occurrence(s)]
DEBUG --> [REQ_ID=47f8b6c62bed] [LIFECYCLE][END] status=200 duration_ms=66.46 memory_delta=2097152

[1 occurrence(s)]
DEBUG --> [REQ_ID=47f8b6c62bed] [REQUEST][END]

[1 occurrence(s)]
DEBUG --> [REQ_ID=7936dedd5cf2] [REQUEST][START] GET /index.php/API/Alerts/fetchEmailAlerts

[1 occurrence(s)]
DEBUG --> [REQ_ID=7936dedd5cf2] [FILTER_BEFORE] /index.php/API/Alerts/fetchEmailAlerts

[1 occurrence(s)]
DEBUG --> [REQ_ID=7936dedd5cf2] [ROUTE] Controller=\App\Modules\APIs\Controllers\AlertsAPIController Method=fetchEmailAlerts

[1 occurrence(s)]
DEBUG --> [REQ_ID=7936dedd5cf2] [LIFECYCLE][START] GET https://www.mymiwallet.com/index.php/API/Alerts/fetchEmailAlerts

[1 occurrence(s)]
DEBUG --> [REQ_ID=7936dedd5cf2] [REQUEST][END]

[1 occurrence(s)]
DEBUG --> [REQ_ID=88e1910b6460] [REQUEST][START] GET /index.php/Terms-Of-Service

[1 occurrence(s)]
DEBUG --> [REQ_ID=88e1910b6460] [REQUEST][END]

[1 occurrence(s)]
DEBUG --> [REQ_ID=d564831668d7] [REQUEST][START] GET /index.php/Memberships/Customize

[1 occurrence(s)]
DEBUG --> [REQ_ID=d564831668d7] [REQUEST][END]

[1 occurrence(s)]
DEBUG --> [REQ_ID=e5e33865f369] [REQUEST][START] GET /index.php/Account/Security

[1 occurrence(s)]
DEBUG --> [REQ_ID=e5e33865f369] [FILTER_BEFORE] /index.php/Account/Security

[1 occurrence(s)]
DEBUG --> [REQ_ID=e5e33865f369] [ROUTE] Controller=\App\Modules\User\Controllers\DashboardController Method=Security

[1 occurrence(s)]
DEBUG --> [REQ_ID=e5e33865f369] [LIFECYCLE][START] GET https://www.mymiwallet.com/index.php/Account/Security

[2 occurrence(s)]
DEBUG --> [CSRF] token name=csrf_test_name hash=1a696e4e3790583eea7cfb8429af0efc

[1 occurrence(s)]
DEBUG --> [REQ_ID=e5e33865f369] [REQUEST][END]

[1 occurrence(s)]
DEBUG --> [REQ_ID=33df74c673e8] [REQUEST][START] GET /index.php/login

[1 occurrence(s)]
DEBUG --> [REQ_ID=33df74c673e8] [FILTER_BEFORE] /index.php/login

[1 occurrence(s)]
DEBUG --> [REQ_ID=33df74c673e8] [ROUTE] Controller=\App\Controllers\AuthController Method=login

[1 occurrence(s)]
DEBUG --> [REQ_ID=33df74c673e8] [LIFECYCLE][START] GET https://www.mymiwallet.com/index.php/login

[1 occurrence(s)]
DEBUG --> [REQ_ID=c8704b8e0eba] [INIT] App\Controllers\AuthController::GET

[1 occurrence(s)]
DEBUG --> [AUTH_LOGIN_VIEW_REDIRECT_URL] /Account/Security

[1 occurrence(s)]
DEBUG --> [REQ_ID=33df74c673e8] [FILTER_AFTER]

[1 occurrence(s)]
DEBUG --> [REQ_ID=33df74c673e8] [LIFECYCLE][END] status=200 duration_ms=113.02 memory_delta=2097152

[1 occurrence(s)]
DEBUG --> [REQ_ID=33df74c673e8] [REQUEST][END]

[1 occurrence(s)]
DEBUG --> [REQ_ID=bf47fdfb5fc7] [REQUEST][START] GET /index.php/Wallets

[1 occurrence(s)]
DEBUG --> [REQ_ID=bf47fdfb5fc7] [FILTER_BEFORE] /index.php/Wallets

[1 occurrence(s)]
DEBUG --> [REQ_ID=bf47fdfb5fc7] [ROUTE] Controller=\App\Modules\User\Controllers\WalletsController Method=index

[1 occurrence(s)]
DEBUG --> [REQ_ID=bf47fdfb5fc7] [LIFECYCLE][START] GET https://www.mymiwallet.com/index.php/Wallets

[2 occurrence(s)]
DEBUG --> [CSRF] token name=csrf_test_name hash=7be02b0260c51911c890545b2c903a95

[1 occurrence(s)]
DEBUG --> [REQ_ID=bf47fdfb5fc7] [REQUEST][END]

[1 occurrence(s)]
DEBUG --> [REQ_ID=829eefdece57] [REQUEST][START] GET /index.php/login

[1 occurrence(s)]
DEBUG --> [REQ_ID=829eefdece57] [FILTER_BEFORE] /index.php/login

[1 occurrence(s)]
DEBUG --> [REQ_ID=829eefdece57] [ROUTE] Controller=\App\Controllers\AuthController Method=login

[1 occurrence(s)]
DEBUG --> [REQ_ID=829eefdece57] [LIFECYCLE][START] GET https://www.mymiwallet.com/index.php/login

[1 occurrence(s)]
DEBUG --> [REQ_ID=ed2d59100798] [INIT] App\Controllers\AuthController::GET

[1 occurrence(s)]
DEBUG --> [AUTH_LOGIN_VIEW_REDIRECT_URL] /Wallets

[1 occurrence(s)]
DEBUG --> [REQ_ID=829eefdece57] [FILTER_AFTER]

[1 occurrence(s)]
DEBUG --> [REQ_ID=829eefdece57] [LIFECYCLE][END] status=200 duration_ms=82.36 memory_delta=2097152

[1 occurrence(s)]
DEBUG --> [REQ_ID=829eefdece57] [REQUEST][END]

[1 occurrence(s)]
DEBUG --> [REQ_ID=6b732faf2084] [REQUEST][START] GET /index.php/Legal/Privacy-Policy

[1 occurrence(s)]
DEBUG --> [REQ_ID=6b732faf2084] [REQUEST][END]

[1 occurrence(s)]
DEBUG --> [REQ_ID=b37952b999b2] [REQUEST][START] GET /index.php/API/Management/Run-CRON-Tasks

[1 occurrence(s)]
DEBUG --> [REQ_ID=b37952b999b2] [FILTER_BEFORE] /index.php/API/Management/Run-CRON-Tasks

[1 occurrence(s)]
DEBUG --> [REQ_ID=b37952b999b2] [ROUTE] Controller=\App\Modules\APIs\Controllers\ManagementAPIController Method=Run_CRON_Tasks

[1 occurrence(s)]
DEBUG --> [REQ_ID=b37952b999b2] [LIFECYCLE][START] GET https://www.mymiwallet.com/index.php/API/Management/Run-CRON-Tasks

[1 occurrence(s)]
DEBUG --> [REQ_ID=b37952b999b2] [REQUEST][END]


---------------------------
LEVEL: INFO
---------------------------

[1 occurrence(s)]
INFO --> [REQ_ID=4b371ba7dd0c] [PERF] Execution time=0.087542

[1 occurrence(s)]
INFO --> [REQ_ID=43e30256c0f3] [PERF] Execution time=0.053189

[2 occurrence(s)]
INFO --> REDIRECTED ROUTE at https://www.mymiwallet.com/Investments/Trade-Tracker

[1 occurrence(s)]
INFO --> [REQ_ID=936573db1e64] [PERF] Execution time=0.040545

[1 occurrence(s)]
INFO --> [REQ_ID=763988bf947e] [PERF] Execution time=0.116308

[1 occurrence(s)]
INFO --> [REQ_ID=bbd033afe3fb] [MEMORY][controller-start] 4194304

[1 occurrence(s)]
INFO --> [REQ_ID=bbd033afe3fb] [MEMORY][commonData:start] 6291456

[1 occurrence(s)]
INFO --> [PERF][HOME] buildCommonData complete in 550.62ms

[1 occurrence(s)]
INFO --> [PERF][HOME] index commonData done in 551.06ms

[1 occurrence(s)]
INFO --> [REQ_ID=bbd033afe3fb] [MEMORY][commonData:start] 8388608

[8 occurrence(s)]
INFO --> themesMemory usage: 8388608

[1 occurrence(s)]
INFO --> [PERF][HOME] index renderTheme done in 29.08ms

[1 occurrence(s)]
INFO --> [REQ_ID=bbd033afe3fb] [PERF] Execution time=0.627914

[1 occurrence(s)]
INFO --> [REQ_ID=a9f8cae9f2e4] [PERF] Execution time=0.648975

[1 occurrence(s)]
INFO --> [REQ_ID=123bf9b1b9b4] [MEMORY][controller-start] 6291456

[1 occurrence(s)]
INFO --> [REQ_ID=123bf9b1b9b4] [MEMORY][commonData:start] 8388608

[1 occurrence(s)]
INFO --> [PERF][HOME] buildCommonData complete in 556.13ms

[1 occurrence(s)]
INFO --> [PERF][HOME] index commonData done in 556.61ms

[1 occurrence(s)]
INFO --> [REQ_ID=123bf9b1b9b4] [MEMORY][commonData:start] 10485760

[8 occurrence(s)]
INFO --> themesMemory usage: 10485760

[1 occurrence(s)]
INFO --> [PERF][HOME] index renderTheme done in 6.1ms

[1 occurrence(s)]
INFO --> [REQ_ID=123bf9b1b9b4] [PERF] Execution time=0.753666

[1 occurrence(s)]
INFO --> [REQ_ID=08c91837619b] [PERF] Execution time=0.799886

[1 occurrence(s)]
INFO --> [REQ_ID=a6e36c75bc97] [MEMORY][controller-start] 6291456

[1 occurrence(s)]
INFO --> [REQ_ID=a6e36c75bc97] [MEMORY][commonData:start] 8388608

[1 occurrence(s)]
INFO --> [PERF][HOME] buildCommonData complete in 572.44ms

[1 occurrence(s)]
INFO --> [PERF][HOME] index commonData done in 572.92ms

[1 occurrence(s)]
INFO --> [REQ_ID=a6e36c75bc97] [MEMORY][commonData:start] 10485760

[1 occurrence(s)]
INFO --> [PERF][HOME] index renderTheme done in 7.2ms

[1 occurrence(s)]
INFO --> [REQ_ID=a6e36c75bc97] [PERF] Execution time=0.653632

[1 occurrence(s)]
INFO --> [REQ_ID=56d2fa747c76] [PERF] Execution time=0.701491

[1 occurrence(s)]
INFO --> [REQ_ID=01476fa6ef39] [MEMORY][controller-start] 6291456

[1 occurrence(s)]
INFO --> [REQ_ID=01476fa6ef39] [MEMORY][commonData:start] 8388608

[1 occurrence(s)]
INFO --> [PERF][HOME] buildCommonData complete in 552.32ms

[1 occurrence(s)]
INFO --> [PERF][HOME] index commonData done in 552.67ms

[1 occurrence(s)]
INFO --> [REQ_ID=01476fa6ef39] [MEMORY][commonData:start] 10485760

[1 occurrence(s)]
INFO --> [PERF][HOME] index renderTheme done in 5.98ms

[1 occurrence(s)]
INFO --> [REQ_ID=01476fa6ef39] [PERF] Execution time=0.685348

[1 occurrence(s)]
INFO --> [REQ_ID=f6eac2b35c94] [PERF] Execution time=0.739133

[1 occurrence(s)]
INFO --> [REQ_ID=f089037bd797] [PERF] Execution time=0.055105

[1 occurrence(s)]
INFO --> [REQ_ID=bcf0a5aef395] [MEMORY][controller-start] 4194304

[14 occurrence(s)]
INFO --> [AUTH_VIEW] Rendering login view

[1 occurrence(s)]
INFO --> [REQ_ID=bcf0a5aef395] [PERF] Execution time=0.272361

[1 occurrence(s)]
INFO --> [REQ_ID=9be2d8469649] [PERF] Execution time=0.287066

[1 occurrence(s)]
INFO --> [REQ_ID=109575469af1] [PERF] Execution time=0.011981

[1 occurrence(s)]
INFO --> [REQ_ID=212da9ec05a5] [PERF] Execution time=0.209220

[1 occurrence(s)]
INFO --> [REQ_ID=20ac23a82766] [PERF] Execution time=0.145161

[1 occurrence(s)]
INFO --> [REQ_ID=242e72b4315a] [PERF] Execution time=0.014599

[1 occurrence(s)]
INFO --> [REQ_ID=3fcc101a4b90] [PERF] Execution time=0.053870

[1 occurrence(s)]
INFO --> [REQ_ID=8d5c535db2f3] [PERF] Execution time=0.141394

[1 occurrence(s)]
INFO --> [REQ_ID=217f7b970a61] [MEMORY][controller-start] 4194304

[1 occurrence(s)]
INFO --> [REQ_ID=217f7b970a61] [MEMORY][commonData:start] 6291456

[1 occurrence(s)]
INFO --> [PERF][HOME] buildCommonData complete in 554.6ms

[1 occurrence(s)]
INFO --> [PERF][HOME] index commonData done in 555.06ms

[1 occurrence(s)]
INFO --> [REQ_ID=217f7b970a61] [MEMORY][commonData:start] 8388608

[1 occurrence(s)]
INFO --> [PERF][HOME] index renderTheme done in 6.44ms

[1 occurrence(s)]
INFO --> [REQ_ID=217f7b970a61] [PERF] Execution time=0.587136

[1 occurrence(s)]
INFO --> [REQ_ID=a55a1efef938] [PERF] Execution time=0.606193

[1 occurrence(s)]
INFO --> [REQ_ID=6cf776d6f359] [PERF] Execution time=0.058014

[1 occurrence(s)]
INFO --> [REQ_ID=98638d1e1e6b] [MEMORY][controller-start] 4194304

[1 occurrence(s)]
INFO --> [REQ_ID=98638d1e1e6b] [PERF] Execution time=0.143862

[1 occurrence(s)]
INFO --> [REQ_ID=b5b00bfe6c24] [PERF] Execution time=0.163267

[1 occurrence(s)]
INFO --> [REQ_ID=004def8c56aa] [PERF] Execution time=0.058379

[1 occurrence(s)]
INFO --> [REQ_ID=1fdd27f6be74] [MEMORY][controller-start] 4194304

[1 occurrence(s)]
INFO --> [REQ_ID=1fdd27f6be74] [PERF] Execution time=0.237152

[1 occurrence(s)]
INFO --> [REQ_ID=b0ee9c28c1b0] [PERF] Execution time=0.252270

[1 occurrence(s)]
INFO --> [REQ_ID=24a892d8a503] [PERF] Execution time=0.055391

[1 occurrence(s)]
INFO --> [REQ_ID=7924f1cfe31c] [PERF] Execution time=0.036411

[1 occurrence(s)]
INFO --> [REQ_ID=ce58a4b88fd4] [PERF] Execution time=0.037053

[1 occurrence(s)]
INFO --> [REQ_ID=08426d8a23f8] [PERF] Execution time=0.058085

[1 occurrence(s)]
INFO --> [REQ_ID=780124035490] [MEMORY][controller-start] 4194304

[1 occurrence(s)]
INFO --> [REQ_ID=780124035490] [PERF] Execution time=0.141836

[1 occurrence(s)]
INFO --> [REQ_ID=92a8f67e8d17] [PERF] Execution time=0.158894

[1 occurrence(s)]
INFO --> [REQ_ID=e2903f231c4f] [MEMORY][controller-start] 6291456

[1 occurrence(s)]
INFO --> [REQ_ID=e2903f231c4f] [MEMORY][commonData:start] 8388608

[1 occurrence(s)]
INFO --> [PERF][HOME] buildCommonData complete in 512.53ms

[1 occurrence(s)]
INFO --> [PERF][HOME] index commonData done in 513.04ms

[1 occurrence(s)]
INFO --> [REQ_ID=e2903f231c4f] [MEMORY][commonData:start] 10485760

[1 occurrence(s)]
INFO --> [PERF][HOME] index renderTheme done in 21.29ms

[1 occurrence(s)]
INFO --> [REQ_ID=e2903f231c4f] [PERF] Execution time=0.652502

[1 occurrence(s)]
INFO --> [REQ_ID=f75ddc51b9c7] [PERF] Execution time=0.702930

[1 occurrence(s)]
INFO --> [REQ_ID=86e2c418b870] [PERF] Execution time=0.013798

[1 occurrence(s)]
INFO --> [REQ_ID=e8387b52d97d] [MEMORY][controller-start] 4194304

[1 occurrence(s)]
INFO --> [REQ_ID=e8387b52d97d] [PERF] Execution time=0.052037

[1 occurrence(s)]
INFO --> [REQ_ID=86f60f7bd2d8] [PERF] Execution time=0.067312

[1 occurrence(s)]
INFO --> [REQ_ID=54ee2dfaa888] [PERF] Execution time=0.143917

[1 occurrence(s)]
INFO --> [REQ_ID=5eda1f2cca0c] [MEMORY][controller-start] 4194304

[1 occurrence(s)]
INFO --> [REQ_ID=5eda1f2cca0c] [MEMORY][commonData:start] 6291456

[1 occurrence(s)]
INFO --> [PERF][HOME] buildCommonData complete in 532.51ms

[1 occurrence(s)]
INFO --> [PERF][HOME] index commonData done in 532.82ms

[1 occurrence(s)]
INFO --> [REQ_ID=5eda1f2cca0c] [MEMORY][commonData:start] 8388608

[1 occurrence(s)]
INFO --> [PERF][HOME] index renderTheme done in 6.12ms

[1 occurrence(s)]
INFO --> [REQ_ID=5eda1f2cca0c] [PERF] Execution time=1.205114

[1 occurrence(s)]
INFO --> [REQ_ID=15a05d1ee24a] [PERF] Execution time=1.218408

[1 occurrence(s)]
INFO --> [REQ_ID=8b82cf35614f] [PERF] Execution time=0.024312

[1 occurrence(s)]
INFO --> [REQ_ID=d8df63914a0d] [MEMORY][controller-start] 4194304

[1 occurrence(s)]
INFO --> [REQ_ID=d8df63914a0d] [MEMORY][commonData:start] 4194304

[1 occurrence(s)]
INFO --> [PERF][HOME] buildCommonData complete in 504.64ms

[1 occurrence(s)]
INFO --> [PERF][HOME] index commonData done in 505.01ms

[1 occurrence(s)]
INFO --> [REQ_ID=d8df63914a0d] [MEMORY][commonData:start] 8388608

[1 occurrence(s)]
INFO --> [PERF][HOME] index renderTheme done in 4.44ms

[1 occurrence(s)]
INFO --> [REQ_ID=d8df63914a0d] [PERF] Execution time=0.523091

[1 occurrence(s)]
INFO --> [REQ_ID=286cf797a705] [PERF] Execution time=0.532692

[1 occurrence(s)]
INFO --> [REQ_ID=354f8304c034] [MEMORY][controller-start] 6291456

[1 occurrence(s)]
INFO --> [REQ_ID=354f8304c034] [MEMORY][commonData:start] 8388608

[1 occurrence(s)]
INFO --> [PERF][HOME] buildCommonData complete in 502.21ms

[1 occurrence(s)]
INFO --> [REQ_ID=354f8304c034] [MEMORY][commonData:start] 10485760

[1 occurrence(s)]
INFO --> [REQ_ID=354f8304c034] [PERF] Execution time=0.632132

[1 occurrence(s)]
INFO --> [REQ_ID=e81e2fab8927] [PERF] Execution time=0.694720

[1 occurrence(s)]
INFO --> [REQ_ID=a84161f14dcd] [PERF] Execution time=0.038041

[1 occurrence(s)]
INFO --> [REQ_ID=540d8d3379fc] [PERF] Execution time=0.013504

[1 occurrence(s)]
INFO --> [REQ_ID=26a4f92bce43] [PERF] Execution time=0.053901

[1 occurrence(s)]
INFO --> [REQ_ID=8a0e462fe255] [MEMORY][controller-start] 6291456

[1 occurrence(s)]
INFO --> [REQ_ID=8a0e462fe255] [MEMORY][commonData:start] 8388608

[1 occurrence(s)]
INFO --> [PERF][HOME] buildCommonData complete in 485.31ms

[1 occurrence(s)]
INFO --> [PERF][HOME] index commonData done in 485.82ms

[1 occurrence(s)]
INFO --> [REQ_ID=8a0e462fe255] [MEMORY][commonData:start] 10485760

[1 occurrence(s)]
INFO --> [PERF][HOME] index renderTheme done in 6.92ms

[1 occurrence(s)]
INFO --> [REQ_ID=8a0e462fe255] [PERF] Execution time=0.559551

[1 occurrence(s)]
INFO --> [REQ_ID=d428268ad82a] [PERF] Execution time=0.609387

[1 occurrence(s)]
INFO --> [REQ_ID=4b33c2f7f002] [PERF] Execution time=0.044169

[1 occurrence(s)]
INFO --> [REQ_ID=457d41e1d63d] [PERF] Execution time=0.028578

[1 occurrence(s)]
INFO --> [REQ_ID=1bc6b0af1b4f] [MEMORY][controller-start] 4194304

[1 occurrence(s)]
INFO --> [REQ_ID=1bc6b0af1b4f] [MEMORY][commonData:start] 4194304

[1 occurrence(s)]
INFO --> [PERF][HOME] buildCommonData complete in 508.57ms

[1 occurrence(s)]
INFO --> [PERF][HOME] index commonData done in 508.86ms

[1 occurrence(s)]
INFO --> [REQ_ID=1bc6b0af1b4f] [MEMORY][commonData:start] 8388608

[1 occurrence(s)]
INFO --> [PERF][HOME] index renderTheme done in 2.99ms

[1 occurrence(s)]
INFO --> [REQ_ID=1bc6b0af1b4f] [PERF] Execution time=0.588601

[1 occurrence(s)]
INFO --> [REQ_ID=ec1252677db2] [PERF] Execution time=0.598780

[1 occurrence(s)]
INFO --> [REQ_ID=0377178bb185] [MEMORY][controller-start] 6291456

[1 occurrence(s)]
INFO --> [REQ_ID=0377178bb185] [MEMORY][commonData:start] 6291456

[1 occurrence(s)]
INFO --> [PERF][HOME] buildCommonData complete in 476.86ms

[1 occurrence(s)]
INFO --> [PERF][HOME] index commonData done in 477.23ms

[1 occurrence(s)]
INFO --> [REQ_ID=0377178bb185] [MEMORY][commonData:start] 8388608

[1 occurrence(s)]
INFO --> [PERF][HOME] index renderTheme done in 3.83ms

[1 occurrence(s)]
INFO --> [REQ_ID=0377178bb185] [PERF] Execution time=0.493843

[1 occurrence(s)]
INFO --> [REQ_ID=730351b83435] [PERF] Execution time=0.504782

[1 occurrence(s)]
INFO --> [REQ_ID=a2e033e347c1] [PERF] Execution time=0.017547

[1 occurrence(s)]
INFO --> [REQ_ID=f8dddf57c691] [PERF] Execution time=0.016450

[1 occurrence(s)]
INFO --> [REQ_ID=d0e0808ebfe0] [PERF] Execution time=0.019210

[1 occurrence(s)]
INFO --> [REQ_ID=850e249635cf] [PERF] Execution time=0.014690

[1 occurrence(s)]
INFO --> [REQ_ID=95317ba28293] [PERF] Execution time=0.014702

[1 occurrence(s)]
INFO --> [REQ_ID=b57f58759906] [PERF] Execution time=0.008988

[1 occurrence(s)]
INFO --> [REQ_ID=0c12c586e507] [PERF] Execution time=0.037624

[1 occurrence(s)]
INFO --> [REQ_ID=1ba0d7a7f0d6] [PERF] Execution time=0.081897

[1 occurrence(s)]
INFO --> [REQ_ID=3a0136ac0781] [PERF] Execution time=0.036232

[1 occurrence(s)]
INFO --> [REQ_ID=91893b2f5ba1] [PERF] Execution time=0.054471

[1 occurrence(s)]
INFO --> [REQ_ID=7a7c3f156930] [MEMORY][controller-start] 4194304

[1 occurrence(s)]
INFO --> [REQ_ID=7a7c3f156930] [PERF] Execution time=0.084422

[1 occurrence(s)]
INFO --> [REQ_ID=26343c43ab9a] [PERF] Execution time=0.105139

[1 occurrence(s)]
INFO --> [REQ_ID=cd0d3561d2d6] [PERF] Execution time=0.056054

[1 occurrence(s)]
INFO --> [REQ_ID=055ed04f2dce] [MEMORY][controller-start] 6291456

[1 occurrence(s)]
INFO --> [REQ_ID=055ed04f2dce] [MEMORY][commonData:start] 8388608

[1 occurrence(s)]
INFO --> [PERF][HOME] buildCommonData complete in 594.32ms

[1 occurrence(s)]
INFO --> [PERF][HOME] index commonData done in 594.9ms

[1 occurrence(s)]
INFO --> [REQ_ID=055ed04f2dce] [MEMORY][commonData:start] 10485760

[1 occurrence(s)]
INFO --> [PERF][HOME] index renderTheme done in 20.32ms

[1 occurrence(s)]
INFO --> [REQ_ID=055ed04f2dce] [PERF] Execution time=0.805700

[1 occurrence(s)]
INFO --> [REQ_ID=307856b224d7] [PERF] Execution time=0.861175

[1 occurrence(s)]
INFO --> [REQ_ID=0b2362b72827] [PERF] Execution time=0.313362

[1 occurrence(s)]
INFO --> [REQ_ID=45b31090b297] [PERF] Execution time=0.013730

[1 occurrence(s)]
INFO --> [REQ_ID=47215cbba4ed] [PERF] Execution time=0.013967

[1 occurrence(s)]
INFO --> [REQ_ID=b56a52fe2b3f] [PERF] Execution time=0.014827

[1 occurrence(s)]
INFO --> [REQ_ID=aa8fad5d62a6] [PERF] Execution time=0.015306

[1 occurrence(s)]
INFO --> [REQ_ID=0b8191891d49] [PERF] Execution time=0.014822

[1 occurrence(s)]
INFO --> [REQ_ID=0b96cbd1164c] [PERF] Execution time=0.015537

[1 occurrence(s)]
INFO --> [REQ_ID=2be62740099e] [PERF] Execution time=0.013684

[1 occurrence(s)]
INFO --> [REQ_ID=fcff4cf3eb1b] [PERF] Execution time=0.018276

[1 occurrence(s)]
INFO --> [REQ_ID=ee9d932e5096] [PERF] Execution time=0.014359

[1 occurrence(s)]
INFO --> [REQ_ID=3e9ce4d18fbd] [PERF] Execution time=0.014957

[1 occurrence(s)]
INFO --> [REQ_ID=8dd963f93165] [PERF] Execution time=0.018172

[1 occurrence(s)]
INFO --> [REQ_ID=f5395b7d699c] [PERF] Execution time=0.019431

[1 occurrence(s)]
INFO --> [REQ_ID=721370f61955] [PERF] Execution time=0.015150

[1 occurrence(s)]
INFO --> [REQ_ID=0001f82695bd] [PERF] Execution time=0.013602

[1 occurrence(s)]
INFO --> [REQ_ID=eb7a4ee8af66] [PERF] Execution time=0.017002

[1 occurrence(s)]
INFO --> [REQ_ID=a139a8a3a31d] [PERF] Execution time=0.013188

[1 occurrence(s)]
INFO --> [REQ_ID=63a0dee9a0e1] [PERF] Execution time=0.016427

[1 occurrence(s)]
INFO --> [REQ_ID=9ae4763c5298] [PERF] Execution time=0.014559

[1 occurrence(s)]
INFO --> [REQ_ID=9d7d6460273b] [PERF] Execution time=0.017438

[1 occurrence(s)]
INFO --> [REQ_ID=9cbc6ba33ad7] [PERF] Execution time=0.028021

[1 occurrence(s)]
INFO --> [REQ_ID=83956d0adffe] [PERF] Execution time=0.025306

[1 occurrence(s)]
INFO --> [REQ_ID=f421103cd31e] [PERF] Execution time=0.020286

[1 occurrence(s)]
INFO --> [REQ_ID=4e8c1580983a] [PERF] Execution time=0.014420

[1 occurrence(s)]
INFO --> [REQ_ID=66df52c68869] [PERF] Execution time=0.016645

[1 occurrence(s)]
INFO --> [REQ_ID=ef3876aa6580] [PERF] Execution time=0.019615

[1 occurrence(s)]
INFO --> [REQ_ID=a1e976c0c10a] [PERF] Execution time=0.013773

[1 occurrence(s)]
INFO --> [REQ_ID=41104cba501b] [PERF] Execution time=0.013680

[1 occurrence(s)]
INFO --> [REQ_ID=ea2fe10c2690] [PERF] Execution time=0.014967

[1 occurrence(s)]
INFO --> [REQ_ID=3cda05e0d120] [PERF] Execution time=0.014486

[1 occurrence(s)]
INFO --> [REQ_ID=3127a389fe16] [PERF] Execution time=0.014833

[1 occurrence(s)]
INFO --> [REQ_ID=f15fce565143] [PERF] Execution time=0.015946

[1 occurrence(s)]
INFO --> [REQ_ID=b93263c4d4fa] [PERF] Execution time=0.017064

[1 occurrence(s)]
INFO --> [REQ_ID=77e50817ece5] [PERF] Execution time=0.014895

[1 occurrence(s)]
INFO --> [REQ_ID=8542b6dc6b3f] [PERF] Execution time=0.012797

[1 occurrence(s)]
INFO --> [REQ_ID=311c561caa73] [PERF] Execution time=0.015281

[1 occurrence(s)]
INFO --> [REQ_ID=b0c274329505] [PERF] Execution time=0.014957

[1 occurrence(s)]
INFO --> [REQ_ID=0c7c69f9a0d4] [PERF] Execution time=0.012810

[1 occurrence(s)]
INFO --> [REQ_ID=e33fdb4a8c2c] [PERF] Execution time=0.014417

[1 occurrence(s)]
INFO --> [REQ_ID=563390f51a03] [PERF] Execution time=0.012930

[1 occurrence(s)]
INFO --> [REQ_ID=9654ec422b20] [PERF] Execution time=0.014961

[1 occurrence(s)]
INFO --> [REQ_ID=730d06e4f11f] [PERF] Execution time=0.022805

[1 occurrence(s)]
INFO --> [REQ_ID=aa9acb4e0d97] [PERF] Execution time=0.018873

[1 occurrence(s)]
INFO --> [REQ_ID=ab4803bdf30d] [PERF] Execution time=0.016328

[1 occurrence(s)]
INFO --> [REQ_ID=3009773a3876] [PERF] Execution time=0.016276

[1 occurrence(s)]
INFO --> [REQ_ID=be68e0d891b2] [PERF] Execution time=0.016778

[1 occurrence(s)]
INFO --> [REQ_ID=86f4cb550aca] [PERF] Execution time=0.014214

[1 occurrence(s)]
INFO --> [REQ_ID=6078651f862b] [PERF] Execution time=0.017989

[1 occurrence(s)]
INFO --> [REQ_ID=2e14568d1777] [PERF] Execution time=0.020537

[1 occurrence(s)]
INFO --> [REQ_ID=e22cf7645ea1] [PERF] Execution time=0.014404

[1 occurrence(s)]
INFO --> [REQ_ID=a8c7801aa888] [PERF] Execution time=0.013253

[1 occurrence(s)]
INFO --> [REQ_ID=44cd595c6676] [PERF] Execution time=0.017871

[1 occurrence(s)]
INFO --> [REQ_ID=7d0a934c71fc] [PERF] Execution time=0.012122

[1 occurrence(s)]
INFO --> [REQ_ID=256a082f055e] [PERF] Execution time=0.022495

[1 occurrence(s)]
INFO --> [REQ_ID=46c5751d3496] [PERF] Execution time=0.013607

[1 occurrence(s)]
INFO --> [REQ_ID=4b6d4e093c78] [PERF] Execution time=0.013683

[1 occurrence(s)]
INFO --> [REQ_ID=a18ec3bea9bd] [PERF] Execution time=0.014648

[1 occurrence(s)]
INFO --> [REQ_ID=60be823b5c0a] [PERF] Execution time=0.019384

[1 occurrence(s)]
INFO --> [REQ_ID=39ac31e1bfc7] [PERF] Execution time=0.015143

[1 occurrence(s)]
INFO --> [REQ_ID=38e4a38c4e92] [PERF] Execution time=0.013905

[1 occurrence(s)]
INFO --> [REQ_ID=8e8ca4c5f3d3] [PERF] Execution time=0.013846

[1 occurrence(s)]
INFO --> [REQ_ID=800c4bf3082b] [PERF] Execution time=0.013999

[1 occurrence(s)]
INFO --> [REQ_ID=377e42100511] [PERF] Execution time=0.012461

[1 occurrence(s)]
INFO --> [REQ_ID=ad061a84a20b] [PERF] Execution time=0.014348

[1 occurrence(s)]
INFO --> [REQ_ID=0070b616ff66] [PERF] Execution time=0.020909

[1 occurrence(s)]
INFO --> [REQ_ID=7a99efbe1d94] [PERF] Execution time=0.014591

[1 occurrence(s)]
INFO --> [REQ_ID=d96df6d148d0] [PERF] Execution time=0.013897

[1 occurrence(s)]
INFO --> [REQ_ID=851207211b5f] [PERF] Execution time=0.022503

[1 occurrence(s)]
INFO --> [REQ_ID=de208be47723] [PERF] Execution time=0.013735

[1 occurrence(s)]
INFO --> [REQ_ID=dba194a6c3d3] [PERF] Execution time=0.013246

[1 occurrence(s)]
INFO --> [REQ_ID=cf2b610fe655] [PERF] Execution time=0.014233

[1 occurrence(s)]
INFO --> [REQ_ID=ad6c3f7e0495] [PERF] Execution time=0.013562

[1 occurrence(s)]
INFO --> [REQ_ID=9a8e0db2c12c] [PERF] Execution time=0.014468

[1 occurrence(s)]
INFO --> [REQ_ID=613f57f4217f] [PERF] Execution time=0.019145

[1 occurrence(s)]
INFO --> [REQ_ID=8ea10b7f3e4c] [PERF] Execution time=0.014681

[1 occurrence(s)]
INFO --> [REQ_ID=a33bc843d919] [PERF] Execution time=0.013747

[1 occurrence(s)]
INFO --> [REQ_ID=98c462c47e3c] [PERF] Execution time=0.014918

[1 occurrence(s)]
INFO --> [REQ_ID=159e97622c1d] [PERF] Execution time=0.024744

[1 occurrence(s)]
INFO --> [REQ_ID=50d98b45aec9] [PERF] Execution time=0.015619

[1 occurrence(s)]
INFO --> [REQ_ID=bf6f961a19be] [PERF] Execution time=0.014407

[1 occurrence(s)]
INFO --> [REQ_ID=6ec3576b15f3] [PERF] Execution time=0.014817

[1 occurrence(s)]
INFO --> [REQ_ID=26a0844ad0cc] [PERF] Execution time=0.016648

[1 occurrence(s)]
INFO --> [REQ_ID=45f0c3f6caf7] [PERF] Execution time=0.014949

[1 occurrence(s)]
INFO --> [REQ_ID=7e1ca5706042] [PERF] Execution time=0.017058

[1 occurrence(s)]
INFO --> [REQ_ID=995b92805ee8] [PERF] Execution time=0.018239

[1 occurrence(s)]
INFO --> [REQ_ID=b08c9c2b6fab] [PERF] Execution time=0.017733

[1 occurrence(s)]
INFO --> [REQ_ID=94e73da8eaaf] [PERF] Execution time=0.018580

[1 occurrence(s)]
INFO --> [REQ_ID=b057bd429dbe] [PERF] Execution time=0.028695

[1 occurrence(s)]
INFO --> [REQ_ID=3e4b5fb21d94] [PERF] Execution time=0.017470

[1 occurrence(s)]
INFO --> [REQ_ID=f243658a79af] [PERF] Execution time=0.015418

[1 occurrence(s)]
INFO --> [REQ_ID=80f3271bd0a1] [PERF] Execution time=0.015805

[1 occurrence(s)]
INFO --> [REQ_ID=82e09b2d0f9b] [PERF] Execution time=0.017743

[1 occurrence(s)]
INFO --> [REQ_ID=3499d7b6a958] [PERF] Execution time=0.014855

[1 occurrence(s)]
INFO --> [REQ_ID=61d49fbdf35e] [PERF] Execution time=0.013282

[1 occurrence(s)]
INFO --> [REQ_ID=7f3114b486e3] [PERF] Execution time=0.014514

[1 occurrence(s)]
INFO --> [REQ_ID=1c6c27bd5c10] [PERF] Execution time=0.015576

[1 occurrence(s)]
INFO --> [REQ_ID=7c0a457855db] [PERF] Execution time=0.014103

[1 occurrence(s)]
INFO --> [REQ_ID=05f5c64a1d35] [PERF] Execution time=0.012883

[1 occurrence(s)]
INFO --> [REQ_ID=9e76d6fd8765] [PERF] Execution time=0.017034

[1 occurrence(s)]
INFO --> [REQ_ID=f84a03c86d16] [PERF] Execution time=0.013267

[1 occurrence(s)]
INFO --> [REQ_ID=e2fc1a96d35e] [PERF] Execution time=0.014752

[1 occurrence(s)]
INFO --> [REQ_ID=5f5980e91748] [PERF] Execution time=0.020319

[1 occurrence(s)]
INFO --> [REQ_ID=2e7e4f25a5ce] [PERF] Execution time=0.017021

[1 occurrence(s)]
INFO --> [REQ_ID=8f58ad756062] [PERF] Execution time=0.016170

[1 occurrence(s)]
INFO --> [REQ_ID=ccb3ce1b39c9] [PERF] Execution time=0.012973

[1 occurrence(s)]
INFO --> [REQ_ID=6888cbd94504] [PERF] Execution time=0.013487

[1 occurrence(s)]
INFO --> [REQ_ID=dfe04cc9ec8a] [PERF] Execution time=0.015928

[1 occurrence(s)]
INFO --> [REQ_ID=3a23525cad31] [PERF] Execution time=0.016216

[1 occurrence(s)]
INFO --> [REQ_ID=a8a09abbedbf] [PERF] Execution time=0.016180

[1 occurrence(s)]
INFO --> [REQ_ID=4c49ca412381] [PERF] Execution time=0.013735

[1 occurrence(s)]
INFO --> [REQ_ID=c8a10c240490] [PERF] Execution time=0.020196

[1 occurrence(s)]
INFO --> [REQ_ID=2b6f6fad5ed4] [PERF] Execution time=0.012668

[1 occurrence(s)]
INFO --> [REQ_ID=c5674a33d113] [PERF] Execution time=0.014147

[1 occurrence(s)]
INFO --> [REQ_ID=c4cde7975a91] [PERF] Execution time=0.013728

[1 occurrence(s)]
INFO --> [REQ_ID=c8a18b6e4541] [PERF] Execution time=0.016690

[1 occurrence(s)]
INFO --> [REQ_ID=31fcde77d31f] [PERF] Execution time=0.016297

[1 occurrence(s)]
INFO --> [REQ_ID=5fb45851edf0] [PERF] Execution time=0.014525

[1 occurrence(s)]
INFO --> [REQ_ID=ba421d971299] [PERF] Execution time=0.014488

[1 occurrence(s)]
INFO --> [REQ_ID=b8e17ecf7c47] [PERF] Execution time=0.014105

[1 occurrence(s)]
INFO --> [REQ_ID=901e06eb2657] [PERF] Execution time=0.016366

[1 occurrence(s)]
INFO --> [REQ_ID=9a2ec91bf5a7] [PERF] Execution time=0.014664

[1 occurrence(s)]
INFO --> [REQ_ID=60da8c896023] [PERF] Execution time=0.015326

[1 occurrence(s)]
INFO --> [REQ_ID=3e9cd2add20c] [PERF] Execution time=0.022047

[1 occurrence(s)]
INFO --> [REQ_ID=fbfe7c4516fe] [PERF] Execution time=0.021561

[1 occurrence(s)]
INFO --> [REQ_ID=6d58ba58317a] [PERF] Execution time=0.013380

[1 occurrence(s)]
INFO --> [REQ_ID=2ea7349c06ea] [PERF] Execution time=0.019355

[1 occurrence(s)]
INFO --> [REQ_ID=d95c405f3a55] [PERF] Execution time=0.013505

[1 occurrence(s)]
INFO --> [REQ_ID=5ec286ab0cdf] [PERF] Execution time=0.016438

[1 occurrence(s)]
INFO --> [REQ_ID=727771a3fa77] [PERF] Execution time=0.016438

[1 occurrence(s)]
INFO --> [REQ_ID=5080251224bf] [PERF] Execution time=0.013314

[1 occurrence(s)]
INFO --> [REQ_ID=30d5cd00732a] [PERF] Execution time=0.023707

[1 occurrence(s)]
INFO --> [REQ_ID=82fd4b2fa6fd] [PERF] Execution time=0.029356

[1 occurrence(s)]
INFO --> [REQ_ID=6b217c2a8ac1] [PERF] Execution time=0.015828

[1 occurrence(s)]
INFO --> [REQ_ID=e21bc44d73f9] [PERF] Execution time=0.017026

[1 occurrence(s)]
INFO --> [REQ_ID=4c905f9d77e5] [PERF] Execution time=0.016977

[1 occurrence(s)]
INFO --> [REQ_ID=3caf5f3d51e7] [PERF] Execution time=0.017929

[1 occurrence(s)]
INFO --> [REQ_ID=e53e24e754ac] [PERF] Execution time=0.025015

[1 occurrence(s)]
INFO --> [REQ_ID=8b32f93aaa15] [PERF] Execution time=0.016344

[1 occurrence(s)]
INFO --> [REQ_ID=325800b08679] [PERF] Execution time=0.017141

[1 occurrence(s)]
INFO --> [REQ_ID=fc98b2fc854b] [PERF] Execution time=0.013977

[1 occurrence(s)]
INFO --> [REQ_ID=9515372b7b7c] [PERF] Execution time=0.023966

[1 occurrence(s)]
INFO --> [REQ_ID=9e7232b12dd9] [PERF] Execution time=0.017662

[1 occurrence(s)]
INFO --> [REQ_ID=7434353e23a7] [PERF] Execution time=0.012525

[1 occurrence(s)]
INFO --> [REQ_ID=92d4b0bd0ff5] [PERF] Execution time=0.013052

[1 occurrence(s)]
INFO --> [REQ_ID=2e8f57eabe5b] [PERF] Execution time=0.016113

[1 occurrence(s)]
INFO --> [REQ_ID=c286c4501547] [PERF] Execution time=0.013116

[1 occurrence(s)]
INFO --> [REQ_ID=ca5c974468b4] [PERF] Execution time=0.041215

[1 occurrence(s)]
INFO --> [REQ_ID=362d5af9c2f3] [PERF] Execution time=0.146954

[1 occurrence(s)]
INFO --> [REQ_ID=aa1b726f664f] [PERF] Execution time=0.127348

[1 occurrence(s)]
INFO --> [REQ_ID=860d6574cfab] [PERF] Execution time=0.051647

[1 occurrence(s)]
INFO --> [REQ_ID=06d238289c38] [MEMORY][controller-start] 4194304

[1 occurrence(s)]
INFO --> [REQ_ID=06d238289c38] [PERF] Execution time=0.146588

[1 occurrence(s)]
INFO --> [REQ_ID=e95fb77546c7] [PERF] Execution time=0.161755

[1 occurrence(s)]
INFO --> [REQ_ID=8e0239cabaa0] [PERF] Execution time=0.053243

[1 occurrence(s)]
INFO --> [REQ_ID=0e1587ca579e] [MEMORY][controller-start] 6291456

[1 occurrence(s)]
INFO --> [REQ_ID=0e1587ca579e] [MEMORY][commonData:start] 8388608

[1 occurrence(s)]
INFO --> [PERF][HOME] buildCommonData complete in 543.78ms

[1 occurrence(s)]
INFO --> [PERF][HOME] index commonData done in 544.22ms

[1 occurrence(s)]
INFO --> [REQ_ID=0e1587ca579e] [MEMORY][commonData:start] 10485760

[1 occurrence(s)]
INFO --> [PERF][HOME] index renderTheme done in 6.74ms

[1 occurrence(s)]
INFO --> [REQ_ID=0e1587ca579e] [PERF] Execution time=0.622370

[1 occurrence(s)]
INFO --> [REQ_ID=55e02d059799] [PERF] Execution time=0.670010

[1 occurrence(s)]
INFO --> [REQ_ID=f6717f087ca2] [PERF] Execution time=0.035762

[1 occurrence(s)]
INFO --> [REQ_ID=cf68638aa210] [PERF] Execution time=0.056077

[1 occurrence(s)]
INFO --> [REQ_ID=d4e2ac851e13] [MEMORY][controller-start] 4194304

[1 occurrence(s)]
INFO --> [REQ_ID=d4e2ac851e13] [PERF] Execution time=0.054981

[1 occurrence(s)]
INFO --> [REQ_ID=f066855f89bb] [PERF] Execution time=0.071331

[1 occurrence(s)]
INFO --> [REQ_ID=78ef756bb2fa] [PERF] Execution time=0.080877

[1 occurrence(s)]
INFO --> [REQ_ID=d0a819fec2d8] [MEMORY][controller-start] 6291456

[2 occurrence(s)]
INFO --> [REQ_ID=d0a819fec2d8] [MEMORY][commonData:start] 8388608

[1 occurrence(s)]
INFO --> Premium entitlement guest: user_id= route=/index.php/Preview/Alert/NASDAQ-GUTS feature= tier=free status=free allowed=yes reason=Guest access allowed for this feature.

[1 occurrence(s)]
INFO --> [REQ_ID=d0a819fec2d8] [PERF] Execution time=0.817100

[1 occurrence(s)]
INFO --> [REQ_ID=7983f80395c9] [PERF] Execution time=0.883305

[1 occurrence(s)]
INFO --> [REQ_ID=6b61ad9305e8] [PERF] Execution time=0.070620

[1 occurrence(s)]
INFO --> [REQ_ID=6aa29daf3e05] [MEMORY][controller-start] 4194304

[1 occurrence(s)]
INFO --> [REQ_ID=6aa29daf3e05] [PERF] Execution time=0.084731

[1 occurrence(s)]
INFO --> [REQ_ID=bd22dbf19397] [PERF] Execution time=0.100176

[1 occurrence(s)]
INFO --> [REQ_ID=6662c81b5211] [PERF] Execution time=0.053929

[1 occurrence(s)]
INFO --> [REQ_ID=a7b2f2c5968d] [PERF] Execution time=0.053550

[1 occurrence(s)]
INFO --> [REQ_ID=828058c5bae5] [MEMORY][controller-start] 4194304

[1 occurrence(s)]
INFO --> [REQ_ID=828058c5bae5] [MEMORY][commonData:start] 6291456

[1 occurrence(s)]
INFO --> [PERF][HOME] buildCommonData complete in 579.66ms

[1 occurrence(s)]
INFO --> [PERF][HOME] index commonData done in 580.05ms

[1 occurrence(s)]
INFO --> [REQ_ID=828058c5bae5] [MEMORY][commonData:start] 8388608

[1 occurrence(s)]
INFO --> [PERF][HOME] index renderTheme done in 17.39ms

[1 occurrence(s)]
INFO --> [REQ_ID=828058c5bae5] [PERF] Execution time=0.698348

[1 occurrence(s)]
INFO --> [REQ_ID=448a6910d2e0] [PERF] Execution time=0.718415

[1 occurrence(s)]
INFO --> [REQ_ID=fef618e96ceb] [PERF] Execution time=0.084445

[1 occurrence(s)]
INFO --> [REQ_ID=f325b87ceddf] [PERF] Execution time=0.020802

[1 occurrence(s)]
INFO --> [REQ_ID=489022b4881b] [MEMORY][controller-start] 4194304

[1 occurrence(s)]
INFO --> [REQ_ID=489022b4881b] [PERF] Execution time=0.183101

[1 occurrence(s)]
INFO --> [REQ_ID=a0c56484f346] [PERF] Execution time=0.198300

[1 occurrence(s)]
INFO --> [REQ_ID=511f42885789] [PERF] Execution time=0.045828

[1 occurrence(s)]
INFO --> [REQ_ID=25ee71422961] [MEMORY][controller-start] 4194304

[1 occurrence(s)]
INFO --> [REQ_ID=25ee71422961] [PERF] Execution time=0.071069

[1 occurrence(s)]
INFO --> [REQ_ID=de0e499ec198] [PERF] Execution time=0.091804

[1 occurrence(s)]
INFO --> [REQ_ID=0b6e8103d7fe] [PERF] Execution time=0.035127

[1 occurrence(s)]
INFO --> [REQ_ID=9889f16b1dc4] [PERF] Execution time=0.037346

[1 occurrence(s)]
INFO --> [REQ_ID=06c1e0fe6d42] [PERF] Execution time=0.053433

[1 occurrence(s)]
INFO --> [REQ_ID=4c9e8a9a2e2f] [MEMORY][controller-start] 4194304

[1 occurrence(s)]
INFO --> [REQ_ID=4c9e8a9a2e2f] [PERF] Execution time=0.070657

[1 occurrence(s)]
INFO --> [REQ_ID=47f8b6c62bed] [PERF] Execution time=0.085248

[1 occurrence(s)]
INFO --> [REQ_ID=7936dedd5cf2] [PERF] Execution time=0.054018

[1 occurrence(s)]
INFO --> [REQ_ID=88e1910b6460] [PERF] Execution time=0.035501

[1 occurrence(s)]
INFO --> [REQ_ID=d564831668d7] [PERF] Execution time=0.034450

[1 occurrence(s)]
INFO --> [REQ_ID=e5e33865f369] [PERF] Execution time=0.052207

[1 occurrence(s)]
INFO --> [REQ_ID=c8704b8e0eba] [MEMORY][controller-start] 4194304

[1 occurrence(s)]
INFO --> [REQ_ID=c8704b8e0eba] [PERF] Execution time=0.117345

[1 occurrence(s)]
INFO --> [REQ_ID=33df74c673e8] [PERF] Execution time=0.131664

[1 occurrence(s)]
INFO --> [REQ_ID=bf47fdfb5fc7] [PERF] Execution time=0.056932

[1 occurrence(s)]
INFO --> [REQ_ID=ed2d59100798] [MEMORY][controller-start] 4194304

[1 occurrence(s)]
INFO --> [REQ_ID=ed2d59100798] [PERF] Execution time=0.087839

[1 occurrence(s)]
INFO --> [REQ_ID=829eefdece57] [PERF] Execution time=0.102407

[1 occurrence(s)]
INFO --> [REQ_ID=6b732faf2084] [PERF] Execution time=0.036674

[1 occurrence(s)]
INFO --> [spark:ops:work] Started

[1 occurrence(s)]
INFO --> [SPARK_START] App\Commands\Ops\Work

[3 occurrence(s)]
INFO --> [SPARK_MEMORY] 20971520

[1 occurrence(s)]
INFO --> [spark:ops:work] Intent

[1 occurrence(s)]
INFO --> [SPARK_START] App\Commands\AIOps\Run

[1 occurrence(s)]
INFO --> [spark:aiops:run] Intent

[1 occurrence(s)]
INFO --> [REQ_ID=b37952b999b2] [PERF] Execution time=0.226477

[1 occurrence(s)]
INFO --> [spark:ops:work] Completed

[1 occurrence(s)]
INFO --> [SPARK_COMPLETE] App\Commands\Ops\Work duration=0.127674

[1 occurrence(s)]
INFO --> [SPARK_MEMORY] 23068672

[1 occurrence(s)]
INFO --> [AIOPS][SPARK][GOVERNANCE][spark:logs:summarize] Started

[1 occurrence(s)]
INFO --> [SPARK_START] App\Commands\Logs\Summarize

[1 occurrence(s)]
INFO --> [spark:logs:summarize] Intent


---------------------------
LEVEL: WARNING
---------------------------

[28 occurrence(s)]
WARNING --> Optional view path missing; using default path


---------------------------
LEVEL: ERROR
---------------------------

[161 occurrence(s)]
ERROR --> [404_ROUTE]


===============================================
   HERE'S THE NEW STUFF
   (No previous timestamp recorded – nothing treated as new)
===============================================

---- CONFIG LINT ----
✅ Services::cache
✅ Services::responsecache
✅ Services::session
✅ Services::email
✅ Services::logger
✅ Services::validation
✅ Services::renderer
