===============================================
   MyMI Wallet — Log Summary for 2026-05-02
   Auto-generated by logs:summarize command
   Grouped by (LEVEL + message)
===============================================

Last processed up to: <none> (first run for this date)

---------------------------
LEVEL: DEBUG
---------------------------

[1 occurrence(s)]
DEBUG --> [REQ_ID=d6592266e866] [REQUEST][START] GET /index.php/API/Management/Run-CRON-Tasks

[342 occurrence(s)]
DEBUG --> Session: Class initialized using 'CodeIgniter\Session\Handlers\FileHandler' driver.

[1 occurrence(s)]
DEBUG --> [REQ_ID=d6592266e866] [FILTER_BEFORE] /index.php/API/Management/Run-CRON-Tasks

[1 occurrence(s)]
DEBUG --> [REQ_ID=d6592266e866] [ROUTE] Controller=\App\Modules\APIs\Controllers\ManagementAPIController Method=Run_CRON_Tasks

[1 occurrence(s)]
DEBUG --> [REQ_ID=d6592266e866] [LIFECYCLE][START] GET https://www.mymiwallet.com/index.php/API/Management/Run-CRON-Tasks

[1 occurrence(s)]
DEBUG --> [REQ_ID=d6592266e866] [REQUEST][END]

[1 occurrence(s)]
DEBUG --> [REQ_ID=5e58ed96750b] [REQUEST][START] HEAD /

[1 occurrence(s)]
DEBUG --> [REQ_ID=5e58ed96750b] [REQUEST][END]

[1 occurrence(s)]
DEBUG --> [REQ_ID=a6109a5dc58c] [REQUEST][START] HEAD /

[1 occurrence(s)]
DEBUG --> [REQ_ID=a6109a5dc58c] [REQUEST][END]

[1 occurrence(s)]
DEBUG --> [REQ_ID=311aaf1b8f75] [REQUEST][START] HEAD /

[1 occurrence(s)]
DEBUG --> [REQ_ID=311aaf1b8f75] [REQUEST][END]

[1 occurrence(s)]
DEBUG --> [REQ_ID=e77eeadb042b] [REQUEST][START] GET /index.php/API/Alerts/fetchEmailAlerts

[1 occurrence(s)]
DEBUG --> [REQ_ID=e77eeadb042b] [FILTER_BEFORE] /index.php/API/Alerts/fetchEmailAlerts

[1 occurrence(s)]
DEBUG --> [REQ_ID=e77eeadb042b] [ROUTE] Controller=\App\Modules\APIs\Controllers\AlertsAPIController Method=fetchEmailAlerts

[1 occurrence(s)]
DEBUG --> [REQ_ID=e77eeadb042b] [LIFECYCLE][START] GET https://www.mymiwallet.com/index.php/API/Alerts/fetchEmailAlerts

[1 occurrence(s)]
DEBUG --> [REQ_ID=e77eeadb042b] [REQUEST][END]

[1 occurrence(s)]
DEBUG --> [REQ_ID=f107e1f293f3] [REQUEST][START] GET /index.php/Customer-Support

[1 occurrence(s)]
DEBUG --> [REQ_ID=f107e1f293f3] [FILTER_BEFORE] /index.php/Customer-Support

[1 occurrence(s)]
DEBUG --> [REQ_ID=f107e1f293f3] [ROUTE] Controller=\App\Controllers\App\Modules\Support\Controllers\SupportController Method=index

[1 occurrence(s)]
DEBUG --> [REQ_ID=f107e1f293f3] [LIFECYCLE][START] GET https://www.mymiwallet.com/index.php/Customer-Support

[2 occurrence(s)]
DEBUG --> [CSRF] token name=csrf_test_name hash=d8de5f5b9191eea9901021fa945c6497

[44 occurrence(s)]
DEBUG --> [REDIRECT_URL_WRITER]

[1 occurrence(s)]
DEBUG --> [REQ_ID=f107e1f293f3] [REQUEST][END]

[1 occurrence(s)]
DEBUG --> [REQ_ID=78effeb9c1c7] [REQUEST][START] GET /index.php/login

[1 occurrence(s)]
DEBUG --> [REQ_ID=78effeb9c1c7] [FILTER_BEFORE] /index.php/login

[1 occurrence(s)]
DEBUG --> [REQ_ID=78effeb9c1c7] [ROUTE] Controller=\App\Controllers\AuthController Method=login

[1 occurrence(s)]
DEBUG --> [REQ_ID=78effeb9c1c7] [LIFECYCLE][START] GET https://www.mymiwallet.com/index.php/login

[1 occurrence(s)]
DEBUG --> [REQ_ID=d8f06a8addbf] [INIT] App\Controllers\AuthController::GET

[41 occurrence(s)]
DEBUG --> [TRACE]

[1 occurrence(s)]
DEBUG --> [AUTH_LOGIN_VIEW_REDIRECT_URL] /Customer-Support

[44 occurrence(s)]
DEBUG --> [VIEW_RESOLUTION] Render configuration

[22 occurrence(s)]
DEBUG --> [AUTH_RENDER] Final render config

[1 occurrence(s)]
DEBUG --> [REQ_ID=78effeb9c1c7] [FILTER_AFTER]

[1 occurrence(s)]
DEBUG --> [REQ_ID=78effeb9c1c7] [LIFECYCLE][END] status=200 duration_ms=192.65 memory_delta=2097152

[1 occurrence(s)]
DEBUG --> [REQ_ID=78effeb9c1c7] [REQUEST][END]

[1 occurrence(s)]
DEBUG --> [REQ_ID=e60904d0e8c2] [REQUEST][START] HEAD /

[1 occurrence(s)]
DEBUG --> [REQ_ID=e60904d0e8c2] [REQUEST][END]

[1 occurrence(s)]
DEBUG --> [REQ_ID=e1f2f4c1d74a] [REQUEST][START] GET /index.php/Account/Billing

[1 occurrence(s)]
DEBUG --> [REQ_ID=e1f2f4c1d74a] [FILTER_BEFORE] /index.php/Account/Billing

[1 occurrence(s)]
DEBUG --> [REQ_ID=e1f2f4c1d74a] [ROUTE] Controller=\App\Modules\User\Controllers\DashboardController Method=billing

[1 occurrence(s)]
DEBUG --> [REQ_ID=e1f2f4c1d74a] [LIFECYCLE][START] GET https://www.mymiwallet.com/index.php/Account/Billing

[2 occurrence(s)]
DEBUG --> [CSRF] token name=csrf_test_name hash=e152690260762512c9333f479b2ea964

[1 occurrence(s)]
DEBUG --> [REQ_ID=e1f2f4c1d74a] [REQUEST][END]

[1 occurrence(s)]
DEBUG --> [REQ_ID=5c341c37fdce] [REQUEST][START] GET /index.php/login

[1 occurrence(s)]
DEBUG --> [REQ_ID=5c341c37fdce] [FILTER_BEFORE] /index.php/login

[1 occurrence(s)]
DEBUG --> [REQ_ID=5c341c37fdce] [ROUTE] Controller=\App\Controllers\AuthController Method=login

[1 occurrence(s)]
DEBUG --> [REQ_ID=5c341c37fdce] [LIFECYCLE][START] GET https://www.mymiwallet.com/index.php/login

[1 occurrence(s)]
DEBUG --> [REQ_ID=755ab2574bb3] [INIT] App\Controllers\AuthController::GET

[1 occurrence(s)]
DEBUG --> [AUTH_LOGIN_VIEW_REDIRECT_URL] /Account/Billing

[1 occurrence(s)]
DEBUG --> [REQ_ID=5c341c37fdce] [FILTER_AFTER]

[1 occurrence(s)]
DEBUG --> [REQ_ID=5c341c37fdce] [LIFECYCLE][END] status=200 duration_ms=86.46 memory_delta=2097152

[1 occurrence(s)]
DEBUG --> [REQ_ID=5c341c37fdce] [REQUEST][END]

[1 occurrence(s)]
DEBUG --> [REQ_ID=8cd9d9f9ebff] [REQUEST][START] HEAD /

[1 occurrence(s)]
DEBUG --> [REQ_ID=8cd9d9f9ebff] [REQUEST][END]

[1 occurrence(s)]
DEBUG --> [REQ_ID=23d057dfb8ad] [REQUEST][START] GET /index.php/

[1 occurrence(s)]
DEBUG --> [REQ_ID=23d057dfb8ad] [REQUEST][END]

[1 occurrence(s)]
DEBUG --> [REQ_ID=d48b4080f62a] [REQUEST][START] HEAD /

[1 occurrence(s)]
DEBUG --> [REQ_ID=d48b4080f62a] [REQUEST][END]

[1 occurrence(s)]
DEBUG --> [REQ_ID=265cc6cfeffc] [REQUEST][START] HEAD /

[1 occurrence(s)]
DEBUG --> [REQ_ID=265cc6cfeffc] [REQUEST][END]

[1 occurrence(s)]
DEBUG --> [REQ_ID=4350d2034982] [REQUEST][START] HEAD /

[1 occurrence(s)]
DEBUG --> [REQ_ID=4350d2034982] [REQUEST][END]

[1 occurrence(s)]
DEBUG --> [REQ_ID=80a68c017e4a] [REQUEST][START] HEAD /

[1 occurrence(s)]
DEBUG --> [REQ_ID=80a68c017e4a] [REQUEST][END]

[1 occurrence(s)]
DEBUG --> [REQ_ID=7fe70272e7f5] [REQUEST][START] HEAD /

[1 occurrence(s)]
DEBUG --> [REQ_ID=7fe70272e7f5] [REQUEST][END]

[1 occurrence(s)]
DEBUG --> [REQ_ID=dc40792e0c48] [REQUEST][START] HEAD /

[1 occurrence(s)]
DEBUG --> [REQ_ID=dc40792e0c48] [REQUEST][END]

[1 occurrence(s)]
DEBUG --> [REQ_ID=91572bf9d7ad] [REQUEST][START] GET /index.php/Investments/Watchlist

[1 occurrence(s)]
DEBUG --> [REQ_ID=91572bf9d7ad] [FILTER_BEFORE] /index.php/Investments/Watchlist

[1 occurrence(s)]
DEBUG --> [REQ_ID=91572bf9d7ad] [ROUTE] Controller=\App\Modules\User\Controllers\InvestmentsController Method=watchlist

[1 occurrence(s)]
DEBUG --> [REQ_ID=91572bf9d7ad] [LIFECYCLE][START] GET https://www.mymiwallet.com/index.php/Investments/Watchlist

[2 occurrence(s)]
DEBUG --> [CSRF] token name=csrf_test_name hash=067baf78bb633b763c9c8e56e4839caa

[1 occurrence(s)]
DEBUG --> [REQ_ID=91572bf9d7ad] [REQUEST][END]

[1 occurrence(s)]
DEBUG --> [REQ_ID=03e1085a9c7c] [REQUEST][START] GET /index.php/login

[1 occurrence(s)]
DEBUG --> [REQ_ID=03e1085a9c7c] [FILTER_BEFORE] /index.php/login

[1 occurrence(s)]
DEBUG --> [REQ_ID=03e1085a9c7c] [ROUTE] Controller=\App\Controllers\AuthController Method=login

[1 occurrence(s)]
DEBUG --> [REQ_ID=03e1085a9c7c] [LIFECYCLE][START] GET https://www.mymiwallet.com/index.php/login

[1 occurrence(s)]
DEBUG --> [REQ_ID=24d05598dffa] [INIT] App\Controllers\AuthController::GET

[1 occurrence(s)]
DEBUG --> [AUTH_LOGIN_VIEW_REDIRECT_URL] /Investments/Watchlist

[1 occurrence(s)]
DEBUG --> [REQ_ID=03e1085a9c7c] [FILTER_AFTER]

[1 occurrence(s)]
DEBUG --> [REQ_ID=03e1085a9c7c] [LIFECYCLE][END] status=200 duration_ms=212.50 memory_delta=0

[1 occurrence(s)]
DEBUG --> [REQ_ID=03e1085a9c7c] [REQUEST][END]

[1 occurrence(s)]
DEBUG --> [REQ_ID=14253bb96c29] [REQUEST][START] HEAD /

[1 occurrence(s)]
DEBUG --> [REQ_ID=14253bb96c29] [REQUEST][END]

[1 occurrence(s)]
DEBUG --> [REQ_ID=7166020735ea] [REQUEST][START] GET /index.php/API/Management/Run-CRON-Tasks

[1 occurrence(s)]
DEBUG --> [REQ_ID=7166020735ea] [FILTER_BEFORE] /index.php/API/Management/Run-CRON-Tasks

[1 occurrence(s)]
DEBUG --> [REQ_ID=7166020735ea] [ROUTE] Controller=\App\Modules\APIs\Controllers\ManagementAPIController Method=Run_CRON_Tasks

[1 occurrence(s)]
DEBUG --> [REQ_ID=7166020735ea] [LIFECYCLE][START] GET https://www.mymiwallet.com/index.php/API/Management/Run-CRON-Tasks

[1 occurrence(s)]
DEBUG --> [REQ_ID=7166020735ea] [REQUEST][END]

[1 occurrence(s)]
DEBUG --> [REQ_ID=300b1ed8a04a] [REQUEST][START] HEAD /

[1 occurrence(s)]
DEBUG --> [REQ_ID=300b1ed8a04a] [REQUEST][END]

[1 occurrence(s)]
DEBUG --> [REQ_ID=b46cd739a301] [REQUEST][START] GET /index.php/Management/Docs

[1 occurrence(s)]
DEBUG --> [REQ_ID=b46cd739a301] [FILTER_BEFORE] /index.php/Management/Docs

[1 occurrence(s)]
DEBUG --> [REQ_ID=b46cd739a301] [ROUTE] Controller=\App\Modules\Management\Controllers\DocsAdminController Method=index

[1 occurrence(s)]
DEBUG --> [REQ_ID=b46cd739a301] [LIFECYCLE][START] GET https://www.mymiwallet.com/index.php/Management/Docs

[2 occurrence(s)]
DEBUG --> [CSRF] token name=csrf_test_name hash=914bfce7c823dcaf08cdca882c4bee52

[1 occurrence(s)]
DEBUG --> [REQ_ID=b46cd739a301] [REQUEST][END]

[1 occurrence(s)]
DEBUG --> [REQ_ID=8d6f26b36a42] [REQUEST][START] GET /index.php/login

[1 occurrence(s)]
DEBUG --> [REQ_ID=8d6f26b36a42] [FILTER_BEFORE] /index.php/login

[1 occurrence(s)]
DEBUG --> [REQ_ID=8d6f26b36a42] [ROUTE] Controller=\App\Controllers\AuthController Method=login

[1 occurrence(s)]
DEBUG --> [REQ_ID=8d6f26b36a42] [LIFECYCLE][START] GET https://www.mymiwallet.com/index.php/login

[1 occurrence(s)]
DEBUG --> [REQ_ID=135a01baf000] [INIT] App\Controllers\AuthController::GET

[1 occurrence(s)]
DEBUG --> [AUTH_LOGIN_VIEW_REDIRECT_URL] /Management/Docs

[1 occurrence(s)]
DEBUG --> [REQ_ID=8d6f26b36a42] [FILTER_AFTER]

[1 occurrence(s)]
DEBUG --> [REQ_ID=8d6f26b36a42] [LIFECYCLE][END] status=200 duration_ms=73.84 memory_delta=2097152

[1 occurrence(s)]
DEBUG --> [REQ_ID=8d6f26b36a42] [REQUEST][END]

[1 occurrence(s)]
DEBUG --> [REQ_ID=766d072637aa] [REQUEST][START] GET /index.php/Premium-Features/Advanced-Trade-Tracker

[1 occurrence(s)]
DEBUG --> [REQ_ID=766d072637aa] [REQUEST][END]

[1 occurrence(s)]
DEBUG --> [REQ_ID=4bdef504ab80] [REQUEST][START] GET /Investments/Trade-Tracker

[1 occurrence(s)]
DEBUG --> [REQ_ID=4bdef504ab80] [REQUEST][END]

[1 occurrence(s)]
DEBUG --> [REQ_ID=7821eb2554ba] [REQUEST][START] HEAD /

[1 occurrence(s)]
DEBUG --> [REQ_ID=7821eb2554ba] [REQUEST][END]

[1 occurrence(s)]
DEBUG --> [REQ_ID=2662a85f50de] [REQUEST][START] HEAD /

[1 occurrence(s)]
DEBUG --> [REQ_ID=2662a85f50de] [REQUEST][END]

[1 occurrence(s)]
DEBUG --> [REQ_ID=57d607bd8da2] [REQUEST][START] GET /

[1 occurrence(s)]
DEBUG --> [REQ_ID=57d607bd8da2] [FILTER_BEFORE] /

[1 occurrence(s)]
DEBUG --> [REQ_ID=57d607bd8da2] [ROUTE] Controller=\App\Controllers\Home Method=index

[1 occurrence(s)]
DEBUG --> [REQ_ID=57d607bd8da2] [LIFECYCLE][START] GET https://www.mymiwallet.com/index.php/

[1 occurrence(s)]
DEBUG --> [CSRF] token name=csrf_test_name hash=3c5d958e7f05c0e71f7f3a305649a144

[1 occurrence(s)]
DEBUG --> [REQ_ID=45e167023110] [INIT] App\Controllers\Home::GET

[6 occurrence(s)]
DEBUG --> [MetaService] slug= pageName= cacheHit= path=FALLBACK

[1 occurrence(s)]
DEBUG --> [REQ_ID=45e167023110] [VIEW_RENDER] themes/public/home

[3 occurrence(s)]
DEBUG --> [MetaService] slug= pageName=Home cacheHit= path=DB

[1 occurrence(s)]
DEBUG --> [REQ_ID=57d607bd8da2] [FILTER_AFTER]

[1 occurrence(s)]
DEBUG --> [REQ_ID=57d607bd8da2] [LIFECYCLE][END] status=200 duration_ms=735.59 memory_delta=4194304

[1 occurrence(s)]
DEBUG --> [REQ_ID=57d607bd8da2] [REQUEST][END]

[1 occurrence(s)]
DEBUG --> [REQ_ID=5e632e0444a4] [REQUEST][START] GET /index.php/API/Alerts/fetchEmailAlerts

[1 occurrence(s)]
DEBUG --> [REQ_ID=5e632e0444a4] [FILTER_BEFORE] /index.php/API/Alerts/fetchEmailAlerts

[1 occurrence(s)]
DEBUG --> [REQ_ID=5e632e0444a4] [ROUTE] Controller=\App\Modules\APIs\Controllers\AlertsAPIController Method=fetchEmailAlerts

[1 occurrence(s)]
DEBUG --> [REQ_ID=5e632e0444a4] [LIFECYCLE][START] GET https://www.mymiwallet.com/index.php/API/Alerts/fetchEmailAlerts

[1 occurrence(s)]
DEBUG --> [REQ_ID=5e632e0444a4] [REQUEST][END]

[1 occurrence(s)]
DEBUG --> [REQ_ID=0e038b386201] [REQUEST][START] HEAD /

[1 occurrence(s)]
DEBUG --> [REQ_ID=0e038b386201] [REQUEST][END]

[1 occurrence(s)]
DEBUG --> [REQ_ID=be38fb49bb5d] [REQUEST][START] HEAD /

[1 occurrence(s)]
DEBUG --> [REQ_ID=be38fb49bb5d] [REQUEST][END]

[1 occurrence(s)]
DEBUG --> [REQ_ID=0d7e6f0e96f0] [REQUEST][START] HEAD /

[1 occurrence(s)]
DEBUG --> [REQ_ID=0d7e6f0e96f0] [REQUEST][END]

[1 occurrence(s)]
DEBUG --> [REQ_ID=87211aec2f52] [REQUEST][START] HEAD /

[1 occurrence(s)]
DEBUG --> [REQ_ID=87211aec2f52] [REQUEST][END]

[1 occurrence(s)]
DEBUG --> [REQ_ID=9c5aff7a978c] [REQUEST][START] GET /index.php/How-To-Guides

[1 occurrence(s)]
DEBUG --> [REQ_ID=9c5aff7a978c] [REQUEST][END]

[1 occurrence(s)]
DEBUG --> [REQ_ID=8748748f3152] [REQUEST][START] GET /Knowledgebase/Tutorials

[1 occurrence(s)]
DEBUG --> [REQ_ID=8748748f3152] [FILTER_BEFORE] /Knowledgebase/Tutorials

[1 occurrence(s)]
DEBUG --> [REQ_ID=8748748f3152] [ROUTE] Controller=\App\Modules\User\Controllers\KnowledgebaseController Method=tutorials

[1 occurrence(s)]
DEBUG --> [REQ_ID=8748748f3152] [LIFECYCLE][START] GET https://www.mymiwallet.com/index.php/Knowledgebase/Tutorials

[2 occurrence(s)]
DEBUG --> [CSRF] token name=csrf_test_name hash=06acab48a9ba99680cd4464d7150e1f7

[1 occurrence(s)]
DEBUG --> [REQ_ID=8748748f3152] [REQUEST][END]

[1 occurrence(s)]
DEBUG --> [REQ_ID=9fd658fdd202] [REQUEST][START] GET /index.php/login

[1 occurrence(s)]
DEBUG --> [REQ_ID=9fd658fdd202] [FILTER_BEFORE] /index.php/login

[1 occurrence(s)]
DEBUG --> [REQ_ID=9fd658fdd202] [ROUTE] Controller=\App\Controllers\AuthController Method=login

[1 occurrence(s)]
DEBUG --> [REQ_ID=9fd658fdd202] [LIFECYCLE][START] GET https://www.mymiwallet.com/index.php/login

[1 occurrence(s)]
DEBUG --> [REQ_ID=7beff34052ec] [INIT] App\Controllers\AuthController::GET

[1 occurrence(s)]
DEBUG --> [AUTH_LOGIN_VIEW_REDIRECT_URL] /Knowledgebase/Tutorials

[1 occurrence(s)]
DEBUG --> [REQ_ID=9fd658fdd202] [FILTER_AFTER]

[1 occurrence(s)]
DEBUG --> [REQ_ID=9fd658fdd202] [LIFECYCLE][END] status=200 duration_ms=58.33 memory_delta=2097152

[1 occurrence(s)]
DEBUG --> [REQ_ID=9fd658fdd202] [REQUEST][END]

[1 occurrence(s)]
DEBUG --> [REQ_ID=97947c513af7] [REQUEST][START] HEAD /

[1 occurrence(s)]
DEBUG --> [REQ_ID=97947c513af7] [REQUEST][END]

[1 occurrence(s)]
DEBUG --> [REQ_ID=bbefd77e0b52] [REQUEST][START] GET /index.php/Management/Budgeting

[1 occurrence(s)]
DEBUG --> [REQ_ID=bbefd77e0b52] [FILTER_BEFORE] /index.php/Management/Budgeting

[1 occurrence(s)]
DEBUG --> [REQ_ID=bbefd77e0b52] [ROUTE] Controller=\App\Modules\Management\Controllers\BudgetingAdminController Method=index

[1 occurrence(s)]
DEBUG --> [REQ_ID=bbefd77e0b52] [LIFECYCLE][START] GET https://www.mymiwallet.com/index.php/Management/Budgeting

[2 occurrence(s)]
DEBUG --> [CSRF] token name=csrf_test_name hash=8869edffec97ee0925fb729ca828326d

[1 occurrence(s)]
DEBUG --> [REQ_ID=bbefd77e0b52] [REQUEST][END]

[1 occurrence(s)]
DEBUG --> [REQ_ID=e99a8fe96423] [REQUEST][START] GET /index.php/login

[1 occurrence(s)]
DEBUG --> [REQ_ID=e99a8fe96423] [FILTER_BEFORE] /index.php/login

[1 occurrence(s)]
DEBUG --> [REQ_ID=e99a8fe96423] [ROUTE] Controller=\App\Controllers\AuthController Method=login

[1 occurrence(s)]
DEBUG --> [REQ_ID=e99a8fe96423] [LIFECYCLE][START] GET https://www.mymiwallet.com/index.php/login

[1 occurrence(s)]
DEBUG --> [REQ_ID=0b24e8738f47] [INIT] App\Controllers\AuthController::GET

[1 occurrence(s)]
DEBUG --> [AUTH_LOGIN_VIEW_REDIRECT_URL] /Management/Budgeting

[1 occurrence(s)]
DEBUG --> [REQ_ID=e99a8fe96423] [FILTER_AFTER]

[1 occurrence(s)]
DEBUG --> [REQ_ID=e99a8fe96423] [LIFECYCLE][END] status=200 duration_ms=171.59 memory_delta=2097152

[1 occurrence(s)]
DEBUG --> [REQ_ID=e99a8fe96423] [REQUEST][END]

[1 occurrence(s)]
DEBUG --> [REQ_ID=9406d1eeb88f] [REQUEST][START] HEAD /

[1 occurrence(s)]
DEBUG --> [REQ_ID=9406d1eeb88f] [REQUEST][END]

[1 occurrence(s)]
DEBUG --> [REQ_ID=2f992eecb657] [REQUEST][START] HEAD /

[1 occurrence(s)]
DEBUG --> [REQ_ID=2f992eecb657] [REQUEST][END]

[1 occurrence(s)]
DEBUG --> [REQ_ID=5715da0d8e9f] [REQUEST][START] GET /

[1 occurrence(s)]
DEBUG --> [REQ_ID=5715da0d8e9f] [REQUEST][END]

[1 occurrence(s)]
DEBUG --> [REQ_ID=535fa472135c] [REQUEST][START] HEAD /

[1 occurrence(s)]
DEBUG --> [REQ_ID=535fa472135c] [REQUEST][END]

[1 occurrence(s)]
DEBUG --> [REQ_ID=d0600dfb6072] [REQUEST][START] GET /

[1 occurrence(s)]
DEBUG --> [REQ_ID=d0600dfb6072] [FILTER_BEFORE] /

[1 occurrence(s)]
DEBUG --> [REQ_ID=d0600dfb6072] [ROUTE] Controller=\App\Controllers\Home Method=index

[1 occurrence(s)]
DEBUG --> [REQ_ID=d0600dfb6072] [LIFECYCLE][START] GET https://www.mymiwallet.com/index.php/

[1 occurrence(s)]
DEBUG --> [CSRF] token name=csrf_test_name hash=c24ad331330d9383780dbcefadbe2187

[1 occurrence(s)]
DEBUG --> [REQ_ID=716215a411b0] [INIT] App\Controllers\Home::GET

[1 occurrence(s)]
DEBUG --> [REQ_ID=716215a411b0] [VIEW_RENDER] themes/public/home

[5 occurrence(s)]
DEBUG --> [MetaService] slug= pageName=Home cacheHit=1 path=CACHE

[1 occurrence(s)]
DEBUG --> [REQ_ID=d0600dfb6072] [FILTER_AFTER]

[1 occurrence(s)]
DEBUG --> [REQ_ID=d0600dfb6072] [LIFECYCLE][END] status=200 duration_ms=643.36 memory_delta=4194304

[1 occurrence(s)]
DEBUG --> [REQ_ID=d0600dfb6072] [REQUEST][END]

[1 occurrence(s)]
DEBUG --> [REQ_ID=59d1cedd05b3] [REQUEST][START] GET /index.php/Getting-Started

[1 occurrence(s)]
DEBUG --> [REQ_ID=59d1cedd05b3] [REQUEST][END]

[1 occurrence(s)]
DEBUG --> [REQ_ID=e9174bb51ce8] [REQUEST][START] HEAD /

[1 occurrence(s)]
DEBUG --> [REQ_ID=e9174bb51ce8] [REQUEST][END]

[1 occurrence(s)]
DEBUG --> [REQ_ID=cff915ba46ff] [REQUEST][START] GET /index.php/API/Management/Run-CRON-Tasks

[1 occurrence(s)]
DEBUG --> [REQ_ID=cff915ba46ff] [FILTER_BEFORE] /index.php/API/Management/Run-CRON-Tasks

[1 occurrence(s)]
DEBUG --> [REQ_ID=cff915ba46ff] [ROUTE] Controller=\App\Modules\APIs\Controllers\ManagementAPIController Method=Run_CRON_Tasks

[1 occurrence(s)]
DEBUG --> [REQ_ID=cff915ba46ff] [LIFECYCLE][START] GET https://www.mymiwallet.com/index.php/API/Management/Run-CRON-Tasks

[1 occurrence(s)]
DEBUG --> [REQ_ID=cff915ba46ff] [REQUEST][END]

[1 occurrence(s)]
DEBUG --> [REQ_ID=00c463458bf7] [REQUEST][START] HEAD /

[1 occurrence(s)]
DEBUG --> [REQ_ID=00c463458bf7] [REQUEST][END]

[1 occurrence(s)]
DEBUG --> [REQ_ID=60dbc3d6f63d] [REQUEST][START] HEAD /

[1 occurrence(s)]
DEBUG --> [REQ_ID=60dbc3d6f63d] [REQUEST][END]

[1 occurrence(s)]
DEBUG --> [REQ_ID=5ce862b103db] [REQUEST][START] GET /Exchange/Solana/Wallet/Solflare

[1 occurrence(s)]
DEBUG --> [REQ_ID=5ce862b103db] [REQUEST][END]

[1 occurrence(s)]
DEBUG --> [REQ_ID=b443818e3d3e] [REQUEST][START] HEAD /

[1 occurrence(s)]
DEBUG --> [REQ_ID=b443818e3d3e] [REQUEST][END]

[1 occurrence(s)]
DEBUG --> [REQ_ID=e746bdd21808] [REQUEST][START] GET /index.php/API/Alerts/fetchEmailAlerts

[1 occurrence(s)]
DEBUG --> [REQ_ID=e746bdd21808] [FILTER_BEFORE] /index.php/API/Alerts/fetchEmailAlerts

[1 occurrence(s)]
DEBUG --> [REQ_ID=e746bdd21808] [ROUTE] Controller=\App\Modules\APIs\Controllers\AlertsAPIController Method=fetchEmailAlerts

[1 occurrence(s)]
DEBUG --> [REQ_ID=e746bdd21808] [LIFECYCLE][START] GET https://www.mymiwallet.com/index.php/API/Alerts/fetchEmailAlerts

[1 occurrence(s)]
DEBUG --> [REQ_ID=e746bdd21808] [REQUEST][END]

[1 occurrence(s)]
DEBUG --> [REQ_ID=f36294b72da9] [REQUEST][START] HEAD /

[1 occurrence(s)]
DEBUG --> [REQ_ID=f36294b72da9] [REQUEST][END]

[1 occurrence(s)]
DEBUG --> [REQ_ID=599ece33a5e9] [REQUEST][START] HEAD /

[1 occurrence(s)]
DEBUG --> [REQ_ID=599ece33a5e9] [REQUEST][END]

[1 occurrence(s)]
DEBUG --> [REQ_ID=a6a9fe7fba39] [REQUEST][START] HEAD /

[1 occurrence(s)]
DEBUG --> [REQ_ID=a6a9fe7fba39] [REQUEST][END]

[1 occurrence(s)]
DEBUG --> [REQ_ID=6abf3829c0ab] [REQUEST][START] GET /wp-content/plugins/hellopress/wp_filemanager.php

[1 occurrence(s)]
DEBUG --> [REQ_ID=6abf3829c0ab] [REQUEST][END]

[1 occurrence(s)]
DEBUG --> [REQ_ID=8b3f501d0818] [REQUEST][START] GET /file58.php

[1 occurrence(s)]
DEBUG --> [REQ_ID=8b3f501d0818] [REQUEST][END]

[1 occurrence(s)]
DEBUG --> [REQ_ID=0c7081996e15] [REQUEST][START] GET /olik.php

[1 occurrence(s)]
DEBUG --> [REQ_ID=0c7081996e15] [REQUEST][END]

[1 occurrence(s)]
DEBUG --> [REQ_ID=60acb55ae72e] [REQUEST][START] GET /h.php

[1 occurrence(s)]
DEBUG --> [REQ_ID=60acb55ae72e] [REQUEST][END]

[1 occurrence(s)]
DEBUG --> [REQ_ID=1756f253e3c6] [REQUEST][START] GET /cong.php

[1 occurrence(s)]
DEBUG --> [REQ_ID=1756f253e3c6] [REQUEST][END]

[1 occurrence(s)]
DEBUG --> [REQ_ID=38fb5b5cf357] [REQUEST][START] GET /.well-known/about.php

[1 occurrence(s)]
DEBUG --> [REQ_ID=38fb5b5cf357] [REQUEST][END]

[1 occurrence(s)]
DEBUG --> [REQ_ID=36f34a06573f] [REQUEST][START] GET /wp-includes/ID3/about.php

[1 occurrence(s)]
DEBUG --> [REQ_ID=36f34a06573f] [REQUEST][END]

[1 occurrence(s)]
DEBUG --> [REQ_ID=14483368accf] [REQUEST][START] GET /atika.php

[1 occurrence(s)]
DEBUG --> [REQ_ID=14483368accf] [REQUEST][END]

[1 occurrence(s)]
DEBUG --> [REQ_ID=57c3eb44aee5] [REQUEST][START] GET /xxl.php

[1 occurrence(s)]
DEBUG --> [REQ_ID=57c3eb44aee5] [REQUEST][END]

[1 occurrence(s)]
DEBUG --> [REQ_ID=bea2dd0c35b0] [REQUEST][START] GET /uploat.php

[1 occurrence(s)]
DEBUG --> [REQ_ID=bea2dd0c35b0] [REQUEST][END]

[1 occurrence(s)]
DEBUG --> [REQ_ID=fd966ceb7cb3] [REQUEST][START] GET /wpxml.php

[1 occurrence(s)]
DEBUG --> [REQ_ID=fd966ceb7cb3] [REQUEST][END]

[1 occurrence(s)]
DEBUG --> [REQ_ID=0c654d39b79c] [REQUEST][START] GET /bob.php

[1 occurrence(s)]
DEBUG --> [REQ_ID=0c654d39b79c] [REQUEST][END]

[1 occurrence(s)]
DEBUG --> [REQ_ID=e02eaf40165a] [REQUEST][START] GET /spawns.php

[1 occurrence(s)]
DEBUG --> [REQ_ID=e02eaf40165a] [REQUEST][END]

[1 occurrence(s)]
DEBUG --> [REQ_ID=635fd2514734] [REQUEST][START] GET /t3s.php

[1 occurrence(s)]
DEBUG --> [REQ_ID=635fd2514734] [REQUEST][END]

[1 occurrence(s)]
DEBUG --> [REQ_ID=a63bc6eba005] [REQUEST][START] GET /wp-admin/css

[1 occurrence(s)]
DEBUG --> [REQ_ID=a63bc6eba005] [REQUEST][END]

[1 occurrence(s)]
DEBUG --> [REQ_ID=0d3212630e18] [REQUEST][START] GET /x

[1 occurrence(s)]
DEBUG --> [REQ_ID=0d3212630e18] [REQUEST][END]

[1 occurrence(s)]
DEBUG --> [REQ_ID=3c0643471623] [REQUEST][START] GET /wp-admin/css/colors/modern

[1 occurrence(s)]
DEBUG --> [REQ_ID=3c0643471623] [REQUEST][END]

[1 occurrence(s)]
DEBUG --> [REQ_ID=4d53280adf74] [REQUEST][START] GET /wp-admin/js

[1 occurrence(s)]
DEBUG --> [REQ_ID=4d53280adf74] [REQUEST][END]

[1 occurrence(s)]
DEBUG --> [REQ_ID=f041f218ab3b] [REQUEST][START] GET /uwu.php

[1 occurrence(s)]
DEBUG --> [REQ_ID=f041f218ab3b] [REQUEST][END]

[1 occurrence(s)]
DEBUG --> [REQ_ID=537de770d6d4] [REQUEST][START] GET /uwa.php

[1 occurrence(s)]
DEBUG --> [REQ_ID=537de770d6d4] [REQUEST][END]

[1 occurrence(s)]
DEBUG --> [REQ_ID=53b6348a1bca] [REQUEST][START] GET /crgio.php

[1 occurrence(s)]
DEBUG --> [REQ_ID=53b6348a1bca] [REQUEST][END]

[1 occurrence(s)]
DEBUG --> [REQ_ID=fb344e7c3dcc] [REQUEST][START] GET /geforce.php

[1 occurrence(s)]
DEBUG --> [REQ_ID=fb344e7c3dcc] [REQUEST][END]

[1 occurrence(s)]
DEBUG --> [REQ_ID=aa8ac67c22f2] [REQUEST][START] GET /wp-load.php

[1 occurrence(s)]
DEBUG --> [REQ_ID=aa8ac67c22f2] [REQUEST][END]

[1 occurrence(s)]
DEBUG --> [REQ_ID=be200b7fecdc] [REQUEST][START] GET /77.php

[1 occurrence(s)]
DEBUG --> [REQ_ID=be200b7fecdc] [REQUEST][END]

[1 occurrence(s)]
DEBUG --> [REQ_ID=8cbbf69d8c76] [REQUEST][START] GET /.sghb.php

[1 occurrence(s)]
DEBUG --> [REQ_ID=8cbbf69d8c76] [REQUEST][END]

[1 occurrence(s)]
DEBUG --> [REQ_ID=1c8f94fa71b2] [REQUEST][START] GET /zoko.php

[1 occurrence(s)]
DEBUG --> [REQ_ID=1c8f94fa71b2] [REQUEST][END]

[1 occurrence(s)]
DEBUG --> [REQ_ID=2fca75dc47b3] [REQUEST][START] GET /solo1.php

[1 occurrence(s)]
DEBUG --> [REQ_ID=2fca75dc47b3] [REQUEST][END]

[1 occurrence(s)]
DEBUG --> [REQ_ID=8c82241ac8a0] [REQUEST][START] GET /locales.php

[1 occurrence(s)]
DEBUG --> [REQ_ID=8c82241ac8a0] [REQUEST][END]

[1 occurrence(s)]
DEBUG --> [REQ_ID=7f9984df901e] [REQUEST][START] GET /bgymj.php

[1 occurrence(s)]
DEBUG --> [REQ_ID=7f9984df901e] [REQUEST][END]

[1 occurrence(s)]
DEBUG --> [REQ_ID=9b69bf82ece0] [REQUEST][START] GET /pucci.php

[1 occurrence(s)]
DEBUG --> [REQ_ID=9b69bf82ece0] [REQUEST][END]

[1 occurrence(s)]
DEBUG --> [REQ_ID=978242e9bfb1] [REQUEST][START] GET /wp-includes/blocks/details

[1 occurrence(s)]
DEBUG --> [REQ_ID=978242e9bfb1] [REQUEST][END]

[1 occurrence(s)]
DEBUG --> [REQ_ID=e46b0c417576] [REQUEST][START] GET /.dj/index.php

[1 occurrence(s)]
DEBUG --> [REQ_ID=e46b0c417576] [REQUEST][END]

[1 occurrence(s)]
DEBUG --> [REQ_ID=0b640e446251] [REQUEST][START] GET /wp-includes/blocks/audio

[1 occurrence(s)]
DEBUG --> [REQ_ID=0b640e446251] [REQUEST][END]

[1 occurrence(s)]
DEBUG --> [REQ_ID=24d6a3d0acad] [REQUEST][START] GET /.tmb

[1 occurrence(s)]
DEBUG --> [REQ_ID=24d6a3d0acad] [REQUEST][END]

[1 occurrence(s)]
DEBUG --> [REQ_ID=91c47e97aed2] [REQUEST][START] GET /one.php

[1 occurrence(s)]
DEBUG --> [REQ_ID=91c47e97aed2] [REQUEST][END]

[1 occurrence(s)]
DEBUG --> [REQ_ID=4cc377bfa665] [REQUEST][START] GET /no20.php

[1 occurrence(s)]
DEBUG --> [REQ_ID=4cc377bfa665] [REQUEST][END]

[1 occurrence(s)]
DEBUG --> [REQ_ID=c481d749c10c] [REQUEST][START] GET /yasnu.php

[1 occurrence(s)]
DEBUG --> [REQ_ID=c481d749c10c] [REQUEST][END]

[1 occurrence(s)]
DEBUG --> [REQ_ID=196da2a622d9] [REQUEST][START] GET /sl.php

[1 occurrence(s)]
DEBUG --> [REQ_ID=196da2a622d9] [REQUEST][END]

[1 occurrence(s)]
DEBUG --> [REQ_ID=0dd83ed6136a] [REQUEST][START] GET /vuln.php

[1 occurrence(s)]
DEBUG --> [REQ_ID=0dd83ed6136a] [REQUEST][END]

[1 occurrence(s)]
DEBUG --> [REQ_ID=c502113bf656] [REQUEST][START] GET /wp-temp.php

[1 occurrence(s)]
DEBUG --> [REQ_ID=c502113bf656] [REQUEST][END]

[1 occurrence(s)]
DEBUG --> [REQ_ID=6b0c8a6afdfa] [REQUEST][START] GET /wp-content/themes/twentytwentyfive/assets

[1 occurrence(s)]
DEBUG --> [REQ_ID=6b0c8a6afdfa] [REQUEST][END]

[1 occurrence(s)]
DEBUG --> [REQ_ID=6f9467b51a01] [REQUEST][START] GET /wp-includes/blocks/buttons

[1 occurrence(s)]
DEBUG --> [REQ_ID=6f9467b51a01] [REQUEST][END]

[1 occurrence(s)]
DEBUG --> [REQ_ID=82db1837036c] [REQUEST][START] GET /class-bda.php

[1 occurrence(s)]
DEBUG --> [REQ_ID=82db1837036c] [REQUEST][END]

[1 occurrence(s)]
DEBUG --> [REQ_ID=f6b234c97aed] [REQUEST][START] GET /bhm.php

[1 occurrence(s)]
DEBUG --> [REQ_ID=f6b234c97aed] [REQUEST][END]

[1 occurrence(s)]
DEBUG --> [REQ_ID=84951c39f7a6] [REQUEST][START] GET /xmu.php

[1 occurrence(s)]
DEBUG --> [REQ_ID=84951c39f7a6] [REQUEST][END]

[1 occurrence(s)]
DEBUG --> [REQ_ID=d8a863b1c866] [REQUEST][START] GET /goat.php

[1 occurrence(s)]
DEBUG --> [REQ_ID=d8a863b1c866] [REQUEST][END]

[1 occurrence(s)]
DEBUG --> [REQ_ID=b9c64dd09835] [REQUEST][START] GET /wp-xme.php

[1 occurrence(s)]
DEBUG --> [REQ_ID=b9c64dd09835] [REQUEST][END]

[1 occurrence(s)]
DEBUG --> [REQ_ID=fdf39237532f] [REQUEST][START] GET /adminer.php

[1 occurrence(s)]
DEBUG --> [REQ_ID=fdf39237532f] [REQUEST][END]

[1 occurrence(s)]
DEBUG --> [REQ_ID=28e687b29b7d] [REQUEST][START] GET /ktfow.php

[1 occurrence(s)]
DEBUG --> [REQ_ID=28e687b29b7d] [REQUEST][END]

[1 occurrence(s)]
DEBUG --> [REQ_ID=76525a7a9a10] [REQUEST][START] GET /mode.php

[1 occurrence(s)]
DEBUG --> [REQ_ID=76525a7a9a10] [REQUEST][END]

[1 occurrence(s)]
DEBUG --> [REQ_ID=622dfbafc471] [REQUEST][START] GET /2468.php

[1 occurrence(s)]
DEBUG --> [REQ_ID=622dfbafc471] [REQUEST][END]

[1 occurrence(s)]
DEBUG --> [REQ_ID=c0d5c52d080a] [REQUEST][START] GET /wp-admin/js/index.php

[1 occurrence(s)]
DEBUG --> [REQ_ID=c0d5c52d080a] [REQUEST][END]

[1 occurrence(s)]
DEBUG --> [REQ_ID=99cc1f854566] [REQUEST][START] GET /dx.php

[1 occurrence(s)]
DEBUG --> [REQ_ID=99cc1f854566] [REQUEST][END]

[1 occurrence(s)]
DEBUG --> [REQ_ID=3a0fd1747f97] [REQUEST][START] GET /amdin.php

[1 occurrence(s)]
DEBUG --> [REQ_ID=3a0fd1747f97] [REQUEST][END]

[1 occurrence(s)]
DEBUG --> [REQ_ID=c74e4f6b057d] [REQUEST][START] GET /huya.php

[1 occurrence(s)]
DEBUG --> [REQ_ID=c74e4f6b057d] [REQUEST][END]

[1 occurrence(s)]
DEBUG --> [REQ_ID=de2d6758c717] [REQUEST][START] GET /puc.php

[1 occurrence(s)]
DEBUG --> [REQ_ID=de2d6758c717] [REQUEST][END]

[1 occurrence(s)]
DEBUG --> [REQ_ID=8a98f1b48ee4] [REQUEST][START] GET /themes.php

[1 occurrence(s)]
DEBUG --> [REQ_ID=8a98f1b48ee4] [REQUEST][END]

[1 occurrence(s)]
DEBUG --> [REQ_ID=85ee85d9824f] [REQUEST][START] GET /ewp.php

[1 occurrence(s)]
DEBUG --> [REQ_ID=85ee85d9824f] [REQUEST][END]

[1 occurrence(s)]
DEBUG --> [REQ_ID=c5bffb32d717] [REQUEST][START] GET /dx.php

[1 occurrence(s)]
DEBUG --> [REQ_ID=c5bffb32d717] [REQUEST][END]

[1 occurrence(s)]
DEBUG --> [REQ_ID=0b2e8d2c1657] [REQUEST][START] GET /xff.php

[1 occurrence(s)]
DEBUG --> [REQ_ID=0b2e8d2c1657] [REQUEST][END]

[1 occurrence(s)]
DEBUG --> [REQ_ID=e6e52650a072] [REQUEST][START] GET /lupo.php

[1 occurrence(s)]
DEBUG --> [REQ_ID=e6e52650a072] [REQUEST][END]

[1 occurrence(s)]
DEBUG --> [REQ_ID=0138f9cab320] [REQUEST][START] GET /awa.php

[1 occurrence(s)]
DEBUG --> [REQ_ID=0138f9cab320] [REQUEST][END]

[1 occurrence(s)]
DEBUG --> [REQ_ID=237d7e09099c] [REQUEST][START] GET /popo.php

[1 occurrence(s)]
DEBUG --> [REQ_ID=237d7e09099c] [REQUEST][END]

[1 occurrence(s)]
DEBUG --> [REQ_ID=ab9d758d7f3c] [REQUEST][START] GET /13.php

[1 occurrence(s)]
DEBUG --> [REQ_ID=ab9d758d7f3c] [REQUEST][END]

[1 occurrence(s)]
DEBUG --> [REQ_ID=f51999c05895] [REQUEST][START] GET /tews.php

[1 occurrence(s)]
DEBUG --> [REQ_ID=f51999c05895] [REQUEST][END]

[1 occurrence(s)]
DEBUG --> [REQ_ID=f75b68ed213e] [REQUEST][START] GET /moshou.php

[1 occurrence(s)]
DEBUG --> [REQ_ID=f75b68ed213e] [REQUEST][END]

[1 occurrence(s)]
DEBUG --> [REQ_ID=2701488019e4] [REQUEST][START] GET /xeaq.php

[1 occurrence(s)]
DEBUG --> [REQ_ID=2701488019e4] [REQUEST][END]

[1 occurrence(s)]
DEBUG --> [REQ_ID=9b4969f0383f] [REQUEST][START] GET /up2.php

[1 occurrence(s)]
DEBUG --> [REQ_ID=9b4969f0383f] [REQUEST][END]

[1 occurrence(s)]
DEBUG --> [REQ_ID=b70c3d4f1032] [REQUEST][START] GET /11.php

[1 occurrence(s)]
DEBUG --> [REQ_ID=b70c3d4f1032] [REQUEST][END]

[1 occurrence(s)]
DEBUG --> [REQ_ID=d045307046e8] [REQUEST][START] GET /p.php

[1 occurrence(s)]
DEBUG --> [REQ_ID=d045307046e8] [REQUEST][END]

[1 occurrence(s)]
DEBUG --> [REQ_ID=29f23dd8b6b2] [REQUEST][START] GET /wp-includes/Requests

[1 occurrence(s)]
DEBUG --> [REQ_ID=29f23dd8b6b2] [REQUEST][END]

[1 occurrence(s)]
DEBUG --> [REQ_ID=62d65991e690] [REQUEST][START] GET /bthil.php

[1 occurrence(s)]
DEBUG --> [REQ_ID=62d65991e690] [REQUEST][END]

[1 occurrence(s)]
DEBUG --> [REQ_ID=ea5c4811465e] [REQUEST][START] GET /shell.php

[1 occurrence(s)]
DEBUG --> [REQ_ID=ea5c4811465e] [REQUEST][END]

[1 occurrence(s)]
DEBUG --> [REQ_ID=e9af5d80320b] [REQUEST][START] GET /seo.php

[1 occurrence(s)]
DEBUG --> [REQ_ID=e9af5d80320b] [REQUEST][END]

[1 occurrence(s)]
DEBUG --> [REQ_ID=ac7363310a3e] [REQUEST][START] GET /7.php

[1 occurrence(s)]
DEBUG --> [REQ_ID=ac7363310a3e] [REQUEST][END]

[1 occurrence(s)]
DEBUG --> [REQ_ID=9c39351bdbde] [REQUEST][START] GET /8.php

[1 occurrence(s)]
DEBUG --> [REQ_ID=9c39351bdbde] [REQUEST][END]

[1 occurrence(s)]
DEBUG --> [REQ_ID=9a54d6a7e058] [REQUEST][START] GET /1.php

[1 occurrence(s)]
DEBUG --> [REQ_ID=9a54d6a7e058] [REQUEST][END]

[1 occurrence(s)]
DEBUG --> [REQ_ID=e7bea5ae9313] [REQUEST][START] GET /2.php

[1 occurrence(s)]
DEBUG --> [REQ_ID=e7bea5ae9313] [REQUEST][END]

[1 occurrence(s)]
DEBUG --> [REQ_ID=efe394c73d8d] [REQUEST][START] GET /3.php

[1 occurrence(s)]
DEBUG --> [REQ_ID=efe394c73d8d] [REQUEST][END]

[1 occurrence(s)]
DEBUG --> [REQ_ID=db74a68f1563] [REQUEST][START] GET /4.php

[1 occurrence(s)]
DEBUG --> [REQ_ID=db74a68f1563] [REQUEST][END]

[1 occurrence(s)]
DEBUG --> [REQ_ID=a9e93f596c48] [REQUEST][START] GET /5.php

[1 occurrence(s)]
DEBUG --> [REQ_ID=a9e93f596c48] [REQUEST][END]

[1 occurrence(s)]
DEBUG --> [REQ_ID=d67560e3a973] [REQUEST][START] GET /6.php

[1 occurrence(s)]
DEBUG --> [REQ_ID=d67560e3a973] [REQUEST][END]

[1 occurrence(s)]
DEBUG --> [REQ_ID=a1b77cbdb570] [REQUEST][START] GET /cjfuns.php

[1 occurrence(s)]
DEBUG --> [REQ_ID=a1b77cbdb570] [REQUEST][END]

[1 occurrence(s)]
DEBUG --> [REQ_ID=f7f83c583834] [REQUEST][START] GET /class.php

[1 occurrence(s)]
DEBUG --> [REQ_ID=f7f83c583834] [REQUEST][END]

[1 occurrence(s)]
DEBUG --> [REQ_ID=da3d00a0e6d8] [REQUEST][START] GET /100.php

[1 occurrence(s)]
DEBUG --> [REQ_ID=da3d00a0e6d8] [REQUEST][END]

[1 occurrence(s)]
DEBUG --> [REQ_ID=27b03bc3e1e5] [REQUEST][START] GET /.well-known/nastar.php

[1 occurrence(s)]
DEBUG --> [REQ_ID=27b03bc3e1e5] [REQUEST][END]

[1 occurrence(s)]
DEBUG --> [REQ_ID=9af53957dba2] [REQUEST][START] GET /2026w.php

[1 occurrence(s)]
DEBUG --> [REQ_ID=9af53957dba2] [REQUEST][END]

[1 occurrence(s)]
DEBUG --> [REQ_ID=c30a023b1a2b] [REQUEST][START] GET /about.php

[1 occurrence(s)]
DEBUG --> [REQ_ID=c30a023b1a2b] [REQUEST][END]

[1 occurrence(s)]
DEBUG --> [REQ_ID=9d44518eb60e] [REQUEST][START] GET /no18.php

[1 occurrence(s)]
DEBUG --> [REQ_ID=9d44518eb60e] [REQUEST][END]

[1 occurrence(s)]
DEBUG --> [REQ_ID=df0512df1c0c] [REQUEST][START] GET /fine.php

[1 occurrence(s)]
DEBUG --> [REQ_ID=df0512df1c0c] [REQUEST][END]

[1 occurrence(s)]
DEBUG --> [REQ_ID=41fe598fbc4d] [REQUEST][START] GET /hplfuns.php

[1 occurrence(s)]
DEBUG --> [REQ_ID=41fe598fbc4d] [REQUEST][END]

[1 occurrence(s)]
DEBUG --> [REQ_ID=531c77d4ebb6] [REQUEST][START] GET /xa.php

[1 occurrence(s)]
DEBUG --> [REQ_ID=531c77d4ebb6] [REQUEST][END]

[1 occurrence(s)]
DEBUG --> [REQ_ID=728b7d75eef3] [REQUEST][START] GET /admin.php

[1 occurrence(s)]
DEBUG --> [REQ_ID=728b7d75eef3] [REQUEST][END]

[1 occurrence(s)]
DEBUG --> [REQ_ID=d0f0ed5bbee7] [REQUEST][START] GET /inege.php

[1 occurrence(s)]
DEBUG --> [REQ_ID=d0f0ed5bbee7] [REQUEST][END]

[1 occurrence(s)]
DEBUG --> [REQ_ID=a0712dca79a9] [REQUEST][START] GET /classgoto24.php

[1 occurrence(s)]
DEBUG --> [REQ_ID=a0712dca79a9] [REQUEST][END]

[1 occurrence(s)]
DEBUG --> [REQ_ID=a2a6dcededce] [REQUEST][START] GET /no1.php

[1 occurrence(s)]
DEBUG --> [REQ_ID=a2a6dcededce] [REQUEST][END]

[1 occurrence(s)]
DEBUG --> [REQ_ID=668ac1841acb] [REQUEST][START] GET /w2025.php

[1 occurrence(s)]
DEBUG --> [REQ_ID=668ac1841acb] [REQUEST][END]

[1 occurrence(s)]
DEBUG --> [REQ_ID=8179fe0f5959] [REQUEST][START] GET /fvvff.php

[1 occurrence(s)]
DEBUG --> [REQ_ID=8179fe0f5959] [REQUEST][END]

[1 occurrence(s)]
DEBUG --> [REQ_ID=194eedb25e64] [REQUEST][START] GET /edit.php

[1 occurrence(s)]
DEBUG --> [REQ_ID=194eedb25e64] [REQUEST][END]

[1 occurrence(s)]
DEBUG --> [REQ_ID=e942c13c025b] [REQUEST][START] GET /ioxi-o.php

[1 occurrence(s)]
DEBUG --> [REQ_ID=e942c13c025b] [REQUEST][END]

[1 occurrence(s)]
DEBUG --> [REQ_ID=22faa4b26e88] [REQUEST][START] GET /wp-content/admin.php

[1 occurrence(s)]
DEBUG --> [REQ_ID=22faa4b26e88] [REQUEST][END]

[1 occurrence(s)]
DEBUG --> [REQ_ID=07dd1ec5eded] [REQUEST][START] GET /a5.php

[1 occurrence(s)]
DEBUG --> [REQ_ID=07dd1ec5eded] [REQUEST][END]

[1 occurrence(s)]
DEBUG --> [REQ_ID=f870b5544f14] [REQUEST][START] GET /f6.php

[1 occurrence(s)]
DEBUG --> [REQ_ID=f870b5544f14] [REQUEST][END]

[1 occurrence(s)]
DEBUG --> [REQ_ID=e18f60a3b739] [REQUEST][START] GET /inputs.php

[1 occurrence(s)]
DEBUG --> [REQ_ID=e18f60a3b739] [REQUEST][END]

[1 occurrence(s)]
DEBUG --> [REQ_ID=6f2fad6a32b0] [REQUEST][START] GET /style.php

[1 occurrence(s)]
DEBUG --> [REQ_ID=6f2fad6a32b0] [REQUEST][END]

[1 occurrence(s)]
DEBUG --> [REQ_ID=d10d1b21915e] [REQUEST][START] GET /av.php

[1 occurrence(s)]
DEBUG --> [REQ_ID=d10d1b21915e] [REQUEST][END]

[1 occurrence(s)]
DEBUG --> [REQ_ID=8f57e04e58dc] [REQUEST][START] GET /wp-admin/css/bolt.php

[1 occurrence(s)]
DEBUG --> [REQ_ID=8f57e04e58dc] [REQUEST][END]

[1 occurrence(s)]
DEBUG --> [REQ_ID=80d8ea8f7583] [REQUEST][START] GET /wp-act.php

[1 occurrence(s)]
DEBUG --> [REQ_ID=80d8ea8f7583] [REQUEST][END]

[1 occurrence(s)]
DEBUG --> [REQ_ID=03eac3ff30cd] [REQUEST][START] GET /classwithtostring.php?p=

[1 occurrence(s)]
DEBUG --> [REQ_ID=03eac3ff30cd] [REQUEST][END]

[1 occurrence(s)]
DEBUG --> [REQ_ID=7ce6e617c8ea] [REQUEST][START] GET /wp-content/themes/index.php

[1 occurrence(s)]
DEBUG --> [REQ_ID=7ce6e617c8ea] [REQUEST][END]

[1 occurrence(s)]
DEBUG --> [REQ_ID=8d2161d03085] [REQUEST][START] GET /sbhu.php

[1 occurrence(s)]
DEBUG --> [REQ_ID=8d2161d03085] [REQUEST][END]

[1 occurrence(s)]
DEBUG --> [REQ_ID=c01d5c84a46a] [REQUEST][START] GET /wp-blog.php

[1 occurrence(s)]
DEBUG --> [REQ_ID=c01d5c84a46a] [REQUEST][END]

[1 occurrence(s)]
DEBUG --> [REQ_ID=9bd00ec02f7f] [REQUEST][START] GET /wp-includes/js/jquery

[1 occurrence(s)]
DEBUG --> [REQ_ID=9bd00ec02f7f] [REQUEST][END]

[1 occurrence(s)]
DEBUG --> [REQ_ID=85c27d36a803] [REQUEST][START] GET /wp-content/admin.php

[1 occurrence(s)]
DEBUG --> [REQ_ID=85c27d36a803] [REQUEST][END]

[1 occurrence(s)]
DEBUG --> [REQ_ID=6d086dc38609] [REQUEST][START] GET /8xyz.php

[1 occurrence(s)]
DEBUG --> [REQ_ID=6d086dc38609] [REQUEST][END]

[1 occurrence(s)]
DEBUG --> [REQ_ID=35bd1e8009c1] [REQUEST][START] GET /adminfuns.php

[1 occurrence(s)]
DEBUG --> [REQ_ID=35bd1e8009c1] [REQUEST][END]

[1 occurrence(s)]
DEBUG --> [REQ_ID=4e929b1c6144] [REQUEST][START] GET /goods.php

[1 occurrence(s)]
DEBUG --> [REQ_ID=4e929b1c6144] [REQUEST][END]

[1 occurrence(s)]
DEBUG --> [REQ_ID=62114b7445e8] [REQUEST][START] GET /ms-edit.php

[1 occurrence(s)]
DEBUG --> [REQ_ID=62114b7445e8] [REQUEST][END]

[1 occurrence(s)]
DEBUG --> [REQ_ID=28afc3d9a428] [REQUEST][START] GET /222.php

[1 occurrence(s)]
DEBUG --> [REQ_ID=28afc3d9a428] [REQUEST][END]

[1 occurrence(s)]
DEBUG --> [REQ_ID=bc5e2aaab6e4] [REQUEST][START] GET /cgi-bin/index.php

[1 occurrence(s)]
DEBUG --> [REQ_ID=bc5e2aaab6e4] [REQUEST][END]

[1 occurrence(s)]
DEBUG --> [REQ_ID=131d74bfac73] [REQUEST][START] GET /fff.php

[1 occurrence(s)]
DEBUG --> [REQ_ID=131d74bfac73] [REQUEST][END]

[1 occurrence(s)]
DEBUG --> [REQ_ID=08d171a22769] [REQUEST][START] GET /wp-content

[1 occurrence(s)]
DEBUG --> [REQ_ID=08d171a22769] [REQUEST][END]

[1 occurrence(s)]
DEBUG --> [REQ_ID=25de0ece20d5] [REQUEST][START] GET /makeasmtp.php?p=

[1 occurrence(s)]
DEBUG --> [REQ_ID=25de0ece20d5] [REQUEST][END]

[1 occurrence(s)]
DEBUG --> [REQ_ID=faca708c3cd1] [REQUEST][START] GET /admin1.php

[1 occurrence(s)]
DEBUG --> [REQ_ID=faca708c3cd1] [REQUEST][END]

[1 occurrence(s)]
DEBUG --> [REQ_ID=985fa7fc080a] [REQUEST][START] GET /wp-includes/css/dist

[1 occurrence(s)]
DEBUG --> [REQ_ID=985fa7fc080a] [REQUEST][END]

[1 occurrence(s)]
DEBUG --> [REQ_ID=f0ba35552f5a] [REQUEST][START] GET /BDKR28WP.php

[1 occurrence(s)]
DEBUG --> [REQ_ID=f0ba35552f5a] [REQUEST][END]

[1 occurrence(s)]
DEBUG --> [REQ_ID=c45b36309599] [REQUEST][START] GET /wp-includes/l10n

[1 occurrence(s)]
DEBUG --> [REQ_ID=c45b36309599] [REQUEST][END]

[1 occurrence(s)]
DEBUG --> [REQ_ID=d964a66bafc8] [REQUEST][START] GET /wp-content/uploads

[1 occurrence(s)]
DEBUG --> [REQ_ID=d964a66bafc8] [REQUEST][END]

[1 occurrence(s)]
DEBUG --> [REQ_ID=42e866e3d8d3] [REQUEST][START] GET /wp.php

[1 occurrence(s)]
DEBUG --> [REQ_ID=42e866e3d8d3] [REQUEST][END]

[1 occurrence(s)]
DEBUG --> [REQ_ID=9a745eb6dcdf] [REQUEST][START] GET /wp-admin/js/fi.php

[1 occurrence(s)]
DEBUG --> [REQ_ID=9a745eb6dcdf] [REQUEST][END]

[1 occurrence(s)]
DEBUG --> [REQ_ID=71801fddb7af] [REQUEST][START] GET /fe5.php

[1 occurrence(s)]
DEBUG --> [REQ_ID=71801fddb7af] [REQUEST][END]

[1 occurrence(s)]
DEBUG --> [REQ_ID=c2833c2d84b7] [REQUEST][START] GET /wp-content/uploads/2021/02/index.php

[1 occurrence(s)]
DEBUG --> [REQ_ID=c2833c2d84b7] [REQUEST][END]

[1 occurrence(s)]
DEBUG --> [REQ_ID=7fc5fae09de2] [REQUEST][START] GET /av.php

[1 occurrence(s)]
DEBUG --> [REQ_ID=7fc5fae09de2] [REQUEST][END]

[1 occurrence(s)]
DEBUG --> [REQ_ID=293e974458cb] [REQUEST][START] GET /abcd.php

[1 occurrence(s)]
DEBUG --> [REQ_ID=293e974458cb] [REQUEST][END]

[1 occurrence(s)]
DEBUG --> [REQ_ID=880ece4e768c] [REQUEST][START] GET /a1.php

[1 occurrence(s)]
DEBUG --> [REQ_ID=880ece4e768c] [REQUEST][END]

[1 occurrence(s)]
DEBUG --> [REQ_ID=f3493a13b8ac] [REQUEST][START] GET /update/f35.php

[1 occurrence(s)]
DEBUG --> [REQ_ID=f3493a13b8ac] [REQUEST][END]

[1 occurrence(s)]
DEBUG --> [REQ_ID=fcb70b394d22] [REQUEST][START] GET /wp-includes/Text/Diff/Engine/about.php

[1 occurrence(s)]
DEBUG --> [REQ_ID=fcb70b394d22] [REQUEST][END]

[1 occurrence(s)]
DEBUG --> [REQ_ID=e77cbac43de1] [REQUEST][START] GET /f35.php

[1 occurrence(s)]
DEBUG --> [REQ_ID=e77cbac43de1] [REQUEST][END]

[1 occurrence(s)]
DEBUG --> [REQ_ID=909c41e74a9d] [REQUEST][START] GET /wp-includes/css/index.php?p=

[1 occurrence(s)]
DEBUG --> [REQ_ID=909c41e74a9d] [REQUEST][END]

[1 occurrence(s)]
DEBUG --> [REQ_ID=48dd89c768b5] [REQUEST][START] GET /wp-includes/SimplePie

[1 occurrence(s)]
DEBUG --> [REQ_ID=48dd89c768b5] [REQUEST][END]

[1 occurrence(s)]
DEBUG --> [REQ_ID=dc27001a7291] [REQUEST][START] GET /bal.php

[1 occurrence(s)]
DEBUG --> [REQ_ID=dc27001a7291] [REQUEST][END]

[1 occurrence(s)]
DEBUG --> [REQ_ID=59480058470d] [REQUEST][START] GET /in.php

[1 occurrence(s)]
DEBUG --> [REQ_ID=59480058470d] [REQUEST][END]

[1 occurrence(s)]
DEBUG --> [REQ_ID=1decfdc6df10] [REQUEST][START] GET /gssdd.php

[1 occurrence(s)]
DEBUG --> [REQ_ID=1decfdc6df10] [REQUEST][END]

[1 occurrence(s)]
DEBUG --> [REQ_ID=2996c3b4e16c] [REQUEST][START] GET /cgi-bin/admin.php

[1 occurrence(s)]
DEBUG --> [REQ_ID=2996c3b4e16c] [REQUEST][END]

[1 occurrence(s)]
DEBUG --> [REQ_ID=582d2e5a763a] [REQUEST][START] GET /bs1.php

[1 occurrence(s)]
DEBUG --> [REQ_ID=582d2e5a763a] [REQUEST][END]

[1 occurrence(s)]
DEBUG --> [REQ_ID=4bbb3e2fb1d7] [REQUEST][START] GET /wp-content/plugins/pwnd/as.php

[1 occurrence(s)]
DEBUG --> [REQ_ID=4bbb3e2fb1d7] [REQUEST][END]

[1 occurrence(s)]
DEBUG --> [REQ_ID=092aad1aaee9] [REQUEST][START] GET /gettest.php

[1 occurrence(s)]
DEBUG --> [REQ_ID=092aad1aaee9] [REQUEST][END]

[1 occurrence(s)]
DEBUG --> [REQ_ID=34600e9d8a19] [REQUEST][START] GET /file48.php

[1 occurrence(s)]
DEBUG --> [REQ_ID=34600e9d8a19] [REQUEST][END]

[1 occurrence(s)]
DEBUG --> [REQ_ID=b7f1fb0df89c] [REQUEST][START] GET /wp-content

[1 occurrence(s)]
DEBUG --> [REQ_ID=b7f1fb0df89c] [REQUEST][END]

[1 occurrence(s)]
DEBUG --> [REQ_ID=03a6fb57afaf] [REQUEST][START] GET /simple.php

[1 occurrence(s)]
DEBUG --> [REQ_ID=03a6fb57afaf] [REQUEST][END]

[1 occurrence(s)]
DEBUG --> [REQ_ID=da94092e02bc] [REQUEST][START] GET /drykl.php

[1 occurrence(s)]
DEBUG --> [REQ_ID=da94092e02bc] [REQUEST][END]

[1 occurrence(s)]
DEBUG --> [REQ_ID=3c6603318401] [REQUEST][START] GET /xxx.php

[1 occurrence(s)]
DEBUG --> [REQ_ID=3c6603318401] [REQUEST][END]

[1 occurrence(s)]
DEBUG --> [REQ_ID=35805aa9748e] [REQUEST][START] GET /hypo.php

[1 occurrence(s)]
DEBUG --> [REQ_ID=35805aa9748e] [REQUEST][END]

[1 occurrence(s)]
DEBUG --> [REQ_ID=6a4dba774e4f] [REQUEST][START] GET /file18.php

[1 occurrence(s)]
DEBUG --> [REQ_ID=6a4dba774e4f] [REQUEST][END]

[1 occurrence(s)]
DEBUG --> [REQ_ID=4bea0ecec090] [REQUEST][START] GET /xwx1.php

[1 occurrence(s)]
DEBUG --> [REQ_ID=4bea0ecec090] [REQUEST][END]

[1 occurrence(s)]
DEBUG --> [REQ_ID=bb0d78907925] [REQUEST][START] GET /wp-admin/css/colors/blue

[1 occurrence(s)]
DEBUG --> [REQ_ID=bb0d78907925] [REQUEST][END]

[1 occurrence(s)]
DEBUG --> [REQ_ID=74cb55970a84] [REQUEST][START] GET /chosen.php

[1 occurrence(s)]
DEBUG --> [REQ_ID=74cb55970a84] [REQUEST][END]

[1 occurrence(s)]
DEBUG --> [REQ_ID=b74d8498a4af] [REQUEST][START] GET /admin/admin.php

[1 occurrence(s)]
DEBUG --> [REQ_ID=b74d8498a4af] [REQUEST][END]

[1 occurrence(s)]
DEBUG --> [REQ_ID=80bc6734c923] [REQUEST][START] HEAD /

[1 occurrence(s)]
DEBUG --> [REQ_ID=80bc6734c923] [REQUEST][END]

[1 occurrence(s)]
DEBUG --> [REQ_ID=a669126f6736] [REQUEST][START] HEAD /

[1 occurrence(s)]
DEBUG --> [REQ_ID=a669126f6736] [REQUEST][END]

[1 occurrence(s)]
DEBUG --> [REQ_ID=3b4706f2126e] [REQUEST][START] HEAD /

[1 occurrence(s)]
DEBUG --> [REQ_ID=3b4706f2126e] [REQUEST][END]

[1 occurrence(s)]
DEBUG --> [REQ_ID=389481b9b6b7] [REQUEST][START] GET /index.php/Management/Admin

[1 occurrence(s)]
DEBUG --> [REQ_ID=389481b9b6b7] [FILTER_BEFORE] /index.php/Management/Admin

[1 occurrence(s)]
DEBUG --> [REQ_ID=389481b9b6b7] [ROUTE] Controller=\App\Modules\Management\Controllers\ManagementAdminController Method=index

[1 occurrence(s)]
DEBUG --> [REQ_ID=389481b9b6b7] [LIFECYCLE][START] GET https://www.mymiwallet.com/index.php/Management/Admin

[2 occurrence(s)]
DEBUG --> [CSRF] token name=csrf_test_name hash=d4a78f5ced040da5f54101c7a77a4796

[1 occurrence(s)]
DEBUG --> [REQ_ID=389481b9b6b7] [REQUEST][END]

[1 occurrence(s)]
DEBUG --> [REQ_ID=025de8aec7eb] [REQUEST][START] GET /index.php/login

[1 occurrence(s)]
DEBUG --> [REQ_ID=025de8aec7eb] [FILTER_BEFORE] /index.php/login

[1 occurrence(s)]
DEBUG --> [REQ_ID=025de8aec7eb] [ROUTE] Controller=\App\Controllers\AuthController Method=login

[1 occurrence(s)]
DEBUG --> [REQ_ID=025de8aec7eb] [LIFECYCLE][START] GET https://www.mymiwallet.com/index.php/login

[1 occurrence(s)]
DEBUG --> [REQ_ID=c979915d5ab9] [INIT] App\Controllers\AuthController::GET

[1 occurrence(s)]
DEBUG --> [AUTH_LOGIN_VIEW_REDIRECT_URL] /Management/Admin

[1 occurrence(s)]
DEBUG --> [REQ_ID=025de8aec7eb] [FILTER_AFTER]

[1 occurrence(s)]
DEBUG --> [REQ_ID=025de8aec7eb] [LIFECYCLE][END] status=200 duration_ms=121.91 memory_delta=2097152

[1 occurrence(s)]
DEBUG --> [REQ_ID=025de8aec7eb] [REQUEST][END]

[1 occurrence(s)]
DEBUG --> [REQ_ID=23726e870854] [REQUEST][START] HEAD /

[1 occurrence(s)]
DEBUG --> [REQ_ID=23726e870854] [REQUEST][END]

[1 occurrence(s)]
DEBUG --> [REQ_ID=d57779ca6a8a] [REQUEST][START] HEAD /

[1 occurrence(s)]
DEBUG --> [REQ_ID=d57779ca6a8a] [REQUEST][END]

[1 occurrence(s)]
DEBUG --> [REQ_ID=49e77fcecf48] [REQUEST][START] HEAD /

[1 occurrence(s)]
DEBUG --> [REQ_ID=49e77fcecf48] [REQUEST][END]

[1 occurrence(s)]
DEBUG --> [REQ_ID=abe043049ca6] [REQUEST][START] GET /index.php/Management/Services

[1 occurrence(s)]
DEBUG --> [REQ_ID=abe043049ca6] [FILTER_BEFORE] /index.php/Management/Services

[1 occurrence(s)]
DEBUG --> [REQ_ID=abe043049ca6] [ROUTE] Controller=\App\Modules\Management\Controllers\ServicesController Method=index

[1 occurrence(s)]
DEBUG --> [REQ_ID=abe043049ca6] [LIFECYCLE][START] GET https://www.mymiwallet.com/index.php/Management/Services

[2 occurrence(s)]
DEBUG --> [CSRF] token name=csrf_test_name hash=26d39f849a6d3d1ea8b443df4e92d649

[1 occurrence(s)]
DEBUG --> [REQ_ID=abe043049ca6] [REQUEST][END]

[1 occurrence(s)]
DEBUG --> [REQ_ID=45e82aae2830] [REQUEST][START] GET /index.php/login

[1 occurrence(s)]
DEBUG --> [REQ_ID=45e82aae2830] [FILTER_BEFORE] /index.php/login

[1 occurrence(s)]
DEBUG --> [REQ_ID=45e82aae2830] [ROUTE] Controller=\App\Controllers\AuthController Method=login

[1 occurrence(s)]
DEBUG --> [REQ_ID=45e82aae2830] [LIFECYCLE][START] GET https://www.mymiwallet.com/index.php/login

[1 occurrence(s)]
DEBUG --> [REQ_ID=b5679c8bf6e4] [INIT] App\Controllers\AuthController::GET

[1 occurrence(s)]
DEBUG --> [AUTH_LOGIN_VIEW_REDIRECT_URL] /Management/Services

[1 occurrence(s)]
DEBUG --> [REQ_ID=45e82aae2830] [FILTER_AFTER]

[1 occurrence(s)]
DEBUG --> [REQ_ID=45e82aae2830] [LIFECYCLE][END] status=200 duration_ms=132.83 memory_delta=2097152

[1 occurrence(s)]
DEBUG --> [REQ_ID=45e82aae2830] [REQUEST][END]

[1 occurrence(s)]
DEBUG --> [REQ_ID=39bbf6eceb53] [REQUEST][START] GET /index.php/API/Management/Run-CRON-Tasks

[1 occurrence(s)]
DEBUG --> [REQ_ID=39bbf6eceb53] [FILTER_BEFORE] /index.php/API/Management/Run-CRON-Tasks

[1 occurrence(s)]
DEBUG --> [REQ_ID=39bbf6eceb53] [ROUTE] Controller=\App\Modules\APIs\Controllers\ManagementAPIController Method=Run_CRON_Tasks

[1 occurrence(s)]
DEBUG --> [REQ_ID=39bbf6eceb53] [LIFECYCLE][START] GET https://www.mymiwallet.com/index.php/API/Management/Run-CRON-Tasks

[1 occurrence(s)]
DEBUG --> [REQ_ID=39bbf6eceb53] [REQUEST][END]

[1 occurrence(s)]
DEBUG --> [REQ_ID=59e2276a3e54] [REQUEST][START] GET /index.php/Account/Connected-Accounts

[1 occurrence(s)]
DEBUG --> [REQ_ID=59e2276a3e54] [FILTER_BEFORE] /index.php/Account/Connected-Accounts

[1 occurrence(s)]
DEBUG --> [REQ_ID=59e2276a3e54] [ROUTE] Controller=\App\Modules\User\Controllers\DashboardController Method=connectedAccounts

[1 occurrence(s)]
DEBUG --> [REQ_ID=59e2276a3e54] [LIFECYCLE][START] GET https://www.mymiwallet.com/index.php/Account/Connected-Accounts

[2 occurrence(s)]
DEBUG --> [CSRF] token name=csrf_test_name hash=9a8429eebb6129f4fa52f302d80447e5

[1 occurrence(s)]
DEBUG --> [REQ_ID=59e2276a3e54] [REQUEST][END]

[1 occurrence(s)]
DEBUG --> [REQ_ID=1f5b8cecac99] [REQUEST][START] GET /index.php/login

[1 occurrence(s)]
DEBUG --> [REQ_ID=1f5b8cecac99] [FILTER_BEFORE] /index.php/login

[1 occurrence(s)]
DEBUG --> [REQ_ID=1f5b8cecac99] [ROUTE] Controller=\App\Controllers\AuthController Method=login

[1 occurrence(s)]
DEBUG --> [REQ_ID=1f5b8cecac99] [LIFECYCLE][START] GET https://www.mymiwallet.com/index.php/login

[1 occurrence(s)]
DEBUG --> [REQ_ID=cc9f4e360a5a] [INIT] App\Controllers\AuthController::GET

[2 occurrence(s)]
DEBUG --> [AUTH_LOGIN_VIEW_REDIRECT_URL] /Account/Connected-Accounts

[1 occurrence(s)]
DEBUG --> [REQ_ID=1f5b8cecac99] [FILTER_AFTER]

[1 occurrence(s)]
DEBUG --> [REQ_ID=1f5b8cecac99] [LIFECYCLE][END] status=200 duration_ms=75.98 memory_delta=0

[1 occurrence(s)]
DEBUG --> [REQ_ID=1f5b8cecac99] [REQUEST][END]

[1 occurrence(s)]
DEBUG --> [REQ_ID=06e2938fe68e] [REQUEST][START] GET /index.php/Account/Connected-Accounts

[1 occurrence(s)]
DEBUG --> [REQ_ID=06e2938fe68e] [FILTER_BEFORE] /index.php/Account/Connected-Accounts

[1 occurrence(s)]
DEBUG --> [REQ_ID=06e2938fe68e] [ROUTE] Controller=\App\Modules\User\Controllers\DashboardController Method=connectedAccounts

[1 occurrence(s)]
DEBUG --> [REQ_ID=06e2938fe68e] [LIFECYCLE][START] GET https://www.mymiwallet.com/index.php/Account/Connected-Accounts

[2 occurrence(s)]
DEBUG --> [CSRF] token name=csrf_test_name hash=0239e825d2e18aa6e6d5fdffe851e37e

[1 occurrence(s)]
DEBUG --> [REQ_ID=06e2938fe68e] [REQUEST][END]

[1 occurrence(s)]
DEBUG --> [REQ_ID=d448be90ab58] [REQUEST][START] GET /index.php/login

[1 occurrence(s)]
DEBUG --> [REQ_ID=d448be90ab58] [FILTER_BEFORE] /index.php/login

[1 occurrence(s)]
DEBUG --> [REQ_ID=d448be90ab58] [ROUTE] Controller=\App\Controllers\AuthController Method=login

[1 occurrence(s)]
DEBUG --> [REQ_ID=d448be90ab58] [LIFECYCLE][START] GET https://www.mymiwallet.com/index.php/login

[1 occurrence(s)]
DEBUG --> [REQ_ID=d67431700fc5] [INIT] App\Controllers\AuthController::GET

[1 occurrence(s)]
DEBUG --> [REQ_ID=d448be90ab58] [FILTER_AFTER]

[1 occurrence(s)]
DEBUG --> [REQ_ID=d448be90ab58] [LIFECYCLE][END] status=200 duration_ms=162.21 memory_delta=0

[1 occurrence(s)]
DEBUG --> [REQ_ID=d448be90ab58] [REQUEST][END]

[1 occurrence(s)]
DEBUG --> [REQ_ID=bbfd62b2135b] [REQUEST][START] HEAD /

[1 occurrence(s)]
DEBUG --> [REQ_ID=bbfd62b2135b] [REQUEST][END]

[1 occurrence(s)]
DEBUG --> [REQ_ID=026d25dc7f7d] [REQUEST][START] HEAD /

[1 occurrence(s)]
DEBUG --> [REQ_ID=026d25dc7f7d] [REQUEST][END]

[1 occurrence(s)]
DEBUG --> [REQ_ID=e5cae67825ff] [REQUEST][START] HEAD /

[1 occurrence(s)]
DEBUG --> [REQ_ID=e5cae67825ff] [REQUEST][END]

[1 occurrence(s)]
DEBUG --> [REQ_ID=7e6312286888] [REQUEST][START] GET /

[1 occurrence(s)]
DEBUG --> [REQ_ID=7e6312286888] [REQUEST][END]

[1 occurrence(s)]
DEBUG --> [REQ_ID=2439abeb3ccc] [REQUEST][START] GET /index.php/API/Alerts/fetchEmailAlerts

[1 occurrence(s)]
DEBUG --> [REQ_ID=2439abeb3ccc] [FILTER_BEFORE] /index.php/API/Alerts/fetchEmailAlerts

[1 occurrence(s)]
DEBUG --> [REQ_ID=2439abeb3ccc] [ROUTE] Controller=\App\Modules\APIs\Controllers\AlertsAPIController Method=fetchEmailAlerts

[1 occurrence(s)]
DEBUG --> [REQ_ID=2439abeb3ccc] [LIFECYCLE][START] GET https://www.mymiwallet.com/index.php/API/Alerts/fetchEmailAlerts

[1 occurrence(s)]
DEBUG --> [REQ_ID=2439abeb3ccc] [REQUEST][END]

[1 occurrence(s)]
DEBUG --> [REQ_ID=813c2f825c1d] [REQUEST][START] HEAD /

[1 occurrence(s)]
DEBUG --> [REQ_ID=813c2f825c1d] [REQUEST][END]

[1 occurrence(s)]
DEBUG --> [REQ_ID=ea997cacccfa] [REQUEST][START] HEAD /

[1 occurrence(s)]
DEBUG --> [REQ_ID=ea997cacccfa] [REQUEST][END]

[1 occurrence(s)]
DEBUG --> [REQ_ID=de2a348a63fc] [REQUEST][START] GET /index.php/Premium-Features/Due-Diligence-Database

[1 occurrence(s)]
DEBUG --> [REQ_ID=de2a348a63fc] [REQUEST][END]

[1 occurrence(s)]
DEBUG --> [REQ_ID=99a078c6a610] [REQUEST][START] GET /Features/Brokerage-Integrations

[1 occurrence(s)]
DEBUG --> [REQ_ID=99a078c6a610] [FILTER_BEFORE] /Features/Brokerage-Integrations

[1 occurrence(s)]
DEBUG --> [REQ_ID=99a078c6a610] [ROUTE] Controller=\App\Modules\Advertise\Controllers\FeaturesController Method=BrokerageIntegrations

[1 occurrence(s)]
DEBUG --> [REQ_ID=99a078c6a610] [LIFECYCLE][START] GET https://www.mymiwallet.com/index.php/Features/Brokerage-Integrations

[2 occurrence(s)]
DEBUG --> [CSRF] token name=csrf_test_name hash=2a0b69a8b7d2e331835fc2ba1cbe1a71

[1 occurrence(s)]
DEBUG --> [REQ_ID=99a078c6a610] [REQUEST][END]

[1 occurrence(s)]
DEBUG --> [REQ_ID=ffe31ea06fc8] [REQUEST][START] GET /index.php/login

[1 occurrence(s)]
DEBUG --> [REQ_ID=ffe31ea06fc8] [FILTER_BEFORE] /index.php/login

[1 occurrence(s)]
DEBUG --> [REQ_ID=ffe31ea06fc8] [ROUTE] Controller=\App\Controllers\AuthController Method=login

[1 occurrence(s)]
DEBUG --> [REQ_ID=ffe31ea06fc8] [LIFECYCLE][START] GET https://www.mymiwallet.com/index.php/login

[1 occurrence(s)]
DEBUG --> [REQ_ID=123c408a3b88] [INIT] App\Controllers\AuthController::GET

[1 occurrence(s)]
DEBUG --> [AUTH_LOGIN_VIEW_REDIRECT_URL] /Features/Brokerage-Integrations

[1 occurrence(s)]
DEBUG --> [REQ_ID=ffe31ea06fc8] [FILTER_AFTER]

[1 occurrence(s)]
DEBUG --> [REQ_ID=ffe31ea06fc8] [LIFECYCLE][END] status=200 duration_ms=101.42 memory_delta=0

[1 occurrence(s)]
DEBUG --> [REQ_ID=ffe31ea06fc8] [REQUEST][END]

[1 occurrence(s)]
DEBUG --> [REQ_ID=c072c4670009] [REQUEST][START] HEAD /

[1 occurrence(s)]
DEBUG --> [REQ_ID=c072c4670009] [REQUEST][END]

[1 occurrence(s)]
DEBUG --> [REQ_ID=dc6fc246cd25] [REQUEST][START] HEAD /

[1 occurrence(s)]
DEBUG --> [REQ_ID=dc6fc246cd25] [REQUEST][END]

[1 occurrence(s)]
DEBUG --> [REQ_ID=7a3b93cb7c5e] [REQUEST][START] HEAD /

[1 occurrence(s)]
DEBUG --> [REQ_ID=7a3b93cb7c5e] [REQUEST][END]

[1 occurrence(s)]
DEBUG --> [REQ_ID=debfdbf15a1d] [REQUEST][START] HEAD /

[1 occurrence(s)]
DEBUG --> [REQ_ID=debfdbf15a1d] [REQUEST][END]

[1 occurrence(s)]
DEBUG --> [REQ_ID=4de03a4853b2] [REQUEST][START] GET /index.php/Profile/

[1 occurrence(s)]
DEBUG --> [REQ_ID=4de03a4853b2] [FILTER_BEFORE] /index.php/Profile/

[1 occurrence(s)]
DEBUG --> [REQ_ID=4de03a4853b2] [ROUTE] Controller=\App\Controllers\App\Modules\User\Controllers\DashboardController Method=profile

[1 occurrence(s)]
DEBUG --> [REQ_ID=4de03a4853b2] [LIFECYCLE][START] GET https://www.mymiwallet.com/index.php/Profile/

[2 occurrence(s)]
DEBUG --> [CSRF] token name=csrf_test_name hash=e8be04e48afdc26b83150dc6e575aa6d

[1 occurrence(s)]
DEBUG --> [REQ_ID=4de03a4853b2] [REQUEST][END]

[1 occurrence(s)]
DEBUG --> [REQ_ID=cf7e06cf93da] [REQUEST][START] GET /index.php/login

[1 occurrence(s)]
DEBUG --> [REQ_ID=cf7e06cf93da] [FILTER_BEFORE] /index.php/login

[1 occurrence(s)]
DEBUG --> [REQ_ID=cf7e06cf93da] [ROUTE] Controller=\App\Controllers\AuthController Method=login

[1 occurrence(s)]
DEBUG --> [REQ_ID=cf7e06cf93da] [LIFECYCLE][START] GET https://www.mymiwallet.com/index.php/login

[1 occurrence(s)]
DEBUG --> [REQ_ID=eda18b00e02d] [INIT] App\Controllers\AuthController::GET

[1 occurrence(s)]
DEBUG --> [AUTH_LOGIN_VIEW_REDIRECT_URL] /Profile/

[1 occurrence(s)]
DEBUG --> [REQ_ID=cf7e06cf93da] [FILTER_AFTER]

[1 occurrence(s)]
DEBUG --> [REQ_ID=cf7e06cf93da] [LIFECYCLE][END] status=200 duration_ms=116.54 memory_delta=2097152

[1 occurrence(s)]
DEBUG --> [REQ_ID=cf7e06cf93da] [REQUEST][END]

[1 occurrence(s)]
DEBUG --> [REQ_ID=b655b1937a79] [REQUEST][START] HEAD /

[1 occurrence(s)]
DEBUG --> [REQ_ID=b655b1937a79] [REQUEST][END]

[1 occurrence(s)]
DEBUG --> [REQ_ID=b61bdf3e7856] [REQUEST][START] HEAD /

[1 occurrence(s)]
DEBUG --> [REQ_ID=b61bdf3e7856] [REQUEST][END]

[1 occurrence(s)]
DEBUG --> [REQ_ID=b4436651a2cd] [REQUEST][START] HEAD /

[1 occurrence(s)]
DEBUG --> [REQ_ID=b4436651a2cd] [REQUEST][END]

[1 occurrence(s)]
DEBUG --> [REQ_ID=214652d014ae] [REQUEST][START] GET /index.php/API/Management/Run-CRON-Tasks

[1 occurrence(s)]
DEBUG --> [REQ_ID=214652d014ae] [FILTER_BEFORE] /index.php/API/Management/Run-CRON-Tasks

[1 occurrence(s)]
DEBUG --> [REQ_ID=214652d014ae] [ROUTE] Controller=\App\Modules\APIs\Controllers\ManagementAPIController Method=Run_CRON_Tasks

[1 occurrence(s)]
DEBUG --> [REQ_ID=214652d014ae] [LIFECYCLE][START] GET https://www.mymiwallet.com/index.php/API/Management/Run-CRON-Tasks

[1 occurrence(s)]
DEBUG --> [REQ_ID=214652d014ae] [REQUEST][END]

[1 occurrence(s)]
DEBUG --> [REQ_ID=3001eeefcb69] [REQUEST][START] HEAD /

[1 occurrence(s)]
DEBUG --> [REQ_ID=3001eeefcb69] [REQUEST][END]

[1 occurrence(s)]
DEBUG --> [REQ_ID=cddf4a15f6fb] [REQUEST][START] HEAD /

[1 occurrence(s)]
DEBUG --> [REQ_ID=cddf4a15f6fb] [REQUEST][END]

[1 occurrence(s)]
DEBUG --> [REQ_ID=511ed8a75c7d] [REQUEST][START] GET /index.php/Management/Marketing/Campaigns

[1 occurrence(s)]
DEBUG --> [REQ_ID=511ed8a75c7d] [FILTER_BEFORE] /index.php/Management/Marketing/Campaigns

[1 occurrence(s)]
DEBUG --> [REQ_ID=511ed8a75c7d] [ROUTE] Controller=\App\Modules\Management\Controllers\MarketingAdminController Method=campaigns

[1 occurrence(s)]
DEBUG --> [REQ_ID=511ed8a75c7d] [LIFECYCLE][START] GET https://www.mymiwallet.com/index.php/Management/Marketing/Campaigns

[2 occurrence(s)]
DEBUG --> [CSRF] token name=csrf_test_name hash=21389424fd60daafbdb9a2063905d772

[1 occurrence(s)]
DEBUG --> [REQ_ID=511ed8a75c7d] [REQUEST][END]

[1 occurrence(s)]
DEBUG --> [REQ_ID=02325b75cfbb] [REQUEST][START] GET /index.php/login

[1 occurrence(s)]
DEBUG --> [REQ_ID=02325b75cfbb] [FILTER_BEFORE] /index.php/login

[1 occurrence(s)]
DEBUG --> [REQ_ID=02325b75cfbb] [ROUTE] Controller=\App\Controllers\AuthController Method=login

[1 occurrence(s)]
DEBUG --> [REQ_ID=02325b75cfbb] [LIFECYCLE][START] GET https://www.mymiwallet.com/index.php/login

[1 occurrence(s)]
DEBUG --> [REQ_ID=9f9589725f0c] [INIT] App\Controllers\AuthController::GET

[1 occurrence(s)]
DEBUG --> [AUTH_LOGIN_VIEW_REDIRECT_URL] /Management/Marketing/Campaigns

[1 occurrence(s)]
DEBUG --> [REQ_ID=02325b75cfbb] [FILTER_AFTER]

[1 occurrence(s)]
DEBUG --> [REQ_ID=02325b75cfbb] [LIFECYCLE][END] status=200 duration_ms=190.03 memory_delta=2097152

[1 occurrence(s)]
DEBUG --> [REQ_ID=02325b75cfbb] [REQUEST][END]

[1 occurrence(s)]
DEBUG --> [REQ_ID=62c205cb6015] [REQUEST][START] HEAD /

[1 occurrence(s)]
DEBUG --> [REQ_ID=62c205cb6015] [REQUEST][END]

[1 occurrence(s)]
DEBUG --> [REQ_ID=5464c621a36d] [REQUEST][START] GET /Exchange/Solana/Wallet/MetaMask

[1 occurrence(s)]
DEBUG --> [REQ_ID=5464c621a36d] [REQUEST][END]

[1 occurrence(s)]
DEBUG --> [REQ_ID=9caab6a715df] [REQUEST][START] GET /index.php/API/Alerts/fetchEmailAlerts

[1 occurrence(s)]
DEBUG --> [REQ_ID=9caab6a715df] [FILTER_BEFORE] /index.php/API/Alerts/fetchEmailAlerts

[1 occurrence(s)]
DEBUG --> [REQ_ID=9caab6a715df] [ROUTE] Controller=\App\Modules\APIs\Controllers\AlertsAPIController Method=fetchEmailAlerts

[1 occurrence(s)]
DEBUG --> [REQ_ID=9caab6a715df] [LIFECYCLE][START] GET https://www.mymiwallet.com/index.php/API/Alerts/fetchEmailAlerts

[1 occurrence(s)]
DEBUG --> [REQ_ID=9caab6a715df] [REQUEST][END]

[1 occurrence(s)]
DEBUG --> [REQ_ID=586b009c722f] [REQUEST][START] GET /

[1 occurrence(s)]
DEBUG --> [REQ_ID=586b009c722f] [FILTER_BEFORE] /

[1 occurrence(s)]
DEBUG --> [REQ_ID=586b009c722f] [ROUTE] Controller=\App\Controllers\Home Method=index

[1 occurrence(s)]
DEBUG --> [REQ_ID=586b009c722f] [LIFECYCLE][START] GET https://www.mymiwallet.com/index.php/

[1 occurrence(s)]
DEBUG --> [CSRF] token name=csrf_test_name hash=227fe6ffb90e896f43c07a16653246b4

[1 occurrence(s)]
DEBUG --> [REQ_ID=7836d7198542] [INIT] App\Controllers\Home::GET

[1 occurrence(s)]
DEBUG --> [REQ_ID=7836d7198542] [VIEW_RENDER] themes/public/home

[1 occurrence(s)]
DEBUG --> [REQ_ID=586b009c722f] [FILTER_AFTER]

[1 occurrence(s)]
DEBUG --> [REQ_ID=586b009c722f] [LIFECYCLE][END] status=200 duration_ms=588.28 memory_delta=4194304

[1 occurrence(s)]
DEBUG --> [REQ_ID=586b009c722f] [REQUEST][END]

[1 occurrence(s)]
DEBUG --> [REQ_ID=3287a3999844] [REQUEST][START] HEAD /

[1 occurrence(s)]
DEBUG --> [REQ_ID=3287a3999844] [REQUEST][END]

[1 occurrence(s)]
DEBUG --> [REQ_ID=05a251af8e83] [REQUEST][START] GET /index.php/Management/Marketing/Content/Generator

[1 occurrence(s)]
DEBUG --> [REQ_ID=05a251af8e83] [FILTER_BEFORE] /index.php/Management/Marketing/Content/Generator

[1 occurrence(s)]
DEBUG --> [REQ_ID=05a251af8e83] [ROUTE] Controller=\App\Modules\Management\Controllers\MarketingAdminController Method=contentGenerator

[1 occurrence(s)]
DEBUG --> [REQ_ID=05a251af8e83] [LIFECYCLE][START] GET https://www.mymiwallet.com/index.php/Management/Marketing/Content/Generator

[2 occurrence(s)]
DEBUG --> [CSRF] token name=csrf_test_name hash=8d82b8c597f9d4d240b3019a86cb2b3f

[1 occurrence(s)]
DEBUG --> [REQ_ID=05a251af8e83] [REQUEST][END]

[1 occurrence(s)]
DEBUG --> [REQ_ID=9d2d50ba91c7] [REQUEST][START] GET /index.php/login

[1 occurrence(s)]
DEBUG --> [REQ_ID=9d2d50ba91c7] [FILTER_BEFORE] /index.php/login

[1 occurrence(s)]
DEBUG --> [REQ_ID=9d2d50ba91c7] [ROUTE] Controller=\App\Controllers\AuthController Method=login

[1 occurrence(s)]
DEBUG --> [REQ_ID=9d2d50ba91c7] [LIFECYCLE][START] GET https://www.mymiwallet.com/index.php/login

[1 occurrence(s)]
DEBUG --> [REQ_ID=12c804e6b95a] [INIT] App\Controllers\AuthController::GET

[1 occurrence(s)]
DEBUG --> [AUTH_LOGIN_VIEW_REDIRECT_URL] /Management/Marketing/Content/Generator

[1 occurrence(s)]
DEBUG --> [REQ_ID=9d2d50ba91c7] [FILTER_AFTER]

[1 occurrence(s)]
DEBUG --> [REQ_ID=9d2d50ba91c7] [LIFECYCLE][END] status=200 duration_ms=50.57 memory_delta=2097152

[1 occurrence(s)]
DEBUG --> [REQ_ID=9d2d50ba91c7] [REQUEST][END]

[1 occurrence(s)]
DEBUG --> [REQ_ID=29f6d66b15dd] [REQUEST][START] HEAD /

[1 occurrence(s)]
DEBUG --> [REQ_ID=29f6d66b15dd] [REQUEST][END]

[1 occurrence(s)]
DEBUG --> [REQ_ID=dce429c7080d] [REQUEST][START] HEAD /

[1 occurrence(s)]
DEBUG --> [REQ_ID=dce429c7080d] [REQUEST][END]

[1 occurrence(s)]
DEBUG --> [REQ_ID=28772ae3d98e] [REQUEST][START] GET /

[1 occurrence(s)]
DEBUG --> [REQ_ID=28772ae3d98e] [REQUEST][END]

[1 occurrence(s)]
DEBUG --> [REQ_ID=49fac87950a7] [REQUEST][START] GET /index.php/Budget/Financial-Analysis

[1 occurrence(s)]
DEBUG --> [REQ_ID=49fac87950a7] [FILTER_BEFORE] /index.php/Budget/Financial-Analysis

[1 occurrence(s)]
DEBUG --> [REQ_ID=49fac87950a7] [ROUTE] Controller=\App\Modules\User\Controllers\BudgetController Method=financialAnalysis

[1 occurrence(s)]
DEBUG --> [REQ_ID=49fac87950a7] [LIFECYCLE][START] GET https://www.mymiwallet.com/index.php/Budget/Financial-Analysis

[2 occurrence(s)]
DEBUG --> [CSRF] token name=csrf_test_name hash=cfb8788cd7eef54a9d3bf0d2f9d12b6a

[1 occurrence(s)]
DEBUG --> [REQ_ID=49fac87950a7] [REQUEST][END]

[1 occurrence(s)]
DEBUG --> [REQ_ID=61fd60fc4675] [REQUEST][START] GET /index.php/login

[1 occurrence(s)]
DEBUG --> [REQ_ID=61fd60fc4675] [FILTER_BEFORE] /index.php/login

[1 occurrence(s)]
DEBUG --> [REQ_ID=61fd60fc4675] [ROUTE] Controller=\App\Controllers\AuthController Method=login

[1 occurrence(s)]
DEBUG --> [REQ_ID=61fd60fc4675] [LIFECYCLE][START] GET https://www.mymiwallet.com/index.php/login

[1 occurrence(s)]
DEBUG --> [REQ_ID=3ae80b672457] [INIT] App\Controllers\AuthController::GET

[1 occurrence(s)]
DEBUG --> [AUTH_LOGIN_VIEW_REDIRECT_URL] /Budget/Financial-Analysis

[1 occurrence(s)]
DEBUG --> [REQ_ID=61fd60fc4675] [FILTER_AFTER]

[1 occurrence(s)]
DEBUG --> [REQ_ID=61fd60fc4675] [LIFECYCLE][END] status=200 duration_ms=164.70 memory_delta=0

[1 occurrence(s)]
DEBUG --> [REQ_ID=61fd60fc4675] [REQUEST][END]

[1 occurrence(s)]
DEBUG --> [REQ_ID=664cb2bfc217] [REQUEST][START] HEAD /

[1 occurrence(s)]
DEBUG --> [REQ_ID=664cb2bfc217] [REQUEST][END]

[1 occurrence(s)]
DEBUG --> [REQ_ID=cef89fa59f7c] [REQUEST][START] GET /index.php/Premium_Features/Brokerage-Integrations

[1 occurrence(s)]
DEBUG --> [REQ_ID=cef89fa59f7c] [REQUEST][END]

[1 occurrence(s)]
DEBUG --> [REQ_ID=1e51c3e2ccd3] [REQUEST][START] GET /

[1 occurrence(s)]
DEBUG --> [REQ_ID=1e51c3e2ccd3] [FILTER_BEFORE] /

[1 occurrence(s)]
DEBUG --> [REQ_ID=1e51c3e2ccd3] [ROUTE] Controller=\App\Controllers\Home Method=index

[1 occurrence(s)]
DEBUG --> [REQ_ID=1e51c3e2ccd3] [LIFECYCLE][START] GET https://www.mymiwallet.com/index.php/

[1 occurrence(s)]
DEBUG --> [CSRF] token name=csrf_test_name hash=41a367a1b6a11db1ce282967c5cd7d1e

[1 occurrence(s)]
DEBUG --> [REQ_ID=09071518ebec] [INIT] App\Controllers\Home::GET

[1 occurrence(s)]
DEBUG --> [REQ_ID=09071518ebec] [VIEW_RENDER] themes/public/home

[1 occurrence(s)]
DEBUG --> [REQ_ID=1e51c3e2ccd3] [FILTER_AFTER]

[1 occurrence(s)]
DEBUG --> [REQ_ID=1e51c3e2ccd3] [LIFECYCLE][END] status=200 duration_ms=675.40 memory_delta=4194304

[1 occurrence(s)]
DEBUG --> [REQ_ID=1e51c3e2ccd3] [REQUEST][END]

[1 occurrence(s)]
DEBUG --> [REQ_ID=62b82abc9dec] [REQUEST][START] GET /index.php/How-It-Works/MyMI-Gold

[1 occurrence(s)]
DEBUG --> [REQ_ID=62b82abc9dec] [FILTER_BEFORE] /index.php/How-It-Works/MyMI-Gold

[1 occurrence(s)]
DEBUG --> [REQ_ID=62b82abc9dec] [ROUTE] Controller=\App\Modules\Blog\Controllers\HowItWorksController Method=show

[1 occurrence(s)]
DEBUG --> [REQ_ID=62b82abc9dec] [LIFECYCLE][START] GET https://www.mymiwallet.com/index.php/How-It-Works/MyMI-Gold

[1 occurrence(s)]
DEBUG --> [CSRF] token name=csrf_test_name hash=f6503fed609f05dac9b64387cb07da6c

[1 occurrence(s)]
DEBUG --> [REQ_ID=2113b05e63b3] [INIT] App\Modules\Blog\Controllers\HowItWorksController::GET

[1 occurrence(s)]
DEBUG --> [REQ_ID=2113b05e63b3] [METHOD_ENTRY] show

[10 occurrence(s)]
DEBUG --> MyMIUser L52 - initialized (first log).

[14 occurrence(s)]
DEBUG --> [SERVICE] App\Services\BudgetService ::setUserId

[10 occurrence(s)]
DEBUG --> MyMICoin initialized ONCE

[10 occurrence(s)]
DEBUG --> MyMICoin: guest context detected; skipping user-specific preload.

[1 occurrence(s)]
DEBUG --> [HOW_IT_WORKS] slug=mymi-gold

[1 occurrence(s)]
DEBUG --> [REQ_ID=62b82abc9dec] [FILTER_AFTER]

[1 occurrence(s)]
DEBUG --> [REQ_ID=62b82abc9dec] [LIFECYCLE][END] status=200 duration_ms=695.51 memory_delta=2097152

[1 occurrence(s)]
DEBUG --> [REQ_ID=62b82abc9dec] [REQUEST][END]

[1 occurrence(s)]
DEBUG --> [REQ_ID=0927898aeee2] [REQUEST][START] GET /

[1 occurrence(s)]
DEBUG --> [REQ_ID=0927898aeee2] [REQUEST][END]

[1 occurrence(s)]
DEBUG --> [REQ_ID=2492a08219f8] [REQUEST][START] HEAD /

[1 occurrence(s)]
DEBUG --> [REQ_ID=2492a08219f8] [REQUEST][END]

[1 occurrence(s)]
DEBUG --> [REQ_ID=0325ba64ee67] [REQUEST][START] HEAD /

[1 occurrence(s)]
DEBUG --> [REQ_ID=0325ba64ee67] [REQUEST][END]

[1 occurrence(s)]
DEBUG --> [REQ_ID=3f6d4077eb3e] [REQUEST][START] HEAD /

[1 occurrence(s)]
DEBUG --> [REQ_ID=3f6d4077eb3e] [REQUEST][END]

[1 occurrence(s)]
DEBUG --> [REQ_ID=d693b3617308] [REQUEST][START] HEAD /

[1 occurrence(s)]
DEBUG --> [REQ_ID=d693b3617308] [REQUEST][END]

[1 occurrence(s)]
DEBUG --> [REQ_ID=2bf4ec1ae555] [REQUEST][START] HEAD /

[1 occurrence(s)]
DEBUG --> [REQ_ID=2bf4ec1ae555] [REQUEST][END]

[1 occurrence(s)]
DEBUG --> [REQ_ID=45b619cf4825] [REQUEST][START] GET /

[1 occurrence(s)]
DEBUG --> [REQ_ID=45b619cf4825] [FILTER_BEFORE] /

[1 occurrence(s)]
DEBUG --> [REQ_ID=45b619cf4825] [ROUTE] Controller=\App\Controllers\Home Method=index

[1 occurrence(s)]
DEBUG --> [REQ_ID=45b619cf4825] [LIFECYCLE][START] GET https://www.mymiwallet.com/index.php/

[1 occurrence(s)]
DEBUG --> [CSRF] token name=csrf_test_name hash=e7ac190e723209221152b4b74186b4f9

[1 occurrence(s)]
DEBUG --> [REQ_ID=071221209ba6] [INIT] App\Controllers\Home::GET

[1 occurrence(s)]
DEBUG --> [REQ_ID=071221209ba6] [VIEW_RENDER] themes/public/home

[1 occurrence(s)]
DEBUG --> [REQ_ID=45b619cf4825] [FILTER_AFTER]

[1 occurrence(s)]
DEBUG --> [REQ_ID=45b619cf4825] [LIFECYCLE][END] status=200 duration_ms=555.48 memory_delta=4194304

[1 occurrence(s)]
DEBUG --> [REQ_ID=45b619cf4825] [REQUEST][END]

[1 occurrence(s)]
DEBUG --> [REQ_ID=8eed1cb2f58b] [REQUEST][START] GET /index.php/API/Management/Run-CRON-Tasks

[1 occurrence(s)]
DEBUG --> [REQ_ID=8eed1cb2f58b] [FILTER_BEFORE] /index.php/API/Management/Run-CRON-Tasks

[1 occurrence(s)]
DEBUG --> [REQ_ID=8eed1cb2f58b] [ROUTE] Controller=\App\Modules\APIs\Controllers\ManagementAPIController Method=Run_CRON_Tasks

[1 occurrence(s)]
DEBUG --> [REQ_ID=8eed1cb2f58b] [LIFECYCLE][START] GET https://www.mymiwallet.com/index.php/API/Management/Run-CRON-Tasks

[1 occurrence(s)]
DEBUG --> [REQ_ID=8eed1cb2f58b] [REQUEST][END]

[1 occurrence(s)]
DEBUG --> [REQ_ID=a94cecdd1248] [REQUEST][START] HEAD /

[1 occurrence(s)]
DEBUG --> [REQ_ID=a94cecdd1248] [REQUEST][END]

[1 occurrence(s)]
DEBUG --> [REQ_ID=c3fef7120176] [REQUEST][START] HEAD /

[1 occurrence(s)]
DEBUG --> [REQ_ID=c3fef7120176] [REQUEST][END]

[1 occurrence(s)]
DEBUG --> [REQ_ID=3df29b4dcf18] [REQUEST][START] GET /index.php/Free/register/MyMI-Budgeting-Tool

[1 occurrence(s)]
DEBUG --> [REQ_ID=3df29b4dcf18] [REQUEST][END]

[1 occurrence(s)]
DEBUG --> [REQ_ID=5efcad21f1b4] [REQUEST][START] HEAD /

[1 occurrence(s)]
DEBUG --> [REQ_ID=5efcad21f1b4] [REQUEST][END]

[1 occurrence(s)]
DEBUG --> [REQ_ID=28fd2f17cf0f] [REQUEST][START] GET /index.php/API/Alerts/fetchEmailAlerts

[1 occurrence(s)]
DEBUG --> [REQ_ID=28fd2f17cf0f] [FILTER_BEFORE] /index.php/API/Alerts/fetchEmailAlerts

[1 occurrence(s)]
DEBUG --> [REQ_ID=28fd2f17cf0f] [ROUTE] Controller=\App\Modules\APIs\Controllers\AlertsAPIController Method=fetchEmailAlerts

[1 occurrence(s)]
DEBUG --> [REQ_ID=28fd2f17cf0f] [LIFECYCLE][START] GET https://www.mymiwallet.com/index.php/API/Alerts/fetchEmailAlerts

[1 occurrence(s)]
DEBUG --> [REQ_ID=28fd2f17cf0f] [REQUEST][END]

[1 occurrence(s)]
DEBUG --> [REQ_ID=88370eccf014] [REQUEST][START] HEAD /

[1 occurrence(s)]
DEBUG --> [REQ_ID=88370eccf014] [REQUEST][END]

[1 occurrence(s)]
DEBUG --> [REQ_ID=431a9eb312ec] [REQUEST][START] HEAD /

[1 occurrence(s)]
DEBUG --> [REQ_ID=431a9eb312ec] [REQUEST][END]

[1 occurrence(s)]
DEBUG --> [REQ_ID=c348823f47fd] [REQUEST][START] HEAD /

[1 occurrence(s)]
DEBUG --> [REQ_ID=c348823f47fd] [REQUEST][END]

[1 occurrence(s)]
DEBUG --> [REQ_ID=6cedaf2fc35b] [REQUEST][START] HEAD /

[1 occurrence(s)]
DEBUG --> [REQ_ID=6cedaf2fc35b] [REQUEST][END]

[1 occurrence(s)]
DEBUG --> [REQ_ID=143dace95a78] [REQUEST][START] GET /index.php/Exchange

[1 occurrence(s)]
DEBUG --> [REQ_ID=143dace95a78] [FILTER_BEFORE] /index.php/Exchange

[1 occurrence(s)]
DEBUG --> [REQ_ID=143dace95a78] [ROUTE] Controller=\App\Modules\Exchange\Controllers\ExchangeController Method=index

[1 occurrence(s)]
DEBUG --> [REQ_ID=143dace95a78] [LIFECYCLE][START] GET https://www.mymiwallet.com/index.php/Exchange

[2 occurrence(s)]
DEBUG --> [CSRF] token name=csrf_test_name hash=f047f6920a08653688498e622c5dff50

[1 occurrence(s)]
DEBUG --> [REQ_ID=143dace95a78] [REQUEST][END]

[1 occurrence(s)]
DEBUG --> [REQ_ID=c17130d23eac] [REQUEST][START] GET /index.php/login

[1 occurrence(s)]
DEBUG --> [REQ_ID=c17130d23eac] [FILTER_BEFORE] /index.php/login

[1 occurrence(s)]
DEBUG --> [REQ_ID=c17130d23eac] [ROUTE] Controller=\App\Controllers\AuthController Method=login

[1 occurrence(s)]
DEBUG --> [REQ_ID=c17130d23eac] [LIFECYCLE][START] GET https://www.mymiwallet.com/index.php/login

[1 occurrence(s)]
DEBUG --> [REQ_ID=93cdb9e272f2] [INIT] App\Controllers\AuthController::GET

[1 occurrence(s)]
DEBUG --> [AUTH_LOGIN_VIEW_REDIRECT_URL] /Exchange

[1 occurrence(s)]
DEBUG --> [REQ_ID=c17130d23eac] [FILTER_AFTER]

[1 occurrence(s)]
DEBUG --> [REQ_ID=c17130d23eac] [LIFECYCLE][END] status=200 duration_ms=185.40 memory_delta=2097152

[1 occurrence(s)]
DEBUG --> [REQ_ID=c17130d23eac] [REQUEST][END]

[1 occurrence(s)]
DEBUG --> [REQ_ID=80f7dee028bc] [REQUEST][START] HEAD /

[1 occurrence(s)]
DEBUG --> [REQ_ID=80f7dee028bc] [REQUEST][END]

[1 occurrence(s)]
DEBUG --> [REQ_ID=1e641a662aeb] [REQUEST][START] HEAD /

[1 occurrence(s)]
DEBUG --> [REQ_ID=1e641a662aeb] [REQUEST][END]

[1 occurrence(s)]
DEBUG --> [REQ_ID=a4ab810b83b7] [REQUEST][START] HEAD /

[1 occurrence(s)]
DEBUG --> [REQ_ID=a4ab810b83b7] [REQUEST][END]

[1 occurrence(s)]
DEBUG --> [REQ_ID=7cc54e3cc346] [REQUEST][START] HEAD /

[1 occurrence(s)]
DEBUG --> [REQ_ID=7cc54e3cc346] [REQUEST][END]

[1 occurrence(s)]
DEBUG --> [REQ_ID=0c81366a3261] [REQUEST][START] PUT /vendor/phpunit/phpunit/src/Util/PHP/eval-stdin.php

[1 occurrence(s)]
DEBUG --> [REQ_ID=0c81366a3261] [REQUEST][END]

[1 occurrence(s)]
DEBUG --> [REQ_ID=84a30c9633b5] [REQUEST][START] GET /vendor/phpunit/phpunit/src/Util/PHP/eval-stdin.php

[1 occurrence(s)]
DEBUG --> [REQ_ID=84a30c9633b5] [REQUEST][END]

[1 occurrence(s)]
DEBUG --> [REQ_ID=a0cdde3d006b] [REQUEST][START] PUT /vendor/phpunit/phpunit/src/Util/PHP/eval-stdin.php

[1 occurrence(s)]
DEBUG --> [REQ_ID=a0cdde3d006b] [REQUEST][END]

[1 occurrence(s)]
DEBUG --> [REQ_ID=2adb8b0979c0] [REQUEST][START] POST /vendor/phpunit/phpunit/src/Util/PHP/eval-stdin.php

[1 occurrence(s)]
DEBUG --> [REQ_ID=2adb8b0979c0] [REQUEST][END]

[1 occurrence(s)]
DEBUG --> [REQ_ID=7c7556f1aee6] [REQUEST][START] HEAD /

[1 occurrence(s)]
DEBUG --> [REQ_ID=7c7556f1aee6] [REQUEST][END]

[1 occurrence(s)]
DEBUG --> [REQ_ID=f693d185317f] [REQUEST][START] POST /vendor/phpunit/phpunit/src/Util/PHP/eval-stdin.php

[1 occurrence(s)]
DEBUG --> [REQ_ID=f693d185317f] [REQUEST][END]

[1 occurrence(s)]
DEBUG --> [REQ_ID=c81fa7bee0c3] [REQUEST][START] GET /vendor/phpunit/phpunit/src/Util/PHP/eval-stdin.php

[1 occurrence(s)]
DEBUG --> [REQ_ID=c81fa7bee0c3] [REQUEST][END]

[1 occurrence(s)]
DEBUG --> [REQ_ID=71a2a8660f1a] [REQUEST][START] GET /index.php/Knowledgebase/Technical-Support

[1 occurrence(s)]
DEBUG --> [REQ_ID=71a2a8660f1a] [REQUEST][END]

[1 occurrence(s)]
DEBUG --> [REQ_ID=d81161235fb4] [REQUEST][START] GET /index.php/Purchase/MyMIGold

[1 occurrence(s)]
DEBUG --> [REQ_ID=d81161235fb4] [FILTER_BEFORE] /index.php/Purchase/MyMIGold

[1 occurrence(s)]
DEBUG --> [REQ_ID=d81161235fb4] [ROUTE] Controller=closure_route Method=index

[1 occurrence(s)]
DEBUG --> [REQ_ID=d81161235fb4] [LIFECYCLE][START] GET https://www.mymiwallet.com/index.php/Purchase/MyMIGold

[2 occurrence(s)]
DEBUG --> [CSRF] token name=csrf_test_name hash=01d43f3964fffc15a25a16b563378900

[1 occurrence(s)]
DEBUG --> [REQ_ID=d81161235fb4] [REQUEST][END]

[1 occurrence(s)]
DEBUG --> [REQ_ID=e6cc3c5cf2ee] [REQUEST][START] GET /index.php/login

[1 occurrence(s)]
DEBUG --> [REQ_ID=e6cc3c5cf2ee] [FILTER_BEFORE] /index.php/login

[1 occurrence(s)]
DEBUG --> [REQ_ID=e6cc3c5cf2ee] [ROUTE] Controller=\App\Controllers\AuthController Method=login

[1 occurrence(s)]
DEBUG --> [REQ_ID=e6cc3c5cf2ee] [LIFECYCLE][START] GET https://www.mymiwallet.com/index.php/login

[1 occurrence(s)]
DEBUG --> [REQ_ID=9131c7d9a6e0] [INIT] App\Controllers\AuthController::GET

[1 occurrence(s)]
DEBUG --> [AUTH_LOGIN_VIEW_REDIRECT_URL] /Purchase/MyMIGold

[1 occurrence(s)]
DEBUG --> [REQ_ID=e6cc3c5cf2ee] [FILTER_AFTER]

[1 occurrence(s)]
DEBUG --> [REQ_ID=e6cc3c5cf2ee] [LIFECYCLE][END] status=200 duration_ms=34.97 memory_delta=0

[1 occurrence(s)]
DEBUG --> [REQ_ID=e6cc3c5cf2ee] [REQUEST][END]

[1 occurrence(s)]
DEBUG --> [REQ_ID=5ced97de0175] [REQUEST][START] GET /index.php/API/Management/Run-CRON-Tasks

[1 occurrence(s)]
DEBUG --> [REQ_ID=5ced97de0175] [FILTER_BEFORE] /index.php/API/Management/Run-CRON-Tasks

[1 occurrence(s)]
DEBUG --> [REQ_ID=5ced97de0175] [ROUTE] Controller=\App\Modules\APIs\Controllers\ManagementAPIController Method=Run_CRON_Tasks

[1 occurrence(s)]
DEBUG --> [REQ_ID=5ced97de0175] [LIFECYCLE][START] GET https://www.mymiwallet.com/index.php/API/Management/Run-CRON-Tasks

[1 occurrence(s)]
DEBUG --> [REQ_ID=5ced97de0175] [REQUEST][END]

[1 occurrence(s)]
DEBUG --> [REQ_ID=29677d0c15ff] [REQUEST][START] HEAD /

[1 occurrence(s)]
DEBUG --> [REQ_ID=29677d0c15ff] [REQUEST][END]

[1 occurrence(s)]
DEBUG --> [REQ_ID=d7b0abec666e] [REQUEST][START] GET /index.php/Investments

[1 occurrence(s)]
DEBUG --> [REQ_ID=d7b0abec666e] [FILTER_BEFORE] /index.php/Investments

[1 occurrence(s)]
DEBUG --> [REQ_ID=d7b0abec666e] [ROUTE] Controller=\App\Modules\User\Controllers\InvestmentsController Method=index

[1 occurrence(s)]
DEBUG --> [REQ_ID=d7b0abec666e] [LIFECYCLE][START] GET https://www.mymiwallet.com/index.php/Investments

[2 occurrence(s)]
DEBUG --> [CSRF] token name=csrf_test_name hash=0d4d1113e45c79b7a6b5895606bcbd37

[1 occurrence(s)]
DEBUG --> [REQ_ID=d7b0abec666e] [REQUEST][END]

[1 occurrence(s)]
DEBUG --> [REQ_ID=770ca0cba559] [REQUEST][START] GET /index.php/login

[1 occurrence(s)]
DEBUG --> [REQ_ID=770ca0cba559] [FILTER_BEFORE] /index.php/login

[1 occurrence(s)]
DEBUG --> [REQ_ID=770ca0cba559] [ROUTE] Controller=\App\Controllers\AuthController Method=login

[1 occurrence(s)]
DEBUG --> [REQ_ID=770ca0cba559] [LIFECYCLE][START] GET https://www.mymiwallet.com/index.php/login

[1 occurrence(s)]
DEBUG --> [REQ_ID=f01235b04cbb] [INIT] App\Controllers\AuthController::GET

[1 occurrence(s)]
DEBUG --> [AUTH_LOGIN_VIEW_REDIRECT_URL] /Investments

[1 occurrence(s)]
DEBUG --> [REQ_ID=770ca0cba559] [FILTER_AFTER]

[1 occurrence(s)]
DEBUG --> [REQ_ID=770ca0cba559] [LIFECYCLE][END] status=200 duration_ms=120.44 memory_delta=2097152

[1 occurrence(s)]
DEBUG --> [REQ_ID=770ca0cba559] [REQUEST][END]

[1 occurrence(s)]
DEBUG --> [REQ_ID=e2d1c65a9612] [REQUEST][START] HEAD /

[1 occurrence(s)]
DEBUG --> [REQ_ID=e2d1c65a9612] [REQUEST][END]

[1 occurrence(s)]
DEBUG --> [REQ_ID=84f6bdea3442] [REQUEST][START] GET /index.php/Preview/Alert/GRAB

[1 occurrence(s)]
DEBUG --> [REQ_ID=84f6bdea3442] [FILTER_BEFORE] /index.php/Preview/Alert/GRAB

[1 occurrence(s)]
DEBUG --> [REQ_ID=84f6bdea3442] [ROUTE] Controller=\App\Modules\User\Controllers\AlertsController Method=preview

[1 occurrence(s)]
DEBUG --> [REQ_ID=84f6bdea3442] [LIFECYCLE][START] GET https://www.mymiwallet.com/index.php/Preview/Alert/GRAB

[1 occurrence(s)]
DEBUG --> [CSRF] token name=csrf_test_name hash=e2d017dde235f43e447bab1249024185

[1 occurrence(s)]
DEBUG --> [REQ_ID=2dea349eddea] [INIT] App\Modules\User\Controllers\AlertsController::GET

[1 occurrence(s)]
DEBUG --> [REQ_ID=2dea349eddea] [METHOD_ENTRY] preview

[4 occurrence(s)]
DEBUG --> MyMIInvestments: no session user detected; skipping personalized hydration.

[2 occurrence(s)]
DEBUG --> MyMIMarketing: Pscrape library not installed; Google search scraping will use fallback.

[4 occurrence(s)]
DEBUG --> MyMIAlerts: no authenticated user context detected.

[1 occurrence(s)]
DEBUG --> [REQ_ID=2dea349eddea] [VIEW_RENDER] themes/public/previewAlert

[1 occurrence(s)]
DEBUG --> [REQ_ID=84f6bdea3442] [FILTER_AFTER]

[1 occurrence(s)]
DEBUG --> [REQ_ID=84f6bdea3442] [LIFECYCLE][END] status=200 duration_ms=640.83 memory_delta=2097152

[1 occurrence(s)]
DEBUG --> [REQ_ID=84f6bdea3442] [REQUEST][END]

[1 occurrence(s)]
DEBUG --> [REQ_ID=eff59873860d] [REQUEST][START] HEAD /

[1 occurrence(s)]
DEBUG --> [REQ_ID=eff59873860d] [REQUEST][END]

[1 occurrence(s)]
DEBUG --> [REQ_ID=b5bce30c9858] [REQUEST][START] GET /index.php/Preview/Alert/NASDAQ-GUTS

[1 occurrence(s)]
DEBUG --> [REQ_ID=b5bce30c9858] [FILTER_BEFORE] /index.php/Preview/Alert/NASDAQ-GUTS

[1 occurrence(s)]
DEBUG --> [REQ_ID=b5bce30c9858] [ROUTE] Controller=\App\Modules\User\Controllers\AlertsController Method=preview

[1 occurrence(s)]
DEBUG --> [REQ_ID=b5bce30c9858] [LIFECYCLE][START] GET https://www.mymiwallet.com/index.php/Preview/Alert/NASDAQ-GUTS

[1 occurrence(s)]
DEBUG --> [CSRF] token name=csrf_test_name hash=536283a43353a1ad7ed77c57356a8c76

[1 occurrence(s)]
DEBUG --> [REQ_ID=73c078e234de] [INIT] App\Modules\User\Controllers\AlertsController::GET

[1 occurrence(s)]
DEBUG --> [REQ_ID=73c078e234de] [METHOD_ENTRY] preview

[1 occurrence(s)]
DEBUG --> TwelveData batch response error: **symbol** or **figi** parameter is missing or invalid. Please provide a valid symbol according to API documentation: https://twelvedata.com/docs#reference-data

[1 occurrence(s)]
DEBUG --> Marketstack fallback failed: 22 : The requested URL returned error: 403

[1 occurrence(s)]
DEBUG --> [REQ_ID=73c078e234de] [VIEW_RENDER] themes/public/previewAlert

[1 occurrence(s)]
DEBUG --> [REQ_ID=b5bce30c9858] [FILTER_AFTER]

[1 occurrence(s)]
DEBUG --> [REQ_ID=b5bce30c9858] [LIFECYCLE][END] status=200 duration_ms=871.80 memory_delta=4194304

[1 occurrence(s)]
DEBUG --> [REQ_ID=b5bce30c9858] [REQUEST][END]

[1 occurrence(s)]
DEBUG --> [REQ_ID=4410667885db] [REQUEST][START] GET /index.php/API/Alerts/fetchEmailAlerts

[1 occurrence(s)]
DEBUG --> [REQ_ID=4410667885db] [FILTER_BEFORE] /index.php/API/Alerts/fetchEmailAlerts

[1 occurrence(s)]
DEBUG --> [REQ_ID=4410667885db] [ROUTE] Controller=\App\Modules\APIs\Controllers\AlertsAPIController Method=fetchEmailAlerts

[1 occurrence(s)]
DEBUG --> [REQ_ID=4410667885db] [LIFECYCLE][START] GET https://www.mymiwallet.com/index.php/API/Alerts/fetchEmailAlerts

[1 occurrence(s)]
DEBUG --> [REQ_ID=4410667885db] [REQUEST][END]

[1 occurrence(s)]
DEBUG --> [REQ_ID=9575b3b39760] [REQUEST][START] HEAD /

[1 occurrence(s)]
DEBUG --> [REQ_ID=9575b3b39760] [REQUEST][END]

[1 occurrence(s)]
DEBUG --> [REQ_ID=c628a4472ef6] [REQUEST][START] GET /index.php/Management/Marketing/Blog-Creator

[1 occurrence(s)]
DEBUG --> [REQ_ID=c628a4472ef6] [FILTER_BEFORE] /index.php/Management/Marketing/Blog-Creator

[1 occurrence(s)]
DEBUG --> [REQ_ID=c628a4472ef6] [ROUTE] Controller=\App\Modules\Management\Controllers\MarketingAdminController Method=blogCreator

[1 occurrence(s)]
DEBUG --> [REQ_ID=c628a4472ef6] [LIFECYCLE][START] GET https://www.mymiwallet.com/index.php/Management/Marketing/Blog-Creator

[2 occurrence(s)]
DEBUG --> [CSRF] token name=csrf_test_name hash=084e79721bd09d5d7632d5ae1c07ae7d

[1 occurrence(s)]
DEBUG --> [REQ_ID=c628a4472ef6] [REQUEST][END]

[1 occurrence(s)]
DEBUG --> [REQ_ID=409a3d248469] [REQUEST][START] GET /index.php/login

[1 occurrence(s)]
DEBUG --> [REQ_ID=409a3d248469] [FILTER_BEFORE] /index.php/login

[1 occurrence(s)]
DEBUG --> [REQ_ID=409a3d248469] [ROUTE] Controller=\App\Controllers\AuthController Method=login

[1 occurrence(s)]
DEBUG --> [REQ_ID=409a3d248469] [LIFECYCLE][START] GET https://www.mymiwallet.com/index.php/login

[1 occurrence(s)]
DEBUG --> [REQ_ID=f6551eb07434] [INIT] App\Controllers\AuthController::GET

[2 occurrence(s)]
DEBUG --> [AUTH_LOGIN_VIEW_REDIRECT_URL] /Management/Marketing/Blog-Creator

[1 occurrence(s)]
DEBUG --> [REQ_ID=409a3d248469] [FILTER_AFTER]

[1 occurrence(s)]
DEBUG --> [REQ_ID=409a3d248469] [LIFECYCLE][END] status=200 duration_ms=37.31 memory_delta=0

[1 occurrence(s)]
DEBUG --> [REQ_ID=409a3d248469] [REQUEST][END]

[1 occurrence(s)]
DEBUG --> [REQ_ID=c441b3a99bbb] [REQUEST][START] GET /index.php/Management/Marketing/Blog-Creator

[1 occurrence(s)]
DEBUG --> [REQ_ID=c441b3a99bbb] [FILTER_BEFORE] /index.php/Management/Marketing/Blog-Creator

[1 occurrence(s)]
DEBUG --> [REQ_ID=c441b3a99bbb] [ROUTE] Controller=\App\Modules\Management\Controllers\MarketingAdminController Method=blogCreator

[1 occurrence(s)]
DEBUG --> [REQ_ID=c441b3a99bbb] [LIFECYCLE][START] GET https://www.mymiwallet.com/index.php/Management/Marketing/Blog-Creator

[2 occurrence(s)]
DEBUG --> [CSRF] token name=csrf_test_name hash=ac13da1b0528c4b99fa63daf9d85598a

[1 occurrence(s)]
DEBUG --> [REQ_ID=c441b3a99bbb] [REQUEST][END]

[1 occurrence(s)]
DEBUG --> [REQ_ID=b9f0ca21c352] [REQUEST][START] GET /index.php/login

[1 occurrence(s)]
DEBUG --> [REQ_ID=b9f0ca21c352] [FILTER_BEFORE] /index.php/login

[1 occurrence(s)]
DEBUG --> [REQ_ID=b9f0ca21c352] [ROUTE] Controller=\App\Controllers\AuthController Method=login

[1 occurrence(s)]
DEBUG --> [REQ_ID=b9f0ca21c352] [LIFECYCLE][START] GET https://www.mymiwallet.com/index.php/login

[1 occurrence(s)]
DEBUG --> [REQ_ID=ae3be715e899] [INIT] App\Controllers\AuthController::GET

[1 occurrence(s)]
DEBUG --> [REQ_ID=b9f0ca21c352] [FILTER_AFTER]

[1 occurrence(s)]
DEBUG --> [REQ_ID=b9f0ca21c352] [LIFECYCLE][END] status=200 duration_ms=109.00 memory_delta=0

[1 occurrence(s)]
DEBUG --> [REQ_ID=b9f0ca21c352] [REQUEST][END]

[1 occurrence(s)]
DEBUG --> [REQ_ID=18b63e3a699d] [REQUEST][START] HEAD /

[1 occurrence(s)]
DEBUG --> [REQ_ID=18b63e3a699d] [REQUEST][END]

[1 occurrence(s)]
DEBUG --> [REQ_ID=c35dafbc0566] [REQUEST][START] GET /index.php/How-It-Works/MyMI-Exchange

[1 occurrence(s)]
DEBUG --> [REQ_ID=c35dafbc0566] [FILTER_BEFORE] /index.php/How-It-Works/MyMI-Exchange

[1 occurrence(s)]
DEBUG --> [REQ_ID=c35dafbc0566] [ROUTE] Controller=\App\Modules\Blog\Controllers\HowItWorksController Method=show

[1 occurrence(s)]
DEBUG --> [REQ_ID=c35dafbc0566] [LIFECYCLE][START] GET https://www.mymiwallet.com/index.php/How-It-Works/MyMI-Exchange

[1 occurrence(s)]
DEBUG --> [CSRF] token name=csrf_test_name hash=2dcba13bab0af48d980e0c4737484d3b

[1 occurrence(s)]
DEBUG --> [REQ_ID=cac6daf7ea96] [INIT] App\Modules\Blog\Controllers\HowItWorksController::GET

[1 occurrence(s)]
DEBUG --> [REQ_ID=cac6daf7ea96] [METHOD_ENTRY] show

[2 occurrence(s)]
DEBUG --> [HOW_IT_WORKS] slug=mymi-exchange

[1 occurrence(s)]
DEBUG --> [REQ_ID=c35dafbc0566] [FILTER_AFTER]

[1 occurrence(s)]
DEBUG --> [REQ_ID=c35dafbc0566] [LIFECYCLE][END] status=200 duration_ms=664.05 memory_delta=4194304

[1 occurrence(s)]
DEBUG --> [REQ_ID=c35dafbc0566] [REQUEST][END]

[1 occurrence(s)]
DEBUG --> [REQ_ID=5b6e7d273284] [REQUEST][START] GET /index.php/activate

[1 occurrence(s)]
DEBUG --> [REQ_ID=5b6e7d273284] [FILTER_BEFORE] /index.php/activate

[1 occurrence(s)]
DEBUG --> [REQ_ID=5b6e7d273284] [ROUTE] Controller=\App\Controllers\AuthController Method=activateAccount

[1 occurrence(s)]
DEBUG --> [REQ_ID=5b6e7d273284] [LIFECYCLE][START] GET https://www.mymiwallet.com/index.php/activate

[2 occurrence(s)]
DEBUG --> [CSRF] token name=csrf_test_name hash=9891130c5772ea94a352d4426c1f5951

[1 occurrence(s)]
DEBUG --> [REQ_ID=031292b07f08] [INIT] App\Controllers\AuthController::GET

[1 occurrence(s)]
DEBUG --> [REQ_ID=5b6e7d273284] [FILTER_AFTER]

[1 occurrence(s)]
DEBUG --> [REQ_ID=5b6e7d273284] [LIFECYCLE][END] status=302 duration_ms=52.34 memory_delta=0

[1 occurrence(s)]
DEBUG --> [REQ_ID=5b6e7d273284] [REQUEST][END]

[1 occurrence(s)]
DEBUG --> [REQ_ID=37e9e507f40b] [REQUEST][START] GET /index.php/Support/Account

[1 occurrence(s)]
DEBUG --> [REQ_ID=37e9e507f40b] [FILTER_BEFORE] /index.php/Support/Account

[1 occurrence(s)]
DEBUG --> [REQ_ID=37e9e507f40b] [ROUTE] Controller=\App\Modules\Support\Controllers\AccountSupportController Method=index

[1 occurrence(s)]
DEBUG --> [REQ_ID=37e9e507f40b] [LIFECYCLE][START] GET https://www.mymiwallet.com/index.php/Support/Account

[1 occurrence(s)]
DEBUG --> [REQ_ID=e181d8bf9bee] [INIT] App\Modules\Support\Controllers\AccountSupportController::GET

[1 occurrence(s)]
DEBUG --> [REQ_ID=e181d8bf9bee] [METHOD_ENTRY] index

[1 occurrence(s)]
DEBUG --> [REQ_ID=e181d8bf9bee] [VIEW_RENDER] SupportModule/Support/account_help

[1 occurrence(s)]
DEBUG --> [REQ_ID=37e9e507f40b] [FILTER_AFTER]

[1 occurrence(s)]
DEBUG --> [REQ_ID=37e9e507f40b] [LIFECYCLE][END] status=200 duration_ms=30.16 memory_delta=0

[1 occurrence(s)]
DEBUG --> [REQ_ID=37e9e507f40b] [REQUEST][END]

[1 occurrence(s)]
DEBUG --> [REQ_ID=bebb13e3ff79] [REQUEST][START] GET /

[1 occurrence(s)]
DEBUG --> [REQ_ID=bebb13e3ff79] [FILTER_BEFORE] /

[1 occurrence(s)]
DEBUG --> [REQ_ID=bebb13e3ff79] [ROUTE] Controller=\App\Controllers\Home Method=index

[1 occurrence(s)]
DEBUG --> [REQ_ID=bebb13e3ff79] [LIFECYCLE][START] GET https://www.mymiwallet.com/index.php/

[1 occurrence(s)]
DEBUG --> [CSRF] token name=csrf_test_name hash=3e02cf60cd30372ac3cbf50420f5e040

[1 occurrence(s)]
DEBUG --> [REQ_ID=fa32c9e34c10] [INIT] App\Controllers\Home::GET

[1 occurrence(s)]
DEBUG --> [REQ_ID=fa32c9e34c10] [VIEW_RENDER] themes/public/home

[1 occurrence(s)]
DEBUG --> [REQ_ID=bebb13e3ff79] [FILTER_AFTER]

[1 occurrence(s)]
DEBUG --> [REQ_ID=bebb13e3ff79] [LIFECYCLE][END] status=200 duration_ms=623.95 memory_delta=4194304

[1 occurrence(s)]
DEBUG --> [REQ_ID=bebb13e3ff79] [REQUEST][END]

[1 occurrence(s)]
DEBUG --> [REQ_ID=fd405cc9f9e7] [REQUEST][START] GET /index.php/How-It-Works/Daily-Financial-News

[1 occurrence(s)]
DEBUG --> [REQ_ID=fd405cc9f9e7] [FILTER_BEFORE] /index.php/How-It-Works/Daily-Financial-News

[1 occurrence(s)]
DEBUG --> [REQ_ID=fd405cc9f9e7] [ROUTE] Controller=\App\Modules\Blog\Controllers\HowItWorksController Method=show

[1 occurrence(s)]
DEBUG --> [REQ_ID=fd405cc9f9e7] [LIFECYCLE][START] GET https://www.mymiwallet.com/index.php/How-It-Works/Daily-Financial-News

[1 occurrence(s)]
DEBUG --> [CSRF] token name=csrf_test_name hash=ceaf8f220fd1372c0e4697c31de4cb4f

[1 occurrence(s)]
DEBUG --> [REQ_ID=ebe3f96b04e5] [INIT] App\Modules\Blog\Controllers\HowItWorksController::GET

[1 occurrence(s)]
DEBUG --> [REQ_ID=ebe3f96b04e5] [METHOD_ENTRY] show

[1 occurrence(s)]
DEBUG --> [HOW_IT_WORKS] slug=daily-financial-news

[1 occurrence(s)]
DEBUG --> [REQ_ID=fd405cc9f9e7] [FILTER_AFTER]

[1 occurrence(s)]
DEBUG --> [REQ_ID=fd405cc9f9e7] [LIFECYCLE][END] status=200 duration_ms=614.52 memory_delta=4194304

[1 occurrence(s)]
DEBUG --> [REQ_ID=fd405cc9f9e7] [REQUEST][END]

[1 occurrence(s)]
DEBUG --> [REQ_ID=59f2aa41c7f0] [REQUEST][START] GET /index.php/How-It-Works/Registering-An-Account

[1 occurrence(s)]
DEBUG --> [REQ_ID=59f2aa41c7f0] [FILTER_BEFORE] /index.php/How-It-Works/Registering-An-Account

[1 occurrence(s)]
DEBUG --> [REQ_ID=59f2aa41c7f0] [ROUTE] Controller=\App\Modules\Blog\Controllers\HowItWorksController Method=show

[1 occurrence(s)]
DEBUG --> [REQ_ID=59f2aa41c7f0] [LIFECYCLE][START] GET https://www.mymiwallet.com/index.php/How-It-Works/Registering-An-Account

[1 occurrence(s)]
DEBUG --> [CSRF] token name=csrf_test_name hash=914c350b9e0dafe17206d07838801a56

[1 occurrence(s)]
DEBUG --> [REQ_ID=70123bccd8a5] [INIT] App\Modules\Blog\Controllers\HowItWorksController::GET

[1 occurrence(s)]
DEBUG --> [REQ_ID=70123bccd8a5] [METHOD_ENTRY] show

[1 occurrence(s)]
DEBUG --> [HOW_IT_WORKS] slug=registering-an-account

[1 occurrence(s)]
DEBUG --> [REQ_ID=59f2aa41c7f0] [FILTER_AFTER]

[1 occurrence(s)]
DEBUG --> [REQ_ID=59f2aa41c7f0] [LIFECYCLE][END] status=200 duration_ms=555.30 memory_delta=2097152

[1 occurrence(s)]
DEBUG --> [REQ_ID=59f2aa41c7f0] [REQUEST][END]

[1 occurrence(s)]
DEBUG --> [REQ_ID=c52c524c84bc] [REQUEST][START] GET /index.php/How-It-Works/MyMI-Exchange

[1 occurrence(s)]
DEBUG --> [REQ_ID=c52c524c84bc] [FILTER_BEFORE] /index.php/How-It-Works/MyMI-Exchange

[1 occurrence(s)]
DEBUG --> [REQ_ID=c52c524c84bc] [ROUTE] Controller=\App\Modules\Blog\Controllers\HowItWorksController Method=show

[1 occurrence(s)]
DEBUG --> [REQ_ID=c52c524c84bc] [LIFECYCLE][START] GET https://www.mymiwallet.com/index.php/How-It-Works/MyMI-Exchange

[1 occurrence(s)]
DEBUG --> [CSRF] token name=csrf_test_name hash=41ab5eaac6ed22fcd97453d8d41545fb

[1 occurrence(s)]
DEBUG --> [REQ_ID=36493f57c68b] [INIT] App\Modules\Blog\Controllers\HowItWorksController::GET

[1 occurrence(s)]
DEBUG --> [REQ_ID=36493f57c68b] [METHOD_ENTRY] show

[1 occurrence(s)]
DEBUG --> [REQ_ID=c52c524c84bc] [FILTER_AFTER]

[1 occurrence(s)]
DEBUG --> [REQ_ID=c52c524c84bc] [LIFECYCLE][END] status=200 duration_ms=562.68 memory_delta=2097152

[1 occurrence(s)]
DEBUG --> [REQ_ID=c52c524c84bc] [REQUEST][END]

[1 occurrence(s)]
DEBUG --> [REQ_ID=0929f6886fc1] [REQUEST][START] HEAD /

[1 occurrence(s)]
DEBUG --> [REQ_ID=0929f6886fc1] [REQUEST][END]

[1 occurrence(s)]
DEBUG --> [REQ_ID=463b3189361c] [REQUEST][START] GET /index.php/Management/Assets

[1 occurrence(s)]
DEBUG --> [REQ_ID=463b3189361c] [FILTER_BEFORE] /index.php/Management/Assets

[1 occurrence(s)]
DEBUG --> [REQ_ID=463b3189361c] [ROUTE] Controller=\App\Modules\Management\Controllers\AssetsAdminController Method=index

[1 occurrence(s)]
DEBUG --> [REQ_ID=463b3189361c] [LIFECYCLE][START] GET https://www.mymiwallet.com/index.php/Management/Assets

[2 occurrence(s)]
DEBUG --> [CSRF] token name=csrf_test_name hash=16fe51e5065a54524a8fc98c4ddd700a

[1 occurrence(s)]
DEBUG --> [REQ_ID=463b3189361c] [REQUEST][END]

[1 occurrence(s)]
DEBUG --> [REQ_ID=b45209985a8d] [REQUEST][START] GET /index.php/login

[1 occurrence(s)]
DEBUG --> [REQ_ID=b45209985a8d] [FILTER_BEFORE] /index.php/login

[1 occurrence(s)]
DEBUG --> [REQ_ID=b45209985a8d] [ROUTE] Controller=\App\Controllers\AuthController Method=login

[1 occurrence(s)]
DEBUG --> [REQ_ID=b45209985a8d] [LIFECYCLE][START] GET https://www.mymiwallet.com/index.php/login

[1 occurrence(s)]
DEBUG --> [REQ_ID=2921b2bcb660] [INIT] App\Controllers\AuthController::GET

[1 occurrence(s)]
DEBUG --> [AUTH_LOGIN_VIEW_REDIRECT_URL] /Management/Assets

[1 occurrence(s)]
DEBUG --> [REQ_ID=b45209985a8d] [FILTER_AFTER]

[1 occurrence(s)]
DEBUG --> [REQ_ID=b45209985a8d] [LIFECYCLE][END] status=200 duration_ms=51.03 memory_delta=0

[1 occurrence(s)]
DEBUG --> [REQ_ID=b45209985a8d] [REQUEST][END]

[1 occurrence(s)]
DEBUG --> [REQ_ID=9ac8e57a880d] [REQUEST][START] GET /

[1 occurrence(s)]
DEBUG --> [REQ_ID=9ac8e57a880d] [FILTER_BEFORE] /

[1 occurrence(s)]
DEBUG --> [REQ_ID=9ac8e57a880d] [ROUTE] Controller=\App\Controllers\Home Method=index

[1 occurrence(s)]
DEBUG --> [REQ_ID=9ac8e57a880d] [LIFECYCLE][START] GET https://www.mymiwallet.com/index.php/

[1 occurrence(s)]
DEBUG --> [CSRF] token name=csrf_test_name hash=d85b8f613dc4c7286aeda7f2125aeb12

[1 occurrence(s)]
DEBUG --> [REQ_ID=ace52f9dc5eb] [INIT] App\Controllers\Home::GET

[2 occurrence(s)]
DEBUG --> [MetaService] slug= pageName= cacheHit=1 path=CACHE

[1 occurrence(s)]
DEBUG --> [REQ_ID=ace52f9dc5eb] [VIEW_RENDER] themes/public/home

[1 occurrence(s)]
DEBUG --> [REQ_ID=9ac8e57a880d] [FILTER_AFTER]

[1 occurrence(s)]
DEBUG --> [REQ_ID=9ac8e57a880d] [LIFECYCLE][END] status=200 duration_ms=544.94 memory_delta=4194304

[1 occurrence(s)]
DEBUG --> [REQ_ID=9ac8e57a880d] [REQUEST][END]

[1 occurrence(s)]
DEBUG --> [REQ_ID=3e81b6147c0d] [REQUEST][START] GET /index.php/How-It-Works/Investment-Dashboard

[1 occurrence(s)]
DEBUG --> [REQ_ID=3e81b6147c0d] [FILTER_BEFORE] /index.php/How-It-Works/Investment-Dashboard

[1 occurrence(s)]
DEBUG --> [REQ_ID=3e81b6147c0d] [ROUTE] Controller=\App\Modules\Blog\Controllers\HowItWorksController Method=show

[1 occurrence(s)]
DEBUG --> [REQ_ID=3e81b6147c0d] [LIFECYCLE][START] GET https://www.mymiwallet.com/index.php/How-It-Works/Investment-Dashboard

[1 occurrence(s)]
DEBUG --> [CSRF] token name=csrf_test_name hash=844781efd292acef8191d99252d4b946

[1 occurrence(s)]
DEBUG --> [REQ_ID=9d83fb6304eb] [INIT] App\Modules\Blog\Controllers\HowItWorksController::GET

[1 occurrence(s)]
DEBUG --> [REQ_ID=9d83fb6304eb] [METHOD_ENTRY] show

[1 occurrence(s)]
DEBUG --> [HOW_IT_WORKS] slug=investment-dashboard

[1 occurrence(s)]
DEBUG --> [REQ_ID=3e81b6147c0d] [FILTER_AFTER]

[1 occurrence(s)]
DEBUG --> [REQ_ID=3e81b6147c0d] [LIFECYCLE][END] status=200 duration_ms=672.60 memory_delta=2097152

[1 occurrence(s)]
DEBUG --> [REQ_ID=3e81b6147c0d] [REQUEST][END]

[1 occurrence(s)]
DEBUG --> [REQ_ID=0656a8e7ee5d] [REQUEST][START] GET /index.php/How-It-Works/financial-forecasting

[1 occurrence(s)]
DEBUG --> [REQ_ID=0656a8e7ee5d] [FILTER_BEFORE] /index.php/How-It-Works/financial-forecasting

[1 occurrence(s)]
DEBUG --> [REQ_ID=0656a8e7ee5d] [ROUTE] Controller=\App\Modules\Blog\Controllers\HowItWorksController Method=show

[1 occurrence(s)]
DEBUG --> [REQ_ID=0656a8e7ee5d] [LIFECYCLE][START] GET https://www.mymiwallet.com/index.php/How-It-Works/financial-forecasting

[1 occurrence(s)]
DEBUG --> [CSRF] token name=csrf_test_name hash=cbb761acc0b00911e5acdba813ec5f25

[1 occurrence(s)]
DEBUG --> [REQ_ID=d472b991f5e5] [INIT] App\Modules\Blog\Controllers\HowItWorksController::GET

[1 occurrence(s)]
DEBUG --> [REQ_ID=d472b991f5e5] [METHOD_ENTRY] show

[1 occurrence(s)]
DEBUG --> [HOW_IT_WORKS] slug=financial-forecasting

[1 occurrence(s)]
DEBUG --> [REQ_ID=0656a8e7ee5d] [FILTER_AFTER]

[1 occurrence(s)]
DEBUG --> [REQ_ID=0656a8e7ee5d] [LIFECYCLE][END] status=200 duration_ms=41.62 memory_delta=0

[1 occurrence(s)]
DEBUG --> [REQ_ID=0656a8e7ee5d] [REQUEST][END]

[1 occurrence(s)]
DEBUG --> [REQ_ID=984fb9a1d61b] [REQUEST][START] HEAD /

[1 occurrence(s)]
DEBUG --> [REQ_ID=984fb9a1d61b] [REQUEST][END]

[1 occurrence(s)]
DEBUG --> [REQ_ID=877e8615d343] [REQUEST][START] GET /Free

[1 occurrence(s)]
DEBUG --> [REQ_ID=877e8615d343] [REQUEST][END]

[1 occurrence(s)]
DEBUG --> [REQ_ID=a1073fd7466f] [REQUEST][START] GET /

[1 occurrence(s)]
DEBUG --> [REQ_ID=a1073fd7466f] [FILTER_BEFORE] /

[1 occurrence(s)]
DEBUG --> [REQ_ID=a1073fd7466f] [ROUTE] Controller=\App\Controllers\Home Method=index

[1 occurrence(s)]
DEBUG --> [REQ_ID=a1073fd7466f] [LIFECYCLE][START] GET https://www.mymiwallet.com/index.php/

[1 occurrence(s)]
DEBUG --> [CSRF] token name=csrf_test_name hash=c4d88a6518811c3c9245c3e39f169bff

[1 occurrence(s)]
DEBUG --> [REQ_ID=5cb5d7618010] [INIT] App\Controllers\Home::GET

[1 occurrence(s)]
DEBUG --> [REQ_ID=5cb5d7618010] [VIEW_RENDER] themes/public/home

[1 occurrence(s)]
DEBUG --> [REQ_ID=a1073fd7466f] [FILTER_AFTER]

[1 occurrence(s)]
DEBUG --> [REQ_ID=a1073fd7466f] [LIFECYCLE][END] status=200 duration_ms=510.48 memory_delta=4194304

[1 occurrence(s)]
DEBUG --> [REQ_ID=a1073fd7466f] [REQUEST][END]

[1 occurrence(s)]
DEBUG --> [REQ_ID=85a27e110e9b] [REQUEST][START] GET /index.php/Budget

[1 occurrence(s)]
DEBUG --> [REQ_ID=85a27e110e9b] [FILTER_BEFORE] /index.php/Budget

[1 occurrence(s)]
DEBUG --> [REQ_ID=85a27e110e9b] [ROUTE] Controller=\App\Modules\User\Controllers\BudgetController Method=index

[1 occurrence(s)]
DEBUG --> [REQ_ID=85a27e110e9b] [LIFECYCLE][START] GET https://www.mymiwallet.com/index.php/Budget

[2 occurrence(s)]
DEBUG --> [CSRF] token name=csrf_test_name hash=f6d09820d52cb6031c410cfba07b9ea0

[1 occurrence(s)]
DEBUG --> [REQ_ID=85a27e110e9b] [REQUEST][END]

[1 occurrence(s)]
DEBUG --> [REQ_ID=a558b96c2e31] [REQUEST][START] GET /index.php/login

[1 occurrence(s)]
DEBUG --> [REQ_ID=a558b96c2e31] [FILTER_BEFORE] /index.php/login

[1 occurrence(s)]
DEBUG --> [REQ_ID=a558b96c2e31] [ROUTE] Controller=\App\Controllers\AuthController Method=login

[1 occurrence(s)]
DEBUG --> [REQ_ID=a558b96c2e31] [LIFECYCLE][START] GET https://www.mymiwallet.com/index.php/login

[1 occurrence(s)]
DEBUG --> [REQ_ID=f2b790b5ade8] [INIT] App\Controllers\AuthController::GET

[1 occurrence(s)]
DEBUG --> [AUTH_LOGIN_VIEW_REDIRECT_URL] /Budget

[1 occurrence(s)]
DEBUG --> [REQ_ID=a558b96c2e31] [FILTER_AFTER]

[1 occurrence(s)]
DEBUG --> [REQ_ID=a558b96c2e31] [LIFECYCLE][END] status=200 duration_ms=228.36 memory_delta=2097152

[1 occurrence(s)]
DEBUG --> [REQ_ID=a558b96c2e31] [REQUEST][END]

[1 occurrence(s)]
DEBUG --> [REQ_ID=3a1c4ddde33c] [REQUEST][START] HEAD /

[1 occurrence(s)]
DEBUG --> [REQ_ID=3a1c4ddde33c] [REQUEST][END]

[1 occurrence(s)]
DEBUG --> [REQ_ID=f6d075bd79d1] [REQUEST][START] HEAD /

[1 occurrence(s)]
DEBUG --> [REQ_ID=f6d075bd79d1] [REQUEST][END]

[1 occurrence(s)]
DEBUG --> [REQ_ID=0e437d642c4d] [REQUEST][START] HEAD /

[1 occurrence(s)]
DEBUG --> [REQ_ID=0e437d642c4d] [REQUEST][END]

[1 occurrence(s)]
DEBUG --> [REQ_ID=6db02c1af61e] [REQUEST][START] HEAD /

[1 occurrence(s)]
DEBUG --> [REQ_ID=6db02c1af61e] [REQUEST][END]

[1 occurrence(s)]
DEBUG --> [REQ_ID=dfce416ca599] [REQUEST][START] HEAD /

[1 occurrence(s)]
DEBUG --> [REQ_ID=dfce416ca599] [REQUEST][END]

[1 occurrence(s)]
DEBUG --> [REQ_ID=f298ce953689] [REQUEST][START] GET /index.php/API/Management/Run-CRON-Tasks

[1 occurrence(s)]
DEBUG --> [REQ_ID=f298ce953689] [FILTER_BEFORE] /index.php/API/Management/Run-CRON-Tasks

[1 occurrence(s)]
DEBUG --> [REQ_ID=f298ce953689] [ROUTE] Controller=\App\Modules\APIs\Controllers\ManagementAPIController Method=Run_CRON_Tasks

[1 occurrence(s)]
DEBUG --> [REQ_ID=f298ce953689] [LIFECYCLE][START] GET https://www.mymiwallet.com/index.php/API/Management/Run-CRON-Tasks

[1 occurrence(s)]
DEBUG --> [REQ_ID=f298ce953689] [REQUEST][END]


---------------------------
LEVEL: INFO
---------------------------

[1 occurrence(s)]
INFO --> [REQ_ID=d6592266e866] [PERF] Execution time=0.106460

[1 occurrence(s)]
INFO --> [REQ_ID=5e58ed96750b] [PERF] Execution time=0.100331

[1 occurrence(s)]
INFO --> [REQ_ID=a6109a5dc58c] [PERF] Execution time=0.090880

[1 occurrence(s)]
INFO --> [REQ_ID=311aaf1b8f75] [PERF] Execution time=0.131921

[1 occurrence(s)]
INFO --> [REQ_ID=e77eeadb042b] [PERF] Execution time=0.056671

[1 occurrence(s)]
INFO --> [REQ_ID=f107e1f293f3] [PERF] Execution time=0.043451

[1 occurrence(s)]
INFO --> [REQ_ID=d8f06a8addbf] [MEMORY][controller-start] 4194304

[22 occurrence(s)]
INFO --> [AUTH_VIEW] Rendering login view

[1 occurrence(s)]
INFO --> [REQ_ID=d8f06a8addbf] [PERF] Execution time=0.196620

[1 occurrence(s)]
INFO --> [REQ_ID=78effeb9c1c7] [PERF] Execution time=0.217142

[1 occurrence(s)]
INFO --> [REQ_ID=e60904d0e8c2] [PERF] Execution time=0.034656

[1 occurrence(s)]
INFO --> [REQ_ID=e1f2f4c1d74a] [PERF] Execution time=0.052418

[1 occurrence(s)]
INFO --> [REQ_ID=755ab2574bb3] [MEMORY][controller-start] 4194304

[1 occurrence(s)]
INFO --> [REQ_ID=755ab2574bb3] [PERF] Execution time=0.090650

[1 occurrence(s)]
INFO --> [REQ_ID=5c341c37fdce] [PERF] Execution time=0.105078

[1 occurrence(s)]
INFO --> [REQ_ID=8cd9d9f9ebff] [PERF] Execution time=0.097058

[1 occurrence(s)]
INFO --> [REQ_ID=23d057dfb8ad] [PERF] Execution time=0.048528

[1 occurrence(s)]
INFO --> [REQ_ID=d48b4080f62a] [PERF] Execution time=0.094076

[1 occurrence(s)]
INFO --> [REQ_ID=265cc6cfeffc] [PERF] Execution time=0.081444

[1 occurrence(s)]
INFO --> [REQ_ID=4350d2034982] [PERF] Execution time=0.085350

[1 occurrence(s)]
INFO --> [REQ_ID=80a68c017e4a] [PERF] Execution time=0.198413

[1 occurrence(s)]
INFO --> [REQ_ID=7fe70272e7f5] [PERF] Execution time=0.084185

[1 occurrence(s)]
INFO --> [REQ_ID=dc40792e0c48] [PERF] Execution time=0.060607

[1 occurrence(s)]
INFO --> [REQ_ID=91572bf9d7ad] [PERF] Execution time=0.035065

[1 occurrence(s)]
INFO --> [REQ_ID=24d05598dffa] [MEMORY][controller-start] 4194304

[1 occurrence(s)]
INFO --> [REQ_ID=24d05598dffa] [PERF] Execution time=0.212496

[1 occurrence(s)]
INFO --> [REQ_ID=03e1085a9c7c] [PERF] Execution time=0.227351

[1 occurrence(s)]
INFO --> [REQ_ID=14253bb96c29] [PERF] Execution time=0.076222

[1 occurrence(s)]
INFO --> [REQ_ID=7166020735ea] [PERF] Execution time=0.100006

[1 occurrence(s)]
INFO --> [REQ_ID=300b1ed8a04a] [PERF] Execution time=0.138533

[1 occurrence(s)]
INFO --> [REQ_ID=b46cd739a301] [PERF] Execution time=0.052529

[1 occurrence(s)]
INFO --> [REQ_ID=135a01baf000] [MEMORY][controller-start] 4194304

[1 occurrence(s)]
INFO --> [REQ_ID=135a01baf000] [PERF] Execution time=0.078419

[1 occurrence(s)]
INFO --> [REQ_ID=8d6f26b36a42] [PERF] Execution time=0.094914

[1 occurrence(s)]
INFO --> REDIRECTED ROUTE at https://www.mymiwallet.com/Investments/Trade-Tracker

[1 occurrence(s)]
INFO --> [REQ_ID=766d072637aa] [PERF] Execution time=0.040491

[1 occurrence(s)]
INFO --> [REQ_ID=4bdef504ab80] [PERF] Execution time=0.106991

[1 occurrence(s)]
INFO --> [REQ_ID=7821eb2554ba] [PERF] Execution time=0.150556

[1 occurrence(s)]
INFO --> [REQ_ID=2662a85f50de] [PERF] Execution time=0.151377

[1 occurrence(s)]
INFO --> [REQ_ID=45e167023110] [MEMORY][controller-start] 6291456

[1 occurrence(s)]
INFO --> [REQ_ID=45e167023110] [MEMORY][commonData:start] 8388608

[1 occurrence(s)]
INFO --> [PERF][HOME] buildCommonData complete in 538.5ms

[1 occurrence(s)]
INFO --> [PERF][HOME] index commonData done in 538.99ms

[1 occurrence(s)]
INFO --> [REQ_ID=45e167023110] [MEMORY][commonData:start] 10485760

[2 occurrence(s)]
INFO --> themesMemory usage: 10485760

[1 occurrence(s)]
INFO --> [PERF][HOME] index renderTheme done in 18.75ms

[1 occurrence(s)]
INFO --> [REQ_ID=45e167023110] [PERF] Execution time=0.727752

[1 occurrence(s)]
INFO --> [REQ_ID=57d607bd8da2] [PERF] Execution time=0.777293

[1 occurrence(s)]
INFO --> [REQ_ID=5e632e0444a4] [PERF] Execution time=0.051836

[1 occurrence(s)]
INFO --> [REQ_ID=0e038b386201] [PERF] Execution time=0.232255

[1 occurrence(s)]
INFO --> [REQ_ID=be38fb49bb5d] [PERF] Execution time=0.073509

[1 occurrence(s)]
INFO --> [REQ_ID=0d7e6f0e96f0] [PERF] Execution time=0.245209

[1 occurrence(s)]
INFO --> [REQ_ID=87211aec2f52] [PERF] Execution time=0.275882

[1 occurrence(s)]
INFO --> REDIRECTED ROUTE at https://www.mymiwallet.com/Knowledgebase/Tutorials

[1 occurrence(s)]
INFO --> [REQ_ID=9c5aff7a978c] [PERF] Execution time=0.039401

[1 occurrence(s)]
INFO --> [REQ_ID=8748748f3152] [PERF] Execution time=0.026996

[1 occurrence(s)]
INFO --> [REQ_ID=7beff34052ec] [MEMORY][controller-start] 4194304

[1 occurrence(s)]
INFO --> [REQ_ID=7beff34052ec] [PERF] Execution time=0.058458

[1 occurrence(s)]
INFO --> [REQ_ID=9fd658fdd202] [PERF] Execution time=0.077070

[1 occurrence(s)]
INFO --> [REQ_ID=97947c513af7] [PERF] Execution time=0.072123

[1 occurrence(s)]
INFO --> [REQ_ID=bbefd77e0b52] [PERF] Execution time=0.050713

[1 occurrence(s)]
INFO --> [REQ_ID=0b24e8738f47] [MEMORY][controller-start] 4194304

[1 occurrence(s)]
INFO --> [REQ_ID=0b24e8738f47] [PERF] Execution time=0.176120

[1 occurrence(s)]
INFO --> [REQ_ID=e99a8fe96423] [PERF] Execution time=0.191575

[1 occurrence(s)]
INFO --> [REQ_ID=9406d1eeb88f] [PERF] Execution time=0.097728

[1 occurrence(s)]
INFO --> [REQ_ID=2f992eecb657] [PERF] Execution time=0.186997

[1 occurrence(s)]
INFO --> [REQ_ID=5715da0d8e9f] [PERF] Execution time=0.034623

[1 occurrence(s)]
INFO --> [REQ_ID=535fa472135c] [PERF] Execution time=0.237424

[1 occurrence(s)]
INFO --> [REQ_ID=716215a411b0] [MEMORY][controller-start] 4194304

[1 occurrence(s)]
INFO --> [REQ_ID=716215a411b0] [MEMORY][commonData:start] 6291456

[1 occurrence(s)]
INFO --> [PERF][HOME] buildCommonData complete in 532.33ms

[1 occurrence(s)]
INFO --> [PERF][HOME] index commonData done in 532.85ms

[1 occurrence(s)]
INFO --> [REQ_ID=716215a411b0] [MEMORY][commonData:start] 8388608

[7 occurrence(s)]
INFO --> themesMemory usage: 8388608

[1 occurrence(s)]
INFO --> [PERF][HOME] index renderTheme done in 6.83ms

[1 occurrence(s)]
INFO --> [REQ_ID=716215a411b0] [PERF] Execution time=0.639998

[1 occurrence(s)]
INFO --> [REQ_ID=d0600dfb6072] [PERF] Execution time=0.658934

[1 occurrence(s)]
INFO --> [REQ_ID=59d1cedd05b3] [PERF] Execution time=0.035110

[1 occurrence(s)]
INFO --> [REQ_ID=e9174bb51ce8] [PERF] Execution time=0.105468

[1 occurrence(s)]
INFO --> [REQ_ID=cff915ba46ff] [PERF] Execution time=0.112723

[1 occurrence(s)]
INFO --> [REQ_ID=00c463458bf7] [PERF] Execution time=0.085293

[1 occurrence(s)]
INFO --> [REQ_ID=60dbc3d6f63d] [PERF] Execution time=0.145704

[1 occurrence(s)]
INFO --> [REQ_ID=5ce862b103db] [PERF] Execution time=0.145108

[1 occurrence(s)]
INFO --> [REQ_ID=b443818e3d3e] [PERF] Execution time=0.208447

[1 occurrence(s)]
INFO --> [REQ_ID=e746bdd21808] [PERF] Execution time=0.059902

[1 occurrence(s)]
INFO --> [REQ_ID=f36294b72da9] [PERF] Execution time=0.158865

[1 occurrence(s)]
INFO --> [REQ_ID=599ece33a5e9] [PERF] Execution time=0.248222

[1 occurrence(s)]
INFO --> [REQ_ID=a6a9fe7fba39] [PERF] Execution time=0.191595

[1 occurrence(s)]
INFO --> [REQ_ID=6abf3829c0ab] [PERF] Execution time=0.084943

[1 occurrence(s)]
INFO --> [REQ_ID=8b3f501d0818] [PERF] Execution time=0.016206

[1 occurrence(s)]
INFO --> [REQ_ID=0c7081996e15] [PERF] Execution time=0.015701

[1 occurrence(s)]
INFO --> [REQ_ID=60acb55ae72e] [PERF] Execution time=0.015087

[1 occurrence(s)]
INFO --> [REQ_ID=1756f253e3c6] [PERF] Execution time=0.013441

[1 occurrence(s)]
INFO --> [REQ_ID=38fb5b5cf357] [PERF] Execution time=0.015679

[1 occurrence(s)]
INFO --> [REQ_ID=36f34a06573f] [PERF] Execution time=0.013252

[1 occurrence(s)]
INFO --> [REQ_ID=14483368accf] [PERF] Execution time=0.013094

[1 occurrence(s)]
INFO --> [REQ_ID=57c3eb44aee5] [PERF] Execution time=0.017011

[1 occurrence(s)]
INFO --> [REQ_ID=bea2dd0c35b0] [PERF] Execution time=0.013856

[1 occurrence(s)]
INFO --> [REQ_ID=fd966ceb7cb3] [PERF] Execution time=0.015864

[1 occurrence(s)]
INFO --> [REQ_ID=0c654d39b79c] [PERF] Execution time=0.016724

[1 occurrence(s)]
INFO --> [REQ_ID=e02eaf40165a] [PERF] Execution time=0.017335

[1 occurrence(s)]
INFO --> [REQ_ID=635fd2514734] [PERF] Execution time=0.016609

[1 occurrence(s)]
INFO --> [REQ_ID=a63bc6eba005] [PERF] Execution time=0.015254

[1 occurrence(s)]
INFO --> [REQ_ID=0d3212630e18] [PERF] Execution time=0.013538

[1 occurrence(s)]
INFO --> [REQ_ID=3c0643471623] [PERF] Execution time=0.013958

[1 occurrence(s)]
INFO --> [REQ_ID=4d53280adf74] [PERF] Execution time=0.016231

[1 occurrence(s)]
INFO --> [REQ_ID=f041f218ab3b] [PERF] Execution time=0.016496

[1 occurrence(s)]
INFO --> [REQ_ID=537de770d6d4] [PERF] Execution time=0.019422

[1 occurrence(s)]
INFO --> [REQ_ID=53b6348a1bca] [PERF] Execution time=0.018934

[1 occurrence(s)]
INFO --> [REQ_ID=fb344e7c3dcc] [PERF] Execution time=0.012631

[1 occurrence(s)]
INFO --> [REQ_ID=aa8ac67c22f2] [PERF] Execution time=0.019500

[1 occurrence(s)]
INFO --> [REQ_ID=be200b7fecdc] [PERF] Execution time=0.015311

[1 occurrence(s)]
INFO --> [REQ_ID=8cbbf69d8c76] [PERF] Execution time=0.016437

[1 occurrence(s)]
INFO --> [REQ_ID=1c8f94fa71b2] [PERF] Execution time=0.014833

[1 occurrence(s)]
INFO --> [REQ_ID=2fca75dc47b3] [PERF] Execution time=0.022180

[1 occurrence(s)]
INFO --> [REQ_ID=8c82241ac8a0] [PERF] Execution time=0.014063

[1 occurrence(s)]
INFO --> [REQ_ID=7f9984df901e] [PERF] Execution time=0.013598

[1 occurrence(s)]
INFO --> [REQ_ID=9b69bf82ece0] [PERF] Execution time=0.014340

[1 occurrence(s)]
INFO --> [REQ_ID=978242e9bfb1] [PERF] Execution time=0.013072

[1 occurrence(s)]
INFO --> [REQ_ID=e46b0c417576] [PERF] Execution time=0.014414

[1 occurrence(s)]
INFO --> [REQ_ID=0b640e446251] [PERF] Execution time=0.014229

[1 occurrence(s)]
INFO --> [REQ_ID=24d6a3d0acad] [PERF] Execution time=0.015206

[1 occurrence(s)]
INFO --> [REQ_ID=91c47e97aed2] [PERF] Execution time=0.013481

[1 occurrence(s)]
INFO --> [REQ_ID=4cc377bfa665] [PERF] Execution time=0.012960

[1 occurrence(s)]
INFO --> [REQ_ID=c481d749c10c] [PERF] Execution time=0.013194

[1 occurrence(s)]
INFO --> [REQ_ID=196da2a622d9] [PERF] Execution time=0.025716

[1 occurrence(s)]
INFO --> [REQ_ID=0dd83ed6136a] [PERF] Execution time=0.013135

[1 occurrence(s)]
INFO --> [REQ_ID=c502113bf656] [PERF] Execution time=0.016790

[1 occurrence(s)]
INFO --> [REQ_ID=6b0c8a6afdfa] [PERF] Execution time=0.016967

[1 occurrence(s)]
INFO --> [REQ_ID=6f9467b51a01] [PERF] Execution time=0.017928

[1 occurrence(s)]
INFO --> [REQ_ID=82db1837036c] [PERF] Execution time=0.019212

[1 occurrence(s)]
INFO --> [REQ_ID=f6b234c97aed] [PERF] Execution time=0.018675

[1 occurrence(s)]
INFO --> [REQ_ID=84951c39f7a6] [PERF] Execution time=0.018871

[1 occurrence(s)]
INFO --> [REQ_ID=d8a863b1c866] [PERF] Execution time=0.017175

[1 occurrence(s)]
INFO --> [REQ_ID=b9c64dd09835] [PERF] Execution time=0.016920

[1 occurrence(s)]
INFO --> [REQ_ID=fdf39237532f] [PERF] Execution time=0.014978

[1 occurrence(s)]
INFO --> [REQ_ID=28e687b29b7d] [PERF] Execution time=0.018713

[1 occurrence(s)]
INFO --> [REQ_ID=76525a7a9a10] [PERF] Execution time=0.014730

[1 occurrence(s)]
INFO --> [REQ_ID=622dfbafc471] [PERF] Execution time=0.020022

[1 occurrence(s)]
INFO --> [REQ_ID=c0d5c52d080a] [PERF] Execution time=0.018778

[1 occurrence(s)]
INFO --> [REQ_ID=99cc1f854566] [PERF] Execution time=0.013897

[1 occurrence(s)]
INFO --> [REQ_ID=3a0fd1747f97] [PERF] Execution time=0.014561

[1 occurrence(s)]
INFO --> [REQ_ID=c74e4f6b057d] [PERF] Execution time=0.015874

[1 occurrence(s)]
INFO --> [REQ_ID=de2d6758c717] [PERF] Execution time=0.015417

[1 occurrence(s)]
INFO --> [REQ_ID=8a98f1b48ee4] [PERF] Execution time=0.014011

[1 occurrence(s)]
INFO --> [REQ_ID=85ee85d9824f] [PERF] Execution time=0.017325

[1 occurrence(s)]
INFO --> [REQ_ID=c5bffb32d717] [PERF] Execution time=0.015736

[1 occurrence(s)]
INFO --> [REQ_ID=0b2e8d2c1657] [PERF] Execution time=0.016038

[1 occurrence(s)]
INFO --> [REQ_ID=e6e52650a072] [PERF] Execution time=0.013767

[1 occurrence(s)]
INFO --> [REQ_ID=0138f9cab320] [PERF] Execution time=0.013060

[1 occurrence(s)]
INFO --> [REQ_ID=237d7e09099c] [PERF] Execution time=0.015638

[1 occurrence(s)]
INFO --> [REQ_ID=ab9d758d7f3c] [PERF] Execution time=0.015037

[1 occurrence(s)]
INFO --> [REQ_ID=f51999c05895] [PERF] Execution time=0.013760

[1 occurrence(s)]
INFO --> [REQ_ID=f75b68ed213e] [PERF] Execution time=0.017861

[1 occurrence(s)]
INFO --> [REQ_ID=2701488019e4] [PERF] Execution time=0.014576

[1 occurrence(s)]
INFO --> [REQ_ID=9b4969f0383f] [PERF] Execution time=0.015825

[1 occurrence(s)]
INFO --> [REQ_ID=b70c3d4f1032] [PERF] Execution time=0.015635

[1 occurrence(s)]
INFO --> [REQ_ID=d045307046e8] [PERF] Execution time=0.015879

[1 occurrence(s)]
INFO --> [REQ_ID=29f23dd8b6b2] [PERF] Execution time=0.013158

[1 occurrence(s)]
INFO --> [REQ_ID=62d65991e690] [PERF] Execution time=0.019198

[1 occurrence(s)]
INFO --> [REQ_ID=ea5c4811465e] [PERF] Execution time=0.017142

[1 occurrence(s)]
INFO --> [REQ_ID=e9af5d80320b] [PERF] Execution time=0.013897

[1 occurrence(s)]
INFO --> [REQ_ID=ac7363310a3e] [PERF] Execution time=0.015386

[1 occurrence(s)]
INFO --> [REQ_ID=9c39351bdbde] [PERF] Execution time=0.016059

[1 occurrence(s)]
INFO --> [REQ_ID=9a54d6a7e058] [PERF] Execution time=0.016469

[1 occurrence(s)]
INFO --> [REQ_ID=e7bea5ae9313] [PERF] Execution time=0.012877

[1 occurrence(s)]
INFO --> [REQ_ID=efe394c73d8d] [PERF] Execution time=0.021009

[1 occurrence(s)]
INFO --> [REQ_ID=db74a68f1563] [PERF] Execution time=0.013155

[1 occurrence(s)]
INFO --> [REQ_ID=a9e93f596c48] [PERF] Execution time=0.020581

[1 occurrence(s)]
INFO --> [REQ_ID=d67560e3a973] [PERF] Execution time=0.015535

[1 occurrence(s)]
INFO --> [REQ_ID=a1b77cbdb570] [PERF] Execution time=0.014116

[1 occurrence(s)]
INFO --> [REQ_ID=f7f83c583834] [PERF] Execution time=0.014778

[1 occurrence(s)]
INFO --> [REQ_ID=da3d00a0e6d8] [PERF] Execution time=0.014475

[1 occurrence(s)]
INFO --> [REQ_ID=27b03bc3e1e5] [PERF] Execution time=0.014808

[1 occurrence(s)]
INFO --> [REQ_ID=9af53957dba2] [PERF] Execution time=0.012237

[1 occurrence(s)]
INFO --> [REQ_ID=c30a023b1a2b] [PERF] Execution time=0.017910

[1 occurrence(s)]
INFO --> [REQ_ID=9d44518eb60e] [PERF] Execution time=0.014119

[1 occurrence(s)]
INFO --> [REQ_ID=df0512df1c0c] [PERF] Execution time=0.013433

[1 occurrence(s)]
INFO --> [REQ_ID=41fe598fbc4d] [PERF] Execution time=0.014940

[1 occurrence(s)]
INFO --> [REQ_ID=531c77d4ebb6] [PERF] Execution time=0.014059

[1 occurrence(s)]
INFO --> [REQ_ID=728b7d75eef3] [PERF] Execution time=0.016662

[1 occurrence(s)]
INFO --> [REQ_ID=d0f0ed5bbee7] [PERF] Execution time=0.017010

[1 occurrence(s)]
INFO --> [REQ_ID=a0712dca79a9] [PERF] Execution time=0.012983

[1 occurrence(s)]
INFO --> [REQ_ID=a2a6dcededce] [PERF] Execution time=0.013770

[1 occurrence(s)]
INFO --> [REQ_ID=668ac1841acb] [PERF] Execution time=0.013718

[1 occurrence(s)]
INFO --> [REQ_ID=8179fe0f5959] [PERF] Execution time=0.014965

[1 occurrence(s)]
INFO --> [REQ_ID=194eedb25e64] [PERF] Execution time=0.015744

[1 occurrence(s)]
INFO --> [REQ_ID=e942c13c025b] [PERF] Execution time=0.015172

[1 occurrence(s)]
INFO --> [REQ_ID=22faa4b26e88] [PERF] Execution time=0.021846

[1 occurrence(s)]
INFO --> [REQ_ID=07dd1ec5eded] [PERF] Execution time=0.019311

[1 occurrence(s)]
INFO --> [REQ_ID=f870b5544f14] [PERF] Execution time=0.016974

[1 occurrence(s)]
INFO --> [REQ_ID=e18f60a3b739] [PERF] Execution time=0.016121

[1 occurrence(s)]
INFO --> [REQ_ID=6f2fad6a32b0] [PERF] Execution time=0.016481

[1 occurrence(s)]
INFO --> [REQ_ID=d10d1b21915e] [PERF] Execution time=0.015089

[1 occurrence(s)]
INFO --> [REQ_ID=8f57e04e58dc] [PERF] Execution time=0.012450

[1 occurrence(s)]
INFO --> [REQ_ID=80d8ea8f7583] [PERF] Execution time=0.012687

[1 occurrence(s)]
INFO --> [REQ_ID=03eac3ff30cd] [PERF] Execution time=0.014194

[1 occurrence(s)]
INFO --> [REQ_ID=7ce6e617c8ea] [PERF] Execution time=0.013153

[1 occurrence(s)]
INFO --> [REQ_ID=8d2161d03085] [PERF] Execution time=0.012798

[1 occurrence(s)]
INFO --> [REQ_ID=c01d5c84a46a] [PERF] Execution time=0.017931

[1 occurrence(s)]
INFO --> [REQ_ID=9bd00ec02f7f] [PERF] Execution time=0.015167

[1 occurrence(s)]
INFO --> [REQ_ID=85c27d36a803] [PERF] Execution time=0.014949

[1 occurrence(s)]
INFO --> [REQ_ID=6d086dc38609] [PERF] Execution time=0.015367

[1 occurrence(s)]
INFO --> [REQ_ID=35bd1e8009c1] [PERF] Execution time=0.015409

[1 occurrence(s)]
INFO --> [REQ_ID=4e929b1c6144] [PERF] Execution time=0.016259

[1 occurrence(s)]
INFO --> [REQ_ID=62114b7445e8] [PERF] Execution time=0.020121

[1 occurrence(s)]
INFO --> [REQ_ID=28afc3d9a428] [PERF] Execution time=0.023614

[1 occurrence(s)]
INFO --> [REQ_ID=bc5e2aaab6e4] [PERF] Execution time=0.024263

[1 occurrence(s)]
INFO --> [REQ_ID=131d74bfac73] [PERF] Execution time=0.019837

[1 occurrence(s)]
INFO --> [REQ_ID=08d171a22769] [PERF] Execution time=0.015315

[1 occurrence(s)]
INFO --> [REQ_ID=25de0ece20d5] [PERF] Execution time=0.014046

[1 occurrence(s)]
INFO --> [REQ_ID=faca708c3cd1] [PERF] Execution time=0.020971

[1 occurrence(s)]
INFO --> [REQ_ID=985fa7fc080a] [PERF] Execution time=0.013382

[1 occurrence(s)]
INFO --> [REQ_ID=f0ba35552f5a] [PERF] Execution time=0.014808

[1 occurrence(s)]
INFO --> [REQ_ID=c45b36309599] [PERF] Execution time=0.015889

[1 occurrence(s)]
INFO --> [REQ_ID=d964a66bafc8] [PERF] Execution time=0.014918

[1 occurrence(s)]
INFO --> [REQ_ID=42e866e3d8d3] [PERF] Execution time=0.013729

[1 occurrence(s)]
INFO --> [REQ_ID=9a745eb6dcdf] [PERF] Execution time=0.013694

[1 occurrence(s)]
INFO --> [REQ_ID=71801fddb7af] [PERF] Execution time=0.013134

[1 occurrence(s)]
INFO --> [REQ_ID=c2833c2d84b7] [PERF] Execution time=0.014643

[1 occurrence(s)]
INFO --> [REQ_ID=7fc5fae09de2] [PERF] Execution time=0.013915

[1 occurrence(s)]
INFO --> [REQ_ID=293e974458cb] [PERF] Execution time=0.016432

[1 occurrence(s)]
INFO --> [REQ_ID=880ece4e768c] [PERF] Execution time=0.012642

[1 occurrence(s)]
INFO --> [REQ_ID=f3493a13b8ac] [PERF] Execution time=0.016316

[1 occurrence(s)]
INFO --> [REQ_ID=fcb70b394d22] [PERF] Execution time=0.016873

[1 occurrence(s)]
INFO --> [REQ_ID=e77cbac43de1] [PERF] Execution time=0.013044

[1 occurrence(s)]
INFO --> [REQ_ID=909c41e74a9d] [PERF] Execution time=0.019398

[1 occurrence(s)]
INFO --> [REQ_ID=48dd89c768b5] [PERF] Execution time=0.017363

[1 occurrence(s)]
INFO --> [REQ_ID=dc27001a7291] [PERF] Execution time=0.019675

[1 occurrence(s)]
INFO --> [REQ_ID=59480058470d] [PERF] Execution time=0.017940

[1 occurrence(s)]
INFO --> [REQ_ID=1decfdc6df10] [PERF] Execution time=0.015642

[1 occurrence(s)]
INFO --> [REQ_ID=2996c3b4e16c] [PERF] Execution time=0.015829

[1 occurrence(s)]
INFO --> [REQ_ID=582d2e5a763a] [PERF] Execution time=0.013581

[1 occurrence(s)]
INFO --> [REQ_ID=4bbb3e2fb1d7] [PERF] Execution time=0.012616

[1 occurrence(s)]
INFO --> [REQ_ID=092aad1aaee9] [PERF] Execution time=0.015496

[1 occurrence(s)]
INFO --> [REQ_ID=34600e9d8a19] [PERF] Execution time=0.015930

[1 occurrence(s)]
INFO --> [REQ_ID=b7f1fb0df89c] [PERF] Execution time=0.014716

[1 occurrence(s)]
INFO --> [REQ_ID=03a6fb57afaf] [PERF] Execution time=0.014243

[1 occurrence(s)]
INFO --> [REQ_ID=da94092e02bc] [PERF] Execution time=0.013683

[1 occurrence(s)]
INFO --> [REQ_ID=3c6603318401] [PERF] Execution time=0.015108

[1 occurrence(s)]
INFO --> [REQ_ID=35805aa9748e] [PERF] Execution time=0.015272

[1 occurrence(s)]
INFO --> [REQ_ID=6a4dba774e4f] [PERF] Execution time=0.015437

[1 occurrence(s)]
INFO --> [REQ_ID=4bea0ecec090] [PERF] Execution time=0.014344

[1 occurrence(s)]
INFO --> [REQ_ID=bb0d78907925] [PERF] Execution time=0.015950

[1 occurrence(s)]
INFO --> [REQ_ID=74cb55970a84] [PERF] Execution time=0.019786

[1 occurrence(s)]
INFO --> [REQ_ID=b74d8498a4af] [PERF] Execution time=0.015055

[1 occurrence(s)]
INFO --> [REQ_ID=80bc6734c923] [PERF] Execution time=0.028754

[1 occurrence(s)]
INFO --> [REQ_ID=a669126f6736] [PERF] Execution time=0.199956

[1 occurrence(s)]
INFO --> [REQ_ID=3b4706f2126e] [PERF] Execution time=0.151898

[1 occurrence(s)]
INFO --> [REQ_ID=389481b9b6b7] [PERF] Execution time=0.051630

[1 occurrence(s)]
INFO --> [REQ_ID=c979915d5ab9] [MEMORY][controller-start] 4194304

[1 occurrence(s)]
INFO --> [REQ_ID=c979915d5ab9] [PERF] Execution time=0.126204

[1 occurrence(s)]
INFO --> [REQ_ID=025de8aec7eb] [PERF] Execution time=0.142355

[1 occurrence(s)]
INFO --> [REQ_ID=23726e870854] [PERF] Execution time=0.189284

[1 occurrence(s)]
INFO --> [REQ_ID=d57779ca6a8a] [PERF] Execution time=0.151542

[1 occurrence(s)]
INFO --> [REQ_ID=49e77fcecf48] [PERF] Execution time=0.145450

[1 occurrence(s)]
INFO --> [REQ_ID=abe043049ca6] [PERF] Execution time=0.064533

[1 occurrence(s)]
INFO --> [REQ_ID=b5679c8bf6e4] [MEMORY][controller-start] 4194304

[1 occurrence(s)]
INFO --> [REQ_ID=b5679c8bf6e4] [PERF] Execution time=0.137114

[1 occurrence(s)]
INFO --> [REQ_ID=45e82aae2830] [PERF] Execution time=0.155506

[1 occurrence(s)]
INFO --> [REQ_ID=39bbf6eceb53] [PERF] Execution time=0.093298

[1 occurrence(s)]
INFO --> [REQ_ID=59e2276a3e54] [PERF] Execution time=0.017739

[1 occurrence(s)]
INFO --> [REQ_ID=cc9f4e360a5a] [MEMORY][controller-start] 4194304

[1 occurrence(s)]
INFO --> [REQ_ID=cc9f4e360a5a] [PERF] Execution time=0.079538

[1 occurrence(s)]
INFO --> [REQ_ID=1f5b8cecac99] [PERF] Execution time=0.096503

[1 occurrence(s)]
INFO --> [REQ_ID=06e2938fe68e] [PERF] Execution time=0.011288

[1 occurrence(s)]
INFO --> [REQ_ID=d67431700fc5] [MEMORY][controller-start] 4194304

[1 occurrence(s)]
INFO --> [REQ_ID=d67431700fc5] [PERF] Execution time=0.161679

[1 occurrence(s)]
INFO --> [REQ_ID=d448be90ab58] [PERF] Execution time=0.172600

[1 occurrence(s)]
INFO --> [REQ_ID=bbfd62b2135b] [PERF] Execution time=0.044274

[1 occurrence(s)]
INFO --> [REQ_ID=026d25dc7f7d] [PERF] Execution time=0.142136

[1 occurrence(s)]
INFO --> [REQ_ID=e5cae67825ff] [PERF] Execution time=0.211613

[1 occurrence(s)]
INFO --> [REQ_ID=7e6312286888] [PERF] Execution time=0.014280

[1 occurrence(s)]
INFO --> [REQ_ID=2439abeb3ccc] [PERF] Execution time=0.053132

[1 occurrence(s)]
INFO --> [REQ_ID=813c2f825c1d] [PERF] Execution time=0.163816

[1 occurrence(s)]
INFO --> [REQ_ID=ea997cacccfa] [PERF] Execution time=0.143462

[2 occurrence(s)]
INFO --> REDIRECTED ROUTE at https://www.mymiwallet.com/Features/Brokerage-Integrations

[1 occurrence(s)]
INFO --> [REQ_ID=de2a348a63fc] [PERF] Execution time=0.012876

[1 occurrence(s)]
INFO --> [REQ_ID=99a078c6a610] [PERF] Execution time=0.022252

[1 occurrence(s)]
INFO --> [REQ_ID=123c408a3b88] [MEMORY][controller-start] 4194304

[1 occurrence(s)]
INFO --> [REQ_ID=123c408a3b88] [PERF] Execution time=0.101327

[1 occurrence(s)]
INFO --> [REQ_ID=ffe31ea06fc8] [PERF] Execution time=0.116297

[1 occurrence(s)]
INFO --> [REQ_ID=c072c4670009] [PERF] Execution time=0.136978

[1 occurrence(s)]
INFO --> [REQ_ID=dc6fc246cd25] [PERF] Execution time=0.081333

[1 occurrence(s)]
INFO --> [REQ_ID=7a3b93cb7c5e] [PERF] Execution time=0.149152

[1 occurrence(s)]
INFO --> [REQ_ID=debfdbf15a1d] [PERF] Execution time=0.136314

[1 occurrence(s)]
INFO --> [REQ_ID=4de03a4853b2] [PERF] Execution time=0.043071

[1 occurrence(s)]
INFO --> [REQ_ID=eda18b00e02d] [MEMORY][controller-start] 4194304

[1 occurrence(s)]
INFO --> [REQ_ID=eda18b00e02d] [PERF] Execution time=0.120433

[1 occurrence(s)]
INFO --> [REQ_ID=cf7e06cf93da] [PERF] Execution time=0.144773

[1 occurrence(s)]
INFO --> [REQ_ID=b655b1937a79] [PERF] Execution time=0.137726

[1 occurrence(s)]
INFO --> [REQ_ID=b61bdf3e7856] [PERF] Execution time=0.316099

[1 occurrence(s)]
INFO --> [REQ_ID=b4436651a2cd] [PERF] Execution time=0.129074

[1 occurrence(s)]
INFO --> [REQ_ID=214652d014ae] [PERF] Execution time=0.070240

[1 occurrence(s)]
INFO --> [REQ_ID=3001eeefcb69] [PERF] Execution time=0.142727

[1 occurrence(s)]
INFO --> [REQ_ID=cddf4a15f6fb] [PERF] Execution time=0.204965

[1 occurrence(s)]
INFO --> [REQ_ID=511ed8a75c7d] [PERF] Execution time=0.060790

[1 occurrence(s)]
INFO --> [REQ_ID=9f9589725f0c] [MEMORY][controller-start] 4194304

[1 occurrence(s)]
INFO --> [REQ_ID=9f9589725f0c] [PERF] Execution time=0.194261

[1 occurrence(s)]
INFO --> [REQ_ID=02325b75cfbb] [PERF] Execution time=0.209277

[1 occurrence(s)]
INFO --> [REQ_ID=62c205cb6015] [PERF] Execution time=0.103200

[1 occurrence(s)]
INFO --> [REQ_ID=5464c621a36d] [PERF] Execution time=0.086439

[1 occurrence(s)]
INFO --> [REQ_ID=9caab6a715df] [PERF] Execution time=0.053135

[1 occurrence(s)]
INFO --> [REQ_ID=7836d7198542] [MEMORY][controller-start] 4194304

[1 occurrence(s)]
INFO --> [REQ_ID=7836d7198542] [MEMORY][commonData:start] 6291456

[1 occurrence(s)]
INFO --> [PERF][HOME] buildCommonData complete in 512.78ms

[1 occurrence(s)]
INFO --> [PERF][HOME] index commonData done in 513.35ms

[1 occurrence(s)]
INFO --> [REQ_ID=7836d7198542] [MEMORY][commonData:start] 8388608

[1 occurrence(s)]
INFO --> [PERF][HOME] index renderTheme done in 21.02ms

[1 occurrence(s)]
INFO --> [REQ_ID=7836d7198542] [PERF] Execution time=0.591258

[1 occurrence(s)]
INFO --> [REQ_ID=586b009c722f] [PERF] Execution time=0.604204

[1 occurrence(s)]
INFO --> [REQ_ID=3287a3999844] [PERF] Execution time=0.144895

[1 occurrence(s)]
INFO --> [REQ_ID=05a251af8e83] [PERF] Execution time=0.055026

[1 occurrence(s)]
INFO --> [REQ_ID=12c804e6b95a] [MEMORY][controller-start] 4194304

[1 occurrence(s)]
INFO --> [REQ_ID=12c804e6b95a] [PERF] Execution time=0.055238

[1 occurrence(s)]
INFO --> [REQ_ID=9d2d50ba91c7] [PERF] Execution time=0.070945

[1 occurrence(s)]
INFO --> [REQ_ID=29f6d66b15dd] [PERF] Execution time=0.014136

[1 occurrence(s)]
INFO --> [REQ_ID=dce429c7080d] [PERF] Execution time=0.232613

[1 occurrence(s)]
INFO --> [REQ_ID=28772ae3d98e] [PERF] Execution time=0.014199

[1 occurrence(s)]
INFO --> [REQ_ID=49fac87950a7] [PERF] Execution time=0.022655

[1 occurrence(s)]
INFO --> [REQ_ID=3ae80b672457] [MEMORY][controller-start] 4194304

[1 occurrence(s)]
INFO --> [REQ_ID=3ae80b672457] [PERF] Execution time=0.164666

[1 occurrence(s)]
INFO --> [REQ_ID=61fd60fc4675] [PERF] Execution time=0.178990

[1 occurrence(s)]
INFO --> [REQ_ID=664cb2bfc217] [PERF] Execution time=0.145181

[1 occurrence(s)]
INFO --> [REQ_ID=cef89fa59f7c] [PERF] Execution time=0.038032

[1 occurrence(s)]
INFO --> [REQ_ID=09071518ebec] [MEMORY][controller-start] 4194304

[1 occurrence(s)]
INFO --> [REQ_ID=09071518ebec] [MEMORY][commonData:start] 6291456

[1 occurrence(s)]
INFO --> [PERF][HOME] buildCommonData complete in 543.77ms

[1 occurrence(s)]
INFO --> [PERF][HOME] index commonData done in 544.24ms

[1 occurrence(s)]
INFO --> [REQ_ID=09071518ebec] [MEMORY][commonData:start] 8388608

[1 occurrence(s)]
INFO --> [PERF][HOME] index renderTheme done in 6.92ms

[1 occurrence(s)]
INFO --> [REQ_ID=09071518ebec] [PERF] Execution time=0.665112

[1 occurrence(s)]
INFO --> [REQ_ID=1e51c3e2ccd3] [PERF] Execution time=0.691628

[1 occurrence(s)]
INFO --> [REQ_ID=2113b05e63b3] [MEMORY][controller-start] 6291456

[1 occurrence(s)]
INFO --> [REQ_ID=2113b05e63b3] [MEMORY][commonData:start] 6291456

[1 occurrence(s)]
INFO --> [REQ_ID=2113b05e63b3] [PERF] Execution time=0.695085

[1 occurrence(s)]
INFO --> [REQ_ID=62b82abc9dec] [PERF] Execution time=0.708114

[1 occurrence(s)]
INFO --> [REQ_ID=0927898aeee2] [PERF] Execution time=0.009321

[1 occurrence(s)]
INFO --> [REQ_ID=2492a08219f8] [PERF] Execution time=0.014899

[1 occurrence(s)]
INFO --> [REQ_ID=0325ba64ee67] [PERF] Execution time=0.081340

[1 occurrence(s)]
INFO --> [REQ_ID=3f6d4077eb3e] [PERF] Execution time=0.131817

[1 occurrence(s)]
INFO --> [REQ_ID=d693b3617308] [PERF] Execution time=0.086620

[1 occurrence(s)]
INFO --> [REQ_ID=2bf4ec1ae555] [PERF] Execution time=0.129814

[1 occurrence(s)]
INFO --> [REQ_ID=071221209ba6] [MEMORY][controller-start] 6291456

[1 occurrence(s)]
INFO --> [REQ_ID=071221209ba6] [MEMORY][commonData:start] 8388608

[1 occurrence(s)]
INFO --> [PERF][HOME] buildCommonData complete in 482.65ms

[1 occurrence(s)]
INFO --> [PERF][HOME] index commonData done in 483.02ms

[1 occurrence(s)]
INFO --> [REQ_ID=071221209ba6] [MEMORY][commonData:start] 10485760

[1 occurrence(s)]
INFO --> [PERF][HOME] index renderTheme done in 5.88ms

[1 occurrence(s)]
INFO --> [REQ_ID=071221209ba6] [PERF] Execution time=0.548871

[1 occurrence(s)]
INFO --> [REQ_ID=45b619cf4825] [PERF] Execution time=0.597027

[1 occurrence(s)]
INFO --> [REQ_ID=8eed1cb2f58b] [PERF] Execution time=0.033911

[1 occurrence(s)]
INFO --> [REQ_ID=a94cecdd1248] [PERF] Execution time=0.255553

[1 occurrence(s)]
INFO --> [REQ_ID=c3fef7120176] [PERF] Execution time=0.144869

[1 occurrence(s)]
INFO --> [REQ_ID=3df29b4dcf18] [PERF] Execution time=0.254397

[1 occurrence(s)]
INFO --> [REQ_ID=5efcad21f1b4] [PERF] Execution time=0.080204

[1 occurrence(s)]
INFO --> [REQ_ID=28fd2f17cf0f] [PERF] Execution time=0.051310

[1 occurrence(s)]
INFO --> [REQ_ID=88370eccf014] [PERF] Execution time=0.049128

[1 occurrence(s)]
INFO --> [REQ_ID=431a9eb312ec] [PERF] Execution time=0.078649

[1 occurrence(s)]
INFO --> [REQ_ID=c348823f47fd] [PERF] Execution time=0.076595

[1 occurrence(s)]
INFO --> [REQ_ID=6cedaf2fc35b] [PERF] Execution time=0.153184

[1 occurrence(s)]
INFO --> [REQ_ID=143dace95a78] [PERF] Execution time=0.054552

[1 occurrence(s)]
INFO --> [REQ_ID=93cdb9e272f2] [MEMORY][controller-start] 4194304

[1 occurrence(s)]
INFO --> [REQ_ID=93cdb9e272f2] [PERF] Execution time=0.189986

[1 occurrence(s)]
INFO --> [REQ_ID=c17130d23eac] [PERF] Execution time=0.204582

[1 occurrence(s)]
INFO --> [REQ_ID=80f7dee028bc] [PERF] Execution time=0.021035

[1 occurrence(s)]
INFO --> [REQ_ID=1e641a662aeb] [PERF] Execution time=0.200033

[1 occurrence(s)]
INFO --> [REQ_ID=a4ab810b83b7] [PERF] Execution time=0.078538

[1 occurrence(s)]
INFO --> [REQ_ID=7cc54e3cc346] [PERF] Execution time=0.130015

[1 occurrence(s)]
INFO --> [REQ_ID=0c81366a3261] [PERF] Execution time=0.038621

[1 occurrence(s)]
INFO --> [REQ_ID=84a30c9633b5] [PERF] Execution time=0.012206

[1 occurrence(s)]
INFO --> [REQ_ID=a0cdde3d006b] [PERF] Execution time=0.013064

[1 occurrence(s)]
INFO --> [REQ_ID=2adb8b0979c0] [PERF] Execution time=0.039974

[1 occurrence(s)]
INFO --> [REQ_ID=7c7556f1aee6] [PERF] Execution time=0.014755

[1 occurrence(s)]
INFO --> [REQ_ID=f693d185317f] [PERF] Execution time=0.010618

[1 occurrence(s)]
INFO --> [REQ_ID=c81fa7bee0c3] [PERF] Execution time=0.014075

[1 occurrence(s)]
INFO --> [REQ_ID=71a2a8660f1a] [PERF] Execution time=0.039629

[1 occurrence(s)]
INFO --> [REQ_ID=d81161235fb4] [PERF] Execution time=0.014243

[1 occurrence(s)]
INFO --> [REQ_ID=9131c7d9a6e0] [MEMORY][controller-start] 4194304

[1 occurrence(s)]
INFO --> [REQ_ID=9131c7d9a6e0] [PERF] Execution time=0.039531

[1 occurrence(s)]
INFO --> [REQ_ID=e6cc3c5cf2ee] [PERF] Execution time=0.055534

[1 occurrence(s)]
INFO --> [REQ_ID=5ced97de0175] [PERF] Execution time=0.048004

[1 occurrence(s)]
INFO --> [REQ_ID=29677d0c15ff] [PERF] Execution time=0.033466

[1 occurrence(s)]
INFO --> [REQ_ID=d7b0abec666e] [PERF] Execution time=0.053593

[1 occurrence(s)]
INFO --> [REQ_ID=f01235b04cbb] [MEMORY][controller-start] 4194304

[1 occurrence(s)]
INFO --> [REQ_ID=f01235b04cbb] [PERF] Execution time=0.126401

[1 occurrence(s)]
INFO --> [REQ_ID=770ca0cba559] [PERF] Execution time=0.146732

[1 occurrence(s)]
INFO --> [REQ_ID=e2d1c65a9612] [PERF] Execution time=0.034882

[1 occurrence(s)]
INFO --> [REQ_ID=2dea349eddea] [MEMORY][controller-start] 4194304

[2 occurrence(s)]
INFO --> [REQ_ID=2dea349eddea] [MEMORY][commonData:start] 6291456

[1 occurrence(s)]
INFO --> Premium entitlement guest: user_id= route=/index.php/Preview/Alert/GRAB feature= tier=free status=free allowed=yes reason=Guest access allowed for this feature.

[1 occurrence(s)]
INFO --> AlertsModel L404 - Alert updated successfully for ID 15353: Array

[1 occurrence(s)]
INFO --> 🔄 Trying AlphaVantage for GRAB...

[1 occurrence(s)]
INFO --> ✅ Alert snapshot inserted for GRAB with trade_id 15353

[1 occurrence(s)]
INFO --> themesMemory usage: 6291456

[1 occurrence(s)]
INFO --> [REQ_ID=2dea349eddea] [PERF] Execution time=0.640951

[1 occurrence(s)]
INFO --> [REQ_ID=84f6bdea3442] [PERF] Execution time=0.653502

[1 occurrence(s)]
INFO --> [REQ_ID=eff59873860d] [PERF] Execution time=0.149363

[1 occurrence(s)]
INFO --> [REQ_ID=73c078e234de] [MEMORY][controller-start] 4194304

[2 occurrence(s)]
INFO --> [REQ_ID=73c078e234de] [MEMORY][commonData:start] 8388608

[1 occurrence(s)]
INFO --> Premium entitlement guest: user_id= route=/index.php/Preview/Alert/NASDAQ-GUTS feature= tier=free status=free allowed=yes reason=Guest access allowed for this feature.

[1 occurrence(s)]
INFO --> [REQ_ID=73c078e234de] [PERF] Execution time=0.867765

[1 occurrence(s)]
INFO --> [REQ_ID=b5bce30c9858] [PERF] Execution time=0.888373

[1 occurrence(s)]
INFO --> [REQ_ID=4410667885db] [PERF] Execution time=0.052140

[1 occurrence(s)]
INFO --> [REQ_ID=9575b3b39760] [PERF] Execution time=0.106430

[1 occurrence(s)]
INFO --> [REQ_ID=c628a4472ef6] [PERF] Execution time=0.022260

[1 occurrence(s)]
INFO --> [REQ_ID=f6551eb07434] [MEMORY][controller-start] 4194304

[1 occurrence(s)]
INFO --> [REQ_ID=f6551eb07434] [PERF] Execution time=0.036165

[1 occurrence(s)]
INFO --> [REQ_ID=409a3d248469] [PERF] Execution time=0.052004

[1 occurrence(s)]
INFO --> [REQ_ID=c441b3a99bbb] [PERF] Execution time=0.013274

[1 occurrence(s)]
INFO --> [REQ_ID=ae3be715e899] [MEMORY][controller-start] 4194304

[1 occurrence(s)]
INFO --> [REQ_ID=ae3be715e899] [PERF] Execution time=0.108106

[1 occurrence(s)]
INFO --> [REQ_ID=b9f0ca21c352] [PERF] Execution time=0.118999

[1 occurrence(s)]
INFO --> [REQ_ID=18b63e3a699d] [PERF] Execution time=0.078664

[1 occurrence(s)]
INFO --> [REQ_ID=cac6daf7ea96] [MEMORY][controller-start] 4194304

[1 occurrence(s)]
INFO --> [REQ_ID=cac6daf7ea96] [MEMORY][commonData:start] 6291456

[1 occurrence(s)]
INFO --> [REQ_ID=cac6daf7ea96] [PERF] Execution time=0.660189

[1 occurrence(s)]
INFO --> [REQ_ID=c35dafbc0566] [PERF] Execution time=0.680958

[1 occurrence(s)]
INFO --> [REQ_ID=031292b07f08] [MEMORY][controller-start] 6291456

[1 occurrence(s)]
INFO --> [ACTIVATION] Activation link hit

[1 occurrence(s)]
INFO --> [ACTIVATION] Activation failed: missing token

[1 occurrence(s)]
INFO --> [REQ_ID=031292b07f08] [PERF] Execution time=0.052403

[1 occurrence(s)]
INFO --> [REQ_ID=5b6e7d273284] [PERF] Execution time=0.067932

[1 occurrence(s)]
INFO --> [REQ_ID=e181d8bf9bee] [MEMORY][controller-start] 4194304

[2 occurrence(s)]
INFO --> [REQ_ID=e181d8bf9bee] [MEMORY][commonData:start] 4194304

[1 occurrence(s)]
INFO --> themesMemory usage: 4194304

[1 occurrence(s)]
INFO --> [REQ_ID=e181d8bf9bee] [PERF] Execution time=0.029013

[1 occurrence(s)]
INFO --> [REQ_ID=37e9e507f40b] [PERF] Execution time=0.043591

[1 occurrence(s)]
INFO --> [REQ_ID=fa32c9e34c10] [MEMORY][controller-start] 4194304

[1 occurrence(s)]
INFO --> [REQ_ID=fa32c9e34c10] [MEMORY][commonData:start] 6291456

[1 occurrence(s)]
INFO --> [PERF][HOME] buildCommonData complete in 559.43ms

[1 occurrence(s)]
INFO --> [PERF][HOME] index commonData done in 559.81ms

[1 occurrence(s)]
INFO --> [REQ_ID=fa32c9e34c10] [MEMORY][commonData:start] 8388608

[1 occurrence(s)]
INFO --> [PERF][HOME] index renderTheme done in 19.4ms

[1 occurrence(s)]
INFO --> [REQ_ID=fa32c9e34c10] [PERF] Execution time=0.623950

[1 occurrence(s)]
INFO --> [REQ_ID=bebb13e3ff79] [PERF] Execution time=0.639811

[1 occurrence(s)]
INFO --> [REQ_ID=ebe3f96b04e5] [MEMORY][controller-start] 6291456

[1 occurrence(s)]
INFO --> [REQ_ID=ebe3f96b04e5] [MEMORY][commonData:start] 8388608

[1 occurrence(s)]
INFO --> [REQ_ID=ebe3f96b04e5] [PERF] Execution time=0.608592

[1 occurrence(s)]
INFO --> [REQ_ID=fd405cc9f9e7] [PERF] Execution time=0.656306

[1 occurrence(s)]
INFO --> [REQ_ID=70123bccd8a5] [MEMORY][controller-start] 6291456

[1 occurrence(s)]
INFO --> [REQ_ID=70123bccd8a5] [MEMORY][commonData:start] 6291456

[1 occurrence(s)]
INFO --> [REQ_ID=70123bccd8a5] [PERF] Execution time=0.555847

[1 occurrence(s)]
INFO --> [REQ_ID=59f2aa41c7f0] [PERF] Execution time=0.566378

[1 occurrence(s)]
INFO --> [REQ_ID=36493f57c68b] [MEMORY][controller-start] 6291456

[1 occurrence(s)]
INFO --> [REQ_ID=36493f57c68b] [MEMORY][commonData:start] 6291456

[1 occurrence(s)]
INFO --> [REQ_ID=36493f57c68b] [PERF] Execution time=0.563123

[1 occurrence(s)]
INFO --> [REQ_ID=c52c524c84bc] [PERF] Execution time=0.575160

[1 occurrence(s)]
INFO --> [REQ_ID=0929f6886fc1] [PERF] Execution time=0.038803

[1 occurrence(s)]
INFO --> [REQ_ID=463b3189361c] [PERF] Execution time=0.014295

[1 occurrence(s)]
INFO --> [REQ_ID=2921b2bcb660] [MEMORY][controller-start] 4194304

[1 occurrence(s)]
INFO --> [REQ_ID=2921b2bcb660] [PERF] Execution time=0.050167

[1 occurrence(s)]
INFO --> [REQ_ID=b45209985a8d] [PERF] Execution time=0.066915

[1 occurrence(s)]
INFO --> [REQ_ID=ace52f9dc5eb] [MEMORY][controller-start] 4194304

[1 occurrence(s)]
INFO --> [REQ_ID=ace52f9dc5eb] [MEMORY][commonData:start] 6291456

[1 occurrence(s)]
INFO --> [PERF][HOME] buildCommonData complete in 496.78ms

[1 occurrence(s)]
INFO --> [PERF][HOME] index commonData done in 497.19ms

[1 occurrence(s)]
INFO --> [REQ_ID=ace52f9dc5eb] [MEMORY][commonData:start] 8388608

[1 occurrence(s)]
INFO --> [PERF][HOME] index renderTheme done in 6.18ms

[1 occurrence(s)]
INFO --> [REQ_ID=ace52f9dc5eb] [PERF] Execution time=0.544687

[1 occurrence(s)]
INFO --> [REQ_ID=9ac8e57a880d] [PERF] Execution time=0.555862

[1 occurrence(s)]
INFO --> [REQ_ID=9d83fb6304eb] [MEMORY][controller-start] 6291456

[1 occurrence(s)]
INFO --> [REQ_ID=9d83fb6304eb] [MEMORY][commonData:start] 6291456

[1 occurrence(s)]
INFO --> [REQ_ID=9d83fb6304eb] [PERF] Execution time=0.672984

[1 occurrence(s)]
INFO --> [REQ_ID=3e81b6147c0d] [PERF] Execution time=0.683733

[1 occurrence(s)]
INFO --> [REQ_ID=d472b991f5e5] [MEMORY][controller-start] 6291456

[1 occurrence(s)]
INFO --> [REQ_ID=d472b991f5e5] [PERF] Execution time=0.041242

[1 occurrence(s)]
INFO --> [REQ_ID=0656a8e7ee5d] [PERF] Execution time=0.052164

[1 occurrence(s)]
INFO --> [REQ_ID=984fb9a1d61b] [PERF] Execution time=0.136707

[1 occurrence(s)]
INFO --> [REQ_ID=877e8615d343] [PERF] Execution time=0.101659

[1 occurrence(s)]
INFO --> [REQ_ID=5cb5d7618010] [MEMORY][controller-start] 4194304

[1 occurrence(s)]
INFO --> [REQ_ID=5cb5d7618010] [MEMORY][commonData:start] 6291456

[1 occurrence(s)]
INFO --> [PERF][HOME] buildCommonData complete in 469.97ms

[1 occurrence(s)]
INFO --> [PERF][HOME] index commonData done in 470.41ms

[1 occurrence(s)]
INFO --> [REQ_ID=5cb5d7618010] [MEMORY][commonData:start] 8388608

[1 occurrence(s)]
INFO --> [PERF][HOME] index renderTheme done in 7.78ms

[1 occurrence(s)]
INFO --> [REQ_ID=5cb5d7618010] [PERF] Execution time=0.506678

[1 occurrence(s)]
INFO --> [REQ_ID=a1073fd7466f] [PERF] Execution time=0.525721

[1 occurrence(s)]
INFO --> [REQ_ID=85a27e110e9b] [PERF] Execution time=0.054149

[1 occurrence(s)]
INFO --> [REQ_ID=f2b790b5ade8] [MEMORY][controller-start] 4194304

[1 occurrence(s)]
INFO --> [REQ_ID=f2b790b5ade8] [PERF] Execution time=0.232600

[1 occurrence(s)]
INFO --> [REQ_ID=a558b96c2e31] [PERF] Execution time=0.248417

[1 occurrence(s)]
INFO --> [REQ_ID=3a1c4ddde33c] [PERF] Execution time=0.077232

[1 occurrence(s)]
INFO --> [REQ_ID=f6d075bd79d1] [PERF] Execution time=0.075312

[1 occurrence(s)]
INFO --> [REQ_ID=0e437d642c4d] [PERF] Execution time=0.083041

[1 occurrence(s)]
INFO --> [REQ_ID=6db02c1af61e] [PERF] Execution time=0.161916

[1 occurrence(s)]
INFO --> [REQ_ID=dfce416ca599] [PERF] Execution time=0.076831

[1 occurrence(s)]
INFO --> [SPARK_START] App\Commands\AIOps\Run

[3 occurrence(s)]
INFO --> [SPARK_MEMORY] 20971520

[1 occurrence(s)]
INFO --> [spark:aiops:run] Intent

[1 occurrence(s)]
INFO --> [spark:ops:work] Started

[1 occurrence(s)]
INFO --> [SPARK_START] App\Commands\Ops\Work

[1 occurrence(s)]
INFO --> [spark:ops:work] Intent

[1 occurrence(s)]
INFO --> [spark:ops:work] Completed

[1 occurrence(s)]
INFO --> [SPARK_COMPLETE] App\Commands\Ops\Work duration=0.085879

[1 occurrence(s)]
INFO --> [SPARK_MEMORY] 23068672

[1 occurrence(s)]
INFO --> [REQ_ID=f298ce953689] [PERF] Execution time=0.135333

[1 occurrence(s)]
INFO --> [AIOPS][SPARK][GOVERNANCE][spark:logs:summarize] Started

[1 occurrence(s)]
INFO --> [SPARK_START] App\Commands\Logs\Summarize

[1 occurrence(s)]
INFO --> [spark:logs:summarize] Intent


---------------------------
LEVEL: NOTICE
---------------------------

[6 occurrence(s)]
NOTICE --> [404_ROUTE]


---------------------------
LEVEL: WARNING
---------------------------

[44 occurrence(s)]
WARNING --> Optional view path missing; using default path


---------------------------
LEVEL: ERROR
---------------------------

[247 occurrence(s)]
ERROR --> [404_ROUTE]


===============================================
   HERE'S THE NEW STUFF
   (No previous timestamp recorded – nothing treated as new)
===============================================

---- CONFIG LINT ----
✅ Services::cache
✅ Services::responsecache
✅ Services::session
✅ Services::email
✅ Services::logger
✅ Services::validation
✅ Services::renderer
