===============================================
   MyMI Wallet — Log Summary for 2026-04-28
   Auto-generated by logs:summarize command
   Grouped by (LEVEL + message)
===============================================

Last processed up to: <none> (first run for this date)

---------------------------
LEVEL: DEBUG
---------------------------

[1 occurrence(s)]
DEBUG --> [REQ_ID=ea39bcc40105] [REQUEST][START] GET /index.php/API/Management/Run-CRON-Tasks

[345 occurrence(s)]
DEBUG --> Session: Class initialized using 'CodeIgniter\Session\Handlers\FileHandler' driver.

[1 occurrence(s)]
DEBUG --> [REQ_ID=ea39bcc40105] [FILTER_BEFORE] /index.php/API/Management/Run-CRON-Tasks

[1 occurrence(s)]
DEBUG --> [REQ_ID=ea39bcc40105] [ROUTE] Controller=\App\Modules\APIs\Controllers\ManagementAPIController Method=Run_CRON_Tasks

[1 occurrence(s)]
DEBUG --> [REQ_ID=ea39bcc40105] [LIFECYCLE][START] GET https://www.mymiwallet.com/index.php/API/Management/Run-CRON-Tasks

[1 occurrence(s)]
DEBUG --> [REQ_ID=ea39bcc40105] [REQUEST][END]

[1 occurrence(s)]
DEBUG --> [REQ_ID=6c8d32542970] [REQUEST][START] GET /index.php/API/Alerts/fetchEmailAlerts

[1 occurrence(s)]
DEBUG --> [REQ_ID=6c8d32542970] [FILTER_BEFORE] /index.php/API/Alerts/fetchEmailAlerts

[1 occurrence(s)]
DEBUG --> [REQ_ID=6c8d32542970] [ROUTE] Controller=\App\Modules\APIs\Controllers\AlertsAPIController Method=fetchEmailAlerts

[1 occurrence(s)]
DEBUG --> [REQ_ID=6c8d32542970] [LIFECYCLE][START] GET https://www.mymiwallet.com/index.php/API/Alerts/fetchEmailAlerts

[1 occurrence(s)]
DEBUG --> [REQ_ID=6c8d32542970] [REQUEST][END]

[1 occurrence(s)]
DEBUG --> [REQ_ID=99a99c9572f1] [REQUEST][START] GET /index.php/Support

[1 occurrence(s)]
DEBUG --> [REQ_ID=99a99c9572f1] [FILTER_BEFORE] /index.php/Support

[1 occurrence(s)]
DEBUG --> [REQ_ID=99a99c9572f1] [ROUTE] Controller=\App\Modules\Support\Controllers\SupportController Method=index

[1 occurrence(s)]
DEBUG --> [REQ_ID=99a99c9572f1] [LIFECYCLE][START] GET https://www.mymiwallet.com/index.php/Support

[1 occurrence(s)]
DEBUG --> [CSRF] token name=csrf_test_name hash=cfa5545418abcd37d8ae3614d1cc43c0

[1 occurrence(s)]
DEBUG --> [REQ_ID=7feb7ac5f9d1] [INIT] App\Modules\Support\Controllers\SupportController::GET

[92 occurrence(s)]
DEBUG --> [TRACE]

[1 occurrence(s)]
DEBUG --> [REQ_ID=7feb7ac5f9d1] [METHOD_ENTRY] index

[42 occurrence(s)]
DEBUG --> MyMIUser L52 - initialized (first log).

[44 occurrence(s)]
DEBUG --> [SERVICE] App\Services\BudgetService ::setUserId

[42 occurrence(s)]
DEBUG --> MyMICoin initialized ONCE

[42 occurrence(s)]
DEBUG --> MyMICoin: guest context detected; skipping user-specific preload.

[1 occurrence(s)]
DEBUG --> [REQ_ID=7feb7ac5f9d1] [VIEW_RENDER] SupportModule\Views\Support\index

[1 occurrence(s)]
DEBUG --> [REQ_ID=99a99c9572f1] [FILTER_AFTER]

[1 occurrence(s)]
DEBUG --> [REQ_ID=99a99c9572f1] [LIFECYCLE][END] status=200 duration_ms=6,877.46 memory_delta=2097152

[1 occurrence(s)]
DEBUG --> [REQ_ID=99a99c9572f1] [REQUEST][END]

[1 occurrence(s)]
DEBUG --> [REQ_ID=fd07f0bf047f] [REQUEST][START] GET /

[1 occurrence(s)]
DEBUG --> [REQ_ID=fd07f0bf047f] [FILTER_BEFORE] /

[1 occurrence(s)]
DEBUG --> [REQ_ID=fd07f0bf047f] [ROUTE] Controller=\App\Controllers\Home Method=index

[1 occurrence(s)]
DEBUG --> [REQ_ID=fd07f0bf047f] [LIFECYCLE][START] GET https://www.mymiwallet.com/index.php/

[1 occurrence(s)]
DEBUG --> [CSRF] token name=csrf_test_name hash=fed599a6a572aa8fc438ef570016a171

[1 occurrence(s)]
DEBUG --> [REQ_ID=6ec2a4a194df] [INIT] App\Controllers\Home::GET

[9 occurrence(s)]
DEBUG --> [MetaService] slug= pageName= cacheHit= path=FALLBACK

[1 occurrence(s)]
DEBUG --> [REQ_ID=6ec2a4a194df] [VIEW_RENDER] themes/public/home

[4 occurrence(s)]
DEBUG --> [MetaService] slug= pageName=Home cacheHit= path=DB

[1 occurrence(s)]
DEBUG --> [REQ_ID=fd07f0bf047f] [FILTER_AFTER]

[1 occurrence(s)]
DEBUG --> [REQ_ID=fd07f0bf047f] [LIFECYCLE][END] status=200 duration_ms=10,918.36 memory_delta=4194304

[1 occurrence(s)]
DEBUG --> [REQ_ID=fd07f0bf047f] [REQUEST][END]

[1 occurrence(s)]
DEBUG --> [REQ_ID=2244603eff8f] [REQUEST][START] GET /index.php/Support

[1 occurrence(s)]
DEBUG --> [REQ_ID=2244603eff8f] [FILTER_BEFORE] /index.php/Support

[1 occurrence(s)]
DEBUG --> [REQ_ID=2244603eff8f] [ROUTE] Controller=\App\Modules\Support\Controllers\SupportController Method=index

[1 occurrence(s)]
DEBUG --> [REQ_ID=2244603eff8f] [LIFECYCLE][START] GET https://www.mymiwallet.com/index.php/Support

[1 occurrence(s)]
DEBUG --> [CSRF] token name=csrf_test_name hash=759b8dfbc0e7f2e22d525cde3ab5788a

[1 occurrence(s)]
DEBUG --> [REQ_ID=cb000aada320] [INIT] App\Modules\Support\Controllers\SupportController::GET

[1 occurrence(s)]
DEBUG --> [REQ_ID=cb000aada320] [METHOD_ENTRY] index

[1 occurrence(s)]
DEBUG --> [REQ_ID=cb000aada320] [VIEW_RENDER] SupportModule\Views\Support\index

[1 occurrence(s)]
DEBUG --> [REQ_ID=2244603eff8f] [FILTER_AFTER]

[1 occurrence(s)]
DEBUG --> [REQ_ID=2244603eff8f] [LIFECYCLE][END] status=200 duration_ms=341.19 memory_delta=2097152

[1 occurrence(s)]
DEBUG --> [REQ_ID=2244603eff8f] [REQUEST][END]

[1 occurrence(s)]
DEBUG --> [REQ_ID=d57f92271914] [REQUEST][START] GET /index.php/login

[1 occurrence(s)]
DEBUG --> [REQ_ID=d57f92271914] [REQUEST][END]

[1 occurrence(s)]
DEBUG --> [REQ_ID=4f17762f371f] [REQUEST][START] GET /index.php/API/Management/Run-CRON-Tasks

[1 occurrence(s)]
DEBUG --> [REQ_ID=4f17762f371f] [FILTER_BEFORE] /index.php/API/Management/Run-CRON-Tasks

[1 occurrence(s)]
DEBUG --> [REQ_ID=4f17762f371f] [ROUTE] Controller=\App\Modules\APIs\Controllers\ManagementAPIController Method=Run_CRON_Tasks

[1 occurrence(s)]
DEBUG --> [REQ_ID=4f17762f371f] [LIFECYCLE][START] GET https://www.mymiwallet.com/index.php/API/Management/Run-CRON-Tasks

[1 occurrence(s)]
DEBUG --> [REQ_ID=4f17762f371f] [REQUEST][END]

[1 occurrence(s)]
DEBUG --> [REQ_ID=82bc25d32a85] [REQUEST][START] GET /index.php/API/Alerts/fetchEmailAlerts

[1 occurrence(s)]
DEBUG --> [REQ_ID=82bc25d32a85] [FILTER_BEFORE] /index.php/API/Alerts/fetchEmailAlerts

[1 occurrence(s)]
DEBUG --> [REQ_ID=82bc25d32a85] [ROUTE] Controller=\App\Modules\APIs\Controllers\AlertsAPIController Method=fetchEmailAlerts

[1 occurrence(s)]
DEBUG --> [REQ_ID=82bc25d32a85] [LIFECYCLE][START] GET https://www.mymiwallet.com/index.php/API/Alerts/fetchEmailAlerts

[1 occurrence(s)]
DEBUG --> [REQ_ID=82bc25d32a85] [REQUEST][END]

[1 occurrence(s)]
DEBUG --> [REQ_ID=9fbbc56a8cb6] [REQUEST][START] GET /

[1 occurrence(s)]
DEBUG --> [REQ_ID=9fbbc56a8cb6] [REQUEST][END]

[1 occurrence(s)]
DEBUG --> [REQ_ID=cdd9ab0d72cf] [REQUEST][START] GET /login

[1 occurrence(s)]
DEBUG --> [REQ_ID=cdd9ab0d72cf] [REQUEST][END]

[1 occurrence(s)]
DEBUG --> [REQ_ID=b6fb74ac811f] [REQUEST][START] GET /

[1 occurrence(s)]
DEBUG --> [REQ_ID=b6fb74ac811f] [REQUEST][END]

[1 occurrence(s)]
DEBUG --> [REQ_ID=ff052e066f83] [REQUEST][START] GET /.git/config

[1 occurrence(s)]
DEBUG --> [REQ_ID=ff052e066f83] [REQUEST][END]

[1 occurrence(s)]
DEBUG --> [REQ_ID=80ccaf4519b2] [REQUEST][START] GET /index.php/API/Management/Run-CRON-Tasks

[1 occurrence(s)]
DEBUG --> [REQ_ID=80ccaf4519b2] [FILTER_BEFORE] /index.php/API/Management/Run-CRON-Tasks

[1 occurrence(s)]
DEBUG --> [REQ_ID=80ccaf4519b2] [ROUTE] Controller=\App\Modules\APIs\Controllers\ManagementAPIController Method=Run_CRON_Tasks

[1 occurrence(s)]
DEBUG --> [REQ_ID=80ccaf4519b2] [LIFECYCLE][START] GET https://www.mymiwallet.com/index.php/API/Management/Run-CRON-Tasks

[1 occurrence(s)]
DEBUG --> [REQ_ID=80ccaf4519b2] [REQUEST][END]

[1 occurrence(s)]
DEBUG --> [REQ_ID=13c91ff75e3b] [REQUEST][START] GET /index.php/API/Alerts/fetchEmailAlerts

[1 occurrence(s)]
DEBUG --> [REQ_ID=13c91ff75e3b] [FILTER_BEFORE] /index.php/API/Alerts/fetchEmailAlerts

[1 occurrence(s)]
DEBUG --> [REQ_ID=13c91ff75e3b] [ROUTE] Controller=\App\Modules\APIs\Controllers\AlertsAPIController Method=fetchEmailAlerts

[1 occurrence(s)]
DEBUG --> [REQ_ID=13c91ff75e3b] [LIFECYCLE][START] GET https://www.mymiwallet.com/index.php/API/Alerts/fetchEmailAlerts

[1 occurrence(s)]
DEBUG --> [REQ_ID=13c91ff75e3b] [REQUEST][END]

[1 occurrence(s)]
DEBUG --> [REQ_ID=0bb26e7f6dce] [REQUEST][START] GET /index.php/Terms-Of-Service

[1 occurrence(s)]
DEBUG --> [REQ_ID=0bb26e7f6dce] [FILTER_BEFORE] /index.php/Terms-Of-Service

[1 occurrence(s)]
DEBUG --> [REQ_ID=0bb26e7f6dce] [ROUTE] Controller=\App\Controllers\Home Method=termsOfService

[1 occurrence(s)]
DEBUG --> [REQ_ID=0bb26e7f6dce] [LIFECYCLE][START] GET https://www.mymiwallet.com/index.php/Terms-Of-Service

[1 occurrence(s)]
DEBUG --> [CSRF] token name=csrf_test_name hash=b8d264e3948e50503b7546bef4297723

[1 occurrence(s)]
DEBUG --> [REQ_ID=dc80e7773523] [INIT] App\Controllers\Home::GET

[1 occurrence(s)]
DEBUG --> [MetaService] slug=terms-of-service pageName= cacheHit= path=DB

[1 occurrence(s)]
DEBUG --> [REQ_ID=dc80e7773523] [VIEW_RENDER] themes/public/termsOfService

[1 occurrence(s)]
DEBUG --> [MetaService] slug=terms-of-service pageName=Terms of Service cacheHit= path=DB

[1 occurrence(s)]
DEBUG --> [REQ_ID=0bb26e7f6dce] [FILTER_AFTER]

[1 occurrence(s)]
DEBUG --> [REQ_ID=0bb26e7f6dce] [LIFECYCLE][END] status=200 duration_ms=725.47 memory_delta=4194304

[1 occurrence(s)]
DEBUG --> [REQ_ID=0bb26e7f6dce] [REQUEST][END]

[1 occurrence(s)]
DEBUG --> [REQ_ID=0d89cd648793] [REQUEST][START] GET /

[1 occurrence(s)]
DEBUG --> [REQ_ID=0d89cd648793] [FILTER_BEFORE] /

[1 occurrence(s)]
DEBUG --> [REQ_ID=0d89cd648793] [ROUTE] Controller=\App\Controllers\Home Method=index

[1 occurrence(s)]
DEBUG --> [REQ_ID=0d89cd648793] [LIFECYCLE][START] GET https://www.mymiwallet.com/index.php/

[1 occurrence(s)]
DEBUG --> [CSRF] token name=csrf_test_name hash=d1febfc8b98d76ad7dfde9d94c187b32

[1 occurrence(s)]
DEBUG --> [REQ_ID=1cbd423145fd] [INIT] App\Controllers\Home::GET

[1 occurrence(s)]
DEBUG --> [REQ_ID=1cbd423145fd] [VIEW_RENDER] themes/public/home

[1 occurrence(s)]
DEBUG --> [REQ_ID=0d89cd648793] [FILTER_AFTER]

[1 occurrence(s)]
DEBUG --> [REQ_ID=0d89cd648793] [LIFECYCLE][END] status=200 duration_ms=545.03 memory_delta=2097152

[1 occurrence(s)]
DEBUG --> [REQ_ID=0d89cd648793] [REQUEST][END]

[1 occurrence(s)]
DEBUG --> [REQ_ID=e6ff1574b31b] [REQUEST][START] GET /

[1 occurrence(s)]
DEBUG --> [REQ_ID=e6ff1574b31b] [REQUEST][END]

[1 occurrence(s)]
DEBUG --> [REQ_ID=3bbfa5e3e449] [REQUEST][START] GET /index.php/How-It-Works/Daily-Financial-News

[1 occurrence(s)]
DEBUG --> [REQ_ID=3bbfa5e3e449] [FILTER_BEFORE] /index.php/How-It-Works/Daily-Financial-News

[1 occurrence(s)]
DEBUG --> [REQ_ID=3bbfa5e3e449] [ROUTE] Controller=\App\Modules\Blog\Controllers\HowItWorksController Method=show

[1 occurrence(s)]
DEBUG --> [REQ_ID=3bbfa5e3e449] [LIFECYCLE][START] GET https://www.mymiwallet.com/index.php/How-It-Works/Daily-Financial-News

[1 occurrence(s)]
DEBUG --> [CSRF] token name=csrf_test_name hash=22b730d7874a0525b809fe83f01690d8

[1 occurrence(s)]
DEBUG --> [REQ_ID=501a628116a5] [INIT] App\Modules\Blog\Controllers\HowItWorksController::GET

[1 occurrence(s)]
DEBUG --> [REQ_ID=501a628116a5] [METHOD_ENTRY] show

[4 occurrence(s)]
DEBUG --> [HOW_IT_WORKS] slug=daily-financial-news

[1 occurrence(s)]
DEBUG --> [REQ_ID=3bbfa5e3e449] [FILTER_AFTER]

[1 occurrence(s)]
DEBUG --> [REQ_ID=3bbfa5e3e449] [LIFECYCLE][END] status=200 duration_ms=706.12 memory_delta=4194304

[1 occurrence(s)]
DEBUG --> [REQ_ID=3bbfa5e3e449] [REQUEST][END]

[1 occurrence(s)]
DEBUG --> [REQ_ID=9675f0ba1001] [REQUEST][START] GET /index.php/API/Management/Run-CRON-Tasks

[1 occurrence(s)]
DEBUG --> [REQ_ID=9675f0ba1001] [FILTER_BEFORE] /index.php/API/Management/Run-CRON-Tasks

[1 occurrence(s)]
DEBUG --> [REQ_ID=9675f0ba1001] [ROUTE] Controller=\App\Modules\APIs\Controllers\ManagementAPIController Method=Run_CRON_Tasks

[1 occurrence(s)]
DEBUG --> [REQ_ID=9675f0ba1001] [LIFECYCLE][START] GET https://www.mymiwallet.com/index.php/API/Management/Run-CRON-Tasks

[1 occurrence(s)]
DEBUG --> [REQ_ID=9675f0ba1001] [REQUEST][END]

[1 occurrence(s)]
DEBUG --> [REQ_ID=901028814203] [REQUEST][START] GET /Exchange/Solana/Wallet/TrustWallet

[1 occurrence(s)]
DEBUG --> [REQ_ID=901028814203] [REQUEST][END]

[1 occurrence(s)]
DEBUG --> [REQ_ID=ccafc2ec1246] [REQUEST][START] GET /index.php/Account

[1 occurrence(s)]
DEBUG --> [REQ_ID=ccafc2ec1246] [FILTER_BEFORE] /index.php/Account

[1 occurrence(s)]
DEBUG --> [REQ_ID=ccafc2ec1246] [ROUTE] Controller=\App\Modules\User\Controllers\DashboardController Method=account

[1 occurrence(s)]
DEBUG --> [REQ_ID=ccafc2ec1246] [LIFECYCLE][START] GET https://www.mymiwallet.com/index.php/Account

[2 occurrence(s)]
DEBUG --> [CSRF] token name=csrf_test_name hash=c26d988235ab800026a37ef1f5a7f75a

[33 occurrence(s)]
DEBUG --> [REDIRECT_URL_WRITER]

[1 occurrence(s)]
DEBUG --> [REQ_ID=ccafc2ec1246] [REQUEST][END]

[1 occurrence(s)]
DEBUG --> [REQ_ID=482e401ced2e] [REQUEST][START] GET /index.php/login

[1 occurrence(s)]
DEBUG --> [REQ_ID=482e401ced2e] [FILTER_BEFORE] /index.php/login

[1 occurrence(s)]
DEBUG --> [REQ_ID=482e401ced2e] [ROUTE] Controller=\App\Controllers\AuthController Method=login

[1 occurrence(s)]
DEBUG --> [REQ_ID=482e401ced2e] [LIFECYCLE][START] GET https://www.mymiwallet.com/index.php/login

[1 occurrence(s)]
DEBUG --> [REQ_ID=2aa454c16b2f] [INIT] App\Controllers\AuthController::GET

[1 occurrence(s)]
DEBUG --> [AUTH_LOGIN_VIEW_REDIRECT_URL] /Account

[28 occurrence(s)]
DEBUG --> [VIEW_RESOLUTION] Render configuration

[14 occurrence(s)]
DEBUG --> [AUTH_RENDER] Final render config

[1 occurrence(s)]
DEBUG --> [REQ_ID=482e401ced2e] [FILTER_AFTER]

[1 occurrence(s)]
DEBUG --> [REQ_ID=482e401ced2e] [LIFECYCLE][END] status=200 duration_ms=142.78 memory_delta=0

[1 occurrence(s)]
DEBUG --> [REQ_ID=482e401ced2e] [REQUEST][END]

[1 occurrence(s)]
DEBUG --> [REQ_ID=d15fb72391f6] [REQUEST][START] GET /

[1 occurrence(s)]
DEBUG --> [REQ_ID=d15fb72391f6] [FILTER_BEFORE] /

[1 occurrence(s)]
DEBUG --> [REQ_ID=d15fb72391f6] [ROUTE] Controller=\App\Controllers\Home Method=index

[1 occurrence(s)]
DEBUG --> [REQ_ID=d15fb72391f6] [LIFECYCLE][START] GET https://www.mymiwallet.com/index.php/

[1 occurrence(s)]
DEBUG --> [CSRF] token name=csrf_test_name hash=473667ff1ddbf5b08eca5c99b1fc9dfc

[1 occurrence(s)]
DEBUG --> [REQ_ID=517a13f01693] [INIT] App\Controllers\Home::GET

[1 occurrence(s)]
DEBUG --> [REQ_ID=517a13f01693] [VIEW_RENDER] themes/public/home

[31 occurrence(s)]
DEBUG --> [MetaService] slug= pageName=Home cacheHit=1 path=CACHE

[1 occurrence(s)]
DEBUG --> [REQ_ID=d15fb72391f6] [FILTER_AFTER]

[1 occurrence(s)]
DEBUG --> [REQ_ID=d15fb72391f6] [LIFECYCLE][END] status=200 duration_ms=723.83 memory_delta=4194304

[1 occurrence(s)]
DEBUG --> [REQ_ID=d15fb72391f6] [REQUEST][END]

[1 occurrence(s)]
DEBUG --> [REQ_ID=4fa3d4541b84] [REQUEST][START] GET /index.php/

[1 occurrence(s)]
DEBUG --> [REQ_ID=4fa3d4541b84] [FILTER_BEFORE] /index.php/

[1 occurrence(s)]
DEBUG --> [REQ_ID=4fa3d4541b84] [ROUTE] Controller=\App\Controllers\Home Method=index

[1 occurrence(s)]
DEBUG --> [REQ_ID=4fa3d4541b84] [LIFECYCLE][START] GET https://www.mymiwallet.com/index.php/

[1 occurrence(s)]
DEBUG --> [CSRF] token name=csrf_test_name hash=7e3ce30f84500b98a635222ab5da4f1e

[1 occurrence(s)]
DEBUG --> [REQ_ID=42ae9329b73a] [INIT] App\Controllers\Home::GET

[26 occurrence(s)]
DEBUG --> [MetaService] slug= pageName= cacheHit=1 path=CACHE

[1 occurrence(s)]
DEBUG --> [REQ_ID=42ae9329b73a] [VIEW_RENDER] themes/public/home

[1 occurrence(s)]
DEBUG --> [REQ_ID=4fa3d4541b84] [FILTER_AFTER]

[1 occurrence(s)]
DEBUG --> [REQ_ID=4fa3d4541b84] [LIFECYCLE][END] status=200 duration_ms=694.12 memory_delta=2097152

[1 occurrence(s)]
DEBUG --> [REQ_ID=4fa3d4541b84] [REQUEST][END]

[1 occurrence(s)]
DEBUG --> [REQ_ID=9116bc94edf8] [REQUEST][START] GET /index.php

[1 occurrence(s)]
DEBUG --> [REQ_ID=9116bc94edf8] [FILTER_BEFORE] /index.php

[1 occurrence(s)]
DEBUG --> [REQ_ID=9116bc94edf8] [ROUTE] Controller=\App\Controllers\Home Method=index

[1 occurrence(s)]
DEBUG --> [REQ_ID=9116bc94edf8] [LIFECYCLE][START] GET https://www.mymiwallet.com/index.php/

[1 occurrence(s)]
DEBUG --> [CSRF] token name=csrf_test_name hash=bda691bdac1cc3f79f75d44ea62e8806

[1 occurrence(s)]
DEBUG --> [REQ_ID=24608c5048e0] [INIT] App\Controllers\Home::GET

[1 occurrence(s)]
DEBUG --> [REQ_ID=24608c5048e0] [VIEW_RENDER] themes/public/home

[1 occurrence(s)]
DEBUG --> [REQ_ID=9116bc94edf8] [FILTER_AFTER]

[1 occurrence(s)]
DEBUG --> [REQ_ID=9116bc94edf8] [LIFECYCLE][END] status=200 duration_ms=522.30 memory_delta=0

[1 occurrence(s)]
DEBUG --> [REQ_ID=9116bc94edf8] [REQUEST][END]

[1 occurrence(s)]
DEBUG --> [REQ_ID=2528b5c6c32c] [REQUEST][START] GET /index.php/How-It-Works

[1 occurrence(s)]
DEBUG --> [REQ_ID=2528b5c6c32c] [FILTER_BEFORE] /index.php/How-It-Works

[1 occurrence(s)]
DEBUG --> [REQ_ID=2528b5c6c32c] [ROUTE] Controller=\App\Modules\Blog\Controllers\HowItWorksController Method=index

[1 occurrence(s)]
DEBUG --> [REQ_ID=2528b5c6c32c] [LIFECYCLE][START] GET https://www.mymiwallet.com/index.php/How-It-Works

[1 occurrence(s)]
DEBUG --> [CSRF] token name=csrf_test_name hash=3415f210442b0555c83cf598bfe84bc5

[1 occurrence(s)]
DEBUG --> [REQ_ID=9445c31f6052] [INIT] App\Modules\Blog\Controllers\HowItWorksController::GET

[1 occurrence(s)]
DEBUG --> [REQ_ID=9445c31f6052] [METHOD_ENTRY] index

[6 occurrence(s)]
DEBUG --> [HOW_IT_WORKS] slug=overview

[1 occurrence(s)]
DEBUG --> [REQ_ID=2528b5c6c32c] [FILTER_AFTER]

[1 occurrence(s)]
DEBUG --> [REQ_ID=2528b5c6c32c] [LIFECYCLE][END] status=200 duration_ms=664.61 memory_delta=0

[1 occurrence(s)]
DEBUG --> [REQ_ID=2528b5c6c32c] [REQUEST][END]

[1 occurrence(s)]
DEBUG --> [REQ_ID=e1b498e8d1bf] [REQUEST][START] GET /index.php/Blog

[1 occurrence(s)]
DEBUG --> [REQ_ID=e1b498e8d1bf] [FILTER_BEFORE] /index.php/Blog

[1 occurrence(s)]
DEBUG --> [REQ_ID=e1b498e8d1bf] [ROUTE] Controller=\App\Modules\Blog\Controllers\BlogController Method=index

[1 occurrence(s)]
DEBUG --> [REQ_ID=e1b498e8d1bf] [LIFECYCLE][START] GET https://www.mymiwallet.com/index.php/Blog

[1 occurrence(s)]
DEBUG --> [CSRF] token name=csrf_test_name hash=839e01e562d8904b8180929d04f7294b

[1 occurrence(s)]
DEBUG --> [REQ_ID=02f2ab1296d8] [INIT] App\Modules\Blog\Controllers\BlogController::GET

[1 occurrence(s)]
DEBUG --> [REQ_ID=02f2ab1296d8] [METHOD_ENTRY] index

[1 occurrence(s)]
DEBUG --> [REQ_ID=7835dd6bd843] [REQUEST][START] GET /index.php/Blog

[1 occurrence(s)]
DEBUG --> [REQ_ID=7835dd6bd843] [FILTER_BEFORE] /index.php/Blog

[1 occurrence(s)]
DEBUG --> [REQ_ID=7835dd6bd843] [ROUTE] Controller=\App\Modules\Blog\Controllers\BlogController Method=index

[1 occurrence(s)]
DEBUG --> [REQ_ID=7835dd6bd843] [LIFECYCLE][START] GET https://www.mymiwallet.com/index.php/Blog

[1 occurrence(s)]
DEBUG --> [CSRF] token name=csrf_test_name hash=7b01f3d42410413a27f36722acf3f2bb

[1 occurrence(s)]
DEBUG --> [REQ_ID=2494ab10e78b] [INIT] App\Modules\Blog\Controllers\BlogController::GET

[1 occurrence(s)]
DEBUG --> [REQ_ID=2494ab10e78b] [METHOD_ENTRY] index

[1 occurrence(s)]
DEBUG --> [REQ_ID=25b488c1cbd1] [REQUEST][START] GET /index.php/Blog

[1 occurrence(s)]
DEBUG --> [REQ_ID=25b488c1cbd1] [FILTER_BEFORE] /index.php/Blog

[1 occurrence(s)]
DEBUG --> [REQ_ID=25b488c1cbd1] [ROUTE] Controller=\App\Modules\Blog\Controllers\BlogController Method=index

[1 occurrence(s)]
DEBUG --> [REQ_ID=25b488c1cbd1] [LIFECYCLE][START] GET https://www.mymiwallet.com/index.php/Blog

[1 occurrence(s)]
DEBUG --> [CSRF] token name=csrf_test_name hash=cf4e7b2b58fe614228f76966d57dcd89

[1 occurrence(s)]
DEBUG --> [REQ_ID=0b4c42812640] [INIT] App\Modules\Blog\Controllers\BlogController::GET

[1 occurrence(s)]
DEBUG --> [REQ_ID=0b4c42812640] [METHOD_ENTRY] index

[1 occurrence(s)]
DEBUG --> [REQ_ID=f94fa90ecc08] [REQUEST][START] GET /index.php/Knowledgebase

[1 occurrence(s)]
DEBUG --> [REQ_ID=f94fa90ecc08] [FILTER_BEFORE] /index.php/Knowledgebase

[1 occurrence(s)]
DEBUG --> [REQ_ID=f94fa90ecc08] [ROUTE] Controller=\App\Modules\User\Controllers\KnowledgebaseController Method=index

[1 occurrence(s)]
DEBUG --> [REQ_ID=f94fa90ecc08] [LIFECYCLE][START] GET https://www.mymiwallet.com/index.php/Knowledgebase

[2 occurrence(s)]
DEBUG --> [CSRF] token name=csrf_test_name hash=4b6ede28342ed6237e5169fc005da295

[1 occurrence(s)]
DEBUG --> [REQ_ID=f94fa90ecc08] [REQUEST][END]

[1 occurrence(s)]
DEBUG --> [REQ_ID=38cb42c0dcf7] [REQUEST][START] GET /index.php/login

[1 occurrence(s)]
DEBUG --> [REQ_ID=38cb42c0dcf7] [FILTER_BEFORE] /index.php/login

[1 occurrence(s)]
DEBUG --> [REQ_ID=38cb42c0dcf7] [ROUTE] Controller=\App\Controllers\AuthController Method=login

[1 occurrence(s)]
DEBUG --> [REQ_ID=38cb42c0dcf7] [LIFECYCLE][START] GET https://www.mymiwallet.com/index.php/login

[1 occurrence(s)]
DEBUG --> [REQ_ID=15475e39d0a6] [INIT] App\Controllers\AuthController::GET

[2 occurrence(s)]
DEBUG --> [AUTH_LOGIN_VIEW_REDIRECT_URL] /Knowledgebase

[1 occurrence(s)]
DEBUG --> [REQ_ID=38cb42c0dcf7] [FILTER_AFTER]

[1 occurrence(s)]
DEBUG --> [REQ_ID=38cb42c0dcf7] [LIFECYCLE][END] status=200 duration_ms=32.56 memory_delta=0

[1 occurrence(s)]
DEBUG --> [REQ_ID=38cb42c0dcf7] [REQUEST][END]

[1 occurrence(s)]
DEBUG --> [REQ_ID=8627d6cc80b4] [REQUEST][START] GET /index.php/Free/register

[1 occurrence(s)]
DEBUG --> [REQ_ID=8627d6cc80b4] [REQUEST][END]

[1 occurrence(s)]
DEBUG --> [REQ_ID=8367fd3da7a5] [REQUEST][START] GET /index.php/Free/register

[1 occurrence(s)]
DEBUG --> [REQ_ID=8367fd3da7a5] [REQUEST][END]

[1 occurrence(s)]
DEBUG --> [REQ_ID=dea808a440cc] [REQUEST][START] GET /index.php/Free/register

[1 occurrence(s)]
DEBUG --> [REQ_ID=dea808a440cc] [REQUEST][END]

[1 occurrence(s)]
DEBUG --> [REQ_ID=6333c8515690] [REQUEST][START] GET /index.php/Legal/Terms-And-Conditions

[1 occurrence(s)]
DEBUG --> [REQ_ID=6333c8515690] [FILTER_BEFORE] /index.php/Legal/Terms-And-Conditions

[1 occurrence(s)]
DEBUG --> [REQ_ID=6333c8515690] [ROUTE] Controller=\App\Controllers\Home Method=terms

[1 occurrence(s)]
DEBUG --> [REQ_ID=6333c8515690] [LIFECYCLE][START] GET https://www.mymiwallet.com/index.php/Legal/Terms-And-Conditions

[2 occurrence(s)]
DEBUG --> [CSRF] token name=csrf_test_name hash=a3b5367938b40bd04378f4a45aa0a898

[1 occurrence(s)]
DEBUG --> [REQ_ID=6333c8515690] [REQUEST][END]

[1 occurrence(s)]
DEBUG --> [REQ_ID=28dd90d9fb3e] [REQUEST][START] GET /index.php/login

[1 occurrence(s)]
DEBUG --> [REQ_ID=28dd90d9fb3e] [FILTER_BEFORE] /index.php/login

[1 occurrence(s)]
DEBUG --> [REQ_ID=28dd90d9fb3e] [ROUTE] Controller=\App\Controllers\AuthController Method=login

[1 occurrence(s)]
DEBUG --> [REQ_ID=28dd90d9fb3e] [LIFECYCLE][START] GET https://www.mymiwallet.com/index.php/login

[1 occurrence(s)]
DEBUG --> [REQ_ID=9975499aea59] [INIT] App\Controllers\AuthController::GET

[1 occurrence(s)]
DEBUG --> [AUTH_LOGIN_VIEW_REDIRECT_URL] /Legal/Terms-And-Conditions

[1 occurrence(s)]
DEBUG --> [REQ_ID=28dd90d9fb3e] [FILTER_AFTER]

[1 occurrence(s)]
DEBUG --> [REQ_ID=28dd90d9fb3e] [LIFECYCLE][END] status=200 duration_ms=53.59 memory_delta=0

[1 occurrence(s)]
DEBUG --> [REQ_ID=28dd90d9fb3e] [REQUEST][END]

[1 occurrence(s)]
DEBUG --> [REQ_ID=c1727122ae84] [REQUEST][START] GET /index.php/Legal/Privacy-Policy

[1 occurrence(s)]
DEBUG --> [REQ_ID=c1727122ae84] [FILTER_BEFORE] /index.php/Legal/Privacy-Policy

[1 occurrence(s)]
DEBUG --> [REQ_ID=c1727122ae84] [ROUTE] Controller=\App\Controllers\Home Method=privacyPolicy

[1 occurrence(s)]
DEBUG --> [REQ_ID=c1727122ae84] [LIFECYCLE][START] GET https://www.mymiwallet.com/index.php/Legal/Privacy-Policy

[2 occurrence(s)]
DEBUG --> [CSRF] token name=csrf_test_name hash=ab446f7e746897cee62d2577af091172

[1 occurrence(s)]
DEBUG --> [REQ_ID=c1727122ae84] [REQUEST][END]

[1 occurrence(s)]
DEBUG --> [REQ_ID=251f4d421507] [REQUEST][START] GET /index.php/login

[1 occurrence(s)]
DEBUG --> [REQ_ID=251f4d421507] [FILTER_BEFORE] /index.php/login

[1 occurrence(s)]
DEBUG --> [REQ_ID=251f4d421507] [ROUTE] Controller=\App\Controllers\AuthController Method=login

[1 occurrence(s)]
DEBUG --> [REQ_ID=251f4d421507] [LIFECYCLE][START] GET https://www.mymiwallet.com/index.php/login

[1 occurrence(s)]
DEBUG --> [REQ_ID=adbfd86dd698] [INIT] App\Controllers\AuthController::GET

[1 occurrence(s)]
DEBUG --> [AUTH_LOGIN_VIEW_REDIRECT_URL] /Legal/Privacy-Policy

[1 occurrence(s)]
DEBUG --> [REQ_ID=251f4d421507] [FILTER_AFTER]

[1 occurrence(s)]
DEBUG --> [REQ_ID=251f4d421507] [LIFECYCLE][END] status=200 duration_ms=46.71 memory_delta=0

[1 occurrence(s)]
DEBUG --> [REQ_ID=251f4d421507] [REQUEST][END]

[1 occurrence(s)]
DEBUG --> [REQ_ID=9cbf457e3da5] [REQUEST][START] GET /index.php/How-It-Works/Personal-Budgeting

[1 occurrence(s)]
DEBUG --> [REQ_ID=9cbf457e3da5] [FILTER_BEFORE] /index.php/How-It-Works/Personal-Budgeting

[1 occurrence(s)]
DEBUG --> [REQ_ID=9cbf457e3da5] [ROUTE] Controller=\App\Modules\Blog\Controllers\HowItWorksController Method=show

[1 occurrence(s)]
DEBUG --> [REQ_ID=9cbf457e3da5] [LIFECYCLE][START] GET https://www.mymiwallet.com/index.php/How-It-Works/Personal-Budgeting

[1 occurrence(s)]
DEBUG --> [CSRF] token name=csrf_test_name hash=df149542968b7762c126b6b98424e235

[1 occurrence(s)]
DEBUG --> [REQ_ID=6e14e28c7526] [INIT] App\Modules\Blog\Controllers\HowItWorksController::GET

[1 occurrence(s)]
DEBUG --> [REQ_ID=6e14e28c7526] [METHOD_ENTRY] show

[2 occurrence(s)]
DEBUG --> [HOW_IT_WORKS] slug=personal-budgeting

[1 occurrence(s)]
DEBUG --> [REQ_ID=9cbf457e3da5] [FILTER_AFTER]

[1 occurrence(s)]
DEBUG --> [REQ_ID=9cbf457e3da5] [LIFECYCLE][END] status=200 duration_ms=513.75 memory_delta=4194304

[1 occurrence(s)]
DEBUG --> [REQ_ID=9cbf457e3da5] [REQUEST][END]

[1 occurrence(s)]
DEBUG --> [REQ_ID=b312297f79e4] [REQUEST][START] GET /index.php/How-It-Works/Investment-Portfolio-Management

[1 occurrence(s)]
DEBUG --> [REQ_ID=b312297f79e4] [FILTER_BEFORE] /index.php/How-It-Works/Investment-Portfolio-Management

[1 occurrence(s)]
DEBUG --> [REQ_ID=b312297f79e4] [ROUTE] Controller=\App\Modules\Blog\Controllers\HowItWorksController Method=show

[1 occurrence(s)]
DEBUG --> [REQ_ID=b312297f79e4] [LIFECYCLE][START] GET https://www.mymiwallet.com/index.php/How-It-Works/Investment-Portfolio-Management

[1 occurrence(s)]
DEBUG --> [CSRF] token name=csrf_test_name hash=f7a479221f1af63cefa6736cd4fddf3e

[1 occurrence(s)]
DEBUG --> [REQ_ID=934cf28b0f28] [INIT] App\Modules\Blog\Controllers\HowItWorksController::GET

[1 occurrence(s)]
DEBUG --> [REQ_ID=934cf28b0f28] [METHOD_ENTRY] show

[5 occurrence(s)]
DEBUG --> [HOW_IT_WORKS] slug=investment-portfolio-management

[1 occurrence(s)]
DEBUG --> [REQ_ID=b312297f79e4] [FILTER_AFTER]

[1 occurrence(s)]
DEBUG --> [REQ_ID=b312297f79e4] [LIFECYCLE][END] status=200 duration_ms=520.84 memory_delta=2097152

[1 occurrence(s)]
DEBUG --> [REQ_ID=b312297f79e4] [REQUEST][END]

[1 occurrence(s)]
DEBUG --> [REQ_ID=c8d31376bc80] [REQUEST][START] GET /index.php/How-It-Works/Daily-Financial-News

[1 occurrence(s)]
DEBUG --> [REQ_ID=c8d31376bc80] [FILTER_BEFORE] /index.php/How-It-Works/Daily-Financial-News

[1 occurrence(s)]
DEBUG --> [REQ_ID=c8d31376bc80] [ROUTE] Controller=\App\Modules\Blog\Controllers\HowItWorksController Method=show

[1 occurrence(s)]
DEBUG --> [REQ_ID=c8d31376bc80] [LIFECYCLE][START] GET https://www.mymiwallet.com/index.php/How-It-Works/Daily-Financial-News

[1 occurrence(s)]
DEBUG --> [CSRF] token name=csrf_test_name hash=681bbd8d35e887e046f9b7abec34a66c

[1 occurrence(s)]
DEBUG --> [REQ_ID=5da711608612] [INIT] App\Modules\Blog\Controllers\HowItWorksController::GET

[1 occurrence(s)]
DEBUG --> [REQ_ID=5da711608612] [METHOD_ENTRY] show

[1 occurrence(s)]
DEBUG --> [REQ_ID=c8d31376bc80] [FILTER_AFTER]

[1 occurrence(s)]
DEBUG --> [REQ_ID=c8d31376bc80] [LIFECYCLE][END] status=200 duration_ms=591.41 memory_delta=2097152

[1 occurrence(s)]
DEBUG --> [REQ_ID=c8d31376bc80] [REQUEST][END]

[1 occurrence(s)]
DEBUG --> [REQ_ID=83eb4593e0c0] [REQUEST][START] GET /index.php/

[1 occurrence(s)]
DEBUG --> [REQ_ID=83eb4593e0c0] [FILTER_BEFORE] /index.php/

[1 occurrence(s)]
DEBUG --> [REQ_ID=83eb4593e0c0] [ROUTE] Controller=\App\Controllers\Home Method=index

[1 occurrence(s)]
DEBUG --> [REQ_ID=83eb4593e0c0] [LIFECYCLE][START] GET https://www.mymiwallet.com/index.php/

[1 occurrence(s)]
DEBUG --> [CSRF] token name=csrf_test_name hash=eb4d94da2631661b6c8dbfbbee120d7a

[1 occurrence(s)]
DEBUG --> [REQ_ID=1fa338e45729] [INIT] App\Controllers\Home::GET

[1 occurrence(s)]
DEBUG --> [REQ_ID=1fa338e45729] [VIEW_RENDER] themes/public/home

[1 occurrence(s)]
DEBUG --> [REQ_ID=83eb4593e0c0] [FILTER_AFTER]

[1 occurrence(s)]
DEBUG --> [REQ_ID=83eb4593e0c0] [LIFECYCLE][END] status=200 duration_ms=541.62 memory_delta=2097152

[1 occurrence(s)]
DEBUG --> [REQ_ID=83eb4593e0c0] [REQUEST][END]

[1 occurrence(s)]
DEBUG --> [REQ_ID=be02063302a7] [REQUEST][START] GET /index.php

[1 occurrence(s)]
DEBUG --> [REQ_ID=be02063302a7] [FILTER_BEFORE] /index.php

[1 occurrence(s)]
DEBUG --> [REQ_ID=be02063302a7] [ROUTE] Controller=\App\Controllers\Home Method=index

[1 occurrence(s)]
DEBUG --> [REQ_ID=be02063302a7] [LIFECYCLE][START] GET https://www.mymiwallet.com/index.php/

[1 occurrence(s)]
DEBUG --> [CSRF] token name=csrf_test_name hash=cd782dc4b4e795e33ae3eac6f646b9ed

[1 occurrence(s)]
DEBUG --> [REQ_ID=6ea975701c49] [INIT] App\Controllers\Home::GET

[1 occurrence(s)]
DEBUG --> [REQ_ID=6ea975701c49] [VIEW_RENDER] themes/public/home

[1 occurrence(s)]
DEBUG --> [REQ_ID=be02063302a7] [FILTER_AFTER]

[1 occurrence(s)]
DEBUG --> [REQ_ID=be02063302a7] [LIFECYCLE][END] status=200 duration_ms=535.70 memory_delta=0

[1 occurrence(s)]
DEBUG --> [REQ_ID=be02063302a7] [REQUEST][END]

[1 occurrence(s)]
DEBUG --> [REQ_ID=f306f330d04b] [REQUEST][START] GET /index.php/How-It-Works

[1 occurrence(s)]
DEBUG --> [REQ_ID=f306f330d04b] [FILTER_BEFORE] /index.php/How-It-Works

[1 occurrence(s)]
DEBUG --> [REQ_ID=f306f330d04b] [ROUTE] Controller=\App\Modules\Blog\Controllers\HowItWorksController Method=index

[1 occurrence(s)]
DEBUG --> [REQ_ID=f306f330d04b] [LIFECYCLE][START] GET https://www.mymiwallet.com/index.php/How-It-Works

[1 occurrence(s)]
DEBUG --> [CSRF] token name=csrf_test_name hash=32e21fd51236abeda27d83205c03722a

[1 occurrence(s)]
DEBUG --> [REQ_ID=a80a1a8a8a5c] [INIT] App\Modules\Blog\Controllers\HowItWorksController::GET

[1 occurrence(s)]
DEBUG --> [REQ_ID=a80a1a8a8a5c] [METHOD_ENTRY] index

[1 occurrence(s)]
DEBUG --> [REQ_ID=f306f330d04b] [FILTER_AFTER]

[1 occurrence(s)]
DEBUG --> [REQ_ID=f306f330d04b] [LIFECYCLE][END] status=200 duration_ms=537.16 memory_delta=0

[1 occurrence(s)]
DEBUG --> [REQ_ID=f306f330d04b] [REQUEST][END]

[1 occurrence(s)]
DEBUG --> [REQ_ID=c58b2e78cfb9] [REQUEST][START] GET /index.php/Blog

[1 occurrence(s)]
DEBUG --> [REQ_ID=c58b2e78cfb9] [FILTER_BEFORE] /index.php/Blog

[1 occurrence(s)]
DEBUG --> [REQ_ID=c58b2e78cfb9] [ROUTE] Controller=\App\Modules\Blog\Controllers\BlogController Method=index

[1 occurrence(s)]
DEBUG --> [REQ_ID=c58b2e78cfb9] [LIFECYCLE][START] GET https://www.mymiwallet.com/index.php/Blog

[1 occurrence(s)]
DEBUG --> [CSRF] token name=csrf_test_name hash=3ee438fe1b7deb9d66e7d5c7c57d8c0d

[1 occurrence(s)]
DEBUG --> [REQ_ID=59d0f0970b27] [INIT] App\Modules\Blog\Controllers\BlogController::GET

[1 occurrence(s)]
DEBUG --> [REQ_ID=59d0f0970b27] [METHOD_ENTRY] index

[1 occurrence(s)]
DEBUG --> [REQ_ID=f68c02462f75] [REQUEST][START] GET /index.php/Blog

[1 occurrence(s)]
DEBUG --> [REQ_ID=f68c02462f75] [FILTER_BEFORE] /index.php/Blog

[1 occurrence(s)]
DEBUG --> [REQ_ID=f68c02462f75] [ROUTE] Controller=\App\Modules\Blog\Controllers\BlogController Method=index

[1 occurrence(s)]
DEBUG --> [REQ_ID=f68c02462f75] [LIFECYCLE][START] GET https://www.mymiwallet.com/index.php/Blog

[1 occurrence(s)]
DEBUG --> [CSRF] token name=csrf_test_name hash=ad89e3befda6c9924da8300bead8115f

[1 occurrence(s)]
DEBUG --> [REQ_ID=3617fb6a0d7c] [INIT] App\Modules\Blog\Controllers\BlogController::GET

[1 occurrence(s)]
DEBUG --> [REQ_ID=3617fb6a0d7c] [METHOD_ENTRY] index

[1 occurrence(s)]
DEBUG --> [REQ_ID=0360551c4679] [REQUEST][START] GET /index.php/Blog

[1 occurrence(s)]
DEBUG --> [REQ_ID=0360551c4679] [FILTER_BEFORE] /index.php/Blog

[1 occurrence(s)]
DEBUG --> [REQ_ID=0360551c4679] [ROUTE] Controller=\App\Modules\Blog\Controllers\BlogController Method=index

[1 occurrence(s)]
DEBUG --> [REQ_ID=0360551c4679] [LIFECYCLE][START] GET https://www.mymiwallet.com/index.php/Blog

[1 occurrence(s)]
DEBUG --> [CSRF] token name=csrf_test_name hash=23884e3188c9d6e1bfa03bad023a0c40

[1 occurrence(s)]
DEBUG --> [REQ_ID=ba7505aab9f9] [INIT] App\Modules\Blog\Controllers\BlogController::GET

[1 occurrence(s)]
DEBUG --> [REQ_ID=ba7505aab9f9] [METHOD_ENTRY] index

[1 occurrence(s)]
DEBUG --> [REQ_ID=cf6757d6bead] [REQUEST][START] GET /index.php/login

[1 occurrence(s)]
DEBUG --> [REQ_ID=cf6757d6bead] [FILTER_BEFORE] /index.php/login

[1 occurrence(s)]
DEBUG --> [REQ_ID=cf6757d6bead] [ROUTE] Controller=\App\Controllers\AuthController Method=login

[1 occurrence(s)]
DEBUG --> [REQ_ID=cf6757d6bead] [LIFECYCLE][START] GET https://www.mymiwallet.com/index.php/login

[1 occurrence(s)]
DEBUG --> [CSRF] token name=csrf_test_name hash=dd973724be68aae3f962c03c34f55580

[1 occurrence(s)]
DEBUG --> [REQ_ID=8c6c6dc55ca3] [INIT] App\Controllers\AuthController::GET

[2 occurrence(s)]
DEBUG --> [AUTH_LOGIN_VIEW_REDIRECT_URL]

[1 occurrence(s)]
DEBUG --> [REQ_ID=cf6757d6bead] [FILTER_AFTER]

[1 occurrence(s)]
DEBUG --> [REQ_ID=cf6757d6bead] [LIFECYCLE][END] status=200 duration_ms=35.46 memory_delta=0

[1 occurrence(s)]
DEBUG --> [REQ_ID=cf6757d6bead] [REQUEST][END]

[1 occurrence(s)]
DEBUG --> [REQ_ID=1743e52048e5] [REQUEST][START] GET /index.php/Free/register

[1 occurrence(s)]
DEBUG --> [REQ_ID=1743e52048e5] [REQUEST][END]

[1 occurrence(s)]
DEBUG --> [REQ_ID=a79181c1571a] [REQUEST][START] GET /index.php/Free/register

[1 occurrence(s)]
DEBUG --> [REQ_ID=a79181c1571a] [REQUEST][END]

[1 occurrence(s)]
DEBUG --> [REQ_ID=d65598ea48bc] [REQUEST][START] GET /index.php/How-It-Works/Personal-Budgeting

[1 occurrence(s)]
DEBUG --> [REQ_ID=d65598ea48bc] [FILTER_BEFORE] /index.php/How-It-Works/Personal-Budgeting

[1 occurrence(s)]
DEBUG --> [REQ_ID=d65598ea48bc] [ROUTE] Controller=\App\Modules\Blog\Controllers\HowItWorksController Method=show

[1 occurrence(s)]
DEBUG --> [REQ_ID=d65598ea48bc] [LIFECYCLE][START] GET https://www.mymiwallet.com/index.php/How-It-Works/Personal-Budgeting

[1 occurrence(s)]
DEBUG --> [CSRF] token name=csrf_test_name hash=1996ba663f8c95ab29ada56abd7d9b17

[1 occurrence(s)]
DEBUG --> [REQ_ID=2583275c7636] [INIT] App\Modules\Blog\Controllers\HowItWorksController::GET

[1 occurrence(s)]
DEBUG --> [REQ_ID=2583275c7636] [METHOD_ENTRY] show

[1 occurrence(s)]
DEBUG --> [REQ_ID=d65598ea48bc] [FILTER_AFTER]

[1 occurrence(s)]
DEBUG --> [REQ_ID=d65598ea48bc] [LIFECYCLE][END] status=200 duration_ms=618.17 memory_delta=4194304

[1 occurrence(s)]
DEBUG --> [REQ_ID=d65598ea48bc] [REQUEST][END]

[1 occurrence(s)]
DEBUG --> [REQ_ID=a8bec8f04538] [REQUEST][START] GET /index.php/How-It-Works/Investment-Portfolio-Management

[1 occurrence(s)]
DEBUG --> [REQ_ID=a8bec8f04538] [FILTER_BEFORE] /index.php/How-It-Works/Investment-Portfolio-Management

[1 occurrence(s)]
DEBUG --> [REQ_ID=a8bec8f04538] [ROUTE] Controller=\App\Modules\Blog\Controllers\HowItWorksController Method=show

[1 occurrence(s)]
DEBUG --> [REQ_ID=a8bec8f04538] [LIFECYCLE][START] GET https://www.mymiwallet.com/index.php/How-It-Works/Investment-Portfolio-Management

[1 occurrence(s)]
DEBUG --> [CSRF] token name=csrf_test_name hash=de2f3856309ef1eba2ae6ba9d96ae6fd

[1 occurrence(s)]
DEBUG --> [REQ_ID=af3fea64277e] [INIT] App\Modules\Blog\Controllers\HowItWorksController::GET

[1 occurrence(s)]
DEBUG --> [REQ_ID=af3fea64277e] [METHOD_ENTRY] show

[1 occurrence(s)]
DEBUG --> [REQ_ID=a8bec8f04538] [FILTER_AFTER]

[1 occurrence(s)]
DEBUG --> [REQ_ID=a8bec8f04538] [LIFECYCLE][END] status=200 duration_ms=537.97 memory_delta=2097152

[1 occurrence(s)]
DEBUG --> [REQ_ID=a8bec8f04538] [REQUEST][END]

[1 occurrence(s)]
DEBUG --> [REQ_ID=356e293f1ae7] [REQUEST][START] GET /index.php/How-It-Works/Daily-Financial-News

[1 occurrence(s)]
DEBUG --> [REQ_ID=356e293f1ae7] [FILTER_BEFORE] /index.php/How-It-Works/Daily-Financial-News

[1 occurrence(s)]
DEBUG --> [REQ_ID=356e293f1ae7] [ROUTE] Controller=\App\Modules\Blog\Controllers\HowItWorksController Method=show

[1 occurrence(s)]
DEBUG --> [REQ_ID=356e293f1ae7] [LIFECYCLE][START] GET https://www.mymiwallet.com/index.php/How-It-Works/Daily-Financial-News

[1 occurrence(s)]
DEBUG --> [CSRF] token name=csrf_test_name hash=d8e486b87c1563e61468b8396cb36ae2

[1 occurrence(s)]
DEBUG --> [REQ_ID=eb8415d45121] [INIT] App\Modules\Blog\Controllers\HowItWorksController::GET

[1 occurrence(s)]
DEBUG --> [REQ_ID=eb8415d45121] [METHOD_ENTRY] show

[1 occurrence(s)]
DEBUG --> [REQ_ID=356e293f1ae7] [FILTER_AFTER]

[1 occurrence(s)]
DEBUG --> [REQ_ID=356e293f1ae7] [LIFECYCLE][END] status=200 duration_ms=543.12 memory_delta=2097152

[1 occurrence(s)]
DEBUG --> [REQ_ID=356e293f1ae7] [REQUEST][END]

[1 occurrence(s)]
DEBUG --> [REQ_ID=07fca163a61d] [REQUEST][START] GET /

[1 occurrence(s)]
DEBUG --> [REQ_ID=07fca163a61d] [FILTER_BEFORE] /

[1 occurrence(s)]
DEBUG --> [REQ_ID=07fca163a61d] [ROUTE] Controller=\App\Controllers\Home Method=index

[1 occurrence(s)]
DEBUG --> [REQ_ID=07fca163a61d] [LIFECYCLE][START] GET https://www.mymiwallet.com/index.php/

[1 occurrence(s)]
DEBUG --> [CSRF] token name=csrf_test_name hash=54f4fb2ae54978fd7a171cfe35127378

[1 occurrence(s)]
DEBUG --> [REQ_ID=d0a3d977208c] [INIT] App\Controllers\Home::GET

[1 occurrence(s)]
DEBUG --> [REQ_ID=d0a3d977208c] [VIEW_RENDER] themes/public/home

[1 occurrence(s)]
DEBUG --> [REQ_ID=07fca163a61d] [FILTER_AFTER]

[1 occurrence(s)]
DEBUG --> [REQ_ID=07fca163a61d] [LIFECYCLE][END] status=200 duration_ms=953.36 memory_delta=4194304

[1 occurrence(s)]
DEBUG --> [REQ_ID=07fca163a61d] [REQUEST][END]

[1 occurrence(s)]
DEBUG --> [REQ_ID=de651d078ce6] [REQUEST][START] GET /index.php/API/Alerts/fetchEmailAlerts

[1 occurrence(s)]
DEBUG --> [REQ_ID=de651d078ce6] [FILTER_BEFORE] /index.php/API/Alerts/fetchEmailAlerts

[1 occurrence(s)]
DEBUG --> [REQ_ID=de651d078ce6] [ROUTE] Controller=\App\Modules\APIs\Controllers\AlertsAPIController Method=fetchEmailAlerts

[1 occurrence(s)]
DEBUG --> [REQ_ID=de651d078ce6] [LIFECYCLE][START] GET https://www.mymiwallet.com/index.php/API/Alerts/fetchEmailAlerts

[1 occurrence(s)]
DEBUG --> [REQ_ID=de651d078ce6] [REQUEST][END]

[1 occurrence(s)]
DEBUG --> [REQ_ID=b8cbd2109dc6] [REQUEST][START] GET /

[1 occurrence(s)]
DEBUG --> [REQ_ID=b8cbd2109dc6] [REQUEST][END]

[1 occurrence(s)]
DEBUG --> [REQ_ID=8f2a70b90762] [REQUEST][START] GET /index.php/Premium-Features/Due-Diligence-Database

[1 occurrence(s)]
DEBUG --> [REQ_ID=8f2a70b90762] [REQUEST][END]

[1 occurrence(s)]
DEBUG --> [REQ_ID=0323e22788a1] [REQUEST][START] GET /Features/Brokerage-Integrations

[1 occurrence(s)]
DEBUG --> [REQ_ID=0323e22788a1] [FILTER_BEFORE] /Features/Brokerage-Integrations

[1 occurrence(s)]
DEBUG --> [REQ_ID=0323e22788a1] [ROUTE] Controller=\App\Modules\Advertise\Controllers\FeaturesController Method=BrokerageIntegrations

[1 occurrence(s)]
DEBUG --> [REQ_ID=0323e22788a1] [LIFECYCLE][START] GET https://www.mymiwallet.com/index.php/Features/Brokerage-Integrations

[2 occurrence(s)]
DEBUG --> [CSRF] token name=csrf_test_name hash=f909e9399cd28968fcdb197d163a5a02

[1 occurrence(s)]
DEBUG --> [REQ_ID=0323e22788a1] [REQUEST][END]

[1 occurrence(s)]
DEBUG --> [REQ_ID=ab39c3d7e233] [REQUEST][START] GET /index.php/login

[1 occurrence(s)]
DEBUG --> [REQ_ID=ab39c3d7e233] [FILTER_BEFORE] /index.php/login

[1 occurrence(s)]
DEBUG --> [REQ_ID=ab39c3d7e233] [ROUTE] Controller=\App\Controllers\AuthController Method=login

[1 occurrence(s)]
DEBUG --> [REQ_ID=ab39c3d7e233] [LIFECYCLE][START] GET https://www.mymiwallet.com/index.php/login

[1 occurrence(s)]
DEBUG --> [REQ_ID=eb31738b0469] [INIT] App\Controllers\AuthController::GET

[1 occurrence(s)]
DEBUG --> [AUTH_LOGIN_VIEW_REDIRECT_URL] /Features/Brokerage-Integrations

[1 occurrence(s)]
DEBUG --> [REQ_ID=ab39c3d7e233] [FILTER_AFTER]

[1 occurrence(s)]
DEBUG --> [REQ_ID=ab39c3d7e233] [LIFECYCLE][END] status=200 duration_ms=80.46 memory_delta=2097152

[1 occurrence(s)]
DEBUG --> [REQ_ID=ab39c3d7e233] [REQUEST][END]

[1 occurrence(s)]
DEBUG --> [REQ_ID=a1598cb4fa26] [REQUEST][START] GET /appsettings.json

[1 occurrence(s)]
DEBUG --> [REQ_ID=a1598cb4fa26] [REQUEST][END]

[1 occurrence(s)]
DEBUG --> [REQ_ID=4c7a5cc35ced] [REQUEST][START] GET /.env

[1 occurrence(s)]
DEBUG --> [REQ_ID=4c7a5cc35ced] [REQUEST][END]

[1 occurrence(s)]
DEBUG --> [REQ_ID=7a5a77f21579] [REQUEST][START] GET /info.php

[1 occurrence(s)]
DEBUG --> [REQ_ID=7a5a77f21579] [REQUEST][END]

[1 occurrence(s)]
DEBUG --> [REQ_ID=401fb5b0ece5] [REQUEST][START] GET /app.js

[1 occurrence(s)]
DEBUG --> [REQ_ID=047aac92faa3] [REQUEST][START] GET /.git/config

[1 occurrence(s)]
DEBUG --> [REQ_ID=b84317bba077] [REQUEST][START] GET /server.js

[1 occurrence(s)]
DEBUG --> [REQ_ID=047aac92faa3] [REQUEST][END]

[1 occurrence(s)]
DEBUG --> [REQ_ID=c1bc365b8049] [REQUEST][START] GET /index.php/API/Management/Run-CRON-Tasks

[1 occurrence(s)]
DEBUG --> [REQ_ID=c1bc365b8049] [FILTER_BEFORE] /index.php/API/Management/Run-CRON-Tasks

[1 occurrence(s)]
DEBUG --> [REQ_ID=c1bc365b8049] [ROUTE] Controller=\App\Modules\APIs\Controllers\ManagementAPIController Method=Run_CRON_Tasks

[1 occurrence(s)]
DEBUG --> [REQ_ID=c1bc365b8049] [LIFECYCLE][START] GET https://www.mymiwallet.com/index.php/API/Management/Run-CRON-Tasks

[1 occurrence(s)]
DEBUG --> [REQ_ID=c1bc365b8049] [REQUEST][END]

[1 occurrence(s)]
DEBUG --> [REQ_ID=14531ccce49f] [REQUEST][START] GET /docker-compose.yml

[1 occurrence(s)]
DEBUG --> [REQ_ID=cb5dc14496d9] [REQUEST][START] GET /.env.bak

[1 occurrence(s)]
DEBUG --> [REQ_ID=cb5dc14496d9] [REQUEST][END]

[1 occurrence(s)]
DEBUG --> [REQ_ID=14531ccce49f] [REQUEST][END]

[1 occurrence(s)]
DEBUG --> [REQ_ID=10da3d8ca955] [REQUEST][START] GET /db.php

[1 occurrence(s)]
DEBUG --> [REQ_ID=75a90010cb91] [REQUEST][START] GET /composer.json

[1 occurrence(s)]
DEBUG --> [REQ_ID=10da3d8ca955] [REQUEST][END]

[1 occurrence(s)]
DEBUG --> [REQ_ID=75a90010cb91] [REQUEST][END]

[1 occurrence(s)]
DEBUG --> [REQ_ID=f7fa5df03c3f] [REQUEST][START] GET /database.php

[1 occurrence(s)]
DEBUG --> [REQ_ID=f7fa5df03c3f] [REQUEST][END]

[1 occurrence(s)]
DEBUG --> [REQ_ID=31611a1b0f40] [REQUEST][START] GET /web.config

[1 occurrence(s)]
DEBUG --> [REQ_ID=31611a1b0f40] [REQUEST][END]

[1 occurrence(s)]
DEBUG --> [REQ_ID=0dcdacd48f5e] [REQUEST][START] GET /settings.php

[1 occurrence(s)]
DEBUG --> [REQ_ID=0dcdacd48f5e] [REQUEST][END]

[1 occurrence(s)]
DEBUG --> [REQ_ID=eaed685603f8] [REQUEST][START] GET /.gitconfig

[1 occurrence(s)]
DEBUG --> [REQ_ID=080c19960d56] [REQUEST][START] GET /application.yml

[1 occurrence(s)]
DEBUG --> [REQ_ID=eaed685603f8] [REQUEST][END]

[1 occurrence(s)]
DEBUG --> [REQ_ID=080c19960d56] [REQUEST][END]

[1 occurrence(s)]
DEBUG --> [REQ_ID=bdf88339c231] [REQUEST][START] GET /config.js

[1 occurrence(s)]
DEBUG --> [REQ_ID=80a0efdc7a2b] [REQUEST][START] GET /.env-config.js

[1 occurrence(s)]
DEBUG --> [REQ_ID=d8cc61570b9c] [REQUEST][START] GET /config/application.yml

[1 occurrence(s)]
DEBUG --> [REQ_ID=01558bf72c3e] [REQUEST][START] GET /phpinfo/info.php

[1 occurrence(s)]
DEBUG --> [REQ_ID=de2f5911202f] [REQUEST][START] GET /portal/phpinfo.php

[1 occurrence(s)]
DEBUG --> [REQ_ID=de2f5911202f] [REQUEST][END]

[1 occurrence(s)]
DEBUG --> [REQ_ID=d8cc61570b9c] [REQUEST][END]

[1 occurrence(s)]
DEBUG --> [REQ_ID=01558bf72c3e] [REQUEST][END]

[1 occurrence(s)]
DEBUG --> [REQ_ID=9924290f6be3] [REQUEST][START] GET /server_info.php

[1 occurrence(s)]
DEBUG --> [REQ_ID=9a9a2583b6d4] [REQUEST][START] GET /pinfo.php

[1 occurrence(s)]
DEBUG --> [REQ_ID=f5c6580c3319] [REQUEST][START] GET /index.php

[1 occurrence(s)]
DEBUG --> [REQ_ID=f3f98e6f8139] [REQUEST][START] GET /.env.js

[1 occurrence(s)]
DEBUG --> [REQ_ID=9924290f6be3] [REQUEST][END]

[1 occurrence(s)]
DEBUG --> [REQ_ID=9a9a2583b6d4] [REQUEST][END]

[1 occurrence(s)]
DEBUG --> [REQ_ID=f5c6580c3319] [FILTER_BEFORE] /index.php

[1 occurrence(s)]
DEBUG --> [REQ_ID=f5c6580c3319] [ROUTE] Controller=\App\Controllers\Home Method=index

[1 occurrence(s)]
DEBUG --> [REQ_ID=f5c6580c3319] [LIFECYCLE][START] GET https://www.mymiwallet.com/index.php/

[1 occurrence(s)]
DEBUG --> [CSRF] token name=csrf_test_name hash=18f2fb184efb7c7a6fc510ad4801244b

[1 occurrence(s)]
DEBUG --> [REQ_ID=e131b5b2a50e] [INIT] App\Controllers\Home::GET

[1 occurrence(s)]
DEBUG --> [REQ_ID=e131b5b2a50e] [VIEW_RENDER] themes/public/home

[1 occurrence(s)]
DEBUG --> [REQ_ID=f5c6580c3319] [FILTER_AFTER]

[1 occurrence(s)]
DEBUG --> [REQ_ID=f5c6580c3319] [LIFECYCLE][END] status=200 duration_ms=226,786.79 memory_delta=4194304

[1 occurrence(s)]
DEBUG --> [REQ_ID=f5c6580c3319] [REQUEST][END]

[1 occurrence(s)]
DEBUG --> [REQ_ID=577c55137bc1] [REQUEST][START] GET /functions.php

[1 occurrence(s)]
DEBUG --> [REQ_ID=cd301017a602] [REQUEST][START] GET /php_info.php

[1 occurrence(s)]
DEBUG --> [REQ_ID=657fbdcfeac2] [REQUEST][START] GET /app/config/parameters.yml

[1 occurrence(s)]
DEBUG --> [REQ_ID=46dabb0cf7ba] [REQUEST][START] GET /test.php

[1 occurrence(s)]
DEBUG --> [REQ_ID=235ee9767ed3] [REQUEST][START] GET /config.json

[1 occurrence(s)]
DEBUG --> [REQ_ID=29d0bcfeb4d2] [REQUEST][START] GET /config/parameters.yml

[1 occurrence(s)]
DEBUG --> [REQ_ID=2ed01b8942f7] [REQUEST][START] GET /.aws/credentials

[1 occurrence(s)]
DEBUG --> [REQ_ID=d74d083ba6bf] [REQUEST][START] GET /

[1 occurrence(s)]
DEBUG --> [REQ_ID=9253c8e52414] [REQUEST][START] GET /Free

[1 occurrence(s)]
DEBUG --> [REQ_ID=46dabb0cf7ba] [REQUEST][END]

[1 occurrence(s)]
DEBUG --> [REQ_ID=657fbdcfeac2] [REQUEST][END]

[1 occurrence(s)]
DEBUG --> [REQ_ID=cd301017a602] [REQUEST][END]

[1 occurrence(s)]
DEBUG --> [REQ_ID=577c55137bc1] [REQUEST][END]

[1 occurrence(s)]
DEBUG --> [REQ_ID=235ee9767ed3] [REQUEST][END]

[1 occurrence(s)]
DEBUG --> [REQ_ID=29d0bcfeb4d2] [REQUEST][END]

[1 occurrence(s)]
DEBUG --> [REQ_ID=2ed01b8942f7] [REQUEST][END]

[1 occurrence(s)]
DEBUG --> [REQ_ID=d74d083ba6bf] [FILTER_BEFORE] /

[1 occurrence(s)]
DEBUG --> [REQ_ID=d74d083ba6bf] [ROUTE] Controller=\App\Controllers\Home Method=index

[1 occurrence(s)]
DEBUG --> [REQ_ID=d74d083ba6bf] [LIFECYCLE][START] GET https://www.mymiwallet.com/index.php/

[1 occurrence(s)]
DEBUG --> [CSRF] token name=csrf_test_name hash=14f251cbb8dccddddb017b28c81983e8

[1 occurrence(s)]
DEBUG --> [REQ_ID=39e3661f58a4] [INIT] App\Controllers\Home::GET

[1 occurrence(s)]
DEBUG --> [REQ_ID=9253c8e52414] [REQUEST][END]

[1 occurrence(s)]
DEBUG --> [REQ_ID=39e3661f58a4] [VIEW_RENDER] themes/public/home

[1 occurrence(s)]
DEBUG --> [REQ_ID=d74d083ba6bf] [FILTER_AFTER]

[1 occurrence(s)]
DEBUG --> [REQ_ID=d74d083ba6bf] [LIFECYCLE][END] status=200 duration_ms=695.62 memory_delta=4194304

[1 occurrence(s)]
DEBUG --> [REQ_ID=d74d083ba6bf] [REQUEST][END]

[1 occurrence(s)]
DEBUG --> [REQ_ID=6bdddb616b23] [REQUEST][START] GET /members/.env

[1 occurrence(s)]
DEBUG --> [REQ_ID=6bdddb616b23] [REQUEST][END]

[1 occurrence(s)]
DEBUG --> [REQ_ID=f3986e6e04c7] [REQUEST][START] GET /login/.env

[1 occurrence(s)]
DEBUG --> [REQ_ID=f3986e6e04c7] [REQUEST][END]

[1 occurrence(s)]
DEBUG --> [REQ_ID=a531edff279c] [REQUEST][START] GET /

[1 occurrence(s)]
DEBUG --> [REQ_ID=a531edff279c] [REQUEST][END]

[1 occurrence(s)]
DEBUG --> [REQ_ID=dc3eaf158a8f] [REQUEST][START] GET /index.php/API/Alerts/fetchEmailAlerts

[1 occurrence(s)]
DEBUG --> [REQ_ID=dc3eaf158a8f] [FILTER_BEFORE] /index.php/API/Alerts/fetchEmailAlerts

[1 occurrence(s)]
DEBUG --> [REQ_ID=dc3eaf158a8f] [ROUTE] Controller=\App\Modules\APIs\Controllers\AlertsAPIController Method=fetchEmailAlerts

[1 occurrence(s)]
DEBUG --> [REQ_ID=dc3eaf158a8f] [LIFECYCLE][START] GET https://www.mymiwallet.com/index.php/API/Alerts/fetchEmailAlerts

[1 occurrence(s)]
DEBUG --> [REQ_ID=dc3eaf158a8f] [REQUEST][END]

[1 occurrence(s)]
DEBUG --> [REQ_ID=47ec3dbdd360] [REQUEST][START] GET /

[1 occurrence(s)]
DEBUG --> [REQ_ID=47ec3dbdd360] [FILTER_BEFORE] /

[1 occurrence(s)]
DEBUG --> [REQ_ID=47ec3dbdd360] [ROUTE] Controller=\App\Controllers\Home Method=index

[1 occurrence(s)]
DEBUG --> [REQ_ID=47ec3dbdd360] [LIFECYCLE][START] GET https://www.mymiwallet.com/index.php/

[1 occurrence(s)]
DEBUG --> [CSRF] token name=csrf_test_name hash=c551d8e036667851ef4f7f458c44ed03

[1 occurrence(s)]
DEBUG --> [REQ_ID=2d564124f74f] [INIT] App\Controllers\Home::GET

[1 occurrence(s)]
DEBUG --> [REQ_ID=2d564124f74f] [VIEW_RENDER] themes/public/home

[1 occurrence(s)]
DEBUG --> [REQ_ID=47ec3dbdd360] [FILTER_AFTER]

[1 occurrence(s)]
DEBUG --> [REQ_ID=47ec3dbdd360] [LIFECYCLE][END] status=200 duration_ms=625.29 memory_delta=4194304

[1 occurrence(s)]
DEBUG --> [REQ_ID=47ec3dbdd360] [REQUEST][END]

[1 occurrence(s)]
DEBUG --> [REQ_ID=b1a4aa605e1e] [REQUEST][START] GET /Exchange/Solana/Wallet/Solflare

[1 occurrence(s)]
DEBUG --> [REQ_ID=b1a4aa605e1e] [REQUEST][END]

[1 occurrence(s)]
DEBUG --> [REQ_ID=b499a28a4bb7] [REQUEST][START] GET /index.php/Management/Services

[1 occurrence(s)]
DEBUG --> [REQ_ID=b499a28a4bb7] [REQUEST][END]

[1 occurrence(s)]
DEBUG --> [REQ_ID=f7428a4220b5] [REQUEST][START] GET /Free

[1 occurrence(s)]
DEBUG --> [REQ_ID=f7428a4220b5] [REQUEST][END]

[1 occurrence(s)]
DEBUG --> [REQ_ID=fbc932ce45f5] [REQUEST][START] GET /

[1 occurrence(s)]
DEBUG --> [REQ_ID=fbc932ce45f5] [FILTER_BEFORE] /

[1 occurrence(s)]
DEBUG --> [REQ_ID=fbc932ce45f5] [ROUTE] Controller=\App\Controllers\Home Method=index

[1 occurrence(s)]
DEBUG --> [REQ_ID=fbc932ce45f5] [LIFECYCLE][START] GET https://www.mymiwallet.com/index.php/

[1 occurrence(s)]
DEBUG --> [CSRF] token name=csrf_test_name hash=ba5b9b7b0917cc112c87cec9458e89fa

[1 occurrence(s)]
DEBUG --> [REQ_ID=ebd147fa56bf] [INIT] App\Controllers\Home::GET

[1 occurrence(s)]
DEBUG --> [REQ_ID=ebd147fa56bf] [VIEW_RENDER] themes/public/home

[1 occurrence(s)]
DEBUG --> [REQ_ID=fbc932ce45f5] [FILTER_AFTER]

[1 occurrence(s)]
DEBUG --> [REQ_ID=fbc932ce45f5] [LIFECYCLE][END] status=200 duration_ms=831.58 memory_delta=4194304

[1 occurrence(s)]
DEBUG --> [REQ_ID=fbc932ce45f5] [REQUEST][END]

[1 occurrence(s)]
DEBUG --> [REQ_ID=1cfef5458722] [REQUEST][START] GET /

[1 occurrence(s)]
DEBUG --> [REQ_ID=1cfef5458722] [FILTER_BEFORE] /

[1 occurrence(s)]
DEBUG --> [REQ_ID=1cfef5458722] [ROUTE] Controller=\App\Controllers\Home Method=index

[1 occurrence(s)]
DEBUG --> [REQ_ID=1cfef5458722] [LIFECYCLE][START] GET https://www.mymiwallet.com/index.php/

[1 occurrence(s)]
DEBUG --> [CSRF] token name=csrf_test_name hash=f0a709d5d015d5ad8547ab25b07d2aae

[1 occurrence(s)]
DEBUG --> [REQ_ID=392237cea24e] [INIT] App\Controllers\Home::GET

[1 occurrence(s)]
DEBUG --> [REQ_ID=392237cea24e] [VIEW_RENDER] themes/public/home

[1 occurrence(s)]
DEBUG --> [REQ_ID=1cfef5458722] [FILTER_AFTER]

[1 occurrence(s)]
DEBUG --> [REQ_ID=1cfef5458722] [LIFECYCLE][END] status=200 duration_ms=665.89 memory_delta=4194304

[1 occurrence(s)]
DEBUG --> [REQ_ID=1cfef5458722] [REQUEST][END]

[1 occurrence(s)]
DEBUG --> [REQ_ID=108f1fb8e49f] [REQUEST][START] GET /

[1 occurrence(s)]
DEBUG --> [REQ_ID=108f1fb8e49f] [FILTER_BEFORE] /

[1 occurrence(s)]
DEBUG --> [REQ_ID=108f1fb8e49f] [ROUTE] Controller=\App\Controllers\Home Method=index

[1 occurrence(s)]
DEBUG --> [REQ_ID=108f1fb8e49f] [LIFECYCLE][START] GET https://www.mymiwallet.com/index.php/

[1 occurrence(s)]
DEBUG --> [CSRF] token name=csrf_test_name hash=4b7fc4c2b7f95ecd0d6926fb47312c13

[1 occurrence(s)]
DEBUG --> [REQ_ID=f4d2832093ec] [INIT] App\Controllers\Home::GET

[1 occurrence(s)]
DEBUG --> [REQ_ID=f4d2832093ec] [VIEW_RENDER] themes/public/home

[1 occurrence(s)]
DEBUG --> [REQ_ID=108f1fb8e49f] [FILTER_AFTER]

[1 occurrence(s)]
DEBUG --> [REQ_ID=108f1fb8e49f] [LIFECYCLE][END] status=200 duration_ms=638.64 memory_delta=4194304

[1 occurrence(s)]
DEBUG --> [REQ_ID=108f1fb8e49f] [REQUEST][END]

[1 occurrence(s)]
DEBUG --> [REQ_ID=a2956050450e] [REQUEST][START] GET /index.php/How-It-Works/Investment-Portfolio-Management

[1 occurrence(s)]
DEBUG --> [REQ_ID=a2956050450e] [FILTER_BEFORE] /index.php/How-It-Works/Investment-Portfolio-Management

[1 occurrence(s)]
DEBUG --> [REQ_ID=a2956050450e] [ROUTE] Controller=\App\Modules\Blog\Controllers\HowItWorksController Method=show

[1 occurrence(s)]
DEBUG --> [REQ_ID=a2956050450e] [LIFECYCLE][START] GET https://www.mymiwallet.com/index.php/How-It-Works/Investment-Portfolio-Management

[1 occurrence(s)]
DEBUG --> [CSRF] token name=csrf_test_name hash=e354cd782d9530e04f43af7cdae58324

[1 occurrence(s)]
DEBUG --> [REQ_ID=48ac186bfdb9] [INIT] App\Modules\Blog\Controllers\HowItWorksController::GET

[1 occurrence(s)]
DEBUG --> [REQ_ID=48ac186bfdb9] [METHOD_ENTRY] show

[1 occurrence(s)]
DEBUG --> [REQ_ID=a2956050450e] [FILTER_AFTER]

[1 occurrence(s)]
DEBUG --> [REQ_ID=a2956050450e] [LIFECYCLE][END] status=200 duration_ms=723.38 memory_delta=2097152

[1 occurrence(s)]
DEBUG --> [REQ_ID=a2956050450e] [REQUEST][END]

[1 occurrence(s)]
DEBUG --> [REQ_ID=a818e2ba3609] [REQUEST][START] GET /index.php/How-It-Works/Automated-Financial-Insights

[1 occurrence(s)]
DEBUG --> [REQ_ID=a818e2ba3609] [FILTER_BEFORE] /index.php/How-It-Works/Automated-Financial-Insights

[1 occurrence(s)]
DEBUG --> [REQ_ID=a818e2ba3609] [ROUTE] Controller=\App\Modules\Blog\Controllers\HowItWorksController Method=show

[1 occurrence(s)]
DEBUG --> [REQ_ID=a818e2ba3609] [LIFECYCLE][START] GET https://www.mymiwallet.com/index.php/How-It-Works/Automated-Financial-Insights

[1 occurrence(s)]
DEBUG --> [CSRF] token name=csrf_test_name hash=1de81878f836a808b91e27ae543472a2

[1 occurrence(s)]
DEBUG --> [REQ_ID=2fabb1ff9d1c] [INIT] App\Modules\Blog\Controllers\HowItWorksController::GET

[1 occurrence(s)]
DEBUG --> [REQ_ID=2fabb1ff9d1c] [METHOD_ENTRY] show

[2 occurrence(s)]
DEBUG --> [HOW_IT_WORKS] slug=automated-financial-insights

[1 occurrence(s)]
DEBUG --> [REQ_ID=a818e2ba3609] [FILTER_AFTER]

[1 occurrence(s)]
DEBUG --> [REQ_ID=a818e2ba3609] [LIFECYCLE][END] status=301 duration_ms=19.14 memory_delta=0

[1 occurrence(s)]
DEBUG --> [REQ_ID=a818e2ba3609] [REQUEST][END]

[1 occurrence(s)]
DEBUG --> [REQ_ID=d1f8ee166bcc] [REQUEST][START] GET /index.php/How-It-Works/financial-forecasting

[1 occurrence(s)]
DEBUG --> [REQ_ID=d1f8ee166bcc] [FILTER_BEFORE] /index.php/How-It-Works/financial-forecasting

[1 occurrence(s)]
DEBUG --> [REQ_ID=d1f8ee166bcc] [ROUTE] Controller=\App\Modules\Blog\Controllers\HowItWorksController Method=show

[1 occurrence(s)]
DEBUG --> [REQ_ID=d1f8ee166bcc] [LIFECYCLE][START] GET https://www.mymiwallet.com/index.php/How-It-Works/financial-forecasting

[1 occurrence(s)]
DEBUG --> [CSRF] token name=csrf_test_name hash=537f434f7b072724a567ba50d865b40c

[1 occurrence(s)]
DEBUG --> [REQ_ID=2fbd4ba0fbce] [INIT] App\Modules\Blog\Controllers\HowItWorksController::GET

[1 occurrence(s)]
DEBUG --> [REQ_ID=2fbd4ba0fbce] [METHOD_ENTRY] show

[3 occurrence(s)]
DEBUG --> [HOW_IT_WORKS] slug=financial-forecasting

[2 occurrence(s)]
DEBUG --> [MetaService] slug=how-it-works/financial-forecasting pageName= cacheHit= path=DB

[1 occurrence(s)]
DEBUG --> [REQ_ID=d1f8ee166bcc] [FILTER_AFTER]

[1 occurrence(s)]
DEBUG --> [REQ_ID=d1f8ee166bcc] [LIFECYCLE][END] status=200 duration_ms=566.21 memory_delta=4194304

[1 occurrence(s)]
DEBUG --> [REQ_ID=d1f8ee166bcc] [REQUEST][END]

[1 occurrence(s)]
DEBUG --> [REQ_ID=00609b69008e] [REQUEST][START] GET /index.php/How-It-Works/Setting-Financial-Goals

[1 occurrence(s)]
DEBUG --> [REQ_ID=00609b69008e] [FILTER_BEFORE] /index.php/How-It-Works/Setting-Financial-Goals

[1 occurrence(s)]
DEBUG --> [REQ_ID=00609b69008e] [ROUTE] Controller=\App\Modules\Blog\Controllers\HowItWorksController Method=show

[1 occurrence(s)]
DEBUG --> [REQ_ID=00609b69008e] [LIFECYCLE][START] GET https://www.mymiwallet.com/index.php/How-It-Works/Setting-Financial-Goals

[1 occurrence(s)]
DEBUG --> [CSRF] token name=csrf_test_name hash=b76c75cf864ccdb6de6def95c5d40af8

[1 occurrence(s)]
DEBUG --> [REQ_ID=f1111ee35482] [INIT] App\Modules\Blog\Controllers\HowItWorksController::GET

[1 occurrence(s)]
DEBUG --> [REQ_ID=f1111ee35482] [METHOD_ENTRY] show

[3 occurrence(s)]
DEBUG --> [HOW_IT_WORKS] slug=setting-financial-goals

[1 occurrence(s)]
DEBUG --> [REQ_ID=00609b69008e] [FILTER_AFTER]

[1 occurrence(s)]
DEBUG --> [REQ_ID=00609b69008e] [LIFECYCLE][END] status=200 duration_ms=534.66 memory_delta=2097152

[1 occurrence(s)]
DEBUG --> [REQ_ID=00609b69008e] [REQUEST][END]

[1 occurrence(s)]
DEBUG --> [REQ_ID=1c020943284c] [REQUEST][START] GET /index.php/API/Management/Run-CRON-Tasks

[1 occurrence(s)]
DEBUG --> [REQ_ID=1c020943284c] [FILTER_BEFORE] /index.php/API/Management/Run-CRON-Tasks

[1 occurrence(s)]
DEBUG --> [REQ_ID=1c020943284c] [ROUTE] Controller=\App\Modules\APIs\Controllers\ManagementAPIController Method=Run_CRON_Tasks

[1 occurrence(s)]
DEBUG --> [REQ_ID=1c020943284c] [LIFECYCLE][START] GET https://www.mymiwallet.com/index.php/API/Management/Run-CRON-Tasks

[1 occurrence(s)]
DEBUG --> [REQ_ID=1c020943284c] [REQUEST][END]

[1 occurrence(s)]
DEBUG --> [REQ_ID=123e55d82699] [REQUEST][START] GET /

[1 occurrence(s)]
DEBUG --> [REQ_ID=123e55d82699] [FILTER_BEFORE] /

[1 occurrence(s)]
DEBUG --> [REQ_ID=123e55d82699] [ROUTE] Controller=\App\Controllers\Home Method=index

[1 occurrence(s)]
DEBUG --> [REQ_ID=123e55d82699] [LIFECYCLE][START] GET https://www.mymiwallet.com/index.php/

[1 occurrence(s)]
DEBUG --> [CSRF] token name=csrf_test_name hash=2c4b1644dbf196d06636664dc1bdcb2b

[1 occurrence(s)]
DEBUG --> [REQ_ID=6e116781eabe] [INIT] App\Controllers\Home::GET

[1 occurrence(s)]
DEBUG --> [REQ_ID=6e116781eabe] [VIEW_RENDER] themes/public/home

[1 occurrence(s)]
DEBUG --> [REQ_ID=123e55d82699] [FILTER_AFTER]

[1 occurrence(s)]
DEBUG --> [REQ_ID=123e55d82699] [LIFECYCLE][END] status=200 duration_ms=867.06 memory_delta=4194304

[1 occurrence(s)]
DEBUG --> [REQ_ID=123e55d82699] [REQUEST][END]

[1 occurrence(s)]
DEBUG --> [REQ_ID=662622164e18] [REQUEST][START] GET /Exchange/Solana/Wallet/Phantom

[1 occurrence(s)]
DEBUG --> [REQ_ID=662622164e18] [REQUEST][END]

[1 occurrence(s)]
DEBUG --> [REQ_ID=59a5834c662e] [REQUEST][START] GET /index.php/API/Alerts/fetchEmailAlerts

[1 occurrence(s)]
DEBUG --> [REQ_ID=59a5834c662e] [FILTER_BEFORE] /index.php/API/Alerts/fetchEmailAlerts

[1 occurrence(s)]
DEBUG --> [REQ_ID=59a5834c662e] [ROUTE] Controller=\App\Modules\APIs\Controllers\AlertsAPIController Method=fetchEmailAlerts

[1 occurrence(s)]
DEBUG --> [REQ_ID=59a5834c662e] [LIFECYCLE][START] GET https://www.mymiwallet.com/index.php/API/Alerts/fetchEmailAlerts

[1 occurrence(s)]
DEBUG --> [REQ_ID=59a5834c662e] [REQUEST][END]

[1 occurrence(s)]
DEBUG --> [REQ_ID=e9d67ed752ff] [REQUEST][START] GET /index.php/How-It-Works/Setting-Financial-Goals

[1 occurrence(s)]
DEBUG --> [REQ_ID=e9d67ed752ff] [FILTER_BEFORE] /index.php/How-It-Works/Setting-Financial-Goals

[1 occurrence(s)]
DEBUG --> [REQ_ID=e9d67ed752ff] [ROUTE] Controller=\App\Modules\Blog\Controllers\HowItWorksController Method=show

[1 occurrence(s)]
DEBUG --> [REQ_ID=e9d67ed752ff] [LIFECYCLE][START] GET https://www.mymiwallet.com/index.php/How-It-Works/Setting-Financial-Goals

[1 occurrence(s)]
DEBUG --> [CSRF] token name=csrf_test_name hash=d8c8cc4f76ff327036b67001e0f10530

[1 occurrence(s)]
DEBUG --> [REQ_ID=0b343682b78b] [INIT] App\Modules\Blog\Controllers\HowItWorksController::GET

[1 occurrence(s)]
DEBUG --> [REQ_ID=0b343682b78b] [METHOD_ENTRY] show

[1 occurrence(s)]
DEBUG --> [REQ_ID=e9d67ed752ff] [FILTER_AFTER]

[1 occurrence(s)]
DEBUG --> [REQ_ID=e9d67ed752ff] [LIFECYCLE][END] status=200 duration_ms=811.70 memory_delta=4194304

[1 occurrence(s)]
DEBUG --> [REQ_ID=e9d67ed752ff] [REQUEST][END]

[1 occurrence(s)]
DEBUG --> [REQ_ID=d1d46852fdef] [REQUEST][START] GET /index.php/Dashboard

[1 occurrence(s)]
DEBUG --> [REQ_ID=d1d46852fdef] [REQUEST][END]

[1 occurrence(s)]
DEBUG --> [REQ_ID=4d28a912b08b] [REQUEST][START] GET /

[1 occurrence(s)]
DEBUG --> [REQ_ID=4d28a912b08b] [FILTER_BEFORE] /

[1 occurrence(s)]
DEBUG --> [REQ_ID=4d28a912b08b] [ROUTE] Controller=\App\Controllers\Home Method=index

[1 occurrence(s)]
DEBUG --> [REQ_ID=4d28a912b08b] [LIFECYCLE][START] GET https://www.mymiwallet.com/index.php/

[1 occurrence(s)]
DEBUG --> [CSRF] token name=csrf_test_name hash=d44c42ca59b8090b4bde14902cae39a7

[1 occurrence(s)]
DEBUG --> [REQ_ID=3637dc436fa3] [INIT] App\Controllers\Home::GET

[1 occurrence(s)]
DEBUG --> [REQ_ID=3637dc436fa3] [VIEW_RENDER] themes/public/home

[1 occurrence(s)]
DEBUG --> [REQ_ID=4d28a912b08b] [FILTER_AFTER]

[1 occurrence(s)]
DEBUG --> [REQ_ID=4d28a912b08b] [LIFECYCLE][END] status=200 duration_ms=1,319.62 memory_delta=4194304

[1 occurrence(s)]
DEBUG --> [REQ_ID=4d28a912b08b] [REQUEST][END]

[1 occurrence(s)]
DEBUG --> [REQ_ID=6aef59013c91] [REQUEST][START] POST /

[1 occurrence(s)]
DEBUG --> [REQ_ID=6aef59013c91] [REQUEST][END]

[1 occurrence(s)]
DEBUG --> [REQ_ID=a7147ad1aa71] [REQUEST][START] POST /

[1 occurrence(s)]
DEBUG --> [REQ_ID=a7147ad1aa71] [REQUEST][END]

[1 occurrence(s)]
DEBUG --> [REQ_ID=bae2d267a7ef] [REQUEST][START] POST /

[1 occurrence(s)]
DEBUG --> [REQ_ID=bae2d267a7ef] [REQUEST][END]

[1 occurrence(s)]
DEBUG --> [REQ_ID=2fea3aa23287] [REQUEST][START] GET /.git/config

[1 occurrence(s)]
DEBUG --> [REQ_ID=2fea3aa23287] [REQUEST][END]

[1 occurrence(s)]
DEBUG --> [REQ_ID=5fbf9c8423cc] [REQUEST][START] POST /

[1 occurrence(s)]
DEBUG --> [REQ_ID=5fbf9c8423cc] [REQUEST][END]

[1 occurrence(s)]
DEBUG --> [REQ_ID=e28bfe805421] [REQUEST][START] GET /.env

[1 occurrence(s)]
DEBUG --> [REQ_ID=e28bfe805421] [REQUEST][END]

[1 occurrence(s)]
DEBUG --> [REQ_ID=ddaae751240a] [REQUEST][START] GET /.env.local

[1 occurrence(s)]
DEBUG --> [REQ_ID=ddaae751240a] [REQUEST][END]

[1 occurrence(s)]
DEBUG --> [REQ_ID=d3975f546b78] [REQUEST][START] GET /.env.production

[1 occurrence(s)]
DEBUG --> [REQ_ID=d3975f546b78] [REQUEST][END]

[1 occurrence(s)]
DEBUG --> [REQ_ID=7d843a5f53cf] [REQUEST][START] GET /.env.staging

[1 occurrence(s)]
DEBUG --> [REQ_ID=7d843a5f53cf] [REQUEST][END]

[1 occurrence(s)]
DEBUG --> [REQ_ID=52152802dbff] [REQUEST][START] GET /.env.development

[1 occurrence(s)]
DEBUG --> [REQ_ID=52152802dbff] [REQUEST][END]

[1 occurrence(s)]
DEBUG --> [REQ_ID=9daa52e5db26] [REQUEST][START] GET /.env.test

[1 occurrence(s)]
DEBUG --> [REQ_ID=9daa52e5db26] [REQUEST][END]

[1 occurrence(s)]
DEBUG --> [REQ_ID=ed077802a8be] [REQUEST][START] GET /.env.remote

[1 occurrence(s)]
DEBUG --> [REQ_ID=ed077802a8be] [REQUEST][END]

[1 occurrence(s)]
DEBUG --> [REQ_ID=222eec9c6fe1] [REQUEST][START] GET /.env.bak

[1 occurrence(s)]
DEBUG --> [REQ_ID=222eec9c6fe1] [REQUEST][END]

[1 occurrence(s)]
DEBUG --> [REQ_ID=297aa0b625e8] [REQUEST][START] GET /.env.backup

[1 occurrence(s)]
DEBUG --> [REQ_ID=297aa0b625e8] [REQUEST][END]

[1 occurrence(s)]
DEBUG --> [REQ_ID=2c80e26a9ea9] [REQUEST][START] GET /.env.save

[1 occurrence(s)]
DEBUG --> [REQ_ID=2c80e26a9ea9] [REQUEST][END]

[1 occurrence(s)]
DEBUG --> [REQ_ID=57a75ae2e65f] [REQUEST][START] GET /.env.old

[1 occurrence(s)]
DEBUG --> [REQ_ID=57a75ae2e65f] [REQUEST][END]

[1 occurrence(s)]
DEBUG --> [REQ_ID=2428cd8f6c64] [REQUEST][START] GET /.env.sample

[1 occurrence(s)]
DEBUG --> [REQ_ID=2428cd8f6c64] [REQUEST][END]

[1 occurrence(s)]
DEBUG --> [REQ_ID=12b254eff5c7] [REQUEST][START] GET /.env.example

[1 occurrence(s)]
DEBUG --> [REQ_ID=12b254eff5c7] [REQUEST][END]

[1 occurrence(s)]
DEBUG --> [REQ_ID=0afcac798d51] [REQUEST][START] GET /.env.dev

[1 occurrence(s)]
DEBUG --> [REQ_ID=0afcac798d51] [REQUEST][END]

[1 occurrence(s)]
DEBUG --> [REQ_ID=635931bc3341] [REQUEST][START] GET /.env.prod

[1 occurrence(s)]
DEBUG --> [REQ_ID=635931bc3341] [REQUEST][END]

[1 occurrence(s)]
DEBUG --> [REQ_ID=67da3cd5afd0] [REQUEST][START] GET /.env.stage

[1 occurrence(s)]
DEBUG --> [REQ_ID=67da3cd5afd0] [REQUEST][END]

[1 occurrence(s)]
DEBUG --> [REQ_ID=8d83f1b03f5e] [REQUEST][START] GET /.env.ci

[1 occurrence(s)]
DEBUG --> [REQ_ID=8d83f1b03f5e] [REQUEST][END]

[1 occurrence(s)]
DEBUG --> [REQ_ID=ab1690518abd] [REQUEST][START] GET /.env.docker

[1 occurrence(s)]
DEBUG --> [REQ_ID=ab1690518abd] [REQUEST][END]

[1 occurrence(s)]
DEBUG --> [REQ_ID=00f283bc481f] [REQUEST][START] GET /.env.live

[1 occurrence(s)]
DEBUG --> [REQ_ID=00f283bc481f] [REQUEST][END]

[1 occurrence(s)]
DEBUG --> [REQ_ID=029c0a852747] [REQUEST][START] GET /.env.preprod

[1 occurrence(s)]
DEBUG --> [REQ_ID=029c0a852747] [REQUEST][END]

[1 occurrence(s)]
DEBUG --> [REQ_ID=c531c0632b47] [REQUEST][START] GET /.env.uat

[1 occurrence(s)]
DEBUG --> [REQ_ID=c531c0632b47] [REQUEST][END]

[1 occurrence(s)]
DEBUG --> [REQ_ID=2e496f1bded0] [REQUEST][START] GET /.env.dist

[1 occurrence(s)]
DEBUG --> [REQ_ID=2e496f1bded0] [REQUEST][END]

[1 occurrence(s)]
DEBUG --> [REQ_ID=aee0978fbd4d] [REQUEST][START] GET /.env.swp

[1 occurrence(s)]
DEBUG --> [REQ_ID=aee0978fbd4d] [REQUEST][END]

[1 occurrence(s)]
DEBUG --> [REQ_ID=a0a44c5f04ff] [REQUEST][START] GET /.env~

[1 occurrence(s)]
DEBUG --> [REQ_ID=a0a44c5f04ff] [REQUEST][END]

[1 occurrence(s)]
DEBUG --> [REQ_ID=1f63641f8a6d] [REQUEST][START] GET /app/.env

[1 occurrence(s)]
DEBUG --> [REQ_ID=1f63641f8a6d] [REQUEST][END]

[1 occurrence(s)]
DEBUG --> [REQ_ID=a3f15324c929] [REQUEST][START] GET /apps/.env

[1 occurrence(s)]
DEBUG --> [REQ_ID=a3f15324c929] [REQUEST][END]

[1 occurrence(s)]
DEBUG --> [REQ_ID=840968ea1f37] [REQUEST][START] GET /api/.env

[1 occurrence(s)]
DEBUG --> [REQ_ID=840968ea1f37] [REQUEST][END]

[1 occurrence(s)]
DEBUG --> [REQ_ID=2e734c7e5ec9] [REQUEST][START] GET /web/.env

[1 occurrence(s)]
DEBUG --> [REQ_ID=2e734c7e5ec9] [REQUEST][END]

[1 occurrence(s)]
DEBUG --> [REQ_ID=518f35db7526] [REQUEST][START] GET /site/.env

[1 occurrence(s)]
DEBUG --> [REQ_ID=518f35db7526] [REQUEST][END]

[1 occurrence(s)]
DEBUG --> [REQ_ID=a9974927d3f6] [REQUEST][START] GET /public/.env

[1 occurrence(s)]
DEBUG --> [REQ_ID=a9974927d3f6] [REQUEST][END]

[1 occurrence(s)]
DEBUG --> [REQ_ID=7d9dac0636c4] [REQUEST][START] GET /admin/.env

[1 occurrence(s)]
DEBUG --> [REQ_ID=7d9dac0636c4] [REQUEST][END]

[1 occurrence(s)]
DEBUG --> [REQ_ID=60821483d986] [REQUEST][START] GET /backend/.env

[1 occurrence(s)]
DEBUG --> [REQ_ID=60821483d986] [REQUEST][END]

[1 occurrence(s)]
DEBUG --> [REQ_ID=f3679a215688] [REQUEST][START] GET /server/.env

[1 occurrence(s)]
DEBUG --> [REQ_ID=f3679a215688] [REQUEST][END]

[1 occurrence(s)]
DEBUG --> [REQ_ID=65040ed2b5bd] [REQUEST][START] GET /frontend/.env

[1 occurrence(s)]
DEBUG --> [REQ_ID=65040ed2b5bd] [REQUEST][END]

[1 occurrence(s)]
DEBUG --> [REQ_ID=6bf4a4e66e49] [REQUEST][START] GET /src/.env

[1 occurrence(s)]
DEBUG --> [REQ_ID=6bf4a4e66e49] [REQUEST][END]

[1 occurrence(s)]
DEBUG --> [REQ_ID=e3e29ae54521] [REQUEST][START] GET /core/.env

[1 occurrence(s)]
DEBUG --> [REQ_ID=e3e29ae54521] [REQUEST][END]

[1 occurrence(s)]
DEBUG --> [REQ_ID=bd9877ccdcac] [REQUEST][START] GET /core/app/.env

[1 occurrence(s)]
DEBUG --> [REQ_ID=bd9877ccdcac] [REQUEST][END]

[1 occurrence(s)]
DEBUG --> [REQ_ID=195586293443] [REQUEST][START] GET /core/Database/.env

[1 occurrence(s)]
DEBUG --> [REQ_ID=195586293443] [REQUEST][END]

[1 occurrence(s)]
DEBUG --> [REQ_ID=183ba47be3cc] [REQUEST][START] GET /config/.env

[1 occurrence(s)]
DEBUG --> [REQ_ID=183ba47be3cc] [REQUEST][END]

[1 occurrence(s)]
DEBUG --> [REQ_ID=4a5e98dfff32] [REQUEST][START] GET /private/.env

[1 occurrence(s)]
DEBUG --> [REQ_ID=4a5e98dfff32] [REQUEST][END]

[1 occurrence(s)]
DEBUG --> [REQ_ID=63ea6e045417] [REQUEST][START] GET /current/.env

[1 occurrence(s)]
DEBUG --> [REQ_ID=63ea6e045417] [REQUEST][END]

[1 occurrence(s)]
DEBUG --> [REQ_ID=5cd09a385712] [REQUEST][START] GET /release/.env

[1 occurrence(s)]
DEBUG --> [REQ_ID=5cd09a385712] [REQUEST][END]

[1 occurrence(s)]
DEBUG --> [REQ_ID=b5020c86138b] [REQUEST][START] GET /releases/.env

[1 occurrence(s)]
DEBUG --> [REQ_ID=b5020c86138b] [REQUEST][END]

[1 occurrence(s)]
DEBUG --> [REQ_ID=a88438395168] [REQUEST][START] GET /shared/.env

[1 occurrence(s)]
DEBUG --> [REQ_ID=a88438395168] [REQUEST][END]

[1 occurrence(s)]
DEBUG --> [REQ_ID=88d054d026b2] [REQUEST][START] GET /deploy/.env

[1 occurrence(s)]
DEBUG --> [REQ_ID=88d054d026b2] [REQUEST][END]

[1 occurrence(s)]
DEBUG --> [REQ_ID=fd2f78333b27] [REQUEST][START] GET /build/.env

[1 occurrence(s)]
DEBUG --> [REQ_ID=fd2f78333b27] [REQUEST][END]

[1 occurrence(s)]
DEBUG --> [REQ_ID=a06a0b9b3bc9] [REQUEST][START] GET /dist/.env

[1 occurrence(s)]
DEBUG --> [REQ_ID=a06a0b9b3bc9] [REQUEST][END]

[1 occurrence(s)]
DEBUG --> [REQ_ID=c34cc410363f] [REQUEST][START] GET /public_html/.env

[1 occurrence(s)]
DEBUG --> [REQ_ID=c34cc410363f] [REQUEST][END]

[1 occurrence(s)]
DEBUG --> [REQ_ID=cc1c2bf5c30a] [REQUEST][START] GET /htdocs/.env

[1 occurrence(s)]
DEBUG --> [REQ_ID=cc1c2bf5c30a] [REQUEST][END]

[1 occurrence(s)]
DEBUG --> [REQ_ID=ea447467bd97] [REQUEST][START] GET /www/.env

[1 occurrence(s)]
DEBUG --> [REQ_ID=ea447467bd97] [REQUEST][END]

[1 occurrence(s)]
DEBUG --> [REQ_ID=fa0379d92146] [REQUEST][START] GET /html/.env

[1 occurrence(s)]
DEBUG --> [REQ_ID=fa0379d92146] [REQUEST][END]

[1 occurrence(s)]
DEBUG --> [REQ_ID=c814268b684e] [REQUEST][START] GET /live/.env

[1 occurrence(s)]
DEBUG --> [REQ_ID=c814268b684e] [REQUEST][END]

[1 occurrence(s)]
DEBUG --> [REQ_ID=e7c34ed45d67] [REQUEST][START] GET /prod/.env

[1 occurrence(s)]
DEBUG --> [REQ_ID=e7c34ed45d67] [REQUEST][END]

[1 occurrence(s)]
DEBUG --> [REQ_ID=18589c15a39b] [REQUEST][START] GET /dev/.env

[1 occurrence(s)]
DEBUG --> [REQ_ID=18589c15a39b] [REQUEST][END]

[1 occurrence(s)]
DEBUG --> [REQ_ID=d88105b1b654] [REQUEST][START] GET /staging/.env

[1 occurrence(s)]
DEBUG --> [REQ_ID=d88105b1b654] [REQUEST][END]

[1 occurrence(s)]
DEBUG --> [REQ_ID=bb27dbde9505] [REQUEST][START] GET /laravel/.env

[1 occurrence(s)]
DEBUG --> [REQ_ID=bb27dbde9505] [REQUEST][END]

[1 occurrence(s)]
DEBUG --> [REQ_ID=532266a0978e] [REQUEST][START] GET /symfony/.env

[1 occurrence(s)]
DEBUG --> [REQ_ID=532266a0978e] [REQUEST][END]

[1 occurrence(s)]
DEBUG --> [REQ_ID=75ed142dc026] [REQUEST][START] GET /wordpress/.env

[1 occurrence(s)]
DEBUG --> [REQ_ID=75ed142dc026] [REQUEST][END]

[1 occurrence(s)]
DEBUG --> [REQ_ID=04c785001ff9] [REQUEST][START] GET /wp/.env

[1 occurrence(s)]
DEBUG --> [REQ_ID=bbf91a0ebd4f] [REQUEST][START] GET /cms/.env

[1 occurrence(s)]
DEBUG --> [REQ_ID=bbf91a0ebd4f] [REQUEST][END]

[1 occurrence(s)]
DEBUG --> [REQ_ID=fd71faeb2880] [REQUEST][START] GET /drupal/.env

[1 occurrence(s)]
DEBUG --> [REQ_ID=fd71faeb2880] [REQUEST][END]

[1 occurrence(s)]
DEBUG --> [REQ_ID=66d33d9ed214] [REQUEST][START] GET /joomla/.env

[1 occurrence(s)]
DEBUG --> [REQ_ID=66d33d9ed214] [REQUEST][END]

[1 occurrence(s)]
DEBUG --> [REQ_ID=b0ed3e4292dd] [REQUEST][START] GET /magento/.env

[1 occurrence(s)]
DEBUG --> [REQ_ID=b0ed3e4292dd] [REQUEST][END]

[1 occurrence(s)]
DEBUG --> [REQ_ID=e8ede0468710] [REQUEST][START] GET /shopify/.env

[1 occurrence(s)]
DEBUG --> [REQ_ID=e8ede0468710] [REQUEST][END]

[1 occurrence(s)]
DEBUG --> [REQ_ID=5ab0a443806e] [REQUEST][START] GET /prestashop/.env

[1 occurrence(s)]
DEBUG --> [REQ_ID=5ab0a443806e] [REQUEST][END]

[1 occurrence(s)]
DEBUG --> [REQ_ID=d8f4c135425f] [REQUEST][START] GET /v1/.env

[1 occurrence(s)]
DEBUG --> [REQ_ID=d8f4c135425f] [REQUEST][END]

[1 occurrence(s)]
DEBUG --> [REQ_ID=9336cefb3170] [REQUEST][START] GET /v2/.env

[1 occurrence(s)]
DEBUG --> [REQ_ID=9336cefb3170] [REQUEST][END]

[1 occurrence(s)]
DEBUG --> [REQ_ID=cdffbb340a9a] [REQUEST][START] GET /v3/.env

[1 occurrence(s)]
DEBUG --> [REQ_ID=cdffbb340a9a] [REQUEST][END]

[1 occurrence(s)]
DEBUG --> [REQ_ID=a9904a3e1fe6] [REQUEST][START] GET /api/v1/.env

[1 occurrence(s)]
DEBUG --> [REQ_ID=a9904a3e1fe6] [REQUEST][END]

[1 occurrence(s)]
DEBUG --> [REQ_ID=70ad528154d5] [REQUEST][START] GET /api/v2/.env

[1 occurrence(s)]
DEBUG --> [REQ_ID=70ad528154d5] [REQUEST][END]

[1 occurrence(s)]
DEBUG --> [REQ_ID=7dcc4ce04f7d] [REQUEST][START] GET /rest/.env

[1 occurrence(s)]
DEBUG --> [REQ_ID=7dcc4ce04f7d] [REQUEST][END]

[1 occurrence(s)]
DEBUG --> [REQ_ID=9cd9294c3b5d] [REQUEST][START] GET /graphql/.env

[1 occurrence(s)]
DEBUG --> [REQ_ID=9cd9294c3b5d] [REQUEST][END]

[1 occurrence(s)]
DEBUG --> [REQ_ID=d7788293f791] [REQUEST][START] GET /gateway/.env

[1 occurrence(s)]
DEBUG --> [REQ_ID=d7788293f791] [REQUEST][END]

[1 occurrence(s)]
DEBUG --> [REQ_ID=c9614135ae43] [REQUEST][START] GET /microservice/.env

[1 occurrence(s)]
DEBUG --> [REQ_ID=c9614135ae43] [REQUEST][END]

[1 occurrence(s)]
DEBUG --> [REQ_ID=608e6b820d66] [REQUEST][START] GET /service/.env

[1 occurrence(s)]
DEBUG --> [REQ_ID=608e6b820d66] [REQUEST][END]

[1 occurrence(s)]
DEBUG --> [REQ_ID=076accbbee63] [REQUEST][START] GET /vendor/.env

[1 occurrence(s)]
DEBUG --> [REQ_ID=076accbbee63] [REQUEST][END]

[1 occurrence(s)]
DEBUG --> [REQ_ID=734d5950cc13] [REQUEST][START] GET /lib/.env

[1 occurrence(s)]
DEBUG --> [REQ_ID=734d5950cc13] [REQUEST][END]

[1 occurrence(s)]
DEBUG --> [REQ_ID=072f6d7f8eb9] [REQUEST][START] GET /database/.env

[1 occurrence(s)]
DEBUG --> [REQ_ID=072f6d7f8eb9] [REQUEST][END]

[1 occurrence(s)]
DEBUG --> [REQ_ID=666eeb6b72f6] [REQUEST][START] GET /resources/.env

[1 occurrence(s)]
DEBUG --> [REQ_ID=666eeb6b72f6] [REQUEST][END]

[1 occurrence(s)]
DEBUG --> [REQ_ID=f8e8b8ba0fba] [REQUEST][START] GET /storage/.env

[1 occurrence(s)]
DEBUG --> [REQ_ID=f8e8b8ba0fba] [REQUEST][END]

[1 occurrence(s)]
DEBUG --> [REQ_ID=7483c2450e40] [REQUEST][START] GET /uploads/.env

[1 occurrence(s)]
DEBUG --> [REQ_ID=7483c2450e40] [REQUEST][END]

[1 occurrence(s)]
DEBUG --> [REQ_ID=5f960df7a21b] [REQUEST][START] GET /internal/.env

[1 occurrence(s)]
DEBUG --> [REQ_ID=5f960df7a21b] [REQUEST][END]

[1 occurrence(s)]
DEBUG --> [REQ_ID=d0755d718172] [REQUEST][START] GET /tools/.env

[1 occurrence(s)]
DEBUG --> [REQ_ID=d0755d718172] [REQUEST][END]

[1 occurrence(s)]
DEBUG --> [REQ_ID=6e86342af04a] [REQUEST][START] GET /scripts/.env

[1 occurrence(s)]
DEBUG --> [REQ_ID=6e86342af04a] [REQUEST][END]

[1 occurrence(s)]
DEBUG --> [REQ_ID=e20e6dcac845] [REQUEST][START] GET /portal/.env

[1 occurrence(s)]
DEBUG --> [REQ_ID=e20e6dcac845] [REQUEST][END]

[1 occurrence(s)]
DEBUG --> [REQ_ID=8a3536f94b97] [REQUEST][START] GET /dashboard/.env

[1 occurrence(s)]
DEBUG --> [REQ_ID=8a3536f94b97] [REQUEST][END]

[1 occurrence(s)]
DEBUG --> [REQ_ID=0153335962a5] [REQUEST][START] GET /panel/.env

[1 occurrence(s)]
DEBUG --> [REQ_ID=0153335962a5] [REQUEST][END]

[1 occurrence(s)]
DEBUG --> [REQ_ID=dc1a920a421a] [REQUEST][START] GET /crm/.env

[1 occurrence(s)]
DEBUG --> [REQ_ID=dc1a920a421a] [REQUEST][END]

[1 occurrence(s)]
DEBUG --> [REQ_ID=52c470149525] [REQUEST][START] GET /erp/.env

[1 occurrence(s)]
DEBUG --> [REQ_ID=52c470149525] [REQUEST][END]

[1 occurrence(s)]
DEBUG --> [REQ_ID=3563a8b79924] [REQUEST][START] GET /shop/.env

[1 occurrence(s)]
DEBUG --> [REQ_ID=3563a8b79924] [REQUEST][END]

[1 occurrence(s)]
DEBUG --> [REQ_ID=18a1eed4ee18] [REQUEST][START] GET /store/.env

[1 occurrence(s)]
DEBUG --> [REQ_ID=18a1eed4ee18] [REQUEST][END]

[1 occurrence(s)]
DEBUG --> [REQ_ID=565806b0c561] [REQUEST][START] GET /saas/.env

[1 occurrence(s)]
DEBUG --> [REQ_ID=565806b0c561] [REQUEST][END]

[1 occurrence(s)]
DEBUG --> [REQ_ID=20a4cb40ed97] [REQUEST][START] GET /client/.env

[1 occurrence(s)]
DEBUG --> [REQ_ID=20a4cb40ed97] [REQUEST][END]

[1 occurrence(s)]
DEBUG --> [REQ_ID=a90dd82d79fb] [REQUEST][START] GET /project/.env

[1 occurrence(s)]
DEBUG --> [REQ_ID=a90dd82d79fb] [REQUEST][END]

[1 occurrence(s)]
DEBUG --> [REQ_ID=9a7a8b44fddb] [REQUEST][START] GET /node/.env

[1 occurrence(s)]
DEBUG --> [REQ_ID=9a7a8b44fddb] [REQUEST][END]

[1 occurrence(s)]
DEBUG --> [REQ_ID=c2a64deb6061] [REQUEST][START] GET /express/.env

[1 occurrence(s)]
DEBUG --> [REQ_ID=c2a64deb6061] [REQUEST][END]

[1 occurrence(s)]
DEBUG --> [REQ_ID=a8b50b612788] [REQUEST][START] GET /next/.env

[1 occurrence(s)]
DEBUG --> [REQ_ID=a8b50b612788] [REQUEST][END]

[1 occurrence(s)]
DEBUG --> [REQ_ID=247c373eacfb] [REQUEST][START] GET /nuxt/.env

[1 occurrence(s)]
DEBUG --> [REQ_ID=247c373eacfb] [REQUEST][END]

[1 occurrence(s)]
DEBUG --> [REQ_ID=2867a68ef144] [REQUEST][START] GET /nest/.env

[1 occurrence(s)]
DEBUG --> [REQ_ID=2867a68ef144] [REQUEST][END]

[1 occurrence(s)]
DEBUG --> [REQ_ID=feacbda477f6] [REQUEST][START] GET /backup/.env

[1 occurrence(s)]
DEBUG --> [REQ_ID=feacbda477f6] [REQUEST][END]

[1 occurrence(s)]
DEBUG --> [REQ_ID=376058aec2e9] [REQUEST][START] GET /backups/.env

[1 occurrence(s)]
DEBUG --> [REQ_ID=376058aec2e9] [REQUEST][END]

[1 occurrence(s)]
DEBUG --> [REQ_ID=20eaec64ad52] [REQUEST][START] GET /old/.env

[1 occurrence(s)]
DEBUG --> [REQ_ID=20eaec64ad52] [REQUEST][END]

[1 occurrence(s)]
DEBUG --> [REQ_ID=a1000ffcbe56] [REQUEST][START] GET /tmp/.env

[1 occurrence(s)]
DEBUG --> [REQ_ID=a1000ffcbe56] [REQUEST][END]

[1 occurrence(s)]
DEBUG --> [REQ_ID=eb177ff14464] [REQUEST][START] GET /temp/.env

[1 occurrence(s)]
DEBUG --> [REQ_ID=eb177ff14464] [REQUEST][END]

[1 occurrence(s)]
DEBUG --> [REQ_ID=36474c62f249] [REQUEST][START] GET /lab/.env

[1 occurrence(s)]
DEBUG --> [REQ_ID=36474c62f249] [REQUEST][END]

[1 occurrence(s)]
DEBUG --> [REQ_ID=e68904c2b817] [REQUEST][START] GET /cronlab/.env

[1 occurrence(s)]
DEBUG --> [REQ_ID=e68904c2b817] [REQUEST][END]

[1 occurrence(s)]
DEBUG --> [REQ_ID=914c0334002f] [REQUEST][START] GET /cron/.env

[1 occurrence(s)]
DEBUG --> [REQ_ID=914c0334002f] [REQUEST][END]

[1 occurrence(s)]
DEBUG --> [REQ_ID=3a5cec7b1460] [REQUEST][START] GET /en/.env

[1 occurrence(s)]
DEBUG --> [REQ_ID=3a5cec7b1460] [REQUEST][END]

[1 occurrence(s)]
DEBUG --> [REQ_ID=1a3ecf30a2eb] [REQUEST][START] GET /administrator/.env

[1 occurrence(s)]
DEBUG --> [REQ_ID=1a3ecf30a2eb] [REQUEST][END]

[1 occurrence(s)]
DEBUG --> [REQ_ID=eeaec5e4c3f6] [REQUEST][START] GET /psnlink/.env

[1 occurrence(s)]
DEBUG --> [REQ_ID=eeaec5e4c3f6] [REQUEST][END]

[1 occurrence(s)]
DEBUG --> [REQ_ID=7bebbb6c7ecd] [REQUEST][START] GET /exapi/.env

[1 occurrence(s)]
DEBUG --> [REQ_ID=7bebbb6c7ecd] [REQUEST][END]

[1 occurrence(s)]
DEBUG --> [REQ_ID=49e549ad5c07] [REQUEST][START] GET /sitemaps/.env

[1 occurrence(s)]
DEBUG --> [REQ_ID=49e549ad5c07] [REQUEST][END]

[1 occurrence(s)]
DEBUG --> [REQ_ID=d165e4bad1bd] [REQUEST][START] GET /mailer/.env

[1 occurrence(s)]
DEBUG --> [REQ_ID=d165e4bad1bd] [REQUEST][END]

[1 occurrence(s)]
DEBUG --> [REQ_ID=8f9de5d16be2] [REQUEST][START] GET /mail/.env

[1 occurrence(s)]
DEBUG --> [REQ_ID=8f9de5d16be2] [REQUEST][END]

[1 occurrence(s)]
DEBUG --> [REQ_ID=0389b67cfd60] [REQUEST][START] GET /email/.env

[1 occurrence(s)]
DEBUG --> [REQ_ID=0389b67cfd60] [REQUEST][END]

[1 occurrence(s)]
DEBUG --> [REQ_ID=26e10909de34] [REQUEST][START] GET /smtp/.env

[1 occurrence(s)]
DEBUG --> [REQ_ID=26e10909de34] [REQUEST][END]

[1 occurrence(s)]
DEBUG --> [REQ_ID=1afcde3c872c] [REQUEST][START] GET /mailing/.env

[1 occurrence(s)]
DEBUG --> [REQ_ID=1afcde3c872c] [REQUEST][END]

[1 occurrence(s)]
DEBUG --> [REQ_ID=77ac3c05ac24] [REQUEST][START] GET /notifications/.env

[1 occurrence(s)]
DEBUG --> [REQ_ID=77ac3c05ac24] [REQUEST][END]

[1 occurrence(s)]
DEBUG --> [REQ_ID=e5d7c47e8161] [REQUEST][START] GET /notify/.env

[1 occurrence(s)]
DEBUG --> [REQ_ID=e5d7c47e8161] [REQUEST][END]

[1 occurrence(s)]
DEBUG --> [REQ_ID=ee81c76c21dc] [REQUEST][START] GET /sender/.env

[1 occurrence(s)]
DEBUG --> [REQ_ID=ee81c76c21dc] [REQUEST][END]

[1 occurrence(s)]
DEBUG --> [REQ_ID=bb5ae62f883e] [REQUEST][START] GET /campaign/.env

[1 occurrence(s)]
DEBUG --> [REQ_ID=bb5ae62f883e] [REQUEST][END]

[1 occurrence(s)]
DEBUG --> [REQ_ID=1570a8864eae] [REQUEST][START] GET /newsletter/.env

[1 occurrence(s)]
DEBUG --> [REQ_ID=1570a8864eae] [REQUEST][END]

[1 occurrence(s)]
DEBUG --> [REQ_ID=10a3714016d9] [REQUEST][START] GET /ses/.env

[1 occurrence(s)]
DEBUG --> [REQ_ID=10a3714016d9] [REQUEST][END]

[1 occurrence(s)]
DEBUG --> [REQ_ID=bcd92cedef41] [REQUEST][START] GET /sendgrid/.env

[1 occurrence(s)]
DEBUG --> [REQ_ID=bcd92cedef41] [REQUEST][END]

[1 occurrence(s)]
DEBUG --> [REQ_ID=ccda6d4a4f13] [REQUEST][START] GET /sparkpost/.env

[1 occurrence(s)]
DEBUG --> [REQ_ID=ccda6d4a4f13] [REQUEST][END]

[1 occurrence(s)]
DEBUG --> [REQ_ID=e411fa7070f6] [REQUEST][START] GET /postmark/.env

[1 occurrence(s)]
DEBUG --> [REQ_ID=e411fa7070f6] [REQUEST][END]

[1 occurrence(s)]
DEBUG --> [REQ_ID=8f04f9d76841] [REQUEST][START] GET /mailgun/.env

[1 occurrence(s)]
DEBUG --> [REQ_ID=8f04f9d76841] [REQUEST][END]

[1 occurrence(s)]
DEBUG --> [REQ_ID=ac700b4c8fcd] [REQUEST][START] GET /mandrill/.env

[1 occurrence(s)]
DEBUG --> [REQ_ID=ac700b4c8fcd] [REQUEST][END]

[1 occurrence(s)]
DEBUG --> [REQ_ID=fe04b831ad4f] [REQUEST][START] GET /mailjet/.env

[1 occurrence(s)]
DEBUG --> [REQ_ID=fe04b831ad4f] [REQUEST][END]

[1 occurrence(s)]
DEBUG --> [REQ_ID=98e89ad24052] [REQUEST][START] GET /brevo/.env

[1 occurrence(s)]
DEBUG --> [REQ_ID=98e89ad24052] [REQUEST][END]

[1 occurrence(s)]
DEBUG --> [REQ_ID=9644871fa93a] [REQUEST][START] GET /transactional/.env

[1 occurrence(s)]
DEBUG --> [REQ_ID=9644871fa93a] [REQUEST][END]

[1 occurrence(s)]
DEBUG --> [REQ_ID=bacb1ae8e631] [REQUEST][START] GET /bulk/.env

[1 occurrence(s)]
DEBUG --> [REQ_ID=bacb1ae8e631] [REQUEST][END]

[1 occurrence(s)]
DEBUG --> [REQ_ID=d70872fa5def] [REQUEST][START] GET /phpinfo.php

[1 occurrence(s)]
DEBUG --> [REQ_ID=d70872fa5def] [REQUEST][END]

[1 occurrence(s)]
DEBUG --> [REQ_ID=9f5ad986bf45] [REQUEST][START] GET /info.php

[1 occurrence(s)]
DEBUG --> [REQ_ID=9f5ad986bf45] [REQUEST][END]

[1 occurrence(s)]
DEBUG --> [REQ_ID=d6a0327c6791] [REQUEST][START] GET /php.php

[1 occurrence(s)]
DEBUG --> [REQ_ID=d6a0327c6791] [REQUEST][END]

[1 occurrence(s)]
DEBUG --> [REQ_ID=21bb03826271] [REQUEST][START] GET /i.php

[1 occurrence(s)]
DEBUG --> [REQ_ID=21bb03826271] [REQUEST][END]

[1 occurrence(s)]
DEBUG --> [REQ_ID=c4e72fa18f61] [REQUEST][START] GET /pi.php

[1 occurrence(s)]
DEBUG --> [REQ_ID=c4e72fa18f61] [REQUEST][END]

[1 occurrence(s)]
DEBUG --> [REQ_ID=796d38e3c1e1] [REQUEST][START] GET /pinfo.php

[1 occurrence(s)]
DEBUG --> [REQ_ID=796d38e3c1e1] [REQUEST][END]

[1 occurrence(s)]
DEBUG --> [REQ_ID=7a3d734edb91] [REQUEST][START] GET /test.php

[1 occurrence(s)]
DEBUG --> [REQ_ID=7a3d734edb91] [REQUEST][END]

[1 occurrence(s)]
DEBUG --> [REQ_ID=e0c21d3509f5] [REQUEST][START] GET /phpinfo

[1 occurrence(s)]
DEBUG --> [REQ_ID=e0c21d3509f5] [REQUEST][END]

[1 occurrence(s)]
DEBUG --> [REQ_ID=50c6c795d191] [REQUEST][START] GET /p.php

[1 occurrence(s)]
DEBUG --> [REQ_ID=50c6c795d191] [REQUEST][END]

[1 occurrence(s)]
DEBUG --> [REQ_ID=a575f7e2701c] [REQUEST][START] GET /debug.php

[1 occurrence(s)]
DEBUG --> [REQ_ID=a575f7e2701c] [REQUEST][END]

[1 occurrence(s)]
DEBUG --> [REQ_ID=e6b66de7d58a] [REQUEST][START] GET /admin/phpinfo.php

[1 occurrence(s)]
DEBUG --> [REQ_ID=e6b66de7d58a] [REQUEST][END]

[1 occurrence(s)]
DEBUG --> [REQ_ID=90b28c8f1d64] [REQUEST][START] GET /test/phpinfo.php

[1 occurrence(s)]
DEBUG --> [REQ_ID=90b28c8f1d64] [REQUEST][END]

[1 occurrence(s)]
DEBUG --> [REQ_ID=98d73b82bea4] [REQUEST][START] GET /dev/phpinfo.php

[1 occurrence(s)]
DEBUG --> [REQ_ID=98d73b82bea4] [REQUEST][END]

[1 occurrence(s)]
DEBUG --> [REQ_ID=5432d1aa5c36] [REQUEST][START] GET /old/phpinfo.php

[1 occurrence(s)]
DEBUG --> [REQ_ID=5432d1aa5c36] [REQUEST][END]

[1 occurrence(s)]
DEBUG --> [REQ_ID=a2153a012fa7] [REQUEST][START] GET /tmp/phpinfo.php

[1 occurrence(s)]
DEBUG --> [REQ_ID=a2153a012fa7] [REQUEST][END]

[1 occurrence(s)]
DEBUG --> [REQ_ID=17c6ed9361a1] [REQUEST][START] GET /public/phpinfo.php

[1 occurrence(s)]
DEBUG --> [REQ_ID=17c6ed9361a1] [REQUEST][END]

[1 occurrence(s)]
DEBUG --> [REQ_ID=1728af98110c] [REQUEST][START] GET /info

[1 occurrence(s)]
DEBUG --> [REQ_ID=1728af98110c] [REQUEST][END]

[1 occurrence(s)]
DEBUG --> [REQ_ID=d3b2f27bf011] [REQUEST][START] GET /php-info.php

[1 occurrence(s)]
DEBUG --> [REQ_ID=d3b2f27bf011] [REQUEST][END]

[1 occurrence(s)]
DEBUG --> [REQ_ID=7ab39fd1fef5] [REQUEST][START] GET /phpversion.php

[1 occurrence(s)]
DEBUG --> [REQ_ID=7ab39fd1fef5] [REQUEST][END]

[1 occurrence(s)]
DEBUG --> [REQ_ID=033113c3c4b7] [REQUEST][START] GET /_phpinfo.php

[1 occurrence(s)]
DEBUG --> [REQ_ID=033113c3c4b7] [REQUEST][END]

[1 occurrence(s)]
DEBUG --> [REQ_ID=1e7b22583901] [REQUEST][START] GET /old_phpinfo.php

[1 occurrence(s)]
DEBUG --> [REQ_ID=1e7b22583901] [REQUEST][END]

[1 occurrence(s)]
DEBUG --> [REQ_ID=2713b6644282] [REQUEST][START] GET /server-info.php

[1 occurrence(s)]
DEBUG --> [REQ_ID=2713b6644282] [REQUEST][END]

[1 occurrence(s)]
DEBUG --> [REQ_ID=bd42699ec621] [REQUEST][START] GET /server-status.php

[1 occurrence(s)]
DEBUG --> [REQ_ID=bd42699ec621] [REQUEST][END]

[1 occurrence(s)]
DEBUG --> [REQ_ID=0f8b930882e1] [REQUEST][START] GET /_profiler/phpinfo

[1 occurrence(s)]
DEBUG --> [REQ_ID=0f8b930882e1] [REQUEST][END]

[1 occurrence(s)]
DEBUG --> [REQ_ID=78902b84fa5f] [REQUEST][START] GET /_environment

[1 occurrence(s)]
DEBUG --> [REQ_ID=78902b84fa5f] [REQUEST][END]

[1 occurrence(s)]
DEBUG --> [REQ_ID=eb38f517daee] [REQUEST][START] GET /webroot/index.php/_environment

[1 occurrence(s)]
DEBUG --> [REQ_ID=eb38f517daee] [REQUEST][END]

[1 occurrence(s)]
DEBUG --> [REQ_ID=8ae3ce78fa79] [REQUEST][START] GET /mail/phpinfo.php

[1 occurrence(s)]
DEBUG --> [REQ_ID=8ae3ce78fa79] [REQUEST][END]

[1 occurrence(s)]
DEBUG --> [REQ_ID=367b880469c2] [REQUEST][START] GET /cpanel/phpinfo.php

[1 occurrence(s)]
DEBUG --> [REQ_ID=367b880469c2] [REQUEST][END]

[1 occurrence(s)]
DEBUG --> [REQ_ID=36c0751198a5] [REQUEST][START] GET /hosting/phpinfo.php

[1 occurrence(s)]
DEBUG --> [REQ_ID=36c0751198a5] [REQUEST][END]

[1 occurrence(s)]
DEBUG --> [REQ_ID=0c15f341dd68] [REQUEST][START] GET /webmail/phpinfo.php

[1 occurrence(s)]
DEBUG --> [REQ_ID=0c15f341dd68] [REQUEST][END]

[1 occurrence(s)]
DEBUG --> [REQ_ID=e42ae51b7a70] [REQUEST][START] GET /smtp/phpinfo.php

[1 occurrence(s)]
DEBUG --> [REQ_ID=e42ae51b7a70] [REQUEST][END]

[1 occurrence(s)]
DEBUG --> [REQ_ID=5f16c0a026f1] [REQUEST][START] GET /index.php/Preview/Alert/IMNN

[1 occurrence(s)]
DEBUG --> [REQ_ID=5f16c0a026f1] [FILTER_BEFORE] /index.php/Preview/Alert/IMNN

[1 occurrence(s)]
DEBUG --> [REQ_ID=5f16c0a026f1] [ROUTE] Controller=\App\Modules\User\Controllers\AlertsController Method=preview

[1 occurrence(s)]
DEBUG --> [REQ_ID=5f16c0a026f1] [LIFECYCLE][START] GET https://www.mymiwallet.com/index.php/Preview/Alert/IMNN

[1 occurrence(s)]
DEBUG --> [CSRF] token name=csrf_test_name hash=84d7ace20280357dff23767f4c509737

[1 occurrence(s)]
DEBUG --> [REQ_ID=9456ad10e9f0] [INIT] App\Modules\User\Controllers\AlertsController::GET

[1 occurrence(s)]
DEBUG --> [REQ_ID=9456ad10e9f0] [METHOD_ENTRY] preview

[2 occurrence(s)]
DEBUG --> MyMIInvestments: no session user detected; skipping personalized hydration.

[1 occurrence(s)]
DEBUG --> MyMIMarketing: Pscrape library not installed; Google search scraping will use fallback.

[2 occurrence(s)]
DEBUG --> MyMIAlerts: no authenticated user context detected.

[1 occurrence(s)]
DEBUG --> [REQ_ID=9456ad10e9f0] [VIEW_RENDER] themes/public/previewAlert

[1 occurrence(s)]
DEBUG --> [REQ_ID=5f16c0a026f1] [FILTER_AFTER]

[1 occurrence(s)]
DEBUG --> [REQ_ID=5f16c0a026f1] [LIFECYCLE][END] status=200 duration_ms=607.81 memory_delta=2097152

[1 occurrence(s)]
DEBUG --> [REQ_ID=5f16c0a026f1] [REQUEST][END]

[1 occurrence(s)]
DEBUG --> [REQ_ID=84b824ef28e4] [REQUEST][START] GET /

[1 occurrence(s)]
DEBUG --> [REQ_ID=84b824ef28e4] [FILTER_BEFORE] /

[1 occurrence(s)]
DEBUG --> [REQ_ID=84b824ef28e4] [ROUTE] Controller=\App\Controllers\Home Method=index

[1 occurrence(s)]
DEBUG --> [REQ_ID=84b824ef28e4] [LIFECYCLE][START] GET https://www.mymiwallet.com/index.php/

[1 occurrence(s)]
DEBUG --> [CSRF] token name=csrf_test_name hash=6f693b9b8f184d052f3ea6aa9ee0eac9

[1 occurrence(s)]
DEBUG --> [REQ_ID=83bd0c22f5e6] [INIT] App\Controllers\Home::GET

[1 occurrence(s)]
DEBUG --> [REQ_ID=83bd0c22f5e6] [VIEW_RENDER] themes/public/home

[1 occurrence(s)]
DEBUG --> [REQ_ID=84b824ef28e4] [FILTER_AFTER]

[1 occurrence(s)]
DEBUG --> [REQ_ID=84b824ef28e4] [LIFECYCLE][END] status=200 duration_ms=939.93 memory_delta=4194304

[1 occurrence(s)]
DEBUG --> [REQ_ID=84b824ef28e4] [REQUEST][END]

[1 occurrence(s)]
DEBUG --> [REQ_ID=8af4d3cd048a] [REQUEST][START] GET /?trk=public_post-text

[1 occurrence(s)]
DEBUG --> [REQ_ID=8af4d3cd048a] [REQUEST][END]

[1 occurrence(s)]
DEBUG --> [REQ_ID=07727e8fa97d] [REQUEST][START] GET /index.php/API/Management/Run-CRON-Tasks

[1 occurrence(s)]
DEBUG --> [REQ_ID=07727e8fa97d] [FILTER_BEFORE] /index.php/API/Management/Run-CRON-Tasks

[1 occurrence(s)]
DEBUG --> [REQ_ID=07727e8fa97d] [ROUTE] Controller=\App\Modules\APIs\Controllers\ManagementAPIController Method=Run_CRON_Tasks

[1 occurrence(s)]
DEBUG --> [REQ_ID=07727e8fa97d] [LIFECYCLE][START] GET https://www.mymiwallet.com/index.php/API/Management/Run-CRON-Tasks

[1 occurrence(s)]
DEBUG --> [REQ_ID=07727e8fa97d] [REQUEST][END]

[1 occurrence(s)]
DEBUG --> [REQ_ID=3feb118d5e09] [REQUEST][START] GET /

[1 occurrence(s)]
DEBUG --> [REQ_ID=3feb118d5e09] [FILTER_BEFORE] /

[1 occurrence(s)]
DEBUG --> [REQ_ID=3feb118d5e09] [ROUTE] Controller=\App\Controllers\Home Method=index

[1 occurrence(s)]
DEBUG --> [REQ_ID=3feb118d5e09] [LIFECYCLE][START] GET https://www.mymiwallet.com/index.php/

[3 occurrence(s)]
DEBUG --> [CSRF] token name=csrf_test_name hash=762cccd6c8907e90900e99aafcd74914

[1 occurrence(s)]
DEBUG --> [REQ_ID=11fa3d56d091] [INIT] App\Controllers\Home::GET

[1 occurrence(s)]
DEBUG --> [REQ_ID=11fa3d56d091] [VIEW_RENDER] themes/public/home

[1 occurrence(s)]
DEBUG --> [REQ_ID=3feb118d5e09] [FILTER_AFTER]

[1 occurrence(s)]
DEBUG --> [REQ_ID=3feb118d5e09] [LIFECYCLE][END] status=200 duration_ms=754.71 memory_delta=4194304

[1 occurrence(s)]
DEBUG --> [REQ_ID=3feb118d5e09] [REQUEST][END]

[1 occurrence(s)]
DEBUG --> [REQ_ID=739e45c175c1] [REQUEST][START] GET /

[1 occurrence(s)]
DEBUG --> [REQ_ID=739e45c175c1] [FILTER_BEFORE] /

[1 occurrence(s)]
DEBUG --> [REQ_ID=739e45c175c1] [ROUTE] Controller=\App\Controllers\Home Method=index

[1 occurrence(s)]
DEBUG --> [REQ_ID=739e45c175c1] [LIFECYCLE][START] GET https://www.mymiwallet.com/index.php/

[1 occurrence(s)]
DEBUG --> [CSRF] token name=csrf_test_name hash=6a51a78eb9fed2ccb7904dbf6f7f44a8

[1 occurrence(s)]
DEBUG --> [REQ_ID=7dfdbcacf3a9] [INIT] App\Controllers\Home::GET

[1 occurrence(s)]
DEBUG --> [REQ_ID=7dfdbcacf3a9] [VIEW_RENDER] themes/public/home

[1 occurrence(s)]
DEBUG --> [REQ_ID=739e45c175c1] [FILTER_AFTER]

[1 occurrence(s)]
DEBUG --> [REQ_ID=739e45c175c1] [LIFECYCLE][END] status=200 duration_ms=763.17 memory_delta=2097152

[1 occurrence(s)]
DEBUG --> [REQ_ID=739e45c175c1] [REQUEST][END]

[1 occurrence(s)]
DEBUG --> [REQ_ID=8b56972e7d1f] [REQUEST][START] GET /

[1 occurrence(s)]
DEBUG --> [REQ_ID=8b56972e7d1f] [FILTER_BEFORE] /

[1 occurrence(s)]
DEBUG --> [REQ_ID=8b56972e7d1f] [ROUTE] Controller=\App\Controllers\Home Method=index

[1 occurrence(s)]
DEBUG --> [REQ_ID=8b56972e7d1f] [LIFECYCLE][START] GET https://www.mymiwallet.com/index.php/

[1 occurrence(s)]
DEBUG --> [REQ_ID=c38aea2cc142] [INIT] App\Controllers\Home::GET

[1 occurrence(s)]
DEBUG --> [REQ_ID=c38aea2cc142] [VIEW_RENDER] themes/public/home

[1 occurrence(s)]
DEBUG --> [REQ_ID=8b56972e7d1f] [FILTER_AFTER]

[1 occurrence(s)]
DEBUG --> [REQ_ID=8b56972e7d1f] [LIFECYCLE][END] status=200 duration_ms=473.83 memory_delta=2097152

[1 occurrence(s)]
DEBUG --> [REQ_ID=8b56972e7d1f] [REQUEST][END]

[1 occurrence(s)]
DEBUG --> [REQ_ID=f948dda130e9] [REQUEST][START] GET /

[1 occurrence(s)]
DEBUG --> [REQ_ID=f948dda130e9] [FILTER_BEFORE] /

[1 occurrence(s)]
DEBUG --> [REQ_ID=f948dda130e9] [ROUTE] Controller=\App\Controllers\Home Method=index

[1 occurrence(s)]
DEBUG --> [REQ_ID=f948dda130e9] [LIFECYCLE][START] GET https://www.mymiwallet.com/index.php/

[1 occurrence(s)]
DEBUG --> [REQ_ID=2d79f7baf194] [INIT] App\Controllers\Home::GET

[1 occurrence(s)]
DEBUG --> [REQ_ID=2d79f7baf194] [VIEW_RENDER] themes/public/home

[1 occurrence(s)]
DEBUG --> [REQ_ID=f948dda130e9] [FILTER_AFTER]

[1 occurrence(s)]
DEBUG --> [REQ_ID=f948dda130e9] [LIFECYCLE][END] status=200 duration_ms=515.01 memory_delta=4194304

[1 occurrence(s)]
DEBUG --> [REQ_ID=f948dda130e9] [REQUEST][END]

[1 occurrence(s)]
DEBUG --> [REQ_ID=f9434deed7da] [REQUEST][START] GET /

[1 occurrence(s)]
DEBUG --> [REQ_ID=f9434deed7da] [FILTER_BEFORE] /

[1 occurrence(s)]
DEBUG --> [REQ_ID=f9434deed7da] [ROUTE] Controller=\App\Controllers\Home Method=index

[1 occurrence(s)]
DEBUG --> [REQ_ID=f9434deed7da] [LIFECYCLE][START] GET https://www.mymiwallet.com/index.php/

[1 occurrence(s)]
DEBUG --> [CSRF] token name=csrf_test_name hash=03aa4471bf8d9c184a9bb6d66e479dec

[1 occurrence(s)]
DEBUG --> [REQ_ID=76c251a0bdf0] [INIT] App\Controllers\Home::GET

[1 occurrence(s)]
DEBUG --> [REQ_ID=76c251a0bdf0] [VIEW_RENDER] themes/public/home

[1 occurrence(s)]
DEBUG --> [REQ_ID=f9434deed7da] [FILTER_AFTER]

[1 occurrence(s)]
DEBUG --> [REQ_ID=f9434deed7da] [LIFECYCLE][END] status=200 duration_ms=596.13 memory_delta=2097152

[1 occurrence(s)]
DEBUG --> [REQ_ID=f9434deed7da] [REQUEST][END]

[1 occurrence(s)]
DEBUG --> [REQ_ID=17473da15a16] [REQUEST][START] GET /index.php/Management/Docs

[1 occurrence(s)]
DEBUG --> [REQ_ID=17473da15a16] [FILTER_BEFORE] /index.php/Management/Docs

[1 occurrence(s)]
DEBUG --> [REQ_ID=17473da15a16] [ROUTE] Controller=\App\Modules\Management\Controllers\DocsAdminController Method=index

[1 occurrence(s)]
DEBUG --> [REQ_ID=17473da15a16] [LIFECYCLE][START] GET https://www.mymiwallet.com/index.php/Management/Docs

[1 occurrence(s)]
DEBUG --> [CSRF] token name=csrf_test_name hash=c2475c7578362af8829e0cd7c3cc8c09

[1 occurrence(s)]
DEBUG --> [REQ_ID=17473da15a16] [REQUEST][END]

[1 occurrence(s)]
DEBUG --> [REQ_ID=d10b9a616e4e] [REQUEST][START] GET /index.php/login

[1 occurrence(s)]
DEBUG --> [REQ_ID=d10b9a616e4e] [FILTER_BEFORE] /index.php/login

[1 occurrence(s)]
DEBUG --> [REQ_ID=d10b9a616e4e] [ROUTE] Controller=\App\Controllers\AuthController Method=login

[1 occurrence(s)]
DEBUG --> [REQ_ID=d10b9a616e4e] [LIFECYCLE][START] GET https://www.mymiwallet.com/index.php/login

[1 occurrence(s)]
DEBUG --> [CSRF] token name=csrf_test_name hash=cdf43a0c9bc7a590afdad79a61c37c4c

[1 occurrence(s)]
DEBUG --> [REQ_ID=ad77e2c87b31] [INIT] App\Controllers\AuthController::GET

[1 occurrence(s)]
DEBUG --> [AUTH_LOGIN_VIEW_REDIRECT_URL] /Management/Docs

[1 occurrence(s)]
DEBUG --> [REQ_ID=d10b9a616e4e] [FILTER_AFTER]

[1 occurrence(s)]
DEBUG --> [REQ_ID=d10b9a616e4e] [LIFECYCLE][END] status=200 duration_ms=92.02 memory_delta=0

[1 occurrence(s)]
DEBUG --> [REQ_ID=d10b9a616e4e] [REQUEST][END]

[1 occurrence(s)]
DEBUG --> [REQ_ID=e8ec65d923fd] [REQUEST][START] GET /index.php/How-It-Works/

[1 occurrence(s)]
DEBUG --> [REQ_ID=e8ec65d923fd] [FILTER_BEFORE] /index.php/How-It-Works/

[1 occurrence(s)]
DEBUG --> [REQ_ID=e8ec65d923fd] [ROUTE] Controller=\App\Modules\Blog\Controllers\HowItWorksController Method=index

[1 occurrence(s)]
DEBUG --> [REQ_ID=e8ec65d923fd] [LIFECYCLE][START] GET https://www.mymiwallet.com/index.php/How-It-Works/

[1 occurrence(s)]
DEBUG --> [CSRF] token name=csrf_test_name hash=68c035ddc4622bd2fa28c590e30b435c

[1 occurrence(s)]
DEBUG --> [REQ_ID=96bd970cad6b] [INIT] App\Modules\Blog\Controllers\HowItWorksController::GET

[1 occurrence(s)]
DEBUG --> [REQ_ID=96bd970cad6b] [METHOD_ENTRY] index

[1 occurrence(s)]
DEBUG --> [REQ_ID=e8ec65d923fd] [FILTER_AFTER]

[1 occurrence(s)]
DEBUG --> [REQ_ID=e8ec65d923fd] [LIFECYCLE][END] status=200 duration_ms=676.95 memory_delta=4194304

[1 occurrence(s)]
DEBUG --> [REQ_ID=e8ec65d923fd] [REQUEST][END]

[1 occurrence(s)]
DEBUG --> [REQ_ID=e920b993a4fd] [REQUEST][START] GET /index.php/How-It-Works/account-settings

[1 occurrence(s)]
DEBUG --> [REQ_ID=e920b993a4fd] [FILTER_BEFORE] /index.php/How-It-Works/account-settings

[1 occurrence(s)]
DEBUG --> [REQ_ID=e920b993a4fd] [ROUTE] Controller=\App\Modules\Blog\Controllers\HowItWorksController Method=show

[1 occurrence(s)]
DEBUG --> [REQ_ID=e920b993a4fd] [LIFECYCLE][START] GET https://www.mymiwallet.com/index.php/How-It-Works/account-settings

[1 occurrence(s)]
DEBUG --> [CSRF] token name=csrf_test_name hash=6c96732317c0af76252b367b4c9e7f61

[1 occurrence(s)]
DEBUG --> [REQ_ID=4a0342e779b1] [INIT] App\Modules\Blog\Controllers\HowItWorksController::GET

[1 occurrence(s)]
DEBUG --> [REQ_ID=4a0342e779b1] [METHOD_ENTRY] show

[1 occurrence(s)]
DEBUG --> [HOW_IT_WORKS] slug=account-settings

[1 occurrence(s)]
DEBUG --> [REQ_ID=e920b993a4fd] [FILTER_AFTER]

[1 occurrence(s)]
DEBUG --> [REQ_ID=e920b993a4fd] [LIFECYCLE][END] status=301 duration_ms=14.06 memory_delta=0

[1 occurrence(s)]
DEBUG --> [REQ_ID=e920b993a4fd] [REQUEST][END]

[1 occurrence(s)]
DEBUG --> [REQ_ID=88baf3a8443c] [REQUEST][START] GET /index.php/How-It-Works/setting-financial-goals

[1 occurrence(s)]
DEBUG --> [REQ_ID=88baf3a8443c] [FILTER_BEFORE] /index.php/How-It-Works/setting-financial-goals

[1 occurrence(s)]
DEBUG --> [REQ_ID=88baf3a8443c] [ROUTE] Controller=\App\Modules\Blog\Controllers\HowItWorksController Method=show

[1 occurrence(s)]
DEBUG --> [REQ_ID=88baf3a8443c] [LIFECYCLE][START] GET https://www.mymiwallet.com/index.php/How-It-Works/setting-financial-goals

[1 occurrence(s)]
DEBUG --> [CSRF] token name=csrf_test_name hash=febfdd48eeeb9b08e0f9c4d8b8c615dd

[1 occurrence(s)]
DEBUG --> [REQ_ID=3197f9db4124] [INIT] App\Modules\Blog\Controllers\HowItWorksController::GET

[1 occurrence(s)]
DEBUG --> [REQ_ID=3197f9db4124] [METHOD_ENTRY] show

[1 occurrence(s)]
DEBUG --> [REQ_ID=88baf3a8443c] [FILTER_AFTER]

[1 occurrence(s)]
DEBUG --> [REQ_ID=88baf3a8443c] [LIFECYCLE][END] status=200 duration_ms=506.92 memory_delta=4194304

[1 occurrence(s)]
DEBUG --> [REQ_ID=88baf3a8443c] [REQUEST][END]

[1 occurrence(s)]
DEBUG --> [REQ_ID=e775429a11a0] [REQUEST][START] GET /index.php/

[1 occurrence(s)]
DEBUG --> [REQ_ID=e775429a11a0] [FILTER_BEFORE] /index.php/

[1 occurrence(s)]
DEBUG --> [REQ_ID=e775429a11a0] [ROUTE] Controller=\App\Controllers\Home Method=index

[1 occurrence(s)]
DEBUG --> [REQ_ID=e775429a11a0] [LIFECYCLE][START] GET https://www.mymiwallet.com/index.php/

[1 occurrence(s)]
DEBUG --> [CSRF] token name=csrf_test_name hash=50e72d24eb03d052d53895502b689e6b

[1 occurrence(s)]
DEBUG --> [REQ_ID=7be2052d9135] [INIT] App\Controllers\Home::GET

[1 occurrence(s)]
DEBUG --> [REQ_ID=7be2052d9135] [VIEW_RENDER] themes/public/home

[1 occurrence(s)]
DEBUG --> [REQ_ID=e775429a11a0] [FILTER_AFTER]

[1 occurrence(s)]
DEBUG --> [REQ_ID=e775429a11a0] [LIFECYCLE][END] status=200 duration_ms=590.34 memory_delta=2097152

[1 occurrence(s)]
DEBUG --> [REQ_ID=e775429a11a0] [REQUEST][END]

[1 occurrence(s)]
DEBUG --> [REQ_ID=35c612ec0bd3] [REQUEST][START] GET /index.php/How-It-Works/

[1 occurrence(s)]
DEBUG --> [REQ_ID=35c612ec0bd3] [FILTER_BEFORE] /index.php/How-It-Works/

[1 occurrence(s)]
DEBUG --> [REQ_ID=35c612ec0bd3] [ROUTE] Controller=\App\Modules\Blog\Controllers\HowItWorksController Method=index

[1 occurrence(s)]
DEBUG --> [REQ_ID=35c612ec0bd3] [LIFECYCLE][START] GET https://www.mymiwallet.com/index.php/How-It-Works/

[1 occurrence(s)]
DEBUG --> [CSRF] token name=csrf_test_name hash=186f739b53be7628162868b719c0bfb4

[1 occurrence(s)]
DEBUG --> [REQ_ID=c678da9b016a] [INIT] App\Modules\Blog\Controllers\HowItWorksController::GET

[1 occurrence(s)]
DEBUG --> [REQ_ID=c678da9b016a] [METHOD_ENTRY] index

[1 occurrence(s)]
DEBUG --> [REQ_ID=35c612ec0bd3] [FILTER_AFTER]

[1 occurrence(s)]
DEBUG --> [REQ_ID=35c612ec0bd3] [LIFECYCLE][END] status=200 duration_ms=510.53 memory_delta=2097152

[1 occurrence(s)]
DEBUG --> [REQ_ID=35c612ec0bd3] [REQUEST][END]

[1 occurrence(s)]
DEBUG --> [REQ_ID=9847c053f8d2] [REQUEST][START] GET /index.php/How-It-Works/earnings

[1 occurrence(s)]
DEBUG --> [REQ_ID=9847c053f8d2] [FILTER_BEFORE] /index.php/How-It-Works/earnings

[1 occurrence(s)]
DEBUG --> [REQ_ID=9847c053f8d2] [ROUTE] Controller=\App\Modules\Blog\Controllers\HowItWorksController Method=show

[1 occurrence(s)]
DEBUG --> [REQ_ID=9847c053f8d2] [LIFECYCLE][START] GET https://www.mymiwallet.com/index.php/How-It-Works/earnings

[1 occurrence(s)]
DEBUG --> [CSRF] token name=csrf_test_name hash=75d59f63f263512484bbe2cdbf8ccf2d

[1 occurrence(s)]
DEBUG --> [REQ_ID=526a5640f2aa] [INIT] App\Modules\Blog\Controllers\HowItWorksController::GET

[1 occurrence(s)]
DEBUG --> [REQ_ID=526a5640f2aa] [METHOD_ENTRY] show

[1 occurrence(s)]
DEBUG --> [HOW_IT_WORKS] slug=earnings

[1 occurrence(s)]
DEBUG --> [REQ_ID=9847c053f8d2] [FILTER_AFTER]

[1 occurrence(s)]
DEBUG --> [REQ_ID=9847c053f8d2] [LIFECYCLE][END] status=301 duration_ms=20.16 memory_delta=0

[1 occurrence(s)]
DEBUG --> [REQ_ID=9847c053f8d2] [REQUEST][END]

[1 occurrence(s)]
DEBUG --> [REQ_ID=1d30a7120c79] [REQUEST][START] GET /status

[1 occurrence(s)]
DEBUG --> [REQ_ID=1d30a7120c79] [REQUEST][END]

[1 occurrence(s)]
DEBUG --> [REQ_ID=451d565eafa3] [REQUEST][START] GET /index.php/How-It-Works/daily-financial-news

[1 occurrence(s)]
DEBUG --> [REQ_ID=451d565eafa3] [FILTER_BEFORE] /index.php/How-It-Works/daily-financial-news

[1 occurrence(s)]
DEBUG --> [REQ_ID=451d565eafa3] [ROUTE] Controller=\App\Modules\Blog\Controllers\HowItWorksController Method=show

[1 occurrence(s)]
DEBUG --> [REQ_ID=451d565eafa3] [LIFECYCLE][START] GET https://www.mymiwallet.com/index.php/How-It-Works/daily-financial-news

[1 occurrence(s)]
DEBUG --> [CSRF] token name=csrf_test_name hash=3cb1815fc33c5818b4e4de2d4b753a50

[1 occurrence(s)]
DEBUG --> [REQ_ID=875ba7f9ca80] [INIT] App\Modules\Blog\Controllers\HowItWorksController::GET

[1 occurrence(s)]
DEBUG --> [REQ_ID=875ba7f9ca80] [METHOD_ENTRY] show

[1 occurrence(s)]
DEBUG --> [REQ_ID=451d565eafa3] [FILTER_AFTER]

[1 occurrence(s)]
DEBUG --> [REQ_ID=451d565eafa3] [LIFECYCLE][END] status=200 duration_ms=527.35 memory_delta=4194304

[1 occurrence(s)]
DEBUG --> [REQ_ID=451d565eafa3] [REQUEST][END]

[1 occurrence(s)]
DEBUG --> [REQ_ID=817eca01cf19] [REQUEST][START] GET /index.php/How-It-Works/marketing

[1 occurrence(s)]
DEBUG --> [REQ_ID=817eca01cf19] [FILTER_BEFORE] /index.php/How-It-Works/marketing

[1 occurrence(s)]
DEBUG --> [REQ_ID=817eca01cf19] [ROUTE] Controller=\App\Modules\Blog\Controllers\HowItWorksController Method=show

[1 occurrence(s)]
DEBUG --> [REQ_ID=817eca01cf19] [LIFECYCLE][START] GET https://www.mymiwallet.com/index.php/How-It-Works/marketing

[1 occurrence(s)]
DEBUG --> [CSRF] token name=csrf_test_name hash=1a750761af72d2432e5729389cf55508

[1 occurrence(s)]
DEBUG --> [REQ_ID=82e32ec43470] [INIT] App\Modules\Blog\Controllers\HowItWorksController::GET

[1 occurrence(s)]
DEBUG --> [REQ_ID=82e32ec43470] [METHOD_ENTRY] show

[1 occurrence(s)]
DEBUG --> [HOW_IT_WORKS] slug=marketing

[1 occurrence(s)]
DEBUG --> [REQ_ID=817eca01cf19] [FILTER_AFTER]

[1 occurrence(s)]
DEBUG --> [REQ_ID=817eca01cf19] [LIFECYCLE][END] status=301 duration_ms=22.65 memory_delta=0

[1 occurrence(s)]
DEBUG --> [REQ_ID=817eca01cf19] [REQUEST][END]

[1 occurrence(s)]
DEBUG --> [REQ_ID=0f7fbab25cab] [REQUEST][START] GET /index.php/How-It-Works/financial-forecasting

[1 occurrence(s)]
DEBUG --> [REQ_ID=0f7fbab25cab] [FILTER_BEFORE] /index.php/How-It-Works/financial-forecasting

[1 occurrence(s)]
DEBUG --> [REQ_ID=0f7fbab25cab] [ROUTE] Controller=\App\Modules\Blog\Controllers\HowItWorksController Method=show

[1 occurrence(s)]
DEBUG --> [REQ_ID=0f7fbab25cab] [LIFECYCLE][START] GET https://www.mymiwallet.com/index.php/How-It-Works/financial-forecasting

[1 occurrence(s)]
DEBUG --> [CSRF] token name=csrf_test_name hash=193783d7ac0f36b5feb4d7ba9c9b3b9d

[1 occurrence(s)]
DEBUG --> [REQ_ID=c226c3eafd5d] [INIT] App\Modules\Blog\Controllers\HowItWorksController::GET

[1 occurrence(s)]
DEBUG --> [REQ_ID=c226c3eafd5d] [METHOD_ENTRY] show

[1 occurrence(s)]
DEBUG --> [REQ_ID=0f7fbab25cab] [FILTER_AFTER]

[1 occurrence(s)]
DEBUG --> [REQ_ID=0f7fbab25cab] [LIFECYCLE][END] status=200 duration_ms=561.83 memory_delta=4194304

[1 occurrence(s)]
DEBUG --> [REQ_ID=0f7fbab25cab] [REQUEST][END]

[1 occurrence(s)]
DEBUG --> [REQ_ID=cc1f72f1006c] [REQUEST][START] GET /index.php/How-It-Works/investments

[1 occurrence(s)]
DEBUG --> [REQ_ID=cc1f72f1006c] [FILTER_BEFORE] /index.php/How-It-Works/investments

[1 occurrence(s)]
DEBUG --> [REQ_ID=cc1f72f1006c] [ROUTE] Controller=\App\Modules\Blog\Controllers\HowItWorksController Method=show

[1 occurrence(s)]
DEBUG --> [REQ_ID=cc1f72f1006c] [LIFECYCLE][START] GET https://www.mymiwallet.com/index.php/How-It-Works/investments

[1 occurrence(s)]
DEBUG --> [CSRF] token name=csrf_test_name hash=347fa65cf6c6ec3fc941dbcdeb17a58d

[1 occurrence(s)]
DEBUG --> [REQ_ID=161b847b9bcf] [INIT] App\Modules\Blog\Controllers\HowItWorksController::GET

[1 occurrence(s)]
DEBUG --> [REQ_ID=161b847b9bcf] [METHOD_ENTRY] show

[1 occurrence(s)]
DEBUG --> [HOW_IT_WORKS] slug=investments

[1 occurrence(s)]
DEBUG --> [REQ_ID=cc1f72f1006c] [FILTER_AFTER]

[1 occurrence(s)]
DEBUG --> [REQ_ID=cc1f72f1006c] [LIFECYCLE][END] status=301 duration_ms=36.50 memory_delta=0

[1 occurrence(s)]
DEBUG --> [REQ_ID=cc1f72f1006c] [REQUEST][END]

[1 occurrence(s)]
DEBUG --> [REQ_ID=a5347797e453] [REQUEST][START] GET /index.php/How-It-Works/investment-portfolio-management

[1 occurrence(s)]
DEBUG --> [REQ_ID=a5347797e453] [FILTER_BEFORE] /index.php/How-It-Works/investment-portfolio-management

[1 occurrence(s)]
DEBUG --> [REQ_ID=a5347797e453] [ROUTE] Controller=\App\Modules\Blog\Controllers\HowItWorksController Method=show

[1 occurrence(s)]
DEBUG --> [REQ_ID=a5347797e453] [LIFECYCLE][START] GET https://www.mymiwallet.com/index.php/How-It-Works/investment-portfolio-management

[1 occurrence(s)]
DEBUG --> [CSRF] token name=csrf_test_name hash=966b47ebdecd56274e9fb6175cc9e716

[1 occurrence(s)]
DEBUG --> [REQ_ID=d9661bdd22f9] [INIT] App\Modules\Blog\Controllers\HowItWorksController::GET

[1 occurrence(s)]
DEBUG --> [REQ_ID=d9661bdd22f9] [METHOD_ENTRY] show

[1 occurrence(s)]
DEBUG --> [REQ_ID=a5347797e453] [FILTER_AFTER]

[1 occurrence(s)]
DEBUG --> [REQ_ID=a5347797e453] [LIFECYCLE][END] status=200 duration_ms=546.42 memory_delta=4194304

[1 occurrence(s)]
DEBUG --> [REQ_ID=a5347797e453] [REQUEST][END]

[1 occurrence(s)]
DEBUG --> [REQ_ID=cb9b14d99678] [REQUEST][START] GET /index.php/Support/Account

[1 occurrence(s)]
DEBUG --> [REQ_ID=cb9b14d99678] [FILTER_BEFORE] /index.php/Support/Account

[1 occurrence(s)]
DEBUG --> [REQ_ID=cb9b14d99678] [ROUTE] Controller=\App\Modules\Support\Controllers\AccountSupportController Method=index

[1 occurrence(s)]
DEBUG --> [REQ_ID=cb9b14d99678] [LIFECYCLE][START] GET https://www.mymiwallet.com/index.php/Support/Account

[1 occurrence(s)]
DEBUG --> [CSRF] token name=csrf_test_name hash=ebdddbb59d04f529e1b9146a2963b086

[1 occurrence(s)]
DEBUG --> [REQ_ID=80b2d9542344] [INIT] App\Modules\Support\Controllers\AccountSupportController::GET

[1 occurrence(s)]
DEBUG --> [REQ_ID=80b2d9542344] [METHOD_ENTRY] index

[1 occurrence(s)]
DEBUG --> [REQ_ID=80b2d9542344] [VIEW_RENDER] SupportModule/Support/account_help

[1 occurrence(s)]
DEBUG --> [REQ_ID=cb9b14d99678] [FILTER_AFTER]

[1 occurrence(s)]
DEBUG --> [REQ_ID=cb9b14d99678] [LIFECYCLE][END] status=200 duration_ms=118.42 memory_delta=0

[1 occurrence(s)]
DEBUG --> [REQ_ID=cb9b14d99678] [REQUEST][END]

[1 occurrence(s)]
DEBUG --> [REQ_ID=f87d368455e0] [REQUEST][START] GET /index.php/How-It-Works/alerts

[1 occurrence(s)]
DEBUG --> [REQ_ID=f87d368455e0] [FILTER_BEFORE] /index.php/How-It-Works/alerts

[1 occurrence(s)]
DEBUG --> [REQ_ID=f87d368455e0] [ROUTE] Controller=\App\Modules\Blog\Controllers\HowItWorksController Method=show

[1 occurrence(s)]
DEBUG --> [REQ_ID=f87d368455e0] [LIFECYCLE][START] GET https://www.mymiwallet.com/index.php/How-It-Works/alerts

[1 occurrence(s)]
DEBUG --> [CSRF] token name=csrf_test_name hash=9d87c9ba316777d8c1d7d498d11f76b3

[1 occurrence(s)]
DEBUG --> [REQ_ID=8a046bde9321] [INIT] App\Modules\Blog\Controllers\HowItWorksController::GET

[1 occurrence(s)]
DEBUG --> [REQ_ID=8a046bde9321] [METHOD_ENTRY] show

[1 occurrence(s)]
DEBUG --> [HOW_IT_WORKS] slug=alerts

[1 occurrence(s)]
DEBUG --> [REQ_ID=f87d368455e0] [FILTER_AFTER]

[1 occurrence(s)]
DEBUG --> [REQ_ID=f87d368455e0] [LIFECYCLE][END] status=200 duration_ms=578.85 memory_delta=4194304

[1 occurrence(s)]
DEBUG --> [REQ_ID=f87d368455e0] [REQUEST][END]

[1 occurrence(s)]
DEBUG --> [REQ_ID=03516670dbd4] [REQUEST][START] GET /index.php/How-It-Works/overview

[1 occurrence(s)]
DEBUG --> [REQ_ID=03516670dbd4] [FILTER_BEFORE] /index.php/How-It-Works/overview

[1 occurrence(s)]
DEBUG --> [REQ_ID=03516670dbd4] [ROUTE] Controller=\App\Modules\Blog\Controllers\HowItWorksController Method=show

[1 occurrence(s)]
DEBUG --> [REQ_ID=03516670dbd4] [LIFECYCLE][START] GET https://www.mymiwallet.com/index.php/How-It-Works/overview

[1 occurrence(s)]
DEBUG --> [CSRF] token name=csrf_test_name hash=e427e74c7c2b1b521634be889053df4e

[1 occurrence(s)]
DEBUG --> [REQ_ID=255daf51ee1f] [INIT] App\Modules\Blog\Controllers\HowItWorksController::GET

[1 occurrence(s)]
DEBUG --> [REQ_ID=255daf51ee1f] [METHOD_ENTRY] show

[1 occurrence(s)]
DEBUG --> [REQ_ID=03516670dbd4] [FILTER_AFTER]

[1 occurrence(s)]
DEBUG --> [REQ_ID=03516670dbd4] [LIFECYCLE][END] status=200 duration_ms=559.59 memory_delta=2097152

[1 occurrence(s)]
DEBUG --> [REQ_ID=03516670dbd4] [REQUEST][END]

[1 occurrence(s)]
DEBUG --> [REQ_ID=897a01d92496] [REQUEST][START] GET /Dashboard

[1 occurrence(s)]
DEBUG --> [REQ_ID=897a01d92496] [FILTER_BEFORE] /Dashboard

[1 occurrence(s)]
DEBUG --> [REQ_ID=897a01d92496] [ROUTE] Controller=\App\Modules\User\Controllers\DashboardController Method=index

[1 occurrence(s)]
DEBUG --> [REQ_ID=897a01d92496] [LIFECYCLE][START] GET https://www.mymiwallet.com/index.php/Dashboard

[1 occurrence(s)]
DEBUG --> [CSRF] token name=csrf_test_name hash=6d87e1f29d09e2041a4713b3dbc2e190

[1 occurrence(s)]
DEBUG --> [REQ_ID=897a01d92496] [REQUEST][END]

[1 occurrence(s)]
DEBUG --> [REQ_ID=d43c40ccba6e] [REQUEST][START] GET /index.php/login

[1 occurrence(s)]
DEBUG --> [REQ_ID=d43c40ccba6e] [FILTER_BEFORE] /index.php/login

[1 occurrence(s)]
DEBUG --> [REQ_ID=d43c40ccba6e] [ROUTE] Controller=\App\Controllers\AuthController Method=login

[1 occurrence(s)]
DEBUG --> [REQ_ID=d43c40ccba6e] [LIFECYCLE][START] GET https://www.mymiwallet.com/index.php/login

[1 occurrence(s)]
DEBUG --> [CSRF] token name=csrf_test_name hash=60b9b830c0d95703810d4994ca308fa7

[1 occurrence(s)]
DEBUG --> [REQ_ID=79490a2e602f] [INIT] App\Controllers\AuthController::GET

[1 occurrence(s)]
DEBUG --> [AUTH_LOGIN_VIEW_REDIRECT_URL] /Dashboard

[1 occurrence(s)]
DEBUG --> [REQ_ID=d43c40ccba6e] [FILTER_AFTER]

[1 occurrence(s)]
DEBUG --> [REQ_ID=d43c40ccba6e] [LIFECYCLE][END] status=200 duration_ms=40.21 memory_delta=0

[1 occurrence(s)]
DEBUG --> [REQ_ID=d43c40ccba6e] [REQUEST][END]

[1 occurrence(s)]
DEBUG --> [REQ_ID=7e62985291bb] [REQUEST][START] GET /index.php/

[1 occurrence(s)]
DEBUG --> [REQ_ID=7e62985291bb] [FILTER_BEFORE] /index.php/

[1 occurrence(s)]
DEBUG --> [REQ_ID=7e62985291bb] [ROUTE] Controller=\App\Controllers\Home Method=index

[1 occurrence(s)]
DEBUG --> [REQ_ID=7e62985291bb] [LIFECYCLE][START] GET https://www.mymiwallet.com/index.php/

[1 occurrence(s)]
DEBUG --> [CSRF] token name=csrf_test_name hash=75d2524f74b727938cbb1bb0a3abe2db

[1 occurrence(s)]
DEBUG --> [REQ_ID=b2626bc4a5d5] [INIT] App\Controllers\Home::GET

[1 occurrence(s)]
DEBUG --> [REQ_ID=b2626bc4a5d5] [VIEW_RENDER] themes/public/home

[1 occurrence(s)]
DEBUG --> [REQ_ID=7e62985291bb] [FILTER_AFTER]

[1 occurrence(s)]
DEBUG --> [REQ_ID=7e62985291bb] [LIFECYCLE][END] status=200 duration_ms=490.30 memory_delta=4194304

[1 occurrence(s)]
DEBUG --> [REQ_ID=7e62985291bb] [REQUEST][END]

[1 occurrence(s)]
DEBUG --> [REQ_ID=3955772ee3a5] [REQUEST][START] GET /index.php/

[1 occurrence(s)]
DEBUG --> [REQ_ID=3955772ee3a5] [FILTER_BEFORE] /index.php/

[1 occurrence(s)]
DEBUG --> [REQ_ID=3955772ee3a5] [ROUTE] Controller=\App\Controllers\Home Method=index

[1 occurrence(s)]
DEBUG --> [REQ_ID=3955772ee3a5] [LIFECYCLE][START] GET https://www.mymiwallet.com/index.php/

[1 occurrence(s)]
DEBUG --> [CSRF] token name=csrf_test_name hash=912b144e331f9d83bff22c0e05634bbf

[1 occurrence(s)]
DEBUG --> [REQ_ID=c8a90f10b6da] [INIT] App\Controllers\Home::GET

[1 occurrence(s)]
DEBUG --> [REQ_ID=c8a90f10b6da] [VIEW_RENDER] themes/public/home

[1 occurrence(s)]
DEBUG --> [REQ_ID=3955772ee3a5] [FILTER_AFTER]

[1 occurrence(s)]
DEBUG --> [REQ_ID=3955772ee3a5] [LIFECYCLE][END] status=200 duration_ms=500.52 memory_delta=2097152

[1 occurrence(s)]
DEBUG --> [REQ_ID=3955772ee3a5] [REQUEST][END]

[1 occurrence(s)]
DEBUG --> [REQ_ID=6570e11910a3] [REQUEST][START] GET /index.php/logout

[1 occurrence(s)]
DEBUG --> [REQ_ID=6570e11910a3] [FILTER_BEFORE] /index.php/logout

[1 occurrence(s)]
DEBUG --> [REQ_ID=6570e11910a3] [ROUTE] Controller=\App\Controllers\AuthController Method=logout

[1 occurrence(s)]
DEBUG --> [REQ_ID=6570e11910a3] [LIFECYCLE][START] GET https://www.mymiwallet.com/index.php/logout

[1 occurrence(s)]
DEBUG --> [CSRF] token name=csrf_test_name hash=65be0f9b9aacb1e1d904d77eb11ea0eb

[1 occurrence(s)]
DEBUG --> [REQ_ID=6570e11910a3] [REQUEST][END]

[1 occurrence(s)]
DEBUG --> [REQ_ID=cfa6e5e9fdf4] [REQUEST][START] GET /index.php/login

[1 occurrence(s)]
DEBUG --> [REQ_ID=cfa6e5e9fdf4] [FILTER_BEFORE] /index.php/login

[1 occurrence(s)]
DEBUG --> [REQ_ID=cfa6e5e9fdf4] [ROUTE] Controller=\App\Controllers\AuthController Method=login

[1 occurrence(s)]
DEBUG --> [REQ_ID=cfa6e5e9fdf4] [LIFECYCLE][START] GET https://www.mymiwallet.com/index.php/login

[1 occurrence(s)]
DEBUG --> [CSRF] token name=csrf_test_name hash=877771f4db58ff09c95d78e42cbcad01

[1 occurrence(s)]
DEBUG --> [REQ_ID=26ca5ff5b160] [INIT] App\Controllers\AuthController::GET

[1 occurrence(s)]
DEBUG --> [REQ_ID=cfa6e5e9fdf4] [FILTER_AFTER]

[1 occurrence(s)]
DEBUG --> [REQ_ID=cfa6e5e9fdf4] [LIFECYCLE][END] status=200 duration_ms=52.02 memory_delta=0

[1 occurrence(s)]
DEBUG --> [REQ_ID=cfa6e5e9fdf4] [REQUEST][END]

[1 occurrence(s)]
DEBUG --> [REQ_ID=c62772bcbd58] [REQUEST][START] GET /index.php/

[1 occurrence(s)]
DEBUG --> [REQ_ID=c62772bcbd58] [FILTER_BEFORE] /index.php/

[1 occurrence(s)]
DEBUG --> [REQ_ID=c62772bcbd58] [ROUTE] Controller=\App\Controllers\Home Method=index

[1 occurrence(s)]
DEBUG --> [REQ_ID=c62772bcbd58] [LIFECYCLE][START] GET https://www.mymiwallet.com/index.php/

[1 occurrence(s)]
DEBUG --> [CSRF] token name=csrf_test_name hash=3489694f849796119dbeebd8947be652

[1 occurrence(s)]
DEBUG --> [REQ_ID=d9df103db55b] [INIT] App\Controllers\Home::GET

[1 occurrence(s)]
DEBUG --> [REQ_ID=d9df103db55b] [VIEW_RENDER] themes/public/home

[1 occurrence(s)]
DEBUG --> [REQ_ID=c62772bcbd58] [FILTER_AFTER]

[1 occurrence(s)]
DEBUG --> [REQ_ID=c62772bcbd58] [LIFECYCLE][END] status=200 duration_ms=529.50 memory_delta=4194304

[1 occurrence(s)]
DEBUG --> [REQ_ID=c62772bcbd58] [REQUEST][END]

[1 occurrence(s)]
DEBUG --> [REQ_ID=0c5f85532e06] [REQUEST][START] GET /index.php/API/Alerts/fetchEmailAlerts

[1 occurrence(s)]
DEBUG --> [REQ_ID=0c5f85532e06] [FILTER_BEFORE] /index.php/API/Alerts/fetchEmailAlerts

[1 occurrence(s)]
DEBUG --> [REQ_ID=0c5f85532e06] [ROUTE] Controller=\App\Modules\APIs\Controllers\AlertsAPIController Method=fetchEmailAlerts

[1 occurrence(s)]
DEBUG --> [REQ_ID=0c5f85532e06] [LIFECYCLE][START] GET https://www.mymiwallet.com/index.php/API/Alerts/fetchEmailAlerts

[1 occurrence(s)]
DEBUG --> [REQ_ID=0c5f85532e06] [REQUEST][END]

[1 occurrence(s)]
DEBUG --> [REQ_ID=06c7e895299b] [REQUEST][START] GET /index.php/

[1 occurrence(s)]
DEBUG --> [REQ_ID=06c7e895299b] [FILTER_BEFORE] /index.php/

[1 occurrence(s)]
DEBUG --> [REQ_ID=06c7e895299b] [ROUTE] Controller=\App\Controllers\Home Method=index

[1 occurrence(s)]
DEBUG --> [REQ_ID=06c7e895299b] [LIFECYCLE][START] GET https://www.mymiwallet.com/index.php/

[1 occurrence(s)]
DEBUG --> [CSRF] token name=csrf_test_name hash=285a22e7381e0c61a4314ece9271c299

[1 occurrence(s)]
DEBUG --> [REQ_ID=b6ed973252e3] [INIT] App\Controllers\Home::GET

[1 occurrence(s)]
DEBUG --> [REQ_ID=b6ed973252e3] [VIEW_RENDER] themes/public/home

[1 occurrence(s)]
DEBUG --> [REQ_ID=06c7e895299b] [FILTER_AFTER]

[1 occurrence(s)]
DEBUG --> [REQ_ID=06c7e895299b] [LIFECYCLE][END] status=200 duration_ms=594.33 memory_delta=4194304

[1 occurrence(s)]
DEBUG --> [REQ_ID=06c7e895299b] [REQUEST][END]

[1 occurrence(s)]
DEBUG --> [REQ_ID=02bad8a684e6] [REQUEST][START] GET /index.php/

[1 occurrence(s)]
DEBUG --> [REQ_ID=02bad8a684e6] [FILTER_BEFORE] /index.php/

[1 occurrence(s)]
DEBUG --> [REQ_ID=02bad8a684e6] [ROUTE] Controller=\App\Controllers\Home Method=index

[1 occurrence(s)]
DEBUG --> [REQ_ID=02bad8a684e6] [LIFECYCLE][START] GET https://www.mymiwallet.com/index.php/

[1 occurrence(s)]
DEBUG --> [CSRF] token name=csrf_test_name hash=3053a4404eba10cfee579f2479105857

[1 occurrence(s)]
DEBUG --> [REQ_ID=1ed7b32613aa] [INIT] App\Controllers\Home::GET

[1 occurrence(s)]
DEBUG --> [REQ_ID=1ed7b32613aa] [VIEW_RENDER] themes/public/home

[1 occurrence(s)]
DEBUG --> [REQ_ID=02bad8a684e6] [FILTER_AFTER]

[1 occurrence(s)]
DEBUG --> [REQ_ID=02bad8a684e6] [LIFECYCLE][END] status=200 duration_ms=575.75 memory_delta=0

[1 occurrence(s)]
DEBUG --> [REQ_ID=02bad8a684e6] [REQUEST][END]

[1 occurrence(s)]
DEBUG --> [REQ_ID=3ce805755416] [REQUEST][START] GET /index.php/

[1 occurrence(s)]
DEBUG --> [REQ_ID=3ce805755416] [FILTER_BEFORE] /index.php/

[1 occurrence(s)]
DEBUG --> [REQ_ID=3ce805755416] [ROUTE] Controller=\App\Controllers\Home Method=index

[1 occurrence(s)]
DEBUG --> [REQ_ID=3ce805755416] [LIFECYCLE][START] GET https://www.mymiwallet.com/index.php/

[1 occurrence(s)]
DEBUG --> [CSRF] token name=csrf_test_name hash=813fb556fe2ff2074a384e51f36d64bd

[1 occurrence(s)]
DEBUG --> [REQ_ID=257b716c72fc] [INIT] App\Controllers\Home::GET

[1 occurrence(s)]
DEBUG --> [REQ_ID=257b716c72fc] [VIEW_RENDER] themes/public/home

[1 occurrence(s)]
DEBUG --> [REQ_ID=3ce805755416] [FILTER_AFTER]

[1 occurrence(s)]
DEBUG --> [REQ_ID=3ce805755416] [LIFECYCLE][END] status=200 duration_ms=547.18 memory_delta=0

[1 occurrence(s)]
DEBUG --> [REQ_ID=3ce805755416] [REQUEST][END]

[1 occurrence(s)]
DEBUG --> [REQ_ID=4ddf6dd60e37] [REQUEST][START] GET /Knowledgebase

[1 occurrence(s)]
DEBUG --> [REQ_ID=4ddf6dd60e37] [FILTER_BEFORE] /Knowledgebase

[1 occurrence(s)]
DEBUG --> [REQ_ID=4ddf6dd60e37] [ROUTE] Controller=\App\Modules\User\Controllers\KnowledgebaseController Method=index

[1 occurrence(s)]
DEBUG --> [REQ_ID=4ddf6dd60e37] [LIFECYCLE][START] GET https://www.mymiwallet.com/index.php/Knowledgebase

[1 occurrence(s)]
DEBUG --> [CSRF] token name=csrf_test_name hash=71f1732fc0ac0545cb8a451b8cc5a662

[1 occurrence(s)]
DEBUG --> [REQ_ID=4ddf6dd60e37] [REQUEST][END]

[1 occurrence(s)]
DEBUG --> [REQ_ID=fd15f04b7800] [REQUEST][START] GET /index.php/login

[1 occurrence(s)]
DEBUG --> [REQ_ID=fd15f04b7800] [FILTER_BEFORE] /index.php/login

[1 occurrence(s)]
DEBUG --> [REQ_ID=fd15f04b7800] [ROUTE] Controller=\App\Controllers\AuthController Method=login

[1 occurrence(s)]
DEBUG --> [REQ_ID=fd15f04b7800] [LIFECYCLE][START] GET https://www.mymiwallet.com/index.php/login

[1 occurrence(s)]
DEBUG --> [CSRF] token name=csrf_test_name hash=55732be0de9a8e03781f9a47c6c95159

[1 occurrence(s)]
DEBUG --> [REQ_ID=3322eb37d4d6] [INIT] App\Controllers\AuthController::GET

[1 occurrence(s)]
DEBUG --> [REQ_ID=fd15f04b7800] [FILTER_AFTER]

[1 occurrence(s)]
DEBUG --> [REQ_ID=fd15f04b7800] [LIFECYCLE][END] status=200 duration_ms=103.31 memory_delta=0

[1 occurrence(s)]
DEBUG --> [REQ_ID=fd15f04b7800] [REQUEST][END]

[1 occurrence(s)]
DEBUG --> [REQ_ID=2adec23fa715] [REQUEST][START] GET /index.php/Investments/Watchlist

[1 occurrence(s)]
DEBUG --> [REQ_ID=2adec23fa715] [FILTER_BEFORE] /index.php/Investments/Watchlist

[1 occurrence(s)]
DEBUG --> [REQ_ID=2adec23fa715] [ROUTE] Controller=\App\Modules\User\Controllers\InvestmentsController Method=watchlist

[1 occurrence(s)]
DEBUG --> [REQ_ID=2adec23fa715] [LIFECYCLE][START] GET https://www.mymiwallet.com/index.php/Investments/Watchlist

[1 occurrence(s)]
DEBUG --> [CSRF] token name=csrf_test_name hash=1b564a6388a61990f21791f6e077aaf8

[1 occurrence(s)]
DEBUG --> [REQ_ID=2adec23fa715] [REQUEST][END]

[1 occurrence(s)]
DEBUG --> [REQ_ID=b0a0f4ce80a9] [REQUEST][START] GET /index.php/login

[1 occurrence(s)]
DEBUG --> [REQ_ID=b0a0f4ce80a9] [FILTER_BEFORE] /index.php/login

[1 occurrence(s)]
DEBUG --> [REQ_ID=b0a0f4ce80a9] [ROUTE] Controller=\App\Controllers\AuthController Method=login

[1 occurrence(s)]
DEBUG --> [REQ_ID=b0a0f4ce80a9] [LIFECYCLE][START] GET https://www.mymiwallet.com/index.php/login

[1 occurrence(s)]
DEBUG --> [CSRF] token name=csrf_test_name hash=f785e1fd90dc58279be6b7573bc1e475

[1 occurrence(s)]
DEBUG --> [REQ_ID=b0b53e42ed57] [INIT] App\Controllers\AuthController::GET

[1 occurrence(s)]
DEBUG --> [AUTH_LOGIN_VIEW_REDIRECT_URL] /Investments/Watchlist

[1 occurrence(s)]
DEBUG --> [REQ_ID=b0a0f4ce80a9] [FILTER_AFTER]

[1 occurrence(s)]
DEBUG --> [REQ_ID=b0a0f4ce80a9] [LIFECYCLE][END] status=200 duration_ms=46.80 memory_delta=0

[1 occurrence(s)]
DEBUG --> [REQ_ID=b0a0f4ce80a9] [REQUEST][END]

[1 occurrence(s)]
DEBUG --> [REQ_ID=07c858ceeee6] [REQUEST][START] GET /index.php/Budget/Financial-Forecaster

[1 occurrence(s)]
DEBUG --> [REQ_ID=07c858ceeee6] [FILTER_BEFORE] /index.php/Budget/Financial-Forecaster

[1 occurrence(s)]
DEBUG --> [REQ_ID=07c858ceeee6] [ROUTE] Controller=\App\Modules\User\Controllers\BudgetController Method=financialForecaster

[1 occurrence(s)]
DEBUG --> [REQ_ID=07c858ceeee6] [LIFECYCLE][START] GET https://www.mymiwallet.com/index.php/Budget/Financial-Forecaster

[1 occurrence(s)]
DEBUG --> [CSRF] token name=csrf_test_name hash=f921d03d5d35995dfeee2abb19572b49

[1 occurrence(s)]
DEBUG --> [REQ_ID=07c858ceeee6] [REQUEST][END]

[1 occurrence(s)]
DEBUG --> [REQ_ID=e964b9b4bf53] [REQUEST][START] GET /index.php/login

[1 occurrence(s)]
DEBUG --> [REQ_ID=e964b9b4bf53] [FILTER_BEFORE] /index.php/login

[1 occurrence(s)]
DEBUG --> [REQ_ID=e964b9b4bf53] [ROUTE] Controller=\App\Controllers\AuthController Method=login

[1 occurrence(s)]
DEBUG --> [REQ_ID=e964b9b4bf53] [LIFECYCLE][START] GET https://www.mymiwallet.com/index.php/login

[1 occurrence(s)]
DEBUG --> [CSRF] token name=csrf_test_name hash=1542c486a80126f27e6f00c156b1b3ca

[1 occurrence(s)]
DEBUG --> [REQ_ID=51c90d16bea8] [INIT] App\Controllers\AuthController::GET

[1 occurrence(s)]
DEBUG --> [AUTH_LOGIN_VIEW_REDIRECT_URL] /Budget/Financial-Forecaster

[1 occurrence(s)]
DEBUG --> [REQ_ID=e964b9b4bf53] [FILTER_AFTER]

[1 occurrence(s)]
DEBUG --> [REQ_ID=e964b9b4bf53] [LIFECYCLE][END] status=200 duration_ms=90.41 memory_delta=0

[1 occurrence(s)]
DEBUG --> [REQ_ID=e964b9b4bf53] [REQUEST][END]

[1 occurrence(s)]
DEBUG --> [REQ_ID=cfb913253441] [REQUEST][START] GET /Support

[1 occurrence(s)]
DEBUG --> [REQ_ID=cfb913253441] [FILTER_BEFORE] /Support

[1 occurrence(s)]
DEBUG --> [REQ_ID=cfb913253441] [ROUTE] Controller=\App\Modules\Support\Controllers\SupportController Method=index

[1 occurrence(s)]
DEBUG --> [REQ_ID=cfb913253441] [LIFECYCLE][START] GET https://www.mymiwallet.com/index.php/Support

[1 occurrence(s)]
DEBUG --> [CSRF] token name=csrf_test_name hash=edfd51e7c80baf87155a7fecb45fb32d

[1 occurrence(s)]
DEBUG --> [REQ_ID=3eb2bf70cf05] [INIT] App\Modules\Support\Controllers\SupportController::GET

[1 occurrence(s)]
DEBUG --> [REQ_ID=3eb2bf70cf05] [METHOD_ENTRY] index

[1 occurrence(s)]
DEBUG --> [REQ_ID=3eb2bf70cf05] [VIEW_RENDER] SupportModule\Views\Support\index

[1 occurrence(s)]
DEBUG --> [REQ_ID=cfb913253441] [FILTER_AFTER]

[1 occurrence(s)]
DEBUG --> [REQ_ID=cfb913253441] [LIFECYCLE][END] status=200 duration_ms=88.84 memory_delta=0

[1 occurrence(s)]
DEBUG --> [REQ_ID=cfb913253441] [REQUEST][END]

[1 occurrence(s)]
DEBUG --> [REQ_ID=04e51d55d373] [REQUEST][START] GET /How-It-Works

[1 occurrence(s)]
DEBUG --> [REQ_ID=04e51d55d373] [FILTER_BEFORE] /How-It-Works

[1 occurrence(s)]
DEBUG --> [REQ_ID=04e51d55d373] [ROUTE] Controller=\App\Modules\Blog\Controllers\HowItWorksController Method=index

[1 occurrence(s)]
DEBUG --> [REQ_ID=04e51d55d373] [LIFECYCLE][START] GET https://www.mymiwallet.com/index.php/How-It-Works

[1 occurrence(s)]
DEBUG --> [CSRF] token name=csrf_test_name hash=f42b4ea599bb24f8cc8f417bdea961f4

[1 occurrence(s)]
DEBUG --> [REQ_ID=556edc5f8050] [INIT] App\Modules\Blog\Controllers\HowItWorksController::GET

[1 occurrence(s)]
DEBUG --> [REQ_ID=556edc5f8050] [METHOD_ENTRY] index

[1 occurrence(s)]
DEBUG --> [REQ_ID=04e51d55d373] [FILTER_AFTER]

[1 occurrence(s)]
DEBUG --> [REQ_ID=04e51d55d373] [LIFECYCLE][END] status=200 duration_ms=751.35 memory_delta=4194304

[1 occurrence(s)]
DEBUG --> [REQ_ID=04e51d55d373] [REQUEST][END]

[1 occurrence(s)]
DEBUG --> [REQ_ID=d5320dbbf906] [REQUEST][START] GET /index.php/Exchange

[1 occurrence(s)]
DEBUG --> [REQ_ID=d5320dbbf906] [FILTER_BEFORE] /index.php/Exchange

[1 occurrence(s)]
DEBUG --> [REQ_ID=d5320dbbf906] [ROUTE] Controller=\App\Modules\Exchange\Controllers\ExchangeController Method=index

[1 occurrence(s)]
DEBUG --> [REQ_ID=d5320dbbf906] [LIFECYCLE][START] GET https://www.mymiwallet.com/index.php/Exchange

[1 occurrence(s)]
DEBUG --> [CSRF] token name=csrf_test_name hash=bde85555198a0206c1fe1e7e96d9c427

[1 occurrence(s)]
DEBUG --> [REQ_ID=d5320dbbf906] [REQUEST][END]

[1 occurrence(s)]
DEBUG --> [REQ_ID=32d33aeb8c51] [REQUEST][START] GET /index.php/login

[1 occurrence(s)]
DEBUG --> [REQ_ID=32d33aeb8c51] [FILTER_BEFORE] /index.php/login

[1 occurrence(s)]
DEBUG --> [REQ_ID=32d33aeb8c51] [ROUTE] Controller=\App\Controllers\AuthController Method=login

[1 occurrence(s)]
DEBUG --> [REQ_ID=32d33aeb8c51] [LIFECYCLE][START] GET https://www.mymiwallet.com/index.php/login

[1 occurrence(s)]
DEBUG --> [CSRF] token name=csrf_test_name hash=dae19a9b03fe35065a215839ac3e19ec

[1 occurrence(s)]
DEBUG --> [REQ_ID=05316d916c30] [INIT] App\Controllers\AuthController::GET

[1 occurrence(s)]
DEBUG --> [AUTH_LOGIN_VIEW_REDIRECT_URL] /Exchange

[1 occurrence(s)]
DEBUG --> [REQ_ID=32d33aeb8c51] [FILTER_AFTER]

[1 occurrence(s)]
DEBUG --> [REQ_ID=32d33aeb8c51] [LIFECYCLE][END] status=200 duration_ms=127.12 memory_delta=0

[1 occurrence(s)]
DEBUG --> [REQ_ID=32d33aeb8c51] [REQUEST][END]

[1 occurrence(s)]
DEBUG --> [REQ_ID=466145843fee] [REQUEST][START] GET /How-It-Works/Registering-An-Account

[1 occurrence(s)]
DEBUG --> [REQ_ID=466145843fee] [FILTER_BEFORE] /How-It-Works/Registering-An-Account

[1 occurrence(s)]
DEBUG --> [REQ_ID=466145843fee] [ROUTE] Controller=\App\Modules\Blog\Controllers\HowItWorksController Method=show

[1 occurrence(s)]
DEBUG --> [REQ_ID=466145843fee] [LIFECYCLE][START] GET https://www.mymiwallet.com/index.php/How-It-Works/Registering-An-Account

[1 occurrence(s)]
DEBUG --> [CSRF] token name=csrf_test_name hash=6d551098b2b787fc2c77be86914d7da8

[1 occurrence(s)]
DEBUG --> [REQ_ID=b47ddc2f8004] [INIT] App\Modules\Blog\Controllers\HowItWorksController::GET

[1 occurrence(s)]
DEBUG --> [REQ_ID=b47ddc2f8004] [METHOD_ENTRY] show

[1 occurrence(s)]
DEBUG --> [HOW_IT_WORKS] slug=registering-an-account

[1 occurrence(s)]
DEBUG --> [REQ_ID=466145843fee] [FILTER_AFTER]

[1 occurrence(s)]
DEBUG --> [REQ_ID=466145843fee] [LIFECYCLE][END] status=200 duration_ms=677.23 memory_delta=4194304

[1 occurrence(s)]
DEBUG --> [REQ_ID=466145843fee] [REQUEST][END]

[1 occurrence(s)]
DEBUG --> [REQ_ID=cf24acad9057] [REQUEST][START] GET /How-It-Works/Automated-Financial-Insights

[1 occurrence(s)]
DEBUG --> [REQ_ID=cf24acad9057] [FILTER_BEFORE] /How-It-Works/Automated-Financial-Insights

[1 occurrence(s)]
DEBUG --> [REQ_ID=cf24acad9057] [ROUTE] Controller=\App\Modules\Blog\Controllers\HowItWorksController Method=show

[1 occurrence(s)]
DEBUG --> [REQ_ID=cf24acad9057] [LIFECYCLE][START] GET https://www.mymiwallet.com/index.php/How-It-Works/Automated-Financial-Insights

[1 occurrence(s)]
DEBUG --> [CSRF] token name=csrf_test_name hash=3129580a7d5c06401323c42d3885e6a9

[1 occurrence(s)]
DEBUG --> [REQ_ID=bb1eada44a4f] [INIT] App\Modules\Blog\Controllers\HowItWorksController::GET

[1 occurrence(s)]
DEBUG --> [REQ_ID=bb1eada44a4f] [METHOD_ENTRY] show

[1 occurrence(s)]
DEBUG --> [REQ_ID=cf24acad9057] [FILTER_AFTER]

[1 occurrence(s)]
DEBUG --> [REQ_ID=cf24acad9057] [LIFECYCLE][END] status=301 duration_ms=102.50 memory_delta=0

[1 occurrence(s)]
DEBUG --> [REQ_ID=cf24acad9057] [REQUEST][END]

[1 occurrence(s)]
DEBUG --> [REQ_ID=1fe22e856d69] [REQUEST][START] GET /index.php/How-It-Works/financial-forecasting

[1 occurrence(s)]
DEBUG --> [REQ_ID=1fe22e856d69] [FILTER_BEFORE] /index.php/How-It-Works/financial-forecasting

[1 occurrence(s)]
DEBUG --> [REQ_ID=1fe22e856d69] [ROUTE] Controller=\App\Modules\Blog\Controllers\HowItWorksController Method=show

[1 occurrence(s)]
DEBUG --> [REQ_ID=1fe22e856d69] [LIFECYCLE][START] GET https://www.mymiwallet.com/index.php/How-It-Works/financial-forecasting

[1 occurrence(s)]
DEBUG --> [CSRF] token name=csrf_test_name hash=318cb76c41535939976b948862b87987

[1 occurrence(s)]
DEBUG --> [REQ_ID=ebb1d6f92aa3] [INIT] App\Modules\Blog\Controllers\HowItWorksController::GET

[1 occurrence(s)]
DEBUG --> [REQ_ID=ebb1d6f92aa3] [METHOD_ENTRY] show

[1 occurrence(s)]
DEBUG --> [MetaService] slug=how-it-works/financial-forecasting pageName= cacheHit=1 path=CACHE

[1 occurrence(s)]
DEBUG --> [REQ_ID=1fe22e856d69] [FILTER_AFTER]

[1 occurrence(s)]
DEBUG --> [REQ_ID=1fe22e856d69] [LIFECYCLE][END] status=200 duration_ms=656.35 memory_delta=4194304

[1 occurrence(s)]
DEBUG --> [REQ_ID=1fe22e856d69] [REQUEST][END]

[1 occurrence(s)]
DEBUG --> [REQ_ID=c466b6cea5d1] [REQUEST][START] GET /How-It-Works/Investment-Portfolio-Management

[1 occurrence(s)]
DEBUG --> [REQ_ID=c466b6cea5d1] [FILTER_BEFORE] /How-It-Works/Investment-Portfolio-Management

[1 occurrence(s)]
DEBUG --> [REQ_ID=c466b6cea5d1] [ROUTE] Controller=\App\Modules\Blog\Controllers\HowItWorksController Method=show

[1 occurrence(s)]
DEBUG --> [REQ_ID=c466b6cea5d1] [LIFECYCLE][START] GET https://www.mymiwallet.com/index.php/How-It-Works/Investment-Portfolio-Management

[1 occurrence(s)]
DEBUG --> [CSRF] token name=csrf_test_name hash=da29b78f1d364beffb53d4f50f4f0cdc

[1 occurrence(s)]
DEBUG --> [REQ_ID=3d304832c1b1] [INIT] App\Modules\Blog\Controllers\HowItWorksController::GET

[1 occurrence(s)]
DEBUG --> [REQ_ID=3d304832c1b1] [METHOD_ENTRY] show

[1 occurrence(s)]
DEBUG --> [REQ_ID=c466b6cea5d1] [FILTER_AFTER]

[1 occurrence(s)]
DEBUG --> [REQ_ID=c466b6cea5d1] [LIFECYCLE][END] status=200 duration_ms=714.11 memory_delta=2097152

[1 occurrence(s)]
DEBUG --> [REQ_ID=c466b6cea5d1] [REQUEST][END]

[1 occurrence(s)]
DEBUG --> [REQ_ID=f99f9f999ba4] [REQUEST][START] GET /health

[1 occurrence(s)]
DEBUG --> [REQ_ID=f99f9f999ba4] [REQUEST][END]

[1 occurrence(s)]
DEBUG --> [REQ_ID=42469dbc9017] [REQUEST][START] GET /index.php/Trade-Tracker

[1 occurrence(s)]
DEBUG --> [REQ_ID=42469dbc9017] [FILTER_BEFORE] /index.php/Trade-Tracker

[1 occurrence(s)]
DEBUG --> [REQ_ID=42469dbc9017] [ROUTE] Controller=\App\Modules\User\Controllers\InvestmentsController Method=tradeTracker

[1 occurrence(s)]
DEBUG --> [REQ_ID=42469dbc9017] [LIFECYCLE][START] GET https://www.mymiwallet.com/index.php/Trade-Tracker

[2 occurrence(s)]
DEBUG --> [CSRF] token name=csrf_test_name hash=734d34e16bdb7126f75a16999390fdb3

[1 occurrence(s)]
DEBUG --> [REQ_ID=42469dbc9017] [REQUEST][END]

[1 occurrence(s)]
DEBUG --> [REQ_ID=ef920f13ed36] [REQUEST][START] GET /index.php/login

[1 occurrence(s)]
DEBUG --> [REQ_ID=ef920f13ed36] [FILTER_BEFORE] /index.php/login

[1 occurrence(s)]
DEBUG --> [REQ_ID=ef920f13ed36] [ROUTE] Controller=\App\Controllers\AuthController Method=login

[1 occurrence(s)]
DEBUG --> [REQ_ID=ef920f13ed36] [LIFECYCLE][START] GET https://www.mymiwallet.com/index.php/login

[1 occurrence(s)]
DEBUG --> [REQ_ID=1d784934d45a] [INIT] App\Controllers\AuthController::GET

[1 occurrence(s)]
DEBUG --> [AUTH_LOGIN_VIEW_REDIRECT_URL] /Trade-Tracker

[1 occurrence(s)]
DEBUG --> [REQ_ID=ef920f13ed36] [FILTER_AFTER]

[1 occurrence(s)]
DEBUG --> [REQ_ID=ef920f13ed36] [LIFECYCLE][END] status=200 duration_ms=18,939.23 memory_delta=2097152

[1 occurrence(s)]
DEBUG --> [REQ_ID=ef920f13ed36] [REQUEST][END]

[1 occurrence(s)]
DEBUG --> [REQ_ID=431f15299593] [REQUEST][START] GET /

[1 occurrence(s)]
DEBUG --> [REQ_ID=928af8b46804] [REQUEST][START] GET /

[1 occurrence(s)]
DEBUG --> [REQ_ID=9862b055f79d] [REQUEST][START] GET /

[1 occurrence(s)]
DEBUG --> [REQ_ID=26c4825ddee9] [REQUEST][START] GET /

[1 occurrence(s)]
DEBUG --> [REQ_ID=9d592b797d9e] [REQUEST][START] GET /

[1 occurrence(s)]
DEBUG --> [REQ_ID=431f15299593] [FILTER_BEFORE] /

[1 occurrence(s)]
DEBUG --> [REQ_ID=431f15299593] [ROUTE] Controller=\App\Controllers\Home Method=index

[1 occurrence(s)]
DEBUG --> [REQ_ID=431f15299593] [LIFECYCLE][START] GET https://www.mymiwallet.com/index.php/

[1 occurrence(s)]
DEBUG --> [REQ_ID=764529ad271f] [REQUEST][START] GET /

[1 occurrence(s)]
DEBUG --> [REQ_ID=928af8b46804] [FILTER_BEFORE] /

[1 occurrence(s)]
DEBUG --> [REQ_ID=928af8b46804] [ROUTE] Controller=\App\Controllers\Home Method=index

[1 occurrence(s)]
DEBUG --> [REQ_ID=928af8b46804] [LIFECYCLE][START] GET https://www.mymiwallet.com/index.php/

[1 occurrence(s)]
DEBUG --> [CSRF] token name=csrf_test_name hash=7f592bf323094ceeeb01164728a7cb40

[1 occurrence(s)]
DEBUG --> [REQ_ID=4abb9db0ee37] [INIT] App\Controllers\Home::GET

[1 occurrence(s)]
DEBUG --> [REQ_ID=26c4825ddee9] [FILTER_BEFORE] /

[1 occurrence(s)]
DEBUG --> [REQ_ID=26c4825ddee9] [ROUTE] Controller=\App\Controllers\Home Method=index

[1 occurrence(s)]
DEBUG --> [REQ_ID=26c4825ddee9] [LIFECYCLE][START] GET https://www.mymiwallet.com/index.php/

[1 occurrence(s)]
DEBUG --> [CSRF] token name=csrf_test_name hash=778a5ad0e7944e6a870c4c93dd739485

[1 occurrence(s)]
DEBUG --> [REQ_ID=a5c2691a3d2f] [INIT] App\Controllers\Home::GET

[1 occurrence(s)]
DEBUG --> [REQ_ID=9d592b797d9e] [FILTER_BEFORE] /

[1 occurrence(s)]
DEBUG --> [REQ_ID=9d592b797d9e] [ROUTE] Controller=\App\Controllers\Home Method=index

[1 occurrence(s)]
DEBUG --> [REQ_ID=9d592b797d9e] [LIFECYCLE][START] GET https://www.mymiwallet.com/index.php/

[1 occurrence(s)]
DEBUG --> [REQ_ID=9862b055f79d] [FILTER_BEFORE] /

[1 occurrence(s)]
DEBUG --> [REQ_ID=9862b055f79d] [ROUTE] Controller=\App\Controllers\Home Method=index

[1 occurrence(s)]
DEBUG --> [REQ_ID=9862b055f79d] [LIFECYCLE][START] GET https://www.mymiwallet.com/index.php/

[1 occurrence(s)]
DEBUG --> [CSRF] token name=csrf_test_name hash=22beb89cf592fbaf83ce98a3c58ab7c2

[1 occurrence(s)]
DEBUG --> [REQ_ID=162900fe493c] [INIT] App\Controllers\Home::GET

[1 occurrence(s)]
DEBUG --> [CSRF] token name=csrf_test_name hash=93d1cfcb149e7872dde1f27ea037760f

[1 occurrence(s)]
DEBUG --> [REQ_ID=43e46c6c0e12] [INIT] App\Controllers\Home::GET

[1 occurrence(s)]
DEBUG --> [CSRF] token name=csrf_test_name hash=4aad3a4901cd503276a0c034a00acfaa

[1 occurrence(s)]
DEBUG --> [REQ_ID=b37c0be31718] [INIT] App\Controllers\Home::GET

[1 occurrence(s)]
DEBUG --> [REQ_ID=764529ad271f] [FILTER_BEFORE] /

[1 occurrence(s)]
DEBUG --> [REQ_ID=764529ad271f] [ROUTE] Controller=\App\Controllers\Home Method=index

[1 occurrence(s)]
DEBUG --> [REQ_ID=764529ad271f] [LIFECYCLE][START] GET https://www.mymiwallet.com/index.php/

[1 occurrence(s)]
DEBUG --> [CSRF] token name=csrf_test_name hash=99fbf501d4b267732fc574efcc2b5a06

[1 occurrence(s)]
DEBUG --> [REQ_ID=4acb048f8675] [INIT] App\Controllers\Home::GET

[1 occurrence(s)]
DEBUG --> [REQ_ID=162900fe493c] [VIEW_RENDER] themes/public/home

[1 occurrence(s)]
DEBUG --> [REQ_ID=a5c2691a3d2f] [VIEW_RENDER] themes/public/home

[1 occurrence(s)]
DEBUG --> [REQ_ID=26c4825ddee9] [FILTER_AFTER]

[1 occurrence(s)]
DEBUG --> [REQ_ID=26c4825ddee9] [LIFECYCLE][END] status=200 duration_ms=863.00 memory_delta=4194304

[1 occurrence(s)]
DEBUG --> [REQ_ID=928af8b46804] [FILTER_AFTER]

[1 occurrence(s)]
DEBUG --> [REQ_ID=928af8b46804] [LIFECYCLE][END] status=200 duration_ms=959.87 memory_delta=4194304

[1 occurrence(s)]
DEBUG --> [REQ_ID=26c4825ddee9] [REQUEST][END]

[1 occurrence(s)]
DEBUG --> [REQ_ID=4abb9db0ee37] [VIEW_RENDER] themes/public/home

[1 occurrence(s)]
DEBUG --> [REQ_ID=928af8b46804] [REQUEST][END]

[1 occurrence(s)]
DEBUG --> [REQ_ID=431f15299593] [FILTER_AFTER]

[1 occurrence(s)]
DEBUG --> [REQ_ID=431f15299593] [LIFECYCLE][END] status=200 duration_ms=1,101.01 memory_delta=4194304

[1 occurrence(s)]
DEBUG --> [REQ_ID=43e46c6c0e12] [VIEW_RENDER] themes/public/home

[1 occurrence(s)]
DEBUG --> [REQ_ID=431f15299593] [REQUEST][END]

[1 occurrence(s)]
DEBUG --> [REQ_ID=9862b055f79d] [FILTER_AFTER]

[1 occurrence(s)]
DEBUG --> [REQ_ID=9862b055f79d] [LIFECYCLE][END] status=200 duration_ms=883.14 memory_delta=4194304

[1 occurrence(s)]
DEBUG --> [REQ_ID=4acb048f8675] [VIEW_RENDER] themes/public/home

[1 occurrence(s)]
DEBUG --> [REQ_ID=764529ad271f] [FILTER_AFTER]

[1 occurrence(s)]
DEBUG --> [REQ_ID=764529ad271f] [LIFECYCLE][END] status=200 duration_ms=834.55 memory_delta=4194304

[1 occurrence(s)]
DEBUG --> [REQ_ID=9862b055f79d] [REQUEST][END]

[1 occurrence(s)]
DEBUG --> [REQ_ID=b37c0be31718] [VIEW_RENDER] themes/public/home

[1 occurrence(s)]
DEBUG --> [REQ_ID=764529ad271f] [REQUEST][END]

[1 occurrence(s)]
DEBUG --> [REQ_ID=9d592b797d9e] [FILTER_AFTER]

[1 occurrence(s)]
DEBUG --> [REQ_ID=9d592b797d9e] [LIFECYCLE][END] status=200 duration_ms=961.23 memory_delta=4194304

[1 occurrence(s)]
DEBUG --> [REQ_ID=9d592b797d9e] [REQUEST][END]

[1 occurrence(s)]
DEBUG --> [REQ_ID=ecd20a7d2ce8] [REQUEST][START] GET /How-It-Works/Purchase-MyMI-Gold

[1 occurrence(s)]
DEBUG --> [REQ_ID=ecd20a7d2ce8] [REQUEST][END]

[1 occurrence(s)]
DEBUG --> [REQ_ID=81da9dd760d9] [REQUEST][START] GET /index.php/API/Management/Run-CRON-Tasks

[1 occurrence(s)]
DEBUG --> [REQ_ID=81da9dd760d9] [FILTER_BEFORE] /index.php/API/Management/Run-CRON-Tasks

[1 occurrence(s)]
DEBUG --> [REQ_ID=81da9dd760d9] [ROUTE] Controller=\App\Modules\APIs\Controllers\ManagementAPIController Method=Run_CRON_Tasks

[1 occurrence(s)]
DEBUG --> [REQ_ID=81da9dd760d9] [LIFECYCLE][START] GET https://www.mymiwallet.com/index.php/API/Management/Run-CRON-Tasks

[1 occurrence(s)]
DEBUG --> [REQ_ID=81da9dd760d9] [REQUEST][END]


---------------------------
LEVEL: INFO
---------------------------

[1 occurrence(s)]
INFO --> [REQ_ID=ea39bcc40105] [PERF] Execution time=0.102284

[1 occurrence(s)]
INFO --> [REQ_ID=6c8d32542970] [PERF] Execution time=0.053703

[1 occurrence(s)]
INFO --> [REQ_ID=7feb7ac5f9d1] [MEMORY][controller-start] 6291456

[2 occurrence(s)]
INFO --> [REQ_ID=7feb7ac5f9d1] [MEMORY][commonData:start] 6291456

[28 occurrence(s)]
INFO --> themesMemory usage: 8388608

[1 occurrence(s)]
INFO --> [REQ_ID=7feb7ac5f9d1] [PERF] Execution time=6.490152

[1 occurrence(s)]
INFO --> [REQ_ID=99a99c9572f1] [PERF] Execution time=10.274458

[1 occurrence(s)]
INFO --> [REQ_ID=6ec2a4a194df] [MEMORY][controller-start] 4194304

[1 occurrence(s)]
INFO --> [REQ_ID=6ec2a4a194df] [MEMORY][commonData:start] 6291456

[1 occurrence(s)]
INFO --> [PERF][HOME] buildCommonData complete in 4803.28ms

[1 occurrence(s)]
INFO --> [PERF][HOME] index commonData done in 4805.16ms

[1 occurrence(s)]
INFO --> [REQ_ID=6ec2a4a194df] [MEMORY][commonData:start] 8388608

[1 occurrence(s)]
INFO --> [PERF][HOME] index renderTheme done in 3064.1ms

[1 occurrence(s)]
INFO --> [REQ_ID=6ec2a4a194df] [PERF] Execution time=10.866395

[1 occurrence(s)]
INFO --> [REQ_ID=fd07f0bf047f] [PERF] Execution time=11.665371

[1 occurrence(s)]
INFO --> [REQ_ID=cb000aada320] [MEMORY][controller-start] 6291456

[2 occurrence(s)]
INFO --> [REQ_ID=cb000aada320] [MEMORY][commonData:start] 6291456

[1 occurrence(s)]
INFO --> [REQ_ID=cb000aada320] [PERF] Execution time=0.317779

[1 occurrence(s)]
INFO --> [REQ_ID=2244603eff8f] [PERF] Execution time=0.465993

[1 occurrence(s)]
INFO --> [REQ_ID=d57f92271914] [PERF] Execution time=0.074044

[1 occurrence(s)]
INFO --> [REQ_ID=4f17762f371f] [PERF] Execution time=0.123764

[1 occurrence(s)]
INFO --> [REQ_ID=82bc25d32a85] [PERF] Execution time=0.083781

[1 occurrence(s)]
INFO --> [REQ_ID=9fbbc56a8cb6] [PERF] Execution time=0.062846

[1 occurrence(s)]
INFO --> [REQ_ID=cdd9ab0d72cf] [PERF] Execution time=0.067828

[1 occurrence(s)]
INFO --> [REQ_ID=b6fb74ac811f] [PERF] Execution time=0.015877

[1 occurrence(s)]
INFO --> [REQ_ID=ff052e066f83] [PERF] Execution time=0.157802

[1 occurrence(s)]
INFO --> [REQ_ID=80ccaf4519b2] [PERF] Execution time=0.348481

[1 occurrence(s)]
INFO --> [REQ_ID=13c91ff75e3b] [PERF] Execution time=0.094314

[1 occurrence(s)]
INFO --> [REQ_ID=dc80e7773523] [MEMORY][controller-start] 4194304

[1 occurrence(s)]
INFO --> [REQ_ID=dc80e7773523] [MEMORY][commonData:start] 6291456

[1 occurrence(s)]
INFO --> [PERF][HOME] buildCommonData complete in 537.82ms

[1 occurrence(s)]
INFO --> [REQ_ID=dc80e7773523] [MEMORY][commonData:start] 8388608

[1 occurrence(s)]
INFO --> [REQ_ID=dc80e7773523] [PERF] Execution time=0.725702

[1 occurrence(s)]
INFO --> [REQ_ID=0bb26e7f6dce] [PERF] Execution time=0.765415

[1 occurrence(s)]
INFO --> [REQ_ID=1cbd423145fd] [MEMORY][controller-start] 6291456

[1 occurrence(s)]
INFO --> [REQ_ID=1cbd423145fd] [MEMORY][commonData:start] 6291456

[1 occurrence(s)]
INFO --> [PERF][HOME] buildCommonData complete in 507.95ms

[1 occurrence(s)]
INFO --> [PERF][HOME] index commonData done in 508.38ms

[1 occurrence(s)]
INFO --> [REQ_ID=1cbd423145fd] [MEMORY][commonData:start] 8388608

[1 occurrence(s)]
INFO --> [PERF][HOME] index renderTheme done in 18.54ms

[1 occurrence(s)]
INFO --> [REQ_ID=1cbd423145fd] [PERF] Execution time=0.544730

[1 occurrence(s)]
INFO --> [REQ_ID=0d89cd648793] [PERF] Execution time=0.571045

[1 occurrence(s)]
INFO --> [REQ_ID=e6ff1574b31b] [PERF] Execution time=0.065818

[1 occurrence(s)]
INFO --> [REQ_ID=501a628116a5] [MEMORY][controller-start] 6291456

[1 occurrence(s)]
INFO --> [REQ_ID=501a628116a5] [MEMORY][commonData:start] 8388608

[1 occurrence(s)]
INFO --> [REQ_ID=501a628116a5] [PERF] Execution time=0.703930

[1 occurrence(s)]
INFO --> [REQ_ID=3bbfa5e3e449] [PERF] Execution time=0.786329

[1 occurrence(s)]
INFO --> [REQ_ID=9675f0ba1001] [PERF] Execution time=0.137745

[1 occurrence(s)]
INFO --> [REQ_ID=901028814203] [PERF] Execution time=0.152358

[1 occurrence(s)]
INFO --> [REQ_ID=ccafc2ec1246] [PERF] Execution time=0.027422

[1 occurrence(s)]
INFO --> [REQ_ID=2aa454c16b2f] [MEMORY][controller-start] 4194304

[14 occurrence(s)]
INFO --> [AUTH_VIEW] Rendering login view

[1 occurrence(s)]
INFO --> [REQ_ID=2aa454c16b2f] [PERF] Execution time=0.141653

[1 occurrence(s)]
INFO --> [REQ_ID=482e401ced2e] [PERF] Execution time=0.165139

[1 occurrence(s)]
INFO --> [REQ_ID=517a13f01693] [MEMORY][controller-start] 4194304

[1 occurrence(s)]
INFO --> [REQ_ID=517a13f01693] [MEMORY][commonData:start] 6291456

[1 occurrence(s)]
INFO --> [PERF][HOME] buildCommonData complete in 536.39ms

[1 occurrence(s)]
INFO --> [PERF][HOME] index commonData done in 536.79ms

[1 occurrence(s)]
INFO --> [REQ_ID=517a13f01693] [MEMORY][commonData:start] 8388608

[1 occurrence(s)]
INFO --> [PERF][HOME] index renderTheme done in 11.21ms

[1 occurrence(s)]
INFO --> [REQ_ID=517a13f01693] [PERF] Execution time=0.723920

[1 occurrence(s)]
INFO --> [REQ_ID=d15fb72391f6] [PERF] Execution time=0.739136

[1 occurrence(s)]
INFO --> [REQ_ID=42ae9329b73a] [MEMORY][controller-start] 6291456

[1 occurrence(s)]
INFO --> [REQ_ID=42ae9329b73a] [MEMORY][commonData:start] 6291456

[1 occurrence(s)]
INFO --> [PERF][HOME] buildCommonData complete in 573.69ms

[1 occurrence(s)]
INFO --> [PERF][HOME] index commonData done in 574.09ms

[1 occurrence(s)]
INFO --> [REQ_ID=42ae9329b73a] [MEMORY][commonData:start] 8388608

[1 occurrence(s)]
INFO --> [PERF][HOME] index renderTheme done in 11.5ms

[1 occurrence(s)]
INFO --> [REQ_ID=42ae9329b73a] [PERF] Execution time=0.695440

[1 occurrence(s)]
INFO --> [REQ_ID=4fa3d4541b84] [PERF] Execution time=0.711398

[1 occurrence(s)]
INFO --> [REQ_ID=24608c5048e0] [MEMORY][controller-start] 8388608

[2 occurrence(s)]
INFO --> [REQ_ID=24608c5048e0] [MEMORY][commonData:start] 8388608

[1 occurrence(s)]
INFO --> [PERF][HOME] buildCommonData complete in 505.82ms

[1 occurrence(s)]
INFO --> [PERF][HOME] index commonData done in 506.19ms

[1 occurrence(s)]
INFO --> [PERF][HOME] index renderTheme done in 3.04ms

[1 occurrence(s)]
INFO --> [REQ_ID=24608c5048e0] [PERF] Execution time=0.521529

[1 occurrence(s)]
INFO --> [REQ_ID=9116bc94edf8] [PERF] Execution time=0.541703

[1 occurrence(s)]
INFO --> [REQ_ID=9445c31f6052] [MEMORY][controller-start] 8388608

[1 occurrence(s)]
INFO --> [REQ_ID=9445c31f6052] [MEMORY][commonData:start] 8388608

[1 occurrence(s)]
INFO --> [REQ_ID=9445c31f6052] [PERF] Execution time=0.658631

[1 occurrence(s)]
INFO --> [REQ_ID=2528b5c6c32c] [PERF] Execution time=0.695327

[1 occurrence(s)]
INFO --> [REQ_ID=02f2ab1296d8] [MEMORY][controller-start] 8388608

[1 occurrence(s)]
INFO --> [REQ_ID=02f2ab1296d8] [MEMORY][commonData:start] 8388608

[1 occurrence(s)]
INFO --> [REQ_ID=02f2ab1296d8] [PERF] Execution time=0.048618

[1 occurrence(s)]
INFO --> [REQ_ID=2494ab10e78b] [MEMORY][controller-start] 6291456

[1 occurrence(s)]
INFO --> [REQ_ID=2494ab10e78b] [MEMORY][commonData:start] 6291456

[1 occurrence(s)]
INFO --> [REQ_ID=2494ab10e78b] [PERF] Execution time=0.029951

[1 occurrence(s)]
INFO --> [REQ_ID=0b4c42812640] [MEMORY][controller-start] 4194304

[1 occurrence(s)]
INFO --> [REQ_ID=0b4c42812640] [MEMORY][commonData:start] 4194304

[1 occurrence(s)]
INFO --> [REQ_ID=0b4c42812640] [PERF] Execution time=0.022913

[1 occurrence(s)]
INFO --> [REQ_ID=f94fa90ecc08] [PERF] Execution time=0.027463

[1 occurrence(s)]
INFO --> [REQ_ID=15475e39d0a6] [MEMORY][controller-start] 4194304

[1 occurrence(s)]
INFO --> [REQ_ID=15475e39d0a6] [PERF] Execution time=0.036780

[1 occurrence(s)]
INFO --> [REQ_ID=38cb42c0dcf7] [PERF] Execution time=0.052885

[1 occurrence(s)]
INFO --> [REQ_ID=8627d6cc80b4] [PERF] Execution time=0.053080

[1 occurrence(s)]
INFO --> [REQ_ID=8367fd3da7a5] [PERF] Execution time=0.020516

[1 occurrence(s)]
INFO --> [REQ_ID=dea808a440cc] [PERF] Execution time=0.058886

[1 occurrence(s)]
INFO --> [REQ_ID=6333c8515690] [PERF] Execution time=0.014005

[1 occurrence(s)]
INFO --> [REQ_ID=9975499aea59] [MEMORY][controller-start] 4194304

[1 occurrence(s)]
INFO --> [REQ_ID=9975499aea59] [PERF] Execution time=0.051959

[1 occurrence(s)]
INFO --> [REQ_ID=28dd90d9fb3e] [PERF] Execution time=0.067344

[1 occurrence(s)]
INFO --> [REQ_ID=c1727122ae84] [PERF] Execution time=0.041690

[1 occurrence(s)]
INFO --> [REQ_ID=adbfd86dd698] [MEMORY][controller-start] 4194304

[1 occurrence(s)]
INFO --> [REQ_ID=adbfd86dd698] [PERF] Execution time=0.042611

[1 occurrence(s)]
INFO --> [REQ_ID=251f4d421507] [PERF] Execution time=0.086471

[1 occurrence(s)]
INFO --> [REQ_ID=6e14e28c7526] [MEMORY][controller-start] 4194304

[1 occurrence(s)]
INFO --> [REQ_ID=6e14e28c7526] [MEMORY][commonData:start] 4194304

[1 occurrence(s)]
INFO --> [REQ_ID=6e14e28c7526] [PERF] Execution time=0.509985

[1 occurrence(s)]
INFO --> [REQ_ID=9cbf457e3da5] [PERF] Execution time=0.541005

[1 occurrence(s)]
INFO --> [REQ_ID=934cf28b0f28] [MEMORY][controller-start] 6291456

[1 occurrence(s)]
INFO --> [REQ_ID=934cf28b0f28] [MEMORY][commonData:start] 6291456

[1 occurrence(s)]
INFO --> [REQ_ID=934cf28b0f28] [PERF] Execution time=0.519461

[1 occurrence(s)]
INFO --> [REQ_ID=b312297f79e4] [PERF] Execution time=0.537685

[1 occurrence(s)]
INFO --> [REQ_ID=5da711608612] [MEMORY][controller-start] 6291456

[1 occurrence(s)]
INFO --> [REQ_ID=5da711608612] [MEMORY][commonData:start] 6291456

[1 occurrence(s)]
INFO --> [REQ_ID=5da711608612] [PERF] Execution time=0.585994

[1 occurrence(s)]
INFO --> [REQ_ID=c8d31376bc80] [PERF] Execution time=0.621683

[1 occurrence(s)]
INFO --> [REQ_ID=1fa338e45729] [MEMORY][controller-start] 6291456

[1 occurrence(s)]
INFO --> [REQ_ID=1fa338e45729] [MEMORY][commonData:start] 6291456

[1 occurrence(s)]
INFO --> [PERF][HOME] buildCommonData complete in 507.68ms

[1 occurrence(s)]
INFO --> [PERF][HOME] index commonData done in 508ms

[1 occurrence(s)]
INFO --> [REQ_ID=1fa338e45729] [MEMORY][commonData:start] 8388608

[1 occurrence(s)]
INFO --> [PERF][HOME] index renderTheme done in 5.64ms

[1 occurrence(s)]
INFO --> [REQ_ID=1fa338e45729] [PERF] Execution time=0.539056

[1 occurrence(s)]
INFO --> [REQ_ID=83eb4593e0c0] [PERF] Execution time=0.564881

[1 occurrence(s)]
INFO --> [REQ_ID=6ea975701c49] [MEMORY][controller-start] 8388608

[2 occurrence(s)]
INFO --> [REQ_ID=6ea975701c49] [MEMORY][commonData:start] 8388608

[1 occurrence(s)]
INFO --> [PERF][HOME] buildCommonData complete in 507.92ms

[1 occurrence(s)]
INFO --> [PERF][HOME] index commonData done in 508.25ms

[1 occurrence(s)]
INFO --> [PERF][HOME] index renderTheme done in 2.87ms

[1 occurrence(s)]
INFO --> [REQ_ID=6ea975701c49] [PERF] Execution time=0.530929

[1 occurrence(s)]
INFO --> [REQ_ID=be02063302a7] [PERF] Execution time=0.600457

[1 occurrence(s)]
INFO --> [REQ_ID=a80a1a8a8a5c] [MEMORY][controller-start] 8388608

[1 occurrence(s)]
INFO --> [REQ_ID=a80a1a8a8a5c] [MEMORY][commonData:start] 8388608

[1 occurrence(s)]
INFO --> [REQ_ID=a80a1a8a8a5c] [PERF] Execution time=0.536308

[1 occurrence(s)]
INFO --> [REQ_ID=f306f330d04b] [PERF] Execution time=0.579298

[1 occurrence(s)]
INFO --> [REQ_ID=59d0f0970b27] [MEMORY][controller-start] 8388608

[1 occurrence(s)]
INFO --> [REQ_ID=59d0f0970b27] [MEMORY][commonData:start] 8388608

[1 occurrence(s)]
INFO --> [REQ_ID=59d0f0970b27] [PERF] Execution time=0.051588

[1 occurrence(s)]
INFO --> [REQ_ID=3617fb6a0d7c] [MEMORY][controller-start] 6291456

[1 occurrence(s)]
INFO --> [REQ_ID=3617fb6a0d7c] [MEMORY][commonData:start] 6291456

[1 occurrence(s)]
INFO --> [REQ_ID=3617fb6a0d7c] [PERF] Execution time=0.043371

[1 occurrence(s)]
INFO --> [REQ_ID=ba7505aab9f9] [MEMORY][controller-start] 4194304

[1 occurrence(s)]
INFO --> [REQ_ID=ba7505aab9f9] [MEMORY][commonData:start] 4194304

[1 occurrence(s)]
INFO --> [REQ_ID=ba7505aab9f9] [PERF] Execution time=0.041829

[1 occurrence(s)]
INFO --> [REQ_ID=8c6c6dc55ca3] [MEMORY][controller-start] 4194304

[1 occurrence(s)]
INFO --> [REQ_ID=8c6c6dc55ca3] [PERF] Execution time=0.035841

[1 occurrence(s)]
INFO --> [REQ_ID=cf6757d6bead] [PERF] Execution time=0.050006

[1 occurrence(s)]
INFO --> [REQ_ID=1743e52048e5] [PERF] Execution time=0.025823

[1 occurrence(s)]
INFO --> [REQ_ID=a79181c1571a] [PERF] Execution time=0.156537

[1 occurrence(s)]
INFO --> [REQ_ID=2583275c7636] [MEMORY][controller-start] 4194304

[1 occurrence(s)]
INFO --> [REQ_ID=2583275c7636] [MEMORY][commonData:start] 4194304

[1 occurrence(s)]
INFO --> [REQ_ID=2583275c7636] [PERF] Execution time=0.614590

[1 occurrence(s)]
INFO --> [REQ_ID=d65598ea48bc] [PERF] Execution time=0.667198

[1 occurrence(s)]
INFO --> [REQ_ID=af3fea64277e] [MEMORY][controller-start] 6291456

[1 occurrence(s)]
INFO --> [REQ_ID=af3fea64277e] [MEMORY][commonData:start] 6291456

[1 occurrence(s)]
INFO --> [REQ_ID=af3fea64277e] [PERF] Execution time=0.528722

[1 occurrence(s)]
INFO --> [REQ_ID=a8bec8f04538] [PERF] Execution time=0.595289

[1 occurrence(s)]
INFO --> [REQ_ID=eb8415d45121] [MEMORY][controller-start] 6291456

[1 occurrence(s)]
INFO --> [REQ_ID=eb8415d45121] [MEMORY][commonData:start] 6291456

[1 occurrence(s)]
INFO --> [REQ_ID=eb8415d45121] [PERF] Execution time=0.538289

[1 occurrence(s)]
INFO --> [REQ_ID=356e293f1ae7] [PERF] Execution time=0.587922

[1 occurrence(s)]
INFO --> [REQ_ID=d0a3d977208c] [MEMORY][controller-start] 6291456

[1 occurrence(s)]
INFO --> [REQ_ID=d0a3d977208c] [MEMORY][commonData:start] 8388608

[1 occurrence(s)]
INFO --> [PERF][HOME] buildCommonData complete in 548.29ms

[1 occurrence(s)]
INFO --> [PERF][HOME] index commonData done in 548.77ms

[1 occurrence(s)]
INFO --> [REQ_ID=d0a3d977208c] [MEMORY][commonData:start] 10485760

[14 occurrence(s)]
INFO --> themesMemory usage: 10485760

[1 occurrence(s)]
INFO --> [PERF][HOME] index renderTheme done in 45.94ms

[1 occurrence(s)]
INFO --> [REQ_ID=d0a3d977208c] [PERF] Execution time=0.902754

[1 occurrence(s)]
INFO --> [REQ_ID=07fca163a61d] [PERF] Execution time=1.183164

[1 occurrence(s)]
INFO --> [REQ_ID=de651d078ce6] [PERF] Execution time=0.661588

[1 occurrence(s)]
INFO --> [REQ_ID=b8cbd2109dc6] [PERF] Execution time=0.058396

[1 occurrence(s)]
INFO --> REDIRECTED ROUTE at https://www.mymiwallet.com/Features/Brokerage-Integrations

[1 occurrence(s)]
INFO --> [REQ_ID=8f2a70b90762] [PERF] Execution time=0.069856

[1 occurrence(s)]
INFO --> [REQ_ID=0323e22788a1] [PERF] Execution time=0.049089

[1 occurrence(s)]
INFO --> [REQ_ID=eb31738b0469] [MEMORY][controller-start] 4194304

[1 occurrence(s)]
INFO --> [REQ_ID=eb31738b0469] [PERF] Execution time=0.080173

[1 occurrence(s)]
INFO --> [REQ_ID=ab39c3d7e233] [PERF] Execution time=0.100754

[1 occurrence(s)]
INFO --> [REQ_ID=a1598cb4fa26] [PERF] Execution time=0.340596

[1 occurrence(s)]
INFO --> [REQ_ID=4c7a5cc35ced] [PERF] Execution time=0.070355

[1 occurrence(s)]
INFO --> [REQ_ID=7a5a77f21579] [PERF] Execution time=0.081235

[1 occurrence(s)]
INFO --> [REQ_ID=047aac92faa3] [PERF] Execution time=0.286233

[1 occurrence(s)]
INFO --> [REQ_ID=c1bc365b8049] [PERF] Execution time=0.180635

[1 occurrence(s)]
INFO --> [REQ_ID=cb5dc14496d9] [PERF] Execution time=0.390834

[1 occurrence(s)]
INFO --> [REQ_ID=14531ccce49f] [PERF] Execution time=0.420921

[1 occurrence(s)]
INFO --> [REQ_ID=10da3d8ca955] [PERF] Execution time=0.072831

[1 occurrence(s)]
INFO --> [REQ_ID=75a90010cb91] [PERF] Execution time=0.078651

[1 occurrence(s)]
INFO --> [REQ_ID=f7fa5df03c3f] [PERF] Execution time=0.069105

[1 occurrence(s)]
INFO --> [REQ_ID=31611a1b0f40] [PERF] Execution time=0.070698

[1 occurrence(s)]
INFO --> [REQ_ID=0dcdacd48f5e] [PERF] Execution time=0.077098

[1 occurrence(s)]
INFO --> [REQ_ID=eaed685603f8] [PERF] Execution time=0.309920

[1 occurrence(s)]
INFO --> [REQ_ID=080c19960d56] [PERF] Execution time=0.325432

[1 occurrence(s)]
INFO --> [REQ_ID=de2f5911202f] [PERF] Execution time=0.199069

[1 occurrence(s)]
INFO --> [REQ_ID=d8cc61570b9c] [PERF] Execution time=0.257562

[1 occurrence(s)]
INFO --> [REQ_ID=01558bf72c3e] [PERF] Execution time=0.270055

[1 occurrence(s)]
INFO --> [REQ_ID=9924290f6be3] [PERF] Execution time=0.331427

[1 occurrence(s)]
INFO --> [REQ_ID=9a9a2583b6d4] [PERF] Execution time=0.290380

[1 occurrence(s)]
INFO --> [REQ_ID=e131b5b2a50e] [MEMORY][controller-start] 4194304

[1 occurrence(s)]
INFO --> [REQ_ID=e131b5b2a50e] [MEMORY][commonData:start] 6291456

[1 occurrence(s)]
INFO --> [PERF][HOME] buildCommonData complete in 154858.41ms

[1 occurrence(s)]
INFO --> [PERF][HOME] index commonData done in 154858.86ms

[1 occurrence(s)]
INFO --> [REQ_ID=e131b5b2a50e] [MEMORY][commonData:start] 8388608

[1 occurrence(s)]
INFO --> [PERF][HOME] index renderTheme done in 115.8ms

[1 occurrence(s)]
INFO --> [REQ_ID=e131b5b2a50e] [PERF] Execution time=226.774365

[1 occurrence(s)]
INFO --> [REQ_ID=f5c6580c3319] [PERF] Execution time=227.163398

[1 occurrence(s)]
INFO --> [REQ_ID=46dabb0cf7ba] [PERF] Execution time=0.517715

[1 occurrence(s)]
INFO --> [REQ_ID=657fbdcfeac2] [PERF] Execution time=0.623285

[1 occurrence(s)]
INFO --> [REQ_ID=cd301017a602] [PERF] Execution time=0.613011

[1 occurrence(s)]
INFO --> [REQ_ID=577c55137bc1] [PERF] Execution time=0.618533

[1 occurrence(s)]
INFO --> [REQ_ID=235ee9767ed3] [PERF] Execution time=0.526008

[1 occurrence(s)]
INFO --> [REQ_ID=29d0bcfeb4d2] [PERF] Execution time=0.520974

[1 occurrence(s)]
INFO --> [REQ_ID=2ed01b8942f7] [PERF] Execution time=0.539315

[1 occurrence(s)]
INFO --> [REQ_ID=39e3661f58a4] [MEMORY][controller-start] 6291456

[1 occurrence(s)]
INFO --> [REQ_ID=9253c8e52414] [PERF] Execution time=0.325778

[1 occurrence(s)]
INFO --> [REQ_ID=39e3661f58a4] [MEMORY][commonData:start] 8388608

[1 occurrence(s)]
INFO --> [PERF][HOME] buildCommonData complete in 513.25ms

[1 occurrence(s)]
INFO --> [PERF][HOME] index commonData done in 513.7ms

[1 occurrence(s)]
INFO --> [REQ_ID=39e3661f58a4] [MEMORY][commonData:start] 10485760

[1 occurrence(s)]
INFO --> [PERF][HOME] index renderTheme done in 16.99ms

[1 occurrence(s)]
INFO --> [REQ_ID=39e3661f58a4] [PERF] Execution time=0.663441

[1 occurrence(s)]
INFO --> [REQ_ID=d74d083ba6bf] [PERF] Execution time=0.967674

[1 occurrence(s)]
INFO --> [REQ_ID=6bdddb616b23] [PERF] Execution time=0.217792

[1 occurrence(s)]
INFO --> [REQ_ID=f3986e6e04c7] [PERF] Execution time=0.022539

[1 occurrence(s)]
INFO --> [REQ_ID=a531edff279c] [PERF] Execution time=0.172590

[1 occurrence(s)]
INFO --> [REQ_ID=dc3eaf158a8f] [PERF] Execution time=0.031460

[1 occurrence(s)]
INFO --> [REQ_ID=2d564124f74f] [MEMORY][controller-start] 4194304

[1 occurrence(s)]
INFO --> [REQ_ID=2d564124f74f] [MEMORY][commonData:start] 6291456

[1 occurrence(s)]
INFO --> [PERF][HOME] buildCommonData complete in 550.69ms

[1 occurrence(s)]
INFO --> [PERF][HOME] index commonData done in 551.12ms

[1 occurrence(s)]
INFO --> [REQ_ID=2d564124f74f] [MEMORY][commonData:start] 8388608

[1 occurrence(s)]
INFO --> [PERF][HOME] index renderTheme done in 13.44ms

[1 occurrence(s)]
INFO --> [REQ_ID=2d564124f74f] [PERF] Execution time=0.635873

[1 occurrence(s)]
INFO --> [REQ_ID=47ec3dbdd360] [PERF] Execution time=0.654633

[1 occurrence(s)]
INFO --> [REQ_ID=b1a4aa605e1e] [PERF] Execution time=0.171264

[1 occurrence(s)]
INFO --> [REQ_ID=b499a28a4bb7] [PERF] Execution time=0.057564

[1 occurrence(s)]
INFO --> [REQ_ID=f7428a4220b5] [PERF] Execution time=0.083570

[1 occurrence(s)]
INFO --> [REQ_ID=ebd147fa56bf] [MEMORY][controller-start] 4194304

[1 occurrence(s)]
INFO --> [REQ_ID=ebd147fa56bf] [MEMORY][commonData:start] 6291456

[1 occurrence(s)]
INFO --> [PERF][HOME] buildCommonData complete in 575.36ms

[1 occurrence(s)]
INFO --> [PERF][HOME] index commonData done in 575.72ms

[1 occurrence(s)]
INFO --> [REQ_ID=ebd147fa56bf] [MEMORY][commonData:start] 8388608

[1 occurrence(s)]
INFO --> [PERF][HOME] index renderTheme done in 16.29ms

[1 occurrence(s)]
INFO --> [REQ_ID=ebd147fa56bf] [PERF] Execution time=0.826091

[1 occurrence(s)]
INFO --> [REQ_ID=fbc932ce45f5] [PERF] Execution time=0.851484

[1 occurrence(s)]
INFO --> [REQ_ID=392237cea24e] [MEMORY][controller-start] 6291456

[1 occurrence(s)]
INFO --> [REQ_ID=392237cea24e] [MEMORY][commonData:start] 8388608

[1 occurrence(s)]
INFO --> [PERF][HOME] buildCommonData complete in 545.68ms

[1 occurrence(s)]
INFO --> [PERF][HOME] index commonData done in 546.19ms

[1 occurrence(s)]
INFO --> [REQ_ID=392237cea24e] [MEMORY][commonData:start] 10485760

[2 occurrence(s)]
INFO --> [PERF][HOME] index renderTheme done in 14.78ms

[1 occurrence(s)]
INFO --> [REQ_ID=392237cea24e] [PERF] Execution time=0.654496

[1 occurrence(s)]
INFO --> [REQ_ID=1cfef5458722] [PERF] Execution time=0.773936

[1 occurrence(s)]
INFO --> [REQ_ID=f4d2832093ec] [MEMORY][controller-start] 6291456

[1 occurrence(s)]
INFO --> [REQ_ID=f4d2832093ec] [MEMORY][commonData:start] 8388608

[1 occurrence(s)]
INFO --> [PERF][HOME] buildCommonData complete in 530.98ms

[1 occurrence(s)]
INFO --> [PERF][HOME] index commonData done in 531.61ms

[1 occurrence(s)]
INFO --> [REQ_ID=f4d2832093ec] [MEMORY][commonData:start] 10485760

[1 occurrence(s)]
INFO --> [PERF][HOME] index renderTheme done in 13.02ms

[1 occurrence(s)]
INFO --> [REQ_ID=f4d2832093ec] [PERF] Execution time=0.628656

[1 occurrence(s)]
INFO --> [REQ_ID=108f1fb8e49f] [PERF] Execution time=0.702186

[1 occurrence(s)]
INFO --> [REQ_ID=48ac186bfdb9] [MEMORY][controller-start] 6291456

[1 occurrence(s)]
INFO --> [REQ_ID=48ac186bfdb9] [MEMORY][commonData:start] 6291456

[1 occurrence(s)]
INFO --> [REQ_ID=48ac186bfdb9] [PERF] Execution time=0.720078

[1 occurrence(s)]
INFO --> [REQ_ID=a2956050450e] [PERF] Execution time=0.756630

[1 occurrence(s)]
INFO --> [REQ_ID=2fabb1ff9d1c] [MEMORY][controller-start] 6291456

[1 occurrence(s)]
INFO --> [REQ_ID=2fabb1ff9d1c] [PERF] Execution time=0.018706

[1 occurrence(s)]
INFO --> [REQ_ID=a818e2ba3609] [PERF] Execution time=0.032359

[1 occurrence(s)]
INFO --> [REQ_ID=2fbd4ba0fbce] [MEMORY][controller-start] 4194304

[1 occurrence(s)]
INFO --> [REQ_ID=2fbd4ba0fbce] [MEMORY][commonData:start] 4194304

[1 occurrence(s)]
INFO --> [REQ_ID=2fbd4ba0fbce] [PERF] Execution time=0.566235

[1 occurrence(s)]
INFO --> [REQ_ID=d1f8ee166bcc] [PERF] Execution time=0.579104

[1 occurrence(s)]
INFO --> [REQ_ID=f1111ee35482] [MEMORY][controller-start] 6291456

[1 occurrence(s)]
INFO --> [REQ_ID=f1111ee35482] [MEMORY][commonData:start] 6291456

[1 occurrence(s)]
INFO --> [REQ_ID=f1111ee35482] [PERF] Execution time=0.534586

[1 occurrence(s)]
INFO --> [REQ_ID=00609b69008e] [PERF] Execution time=0.548325

[1 occurrence(s)]
INFO --> [REQ_ID=1c020943284c] [PERF] Execution time=0.170015

[1 occurrence(s)]
INFO --> [REQ_ID=6e116781eabe] [MEMORY][controller-start] 6291456

[1 occurrence(s)]
INFO --> [REQ_ID=6e116781eabe] [MEMORY][commonData:start] 8388608

[1 occurrence(s)]
INFO --> [PERF][HOME] buildCommonData complete in 594.62ms

[1 occurrence(s)]
INFO --> [PERF][HOME] index commonData done in 595.09ms

[1 occurrence(s)]
INFO --> [REQ_ID=6e116781eabe] [MEMORY][commonData:start] 10485760

[1 occurrence(s)]
INFO --> [PERF][HOME] index renderTheme done in 38.35ms

[1 occurrence(s)]
INFO --> [REQ_ID=6e116781eabe] [PERF] Execution time=0.827919

[1 occurrence(s)]
INFO --> [REQ_ID=123e55d82699] [PERF] Execution time=1.125940

[1 occurrence(s)]
INFO --> [REQ_ID=662622164e18] [PERF] Execution time=0.118695

[1 occurrence(s)]
INFO --> [REQ_ID=59a5834c662e] [PERF] Execution time=0.108817

[1 occurrence(s)]
INFO --> [REQ_ID=0b343682b78b] [MEMORY][controller-start] 4194304

[1 occurrence(s)]
INFO --> [REQ_ID=0b343682b78b] [MEMORY][commonData:start] 6291456

[1 occurrence(s)]
INFO --> [REQ_ID=0b343682b78b] [PERF] Execution time=0.815447

[1 occurrence(s)]
INFO --> [REQ_ID=e9d67ed752ff] [PERF] Execution time=0.848090

[1 occurrence(s)]
INFO --> [REQ_ID=d1d46852fdef] [PERF] Execution time=0.178197

[1 occurrence(s)]
INFO --> [REQ_ID=3637dc436fa3] [MEMORY][controller-start] 6291456

[1 occurrence(s)]
INFO --> [REQ_ID=3637dc436fa3] [MEMORY][commonData:start] 8388608

[1 occurrence(s)]
INFO --> [PERF][HOME] buildCommonData complete in 654.51ms

[1 occurrence(s)]
INFO --> [PERF][HOME] index commonData done in 654.98ms

[1 occurrence(s)]
INFO --> [REQ_ID=3637dc436fa3] [MEMORY][commonData:start] 10485760

[1 occurrence(s)]
INFO --> [PERF][HOME] index renderTheme done in 78.5ms

[1 occurrence(s)]
INFO --> [REQ_ID=3637dc436fa3] [PERF] Execution time=1.308998

[1 occurrence(s)]
INFO --> [REQ_ID=4d28a912b08b] [PERF] Execution time=1.511264

[1 occurrence(s)]
INFO --> [REQ_ID=6aef59013c91] [PERF] Execution time=0.152623

[1 occurrence(s)]
INFO --> [REQ_ID=a7147ad1aa71] [PERF] Execution time=0.122724

[1 occurrence(s)]
INFO --> [REQ_ID=bae2d267a7ef] [PERF] Execution time=0.103962

[1 occurrence(s)]
INFO --> [REQ_ID=2fea3aa23287] [PERF] Execution time=0.155478

[1 occurrence(s)]
INFO --> [REQ_ID=5fbf9c8423cc] [PERF] Execution time=0.105253

[1 occurrence(s)]
INFO --> [REQ_ID=e28bfe805421] [PERF] Execution time=0.087752

[1 occurrence(s)]
INFO --> [REQ_ID=ddaae751240a] [PERF] Execution time=0.081269

[1 occurrence(s)]
INFO --> [REQ_ID=d3975f546b78] [PERF] Execution time=0.078597

[1 occurrence(s)]
INFO --> [REQ_ID=7d843a5f53cf] [PERF] Execution time=0.119313

[1 occurrence(s)]
INFO --> [REQ_ID=52152802dbff] [PERF] Execution time=0.135903

[1 occurrence(s)]
INFO --> [REQ_ID=9daa52e5db26] [PERF] Execution time=0.033773

[1 occurrence(s)]
INFO --> [REQ_ID=ed077802a8be] [PERF] Execution time=0.067445

[1 occurrence(s)]
INFO --> [REQ_ID=222eec9c6fe1] [PERF] Execution time=0.088518

[1 occurrence(s)]
INFO --> [REQ_ID=297aa0b625e8] [PERF] Execution time=0.041620

[1 occurrence(s)]
INFO --> [REQ_ID=2c80e26a9ea9] [PERF] Execution time=0.037163

[1 occurrence(s)]
INFO --> [REQ_ID=57a75ae2e65f] [PERF] Execution time=0.033227

[1 occurrence(s)]
INFO --> [REQ_ID=2428cd8f6c64] [PERF] Execution time=0.030555

[1 occurrence(s)]
INFO --> [REQ_ID=12b254eff5c7] [PERF] Execution time=0.034606

[1 occurrence(s)]
INFO --> [REQ_ID=0afcac798d51] [PERF] Execution time=0.027952

[1 occurrence(s)]
INFO --> [REQ_ID=635931bc3341] [PERF] Execution time=0.027602

[1 occurrence(s)]
INFO --> [REQ_ID=67da3cd5afd0] [PERF] Execution time=0.032976

[1 occurrence(s)]
INFO --> [REQ_ID=8d83f1b03f5e] [PERF] Execution time=0.032494

[1 occurrence(s)]
INFO --> [REQ_ID=ab1690518abd] [PERF] Execution time=0.040274

[1 occurrence(s)]
INFO --> [REQ_ID=00f283bc481f] [PERF] Execution time=0.038450

[1 occurrence(s)]
INFO --> [REQ_ID=029c0a852747] [PERF] Execution time=0.031836

[1 occurrence(s)]
INFO --> [REQ_ID=c531c0632b47] [PERF] Execution time=0.031684

[1 occurrence(s)]
INFO --> [REQ_ID=2e496f1bded0] [PERF] Execution time=0.016426

[1 occurrence(s)]
INFO --> [REQ_ID=aee0978fbd4d] [PERF] Execution time=0.018262

[1 occurrence(s)]
INFO --> [REQ_ID=a0a44c5f04ff] [PERF] Execution time=0.015957

[1 occurrence(s)]
INFO --> [REQ_ID=1f63641f8a6d] [PERF] Execution time=0.016300

[1 occurrence(s)]
INFO --> [REQ_ID=a3f15324c929] [PERF] Execution time=0.021725

[1 occurrence(s)]
INFO --> [REQ_ID=840968ea1f37] [PERF] Execution time=0.016246

[1 occurrence(s)]
INFO --> [REQ_ID=2e734c7e5ec9] [PERF] Execution time=0.023332

[1 occurrence(s)]
INFO --> [REQ_ID=518f35db7526] [PERF] Execution time=0.015820

[1 occurrence(s)]
INFO --> [REQ_ID=a9974927d3f6] [PERF] Execution time=0.032515

[1 occurrence(s)]
INFO --> [REQ_ID=7d9dac0636c4] [PERF] Execution time=0.028060

[1 occurrence(s)]
INFO --> [REQ_ID=60821483d986] [PERF] Execution time=0.016937

[1 occurrence(s)]
INFO --> [REQ_ID=f3679a215688] [PERF] Execution time=0.019472

[1 occurrence(s)]
INFO --> [REQ_ID=65040ed2b5bd] [PERF] Execution time=0.032476

[1 occurrence(s)]
INFO --> [REQ_ID=6bf4a4e66e49] [PERF] Execution time=0.020002

[1 occurrence(s)]
INFO --> [REQ_ID=e3e29ae54521] [PERF] Execution time=0.016540

[1 occurrence(s)]
INFO --> [REQ_ID=bd9877ccdcac] [PERF] Execution time=0.017344

[1 occurrence(s)]
INFO --> [REQ_ID=195586293443] [PERF] Execution time=0.015826

[1 occurrence(s)]
INFO --> [REQ_ID=183ba47be3cc] [PERF] Execution time=0.022215

[1 occurrence(s)]
INFO --> [REQ_ID=4a5e98dfff32] [PERF] Execution time=0.020654

[1 occurrence(s)]
INFO --> [REQ_ID=63ea6e045417] [PERF] Execution time=0.033203

[1 occurrence(s)]
INFO --> [REQ_ID=5cd09a385712] [PERF] Execution time=0.045805

[1 occurrence(s)]
INFO --> [REQ_ID=b5020c86138b] [PERF] Execution time=0.048399

[1 occurrence(s)]
INFO --> [REQ_ID=a88438395168] [PERF] Execution time=0.105179

[1 occurrence(s)]
INFO --> [REQ_ID=88d054d026b2] [PERF] Execution time=0.085062

[1 occurrence(s)]
INFO --> [REQ_ID=fd2f78333b27] [PERF] Execution time=0.068077

[1 occurrence(s)]
INFO --> [REQ_ID=a06a0b9b3bc9] [PERF] Execution time=0.110178

[1 occurrence(s)]
INFO --> [REQ_ID=c34cc410363f] [PERF] Execution time=0.110458

[1 occurrence(s)]
INFO --> [REQ_ID=cc1c2bf5c30a] [PERF] Execution time=0.078339

[1 occurrence(s)]
INFO --> [REQ_ID=ea447467bd97] [PERF] Execution time=0.065175

[1 occurrence(s)]
INFO --> [REQ_ID=fa0379d92146] [PERF] Execution time=0.135255

[1 occurrence(s)]
INFO --> [REQ_ID=c814268b684e] [PERF] Execution time=0.093687

[1 occurrence(s)]
INFO --> [REQ_ID=e7c34ed45d67] [PERF] Execution time=0.035876

[1 occurrence(s)]
INFO --> [REQ_ID=18589c15a39b] [PERF] Execution time=0.022822

[1 occurrence(s)]
INFO --> [REQ_ID=d88105b1b654] [PERF] Execution time=0.015643

[1 occurrence(s)]
INFO --> [REQ_ID=bb27dbde9505] [PERF] Execution time=0.017104

[1 occurrence(s)]
INFO --> [REQ_ID=532266a0978e] [PERF] Execution time=0.016604

[1 occurrence(s)]
INFO --> [REQ_ID=75ed142dc026] [PERF] Execution time=0.019129

[1 occurrence(s)]
INFO --> [REQ_ID=bbf91a0ebd4f] [PERF] Execution time=0.020780

[1 occurrence(s)]
INFO --> [REQ_ID=fd71faeb2880] [PERF] Execution time=0.022143

[1 occurrence(s)]
INFO --> [REQ_ID=66d33d9ed214] [PERF] Execution time=0.029946

[1 occurrence(s)]
INFO --> [REQ_ID=b0ed3e4292dd] [PERF] Execution time=0.031818

[1 occurrence(s)]
INFO --> [REQ_ID=e8ede0468710] [PERF] Execution time=0.027924

[1 occurrence(s)]
INFO --> [REQ_ID=5ab0a443806e] [PERF] Execution time=0.032746

[1 occurrence(s)]
INFO --> [REQ_ID=d8f4c135425f] [PERF] Execution time=0.031036

[1 occurrence(s)]
INFO --> [REQ_ID=9336cefb3170] [PERF] Execution time=0.025536

[1 occurrence(s)]
INFO --> [REQ_ID=cdffbb340a9a] [PERF] Execution time=0.033179

[1 occurrence(s)]
INFO --> [REQ_ID=a9904a3e1fe6] [PERF] Execution time=0.031392

[1 occurrence(s)]
INFO --> [REQ_ID=70ad528154d5] [PERF] Execution time=0.029305

[1 occurrence(s)]
INFO --> [REQ_ID=7dcc4ce04f7d] [PERF] Execution time=0.031105

[1 occurrence(s)]
INFO --> [REQ_ID=9cd9294c3b5d] [PERF] Execution time=0.024931

[1 occurrence(s)]
INFO --> [REQ_ID=d7788293f791] [PERF] Execution time=0.023744

[1 occurrence(s)]
INFO --> [REQ_ID=c9614135ae43] [PERF] Execution time=0.016913

[1 occurrence(s)]
INFO --> [REQ_ID=608e6b820d66] [PERF] Execution time=0.033491

[1 occurrence(s)]
INFO --> [REQ_ID=076accbbee63] [PERF] Execution time=0.016007

[1 occurrence(s)]
INFO --> [REQ_ID=734d5950cc13] [PERF] Execution time=0.016586

[1 occurrence(s)]
INFO --> [REQ_ID=072f6d7f8eb9] [PERF] Execution time=0.016165

[1 occurrence(s)]
INFO --> [REQ_ID=666eeb6b72f6] [PERF] Execution time=0.017672

[1 occurrence(s)]
INFO --> [REQ_ID=f8e8b8ba0fba] [PERF] Execution time=0.030978

[1 occurrence(s)]
INFO --> [REQ_ID=7483c2450e40] [PERF] Execution time=0.042469

[1 occurrence(s)]
INFO --> [REQ_ID=5f960df7a21b] [PERF] Execution time=0.038460

[1 occurrence(s)]
INFO --> [REQ_ID=d0755d718172] [PERF] Execution time=0.032660

[1 occurrence(s)]
INFO --> [REQ_ID=6e86342af04a] [PERF] Execution time=0.025551

[1 occurrence(s)]
INFO --> [REQ_ID=e20e6dcac845] [PERF] Execution time=0.022982

[1 occurrence(s)]
INFO --> [REQ_ID=8a3536f94b97] [PERF] Execution time=0.027887

[1 occurrence(s)]
INFO --> [REQ_ID=0153335962a5] [PERF] Execution time=0.034914

[1 occurrence(s)]
INFO --> [REQ_ID=dc1a920a421a] [PERF] Execution time=0.057898

[1 occurrence(s)]
INFO --> [REQ_ID=52c470149525] [PERF] Execution time=0.117463

[1 occurrence(s)]
INFO --> [REQ_ID=3563a8b79924] [PERF] Execution time=0.083504

[1 occurrence(s)]
INFO --> [REQ_ID=18a1eed4ee18] [PERF] Execution time=0.112193

[1 occurrence(s)]
INFO --> [REQ_ID=565806b0c561] [PERF] Execution time=0.194711

[1 occurrence(s)]
INFO --> [REQ_ID=20a4cb40ed97] [PERF] Execution time=0.039773

[1 occurrence(s)]
INFO --> [REQ_ID=a90dd82d79fb] [PERF] Execution time=0.064716

[1 occurrence(s)]
INFO --> [REQ_ID=9a7a8b44fddb] [PERF] Execution time=0.218486

[1 occurrence(s)]
INFO --> [REQ_ID=c2a64deb6061] [PERF] Execution time=0.092962

[1 occurrence(s)]
INFO --> [REQ_ID=a8b50b612788] [PERF] Execution time=0.123631

[1 occurrence(s)]
INFO --> [REQ_ID=247c373eacfb] [PERF] Execution time=0.161658

[1 occurrence(s)]
INFO --> [REQ_ID=2867a68ef144] [PERF] Execution time=0.071048

[1 occurrence(s)]
INFO --> [REQ_ID=feacbda477f6] [PERF] Execution time=0.070247

[1 occurrence(s)]
INFO --> [REQ_ID=376058aec2e9] [PERF] Execution time=0.050051

[1 occurrence(s)]
INFO --> [REQ_ID=20eaec64ad52] [PERF] Execution time=0.050151

[1 occurrence(s)]
INFO --> [REQ_ID=a1000ffcbe56] [PERF] Execution time=0.065952

[1 occurrence(s)]
INFO --> [REQ_ID=eb177ff14464] [PERF] Execution time=0.075684

[1 occurrence(s)]
INFO --> [REQ_ID=36474c62f249] [PERF] Execution time=0.130767

[1 occurrence(s)]
INFO --> [REQ_ID=e68904c2b817] [PERF] Execution time=0.034876

[1 occurrence(s)]
INFO --> [REQ_ID=914c0334002f] [PERF] Execution time=0.068986

[1 occurrence(s)]
INFO --> [REQ_ID=3a5cec7b1460] [PERF] Execution time=0.064261

[1 occurrence(s)]
INFO --> [REQ_ID=1a3ecf30a2eb] [PERF] Execution time=0.051609

[1 occurrence(s)]
INFO --> [REQ_ID=eeaec5e4c3f6] [PERF] Execution time=0.047698

[1 occurrence(s)]
INFO --> [REQ_ID=7bebbb6c7ecd] [PERF] Execution time=0.070649

[1 occurrence(s)]
INFO --> [REQ_ID=49e549ad5c07] [PERF] Execution time=0.072535

[1 occurrence(s)]
INFO --> [REQ_ID=d165e4bad1bd] [PERF] Execution time=0.088107

[1 occurrence(s)]
INFO --> [REQ_ID=8f9de5d16be2] [PERF] Execution time=0.093598

[1 occurrence(s)]
INFO --> [REQ_ID=0389b67cfd60] [PERF] Execution time=0.064074

[1 occurrence(s)]
INFO --> [REQ_ID=26e10909de34] [PERF] Execution time=0.117796

[1 occurrence(s)]
INFO --> [REQ_ID=1afcde3c872c] [PERF] Execution time=0.049803

[1 occurrence(s)]
INFO --> [REQ_ID=77ac3c05ac24] [PERF] Execution time=0.143057

[1 occurrence(s)]
INFO --> [REQ_ID=e5d7c47e8161] [PERF] Execution time=0.091328

[1 occurrence(s)]
INFO --> [REQ_ID=ee81c76c21dc] [PERF] Execution time=0.070926

[1 occurrence(s)]
INFO --> [REQ_ID=bb5ae62f883e] [PERF] Execution time=0.072446

[1 occurrence(s)]
INFO --> [REQ_ID=1570a8864eae] [PERF] Execution time=0.077475

[1 occurrence(s)]
INFO --> [REQ_ID=10a3714016d9] [PERF] Execution time=0.096387

[1 occurrence(s)]
INFO --> [REQ_ID=bcd92cedef41] [PERF] Execution time=0.204171

[1 occurrence(s)]
INFO --> [REQ_ID=ccda6d4a4f13] [PERF] Execution time=0.099980

[1 occurrence(s)]
INFO --> [REQ_ID=e411fa7070f6] [PERF] Execution time=0.125429

[1 occurrence(s)]
INFO --> [REQ_ID=8f04f9d76841] [PERF] Execution time=0.123606

[1 occurrence(s)]
INFO --> [REQ_ID=ac700b4c8fcd] [PERF] Execution time=0.132729

[1 occurrence(s)]
INFO --> [REQ_ID=fe04b831ad4f] [PERF] Execution time=0.086894

[1 occurrence(s)]
INFO --> [REQ_ID=98e89ad24052] [PERF] Execution time=0.104214

[1 occurrence(s)]
INFO --> [REQ_ID=9644871fa93a] [PERF] Execution time=0.080955

[1 occurrence(s)]
INFO --> [REQ_ID=bacb1ae8e631] [PERF] Execution time=0.086639

[1 occurrence(s)]
INFO --> [REQ_ID=d70872fa5def] [PERF] Execution time=0.071727

[1 occurrence(s)]
INFO --> [REQ_ID=9f5ad986bf45] [PERF] Execution time=0.090582

[1 occurrence(s)]
INFO --> [REQ_ID=d6a0327c6791] [PERF] Execution time=0.023759

[1 occurrence(s)]
INFO --> [REQ_ID=21bb03826271] [PERF] Execution time=0.095175

[1 occurrence(s)]
INFO --> [REQ_ID=c4e72fa18f61] [PERF] Execution time=0.157199

[1 occurrence(s)]
INFO --> [REQ_ID=796d38e3c1e1] [PERF] Execution time=0.032121

[1 occurrence(s)]
INFO --> [REQ_ID=7a3d734edb91] [PERF] Execution time=0.111063

[1 occurrence(s)]
INFO --> [REQ_ID=e0c21d3509f5] [PERF] Execution time=0.075699

[1 occurrence(s)]
INFO --> [REQ_ID=50c6c795d191] [PERF] Execution time=0.031890

[1 occurrence(s)]
INFO --> [REQ_ID=a575f7e2701c] [PERF] Execution time=0.030757

[1 occurrence(s)]
INFO --> [REQ_ID=e6b66de7d58a] [PERF] Execution time=0.033353

[1 occurrence(s)]
INFO --> [REQ_ID=90b28c8f1d64] [PERF] Execution time=0.034921

[1 occurrence(s)]
INFO --> [REQ_ID=98d73b82bea4] [PERF] Execution time=0.029989

[1 occurrence(s)]
INFO --> [REQ_ID=5432d1aa5c36] [PERF] Execution time=0.035713

[1 occurrence(s)]
INFO --> [REQ_ID=a2153a012fa7] [PERF] Execution time=0.031803

[1 occurrence(s)]
INFO --> [REQ_ID=17c6ed9361a1] [PERF] Execution time=0.054373

[1 occurrence(s)]
INFO --> [REQ_ID=1728af98110c] [PERF] Execution time=0.061236

[1 occurrence(s)]
INFO --> [REQ_ID=d3b2f27bf011] [PERF] Execution time=0.085333

[1 occurrence(s)]
INFO --> [REQ_ID=7ab39fd1fef5] [PERF] Execution time=0.074915

[1 occurrence(s)]
INFO --> [REQ_ID=033113c3c4b7] [PERF] Execution time=0.156976

[1 occurrence(s)]
INFO --> [REQ_ID=1e7b22583901] [PERF] Execution time=0.178289

[1 occurrence(s)]
INFO --> [REQ_ID=2713b6644282] [PERF] Execution time=0.101911

[1 occurrence(s)]
INFO --> [REQ_ID=bd42699ec621] [PERF] Execution time=0.168021

[1 occurrence(s)]
INFO --> [REQ_ID=0f8b930882e1] [PERF] Execution time=0.139563

[1 occurrence(s)]
INFO --> [REQ_ID=78902b84fa5f] [PERF] Execution time=0.149693

[1 occurrence(s)]
INFO --> [REQ_ID=eb38f517daee] [PERF] Execution time=0.143595

[1 occurrence(s)]
INFO --> [REQ_ID=8ae3ce78fa79] [PERF] Execution time=0.118291

[1 occurrence(s)]
INFO --> [REQ_ID=367b880469c2] [PERF] Execution time=0.088761

[1 occurrence(s)]
INFO --> [REQ_ID=36c0751198a5] [PERF] Execution time=0.090297

[1 occurrence(s)]
INFO --> [REQ_ID=0c15f341dd68] [PERF] Execution time=0.079603

[1 occurrence(s)]
INFO --> [REQ_ID=e42ae51b7a70] [PERF] Execution time=0.064909

[1 occurrence(s)]
INFO --> [REQ_ID=9456ad10e9f0] [MEMORY][controller-start] 6291456

[2 occurrence(s)]
INFO --> [REQ_ID=9456ad10e9f0] [MEMORY][commonData:start] 8388608

[1 occurrence(s)]
INFO --> Premium entitlement guest: user_id= route=/index.php/Preview/Alert/IMNN feature= tier=free status=free allowed=yes reason=Guest access allowed for this feature.

[1 occurrence(s)]
INFO --> AlertsModel L404 - Alert updated successfully for ID 9368: Array

[1 occurrence(s)]
INFO --> 🔄 Trying AlphaVantage for IMNN...

[1 occurrence(s)]
INFO --> ✅ Alert snapshot inserted for IMNN with trade_id 9368

[1 occurrence(s)]
INFO --> [REQ_ID=9456ad10e9f0] [PERF] Execution time=0.595358

[1 occurrence(s)]
INFO --> [REQ_ID=5f16c0a026f1] [PERF] Execution time=0.681011

[1 occurrence(s)]
INFO --> [REQ_ID=83bd0c22f5e6] [MEMORY][controller-start] 6291456

[1 occurrence(s)]
INFO --> [REQ_ID=83bd0c22f5e6] [MEMORY][commonData:start] 8388608

[1 occurrence(s)]
INFO --> [PERF][HOME] buildCommonData complete in 634.73ms

[1 occurrence(s)]
INFO --> [PERF][HOME] index commonData done in 635.14ms

[1 occurrence(s)]
INFO --> [REQ_ID=83bd0c22f5e6] [MEMORY][commonData:start] 10485760

[1 occurrence(s)]
INFO --> [PERF][HOME] index renderTheme done in 13.31ms

[1 occurrence(s)]
INFO --> [REQ_ID=83bd0c22f5e6] [PERF] Execution time=0.793793

[1 occurrence(s)]
INFO --> [REQ_ID=84b824ef28e4] [PERF] Execution time=1.003720

[1 occurrence(s)]
INFO --> [REQ_ID=8af4d3cd048a] [PERF] Execution time=0.072875

[1 occurrence(s)]
INFO --> [REQ_ID=07727e8fa97d] [PERF] Execution time=0.069512

[1 occurrence(s)]
INFO --> [REQ_ID=11fa3d56d091] [MEMORY][controller-start] 6291456

[1 occurrence(s)]
INFO --> [REQ_ID=11fa3d56d091] [MEMORY][commonData:start] 8388608

[1 occurrence(s)]
INFO --> [PERF][HOME] buildCommonData complete in 636.01ms

[1 occurrence(s)]
INFO --> [PERF][HOME] index commonData done in 636.53ms

[1 occurrence(s)]
INFO --> [REQ_ID=11fa3d56d091] [MEMORY][commonData:start] 10485760

[1 occurrence(s)]
INFO --> [PERF][HOME] index renderTheme done in 39.94ms

[1 occurrence(s)]
INFO --> [REQ_ID=11fa3d56d091] [PERF] Execution time=0.771827

[1 occurrence(s)]
INFO --> [REQ_ID=3feb118d5e09] [PERF] Execution time=0.855865

[1 occurrence(s)]
INFO --> [REQ_ID=7dfdbcacf3a9] [MEMORY][controller-start] 6291456

[1 occurrence(s)]
INFO --> [REQ_ID=7dfdbcacf3a9] [MEMORY][commonData:start] 6291456

[1 occurrence(s)]
INFO --> [PERF][HOME] buildCommonData complete in 500.86ms

[1 occurrence(s)]
INFO --> [PERF][HOME] index commonData done in 501.2ms

[1 occurrence(s)]
INFO --> [REQ_ID=7dfdbcacf3a9] [MEMORY][commonData:start] 8388608

[1 occurrence(s)]
INFO --> [PERF][HOME] index renderTheme done in 6.28ms

[1 occurrence(s)]
INFO --> [REQ_ID=7dfdbcacf3a9] [PERF] Execution time=0.762301

[1 occurrence(s)]
INFO --> [REQ_ID=739e45c175c1] [PERF] Execution time=0.814158

[1 occurrence(s)]
INFO --> [REQ_ID=c38aea2cc142] [MEMORY][controller-start] 6291456

[1 occurrence(s)]
INFO --> [REQ_ID=c38aea2cc142] [MEMORY][commonData:start] 6291456

[1 occurrence(s)]
INFO --> [PERF][HOME] buildCommonData complete in 452.73ms

[1 occurrence(s)]
INFO --> [PERF][HOME] index commonData done in 453.78ms

[1 occurrence(s)]
INFO --> [REQ_ID=c38aea2cc142] [MEMORY][commonData:start] 8388608

[1 occurrence(s)]
INFO --> [PERF][HOME] index renderTheme done in 5.9ms

[1 occurrence(s)]
INFO --> [REQ_ID=c38aea2cc142] [PERF] Execution time=0.473663

[1 occurrence(s)]
INFO --> [REQ_ID=8b56972e7d1f] [PERF] Execution time=0.494929

[1 occurrence(s)]
INFO --> [REQ_ID=2d79f7baf194] [MEMORY][controller-start] 4194304

[1 occurrence(s)]
INFO --> [REQ_ID=2d79f7baf194] [MEMORY][commonData:start] 4194304

[1 occurrence(s)]
INFO --> [PERF][HOME] buildCommonData complete in 481.59ms

[1 occurrence(s)]
INFO --> [PERF][HOME] index commonData done in 482.07ms

[1 occurrence(s)]
INFO --> [REQ_ID=2d79f7baf194] [MEMORY][commonData:start] 8388608

[1 occurrence(s)]
INFO --> [PERF][HOME] index renderTheme done in 5.19ms

[1 occurrence(s)]
INFO --> [REQ_ID=2d79f7baf194] [PERF] Execution time=0.514847

[1 occurrence(s)]
INFO --> [REQ_ID=f948dda130e9] [PERF] Execution time=0.529815

[1 occurrence(s)]
INFO --> [REQ_ID=76c251a0bdf0] [MEMORY][controller-start] 6291456

[1 occurrence(s)]
INFO --> [REQ_ID=76c251a0bdf0] [MEMORY][commonData:start] 6291456

[1 occurrence(s)]
INFO --> [PERF][HOME] buildCommonData complete in 491.77ms

[1 occurrence(s)]
INFO --> [PERF][HOME] index commonData done in 492.19ms

[1 occurrence(s)]
INFO --> [REQ_ID=76c251a0bdf0] [MEMORY][commonData:start] 8388608

[1 occurrence(s)]
INFO --> [PERF][HOME] index renderTheme done in 16.23ms

[1 occurrence(s)]
INFO --> [REQ_ID=76c251a0bdf0] [PERF] Execution time=0.586997

[1 occurrence(s)]
INFO --> [REQ_ID=f9434deed7da] [PERF] Execution time=0.649528

[1 occurrence(s)]
INFO --> [REQ_ID=17473da15a16] [PERF] Execution time=0.089900

[1 occurrence(s)]
INFO --> [REQ_ID=ad77e2c87b31] [MEMORY][controller-start] 6291456

[1 occurrence(s)]
INFO --> [REQ_ID=ad77e2c87b31] [PERF] Execution time=0.083150

[1 occurrence(s)]
INFO --> [REQ_ID=d10b9a616e4e] [PERF] Execution time=0.166856

[1 occurrence(s)]
INFO --> [REQ_ID=96bd970cad6b] [MEMORY][controller-start] 4194304

[1 occurrence(s)]
INFO --> [REQ_ID=96bd970cad6b] [MEMORY][commonData:start] 6291456

[1 occurrence(s)]
INFO --> [REQ_ID=96bd970cad6b] [PERF] Execution time=0.676407

[1 occurrence(s)]
INFO --> [REQ_ID=e8ec65d923fd] [PERF] Execution time=0.693258

[1 occurrence(s)]
INFO --> [REQ_ID=4a0342e779b1] [MEMORY][controller-start] 6291456

[1 occurrence(s)]
INFO --> [REQ_ID=4a0342e779b1] [PERF] Execution time=0.013467

[1 occurrence(s)]
INFO --> [REQ_ID=e920b993a4fd] [PERF] Execution time=0.030043

[1 occurrence(s)]
INFO --> [REQ_ID=3197f9db4124] [MEMORY][controller-start] 4194304

[1 occurrence(s)]
INFO --> [REQ_ID=3197f9db4124] [MEMORY][commonData:start] 4194304

[1 occurrence(s)]
INFO --> [REQ_ID=3197f9db4124] [PERF] Execution time=0.506413

[1 occurrence(s)]
INFO --> [REQ_ID=88baf3a8443c] [PERF] Execution time=0.520809

[1 occurrence(s)]
INFO --> [REQ_ID=7be2052d9135] [MEMORY][controller-start] 6291456

[1 occurrence(s)]
INFO --> [REQ_ID=7be2052d9135] [MEMORY][commonData:start] 6291456

[1 occurrence(s)]
INFO --> [PERF][HOME] buildCommonData complete in 495.37ms

[1 occurrence(s)]
INFO --> [PERF][HOME] index commonData done in 495.71ms

[1 occurrence(s)]
INFO --> [REQ_ID=7be2052d9135] [MEMORY][commonData:start] 8388608

[1 occurrence(s)]
INFO --> [PERF][HOME] index renderTheme done in 9.48ms

[1 occurrence(s)]
INFO --> [REQ_ID=7be2052d9135] [PERF] Execution time=0.590087

[1 occurrence(s)]
INFO --> [REQ_ID=e775429a11a0] [PERF] Execution time=0.640083

[1 occurrence(s)]
INFO --> [REQ_ID=c678da9b016a] [MEMORY][controller-start] 6291456

[1 occurrence(s)]
INFO --> [REQ_ID=c678da9b016a] [MEMORY][commonData:start] 6291456

[1 occurrence(s)]
INFO --> [REQ_ID=c678da9b016a] [PERF] Execution time=0.502083

[1 occurrence(s)]
INFO --> [REQ_ID=35c612ec0bd3] [PERF] Execution time=0.548516

[1 occurrence(s)]
INFO --> [REQ_ID=526a5640f2aa] [MEMORY][controller-start] 6291456

[1 occurrence(s)]
INFO --> [REQ_ID=526a5640f2aa] [PERF] Execution time=0.021718

[1 occurrence(s)]
INFO --> [REQ_ID=9847c053f8d2] [PERF] Execution time=0.035942

[1 occurrence(s)]
INFO --> [REQ_ID=1d30a7120c79] [PERF] Execution time=0.039855

[1 occurrence(s)]
INFO --> [REQ_ID=875ba7f9ca80] [MEMORY][controller-start] 4194304

[1 occurrence(s)]
INFO --> [REQ_ID=875ba7f9ca80] [MEMORY][commonData:start] 4194304

[1 occurrence(s)]
INFO --> [REQ_ID=875ba7f9ca80] [PERF] Execution time=0.522764

[1 occurrence(s)]
INFO --> [REQ_ID=451d565eafa3] [PERF] Execution time=0.565097

[1 occurrence(s)]
INFO --> [REQ_ID=82e32ec43470] [MEMORY][controller-start] 6291456

[1 occurrence(s)]
INFO --> [REQ_ID=82e32ec43470] [PERF] Execution time=0.021699

[1 occurrence(s)]
INFO --> [REQ_ID=817eca01cf19] [PERF] Execution time=0.074553

[1 occurrence(s)]
INFO --> [REQ_ID=c226c3eafd5d] [MEMORY][controller-start] 4194304

[1 occurrence(s)]
INFO --> [REQ_ID=c226c3eafd5d] [MEMORY][commonData:start] 4194304

[1 occurrence(s)]
INFO --> [REQ_ID=c226c3eafd5d] [PERF] Execution time=0.561659

[1 occurrence(s)]
INFO --> [REQ_ID=0f7fbab25cab] [PERF] Execution time=0.579074

[1 occurrence(s)]
INFO --> [REQ_ID=161b847b9bcf] [MEMORY][controller-start] 6291456

[1 occurrence(s)]
INFO --> [REQ_ID=161b847b9bcf] [PERF] Execution time=0.031125

[1 occurrence(s)]
INFO --> [REQ_ID=cc1f72f1006c] [PERF] Execution time=0.080589

[1 occurrence(s)]
INFO --> [REQ_ID=d9661bdd22f9] [MEMORY][controller-start] 4194304

[1 occurrence(s)]
INFO --> [REQ_ID=d9661bdd22f9] [MEMORY][commonData:start] 4194304

[1 occurrence(s)]
INFO --> [REQ_ID=d9661bdd22f9] [PERF] Execution time=0.546062

[1 occurrence(s)]
INFO --> [REQ_ID=a5347797e453] [PERF] Execution time=0.559436

[1 occurrence(s)]
INFO --> [REQ_ID=80b2d9542344] [MEMORY][controller-start] 6291456

[2 occurrence(s)]
INFO --> [REQ_ID=80b2d9542344] [MEMORY][commonData:start] 6291456

[1 occurrence(s)]
INFO --> themesMemory usage: 6291456

[1 occurrence(s)]
INFO --> [REQ_ID=80b2d9542344] [PERF] Execution time=0.112083

[1 occurrence(s)]
INFO --> [REQ_ID=cb9b14d99678] [PERF] Execution time=0.172993

[1 occurrence(s)]
INFO --> [REQ_ID=8a046bde9321] [MEMORY][controller-start] 4194304

[1 occurrence(s)]
INFO --> [REQ_ID=8a046bde9321] [MEMORY][commonData:start] 4194304

[1 occurrence(s)]
INFO --> [REQ_ID=8a046bde9321] [PERF] Execution time=0.580927

[1 occurrence(s)]
INFO --> [REQ_ID=f87d368455e0] [PERF] Execution time=0.647560

[1 occurrence(s)]
INFO --> [REQ_ID=255daf51ee1f] [MEMORY][controller-start] 6291456

[1 occurrence(s)]
INFO --> [REQ_ID=255daf51ee1f] [MEMORY][commonData:start] 6291456

[1 occurrence(s)]
INFO --> [REQ_ID=255daf51ee1f] [PERF] Execution time=0.560055

[1 occurrence(s)]
INFO --> [REQ_ID=03516670dbd4] [PERF] Execution time=0.575162

[1 occurrence(s)]
INFO --> [REQ_ID=897a01d92496] [PERF] Execution time=0.029146

[1 occurrence(s)]
INFO --> [REQ_ID=79490a2e602f] [MEMORY][controller-start] 4194304

[1 occurrence(s)]
INFO --> [REQ_ID=79490a2e602f] [PERF] Execution time=0.039930

[1 occurrence(s)]
INFO --> [REQ_ID=d43c40ccba6e] [PERF] Execution time=0.069234

[1 occurrence(s)]
INFO --> [REQ_ID=b2626bc4a5d5] [MEMORY][controller-start] 4194304

[1 occurrence(s)]
INFO --> [REQ_ID=b2626bc4a5d5] [MEMORY][commonData:start] 4194304

[1 occurrence(s)]
INFO --> [PERF][HOME] buildCommonData complete in 472.57ms

[1 occurrence(s)]
INFO --> [PERF][HOME] index commonData done in 473.06ms

[1 occurrence(s)]
INFO --> [REQ_ID=b2626bc4a5d5] [MEMORY][commonData:start] 8388608

[1 occurrence(s)]
INFO --> [PERF][HOME] index renderTheme done in 4.14ms

[1 occurrence(s)]
INFO --> [REQ_ID=b2626bc4a5d5] [PERF] Execution time=0.490206

[1 occurrence(s)]
INFO --> [REQ_ID=7e62985291bb] [PERF] Execution time=0.505071

[1 occurrence(s)]
INFO --> [REQ_ID=c8a90f10b6da] [MEMORY][controller-start] 6291456

[1 occurrence(s)]
INFO --> [REQ_ID=c8a90f10b6da] [MEMORY][commonData:start] 6291456

[1 occurrence(s)]
INFO --> [PERF][HOME] buildCommonData complete in 480.18ms

[1 occurrence(s)]
INFO --> [PERF][HOME] index commonData done in 480.6ms

[1 occurrence(s)]
INFO --> [REQ_ID=c8a90f10b6da] [MEMORY][commonData:start] 8388608

[1 occurrence(s)]
INFO --> [PERF][HOME] index renderTheme done in 4.69ms

[1 occurrence(s)]
INFO --> [REQ_ID=c8a90f10b6da] [PERF] Execution time=0.499756

[1 occurrence(s)]
INFO --> [REQ_ID=3955772ee3a5] [PERF] Execution time=0.514969

[1 occurrence(s)]
INFO --> [REQ_ID=6570e11910a3] [PERF] Execution time=0.047453

[1 occurrence(s)]
INFO --> [REQ_ID=26ca5ff5b160] [MEMORY][controller-start] 6291456

[1 occurrence(s)]
INFO --> [REQ_ID=26ca5ff5b160] [PERF] Execution time=0.051685

[1 occurrence(s)]
INFO --> [REQ_ID=cfa6e5e9fdf4] [PERF] Execution time=0.065049

[1 occurrence(s)]
INFO --> [REQ_ID=d9df103db55b] [MEMORY][controller-start] 4194304

[1 occurrence(s)]
INFO --> [REQ_ID=d9df103db55b] [MEMORY][commonData:start] 4194304

[1 occurrence(s)]
INFO --> [PERF][HOME] buildCommonData complete in 495.76ms

[1 occurrence(s)]
INFO --> [PERF][HOME] index commonData done in 496.19ms

[1 occurrence(s)]
INFO --> [REQ_ID=d9df103db55b] [MEMORY][commonData:start] 8388608

[1 occurrence(s)]
INFO --> [PERF][HOME] index renderTheme done in 4.54ms

[1 occurrence(s)]
INFO --> [REQ_ID=d9df103db55b] [PERF] Execution time=0.526552

[1 occurrence(s)]
INFO --> [REQ_ID=c62772bcbd58] [PERF] Execution time=0.582718

[1 occurrence(s)]
INFO --> [REQ_ID=0c5f85532e06] [PERF] Execution time=0.029688

[1 occurrence(s)]
INFO --> [REQ_ID=b6ed973252e3] [MEMORY][controller-start] 4194304

[1 occurrence(s)]
INFO --> [REQ_ID=b6ed973252e3] [MEMORY][commonData:start] 4194304

[1 occurrence(s)]
INFO --> [PERF][HOME] buildCommonData complete in 553.76ms

[1 occurrence(s)]
INFO --> [PERF][HOME] index commonData done in 554.1ms

[1 occurrence(s)]
INFO --> [REQ_ID=b6ed973252e3] [MEMORY][commonData:start] 8388608

[1 occurrence(s)]
INFO --> [PERF][HOME] index renderTheme done in 14.9ms

[1 occurrence(s)]
INFO --> [REQ_ID=b6ed973252e3] [PERF] Execution time=0.592198

[1 occurrence(s)]
INFO --> [REQ_ID=06c7e895299b] [PERF] Execution time=0.646893

[1 occurrence(s)]
INFO --> [REQ_ID=1ed7b32613aa] [MEMORY][controller-start] 8388608

[2 occurrence(s)]
INFO --> [REQ_ID=1ed7b32613aa] [MEMORY][commonData:start] 8388608

[1 occurrence(s)]
INFO --> [PERF][HOME] buildCommonData complete in 530.64ms

[1 occurrence(s)]
INFO --> [PERF][HOME] index commonData done in 531.01ms

[1 occurrence(s)]
INFO --> [PERF][HOME] index renderTheme done in 13.61ms

[1 occurrence(s)]
INFO --> [REQ_ID=1ed7b32613aa] [PERF] Execution time=0.569301

[1 occurrence(s)]
INFO --> [REQ_ID=02bad8a684e6] [PERF] Execution time=0.626446

[1 occurrence(s)]
INFO --> [REQ_ID=257b716c72fc] [MEMORY][controller-start] 8388608

[2 occurrence(s)]
INFO --> [REQ_ID=257b716c72fc] [MEMORY][commonData:start] 8388608

[1 occurrence(s)]
INFO --> [PERF][HOME] buildCommonData complete in 524.26ms

[1 occurrence(s)]
INFO --> [PERF][HOME] index commonData done in 524.61ms

[1 occurrence(s)]
INFO --> [PERF][HOME] index renderTheme done in 8.82ms

[1 occurrence(s)]
INFO --> [REQ_ID=257b716c72fc] [PERF] Execution time=0.547960

[1 occurrence(s)]
INFO --> [REQ_ID=3ce805755416] [PERF] Execution time=0.562167

[1 occurrence(s)]
INFO --> [REQ_ID=4ddf6dd60e37] [PERF] Execution time=0.251637

[1 occurrence(s)]
INFO --> [REQ_ID=3322eb37d4d6] [MEMORY][controller-start] 6291456

[1 occurrence(s)]
INFO --> [REQ_ID=3322eb37d4d6] [PERF] Execution time=0.103312

[1 occurrence(s)]
INFO --> [REQ_ID=fd15f04b7800] [PERF] Execution time=0.116449

[1 occurrence(s)]
INFO --> [REQ_ID=2adec23fa715] [PERF] Execution time=0.054699

[1 occurrence(s)]
INFO --> [REQ_ID=b0b53e42ed57] [MEMORY][controller-start] 4194304

[1 occurrence(s)]
INFO --> [REQ_ID=b0b53e42ed57] [PERF] Execution time=0.046938

[1 occurrence(s)]
INFO --> [REQ_ID=b0a0f4ce80a9] [PERF] Execution time=0.107710

[1 occurrence(s)]
INFO --> [REQ_ID=07c858ceeee6] [PERF] Execution time=0.138113

[1 occurrence(s)]
INFO --> [REQ_ID=51c90d16bea8] [MEMORY][controller-start] 4194304

[1 occurrence(s)]
INFO --> [REQ_ID=51c90d16bea8] [PERF] Execution time=0.090267

[1 occurrence(s)]
INFO --> [REQ_ID=e964b9b4bf53] [PERF] Execution time=0.188153

[1 occurrence(s)]
INFO --> [REQ_ID=3eb2bf70cf05] [MEMORY][controller-start] 4194304

[2 occurrence(s)]
INFO --> [REQ_ID=3eb2bf70cf05] [MEMORY][commonData:start] 4194304

[1 occurrence(s)]
INFO --> themesMemory usage: 4194304

[1 occurrence(s)]
INFO --> [REQ_ID=3eb2bf70cf05] [PERF] Execution time=0.084168

[1 occurrence(s)]
INFO --> [REQ_ID=cfb913253441] [PERF] Execution time=0.148597

[1 occurrence(s)]
INFO --> [REQ_ID=556edc5f8050] [MEMORY][controller-start] 4194304

[1 occurrence(s)]
INFO --> [REQ_ID=556edc5f8050] [MEMORY][commonData:start] 4194304

[1 occurrence(s)]
INFO --> [REQ_ID=556edc5f8050] [PERF] Execution time=0.750828

[1 occurrence(s)]
INFO --> [REQ_ID=04e51d55d373] [PERF] Execution time=0.832390

[1 occurrence(s)]
INFO --> [REQ_ID=d5320dbbf906] [PERF] Execution time=0.194420

[1 occurrence(s)]
INFO --> [REQ_ID=05316d916c30] [MEMORY][controller-start] 4194304

[1 occurrence(s)]
INFO --> [REQ_ID=05316d916c30] [PERF] Execution time=0.129526

[1 occurrence(s)]
INFO --> [REQ_ID=32d33aeb8c51] [PERF] Execution time=0.231270

[1 occurrence(s)]
INFO --> [REQ_ID=b47ddc2f8004] [MEMORY][controller-start] 4194304

[1 occurrence(s)]
INFO --> [REQ_ID=b47ddc2f8004] [MEMORY][commonData:start] 4194304

[1 occurrence(s)]
INFO --> [REQ_ID=b47ddc2f8004] [PERF] Execution time=0.678079

[1 occurrence(s)]
INFO --> [REQ_ID=466145843fee] [PERF] Execution time=0.699134

[1 occurrence(s)]
INFO --> [REQ_ID=bb1eada44a4f] [MEMORY][controller-start] 6291456

[1 occurrence(s)]
INFO --> [REQ_ID=bb1eada44a4f] [PERF] Execution time=0.072299

[1 occurrence(s)]
INFO --> [REQ_ID=cf24acad9057] [PERF] Execution time=0.208758

[1 occurrence(s)]
INFO --> [REQ_ID=ebb1d6f92aa3] [MEMORY][controller-start] 4194304

[1 occurrence(s)]
INFO --> [REQ_ID=ebb1d6f92aa3] [MEMORY][commonData:start] 4194304

[1 occurrence(s)]
INFO --> [REQ_ID=ebb1d6f92aa3] [PERF] Execution time=0.643453

[1 occurrence(s)]
INFO --> [REQ_ID=1fe22e856d69] [PERF] Execution time=0.728408

[1 occurrence(s)]
INFO --> [REQ_ID=3d304832c1b1] [MEMORY][controller-start] 6291456

[1 occurrence(s)]
INFO --> [REQ_ID=3d304832c1b1] [MEMORY][commonData:start] 6291456

[1 occurrence(s)]
INFO --> [REQ_ID=3d304832c1b1] [PERF] Execution time=0.674576

[1 occurrence(s)]
INFO --> [REQ_ID=c466b6cea5d1] [PERF] Execution time=0.838404

[1 occurrence(s)]
INFO --> [REQ_ID=f99f9f999ba4] [PERF] Execution time=0.049337

[1 occurrence(s)]
INFO --> [REQ_ID=42469dbc9017] [PERF] Execution time=1.084654

[1 occurrence(s)]
INFO --> [REQ_ID=1d784934d45a] [MEMORY][controller-start] 4194304

[1 occurrence(s)]
INFO --> [REQ_ID=1d784934d45a] [PERF] Execution time=18.970087

[1 occurrence(s)]
INFO --> [REQ_ID=ef920f13ed36] [PERF] Execution time=19.308954

[1 occurrence(s)]
INFO --> [REQ_ID=4abb9db0ee37] [MEMORY][controller-start] 6291456

[1 occurrence(s)]
INFO --> [REQ_ID=a5c2691a3d2f] [MEMORY][controller-start] 6291456

[1 occurrence(s)]
INFO --> [REQ_ID=162900fe493c] [MEMORY][controller-start] 6291456

[1 occurrence(s)]
INFO --> [REQ_ID=43e46c6c0e12] [MEMORY][controller-start] 6291456

[1 occurrence(s)]
INFO --> [REQ_ID=b37c0be31718] [MEMORY][controller-start] 6291456

[1 occurrence(s)]
INFO --> [REQ_ID=4acb048f8675] [MEMORY][controller-start] 6291456

[1 occurrence(s)]
INFO --> [REQ_ID=a5c2691a3d2f] [MEMORY][commonData:start] 8388608

[1 occurrence(s)]
INFO --> [REQ_ID=162900fe493c] [MEMORY][commonData:start] 8388608

[1 occurrence(s)]
INFO --> [REQ_ID=4abb9db0ee37] [MEMORY][commonData:start] 8388608

[1 occurrence(s)]
INFO --> [REQ_ID=4acb048f8675] [MEMORY][commonData:start] 8388608

[1 occurrence(s)]
INFO --> [REQ_ID=43e46c6c0e12] [MEMORY][commonData:start] 8388608

[1 occurrence(s)]
INFO --> [REQ_ID=b37c0be31718] [MEMORY][commonData:start] 8388608

[1 occurrence(s)]
INFO --> [PERF][HOME] buildCommonData complete in 573.07ms

[1 occurrence(s)]
INFO --> [PERF][HOME] index commonData done in 573.71ms

[1 occurrence(s)]
INFO --> [REQ_ID=162900fe493c] [MEMORY][commonData:start] 10485760

[1 occurrence(s)]
INFO --> [PERF][HOME] buildCommonData complete in 609.04ms

[1 occurrence(s)]
INFO --> [PERF][HOME] index commonData done in 613.52ms

[1 occurrence(s)]
INFO --> [REQ_ID=a5c2691a3d2f] [MEMORY][commonData:start] 10485760

[1 occurrence(s)]
INFO --> [PERF][HOME] index renderTheme done in 17.06ms

[1 occurrence(s)]
INFO --> [REQ_ID=162900fe493c] [PERF] Execution time=0.762554

[1 occurrence(s)]
INFO --> [REQ_ID=26c4825ddee9] [PERF] Execution time=1.085228

[1 occurrence(s)]
INFO --> [PERF][HOME] buildCommonData complete in 622.53ms

[1 occurrence(s)]
INFO --> [PERF][HOME] index commonData done in 623.04ms

[1 occurrence(s)]
INFO --> [REQ_ID=4abb9db0ee37] [MEMORY][commonData:start] 10485760

[1 occurrence(s)]
INFO --> [REQ_ID=a5c2691a3d2f] [PERF] Execution time=0.872423

[1 occurrence(s)]
INFO --> [REQ_ID=928af8b46804] [PERF] Execution time=1.292680

[1 occurrence(s)]
INFO --> [PERF][HOME] index renderTheme done in 20.19ms

[1 occurrence(s)]
INFO --> [PERF][HOME] buildCommonData complete in 561.21ms

[1 occurrence(s)]
INFO --> [PERF][HOME] index commonData done in 561.65ms

[1 occurrence(s)]
INFO --> [REQ_ID=43e46c6c0e12] [MEMORY][commonData:start] 10485760

[1 occurrence(s)]
INFO --> [REQ_ID=4abb9db0ee37] [PERF] Execution time=0.979007

[1 occurrence(s)]
INFO --> [REQ_ID=431f15299593] [PERF] Execution time=1.448180

[1 occurrence(s)]
INFO --> [PERF][HOME] index renderTheme done in 18.11ms

[1 occurrence(s)]
INFO --> [PERF][HOME] buildCommonData complete in 600.96ms

[1 occurrence(s)]
INFO --> [PERF][HOME] index commonData done in 601.43ms

[1 occurrence(s)]
INFO --> [REQ_ID=4acb048f8675] [MEMORY][commonData:start] 10485760

[1 occurrence(s)]
INFO --> [REQ_ID=43e46c6c0e12] [PERF] Execution time=0.827201

[1 occurrence(s)]
INFO --> [PERF][HOME] index renderTheme done in 20.62ms

[1 occurrence(s)]
INFO --> [PERF][HOME] buildCommonData complete in 597.75ms

[1 occurrence(s)]
INFO --> [REQ_ID=9862b055f79d] [PERF] Execution time=1.193108

[1 occurrence(s)]
INFO --> [PERF][HOME] index commonData done in 603.99ms

[1 occurrence(s)]
INFO --> [REQ_ID=b37c0be31718] [MEMORY][commonData:start] 10485760

[1 occurrence(s)]
INFO --> [REQ_ID=4acb048f8675] [PERF] Execution time=0.760650

[1 occurrence(s)]
INFO --> [REQ_ID=764529ad271f] [PERF] Execution time=1.152932

[1 occurrence(s)]
INFO --> [PERF][HOME] index renderTheme done in 20.22ms

[1 occurrence(s)]
INFO --> [REQ_ID=b37c0be31718] [PERF] Execution time=0.864661

[1 occurrence(s)]
INFO --> [REQ_ID=9d592b797d9e] [PERF] Execution time=1.206003

[1 occurrence(s)]
INFO --> [REQ_ID=ecd20a7d2ce8] [PERF] Execution time=0.059963

[1 occurrence(s)]
INFO --> [SPARK_START] App\Commands\AIOps\Run

[3 occurrence(s)]
INFO --> [SPARK_MEMORY] 20971520

[1 occurrence(s)]
INFO --> [spark:aiops:run] Intent

[1 occurrence(s)]
INFO --> [spark:ops:work] Started

[1 occurrence(s)]
INFO --> [SPARK_START] App\Commands\Ops\Work

[1 occurrence(s)]
INFO --> [spark:ops:work] Intent

[1 occurrence(s)]
INFO --> [REQ_ID=81da9dd760d9] [PERF] Execution time=0.174426

[1 occurrence(s)]
INFO --> [spark:ops:work] Completed

[1 occurrence(s)]
INFO --> [SPARK_COMPLETE] App\Commands\Ops\Work duration=0.145277

[1 occurrence(s)]
INFO --> [SPARK_MEMORY] 23068672

[1 occurrence(s)]
INFO --> [AIOPS][SPARK][GOVERNANCE][spark:logs:summarize] Started

[1 occurrence(s)]
INFO --> [SPARK_START] App\Commands\Logs\Summarize

[1 occurrence(s)]
INFO --> [spark:logs:summarize] Intent


---------------------------
LEVEL: WARNING
---------------------------

[28 occurrence(s)]
WARNING --> Optional view path missing; using default path


---------------------------
LEVEL: ERROR
---------------------------

[210 occurrence(s)]
ERROR --> [404_ROUTE]

[12 occurrence(s)]
ERROR --> Table 'mymiwallet.blog_posts' doesn't exist

[3 occurrence(s)]
ERROR --> HowItWorksController failure: Invalid file: "Modules/Blog/Views/HowItWorks/partials/navigation.php" | file=APPPATH/Modules/Blog/Controllers/HowItWorksController.php line=249


===============================================
   HERE'S THE NEW STUFF
   (No previous timestamp recorded – nothing treated as new)
===============================================

---- CONFIG LINT ----
✅ Services::cache
✅ Services::responsecache
✅ Services::session
✅ Services::email
✅ Services::logger
✅ Services::validation
✅ Services::renderer
