===============================================
   MyMI Wallet — Log Summary for 2026-03-10
   Auto-generated by logs:summarize command
   Grouped by (LEVEL + message)
===============================================

Last processed up to: 2026-03-10 03:41:31

---------------------------
LEVEL: DEBUG
---------------------------

[1 occurrence(s)]
DEBUG --> [REQ_ID=9226cd439429] [REQUEST][START] GET /index.php/API/Management/Run-CRON-Tasks

[277 occurrence(s)]
DEBUG --> Session: Class initialized using 'CodeIgniter\Session\Handlers\FileHandler' driver.

[1 occurrence(s)]
DEBUG --> [REQ_ID=9226cd439429] [FILTER_BEFORE] /index.php/API/Management/Run-CRON-Tasks

[1 occurrence(s)]
DEBUG --> [REQ_ID=9226cd439429] [ROUTE] Controller=\App\Modules\Management\Controllers\ManagementAPIController Method=Run_CRON_Tasks

[1 occurrence(s)]
DEBUG --> [REQ_ID=9226cd439429] [LIFECYCLE][START] GET https://www.mymiwallet.com/index.php/API/Management/Run-CRON-Tasks

[1 occurrence(s)]
DEBUG --> [REQ_ID=9226cd439429] [REQUEST][END]

[1 occurrence(s)]
DEBUG --> [REQ_ID=6030b8a79ae1] [REQUEST][START] HEAD /

[1 occurrence(s)]
DEBUG --> [REQ_ID=37d6c99350d1] [REQUEST][START] HEAD /

[1 occurrence(s)]
DEBUG --> [REQ_ID=2fbb00e12861] [REQUEST][START] HEAD /

[1 occurrence(s)]
DEBUG --> [REQ_ID=efc4b5c3aaa7] [REQUEST][START] GET /index.php/API/Alerts/fetchEmailAlerts

[1 occurrence(s)]
DEBUG --> [REQ_ID=efc4b5c3aaa7] [FILTER_BEFORE] /index.php/API/Alerts/fetchEmailAlerts

[1 occurrence(s)]
DEBUG --> [REQ_ID=efc4b5c3aaa7] [ROUTE] Controller=\App\Modules\APIs\Controllers\AlertsAPIController Method=fetchEmailAlerts

[1 occurrence(s)]
DEBUG --> [REQ_ID=efc4b5c3aaa7] [LIFECYCLE][START] GET https://www.mymiwallet.com/index.php/API/Alerts/fetchEmailAlerts

[1 occurrence(s)]
DEBUG --> [REQ_ID=efc4b5c3aaa7] [REQUEST][END]

[1 occurrence(s)]
DEBUG --> [REQ_ID=3298b79139a9] [REQUEST][START] HEAD /

[1 occurrence(s)]
DEBUG --> [REQ_ID=fe9278c910ec] [REQUEST][START] HEAD /

[1 occurrence(s)]
DEBUG --> [REQ_ID=06889505b5a7] [REQUEST][START] HEAD /

[1 occurrence(s)]
DEBUG --> [REQ_ID=8f8168d14352] [REQUEST][START] GET /

[1 occurrence(s)]
DEBUG --> [REQ_ID=8f8168d14352] [FILTER_BEFORE] /

[1 occurrence(s)]
DEBUG --> [REQ_ID=8f8168d14352] [ROUTE] Controller=\App\Controllers\Home Method=index

[1 occurrence(s)]
DEBUG --> [REQ_ID=8f8168d14352] [LIFECYCLE][START] GET https://www.mymiwallet.com/index.php/

[1 occurrence(s)]
DEBUG --> [CSRF] token name=csrf_test_name hash=f3765b0eeb88991d0e42efc21022b51a

[1 occurrence(s)]
DEBUG --> [REQ_ID=c3fa3981f759] [INIT] App\Controllers\Home::GET

[56 occurrence(s)]
DEBUG --> MyMIUser L52 - initialized (first log).

[10 occurrence(s)]
DEBUG --> [MetaService] slug= pageName= cacheHit= path=FALLBACK

[1 occurrence(s)]
DEBUG --> [REQ_ID=c3fa3981f759] [VIEW_RENDER] themes/public/home

[5 occurrence(s)]
DEBUG --> [MetaService] slug= pageName=Home cacheHit= path=DB

[1 occurrence(s)]
DEBUG --> [REQ_ID=8f8168d14352] [FILTER_AFTER]

[1 occurrence(s)]
DEBUG --> [REQ_ID=8f8168d14352] [LIFECYCLE][END] status=200 duration_ms=637.58 memory_delta=4194304

[1 occurrence(s)]
DEBUG --> [REQ_ID=8f8168d14352] [REQUEST][END]

[1 occurrence(s)]
DEBUG --> [REQ_ID=cc958e509701] [REQUEST][START] HEAD /

[1 occurrence(s)]
DEBUG --> [REQ_ID=95f99588577d] [REQUEST][START] HEAD /

[1 occurrence(s)]
DEBUG --> [REQ_ID=60c4873927b2] [REQUEST][START] HEAD /

[1 occurrence(s)]
DEBUG --> [REQ_ID=049f9b78e4d4] [REQUEST][START] GET /

[1 occurrence(s)]
DEBUG --> [REQ_ID=049f9b78e4d4] [FILTER_BEFORE] /

[1 occurrence(s)]
DEBUG --> [REQ_ID=049f9b78e4d4] [ROUTE] Controller=\App\Controllers\Home Method=index

[1 occurrence(s)]
DEBUG --> [REQ_ID=049f9b78e4d4] [LIFECYCLE][START] GET https://www.mymiwallet.com/index.php/

[1 occurrence(s)]
DEBUG --> [CSRF] token name=csrf_test_name hash=2cca72451f570b985d3766885140c47f

[1 occurrence(s)]
DEBUG --> [REQ_ID=2b88d8cedf76] [INIT] App\Controllers\Home::GET

[1 occurrence(s)]
DEBUG --> [REQ_ID=2b88d8cedf76] [VIEW_RENDER] themes/public/home

[18 occurrence(s)]
DEBUG --> [MetaService] slug= pageName=Home cacheHit=1 path=CACHE

[1 occurrence(s)]
DEBUG --> [REQ_ID=049f9b78e4d4] [FILTER_AFTER]

[1 occurrence(s)]
DEBUG --> [REQ_ID=049f9b78e4d4] [LIFECYCLE][END] status=200 duration_ms=683.79 memory_delta=4194304

[1 occurrence(s)]
DEBUG --> [REQ_ID=049f9b78e4d4] [REQUEST][END]

[1 occurrence(s)]
DEBUG --> [REQ_ID=e26cb1e9e341] [REQUEST][START] HEAD /

[1 occurrence(s)]
DEBUG --> [REQ_ID=027c8c540df7] [REQUEST][START] POST /

[1 occurrence(s)]
DEBUG --> [REQ_ID=27e847f356c9] [REQUEST][START] HEAD /

[1 occurrence(s)]
DEBUG --> [REQ_ID=0d71a9e7bb90] [REQUEST][START] HEAD /

[1 occurrence(s)]
DEBUG --> [REQ_ID=a71e84136abe] [REQUEST][START] HEAD /

[1 occurrence(s)]
DEBUG --> [REQ_ID=99656cb950b9] [REQUEST][START] GET /index.php/API/Management/Run-CRON-Tasks

[1 occurrence(s)]
DEBUG --> [REQ_ID=99656cb950b9] [FILTER_BEFORE] /index.php/API/Management/Run-CRON-Tasks

[1 occurrence(s)]
DEBUG --> [REQ_ID=99656cb950b9] [ROUTE] Controller=\App\Modules\Management\Controllers\ManagementAPIController Method=Run_CRON_Tasks

[1 occurrence(s)]
DEBUG --> [REQ_ID=99656cb950b9] [LIFECYCLE][START] GET https://www.mymiwallet.com/index.php/API/Management/Run-CRON-Tasks

[1 occurrence(s)]
DEBUG --> [REQ_ID=99656cb950b9] [REQUEST][END]

[1 occurrence(s)]
DEBUG --> [REQ_ID=a9190af19021] [REQUEST][START] HEAD /

[1 occurrence(s)]
DEBUG --> [REQ_ID=fac61f6db9ba] [REQUEST][START] HEAD /

[1 occurrence(s)]
DEBUG --> [REQ_ID=94ae653731cb] [REQUEST][START] HEAD /

[1 occurrence(s)]
DEBUG --> [REQ_ID=8f76822f211e] [REQUEST][START] GET /index.php/API/Alerts/fetchEmailAlerts

[1 occurrence(s)]
DEBUG --> [REQ_ID=8f76822f211e] [FILTER_BEFORE] /index.php/API/Alerts/fetchEmailAlerts

[1 occurrence(s)]
DEBUG --> [REQ_ID=8f76822f211e] [ROUTE] Controller=\App\Modules\APIs\Controllers\AlertsAPIController Method=fetchEmailAlerts

[1 occurrence(s)]
DEBUG --> [REQ_ID=8f76822f211e] [LIFECYCLE][START] GET https://www.mymiwallet.com/index.php/API/Alerts/fetchEmailAlerts

[1 occurrence(s)]
DEBUG --> [REQ_ID=8f76822f211e] [REQUEST][END]

[1 occurrence(s)]
DEBUG --> [REQ_ID=ac1904c82c3c] [REQUEST][START] HEAD /

[1 occurrence(s)]
DEBUG --> [REQ_ID=56fe3a9a8af9] [REQUEST][START] GET /index.php/

[1 occurrence(s)]
DEBUG --> [REQ_ID=56fe3a9a8af9] [REQUEST][END]

[1 occurrence(s)]
DEBUG --> [REQ_ID=ce47ad871814] [REQUEST][START] HEAD /

[1 occurrence(s)]
DEBUG --> [REQ_ID=968f1eb43c79] [REQUEST][START] HEAD /

[1 occurrence(s)]
DEBUG --> [REQ_ID=b64f50b32f4b] [REQUEST][START] HEAD /

[1 occurrence(s)]
DEBUG --> [REQ_ID=56055db4c472] [REQUEST][START] HEAD /

[1 occurrence(s)]
DEBUG --> [REQ_ID=880adfdcf239] [REQUEST][START] GET /

[1 occurrence(s)]
DEBUG --> [REQ_ID=880adfdcf239] [FILTER_BEFORE] /

[1 occurrence(s)]
DEBUG --> [REQ_ID=880adfdcf239] [ROUTE] Controller=\App\Controllers\Home Method=index

[1 occurrence(s)]
DEBUG --> [REQ_ID=880adfdcf239] [LIFECYCLE][START] GET https://www.mymiwallet.com/index.php/

[1 occurrence(s)]
DEBUG --> [CSRF] token name=csrf_test_name hash=b8dca22eedf0d052370f2f242e24e7be

[1 occurrence(s)]
DEBUG --> [REQ_ID=1495737f2d17] [INIT] App\Controllers\Home::GET

[1 occurrence(s)]
DEBUG --> [REQ_ID=1495737f2d17] [VIEW_RENDER] themes/public/home

[1 occurrence(s)]
DEBUG --> [REQ_ID=880adfdcf239] [FILTER_AFTER]

[1 occurrence(s)]
DEBUG --> [REQ_ID=880adfdcf239] [LIFECYCLE][END] status=200 duration_ms=765.01 memory_delta=4194304

[1 occurrence(s)]
DEBUG --> [REQ_ID=880adfdcf239] [REQUEST][END]

[1 occurrence(s)]
DEBUG --> [REQ_ID=ee150711ad74] [REQUEST][START] HEAD /

[1 occurrence(s)]
DEBUG --> [REQ_ID=6c4f963d13b1] [REQUEST][START] HEAD /

[1 occurrence(s)]
DEBUG --> [REQ_ID=4a72d725df16] [REQUEST][START] HEAD /

[1 occurrence(s)]
DEBUG --> [REQ_ID=c52d55851599] [REQUEST][START] HEAD /

[1 occurrence(s)]
DEBUG --> [REQ_ID=a32a23ef7190] [REQUEST][START] GET /index.php/API/Management/Run-CRON-Tasks

[1 occurrence(s)]
DEBUG --> [REQ_ID=a32a23ef7190] [FILTER_BEFORE] /index.php/API/Management/Run-CRON-Tasks

[1 occurrence(s)]
DEBUG --> [REQ_ID=a32a23ef7190] [ROUTE] Controller=\App\Modules\Management\Controllers\ManagementAPIController Method=Run_CRON_Tasks

[1 occurrence(s)]
DEBUG --> [REQ_ID=a32a23ef7190] [LIFECYCLE][START] GET https://www.mymiwallet.com/index.php/API/Management/Run-CRON-Tasks

[1 occurrence(s)]
DEBUG --> [REQ_ID=a32a23ef7190] [REQUEST][END]

[1 occurrence(s)]
DEBUG --> [REQ_ID=815d3d27902b] [REQUEST][START] HEAD /

[1 occurrence(s)]
DEBUG --> [REQ_ID=99d701b60ab7] [REQUEST][START] GET /

[1 occurrence(s)]
DEBUG --> [REQ_ID=99d701b60ab7] [FILTER_BEFORE] /

[1 occurrence(s)]
DEBUG --> [REQ_ID=99d701b60ab7] [ROUTE] Controller=\App\Controllers\Home Method=index

[1 occurrence(s)]
DEBUG --> [REQ_ID=99d701b60ab7] [LIFECYCLE][START] GET https://www.mymiwallet.com/index.php/

[1 occurrence(s)]
DEBUG --> [CSRF] token name=csrf_test_name hash=c0617c27875b0e76a49e7225535e2d5d

[1 occurrence(s)]
DEBUG --> [REQ_ID=777fbf178dc2] [INIT] App\Controllers\Home::GET

[1 occurrence(s)]
DEBUG --> [REQ_ID=777fbf178dc2] [VIEW_RENDER] themes/public/home

[1 occurrence(s)]
DEBUG --> [REQ_ID=99d701b60ab7] [FILTER_AFTER]

[1 occurrence(s)]
DEBUG --> [REQ_ID=99d701b60ab7] [LIFECYCLE][END] status=200 duration_ms=793.97 memory_delta=4194304

[1 occurrence(s)]
DEBUG --> [REQ_ID=99d701b60ab7] [REQUEST][END]

[1 occurrence(s)]
DEBUG --> [REQ_ID=24552b937ea6] [REQUEST][START] HEAD /

[1 occurrence(s)]
DEBUG --> [REQ_ID=dba17b48d616] [REQUEST][START] GET /

[1 occurrence(s)]
DEBUG --> [REQ_ID=dba17b48d616] [REQUEST][END]

[1 occurrence(s)]
DEBUG --> [REQ_ID=759cbba19dec] [REQUEST][START] HEAD /

[1 occurrence(s)]
DEBUG --> [REQ_ID=72e13a5ea716] [REQUEST][START] GET /index.php/API/Alerts/fetchEmailAlerts

[1 occurrence(s)]
DEBUG --> [REQ_ID=72e13a5ea716] [FILTER_BEFORE] /index.php/API/Alerts/fetchEmailAlerts

[1 occurrence(s)]
DEBUG --> [REQ_ID=72e13a5ea716] [ROUTE] Controller=\App\Modules\APIs\Controllers\AlertsAPIController Method=fetchEmailAlerts

[1 occurrence(s)]
DEBUG --> [REQ_ID=72e13a5ea716] [LIFECYCLE][START] GET https://www.mymiwallet.com/index.php/API/Alerts/fetchEmailAlerts

[1 occurrence(s)]
DEBUG --> [REQ_ID=72e13a5ea716] [REQUEST][END]

[1 occurrence(s)]
DEBUG --> [REQ_ID=90af47ff6535] [REQUEST][START] HEAD /

[1 occurrence(s)]
DEBUG --> [REQ_ID=5c36c848d437] [REQUEST][START] GET /

[1 occurrence(s)]
DEBUG --> [REQ_ID=5c36c848d437] [FILTER_BEFORE] /

[1 occurrence(s)]
DEBUG --> [REQ_ID=5c36c848d437] [ROUTE] Controller=\App\Controllers\Home Method=index

[1 occurrence(s)]
DEBUG --> [REQ_ID=5c36c848d437] [LIFECYCLE][START] GET https://www.mymiwallet.com/index.php/

[41 occurrence(s)]
DEBUG --> [CSRF] token name=csrf_test_name hash=aef6ea588db80bf5f4768947f41b7262

[1 occurrence(s)]
DEBUG --> [REQ_ID=6a69de0f7216] [INIT] App\Controllers\Home::GET

[13 occurrence(s)]
DEBUG --> [MetaService] slug= pageName= cacheHit=1 path=CACHE

[1 occurrence(s)]
DEBUG --> [REQ_ID=6a69de0f7216] [VIEW_RENDER] themes/public/home

[1 occurrence(s)]
DEBUG --> [REQ_ID=5c36c848d437] [FILTER_AFTER]

[1 occurrence(s)]
DEBUG --> [REQ_ID=5c36c848d437] [LIFECYCLE][END] status=200 duration_ms=723.86 memory_delta=4194304

[1 occurrence(s)]
DEBUG --> [REQ_ID=5c36c848d437] [REQUEST][END]

[1 occurrence(s)]
DEBUG --> [REQ_ID=723be70b326c] [REQUEST][START] POST /index.php/register

[1 occurrence(s)]
DEBUG --> [REQ_ID=723be70b326c] [FILTER_BEFORE] /index.php/register

[1 occurrence(s)]
DEBUG --> [REQ_ID=723be70b326c] [ROUTE] Controller=\App\Controllers\AuthController Method=attemptRegister

[1 occurrence(s)]
DEBUG --> [REQ_ID=723be70b326c] [LIFECYCLE][START] POST https://www.mymiwallet.com/index.php/register

[1 occurrence(s)]
DEBUG --> [REQ_ID=7da751d45762] [INIT] App\Controllers\AuthController::POST

[1 occurrence(s)]
DEBUG --> [REQ_ID=723be70b326c] [FILTER_AFTER]

[1 occurrence(s)]
DEBUG --> [REQ_ID=723be70b326c] [LIFECYCLE][END] status=303 duration_ms=1,345.18 memory_delta=0

[1 occurrence(s)]
DEBUG --> [REQ_ID=723be70b326c] [REQUEST][END]

[1 occurrence(s)]
DEBUG --> [REQ_ID=ddbb381520cb] [REQUEST][START] POST /index.php/register

[1 occurrence(s)]
DEBUG --> [REQ_ID=ddbb381520cb] [FILTER_BEFORE] /index.php/register

[1 occurrence(s)]
DEBUG --> [REQ_ID=ddbb381520cb] [ROUTE] Controller=\App\Controllers\AuthController Method=attemptRegister

[1 occurrence(s)]
DEBUG --> [REQ_ID=ddbb381520cb] [LIFECYCLE][START] POST https://www.mymiwallet.com/index.php/register

[1 occurrence(s)]
DEBUG --> [REQ_ID=372b2806df95] [INIT] App\Controllers\AuthController::POST

[1 occurrence(s)]
DEBUG --> [REQ_ID=ddbb381520cb] [FILTER_AFTER]

[1 occurrence(s)]
DEBUG --> [REQ_ID=ddbb381520cb] [LIFECYCLE][END] status=303 duration_ms=75.65 memory_delta=0

[1 occurrence(s)]
DEBUG --> [REQ_ID=ddbb381520cb] [REQUEST][END]

[1 occurrence(s)]
DEBUG --> [REQ_ID=c75a3906899a] [REQUEST][START] GET /index.php/

[1 occurrence(s)]
DEBUG --> [REQ_ID=c75a3906899a] [FILTER_BEFORE] /index.php/

[1 occurrence(s)]
DEBUG --> [REQ_ID=c75a3906899a] [ROUTE] Controller=\App\Controllers\Home Method=index

[1 occurrence(s)]
DEBUG --> [REQ_ID=c75a3906899a] [LIFECYCLE][START] GET https://www.mymiwallet.com/index.php/

[1 occurrence(s)]
DEBUG --> [REQ_ID=870088a05369] [INIT] App\Controllers\Home::GET

[1 occurrence(s)]
DEBUG --> [REQ_ID=870088a05369] [VIEW_RENDER] themes/public/home

[1 occurrence(s)]
DEBUG --> [REQ_ID=c75a3906899a] [FILTER_AFTER]

[1 occurrence(s)]
DEBUG --> [REQ_ID=c75a3906899a] [LIFECYCLE][END] status=200 duration_ms=618.37 memory_delta=4194304

[1 occurrence(s)]
DEBUG --> [REQ_ID=c75a3906899a] [REQUEST][END]

[1 occurrence(s)]
DEBUG --> [REQ_ID=59c4535fe98d] [REQUEST][START] GET /index.php/How-It-Works/Investor-Profile

[1 occurrence(s)]
DEBUG --> [REQ_ID=59c4535fe98d] [FILTER_BEFORE] /index.php/How-It-Works/Investor-Profile

[1 occurrence(s)]
DEBUG --> [REQ_ID=59c4535fe98d] [ROUTE] Controller=\App\Modules\Blog\Controllers\HowItWorksController Method=show

[1 occurrence(s)]
DEBUG --> [REQ_ID=59c4535fe98d] [LIFECYCLE][START] GET https://www.mymiwallet.com/index.php/How-It-Works/Investor-Profile

[1 occurrence(s)]
DEBUG --> [REQ_ID=49fe1774a365] [INIT] App\Modules\Blog\Controllers\HowItWorksController::GET

[1 occurrence(s)]
DEBUG --> [REQ_ID=49fe1774a365] [METHOD_ENTRY] show

[78 occurrence(s)]
DEBUG --> [SERVICE] App\Services\BudgetService ::setUserId

[30 occurrence(s)]
DEBUG --> MyMICoin: guest context detected; skipping user-specific preload.

[1 occurrence(s)]
DEBUG --> [REQ_ID=eff437f84175] [REQUEST][START] GET /index.php/login

[1 occurrence(s)]
DEBUG --> [REQ_ID=eff437f84175] [FILTER_BEFORE] /index.php/login

[1 occurrence(s)]
DEBUG --> [REQ_ID=eff437f84175] [ROUTE] Controller=\App\Controllers\AuthController Method=login

[1 occurrence(s)]
DEBUG --> [REQ_ID=eff437f84175] [LIFECYCLE][START] GET https://www.mymiwallet.com/index.php/login

[1 occurrence(s)]
DEBUG --> [REQ_ID=5974ed694c40] [INIT] App\Controllers\AuthController::GET

[1 occurrence(s)]
DEBUG --> [REQ_ID=eff437f84175] [FILTER_AFTER]

[1 occurrence(s)]
DEBUG --> [REQ_ID=eff437f84175] [LIFECYCLE][END] status=200 duration_ms=16.91 memory_delta=0

[1 occurrence(s)]
DEBUG --> [REQ_ID=eff437f84175] [REQUEST][END]

[1 occurrence(s)]
DEBUG --> [REQ_ID=12edae032029] [REQUEST][START] POST /index.php/login

[1 occurrence(s)]
DEBUG --> [REQ_ID=12edae032029] [FILTER_BEFORE] /index.php/login

[1 occurrence(s)]
DEBUG --> [REQ_ID=12edae032029] [ROUTE] Controller=\App\Controllers\AuthController Method=attemptLogin

[1 occurrence(s)]
DEBUG --> [REQ_ID=12edae032029] [LIFECYCLE][START] POST https://www.mymiwallet.com/index.php/login

[1 occurrence(s)]
DEBUG --> [REQ_ID=4186feaf8fcf] [INIT] App\Controllers\AuthController::POST

[1 occurrence(s)]
DEBUG --> Auth attemptLogin() called with login identifier: i.de.d.uz.o.no7.7@gmail.com, remember: false

[1 occurrence(s)]
DEBUG --> Auth attemptLogin() called. redirect_url in session: none

[1 occurrence(s)]
DEBUG --> Auth credentials normalised for attempt using key "email"

[1 occurrence(s)]
DEBUG --> Auth attempt failed for identifier i.de.d.uz.o.no7.7@gmail.com. Error: Unable to log you in. Please check your password.

[1 occurrence(s)]
DEBUG --> [REQ_ID=12edae032029] [FILTER_AFTER]

[1 occurrence(s)]
DEBUG --> [REQ_ID=12edae032029] [LIFECYCLE][END] status=303 duration_ms=246.10 memory_delta=0

[1 occurrence(s)]
DEBUG --> [REQ_ID=12edae032029] [REQUEST][END]

[1 occurrence(s)]
DEBUG --> [REQ_ID=0fbef40abd1e] [REQUEST][START] GET /index.php/login

[1 occurrence(s)]
DEBUG --> [REQ_ID=0fbef40abd1e] [FILTER_BEFORE] /index.php/login

[1 occurrence(s)]
DEBUG --> [REQ_ID=0fbef40abd1e] [ROUTE] Controller=\App\Controllers\AuthController Method=login

[1 occurrence(s)]
DEBUG --> [REQ_ID=0fbef40abd1e] [LIFECYCLE][START] GET https://www.mymiwallet.com/index.php/login

[1 occurrence(s)]
DEBUG --> [REQ_ID=12367435a301] [INIT] App\Controllers\AuthController::GET

[1 occurrence(s)]
DEBUG --> [REQ_ID=0fbef40abd1e] [FILTER_AFTER]

[1 occurrence(s)]
DEBUG --> [REQ_ID=0fbef40abd1e] [LIFECYCLE][END] status=200 duration_ms=16.06 memory_delta=0

[1 occurrence(s)]
DEBUG --> [REQ_ID=0fbef40abd1e] [REQUEST][END]

[1 occurrence(s)]
DEBUG --> [REQ_ID=98cb83a9424a] [REQUEST][START] GET /index.php/How-It-Works/Registering-An-Account

[1 occurrence(s)]
DEBUG --> [REQ_ID=98cb83a9424a] [FILTER_BEFORE] /index.php/How-It-Works/Registering-An-Account

[1 occurrence(s)]
DEBUG --> [REQ_ID=98cb83a9424a] [ROUTE] Controller=\App\Modules\Blog\Controllers\HowItWorksController Method=show

[1 occurrence(s)]
DEBUG --> [REQ_ID=98cb83a9424a] [LIFECYCLE][START] GET https://www.mymiwallet.com/index.php/How-It-Works/Registering-An-Account

[1 occurrence(s)]
DEBUG --> [REQ_ID=1847515b9431] [INIT] App\Modules\Blog\Controllers\HowItWorksController::GET

[1 occurrence(s)]
DEBUG --> [REQ_ID=1847515b9431] [METHOD_ENTRY] show

[1 occurrence(s)]
DEBUG --> [REQ_ID=de0cab795e64] [REQUEST][START] GET /index.php/Free/register

[1 occurrence(s)]
DEBUG --> [REQ_ID=de0cab795e64] [FILTER_BEFORE] /index.php/Free/register

[1 occurrence(s)]
DEBUG --> [REQ_ID=de0cab795e64] [ROUTE] Controller=\App\Controllers\AuthController Method=register

[1 occurrence(s)]
DEBUG --> [REQ_ID=de0cab795e64] [LIFECYCLE][START] GET https://www.mymiwallet.com/index.php/Free/register

[1 occurrence(s)]
DEBUG --> [REQ_ID=de0cab795e64] [REQUEST][END]

[1 occurrence(s)]
DEBUG --> [REQ_ID=78ae47123e48] [REQUEST][START] GET /index.php/login

[1 occurrence(s)]
DEBUG --> [REQ_ID=78ae47123e48] [FILTER_BEFORE] /index.php/login

[1 occurrence(s)]
DEBUG --> [REQ_ID=78ae47123e48] [ROUTE] Controller=\App\Controllers\AuthController Method=login

[1 occurrence(s)]
DEBUG --> [REQ_ID=78ae47123e48] [LIFECYCLE][START] GET https://www.mymiwallet.com/index.php/login

[1 occurrence(s)]
DEBUG --> [REQ_ID=013d583204e0] [INIT] App\Controllers\AuthController::GET

[1 occurrence(s)]
DEBUG --> [REQ_ID=78ae47123e48] [FILTER_AFTER]

[1 occurrence(s)]
DEBUG --> [REQ_ID=78ae47123e48] [LIFECYCLE][END] status=200 duration_ms=19.00 memory_delta=0

[1 occurrence(s)]
DEBUG --> [REQ_ID=78ae47123e48] [REQUEST][END]

[1 occurrence(s)]
DEBUG --> [REQ_ID=976069c4dd0a] [REQUEST][START] GET /index.php/forgot

[1 occurrence(s)]
DEBUG --> [REQ_ID=976069c4dd0a] [FILTER_BEFORE] /index.php/forgot

[1 occurrence(s)]
DEBUG --> [REQ_ID=976069c4dd0a] [ROUTE] Controller=\Myth\Auth\Controllers\AuthController Method=forgotPassword

[1 occurrence(s)]
DEBUG --> [REQ_ID=976069c4dd0a] [LIFECYCLE][START] GET https://www.mymiwallet.com/index.php/forgot

[1 occurrence(s)]
DEBUG --> [REQ_ID=976069c4dd0a] [FILTER_AFTER]

[1 occurrence(s)]
DEBUG --> [REQ_ID=976069c4dd0a] [LIFECYCLE][END] status=200 duration_ms=3.58 memory_delta=0

[1 occurrence(s)]
DEBUG --> [REQ_ID=976069c4dd0a] [REQUEST][END]

[1 occurrence(s)]
DEBUG --> [REQ_ID=3bdc53a187e2] [REQUEST][START] POST /index.php/forgot

[1 occurrence(s)]
DEBUG --> [REQ_ID=3bdc53a187e2] [FILTER_BEFORE] /index.php/forgot

[1 occurrence(s)]
DEBUG --> [REQ_ID=3bdc53a187e2] [ROUTE] Controller=\App\Controllers\AuthController Method=attemptForgot

[1 occurrence(s)]
DEBUG --> [REQ_ID=3bdc53a187e2] [LIFECYCLE][START] POST https://www.mymiwallet.com/index.php/forgot

[1 occurrence(s)]
DEBUG --> [REQ_ID=bffd90625c30] [INIT] App\Controllers\AuthController::POST

[1 occurrence(s)]
DEBUG --> [REQ_ID=3bdc53a187e2] [FILTER_AFTER]

[1 occurrence(s)]
DEBUG --> [REQ_ID=3bdc53a187e2] [LIFECYCLE][END] status=303 duration_ms=1,104.45 memory_delta=0

[1 occurrence(s)]
DEBUG --> [REQ_ID=3bdc53a187e2] [REQUEST][END]

[1 occurrence(s)]
DEBUG --> [REQ_ID=71d2c1b1aac5] [REQUEST][START] GET /index.php/reset-password

[1 occurrence(s)]
DEBUG --> [REQ_ID=71d2c1b1aac5] [FILTER_BEFORE] /index.php/reset-password

[1 occurrence(s)]
DEBUG --> [REQ_ID=71d2c1b1aac5] [ROUTE] Controller=\App\Controllers\AuthController Method=resetPassword

[1 occurrence(s)]
DEBUG --> [REQ_ID=71d2c1b1aac5] [LIFECYCLE][START] GET https://www.mymiwallet.com/index.php/reset-password

[1 occurrence(s)]
DEBUG --> [REQ_ID=8fb855d2c959] [INIT] App\Controllers\AuthController::GET

[1 occurrence(s)]
DEBUG --> [REQ_ID=71d2c1b1aac5] [FILTER_AFTER]

[1 occurrence(s)]
DEBUG --> [REQ_ID=71d2c1b1aac5] [LIFECYCLE][END] status=200 duration_ms=14.33 memory_delta=0

[1 occurrence(s)]
DEBUG --> [REQ_ID=71d2c1b1aac5] [REQUEST][END]

[1 occurrence(s)]
DEBUG --> [REQ_ID=cd11ffa07160] [REQUEST][START] GET /index.php/register

[1 occurrence(s)]
DEBUG --> [REQ_ID=cd11ffa07160] [FILTER_BEFORE] /index.php/register

[1 occurrence(s)]
DEBUG --> [REQ_ID=cd11ffa07160] [ROUTE] Controller=\App\Controllers\AuthController Method=register

[1 occurrence(s)]
DEBUG --> [REQ_ID=cd11ffa07160] [LIFECYCLE][START] GET https://www.mymiwallet.com/index.php/register

[1 occurrence(s)]
DEBUG --> [REQ_ID=c1a2c1dfb276] [INIT] App\Controllers\AuthController::GET

[1 occurrence(s)]
DEBUG --> [REQ_ID=b21d0cc64be9] [REQUEST][START] GET /index.php/Support/Account

[1 occurrence(s)]
DEBUG --> [REQ_ID=b21d0cc64be9] [FILTER_BEFORE] /index.php/Support/Account

[1 occurrence(s)]
DEBUG --> [REQ_ID=b21d0cc64be9] [ROUTE] Controller=\App\Modules\Support\Controllers\AccountSupportController Method=index

[1 occurrence(s)]
DEBUG --> [REQ_ID=b21d0cc64be9] [LIFECYCLE][START] GET https://www.mymiwallet.com/index.php/Support/Account

[1 occurrence(s)]
DEBUG --> [REQ_ID=0fe628557015] [INIT] App\Modules\Support\Controllers\AccountSupportController::GET

[1 occurrence(s)]
DEBUG --> [REQ_ID=0fe628557015] [METHOD_ENTRY] index

[1 occurrence(s)]
DEBUG --> [REQ_ID=0fe628557015] [VIEW_RENDER] SupportModule/Support/account_help

[1 occurrence(s)]
DEBUG --> [REQ_ID=b21d0cc64be9] [FILTER_AFTER]

[1 occurrence(s)]
DEBUG --> [REQ_ID=b21d0cc64be9] [LIFECYCLE][END] status=200 duration_ms=32.54 memory_delta=0

[1 occurrence(s)]
DEBUG --> [REQ_ID=b21d0cc64be9] [REQUEST][END]

[1 occurrence(s)]
DEBUG --> [REQ_ID=9bdebd82ce53] [REQUEST][START] GET /index.php/Account

[1 occurrence(s)]
DEBUG --> [REQ_ID=9bdebd82ce53] [FILTER_BEFORE] /index.php/Account

[1 occurrence(s)]
DEBUG --> [REQ_ID=9bdebd82ce53] [ROUTE] Controller=\App\Modules\User\Controllers\DashboardController Method=account

[1 occurrence(s)]
DEBUG --> [REQ_ID=9bdebd82ce53] [LIFECYCLE][START] GET https://www.mymiwallet.com/index.php/Account

[1 occurrence(s)]
DEBUG --> [REQ_ID=9bdebd82ce53] [REQUEST][END]

[1 occurrence(s)]
DEBUG --> [REQ_ID=338fa1c8cbf7] [REQUEST][START] GET /index.php/login

[1 occurrence(s)]
DEBUG --> [REQ_ID=338fa1c8cbf7] [FILTER_BEFORE] /index.php/login

[1 occurrence(s)]
DEBUG --> [REQ_ID=338fa1c8cbf7] [ROUTE] Controller=\App\Controllers\AuthController Method=login

[1 occurrence(s)]
DEBUG --> [REQ_ID=338fa1c8cbf7] [LIFECYCLE][START] GET https://www.mymiwallet.com/index.php/login

[1 occurrence(s)]
DEBUG --> [REQ_ID=cbb4dadb4cf9] [INIT] App\Controllers\AuthController::GET

[1 occurrence(s)]
DEBUG --> [REQ_ID=338fa1c8cbf7] [FILTER_AFTER]

[1 occurrence(s)]
DEBUG --> [REQ_ID=338fa1c8cbf7] [LIFECYCLE][END] status=200 duration_ms=16.95 memory_delta=0

[1 occurrence(s)]
DEBUG --> [REQ_ID=338fa1c8cbf7] [REQUEST][END]

[1 occurrence(s)]
DEBUG --> [REQ_ID=d20858be391f] [REQUEST][START] GET /index.php/Management/Users

[1 occurrence(s)]
DEBUG --> [REQ_ID=d20858be391f] [FILTER_BEFORE] /index.php/Management/Users

[1 occurrence(s)]
DEBUG --> [REQ_ID=d20858be391f] [ROUTE] Controller=\App\Modules\Management\Controllers\UsersController Method=index

[1 occurrence(s)]
DEBUG --> [REQ_ID=d20858be391f] [LIFECYCLE][START] GET https://www.mymiwallet.com/index.php/Management/Users

[1 occurrence(s)]
DEBUG --> [REQ_ID=d20858be391f] [REQUEST][END]

[1 occurrence(s)]
DEBUG --> [REQ_ID=64b4d59bc811] [REQUEST][START] GET /index.php/login

[1 occurrence(s)]
DEBUG --> [REQ_ID=64b4d59bc811] [FILTER_BEFORE] /index.php/login

[1 occurrence(s)]
DEBUG --> [REQ_ID=64b4d59bc811] [ROUTE] Controller=\App\Controllers\AuthController Method=login

[1 occurrence(s)]
DEBUG --> [REQ_ID=64b4d59bc811] [LIFECYCLE][START] GET https://www.mymiwallet.com/index.php/login

[1 occurrence(s)]
DEBUG --> [REQ_ID=d0367e6ab33d] [INIT] App\Controllers\AuthController::GET

[1 occurrence(s)]
DEBUG --> [REQ_ID=64b4d59bc811] [FILTER_AFTER]

[1 occurrence(s)]
DEBUG --> [REQ_ID=64b4d59bc811] [LIFECYCLE][END] status=200 duration_ms=86.49 memory_delta=0

[1 occurrence(s)]
DEBUG --> [REQ_ID=64b4d59bc811] [REQUEST][END]

[1 occurrence(s)]
DEBUG --> [REQ_ID=c074c53f30e6] [REQUEST][START] GET /index.php/Investments/News

[1 occurrence(s)]
DEBUG --> [REQ_ID=c074c53f30e6] [FILTER_BEFORE] /index.php/Investments/News

[1 occurrence(s)]
DEBUG --> [REQ_ID=c074c53f30e6] [ROUTE] Controller=closure_route Method=index

[1 occurrence(s)]
DEBUG --> [REQ_ID=c074c53f30e6] [LIFECYCLE][START] GET https://www.mymiwallet.com/index.php/Investments/News

[1 occurrence(s)]
DEBUG --> [REQ_ID=c074c53f30e6] [REQUEST][END]

[1 occurrence(s)]
DEBUG --> [REQ_ID=79402c9c255d] [REQUEST][START] GET /index.php/login

[1 occurrence(s)]
DEBUG --> [REQ_ID=79402c9c255d] [FILTER_BEFORE] /index.php/login

[1 occurrence(s)]
DEBUG --> [REQ_ID=79402c9c255d] [ROUTE] Controller=\App\Controllers\AuthController Method=login

[1 occurrence(s)]
DEBUG --> [REQ_ID=79402c9c255d] [LIFECYCLE][START] GET https://www.mymiwallet.com/index.php/login

[1 occurrence(s)]
DEBUG --> [REQ_ID=d0c8d18f27c0] [INIT] App\Controllers\AuthController::GET

[1 occurrence(s)]
DEBUG --> [REQ_ID=79402c9c255d] [FILTER_AFTER]

[1 occurrence(s)]
DEBUG --> [REQ_ID=79402c9c255d] [LIFECYCLE][END] status=200 duration_ms=23.26 memory_delta=0

[1 occurrence(s)]
DEBUG --> [REQ_ID=79402c9c255d] [REQUEST][END]

[1 occurrence(s)]
DEBUG --> [REQ_ID=5399a1dcf659] [REQUEST][START] GET /index.php/Account/Security

[1 occurrence(s)]
DEBUG --> [REQ_ID=5399a1dcf659] [FILTER_BEFORE] /index.php/Account/Security

[1 occurrence(s)]
DEBUG --> [REQ_ID=5399a1dcf659] [ROUTE] Controller=\App\Modules\User\Controllers\DashboardController Method=Security

[1 occurrence(s)]
DEBUG --> [REQ_ID=5399a1dcf659] [LIFECYCLE][START] GET https://www.mymiwallet.com/index.php/Account/Security

[1 occurrence(s)]
DEBUG --> [REQ_ID=5399a1dcf659] [REQUEST][END]

[1 occurrence(s)]
DEBUG --> [REQ_ID=dba2d4faa5e1] [REQUEST][START] GET /index.php/login

[1 occurrence(s)]
DEBUG --> [REQ_ID=dba2d4faa5e1] [FILTER_BEFORE] /index.php/login

[1 occurrence(s)]
DEBUG --> [REQ_ID=dba2d4faa5e1] [ROUTE] Controller=\App\Controllers\AuthController Method=login

[1 occurrence(s)]
DEBUG --> [REQ_ID=dba2d4faa5e1] [LIFECYCLE][START] GET https://www.mymiwallet.com/index.php/login

[1 occurrence(s)]
DEBUG --> [REQ_ID=cd05c725d1ac] [INIT] App\Controllers\AuthController::GET

[1 occurrence(s)]
DEBUG --> [REQ_ID=dba2d4faa5e1] [FILTER_AFTER]

[1 occurrence(s)]
DEBUG --> [REQ_ID=dba2d4faa5e1] [LIFECYCLE][END] status=200 duration_ms=82.26 memory_delta=0

[1 occurrence(s)]
DEBUG --> [REQ_ID=dba2d4faa5e1] [REQUEST][END]

[1 occurrence(s)]
DEBUG --> [REQ_ID=37af16cd5c7a] [REQUEST][START] GET /index.php/logout

[1 occurrence(s)]
DEBUG --> [REQ_ID=37af16cd5c7a] [FILTER_BEFORE] /index.php/logout

[1 occurrence(s)]
DEBUG --> [REQ_ID=37af16cd5c7a] [ROUTE] Controller=\App\Controllers\AuthController Method=logout

[1 occurrence(s)]
DEBUG --> [REQ_ID=37af16cd5c7a] [LIFECYCLE][START] GET https://www.mymiwallet.com/index.php/logout

[1 occurrence(s)]
DEBUG --> [REQ_ID=37af16cd5c7a] [REQUEST][END]

[1 occurrence(s)]
DEBUG --> [REQ_ID=ba6af1a77efe] [REQUEST][START] GET /index.php/login

[1 occurrence(s)]
DEBUG --> [REQ_ID=ba6af1a77efe] [FILTER_BEFORE] /index.php/login

[1 occurrence(s)]
DEBUG --> [REQ_ID=ba6af1a77efe] [ROUTE] Controller=\App\Controllers\AuthController Method=login

[1 occurrence(s)]
DEBUG --> [REQ_ID=ba6af1a77efe] [LIFECYCLE][START] GET https://www.mymiwallet.com/index.php/login

[1 occurrence(s)]
DEBUG --> [REQ_ID=d65ba7aa1766] [INIT] App\Controllers\AuthController::GET

[1 occurrence(s)]
DEBUG --> [REQ_ID=ba6af1a77efe] [FILTER_AFTER]

[1 occurrence(s)]
DEBUG --> [REQ_ID=ba6af1a77efe] [LIFECYCLE][END] status=200 duration_ms=27.85 memory_delta=0

[1 occurrence(s)]
DEBUG --> [REQ_ID=ba6af1a77efe] [REQUEST][END]

[1 occurrence(s)]
DEBUG --> [REQ_ID=8d1ed6521f9e] [REQUEST][START] GET /index.php/Account/Notifications

[1 occurrence(s)]
DEBUG --> [REQ_ID=8d1ed6521f9e] [FILTER_BEFORE] /index.php/Account/Notifications

[1 occurrence(s)]
DEBUG --> [REQ_ID=8d1ed6521f9e] [ROUTE] Controller=\App\Modules\User\Controllers\DashboardController Method=notifications

[1 occurrence(s)]
DEBUG --> [REQ_ID=8d1ed6521f9e] [LIFECYCLE][START] GET https://www.mymiwallet.com/index.php/Account/Notifications

[1 occurrence(s)]
DEBUG --> [REQ_ID=8d1ed6521f9e] [REQUEST][END]

[1 occurrence(s)]
DEBUG --> [REQ_ID=2060198bdea1] [REQUEST][START] GET /index.php/login

[1 occurrence(s)]
DEBUG --> [REQ_ID=2060198bdea1] [FILTER_BEFORE] /index.php/login

[1 occurrence(s)]
DEBUG --> [REQ_ID=2060198bdea1] [ROUTE] Controller=\App\Controllers\AuthController Method=login

[1 occurrence(s)]
DEBUG --> [REQ_ID=2060198bdea1] [LIFECYCLE][START] GET https://www.mymiwallet.com/index.php/login

[1 occurrence(s)]
DEBUG --> [REQ_ID=cf914a4974e9] [INIT] App\Controllers\AuthController::GET

[1 occurrence(s)]
DEBUG --> [REQ_ID=2060198bdea1] [FILTER_AFTER]

[1 occurrence(s)]
DEBUG --> [REQ_ID=2060198bdea1] [LIFECYCLE][END] status=200 duration_ms=83.30 memory_delta=0

[1 occurrence(s)]
DEBUG --> [REQ_ID=2060198bdea1] [REQUEST][END]

[1 occurrence(s)]
DEBUG --> [REQ_ID=a92f12b0f074] [REQUEST][START] GET /index.php/Account/Billing

[1 occurrence(s)]
DEBUG --> [REQ_ID=a92f12b0f074] [FILTER_BEFORE] /index.php/Account/Billing

[1 occurrence(s)]
DEBUG --> [REQ_ID=a92f12b0f074] [ROUTE] Controller=\App\Modules\User\Controllers\DashboardController Method=billing

[1 occurrence(s)]
DEBUG --> [REQ_ID=a92f12b0f074] [LIFECYCLE][START] GET https://www.mymiwallet.com/index.php/Account/Billing

[1 occurrence(s)]
DEBUG --> [REQ_ID=a92f12b0f074] [REQUEST][END]

[1 occurrence(s)]
DEBUG --> [REQ_ID=a03a36de6da5] [REQUEST][START] GET /index.php/login

[1 occurrence(s)]
DEBUG --> [REQ_ID=a03a36de6da5] [FILTER_BEFORE] /index.php/login

[1 occurrence(s)]
DEBUG --> [REQ_ID=a03a36de6da5] [ROUTE] Controller=\App\Controllers\AuthController Method=login

[1 occurrence(s)]
DEBUG --> [REQ_ID=a03a36de6da5] [LIFECYCLE][START] GET https://www.mymiwallet.com/index.php/login

[1 occurrence(s)]
DEBUG --> [REQ_ID=ced9bd5fdfda] [INIT] App\Controllers\AuthController::GET

[1 occurrence(s)]
DEBUG --> [REQ_ID=a03a36de6da5] [FILTER_AFTER]

[1 occurrence(s)]
DEBUG --> [REQ_ID=a03a36de6da5] [LIFECYCLE][END] status=200 duration_ms=180.26 memory_delta=0

[1 occurrence(s)]
DEBUG --> [REQ_ID=a03a36de6da5] [REQUEST][END]

[1 occurrence(s)]
DEBUG --> [REQ_ID=08bb02440b39] [REQUEST][START] GET /index.php/Account/Social-Media

[1 occurrence(s)]
DEBUG --> [REQ_ID=08bb02440b39] [FILTER_BEFORE] /index.php/Account/Social-Media

[1 occurrence(s)]
DEBUG --> [REQ_ID=08bb02440b39] [ROUTE] Controller=\App\Modules\User\Controllers\DashboardController Method=SocialMedia

[1 occurrence(s)]
DEBUG --> [REQ_ID=08bb02440b39] [LIFECYCLE][START] GET https://www.mymiwallet.com/index.php/Account/Social-Media

[1 occurrence(s)]
DEBUG --> [REQ_ID=08bb02440b39] [REQUEST][END]

[1 occurrence(s)]
DEBUG --> [REQ_ID=979496dccacd] [REQUEST][START] GET /index.php/login

[1 occurrence(s)]
DEBUG --> [REQ_ID=979496dccacd] [FILTER_BEFORE] /index.php/login

[1 occurrence(s)]
DEBUG --> [REQ_ID=979496dccacd] [ROUTE] Controller=\App\Controllers\AuthController Method=login

[1 occurrence(s)]
DEBUG --> [REQ_ID=979496dccacd] [LIFECYCLE][START] GET https://www.mymiwallet.com/index.php/login

[1 occurrence(s)]
DEBUG --> [REQ_ID=bbd751260f23] [INIT] App\Controllers\AuthController::GET

[1 occurrence(s)]
DEBUG --> [REQ_ID=979496dccacd] [FILTER_AFTER]

[1 occurrence(s)]
DEBUG --> [REQ_ID=979496dccacd] [LIFECYCLE][END] status=200 duration_ms=27.05 memory_delta=0

[1 occurrence(s)]
DEBUG --> [REQ_ID=979496dccacd] [REQUEST][END]

[1 occurrence(s)]
DEBUG --> [REQ_ID=527d4cabee9c] [REQUEST][START] HEAD /

[1 occurrence(s)]
DEBUG --> [REQ_ID=7c6a80607d94] [REQUEST][START] GET /index.php/Customer-Support

[1 occurrence(s)]
DEBUG --> [REQ_ID=7c6a80607d94] [FILTER_BEFORE] /index.php/Customer-Support

[1 occurrence(s)]
DEBUG --> [REQ_ID=7c6a80607d94] [ROUTE] Controller=\App\Controllers\App\Modules\Support\Controllers\SupportController Method=index

[1 occurrence(s)]
DEBUG --> [REQ_ID=7c6a80607d94] [LIFECYCLE][START] GET https://www.mymiwallet.com/index.php/Customer-Support

[1 occurrence(s)]
DEBUG --> [REQ_ID=7c6a80607d94] [REQUEST][END]

[1 occurrence(s)]
DEBUG --> [REQ_ID=e2a03e410529] [REQUEST][START] GET /index.php/login

[1 occurrence(s)]
DEBUG --> [REQ_ID=e2a03e410529] [FILTER_BEFORE] /index.php/login

[1 occurrence(s)]
DEBUG --> [REQ_ID=e2a03e410529] [ROUTE] Controller=\App\Controllers\AuthController Method=login

[1 occurrence(s)]
DEBUG --> [REQ_ID=e2a03e410529] [LIFECYCLE][START] GET https://www.mymiwallet.com/index.php/login

[1 occurrence(s)]
DEBUG --> [REQ_ID=34d0f2605b09] [INIT] App\Controllers\AuthController::GET

[1 occurrence(s)]
DEBUG --> [REQ_ID=e2a03e410529] [FILTER_AFTER]

[1 occurrence(s)]
DEBUG --> [REQ_ID=e2a03e410529] [LIFECYCLE][END] status=200 duration_ms=15.11 memory_delta=0

[1 occurrence(s)]
DEBUG --> [REQ_ID=e2a03e410529] [REQUEST][END]

[1 occurrence(s)]
DEBUG --> [REQ_ID=8adb22978cb8] [REQUEST][START] GET /index.php/Profile/

[1 occurrence(s)]
DEBUG --> [REQ_ID=8adb22978cb8] [FILTER_BEFORE] /index.php/Profile/

[1 occurrence(s)]
DEBUG --> [REQ_ID=8adb22978cb8] [ROUTE] Controller=\App\Controllers\App\Modules\User\Controllers\DashboardController Method=profile

[1 occurrence(s)]
DEBUG --> [REQ_ID=8adb22978cb8] [LIFECYCLE][START] GET https://www.mymiwallet.com/index.php/Profile/

[1 occurrence(s)]
DEBUG --> [REQ_ID=8adb22978cb8] [REQUEST][END]

[1 occurrence(s)]
DEBUG --> [REQ_ID=c38f286a036d] [REQUEST][START] GET /index.php/login

[1 occurrence(s)]
DEBUG --> [REQ_ID=c38f286a036d] [FILTER_BEFORE] /index.php/login

[1 occurrence(s)]
DEBUG --> [REQ_ID=c38f286a036d] [ROUTE] Controller=\App\Controllers\AuthController Method=login

[1 occurrence(s)]
DEBUG --> [REQ_ID=c38f286a036d] [LIFECYCLE][START] GET https://www.mymiwallet.com/index.php/login

[1 occurrence(s)]
DEBUG --> [REQ_ID=544d6b33b527] [INIT] App\Controllers\AuthController::GET

[1 occurrence(s)]
DEBUG --> [REQ_ID=c38f286a036d] [FILTER_AFTER]

[1 occurrence(s)]
DEBUG --> [REQ_ID=c38f286a036d] [LIFECYCLE][END] status=200 duration_ms=32.28 memory_delta=0

[1 occurrence(s)]
DEBUG --> [REQ_ID=c38f286a036d] [REQUEST][END]

[1 occurrence(s)]
DEBUG --> [REQ_ID=ead972ee8e67] [REQUEST][START] GET /index.php/Account/Activity

[1 occurrence(s)]
DEBUG --> [REQ_ID=ead972ee8e67] [FILTER_BEFORE] /index.php/Account/Activity

[1 occurrence(s)]
DEBUG --> [REQ_ID=ead972ee8e67] [ROUTE] Controller=\App\Modules\User\Controllers\DashboardController Method=activity

[1 occurrence(s)]
DEBUG --> [REQ_ID=ead972ee8e67] [LIFECYCLE][START] GET https://www.mymiwallet.com/index.php/Account/Activity

[1 occurrence(s)]
DEBUG --> [REQ_ID=ead972ee8e67] [REQUEST][END]

[1 occurrence(s)]
DEBUG --> [REQ_ID=fd78e0e6100b] [REQUEST][START] GET /index.php/login

[1 occurrence(s)]
DEBUG --> [REQ_ID=fd78e0e6100b] [FILTER_BEFORE] /index.php/login

[1 occurrence(s)]
DEBUG --> [REQ_ID=fd78e0e6100b] [ROUTE] Controller=\App\Controllers\AuthController Method=login

[1 occurrence(s)]
DEBUG --> [REQ_ID=fd78e0e6100b] [LIFECYCLE][START] GET https://www.mymiwallet.com/index.php/login

[1 occurrence(s)]
DEBUG --> [REQ_ID=e81a4eb39b0e] [INIT] App\Controllers\AuthController::GET

[1 occurrence(s)]
DEBUG --> [REQ_ID=fd78e0e6100b] [FILTER_AFTER]

[1 occurrence(s)]
DEBUG --> [REQ_ID=fd78e0e6100b] [LIFECYCLE][END] status=200 duration_ms=30.67 memory_delta=0

[1 occurrence(s)]
DEBUG --> [REQ_ID=fd78e0e6100b] [REQUEST][END]

[1 occurrence(s)]
DEBUG --> [REQ_ID=203551f8a18e] [REQUEST][START] GET /index.php/Account/Connected-Accounts

[1 occurrence(s)]
DEBUG --> [REQ_ID=203551f8a18e] [FILTER_BEFORE] /index.php/Account/Connected-Accounts

[1 occurrence(s)]
DEBUG --> [REQ_ID=203551f8a18e] [ROUTE] Controller=\App\Modules\User\Controllers\DashboardController Method=connectedAccounts

[1 occurrence(s)]
DEBUG --> [REQ_ID=203551f8a18e] [LIFECYCLE][START] GET https://www.mymiwallet.com/index.php/Account/Connected-Accounts

[1 occurrence(s)]
DEBUG --> [REQ_ID=203551f8a18e] [REQUEST][END]

[1 occurrence(s)]
DEBUG --> [REQ_ID=0684f86b188a] [REQUEST][START] GET /index.php/login

[1 occurrence(s)]
DEBUG --> [REQ_ID=0684f86b188a] [FILTER_BEFORE] /index.php/login

[1 occurrence(s)]
DEBUG --> [REQ_ID=0684f86b188a] [ROUTE] Controller=\App\Controllers\AuthController Method=login

[1 occurrence(s)]
DEBUG --> [REQ_ID=0684f86b188a] [LIFECYCLE][START] GET https://www.mymiwallet.com/index.php/login

[1 occurrence(s)]
DEBUG --> [REQ_ID=b5423c9ee2f8] [INIT] App\Controllers\AuthController::GET

[1 occurrence(s)]
DEBUG --> [REQ_ID=0684f86b188a] [FILTER_AFTER]

[1 occurrence(s)]
DEBUG --> [REQ_ID=0684f86b188a] [LIFECYCLE][END] status=200 duration_ms=26.64 memory_delta=0

[1 occurrence(s)]
DEBUG --> [REQ_ID=0684f86b188a] [REQUEST][END]

[1 occurrence(s)]
DEBUG --> [REQ_ID=e89a32797abe] [REQUEST][START] GET /index.php/How-It-Works/Automated-Financial-Insights

[1 occurrence(s)]
DEBUG --> [REQ_ID=e89a32797abe] [FILTER_BEFORE] /index.php/How-It-Works/Automated-Financial-Insights

[1 occurrence(s)]
DEBUG --> [REQ_ID=e89a32797abe] [ROUTE] Controller=\App\Modules\Blog\Controllers\HowItWorksController Method=show

[1 occurrence(s)]
DEBUG --> [REQ_ID=e89a32797abe] [LIFECYCLE][START] GET https://www.mymiwallet.com/index.php/How-It-Works/Automated-Financial-Insights

[1 occurrence(s)]
DEBUG --> [REQ_ID=27366c78a6e0] [INIT] App\Modules\Blog\Controllers\HowItWorksController::GET

[1 occurrence(s)]
DEBUG --> [REQ_ID=27366c78a6e0] [METHOD_ENTRY] show

[1 occurrence(s)]
DEBUG --> [REQ_ID=020ba7c809b6] [REQUEST][START] HEAD /

[1 occurrence(s)]
DEBUG --> [REQ_ID=a197a3dabd60] [REQUEST][START] HEAD /

[1 occurrence(s)]
DEBUG --> [REQ_ID=4942440199d2] [REQUEST][START] GET /

[1 occurrence(s)]
DEBUG --> [REQ_ID=4942440199d2] [FILTER_BEFORE] /

[1 occurrence(s)]
DEBUG --> [REQ_ID=4942440199d2] [ROUTE] Controller=\App\Controllers\Home Method=index

[1 occurrence(s)]
DEBUG --> [REQ_ID=4942440199d2] [LIFECYCLE][START] GET https://www.mymiwallet.com/index.php/

[1 occurrence(s)]
DEBUG --> [CSRF] token name=csrf_test_name hash=ae945c03e70aeb63cb2958991af66125

[1 occurrence(s)]
DEBUG --> [REQ_ID=593a6d215fda] [INIT] App\Controllers\Home::GET

[1 occurrence(s)]
DEBUG --> [REQ_ID=593a6d215fda] [VIEW_RENDER] themes/public/home

[1 occurrence(s)]
DEBUG --> [REQ_ID=4942440199d2] [FILTER_AFTER]

[1 occurrence(s)]
DEBUG --> [REQ_ID=4942440199d2] [LIFECYCLE][END] status=200 duration_ms=705.35 memory_delta=4194304

[1 occurrence(s)]
DEBUG --> [REQ_ID=4942440199d2] [REQUEST][END]

[1 occurrence(s)]
DEBUG --> [REQ_ID=a23a681e7efa] [REQUEST][START] HEAD /

[1 occurrence(s)]
DEBUG --> [REQ_ID=c4c7ccd9800f] [REQUEST][START] HEAD /

[1 occurrence(s)]
DEBUG --> [REQ_ID=0a747f8766e2] [REQUEST][START] GET /

[1 occurrence(s)]
DEBUG --> [REQ_ID=0a747f8766e2] [FILTER_BEFORE] /

[1 occurrence(s)]
DEBUG --> [REQ_ID=0a747f8766e2] [ROUTE] Controller=\App\Controllers\Home Method=index

[1 occurrence(s)]
DEBUG --> [REQ_ID=0a747f8766e2] [LIFECYCLE][START] GET https://www.mymiwallet.com/index.php/

[3 occurrence(s)]
DEBUG --> [CSRF] token name=csrf_test_name hash=f6782e93c22e91a797c9bca95c41f947

[1 occurrence(s)]
DEBUG --> [REQ_ID=70b99ac51327] [INIT] App\Controllers\Home::GET

[1 occurrence(s)]
DEBUG --> [REQ_ID=70b99ac51327] [VIEW_RENDER] themes/public/home

[1 occurrence(s)]
DEBUG --> [REQ_ID=0a747f8766e2] [FILTER_AFTER]

[1 occurrence(s)]
DEBUG --> [REQ_ID=0a747f8766e2] [LIFECYCLE][END] status=200 duration_ms=783.72 memory_delta=4194304

[1 occurrence(s)]
DEBUG --> [REQ_ID=0a747f8766e2] [REQUEST][END]

[1 occurrence(s)]
DEBUG --> [REQ_ID=e6e3f9b73a8d] [REQUEST][START] GET /

[1 occurrence(s)]
DEBUG --> [REQ_ID=e6e3f9b73a8d] [FILTER_BEFORE] /

[1 occurrence(s)]
DEBUG --> [REQ_ID=e6e3f9b73a8d] [ROUTE] Controller=\App\Controllers\Home Method=index

[1 occurrence(s)]
DEBUG --> [REQ_ID=e6e3f9b73a8d] [LIFECYCLE][START] GET https://www.mymiwallet.com/index.php/

[1 occurrence(s)]
DEBUG --> [REQ_ID=7acc7e1d04dd] [INIT] App\Controllers\Home::GET

[1 occurrence(s)]
DEBUG --> [REQ_ID=7acc7e1d04dd] [VIEW_RENDER] themes/public/home

[1 occurrence(s)]
DEBUG --> [REQ_ID=e6e3f9b73a8d] [FILTER_AFTER]

[1 occurrence(s)]
DEBUG --> [REQ_ID=e6e3f9b73a8d] [LIFECYCLE][END] status=200 duration_ms=563.75 memory_delta=2097152

[1 occurrence(s)]
DEBUG --> [REQ_ID=e6e3f9b73a8d] [REQUEST][END]

[1 occurrence(s)]
DEBUG --> [REQ_ID=5a79e364193a] [REQUEST][START] GET /

[1 occurrence(s)]
DEBUG --> [REQ_ID=5a79e364193a] [FILTER_BEFORE] /

[1 occurrence(s)]
DEBUG --> [REQ_ID=5a79e364193a] [ROUTE] Controller=\App\Controllers\Home Method=index

[1 occurrence(s)]
DEBUG --> [REQ_ID=5a79e364193a] [LIFECYCLE][START] GET https://www.mymiwallet.com/index.php/

[1 occurrence(s)]
DEBUG --> [REQ_ID=fd986ba6c3fd] [INIT] App\Controllers\Home::GET

[1 occurrence(s)]
DEBUG --> [REQ_ID=fd986ba6c3fd] [VIEW_RENDER] themes/public/home

[1 occurrence(s)]
DEBUG --> [REQ_ID=5a79e364193a] [FILTER_AFTER]

[1 occurrence(s)]
DEBUG --> [REQ_ID=5a79e364193a] [LIFECYCLE][END] status=200 duration_ms=556.80 memory_delta=4194304

[1 occurrence(s)]
DEBUG --> [REQ_ID=5a79e364193a] [REQUEST][END]

[1 occurrence(s)]
DEBUG --> [REQ_ID=43b9af39665e] [REQUEST][START] HEAD /

[1 occurrence(s)]
DEBUG --> [REQ_ID=d553478329f2] [REQUEST][START] GET /index.php/How-It-Works/Registering-An-Account

[1 occurrence(s)]
DEBUG --> [REQ_ID=d553478329f2] [REQUEST][END]

[1 occurrence(s)]
DEBUG --> [REQ_ID=86d8daacc11d] [REQUEST][START] HEAD /

[1 occurrence(s)]
DEBUG --> [REQ_ID=e489fb803f08] [REQUEST][START] HEAD /

[1 occurrence(s)]
DEBUG --> [REQ_ID=b8b871ddc14a] [REQUEST][START] GET /index.php/API/Management/Run-CRON-Tasks

[1 occurrence(s)]
DEBUG --> [REQ_ID=b8b871ddc14a] [FILTER_BEFORE] /index.php/API/Management/Run-CRON-Tasks

[1 occurrence(s)]
DEBUG --> [REQ_ID=b8b871ddc14a] [ROUTE] Controller=\App\Modules\Management\Controllers\ManagementAPIController Method=Run_CRON_Tasks

[1 occurrence(s)]
DEBUG --> [REQ_ID=b8b871ddc14a] [LIFECYCLE][START] GET https://www.mymiwallet.com/index.php/API/Management/Run-CRON-Tasks

[1 occurrence(s)]
DEBUG --> [REQ_ID=b8b871ddc14a] [REQUEST][END]

[1 occurrence(s)]
DEBUG --> [REQ_ID=f0e24a8da949] [REQUEST][START] HEAD /

[1 occurrence(s)]
DEBUG --> [REQ_ID=1803c2a59436] [REQUEST][START] HEAD /

[1 occurrence(s)]
DEBUG --> [REQ_ID=a97d5565ef3d] [REQUEST][START] HEAD /

[1 occurrence(s)]
DEBUG --> [REQ_ID=04e41fa7dcfd] [REQUEST][START] GET /

[1 occurrence(s)]
DEBUG --> [REQ_ID=04e41fa7dcfd] [FILTER_BEFORE] /

[1 occurrence(s)]
DEBUG --> [REQ_ID=04e41fa7dcfd] [ROUTE] Controller=\App\Controllers\Home Method=index

[1 occurrence(s)]
DEBUG --> [REQ_ID=04e41fa7dcfd] [LIFECYCLE][START] GET https://www.mymiwallet.com/index.php/

[1 occurrence(s)]
DEBUG --> [CSRF] token name=csrf_test_name hash=018596fcd2802b21aadded806aa36f0f

[1 occurrence(s)]
DEBUG --> [REQ_ID=647c5e84ca6d] [INIT] App\Controllers\Home::GET

[1 occurrence(s)]
DEBUG --> [REQ_ID=647c5e84ca6d] [VIEW_RENDER] themes/public/home

[1 occurrence(s)]
DEBUG --> [REQ_ID=04e41fa7dcfd] [FILTER_AFTER]

[1 occurrence(s)]
DEBUG --> [REQ_ID=04e41fa7dcfd] [LIFECYCLE][END] status=200 duration_ms=620.35 memory_delta=4194304

[1 occurrence(s)]
DEBUG --> [REQ_ID=04e41fa7dcfd] [REQUEST][END]

[1 occurrence(s)]
DEBUG --> [REQ_ID=83bc566a4860] [REQUEST][START] GET /index.php/API/Alerts/fetchEmailAlerts

[1 occurrence(s)]
DEBUG --> [REQ_ID=83bc566a4860] [FILTER_BEFORE] /index.php/API/Alerts/fetchEmailAlerts

[1 occurrence(s)]
DEBUG --> [REQ_ID=83bc566a4860] [ROUTE] Controller=\App\Modules\APIs\Controllers\AlertsAPIController Method=fetchEmailAlerts

[1 occurrence(s)]
DEBUG --> [REQ_ID=83bc566a4860] [LIFECYCLE][START] GET https://www.mymiwallet.com/index.php/API/Alerts/fetchEmailAlerts

[1 occurrence(s)]
DEBUG --> [REQ_ID=83bc566a4860] [REQUEST][END]

[1 occurrence(s)]
DEBUG --> [REQ_ID=ae6a85933ca8] [REQUEST][START] HEAD /

[1 occurrence(s)]
DEBUG --> [REQ_ID=cd4a7706a95c] [REQUEST][START] HEAD /

[1 occurrence(s)]
DEBUG --> [REQ_ID=4eebce65db1d] [REQUEST][START] HEAD /

[1 occurrence(s)]
DEBUG --> [REQ_ID=c05aac9d4147] [REQUEST][START] HEAD /

[1 occurrence(s)]
DEBUG --> [REQ_ID=4182ea140d46] [REQUEST][START] GET /index.php/Account

[1 occurrence(s)]
DEBUG --> [REQ_ID=4182ea140d46] [REQUEST][END]

[1 occurrence(s)]
DEBUG --> [REQ_ID=d0c52634361f] [REQUEST][START] GET /index.php/Account/Activity

[1 occurrence(s)]
DEBUG --> [REQ_ID=d0c52634361f] [REQUEST][END]

[1 occurrence(s)]
DEBUG --> [REQ_ID=fd8c39bb3337] [REQUEST][START] GET /index.php/Account/Billing

[1 occurrence(s)]
DEBUG --> [REQ_ID=fd8c39bb3337] [REQUEST][END]

[1 occurrence(s)]
DEBUG --> [REQ_ID=2d15941eb5b4] [REQUEST][START] GET /index.php/Dashboard

[1 occurrence(s)]
DEBUG --> [REQ_ID=2d15941eb5b4] [FILTER_BEFORE] /index.php/Dashboard

[1 occurrence(s)]
DEBUG --> [REQ_ID=2d15941eb5b4] [ROUTE] Controller=\App\Modules\User\Controllers\DashboardController Method=index

[1 occurrence(s)]
DEBUG --> [REQ_ID=2d15941eb5b4] [LIFECYCLE][START] GET https://www.mymiwallet.com/index.php/Dashboard

[1 occurrence(s)]
DEBUG --> [CSRF] token name=csrf_test_name hash=91af04cf09c5f369b308cbe15f4c1793

[1 occurrence(s)]
DEBUG --> [REQ_ID=2d15941eb5b4] [REQUEST][END]

[1 occurrence(s)]
DEBUG --> [REQ_ID=babe96919f43] [REQUEST][START] GET /index.php/Account/Connected-Accounts

[1 occurrence(s)]
DEBUG --> [REQ_ID=babe96919f43] [REQUEST][END]

[1 occurrence(s)]
DEBUG --> [REQ_ID=e880546de252] [REQUEST][START] GET /index.php/Account/Notifications

[1 occurrence(s)]
DEBUG --> [REQ_ID=e880546de252] [REQUEST][END]

[1 occurrence(s)]
DEBUG --> [REQ_ID=4b277e78c26f] [REQUEST][START] GET /index.php/Support

[1 occurrence(s)]
DEBUG --> [REQ_ID=4b277e78c26f] [FILTER_BEFORE] /index.php/Support

[1 occurrence(s)]
DEBUG --> [REQ_ID=4b277e78c26f] [ROUTE] Controller=\App\Modules\Support\Controllers\SupportController Method=index

[1 occurrence(s)]
DEBUG --> [REQ_ID=4b277e78c26f] [LIFECYCLE][START] GET https://www.mymiwallet.com/index.php/Support

[29 occurrence(s)]
DEBUG --> [CSRF] token name=csrf_test_name hash=43ec1362b817da71e452ed816c88444b

[1 occurrence(s)]
DEBUG --> [REQ_ID=14997437acd1] [INIT] App\Modules\Support\Controllers\SupportController::GET

[1 occurrence(s)]
DEBUG --> [REQ_ID=14997437acd1] [METHOD_ENTRY] index

[1 occurrence(s)]
DEBUG --> [REQ_ID=14997437acd1] [VIEW_RENDER] SupportModule\Views\Support\index

[1 occurrence(s)]
DEBUG --> [REQ_ID=4b277e78c26f] [FILTER_AFTER]

[1 occurrence(s)]
DEBUG --> [REQ_ID=4b277e78c26f] [LIFECYCLE][END] status=200 duration_ms=158.81 memory_delta=2097152

[1 occurrence(s)]
DEBUG --> [REQ_ID=4b277e78c26f] [REQUEST][END]

[1 occurrence(s)]
DEBUG --> [REQ_ID=02926bff72d4] [REQUEST][START] GET /index.php/Account/Security

[1 occurrence(s)]
DEBUG --> [REQ_ID=02926bff72d4] [REQUEST][END]

[1 occurrence(s)]
DEBUG --> [REQ_ID=69b9dabc7980] [REQUEST][START] GET /index.php/Budget

[1 occurrence(s)]
DEBUG --> [REQ_ID=69b9dabc7980] [FILTER_BEFORE] /index.php/Budget

[1 occurrence(s)]
DEBUG --> [REQ_ID=69b9dabc7980] [ROUTE] Controller=\App\Modules\User\Controllers\BudgetController Method=index

[1 occurrence(s)]
DEBUG --> [REQ_ID=69b9dabc7980] [LIFECYCLE][START] GET https://www.mymiwallet.com/index.php/Budget

[1 occurrence(s)]
DEBUG --> [REQ_ID=69b9dabc7980] [REQUEST][END]

[1 occurrence(s)]
DEBUG --> [REQ_ID=04931bb42e53] [REQUEST][START] GET /index.php/API/Budget/getUserCreditBalances

[1 occurrence(s)]
DEBUG --> [REQ_ID=04931bb42e53] [FILTER_BEFORE] /index.php/API/Budget/getUserCreditBalances

[1 occurrence(s)]
DEBUG --> [REQ_ID=04931bb42e53] [ROUTE] Controller=\App\Modules\APIs\Controllers\BudgetAPIController Method=getUserCreditBalances

[1 occurrence(s)]
DEBUG --> [REQ_ID=04931bb42e53] [LIFECYCLE][START] GET https://www.mymiwallet.com/index.php/API/Budget/getUserCreditBalances

[1 occurrence(s)]
DEBUG --> [REQ_ID=51458c47ccca] [INIT] App\Modules\APIs\Controllers\BudgetAPIController::GET

[1 occurrence(s)]
DEBUG --> [REQ_ID=da68116fabc7] [REQUEST][START] GET /index.php/API/Budget/getUserBudgetRecords

[1 occurrence(s)]
DEBUG --> [REQ_ID=da68116fabc7] [FILTER_BEFORE] /index.php/API/Budget/getUserBudgetRecords

[1 occurrence(s)]
DEBUG --> [REQ_ID=da68116fabc7] [ROUTE] Controller=\App\Modules\APIs\Controllers\BudgetAPIController Method=getUserBudgetRecords

[1 occurrence(s)]
DEBUG --> [REQ_ID=da68116fabc7] [LIFECYCLE][START] GET https://www.mymiwallet.com/index.php/API/Budget/getUserBudgetRecords

[1 occurrence(s)]
DEBUG --> [REQ_ID=6a5d10a2766d] [INIT] App\Modules\APIs\Controllers\BudgetAPIController::GET

[1 occurrence(s)]
DEBUG --> [REQ_ID=6ad642c762a1] [REQUEST][START] GET /index.php/API/Budget/getUserAvailableBalances

[1 occurrence(s)]
DEBUG --> [REQ_ID=6065ea1d914c] [REQUEST][START] GET /index.php/API/Budget/getUserRepaymentSummary

[1 occurrence(s)]
DEBUG --> [REQ_ID=6ad642c762a1] [FILTER_BEFORE] /index.php/API/Budget/getUserAvailableBalances

[1 occurrence(s)]
DEBUG --> [REQ_ID=6ad642c762a1] [ROUTE] Controller=\App\Modules\APIs\Controllers\BudgetAPIController Method=getUserAvailableBalances

[1 occurrence(s)]
DEBUG --> [REQ_ID=6ad642c762a1] [LIFECYCLE][START] GET https://www.mymiwallet.com/index.php/API/Budget/getUserAvailableBalances

[1 occurrence(s)]
DEBUG --> [REQ_ID=0f7b58702dab] [INIT] App\Modules\APIs\Controllers\BudgetAPIController::GET

[1 occurrence(s)]
DEBUG --> [REQ_ID=6065ea1d914c] [FILTER_BEFORE] /index.php/API/Budget/getUserRepaymentSummary

[1 occurrence(s)]
DEBUG --> [REQ_ID=6065ea1d914c] [ROUTE] Controller=\App\Modules\APIs\Controllers\BudgetAPIController Method=getUserRepaymentSummary

[1 occurrence(s)]
DEBUG --> [REQ_ID=6065ea1d914c] [LIFECYCLE][START] GET https://www.mymiwallet.com/index.php/API/Budget/getUserRepaymentSummary

[1 occurrence(s)]
DEBUG --> [REQ_ID=3d03c17d17ea] [INIT] App\Modules\APIs\Controllers\BudgetAPIController::GET

[1 occurrence(s)]
DEBUG --> [REQ_ID=bc7def2cf59a] [REQUEST][START] GET /index.php/Exchange/Solana

[1 occurrence(s)]
DEBUG --> [REQ_ID=bc7def2cf59a] [FILTER_BEFORE] /index.php/Exchange/Solana

[1 occurrence(s)]
DEBUG --> [REQ_ID=bc7def2cf59a] [ROUTE] Controller=\App\Modules\Exchange\Controllers\SolanaController Method=index

[1 occurrence(s)]
DEBUG --> [REQ_ID=bc7def2cf59a] [LIFECYCLE][START] GET https://www.mymiwallet.com/index.php/Exchange/Solana

[1 occurrence(s)]
DEBUG --> [REQ_ID=bc7def2cf59a] [REQUEST][END]

[1 occurrence(s)]
DEBUG --> [REQ_ID=8c75dd57eeb3] [REQUEST][START] GET /index.php/login

[1 occurrence(s)]
DEBUG --> [REQ_ID=8c75dd57eeb3] [FILTER_BEFORE] /index.php/login

[1 occurrence(s)]
DEBUG --> [REQ_ID=8c75dd57eeb3] [ROUTE] Controller=\App\Controllers\AuthController Method=login

[1 occurrence(s)]
DEBUG --> [REQ_ID=8c75dd57eeb3] [LIFECYCLE][START] GET https://www.mymiwallet.com/index.php/login

[1 occurrence(s)]
DEBUG --> [REQ_ID=b0d9fb7cfeaf] [INIT] App\Controllers\AuthController::GET

[1 occurrence(s)]
DEBUG --> [REQ_ID=8c75dd57eeb3] [FILTER_AFTER]

[1 occurrence(s)]
DEBUG --> [REQ_ID=8c75dd57eeb3] [LIFECYCLE][END] status=200 duration_ms=24.21 memory_delta=0

[1 occurrence(s)]
DEBUG --> [REQ_ID=8c75dd57eeb3] [REQUEST][END]

[1 occurrence(s)]
DEBUG --> [REQ_ID=f551b49047a5] [REQUEST][START] POST /index.php/login

[1 occurrence(s)]
DEBUG --> [REQ_ID=f551b49047a5] [FILTER_BEFORE] /index.php/login

[1 occurrence(s)]
DEBUG --> [REQ_ID=f551b49047a5] [ROUTE] Controller=\App\Controllers\AuthController Method=attemptLogin

[1 occurrence(s)]
DEBUG --> [REQ_ID=f551b49047a5] [LIFECYCLE][START] POST https://www.mymiwallet.com/index.php/login

[1 occurrence(s)]
DEBUG --> [REQ_ID=f551b49047a5] [REQUEST][END]

[1 occurrence(s)]
DEBUG --> [REQ_ID=c90d1d34e442] [REQUEST][START] GET /index.php/login

[1 occurrence(s)]
DEBUG --> [REQ_ID=c90d1d34e442] [FILTER_BEFORE] /index.php/login

[1 occurrence(s)]
DEBUG --> [REQ_ID=c90d1d34e442] [ROUTE] Controller=\App\Controllers\AuthController Method=login

[1 occurrence(s)]
DEBUG --> [REQ_ID=c90d1d34e442] [LIFECYCLE][START] GET https://www.mymiwallet.com/index.php/login

[1 occurrence(s)]
DEBUG --> [REQ_ID=136396b300b6] [INIT] App\Controllers\AuthController::GET

[1 occurrence(s)]
DEBUG --> [REQ_ID=c90d1d34e442] [FILTER_AFTER]

[1 occurrence(s)]
DEBUG --> [REQ_ID=c90d1d34e442] [LIFECYCLE][END] status=200 duration_ms=20.52 memory_delta=0

[1 occurrence(s)]
DEBUG --> [REQ_ID=c90d1d34e442] [REQUEST][END]

[1 occurrence(s)]
DEBUG --> [REQ_ID=89a2e641d833] [REQUEST][START] GET /index.php/Account/Social-Media

[1 occurrence(s)]
DEBUG --> [REQ_ID=89a2e641d833] [REQUEST][END]

[1 occurrence(s)]
DEBUG --> [REQ_ID=693e10be92b1] [REQUEST][START] GET /index.php/login

[1 occurrence(s)]
DEBUG --> [REQ_ID=693e10be92b1] [FILTER_BEFORE] /index.php/login

[1 occurrence(s)]
DEBUG --> [REQ_ID=693e10be92b1] [ROUTE] Controller=\App\Controllers\AuthController Method=login

[1 occurrence(s)]
DEBUG --> [REQ_ID=693e10be92b1] [LIFECYCLE][START] GET https://www.mymiwallet.com/index.php/login

[1 occurrence(s)]
DEBUG --> [REQ_ID=6ef24de7590d] [INIT] App\Controllers\AuthController::GET

[1 occurrence(s)]
DEBUG --> [REQ_ID=693e10be92b1] [FILTER_AFTER]

[1 occurrence(s)]
DEBUG --> [REQ_ID=693e10be92b1] [LIFECYCLE][END] status=200 duration_ms=16.63 memory_delta=0

[1 occurrence(s)]
DEBUG --> [REQ_ID=693e10be92b1] [REQUEST][END]

[1 occurrence(s)]
DEBUG --> [REQ_ID=ecd18b872100] [REQUEST][START] POST /index.php/login

[1 occurrence(s)]
DEBUG --> [REQ_ID=ecd18b872100] [FILTER_BEFORE] /index.php/login

[1 occurrence(s)]
DEBUG --> [REQ_ID=ecd18b872100] [ROUTE] Controller=\App\Controllers\AuthController Method=attemptLogin

[1 occurrence(s)]
DEBUG --> [REQ_ID=ecd18b872100] [LIFECYCLE][START] POST https://www.mymiwallet.com/index.php/login

[1 occurrence(s)]
DEBUG --> [REQ_ID=d55acc4b4960] [INIT] App\Controllers\AuthController::POST

[1 occurrence(s)]
DEBUG --> Auth attemptLogin() called with login identifier: tburks2392, remember: false

[2 occurrence(s)]
DEBUG --> Auth attemptLogin() called. redirect_url in session: https://www.mymiwallet.com/index.php/Dashboard

[2 occurrence(s)]
DEBUG --> Auth credentials normalised for attempt using key "username"

[2 occurrence(s)]
DEBUG --> Auth attempt succeeded for identifier tburks2392. logged_in(): yes, user_id(): 2

[2 occurrence(s)]
DEBUG --> Auth attempt succeeded. logged_in(): yes, user_id(): 2

[2 occurrence(s)]
DEBUG --> Auth attemptLogin() - session user_id set to: 2

[3 occurrence(s)]
DEBUG --> Auth redirect destination: https://www.mymiwallet.com/index.php/Dashboard

[1 occurrence(s)]
DEBUG --> [REQ_ID=ecd18b872100] [FILTER_AFTER]

[1 occurrence(s)]
DEBUG --> [REQ_ID=ecd18b872100] [LIFECYCLE][END] status=303 duration_ms=113.91 memory_delta=0

[1 occurrence(s)]
DEBUG --> [REQ_ID=ecd18b872100] [REQUEST][END]

[1 occurrence(s)]
DEBUG --> [REQ_ID=7b69ce938ed6] [REQUEST][START] GET /index.php/Dashboard

[1 occurrence(s)]
DEBUG --> [REQ_ID=7b69ce938ed6] [FILTER_BEFORE] /index.php/Dashboard

[1 occurrence(s)]
DEBUG --> [REQ_ID=7b69ce938ed6] [ROUTE] Controller=\App\Modules\User\Controllers\DashboardController Method=index

[1 occurrence(s)]
DEBUG --> [REQ_ID=7b69ce938ed6] [LIFECYCLE][START] GET https://www.mymiwallet.com/index.php/Dashboard

[1 occurrence(s)]
DEBUG --> [REQ_ID=b7f99de316f5] [INIT] App\Modules\User\Controllers\DashboardController::GET

[1 occurrence(s)]
DEBUG --> [REQ_ID=b7f99de316f5] [METHOD_ENTRY] index

[20 occurrence(s)]
DEBUG --> MyMIMarketing: Pscrape library not installed; Google search scraping will use fallback.

[3 occurrence(s)]
DEBUG --> [DASHBOARD] Enter

[6 occurrence(s)]
DEBUG --> [SERVICE] App\Services\BudgetService ::getUserBudget

[6 occurrence(s)]
DEBUG --> [MODEL_WHERE] App\Models\BudgetModel KEY={"created_by":2,"deleted":0}

[41 occurrence(s)]
DEBUG --> [MODEL_WHERE] App\Models\BudgetModel KEY="created_by"

[41 occurrence(s)]
DEBUG --> [MODEL_WHERE] App\Models\BudgetModel KEY="account_type"

[36 occurrence(s)]
DEBUG --> [MODEL_WHERE] App\Models\BudgetModel KEY="designated_date >="

[36 occurrence(s)]
DEBUG --> [MODEL_WHERE] App\Models\BudgetModel KEY="designated_date <="

[31 occurrence(s)]
DEBUG --> [MODEL_WHERE] App\Models\BudgetModel KEY="year"

[26 occurrence(s)]
DEBUG --> [MODEL_WHERE] App\Models\BudgetModel KEY="month <="

[26 occurrence(s)]
DEBUG --> [MODEL_WHERE] App\Models\BudgetModel KEY="day <="

[13 occurrence(s)]
DEBUG --> [MODEL_WHERE] App\Models\BudgetModel KEY={"created_by":2,"account_type":"Income","month":"03","year":"2026"}

[130 occurrence(s)]
DEBUG --> [MODEL_FIRST] App\Models\BudgetModel

[13 occurrence(s)]
DEBUG --> [MODEL_WHERE] App\Models\BudgetModel KEY={"created_by":2,"account_type":"Income","month":"02","year":"2026"}

[13 occurrence(s)]
DEBUG --> [MODEL_WHERE] App\Models\BudgetModel KEY={"created_by":2,"account_type":"Expense","month":"03","year":"2026"}

[13 occurrence(s)]
DEBUG --> [MODEL_WHERE] App\Models\BudgetModel KEY={"created_by":2,"account_type":"Expense","month":"02","year":"2026"}

[24 occurrence(s)]
DEBUG --> [MODEL_WHERE] App\Models\BudgetModel KEY={"status":1,"created_by":2,"deleted":0}

[18 occurrence(s)]
DEBUG --> [MODEL_WHERE] App\Models\BudgetModel KEY={"status":1,"paid":0,"created_by":2,"deleted":0}

[1 occurrence(s)]
DEBUG --> Skipping placeholder symbol for row 46402

[3 occurrence(s)]
DEBUG --> [CACHE_MISS] mymiwallet_development_squeeze_high-risk_global_global_1f86633dd

[3 occurrence(s)]
DEBUG --> MyMIInvestments::getSqueezeHighRiskCount failed: Unknown column 'score_total' in 'where clause'

[3 occurrence(s)]
DEBUG --> 📰 Daily dashboard news window 2026-03-10 00:00:00 -> 2026-03-10 23:59:59 returned 0 rows

[4 occurrence(s)]
DEBUG --> [SETUP] Status computed

[1 occurrence(s)]
DEBUG --> [REQ_ID=b7f99de316f5] [VIEW_RENDER] User/Dashboard/index

[9 occurrence(s)]
DEBUG --> [MODEL_WHERE] App\Models\BudgetModel KEY={"created_by":2,"account_type":"Income","status":1,"month":"03","year":"2026"}

[9 occurrence(s)]
DEBUG --> [MODEL_WHERE] App\Models\BudgetModel KEY={"created_by":2,"account_type":"Expense","status":1,"month":"03","year":"2026"}

[5 occurrence(s)]
DEBUG --> [MODEL_WHERE] App\Models\BudgetModel KEY={"created_by":2,"account_type":"Investment","month":"03","year":"2026","status":1}

[5 occurrence(s)]
DEBUG --> [MODEL_WHERE] App\Models\BudgetModel KEY={"created_by":2,"account_type":"Income","status":1,"month":"02"}

[5 occurrence(s)]
DEBUG --> [MODEL_WHERE] App\Models\BudgetModel KEY={"created_by":2,"account_type":"Expense","status":1,"month":"02"}

[5 occurrence(s)]
DEBUG --> [MODEL_WHERE] App\Models\BudgetModel KEY={"created_by":2,"account_type":"Investment","month":"02","year":"2026","status":1}

[5 occurrence(s)]
DEBUG --> [MODEL_WHERE] App\Models\BudgetModel KEY={"created_by":2,"account_type":"Income","status":1,"month":"04"}

[5 occurrence(s)]
DEBUG --> [MODEL_WHERE] App\Models\BudgetModel KEY={"created_by":2,"account_type":"Expense","status":1,"month":"04"}

[5 occurrence(s)]
DEBUG --> [MODEL_WHERE] App\Models\BudgetModel KEY={"created_by":2,"account_type":"Investment","month":"04","year":"2026","status":1}

[5 occurrence(s)]
DEBUG --> [MODEL_WHERE] App\Models\BudgetModel KEY={"created_by":2,"account_type":"Income","status":1,"year":"2026"}

[15 occurrence(s)]
DEBUG --> [MODEL_WHERE] App\Models\BudgetModel KEY="status"

[1 occurrence(s)]
DEBUG --> [REQ_ID=f635505b16bf] [REQUEST][START] GET /index.php/API/Investments/getConfidenceHeatmap?timeframe=all&window=6h

[5 occurrence(s)]
DEBUG --> [MODEL_WHERE] App\Models\BudgetModel KEY={"created_by":2,"account_type":"Investment","status":1}

[1 occurrence(s)]
DEBUG --> [REQ_ID=ed47143f1d4d] [REQUEST][START] GET /index.php/API/Investments/getForecastHighlights

[1 occurrence(s)]
DEBUG --> [REQ_ID=7b69ce938ed6] [FILTER_AFTER]

[1 occurrence(s)]
DEBUG --> [REQ_ID=7b69ce938ed6] [LIFECYCLE][END] status=200 duration_ms=767.46 memory_delta=4194304

[1 occurrence(s)]
DEBUG --> [REQ_ID=7b69ce938ed6] [REQUEST][END]

[1 occurrence(s)]
DEBUG --> [REQ_ID=f635505b16bf] [FILTER_BEFORE] /index.php/API/Investments/getConfidenceHeatmap?timeframe=all&window=6h

[1 occurrence(s)]
DEBUG --> [REQ_ID=f635505b16bf] [ROUTE] Controller=\App\Modules\APIs\Controllers\InvestmentsAPIController Method=getConfidenceHeatmap

[1 occurrence(s)]
DEBUG --> [REQ_ID=f635505b16bf] [LIFECYCLE][START] GET https://www.mymiwallet.com/index.php/API/Investments/getConfidenceHeatmap?timeframe=all&window=6h

[1 occurrence(s)]
DEBUG --> [REQ_ID=2d74f640586c] [INIT] App\Modules\APIs\Controllers\InvestmentsAPIController::GET

[1 occurrence(s)]
DEBUG --> [REQ_ID=e8cd0cfc6144] [REQUEST][START] GET /index.php/ops/health

[1 occurrence(s)]
DEBUG --> [REQ_ID=f635505b16bf] [FILTER_AFTER]

[1 occurrence(s)]
DEBUG --> [REQ_ID=f635505b16bf] [LIFECYCLE][END] status=200 duration_ms=91.49 memory_delta=2097152

[1 occurrence(s)]
DEBUG --> [REQ_ID=f635505b16bf] [REQUEST][END]

[1 occurrence(s)]
DEBUG --> [REQ_ID=ed47143f1d4d] [FILTER_BEFORE] /index.php/API/Investments/getForecastHighlights

[1 occurrence(s)]
DEBUG --> [REQ_ID=ed47143f1d4d] [ROUTE] Controller=\App\Modules\APIs\Controllers\InvestmentsAPIController Method=getForecastHighlights

[1 occurrence(s)]
DEBUG --> [REQ_ID=ed47143f1d4d] [LIFECYCLE][START] GET https://www.mymiwallet.com/index.php/API/Investments/getForecastHighlights

[1 occurrence(s)]
DEBUG --> [REQ_ID=9f4fb9fad425] [INIT] App\Modules\APIs\Controllers\InvestmentsAPIController::GET

[1 occurrence(s)]
DEBUG --> [REQ_ID=ed47143f1d4d] [FILTER_AFTER]

[1 occurrence(s)]
DEBUG --> [REQ_ID=ed47143f1d4d] [LIFECYCLE][END] status=200 duration_ms=374.14 memory_delta=2097152

[1 occurrence(s)]
DEBUG --> [REQ_ID=ed47143f1d4d] [REQUEST][END]

[1 occurrence(s)]
DEBUG --> [REQ_ID=e8cd0cfc6144] [FILTER_BEFORE] /index.php/ops/health

[1 occurrence(s)]
DEBUG --> [REQ_ID=e8cd0cfc6144] [ROUTE] Controller=\App\Controllers\OpsHealthController Method=index

[1 occurrence(s)]
DEBUG --> [REQ_ID=e8cd0cfc6144] [LIFECYCLE][START] GET https://www.mymiwallet.com/index.php/ops/health

[1 occurrence(s)]
DEBUG --> [REQ_ID=0fbb08a4870e] [INIT] App\Controllers\OpsHealthController::GET

[1 occurrence(s)]
DEBUG --> [REQ_ID=0fbb08a4870e] [METHOD_ENTRY] index

[1 occurrence(s)]
DEBUG --> [REQ_ID=e8cd0cfc6144] [FILTER_AFTER]

[1 occurrence(s)]
DEBUG --> [REQ_ID=e8cd0cfc6144] [LIFECYCLE][END] status=404 duration_ms=15.11 memory_delta=0

[1 occurrence(s)]
DEBUG --> [REQ_ID=e8cd0cfc6144] [REQUEST][END]

[1 occurrence(s)]
DEBUG --> [REQ_ID=8a96e350bc77] [REQUEST][START] GET /index.php/API/Investments/getForecastHighlights

[1 occurrence(s)]
DEBUG --> [REQ_ID=8a96e350bc77] [FILTER_BEFORE] /index.php/API/Investments/getForecastHighlights

[1 occurrence(s)]
DEBUG --> [REQ_ID=8a96e350bc77] [ROUTE] Controller=\App\Modules\APIs\Controllers\InvestmentsAPIController Method=getForecastHighlights

[1 occurrence(s)]
DEBUG --> [REQ_ID=8a96e350bc77] [LIFECYCLE][START] GET https://www.mymiwallet.com/index.php/API/Investments/getForecastHighlights

[1 occurrence(s)]
DEBUG --> [REQ_ID=f0f81264cb75] [INIT] App\Modules\APIs\Controllers\InvestmentsAPIController::GET

[1 occurrence(s)]
DEBUG --> [REQ_ID=8a96e350bc77] [FILTER_AFTER]

[1 occurrence(s)]
DEBUG --> [REQ_ID=8a96e350bc77] [LIFECYCLE][END] status=200 duration_ms=20.77 memory_delta=0

[1 occurrence(s)]
DEBUG --> [REQ_ID=8a96e350bc77] [REQUEST][END]

[1 occurrence(s)]
DEBUG --> [REQ_ID=ee5a48b18b60] [REQUEST][START] GET /index.php/API/Investments/getConfidenceHeatmap?timeframe=5m&window=60

[1 occurrence(s)]
DEBUG --> [REQ_ID=17ee1817d017] [REQUEST][START] GET /index.php/API/Investments/getForecastAccuracySummary?window=7d

[1 occurrence(s)]
DEBUG --> [REQ_ID=ee5a48b18b60] [FILTER_BEFORE] /index.php/API/Investments/getConfidenceHeatmap?timeframe=5m&window=60

[1 occurrence(s)]
DEBUG --> [REQ_ID=ee5a48b18b60] [ROUTE] Controller=\App\Modules\APIs\Controllers\InvestmentsAPIController Method=getConfidenceHeatmap

[1 occurrence(s)]
DEBUG --> [REQ_ID=ee5a48b18b60] [LIFECYCLE][START] GET https://www.mymiwallet.com/index.php/API/Investments/getConfidenceHeatmap?timeframe=5m&window=60

[1 occurrence(s)]
DEBUG --> [REQ_ID=56c22bec1107] [INIT] App\Modules\APIs\Controllers\InvestmentsAPIController::GET

[1 occurrence(s)]
DEBUG --> [REQ_ID=ee5a48b18b60] [FILTER_AFTER]

[1 occurrence(s)]
DEBUG --> [REQ_ID=ee5a48b18b60] [LIFECYCLE][END] status=200 duration_ms=133.88 memory_delta=0

[1 occurrence(s)]
DEBUG --> [REQ_ID=ee5a48b18b60] [REQUEST][END]

[1 occurrence(s)]
DEBUG --> [REQ_ID=17ee1817d017] [FILTER_BEFORE] /index.php/API/Investments/getForecastAccuracySummary?window=7d

[1 occurrence(s)]
DEBUG --> [REQ_ID=17ee1817d017] [ROUTE] Controller=\App\Modules\APIs\Controllers\InvestmentsAPIController Method=getForecastAccuracySummary

[1 occurrence(s)]
DEBUG --> [REQ_ID=17ee1817d017] [LIFECYCLE][START] GET https://www.mymiwallet.com/index.php/API/Investments/getForecastAccuracySummary?window=7d

[1 occurrence(s)]
DEBUG --> [REQ_ID=884b3f17bebe] [INIT] App\Modules\APIs\Controllers\InvestmentsAPIController::GET

[1 occurrence(s)]
DEBUG --> [REQ_ID=17ee1817d017] [FILTER_AFTER]

[1 occurrence(s)]
DEBUG --> [REQ_ID=17ee1817d017] [LIFECYCLE][END] status=200 duration_ms=100.99 memory_delta=0

[1 occurrence(s)]
DEBUG --> [REQ_ID=17ee1817d017] [REQUEST][END]

[1 occurrence(s)]
DEBUG --> [REQ_ID=57d512d39a69] [REQUEST][START] GET /index.php/Alerts

[1 occurrence(s)]
DEBUG --> [REQ_ID=57d512d39a69] [REQUEST][END]

[1 occurrence(s)]
DEBUG --> [REQ_ID=7cee73a442e0] [REQUEST][START] GET /

[1 occurrence(s)]
DEBUG --> [REQ_ID=7cee73a442e0] [FILTER_BEFORE] /

[1 occurrence(s)]
DEBUG --> [REQ_ID=7cee73a442e0] [ROUTE] Controller=\App\Controllers\Home Method=index

[1 occurrence(s)]
DEBUG --> [REQ_ID=7cee73a442e0] [LIFECYCLE][START] GET https://www.mymiwallet.com/index.php/

[1 occurrence(s)]
DEBUG --> [REQ_ID=77faeaca02d6] [INIT] App\Controllers\Home::GET

[1 occurrence(s)]
DEBUG --> [REQ_ID=77faeaca02d6] [VIEW_RENDER] themes/public/home

[1 occurrence(s)]
DEBUG --> [REQ_ID=7cee73a442e0] [FILTER_AFTER]

[1 occurrence(s)]
DEBUG --> [REQ_ID=7cee73a442e0] [LIFECYCLE][END] status=200 duration_ms=825.65 memory_delta=4194304

[1 occurrence(s)]
DEBUG --> [REQ_ID=7cee73a442e0] [REQUEST][END]

[1 occurrence(s)]
DEBUG --> [REQ_ID=b68b31e5d038] [REQUEST][START] GET /index.php/login

[1 occurrence(s)]
DEBUG --> [REQ_ID=b68b31e5d038] [FILTER_BEFORE] /index.php/login

[1 occurrence(s)]
DEBUG --> [REQ_ID=b68b31e5d038] [ROUTE] Controller=\App\Controllers\AuthController Method=login

[1 occurrence(s)]
DEBUG --> [REQ_ID=b68b31e5d038] [LIFECYCLE][START] GET https://www.mymiwallet.com/index.php/login

[1 occurrence(s)]
DEBUG --> [REQ_ID=42c19fd4231a] [INIT] App\Controllers\AuthController::GET

[1 occurrence(s)]
DEBUG --> [REQ_ID=b68b31e5d038] [FILTER_AFTER]

[1 occurrence(s)]
DEBUG --> [REQ_ID=b68b31e5d038] [LIFECYCLE][END] status=302 duration_ms=16.74 memory_delta=0

[1 occurrence(s)]
DEBUG --> [REQ_ID=b68b31e5d038] [REQUEST][END]

[1 occurrence(s)]
DEBUG --> [REQ_ID=cc48d50ad307] [REQUEST][START] POST /index.php/login

[1 occurrence(s)]
DEBUG --> [REQ_ID=cc48d50ad307] [FILTER_BEFORE] /index.php/login

[1 occurrence(s)]
DEBUG --> [REQ_ID=cc48d50ad307] [ROUTE] Controller=\App\Controllers\AuthController Method=attemptLogin

[1 occurrence(s)]
DEBUG --> [REQ_ID=cc48d50ad307] [LIFECYCLE][START] POST https://www.mymiwallet.com/index.php/login

[1 occurrence(s)]
DEBUG --> [REQ_ID=078b5a5d9be9] [INIT] App\Controllers\AuthController::POST

[1 occurrence(s)]
DEBUG --> Auth attemptLogin() called with login identifier: tburks2392, remember: true

[1 occurrence(s)]
DEBUG --> [REQ_ID=cc48d50ad307] [FILTER_AFTER]

[1 occurrence(s)]
DEBUG --> [REQ_ID=cc48d50ad307] [LIFECYCLE][END] status=303 duration_ms=117.58 memory_delta=0

[1 occurrence(s)]
DEBUG --> [REQ_ID=cc48d50ad307] [REQUEST][END]

[1 occurrence(s)]
DEBUG --> [REQ_ID=c532aa8bcdc2] [REQUEST][START] GET /index.php/Dashboard

[1 occurrence(s)]
DEBUG --> [REQ_ID=c532aa8bcdc2] [FILTER_BEFORE] /index.php/Dashboard

[1 occurrence(s)]
DEBUG --> [REQ_ID=c532aa8bcdc2] [ROUTE] Controller=\App\Modules\User\Controllers\DashboardController Method=index

[1 occurrence(s)]
DEBUG --> [REQ_ID=c532aa8bcdc2] [LIFECYCLE][START] GET https://www.mymiwallet.com/index.php/Dashboard

[1 occurrence(s)]
DEBUG --> [REQ_ID=b6b08d083787] [INIT] App\Modules\User\Controllers\DashboardController::GET

[1 occurrence(s)]
DEBUG --> [REQ_ID=b6b08d083787] [METHOD_ENTRY] index

[1 occurrence(s)]
DEBUG --> [REQ_ID=b6b08d083787] [VIEW_RENDER] User/Dashboard/index

[1 occurrence(s)]
DEBUG --> [REQ_ID=c532aa8bcdc2] [FILTER_AFTER]

[1 occurrence(s)]
DEBUG --> [REQ_ID=c532aa8bcdc2] [LIFECYCLE][END] status=200 duration_ms=290.57 memory_delta=2097152

[1 occurrence(s)]
DEBUG --> [REQ_ID=c532aa8bcdc2] [REQUEST][END]

[1 occurrence(s)]
DEBUG --> [REQ_ID=93d7295e4e17] [REQUEST][START] GET /index.php/API/Investments/getConfidenceHeatmap?timeframe=5m&window=60

[1 occurrence(s)]
DEBUG --> [REQ_ID=93d7295e4e17] [FILTER_BEFORE] /index.php/API/Investments/getConfidenceHeatmap?timeframe=5m&window=60

[1 occurrence(s)]
DEBUG --> [REQ_ID=93d7295e4e17] [ROUTE] Controller=\App\Modules\APIs\Controllers\InvestmentsAPIController Method=getConfidenceHeatmap

[1 occurrence(s)]
DEBUG --> [REQ_ID=93d7295e4e17] [LIFECYCLE][START] GET https://www.mymiwallet.com/index.php/API/Investments/getConfidenceHeatmap?timeframe=5m&window=60

[1 occurrence(s)]
DEBUG --> [REQ_ID=16e455588562] [INIT] App\Modules\APIs\Controllers\InvestmentsAPIController::GET

[1 occurrence(s)]
DEBUG --> [REQ_ID=d742a14384ad] [REQUEST][START] GET /index.php/API/Investments/getForecastHighlights

[1 occurrence(s)]
DEBUG --> [REQ_ID=a71cc6e21b82] [REQUEST][START] GET /index.php/API/Investments/getForecastAccuracySummary?window=7d

[1 occurrence(s)]
DEBUG --> [REQ_ID=93d7295e4e17] [FILTER_AFTER]

[1 occurrence(s)]
DEBUG --> [REQ_ID=93d7295e4e17] [LIFECYCLE][END] status=200 duration_ms=37.91 memory_delta=0

[1 occurrence(s)]
DEBUG --> [REQ_ID=93d7295e4e17] [REQUEST][END]

[1 occurrence(s)]
DEBUG --> [REQ_ID=d742a14384ad] [FILTER_BEFORE] /index.php/API/Investments/getForecastHighlights

[1 occurrence(s)]
DEBUG --> [REQ_ID=d742a14384ad] [ROUTE] Controller=\App\Modules\APIs\Controllers\InvestmentsAPIController Method=getForecastHighlights

[1 occurrence(s)]
DEBUG --> [REQ_ID=d742a14384ad] [LIFECYCLE][START] GET https://www.mymiwallet.com/index.php/API/Investments/getForecastHighlights

[1 occurrence(s)]
DEBUG --> [REQ_ID=e5775926f0e8] [INIT] App\Modules\APIs\Controllers\InvestmentsAPIController::GET

[1 occurrence(s)]
DEBUG --> [REQ_ID=d742a14384ad] [FILTER_AFTER]

[1 occurrence(s)]
DEBUG --> [REQ_ID=d742a14384ad] [LIFECYCLE][END] status=200 duration_ms=16.28 memory_delta=0

[1 occurrence(s)]
DEBUG --> [REQ_ID=d742a14384ad] [REQUEST][END]

[1 occurrence(s)]
DEBUG --> [REQ_ID=a71cc6e21b82] [FILTER_BEFORE] /index.php/API/Investments/getForecastAccuracySummary?window=7d

[1 occurrence(s)]
DEBUG --> [REQ_ID=a71cc6e21b82] [ROUTE] Controller=\App\Modules\APIs\Controllers\InvestmentsAPIController Method=getForecastAccuracySummary

[1 occurrence(s)]
DEBUG --> [REQ_ID=a71cc6e21b82] [LIFECYCLE][START] GET https://www.mymiwallet.com/index.php/API/Investments/getForecastAccuracySummary?window=7d

[1 occurrence(s)]
DEBUG --> [REQ_ID=65617485114a] [INIT] App\Modules\APIs\Controllers\InvestmentsAPIController::GET

[1 occurrence(s)]
DEBUG --> [REQ_ID=a71cc6e21b82] [FILTER_AFTER]

[1 occurrence(s)]
DEBUG --> [REQ_ID=a71cc6e21b82] [LIFECYCLE][END] status=200 duration_ms=20.17 memory_delta=0

[1 occurrence(s)]
DEBUG --> [REQ_ID=a71cc6e21b82] [REQUEST][END]

[1 occurrence(s)]
DEBUG --> [REQ_ID=f555606f2063] [REQUEST][START] GET /index.php/API/Investments/getForecastHighlights

[1 occurrence(s)]
DEBUG --> [REQ_ID=f555606f2063] [FILTER_BEFORE] /index.php/API/Investments/getForecastHighlights

[1 occurrence(s)]
DEBUG --> [REQ_ID=f555606f2063] [ROUTE] Controller=\App\Modules\APIs\Controllers\InvestmentsAPIController Method=getForecastHighlights

[1 occurrence(s)]
DEBUG --> [REQ_ID=f555606f2063] [LIFECYCLE][START] GET https://www.mymiwallet.com/index.php/API/Investments/getForecastHighlights

[1 occurrence(s)]
DEBUG --> [REQ_ID=747c01a1c51c] [INIT] App\Modules\APIs\Controllers\InvestmentsAPIController::GET

[1 occurrence(s)]
DEBUG --> [REQ_ID=f555606f2063] [FILTER_AFTER]

[1 occurrence(s)]
DEBUG --> [REQ_ID=f555606f2063] [LIFECYCLE][END] status=200 duration_ms=12.18 memory_delta=0

[1 occurrence(s)]
DEBUG --> [REQ_ID=f555606f2063] [REQUEST][END]

[1 occurrence(s)]
DEBUG --> [REQ_ID=0f6c580577c5] [REQUEST][START] GET /index.php/ops/health

[1 occurrence(s)]
DEBUG --> [REQ_ID=0f6c580577c5] [FILTER_BEFORE] /index.php/ops/health

[1 occurrence(s)]
DEBUG --> [REQ_ID=0f6c580577c5] [ROUTE] Controller=\App\Controllers\OpsHealthController Method=index

[1 occurrence(s)]
DEBUG --> [REQ_ID=0f6c580577c5] [LIFECYCLE][START] GET https://www.mymiwallet.com/index.php/ops/health

[1 occurrence(s)]
DEBUG --> [REQ_ID=cde875431d92] [INIT] App\Controllers\OpsHealthController::GET

[1 occurrence(s)]
DEBUG --> [REQ_ID=cde875431d92] [METHOD_ENTRY] index

[1 occurrence(s)]
DEBUG --> [REQ_ID=0f6c580577c5] [FILTER_AFTER]

[1 occurrence(s)]
DEBUG --> [REQ_ID=0f6c580577c5] [LIFECYCLE][END] status=404 duration_ms=17.56 memory_delta=0

[1 occurrence(s)]
DEBUG --> [REQ_ID=0f6c580577c5] [REQUEST][END]

[1 occurrence(s)]
DEBUG --> [REQ_ID=857dd932c51e] [REQUEST][START] GET /index.php/API/Investments/getConfidenceHeatmap?timeframe=all&window=6h

[1 occurrence(s)]
DEBUG --> [REQ_ID=857dd932c51e] [FILTER_BEFORE] /index.php/API/Investments/getConfidenceHeatmap?timeframe=all&window=6h

[1 occurrence(s)]
DEBUG --> [REQ_ID=857dd932c51e] [ROUTE] Controller=\App\Modules\APIs\Controllers\InvestmentsAPIController Method=getConfidenceHeatmap

[1 occurrence(s)]
DEBUG --> [REQ_ID=857dd932c51e] [LIFECYCLE][START] GET https://www.mymiwallet.com/index.php/API/Investments/getConfidenceHeatmap?timeframe=all&window=6h

[1 occurrence(s)]
DEBUG --> [REQ_ID=7f7b5b9e35a5] [INIT] App\Modules\APIs\Controllers\InvestmentsAPIController::GET

[1 occurrence(s)]
DEBUG --> [REQ_ID=857dd932c51e] [FILTER_AFTER]

[1 occurrence(s)]
DEBUG --> [REQ_ID=857dd932c51e] [LIFECYCLE][END] status=200 duration_ms=32.66 memory_delta=0

[1 occurrence(s)]
DEBUG --> [REQ_ID=857dd932c51e] [REQUEST][END]

[1 occurrence(s)]
DEBUG --> [REQ_ID=8eca8bec4d46] [REQUEST][START] GET /index.php/Assets

[1 occurrence(s)]
DEBUG --> [REQ_ID=8eca8bec4d46] [REQUEST][END]

[1 occurrence(s)]
DEBUG --> [REQ_ID=95d981efd85f] [REQUEST][START] GET /index.php/Budget

[1 occurrence(s)]
DEBUG --> [REQ_ID=95d981efd85f] [REQUEST][END]

[1 occurrence(s)]
DEBUG --> [REQ_ID=776af317e737] [REQUEST][START] GET /index.php?debugbar

[1 occurrence(s)]
DEBUG --> [REQ_ID=fd0c31923fcf] [REQUEST][START] GET /index.php

[1 occurrence(s)]
DEBUG --> [REQ_ID=776af317e737] [FILTER_BEFORE] /index.php?debugbar

[1 occurrence(s)]
DEBUG --> [REQ_ID=776af317e737] [ROUTE] Controller=\App\Controllers\Home Method=index

[1 occurrence(s)]
DEBUG --> [REQ_ID=776af317e737] [LIFECYCLE][START] GET https://www.mymiwallet.com/index.php?debugbar=

[1 occurrence(s)]
DEBUG --> [REQ_ID=eed0e451de22] [INIT] App\Controllers\Home::GET

[1 occurrence(s)]
DEBUG --> [REQ_ID=83532533bc91] [REQUEST][START] GET /index.php?debugbar

[1 occurrence(s)]
DEBUG --> [REQ_ID=eed0e451de22] [VIEW_RENDER] themes/public/home

[1 occurrence(s)]
DEBUG --> [REQ_ID=776af317e737] [FILTER_AFTER]

[1 occurrence(s)]
DEBUG --> [REQ_ID=776af317e737] [LIFECYCLE][END] status=200 duration_ms=602.99 memory_delta=4194304

[1 occurrence(s)]
DEBUG --> [REQ_ID=776af317e737] [REQUEST][END]

[1 occurrence(s)]
DEBUG --> [REQ_ID=fd0c31923fcf] [FILTER_BEFORE] /index.php

[1 occurrence(s)]
DEBUG --> [REQ_ID=fd0c31923fcf] [ROUTE] Controller=\App\Controllers\Home Method=index

[1 occurrence(s)]
DEBUG --> [REQ_ID=fd0c31923fcf] [LIFECYCLE][START] GET https://www.mymiwallet.com/index.php/

[1 occurrence(s)]
DEBUG --> [REQ_ID=254c807b8c9d] [INIT] App\Controllers\Home::GET

[1 occurrence(s)]
DEBUG --> [REQ_ID=254c807b8c9d] [VIEW_RENDER] themes/public/home

[1 occurrence(s)]
DEBUG --> [REQ_ID=fd0c31923fcf] [FILTER_AFTER]

[1 occurrence(s)]
DEBUG --> [REQ_ID=fd0c31923fcf] [LIFECYCLE][END] status=200 duration_ms=550.27 memory_delta=4194304

[1 occurrence(s)]
DEBUG --> [REQ_ID=fd0c31923fcf] [REQUEST][END]

[1 occurrence(s)]
DEBUG --> [REQ_ID=83532533bc91] [FILTER_BEFORE] /index.php?debugbar

[1 occurrence(s)]
DEBUG --> [REQ_ID=83532533bc91] [ROUTE] Controller=\App\Controllers\Home Method=index

[1 occurrence(s)]
DEBUG --> [REQ_ID=83532533bc91] [LIFECYCLE][START] GET https://www.mymiwallet.com/index.php?debugbar=

[1 occurrence(s)]
DEBUG --> [REQ_ID=b8196ccddf40] [INIT] App\Controllers\Home::GET

[1 occurrence(s)]
DEBUG --> [REQ_ID=b8196ccddf40] [VIEW_RENDER] themes/public/home

[1 occurrence(s)]
DEBUG --> [REQ_ID=83532533bc91] [FILTER_AFTER]

[1 occurrence(s)]
DEBUG --> [REQ_ID=83532533bc91] [LIFECYCLE][END] status=200 duration_ms=544.82 memory_delta=4194304

[1 occurrence(s)]
DEBUG --> [REQ_ID=83532533bc91] [REQUEST][END]

[1 occurrence(s)]
DEBUG --> [REQ_ID=eb25c2eb0ad6] [REQUEST][START] GET /index.php/Budget/Financial-Advisors

[1 occurrence(s)]
DEBUG --> [REQ_ID=eb25c2eb0ad6] [REQUEST][END]

[1 occurrence(s)]
DEBUG --> [REQ_ID=18ae203ac5a9] [REQUEST][START] GET /index.php

[1 occurrence(s)]
DEBUG --> [REQ_ID=18ae203ac5a9] [FILTER_BEFORE] /index.php

[1 occurrence(s)]
DEBUG --> [REQ_ID=18ae203ac5a9] [ROUTE] Controller=\App\Controllers\Home Method=index

[1 occurrence(s)]
DEBUG --> [REQ_ID=18ae203ac5a9] [LIFECYCLE][START] GET https://www.mymiwallet.com/index.php/

[1 occurrence(s)]
DEBUG --> [REQ_ID=8aefba2cc3d5] [INIT] App\Controllers\Home::GET

[1 occurrence(s)]
DEBUG --> [REQ_ID=8aefba2cc3d5] [VIEW_RENDER] themes/public/home

[1 occurrence(s)]
DEBUG --> [REQ_ID=18ae203ac5a9] [FILTER_AFTER]

[1 occurrence(s)]
DEBUG --> [REQ_ID=18ae203ac5a9] [LIFECYCLE][END] status=200 duration_ms=783.08 memory_delta=4194304

[1 occurrence(s)]
DEBUG --> [REQ_ID=18ae203ac5a9] [REQUEST][END]

[1 occurrence(s)]
DEBUG --> [REQ_ID=e3812e2375b6] [REQUEST][START] GET /

[1 occurrence(s)]
DEBUG --> [REQ_ID=e3812e2375b6] [FILTER_BEFORE] /

[1 occurrence(s)]
DEBUG --> [REQ_ID=e3812e2375b6] [ROUTE] Controller=\App\Controllers\Home Method=index

[1 occurrence(s)]
DEBUG --> [REQ_ID=e3812e2375b6] [LIFECYCLE][START] GET https://www.mymiwallet.com/index.php/

[1 occurrence(s)]
DEBUG --> [REQ_ID=55a4f6390ddb] [INIT] App\Controllers\Home::GET

[1 occurrence(s)]
DEBUG --> [REQ_ID=55a4f6390ddb] [VIEW_RENDER] themes/public/home

[1 occurrence(s)]
DEBUG --> [REQ_ID=e3812e2375b6] [FILTER_AFTER]

[1 occurrence(s)]
DEBUG --> [REQ_ID=e3812e2375b6] [LIFECYCLE][END] status=200 duration_ms=522.07 memory_delta=2097152

[1 occurrence(s)]
DEBUG --> [REQ_ID=e3812e2375b6] [REQUEST][END]

[1 occurrence(s)]
DEBUG --> [REQ_ID=7971c699b315] [REQUEST][START] GET /index.php/Dashboard

[1 occurrence(s)]
DEBUG --> [REQ_ID=7971c699b315] [FILTER_BEFORE] /index.php/Dashboard

[1 occurrence(s)]
DEBUG --> [REQ_ID=7971c699b315] [ROUTE] Controller=\App\Modules\User\Controllers\DashboardController Method=index

[1 occurrence(s)]
DEBUG --> [REQ_ID=7971c699b315] [LIFECYCLE][START] GET https://www.mymiwallet.com/index.php/Dashboard

[1 occurrence(s)]
DEBUG --> [REQ_ID=8d3c5ff9f70e] [INIT] App\Modules\User\Controllers\DashboardController::GET

[1 occurrence(s)]
DEBUG --> [REQ_ID=8d3c5ff9f70e] [METHOD_ENTRY] index

[1 occurrence(s)]
DEBUG --> [REQ_ID=8d3c5ff9f70e] [VIEW_RENDER] User/Dashboard/index

[1 occurrence(s)]
DEBUG --> [REQ_ID=b86bfee4c860] [REQUEST][START] GET /index.php/API/Investments/getForecastHighlights

[1 occurrence(s)]
DEBUG --> [REQ_ID=72997bfdb9e3] [REQUEST][START] GET /index.php/API/Investments/getConfidenceHeatmap?timeframe=5m&window=60

[1 occurrence(s)]
DEBUG --> [REQ_ID=7971c699b315] [FILTER_AFTER]

[1 occurrence(s)]
DEBUG --> [REQ_ID=7971c699b315] [LIFECYCLE][END] status=200 duration_ms=502.45 memory_delta=0

[1 occurrence(s)]
DEBUG --> [REQ_ID=7971c699b315] [REQUEST][END]

[1 occurrence(s)]
DEBUG --> [REQ_ID=b86bfee4c860] [FILTER_BEFORE] /index.php/API/Investments/getForecastHighlights

[1 occurrence(s)]
DEBUG --> [REQ_ID=b86bfee4c860] [ROUTE] Controller=\App\Modules\APIs\Controllers\InvestmentsAPIController Method=getForecastHighlights

[1 occurrence(s)]
DEBUG --> [REQ_ID=b86bfee4c860] [LIFECYCLE][START] GET https://www.mymiwallet.com/index.php/API/Investments/getForecastHighlights

[1 occurrence(s)]
DEBUG --> [REQ_ID=a6b9a5551210] [INIT] App\Modules\APIs\Controllers\InvestmentsAPIController::GET

[1 occurrence(s)]
DEBUG --> [REQ_ID=4b271ea74e02] [REQUEST][START] GET /index.php/ops/health

[1 occurrence(s)]
DEBUG --> [REQ_ID=b86bfee4c860] [FILTER_AFTER]

[1 occurrence(s)]
DEBUG --> [REQ_ID=b86bfee4c860] [LIFECYCLE][END] status=200 duration_ms=308.20 memory_delta=0

[1 occurrence(s)]
DEBUG --> [REQ_ID=b86bfee4c860] [REQUEST][END]

[1 occurrence(s)]
DEBUG --> [REQ_ID=72997bfdb9e3] [FILTER_BEFORE] /index.php/API/Investments/getConfidenceHeatmap?timeframe=5m&window=60

[1 occurrence(s)]
DEBUG --> [REQ_ID=72997bfdb9e3] [ROUTE] Controller=\App\Modules\APIs\Controllers\InvestmentsAPIController Method=getConfidenceHeatmap

[1 occurrence(s)]
DEBUG --> [REQ_ID=72997bfdb9e3] [LIFECYCLE][START] GET https://www.mymiwallet.com/index.php/API/Investments/getConfidenceHeatmap?timeframe=5m&window=60

[1 occurrence(s)]
DEBUG --> [REQ_ID=68570c1f51b9] [INIT] App\Modules\APIs\Controllers\InvestmentsAPIController::GET

[1 occurrence(s)]
DEBUG --> [REQ_ID=72997bfdb9e3] [FILTER_AFTER]

[1 occurrence(s)]
DEBUG --> [REQ_ID=72997bfdb9e3] [LIFECYCLE][END] status=200 duration_ms=38.97 memory_delta=0

[1 occurrence(s)]
DEBUG --> [REQ_ID=72997bfdb9e3] [REQUEST][END]

[1 occurrence(s)]
DEBUG --> [REQ_ID=4b271ea74e02] [FILTER_BEFORE] /index.php/ops/health

[1 occurrence(s)]
DEBUG --> [REQ_ID=4b271ea74e02] [ROUTE] Controller=\App\Controllers\OpsHealthController Method=index

[1 occurrence(s)]
DEBUG --> [REQ_ID=4b271ea74e02] [LIFECYCLE][START] GET https://www.mymiwallet.com/index.php/ops/health

[1 occurrence(s)]
DEBUG --> [REQ_ID=c13573d041a5] [INIT] App\Controllers\OpsHealthController::GET

[1 occurrence(s)]
DEBUG --> [REQ_ID=c1342ea808d5] [REQUEST][START] GET /index.php/API/Investments/getForecastHighlights

[1 occurrence(s)]
DEBUG --> [REQ_ID=c13573d041a5] [METHOD_ENTRY] index

[1 occurrence(s)]
DEBUG --> [REQ_ID=4b271ea74e02] [FILTER_AFTER]

[1 occurrence(s)]
DEBUG --> [REQ_ID=4b271ea74e02] [LIFECYCLE][END] status=404 duration_ms=16.09 memory_delta=0

[1 occurrence(s)]
DEBUG --> [REQ_ID=4b271ea74e02] [REQUEST][END]

[1 occurrence(s)]
DEBUG --> [REQ_ID=c1342ea808d5] [FILTER_BEFORE] /index.php/API/Investments/getForecastHighlights

[1 occurrence(s)]
DEBUG --> [REQ_ID=c1342ea808d5] [ROUTE] Controller=\App\Modules\APIs\Controllers\InvestmentsAPIController Method=getForecastHighlights

[1 occurrence(s)]
DEBUG --> [REQ_ID=c1342ea808d5] [LIFECYCLE][START] GET https://www.mymiwallet.com/index.php/API/Investments/getForecastHighlights

[1 occurrence(s)]
DEBUG --> [REQ_ID=dc7e947b3fa9] [INIT] App\Modules\APIs\Controllers\InvestmentsAPIController::GET

[1 occurrence(s)]
DEBUG --> [REQ_ID=c1342ea808d5] [FILTER_AFTER]

[1 occurrence(s)]
DEBUG --> [REQ_ID=c1342ea808d5] [LIFECYCLE][END] status=200 duration_ms=15.16 memory_delta=0

[1 occurrence(s)]
DEBUG --> [REQ_ID=c1342ea808d5] [REQUEST][END]

[1 occurrence(s)]
DEBUG --> [REQ_ID=d026057cc306] [REQUEST][START] GET /index.php/API/Investments/getForecastAccuracySummary?window=7d

[1 occurrence(s)]
DEBUG --> [REQ_ID=53bbaf1ca6f3] [REQUEST][START] GET /index.php/API/Investments/getConfidenceHeatmap?timeframe=all&window=6h

[1 occurrence(s)]
DEBUG --> [REQ_ID=d026057cc306] [FILTER_BEFORE] /index.php/API/Investments/getForecastAccuracySummary?window=7d

[1 occurrence(s)]
DEBUG --> [REQ_ID=d026057cc306] [ROUTE] Controller=\App\Modules\APIs\Controllers\InvestmentsAPIController Method=getForecastAccuracySummary

[1 occurrence(s)]
DEBUG --> [REQ_ID=d026057cc306] [LIFECYCLE][START] GET https://www.mymiwallet.com/index.php/API/Investments/getForecastAccuracySummary?window=7d

[1 occurrence(s)]
DEBUG --> [REQ_ID=1522dc19c896] [INIT] App\Modules\APIs\Controllers\InvestmentsAPIController::GET

[1 occurrence(s)]
DEBUG --> [REQ_ID=d026057cc306] [FILTER_AFTER]

[1 occurrence(s)]
DEBUG --> [REQ_ID=d026057cc306] [LIFECYCLE][END] status=200 duration_ms=19.43 memory_delta=0

[1 occurrence(s)]
DEBUG --> [REQ_ID=d026057cc306] [REQUEST][END]

[1 occurrence(s)]
DEBUG --> [REQ_ID=53bbaf1ca6f3] [FILTER_BEFORE] /index.php/API/Investments/getConfidenceHeatmap?timeframe=all&window=6h

[1 occurrence(s)]
DEBUG --> [REQ_ID=53bbaf1ca6f3] [ROUTE] Controller=\App\Modules\APIs\Controllers\InvestmentsAPIController Method=getConfidenceHeatmap

[1 occurrence(s)]
DEBUG --> [REQ_ID=53bbaf1ca6f3] [LIFECYCLE][START] GET https://www.mymiwallet.com/index.php/API/Investments/getConfidenceHeatmap?timeframe=all&window=6h

[1 occurrence(s)]
DEBUG --> [REQ_ID=00a5a3595796] [INIT] App\Modules\APIs\Controllers\InvestmentsAPIController::GET

[1 occurrence(s)]
DEBUG --> [REQ_ID=53bbaf1ca6f3] [FILTER_AFTER]

[1 occurrence(s)]
DEBUG --> [REQ_ID=53bbaf1ca6f3] [LIFECYCLE][END] status=200 duration_ms=37.72 memory_delta=0

[1 occurrence(s)]
DEBUG --> [REQ_ID=53bbaf1ca6f3] [REQUEST][END]

[1 occurrence(s)]
DEBUG --> [REQ_ID=85b12140e9bb] [REQUEST][START] GET /index.php/Alerts

[1 occurrence(s)]
DEBUG --> [REQ_ID=85b12140e9bb] [FILTER_BEFORE] /index.php/Alerts

[1 occurrence(s)]
DEBUG --> [REQ_ID=85b12140e9bb] [ROUTE] Controller=\App\Modules\User\Controllers\AlertsController Method=index

[1 occurrence(s)]
DEBUG --> [REQ_ID=85b12140e9bb] [LIFECYCLE][START] GET https://www.mymiwallet.com/index.php/Alerts

[1 occurrence(s)]
DEBUG --> [REQ_ID=b6749a5a3058] [INIT] App\Modules\User\Controllers\AlertsController::GET

[1 occurrence(s)]
DEBUG --> [REQ_ID=b6749a5a3058] [METHOD_ENTRY] index

[1 occurrence(s)]
DEBUG --> MyMIAdvisor::generateAdvisorNotes called for userId: 2

[1 occurrence(s)]
DEBUG --> MyMIAdvisor::generateAdvisorNotes - Avg momentum for user 2: 0

[1 occurrence(s)]
DEBUG --> [REQ_ID=b6749a5a3058] [VIEW_RENDER] App\Modules\User\Views\Alerts\index

[1 occurrence(s)]
DEBUG --> [REQ_ID=85b12140e9bb] [FILTER_AFTER]

[1 occurrence(s)]
DEBUG --> [REQ_ID=85b12140e9bb] [LIFECYCLE][END] status=200 duration_ms=504.64 memory_delta=4194304

[1 occurrence(s)]
DEBUG --> [REQ_ID=85b12140e9bb] [REQUEST][END]

[1 occurrence(s)]
DEBUG --> [REQ_ID=597a79422cab] [REQUEST][START] GET /index.php/Exchange/Solana

[1 occurrence(s)]
DEBUG --> [REQ_ID=597a79422cab] [FILTER_BEFORE] /index.php/Exchange/Solana

[1 occurrence(s)]
DEBUG --> [REQ_ID=597a79422cab] [ROUTE] Controller=\App\Modules\Exchange\Controllers\SolanaController Method=index

[1 occurrence(s)]
DEBUG --> [REQ_ID=597a79422cab] [LIFECYCLE][START] GET https://www.mymiwallet.com/index.php/Exchange/Solana

[1 occurrence(s)]
DEBUG --> [REQ_ID=7f1fa70c3ff6] [INIT] App\Modules\Exchange\Controllers\SolanaController::GET

[1 occurrence(s)]
DEBUG --> [REQ_ID=7f1fa70c3ff6] [METHOD_ENTRY] index

[2 occurrence(s)]
DEBUG --> Memory usage before coin value fetch: 4194304

[2 occurrence(s)]
DEBUG --> Memory usage after coin value fetch: 4194304

[1 occurrence(s)]
DEBUG --> [REQ_ID=7f1fa70c3ff6] [VIEW_RENDER] App\Modules\Exchange\Views\Solana\index

[1 occurrence(s)]
DEBUG --> [REQ_ID=597a79422cab] [FILTER_AFTER]

[1 occurrence(s)]
DEBUG --> [REQ_ID=597a79422cab] [LIFECYCLE][END] status=200 duration_ms=1,648.79 memory_delta=2097152

[1 occurrence(s)]
DEBUG --> [REQ_ID=597a79422cab] [REQUEST][END]

[1 occurrence(s)]
DEBUG --> [REQ_ID=5ada91066bce] [REQUEST][START] GET /index.php/Budget/Financial-Analysis

[1 occurrence(s)]
DEBUG --> [REQ_ID=5ada91066bce] [REQUEST][END]

[1 occurrence(s)]
DEBUG --> [REQ_ID=1826fd3df01d] [REQUEST][START] GET /index.php/Budget

[1 occurrence(s)]
DEBUG --> [REQ_ID=1826fd3df01d] [FILTER_BEFORE] /index.php/Budget

[1 occurrence(s)]
DEBUG --> [REQ_ID=1826fd3df01d] [ROUTE] Controller=\App\Modules\User\Controllers\BudgetController Method=index

[1 occurrence(s)]
DEBUG --> [REQ_ID=1826fd3df01d] [LIFECYCLE][START] GET https://www.mymiwallet.com/index.php/Budget

[3 occurrence(s)]
DEBUG --> [BudgetController::METHOD_ENTRY] initController

[1 occurrence(s)]
DEBUG --> [REQ_ID=c68778470a6b] [INIT] App\Modules\User\Controllers\BudgetController::GET

[1 occurrence(s)]
DEBUG --> [REQ_ID=c68778470a6b] [METHOD_ENTRY] index

[3 occurrence(s)]
DEBUG --> BudgetController L53 Initialized with cuID: 2

[3 occurrence(s)]
DEBUG --> BudgetController::constructor - sanitizedCacheKey exists? YES

[1 occurrence(s)]
DEBUG --> [BudgetController::METHOD_ENTRY] index

[1 occurrence(s)]
DEBUG --> Dashboard::index() reached in BudgetController. User ID: 2

[2 occurrence(s)]
DEBUG --> BudgetController::commonData snapshot: {"cuID":2,"cuEmail":"admin@timothyburks.com","totalAccountBalance":0,"nonce":{"script":"nonce=\"57c3963d1fb26760c9b870bfa065f226\"","style":"nonce=\"57c3963d1fb26760c9b870bfa065f226\""}}

[1 occurrence(s)]
DEBUG --> [REQ_ID=c68778470a6b] [VIEW_RENDER] App\Modules\User\Views\Budget\index

[1 occurrence(s)]
DEBUG --> [REQ_ID=1826fd3df01d] [FILTER_AFTER]

[1 occurrence(s)]
DEBUG --> [REQ_ID=1826fd3df01d] [LIFECYCLE][END] status=200 duration_ms=76.46 memory_delta=0

[1 occurrence(s)]
DEBUG --> [REQ_ID=1826fd3df01d] [REQUEST][END]

[1 occurrence(s)]
DEBUG --> [REQ_ID=8fa7ca2103f6] [REQUEST][START] GET /index.php/API/Budget/getUserBudgetRecords

[1 occurrence(s)]
DEBUG --> [REQ_ID=8fa7ca2103f6] [FILTER_BEFORE] /index.php/API/Budget/getUserBudgetRecords

[1 occurrence(s)]
DEBUG --> [REQ_ID=8fa7ca2103f6] [ROUTE] Controller=\App\Modules\APIs\Controllers\BudgetAPIController Method=getUserBudgetRecords

[1 occurrence(s)]
DEBUG --> [REQ_ID=8fa7ca2103f6] [LIFECYCLE][START] GET https://www.mymiwallet.com/index.php/API/Budget/getUserBudgetRecords

[1 occurrence(s)]
DEBUG --> [REQ_ID=eefa00b9793e] [INIT] App\Modules\APIs\Controllers\BudgetAPIController::GET

[1 occurrence(s)]
DEBUG --> [REQ_ID=f7789c44eba2] [REQUEST][START] GET /index.php/API/Budget/getUserCreditBalances

[1 occurrence(s)]
DEBUG --> [REQ_ID=df80a25febbb] [REQUEST][START] GET /index.php/API/Budget/getUserAvailableBalances

[1 occurrence(s)]
DEBUG --> [REQ_ID=f7789c44eba2] [FILTER_BEFORE] /index.php/API/Budget/getUserCreditBalances

[1 occurrence(s)]
DEBUG --> [REQ_ID=f7789c44eba2] [ROUTE] Controller=\App\Modules\APIs\Controllers\BudgetAPIController Method=getUserCreditBalances

[1 occurrence(s)]
DEBUG --> [REQ_ID=f7789c44eba2] [LIFECYCLE][START] GET https://www.mymiwallet.com/index.php/API/Budget/getUserCreditBalances

[1 occurrence(s)]
DEBUG --> [REQ_ID=8f03f2b0b657] [INIT] App\Modules\APIs\Controllers\BudgetAPIController::GET

[1 occurrence(s)]
DEBUG --> [REQ_ID=df80a25febbb] [FILTER_BEFORE] /index.php/API/Budget/getUserAvailableBalances

[1 occurrence(s)]
DEBUG --> [REQ_ID=df80a25febbb] [ROUTE] Controller=\App\Modules\APIs\Controllers\BudgetAPIController Method=getUserAvailableBalances

[1 occurrence(s)]
DEBUG --> [REQ_ID=df80a25febbb] [LIFECYCLE][START] GET https://www.mymiwallet.com/index.php/API/Budget/getUserAvailableBalances

[1 occurrence(s)]
DEBUG --> [REQ_ID=197c6a3abdc1] [INIT] App\Modules\APIs\Controllers\BudgetAPIController::GET

[1 occurrence(s)]
DEBUG --> [REQ_ID=6a1bc733c089] [REQUEST][START] GET /index.php/API/Budget/getUserRepaymentSummary

[1 occurrence(s)]
DEBUG --> [REQ_ID=6a1bc733c089] [FILTER_BEFORE] /index.php/API/Budget/getUserRepaymentSummary

[1 occurrence(s)]
DEBUG --> [REQ_ID=6a1bc733c089] [ROUTE] Controller=\App\Modules\APIs\Controllers\BudgetAPIController Method=getUserRepaymentSummary

[1 occurrence(s)]
DEBUG --> [REQ_ID=6a1bc733c089] [LIFECYCLE][START] GET https://www.mymiwallet.com/index.php/API/Budget/getUserRepaymentSummary

[1 occurrence(s)]
DEBUG --> [REQ_ID=ab261cf71fd8] [INIT] App\Modules\APIs\Controllers\BudgetAPIController::GET

[1 occurrence(s)]
DEBUG --> [REQ_ID=f97d74d15df9] [REQUEST][START] GET /index.php/Budget/Add/Income

[1 occurrence(s)]
DEBUG --> [REQ_ID=f97d74d15df9] [FILTER_BEFORE] /index.php/Budget/Add/Income

[1 occurrence(s)]
DEBUG --> [REQ_ID=f97d74d15df9] [ROUTE] Controller=\App\Modules\User\Controllers\BudgetController Method=add

[1 occurrence(s)]
DEBUG --> [REQ_ID=f97d74d15df9] [LIFECYCLE][START] GET https://www.mymiwallet.com/index.php/Budget/Add/Income

[1 occurrence(s)]
DEBUG --> [REQ_ID=b4be7ee44483] [INIT] App\Modules\User\Controllers\BudgetController::GET

[1 occurrence(s)]
DEBUG --> [REQ_ID=b4be7ee44483] [METHOD_ENTRY] add

[2 occurrence(s)]
DEBUG --> [BudgetController::METHOD_ENTRY] add

[2 occurrence(s)]
DEBUG --> BudgetController::commonData snapshot: {"cuID":2,"cuEmail":"admin@timothyburks.com","totalAccountBalance":0,"nonce":{"script":"nonce=\"61e545012d848c6b582534d58042a146\"","style":"nonce=\"61e545012d848c6b582534d58042a146\""}}

[1 occurrence(s)]
DEBUG --> [REQ_ID=b4be7ee44483] [VIEW_RENDER] App\Modules\User\Views\Budget\Add

[1 occurrence(s)]
DEBUG --> [REQ_ID=f97d74d15df9] [FILTER_AFTER]

[1 occurrence(s)]
DEBUG --> [REQ_ID=f97d74d15df9] [LIFECYCLE][END] status=200 duration_ms=57.26 memory_delta=0

[1 occurrence(s)]
DEBUG --> [REQ_ID=f97d74d15df9] [REQUEST][END]

[1 occurrence(s)]
DEBUG --> [REQ_ID=c359a4be37c0] [REQUEST][START] GET /index.php/Budget/Financial-Forecaster

[1 occurrence(s)]
DEBUG --> [REQ_ID=c359a4be37c0] [REQUEST][END]

[1 occurrence(s)]
DEBUG --> [REQ_ID=c82806378186] [REQUEST][START] POST /index.php/Budget/Account-Manager

[1 occurrence(s)]
DEBUG --> [REQ_ID=c82806378186] [FILTER_BEFORE] /index.php/Budget/Account-Manager

[1 occurrence(s)]
DEBUG --> [REQ_ID=c82806378186] [ROUTE] Controller=\App\Modules\User\Controllers\BudgetController Method=accountManager

[1 occurrence(s)]
DEBUG --> [REQ_ID=c82806378186] [LIFECYCLE][START] POST https://www.mymiwallet.com/index.php/Budget/Account-Manager

[1 occurrence(s)]
DEBUG --> [REQ_ID=0860165e7a7b] [REQUEST][START] POST /index.php/Budget/Account-Manager

[1 occurrence(s)]
DEBUG --> [REQ_ID=0860165e7a7b] [FILTER_BEFORE] /index.php/Budget/Account-Manager

[1 occurrence(s)]
DEBUG --> [REQ_ID=0860165e7a7b] [ROUTE] Controller=\App\Modules\User\Controllers\BudgetController Method=accountManager

[1 occurrence(s)]
DEBUG --> [REQ_ID=0860165e7a7b] [LIFECYCLE][START] POST https://www.mymiwallet.com/index.php/Budget/Account-Manager

[1 occurrence(s)]
DEBUG --> [REQ_ID=5dd51a382746] [REQUEST][START] GET /index.php/Budget/Add/Income

[1 occurrence(s)]
DEBUG --> [REQ_ID=5dd51a382746] [FILTER_BEFORE] /index.php/Budget/Add/Income

[1 occurrence(s)]
DEBUG --> [REQ_ID=5dd51a382746] [ROUTE] Controller=\App\Modules\User\Controllers\BudgetController Method=add

[1 occurrence(s)]
DEBUG --> [REQ_ID=5dd51a382746] [LIFECYCLE][START] GET https://www.mymiwallet.com/index.php/Budget/Add/Income

[1 occurrence(s)]
DEBUG --> [REQ_ID=fcfc1613fa9a] [INIT] App\Modules\User\Controllers\BudgetController::GET

[1 occurrence(s)]
DEBUG --> [REQ_ID=fcfc1613fa9a] [METHOD_ENTRY] add

[2 occurrence(s)]
DEBUG --> BudgetController::commonData snapshot: {"cuID":2,"cuEmail":"admin@timothyburks.com","totalAccountBalance":0,"nonce":{"script":"nonce=\"e38f0116c42b4885311bac3c8b9121eb\"","style":"nonce=\"e38f0116c42b4885311bac3c8b9121eb\""}}

[1 occurrence(s)]
DEBUG --> [REQ_ID=fcfc1613fa9a] [VIEW_RENDER] App\Modules\User\Views\Budget\Add

[1 occurrence(s)]
DEBUG --> [REQ_ID=5dd51a382746] [FILTER_AFTER]

[1 occurrence(s)]
DEBUG --> [REQ_ID=5dd51a382746] [LIFECYCLE][END] status=200 duration_ms=36.33 memory_delta=0

[1 occurrence(s)]
DEBUG --> [REQ_ID=5dd51a382746] [REQUEST][END]

[1 occurrence(s)]
DEBUG --> [REQ_ID=288fac7482ca] [REQUEST][START] HEAD /

[1 occurrence(s)]
DEBUG --> [REQ_ID=98a3b3353dfa] [REQUEST][START] GET /index.php/Budget/Financial-Institute

[1 occurrence(s)]
DEBUG --> [REQ_ID=98a3b3353dfa] [REQUEST][END]

[1 occurrence(s)]
DEBUG --> [REQ_ID=8a1454390724] [REQUEST][START] GET /index.php/Customer-Support

[1 occurrence(s)]
DEBUG --> [REQ_ID=8a1454390724] [REQUEST][END]

[1 occurrence(s)]
DEBUG --> [REQ_ID=00e2a99e1aa7] [REQUEST][START] GET /index.php/Exchange

[1 occurrence(s)]
DEBUG --> [REQ_ID=00e2a99e1aa7] [REQUEST][END]

[1 occurrence(s)]
DEBUG --> [REQ_ID=8753903e0534] [REQUEST][START] GET /index.php/Exchange/Solana

[1 occurrence(s)]
DEBUG --> [REQ_ID=8753903e0534] [REQUEST][END]

[1 occurrence(s)]
DEBUG --> [REQ_ID=21a858fe4e99] [REQUEST][START] GET /index.php/How-It-Works/MyMI-Wallets

[1 occurrence(s)]
DEBUG --> [REQ_ID=21a858fe4e99] [REQUEST][END]

[1 occurrence(s)]
DEBUG --> [REQ_ID=01fdb5c148d7] [REQUEST][START] GET /index.php/Investments

[1 occurrence(s)]
DEBUG --> [REQ_ID=01fdb5c148d7] [REQUEST][END]

[1 occurrence(s)]
DEBUG --> [REQ_ID=722939c557fb] [REQUEST][START] GET /index.php/Investments/News

[1 occurrence(s)]
DEBUG --> [REQ_ID=722939c557fb] [REQUEST][END]

[1 occurrence(s)]
DEBUG --> [REQ_ID=a830f0fb26dc] [REQUEST][START] GET /index.php/Investments/Reports

[1 occurrence(s)]
DEBUG --> [REQ_ID=a830f0fb26dc] [REQUEST][END]

[1 occurrence(s)]
DEBUG --> [REQ_ID=1259b7d48753] [REQUEST][START] GET /index.php/Investments/Watchlist

[1 occurrence(s)]
DEBUG --> [REQ_ID=1259b7d48753] [REQUEST][END]

[1 occurrence(s)]
DEBUG --> [REQ_ID=f72c229a30ed] [REQUEST][START] HEAD /

[1 occurrence(s)]
DEBUG --> [REQ_ID=10f86f871e72] [REQUEST][START] GET /index.php/Management/API

[1 occurrence(s)]
DEBUG --> [REQ_ID=10f86f871e72] [REQUEST][END]

[1 occurrence(s)]
DEBUG --> [REQ_ID=481a49b7db09] [REQUEST][START] HEAD /

[1 occurrence(s)]
DEBUG --> [REQ_ID=b759b0950707] [REQUEST][START] GET /index.php/Management/Admin

[1 occurrence(s)]
DEBUG --> [REQ_ID=b759b0950707] [REQUEST][END]

[1 occurrence(s)]
DEBUG --> [REQ_ID=ede3b2253279] [REQUEST][START] HEAD /

[1 occurrence(s)]
DEBUG --> [REQ_ID=eb51600d3785] [REQUEST][START] GET /index.php/Management/Alerts

[1 occurrence(s)]
DEBUG --> [REQ_ID=eb51600d3785] [REQUEST][END]

[1 occurrence(s)]
DEBUG --> [REQ_ID=85c6b336e381] [REQUEST][START] GET /index.php/Management/Assets

[1 occurrence(s)]
DEBUG --> [REQ_ID=85c6b336e381] [REQUEST][END]

[1 occurrence(s)]
DEBUG --> [REQ_ID=ebe33d2f8b74] [REQUEST][START] GET /index.php/Management/Budgeting

[1 occurrence(s)]
DEBUG --> [REQ_ID=ebe33d2f8b74] [REQUEST][END]

[1 occurrence(s)]
DEBUG --> [REQ_ID=61b764f91f8c] [REQUEST][START] GET /index.php/Management/Budgets

[1 occurrence(s)]
DEBUG --> [REQ_ID=61b764f91f8c] [REQUEST][END]

[1 occurrence(s)]
DEBUG --> [REQ_ID=22baf51039e0] [REQUEST][START] GET /index.php/Management/Docs

[1 occurrence(s)]
DEBUG --> [REQ_ID=22baf51039e0] [REQUEST][END]

[1 occurrence(s)]
DEBUG --> [REQ_ID=f27740703508] [REQUEST][START] GET /index.php/Management/Exchange

[1 occurrence(s)]
DEBUG --> [REQ_ID=f27740703508] [REQUEST][END]

[1 occurrence(s)]
DEBUG --> [REQ_ID=97dc32d5f071] [REQUEST][START] GET /index.php/Management/Marketing

[1 occurrence(s)]
DEBUG --> [REQ_ID=97dc32d5f071] [REQUEST][END]

[1 occurrence(s)]
DEBUG --> [REQ_ID=416874b17c5e] [REQUEST][START] GET /index.php/Management/Marketing/Blog-Creator

[1 occurrence(s)]
DEBUG --> [REQ_ID=416874b17c5e] [REQUEST][END]

[1 occurrence(s)]
DEBUG --> [REQ_ID=da0fafcd9397] [REQUEST][START] GET /index.php/Management/Marketing/Campaigns

[1 occurrence(s)]
DEBUG --> [REQ_ID=da0fafcd9397] [REQUEST][END]

[1 occurrence(s)]
DEBUG --> [REQ_ID=c8bd99d3d8e7] [REQUEST][START] HEAD /

[1 occurrence(s)]
DEBUG --> [REQ_ID=870d7fda5375] [REQUEST][START] GET /index.php/Management/Marketing/Content/Generator

[1 occurrence(s)]
DEBUG --> [REQ_ID=870d7fda5375] [REQUEST][END]

[1 occurrence(s)]
DEBUG --> [REQ_ID=ee74e540dad9] [REQUEST][START] GET /index.php/Management/Marketing/Content/Listing

[1 occurrence(s)]
DEBUG --> [REQ_ID=ee74e540dad9] [REQUEST][END]

[1 occurrence(s)]
DEBUG --> [REQ_ID=b0193c918774] [REQUEST][START] GET /index.php/Management/Marketing/Ideas

[1 occurrence(s)]
DEBUG --> [REQ_ID=b0193c918774] [REQUEST][END]

[1 occurrence(s)]
DEBUG --> [REQ_ID=d748c2730db9] [REQUEST][START] GET /index.php/Management/Marketing/Post-Creator

[1 occurrence(s)]
DEBUG --> [REQ_ID=d748c2730db9] [REQUEST][END]

[1 occurrence(s)]
DEBUG --> [REQ_ID=7aee2006e7b3] [REQUEST][START] GET /index.php/Management/Marketing/Promote/Solana

[1 occurrence(s)]
DEBUG --> [REQ_ID=7aee2006e7b3] [REQUEST][END]

[1 occurrence(s)]
DEBUG --> [REQ_ID=6108c536d2cb] [REQUEST][START] GET /index.php/API/Management/Run-CRON-Tasks

[1 occurrence(s)]
DEBUG --> [REQ_ID=6108c536d2cb] [FILTER_BEFORE] /index.php/API/Management/Run-CRON-Tasks

[1 occurrence(s)]
DEBUG --> [REQ_ID=6108c536d2cb] [ROUTE] Controller=\App\Modules\Management\Controllers\ManagementAPIController Method=Run_CRON_Tasks

[1 occurrence(s)]
DEBUG --> [REQ_ID=6108c536d2cb] [LIFECYCLE][START] GET https://www.mymiwallet.com/index.php/API/Management/Run-CRON-Tasks

[1 occurrence(s)]
DEBUG --> [REQ_ID=6108c536d2cb] [REQUEST][END]

[1 occurrence(s)]
DEBUG --> [REQ_ID=ca9397926411] [REQUEST][START] GET /index.php/Management/Marketing/Schedule

[1 occurrence(s)]
DEBUG --> [REQ_ID=ca9397926411] [REQUEST][END]

[1 occurrence(s)]
DEBUG --> [REQ_ID=9c1e05c4ee5f] [REQUEST][START] GET /index.php/Management/Marketing/Video-Creator

[1 occurrence(s)]
DEBUG --> [REQ_ID=9c1e05c4ee5f] [REQUEST][END]

[1 occurrence(s)]
DEBUG --> [REQ_ID=35248988a332] [REQUEST][START] GET /index.php/Management/Partners

[1 occurrence(s)]
DEBUG --> [REQ_ID=35248988a332] [REQUEST][END]

[1 occurrence(s)]
DEBUG --> [REQ_ID=b52820cbc172] [REQUEST][START] GET /index.php/Management/Projects

[1 occurrence(s)]
DEBUG --> [REQ_ID=b52820cbc172] [REQUEST][END]

[1 occurrence(s)]
DEBUG --> [REQ_ID=77612a04bdf2] [REQUEST][START] GET /index.php/Management/Security

[1 occurrence(s)]
DEBUG --> [REQ_ID=77612a04bdf2] [REQUEST][END]

[1 occurrence(s)]
DEBUG --> [REQ_ID=d499305b9657] [REQUEST][START] HEAD /

[1 occurrence(s)]
DEBUG --> [REQ_ID=387767afcc77] [REQUEST][START] GET /index.php/Management/Services

[1 occurrence(s)]
DEBUG --> [REQ_ID=387767afcc77] [REQUEST][END]

[1 occurrence(s)]
DEBUG --> [REQ_ID=e57e3bc3ec6f] [REQUEST][START] GET /index.php/Management/Users

[1 occurrence(s)]
DEBUG --> [REQ_ID=e57e3bc3ec6f] [REQUEST][END]

[1 occurrence(s)]
DEBUG --> [REQ_ID=da454b10a579] [REQUEST][START] GET /index.php/Management/Wallets

[1 occurrence(s)]
DEBUG --> [REQ_ID=da454b10a579] [REQUEST][END]

[1 occurrence(s)]
DEBUG --> [REQ_ID=a4d65c1ecad1] [REQUEST][START] GET /index.php/Marketplace

[1 occurrence(s)]
DEBUG --> [REQ_ID=a4d65c1ecad1] [REQUEST][END]

[1 occurrence(s)]
DEBUG --> [REQ_ID=621831317f37] [REQUEST][START] GET /index.php/My-Referrals

[1 occurrence(s)]
DEBUG --> [REQ_ID=621831317f37] [REQUEST][END]

[1 occurrence(s)]
DEBUG --> [REQ_ID=f9df4b290ca0] [REQUEST][START] GET /index.php/MyMI-Gold/Goals/Daily

[1 occurrence(s)]
DEBUG --> [REQ_ID=f9df4b290ca0] [REQUEST][END]

[1 occurrence(s)]
DEBUG --> [REQ_ID=37dc62f2e21a] [REQUEST][START] GET /index.php/Profile/

[1 occurrence(s)]
DEBUG --> [REQ_ID=37dc62f2e21a] [REQUEST][END]

[1 occurrence(s)]
DEBUG --> [REQ_ID=7887905fbb8c] [REQUEST][START] GET /index.php/Projects

[1 occurrence(s)]
DEBUG --> [REQ_ID=7887905fbb8c] [REQUEST][END]

[1 occurrence(s)]
DEBUG --> [REQ_ID=638b4dd252e8] [REQUEST][START] GET /index.php/Trade-Tracker

[1 occurrence(s)]
DEBUG --> [REQ_ID=638b4dd252e8] [REQUEST][END]

[1 occurrence(s)]
DEBUG --> [REQ_ID=101defd0fea3] [REQUEST][START] GET /index.php/Wallets

[1 occurrence(s)]
DEBUG --> [REQ_ID=101defd0fea3] [REQUEST][END]

[1 occurrence(s)]
DEBUG --> [REQ_ID=76e3197db074] [REQUEST][START] GET /index.php/login

[1 occurrence(s)]
DEBUG --> [REQ_ID=76e3197db074] [REQUEST][END]

[1 occurrence(s)]
DEBUG --> [REQ_ID=fdd4b4793507] [REQUEST][START] HEAD /

[1 occurrence(s)]
DEBUG --> [REQ_ID=b2f0e211b7e0] [REQUEST][START] HEAD /

[1 occurrence(s)]
DEBUG --> [REQ_ID=87a1f0f9ce91] [REQUEST][START] GET /index.php/API/Alerts/fetchEmailAlerts

[1 occurrence(s)]
DEBUG --> [REQ_ID=87a1f0f9ce91] [FILTER_BEFORE] /index.php/API/Alerts/fetchEmailAlerts

[1 occurrence(s)]
DEBUG --> [REQ_ID=87a1f0f9ce91] [ROUTE] Controller=\App\Modules\APIs\Controllers\AlertsAPIController Method=fetchEmailAlerts

[1 occurrence(s)]
DEBUG --> [REQ_ID=87a1f0f9ce91] [LIFECYCLE][START] GET https://www.mymiwallet.com/index.php/API/Alerts/fetchEmailAlerts

[1 occurrence(s)]
DEBUG --> [REQ_ID=87a1f0f9ce91] [REQUEST][END]

[1 occurrence(s)]
DEBUG --> [REQ_ID=fe98d80cb5d8] [REQUEST][START] HEAD /

[1 occurrence(s)]
DEBUG --> [REQ_ID=27eaf3a2f274] [REQUEST][START] GET /

[1 occurrence(s)]
DEBUG --> [REQ_ID=27eaf3a2f274] [FILTER_BEFORE] /

[1 occurrence(s)]
DEBUG --> [REQ_ID=27eaf3a2f274] [ROUTE] Controller=\App\Controllers\Home Method=index

[1 occurrence(s)]
DEBUG --> [REQ_ID=27eaf3a2f274] [LIFECYCLE][START] GET https://www.mymiwallet.com/index.php/

[1 occurrence(s)]
DEBUG --> [CSRF] token name=csrf_test_name hash=c720e348d9ce15b9e543a50a60910181

[1 occurrence(s)]
DEBUG --> [REQ_ID=9b1fddc8557e] [INIT] App\Controllers\Home::GET

[1 occurrence(s)]
DEBUG --> [REQ_ID=9b1fddc8557e] [VIEW_RENDER] themes/public/home

[1 occurrence(s)]
DEBUG --> [REQ_ID=27eaf3a2f274] [FILTER_AFTER]

[1 occurrence(s)]
DEBUG --> [REQ_ID=27eaf3a2f274] [LIFECYCLE][END] status=200 duration_ms=597.03 memory_delta=4194304

[1 occurrence(s)]
DEBUG --> [REQ_ID=27eaf3a2f274] [REQUEST][END]

[1 occurrence(s)]
DEBUG --> [REQ_ID=4c54fa4a50b5] [REQUEST][START] HEAD /

[1 occurrence(s)]
DEBUG --> [REQ_ID=02c604587f0f] [REQUEST][START] GET /

[1 occurrence(s)]
DEBUG --> [REQ_ID=02c604587f0f] [FILTER_BEFORE] /

[1 occurrence(s)]
DEBUG --> [REQ_ID=02c604587f0f] [ROUTE] Controller=\App\Controllers\Home Method=index

[1 occurrence(s)]
DEBUG --> [REQ_ID=02c604587f0f] [LIFECYCLE][START] GET https://www.mymiwallet.com/index.php/

[1 occurrence(s)]
DEBUG --> [CSRF] token name=csrf_test_name hash=78d971f7645ea3c03c67a46b2e9a8be5

[1 occurrence(s)]
DEBUG --> [REQ_ID=a2c96e7981d7] [INIT] App\Controllers\Home::GET

[1 occurrence(s)]
DEBUG --> [REQ_ID=a2c96e7981d7] [VIEW_RENDER] themes/public/home

[1 occurrence(s)]
DEBUG --> [REQ_ID=02c604587f0f] [FILTER_AFTER]

[1 occurrence(s)]
DEBUG --> [REQ_ID=02c604587f0f] [LIFECYCLE][END] status=200 duration_ms=887.20 memory_delta=4194304

[1 occurrence(s)]
DEBUG --> [REQ_ID=02c604587f0f] [REQUEST][END]

[1 occurrence(s)]
DEBUG --> [REQ_ID=2a3699a0b42e] [REQUEST][START] HEAD /

[1 occurrence(s)]
DEBUG --> [REQ_ID=e2efbcb3a456] [REQUEST][START] HEAD /

[1 occurrence(s)]
DEBUG --> [REQ_ID=5f7986152d48] [REQUEST][START] GET /index.php/Management/Budgets

[1 occurrence(s)]
DEBUG --> [REQ_ID=5f7986152d48] [REQUEST][END]

[1 occurrence(s)]
DEBUG --> [REQ_ID=1d16fa436e05] [REQUEST][START] HEAD /

[1 occurrence(s)]
DEBUG --> [REQ_ID=6b6a6179d9a9] [REQUEST][START] HEAD /

[1 occurrence(s)]
DEBUG --> [REQ_ID=613ba5c41882] [REQUEST][START] GET /

[1 occurrence(s)]
DEBUG --> [REQ_ID=613ba5c41882] [FILTER_BEFORE] /

[1 occurrence(s)]
DEBUG --> [REQ_ID=613ba5c41882] [ROUTE] Controller=\App\Controllers\Home Method=index

[1 occurrence(s)]
DEBUG --> [REQ_ID=613ba5c41882] [LIFECYCLE][START] GET https://www.mymiwallet.com/index.php/

[1 occurrence(s)]
DEBUG --> [CSRF] token name=csrf_test_name hash=2b85d4fd886cbf55864668510e860b8d

[1 occurrence(s)]
DEBUG --> [REQ_ID=f1c36c69dd14] [INIT] App\Controllers\Home::GET

[1 occurrence(s)]
DEBUG --> [REQ_ID=f1c36c69dd14] [VIEW_RENDER] themes/public/home

[1 occurrence(s)]
DEBUG --> [REQ_ID=613ba5c41882] [FILTER_AFTER]

[1 occurrence(s)]
DEBUG --> [REQ_ID=613ba5c41882] [LIFECYCLE][END] status=200 duration_ms=647.10 memory_delta=4194304

[1 occurrence(s)]
DEBUG --> [REQ_ID=613ba5c41882] [REQUEST][END]

[1 occurrence(s)]
DEBUG --> [REQ_ID=8cce939df89a] [REQUEST][START] GET /

[1 occurrence(s)]
DEBUG --> [REQ_ID=8cce939df89a] [FILTER_BEFORE] /

[1 occurrence(s)]
DEBUG --> [REQ_ID=8cce939df89a] [ROUTE] Controller=\App\Controllers\Home Method=index

[1 occurrence(s)]
DEBUG --> [REQ_ID=8cce939df89a] [LIFECYCLE][START] GET https://www.mymiwallet.com/index.php/

[1 occurrence(s)]
DEBUG --> [CSRF] token name=csrf_test_name hash=9c1c32a7dc72f066f7001ce1ee2310ce

[1 occurrence(s)]
DEBUG --> [REQ_ID=2b4d614115de] [INIT] App\Controllers\Home::GET

[1 occurrence(s)]
DEBUG --> [REQ_ID=2b4d614115de] [VIEW_RENDER] themes/public/home

[1 occurrence(s)]
DEBUG --> [REQ_ID=8cce939df89a] [FILTER_AFTER]

[1 occurrence(s)]
DEBUG --> [REQ_ID=8cce939df89a] [LIFECYCLE][END] status=200 duration_ms=552.99 memory_delta=2097152

[1 occurrence(s)]
DEBUG --> [REQ_ID=8cce939df89a] [REQUEST][END]

[1 occurrence(s)]
DEBUG --> [REQ_ID=a48984b61ece] [REQUEST][START] GET /index.php

[1 occurrence(s)]
DEBUG --> [REQ_ID=a48984b61ece] [FILTER_BEFORE] /index.php

[1 occurrence(s)]
DEBUG --> [REQ_ID=a48984b61ece] [ROUTE] Controller=\App\Controllers\Home Method=index

[1 occurrence(s)]
DEBUG --> [REQ_ID=a48984b61ece] [LIFECYCLE][START] GET https://www.mymiwallet.com/index.php/

[1 occurrence(s)]
DEBUG --> [CSRF] token name=csrf_test_name hash=2bffd560f0fd69d173707ab4579998e2

[1 occurrence(s)]
DEBUG --> [REQ_ID=e380e1c52d74] [INIT] App\Controllers\Home::GET

[1 occurrence(s)]
DEBUG --> [REQ_ID=e380e1c52d74] [VIEW_RENDER] themes/public/home

[1 occurrence(s)]
DEBUG --> [REQ_ID=a48984b61ece] [FILTER_AFTER]

[1 occurrence(s)]
DEBUG --> [REQ_ID=a48984b61ece] [LIFECYCLE][END] status=200 duration_ms=608.61 memory_delta=4194304

[1 occurrence(s)]
DEBUG --> [REQ_ID=a48984b61ece] [REQUEST][END]

[1 occurrence(s)]
DEBUG --> [REQ_ID=81b00fb954f3] [REQUEST][START] HEAD /

[1 occurrence(s)]
DEBUG --> [REQ_ID=e7463fc141ac] [REQUEST][START] GET /index.php/How-It-Works/overview

[1 occurrence(s)]
DEBUG --> [REQ_ID=e7463fc141ac] [REQUEST][END]

[1 occurrence(s)]
DEBUG --> [REQ_ID=296d75232f40] [REQUEST][START] HEAD /

[1 occurrence(s)]
DEBUG --> [REQ_ID=aa78a191183f] [REQUEST][START] HEAD /

[1 occurrence(s)]
DEBUG --> [REQ_ID=a3c7b9d49469] [REQUEST][START] GET /index.php/Budget/Financial-Forecaster

[1 occurrence(s)]
DEBUG --> [REQ_ID=a3c7b9d49469] [REQUEST][END]

[1 occurrence(s)]
DEBUG --> [REQ_ID=a856923d890f] [REQUEST][START] GET /index.php/API/Management/Run-CRON-Tasks

[1 occurrence(s)]
DEBUG --> [REQ_ID=a856923d890f] [FILTER_BEFORE] /index.php/API/Management/Run-CRON-Tasks

[1 occurrence(s)]
DEBUG --> [REQ_ID=a856923d890f] [ROUTE] Controller=\App\Modules\Management\Controllers\ManagementAPIController Method=Run_CRON_Tasks

[1 occurrence(s)]
DEBUG --> [REQ_ID=a856923d890f] [LIFECYCLE][START] GET https://www.mymiwallet.com/index.php/API/Management/Run-CRON-Tasks

[1 occurrence(s)]
DEBUG --> [REQ_ID=a856923d890f] [REQUEST][END]

[1 occurrence(s)]
DEBUG --> [REQ_ID=becbbd47e90a] [REQUEST][START] HEAD /

[1 occurrence(s)]
DEBUG --> [REQ_ID=7a6d606dcb55] [REQUEST][START] HEAD /

[1 occurrence(s)]
DEBUG --> [REQ_ID=a591efab3f6e] [REQUEST][START] GET /index.php/Knowledgebase/Investor-Profile

[1 occurrence(s)]
DEBUG --> [REQ_ID=a591efab3f6e] [FILTER_BEFORE] /index.php/Knowledgebase/Investor-Profile

[1 occurrence(s)]
DEBUG --> [REQ_ID=a591efab3f6e] [ROUTE] Controller=\App\Modules\User\Controllers\KnowledgebaseController Method=investorProfile

[1 occurrence(s)]
DEBUG --> [REQ_ID=a591efab3f6e] [LIFECYCLE][START] GET https://www.mymiwallet.com/index.php/Knowledgebase/Investor-Profile

[1 occurrence(s)]
DEBUG --> [CSRF] token name=csrf_test_name hash=42538657cf7bbabd9e719a2b9554ad53

[1 occurrence(s)]
DEBUG --> [REQ_ID=a591efab3f6e] [REQUEST][END]

[1 occurrence(s)]
DEBUG --> [REQ_ID=1e8c9544b5bc] [REQUEST][START] GET /index.php/login

[1 occurrence(s)]
DEBUG --> [REQ_ID=1e8c9544b5bc] [FILTER_BEFORE] /index.php/login

[1 occurrence(s)]
DEBUG --> [REQ_ID=1e8c9544b5bc] [ROUTE] Controller=\App\Controllers\AuthController Method=login

[1 occurrence(s)]
DEBUG --> [REQ_ID=1e8c9544b5bc] [LIFECYCLE][START] GET https://www.mymiwallet.com/index.php/login

[1 occurrence(s)]
DEBUG --> [CSRF] token name=csrf_test_name hash=e00d8a66c6c93a9779c4832e6257ce86

[1 occurrence(s)]
DEBUG --> [REQ_ID=8398faf89081] [INIT] App\Controllers\AuthController::GET

[1 occurrence(s)]
DEBUG --> [REQ_ID=1e8c9544b5bc] [FILTER_AFTER]

[1 occurrence(s)]
DEBUG --> [REQ_ID=1e8c9544b5bc] [LIFECYCLE][END] status=200 duration_ms=35.96 memory_delta=0

[1 occurrence(s)]
DEBUG --> [REQ_ID=1e8c9544b5bc] [REQUEST][END]

[1 occurrence(s)]
DEBUG --> [REQ_ID=cd88328eefe6] [REQUEST][START] HEAD /

[1 occurrence(s)]
DEBUG --> [REQ_ID=22503eebe573] [REQUEST][START] GET /index.php/Account/Connected-Accounts

[1 occurrence(s)]
DEBUG --> [REQ_ID=22503eebe573] [FILTER_BEFORE] /index.php/Account/Connected-Accounts

[1 occurrence(s)]
DEBUG --> [REQ_ID=22503eebe573] [ROUTE] Controller=\App\Modules\User\Controllers\DashboardController Method=connectedAccounts

[1 occurrence(s)]
DEBUG --> [REQ_ID=22503eebe573] [LIFECYCLE][START] GET https://www.mymiwallet.com/index.php/Account/Connected-Accounts

[1 occurrence(s)]
DEBUG --> [CSRF] token name=csrf_test_name hash=215b624a77ff2bbc133685162cf54ae5

[1 occurrence(s)]
DEBUG --> [REQ_ID=22503eebe573] [REQUEST][END]

[1 occurrence(s)]
DEBUG --> [REQ_ID=7584cc2bd96f] [REQUEST][START] GET /index.php/login

[1 occurrence(s)]
DEBUG --> [REQ_ID=7584cc2bd96f] [FILTER_BEFORE] /index.php/login

[1 occurrence(s)]
DEBUG --> [REQ_ID=7584cc2bd96f] [ROUTE] Controller=\App\Controllers\AuthController Method=login

[1 occurrence(s)]
DEBUG --> [REQ_ID=7584cc2bd96f] [LIFECYCLE][START] GET https://www.mymiwallet.com/index.php/login

[1 occurrence(s)]
DEBUG --> [CSRF] token name=csrf_test_name hash=167d5e2c5ed95c4cec9d829fadf2b543

[1 occurrence(s)]
DEBUG --> [REQ_ID=32de0181df08] [INIT] App\Controllers\AuthController::GET

[1 occurrence(s)]
DEBUG --> [REQ_ID=7584cc2bd96f] [FILTER_AFTER]

[1 occurrence(s)]
DEBUG --> [REQ_ID=7584cc2bd96f] [LIFECYCLE][END] status=200 duration_ms=182.69 memory_delta=0

[1 occurrence(s)]
DEBUG --> [REQ_ID=7584cc2bd96f] [REQUEST][END]

[1 occurrence(s)]
DEBUG --> [REQ_ID=dbe156e123c9] [REQUEST][START] GET /index.php/API/Alerts/fetchEmailAlerts

[1 occurrence(s)]
DEBUG --> [REQ_ID=dbe156e123c9] [FILTER_BEFORE] /index.php/API/Alerts/fetchEmailAlerts

[1 occurrence(s)]
DEBUG --> [REQ_ID=dbe156e123c9] [ROUTE] Controller=\App\Modules\APIs\Controllers\AlertsAPIController Method=fetchEmailAlerts

[1 occurrence(s)]
DEBUG --> [REQ_ID=dbe156e123c9] [LIFECYCLE][START] GET https://www.mymiwallet.com/index.php/API/Alerts/fetchEmailAlerts

[1 occurrence(s)]
DEBUG --> [REQ_ID=dbe156e123c9] [REQUEST][END]

[1 occurrence(s)]
DEBUG --> [REQ_ID=9b4ba9d318bb] [REQUEST][START] HEAD /

[1 occurrence(s)]
DEBUG --> [REQ_ID=ef91bf0628b5] [REQUEST][START] HEAD /

[1 occurrence(s)]
DEBUG --> [REQ_ID=415b0653991b] [REQUEST][START] HEAD /

[1 occurrence(s)]
DEBUG --> [REQ_ID=232c9ea167ca] [REQUEST][START] HEAD /

[1 occurrence(s)]
DEBUG --> [REQ_ID=0304f38b9c53] [REQUEST][START] HEAD /

[1 occurrence(s)]
DEBUG --> [REQ_ID=c085d6e50f05] [REQUEST][START] HEAD /

[1 occurrence(s)]
DEBUG --> [REQ_ID=6441536c628f] [REQUEST][START] HEAD /

[1 occurrence(s)]
DEBUG --> [REQ_ID=88012892f411] [REQUEST][START] HEAD /

[1 occurrence(s)]
DEBUG --> [REQ_ID=bd80585c18ad] [REQUEST][START] HEAD /

[1 occurrence(s)]
DEBUG --> [REQ_ID=fc3a93e675b0] [REQUEST][START] GET /index.php/API/Management/Run-CRON-Tasks

[1 occurrence(s)]
DEBUG --> [REQ_ID=fc3a93e675b0] [FILTER_BEFORE] /index.php/API/Management/Run-CRON-Tasks

[1 occurrence(s)]
DEBUG --> [REQ_ID=fc3a93e675b0] [ROUTE] Controller=\App\Modules\Management\Controllers\ManagementAPIController Method=Run_CRON_Tasks

[1 occurrence(s)]
DEBUG --> [REQ_ID=fc3a93e675b0] [LIFECYCLE][START] GET https://www.mymiwallet.com/index.php/API/Management/Run-CRON-Tasks

[1 occurrence(s)]
DEBUG --> [REQ_ID=fc3a93e675b0] [REQUEST][END]

[1 occurrence(s)]
DEBUG --> [REQ_ID=c730c6e0145a] [REQUEST][START] HEAD /

[1 occurrence(s)]
DEBUG --> [REQ_ID=bc78a62b433c] [REQUEST][START] HEAD /

[1 occurrence(s)]
DEBUG --> [REQ_ID=d437cbd7363a] [REQUEST][START] GET /

[1 occurrence(s)]
DEBUG --> [REQ_ID=d437cbd7363a] [FILTER_BEFORE] /

[1 occurrence(s)]
DEBUG --> [REQ_ID=d437cbd7363a] [ROUTE] Controller=\App\Controllers\Home Method=index

[1 occurrence(s)]
DEBUG --> [REQ_ID=d437cbd7363a] [LIFECYCLE][START] GET https://www.mymiwallet.com/index.php/

[1 occurrence(s)]
DEBUG --> [CSRF] token name=csrf_test_name hash=a86f8168111bf1244d100ab17ba0429a

[1 occurrence(s)]
DEBUG --> [REQ_ID=49ac5a95d80f] [INIT] App\Controllers\Home::GET

[1 occurrence(s)]
DEBUG --> [REQ_ID=49ac5a95d80f] [VIEW_RENDER] themes/public/home

[1 occurrence(s)]
DEBUG --> [REQ_ID=d437cbd7363a] [FILTER_AFTER]

[1 occurrence(s)]
DEBUG --> [REQ_ID=d437cbd7363a] [LIFECYCLE][END] status=200 duration_ms=621.23 memory_delta=4194304

[1 occurrence(s)]
DEBUG --> [REQ_ID=d437cbd7363a] [REQUEST][END]

[1 occurrence(s)]
DEBUG --> [REQ_ID=57b596376fb8] [REQUEST][START] HEAD /

[1 occurrence(s)]
DEBUG --> [REQ_ID=9967af124c02] [REQUEST][START] GET /index.php/How-It-Works/investments

[1 occurrence(s)]
DEBUG --> [REQ_ID=9967af124c02] [FILTER_BEFORE] /index.php/How-It-Works/investments

[1 occurrence(s)]
DEBUG --> [REQ_ID=9967af124c02] [ROUTE] Controller=\App\Modules\Blog\Controllers\HowItWorksController Method=show

[1 occurrence(s)]
DEBUG --> [REQ_ID=9967af124c02] [LIFECYCLE][START] GET https://www.mymiwallet.com/index.php/How-It-Works/investments

[1 occurrence(s)]
DEBUG --> [CSRF] token name=csrf_test_name hash=2da4833dd922e0dbc8abcf538636c413

[1 occurrence(s)]
DEBUG --> [REQ_ID=95dc731bf49f] [INIT] App\Modules\Blog\Controllers\HowItWorksController::GET

[1 occurrence(s)]
DEBUG --> [REQ_ID=95dc731bf49f] [METHOD_ENTRY] show

[1 occurrence(s)]
DEBUG --> [REQ_ID=cf92340c166a] [REQUEST][START] GET /index.php/API/Alerts/fetchEmailAlerts

[1 occurrence(s)]
DEBUG --> [REQ_ID=cf92340c166a] [FILTER_BEFORE] /index.php/API/Alerts/fetchEmailAlerts

[1 occurrence(s)]
DEBUG --> [REQ_ID=cf92340c166a] [ROUTE] Controller=\App\Modules\APIs\Controllers\AlertsAPIController Method=fetchEmailAlerts

[1 occurrence(s)]
DEBUG --> [REQ_ID=cf92340c166a] [LIFECYCLE][START] GET https://www.mymiwallet.com/index.php/API/Alerts/fetchEmailAlerts

[1 occurrence(s)]
DEBUG --> [REQ_ID=cf92340c166a] [REQUEST][END]

[1 occurrence(s)]
DEBUG --> [REQ_ID=faab18061666] [REQUEST][START] HEAD /

[1 occurrence(s)]
DEBUG --> [REQ_ID=10168a8e66d0] [REQUEST][START] HEAD /

[1 occurrence(s)]
DEBUG --> [REQ_ID=fb261462ec3c] [REQUEST][START] HEAD /

[1 occurrence(s)]
DEBUG --> [REQ_ID=a16e050afc56] [REQUEST][START] GET /index.php/Purchase/MyMIGold

[1 occurrence(s)]
DEBUG --> [REQ_ID=a16e050afc56] [REQUEST][END]

[1 occurrence(s)]
DEBUG --> [REQ_ID=cc9af2d6fb45] [REQUEST][START] HEAD /

[1 occurrence(s)]
DEBUG --> [REQ_ID=eb33637f31c9] [REQUEST][START] HEAD /

[1 occurrence(s)]
DEBUG --> [REQ_ID=485089db844c] [REQUEST][START] GET /index.php/Preview/Alert/IMNN

[1 occurrence(s)]
DEBUG --> [REQ_ID=485089db844c] [FILTER_BEFORE] /index.php/Preview/Alert/IMNN

[1 occurrence(s)]
DEBUG --> [REQ_ID=485089db844c] [ROUTE] Controller=\App\Modules\User\Controllers\AlertsController Method=preview

[1 occurrence(s)]
DEBUG --> [REQ_ID=485089db844c] [LIFECYCLE][START] GET https://www.mymiwallet.com/index.php/Preview/Alert/IMNN

[1 occurrence(s)]
DEBUG --> [CSRF] token name=csrf_test_name hash=c36f75214604ca04eed91e0a8bedca88

[1 occurrence(s)]
DEBUG --> [REQ_ID=63fc8d17d8bb] [INIT] App\Modules\User\Controllers\AlertsController::GET

[1 occurrence(s)]
DEBUG --> [REQ_ID=63fc8d17d8bb] [METHOD_ENTRY] preview

[2 occurrence(s)]
DEBUG --> MyMIInvestments: no session user detected; skipping personalized hydration.

[2 occurrence(s)]
DEBUG --> MyMIAlerts: no authenticated user context detected.

[1 occurrence(s)]
DEBUG --> [REQ_ID=63fc8d17d8bb] [VIEW_RENDER] themes/public/previewAlert

[1 occurrence(s)]
DEBUG --> [REQ_ID=485089db844c] [FILTER_AFTER]

[1 occurrence(s)]
DEBUG --> [REQ_ID=485089db844c] [LIFECYCLE][END] status=200 duration_ms=569.79 memory_delta=2097152

[1 occurrence(s)]
DEBUG --> [REQ_ID=485089db844c] [REQUEST][END]

[1 occurrence(s)]
DEBUG --> [REQ_ID=2080f29880d1] [REQUEST][START] HEAD /

[1 occurrence(s)]
DEBUG --> [REQ_ID=9def35493f14] [REQUEST][START] HEAD /

[1 occurrence(s)]
DEBUG --> [REQ_ID=0c9a4054176a] [REQUEST][START] HEAD /

[1 occurrence(s)]
DEBUG --> [REQ_ID=01de90ef2380] [REQUEST][START] HEAD /

[1 occurrence(s)]
DEBUG --> [REQ_ID=3abf1bad8e99] [REQUEST][START] GET /index.php/API/Management/Run-CRON-Tasks

[1 occurrence(s)]
DEBUG --> [REQ_ID=3abf1bad8e99] [FILTER_BEFORE] /index.php/API/Management/Run-CRON-Tasks

[1 occurrence(s)]
DEBUG --> [REQ_ID=3abf1bad8e99] [ROUTE] Controller=\App\Modules\Management\Controllers\ManagementAPIController Method=Run_CRON_Tasks

[1 occurrence(s)]
DEBUG --> [REQ_ID=3abf1bad8e99] [LIFECYCLE][START] GET https://www.mymiwallet.com/index.php/API/Management/Run-CRON-Tasks

[1 occurrence(s)]
DEBUG --> [REQ_ID=3abf1bad8e99] [REQUEST][END]


---------------------------
LEVEL: INFO
---------------------------

[1 occurrence(s)]
INFO --> [REQ_ID=9226cd439429] [PERF] Execution time=0.041323

[1 occurrence(s)]
INFO --> [REQ_ID=efc4b5c3aaa7] [PERF] Execution time=0.048542

[1 occurrence(s)]
INFO --> [REQ_ID=c3fa3981f759] [MEMORY][controller-start] 4194304

[1 occurrence(s)]
INFO --> [REQ_ID=c3fa3981f759] [MEMORY][commonData:start] 6291456

[1 occurrence(s)]
INFO --> [REQ_ID=c3fa3981f759] [MEMORY][commonData:start] 8388608

[18 occurrence(s)]
INFO --> themesMemory usage: 8388608

[1 occurrence(s)]
INFO --> [REQ_ID=c3fa3981f759] [PERF] Execution time=0.635629

[1 occurrence(s)]
INFO --> [REQ_ID=8f8168d14352] [PERF] Execution time=0.656052

[1 occurrence(s)]
INFO --> [REQ_ID=2b88d8cedf76] [MEMORY][controller-start] 6291456

[1 occurrence(s)]
INFO --> [REQ_ID=2b88d8cedf76] [MEMORY][commonData:start] 6291456

[1 occurrence(s)]
INFO --> [REQ_ID=2b88d8cedf76] [MEMORY][commonData:start] 10485760

[8 occurrence(s)]
INFO --> themesMemory usage: 10485760

[1 occurrence(s)]
INFO --> [REQ_ID=2b88d8cedf76] [PERF] Execution time=0.681169

[1 occurrence(s)]
INFO --> [REQ_ID=049f9b78e4d4] [PERF] Execution time=0.721846

[1 occurrence(s)]
INFO --> [REQ_ID=99656cb950b9] [PERF] Execution time=0.048268

[1 occurrence(s)]
INFO --> [REQ_ID=8f76822f211e] [PERF] Execution time=0.045499

[1 occurrence(s)]
INFO --> [REQ_ID=56fe3a9a8af9] [PERF] Execution time=0.043899

[1 occurrence(s)]
INFO --> [REQ_ID=1495737f2d17] [MEMORY][controller-start] 6291456

[1 occurrence(s)]
INFO --> [REQ_ID=1495737f2d17] [MEMORY][commonData:start] 6291456

[1 occurrence(s)]
INFO --> [REQ_ID=1495737f2d17] [MEMORY][commonData:start] 10485760

[1 occurrence(s)]
INFO --> [REQ_ID=1495737f2d17] [PERF] Execution time=0.763064

[1 occurrence(s)]
INFO --> [REQ_ID=880adfdcf239] [PERF] Execution time=0.803822

[1 occurrence(s)]
INFO --> [REQ_ID=a32a23ef7190] [PERF] Execution time=0.049610

[1 occurrence(s)]
INFO --> [REQ_ID=777fbf178dc2] [MEMORY][controller-start] 6291456

[1 occurrence(s)]
INFO --> [REQ_ID=777fbf178dc2] [MEMORY][commonData:start] 6291456

[1 occurrence(s)]
INFO --> [REQ_ID=777fbf178dc2] [MEMORY][commonData:start] 10485760

[1 occurrence(s)]
INFO --> [REQ_ID=777fbf178dc2] [PERF] Execution time=0.791643

[1 occurrence(s)]
INFO --> [REQ_ID=99d701b60ab7] [PERF] Execution time=0.832979

[1 occurrence(s)]
INFO --> [REQ_ID=dba17b48d616] [PERF] Execution time=0.040928

[1 occurrence(s)]
INFO --> [REQ_ID=72e13a5ea716] [PERF] Execution time=0.048099

[1 occurrence(s)]
INFO --> [REQ_ID=6a69de0f7216] [MEMORY][controller-start] 6291456

[1 occurrence(s)]
INFO --> [REQ_ID=6a69de0f7216] [MEMORY][commonData:start] 6291456

[1 occurrence(s)]
INFO --> [REQ_ID=6a69de0f7216] [MEMORY][commonData:start] 10485760

[1 occurrence(s)]
INFO --> [REQ_ID=6a69de0f7216] [PERF] Execution time=0.721750

[1 occurrence(s)]
INFO --> [REQ_ID=5c36c848d437] [PERF] Execution time=0.765261

[6 occurrence(s)]
INFO --> CSRF token verified.

[1 occurrence(s)]
INFO --> [REQ_ID=7da751d45762] [MEMORY][controller-start] 6291456

[2 occurrence(s)]
INFO --> [REGISTRATION] Submission received

[3 occurrence(s)]
INFO --> MailService queued email

[1 occurrence(s)]
INFO --> [REGISTRATION] Validation passed (basic fields)

[1 occurrence(s)]
INFO --> [REGISTRATION] Validation passed (password fields)

[1 occurrence(s)]
INFO --> Registration created user_id=11701, email=i.de.d.uz.o.no7.7@gmail.com, username=SIZoLupzmiYZitIbccEZR, active=, requiresActivation=1, loginIdentifier=username

[1 occurrence(s)]
INFO --> [REGISTRATION] User record created

[1 occurrence(s)]
INFO --> OnboardingProgressService: created onboarding record for user_id=11701

[1 occurrence(s)]
INFO --> Registration succeeded for i.de.d.uz.o.no7.7@gmail.com (event 46493901b1e3c5b7)

[1 occurrence(s)]
INFO --> [REGISTRATION] Activation email queued

[1 occurrence(s)]
INFO --> Registration redirecting to success guide for user_id=11701

[1 occurrence(s)]
INFO --> [REQ_ID=7da751d45762] [PERF] Execution time=1.344815

[1 occurrence(s)]
INFO --> [REQ_ID=723be70b326c] [PERF] Execution time=1.358368

[1 occurrence(s)]
INFO --> [REQ_ID=372b2806df95] [MEMORY][controller-start] 4194304

[1 occurrence(s)]
INFO --> [REQ_ID=372b2806df95] [PERF] Execution time=0.075383

[1 occurrence(s)]
INFO --> [REQ_ID=ddbb381520cb] [PERF] Execution time=0.085099

[1 occurrence(s)]
INFO --> [REQ_ID=870088a05369] [MEMORY][controller-start] 4194304

[1 occurrence(s)]
INFO --> [REQ_ID=870088a05369] [MEMORY][commonData:start] 4194304

[1 occurrence(s)]
INFO --> [REQ_ID=870088a05369] [MEMORY][commonData:start] 8388608

[1 occurrence(s)]
INFO --> [REQ_ID=870088a05369] [PERF] Execution time=0.618055

[1 occurrence(s)]
INFO --> [REQ_ID=c75a3906899a] [PERF] Execution time=0.627372

[1 occurrence(s)]
INFO --> [REQ_ID=49fe1774a365] [MEMORY][controller-start] 6291456

[1 occurrence(s)]
INFO --> [REQ_ID=49fe1774a365] [PERF] Execution time=0.082238

[1 occurrence(s)]
INFO --> [REQ_ID=5974ed694c40] [MEMORY][controller-start] 6291456

[1 occurrence(s)]
INFO --> [REQ_ID=5974ed694c40] [PERF] Execution time=0.016740

[1 occurrence(s)]
INFO --> [REQ_ID=eff437f84175] [PERF] Execution time=0.026737

[1 occurrence(s)]
INFO --> [REQ_ID=4186feaf8fcf] [MEMORY][controller-start] 4194304

[3 occurrence(s)]
INFO --> AuthController L93: Auth:attemptLogin started.

[3 occurrence(s)]
INFO --> AuthController L104: Auth:attemptLogin rules: {"login":"required","password":"required"}

[1 occurrence(s)]
INFO --> AuthController L132: Auth:attemptLogin Login Variables: login: required, remember: false, ip: 185.220.101.100, ua: "Mozilla/5.0 (Macintosh; Intel Mac OS X 10_15_7) AppleWebKit/537.36 (KHTML, like Gecko) Chrome/142.0.0.0 Safari/537.36"

[1 occurrence(s)]
INFO --> [REQ_ID=4186feaf8fcf] [PERF] Execution time=0.245928

[1 occurrence(s)]
INFO --> [REQ_ID=12edae032029] [PERF] Execution time=0.256123

[1 occurrence(s)]
INFO --> [REQ_ID=12367435a301] [MEMORY][controller-start] 4194304

[1 occurrence(s)]
INFO --> [REQ_ID=12367435a301] [PERF] Execution time=0.015927

[1 occurrence(s)]
INFO --> [REQ_ID=0fbef40abd1e] [PERF] Execution time=0.024766

[1 occurrence(s)]
INFO --> [REQ_ID=1847515b9431] [MEMORY][controller-start] 4194304

[1 occurrence(s)]
INFO --> [REQ_ID=1847515b9431] [PERF] Execution time=0.127259

[1 occurrence(s)]
INFO --> [REQ_ID=de0cab795e64] [PERF] Execution time=0.011465

[1 occurrence(s)]
INFO --> [REQ_ID=013d583204e0] [MEMORY][controller-start] 4194304

[1 occurrence(s)]
INFO --> [REQ_ID=013d583204e0] [PERF] Execution time=0.018854

[1 occurrence(s)]
INFO --> [REQ_ID=78ae47123e48] [PERF] Execution time=0.028327

[1 occurrence(s)]
INFO --> [REQ_ID=976069c4dd0a] [PERF] Execution time=0.014473

[1 occurrence(s)]
INFO --> [REQ_ID=bffd90625c30] [MEMORY][controller-start] 4194304

[1 occurrence(s)]
INFO --> [AUTH] Password reset requested

[1 occurrence(s)]
INFO --> [AUTH] Password reset email sent

[1 occurrence(s)]
INFO --> [REQ_ID=bffd90625c30] [PERF] Execution time=1.104209

[1 occurrence(s)]
INFO --> [REQ_ID=3bdc53a187e2] [PERF] Execution time=1.114268

[1 occurrence(s)]
INFO --> [REQ_ID=8fb855d2c959] [MEMORY][controller-start] 4194304

[1 occurrence(s)]
INFO --> [REQ_ID=8fb855d2c959] [PERF] Execution time=0.014186

[1 occurrence(s)]
INFO --> [REQ_ID=71d2c1b1aac5] [PERF] Execution time=0.023045

[1 occurrence(s)]
INFO --> [REQ_ID=c1a2c1dfb276] [MEMORY][controller-start] 4194304

[1 occurrence(s)]
INFO --> [REGISTRATION] Form loaded

[1 occurrence(s)]
INFO --> [REQ_ID=c1a2c1dfb276] [PERF] Execution time=0.187289

[1 occurrence(s)]
INFO --> [REQ_ID=0fe628557015] [MEMORY][controller-start] 4194304

[2 occurrence(s)]
INFO --> [REQ_ID=0fe628557015] [MEMORY][commonData:start] 4194304

[4 occurrence(s)]
INFO --> themesMemory usage: 4194304

[1 occurrence(s)]
INFO --> [REQ_ID=0fe628557015] [PERF] Execution time=0.032220

[1 occurrence(s)]
INFO --> [REQ_ID=b21d0cc64be9] [PERF] Execution time=0.043551

[1 occurrence(s)]
INFO --> [REQ_ID=9bdebd82ce53] [PERF] Execution time=0.014044

[1 occurrence(s)]
INFO --> [REQ_ID=cbb4dadb4cf9] [MEMORY][controller-start] 4194304

[1 occurrence(s)]
INFO --> [REQ_ID=cbb4dadb4cf9] [PERF] Execution time=0.016752

[1 occurrence(s)]
INFO --> [REQ_ID=338fa1c8cbf7] [PERF] Execution time=0.025229

[1 occurrence(s)]
INFO --> [REQ_ID=d20858be391f] [PERF] Execution time=0.010253

[1 occurrence(s)]
INFO --> [REQ_ID=d0367e6ab33d] [MEMORY][controller-start] 4194304

[1 occurrence(s)]
INFO --> [REQ_ID=d0367e6ab33d] [PERF] Execution time=0.086454

[1 occurrence(s)]
INFO --> [REQ_ID=64b4d59bc811] [PERF] Execution time=0.095486

[1 occurrence(s)]
INFO --> [REQ_ID=c074c53f30e6] [PERF] Execution time=0.011895

[1 occurrence(s)]
INFO --> [REQ_ID=d0c8d18f27c0] [MEMORY][controller-start] 4194304

[1 occurrence(s)]
INFO --> [REQ_ID=d0c8d18f27c0] [PERF] Execution time=0.023142

[1 occurrence(s)]
INFO --> [REQ_ID=79402c9c255d] [PERF] Execution time=0.033115

[1 occurrence(s)]
INFO --> [REQ_ID=5399a1dcf659] [PERF] Execution time=0.010494

[1 occurrence(s)]
INFO --> [REQ_ID=cd05c725d1ac] [MEMORY][controller-start] 4194304

[1 occurrence(s)]
INFO --> [REQ_ID=cd05c725d1ac] [PERF] Execution time=0.082056

[1 occurrence(s)]
INFO --> [REQ_ID=dba2d4faa5e1] [PERF] Execution time=0.093658

[1 occurrence(s)]
INFO --> [REQ_ID=37af16cd5c7a] [PERF] Execution time=0.011240

[1 occurrence(s)]
INFO --> [REQ_ID=d65ba7aa1766] [MEMORY][controller-start] 4194304

[1 occurrence(s)]
INFO --> [REQ_ID=d65ba7aa1766] [PERF] Execution time=0.027861

[1 occurrence(s)]
INFO --> [REQ_ID=ba6af1a77efe] [PERF] Execution time=0.037395

[1 occurrence(s)]
INFO --> [REQ_ID=8d1ed6521f9e] [PERF] Execution time=0.014884

[1 occurrence(s)]
INFO --> [REQ_ID=cf914a4974e9] [MEMORY][controller-start] 4194304

[1 occurrence(s)]
INFO --> [REQ_ID=cf914a4974e9] [PERF] Execution time=0.083143

[1 occurrence(s)]
INFO --> [REQ_ID=2060198bdea1] [PERF] Execution time=0.092371

[1 occurrence(s)]
INFO --> [REQ_ID=a92f12b0f074] [PERF] Execution time=0.010848

[1 occurrence(s)]
INFO --> [REQ_ID=ced9bd5fdfda] [MEMORY][controller-start] 4194304

[1 occurrence(s)]
INFO --> [REQ_ID=ced9bd5fdfda] [PERF] Execution time=0.180100

[1 occurrence(s)]
INFO --> [REQ_ID=a03a36de6da5] [PERF] Execution time=0.189110

[1 occurrence(s)]
INFO --> [REQ_ID=08bb02440b39] [PERF] Execution time=0.010006

[1 occurrence(s)]
INFO --> [REQ_ID=bbd751260f23] [MEMORY][controller-start] 4194304

[1 occurrence(s)]
INFO --> [REQ_ID=bbd751260f23] [PERF] Execution time=0.026934

[1 occurrence(s)]
INFO --> [REQ_ID=979496dccacd] [PERF] Execution time=0.036597

[1 occurrence(s)]
INFO --> [REQ_ID=7c6a80607d94] [PERF] Execution time=0.012574

[1 occurrence(s)]
INFO --> [REQ_ID=34d0f2605b09] [MEMORY][controller-start] 4194304

[1 occurrence(s)]
INFO --> [REQ_ID=34d0f2605b09] [PERF] Execution time=0.014989

[1 occurrence(s)]
INFO --> [REQ_ID=e2a03e410529] [PERF] Execution time=0.024873

[1 occurrence(s)]
INFO --> [REQ_ID=8adb22978cb8] [PERF] Execution time=0.009727

[1 occurrence(s)]
INFO --> [REQ_ID=544d6b33b527] [MEMORY][controller-start] 4194304

[1 occurrence(s)]
INFO --> [REQ_ID=544d6b33b527] [PERF] Execution time=0.032148

[1 occurrence(s)]
INFO --> [REQ_ID=c38f286a036d] [PERF] Execution time=0.043050

[1 occurrence(s)]
INFO --> [REQ_ID=ead972ee8e67] [PERF] Execution time=0.009980

[1 occurrence(s)]
INFO --> [REQ_ID=e81a4eb39b0e] [MEMORY][controller-start] 4194304

[1 occurrence(s)]
INFO --> [REQ_ID=e81a4eb39b0e] [PERF] Execution time=0.030593

[1 occurrence(s)]
INFO --> [REQ_ID=fd78e0e6100b] [PERF] Execution time=0.039872

[1 occurrence(s)]
INFO --> [REQ_ID=203551f8a18e] [PERF] Execution time=0.010207

[1 occurrence(s)]
INFO --> [REQ_ID=b5423c9ee2f8] [MEMORY][controller-start] 4194304

[1 occurrence(s)]
INFO --> [REQ_ID=b5423c9ee2f8] [PERF] Execution time=0.026487

[1 occurrence(s)]
INFO --> [REQ_ID=0684f86b188a] [PERF] Execution time=0.036499

[1 occurrence(s)]
INFO --> [REQ_ID=27366c78a6e0] [MEMORY][controller-start] 4194304

[1 occurrence(s)]
INFO --> [REQ_ID=27366c78a6e0] [PERF] Execution time=0.120324

[1 occurrence(s)]
INFO --> [REQ_ID=593a6d215fda] [MEMORY][controller-start] 6291456

[1 occurrence(s)]
INFO --> [REQ_ID=593a6d215fda] [MEMORY][commonData:start] 6291456

[1 occurrence(s)]
INFO --> [REQ_ID=593a6d215fda] [MEMORY][commonData:start] 10485760

[1 occurrence(s)]
INFO --> [REQ_ID=593a6d215fda] [PERF] Execution time=0.703304

[1 occurrence(s)]
INFO --> [REQ_ID=4942440199d2] [PERF] Execution time=0.744432

[1 occurrence(s)]
INFO --> [REQ_ID=70b99ac51327] [MEMORY][controller-start] 4194304

[1 occurrence(s)]
INFO --> [REQ_ID=70b99ac51327] [MEMORY][commonData:start] 6291456

[1 occurrence(s)]
INFO --> [REQ_ID=70b99ac51327] [MEMORY][commonData:start] 8388608

[1 occurrence(s)]
INFO --> [REQ_ID=70b99ac51327] [PERF] Execution time=0.781687

[1 occurrence(s)]
INFO --> [REQ_ID=0a747f8766e2] [PERF] Execution time=0.802416

[1 occurrence(s)]
INFO --> [REQ_ID=7acc7e1d04dd] [MEMORY][controller-start] 6291456

[1 occurrence(s)]
INFO --> [REQ_ID=7acc7e1d04dd] [MEMORY][commonData:start] 6291456

[1 occurrence(s)]
INFO --> [REQ_ID=7acc7e1d04dd] [MEMORY][commonData:start] 8388608

[1 occurrence(s)]
INFO --> [REQ_ID=7acc7e1d04dd] [PERF] Execution time=0.563249

[1 occurrence(s)]
INFO --> [REQ_ID=e6e3f9b73a8d] [PERF] Execution time=0.574608

[1 occurrence(s)]
INFO --> [REQ_ID=fd986ba6c3fd] [MEMORY][controller-start] 4194304

[1 occurrence(s)]
INFO --> [REQ_ID=fd986ba6c3fd] [MEMORY][commonData:start] 4194304

[1 occurrence(s)]
INFO --> [REQ_ID=fd986ba6c3fd] [MEMORY][commonData:start] 8388608

[1 occurrence(s)]
INFO --> [REQ_ID=fd986ba6c3fd] [PERF] Execution time=0.555774

[1 occurrence(s)]
INFO --> [REQ_ID=5a79e364193a] [PERF] Execution time=0.570127

[1 occurrence(s)]
INFO --> [REQ_ID=d553478329f2] [PERF] Execution time=0.021848

[1 occurrence(s)]
INFO --> [REQ_ID=b8b871ddc14a] [PERF] Execution time=0.049765

[1 occurrence(s)]
INFO --> [REQ_ID=647c5e84ca6d] [MEMORY][controller-start] 4194304

[1 occurrence(s)]
INFO --> [REQ_ID=647c5e84ca6d] [MEMORY][commonData:start] 6291456

[1 occurrence(s)]
INFO --> [REQ_ID=647c5e84ca6d] [MEMORY][commonData:start] 8388608

[1 occurrence(s)]
INFO --> [REQ_ID=647c5e84ca6d] [PERF] Execution time=0.618313

[1 occurrence(s)]
INFO --> [REQ_ID=04e41fa7dcfd] [PERF] Execution time=0.638954

[1 occurrence(s)]
INFO --> [REQ_ID=83bc566a4860] [PERF] Execution time=0.046749

[1 occurrence(s)]
INFO --> [REQ_ID=4182ea140d46] [PERF] Execution time=0.023387

[1 occurrence(s)]
INFO --> [REQ_ID=d0c52634361f] [PERF] Execution time=0.064023

[1 occurrence(s)]
INFO --> [REQ_ID=fd8c39bb3337] [PERF] Execution time=0.009111

[1 occurrence(s)]
INFO --> [REQ_ID=2d15941eb5b4] [PERF] Execution time=0.112199

[1 occurrence(s)]
INFO --> [REQ_ID=babe96919f43] [PERF] Execution time=0.008983

[1 occurrence(s)]
INFO --> [REQ_ID=e880546de252] [PERF] Execution time=0.008912

[1 occurrence(s)]
INFO --> [REQ_ID=14997437acd1] [MEMORY][controller-start] 4194304

[2 occurrence(s)]
INFO --> [REQ_ID=14997437acd1] [MEMORY][commonData:start] 6291456

[4 occurrence(s)]
INFO --> themesMemory usage: 6291456

[1 occurrence(s)]
INFO --> [REQ_ID=14997437acd1] [PERF] Execution time=0.158643

[1 occurrence(s)]
INFO --> [REQ_ID=4b277e78c26f] [PERF] Execution time=0.169500

[1 occurrence(s)]
INFO --> [REQ_ID=02926bff72d4] [PERF] Execution time=0.008922

[1 occurrence(s)]
INFO --> [REQ_ID=69b9dabc7980] [PERF] Execution time=0.016000

[1 occurrence(s)]
INFO --> [REQ_ID=51458c47ccca] [MEMORY][controller-start] 4194304

[1 occurrence(s)]
INFO --> [REQ_ID=51458c47ccca] [PERF] Execution time=0.019847

[1 occurrence(s)]
INFO --> [REQ_ID=6a5d10a2766d] [MEMORY][controller-start] 4194304

[1 occurrence(s)]
INFO --> [REQ_ID=6a5d10a2766d] [PERF] Execution time=0.053141

[1 occurrence(s)]
INFO --> [REQ_ID=0f7b58702dab] [MEMORY][controller-start] 6291456

[1 occurrence(s)]
INFO --> [REQ_ID=0f7b58702dab] [PERF] Execution time=0.060155

[1 occurrence(s)]
INFO --> [REQ_ID=3d03c17d17ea] [MEMORY][controller-start] 6291456

[1 occurrence(s)]
INFO --> [REQ_ID=3d03c17d17ea] [PERF] Execution time=0.071006

[1 occurrence(s)]
INFO --> [REQ_ID=bc7def2cf59a] [PERF] Execution time=0.025878

[1 occurrence(s)]
INFO --> [REQ_ID=b0d9fb7cfeaf] [MEMORY][controller-start] 4194304

[1 occurrence(s)]
INFO --> [REQ_ID=b0d9fb7cfeaf] [PERF] Execution time=0.023998

[1 occurrence(s)]
INFO --> [REQ_ID=8c75dd57eeb3] [PERF] Execution time=0.035433

[1 occurrence(s)]
INFO --> [REQ_ID=f551b49047a5] [PERF] Execution time=0.009889

[1 occurrence(s)]
INFO --> [REQ_ID=136396b300b6] [MEMORY][controller-start] 4194304

[1 occurrence(s)]
INFO --> [REQ_ID=136396b300b6] [PERF] Execution time=0.020274

[1 occurrence(s)]
INFO --> [REQ_ID=c90d1d34e442] [PERF] Execution time=0.030392

[1 occurrence(s)]
INFO --> [REQ_ID=89a2e641d833] [PERF] Execution time=0.193664

[1 occurrence(s)]
INFO --> [REQ_ID=6ef24de7590d] [MEMORY][controller-start] 4194304

[1 occurrence(s)]
INFO --> [REQ_ID=6ef24de7590d] [PERF] Execution time=0.016386

[1 occurrence(s)]
INFO --> [REQ_ID=693e10be92b1] [PERF] Execution time=0.028521

[1 occurrence(s)]
INFO --> [REQ_ID=d55acc4b4960] [MEMORY][controller-start] 4194304

[1 occurrence(s)]
INFO --> AuthController L132: Auth:attemptLogin Login Variables: login: required, remember: false, ip: 76.234.126.68, ua: Mozilla/5.0 (Windows NT 10.0; Win64; x64) AppleWebKit/537.36 (KHTML, like Gecko) Chrome/145.0.0.0 Safari/537.36

[2 occurrence(s)]
INFO --> [AUTH] Login success

[1 occurrence(s)]
INFO --> [REQ_ID=d55acc4b4960] [PERF] Execution time=0.113615

[1 occurrence(s)]
INFO --> [REQ_ID=ecd18b872100] [PERF] Execution time=0.124105

[1 occurrence(s)]
INFO --> [REQ_ID=b7f99de316f5] [MEMORY][controller-start] 4194304

[1 occurrence(s)]
INFO --> [REQ_ID=b7f99de316f5] [MEMORY][commonData:start] 6291456

[5 occurrence(s)]
INFO --> DashboardController L72 - $checkingSummary: 8784.01

[5 occurrence(s)]
INFO --> getSolanaData: invalid address param

[1 occurrence(s)]
INFO --> [REQ_ID=b7f99de316f5] [PERF] Execution time=0.761159

[1 occurrence(s)]
INFO --> [REQ_ID=7b69ce938ed6] [PERF] Execution time=0.779140

[1 occurrence(s)]
INFO --> [REQ_ID=2d74f640586c] [MEMORY][controller-start] 4194304

[1 occurrence(s)]
INFO --> [REQ_ID=2d74f640586c] [PERF] Execution time=0.090899

[1 occurrence(s)]
INFO --> [REQ_ID=f635505b16bf] [PERF] Execution time=0.392343

[1 occurrence(s)]
INFO --> [REQ_ID=9f4fb9fad425] [MEMORY][controller-start] 4194304

[1 occurrence(s)]
INFO --> [REQ_ID=9f4fb9fad425] [PERF] Execution time=0.374392

[1 occurrence(s)]
INFO --> [REQ_ID=ed47143f1d4d] [PERF] Execution time=0.780406

[1 occurrence(s)]
INFO --> [REQ_ID=0fbb08a4870e] [MEMORY][controller-start] 6291456

[1 occurrence(s)]
INFO --> [REQ_ID=0fbb08a4870e] [PERF] Execution time=0.011548

[1 occurrence(s)]
INFO --> [REQ_ID=e8cd0cfc6144] [PERF] Execution time=0.464686

[1 occurrence(s)]
INFO --> [REQ_ID=f0f81264cb75] [MEMORY][controller-start] 4194304

[1 occurrence(s)]
INFO --> [REQ_ID=f0f81264cb75] [PERF] Execution time=0.020868

[1 occurrence(s)]
INFO --> [REQ_ID=8a96e350bc77] [PERF] Execution time=0.033984

[1 occurrence(s)]
INFO --> [REQ_ID=56c22bec1107] [MEMORY][controller-start] 4194304

[1 occurrence(s)]
INFO --> [REQ_ID=56c22bec1107] [PERF] Execution time=0.107572

[1 occurrence(s)]
INFO --> [REQ_ID=ee5a48b18b60] [PERF] Execution time=0.229967

[1 occurrence(s)]
INFO --> [REQ_ID=884b3f17bebe] [MEMORY][controller-start] 6291456

[1 occurrence(s)]
INFO --> [REQ_ID=884b3f17bebe] [PERF] Execution time=0.077061

[1 occurrence(s)]
INFO --> [REQ_ID=17ee1817d017] [PERF] Execution time=0.418652

[1 occurrence(s)]
INFO --> [REQ_ID=57d512d39a69] [PERF] Execution time=0.011004

[1 occurrence(s)]
INFO --> [REQ_ID=77faeaca02d6] [MEMORY][controller-start] 4194304

[1 occurrence(s)]
INFO --> [REQ_ID=77faeaca02d6] [MEMORY][commonData:start] 4194304

[1 occurrence(s)]
INFO --> [REQ_ID=77faeaca02d6] [MEMORY][commonData:start] 8388608

[1 occurrence(s)]
INFO --> [REQ_ID=77faeaca02d6] [PERF] Execution time=0.825458

[1 occurrence(s)]
INFO --> [REQ_ID=7cee73a442e0] [PERF] Execution time=0.837376

[1 occurrence(s)]
INFO --> [REQ_ID=42c19fd4231a] [MEMORY][controller-start] 6291456

[1 occurrence(s)]
INFO --> [REQ_ID=42c19fd4231a] [PERF] Execution time=0.016277

[1 occurrence(s)]
INFO --> [REQ_ID=b68b31e5d038] [PERF] Execution time=0.028932

[1 occurrence(s)]
INFO --> [REQ_ID=078b5a5d9be9] [MEMORY][controller-start] 4194304

[1 occurrence(s)]
INFO --> AuthController L132: Auth:attemptLogin Login Variables: login: required, remember: true, ip: 76.234.126.68, ua: Mozilla/5.0 (Windows NT 10.0; Win64; x64) AppleWebKit/537.36 (KHTML, like Gecko) Chrome/145.0.0.0 Safari/537.36

[1 occurrence(s)]
INFO --> [REQ_ID=078b5a5d9be9] [PERF] Execution time=0.117284

[1 occurrence(s)]
INFO --> [REQ_ID=cc48d50ad307] [PERF] Execution time=0.127710

[1 occurrence(s)]
INFO --> [REQ_ID=b6b08d083787] [MEMORY][controller-start] 4194304

[1 occurrence(s)]
INFO --> [REQ_ID=b6b08d083787] [MEMORY][commonData:start] 4194304

[1 occurrence(s)]
INFO --> [REQ_ID=b6b08d083787] [PERF] Execution time=0.284595

[1 occurrence(s)]
INFO --> [REQ_ID=c532aa8bcdc2] [PERF] Execution time=0.300855

[1 occurrence(s)]
INFO --> [REQ_ID=16e455588562] [MEMORY][controller-start] 4194304

[1 occurrence(s)]
INFO --> [REQ_ID=16e455588562] [PERF] Execution time=0.037853

[1 occurrence(s)]
INFO --> [REQ_ID=93d7295e4e17] [PERF] Execution time=0.046926

[1 occurrence(s)]
INFO --> [REQ_ID=e5775926f0e8] [MEMORY][controller-start] 4194304

[1 occurrence(s)]
INFO --> [REQ_ID=e5775926f0e8] [PERF] Execution time=0.016289

[1 occurrence(s)]
INFO --> [REQ_ID=d742a14384ad] [PERF] Execution time=0.045697

[1 occurrence(s)]
INFO --> [REQ_ID=65617485114a] [MEMORY][controller-start] 4194304

[1 occurrence(s)]
INFO --> [REQ_ID=65617485114a] [PERF] Execution time=0.020069

[1 occurrence(s)]
INFO --> [REQ_ID=a71cc6e21b82] [PERF] Execution time=0.075597

[1 occurrence(s)]
INFO --> [REQ_ID=747c01a1c51c] [MEMORY][controller-start] 4194304

[1 occurrence(s)]
INFO --> [REQ_ID=747c01a1c51c] [PERF] Execution time=0.012151

[1 occurrence(s)]
INFO --> [REQ_ID=f555606f2063] [PERF] Execution time=0.020715

[1 occurrence(s)]
INFO --> [REQ_ID=cde875431d92] [MEMORY][controller-start] 4194304

[1 occurrence(s)]
INFO --> [REQ_ID=cde875431d92] [PERF] Execution time=0.012994

[1 occurrence(s)]
INFO --> [REQ_ID=0f6c580577c5] [PERF] Execution time=0.026450

[1 occurrence(s)]
INFO --> [REQ_ID=7f7b5b9e35a5] [MEMORY][controller-start] 4194304

[1 occurrence(s)]
INFO --> [REQ_ID=7f7b5b9e35a5] [PERF] Execution time=0.032604

[1 occurrence(s)]
INFO --> [REQ_ID=857dd932c51e] [PERF] Execution time=0.043136

[1 occurrence(s)]
INFO --> [REQ_ID=8eca8bec4d46] [PERF] Execution time=0.008748

[1 occurrence(s)]
INFO --> [REQ_ID=95d981efd85f] [PERF] Execution time=0.010039

[1 occurrence(s)]
INFO --> [REQ_ID=eed0e451de22] [MEMORY][controller-start] 4194304

[1 occurrence(s)]
INFO --> [REQ_ID=eed0e451de22] [MEMORY][commonData:start] 4194304

[1 occurrence(s)]
INFO --> [REQ_ID=eed0e451de22] [MEMORY][commonData:start] 8388608

[1 occurrence(s)]
INFO --> [REQ_ID=eed0e451de22] [PERF] Execution time=0.602776

[1 occurrence(s)]
INFO --> [REQ_ID=776af317e737] [PERF] Execution time=0.612279

[1 occurrence(s)]
INFO --> [REQ_ID=254c807b8c9d] [MEMORY][controller-start] 4194304

[1 occurrence(s)]
INFO --> [REQ_ID=254c807b8c9d] [MEMORY][commonData:start] 4194304

[1 occurrence(s)]
INFO --> [REQ_ID=254c807b8c9d] [MEMORY][commonData:start] 8388608

[1 occurrence(s)]
INFO --> [REQ_ID=254c807b8c9d] [PERF] Execution time=0.548234

[1 occurrence(s)]
INFO --> [REQ_ID=fd0c31923fcf] [PERF] Execution time=1.175415

[1 occurrence(s)]
INFO --> [REQ_ID=b8196ccddf40] [MEMORY][controller-start] 4194304

[1 occurrence(s)]
INFO --> [REQ_ID=b8196ccddf40] [MEMORY][commonData:start] 4194304

[1 occurrence(s)]
INFO --> [REQ_ID=b8196ccddf40] [MEMORY][commonData:start] 8388608

[1 occurrence(s)]
INFO --> [REQ_ID=b8196ccddf40] [PERF] Execution time=0.544523

[1 occurrence(s)]
INFO --> [REQ_ID=83532533bc91] [PERF] Execution time=1.280155

[1 occurrence(s)]
INFO --> REDIRECTED ROUTE at https://www.mymiwallet.com/Advisor

[1 occurrence(s)]
INFO --> [REQ_ID=eb25c2eb0ad6] [PERF] Execution time=0.010291

[1 occurrence(s)]
INFO --> [REQ_ID=8aefba2cc3d5] [MEMORY][controller-start] 4194304

[1 occurrence(s)]
INFO --> [REQ_ID=8aefba2cc3d5] [MEMORY][commonData:start] 4194304

[1 occurrence(s)]
INFO --> [REQ_ID=8aefba2cc3d5] [MEMORY][commonData:start] 8388608

[1 occurrence(s)]
INFO --> [REQ_ID=8aefba2cc3d5] [PERF] Execution time=0.782925

[1 occurrence(s)]
INFO --> [REQ_ID=18ae203ac5a9] [PERF] Execution time=0.792527

[1 occurrence(s)]
INFO --> [REQ_ID=55a4f6390ddb] [MEMORY][controller-start] 6291456

[1 occurrence(s)]
INFO --> [REQ_ID=55a4f6390ddb] [MEMORY][commonData:start] 6291456

[1 occurrence(s)]
INFO --> [REQ_ID=55a4f6390ddb] [MEMORY][commonData:start] 8388608

[1 occurrence(s)]
INFO --> [REQ_ID=55a4f6390ddb] [PERF] Execution time=0.521527

[1 occurrence(s)]
INFO --> [REQ_ID=e3812e2375b6] [PERF] Execution time=0.533001

[1 occurrence(s)]
INFO --> [REQ_ID=8d3c5ff9f70e] [MEMORY][controller-start] 6291456

[1 occurrence(s)]
INFO --> [REQ_ID=8d3c5ff9f70e] [MEMORY][commonData:start] 6291456

[1 occurrence(s)]
INFO --> [REQ_ID=8d3c5ff9f70e] [PERF] Execution time=0.498990

[1 occurrence(s)]
INFO --> [REQ_ID=7971c699b315] [PERF] Execution time=0.512947

[1 occurrence(s)]
INFO --> [REQ_ID=a6b9a5551210] [MEMORY][controller-start] 6291456

[1 occurrence(s)]
INFO --> [REQ_ID=a6b9a5551210] [PERF] Execution time=0.307827

[1 occurrence(s)]
INFO --> [REQ_ID=b86bfee4c860] [PERF] Execution time=0.431968

[1 occurrence(s)]
INFO --> [REQ_ID=68570c1f51b9] [MEMORY][controller-start] 6291456

[1 occurrence(s)]
INFO --> [REQ_ID=68570c1f51b9] [PERF] Execution time=0.038965

[1 occurrence(s)]
INFO --> [REQ_ID=72997bfdb9e3] [PERF] Execution time=0.480608

[1 occurrence(s)]
INFO --> [REQ_ID=c13573d041a5] [MEMORY][controller-start] 6291456

[1 occurrence(s)]
INFO --> [REQ_ID=c13573d041a5] [PERF] Execution time=0.011813

[1 occurrence(s)]
INFO --> [REQ_ID=4b271ea74e02] [PERF] Execution time=0.130138

[1 occurrence(s)]
INFO --> [REQ_ID=dc7e947b3fa9] [MEMORY][controller-start] 4194304

[1 occurrence(s)]
INFO --> [REQ_ID=dc7e947b3fa9] [PERF] Execution time=0.015030

[1 occurrence(s)]
INFO --> [REQ_ID=c1342ea808d5] [PERF] Execution time=0.028003

[1 occurrence(s)]
INFO --> [REQ_ID=1522dc19c896] [MEMORY][controller-start] 4194304

[1 occurrence(s)]
INFO --> [REQ_ID=1522dc19c896] [PERF] Execution time=0.019216

[1 occurrence(s)]
INFO --> [REQ_ID=d026057cc306] [PERF] Execution time=0.028970

[1 occurrence(s)]
INFO --> [REQ_ID=00a5a3595796] [MEMORY][controller-start] 4194304

[1 occurrence(s)]
INFO --> [REQ_ID=00a5a3595796] [PERF] Execution time=0.037657

[1 occurrence(s)]
INFO --> [REQ_ID=53bbaf1ca6f3] [PERF] Execution time=0.075243

[1 occurrence(s)]
INFO --> [REQ_ID=b6749a5a3058] [MEMORY][controller-start] 4194304

[1 occurrence(s)]
INFO --> [REQ_ID=b6749a5a3058] [MEMORY][commonData:start] 4194304

[1 occurrence(s)]
INFO --> [REQ_ID=b6749a5a3058] [MEMORY][commonData:start] 8388608

[1 occurrence(s)]
INFO --> [REQ_ID=b6749a5a3058] [PERF] Execution time=0.499464

[1 occurrence(s)]
INFO --> [REQ_ID=85b12140e9bb] [PERF] Execution time=0.515941

[1 occurrence(s)]
INFO --> [REQ_ID=7f1fa70c3ff6] [MEMORY][controller-start] 4194304

[2 occurrence(s)]
INFO --> [REQ_ID=7f1fa70c3ff6] [MEMORY][commonData:start] 4194304

[1 occurrence(s)]
INFO --> [REQ_ID=7f1fa70c3ff6] [PERF] Execution time=1.521559

[1 occurrence(s)]
INFO --> [REQ_ID=597a79422cab] [PERF] Execution time=1.659229

[1 occurrence(s)]
INFO --> [REQ_ID=5ada91066bce] [PERF] Execution time=0.009657

[1 occurrence(s)]
INFO --> [REQ_ID=c68778470a6b] [MEMORY][controller-start] 4194304

[2 occurrence(s)]
INFO --> [REQ_ID=c68778470a6b] [MEMORY][commonData:start] 4194304

[1 occurrence(s)]
INFO --> [REQ_ID=c68778470a6b] [PERF] Execution time=0.055673

[1 occurrence(s)]
INFO --> [REQ_ID=1826fd3df01d] [PERF] Execution time=0.136169

[1 occurrence(s)]
INFO --> [REQ_ID=eefa00b9793e] [MEMORY][controller-start] 4194304

[1 occurrence(s)]
INFO --> [REQ_ID=eefa00b9793e] [PERF] Execution time=0.013993

[1 occurrence(s)]
INFO --> [REQ_ID=8f03f2b0b657] [MEMORY][controller-start] 4194304

[1 occurrence(s)]
INFO --> [REQ_ID=8f03f2b0b657] [PERF] Execution time=0.012497

[1 occurrence(s)]
INFO --> [REQ_ID=197c6a3abdc1] [MEMORY][controller-start] 4194304

[1 occurrence(s)]
INFO --> [REQ_ID=197c6a3abdc1] [PERF] Execution time=0.012707

[1 occurrence(s)]
INFO --> [REQ_ID=ab261cf71fd8] [MEMORY][controller-start] 4194304

[1 occurrence(s)]
INFO --> [REQ_ID=ab261cf71fd8] [PERF] Execution time=0.013860

[1 occurrence(s)]
INFO --> [REQ_ID=b4be7ee44483] [MEMORY][controller-start] 4194304

[2 occurrence(s)]
INFO --> [REQ_ID=b4be7ee44483] [MEMORY][commonData:start] 4194304

[2 occurrence(s)]
INFO --> $uri: https://www.mymiwallet.com/index.php/Budget/Add/Income

[2 occurrence(s)]
INFO --> $formMode: Add

[1 occurrence(s)]
INFO --> [REQ_ID=b4be7ee44483] [PERF] Execution time=0.053472

[1 occurrence(s)]
INFO --> [REQ_ID=f97d74d15df9] [PERF] Execution time=0.072329

[1 occurrence(s)]
INFO --> [REQ_ID=c359a4be37c0] [PERF] Execution time=0.009515

[1 occurrence(s)]
INFO --> [REQ_ID=fcfc1613fa9a] [MEMORY][controller-start] 4194304

[2 occurrence(s)]
INFO --> [REQ_ID=fcfc1613fa9a] [MEMORY][commonData:start] 4194304

[1 occurrence(s)]
INFO --> [REQ_ID=fcfc1613fa9a] [PERF] Execution time=0.030158

[1 occurrence(s)]
INFO --> [REQ_ID=5dd51a382746] [PERF] Execution time=0.045956

[1 occurrence(s)]
INFO --> REDIRECTED ROUTE at https://www.mymiwallet.com/Budget/Account-Manager

[1 occurrence(s)]
INFO --> [REQ_ID=98a3b3353dfa] [PERF] Execution time=0.008902

[1 occurrence(s)]
INFO --> [REQ_ID=8a1454390724] [PERF] Execution time=0.009047

[1 occurrence(s)]
INFO --> [REQ_ID=00e2a99e1aa7] [PERF] Execution time=0.011702

[1 occurrence(s)]
INFO --> [REQ_ID=8753903e0534] [PERF] Execution time=0.010461

[1 occurrence(s)]
INFO --> [REQ_ID=21a858fe4e99] [PERF] Execution time=0.021043

[1 occurrence(s)]
INFO --> [REQ_ID=01fdb5c148d7] [PERF] Execution time=0.013377

[1 occurrence(s)]
INFO --> [REQ_ID=722939c557fb] [PERF] Execution time=0.009337

[1 occurrence(s)]
INFO --> REDIRECTED ROUTE at https://www.mymiwallet.com/Investments/Trade-Tracker

[1 occurrence(s)]
INFO --> [REQ_ID=a830f0fb26dc] [PERF] Execution time=0.010765

[1 occurrence(s)]
INFO --> [REQ_ID=1259b7d48753] [PERF] Execution time=0.013076

[2 occurrence(s)]
INFO --> [AIOPS][SPARK][GOVERNANCE][spark:logs:summarize] Started

[2 occurrence(s)]
INFO --> [SPARK_START] App\Commands\Logs\Summarize

[6 occurrence(s)]
INFO --> [SPARK_MEMORY] 18874368

[2 occurrence(s)]
INFO --> [spark:logs:summarize] Intent

[1 occurrence(s)]
INFO --> [AIOPS][SPARK][GOVERNANCE][spark:logs:summarize] Completed

[1 occurrence(s)]
INFO --> [SPARK_COMPLETE] App\Commands\Logs\Summarize duration=0.009316

[1 occurrence(s)]
INFO --> [REQ_ID=10f86f871e72] [PERF] Execution time=0.041516

[1 occurrence(s)]
INFO --> [REQ_ID=b759b0950707] [PERF] Execution time=0.042273

[1 occurrence(s)]
INFO --> [REQ_ID=eb51600d3785] [PERF] Execution time=0.013508

[1 occurrence(s)]
INFO --> [REQ_ID=85c6b336e381] [PERF] Execution time=0.013708

[1 occurrence(s)]
INFO --> [REQ_ID=ebe33d2f8b74] [PERF] Execution time=0.010565

[1 occurrence(s)]
INFO --> [REQ_ID=61b764f91f8c] [PERF] Execution time=0.040877

[1 occurrence(s)]
INFO --> [REQ_ID=22baf51039e0] [PERF] Execution time=0.010837

[1 occurrence(s)]
INFO --> [REQ_ID=f27740703508] [PERF] Execution time=0.013038

[1 occurrence(s)]
INFO --> [REQ_ID=97dc32d5f071] [PERF] Execution time=0.015383

[1 occurrence(s)]
INFO --> [REQ_ID=416874b17c5e] [PERF] Execution time=0.009405

[1 occurrence(s)]
INFO --> [REQ_ID=da0fafcd9397] [PERF] Execution time=0.013487

[1 occurrence(s)]
INFO --> [REQ_ID=870d7fda5375] [PERF] Execution time=0.047431

[1 occurrence(s)]
INFO --> [REQ_ID=ee74e540dad9] [PERF] Execution time=0.009299

[1 occurrence(s)]
INFO --> [REQ_ID=b0193c918774] [PERF] Execution time=0.009827

[1 occurrence(s)]
INFO --> [REQ_ID=d748c2730db9] [PERF] Execution time=0.010859

[1 occurrence(s)]
INFO --> [REQ_ID=7aee2006e7b3] [PERF] Execution time=0.009393

[1 occurrence(s)]
INFO --> [REQ_ID=6108c536d2cb] [PERF] Execution time=0.018528

[1 occurrence(s)]
INFO --> [REQ_ID=ca9397926411] [PERF] Execution time=0.009721

[1 occurrence(s)]
INFO --> [REQ_ID=9c1e05c4ee5f] [PERF] Execution time=0.009364

[1 occurrence(s)]
INFO --> [REQ_ID=35248988a332] [PERF] Execution time=0.009268

[1 occurrence(s)]
INFO --> [REQ_ID=b52820cbc172] [PERF] Execution time=0.009411

[1 occurrence(s)]
INFO --> [REQ_ID=77612a04bdf2] [PERF] Execution time=0.009411

[1 occurrence(s)]
INFO --> [REQ_ID=387767afcc77] [PERF] Execution time=0.010087

[1 occurrence(s)]
INFO --> [REQ_ID=e57e3bc3ec6f] [PERF] Execution time=0.009210

[1 occurrence(s)]
INFO --> [REQ_ID=da454b10a579] [PERF] Execution time=0.009450

[1 occurrence(s)]
INFO --> [REQ_ID=a4d65c1ecad1] [PERF] Execution time=0.011613

[1 occurrence(s)]
INFO --> [REQ_ID=621831317f37] [PERF] Execution time=0.012888

[1 occurrence(s)]
INFO --> [REQ_ID=f9df4b290ca0] [PERF] Execution time=0.013855

[1 occurrence(s)]
INFO --> [REQ_ID=37dc62f2e21a] [PERF] Execution time=0.010002

[1 occurrence(s)]
INFO --> [REQ_ID=7887905fbb8c] [PERF] Execution time=0.010003

[1 occurrence(s)]
INFO --> [REQ_ID=638b4dd252e8] [PERF] Execution time=0.012038

[1 occurrence(s)]
INFO --> [REQ_ID=101defd0fea3] [PERF] Execution time=0.013114

[1 occurrence(s)]
INFO --> [REQ_ID=76e3197db074] [PERF] Execution time=0.011903

[1 occurrence(s)]
INFO --> [REQ_ID=87a1f0f9ce91] [PERF] Execution time=0.048001

[1 occurrence(s)]
INFO --> [REQ_ID=9b1fddc8557e] [MEMORY][controller-start] 6291456

[1 occurrence(s)]
INFO --> [REQ_ID=9b1fddc8557e] [MEMORY][commonData:start] 6291456

[1 occurrence(s)]
INFO --> [REQ_ID=9b1fddc8557e] [MEMORY][commonData:start] 10485760

[1 occurrence(s)]
INFO --> [REQ_ID=9b1fddc8557e] [PERF] Execution time=0.595085

[1 occurrence(s)]
INFO --> [REQ_ID=27eaf3a2f274] [PERF] Execution time=0.637267

[1 occurrence(s)]
INFO --> [REQ_ID=a2c96e7981d7] [MEMORY][controller-start] 6291456

[1 occurrence(s)]
INFO --> [REQ_ID=a2c96e7981d7] [MEMORY][commonData:start] 6291456

[1 occurrence(s)]
INFO --> [REQ_ID=a2c96e7981d7] [MEMORY][commonData:start] 10485760

[1 occurrence(s)]
INFO --> [REQ_ID=a2c96e7981d7] [PERF] Execution time=0.884984

[1 occurrence(s)]
INFO --> [REQ_ID=02c604587f0f] [PERF] Execution time=0.928558

[1 occurrence(s)]
INFO --> [REQ_ID=5f7986152d48] [PERF] Execution time=0.042599

[1 occurrence(s)]
INFO --> [REQ_ID=f1c36c69dd14] [MEMORY][controller-start] 4194304

[1 occurrence(s)]
INFO --> [REQ_ID=f1c36c69dd14] [MEMORY][commonData:start] 6291456

[1 occurrence(s)]
INFO --> [REQ_ID=f1c36c69dd14] [MEMORY][commonData:start] 8388608

[1 occurrence(s)]
INFO --> [REQ_ID=f1c36c69dd14] [PERF] Execution time=0.644918

[1 occurrence(s)]
INFO --> [REQ_ID=613ba5c41882] [PERF] Execution time=0.666043

[1 occurrence(s)]
INFO --> [REQ_ID=2b4d614115de] [MEMORY][controller-start] 6291456

[1 occurrence(s)]
INFO --> [REQ_ID=2b4d614115de] [MEMORY][commonData:start] 6291456

[1 occurrence(s)]
INFO --> [REQ_ID=2b4d614115de] [MEMORY][commonData:start] 8388608

[1 occurrence(s)]
INFO --> [REQ_ID=2b4d614115de] [PERF] Execution time=0.552744

[1 occurrence(s)]
INFO --> [REQ_ID=8cce939df89a] [PERF] Execution time=0.562295

[1 occurrence(s)]
INFO --> [REQ_ID=e380e1c52d74] [MEMORY][controller-start] 4194304

[1 occurrence(s)]
INFO --> [REQ_ID=e380e1c52d74] [MEMORY][commonData:start] 4194304

[1 occurrence(s)]
INFO --> [REQ_ID=e380e1c52d74] [MEMORY][commonData:start] 8388608

[1 occurrence(s)]
INFO --> [REQ_ID=e380e1c52d74] [PERF] Execution time=0.608243

[1 occurrence(s)]
INFO --> [REQ_ID=a48984b61ece] [PERF] Execution time=0.618562

[1 occurrence(s)]
INFO --> [REQ_ID=e7463fc141ac] [PERF] Execution time=0.020593

[1 occurrence(s)]
INFO --> [REQ_ID=a3c7b9d49469] [PERF] Execution time=0.046595

[1 occurrence(s)]
INFO --> [REQ_ID=a856923d890f] [PERF] Execution time=0.033007

[1 occurrence(s)]
INFO --> [REQ_ID=a591efab3f6e] [PERF] Execution time=0.056204

[1 occurrence(s)]
INFO --> [REQ_ID=8398faf89081] [MEMORY][controller-start] 4194304

[1 occurrence(s)]
INFO --> [REQ_ID=8398faf89081] [PERF] Execution time=0.034222

[1 occurrence(s)]
INFO --> [REQ_ID=1e8c9544b5bc] [PERF] Execution time=0.049207

[1 occurrence(s)]
INFO --> [REQ_ID=22503eebe573] [PERF] Execution time=0.030368

[1 occurrence(s)]
INFO --> [REQ_ID=32de0181df08] [MEMORY][controller-start] 4194304

[1 occurrence(s)]
INFO --> [REQ_ID=32de0181df08] [PERF] Execution time=0.182554

[1 occurrence(s)]
INFO --> [REQ_ID=7584cc2bd96f] [PERF] Execution time=0.195544

[1 occurrence(s)]
INFO --> [REQ_ID=dbe156e123c9] [PERF] Execution time=0.046271

[1 occurrence(s)]
INFO --> [REQ_ID=fc3a93e675b0] [PERF] Execution time=0.044201

[1 occurrence(s)]
INFO --> [REQ_ID=49ac5a95d80f] [MEMORY][controller-start] 6291456

[1 occurrence(s)]
INFO --> [REQ_ID=49ac5a95d80f] [MEMORY][commonData:start] 6291456

[1 occurrence(s)]
INFO --> [REQ_ID=49ac5a95d80f] [MEMORY][commonData:start] 10485760

[1 occurrence(s)]
INFO --> [REQ_ID=49ac5a95d80f] [PERF] Execution time=0.619123

[1 occurrence(s)]
INFO --> [REQ_ID=d437cbd7363a] [PERF] Execution time=0.660685

[1 occurrence(s)]
INFO --> [REQ_ID=95dc731bf49f] [MEMORY][controller-start] 6291456

[1 occurrence(s)]
INFO --> [REQ_ID=95dc731bf49f] [PERF] Execution time=0.118513

[1 occurrence(s)]
INFO --> [REQ_ID=cf92340c166a] [PERF] Execution time=0.046091

[1 occurrence(s)]
INFO --> [REQ_ID=a16e050afc56] [PERF] Execution time=0.035230

[1 occurrence(s)]
INFO --> [REQ_ID=63fc8d17d8bb] [MEMORY][controller-start] 6291456

[2 occurrence(s)]
INFO --> [REQ_ID=63fc8d17d8bb] [MEMORY][commonData:start] 8388608

[1 occurrence(s)]
INFO --> AlertsModel L404 - Alert updated successfully for ID 9368: Array

[1 occurrence(s)]
INFO --> 🔄 Trying AlphaVantage for IMNN...

[1 occurrence(s)]
INFO --> ✅ Alert snapshot inserted for IMNN with trade_id 9368

[1 occurrence(s)]
INFO --> [REQ_ID=63fc8d17d8bb] [PERF] Execution time=0.567751

[1 occurrence(s)]
INFO --> [REQ_ID=485089db844c] [PERF] Execution time=0.613654

[1 occurrence(s)]
INFO --> [spark:ops:work] Started

[1 occurrence(s)]
INFO --> [SPARK_START] App\Commands\Ops\Work

[1 occurrence(s)]
INFO --> [spark:ops:work] Intent

[1 occurrence(s)]
INFO --> [spark:ops:work] Completed

[1 occurrence(s)]
INFO --> [SPARK_COMPLETE] App\Commands\Ops\Work duration=0.057390

[1 occurrence(s)]
INFO --> [SPARK_START] App\Commands\AIOps\Run

[1 occurrence(s)]
INFO --> [spark:aiops:run] Intent

[1 occurrence(s)]
INFO --> [REQ_ID=3abf1bad8e99] [PERF] Execution time=0.064812


---------------------------
LEVEL: WARNING
---------------------------

[86 occurrence(s)]
WARNING --> [404] URI=https://www.mymiwallet.com/index.php/

[84 occurrence(s)]
WARNING --> 404 route miss: https://www.mymiwallet.com/index.php/ | referrer: http://67.205.42.220

[2 occurrence(s)]
WARNING --> 404 route miss: https://www.mymiwallet.com/index.php/ | referrer: none

[1 occurrence(s)]
WARNING --> [REGISTRATION] Validation failed (basic fields)

[8 occurrence(s)]
WARNING --> MyMIWallets initialized without numeric user context.

[1 occurrence(s)]
WARNING --> [404] URI=https://www.mymiwallet.com/index.php/How-It-Works/Investor-Profile

[1 occurrence(s)]
WARNING --> 404 route miss: https://www.mymiwallet.com/index.php/How-It-Works/Investor-Profile | referrer: none

[1 occurrence(s)]
WARNING --> [AUTH_FAILURE]

[1 occurrence(s)]
WARNING --> [AUTH] Login failure

[1 occurrence(s)]
WARNING --> [AUTH] Login failed

[1 occurrence(s)]
WARNING --> [404] URI=https://www.mymiwallet.com/index.php/How-It-Works/Automated-Financial-Insights

[1 occurrence(s)]
WARNING --> 404 route miss: https://www.mymiwallet.com/index.php/How-It-Works/Automated-Financial-Insights | referrer: none

[2 occurrence(s)]
WARNING --> [404] URI=https://www.mymiwallet.com/index.php/API/Budget/getUserCreditBalances

[2 occurrence(s)]
WARNING --> 404 route miss: https://www.mymiwallet.com/index.php/API/Budget/getUserCreditBalances | referrer: https://www.mymiwallet.com/index.php/Budget

[2 occurrence(s)]
WARNING --> [404] URI=https://www.mymiwallet.com/index.php/API/Budget/getUserBudgetRecords

[2 occurrence(s)]
WARNING --> 404 route miss: https://www.mymiwallet.com/index.php/API/Budget/getUserBudgetRecords | referrer: https://www.mymiwallet.com/index.php/Budget

[2 occurrence(s)]
WARNING --> [404] URI=https://www.mymiwallet.com/index.php/API/Budget/getUserAvailableBalances

[2 occurrence(s)]
WARNING --> 404 route miss: https://www.mymiwallet.com/index.php/API/Budget/getUserAvailableBalances | referrer: https://www.mymiwallet.com/index.php/Budget

[2 occurrence(s)]
WARNING --> [404] URI=https://www.mymiwallet.com/index.php/API/Budget/getUserRepaymentSummary

[2 occurrence(s)]
WARNING --> 404 route miss: https://www.mymiwallet.com/index.php/API/Budget/getUserRepaymentSummary | referrer: https://www.mymiwallet.com/index.php/Budget

[1 occurrence(s)]
WARNING --> [404] URI=https://www.mymiwallet.com/index.php/How-It-Works/investments

[1 occurrence(s)]
WARNING --> 404 route miss: https://www.mymiwallet.com/index.php/How-It-Works/investments | referrer: none


---------------------------
LEVEL: ERROR
---------------------------

[1 occurrence(s)]
ERROR --> Registration failed: {"username":"The username field must contain a unique value.","email":"The email field must contain a unique value."}

[1 occurrence(s)]
ERROR --> HowItWorksController failure: investor-profile

[2 occurrence(s)]
ERROR --> [ERROR_PAGE] event=error_404 status=404 message=Page not found.

[1 occurrence(s)]
ERROR --> HowItWorksController failure: Call to undefined method App\Modules\Blog\Controllers\HowItWorksController::respondWithRendered()

[1 occurrence(s)]
ERROR --> HowItWorksController failure: automated-financial-insights

[3 occurrence(s)]
ERROR --> DashboardController::index failed to load executive summary: Call to undefined method CodeIgniter\Cache\Handlers\FileHandler::set()

[3 occurrence(s)]
ERROR --> Unknown column 'score_total' in 'where clause'

[1 occurrence(s)]
ERROR --> BudgetController::index failed to build executive summary: Call to undefined method CodeIgniter\Cache\Handlers\FileHandler::set()

[1 occurrence(s)]
ERROR --> HowItWorksController failure: investments


---------------------------
LEVEL: CRITICAL
---------------------------

[97 occurrence(s)]
CRITICAL --> CodeIgniter\Exceptions\PageNotFoundException: Page Not Found

[97 occurrence(s)]
CRITICAL --> [EXCEPTION] Page Not Found File=/home/mymiteam/mymiwallet/site/current/vendor/codeigniter4/framework/system/CodeIgniter.php Line=1001

[2 occurrence(s)]
CRITICAL --> [CSRF][EXCEPTION] The action you requested is not allowed.


===============================================
   HERE'S THE NEW STUFF
   (Entries logged AFTER 2026-03-10 03:41:31)
===============================================

---------------------------
LEVEL: DEBUG (NEW)
---------------------------

[1 NEW occurrence(s)]
DEBUG --> [REQ_ID=10f86f871e72] [REQUEST][START] GET /index.php/Management/API

[94 NEW occurrence(s)]
DEBUG --> Session: Class initialized using 'CodeIgniter\Session\Handlers\FileHandler' driver.

[1 NEW occurrence(s)]
DEBUG --> [REQ_ID=10f86f871e72] [REQUEST][END]

[1 NEW occurrence(s)]
DEBUG --> [REQ_ID=481a49b7db09] [REQUEST][START] HEAD /

[1 NEW occurrence(s)]
DEBUG --> [REQ_ID=b759b0950707] [REQUEST][START] GET /index.php/Management/Admin

[1 NEW occurrence(s)]
DEBUG --> [REQ_ID=b759b0950707] [REQUEST][END]

[1 NEW occurrence(s)]
DEBUG --> [REQ_ID=ede3b2253279] [REQUEST][START] HEAD /

[1 NEW occurrence(s)]
DEBUG --> [REQ_ID=eb51600d3785] [REQUEST][START] GET /index.php/Management/Alerts

[1 NEW occurrence(s)]
DEBUG --> [REQ_ID=eb51600d3785] [REQUEST][END]

[1 NEW occurrence(s)]
DEBUG --> [REQ_ID=85c6b336e381] [REQUEST][START] GET /index.php/Management/Assets

[1 NEW occurrence(s)]
DEBUG --> [REQ_ID=85c6b336e381] [REQUEST][END]

[1 NEW occurrence(s)]
DEBUG --> [REQ_ID=ebe33d2f8b74] [REQUEST][START] GET /index.php/Management/Budgeting

[1 NEW occurrence(s)]
DEBUG --> [REQ_ID=ebe33d2f8b74] [REQUEST][END]

[1 NEW occurrence(s)]
DEBUG --> [REQ_ID=61b764f91f8c] [REQUEST][START] GET /index.php/Management/Budgets

[1 NEW occurrence(s)]
DEBUG --> [REQ_ID=61b764f91f8c] [REQUEST][END]

[1 NEW occurrence(s)]
DEBUG --> [REQ_ID=22baf51039e0] [REQUEST][START] GET /index.php/Management/Docs

[1 NEW occurrence(s)]
DEBUG --> [REQ_ID=22baf51039e0] [REQUEST][END]

[1 NEW occurrence(s)]
DEBUG --> [REQ_ID=f27740703508] [REQUEST][START] GET /index.php/Management/Exchange

[1 NEW occurrence(s)]
DEBUG --> [REQ_ID=f27740703508] [REQUEST][END]

[1 NEW occurrence(s)]
DEBUG --> [REQ_ID=97dc32d5f071] [REQUEST][START] GET /index.php/Management/Marketing

[1 NEW occurrence(s)]
DEBUG --> [REQ_ID=97dc32d5f071] [REQUEST][END]

[1 NEW occurrence(s)]
DEBUG --> [REQ_ID=416874b17c5e] [REQUEST][START] GET /index.php/Management/Marketing/Blog-Creator

[1 NEW occurrence(s)]
DEBUG --> [REQ_ID=416874b17c5e] [REQUEST][END]

[1 NEW occurrence(s)]
DEBUG --> [REQ_ID=da0fafcd9397] [REQUEST][START] GET /index.php/Management/Marketing/Campaigns

[1 NEW occurrence(s)]
DEBUG --> [REQ_ID=da0fafcd9397] [REQUEST][END]

[1 NEW occurrence(s)]
DEBUG --> [REQ_ID=c8bd99d3d8e7] [REQUEST][START] HEAD /

[1 NEW occurrence(s)]
DEBUG --> [REQ_ID=870d7fda5375] [REQUEST][START] GET /index.php/Management/Marketing/Content/Generator

[1 NEW occurrence(s)]
DEBUG --> [REQ_ID=870d7fda5375] [REQUEST][END]

[1 NEW occurrence(s)]
DEBUG --> [REQ_ID=ee74e540dad9] [REQUEST][START] GET /index.php/Management/Marketing/Content/Listing

[1 NEW occurrence(s)]
DEBUG --> [REQ_ID=ee74e540dad9] [REQUEST][END]

[1 NEW occurrence(s)]
DEBUG --> [REQ_ID=b0193c918774] [REQUEST][START] GET /index.php/Management/Marketing/Ideas

[1 NEW occurrence(s)]
DEBUG --> [REQ_ID=b0193c918774] [REQUEST][END]

[1 NEW occurrence(s)]
DEBUG --> [REQ_ID=d748c2730db9] [REQUEST][START] GET /index.php/Management/Marketing/Post-Creator

[1 NEW occurrence(s)]
DEBUG --> [REQ_ID=d748c2730db9] [REQUEST][END]

[1 NEW occurrence(s)]
DEBUG --> [REQ_ID=7aee2006e7b3] [REQUEST][START] GET /index.php/Management/Marketing/Promote/Solana

[1 NEW occurrence(s)]
DEBUG --> [REQ_ID=7aee2006e7b3] [REQUEST][END]

[1 NEW occurrence(s)]
DEBUG --> [REQ_ID=6108c536d2cb] [REQUEST][START] GET /index.php/API/Management/Run-CRON-Tasks

[1 NEW occurrence(s)]
DEBUG --> [REQ_ID=6108c536d2cb] [FILTER_BEFORE] /index.php/API/Management/Run-CRON-Tasks

[1 NEW occurrence(s)]
DEBUG --> [REQ_ID=6108c536d2cb] [ROUTE] Controller=\App\Modules\Management\Controllers\ManagementAPIController Method=Run_CRON_Tasks

[1 NEW occurrence(s)]
DEBUG --> [REQ_ID=6108c536d2cb] [LIFECYCLE][START] GET https://www.mymiwallet.com/index.php/API/Management/Run-CRON-Tasks

[1 NEW occurrence(s)]
DEBUG --> [REQ_ID=6108c536d2cb] [REQUEST][END]

[1 NEW occurrence(s)]
DEBUG --> [REQ_ID=ca9397926411] [REQUEST][START] GET /index.php/Management/Marketing/Schedule

[1 NEW occurrence(s)]
DEBUG --> [REQ_ID=ca9397926411] [REQUEST][END]

[1 NEW occurrence(s)]
DEBUG --> [REQ_ID=9c1e05c4ee5f] [REQUEST][START] GET /index.php/Management/Marketing/Video-Creator

[1 NEW occurrence(s)]
DEBUG --> [REQ_ID=9c1e05c4ee5f] [REQUEST][END]

[1 NEW occurrence(s)]
DEBUG --> [REQ_ID=35248988a332] [REQUEST][START] GET /index.php/Management/Partners

[1 NEW occurrence(s)]
DEBUG --> [REQ_ID=35248988a332] [REQUEST][END]

[1 NEW occurrence(s)]
DEBUG --> [REQ_ID=b52820cbc172] [REQUEST][START] GET /index.php/Management/Projects

[1 NEW occurrence(s)]
DEBUG --> [REQ_ID=b52820cbc172] [REQUEST][END]

[1 NEW occurrence(s)]
DEBUG --> [REQ_ID=77612a04bdf2] [REQUEST][START] GET /index.php/Management/Security

[1 NEW occurrence(s)]
DEBUG --> [REQ_ID=77612a04bdf2] [REQUEST][END]

[1 NEW occurrence(s)]
DEBUG --> [REQ_ID=d499305b9657] [REQUEST][START] HEAD /

[1 NEW occurrence(s)]
DEBUG --> [REQ_ID=387767afcc77] [REQUEST][START] GET /index.php/Management/Services

[1 NEW occurrence(s)]
DEBUG --> [REQ_ID=387767afcc77] [REQUEST][END]

[1 NEW occurrence(s)]
DEBUG --> [REQ_ID=e57e3bc3ec6f] [REQUEST][START] GET /index.php/Management/Users

[1 NEW occurrence(s)]
DEBUG --> [REQ_ID=e57e3bc3ec6f] [REQUEST][END]

[1 NEW occurrence(s)]
DEBUG --> [REQ_ID=da454b10a579] [REQUEST][START] GET /index.php/Management/Wallets

[1 NEW occurrence(s)]
DEBUG --> [REQ_ID=da454b10a579] [REQUEST][END]

[1 NEW occurrence(s)]
DEBUG --> [REQ_ID=a4d65c1ecad1] [REQUEST][START] GET /index.php/Marketplace

[1 NEW occurrence(s)]
DEBUG --> [REQ_ID=a4d65c1ecad1] [REQUEST][END]

[1 NEW occurrence(s)]
DEBUG --> [REQ_ID=621831317f37] [REQUEST][START] GET /index.php/My-Referrals

[1 NEW occurrence(s)]
DEBUG --> [REQ_ID=621831317f37] [REQUEST][END]

[1 NEW occurrence(s)]
DEBUG --> [REQ_ID=f9df4b290ca0] [REQUEST][START] GET /index.php/MyMI-Gold/Goals/Daily

[1 NEW occurrence(s)]
DEBUG --> [REQ_ID=f9df4b290ca0] [REQUEST][END]

[1 NEW occurrence(s)]
DEBUG --> [REQ_ID=37dc62f2e21a] [REQUEST][START] GET /index.php/Profile/

[1 NEW occurrence(s)]
DEBUG --> [REQ_ID=37dc62f2e21a] [REQUEST][END]

[1 NEW occurrence(s)]
DEBUG --> [REQ_ID=7887905fbb8c] [REQUEST][START] GET /index.php/Projects

[1 NEW occurrence(s)]
DEBUG --> [REQ_ID=7887905fbb8c] [REQUEST][END]

[1 NEW occurrence(s)]
DEBUG --> [REQ_ID=638b4dd252e8] [REQUEST][START] GET /index.php/Trade-Tracker

[1 NEW occurrence(s)]
DEBUG --> [REQ_ID=638b4dd252e8] [REQUEST][END]

[1 NEW occurrence(s)]
DEBUG --> [REQ_ID=101defd0fea3] [REQUEST][START] GET /index.php/Wallets

[1 NEW occurrence(s)]
DEBUG --> [REQ_ID=101defd0fea3] [REQUEST][END]

[1 NEW occurrence(s)]
DEBUG --> [REQ_ID=76e3197db074] [REQUEST][START] GET /index.php/login

[1 NEW occurrence(s)]
DEBUG --> [REQ_ID=76e3197db074] [REQUEST][END]

[1 NEW occurrence(s)]
DEBUG --> [REQ_ID=fdd4b4793507] [REQUEST][START] HEAD /

[1 NEW occurrence(s)]
DEBUG --> [REQ_ID=b2f0e211b7e0] [REQUEST][START] HEAD /

[1 NEW occurrence(s)]
DEBUG --> [REQ_ID=87a1f0f9ce91] [REQUEST][START] GET /index.php/API/Alerts/fetchEmailAlerts

[1 NEW occurrence(s)]
DEBUG --> [REQ_ID=87a1f0f9ce91] [FILTER_BEFORE] /index.php/API/Alerts/fetchEmailAlerts

[1 NEW occurrence(s)]
DEBUG --> [REQ_ID=87a1f0f9ce91] [ROUTE] Controller=\App\Modules\APIs\Controllers\AlertsAPIController Method=fetchEmailAlerts

[1 NEW occurrence(s)]
DEBUG --> [REQ_ID=87a1f0f9ce91] [LIFECYCLE][START] GET https://www.mymiwallet.com/index.php/API/Alerts/fetchEmailAlerts

[1 NEW occurrence(s)]
DEBUG --> [REQ_ID=87a1f0f9ce91] [REQUEST][END]

[1 NEW occurrence(s)]
DEBUG --> [REQ_ID=fe98d80cb5d8] [REQUEST][START] HEAD /

[1 NEW occurrence(s)]
DEBUG --> [REQ_ID=27eaf3a2f274] [REQUEST][START] GET /

[1 NEW occurrence(s)]
DEBUG --> [REQ_ID=27eaf3a2f274] [FILTER_BEFORE] /

[1 NEW occurrence(s)]
DEBUG --> [REQ_ID=27eaf3a2f274] [ROUTE] Controller=\App\Controllers\Home Method=index

[1 NEW occurrence(s)]
DEBUG --> [REQ_ID=27eaf3a2f274] [LIFECYCLE][START] GET https://www.mymiwallet.com/index.php/

[1 NEW occurrence(s)]
DEBUG --> [CSRF] token name=csrf_test_name hash=c720e348d9ce15b9e543a50a60910181

[1 NEW occurrence(s)]
DEBUG --> [REQ_ID=9b1fddc8557e] [INIT] App\Controllers\Home::GET

[8 NEW occurrence(s)]
DEBUG --> MyMIUser L52 - initialized (first log).

[3 NEW occurrence(s)]
DEBUG --> [MetaService] slug= pageName= cacheHit= path=FALLBACK

[1 NEW occurrence(s)]
DEBUG --> [REQ_ID=9b1fddc8557e] [VIEW_RENDER] themes/public/home

[2 NEW occurrence(s)]
DEBUG --> [MetaService] slug= pageName=Home cacheHit= path=DB

[1 NEW occurrence(s)]
DEBUG --> [REQ_ID=27eaf3a2f274] [FILTER_AFTER]

[1 NEW occurrence(s)]
DEBUG --> [REQ_ID=27eaf3a2f274] [LIFECYCLE][END] status=200 duration_ms=597.03 memory_delta=4194304

[1 NEW occurrence(s)]
DEBUG --> [REQ_ID=27eaf3a2f274] [REQUEST][END]

[1 NEW occurrence(s)]
DEBUG --> [REQ_ID=4c54fa4a50b5] [REQUEST][START] HEAD /

[1 NEW occurrence(s)]
DEBUG --> [REQ_ID=02c604587f0f] [REQUEST][START] GET /

[1 NEW occurrence(s)]
DEBUG --> [REQ_ID=02c604587f0f] [FILTER_BEFORE] /

[1 NEW occurrence(s)]
DEBUG --> [REQ_ID=02c604587f0f] [ROUTE] Controller=\App\Controllers\Home Method=index

[1 NEW occurrence(s)]
DEBUG --> [REQ_ID=02c604587f0f] [LIFECYCLE][START] GET https://www.mymiwallet.com/index.php/

[1 NEW occurrence(s)]
DEBUG --> [CSRF] token name=csrf_test_name hash=78d971f7645ea3c03c67a46b2e9a8be5

[1 NEW occurrence(s)]
DEBUG --> [REQ_ID=a2c96e7981d7] [INIT] App\Controllers\Home::GET

[3 NEW occurrence(s)]
DEBUG --> [MetaService] slug= pageName= cacheHit=1 path=CACHE

[1 NEW occurrence(s)]
DEBUG --> [REQ_ID=a2c96e7981d7] [VIEW_RENDER] themes/public/home

[4 NEW occurrence(s)]
DEBUG --> [MetaService] slug= pageName=Home cacheHit=1 path=CACHE

[1 NEW occurrence(s)]
DEBUG --> [REQ_ID=02c604587f0f] [FILTER_AFTER]

[1 NEW occurrence(s)]
DEBUG --> [REQ_ID=02c604587f0f] [LIFECYCLE][END] status=200 duration_ms=887.20 memory_delta=4194304

[1 NEW occurrence(s)]
DEBUG --> [REQ_ID=02c604587f0f] [REQUEST][END]

[1 NEW occurrence(s)]
DEBUG --> [REQ_ID=2a3699a0b42e] [REQUEST][START] HEAD /

[1 NEW occurrence(s)]
DEBUG --> [REQ_ID=e2efbcb3a456] [REQUEST][START] HEAD /

[1 NEW occurrence(s)]
DEBUG --> [REQ_ID=5f7986152d48] [REQUEST][START] GET /index.php/Management/Budgets

[1 NEW occurrence(s)]
DEBUG --> [REQ_ID=5f7986152d48] [REQUEST][END]

[1 NEW occurrence(s)]
DEBUG --> [REQ_ID=1d16fa436e05] [REQUEST][START] HEAD /

[1 NEW occurrence(s)]
DEBUG --> [REQ_ID=6b6a6179d9a9] [REQUEST][START] HEAD /

[1 NEW occurrence(s)]
DEBUG --> [REQ_ID=613ba5c41882] [REQUEST][START] GET /

[1 NEW occurrence(s)]
DEBUG --> [REQ_ID=613ba5c41882] [FILTER_BEFORE] /

[1 NEW occurrence(s)]
DEBUG --> [REQ_ID=613ba5c41882] [ROUTE] Controller=\App\Controllers\Home Method=index

[1 NEW occurrence(s)]
DEBUG --> [REQ_ID=613ba5c41882] [LIFECYCLE][START] GET https://www.mymiwallet.com/index.php/

[1 NEW occurrence(s)]
DEBUG --> [CSRF] token name=csrf_test_name hash=2b85d4fd886cbf55864668510e860b8d

[1 NEW occurrence(s)]
DEBUG --> [REQ_ID=f1c36c69dd14] [INIT] App\Controllers\Home::GET

[1 NEW occurrence(s)]
DEBUG --> [REQ_ID=f1c36c69dd14] [VIEW_RENDER] themes/public/home

[1 NEW occurrence(s)]
DEBUG --> [REQ_ID=613ba5c41882] [FILTER_AFTER]

[1 NEW occurrence(s)]
DEBUG --> [REQ_ID=613ba5c41882] [LIFECYCLE][END] status=200 duration_ms=647.10 memory_delta=4194304

[1 NEW occurrence(s)]
DEBUG --> [REQ_ID=613ba5c41882] [REQUEST][END]

[1 NEW occurrence(s)]
DEBUG --> [REQ_ID=8cce939df89a] [REQUEST][START] GET /

[1 NEW occurrence(s)]
DEBUG --> [REQ_ID=8cce939df89a] [FILTER_BEFORE] /

[1 NEW occurrence(s)]
DEBUG --> [REQ_ID=8cce939df89a] [ROUTE] Controller=\App\Controllers\Home Method=index

[1 NEW occurrence(s)]
DEBUG --> [REQ_ID=8cce939df89a] [LIFECYCLE][START] GET https://www.mymiwallet.com/index.php/

[1 NEW occurrence(s)]
DEBUG --> [CSRF] token name=csrf_test_name hash=9c1c32a7dc72f066f7001ce1ee2310ce

[1 NEW occurrence(s)]
DEBUG --> [REQ_ID=2b4d614115de] [INIT] App\Controllers\Home::GET

[1 NEW occurrence(s)]
DEBUG --> [REQ_ID=2b4d614115de] [VIEW_RENDER] themes/public/home

[1 NEW occurrence(s)]
DEBUG --> [REQ_ID=8cce939df89a] [FILTER_AFTER]

[1 NEW occurrence(s)]
DEBUG --> [REQ_ID=8cce939df89a] [LIFECYCLE][END] status=200 duration_ms=552.99 memory_delta=2097152

[1 NEW occurrence(s)]
DEBUG --> [REQ_ID=8cce939df89a] [REQUEST][END]

[1 NEW occurrence(s)]
DEBUG --> [REQ_ID=a48984b61ece] [REQUEST][START] GET /index.php

[1 NEW occurrence(s)]
DEBUG --> [REQ_ID=a48984b61ece] [FILTER_BEFORE] /index.php

[1 NEW occurrence(s)]
DEBUG --> [REQ_ID=a48984b61ece] [ROUTE] Controller=\App\Controllers\Home Method=index

[1 NEW occurrence(s)]
DEBUG --> [REQ_ID=a48984b61ece] [LIFECYCLE][START] GET https://www.mymiwallet.com/index.php/

[1 NEW occurrence(s)]
DEBUG --> [CSRF] token name=csrf_test_name hash=2bffd560f0fd69d173707ab4579998e2

[1 NEW occurrence(s)]
DEBUG --> [REQ_ID=e380e1c52d74] [INIT] App\Controllers\Home::GET

[1 NEW occurrence(s)]
DEBUG --> [REQ_ID=e380e1c52d74] [VIEW_RENDER] themes/public/home

[1 NEW occurrence(s)]
DEBUG --> [REQ_ID=a48984b61ece] [FILTER_AFTER]

[1 NEW occurrence(s)]
DEBUG --> [REQ_ID=a48984b61ece] [LIFECYCLE][END] status=200 duration_ms=608.61 memory_delta=4194304

[1 NEW occurrence(s)]
DEBUG --> [REQ_ID=a48984b61ece] [REQUEST][END]

[1 NEW occurrence(s)]
DEBUG --> [REQ_ID=81b00fb954f3] [REQUEST][START] HEAD /

[1 NEW occurrence(s)]
DEBUG --> [REQ_ID=e7463fc141ac] [REQUEST][START] GET /index.php/How-It-Works/overview

[1 NEW occurrence(s)]
DEBUG --> [REQ_ID=e7463fc141ac] [REQUEST][END]

[1 NEW occurrence(s)]
DEBUG --> [REQ_ID=296d75232f40] [REQUEST][START] HEAD /

[1 NEW occurrence(s)]
DEBUG --> [REQ_ID=aa78a191183f] [REQUEST][START] HEAD /

[1 NEW occurrence(s)]
DEBUG --> [REQ_ID=a3c7b9d49469] [REQUEST][START] GET /index.php/Budget/Financial-Forecaster

[1 NEW occurrence(s)]
DEBUG --> [REQ_ID=a3c7b9d49469] [REQUEST][END]

[1 NEW occurrence(s)]
DEBUG --> [REQ_ID=a856923d890f] [REQUEST][START] GET /index.php/API/Management/Run-CRON-Tasks

[1 NEW occurrence(s)]
DEBUG --> [REQ_ID=a856923d890f] [FILTER_BEFORE] /index.php/API/Management/Run-CRON-Tasks

[1 NEW occurrence(s)]
DEBUG --> [REQ_ID=a856923d890f] [ROUTE] Controller=\App\Modules\Management\Controllers\ManagementAPIController Method=Run_CRON_Tasks

[1 NEW occurrence(s)]
DEBUG --> [REQ_ID=a856923d890f] [LIFECYCLE][START] GET https://www.mymiwallet.com/index.php/API/Management/Run-CRON-Tasks

[1 NEW occurrence(s)]
DEBUG --> [REQ_ID=a856923d890f] [REQUEST][END]

[1 NEW occurrence(s)]
DEBUG --> [REQ_ID=becbbd47e90a] [REQUEST][START] HEAD /

[1 NEW occurrence(s)]
DEBUG --> [REQ_ID=7a6d606dcb55] [REQUEST][START] HEAD /

[1 NEW occurrence(s)]
DEBUG --> [REQ_ID=a591efab3f6e] [REQUEST][START] GET /index.php/Knowledgebase/Investor-Profile

[1 NEW occurrence(s)]
DEBUG --> [REQ_ID=a591efab3f6e] [FILTER_BEFORE] /index.php/Knowledgebase/Investor-Profile

[1 NEW occurrence(s)]
DEBUG --> [REQ_ID=a591efab3f6e] [ROUTE] Controller=\App\Modules\User\Controllers\KnowledgebaseController Method=investorProfile

[1 NEW occurrence(s)]
DEBUG --> [REQ_ID=a591efab3f6e] [LIFECYCLE][START] GET https://www.mymiwallet.com/index.php/Knowledgebase/Investor-Profile

[1 NEW occurrence(s)]
DEBUG --> [CSRF] token name=csrf_test_name hash=42538657cf7bbabd9e719a2b9554ad53

[1 NEW occurrence(s)]
DEBUG --> [REQ_ID=a591efab3f6e] [REQUEST][END]

[1 NEW occurrence(s)]
DEBUG --> [REQ_ID=1e8c9544b5bc] [REQUEST][START] GET /index.php/login

[1 NEW occurrence(s)]
DEBUG --> [REQ_ID=1e8c9544b5bc] [FILTER_BEFORE] /index.php/login

[1 NEW occurrence(s)]
DEBUG --> [REQ_ID=1e8c9544b5bc] [ROUTE] Controller=\App\Controllers\AuthController Method=login

[1 NEW occurrence(s)]
DEBUG --> [REQ_ID=1e8c9544b5bc] [LIFECYCLE][START] GET https://www.mymiwallet.com/index.php/login

[1 NEW occurrence(s)]
DEBUG --> [CSRF] token name=csrf_test_name hash=e00d8a66c6c93a9779c4832e6257ce86

[1 NEW occurrence(s)]
DEBUG --> [REQ_ID=8398faf89081] [INIT] App\Controllers\AuthController::GET

[1 NEW occurrence(s)]
DEBUG --> [REQ_ID=1e8c9544b5bc] [FILTER_AFTER]

[1 NEW occurrence(s)]
DEBUG --> [REQ_ID=1e8c9544b5bc] [LIFECYCLE][END] status=200 duration_ms=35.96 memory_delta=0

[1 NEW occurrence(s)]
DEBUG --> [REQ_ID=1e8c9544b5bc] [REQUEST][END]

[1 NEW occurrence(s)]
DEBUG --> [REQ_ID=cd88328eefe6] [REQUEST][START] HEAD /

[1 NEW occurrence(s)]
DEBUG --> [REQ_ID=22503eebe573] [REQUEST][START] GET /index.php/Account/Connected-Accounts

[1 NEW occurrence(s)]
DEBUG --> [REQ_ID=22503eebe573] [FILTER_BEFORE] /index.php/Account/Connected-Accounts

[1 NEW occurrence(s)]
DEBUG --> [REQ_ID=22503eebe573] [ROUTE] Controller=\App\Modules\User\Controllers\DashboardController Method=connectedAccounts

[1 NEW occurrence(s)]
DEBUG --> [REQ_ID=22503eebe573] [LIFECYCLE][START] GET https://www.mymiwallet.com/index.php/Account/Connected-Accounts

[1 NEW occurrence(s)]
DEBUG --> [CSRF] token name=csrf_test_name hash=215b624a77ff2bbc133685162cf54ae5

[1 NEW occurrence(s)]
DEBUG --> [REQ_ID=22503eebe573] [REQUEST][END]

[1 NEW occurrence(s)]
DEBUG --> [REQ_ID=7584cc2bd96f] [REQUEST][START] GET /index.php/login

[1 NEW occurrence(s)]
DEBUG --> [REQ_ID=7584cc2bd96f] [FILTER_BEFORE] /index.php/login

[1 NEW occurrence(s)]
DEBUG --> [REQ_ID=7584cc2bd96f] [ROUTE] Controller=\App\Controllers\AuthController Method=login

[1 NEW occurrence(s)]
DEBUG --> [REQ_ID=7584cc2bd96f] [LIFECYCLE][START] GET https://www.mymiwallet.com/index.php/login

[1 NEW occurrence(s)]
DEBUG --> [CSRF] token name=csrf_test_name hash=167d5e2c5ed95c4cec9d829fadf2b543

[1 NEW occurrence(s)]
DEBUG --> [REQ_ID=32de0181df08] [INIT] App\Controllers\AuthController::GET

[1 NEW occurrence(s)]
DEBUG --> [REQ_ID=7584cc2bd96f] [FILTER_AFTER]

[1 NEW occurrence(s)]
DEBUG --> [REQ_ID=7584cc2bd96f] [LIFECYCLE][END] status=200 duration_ms=182.69 memory_delta=0

[1 NEW occurrence(s)]
DEBUG --> [REQ_ID=7584cc2bd96f] [REQUEST][END]

[1 NEW occurrence(s)]
DEBUG --> [REQ_ID=dbe156e123c9] [REQUEST][START] GET /index.php/API/Alerts/fetchEmailAlerts

[1 NEW occurrence(s)]
DEBUG --> [REQ_ID=dbe156e123c9] [FILTER_BEFORE] /index.php/API/Alerts/fetchEmailAlerts

[1 NEW occurrence(s)]
DEBUG --> [REQ_ID=dbe156e123c9] [ROUTE] Controller=\App\Modules\APIs\Controllers\AlertsAPIController Method=fetchEmailAlerts

[1 NEW occurrence(s)]
DEBUG --> [REQ_ID=dbe156e123c9] [LIFECYCLE][START] GET https://www.mymiwallet.com/index.php/API/Alerts/fetchEmailAlerts

[1 NEW occurrence(s)]
DEBUG --> [REQ_ID=dbe156e123c9] [REQUEST][END]

[1 NEW occurrence(s)]
DEBUG --> [REQ_ID=9b4ba9d318bb] [REQUEST][START] HEAD /

[1 NEW occurrence(s)]
DEBUG --> [REQ_ID=ef91bf0628b5] [REQUEST][START] HEAD /

[1 NEW occurrence(s)]
DEBUG --> [REQ_ID=415b0653991b] [REQUEST][START] HEAD /

[1 NEW occurrence(s)]
DEBUG --> [REQ_ID=232c9ea167ca] [REQUEST][START] HEAD /

[1 NEW occurrence(s)]
DEBUG --> [REQ_ID=0304f38b9c53] [REQUEST][START] HEAD /

[1 NEW occurrence(s)]
DEBUG --> [REQ_ID=c085d6e50f05] [REQUEST][START] HEAD /

[1 NEW occurrence(s)]
DEBUG --> [REQ_ID=6441536c628f] [REQUEST][START] HEAD /

[1 NEW occurrence(s)]
DEBUG --> [REQ_ID=88012892f411] [REQUEST][START] HEAD /

[1 NEW occurrence(s)]
DEBUG --> [REQ_ID=bd80585c18ad] [REQUEST][START] HEAD /

[1 NEW occurrence(s)]
DEBUG --> [REQ_ID=fc3a93e675b0] [REQUEST][START] GET /index.php/API/Management/Run-CRON-Tasks

[1 NEW occurrence(s)]
DEBUG --> [REQ_ID=fc3a93e675b0] [FILTER_BEFORE] /index.php/API/Management/Run-CRON-Tasks

[1 NEW occurrence(s)]
DEBUG --> [REQ_ID=fc3a93e675b0] [ROUTE] Controller=\App\Modules\Management\Controllers\ManagementAPIController Method=Run_CRON_Tasks

[1 NEW occurrence(s)]
DEBUG --> [REQ_ID=fc3a93e675b0] [LIFECYCLE][START] GET https://www.mymiwallet.com/index.php/API/Management/Run-CRON-Tasks

[1 NEW occurrence(s)]
DEBUG --> [REQ_ID=fc3a93e675b0] [REQUEST][END]

[1 NEW occurrence(s)]
DEBUG --> [REQ_ID=c730c6e0145a] [REQUEST][START] HEAD /

[1 NEW occurrence(s)]
DEBUG --> [REQ_ID=bc78a62b433c] [REQUEST][START] HEAD /

[1 NEW occurrence(s)]
DEBUG --> [REQ_ID=d437cbd7363a] [REQUEST][START] GET /

[1 NEW occurrence(s)]
DEBUG --> [REQ_ID=d437cbd7363a] [FILTER_BEFORE] /

[1 NEW occurrence(s)]
DEBUG --> [REQ_ID=d437cbd7363a] [ROUTE] Controller=\App\Controllers\Home Method=index

[1 NEW occurrence(s)]
DEBUG --> [REQ_ID=d437cbd7363a] [LIFECYCLE][START] GET https://www.mymiwallet.com/index.php/

[1 NEW occurrence(s)]
DEBUG --> [CSRF] token name=csrf_test_name hash=a86f8168111bf1244d100ab17ba0429a

[1 NEW occurrence(s)]
DEBUG --> [REQ_ID=49ac5a95d80f] [INIT] App\Controllers\Home::GET

[1 NEW occurrence(s)]
DEBUG --> [REQ_ID=49ac5a95d80f] [VIEW_RENDER] themes/public/home

[1 NEW occurrence(s)]
DEBUG --> [REQ_ID=d437cbd7363a] [FILTER_AFTER]

[1 NEW occurrence(s)]
DEBUG --> [REQ_ID=d437cbd7363a] [LIFECYCLE][END] status=200 duration_ms=621.23 memory_delta=4194304

[1 NEW occurrence(s)]
DEBUG --> [REQ_ID=d437cbd7363a] [REQUEST][END]

[1 NEW occurrence(s)]
DEBUG --> [REQ_ID=57b596376fb8] [REQUEST][START] HEAD /

[1 NEW occurrence(s)]
DEBUG --> [REQ_ID=9967af124c02] [REQUEST][START] GET /index.php/How-It-Works/investments

[1 NEW occurrence(s)]
DEBUG --> [REQ_ID=9967af124c02] [FILTER_BEFORE] /index.php/How-It-Works/investments

[1 NEW occurrence(s)]
DEBUG --> [REQ_ID=9967af124c02] [ROUTE] Controller=\App\Modules\Blog\Controllers\HowItWorksController Method=show

[1 NEW occurrence(s)]
DEBUG --> [REQ_ID=9967af124c02] [LIFECYCLE][START] GET https://www.mymiwallet.com/index.php/How-It-Works/investments

[1 NEW occurrence(s)]
DEBUG --> [CSRF] token name=csrf_test_name hash=2da4833dd922e0dbc8abcf538636c413

[1 NEW occurrence(s)]
DEBUG --> [REQ_ID=95dc731bf49f] [INIT] App\Modules\Blog\Controllers\HowItWorksController::GET

[1 NEW occurrence(s)]
DEBUG --> [REQ_ID=95dc731bf49f] [METHOD_ENTRY] show

[4 NEW occurrence(s)]
DEBUG --> [SERVICE] App\Services\BudgetService ::setUserId

[15 NEW occurrence(s)]
DEBUG --> MyMICoin: guest context detected; skipping user-specific preload.

[1 NEW occurrence(s)]
DEBUG --> [REQ_ID=cf92340c166a] [REQUEST][START] GET /index.php/API/Alerts/fetchEmailAlerts

[1 NEW occurrence(s)]
DEBUG --> [REQ_ID=cf92340c166a] [FILTER_BEFORE] /index.php/API/Alerts/fetchEmailAlerts

[1 NEW occurrence(s)]
DEBUG --> [REQ_ID=cf92340c166a] [ROUTE] Controller=\App\Modules\APIs\Controllers\AlertsAPIController Method=fetchEmailAlerts

[1 NEW occurrence(s)]
DEBUG --> [REQ_ID=cf92340c166a] [LIFECYCLE][START] GET https://www.mymiwallet.com/index.php/API/Alerts/fetchEmailAlerts

[1 NEW occurrence(s)]
DEBUG --> [REQ_ID=cf92340c166a] [REQUEST][END]

[1 NEW occurrence(s)]
DEBUG --> [REQ_ID=faab18061666] [REQUEST][START] HEAD /

[1 NEW occurrence(s)]
DEBUG --> [REQ_ID=10168a8e66d0] [REQUEST][START] HEAD /

[1 NEW occurrence(s)]
DEBUG --> [REQ_ID=fb261462ec3c] [REQUEST][START] HEAD /

[1 NEW occurrence(s)]
DEBUG --> [REQ_ID=a16e050afc56] [REQUEST][START] GET /index.php/Purchase/MyMIGold

[1 NEW occurrence(s)]
DEBUG --> [REQ_ID=a16e050afc56] [REQUEST][END]

[1 NEW occurrence(s)]
DEBUG --> [REQ_ID=cc9af2d6fb45] [REQUEST][START] HEAD /

[1 NEW occurrence(s)]
DEBUG --> [REQ_ID=eb33637f31c9] [REQUEST][START] HEAD /

[1 NEW occurrence(s)]
DEBUG --> [REQ_ID=485089db844c] [REQUEST][START] GET /index.php/Preview/Alert/IMNN

[1 NEW occurrence(s)]
DEBUG --> [REQ_ID=485089db844c] [FILTER_BEFORE] /index.php/Preview/Alert/IMNN

[1 NEW occurrence(s)]
DEBUG --> [REQ_ID=485089db844c] [ROUTE] Controller=\App\Modules\User\Controllers\AlertsController Method=preview

[1 NEW occurrence(s)]
DEBUG --> [REQ_ID=485089db844c] [LIFECYCLE][START] GET https://www.mymiwallet.com/index.php/Preview/Alert/IMNN

[1 NEW occurrence(s)]
DEBUG --> [CSRF] token name=csrf_test_name hash=c36f75214604ca04eed91e0a8bedca88

[1 NEW occurrence(s)]
DEBUG --> [REQ_ID=63fc8d17d8bb] [INIT] App\Modules\User\Controllers\AlertsController::GET

[1 NEW occurrence(s)]
DEBUG --> [REQ_ID=63fc8d17d8bb] [METHOD_ENTRY] preview

[2 NEW occurrence(s)]
DEBUG --> MyMIInvestments: no session user detected; skipping personalized hydration.

[1 NEW occurrence(s)]
DEBUG --> MyMIMarketing: Pscrape library not installed; Google search scraping will use fallback.

[2 NEW occurrence(s)]
DEBUG --> MyMIAlerts: no authenticated user context detected.

[1 NEW occurrence(s)]
DEBUG --> [REQ_ID=63fc8d17d8bb] [VIEW_RENDER] themes/public/previewAlert

[1 NEW occurrence(s)]
DEBUG --> [REQ_ID=485089db844c] [FILTER_AFTER]

[1 NEW occurrence(s)]
DEBUG --> [REQ_ID=485089db844c] [LIFECYCLE][END] status=200 duration_ms=569.79 memory_delta=2097152

[1 NEW occurrence(s)]
DEBUG --> [REQ_ID=485089db844c] [REQUEST][END]

[1 NEW occurrence(s)]
DEBUG --> [REQ_ID=2080f29880d1] [REQUEST][START] HEAD /

[1 NEW occurrence(s)]
DEBUG --> [REQ_ID=9def35493f14] [REQUEST][START] HEAD /

[1 NEW occurrence(s)]
DEBUG --> [REQ_ID=0c9a4054176a] [REQUEST][START] HEAD /

[1 NEW occurrence(s)]
DEBUG --> [REQ_ID=01de90ef2380] [REQUEST][START] HEAD /

[1 NEW occurrence(s)]
DEBUG --> [REQ_ID=3abf1bad8e99] [REQUEST][START] GET /index.php/API/Management/Run-CRON-Tasks

[1 NEW occurrence(s)]
DEBUG --> [REQ_ID=3abf1bad8e99] [FILTER_BEFORE] /index.php/API/Management/Run-CRON-Tasks

[1 NEW occurrence(s)]
DEBUG --> [REQ_ID=3abf1bad8e99] [ROUTE] Controller=\App\Modules\Management\Controllers\ManagementAPIController Method=Run_CRON_Tasks

[1 NEW occurrence(s)]
DEBUG --> [REQ_ID=3abf1bad8e99] [LIFECYCLE][START] GET https://www.mymiwallet.com/index.php/API/Management/Run-CRON-Tasks

[1 NEW occurrence(s)]
DEBUG --> [REQ_ID=3abf1bad8e99] [REQUEST][END]


---------------------------
LEVEL: INFO (NEW)
---------------------------

[1 NEW occurrence(s)]
INFO --> [REQ_ID=10f86f871e72] [PERF] Execution time=0.041516

[1 NEW occurrence(s)]
INFO --> [REQ_ID=b759b0950707] [PERF] Execution time=0.042273

[1 NEW occurrence(s)]
INFO --> [REQ_ID=eb51600d3785] [PERF] Execution time=0.013508

[1 NEW occurrence(s)]
INFO --> [REQ_ID=85c6b336e381] [PERF] Execution time=0.013708

[1 NEW occurrence(s)]
INFO --> [REQ_ID=ebe33d2f8b74] [PERF] Execution time=0.010565

[1 NEW occurrence(s)]
INFO --> [REQ_ID=61b764f91f8c] [PERF] Execution time=0.040877

[1 NEW occurrence(s)]
INFO --> [REQ_ID=22baf51039e0] [PERF] Execution time=0.010837

[1 NEW occurrence(s)]
INFO --> [REQ_ID=f27740703508] [PERF] Execution time=0.013038

[1 NEW occurrence(s)]
INFO --> [REQ_ID=97dc32d5f071] [PERF] Execution time=0.015383

[1 NEW occurrence(s)]
INFO --> [REQ_ID=416874b17c5e] [PERF] Execution time=0.009405

[1 NEW occurrence(s)]
INFO --> [REQ_ID=da0fafcd9397] [PERF] Execution time=0.013487

[1 NEW occurrence(s)]
INFO --> [REQ_ID=870d7fda5375] [PERF] Execution time=0.047431

[1 NEW occurrence(s)]
INFO --> [REQ_ID=ee74e540dad9] [PERF] Execution time=0.009299

[1 NEW occurrence(s)]
INFO --> [REQ_ID=b0193c918774] [PERF] Execution time=0.009827

[1 NEW occurrence(s)]
INFO --> [REQ_ID=d748c2730db9] [PERF] Execution time=0.010859

[1 NEW occurrence(s)]
INFO --> [REQ_ID=7aee2006e7b3] [PERF] Execution time=0.009393

[1 NEW occurrence(s)]
INFO --> [REQ_ID=6108c536d2cb] [PERF] Execution time=0.018528

[1 NEW occurrence(s)]
INFO --> [REQ_ID=ca9397926411] [PERF] Execution time=0.009721

[1 NEW occurrence(s)]
INFO --> [REQ_ID=9c1e05c4ee5f] [PERF] Execution time=0.009364

[1 NEW occurrence(s)]
INFO --> [REQ_ID=35248988a332] [PERF] Execution time=0.009268

[1 NEW occurrence(s)]
INFO --> [REQ_ID=b52820cbc172] [PERF] Execution time=0.009411

[1 NEW occurrence(s)]
INFO --> [REQ_ID=77612a04bdf2] [PERF] Execution time=0.009411

[1 NEW occurrence(s)]
INFO --> [REQ_ID=387767afcc77] [PERF] Execution time=0.010087

[1 NEW occurrence(s)]
INFO --> [REQ_ID=e57e3bc3ec6f] [PERF] Execution time=0.009210

[1 NEW occurrence(s)]
INFO --> [REQ_ID=da454b10a579] [PERF] Execution time=0.009450

[1 NEW occurrence(s)]
INFO --> [REQ_ID=a4d65c1ecad1] [PERF] Execution time=0.011613

[1 NEW occurrence(s)]
INFO --> [REQ_ID=621831317f37] [PERF] Execution time=0.012888

[1 NEW occurrence(s)]
INFO --> [REQ_ID=f9df4b290ca0] [PERF] Execution time=0.013855

[1 NEW occurrence(s)]
INFO --> [REQ_ID=37dc62f2e21a] [PERF] Execution time=0.010002

[1 NEW occurrence(s)]
INFO --> [REQ_ID=7887905fbb8c] [PERF] Execution time=0.010003

[1 NEW occurrence(s)]
INFO --> [REQ_ID=638b4dd252e8] [PERF] Execution time=0.012038

[1 NEW occurrence(s)]
INFO --> [REQ_ID=101defd0fea3] [PERF] Execution time=0.013114

[1 NEW occurrence(s)]
INFO --> [REQ_ID=76e3197db074] [PERF] Execution time=0.011903

[1 NEW occurrence(s)]
INFO --> [REQ_ID=87a1f0f9ce91] [PERF] Execution time=0.048001

[1 NEW occurrence(s)]
INFO --> [REQ_ID=9b1fddc8557e] [MEMORY][controller-start] 6291456

[1 NEW occurrence(s)]
INFO --> [REQ_ID=9b1fddc8557e] [MEMORY][commonData:start] 6291456

[1 NEW occurrence(s)]
INFO --> [REQ_ID=9b1fddc8557e] [MEMORY][commonData:start] 10485760

[3 NEW occurrence(s)]
INFO --> themesMemory usage: 10485760

[1 NEW occurrence(s)]
INFO --> [REQ_ID=9b1fddc8557e] [PERF] Execution time=0.595085

[1 NEW occurrence(s)]
INFO --> [REQ_ID=27eaf3a2f274] [PERF] Execution time=0.637267

[1 NEW occurrence(s)]
INFO --> [REQ_ID=a2c96e7981d7] [MEMORY][controller-start] 6291456

[1 NEW occurrence(s)]
INFO --> [REQ_ID=a2c96e7981d7] [MEMORY][commonData:start] 6291456

[1 NEW occurrence(s)]
INFO --> [REQ_ID=a2c96e7981d7] [MEMORY][commonData:start] 10485760

[1 NEW occurrence(s)]
INFO --> [REQ_ID=a2c96e7981d7] [PERF] Execution time=0.884984

[1 NEW occurrence(s)]
INFO --> [REQ_ID=02c604587f0f] [PERF] Execution time=0.928558

[1 NEW occurrence(s)]
INFO --> [REQ_ID=5f7986152d48] [PERF] Execution time=0.042599

[1 NEW occurrence(s)]
INFO --> [REQ_ID=f1c36c69dd14] [MEMORY][controller-start] 4194304

[1 NEW occurrence(s)]
INFO --> [REQ_ID=f1c36c69dd14] [MEMORY][commonData:start] 6291456

[1 NEW occurrence(s)]
INFO --> [REQ_ID=f1c36c69dd14] [MEMORY][commonData:start] 8388608

[4 NEW occurrence(s)]
INFO --> themesMemory usage: 8388608

[1 NEW occurrence(s)]
INFO --> [REQ_ID=f1c36c69dd14] [PERF] Execution time=0.644918

[1 NEW occurrence(s)]
INFO --> [REQ_ID=613ba5c41882] [PERF] Execution time=0.666043

[1 NEW occurrence(s)]
INFO --> [REQ_ID=2b4d614115de] [MEMORY][controller-start] 6291456

[1 NEW occurrence(s)]
INFO --> [REQ_ID=2b4d614115de] [MEMORY][commonData:start] 6291456

[1 NEW occurrence(s)]
INFO --> [REQ_ID=2b4d614115de] [MEMORY][commonData:start] 8388608

[1 NEW occurrence(s)]
INFO --> [REQ_ID=2b4d614115de] [PERF] Execution time=0.552744

[1 NEW occurrence(s)]
INFO --> [REQ_ID=8cce939df89a] [PERF] Execution time=0.562295

[1 NEW occurrence(s)]
INFO --> [REQ_ID=e380e1c52d74] [MEMORY][controller-start] 4194304

[1 NEW occurrence(s)]
INFO --> [REQ_ID=e380e1c52d74] [MEMORY][commonData:start] 4194304

[1 NEW occurrence(s)]
INFO --> [REQ_ID=e380e1c52d74] [MEMORY][commonData:start] 8388608

[1 NEW occurrence(s)]
INFO --> [REQ_ID=e380e1c52d74] [PERF] Execution time=0.608243

[1 NEW occurrence(s)]
INFO --> [REQ_ID=a48984b61ece] [PERF] Execution time=0.618562

[1 NEW occurrence(s)]
INFO --> [REQ_ID=e7463fc141ac] [PERF] Execution time=0.020593

[1 NEW occurrence(s)]
INFO --> [REQ_ID=a3c7b9d49469] [PERF] Execution time=0.046595

[1 NEW occurrence(s)]
INFO --> [REQ_ID=a856923d890f] [PERF] Execution time=0.033007

[1 NEW occurrence(s)]
INFO --> [REQ_ID=a591efab3f6e] [PERF] Execution time=0.056204

[1 NEW occurrence(s)]
INFO --> [REQ_ID=8398faf89081] [MEMORY][controller-start] 4194304

[1 NEW occurrence(s)]
INFO --> [REQ_ID=8398faf89081] [PERF] Execution time=0.034222

[1 NEW occurrence(s)]
INFO --> [REQ_ID=1e8c9544b5bc] [PERF] Execution time=0.049207

[1 NEW occurrence(s)]
INFO --> [REQ_ID=22503eebe573] [PERF] Execution time=0.030368

[1 NEW occurrence(s)]
INFO --> [REQ_ID=32de0181df08] [MEMORY][controller-start] 4194304

[1 NEW occurrence(s)]
INFO --> [REQ_ID=32de0181df08] [PERF] Execution time=0.182554

[1 NEW occurrence(s)]
INFO --> [REQ_ID=7584cc2bd96f] [PERF] Execution time=0.195544

[1 NEW occurrence(s)]
INFO --> [REQ_ID=dbe156e123c9] [PERF] Execution time=0.046271

[1 NEW occurrence(s)]
INFO --> [REQ_ID=fc3a93e675b0] [PERF] Execution time=0.044201

[1 NEW occurrence(s)]
INFO --> [REQ_ID=49ac5a95d80f] [MEMORY][controller-start] 6291456

[1 NEW occurrence(s)]
INFO --> [REQ_ID=49ac5a95d80f] [MEMORY][commonData:start] 6291456

[1 NEW occurrence(s)]
INFO --> [REQ_ID=49ac5a95d80f] [MEMORY][commonData:start] 10485760

[1 NEW occurrence(s)]
INFO --> [REQ_ID=49ac5a95d80f] [PERF] Execution time=0.619123

[1 NEW occurrence(s)]
INFO --> [REQ_ID=d437cbd7363a] [PERF] Execution time=0.660685

[1 NEW occurrence(s)]
INFO --> [REQ_ID=95dc731bf49f] [MEMORY][controller-start] 6291456

[1 NEW occurrence(s)]
INFO --> [REQ_ID=95dc731bf49f] [PERF] Execution time=0.118513

[1 NEW occurrence(s)]
INFO --> [REQ_ID=cf92340c166a] [PERF] Execution time=0.046091

[1 NEW occurrence(s)]
INFO --> [REQ_ID=a16e050afc56] [PERF] Execution time=0.035230

[1 NEW occurrence(s)]
INFO --> [REQ_ID=63fc8d17d8bb] [MEMORY][controller-start] 6291456

[2 NEW occurrence(s)]
INFO --> [REQ_ID=63fc8d17d8bb] [MEMORY][commonData:start] 8388608

[1 NEW occurrence(s)]
INFO --> AlertsModel L404 - Alert updated successfully for ID 9368: Array

[1 NEW occurrence(s)]
INFO --> 🔄 Trying AlphaVantage for IMNN...

[1 NEW occurrence(s)]
INFO --> ✅ Alert snapshot inserted for IMNN with trade_id 9368

[1 NEW occurrence(s)]
INFO --> [REQ_ID=63fc8d17d8bb] [PERF] Execution time=0.567751

[1 NEW occurrence(s)]
INFO --> [REQ_ID=485089db844c] [PERF] Execution time=0.613654

[1 NEW occurrence(s)]
INFO --> [spark:ops:work] Started

[1 NEW occurrence(s)]
INFO --> [SPARK_START] App\Commands\Ops\Work

[4 NEW occurrence(s)]
INFO --> [SPARK_MEMORY] 18874368

[1 NEW occurrence(s)]
INFO --> [spark:ops:work] Intent

[1 NEW occurrence(s)]
INFO --> [spark:ops:work] Completed

[1 NEW occurrence(s)]
INFO --> [SPARK_COMPLETE] App\Commands\Ops\Work duration=0.057390

[1 NEW occurrence(s)]
INFO --> [SPARK_START] App\Commands\AIOps\Run

[1 NEW occurrence(s)]
INFO --> [spark:aiops:run] Intent

[1 NEW occurrence(s)]
INFO --> [REQ_ID=3abf1bad8e99] [PERF] Execution time=0.064812

[1 NEW occurrence(s)]
INFO --> [AIOPS][SPARK][GOVERNANCE][spark:logs:summarize] Started

[1 NEW occurrence(s)]
INFO --> [SPARK_START] App\Commands\Logs\Summarize

[1 NEW occurrence(s)]
INFO --> [spark:logs:summarize] Intent


---------------------------
LEVEL: WARNING (NEW)
---------------------------

[39 NEW occurrence(s)]
WARNING --> [404] URI=https://www.mymiwallet.com/index.php/

[39 NEW occurrence(s)]
WARNING --> 404 route miss: https://www.mymiwallet.com/index.php/ | referrer: http://67.205.42.220

[3 NEW occurrence(s)]
WARNING --> MyMIWallets initialized without numeric user context.

[1 NEW occurrence(s)]
WARNING --> [404] URI=https://www.mymiwallet.com/index.php/How-It-Works/investments

[1 NEW occurrence(s)]
WARNING --> 404 route miss: https://www.mymiwallet.com/index.php/How-It-Works/investments | referrer: none


---------------------------
LEVEL: ERROR (NEW)
---------------------------

[1 NEW occurrence(s)]
ERROR --> HowItWorksController failure: investments


---------------------------
LEVEL: CRITICAL (NEW)
---------------------------

[40 NEW occurrence(s)]
CRITICAL --> CodeIgniter\Exceptions\PageNotFoundException: Page Not Found

[40 NEW occurrence(s)]
CRITICAL --> [EXCEPTION] Page Not Found File=/home/mymiteam/mymiwallet/site/current/vendor/codeigniter4/framework/system/CodeIgniter.php Line=1001


---- CONFIG LINT ----
✅ Services::cache
✅ Services::responsecache
✅ Services::session
✅ Services::email
✅ Services::logger
✅ Services::validation
✅ Services::renderer
