method,route,name,handler,global_filters,local_filters,classification,status,reason,recommended_action,handler_namespace_review,cli_route
GET,API/Ops/health-score,»,\App\Controllers\OpsHealthController::score,botBlocker requestLifecycle observability ratelimit throttle sessionRevoked,cspoff sessionTracker requestLifecycle observability jsonException toolbar,API_TOKEN,MISSING_GUARD,API route is non-public but no API token/auth/role guard was recognized.,add_or_confirm_api_token_guard,no,no
GET,API/Docs/index,»,\App\Modules\APIs\Controllers\DocsController::index,botBlocker requestLifecycle observability ratelimit throttle sessionRevoked,cspoff sessionTracker requestLifecycle observability jsonException toolbar,API_TOKEN,MISSING_GUARD,API route is non-public but no API token/auth/role guard was recognized.,add_or_confirm_api_token_guard,no,no
GET,API/Docs/view,»,\App\Modules\APIs\Controllers\DocsController::view,botBlocker requestLifecycle observability ratelimit throttle sessionRevoked,cspoff sessionTracker requestLifecycle observability jsonException toolbar,API_TOKEN,MISSING_GUARD,API route is non-public but no API token/auth/role guard was recognized.,add_or_confirm_api_token_guard,no,no
GET,API/Solana/health,»,\App\Modules\APIs\Controllers\SolanaAPIController::health,botBlocker requestLifecycle observability ratelimit throttle sessionRevoked,cspoff sessionTracker requestLifecycle observability jsonException toolbar,API_TOKEN,MISSING_GUARD,API route is non-public but no API token/auth/role guard was recognized.,add_or_confirm_api_token_guard,no,no
GET,API/Health/spark,»,\App\Modules\APIs\Controllers\HealthAPIController::spark,botBlocker requestLifecycle observability ratelimit throttle sessionRevoked,cspoff sessionTracker requestLifecycle observability jsonException toolbar,API_TOKEN,MISSING_GUARD,API route is non-public but no API token/auth/role guard was recognized.,add_or_confirm_api_token_guard,no,no
GET,API/Ops/status,»,\App\Modules\APIs\Controllers\OpsAPIController::status,botBlocker requestLifecycle observability ratelimit throttle sessionRevoked,cspoff sessionTracker requestLifecycle observability jsonException toolbar,API_TOKEN,MISSING_GUARD,API route is non-public but no API token/auth/role guard was recognized.,add_or_confirm_api_token_guard,no,no
GET,API/Ops/reports/latest,»,\App\Modules\APIs\Controllers\OpsAPIController::latestReport,botBlocker requestLifecycle observability ratelimit throttle sessionRevoked,cspoff sessionTracker requestLifecycle observability jsonException toolbar,API_TOKEN,MISSING_GUARD,API route is non-public but no API token/auth/role guard was recognized.,add_or_confirm_api_token_guard,no,no
GET,API/AiOps/status,»,\App\Modules\APIs\Controllers\AiOpsAPIController::status,botBlocker requestLifecycle observability ratelimit throttle sessionRevoked,cspoff sessionTracker requestLifecycle observability jsonException toolbar,API_TOKEN,MISSING_GUARD,API route is non-public but no API token/auth/role guard was recognized.,add_or_confirm_api_token_guard,no,no
GET,API/AIOps/health,»,\App\Modules\APIs\Controllers\AiOpsAPIController::health,botBlocker requestLifecycle observability ratelimit throttle sessionRevoked,cspoff sessionTracker requestLifecycle observability jsonException toolbar,API_TOKEN,MISSING_GUARD,API route is non-public but no API token/auth/role guard was recognized.,add_or_confirm_api_token_guard,no,no
GET,API/AIOps/cache/get,»,\App\Modules\APIs\Controllers\AiOpsAPIController::cacheGet,botBlocker requestLifecycle observability ratelimit throttle sessionRevoked,cspoff sessionTracker requestLifecycle observability jsonException toolbar,API_TOKEN,MISSING_GUARD,API route is non-public but no API token/auth/role guard was recognized.,add_or_confirm_api_token_guard,no,no
GET,API/Status/([^/]+),»,\App\Modules\APIs\Controllers\APIController::status,botBlocker requestLifecycle observability ratelimit throttle sessionRevoked,cspoff sessionTracker requestLifecycle observability jsonException toolbar,API_TOKEN,MISSING_GUARD,API route is non-public but no API token/auth/role guard was recognized.,add_or_confirm_api_token_guard,no,no
GET,API/Investments/getSymbolsByTradeType/([^/]+),»,\App\Modules\APIs\Controllers\APIController::getSymbolsByTradeType/$1,botBlocker requestLifecycle observability ratelimit throttle sessionRevoked,cspoff sessionTracker requestLifecycle observability jsonException toolbar,API_TOKEN,MISSING_GUARD,API route is non-public but no API token/auth/role guard was recognized.,add_or_confirm_api_token_guard,no,no
GET,API/Investments/getForecastDetails/([^/]+),»,\App\Modules\APIs\Controllers\InvestmentsAPIController::getForecastDetails/$1,botBlocker requestLifecycle observability ratelimit throttle sessionRevoked,cspoff sessionTracker requestLifecycle observability jsonException toolbar,API_TOKEN,MISSING_GUARD,API route is non-public but no API token/auth/role guard was recognized.,add_or_confirm_api_token_guard,no,no
GET,API/Investments/getConfidenceHeatmap,»,\App\Modules\APIs\Controllers\InvestmentsAPIController::getConfidenceHeatmap,botBlocker requestLifecycle observability ratelimit throttle sessionRevoked,cspoff sessionTracker requestLifecycle observability jsonException toolbar,API_TOKEN,MISSING_GUARD,API route is non-public but no API token/auth/role guard was recognized.,add_or_confirm_api_token_guard,no,no
GET,API/Investments/getTopConfidenceBySector,»,\App\Modules\APIs\Controllers\InvestmentsAPIController::getTopConfidenceBySector,botBlocker requestLifecycle observability ratelimit throttle sessionRevoked,cspoff sessionTracker requestLifecycle observability jsonException toolbar,API_TOKEN,MISSING_GUARD,API route is non-public but no API token/auth/role guard was recognized.,add_or_confirm_api_token_guard,no,no
GET,API/Investments/getConfidenceDistribution,»,\App\Modules\APIs\Controllers\InvestmentsAPIController::getConfidenceDistribution,botBlocker requestLifecycle observability ratelimit throttle sessionRevoked,cspoff sessionTracker requestLifecycle observability jsonException toolbar,API_TOKEN,MISSING_GUARD,API route is non-public but no API token/auth/role guard was recognized.,add_or_confirm_api_token_guard,no,no
GET,API/Investments/getForecastAccuracySummary,»,\App\Modules\APIs\Controllers\InvestmentsAPIController::getForecastAccuracySummary,botBlocker requestLifecycle observability ratelimit throttle sessionRevoked,cspoff sessionTracker requestLifecycle observability jsonException toolbar,API_TOKEN,MISSING_GUARD,API route is non-public but no API token/auth/role guard was recognized.,add_or_confirm_api_token_guard,no,no
GET,API/AI/Notes,»,\App\Modules\APIs\Controllers\AIAPIController::listNotes,botBlocker requestLifecycle observability ratelimit throttle sessionRevoked,cspoff sessionTracker requestLifecycle observability jsonException toolbar,API_TOKEN,MISSING_GUARD,API route is non-public but no API token/auth/role guard was recognized.,add_or_confirm_api_token_guard,no,no
GET,API/Discord/commandsCatalog,»,\App\Modules\APIs\Controllers\DiscordAPIController::commandsCatalog,botBlocker requestLifecycle observability ratelimit throttle sessionRevoked,cspoff sessionTracker requestLifecycle observability jsonException toolbar,API_TOKEN,MISSING_GUARD,API route is non-public but no API token/auth/role guard was recognized.,add_or_confirm_api_token_guard,no,no
GET,API/Discord/onboardingSteps,»,\App\Modules\APIs\Controllers\DiscordAPIController::onboardingSteps,botBlocker requestLifecycle observability ratelimit throttle sessionRevoked,cspoff sessionTracker requestLifecycle observability jsonException toolbar,API_TOKEN,MISSING_GUARD,API route is non-public but no API token/auth/role guard was recognized.,add_or_confirm_api_token_guard,no,no
GET,API/Discord/sharingGuide,»,\App\Modules\APIs\Controllers\DiscordAPIController::sharingGuide,botBlocker requestLifecycle observability ratelimit throttle sessionRevoked,cspoff sessionTracker requestLifecycle observability jsonException toolbar,API_TOKEN,MISSING_GUARD,API route is non-public but no API token/auth/role guard was recognized.,add_or_confirm_api_token_guard,no,no
GET,API/Discord/health,»,\App\Modules\APIs\Controllers\DiscordAPIController::health,botBlocker requestLifecycle observability ratelimit throttle sessionRevoked,cspoff sessionTracker requestLifecycle observability jsonException toolbar,API_TOKEN,MISSING_GUARD,API route is non-public but no API token/auth/role guard was recognized.,add_or_confirm_api_token_guard,no,no
GET,API/Discord/lookup/ticker,»,\App\Modules\APIs\Controllers\DiscordAPIController::tickerLookup,botBlocker requestLifecycle observability ratelimit throttle sessionRevoked,cspoff sessionTracker requestLifecycle observability jsonException toolbar,API_TOKEN,MISSING_GUARD,API route is non-public but no API token/auth/role guard was recognized.,add_or_confirm_api_token_guard,no,no
GET,API/Discord/lookup/crypto,»,\App\Modules\APIs\Controllers\DiscordAPIController::cryptoLookup,botBlocker requestLifecycle observability ratelimit throttle sessionRevoked,cspoff sessionTracker requestLifecycle observability jsonException toolbar,API_TOKEN,MISSING_GUARD,API route is non-public but no API token/auth/role guard was recognized.,add_or_confirm_api_token_guard,no,no
GET,API/Discord/lookup/quote,»,\App\Modules\APIs\Controllers\DiscordAPIController::quoteLookup,botBlocker requestLifecycle observability ratelimit throttle sessionRevoked,cspoff sessionTracker requestLifecycle observability jsonException toolbar,API_TOKEN,MISSING_GUARD,API route is non-public but no API token/auth/role guard was recognized.,add_or_confirm_api_token_guard,no,no
GET,API/Chat/me,»,\App\Modules\APIs\Controllers\ChatController::me,botBlocker requestLifecycle observability ratelimit throttle sessionRevoked,cspoff sessionTracker requestLifecycle observability jsonException toolbar,API_TOKEN,MISSING_GUARD,API route is non-public but no API token/auth/role guard was recognized.,add_or_confirm_api_token_guard,no,no
GET,API/Alerts/signals,»,\App\Modules\APIs\Controllers\AlertsAPIController::getSignals,botBlocker requestLifecycle observability ratelimit throttle sessionRevoked,cspoff sessionTracker requestLifecycle observability jsonException toolbar,API_TOKEN,MISSING_GUARD,API route is non-public but no API token/auth/role guard was recognized.,add_or_confirm_api_token_guard,no,no
GET,API/Alerts/signalFiles,»,\App\Modules\APIs\Controllers\AlertsAPIController::getSignalFiles,botBlocker requestLifecycle observability ratelimit throttle sessionRevoked,cspoff sessionTracker requestLifecycle observability jsonException toolbar,API_TOKEN,MISSING_GUARD,API route is non-public but no API token/auth/role guard was recognized.,add_or_confirm_api_token_guard,no,no
GET,API/Alerts/previewSignalFile/([0-9]+),»,\App\Modules\APIs\Controllers\AlertsAPIController::previewSignalFile/$1,botBlocker requestLifecycle observability ratelimit throttle sessionRevoked,cspoff sessionTracker requestLifecycle observability jsonException toolbar,API_TOKEN,MISSING_GUARD,API route is non-public but no API token/auth/role guard was recognized.,add_or_confirm_api_token_guard,no,no
GET,API/Alerts/addTradeAlert,»,\App\Modules\APIs\Controllers\AlertsAPIController::addTradeAlert,botBlocker requestLifecycle observability ratelimit throttle sessionRevoked,cspoff sessionTracker requestLifecycle observability jsonException toolbar,API_TOKEN,MISSING_GUARD,API route is non-public but no API token/auth/role guard was recognized.,add_or_confirm_api_token_guard,no,no
GET,API/Alerts/createTradeAlert/([^/]+),»,\App\Modules\APIs\Controllers\AlertsAPIController::addTradeAlert,botBlocker requestLifecycle observability ratelimit throttle sessionRevoked,cspoff sessionTracker requestLifecycle observability jsonException toolbar,API_TOKEN,MISSING_GUARD,API route is non-public but no API token/auth/role guard was recognized.,add_or_confirm_api_token_guard,no,no
GET,API/Alerts/createTradeAlert,»,\App\Modules\APIs\Controllers\AlertsAPIController::addTradeAlert,botBlocker requestLifecycle observability ratelimit throttle sessionRevoked,cspoff sessionTracker requestLifecycle observability jsonException toolbar,API_TOKEN,MISSING_GUARD,API route is non-public but no API token/auth/role guard was recognized.,add_or_confirm_api_token_guard,no,no
GET,API/Alerts/getFilteredAlerts,»,\App\Modules\APIs\Controllers\AlertsAPIController::getFilteredAlerts,botBlocker requestLifecycle observability ratelimit throttle sessionRevoked,cspoff sessionTracker requestLifecycle observability jsonException toolbar,API_TOKEN,MISSING_GUARD,API route is non-public but no API token/auth/role guard was recognized.,add_or_confirm_api_token_guard,no,no
GET,API/Alerts/fetchAutoGeneratedAnalysis,»,\App\Modules\APIs\Controllers\AlertsAPIController::fetchAutoGeneratedAnalysis,botBlocker requestLifecycle observability ratelimit throttle sessionRevoked,cspoff sessionTracker requestLifecycle observability jsonException toolbar,API_TOKEN,MISSING_GUARD,API route is non-public but no API token/auth/role guard was recognized.,add_or_confirm_api_token_guard,no,no
GET,API/Alerts/fetchMarketAuxNews/([^/]+),»,\App\Modules\APIs\Controllers\AlertsAPIController::fetchMarketAuxNews/$1,botBlocker requestLifecycle observability ratelimit throttle sessionRevoked,cspoff sessionTracker requestLifecycle observability jsonException toolbar,API_TOKEN,MISSING_GUARD,API route is non-public but no API token/auth/role guard was recognized.,add_or_confirm_api_token_guard,no,no
GET,API/Alerts/generateMarketingForAlert/([0-9]+),»,\App\Modules\APIs\Controllers\AlertsAPIController::generateMarketingForAlert/$1,botBlocker requestLifecycle observability ratelimit throttle sessionRevoked,cspoff sessionTracker requestLifecycle observability jsonException toolbar,API_TOKEN,MISSING_GUARD,API route is non-public but no API token/auth/role guard was recognized.,add_or_confirm_api_token_guard,no,no
GET,API/Alerts/generateNow,»,\App\Modules\APIs\Controllers\AlertsAPIController::generateNow,botBlocker requestLifecycle observability ratelimit throttle sessionRevoked,cspoff sessionTracker requestLifecycle observability jsonException toolbar,API_TOKEN,MISSING_GUARD,API route is non-public but no API token/auth/role guard was recognized.,add_or_confirm_api_token_guard,no,no
GET,API/Alerts/generateTradeAlertSummary,»,\App\Modules\APIs\Controllers\AlertsAPIController::generateTradeAlertSummary,botBlocker requestLifecycle observability ratelimit throttle sessionRevoked,cspoff sessionTracker requestLifecycle observability jsonException toolbar,API_TOKEN,MISSING_GUARD,API route is non-public but no API token/auth/role guard was recognized.,add_or_confirm_api_token_guard,no,no
GET,API/Alerts/getEmaComparison/([^/]+),»,\App\Modules\APIs\Controllers\AlertsAPIController::getEmaComparison/$1,botBlocker requestLifecycle observability ratelimit throttle sessionRevoked,cspoff sessionTracker requestLifecycle observability jsonException toolbar,API_TOKEN,MISSING_GUARD,API route is non-public but no API token/auth/role guard was recognized.,add_or_confirm_api_token_guard,no,no
GET,API/Alerts/generateAlertSocialCopy/([0-9]+),»,\App\Modules\APIs\Controllers\AlertsAPIController::generateAlertSocialCopy/$1,botBlocker requestLifecycle observability ratelimit throttle sessionRevoked,cspoff sessionTracker requestLifecycle observability jsonException toolbar,API_TOKEN,MISSING_GUARD,API route is non-public but no API token/auth/role guard was recognized.,add_or_confirm_api_token_guard,no,no
GET,API/Alerts/getFullMetrics,»,\App\Modules\APIs\Controllers\AlertsAPIController::getFullMetrics,botBlocker requestLifecycle observability ratelimit throttle sessionRevoked,cspoff sessionTracker requestLifecycle observability jsonException toolbar,API_TOKEN,MISSING_GUARD,API route is non-public but no API token/auth/role guard was recognized.,add_or_confirm_api_token_guard,no,no
GET,API/Alerts/getLatestPrices,»,\App\Modules\APIs\Controllers\AlertsAPIController::getLatestPrices,botBlocker requestLifecycle observability ratelimit throttle sessionRevoked,cspoff sessionTracker requestLifecycle observability jsonException toolbar,API_TOKEN,MISSING_GUARD,API route is non-public but no API token/auth/role guard was recognized.,add_or_confirm_api_token_guard,no,no
GET,API/Alerts/getTechnicalIndicators,»,\App\Modules\APIs\Controllers\AlertsAPIController::getTechnicalIndicators,botBlocker requestLifecycle observability ratelimit throttle sessionRevoked,cspoff sessionTracker requestLifecycle observability jsonException toolbar,API_TOKEN,MISSING_GUARD,API route is non-public but no API token/auth/role guard was recognized.,add_or_confirm_api_token_guard,no,no
GET,API/Alerts/hideTradeAlert,»,\App\Modules\APIs\Controllers\AlertsAPIController::hideTradeAlert,botBlocker requestLifecycle observability ratelimit throttle sessionRevoked,cspoff sessionTracker requestLifecycle observability jsonException toolbar,API_TOKEN,MISSING_GUARD,API route is non-public but no API token/auth/role guard was recognized.,add_or_confirm_api_token_guard,no,no
GET,API/Alerts/manageTradeAlert,»,\App\Modules\APIs\Controllers\AlertsAPIController::manageTradeAlert,botBlocker requestLifecycle observability ratelimit throttle sessionRevoked,cspoff sessionTracker requestLifecycle observability jsonException toolbar,API_TOKEN,MISSING_GUARD,API route is non-public but no API token/auth/role guard was recognized.,add_or_confirm_api_token_guard,no,no
GET,API/Alerts/markAlertAsSentAndSendEmail/([^/]+),»,\App\Modules\APIs\Controllers\AlertsAPIController::markAlertAsSentAndSendEmail/$1,botBlocker requestLifecycle observability ratelimit throttle sessionRevoked,cspoff sessionTracker requestLifecycle observability jsonException toolbar,API_TOKEN,MISSING_GUARD,API route is non-public but no API token/auth/role guard was recognized.,add_or_confirm_api_token_guard,no,no
GET,API/Alerts/processAlerts,»,\App\Modules\APIs\Controllers\AlertsAPIController::processAlerts,botBlocker requestLifecycle observability ratelimit throttle sessionRevoked,cspoff sessionTracker requestLifecycle observability jsonException toolbar,API_TOKEN,MISSING_GUARD,API route is non-public but no API token/auth/role guard was recognized.,add_or_confirm_api_token_guard,no,no
GET,API/Alerts/processEmailAlerts,»,\App\Modules\APIs\Controllers\AlertsAPIController::processEmailAlerts,botBlocker requestLifecycle observability ratelimit throttle sessionRevoked,cspoff sessionTracker requestLifecycle observability jsonException toolbar,API_TOKEN,MISSING_GUARD,API route is non-public but no API token/auth/role guard was recognized.,add_or_confirm_api_token_guard,no,no
GET,API/Alerts/processTradeAlerts,»,\App\Modules\APIs\Controllers\AlertsAPIController::processTradeAlerts,botBlocker requestLifecycle observability ratelimit throttle sessionRevoked,cspoff sessionTracker requestLifecycle observability jsonException toolbar,API_TOKEN,MISSING_GUARD,API route is non-public but no API token/auth/role guard was recognized.,add_or_confirm_api_token_guard,no,no
GET,API/Alerts/processTradeBatch,»,\App\Modules\APIs\Controllers\AlertsAPIController::processTradeBatch,botBlocker requestLifecycle observability ratelimit throttle sessionRevoked,cspoff sessionTracker requestLifecycle observability jsonException toolbar,API_TOKEN,MISSING_GUARD,API route is non-public but no API token/auth/role guard was recognized.,add_or_confirm_api_token_guard,no,no
GET,API/Alerts/sendAlert,»,\App\Modules\APIs\Controllers\AlertsAPIController::sendAlert,botBlocker requestLifecycle observability ratelimit throttle sessionRevoked,cspoff sessionTracker requestLifecycle observability jsonException toolbar,API_TOKEN,MISSING_GUARD,API route is non-public but no API token/auth/role guard was recognized.,add_or_confirm_api_token_guard,no,no
GET,API/Alerts/storeMarketingContent,»,\App\Modules\APIs\Controllers\AlertsAPIController::storeMarketingContent,botBlocker requestLifecycle observability ratelimit throttle sessionRevoked,cspoff sessionTracker requestLifecycle observability jsonException toolbar,API_TOKEN,MISSING_GUARD,API route is non-public but no API token/auth/role guard was recognized.,add_or_confirm_api_token_guard,no,no
GET,API/Alerts/updateBatchPrices,»,\App\Modules\APIs\Controllers\AlertsAPIController::updateBatchPrices,botBlocker requestLifecycle observability ratelimit throttle sessionRevoked,cspoff sessionTracker requestLifecycle observability jsonException toolbar,API_TOKEN,MISSING_GUARD,API route is non-public but no API token/auth/role guard was recognized.,add_or_confirm_api_token_guard,no,no
GET,API/Alerts/updateChartOverride,»,\App\Modules\APIs\Controllers\AlertsAPIController::updateChartOverride,botBlocker requestLifecycle observability ratelimit throttle sessionRevoked,cspoff sessionTracker requestLifecycle observability jsonException toolbar,API_TOKEN,MISSING_GUARD,API route is non-public but no API token/auth/role guard was recognized.,add_or_confirm_api_token_guard,no,no
GET,API/Alerts/updateExchange,»,\App\Modules\APIs\Controllers\AlertsAPIController::updateExchange,botBlocker requestLifecycle observability ratelimit throttle sessionRevoked,cspoff sessionTracker requestLifecycle observability jsonException toolbar,API_TOKEN,MISSING_GUARD,API route is non-public but no API token/auth/role guard was recognized.,add_or_confirm_api_token_guard,no,no
GET,API/Alerts/updateStatus/([0-9]+)/(.*),»,\App\Modules\APIs\Controllers\AlertsAPIController::updateStatus/$1/$2,botBlocker requestLifecycle observability ratelimit throttle sessionRevoked,cspoff sessionTracker requestLifecycle observability jsonException toolbar,API_TOKEN,MISSING_GUARD,API route is non-public but no API token/auth/role guard was recognized.,add_or_confirm_api_token_guard,no,no
GET,API/Alerts/updateTradeAlerts,»,\App\Modules\APIs\Controllers\AlertsAPIController::updateTradeAlerts,botBlocker requestLifecycle observability ratelimit throttle sessionRevoked,cspoff sessionTracker requestLifecycle observability jsonException toolbar,API_TOKEN,MISSING_GUARD,API route is non-public but no API token/auth/role guard was recognized.,add_or_confirm_api_token_guard,no,no
GET,API/Alerts/submitTradeAlert,»,\App\Modules\APIs\Controllers\AlertsAPIController::submitTradeAlert,botBlocker requestLifecycle observability ratelimit throttle sessionRevoked,cspoff sessionTracker requestLifecycle observability jsonException toolbar,API_TOKEN,MISSING_GUARD,API route is non-public but no API token/auth/role guard was recognized.,add_or_confirm_api_token_guard,no,no
GET,API/Alerts/getTradeAlertDetails,»,\App\Modules\APIs\Controllers\AlertsAPIController::getTradeAlertDetails,botBlocker requestLifecycle observability ratelimit throttle sessionRevoked,cspoff sessionTracker requestLifecycle observability jsonException toolbar,API_TOKEN,MISSING_GUARD,API route is non-public but no API token/auth/role guard was recognized.,add_or_confirm_api_token_guard,no,no
GET,API/Alerts/generateVoiceoverScript,»,\App\Modules\APIs\Controllers\AlertsAPIController::generateVoiceoverScript,botBlocker requestLifecycle observability ratelimit throttle sessionRevoked,cspoff sessionTracker requestLifecycle observability jsonException toolbar,API_TOKEN,MISSING_GUARD,API route is non-public but no API token/auth/role guard was recognized.,add_or_confirm_api_token_guard,no,no
GET,API/Alerts/generateVoiceoverAndMarketingContent,»,\App\Modules\APIs\Controllers\AlertsAPIController::generateVoiceoverAndMarketingContent,botBlocker requestLifecycle observability ratelimit throttle sessionRevoked,cspoff sessionTracker requestLifecycle observability jsonException toolbar,API_TOKEN,MISSING_GUARD,API route is non-public but no API token/auth/role guard was recognized.,add_or_confirm_api_token_guard,no,no
GET,API/Alerts/generateAndStoreVoiceover,»,\App\Modules\APIs\Controllers\AlertsAPIController::generateAndStoreVoiceover,botBlocker requestLifecycle observability ratelimit throttle sessionRevoked,cspoff sessionTracker requestLifecycle observability jsonException toolbar,API_TOKEN,MISSING_GUARD,API route is non-public but no API token/auth/role guard was recognized.,add_or_confirm_api_token_guard,no,no
GET,API/Alerts/generateSocialMediaPosts,»,\App\Modules\APIs\Controllers\AlertsAPIController::generateSocialMediaPosts,botBlocker requestLifecycle observability ratelimit throttle sessionRevoked,cspoff sessionTracker requestLifecycle observability jsonException toolbar,API_TOKEN,MISSING_GUARD,API route is non-public but no API token/auth/role guard was recognized.,add_or_confirm_api_token_guard,no,no
GET,API/Alerts/postMarketingContentToSocials,»,\App\Modules\APIs\Controllers\AlertsAPIController::postMarketingContentToSocials,botBlocker requestLifecycle observability ratelimit throttle sessionRevoked,cspoff sessionTracker requestLifecycle observability jsonException toolbar,API_TOKEN,MISSING_GUARD,API route is non-public but no API token/auth/role guard was recognized.,add_or_confirm_api_token_guard,no,no
GET,API/Alerts/gen-keys,»,\App\Modules\APIs\Controllers\AlertsAPIController::genKeys,botBlocker requestLifecycle observability ratelimit throttle sessionRevoked,cspoff sessionTracker requestLifecycle observability jsonException toolbar,API_TOKEN,MISSING_GUARD,API route is non-public but no API token/auth/role guard was recognized.,add_or_confirm_api_token_guard,no,no
GET,API/Alerts/sign,»,\App\Modules\APIs\Controllers\AlertsAPIController::sign,botBlocker requestLifecycle observability ratelimit throttle sessionRevoked,cspoff sessionTracker requestLifecycle observability jsonException toolbar,API_TOKEN,MISSING_GUARD,API route is non-public but no API token/auth/role guard was recognized.,add_or_confirm_api_token_guard,no,no
GET,API/Broker/summary,»,\App\Modules\APIs\Controllers\BrokerAPIController::summary,botBlocker requestLifecycle observability ratelimit throttle sessionRevoked,cspoff sessionTracker requestLifecycle observability jsonException toolbar,API_TOKEN,MISSING_GUARD,API route is non-public but no API token/auth/role guard was recognized.,add_or_confirm_api_token_guard,no,no
GET,API/Broker/credit,»,\App\Modules\APIs\Controllers\BrokerAPIController::credit,botBlocker requestLifecycle observability ratelimit throttle sessionRevoked,cspoff sessionTracker requestLifecycle observability jsonException toolbar,API_TOKEN,MISSING_GUARD,API route is non-public but no API token/auth/role guard was recognized.,add_or_confirm_api_token_guard,no,no
GET,API/Broker/available,»,\App\Modules\APIs\Controllers\BrokerAPIController::available,botBlocker requestLifecycle observability ratelimit throttle sessionRevoked,cspoff sessionTracker requestLifecycle observability jsonException toolbar,API_TOKEN,MISSING_GUARD,API route is non-public but no API token/auth/role guard was recognized.,add_or_confirm_api_token_guard,no,no
GET,API/Broker/repayment,»,\App\Modules\APIs\Controllers\BrokerAPIController::repayment,botBlocker requestLifecycle observability ratelimit throttle sessionRevoked,cspoff sessionTracker requestLifecycle observability jsonException toolbar,API_TOKEN,MISSING_GUARD,API route is non-public but no API token/auth/role guard was recognized.,add_or_confirm_api_token_guard,no,no
GET,API/Broker/categories,»,\App\Modules\APIs\Controllers\BrokerAPIController::categories,botBlocker requestLifecycle observability ratelimit throttle sessionRevoked,cspoff sessionTracker requestLifecycle observability jsonException toolbar,API_TOKEN,MISSING_GUARD,API route is non-public but no API token/auth/role guard was recognized.,add_or_confirm_api_token_guard,no,no
GET,API/Broker/transactions,»,\App\Modules\APIs\Controllers\BrokerAPIController::transactions,botBlocker requestLifecycle observability ratelimit throttle sessionRevoked,cspoff sessionTracker requestLifecycle observability jsonException toolbar,API_TOKEN,MISSING_GUARD,API route is non-public but no API token/auth/role guard was recognized.,add_or_confirm_api_token_guard,no,no
GET,API/Broker/goals,»,\App\Modules\APIs\Controllers\BrokerAPIController::goals,botBlocker requestLifecycle observability ratelimit throttle sessionRevoked,cspoff sessionTracker requestLifecycle observability jsonException toolbar,API_TOKEN,MISSING_GUARD,API route is non-public but no API token/auth/role guard was recognized.,add_or_confirm_api_token_guard,no,no
GET,API/Broker/insights,»,\App\Modules\APIs\Controllers\BrokerAPIController::insights,botBlocker requestLifecycle observability ratelimit throttle sessionRevoked,cspoff sessionTracker requestLifecycle observability jsonException toolbar,API_TOKEN,MISSING_GUARD,API route is non-public but no API token/auth/role guard was recognized.,add_or_confirm_api_token_guard,no,no
GET,API/Broker/trends,»,\App\Modules\APIs\Controllers\BudgetController::trends,botBlocker requestLifecycle observability ratelimit throttle sessionRevoked,cspoff sessionTracker requestLifecycle observability jsonException toolbar,API_TOKEN,MISSING_GUARD,API route is non-public but no API token/auth/role guard was recognized.,add_or_confirm_api_token_guard,no,no
GET,API/Broker/net-worth,»,\App\Modules\APIs\Controllers\BudgetController::netWorth,botBlocker requestLifecycle observability ratelimit throttle sessionRevoked,cspoff sessionTracker requestLifecycle observability jsonException toolbar,API_TOKEN,MISSING_GUARD,API route is non-public but no API token/auth/role guard was recognized.,add_or_confirm_api_token_guard,no,no
GET,API/Broker/cash-flow,»,\App\Modules\APIs\Controllers\BudgetController::cashFlow,botBlocker requestLifecycle observability ratelimit throttle sessionRevoked,cspoff sessionTracker requestLifecycle observability jsonException toolbar,API_TOKEN,MISSING_GUARD,API route is non-public but no API token/auth/role guard was recognized.,add_or_confirm_api_token_guard,no,no
GET,API/Broker/budgets,»,\App\Modules\APIs\Controllers\BudgetController::budgets,botBlocker requestLifecycle observability ratelimit throttle sessionRevoked,cspoff sessionTracker requestLifecycle observability jsonException toolbar,API_TOKEN,MISSING_GUARD,API route is non-public but no API token/auth/role guard was recognized.,add_or_confirm_api_token_guard,no,no
GET,API/Broker/savings-goals,»,\App\Modules\APIs\Controllers\BrokerAPIController::savingsGoals,botBlocker requestLifecycle observability ratelimit throttle sessionRevoked,cspoff sessionTracker requestLifecycle observability jsonException toolbar,API_TOKEN,MISSING_GUARD,API route is non-public but no API token/auth/role guard was recognized.,add_or_confirm_api_token_guard,no,no
GET,API/Broker/investment-accounts,»,\App\Modules\APIs\Controllers\BrokerAPIController::investmentAccounts,botBlocker requestLifecycle observability ratelimit throttle sessionRevoked,cspoff sessionTracker requestLifecycle observability jsonException toolbar,API_TOKEN,MISSING_GUARD,API route is non-public but no API token/auth/role guard was recognized.,add_or_confirm_api_token_guard,no,no
GET,API/Broker/linked-accounts,»,\App\Modules\APIs\Controllers\BrokerAPIController::linkedAccounts,botBlocker requestLifecycle observability ratelimit throttle sessionRevoked,cspoff sessionTracker requestLifecycle observability jsonException toolbar,API_TOKEN,MISSING_GUARD,API route is non-public but no API token/auth/role guard was recognized.,add_or_confirm_api_token_guard,no,no
GET,API/Broker/add-linked-account,»,\App\Modules\APIs\Controllers\BrokerAPIController::addLinkedAccount,botBlocker requestLifecycle observability ratelimit throttle sessionRevoked,cspoff sessionTracker requestLifecycle observability jsonException toolbar,API_TOKEN,MISSING_GUARD,API route is non-public but no API token/auth/role guard was recognized.,add_or_confirm_api_token_guard,no,no
GET,API/Broker/remove-linked-account/([^/]+),»,\App\Modules\APIs\Controllers\BrokerAPIController::removeLinkedAccount/$1,botBlocker requestLifecycle observability ratelimit throttle sessionRevoked,cspoff sessionTracker requestLifecycle observability jsonException toolbar,API_TOKEN,MISSING_GUARD,API route is non-public but no API token/auth/role guard was recognized.,add_or_confirm_api_token_guard,no,no
GET,API/Broker/refresh-linked-account/([^/]+),»,\App\Modules\APIs\Controllers\BrokerAPIController::refreshLinkedAccount/$1,botBlocker requestLifecycle observability ratelimit throttle sessionRevoked,cspoff sessionTracker requestLifecycle observability jsonException toolbar,API_TOKEN,MISSING_GUARD,API route is non-public but no API token/auth/role guard was recognized.,add_or_confirm_api_token_guard,no,no
GET,API/Broker/fetchPlaidLinkToken/([^/]+),»,\App\Modules\APIs\Controllers\BrokerAPIController::fetchPlaidLinkToken/$1,botBlocker requestLifecycle observability ratelimit throttle sessionRevoked,cspoff sessionTracker requestLifecycle observability jsonException toolbar,API_TOKEN,MISSING_GUARD,API route is non-public but no API token/auth/role guard was recognized.,add_or_confirm_api_token_guard,no,no
GET,API/Broker/fetchPlaidLinkToken,»,\App\Modules\APIs\Controllers\BrokerAPIController::fetchPlaidLinkToken,botBlocker requestLifecycle observability ratelimit throttle sessionRevoked,cspoff sessionTracker requestLifecycle observability jsonException toolbar,API_TOKEN,MISSING_GUARD,API route is non-public but no API token/auth/role guard was recognized.,add_or_confirm_api_token_guard,no,no
GET,API/Broker/unlinkPlaidAccount/([^/]+),»,\App\Modules\APIs\Controllers\BrokerAPIController::unlinkPlaidAccount/$1,botBlocker requestLifecycle observability ratelimit throttle sessionRevoked,cspoff sessionTracker requestLifecycle observability jsonException toolbar,API_TOKEN,MISSING_GUARD,API route is non-public but no API token/auth/role guard was recognized.,add_or_confirm_api_token_guard,no,no
GET,API/Broker/refreshPlaidAccount/([^/]+),»,\App\Modules\APIs\Controllers\BrokerAPIController::refreshPlaidAccount/$1,botBlocker requestLifecycle observability ratelimit throttle sessionRevoked,cspoff sessionTracker requestLifecycle observability jsonException toolbar,API_TOKEN,MISSING_GUARD,API route is non-public but no API token/auth/role guard was recognized.,add_or_confirm_api_token_guard,no,no
GET,API/Broker/fetchPlaidAccounts/([^/]+),»,\App\Modules\APIs\Controllers\BrokerAPIController::fetchPlaidAccounts/$1,botBlocker requestLifecycle observability ratelimit throttle sessionRevoked,cspoff sessionTracker requestLifecycle observability jsonException toolbar,API_TOKEN,MISSING_GUARD,API route is non-public but no API token/auth/role guard was recognized.,add_or_confirm_api_token_guard,no,no
GET,API/Broker/fetchPlaidAccounts,»,\App\Modules\APIs\Controllers\BrokerAPIController::fetchPlaidAccounts,botBlocker requestLifecycle observability ratelimit throttle sessionRevoked,cspoff sessionTracker requestLifecycle observability jsonException toolbar,API_TOKEN,MISSING_GUARD,API route is non-public but no API token/auth/role guard was recognized.,add_or_confirm_api_token_guard,no,no
GET,API/Broker/fetchPlaidTransactions/([^/]+),»,\App\Modules\APIs\Controllers\BrokerAPIController::fetchPlaidTransactions/$1,botBlocker requestLifecycle observability ratelimit throttle sessionRevoked,cspoff sessionTracker requestLifecycle observability jsonException toolbar,API_TOKEN,MISSING_GUARD,API route is non-public but no API token/auth/role guard was recognized.,add_or_confirm_api_token_guard,no,no
GET,API/Broker/fetchPlaidTransactions,»,\App\Modules\APIs\Controllers\BrokerAPIController::fetchPlaidTransactions,botBlocker requestLifecycle observability ratelimit throttle sessionRevoked,cspoff sessionTracker requestLifecycle observability jsonException toolbar,API_TOKEN,MISSING_GUARD,API route is non-public but no API token/auth/role guard was recognized.,add_or_confirm_api_token_guard,no,no
GET,API/Broker/fetchPlaidBalances/([^/]+),»,\App\Modules\APIs\Controllers\BrokerAPIController::fetchPlaidBalances/$1,botBlocker requestLifecycle observability ratelimit throttle sessionRevoked,cspoff sessionTracker requestLifecycle observability jsonException toolbar,API_TOKEN,MISSING_GUARD,API route is non-public but no API token/auth/role guard was recognized.,add_or_confirm_api_token_guard,no,no
GET,API/Broker/fetchPlaidBalances,»,\App\Modules\APIs\Controllers\BrokerAPIController::fetchPlaidBalances,botBlocker requestLifecycle observability ratelimit throttle sessionRevoked,cspoff sessionTracker requestLifecycle observability jsonException toolbar,API_TOKEN,MISSING_GUARD,API route is non-public but no API token/auth/role guard was recognized.,add_or_confirm_api_token_guard,no,no
GET,API/Broker/fetchPlaidIncome/([^/]+),»,\App\Modules\APIs\Controllers\BrokerAPIController::fetchPlaidIncome/$1,botBlocker requestLifecycle observability ratelimit throttle sessionRevoked,cspoff sessionTracker requestLifecycle observability jsonException toolbar,API_TOKEN,MISSING_GUARD,API route is non-public but no API token/auth/role guard was recognized.,add_or_confirm_api_token_guard,no,no
GET,API/Broker/fetchPlaidIncome,»,\App\Modules\APIs\Controllers\BrokerAPIController::fetchPlaidIncome,botBlocker requestLifecycle observability ratelimit throttle sessionRevoked,cspoff sessionTracker requestLifecycle observability jsonException toolbar,API_TOKEN,MISSING_GUARD,API route is non-public but no API token/auth/role guard was recognized.,add_or_confirm_api_token_guard,no,no
GET,API/Broker/fetchPlaidLiabilities/([^/]+),»,\App\Modules\APIs\Controllers\BrokerAPIController::fetchPlaidLiabilities/$1,botBlocker requestLifecycle observability ratelimit throttle sessionRevoked,cspoff sessionTracker requestLifecycle observability jsonException toolbar,API_TOKEN,MISSING_GUARD,API route is non-public but no API token/auth/role guard was recognized.,add_or_confirm_api_token_guard,no,no
GET,API/Broker/fetchPlaidLiabilities,»,\App\Modules\APIs\Controllers\BrokerAPIController::fetchPlaidLiabilities,botBlocker requestLifecycle observability ratelimit throttle sessionRevoked,cspoff sessionTracker requestLifecycle observability jsonException toolbar,API_TOKEN,MISSING_GUARD,API route is non-public but no API token/auth/role guard was recognized.,add_or_confirm_api_token_guard,no,no
GET,API/Broker/fetchPlaidIdentity/([^/]+),»,\App\Modules\APIs\Controllers\BrokerAPIController::fetchPlaidIdentity/$1,botBlocker requestLifecycle observability ratelimit throttle sessionRevoked,cspoff sessionTracker requestLifecycle observability jsonException toolbar,API_TOKEN,MISSING_GUARD,API route is non-public but no API token/auth/role guard was recognized.,add_or_confirm_api_token_guard,no,no
GET,API/Broker/fetchPlaidIdentity,»,\App\Modules\APIs\Controllers\BrokerAPIController::fetchPlaidIdentity,botBlocker requestLifecycle observability ratelimit throttle sessionRevoked,cspoff sessionTracker requestLifecycle observability jsonException toolbar,API_TOKEN,MISSING_GUARD,API route is non-public but no API token/auth/role guard was recognized.,add_or_confirm_api_token_guard,no,no
GET,API/Broker/fetchPlaidInvestments/([^/]+),»,\App\Modules\APIs\Controllers\BrokerAPIController::fetchPlaidInvestments/$1,botBlocker requestLifecycle observability ratelimit throttle sessionRevoked,cspoff sessionTracker requestLifecycle observability jsonException toolbar,API_TOKEN,MISSING_GUARD,API route is non-public but no API token/auth/role guard was recognized.,add_or_confirm_api_token_guard,no,no
GET,API/Broker/fetchPlaidInvestments,»,\App\Modules\APIs\Controllers\BrokerAPIController::fetchPlaidInvestments,botBlocker requestLifecycle observability ratelimit throttle sessionRevoked,cspoff sessionTracker requestLifecycle observability jsonException toolbar,API_TOKEN,MISSING_GUARD,API route is non-public but no API token/auth/role guard was recognized.,add_or_confirm_api_token_guard,no,no
GET,API/Broker/fetchPlaidHoldings/([^/]+),»,\App\Modules\APIs\Controllers\BrokerAPIController::fetchPlaidHoldings/$1,botBlocker requestLifecycle observability ratelimit throttle sessionRevoked,cspoff sessionTracker requestLifecycle observability jsonException toolbar,API_TOKEN,MISSING_GUARD,API route is non-public but no API token/auth/role guard was recognized.,add_or_confirm_api_token_guard,no,no
GET,API/Broker/fetchPlaidHoldings,»,\App\Modules\APIs\Controllers\BrokerAPIController::fetchPlaidHoldings,botBlocker requestLifecycle observability ratelimit throttle sessionRevoked,cspoff sessionTracker requestLifecycle observability jsonException toolbar,API_TOKEN,MISSING_GUARD,API route is non-public but no API token/auth/role guard was recognized.,add_or_confirm_api_token_guard,no,no
GET,API/Broker/fetchRobinhoodAccounts,»,\App\Modules\APIs\Controllers\BrokerAPIController::fetchRobinhoodAccounts,botBlocker requestLifecycle observability ratelimit throttle sessionRevoked,cspoff sessionTracker requestLifecycle observability jsonException toolbar,API_TOKEN,MISSING_GUARD,API route is non-public but no API token/auth/role guard was recognized.,add_or_confirm_api_token_guard,no,no
GET,API/Broker/fetchRobinhoodAccountDetails/([^/]+),»,\App\Modules\APIs\Controllers\BrokerAPIController::fetchRobinhoodAccountDetails/$1,botBlocker requestLifecycle observability ratelimit throttle sessionRevoked,cspoff sessionTracker requestLifecycle observability jsonException toolbar,API_TOKEN,MISSING_GUARD,API route is non-public but no API token/auth/role guard was recognized.,add_or_confirm_api_token_guard,no,no
GET,API/Broker/fetchRobinhoodPositions/([^/]+),»,\App\Modules\APIs\Controllers\BrokerAPIController::fetchRobinhoodPositions/$1,botBlocker requestLifecycle observability ratelimit throttle sessionRevoked,cspoff sessionTracker requestLifecycle observability jsonException toolbar,API_TOKEN,MISSING_GUARD,API route is non-public but no API token/auth/role guard was recognized.,add_or_confirm_api_token_guard,no,no
GET,API/Broker/fetchRobinhoodPositions,»,\App\Modules\APIs\Controllers\BrokerAPIController::fetchRobinhoodPositions,botBlocker requestLifecycle observability ratelimit throttle sessionRevoked,cspoff sessionTracker requestLifecycle observability jsonException toolbar,API_TOKEN,MISSING_GUARD,API route is non-public but no API token/auth/role guard was recognized.,add_or_confirm_api_token_guard,no,no
GET,API/Broker/fetchRobinhoodPortfolio/([^/]+),»,\App\Modules\APIs\Controllers\BrokerAPIController::fetchRobinhoodPortfolio/$1,botBlocker requestLifecycle observability ratelimit throttle sessionRevoked,cspoff sessionTracker requestLifecycle observability jsonException toolbar,API_TOKEN,MISSING_GUARD,API route is non-public but no API token/auth/role guard was recognized.,add_or_confirm_api_token_guard,no,no
GET,API/Broker/fetchRobinhoodPortfolio,»,\App\Modules\APIs\Controllers\BrokerAPIController::fetchRobinhoodPortfolio,botBlocker requestLifecycle observability ratelimit throttle sessionRevoked,cspoff sessionTracker requestLifecycle observability jsonException toolbar,API_TOKEN,MISSING_GUARD,API route is non-public but no API token/auth/role guard was recognized.,add_or_confirm_api_token_guard,no,no
GET,API/Broker/fetchRobinhoodWatchlists/([^/]+),»,\App\Modules\APIs\Controllers\BrokerAPIController::fetchRobinhoodWatchlists/$1,botBlocker requestLifecycle observability ratelimit throttle sessionRevoked,cspoff sessionTracker requestLifecycle observability jsonException toolbar,API_TOKEN,MISSING_GUARD,API route is non-public but no API token/auth/role guard was recognized.,add_or_confirm_api_token_guard,no,no
GET,API/Broker/fetchRobinhoodWatchlists,»,\App\Modules\APIs\Controllers\BrokerAPIController::fetchRobinhoodWatchlists,botBlocker requestLifecycle observability ratelimit throttle sessionRevoked,cspoff sessionTracker requestLifecycle observability jsonException toolbar,API_TOKEN,MISSING_GUARD,API route is non-public but no API token/auth/role guard was recognized.,add_or_confirm_api_token_guard,no,no
GET,API/Broker/fetchRobinhoodOrders/([^/]+),»,\App\Modules\APIs\Controllers\BrokerAPIController::fetchRobinhoodOrders/$1,botBlocker requestLifecycle observability ratelimit throttle sessionRevoked,cspoff sessionTracker requestLifecycle observability jsonException toolbar,API_TOKEN,MISSING_GUARD,API route is non-public but no API token/auth/role guard was recognized.,add_or_confirm_api_token_guard,no,no
GET,API/Broker/fetchRobinhoodOrders,»,\App\Modules\APIs\Controllers\BrokerAPIController::fetchRobinhoodOrders,botBlocker requestLifecycle observability ratelimit throttle sessionRevoked,cspoff sessionTracker requestLifecycle observability jsonException toolbar,API_TOKEN,MISSING_GUARD,API route is non-public but no API token/auth/role guard was recognized.,add_or_confirm_api_token_guard,no,no
GET,API/Broker/fetchRobinhoodOrderDetails/([^/]+),»,\App\Modules\APIs\Controllers\BrokerAPIController::fetchRobinhoodOrderDetails/$1,botBlocker requestLifecycle observability ratelimit throttle sessionRevoked,cspoff sessionTracker requestLifecycle observability jsonException toolbar,API_TOKEN,MISSING_GUARD,API route is non-public but no API token/auth/role guard was recognized.,add_or_confirm_api_token_guard,no,no
GET,API/Broker/fetchRobinhoodOrderDetails,»,\App\Modules\APIs\Controllers\BrokerAPIController::fetchRobinhoodOrderDetails,botBlocker requestLifecycle observability ratelimit throttle sessionRevoked,cspoff sessionTracker requestLifecycle observability jsonException toolbar,API_TOKEN,MISSING_GUARD,API route is non-public but no API token/auth/role guard was recognized.,add_or_confirm_api_token_guard,no,no
GET,API/Broker/fetchRobinhoodInstruments/([^/]+),»,\App\Modules\APIs\Controllers\BrokerAPIController::fetchRobinhoodInstruments/$1,botBlocker requestLifecycle observability ratelimit throttle sessionRevoked,cspoff sessionTracker requestLifecycle observability jsonException toolbar,API_TOKEN,MISSING_GUARD,API route is non-public but no API token/auth/role guard was recognized.,add_or_confirm_api_token_guard,no,no
GET,API/Broker/fetchRobinhoodInstruments,»,\App\Modules\APIs\Controllers\BrokerAPIController::fetchRobinhoodInstruments,botBlocker requestLifecycle observability ratelimit throttle sessionRevoked,cspoff sessionTracker requestLifecycle observability jsonException toolbar,API_TOKEN,MISSING_GUARD,API route is non-public but no API token/auth/role guard was recognized.,add_or_confirm_api_token_guard,no,no
GET,API/Broker/fetchRobinhoodQuotes/([^/]+),»,\App\Modules\APIs\Controllers\BrokerAPIController::fetchRobinhoodQuotes/$1,botBlocker requestLifecycle observability ratelimit throttle sessionRevoked,cspoff sessionTracker requestLifecycle observability jsonException toolbar,API_TOKEN,MISSING_GUARD,API route is non-public but no API token/auth/role guard was recognized.,add_or_confirm_api_token_guard,no,no
GET,API/Broker/fetchRobinhoodQuotes,»,\App\Modules\APIs\Controllers\BrokerAPIController::fetchRobinhoodQuotes,botBlocker requestLifecycle observability ratelimit throttle sessionRevoked,cspoff sessionTracker requestLifecycle observability jsonException toolbar,API_TOKEN,MISSING_GUARD,API route is non-public but no API token/auth/role guard was recognized.,add_or_confirm_api_token_guard,no,no
GET,API/Broker/fetchRobinhoodDividends/([^/]+),»,\App\Modules\APIs\Controllers\BrokerAPIController::fetchRobinhoodDividends/$1,botBlocker requestLifecycle observability ratelimit throttle sessionRevoked,cspoff sessionTracker requestLifecycle observability jsonException toolbar,API_TOKEN,MISSING_GUARD,API route is non-public but no API token/auth/role guard was recognized.,add_or_confirm_api_token_guard,no,no
GET,API/Broker/fetchRobinhoodDividends,»,\App\Modules\APIs\Controllers\BrokerAPIController::fetchRobinhoodDividends,botBlocker requestLifecycle observability ratelimit throttle sessionRevoked,cspoff sessionTracker requestLifecycle observability jsonException toolbar,API_TOKEN,MISSING_GUARD,API route is non-public but no API token/auth/role guard was recognized.,add_or_confirm_api_token_guard,no,no
GET,API/Broker/fetchRobinhoodTransfers/([^/]+),»,\App\Modules\APIs\Controllers\BrokerAPIController::fetchRobinhoodTransfers/$1,botBlocker requestLifecycle observability ratelimit throttle sessionRevoked,cspoff sessionTracker requestLifecycle observability jsonException toolbar,API_TOKEN,MISSING_GUARD,API route is non-public but no API token/auth/role guard was recognized.,add_or_confirm_api_token_guard,no,no
GET,API/Broker/fetchRobinhoodTransfers,»,\App\Modules\APIs\Controllers\BrokerAPIController::fetchRobinhoodTransfers,botBlocker requestLifecycle observability ratelimit throttle sessionRevoked,cspoff sessionTracker requestLifecycle observability jsonException toolbar,API_TOKEN,MISSING_GUARD,API route is non-public but no API token/auth/role guard was recognized.,add_or_confirm_api_token_guard,no,no
GET,API/Broker/fetchRobinhoodWatchlistItems/([^/]+),»,\App\Modules\APIs\Controllers\BrokerAPIController::fetchRobinhoodWatchlistItems/$1,botBlocker requestLifecycle observability ratelimit throttle sessionRevoked,cspoff sessionTracker requestLifecycle observability jsonException toolbar,API_TOKEN,MISSING_GUARD,API route is non-public but no API token/auth/role guard was recognized.,add_or_confirm_api_token_guard,no,no
GET,API/Broker/fetchRobinhoodWatchlistItems,»,\App\Modules\APIs\Controllers\BrokerAPIController::fetchRobinhoodWatchlistItems,botBlocker requestLifecycle observability ratelimit throttle sessionRevoked,cspoff sessionTracker requestLifecycle observability jsonException toolbar,API_TOKEN,MISSING_GUARD,API route is non-public but no API token/auth/role guard was recognized.,add_or_confirm_api_token_guard,no,no
GET,API/Broker/fetchRobinhoodTransactionHistory/([^/]+),»,\App\Modules\APIs\Controllers\BrokerAPIController::fetchRobinhoodTransactionHistory/$1,botBlocker requestLifecycle observability ratelimit throttle sessionRevoked,cspoff sessionTracker requestLifecycle observability jsonException toolbar,API_TOKEN,MISSING_GUARD,API route is non-public but no API token/auth/role guard was recognized.,add_or_confirm_api_token_guard,no,no
GET,API/Broker/fetchRobinhoodTransactionHistory,»,\App\Modules\APIs\Controllers\BrokerAPIController::fetchRobinhoodTransactionHistory,botBlocker requestLifecycle observability ratelimit throttle sessionRevoked,cspoff sessionTracker requestLifecycle observability jsonException toolbar,API_TOKEN,MISSING_GUARD,API route is non-public but no API token/auth/role guard was recognized.,add_or_confirm_api_token_guard,no,no
GET,API/Broker/fetchRobinhoodNotifications/([^/]+),»,\App\Modules\APIs\Controllers\BrokerAPIController::fetchRobinhoodNotifications/$1,botBlocker requestLifecycle observability ratelimit throttle sessionRevoked,cspoff sessionTracker requestLifecycle observability jsonException toolbar,API_TOKEN,MISSING_GUARD,API route is non-public but no API token/auth/role guard was recognized.,add_or_confirm_api_token_guard,no,no
GET,API/Broker/fetchRobinhoodNotifications,»,\App\Modules\APIs\Controllers\BrokerAPIController::fetchRobinhoodNotifications,botBlocker requestLifecycle observability ratelimit throttle sessionRevoked,cspoff sessionTracker requestLifecycle observability jsonException toolbar,API_TOKEN,MISSING_GUARD,API route is non-public but no API token/auth/role guard was recognized.,add_or_confirm_api_token_guard,no,no
GET,API/Broker/fetchRobinhoodACHRelationships/([^/]+),»,\App\Modules\APIs\Controllers\BrokerAPIController::fetchRobinhoodACHRelationships/$1,botBlocker requestLifecycle observability ratelimit throttle sessionRevoked,cspoff sessionTracker requestLifecycle observability jsonException toolbar,API_TOKEN,MISSING_GUARD,API route is non-public but no API token/auth/role guard was recognized.,add_or_confirm_api_token_guard,no,no
GET,API/Broker/fetchRobinhoodACHRelationships,»,\App\Modules\APIs\Controllers\BrokerAPIController::fetchRobinhoodACHRelationships,botBlocker requestLifecycle observability ratelimit throttle sessionRevoked,cspoff sessionTracker requestLifecycle observability jsonException toolbar,API_TOKEN,MISSING_GUARD,API route is non-public but no API token/auth/role guard was recognized.,add_or_confirm_api_token_guard,no,no
GET,API/Broker/fetchRobinhoodCryptoAccounts/([^/]+),»,\App\Modules\APIs\Controllers\BrokerAPIController::fetchRobinhoodCryptoAccounts/$1,botBlocker requestLifecycle observability ratelimit throttle sessionRevoked,cspoff sessionTracker requestLifecycle observability jsonException toolbar,API_TOKEN,MISSING_GUARD,API route is non-public but no API token/auth/role guard was recognized.,add_or_confirm_api_token_guard,no,no
GET,API/Broker/fetchRobinhoodCryptoAccounts,»,\App\Modules\APIs\Controllers\BrokerAPIController::fetchRobinhoodCryptoAccounts,botBlocker requestLifecycle observability ratelimit throttle sessionRevoked,cspoff sessionTracker requestLifecycle observability jsonException toolbar,API_TOKEN,MISSING_GUARD,API route is non-public but no API token/auth/role guard was recognized.,add_or_confirm_api_token_guard,no,no
GET,API/Broker/fetchRobinhoodCryptoPositions/([^/]+),»,\App\Modules\APIs\Controllers\BrokerAPIController::fetchRobinhoodCryptoPositions/$1,botBlocker requestLifecycle observability ratelimit throttle sessionRevoked,cspoff sessionTracker requestLifecycle observability jsonException toolbar,API_TOKEN,MISSING_GUARD,API route is non-public but no API token/auth/role guard was recognized.,add_or_confirm_api_token_guard,no,no
GET,API/Broker/fetchRobinhoodCryptoPositions,»,\App\Modules\APIs\Controllers\BrokerAPIController::fetchRobinhoodCryptoPositions,botBlocker requestLifecycle observability ratelimit throttle sessionRevoked,cspoff sessionTracker requestLifecycle observability jsonException toolbar,API_TOKEN,MISSING_GUARD,API route is non-public but no API token/auth/role guard was recognized.,add_or_confirm_api_token_guard,no,no
GET,API/Broker/fetchRobinhoodCryptoPortfolio/([^/]+),»,\App\Modules\APIs\Controllers\BrokerAPIController::fetchRobinhoodCryptoPortfolio/$1,botBlocker requestLifecycle observability ratelimit throttle sessionRevoked,cspoff sessionTracker requestLifecycle observability jsonException toolbar,API_TOKEN,MISSING_GUARD,API route is non-public but no API token/auth/role guard was recognized.,add_or_confirm_api_token_guard,no,no
GET,API/Broker/fetchRobinhoodCryptoPortfolio,»,\App\Modules\APIs\Controllers\BrokerAPIController::fetchRobinhoodCryptoPortfolio,botBlocker requestLifecycle observability ratelimit throttle sessionRevoked,cspoff sessionTracker requestLifecycle observability jsonException toolbar,API_TOKEN,MISSING_GUARD,API route is non-public but no API token/auth/role guard was recognized.,add_or_confirm_api_token_guard,no,no
GET,API/Broker/fetchRobinhoodCryptoOrders/([^/]+),»,\App\Modules\APIs\Controllers\BrokerAPIController::fetchRobinhoodCryptoOrders/$1,botBlocker requestLifecycle observability ratelimit throttle sessionRevoked,cspoff sessionTracker requestLifecycle observability jsonException toolbar,API_TOKEN,MISSING_GUARD,API route is non-public but no API token/auth/role guard was recognized.,add_or_confirm_api_token_guard,no,no
GET,API/Broker/fetchRobinhoodCryptoOrders,»,\App\Modules\APIs\Controllers\BrokerAPIController::fetchRobinhoodCryptoOrders,botBlocker requestLifecycle observability ratelimit throttle sessionRevoked,cspoff sessionTracker requestLifecycle observability jsonException toolbar,API_TOKEN,MISSING_GUARD,API route is non-public but no API token/auth/role guard was recognized.,add_or_confirm_api_token_guard,no,no
GET,API/Broker/fetchRobinhoodCryptoOrderDetails/([^/]+),»,\App\Modules\APIs\Controllers\BrokerAPIController::fetchRobinhoodCryptoOrderDetails/$1,botBlocker requestLifecycle observability ratelimit throttle sessionRevoked,cspoff sessionTracker requestLifecycle observability jsonException toolbar,API_TOKEN,MISSING_GUARD,API route is non-public but no API token/auth/role guard was recognized.,add_or_confirm_api_token_guard,no,no
GET,API/Broker/fetchRobinhoodCryptoOrderDetails,»,\App\Modules\APIs\Controllers\BrokerAPIController::fetchRobinhoodCryptoOrderDetails,botBlocker requestLifecycle observability ratelimit throttle sessionRevoked,cspoff sessionTracker requestLifecycle observability jsonException toolbar,API_TOKEN,MISSING_GUARD,API route is non-public but no API token/auth/role guard was recognized.,add_or_confirm_api_token_guard,no,no
GET,API/Broker/fetchRobinhoodCryptoTransactions/([^/]+),»,\App\Modules\APIs\Controllers\BrokerAPIController::fetchRobinhoodCryptoTransactions/$1,botBlocker requestLifecycle observability ratelimit throttle sessionRevoked,cspoff sessionTracker requestLifecycle observability jsonException toolbar,API_TOKEN,MISSING_GUARD,API route is non-public but no API token/auth/role guard was recognized.,add_or_confirm_api_token_guard,no,no
GET,API/Broker/fetchRobinhoodCryptoTransactions,»,\App\Modules\APIs\Controllers\BrokerAPIController::fetchRobinhoodCryptoTransactions,botBlocker requestLifecycle observability ratelimit throttle sessionRevoked,cspoff sessionTracker requestLifecycle observability jsonException toolbar,API_TOKEN,MISSING_GUARD,API route is non-public but no API token/auth/role guard was recognized.,add_or_confirm_api_token_guard,no,no
GET,API/Broker/fetchRobinhoodCryptoQuotes/([^/]+),»,\App\Modules\APIs\Controllers\BrokerAPIController::fetchRobinhoodCryptoQuotes/$1,botBlocker requestLifecycle observability ratelimit throttle sessionRevoked,cspoff sessionTracker requestLifecycle observability jsonException toolbar,API_TOKEN,MISSING_GUARD,API route is non-public but no API token/auth/role guard was recognized.,add_or_confirm_api_token_guard,no,no
GET,API/Broker/fetchRobinhoodCryptoQuotes,»,\App\Modules\APIs\Controllers\BrokerAPIController::fetchRobinhoodCryptoQuotes,botBlocker requestLifecycle observability ratelimit throttle sessionRevoked,cspoff sessionTracker requestLifecycle observability jsonException toolbar,API_TOKEN,MISSING_GUARD,API route is non-public but no API token/auth/role guard was recognized.,add_or_confirm_api_token_guard,no,no
GET,API/Budget/summary,»,\App\Modules\APIs\Controllers\BudgetAPIController::summary,botBlocker requestLifecycle observability ratelimit throttle sessionRevoked,cspoff sessionTracker requestLifecycle observability jsonException toolbar,API_TOKEN,MISSING_GUARD,API route is non-public but no API token/auth/role guard was recognized.,add_or_confirm_api_token_guard,no,no
GET,API/Budget/credit,»,\App\Modules\APIs\Controllers\BudgetAPIController::credit,botBlocker requestLifecycle observability ratelimit throttle sessionRevoked,cspoff sessionTracker requestLifecycle observability jsonException toolbar,API_TOKEN,MISSING_GUARD,API route is non-public but no API token/auth/role guard was recognized.,add_or_confirm_api_token_guard,no,no
GET,API/Budget/available,»,\App\Modules\APIs\Controllers\BudgetAPIController::available,botBlocker requestLifecycle observability ratelimit throttle sessionRevoked,cspoff sessionTracker requestLifecycle observability jsonException toolbar,API_TOKEN,MISSING_GUARD,API route is non-public but no API token/auth/role guard was recognized.,add_or_confirm_api_token_guard,no,no
GET,API/Budget/repayment,»,\App\Modules\APIs\Controllers\BudgetAPIController::repayment,botBlocker requestLifecycle observability ratelimit throttle sessionRevoked,cspoff sessionTracker requestLifecycle observability jsonException toolbar,API_TOKEN,MISSING_GUARD,API route is non-public but no API token/auth/role guard was recognized.,add_or_confirm_api_token_guard,no,no
GET,API/Budget/categories,»,\App\Modules\APIs\Controllers\BudgetAPIController::categories,botBlocker requestLifecycle observability ratelimit throttle sessionRevoked,cspoff sessionTracker requestLifecycle observability jsonException toolbar,API_TOKEN,MISSING_GUARD,API route is non-public but no API token/auth/role guard was recognized.,add_or_confirm_api_token_guard,no,no
GET,API/Budget/transactions,»,\App\Modules\APIs\Controllers\BudgetAPIController::transactions,botBlocker requestLifecycle observability ratelimit throttle sessionRevoked,cspoff sessionTracker requestLifecycle observability jsonException toolbar,API_TOKEN,MISSING_GUARD,API route is non-public but no API token/auth/role guard was recognized.,add_or_confirm_api_token_guard,no,no
GET,API/Budget/goals,»,\App\Modules\APIs\Controllers\BudgetAPIController::goals,botBlocker requestLifecycle observability ratelimit throttle sessionRevoked,cspoff sessionTracker requestLifecycle observability jsonException toolbar,API_TOKEN,MISSING_GUARD,API route is non-public but no API token/auth/role guard was recognized.,add_or_confirm_api_token_guard,no,no
GET,API/Budget/insights,»,\App\Modules\APIs\Controllers\BudgetAPIController::insights,botBlocker requestLifecycle observability ratelimit throttle sessionRevoked,cspoff sessionTracker requestLifecycle observability jsonException toolbar,API_TOKEN,MISSING_GUARD,API route is non-public but no API token/auth/role guard was recognized.,add_or_confirm_api_token_guard,no,no
GET,API/Budget/trends,»,\App\Modules\APIs\Controllers\BudgetAPIController::trends,botBlocker requestLifecycle observability ratelimit throttle sessionRevoked,cspoff sessionTracker requestLifecycle observability jsonException toolbar,API_TOKEN,MISSING_GUARD,API route is non-public but no API token/auth/role guard was recognized.,add_or_confirm_api_token_guard,no,no
GET,API/Budget/net-worth,»,\App\Modules\APIs\Controllers\BudgetAPIController::netWorth,botBlocker requestLifecycle observability ratelimit throttle sessionRevoked,cspoff sessionTracker requestLifecycle observability jsonException toolbar,API_TOKEN,MISSING_GUARD,API route is non-public but no API token/auth/role guard was recognized.,add_or_confirm_api_token_guard,no,no
GET,API/Budget/cash-flow,»,\App\Modules\APIs\Controllers\BudgetAPIController::cashFlow,botBlocker requestLifecycle observability ratelimit throttle sessionRevoked,cspoff sessionTracker requestLifecycle observability jsonException toolbar,API_TOKEN,MISSING_GUARD,API route is non-public but no API token/auth/role guard was recognized.,add_or_confirm_api_token_guard,no,no
GET,API/Budget/budgets,»,\App\Modules\APIs\Controllers\BudgetAPIController::budgets,botBlocker requestLifecycle observability ratelimit throttle sessionRevoked,cspoff sessionTracker requestLifecycle observability jsonException toolbar,API_TOKEN,MISSING_GUARD,API route is non-public but no API token/auth/role guard was recognized.,add_or_confirm_api_token_guard,no,no
GET,API/Budget/savings-goals,»,\App\Modules\APIs\Controllers\BudgetAPIController::savingsGoals,botBlocker requestLifecycle observability ratelimit throttle sessionRevoked,cspoff sessionTracker requestLifecycle observability jsonException toolbar,API_TOKEN,MISSING_GUARD,API route is non-public but no API token/auth/role guard was recognized.,add_or_confirm_api_token_guard,no,no
GET,API/Budget/investment-accounts,»,\App\Modules\APIs\Controllers\BudgetAPIController::investmentAccounts,botBlocker requestLifecycle observability ratelimit throttle sessionRevoked,cspoff sessionTracker requestLifecycle observability jsonException toolbar,API_TOKEN,MISSING_GUARD,API route is non-public but no API token/auth/role guard was recognized.,add_or_confirm_api_token_guard,no,no
GET,API/Budget/linked-accounts,»,\App\Modules\APIs\Controllers\BudgetAPIController::linkedAccounts,botBlocker requestLifecycle observability ratelimit throttle sessionRevoked,cspoff sessionTracker requestLifecycle observability jsonException toolbar,API_TOKEN,MISSING_GUARD,API route is non-public but no API token/auth/role guard was recognized.,add_or_confirm_api_token_guard,no,no
GET,API/Budget/add-linked-account,»,\App\Modules\APIs\Controllers\BudgetAPIController::addLinkedAccount,botBlocker requestLifecycle observability ratelimit throttle sessionRevoked,cspoff sessionTracker requestLifecycle observability jsonException toolbar,API_TOKEN,MISSING_GUARD,API route is non-public but no API token/auth/role guard was recognized.,add_or_confirm_api_token_guard,no,no
GET,API/Budget/remove-linked-account/([^/]+),»,\App\Modules\APIs\Controllers\BudgetAPIController::removeLinkedAccount/$1,botBlocker requestLifecycle observability ratelimit throttle sessionRevoked,cspoff sessionTracker requestLifecycle observability jsonException toolbar,API_TOKEN,MISSING_GUARD,API route is non-public but no API token/auth/role guard was recognized.,add_or_confirm_api_token_guard,no,no
GET,API/Budget/refresh-linked-account/([^/]+),»,\App\Modules\APIs\Controllers\BudgetAPIController::refreshLinkedAccount/$1,botBlocker requestLifecycle observability ratelimit throttle sessionRevoked,cspoff sessionTracker requestLifecycle observability jsonException toolbar,API_TOKEN,MISSING_GUARD,API route is non-public but no API token/auth/role guard was recognized.,add_or_confirm_api_token_guard,no,no
GET,API/Budget/Data,»,\App\Modules\APIs\Controllers\BudgetAPIController::apiBudgetData,botBlocker requestLifecycle observability ratelimit throttle sessionRevoked,cspoff sessionTracker requestLifecycle observability jsonException toolbar,API_TOKEN,MISSING_GUARD,API route is non-public but no API token/auth/role guard was recognized.,add_or_confirm_api_token_guard,no,no
GET,API/Budget/Credit,»,\App\Modules\APIs\Controllers\BudgetAPIController::apiCreditData,botBlocker requestLifecycle observability ratelimit throttle sessionRevoked,cspoff sessionTracker requestLifecycle observability jsonException toolbar,API_TOKEN,MISSING_GUARD,API route is non-public but no API token/auth/role guard was recognized.,add_or_confirm_api_token_guard,no,no
GET,API/Budget/Available,»,\App\Modules\APIs\Controllers\BudgetAPIController::apiAvailableData,botBlocker requestLifecycle observability ratelimit throttle sessionRevoked,cspoff sessionTracker requestLifecycle observability jsonException toolbar,API_TOKEN,MISSING_GUARD,API route is non-public but no API token/auth/role guard was recognized.,add_or_confirm_api_token_guard,no,no
GET,API/Budget/Repayment,»,\App\Modules\APIs\Controllers\BudgetAPIController::apiRepaymentSummary,botBlocker requestLifecycle observability ratelimit throttle sessionRevoked,cspoff sessionTracker requestLifecycle observability jsonException toolbar,API_TOKEN,MISSING_GUARD,API route is non-public but no API token/auth/role guard was recognized.,add_or_confirm_api_token_guard,no,no
GET,API/Budget/getUserBudgetRecords,»,\App\Modules\APIs\Controllers\BudgetController::getUserBudgetRecords,botBlocker requestLifecycle observability ratelimit throttle sessionRevoked,cspoff sessionTracker requestLifecycle observability jsonException toolbar,API_TOKEN,MISSING_GUARD,API route is non-public but no API token/auth/role guard was recognized.,add_or_confirm_api_token_guard,no,no
GET,API/Budget/getUserCreditBalances,»,\App\Modules\APIs\Controllers\BudgetController::getUserCreditBalances,botBlocker requestLifecycle observability ratelimit throttle sessionRevoked,cspoff sessionTracker requestLifecycle observability jsonException toolbar,API_TOKEN,MISSING_GUARD,API route is non-public but no API token/auth/role guard was recognized.,add_or_confirm_api_token_guard,no,no
GET,API/Budget/getUserAvailableBalances,»,\App\Modules\APIs\Controllers\BudgetController::getUserAvailableBalances,botBlocker requestLifecycle observability ratelimit throttle sessionRevoked,cspoff sessionTracker requestLifecycle observability jsonException toolbar,API_TOKEN,MISSING_GUARD,API route is non-public but no API token/auth/role guard was recognized.,add_or_confirm_api_token_guard,no,no
GET,API/Budget/getUserRepaymentSummary,»,\App\Modules\APIs\Controllers\BudgetController::getUserRepaymentSummary,botBlocker requestLifecycle observability ratelimit throttle sessionRevoked,cspoff sessionTracker requestLifecycle observability jsonException toolbar,API_TOKEN,MISSING_GUARD,API route is non-public but no API token/auth/role guard was recognized.,add_or_confirm_api_token_guard,no,no
GET,API/ContentEngine/topIdeas,»,\App\Modules\APIs\Controllers\ContentEngineAPIController::topIdeas,botBlocker requestLifecycle observability ratelimit throttle sessionRevoked,cspoff sessionTracker requestLifecycle observability jsonException toolbar,API_TOKEN,MISSING_GUARD,API route is non-public but no API token/auth/role guard was recognized.,add_or_confirm_api_token_guard,no,no
GET,API/ContentEngine/posts,»,\App\Modules\APIs\Controllers\ContentEngineAPIController::posts,botBlocker requestLifecycle observability ratelimit throttle sessionRevoked,cspoff sessionTracker requestLifecycle observability jsonException toolbar,API_TOKEN,MISSING_GUARD,API route is non-public but no API token/auth/role guard was recognized.,add_or_confirm_api_token_guard,no,no
GET,API/ContentEngine/posts/([0-9]+),»,\App\Modules\APIs\Controllers\ContentEngineAPIController::posts/$1,botBlocker requestLifecycle observability ratelimit throttle sessionRevoked,cspoff sessionTracker requestLifecycle observability jsonException toolbar,API_TOKEN,MISSING_GUARD,API route is non-public but no API token/auth/role guard was recognized.,add_or_confirm_api_token_guard,no,no
GET,API/DripCampaign/click/([^/]+),»,\App\Modules\APIs\Controllers\DripCampaignAPIController::click/$1,botBlocker requestLifecycle observability ratelimit throttle sessionRevoked,cspoff sessionTracker requestLifecycle observability jsonException toolbar,API_TOKEN,MISSING_GUARD,API route is non-public but no API token/auth/role guard was recognized.,add_or_confirm_api_token_guard,no,no
GET,API/DripCampaign/Enroll/([0-9]+),»,\App\Modules\APIs\Controllers\DripCampaignAPIController::enrollUser/$1,botBlocker requestLifecycle observability ratelimit throttle sessionRevoked,cspoff sessionTracker requestLifecycle observability jsonException toolbar,API_TOKEN,MISSING_GUARD,API route is non-public but no API token/auth/role guard was recognized.,add_or_confirm_api_token_guard,no,no
GET,API/DripCampaign/open/([^/]+),»,\App\Modules\APIs\Controllers\DripCampaignAPIController::open/$1,botBlocker requestLifecycle observability ratelimit throttle sessionRevoked,cspoff sessionTracker requestLifecycle observability jsonException toolbar,API_TOKEN,MISSING_GUARD,API route is non-public but no API token/auth/role guard was recognized.,add_or_confirm_api_token_guard,no,no
GET,API/DripCampaign/processBatch,»,\App\Modules\APIs\Controllers\DripCampaignAPIController::processBatch,botBlocker requestLifecycle observability ratelimit throttle sessionRevoked,cspoff sessionTracker requestLifecycle observability jsonException toolbar,API_TOKEN,MISSING_GUARD,API route is non-public but no API token/auth/role guard was recognized.,add_or_confirm_api_token_guard,no,no
GET,API/Email/autoScheduleDraftCampaigns,»,\App\Modules\APIs\Controllers\EmailAPIController::autoScheduleDraftCampaigns,botBlocker requestLifecycle observability ratelimit throttle sessionRevoked,cspoff sessionTracker requestLifecycle observability jsonException toolbar,API_TOKEN,MISSING_GUARD,API route is non-public but no API token/auth/role guard was recognized.,add_or_confirm_api_token_guard,no,no
GET,API/Email/cloneCampaign/([0-9]+),»,\App\Modules\APIs\Controllers\EmailAPIController::cloneCampaign/$1,botBlocker requestLifecycle observability ratelimit throttle sessionRevoked,cspoff sessionTracker requestLifecycle observability jsonException toolbar,API_TOKEN,MISSING_GUARD,API route is non-public but no API token/auth/role guard was recognized.,add_or_confirm_api_token_guard,no,no
GET,API/Email/cancelScheduledCampaign/([0-9]+),»,\App\Modules\APIs\Controllers\EmailAPIController::cancelScheduledCampaign/$1,botBlocker requestLifecycle observability ratelimit throttle sessionRevoked,cspoff sessionTracker requestLifecycle observability jsonException toolbar,API_TOKEN,MISSING_GUARD,API route is non-public but no API token/auth/role guard was recognized.,add_or_confirm_api_token_guard,no,no
GET,API/Email/fetchCampaignAnalytics,»,\App\Modules\APIs\Controllers\EmailAPIController::fetchCampaignAnalytics,botBlocker requestLifecycle observability ratelimit throttle sessionRevoked,cspoff sessionTracker requestLifecycle observability jsonException toolbar,API_TOKEN,MISSING_GUARD,API route is non-public but no API token/auth/role guard was recognized.,add_or_confirm_api_token_guard,no,no
GET,API/Email/fetchQueuedEmails,»,\App\Modules\APIs\Controllers\EmailAPIController::fetchQueuedEmails,botBlocker requestLifecycle observability ratelimit throttle sessionRevoked,cspoff sessionTracker requestLifecycle observability jsonException toolbar,API_TOKEN,MISSING_GUARD,API route is non-public but no API token/auth/role guard was recognized.,add_or_confirm_api_token_guard,no,no
GET,API/Email/fetchQueuedEmailById/([0-9]+),»,\App\Modules\APIs\Controllers\EmailAPIController::fetchQueuedEmailById/$1,botBlocker requestLifecycle observability ratelimit throttle sessionRevoked,cspoff sessionTracker requestLifecycle observability jsonException toolbar,API_TOKEN,MISSING_GUARD,API route is non-public but no API token/auth/role guard was recognized.,add_or_confirm_api_token_guard,no,no
GET,API/Email/getAllCampaigns,»,\App\Modules\APIs\Controllers\EmailAPIController::getAllCampaigns,botBlocker requestLifecycle observability ratelimit throttle sessionRevoked,cspoff sessionTracker requestLifecycle observability jsonException toolbar,API_TOKEN,MISSING_GUARD,API route is non-public but no API token/auth/role guard was recognized.,add_or_confirm_api_token_guard,no,no
GET,API/Email/getCampaignMetrics/([0-9]+),»,\App\Modules\APIs\Controllers\EmailAPIController::getCampaignMetrics/$1,botBlocker requestLifecycle observability ratelimit throttle sessionRevoked,cspoff sessionTracker requestLifecycle observability jsonException toolbar,API_TOKEN,MISSING_GUARD,API route is non-public but no API token/auth/role guard was recognized.,add_or_confirm_api_token_guard,no,no
GET,API/Email/getCampaignStats/([0-9]+),»,\App\Modules\APIs\Controllers\EmailAPIController::getCampaignStats/$1,botBlocker requestLifecycle observability ratelimit throttle sessionRevoked,cspoff sessionTracker requestLifecycle observability jsonException toolbar,API_TOKEN,MISSING_GUARD,API route is non-public but no API token/auth/role guard was recognized.,add_or_confirm_api_token_guard,no,no
GET,API/Email/getEmailQueueStats,»,\App\Modules\APIs\Controllers\EmailAPIController::getEmailQueueStats,botBlocker requestLifecycle observability ratelimit throttle sessionRevoked,cspoff sessionTracker requestLifecycle observability jsonException toolbar,API_TOKEN,MISSING_GUARD,API route is non-public but no API token/auth/role guard was recognized.,add_or_confirm_api_token_guard,no,no
GET,API/Email/getEmailQueueTrend,»,\App\Modules\APIs\Controllers\EmailAPIController::getEmailQueueTrend,botBlocker requestLifecycle observability ratelimit throttle sessionRevoked,cspoff sessionTracker requestLifecycle observability jsonException toolbar,API_TOKEN,MISSING_GUARD,API route is non-public but no API token/auth/role guard was recognized.,add_or_confirm_api_token_guard,no,no
GET,API/Email/processScheduledCampaigns,»,\App\Modules\APIs\Controllers\EmailAPIController::processScheduledCampaigns,botBlocker requestLifecycle observability ratelimit throttle sessionRevoked,cspoff sessionTracker requestLifecycle observability jsonException toolbar,API_TOKEN,MISSING_GUARD,API route is non-public but no API token/auth/role guard was recognized.,add_or_confirm_api_token_guard,no,no
GET,API/Email/sendMassTestCampaign,»,\App\Modules\APIs\Controllers\EmailAPIController::sendMassTestCampaign,botBlocker requestLifecycle observability ratelimit throttle sessionRevoked,cspoff sessionTracker requestLifecycle observability jsonException toolbar,API_TOKEN,MISSING_GUARD,API route is non-public but no API token/auth/role guard was recognized.,add_or_confirm_api_token_guard,no,no
GET,API/Email/trackBounceWebhook,»,\App\Modules\APIs\Controllers\EmailAPIController::trackBounceWebhook,botBlocker requestLifecycle observability ratelimit throttle sessionRevoked,cspoff sessionTracker requestLifecycle observability jsonException toolbar,API_TOKEN,MISSING_GUARD,API route is non-public but no API token/auth/role guard was recognized.,add_or_confirm_api_token_guard,no,no
GET,API/Email/unsubscribe/(.*),»,\App\Modules\APIs\Controllers\EmailAPIController::unsubscribe/$1,botBlocker requestLifecycle observability ratelimit throttle sessionRevoked,cspoff sessionTracker requestLifecycle observability jsonException toolbar,API_TOKEN,MISSING_GUARD,API route is non-public but no API token/auth/role guard was recognized.,add_or_confirm_api_token_guard,no,no
GET,API/eSports/event/([0-9]+),»,\App\Modules\APIs\Controllers\EsportsAPIController::getEvent/$1,botBlocker requestLifecycle observability ratelimit throttle sessionRevoked,cspoff sessionTracker requestLifecycle observability jsonException toolbar,API_TOKEN,MISSING_GUARD,API route is non-public but no API token/auth/role guard was recognized.,add_or_confirm_api_token_guard,no,no
GET,API/eSports/events,»,\App\Modules\APIs\Controllers\EsportsAPIController::listEvents,botBlocker requestLifecycle observability ratelimit throttle sessionRevoked,cspoff sessionTracker requestLifecycle observability jsonException toolbar,API_TOKEN,MISSING_GUARD,API route is non-public but no API token/auth/role guard was recognized.,add_or_confirm_api_token_guard,no,no
GET,API/Investments,»,\App\Modules\APIs\Controllers\InvestmentsAPIController:index,botBlocker requestLifecycle observability ratelimit throttle sessionRevoked,cspoff sessionTracker requestLifecycle observability jsonException toolbar,API_TOKEN,MISSING_GUARD,API route is non-public but no API token/auth/role guard was recognized.,add_or_confirm_api_token_guard,no,no
GET,API/Investments/getInvestmentData/([^/]+),»,\App\Modules\APIs\Controllers\InvestmentsAPIController::getInvestmentData/$1,botBlocker requestLifecycle observability ratelimit throttle sessionRevoked,cspoff sessionTracker requestLifecycle observability jsonException toolbar,API_TOKEN,MISSING_GUARD,API route is non-public but no API token/auth/role guard was recognized.,add_or_confirm_api_token_guard,no,no
GET,API/Investments/searchTickers,»,\App\Modules\APIs\Controllers\InvestmentsAPIController::searchTickers,botBlocker requestLifecycle observability ratelimit throttle sessionRevoked,cspoff sessionTracker requestLifecycle observability jsonException toolbar,API_TOKEN,MISSING_GUARD,API route is non-public but no API token/auth/role guard was recognized.,add_or_confirm_api_token_guard,no,no
GET,API/Investments/news,»,\App\Modules\APIs\Controllers\InvestmentsAPIController::listNews,botBlocker requestLifecycle observability ratelimit throttle sessionRevoked,cspoff sessionTracker requestLifecycle observability jsonException toolbar,API_TOKEN,MISSING_GUARD,API route is non-public but no API token/auth/role guard was recognized.,add_or_confirm_api_token_guard,no,no
GET,API/Investments/news/([0-9]+),»,\App\Modules\APIs\Controllers\InvestmentsAPIController::getNews/$1,botBlocker requestLifecycle observability ratelimit throttle sessionRevoked,cspoff sessionTracker requestLifecycle observability jsonException toolbar,API_TOKEN,MISSING_GUARD,API route is non-public but no API token/auth/role guard was recognized.,add_or_confirm_api_token_guard,no,no
GET,API/Investments/getForecastHighlights,»,\App\Modules\APIs\Controllers\InvestmentsAPIController::getForecastHighlights,botBlocker requestLifecycle observability ratelimit throttle sessionRevoked,cspoff sessionTracker requestLifecycle observability jsonException toolbar,API_TOKEN,MISSING_GUARD,API route is non-public but no API token/auth/role guard was recognized.,add_or_confirm_api_token_guard,no,no
GET,API/Marketing/downloadVoiceover/(.*),»,\App\Modules\APIs\Controllers\MarketingAPIController::downloadVoiceover/$1,botBlocker requestLifecycle observability ratelimit throttle sessionRevoked,cspoff sessionTracker requestLifecycle observability jsonException toolbar,API_TOKEN,MISSING_GUARD,API route is non-public but no API token/auth/role guard was recognized.,add_or_confirm_api_token_guard,no,no
GET,API/Marketing/distributeHighScoreContent,»,\App\Modules\APIs\Controllers\MarketingAPIController::distributeHighScoreContent,botBlocker requestLifecycle observability ratelimit throttle sessionRevoked,cspoff sessionTracker requestLifecycle observability jsonException toolbar,API_TOKEN,MISSING_GUARD,API route is non-public but no API token/auth/role guard was recognized.,add_or_confirm_api_token_guard,no,no
GET,API/Marketing/emailPostForApproval/([0-9]+),»,\App\Modules\APIs\Controllers\MarketingAPIController::emailPostForApproval/$1,botBlocker requestLifecycle observability ratelimit throttle sessionRevoked,cspoff sessionTracker requestLifecycle observability jsonException toolbar,API_TOKEN,MISSING_GUARD,API route is non-public but no API token/auth/role guard was recognized.,add_or_confirm_api_token_guard,no,no
GET,API/Marketing/fetchBufferPaginated,»,\App\Modules\APIs\Controllers\MarketingAPIController::fetchBufferPaginated,botBlocker requestLifecycle observability ratelimit throttle sessionRevoked,cspoff sessionTracker requestLifecycle observability jsonException toolbar,API_TOKEN,MISSING_GUARD,API route is non-public but no API token/auth/role guard was recognized.,add_or_confirm_api_token_guard,no,no
GET,API/Marketing/fetchFinalizedSummariesBlock,»,\App\Modules\APIs\Controllers\MarketingAPIController::fetchFinalizedSummariesBlock,botBlocker requestLifecycle observability ratelimit throttle sessionRevoked,cspoff sessionTracker requestLifecycle observability jsonException toolbar,API_TOKEN,MISSING_GUARD,API route is non-public but no API token/auth/role guard was recognized.,add_or_confirm_api_token_guard,no,no
GET,API/Marketing/fetchGeneratedSummaries,»,\App\Modules\APIs\Controllers\MarketingAPIController::fetchGeneratedSummaries,botBlocker requestLifecycle observability ratelimit throttle sessionRevoked,cspoff sessionTracker requestLifecycle observability jsonException toolbar,API_TOKEN,MISSING_GUARD,API route is non-public but no API token/auth/role guard was recognized.,add_or_confirm_api_token_guard,no,no
GET,API/Marketing/fetchGeneratedSummariesBlock,»,\App\Modules\APIs\Controllers\MarketingAPIController::fetchGeneratedSummariesBlock,botBlocker requestLifecycle observability ratelimit throttle sessionRevoked,cspoff sessionTracker requestLifecycle observability jsonException toolbar,API_TOKEN,MISSING_GUARD,API route is non-public but no API token/auth/role guard was recognized.,add_or_confirm_api_token_guard,no,no
GET,API/Marketing/fetchGeneratedSummariesJson,»,\App\Modules\APIs\Controllers\MarketingAPIController::fetchGeneratedSummariesJson,botBlocker requestLifecycle observability ratelimit throttle sessionRevoked,cspoff sessionTracker requestLifecycle observability jsonException toolbar,API_TOKEN,MISSING_GUARD,API route is non-public but no API token/auth/role guard was recognized.,add_or_confirm_api_token_guard,no,no
GET,API/Marketing/getVideoContent/([0-9]+),»,\App\Modules\APIs\Controllers\MarketingAPIController::getVideoContent/$1,botBlocker requestLifecycle observability ratelimit throttle sessionRevoked,cspoff sessionTracker requestLifecycle observability jsonException toolbar,API_TOKEN,MISSING_GUARD,API route is non-public but no API token/auth/role guard was recognized.,add_or_confirm_api_token_guard,no,no
GET,API/Marketing/getVideoQueue,»,\App\Modules\APIs\Controllers\MarketingAPIController::getVideoQueue,botBlocker requestLifecycle observability ratelimit throttle sessionRevoked,cspoff sessionTracker requestLifecycle observability jsonException toolbar,API_TOKEN,MISSING_GUARD,API route is non-public but no API token/auth/role guard was recognized.,add_or_confirm_api_token_guard,no,no
GET,API/Marketing/generateFromTicker,»,\App\Modules\APIs\Controllers\MarketingAPIController::generateFromTicker,botBlocker requestLifecycle observability ratelimit throttle sessionRevoked,cspoff sessionTracker requestLifecycle observability jsonException toolbar,API_TOKEN,MISSING_GUARD,API route is non-public but no API token/auth/role guard was recognized.,add_or_confirm_api_token_guard,no,no
GET,API/Marketing/generateFromTopic,»,\App\Modules\APIs\Controllers\MarketingAPIController::generateFromTopic,botBlocker requestLifecycle observability ratelimit throttle sessionRevoked,cspoff sessionTracker requestLifecycle observability jsonException toolbar,API_TOKEN,MISSING_GUARD,API route is non-public but no API token/auth/role guard was recognized.,add_or_confirm_api_token_guard,no,no
GET,API/Marketing/generateFromScrapedSource/([0-9]+),»,\App\Modules\APIs\Controllers\MarketingAPIController::generateFromScrapedSource/$1,botBlocker requestLifecycle observability ratelimit throttle sessionRevoked,cspoff sessionTracker requestLifecycle observability jsonException toolbar,API_TOKEN,MISSING_GUARD,API route is non-public but no API token/auth/role guard was recognized.,add_or_confirm_api_token_guard,no,no
GET,API/Marketing/exportVideoPackage/([0-9]+),»,\App\Modules\APIs\Controllers\MarketingAPIController::exportVideoPackage/$1,botBlocker requestLifecycle observability ratelimit throttle sessionRevoked,cspoff sessionTracker requestLifecycle observability jsonException toolbar,API_TOKEN,MISSING_GUARD,API route is non-public but no API token/auth/role guard was recognized.,add_or_confirm_api_token_guard,no,no
GET,API/Marketing/getTemplates,»,\App\Modules\APIs\Controllers\MarketingAPIController::getTemplates,botBlocker requestLifecycle observability ratelimit throttle sessionRevoked,cspoff sessionTracker requestLifecycle observability jsonException toolbar,API_TOKEN,MISSING_GUARD,API route is non-public but no API token/auth/role guard was recognized.,add_or_confirm_api_token_guard,no,no
GET,API/Marketing/saveTemplate,»,\App\Modules\APIs\Controllers\MarketingAPIController::saveTemplate,botBlocker requestLifecycle observability ratelimit throttle sessionRevoked,cspoff sessionTracker requestLifecycle observability jsonException toolbar,API_TOKEN,MISSING_GUARD,API route is non-public but no API token/auth/role guard was recognized.,add_or_confirm_api_token_guard,no,no
GET,API/Marketing/forceGenerateFromTemp,»,\App\Modules\APIs\Controllers\MarketingAPIController::forceGenerateFromTemp,botBlocker requestLifecycle observability ratelimit throttle sessionRevoked,cspoff sessionTracker requestLifecycle observability jsonException toolbar,API_TOKEN,MISSING_GUARD,API route is non-public but no API token/auth/role guard was recognized.,add_or_confirm_api_token_guard,no,no
GET,API/Marketing/ForceGenerateFromTemp/([0-9]+),»,\App\Modules\APIs\Controllers\MarketingAPIController::ForceGenerateFromTemp/$1,botBlocker requestLifecycle observability ratelimit throttle sessionRevoked,cspoff sessionTracker requestLifecycle observability jsonException toolbar,API_TOKEN,MISSING_GUARD,API route is non-public but no API token/auth/role guard was recognized.,add_or_confirm_api_token_guard,no,no
GET,API/Marketing/generateCampaignContent,»,\App\Modules\APIs\Controllers\MarketingAPIController::generateCampaignContent,botBlocker requestLifecycle observability ratelimit throttle sessionRevoked,cspoff sessionTracker requestLifecycle observability jsonException toolbar,API_TOKEN,MISSING_GUARD,API route is non-public but no API token/auth/role guard was recognized.,add_or_confirm_api_token_guard,no,no
GET,API/Marketing/generateDailyMarketCampaign,»,\App\Modules\APIs\Controllers\MarketingAPIController::generateDailyMarketCampaign,botBlocker requestLifecycle observability ratelimit throttle sessionRevoked,cspoff sessionTracker requestLifecycle observability jsonException toolbar,API_TOKEN,MISSING_GUARD,API route is non-public but no API token/auth/role guard was recognized.,add_or_confirm_api_token_guard,no,no
GET,API/Marketing/generateCampaignStepContent,»,\App\Modules\APIs\Controllers\MarketingAPIController::generateCampaignStepContent,botBlocker requestLifecycle observability ratelimit throttle sessionRevoked,cspoff sessionTracker requestLifecycle observability jsonException toolbar,API_TOKEN,MISSING_GUARD,API route is non-public but no API token/auth/role guard was recognized.,add_or_confirm_api_token_guard,no,no
GET,API/Marketing/generateContentFromScraper,»,\App\Modules\APIs\Controllers\MarketingAPIController::generateContentFromScraper,botBlocker requestLifecycle observability ratelimit throttle sessionRevoked,cspoff sessionTracker requestLifecycle observability jsonException toolbar,API_TOKEN,MISSING_GUARD,API route is non-public but no API token/auth/role guard was recognized.,add_or_confirm_api_token_guard,no,no
GET,API/Marketing/generateContentDigestFromStored,»,\App\Modules\APIs\Controllers\MarketingAPIController::generateContentDigestFromStored,botBlocker requestLifecycle observability ratelimit throttle sessionRevoked,cspoff sessionTracker requestLifecycle observability jsonException toolbar,API_TOKEN,MISSING_GUARD,API route is non-public but no API token/auth/role guard was recognized.,add_or_confirm_api_token_guard,no,no
GET,API/Marketing/generateDailyContentDigest,»,\App\Modules\APIs\Controllers\MarketingAPIController::generateDailyContentDigest,botBlocker requestLifecycle observability ratelimit throttle sessionRevoked,cspoff sessionTracker requestLifecycle observability jsonException toolbar,API_TOKEN,MISSING_GUARD,API route is non-public but no API token/auth/role guard was recognized.,add_or_confirm_api_token_guard,no,no
GET,API/Marketing/generateKimiSummaries,»,\App\Modules\APIs\Controllers\MarketingAPIController::generateKimiSummaries,botBlocker requestLifecycle observability ratelimit throttle sessionRevoked,cspoff sessionTracker requestLifecycle observability jsonException toolbar,API_TOKEN,MISSING_GUARD,API route is non-public but no API token/auth/role guard was recognized.,add_or_confirm_api_token_guard,no,no
GET,API/Marketing/generateKimiPosts,»,\App\Modules\APIs\Controllers\MarketingAPIController::generateKimiPosts,botBlocker requestLifecycle observability ratelimit throttle sessionRevoked,cspoff sessionTracker requestLifecycle observability jsonException toolbar,API_TOKEN,MISSING_GUARD,API route is non-public but no API token/auth/role guard was recognized.,add_or_confirm_api_token_guard,no,no
GET,API/Marketing/GenerateFromSimilar/([0-9]+),»,\App\Modules\APIs\Controllers\MarketingAPIController::generateFromSimilar/$1,botBlocker requestLifecycle observability ratelimit throttle sessionRevoked,cspoff sessionTracker requestLifecycle observability jsonException toolbar,API_TOKEN,MISSING_GUARD,API route is non-public but no API token/auth/role guard was recognized.,add_or_confirm_api_token_guard,no,no
GET,API/Marketing/generateFromSimilar,»,\App\Modules\APIs\Controllers\MarketingAPIController::generateFromSimilar,botBlocker requestLifecycle observability ratelimit throttle sessionRevoked,cspoff sessionTracker requestLifecycle observability jsonException toolbar,API_TOKEN,MISSING_GUARD,API route is non-public but no API token/auth/role guard was recognized.,add_or_confirm_api_token_guard,no,no
GET,API/Marketing/generateLivePreview,»,\App\Modules\APIs\Controllers\MarketingAPIController::generateLivePreview,botBlocker requestLifecycle observability ratelimit throttle sessionRevoked,cspoff sessionTracker requestLifecycle observability jsonException toolbar,API_TOKEN,MISSING_GUARD,API route is non-public but no API token/auth/role guard was recognized.,add_or_confirm_api_token_guard,no,no
GET,API/Marketing/generatePostsFromSummary/([0-9]+),»,\App\Modules\APIs\Controllers\MarketingAPIController::generatePostsFromSummary/$1,botBlocker requestLifecycle observability ratelimit throttle sessionRevoked,cspoff sessionTracker requestLifecycle observability jsonException toolbar,API_TOKEN,MISSING_GUARD,API route is non-public but no API token/auth/role guard was recognized.,add_or_confirm_api_token_guard,no,no
GET,API/Marketing/generatePostsFromSummary,»,\App\Modules\APIs\Controllers\MarketingAPIController::generatePostsFromSummary,botBlocker requestLifecycle observability ratelimit throttle sessionRevoked,cspoff sessionTracker requestLifecycle observability jsonException toolbar,API_TOKEN,MISSING_GUARD,API route is non-public but no API token/auth/role guard was recognized.,add_or_confirm_api_token_guard,no,no
GET,API/Marketing/generatePostMediaContent,»,\App\Modules\APIs\Controllers\MarketingAPIController::generatePostMediaContent,botBlocker requestLifecycle observability ratelimit throttle sessionRevoked,cspoff sessionTracker requestLifecycle observability jsonException toolbar,API_TOKEN,MISSING_GUARD,API route is non-public but no API token/auth/role guard was recognized.,add_or_confirm_api_token_guard,no,no
GET,API/Marketing/generateScheduledPosts,»,\App\Modules\APIs\Controllers\MarketingAPIController::generateScheduledPosts,botBlocker requestLifecycle observability ratelimit throttle sessionRevoked,cspoff sessionTracker requestLifecycle observability jsonException toolbar,API_TOKEN,MISSING_GUARD,API route is non-public but no API token/auth/role guard was recognized.,add_or_confirm_api_token_guard,no,no
GET,API/Marketing/getCleanedScrapedContent,»,\App\Modules\APIs\Controllers\MarketingAPIController::getCleanedScrapedContent,botBlocker requestLifecycle observability ratelimit throttle sessionRevoked,cspoff sessionTracker requestLifecycle observability jsonException toolbar,API_TOKEN,MISSING_GUARD,API route is non-public but no API token/auth/role guard was recognized.,add_or_confirm_api_token_guard,no,no
GET,API/Marketing/getScrapeDetails/([0-9]+),»,\App\Modules\APIs\Controllers\MarketingAPIController::getScrapeDetails/$1,botBlocker requestLifecycle observability ratelimit throttle sessionRevoked,cspoff sessionTracker requestLifecycle observability jsonException toolbar,API_TOKEN,MISSING_GUARD,API route is non-public but no API token/auth/role guard was recognized.,add_or_confirm_api_token_guard,no,no
GET,API/Marketing/generateThreadFromSummary/([0-9]+),»,\App\Modules\APIs\Controllers\MarketingAPIController::generateThreadFromSummary/$1,botBlocker requestLifecycle observability ratelimit throttle sessionRevoked,cspoff sessionTracker requestLifecycle observability jsonException toolbar,API_TOKEN,MISSING_GUARD,API route is non-public but no API token/auth/role guard was recognized.,add_or_confirm_api_token_guard,no,no
GET,API/Marketing/getContentPerformanceAnalytics,»,\App\Modules\APIs\Controllers\MarketingAPIController::getContentPerformanceAnalytics,botBlocker requestLifecycle observability ratelimit throttle sessionRevoked,cspoff sessionTracker requestLifecycle observability jsonException toolbar,API_TOKEN,MISSING_GUARD,API route is non-public but no API token/auth/role guard was recognized.,add_or_confirm_api_token_guard,no,no
GET,API/Marketing/getGeneratedPostsPaginated,»,\App\Modules\APIs\Controllers\MarketingAPIController::getGeneratedPostsPaginated,botBlocker requestLifecycle observability ratelimit throttle sessionRevoked,cspoff sessionTracker requestLifecycle observability jsonException toolbar,API_TOKEN,MISSING_GUARD,API route is non-public but no API token/auth/role guard was recognized.,add_or_confirm_api_token_guard,no,no
GET,API/Marketing/getStoryboardPackage/([0-9]+),»,\App\Modules\APIs\Controllers\MarketingAPIController::getStoryboardPackage/$1,botBlocker requestLifecycle observability ratelimit throttle sessionRevoked,cspoff sessionTracker requestLifecycle observability jsonException toolbar,API_TOKEN,MISSING_GUARD,API route is non-public but no API token/auth/role guard was recognized.,add_or_confirm_api_token_guard,no,no
GET,API/Marketing/getTopGeneratedPosts,»,\App\Modules\APIs\Controllers\MarketingAPIController::getTopGeneratedPosts,botBlocker requestLifecycle observability ratelimit throttle sessionRevoked,cspoff sessionTracker requestLifecycle observability jsonException toolbar,API_TOKEN,MISSING_GUARD,API route is non-public but no API token/auth/role guard was recognized.,add_or_confirm_api_token_guard,no,no
GET,API/Marketing/getTopKeywordChart/([0-9]+),»,\App\Modules\APIs\Controllers\MarketingAPIController::getTopKeywordChart/$1,botBlocker requestLifecycle observability ratelimit throttle sessionRevoked,cspoff sessionTracker requestLifecycle observability jsonException toolbar,API_TOKEN,MISSING_GUARD,API route is non-public but no API token/auth/role guard was recognized.,add_or_confirm_api_token_guard,no,no
GET,API/Marketing/groupSimilarSummariesByCosine,»,\App\Modules\APIs\Controllers\MarketingAPIController::groupSimilarSummariesByCosine,botBlocker requestLifecycle observability ratelimit throttle sessionRevoked,cspoff sessionTracker requestLifecycle observability jsonException toolbar,API_TOKEN,MISSING_GUARD,API route is non-public but no API token/auth/role guard was recognized.,add_or_confirm_api_token_guard,no,no
GET,API/Marketing/massResendActivationEmails,»,\App\Modules\APIs\Controllers\MarketingAPIController::massResendActivationEmails,botBlocker requestLifecycle observability ratelimit throttle sessionRevoked,cspoff sessionTracker requestLifecycle observability jsonException toolbar,API_TOKEN,MISSING_GUARD,API route is non-public but no API token/auth/role guard was recognized.,add_or_confirm_api_token_guard,no,no
GET,API/Marketing/monitorKeywords,»,\App\Modules\APIs\Controllers\MarketingAPIController::monitorKeywordsAndScrape,botBlocker requestLifecycle observability ratelimit throttle sessionRevoked,cspoff sessionTracker requestLifecycle observability jsonException toolbar,API_TOKEN,MISSING_GUARD,API route is non-public but no API token/auth/role guard was recognized.,add_or_confirm_api_token_guard,no,no
GET,API/Marketing/previewBufferItem/([0-9]+),»,\App\Modules\APIs\Controllers\MarketingAPIController::previewBufferItem/$1,botBlocker requestLifecycle observability ratelimit throttle sessionRevoked,cspoff sessionTracker requestLifecycle observability jsonException toolbar,API_TOKEN,MISSING_GUARD,API route is non-public but no API token/auth/role guard was recognized.,add_or_confirm_api_token_guard,no,no
GET,API/Marketing/previewPendingSummaries,»,\App\Modules\APIs\Controllers\MarketingAPIController::previewPendingSummaries,botBlocker requestLifecycle observability ratelimit throttle sessionRevoked,cspoff sessionTracker requestLifecycle observability jsonException toolbar,API_TOKEN,MISSING_GUARD,API route is non-public but no API token/auth/role guard was recognized.,add_or_confirm_api_token_guard,no,no
GET,API/Marketing/processMarketingTempEmails/([0-9]+)/([^/]+)/([0-9]+),»,\App\Modules\APIs\Controllers\MarketingAPIController::processMarketingTempEmails/$1/$2/$3,botBlocker requestLifecycle observability ratelimit throttle sessionRevoked,cspoff sessionTracker requestLifecycle observability jsonException toolbar,API_TOKEN,MISSING_GUARD,API route is non-public but no API token/auth/role guard was recognized.,add_or_confirm_api_token_guard,no,no
GET,API/Marketing/processMarketingTempEmails/([0-9]+)/([^/]+),»,\App\Modules\APIs\Controllers\MarketingAPIController::processMarketingTempEmails/$1/$2,botBlocker requestLifecycle observability ratelimit throttle sessionRevoked,cspoff sessionTracker requestLifecycle observability jsonException toolbar,API_TOKEN,MISSING_GUARD,API route is non-public but no API token/auth/role guard was recognized.,add_or_confirm_api_token_guard,no,no
GET,API/Marketing/publishGroupedContentDraft,»,\App\Modules\APIs\Controllers\MarketingAPIController::publishGroupedContentDraft,botBlocker requestLifecycle observability ratelimit throttle sessionRevoked,cspoff sessionTracker requestLifecycle observability jsonException toolbar,API_TOKEN,MISSING_GUARD,API route is non-public but no API token/auth/role guard was recognized.,add_or_confirm_api_token_guard,no,no
GET,API/Marketing/rankBufferPostsDaily,»,\App\Modules\APIs\Controllers\MarketingAPIController::rankBufferPostsDaily,botBlocker requestLifecycle observability ratelimit throttle sessionRevoked,cspoff sessionTracker requestLifecycle observability jsonException toolbar,API_TOKEN,MISSING_GUARD,API route is non-public but no API token/auth/role guard was recognized.,add_or_confirm_api_token_guard,no,no
GET,API/Marketing/runNewsScrape,»,\App\Modules\APIs\Controllers\MarketingAPIController::runNewsScrape,botBlocker requestLifecycle observability ratelimit throttle sessionRevoked,cspoff sessionTracker requestLifecycle observability jsonException toolbar,API_TOKEN,MISSING_GUARD,API route is non-public but no API token/auth/role guard was recognized.,add_or_confirm_api_token_guard,no,no
GET,API/Marketing/runNewsGenerate,»,\App\Modules\APIs\Controllers\MarketingAPIController::runNewsGenerate,botBlocker requestLifecycle observability ratelimit throttle sessionRevoked,cspoff sessionTracker requestLifecycle observability jsonException toolbar,API_TOKEN,MISSING_GUARD,API route is non-public but no API token/auth/role guard was recognized.,add_or_confirm_api_token_guard,no,no
GET,API/Marketing/runNewsPipeline,»,\App\Modules\APIs\Controllers\MarketingAPIController::runNewsPipeline,botBlocker requestLifecycle observability ratelimit throttle sessionRevoked,cspoff sessionTracker requestLifecycle observability jsonException toolbar,API_TOKEN,MISSING_GUARD,API route is non-public but no API token/auth/role guard was recognized.,add_or_confirm_api_token_guard,no,no
GET,API/Marketing/reprocessIncompleteEmails,»,\App\Modules\APIs\Controllers\MarketingAPIController::reprocessIncompleteEmails,botBlocker requestLifecycle observability ratelimit throttle sessionRevoked,cspoff sessionTracker requestLifecycle observability jsonException toolbar,API_TOKEN,MISSING_GUARD,API route is non-public but no API token/auth/role guard was recognized.,add_or_confirm_api_token_guard,no,no
GET,API/Marketing/runContentGenerationBatch,»,\App\Modules\APIs\Controllers\MarketingAPIController::runContentGenerationBatch,botBlocker requestLifecycle observability ratelimit throttle sessionRevoked,cspoff sessionTracker requestLifecycle observability jsonException toolbar,API_TOKEN,MISSING_GUARD,API route is non-public but no API token/auth/role guard was recognized.,add_or_confirm_api_token_guard,no,no
GET,API/Marketing/runKeywordEnrichment,»,\App\Modules\APIs\Controllers\MarketingAPIController::runKeywordEnrichment,botBlocker requestLifecycle observability ratelimit throttle sessionRevoked,cspoff sessionTracker requestLifecycle observability jsonException toolbar,API_TOKEN,MISSING_GUARD,API route is non-public but no API token/auth/role guard was recognized.,add_or_confirm_api_token_guard,no,no
GET,API/Marketing/runScheduledTasks,»,\App\Modules\APIs\Controllers\MarketingAPIController::runScheduledTasks,botBlocker requestLifecycle observability ratelimit throttle sessionRevoked,cspoff sessionTracker requestLifecycle observability jsonException toolbar,API_TOKEN,MISSING_GUARD,API route is non-public but no API token/auth/role guard was recognized.,add_or_confirm_api_token_guard,no,no
GET,API/Marketing/Search/([^/]+)/(.*),»,\App\Modules\APIs\Controllers\ManagementController::index/$1/$2,botBlocker requestLifecycle observability ratelimit throttle sessionRevoked,cspoff sessionTracker requestLifecycle observability jsonException toolbar,API_TOKEN,MISSING_GUARD,API route is non-public but no API token/auth/role guard was recognized.,add_or_confirm_api_token_guard,no,no
GET,API/Marketing/sendWalkthroughEmails,»,\App\Modules\APIs\Controllers\MarketingAPIController::sendWalkthroughEmails,botBlocker requestLifecycle observability ratelimit throttle sessionRevoked,cspoff sessionTracker requestLifecycle observability jsonException toolbar,API_TOKEN,MISSING_GUARD,API route is non-public but no API token/auth/role guard was recognized.,add_or_confirm_api_token_guard,no,no
GET,API/Marketing/scheduleApprovedPost/([0-9]+),»,\App\Modules\APIs\Controllers\MarketingAPIController::scheduleApprovedPost/$1,botBlocker requestLifecycle observability ratelimit throttle sessionRevoked,cspoff sessionTracker requestLifecycle observability jsonException toolbar,API_TOKEN,MISSING_GUARD,API route is non-public but no API token/auth/role guard was recognized.,add_or_confirm_api_token_guard,no,no
GET,API/Marketing/schedulePost/(.*)/(.*)/(.*),»,\App\Modules\APIs\Controllers\MarketingAPIController::schedulePost/$1/$2/$3,botBlocker requestLifecycle observability ratelimit throttle sessionRevoked,cspoff sessionTracker requestLifecycle observability jsonException toolbar,API_TOKEN,MISSING_GUARD,API route is non-public but no API token/auth/role guard was recognized.,add_or_confirm_api_token_guard,no,no
GET,API/Marketing/sharePost/([0-9]+)/([^/]+),»,\App\Modules\APIs\Controllers\MarketingAPIController::sharePost/$1/$2,botBlocker requestLifecycle observability ratelimit throttle sessionRevoked,cspoff sessionTracker requestLifecycle observability jsonException toolbar,API_TOKEN,MISSING_GUARD,API route is non-public but no API token/auth/role guard was recognized.,add_or_confirm_api_token_guard,no,no
GET,API/Marketing/Large-Content/Form,»,\App\Modules\APIs\Controllers\MarketingAPIController::submitLargeContentForm,botBlocker requestLifecycle observability ratelimit throttle sessionRevoked,cspoff sessionTracker requestLifecycle observability jsonException toolbar,API_TOKEN,MISSING_GUARD,API route is non-public but no API token/auth/role guard was recognized.,add_or_confirm_api_token_guard,no,no
GET,API/Marketing/Manual-Content/Form,»,\App\Modules\APIs\Controllers\MarketingAPIController::shortLongContentForm,botBlocker requestLifecycle observability ratelimit throttle sessionRevoked,cspoff sessionTracker requestLifecycle observability jsonException toolbar,API_TOKEN,MISSING_GUARD,API route is non-public but no API token/auth/role guard was recognized.,add_or_confirm_api_token_guard,no,no
GET,API/Marketing/testGenerateDailyDigest,»,\App\Modules\APIs\Controllers\MarketingAPIController::testGenerateDailyDigest,botBlocker requestLifecycle observability ratelimit throttle sessionRevoked,cspoff sessionTracker requestLifecycle observability jsonException toolbar,API_TOKEN,MISSING_GUARD,API route is non-public but no API token/auth/role guard was recognized.,add_or_confirm_api_token_guard,no,no
GET,API/Marketing/testGenerateFromTempEmail/([0-9]+),»,\App\Modules\APIs\Controllers\MarketingAPIController::testGenerateFromTempEmail/$1,botBlocker requestLifecycle observability ratelimit throttle sessionRevoked,cspoff sessionTracker requestLifecycle observability jsonException toolbar,API_TOKEN,MISSING_GUARD,API route is non-public but no API token/auth/role guard was recognized.,add_or_confirm_api_token_guard,no,no
GET,API/Marketing/testTfIdfEdgeCases,»,\App\Modules\APIs\Controllers\MarketingAPIController::testTfIdfEdgeCases,botBlocker requestLifecycle observability ratelimit throttle sessionRevoked,cspoff sessionTracker requestLifecycle observability jsonException toolbar,API_TOKEN,MISSING_GUARD,API route is non-public but no API token/auth/role guard was recognized.,add_or_confirm_api_token_guard,no,no
GET,API/Marketing/testGenerateSummarizerHarness,»,\App\Modules\APIs\Controllers\MarketingAPIController::testGenerateSummarizerHarness,botBlocker requestLifecycle observability ratelimit throttle sessionRevoked,cspoff sessionTracker requestLifecycle observability jsonException toolbar,API_TOKEN,MISSING_GUARD,API route is non-public but no API token/auth/role guard was recognized.,add_or_confirm_api_token_guard,no,no
GET,API/Marketing/Timeline/([^/]+),»,\App\Modules\APIs\Controllers\MarketingAPIController::timeline/$1,botBlocker requestLifecycle observability ratelimit throttle sessionRevoked,cspoff sessionTracker requestLifecycle observability jsonException toolbar,API_TOKEN,MISSING_GUARD,API route is non-public but no API token/auth/role guard was recognized.,add_or_confirm_api_token_guard,no,no
GET,API/Marketing/Timeline,»,\App\Modules\APIs\Controllers\MarketingAPIController::viewTimelineGrouped,botBlocker requestLifecycle observability ratelimit throttle sessionRevoked,cspoff sessionTracker requestLifecycle observability jsonException toolbar,API_TOKEN,MISSING_GUARD,API route is non-public but no API token/auth/role guard was recognized.,add_or_confirm_api_token_guard,no,no
GET,API/Marketing/triggerPostAutogenOnEmpty,»,\App\Modules\APIs\Controllers\MarketingAPIController::triggerPostAutogenOnEmpty,botBlocker requestLifecycle observability ratelimit throttle sessionRevoked,cspoff sessionTracker requestLifecycle observability jsonException toolbar,API_TOKEN,MISSING_GUARD,API route is non-public but no API token/auth/role guard was recognized.,add_or_confirm_api_token_guard,no,no
GET,API/Marketing/processPendingNotifications,»,\App\Modules\APIs\Controllers\MarketingAPIController::processPendingNotifications,botBlocker requestLifecycle observability ratelimit throttle sessionRevoked,cspoff sessionTracker requestLifecycle observability jsonException toolbar,API_TOKEN,MISSING_GUARD,API route is non-public but no API token/auth/role guard was recognized.,add_or_confirm_api_token_guard,no,no
GET,API/Marketing/processPendingTempScraper,»,\App\Modules\APIs\Controllers\MarketingAPIController::processPendingTempScraper,botBlocker requestLifecycle observability ratelimit throttle sessionRevoked,cspoff sessionTracker requestLifecycle observability jsonException toolbar,API_TOKEN,MISSING_GUARD,API route is non-public but no API token/auth/role guard was recognized.,add_or_confirm_api_token_guard,no,no
GET,API/Marketing/processPendingCampaigns,»,\App\Modules\APIs\Controllers\MarketingAPIController::processPendingCampaigns,botBlocker requestLifecycle observability ratelimit throttle sessionRevoked,cspoff sessionTracker requestLifecycle observability jsonException toolbar,API_TOKEN,MISSING_GUARD,API route is non-public but no API token/auth/role guard was recognized.,add_or_confirm_api_token_guard,no,no
GET,API/Marketing/processPendingGeneratedContent,»,\App\Modules\APIs\Controllers\MarketingAPIController::processPendingGeneratedContent,botBlocker requestLifecycle observability ratelimit throttle sessionRevoked,cspoff sessionTracker requestLifecycle observability jsonException toolbar,API_TOKEN,MISSING_GUARD,API route is non-public but no API token/auth/role guard was recognized.,add_or_confirm_api_token_guard,no,no
GET,API/Marketing/distributionSummary,»,\App\Modules\APIs\Controllers\MarketingAPIController::distributionSummary,botBlocker requestLifecycle observability ratelimit throttle sessionRevoked,cspoff sessionTracker requestLifecycle observability jsonException toolbar,API_TOKEN,MISSING_GUARD,API route is non-public but no API token/auth/role guard was recognized.,add_or_confirm_api_token_guard,no,no
GET,API/Marketing/distributionHistory/([0-9]+),»,\App\Modules\APIs\Controllers\MarketingAPIController::distributionHistory/$1,botBlocker requestLifecycle observability ratelimit throttle sessionRevoked,cspoff sessionTracker requestLifecycle observability jsonException toolbar,API_TOKEN,MISSING_GUARD,API route is non-public but no API token/auth/role guard was recognized.,add_or_confirm_api_token_guard,no,no
GET,API/Marketing/distributionFailedSummary,»,\App\Modules\APIs\Controllers\MarketingAPIController::distributionFailedSummary,botBlocker requestLifecycle observability ratelimit throttle sessionRevoked,cspoff sessionTracker requestLifecycle observability jsonException toolbar,API_TOKEN,MISSING_GUARD,API route is non-public but no API token/auth/role guard was recognized.,add_or_confirm_api_token_guard,no,no
GET,API/Marketing/distributionChannelTotals,»,\App\Modules\APIs\Controllers\MarketingAPIController::distributionChannelTotals,botBlocker requestLifecycle observability ratelimit throttle sessionRevoked,cspoff sessionTracker requestLifecycle observability jsonException toolbar,API_TOKEN,MISSING_GUARD,API route is non-public but no API token/auth/role guard was recognized.,add_or_confirm_api_token_guard,no,no
GET,API/Marketing/retryDistributionTargets,»,\App\Modules\APIs\Controllers\MarketingAPIController::retryDistributionTargets,botBlocker requestLifecycle observability ratelimit throttle sessionRevoked,cspoff sessionTracker requestLifecycle observability jsonException toolbar,API_TOKEN,MISSING_GUARD,API route is non-public but no API token/auth/role guard was recognized.,add_or_confirm_api_token_guard,no,no
GET,API/Marketing/retryDistributionTargets/([0-9]+),»,\App\Modules\APIs\Controllers\MarketingAPIController::retryDistributionTargets/$1,botBlocker requestLifecycle observability ratelimit throttle sessionRevoked,cspoff sessionTracker requestLifecycle observability jsonException toolbar,API_TOKEN,MISSING_GUARD,API route is non-public but no API token/auth/role guard was recognized.,add_or_confirm_api_token_guard,no,no
GET,API/Marketing/runMarketingPipeline,»,\App\Modules\APIs\Controllers\MarketingAPIController::runMarketingPipeline,botBlocker requestLifecycle observability ratelimit throttle sessionRevoked,cspoff sessionTracker requestLifecycle observability jsonException toolbar,API_TOKEN,MISSING_GUARD,API route is non-public but no API token/auth/role guard was recognized.,add_or_confirm_api_token_guard,no,no
GET,API/Marketing,»,\App\Modules\APIs\Controllers\MarketingAPIController::index,botBlocker requestLifecycle observability ratelimit throttle sessionRevoked,cspoff sessionTracker requestLifecycle observability jsonException toolbar,API_TOKEN,MISSING_GUARD,API route is non-public but no API token/auth/role guard was recognized.,add_or_confirm_api_token_guard,no,no
GET,API/Marketing/Add/([^/]+),»,\App\Modules\APIs\Controllers\MarketingAPIController::add/$1,botBlocker requestLifecycle observability ratelimit throttle sessionRevoked,cspoff sessionTracker requestLifecycle observability jsonException toolbar,API_TOKEN,MISSING_GUARD,API route is non-public but no API token/auth/role guard was recognized.,add_or_confirm_api_token_guard,no,no
GET,API/Marketing/Approve-Content/([0-9]+),»,\App\Modules\APIs\Controllers\MarketingAPIController::approveContent/$1,botBlocker requestLifecycle observability ratelimit throttle sessionRevoked,cspoff sessionTracker requestLifecycle observability jsonException toolbar,API_TOKEN,MISSING_GUARD,API route is non-public but no API token/auth/role guard was recognized.,add_or_confirm_api_token_guard,no,no
GET,API/Marketing/Blog-Creator,»,\App\Modules\APIs\Controllers\MarketingAPIController::blogCreator,botBlocker requestLifecycle observability ratelimit throttle sessionRevoked,cspoff sessionTracker requestLifecycle observability jsonException toolbar,API_TOKEN,MISSING_GUARD,API route is non-public but no API token/auth/role guard was recognized.,add_or_confirm_api_token_guard,no,no
GET,API/Marketing/Blogs,»,\App\Modules\APIs\Controllers\MarketingAPIController::blogs,botBlocker requestLifecycle observability ratelimit throttle sessionRevoked,cspoff sessionTracker requestLifecycle observability jsonException toolbar,API_TOKEN,MISSING_GUARD,API route is non-public but no API token/auth/role guard was recognized.,add_or_confirm_api_token_guard,no,no
GET,API/Marketing/Campaigns,»,\App\Modules\APIs\Controllers\MarketingAPIController::campaigns,botBlocker requestLifecycle observability ratelimit throttle sessionRevoked,cspoff sessionTracker requestLifecycle observability jsonException toolbar,API_TOKEN,MISSING_GUARD,API route is non-public but no API token/auth/role guard was recognized.,add_or_confirm_api_token_guard,no,no
GET,API/Marketing/Content-Review,»,\App\Modules\APIs\Controllers\MarketingAPIController::contentReview,botBlocker requestLifecycle observability ratelimit throttle sessionRevoked,cspoff sessionTracker requestLifecycle observability jsonException toolbar,API_TOKEN,MISSING_GUARD,API route is non-public but no API token/auth/role guard was recognized.,add_or_confirm_api_token_guard,no,no
GET,API/Marketing/Content/Generator,»,\App\Modules\APIs\Controllers\MarketingAPIController::contentGenerator,botBlocker requestLifecycle observability ratelimit throttle sessionRevoked,cspoff sessionTracker requestLifecycle observability jsonException toolbar,API_TOKEN,MISSING_GUARD,API route is non-public but no API token/auth/role guard was recognized.,add_or_confirm_api_token_guard,no,no
GET,API/Marketing/Content/Listing,»,\App\Modules\APIs\Controllers\MarketingAPIController::contentListing,botBlocker requestLifecycle observability ratelimit throttle sessionRevoked,cspoff sessionTracker requestLifecycle observability jsonException toolbar,API_TOKEN,MISSING_GUARD,API route is non-public but no API token/auth/role guard was recognized.,add_or_confirm_api_token_guard,no,no
GET,API/Marketing/Daily-Log,»,\App\Modules\APIs\Controllers\MarketingAPIController::viewDailyLogs,botBlocker requestLifecycle observability ratelimit throttle sessionRevoked,cspoff sessionTracker requestLifecycle observability jsonException toolbar,API_TOKEN,MISSING_GUARD,API route is non-public but no API token/auth/role guard was recognized.,add_or_confirm_api_token_guard,no,no
GET,API/Marketing/Edit-Content/([0-9]+),»,\App\Modules\APIs\Controllers\MarketingAPIController::editContent/$1,botBlocker requestLifecycle observability ratelimit throttle sessionRevoked,cspoff sessionTracker requestLifecycle observability jsonException toolbar,API_TOKEN,MISSING_GUARD,API route is non-public but no API token/auth/role guard was recognized.,add_or_confirm_api_token_guard,no,no
GET,API/Marketing/Email/(.*)/(.*),»,\App\Modules\APIs\Controllers\MarketingAPIController::viewEmail/$1/$2,botBlocker requestLifecycle observability ratelimit throttle sessionRevoked,cspoff sessionTracker requestLifecycle observability jsonException toolbar,API_TOKEN,MISSING_GUARD,API route is non-public but no API token/auth/role guard was recognized.,add_or_confirm_api_token_guard,no,no
GET,API/Marketing/fetchEmails,»,\App\Modules\APIs\Controllers\MarketingAPIController::fetchEmails,botBlocker requestLifecycle observability ratelimit throttle sessionRevoked,cspoff sessionTracker requestLifecycle observability jsonException toolbar,API_TOKEN,MISSING_GUARD,API route is non-public but no API token/auth/role guard was recognized.,add_or_confirm_api_token_guard,no,no
GET,API/Marketing/Financial-News,»,\App\Modules\APIs\Controllers\MarketingAPIController::financialNews,botBlocker requestLifecycle observability ratelimit throttle sessionRevoked,cspoff sessionTracker requestLifecycle observability jsonException toolbar,API_TOKEN,MISSING_GUARD,API route is non-public but no API token/auth/role guard was recognized.,add_or_confirm_api_token_guard,no,no
GET,API/Marketing/generateContent,»,\App\Modules\APIs\Controllers\MarketingAPIController::generateContent,botBlocker requestLifecycle observability ratelimit throttle sessionRevoked,cspoff sessionTracker requestLifecycle observability jsonException toolbar,API_TOKEN,MISSING_GUARD,API route is non-public but no API token/auth/role guard was recognized.,add_or_confirm_api_token_guard,no,no
GET,API/Marketing/generateNewsletter,»,\App\Modules\APIs\Controllers\MarketingAPIController::generateNewsletterContent,botBlocker requestLifecycle observability ratelimit throttle sessionRevoked,cspoff sessionTracker requestLifecycle observability jsonException toolbar,API_TOKEN,MISSING_GUARD,API route is non-public but no API token/auth/role guard was recognized.,add_or_confirm_api_token_guard,no,no
GET,API/Marketing/getRecentScrapes,»,\App\Modules\APIs\Controllers\MarketingAPIController::getRecentScrapes,botBlocker requestLifecycle observability ratelimit throttle sessionRevoked,cspoff sessionTracker requestLifecycle observability jsonException toolbar,API_TOKEN,MISSING_GUARD,API route is non-public but no API token/auth/role guard was recognized.,add_or_confirm_api_token_guard,no,no
GET,API/Marketing/Grouped-Content-Drafts,»,\App\Modules\APIs\Controllers\MarketingAPIController::generateGroupedContentDrafts,botBlocker requestLifecycle observability ratelimit throttle sessionRevoked,cspoff sessionTracker requestLifecycle observability jsonException toolbar,API_TOKEN,MISSING_GUARD,API route is non-public but no API token/auth/role guard was recognized.,add_or_confirm_api_token_guard,no,no
GET,API/Marketing/Ideas,»,\App\Modules\APIs\Controllers\MarketingAPIController::ideas,botBlocker requestLifecycle observability ratelimit throttle sessionRevoked,cspoff sessionTracker requestLifecycle observability jsonException toolbar,API_TOKEN,MISSING_GUARD,API route is non-public but no API token/auth/role guard was recognized.,add_or_confirm_api_token_guard,no,no
GET,API/Marketing/Post-Creator,»,\App\Modules\APIs\Controllers\MarketingAPIController::postCreator,botBlocker requestLifecycle observability ratelimit throttle sessionRevoked,cspoff sessionTracker requestLifecycle observability jsonException toolbar,API_TOKEN,MISSING_GUARD,API route is non-public but no API token/auth/role guard was recognized.,add_or_confirm_api_token_guard,no,no
GET,API/Marketing/previewGeneratedPost/([0-9]+),»,\App\Modules\APIs\Controllers\MarketingAPIController::previewGeneratedPost/$1,botBlocker requestLifecycle observability ratelimit throttle sessionRevoked,cspoff sessionTracker requestLifecycle observability jsonException toolbar,API_TOKEN,MISSING_GUARD,API route is non-public but no API token/auth/role guard was recognized.,add_or_confirm_api_token_guard,no,no
GET,API/Marketing/Promote,»,\App\Modules\APIs\Controllers\MarketingAPIController::promote,botBlocker requestLifecycle observability ratelimit throttle sessionRevoked,cspoff sessionTracker requestLifecycle observability jsonException toolbar,API_TOKEN,MISSING_GUARD,API route is non-public but no API token/auth/role guard was recognized.,add_or_confirm_api_token_guard,no,no
GET,API/Marketing/Promote/([^/]+),»,\App\Modules\APIs\Controllers\MarketingAPIController::promote,botBlocker requestLifecycle observability ratelimit throttle sessionRevoked,cspoff sessionTracker requestLifecycle observability jsonException toolbar,API_TOKEN,MISSING_GUARD,API route is non-public but no API token/auth/role guard was recognized.,add_or_confirm_api_token_guard,no,no
GET,API/Marketing/Research,»,\App\Modules\APIs\Controllers\AlertsAPIController::research,botBlocker requestLifecycle observability ratelimit throttle sessionRevoked,cspoff sessionTracker requestLifecycle observability jsonException toolbar,API_TOKEN,MISSING_GUARD,API route is non-public but no API token/auth/role guard was recognized.,add_or_confirm_api_token_guard,no,no
GET,API/Marketing/RunContentGeneration,»,\App\Modules\APIs\Controllers\Management\MarketingAPIController::runContentGeneration,botBlocker requestLifecycle observability ratelimit throttle sessionRevoked,cspoff sessionTracker requestLifecycle observability jsonException toolbar,API_TOKEN,MISSING_GUARD,API route is non-public but no API token/auth/role guard was recognized.,add_or_confirm_api_token_guard,no,no
GET,API/Marketing/Quick-Scraper,»,\App\Modules\APIs\Controllers\MarketingAPIController::standaloneScrape,botBlocker requestLifecycle observability ratelimit throttle sessionRevoked,cspoff sessionTracker requestLifecycle observability jsonException toolbar,API_TOKEN,MISSING_GUARD,API route is non-public but no API token/auth/role guard was recognized.,add_or_confirm_api_token_guard,no,no
GET,API/Marketing/Reject-Content/([0-9]+),»,\App\Modules\APIs\Controllers\MarketingAPIController::rejectContent/$1,botBlocker requestLifecycle observability ratelimit throttle sessionRevoked,cspoff sessionTracker requestLifecycle observability jsonException toolbar,API_TOKEN,MISSING_GUARD,API route is non-public but no API token/auth/role guard was recognized.,add_or_confirm_api_token_guard,no,no
GET,API/Marketing/Schedule,»,\App\Modules\APIs\Controllers\MarketingAPIController::schedule,botBlocker requestLifecycle observability ratelimit throttle sessionRevoked,cspoff sessionTracker requestLifecycle observability jsonException toolbar,API_TOKEN,MISSING_GUARD,API route is non-public but no API token/auth/role guard was recognized.,add_or_confirm_api_token_guard,no,no
GET,API/Marketing/Schedule/([^/]+),»,\App\Modules\APIs\Controllers\MarketingAPIController::schedule/$1,botBlocker requestLifecycle observability ratelimit throttle sessionRevoked,cspoff sessionTracker requestLifecycle observability jsonException toolbar,API_TOKEN,MISSING_GUARD,API route is non-public but no API token/auth/role guard was recognized.,add_or_confirm_api_token_guard,no,no
GET,API/Marketing/scheduleNewsletters,»,\App\Modules\APIs\Controllers\MarketingAPIController::scheduleNewsletterCampaign,botBlocker requestLifecycle observability ratelimit throttle sessionRevoked,cspoff sessionTracker requestLifecycle observability jsonException toolbar,API_TOKEN,MISSING_GUARD,API route is non-public but no API token/auth/role guard was recognized.,add_or_confirm_api_token_guard,no,no
GET,API/Marketing/submitDailyLog,»,\App\Modules\APIs\Controllers\MarketingAPIController::submitDailyLog,botBlocker requestLifecycle observability ratelimit throttle sessionRevoked,cspoff sessionTracker requestLifecycle observability jsonException toolbar,API_TOKEN,MISSING_GUARD,API route is non-public but no API token/auth/role guard was recognized.,add_or_confirm_api_token_guard,no,no
GET,API/Marketing/sendNotification,»,\App\Modules\APIs\Controllers\MarketingAPIController::sendNotification,botBlocker requestLifecycle observability ratelimit throttle sessionRevoked,cspoff sessionTracker requestLifecycle observability jsonException toolbar,API_TOKEN,MISSING_GUARD,API route is non-public but no API token/auth/role guard was recognized.,add_or_confirm_api_token_guard,no,no
GET,API/Marketing/sendNewsletter,»,\App\Modules\APIs\Controllers\MarketingAPIController::sendScheduleNewsletter,botBlocker requestLifecycle observability ratelimit throttle sessionRevoked,cspoff sessionTracker requestLifecycle observability jsonException toolbar,API_TOKEN,MISSING_GUARD,API route is non-public but no API token/auth/role guard was recognized.,add_or_confirm_api_token_guard,no,no
GET,API/Marketing/Communities,»,\App\Modules\APIs\Controllers\MarketingAPIController::communities,botBlocker requestLifecycle observability ratelimit throttle sessionRevoked,cspoff sessionTracker requestLifecycle observability jsonException toolbar,API_TOKEN,MISSING_GUARD,API route is non-public but no API token/auth/role guard was recognized.,add_or_confirm_api_token_guard,no,no
GET,API/Marketing/Test,»,\App\Modules\APIs\Controllers\MarketingAPIController::test,botBlocker requestLifecycle observability ratelimit throttle sessionRevoked,cspoff sessionTracker requestLifecycle observability jsonException toolbar,API_TOKEN,MISSING_GUARD,API route is non-public but no API token/auth/role guard was recognized.,add_or_confirm_api_token_guard,no,no
GET,API/Marketing/Twitter,»,\App\Modules\APIs\Controllers\MarketingAPIController::twitterDashboard,botBlocker requestLifecycle observability ratelimit throttle sessionRevoked,cspoff sessionTracker requestLifecycle observability jsonException toolbar,API_TOKEN,MISSING_GUARD,API route is non-public but no API token/auth/role guard was recognized.,add_or_confirm_api_token_guard,no,no
GET,API/Marketing/Video-Creator,»,\App\Modules\APIs\Controllers\MarketingAPIController::videoCreator,botBlocker requestLifecycle observability ratelimit throttle sessionRevoked,cspoff sessionTracker requestLifecycle observability jsonException toolbar,API_TOKEN,MISSING_GUARD,API route is non-public but no API token/auth/role guard was recognized.,add_or_confirm_api_token_guard,no,no
GET,API/Marketing/View-Email/([^/]+)/([^/]+),»,\App\Modules\APIs\Controllers\MarketingAPIController::viewEmail/$1/$2,botBlocker requestLifecycle observability ratelimit throttle sessionRevoked,cspoff sessionTracker requestLifecycle observability jsonException toolbar,API_TOKEN,MISSING_GUARD,API route is non-public but no API token/auth/role guard was recognized.,add_or_confirm_api_token_guard,no,no
GET,API/Marketing/View-Grouped-Summaries,»,\App\Modules\APIs\Controllers\MarketingAPIController::View-Grouped-Summaries,botBlocker requestLifecycle observability ratelimit throttle sessionRevoked,cspoff sessionTracker requestLifecycle observability jsonException toolbar,API_TOKEN,MISSING_GUARD,API route is non-public but no API token/auth/role guard was recognized.,add_or_confirm_api_token_guard,no,no
GET,API/Marketing/MyMI-Gold/Tasks/Add,»,\App\Modules\APIs\Controllers\WalletsAPIController::addUserGoldTasks,botBlocker requestLifecycle observability ratelimit throttle sessionRevoked,cspoff sessionTracker requestLifecycle observability jsonException toolbar,API_TOKEN,MISSING_GUARD,API route is non-public but no API token/auth/role guard was recognized.,add_or_confirm_api_token_guard,no,no
GET,API/Marketing/Email-Templates/create,»,\App\Modules\APIs\Controllers\EmailTemplateController::create,botBlocker requestLifecycle observability ratelimit throttle sessionRevoked,cspoff sessionTracker requestLifecycle observability jsonException toolbar,API_TOKEN,MISSING_GUARD,API route is non-public but no API token/auth/role guard was recognized.,add_or_confirm_api_token_guard,no,no
GET,API/Marketing/Email-Queue,»,\App\Modules\APIs\Controllers\EmailQueueController::index,botBlocker requestLifecycle observability ratelimit throttle sessionRevoked,cspoff sessionTracker requestLifecycle observability jsonException toolbar,API_TOKEN,MISSING_GUARD,API route is non-public but no API token/auth/role guard was recognized.,add_or_confirm_api_token_guard,no,no
GET,API/Marketing/Email-Queue/create,»,\App\Modules\APIs\Controllers\EmailQueueController::create,botBlocker requestLifecycle observability ratelimit throttle sessionRevoked,cspoff sessionTracker requestLifecycle observability jsonException toolbar,API_TOKEN,MISSING_GUARD,API route is non-public but no API token/auth/role guard was recognized.,add_or_confirm_api_token_guard,no,no
GET,API/Marketing/getPlatforms,»,\App\Modules\APIs\Controllers\ManagementAPIController::getPlatforms,botBlocker requestLifecycle observability ratelimit throttle sessionRevoked,cspoff sessionTracker requestLifecycle observability jsonException toolbar,API_TOKEN,MISSING_GUARD,API route is non-public but no API token/auth/role guard was recognized.,add_or_confirm_api_token_guard,no,no
GET,API/Marketing/getPlatformRules/([^/]+),»,\App\Modules\APIs\Controllers\ManagementAPIController::getPlatformRules/$1,botBlocker requestLifecycle observability ratelimit throttle sessionRevoked,cspoff sessionTracker requestLifecycle observability jsonException toolbar,API_TOKEN,MISSING_GUARD,API route is non-public but no API token/auth/role guard was recognized.,add_or_confirm_api_token_guard,no,no
GET,API/Marketing/listSuggestions/([^/]+)/([^/]+),»,\App\Modules\APIs\Controllers\ManagementAPIController::listSuggestions/$1/$2,botBlocker requestLifecycle observability ratelimit throttle sessionRevoked,cspoff sessionTracker requestLifecycle observability jsonException toolbar,API_TOKEN,MISSING_GUARD,API route is non-public but no API token/auth/role guard was recognized.,add_or_confirm_api_token_guard,no,no
GET,API/Predictions,»,\App\Modules\APIs\Controllers\PredictionsAPIController::index,botBlocker requestLifecycle observability ratelimit throttle sessionRevoked,cspoff sessionTracker requestLifecycle observability jsonException toolbar,API_TOKEN,MISSING_GUARD,API route is non-public but no API token/auth/role guard was recognized.,add_or_confirm_api_token_guard,no,no
GET,API/Predictions/Liquidity/Add,»,\App\Modules\APIs\Controllers\PredictionsAPIController::addLiquidity,botBlocker requestLifecycle observability ratelimit throttle sessionRevoked,cspoff sessionTracker requestLifecycle observability jsonException toolbar,API_TOKEN,MISSING_GUARD,API route is non-public but no API token/auth/role guard was recognized.,add_or_confirm_api_token_guard,no,no
GET,API/Predictions/Liquidity/Remove,»,\App\Modules\APIs\Controllers\PredictionsAPIController::removeLiquidity,botBlocker requestLifecycle observability ratelimit throttle sessionRevoked,cspoff sessionTracker requestLifecycle observability jsonException toolbar,API_TOKEN,MISSING_GUARD,API route is non-public but no API token/auth/role guard was recognized.,add_or_confirm_api_token_guard,no,no
GET,API/Predictions/Markets,»,\App\Modules\APIs\Controllers\PredictionsAPIController::markets,botBlocker requestLifecycle observability ratelimit throttle sessionRevoked,cspoff sessionTracker requestLifecycle observability jsonException toolbar,API_TOKEN,MISSING_GUARD,API route is non-public but no API token/auth/role guard was recognized.,add_or_confirm_api_token_guard,no,no
GET,API/Predictions/Market/([0-9]+),»,\App\Modules\APIs\Controllers\PredictionsAPIController::view/$1,botBlocker requestLifecycle observability ratelimit throttle sessionRevoked,cspoff sessionTracker requestLifecycle observability jsonException toolbar,API_TOKEN,MISSING_GUARD,API route is non-public but no API token/auth/role guard was recognized.,add_or_confirm_api_token_guard,no,no
GET,API/Predictions/Markets/Create,»,\App\Modules\APIs\Controllers\PredictionsAPIController::createMarket,botBlocker requestLifecycle observability ratelimit throttle sessionRevoked,cspoff sessionTracker requestLifecycle observability jsonException toolbar,API_TOKEN,MISSING_GUARD,API route is non-public but no API token/auth/role guard was recognized.,add_or_confirm_api_token_guard,no,no
GET,API/Predictions/Markets/Settle/([0-9]+),»,\App\Modules\APIs\Controllers\PredictionsAPIController::settle/$1,botBlocker requestLifecycle observability ratelimit throttle sessionRevoked,cspoff sessionTracker requestLifecycle observability jsonException toolbar,API_TOKEN,MISSING_GUARD,API route is non-public but no API token/auth/role guard was recognized.,add_or_confirm_api_token_guard,no,no
GET,API/Predictions/Orders/Place,»,\App\Modules\APIs\Controllers\PredictionsAPIController::placeOrder,botBlocker requestLifecycle observability ratelimit throttle sessionRevoked,cspoff sessionTracker requestLifecycle observability jsonException toolbar,API_TOKEN,MISSING_GUARD,API route is non-public but no API token/auth/role guard was recognized.,add_or_confirm_api_token_guard,no,no
GET,API/Predictions/Orders/Cancel,»,\App\Modules\APIs\Controllers\PredictionsAPIController::cancelOrder,botBlocker requestLifecycle observability ratelimit throttle sessionRevoked,cspoff sessionTracker requestLifecycle observability jsonException toolbar,API_TOKEN,MISSING_GUARD,API route is non-public but no API token/auth/role guard was recognized.,add_or_confirm_api_token_guard,no,no
GET,API/Predictions/Portfolio,»,\App\Modules\APIs\Controllers\PredictionsAPIController::portfolio,botBlocker requestLifecycle observability ratelimit throttle sessionRevoked,cspoff sessionTracker requestLifecycle observability jsonException toolbar,API_TOKEN,MISSING_GUARD,API route is non-public but no API token/auth/role guard was recognized.,add_or_confirm_api_token_guard,no,no
GET,API/Predictions/Settlements,»,\App\Modules\APIs\Controllers\PredictionsAPIController::settlements,botBlocker requestLifecycle observability ratelimit throttle sessionRevoked,cspoff sessionTracker requestLifecycle observability jsonException toolbar,API_TOKEN,MISSING_GUARD,API route is non-public but no API token/auth/role guard was recognized.,add_or_confirm_api_token_guard,no,no
GET,API/Predictions/Latest,»,\App\Modules\APIs\Controllers\PredictionsAPIController::latest,botBlocker requestLifecycle observability ratelimit throttle sessionRevoked,cspoff sessionTracker requestLifecycle observability jsonException toolbar,API_TOKEN,MISSING_GUARD,API route is non-public but no API token/auth/role guard was recognized.,add_or_confirm_api_token_guard,no,no
GET,API/Solana/getMarketPrice/([^/]+),»,\App\Modules\APIs\Controllers\SolanaAPIController::get/$1,botBlocker requestLifecycle observability ratelimit throttle sessionRevoked,cspoff sessionTracker requestLifecycle observability jsonException toolbar,API_TOKEN,MISSING_GUARD,API route is non-public but no API token/auth/role guard was recognized.,add_or_confirm_api_token_guard,no,no
GET,API/Solana/getCoinAmount/([^/]+),»,\App\Modules\APIs\Controllers\SolanaAPIController::getCoinAmount/$1,botBlocker requestLifecycle observability ratelimit throttle sessionRevoked,cspoff sessionTracker requestLifecycle observability jsonException toolbar,API_TOKEN,MISSING_GUARD,API route is non-public but no API token/auth/role guard was recognized.,add_or_confirm_api_token_guard,no,no
GET,API/Solana/getMarketPrice,»,\App\Modules\APIs\Controllers\SolanaAPIController::getMarketPrice,botBlocker requestLifecycle observability ratelimit throttle sessionRevoked,cspoff sessionTracker requestLifecycle observability jsonException toolbar,API_TOKEN,MISSING_GUARD,API route is non-public but no API token/auth/role guard was recognized.,add_or_confirm_api_token_guard,no,no
GET,API/Solana/getTokenPrice/([^/]+),»,\App\Modules\APIs\Controllers\SolanaAPIController::getTokenPrice/$1,botBlocker requestLifecycle observability ratelimit throttle sessionRevoked,cspoff sessionTracker requestLifecycle observability jsonException toolbar,API_TOKEN,MISSING_GUARD,API route is non-public but no API token/auth/role guard was recognized.,add_or_confirm_api_token_guard,no,no
GET,API/Solana/getExchangePrice/([^/]+),»,\App\Modules\APIs\Controllers\SolanaAPIController::getExchangePrice/$1,botBlocker requestLifecycle observability ratelimit throttle sessionRevoked,cspoff sessionTracker requestLifecycle observability jsonException toolbar,API_TOKEN,MISSING_GUARD,API route is non-public but no API token/auth/role guard was recognized.,add_or_confirm_api_token_guard,no,no
GET,API/Solana/getAssetsData,»,\App\Modules\APIs\Controllers\SolanaAPIController::getAssetsData,botBlocker requestLifecycle observability ratelimit throttle sessionRevoked,cspoff sessionTracker requestLifecycle observability jsonException toolbar,API_TOKEN,MISSING_GUARD,API route is non-public but no API token/auth/role guard was recognized.,add_or_confirm_api_token_guard,no,no
GET,API/Solana/provisionDefaultWallet,»,\App\Modules\APIs\Controllers\SolanaAPIController::provisionDefaultWallet,botBlocker requestLifecycle observability ratelimit throttle sessionRevoked,cspoff sessionTracker requestLifecycle observability jsonException toolbar,API_TOKEN,MISSING_GUARD,API route is non-public but no API token/auth/role guard was recognized.,add_or_confirm_api_token_guard,no,no
GET,API/Solana/updatePrices,»,\App\Modules\APIs\Controllers\SolanaAPIController::updateSolanaPrices,botBlocker requestLifecycle observability ratelimit throttle sessionRevoked,cspoff sessionTracker requestLifecycle observability jsonException toolbar,API_TOKEN,MISSING_GUARD,API route is non-public but no API token/auth/role guard was recognized.,add_or_confirm_api_token_guard,no,no
GET,API/Solana/updateTokens,»,\App\Modules\APIs\Controllers\SolanaAPIController::updateSolanaTokens,botBlocker requestLifecycle observability ratelimit throttle sessionRevoked,cspoff sessionTracker requestLifecycle observability jsonException toolbar,API_TOKEN,MISSING_GUARD,API route is non-public but no API token/auth/role guard was recognized.,add_or_confirm_api_token_guard,no,no
GET,API/Solana/wallet/([^/]+)/balance,»,\App\Modules\APIs\Controllers\SolanaAPIController::getBalance/$1,botBlocker requestLifecycle observability ratelimit throttle sessionRevoked,cspoff sessionTracker requestLifecycle observability jsonException toolbar,API_TOKEN,MISSING_GUARD,API route is non-public but no API token/auth/role guard was recognized.,add_or_confirm_api_token_guard,no,no
GET,API/Solana/wallet/([^/]+)/tokens,»,\App\Modules\APIs\Controllers\SolanaAPIController::getTokenAccounts/$1,botBlocker requestLifecycle observability ratelimit throttle sessionRevoked,cspoff sessionTracker requestLifecycle observability jsonException toolbar,API_TOKEN,MISSING_GUARD,API route is non-public but no API token/auth/role guard was recognized.,add_or_confirm_api_token_guard,no,no
GET,API/Support/kb,»,\App\Modules\APIs\Controllers\SupportAPIController::kb,botBlocker requestLifecycle observability ratelimit throttle sessionRevoked,cspoff sessionTracker requestLifecycle observability jsonException toolbar,API_TOKEN,MISSING_GUARD,API route is non-public but no API token/auth/role guard was recognized.,add_or_confirm_api_token_guard,no,no
GET,API/Support/kb/([^/]+),»,\App\Modules\APIs\Controllers\SupportAPIController::kbArticle/$1,botBlocker requestLifecycle observability ratelimit throttle sessionRevoked,cspoff sessionTracker requestLifecycle observability jsonException toolbar,API_TOKEN,MISSING_GUARD,API route is non-public but no API token/auth/role guard was recognized.,add_or_confirm_api_token_guard,no,no
GET,API/Wallets,»,\App\Modules\APIs\Controllers\WalletsAPIController::index,botBlocker requestLifecycle observability ratelimit throttle sessionRevoked,cspoff sessionTracker requestLifecycle observability jsonException toolbar,API_TOKEN,MISSING_GUARD,API route is non-public but no API token/auth/role guard was recognized.,add_or_confirm_api_token_guard,no,no
GET,API/Wallets/summary,»,\App\Modules\APIs\Controllers\WalletsAPIController::summary,botBlocker requestLifecycle observability ratelimit throttle sessionRevoked,cspoff sessionTracker requestLifecycle observability jsonException toolbar,API_TOKEN,MISSING_GUARD,API route is non-public but no API token/auth/role guard was recognized.,add_or_confirm_api_token_guard,no,no
GET,API/Wallets/providers,»,\App\Modules\APIs\Controllers\WalletsAPIController::providers,botBlocker requestLifecycle observability ratelimit throttle sessionRevoked,cspoff sessionTracker requestLifecycle observability jsonException toolbar,API_TOKEN,MISSING_GUARD,API route is non-public but no API token/auth/role guard was recognized.,add_or_confirm_api_token_guard,no,no
GET,API/Wallets/Plaid/Env,»,\App\Modules\APIs\Controllers\WalletsAPIController::plaidEnv,botBlocker requestLifecycle observability ratelimit throttle sessionRevoked,cspoff sessionTracker requestLifecycle observability jsonException toolbar,API_TOKEN,MISSING_GUARD,API route is non-public but no API token/auth/role guard was recognized.,add_or_confirm_api_token_guard,no,no
GET,API/Wallets/Plaid/OAuth-Return,»,\App\Modules\APIs\Controllers\WalletsAPIController::plaidOAuthReturn,botBlocker requestLifecycle observability ratelimit throttle sessionRevoked,cspoff sessionTracker requestLifecycle observability jsonException toolbar,API_TOKEN,MISSING_GUARD,API route is non-public but no API token/auth/role guard was recognized.,add_or_confirm_api_token_guard,no,no
GET,API/Wallets/Plaid/Webhook,»,\App\Modules\APIs\Controllers\WalletsAPIController::plaidWebhook,botBlocker requestLifecycle observability ratelimit throttle sessionRevoked,cspoff sessionTracker requestLifecycle observability jsonException toolbar,API_TOKEN,MISSING_GUARD,API route is non-public but no API token/auth/role guard was recognized.,add_or_confirm_api_token_guard,no,no
GET,API/Wallets/Plaid/Link-Token,»,\App\Modules\APIs\Controllers\WalletsAPIController::plaidLinkToken,botBlocker requestLifecycle observability ratelimit throttle sessionRevoked,cspoff sessionTracker requestLifecycle observability jsonException toolbar,API_TOKEN,MISSING_GUARD,API route is non-public but no API token/auth/role guard was recognized.,add_or_confirm_api_token_guard,no,no
GET,API/Wallets//([^/]+)/([^/]+),»,\App\Modules\APIs\Controllers\WalletsAPIController::index/$1/$2,botBlocker requestLifecycle observability ratelimit throttle sessionRevoked,cspoff sessionTracker requestLifecycle observability jsonException toolbar,API_TOKEN,MISSING_GUARD,API route is non-public but no API token/auth/role guard was recognized.,add_or_confirm_api_token_guard,no,no
GET,API/User/Comments/Add,»,\App\Modules\APIs\Controllers\UserAPIController::addComment,botBlocker requestLifecycle observability ratelimit throttle sessionRevoked,cspoff sessionTracker requestLifecycle observability jsonException toolbar,API_TOKEN,MISSING_GUARD,API route is non-public but no API token/auth/role guard was recognized.,add_or_confirm_api_token_guard,no,no
GET,API/Users/Comments/Add,»,\App\Modules\APIs\Controllers\UserAPIController::addComment,botBlocker requestLifecycle observability ratelimit throttle sessionRevoked,cspoff sessionTracker requestLifecycle observability jsonException toolbar,API_TOKEN,MISSING_GUARD,API route is non-public but no API token/auth/role guard was recognized.,add_or_confirm_api_token_guard,no,no
GET,API/Investments/GetUserWatchlist/([^/]+),»,\App\Modules\User\Controllers\InvestmentsController::getUserWatchlist/$1,botBlocker requestLifecycle observability ratelimit throttle sessionRevoked,cspoff sessionTracker requestLifecycle observability jsonException toolbar,API_TOKEN,MISSING_GUARD,API route is non-public but no API token/auth/role guard was recognized.,add_or_confirm_api_token_guard,no,no
GET,API/Investments/Economy/latest,»,\App\Modules\User\Controllers\EconomyController::latest,botBlocker requestLifecycle observability ratelimit throttle sessionRevoked,cspoff sessionTracker requestLifecycle observability jsonException toolbar,API_TOKEN,MISSING_GUARD,API route is non-public but no API token/auth/role guard was recognized.,add_or_confirm_api_token_guard,no,no
GET,API/Alerts/previewScraper/([0-9]+),»,\App\Modules\APIs\Controllers\AlertsController::previewScraper/$1,botBlocker requestLifecycle observability ratelimit throttle sessionRevoked,cspoff sessionTracker requestLifecycle observability jsonException toolbar,API_TOKEN,MISSING_GUARD,API route is non-public but no API token/auth/role guard was recognized.,add_or_confirm_api_token_guard,no,no
POST,API/CoinVault/contributionEvent,»,\App\Modules\CoinVault\Controllers\Api\CoinVaultApiController::contributionEvent,botBlocker requestLifecycle observability ratelimit throttle sessionRevoked,cspoff sessionTracker requestLifecycle observability jsonException toolbar,API_TOKEN,MISSING_GUARD,API route is non-public but no API token/auth/role guard was recognized.,add_or_confirm_api_token_guard,no,no
POST,API/mobile/auth/login,»,\App\Modules\APIs\Controllers\MobileAuthController::login,botBlocker requestLifecycle observability ratelimit throttle sessionRevoked,ratelimit cspoff sessionTracker requestLifecycle observability jsonException toolbar,API_TOKEN,MISSING_GUARD,API route is non-public but no API token/auth/role guard was recognized.,add_or_confirm_api_token_guard,no,no
POST,API/mobile/auth/register,»,\App\Modules\APIs\Controllers\MobileAuthController::register,botBlocker requestLifecycle observability ratelimit throttle sessionRevoked csrf,ratelimit cspoff sessionTracker requestLifecycle observability jsonException toolbar,API_TOKEN,MISSING_GUARD,API route is non-public but no API token/auth/role guard was recognized.,add_or_confirm_api_token_guard,no,no
POST,API/Discord/interactions,»,\App\Modules\APIs\Controllers\DiscordAPIController::interactions,botBlocker requestLifecycle observability ratelimit throttle sessionRevoked,cspoff sessionTracker requestLifecycle observability jsonException toolbar,API_TOKEN,MISSING_GUARD,API route is non-public but no API token/auth/role guard was recognized.,add_or_confirm_api_token_guard,no,no
POST,API/Ops/dispatch,»,\App\Modules\APIs\Controllers\OpsAPIController::dispatch,botBlocker requestLifecycle observability ratelimit throttle sessionRevoked,cspoff sessionTracker requestLifecycle observability jsonException toolbar,API_TOKEN,MISSING_GUARD,API route is non-public but no API token/auth/role guard was recognized.,add_or_confirm_api_token_guard,no,no
POST,API/AiOps/toggle,»,\App\Modules\APIs\Controllers\AiOpsAPIController::toggle,botBlocker requestLifecycle observability ratelimit throttle sessionRevoked,cspoff sessionTracker requestLifecycle observability jsonException toolbar,API_TOKEN,MISSING_GUARD,API route is non-public but no API token/auth/role guard was recognized.,add_or_confirm_api_token_guard,no,no
POST,API/AiOps/run,»,\App\Modules\APIs\Controllers\AiOpsAPIController::run,botBlocker requestLifecycle observability ratelimit throttle sessionRevoked,cspoff sessionTracker requestLifecycle observability jsonException toolbar,API_TOKEN,MISSING_GUARD,API route is non-public but no API token/auth/role guard was recognized.,add_or_confirm_api_token_guard,no,no
POST,API/AiOps/receiveResult,»,\App\Modules\APIs\Controllers\AiOpsAPIController::receiveResult,botBlocker requestLifecycle observability ratelimit throttle sessionRevoked,cspoff sessionTracker requestLifecycle observability jsonException toolbar,API_TOKEN,MISSING_GUARD,API route is non-public but no API token/auth/role guard was recognized.,add_or_confirm_api_token_guard,no,no
POST,API/AIOps/policy/check,»,\App\Modules\APIs\Controllers\AiOpsAPIController::policyCheck,botBlocker requestLifecycle observability ratelimit throttle sessionRevoked,cspoff sessionTracker requestLifecycle observability jsonException toolbar,API_TOKEN,MISSING_GUARD,API route is non-public but no API token/auth/role guard was recognized.,add_or_confirm_api_token_guard,no,no
POST,API/AIOps/usage/log,»,\App\Modules\APIs\Controllers\AiOpsAPIController::logUsage,botBlocker requestLifecycle observability ratelimit throttle sessionRevoked,cspoff sessionTracker requestLifecycle observability jsonException toolbar,API_TOKEN,MISSING_GUARD,API route is non-public but no API token/auth/role guard was recognized.,add_or_confirm_api_token_guard,no,no
POST,API/AIOps/cache/store,»,\App\Modules\APIs\Controllers\AiOpsAPIController::cacheStore,botBlocker requestLifecycle observability ratelimit throttle sessionRevoked,cspoff sessionTracker requestLifecycle observability jsonException toolbar,API_TOKEN,MISSING_GUARD,API route is non-public but no API token/auth/role guard was recognized.,add_or_confirm_api_token_guard,no,no
POST,API/AIOps/test/policy,»,\App\Modules\APIs\Controllers\AiOpsAPIController::testPolicy,botBlocker requestLifecycle observability ratelimit throttle sessionRevoked,cspoff sessionTracker requestLifecycle observability jsonException toolbar,API_TOKEN,MISSING_GUARD,API route is non-public but no API token/auth/role guard was recognized.,add_or_confirm_api_token_guard,no,no
POST,API/Status/([^/]+),»,\App\Modules\APIs\Controllers\APIController::status,botBlocker requestLifecycle observability ratelimit throttle sessionRevoked,cspoff sessionTracker requestLifecycle observability jsonException toolbar,API_TOKEN,MISSING_GUARD,API route is non-public but no API token/auth/role guard was recognized.,add_or_confirm_api_token_guard,no,no
POST,API/Investments/getSymbolsByTradeType/([^/]+),»,\App\Modules\APIs\Controllers\APIController::getSymbolsByTradeType/$1,botBlocker requestLifecycle observability ratelimit throttle sessionRevoked,cspoff sessionTracker requestLifecycle observability jsonException toolbar,API_TOKEN,MISSING_GUARD,API route is non-public but no API token/auth/role guard was recognized.,add_or_confirm_api_token_guard,no,no
POST,API/AI/Chat,»,\App\Modules\APIs\Controllers\AIAPIController::postChat,botBlocker requestLifecycle observability ratelimit throttle sessionRevoked,cspoff sessionTracker requestLifecycle observability jsonException toolbar,API_TOKEN,MISSING_GUARD,API route is non-public but no API token/auth/role guard was recognized.,add_or_confirm_api_token_guard,no,no
POST,API/AI/LinkSettings,»,\App\Modules\APIs\Controllers\AIAPIController::updateLinkSettings,botBlocker requestLifecycle observability ratelimit throttle sessionRevoked,cspoff sessionTracker requestLifecycle observability jsonException toolbar,API_TOKEN,MISSING_GUARD,API route is non-public but no API token/auth/role guard was recognized.,add_or_confirm_api_token_guard,no,no
POST,API/Discord/enqueue,»,\App\Modules\APIs\Controllers\DiscordAPIController::enqueue,botBlocker requestLifecycle observability ratelimit throttle sessionRevoked,cspoff sessionTracker requestLifecycle observability jsonException toolbar,API_TOKEN,MISSING_GUARD,API route is non-public but no API token/auth/role guard was recognized.,add_or_confirm_api_token_guard,no,no
POST,API/Discord/broadcast,»,\App\Modules\APIs\Controllers\DiscordAPIController::broadcast,botBlocker requestLifecycle observability ratelimit throttle sessionRevoked,cspoff sessionTracker requestLifecycle observability jsonException toolbar,API_TOKEN,MISSING_GUARD,API route is non-public but no API token/auth/role guard was recognized.,add_or_confirm_api_token_guard,no,no
POST,API/Discord/completeOnboardingStep,»,\App\Modules\APIs\Controllers\DiscordAPIController::completeOnboardingStep,botBlocker requestLifecycle observability ratelimit throttle sessionRevoked,cspoff sessionTracker requestLifecycle observability jsonException toolbar,API_TOKEN,MISSING_GUARD,API route is non-public but no API token/auth/role guard was recognized.,add_or_confirm_api_token_guard,no,no
POST,API/Discord/register-guild-commands,»,\App\Modules\APIs\Controllers\DiscordAPIController::registerGuildCommands,botBlocker requestLifecycle observability ratelimit throttle sessionRevoked,cspoff sessionTracker requestLifecycle observability jsonException toolbar,API_TOKEN,MISSING_GUARD,API route is non-public but no API token/auth/role guard was recognized.,add_or_confirm_api_token_guard,no,no
POST,API/Discord/messageHook,»,\App\Modules\APIs\Controllers\DiscordAPIController::messageHook,botBlocker requestLifecycle observability ratelimit throttle sessionRevoked,cspoff sessionTracker requestLifecycle observability jsonException toolbar,API_TOKEN,MISSING_GUARD,API route is non-public but no API token/auth/role guard was recognized.,add_or_confirm_api_token_guard,no,no
POST,API/Discord/webhook,»,\App\Modules\APIs\Controllers\DiscordAPIController::webhookProxy,botBlocker requestLifecycle observability ratelimit throttle sessionRevoked,cspoff sessionTracker requestLifecycle observability jsonException toolbar,API_TOKEN,MISSING_GUARD,API route is non-public but no API token/auth/role guard was recognized.,add_or_confirm_api_token_guard,no,no
POST,API/Discord/createLinkToken,»,\App\Modules\APIs\Controllers\DiscordAPIController::createLinkToken,botBlocker requestLifecycle observability ratelimit throttle sessionRevoked,cspoff sessionTracker requestLifecycle observability jsonException toolbar,API_TOKEN,MISSING_GUARD,API route is non-public but no API token/auth/role guard was recognized.,add_or_confirm_api_token_guard,no,no
POST,API/Discord/test,»,\App\Modules\APIs\Controllers\DiscordAPIController::test,botBlocker requestLifecycle observability ratelimit throttle sessionRevoked,cspoff sessionTracker requestLifecycle observability jsonException toolbar,API_TOKEN,MISSING_GUARD,API route is non-public but no API token/auth/role guard was recognized.,add_or_confirm_api_token_guard,no,no
POST,API/Mdit/webhooks/onramp,»,\App\Modules\APIs\Controllers\MditWebhookController::onramp,botBlocker requestLifecycle observability ratelimit throttle sessionRevoked,cspoff sessionTracker requestLifecycle observability jsonException toolbar,API_TOKEN,MISSING_GUARD,API route is non-public but no API token/auth/role guard was recognized.,add_or_confirm_api_token_guard,no,no
POST,API/Chat/tool,»,\App\Modules\APIs\Controllers\ChatController::tool,botBlocker requestLifecycle observability ratelimit throttle sessionRevoked,cspoff sessionTracker requestLifecycle observability jsonException toolbar,API_TOKEN,MISSING_GUARD,API route is non-public but no API token/auth/role guard was recognized.,add_or_confirm_api_token_guard,no,no
POST,API/Alerts/addTradeAlert,»,\App\Modules\APIs\Controllers\AlertsAPIController::addTradeAlert,botBlocker requestLifecycle observability ratelimit throttle sessionRevoked,cspoff sessionTracker requestLifecycle observability jsonException toolbar,API_TOKEN,MISSING_GUARD,API route is non-public but no API token/auth/role guard was recognized.,add_or_confirm_api_token_guard,no,no
POST,API/Alerts/createTradeAlert/([^/]+),»,\App\Modules\APIs\Controllers\AlertsAPIController::addTradeAlert,botBlocker requestLifecycle observability ratelimit throttle sessionRevoked,cspoff sessionTracker requestLifecycle observability jsonException toolbar,API_TOKEN,MISSING_GUARD,API route is non-public but no API token/auth/role guard was recognized.,add_or_confirm_api_token_guard,no,no
POST,API/Alerts/createTradeAlert,»,\App\Modules\APIs\Controllers\AlertsAPIController::addTradeAlert,botBlocker requestLifecycle observability ratelimit throttle sessionRevoked,cspoff sessionTracker requestLifecycle observability jsonException toolbar,API_TOKEN,MISSING_GUARD,API route is non-public but no API token/auth/role guard was recognized.,add_or_confirm_api_token_guard,no,no
POST,API/Alerts/getFilteredAlerts,»,\App\Modules\APIs\Controllers\AlertsAPIController::getFilteredAlerts,botBlocker requestLifecycle observability ratelimit throttle sessionRevoked,cspoff sessionTracker requestLifecycle observability jsonException toolbar,API_TOKEN,MISSING_GUARD,API route is non-public but no API token/auth/role guard was recognized.,add_or_confirm_api_token_guard,no,no
POST,API/Alerts/fetchAutoGeneratedAnalysis,»,\App\Modules\APIs\Controllers\AlertsAPIController::fetchAutoGeneratedAnalysis,botBlocker requestLifecycle observability ratelimit throttle sessionRevoked,cspoff sessionTracker requestLifecycle observability jsonException toolbar,API_TOKEN,MISSING_GUARD,API route is non-public but no API token/auth/role guard was recognized.,add_or_confirm_api_token_guard,no,no
POST,API/Alerts/generateMarketingForAlert/([0-9]+),»,\App\Modules\APIs\Controllers\AlertsAPIController::generateMarketingForAlert/$1,botBlocker requestLifecycle observability ratelimit throttle sessionRevoked,cspoff sessionTracker requestLifecycle observability jsonException toolbar,API_TOKEN,MISSING_GUARD,API route is non-public but no API token/auth/role guard was recognized.,add_or_confirm_api_token_guard,no,no
POST,API/Alerts/Alerts/generateAdvisorMediaFromAlert/([0-9]+),»,\App\Modules\APIs\Controllers\AlertsAPIController::generateAdvisorMediaFromAlert/$1,botBlocker requestLifecycle observability ratelimit throttle sessionRevoked,cspoff sessionTracker requestLifecycle observability jsonException toolbar,API_TOKEN,MISSING_GUARD,API route is non-public but no API token/auth/role guard was recognized.,add_or_confirm_api_token_guard,no,no
POST,API/Alerts/Alerts/generateAdvisorMediaFromAlert,»,\App\Modules\APIs\Controllers\AlertsAPIController::generateAdvisorMediaFromAlert,botBlocker requestLifecycle observability ratelimit throttle sessionRevoked,cspoff sessionTracker requestLifecycle observability jsonException toolbar,API_TOKEN,MISSING_GUARD,API route is non-public but no API token/auth/role guard was recognized.,add_or_confirm_api_token_guard,no,no
POST,API/Alerts/generateNow,»,\App\Modules\APIs\Controllers\AlertsAPIController::generateNow,botBlocker requestLifecycle observability ratelimit throttle sessionRevoked,cspoff sessionTracker requestLifecycle observability jsonException toolbar,API_TOKEN,MISSING_GUARD,API route is non-public but no API token/auth/role guard was recognized.,add_or_confirm_api_token_guard,no,no
POST,API/Alerts/generateTradeAlertSummary,»,\App\Modules\APIs\Controllers\AlertsAPIController::generateTradeAlertSummary,botBlocker requestLifecycle observability ratelimit throttle sessionRevoked,cspoff sessionTracker requestLifecycle observability jsonException toolbar,API_TOKEN,MISSING_GUARD,API route is non-public but no API token/auth/role guard was recognized.,add_or_confirm_api_token_guard,no,no
POST,API/Alerts/getEmaComparison/([^/]+),»,\App\Modules\APIs\Controllers\AlertsAPIController::getEmaComparison/$1,botBlocker requestLifecycle observability ratelimit throttle sessionRevoked,cspoff sessionTracker requestLifecycle observability jsonException toolbar,API_TOKEN,MISSING_GUARD,API route is non-public but no API token/auth/role guard was recognized.,add_or_confirm_api_token_guard,no,no
POST,API/Alerts/getFullMetrics,»,\App\Modules\APIs\Controllers\AlertsAPIController::getFullMetrics,botBlocker requestLifecycle observability ratelimit throttle sessionRevoked,cspoff sessionTracker requestLifecycle observability jsonException toolbar,API_TOKEN,MISSING_GUARD,API route is non-public but no API token/auth/role guard was recognized.,add_or_confirm_api_token_guard,no,no
POST,API/Alerts/getLatestPrices,»,\App\Modules\APIs\Controllers\AlertsAPIController::getLatestPrices,botBlocker requestLifecycle observability ratelimit throttle sessionRevoked,cspoff sessionTracker requestLifecycle observability jsonException toolbar,API_TOKEN,MISSING_GUARD,API route is non-public but no API token/auth/role guard was recognized.,add_or_confirm_api_token_guard,no,no
POST,API/Alerts/getTechnicalIndicators,»,\App\Modules\APIs\Controllers\AlertsAPIController::getTechnicalIndicators,botBlocker requestLifecycle observability ratelimit throttle sessionRevoked,cspoff sessionTracker requestLifecycle observability jsonException toolbar,API_TOKEN,MISSING_GUARD,API route is non-public but no API token/auth/role guard was recognized.,add_or_confirm_api_token_guard,no,no
POST,API/Alerts/hideTradeAlert,»,\App\Modules\APIs\Controllers\AlertsAPIController::hideTradeAlert,botBlocker requestLifecycle observability ratelimit throttle sessionRevoked,cspoff sessionTracker requestLifecycle observability jsonException toolbar,API_TOKEN,MISSING_GUARD,API route is non-public but no API token/auth/role guard was recognized.,add_or_confirm_api_token_guard,no,no
POST,API/Alerts/manageTradeAlert,»,\App\Modules\APIs\Controllers\AlertsAPIController::manageTradeAlert,botBlocker requestLifecycle observability ratelimit throttle sessionRevoked,cspoff sessionTracker requestLifecycle observability jsonException toolbar,API_TOKEN,MISSING_GUARD,API route is non-public but no API token/auth/role guard was recognized.,add_or_confirm_api_token_guard,no,no
POST,API/Alerts/markAlertAsSentAndSendEmail/([^/]+),»,\App\Modules\APIs\Controllers\AlertsAPIController::markAlertAsSentAndSendEmail/$1,botBlocker requestLifecycle observability ratelimit throttle sessionRevoked,cspoff sessionTracker requestLifecycle observability jsonException toolbar,API_TOKEN,MISSING_GUARD,API route is non-public but no API token/auth/role guard was recognized.,add_or_confirm_api_token_guard,no,no
POST,API/Alerts/processAlerts,»,\App\Modules\APIs\Controllers\AlertsAPIController::processAlerts,botBlocker requestLifecycle observability ratelimit throttle sessionRevoked,cspoff sessionTracker requestLifecycle observability jsonException toolbar,API_TOKEN,MISSING_GUARD,API route is non-public but no API token/auth/role guard was recognized.,add_or_confirm_api_token_guard,no,no
POST,API/Alerts/processEmailAlerts,»,\App\Modules\APIs\Controllers\AlertsAPIController::processEmailAlerts,botBlocker requestLifecycle observability ratelimit throttle sessionRevoked,cspoff sessionTracker requestLifecycle observability jsonException toolbar,API_TOKEN,MISSING_GUARD,API route is non-public but no API token/auth/role guard was recognized.,add_or_confirm_api_token_guard,no,no
POST,API/Alerts/processTradeAlerts,»,\App\Modules\APIs\Controllers\AlertsAPIController::processTradeAlerts,botBlocker requestLifecycle observability ratelimit throttle sessionRevoked,cspoff sessionTracker requestLifecycle observability jsonException toolbar,API_TOKEN,MISSING_GUARD,API route is non-public but no API token/auth/role guard was recognized.,add_or_confirm_api_token_guard,no,no
POST,API/Alerts/processTradeBatch,»,\App\Modules\APIs\Controllers\AlertsAPIController::processTradeBatch,botBlocker requestLifecycle observability ratelimit throttle sessionRevoked,cspoff sessionTracker requestLifecycle observability jsonException toolbar,API_TOKEN,MISSING_GUARD,API route is non-public but no API token/auth/role guard was recognized.,add_or_confirm_api_token_guard,no,no
POST,API/Alerts/sendAlert,»,\App\Modules\APIs\Controllers\AlertsAPIController::sendAlert,botBlocker requestLifecycle observability ratelimit throttle sessionRevoked,cspoff sessionTracker requestLifecycle observability jsonException toolbar,API_TOKEN,MISSING_GUARD,API route is non-public but no API token/auth/role guard was recognized.,add_or_confirm_api_token_guard,no,no
POST,API/Alerts/storeMarketingContent,»,\App\Modules\APIs\Controllers\AlertsAPIController::storeMarketingContent,botBlocker requestLifecycle observability ratelimit throttle sessionRevoked,cspoff sessionTracker requestLifecycle observability jsonException toolbar,API_TOKEN,MISSING_GUARD,API route is non-public but no API token/auth/role guard was recognized.,add_or_confirm_api_token_guard,no,no
POST,API/Alerts/updateBatchPrices,»,\App\Modules\APIs\Controllers\AlertsAPIController::updateBatchPrices,botBlocker requestLifecycle observability ratelimit throttle sessionRevoked,cspoff sessionTracker requestLifecycle observability jsonException toolbar,API_TOKEN,MISSING_GUARD,API route is non-public but no API token/auth/role guard was recognized.,add_or_confirm_api_token_guard,no,no
POST,API/Alerts/updateChartOverride,»,\App\Modules\APIs\Controllers\AlertsAPIController::updateChartOverride,botBlocker requestLifecycle observability ratelimit throttle sessionRevoked,cspoff sessionTracker requestLifecycle observability jsonException toolbar,API_TOKEN,MISSING_GUARD,API route is non-public but no API token/auth/role guard was recognized.,add_or_confirm_api_token_guard,no,no
POST,API/Alerts/updateExchange,»,\App\Modules\APIs\Controllers\AlertsAPIController::updateExchange,botBlocker requestLifecycle observability ratelimit throttle sessionRevoked,cspoff sessionTracker requestLifecycle observability jsonException toolbar,API_TOKEN,MISSING_GUARD,API route is non-public but no API token/auth/role guard was recognized.,add_or_confirm_api_token_guard,no,no
POST,API/Alerts/updateStatus/([0-9]+)/(.*),»,\App\Modules\APIs\Controllers\AlertsAPIController::updateStatus/$1/$2,botBlocker requestLifecycle observability ratelimit throttle sessionRevoked,cspoff sessionTracker requestLifecycle observability jsonException toolbar,API_TOKEN,MISSING_GUARD,API route is non-public but no API token/auth/role guard was recognized.,add_or_confirm_api_token_guard,no,no
POST,API/Alerts/updateTradeAlerts,»,\App\Modules\APIs\Controllers\AlertsAPIController::updateTradeAlerts,botBlocker requestLifecycle observability ratelimit throttle sessionRevoked,cspoff sessionTracker requestLifecycle observability jsonException toolbar,API_TOKEN,MISSING_GUARD,API route is non-public but no API token/auth/role guard was recognized.,add_or_confirm_api_token_guard,no,no
POST,API/Alerts/submitTradeAlert,»,\App\Modules\APIs\Controllers\AlertsAPIController::submitTradeAlert,botBlocker requestLifecycle observability ratelimit throttle sessionRevoked,cspoff sessionTracker requestLifecycle observability jsonException toolbar,API_TOKEN,MISSING_GUARD,API route is non-public but no API token/auth/role guard was recognized.,add_or_confirm_api_token_guard,no,no
POST,API/Alerts/getTradeAlertDetails,»,\App\Modules\APIs\Controllers\AlertsAPIController::getTradeAlertDetails,botBlocker requestLifecycle observability ratelimit throttle sessionRevoked,cspoff sessionTracker requestLifecycle observability jsonException toolbar,API_TOKEN,MISSING_GUARD,API route is non-public but no API token/auth/role guard was recognized.,add_or_confirm_api_token_guard,no,no
POST,API/Alerts/generateVoiceoverScript,»,\App\Modules\APIs\Controllers\AlertsAPIController::generateVoiceoverScript,botBlocker requestLifecycle observability ratelimit throttle sessionRevoked,cspoff sessionTracker requestLifecycle observability jsonException toolbar,API_TOKEN,MISSING_GUARD,API route is non-public but no API token/auth/role guard was recognized.,add_or_confirm_api_token_guard,no,no
POST,API/Alerts/generateVoiceoverAndMarketingContent,»,\App\Modules\APIs\Controllers\AlertsAPIController::generateVoiceoverAndMarketingContent,botBlocker requestLifecycle observability ratelimit throttle sessionRevoked,cspoff sessionTracker requestLifecycle observability jsonException toolbar,API_TOKEN,MISSING_GUARD,API route is non-public but no API token/auth/role guard was recognized.,add_or_confirm_api_token_guard,no,no
POST,API/Alerts/generateAndStoreVoiceover,»,\App\Modules\APIs\Controllers\AlertsAPIController::generateAndStoreVoiceover,botBlocker requestLifecycle observability ratelimit throttle sessionRevoked,cspoff sessionTracker requestLifecycle observability jsonException toolbar,API_TOKEN,MISSING_GUARD,API route is non-public but no API token/auth/role guard was recognized.,add_or_confirm_api_token_guard,no,no
POST,API/Alerts/generateSocialMediaPosts,»,\App\Modules\APIs\Controllers\AlertsAPIController::generateSocialMediaPosts,botBlocker requestLifecycle observability ratelimit throttle sessionRevoked,cspoff sessionTracker requestLifecycle observability jsonException toolbar,API_TOKEN,MISSING_GUARD,API route is non-public but no API token/auth/role guard was recognized.,add_or_confirm_api_token_guard,no,no
POST,API/Alerts/postMarketingContentToSocials,»,\App\Modules\APIs\Controllers\AlertsAPIController::postMarketingContentToSocials,botBlocker requestLifecycle observability ratelimit throttle sessionRevoked,cspoff sessionTracker requestLifecycle observability jsonException toolbar,API_TOKEN,MISSING_GUARD,API route is non-public but no API token/auth/role guard was recognized.,add_or_confirm_api_token_guard,no,no
POST,API/Alerts/gen-keys,»,\App\Modules\APIs\Controllers\AlertsAPIController::genKeys,botBlocker requestLifecycle observability ratelimit throttle sessionRevoked,cspoff sessionTracker requestLifecycle observability jsonException toolbar,API_TOKEN,MISSING_GUARD,API route is non-public but no API token/auth/role guard was recognized.,add_or_confirm_api_token_guard,no,no
POST,API/Alerts/sign,»,\App\Modules\APIs\Controllers\AlertsAPIController::sign,botBlocker requestLifecycle observability ratelimit throttle sessionRevoked,cspoff sessionTracker requestLifecycle observability jsonException toolbar,API_TOKEN,MISSING_GUARD,API route is non-public but no API token/auth/role guard was recognized.,add_or_confirm_api_token_guard,no,no
POST,API/Auctions/fmv,»,\App\Modules\APIs\Controllers\AuctionsAPIController::computeFMV,botBlocker requestLifecycle observability ratelimit throttle sessionRevoked,cspoff sessionTracker requestLifecycle observability jsonException toolbar,API_TOKEN,MISSING_GUARD,API route is non-public but no API token/auth/role guard was recognized.,add_or_confirm_api_token_guard,no,no
POST,API/Auctions/settle/([0-9]+),»,\App\Modules\APIs\Controllers\AuctionsAPIController::settle/$1,botBlocker requestLifecycle observability ratelimit throttle sessionRevoked,cspoff sessionTracker requestLifecycle observability jsonException toolbar,API_TOKEN,MISSING_GUARD,API route is non-public but no API token/auth/role guard was recognized.,add_or_confirm_api_token_guard,no,no
POST,API/Auctions/escrow/release/([0-9]+),»,\App\Modules\APIs\Controllers\AuctionsAPIController::releaseEscrow/$1,botBlocker requestLifecycle observability ratelimit throttle sessionRevoked,cspoff sessionTracker requestLifecycle observability jsonException toolbar,API_TOKEN,MISSING_GUARD,API route is non-public but no API token/auth/role guard was recognized.,add_or_confirm_api_token_guard,no,no
POST,API/Auctions/escrow/refund/([0-9]+),»,\App\Modules\APIs\Controllers\AuctionsAPIController::refundEscrow/$1,botBlocker requestLifecycle observability ratelimit throttle sessionRevoked,cspoff sessionTracker requestLifecycle observability jsonException toolbar,API_TOKEN,MISSING_GUARD,API route is non-public but no API token/auth/role guard was recognized.,add_or_confirm_api_token_guard,no,no
POST,API/Auctions/topup,»,\App\Modules\APIs\Controllers\AuctionsAPIController::topUp,botBlocker requestLifecycle observability ratelimit throttle sessionRevoked,cspoff sessionTracker requestLifecycle observability jsonException toolbar,API_TOKEN,MISSING_GUARD,API route is non-public but no API token/auth/role guard was recognized.,add_or_confirm_api_token_guard,no,no
POST,API/Broker/linkPlaidAccount,»,\App\Modules\APIs\Controllers\BrokerAPIController::linkPlaidAccount,botBlocker requestLifecycle observability ratelimit throttle sessionRevoked,cspoff sessionTracker requestLifecycle observability jsonException toolbar,API_TOKEN,MISSING_GUARD,API route is non-public but no API token/auth/role guard was recognized.,add_or_confirm_api_token_guard,no,no
POST,API/ContentEngine/approvePost/([0-9]+),»,\App\Modules\APIs\Controllers\ContentEngineAPIController::approvePost/$1,botBlocker requestLifecycle observability ratelimit throttle sessionRevoked,cspoff sessionTracker requestLifecycle observability jsonException toolbar,API_TOKEN,MISSING_GUARD,API route is non-public but no API token/auth/role guard was recognized.,add_or_confirm_api_token_guard,no,no
POST,API/ContentEngine/sendPost/([0-9]+),»,\App\Modules\APIs\Controllers\ContentEngineAPIController::sendPost/$1,botBlocker requestLifecycle observability ratelimit throttle sessionRevoked,cspoff sessionTracker requestLifecycle observability jsonException toolbar,API_TOKEN,MISSING_GUARD,API route is non-public but no API token/auth/role guard was recognized.,add_or_confirm_api_token_guard,no,no
POST,API/ContentEngine/runDaily,»,\App\Modules\APIs\Controllers\ContentEngineAPIController::runDaily,botBlocker requestLifecycle observability ratelimit throttle sessionRevoked,cspoff sessionTracker requestLifecycle observability jsonException toolbar,API_TOKEN,MISSING_GUARD,API route is non-public but no API token/auth/role guard was recognized.,add_or_confirm_api_token_guard,no,no
POST,API/Email/createDraftCampaign,»,\App\Modules\APIs\Controllers\EmailAPIController::createDraftCampaign,botBlocker requestLifecycle observability ratelimit throttle sessionRevoked,cspoff sessionTracker requestLifecycle observability jsonException toolbar,API_TOKEN,MISSING_GUARD,API route is non-public but no API token/auth/role guard was recognized.,add_or_confirm_api_token_guard,no,no
POST,API/Email/scheduleCampaignApi/([0-9]+),»,\App\Modules\APIs\Controllers\EmailAPIController::scheduleCampaignApi/$1,botBlocker requestLifecycle observability ratelimit throttle sessionRevoked,cspoff sessionTracker requestLifecycle observability jsonException toolbar,API_TOKEN,MISSING_GUARD,API route is non-public but no API token/auth/role guard was recognized.,add_or_confirm_api_token_guard,no,no
POST,API/eSports/createEvent,»,\App\Modules\APIs\Controllers\EsportsAPIController::createEvent,botBlocker requestLifecycle observability ratelimit throttle sessionRevoked,cspoff sessionTracker requestLifecycle observability jsonException toolbar,API_TOKEN,MISSING_GUARD,API route is non-public but no API token/auth/role guard was recognized.,add_or_confirm_api_token_guard,no,no
POST,API/eSports/joinEvent,»,\App\Modules\APIs\Controllers\EsportsAPIController::joinEvent,botBlocker requestLifecycle observability ratelimit throttle sessionRevoked,cspoff sessionTracker requestLifecycle observability jsonException toolbar,API_TOKEN,MISSING_GUARD,API route is non-public but no API token/auth/role guard was recognized.,add_or_confirm_api_token_guard,no,no
POST,API/eSports/lockEscrow,»,\App\Modules\APIs\Controllers\EsportsAPIController::lockEscrow,botBlocker requestLifecycle observability ratelimit throttle sessionRevoked,cspoff sessionTracker requestLifecycle observability jsonException toolbar,API_TOKEN,MISSING_GUARD,API route is non-public but no API token/auth/role guard was recognized.,add_or_confirm_api_token_guard,no,no
POST,API/eSports/cancelEvent,»,\App\Modules\APIs\Controllers\EsportsAPIController::cancelEvent,botBlocker requestLifecycle observability ratelimit throttle sessionRevoked,cspoff sessionTracker requestLifecycle observability jsonException toolbar,API_TOKEN,MISSING_GUARD,API route is non-public but no API token/auth/role guard was recognized.,add_or_confirm_api_token_guard,no,no
POST,API/eSports/receiveResultWebhook,»,\App\Modules\APIs\Controllers\EsportsAPIController::receiveResultWebhook,botBlocker requestLifecycle observability ratelimit throttle sessionRevoked,cspoff sessionTracker requestLifecycle observability jsonException toolbar,API_TOKEN,MISSING_GUARD,API route is non-public but no API token/auth/role guard was recognized.,add_or_confirm_api_token_guard,no,no
POST,API/eSports/settlePayouts,»,\App\Modules\APIs\Controllers\EsportsAPIController::settlePayouts,botBlocker requestLifecycle observability ratelimit throttle sessionRevoked,cspoff sessionTracker requestLifecycle observability jsonException toolbar,API_TOKEN,MISSING_GUARD,API route is non-public but no API token/auth/role guard was recognized.,add_or_confirm_api_token_guard,no,no
POST,API/Investments/news,»,\App\Modules\APIs\Controllers\InvestmentsAPIController::createNews,botBlocker requestLifecycle observability ratelimit throttle sessionRevoked,cspoff sessionTracker requestLifecycle observability jsonException toolbar,API_TOKEN,MISSING_GUARD,API route is non-public but no API token/auth/role guard was recognized.,add_or_confirm_api_token_guard,no,no
POST,API/Investments/news/([0-9]+),»,\App\Modules\APIs\Controllers\InvestmentsAPIController::updateNews/$1,botBlocker requestLifecycle observability ratelimit throttle sessionRevoked,cspoff sessionTracker requestLifecycle observability jsonException toolbar,API_TOKEN,MISSING_GUARD,API route is non-public but no API token/auth/role guard was recognized.,add_or_confirm_api_token_guard,no,no
POST,API/Investments/validateSymbol,»,\App\Modules\APIs\Controllers\InvestmentsAPIController::validateSymbol,botBlocker requestLifecycle observability ratelimit throttle sessionRevoked,cspoff sessionTracker requestLifecycle observability jsonException toolbar,API_TOKEN,MISSING_GUARD,API route is non-public but no API token/auth/role guard was recognized.,add_or_confirm_api_token_guard,no,no
POST,API/Investments/refreshForecasts,»,\App\Modules\APIs\Controllers\InvestmentsAPIController::refreshForecasts,botBlocker requestLifecycle observability ratelimit throttle sessionRevoked,cspoff sessionTracker requestLifecycle observability jsonException toolbar,API_TOKEN,MISSING_GUARD,API route is non-public but no API token/auth/role guard was recognized.,add_or_confirm_api_token_guard,no,no
POST,API/Investments/reforecastTicker,»,\App\Modules\APIs\Controllers\InvestmentsAPIController::reforecastTicker,botBlocker requestLifecycle observability ratelimit throttle sessionRevoked,cspoff sessionTracker requestLifecycle observability jsonException toolbar,API_TOKEN,MISSING_GUARD,API route is non-public but no API token/auth/role guard was recognized.,add_or_confirm_api_token_guard,no,no
POST,API/Marketing,»,\App\Modules\APIs\Controllers\MarketingAPIController::index,botBlocker requestLifecycle observability ratelimit throttle sessionRevoked,cspoff sessionTracker requestLifecycle observability jsonException toolbar,API_TOKEN,MISSING_GUARD,API route is non-public but no API token/auth/role guard was recognized.,add_or_confirm_api_token_guard,no,no
POST,API/Marketing/approvePost/([0-9]+),»,\App\Modules\APIs\Controllers\MarketingAPIController::approvePost/$1,botBlocker requestLifecycle observability ratelimit throttle sessionRevoked,cspoff sessionTracker requestLifecycle observability jsonException toolbar,API_TOKEN,MISSING_GUARD,API route is non-public but no API token/auth/role guard was recognized.,add_or_confirm_api_token_guard,no,no
POST,API/Marketing/approveBufferItem/([0-9]+),»,\App\Modules\APIs\Controllers\MarketingAPIController::approveBufferItem/$1,botBlocker requestLifecycle observability ratelimit throttle sessionRevoked,cspoff sessionTracker requestLifecycle observability jsonException toolbar,API_TOKEN,MISSING_GUARD,API route is non-public but no API token/auth/role guard was recognized.,add_or_confirm_api_token_guard,no,no
POST,API/Marketing/autoScheduleNextApproved,»,\App\Modules\APIs\Controllers\MarketingAPIController::autoScheduleNextApproved,botBlocker requestLifecycle observability ratelimit throttle sessionRevoked,cspoff sessionTracker requestLifecycle observability jsonException toolbar,API_TOKEN,MISSING_GUARD,API route is non-public but no API token/auth/role guard was recognized.,add_or_confirm_api_token_guard,no,no
POST,API/Marketing/generateVideoContent,»,\App\Modules\APIs\Controllers\MarketingAPIController::generateVideoContent,botBlocker requestLifecycle observability ratelimit throttle sessionRevoked,cspoff sessionTracker requestLifecycle observability jsonException toolbar,API_TOKEN,MISSING_GUARD,API route is non-public but no API token/auth/role guard was recognized.,add_or_confirm_api_token_guard,no,no
POST,API/Marketing/generateTikTokContent,»,\App\Modules\APIs\Controllers\MarketingAPIController::generateTikTokContent,botBlocker requestLifecycle observability ratelimit throttle sessionRevoked,cspoff sessionTracker requestLifecycle observability jsonException toolbar,API_TOKEN,MISSING_GUARD,API route is non-public but no API token/auth/role guard was recognized.,add_or_confirm_api_token_guard,no,no
POST,API/Marketing/saveVideoDraft,»,\App\Modules\APIs\Controllers\MarketingAPIController::saveVideoDraft,botBlocker requestLifecycle observability ratelimit throttle sessionRevoked,cspoff sessionTracker requestLifecycle observability jsonException toolbar,API_TOKEN,MISSING_GUARD,API route is non-public but no API token/auth/role guard was recognized.,add_or_confirm_api_token_guard,no,no
POST,API/Marketing/updateVideoContent/([0-9]+),»,\App\Modules\APIs\Controllers\MarketingAPIController::updateVideoContent/$1,botBlocker requestLifecycle observability ratelimit throttle sessionRevoked,cspoff sessionTracker requestLifecycle observability jsonException toolbar,API_TOKEN,MISSING_GUARD,API route is non-public but no API token/auth/role guard was recognized.,add_or_confirm_api_token_guard,no,no
POST,API/Marketing/approveVideoContent/([0-9]+),»,\App\Modules\APIs\Controllers\MarketingAPIController::approveVideoContent/$1,botBlocker requestLifecycle observability ratelimit throttle sessionRevoked,cspoff sessionTracker requestLifecycle observability jsonException toolbar,API_TOKEN,MISSING_GUARD,API route is non-public but no API token/auth/role guard was recognized.,add_or_confirm_api_token_guard,no,no
POST,API/Marketing/archiveVideoContent/([0-9]+),»,\App\Modules\APIs\Controllers\MarketingAPIController::archiveVideoContent/$1,botBlocker requestLifecycle observability ratelimit throttle sessionRevoked,cspoff sessionTracker requestLifecycle observability jsonException toolbar,API_TOKEN,MISSING_GUARD,API route is non-public but no API token/auth/role guard was recognized.,add_or_confirm_api_token_guard,no,no
POST,API/Marketing/duplicateVideoContent/([0-9]+),»,\App\Modules\APIs\Controllers\MarketingAPIController::duplicateVideoContent/$1,botBlocker requestLifecycle observability ratelimit throttle sessionRevoked,cspoff sessionTracker requestLifecycle observability jsonException toolbar,API_TOKEN,MISSING_GUARD,API route is non-public but no API token/auth/role guard was recognized.,add_or_confirm_api_token_guard,no,no
POST,API/Marketing/generateFromTicker,»,\App\Modules\APIs\Controllers\MarketingAPIController::generateFromTicker,botBlocker requestLifecycle observability ratelimit throttle sessionRevoked,cspoff sessionTracker requestLifecycle observability jsonException toolbar,API_TOKEN,MISSING_GUARD,API route is non-public but no API token/auth/role guard was recognized.,add_or_confirm_api_token_guard,no,no
POST,API/Marketing/generateFromTopic,»,\App\Modules\APIs\Controllers\MarketingAPIController::generateFromTopic,botBlocker requestLifecycle observability ratelimit throttle sessionRevoked,cspoff sessionTracker requestLifecycle observability jsonException toolbar,API_TOKEN,MISSING_GUARD,API route is non-public but no API token/auth/role guard was recognized.,add_or_confirm_api_token_guard,no,no
POST,API/Marketing/generateFromScrapedSource/([0-9]+),»,\App\Modules\APIs\Controllers\MarketingAPIController::generateFromScrapedSource/$1,botBlocker requestLifecycle observability ratelimit throttle sessionRevoked,cspoff sessionTracker requestLifecycle observability jsonException toolbar,API_TOKEN,MISSING_GUARD,API route is non-public but no API token/auth/role guard was recognized.,add_or_confirm_api_token_guard,no,no
POST,API/Marketing/saveTemplate,»,\App\Modules\APIs\Controllers\MarketingAPIController::saveTemplate,botBlocker requestLifecycle observability ratelimit throttle sessionRevoked,cspoff sessionTracker requestLifecycle observability jsonException toolbar,API_TOKEN,MISSING_GUARD,API route is non-public but no API token/auth/role guard was recognized.,add_or_confirm_api_token_guard,no,no
POST,API/Marketing/generateCampaignContent,»,\App\Modules\APIs\Controllers\MarketingAPIController::generateCampaignContent,botBlocker requestLifecycle observability ratelimit throttle sessionRevoked,cspoff sessionTracker requestLifecycle observability jsonException toolbar,API_TOKEN,MISSING_GUARD,API route is non-public but no API token/auth/role guard was recognized.,add_or_confirm_api_token_guard,no,no
POST,API/Marketing/generateDailyMarketCampaign,»,\App\Modules\APIs\Controllers\MarketingAPIController::generateDailyMarketCampaign,botBlocker requestLifecycle observability ratelimit throttle sessionRevoked,cspoff sessionTracker requestLifecycle observability jsonException toolbar,API_TOKEN,MISSING_GUARD,API route is non-public but no API token/auth/role guard was recognized.,add_or_confirm_api_token_guard,no,no
POST,API/Marketing/generateCampaignStepContent,»,\App\Modules\APIs\Controllers\MarketingAPIController::generateCampaignStepContent,botBlocker requestLifecycle observability ratelimit throttle sessionRevoked,cspoff sessionTracker requestLifecycle observability jsonException toolbar,API_TOKEN,MISSING_GUARD,API route is non-public but no API token/auth/role guard was recognized.,add_or_confirm_api_token_guard,no,no
POST,API/Marketing/generatePostMediaContent,»,\App\Modules\APIs\Controllers\MarketingAPIController::generatePostMediaContent,botBlocker requestLifecycle observability ratelimit throttle sessionRevoked,cspoff sessionTracker requestLifecycle observability jsonException toolbar,API_TOKEN,MISSING_GUARD,API route is non-public but no API token/auth/role guard was recognized.,add_or_confirm_api_token_guard,no,no
POST,API/Marketing/runNewsScrape,»,\App\Modules\APIs\Controllers\MarketingAPIController::runNewsScrape,botBlocker requestLifecycle observability ratelimit throttle sessionRevoked,cspoff sessionTracker requestLifecycle observability jsonException toolbar,API_TOKEN,MISSING_GUARD,API route is non-public but no API token/auth/role guard was recognized.,add_or_confirm_api_token_guard,no,no
POST,API/Marketing/runNewsGenerate,»,\App\Modules\APIs\Controllers\MarketingAPIController::runNewsGenerate,botBlocker requestLifecycle observability ratelimit throttle sessionRevoked,cspoff sessionTracker requestLifecycle observability jsonException toolbar,API_TOKEN,MISSING_GUARD,API route is non-public but no API token/auth/role guard was recognized.,add_or_confirm_api_token_guard,no,no
POST,API/Marketing/runNewsPipeline,»,\App\Modules\APIs\Controllers\MarketingAPIController::runNewsPipeline,botBlocker requestLifecycle observability ratelimit throttle sessionRevoked,cspoff sessionTracker requestLifecycle observability jsonException toolbar,API_TOKEN,MISSING_GUARD,API route is non-public but no API token/auth/role guard was recognized.,add_or_confirm_api_token_guard,no,no
POST,API/Marketing/rejectBufferItem/([0-9]+),»,\App\Modules\APIs\Controllers\MarketingAPIController::rejectBufferItem/$1,botBlocker requestLifecycle observability ratelimit throttle sessionRevoked,cspoff sessionTracker requestLifecycle observability jsonException toolbar,API_TOKEN,MISSING_GUARD,API route is non-public but no API token/auth/role guard was recognized.,add_or_confirm_api_token_guard,no,no
POST,API/Marketing/submitLargeContent,»,\App\Modules\APIs\Controllers\MarketingAPIController::submitLargeContent,botBlocker requestLifecycle observability ratelimit throttle sessionRevoked,cspoff sessionTracker requestLifecycle observability jsonException toolbar,API_TOKEN,MISSING_GUARD,API route is non-public but no API token/auth/role guard was recognized.,add_or_confirm_api_token_guard,no,no
POST,API/Marketing/submitManualContent,»,\App\Modules\APIs\Controllers\MarketingAPIController::submitManualContent,botBlocker requestLifecycle observability ratelimit throttle sessionRevoked,cspoff sessionTracker requestLifecycle observability jsonException toolbar,API_TOKEN,MISSING_GUARD,API route is non-public but no API token/auth/role guard was recognized.,add_or_confirm_api_token_guard,no,no
POST,API/Marketing/updateCampaignLinks,»,\App\Modules\APIs\Controllers\MarketingAPIController::updateCampaignLinks,botBlocker requestLifecycle observability ratelimit throttle sessionRevoked,cspoff sessionTracker requestLifecycle observability jsonException toolbar,API_TOKEN,MISSING_GUARD,API route is non-public but no API token/auth/role guard was recognized.,add_or_confirm_api_token_guard,no,no
POST,API/Marketing/updateInsight,»,\App\Modules\APIs\Controllers\MarketingAPIController::updateInsight,botBlocker requestLifecycle observability ratelimit throttle sessionRevoked,cspoff sessionTracker requestLifecycle observability jsonException toolbar,API_TOKEN,MISSING_GUARD,API route is non-public but no API token/auth/role guard was recognized.,add_or_confirm_api_token_guard,no,no
POST,API/Marketing/updateCampaignMessageField,»,\App\Modules\APIs\Controllers\MarketingAPIController::updateCampaignMessageField,botBlocker requestLifecycle observability ratelimit throttle sessionRevoked,cspoff sessionTracker requestLifecycle observability jsonException toolbar,API_TOKEN,MISSING_GUARD,API route is non-public but no API token/auth/role guard was recognized.,add_or_confirm_api_token_guard,no,no
POST,API/Marketing/updatePostSchedule/([0-9]+),»,\App\Modules\APIs\Controllers\MarketingAPIController::updatePostSchedule/$1,botBlocker requestLifecycle observability ratelimit throttle sessionRevoked,cspoff sessionTracker requestLifecycle observability jsonException toolbar,API_TOKEN,MISSING_GUARD,API route is non-public but no API token/auth/role guard was recognized.,add_or_confirm_api_token_guard,no,no
POST,API/Marketing/updatePlatformToggle/([0-9]+),»,\App\Modules\APIs\Controllers\MarketingAPIController::updatePlatformToggle/$1,botBlocker requestLifecycle observability ratelimit throttle sessionRevoked,cspoff sessionTracker requestLifecycle observability jsonException toolbar,API_TOKEN,MISSING_GUARD,API route is non-public but no API token/auth/role guard was recognized.,add_or_confirm_api_token_guard,no,no
POST,API/Marketing/validateSymbol,»,\App\Modules\APIs\Controllers\MarketingAPIController::validateSymbol,botBlocker requestLifecycle observability ratelimit throttle sessionRevoked,cspoff sessionTracker requestLifecycle observability jsonException toolbar,API_TOKEN,MISSING_GUARD,API route is non-public but no API token/auth/role guard was recognized.,add_or_confirm_api_token_guard,no,no
POST,API/Marketing/uploadNotification,»,\App\Modules\APIs\Controllers\MarketingAPIController::uploadNotification,botBlocker requestLifecycle observability ratelimit throttle sessionRevoked,cspoff sessionTracker requestLifecycle observability jsonException toolbar,API_TOKEN,MISSING_GUARD,API route is non-public but no API token/auth/role guard was recognized.,add_or_confirm_api_token_guard,no,no
POST,API/Marketing/getStoryUpdates,»,\App\Modules\APIs\Controllers\MarketingAPIController::getStoryUpdates,botBlocker requestLifecycle observability ratelimit throttle sessionRevoked,cspoff sessionTracker requestLifecycle observability jsonException toolbar,API_TOKEN,MISSING_GUARD,API route is non-public but no API token/auth/role guard was recognized.,add_or_confirm_api_token_guard,no,no
POST,API/Marketing/generateMarketingPackage,»,\App\Modules\APIs\Controllers\MarketingAPIController::generateMarketingPackage,botBlocker requestLifecycle observability ratelimit throttle sessionRevoked,cspoff sessionTracker requestLifecycle observability jsonException toolbar,API_TOKEN,MISSING_GUARD,API route is non-public but no API token/auth/role guard was recognized.,add_or_confirm_api_token_guard,no,no
POST,API/Marketing/processPendingNotifications,»,\App\Modules\APIs\Controllers\MarketingAPIController::processPendingNotifications,botBlocker requestLifecycle observability ratelimit throttle sessionRevoked,cspoff sessionTracker requestLifecycle observability jsonException toolbar,API_TOKEN,MISSING_GUARD,API route is non-public but no API token/auth/role guard was recognized.,add_or_confirm_api_token_guard,no,no
POST,API/Marketing/processPendingTempScraper,»,\App\Modules\APIs\Controllers\MarketingAPIController::processPendingTempScraper,botBlocker requestLifecycle observability ratelimit throttle sessionRevoked,cspoff sessionTracker requestLifecycle observability jsonException toolbar,API_TOKEN,MISSING_GUARD,API route is non-public but no API token/auth/role guard was recognized.,add_or_confirm_api_token_guard,no,no
POST,API/Marketing/processPendingCampaigns,»,\App\Modules\APIs\Controllers\MarketingAPIController::processPendingCampaigns,botBlocker requestLifecycle observability ratelimit throttle sessionRevoked,cspoff sessionTracker requestLifecycle observability jsonException toolbar,API_TOKEN,MISSING_GUARD,API route is non-public but no API token/auth/role guard was recognized.,add_or_confirm_api_token_guard,no,no
POST,API/Marketing/processPendingGeneratedContent,»,\App\Modules\APIs\Controllers\MarketingAPIController::processPendingGeneratedContent,botBlocker requestLifecycle observability ratelimit throttle sessionRevoked,cspoff sessionTracker requestLifecycle observability jsonException toolbar,API_TOKEN,MISSING_GUARD,API route is non-public but no API token/auth/role guard was recognized.,add_or_confirm_api_token_guard,no,no
POST,API/Marketing/retryDistributionTargets,»,\App\Modules\APIs\Controllers\MarketingAPIController::retryDistributionTargets,botBlocker requestLifecycle observability ratelimit throttle sessionRevoked,cspoff sessionTracker requestLifecycle observability jsonException toolbar,API_TOKEN,MISSING_GUARD,API route is non-public but no API token/auth/role guard was recognized.,add_or_confirm_api_token_guard,no,no
POST,API/Marketing/retryDistributionTargets/([0-9]+),»,\App\Modules\APIs\Controllers\MarketingAPIController::retryDistributionTargets/$1,botBlocker requestLifecycle observability ratelimit throttle sessionRevoked,cspoff sessionTracker requestLifecycle observability jsonException toolbar,API_TOKEN,MISSING_GUARD,API route is non-public but no API token/auth/role guard was recognized.,add_or_confirm_api_token_guard,no,no
POST,API/Marketing/runMarketingPipeline,»,\App\Modules\APIs\Controllers\MarketingAPIController::runMarketingPipeline,botBlocker requestLifecycle observability ratelimit throttle sessionRevoked,cspoff sessionTracker requestLifecycle observability jsonException toolbar,API_TOKEN,MISSING_GUARD,API route is non-public but no API token/auth/role guard was recognized.,add_or_confirm_api_token_guard,no,no
POST,API/Marketing/Add-Subscriber,»,\App\Modules\APIs\Controllers\MarketingAPIController::addSubscriber,botBlocker requestLifecycle observability ratelimit throttle sessionRevoked,cspoff sessionTracker requestLifecycle observability jsonException toolbar,API_TOKEN,MISSING_GUARD,API route is non-public but no API token/auth/role guard was recognized.,add_or_confirm_api_token_guard,no,no
POST,API/Marketing/fetchMissingLogos,»,\App\Modules\APIs\Controllers\MarketingAPIController::fetchMissingLogos,botBlocker requestLifecycle observability ratelimit throttle sessionRevoked,cspoff sessionTracker requestLifecycle observability jsonException toolbar,API_TOKEN,MISSING_GUARD,API route is non-public but no API token/auth/role guard was recognized.,add_or_confirm_api_token_guard,no,no
POST,API/Marketing/generateAutomatedContent,»,\App\Modules\APIs\Controllers\MarketingAPIController::generateAutomatedContent,botBlocker requestLifecycle observability ratelimit throttle sessionRevoked,cspoff sessionTracker requestLifecycle observability jsonException toolbar,API_TOKEN,MISSING_GUARD,API route is non-public but no API token/auth/role guard was recognized.,add_or_confirm_api_token_guard,no,no
POST,API/Marketing/PublishBlog/([0-9]+),»,\App\Modules\APIs\Controllers\Management\MarketingAPIController::publishBlog/$1,botBlocker requestLifecycle observability ratelimit throttle sessionRevoked,cspoff sessionTracker requestLifecycle observability jsonException toolbar,API_TOKEN,MISSING_GUARD,API route is non-public but no API token/auth/role guard was recognized.,add_or_confirm_api_token_guard,no,no
POST,API/Marketing/Save-Content-Edit/([0-9]+),»,\App\Modules\APIs\Controllers\MarketingAPIController::saveContentEdit/$1,botBlocker requestLifecycle observability ratelimit throttle sessionRevoked,cspoff sessionTracker requestLifecycle observability jsonException toolbar,API_TOKEN,MISSING_GUARD,API route is non-public but no API token/auth/role guard was recognized.,add_or_confirm_api_token_guard,no,no
POST,API/Marketing/Scrape-Link,»,\App\Modules\APIs\Controllers\MarketingAPIController::scrapeLink,botBlocker requestLifecycle observability ratelimit throttle sessionRevoked,cspoff sessionTracker requestLifecycle observability jsonException toolbar,API_TOKEN,MISSING_GUARD,API route is non-public but no API token/auth/role guard was recognized.,add_or_confirm_api_token_guard,no,no
POST,API/Marketing/MyMI-Gold/Tasks/Add,»,\App\Modules\APIs\Controllers\WalletsAPIController::addUserGoldTasks,botBlocker requestLifecycle observability ratelimit throttle sessionRevoked,cspoff sessionTracker requestLifecycle observability jsonException toolbar,API_TOKEN,MISSING_GUARD,API route is non-public but no API token/auth/role guard was recognized.,add_or_confirm_api_token_guard,no,no
POST,API/Marketing//Email-Templates/store,»,\App\Modules\APIs\Controllers\EmailTemplateController::store,botBlocker requestLifecycle observability ratelimit throttle sessionRevoked,cspoff sessionTracker requestLifecycle observability jsonException toolbar,API_TOKEN,MISSING_GUARD,API route is non-public but no API token/auth/role guard was recognized.,add_or_confirm_api_token_guard,no,no
POST,API/Marketing/Email-Queue/store,»,\App\Modules\APIs\Controllers\EmailQueueController::store,botBlocker requestLifecycle observability ratelimit throttle sessionRevoked,cspoff sessionTracker requestLifecycle observability jsonException toolbar,API_TOKEN,MISSING_GUARD,API route is non-public but no API token/auth/role guard was recognized.,add_or_confirm_api_token_guard,no,no
POST,API/Marketing/Email-Queue/processQueue,»,\App\Modules\APIs\Controllers\EmailQueueController::processQueue,botBlocker requestLifecycle observability ratelimit throttle sessionRevoked,cspoff sessionTracker requestLifecycle observability jsonException toolbar,API_TOKEN,MISSING_GUARD,API route is non-public but no API token/auth/role guard was recognized.,add_or_confirm_api_token_guard,no,no
POST,API/Marketing/savePlatform,»,\App\Modules\APIs\Controllers\ManagementAPIController::savePlatform,botBlocker requestLifecycle observability ratelimit throttle sessionRevoked,cspoff sessionTracker requestLifecycle observability jsonException toolbar,API_TOKEN,MISSING_GUARD,API route is non-public but no API token/auth/role guard was recognized.,add_or_confirm_api_token_guard,no,no
POST,API/Marketing/upsertPlatformRule,»,\App\Modules\APIs\Controllers\ManagementAPIController::upsertPlatformRule,botBlocker requestLifecycle observability ratelimit throttle sessionRevoked,cspoff sessionTracker requestLifecycle observability jsonException toolbar,API_TOKEN,MISSING_GUARD,API route is non-public but no API token/auth/role guard was recognized.,add_or_confirm_api_token_guard,no,no
POST,API/Marketing/searchTaxonomy,»,\App\Modules\APIs\Controllers\ManagementAPIController::searchTaxonomy,botBlocker requestLifecycle observability ratelimit throttle sessionRevoked,cspoff sessionTracker requestLifecycle observability jsonException toolbar,API_TOKEN,MISSING_GUARD,API route is non-public but no API token/auth/role guard was recognized.,add_or_confirm_api_token_guard,no,no
POST,API/Marketing/saveTaxonomy,»,\App\Modules\APIs\Controllers\ManagementAPIController::saveTaxonomy,botBlocker requestLifecycle observability ratelimit throttle sessionRevoked,cspoff sessionTracker requestLifecycle observability jsonException toolbar,API_TOKEN,MISSING_GUARD,API route is non-public but no API token/auth/role guard was recognized.,add_or_confirm_api_token_guard,no,no
POST,API/Marketing/saveSuggestion,»,\App\Modules\APIs\Controllers\ManagementAPIController::saveSuggestion,botBlocker requestLifecycle observability ratelimit throttle sessionRevoked,cspoff sessionTracker requestLifecycle observability jsonException toolbar,API_TOKEN,MISSING_GUARD,API route is non-public but no API token/auth/role guard was recognized.,add_or_confirm_api_token_guard,no,no
POST,API/Marketing/getPostingPlan,»,\App\Modules\APIs\Controllers\ManagementAPIController::getPostingPlan,botBlocker requestLifecycle observability ratelimit throttle sessionRevoked,cspoff sessionTracker requestLifecycle observability jsonException toolbar,API_TOKEN,MISSING_GUARD,API route is non-public but no API token/auth/role guard was recognized.,add_or_confirm_api_token_guard,no,no
POST,API/Marketing/composePost,»,\App\Modules\APIs\Controllers\ManagementAPIController::composePost,botBlocker requestLifecycle observability ratelimit throttle sessionRevoked,cspoff sessionTracker requestLifecycle observability jsonException toolbar,API_TOKEN,MISSING_GUARD,API route is non-public but no API token/auth/role guard was recognized.,add_or_confirm_api_token_guard,no,no
POST,API/Predictions/PlaceOrder,»,\App\Modules\APIs\Controllers\PredictionsAPIController::placeOrder,botBlocker requestLifecycle observability ratelimit throttle sessionRevoked,cspoff sessionTracker requestLifecycle observability jsonException toolbar,API_TOKEN,MISSING_GUARD,API route is non-public but no API token/auth/role guard was recognized.,add_or_confirm_api_token_guard,no,no
POST,API/Predictions/CancelOrder,»,\App\Modules\APIs\Controllers\PredictionsAPIController::cancelOrder,botBlocker requestLifecycle observability ratelimit throttle sessionRevoked,cspoff sessionTracker requestLifecycle observability jsonException toolbar,API_TOKEN,MISSING_GUARD,API route is non-public but no API token/auth/role guard was recognized.,add_or_confirm_api_token_guard,no,no
POST,API/Solana/transfer,»,\App\Modules\APIs\Controllers\SolanaAPIController::transfer,botBlocker requestLifecycle observability ratelimit throttle sessionRevoked csrf,csrf cspoff sessionTracker requestLifecycle observability jsonException toolbar,API_TOKEN,MISSING_GUARD,API route is non-public but no API token/auth/role guard was recognized.,add_or_confirm_api_token_guard,no,no
POST,API/Solana/swap/quote,»,\App\Modules\APIs\Controllers\SolanaAPIController::quote,botBlocker requestLifecycle observability ratelimit throttle sessionRevoked csrf,csrf cspoff sessionTracker requestLifecycle observability jsonException toolbar,API_TOKEN,MISSING_GUARD,API route is non-public but no API token/auth/role guard was recognized.,add_or_confirm_api_token_guard,no,no
POST,API/Solana/transaction/preview,»,\App\Modules\APIs\Controllers\SolanaAPIController::preview,botBlocker requestLifecycle observability ratelimit throttle sessionRevoked csrf,csrf cspoff sessionTracker requestLifecycle observability jsonException toolbar,API_TOKEN,MISSING_GUARD,API route is non-public but no API token/auth/role guard was recognized.,add_or_confirm_api_token_guard,no,no
POST,API/Solana/swap/preview,»,\App\Modules\APIs\Controllers\SolanaAPIController::preview,botBlocker requestLifecycle observability ratelimit throttle sessionRevoked csrf,csrf cspoff sessionTracker requestLifecycle observability jsonException toolbar,API_TOKEN,MISSING_GUARD,API route is non-public but no API token/auth/role guard was recognized.,add_or_confirm_api_token_guard,no,no
POST,API/Solana/swap/execute,»,\App\Modules\APIs\Controllers\SolanaAPIController::swap,botBlocker requestLifecycle observability ratelimit throttle sessionRevoked csrf,csrf cspoff sessionTracker requestLifecycle observability jsonException toolbar,API_TOKEN,MISSING_GUARD,API route is non-public but no API token/auth/role guard was recognized.,add_or_confirm_api_token_guard,no,no
POST,API/Solana/token/create,»,\App\Modules\APIs\Controllers\SolanaAPIController::createToken,botBlocker requestLifecycle observability ratelimit throttle sessionRevoked csrf,csrf cspoff sessionTracker requestLifecycle observability jsonException toolbar,API_TOKEN,MISSING_GUARD,API route is non-public but no API token/auth/role guard was recognized.,add_or_confirm_api_token_guard,no,no
POST,API/Solana/token/mint,»,\App\Modules\APIs\Controllers\SolanaAPIController::mint,botBlocker requestLifecycle observability ratelimit throttle sessionRevoked csrf,csrf cspoff sessionTracker requestLifecycle observability jsonException toolbar,API_TOKEN,MISSING_GUARD,API route is non-public but no API token/auth/role guard was recognized.,add_or_confirm_api_token_guard,no,no
POST,API/Wallets/Create,»,\App\Modules\APIs\Controllers\WalletsAPIController::create,botBlocker requestLifecycle observability ratelimit throttle sessionRevoked,cspoff sessionTracker requestLifecycle observability jsonException toolbar,API_TOKEN,MISSING_GUARD,API route is non-public but no API token/auth/role guard was recognized.,add_or_confirm_api_token_guard,no,no
POST,API/Wallets/Link-Robinhood,»,\App\Modules\APIs\Controllers\WalletsAPIController::linkRobinhood,botBlocker requestLifecycle observability ratelimit throttle sessionRevoked,cspoff sessionTracker requestLifecycle observability jsonException toolbar,API_TOKEN,MISSING_GUARD,API route is non-public but no API token/auth/role guard was recognized.,add_or_confirm_api_token_guard,no,no
POST,API/Wallets/Link-Snaptrade,»,\App\Modules\APIs\Controllers\WalletsAPIController::linkSnapTrade,botBlocker requestLifecycle observability ratelimit throttle sessionRevoked,cspoff sessionTracker requestLifecycle observability jsonException toolbar,API_TOKEN,MISSING_GUARD,API route is non-public but no API token/auth/role guard was recognized.,add_or_confirm_api_token_guard,no,no
POST,API/Wallets/Snaptrade/Connect-URL,»,\App\Modules\APIs\Controllers\WalletsAPIController::getSnapTradeConnectUrl,botBlocker requestLifecycle observability ratelimit throttle sessionRevoked,cspoff sessionTracker requestLifecycle observability jsonException toolbar,API_TOKEN,MISSING_GUARD,API route is non-public but no API token/auth/role guard was recognized.,add_or_confirm_api_token_guard,no,no
POST,API/Wallets/Banking/Update/([0-9]+),»,\App\Modules\APIs\Controllers\WalletsAPIController::updateBank/$1,botBlocker requestLifecycle observability ratelimit throttle sessionRevoked,cspoff sessionTracker requestLifecycle observability jsonException toolbar,API_TOKEN,MISSING_GUARD,API route is non-public but no API token/auth/role guard was recognized.,add_or_confirm_api_token_guard,no,no
POST,API/Wallets/Credit/Update/([0-9]+),»,\App\Modules\APIs\Controllers\WalletsAPIController::updateCredit/$1,botBlocker requestLifecycle observability ratelimit throttle sessionRevoked,cspoff sessionTracker requestLifecycle observability jsonException toolbar,API_TOKEN,MISSING_GUARD,API route is non-public but no API token/auth/role guard was recognized.,add_or_confirm_api_token_guard,no,no
POST,API/Wallets/Debt/Update/([0-9]+),»,\App\Modules\APIs\Controllers\WalletsAPIController::updateDebt/$1,botBlocker requestLifecycle observability ratelimit throttle sessionRevoked,cspoff sessionTracker requestLifecycle observability jsonException toolbar,API_TOKEN,MISSING_GUARD,API route is non-public but no API token/auth/role guard was recognized.,add_or_confirm_api_token_guard,no,no
POST,API/Wallets/Investments/Update/([0-9]+),»,\App\Modules\APIs\Controllers\WalletsAPIController::updateInvestment/$1,botBlocker requestLifecycle observability ratelimit throttle sessionRevoked,cspoff sessionTracker requestLifecycle observability jsonException toolbar,API_TOKEN,MISSING_GUARD,API route is non-public but no API token/auth/role guard was recognized.,add_or_confirm_api_token_guard,no,no
POST,API/Wallets/Crypto/Update/([0-9]+),»,\App\Modules\APIs\Controllers\WalletsAPIController::updateCrypto/$1,botBlocker requestLifecycle observability ratelimit throttle sessionRevoked,cspoff sessionTracker requestLifecycle observability jsonException toolbar,API_TOKEN,MISSING_GUARD,API route is non-public but no API token/auth/role guard was recognized.,add_or_confirm_api_token_guard,no,no
POST,API/Wallets/Plaid/Exchange,»,\App\Modules\APIs\Controllers\WalletsAPIController::plaidExchange,botBlocker requestLifecycle observability ratelimit throttle sessionRevoked,cspoff sessionTracker requestLifecycle observability jsonException toolbar,API_TOKEN,MISSING_GUARD,API route is non-public but no API token/auth/role guard was recognized.,add_or_confirm_api_token_guard,no,no
POST,API/Wallets/Plaid/Refresh/([0-9]+),»,\App\Modules\APIs\Controllers\WalletsAPIController::refreshPlaidWallet/$1,botBlocker requestLifecycle observability ratelimit throttle sessionRevoked,cspoff sessionTracker requestLifecycle observability jsonException toolbar,API_TOKEN,MISSING_GUARD,API route is non-public but no API token/auth/role guard was recognized.,add_or_confirm_api_token_guard,no,no
POST,API/Wallets/Plaid/Sync-Transactions/([0-9]+),»,\App\Modules\APIs\Controllers\WalletsAPIController::syncPlaidTransactions/$1,botBlocker requestLifecycle observability ratelimit throttle sessionRevoked,cspoff sessionTracker requestLifecycle observability jsonException toolbar,API_TOKEN,MISSING_GUARD,API route is non-public but no API token/auth/role guard was recognized.,add_or_confirm_api_token_guard,no,no
POST,API/User/Comments/Add,»,\App\Modules\APIs\Controllers\UserAPIController::addComment,botBlocker requestLifecycle observability ratelimit throttle sessionRevoked,cspoff sessionTracker requestLifecycle observability jsonException toolbar,API_TOKEN,MISSING_GUARD,API route is non-public but no API token/auth/role guard was recognized.,add_or_confirm_api_token_guard,no,no
POST,API/Users/Comments/Add,»,\App\Modules\APIs\Controllers\UserAPIController::addComment,botBlocker requestLifecycle observability ratelimit throttle sessionRevoked,cspoff sessionTracker requestLifecycle observability jsonException toolbar,API_TOKEN,MISSING_GUARD,API route is non-public but no API token/auth/role guard was recognized.,add_or_confirm_api_token_guard,no,no
POST,API/Bitcoin/buildUnsignedPsbt,»,\App\Modules\APIs\Controllers\App\Modules\APIs\Controllers\BitcoinController::buildUnsignedPsbt,botBlocker requestLifecycle observability ratelimit throttle sessionRevoked,cspoff sessionTracker requestLifecycle observability jsonException toolbar,API_TOKEN,MISSING_GUARD,API route is non-public but no API token/auth/role guard was recognized.,add_or_confirm_api_token_guard,yes,no
POST,API/Bitcoin/broadcastSignedTx,»,\App\Modules\APIs\Controllers\App\Modules\APIs\Controllers\BitcoinController::broadcastSignedTx,botBlocker requestLifecycle observability ratelimit throttle sessionRevoked,cspoff sessionTracker requestLifecycle observability jsonException toolbar,API_TOKEN,MISSING_GUARD,API route is non-public but no API token/auth/role guard was recognized.,add_or_confirm_api_token_guard,yes,no
PUT,API/Wallets/Update/([0-9]+),»,\App\Modules\APIs\Controllers\WalletsAPIController::update/$1,botBlocker requestLifecycle observability ratelimit throttle sessionRevoked,cspoff sessionTracker requestLifecycle observability jsonException toolbar,API_TOKEN,MISSING_GUARD,API route is non-public but no API token/auth/role guard was recognized.,add_or_confirm_api_token_guard,no,no
DELETE,API/Discord/purge-dead,»,\App\Modules\APIs\Controllers\DiscordAPIController::purgeDead,botBlocker requestLifecycle observability ratelimit throttle sessionRevoked,cspoff sessionTracker requestLifecycle observability jsonException toolbar,API_TOKEN,MISSING_GUARD,API route is non-public but no API token/auth/role guard was recognized.,add_or_confirm_api_token_guard,no,no
DELETE,API/Email/deleteCampaign/([0-9]+),»,\App\Modules\APIs\Controllers\EmailAPIController::deleteCampaign/$1,botBlocker requestLifecycle observability ratelimit throttle sessionRevoked,cspoff sessionTracker requestLifecycle observability jsonException toolbar,API_TOKEN,MISSING_GUARD,API route is non-public but no API token/auth/role guard was recognized.,add_or_confirm_api_token_guard,no,no
DELETE,API/Investments/news/([0-9]+),»,\App\Modules\APIs\Controllers\InvestmentsAPIController::deleteNews/$1,botBlocker requestLifecycle observability ratelimit throttle sessionRevoked,cspoff sessionTracker requestLifecycle observability jsonException toolbar,API_TOKEN,MISSING_GUARD,API route is non-public but no API token/auth/role guard was recognized.,add_or_confirm_api_token_guard,no,no
DELETE,API/Marketing/deleteScrape/([0-9]+),»,\App\Modules\APIs\Controllers\MarketingAPIController::deleteScrape/$1,botBlocker requestLifecycle observability ratelimit throttle sessionRevoked,cspoff sessionTracker requestLifecycle observability jsonException toolbar,API_TOKEN,MISSING_GUARD,API route is non-public but no API token/auth/role guard was recognized.,add_or_confirm_api_token_guard,no,no
DELETE,API/Marketing/deleteTemplate/([0-9]+),»,\App\Modules\APIs\Controllers\MarketingAPIController::deleteTemplate/$1,botBlocker requestLifecycle observability ratelimit throttle sessionRevoked,cspoff sessionTracker requestLifecycle observability jsonException toolbar,API_TOKEN,MISSING_GUARD,API route is non-public but no API token/auth/role guard was recognized.,add_or_confirm_api_token_guard,no,no
DELETE,API/Marketing/deletePlatform/([0-9]+),»,\App\Modules\APIs\Controllers\ManagementAPIController::deletePlatform/$1,botBlocker requestLifecycle observability ratelimit throttle sessionRevoked,cspoff sessionTracker requestLifecycle observability jsonException toolbar,API_TOKEN,MISSING_GUARD,API route is non-public but no API token/auth/role guard was recognized.,add_or_confirm_api_token_guard,no,no
DELETE,API/Marketing/deletePlatformRule/([0-9]+),»,\App\Modules\APIs\Controllers\ManagementAPIController::deletePlatformRule/$1,botBlocker requestLifecycle observability ratelimit throttle sessionRevoked,cspoff sessionTracker requestLifecycle observability jsonException toolbar,API_TOKEN,MISSING_GUARD,API route is non-public but no API token/auth/role guard was recognized.,add_or_confirm_api_token_guard,no,no
DELETE,API/Marketing/deleteTaxonomy/([0-9]+),»,\App\Modules\APIs\Controllers\ManagementAPIController::deleteTaxonomy/$1,botBlocker requestLifecycle observability ratelimit throttle sessionRevoked,cspoff sessionTracker requestLifecycle observability jsonException toolbar,API_TOKEN,MISSING_GUARD,API route is non-public but no API token/auth/role guard was recognized.,add_or_confirm_api_token_guard,no,no
DELETE,API/Marketing/deleteSuggestion/([0-9]+),»,\App\Modules\APIs\Controllers\ManagementAPIController::deleteSuggestion/$1,botBlocker requestLifecycle observability ratelimit throttle sessionRevoked,cspoff sessionTracker requestLifecycle observability jsonException toolbar,API_TOKEN,MISSING_GUARD,API route is non-public but no API token/auth/role guard was recognized.,add_or_confirm_api_token_guard,no,no
DELETE,API/Wallets/Unlink/([0-9]+),»,\App\Modules\APIs\Controllers\WalletsAPIController::unlink/$1,botBlocker requestLifecycle observability ratelimit throttle sessionRevoked,cspoff sessionTracker requestLifecycle observability jsonException toolbar,API_TOKEN,MISSING_GUARD,API route is non-public but no API token/auth/role guard was recognized.,add_or_confirm_api_token_guard,no,no
