method,route,name,handler,before_filters,after_filters,route_class,classification_status,classification_reason,recommended_gt001c_action,malformed_handler,blank_filters
GET,index.php,»,\App\Controllers\Home::index,,,PUBLIC,OK,Recognized public/lifecycle route.,none,no,yes
GET,index.php/login,»,\App\Controllers\AuthController::login,maintenance botBlocker requestLifecycle observability ratelimit throttle sessionRevoked csrf authcheck,cspoff sessionTracker requestLifecycle observability jsonException toolbar,USER_AUTH,OK,Login/auth/authcheck guard is present.,none,no,no
GET,index.php/register,»,\App\Controllers\AuthController::register,maintenance botBlocker requestLifecycle observability ratelimit throttle sessionRevoked csrf,cspoff sessionTracker requestLifecycle observability jsonException toolbar,PUBLIC,REVIEW_REQUIRED,Default public classification requires owner review.,owner_review_before_launch,no,no
GET,assets/(.*),»,(Closure),maintenance botBlocker requestLifecycle observability ratelimit throttle sessionRevoked csrf authcheck,cspoff sessionTracker requestLifecycle observability jsonException toolbar,PUBLIC,OK,Recognized public/lifecycle route.,none,no,no
GET,/,»,\App\Controllers\Home::index,maintenance botBlocker requestLifecycle observability ratelimit throttle sessionRevoked csrf,cspoff sessionTracker requestLifecycle observability jsonException toolbar,PUBLIC,OK,Recognized public/lifecycle route.,none,no,no
GET,healthz,»,\App\Controllers\System\HealthController::healthz,maintenance botBlocker requestLifecycle observability ratelimit throttle sessionRevoked csrf,cspoff sessionTracker requestLifecycle observability jsonException toolbar,PUBLIC,OK,Recognized public/lifecycle route.,none,no,no
GET,ops/health,»,\App\Controllers\OpsHealthController::index,botBlocker requestLifecycle observability ratelimit throttle sessionRevoked csrf authcheck,cspoff sessionTracker requestLifecycle observability jsonException toolbar,USER_AUTH,OK,Login/auth/authcheck guard is present.,none,no,no
GET,Maintenance,»,\App\Controllers\MaintenanceController::index,botBlocker requestLifecycle observability ratelimit throttle sessionRevoked csrf authcheck,cspoff sessionTracker requestLifecycle observability jsonException toolbar,USER_AUTH,OK,Login/auth/authcheck guard is present.,none,no,no
GET,API/Ops/health-score,»,\App\Controllers\OpsHealthController::score,botBlocker requestLifecycle observability ratelimit throttle sessionRevoked,cspoff sessionTracker requestLifecycle observability jsonException toolbar,API_TOKEN,MISSING_GUARD,API route is non-public but no API token/auth/role guard was recognized.,add_or_confirm_api_token_guard,no,no
GET,API/Ops/filesystem-status,»,\App\Controllers\Api\OpsFilesystemStatusController::index,botBlocker requestLifecycle observability ratelimit throttle sessionRevoked permission:admin.access,permission:admin.access cspoff sessionTracker requestLifecycle observability jsonException toolbar,ADMIN_AUTH,OK,Permission/role guard is present.,none,no,no
GET,API/docs,»,\App\Controllers\Api\SwaggerDocsController::index,botBlocker requestLifecycle observability ratelimit throttle sessionRevoked permission:admin.access,permission:admin.access cspoff sessionTracker requestLifecycle observability jsonException toolbar,ADMIN_AUTH,OK,Permission/role guard is present.,none,no,no
GET,admin/ops/health,»,\App\Controllers\OpsHealthController::index,maintenance botBlocker requestLifecycle observability ratelimit throttle sessionRevoked csrf authcheck permission:admin.access,permission:admin.access cspoff sessionTracker requestLifecycle observability jsonException toolbar,ADMIN_AUTH,OK,Permission/role guard is present.,none,no,no
GET,Admin/CoinVault,»,\App\Modules\CoinVault\Controllers\CoinVaultController::index,maintenance botBlocker requestLifecycle observability ratelimit throttle sessionRevoked csrf authcheck permission:admin.access,permission:admin.access cspoff sessionTracker requestLifecycle observability jsonException toolbar,ADMIN_AUTH,OK,Permission/role guard is present.,none,no,no
GET,Admin/CoinVault/Projects,»,\App\Modules\CoinVault\Controllers\CoinVaultController::projects,maintenance botBlocker requestLifecycle observability ratelimit throttle sessionRevoked csrf authcheck permission:admin.access,permission:admin.access cspoff sessionTracker requestLifecycle observability jsonException toolbar,ADMIN_AUTH,OK,Permission/role guard is present.,none,no,no
GET,Admin/CoinVault/Project/([0-9]+),»,\App\Modules\CoinVault\Controllers\CoinVaultController::project/$1,maintenance botBlocker requestLifecycle observability ratelimit throttle sessionRevoked csrf authcheck permission:admin.access,permission:admin.access cspoff sessionTracker requestLifecycle observability jsonException toolbar,ADMIN_AUTH,OK,Permission/role guard is present.,none,no,no
GET,Admin/CoinVault/Contributions,»,\App\Modules\CoinVault\Controllers\CoinVaultController::contributions,maintenance botBlocker requestLifecycle observability ratelimit throttle sessionRevoked csrf authcheck permission:admin.access,permission:admin.access cspoff sessionTracker requestLifecycle observability jsonException toolbar,ADMIN_AUTH,OK,Permission/role guard is present.,none,no,no
GET,Admin/CoinVault/Payouts,»,\App\Modules\CoinVault\Controllers\CoinVaultController::payouts,maintenance botBlocker requestLifecycle observability ratelimit throttle sessionRevoked csrf authcheck permission:admin.access,permission:admin.access cspoff sessionTracker requestLifecycle observability jsonException toolbar,ADMIN_AUTH,OK,Permission/role guard is present.,none,no,no
GET,Admin/CoinVault/Wallet/([0-9]+),»,\App\Modules\CoinVault\Controllers\CoinVaultController::wallet/$1,maintenance botBlocker requestLifecycle observability ratelimit throttle sessionRevoked csrf authcheck permission:admin.access,permission:admin.access cspoff sessionTracker requestLifecycle observability jsonException toolbar,ADMIN_AUTH,OK,Permission/role guard is present.,none,no,no
GET,API/Docs/index,»,\App\Modules\APIs\Controllers\DocsController::index,botBlocker requestLifecycle observability ratelimit throttle sessionRevoked,cspoff sessionTracker requestLifecycle observability jsonException toolbar,API_TOKEN,MISSING_GUARD,API route is non-public but no API token/auth/role guard was recognized.,add_or_confirm_api_token_guard,no,no
GET,API/Docs/view,»,\App\Modules\APIs\Controllers\DocsController::view,botBlocker requestLifecycle observability ratelimit throttle sessionRevoked,cspoff sessionTracker requestLifecycle observability jsonException toolbar,API_TOKEN,MISSING_GUARD,API route is non-public but no API token/auth/role guard was recognized.,add_or_confirm_api_token_guard,no,no
GET,Stock/([^/]+)/([^/]+),»,\App\Controllers\StockController::show/$1/$2,maintenance botBlocker requestLifecycle observability ratelimit throttle sessionRevoked csrf authcheck,cspoff sessionTracker requestLifecycle observability jsonException toolbar,USER_AUTH,OK,Login/auth/authcheck guard is present.,none,no,no
GET,blog,»,\App\Controllers\Blog::index,maintenance botBlocker requestLifecycle observability ratelimit throttle sessionRevoked csrf,cspoff sessionTracker requestLifecycle observability jsonException toolbar,PUBLIC,OK,Recognized public/lifecycle route.,none,no,no
GET,blog/category/([^/]+),»,\App\Controllers\Blog::category/$1,maintenance botBlocker requestLifecycle observability ratelimit throttle sessionRevoked csrf,cspoff sessionTracker requestLifecycle observability jsonException toolbar,PUBLIC,OK,Recognized public/lifecycle route.,none,no,no
GET,blog/([^/]+),»,\App\Controllers\Blog::post/$1,maintenance botBlocker requestLifecycle observability ratelimit throttle sessionRevoked csrf,cspoff sessionTracker requestLifecycle observability jsonException toolbar,PUBLIC,OK,Recognized public/lifecycle route.,none,no,no
GET,sw.js,»,\App\Controllers\ServiceWorker::index,maintenance botBlocker requestLifecycle observability ratelimit throttle sessionRevoked csrf authcheck,cspoff sessionTracker requestLifecycle observability jsonException toolbar,PUBLIC,OK,Recognized public/lifecycle route.,none,no,no
GET,Apex/Referral,»,\App\Controllers\Home::apexReferral,maintenance botBlocker requestLifecycle observability ratelimit throttle sessionRevoked csrf,cspoff sessionTracker requestLifecycle observability jsonException toolbar,PUBLIC,REVIEW_REQUIRED,Default public classification requires owner review.,owner_review_before_launch,no,no
GET,Apex/Referral/([^/]+),»,\App\Controllers\Home::apexReferral/$1,maintenance botBlocker requestLifecycle observability ratelimit throttle sessionRevoked csrf,cspoff sessionTracker requestLifecycle observability jsonException toolbar,PUBLIC,REVIEW_REQUIRED,Default public classification requires owner review.,owner_review_before_launch,no,no
GET,Corporate-Earnings,»,\App\Controllers\Home::corporateEarnings,maintenance botBlocker requestLifecycle observability ratelimit throttle sessionRevoked csrf,cspoff sessionTracker requestLifecycle observability jsonException toolbar,PUBLIC,REVIEW_REQUIRED,Default public classification requires owner review.,owner_review_before_launch,no,no
GET,Corporate-Earnings/([^/]+),»,\App\Controllers\Home::corporateEarnings/$1,maintenance botBlocker requestLifecycle observability ratelimit throttle sessionRevoked csrf,cspoff sessionTracker requestLifecycle observability jsonException toolbar,PUBLIC,REVIEW_REQUIRED,Default public classification requires owner review.,owner_review_before_launch,no,no
GET,Economic-Calendar,»,\App\Controllers\Home::economicCalendar,maintenance botBlocker requestLifecycle observability ratelimit throttle sessionRevoked csrf,cspoff sessionTracker requestLifecycle observability jsonException toolbar,PUBLIC,REVIEW_REQUIRED,Default public classification requires owner review.,owner_review_before_launch,no,no
GET,Economic-Calendar/([^/]+),»,\App\Controllers\Home::economicCalendarContent/$1,maintenance botBlocker requestLifecycle observability ratelimit throttle sessionRevoked csrf,cspoff sessionTracker requestLifecycle observability jsonException toolbar,PUBLIC,REVIEW_REQUIRED,Default public classification requires owner review.,owner_review_before_launch,no,no
GET,Getting-Started/([^/]+)/([^/]+),»,\App\Controllers\Home::gettingStarted,maintenance botBlocker requestLifecycle observability ratelimit throttle sessionRevoked csrf,cspoff sessionTracker requestLifecycle observability jsonException toolbar,PUBLIC,OK,Recognized public/lifecycle route.,none,no,no
GET,Getting-Started/([^/]+),»,\App\Controllers\Home::gettingStarted,maintenance botBlocker requestLifecycle observability ratelimit throttle sessionRevoked csrf,cspoff sessionTracker requestLifecycle observability jsonException toolbar,PUBLIC,OK,Recognized public/lifecycle route.,none,no,no
GET,Getting-Started,»,\App\Controllers\Home::gettingStarted,maintenance botBlocker requestLifecycle observability ratelimit throttle sessionRevoked csrf,cspoff sessionTracker requestLifecycle observability jsonException toolbar,PUBLIC,OK,Recognized public/lifecycle route.,none,no,no
GET,Memberships,»,\App\Controllers\Home::memberships,maintenance botBlocker requestLifecycle observability ratelimit throttle sessionRevoked csrf,cspoff sessionTracker requestLifecycle observability jsonException toolbar,PUBLIC,REVIEW_REQUIRED,Default public classification requires owner review.,owner_review_before_launch,no,no
GET,Memberships/([^/]+),»,\App\Controllers\Home::memberships,maintenance botBlocker requestLifecycle observability ratelimit throttle sessionRevoked csrf,cspoff sessionTracker requestLifecycle observability jsonException toolbar,PUBLIC,REVIEW_REQUIRED,Default public classification requires owner review.,owner_review_before_launch,no,no
GET,Learn/([^/]+),»,\App\Controllers\App\Modules\Public\Controllers\PublicPagesController::show/$1,maintenance botBlocker requestLifecycle observability ratelimit throttle sessionRevoked csrf authcheck,cspoff sessionTracker requestLifecycle observability jsonException toolbar,USER_AUTH,OK,Login/auth/authcheck guard is present.,none,yes,no
GET,Alerts/Preview/([^/]+),»,\App\Modules\User\Controllers\AlertsController::preview/$1,maintenance botBlocker requestLifecycle observability ratelimit throttle sessionRevoked csrf authcheck,cspoff sessionTracker requestLifecycle observability jsonException toolbar,USER_AUTH,OK,Login/auth/authcheck guard is present.,none,no,no
GET,Preview/Alert/([^/]+),»,\App\Modules\User\Controllers\AlertsController::preview/$1,maintenance botBlocker requestLifecycle observability ratelimit throttle sessionRevoked csrf,cspoff sessionTracker requestLifecycle observability jsonException toolbar,USER_AUTH,MISSING_GUARD,Product/user route pattern detected but no user auth guard was recognized.,add_or_confirm_login_authcheck_guard,no,no
GET,Privacy-Policy,»,\App\Controllers\Home::privacyPolicy,maintenance botBlocker requestLifecycle observability ratelimit throttle sessionRevoked csrf,cspoff sessionTracker requestLifecycle observability jsonException toolbar,PUBLIC,OK,Recognized public/lifecycle route.,none,no,no
GET,Legal/Privacy-Policy,»,\App\Controllers\Home::privacyPolicy,maintenance botBlocker requestLifecycle observability ratelimit throttle sessionRevoked csrf authcheck,cspoff sessionTracker requestLifecycle observability jsonException toolbar,PUBLIC,OK,Recognized public/lifecycle route.,none,no,no
GET,Legal/Terms-And-Conditions,»,\App\Controllers\Home::terms,maintenance botBlocker requestLifecycle observability ratelimit throttle sessionRevoked csrf authcheck,cspoff sessionTracker requestLifecycle observability jsonException toolbar,PUBLIC,OK,Recognized public/lifecycle route.,none,no,no
GET,Customer-Support,»,\App\Controllers\App\Modules\Support\Controllers\SupportController::index,maintenance botBlocker requestLifecycle observability ratelimit throttle sessionRevoked csrf authcheck,cspoff sessionTracker requestLifecycle observability jsonException toolbar,USER_AUTH,OK,Login/auth/authcheck guard is present.,none,yes,no
GET,Investments/News,»,(Closure),maintenance botBlocker requestLifecycle observability ratelimit throttle sessionRevoked csrf authcheck login,cspoff sessionTracker requestLifecycle observability jsonException toolbar,USER_AUTH,OK,Login/auth/authcheck guard is present.,none,no,no
GET,Profile,»,\App\Controllers\App\Modules\User\Controllers\DashboardController::profile,maintenance botBlocker requestLifecycle observability ratelimit throttle sessionRevoked csrf authcheck login,login cspoff sessionTracker requestLifecycle observability jsonException toolbar,USER_AUTH,OK,Login/auth/authcheck guard is present.,none,yes,no
GET,Purchase/MyMIGold,»,(Closure),maintenance botBlocker requestLifecycle observability ratelimit throttle sessionRevoked csrf authcheck,cspoff sessionTracker requestLifecycle observability jsonException toolbar,USER_AUTH,OK,Login/auth/authcheck guard is present.,none,no,no
GET,How-It-Works/Purchase/MyMIGold,»,(Closure),maintenance botBlocker requestLifecycle observability ratelimit throttle sessionRevoked csrf,cspoff sessionTracker requestLifecycle observability jsonException toolbar,PUBLIC,OK,Recognized public/lifecycle route.,none,no,no
GET,How-It-Works,»,\App\Modules\Blog\Controllers\HowItWorksController::index,maintenance botBlocker requestLifecycle observability ratelimit throttle sessionRevoked csrf,cspoff sessionTracker requestLifecycle observability jsonException toolbar,PUBLIC,OK,Recognized public/lifecycle route.,none,no,no
GET,How-It-Works/([^/]+),»,\App\Modules\Blog\Controllers\HowItWorksController::show/$1,maintenance botBlocker requestLifecycle observability ratelimit throttle sessionRevoked csrf,cspoff sessionTracker requestLifecycle observability jsonException toolbar,PUBLIC,OK,Recognized public/lifecycle route.,none,no,no
GET,Support/Article,»,(Closure),botBlocker requestLifecycle observability ratelimit throttle sessionRevoked csrf,cspoff sessionTracker requestLifecycle observability jsonException toolbar,PUBLIC,OK,Recognized public/lifecycle route.,none,no,no
GET,Wallets/Purchase/Memberships/Pro,»,(Closure),maintenance botBlocker requestLifecycle observability ratelimit throttle sessionRevoked csrf authcheck login,cspoff sessionTracker requestLifecycle observability jsonException toolbar,USER_AUTH,OK,Login/auth/authcheck guard is present.,none,no,no
GET,index.php/How-It-Works,»,(Closure),maintenance botBlocker requestLifecycle observability ratelimit throttle sessionRevoked csrf authcheck,cspoff sessionTracker requestLifecycle observability jsonException toolbar,USER_AUTH,OK,Login/auth/authcheck guard is present.,none,no,no
GET,index.php/How-It-Works/([^/]+),»,(Closure),maintenance botBlocker requestLifecycle observability ratelimit throttle sessionRevoked csrf authcheck,cspoff sessionTracker requestLifecycle observability jsonException toolbar,USER_AUTH,OK,Login/auth/authcheck guard is present.,none,no,no
GET,Sector/([^/]+),»,\App\Controllers\Home::sector/$1,maintenance botBlocker requestLifecycle observability ratelimit throttle sessionRevoked csrf authcheck,cspoff sessionTracker requestLifecycle observability jsonException toolbar,USER_AUTH,OK,Login/auth/authcheck guard is present.,none,no,no
GET,Terms-Of-Service,»,\App\Controllers\Home::termsOfService,maintenance botBlocker requestLifecycle observability ratelimit throttle sessionRevoked csrf,cspoff sessionTracker requestLifecycle observability jsonException toolbar,PUBLIC,OK,Recognized public/lifecycle route.,none,no,no
GET,resend-activation,»,\App\Controllers\AuthController::resendActivation,maintenance botBlocker requestLifecycle observability ratelimit throttle sessionRevoked csrf,no-cache cspoff sessionTracker requestLifecycle observability jsonException toolbar,PUBLIC,OK,Recognized public/lifecycle route.,none,no,no
GET,Dev/BitcoinTest,»,\App\Controllers\App\Controllers\Dev\BitcoinTest::index,maintenance botBlocker requestLifecycle observability ratelimit throttle sessionRevoked csrf authcheck,cspoff sessionTracker requestLifecycle observability jsonException toolbar,DEPRECATED_OR_DISABLED,REVIEW_REQUIRED,Debug/dev/test route should not be launchable without explicit owner approval.,owner_review_before_launch,yes,no
GET,Debug/whoami,»,\App\Controllers\Debug::whoami,maintenance botBlocker requestLifecycle observability ratelimit throttle sessionRevoked csrf authcheck,cspoff sessionTracker requestLifecycle observability jsonException toolbar,DEPRECATED_OR_DISABLED,REVIEW_REQUIRED,Debug/dev/test route should not be launchable without explicit owner approval.,owner_review_before_launch,no,no
GET,Debug/auth-audit-cache,»,\App\Controllers\Debug::authAuditCacheSelfTest,maintenance botBlocker requestLifecycle observability ratelimit throttle sessionRevoked csrf authcheck,cspoff sessionTracker requestLifecycle observability jsonException toolbar,DEPRECATED_OR_DISABLED,REVIEW_REQUIRED,Debug/dev/test route should not be launchable without explicit owner approval.,owner_review_before_launch,no,no
GET,debug/common-data/smoke,»,\App\Controllers\Debug\CommonDataController::smoke,maintenance botBlocker requestLifecycle observability ratelimit throttle sessionRevoked csrf authcheck,cspoff sessionTracker requestLifecycle observability jsonException toolbar,DEPRECATED_OR_DISABLED,REVIEW_REQUIRED,Debug/dev/test route should not be launchable without explicit owner approval.,owner_review_before_launch,no,no
GET,debug/register-success-probe,»,\App\Controllers\AuthController::registerSuccessProbe,maintenance botBlocker requestLifecycle observability ratelimit throttle sessionRevoked csrf authcheck,cspoff sessionTracker requestLifecycle observability jsonException toolbar,DEPRECATED_OR_DISABLED,REVIEW_REQUIRED,Debug/dev/test route should not be launchable without explicit owner approval.,owner_review_before_launch,no,no
GET,API/Management/error-heatmap,»,\App\Controllers\SystemDebugController::errorHeatmap,botBlocker requestLifecycle observability ratelimit throttle sessionRevoked permission:admin.access,permission:admin.access cspoff sessionTracker requestLifecycle observability jsonException toolbar,DEPRECATED_OR_DISABLED,REVIEW_REQUIRED,Debug/dev/test route should not be launchable without explicit owner approval.,owner_review_before_launch,no,no
GET,Management/System-Debug,»,\App\Controllers\SystemDebugController::index,botBlocker requestLifecycle observability ratelimit throttle sessionRevoked csrf authcheck permission:admin.access,permission:admin.access cspoff sessionTracker requestLifecycle observability jsonException toolbar,DEPRECATED_OR_DISABLED,REVIEW_REQUIRED,Debug/dev/test route should not be launchable without explicit owner approval.,owner_review_before_launch,no,no
GET,health,»,\App\Controllers\Health::index,maintenance botBlocker requestLifecycle observability ratelimit throttle sessionRevoked csrf responsecache:60,responsecache:60 cspoff sessionTracker requestLifecycle observability jsonException toolbar,PUBLIC,OK,Recognized public/lifecycle route.,none,no,no
GET,status,»,\App\Controllers\Health::status,maintenance botBlocker requestLifecycle observability ratelimit throttle sessionRevoked csrf responsecache:60,responsecache:60 cspoff sessionTracker requestLifecycle observability jsonException toolbar,PUBLIC,OK,Recognized public/lifecycle route.,none,no,no
GET,api/health,»,\App\Controllers\Api\HealthController::index,botBlocker requestLifecycle observability ratelimit throttle sessionRevoked,cspoff sessionTracker requestLifecycle observability jsonException toolbar,PUBLIC,OK,Recognized public/lifecycle route.,none,no,no
GET,api/admin/chat-usage,»,\App\Controllers\Api\AdminChatUsageController::index,botBlocker requestLifecycle observability ratelimit throttle sessionRevoked permission:admin.access,permission:admin.access cspoff sessionTracker requestLifecycle observability jsonException toolbar,ADMIN_AUTH,OK,Permission/role guard is present.,none,no,no
GET,_ops/opcache-reset,»,\App\Controllers\Ops::opcacheReset,maintenance botBlocker requestLifecycle observability ratelimit throttle sessionRevoked csrf authcheck,cspoff sessionTracker requestLifecycle observability jsonException toolbar,USER_AUTH,OK,Login/auth/authcheck guard is present.,none,no,no
GET,API/Solana/health,»,\App\Modules\APIs\Controllers\SolanaAPIController::health,botBlocker requestLifecycle observability ratelimit throttle sessionRevoked,cspoff sessionTracker requestLifecycle observability jsonException toolbar,API_TOKEN,MISSING_GUARD,API route is non-public but no API token/auth/role guard was recognized.,add_or_confirm_api_token_guard,no,no
GET,login,»,\App\Controllers\AuthController::login,maintenance botBlocker requestLifecycle observability ratelimit throttle sessionRevoked csrf no-cache,no-cache cspoff sessionTracker requestLifecycle observability jsonException toolbar,PUBLIC,OK,Recognized public/lifecycle route.,none,no,no
GET,logout,»,\App\Controllers\AuthController::logout,maintenance botBlocker requestLifecycle observability ratelimit throttle sessionRevoked csrf authcheck no-cache,no-cache cspoff sessionTracker requestLifecycle observability jsonException toolbar,PUBLIC,OK,Recognized public/lifecycle route.,none,no,no
GET,register,»,\App\Controllers\AuthController::register,maintenance botBlocker requestLifecycle observability ratelimit throttle sessionRevoked csrf no-cache,no-cache cspoff sessionTracker requestLifecycle observability jsonException toolbar,PUBLIC,OK,Recognized public/lifecycle route.,none,no,no
GET,register/success,register-success,\App\Controllers\AuthController::registerSuccess,maintenance botBlocker requestLifecycle observability ratelimit throttle sessionRevoked csrf no-cache,no-cache cspoff sessionTracker requestLifecycle observability jsonException,PUBLIC,OK,Recognized public/lifecycle route.,none,no,no
GET,login-shield,»,\App\Controllers\ShieldAuth\Login::index,maintenance botBlocker requestLifecycle observability ratelimit throttle sessionRevoked csrf authcheck no-cache,no-cache cspoff sessionTracker requestLifecycle observability jsonException toolbar,PUBLIC,OK,Recognized public/lifecycle route.,none,no,no
GET,register-shield,»,\App\Controllers\ShieldAuth\Register::index,maintenance botBlocker requestLifecycle observability ratelimit throttle sessionRevoked csrf authcheck no-cache,no-cache cspoff sessionTracker requestLifecycle observability jsonException toolbar,PUBLIC,OK,Recognized public/lifecycle route.,none,no,no
GET,Login,»,(Closure),maintenance botBlocker requestLifecycle observability ratelimit throttle sessionRevoked csrf no-cache,no-cache cspoff sessionTracker requestLifecycle observability jsonException toolbar,PUBLIC,OK,Recognized public/lifecycle route.,none,no,no
GET,test-create-user,»,\App\Controllers\AuthController::createTempUser,maintenance botBlocker requestLifecycle observability ratelimit throttle sessionRevoked csrf authcheck no-cache,no-cache cspoff sessionTracker requestLifecycle observability jsonException toolbar,DEPRECATED_OR_DISABLED,REVIEW_REQUIRED,Debug/dev/test route should not be launchable without explicit owner approval.,owner_review_before_launch,no,no
GET,register/([^/]+),register-segment,\App\Controllers\AuthController::register/$1,maintenance botBlocker requestLifecycle observability ratelimit throttle sessionRevoked csrf no-cache,no-cache cspoff sessionTracker requestLifecycle observability jsonException toolbar,PUBLIC,REVIEW_REQUIRED,Default public classification requires owner review.,owner_review_before_launch,no,no
GET,Discord/register,discord-register,\App\Controllers\AuthController::register,maintenance botBlocker requestLifecycle observability ratelimit throttle sessionRevoked csrf no-cache,no-cache cspoff sessionTracker requestLifecycle observability jsonException toolbar,PUBLIC,OK,Recognized public/lifecycle route.,none,no,no
GET,Discord/register/([^/]+),discord-register-referral,\App\Controllers\AuthController::register/$1,maintenance botBlocker requestLifecycle observability ratelimit throttle sessionRevoked csrf no-cache,no-cache cspoff sessionTracker requestLifecycle observability jsonException toolbar,PUBLIC,OK,Recognized public/lifecycle route.,none,no,no
GET,activate,»,\App\Controllers\AuthController::activateAccount,maintenance botBlocker requestLifecycle observability ratelimit throttle sessionRevoked csrf no-cache,no-cache cspoff sessionTracker requestLifecycle observability jsonException toolbar,PUBLIC,OK,Recognized public/lifecycle route.,none,no,no
GET,activate-account,activate-account-get,\App\Controllers\AuthController::activateAccount,maintenance botBlocker requestLifecycle observability ratelimit throttle sessionRevoked csrf no-cache,no-cache cspoff sessionTracker requestLifecycle observability jsonException toolbar,PUBLIC,OK,Recognized public/lifecycle route.,none,no,no
GET,resend-activate-account,»,\App\Controllers\AuthController::resendActivateAccount,maintenance botBlocker requestLifecycle observability ratelimit throttle sessionRevoked csrf no-cache,no-cache cspoff sessionTracker requestLifecycle observability jsonException toolbar,PUBLIC,OK,Recognized public/lifecycle route.,none,no,no
GET,forgot-password,»,\App\Controllers\AuthController::forgotPassword,maintenance botBlocker requestLifecycle observability ratelimit throttle sessionRevoked csrf no-cache,no-cache cspoff sessionTracker requestLifecycle observability jsonException toolbar,PUBLIC,OK,Recognized public/lifecycle route.,none,no,no
GET,reset-password,»,\App\Controllers\AuthController::resetPassword,maintenance botBlocker requestLifecycle observability ratelimit throttle sessionRevoked csrf no-cache,no-cache cspoff sessionTracker requestLifecycle observability jsonException toolbar,PUBLIC,OK,Recognized public/lifecycle route.,none,no,no
GET,auth/provider/([^/]+),auth-provider,\App\Controllers\AuthController::redirectToProvider/$1,maintenance botBlocker requestLifecycle observability ratelimit throttle sessionRevoked csrf no-cache,no-cache cspoff sessionTracker requestLifecycle observability jsonException toolbar,PUBLIC,OK,Recognized public/lifecycle route.,none,no,no
GET,auth/provider/([^/]+)/callback,auth-provider-callback,\App\Controllers\AuthController::handleProviderCallback/$1,maintenance botBlocker requestLifecycle observability ratelimit throttle sessionRevoked csrf no-cache,no-cache cspoff sessionTracker requestLifecycle observability jsonException toolbar,PUBLIC,OK,Recognized public/lifecycle route.,none,no,no
GET,auth/link/([^/]+),auth-link-provider,\App\Controllers\AuthController::linkProvider/$1,maintenance botBlocker requestLifecycle observability ratelimit throttle sessionRevoked csrf authcheck no-cache,no-cache cspoff sessionTracker requestLifecycle observability jsonException toolbar,USER_AUTH,OK,Login/auth/authcheck guard is present.,none,no,no
GET,auth/unlink/([^/]+),auth-unlink-provider,\App\Controllers\AuthController::unlinkProvider/$1,maintenance botBlocker requestLifecycle observability ratelimit throttle sessionRevoked csrf authcheck no-cache,no-cache cspoff sessionTracker requestLifecycle observability jsonException toolbar,USER_AUTH,OK,Login/auth/authcheck guard is present.,none,no,no
GET,Account,account,\App\Modules\User\Controllers\DashboardController::account,maintenance botBlocker requestLifecycle observability ratelimit throttle sessionRevoked csrf authcheck login noStore,noStore login cspoff sessionTracker requestLifecycle observability jsonException toolbar,USER_AUTH,OK,Login/auth/authcheck guard is present.,none,no,no
GET,Account/Activity,activity,\App\Modules\User\Controllers\DashboardController::activity,maintenance botBlocker requestLifecycle observability ratelimit throttle sessionRevoked csrf authcheck login noStore,noStore login cspoff sessionTracker requestLifecycle observability jsonException toolbar,USER_AUTH,OK,Login/auth/authcheck guard is present.,none,no,no
GET,Account/Billing,billing,\App\Modules\User\Controllers\DashboardController::billing,maintenance botBlocker requestLifecycle observability ratelimit throttle sessionRevoked csrf authcheck login noStore,noStore login cspoff sessionTracker requestLifecycle observability jsonException toolbar,USER_AUTH,OK,Login/auth/authcheck guard is present.,none,no,no
GET,Account/Connected-Accounts,connected-accounts,\App\Modules\User\Controllers\DashboardController::connectedAccounts,maintenance botBlocker requestLifecycle observability ratelimit throttle sessionRevoked csrf authcheck login noStore,noStore login cspoff sessionTracker requestLifecycle observability jsonException toolbar,USER_AUTH,OK,Login/auth/authcheck guard is present.,none,no,no
GET,Account/Notifications,notifications,\App\Modules\User\Controllers\DashboardController::notifications,maintenance botBlocker requestLifecycle observability ratelimit throttle sessionRevoked csrf authcheck login noStore,noStore login cspoff sessionTracker requestLifecycle observability jsonException toolbar,USER_AUTH,OK,Login/auth/authcheck guard is present.,none,no,no
GET,Account/Security,security,\App\Modules\User\Controllers\DashboardController::Security,maintenance botBlocker requestLifecycle observability ratelimit throttle sessionRevoked csrf authcheck login noStore,noStore login cspoff sessionTracker requestLifecycle observability jsonException toolbar,USER_AUTH,OK,Login/auth/authcheck guard is present.,none,no,no
GET,Account/Social-Media,social-media,\App\Modules\User\Controllers\DashboardController::SocialMedia,maintenance botBlocker requestLifecycle observability ratelimit throttle sessionRevoked csrf authcheck login noStore,noStore login cspoff sessionTracker requestLifecycle observability jsonException toolbar,USER_AUTH,OK,Login/auth/authcheck guard is present.,none,no,no
GET,Accounts/createLinkToken,create-link-token,\App\Modules\User\Controllers\AccountController::createLinkToken,maintenance botBlocker requestLifecycle observability ratelimit throttle sessionRevoked csrf authcheck login noStore,noStore login cspoff sessionTracker requestLifecycle observability jsonException toolbar,USER_AUTH,OK,Login/auth/authcheck guard is present.,none,no,no
GET,Search,»,\App\Modules\User\Controllers\SearchController::index,maintenance botBlocker requestLifecycle observability ratelimit throttle sessionRevoked csrf authcheck login noStore,noStore login cspoff sessionTracker requestLifecycle observability jsonException toolbar,USER_AUTH,OK,Login/auth/authcheck guard is present.,none,no,no
GET,Search/([^/]+),»,\App\Modules\User\Controllers\SearchController::index/$1,maintenance botBlocker requestLifecycle observability ratelimit throttle sessionRevoked csrf authcheck login noStore,noStore login cspoff sessionTracker requestLifecycle observability jsonException toolbar,USER_AUTH,OK,Login/auth/authcheck guard is present.,none,no,no
GET,MyMI-Wallet,mymi-wallet,\App\Modules\User\Controllers\WalletsController::MyMIWallet,maintenance botBlocker requestLifecycle observability ratelimit throttle sessionRevoked csrf authcheck login noStore,noStore login cspoff sessionTracker requestLifecycle observability jsonException toolbar,USER_AUTH,OK,Login/auth/authcheck guard is present.,none,no,no
GET,Profile/([^/]+),profile,\App\Modules\User\Controllers\DashboardController::profile/$1,maintenance botBlocker requestLifecycle observability ratelimit throttle sessionRevoked csrf authcheck login noStore,noStore login cspoff sessionTracker requestLifecycle observability jsonException toolbar,USER_AUTH,OK,Login/auth/authcheck guard is present.,none,no,no
GET,Performance,performance,\App\Modules\User\Controllers\DashboardController::performance,maintenance botBlocker requestLifecycle observability ratelimit throttle sessionRevoked csrf authcheck login noStore,noStore login cspoff sessionTracker requestLifecycle observability jsonException toolbar,USER_AUTH,OK,Login/auth/authcheck guard is present.,none,no,no
GET,Schedule,schedule,\App\Modules\User\Controllers\DashboardController::schedule,maintenance botBlocker requestLifecycle observability ratelimit throttle sessionRevoked csrf authcheck login noStore,noStore login cspoff sessionTracker requestLifecycle observability jsonException toolbar,USER_AUTH,OK,Login/auth/authcheck guard is present.,none,no,no
GET,Trade-Tracker,mymi-trade-tracker,\App\Modules\User\Controllers\InvestmentsController::tradeTracker,maintenance botBlocker requestLifecycle observability ratelimit throttle sessionRevoked csrf authcheck login noStore,noStore login cspoff sessionTracker requestLifecycle observability jsonException toolbar,USER_AUTH,OK,Login/auth/authcheck guard is present.,none,no,no
GET,Trade-Tracker/getTradeData,get-trade-tracker-data,\App\Modules\User\Controllers\InvestmentsController::getTradeData,maintenance botBlocker requestLifecycle observability ratelimit throttle sessionRevoked csrf authcheck login noStore,noStore login cspoff sessionTracker requestLifecycle observability jsonException toolbar,USER_AUTH,OK,Login/auth/authcheck guard is present.,none,no,no
GET,MyMI-Gold/Goals/([^/]+),mymi-gold-daily-goals,\App\Modules\User\Controllers\DashboardController::goals,maintenance botBlocker requestLifecycle observability ratelimit throttle sessionRevoked csrf authcheck login noStore,noStore login cspoff sessionTracker requestLifecycle observability jsonException toolbar,USER_AUTH,OK,Login/auth/authcheck guard is present.,none,no,no
GET,Advisor,»,\App\Controllers\AdvisorController::index,maintenance botBlocker requestLifecycle observability ratelimit throttle sessionRevoked csrf authcheck,cspoff sessionTracker requestLifecycle observability jsonException toolbar,USER_AUTH,OK,Login/auth/authcheck guard is present.,none,no,no
GET,API/v1/Status,»,\App\Modules\APIs\Controllers\APIController::status,botBlocker requestLifecycle observability ratelimit throttle sessionRevoked apiToken,ratelimit apiToken cspoff sessionTracker requestLifecycle observability jsonException toolbar,PUBLIC,OK,Recognized public/lifecycle route.,none,no,no
GET,API/v1/Health,»,\App\Modules\APIs\Controllers\HealthAPIController::index,botBlocker requestLifecycle observability ratelimit throttle sessionRevoked apiToken,ratelimit apiToken cspoff sessionTracker requestLifecycle observability jsonException toolbar,PUBLIC,OK,Recognized public/lifecycle route.,none,no,no
GET,API/v1/Health/spark,»,\App\Modules\APIs\Controllers\HealthAPIController::spark,botBlocker requestLifecycle observability ratelimit throttle sessionRevoked apiToken,ratelimit apiToken cspoff sessionTracker requestLifecycle observability jsonException toolbar,API_TOKEN,OK,API token guard is present.,none,no,no
GET,API/v1/Ops/status,»,\App\Modules\APIs\Controllers\OpsAPIController::status,botBlocker requestLifecycle observability ratelimit throttle sessionRevoked apiToken,ratelimit apiToken cspoff sessionTracker requestLifecycle observability jsonException toolbar,API_TOKEN,OK,API token guard is present.,none,no,no
GET,API,»,\App\Modules\APIs\Controllers\APIController::index,maintenance botBlocker requestLifecycle observability ratelimit throttle sessionRevoked csrf authcheck,cspoff sessionTracker requestLifecycle observability jsonException toolbar,USER_AUTH,OK,Login/auth/authcheck guard is present.,none,no,no
GET,API/mobile/me,»,\App\Modules\APIs\Controllers\MobileAuthController::me,botBlocker requestLifecycle observability ratelimit throttle sessionRevoked apiToken,apiToken cspoff sessionTracker requestLifecycle observability jsonException toolbar,API_TOKEN,OK,API token guard is present.,none,no,no
GET,API/mobile/dashboard,»,\App\Modules\APIs\Controllers\MobileController::dashboard,botBlocker requestLifecycle observability ratelimit throttle sessionRevoked apiToken,apiToken cspoff sessionTracker requestLifecycle observability jsonException toolbar,API_TOKEN,OK,API token guard is present.,none,no,no
GET,API/mobile/budget,»,\App\Modules\APIs\Controllers\MobileController::budget,botBlocker requestLifecycle observability ratelimit throttle sessionRevoked apiToken,apiToken cspoff sessionTracker requestLifecycle observability jsonException toolbar,API_TOKEN,OK,API token guard is present.,none,no,no
GET,API/mobile/investments,»,\App\Modules\APIs\Controllers\MobileController::investments,botBlocker requestLifecycle observability ratelimit throttle sessionRevoked apiToken,apiToken cspoff sessionTracker requestLifecycle observability jsonException toolbar,API_TOKEN,OK,API token guard is present.,none,no,no
GET,API/mobile/alerts,»,\App\Modules\APIs\Controllers\MobileController::alerts,botBlocker requestLifecycle observability ratelimit throttle sessionRevoked apiToken,apiToken cspoff sessionTracker requestLifecycle observability jsonException toolbar,API_TOKEN,OK,API token guard is present.,none,no,no
GET,API/Status,»,\App\Modules\APIs\Controllers\APIController::status,,,PUBLIC,OK,Recognized public/lifecycle route.,none,no,yes
GET,API/Health,»,\App\Modules\APIs\Controllers\HealthAPIController::index,,,PUBLIC,OK,Recognized public/lifecycle route.,none,no,yes
GET,API/Health/spark,»,\App\Modules\APIs\Controllers\HealthAPIController::spark,botBlocker requestLifecycle observability ratelimit throttle sessionRevoked,cspoff sessionTracker requestLifecycle observability jsonException toolbar,API_TOKEN,MISSING_GUARD,API route is non-public but no API token/auth/role guard was recognized.,add_or_confirm_api_token_guard,no,no
GET,API/Ops/status,»,\App\Modules\APIs\Controllers\OpsAPIController::status,botBlocker requestLifecycle observability ratelimit throttle sessionRevoked,cspoff sessionTracker requestLifecycle observability jsonException toolbar,API_TOKEN,MISSING_GUARD,API route is non-public but no API token/auth/role guard was recognized.,add_or_confirm_api_token_guard,no,no
GET,API/Ops/reports/latest,»,\App\Modules\APIs\Controllers\OpsAPIController::latestReport,botBlocker requestLifecycle observability ratelimit throttle sessionRevoked,cspoff sessionTracker requestLifecycle observability jsonException toolbar,API_TOKEN,MISSING_GUARD,API route is non-public but no API token/auth/role guard was recognized.,add_or_confirm_api_token_guard,no,no
GET,API/Ops/ingest-metrics,»,\App\Modules\APIs\Controllers\OpsAPIController::ingestMetrics,botBlocker requestLifecycle observability ratelimit throttle sessionRevoked,cspoff sessionTracker requestLifecycle observability jsonException toolbar,INTERNAL,MISSING_GUARD,API route appears operational/internal but no internal token or cron key guard was recognized.,add_or_confirm_internal_token_or_cron_guard,no,no
GET,API/Ops/OPcacheReset,»,\App\Modules\APIs\Controllers\OpsAPIController::opcacheReset,botBlocker requestLifecycle observability ratelimit throttle sessionRevoked,cspoff sessionTracker requestLifecycle observability jsonException toolbar,INTERNAL,MISSING_GUARD,API route appears operational/internal but no internal token or cron key guard was recognized.,add_or_confirm_internal_token_or_cron_guard,no,no
GET,API/AiOps/status,»,\App\Modules\APIs\Controllers\AiOpsAPIController::status,botBlocker requestLifecycle observability ratelimit throttle sessionRevoked,cspoff sessionTracker requestLifecycle observability jsonException toolbar,API_TOKEN,MISSING_GUARD,API route is non-public but no API token/auth/role guard was recognized.,add_or_confirm_api_token_guard,no,no
GET,API/AIOps/health,»,\App\Modules\APIs\Controllers\AiOpsAPIController::health,botBlocker requestLifecycle observability ratelimit throttle sessionRevoked,cspoff sessionTracker requestLifecycle observability jsonException toolbar,API_TOKEN,MISSING_GUARD,API route is non-public but no API token/auth/role guard was recognized.,add_or_confirm_api_token_guard,no,no
GET,API/AIOps/cache/get,»,\App\Modules\APIs\Controllers\AiOpsAPIController::cacheGet,botBlocker requestLifecycle observability ratelimit throttle sessionRevoked,cspoff sessionTracker requestLifecycle observability jsonException toolbar,API_TOKEN,MISSING_GUARD,API route is non-public but no API token/auth/role guard was recognized.,add_or_confirm_api_token_guard,no,no
GET,API/cronFetchAndGenerateNews,»,\App\Modules\APIs\Controllers\ManagementAPIController::cronFetchAndGenerateNews,botBlocker requestLifecycle observability ratelimit throttle sessionRevoked,cspoff sessionTracker requestLifecycle observability jsonException toolbar,INTERNAL,MISSING_GUARD,API route appears operational/internal but no internal token or cron key guard was recognized.,add_or_confirm_internal_token_or_cron_guard,no,no
GET,API/Management/debugLogs,»,\App\Modules\APIs\Controllers\ManagementAPIController::debugLogs,botBlocker requestLifecycle observability ratelimit throttle sessionRevoked permission:admin.access,permission:admin.access cspoff sessionTracker requestLifecycle observability jsonException toolbar,DEPRECATED_OR_DISABLED,REVIEW_REQUIRED,Debug/dev/test route should not be launchable without explicit owner approval.,owner_review_before_launch,no,no
GET,API/Scanner/status,»,\App\Modules\APIs\Controllers\ScannerController::status,botBlocker requestLifecycle observability ratelimit throttle sessionRevoked,cspoff sessionTracker requestLifecycle observability jsonException toolbar,INTERNAL,MISSING_GUARD,API route appears operational/internal but no internal token or cron key guard was recognized.,add_or_confirm_internal_token_or_cron_guard,no,no
GET,API/Scanner/results,»,\App\Modules\APIs\Controllers\ScannerController::results,botBlocker requestLifecycle observability ratelimit throttle sessionRevoked,cspoff sessionTracker requestLifecycle observability jsonException toolbar,INTERNAL,MISSING_GUARD,API route appears operational/internal but no internal token or cron key guard was recognized.,add_or_confirm_internal_token_or_cron_guard,no,no
GET,API/Scanner/results/([^/]+),»,\App\Modules\APIs\Controllers\ScannerController::symbol/$1,botBlocker requestLifecycle observability ratelimit throttle sessionRevoked,cspoff sessionTracker requestLifecycle observability jsonException toolbar,INTERNAL,MISSING_GUARD,API route appears operational/internal but no internal token or cron key guard was recognized.,add_or_confirm_internal_token_or_cron_guard,no,no
GET,API/Management/getAutoloadHealth,»,\App\Modules\APIs\Controllers\ManagementAPIController::getAutoloadHealth,botBlocker requestLifecycle observability ratelimit throttle sessionRevoked permission:admin.access,permission:admin.access cspoff sessionTracker requestLifecycle observability jsonException toolbar,ADMIN_AUTH,OK,Permission/role guard is present.,none,no,no
GET,API/Management/subsystems/status,»,\App\Modules\APIs\Controllers\ManagementAPIController::subsystemsStatus,botBlocker requestLifecycle observability ratelimit throttle sessionRevoked permission:admin.access,permission:admin.access cspoff sessionTracker requestLifecycle observability jsonException toolbar,ADMIN_AUTH,OK,Permission/role guard is present.,none,no,no
GET,API/Status/([^/]+),»,\App\Modules\APIs\Controllers\APIController::status,botBlocker requestLifecycle observability ratelimit throttle sessionRevoked,cspoff sessionTracker requestLifecycle observability jsonException toolbar,API_TOKEN,MISSING_GUARD,API route is non-public but no API token/auth/role guard was recognized.,add_or_confirm_api_token_guard,no,no
GET,API/Investments/getSymbolsByTradeType/([^/]+),»,\App\Modules\APIs\Controllers\APIController::getSymbolsByTradeType/$1,botBlocker requestLifecycle observability ratelimit throttle sessionRevoked,cspoff sessionTracker requestLifecycle observability jsonException toolbar,API_TOKEN,MISSING_GUARD,API route is non-public but no API token/auth/role guard was recognized.,add_or_confirm_api_token_guard,no,no
GET,API/Investments/getForecastDetails/([^/]+),»,\App\Modules\APIs\Controllers\InvestmentsAPIController::getForecastDetails/$1,botBlocker requestLifecycle observability ratelimit throttle sessionRevoked,cspoff sessionTracker requestLifecycle observability jsonException toolbar,API_TOKEN,MISSING_GUARD,API route is non-public but no API token/auth/role guard was recognized.,add_or_confirm_api_token_guard,no,no
GET,API/Investments/getConfidenceHeatmap,»,\App\Modules\APIs\Controllers\InvestmentsAPIController::getConfidenceHeatmap,botBlocker requestLifecycle observability ratelimit throttle sessionRevoked,cspoff sessionTracker requestLifecycle observability jsonException toolbar,API_TOKEN,MISSING_GUARD,API route is non-public but no API token/auth/role guard was recognized.,add_or_confirm_api_token_guard,no,no
GET,API/Investments/getTopConfidenceBySector,»,\App\Modules\APIs\Controllers\InvestmentsAPIController::getTopConfidenceBySector,botBlocker requestLifecycle observability ratelimit throttle sessionRevoked,cspoff sessionTracker requestLifecycle observability jsonException toolbar,API_TOKEN,MISSING_GUARD,API route is non-public but no API token/auth/role guard was recognized.,add_or_confirm_api_token_guard,no,no
GET,API/Investments/getConfidenceDistribution,»,\App\Modules\APIs\Controllers\InvestmentsAPIController::getConfidenceDistribution,botBlocker requestLifecycle observability ratelimit throttle sessionRevoked,cspoff sessionTracker requestLifecycle observability jsonException toolbar,API_TOKEN,MISSING_GUARD,API route is non-public but no API token/auth/role guard was recognized.,add_or_confirm_api_token_guard,no,no
GET,API/Investments/getForecastAccuracySummary,»,\App\Modules\APIs\Controllers\InvestmentsAPIController::getForecastAccuracySummary,botBlocker requestLifecycle observability ratelimit throttle sessionRevoked,cspoff sessionTracker requestLifecycle observability jsonException toolbar,API_TOKEN,MISSING_GUARD,API route is non-public but no API token/auth/role guard was recognized.,add_or_confirm_api_token_guard,no,no
GET,API/AI/Notes,»,\App\Modules\APIs\Controllers\AIAPIController::listNotes,botBlocker requestLifecycle observability ratelimit throttle sessionRevoked,cspoff sessionTracker requestLifecycle observability jsonException toolbar,API_TOKEN,MISSING_GUARD,API route is non-public but no API token/auth/role guard was recognized.,add_or_confirm_api_token_guard,no,no
GET,API/Discord/commandsCatalog,»,\App\Modules\APIs\Controllers\DiscordAPIController::commandsCatalog,botBlocker requestLifecycle observability ratelimit throttle sessionRevoked,cspoff sessionTracker requestLifecycle observability jsonException toolbar,API_TOKEN,MISSING_GUARD,API route is non-public but no API token/auth/role guard was recognized.,add_or_confirm_api_token_guard,no,no
GET,API/Discord/onboardingSteps,»,\App\Modules\APIs\Controllers\DiscordAPIController::onboardingSteps,botBlocker requestLifecycle observability ratelimit throttle sessionRevoked,cspoff sessionTracker requestLifecycle observability jsonException toolbar,API_TOKEN,MISSING_GUARD,API route is non-public but no API token/auth/role guard was recognized.,add_or_confirm_api_token_guard,no,no
GET,API/Discord/sharingGuide,»,\App\Modules\APIs\Controllers\DiscordAPIController::sharingGuide,botBlocker requestLifecycle observability ratelimit throttle sessionRevoked,cspoff sessionTracker requestLifecycle observability jsonException toolbar,API_TOKEN,MISSING_GUARD,API route is non-public but no API token/auth/role guard was recognized.,add_or_confirm_api_token_guard,no,no
GET,API/Discord/health,»,\App\Modules\APIs\Controllers\DiscordAPIController::health,botBlocker requestLifecycle observability ratelimit throttle sessionRevoked,cspoff sessionTracker requestLifecycle observability jsonException toolbar,API_TOKEN,MISSING_GUARD,API route is non-public but no API token/auth/role guard was recognized.,add_or_confirm_api_token_guard,no,no
GET,API/Discord/lookup/ticker,»,\App\Modules\APIs\Controllers\DiscordAPIController::tickerLookup,botBlocker requestLifecycle observability ratelimit throttle sessionRevoked,cspoff sessionTracker requestLifecycle observability jsonException toolbar,API_TOKEN,MISSING_GUARD,API route is non-public but no API token/auth/role guard was recognized.,add_or_confirm_api_token_guard,no,no
GET,API/Discord/lookup/crypto,»,\App\Modules\APIs\Controllers\DiscordAPIController::cryptoLookup,botBlocker requestLifecycle observability ratelimit throttle sessionRevoked,cspoff sessionTracker requestLifecycle observability jsonException toolbar,API_TOKEN,MISSING_GUARD,API route is non-public but no API token/auth/role guard was recognized.,add_or_confirm_api_token_guard,no,no
GET,API/Discord/lookup/quote,»,\App\Modules\APIs\Controllers\DiscordAPIController::quoteLookup,botBlocker requestLifecycle observability ratelimit throttle sessionRevoked,cspoff sessionTracker requestLifecycle observability jsonException toolbar,API_TOKEN,MISSING_GUARD,API route is non-public but no API token/auth/role guard was recognized.,add_or_confirm_api_token_guard,no,no
GET,API/Discord/process-queue,»,\App\Modules\APIs\Controllers\DiscordAPIController::processQueue,botBlocker requestLifecycle observability ratelimit throttle sessionRevoked,cspoff sessionTracker requestLifecycle observability jsonException toolbar,INTERNAL,MISSING_GUARD,API route appears operational/internal but no internal token or cron key guard was recognized.,add_or_confirm_internal_token_or_cron_guard,no,no
GET,API/Discord/coalesce-now,»,\App\Modules\APIs\Controllers\DiscordAPIController::coalesceNow,botBlocker requestLifecycle observability ratelimit throttle sessionRevoked,cspoff sessionTracker requestLifecycle observability jsonException toolbar,INTERNAL,MISSING_GUARD,API route appears operational/internal but no internal token or cron key guard was recognized.,add_or_confirm_internal_token_or_cron_guard,no,no
GET,API/Mdit/kyc/status,»,\App\Modules\APIs\Controllers\MditInvestorAPIController::kycStatus,botBlocker requestLifecycle observability ratelimit throttle sessionRevoked authcheck,authcheck cspoff sessionTracker requestLifecycle observability jsonException toolbar,USER_AUTH,OK,Login/auth/authcheck guard is present.,none,no,no
GET,API/Mdit/portfolio/summary,»,\App\Modules\APIs\Controllers\MditInvestorAPIController::portfolioSummary,botBlocker requestLifecycle observability ratelimit throttle sessionRevoked authcheck,authcheck cspoff sessionTracker requestLifecycle observability jsonException toolbar,USER_AUTH,OK,Login/auth/authcheck guard is present.,none,no,no
GET,API/Mdit/admin/redemptions/pending,»,\App\Modules\APIs\Controllers\MditAdminAPIController::pendingRedemptions,botBlocker requestLifecycle observability ratelimit throttle sessionRevoked authcheck permission:mdit.admin,permission:mdit.admin authcheck cspoff sessionTracker requestLifecycle observability jsonException toolbar,ADMIN_AUTH,OK,Permission/role guard is present.,none,no,no
GET,API/Mdit/admin/deposits/pending,»,\App\Modules\APIs\Controllers\MditAdminAPIController::pendingDeposits,botBlocker requestLifecycle observability ratelimit throttle sessionRevoked authcheck permission:mdit.admin,permission:mdit.admin authcheck cspoff sessionTracker requestLifecycle observability jsonException toolbar,ADMIN_AUTH,OK,Permission/role guard is present.,none,no,no
GET,API/Chat/me,»,\App\Modules\APIs\Controllers\ChatController::me,botBlocker requestLifecycle observability ratelimit throttle sessionRevoked,cspoff sessionTracker requestLifecycle observability jsonException toolbar,API_TOKEN,MISSING_GUARD,API route is non-public but no API token/auth/role guard was recognized.,add_or_confirm_api_token_guard,no,no
GET,API/Management/Run-CRON-Tasks,»,\App\Modules\APIs\Controllers\ManagementAPIController::Run_CRON_Tasks,botBlocker requestLifecycle observability ratelimit throttle sessionRevoked cronKey,cronKey cspoff sessionTracker requestLifecycle observability jsonException toolbar,INTERNAL,OK,Internal token or cron key guard is present.,none,no,no
GET,API/Management/ajaxGetActiveUsers,»,\App\Modules\APIs\Controllers\ManagementAPIController::ajaxGetActiveUsers,botBlocker requestLifecycle observability ratelimit throttle sessionRevoked cronKey,cronKey cspoff sessionTracker requestLifecycle observability jsonException toolbar,INTERNAL,OK,Internal token or cron key guard is present.,none,no,no
GET,API/Management/ajaxGetInactiveUsers,»,\App\Modules\APIs\Controllers\ManagementAPIController::ajaxGetInactiveUsers,botBlocker requestLifecycle observability ratelimit throttle sessionRevoked cronKey,cronKey cspoff sessionTracker requestLifecycle observability jsonException toolbar,INTERNAL,OK,Internal token or cron key guard is present.,none,no,no
GET,API/Management/banUnverifiedUsers,»,\App\Modules\APIs\Controllers\ManagementAPIController::banUnverifiedUsers,botBlocker requestLifecycle observability ratelimit throttle sessionRevoked cronKey,cronKey cspoff sessionTracker requestLifecycle observability jsonException toolbar,INTERNAL,OK,Internal token or cron key guard is present.,none,no,no
GET,API/Management/checkForSpamUsers,»,\App\Modules\APIs\Controllers\ManagementAPIController::checkForSpamUsers,botBlocker requestLifecycle observability ratelimit throttle sessionRevoked cronKey,cronKey cspoff sessionTracker requestLifecycle observability jsonException toolbar,INTERNAL,OK,Internal token or cron key guard is present.,none,no,no
GET,API/Management/distributeTodaysNewsContent,»,\App\Modules\APIs\Controllers\ManagementAPIController::distributeTodaysNewsContent,botBlocker requestLifecycle observability ratelimit throttle sessionRevoked cronKey,cronKey cspoff sessionTracker requestLifecycle observability jsonException toolbar,INTERNAL,OK,Internal token or cron key guard is present.,none,no,no
GET,API/Management/exportWeeklyWatchlistCSV,»,\App\Modules\APIs\Controllers\ManagementAPIController::exportWeeklyWatchlistCSV,botBlocker requestLifecycle observability ratelimit throttle sessionRevoked cronKey,cronKey cspoff sessionTracker requestLifecycle observability jsonException toolbar,INTERNAL,OK,Internal token or cron key guard is present.,none,no,no
GET,API/Management/exportPostJson/([0-9]+),»,\App\Modules\APIs\Controllers\ManagementAPIController::exportPostJson/$1,botBlocker requestLifecycle observability ratelimit throttle sessionRevoked cronKey,cronKey cspoff sessionTracker requestLifecycle observability jsonException toolbar,INTERNAL,OK,Internal token or cron key guard is present.,none,no,no
GET,API/Management/fetchAlphaVantageNewsForTradeAlerts,»,\App\Modules\APIs\Controllers\ManagementAPIController::fetchAlphaVantageNewsForTradeAlerts,botBlocker requestLifecycle observability ratelimit throttle sessionRevoked cronKey,cronKey cspoff sessionTracker requestLifecycle observability jsonException toolbar,INTERNAL,OK,Internal token or cron key guard is present.,none,no,no
GET,API/Management/fetchEmailsToTempScraper,»,\App\Modules\APIs\Controllers\ManagementAPIController::fetchEmailsToTempScraper,botBlocker requestLifecycle observability ratelimit throttle sessionRevoked cronKey,cronKey cspoff sessionTracker requestLifecycle observability jsonException toolbar,INTERNAL,OK,Internal token or cron key guard is present.,none,no,no
GET,API/Management/fetchLatestSummaries,»,\App\Modules\APIs\Controllers\ManagementAPIController::fetchLatestSummaries,botBlocker requestLifecycle observability ratelimit throttle sessionRevoked cronKey,cronKey cspoff sessionTracker requestLifecycle observability jsonException toolbar,INTERNAL,OK,Internal token or cron key guard is present.,none,no,no
GET,API/Management/fetchNewsEmails,»,\App\Modules\APIs\Controllers\ManagementAPIController::fetchNewsEmails,botBlocker requestLifecycle observability ratelimit throttle sessionRevoked cronKey,cronKey cspoff sessionTracker requestLifecycle observability jsonException toolbar,INTERNAL,OK,Internal token or cron key guard is present.,none,no,no
GET,API/Management/generatePostsFromSummary/([0-9]+),»,\App\Modules\APIs\Controllers\ManagementAPIController::generatePostsFromSummary/$1,botBlocker requestLifecycle observability ratelimit throttle sessionRevoked cronKey,cronKey cspoff sessionTracker requestLifecycle observability jsonException toolbar,INTERNAL,OK,Internal token or cron key guard is present.,none,no,no
GET,API/Management/generatePostsFromSummary,»,\App\Modules\APIs\Controllers\ManagementAPIController::generatePostsFromSummary,botBlocker requestLifecycle observability ratelimit throttle sessionRevoked cronKey,cronKey cspoff sessionTracker requestLifecycle observability jsonException toolbar,INTERNAL,OK,Internal token or cron key guard is present.,none,no,no
GET,API/Management/generateCoffeeAndStocksNewsletter,»,\App\Modules\APIs\Controllers\ManagementAPIController::generateCoffeeAndStocksNewsletter,botBlocker requestLifecycle observability ratelimit throttle sessionRevoked cronKey,cronKey cspoff sessionTracker requestLifecycle observability jsonException toolbar,INTERNAL,OK,Internal token or cron key guard is present.,none,no,no
GET,API/Management/fetchCoffeeAndStocksNewsletter,»,\App\Modules\APIs\Controllers\ManagementAPIController::fetchCoffeeAndStocksNewsletter,botBlocker requestLifecycle observability ratelimit throttle sessionRevoked cronKey,cronKey cspoff sessionTracker requestLifecycle observability jsonException toolbar,INTERNAL,OK,Internal token or cron key guard is present.,none,no,no
GET,API/Management/generateWeeklyStreamData,»,\App\Modules\APIs\Controllers\ManagementAPIController::generateWeeklyStreamData,botBlocker requestLifecycle observability ratelimit throttle sessionRevoked cronKey,cronKey cspoff sessionTracker requestLifecycle observability jsonException toolbar,INTERNAL,OK,Internal token or cron key guard is present.,none,no,no
GET,API/Management/generateVoiceScriptManually,»,\App\Modules\APIs\Controllers\ManagementAPIController::generateVoiceScriptManually,botBlocker requestLifecycle observability ratelimit throttle sessionRevoked cronKey,cronKey cspoff sessionTracker requestLifecycle observability jsonException toolbar,INTERNAL,OK,Internal token or cron key guard is present.,none,no,no
GET,API/Management/runBackfillAlertsEmails,»,\App\Modules\APIs\Controllers\ManagementAPIController::runBackfillAlertsEmails,botBlocker requestLifecycle observability ratelimit throttle sessionRevoked cronKey,cronKey cspoff sessionTracker requestLifecycle observability jsonException toolbar,INTERNAL,OK,Internal token or cron key guard is present.,none,no,no
GET,API/Management/runBackfillMarketingEmails,»,\App\Modules\APIs\Controllers\ManagementAPIController::runBackfillMarketingEmails,botBlocker requestLifecycle observability ratelimit throttle sessionRevoked cronKey,cronKey cspoff sessionTracker requestLifecycle observability jsonException toolbar,INTERNAL,OK,Internal token or cron key guard is present.,none,no,no
GET,API/Management/getUsers,»,\App\Modules\APIs\Controllers\ManagementAPIController::getUsers,botBlocker requestLifecycle observability ratelimit throttle sessionRevoked cronKey,cronKey cspoff sessionTracker requestLifecycle observability jsonException toolbar,INTERNAL,OK,Internal token or cron key guard is present.,none,no,no
GET,API/Management/getAlerts,»,\App\Modules\APIs\Controllers\ManagementAPIController::getAlerts,botBlocker requestLifecycle observability ratelimit throttle sessionRevoked cronKey,cronKey cspoff sessionTracker requestLifecycle observability jsonException toolbar,INTERNAL,OK,Internal token or cron key guard is present.,none,no,no
GET,API/Management/getReferrals,»,\App\Modules\APIs\Controllers\ManagementAPIController::getReferrals,botBlocker requestLifecycle observability ratelimit throttle sessionRevoked cronKey,cronKey cspoff sessionTracker requestLifecycle observability jsonException toolbar,INTERNAL,OK,Internal token or cron key guard is present.,none,no,no
GET,API/Management/getAssets,»,\App\Modules\APIs\Controllers\ManagementAPIController::getAssets,botBlocker requestLifecycle observability ratelimit throttle sessionRevoked cronKey,cronKey cspoff sessionTracker requestLifecycle observability jsonException toolbar,INTERNAL,OK,Internal token or cron key guard is present.,none,no,no
GET,API/Management/getNews,»,\App\Modules\APIs\Controllers\ManagementAPIController::getNews,botBlocker requestLifecycle observability ratelimit throttle sessionRevoked cronKey,cronKey cspoff sessionTracker requestLifecycle observability jsonException toolbar,INTERNAL,OK,Internal token or cron key guard is present.,none,no,no
GET,API/Management/getSupport,»,\App\Modules\APIs\Controllers\ManagementAPIController::getSupport,botBlocker requestLifecycle observability ratelimit throttle sessionRevoked cronKey,cronKey cspoff sessionTracker requestLifecycle observability jsonException toolbar,INTERNAL,OK,Internal token or cron key guard is present.,none,no,no
GET,API/Management/processAllTradeAlerts,»,\App\Modules\APIs\Controllers\ManagementAPIController::processAllTradeAlerts,botBlocker requestLifecycle observability ratelimit throttle sessionRevoked cronKey,cronKey cspoff sessionTracker requestLifecycle observability jsonException toolbar,INTERNAL,OK,Internal token or cron key guard is present.,none,no,no
GET,API/Management/runCronManually,»,\App\Modules\APIs\Controllers\ManagementAPIController::runCronManually,botBlocker requestLifecycle observability ratelimit throttle sessionRevoked cronKey,cronKey cspoff sessionTracker requestLifecycle observability jsonException toolbar,INTERNAL,OK,Internal token or cron key guard is present.,none,no,no
GET,API/Management/runDailyAlphaVantageDataPipeline,»,\App\Modules\APIs\Controllers\ManagementAPIController::runDailyAlphaVantageDataPipeline,botBlocker requestLifecycle observability ratelimit throttle sessionRevoked cronKey,cronKey cspoff sessionTracker requestLifecycle observability jsonException toolbar,INTERNAL,OK,Internal token or cron key guard is present.,none,no,no
GET,API/Management/scrapeAndGenerateTodaysStoryFromInbox,»,\App\Modules\APIs\Controllers\ManagementAPIController::scrapeAndGenerateTodaysStoryFromInbox,botBlocker requestLifecycle observability ratelimit throttle sessionRevoked cronKey,cronKey cspoff sessionTracker requestLifecycle observability jsonException toolbar,INTERNAL,OK,Internal token or cron key guard is present.,none,no,no
GET,API/Management/sendAllDiscordAlerts,»,\App\Modules\APIs\Controllers\ManagementAPIController::sendAllDiscordAlerts,botBlocker requestLifecycle observability ratelimit throttle sessionRevoked cronKey,cronKey cspoff sessionTracker requestLifecycle observability jsonException toolbar,INTERNAL,OK,Internal token or cron key guard is present.,none,no,no
GET,API/Management/sendToZapierManually,»,\App\Modules\APIs\Controllers\ManagementAPIController::sendToZapierManually,botBlocker requestLifecycle observability ratelimit throttle sessionRevoked cronKey,cronKey cspoff sessionTracker requestLifecycle observability jsonException toolbar,INTERNAL,OK,Internal token or cron key guard is present.,none,no,no
GET,API/Management/generateTodaysStory,»,\App\Modules\APIs\Controllers\ManagementAPIController::generateTodaysStory,botBlocker requestLifecycle observability ratelimit throttle sessionRevoked cronKey,cronKey cspoff sessionTracker requestLifecycle observability jsonException toolbar,INTERNAL,OK,Internal token or cron key guard is present.,none,no,no
GET,API/Management/sharePost/([0-9]+)/([^/]+),»,\App\Modules\APIs\Controllers\ManagementAPIController::sharePost/$1/$2,botBlocker requestLifecycle observability ratelimit throttle sessionRevoked cronKey,cronKey cspoff sessionTracker requestLifecycle observability jsonException toolbar,INTERNAL,OK,Internal token or cron key guard is present.,none,no,no
GET,API/Management/triggerPostAutogenOnEmpty,»,\App\Modules\APIs\Controllers\ManagementAPIController::triggerPostAutogenOnEmpty,botBlocker requestLifecycle observability ratelimit throttle sessionRevoked cronKey,cronKey cspoff sessionTracker requestLifecycle observability jsonException toolbar,INTERNAL,OK,Internal token or cron key guard is present.,none,no,no
GET,API/Management/updateMarketDataForAlerts,»,\App\Modules\APIs\Controllers\ManagementAPIController::updateMarketDataForAlerts,botBlocker requestLifecycle observability ratelimit throttle sessionRevoked cronKey,cronKey cspoff sessionTracker requestLifecycle observability jsonException toolbar,INTERNAL,OK,Internal token or cron key guard is present.,none,no,no
GET,API/Management/processQueuedEmails,»,\App\Modules\APIs\Controllers\ManagementAPIController::processQueuedEmails,botBlocker requestLifecycle observability ratelimit throttle sessionRevoked cronKey,cronKey cspoff sessionTracker requestLifecycle observability jsonException toolbar,INTERNAL,OK,Internal token or cron key guard is present.,none,no,no
GET,API/Management/processTempEmailsToScraper,»,\App\Modules\APIs\Controllers\ManagementAPIController::processTempEmailsToScraper,botBlocker requestLifecycle observability ratelimit throttle sessionRevoked cronKey,cronKey cspoff sessionTracker requestLifecycle observability jsonException toolbar,INTERNAL,OK,Internal token or cron key guard is present.,none,no,no
GET,API/Management/resendActivationEmailsBatch,»,\App\Modules\APIs\Controllers\ManagementAPIController::resendActivationEmailsBatch,botBlocker requestLifecycle observability ratelimit throttle sessionRevoked cronKey,cronKey cspoff sessionTracker requestLifecycle observability jsonException toolbar,INTERNAL,OK,Internal token or cron key guard is present.,none,no,no
GET,API/Management/resendActivationEmailsBatchQueued,»,\App\Modules\APIs\Controllers\ManagementAPIController::resendActivationEmailsBatchQueued,botBlocker requestLifecycle observability ratelimit throttle sessionRevoked cronKey,cronKey cspoff sessionTracker requestLifecycle observability jsonException toolbar,INTERNAL,OK,Internal token or cron key guard is present.,none,no,no
GET,API/Management/sendTestActivationEmail,»,\App\Modules\APIs\Controllers\ManagementAPIController::sendTestActivationEmail,botBlocker requestLifecycle observability ratelimit throttle sessionRevoked cronKey,cronKey cspoff sessionTracker requestLifecycle observability jsonException toolbar,INTERNAL,OK,Internal token or cron key guard is present.,none,no,no
GET,API/Management/saveSuggestion,»,\App\Modules\APIs\Controllers\ManagementAPIController::saveSuggestion,botBlocker requestLifecycle observability ratelimit throttle sessionRevoked cronKey,cronKey cspoff sessionTracker requestLifecycle observability jsonException toolbar,INTERNAL,OK,Internal token or cron key guard is present.,none,no,no
GET,API/Management/Marketing/cronAnalyzeContent,»,\App\Modules\APIs\Controllers\ManagementAPIController::cronAnalyzeContent,botBlocker requestLifecycle observability ratelimit throttle sessionRevoked cronKey,cronKey cspoff sessionTracker requestLifecycle observability jsonException toolbar,INTERNAL,OK,Internal token or cron key guard is present.,none,no,no
GET,API/Management/Marketing/cronFetchAndGenerateNews,»,\App\Modules\APIs\Controllers\ManagementAPIController::cronFetchAndGenerateNews,botBlocker requestLifecycle observability ratelimit throttle sessionRevoked cronKey,cronKey cspoff sessionTracker requestLifecycle observability jsonException toolbar,INTERNAL,OK,Internal token or cron key guard is present.,none,no,no
GET,API/Management/Marketing/generateContent,»,\App\Modules\APIs\Controllers\ManagementAPIController::cronFetchAndGenerateNews,botBlocker requestLifecycle observability ratelimit throttle sessionRevoked cronKey,cronKey cspoff sessionTracker requestLifecycle observability jsonException toolbar,INTERNAL,OK,Internal token or cron key guard is present.,none,no,no
GET,API/Management/Marketing/cronFetchInbox,»,\App\Modules\APIs\Controllers\ManagementAPIController::cronFetchInbox,botBlocker requestLifecycle observability ratelimit throttle sessionRevoked cronKey,cronKey cspoff sessionTracker requestLifecycle observability jsonException toolbar,INTERNAL,OK,Internal token or cron key guard is present.,none,no,no
GET,API/Management/Marketing/cronFetchMarketingEmails,»,\App\Modules\APIs\Controllers\ManagementAPIController::cronFetchMarketingEmails,botBlocker requestLifecycle observability ratelimit throttle sessionRevoked cronKey,cronKey cspoff sessionTracker requestLifecycle observability jsonException toolbar,INTERNAL,OK,Internal token or cron key guard is present.,none,no,no
GET,API/Management/Marketing/generateContentDigestFromStored,»,\App\Modules\APIs\Controllers\ManagementAPIController::generateContentDigestFromStored,botBlocker requestLifecycle observability ratelimit throttle sessionRevoked cronKey,cronKey cspoff sessionTracker requestLifecycle observability jsonException toolbar,INTERNAL,OK,Internal token or cron key guard is present.,none,no,no
GET,API/Management/Marketing/generateContentFromScraper,»,\App\Modules\APIs\Controllers\ManagementAPIController::generateContentFromScraper,botBlocker requestLifecycle observability ratelimit throttle sessionRevoked cronKey,cronKey cspoff sessionTracker requestLifecycle observability jsonException toolbar,INTERNAL,OK,Internal token or cron key guard is present.,none,no,no
GET,API/Management/Marketing/generateDailyContentDigest,»,\App\Modules\APIs\Controllers\ManagementAPIController::generateDailyContentDigest,botBlocker requestLifecycle observability ratelimit throttle sessionRevoked cronKey,cronKey cspoff sessionTracker requestLifecycle observability jsonException toolbar,INTERNAL,OK,Internal token or cron key guard is present.,none,no,no
GET,API/Management/Marketing/massResendActivationEmails,»,\App\Modules\APIs\Controllers\ManagementAPIController::massResendActivationEmails,botBlocker requestLifecycle observability ratelimit throttle sessionRevoked cronKey,cronKey cspoff sessionTracker requestLifecycle observability jsonException toolbar,INTERNAL,OK,Internal token or cron key guard is present.,none,no,no
GET,API/Management/getSocialPlatforms,»,\App\Modules\APIs\Controllers\MarketingAPIController::getSocialPlatforms,botBlocker requestLifecycle observability ratelimit throttle sessionRevoked cronKey,cronKey cspoff sessionTracker requestLifecycle observability jsonException toolbar,INTERNAL,OK,Internal token or cron key guard is present.,none,no,no
GET,API/Management/getSocialCommunities,»,\App\Modules\APIs\Controllers\MarketingAPIController::getSocialCommunities,botBlocker requestLifecycle observability ratelimit throttle sessionRevoked cronKey,cronKey cspoff sessionTracker requestLifecycle observability jsonException toolbar,INTERNAL,OK,Internal token or cron key guard is present.,none,no,no
GET,API/Management/saveSocialCommunity,»,\App\Modules\APIs\Controllers\MarketingAPIController::saveSocialCommunity,botBlocker requestLifecycle observability ratelimit throttle sessionRevoked cronKey,cronKey cspoff sessionTracker requestLifecycle observability jsonException toolbar,INTERNAL,OK,Internal token or cron key guard is present.,none,no,no
GET,API/Management/getPostTemplates,»,\App\Modules\APIs\Controllers\MarketingAPIController::getPostTemplates,botBlocker requestLifecycle observability ratelimit throttle sessionRevoked cronKey,cronKey cspoff sessionTracker requestLifecycle observability jsonException toolbar,INTERNAL,OK,Internal token or cron key guard is present.,none,no,no
GET,API/Management/savePostTemplate,»,\App\Modules\APIs\Controllers\MarketingAPIController::savePostTemplate,botBlocker requestLifecycle observability ratelimit throttle sessionRevoked cronKey,cronKey cspoff sessionTracker requestLifecycle observability jsonException toolbar,INTERNAL,OK,Internal token or cron key guard is present.,none,no,no
GET,API/Management/generatePlatformPosts/([0-9]+),»,\App\Modules\APIs\Controllers\MarketingAPIController::generatePlatformPosts/$1,botBlocker requestLifecycle observability ratelimit throttle sessionRevoked cronKey,cronKey cspoff sessionTracker requestLifecycle observability jsonException toolbar,INTERNAL,OK,Internal token or cron key guard is present.,none,no,no
GET,API/Management/generatePlatformPosts,»,\App\Modules\APIs\Controllers\MarketingAPIController::generatePlatformPosts,botBlocker requestLifecycle observability ratelimit throttle sessionRevoked cronKey,cronKey cspoff sessionTracker requestLifecycle observability jsonException toolbar,INTERNAL,OK,Internal token or cron key guard is present.,none,no,no
GET,API/Management/generateDailyCommunityPosts,»,\App\Modules\APIs\Controllers\MarketingAPIController::generateDailyCommunityPosts,botBlocker requestLifecycle observability ratelimit throttle sessionRevoked cronKey,cronKey cspoff sessionTracker requestLifecycle observability jsonException toolbar,INTERNAL,OK,Internal token or cron key guard is present.,none,no,no
GET,API/Management/exportGeneratedPostJson/([0-9]+),»,\App\Modules\APIs\Controllers\MarketingAPIController::exportGeneratedPostJson/$1,botBlocker requestLifecycle observability ratelimit throttle sessionRevoked cronKey,cronKey cspoff sessionTracker requestLifecycle observability jsonException toolbar,INTERNAL,OK,Internal token or cron key guard is present.,none,no,no
GET,API/Management/generateRevenueDocs,»,\App\Modules\APIs\Controllers\MarketingAPIController::generateRevenueDocs,botBlocker requestLifecycle observability ratelimit throttle sessionRevoked cronKey,cronKey cspoff sessionTracker requestLifecycle observability jsonException toolbar,INTERNAL,OK,Internal token or cron key guard is present.,none,no,no
GET,API/Management/cronGenerateDailyCommunityPosts,»,\App\Modules\APIs\Controllers\MarketingAPIController::cronGenerateDailyCommunityPosts,botBlocker requestLifecycle observability ratelimit throttle sessionRevoked cronKey,cronKey cspoff sessionTracker requestLifecycle observability jsonException toolbar,INTERNAL,OK,Internal token or cron key guard is present.,none,no,no
GET,API/Management/cronQueueDistribution,»,\App\Modules\APIs\Controllers\MarketingAPIController::cronQueueDistribution,botBlocker requestLifecycle observability ratelimit throttle sessionRevoked cronKey,cronKey cspoff sessionTracker requestLifecycle observability jsonException toolbar,INTERNAL,OK,Internal token or cron key guard is present.,none,no,no
GET,API/Management/Projects/TBI-Coins/([0-9]+),»,\App\Modules\APIs\Controllers\TbiProjectCoinsAPIController::getProjectCoins/$1,botBlocker requestLifecycle observability ratelimit throttle sessionRevoked cronKey,cronKey cspoff sessionTracker requestLifecycle observability jsonException toolbar,INTERNAL,OK,Internal token or cron key guard is present.,none,no,no
GET,API/Squeeze/scorecard,»,\App\Modules\APIs\Controllers\SqueezeController::scorecard,botBlocker requestLifecycle observability ratelimit throttle sessionRevoked login,login cspoff sessionTracker requestLifecycle observability jsonException toolbar,USER_AUTH,OK,Login/auth/authcheck guard is present.,none,no,no
GET,API/Squeeze/zoomout,»,\App\Modules\APIs\Controllers\SqueezeController::zoomout,botBlocker requestLifecycle observability ratelimit throttle sessionRevoked login,login cspoff sessionTracker requestLifecycle observability jsonException toolbar,USER_AUTH,OK,Login/auth/authcheck guard is present.,none,no,no
GET,API/Squeeze/fade,»,\App\Modules\APIs\Controllers\SqueezeController::fade,botBlocker requestLifecycle observability ratelimit throttle sessionRevoked login,login cspoff sessionTracker requestLifecycle observability jsonException toolbar,USER_AUTH,OK,Login/auth/authcheck guard is present.,none,no,no
GET,API/Management/Chat/Usage,»,\App\Modules\Management\Controllers\ChatUsageController::index,botBlocker requestLifecycle observability ratelimit throttle sessionRevoked permission:admin.access,permission:admin.access cspoff sessionTracker requestLifecycle observability jsonException toolbar,ADMIN_AUTH,OK,Permission/role guard is present.,none,no,no
GET,API/Management/Ops,»,\App\Modules\Management\Controllers\OpsController::index,botBlocker requestLifecycle observability ratelimit throttle sessionRevoked permission:admin.access,permission:admin.access cspoff sessionTracker requestLifecycle observability jsonException toolbar,ADMIN_AUTH,OK,Permission/role guard is present.,none,no,no
GET,API/Management/Ops/ajaxStatus,»,\App\Modules\Management\Controllers\OpsController::ajaxStatus,botBlocker requestLifecycle observability ratelimit throttle sessionRevoked permission:admin.access,permission:admin.access cspoff sessionTracker requestLifecycle observability jsonException toolbar,ADMIN_AUTH,OK,Permission/role guard is present.,none,no,no
GET,API/Alerts/ingestCsvSignals,»,\App\Modules\APIs\Controllers\AlertsAPIController::ingestCsvSignals,botBlocker requestLifecycle observability ratelimit throttle sessionRevoked,cspoff sessionTracker requestLifecycle observability jsonException toolbar,INTERNAL,MISSING_GUARD,API route appears operational/internal but no internal token or cron key guard was recognized.,add_or_confirm_internal_token_or_cron_guard,no,no
GET,API/Alerts/signals,»,\App\Modules\APIs\Controllers\AlertsAPIController::getSignals,botBlocker requestLifecycle observability ratelimit throttle sessionRevoked,cspoff sessionTracker requestLifecycle observability jsonException toolbar,API_TOKEN,MISSING_GUARD,API route is non-public but no API token/auth/role guard was recognized.,add_or_confirm_api_token_guard,no,no
GET,API/Alerts/signalFiles,»,\App\Modules\APIs\Controllers\AlertsAPIController::getSignalFiles,botBlocker requestLifecycle observability ratelimit throttle sessionRevoked,cspoff sessionTracker requestLifecycle observability jsonException toolbar,API_TOKEN,MISSING_GUARD,API route is non-public but no API token/auth/role guard was recognized.,add_or_confirm_api_token_guard,no,no
GET,API/Alerts/previewSignalFile/([0-9]+),»,\App\Modules\APIs\Controllers\AlertsAPIController::previewSignalFile/$1,botBlocker requestLifecycle observability ratelimit throttle sessionRevoked,cspoff sessionTracker requestLifecycle observability jsonException toolbar,API_TOKEN,MISSING_GUARD,API route is non-public but no API token/auth/role guard was recognized.,add_or_confirm_api_token_guard,no,no
GET,API/Alerts/recalcSignalScores,»,\App\Modules\APIs\Controllers\AlertsAPIController::recalcSignalScores,botBlocker requestLifecycle observability ratelimit throttle sessionRevoked,cspoff sessionTracker requestLifecycle observability jsonException toolbar,INTERNAL,MISSING_GUARD,API route appears operational/internal but no internal token or cron key guard was recognized.,add_or_confirm_internal_token_or_cron_guard,no,no
GET,API/Alerts/addTradeAlert,»,\App\Modules\APIs\Controllers\AlertsAPIController::addTradeAlert,botBlocker requestLifecycle observability ratelimit throttle sessionRevoked,cspoff sessionTracker requestLifecycle observability jsonException toolbar,API_TOKEN,MISSING_GUARD,API route is non-public but no API token/auth/role guard was recognized.,add_or_confirm_api_token_guard,no,no
GET,API/Alerts/backfillCategories,»,\App\Modules\APIs\Controllers\AlertsAPIController::backfillCategories,botBlocker requestLifecycle observability ratelimit throttle sessionRevoked,cspoff sessionTracker requestLifecycle observability jsonException toolbar,INTERNAL,MISSING_GUARD,API route appears operational/internal but no internal token or cron key guard was recognized.,add_or_confirm_internal_token_or_cron_guard,no,no
GET,API/Alerts/createTradeAlert/([^/]+),»,\App\Modules\APIs\Controllers\AlertsAPIController::addTradeAlert,botBlocker requestLifecycle observability ratelimit throttle sessionRevoked,cspoff sessionTracker requestLifecycle observability jsonException toolbar,API_TOKEN,MISSING_GUARD,API route is non-public but no API token/auth/role guard was recognized.,add_or_confirm_api_token_guard,no,no
GET,API/Alerts/createTradeAlert,»,\App\Modules\APIs\Controllers\AlertsAPIController::addTradeAlert,botBlocker requestLifecycle observability ratelimit throttle sessionRevoked,cspoff sessionTracker requestLifecycle observability jsonException toolbar,API_TOKEN,MISSING_GUARD,API route is non-public but no API token/auth/role guard was recognized.,add_or_confirm_api_token_guard,no,no
GET,API/Alerts/getFilteredAlerts,»,\App\Modules\APIs\Controllers\AlertsAPIController::getFilteredAlerts,botBlocker requestLifecycle observability ratelimit throttle sessionRevoked,cspoff sessionTracker requestLifecycle observability jsonException toolbar,API_TOKEN,MISSING_GUARD,API route is non-public but no API token/auth/role guard was recognized.,add_or_confirm_api_token_guard,no,no
GET,API/Alerts/scanner,»,\App\Modules\APIs\Controllers\AlertsAPIController::scanner,botBlocker requestLifecycle observability ratelimit throttle sessionRevoked,cspoff sessionTracker requestLifecycle observability jsonException toolbar,INTERNAL,MISSING_GUARD,API route appears operational/internal but no internal token or cron key guard was recognized.,add_or_confirm_internal_token_or_cron_guard,no,no
GET,API/Alerts/fetchAutoGeneratedAnalysis,»,\App\Modules\APIs\Controllers\AlertsAPIController::fetchAutoGeneratedAnalysis,botBlocker requestLifecycle observability ratelimit throttle sessionRevoked,cspoff sessionTracker requestLifecycle observability jsonException toolbar,API_TOKEN,MISSING_GUARD,API route is non-public but no API token/auth/role guard was recognized.,add_or_confirm_api_token_guard,no,no
GET,API/Alerts/fetchEmailAlerts,»,\App\Modules\APIs\Controllers\AlertsAPIController::fetchEmailAlerts,botBlocker requestLifecycle observability ratelimit throttle sessionRevoked cronKey,cspoff sessionTracker requestLifecycle observability jsonException toolbar,INTERNAL,OK,Internal token or cron key guard is present.,none,no,no
GET,API/Alerts/fetchMarketAuxNews/([^/]+),»,\App\Modules\APIs\Controllers\AlertsAPIController::fetchMarketAuxNews/$1,botBlocker requestLifecycle observability ratelimit throttle sessionRevoked,cspoff sessionTracker requestLifecycle observability jsonException toolbar,API_TOKEN,MISSING_GUARD,API route is non-public but no API token/auth/role guard was recognized.,add_or_confirm_api_token_guard,no,no
GET,API/Alerts/forceFetchEmails,»,\App\Modules\APIs\Controllers\AlertsAPIController::forceFetchEmails,botBlocker requestLifecycle observability ratelimit throttle sessionRevoked,cspoff sessionTracker requestLifecycle observability jsonException toolbar,INTERNAL,MISSING_GUARD,API route appears operational/internal but no internal token or cron key guard was recognized.,add_or_confirm_internal_token_or_cron_guard,no,no
GET,API/Alerts/forceFetchTickers,»,\App\Modules\APIs\Controllers\AlertsAPIController::forceFetchTickers,botBlocker requestLifecycle observability ratelimit throttle sessionRevoked,cspoff sessionTracker requestLifecycle observability jsonException toolbar,INTERNAL,MISSING_GUARD,API route appears operational/internal but no internal token or cron key guard was recognized.,add_or_confirm_internal_token_or_cron_guard,no,no
GET,API/Alerts/generateMarketingForAlert/([0-9]+),»,\App\Modules\APIs\Controllers\AlertsAPIController::generateMarketingForAlert/$1,botBlocker requestLifecycle observability ratelimit throttle sessionRevoked,cspoff sessionTracker requestLifecycle observability jsonException toolbar,API_TOKEN,MISSING_GUARD,API route is non-public but no API token/auth/role guard was recognized.,add_or_confirm_api_token_guard,no,no
GET,API/Alerts/generateNow,»,\App\Modules\APIs\Controllers\AlertsAPIController::generateNow,botBlocker requestLifecycle observability ratelimit throttle sessionRevoked,cspoff sessionTracker requestLifecycle observability jsonException toolbar,API_TOKEN,MISSING_GUARD,API route is non-public but no API token/auth/role guard was recognized.,add_or_confirm_api_token_guard,no,no
GET,API/Alerts/generateTradeAlertSummary,»,\App\Modules\APIs\Controllers\AlertsAPIController::generateTradeAlertSummary,botBlocker requestLifecycle observability ratelimit throttle sessionRevoked,cspoff sessionTracker requestLifecycle observability jsonException toolbar,API_TOKEN,MISSING_GUARD,API route is non-public but no API token/auth/role guard was recognized.,add_or_confirm_api_token_guard,no,no
GET,API/Alerts/getEmaComparison/([^/]+),»,\App\Modules\APIs\Controllers\AlertsAPIController::getEmaComparison/$1,botBlocker requestLifecycle observability ratelimit throttle sessionRevoked,cspoff sessionTracker requestLifecycle observability jsonException toolbar,API_TOKEN,MISSING_GUARD,API route is non-public but no API token/auth/role guard was recognized.,add_or_confirm_api_token_guard,no,no
GET,API/Alerts/generateAlertSocialCopy/([0-9]+),»,\App\Modules\APIs\Controllers\AlertsAPIController::generateAlertSocialCopy/$1,botBlocker requestLifecycle observability ratelimit throttle sessionRevoked,cspoff sessionTracker requestLifecycle observability jsonException toolbar,API_TOKEN,MISSING_GUARD,API route is non-public but no API token/auth/role guard was recognized.,add_or_confirm_api_token_guard,no,no
GET,API/Alerts/getFullMetrics,»,\App\Modules\APIs\Controllers\AlertsAPIController::getFullMetrics,botBlocker requestLifecycle observability ratelimit throttle sessionRevoked,cspoff sessionTracker requestLifecycle observability jsonException toolbar,API_TOKEN,MISSING_GUARD,API route is non-public but no API token/auth/role guard was recognized.,add_or_confirm_api_token_guard,no,no
GET,API/Alerts/getLatestPrices,»,\App\Modules\APIs\Controllers\AlertsAPIController::getLatestPrices,botBlocker requestLifecycle observability ratelimit throttle sessionRevoked,cspoff sessionTracker requestLifecycle observability jsonException toolbar,API_TOKEN,MISSING_GUARD,API route is non-public but no API token/auth/role guard was recognized.,add_or_confirm_api_token_guard,no,no
GET,API/Alerts/getTechnicalIndicators,»,\App\Modules\APIs\Controllers\AlertsAPIController::getTechnicalIndicators,botBlocker requestLifecycle observability ratelimit throttle sessionRevoked,cspoff sessionTracker requestLifecycle observability jsonException toolbar,API_TOKEN,MISSING_GUARD,API route is non-public but no API token/auth/role guard was recognized.,add_or_confirm_api_token_guard,no,no
GET,API/Alerts/hideTradeAlert,»,\App\Modules\APIs\Controllers\AlertsAPIController::hideTradeAlert,botBlocker requestLifecycle observability ratelimit throttle sessionRevoked,cspoff sessionTracker requestLifecycle observability jsonException toolbar,API_TOKEN,MISSING_GUARD,API route is non-public but no API token/auth/role guard was recognized.,add_or_confirm_api_token_guard,no,no
GET,API/Alerts/manageTradeAlert,»,\App\Modules\APIs\Controllers\AlertsAPIController::manageTradeAlert,botBlocker requestLifecycle observability ratelimit throttle sessionRevoked,cspoff sessionTracker requestLifecycle observability jsonException toolbar,API_TOKEN,MISSING_GUARD,API route is non-public but no API token/auth/role guard was recognized.,add_or_confirm_api_token_guard,no,no
GET,API/Alerts/markAlertAsSentAndSendEmail/([^/]+),»,\App\Modules\APIs\Controllers\AlertsAPIController::markAlertAsSentAndSendEmail/$1,botBlocker requestLifecycle observability ratelimit throttle sessionRevoked,cspoff sessionTracker requestLifecycle observability jsonException toolbar,API_TOKEN,MISSING_GUARD,API route is non-public but no API token/auth/role guard was recognized.,add_or_confirm_api_token_guard,no,no
GET,API/Alerts/processAlerts,»,\App\Modules\APIs\Controllers\AlertsAPIController::processAlerts,botBlocker requestLifecycle observability ratelimit throttle sessionRevoked,cspoff sessionTracker requestLifecycle observability jsonException toolbar,API_TOKEN,MISSING_GUARD,API route is non-public but no API token/auth/role guard was recognized.,add_or_confirm_api_token_guard,no,no
GET,API/Alerts/processEmailAlerts,»,\App\Modules\APIs\Controllers\AlertsAPIController::processEmailAlerts,botBlocker requestLifecycle observability ratelimit throttle sessionRevoked,cspoff sessionTracker requestLifecycle observability jsonException toolbar,API_TOKEN,MISSING_GUARD,API route is non-public but no API token/auth/role guard was recognized.,add_or_confirm_api_token_guard,no,no
GET,API/Alerts/processTradeAlerts,»,\App\Modules\APIs\Controllers\AlertsAPIController::processTradeAlerts,botBlocker requestLifecycle observability ratelimit throttle sessionRevoked,cspoff sessionTracker requestLifecycle observability jsonException toolbar,API_TOKEN,MISSING_GUARD,API route is non-public but no API token/auth/role guard was recognized.,add_or_confirm_api_token_guard,no,no
GET,API/Alerts/processTradeBatch,»,\App\Modules\APIs\Controllers\AlertsAPIController::processTradeBatch,botBlocker requestLifecycle observability ratelimit throttle sessionRevoked,cspoff sessionTracker requestLifecycle observability jsonException toolbar,API_TOKEN,MISSING_GUARD,API route is non-public but no API token/auth/role guard was recognized.,add_or_confirm_api_token_guard,no,no
GET,API/Alerts/sendAlert,»,\App\Modules\APIs\Controllers\AlertsAPIController::sendAlert,botBlocker requestLifecycle observability ratelimit throttle sessionRevoked,cspoff sessionTracker requestLifecycle observability jsonException toolbar,API_TOKEN,MISSING_GUARD,API route is non-public but no API token/auth/role guard was recognized.,add_or_confirm_api_token_guard,no,no
GET,API/Alerts/sendDiscordAlerts,»,\App\Modules\APIs\Controllers\AlertsAPIController::sendDiscordAlerts,botBlocker requestLifecycle observability ratelimit throttle sessionRevoked cronKey,cspoff sessionTracker requestLifecycle observability jsonException toolbar,INTERNAL,OK,Internal token or cron key guard is present.,none,no,no
GET,API/Alerts/sendDiscordAlertsBySymbol/([^/]+),»,\App\Modules\APIs\Controllers\AlertsAPIController::sendDiscordAlertsBySymbol/$1,botBlocker requestLifecycle observability ratelimit throttle sessionRevoked cronKey,cspoff sessionTracker requestLifecycle observability jsonException toolbar,INTERNAL,OK,Internal token or cron key guard is present.,none,no,no
GET,API/Alerts/storeMarketingContent,»,\App\Modules\APIs\Controllers\AlertsAPIController::storeMarketingContent,botBlocker requestLifecycle observability ratelimit throttle sessionRevoked,cspoff sessionTracker requestLifecycle observability jsonException toolbar,API_TOKEN,MISSING_GUARD,API route is non-public but no API token/auth/role guard was recognized.,add_or_confirm_api_token_guard,no,no
GET,API/Alerts/updateBatchPrices,»,\App\Modules\APIs\Controllers\AlertsAPIController::updateBatchPrices,botBlocker requestLifecycle observability ratelimit throttle sessionRevoked,cspoff sessionTracker requestLifecycle observability jsonException toolbar,API_TOKEN,MISSING_GUARD,API route is non-public but no API token/auth/role guard was recognized.,add_or_confirm_api_token_guard,no,no
GET,API/Alerts/updateChartOverride,»,\App\Modules\APIs\Controllers\AlertsAPIController::updateChartOverride,botBlocker requestLifecycle observability ratelimit throttle sessionRevoked,cspoff sessionTracker requestLifecycle observability jsonException toolbar,API_TOKEN,MISSING_GUARD,API route is non-public but no API token/auth/role guard was recognized.,add_or_confirm_api_token_guard,no,no
GET,API/Alerts/updateExchange,»,\App\Modules\APIs\Controllers\AlertsAPIController::updateExchange,botBlocker requestLifecycle observability ratelimit throttle sessionRevoked,cspoff sessionTracker requestLifecycle observability jsonException toolbar,API_TOKEN,MISSING_GUARD,API route is non-public but no API token/auth/role guard was recognized.,add_or_confirm_api_token_guard,no,no
GET,API/Alerts/updateStatus/([0-9]+)/(.*),»,\App\Modules\APIs\Controllers\AlertsAPIController::updateStatus/$1/$2,botBlocker requestLifecycle observability ratelimit throttle sessionRevoked,cspoff sessionTracker requestLifecycle observability jsonException toolbar,API_TOKEN,MISSING_GUARD,API route is non-public but no API token/auth/role guard was recognized.,add_or_confirm_api_token_guard,no,no
GET,API/Alerts/updateTradeAlerts,»,\App\Modules\APIs\Controllers\AlertsAPIController::updateTradeAlerts,botBlocker requestLifecycle observability ratelimit throttle sessionRevoked,cspoff sessionTracker requestLifecycle observability jsonException toolbar,API_TOKEN,MISSING_GUARD,API route is non-public but no API token/auth/role guard was recognized.,add_or_confirm_api_token_guard,no,no
GET,API/Alerts/submitTradeAlert,»,\App\Modules\APIs\Controllers\AlertsAPIController::submitTradeAlert,botBlocker requestLifecycle observability ratelimit throttle sessionRevoked,cspoff sessionTracker requestLifecycle observability jsonException toolbar,API_TOKEN,MISSING_GUARD,API route is non-public but no API token/auth/role guard was recognized.,add_or_confirm_api_token_guard,no,no
GET,API/Alerts/getTradeAlertDetails,»,\App\Modules\APIs\Controllers\AlertsAPIController::getTradeAlertDetails,botBlocker requestLifecycle observability ratelimit throttle sessionRevoked,cspoff sessionTracker requestLifecycle observability jsonException toolbar,API_TOKEN,MISSING_GUARD,API route is non-public but no API token/auth/role guard was recognized.,add_or_confirm_api_token_guard,no,no
GET,API/Alerts/generateVoiceoverScript,»,\App\Modules\APIs\Controllers\AlertsAPIController::generateVoiceoverScript,botBlocker requestLifecycle observability ratelimit throttle sessionRevoked,cspoff sessionTracker requestLifecycle observability jsonException toolbar,API_TOKEN,MISSING_GUARD,API route is non-public but no API token/auth/role guard was recognized.,add_or_confirm_api_token_guard,no,no
GET,API/Alerts/generateVoiceoverAndMarketingContent,»,\App\Modules\APIs\Controllers\AlertsAPIController::generateVoiceoverAndMarketingContent,botBlocker requestLifecycle observability ratelimit throttle sessionRevoked,cspoff sessionTracker requestLifecycle observability jsonException toolbar,API_TOKEN,MISSING_GUARD,API route is non-public but no API token/auth/role guard was recognized.,add_or_confirm_api_token_guard,no,no
GET,API/Alerts/generateAndStoreVoiceover,»,\App\Modules\APIs\Controllers\AlertsAPIController::generateAndStoreVoiceover,botBlocker requestLifecycle observability ratelimit throttle sessionRevoked,cspoff sessionTracker requestLifecycle observability jsonException toolbar,API_TOKEN,MISSING_GUARD,API route is non-public but no API token/auth/role guard was recognized.,add_or_confirm_api_token_guard,no,no
GET,API/Alerts/generateSocialMediaPosts,»,\App\Modules\APIs\Controllers\AlertsAPIController::generateSocialMediaPosts,botBlocker requestLifecycle observability ratelimit throttle sessionRevoked,cspoff sessionTracker requestLifecycle observability jsonException toolbar,API_TOKEN,MISSING_GUARD,API route is non-public but no API token/auth/role guard was recognized.,add_or_confirm_api_token_guard,no,no
GET,API/Alerts/postMarketingContentToSocials,»,\App\Modules\APIs\Controllers\AlertsAPIController::postMarketingContentToSocials,botBlocker requestLifecycle observability ratelimit throttle sessionRevoked,cspoff sessionTracker requestLifecycle observability jsonException toolbar,API_TOKEN,MISSING_GUARD,API route is non-public but no API token/auth/role guard was recognized.,add_or_confirm_api_token_guard,no,no
GET,API/Alerts/gen-keys,»,\App\Modules\APIs\Controllers\AlertsAPIController::genKeys,botBlocker requestLifecycle observability ratelimit throttle sessionRevoked,cspoff sessionTracker requestLifecycle observability jsonException toolbar,API_TOKEN,MISSING_GUARD,API route is non-public but no API token/auth/role guard was recognized.,add_or_confirm_api_token_guard,no,no
GET,API/Alerts/sign,»,\App\Modules\APIs\Controllers\AlertsAPIController::sign,botBlocker requestLifecycle observability ratelimit throttle sessionRevoked,cspoff sessionTracker requestLifecycle observability jsonException toolbar,API_TOKEN,MISSING_GUARD,API route is non-public but no API token/auth/role guard was recognized.,add_or_confirm_api_token_guard,no,no
GET,API/Broker/summary,»,\App\Modules\APIs\Controllers\BrokerAPIController::summary,botBlocker requestLifecycle observability ratelimit throttle sessionRevoked,cspoff sessionTracker requestLifecycle observability jsonException toolbar,API_TOKEN,MISSING_GUARD,API route is non-public but no API token/auth/role guard was recognized.,add_or_confirm_api_token_guard,no,no
GET,API/Broker/credit,»,\App\Modules\APIs\Controllers\BrokerAPIController::credit,botBlocker requestLifecycle observability ratelimit throttle sessionRevoked,cspoff sessionTracker requestLifecycle observability jsonException toolbar,API_TOKEN,MISSING_GUARD,API route is non-public but no API token/auth/role guard was recognized.,add_or_confirm_api_token_guard,no,no
GET,API/Broker/available,»,\App\Modules\APIs\Controllers\BrokerAPIController::available,botBlocker requestLifecycle observability ratelimit throttle sessionRevoked,cspoff sessionTracker requestLifecycle observability jsonException toolbar,API_TOKEN,MISSING_GUARD,API route is non-public but no API token/auth/role guard was recognized.,add_or_confirm_api_token_guard,no,no
GET,API/Broker/repayment,»,\App\Modules\APIs\Controllers\BrokerAPIController::repayment,botBlocker requestLifecycle observability ratelimit throttle sessionRevoked,cspoff sessionTracker requestLifecycle observability jsonException toolbar,API_TOKEN,MISSING_GUARD,API route is non-public but no API token/auth/role guard was recognized.,add_or_confirm_api_token_guard,no,no
GET,API/Broker/categories,»,\App\Modules\APIs\Controllers\BrokerAPIController::categories,botBlocker requestLifecycle observability ratelimit throttle sessionRevoked,cspoff sessionTracker requestLifecycle observability jsonException toolbar,API_TOKEN,MISSING_GUARD,API route is non-public but no API token/auth/role guard was recognized.,add_or_confirm_api_token_guard,no,no
GET,API/Broker/transactions,»,\App\Modules\APIs\Controllers\BrokerAPIController::transactions,botBlocker requestLifecycle observability ratelimit throttle sessionRevoked,cspoff sessionTracker requestLifecycle observability jsonException toolbar,API_TOKEN,MISSING_GUARD,API route is non-public but no API token/auth/role guard was recognized.,add_or_confirm_api_token_guard,no,no
GET,API/Broker/goals,»,\App\Modules\APIs\Controllers\BrokerAPIController::goals,botBlocker requestLifecycle observability ratelimit throttle sessionRevoked,cspoff sessionTracker requestLifecycle observability jsonException toolbar,API_TOKEN,MISSING_GUARD,API route is non-public but no API token/auth/role guard was recognized.,add_or_confirm_api_token_guard,no,no
GET,API/Broker/insights,»,\App\Modules\APIs\Controllers\BrokerAPIController::insights,botBlocker requestLifecycle observability ratelimit throttle sessionRevoked,cspoff sessionTracker requestLifecycle observability jsonException toolbar,API_TOKEN,MISSING_GUARD,API route is non-public but no API token/auth/role guard was recognized.,add_or_confirm_api_token_guard,no,no
GET,API/Broker/trends,»,\App\Modules\APIs\Controllers\BudgetController::trends,botBlocker requestLifecycle observability ratelimit throttle sessionRevoked,cspoff sessionTracker requestLifecycle observability jsonException toolbar,API_TOKEN,MISSING_GUARD,API route is non-public but no API token/auth/role guard was recognized.,add_or_confirm_api_token_guard,no,no
GET,API/Broker/net-worth,»,\App\Modules\APIs\Controllers\BudgetController::netWorth,botBlocker requestLifecycle observability ratelimit throttle sessionRevoked,cspoff sessionTracker requestLifecycle observability jsonException toolbar,API_TOKEN,MISSING_GUARD,API route is non-public but no API token/auth/role guard was recognized.,add_or_confirm_api_token_guard,no,no
GET,API/Broker/cash-flow,»,\App\Modules\APIs\Controllers\BudgetController::cashFlow,botBlocker requestLifecycle observability ratelimit throttle sessionRevoked,cspoff sessionTracker requestLifecycle observability jsonException toolbar,API_TOKEN,MISSING_GUARD,API route is non-public but no API token/auth/role guard was recognized.,add_or_confirm_api_token_guard,no,no
GET,API/Broker/budgets,»,\App\Modules\APIs\Controllers\BudgetController::budgets,botBlocker requestLifecycle observability ratelimit throttle sessionRevoked,cspoff sessionTracker requestLifecycle observability jsonException toolbar,API_TOKEN,MISSING_GUARD,API route is non-public but no API token/auth/role guard was recognized.,add_or_confirm_api_token_guard,no,no
GET,API/Broker/savings-goals,»,\App\Modules\APIs\Controllers\BrokerAPIController::savingsGoals,botBlocker requestLifecycle observability ratelimit throttle sessionRevoked,cspoff sessionTracker requestLifecycle observability jsonException toolbar,API_TOKEN,MISSING_GUARD,API route is non-public but no API token/auth/role guard was recognized.,add_or_confirm_api_token_guard,no,no
GET,API/Broker/investment-accounts,»,\App\Modules\APIs\Controllers\BrokerAPIController::investmentAccounts,botBlocker requestLifecycle observability ratelimit throttle sessionRevoked,cspoff sessionTracker requestLifecycle observability jsonException toolbar,API_TOKEN,MISSING_GUARD,API route is non-public but no API token/auth/role guard was recognized.,add_or_confirm_api_token_guard,no,no
GET,API/Broker/linked-accounts,»,\App\Modules\APIs\Controllers\BrokerAPIController::linkedAccounts,botBlocker requestLifecycle observability ratelimit throttle sessionRevoked,cspoff sessionTracker requestLifecycle observability jsonException toolbar,API_TOKEN,MISSING_GUARD,API route is non-public but no API token/auth/role guard was recognized.,add_or_confirm_api_token_guard,no,no
GET,API/Broker/add-linked-account,»,\App\Modules\APIs\Controllers\BrokerAPIController::addLinkedAccount,botBlocker requestLifecycle observability ratelimit throttle sessionRevoked,cspoff sessionTracker requestLifecycle observability jsonException toolbar,API_TOKEN,MISSING_GUARD,API route is non-public but no API token/auth/role guard was recognized.,add_or_confirm_api_token_guard,no,no
GET,API/Broker/remove-linked-account/([^/]+),»,\App\Modules\APIs\Controllers\BrokerAPIController::removeLinkedAccount/$1,botBlocker requestLifecycle observability ratelimit throttle sessionRevoked,cspoff sessionTracker requestLifecycle observability jsonException toolbar,API_TOKEN,MISSING_GUARD,API route is non-public but no API token/auth/role guard was recognized.,add_or_confirm_api_token_guard,no,no
GET,API/Broker/refresh-linked-account/([^/]+),»,\App\Modules\APIs\Controllers\BrokerAPIController::refreshLinkedAccount/$1,botBlocker requestLifecycle observability ratelimit throttle sessionRevoked,cspoff sessionTracker requestLifecycle observability jsonException toolbar,API_TOKEN,MISSING_GUARD,API route is non-public but no API token/auth/role guard was recognized.,add_or_confirm_api_token_guard,no,no
GET,API/Broker/fetchPlaidLinkToken/([^/]+),»,\App\Modules\APIs\Controllers\BrokerAPIController::fetchPlaidLinkToken/$1,botBlocker requestLifecycle observability ratelimit throttle sessionRevoked,cspoff sessionTracker requestLifecycle observability jsonException toolbar,API_TOKEN,MISSING_GUARD,API route is non-public but no API token/auth/role guard was recognized.,add_or_confirm_api_token_guard,no,no
GET,API/Broker/fetchPlaidLinkToken,»,\App\Modules\APIs\Controllers\BrokerAPIController::fetchPlaidLinkToken,botBlocker requestLifecycle observability ratelimit throttle sessionRevoked,cspoff sessionTracker requestLifecycle observability jsonException toolbar,API_TOKEN,MISSING_GUARD,API route is non-public but no API token/auth/role guard was recognized.,add_or_confirm_api_token_guard,no,no
GET,API/Broker/unlinkPlaidAccount/([^/]+),»,\App\Modules\APIs\Controllers\BrokerAPIController::unlinkPlaidAccount/$1,botBlocker requestLifecycle observability ratelimit throttle sessionRevoked,cspoff sessionTracker requestLifecycle observability jsonException toolbar,API_TOKEN,MISSING_GUARD,API route is non-public but no API token/auth/role guard was recognized.,add_or_confirm_api_token_guard,no,no
GET,API/Broker/refreshPlaidAccount/([^/]+),»,\App\Modules\APIs\Controllers\BrokerAPIController::refreshPlaidAccount/$1,botBlocker requestLifecycle observability ratelimit throttle sessionRevoked,cspoff sessionTracker requestLifecycle observability jsonException toolbar,API_TOKEN,MISSING_GUARD,API route is non-public but no API token/auth/role guard was recognized.,add_or_confirm_api_token_guard,no,no
GET,API/Broker/fetchPlaidAccounts/([^/]+),»,\App\Modules\APIs\Controllers\BrokerAPIController::fetchPlaidAccounts/$1,botBlocker requestLifecycle observability ratelimit throttle sessionRevoked,cspoff sessionTracker requestLifecycle observability jsonException toolbar,API_TOKEN,MISSING_GUARD,API route is non-public but no API token/auth/role guard was recognized.,add_or_confirm_api_token_guard,no,no
GET,API/Broker/fetchPlaidAccounts,»,\App\Modules\APIs\Controllers\BrokerAPIController::fetchPlaidAccounts,botBlocker requestLifecycle observability ratelimit throttle sessionRevoked,cspoff sessionTracker requestLifecycle observability jsonException toolbar,API_TOKEN,MISSING_GUARD,API route is non-public but no API token/auth/role guard was recognized.,add_or_confirm_api_token_guard,no,no
GET,API/Broker/fetchPlaidTransactions/([^/]+),»,\App\Modules\APIs\Controllers\BrokerAPIController::fetchPlaidTransactions/$1,botBlocker requestLifecycle observability ratelimit throttle sessionRevoked,cspoff sessionTracker requestLifecycle observability jsonException toolbar,API_TOKEN,MISSING_GUARD,API route is non-public but no API token/auth/role guard was recognized.,add_or_confirm_api_token_guard,no,no
GET,API/Broker/fetchPlaidTransactions,»,\App\Modules\APIs\Controllers\BrokerAPIController::fetchPlaidTransactions,botBlocker requestLifecycle observability ratelimit throttle sessionRevoked,cspoff sessionTracker requestLifecycle observability jsonException toolbar,API_TOKEN,MISSING_GUARD,API route is non-public but no API token/auth/role guard was recognized.,add_or_confirm_api_token_guard,no,no
GET,API/Broker/fetchPlaidBalances/([^/]+),»,\App\Modules\APIs\Controllers\BrokerAPIController::fetchPlaidBalances/$1,botBlocker requestLifecycle observability ratelimit throttle sessionRevoked,cspoff sessionTracker requestLifecycle observability jsonException toolbar,API_TOKEN,MISSING_GUARD,API route is non-public but no API token/auth/role guard was recognized.,add_or_confirm_api_token_guard,no,no
GET,API/Broker/fetchPlaidBalances,»,\App\Modules\APIs\Controllers\BrokerAPIController::fetchPlaidBalances,botBlocker requestLifecycle observability ratelimit throttle sessionRevoked,cspoff sessionTracker requestLifecycle observability jsonException toolbar,API_TOKEN,MISSING_GUARD,API route is non-public but no API token/auth/role guard was recognized.,add_or_confirm_api_token_guard,no,no
GET,API/Broker/fetchPlaidIncome/([^/]+),»,\App\Modules\APIs\Controllers\BrokerAPIController::fetchPlaidIncome/$1,botBlocker requestLifecycle observability ratelimit throttle sessionRevoked,cspoff sessionTracker requestLifecycle observability jsonException toolbar,API_TOKEN,MISSING_GUARD,API route is non-public but no API token/auth/role guard was recognized.,add_or_confirm_api_token_guard,no,no
GET,API/Broker/fetchPlaidIncome,»,\App\Modules\APIs\Controllers\BrokerAPIController::fetchPlaidIncome,botBlocker requestLifecycle observability ratelimit throttle sessionRevoked,cspoff sessionTracker requestLifecycle observability jsonException toolbar,API_TOKEN,MISSING_GUARD,API route is non-public but no API token/auth/role guard was recognized.,add_or_confirm_api_token_guard,no,no
GET,API/Broker/fetchPlaidLiabilities/([^/]+),»,\App\Modules\APIs\Controllers\BrokerAPIController::fetchPlaidLiabilities/$1,botBlocker requestLifecycle observability ratelimit throttle sessionRevoked,cspoff sessionTracker requestLifecycle observability jsonException toolbar,API_TOKEN,MISSING_GUARD,API route is non-public but no API token/auth/role guard was recognized.,add_or_confirm_api_token_guard,no,no
GET,API/Broker/fetchPlaidLiabilities,»,\App\Modules\APIs\Controllers\BrokerAPIController::fetchPlaidLiabilities,botBlocker requestLifecycle observability ratelimit throttle sessionRevoked,cspoff sessionTracker requestLifecycle observability jsonException toolbar,API_TOKEN,MISSING_GUARD,API route is non-public but no API token/auth/role guard was recognized.,add_or_confirm_api_token_guard,no,no
GET,API/Broker/fetchPlaidIdentity/([^/]+),»,\App\Modules\APIs\Controllers\BrokerAPIController::fetchPlaidIdentity/$1,botBlocker requestLifecycle observability ratelimit throttle sessionRevoked,cspoff sessionTracker requestLifecycle observability jsonException toolbar,API_TOKEN,MISSING_GUARD,API route is non-public but no API token/auth/role guard was recognized.,add_or_confirm_api_token_guard,no,no
GET,API/Broker/fetchPlaidIdentity,»,\App\Modules\APIs\Controllers\BrokerAPIController::fetchPlaidIdentity,botBlocker requestLifecycle observability ratelimit throttle sessionRevoked,cspoff sessionTracker requestLifecycle observability jsonException toolbar,API_TOKEN,MISSING_GUARD,API route is non-public but no API token/auth/role guard was recognized.,add_or_confirm_api_token_guard,no,no
GET,API/Broker/fetchPlaidInvestments/([^/]+),»,\App\Modules\APIs\Controllers\BrokerAPIController::fetchPlaidInvestments/$1,botBlocker requestLifecycle observability ratelimit throttle sessionRevoked,cspoff sessionTracker requestLifecycle observability jsonException toolbar,API_TOKEN,MISSING_GUARD,API route is non-public but no API token/auth/role guard was recognized.,add_or_confirm_api_token_guard,no,no
GET,API/Broker/fetchPlaidInvestments,»,\App\Modules\APIs\Controllers\BrokerAPIController::fetchPlaidInvestments,botBlocker requestLifecycle observability ratelimit throttle sessionRevoked,cspoff sessionTracker requestLifecycle observability jsonException toolbar,API_TOKEN,MISSING_GUARD,API route is non-public but no API token/auth/role guard was recognized.,add_or_confirm_api_token_guard,no,no
GET,API/Broker/fetchPlaidHoldings/([^/]+),»,\App\Modules\APIs\Controllers\BrokerAPIController::fetchPlaidHoldings/$1,botBlocker requestLifecycle observability ratelimit throttle sessionRevoked,cspoff sessionTracker requestLifecycle observability jsonException toolbar,API_TOKEN,MISSING_GUARD,API route is non-public but no API token/auth/role guard was recognized.,add_or_confirm_api_token_guard,no,no
GET,API/Broker/fetchPlaidHoldings,»,\App\Modules\APIs\Controllers\BrokerAPIController::fetchPlaidHoldings,botBlocker requestLifecycle observability ratelimit throttle sessionRevoked,cspoff sessionTracker requestLifecycle observability jsonException toolbar,API_TOKEN,MISSING_GUARD,API route is non-public but no API token/auth/role guard was recognized.,add_or_confirm_api_token_guard,no,no
GET,API/Broker/fetchRobinhoodAccounts,»,\App\Modules\APIs\Controllers\BrokerAPIController::fetchRobinhoodAccounts,botBlocker requestLifecycle observability ratelimit throttle sessionRevoked,cspoff sessionTracker requestLifecycle observability jsonException toolbar,API_TOKEN,MISSING_GUARD,API route is non-public but no API token/auth/role guard was recognized.,add_or_confirm_api_token_guard,no,no
GET,API/Broker/fetchRobinhoodAccountDetails/([^/]+),»,\App\Modules\APIs\Controllers\BrokerAPIController::fetchRobinhoodAccountDetails/$1,botBlocker requestLifecycle observability ratelimit throttle sessionRevoked,cspoff sessionTracker requestLifecycle observability jsonException toolbar,API_TOKEN,MISSING_GUARD,API route is non-public but no API token/auth/role guard was recognized.,add_or_confirm_api_token_guard,no,no
GET,API/Broker/fetchRobinhoodPositions/([^/]+),»,\App\Modules\APIs\Controllers\BrokerAPIController::fetchRobinhoodPositions/$1,botBlocker requestLifecycle observability ratelimit throttle sessionRevoked,cspoff sessionTracker requestLifecycle observability jsonException toolbar,API_TOKEN,MISSING_GUARD,API route is non-public but no API token/auth/role guard was recognized.,add_or_confirm_api_token_guard,no,no
GET,API/Broker/fetchRobinhoodPositions,»,\App\Modules\APIs\Controllers\BrokerAPIController::fetchRobinhoodPositions,botBlocker requestLifecycle observability ratelimit throttle sessionRevoked,cspoff sessionTracker requestLifecycle observability jsonException toolbar,API_TOKEN,MISSING_GUARD,API route is non-public but no API token/auth/role guard was recognized.,add_or_confirm_api_token_guard,no,no
GET,API/Broker/fetchRobinhoodPortfolio/([^/]+),»,\App\Modules\APIs\Controllers\BrokerAPIController::fetchRobinhoodPortfolio/$1,botBlocker requestLifecycle observability ratelimit throttle sessionRevoked,cspoff sessionTracker requestLifecycle observability jsonException toolbar,API_TOKEN,MISSING_GUARD,API route is non-public but no API token/auth/role guard was recognized.,add_or_confirm_api_token_guard,no,no
GET,API/Broker/fetchRobinhoodPortfolio,»,\App\Modules\APIs\Controllers\BrokerAPIController::fetchRobinhoodPortfolio,botBlocker requestLifecycle observability ratelimit throttle sessionRevoked,cspoff sessionTracker requestLifecycle observability jsonException toolbar,API_TOKEN,MISSING_GUARD,API route is non-public but no API token/auth/role guard was recognized.,add_or_confirm_api_token_guard,no,no
GET,API/Broker/fetchRobinhoodWatchlists/([^/]+),»,\App\Modules\APIs\Controllers\BrokerAPIController::fetchRobinhoodWatchlists/$1,botBlocker requestLifecycle observability ratelimit throttle sessionRevoked,cspoff sessionTracker requestLifecycle observability jsonException toolbar,API_TOKEN,MISSING_GUARD,API route is non-public but no API token/auth/role guard was recognized.,add_or_confirm_api_token_guard,no,no
GET,API/Broker/fetchRobinhoodWatchlists,»,\App\Modules\APIs\Controllers\BrokerAPIController::fetchRobinhoodWatchlists,botBlocker requestLifecycle observability ratelimit throttle sessionRevoked,cspoff sessionTracker requestLifecycle observability jsonException toolbar,API_TOKEN,MISSING_GUARD,API route is non-public but no API token/auth/role guard was recognized.,add_or_confirm_api_token_guard,no,no
GET,API/Broker/fetchRobinhoodOrders/([^/]+),»,\App\Modules\APIs\Controllers\BrokerAPIController::fetchRobinhoodOrders/$1,botBlocker requestLifecycle observability ratelimit throttle sessionRevoked,cspoff sessionTracker requestLifecycle observability jsonException toolbar,API_TOKEN,MISSING_GUARD,API route is non-public but no API token/auth/role guard was recognized.,add_or_confirm_api_token_guard,no,no
GET,API/Broker/fetchRobinhoodOrders,»,\App\Modules\APIs\Controllers\BrokerAPIController::fetchRobinhoodOrders,botBlocker requestLifecycle observability ratelimit throttle sessionRevoked,cspoff sessionTracker requestLifecycle observability jsonException toolbar,API_TOKEN,MISSING_GUARD,API route is non-public but no API token/auth/role guard was recognized.,add_or_confirm_api_token_guard,no,no
GET,API/Broker/fetchRobinhoodOrderDetails/([^/]+),»,\App\Modules\APIs\Controllers\BrokerAPIController::fetchRobinhoodOrderDetails/$1,botBlocker requestLifecycle observability ratelimit throttle sessionRevoked,cspoff sessionTracker requestLifecycle observability jsonException toolbar,API_TOKEN,MISSING_GUARD,API route is non-public but no API token/auth/role guard was recognized.,add_or_confirm_api_token_guard,no,no
GET,API/Broker/fetchRobinhoodOrderDetails,»,\App\Modules\APIs\Controllers\BrokerAPIController::fetchRobinhoodOrderDetails,botBlocker requestLifecycle observability ratelimit throttle sessionRevoked,cspoff sessionTracker requestLifecycle observability jsonException toolbar,API_TOKEN,MISSING_GUARD,API route is non-public but no API token/auth/role guard was recognized.,add_or_confirm_api_token_guard,no,no
GET,API/Broker/fetchRobinhoodInstruments/([^/]+),»,\App\Modules\APIs\Controllers\BrokerAPIController::fetchRobinhoodInstruments/$1,botBlocker requestLifecycle observability ratelimit throttle sessionRevoked,cspoff sessionTracker requestLifecycle observability jsonException toolbar,API_TOKEN,MISSING_GUARD,API route is non-public but no API token/auth/role guard was recognized.,add_or_confirm_api_token_guard,no,no
GET,API/Broker/fetchRobinhoodInstruments,»,\App\Modules\APIs\Controllers\BrokerAPIController::fetchRobinhoodInstruments,botBlocker requestLifecycle observability ratelimit throttle sessionRevoked,cspoff sessionTracker requestLifecycle observability jsonException toolbar,API_TOKEN,MISSING_GUARD,API route is non-public but no API token/auth/role guard was recognized.,add_or_confirm_api_token_guard,no,no
GET,API/Broker/fetchRobinhoodQuotes/([^/]+),»,\App\Modules\APIs\Controllers\BrokerAPIController::fetchRobinhoodQuotes/$1,botBlocker requestLifecycle observability ratelimit throttle sessionRevoked,cspoff sessionTracker requestLifecycle observability jsonException toolbar,API_TOKEN,MISSING_GUARD,API route is non-public but no API token/auth/role guard was recognized.,add_or_confirm_api_token_guard,no,no
GET,API/Broker/fetchRobinhoodQuotes,»,\App\Modules\APIs\Controllers\BrokerAPIController::fetchRobinhoodQuotes,botBlocker requestLifecycle observability ratelimit throttle sessionRevoked,cspoff sessionTracker requestLifecycle observability jsonException toolbar,API_TOKEN,MISSING_GUARD,API route is non-public but no API token/auth/role guard was recognized.,add_or_confirm_api_token_guard,no,no
GET,API/Broker/fetchRobinhoodDividends/([^/]+),»,\App\Modules\APIs\Controllers\BrokerAPIController::fetchRobinhoodDividends/$1,botBlocker requestLifecycle observability ratelimit throttle sessionRevoked,cspoff sessionTracker requestLifecycle observability jsonException toolbar,API_TOKEN,MISSING_GUARD,API route is non-public but no API token/auth/role guard was recognized.,add_or_confirm_api_token_guard,no,no
GET,API/Broker/fetchRobinhoodDividends,»,\App\Modules\APIs\Controllers\BrokerAPIController::fetchRobinhoodDividends,botBlocker requestLifecycle observability ratelimit throttle sessionRevoked,cspoff sessionTracker requestLifecycle observability jsonException toolbar,API_TOKEN,MISSING_GUARD,API route is non-public but no API token/auth/role guard was recognized.,add_or_confirm_api_token_guard,no,no
GET,API/Broker/fetchRobinhoodTransfers/([^/]+),»,\App\Modules\APIs\Controllers\BrokerAPIController::fetchRobinhoodTransfers/$1,botBlocker requestLifecycle observability ratelimit throttle sessionRevoked,cspoff sessionTracker requestLifecycle observability jsonException toolbar,API_TOKEN,MISSING_GUARD,API route is non-public but no API token/auth/role guard was recognized.,add_or_confirm_api_token_guard,no,no
GET,API/Broker/fetchRobinhoodTransfers,»,\App\Modules\APIs\Controllers\BrokerAPIController::fetchRobinhoodTransfers,botBlocker requestLifecycle observability ratelimit throttle sessionRevoked,cspoff sessionTracker requestLifecycle observability jsonException toolbar,API_TOKEN,MISSING_GUARD,API route is non-public but no API token/auth/role guard was recognized.,add_or_confirm_api_token_guard,no,no
GET,API/Broker/fetchRobinhoodWatchlistItems/([^/]+),»,\App\Modules\APIs\Controllers\BrokerAPIController::fetchRobinhoodWatchlistItems/$1,botBlocker requestLifecycle observability ratelimit throttle sessionRevoked,cspoff sessionTracker requestLifecycle observability jsonException toolbar,API_TOKEN,MISSING_GUARD,API route is non-public but no API token/auth/role guard was recognized.,add_or_confirm_api_token_guard,no,no
GET,API/Broker/fetchRobinhoodWatchlistItems,»,\App\Modules\APIs\Controllers\BrokerAPIController::fetchRobinhoodWatchlistItems,botBlocker requestLifecycle observability ratelimit throttle sessionRevoked,cspoff sessionTracker requestLifecycle observability jsonException toolbar,API_TOKEN,MISSING_GUARD,API route is non-public but no API token/auth/role guard was recognized.,add_or_confirm_api_token_guard,no,no
GET,API/Broker/fetchRobinhoodTransactionHistory/([^/]+),»,\App\Modules\APIs\Controllers\BrokerAPIController::fetchRobinhoodTransactionHistory/$1,botBlocker requestLifecycle observability ratelimit throttle sessionRevoked,cspoff sessionTracker requestLifecycle observability jsonException toolbar,API_TOKEN,MISSING_GUARD,API route is non-public but no API token/auth/role guard was recognized.,add_or_confirm_api_token_guard,no,no
GET,API/Broker/fetchRobinhoodTransactionHistory,»,\App\Modules\APIs\Controllers\BrokerAPIController::fetchRobinhoodTransactionHistory,botBlocker requestLifecycle observability ratelimit throttle sessionRevoked,cspoff sessionTracker requestLifecycle observability jsonException toolbar,API_TOKEN,MISSING_GUARD,API route is non-public but no API token/auth/role guard was recognized.,add_or_confirm_api_token_guard,no,no
GET,API/Broker/fetchRobinhoodNotifications/([^/]+),»,\App\Modules\APIs\Controllers\BrokerAPIController::fetchRobinhoodNotifications/$1,botBlocker requestLifecycle observability ratelimit throttle sessionRevoked,cspoff sessionTracker requestLifecycle observability jsonException toolbar,API_TOKEN,MISSING_GUARD,API route is non-public but no API token/auth/role guard was recognized.,add_or_confirm_api_token_guard,no,no
GET,API/Broker/fetchRobinhoodNotifications,»,\App\Modules\APIs\Controllers\BrokerAPIController::fetchRobinhoodNotifications,botBlocker requestLifecycle observability ratelimit throttle sessionRevoked,cspoff sessionTracker requestLifecycle observability jsonException toolbar,API_TOKEN,MISSING_GUARD,API route is non-public but no API token/auth/role guard was recognized.,add_or_confirm_api_token_guard,no,no
GET,API/Broker/fetchRobinhoodACHRelationships/([^/]+),»,\App\Modules\APIs\Controllers\BrokerAPIController::fetchRobinhoodACHRelationships/$1,botBlocker requestLifecycle observability ratelimit throttle sessionRevoked,cspoff sessionTracker requestLifecycle observability jsonException toolbar,API_TOKEN,MISSING_GUARD,API route is non-public but no API token/auth/role guard was recognized.,add_or_confirm_api_token_guard,no,no
GET,API/Broker/fetchRobinhoodACHRelationships,»,\App\Modules\APIs\Controllers\BrokerAPIController::fetchRobinhoodACHRelationships,botBlocker requestLifecycle observability ratelimit throttle sessionRevoked,cspoff sessionTracker requestLifecycle observability jsonException toolbar,API_TOKEN,MISSING_GUARD,API route is non-public but no API token/auth/role guard was recognized.,add_or_confirm_api_token_guard,no,no
GET,API/Broker/fetchRobinhoodCryptoAccounts/([^/]+),»,\App\Modules\APIs\Controllers\BrokerAPIController::fetchRobinhoodCryptoAccounts/$1,botBlocker requestLifecycle observability ratelimit throttle sessionRevoked,cspoff sessionTracker requestLifecycle observability jsonException toolbar,API_TOKEN,MISSING_GUARD,API route is non-public but no API token/auth/role guard was recognized.,add_or_confirm_api_token_guard,no,no
GET,API/Broker/fetchRobinhoodCryptoAccounts,»,\App\Modules\APIs\Controllers\BrokerAPIController::fetchRobinhoodCryptoAccounts,botBlocker requestLifecycle observability ratelimit throttle sessionRevoked,cspoff sessionTracker requestLifecycle observability jsonException toolbar,API_TOKEN,MISSING_GUARD,API route is non-public but no API token/auth/role guard was recognized.,add_or_confirm_api_token_guard,no,no
GET,API/Broker/fetchRobinhoodCryptoPositions/([^/]+),»,\App\Modules\APIs\Controllers\BrokerAPIController::fetchRobinhoodCryptoPositions/$1,botBlocker requestLifecycle observability ratelimit throttle sessionRevoked,cspoff sessionTracker requestLifecycle observability jsonException toolbar,API_TOKEN,MISSING_GUARD,API route is non-public but no API token/auth/role guard was recognized.,add_or_confirm_api_token_guard,no,no
GET,API/Broker/fetchRobinhoodCryptoPositions,»,\App\Modules\APIs\Controllers\BrokerAPIController::fetchRobinhoodCryptoPositions,botBlocker requestLifecycle observability ratelimit throttle sessionRevoked,cspoff sessionTracker requestLifecycle observability jsonException toolbar,API_TOKEN,MISSING_GUARD,API route is non-public but no API token/auth/role guard was recognized.,add_or_confirm_api_token_guard,no,no
GET,API/Broker/fetchRobinhoodCryptoPortfolio/([^/]+),»,\App\Modules\APIs\Controllers\BrokerAPIController::fetchRobinhoodCryptoPortfolio/$1,botBlocker requestLifecycle observability ratelimit throttle sessionRevoked,cspoff sessionTracker requestLifecycle observability jsonException toolbar,API_TOKEN,MISSING_GUARD,API route is non-public but no API token/auth/role guard was recognized.,add_or_confirm_api_token_guard,no,no
GET,API/Broker/fetchRobinhoodCryptoPortfolio,»,\App\Modules\APIs\Controllers\BrokerAPIController::fetchRobinhoodCryptoPortfolio,botBlocker requestLifecycle observability ratelimit throttle sessionRevoked,cspoff sessionTracker requestLifecycle observability jsonException toolbar,API_TOKEN,MISSING_GUARD,API route is non-public but no API token/auth/role guard was recognized.,add_or_confirm_api_token_guard,no,no
GET,API/Broker/fetchRobinhoodCryptoOrders/([^/]+),»,\App\Modules\APIs\Controllers\BrokerAPIController::fetchRobinhoodCryptoOrders/$1,botBlocker requestLifecycle observability ratelimit throttle sessionRevoked,cspoff sessionTracker requestLifecycle observability jsonException toolbar,API_TOKEN,MISSING_GUARD,API route is non-public but no API token/auth/role guard was recognized.,add_or_confirm_api_token_guard,no,no
GET,API/Broker/fetchRobinhoodCryptoOrders,»,\App\Modules\APIs\Controllers\BrokerAPIController::fetchRobinhoodCryptoOrders,botBlocker requestLifecycle observability ratelimit throttle sessionRevoked,cspoff sessionTracker requestLifecycle observability jsonException toolbar,API_TOKEN,MISSING_GUARD,API route is non-public but no API token/auth/role guard was recognized.,add_or_confirm_api_token_guard,no,no
GET,API/Broker/fetchRobinhoodCryptoOrderDetails/([^/]+),»,\App\Modules\APIs\Controllers\BrokerAPIController::fetchRobinhoodCryptoOrderDetails/$1,botBlocker requestLifecycle observability ratelimit throttle sessionRevoked,cspoff sessionTracker requestLifecycle observability jsonException toolbar,API_TOKEN,MISSING_GUARD,API route is non-public but no API token/auth/role guard was recognized.,add_or_confirm_api_token_guard,no,no
GET,API/Broker/fetchRobinhoodCryptoOrderDetails,»,\App\Modules\APIs\Controllers\BrokerAPIController::fetchRobinhoodCryptoOrderDetails,botBlocker requestLifecycle observability ratelimit throttle sessionRevoked,cspoff sessionTracker requestLifecycle observability jsonException toolbar,API_TOKEN,MISSING_GUARD,API route is non-public but no API token/auth/role guard was recognized.,add_or_confirm_api_token_guard,no,no
GET,API/Broker/fetchRobinhoodCryptoTransactions/([^/]+),»,\App\Modules\APIs\Controllers\BrokerAPIController::fetchRobinhoodCryptoTransactions/$1,botBlocker requestLifecycle observability ratelimit throttle sessionRevoked,cspoff sessionTracker requestLifecycle observability jsonException toolbar,API_TOKEN,MISSING_GUARD,API route is non-public but no API token/auth/role guard was recognized.,add_or_confirm_api_token_guard,no,no
GET,API/Broker/fetchRobinhoodCryptoTransactions,»,\App\Modules\APIs\Controllers\BrokerAPIController::fetchRobinhoodCryptoTransactions,botBlocker requestLifecycle observability ratelimit throttle sessionRevoked,cspoff sessionTracker requestLifecycle observability jsonException toolbar,API_TOKEN,MISSING_GUARD,API route is non-public but no API token/auth/role guard was recognized.,add_or_confirm_api_token_guard,no,no
GET,API/Broker/fetchRobinhoodCryptoQuotes/([^/]+),»,\App\Modules\APIs\Controllers\BrokerAPIController::fetchRobinhoodCryptoQuotes/$1,botBlocker requestLifecycle observability ratelimit throttle sessionRevoked,cspoff sessionTracker requestLifecycle observability jsonException toolbar,API_TOKEN,MISSING_GUARD,API route is non-public but no API token/auth/role guard was recognized.,add_or_confirm_api_token_guard,no,no
GET,API/Broker/fetchRobinhoodCryptoQuotes,»,\App\Modules\APIs\Controllers\BrokerAPIController::fetchRobinhoodCryptoQuotes,botBlocker requestLifecycle observability ratelimit throttle sessionRevoked,cspoff sessionTracker requestLifecycle observability jsonException toolbar,API_TOKEN,MISSING_GUARD,API route is non-public but no API token/auth/role guard was recognized.,add_or_confirm_api_token_guard,no,no
GET,API/Budget/summary,»,\App\Modules\APIs\Controllers\BudgetAPIController::summary,botBlocker requestLifecycle observability ratelimit throttle sessionRevoked,cspoff sessionTracker requestLifecycle observability jsonException toolbar,API_TOKEN,MISSING_GUARD,API route is non-public but no API token/auth/role guard was recognized.,add_or_confirm_api_token_guard,no,no
GET,API/Budget/credit,»,\App\Modules\APIs\Controllers\BudgetAPIController::credit,botBlocker requestLifecycle observability ratelimit throttle sessionRevoked,cspoff sessionTracker requestLifecycle observability jsonException toolbar,API_TOKEN,MISSING_GUARD,API route is non-public but no API token/auth/role guard was recognized.,add_or_confirm_api_token_guard,no,no
GET,API/Budget/available,»,\App\Modules\APIs\Controllers\BudgetAPIController::available,botBlocker requestLifecycle observability ratelimit throttle sessionRevoked,cspoff sessionTracker requestLifecycle observability jsonException toolbar,API_TOKEN,MISSING_GUARD,API route is non-public but no API token/auth/role guard was recognized.,add_or_confirm_api_token_guard,no,no
GET,API/Budget/repayment,»,\App\Modules\APIs\Controllers\BudgetAPIController::repayment,botBlocker requestLifecycle observability ratelimit throttle sessionRevoked,cspoff sessionTracker requestLifecycle observability jsonException toolbar,API_TOKEN,MISSING_GUARD,API route is non-public but no API token/auth/role guard was recognized.,add_or_confirm_api_token_guard,no,no
GET,API/Budget/categories,»,\App\Modules\APIs\Controllers\BudgetAPIController::categories,botBlocker requestLifecycle observability ratelimit throttle sessionRevoked,cspoff sessionTracker requestLifecycle observability jsonException toolbar,API_TOKEN,MISSING_GUARD,API route is non-public but no API token/auth/role guard was recognized.,add_or_confirm_api_token_guard,no,no
GET,API/Budget/transactions,»,\App\Modules\APIs\Controllers\BudgetAPIController::transactions,botBlocker requestLifecycle observability ratelimit throttle sessionRevoked,cspoff sessionTracker requestLifecycle observability jsonException toolbar,API_TOKEN,MISSING_GUARD,API route is non-public but no API token/auth/role guard was recognized.,add_or_confirm_api_token_guard,no,no
GET,API/Budget/goals,»,\App\Modules\APIs\Controllers\BudgetAPIController::goals,botBlocker requestLifecycle observability ratelimit throttle sessionRevoked,cspoff sessionTracker requestLifecycle observability jsonException toolbar,API_TOKEN,MISSING_GUARD,API route is non-public but no API token/auth/role guard was recognized.,add_or_confirm_api_token_guard,no,no
GET,API/Budget/insights,»,\App\Modules\APIs\Controllers\BudgetAPIController::insights,botBlocker requestLifecycle observability ratelimit throttle sessionRevoked,cspoff sessionTracker requestLifecycle observability jsonException toolbar,API_TOKEN,MISSING_GUARD,API route is non-public but no API token/auth/role guard was recognized.,add_or_confirm_api_token_guard,no,no
GET,API/Budget/trends,»,\App\Modules\APIs\Controllers\BudgetAPIController::trends,botBlocker requestLifecycle observability ratelimit throttle sessionRevoked,cspoff sessionTracker requestLifecycle observability jsonException toolbar,API_TOKEN,MISSING_GUARD,API route is non-public but no API token/auth/role guard was recognized.,add_or_confirm_api_token_guard,no,no
GET,API/Budget/net-worth,»,\App\Modules\APIs\Controllers\BudgetAPIController::netWorth,botBlocker requestLifecycle observability ratelimit throttle sessionRevoked,cspoff sessionTracker requestLifecycle observability jsonException toolbar,API_TOKEN,MISSING_GUARD,API route is non-public but no API token/auth/role guard was recognized.,add_or_confirm_api_token_guard,no,no
GET,API/Budget/cash-flow,»,\App\Modules\APIs\Controllers\BudgetAPIController::cashFlow,botBlocker requestLifecycle observability ratelimit throttle sessionRevoked,cspoff sessionTracker requestLifecycle observability jsonException toolbar,API_TOKEN,MISSING_GUARD,API route is non-public but no API token/auth/role guard was recognized.,add_or_confirm_api_token_guard,no,no
GET,API/Budget/budgets,»,\App\Modules\APIs\Controllers\BudgetAPIController::budgets,botBlocker requestLifecycle observability ratelimit throttle sessionRevoked,cspoff sessionTracker requestLifecycle observability jsonException toolbar,API_TOKEN,MISSING_GUARD,API route is non-public but no API token/auth/role guard was recognized.,add_or_confirm_api_token_guard,no,no
GET,API/Budget/savings-goals,»,\App\Modules\APIs\Controllers\BudgetAPIController::savingsGoals,botBlocker requestLifecycle observability ratelimit throttle sessionRevoked,cspoff sessionTracker requestLifecycle observability jsonException toolbar,API_TOKEN,MISSING_GUARD,API route is non-public but no API token/auth/role guard was recognized.,add_or_confirm_api_token_guard,no,no
GET,API/Budget/investment-accounts,»,\App\Modules\APIs\Controllers\BudgetAPIController::investmentAccounts,botBlocker requestLifecycle observability ratelimit throttle sessionRevoked,cspoff sessionTracker requestLifecycle observability jsonException toolbar,API_TOKEN,MISSING_GUARD,API route is non-public but no API token/auth/role guard was recognized.,add_or_confirm_api_token_guard,no,no
GET,API/Budget/linked-accounts,»,\App\Modules\APIs\Controllers\BudgetAPIController::linkedAccounts,botBlocker requestLifecycle observability ratelimit throttle sessionRevoked,cspoff sessionTracker requestLifecycle observability jsonException toolbar,API_TOKEN,MISSING_GUARD,API route is non-public but no API token/auth/role guard was recognized.,add_or_confirm_api_token_guard,no,no
GET,API/Budget/add-linked-account,»,\App\Modules\APIs\Controllers\BudgetAPIController::addLinkedAccount,botBlocker requestLifecycle observability ratelimit throttle sessionRevoked,cspoff sessionTracker requestLifecycle observability jsonException toolbar,API_TOKEN,MISSING_GUARD,API route is non-public but no API token/auth/role guard was recognized.,add_or_confirm_api_token_guard,no,no
GET,API/Budget/remove-linked-account/([^/]+),»,\App\Modules\APIs\Controllers\BudgetAPIController::removeLinkedAccount/$1,botBlocker requestLifecycle observability ratelimit throttle sessionRevoked,cspoff sessionTracker requestLifecycle observability jsonException toolbar,API_TOKEN,MISSING_GUARD,API route is non-public but no API token/auth/role guard was recognized.,add_or_confirm_api_token_guard,no,no
GET,API/Budget/refresh-linked-account/([^/]+),»,\App\Modules\APIs\Controllers\BudgetAPIController::refreshLinkedAccount/$1,botBlocker requestLifecycle observability ratelimit throttle sessionRevoked,cspoff sessionTracker requestLifecycle observability jsonException toolbar,API_TOKEN,MISSING_GUARD,API route is non-public but no API token/auth/role guard was recognized.,add_or_confirm_api_token_guard,no,no
GET,API/Budget/Data,»,\App\Modules\APIs\Controllers\BudgetAPIController::apiBudgetData,botBlocker requestLifecycle observability ratelimit throttle sessionRevoked,cspoff sessionTracker requestLifecycle observability jsonException toolbar,API_TOKEN,MISSING_GUARD,API route is non-public but no API token/auth/role guard was recognized.,add_or_confirm_api_token_guard,no,no
GET,API/Budget/Credit,»,\App\Modules\APIs\Controllers\BudgetAPIController::apiCreditData,botBlocker requestLifecycle observability ratelimit throttle sessionRevoked,cspoff sessionTracker requestLifecycle observability jsonException toolbar,API_TOKEN,MISSING_GUARD,API route is non-public but no API token/auth/role guard was recognized.,add_or_confirm_api_token_guard,no,no
GET,API/Budget/Available,»,\App\Modules\APIs\Controllers\BudgetAPIController::apiAvailableData,botBlocker requestLifecycle observability ratelimit throttle sessionRevoked,cspoff sessionTracker requestLifecycle observability jsonException toolbar,API_TOKEN,MISSING_GUARD,API route is non-public but no API token/auth/role guard was recognized.,add_or_confirm_api_token_guard,no,no
GET,API/Budget/Repayment,»,\App\Modules\APIs\Controllers\BudgetAPIController::apiRepaymentSummary,botBlocker requestLifecycle observability ratelimit throttle sessionRevoked,cspoff sessionTracker requestLifecycle observability jsonException toolbar,API_TOKEN,MISSING_GUARD,API route is non-public but no API token/auth/role guard was recognized.,add_or_confirm_api_token_guard,no,no
GET,API/Budget/getUserBudgetRecords,»,\App\Modules\APIs\Controllers\BudgetController::getUserBudgetRecords,botBlocker requestLifecycle observability ratelimit throttle sessionRevoked,cspoff sessionTracker requestLifecycle observability jsonException toolbar,API_TOKEN,MISSING_GUARD,API route is non-public but no API token/auth/role guard was recognized.,add_or_confirm_api_token_guard,no,no
GET,API/Budget/getUserCreditBalances,»,\App\Modules\APIs\Controllers\BudgetController::getUserCreditBalances,botBlocker requestLifecycle observability ratelimit throttle sessionRevoked,cspoff sessionTracker requestLifecycle observability jsonException toolbar,API_TOKEN,MISSING_GUARD,API route is non-public but no API token/auth/role guard was recognized.,add_or_confirm_api_token_guard,no,no
GET,API/Budget/getUserAvailableBalances,»,\App\Modules\APIs\Controllers\BudgetController::getUserAvailableBalances,botBlocker requestLifecycle observability ratelimit throttle sessionRevoked,cspoff sessionTracker requestLifecycle observability jsonException toolbar,API_TOKEN,MISSING_GUARD,API route is non-public but no API token/auth/role guard was recognized.,add_or_confirm_api_token_guard,no,no
GET,API/Budget/getUserRepaymentSummary,»,\App\Modules\APIs\Controllers\BudgetController::getUserRepaymentSummary,botBlocker requestLifecycle observability ratelimit throttle sessionRevoked,cspoff sessionTracker requestLifecycle observability jsonException toolbar,API_TOKEN,MISSING_GUARD,API route is non-public but no API token/auth/role guard was recognized.,add_or_confirm_api_token_guard,no,no
GET,API/ContentEngine/topIdeas,»,\App\Modules\APIs\Controllers\ContentEngineAPIController::topIdeas,botBlocker requestLifecycle observability ratelimit throttle sessionRevoked,cspoff sessionTracker requestLifecycle observability jsonException toolbar,API_TOKEN,MISSING_GUARD,API route is non-public but no API token/auth/role guard was recognized.,add_or_confirm_api_token_guard,no,no
GET,API/ContentEngine/posts,»,\App\Modules\APIs\Controllers\ContentEngineAPIController::posts,botBlocker requestLifecycle observability ratelimit throttle sessionRevoked,cspoff sessionTracker requestLifecycle observability jsonException toolbar,API_TOKEN,MISSING_GUARD,API route is non-public but no API token/auth/role guard was recognized.,add_or_confirm_api_token_guard,no,no
GET,API/ContentEngine/posts/([0-9]+),»,\App\Modules\APIs\Controllers\ContentEngineAPIController::posts/$1,botBlocker requestLifecycle observability ratelimit throttle sessionRevoked,cspoff sessionTracker requestLifecycle observability jsonException toolbar,API_TOKEN,MISSING_GUARD,API route is non-public but no API token/auth/role guard was recognized.,add_or_confirm_api_token_guard,no,no
GET,API/DripCampaign/click/([^/]+),»,\App\Modules\APIs\Controllers\DripCampaignAPIController::click/$1,botBlocker requestLifecycle observability ratelimit throttle sessionRevoked,cspoff sessionTracker requestLifecycle observability jsonException toolbar,API_TOKEN,MISSING_GUARD,API route is non-public but no API token/auth/role guard was recognized.,add_or_confirm_api_token_guard,no,no
GET,API/DripCampaign/Enroll/([0-9]+),»,\App\Modules\APIs\Controllers\DripCampaignAPIController::enrollUser/$1,botBlocker requestLifecycle observability ratelimit throttle sessionRevoked,cspoff sessionTracker requestLifecycle observability jsonException toolbar,API_TOKEN,MISSING_GUARD,API route is non-public but no API token/auth/role guard was recognized.,add_or_confirm_api_token_guard,no,no
GET,API/DripCampaign/open/([^/]+),»,\App\Modules\APIs\Controllers\DripCampaignAPIController::open/$1,botBlocker requestLifecycle observability ratelimit throttle sessionRevoked,cspoff sessionTracker requestLifecycle observability jsonException toolbar,API_TOKEN,MISSING_GUARD,API route is non-public but no API token/auth/role guard was recognized.,add_or_confirm_api_token_guard,no,no
GET,API/DripCampaign/processBatch,»,\App\Modules\APIs\Controllers\DripCampaignAPIController::processBatch,botBlocker requestLifecycle observability ratelimit throttle sessionRevoked,cspoff sessionTracker requestLifecycle observability jsonException toolbar,API_TOKEN,MISSING_GUARD,API route is non-public but no API token/auth/role guard was recognized.,add_or_confirm_api_token_guard,no,no
GET,API/DripCampaign/TestCron,»,\App\Modules\APIs\Controllers\DripCampaignAPIController::testDripCron,botBlocker requestLifecycle observability ratelimit throttle sessionRevoked,cspoff sessionTracker requestLifecycle observability jsonException toolbar,INTERNAL,MISSING_GUARD,API route appears operational/internal but no internal token or cron key guard was recognized.,add_or_confirm_internal_token_or_cron_guard,no,no
GET,API/Email/autoScheduleDraftCampaigns,»,\App\Modules\APIs\Controllers\EmailAPIController::autoScheduleDraftCampaigns,botBlocker requestLifecycle observability ratelimit throttle sessionRevoked,cspoff sessionTracker requestLifecycle observability jsonException toolbar,API_TOKEN,MISSING_GUARD,API route is non-public but no API token/auth/role guard was recognized.,add_or_confirm_api_token_guard,no,no
GET,API/Email/cloneCampaign/([0-9]+),»,\App\Modules\APIs\Controllers\EmailAPIController::cloneCampaign/$1,botBlocker requestLifecycle observability ratelimit throttle sessionRevoked,cspoff sessionTracker requestLifecycle observability jsonException toolbar,API_TOKEN,MISSING_GUARD,API route is non-public but no API token/auth/role guard was recognized.,add_or_confirm_api_token_guard,no,no
GET,API/Email/cancelScheduledCampaign/([0-9]+),»,\App\Modules\APIs\Controllers\EmailAPIController::cancelScheduledCampaign/$1,botBlocker requestLifecycle observability ratelimit throttle sessionRevoked,cspoff sessionTracker requestLifecycle observability jsonException toolbar,API_TOKEN,MISSING_GUARD,API route is non-public but no API token/auth/role guard was recognized.,add_or_confirm_api_token_guard,no,no
GET,API/Email/fetchCampaignAnalytics,»,\App\Modules\APIs\Controllers\EmailAPIController::fetchCampaignAnalytics,botBlocker requestLifecycle observability ratelimit throttle sessionRevoked,cspoff sessionTracker requestLifecycle observability jsonException toolbar,API_TOKEN,MISSING_GUARD,API route is non-public but no API token/auth/role guard was recognized.,add_or_confirm_api_token_guard,no,no
GET,API/Email/fetchQueuedEmails,»,\App\Modules\APIs\Controllers\EmailAPIController::fetchQueuedEmails,botBlocker requestLifecycle observability ratelimit throttle sessionRevoked,cspoff sessionTracker requestLifecycle observability jsonException toolbar,API_TOKEN,MISSING_GUARD,API route is non-public but no API token/auth/role guard was recognized.,add_or_confirm_api_token_guard,no,no
GET,API/Email/fetchQueuedEmailById/([0-9]+),»,\App\Modules\APIs\Controllers\EmailAPIController::fetchQueuedEmailById/$1,botBlocker requestLifecycle observability ratelimit throttle sessionRevoked,cspoff sessionTracker requestLifecycle observability jsonException toolbar,API_TOKEN,MISSING_GUARD,API route is non-public but no API token/auth/role guard was recognized.,add_or_confirm_api_token_guard,no,no
GET,API/Email/getAllCampaigns,»,\App\Modules\APIs\Controllers\EmailAPIController::getAllCampaigns,botBlocker requestLifecycle observability ratelimit throttle sessionRevoked,cspoff sessionTracker requestLifecycle observability jsonException toolbar,API_TOKEN,MISSING_GUARD,API route is non-public but no API token/auth/role guard was recognized.,add_or_confirm_api_token_guard,no,no
GET,API/Email/getCampaignMetrics/([0-9]+),»,\App\Modules\APIs\Controllers\EmailAPIController::getCampaignMetrics/$1,botBlocker requestLifecycle observability ratelimit throttle sessionRevoked,cspoff sessionTracker requestLifecycle observability jsonException toolbar,API_TOKEN,MISSING_GUARD,API route is non-public but no API token/auth/role guard was recognized.,add_or_confirm_api_token_guard,no,no
GET,API/Email/getCampaignStats/([0-9]+),»,\App\Modules\APIs\Controllers\EmailAPIController::getCampaignStats/$1,botBlocker requestLifecycle observability ratelimit throttle sessionRevoked,cspoff sessionTracker requestLifecycle observability jsonException toolbar,API_TOKEN,MISSING_GUARD,API route is non-public but no API token/auth/role guard was recognized.,add_or_confirm_api_token_guard,no,no
GET,API/Email/getEmailQueueStats,»,\App\Modules\APIs\Controllers\EmailAPIController::getEmailQueueStats,botBlocker requestLifecycle observability ratelimit throttle sessionRevoked,cspoff sessionTracker requestLifecycle observability jsonException toolbar,API_TOKEN,MISSING_GUARD,API route is non-public but no API token/auth/role guard was recognized.,add_or_confirm_api_token_guard,no,no
GET,API/Email/getEmailQueueTrend,»,\App\Modules\APIs\Controllers\EmailAPIController::getEmailQueueTrend,botBlocker requestLifecycle observability ratelimit throttle sessionRevoked,cspoff sessionTracker requestLifecycle observability jsonException toolbar,API_TOKEN,MISSING_GUARD,API route is non-public but no API token/auth/role guard was recognized.,add_or_confirm_api_token_guard,no,no
GET,API/Email/processScheduledCampaigns,»,\App\Modules\APIs\Controllers\EmailAPIController::processScheduledCampaigns,botBlocker requestLifecycle observability ratelimit throttle sessionRevoked,cspoff sessionTracker requestLifecycle observability jsonException toolbar,API_TOKEN,MISSING_GUARD,API route is non-public but no API token/auth/role guard was recognized.,add_or_confirm_api_token_guard,no,no
GET,API/Email/sendMassTestCampaign,»,\App\Modules\APIs\Controllers\EmailAPIController::sendMassTestCampaign,botBlocker requestLifecycle observability ratelimit throttle sessionRevoked,cspoff sessionTracker requestLifecycle observability jsonException toolbar,API_TOKEN,MISSING_GUARD,API route is non-public but no API token/auth/role guard was recognized.,add_or_confirm_api_token_guard,no,no
GET,API/Email/trackBounceWebhook,»,\App\Modules\APIs\Controllers\EmailAPIController::trackBounceWebhook,botBlocker requestLifecycle observability ratelimit throttle sessionRevoked,cspoff sessionTracker requestLifecycle observability jsonException toolbar,API_TOKEN,MISSING_GUARD,API route is non-public but no API token/auth/role guard was recognized.,add_or_confirm_api_token_guard,no,no
GET,API/Email/unsubscribe/(.*),»,\App\Modules\APIs\Controllers\EmailAPIController::unsubscribe/$1,botBlocker requestLifecycle observability ratelimit throttle sessionRevoked,cspoff sessionTracker requestLifecycle observability jsonException toolbar,API_TOKEN,MISSING_GUARD,API route is non-public but no API token/auth/role guard was recognized.,add_or_confirm_api_token_guard,no,no
GET,API/eSports/event/([0-9]+),»,\App\Modules\APIs\Controllers\EsportsAPIController::getEvent/$1,botBlocker requestLifecycle observability ratelimit throttle sessionRevoked,cspoff sessionTracker requestLifecycle observability jsonException toolbar,API_TOKEN,MISSING_GUARD,API route is non-public but no API token/auth/role guard was recognized.,add_or_confirm_api_token_guard,no,no
GET,API/eSports/events,»,\App\Modules\APIs\Controllers\EsportsAPIController::listEvents,botBlocker requestLifecycle observability ratelimit throttle sessionRevoked,cspoff sessionTracker requestLifecycle observability jsonException toolbar,API_TOKEN,MISSING_GUARD,API route is non-public but no API token/auth/role guard was recognized.,add_or_confirm_api_token_guard,no,no
GET,API/Investments,»,\App\Modules\APIs\Controllers\InvestmentsAPIController:index,botBlocker requestLifecycle observability ratelimit throttle sessionRevoked,cspoff sessionTracker requestLifecycle observability jsonException toolbar,API_TOKEN,MISSING_GUARD,API route is non-public but no API token/auth/role guard was recognized.,add_or_confirm_api_token_guard,no,no
GET,API/Investments/getInvestmentData/([^/]+),»,\App\Modules\APIs\Controllers\InvestmentsAPIController::getInvestmentData/$1,botBlocker requestLifecycle observability ratelimit throttle sessionRevoked,cspoff sessionTracker requestLifecycle observability jsonException toolbar,API_TOKEN,MISSING_GUARD,API route is non-public but no API token/auth/role guard was recognized.,add_or_confirm_api_token_guard,no,no
GET,API/Investments/searchTickers,»,\App\Modules\APIs\Controllers\InvestmentsAPIController::searchTickers,botBlocker requestLifecycle observability ratelimit throttle sessionRevoked,cspoff sessionTracker requestLifecycle observability jsonException toolbar,API_TOKEN,MISSING_GUARD,API route is non-public but no API token/auth/role guard was recognized.,add_or_confirm_api_token_guard,no,no
GET,API/Investments/news,»,\App\Modules\APIs\Controllers\InvestmentsAPIController::listNews,botBlocker requestLifecycle observability ratelimit throttle sessionRevoked,cspoff sessionTracker requestLifecycle observability jsonException toolbar,API_TOKEN,MISSING_GUARD,API route is non-public but no API token/auth/role guard was recognized.,add_or_confirm_api_token_guard,no,no
GET,API/Investments/news/([0-9]+),»,\App\Modules\APIs\Controllers\InvestmentsAPIController::getNews/$1,botBlocker requestLifecycle observability ratelimit throttle sessionRevoked,cspoff sessionTracker requestLifecycle observability jsonException toolbar,API_TOKEN,MISSING_GUARD,API route is non-public but no API token/auth/role guard was recognized.,add_or_confirm_api_token_guard,no,no
GET,API/Investments/getForecastHighlights,»,\App\Modules\APIs\Controllers\InvestmentsAPIController::getForecastHighlights,botBlocker requestLifecycle observability ratelimit throttle sessionRevoked,cspoff sessionTracker requestLifecycle observability jsonException toolbar,API_TOKEN,MISSING_GUARD,API route is non-public but no API token/auth/role guard was recognized.,add_or_confirm_api_token_guard,no,no
GET,API/SMTP/test,»,\App\Modules\APIs\Controllers\SmtpTestController::probe,botBlocker requestLifecycle observability ratelimit throttle sessionRevoked login,login cspoff sessionTracker requestLifecycle observability jsonException toolbar,DEPRECATED_OR_DISABLED,REVIEW_REQUIRED,Debug/dev/test route should not be launchable without explicit owner approval.,owner_review_before_launch,no,no
GET,API/Marketing/cronAnalyzeContent,»,\App\Modules\APIs\Controllers\MarketingAPIController::cronAnalyzeContent,botBlocker requestLifecycle observability ratelimit throttle sessionRevoked,cspoff sessionTracker requestLifecycle observability jsonException toolbar,INTERNAL,MISSING_GUARD,API route appears operational/internal but no internal token or cron key guard was recognized.,add_or_confirm_internal_token_or_cron_guard,no,no
GET,API/Marketing/cronAutoPublishGroupedDigest,»,\App\Modules\APIs\Controllers\MarketingAPIController::cronAutoPublishGroupedDigest,botBlocker requestLifecycle observability ratelimit throttle sessionRevoked,cspoff sessionTracker requestLifecycle observability jsonException toolbar,INTERNAL,MISSING_GUARD,API route appears operational/internal but no internal token or cron key guard was recognized.,add_or_confirm_internal_token_or_cron_guard,no,no
GET,API/Marketing/cronFetchAndGenerateNews,»,\App\Modules\APIs\Controllers\MarketingAPIController::cronFetchAndGenerateNews,botBlocker requestLifecycle observability ratelimit throttle sessionRevoked,cspoff sessionTracker requestLifecycle observability jsonException toolbar,INTERNAL,MISSING_GUARD,API route appears operational/internal but no internal token or cron key guard was recognized.,add_or_confirm_internal_token_or_cron_guard,no,no
GET,API/Marketing/cronFetchInbox,»,\App\Modules\APIs\Controllers\MarketingAPIController::cronFetchInbox,botBlocker requestLifecycle observability ratelimit throttle sessionRevoked,cspoff sessionTracker requestLifecycle observability jsonException toolbar,INTERNAL,MISSING_GUARD,API route appears operational/internal but no internal token or cron key guard was recognized.,add_or_confirm_internal_token_or_cron_guard,no,no
GET,API/Marketing/cronFetchMarketingEmails,»,\App\Modules\APIs\Controllers\MarketingAPIController::cronFetchMarketingEmails,botBlocker requestLifecycle observability ratelimit throttle sessionRevoked,cspoff sessionTracker requestLifecycle observability jsonException toolbar,INTERNAL,MISSING_GUARD,API route appears operational/internal but no internal token or cron key guard was recognized.,add_or_confirm_internal_token_or_cron_guard,no,no
GET,API/Marketing/cronProcessSMSMarketingIdeas,»,\App\Modules\APIs\Controllers\MarketingAPIController::cronProcessSMSMarketingIdeas,botBlocker requestLifecycle observability ratelimit throttle sessionRevoked,cspoff sessionTracker requestLifecycle observability jsonException toolbar,INTERNAL,MISSING_GUARD,API route appears operational/internal but no internal token or cron key guard was recognized.,add_or_confirm_internal_token_or_cron_guard,no,no
GET,API/Marketing/downloadVoiceover/(.*),»,\App\Modules\APIs\Controllers\MarketingAPIController::downloadVoiceover/$1,botBlocker requestLifecycle observability ratelimit throttle sessionRevoked,cspoff sessionTracker requestLifecycle observability jsonException toolbar,API_TOKEN,MISSING_GUARD,API route is non-public but no API token/auth/role guard was recognized.,add_or_confirm_api_token_guard,no,no
GET,API/Marketing/distributeHighScoreContent,»,\App\Modules\APIs\Controllers\MarketingAPIController::distributeHighScoreContent,botBlocker requestLifecycle observability ratelimit throttle sessionRevoked,cspoff sessionTracker requestLifecycle observability jsonException toolbar,API_TOKEN,MISSING_GUARD,API route is non-public but no API token/auth/role guard was recognized.,add_or_confirm_api_token_guard,no,no
GET,API/Marketing/emailPostForApproval/([0-9]+),»,\App\Modules\APIs\Controllers\MarketingAPIController::emailPostForApproval/$1,botBlocker requestLifecycle observability ratelimit throttle sessionRevoked,cspoff sessionTracker requestLifecycle observability jsonException toolbar,API_TOKEN,MISSING_GUARD,API route is non-public but no API token/auth/role guard was recognized.,add_or_confirm_api_token_guard,no,no
GET,API/Marketing/fetchBufferPaginated,»,\App\Modules\APIs\Controllers\MarketingAPIController::fetchBufferPaginated,botBlocker requestLifecycle observability ratelimit throttle sessionRevoked,cspoff sessionTracker requestLifecycle observability jsonException toolbar,API_TOKEN,MISSING_GUARD,API route is non-public but no API token/auth/role guard was recognized.,add_or_confirm_api_token_guard,no,no
GET,API/Marketing/fetchFinalizedSummariesBlock,»,\App\Modules\APIs\Controllers\MarketingAPIController::fetchFinalizedSummariesBlock,botBlocker requestLifecycle observability ratelimit throttle sessionRevoked,cspoff sessionTracker requestLifecycle observability jsonException toolbar,API_TOKEN,MISSING_GUARD,API route is non-public but no API token/auth/role guard was recognized.,add_or_confirm_api_token_guard,no,no
GET,API/Marketing/fetchGeneratedSummaries,»,\App\Modules\APIs\Controllers\MarketingAPIController::fetchGeneratedSummaries,botBlocker requestLifecycle observability ratelimit throttle sessionRevoked,cspoff sessionTracker requestLifecycle observability jsonException toolbar,API_TOKEN,MISSING_GUARD,API route is non-public but no API token/auth/role guard was recognized.,add_or_confirm_api_token_guard,no,no
GET,API/Marketing/fetchGeneratedSummariesBlock,»,\App\Modules\APIs\Controllers\MarketingAPIController::fetchGeneratedSummariesBlock,botBlocker requestLifecycle observability ratelimit throttle sessionRevoked,cspoff sessionTracker requestLifecycle observability jsonException toolbar,API_TOKEN,MISSING_GUARD,API route is non-public but no API token/auth/role guard was recognized.,add_or_confirm_api_token_guard,no,no
GET,API/Marketing/fetchGeneratedSummariesJson,»,\App\Modules\APIs\Controllers\MarketingAPIController::fetchGeneratedSummariesJson,botBlocker requestLifecycle observability ratelimit throttle sessionRevoked,cspoff sessionTracker requestLifecycle observability jsonException toolbar,API_TOKEN,MISSING_GUARD,API route is non-public but no API token/auth/role guard was recognized.,add_or_confirm_api_token_guard,no,no
GET,API/Marketing/getVideoContent/([0-9]+),»,\App\Modules\APIs\Controllers\MarketingAPIController::getVideoContent/$1,botBlocker requestLifecycle observability ratelimit throttle sessionRevoked,cspoff sessionTracker requestLifecycle observability jsonException toolbar,API_TOKEN,MISSING_GUARD,API route is non-public but no API token/auth/role guard was recognized.,add_or_confirm_api_token_guard,no,no
GET,API/Marketing/getVideoQueue,»,\App\Modules\APIs\Controllers\MarketingAPIController::getVideoQueue,botBlocker requestLifecycle observability ratelimit throttle sessionRevoked,cspoff sessionTracker requestLifecycle observability jsonException toolbar,API_TOKEN,MISSING_GUARD,API route is non-public but no API token/auth/role guard was recognized.,add_or_confirm_api_token_guard,no,no
GET,API/Marketing/generateFromTicker,»,\App\Modules\APIs\Controllers\MarketingAPIController::generateFromTicker,botBlocker requestLifecycle observability ratelimit throttle sessionRevoked,cspoff sessionTracker requestLifecycle observability jsonException toolbar,API_TOKEN,MISSING_GUARD,API route is non-public but no API token/auth/role guard was recognized.,add_or_confirm_api_token_guard,no,no
GET,API/Marketing/generateFromTopic,»,\App\Modules\APIs\Controllers\MarketingAPIController::generateFromTopic,botBlocker requestLifecycle observability ratelimit throttle sessionRevoked,cspoff sessionTracker requestLifecycle observability jsonException toolbar,API_TOKEN,MISSING_GUARD,API route is non-public but no API token/auth/role guard was recognized.,add_or_confirm_api_token_guard,no,no
GET,API/Marketing/generateFromScrapedSource/([0-9]+),»,\App\Modules\APIs\Controllers\MarketingAPIController::generateFromScrapedSource/$1,botBlocker requestLifecycle observability ratelimit throttle sessionRevoked,cspoff sessionTracker requestLifecycle observability jsonException toolbar,API_TOKEN,MISSING_GUARD,API route is non-public but no API token/auth/role guard was recognized.,add_or_confirm_api_token_guard,no,no
GET,API/Marketing/exportVideoPackage/([0-9]+),»,\App\Modules\APIs\Controllers\MarketingAPIController::exportVideoPackage/$1,botBlocker requestLifecycle observability ratelimit throttle sessionRevoked,cspoff sessionTracker requestLifecycle observability jsonException toolbar,API_TOKEN,MISSING_GUARD,API route is non-public but no API token/auth/role guard was recognized.,add_or_confirm_api_token_guard,no,no
GET,API/Marketing/getTemplates,»,\App\Modules\APIs\Controllers\MarketingAPIController::getTemplates,botBlocker requestLifecycle observability ratelimit throttle sessionRevoked,cspoff sessionTracker requestLifecycle observability jsonException toolbar,API_TOKEN,MISSING_GUARD,API route is non-public but no API token/auth/role guard was recognized.,add_or_confirm_api_token_guard,no,no
GET,API/Marketing/saveTemplate,»,\App\Modules\APIs\Controllers\MarketingAPIController::saveTemplate,botBlocker requestLifecycle observability ratelimit throttle sessionRevoked,cspoff sessionTracker requestLifecycle observability jsonException toolbar,API_TOKEN,MISSING_GUARD,API route is non-public but no API token/auth/role guard was recognized.,add_or_confirm_api_token_guard,no,no
GET,API/Marketing/forceGenerateFromTemp,»,\App\Modules\APIs\Controllers\MarketingAPIController::forceGenerateFromTemp,botBlocker requestLifecycle observability ratelimit throttle sessionRevoked,cspoff sessionTracker requestLifecycle observability jsonException toolbar,API_TOKEN,MISSING_GUARD,API route is non-public but no API token/auth/role guard was recognized.,add_or_confirm_api_token_guard,no,no
GET,API/Marketing/ForceGenerateFromTemp/([0-9]+),»,\App\Modules\APIs\Controllers\MarketingAPIController::ForceGenerateFromTemp/$1,botBlocker requestLifecycle observability ratelimit throttle sessionRevoked,cspoff sessionTracker requestLifecycle observability jsonException toolbar,API_TOKEN,MISSING_GUARD,API route is non-public but no API token/auth/role guard was recognized.,add_or_confirm_api_token_guard,no,no
GET,API/Marketing/generateCampaignContent,»,\App\Modules\APIs\Controllers\MarketingAPIController::generateCampaignContent,botBlocker requestLifecycle observability ratelimit throttle sessionRevoked,cspoff sessionTracker requestLifecycle observability jsonException toolbar,API_TOKEN,MISSING_GUARD,API route is non-public but no API token/auth/role guard was recognized.,add_or_confirm_api_token_guard,no,no
GET,API/Marketing/generateDailyMarketCampaign,»,\App\Modules\APIs\Controllers\MarketingAPIController::generateDailyMarketCampaign,botBlocker requestLifecycle observability ratelimit throttle sessionRevoked,cspoff sessionTracker requestLifecycle observability jsonException toolbar,API_TOKEN,MISSING_GUARD,API route is non-public but no API token/auth/role guard was recognized.,add_or_confirm_api_token_guard,no,no
GET,API/Marketing/generateCampaignStepContent,»,\App\Modules\APIs\Controllers\MarketingAPIController::generateCampaignStepContent,botBlocker requestLifecycle observability ratelimit throttle sessionRevoked,cspoff sessionTracker requestLifecycle observability jsonException toolbar,API_TOKEN,MISSING_GUARD,API route is non-public but no API token/auth/role guard was recognized.,add_or_confirm_api_token_guard,no,no
GET,API/Marketing/generateContentFromScraper,»,\App\Modules\APIs\Controllers\MarketingAPIController::generateContentFromScraper,botBlocker requestLifecycle observability ratelimit throttle sessionRevoked,cspoff sessionTracker requestLifecycle observability jsonException toolbar,API_TOKEN,MISSING_GUARD,API route is non-public but no API token/auth/role guard was recognized.,add_or_confirm_api_token_guard,no,no
GET,API/Marketing/generateContentDigestFromStored,»,\App\Modules\APIs\Controllers\MarketingAPIController::generateContentDigestFromStored,botBlocker requestLifecycle observability ratelimit throttle sessionRevoked,cspoff sessionTracker requestLifecycle observability jsonException toolbar,API_TOKEN,MISSING_GUARD,API route is non-public but no API token/auth/role guard was recognized.,add_or_confirm_api_token_guard,no,no
GET,API/Marketing/generateDailyContentDigest,»,\App\Modules\APIs\Controllers\MarketingAPIController::generateDailyContentDigest,botBlocker requestLifecycle observability ratelimit throttle sessionRevoked,cspoff sessionTracker requestLifecycle observability jsonException toolbar,API_TOKEN,MISSING_GUARD,API route is non-public but no API token/auth/role guard was recognized.,add_or_confirm_api_token_guard,no,no
GET,API/Marketing/generateKimiSummaries,»,\App\Modules\APIs\Controllers\MarketingAPIController::generateKimiSummaries,botBlocker requestLifecycle observability ratelimit throttle sessionRevoked,cspoff sessionTracker requestLifecycle observability jsonException toolbar,API_TOKEN,MISSING_GUARD,API route is non-public but no API token/auth/role guard was recognized.,add_or_confirm_api_token_guard,no,no
GET,API/Marketing/generateKimiPosts,»,\App\Modules\APIs\Controllers\MarketingAPIController::generateKimiPosts,botBlocker requestLifecycle observability ratelimit throttle sessionRevoked,cspoff sessionTracker requestLifecycle observability jsonException toolbar,API_TOKEN,MISSING_GUARD,API route is non-public but no API token/auth/role guard was recognized.,add_or_confirm_api_token_guard,no,no
GET,API/Marketing/GenerateFromSimilar/([0-9]+),»,\App\Modules\APIs\Controllers\MarketingAPIController::generateFromSimilar/$1,botBlocker requestLifecycle observability ratelimit throttle sessionRevoked,cspoff sessionTracker requestLifecycle observability jsonException toolbar,API_TOKEN,MISSING_GUARD,API route is non-public but no API token/auth/role guard was recognized.,add_or_confirm_api_token_guard,no,no
GET,API/Marketing/generateFromSimilar,»,\App\Modules\APIs\Controllers\MarketingAPIController::generateFromSimilar,botBlocker requestLifecycle observability ratelimit throttle sessionRevoked,cspoff sessionTracker requestLifecycle observability jsonException toolbar,API_TOKEN,MISSING_GUARD,API route is non-public but no API token/auth/role guard was recognized.,add_or_confirm_api_token_guard,no,no
GET,API/Marketing/generateLivePreview,»,\App\Modules\APIs\Controllers\MarketingAPIController::generateLivePreview,botBlocker requestLifecycle observability ratelimit throttle sessionRevoked,cspoff sessionTracker requestLifecycle observability jsonException toolbar,API_TOKEN,MISSING_GUARD,API route is non-public but no API token/auth/role guard was recognized.,add_or_confirm_api_token_guard,no,no
GET,API/Marketing/generatePostsFromSummary/([0-9]+),»,\App\Modules\APIs\Controllers\MarketingAPIController::generatePostsFromSummary/$1,botBlocker requestLifecycle observability ratelimit throttle sessionRevoked,cspoff sessionTracker requestLifecycle observability jsonException toolbar,API_TOKEN,MISSING_GUARD,API route is non-public but no API token/auth/role guard was recognized.,add_or_confirm_api_token_guard,no,no
GET,API/Marketing/generatePostsFromSummary,»,\App\Modules\APIs\Controllers\MarketingAPIController::generatePostsFromSummary,botBlocker requestLifecycle observability ratelimit throttle sessionRevoked,cspoff sessionTracker requestLifecycle observability jsonException toolbar,API_TOKEN,MISSING_GUARD,API route is non-public but no API token/auth/role guard was recognized.,add_or_confirm_api_token_guard,no,no
GET,API/Marketing/generatePostMediaContent,»,\App\Modules\APIs\Controllers\MarketingAPIController::generatePostMediaContent,botBlocker requestLifecycle observability ratelimit throttle sessionRevoked,cspoff sessionTracker requestLifecycle observability jsonException toolbar,API_TOKEN,MISSING_GUARD,API route is non-public but no API token/auth/role guard was recognized.,add_or_confirm_api_token_guard,no,no
GET,API/Marketing/generateScheduledPosts,»,\App\Modules\APIs\Controllers\MarketingAPIController::generateScheduledPosts,botBlocker requestLifecycle observability ratelimit throttle sessionRevoked,cspoff sessionTracker requestLifecycle observability jsonException toolbar,API_TOKEN,MISSING_GUARD,API route is non-public but no API token/auth/role guard was recognized.,add_or_confirm_api_token_guard,no,no
GET,API/Marketing/getCleanedScrapedContent,»,\App\Modules\APIs\Controllers\MarketingAPIController::getCleanedScrapedContent,botBlocker requestLifecycle observability ratelimit throttle sessionRevoked,cspoff sessionTracker requestLifecycle observability jsonException toolbar,API_TOKEN,MISSING_GUARD,API route is non-public but no API token/auth/role guard was recognized.,add_or_confirm_api_token_guard,no,no
GET,API/Marketing/getScrapeDetails/([0-9]+),»,\App\Modules\APIs\Controllers\MarketingAPIController::getScrapeDetails/$1,botBlocker requestLifecycle observability ratelimit throttle sessionRevoked,cspoff sessionTracker requestLifecycle observability jsonException toolbar,API_TOKEN,MISSING_GUARD,API route is non-public but no API token/auth/role guard was recognized.,add_or_confirm_api_token_guard,no,no
GET,API/Marketing/generateThreadFromSummary/([0-9]+),»,\App\Modules\APIs\Controllers\MarketingAPIController::generateThreadFromSummary/$1,botBlocker requestLifecycle observability ratelimit throttle sessionRevoked,cspoff sessionTracker requestLifecycle observability jsonException toolbar,API_TOKEN,MISSING_GUARD,API route is non-public but no API token/auth/role guard was recognized.,add_or_confirm_api_token_guard,no,no
GET,API/Marketing/getContentPerformanceAnalytics,»,\App\Modules\APIs\Controllers\MarketingAPIController::getContentPerformanceAnalytics,botBlocker requestLifecycle observability ratelimit throttle sessionRevoked,cspoff sessionTracker requestLifecycle observability jsonException toolbar,API_TOKEN,MISSING_GUARD,API route is non-public but no API token/auth/role guard was recognized.,add_or_confirm_api_token_guard,no,no
GET,API/Marketing/getGeneratedPostsPaginated,»,\App\Modules\APIs\Controllers\MarketingAPIController::getGeneratedPostsPaginated,botBlocker requestLifecycle observability ratelimit throttle sessionRevoked,cspoff sessionTracker requestLifecycle observability jsonException toolbar,API_TOKEN,MISSING_GUARD,API route is non-public but no API token/auth/role guard was recognized.,add_or_confirm_api_token_guard,no,no
GET,API/Marketing/getStoryboardPackage/([0-9]+),»,\App\Modules\APIs\Controllers\MarketingAPIController::getStoryboardPackage/$1,botBlocker requestLifecycle observability ratelimit throttle sessionRevoked,cspoff sessionTracker requestLifecycle observability jsonException toolbar,API_TOKEN,MISSING_GUARD,API route is non-public but no API token/auth/role guard was recognized.,add_or_confirm_api_token_guard,no,no
GET,API/Marketing/getTopGeneratedPosts,»,\App\Modules\APIs\Controllers\MarketingAPIController::getTopGeneratedPosts,botBlocker requestLifecycle observability ratelimit throttle sessionRevoked,cspoff sessionTracker requestLifecycle observability jsonException toolbar,API_TOKEN,MISSING_GUARD,API route is non-public but no API token/auth/role guard was recognized.,add_or_confirm_api_token_guard,no,no
GET,API/Marketing/getTopKeywordChart/([0-9]+),»,\App\Modules\APIs\Controllers\MarketingAPIController::getTopKeywordChart/$1,botBlocker requestLifecycle observability ratelimit throttle sessionRevoked,cspoff sessionTracker requestLifecycle observability jsonException toolbar,API_TOKEN,MISSING_GUARD,API route is non-public but no API token/auth/role guard was recognized.,add_or_confirm_api_token_guard,no,no
GET,API/Marketing/groupSimilarSummariesByCosine,»,\App\Modules\APIs\Controllers\MarketingAPIController::groupSimilarSummariesByCosine,botBlocker requestLifecycle observability ratelimit throttle sessionRevoked,cspoff sessionTracker requestLifecycle observability jsonException toolbar,API_TOKEN,MISSING_GUARD,API route is non-public but no API token/auth/role guard was recognized.,add_or_confirm_api_token_guard,no,no
GET,API/Marketing/massResendActivationEmails,»,\App\Modules\APIs\Controllers\MarketingAPIController::massResendActivationEmails,botBlocker requestLifecycle observability ratelimit throttle sessionRevoked,cspoff sessionTracker requestLifecycle observability jsonException toolbar,API_TOKEN,MISSING_GUARD,API route is non-public but no API token/auth/role guard was recognized.,add_or_confirm_api_token_guard,no,no
GET,API/Marketing/monitorKeywords,»,\App\Modules\APIs\Controllers\MarketingAPIController::monitorKeywordsAndScrape,botBlocker requestLifecycle observability ratelimit throttle sessionRevoked,cspoff sessionTracker requestLifecycle observability jsonException toolbar,API_TOKEN,MISSING_GUARD,API route is non-public but no API token/auth/role guard was recognized.,add_or_confirm_api_token_guard,no,no
GET,API/Marketing/previewBufferItem/([0-9]+),»,\App\Modules\APIs\Controllers\MarketingAPIController::previewBufferItem/$1,botBlocker requestLifecycle observability ratelimit throttle sessionRevoked,cspoff sessionTracker requestLifecycle observability jsonException toolbar,API_TOKEN,MISSING_GUARD,API route is non-public but no API token/auth/role guard was recognized.,add_or_confirm_api_token_guard,no,no
GET,API/Marketing/previewPendingSummaries,»,\App\Modules\APIs\Controllers\MarketingAPIController::previewPendingSummaries,botBlocker requestLifecycle observability ratelimit throttle sessionRevoked,cspoff sessionTracker requestLifecycle observability jsonException toolbar,API_TOKEN,MISSING_GUARD,API route is non-public but no API token/auth/role guard was recognized.,add_or_confirm_api_token_guard,no,no
GET,API/Marketing/processMarketingTempEmails/([0-9]+)/([^/]+)/([0-9]+),»,\App\Modules\APIs\Controllers\MarketingAPIController::processMarketingTempEmails/$1/$2/$3,botBlocker requestLifecycle observability ratelimit throttle sessionRevoked,cspoff sessionTracker requestLifecycle observability jsonException toolbar,API_TOKEN,MISSING_GUARD,API route is non-public but no API token/auth/role guard was recognized.,add_or_confirm_api_token_guard,no,no
GET,API/Marketing/processMarketingTempEmails/([0-9]+)/([^/]+),»,\App\Modules\APIs\Controllers\MarketingAPIController::processMarketingTempEmails/$1/$2,botBlocker requestLifecycle observability ratelimit throttle sessionRevoked,cspoff sessionTracker requestLifecycle observability jsonException toolbar,API_TOKEN,MISSING_GUARD,API route is non-public but no API token/auth/role guard was recognized.,add_or_confirm_api_token_guard,no,no
GET,API/Marketing/publishGroupedContentDraft,»,\App\Modules\APIs\Controllers\MarketingAPIController::publishGroupedContentDraft,botBlocker requestLifecycle observability ratelimit throttle sessionRevoked,cspoff sessionTracker requestLifecycle observability jsonException toolbar,API_TOKEN,MISSING_GUARD,API route is non-public but no API token/auth/role guard was recognized.,add_or_confirm_api_token_guard,no,no
GET,API/Marketing/rankBufferPostsDaily,»,\App\Modules\APIs\Controllers\MarketingAPIController::rankBufferPostsDaily,botBlocker requestLifecycle observability ratelimit throttle sessionRevoked,cspoff sessionTracker requestLifecycle observability jsonException toolbar,API_TOKEN,MISSING_GUARD,API route is non-public but no API token/auth/role guard was recognized.,add_or_confirm_api_token_guard,no,no
GET,API/Marketing/runNewsScrape,»,\App\Modules\APIs\Controllers\MarketingAPIController::runNewsScrape,botBlocker requestLifecycle observability ratelimit throttle sessionRevoked,cspoff sessionTracker requestLifecycle observability jsonException toolbar,API_TOKEN,MISSING_GUARD,API route is non-public but no API token/auth/role guard was recognized.,add_or_confirm_api_token_guard,no,no
GET,API/Marketing/runNewsGenerate,»,\App\Modules\APIs\Controllers\MarketingAPIController::runNewsGenerate,botBlocker requestLifecycle observability ratelimit throttle sessionRevoked,cspoff sessionTracker requestLifecycle observability jsonException toolbar,API_TOKEN,MISSING_GUARD,API route is non-public but no API token/auth/role guard was recognized.,add_or_confirm_api_token_guard,no,no
GET,API/Marketing/runNewsPipeline,»,\App\Modules\APIs\Controllers\MarketingAPIController::runNewsPipeline,botBlocker requestLifecycle observability ratelimit throttle sessionRevoked,cspoff sessionTracker requestLifecycle observability jsonException toolbar,API_TOKEN,MISSING_GUARD,API route is non-public but no API token/auth/role guard was recognized.,add_or_confirm_api_token_guard,no,no
GET,API/Marketing/reprocessIncompleteEmails,»,\App\Modules\APIs\Controllers\MarketingAPIController::reprocessIncompleteEmails,botBlocker requestLifecycle observability ratelimit throttle sessionRevoked,cspoff sessionTracker requestLifecycle observability jsonException toolbar,API_TOKEN,MISSING_GUARD,API route is non-public but no API token/auth/role guard was recognized.,add_or_confirm_api_token_guard,no,no
GET,API/Marketing/runContentGenerationBatch,»,\App\Modules\APIs\Controllers\MarketingAPIController::runContentGenerationBatch,botBlocker requestLifecycle observability ratelimit throttle sessionRevoked,cspoff sessionTracker requestLifecycle observability jsonException toolbar,API_TOKEN,MISSING_GUARD,API route is non-public but no API token/auth/role guard was recognized.,add_or_confirm_api_token_guard,no,no
GET,API/Marketing/runKeywordBackfillBatch,»,\App\Modules\APIs\Controllers\MarketingAPIController::runKeywordBackfillBatch,botBlocker requestLifecycle observability ratelimit throttle sessionRevoked,cspoff sessionTracker requestLifecycle observability jsonException toolbar,INTERNAL,MISSING_GUARD,API route appears operational/internal but no internal token or cron key guard was recognized.,add_or_confirm_internal_token_or_cron_guard,no,no
GET,API/Marketing/runKeywordEnrichment,»,\App\Modules\APIs\Controllers\MarketingAPIController::runKeywordEnrichment,botBlocker requestLifecycle observability ratelimit throttle sessionRevoked,cspoff sessionTracker requestLifecycle observability jsonException toolbar,API_TOKEN,MISSING_GUARD,API route is non-public but no API token/auth/role guard was recognized.,add_or_confirm_api_token_guard,no,no
GET,API/Marketing/runScheduledTasks,»,\App\Modules\APIs\Controllers\MarketingAPIController::runScheduledTasks,botBlocker requestLifecycle observability ratelimit throttle sessionRevoked,cspoff sessionTracker requestLifecycle observability jsonException toolbar,API_TOKEN,MISSING_GUARD,API route is non-public but no API token/auth/role guard was recognized.,add_or_confirm_api_token_guard,no,no
GET,API/Marketing/Search/([^/]+)/(.*),»,\App\Modules\APIs\Controllers\ManagementController::index/$1/$2,botBlocker requestLifecycle observability ratelimit throttle sessionRevoked,cspoff sessionTracker requestLifecycle observability jsonException toolbar,API_TOKEN,MISSING_GUARD,API route is non-public but no API token/auth/role guard was recognized.,add_or_confirm_api_token_guard,no,no
GET,API/Marketing/sendWalkthroughEmails,»,\App\Modules\APIs\Controllers\MarketingAPIController::sendWalkthroughEmails,botBlocker requestLifecycle observability ratelimit throttle sessionRevoked,cspoff sessionTracker requestLifecycle observability jsonException toolbar,API_TOKEN,MISSING_GUARD,API route is non-public but no API token/auth/role guard was recognized.,add_or_confirm_api_token_guard,no,no
GET,API/Marketing/scheduleApprovedPost/([0-9]+),»,\App\Modules\APIs\Controllers\MarketingAPIController::scheduleApprovedPost/$1,botBlocker requestLifecycle observability ratelimit throttle sessionRevoked,cspoff sessionTracker requestLifecycle observability jsonException toolbar,API_TOKEN,MISSING_GUARD,API route is non-public but no API token/auth/role guard was recognized.,add_or_confirm_api_token_guard,no,no
GET,API/Marketing/schedulePost/(.*)/(.*)/(.*),»,\App\Modules\APIs\Controllers\MarketingAPIController::schedulePost/$1/$2/$3,botBlocker requestLifecycle observability ratelimit throttle sessionRevoked,cspoff sessionTracker requestLifecycle observability jsonException toolbar,API_TOKEN,MISSING_GUARD,API route is non-public but no API token/auth/role guard was recognized.,add_or_confirm_api_token_guard,no,no
GET,API/Marketing/sharePost/([0-9]+)/([^/]+),»,\App\Modules\APIs\Controllers\MarketingAPIController::sharePost/$1/$2,botBlocker requestLifecycle observability ratelimit throttle sessionRevoked,cspoff sessionTracker requestLifecycle observability jsonException toolbar,API_TOKEN,MISSING_GUARD,API route is non-public but no API token/auth/role guard was recognized.,add_or_confirm_api_token_guard,no,no
GET,API/Marketing/Large-Content/Form,»,\App\Modules\APIs\Controllers\MarketingAPIController::submitLargeContentForm,botBlocker requestLifecycle observability ratelimit throttle sessionRevoked,cspoff sessionTracker requestLifecycle observability jsonException toolbar,API_TOKEN,MISSING_GUARD,API route is non-public but no API token/auth/role guard was recognized.,add_or_confirm_api_token_guard,no,no
GET,API/Marketing/Manual-Content/Form,»,\App\Modules\APIs\Controllers\MarketingAPIController::shortLongContentForm,botBlocker requestLifecycle observability ratelimit throttle sessionRevoked,cspoff sessionTracker requestLifecycle observability jsonException toolbar,API_TOKEN,MISSING_GUARD,API route is non-public but no API token/auth/role guard was recognized.,add_or_confirm_api_token_guard,no,no
GET,API/Marketing/testGenerateDailyDigest,»,\App\Modules\APIs\Controllers\MarketingAPIController::testGenerateDailyDigest,botBlocker requestLifecycle observability ratelimit throttle sessionRevoked,cspoff sessionTracker requestLifecycle observability jsonException toolbar,API_TOKEN,MISSING_GUARD,API route is non-public but no API token/auth/role guard was recognized.,add_or_confirm_api_token_guard,no,no
GET,API/Marketing/testGenerateFromTempEmail/([0-9]+),»,\App\Modules\APIs\Controllers\MarketingAPIController::testGenerateFromTempEmail/$1,botBlocker requestLifecycle observability ratelimit throttle sessionRevoked,cspoff sessionTracker requestLifecycle observability jsonException toolbar,API_TOKEN,MISSING_GUARD,API route is non-public but no API token/auth/role guard was recognized.,add_or_confirm_api_token_guard,no,no
GET,API/Marketing/testTfIdfEdgeCases,»,\App\Modules\APIs\Controllers\MarketingAPIController::testTfIdfEdgeCases,botBlocker requestLifecycle observability ratelimit throttle sessionRevoked,cspoff sessionTracker requestLifecycle observability jsonException toolbar,API_TOKEN,MISSING_GUARD,API route is non-public but no API token/auth/role guard was recognized.,add_or_confirm_api_token_guard,no,no
GET,API/Marketing/testGenerateSummarizerHarness,»,\App\Modules\APIs\Controllers\MarketingAPIController::testGenerateSummarizerHarness,botBlocker requestLifecycle observability ratelimit throttle sessionRevoked,cspoff sessionTracker requestLifecycle observability jsonException toolbar,API_TOKEN,MISSING_GUARD,API route is non-public but no API token/auth/role guard was recognized.,add_or_confirm_api_token_guard,no,no
GET,API/Marketing/Timeline/([^/]+),»,\App\Modules\APIs\Controllers\MarketingAPIController::timeline/$1,botBlocker requestLifecycle observability ratelimit throttle sessionRevoked,cspoff sessionTracker requestLifecycle observability jsonException toolbar,API_TOKEN,MISSING_GUARD,API route is non-public but no API token/auth/role guard was recognized.,add_or_confirm_api_token_guard,no,no
GET,API/Marketing/Timeline,»,\App\Modules\APIs\Controllers\MarketingAPIController::viewTimelineGrouped,botBlocker requestLifecycle observability ratelimit throttle sessionRevoked,cspoff sessionTracker requestLifecycle observability jsonException toolbar,API_TOKEN,MISSING_GUARD,API route is non-public but no API token/auth/role guard was recognized.,add_or_confirm_api_token_guard,no,no
GET,API/Marketing/triggerBackfill,»,\App\Modules\APIs\Controllers\MarketingAPIController::reprocessIncompleteEmails,botBlocker requestLifecycle observability ratelimit throttle sessionRevoked,cspoff sessionTracker requestLifecycle observability jsonException toolbar,INTERNAL,MISSING_GUARD,API route appears operational/internal but no internal token or cron key guard was recognized.,add_or_confirm_internal_token_or_cron_guard,no,no
GET,API/Marketing/triggerPostAutogenOnEmpty,»,\App\Modules\APIs\Controllers\MarketingAPIController::triggerPostAutogenOnEmpty,botBlocker requestLifecycle observability ratelimit throttle sessionRevoked,cspoff sessionTracker requestLifecycle observability jsonException toolbar,API_TOKEN,MISSING_GUARD,API route is non-public but no API token/auth/role guard was recognized.,add_or_confirm_api_token_guard,no,no
GET,API/Marketing/processPendingNotifications,»,\App\Modules\APIs\Controllers\MarketingAPIController::processPendingNotifications,botBlocker requestLifecycle observability ratelimit throttle sessionRevoked,cspoff sessionTracker requestLifecycle observability jsonException toolbar,API_TOKEN,MISSING_GUARD,API route is non-public but no API token/auth/role guard was recognized.,add_or_confirm_api_token_guard,no,no
GET,API/Marketing/processPendingTempScraper,»,\App\Modules\APIs\Controllers\MarketingAPIController::processPendingTempScraper,botBlocker requestLifecycle observability ratelimit throttle sessionRevoked,cspoff sessionTracker requestLifecycle observability jsonException toolbar,API_TOKEN,MISSING_GUARD,API route is non-public but no API token/auth/role guard was recognized.,add_or_confirm_api_token_guard,no,no
GET,API/Marketing/processPendingCampaigns,»,\App\Modules\APIs\Controllers\MarketingAPIController::processPendingCampaigns,botBlocker requestLifecycle observability ratelimit throttle sessionRevoked,cspoff sessionTracker requestLifecycle observability jsonException toolbar,API_TOKEN,MISSING_GUARD,API route is non-public but no API token/auth/role guard was recognized.,add_or_confirm_api_token_guard,no,no
GET,API/Marketing/processPendingGeneratedContent,»,\App\Modules\APIs\Controllers\MarketingAPIController::processPendingGeneratedContent,botBlocker requestLifecycle observability ratelimit throttle sessionRevoked,cspoff sessionTracker requestLifecycle observability jsonException toolbar,API_TOKEN,MISSING_GUARD,API route is non-public but no API token/auth/role guard was recognized.,add_or_confirm_api_token_guard,no,no
GET,API/Marketing/distributionSummary,»,\App\Modules\APIs\Controllers\MarketingAPIController::distributionSummary,botBlocker requestLifecycle observability ratelimit throttle sessionRevoked,cspoff sessionTracker requestLifecycle observability jsonException toolbar,API_TOKEN,MISSING_GUARD,API route is non-public but no API token/auth/role guard was recognized.,add_or_confirm_api_token_guard,no,no
GET,API/Marketing/distributionHistory/([0-9]+),»,\App\Modules\APIs\Controllers\MarketingAPIController::distributionHistory/$1,botBlocker requestLifecycle observability ratelimit throttle sessionRevoked,cspoff sessionTracker requestLifecycle observability jsonException toolbar,API_TOKEN,MISSING_GUARD,API route is non-public but no API token/auth/role guard was recognized.,add_or_confirm_api_token_guard,no,no
GET,API/Marketing/distributionFailedSummary,»,\App\Modules\APIs\Controllers\MarketingAPIController::distributionFailedSummary,botBlocker requestLifecycle observability ratelimit throttle sessionRevoked,cspoff sessionTracker requestLifecycle observability jsonException toolbar,API_TOKEN,MISSING_GUARD,API route is non-public but no API token/auth/role guard was recognized.,add_or_confirm_api_token_guard,no,no
GET,API/Marketing/distributionChannelTotals,»,\App\Modules\APIs\Controllers\MarketingAPIController::distributionChannelTotals,botBlocker requestLifecycle observability ratelimit throttle sessionRevoked,cspoff sessionTracker requestLifecycle observability jsonException toolbar,API_TOKEN,MISSING_GUARD,API route is non-public but no API token/auth/role guard was recognized.,add_or_confirm_api_token_guard,no,no
GET,API/Marketing/retryDistributionTargets,»,\App\Modules\APIs\Controllers\MarketingAPIController::retryDistributionTargets,botBlocker requestLifecycle observability ratelimit throttle sessionRevoked,cspoff sessionTracker requestLifecycle observability jsonException toolbar,API_TOKEN,MISSING_GUARD,API route is non-public but no API token/auth/role guard was recognized.,add_or_confirm_api_token_guard,no,no
GET,API/Marketing/retryDistributionTargets/([0-9]+),»,\App\Modules\APIs\Controllers\MarketingAPIController::retryDistributionTargets/$1,botBlocker requestLifecycle observability ratelimit throttle sessionRevoked,cspoff sessionTracker requestLifecycle observability jsonException toolbar,API_TOKEN,MISSING_GUARD,API route is non-public but no API token/auth/role guard was recognized.,add_or_confirm_api_token_guard,no,no
GET,API/Marketing/runMarketingPipeline,»,\App\Modules\APIs\Controllers\MarketingAPIController::runMarketingPipeline,botBlocker requestLifecycle observability ratelimit throttle sessionRevoked,cspoff sessionTracker requestLifecycle observability jsonException toolbar,API_TOKEN,MISSING_GUARD,API route is non-public but no API token/auth/role guard was recognized.,add_or_confirm_api_token_guard,no,no
GET,API/Marketing,»,\App\Modules\APIs\Controllers\MarketingAPIController::index,botBlocker requestLifecycle observability ratelimit throttle sessionRevoked,cspoff sessionTracker requestLifecycle observability jsonException toolbar,API_TOKEN,MISSING_GUARD,API route is non-public but no API token/auth/role guard was recognized.,add_or_confirm_api_token_guard,no,no
GET,API/Marketing/Add/([^/]+),»,\App\Modules\APIs\Controllers\MarketingAPIController::add/$1,botBlocker requestLifecycle observability ratelimit throttle sessionRevoked,cspoff sessionTracker requestLifecycle observability jsonException toolbar,API_TOKEN,MISSING_GUARD,API route is non-public but no API token/auth/role guard was recognized.,add_or_confirm_api_token_guard,no,no
GET,API/Marketing/Approve-Content/([0-9]+),»,\App\Modules\APIs\Controllers\MarketingAPIController::approveContent/$1,botBlocker requestLifecycle observability ratelimit throttle sessionRevoked,cspoff sessionTracker requestLifecycle observability jsonException toolbar,API_TOKEN,MISSING_GUARD,API route is non-public but no API token/auth/role guard was recognized.,add_or_confirm_api_token_guard,no,no
GET,API/Marketing/Blog-Creator,»,\App\Modules\APIs\Controllers\MarketingAPIController::blogCreator,botBlocker requestLifecycle observability ratelimit throttle sessionRevoked,cspoff sessionTracker requestLifecycle observability jsonException toolbar,API_TOKEN,MISSING_GUARD,API route is non-public but no API token/auth/role guard was recognized.,add_or_confirm_api_token_guard,no,no
GET,API/Marketing/Blogs,»,\App\Modules\APIs\Controllers\MarketingAPIController::blogs,botBlocker requestLifecycle observability ratelimit throttle sessionRevoked,cspoff sessionTracker requestLifecycle observability jsonException toolbar,API_TOKEN,MISSING_GUARD,API route is non-public but no API token/auth/role guard was recognized.,add_or_confirm_api_token_guard,no,no
GET,API/Marketing/Campaigns,»,\App\Modules\APIs\Controllers\MarketingAPIController::campaigns,botBlocker requestLifecycle observability ratelimit throttle sessionRevoked,cspoff sessionTracker requestLifecycle observability jsonException toolbar,API_TOKEN,MISSING_GUARD,API route is non-public but no API token/auth/role guard was recognized.,add_or_confirm_api_token_guard,no,no
GET,API/Marketing/Content-Review,»,\App\Modules\APIs\Controllers\MarketingAPIController::contentReview,botBlocker requestLifecycle observability ratelimit throttle sessionRevoked,cspoff sessionTracker requestLifecycle observability jsonException toolbar,API_TOKEN,MISSING_GUARD,API route is non-public but no API token/auth/role guard was recognized.,add_or_confirm_api_token_guard,no,no
GET,API/Marketing/Content/Generator,»,\App\Modules\APIs\Controllers\MarketingAPIController::contentGenerator,botBlocker requestLifecycle observability ratelimit throttle sessionRevoked,cspoff sessionTracker requestLifecycle observability jsonException toolbar,API_TOKEN,MISSING_GUARD,API route is non-public but no API token/auth/role guard was recognized.,add_or_confirm_api_token_guard,no,no
GET,API/Marketing/Content/Listing,»,\App\Modules\APIs\Controllers\MarketingAPIController::contentListing,botBlocker requestLifecycle observability ratelimit throttle sessionRevoked,cspoff sessionTracker requestLifecycle observability jsonException toolbar,API_TOKEN,MISSING_GUARD,API route is non-public but no API token/auth/role guard was recognized.,add_or_confirm_api_token_guard,no,no
GET,API/Marketing/Daily-Log,»,\App\Modules\APIs\Controllers\MarketingAPIController::viewDailyLogs,botBlocker requestLifecycle observability ratelimit throttle sessionRevoked,cspoff sessionTracker requestLifecycle observability jsonException toolbar,API_TOKEN,MISSING_GUARD,API route is non-public but no API token/auth/role guard was recognized.,add_or_confirm_api_token_guard,no,no
GET,API/Marketing/Edit-Content/([0-9]+),»,\App\Modules\APIs\Controllers\MarketingAPIController::editContent/$1,botBlocker requestLifecycle observability ratelimit throttle sessionRevoked,cspoff sessionTracker requestLifecycle observability jsonException toolbar,API_TOKEN,MISSING_GUARD,API route is non-public but no API token/auth/role guard was recognized.,add_or_confirm_api_token_guard,no,no
GET,API/Marketing/Email/(.*)/(.*),»,\App\Modules\APIs\Controllers\MarketingAPIController::viewEmail/$1/$2,botBlocker requestLifecycle observability ratelimit throttle sessionRevoked,cspoff sessionTracker requestLifecycle observability jsonException toolbar,API_TOKEN,MISSING_GUARD,API route is non-public but no API token/auth/role guard was recognized.,add_or_confirm_api_token_guard,no,no
GET,API/Marketing/fetchEmails,»,\App\Modules\APIs\Controllers\MarketingAPIController::fetchEmails,botBlocker requestLifecycle observability ratelimit throttle sessionRevoked,cspoff sessionTracker requestLifecycle observability jsonException toolbar,API_TOKEN,MISSING_GUARD,API route is non-public but no API token/auth/role guard was recognized.,add_or_confirm_api_token_guard,no,no
GET,API/Marketing/Financial-News,»,\App\Modules\APIs\Controllers\MarketingAPIController::financialNews,botBlocker requestLifecycle observability ratelimit throttle sessionRevoked,cspoff sessionTracker requestLifecycle observability jsonException toolbar,API_TOKEN,MISSING_GUARD,API route is non-public but no API token/auth/role guard was recognized.,add_or_confirm_api_token_guard,no,no
GET,API/Marketing/generateContent,»,\App\Modules\APIs\Controllers\MarketingAPIController::generateContent,botBlocker requestLifecycle observability ratelimit throttle sessionRevoked,cspoff sessionTracker requestLifecycle observability jsonException toolbar,API_TOKEN,MISSING_GUARD,API route is non-public but no API token/auth/role guard was recognized.,add_or_confirm_api_token_guard,no,no
GET,API/Marketing/generateNewsletter,»,\App\Modules\APIs\Controllers\MarketingAPIController::generateNewsletterContent,botBlocker requestLifecycle observability ratelimit throttle sessionRevoked,cspoff sessionTracker requestLifecycle observability jsonException toolbar,API_TOKEN,MISSING_GUARD,API route is non-public but no API token/auth/role guard was recognized.,add_or_confirm_api_token_guard,no,no
GET,API/Marketing/getRecentScrapes,»,\App\Modules\APIs\Controllers\MarketingAPIController::getRecentScrapes,botBlocker requestLifecycle observability ratelimit throttle sessionRevoked,cspoff sessionTracker requestLifecycle observability jsonException toolbar,API_TOKEN,MISSING_GUARD,API route is non-public but no API token/auth/role guard was recognized.,add_or_confirm_api_token_guard,no,no
GET,API/Marketing/Grouped-Content-Drafts,»,\App\Modules\APIs\Controllers\MarketingAPIController::generateGroupedContentDrafts,botBlocker requestLifecycle observability ratelimit throttle sessionRevoked,cspoff sessionTracker requestLifecycle observability jsonException toolbar,API_TOKEN,MISSING_GUARD,API route is non-public but no API token/auth/role guard was recognized.,add_or_confirm_api_token_guard,no,no
GET,API/Marketing/Ideas,»,\App\Modules\APIs\Controllers\MarketingAPIController::ideas,botBlocker requestLifecycle observability ratelimit throttle sessionRevoked,cspoff sessionTracker requestLifecycle observability jsonException toolbar,API_TOKEN,MISSING_GUARD,API route is non-public but no API token/auth/role guard was recognized.,add_or_confirm_api_token_guard,no,no
GET,API/Marketing/Post-Creator,»,\App\Modules\APIs\Controllers\MarketingAPIController::postCreator,botBlocker requestLifecycle observability ratelimit throttle sessionRevoked,cspoff sessionTracker requestLifecycle observability jsonException toolbar,API_TOKEN,MISSING_GUARD,API route is non-public but no API token/auth/role guard was recognized.,add_or_confirm_api_token_guard,no,no
GET,API/Marketing/previewGeneratedPost/([0-9]+),»,\App\Modules\APIs\Controllers\MarketingAPIController::previewGeneratedPost/$1,botBlocker requestLifecycle observability ratelimit throttle sessionRevoked,cspoff sessionTracker requestLifecycle observability jsonException toolbar,API_TOKEN,MISSING_GUARD,API route is non-public but no API token/auth/role guard was recognized.,add_or_confirm_api_token_guard,no,no
GET,API/Marketing/Promote,»,\App\Modules\APIs\Controllers\MarketingAPIController::promote,botBlocker requestLifecycle observability ratelimit throttle sessionRevoked,cspoff sessionTracker requestLifecycle observability jsonException toolbar,API_TOKEN,MISSING_GUARD,API route is non-public but no API token/auth/role guard was recognized.,add_or_confirm_api_token_guard,no,no
GET,API/Marketing/Promote/([^/]+),»,\App\Modules\APIs\Controllers\MarketingAPIController::promote,botBlocker requestLifecycle observability ratelimit throttle sessionRevoked,cspoff sessionTracker requestLifecycle observability jsonException toolbar,API_TOKEN,MISSING_GUARD,API route is non-public but no API token/auth/role guard was recognized.,add_or_confirm_api_token_guard,no,no
GET,API/Marketing/Research,»,\App\Modules\APIs\Controllers\AlertsAPIController::research,botBlocker requestLifecycle observability ratelimit throttle sessionRevoked,cspoff sessionTracker requestLifecycle observability jsonException toolbar,API_TOKEN,MISSING_GUARD,API route is non-public but no API token/auth/role guard was recognized.,add_or_confirm_api_token_guard,no,no
GET,API/Marketing/RunContentGeneration,»,\App\Modules\APIs\Controllers\Management\MarketingAPIController::runContentGeneration,botBlocker requestLifecycle observability ratelimit throttle sessionRevoked,cspoff sessionTracker requestLifecycle observability jsonException toolbar,API_TOKEN,MISSING_GUARD,API route is non-public but no API token/auth/role guard was recognized.,add_or_confirm_api_token_guard,no,no
GET,API/Marketing/Quick-Scraper,»,\App\Modules\APIs\Controllers\MarketingAPIController::standaloneScrape,botBlocker requestLifecycle observability ratelimit throttle sessionRevoked,cspoff sessionTracker requestLifecycle observability jsonException toolbar,API_TOKEN,MISSING_GUARD,API route is non-public but no API token/auth/role guard was recognized.,add_or_confirm_api_token_guard,no,no
GET,API/Marketing/Reject-Content/([0-9]+),»,\App\Modules\APIs\Controllers\MarketingAPIController::rejectContent/$1,botBlocker requestLifecycle observability ratelimit throttle sessionRevoked,cspoff sessionTracker requestLifecycle observability jsonException toolbar,API_TOKEN,MISSING_GUARD,API route is non-public but no API token/auth/role guard was recognized.,add_or_confirm_api_token_guard,no,no
GET,API/Marketing/Schedule,»,\App\Modules\APIs\Controllers\MarketingAPIController::schedule,botBlocker requestLifecycle observability ratelimit throttle sessionRevoked,cspoff sessionTracker requestLifecycle observability jsonException toolbar,API_TOKEN,MISSING_GUARD,API route is non-public but no API token/auth/role guard was recognized.,add_or_confirm_api_token_guard,no,no
GET,API/Marketing/Schedule/([^/]+),»,\App\Modules\APIs\Controllers\MarketingAPIController::schedule/$1,botBlocker requestLifecycle observability ratelimit throttle sessionRevoked,cspoff sessionTracker requestLifecycle observability jsonException toolbar,API_TOKEN,MISSING_GUARD,API route is non-public but no API token/auth/role guard was recognized.,add_or_confirm_api_token_guard,no,no
GET,API/Marketing/scheduleNewsletters,»,\App\Modules\APIs\Controllers\MarketingAPIController::scheduleNewsletterCampaign,botBlocker requestLifecycle observability ratelimit throttle sessionRevoked,cspoff sessionTracker requestLifecycle observability jsonException toolbar,API_TOKEN,MISSING_GUARD,API route is non-public but no API token/auth/role guard was recognized.,add_or_confirm_api_token_guard,no,no
GET,API/Marketing/submitDailyLog,»,\App\Modules\APIs\Controllers\MarketingAPIController::submitDailyLog,botBlocker requestLifecycle observability ratelimit throttle sessionRevoked,cspoff sessionTracker requestLifecycle observability jsonException toolbar,API_TOKEN,MISSING_GUARD,API route is non-public but no API token/auth/role guard was recognized.,add_or_confirm_api_token_guard,no,no
GET,API/Marketing/sendNotification,»,\App\Modules\APIs\Controllers\MarketingAPIController::sendNotification,botBlocker requestLifecycle observability ratelimit throttle sessionRevoked,cspoff sessionTracker requestLifecycle observability jsonException toolbar,API_TOKEN,MISSING_GUARD,API route is non-public but no API token/auth/role guard was recognized.,add_or_confirm_api_token_guard,no,no
GET,API/Marketing/sendNewsletter,»,\App\Modules\APIs\Controllers\MarketingAPIController::sendScheduleNewsletter,botBlocker requestLifecycle observability ratelimit throttle sessionRevoked,cspoff sessionTracker requestLifecycle observability jsonException toolbar,API_TOKEN,MISSING_GUARD,API route is non-public but no API token/auth/role guard was recognized.,add_or_confirm_api_token_guard,no,no
GET,API/Marketing/Communities,»,\App\Modules\APIs\Controllers\MarketingAPIController::communities,botBlocker requestLifecycle observability ratelimit throttle sessionRevoked,cspoff sessionTracker requestLifecycle observability jsonException toolbar,API_TOKEN,MISSING_GUARD,API route is non-public but no API token/auth/role guard was recognized.,add_or_confirm_api_token_guard,no,no
GET,API/Marketing/Test,»,\App\Modules\APIs\Controllers\MarketingAPIController::test,botBlocker requestLifecycle observability ratelimit throttle sessionRevoked,cspoff sessionTracker requestLifecycle observability jsonException toolbar,API_TOKEN,MISSING_GUARD,API route is non-public but no API token/auth/role guard was recognized.,add_or_confirm_api_token_guard,no,no
GET,API/Marketing/Twitter,»,\App\Modules\APIs\Controllers\MarketingAPIController::twitterDashboard,botBlocker requestLifecycle observability ratelimit throttle sessionRevoked,cspoff sessionTracker requestLifecycle observability jsonException toolbar,API_TOKEN,MISSING_GUARD,API route is non-public but no API token/auth/role guard was recognized.,add_or_confirm_api_token_guard,no,no
GET,API/Marketing/Video-Creator,»,\App\Modules\APIs\Controllers\MarketingAPIController::videoCreator,botBlocker requestLifecycle observability ratelimit throttle sessionRevoked,cspoff sessionTracker requestLifecycle observability jsonException toolbar,API_TOKEN,MISSING_GUARD,API route is non-public but no API token/auth/role guard was recognized.,add_or_confirm_api_token_guard,no,no
GET,API/Marketing/View-Email/([^/]+)/([^/]+),»,\App\Modules\APIs\Controllers\MarketingAPIController::viewEmail/$1/$2,botBlocker requestLifecycle observability ratelimit throttle sessionRevoked,cspoff sessionTracker requestLifecycle observability jsonException toolbar,API_TOKEN,MISSING_GUARD,API route is non-public but no API token/auth/role guard was recognized.,add_or_confirm_api_token_guard,no,no
GET,API/Marketing/View-Grouped-Summaries,»,\App\Modules\APIs\Controllers\MarketingAPIController::View-Grouped-Summaries,botBlocker requestLifecycle observability ratelimit throttle sessionRevoked,cspoff sessionTracker requestLifecycle observability jsonException toolbar,API_TOKEN,MISSING_GUARD,API route is non-public but no API token/auth/role guard was recognized.,add_or_confirm_api_token_guard,no,no
GET,API/Marketing/MyMI-Gold/Tasks/Add,»,\App\Modules\APIs\Controllers\WalletsAPIController::addUserGoldTasks,botBlocker requestLifecycle observability ratelimit throttle sessionRevoked,cspoff sessionTracker requestLifecycle observability jsonException toolbar,API_TOKEN,MISSING_GUARD,API route is non-public but no API token/auth/role guard was recognized.,add_or_confirm_api_token_guard,no,no
GET,API/Marketing/Email-Templates/create,»,\App\Modules\APIs\Controllers\EmailTemplateController::create,botBlocker requestLifecycle observability ratelimit throttle sessionRevoked,cspoff sessionTracker requestLifecycle observability jsonException toolbar,API_TOKEN,MISSING_GUARD,API route is non-public but no API token/auth/role guard was recognized.,add_or_confirm_api_token_guard,no,no
GET,API/Marketing/Email-Queue,»,\App\Modules\APIs\Controllers\EmailQueueController::index,botBlocker requestLifecycle observability ratelimit throttle sessionRevoked,cspoff sessionTracker requestLifecycle observability jsonException toolbar,API_TOKEN,MISSING_GUARD,API route is non-public but no API token/auth/role guard was recognized.,add_or_confirm_api_token_guard,no,no
GET,API/Marketing/Email-Queue/create,»,\App\Modules\APIs\Controllers\EmailQueueController::create,botBlocker requestLifecycle observability ratelimit throttle sessionRevoked,cspoff sessionTracker requestLifecycle observability jsonException toolbar,API_TOKEN,MISSING_GUARD,API route is non-public but no API token/auth/role guard was recognized.,add_or_confirm_api_token_guard,no,no
GET,API/Marketing/getPlatforms,»,\App\Modules\APIs\Controllers\ManagementAPIController::getPlatforms,botBlocker requestLifecycle observability ratelimit throttle sessionRevoked,cspoff sessionTracker requestLifecycle observability jsonException toolbar,API_TOKEN,MISSING_GUARD,API route is non-public but no API token/auth/role guard was recognized.,add_or_confirm_api_token_guard,no,no
GET,API/Marketing/getPlatformRules/([^/]+),»,\App\Modules\APIs\Controllers\ManagementAPIController::getPlatformRules/$1,botBlocker requestLifecycle observability ratelimit throttle sessionRevoked,cspoff sessionTracker requestLifecycle observability jsonException toolbar,API_TOKEN,MISSING_GUARD,API route is non-public but no API token/auth/role guard was recognized.,add_or_confirm_api_token_guard,no,no
GET,API/Marketing/listSuggestions/([^/]+)/([^/]+),»,\App\Modules\APIs\Controllers\ManagementAPIController::listSuggestions/$1/$2,botBlocker requestLifecycle observability ratelimit throttle sessionRevoked,cspoff sessionTracker requestLifecycle observability jsonException toolbar,API_TOKEN,MISSING_GUARD,API route is non-public but no API token/auth/role guard was recognized.,add_or_confirm_api_token_guard,no,no
GET,API/Predictions,»,\App\Modules\APIs\Controllers\PredictionsAPIController::index,botBlocker requestLifecycle observability ratelimit throttle sessionRevoked,cspoff sessionTracker requestLifecycle observability jsonException toolbar,API_TOKEN,MISSING_GUARD,API route is non-public but no API token/auth/role guard was recognized.,add_or_confirm_api_token_guard,no,no
GET,API/Predictions/Liquidity/Add,»,\App\Modules\APIs\Controllers\PredictionsAPIController::addLiquidity,botBlocker requestLifecycle observability ratelimit throttle sessionRevoked,cspoff sessionTracker requestLifecycle observability jsonException toolbar,API_TOKEN,MISSING_GUARD,API route is non-public but no API token/auth/role guard was recognized.,add_or_confirm_api_token_guard,no,no
GET,API/Predictions/Liquidity/Remove,»,\App\Modules\APIs\Controllers\PredictionsAPIController::removeLiquidity,botBlocker requestLifecycle observability ratelimit throttle sessionRevoked,cspoff sessionTracker requestLifecycle observability jsonException toolbar,API_TOKEN,MISSING_GUARD,API route is non-public but no API token/auth/role guard was recognized.,add_or_confirm_api_token_guard,no,no
GET,API/Predictions/Markets,»,\App\Modules\APIs\Controllers\PredictionsAPIController::markets,botBlocker requestLifecycle observability ratelimit throttle sessionRevoked,cspoff sessionTracker requestLifecycle observability jsonException toolbar,API_TOKEN,MISSING_GUARD,API route is non-public but no API token/auth/role guard was recognized.,add_or_confirm_api_token_guard,no,no
GET,API/Predictions/Market/([0-9]+),»,\App\Modules\APIs\Controllers\PredictionsAPIController::view/$1,botBlocker requestLifecycle observability ratelimit throttle sessionRevoked,cspoff sessionTracker requestLifecycle observability jsonException toolbar,API_TOKEN,MISSING_GUARD,API route is non-public but no API token/auth/role guard was recognized.,add_or_confirm_api_token_guard,no,no
GET,API/Predictions/Markets/Create,»,\App\Modules\APIs\Controllers\PredictionsAPIController::createMarket,botBlocker requestLifecycle observability ratelimit throttle sessionRevoked,cspoff sessionTracker requestLifecycle observability jsonException toolbar,API_TOKEN,MISSING_GUARD,API route is non-public but no API token/auth/role guard was recognized.,add_or_confirm_api_token_guard,no,no
GET,API/Predictions/Markets/Settle/([0-9]+),»,\App\Modules\APIs\Controllers\PredictionsAPIController::settle/$1,botBlocker requestLifecycle observability ratelimit throttle sessionRevoked,cspoff sessionTracker requestLifecycle observability jsonException toolbar,API_TOKEN,MISSING_GUARD,API route is non-public but no API token/auth/role guard was recognized.,add_or_confirm_api_token_guard,no,no
GET,API/Predictions/Orders/Place,»,\App\Modules\APIs\Controllers\PredictionsAPIController::placeOrder,botBlocker requestLifecycle observability ratelimit throttle sessionRevoked,cspoff sessionTracker requestLifecycle observability jsonException toolbar,API_TOKEN,MISSING_GUARD,API route is non-public but no API token/auth/role guard was recognized.,add_or_confirm_api_token_guard,no,no
GET,API/Predictions/Orders/Cancel,»,\App\Modules\APIs\Controllers\PredictionsAPIController::cancelOrder,botBlocker requestLifecycle observability ratelimit throttle sessionRevoked,cspoff sessionTracker requestLifecycle observability jsonException toolbar,API_TOKEN,MISSING_GUARD,API route is non-public but no API token/auth/role guard was recognized.,add_or_confirm_api_token_guard,no,no
GET,API/Predictions/Portfolio,»,\App\Modules\APIs\Controllers\PredictionsAPIController::portfolio,botBlocker requestLifecycle observability ratelimit throttle sessionRevoked,cspoff sessionTracker requestLifecycle observability jsonException toolbar,API_TOKEN,MISSING_GUARD,API route is non-public but no API token/auth/role guard was recognized.,add_or_confirm_api_token_guard,no,no
GET,API/Predictions/Settlements,»,\App\Modules\APIs\Controllers\PredictionsAPIController::settlements,botBlocker requestLifecycle observability ratelimit throttle sessionRevoked,cspoff sessionTracker requestLifecycle observability jsonException toolbar,API_TOKEN,MISSING_GUARD,API route is non-public but no API token/auth/role guard was recognized.,add_or_confirm_api_token_guard,no,no
GET,API/Predictions/Cron/Distribute-Fees,»,\App\Modules\APIs\Controllers\PredictionsAPIController::cronDistributeFees,botBlocker requestLifecycle observability ratelimit throttle sessionRevoked,cspoff sessionTracker requestLifecycle observability jsonException toolbar,INTERNAL,MISSING_GUARD,API route appears operational/internal but no internal token or cron key guard was recognized.,add_or_confirm_internal_token_or_cron_guard,no,no
GET,API/Predictions/Cron/Fetch-Market-Data,»,\App\Modules\APIs\Controllers\PredictionsAPIController::cronFetchMarketData,botBlocker requestLifecycle observability ratelimit throttle sessionRevoked,cspoff sessionTracker requestLifecycle observability jsonException toolbar,INTERNAL,MISSING_GUARD,API route appears operational/internal but no internal token or cron key guard was recognized.,add_or_confirm_internal_token_or_cron_guard,no,no
GET,API/Predictions/Cron/Fetch-User-Data,»,\App\Modules\APIs\Controllers\PredictionsAPIController::cronFetchUserData,botBlocker requestLifecycle observability ratelimit throttle sessionRevoked,cspoff sessionTracker requestLifecycle observability jsonException toolbar,INTERNAL,MISSING_GUARD,API route appears operational/internal but no internal token or cron key guard was recognized.,add_or_confirm_internal_token_or_cron_guard,no,no
GET,API/Predictions/Cron/Settle-Markets,»,\App\Modules\APIs\Controllers\PredictionsAPIController::cronSettleMarkets,botBlocker requestLifecycle observability ratelimit throttle sessionRevoked,cspoff sessionTracker requestLifecycle observability jsonException toolbar,INTERNAL,MISSING_GUARD,API route appears operational/internal but no internal token or cron key guard was recognized.,add_or_confirm_internal_token_or_cron_guard,no,no
GET,API/Predictions/Cron/Expire-Markets,»,\App\Modules\APIs\Controllers\PredictionsAPIController::cronExpireMarkets,botBlocker requestLifecycle observability ratelimit throttle sessionRevoked,cspoff sessionTracker requestLifecycle observability jsonException toolbar,INTERNAL,MISSING_GUARD,API route appears operational/internal but no internal token or cron key guard was recognized.,add_or_confirm_internal_token_or_cron_guard,no,no
GET,API/Predictions/Cron/Update-Market-Prices,»,\App\Modules\APIs\Controllers\PredictionsAPIController::cronUpdateMarketPrices,botBlocker requestLifecycle observability ratelimit throttle sessionRevoked,cspoff sessionTracker requestLifecycle observability jsonException toolbar,INTERNAL,MISSING_GUARD,API route appears operational/internal but no internal token or cron key guard was recognized.,add_or_confirm_internal_token_or_cron_guard,no,no
GET,API/Predictions/Cron/Update-Market-States,»,\App\Modules\APIs\Controllers\PredictionsAPIController::cronUpdateMarketStates,botBlocker requestLifecycle observability ratelimit throttle sessionRevoked,cspoff sessionTracker requestLifecycle observability jsonException toolbar,INTERNAL,MISSING_GUARD,API route appears operational/internal but no internal token or cron key guard was recognized.,add_or_confirm_internal_token_or_cron_guard,no,no
GET,API/Predictions/Cron/Update-User-Positions,»,\App\Modules\APIs\Controllers\PredictionsAPIController::cronUpdateUserPositions,botBlocker requestLifecycle observability ratelimit throttle sessionRevoked,cspoff sessionTracker requestLifecycle observability jsonException toolbar,INTERNAL,MISSING_GUARD,API route appears operational/internal but no internal token or cron key guard was recognized.,add_or_confirm_internal_token_or_cron_guard,no,no
GET,API/Predictions/Cron/Update-User-Stakes,»,\App\Modules\APIs\Controllers\PredictionsAPIController::cronUpdateUserStakes,botBlocker requestLifecycle observability ratelimit throttle sessionRevoked,cspoff sessionTracker requestLifecycle observability jsonException toolbar,INTERNAL,MISSING_GUARD,API route appears operational/internal but no internal token or cron key guard was recognized.,add_or_confirm_internal_token_or_cron_guard,no,no
GET,API/Predictions/Cron/Update-User-Fees,»,\App\Modules\APIs\Controllers\PredictionsAPIController::cronUpdateUserFees,botBlocker requestLifecycle observability ratelimit throttle sessionRevoked,cspoff sessionTracker requestLifecycle observability jsonException toolbar,INTERNAL,MISSING_GUARD,API route appears operational/internal but no internal token or cron key guard was recognized.,add_or_confirm_internal_token_or_cron_guard,no,no
GET,API/Predictions/Cron/Update-User-PnL,»,\App\Modules\APIs\Controllers\PredictionsAPIController::cronUpdateUserPnL,botBlocker requestLifecycle observability ratelimit throttle sessionRevoked,cspoff sessionTracker requestLifecycle observability jsonException toolbar,INTERNAL,MISSING_GUARD,API route appears operational/internal but no internal token or cron key guard was recognized.,add_or_confirm_internal_token_or_cron_guard,no,no
GET,API/Predictions/Cron/Update-User-Rankings,»,\App\Modules\APIs\Controllers\PredictionsAPIController::cronUpdateUserRankings,botBlocker requestLifecycle observability ratelimit throttle sessionRevoked,cspoff sessionTracker requestLifecycle observability jsonException toolbar,INTERNAL,MISSING_GUARD,API route appears operational/internal but no internal token or cron key guard was recognized.,add_or_confirm_internal_token_or_cron_guard,no,no
GET,API/Predictions/Cron/Update-User-Leaderboard,»,\App\Modules\APIs\Controllers\PredictionsAPIController::cronUpdateUserLeaderboard,botBlocker requestLifecycle observability ratelimit throttle sessionRevoked,cspoff sessionTracker requestLifecycle observability jsonException toolbar,INTERNAL,MISSING_GUARD,API route appears operational/internal but no internal token or cron key guard was recognized.,add_or_confirm_internal_token_or_cron_guard,no,no
GET,API/Predictions/Cron/Update-User-Stats,»,\App\Modules\APIs\Controllers\PredictionsAPIController::cronUpdateUserStats,botBlocker requestLifecycle observability ratelimit throttle sessionRevoked,cspoff sessionTracker requestLifecycle observability jsonException toolbar,INTERNAL,MISSING_GUARD,API route appears operational/internal but no internal token or cron key guard was recognized.,add_or_confirm_internal_token_or_cron_guard,no,no
GET,API/Predictions/Cron/Update-User-Notifications,»,\App\Modules\APIs\Controllers\PredictionsAPIController::cronUpdateUserNotifications,botBlocker requestLifecycle observability ratelimit throttle sessionRevoked,cspoff sessionTracker requestLifecycle observability jsonException toolbar,INTERNAL,MISSING_GUARD,API route appears operational/internal but no internal token or cron key guard was recognized.,add_or_confirm_internal_token_or_cron_guard,no,no
GET,API/Predictions/Cron/Process-Expired-Markets,»,\App\Modules\APIs\Controllers\PredictionsAPIController::cronProcessExpiredMarkets,botBlocker requestLifecycle observability ratelimit throttle sessionRevoked,cspoff sessionTracker requestLifecycle observability jsonException toolbar,INTERNAL,MISSING_GUARD,API route appears operational/internal but no internal token or cron key guard was recognized.,add_or_confirm_internal_token_or_cron_guard,no,no
GET,API/Predictions/Cron/Process-Settled-Markets,»,\App\Modules\APIs\Controllers\PredictionsAPIController::cronProcessSettledMarkets,botBlocker requestLifecycle observability ratelimit throttle sessionRevoked,cspoff sessionTracker requestLifecycle observability jsonException toolbar,INTERNAL,MISSING_GUARD,API route appears operational/internal but no internal token or cron key guard was recognized.,add_or_confirm_internal_token_or_cron_guard,no,no
GET,API/Predictions/Cron/Process-User-Orders,»,\App\Modules\APIs\Controllers\PredictionsAPIController::cronProcessUserOrders,botBlocker requestLifecycle observability ratelimit throttle sessionRevoked,cspoff sessionTracker requestLifecycle observability jsonException toolbar,INTERNAL,MISSING_GUARD,API route appears operational/internal but no internal token or cron key guard was recognized.,add_or_confirm_internal_token_or_cron_guard,no,no
GET,API/Predictions/Cron/Process-User-Positions,»,\App\Modules\APIs\Controllers\PredictionsAPIController::cronProcessUserPositions,botBlocker requestLifecycle observability ratelimit throttle sessionRevoked,cspoff sessionTracker requestLifecycle observability jsonException toolbar,INTERNAL,MISSING_GUARD,API route appears operational/internal but no internal token or cron key guard was recognized.,add_or_confirm_internal_token_or_cron_guard,no,no
GET,API/Predictions/Cron/Process-User-Stakes,»,\App\Modules\APIs\Controllers\PredictionsAPIController::cronProcessUserStakes,botBlocker requestLifecycle observability ratelimit throttle sessionRevoked,cspoff sessionTracker requestLifecycle observability jsonException toolbar,INTERNAL,MISSING_GUARD,API route appears operational/internal but no internal token or cron key guard was recognized.,add_or_confirm_internal_token_or_cron_guard,no,no
GET,API/Predictions/Cron/Process-User-Fees,»,\App\Modules\APIs\Controllers\PredictionsAPIController::cronProcessUserFees,botBlocker requestLifecycle observability ratelimit throttle sessionRevoked,cspoff sessionTracker requestLifecycle observability jsonException toolbar,INTERNAL,MISSING_GUARD,API route appears operational/internal but no internal token or cron key guard was recognized.,add_or_confirm_internal_token_or_cron_guard,no,no
GET,API/Predictions/Cron/Process-User-PnL,»,\App\Modules\APIs\Controllers\PredictionsAPIController::cronProcessUserPnL,botBlocker requestLifecycle observability ratelimit throttle sessionRevoked,cspoff sessionTracker requestLifecycle observability jsonException toolbar,INTERNAL,MISSING_GUARD,API route appears operational/internal but no internal token or cron key guard was recognized.,add_or_confirm_internal_token_or_cron_guard,no,no
GET,API/Predictions/Cron/Process-User-Rankings,»,\App\Modules\APIs\Controllers\PredictionsAPIController::cronProcessUserRankings,botBlocker requestLifecycle observability ratelimit throttle sessionRevoked,cspoff sessionTracker requestLifecycle observability jsonException toolbar,INTERNAL,MISSING_GUARD,API route appears operational/internal but no internal token or cron key guard was recognized.,add_or_confirm_internal_token_or_cron_guard,no,no
GET,API/Predictions/Cron/Process-User-Leaderboard,»,\App\Modules\APIs\Controllers\PredictionsAPIController::cronProcessUserLeaderboard,botBlocker requestLifecycle observability ratelimit throttle sessionRevoked,cspoff sessionTracker requestLifecycle observability jsonException toolbar,INTERNAL,MISSING_GUARD,API route appears operational/internal but no internal token or cron key guard was recognized.,add_or_confirm_internal_token_or_cron_guard,no,no
GET,API/Predictions/Cron/Process-User-Stats,»,\App\Modules\APIs\Controllers\PredictionsAPIController::cronProcessUserStats,botBlocker requestLifecycle observability ratelimit throttle sessionRevoked,cspoff sessionTracker requestLifecycle observability jsonException toolbar,INTERNAL,MISSING_GUARD,API route appears operational/internal but no internal token or cron key guard was recognized.,add_or_confirm_internal_token_or_cron_guard,no,no
GET,API/Predictions/Cron/Process-User-Notifications,»,\App\Modules\APIs\Controllers\PredictionsAPIController::cronProcessUserNotifications,botBlocker requestLifecycle observability ratelimit throttle sessionRevoked,cspoff sessionTracker requestLifecycle observability jsonException toolbar,INTERNAL,MISSING_GUARD,API route appears operational/internal but no internal token or cron key guard was recognized.,add_or_confirm_internal_token_or_cron_guard,no,no
GET,API/Predictions/Cron/Process-User-Settlements,»,\App\Modules\APIs\Controllers\PredictionsAPIController::cronProcessUserSettlements,botBlocker requestLifecycle observability ratelimit throttle sessionRevoked,cspoff sessionTracker requestLifecycle observability jsonException toolbar,INTERNAL,MISSING_GUARD,API route appears operational/internal but no internal token or cron key guard was recognized.,add_or_confirm_internal_token_or_cron_guard,no,no
GET,API/Predictions/Cron/Lock,»,\App\Modules\APIs\Controllers\PredictionsAPIController::lock,botBlocker requestLifecycle observability ratelimit throttle sessionRevoked,cspoff sessionTracker requestLifecycle observability jsonException toolbar,INTERNAL,MISSING_GUARD,API route appears operational/internal but no internal token or cron key guard was recognized.,add_or_confirm_internal_token_or_cron_guard,no,no
GET,API/Predictions/Cron/Rebalance,»,\App\Modules\APIs\Controllers\PredictionsAPIController::rebalanceOdds,botBlocker requestLifecycle observability ratelimit throttle sessionRevoked,cspoff sessionTracker requestLifecycle observability jsonException toolbar,INTERNAL,MISSING_GUARD,API route appears operational/internal but no internal token or cron key guard was recognized.,add_or_confirm_internal_token_or_cron_guard,no,no
GET,API/Predictions/Cron/Unlock,»,\App\Modules\APIs\Controllers\PredictionsAPIController::unlock,botBlocker requestLifecycle observability ratelimit throttle sessionRevoked,cspoff sessionTracker requestLifecycle observability jsonException toolbar,INTERNAL,MISSING_GUARD,API route appears operational/internal but no internal token or cron key guard was recognized.,add_or_confirm_internal_token_or_cron_guard,no,no
GET,API/Predictions/Latest,»,\App\Modules\APIs\Controllers\PredictionsAPIController::latest,botBlocker requestLifecycle observability ratelimit throttle sessionRevoked,cspoff sessionTracker requestLifecycle observability jsonException toolbar,API_TOKEN,MISSING_GUARD,API route is non-public but no API token/auth/role guard was recognized.,add_or_confirm_api_token_guard,no,no
GET,API/Solana/getMarketPrice/([^/]+),»,\App\Modules\APIs\Controllers\SolanaAPIController::get/$1,botBlocker requestLifecycle observability ratelimit throttle sessionRevoked,cspoff sessionTracker requestLifecycle observability jsonException toolbar,API_TOKEN,MISSING_GUARD,API route is non-public but no API token/auth/role guard was recognized.,add_or_confirm_api_token_guard,no,no
GET,API/Solana/getCoinAmount/([^/]+),»,\App\Modules\APIs\Controllers\SolanaAPIController::getCoinAmount/$1,botBlocker requestLifecycle observability ratelimit throttle sessionRevoked,cspoff sessionTracker requestLifecycle observability jsonException toolbar,API_TOKEN,MISSING_GUARD,API route is non-public but no API token/auth/role guard was recognized.,add_or_confirm_api_token_guard,no,no
GET,API/Solana/getMarketPrice,»,\App\Modules\APIs\Controllers\SolanaAPIController::getMarketPrice,botBlocker requestLifecycle observability ratelimit throttle sessionRevoked,cspoff sessionTracker requestLifecycle observability jsonException toolbar,API_TOKEN,MISSING_GUARD,API route is non-public but no API token/auth/role guard was recognized.,add_or_confirm_api_token_guard,no,no
GET,API/Solana/getTokenPrice/([^/]+),»,\App\Modules\APIs\Controllers\SolanaAPIController::getTokenPrice/$1,botBlocker requestLifecycle observability ratelimit throttle sessionRevoked,cspoff sessionTracker requestLifecycle observability jsonException toolbar,API_TOKEN,MISSING_GUARD,API route is non-public but no API token/auth/role guard was recognized.,add_or_confirm_api_token_guard,no,no
GET,API/Solana/getExchangePrice/([^/]+),»,\App\Modules\APIs\Controllers\SolanaAPIController::getExchangePrice/$1,botBlocker requestLifecycle observability ratelimit throttle sessionRevoked,cspoff sessionTracker requestLifecycle observability jsonException toolbar,API_TOKEN,MISSING_GUARD,API route is non-public but no API token/auth/role guard was recognized.,add_or_confirm_api_token_guard,no,no
GET,API/Solana/getAssetsData,»,\App\Modules\APIs\Controllers\SolanaAPIController::getAssetsData,botBlocker requestLifecycle observability ratelimit throttle sessionRevoked,cspoff sessionTracker requestLifecycle observability jsonException toolbar,API_TOKEN,MISSING_GUARD,API route is non-public but no API token/auth/role guard was recognized.,add_or_confirm_api_token_guard,no,no
GET,API/Solana/provisionDefaultWallet,»,\App\Modules\APIs\Controllers\SolanaAPIController::provisionDefaultWallet,botBlocker requestLifecycle observability ratelimit throttle sessionRevoked,cspoff sessionTracker requestLifecycle observability jsonException toolbar,API_TOKEN,MISSING_GUARD,API route is non-public but no API token/auth/role guard was recognized.,add_or_confirm_api_token_guard,no,no
GET,API/Solana/updatePrices,»,\App\Modules\APIs\Controllers\SolanaAPIController::updateSolanaPrices,botBlocker requestLifecycle observability ratelimit throttle sessionRevoked,cspoff sessionTracker requestLifecycle observability jsonException toolbar,API_TOKEN,MISSING_GUARD,API route is non-public but no API token/auth/role guard was recognized.,add_or_confirm_api_token_guard,no,no
GET,API/Solana/updateTokens,»,\App\Modules\APIs\Controllers\SolanaAPIController::updateSolanaTokens,botBlocker requestLifecycle observability ratelimit throttle sessionRevoked,cspoff sessionTracker requestLifecycle observability jsonException toolbar,API_TOKEN,MISSING_GUARD,API route is non-public but no API token/auth/role guard was recognized.,add_or_confirm_api_token_guard,no,no
GET,API/Solana/wallet/([^/]+)/balance,»,\App\Modules\APIs\Controllers\SolanaAPIController::getBalance/$1,botBlocker requestLifecycle observability ratelimit throttle sessionRevoked,cspoff sessionTracker requestLifecycle observability jsonException toolbar,API_TOKEN,MISSING_GUARD,API route is non-public but no API token/auth/role guard was recognized.,add_or_confirm_api_token_guard,no,no
GET,API/Solana/wallet/([^/]+)/tokens,»,\App\Modules\APIs\Controllers\SolanaAPIController::getTokenAccounts/$1,botBlocker requestLifecycle observability ratelimit throttle sessionRevoked,cspoff sessionTracker requestLifecycle observability jsonException toolbar,API_TOKEN,MISSING_GUARD,API route is non-public but no API token/auth/role guard was recognized.,add_or_confirm_api_token_guard,no,no
GET,API/Support/kb,»,\App\Modules\APIs\Controllers\SupportAPIController::kb,botBlocker requestLifecycle observability ratelimit throttle sessionRevoked,cspoff sessionTracker requestLifecycle observability jsonException toolbar,API_TOKEN,MISSING_GUARD,API route is non-public but no API token/auth/role guard was recognized.,add_or_confirm_api_token_guard,no,no
GET,API/Support/kb/([^/]+),»,\App\Modules\APIs\Controllers\SupportAPIController::kbArticle/$1,botBlocker requestLifecycle observability ratelimit throttle sessionRevoked,cspoff sessionTracker requestLifecycle observability jsonException toolbar,API_TOKEN,MISSING_GUARD,API route is non-public but no API token/auth/role guard was recognized.,add_or_confirm_api_token_guard,no,no
GET,API/Wallets,»,\App\Modules\APIs\Controllers\WalletsAPIController::index,botBlocker requestLifecycle observability ratelimit throttle sessionRevoked,cspoff sessionTracker requestLifecycle observability jsonException toolbar,API_TOKEN,MISSING_GUARD,API route is non-public but no API token/auth/role guard was recognized.,add_or_confirm_api_token_guard,no,no
GET,API/Wallets/summary,»,\App\Modules\APIs\Controllers\WalletsAPIController::summary,botBlocker requestLifecycle observability ratelimit throttle sessionRevoked,cspoff sessionTracker requestLifecycle observability jsonException toolbar,API_TOKEN,MISSING_GUARD,API route is non-public but no API token/auth/role guard was recognized.,add_or_confirm_api_token_guard,no,no
GET,API/Wallets/providers,»,\App\Modules\APIs\Controllers\WalletsAPIController::providers,botBlocker requestLifecycle observability ratelimit throttle sessionRevoked,cspoff sessionTracker requestLifecycle observability jsonException toolbar,API_TOKEN,MISSING_GUARD,API route is non-public but no API token/auth/role guard was recognized.,add_or_confirm_api_token_guard,no,no
GET,API/Wallets/Plaid/Config-Debug,»,\App\Modules\APIs\Controllers\WalletsAPIController::plaidConfigDebug,botBlocker requestLifecycle observability ratelimit throttle sessionRevoked,cspoff sessionTracker requestLifecycle observability jsonException toolbar,DEPRECATED_OR_DISABLED,REVIEW_REQUIRED,Debug/dev/test route should not be launchable without explicit owner approval.,owner_review_before_launch,no,no
GET,API/Wallets/Plaid/Env,»,\App\Modules\APIs\Controllers\WalletsAPIController::plaidEnv,botBlocker requestLifecycle observability ratelimit throttle sessionRevoked,cspoff sessionTracker requestLifecycle observability jsonException toolbar,API_TOKEN,MISSING_GUARD,API route is non-public but no API token/auth/role guard was recognized.,add_or_confirm_api_token_guard,no,no
GET,API/Wallets/Plaid/OAuth-Return,»,\App\Modules\APIs\Controllers\WalletsAPIController::plaidOAuthReturn,botBlocker requestLifecycle observability ratelimit throttle sessionRevoked,cspoff sessionTracker requestLifecycle observability jsonException toolbar,API_TOKEN,MISSING_GUARD,API route is non-public but no API token/auth/role guard was recognized.,add_or_confirm_api_token_guard,no,no
GET,API/Wallets/Plaid/Webhook,»,\App\Modules\APIs\Controllers\WalletsAPIController::plaidWebhook,botBlocker requestLifecycle observability ratelimit throttle sessionRevoked,cspoff sessionTracker requestLifecycle observability jsonException toolbar,API_TOKEN,MISSING_GUARD,API route is non-public but no API token/auth/role guard was recognized.,add_or_confirm_api_token_guard,no,no
GET,API/Wallets/Plaid/Link-Token,»,\App\Modules\APIs\Controllers\WalletsAPIController::plaidLinkToken,botBlocker requestLifecycle observability ratelimit throttle sessionRevoked,cspoff sessionTracker requestLifecycle observability jsonException toolbar,API_TOKEN,MISSING_GUARD,API route is non-public but no API token/auth/role guard was recognized.,add_or_confirm_api_token_guard,no,no
GET,API/Wallets//([^/]+)/([^/]+),»,\App\Modules\APIs\Controllers\WalletsAPIController::index/$1/$2,botBlocker requestLifecycle observability ratelimit throttle sessionRevoked,cspoff sessionTracker requestLifecycle observability jsonException toolbar,API_TOKEN,MISSING_GUARD,API route is non-public but no API token/auth/role guard was recognized.,add_or_confirm_api_token_guard,no,no
GET,API/User/Comments/Add,»,\App\Modules\APIs\Controllers\UserAPIController::addComment,botBlocker requestLifecycle observability ratelimit throttle sessionRevoked,cspoff sessionTracker requestLifecycle observability jsonException toolbar,API_TOKEN,MISSING_GUARD,API route is non-public but no API token/auth/role guard was recognized.,add_or_confirm_api_token_guard,no,no
GET,API/Users/Comments/Add,»,\App\Modules\APIs\Controllers\UserAPIController::addComment,botBlocker requestLifecycle observability ratelimit throttle sessionRevoked,cspoff sessionTracker requestLifecycle observability jsonException toolbar,API_TOKEN,MISSING_GUARD,API route is non-public but no API token/auth/role guard was recognized.,add_or_confirm_api_token_guard,no,no
GET,Blog,»,\App\Modules\Blog\Controllers\BlogController::index,maintenance botBlocker requestLifecycle observability ratelimit throttle sessionRevoked csrf,cspoff sessionTracker requestLifecycle observability jsonException toolbar,PUBLIC,OK,Recognized public/lifecycle route.,none,no,no
GET,Blog/Post/([^/]+),»,\App\Modules\Blog\Controllers\BlogController::viewBlog/$1,maintenance botBlocker requestLifecycle observability ratelimit throttle sessionRevoked csrf,cspoff sessionTracker requestLifecycle observability jsonException toolbar,PUBLIC,OK,Recognized public/lifecycle route.,none,no,no
GET,Blog/Earnings,»,\App\Modules\Blog\Controllers\EarningsController::index,maintenance botBlocker requestLifecycle observability ratelimit throttle sessionRevoked csrf,cspoff sessionTracker requestLifecycle observability jsonException toolbar,PUBLIC,OK,Recognized public/lifecycle route.,none,no,no
GET,Blog/Earnings/Test,»,\App\Modules\Blog\Controllers\EarningsController::test,maintenance botBlocker requestLifecycle observability ratelimit throttle sessionRevoked csrf,cspoff sessionTracker requestLifecycle observability jsonException toolbar,PUBLIC,OK,Recognized public/lifecycle route.,none,no,no
GET,Blog/Earnings/([^/]+),»,\App\Modules\Blog\Controllers\EarningsController::viewByDate,maintenance botBlocker requestLifecycle observability ratelimit throttle sessionRevoked csrf,cspoff sessionTracker requestLifecycle observability jsonException toolbar,PUBLIC,OK,Recognized public/lifecycle route.,none,no,no
GET,Blog/Investing,»,\App\Modules\Blog\Controllers\InvestingController::index,maintenance botBlocker requestLifecycle observability ratelimit throttle sessionRevoked csrf,cspoff sessionTracker requestLifecycle observability jsonException toolbar,PUBLIC,OK,Recognized public/lifecycle route.,none,no,no
GET,Blog/Investing/The-Beginners-Guide-To-Option-Trading,»,\App\Modules\Blog\Controllers\InvestingController::TheBeginnersGuideToOptionTrading,maintenance botBlocker requestLifecycle observability ratelimit throttle sessionRevoked csrf,cspoff sessionTracker requestLifecycle observability jsonException toolbar,PUBLIC,OK,Recognized public/lifecycle route.,none,no,no
GET,Blog/Investing/The-Fundamentals-Of-Investing,»,\App\Modules\Blog\Controllers\InvestingController::TheFundamentalsOfInvesting,maintenance botBlocker requestLifecycle observability ratelimit throttle sessionRevoked csrf,cspoff sessionTracker requestLifecycle observability jsonException toolbar,PUBLIC,OK,Recognized public/lifecycle route.,none,no,no
GET,Blog/Investing/Tips-For-Effective-Investment-Portfolio-Management,»,\App\Modules\Blog\Controllers\InvestingController::TipsForEffectiveInvestmentPortfolioManagement,maintenance botBlocker requestLifecycle observability ratelimit throttle sessionRevoked csrf,cspoff sessionTracker requestLifecycle observability jsonException toolbar,PUBLIC,OK,Recognized public/lifecycle route.,none,no,no
GET,Blog/IRS,»,\App\Modules\Blog\Controllers\InvestingController::index,maintenance botBlocker requestLifecycle observability ratelimit throttle sessionRevoked csrf,cspoff sessionTracker requestLifecycle observability jsonException toolbar,PUBLIC,OK,Recognized public/lifecycle route.,none,no,no
GET,Blog/IRS/IRS-Expanded-Home-Energy-Tax-Credits,»,\App\Modules\Blog\Controllers\IRSController::IRSExpandedHomeEnergyTaxCredits,maintenance botBlocker requestLifecycle observability ratelimit throttle sessionRevoked csrf,cspoff sessionTracker requestLifecycle observability jsonException toolbar,PUBLIC,OK,Recognized public/lifecycle route.,none,no,no
GET,Blog/News-And-Updates,»,\App\Modules\Blog\Controllers\UpdatesController::index,maintenance botBlocker requestLifecycle observability ratelimit throttle sessionRevoked csrf,cspoff sessionTracker requestLifecycle observability jsonException toolbar,PUBLIC,OK,Recognized public/lifecycle route.,none,no,no
GET,Blog/News-And-Updates/Integrating-With-Plaid,»,\App\Modules\Blog\Controllers\NewsAndUpdates::IntegratingWithPlaid,maintenance botBlocker requestLifecycle observability ratelimit throttle sessionRevoked csrf,cspoff sessionTracker requestLifecycle observability jsonException toolbar,PUBLIC,OK,Recognized public/lifecycle route.,none,no,no
GET,Blog/News-And-Updates/The-Roadmap-To-The-Future-Of-Finance,»,\App\Modules\Blog\Controllers\NewsAndUpdates::TheRoadmapToTheFutureOfFinance,maintenance botBlocker requestLifecycle observability ratelimit throttle sessionRevoked csrf,cspoff sessionTracker requestLifecycle observability jsonException toolbar,PUBLIC,OK,Recognized public/lifecycle route.,none,no,no
GET,Blog/Personal-Budgeting,»,\App\Modules\Blog\Controllers\PersonalBudgetingController::index,maintenance botBlocker requestLifecycle observability ratelimit throttle sessionRevoked csrf,cspoff sessionTracker requestLifecycle observability jsonException toolbar,PUBLIC,OK,Recognized public/lifecycle route.,none,no,no
GET,Blog/Personal-Budgeting/The-Importance-of-Personal-Financial-Budgeting,»,\App\Modules\Blog\Controllers\PersonalBudgetingController::TheImportanceOfPersonalFinancialBudgeting,maintenance botBlocker requestLifecycle observability ratelimit throttle sessionRevoked csrf,cspoff sessionTracker requestLifecycle observability jsonException toolbar,PUBLIC,OK,Recognized public/lifecycle route.,none,no,no
GET,Blog/([^/]+)/([^/]+),»,\App\Modules\Blog\Controllers\BlogController::view/$1/$2,maintenance botBlocker requestLifecycle observability ratelimit throttle sessionRevoked csrf,cspoff sessionTracker requestLifecycle observability jsonException toolbar,PUBLIC,OK,Recognized public/lifecycle route.,none,no,no
GET,Blog/([^/]+),»,\App\Modules\Blog\Controllers\BlogController::view/$1,maintenance botBlocker requestLifecycle observability ratelimit throttle sessionRevoked csrf,cspoff sessionTracker requestLifecycle observability jsonException toolbar,PUBLIC,OK,Recognized public/lifecycle route.,none,no,no
GET,index.php/Blog,»,(Closure),maintenance botBlocker requestLifecycle observability ratelimit throttle sessionRevoked csrf authcheck,cspoff sessionTracker requestLifecycle observability jsonException toolbar,USER_AUTH,OK,Login/auth/authcheck guard is present.,none,no,no
GET,index.php/Blog/([^/]+),»,(Closure),maintenance botBlocker requestLifecycle observability ratelimit throttle sessionRevoked csrf authcheck,cspoff sessionTracker requestLifecycle observability jsonException toolbar,USER_AUTH,OK,Login/auth/authcheck guard is present.,none,no,no
GET,index.php/Blog/([^/]+)/([^/]+),»,(Closure),maintenance botBlocker requestLifecycle observability ratelimit throttle sessionRevoked csrf authcheck,cspoff sessionTracker requestLifecycle observability jsonException toolbar,USER_AUTH,OK,Login/auth/authcheck guard is present.,none,no,no
GET,Dashboard,dashboard,\App\Modules\User\Controllers\DashboardController::index,maintenance botBlocker requestLifecycle observability ratelimit throttle sessionRevoked csrf authcheck login noStore,noStore login cspoff sessionTracker requestLifecycle observability jsonException toolbar,USER_AUTH,OK,Login/auth/authcheck guard is present.,none,no,no
GET,Dashboard/Transaction-Modal/([^/]+),load-modal-1-segment,\App\Modules\User\Controllers\DashboardController::loadModalContent/$1,maintenance botBlocker requestLifecycle observability ratelimit throttle sessionRevoked csrf authcheck login noStore,noStore login cspoff sessionTracker requestLifecycle observability jsonException toolbar,USER_AUTH,OK,Login/auth/authcheck guard is present.,none,no,no
GET,Dashboard/Transaction-Modal/([^/]+)/([^/]+),load-modal-2-segment,\App\Modules\User\Controllers\DashboardController::loadModalContent/$1/$2,maintenance botBlocker requestLifecycle observability ratelimit throttle sessionRevoked csrf authcheck login noStore,noStore login cspoff sessionTracker requestLifecycle observability jsonException toolbar,USER_AUTH,OK,Login/auth/authcheck guard is present.,none,no,no
GET,Dashboard/Transaction-Modal/([^/]+)/([^/]+)/([^/]+),load-modal-3-segment,\App\Modules\User\Controllers\DashboardController::loadModalContent/$1/$2/$3,maintenance botBlocker requestLifecycle observability ratelimit throttle sessionRevoked csrf authcheck login noStore,noStore login cspoff sessionTracker requestLifecycle observability jsonException toolbar,USER_AUTH,OK,Login/auth/authcheck guard is present.,none,no,no
GET,Dashboard/Transaction-Modal/([^/]+)/([^/]+)/([^/]+)/([^/]+),load-modal-4-segment,\App\Modules\User\Controllers\DashboardController::loadModalContent/$1/$2/$3/$4,maintenance botBlocker requestLifecycle observability ratelimit throttle sessionRevoked csrf authcheck login noStore,noStore login cspoff sessionTracker requestLifecycle observability jsonException toolbar,USER_AUTH,OK,Login/auth/authcheck guard is present.,none,no,no
GET,Dashboard/Transaction-Modal/([^/]+)/([^/]+)/([^/]+)/([^/]+)/([^/]+),load-modal-5-segment,\App\Modules\User\Controllers\DashboardController::loadModalContent/$1/$2/$3/$4/$5,maintenance botBlocker requestLifecycle observability ratelimit throttle sessionRevoked csrf authcheck login noStore,noStore login cspoff sessionTracker requestLifecycle observability jsonException toolbar,USER_AUTH,OK,Login/auth/authcheck guard is present.,none,no,no
GET,Dashboard/Transaction-Modal/([^/]+)/([^/]+)/([^/]+)/([^/]+)/([^/]+)/([^/]+),load-modal-6-segment,\App\Modules\User\Controllers\DashboardController::loadModalContent/$1/$2/$3/$4/$5/$6,maintenance botBlocker requestLifecycle observability ratelimit throttle sessionRevoked csrf authcheck login noStore,noStore login cspoff sessionTracker requestLifecycle observability jsonException toolbar,USER_AUTH,OK,Login/auth/authcheck guard is present.,none,no,no
GET,Dashboard/LoadingScreen,loading-screen,\App\Modules\User\Controllers\DashboardController::LoadingScreen,maintenance botBlocker requestLifecycle observability ratelimit throttle sessionRevoked csrf authcheck login noStore,noStore login cspoff sessionTracker requestLifecycle observability jsonException toolbar,USER_AUTH,OK,Login/auth/authcheck guard is present.,none,no,no
GET,Dashboard/onboarding,onboarding,\App\Modules\User\Controllers\DashboardController::onboarding,maintenance botBlocker requestLifecycle observability ratelimit throttle sessionRevoked csrf authcheck login noStore,noStore login cspoff sessionTracker requestLifecycle observability jsonException toolbar,USER_AUTH,OK,Login/auth/authcheck guard is present.,none,no,no
GET,Dashboard/checkOnboardingStatus,check-onboarding-status,\App\Modules\User\Controllers\DashboardController::checkOnboardingStatus,maintenance botBlocker requestLifecycle observability ratelimit throttle sessionRevoked csrf authcheck login noStore,noStore login cspoff sessionTracker requestLifecycle observability jsonException toolbar,USER_AUTH,OK,Login/auth/authcheck guard is present.,none,no,no
GET,Dashboard/continue-setup-modal,continue-setup-modal,\App\Modules\User\Controllers\DashboardController::continueSetupModal,maintenance botBlocker requestLifecycle observability ratelimit throttle sessionRevoked csrf authcheck login noStore,noStore login cspoff sessionTracker requestLifecycle observability jsonException toolbar,USER_AUTH,OK,Login/auth/authcheck guard is present.,none,no,no
GET,Dashboard/onboarding/progress,onboarding-progress,\App\Modules\User\Controllers\OnboardingWalkthroughController::progress,maintenance botBlocker requestLifecycle observability ratelimit throttle sessionRevoked csrf authcheck login noStore,noStore login cspoff sessionTracker requestLifecycle observability jsonException toolbar,USER_AUTH,OK,Login/auth/authcheck guard is present.,none,no,no
GET,Management,»,\App\Modules\Management\Controllers\ManagementAdminController::index,maintenance botBlocker requestLifecycle observability ratelimit throttle sessionRevoked csrf authcheck,cspoff sessionTracker requestLifecycle observability jsonException toolbar,USER_AUTH,OK,Login/auth/authcheck guard is present.,none,no,no
GET,Management/banUnverifiedUsers,»,\App\Modules\Management\Controllers\ManagementAdminController::banUnverifiedUsers,botBlocker requestLifecycle observability ratelimit throttle sessionRevoked csrf authcheck,cspoff sessionTracker requestLifecycle observability jsonException toolbar,USER_AUTH,OK,Login/auth/authcheck guard is present.,none,no,no
GET,Management/processQueuedEmails,»,\App\Modules\Management\Controllers\ManagementAdminController::processQueuedEmails,botBlocker requestLifecycle observability ratelimit throttle sessionRevoked csrf authcheck,cspoff sessionTracker requestLifecycle observability jsonException toolbar,USER_AUTH,OK,Login/auth/authcheck guard is present.,none,no,no
GET,Management/resendActivationEmailsBatch,»,\App\Modules\Management\Controllers\ManagementAdminController::resendActivationEmailsBatch,botBlocker requestLifecycle observability ratelimit throttle sessionRevoked csrf authcheck,cspoff sessionTracker requestLifecycle observability jsonException toolbar,USER_AUTH,OK,Login/auth/authcheck guard is present.,none,no,no
GET,Management/resendActivationEmailsBatchQueued,»,\App\Modules\Management\Controllers\ManagementAdminController::resendActivationEmailsBatchQueued,botBlocker requestLifecycle observability ratelimit throttle sessionRevoked csrf authcheck,cspoff sessionTracker requestLifecycle observability jsonException toolbar,USER_AUTH,OK,Login/auth/authcheck guard is present.,none,no,no
GET,Management/sendTestActivationEmail,»,\App\Modules\Management\Controllers\ManagementAdminController::sendTestActivationEmail,botBlocker requestLifecycle observability ratelimit throttle sessionRevoked csrf authcheck,cspoff sessionTracker requestLifecycle observability jsonException toolbar,USER_AUTH,OK,Login/auth/authcheck guard is present.,none,no,no
GET,Management/Signals,»,\App\Modules\Management\Controllers\SignalsAdminController::index,botBlocker requestLifecycle observability ratelimit throttle sessionRevoked csrf authcheck,cspoff sessionTracker requestLifecycle observability jsonException toolbar,USER_AUTH,OK,Login/auth/authcheck guard is present.,none,no,no
GET,Management/AiOps,»,\App\Modules\Management\Controllers\AiOpsManagementAdminController::index,botBlocker requestLifecycle observability ratelimit throttle sessionRevoked csrf authcheck permission:admin.access,permission:admin.access cspoff sessionTracker requestLifecycle observability jsonException toolbar,ADMIN_AUTH,OK,Permission/role guard is present.,none,no,no
GET,Management/Ops,»,\App\Modules\Management\Controllers\OpsAdminController::index,botBlocker requestLifecycle observability ratelimit throttle sessionRevoked csrf authcheck permission:admin.access,permission:admin.access cspoff sessionTracker requestLifecycle observability jsonException toolbar,ADMIN_AUTH,OK,Permission/role guard is present.,none,no,no
GET,Management/Ops/ajaxStatus,»,\App\Modules\Management\Controllers\OpsAdminController::ajaxStatus,botBlocker requestLifecycle observability ratelimit throttle sessionRevoked csrf authcheck permission:admin.access,permission:admin.access cspoff sessionTracker requestLifecycle observability jsonException toolbar,ADMIN_AUTH,OK,Permission/role guard is present.,none,no,no
GET,Management/AccountRescue,»,\App\Modules\Management\Controllers\AccountRescueAdminController::index,botBlocker requestLifecycle observability ratelimit throttle sessionRevoked csrf authcheck permission:admin.access,permission:admin.access cspoff sessionTracker requestLifecycle observability jsonException toolbar,ADMIN_AUTH,OK,Permission/role guard is present.,none,no,no
GET,Management/Admin,»,\App\Modules\Management\Controllers\ManagementAdminController::index,botBlocker requestLifecycle observability ratelimit throttle sessionRevoked csrf authcheck,cspoff sessionTracker requestLifecycle observability jsonException toolbar,USER_AUTH,OK,Login/auth/authcheck guard is present.,none,no,no
GET,Management/Admin/Chat,»,\App\Modules\Management\Controllers\ChatAdminController::index,botBlocker requestLifecycle observability ratelimit throttle sessionRevoked csrf authcheck permission:admin.access,permission:admin.access cspoff sessionTracker requestLifecycle observability jsonException toolbar,ADMIN_AUTH,OK,Permission/role guard is present.,none,no,no
GET,Management/Admin/Chat/history,»,\App\Modules\Management\Controllers\ChatAdminController::history,botBlocker requestLifecycle observability ratelimit throttle sessionRevoked csrf authcheck permission:admin.access,permission:admin.access cspoff sessionTracker requestLifecycle observability jsonException toolbar,ADMIN_AUTH,OK,Permission/role guard is present.,none,no,no
GET,Management/Alerts,»,\App\Modules\Management\Controllers\AlertsAdminController::index,botBlocker requestLifecycle observability ratelimit throttle sessionRevoked csrf authcheck,cspoff sessionTracker requestLifecycle observability jsonException toolbar,USER_AUTH,OK,Login/auth/authcheck guard is present.,none,no,no
GET,Management/Alerts/Add/([^/]+),»,\App\Modules\Management\Controllers\AlertsAdminController::add,botBlocker requestLifecycle observability ratelimit throttle sessionRevoked csrf authcheck,cspoff sessionTracker requestLifecycle observability jsonException toolbar,USER_AUTH,OK,Login/auth/authcheck guard is present.,none,no,no
GET,Management/Alerts/addTradeAlert,»,\App\Modules\Management\Controllers\AlertsAdminController::addTradeAlert,botBlocker requestLifecycle observability ratelimit throttle sessionRevoked csrf authcheck,cspoff sessionTracker requestLifecycle observability jsonException toolbar,USER_AUTH,OK,Login/auth/authcheck guard is present.,none,no,no
GET,Management/Alerts/Advisor/Media,»,\App\Modules\Management\Controllers\AlertsAdminController::advisorMedia,botBlocker requestLifecycle observability ratelimit throttle sessionRevoked csrf authcheck,cspoff sessionTracker requestLifecycle observability jsonException toolbar,USER_AUTH,OK,Login/auth/authcheck guard is present.,none,no,no
GET,Management/Alerts/Crypto/([^/]+)/([^/]+),»,\App\Modules\Management\Controllers\Management\AlertsAdminController::stockOverview/$1/$2,botBlocker requestLifecycle observability ratelimit throttle sessionRevoked csrf authcheck,cspoff sessionTracker requestLifecycle observability jsonException toolbar,USER_AUTH,OK,Login/auth/authcheck guard is present.,none,no,no
GET,Management/Alerts/Audit/Emails,»,\App\Modules\Management\Controllers\AlertsAdminController::auditEmailScraper,botBlocker requestLifecycle observability ratelimit throttle sessionRevoked csrf authcheck,cspoff sessionTracker requestLifecycle observability jsonException toolbar,USER_AUTH,OK,Login/auth/authcheck guard is present.,none,no,no
GET,Management/Alerts/fetchData,»,\App\Modules\Management\Controllers\AlertsAdminController::fetchData,botBlocker requestLifecycle observability ratelimit throttle sessionRevoked csrf authcheck,cspoff sessionTracker requestLifecycle observability jsonException toolbar,USER_AUTH,OK,Login/auth/authcheck guard is present.,none,no,no
GET,Management/Alerts/Fetch/Ticker/([^/]+),»,\App\Modules\Management\Controllers\AlertsAdminController::fetchTickerDetails/$1,botBlocker requestLifecycle observability ratelimit throttle sessionRevoked csrf authcheck,cspoff sessionTracker requestLifecycle observability jsonException toolbar,USER_AUTH,OK,Login/auth/authcheck guard is present.,none,no,no
GET,Management/Alerts/Import/Tickers,»,\App\Modules\Management\Controllers\AlertsAdminController::importTickers,botBlocker requestLifecycle observability ratelimit throttle sessionRevoked csrf authcheck,cspoff sessionTracker requestLifecycle observability jsonException toolbar,USER_AUTH,OK,Login/auth/authcheck guard is present.,none,no,no
GET,Management/Alerts/Stock/([^/]+)/([^/]+),»,\App\Modules\Management\Controllers\Management\AlertsAdminController::stockOverview/$1/$2,botBlocker requestLifecycle observability ratelimit throttle sessionRevoked csrf authcheck,cspoff sessionTracker requestLifecycle observability jsonException toolbar,USER_AUTH,OK,Login/auth/authcheck guard is present.,none,no,no
GET,Management/Alerts/Tasks/fetchAlerts,»,\App\Modules\Management\Controllers\Management\AlertsAdminController::fetchData,botBlocker requestLifecycle observability ratelimit throttle sessionRevoked csrf authcheck,cspoff sessionTracker requestLifecycle observability jsonException toolbar,USER_AUTH,OK,Login/auth/authcheck guard is present.,none,no,no
GET,Management/Alerts/Submit/TradingView,»,\App\Modules\Management\Controllers\AlertsAdminController::submitTradingView,botBlocker requestLifecycle observability ratelimit throttle sessionRevoked csrf authcheck,cspoff sessionTracker requestLifecycle observability jsonException toolbar,USER_AUTH,OK,Login/auth/authcheck guard is present.,none,no,no
GET,Management/Alerts/Test,»,\App\Modules\Management\Controllers\AlertsAdminController::test,botBlocker requestLifecycle observability ratelimit throttle sessionRevoked csrf authcheck,cspoff sessionTracker requestLifecycle observability jsonException toolbar,USER_AUTH,OK,Login/auth/authcheck guard is present.,none,no,no
GET,Management/Alerts/Test-Alert-Email,»,\App\Modules\Management\Controllers\AlertsAdminController::testEmail,botBlocker requestLifecycle observability ratelimit throttle sessionRevoked csrf authcheck,cspoff sessionTracker requestLifecycle observability jsonException toolbar,USER_AUTH,OK,Login/auth/authcheck guard is present.,none,no,no
GET,Management/Alerts/Test-Email,»,\App\Modules\Management\Controllers\AlertsAdminController::sendTestEmail,botBlocker requestLifecycle observability ratelimit throttle sessionRevoked csrf authcheck,cspoff sessionTracker requestLifecycle observability jsonException toolbar,USER_AUTH,OK,Login/auth/authcheck guard is present.,none,no,no
GET,Management/Alerts/Trades,»,\App\Modules\Management\Controllers\AlertsAdminController::trades,botBlocker requestLifecycle observability ratelimit throttle sessionRevoked csrf authcheck,cspoff sessionTracker requestLifecycle observability jsonException toolbar,USER_AUTH,OK,Login/auth/authcheck guard is present.,none,no,no
GET,Management/Alerts/Top-Performance/Weekly,»,\App\Modules\Management\Controllers\AlertsAdminController::topPerformanceWeekly,botBlocker requestLifecycle observability ratelimit throttle sessionRevoked csrf authcheck,cspoff sessionTracker requestLifecycle observability jsonException toolbar,USER_AUTH,OK,Login/auth/authcheck guard is present.,none,no,no
GET,Management/Alerts/weeklyTopPerformance,»,\App\Modules\Management\Controllers\AlertsAdminController::topPerformanceWeekly,botBlocker requestLifecycle observability ratelimit throttle sessionRevoked csrf authcheck,cspoff sessionTracker requestLifecycle observability jsonException toolbar,USER_AUTH,OK,Login/auth/authcheck guard is present.,none,no,no
GET,Management/Assets,»,\App\Modules\Management\Controllers\AssetsAdminController::index,botBlocker requestLifecycle observability ratelimit throttle sessionRevoked csrf authcheck,cspoff sessionTracker requestLifecycle observability jsonException toolbar,USER_AUTH,OK,Login/auth/authcheck guard is present.,none,no,no
GET,Management/Budgets,»,\App\Modules\Management\Controllers\BudgetsAdminController::index,botBlocker requestLifecycle observability ratelimit throttle sessionRevoked csrf authcheck,cspoff sessionTracker requestLifecycle observability jsonException toolbar,USER_AUTH,OK,Login/auth/authcheck guard is present.,none,no,no
GET,Management/Budgeting,»,\App\Modules\Management\Controllers\BudgetingAdminController::index,botBlocker requestLifecycle observability ratelimit throttle sessionRevoked csrf authcheck,cspoff sessionTracker requestLifecycle observability jsonException toolbar,USER_AUTH,OK,Login/auth/authcheck guard is present.,none,no,no
GET,Management/Development,»,\App\Modules\Management\Controllers\DevelopmentAdminController::index,botBlocker requestLifecycle observability ratelimit throttle sessionRevoked csrf authcheck,cspoff sessionTracker requestLifecycle observability jsonException toolbar,USER_AUTH,OK,Login/auth/authcheck guard is present.,none,no,no
GET,Management/Discord,»,\App\Modules\Management\Controllers\DiscordAdminController::index,botBlocker requestLifecycle observability ratelimit throttle sessionRevoked csrf authcheck,cspoff sessionTracker requestLifecycle observability jsonException toolbar,USER_AUTH,OK,Login/auth/authcheck guard is present.,none,no,no
GET,Management/Drip-Campaigns,»,\App\Modules\Management\Controllers\DripCampaignAdminController::index,botBlocker requestLifecycle observability ratelimit throttle sessionRevoked csrf authcheck,cspoff sessionTracker requestLifecycle observability jsonException toolbar,USER_AUTH,OK,Login/auth/authcheck guard is present.,none,no,no
GET,Management/Drip-Campaigns/Create,»,\App\Modules\Management\Controllers\DripCampaignAdminController::create,botBlocker requestLifecycle observability ratelimit throttle sessionRevoked csrf authcheck,cspoff sessionTracker requestLifecycle observability jsonException toolbar,USER_AUTH,OK,Login/auth/authcheck guard is present.,none,no,no
GET,Management/Drip-Campaigns/([0-9]+)/Steps,»,\App\Modules\Management\Controllers\DripCampaignAdminController::viewSteps/$1,botBlocker requestLifecycle observability ratelimit throttle sessionRevoked csrf authcheck,cspoff sessionTracker requestLifecycle observability jsonException toolbar,USER_AUTH,OK,Login/auth/authcheck guard is present.,none,no,no
GET,Management/Drip-Campaigns/([0-9]+)/Steps/Add,»,\App\Modules\Management\Controllers\DripCampaignAdminController::addStep/$1,botBlocker requestLifecycle observability ratelimit throttle sessionRevoked csrf authcheck,cspoff sessionTracker requestLifecycle observability jsonException toolbar,USER_AUTH,OK,Login/auth/authcheck guard is present.,none,no,no
GET,Management/Email,»,\App\Modules\Management\Controllers\EmailAdminController::index,botBlocker requestLifecycle observability ratelimit throttle sessionRevoked csrf authcheck,cspoff sessionTracker requestLifecycle observability jsonException toolbar,USER_AUTH,OK,Login/auth/authcheck guard is present.,none,no,no
GET,Management/Email/autoScheduleDrafts,»,\App\Modules\Management\Controllers\EmailAdminController::autoScheduleDrafts,botBlocker requestLifecycle observability ratelimit throttle sessionRevoked csrf authcheck,cspoff sessionTracker requestLifecycle observability jsonException toolbar,USER_AUTH,OK,Login/auth/authcheck guard is present.,none,no,no
GET,Management/Email/autoScheduleLogs,»,\App\Modules\Management\Controllers\EmailAdminController::autoScheduleLogs,botBlocker requestLifecycle observability ratelimit throttle sessionRevoked csrf authcheck,cspoff sessionTracker requestLifecycle observability jsonException toolbar,USER_AUTH,OK,Login/auth/authcheck guard is present.,none,no,no
GET,Management/Email/campaigns,»,\App\Modules\Management\Controllers\EmailAdminController::campaigns,botBlocker requestLifecycle observability ratelimit throttle sessionRevoked csrf authcheck,cspoff sessionTracker requestLifecycle observability jsonException toolbar,USER_AUTH,OK,Login/auth/authcheck guard is present.,none,no,no
GET,Management/Email/campaignStats/([0-9]+),»,\App\Modules\Management\Controllers\EmailAdminController::campaignStats/$1,botBlocker requestLifecycle observability ratelimit throttle sessionRevoked csrf authcheck,cspoff sessionTracker requestLifecycle observability jsonException toolbar,USER_AUTH,OK,Login/auth/authcheck guard is present.,none,no,no
GET,Management/Email/editCampaign/([0-9]+),»,\App\Modules\Management\Controllers\EmailAdminController::editCampaign/$1,botBlocker requestLifecycle observability ratelimit throttle sessionRevoked csrf authcheck,cspoff sessionTracker requestLifecycle observability jsonException toolbar,USER_AUTH,OK,Login/auth/authcheck guard is present.,none,no,no
GET,Management/Email/previewQueuedEmail/([0-9]+),»,\App\Modules\Management\Controllers\EmailAdminController::previewQueuedEmail/$1,botBlocker requestLifecycle observability ratelimit throttle sessionRevoked csrf authcheck,cspoff sessionTracker requestLifecycle observability jsonException toolbar,USER_AUTH,OK,Login/auth/authcheck guard is present.,none,no,no
GET,Management/Email/queued,»,\App\Modules\Management\Controllers\EmailAdminController::queued,botBlocker requestLifecycle observability ratelimit throttle sessionRevoked csrf authcheck,cspoff sessionTracker requestLifecycle observability jsonException toolbar,USER_AUTH,OK,Login/auth/authcheck guard is present.,none,no,no
GET,Management/ErrorOps,»,\App\Modules\Management\Controllers\ErrorOpsController::index,botBlocker requestLifecycle observability ratelimit throttle sessionRevoked csrf authcheck,cspoff sessionTracker requestLifecycle observability jsonException toolbar,USER_AUTH,OK,Login/auth/authcheck guard is present.,none,no,no
GET,Management/ErrorOps/apiKpis,»,\App\Modules\Management\Controllers\ErrorOpsController::apiKpis,botBlocker requestLifecycle observability ratelimit throttle sessionRevoked csrf authcheck,cspoff sessionTracker requestLifecycle observability jsonException toolbar,USER_AUTH,OK,Login/auth/authcheck guard is present.,none,no,no
GET,Management/ErrorOps/apiTopControllers,»,\App\Modules\Management\Controllers\ErrorOpsController::apiTopControllers,botBlocker requestLifecycle observability ratelimit throttle sessionRevoked csrf authcheck,cspoff sessionTracker requestLifecycle observability jsonException toolbar,USER_AUTH,OK,Login/auth/authcheck guard is present.,none,no,no
GET,Management/ErrorOps/apiHeatmap,»,\App\Modules\Management\Controllers\ErrorOpsController::apiHeatmap,botBlocker requestLifecycle observability ratelimit throttle sessionRevoked csrf authcheck,cspoff sessionTracker requestLifecycle observability jsonException toolbar,USER_AUTH,OK,Login/auth/authcheck guard is present.,none,no,no
GET,Management/ErrorOps/apiPatterns,»,\App\Modules\Management\Controllers\ErrorOpsController::apiPatterns,botBlocker requestLifecycle observability ratelimit throttle sessionRevoked csrf authcheck,cspoff sessionTracker requestLifecycle observability jsonException toolbar,USER_AUTH,OK,Login/auth/authcheck guard is present.,none,no,no
GET,Management/Exchange,»,\App\Modules\Management\Controllers\ExchangeAdminController::index,botBlocker requestLifecycle observability ratelimit throttle sessionRevoked csrf authcheck,cspoff sessionTracker requestLifecycle observability jsonException toolbar,USER_AUTH,OK,Login/auth/authcheck guard is present.,none,no,no
GET,Management/Finance,»,\App\Modules\Management\Controllers\FinanceAdminController::index,botBlocker requestLifecycle observability ratelimit throttle sessionRevoked csrf authcheck,cspoff sessionTracker requestLifecycle observability jsonException toolbar,USER_AUTH,OK,Login/auth/authcheck guard is present.,none,no,no
GET,Management/How-Tos,»,\App\Modules\Management\Controllers\HowTosAdminController::index,botBlocker requestLifecycle observability ratelimit throttle sessionRevoked csrf authcheck,cspoff sessionTracker requestLifecycle observability jsonException toolbar,USER_AUTH,OK,Login/auth/authcheck guard is present.,none,no,no
GET,Management/How-Tos/Employees/Account-Setup,»,\App\Modules\Management\Controllers\HowTosAdminController::employeeAccountSetup,botBlocker requestLifecycle observability ratelimit throttle sessionRevoked csrf authcheck,cspoff sessionTracker requestLifecycle observability jsonException toolbar,USER_AUTH,OK,Login/auth/authcheck guard is present.,none,no,no
GET,Management/How-Tos/Employees/Email-Setup,»,\App\Modules\Management\Controllers\HowTosAdminController::employeeEmailSetup,botBlocker requestLifecycle observability ratelimit throttle sessionRevoked csrf authcheck,cspoff sessionTracker requestLifecycle observability jsonException toolbar,USER_AUTH,OK,Login/auth/authcheck guard is present.,none,no,no
GET,Management/HR,»,\App\Modules\Management\Controllers\HRAdminController::index,botBlocker requestLifecycle observability ratelimit throttle sessionRevoked csrf authcheck,cspoff sessionTracker requestLifecycle observability jsonException toolbar,USER_AUTH,OK,Login/auth/authcheck guard is present.,none,no,no
GET,Management/Investments,»,\App\Modules\Management\Controllers\InvestmentsAdminController::index,botBlocker requestLifecycle observability ratelimit throttle sessionRevoked csrf authcheck,cspoff sessionTracker requestLifecycle observability jsonException toolbar,USER_AUTH,OK,Login/auth/authcheck guard is present.,none,no,no
GET,Management/Investments/News,»,\App\Modules\Management\Controllers\InvestmentsAdminController::newsIndex,botBlocker requestLifecycle observability ratelimit throttle sessionRevoked csrf authcheck,cspoff sessionTracker requestLifecycle observability jsonException toolbar,USER_AUTH,OK,Login/auth/authcheck guard is present.,none,no,no
GET,Management/Marketing,»,\App\Modules\Management\Controllers\MarketingAdminController::index,botBlocker requestLifecycle observability ratelimit throttle sessionRevoked csrf authcheck,cspoff sessionTracker requestLifecycle observability jsonException toolbar,USER_AUTH,OK,Login/auth/authcheck guard is present.,none,no,no
GET,Management/Marketing/Add/([^/]+),»,\App\Modules\Management\Controllers\MarketingAdminController::add/$1,botBlocker requestLifecycle observability ratelimit throttle sessionRevoked csrf authcheck,cspoff sessionTracker requestLifecycle observability jsonException toolbar,USER_AUTH,OK,Login/auth/authcheck guard is present.,none,no,no
GET,Management/Marketing/Approve-Content/([0-9]+),»,\App\Modules\Management\Controllers\MarketingAdminController::approveContent/$1,botBlocker requestLifecycle observability ratelimit throttle sessionRevoked csrf authcheck,cspoff sessionTracker requestLifecycle observability jsonException toolbar,USER_AUTH,OK,Login/auth/authcheck guard is present.,none,no,no
GET,Management/Marketing/Blog-Creator,»,\App\Modules\Management\Controllers\MarketingAdminController::blogCreator,botBlocker requestLifecycle observability ratelimit throttle sessionRevoked csrf authcheck,cspoff sessionTracker requestLifecycle observability jsonException toolbar,USER_AUTH,OK,Login/auth/authcheck guard is present.,none,no,no
GET,Management/Marketing/Blogs,»,\App\Modules\Management\Controllers\MarketingAdminController::blogs,botBlocker requestLifecycle observability ratelimit throttle sessionRevoked csrf authcheck,cspoff sessionTracker requestLifecycle observability jsonException toolbar,USER_AUTH,OK,Login/auth/authcheck guard is present.,none,no,no
GET,Management/Marketing/Campaigns,»,\App\Modules\Management\Controllers\MarketingAdminController::campaigns,botBlocker requestLifecycle observability ratelimit throttle sessionRevoked csrf authcheck,cspoff sessionTracker requestLifecycle observability jsonException toolbar,USER_AUTH,OK,Login/auth/authcheck guard is present.,none,no,no
GET,Management/Marketing/Content-Review,»,\App\Modules\Management\Controllers\MarketingAdminController::contentReview,botBlocker requestLifecycle observability ratelimit throttle sessionRevoked csrf authcheck,cspoff sessionTracker requestLifecycle observability jsonException toolbar,USER_AUTH,OK,Login/auth/authcheck guard is present.,none,no,no
GET,Management/Marketing/Content/Generator,»,\App\Modules\Management\Controllers\MarketingAdminController::contentGenerator,botBlocker requestLifecycle observability ratelimit throttle sessionRevoked csrf authcheck,cspoff sessionTracker requestLifecycle observability jsonException toolbar,USER_AUTH,OK,Login/auth/authcheck guard is present.,none,no,no
GET,Management/Marketing/Content-Studio,»,\App\Modules\Management\Controllers\MarketingAdminController::contentStudio,botBlocker requestLifecycle observability ratelimit throttle sessionRevoked csrf authcheck,cspoff sessionTracker requestLifecycle observability jsonException toolbar,USER_AUTH,OK,Login/auth/authcheck guard is present.,none,no,no
GET,Management/Marketing/Content/Listing,»,\App\Modules\Management\Controllers\MarketingAdminController::contentListing,botBlocker requestLifecycle observability ratelimit throttle sessionRevoked csrf authcheck,cspoff sessionTracker requestLifecycle observability jsonException toolbar,USER_AUTH,OK,Login/auth/authcheck guard is present.,none,no,no
GET,Management/Marketing/Daily-Log,»,\App\Modules\Management\Controllers\MarketingAdminController::viewDailyLogs,botBlocker requestLifecycle observability ratelimit throttle sessionRevoked csrf authcheck,cspoff sessionTracker requestLifecycle observability jsonException toolbar,USER_AUTH,OK,Login/auth/authcheck guard is present.,none,no,no
GET,Management/Marketing/Edit-Content/([0-9]+),»,\App\Modules\Management\Controllers\MarketingAdminController::editContent/$1,botBlocker requestLifecycle observability ratelimit throttle sessionRevoked csrf authcheck,cspoff sessionTracker requestLifecycle observability jsonException toolbar,USER_AUTH,OK,Login/auth/authcheck guard is present.,none,no,no
GET,Management/Marketing/Email/(.*)/(.*),»,\App\Modules\Management\Controllers\MarketingAdminController::viewEmail/$1/$2,botBlocker requestLifecycle observability ratelimit throttle sessionRevoked csrf authcheck,cspoff sessionTracker requestLifecycle observability jsonException toolbar,USER_AUTH,OK,Login/auth/authcheck guard is present.,none,no,no
GET,Management/Marketing/fetchEmails,»,\App\Modules\Management\Controllers\MarketingAdminController::fetchEmails,botBlocker requestLifecycle observability ratelimit throttle sessionRevoked csrf authcheck,cspoff sessionTracker requestLifecycle observability jsonException toolbar,USER_AUTH,OK,Login/auth/authcheck guard is present.,none,no,no
GET,Management/Marketing/Financial-News,»,\App\Modules\Management\Controllers\MarketingAdminController::financialNews,botBlocker requestLifecycle observability ratelimit throttle sessionRevoked csrf authcheck,cspoff sessionTracker requestLifecycle observability jsonException toolbar,USER_AUTH,OK,Login/auth/authcheck guard is present.,none,no,no
GET,Management/Marketing/generateContent,»,\App\Modules\Management\Controllers\MarketingAdminController::generateContent,botBlocker requestLifecycle observability ratelimit throttle sessionRevoked csrf authcheck,cspoff sessionTracker requestLifecycle observability jsonException toolbar,USER_AUTH,OK,Login/auth/authcheck guard is present.,none,no,no
GET,Management/Marketing/generateDailyContentDigest,»,\App\Modules\Management\Controllers\MarketingAdminController::generateDailyContentDigest,botBlocker requestLifecycle observability ratelimit throttle sessionRevoked csrf authcheck,cspoff sessionTracker requestLifecycle observability jsonException toolbar,USER_AUTH,OK,Login/auth/authcheck guard is present.,none,no,no
GET,Management/Marketing/generateNewsletter,»,\App\Modules\Management\Controllers\MarketingAdminController::generateNewsletterContent,botBlocker requestLifecycle observability ratelimit throttle sessionRevoked csrf authcheck,cspoff sessionTracker requestLifecycle observability jsonException toolbar,USER_AUTH,OK,Login/auth/authcheck guard is present.,none,no,no
GET,Management/Marketing/getRecentScrapes,»,\App\Modules\Management\Controllers\MarketingAdminController::getRecentScrapes,botBlocker requestLifecycle observability ratelimit throttle sessionRevoked csrf authcheck,cspoff sessionTracker requestLifecycle observability jsonException toolbar,USER_AUTH,OK,Login/auth/authcheck guard is present.,none,no,no
GET,Management/Marketing/Grouped-Content-Drafts,»,\App\Modules\Management\Controllers\MarketingAdminController::generateGroupedContentDrafts,botBlocker requestLifecycle observability ratelimit throttle sessionRevoked csrf authcheck,cspoff sessionTracker requestLifecycle observability jsonException toolbar,USER_AUTH,OK,Login/auth/authcheck guard is present.,none,no,no
GET,Management/Marketing/Ideas,»,\App\Modules\Management\Controllers\MarketingAdminController::ideas,botBlocker requestLifecycle observability ratelimit throttle sessionRevoked csrf authcheck,cspoff sessionTracker requestLifecycle observability jsonException toolbar,USER_AUTH,OK,Login/auth/authcheck guard is present.,none,no,no
GET,Management/Marketing/Post-Creator,»,\App\Modules\Management\Controllers\MarketingAdminController::postCreator,botBlocker requestLifecycle observability ratelimit throttle sessionRevoked csrf authcheck,cspoff sessionTracker requestLifecycle observability jsonException toolbar,USER_AUTH,OK,Login/auth/authcheck guard is present.,none,no,no
GET,Management/Marketing/previewGeneratedPost/([0-9]+),»,\App\Modules\Management\Controllers\MarketingAdminController::previewGeneratedPost/$1,botBlocker requestLifecycle observability ratelimit throttle sessionRevoked csrf authcheck,cspoff sessionTracker requestLifecycle observability jsonException toolbar,USER_AUTH,OK,Login/auth/authcheck guard is present.,none,no,no
GET,Management/Marketing/Promote,»,\App\Modules\Management\Controllers\MarketingAdminController::promote,botBlocker requestLifecycle observability ratelimit throttle sessionRevoked csrf authcheck,cspoff sessionTracker requestLifecycle observability jsonException toolbar,USER_AUTH,OK,Login/auth/authcheck guard is present.,none,no,no
GET,Management/Marketing/Promote/([^/]+),»,\App\Modules\Management\Controllers\MarketingAdminController::promote,botBlocker requestLifecycle observability ratelimit throttle sessionRevoked csrf authcheck,cspoff sessionTracker requestLifecycle observability jsonException toolbar,USER_AUTH,OK,Login/auth/authcheck guard is present.,none,no,no
GET,Management/Marketing/Research,»,\App\Modules\Management\Controllers\AlertsController::research,botBlocker requestLifecycle observability ratelimit throttle sessionRevoked csrf authcheck,cspoff sessionTracker requestLifecycle observability jsonException toolbar,USER_AUTH,OK,Login/auth/authcheck guard is present.,none,no,no
GET,Management/Marketing/RunContentGeneration,»,\App\Modules\Management\Controllers\Management\MarketingAdminController::runContentGeneration,botBlocker requestLifecycle observability ratelimit throttle sessionRevoked csrf authcheck,cspoff sessionTracker requestLifecycle observability jsonException toolbar,USER_AUTH,OK,Login/auth/authcheck guard is present.,none,no,no
GET,Management/Marketing/Quick-Scraper,»,\App\Modules\Management\Controllers\MarketingAdminController::standaloneScrape,botBlocker requestLifecycle observability ratelimit throttle sessionRevoked csrf authcheck,cspoff sessionTracker requestLifecycle observability jsonException toolbar,USER_AUTH,OK,Login/auth/authcheck guard is present.,none,no,no
GET,Management/Marketing/Reject-Content/([0-9]+),»,\App\Modules\Management\Controllers\MarketingAdminController::rejectContent/$1,botBlocker requestLifecycle observability ratelimit throttle sessionRevoked csrf authcheck,cspoff sessionTracker requestLifecycle observability jsonException toolbar,USER_AUTH,OK,Login/auth/authcheck guard is present.,none,no,no
GET,Management/Marketing/Schedule,»,\App\Modules\Management\Controllers\MarketingAdminController::schedule,botBlocker requestLifecycle observability ratelimit throttle sessionRevoked csrf authcheck,cspoff sessionTracker requestLifecycle observability jsonException toolbar,USER_AUTH,OK,Login/auth/authcheck guard is present.,none,no,no
GET,Management/Marketing/Schedule/([^/]+),»,\App\Modules\Management\Controllers\MarketingAdminController::schedule/$1,botBlocker requestLifecycle observability ratelimit throttle sessionRevoked csrf authcheck,cspoff sessionTracker requestLifecycle observability jsonException toolbar,USER_AUTH,OK,Login/auth/authcheck guard is present.,none,no,no
GET,Management/Marketing/scheduleNewsletters,»,\App\Modules\Management\Controllers\MarketingAdminController::scheduleNewsletterCampaign,botBlocker requestLifecycle observability ratelimit throttle sessionRevoked csrf authcheck,cspoff sessionTracker requestLifecycle observability jsonException toolbar,USER_AUTH,OK,Login/auth/authcheck guard is present.,none,no,no
GET,Management/Marketing/submitDailyLog,»,\App\Modules\Management\Controllers\MarketingAdminController::submitDailyLog,botBlocker requestLifecycle observability ratelimit throttle sessionRevoked csrf authcheck,cspoff sessionTracker requestLifecycle observability jsonException toolbar,USER_AUTH,OK,Login/auth/authcheck guard is present.,none,no,no
GET,Management/Marketing/sendNotification,»,\App\Modules\Management\Controllers\MarketingAdminController::sendNotification,botBlocker requestLifecycle observability ratelimit throttle sessionRevoked csrf authcheck,cspoff sessionTracker requestLifecycle observability jsonException toolbar,USER_AUTH,OK,Login/auth/authcheck guard is present.,none,no,no
GET,Management/Marketing/sendNewsletter,»,\App\Modules\Management\Controllers\MarketingAdminController::sendScheduleNewsletter,botBlocker requestLifecycle observability ratelimit throttle sessionRevoked csrf authcheck,cspoff sessionTracker requestLifecycle observability jsonException toolbar,USER_AUTH,OK,Login/auth/authcheck guard is present.,none,no,no
GET,Management/Marketing/Test,»,\App\Modules\Management\Controllers\MarketingAdminController::test,botBlocker requestLifecycle observability ratelimit throttle sessionRevoked csrf authcheck,cspoff sessionTracker requestLifecycle observability jsonException toolbar,USER_AUTH,OK,Login/auth/authcheck guard is present.,none,no,no
GET,Management/Marketing/Twitter,»,\App\Modules\Management\Controllers\MarketingAdminController::twitterDashboard,botBlocker requestLifecycle observability ratelimit throttle sessionRevoked csrf authcheck,cspoff sessionTracker requestLifecycle observability jsonException toolbar,USER_AUTH,OK,Login/auth/authcheck guard is present.,none,no,no
GET,Management/Marketing/Video-Creator,»,\App\Modules\Management\Controllers\MarketingAdminController::videoCreator,botBlocker requestLifecycle observability ratelimit throttle sessionRevoked csrf authcheck,cspoff sessionTracker requestLifecycle observability jsonException toolbar,USER_AUTH,OK,Login/auth/authcheck guard is present.,none,no,no
GET,Management/Marketing/View-Email/([^/]+)/([^/]+),»,\App\Modules\Management\Controllers\MarketingAdminController::viewEmail/$1/$2,botBlocker requestLifecycle observability ratelimit throttle sessionRevoked csrf authcheck,cspoff sessionTracker requestLifecycle observability jsonException toolbar,USER_AUTH,OK,Login/auth/authcheck guard is present.,none,no,no
GET,Management/Marketing/View-Grouped-Summaries,»,\App\Modules\Management\Controllers\MarketingAdminController::View-Grouped-Summaries,botBlocker requestLifecycle observability ratelimit throttle sessionRevoked csrf authcheck,cspoff sessionTracker requestLifecycle observability jsonException toolbar,USER_AUTH,OK,Login/auth/authcheck guard is present.,none,no,no
GET,Management/Marketing/MyMI-Gold/Tasks/Add,»,\App\Modules\Management\Controllers\WalletsAdminController::addUserGoldTasks,botBlocker requestLifecycle observability ratelimit throttle sessionRevoked csrf authcheck,cspoff sessionTracker requestLifecycle observability jsonException toolbar,USER_AUTH,OK,Login/auth/authcheck guard is present.,none,no,no
GET,Management/Marketing/Email-Templates/create,»,\App\Modules\Management\Controllers\EmailTemplateController::create,botBlocker requestLifecycle observability ratelimit throttle sessionRevoked csrf authcheck,cspoff sessionTracker requestLifecycle observability jsonException toolbar,USER_AUTH,OK,Login/auth/authcheck guard is present.,none,no,no
GET,Management/Marketing/Email-Queue,»,\App\Modules\Management\Controllers\EmailQueueController::index,botBlocker requestLifecycle observability ratelimit throttle sessionRevoked csrf authcheck,cspoff sessionTracker requestLifecycle observability jsonException toolbar,USER_AUTH,OK,Login/auth/authcheck guard is present.,none,no,no
GET,Management/Marketing/Email-Queue/create,»,\App\Modules\Management\Controllers\EmailQueueController::create,botBlocker requestLifecycle observability ratelimit throttle sessionRevoked csrf authcheck,cspoff sessionTracker requestLifecycle observability jsonException toolbar,USER_AUTH,OK,Login/auth/authcheck guard is present.,none,no,no
GET,Management/Marketing/Email,»,\App\Modules\Management\Controllers\EmailController::index,botBlocker requestLifecycle observability ratelimit throttle sessionRevoked csrf authcheck,cspoff sessionTracker requestLifecycle observability jsonException toolbar,USER_AUTH,OK,Login/auth/authcheck guard is present.,none,no,no
GET,Management/Marketing/Exchange,»,\App\Modules\Management\Controllers\MarketingController::index,botBlocker requestLifecycle observability ratelimit throttle sessionRevoked csrf authcheck,cspoff sessionTracker requestLifecycle observability jsonException toolbar,USER_AUTH,OK,Login/auth/authcheck guard is present.,none,no,no
GET,Management/Marketing/Exchange/Edit/([^/]+),»,\App\Modules\Management\Controllers\MarketingController::edit/$1,botBlocker requestLifecycle observability ratelimit throttle sessionRevoked csrf authcheck,cspoff sessionTracker requestLifecycle observability jsonException toolbar,USER_AUTH,OK,Login/auth/authcheck guard is present.,none,no,no
GET,Management/Marketing/Exchange/Top-Communities,»,\App\Modules\Management\Controllers\MarketingController::topCommunities,botBlocker requestLifecycle observability ratelimit throttle sessionRevoked csrf authcheck,cspoff sessionTracker requestLifecycle observability jsonException toolbar,USER_AUTH,OK,Login/auth/authcheck guard is present.,none,no,no
GET,Management/Marketing/Exchange/Top-Communities/([^/]+),»,\App\Modules\Management\Controllers\MarketingController::topCommunities/$1,botBlocker requestLifecycle observability ratelimit throttle sessionRevoked csrf authcheck,cspoff sessionTracker requestLifecycle observability jsonException toolbar,USER_AUTH,OK,Login/auth/authcheck guard is present.,none,no,no
GET,Management/Operations,»,\App\Modules\Management\Controllers\OperationsController::index,botBlocker requestLifecycle observability ratelimit throttle sessionRevoked csrf authcheck,cspoff sessionTracker requestLifecycle observability jsonException toolbar,USER_AUTH,OK,Login/auth/authcheck guard is present.,none,no,no
GET,Management/Partners,»,\App\Modules\Management\Controllers\PartnersController::index,botBlocker requestLifecycle observability ratelimit throttle sessionRevoked csrf authcheck,cspoff sessionTracker requestLifecycle observability jsonException toolbar,USER_AUTH,OK,Login/auth/authcheck guard is present.,none,no,no
GET,Management/Projects,»,\App\Modules\Management\Controllers\ProjectsController::index,botBlocker requestLifecycle observability ratelimit throttle sessionRevoked csrf authcheck,cspoff sessionTracker requestLifecycle observability jsonException toolbar,USER_AUTH,OK,Login/auth/authcheck guard is present.,none,no,no
GET,Management/Projects/Quick-Intake,»,\App\Modules\Management\Controllers\ProjectsController::realEstateQuickIntake,botBlocker requestLifecycle observability ratelimit throttle sessionRevoked csrf authcheck,cspoff sessionTracker requestLifecycle observability jsonException toolbar,USER_AUTH,OK,Login/auth/authcheck guard is present.,none,no,no
GET,Management/Projects/Fund,»,\App\Modules\Management\Controllers\ProjectsAdminController::fundOverview,botBlocker requestLifecycle observability ratelimit throttle sessionRevoked csrf authcheck,cspoff sessionTracker requestLifecycle observability jsonException toolbar,USER_AUTH,OK,Login/auth/authcheck guard is present.,none,no,no
GET,Management/Projects/Fund/([0-9]+),»,\App\Modules\Management\Controllers\ProjectsAdminController::fundOverview/$1,botBlocker requestLifecycle observability ratelimit throttle sessionRevoked csrf authcheck,cspoff sessionTracker requestLifecycle observability jsonException toolbar,USER_AUTH,OK,Login/auth/authcheck guard is present.,none,no,no
GET,Management/Projects/ValidateFundIntegrity,»,\App\Modules\Management\Controllers\ProjectsAdminController::validateFundIntegrity,botBlocker requestLifecycle observability ratelimit throttle sessionRevoked csrf authcheck,cspoff sessionTracker requestLifecycle observability jsonException toolbar,USER_AUTH,OK,Login/auth/authcheck guard is present.,none,no,no
GET,Management/Projects/ValidateFundIntegrity/([0-9]+),»,\App\Modules\Management\Controllers\ProjectsAdminController::validateFundIntegrity/$1,botBlocker requestLifecycle observability ratelimit throttle sessionRevoked csrf authcheck,cspoff sessionTracker requestLifecycle observability jsonException toolbar,USER_AUTH,OK,Login/auth/authcheck guard is present.,none,no,no
GET,Management/Projects/ReconcileFundExchange/([0-9]+),»,\App\Modules\Management\Controllers\ProjectsAdminController::reconcileFundExchange/$1,botBlocker requestLifecycle observability ratelimit throttle sessionRevoked csrf authcheck,cspoff sessionTracker requestLifecycle observability jsonException toolbar,USER_AUTH,OK,Login/auth/authcheck guard is present.,none,no,no
GET,Management/Referrals,»,\App\Modules\Management\Controllers\ReferralsController::index,botBlocker requestLifecycle observability ratelimit throttle sessionRevoked csrf authcheck,cspoff sessionTracker requestLifecycle observability jsonException toolbar,USER_AUTH,OK,Login/auth/authcheck guard is present.,none,no,no
GET,Management/Security,»,\App\Modules\Management\Controllers\SecurityController::index,botBlocker requestLifecycle observability ratelimit throttle sessionRevoked csrf authcheck,cspoff sessionTracker requestLifecycle observability jsonException toolbar,USER_AUTH,OK,Login/auth/authcheck guard is present.,none,no,no
GET,Management/Services,»,\App\Modules\Management\Controllers\ServicesController::index,botBlocker requestLifecycle observability ratelimit throttle sessionRevoked csrf authcheck,cspoff sessionTracker requestLifecycle observability jsonException toolbar,USER_AUTH,OK,Login/auth/authcheck guard is present.,none,no,no
GET,Management/Users,»,\App\Modules\Management\Controllers\UsersController::index,botBlocker requestLifecycle observability ratelimit throttle sessionRevoked csrf authcheck,cspoff sessionTracker requestLifecycle observability jsonException toolbar,USER_AUTH,OK,Login/auth/authcheck guard is present.,none,no,no
GET,Management/Users/Profile/([^/]+),»,\App\Modules\Management\Controllers\UsersController::profile,botBlocker requestLifecycle observability ratelimit throttle sessionRevoked csrf authcheck,cspoff sessionTracker requestLifecycle observability jsonException toolbar,USER_AUTH,OK,Login/auth/authcheck guard is present.,none,no,no
GET,Management/Users/ajaxBlockUser/([^/]+),»,\App\Modules\Management\Controllers\UsersController::ajaxBlockUser,botBlocker requestLifecycle observability ratelimit throttle sessionRevoked csrf authcheck,cspoff sessionTracker requestLifecycle observability jsonException toolbar,USER_AUTH,OK,Login/auth/authcheck guard is present.,none,no,no
GET,Management/Users/ajaxBulkBanUsers,»,\App\Modules\Management\Controllers\UsersController::ajaxBulkBanUsers,botBlocker requestLifecycle observability ratelimit throttle sessionRevoked csrf authcheck,cspoff sessionTracker requestLifecycle observability jsonException toolbar,USER_AUTH,OK,Login/auth/authcheck guard is present.,none,no,no
GET,Management/Wallets,»,\App\Modules\Management\Controllers\WalletsController::index,botBlocker requestLifecycle observability ratelimit throttle sessionRevoked csrf authcheck,cspoff sessionTracker requestLifecycle observability jsonException toolbar,USER_AUTH,OK,Login/auth/authcheck guard is present.,none,no,no
GET,Management/Wallets/Reconcile,»,\App\Modules\Management\Controllers\WalletsController::reconcile,botBlocker requestLifecycle observability ratelimit throttle sessionRevoked csrf authcheck,cspoff sessionTracker requestLifecycle observability jsonException toolbar,USER_AUTH,OK,Login/auth/authcheck guard is present.,none,no,no
GET,Management/Web-Design,»,\App\Modules\Management\Controllers\WebDesignController::index,botBlocker requestLifecycle observability ratelimit throttle sessionRevoked csrf authcheck,cspoff sessionTracker requestLifecycle observability jsonException toolbar,USER_AUTH,OK,Login/auth/authcheck guard is present.,none,no,no
GET,Ops,»,\App\Modules\Ops\Controllers\OpsDashboardController::index,maintenance botBlocker requestLifecycle observability ratelimit throttle sessionRevoked csrf authcheck,cspoff sessionTracker requestLifecycle observability jsonException toolbar,USER_AUTH,OK,Login/auth/authcheck guard is present.,none,no,no
GET,Ops/projects,»,\App\Modules\Ops\Controllers\OpsDashboardController::projects,botBlocker requestLifecycle observability ratelimit throttle sessionRevoked csrf authcheck,cspoff sessionTracker requestLifecycle observability jsonException toolbar,USER_AUTH,OK,Login/auth/authcheck guard is present.,none,no,no
GET,Ops/subprojects,»,\App\Modules\Ops\Controllers\OpsDashboardController::subprojects,botBlocker requestLifecycle observability ratelimit throttle sessionRevoked csrf authcheck,cspoff sessionTracker requestLifecycle observability jsonException toolbar,USER_AUTH,OK,Login/auth/authcheck guard is present.,none,no,no
GET,Ops/tasks,»,\App\Modules\Ops\Controllers\OpsDashboardController::tasks,botBlocker requestLifecycle observability ratelimit throttle sessionRevoked csrf authcheck,cspoff sessionTracker requestLifecycle observability jsonException toolbar,USER_AUTH,OK,Login/auth/authcheck guard is present.,none,no,no
GET,Ops/export/tasks.csv,»,\App\Modules\Ops\Controllers\OpsDashboardController::exportTasksCsv,botBlocker requestLifecycle observability ratelimit throttle sessionRevoked csrf authcheck,cspoff sessionTracker requestLifecycle observability jsonException toolbar,USER_AUTH,OK,Login/auth/authcheck guard is present.,none,no,no
GET,Ops/export/workbook.xlsx,»,\App\Modules\Ops\Controllers\OpsDashboardController::exportWorkbookXlsx,botBlocker requestLifecycle observability ratelimit throttle sessionRevoked csrf authcheck,cspoff sessionTracker requestLifecycle observability jsonException toolbar,USER_AUTH,OK,Login/auth/authcheck guard is present.,none,no,no
GET,Advisors,»,\App\Modules\Advisor\Controllers\AdvisorController::index,maintenance botBlocker requestLifecycle observability ratelimit throttle sessionRevoked csrf authcheck login,login cspoff sessionTracker requestLifecycle observability jsonException toolbar,USER_AUTH,OK,Login/auth/authcheck guard is present.,none,no,no
GET,Alerts,»,\App\Modules\User\Controllers\AlertsController::index,maintenance botBlocker requestLifecycle observability ratelimit throttle sessionRevoked csrf authcheck login,login cspoff sessionTracker requestLifecycle observability jsonException toolbar,USER_AUTH,OK,Login/auth/authcheck guard is present.,none,no,no
GET,Alerts//Trades,»,\App\Modules\User\Controllers\AlertsController::trades,maintenance botBlocker requestLifecycle observability ratelimit throttle sessionRevoked csrf authcheck login,login cspoff sessionTracker requestLifecycle observability jsonException toolbar,USER_AUTH,OK,Login/auth/authcheck guard is present.,none,no,no
GET,Auctions,»,\App\Controllers\AuctionsController::index,maintenance botBlocker requestLifecycle observability ratelimit throttle sessionRevoked csrf authcheck,cspoff sessionTracker requestLifecycle observability jsonException toolbar,USER_AUTH,OK,Login/auth/authcheck guard is present.,none,no,no
GET,Auctions/Item/([0-9]+),»,\App\Controllers\AuctionsController::item/$1,maintenance botBlocker requestLifecycle observability ratelimit throttle sessionRevoked csrf authcheck,cspoff sessionTracker requestLifecycle observability jsonException toolbar,USER_AUTH,OK,Login/auth/authcheck guard is present.,none,no,no
GET,Auctions/Poll/([0-9]+),»,\App\Controllers\AuctionsController::poll/$1,maintenance botBlocker requestLifecycle observability ratelimit throttle sessionRevoked csrf authcheck,cspoff sessionTracker requestLifecycle observability jsonException toolbar,USER_AUTH,OK,Login/auth/authcheck guard is present.,none,no,no
GET,Budget,»,\App\Modules\User\Controllers\BudgetController::index,maintenance botBlocker requestLifecycle observability ratelimit throttle sessionRevoked csrf authcheck login noStore,noStore login cspoff sessionTracker requestLifecycle observability jsonException toolbar,USER_AUTH,OK,Login/auth/authcheck guard is present.,none,no,no
GET,Budget/Search/(.*),»,\App\Modules\User\Controllers\BudgetController::index,maintenance botBlocker requestLifecycle observability ratelimit throttle sessionRevoked csrf authcheck login noStore,noStore login cspoff sessionTracker requestLifecycle observability jsonException toolbar,USER_AUTH,OK,Login/auth/authcheck guard is present.,none,no,no
GET,Budget/This-Month,»,\App\Modules\User\Controllers\BudgetController::thisMonth,maintenance botBlocker requestLifecycle observability ratelimit throttle sessionRevoked csrf authcheck login noStore,noStore login cspoff sessionTracker requestLifecycle observability jsonException toolbar,USER_AUTH,OK,Login/auth/authcheck guard is present.,none,no,no
GET,Budget/This-Month/([^/]+),»,\App\Modules\User\Controllers\BudgetController::thisMonth/$1,maintenance botBlocker requestLifecycle observability ratelimit throttle sessionRevoked csrf authcheck login noStore,noStore login cspoff sessionTracker requestLifecycle observability jsonException toolbar,USER_AUTH,OK,Login/auth/authcheck guard is present.,none,no,no
GET,Budget/Last-Month,»,\App\Modules\User\Controllers\BudgetController::lastMonth,maintenance botBlocker requestLifecycle observability ratelimit throttle sessionRevoked csrf authcheck login noStore,noStore login cspoff sessionTracker requestLifecycle observability jsonException toolbar,USER_AUTH,OK,Login/auth/authcheck guard is present.,none,no,no
GET,Budget/Last-Month/([^/]+),»,\App\Modules\User\Controllers\BudgetController::lastMonth/$1,maintenance botBlocker requestLifecycle observability ratelimit throttle sessionRevoked csrf authcheck login noStore,noStore login cspoff sessionTracker requestLifecycle observability jsonException toolbar,USER_AUTH,OK,Login/auth/authcheck guard is present.,none,no,no
GET,Budget/Next-Month,»,\App\Modules\User\Controllers\BudgetController::nextMonth,maintenance botBlocker requestLifecycle observability ratelimit throttle sessionRevoked csrf authcheck login noStore,noStore login cspoff sessionTracker requestLifecycle observability jsonException toolbar,USER_AUTH,OK,Login/auth/authcheck guard is present.,none,no,no
GET,Budget/Next-Month/([^/]+),»,\App\Modules\User\Controllers\BudgetController::nextMonth/$1,maintenance botBlocker requestLifecycle observability ratelimit throttle sessionRevoked csrf authcheck login noStore,noStore login cspoff sessionTracker requestLifecycle observability jsonException toolbar,USER_AUTH,OK,Login/auth/authcheck guard is present.,none,no,no
GET,Budget/Account-Manager,»,\App\Modules\User\Controllers\BudgetController::accountManager,maintenance botBlocker requestLifecycle observability ratelimit throttle sessionRevoked csrf authcheck login noStore,noStore login cspoff sessionTracker requestLifecycle observability jsonException toolbar,USER_AUTH,OK,Login/auth/authcheck guard is present.,none,no,no
GET,Budget/Add,»,\App\Modules\User\Controllers\BudgetController::add,maintenance botBlocker requestLifecycle observability ratelimit throttle sessionRevoked csrf authcheck login noStore,noStore login cspoff sessionTracker requestLifecycle observability jsonException toolbar,USER_AUTH,OK,Login/auth/authcheck guard is present.,none,no,no
GET,Budget/Add/([^/]+),»,\App\Modules\User\Controllers\BudgetController::add/$1,maintenance botBlocker requestLifecycle observability ratelimit throttle sessionRevoked csrf authcheck login noStore,noStore login cspoff sessionTracker requestLifecycle observability jsonException toolbar,USER_AUTH,OK,Login/auth/authcheck guard is present.,none,no,no
GET,Budget/Approve-Recurring-Schedule/([0-9]+),»,\App\Modules\User\Controllers\BudgetController::approveRecurringSchedule/$1,maintenance botBlocker requestLifecycle observability ratelimit throttle sessionRevoked csrf authcheck login noStore,noStore login cspoff sessionTracker requestLifecycle observability jsonException toolbar,USER_AUTH,OK,Login/auth/authcheck guard is present.,none,no,no
GET,Budget/Cancel-Account/([^/]+),»,\App\Modules\User\Controllers\BudgetController::cancelAccount/$1,maintenance botBlocker requestLifecycle observability ratelimit throttle sessionRevoked csrf authcheck login noStore,noStore login cspoff sessionTracker requestLifecycle observability jsonException toolbar,USER_AUTH,OK,Login/auth/authcheck guard is present.,none,no,no
GET,Budget/Copy,»,\App\Modules\User\Controllers\BudgetController::edit,maintenance botBlocker requestLifecycle observability ratelimit throttle sessionRevoked csrf authcheck login noStore,noStore login cspoff sessionTracker requestLifecycle observability jsonException toolbar,USER_AUTH,OK,Login/auth/authcheck guard is present.,none,no,no
GET,Budget/Copy/([^/]+),»,\App\Modules\User\Controllers\BudgetController::edit/$1,maintenance botBlocker requestLifecycle observability ratelimit throttle sessionRevoked csrf authcheck login noStore,noStore login cspoff sessionTracker requestLifecycle observability jsonException toolbar,USER_AUTH,OK,Login/auth/authcheck guard is present.,none,no,no
GET,Budget/Delete-Account,»,\App\Modules\User\Controllers\BudgetController::deleteAccount,maintenance botBlocker requestLifecycle observability ratelimit throttle sessionRevoked csrf authcheck login noStore,noStore login cspoff sessionTracker requestLifecycle observability jsonException toolbar,USER_AUTH,OK,Login/auth/authcheck guard is present.,none,no,no
GET,Budget/Delete-Account/([^/]+),»,\App\Modules\User\Controllers\BudgetController::deleteAccount/$1,maintenance botBlocker requestLifecycle observability ratelimit throttle sessionRevoked csrf authcheck login noStore,noStore login cspoff sessionTracker requestLifecycle observability jsonException toolbar,USER_AUTH,OK,Login/auth/authcheck guard is present.,none,no,no
GET,Budget/Details,»,\App\Modules\User\Controllers\BudgetController::details,maintenance botBlocker requestLifecycle observability ratelimit throttle sessionRevoked csrf authcheck login noStore,noStore login cspoff sessionTracker requestLifecycle observability jsonException toolbar,USER_AUTH,OK,Login/auth/authcheck guard is present.,none,no,no
GET,Budget/Details/([^/]+),»,\App\Modules\User\Controllers\BudgetController::details/$1,maintenance botBlocker requestLifecycle observability ratelimit throttle sessionRevoked csrf authcheck login noStore,noStore login cspoff sessionTracker requestLifecycle observability jsonException toolbar,USER_AUTH,OK,Login/auth/authcheck guard is present.,none,no,no
GET,Budget/Edit,»,\App\Modules\User\Controllers\BudgetController::edit,maintenance botBlocker requestLifecycle observability ratelimit throttle sessionRevoked csrf authcheck login noStore,noStore login cspoff sessionTracker requestLifecycle observability jsonException toolbar,USER_AUTH,OK,Login/auth/authcheck guard is present.,none,no,no
GET,Budget/Edit/([^/]+),»,\App\Modules\User\Controllers\BudgetController::edit/$1,maintenance botBlocker requestLifecycle observability ratelimit throttle sessionRevoked csrf authcheck login noStore,noStore login cspoff sessionTracker requestLifecycle observability jsonException toolbar,USER_AUTH,OK,Login/auth/authcheck guard is present.,none,no,no
GET,Budget/Edit/([^/]+)/([^/]+),»,\App\Modules\User\Controllers\BudgetController::edit/$1/$2,maintenance botBlocker requestLifecycle observability ratelimit throttle sessionRevoked csrf authcheck login noStore,noStore login cspoff sessionTracker requestLifecycle observability jsonException toolbar,USER_AUTH,OK,Login/auth/authcheck guard is present.,none,no,no
GET,Budget/Expenses,»,\App\Modules\User\Controllers\BudgetController::accountOverview,maintenance botBlocker requestLifecycle observability ratelimit throttle sessionRevoked csrf authcheck login noStore,noStore login cspoff sessionTracker requestLifecycle observability jsonException toolbar,USER_AUTH,OK,Login/auth/authcheck guard is present.,none,no,no
GET,Budget/Financial-Analysis,»,\App\Modules\User\Controllers\BudgetController::financialAnalysis,maintenance botBlocker requestLifecycle observability ratelimit throttle sessionRevoked csrf authcheck login noStore,noStore login cspoff sessionTracker requestLifecycle observability jsonException toolbar,USER_AUTH,OK,Login/auth/authcheck guard is present.,none,no,no
GET,Budget/Financial-Forecaster,»,\App\Modules\User\Controllers\BudgetController::financialForecaster,maintenance botBlocker requestLifecycle observability ratelimit throttle sessionRevoked csrf authcheck login noStore,noStore login cspoff sessionTracker requestLifecycle observability jsonException toolbar,USER_AUTH,OK,Login/auth/authcheck guard is present.,none,no,no
GET,Budget/Forecast,»,\App\Modules\User\Controllers\BudgetController::forecast,maintenance botBlocker requestLifecycle observability ratelimit throttle sessionRevoked csrf authcheck login noStore,noStore login cspoff sessionTracker requestLifecycle observability jsonException toolbar,USER_AUTH,OK,Login/auth/authcheck guard is present.,none,no,no
GET,Budget/Forecast/([^/]+),»,\App\Modules\User\Controllers\BudgetController::forecast/$1,maintenance botBlocker requestLifecycle observability ratelimit throttle sessionRevoked csrf authcheck login noStore,noStore login cspoff sessionTracker requestLifecycle observability jsonException toolbar,USER_AUTH,OK,Login/auth/authcheck guard is present.,none,no,no
GET,Budget/History,»,\App\Modules\User\Controllers\BudgetController::history,maintenance botBlocker requestLifecycle observability ratelimit throttle sessionRevoked csrf authcheck login noStore,noStore login cspoff sessionTracker requestLifecycle observability jsonException toolbar,USER_AUTH,OK,Login/auth/authcheck guard is present.,none,no,no
GET,Budget/History/([^/]+),»,\App\Modules\User\Controllers\BudgetController::history,maintenance botBlocker requestLifecycle observability ratelimit throttle sessionRevoked csrf authcheck login noStore,noStore login cspoff sessionTracker requestLifecycle observability jsonException toolbar,USER_AUTH,OK,Login/auth/authcheck guard is present.,none,no,no
GET,Budget/Income,»,\App\Modules\User\Controllers\BudgetController::accountOverview,maintenance botBlocker requestLifecycle observability ratelimit throttle sessionRevoked csrf authcheck login noStore,noStore login cspoff sessionTracker requestLifecycle observability jsonException toolbar,USER_AUTH,OK,Login/auth/authcheck guard is present.,none,no,no
GET,Budget/Recurring-Account/Schedule,»,\App\Modules\User\Controllers\BudgetController::recurringSchedule/$1,maintenance botBlocker requestLifecycle observability ratelimit throttle sessionRevoked csrf authcheck login noStore,noStore login cspoff sessionTracker requestLifecycle observability jsonException toolbar,USER_AUTH,OK,Login/auth/authcheck guard is present.,none,no,no
GET,Budget/Recurring-Account/Schedule/([^/]+),»,\App\Modules\User\Controllers\BudgetController::recurringSchedule/$1,maintenance botBlocker requestLifecycle observability ratelimit throttle sessionRevoked csrf authcheck login noStore,noStore login cspoff sessionTracker requestLifecycle observability jsonException toolbar,USER_AUTH,OK,Login/auth/authcheck guard is present.,none,no,no
GET,Budget/Recurring-Account/Edit/([^/]+),»,\App\Modules\User\Controllers\BudgetController::edit/$1,maintenance botBlocker requestLifecycle observability ratelimit throttle sessionRevoked csrf authcheck login noStore,noStore login cspoff sessionTracker requestLifecycle observability jsonException toolbar,USER_AUTH,OK,Login/auth/authcheck guard is present.,none,no,no
GET,Budget/Settings/([^/]+),»,\App\Modules\User\Controllers\BudgetController::settings/$1,maintenance botBlocker requestLifecycle observability ratelimit throttle sessionRevoked csrf authcheck login noStore,noStore login cspoff sessionTracker requestLifecycle observability jsonException toolbar,USER_AUTH,OK,Login/auth/authcheck guard is present.,none,no,no
GET,Budget/Status/Paid/([^/]+),»,\App\Modules\User\Controllers\BudgetController::paid/$1,maintenance botBlocker requestLifecycle observability ratelimit throttle sessionRevoked csrf authcheck login noStore,noStore login cspoff sessionTracker requestLifecycle observability jsonException toolbar,USER_AUTH,OK,Login/auth/authcheck guard is present.,none,no,no
GET,Budget/Status/Unpaid/([^/]+),»,\App\Modules\User\Controllers\BudgetController::unpaid/$1,maintenance botBlocker requestLifecycle observability ratelimit throttle sessionRevoked csrf authcheck login noStore,noStore login cspoff sessionTracker requestLifecycle observability jsonException toolbar,USER_AUTH,OK,Login/auth/authcheck guard is present.,none,no,no
GET,Exchange/Solana,»,\App\Modules\Exchange\Controllers\SolanaController::index,maintenance botBlocker requestLifecycle observability ratelimit throttle sessionRevoked csrf authcheck login,login cspoff sessionTracker requestLifecycle observability jsonException toolbar,USER_AUTH,OK,Login/auth/authcheck guard is present.,none,no,no
GET,Exchange/Solana/Swap,»,\App\Modules\Exchange\Controllers\SolanaController::coinSwap,maintenance botBlocker requestLifecycle observability ratelimit throttle sessionRevoked csrf authcheck login,login cspoff sessionTracker requestLifecycle observability jsonException toolbar,USER_AUTH,OK,Login/auth/authcheck guard is present.,none,no,no
GET,Exchange/Solana/Assets,»,\App\Modules\Exchange\Controllers\SolanaController::assets,maintenance botBlocker requestLifecycle observability ratelimit throttle sessionRevoked csrf authcheck login,login cspoff sessionTracker requestLifecycle observability jsonException toolbar,USER_AUTH,OK,Login/auth/authcheck guard is present.,none,no,no
GET,Exchange/Solana/Create,»,\App\Modules\Exchange\Controllers\SolanaController::create,maintenance botBlocker requestLifecycle observability ratelimit throttle sessionRevoked csrf authcheck login,login cspoff sessionTracker requestLifecycle observability jsonException toolbar,USER_AUTH,OK,Login/auth/authcheck guard is present.,none,no,no
GET,Exchange,mymi-exchange,\App\Modules\Exchange\Controllers\ExchangeController::index,maintenance botBlocker requestLifecycle observability ratelimit throttle sessionRevoked csrf authcheck login,login cspoff sessionTracker requestLifecycle observability jsonException toolbar,USER_AUTH,OK,Login/auth/authcheck guard is present.,none,no,no
GET,Exchange/Projects/(.*),»,\App\Modules\Exchange\Controllers\ExchangeController::project/$1,maintenance botBlocker requestLifecycle observability ratelimit throttle sessionRevoked csrf authcheck login,login cspoff sessionTracker requestLifecycle observability jsonException toolbar,USER_AUTH,OK,Login/auth/authcheck guard is present.,none,no,no
GET,Exchange/MetaMask,mymi-metamask,\App\Modules\Exchange\Controllers\MetaMaskController::index,maintenance botBlocker requestLifecycle observability ratelimit throttle sessionRevoked csrf authcheck login,login cspoff sessionTracker requestLifecycle observability jsonException toolbar,USER_AUTH,OK,Login/auth/authcheck guard is present.,none,no,no
GET,Exchange/Solana/Test-Page,mymi-solana-test-page,\App\Modules\Exchange\Controllers\SolanaController::testPage,maintenance botBlocker requestLifecycle observability ratelimit throttle sessionRevoked csrf authcheck login,login cspoff sessionTracker requestLifecycle observability jsonException toolbar,USER_AUTH,OK,Login/auth/authcheck guard is present.,none,no,no
GET,Exchange/Solana/Wallet/Disconnect/([^/]+),mymi-solana-create,\App\Modules\Exchange\Controllers\SolanaController::disconnectWallet/$1,maintenance botBlocker requestLifecycle observability ratelimit throttle sessionRevoked csrf authcheck login,login cspoff sessionTracker requestLifecycle observability jsonException toolbar,USER_AUTH,OK,Login/auth/authcheck guard is present.,none,no,no
GET,Exchange/Solana/Import,mymi-solana-import,\App\Modules\Exchange\Controllers\SolanaController::import,maintenance botBlocker requestLifecycle observability ratelimit throttle sessionRevoked csrf authcheck login,login cspoff sessionTracker requestLifecycle observability jsonException toolbar,USER_AUTH,OK,Login/auth/authcheck guard is present.,none,no,no
GET,Exchange/Solana/Create/Wallet,mymi-solana-create-wallet,\App\Modules\Exchange\Controllers\SolanaController::create,maintenance botBlocker requestLifecycle observability ratelimit throttle sessionRevoked csrf authcheck login,login cspoff sessionTracker requestLifecycle observability jsonException toolbar,USER_AUTH,OK,Login/auth/authcheck guard is present.,none,no,no
GET,Exchange/Solana/Import/Wallet,mymi-solana-import-wallet,\App\Modules\Exchange\Controllers\SolanaController::importWallet,maintenance botBlocker requestLifecycle observability ratelimit throttle sessionRevoked csrf authcheck login,login cspoff sessionTracker requestLifecycle observability jsonException toolbar,USER_AUTH,OK,Login/auth/authcheck guard is present.,none,no,no
GET,Exchange/Solana/Wallet/Verify-Ownership,mymi-solana-verify-wallet,\App\Modules\Exchange\Controllers\SolanaController::verifyWalletOwnership,maintenance botBlocker requestLifecycle observability ratelimit throttle sessionRevoked csrf authcheck login,login cspoff sessionTracker requestLifecycle observability jsonException toolbar,USER_AUTH,OK,Login/auth/authcheck guard is present.,none,no,no
GET,Exchange/Solana/Wallet/Execute-Swap,mymi-solana-execute-swap,\App\Modules\Exchange\Controllers\SolanaController::executeSwap,maintenance botBlocker requestLifecycle observability ratelimit throttle sessionRevoked csrf authcheck login,login cspoff sessionTracker requestLifecycle observability jsonException toolbar,USER_AUTH,OK,Login/auth/authcheck guard is present.,none,no,no
GET,Exchange/Solana/Wallet/ViewAssets,mymi-solana-view-assets,\App\Modules\Exchange\Controllers\SolanaController::viewAssets,maintenance botBlocker requestLifecycle observability ratelimit throttle sessionRevoked csrf authcheck login,login cspoff sessionTracker requestLifecycle observability jsonException toolbar,USER_AUTH,OK,Login/auth/authcheck guard is present.,none,no,no
GET,Institutes,»,\App\Modules\User\Controllers\InstitutesController::index,maintenance botBlocker requestLifecycle observability ratelimit throttle sessionRevoked csrf authcheck login,login cspoff sessionTracker requestLifecycle observability jsonException toolbar,USER_AUTH,OK,Login/auth/authcheck guard is present.,none,no,no
GET,My-Investments,»,\App\Modules\User\Controllers\InvestmentsController::index,maintenance botBlocker requestLifecycle observability ratelimit throttle sessionRevoked csrf authcheck login,login cspoff sessionTracker requestLifecycle observability jsonException toolbar,USER_AUTH,OK,Login/auth/authcheck guard is present.,none,no,no
GET,My-Trades,»,\App\Modules\User\Controllers\InvestmentsController::index,maintenance botBlocker requestLifecycle observability ratelimit throttle sessionRevoked csrf authcheck login,login cspoff sessionTracker requestLifecycle observability jsonException toolbar,USER_AUTH,OK,Login/auth/authcheck guard is present.,none,no,no
GET,Investments,»,\App\Modules\User\Controllers\InvestmentsController::index,maintenance botBlocker requestLifecycle observability ratelimit throttle sessionRevoked csrf authcheck login,login cspoff sessionTracker requestLifecycle observability jsonException toolbar,USER_AUTH,OK,Login/auth/authcheck guard is present.,none,no,no
GET,Investments/forecastModal/([^/]+),»,\App\Modules\User\Controllers\InvestmentsController::forecastModal/$1,maintenance botBlocker requestLifecycle observability ratelimit throttle sessionRevoked csrf authcheck login,login cspoff sessionTracker requestLifecycle observability jsonException toolbar,USER_AUTH,OK,Login/auth/authcheck guard is present.,none,no,no
GET,Investments/Add,»,\App\Modules\User\Controllers\InvestmentsController::add,maintenance botBlocker requestLifecycle observability ratelimit throttle sessionRevoked csrf authcheck login,login cspoff sessionTracker requestLifecycle observability jsonException toolbar,USER_AUTH,OK,Login/auth/authcheck guard is present.,none,no,no
GET,Investments/Add/([^/]+),»,\App\Modules\User\Controllers\InvestmentsController::add,maintenance botBlocker requestLifecycle observability ratelimit throttle sessionRevoked csrf authcheck login,login cspoff sessionTracker requestLifecycle observability jsonException toolbar,USER_AUTH,OK,Login/auth/authcheck guard is present.,none,no,no
GET,Investments/Autosave,»,\App\Modules\User\Controllers\InvestmentsController::autoSave,maintenance botBlocker requestLifecycle observability ratelimit throttle sessionRevoked csrf authcheck login,login cspoff sessionTracker requestLifecycle observability jsonException toolbar,USER_AUTH,OK,Login/auth/authcheck guard is present.,none,no,no
GET,Investments/Overview,»,\App\Modules\User\Controllers\InvestmentsController::overview,maintenance botBlocker requestLifecycle observability ratelimit throttle sessionRevoked csrf authcheck login,login cspoff sessionTracker requestLifecycle observability jsonException toolbar,USER_AUTH,OK,Login/auth/authcheck guard is present.,none,no,no
GET,Investments/Retirement,»,\App\Modules\User\Controllers\InvestmentsController::retirement,maintenance botBlocker requestLifecycle observability ratelimit throttle sessionRevoked csrf authcheck login,login cspoff sessionTracker requestLifecycle observability jsonException toolbar,USER_AUTH,OK,Login/auth/authcheck guard is present.,none,no,no
GET,Investments/Save,»,\App\Modules\User\Controllers\InvestmentsController::save,maintenance botBlocker requestLifecycle observability ratelimit throttle sessionRevoked csrf authcheck login,login cspoff sessionTracker requestLifecycle observability jsonException toolbar,USER_AUTH,OK,Login/auth/authcheck guard is present.,none,no,no
GET,Investments/Services,»,\App\Modules\User\Controllers\InvestmentsController::services,maintenance botBlocker requestLifecycle observability ratelimit throttle sessionRevoked csrf authcheck login,login cspoff sessionTracker requestLifecycle observability jsonException toolbar,USER_AUTH,OK,Login/auth/authcheck guard is present.,none,no,no
GET,Investments/Squeezes,»,\App\Modules\User\Controllers\InvestmentsController::squeezes,maintenance botBlocker requestLifecycle observability ratelimit throttle sessionRevoked csrf authcheck login,login cspoff sessionTracker requestLifecycle observability jsonException toolbar,USER_AUTH,OK,Login/auth/authcheck guard is present.,none,no,no
GET,Investments/Test,»,\App\Modules\User\Controllers\InvestmentsController::test,maintenance botBlocker requestLifecycle observability ratelimit throttle sessionRevoked csrf authcheck login,login cspoff sessionTracker requestLifecycle observability jsonException toolbar,USER_AUTH,OK,Login/auth/authcheck guard is present.,none,no,no
GET,Investments/Watchlist,»,\App\Modules\User\Controllers\InvestmentsController::watchlist,maintenance botBlocker requestLifecycle observability ratelimit throttle sessionRevoked csrf authcheck login,login cspoff sessionTracker requestLifecycle observability jsonException toolbar,USER_AUTH,OK,Login/auth/authcheck guard is present.,none,no,no
GET,Investments/Strategies,»,\App\Modules\User\Controllers\InvestmentController::getStrategies,maintenance botBlocker requestLifecycle observability ratelimit throttle sessionRevoked csrf authcheck login,login cspoff sessionTracker requestLifecycle observability jsonException toolbar,USER_AUTH,OK,Login/auth/authcheck guard is present.,none,no,no
GET,Investments/Strategies/([0-9]+),»,\App\Modules\User\Controllers\InvestmentController::getStrategy/$1,maintenance botBlocker requestLifecycle observability ratelimit throttle sessionRevoked csrf authcheck login,login cspoff sessionTracker requestLifecycle observability jsonException toolbar,USER_AUTH,OK,Login/auth/authcheck guard is present.,none,no,no
GET,Investments/Goals,»,\App\Modules\User\Controllers\InvestmentController::getGoals,maintenance botBlocker requestLifecycle observability ratelimit throttle sessionRevoked csrf authcheck login,login cspoff sessionTracker requestLifecycle observability jsonException toolbar,USER_AUTH,OK,Login/auth/authcheck guard is present.,none,no,no
GET,Investments/Goals/([0-9]+),»,\App\Modules\User\Controllers\InvestmentController::createGoal/$1,maintenance botBlocker requestLifecycle observability ratelimit throttle sessionRevoked csrf authcheck login,login cspoff sessionTracker requestLifecycle observability jsonException toolbar,USER_AUTH,OK,Login/auth/authcheck guard is present.,none,no,no
GET,Investments/Crypto-Overview,»,\App\Modules\User\Controllers\InvestmentsController::cryptoOverview,maintenance botBlocker requestLifecycle observability ratelimit throttle sessionRevoked csrf authcheck login,login cspoff sessionTracker requestLifecycle observability jsonException toolbar,USER_AUTH,OK,Login/auth/authcheck guard is present.,none,no,no
GET,Investments/Economic-Data,»,\App\Modules\User\Controllers\InvestmentsController::economicData,maintenance botBlocker requestLifecycle observability ratelimit throttle sessionRevoked csrf authcheck login,login cspoff sessionTracker requestLifecycle observability jsonException toolbar,USER_AUTH,OK,Login/auth/authcheck guard is present.,none,no,no
GET,Investments/Market-News,»,\App\Modules\User\Controllers\InvestmentsController::marketNews,maintenance botBlocker requestLifecycle observability ratelimit throttle sessionRevoked csrf authcheck login,login cspoff sessionTracker requestLifecycle observability jsonException toolbar,USER_AUTH,OK,Login/auth/authcheck guard is present.,none,no,no
GET,Investments/MyMI-News,»,\App\Modules\User\Controllers\InvestmentsController::MyMINews,maintenance botBlocker requestLifecycle observability ratelimit throttle sessionRevoked csrf authcheck login,login cspoff sessionTracker requestLifecycle observability jsonException toolbar,USER_AUTH,OK,Login/auth/authcheck guard is present.,none,no,no
GET,Investments/MyMI-Research,»,\App\Modules\User\Controllers\InvestmentsController::MyMIResearch,maintenance botBlocker requestLifecycle observability ratelimit throttle sessionRevoked csrf authcheck login,login cspoff sessionTracker requestLifecycle observability jsonException toolbar,USER_AUTH,OK,Login/auth/authcheck guard is present.,none,no,no
GET,Investments/Stock-Overview,»,\App\Modules\User\Controllers\InvestmentsController::stockOverview,maintenance botBlocker requestLifecycle observability ratelimit throttle sessionRevoked csrf authcheck login,login cspoff sessionTracker requestLifecycle observability jsonException toolbar,USER_AUTH,OK,Login/auth/authcheck guard is present.,none,no,no
GET,Predictions,»,\App\Modules\User\Controllers\PredictionsController::index,maintenance botBlocker requestLifecycle observability ratelimit throttle sessionRevoked csrf authcheck,cspoff sessionTracker requestLifecycle observability jsonException toolbar,USER_AUTH,OK,Login/auth/authcheck guard is present.,none,no,no
GET,Predictions/Markets,»,\App\Modules\User\Controllers\PredictionsController::markets,maintenance botBlocker requestLifecycle observability ratelimit throttle sessionRevoked csrf authcheck,cspoff sessionTracker requestLifecycle observability jsonException toolbar,USER_AUTH,OK,Login/auth/authcheck guard is present.,none,no,no
GET,Predictions/Market/([0-9]+),»,\App\Modules\User\Controllers\PredictionsController::view/$1,maintenance botBlocker requestLifecycle observability ratelimit throttle sessionRevoked csrf authcheck,cspoff sessionTracker requestLifecycle observability jsonException toolbar,USER_AUTH,OK,Login/auth/authcheck guard is present.,none,no,no
GET,Predictions/Portfolio,»,\App\Modules\User\Controllers\PredictionsController::portfolio,maintenance botBlocker requestLifecycle observability ratelimit throttle sessionRevoked csrf authcheck,cspoff sessionTracker requestLifecycle observability jsonException toolbar,USER_AUTH,OK,Login/auth/authcheck guard is present.,none,no,no
GET,Predictions/Settlements,»,\App\Modules\User\Controllers\PredictionsController::settlements,maintenance botBlocker requestLifecycle observability ratelimit throttle sessionRevoked csrf authcheck,cspoff sessionTracker requestLifecycle observability jsonException toolbar,USER_AUTH,OK,Login/auth/authcheck guard is present.,none,no,no
GET,Projects,»,\App\Modules\User\Controllers\ProjectsController::index,maintenance botBlocker requestLifecycle observability ratelimit throttle sessionRevoked csrf authcheck,cspoff sessionTracker requestLifecycle observability jsonException toolbar,USER_AUTH,OK,Login/auth/authcheck guard is present.,none,no,no
GET,Projects/View/([0-9]+),»,\App\Modules\User\Controllers\ProjectsController::view/$1,maintenance botBlocker requestLifecycle observability ratelimit throttle sessionRevoked csrf authcheck,cspoff sessionTracker requestLifecycle observability jsonException toolbar,USER_AUTH,OK,Login/auth/authcheck guard is present.,none,no,no
GET,Projects/My/Commitments,»,\App\Modules\User\Controllers\ProjectsController::myCommitments,maintenance botBlocker requestLifecycle observability ratelimit throttle sessionRevoked csrf authcheck,cspoff sessionTracker requestLifecycle observability jsonException toolbar,USER_AUTH,OK,Login/auth/authcheck guard is present.,none,no,no
GET,Projects/Fund,»,\App\Modules\User\Controllers\ProjectsController::fund,maintenance botBlocker requestLifecycle observability ratelimit throttle sessionRevoked csrf authcheck,cspoff sessionTracker requestLifecycle observability jsonException toolbar,USER_AUTH,OK,Login/auth/authcheck guard is present.,none,no,no
GET,Projects/Fund/([0-9]+),»,\App\Modules\User\Controllers\ProjectsController::fund/$1,maintenance botBlocker requestLifecycle observability ratelimit throttle sessionRevoked csrf authcheck,cspoff sessionTracker requestLifecycle observability jsonException toolbar,USER_AUTH,OK,Login/auth/authcheck guard is present.,none,no,no
GET,Announcements,»,\App\Modules\Blog\Controllers\AnnouncementsController::index,maintenance botBlocker requestLifecycle observability ratelimit throttle sessionRevoked csrf authcheck,cspoff sessionTracker requestLifecycle observability jsonException toolbar,USER_AUTH,OK,Login/auth/authcheck guard is present.,none,no,no
GET,Assets,»,\App\Modules\Management\Controllers\AssetsController::index,maintenance botBlocker requestLifecycle observability ratelimit throttle sessionRevoked csrf authcheck login,login cspoff sessionTracker requestLifecycle observability jsonException toolbar,USER_AUTH,OK,Login/auth/authcheck guard is present.,none,no,no
GET,Marketplace,»,\App\Modules\ScriptStudio\Controllers\ScriptStudioController::marketplace,maintenance botBlocker requestLifecycle observability ratelimit throttle sessionRevoked csrf authcheck,cspoff sessionTracker requestLifecycle observability jsonException toolbar,USER_AUTH,OK,Login/auth/authcheck guard is present.,none,no,no
GET,API/Investments/GetUserWatchlist/([^/]+),»,\App\Modules\User\Controllers\InvestmentsController::getUserWatchlist/$1,botBlocker requestLifecycle observability ratelimit throttle sessionRevoked,cspoff sessionTracker requestLifecycle observability jsonException toolbar,API_TOKEN,MISSING_GUARD,API route is non-public but no API token/auth/role guard was recognized.,add_or_confirm_api_token_guard,no,no
GET,API/Investments/Economy/latest,»,\App\Modules\User\Controllers\EconomyController::latest,botBlocker requestLifecycle observability ratelimit throttle sessionRevoked,cspoff sessionTracker requestLifecycle observability jsonException toolbar,API_TOKEN,MISSING_GUARD,API route is non-public but no API token/auth/role guard was recognized.,add_or_confirm_api_token_guard,no,no
GET,ScriptStudio,»,\App\Modules\ScriptStudio\Controllers\ScriptStudioController::index,maintenance botBlocker requestLifecycle observability ratelimit throttle sessionRevoked csrf authcheck,cspoff sessionTracker requestLifecycle observability jsonException toolbar,USER_AUTH,OK,Login/auth/authcheck guard is present.,none,no,no
GET,ScriptStudio/Marketplace,»,\App\Modules\ScriptStudio\Controllers\ScriptStudioController::marketplace,maintenance botBlocker requestLifecycle observability ratelimit throttle sessionRevoked csrf authcheck,cspoff sessionTracker requestLifecycle observability jsonException toolbar,USER_AUTH,OK,Login/auth/authcheck guard is present.,none,no,no
GET,ScriptStudio/Create,»,\App\Modules\ScriptStudio\Controllers\ScriptStudioController::create,maintenance botBlocker requestLifecycle observability ratelimit throttle sessionRevoked csrf authcheck,cspoff sessionTracker requestLifecycle observability jsonException toolbar,USER_AUTH,OK,Login/auth/authcheck guard is present.,none,no,no
GET,ScriptStudio/Edit/([0-9]+),»,\App\Modules\ScriptStudio\Controllers\ScriptStudioController::edit/$1,maintenance botBlocker requestLifecycle observability ratelimit throttle sessionRevoked csrf authcheck,cspoff sessionTracker requestLifecycle observability jsonException toolbar,USER_AUTH,OK,Login/auth/authcheck guard is present.,none,no,no
GET,ScriptStudio/Preview/([0-9]+),»,\App\Modules\ScriptStudio\Controllers\ScriptStudioController::preview/$1,maintenance botBlocker requestLifecycle observability ratelimit throttle sessionRevoked csrf authcheck,cspoff sessionTracker requestLifecycle observability jsonException toolbar,USER_AUTH,OK,Login/auth/authcheck guard is present.,none,no,no
GET,ScriptStudio/Export/([0-9]+)/([^/]+),»,\App\Modules\ScriptStudio\Controllers\ScriptStudioController::export/$1/$2,maintenance botBlocker requestLifecycle observability ratelimit throttle sessionRevoked csrf authcheck,cspoff sessionTracker requestLifecycle observability jsonException toolbar,USER_AUTH,OK,Login/auth/authcheck guard is present.,none,no,no
GET,How-It-Works/Daily-Financial-News,»,\App\Modules\Blog\Controllers\HowItWorksController::DailyFinancialNews,maintenance botBlocker requestLifecycle observability ratelimit throttle sessionRevoked csrf,cspoff sessionTracker requestLifecycle observability jsonException toolbar,PUBLIC,OK,Recognized public/lifecycle route.,none,no,no
GET,How-It-Works/Investing,»,\App\Modules\Blog\Controllers\HowItWorksController::InvestmentPortfolioManagement,maintenance botBlocker requestLifecycle observability ratelimit throttle sessionRevoked csrf,cspoff sessionTracker requestLifecycle observability jsonException toolbar,PUBLIC,OK,Recognized public/lifecycle route.,none,no,no
GET,How-It-Works/Investment-Portfolio-Management,»,\App\Modules\Blog\Controllers\HowItWorksController::InvestmentPortfolioManagement,maintenance botBlocker requestLifecycle observability ratelimit throttle sessionRevoked csrf,cspoff sessionTracker requestLifecycle observability jsonException toolbar,PUBLIC,OK,Recognized public/lifecycle route.,none,no,no
GET,How-It-Works/MyMI-Gold,»,\App\Modules\Blog\Controllers\HowItWorksController::MyMIGold,maintenance botBlocker requestLifecycle observability ratelimit throttle sessionRevoked csrf,cspoff sessionTracker requestLifecycle observability jsonException toolbar,PUBLIC,OK,Recognized public/lifecycle route.,none,no,no
GET,How-It-Works/What-Is-MyMI-Gold,»,\App\Modules\Blog\Controllers\HowItWorksController::MyMIGold,maintenance botBlocker requestLifecycle observability ratelimit throttle sessionRevoked csrf,cspoff sessionTracker requestLifecycle observability jsonException toolbar,PUBLIC,OK,Recognized public/lifecycle route.,none,no,no
GET,How-It-Works/Personal-Budgeting,»,\App\Modules\Blog\Controllers\HowItWorksController::PersonalBudgeting,maintenance botBlocker requestLifecycle observability ratelimit throttle sessionRevoked csrf,cspoff sessionTracker requestLifecycle observability jsonException toolbar,PUBLIC,OK,Recognized public/lifecycle route.,none,no,no
GET,How-It-Works/Purchase-MyMI-Gold,»,\App\Modules\Blog\Controllers\HowItWorksController::PurchaseMyMIGold,maintenance botBlocker requestLifecycle observability ratelimit throttle sessionRevoked csrf,cspoff sessionTracker requestLifecycle observability jsonException toolbar,PUBLIC,OK,Recognized public/lifecycle route.,none,no,no
GET,How-It-Works/Setting-Financial-Goals,»,\App\Modules\Blog\Controllers\HowItWorksController::SettingFinancialGoals,maintenance botBlocker requestLifecycle observability ratelimit throttle sessionRevoked csrf,cspoff sessionTracker requestLifecycle observability jsonException toolbar,PUBLIC,OK,Recognized public/lifecycle route.,none,no,no
GET,How-It-Works/crypto,»,\App\Modules\Blog\Controllers\HowItWorksController::show/crypto,maintenance botBlocker requestLifecycle observability ratelimit throttle sessionRevoked csrf,cspoff sessionTracker requestLifecycle observability jsonException toolbar,PUBLIC,OK,Recognized public/lifecycle route.,none,no,no
GET,How-It-Works/alerts,»,\App\Modules\Blog\Controllers\HowItWorksController::show/alerts,maintenance botBlocker requestLifecycle observability ratelimit throttle sessionRevoked csrf,cspoff sessionTracker requestLifecycle observability jsonException toolbar,PUBLIC,OK,Recognized public/lifecycle route.,none,no,no
GET,How-It-Works/projects,»,\App\Modules\Blog\Controllers\HowItWorksController::show/projects,maintenance botBlocker requestLifecycle observability ratelimit throttle sessionRevoked csrf,cspoff sessionTracker requestLifecycle observability jsonException toolbar,PUBLIC,OK,Recognized public/lifecycle route.,none,no,no
GET,How-It-Works/security,»,\App\Modules\Blog\Controllers\HowItWorksController::show/security,maintenance botBlocker requestLifecycle observability ratelimit throttle sessionRevoked csrf,cspoff sessionTracker requestLifecycle observability jsonException toolbar,PUBLIC,OK,Recognized public/lifecycle route.,none,no,no
GET,How-It-Works/pricing,»,\App\Modules\Blog\Controllers\HowItWorksController::show/pricing,maintenance botBlocker requestLifecycle observability ratelimit throttle sessionRevoked csrf,cspoff sessionTracker requestLifecycle observability jsonException toolbar,PUBLIC,OK,Recognized public/lifecycle route.,none,no,no
GET,API/management/run-cron-tasks,»,\App\Modules\APIs\Controllers\ManagementAPIController::Run_CRON_Tasks,botBlocker requestLifecycle observability ratelimit throttle sessionRevoked cronKey,cronKey cspoff sessionTracker requestLifecycle observability jsonException toolbar,INTERNAL,OK,Internal token or cron key guard is present.,none,no,no
GET,Support/ticket/([0-9]+),»,\App\Modules\Support\Controllers\SupportTicketController::show/$1,botBlocker requestLifecycle observability ratelimit throttle sessionRevoked csrf,cspoff sessionTracker requestLifecycle observability jsonException toolbar,PUBLIC,REVIEW_REQUIRED,Default public classification requires owner review.,owner_review_before_launch,no,no
GET,Support,»,\App\Modules\Support\Controllers\SupportController::index,botBlocker requestLifecycle observability ratelimit throttle sessionRevoked csrf,cspoff sessionTracker requestLifecycle observability jsonException toolbar,PUBLIC,REVIEW_REQUIRED,Default public classification requires owner review.,owner_review_before_launch,no,no
GET,Support/Account,»,\App\Modules\Support\Controllers\AccountSupportController::index,botBlocker requestLifecycle observability ratelimit throttle sessionRevoked csrf,cspoff sessionTracker requestLifecycle observability jsonException toolbar,USER_AUTH,MISSING_GUARD,Product/user route pattern detected but no user auth guard was recognized.,add_or_confirm_login_authcheck_guard,no,no
GET,Support/Article/([^/]+),»,\App\Modules\Support\Controllers\SupportController::article/$1,botBlocker requestLifecycle observability ratelimit throttle sessionRevoked csrf,cspoff sessionTracker requestLifecycle observability jsonException toolbar,PUBLIC,REVIEW_REQUIRED,Default public classification requires owner review.,owner_review_before_launch,no,no
GET,Support/Discord,»,\App\Modules\Support\Controllers\SupportController::discordOnboarding,botBlocker requestLifecycle observability ratelimit throttle sessionRevoked csrf,cspoff sessionTracker requestLifecycle observability jsonException toolbar,PUBLIC,REVIEW_REQUIRED,Default public classification requires owner review.,owner_review_before_launch,no,no
GET,Support/FAQ,»,\App\Modules\Support\Controllers\SupportController::view/FAQ,botBlocker requestLifecycle observability ratelimit throttle sessionRevoked csrf,cspoff sessionTracker requestLifecycle observability jsonException toolbar,PUBLIC,REVIEW_REQUIRED,Default public classification requires owner review.,owner_review_before_launch,no,no
GET,Support/Feedback,»,\App\Modules\Support\Controllers\SupportController::view/Feedback,botBlocker requestLifecycle observability ratelimit throttle sessionRevoked csrf,cspoff sessionTracker requestLifecycle observability jsonException toolbar,PUBLIC,REVIEW_REQUIRED,Default public classification requires owner review.,owner_review_before_launch,no,no
GET,Support/Test,»,\App\Modules\Support\Controllers\SupportController::view/Test,botBlocker requestLifecycle observability ratelimit throttle sessionRevoked csrf,cspoff sessionTracker requestLifecycle observability jsonException toolbar,PUBLIC,REVIEW_REQUIRED,Default public classification requires owner review.,owner_review_before_launch,no,no
GET,Support/Test-Email,»,\App\Modules\Support\Controllers\SupportController::view/Test-Email,botBlocker requestLifecycle observability ratelimit throttle sessionRevoked csrf,cspoff sessionTracker requestLifecycle observability jsonException toolbar,PUBLIC,REVIEW_REQUIRED,Default public classification requires owner review.,owner_review_before_launch,no,no
GET,Support/(.*),»,\App\Modules\Support\Controllers\SupportController::view/$1,botBlocker requestLifecycle observability ratelimit throttle sessionRevoked csrf,cspoff sessionTracker requestLifecycle observability jsonException toolbar,PUBLIC,REVIEW_REQUIRED,Default public classification requires owner review.,owner_review_before_launch,no,no
GET,help/account,»,\App\Controllers\App\Modules\Support\Controllers\AccountSupportController::index,maintenance botBlocker requestLifecycle observability ratelimit throttle sessionRevoked csrf,cspoff sessionTracker requestLifecycle observability jsonException toolbar,USER_AUTH,MISSING_GUARD,Product/user route pattern detected but no user auth guard was recognized.,add_or_confirm_login_authcheck_guard,yes,no
GET,My-Referrals,»,\App\Modules\User\Controllers\ReferralController::index,maintenance botBlocker requestLifecycle observability ratelimit throttle sessionRevoked csrf authcheck login,login cspoff sessionTracker requestLifecycle observability jsonException toolbar,USER_AUTH,OK,Login/auth/authcheck guard is present.,none,no,no
GET,Referrals,»,\App\Modules\User\Controllers\ReferralController::index,maintenance botBlocker requestLifecycle observability ratelimit throttle sessionRevoked csrf authcheck login,login cspoff sessionTracker requestLifecycle observability jsonException toolbar,USER_AUTH,OK,Login/auth/authcheck guard is present.,none,no,no
GET,Referrals/Create,»,\App\Modules\User\Controllers\ReferralController::create,maintenance botBlocker requestLifecycle observability ratelimit throttle sessionRevoked csrf authcheck login,login cspoff sessionTracker requestLifecycle observability jsonException toolbar,USER_AUTH,OK,Login/auth/authcheck guard is present.,none,no,no
GET,Referrals/sendReferralEmail,»,\App\Modules\User\Controllers\ReferralController::sendReferralEmail,maintenance botBlocker requestLifecycle observability ratelimit throttle sessionRevoked csrf authcheck login,login cspoff sessionTracker requestLifecycle observability jsonException toolbar,USER_AUTH,OK,Login/auth/authcheck guard is present.,none,no,no
GET,Wallets,wallets.index,\App\Modules\User\Controllers\WalletsController::index,maintenance botBlocker requestLifecycle observability ratelimit throttle sessionRevoked csrf authcheck login noStore,noStore login cspoff sessionTracker requestLifecycle observability jsonException toolbar,USER_AUTH,OK,Login/auth/authcheck guard is present.,none,no,no
GET,Wallets/All,wallets.all,\App\Modules\User\Controllers\WalletsController::all,maintenance botBlocker requestLifecycle observability ratelimit throttle sessionRevoked csrf authcheck login noStore,noStore login cspoff sessionTracker requestLifecycle observability jsonException toolbar,USER_AUTH,OK,Login/auth/authcheck guard is present.,none,no,no
GET,Wallets/Account-Manager,wallets.account-manager,\App\Modules\User\Controllers\WalletsController::accountManager,maintenance botBlocker requestLifecycle observability ratelimit throttle sessionRevoked csrf authcheck login noStore,noStore login cspoff sessionTracker requestLifecycle observability jsonException toolbar,USER_AUTH,OK,Login/auth/authcheck guard is present.,none,no,no
GET,Wallets/Add,wallets.add,\App\Modules\User\Controllers\WalletsController::add,maintenance botBlocker requestLifecycle observability ratelimit throttle sessionRevoked csrf authcheck login noStore,noStore login cspoff sessionTracker requestLifecycle observability jsonException toolbar,USER_AUTH,OK,Login/auth/authcheck guard is present.,none,no,no
GET,Wallets/Add/([^/]+),wallets.add.segment,\App\Modules\User\Controllers\WalletsController::add/$1,maintenance botBlocker requestLifecycle observability ratelimit throttle sessionRevoked csrf authcheck login noStore,noStore login cspoff sessionTracker requestLifecycle observability jsonException toolbar,USER_AUTH,OK,Login/auth/authcheck guard is present.,none,no,no
GET,Wallets/Add/([^/]+)/([^/]+),wallets.add.segment.segment,\App\Modules\User\Controllers\WalletsController::addFetch/$1/$2,maintenance botBlocker requestLifecycle observability ratelimit throttle sessionRevoked csrf authcheck login noStore,noStore login cspoff sessionTracker requestLifecycle observability jsonException toolbar,USER_AUTH,OK,Login/auth/authcheck guard is present.,none,no,no
GET,Wallets/Add/Bank-Account,wallets.add.bank-account,\App\Modules\User\Controllers\WalletsController::createBankeAccount,maintenance botBlocker requestLifecycle observability ratelimit throttle sessionRevoked csrf authcheck login noStore,noStore login cspoff sessionTracker requestLifecycle observability jsonException toolbar,USER_AUTH,OK,Login/auth/authcheck guard is present.,none,no,no
GET,Wallets/Attach-Account,wallets.attach-account,\App\Modules\User\Controllers\WalletsController::attachAccount,maintenance botBlocker requestLifecycle observability ratelimit throttle sessionRevoked csrf authcheck login noStore,noStore login cspoff sessionTracker requestLifecycle observability jsonException toolbar,USER_AUTH,OK,Login/auth/authcheck guard is present.,none,no,no
GET,Wallets/Attach-Account/([^/]+)/([^/]+)/([^/]+),wallets.attach-account.segment.segment.segment,\App\Modules\User\Controllers\WalletsController::attachAccount/$1/$2/$3,maintenance botBlocker requestLifecycle observability ratelimit throttle sessionRevoked csrf authcheck login noStore,noStore login cspoff sessionTracker requestLifecycle observability jsonException toolbar,USER_AUTH,OK,Login/auth/authcheck guard is present.,none,no,no
GET,Wallets/Bank,wallets.bank,\App\Modules\User\Controllers\WalletsController::bank,maintenance botBlocker requestLifecycle observability ratelimit throttle sessionRevoked csrf authcheck login noStore,noStore login cspoff sessionTracker requestLifecycle observability jsonException toolbar,USER_AUTH,OK,Login/auth/authcheck guard is present.,none,no,no
GET,Wallets/Banking,wallets.banking,\App\Modules\User\Controllers\WalletsController::banking,maintenance botBlocker requestLifecycle observability ratelimit throttle sessionRevoked csrf authcheck login noStore,noStore login cspoff sessionTracker requestLifecycle observability jsonException toolbar,USER_AUTH,OK,Login/auth/authcheck guard is present.,none,no,no
GET,Wallets/Banking/Add/Account/([^/]+),wallets.banking.add.account.segment,\App\Modules\User\Controllers\WalletsController::add,maintenance botBlocker requestLifecycle observability ratelimit throttle sessionRevoked csrf authcheck login noStore,noStore login cspoff sessionTracker requestLifecycle observability jsonException toolbar,USER_AUTH,OK,Login/auth/authcheck guard is present.,none,no,no
GET,Wallets/Banking/([^/]+),wallets.banking.segment,\App\Modules\User\Controllers\WalletsController::addAccount,maintenance botBlocker requestLifecycle observability ratelimit throttle sessionRevoked csrf authcheck login noStore,noStore login cspoff sessionTracker requestLifecycle observability jsonException toolbar,USER_AUTH,OK,Login/auth/authcheck guard is present.,none,no,no
GET,Wallets/Banking/Details/([^/]+),wallets.banking.details.segment,\App\Modules\User\Controllers\WalletsController::details/$1,maintenance botBlocker requestLifecycle observability ratelimit throttle sessionRevoked csrf authcheck login noStore,noStore login cspoff sessionTracker requestLifecycle observability jsonException toolbar,USER_AUTH,OK,Login/auth/authcheck guard is present.,none,no,no
GET,Wallets/Credit/Details/([^/]+),wallets.credit.details.segment,\App\Modules\User\Controllers\WalletsController::details/$1,maintenance botBlocker requestLifecycle observability ratelimit throttle sessionRevoked csrf authcheck login noStore,noStore login cspoff sessionTracker requestLifecycle observability jsonException toolbar,USER_AUTH,OK,Login/auth/authcheck guard is present.,none,no,no
GET,Wallets/Debt/Details/([^/]+),wallets.debt.details.segment,\App\Modules\User\Controllers\WalletsController::details/$1,maintenance botBlocker requestLifecycle observability ratelimit throttle sessionRevoked csrf authcheck login noStore,noStore login cspoff sessionTracker requestLifecycle observability jsonException toolbar,USER_AUTH,OK,Login/auth/authcheck guard is present.,none,no,no
GET,Wallets/Investment/Details/([^/]+),wallets.investment.details.segment,\App\Modules\User\Controllers\WalletsController::details/$1,maintenance botBlocker requestLifecycle observability ratelimit throttle sessionRevoked csrf authcheck login noStore,noStore login cspoff sessionTracker requestLifecycle observability jsonException toolbar,USER_AUTH,OK,Login/auth/authcheck guard is present.,none,no,no
GET,Wallets/Crypto/Details/([^/]+),wallets.crypto.details.segment,\App\Modules\User\Controllers\WalletsController::details/$1,maintenance botBlocker requestLifecycle observability ratelimit throttle sessionRevoked csrf authcheck login noStore,noStore login cspoff sessionTracker requestLifecycle observability jsonException toolbar,USER_AUTH,OK,Login/auth/authcheck guard is present.,none,no,no
GET,Wallets/Delete/([^/]+)/([^/]+),wallets.delete.type.id,\App\Modules\User\Controllers\WalletsController::delete/$1/$2,maintenance botBlocker requestLifecycle observability ratelimit throttle sessionRevoked csrf authcheck login noStore,noStore login cspoff sessionTracker requestLifecycle observability jsonException toolbar,USER_AUTH,OK,Login/auth/authcheck guard is present.,none,no,no
GET,Wallets/Banking/Edit/Account/([^/]+),wallets.banking.edit.account.segment,\App\Modules\User\Controllers\WalletsController::editBankAccount/$1,maintenance botBlocker requestLifecycle observability ratelimit throttle sessionRevoked csrf authcheck login noStore,noStore login cspoff sessionTracker requestLifecycle observability jsonException toolbar,USER_AUTH,OK,Login/auth/authcheck guard is present.,none,no,no
GET,Wallets/Checking,wallets.checking,\App\Modules\User\Controllers\WalletsController::checking,maintenance botBlocker requestLifecycle observability ratelimit throttle sessionRevoked csrf authcheck login noStore,noStore login cspoff sessionTracker requestLifecycle observability jsonException toolbar,USER_AUTH,OK,Login/auth/authcheck guard is present.,none,no,no
GET,Wallets/Credit/Edit/Account/([^/]+),»,\App\Modules\User\Controllers\WalletsController::editCreditAccount/$1,maintenance botBlocker requestLifecycle observability ratelimit throttle sessionRevoked csrf authcheck login noStore,noStore login cspoff sessionTracker requestLifecycle observability jsonException toolbar,USER_AUTH,OK,Login/auth/authcheck guard is present.,none,no,no
GET,Wallets/Crypto,wallets.crypto,\App\Modules\User\Controllers\WalletsController::crypto,maintenance botBlocker requestLifecycle observability ratelimit throttle sessionRevoked csrf authcheck login noStore,noStore login cspoff sessionTracker requestLifecycle observability jsonException toolbar,USER_AUTH,OK,Login/auth/authcheck guard is present.,none,no,no
GET,Wallets/Create,wallets.create,\App\Modules\User\Controllers\WalletsController::generateWallet,maintenance botBlocker requestLifecycle observability ratelimit throttle sessionRevoked csrf authcheck login noStore,noStore login cspoff sessionTracker requestLifecycle observability jsonException toolbar,USER_AUTH,OK,Login/auth/authcheck guard is present.,none,no,no
GET,Wallets/Credit,wallets.credit,\App\Modules\User\Controllers\WalletsController::index,maintenance botBlocker requestLifecycle observability ratelimit throttle sessionRevoked csrf authcheck login noStore,noStore login cspoff sessionTracker requestLifecycle observability jsonException toolbar,USER_AUTH,OK,Login/auth/authcheck guard is present.,none,no,no
GET,Wallets/Coin-Swap,wallets.coin-swap,\App\Modules\User\Controllers\WalletsController::coinSwap,maintenance botBlocker requestLifecycle observability ratelimit throttle sessionRevoked csrf authcheck login noStore,noStore login cspoff sessionTracker requestLifecycle observability jsonException toolbar,USER_AUTH,OK,Login/auth/authcheck guard is present.,none,no,no
GET,Wallets/Coin-Swap/([^/]+),wallets.coin-swap.segment,\App\Modules\User\Controllers\WalletsController::coinSwap/$1,maintenance botBlocker requestLifecycle observability ratelimit throttle sessionRevoked csrf authcheck login noStore,noStore login cspoff sessionTracker requestLifecycle observability jsonException toolbar,USER_AUTH,OK,Login/auth/authcheck guard is present.,none,no,no
GET,Wallets/Complete/Purchase,wallets.complete.purchase,\App\Modules\User\Controllers\WalletsController::completePurchase,maintenance botBlocker requestLifecycle observability ratelimit throttle sessionRevoked csrf authcheck login noStore,noStore login cspoff sessionTracker requestLifecycle observability jsonException toolbar,USER_AUTH,OK,Login/auth/authcheck guard is present.,none,no,no
GET,Wallets/Confirm-Deposit,wallets.confirm.deposit,\App\Modules\User\Controllers\WalletsController::confirmDeposit,maintenance botBlocker requestLifecycle observability ratelimit throttle sessionRevoked csrf authcheck login noStore,noStore login cspoff sessionTracker requestLifecycle observability jsonException toolbar,USER_AUTH,OK,Login/auth/authcheck guard is present.,none,no,no
GET,Wallets/Debt,wallets.debt,\App\Modules\User\Controllers\WalletsController::debt,maintenance botBlocker requestLifecycle observability ratelimit throttle sessionRevoked csrf authcheck login noStore,noStore login cspoff sessionTracker requestLifecycle observability jsonException toolbar,USER_AUTH,OK,Login/auth/authcheck guard is present.,none,no,no
GET,Wallets/Debt/Edit/Account/([^/]+),wallets.debt.edit.account.segment,\App\Modules\User\Controllers\WalletsController::editDebtAccount/$1,maintenance botBlocker requestLifecycle observability ratelimit throttle sessionRevoked csrf authcheck login noStore,noStore login cspoff sessionTracker requestLifecycle observability jsonException toolbar,USER_AUTH,OK,Login/auth/authcheck guard is present.,none,no,no
GET,Wallets/Deposit,wallets.deposit,\App\Modules\User\Controllers\WalletsController::deposit,maintenance botBlocker requestLifecycle observability ratelimit throttle sessionRevoked csrf authcheck login noStore,noStore login cspoff sessionTracker requestLifecycle observability jsonException toolbar,USER_AUTH,OK,Login/auth/authcheck guard is present.,none,no,no
GET,Wallets/Deposit/Fetch,wallets.deposit.fetch,\App\Modules\User\Controllers\WalletsController::addDepositFetch,maintenance botBlocker requestLifecycle observability ratelimit throttle sessionRevoked csrf authcheck login noStore,noStore login cspoff sessionTracker requestLifecycle observability jsonException toolbar,USER_AUTH,OK,Login/auth/authcheck guard is present.,none,no,no
GET,Wallets/Deposit/Complete,wallets.deposit.complete,\App\Modules\User\Controllers\WalletsController::depositComplete,maintenance botBlocker requestLifecycle observability ratelimit throttle sessionRevoked csrf authcheck login noStore,noStore login cspoff sessionTracker requestLifecycle observability jsonException toolbar,USER_AUTH,OK,Login/auth/authcheck guard is present.,none,no,no
GET,Wallets/Deposit/Complete/([^/]+),wallets.deposit.complete.segment,\App\Modules\User\Controllers\WalletsController::depositComplete/$1,maintenance botBlocker requestLifecycle observability ratelimit throttle sessionRevoked csrf authcheck login noStore,noStore login cspoff sessionTracker requestLifecycle observability jsonException toolbar,USER_AUTH,OK,Login/auth/authcheck guard is present.,none,no,no
GET,Wallets/Deposit/([^/]+),wallets.deposit.segment,\App\Modules\User\Controllers\WalletsController::deposit/$1,maintenance botBlocker requestLifecycle observability ratelimit throttle sessionRevoked csrf authcheck login noStore,noStore login cspoff sessionTracker requestLifecycle observability jsonException toolbar,USER_AUTH,OK,Login/auth/authcheck guard is present.,none,no,no
GET,Wallets/Deposit/Funds,wallets.deposit.funds,\App\Modules\User\Controllers\WalletsController::deposit,maintenance botBlocker requestLifecycle observability ratelimit throttle sessionRevoked csrf authcheck login noStore,noStore login cspoff sessionTracker requestLifecycle observability jsonException toolbar,USER_AUTH,OK,Login/auth/authcheck guard is present.,none,no,no
GET,Wallets/Details,wallets.details,\App\Modules\User\Controllers\WalletsController::details,maintenance botBlocker requestLifecycle observability ratelimit throttle sessionRevoked csrf authcheck login noStore,noStore login cspoff sessionTracker requestLifecycle observability jsonException toolbar,USER_AUTH,OK,Login/auth/authcheck guard is present.,none,no,no
GET,Wallets/Edit,wallets.edit,\App\Modules\User\Controllers\WalletsController::edit,maintenance botBlocker requestLifecycle observability ratelimit throttle sessionRevoked csrf authcheck login noStore,noStore login cspoff sessionTracker requestLifecycle observability jsonException toolbar,USER_AUTH,OK,Login/auth/authcheck guard is present.,none,no,no
GET,Wallets/Edit/([^/]+),wallets.edit.segment,\App\Modules\User\Controllers\WalletsController::edit/$1,maintenance botBlocker requestLifecycle observability ratelimit throttle sessionRevoked csrf authcheck login noStore,noStore login cspoff sessionTracker requestLifecycle observability jsonException toolbar,USER_AUTH,OK,Login/auth/authcheck guard is present.,none,no,no
GET,Wallets/Edit/([^/]+)/([^/]+),wallets.edit.segment.segment,\App\Modules\User\Controllers\WalletsController::edit/$1/$2,maintenance botBlocker requestLifecycle observability ratelimit throttle sessionRevoked csrf authcheck login noStore,noStore login cspoff sessionTracker requestLifecycle observability jsonException toolbar,USER_AUTH,OK,Login/auth/authcheck guard is present.,none,no,no
GET,Wallets/Feature-Manager,wallets.feature-manager,\App\Modules\User\Controllers\WalletsController::featureManager,maintenance botBlocker requestLifecycle observability ratelimit throttle sessionRevoked csrf authcheck login noStore,noStore login cspoff sessionTracker requestLifecycle observability jsonException toolbar,USER_AUTH,OK,Login/auth/authcheck guard is present.,none,no,no
GET,Wallets/Generate-Wallet,wallets.generate-wallet,\App\Modules\User\Controllers\WalletsController::generateWallet,maintenance botBlocker requestLifecycle observability ratelimit throttle sessionRevoked csrf authcheck login noStore,noStore login cspoff sessionTracker requestLifecycle observability jsonException toolbar,USER_AUTH,OK,Login/auth/authcheck guard is present.,none,no,no
GET,Wallets/Investments,wallets.investments,\App\Modules\User\Controllers\WalletsController::investments,maintenance botBlocker requestLifecycle observability ratelimit throttle sessionRevoked csrf authcheck login noStore,noStore login cspoff sessionTracker requestLifecycle observability jsonException toolbar,USER_AUTH,OK,Login/auth/authcheck guard is present.,none,no,no
GET,Wallets/Investment/Edit/Account/([^/]+),wallets.investment.edit,\App\Modules\User\Controllers\WalletsController::editInvestAccount/$1,maintenance botBlocker requestLifecycle observability ratelimit throttle sessionRevoked csrf authcheck login noStore,noStore login cspoff sessionTracker requestLifecycle observability jsonException toolbar,USER_AUTH,OK,Login/auth/authcheck guard is present.,none,no,no
GET,Wallets/Link-Account,wallets.link-account,\App\Modules\User\Controllers\WalletsController::linkAccount,maintenance botBlocker requestLifecycle observability ratelimit throttle sessionRevoked csrf authcheck login noStore,noStore login cspoff sessionTracker requestLifecycle observability jsonException toolbar,USER_AUTH,OK,Login/auth/authcheck guard is present.,none,no,no
GET,Wallets/Link-Account/([^/]+),wallets.link-account.segment,\App\Modules\User\Controllers\WalletsController::linkAccount/$1,maintenance botBlocker requestLifecycle observability ratelimit throttle sessionRevoked csrf authcheck login noStore,noStore login cspoff sessionTracker requestLifecycle observability jsonException toolbar,USER_AUTH,OK,Login/auth/authcheck guard is present.,none,no,no
GET,Wallets/Link-Account/([^/]+)/([^/]+),wallets.link-account.segment.segment,\App\Modules\User\Controllers\WalletsController::linkAccount/$1,maintenance botBlocker requestLifecycle observability ratelimit throttle sessionRevoked csrf authcheck login noStore,noStore login cspoff sessionTracker requestLifecycle observability jsonException toolbar,USER_AUTH,OK,Login/auth/authcheck guard is present.,none,no,no
GET,Wallets/Link-Account/Success,wallets.link-account.success,\App\Modules\User\Controllers\WalletsController::linkAccountSuccess,maintenance botBlocker requestLifecycle observability ratelimit throttle sessionRevoked csrf authcheck login noStore,noStore login cspoff sessionTracker requestLifecycle observability jsonException toolbar,USER_AUTH,OK,Login/auth/authcheck guard is present.,none,no,no
GET,Wallets/Link-Account/Success/([^/]+),wallets.link-account.success.segment,\App\Modules\User\Controllers\WalletsController::linkAccountSuccess/$1,maintenance botBlocker requestLifecycle observability ratelimit throttle sessionRevoked csrf authcheck login noStore,noStore login cspoff sessionTracker requestLifecycle observability jsonException toolbar,USER_AUTH,OK,Login/auth/authcheck guard is present.,none,no,no
GET,Wallets/Manager,wallets.manager,\App\Modules\User\Controllers\WalletsController::walletManager,maintenance botBlocker requestLifecycle observability ratelimit throttle sessionRevoked csrf authcheck login noStore,noStore login cspoff sessionTracker requestLifecycle observability jsonException toolbar,USER_AUTH,OK,Login/auth/authcheck guard is present.,none,no,no
GET,Wallets/Wallets/MyMIGPayPalCallback,»,\App\Modules\User\Controllers\WalletsController::handleMyMIGPayPalCallback,maintenance botBlocker requestLifecycle observability ratelimit throttle sessionRevoked csrf authcheck login noStore,noStore login cspoff sessionTracker requestLifecycle observability jsonException toolbar,USER_AUTH,OK,Login/auth/authcheck guard is present.,none,no,no
GET,Wallets/Purchase,»,\App\Modules\User\Controllers\WalletsController::purchase,maintenance botBlocker requestLifecycle observability ratelimit throttle sessionRevoked csrf authcheck login noStore,noStore login cspoff sessionTracker requestLifecycle observability jsonException toolbar,USER_AUTH,OK,Login/auth/authcheck guard is present.,none,no,no
GET,Wallets/Purchase-Manager,»,\App\Modules\User\Controllers\WalletsController::purchaseManager,maintenance botBlocker requestLifecycle observability ratelimit throttle sessionRevoked csrf authcheck login noStore,noStore login cspoff sessionTracker requestLifecycle observability jsonException toolbar,USER_AUTH,OK,Login/auth/authcheck guard is present.,none,no,no
GET,Wallets/Purchase/([^/]+),»,\App\Modules\User\Controllers\WalletsController::purchase,maintenance botBlocker requestLifecycle observability ratelimit throttle sessionRevoked csrf authcheck login noStore,noStore login cspoff sessionTracker requestLifecycle observability jsonException toolbar,USER_AUTH,OK,Login/auth/authcheck guard is present.,none,no,no
GET,Wallets/Purchase/Memberships/Customize,»,\App\Modules\User\Controllers\WalletsController::customizeMembership,maintenance botBlocker requestLifecycle observability ratelimit throttle sessionRevoked csrf authcheck login noStore,noStore login cspoff sessionTracker requestLifecycle observability jsonException toolbar,USER_AUTH,OK,Login/auth/authcheck guard is present.,none,no,no
GET,Wallets/Purchase/Memberships/Success,»,\App\Modules\User\Controllers\WalletsController::purchaseMembershipSuccess,maintenance botBlocker requestLifecycle observability ratelimit throttle sessionRevoked csrf authcheck login noStore,noStore login cspoff sessionTracker requestLifecycle observability jsonException toolbar,USER_AUTH,OK,Login/auth/authcheck guard is present.,none,no,no
GET,Wallets/Purchase/Memberships/([^/]+),»,\App\Modules\User\Controllers\WalletsController::purchase,maintenance botBlocker requestLifecycle observability ratelimit throttle sessionRevoked csrf authcheck login noStore,noStore login cspoff sessionTracker requestLifecycle observability jsonException toolbar,USER_AUTH,OK,Login/auth/authcheck guard is present.,none,no,no
GET,Wallets/Purchase/Memberships/([^/]+)/([^/]+),»,\App\Modules\User\Controllers\WalletsController::purchase,maintenance botBlocker requestLifecycle observability ratelimit throttle sessionRevoked csrf authcheck login noStore,noStore login cspoff sessionTracker requestLifecycle observability jsonException toolbar,USER_AUTH,OK,Login/auth/authcheck guard is present.,none,no,no
GET,Wallets/Purchase/([^/]+)/Complete,»,\App\Modules\User\Controllers\WalletsController::purchaseComplete,maintenance botBlocker requestLifecycle observability ratelimit throttle sessionRevoked csrf authcheck login noStore,noStore login cspoff sessionTracker requestLifecycle observability jsonException toolbar,USER_AUTH,OK,Login/auth/authcheck guard is present.,none,no,no
GET,Wallets/Purchase/Complete/([^/]+),»,\App\Modules\User\Controllers\WalletsController::purchaseComplete/$1,maintenance botBlocker requestLifecycle observability ratelimit throttle sessionRevoked csrf authcheck login noStore,noStore login cspoff sessionTracker requestLifecycle observability jsonException toolbar,USER_AUTH,OK,Login/auth/authcheck guard is present.,none,no,no
GET,Wallets/Purchase/Complete/([^/]+)/([^/]+),»,\App\Modules\User\Controllers\WalletsController::purchaseComplete/$1/$2,maintenance botBlocker requestLifecycle observability ratelimit throttle sessionRevoked csrf authcheck login noStore,noStore login cspoff sessionTracker requestLifecycle observability jsonException toolbar,USER_AUTH,OK,Login/auth/authcheck guard is present.,none,no,no
GET,Wallets/Purchase/MyMI-Gold,»,\App\Modules\User\Controllers\WalletsController::purchaseMyMIGold,maintenance botBlocker requestLifecycle observability ratelimit throttle sessionRevoked csrf authcheck login noStore,noStore login cspoff sessionTracker requestLifecycle observability jsonException toolbar,USER_AUTH,OK,Login/auth/authcheck guard is present.,none,no,no
GET,Wallets/Purchase/MyMIGold/Security/([^/]+),»,\App\Modules\User\Controllers\WalletsController::securityViolation,maintenance botBlocker requestLifecycle observability ratelimit throttle sessionRevoked csrf authcheck login noStore,noStore login cspoff sessionTracker requestLifecycle observability jsonException toolbar,USER_AUTH,OK,Login/auth/authcheck guard is present.,none,no,no
GET,Wallets/Transfer-Funds,wallets.transfer-funds,\App\Modules\User\Controllers\WalletsController::transferFunds,maintenance botBlocker requestLifecycle observability ratelimit throttle sessionRevoked csrf authcheck login noStore,noStore login cspoff sessionTracker requestLifecycle observability jsonException toolbar,USER_AUTH,OK,Login/auth/authcheck guard is present.,none,no,no
GET,Wallets/Wallet-Generator,wallets.generator,\App\Modules\User\Controllers\WalletsController::walletGenerator,maintenance botBlocker requestLifecycle observability ratelimit throttle sessionRevoked csrf authcheck login noStore,noStore login cspoff sessionTracker requestLifecycle observability jsonException toolbar,USER_AUTH,OK,Login/auth/authcheck guard is present.,none,no,no
GET,Wallets/Wallet-Selection,wallets.selection,\App\Modules\User\Controllers\WalletsController::walletSelections,maintenance botBlocker requestLifecycle observability ratelimit throttle sessionRevoked csrf authcheck login noStore,noStore login cspoff sessionTracker requestLifecycle observability jsonException toolbar,USER_AUTH,OK,Login/auth/authcheck guard is present.,none,no,no
GET,Wallets/Wallet-Transactions,wallets.transactions,\App\Modules\User\Controllers\WalletsController::walletTransaction,maintenance botBlocker requestLifecycle observability ratelimit throttle sessionRevoked csrf authcheck login noStore,noStore login cspoff sessionTracker requestLifecycle observability jsonException toolbar,USER_AUTH,OK,Login/auth/authcheck guard is present.,none,no,no
GET,Wallets/Wallet-Transaction/([^/]+),wallets.transactions.segment,\App\Modules\User\Controllers\WalletsController::walletTransaction/$1,maintenance botBlocker requestLifecycle observability ratelimit throttle sessionRevoked csrf authcheck login noStore,noStore login cspoff sessionTracker requestLifecycle observability jsonException toolbar,USER_AUTH,OK,Login/auth/authcheck guard is present.,none,no,no
GET,Wallets/Withdraw,wallets.withdraw,\App\Modules\User\Controllers\WalletsController::withdraw,maintenance botBlocker requestLifecycle observability ratelimit throttle sessionRevoked csrf authcheck login noStore,noStore login cspoff sessionTracker requestLifecycle observability jsonException toolbar,USER_AUTH,OK,Login/auth/authcheck guard is present.,none,no,no
GET,Wallets/Withdraw/([^/]+),wallets.withdraw.segment,\App\Modules\User\Controllers\WalletsController::withdraw/$1,maintenance botBlocker requestLifecycle observability ratelimit throttle sessionRevoked csrf authcheck login noStore,noStore login cspoff sessionTracker requestLifecycle observability jsonException toolbar,USER_AUTH,OK,Login/auth/authcheck guard is present.,none,no,no
GET,Wallets/Withdraw/Fetch,wallets.withdraw.fetch,\App\Modules\User\Controllers\WalletsController::addWithdrawFetch,maintenance botBlocker requestLifecycle observability ratelimit throttle sessionRevoked csrf authcheck login noStore,noStore login cspoff sessionTracker requestLifecycle observability jsonException toolbar,USER_AUTH,OK,Login/auth/authcheck guard is present.,none,no,no
GET,Features,»,\App\Modules\Advertise\Controllers\FeaturesController::index,maintenance botBlocker requestLifecycle observability ratelimit throttle sessionRevoked csrf authcheck,cspoff sessionTracker requestLifecycle observability jsonException toolbar,USER_AUTH,OK,Login/auth/authcheck guard is present.,none,no,no
GET,Features/Brokerage-Integrations,»,\App\Modules\Advertise\Controllers\FeaturesController::BrokerageIntegrations,maintenance botBlocker requestLifecycle observability ratelimit throttle sessionRevoked csrf authcheck,cspoff sessionTracker requestLifecycle observability jsonException toolbar,USER_AUTH,OK,Login/auth/authcheck guard is present.,none,no,no
GET,Features/Brokerage-Integration,»,\App\Modules\Advertise\Controllers\FeaturesController::BrokerageIntegrations,maintenance botBlocker requestLifecycle observability ratelimit throttle sessionRevoked csrf authcheck,cspoff sessionTracker requestLifecycle observability jsonException toolbar,USER_AUTH,OK,Login/auth/authcheck guard is present.,none,no,no
GET,Features/MyMI-Gold,»,\App\Modules\Advertise\Controllers\HowItWorks::MyMIGold,maintenance botBlocker requestLifecycle observability ratelimit throttle sessionRevoked csrf authcheck,cspoff sessionTracker requestLifecycle observability jsonException toolbar,USER_AUTH,OK,Login/auth/authcheck guard is present.,none,no,no
GET,Management/API,»,\App\Modules\Management\Controllers\APIAdminController::index,"botBlocker requestLifecycle observability ratelimit throttle sessionRevoked csrf authcheck role:admin,team","role:admin,team cspoff sessionTracker requestLifecycle observability jsonException toolbar",ADMIN_AUTH,OK,Permission/role guard is present.,none,no,no
GET,Management/API/([^/]+),»,\App\Modules\Management\Controllers\APIAdminController::index,"botBlocker requestLifecycle observability ratelimit throttle sessionRevoked csrf authcheck role:admin,team","role:admin,team cspoff sessionTracker requestLifecycle observability jsonException toolbar",ADMIN_AUTH,OK,Permission/role guard is present.,none,no,no
GET,Management/Docs,»,\App\Modules\Management\Controllers\DocsAdminController::index,"botBlocker requestLifecycle observability ratelimit throttle sessionRevoked csrf authcheck role:admin,team","role:admin,team cspoff sessionTracker requestLifecycle observability jsonException toolbar",ADMIN_AUTH,OK,Permission/role guard is present.,none,no,no
GET,Management/Docs/(.*),»,\App\Modules\Management\Controllers\DocsAdminController::browse/$1,"botBlocker requestLifecycle observability ratelimit throttle sessionRevoked csrf authcheck role:admin,team","role:admin,team cspoff sessionTracker requestLifecycle observability jsonException toolbar",ADMIN_AUTH,OK,Permission/role guard is present.,none,no,no
GET,Knowledgebase,»,\App\Modules\User\Controllers\KnowledgebaseController::index,maintenance botBlocker requestLifecycle observability ratelimit throttle sessionRevoked csrf authcheck,cspoff sessionTracker requestLifecycle observability jsonException toolbar,USER_AUTH,OK,Login/auth/authcheck guard is present.,none,no,no
GET,Knowledgebase/Account-And-Billing,»,\App\Modules\User\Controllers\KnowledgebaseController::accountBilling,maintenance botBlocker requestLifecycle observability ratelimit throttle sessionRevoked csrf authcheck,cspoff sessionTracker requestLifecycle observability jsonException toolbar,USER_AUTH,OK,Login/auth/authcheck guard is present.,none,no,no
GET,Knowledgebase/Assets,»,\App\Modules\User\Controllers\KnowledgebaseController::assets,maintenance botBlocker requestLifecycle observability ratelimit throttle sessionRevoked csrf authcheck,cspoff sessionTracker requestLifecycle observability jsonException toolbar,USER_AUTH,OK,Login/auth/authcheck guard is present.,none,no,no
GET,Knowledgebase/Integrating-Wallets,»,\App\Modules\User\Controllers\KnowledgebaseController::integratingWallets,maintenance botBlocker requestLifecycle observability ratelimit throttle sessionRevoked csrf authcheck,cspoff sessionTracker requestLifecycle observability jsonException toolbar,USER_AUTH,OK,Login/auth/authcheck guard is present.,none,no,no
GET,Knowledgebase/Investor-Profile,»,\App\Modules\User\Controllers\KnowledgebaseController::investorProfile,maintenance botBlocker requestLifecycle observability ratelimit throttle sessionRevoked csrf authcheck,cspoff sessionTracker requestLifecycle observability jsonException toolbar,USER_AUTH,OK,Login/auth/authcheck guard is present.,none,no,no
GET,Knowledgebase/KYC-Verification,»,\App\Modules\User\Controllers\KnowledgebaseController::KYCVerification,maintenance botBlocker requestLifecycle observability ratelimit throttle sessionRevoked csrf authcheck,cspoff sessionTracker requestLifecycle observability jsonException toolbar,USER_AUTH,OK,Login/auth/authcheck guard is present.,none,no,no
GET,Knowledgebase/MyMI-Partnerships,»,\App\Modules\User\Controllers\KnowledgebaseController::partnerships,maintenance botBlocker requestLifecycle observability ratelimit throttle sessionRevoked csrf authcheck,cspoff sessionTracker requestLifecycle observability jsonException toolbar,USER_AUTH,OK,Login/auth/authcheck guard is present.,none,no,no
GET,Knowledgebase/Promoted-Articles,»,\App\Modules\User\Controllers\KnowledgebaseController::promotedArticles,maintenance botBlocker requestLifecycle observability ratelimit throttle sessionRevoked csrf authcheck,cspoff sessionTracker requestLifecycle observability jsonException toolbar,USER_AUTH,OK,Login/auth/authcheck guard is present.,none,no,no
GET,Knowledgebase/Technical-Support,»,\App\Modules\User\Controllers\KnowledgebaseController::technicalSupport,maintenance botBlocker requestLifecycle observability ratelimit throttle sessionRevoked csrf authcheck,cspoff sessionTracker requestLifecycle observability jsonException toolbar,USER_AUTH,OK,Login/auth/authcheck guard is present.,none,no,no
GET,Knowledgebase/Trade-Tracker,»,\App\Modules\User\Controllers\KnowledgebaseController::tradeTracker,maintenance botBlocker requestLifecycle observability ratelimit throttle sessionRevoked csrf authcheck,cspoff sessionTracker requestLifecycle observability jsonException toolbar,USER_AUTH,OK,Login/auth/authcheck guard is present.,none,no,no
GET,Knowledgebase/Tutorials,»,\App\Modules\User\Controllers\KnowledgebaseController::tutorials,maintenance botBlocker requestLifecycle observability ratelimit throttle sessionRevoked csrf authcheck,cspoff sessionTracker requestLifecycle observability jsonException toolbar,USER_AUTH,OK,Login/auth/authcheck guard is present.,none,no,no
GET,Knowledgebase/Types-Of-Accounts,»,\App\Modules\User\Controllers\KnowledgebaseController::typesOfAccounts,maintenance botBlocker requestLifecycle observability ratelimit throttle sessionRevoked csrf authcheck,cspoff sessionTracker requestLifecycle observability jsonException toolbar,USER_AUTH,OK,Login/auth/authcheck guard is present.,none,no,no
GET,Knowledgebase/(.*),»,\App\Modules\User\Controllers\KnowledgebaseController::show/$1,maintenance botBlocker requestLifecycle observability ratelimit throttle sessionRevoked csrf authcheck,cspoff sessionTracker requestLifecycle observability jsonException toolbar,USER_AUTH,OK,Login/auth/authcheck guard is present.,none,no,no
GET,Subscribe,»,\App\Modules\Blog\Controllers\SubscribeController::index,maintenance botBlocker requestLifecycle observability ratelimit throttle sessionRevoked csrf authcheck,cspoff sessionTracker requestLifecycle observability jsonException toolbar,USER_AUTH,OK,Login/auth/authcheck guard is present.,none,no,no
GET,Subscribe//Daily-Financial-News,»,\App\Modules\Blog\Controllers\SubscribeController::index,maintenance botBlocker requestLifecycle observability ratelimit throttle sessionRevoked csrf authcheck,cspoff sessionTracker requestLifecycle observability jsonException toolbar,USER_AUTH,OK,Login/auth/authcheck guard is present.,none,no,no
GET,Subscribe/Submit,»,\App\Modules\Blog\Controllers\SubscribeController::submit,maintenance botBlocker requestLifecycle observability ratelimit throttle sessionRevoked csrf authcheck,cspoff sessionTracker requestLifecycle observability jsonException toolbar,USER_AUTH,OK,Login/auth/authcheck guard is present.,none,no,no
GET,API/Alerts/processBrokerEmails,»,\App\Modules\APIs\Controllers\AlertsController::processBrokerEmails,botBlocker requestLifecycle observability ratelimit throttle sessionRevoked cronKey,cspoff sessionTracker requestLifecycle observability jsonException toolbar,INTERNAL,OK,Internal token or cron key guard is present.,none,no,no
GET,API/Alerts/processAllEmails,»,\App\Modules\APIs\Controllers\AlertsController::processAllEmails,botBlocker requestLifecycle observability ratelimit throttle sessionRevoked cronKey,cspoff sessionTracker requestLifecycle observability jsonException toolbar,INTERNAL,OK,Internal token or cron key guard is present.,none,no,no
GET,API/Alerts/previewScraper/([0-9]+),»,\App\Modules\APIs\Controllers\AlertsController::previewScraper/$1,botBlocker requestLifecycle observability ratelimit throttle sessionRevoked,cspoff sessionTracker requestLifecycle observability jsonException toolbar,API_TOKEN,MISSING_GUARD,API route is non-public but no API token/auth/role guard was recognized.,add_or_confirm_api_token_guard,no,no
GET,system/healthz,»,\App\Controllers\System\HealthController::healthz,maintenance botBlocker requestLifecycle observability ratelimit throttle sessionRevoked csrf,cspoff sessionTracker requestLifecycle observability jsonException toolbar,PUBLIC,REVIEW_REQUIRED,Default public classification requires owner review.,owner_review_before_launch,no,no
GET,system/diag,»,\App\Controllers\System\HealthController::diag,maintenance botBlocker requestLifecycle observability ratelimit throttle sessionRevoked csrf,cspoff sessionTracker requestLifecycle observability jsonException toolbar,PUBLIC,REVIEW_REQUIRED,Default public classification requires owner review.,owner_review_before_launch,no,no
GET,Subscribe/Daily-Financial-News,»,(Closure),maintenance botBlocker requestLifecycle observability ratelimit throttle sessionRevoked csrf authcheck,cspoff sessionTracker requestLifecycle observability jsonException toolbar,USER_AUTH,OK,Login/auth/authcheck guard is present.,none,no,no
GET,Blog/Investing/(.*),»,(Closure),maintenance botBlocker requestLifecycle observability ratelimit throttle sessionRevoked csrf,cspoff sessionTracker requestLifecycle observability jsonException toolbar,PUBLIC,OK,Recognized public/lifecycle route.,none,no,no
GET,Tax,»,\App\Modules\User\Tax\Controllers\Tax::index,maintenance botBlocker requestLifecycle observability ratelimit throttle sessionRevoked csrf authcheck login,login cspoff sessionTracker requestLifecycle observability jsonException toolbar,USER_AUTH,OK,Login/auth/authcheck guard is present.,none,no,no
GET,Tax/create,»,\App\Modules\User\Tax\Controllers\Tax::create,maintenance botBlocker requestLifecycle observability ratelimit throttle sessionRevoked csrf authcheck login,login cspoff sessionTracker requestLifecycle observability jsonException toolbar,USER_AUTH,OK,Login/auth/authcheck guard is present.,none,no,no
GET,Tax/edit/([0-9]+),»,\App\Modules\User\Tax\Controllers\Tax::edit/$1,maintenance botBlocker requestLifecycle observability ratelimit throttle sessionRevoked csrf authcheck login,login cspoff sessionTracker requestLifecycle observability jsonException toolbar,USER_AUTH,OK,Login/auth/authcheck guard is present.,none,no,no
GET,Tax/view/([0-9]+),»,\App\Modules\User\Tax\Controllers\Tax::view/$1,maintenance botBlocker requestLifecycle observability ratelimit throttle sessionRevoked csrf authcheck login,login cspoff sessionTracker requestLifecycle observability jsonException toolbar,USER_AUTH,OK,Login/auth/authcheck guard is present.,none,no,no
GET,Tax/preview/([0-9]+),»,\App\Modules\User\Tax\Controllers\Tax::preview/$1,maintenance botBlocker requestLifecycle observability ratelimit throttle sessionRevoked csrf authcheck login,login cspoff sessionTracker requestLifecycle observability jsonException toolbar,USER_AUTH,OK,Login/auth/authcheck guard is present.,none,no,no
GET,Tax/ajax/recalc/([0-9]+),»,\App\Modules\User\Tax\Controllers\Tax::ajaxRecalc/$1,maintenance botBlocker requestLifecycle observability ratelimit throttle sessionRevoked csrf authcheck login,login cspoff sessionTracker requestLifecycle observability jsonException toolbar,USER_AUTH,OK,Login/auth/authcheck guard is present.,none,no,no
GET,Tax/export/json/([0-9]+),»,\App\Modules\User\Tax\Controllers\Tax::exportJson/$1,maintenance botBlocker requestLifecycle observability ratelimit throttle sessionRevoked csrf authcheck login,login cspoff sessionTracker requestLifecycle observability jsonException toolbar,USER_AUTH,OK,Login/auth/authcheck guard is present.,none,no,no
GET,Tax/export/csv/([0-9]+),»,\App\Modules\User\Tax\Controllers\Tax::exportCsv/$1,maintenance botBlocker requestLifecycle observability ratelimit throttle sessionRevoked csrf authcheck login,login cspoff sessionTracker requestLifecycle observability jsonException toolbar,USER_AUTH,OK,Login/auth/authcheck guard is present.,none,no,no
GET,Admin/Tax,»,\App\Modules\Management\TaxAdmin\Controllers\TaxConfig::index,maintenance botBlocker requestLifecycle observability ratelimit throttle sessionRevoked csrf authcheck login,login cspoff sessionTracker requestLifecycle observability jsonException toolbar,USER_AUTH,OK,Login/auth/authcheck guard is present.,none,no,no
GET,Admin/Tax/Templates,»,\App\Modules\Management\TaxAdmin\Controllers\TaxConfig::templates,maintenance botBlocker requestLifecycle observability ratelimit throttle sessionRevoked csrf authcheck login,login cspoff sessionTracker requestLifecycle observability jsonException toolbar,USER_AUTH,OK,Login/auth/authcheck guard is present.,none,no,no
GET,Admin/Tax/Templates/edit/([0-9]+),»,\App\Modules\Management\TaxAdmin\Controllers\TaxConfig::editTemplate/$1,maintenance botBlocker requestLifecycle observability ratelimit throttle sessionRevoked csrf authcheck login,login cspoff sessionTracker requestLifecycle observability jsonException toolbar,USER_AUTH,OK,Login/auth/authcheck guard is present.,none,no,no
GET,Admin/Tax/Jurisdictions,»,\App\Modules\Management\TaxAdmin\Controllers\TaxConfig::jurisdictions,maintenance botBlocker requestLifecycle observability ratelimit throttle sessionRevoked csrf authcheck login,login cspoff sessionTracker requestLifecycle observability jsonException toolbar,USER_AUTH,OK,Login/auth/authcheck guard is present.,none,no,no
GET,Admin/Tax/Rates,»,\App\Modules\Management\TaxAdmin\Controllers\TaxConfig::rates,maintenance botBlocker requestLifecycle observability ratelimit throttle sessionRevoked csrf authcheck login,login cspoff sessionTracker requestLifecycle observability jsonException toolbar,USER_AUTH,OK,Login/auth/authcheck guard is present.,none,no,no
GET,Admin/Tax/Rates/create,»,\App\Modules\Management\TaxAdmin\Controllers\TaxConfig::createRate,maintenance botBlocker requestLifecycle observability ratelimit throttle sessionRevoked csrf authcheck login,login cspoff sessionTracker requestLifecycle observability jsonException toolbar,USER_AUTH,OK,Login/auth/authcheck guard is present.,none,no,no
GET,Admin/Tax/Rates/edit/([0-9]+),»,\App\Modules\Management\TaxAdmin\Controllers\TaxConfig::editRate/$1,maintenance botBlocker requestLifecycle observability ratelimit throttle sessionRevoked csrf authcheck login,login cspoff sessionTracker requestLifecycle observability jsonException toolbar,USER_AUTH,OK,Login/auth/authcheck guard is present.,none,no,no
GET,API/Ops/healthcheck,»,\App\Modules\APIs\Controllers\App\Modules\Ops\Controllers\OpsController::healthcheck,botBlocker requestLifecycle observability ratelimit throttle sessionRevoked internalToken,internalToken cspoff sessionTracker requestLifecycle observability jsonException toolbar,INTERNAL,OK,Internal token or cron key guard is present.,none,yes,no
GET,API/Ops/commands,»,\App\Modules\APIs\Controllers\App\Modules\Ops\Controllers\OpsController::commands,botBlocker requestLifecycle observability ratelimit throttle sessionRevoked internalToken,internalToken cspoff sessionTracker requestLifecycle observability jsonException toolbar,INTERNAL,OK,Internal token or cron key guard is present.,none,yes,no
GET,API/Ops/public-pages/report,»,\App\Modules\APIs\Controllers\App\Modules\APIs\Controllers\OpsPublicPagesController::report,botBlocker requestLifecycle observability ratelimit throttle sessionRevoked internalToken,internalToken cspoff sessionTracker requestLifecycle observability jsonException toolbar,INTERNAL,OK,Internal token or cron key guard is present.,none,yes,no
GET,API/AiOps/snapshot,»,\App\Modules\APIs\Controllers\App\Modules\AIOps\Controllers\AIOpsController::snapshot,botBlocker requestLifecycle observability ratelimit throttle sessionRevoked internalToken,internalToken cspoff sessionTracker requestLifecycle observability jsonException toolbar,INTERNAL,OK,Internal token or cron key guard is present.,none,yes,no
GET,API/AiOps/gaps/docs,»,\App\Modules\APIs\Controllers\App\Modules\AIOps\Controllers\AIOpsController::docsGaps,botBlocker requestLifecycle observability ratelimit throttle sessionRevoked internalToken,internalToken cspoff sessionTracker requestLifecycle observability jsonException toolbar,INTERNAL,OK,Internal token or cron key guard is present.,none,yes,no
GET,API/Logs/summary,»,\App\Modules\APIs\Controllers\App\Modules\Logs\Controllers\LogsController::summary,botBlocker requestLifecycle observability ratelimit throttle sessionRevoked internalToken,internalToken cspoff sessionTracker requestLifecycle observability jsonException toolbar,INTERNAL,OK,Internal token or cron key guard is present.,none,yes,no
GET,API/ContentEngine/drafts/([^/]+),»,\App\Modules\APIs\Controllers\App\Modules\ContentEngine\Controllers\ContentEngineController::draft/$1,botBlocker requestLifecycle observability ratelimit throttle sessionRevoked internalToken,internalToken cspoff sessionTracker requestLifecycle observability jsonException toolbar,INTERNAL,OK,Internal token or cron key guard is present.,none,yes,no
GET,API/Chat/health,»,\App\Modules\APIs\Controllers\App\Modules\Chat\Controllers\ChatController::health,botBlocker requestLifecycle observability ratelimit throttle sessionRevoked internalToken,internalToken cspoff sessionTracker requestLifecycle observability jsonException toolbar,INTERNAL,OK,Internal token or cron key guard is present.,none,yes,no
GET,API/Chat/usage,»,\App\Modules\APIs\Controllers\App\Modules\Chat\Controllers\ChatController::usage,botBlocker requestLifecycle observability ratelimit throttle sessionRevoked internalToken,internalToken cspoff sessionTracker requestLifecycle observability jsonException toolbar,INTERNAL,OK,Internal token or cron key guard is present.,none,yes,no
GET,Dashboard/Economy/Widget,»,\App\Modules\User\Controllers\EconomyController::dashboardWidget,maintenance botBlocker requestLifecycle observability ratelimit throttle sessionRevoked csrf authcheck login,login cspoff sessionTracker requestLifecycle observability jsonException toolbar,USER_AUTH,OK,Login/auth/authcheck guard is present.,none,no,no
GET,investments/economy/update_all,»,\App\Modules\User\Controllers\EconomyController::updateAll,maintenance botBlocker requestLifecycle observability ratelimit throttle sessionRevoked csrf authcheck login,cspoff sessionTracker requestLifecycle observability jsonException toolbar,USER_AUTH,OK,Login/auth/authcheck guard is present.,none,no,no
GET,investments/fundamentals/([^/]+),»,\App\Modules\APIs\Controllers\InvestmentsAPIController::fundamentals/$1,maintenance botBlocker requestLifecycle observability ratelimit throttle sessionRevoked csrf authcheck login,cspoff sessionTracker requestLifecycle observability jsonException toolbar,USER_AUTH,OK,Login/auth/authcheck guard is present.,none,no,no
GET,Dashboard/PropFirms,»,\App\Modules\PropFirms\Controllers\PropFirmsController::index,maintenance botBlocker requestLifecycle observability ratelimit throttle sessionRevoked csrf authcheck login noStore,noStore login cspoff sessionTracker requestLifecycle observability jsonException toolbar,USER_AUTH,OK,Login/auth/authcheck guard is present.,none,no,no
GET,Dashboard/propfirms,»,\App\Modules\PropFirms\Controllers\PropFirmsController::index,maintenance botBlocker requestLifecycle observability ratelimit throttle sessionRevoked csrf authcheck login noStore,noStore login cspoff sessionTracker requestLifecycle observability jsonException toolbar,USER_AUTH,OK,Login/auth/authcheck guard is present.,none,no,no
GET,PropFirms,»,\App\Modules\PropFirms\Controllers\PropFirmsController::index,maintenance botBlocker requestLifecycle observability ratelimit throttle sessionRevoked csrf authcheck login noStore,noStore login cspoff sessionTracker requestLifecycle observability jsonException toolbar,USER_AUTH,OK,Login/auth/authcheck guard is present.,none,no,no
GET,PropFirms/RuleSets,»,\App\Modules\PropFirms\Controllers\PropFirmsController::ruleSets,maintenance botBlocker requestLifecycle observability ratelimit throttle sessionRevoked csrf authcheck login noStore,noStore login cspoff sessionTracker requestLifecycle observability jsonException toolbar,USER_AUTH,OK,Login/auth/authcheck guard is present.,none,no,no
GET,PropFirms/Accounts,»,\App\Modules\PropFirms\Controllers\AccountsController::index,maintenance botBlocker requestLifecycle observability ratelimit throttle sessionRevoked csrf authcheck login noStore,noStore login cspoff sessionTracker requestLifecycle observability jsonException toolbar,USER_AUTH,OK,Login/auth/authcheck guard is present.,none,no,no
GET,PropFirms/Accounts/create,»,\App\Modules\PropFirms\Controllers\AccountsController::create,maintenance botBlocker requestLifecycle observability ratelimit throttle sessionRevoked csrf authcheck login noStore,noStore login cspoff sessionTracker requestLifecycle observability jsonException toolbar,USER_AUTH,OK,Login/auth/authcheck guard is present.,none,no,no
GET,PropFirms/Accounts/([0-9]+),»,\App\Modules\PropFirms\Controllers\AccountsController::detail/$1,maintenance botBlocker requestLifecycle observability ratelimit throttle sessionRevoked csrf authcheck login noStore,noStore login cspoff sessionTracker requestLifecycle observability jsonException toolbar,USER_AUTH,OK,Login/auth/authcheck guard is present.,none,no,no
GET,PropFirms/Accounts/([0-9]+)/edit,»,\App\Modules\PropFirms\Controllers\AccountsController::edit/$1,maintenance botBlocker requestLifecycle observability ratelimit throttle sessionRevoked csrf authcheck login noStore,noStore login cspoff sessionTracker requestLifecycle observability jsonException toolbar,USER_AUTH,OK,Login/auth/authcheck guard is present.,none,no,no
GET,PropFirms/Replay/([0-9]+)/([^/]+),»,\App\Modules\PropFirms\Controllers\ReplayController::index/$1/$2,maintenance botBlocker requestLifecycle observability ratelimit throttle sessionRevoked csrf authcheck login noStore,noStore login cspoff sessionTracker requestLifecycle observability jsonException toolbar,USER_AUTH,OK,Login/auth/authcheck guard is present.,none,no,no
GET,PropFirms/Notifications,»,\App\Modules\PropFirms\Controllers\NotificationsController::index,maintenance botBlocker requestLifecycle observability ratelimit throttle sessionRevoked csrf authcheck login noStore,noStore login cspoff sessionTracker requestLifecycle observability jsonException toolbar,USER_AUTH,OK,Login/auth/authcheck guard is present.,none,no,no
GET,API/account-state/([0-9]+),»,\App\Modules\PropFirms\Controllers\AccountsController::accountState/$1,botBlocker requestLifecycle observability ratelimit throttle sessionRevoked login noStore,noStore login cspoff sessionTracker requestLifecycle observability jsonException toolbar,USER_AUTH,OK,Login/auth/authcheck guard is present.,none,no,no
GET,API/PropFirms/replay/([0-9]+)/([^/]+),»,\App\Modules\PropFirms\Controllers\ReplayController::apiReplay/$1/$2,botBlocker requestLifecycle observability ratelimit throttle sessionRevoked login noStore,noStore login cspoff sessionTracker requestLifecycle observability jsonException toolbar,USER_AUTH,OK,Login/auth/authcheck guard is present.,none,no,no
GET,API/PropFirms/replay/([0-9]+)/diagnostics,»,\App\Modules\PropFirms\Controllers\ReplayController::diagnosticsSummary/$1,botBlocker requestLifecycle observability ratelimit throttle sessionRevoked login noStore,noStore login cspoff sessionTracker requestLifecycle observability jsonException toolbar,USER_AUTH,OK,Login/auth/authcheck guard is present.,none,no,no
GET,Management/Marketing/Blogger,»,\App\Controllers\App\Modules\Management\Controllers\Marketing\BloggerController::index,botBlocker requestLifecycle observability ratelimit throttle sessionRevoked csrf authcheck auth,auth cspoff sessionTracker requestLifecycle observability jsonException toolbar,USER_AUTH,OK,Login/auth/authcheck guard is present.,none,yes,no
GET,Management/Marketing/Blogger/preview/(.*),»,\App\Controllers\App\Modules\Management\Controllers\Marketing\BloggerController::preview/$1,botBlocker requestLifecycle observability ratelimit throttle sessionRevoked csrf authcheck auth,auth cspoff sessionTracker requestLifecycle observability jsonException toolbar,USER_AUTH,OK,Login/auth/authcheck guard is present.,none,yes,no
GET,Management/ContentEngine/previewPost/([0-9]+),»,\App\Controllers\App\Modules\Management\Controllers\ContentEngineController::previewPost/$1,botBlocker requestLifecycle observability ratelimit throttle sessionRevoked csrf authcheck auth,auth cspoff sessionTracker requestLifecycle observability jsonException toolbar,USER_AUTH,OK,Login/auth/authcheck guard is present.,none,yes,no
GET,Management/OpsInbox,»,\App\Controllers\App\Modules\Management\Controllers\OpsInboxController::index,botBlocker requestLifecycle observability ratelimit throttle sessionRevoked csrf authcheck role:admin,role:admin cspoff sessionTracker requestLifecycle observability jsonException toolbar,ADMIN_AUTH,OK,Permission/role guard is present.,none,yes,no
GET,Management/OpsInbox/view/([0-9]+),»,\App\Controllers\App\Modules\Management\Controllers\OpsInboxController::view/$1,botBlocker requestLifecycle observability ratelimit throttle sessionRevoked csrf authcheck role:admin,role:admin cspoff sessionTracker requestLifecycle observability jsonException toolbar,ADMIN_AUTH,OK,Permission/role guard is present.,none,yes,no
GET,ScriptStudio/Export/([0-9]+)/(.*),»,\App\Modules\ScriptStudio\Controllers\ScriptStudioController::export/$1/$2,maintenance botBlocker requestLifecycle observability ratelimit throttle sessionRevoked csrf authcheck,cspoff sessionTracker requestLifecycle observability jsonException toolbar,USER_AUTH,OK,Login/auth/authcheck guard is present.,none,no,no
GET,forgot,»,\Myth\Auth\Controllers\AuthController::forgotPassword,maintenance botBlocker requestLifecycle observability ratelimit throttle sessionRevoked csrf,no-cache cspoff sessionTracker requestLifecycle observability jsonException toolbar,PUBLIC,REVIEW_REQUIRED,Default public classification requires owner review.,owner_review_before_launch,no,no
GET,index.php/(.*),»,$1,,,DEPRECATED_OR_DISABLED,REVIEW_REQUIRED,No filters recognized and no safe public classification matched.,owner_review_before_launch,no,yes
GET,index.php/images/(.*),»,images/$1,,,DEPRECATED_OR_DISABLED,REVIEW_REQUIRED,No filters recognized and no safe public classification matched.,owner_review_before_launch,no,yes
GET,News,»,Blog/News-And-Updates,,,DEPRECATED_OR_DISABLED,REVIEW_REQUIRED,No filters recognized and no safe public classification matched.,owner_review_before_launch,no,yes
GET,Dashboard/PropFirm,»,PropFirms,,,USER_AUTH,MISSING_GUARD,Product/user route pattern detected but no user auth guard was recognized.,add_or_confirm_login_authcheck_guard,no,yes
GET,Features/Advanced-Investment-Portfoio-Manager,»,Features/Advanced-Investment-Portfolio-Manager,,,USER_AUTH,MISSING_GUARD,Product/user route pattern detected but no user auth guard was recognized.,add_or_confirm_login_authcheck_guard,no,yes
GET,Premium-Features/Advanced-Trade-Tracker,»,Investments/Trade-Tracker,,,USER_AUTH,MISSING_GUARD,Product/user route pattern detected but no user auth guard was recognized.,add_or_confirm_login_authcheck_guard,no,yes
GET,Premium-Features/Wallets,»,Wallets/Manager,,,USER_AUTH,MISSING_GUARD,Product/user route pattern detected but no user auth guard was recognized.,add_or_confirm_login_authcheck_guard,no,yes
GET,How-To-Guides,»,Knowledgebase/Tutorials,,,DEPRECATED_OR_DISABLED,REVIEW_REQUIRED,No filters recognized and no safe public classification matched.,owner_review_before_launch,no,yes
GET,Investments/Reports,»,Investments/Trade-Tracker,,,USER_AUTH,MISSING_GUARD,Product/user route pattern detected but no user auth guard was recognized.,add_or_confirm_login_authcheck_guard,no,yes
POST,index.php/login,»,\App\Controllers\AuthController::attemptLogin,maintenance botBlocker requestLifecycle observability ratelimit throttle sessionRevoked csrf authcheck,cspoff sessionTracker requestLifecycle observability jsonException toolbar,USER_AUTH,OK,Login/auth/authcheck guard is present.,none,no,no
POST,index.php/register,»,\App\Controllers\AuthController::attemptRegister,maintenance botBlocker requestLifecycle observability ratelimit throttle sessionRevoked csrf,cspoff sessionTracker requestLifecycle observability jsonException toolbar,PUBLIC,REVIEW_REQUIRED,Default public classification requires owner review.,owner_review_before_launch,no,no
POST,admin/ops/health/run,»,\App\Controllers\OpsHealthController::run,maintenance botBlocker requestLifecycle observability ratelimit throttle sessionRevoked csrf authcheck permission:admin.access,permission:admin.access cspoff sessionTracker requestLifecycle observability jsonException toolbar,ADMIN_AUTH,OK,Permission/role guard is present.,none,no,no
POST,API/CoinVault/contributionEvent,»,\App\Modules\CoinVault\Controllers\Api\CoinVaultApiController::contributionEvent,botBlocker requestLifecycle observability ratelimit throttle sessionRevoked,cspoff sessionTracker requestLifecycle observability jsonException toolbar,API_TOKEN,MISSING_GUARD,API route is non-public but no API token/auth/role guard was recognized.,add_or_confirm_api_token_guard,no,no
POST,API/CoinVault/approveContribution/([0-9]+),»,\App\Modules\CoinVault\Controllers\Api\CoinVaultApiController::approveContribution/$1,botBlocker requestLifecycle observability ratelimit throttle sessionRevoked permission:admin.access,permission:admin.access cspoff sessionTracker requestLifecycle observability jsonException toolbar,ADMIN_AUTH,OK,Permission/role guard is present.,none,no,no
POST,API/CoinVault/rejectContribution/([0-9]+),»,\App\Modules\CoinVault\Controllers\Api\CoinVaultApiController::rejectContribution/$1,botBlocker requestLifecycle observability ratelimit throttle sessionRevoked permission:admin.access,permission:admin.access cspoff sessionTracker requestLifecycle observability jsonException toolbar,ADMIN_AUTH,OK,Permission/role guard is present.,none,no,no
POST,API/CoinVault/requestPayout,»,\App\Modules\CoinVault\Controllers\Api\CoinVaultApiController::requestPayout,botBlocker requestLifecycle observability ratelimit throttle sessionRevoked login,login cspoff sessionTracker requestLifecycle observability jsonException toolbar,USER_AUTH,REVIEW_REQUIRED,User-auth route changes state; confirm CSRF or equivalent protection.,owner_review_before_launch,no,no
POST,API/CoinVault/approvePayout/([0-9]+),»,\App\Modules\CoinVault\Controllers\Api\CoinVaultApiController::approvePayout/$1,botBlocker requestLifecycle observability ratelimit throttle sessionRevoked permission:admin.access,permission:admin.access cspoff sessionTracker requestLifecycle observability jsonException toolbar,ADMIN_AUTH,OK,Permission/role guard is present.,none,no,no
POST,API/CoinVault/rejectPayout/([0-9]+),»,\App\Modules\CoinVault\Controllers\Api\CoinVaultApiController::rejectPayout/$1,botBlocker requestLifecycle observability ratelimit throttle sessionRevoked permission:admin.access,permission:admin.access cspoff sessionTracker requestLifecycle observability jsonException toolbar,ADMIN_AUTH,OK,Permission/role guard is present.,none,no,no
POST,auth/resend-activation,auth/resend-activation-legacy,\App\Controllers\AuthController::resendActivationCode,maintenance botBlocker requestLifecycle observability ratelimit throttle sessionRevoked csrf authcheck,no-cache cspoff sessionTracker requestLifecycle observability jsonException toolbar,USER_AUTH,OK,Login/auth/authcheck guard is present.,none,no,no
POST,resend-activation,resend-activation-code,\App\Controllers\AuthController::resendActivationCode,maintenance botBlocker requestLifecycle observability ratelimit throttle sessionRevoked csrf,no-cache cspoff sessionTracker requestLifecycle observability jsonException toolbar,STATEFUL_PUBLIC,REVIEW_REQUIRED,Public lifecycle route changes state and has CSRF; confirm intentional public behavior.,owner_review_before_launch,no,no
POST,api/aiops/manual-run,»,\App\Controllers\Api\AiOpsManualRunController::run,botBlocker requestLifecycle observability ratelimit throttle sessionRevoked permission:admin.access,permission:admin.access cspoff sessionTracker requestLifecycle observability jsonException toolbar,ADMIN_AUTH,OK,Permission/role guard is present.,none,no,no
POST,login,login-submit,\App\Controllers\AuthController::attemptLogin,maintenance botBlocker requestLifecycle observability ratelimit throttle sessionRevoked csrf no-cache,no-cache cspoff sessionTracker requestLifecycle observability jsonException toolbar,STATEFUL_PUBLIC,REVIEW_REQUIRED,Public lifecycle route changes state and has CSRF; confirm intentional public behavior.,owner_review_before_launch,no,no
POST,logout,auth/logout,\App\Controllers\AuthController::logout,maintenance botBlocker requestLifecycle observability ratelimit throttle sessionRevoked csrf authcheck no-cache,no-cache cspoff sessionTracker requestLifecycle observability jsonException toolbar,STATEFUL_PUBLIC,REVIEW_REQUIRED,Public lifecycle route changes state and has CSRF; confirm intentional public behavior.,owner_review_before_launch,no,no
POST,register,register-submit,\App\Controllers\AuthController::attemptRegister,maintenance botBlocker requestLifecycle observability ratelimit throttle sessionRevoked csrf no-cache,no-cache cspoff sessionTracker requestLifecycle observability jsonException toolbar,STATEFUL_PUBLIC,REVIEW_REQUIRED,Public lifecycle route changes state and has CSRF; confirm intentional public behavior.,owner_review_before_launch,no,no
POST,register/resend-activation,register-resend-activation,\App\Controllers\AuthController::resendRegistrationActivation,maintenance botBlocker requestLifecycle observability ratelimit throttle sessionRevoked csrf no-cache,no-cache cspoff sessionTracker requestLifecycle observability jsonException toolbar,PUBLIC,REVIEW_REQUIRED,Default public classification requires owner review.,owner_review_before_launch,no,no
POST,login-shield,login-shield-submit,\App\Controllers\ShieldAuth\Login::attempt,maintenance botBlocker requestLifecycle observability ratelimit throttle sessionRevoked csrf authcheck no-cache,no-cache cspoff sessionTracker requestLifecycle observability jsonException toolbar,STATEFUL_PUBLIC,REVIEW_REQUIRED,Public lifecycle route changes state and has CSRF; confirm intentional public behavior.,owner_review_before_launch,no,no
POST,register-shield,register-shield-submit,\App\Controllers\ShieldAuth\Register::attempt,maintenance botBlocker requestLifecycle observability ratelimit throttle sessionRevoked csrf authcheck no-cache,no-cache cspoff sessionTracker requestLifecycle observability jsonException toolbar,STATEFUL_PUBLIC,REVIEW_REQUIRED,Public lifecycle route changes state and has CSRF; confirm intentional public behavior.,owner_review_before_launch,no,no
POST,Auth/link-robinhood,»,\App\Controllers\AuthController::linkRobinhood,maintenance botBlocker requestLifecycle observability ratelimit throttle sessionRevoked csrf authcheck no-cache,no-cache cspoff sessionTracker requestLifecycle observability jsonException toolbar,USER_AUTH,OK,Login/auth/authcheck guard is present.,none,no,no
POST,Auth/link-snaptrade,»,\App\Controllers\AuthController::linkSnapTrade,maintenance botBlocker requestLifecycle observability ratelimit throttle sessionRevoked csrf authcheck no-cache,no-cache cspoff sessionTracker requestLifecycle observability jsonException toolbar,USER_AUTH,OK,Login/auth/authcheck guard is present.,none,no,no
POST,Discord/register,discord-register-attempt,\App\Controllers\AuthController::attemptRegister,maintenance botBlocker requestLifecycle observability ratelimit throttle sessionRevoked csrf no-cache,no-cache cspoff sessionTracker requestLifecycle observability jsonException toolbar,STATEFUL_PUBLIC,REVIEW_REQUIRED,Public lifecycle route changes state and has CSRF; confirm intentional public behavior.,owner_review_before_launch,no,no
POST,Discord/register/([^/]+),»,\App\Controllers\AuthController::attemptRegister,maintenance botBlocker requestLifecycle observability ratelimit throttle sessionRevoked csrf no-cache,no-cache cspoff sessionTracker requestLifecycle observability jsonException toolbar,STATEFUL_PUBLIC,REVIEW_REQUIRED,Public lifecycle route changes state and has CSRF; confirm intentional public behavior.,owner_review_before_launch,no,no
POST,activate-account,»,\App\Controllers\AuthController::activateAccount,maintenance botBlocker requestLifecycle observability ratelimit throttle sessionRevoked csrf no-cache,no-cache cspoff sessionTracker requestLifecycle observability jsonException toolbar,STATEFUL_PUBLIC,REVIEW_REQUIRED,Public lifecycle route changes state and has CSRF; confirm intentional public behavior.,owner_review_before_launch,no,no
POST,activate-account/([^/]+),activate-account-by-uri,\App\Controllers\AuthController::activateAccount,maintenance botBlocker requestLifecycle observability ratelimit throttle sessionRevoked csrf no-cache,no-cache cspoff sessionTracker requestLifecycle observability jsonException toolbar,USER_AUTH,MISSING_GUARD,Product/user route pattern detected but no user auth guard was recognized.,add_or_confirm_login_authcheck_guard,no,no
POST,forgot,»,\App\Controllers\AuthController::attemptForgot,maintenance botBlocker requestLifecycle observability ratelimit throttle sessionRevoked csrf no-cache,no-cache cspoff sessionTracker requestLifecycle observability jsonException toolbar,PUBLIC,REVIEW_REQUIRED,Default public classification requires owner review.,owner_review_before_launch,no,no
POST,reset-password,reset-password-attempt,\App\Controllers\AuthController::attemptReset,maintenance botBlocker requestLifecycle observability ratelimit throttle sessionRevoked csrf no-cache,no-cache cspoff sessionTracker requestLifecycle observability jsonException toolbar,STATEFUL_PUBLIC,REVIEW_REQUIRED,Public lifecycle route changes state and has CSRF; confirm intentional public behavior.,owner_review_before_launch,no,no
POST,get2FAQRCode,get-2FA-QRCode,\App\Controllers\AuthController::get2FAQRCode,maintenance botBlocker requestLifecycle observability ratelimit throttle sessionRevoked csrf authcheck no-cache,no-cache cspoff sessionTracker requestLifecycle observability jsonException toolbar,USER_AUTH,OK,Login/auth/authcheck guard is present.,none,no,no
POST,verify2FACode,verify-2FA-Code,\App\Controllers\AuthController::verify2FACode,maintenance botBlocker requestLifecycle observability ratelimit throttle sessionRevoked csrf authcheck no-cache,no-cache cspoff sessionTracker requestLifecycle observability jsonException toolbar,USER_AUTH,OK,Login/auth/authcheck guard is present.,none,no,no
POST,Trade-Tracker/saveTradeData,save-trade-tracker-data,\App\Modules\User\Controllers\InvestmentsController::saveTradeData,maintenance botBlocker requestLifecycle observability ratelimit throttle sessionRevoked csrf authcheck login noStore,noStore login cspoff sessionTracker requestLifecycle observability jsonException toolbar,USER_AUTH,OK,Login/auth/authcheck guard is present.,none,no,no
POST,Advisor/generateInsight,»,\App\Controllers\AdvisorController::generateAdvisorInsight,maintenance botBlocker requestLifecycle observability ratelimit throttle sessionRevoked csrf authcheck,cspoff sessionTracker requestLifecycle observability jsonException toolbar,USER_AUTH,OK,Login/auth/authcheck guard is present.,none,no,no
POST,Advisor/generateStoryboard,»,\App\Controllers\AdvisorController::generateNewsStoryboard,maintenance botBlocker requestLifecycle observability ratelimit throttle sessionRevoked csrf authcheck,cspoff sessionTracker requestLifecycle observability jsonException toolbar,USER_AUTH,OK,Login/auth/authcheck guard is present.,none,no,no
POST,Advisor/tradeAnalysis/([0-9]+),»,\App\Controllers\AdvisorController::generateTradeAnalysis,maintenance botBlocker requestLifecycle observability ratelimit throttle sessionRevoked csrf authcheck,cspoff sessionTracker requestLifecycle observability jsonException toolbar,USER_AUTH,OK,Login/auth/authcheck guard is present.,none,no,no
POST,API/v1/Status,»,\App\Modules\APIs\Controllers\APIController::status,botBlocker requestLifecycle observability ratelimit throttle sessionRevoked apiToken,ratelimit apiToken cspoff sessionTracker requestLifecycle observability jsonException toolbar,STATEFUL_PUBLIC,MISSING_GUARD,Public lifecycle route changes state but no CSRF guard was recognized.,add_or_confirm_csrf_for_public_lifecycle_route,no,no
POST,API,»,\App\Modules\APIs\Controllers\APIController::index,maintenance botBlocker requestLifecycle observability ratelimit throttle sessionRevoked csrf authcheck,cspoff sessionTracker requestLifecycle observability jsonException toolbar,USER_AUTH,OK,Login/auth/authcheck guard is present.,none,no,no
POST,API/mobile/auth/login,»,\App\Modules\APIs\Controllers\MobileAuthController::login,botBlocker requestLifecycle observability ratelimit throttle sessionRevoked,ratelimit cspoff sessionTracker requestLifecycle observability jsonException toolbar,API_TOKEN,MISSING_GUARD,API route is non-public but no API token/auth/role guard was recognized.,add_or_confirm_api_token_guard,no,no
POST,API/mobile/auth/register,»,\App\Modules\APIs\Controllers\MobileAuthController::register,botBlocker requestLifecycle observability ratelimit throttle sessionRevoked csrf,ratelimit cspoff sessionTracker requestLifecycle observability jsonException toolbar,API_TOKEN,MISSING_GUARD,API route is non-public but no API token/auth/role guard was recognized.,add_or_confirm_api_token_guard,no,no
POST,API/mobile/auth/logout,»,\App\Modules\APIs\Controllers\MobileAuthController::logout,botBlocker requestLifecycle observability ratelimit throttle sessionRevoked apiToken,apiToken cspoff sessionTracker requestLifecycle observability jsonException toolbar,API_TOKEN,OK,API token guard is present.,none,no,no
POST,API/Discord/interactions,»,\App\Modules\APIs\Controllers\DiscordAPIController::interactions,botBlocker requestLifecycle observability ratelimit throttle sessionRevoked,cspoff sessionTracker requestLifecycle observability jsonException toolbar,API_TOKEN,MISSING_GUARD,API route is non-public but no API token/auth/role guard was recognized.,add_or_confirm_api_token_guard,no,no
POST,API/Status,»,\App\Modules\APIs\Controllers\APIController::status,,,STATEFUL_PUBLIC,MISSING_GUARD,Public lifecycle route changes state but no CSRF guard was recognized.,add_or_confirm_csrf_for_public_lifecycle_route,no,yes
POST,API/Ops/dispatch,»,\App\Modules\APIs\Controllers\OpsAPIController::dispatch,botBlocker requestLifecycle observability ratelimit throttle sessionRevoked,cspoff sessionTracker requestLifecycle observability jsonException toolbar,API_TOKEN,MISSING_GUARD,API route is non-public but no API token/auth/role guard was recognized.,add_or_confirm_api_token_guard,no,no
POST,API/Ops/ingestReport,»,\App\Modules\APIs\Controllers\OpsAPIController::ingestReport,botBlocker requestLifecycle observability ratelimit throttle sessionRevoked,cspoff sessionTracker requestLifecycle observability jsonException toolbar,INTERNAL,MISSING_GUARD,API route appears operational/internal but no internal token or cron key guard was recognized.,add_or_confirm_internal_token_or_cron_guard,no,no
POST,API/AiOps/toggle,»,\App\Modules\APIs\Controllers\AiOpsAPIController::toggle,botBlocker requestLifecycle observability ratelimit throttle sessionRevoked,cspoff sessionTracker requestLifecycle observability jsonException toolbar,API_TOKEN,MISSING_GUARD,API route is non-public but no API token/auth/role guard was recognized.,add_or_confirm_api_token_guard,no,no
POST,API/AiOps/run,»,\App\Modules\APIs\Controllers\AiOpsAPIController::run,botBlocker requestLifecycle observability ratelimit throttle sessionRevoked,cspoff sessionTracker requestLifecycle observability jsonException toolbar,API_TOKEN,MISSING_GUARD,API route is non-public but no API token/auth/role guard was recognized.,add_or_confirm_api_token_guard,no,no
POST,API/AiOps/receiveResult,»,\App\Modules\APIs\Controllers\AiOpsAPIController::receiveResult,botBlocker requestLifecycle observability ratelimit throttle sessionRevoked,cspoff sessionTracker requestLifecycle observability jsonException toolbar,API_TOKEN,MISSING_GUARD,API route is non-public but no API token/auth/role guard was recognized.,add_or_confirm_api_token_guard,no,no
POST,API/AIOps/policy/check,»,\App\Modules\APIs\Controllers\AiOpsAPIController::policyCheck,botBlocker requestLifecycle observability ratelimit throttle sessionRevoked,cspoff sessionTracker requestLifecycle observability jsonException toolbar,API_TOKEN,MISSING_GUARD,API route is non-public but no API token/auth/role guard was recognized.,add_or_confirm_api_token_guard,no,no
POST,API/AIOps/usage/log,»,\App\Modules\APIs\Controllers\AiOpsAPIController::logUsage,botBlocker requestLifecycle observability ratelimit throttle sessionRevoked,cspoff sessionTracker requestLifecycle observability jsonException toolbar,API_TOKEN,MISSING_GUARD,API route is non-public but no API token/auth/role guard was recognized.,add_or_confirm_api_token_guard,no,no
POST,API/AIOps/cache/store,»,\App\Modules\APIs\Controllers\AiOpsAPIController::cacheStore,botBlocker requestLifecycle observability ratelimit throttle sessionRevoked,cspoff sessionTracker requestLifecycle observability jsonException toolbar,API_TOKEN,MISSING_GUARD,API route is non-public but no API token/auth/role guard was recognized.,add_or_confirm_api_token_guard,no,no
POST,API/AIOps/test/policy,»,\App\Modules\APIs\Controllers\AiOpsAPIController::testPolicy,botBlocker requestLifecycle observability ratelimit throttle sessionRevoked,cspoff sessionTracker requestLifecycle observability jsonException toolbar,API_TOKEN,MISSING_GUARD,API route is non-public but no API token/auth/role guard was recognized.,add_or_confirm_api_token_guard,no,no
POST,API/AIOps/toggle,»,\App\Modules\APIs\Controllers\AiOpsAPIController::toggle,botBlocker requestLifecycle observability ratelimit throttle sessionRevoked permission:admin.access,permission:admin.access cspoff sessionTracker requestLifecycle observability jsonException toolbar,ADMIN_AUTH,OK,Permission/role guard is present.,none,no,no
POST,API/Alerts/backfillEmailAlerts,»,\App\Modules\APIs\Controllers\AlertsAPIController::backfillEmailAlerts,botBlocker requestLifecycle observability ratelimit throttle sessionRevoked,cspoff sessionTracker requestLifecycle observability jsonException toolbar,INTERNAL,MISSING_GUARD,API route appears operational/internal but no internal token or cron key guard was recognized.,add_or_confirm_internal_token_or_cron_guard,no,no
POST,API/Management/backfillMarketingEmails,»,\App\Modules\APIs\Controllers\ManagementAPIController::backfillMarketingEmails,botBlocker requestLifecycle observability ratelimit throttle sessionRevoked,cspoff sessionTracker requestLifecycle observability jsonException toolbar,INTERNAL,MISSING_GUARD,API route appears operational/internal but no internal token or cron key guard was recognized.,add_or_confirm_internal_token_or_cron_guard,no,no
POST,API/Scanner/run,»,\App\Modules\APIs\Controllers\ScannerController::run,botBlocker requestLifecycle observability ratelimit throttle sessionRevoked,cspoff sessionTracker requestLifecycle observability jsonException toolbar,INTERNAL,MISSING_GUARD,API route appears operational/internal but no internal token or cron key guard was recognized.,add_or_confirm_internal_token_or_cron_guard,no,no
POST,API/Scanner/universe/sync,»,\App\Modules\APIs\Controllers\ScannerController::syncUniverse,botBlocker requestLifecycle observability ratelimit throttle sessionRevoked,cspoff sessionTracker requestLifecycle observability jsonException toolbar,INTERNAL,MISSING_GUARD,API route appears operational/internal but no internal token or cron key guard was recognized.,add_or_confirm_internal_token_or_cron_guard,no,no
POST,API/Management/subsystems/action,»,\App\Modules\APIs\Controllers\ManagementAPIController::subsystemsAction,botBlocker requestLifecycle observability ratelimit throttle sessionRevoked permission:admin.access,permission:admin.access cspoff sessionTracker requestLifecycle observability jsonException toolbar,ADMIN_AUTH,OK,Permission/role guard is present.,none,no,no
POST,API/Status/([^/]+),»,\App\Modules\APIs\Controllers\APIController::status,botBlocker requestLifecycle observability ratelimit throttle sessionRevoked,cspoff sessionTracker requestLifecycle observability jsonException toolbar,API_TOKEN,MISSING_GUARD,API route is non-public but no API token/auth/role guard was recognized.,add_or_confirm_api_token_guard,no,no
POST,API/Investments/getSymbolsByTradeType/([^/]+),»,\App\Modules\APIs\Controllers\APIController::getSymbolsByTradeType/$1,botBlocker requestLifecycle observability ratelimit throttle sessionRevoked,cspoff sessionTracker requestLifecycle observability jsonException toolbar,API_TOKEN,MISSING_GUARD,API route is non-public but no API token/auth/role guard was recognized.,add_or_confirm_api_token_guard,no,no
POST,API/AI/Chat,»,\App\Modules\APIs\Controllers\AIAPIController::postChat,botBlocker requestLifecycle observability ratelimit throttle sessionRevoked,cspoff sessionTracker requestLifecycle observability jsonException toolbar,API_TOKEN,MISSING_GUARD,API route is non-public but no API token/auth/role guard was recognized.,add_or_confirm_api_token_guard,no,no
POST,API/AI/LinkSettings,»,\App\Modules\APIs\Controllers\AIAPIController::updateLinkSettings,botBlocker requestLifecycle observability ratelimit throttle sessionRevoked,cspoff sessionTracker requestLifecycle observability jsonException toolbar,API_TOKEN,MISSING_GUARD,API route is non-public but no API token/auth/role guard was recognized.,add_or_confirm_api_token_guard,no,no
POST,API/Discord/enqueue,»,\App\Modules\APIs\Controllers\DiscordAPIController::enqueue,botBlocker requestLifecycle observability ratelimit throttle sessionRevoked,cspoff sessionTracker requestLifecycle observability jsonException toolbar,API_TOKEN,MISSING_GUARD,API route is non-public but no API token/auth/role guard was recognized.,add_or_confirm_api_token_guard,no,no
POST,API/Discord/broadcast,»,\App\Modules\APIs\Controllers\DiscordAPIController::broadcast,botBlocker requestLifecycle observability ratelimit throttle sessionRevoked,cspoff sessionTracker requestLifecycle observability jsonException toolbar,API_TOKEN,MISSING_GUARD,API route is non-public but no API token/auth/role guard was recognized.,add_or_confirm_api_token_guard,no,no
POST,API/Discord/completeOnboardingStep,»,\App\Modules\APIs\Controllers\DiscordAPIController::completeOnboardingStep,botBlocker requestLifecycle observability ratelimit throttle sessionRevoked,cspoff sessionTracker requestLifecycle observability jsonException toolbar,API_TOKEN,MISSING_GUARD,API route is non-public but no API token/auth/role guard was recognized.,add_or_confirm_api_token_guard,no,no
POST,API/Discord/register-guild-commands,»,\App\Modules\APIs\Controllers\DiscordAPIController::registerGuildCommands,botBlocker requestLifecycle observability ratelimit throttle sessionRevoked,cspoff sessionTracker requestLifecycle observability jsonException toolbar,API_TOKEN,MISSING_GUARD,API route is non-public but no API token/auth/role guard was recognized.,add_or_confirm_api_token_guard,no,no
POST,API/Discord/messageHook,»,\App\Modules\APIs\Controllers\DiscordAPIController::messageHook,botBlocker requestLifecycle observability ratelimit throttle sessionRevoked,cspoff sessionTracker requestLifecycle observability jsonException toolbar,API_TOKEN,MISSING_GUARD,API route is non-public but no API token/auth/role guard was recognized.,add_or_confirm_api_token_guard,no,no
POST,API/Discord/webhook,»,\App\Modules\APIs\Controllers\DiscordAPIController::webhookProxy,botBlocker requestLifecycle observability ratelimit throttle sessionRevoked,cspoff sessionTracker requestLifecycle observability jsonException toolbar,API_TOKEN,MISSING_GUARD,API route is non-public but no API token/auth/role guard was recognized.,add_or_confirm_api_token_guard,no,no
POST,API/Discord/createLinkToken,»,\App\Modules\APIs\Controllers\DiscordAPIController::createLinkToken,botBlocker requestLifecycle observability ratelimit throttle sessionRevoked,cspoff sessionTracker requestLifecycle observability jsonException toolbar,API_TOKEN,MISSING_GUARD,API route is non-public but no API token/auth/role guard was recognized.,add_or_confirm_api_token_guard,no,no
POST,API/Discord/test,»,\App\Modules\APIs\Controllers\DiscordAPIController::test,botBlocker requestLifecycle observability ratelimit throttle sessionRevoked,cspoff sessionTracker requestLifecycle observability jsonException toolbar,API_TOKEN,MISSING_GUARD,API route is non-public but no API token/auth/role guard was recognized.,add_or_confirm_api_token_guard,no,no
POST,API/Mdit/kyc/start,»,\App\Modules\APIs\Controllers\MditInvestorAPIController::startKyc,botBlocker requestLifecycle observability ratelimit throttle sessionRevoked authcheck,authcheck cspoff sessionTracker requestLifecycle observability jsonException toolbar,USER_AUTH,REVIEW_REQUIRED,User-auth route changes state; confirm CSRF or equivalent protection.,owner_review_before_launch,no,no
POST,API/Mdit/accreditation/attest,»,\App\Modules\APIs\Controllers\MditInvestorAPIController::attestAccreditation,botBlocker requestLifecycle observability ratelimit throttle sessionRevoked authcheck,authcheck cspoff sessionTracker requestLifecycle observability jsonException toolbar,USER_AUTH,REVIEW_REQUIRED,User-auth route changes state; confirm CSRF or equivalent protection.,owner_review_before_launch,no,no
POST,API/Mdit/deposits/initiate,»,\App\Modules\APIs\Controllers\MditDepositAPIController::initiate,botBlocker requestLifecycle observability ratelimit throttle sessionRevoked authcheck,authcheck cspoff sessionTracker requestLifecycle observability jsonException toolbar,USER_AUTH,REVIEW_REQUIRED,User-auth route changes state; confirm CSRF or equivalent protection.,owner_review_before_launch,no,no
POST,API/Mdit/deposits/confirm,»,\App\Modules\APIs\Controllers\MditDepositAPIController::confirm,botBlocker requestLifecycle observability ratelimit throttle sessionRevoked authcheck,authcheck cspoff sessionTracker requestLifecycle observability jsonException toolbar,USER_AUTH,REVIEW_REQUIRED,User-auth route changes state; confirm CSRF or equivalent protection.,owner_review_before_launch,no,no
POST,API/Mdit/issuance/mint,»,\App\Modules\APIs\Controllers\MditIssuanceAPIController::mint,botBlocker requestLifecycle observability ratelimit throttle sessionRevoked authcheck permission:mdit.admin,permission:mdit.admin authcheck cspoff sessionTracker requestLifecycle observability jsonException toolbar,ADMIN_AUTH,OK,Permission/role guard is present.,none,no,no
POST,API/Mdit/redemptions/request,»,\App\Modules\APIs\Controllers\MditRedemptionAPIController::requestRedemption,botBlocker requestLifecycle observability ratelimit throttle sessionRevoked authcheck,authcheck cspoff sessionTracker requestLifecycle observability jsonException toolbar,USER_AUTH,REVIEW_REQUIRED,User-auth route changes state; confirm CSRF or equivalent protection.,owner_review_before_launch,no,no
POST,API/Mdit/admin/redemptions/approve,»,\App\Modules\APIs\Controllers\MditAdminAPIController::approveRedemption,botBlocker requestLifecycle observability ratelimit throttle sessionRevoked authcheck permission:mdit.admin,permission:mdit.admin authcheck cspoff sessionTracker requestLifecycle observability jsonException toolbar,ADMIN_AUTH,OK,Permission/role guard is present.,none,no,no
POST,API/Mdit/admin/nav/compute_today,»,\App\Modules\APIs\Controllers\MditAdminAPIController::computeNavToday,botBlocker requestLifecycle observability ratelimit throttle sessionRevoked authcheck permission:mdit.admin,permission:mdit.admin authcheck cspoff sessionTracker requestLifecycle observability jsonException toolbar,ADMIN_AUTH,OK,Permission/role guard is present.,none,no,no
POST,API/Mdit/webhooks/onramp,»,\App\Modules\APIs\Controllers\MditWebhookController::onramp,botBlocker requestLifecycle observability ratelimit throttle sessionRevoked,cspoff sessionTracker requestLifecycle observability jsonException toolbar,API_TOKEN,MISSING_GUARD,API route is non-public but no API token/auth/role guard was recognized.,add_or_confirm_api_token_guard,no,no
POST,API/Chat/tool,»,\App\Modules\APIs\Controllers\ChatController::tool,botBlocker requestLifecycle observability ratelimit throttle sessionRevoked,cspoff sessionTracker requestLifecycle observability jsonException toolbar,API_TOKEN,MISSING_GUARD,API route is non-public but no API token/auth/role guard was recognized.,add_or_confirm_api_token_guard,no,no
POST,API/Management/Run-CRON-Tasks,»,\App\Modules\APIs\Controllers\ManagementAPIController::Run_CRON_Tasks,botBlocker requestLifecycle observability ratelimit throttle sessionRevoked cronKey,cronKey cspoff sessionTracker requestLifecycle observability jsonException toolbar,INTERNAL,OK,Internal token or cron key guard is present.,none,no,no
POST,API/Management/ajaxGetActiveUsers,»,\App\Modules\APIs\Controllers\ManagementAPIController::ajaxGetActiveUsers,botBlocker requestLifecycle observability ratelimit throttle sessionRevoked cronKey,cronKey cspoff sessionTracker requestLifecycle observability jsonException toolbar,INTERNAL,OK,Internal token or cron key guard is present.,none,no,no
POST,API/Management/ajaxGetInactiveUsers,»,\App\Modules\APIs\Controllers\ManagementAPIController::ajaxGetInactiveUsers,botBlocker requestLifecycle observability ratelimit throttle sessionRevoked cronKey,cronKey cspoff sessionTracker requestLifecycle observability jsonException toolbar,INTERNAL,OK,Internal token or cron key guard is present.,none,no,no
POST,API/Management/checkForSpamUsers,»,\App\Modules\APIs\Controllers\ManagementAPIController::checkForSpamUsers,botBlocker requestLifecycle observability ratelimit throttle sessionRevoked cronKey,cronKey cspoff sessionTracker requestLifecycle observability jsonException toolbar,INTERNAL,OK,Internal token or cron key guard is present.,none,no,no
POST,API/Management/saveCoffeeAndStocksNewsletter,»,\App\Modules\APIs\Controllers\ManagementAPIController::saveCoffeeAndStocksNewsletter,botBlocker requestLifecycle observability ratelimit throttle sessionRevoked cronKey,cronKey cspoff sessionTracker requestLifecycle observability jsonException toolbar,INTERNAL,OK,Internal token or cron key guard is present.,none,no,no
POST,API/Management/generateTodaysStory,»,\App\Modules\APIs\Controllers\ManagementAPIController::generateTodaysStory,botBlocker requestLifecycle observability ratelimit throttle sessionRevoked cronKey,cronKey cspoff sessionTracker requestLifecycle observability jsonException toolbar,INTERNAL,OK,Internal token or cron key guard is present.,none,no,no
POST,API/Management/processQueuedEmails,»,\App\Modules\APIs\Controllers\ManagementAPIController::processQueuedEmails,botBlocker requestLifecycle observability ratelimit throttle sessionRevoked cronKey,cronKey cspoff sessionTracker requestLifecycle observability jsonException toolbar,INTERNAL,OK,Internal token or cron key guard is present.,none,no,no
POST,API/Management/processTempEmailsToScraper,»,\App\Modules\APIs\Controllers\ManagementAPIController::processTempEmailsToScraper,botBlocker requestLifecycle observability ratelimit throttle sessionRevoked cronKey,cronKey cspoff sessionTracker requestLifecycle observability jsonException toolbar,INTERNAL,OK,Internal token or cron key guard is present.,none,no,no
POST,API/Management/resendActivationEmailsBatch,»,\App\Modules\APIs\Controllers\ManagementAPIController::resendActivationEmailsBatch,botBlocker requestLifecycle observability ratelimit throttle sessionRevoked cronKey,cronKey cspoff sessionTracker requestLifecycle observability jsonException toolbar,INTERNAL,OK,Internal token or cron key guard is present.,none,no,no
POST,API/Management/resendActivationEmailsBatchQueued,»,\App\Modules\APIs\Controllers\ManagementAPIController::resendActivationEmailsBatchQueued,botBlocker requestLifecycle observability ratelimit throttle sessionRevoked cronKey,cronKey cspoff sessionTracker requestLifecycle observability jsonException toolbar,INTERNAL,OK,Internal token or cron key guard is present.,none,no,no
POST,API/Management/sendTestActivationEmail,»,\App\Modules\APIs\Controllers\ManagementAPIController::sendTestActivationEmail,botBlocker requestLifecycle observability ratelimit throttle sessionRevoked cronKey,cronKey cspoff sessionTracker requestLifecycle observability jsonException toolbar,INTERNAL,OK,Internal token or cron key guard is present.,none,no,no
POST,API/Management/saveSuggestion,»,\App\Modules\APIs\Controllers\ManagementAPIController::saveSuggestion,botBlocker requestLifecycle observability ratelimit throttle sessionRevoked cronKey,cronKey cspoff sessionTracker requestLifecycle observability jsonException toolbar,INTERNAL,OK,Internal token or cron key guard is present.,none,no,no
POST,API/Management/Marketing/cronAnalyzeContent,»,\App\Modules\APIs\Controllers\ManagementAPIController::cronAnalyzeContent,botBlocker requestLifecycle observability ratelimit throttle sessionRevoked cronKey,cronKey cspoff sessionTracker requestLifecycle observability jsonException toolbar,INTERNAL,OK,Internal token or cron key guard is present.,none,no,no
POST,API/Management/Marketing/cronFetchAndGenerateNews,»,\App\Modules\APIs\Controllers\ManagementAPIController::cronFetchAndGenerateNews,botBlocker requestLifecycle observability ratelimit throttle sessionRevoked cronKey,cronKey cspoff sessionTracker requestLifecycle observability jsonException toolbar,INTERNAL,OK,Internal token or cron key guard is present.,none,no,no
POST,API/Management/Marketing/generateContent,»,\App\Modules\APIs\Controllers\ManagementAPIController::cronFetchAndGenerateNews,botBlocker requestLifecycle observability ratelimit throttle sessionRevoked cronKey,cronKey cspoff sessionTracker requestLifecycle observability jsonException toolbar,INTERNAL,OK,Internal token or cron key guard is present.,none,no,no
POST,API/Management/Marketing/cronFetchInbox,»,\App\Modules\APIs\Controllers\ManagementAPIController::cronFetchInbox,botBlocker requestLifecycle observability ratelimit throttle sessionRevoked cronKey,cronKey cspoff sessionTracker requestLifecycle observability jsonException toolbar,INTERNAL,OK,Internal token or cron key guard is present.,none,no,no
POST,API/Management/Marketing/cronFetchMarketingEmails,»,\App\Modules\APIs\Controllers\ManagementAPIController::cronFetchMarketingEmails,botBlocker requestLifecycle observability ratelimit throttle sessionRevoked cronKey,cronKey cspoff sessionTracker requestLifecycle observability jsonException toolbar,INTERNAL,OK,Internal token or cron key guard is present.,none,no,no
POST,API/Management/Marketing/generateContentDigestFromStored,»,\App\Modules\APIs\Controllers\ManagementAPIController::generateContentDigestFromStored,botBlocker requestLifecycle observability ratelimit throttle sessionRevoked cronKey,cronKey cspoff sessionTracker requestLifecycle observability jsonException toolbar,INTERNAL,OK,Internal token or cron key guard is present.,none,no,no
POST,API/Management/Marketing/generateContentFromScraper,»,\App\Modules\APIs\Controllers\ManagementAPIController::generateContentFromScraper,botBlocker requestLifecycle observability ratelimit throttle sessionRevoked cronKey,cronKey cspoff sessionTracker requestLifecycle observability jsonException toolbar,INTERNAL,OK,Internal token or cron key guard is present.,none,no,no
POST,API/Management/Marketing/generateDailyContentDigest,»,\App\Modules\APIs\Controllers\ManagementAPIController::generateDailyContentDigest,botBlocker requestLifecycle observability ratelimit throttle sessionRevoked cronKey,cronKey cspoff sessionTracker requestLifecycle observability jsonException toolbar,INTERNAL,OK,Internal token or cron key guard is present.,none,no,no
POST,API/Management/Marketing/massResendActivationEmails,»,\App\Modules\APIs\Controllers\ManagementAPIController::massResendActivationEmails,botBlocker requestLifecycle observability ratelimit throttle sessionRevoked cronKey,cronKey cspoff sessionTracker requestLifecycle observability jsonException toolbar,INTERNAL,OK,Internal token or cron key guard is present.,none,no,no
POST,API/Management/saveSocialCommunity,»,\App\Modules\APIs\Controllers\MarketingAPIController::saveSocialCommunity,botBlocker requestLifecycle observability ratelimit throttle sessionRevoked cronKey,cronKey cspoff sessionTracker requestLifecycle observability jsonException toolbar,INTERNAL,OK,Internal token or cron key guard is present.,none,no,no
POST,API/Management/savePostTemplate,»,\App\Modules\APIs\Controllers\MarketingAPIController::savePostTemplate,botBlocker requestLifecycle observability ratelimit throttle sessionRevoked cronKey,cronKey cspoff sessionTracker requestLifecycle observability jsonException toolbar,INTERNAL,OK,Internal token or cron key guard is present.,none,no,no
POST,API/Management/Advisor/generateNow,»,\App\Modules\Advisor\Controllers\AdvisorController::generateNow,botBlocker requestLifecycle observability ratelimit throttle sessionRevoked cronKey,cronKey cspoff sessionTracker requestLifecycle observability jsonException toolbar,INTERNAL,OK,Internal token or cron key guard is present.,none,no,no
POST,API/Management/Projects/fetchInbox,»,\App\Modules\APIs\Controllers\ProjectsController::fetchProjectEmails,botBlocker requestLifecycle observability ratelimit throttle sessionRevoked cronKey,cronKey cspoff sessionTracker requestLifecycle observability jsonException toolbar,INTERNAL,OK,Internal token or cron key guard is present.,none,no,no
POST,API/Management/Projects/parseInbox,»,\App\Modules\APIs\Controllers\ProjectsController::parseProjectEmails,botBlocker requestLifecycle observability ratelimit throttle sessionRevoked cronKey,cronKey cspoff sessionTracker requestLifecycle observability jsonException toolbar,INTERNAL,OK,Internal token or cron key guard is present.,none,no,no
POST,API/Management/Projects/promoteLead/([0-9]+),»,\App\Modules\APIs\Controllers\ProjectsController::promoteLead/$1,botBlocker requestLifecycle observability ratelimit throttle sessionRevoked cronKey,cronKey cspoff sessionTracker requestLifecycle observability jsonException toolbar,INTERNAL,OK,Internal token or cron key guard is present.,none,no,no
POST,API/Management/Projects/updateProject/([0-9]+),»,\App\Modules\APIs\Controllers\ProjectsController::updateProject/$1,botBlocker requestLifecycle observability ratelimit throttle sessionRevoked cronKey,cronKey cspoff sessionTracker requestLifecycle observability jsonException toolbar,INTERNAL,OK,Internal token or cron key guard is present.,none,no,no
POST,API/Management/Projects/openCommitments/([0-9]+),»,\App\Modules\APIs\Controllers\ProjectsController::openCommitments/$1,botBlocker requestLifecycle observability ratelimit throttle sessionRevoked cronKey,cronKey cspoff sessionTracker requestLifecycle observability jsonException toolbar,INTERNAL,OK,Internal token or cron key guard is present.,none,no,no
POST,API/Management/Projects/checkThreshold/([0-9]+),»,\App\Modules\APIs\Controllers\ProjectsController::checkThreshold/$1,botBlocker requestLifecycle observability ratelimit throttle sessionRevoked cronKey,cronKey cspoff sessionTracker requestLifecycle observability jsonException toolbar,INTERNAL,OK,Internal token or cron key guard is present.,none,no,no
POST,API/Management/Projects/launchPrivateAuction/([0-9]+),»,\App\Modules\APIs\Controllers\ProjectsController::launchPrivateAuction/$1,botBlocker requestLifecycle observability ratelimit throttle sessionRevoked cronKey,cronKey cspoff sessionTracker requestLifecycle observability jsonException toolbar,INTERNAL,OK,Internal token or cron key guard is present.,none,no,no
POST,API/Management/Projects/settlePrivateAuction/([0-9]+),»,\App\Modules\APIs\Controllers\ProjectsController::settlePrivateAuction/$1,botBlocker requestLifecycle observability ratelimit throttle sessionRevoked cronKey,cronKey cspoff sessionTracker requestLifecycle observability jsonException toolbar,INTERNAL,OK,Internal token or cron key guard is present.,none,no,no
POST,API/Management/Projects/markFunded/([0-9]+),»,\App\Modules\APIs\Controllers\ProjectsController::markFunded/$1,botBlocker requestLifecycle observability ratelimit throttle sessionRevoked cronKey,cronKey cspoff sessionTracker requestLifecycle observability jsonException toolbar,INTERNAL,OK,Internal token or cron key guard is present.,none,no,no
POST,API/Management/Projects/createQuarterlyDistribution/([0-9]+),»,\App\Modules\APIs\Controllers\ProjectsController::createQuarterlyDistribution/$1,botBlocker requestLifecycle observability ratelimit throttle sessionRevoked cronKey,cronKey cspoff sessionTracker requestLifecycle observability jsonException toolbar,INTERNAL,OK,Internal token or cron key guard is present.,none,no,no
POST,API/Management/Projects/runPayouts/([0-9]+),»,\App\Modules\APIs\Controllers\ProjectsController::runPayouts/$1,botBlocker requestLifecycle observability ratelimit throttle sessionRevoked cronKey,cronKey cspoff sessionTracker requestLifecycle observability jsonException toolbar,INTERNAL,OK,Internal token or cron key guard is present.,none,no,no
POST,API/Management/Projects/processMonthlyWithdrawals/([0-9]+),»,\App\Modules\APIs\Controllers\ProjectsController::processMonthlyWithdrawals/$1,botBlocker requestLifecycle observability ratelimit throttle sessionRevoked cronKey,cronKey cspoff sessionTracker requestLifecycle observability jsonException toolbar,INTERNAL,OK,Internal token or cron key guard is present.,none,no,no
POST,API/Management/Projects/TBI-Coins/Create-Defaults/([0-9]+),»,\App\Modules\APIs\Controllers\TbiProjectCoinsAPIController::createDefaults/$1,botBlocker requestLifecycle observability ratelimit throttle sessionRevoked cronKey permission:admin.access,permission:admin.access cronKey cspoff sessionTracker requestLifecycle observability jsonException toolbar,ADMIN_AUTH,OK,Permission/role guard is present.,none,no,no
POST,API/Management/Projects/TBI-Coins/Record-Contribution,»,\App\Modules\APIs\Controllers\TbiProjectCoinsAPIController::recordContribution,botBlocker requestLifecycle observability ratelimit throttle sessionRevoked cronKey login,login cronKey cspoff sessionTracker requestLifecycle observability jsonException toolbar,INTERNAL,OK,Internal token or cron key guard is present.,none,no,no
POST,API/Management/Projects/TBI-Coins/Approve-Contribution/([0-9]+),»,\App\Modules\APIs\Controllers\TbiProjectCoinsAPIController::approveContribution/$1,botBlocker requestLifecycle observability ratelimit throttle sessionRevoked cronKey permission:admin.access,permission:admin.access cronKey cspoff sessionTracker requestLifecycle observability jsonException toolbar,ADMIN_AUTH,OK,Permission/role guard is present.,none,no,no
POST,API/Management/Projects/TBI-Coins/Reject-Contribution/([0-9]+),»,\App\Modules\APIs\Controllers\TbiProjectCoinsAPIController::rejectContribution/$1,botBlocker requestLifecycle observability ratelimit throttle sessionRevoked cronKey permission:admin.access,permission:admin.access cronKey cspoff sessionTracker requestLifecycle observability jsonException toolbar,ADMIN_AUTH,OK,Permission/role guard is present.,none,no,no
POST,API/Management/Projects/TBI-Coins/Prepare-Solana-Mint/([0-9]+),»,\App\Modules\APIs\Controllers\TbiProjectCoinsAPIController::prepareSolanaMint/$1,botBlocker requestLifecycle observability ratelimit throttle sessionRevoked cronKey permission:admin.access,permission:admin.access cronKey cspoff sessionTracker requestLifecycle observability jsonException toolbar,ADMIN_AUTH,OK,Permission/role guard is present.,none,no,no
POST,API/Management/Projects/TBI-Coins/Prepare-Exchange-Asset/([0-9]+),»,\App\Modules\APIs\Controllers\TbiProjectCoinsAPIController::prepareExchangeAsset/$1,botBlocker requestLifecycle observability ratelimit throttle sessionRevoked cronKey permission:admin.access,permission:admin.access cronKey cspoff sessionTracker requestLifecycle observability jsonException toolbar,ADMIN_AUTH,OK,Permission/role guard is present.,none,no,no
POST,API/Referrals/bulk-update-status,»,\App\Modules\APIs\Controllers\ReferralController::bulkUpdateStatus,botBlocker requestLifecycle observability ratelimit throttle sessionRevoked login,login cspoff sessionTracker requestLifecycle observability jsonException toolbar,USER_AUTH,REVIEW_REQUIRED,User-auth route changes state; confirm CSRF or equivalent protection.,owner_review_before_launch,no,no
POST,API/Referrals/bulk-delete,»,\App\Modules\APIs\Controllers\ReferralController::bulkDelete,botBlocker requestLifecycle observability ratelimit throttle sessionRevoked login,login cspoff sessionTracker requestLifecycle observability jsonException toolbar,USER_AUTH,REVIEW_REQUIRED,User-auth route changes state; confirm CSRF or equivalent protection.,owner_review_before_launch,no,no
POST,API/Squeeze/run,»,\App\Modules\APIs\Controllers\SqueezeController::run,botBlocker requestLifecycle observability ratelimit throttle sessionRevoked login,login cspoff sessionTracker requestLifecycle observability jsonException toolbar,USER_AUTH,REVIEW_REQUIRED,User-auth route changes state; confirm CSRF or equivalent protection.,owner_review_before_launch,no,no
POST,API/Management/Chat/Settings,»,\App\Modules\Management\Controllers\ChatUsageController::saveSettings,botBlocker requestLifecycle observability ratelimit throttle sessionRevoked permission:admin.access,permission:admin.access cspoff sessionTracker requestLifecycle observability jsonException toolbar,ADMIN_AUTH,OK,Permission/role guard is present.,none,no,no
POST,API/Management/Chat/ResetUser,»,\App\Modules\Management\Controllers\ChatUsageController::resetUser,botBlocker requestLifecycle observability ratelimit throttle sessionRevoked permission:admin.access,permission:admin.access cspoff sessionTracker requestLifecycle observability jsonException toolbar,ADMIN_AUTH,OK,Permission/role guard is present.,none,no,no
POST,API/Management/Ops/ajaxDispatch,»,\App\Modules\Management\Controllers\OpsController::ajaxDispatch,botBlocker requestLifecycle observability ratelimit throttle sessionRevoked permission:admin.access,permission:admin.access cspoff sessionTracker requestLifecycle observability jsonException toolbar,ADMIN_AUTH,OK,Permission/role guard is present.,none,no,no
POST,API/Alerts/addTradeAlert,»,\App\Modules\APIs\Controllers\AlertsAPIController::addTradeAlert,botBlocker requestLifecycle observability ratelimit throttle sessionRevoked,cspoff sessionTracker requestLifecycle observability jsonException toolbar,API_TOKEN,MISSING_GUARD,API route is non-public but no API token/auth/role guard was recognized.,add_or_confirm_api_token_guard,no,no
POST,API/Alerts/backfillCategories,»,\App\Modules\APIs\Controllers\AlertsAPIController::backfillCategories,botBlocker requestLifecycle observability ratelimit throttle sessionRevoked,cspoff sessionTracker requestLifecycle observability jsonException toolbar,INTERNAL,MISSING_GUARD,API route appears operational/internal but no internal token or cron key guard was recognized.,add_or_confirm_internal_token_or_cron_guard,no,no
POST,API/Alerts/createTradeAlert/([^/]+),»,\App\Modules\APIs\Controllers\AlertsAPIController::addTradeAlert,botBlocker requestLifecycle observability ratelimit throttle sessionRevoked,cspoff sessionTracker requestLifecycle observability jsonException toolbar,API_TOKEN,MISSING_GUARD,API route is non-public but no API token/auth/role guard was recognized.,add_or_confirm_api_token_guard,no,no
POST,API/Alerts/createTradeAlert,»,\App\Modules\APIs\Controllers\AlertsAPIController::addTradeAlert,botBlocker requestLifecycle observability ratelimit throttle sessionRevoked,cspoff sessionTracker requestLifecycle observability jsonException toolbar,API_TOKEN,MISSING_GUARD,API route is non-public but no API token/auth/role guard was recognized.,add_or_confirm_api_token_guard,no,no
POST,API/Alerts/getFilteredAlerts,»,\App\Modules\APIs\Controllers\AlertsAPIController::getFilteredAlerts,botBlocker requestLifecycle observability ratelimit throttle sessionRevoked,cspoff sessionTracker requestLifecycle observability jsonException toolbar,API_TOKEN,MISSING_GUARD,API route is non-public but no API token/auth/role guard was recognized.,add_or_confirm_api_token_guard,no,no
POST,API/Alerts/fetchAutoGeneratedAnalysis,»,\App\Modules\APIs\Controllers\AlertsAPIController::fetchAutoGeneratedAnalysis,botBlocker requestLifecycle observability ratelimit throttle sessionRevoked,cspoff sessionTracker requestLifecycle observability jsonException toolbar,API_TOKEN,MISSING_GUARD,API route is non-public but no API token/auth/role guard was recognized.,add_or_confirm_api_token_guard,no,no
POST,API/Alerts/fetchEmailAlerts,»,\App\Modules\APIs\Controllers\AlertsAPIController::fetchEmailAlerts,botBlocker requestLifecycle observability ratelimit throttle sessionRevoked cronKey,cspoff sessionTracker requestLifecycle observability jsonException toolbar,INTERNAL,OK,Internal token or cron key guard is present.,none,no,no
POST,API/Alerts/forceFetchEmails,»,\App\Modules\APIs\Controllers\AlertsAPIController::forceFetchEmails,botBlocker requestLifecycle observability ratelimit throttle sessionRevoked,cspoff sessionTracker requestLifecycle observability jsonException toolbar,INTERNAL,MISSING_GUARD,API route appears operational/internal but no internal token or cron key guard was recognized.,add_or_confirm_internal_token_or_cron_guard,no,no
POST,API/Alerts/forceFetchTickers,»,\App\Modules\APIs\Controllers\AlertsAPIController::forceFetchTickers,botBlocker requestLifecycle observability ratelimit throttle sessionRevoked,cspoff sessionTracker requestLifecycle observability jsonException toolbar,INTERNAL,MISSING_GUARD,API route appears operational/internal but no internal token or cron key guard was recognized.,add_or_confirm_internal_token_or_cron_guard,no,no
POST,API/Alerts/generateMarketingForAlert/([0-9]+),»,\App\Modules\APIs\Controllers\AlertsAPIController::generateMarketingForAlert/$1,botBlocker requestLifecycle observability ratelimit throttle sessionRevoked,cspoff sessionTracker requestLifecycle observability jsonException toolbar,API_TOKEN,MISSING_GUARD,API route is non-public but no API token/auth/role guard was recognized.,add_or_confirm_api_token_guard,no,no
POST,API/Alerts/Alerts/generateAdvisorMediaFromAlert/([0-9]+),»,\App\Modules\APIs\Controllers\AlertsAPIController::generateAdvisorMediaFromAlert/$1,botBlocker requestLifecycle observability ratelimit throttle sessionRevoked,cspoff sessionTracker requestLifecycle observability jsonException toolbar,API_TOKEN,MISSING_GUARD,API route is non-public but no API token/auth/role guard was recognized.,add_or_confirm_api_token_guard,no,no
POST,API/Alerts/Alerts/generateAdvisorMediaFromAlert,»,\App\Modules\APIs\Controllers\AlertsAPIController::generateAdvisorMediaFromAlert,botBlocker requestLifecycle observability ratelimit throttle sessionRevoked,cspoff sessionTracker requestLifecycle observability jsonException toolbar,API_TOKEN,MISSING_GUARD,API route is non-public but no API token/auth/role guard was recognized.,add_or_confirm_api_token_guard,no,no
POST,API/Alerts/generateNow,»,\App\Modules\APIs\Controllers\AlertsAPIController::generateNow,botBlocker requestLifecycle observability ratelimit throttle sessionRevoked,cspoff sessionTracker requestLifecycle observability jsonException toolbar,API_TOKEN,MISSING_GUARD,API route is non-public but no API token/auth/role guard was recognized.,add_or_confirm_api_token_guard,no,no
POST,API/Alerts/generateTradeAlertSummary,»,\App\Modules\APIs\Controllers\AlertsAPIController::generateTradeAlertSummary,botBlocker requestLifecycle observability ratelimit throttle sessionRevoked,cspoff sessionTracker requestLifecycle observability jsonException toolbar,API_TOKEN,MISSING_GUARD,API route is non-public but no API token/auth/role guard was recognized.,add_or_confirm_api_token_guard,no,no
POST,API/Alerts/getEmaComparison/([^/]+),»,\App\Modules\APIs\Controllers\AlertsAPIController::getEmaComparison/$1,botBlocker requestLifecycle observability ratelimit throttle sessionRevoked,cspoff sessionTracker requestLifecycle observability jsonException toolbar,API_TOKEN,MISSING_GUARD,API route is non-public but no API token/auth/role guard was recognized.,add_or_confirm_api_token_guard,no,no
POST,API/Alerts/getFullMetrics,»,\App\Modules\APIs\Controllers\AlertsAPIController::getFullMetrics,botBlocker requestLifecycle observability ratelimit throttle sessionRevoked,cspoff sessionTracker requestLifecycle observability jsonException toolbar,API_TOKEN,MISSING_GUARD,API route is non-public but no API token/auth/role guard was recognized.,add_or_confirm_api_token_guard,no,no
POST,API/Alerts/getLatestPrices,»,\App\Modules\APIs\Controllers\AlertsAPIController::getLatestPrices,botBlocker requestLifecycle observability ratelimit throttle sessionRevoked,cspoff sessionTracker requestLifecycle observability jsonException toolbar,API_TOKEN,MISSING_GUARD,API route is non-public but no API token/auth/role guard was recognized.,add_or_confirm_api_token_guard,no,no
POST,API/Alerts/getTechnicalIndicators,»,\App\Modules\APIs\Controllers\AlertsAPIController::getTechnicalIndicators,botBlocker requestLifecycle observability ratelimit throttle sessionRevoked,cspoff sessionTracker requestLifecycle observability jsonException toolbar,API_TOKEN,MISSING_GUARD,API route is non-public but no API token/auth/role guard was recognized.,add_or_confirm_api_token_guard,no,no
POST,API/Alerts/hideTradeAlert,»,\App\Modules\APIs\Controllers\AlertsAPIController::hideTradeAlert,botBlocker requestLifecycle observability ratelimit throttle sessionRevoked,cspoff sessionTracker requestLifecycle observability jsonException toolbar,API_TOKEN,MISSING_GUARD,API route is non-public but no API token/auth/role guard was recognized.,add_or_confirm_api_token_guard,no,no
POST,API/Alerts/manageTradeAlert,»,\App\Modules\APIs\Controllers\AlertsAPIController::manageTradeAlert,botBlocker requestLifecycle observability ratelimit throttle sessionRevoked,cspoff sessionTracker requestLifecycle observability jsonException toolbar,API_TOKEN,MISSING_GUARD,API route is non-public but no API token/auth/role guard was recognized.,add_or_confirm_api_token_guard,no,no
POST,API/Alerts/markAlertAsSentAndSendEmail/([^/]+),»,\App\Modules\APIs\Controllers\AlertsAPIController::markAlertAsSentAndSendEmail/$1,botBlocker requestLifecycle observability ratelimit throttle sessionRevoked,cspoff sessionTracker requestLifecycle observability jsonException toolbar,API_TOKEN,MISSING_GUARD,API route is non-public but no API token/auth/role guard was recognized.,add_or_confirm_api_token_guard,no,no
POST,API/Alerts/processAlerts,»,\App\Modules\APIs\Controllers\AlertsAPIController::processAlerts,botBlocker requestLifecycle observability ratelimit throttle sessionRevoked,cspoff sessionTracker requestLifecycle observability jsonException toolbar,API_TOKEN,MISSING_GUARD,API route is non-public but no API token/auth/role guard was recognized.,add_or_confirm_api_token_guard,no,no
POST,API/Alerts/processEmailAlerts,»,\App\Modules\APIs\Controllers\AlertsAPIController::processEmailAlerts,botBlocker requestLifecycle observability ratelimit throttle sessionRevoked,cspoff sessionTracker requestLifecycle observability jsonException toolbar,API_TOKEN,MISSING_GUARD,API route is non-public but no API token/auth/role guard was recognized.,add_or_confirm_api_token_guard,no,no
POST,API/Alerts/processTradeAlerts,»,\App\Modules\APIs\Controllers\AlertsAPIController::processTradeAlerts,botBlocker requestLifecycle observability ratelimit throttle sessionRevoked,cspoff sessionTracker requestLifecycle observability jsonException toolbar,API_TOKEN,MISSING_GUARD,API route is non-public but no API token/auth/role guard was recognized.,add_or_confirm_api_token_guard,no,no
POST,API/Alerts/processTradeBatch,»,\App\Modules\APIs\Controllers\AlertsAPIController::processTradeBatch,botBlocker requestLifecycle observability ratelimit throttle sessionRevoked,cspoff sessionTracker requestLifecycle observability jsonException toolbar,API_TOKEN,MISSING_GUARD,API route is non-public but no API token/auth/role guard was recognized.,add_or_confirm_api_token_guard,no,no
POST,API/Alerts/sendAlert,»,\App\Modules\APIs\Controllers\AlertsAPIController::sendAlert,botBlocker requestLifecycle observability ratelimit throttle sessionRevoked,cspoff sessionTracker requestLifecycle observability jsonException toolbar,API_TOKEN,MISSING_GUARD,API route is non-public but no API token/auth/role guard was recognized.,add_or_confirm_api_token_guard,no,no
POST,API/Alerts/sendDiscordAlerts,»,\App\Modules\APIs\Controllers\AlertsAPIController::sendDiscordAlerts,botBlocker requestLifecycle observability ratelimit throttle sessionRevoked cronKey,cspoff sessionTracker requestLifecycle observability jsonException toolbar,INTERNAL,OK,Internal token or cron key guard is present.,none,no,no
POST,API/Alerts/sendDiscordAlertsBySymbol/([^/]+),»,\App\Modules\APIs\Controllers\AlertsAPIController::sendDiscordAlertsBySymbol/$1,botBlocker requestLifecycle observability ratelimit throttle sessionRevoked cronKey,cspoff sessionTracker requestLifecycle observability jsonException toolbar,INTERNAL,OK,Internal token or cron key guard is present.,none,no,no
POST,API/Alerts/storeMarketingContent,»,\App\Modules\APIs\Controllers\AlertsAPIController::storeMarketingContent,botBlocker requestLifecycle observability ratelimit throttle sessionRevoked,cspoff sessionTracker requestLifecycle observability jsonException toolbar,API_TOKEN,MISSING_GUARD,API route is non-public but no API token/auth/role guard was recognized.,add_or_confirm_api_token_guard,no,no
POST,API/Alerts/updateBatchPrices,»,\App\Modules\APIs\Controllers\AlertsAPIController::updateBatchPrices,botBlocker requestLifecycle observability ratelimit throttle sessionRevoked,cspoff sessionTracker requestLifecycle observability jsonException toolbar,API_TOKEN,MISSING_GUARD,API route is non-public but no API token/auth/role guard was recognized.,add_or_confirm_api_token_guard,no,no
POST,API/Alerts/updateChartOverride,»,\App\Modules\APIs\Controllers\AlertsAPIController::updateChartOverride,botBlocker requestLifecycle observability ratelimit throttle sessionRevoked,cspoff sessionTracker requestLifecycle observability jsonException toolbar,API_TOKEN,MISSING_GUARD,API route is non-public but no API token/auth/role guard was recognized.,add_or_confirm_api_token_guard,no,no
POST,API/Alerts/updateExchange,»,\App\Modules\APIs\Controllers\AlertsAPIController::updateExchange,botBlocker requestLifecycle observability ratelimit throttle sessionRevoked,cspoff sessionTracker requestLifecycle observability jsonException toolbar,API_TOKEN,MISSING_GUARD,API route is non-public but no API token/auth/role guard was recognized.,add_or_confirm_api_token_guard,no,no
POST,API/Alerts/updateStatus/([0-9]+)/(.*),»,\App\Modules\APIs\Controllers\AlertsAPIController::updateStatus/$1/$2,botBlocker requestLifecycle observability ratelimit throttle sessionRevoked,cspoff sessionTracker requestLifecycle observability jsonException toolbar,API_TOKEN,MISSING_GUARD,API route is non-public but no API token/auth/role guard was recognized.,add_or_confirm_api_token_guard,no,no
POST,API/Alerts/updateTradeAlerts,»,\App\Modules\APIs\Controllers\AlertsAPIController::updateTradeAlerts,botBlocker requestLifecycle observability ratelimit throttle sessionRevoked,cspoff sessionTracker requestLifecycle observability jsonException toolbar,API_TOKEN,MISSING_GUARD,API route is non-public but no API token/auth/role guard was recognized.,add_or_confirm_api_token_guard,no,no
POST,API/Alerts/submitTradeAlert,»,\App\Modules\APIs\Controllers\AlertsAPIController::submitTradeAlert,botBlocker requestLifecycle observability ratelimit throttle sessionRevoked,cspoff sessionTracker requestLifecycle observability jsonException toolbar,API_TOKEN,MISSING_GUARD,API route is non-public but no API token/auth/role guard was recognized.,add_or_confirm_api_token_guard,no,no
POST,API/Alerts/getTradeAlertDetails,»,\App\Modules\APIs\Controllers\AlertsAPIController::getTradeAlertDetails,botBlocker requestLifecycle observability ratelimit throttle sessionRevoked,cspoff sessionTracker requestLifecycle observability jsonException toolbar,API_TOKEN,MISSING_GUARD,API route is non-public but no API token/auth/role guard was recognized.,add_or_confirm_api_token_guard,no,no
POST,API/Alerts/generateVoiceoverScript,»,\App\Modules\APIs\Controllers\AlertsAPIController::generateVoiceoverScript,botBlocker requestLifecycle observability ratelimit throttle sessionRevoked,cspoff sessionTracker requestLifecycle observability jsonException toolbar,API_TOKEN,MISSING_GUARD,API route is non-public but no API token/auth/role guard was recognized.,add_or_confirm_api_token_guard,no,no
POST,API/Alerts/generateVoiceoverAndMarketingContent,»,\App\Modules\APIs\Controllers\AlertsAPIController::generateVoiceoverAndMarketingContent,botBlocker requestLifecycle observability ratelimit throttle sessionRevoked,cspoff sessionTracker requestLifecycle observability jsonException toolbar,API_TOKEN,MISSING_GUARD,API route is non-public but no API token/auth/role guard was recognized.,add_or_confirm_api_token_guard,no,no
POST,API/Alerts/generateAndStoreVoiceover,»,\App\Modules\APIs\Controllers\AlertsAPIController::generateAndStoreVoiceover,botBlocker requestLifecycle observability ratelimit throttle sessionRevoked,cspoff sessionTracker requestLifecycle observability jsonException toolbar,API_TOKEN,MISSING_GUARD,API route is non-public but no API token/auth/role guard was recognized.,add_or_confirm_api_token_guard,no,no
POST,API/Alerts/generateSocialMediaPosts,»,\App\Modules\APIs\Controllers\AlertsAPIController::generateSocialMediaPosts,botBlocker requestLifecycle observability ratelimit throttle sessionRevoked,cspoff sessionTracker requestLifecycle observability jsonException toolbar,API_TOKEN,MISSING_GUARD,API route is non-public but no API token/auth/role guard was recognized.,add_or_confirm_api_token_guard,no,no
POST,API/Alerts/postMarketingContentToSocials,»,\App\Modules\APIs\Controllers\AlertsAPIController::postMarketingContentToSocials,botBlocker requestLifecycle observability ratelimit throttle sessionRevoked,cspoff sessionTracker requestLifecycle observability jsonException toolbar,API_TOKEN,MISSING_GUARD,API route is non-public but no API token/auth/role guard was recognized.,add_or_confirm_api_token_guard,no,no
POST,API/Alerts/gen-keys,»,\App\Modules\APIs\Controllers\AlertsAPIController::genKeys,botBlocker requestLifecycle observability ratelimit throttle sessionRevoked,cspoff sessionTracker requestLifecycle observability jsonException toolbar,API_TOKEN,MISSING_GUARD,API route is non-public but no API token/auth/role guard was recognized.,add_or_confirm_api_token_guard,no,no
POST,API/Alerts/sign,»,\App\Modules\APIs\Controllers\AlertsAPIController::sign,botBlocker requestLifecycle observability ratelimit throttle sessionRevoked,cspoff sessionTracker requestLifecycle observability jsonException toolbar,API_TOKEN,MISSING_GUARD,API route is non-public but no API token/auth/role guard was recognized.,add_or_confirm_api_token_guard,no,no
POST,API/Auctions/fmv,»,\App\Modules\APIs\Controllers\AuctionsAPIController::computeFMV,botBlocker requestLifecycle observability ratelimit throttle sessionRevoked,cspoff sessionTracker requestLifecycle observability jsonException toolbar,API_TOKEN,MISSING_GUARD,API route is non-public but no API token/auth/role guard was recognized.,add_or_confirm_api_token_guard,no,no
POST,API/Auctions/settle/([0-9]+),»,\App\Modules\APIs\Controllers\AuctionsAPIController::settle/$1,botBlocker requestLifecycle observability ratelimit throttle sessionRevoked,cspoff sessionTracker requestLifecycle observability jsonException toolbar,API_TOKEN,MISSING_GUARD,API route is non-public but no API token/auth/role guard was recognized.,add_or_confirm_api_token_guard,no,no
POST,API/Auctions/escrow/release/([0-9]+),»,\App\Modules\APIs\Controllers\AuctionsAPIController::releaseEscrow/$1,botBlocker requestLifecycle observability ratelimit throttle sessionRevoked,cspoff sessionTracker requestLifecycle observability jsonException toolbar,API_TOKEN,MISSING_GUARD,API route is non-public but no API token/auth/role guard was recognized.,add_or_confirm_api_token_guard,no,no
POST,API/Auctions/escrow/refund/([0-9]+),»,\App\Modules\APIs\Controllers\AuctionsAPIController::refundEscrow/$1,botBlocker requestLifecycle observability ratelimit throttle sessionRevoked,cspoff sessionTracker requestLifecycle observability jsonException toolbar,API_TOKEN,MISSING_GUARD,API route is non-public but no API token/auth/role guard was recognized.,add_or_confirm_api_token_guard,no,no
POST,API/Auctions/topup,»,\App\Modules\APIs\Controllers\AuctionsAPIController::topUp,botBlocker requestLifecycle observability ratelimit throttle sessionRevoked,cspoff sessionTracker requestLifecycle observability jsonException toolbar,API_TOKEN,MISSING_GUARD,API route is non-public but no API token/auth/role guard was recognized.,add_or_confirm_api_token_guard,no,no
POST,API/Broker/linkPlaidAccount,»,\App\Modules\APIs\Controllers\BrokerAPIController::linkPlaidAccount,botBlocker requestLifecycle observability ratelimit throttle sessionRevoked,cspoff sessionTracker requestLifecycle observability jsonException toolbar,API_TOKEN,MISSING_GUARD,API route is non-public but no API token/auth/role guard was recognized.,add_or_confirm_api_token_guard,no,no
POST,API/ContentEngine/ingestScanner,»,\App\Modules\APIs\Controllers\ContentEngineAPIController::ingestScanner,botBlocker requestLifecycle observability ratelimit throttle sessionRevoked,cspoff sessionTracker requestLifecycle observability jsonException toolbar,INTERNAL,MISSING_GUARD,API route appears operational/internal but no internal token or cron key guard was recognized.,add_or_confirm_internal_token_or_cron_guard,no,no
POST,API/ContentEngine/processIngest/([0-9]+),»,\App\Modules\APIs\Controllers\ContentEngineAPIController::processIngest/$1,botBlocker requestLifecycle observability ratelimit throttle sessionRevoked,cspoff sessionTracker requestLifecycle observability jsonException toolbar,INTERNAL,MISSING_GUARD,API route appears operational/internal but no internal token or cron key guard was recognized.,add_or_confirm_internal_token_or_cron_guard,no,no
POST,API/ContentEngine/approvePost/([0-9]+),»,\App\Modules\APIs\Controllers\ContentEngineAPIController::approvePost/$1,botBlocker requestLifecycle observability ratelimit throttle sessionRevoked,cspoff sessionTracker requestLifecycle observability jsonException toolbar,API_TOKEN,MISSING_GUARD,API route is non-public but no API token/auth/role guard was recognized.,add_or_confirm_api_token_guard,no,no
POST,API/ContentEngine/sendPost/([0-9]+),»,\App\Modules\APIs\Controllers\ContentEngineAPIController::sendPost/$1,botBlocker requestLifecycle observability ratelimit throttle sessionRevoked,cspoff sessionTracker requestLifecycle observability jsonException toolbar,API_TOKEN,MISSING_GUARD,API route is non-public but no API token/auth/role guard was recognized.,add_or_confirm_api_token_guard,no,no
POST,API/ContentEngine/runDaily,»,\App\Modules\APIs\Controllers\ContentEngineAPIController::runDaily,botBlocker requestLifecycle observability ratelimit throttle sessionRevoked,cspoff sessionTracker requestLifecycle observability jsonException toolbar,API_TOKEN,MISSING_GUARD,API route is non-public but no API token/auth/role guard was recognized.,add_or_confirm_api_token_guard,no,no
POST,API/Email/createDraftCampaign,»,\App\Modules\APIs\Controllers\EmailAPIController::createDraftCampaign,botBlocker requestLifecycle observability ratelimit throttle sessionRevoked,cspoff sessionTracker requestLifecycle observability jsonException toolbar,API_TOKEN,MISSING_GUARD,API route is non-public but no API token/auth/role guard was recognized.,add_or_confirm_api_token_guard,no,no
POST,API/Email/scheduleCampaignApi/([0-9]+),»,\App\Modules\APIs\Controllers\EmailAPIController::scheduleCampaignApi/$1,botBlocker requestLifecycle observability ratelimit throttle sessionRevoked,cspoff sessionTracker requestLifecycle observability jsonException toolbar,API_TOKEN,MISSING_GUARD,API route is non-public but no API token/auth/role guard was recognized.,add_or_confirm_api_token_guard,no,no
POST,API/eSports/createEvent,»,\App\Modules\APIs\Controllers\EsportsAPIController::createEvent,botBlocker requestLifecycle observability ratelimit throttle sessionRevoked,cspoff sessionTracker requestLifecycle observability jsonException toolbar,API_TOKEN,MISSING_GUARD,API route is non-public but no API token/auth/role guard was recognized.,add_or_confirm_api_token_guard,no,no
POST,API/eSports/joinEvent,»,\App\Modules\APIs\Controllers\EsportsAPIController::joinEvent,botBlocker requestLifecycle observability ratelimit throttle sessionRevoked,cspoff sessionTracker requestLifecycle observability jsonException toolbar,API_TOKEN,MISSING_GUARD,API route is non-public but no API token/auth/role guard was recognized.,add_or_confirm_api_token_guard,no,no
POST,API/eSports/lockEscrow,»,\App\Modules\APIs\Controllers\EsportsAPIController::lockEscrow,botBlocker requestLifecycle observability ratelimit throttle sessionRevoked,cspoff sessionTracker requestLifecycle observability jsonException toolbar,API_TOKEN,MISSING_GUARD,API route is non-public but no API token/auth/role guard was recognized.,add_or_confirm_api_token_guard,no,no
POST,API/eSports/cancelEvent,»,\App\Modules\APIs\Controllers\EsportsAPIController::cancelEvent,botBlocker requestLifecycle observability ratelimit throttle sessionRevoked,cspoff sessionTracker requestLifecycle observability jsonException toolbar,API_TOKEN,MISSING_GUARD,API route is non-public but no API token/auth/role guard was recognized.,add_or_confirm_api_token_guard,no,no
POST,API/eSports/receiveResultWebhook,»,\App\Modules\APIs\Controllers\EsportsAPIController::receiveResultWebhook,botBlocker requestLifecycle observability ratelimit throttle sessionRevoked,cspoff sessionTracker requestLifecycle observability jsonException toolbar,API_TOKEN,MISSING_GUARD,API route is non-public but no API token/auth/role guard was recognized.,add_or_confirm_api_token_guard,no,no
POST,API/eSports/settlePayouts,»,\App\Modules\APIs\Controllers\EsportsAPIController::settlePayouts,botBlocker requestLifecycle observability ratelimit throttle sessionRevoked,cspoff sessionTracker requestLifecycle observability jsonException toolbar,API_TOKEN,MISSING_GUARD,API route is non-public but no API token/auth/role guard was recognized.,add_or_confirm_api_token_guard,no,no
POST,API/eSports/cronProcessJobs,»,\App\Modules\APIs\Controllers\EsportsAPIController::cronProcessJobs,botBlocker requestLifecycle observability ratelimit throttle sessionRevoked,cspoff sessionTracker requestLifecycle observability jsonException toolbar,INTERNAL,MISSING_GUARD,API route appears operational/internal but no internal token or cron key guard was recognized.,add_or_confirm_internal_token_or_cron_guard,no,no
POST,API/Investments/news,»,\App\Modules\APIs\Controllers\InvestmentsAPIController::createNews,botBlocker requestLifecycle observability ratelimit throttle sessionRevoked,cspoff sessionTracker requestLifecycle observability jsonException toolbar,API_TOKEN,MISSING_GUARD,API route is non-public but no API token/auth/role guard was recognized.,add_or_confirm_api_token_guard,no,no
POST,API/Investments/news/([0-9]+),»,\App\Modules\APIs\Controllers\InvestmentsAPIController::updateNews/$1,botBlocker requestLifecycle observability ratelimit throttle sessionRevoked,cspoff sessionTracker requestLifecycle observability jsonException toolbar,API_TOKEN,MISSING_GUARD,API route is non-public but no API token/auth/role guard was recognized.,add_or_confirm_api_token_guard,no,no
POST,API/Investments/validateSymbol,»,\App\Modules\APIs\Controllers\InvestmentsAPIController::validateSymbol,botBlocker requestLifecycle observability ratelimit throttle sessionRevoked,cspoff sessionTracker requestLifecycle observability jsonException toolbar,API_TOKEN,MISSING_GUARD,API route is non-public but no API token/auth/role guard was recognized.,add_or_confirm_api_token_guard,no,no
POST,API/Investments/refreshForecasts,»,\App\Modules\APIs\Controllers\InvestmentsAPIController::refreshForecasts,botBlocker requestLifecycle observability ratelimit throttle sessionRevoked,cspoff sessionTracker requestLifecycle observability jsonException toolbar,API_TOKEN,MISSING_GUARD,API route is non-public but no API token/auth/role guard was recognized.,add_or_confirm_api_token_guard,no,no
POST,API/Investments/reforecastTicker,»,\App\Modules\APIs\Controllers\InvestmentsAPIController::reforecastTicker,botBlocker requestLifecycle observability ratelimit throttle sessionRevoked,cspoff sessionTracker requestLifecycle observability jsonException toolbar,API_TOKEN,MISSING_GUARD,API route is non-public but no API token/auth/role guard was recognized.,add_or_confirm_api_token_guard,no,no
POST,API/Marketing,»,\App\Modules\APIs\Controllers\MarketingAPIController::index,botBlocker requestLifecycle observability ratelimit throttle sessionRevoked,cspoff sessionTracker requestLifecycle observability jsonException toolbar,API_TOKEN,MISSING_GUARD,API route is non-public but no API token/auth/role guard was recognized.,add_or_confirm_api_token_guard,no,no
POST,API/Marketing/approvePost/([0-9]+),»,\App\Modules\APIs\Controllers\MarketingAPIController::approvePost/$1,botBlocker requestLifecycle observability ratelimit throttle sessionRevoked,cspoff sessionTracker requestLifecycle observability jsonException toolbar,API_TOKEN,MISSING_GUARD,API route is non-public but no API token/auth/role guard was recognized.,add_or_confirm_api_token_guard,no,no
POST,API/Marketing/approveBufferItem/([0-9]+),»,\App\Modules\APIs\Controllers\MarketingAPIController::approveBufferItem/$1,botBlocker requestLifecycle observability ratelimit throttle sessionRevoked,cspoff sessionTracker requestLifecycle observability jsonException toolbar,API_TOKEN,MISSING_GUARD,API route is non-public but no API token/auth/role guard was recognized.,add_or_confirm_api_token_guard,no,no
POST,API/Marketing/autoScheduleNextApproved,»,\App\Modules\APIs\Controllers\MarketingAPIController::autoScheduleNextApproved,botBlocker requestLifecycle observability ratelimit throttle sessionRevoked,cspoff sessionTracker requestLifecycle observability jsonException toolbar,API_TOKEN,MISSING_GUARD,API route is non-public but no API token/auth/role guard was recognized.,add_or_confirm_api_token_guard,no,no
POST,API/Marketing/generateVideoContent,»,\App\Modules\APIs\Controllers\MarketingAPIController::generateVideoContent,botBlocker requestLifecycle observability ratelimit throttle sessionRevoked,cspoff sessionTracker requestLifecycle observability jsonException toolbar,API_TOKEN,MISSING_GUARD,API route is non-public but no API token/auth/role guard was recognized.,add_or_confirm_api_token_guard,no,no
POST,API/Marketing/generateTikTokContent,»,\App\Modules\APIs\Controllers\MarketingAPIController::generateTikTokContent,botBlocker requestLifecycle observability ratelimit throttle sessionRevoked,cspoff sessionTracker requestLifecycle observability jsonException toolbar,API_TOKEN,MISSING_GUARD,API route is non-public but no API token/auth/role guard was recognized.,add_or_confirm_api_token_guard,no,no
POST,API/Marketing/saveVideoDraft,»,\App\Modules\APIs\Controllers\MarketingAPIController::saveVideoDraft,botBlocker requestLifecycle observability ratelimit throttle sessionRevoked,cspoff sessionTracker requestLifecycle observability jsonException toolbar,API_TOKEN,MISSING_GUARD,API route is non-public but no API token/auth/role guard was recognized.,add_or_confirm_api_token_guard,no,no
POST,API/Marketing/updateVideoContent/([0-9]+),»,\App\Modules\APIs\Controllers\MarketingAPIController::updateVideoContent/$1,botBlocker requestLifecycle observability ratelimit throttle sessionRevoked,cspoff sessionTracker requestLifecycle observability jsonException toolbar,API_TOKEN,MISSING_GUARD,API route is non-public but no API token/auth/role guard was recognized.,add_or_confirm_api_token_guard,no,no
POST,API/Marketing/approveVideoContent/([0-9]+),»,\App\Modules\APIs\Controllers\MarketingAPIController::approveVideoContent/$1,botBlocker requestLifecycle observability ratelimit throttle sessionRevoked,cspoff sessionTracker requestLifecycle observability jsonException toolbar,API_TOKEN,MISSING_GUARD,API route is non-public but no API token/auth/role guard was recognized.,add_or_confirm_api_token_guard,no,no
POST,API/Marketing/archiveVideoContent/([0-9]+),»,\App\Modules\APIs\Controllers\MarketingAPIController::archiveVideoContent/$1,botBlocker requestLifecycle observability ratelimit throttle sessionRevoked,cspoff sessionTracker requestLifecycle observability jsonException toolbar,API_TOKEN,MISSING_GUARD,API route is non-public but no API token/auth/role guard was recognized.,add_or_confirm_api_token_guard,no,no
POST,API/Marketing/duplicateVideoContent/([0-9]+),»,\App\Modules\APIs\Controllers\MarketingAPIController::duplicateVideoContent/$1,botBlocker requestLifecycle observability ratelimit throttle sessionRevoked,cspoff sessionTracker requestLifecycle observability jsonException toolbar,API_TOKEN,MISSING_GUARD,API route is non-public but no API token/auth/role guard was recognized.,add_or_confirm_api_token_guard,no,no
POST,API/Marketing/generateFromTicker,»,\App\Modules\APIs\Controllers\MarketingAPIController::generateFromTicker,botBlocker requestLifecycle observability ratelimit throttle sessionRevoked,cspoff sessionTracker requestLifecycle observability jsonException toolbar,API_TOKEN,MISSING_GUARD,API route is non-public but no API token/auth/role guard was recognized.,add_or_confirm_api_token_guard,no,no
POST,API/Marketing/generateFromTopic,»,\App\Modules\APIs\Controllers\MarketingAPIController::generateFromTopic,botBlocker requestLifecycle observability ratelimit throttle sessionRevoked,cspoff sessionTracker requestLifecycle observability jsonException toolbar,API_TOKEN,MISSING_GUARD,API route is non-public but no API token/auth/role guard was recognized.,add_or_confirm_api_token_guard,no,no
POST,API/Marketing/generateFromScrapedSource/([0-9]+),»,\App\Modules\APIs\Controllers\MarketingAPIController::generateFromScrapedSource/$1,botBlocker requestLifecycle observability ratelimit throttle sessionRevoked,cspoff sessionTracker requestLifecycle observability jsonException toolbar,API_TOKEN,MISSING_GUARD,API route is non-public but no API token/auth/role guard was recognized.,add_or_confirm_api_token_guard,no,no
POST,API/Marketing/saveTemplate,»,\App\Modules\APIs\Controllers\MarketingAPIController::saveTemplate,botBlocker requestLifecycle observability ratelimit throttle sessionRevoked,cspoff sessionTracker requestLifecycle observability jsonException toolbar,API_TOKEN,MISSING_GUARD,API route is non-public but no API token/auth/role guard was recognized.,add_or_confirm_api_token_guard,no,no
POST,API/Marketing/generateCampaignContent,»,\App\Modules\APIs\Controllers\MarketingAPIController::generateCampaignContent,botBlocker requestLifecycle observability ratelimit throttle sessionRevoked,cspoff sessionTracker requestLifecycle observability jsonException toolbar,API_TOKEN,MISSING_GUARD,API route is non-public but no API token/auth/role guard was recognized.,add_or_confirm_api_token_guard,no,no
POST,API/Marketing/generateDailyMarketCampaign,»,\App\Modules\APIs\Controllers\MarketingAPIController::generateDailyMarketCampaign,botBlocker requestLifecycle observability ratelimit throttle sessionRevoked,cspoff sessionTracker requestLifecycle observability jsonException toolbar,API_TOKEN,MISSING_GUARD,API route is non-public but no API token/auth/role guard was recognized.,add_or_confirm_api_token_guard,no,no
POST,API/Marketing/generateCampaignStepContent,»,\App\Modules\APIs\Controllers\MarketingAPIController::generateCampaignStepContent,botBlocker requestLifecycle observability ratelimit throttle sessionRevoked,cspoff sessionTracker requestLifecycle observability jsonException toolbar,API_TOKEN,MISSING_GUARD,API route is non-public but no API token/auth/role guard was recognized.,add_or_confirm_api_token_guard,no,no
POST,API/Marketing/generatePostMediaContent,»,\App\Modules\APIs\Controllers\MarketingAPIController::generatePostMediaContent,botBlocker requestLifecycle observability ratelimit throttle sessionRevoked,cspoff sessionTracker requestLifecycle observability jsonException toolbar,API_TOKEN,MISSING_GUARD,API route is non-public but no API token/auth/role guard was recognized.,add_or_confirm_api_token_guard,no,no
POST,API/Marketing/runNewsScrape,»,\App\Modules\APIs\Controllers\MarketingAPIController::runNewsScrape,botBlocker requestLifecycle observability ratelimit throttle sessionRevoked,cspoff sessionTracker requestLifecycle observability jsonException toolbar,API_TOKEN,MISSING_GUARD,API route is non-public but no API token/auth/role guard was recognized.,add_or_confirm_api_token_guard,no,no
POST,API/Marketing/runNewsGenerate,»,\App\Modules\APIs\Controllers\MarketingAPIController::runNewsGenerate,botBlocker requestLifecycle observability ratelimit throttle sessionRevoked,cspoff sessionTracker requestLifecycle observability jsonException toolbar,API_TOKEN,MISSING_GUARD,API route is non-public but no API token/auth/role guard was recognized.,add_or_confirm_api_token_guard,no,no
POST,API/Marketing/runNewsPipeline,»,\App\Modules\APIs\Controllers\MarketingAPIController::runNewsPipeline,botBlocker requestLifecycle observability ratelimit throttle sessionRevoked,cspoff sessionTracker requestLifecycle observability jsonException toolbar,API_TOKEN,MISSING_GUARD,API route is non-public but no API token/auth/role guard was recognized.,add_or_confirm_api_token_guard,no,no
POST,API/Marketing/rejectBufferItem/([0-9]+),»,\App\Modules\APIs\Controllers\MarketingAPIController::rejectBufferItem/$1,botBlocker requestLifecycle observability ratelimit throttle sessionRevoked,cspoff sessionTracker requestLifecycle observability jsonException toolbar,API_TOKEN,MISSING_GUARD,API route is non-public but no API token/auth/role guard was recognized.,add_or_confirm_api_token_guard,no,no
POST,API/Marketing/submitLargeContent,»,\App\Modules\APIs\Controllers\MarketingAPIController::submitLargeContent,botBlocker requestLifecycle observability ratelimit throttle sessionRevoked,cspoff sessionTracker requestLifecycle observability jsonException toolbar,API_TOKEN,MISSING_GUARD,API route is non-public but no API token/auth/role guard was recognized.,add_or_confirm_api_token_guard,no,no
POST,API/Marketing/submitManualContent,»,\App\Modules\APIs\Controllers\MarketingAPIController::submitManualContent,botBlocker requestLifecycle observability ratelimit throttle sessionRevoked,cspoff sessionTracker requestLifecycle observability jsonException toolbar,API_TOKEN,MISSING_GUARD,API route is non-public but no API token/auth/role guard was recognized.,add_or_confirm_api_token_guard,no,no
POST,API/Marketing/updateCampaignLinks,»,\App\Modules\APIs\Controllers\MarketingAPIController::updateCampaignLinks,botBlocker requestLifecycle observability ratelimit throttle sessionRevoked,cspoff sessionTracker requestLifecycle observability jsonException toolbar,API_TOKEN,MISSING_GUARD,API route is non-public but no API token/auth/role guard was recognized.,add_or_confirm_api_token_guard,no,no
POST,API/Marketing/updateInsight,»,\App\Modules\APIs\Controllers\MarketingAPIController::updateInsight,botBlocker requestLifecycle observability ratelimit throttle sessionRevoked,cspoff sessionTracker requestLifecycle observability jsonException toolbar,API_TOKEN,MISSING_GUARD,API route is non-public but no API token/auth/role guard was recognized.,add_or_confirm_api_token_guard,no,no
POST,API/Marketing/updateCampaignMessageField,»,\App\Modules\APIs\Controllers\MarketingAPIController::updateCampaignMessageField,botBlocker requestLifecycle observability ratelimit throttle sessionRevoked,cspoff sessionTracker requestLifecycle observability jsonException toolbar,API_TOKEN,MISSING_GUARD,API route is non-public but no API token/auth/role guard was recognized.,add_or_confirm_api_token_guard,no,no
POST,API/Marketing/updatePostSchedule/([0-9]+),»,\App\Modules\APIs\Controllers\MarketingAPIController::updatePostSchedule/$1,botBlocker requestLifecycle observability ratelimit throttle sessionRevoked,cspoff sessionTracker requestLifecycle observability jsonException toolbar,API_TOKEN,MISSING_GUARD,API route is non-public but no API token/auth/role guard was recognized.,add_or_confirm_api_token_guard,no,no
POST,API/Marketing/updatePlatformToggle/([0-9]+),»,\App\Modules\APIs\Controllers\MarketingAPIController::updatePlatformToggle/$1,botBlocker requestLifecycle observability ratelimit throttle sessionRevoked,cspoff sessionTracker requestLifecycle observability jsonException toolbar,API_TOKEN,MISSING_GUARD,API route is non-public but no API token/auth/role guard was recognized.,add_or_confirm_api_token_guard,no,no
POST,API/Marketing/validateSymbol,»,\App\Modules\APIs\Controllers\MarketingAPIController::validateSymbol,botBlocker requestLifecycle observability ratelimit throttle sessionRevoked,cspoff sessionTracker requestLifecycle observability jsonException toolbar,API_TOKEN,MISSING_GUARD,API route is non-public but no API token/auth/role guard was recognized.,add_or_confirm_api_token_guard,no,no
POST,API/Marketing/uploadNotification,»,\App\Modules\APIs\Controllers\MarketingAPIController::uploadNotification,botBlocker requestLifecycle observability ratelimit throttle sessionRevoked,cspoff sessionTracker requestLifecycle observability jsonException toolbar,API_TOKEN,MISSING_GUARD,API route is non-public but no API token/auth/role guard was recognized.,add_or_confirm_api_token_guard,no,no
POST,API/Marketing/getStoryUpdates,»,\App\Modules\APIs\Controllers\MarketingAPIController::getStoryUpdates,botBlocker requestLifecycle observability ratelimit throttle sessionRevoked,cspoff sessionTracker requestLifecycle observability jsonException toolbar,API_TOKEN,MISSING_GUARD,API route is non-public but no API token/auth/role guard was recognized.,add_or_confirm_api_token_guard,no,no
POST,API/Marketing/generateMarketingPackage,»,\App\Modules\APIs\Controllers\MarketingAPIController::generateMarketingPackage,botBlocker requestLifecycle observability ratelimit throttle sessionRevoked,cspoff sessionTracker requestLifecycle observability jsonException toolbar,API_TOKEN,MISSING_GUARD,API route is non-public but no API token/auth/role guard was recognized.,add_or_confirm_api_token_guard,no,no
POST,API/Marketing/processPendingNotifications,»,\App\Modules\APIs\Controllers\MarketingAPIController::processPendingNotifications,botBlocker requestLifecycle observability ratelimit throttle sessionRevoked,cspoff sessionTracker requestLifecycle observability jsonException toolbar,API_TOKEN,MISSING_GUARD,API route is non-public but no API token/auth/role guard was recognized.,add_or_confirm_api_token_guard,no,no
POST,API/Marketing/processPendingTempScraper,»,\App\Modules\APIs\Controllers\MarketingAPIController::processPendingTempScraper,botBlocker requestLifecycle observability ratelimit throttle sessionRevoked,cspoff sessionTracker requestLifecycle observability jsonException toolbar,API_TOKEN,MISSING_GUARD,API route is non-public but no API token/auth/role guard was recognized.,add_or_confirm_api_token_guard,no,no
POST,API/Marketing/processPendingCampaigns,»,\App\Modules\APIs\Controllers\MarketingAPIController::processPendingCampaigns,botBlocker requestLifecycle observability ratelimit throttle sessionRevoked,cspoff sessionTracker requestLifecycle observability jsonException toolbar,API_TOKEN,MISSING_GUARD,API route is non-public but no API token/auth/role guard was recognized.,add_or_confirm_api_token_guard,no,no
POST,API/Marketing/processPendingGeneratedContent,»,\App\Modules\APIs\Controllers\MarketingAPIController::processPendingGeneratedContent,botBlocker requestLifecycle observability ratelimit throttle sessionRevoked,cspoff sessionTracker requestLifecycle observability jsonException toolbar,API_TOKEN,MISSING_GUARD,API route is non-public but no API token/auth/role guard was recognized.,add_or_confirm_api_token_guard,no,no
POST,API/Marketing/retryDistributionTargets,»,\App\Modules\APIs\Controllers\MarketingAPIController::retryDistributionTargets,botBlocker requestLifecycle observability ratelimit throttle sessionRevoked,cspoff sessionTracker requestLifecycle observability jsonException toolbar,API_TOKEN,MISSING_GUARD,API route is non-public but no API token/auth/role guard was recognized.,add_or_confirm_api_token_guard,no,no
POST,API/Marketing/retryDistributionTargets/([0-9]+),»,\App\Modules\APIs\Controllers\MarketingAPIController::retryDistributionTargets/$1,botBlocker requestLifecycle observability ratelimit throttle sessionRevoked,cspoff sessionTracker requestLifecycle observability jsonException toolbar,API_TOKEN,MISSING_GUARD,API route is non-public but no API token/auth/role guard was recognized.,add_or_confirm_api_token_guard,no,no
POST,API/Marketing/runMarketingPipeline,»,\App\Modules\APIs\Controllers\MarketingAPIController::runMarketingPipeline,botBlocker requestLifecycle observability ratelimit throttle sessionRevoked,cspoff sessionTracker requestLifecycle observability jsonException toolbar,API_TOKEN,MISSING_GUARD,API route is non-public but no API token/auth/role guard was recognized.,add_or_confirm_api_token_guard,no,no
POST,API/Marketing/Add-Subscriber,»,\App\Modules\APIs\Controllers\MarketingAPIController::addSubscriber,botBlocker requestLifecycle observability ratelimit throttle sessionRevoked,cspoff sessionTracker requestLifecycle observability jsonException toolbar,API_TOKEN,MISSING_GUARD,API route is non-public but no API token/auth/role guard was recognized.,add_or_confirm_api_token_guard,no,no
POST,API/Marketing/fetchMissingLogos,»,\App\Modules\APIs\Controllers\MarketingAPIController::fetchMissingLogos,botBlocker requestLifecycle observability ratelimit throttle sessionRevoked,cspoff sessionTracker requestLifecycle observability jsonException toolbar,API_TOKEN,MISSING_GUARD,API route is non-public but no API token/auth/role guard was recognized.,add_or_confirm_api_token_guard,no,no
POST,API/Marketing/generateAutomatedContent,»,\App\Modules\APIs\Controllers\MarketingAPIController::generateAutomatedContent,botBlocker requestLifecycle observability ratelimit throttle sessionRevoked,cspoff sessionTracker requestLifecycle observability jsonException toolbar,API_TOKEN,MISSING_GUARD,API route is non-public but no API token/auth/role guard was recognized.,add_or_confirm_api_token_guard,no,no
POST,API/Marketing/PublishBlog/([0-9]+),»,\App\Modules\APIs\Controllers\Management\MarketingAPIController::publishBlog/$1,botBlocker requestLifecycle observability ratelimit throttle sessionRevoked,cspoff sessionTracker requestLifecycle observability jsonException toolbar,API_TOKEN,MISSING_GUARD,API route is non-public but no API token/auth/role guard was recognized.,add_or_confirm_api_token_guard,no,no
POST,API/Marketing/Save-Content-Edit/([0-9]+),»,\App\Modules\APIs\Controllers\MarketingAPIController::saveContentEdit/$1,botBlocker requestLifecycle observability ratelimit throttle sessionRevoked,cspoff sessionTracker requestLifecycle observability jsonException toolbar,API_TOKEN,MISSING_GUARD,API route is non-public but no API token/auth/role guard was recognized.,add_or_confirm_api_token_guard,no,no
POST,API/Marketing/Scrape-Link,»,\App\Modules\APIs\Controllers\MarketingAPIController::scrapeLink,botBlocker requestLifecycle observability ratelimit throttle sessionRevoked,cspoff sessionTracker requestLifecycle observability jsonException toolbar,API_TOKEN,MISSING_GUARD,API route is non-public but no API token/auth/role guard was recognized.,add_or_confirm_api_token_guard,no,no
POST,API/Marketing/MyMI-Gold/Tasks/Add,»,\App\Modules\APIs\Controllers\WalletsAPIController::addUserGoldTasks,botBlocker requestLifecycle observability ratelimit throttle sessionRevoked,cspoff sessionTracker requestLifecycle observability jsonException toolbar,API_TOKEN,MISSING_GUARD,API route is non-public but no API token/auth/role guard was recognized.,add_or_confirm_api_token_guard,no,no
POST,API/Marketing//Email-Templates/store,»,\App\Modules\APIs\Controllers\EmailTemplateController::store,botBlocker requestLifecycle observability ratelimit throttle sessionRevoked,cspoff sessionTracker requestLifecycle observability jsonException toolbar,API_TOKEN,MISSING_GUARD,API route is non-public but no API token/auth/role guard was recognized.,add_or_confirm_api_token_guard,no,no
POST,API/Marketing/Email-Queue/store,»,\App\Modules\APIs\Controllers\EmailQueueController::store,botBlocker requestLifecycle observability ratelimit throttle sessionRevoked,cspoff sessionTracker requestLifecycle observability jsonException toolbar,API_TOKEN,MISSING_GUARD,API route is non-public but no API token/auth/role guard was recognized.,add_or_confirm_api_token_guard,no,no
POST,API/Marketing/Email-Queue/processQueue,»,\App\Modules\APIs\Controllers\EmailQueueController::processQueue,botBlocker requestLifecycle observability ratelimit throttle sessionRevoked,cspoff sessionTracker requestLifecycle observability jsonException toolbar,API_TOKEN,MISSING_GUARD,API route is non-public but no API token/auth/role guard was recognized.,add_or_confirm_api_token_guard,no,no
POST,API/Marketing/savePlatform,»,\App\Modules\APIs\Controllers\ManagementAPIController::savePlatform,botBlocker requestLifecycle observability ratelimit throttle sessionRevoked,cspoff sessionTracker requestLifecycle observability jsonException toolbar,API_TOKEN,MISSING_GUARD,API route is non-public but no API token/auth/role guard was recognized.,add_or_confirm_api_token_guard,no,no
POST,API/Marketing/upsertPlatformRule,»,\App\Modules\APIs\Controllers\ManagementAPIController::upsertPlatformRule,botBlocker requestLifecycle observability ratelimit throttle sessionRevoked,cspoff sessionTracker requestLifecycle observability jsonException toolbar,API_TOKEN,MISSING_GUARD,API route is non-public but no API token/auth/role guard was recognized.,add_or_confirm_api_token_guard,no,no
POST,API/Marketing/searchTaxonomy,»,\App\Modules\APIs\Controllers\ManagementAPIController::searchTaxonomy,botBlocker requestLifecycle observability ratelimit throttle sessionRevoked,cspoff sessionTracker requestLifecycle observability jsonException toolbar,API_TOKEN,MISSING_GUARD,API route is non-public but no API token/auth/role guard was recognized.,add_or_confirm_api_token_guard,no,no
POST,API/Marketing/saveTaxonomy,»,\App\Modules\APIs\Controllers\ManagementAPIController::saveTaxonomy,botBlocker requestLifecycle observability ratelimit throttle sessionRevoked,cspoff sessionTracker requestLifecycle observability jsonException toolbar,API_TOKEN,MISSING_GUARD,API route is non-public but no API token/auth/role guard was recognized.,add_or_confirm_api_token_guard,no,no
POST,API/Marketing/saveSuggestion,»,\App\Modules\APIs\Controllers\ManagementAPIController::saveSuggestion,botBlocker requestLifecycle observability ratelimit throttle sessionRevoked,cspoff sessionTracker requestLifecycle observability jsonException toolbar,API_TOKEN,MISSING_GUARD,API route is non-public but no API token/auth/role guard was recognized.,add_or_confirm_api_token_guard,no,no
POST,API/Marketing/getPostingPlan,»,\App\Modules\APIs\Controllers\ManagementAPIController::getPostingPlan,botBlocker requestLifecycle observability ratelimit throttle sessionRevoked,cspoff sessionTracker requestLifecycle observability jsonException toolbar,API_TOKEN,MISSING_GUARD,API route is non-public but no API token/auth/role guard was recognized.,add_or_confirm_api_token_guard,no,no
POST,API/Marketing/composePost,»,\App\Modules\APIs\Controllers\ManagementAPIController::composePost,botBlocker requestLifecycle observability ratelimit throttle sessionRevoked,cspoff sessionTracker requestLifecycle observability jsonException toolbar,API_TOKEN,MISSING_GUARD,API route is non-public but no API token/auth/role guard was recognized.,add_or_confirm_api_token_guard,no,no
POST,API/Predictions/PlaceOrder,»,\App\Modules\APIs\Controllers\PredictionsAPIController::placeOrder,botBlocker requestLifecycle observability ratelimit throttle sessionRevoked,cspoff sessionTracker requestLifecycle observability jsonException toolbar,API_TOKEN,MISSING_GUARD,API route is non-public but no API token/auth/role guard was recognized.,add_or_confirm_api_token_guard,no,no
POST,API/Predictions/CancelOrder,»,\App\Modules\APIs\Controllers\PredictionsAPIController::cancelOrder,botBlocker requestLifecycle observability ratelimit throttle sessionRevoked,cspoff sessionTracker requestLifecycle observability jsonException toolbar,API_TOKEN,MISSING_GUARD,API route is non-public but no API token/auth/role guard was recognized.,add_or_confirm_api_token_guard,no,no
POST,API/Solana/transfer,»,\App\Modules\APIs\Controllers\SolanaAPIController::transfer,botBlocker requestLifecycle observability ratelimit throttle sessionRevoked csrf,csrf cspoff sessionTracker requestLifecycle observability jsonException toolbar,API_TOKEN,MISSING_GUARD,API route is non-public but no API token/auth/role guard was recognized.,add_or_confirm_api_token_guard,no,no
POST,API/Solana/swap/quote,»,\App\Modules\APIs\Controllers\SolanaAPIController::quote,botBlocker requestLifecycle observability ratelimit throttle sessionRevoked csrf,csrf cspoff sessionTracker requestLifecycle observability jsonException toolbar,API_TOKEN,MISSING_GUARD,API route is non-public but no API token/auth/role guard was recognized.,add_or_confirm_api_token_guard,no,no
POST,API/Solana/transaction/preview,»,\App\Modules\APIs\Controllers\SolanaAPIController::preview,botBlocker requestLifecycle observability ratelimit throttle sessionRevoked csrf,csrf cspoff sessionTracker requestLifecycle observability jsonException toolbar,API_TOKEN,MISSING_GUARD,API route is non-public but no API token/auth/role guard was recognized.,add_or_confirm_api_token_guard,no,no
POST,API/Solana/swap/preview,»,\App\Modules\APIs\Controllers\SolanaAPIController::preview,botBlocker requestLifecycle observability ratelimit throttle sessionRevoked csrf,csrf cspoff sessionTracker requestLifecycle observability jsonException toolbar,API_TOKEN,MISSING_GUARD,API route is non-public but no API token/auth/role guard was recognized.,add_or_confirm_api_token_guard,no,no
POST,API/Solana/swap/execute,»,\App\Modules\APIs\Controllers\SolanaAPIController::swap,botBlocker requestLifecycle observability ratelimit throttle sessionRevoked csrf,csrf cspoff sessionTracker requestLifecycle observability jsonException toolbar,API_TOKEN,MISSING_GUARD,API route is non-public but no API token/auth/role guard was recognized.,add_or_confirm_api_token_guard,no,no
POST,API/Solana/token/create,»,\App\Modules\APIs\Controllers\SolanaAPIController::createToken,botBlocker requestLifecycle observability ratelimit throttle sessionRevoked csrf,csrf cspoff sessionTracker requestLifecycle observability jsonException toolbar,API_TOKEN,MISSING_GUARD,API route is non-public but no API token/auth/role guard was recognized.,add_or_confirm_api_token_guard,no,no
POST,API/Solana/token/mint,»,\App\Modules\APIs\Controllers\SolanaAPIController::mint,botBlocker requestLifecycle observability ratelimit throttle sessionRevoked csrf,csrf cspoff sessionTracker requestLifecycle observability jsonException toolbar,API_TOKEN,MISSING_GUARD,API route is non-public but no API token/auth/role guard was recognized.,add_or_confirm_api_token_guard,no,no
POST,API/Wallets/Create,»,\App\Modules\APIs\Controllers\WalletsAPIController::create,botBlocker requestLifecycle observability ratelimit throttle sessionRevoked,cspoff sessionTracker requestLifecycle observability jsonException toolbar,API_TOKEN,MISSING_GUARD,API route is non-public but no API token/auth/role guard was recognized.,add_or_confirm_api_token_guard,no,no
POST,API/Wallets/Link-Robinhood,»,\App\Modules\APIs\Controllers\WalletsAPIController::linkRobinhood,botBlocker requestLifecycle observability ratelimit throttle sessionRevoked,cspoff sessionTracker requestLifecycle observability jsonException toolbar,API_TOKEN,MISSING_GUARD,API route is non-public but no API token/auth/role guard was recognized.,add_or_confirm_api_token_guard,no,no
POST,API/Wallets/Link-Snaptrade,»,\App\Modules\APIs\Controllers\WalletsAPIController::linkSnapTrade,botBlocker requestLifecycle observability ratelimit throttle sessionRevoked,cspoff sessionTracker requestLifecycle observability jsonException toolbar,API_TOKEN,MISSING_GUARD,API route is non-public but no API token/auth/role guard was recognized.,add_or_confirm_api_token_guard,no,no
POST,API/Wallets/Snaptrade/Connect-URL,»,\App\Modules\APIs\Controllers\WalletsAPIController::getSnapTradeConnectUrl,botBlocker requestLifecycle observability ratelimit throttle sessionRevoked,cspoff sessionTracker requestLifecycle observability jsonException toolbar,API_TOKEN,MISSING_GUARD,API route is non-public but no API token/auth/role guard was recognized.,add_or_confirm_api_token_guard,no,no
POST,API/Wallets/Banking/Update/([0-9]+),»,\App\Modules\APIs\Controllers\WalletsAPIController::updateBank/$1,botBlocker requestLifecycle observability ratelimit throttle sessionRevoked,cspoff sessionTracker requestLifecycle observability jsonException toolbar,API_TOKEN,MISSING_GUARD,API route is non-public but no API token/auth/role guard was recognized.,add_or_confirm_api_token_guard,no,no
POST,API/Wallets/Credit/Update/([0-9]+),»,\App\Modules\APIs\Controllers\WalletsAPIController::updateCredit/$1,botBlocker requestLifecycle observability ratelimit throttle sessionRevoked,cspoff sessionTracker requestLifecycle observability jsonException toolbar,API_TOKEN,MISSING_GUARD,API route is non-public but no API token/auth/role guard was recognized.,add_or_confirm_api_token_guard,no,no
POST,API/Wallets/Debt/Update/([0-9]+),»,\App\Modules\APIs\Controllers\WalletsAPIController::updateDebt/$1,botBlocker requestLifecycle observability ratelimit throttle sessionRevoked,cspoff sessionTracker requestLifecycle observability jsonException toolbar,API_TOKEN,MISSING_GUARD,API route is non-public but no API token/auth/role guard was recognized.,add_or_confirm_api_token_guard,no,no
POST,API/Wallets/Investments/Update/([0-9]+),»,\App\Modules\APIs\Controllers\WalletsAPIController::updateInvestment/$1,botBlocker requestLifecycle observability ratelimit throttle sessionRevoked,cspoff sessionTracker requestLifecycle observability jsonException toolbar,API_TOKEN,MISSING_GUARD,API route is non-public but no API token/auth/role guard was recognized.,add_or_confirm_api_token_guard,no,no
POST,API/Wallets/Crypto/Update/([0-9]+),»,\App\Modules\APIs\Controllers\WalletsAPIController::updateCrypto/$1,botBlocker requestLifecycle observability ratelimit throttle sessionRevoked,cspoff sessionTracker requestLifecycle observability jsonException toolbar,API_TOKEN,MISSING_GUARD,API route is non-public but no API token/auth/role guard was recognized.,add_or_confirm_api_token_guard,no,no
POST,API/Wallets/Plaid/Exchange,»,\App\Modules\APIs\Controllers\WalletsAPIController::plaidExchange,botBlocker requestLifecycle observability ratelimit throttle sessionRevoked,cspoff sessionTracker requestLifecycle observability jsonException toolbar,API_TOKEN,MISSING_GUARD,API route is non-public but no API token/auth/role guard was recognized.,add_or_confirm_api_token_guard,no,no
POST,API/Wallets/Plaid/Refresh/([0-9]+),»,\App\Modules\APIs\Controllers\WalletsAPIController::refreshPlaidWallet/$1,botBlocker requestLifecycle observability ratelimit throttle sessionRevoked,cspoff sessionTracker requestLifecycle observability jsonException toolbar,API_TOKEN,MISSING_GUARD,API route is non-public but no API token/auth/role guard was recognized.,add_or_confirm_api_token_guard,no,no
POST,API/Wallets/Plaid/Sync-Transactions/([0-9]+),»,\App\Modules\APIs\Controllers\WalletsAPIController::syncPlaidTransactions/$1,botBlocker requestLifecycle observability ratelimit throttle sessionRevoked,cspoff sessionTracker requestLifecycle observability jsonException toolbar,API_TOKEN,MISSING_GUARD,API route is non-public but no API token/auth/role guard was recognized.,add_or_confirm_api_token_guard,no,no
POST,API/User/Comments/Add,»,\App\Modules\APIs\Controllers\UserAPIController::addComment,botBlocker requestLifecycle observability ratelimit throttle sessionRevoked,cspoff sessionTracker requestLifecycle observability jsonException toolbar,API_TOKEN,MISSING_GUARD,API route is non-public but no API token/auth/role guard was recognized.,add_or_confirm_api_token_guard,no,no
POST,API/Users/Comments/Add,»,\App\Modules\APIs\Controllers\UserAPIController::addComment,botBlocker requestLifecycle observability ratelimit throttle sessionRevoked,cspoff sessionTracker requestLifecycle observability jsonException toolbar,API_TOKEN,MISSING_GUARD,API route is non-public but no API token/auth/role guard was recognized.,add_or_confirm_api_token_guard,no,no
POST,Dashboard/completeOnboardingStep/([^/]+),complete-onboarding-step,\App\Modules\User\Controllers\DashboardController::completeOnboardingStep/$1,maintenance botBlocker requestLifecycle observability ratelimit throttle sessionRevoked csrf authcheck login noStore,noStore login cspoff sessionTracker requestLifecycle observability jsonException toolbar,USER_AUTH,OK,Login/auth/authcheck guard is present.,none,no,no
POST,Dashboard/setup/dismiss,setup-dismiss,\App\Modules\User\Controllers\DashboardController::dismissSetup,maintenance botBlocker requestLifecycle observability ratelimit throttle sessionRevoked csrf authcheck login noStore,noStore login cspoff sessionTracker requestLifecycle observability jsonException toolbar,USER_AUTH,OK,Login/auth/authcheck guard is present.,none,no,no
POST,Dashboard/onboarding/profile,onboarding-save-profile,\App\Modules\User\Controllers\OnboardingWalkthroughController::saveProfile,maintenance botBlocker requestLifecycle observability ratelimit throttle sessionRevoked csrf authcheck login noStore,noStore login cspoff sessionTracker requestLifecycle observability jsonException toolbar,USER_AUTH,OK,Login/auth/authcheck guard is present.,none,no,no
POST,Dashboard/onboarding/budget-income,onboarding-save-income,\App\Modules\User\Controllers\OnboardingWalkthroughController::saveBudgetIncome,maintenance botBlocker requestLifecycle observability ratelimit throttle sessionRevoked csrf authcheck login noStore,noStore login cspoff sessionTracker requestLifecycle observability jsonException toolbar,USER_AUTH,OK,Login/auth/authcheck guard is present.,none,no,no
POST,Dashboard/onboarding/credit-debt,onboarding-save-credit-debt,\App\Modules\User\Controllers\OnboardingWalkthroughController::saveCreditDebt,maintenance botBlocker requestLifecycle observability ratelimit throttle sessionRevoked csrf authcheck login noStore,noStore login cspoff sessionTracker requestLifecycle observability jsonException toolbar,USER_AUTH,OK,Login/auth/authcheck guard is present.,none,no,no
POST,Dashboard/onboarding/recurring-expense,onboarding-save-recurring,\App\Modules\User\Controllers\OnboardingWalkthroughController::saveRecurringExpense,maintenance botBlocker requestLifecycle observability ratelimit throttle sessionRevoked csrf authcheck login noStore,noStore login cspoff sessionTracker requestLifecycle observability jsonException toolbar,USER_AUTH,OK,Login/auth/authcheck guard is present.,none,no,no
POST,Dashboard/onboarding/watchlist,onboarding-save-watchlist,\App\Modules\User\Controllers\OnboardingWalkthroughController::saveWatchlist,maintenance botBlocker requestLifecycle observability ratelimit throttle sessionRevoked csrf authcheck login noStore,noStore login cspoff sessionTracker requestLifecycle observability jsonException toolbar,USER_AUTH,OK,Login/auth/authcheck guard is present.,none,no,no
POST,Dashboard/onboarding/source-welcome/complete,onboarding-complete-source-welcome,\App\Modules\User\Controllers\OnboardingWalkthroughController::completeSourceWelcome,maintenance botBlocker requestLifecycle observability ratelimit throttle sessionRevoked csrf authcheck login noStore,noStore login cspoff sessionTracker requestLifecycle observability jsonException toolbar,USER_AUTH,OK,Login/auth/authcheck guard is present.,none,no,no
POST,Dashboard/account-completion/dismiss,account-completion-dismiss,\App\Modules\User\Controllers\OnboardingWalkthroughController::dismissAccountCompletion,maintenance botBlocker requestLifecycle observability ratelimit throttle sessionRevoked csrf authcheck login noStore,noStore login cspoff sessionTracker requestLifecycle observability jsonException toolbar,USER_AUTH,OK,Login/auth/authcheck guard is present.,none,no,no
POST,Management/saveSuggestion,»,\App\Modules\Management\Controllers\ManagementAdminController::saveSuggestion,botBlocker requestLifecycle observability ratelimit throttle sessionRevoked csrf authcheck,cspoff sessionTracker requestLifecycle observability jsonException toolbar,USER_AUTH,OK,Login/auth/authcheck guard is present.,none,no,no
POST,Management/Ops/ajaxDispatch,»,\App\Modules\Management\Controllers\OpsAdminController::ajaxDispatch,botBlocker requestLifecycle observability ratelimit throttle sessionRevoked csrf authcheck permission:admin.access,permission:admin.access cspoff sessionTracker requestLifecycle observability jsonException toolbar,ADMIN_AUTH,OK,Permission/role guard is present.,none,no,no
POST,Management/AccountRescue/lookup,»,\App\Modules\Management\Controllers\AccountRescueAdminController::lookup,botBlocker requestLifecycle observability ratelimit throttle sessionRevoked csrf authcheck permission:admin.access,permission:admin.access cspoff sessionTracker requestLifecycle observability jsonException toolbar,ADMIN_AUTH,OK,Permission/role guard is present.,none,no,no
POST,Management/AccountRescue/resend-activation,»,\App\Modules\Management\Controllers\AccountRescueAdminController::resendActivation,botBlocker requestLifecycle observability ratelimit throttle sessionRevoked csrf authcheck permission:admin.access,permission:admin.access cspoff sessionTracker requestLifecycle observability jsonException toolbar,ADMIN_AUTH,OK,Permission/role guard is present.,none,no,no
POST,Management/AccountRescue/manual-activate,»,\App\Modules\Management\Controllers\AccountRescueAdminController::manualActivate,botBlocker requestLifecycle observability ratelimit throttle sessionRevoked csrf authcheck permission:admin.access,permission:admin.access cspoff sessionTracker requestLifecycle observability jsonException toolbar,ADMIN_AUTH,OK,Permission/role guard is present.,none,no,no
POST,Management/AccountRescue/force-password-reset,»,\App\Modules\Management\Controllers\AccountRescueAdminController::forcePasswordReset,botBlocker requestLifecycle observability ratelimit throttle sessionRevoked csrf authcheck permission:admin.access,permission:admin.access cspoff sessionTracker requestLifecycle observability jsonException toolbar,ADMIN_AUTH,OK,Permission/role guard is present.,none,no,no
POST,Management/AccountRescue/unlock-account,»,\App\Modules\Management\Controllers\AccountRescueAdminController::unlockAccount,botBlocker requestLifecycle observability ratelimit throttle sessionRevoked csrf authcheck permission:admin.access,permission:admin.access cspoff sessionTracker requestLifecycle observability jsonException toolbar,ADMIN_AUTH,OK,Permission/role guard is present.,none,no,no
POST,Management/Admin/Chat/submit,»,\App\Modules\Management\Controllers\ChatAdminController::submit,botBlocker requestLifecycle observability ratelimit throttle sessionRevoked csrf authcheck permission:admin.access,permission:admin.access cspoff sessionTracker requestLifecycle observability jsonException toolbar,ADMIN_AUTH,OK,Permission/role guard is present.,none,no,no
POST,Management/Alerts/Generate-Advisor-Package,»,\App\Modules\Management\Controllers\AlertsAdminController::generateAdvisorPackage,botBlocker requestLifecycle observability ratelimit throttle sessionRevoked csrf authcheck auth,auth cspoff sessionTracker requestLifecycle observability jsonException toolbar,USER_AUTH,OK,Login/auth/authcheck guard is present.,none,no,no
POST,Management/Alerts/Audit/Emails,»,\App\Modules\Management\Controllers\AlertsAdminController::auditEmailScraper,botBlocker requestLifecycle observability ratelimit throttle sessionRevoked csrf authcheck,cspoff sessionTracker requestLifecycle observability jsonException toolbar,USER_AUTH,OK,Login/auth/authcheck guard is present.,none,no,no
POST,Management/Discord/Channels/Save,»,\App\Modules\Management\Controllers\DiscordAdminController::saveDiscordChannel,botBlocker requestLifecycle observability ratelimit throttle sessionRevoked csrf authcheck,cspoff sessionTracker requestLifecycle observability jsonException toolbar,USER_AUTH,OK,Login/auth/authcheck guard is present.,none,no,no
POST,Management/Discord/Channels/Delete,»,\App\Modules\Management\Controllers\DiscordAdminController::deleteDiscordChannel,botBlocker requestLifecycle observability ratelimit throttle sessionRevoked csrf authcheck,cspoff sessionTracker requestLifecycle observability jsonException toolbar,USER_AUTH,OK,Login/auth/authcheck guard is present.,none,no,no
POST,Management/Discord/Templates/Save,»,\App\Modules\Management\Controllers\DiscordAdminController::saveDiscordTemplate,botBlocker requestLifecycle observability ratelimit throttle sessionRevoked csrf authcheck,cspoff sessionTracker requestLifecycle observability jsonException toolbar,USER_AUTH,OK,Login/auth/authcheck guard is present.,none,no,no
POST,Management/Discord/Templates/Delete,»,\App\Modules\Management\Controllers\DiscordAdminController::deleteDiscordTemplate,botBlocker requestLifecycle observability ratelimit throttle sessionRevoked csrf authcheck,cspoff sessionTracker requestLifecycle observability jsonException toolbar,USER_AUTH,OK,Login/auth/authcheck guard is present.,none,no,no
POST,Management/Discord/Subscriptions/Save,»,\App\Modules\Management\Controllers\DiscordAdminController::saveDiscordSubscription,botBlocker requestLifecycle observability ratelimit throttle sessionRevoked csrf authcheck,cspoff sessionTracker requestLifecycle observability jsonException toolbar,USER_AUTH,OK,Login/auth/authcheck guard is present.,none,no,no
POST,Management/Discord/Subscriptions/Delete,»,\App\Modules\Management\Controllers\DiscordAdminController::deleteDiscordSubscription,botBlocker requestLifecycle observability ratelimit throttle sessionRevoked csrf authcheck,cspoff sessionTracker requestLifecycle observability jsonException toolbar,USER_AUTH,OK,Login/auth/authcheck guard is present.,none,no,no
POST,Management/Discord/Policies/Save,»,\App\Modules\Management\Controllers\DiscordAdminController::saveDiscordPolicy,botBlocker requestLifecycle observability ratelimit throttle sessionRevoked csrf authcheck,cspoff sessionTracker requestLifecycle observability jsonException toolbar,USER_AUTH,OK,Login/auth/authcheck guard is present.,none,no,no
POST,Management/Discord/Policies/Delete,»,\App\Modules\Management\Controllers\DiscordAdminController::deleteDiscordPolicy,botBlocker requestLifecycle observability ratelimit throttle sessionRevoked csrf authcheck,cspoff sessionTracker requestLifecycle observability jsonException toolbar,USER_AUTH,OK,Login/auth/authcheck guard is present.,none,no,no
POST,Management/Drip-Campaigns/Create,»,\App\Modules\Management\Controllers\DripCampaignAdminController::create,botBlocker requestLifecycle observability ratelimit throttle sessionRevoked csrf authcheck,cspoff sessionTracker requestLifecycle observability jsonException toolbar,USER_AUTH,OK,Login/auth/authcheck guard is present.,none,no,no
POST,Management/Drip-Campaigns/([0-9]+)/Steps/Add,»,\App\Modules\Management\Controllers\DripCampaignAdminController::addStep/$1,botBlocker requestLifecycle observability ratelimit throttle sessionRevoked csrf authcheck,cspoff sessionTracker requestLifecycle observability jsonException toolbar,USER_AUTH,OK,Login/auth/authcheck guard is present.,none,no,no
POST,Management/Email/addMember,»,\App\Modules\Management\Controllers\EmailAdminController::addMember,botBlocker requestLifecycle observability ratelimit throttle sessionRevoked csrf authcheck,cspoff sessionTracker requestLifecycle observability jsonException toolbar,USER_AUTH,OK,Login/auth/authcheck guard is present.,none,no,no
POST,Management/Email/createList,»,\App\Modules\Management\Controllers\EmailAdminController::createList,botBlocker requestLifecycle observability ratelimit throttle sessionRevoked csrf authcheck,cspoff sessionTracker requestLifecycle observability jsonException toolbar,USER_AUTH,OK,Login/auth/authcheck guard is present.,none,no,no
POST,Management/Email/sendCampaign,»,\App\Modules\Management\Controllers\EmailAdminController::sendCampaign,botBlocker requestLifecycle observability ratelimit throttle sessionRevoked csrf authcheck,cspoff sessionTracker requestLifecycle observability jsonException toolbar,USER_AUTH,OK,Login/auth/authcheck guard is present.,none,no,no
POST,Management/Email/scheduleCampaign/([0-9]+),»,\App\Modules\Management\Controllers\EmailAdminController::scheduleCampaign/$1,botBlocker requestLifecycle observability ratelimit throttle sessionRevoked csrf authcheck,cspoff sessionTracker requestLifecycle observability jsonException toolbar,USER_AUTH,OK,Login/auth/authcheck guard is present.,none,no,no
POST,Management/Email/scheduleCampaignSubmit/([0-9]+),»,\App\Modules\Management\Controllers\EmailAdminController::scheduleCampaignSubmit/$1,botBlocker requestLifecycle observability ratelimit throttle sessionRevoked csrf authcheck,cspoff sessionTracker requestLifecycle observability jsonException toolbar,USER_AUTH,OK,Login/auth/authcheck guard is present.,none,no,no
POST,Management/Email/updateCampaign/([0-9]+),»,\App\Modules\Management\Controllers\EmailAdminController::updateCampaign/$1,botBlocker requestLifecycle observability ratelimit throttle sessionRevoked csrf authcheck,cspoff sessionTracker requestLifecycle observability jsonException toolbar,USER_AUTH,OK,Login/auth/authcheck guard is present.,none,no,no
POST,Management/Marketing/Add/([^/]+),»,\App\Modules\Management\Controllers\MarketingAdminController::add/$1,botBlocker requestLifecycle observability ratelimit throttle sessionRevoked csrf authcheck,cspoff sessionTracker requestLifecycle observability jsonException toolbar,USER_AUTH,OK,Login/auth/authcheck guard is present.,none,no,no
POST,Management/Marketing/Add-Subscriber,»,\App\Modules\Management\Controllers\MarketingAdminController::addSubscriber,botBlocker requestLifecycle observability ratelimit throttle sessionRevoked csrf authcheck,cspoff sessionTracker requestLifecycle observability jsonException toolbar,USER_AUTH,OK,Login/auth/authcheck guard is present.,none,no,no
POST,Management/Marketing/fetchMissingLogos,»,\App\Modules\Management\Controllers\MarketingAdminController::fetchMissingLogos,botBlocker requestLifecycle observability ratelimit throttle sessionRevoked csrf authcheck,cspoff sessionTracker requestLifecycle observability jsonException toolbar,USER_AUTH,OK,Login/auth/authcheck guard is present.,none,no,no
POST,Management/Marketing/generateAutomatedContent,»,\App\Modules\Management\Controllers\MarketingAdminController::generateAutomatedContent,botBlocker requestLifecycle observability ratelimit throttle sessionRevoked csrf authcheck,cspoff sessionTracker requestLifecycle observability jsonException toolbar,USER_AUTH,OK,Login/auth/authcheck guard is present.,none,no,no
POST,Management/Marketing/PublishBlog/([0-9]+),»,\App\Modules\Management\Controllers\Management\MarketingAdminController::publishBlog/$1,botBlocker requestLifecycle observability ratelimit throttle sessionRevoked csrf authcheck,cspoff sessionTracker requestLifecycle observability jsonException toolbar,USER_AUTH,OK,Login/auth/authcheck guard is present.,none,no,no
POST,Management/Marketing/Save-Content-Edit/([0-9]+),»,\App\Modules\Management\Controllers\MarketingAdminController::saveContentEdit/$1,botBlocker requestLifecycle observability ratelimit throttle sessionRevoked csrf authcheck,cspoff sessionTracker requestLifecycle observability jsonException toolbar,USER_AUTH,OK,Login/auth/authcheck guard is present.,none,no,no
POST,Management/Marketing/Scrape-Link,»,\App\Modules\Management\Controllers\MarketingAdminController::scrapeLink,botBlocker requestLifecycle observability ratelimit throttle sessionRevoked csrf authcheck,cspoff sessionTracker requestLifecycle observability jsonException toolbar,USER_AUTH,OK,Login/auth/authcheck guard is present.,none,no,no
POST,Management/Marketing/MyMI-Gold/Tasks/Add,»,\App\Modules\Management\Controllers\WalletsAdminController::addUserGoldTasks,botBlocker requestLifecycle observability ratelimit throttle sessionRevoked csrf authcheck,cspoff sessionTracker requestLifecycle observability jsonException toolbar,USER_AUTH,OK,Login/auth/authcheck guard is present.,none,no,no
POST,Management/Marketing//Email-Templates/store,»,\App\Modules\Management\Controllers\EmailTemplateController::store,botBlocker requestLifecycle observability ratelimit throttle sessionRevoked csrf authcheck,cspoff sessionTracker requestLifecycle observability jsonException toolbar,USER_AUTH,OK,Login/auth/authcheck guard is present.,none,no,no
POST,Management/Marketing/Email-Queue/store,»,\App\Modules\Management\Controllers\EmailQueueController::store,botBlocker requestLifecycle observability ratelimit throttle sessionRevoked csrf authcheck,cspoff sessionTracker requestLifecycle observability jsonException toolbar,USER_AUTH,OK,Login/auth/authcheck guard is present.,none,no,no
POST,Management/Marketing/Email-Queue/processQueue,»,\App\Modules\Management\Controllers\EmailQueueController::processQueue,botBlocker requestLifecycle observability ratelimit throttle sessionRevoked csrf authcheck,cspoff sessionTracker requestLifecycle observability jsonException toolbar,USER_AUTH,OK,Login/auth/authcheck guard is present.,none,no,no
POST,Management/Marketing/Exchange/Edit/([^/]+),»,\App\Modules\Management\Controllers\MarketingController::edit/$1,botBlocker requestLifecycle observability ratelimit throttle sessionRevoked csrf authcheck,cspoff sessionTracker requestLifecycle observability jsonException toolbar,USER_AUTH,OK,Login/auth/authcheck guard is present.,none,no,no
POST,Management/Projects/Approve/([^/]+),»,\App\Modules\Management\Controllers\ProjectsController::approveProject/$1,botBlocker requestLifecycle observability ratelimit throttle sessionRevoked csrf authcheck,cspoff sessionTracker requestLifecycle observability jsonException toolbar,USER_AUTH,OK,Login/auth/authcheck guard is present.,none,no,no
POST,Management/Projects/Edit/([^/]+),»,\App\Modules\Management\Controllers\ProjectsController::approveProject/$1,botBlocker requestLifecycle observability ratelimit throttle sessionRevoked csrf authcheck,cspoff sessionTracker requestLifecycle observability jsonException toolbar,USER_AUTH,OK,Login/auth/authcheck guard is present.,none,no,no
POST,Management/Projects/Reject/([^/]+),»,\App\Modules\Management\Controllers\ProjectsController::rejectProject/$1,botBlocker requestLifecycle observability ratelimit throttle sessionRevoked csrf authcheck,cspoff sessionTracker requestLifecycle observability jsonException toolbar,USER_AUTH,OK,Login/auth/authcheck guard is present.,none,no,no
POST,Management/Projects/Quick-Intake,»,\App\Modules\Management\Controllers\ProjectsController::realEstateQuickSubmit,botBlocker requestLifecycle observability ratelimit throttle sessionRevoked csrf authcheck,cspoff sessionTracker requestLifecycle observability jsonException toolbar,USER_AUTH,OK,Login/auth/authcheck guard is present.,none,no,no
POST,Management/Projects/UpdateFundNAV,»,\App\Modules\Management\Controllers\ProjectsAdminController::updateFundNAV,botBlocker requestLifecycle observability ratelimit throttle sessionRevoked csrf authcheck,cspoff sessionTracker requestLifecycle observability jsonException toolbar,USER_AUTH,OK,Login/auth/authcheck guard is present.,none,no,no
POST,Management/Projects/RecordFundDistribution,»,\App\Modules\Management\Controllers\ProjectsAdminController::recordFundDistribution,botBlocker requestLifecycle observability ratelimit throttle sessionRevoked csrf authcheck,cspoff sessionTracker requestLifecycle observability jsonException toolbar,USER_AUTH,OK,Login/auth/authcheck guard is present.,none,no,no
POST,Management/Projects/SeedPrimaryFundProject,»,\App\Modules\Management\Controllers\ProjectsAdminController::seedPrimaryFundProject,botBlocker requestLifecycle observability ratelimit throttle sessionRevoked csrf authcheck,cspoff sessionTracker requestLifecycle observability jsonException toolbar,USER_AUTH,OK,Login/auth/authcheck guard is present.,none,no,no
POST,Management/Projects/HideTestProjects,»,\App\Modules\Management\Controllers\ProjectsAdminController::hideTestProjects,botBlocker requestLifecycle observability ratelimit throttle sessionRevoked csrf authcheck,cspoff sessionTracker requestLifecycle observability jsonException toolbar,USER_AUTH,OK,Login/auth/authcheck guard is present.,none,no,no
POST,Management/Projects/UpdateInvestorCompliance,»,\App\Modules\Management\Controllers\ProjectsAdminController::updateInvestorCompliance,botBlocker requestLifecycle observability ratelimit throttle sessionRevoked csrf authcheck,cspoff sessionTracker requestLifecycle observability jsonException toolbar,USER_AUTH,OK,Login/auth/authcheck guard is present.,none,no,no
POST,Management/Projects/RecordFundCapitalFlow,»,\App\Modules\Management\Controllers\ProjectsAdminController::recordFundCapitalFlow,botBlocker requestLifecycle observability ratelimit throttle sessionRevoked csrf authcheck,cspoff sessionTracker requestLifecycle observability jsonException toolbar,USER_AUTH,OK,Login/auth/authcheck guard is present.,none,no,no
POST,Management/Projects/RegisterFundExchangeAsset/([0-9]+),»,\App\Modules\Management\Controllers\ProjectsAdminController::registerFundExchangeAsset/$1,botBlocker requestLifecycle observability ratelimit throttle sessionRevoked csrf authcheck,cspoff sessionTracker requestLifecycle observability jsonException toolbar,USER_AUTH,OK,Login/auth/authcheck guard is present.,none,no,no
POST,Management/Users/ajaxBlockUser/([^/]+),»,\App\Modules\Management\Controllers\UsersController::ajaxBlockUser,botBlocker requestLifecycle observability ratelimit throttle sessionRevoked csrf authcheck,cspoff sessionTracker requestLifecycle observability jsonException toolbar,USER_AUTH,OK,Login/auth/authcheck guard is present.,none,no,no
POST,Management/Users/ajaxBulkBanUsers,»,\App\Modules\Management\Controllers\UsersController::ajaxBulkBanUsers,botBlocker requestLifecycle observability ratelimit throttle sessionRevoked csrf authcheck,cspoff sessionTracker requestLifecycle observability jsonException toolbar,USER_AUTH,OK,Login/auth/authcheck guard is present.,none,no,no
POST,Management/Wallets/EmailUserAboutIssue/([0-9]+)/([0-9]+),»,\App\Modules\Management\Controllers\WalletsController::emailUserAboutIssue/$1/$2,botBlocker requestLifecycle observability ratelimit throttle sessionRevoked csrf authcheck,cspoff sessionTracker requestLifecycle observability jsonException toolbar,USER_AUTH,OK,Login/auth/authcheck guard is present.,none,no,no
POST,Ops/projects/save,»,\App\Modules\Ops\Controllers\OpsDashboardController::saveProject,botBlocker requestLifecycle observability ratelimit throttle sessionRevoked csrf authcheck,cspoff sessionTracker requestLifecycle observability jsonException toolbar,USER_AUTH,OK,Login/auth/authcheck guard is present.,none,no,no
POST,Ops/subprojects/save,»,\App\Modules\Ops\Controllers\OpsDashboardController::saveSubproject,botBlocker requestLifecycle observability ratelimit throttle sessionRevoked csrf authcheck,cspoff sessionTracker requestLifecycle observability jsonException toolbar,USER_AUTH,OK,Login/auth/authcheck guard is present.,none,no,no
POST,Ops/tasks/save,»,\App\Modules\Ops\Controllers\OpsDashboardController::saveTask,botBlocker requestLifecycle observability ratelimit throttle sessionRevoked csrf authcheck,cspoff sessionTracker requestLifecycle observability jsonException toolbar,USER_AUTH,OK,Login/auth/authcheck guard is present.,none,no,no
POST,Ops/import/xlsx,»,\App\Modules\Ops\Controllers\OpsDashboardController::importXlsx,botBlocker requestLifecycle observability ratelimit throttle sessionRevoked csrf authcheck,cspoff sessionTracker requestLifecycle observability jsonException toolbar,USER_AUTH,OK,Login/auth/authcheck guard is present.,none,no,no
POST,Advisor,»,\App\Modules\Advisor\Controllers\AdvisorController::index,maintenance botBlocker requestLifecycle observability ratelimit throttle sessionRevoked csrf authcheck login,login cspoff sessionTracker requestLifecycle observability jsonException toolbar,USER_AUTH,OK,Login/auth/authcheck guard is present.,none,no,no
POST,Advisors,»,\App\Modules\Advisor\Controllers\AdvisorController::index,maintenance botBlocker requestLifecycle observability ratelimit throttle sessionRevoked csrf authcheck login,login cspoff sessionTracker requestLifecycle observability jsonException toolbar,USER_AUTH,OK,Login/auth/authcheck guard is present.,none,no,no
POST,Alerts,»,\App\Modules\User\Controllers\AlertsController::index,maintenance botBlocker requestLifecycle observability ratelimit throttle sessionRevoked csrf authcheck login,login cspoff sessionTracker requestLifecycle observability jsonException toolbar,USER_AUTH,OK,Login/auth/authcheck guard is present.,none,no,no
POST,Alerts//Trades,»,\App\Modules\User\Controllers\AlertsController::trades,maintenance botBlocker requestLifecycle observability ratelimit throttle sessionRevoked csrf authcheck login,login cspoff sessionTracker requestLifecycle observability jsonException toolbar,USER_AUTH,OK,Login/auth/authcheck guard is present.,none,no,no
POST,Auctions/Create,»,\App\Controllers\AuctionsController::create,maintenance botBlocker requestLifecycle observability ratelimit throttle sessionRevoked csrf authcheck,cspoff sessionTracker requestLifecycle observability jsonException toolbar,USER_AUTH,OK,Login/auth/authcheck guard is present.,none,no,no
POST,Auctions/Bid/([0-9]+),»,\App\Controllers\AuctionsController::bid/$1,maintenance botBlocker requestLifecycle observability ratelimit throttle sessionRevoked csrf authcheck,cspoff sessionTracker requestLifecycle observability jsonException toolbar,USER_AUTH,OK,Login/auth/authcheck guard is present.,none,no,no
POST,Budget/Account-Manager,»,\App\Modules\User\Controllers\BudgetController::accountManager,maintenance botBlocker requestLifecycle observability ratelimit throttle sessionRevoked csrf authcheck login noStore,noStore login cspoff sessionTracker requestLifecycle observability jsonException toolbar,USER_AUTH,OK,Login/auth/authcheck guard is present.,none,no,no
POST,Budget/Add,»,\App\Modules\User\Controllers\BudgetController::add,maintenance botBlocker requestLifecycle observability ratelimit throttle sessionRevoked csrf authcheck login noStore,noStore login cspoff sessionTracker requestLifecycle observability jsonException toolbar,USER_AUTH,OK,Login/auth/authcheck guard is present.,none,no,no
POST,Budget/Add/([^/]+),»,\App\Modules\User\Controllers\BudgetController::add/$1,maintenance botBlocker requestLifecycle observability ratelimit throttle sessionRevoked csrf authcheck login noStore,noStore login cspoff sessionTracker requestLifecycle observability jsonException toolbar,USER_AUTH,OK,Login/auth/authcheck guard is present.,none,no,no
POST,Budget/Approve-Recurring-Schedule/([0-9]+),»,\App\Modules\User\Controllers\BudgetController::approveRecurringSchedule/$1,maintenance botBlocker requestLifecycle observability ratelimit throttle sessionRevoked csrf authcheck login noStore,noStore login cspoff sessionTracker requestLifecycle observability jsonException toolbar,USER_AUTH,OK,Login/auth/authcheck guard is present.,none,no,no
POST,Budget/Cancel-Account/([^/]+),»,\App\Modules\User\Controllers\BudgetController::cancelAccount/$1,maintenance botBlocker requestLifecycle observability ratelimit throttle sessionRevoked csrf authcheck login noStore,noStore login cspoff sessionTracker requestLifecycle observability jsonException toolbar,USER_AUTH,OK,Login/auth/authcheck guard is present.,none,no,no
POST,Budget/Copy,»,\App\Modules\User\Controllers\BudgetController::edit,maintenance botBlocker requestLifecycle observability ratelimit throttle sessionRevoked csrf authcheck login noStore,noStore login cspoff sessionTracker requestLifecycle observability jsonException toolbar,USER_AUTH,OK,Login/auth/authcheck guard is present.,none,no,no
POST,Budget/Copy/([^/]+),»,\App\Modules\User\Controllers\BudgetController::edit/$1,maintenance botBlocker requestLifecycle observability ratelimit throttle sessionRevoked csrf authcheck login noStore,noStore login cspoff sessionTracker requestLifecycle observability jsonException toolbar,USER_AUTH,OK,Login/auth/authcheck guard is present.,none,no,no
POST,Budget/Delete-Account,»,\App\Modules\User\Controllers\BudgetController::deleteAccount,maintenance botBlocker requestLifecycle observability ratelimit throttle sessionRevoked csrf authcheck login noStore,noStore login cspoff sessionTracker requestLifecycle observability jsonException toolbar,USER_AUTH,OK,Login/auth/authcheck guard is present.,none,no,no
POST,Budget/Delete-Account/([^/]+),»,\App\Modules\User\Controllers\BudgetController::deleteAccount/$1,maintenance botBlocker requestLifecycle observability ratelimit throttle sessionRevoked csrf authcheck login noStore,noStore login cspoff sessionTracker requestLifecycle observability jsonException toolbar,USER_AUTH,OK,Login/auth/authcheck guard is present.,none,no,no
POST,Budget/Details,»,\App\Modules\User\Controllers\BudgetController::details,maintenance botBlocker requestLifecycle observability ratelimit throttle sessionRevoked csrf authcheck login noStore,noStore login cspoff sessionTracker requestLifecycle observability jsonException toolbar,USER_AUTH,OK,Login/auth/authcheck guard is present.,none,no,no
POST,Budget/Details/([^/]+),»,\App\Modules\User\Controllers\BudgetController::details/$1,maintenance botBlocker requestLifecycle observability ratelimit throttle sessionRevoked csrf authcheck login noStore,noStore login cspoff sessionTracker requestLifecycle observability jsonException toolbar,USER_AUTH,OK,Login/auth/authcheck guard is present.,none,no,no
POST,Budget/Edit,»,\App\Modules\User\Controllers\BudgetController::edit,maintenance botBlocker requestLifecycle observability ratelimit throttle sessionRevoked csrf authcheck login noStore,noStore login cspoff sessionTracker requestLifecycle observability jsonException toolbar,USER_AUTH,OK,Login/auth/authcheck guard is present.,none,no,no
POST,Budget/Edit/([^/]+),»,\App\Modules\User\Controllers\BudgetController::edit/$1,maintenance botBlocker requestLifecycle observability ratelimit throttle sessionRevoked csrf authcheck login noStore,noStore login cspoff sessionTracker requestLifecycle observability jsonException toolbar,USER_AUTH,OK,Login/auth/authcheck guard is present.,none,no,no
POST,Budget/Edit/([^/]+)/([^/]+),»,\App\Modules\User\Controllers\BudgetController::edit/$1/$2,maintenance botBlocker requestLifecycle observability ratelimit throttle sessionRevoked csrf authcheck login noStore,noStore login cspoff sessionTracker requestLifecycle observability jsonException toolbar,USER_AUTH,OK,Login/auth/authcheck guard is present.,none,no,no
POST,Budget/Expenses,»,\App\Modules\User\Controllers\BudgetController::accountOverview,maintenance botBlocker requestLifecycle observability ratelimit throttle sessionRevoked csrf authcheck login noStore,noStore login cspoff sessionTracker requestLifecycle observability jsonException toolbar,USER_AUTH,OK,Login/auth/authcheck guard is present.,none,no,no
POST,Budget/Financial-Analysis,»,\App\Modules\User\Controllers\BudgetController::financialAnalysis,maintenance botBlocker requestLifecycle observability ratelimit throttle sessionRevoked csrf authcheck login noStore,noStore login cspoff sessionTracker requestLifecycle observability jsonException toolbar,USER_AUTH,OK,Login/auth/authcheck guard is present.,none,no,no
POST,Budget/Financial-Forecaster,»,\App\Modules\User\Controllers\BudgetController::financialForecaster,maintenance botBlocker requestLifecycle observability ratelimit throttle sessionRevoked csrf authcheck login noStore,noStore login cspoff sessionTracker requestLifecycle observability jsonException toolbar,USER_AUTH,OK,Login/auth/authcheck guard is present.,none,no,no
POST,Budget/History,»,\App\Modules\User\Controllers\BudgetController::history,maintenance botBlocker requestLifecycle observability ratelimit throttle sessionRevoked csrf authcheck login noStore,noStore login cspoff sessionTracker requestLifecycle observability jsonException toolbar,USER_AUTH,OK,Login/auth/authcheck guard is present.,none,no,no
POST,Budget/History/([^/]+),»,\App\Modules\User\Controllers\BudgetController::history,maintenance botBlocker requestLifecycle observability ratelimit throttle sessionRevoked csrf authcheck login noStore,noStore login cspoff sessionTracker requestLifecycle observability jsonException toolbar,USER_AUTH,OK,Login/auth/authcheck guard is present.,none,no,no
POST,Budget/Income,»,\App\Modules\User\Controllers\BudgetController::accountOverview,maintenance botBlocker requestLifecycle observability ratelimit throttle sessionRevoked csrf authcheck login noStore,noStore login cspoff sessionTracker requestLifecycle observability jsonException toolbar,USER_AUTH,OK,Login/auth/authcheck guard is present.,none,no,no
POST,Budget/Recurring-Account/Schedule,»,\App\Modules\User\Controllers\BudgetController::recurringSchedule/$1,maintenance botBlocker requestLifecycle observability ratelimit throttle sessionRevoked csrf authcheck login noStore,noStore login cspoff sessionTracker requestLifecycle observability jsonException toolbar,USER_AUTH,OK,Login/auth/authcheck guard is present.,none,no,no
POST,Budget/Recurring-Account/Schedule/([^/]+),»,\App\Modules\User\Controllers\BudgetController::recurringSchedule/$1,maintenance botBlocker requestLifecycle observability ratelimit throttle sessionRevoked csrf authcheck login noStore,noStore login cspoff sessionTracker requestLifecycle observability jsonException toolbar,USER_AUTH,OK,Login/auth/authcheck guard is present.,none,no,no
POST,Budget/Recurring-Account/Edit/([^/]+),»,\App\Modules\User\Controllers\BudgetController::edit/$1,maintenance botBlocker requestLifecycle observability ratelimit throttle sessionRevoked csrf authcheck login noStore,noStore login cspoff sessionTracker requestLifecycle observability jsonException toolbar,USER_AUTH,OK,Login/auth/authcheck guard is present.,none,no,no
POST,Budget/Settings/([^/]+),»,\App\Modules\User\Controllers\BudgetController::settings/$1,maintenance botBlocker requestLifecycle observability ratelimit throttle sessionRevoked csrf authcheck login noStore,noStore login cspoff sessionTracker requestLifecycle observability jsonException toolbar,USER_AUTH,OK,Login/auth/authcheck guard is present.,none,no,no
POST,Budget/Status/Paid/([^/]+),»,\App\Modules\User\Controllers\BudgetController::paid/$1,maintenance botBlocker requestLifecycle observability ratelimit throttle sessionRevoked csrf authcheck login noStore,noStore login cspoff sessionTracker requestLifecycle observability jsonException toolbar,USER_AUTH,OK,Login/auth/authcheck guard is present.,none,no,no
POST,Budget/Status/Unpaid/([^/]+),»,\App\Modules\User\Controllers\BudgetController::unpaid/$1,maintenance botBlocker requestLifecycle observability ratelimit throttle sessionRevoked csrf authcheck login noStore,noStore login cspoff sessionTracker requestLifecycle observability jsonException toolbar,USER_AUTH,OK,Login/auth/authcheck guard is present.,none,no,no
POST,Exchange/DigiByte/fetchFrontendData,»,\App\Modules\Exchange\Controllers\DigiByteController::fetchFrontendData,maintenance botBlocker requestLifecycle observability ratelimit throttle sessionRevoked csrf authcheck login,csrf login cspoff sessionTracker requestLifecycle observability jsonException toolbar,USER_AUTH,OK,Login/auth/authcheck guard is present.,none,no,no
POST,Exchange/DigiByte/provisionDefaultWallet,»,\App\Modules\Exchange\Controllers\DigiByteController::provisionDefaultWallet,maintenance botBlocker requestLifecycle observability ratelimit throttle sessionRevoked csrf authcheck login,csrf login cspoff sessionTracker requestLifecycle observability jsonException toolbar,USER_AUTH,OK,Login/auth/authcheck guard is present.,none,no,no
POST,Exchange/DigiByte/disconnectWallet,»,\App\Modules\Exchange\Controllers\DigiByteController::disconnectWallet,maintenance botBlocker requestLifecycle observability ratelimit throttle sessionRevoked csrf authcheck login,csrf login cspoff sessionTracker requestLifecycle observability jsonException toolbar,USER_AUTH,OK,Login/auth/authcheck guard is present.,none,no,no
POST,Exchange/DigiByte/refreshWallet,»,\App\Modules\Exchange\Controllers\DigiByteController::refreshWallet,maintenance botBlocker requestLifecycle observability ratelimit throttle sessionRevoked csrf authcheck login,csrf login cspoff sessionTracker requestLifecycle observability jsonException toolbar,USER_AUTH,OK,Login/auth/authcheck guard is present.,none,no,no
POST,Exchange/DigiByte/getAssets,»,\App\Modules\Exchange\Controllers\DigiByteController::getAssets,maintenance botBlocker requestLifecycle observability ratelimit throttle sessionRevoked csrf authcheck login,csrf login cspoff sessionTracker requestLifecycle observability jsonException toolbar,USER_AUTH,OK,Login/auth/authcheck guard is present.,none,no,no
POST,Exchange/DigiByte/createWallet,»,\App\Modules\Exchange\Controllers\DigiByteController::createWallet,maintenance botBlocker requestLifecycle observability ratelimit throttle sessionRevoked csrf authcheck login,csrf login cspoff sessionTracker requestLifecycle observability jsonException toolbar,USER_AUTH,OK,Login/auth/authcheck guard is present.,none,no,no
POST,Exchange/DigiByte/connectWallet,»,\App\Modules\Exchange\Controllers\DigiByteController::connectWallet,maintenance botBlocker requestLifecycle observability ratelimit throttle sessionRevoked csrf authcheck login,csrf login cspoff sessionTracker requestLifecycle observability jsonException toolbar,USER_AUTH,OK,Login/auth/authcheck guard is present.,none,no,no
POST,Exchange/MetaMask/connectWallet,»,\App\Modules\Exchange\Controllers\MetaMaskController::connectWallet,maintenance botBlocker requestLifecycle observability ratelimit throttle sessionRevoked csrf authcheck login,login cspoff sessionTracker requestLifecycle observability jsonException toolbar,USER_AUTH,OK,Login/auth/authcheck guard is present.,none,no,no
POST,Exchange/MetaMask/disconnectWallet,»,\App\Modules\Exchange\Controllers\MetaMaskController::disconnectWallet,maintenance botBlocker requestLifecycle observability ratelimit throttle sessionRevoked csrf authcheck login,login cspoff sessionTracker requestLifecycle observability jsonException toolbar,USER_AUTH,OK,Login/auth/authcheck guard is present.,none,no,no
POST,Exchange/MetaMask/refreshWallet,»,\App\Modules\Exchange\Controllers\MetaMaskController::refreshWallet,maintenance botBlocker requestLifecycle observability ratelimit throttle sessionRevoked csrf authcheck login,login cspoff sessionTracker requestLifecycle observability jsonException toolbar,USER_AUTH,OK,Login/auth/authcheck guard is present.,none,no,no
POST,Exchange/MetaMask/getAssets,»,\App\Modules\Exchange\Controllers\MetaMaskController::getAssets,maintenance botBlocker requestLifecycle observability ratelimit throttle sessionRevoked csrf authcheck login,login cspoff sessionTracker requestLifecycle observability jsonException toolbar,USER_AUTH,OK,Login/auth/authcheck guard is present.,none,no,no
POST,Exchange/MetaMask/generateWallet,»,\App\Modules\Exchange\Controllers\MetaMaskController::generateWallet,maintenance botBlocker requestLifecycle observability ratelimit throttle sessionRevoked csrf authcheck login,login cspoff sessionTracker requestLifecycle observability jsonException toolbar,USER_AUTH,OK,Login/auth/authcheck guard is present.,none,no,no
POST,Exchange/MetaMask/signTransaction,»,\App\Modules\Exchange\Controllers\MetaMaskController::signTransaction,maintenance botBlocker requestLifecycle observability ratelimit throttle sessionRevoked csrf authcheck login,login cspoff sessionTracker requestLifecycle observability jsonException toolbar,USER_AUTH,OK,Login/auth/authcheck guard is present.,none,no,no
POST,Exchange/MetaMask/verifySignature,»,\App\Modules\Exchange\Controllers\MetaMaskController::verifySignature,maintenance botBlocker requestLifecycle observability ratelimit throttle sessionRevoked csrf authcheck login,login cspoff sessionTracker requestLifecycle observability jsonException toolbar,USER_AUTH,OK,Login/auth/authcheck guard is present.,none,no,no
POST,Exchange/MetaMask/sendAsset,»,\App\Modules\Exchange\Controllers\MetaMaskController::sendAsset,maintenance botBlocker requestLifecycle observability ratelimit throttle sessionRevoked csrf authcheck login,login cspoff sessionTracker requestLifecycle observability jsonException toolbar,USER_AUTH,OK,Login/auth/authcheck guard is present.,none,no,no
POST,Exchange/MetaMask/getTransactionStatus,»,\App\Modules\Exchange\Controllers\MetaMaskController::getTransactionStatus,maintenance botBlocker requestLifecycle observability ratelimit throttle sessionRevoked csrf authcheck login,login cspoff sessionTracker requestLifecycle observability jsonException toolbar,USER_AUTH,OK,Login/auth/authcheck guard is present.,none,no,no
POST,Exchange/MetaMask/getBalance,»,\App\Modules\Exchange\Controllers\MetaMaskController::getBalance,maintenance botBlocker requestLifecycle observability ratelimit throttle sessionRevoked csrf authcheck login,login cspoff sessionTracker requestLifecycle observability jsonException toolbar,USER_AUTH,OK,Login/auth/authcheck guard is present.,none,no,no
POST,Exchange/MetaMask/validateAddress,»,\App\Modules\Exchange\Controllers\MetaMaskController::validateAddress,maintenance botBlocker requestLifecycle observability ratelimit throttle sessionRevoked csrf authcheck login,login cspoff sessionTracker requestLifecycle observability jsonException toolbar,USER_AUTH,OK,Login/auth/authcheck guard is present.,none,no,no
POST,Exchange/MetaMask/getCurrentBlock,»,\App\Modules\Exchange\Controllers\MetaMaskController::getCurrentBlock,maintenance botBlocker requestLifecycle observability ratelimit throttle sessionRevoked csrf authcheck login,login cspoff sessionTracker requestLifecycle observability jsonException toolbar,USER_AUTH,OK,Login/auth/authcheck guard is present.,none,no,no
POST,Exchange/MetaMask/estimateTransactionFee,»,\App\Modules\Exchange\Controllers\MetaMaskController::estimateTransactionFee,maintenance botBlocker requestLifecycle observability ratelimit throttle sessionRevoked csrf authcheck login,login cspoff sessionTracker requestLifecycle observability jsonException toolbar,USER_AUTH,OK,Login/auth/authcheck guard is present.,none,no,no
POST,Exchange/MetaMask/getNetworkStatus,»,\App\Modules\Exchange\Controllers\MetaMaskController::getNetworkStatus,maintenance botBlocker requestLifecycle observability ratelimit throttle sessionRevoked csrf authcheck login,login cspoff sessionTracker requestLifecycle observability jsonException toolbar,USER_AUTH,OK,Login/auth/authcheck guard is present.,none,no,no
POST,Exchange/MetaMask/deployContract,»,\App\Modules\Exchange\Controllers\MetaMaskController::deployContract,maintenance botBlocker requestLifecycle observability ratelimit throttle sessionRevoked csrf authcheck login,login cspoff sessionTracker requestLifecycle observability jsonException toolbar,USER_AUTH,OK,Login/auth/authcheck guard is present.,none,no,no
POST,Exchange/MetaMask/callContractFunction,»,\App\Modules\Exchange\Controllers\MetaMaskController::callContractFunction,maintenance botBlocker requestLifecycle observability ratelimit throttle sessionRevoked csrf authcheck login,login cspoff sessionTracker requestLifecycle observability jsonException toolbar,USER_AUTH,OK,Login/auth/authcheck guard is present.,none,no,no
POST,Exchange/Solana/Create/Wallet,»,\App\Modules\Exchange\Controllers\SolanaController::create,maintenance botBlocker requestLifecycle observability ratelimit throttle sessionRevoked csrf authcheck login,csrf login cspoff sessionTracker requestLifecycle observability jsonException toolbar,USER_AUTH,OK,Login/auth/authcheck guard is present.,none,no,no
POST,Exchange/Solana/createSolanaWallet,»,\App\Modules\Exchange\Controllers\SolanaController::createSolanaWallet,maintenance botBlocker requestLifecycle observability ratelimit throttle sessionRevoked csrf authcheck login,csrf login cspoff sessionTracker requestLifecycle observability jsonException toolbar,USER_AUTH,OK,Login/auth/authcheck guard is present.,none,no,no
POST,Exchange/Solana/fetchFrontendData,»,\App\Modules\Exchange\Controllers\SolanaController::fetchFrontendData,maintenance botBlocker requestLifecycle observability ratelimit throttle sessionRevoked csrf authcheck login,csrf login cspoff sessionTracker requestLifecycle observability jsonException toolbar,USER_AUTH,OK,Login/auth/authcheck guard is present.,none,no,no
POST,Exchange/Solana/provisionDefaultWallet,»,\App\Modules\Exchange\Controllers\SolanaController::provisionDefaultWallet,maintenance botBlocker requestLifecycle observability ratelimit throttle sessionRevoked csrf authcheck login,csrf login cspoff sessionTracker requestLifecycle observability jsonException toolbar,USER_AUTH,OK,Login/auth/authcheck guard is present.,none,no,no
POST,Exchange/Solana/Import/Wallet,»,\App\Modules\Exchange\Controllers\SolanaController::importWallet,maintenance botBlocker requestLifecycle observability ratelimit throttle sessionRevoked csrf authcheck login,csrf login cspoff sessionTracker requestLifecycle observability jsonException toolbar,USER_AUTH,OK,Login/auth/authcheck guard is present.,none,no,no
POST,Exchange/Solana/updatePrices,»,\App\Modules\Exchange\Controllers\SolanaController::updateSolanaPrices,maintenance botBlocker requestLifecycle observability ratelimit throttle sessionRevoked csrf authcheck login,csrf login cspoff sessionTracker requestLifecycle observability jsonException toolbar,USER_AUTH,OK,Login/auth/authcheck guard is present.,none,no,no
POST,Exchange/Solana/updateTokens,»,\App\Modules\Exchange\Controllers\SolanaController::updateSolanaTokens,maintenance botBlocker requestLifecycle observability ratelimit throttle sessionRevoked csrf authcheck login,csrf login cspoff sessionTracker requestLifecycle observability jsonException toolbar,USER_AUTH,OK,Login/auth/authcheck guard is present.,none,no,no
POST,Exchange/Solana/Wallet/Verify-Ownership,»,\App\Modules\Exchange\Controllers\SolanaController::verifyWalletOwnership,maintenance botBlocker requestLifecycle observability ratelimit throttle sessionRevoked csrf authcheck login,csrf login cspoff sessionTracker requestLifecycle observability jsonException toolbar,USER_AUTH,OK,Login/auth/authcheck guard is present.,none,no,no
POST,Exchange/Solana/Wallet/Execute-Swap,»,\App\Modules\Exchange\Controllers\SolanaController::executeSwap,maintenance botBlocker requestLifecycle observability ratelimit throttle sessionRevoked csrf authcheck login,csrf login cspoff sessionTracker requestLifecycle observability jsonException toolbar,USER_AUTH,OK,Login/auth/authcheck guard is present.,none,no,no
POST,Exchange/Solana/Wallet/ViewAssets,»,\App\Modules\Exchange\Controllers\SolanaController::viewAssets,maintenance botBlocker requestLifecycle observability ratelimit throttle sessionRevoked csrf authcheck login,csrf login cspoff sessionTracker requestLifecycle observability jsonException toolbar,USER_AUTH,OK,Login/auth/authcheck guard is present.,none,no,no
POST,Exchange/Solana/Wallet/Connect,mymi-solana-connect-wallet,\App\Modules\Exchange\Controllers\SolanaController::connectWallet,maintenance botBlocker requestLifecycle observability ratelimit throttle sessionRevoked csrf authcheck login,csrf login cspoff sessionTracker requestLifecycle observability jsonException toolbar,USER_AUTH,OK,Login/auth/authcheck guard is present.,none,no,no
POST,Exchange/Solana/Wallet/Disconnect,mymi-solana-disconnect-wallet,\App\Modules\Exchange\Controllers\SolanaController::disconnectWallet,maintenance botBlocker requestLifecycle observability ratelimit throttle sessionRevoked csrf authcheck login,csrf login cspoff sessionTracker requestLifecycle observability jsonException toolbar,USER_AUTH,OK,Login/auth/authcheck guard is present.,none,no,no
POST,Exchange/Solana/Wallet/Refresh,mymi-solana-refresh-wallet,\App\Modules\Exchange\Controllers\SolanaController::refreshWallet,maintenance botBlocker requestLifecycle observability ratelimit throttle sessionRevoked csrf authcheck login,csrf login cspoff sessionTracker requestLifecycle observability jsonException toolbar,USER_AUTH,OK,Login/auth/authcheck guard is present.,none,no,no
POST,Exchange/Wallet/Connect/MetaMask,connect-wallet-metamask,\App\Modules\Exchange\Controllers\SolanaController::connectWallet,maintenance botBlocker requestLifecycle observability ratelimit throttle sessionRevoked csrf authcheck login,csrf login cspoff sessionTracker requestLifecycle observability jsonException toolbar,USER_AUTH,OK,Login/auth/authcheck guard is present.,none,no,no
POST,Exchange/Wallet/Disconnect/MetaMask,disconnect-wallet-metamask,\App\Modules\Exchange\Controllers\SolanaController::disconnectWallet,maintenance botBlocker requestLifecycle observability ratelimit throttle sessionRevoked csrf authcheck login,csrf login cspoff sessionTracker requestLifecycle observability jsonException toolbar,USER_AUTH,OK,Login/auth/authcheck guard is present.,none,no,no
POST,Exchange/Wallet/Refresh/MetaMask,refresh-wallet-metamask,\App\Modules\Exchange\Controllers\SolanaController::refreshWallet,maintenance botBlocker requestLifecycle observability ratelimit throttle sessionRevoked csrf authcheck login,csrf login cspoff sessionTracker requestLifecycle observability jsonException toolbar,USER_AUTH,OK,Login/auth/authcheck guard is present.,none,no,no
POST,Exchange/Wallet/Connect/Solflare,connect-wallet-solflare,\App\Modules\Exchange\Controllers\SolanaController::connectWallet,maintenance botBlocker requestLifecycle observability ratelimit throttle sessionRevoked csrf authcheck login,csrf login cspoff sessionTracker requestLifecycle observability jsonException toolbar,USER_AUTH,OK,Login/auth/authcheck guard is present.,none,no,no
POST,Exchange/Wallet/Disconnect/Solflare,disconnect-wallet-solflare,\App\Modules\Exchange\Controllers\SolanaController::disconnectWallet,maintenance botBlocker requestLifecycle observability ratelimit throttle sessionRevoked csrf authcheck login,csrf login cspoff sessionTracker requestLifecycle observability jsonException toolbar,USER_AUTH,OK,Login/auth/authcheck guard is present.,none,no,no
POST,Exchange/Wallet/Refresh/Solflare,refresh-wallet-solflare,\App\Modules\Exchange\Controllers\SolanaController::refreshWallet,maintenance botBlocker requestLifecycle observability ratelimit throttle sessionRevoked csrf authcheck login,csrf login cspoff sessionTracker requestLifecycle observability jsonException toolbar,USER_AUTH,OK,Login/auth/authcheck guard is present.,none,no,no
POST,Exchange/Wallet/Connect/Phantom,connect-wallet-phantom,\App\Modules\Exchange\Controllers\SolanaController::connectWallet,maintenance botBlocker requestLifecycle observability ratelimit throttle sessionRevoked csrf authcheck login,csrf login cspoff sessionTracker requestLifecycle observability jsonException toolbar,USER_AUTH,OK,Login/auth/authcheck guard is present.,none,no,no
POST,Exchange/Wallet/Disconnect/Phantom,disconnect-wallet-phantom,\App\Modules\Exchange\Controllers\SolanaController::disconnectWallet,maintenance botBlocker requestLifecycle observability ratelimit throttle sessionRevoked csrf authcheck login,csrf login cspoff sessionTracker requestLifecycle observability jsonException toolbar,USER_AUTH,OK,Login/auth/authcheck guard is present.,none,no,no
POST,Exchange/Wallet/Refresh/Phantom,refresh-wallet-phantom,\App\Modules\Exchange\Controllers\SolanaController::refreshWallet,maintenance botBlocker requestLifecycle observability ratelimit throttle sessionRevoked csrf authcheck login,csrf login cspoff sessionTracker requestLifecycle observability jsonException toolbar,USER_AUTH,OK,Login/auth/authcheck guard is present.,none,no,no
POST,Exchange/Wallet/Connect/TrustWallet,connect-wallet-trustwallet,\App\Modules\Exchange\Controllers\SolanaController::connectWallet,maintenance botBlocker requestLifecycle observability ratelimit throttle sessionRevoked csrf authcheck login,csrf login cspoff sessionTracker requestLifecycle observability jsonException toolbar,USER_AUTH,OK,Login/auth/authcheck guard is present.,none,no,no
POST,Exchange/Wallet/Disconnect/TrustWallet,disconnect-wallet-trustwallet,\App\Modules\Exchange\Controllers\SolanaController::disconnectWallet,maintenance botBlocker requestLifecycle observability ratelimit throttle sessionRevoked csrf authcheck login,csrf login cspoff sessionTracker requestLifecycle observability jsonException toolbar,USER_AUTH,OK,Login/auth/authcheck guard is present.,none,no,no
POST,Exchange/Wallet/Refresh/TrustWallet,refresh-wallet-trustwallet,\App\Modules\Exchange\Controllers\SolanaController::refreshWallet,maintenance botBlocker requestLifecycle observability ratelimit throttle sessionRevoked csrf authcheck login,csrf login cspoff sessionTracker requestLifecycle observability jsonException toolbar,USER_AUTH,OK,Login/auth/authcheck guard is present.,none,no,no
POST,Institutes,»,\App\Modules\User\Controllers\InstitutesController::index,maintenance botBlocker requestLifecycle observability ratelimit throttle sessionRevoked csrf authcheck login,login cspoff sessionTracker requestLifecycle observability jsonException toolbar,USER_AUTH,OK,Login/auth/authcheck guard is present.,none,no,no
POST,My-Investments,»,\App\Modules\User\Controllers\InvestmentsController::index,maintenance botBlocker requestLifecycle observability ratelimit throttle sessionRevoked csrf authcheck login,login cspoff sessionTracker requestLifecycle observability jsonException toolbar,USER_AUTH,OK,Login/auth/authcheck guard is present.,none,no,no
POST,My-Trades,»,\App\Modules\User\Controllers\InvestmentsController::index,maintenance botBlocker requestLifecycle observability ratelimit throttle sessionRevoked csrf authcheck login,login cspoff sessionTracker requestLifecycle observability jsonException toolbar,USER_AUTH,OK,Login/auth/authcheck guard is present.,none,no,no
POST,Investments,»,\App\Modules\User\Controllers\InvestmentsController::index,maintenance botBlocker requestLifecycle observability ratelimit throttle sessionRevoked csrf authcheck login,login cspoff sessionTracker requestLifecycle observability jsonException toolbar,USER_AUTH,OK,Login/auth/authcheck guard is present.,none,no,no
POST,Investments/Account-Manager,»,\App\Modules\User\Controllers\InvestmentsController::accountManager,maintenance botBlocker requestLifecycle observability ratelimit throttle sessionRevoked csrf authcheck login,login cspoff sessionTracker requestLifecycle observability jsonException toolbar,USER_AUTH,OK,Login/auth/authcheck guard is present.,none,no,no
POST,Investments/Add,»,\App\Modules\User\Controllers\InvestmentsController::add,maintenance botBlocker requestLifecycle observability ratelimit throttle sessionRevoked csrf authcheck login,login cspoff sessionTracker requestLifecycle observability jsonException toolbar,USER_AUTH,OK,Login/auth/authcheck guard is present.,none,no,no
POST,Investments/Add/([^/]+),»,\App\Modules\User\Controllers\InvestmentsController::add,maintenance botBlocker requestLifecycle observability ratelimit throttle sessionRevoked csrf authcheck login,login cspoff sessionTracker requestLifecycle observability jsonException toolbar,USER_AUTH,OK,Login/auth/authcheck guard is present.,none,no,no
POST,Investments/Autosave,»,\App\Modules\User\Controllers\InvestmentsController::autoSave,maintenance botBlocker requestLifecycle observability ratelimit throttle sessionRevoked csrf authcheck login,login cspoff sessionTracker requestLifecycle observability jsonException toolbar,USER_AUTH,OK,Login/auth/authcheck guard is present.,none,no,no
POST,Investments/Overview,»,\App\Modules\User\Controllers\InvestmentsController::overview,maintenance botBlocker requestLifecycle observability ratelimit throttle sessionRevoked csrf authcheck login,login cspoff sessionTracker requestLifecycle observability jsonException toolbar,USER_AUTH,OK,Login/auth/authcheck guard is present.,none,no,no
POST,Investments/Retirement,»,\App\Modules\User\Controllers\InvestmentsController::retirement,maintenance botBlocker requestLifecycle observability ratelimit throttle sessionRevoked csrf authcheck login,login cspoff sessionTracker requestLifecycle observability jsonException toolbar,USER_AUTH,OK,Login/auth/authcheck guard is present.,none,no,no
POST,Investments/Save,»,\App\Modules\User\Controllers\InvestmentsController::save,maintenance botBlocker requestLifecycle observability ratelimit throttle sessionRevoked csrf authcheck login,login cspoff sessionTracker requestLifecycle observability jsonException toolbar,USER_AUTH,OK,Login/auth/authcheck guard is present.,none,no,no
POST,Investments/Services,»,\App\Modules\User\Controllers\InvestmentsController::services,maintenance botBlocker requestLifecycle observability ratelimit throttle sessionRevoked csrf authcheck login,login cspoff sessionTracker requestLifecycle observability jsonException toolbar,USER_AUTH,OK,Login/auth/authcheck guard is present.,none,no,no
POST,Investments/Squeezes,»,\App\Modules\User\Controllers\InvestmentsController::squeezes,maintenance botBlocker requestLifecycle observability ratelimit throttle sessionRevoked csrf authcheck login,login cspoff sessionTracker requestLifecycle observability jsonException toolbar,USER_AUTH,OK,Login/auth/authcheck guard is present.,none,no,no
POST,Investments/Test,»,\App\Modules\User\Controllers\InvestmentsController::test,maintenance botBlocker requestLifecycle observability ratelimit throttle sessionRevoked csrf authcheck login,login cspoff sessionTracker requestLifecycle observability jsonException toolbar,USER_AUTH,OK,Login/auth/authcheck guard is present.,none,no,no
POST,Investments/Watchlist,»,\App\Modules\User\Controllers\InvestmentsController::watchlist,maintenance botBlocker requestLifecycle observability ratelimit throttle sessionRevoked csrf authcheck login,login cspoff sessionTracker requestLifecycle observability jsonException toolbar,USER_AUTH,OK,Login/auth/authcheck guard is present.,none,no,no
POST,Investments/Strategies,»,\App\Modules\User\Controllers\InvestmentController::createStrategy,maintenance botBlocker requestLifecycle observability ratelimit throttle sessionRevoked csrf authcheck login,login cspoff sessionTracker requestLifecycle observability jsonException toolbar,USER_AUTH,OK,Login/auth/authcheck guard is present.,none,no,no
POST,Investments/Goals,»,\App\Modules\User\Controllers\InvestmentController::createGoal,maintenance botBlocker requestLifecycle observability ratelimit throttle sessionRevoked csrf authcheck login,login cspoff sessionTracker requestLifecycle observability jsonException toolbar,USER_AUTH,OK,Login/auth/authcheck guard is present.,none,no,no
POST,Predictions/PlaceOrder,»,\App\Modules\User\Controllers\PredictionsController::placeOrder,maintenance botBlocker requestLifecycle observability ratelimit throttle sessionRevoked csrf authcheck,cspoff sessionTracker requestLifecycle observability jsonException toolbar,USER_AUTH,OK,Login/auth/authcheck guard is present.,none,no,no
POST,Predictions/CancelOrder,»,\App\Modules\User\Controllers\PredictionsController::cancelOrder,maintenance botBlocker requestLifecycle observability ratelimit throttle sessionRevoked csrf authcheck,cspoff sessionTracker requestLifecycle observability jsonException toolbar,USER_AUTH,OK,Login/auth/authcheck guard is present.,none,no,no
POST,Projects/Commit/([0-9]+),»,\App\Modules\User\Controllers\ProjectsController::commit/$1,maintenance botBlocker requestLifecycle observability ratelimit throttle sessionRevoked csrf authcheck,cspoff sessionTracker requestLifecycle observability jsonException toolbar,USER_AUTH,OK,Login/auth/authcheck guard is present.,none,no,no
POST,Projects/Withdraw-Commit/([0-9]+),»,\App\Modules\User\Controllers\ProjectsController::withdrawCommit/$1,maintenance botBlocker requestLifecycle observability ratelimit throttle sessionRevoked csrf authcheck,cspoff sessionTracker requestLifecycle observability jsonException toolbar,USER_AUTH,OK,Login/auth/authcheck guard is present.,none,no,no
POST,Projects/Request-Monthly-Withdrawal/([0-9]+),»,\App\Modules\User\Controllers\ProjectsController::requestMonthlyWithdrawal/$1,maintenance botBlocker requestLifecycle observability ratelimit throttle sessionRevoked csrf authcheck,cspoff sessionTracker requestLifecycle observability jsonException toolbar,USER_AUTH,OK,Login/auth/authcheck guard is present.,none,no,no
POST,Projects/Accept-Private-Allocation/([0-9]+),»,\App\Modules\User\Controllers\ProjectsController::acceptPrivateAllocation/$1,maintenance botBlocker requestLifecycle observability ratelimit throttle sessionRevoked csrf authcheck,cspoff sessionTracker requestLifecycle observability jsonException toolbar,USER_AUTH,OK,Login/auth/authcheck guard is present.,none,no,no
POST,Projects/PurchaseFundUnits,»,\App\Modules\User\Controllers\ProjectsController::purchaseFundUnits,maintenance botBlocker requestLifecycle observability ratelimit throttle sessionRevoked csrf authcheck,cspoff sessionTracker requestLifecycle observability jsonException toolbar,USER_AUTH,OK,Login/auth/authcheck guard is present.,none,no,no
POST,ScriptStudio/Store,»,\App\Modules\ScriptStudio\Controllers\ScriptStudioController::store,maintenance botBlocker requestLifecycle observability ratelimit throttle sessionRevoked csrf authcheck,cspoff sessionTracker requestLifecycle observability jsonException toolbar,USER_AUTH,OK,Login/auth/authcheck guard is present.,none,no,no
POST,ScriptStudio/Update/([0-9]+),»,\App\Modules\ScriptStudio\Controllers\ScriptStudioController::update/$1,maintenance botBlocker requestLifecycle observability ratelimit throttle sessionRevoked csrf authcheck,cspoff sessionTracker requestLifecycle observability jsonException toolbar,USER_AUTH,OK,Login/auth/authcheck guard is present.,none,no,no
POST,API/management/run-cron-tasks,»,\App\Modules\APIs\Controllers\ManagementAPIController::Run_CRON_Tasks,botBlocker requestLifecycle observability ratelimit throttle sessionRevoked cronKey,cronKey cspoff sessionTracker requestLifecycle observability jsonException toolbar,INTERNAL,OK,Internal token or cron key guard is present.,none,no,no
POST,Support/resendActivation,»,\App\Modules\Support\Controllers\AccountSupportController::resendActivation,botBlocker requestLifecycle observability ratelimit throttle sessionRevoked csrf,cspoff sessionTracker requestLifecycle observability jsonException toolbar,USER_AUTH,MISSING_GUARD,Product/user route pattern detected but no user auth guard was recognized.,add_or_confirm_login_authcheck_guard,no,no
POST,Support/sendPasswordReset,»,\App\Modules\Support\Controllers\AccountSupportController::sendPasswordReset,botBlocker requestLifecycle observability ratelimit throttle sessionRevoked csrf,cspoff sessionTracker requestLifecycle observability jsonException toolbar,USER_AUTH,MISSING_GUARD,Product/user route pattern detected but no user auth guard was recognized.,add_or_confirm_login_authcheck_guard,no,no
POST,My-Referrals,»,\App\Modules\User\Controllers\ReferralController::index,maintenance botBlocker requestLifecycle observability ratelimit throttle sessionRevoked csrf authcheck login,login cspoff sessionTracker requestLifecycle observability jsonException toolbar,USER_AUTH,OK,Login/auth/authcheck guard is present.,none,no,no
POST,Referrals,»,\App\Modules\User\Controllers\ReferralController::index,maintenance botBlocker requestLifecycle observability ratelimit throttle sessionRevoked csrf authcheck login,login cspoff sessionTracker requestLifecycle observability jsonException toolbar,USER_AUTH,OK,Login/auth/authcheck guard is present.,none,no,no
POST,Referrals/Create,»,\App\Modules\User\Controllers\ReferralController::create,maintenance botBlocker requestLifecycle observability ratelimit throttle sessionRevoked csrf authcheck login,login cspoff sessionTracker requestLifecycle observability jsonException toolbar,USER_AUTH,OK,Login/auth/authcheck guard is present.,none,no,no
POST,Referrals/sendReferralEmail,»,\App\Modules\User\Controllers\ReferralController::sendReferralEmail,maintenance botBlocker requestLifecycle observability ratelimit throttle sessionRevoked csrf authcheck login,login cspoff sessionTracker requestLifecycle observability jsonException toolbar,USER_AUTH,OK,Login/auth/authcheck guard is present.,none,no,no
POST,Wallets/All,wallets.all,\App\Modules\User\Controllers\WalletsController::all,maintenance botBlocker requestLifecycle observability ratelimit throttle sessionRevoked csrf authcheck login noStore,noStore login cspoff sessionTracker requestLifecycle observability jsonException toolbar,USER_AUTH,OK,Login/auth/authcheck guard is present.,none,no,no
POST,Wallets/Account-Manager,wallets.account-manager,\App\Modules\User\Controllers\WalletsController::accountManager,maintenance botBlocker requestLifecycle observability ratelimit throttle sessionRevoked csrf authcheck login noStore,noStore login cspoff sessionTracker requestLifecycle observability jsonException toolbar,USER_AUTH,OK,Login/auth/authcheck guard is present.,none,no,no
POST,Wallets/Add,wallets.add,\App\Modules\User\Controllers\WalletsController::add,maintenance botBlocker requestLifecycle observability ratelimit throttle sessionRevoked csrf authcheck login noStore,noStore login cspoff sessionTracker requestLifecycle observability jsonException toolbar,USER_AUTH,OK,Login/auth/authcheck guard is present.,none,no,no
POST,Wallets/Add/([^/]+),wallets.add.segment,\App\Modules\User\Controllers\WalletsController::add/$1,maintenance botBlocker requestLifecycle observability ratelimit throttle sessionRevoked csrf authcheck login noStore,noStore login cspoff sessionTracker requestLifecycle observability jsonException toolbar,USER_AUTH,OK,Login/auth/authcheck guard is present.,none,no,no
POST,Wallets/Add/([^/]+)/([^/]+),wallets.add.segment.segment,\App\Modules\User\Controllers\WalletsController::addFetch/$1/$2,maintenance botBlocker requestLifecycle observability ratelimit throttle sessionRevoked csrf authcheck login noStore,noStore login cspoff sessionTracker requestLifecycle observability jsonException toolbar,USER_AUTH,OK,Login/auth/authcheck guard is present.,none,no,no
POST,Wallets/Add/Bank-Account,wallets.add.bank-account,\App\Modules\User\Controllers\WalletsController::createBankeAccount,maintenance botBlocker requestLifecycle observability ratelimit throttle sessionRevoked csrf authcheck login noStore,noStore login cspoff sessionTracker requestLifecycle observability jsonException toolbar,USER_AUTH,OK,Login/auth/authcheck guard is present.,none,no,no
POST,Wallets/Attach-Account,wallets.attach-account,\App\Modules\User\Controllers\WalletsController::attachAccount,maintenance botBlocker requestLifecycle observability ratelimit throttle sessionRevoked csrf authcheck login noStore,noStore login cspoff sessionTracker requestLifecycle observability jsonException toolbar,USER_AUTH,OK,Login/auth/authcheck guard is present.,none,no,no
POST,Wallets/Attach-Account/([^/]+)/([^/]+)/([^/]+),wallets.attach-account.segment.segment.segment,\App\Modules\User\Controllers\WalletsController::attachAccount/$1/$2/$3,maintenance botBlocker requestLifecycle observability ratelimit throttle sessionRevoked csrf authcheck login noStore,noStore login cspoff sessionTracker requestLifecycle observability jsonException toolbar,USER_AUTH,OK,Login/auth/authcheck guard is present.,none,no,no
POST,Wallets/Bank,wallets.bank,\App\Modules\User\Controllers\WalletsController::bank,maintenance botBlocker requestLifecycle observability ratelimit throttle sessionRevoked csrf authcheck login noStore,noStore login cspoff sessionTracker requestLifecycle observability jsonException toolbar,USER_AUTH,OK,Login/auth/authcheck guard is present.,none,no,no
POST,Wallets/Banking,wallets.banking,\App\Modules\User\Controllers\WalletsController::banking,maintenance botBlocker requestLifecycle observability ratelimit throttle sessionRevoked csrf authcheck login noStore,noStore login cspoff sessionTracker requestLifecycle observability jsonException toolbar,USER_AUTH,OK,Login/auth/authcheck guard is present.,none,no,no
POST,Wallets/Banking/Add/Account/([^/]+),wallets.banking.add.account.segment,\App\Modules\User\Controllers\WalletsController::add,maintenance botBlocker requestLifecycle observability ratelimit throttle sessionRevoked csrf authcheck login noStore,noStore login cspoff sessionTracker requestLifecycle observability jsonException toolbar,USER_AUTH,OK,Login/auth/authcheck guard is present.,none,no,no
POST,Wallets/Banking/([^/]+),wallets.banking.segment,\App\Modules\User\Controllers\WalletsController::addAccount,maintenance botBlocker requestLifecycle observability ratelimit throttle sessionRevoked csrf authcheck login noStore,noStore login cspoff sessionTracker requestLifecycle observability jsonException toolbar,USER_AUTH,OK,Login/auth/authcheck guard is present.,none,no,no
POST,Wallets/Banking/Details/([^/]+),wallets.banking.details.segment,\App\Modules\User\Controllers\WalletsController::details/$1,maintenance botBlocker requestLifecycle observability ratelimit throttle sessionRevoked csrf authcheck login noStore,noStore login cspoff sessionTracker requestLifecycle observability jsonException toolbar,USER_AUTH,OK,Login/auth/authcheck guard is present.,none,no,no
POST,Wallets/Credit/Details/([^/]+),wallets.credit.details.segment,\App\Modules\User\Controllers\WalletsController::details/$1,maintenance botBlocker requestLifecycle observability ratelimit throttle sessionRevoked csrf authcheck login noStore,noStore login cspoff sessionTracker requestLifecycle observability jsonException toolbar,USER_AUTH,OK,Login/auth/authcheck guard is present.,none,no,no
POST,Wallets/Debt/Details/([^/]+),wallets.debt.details.segment,\App\Modules\User\Controllers\WalletsController::details/$1,maintenance botBlocker requestLifecycle observability ratelimit throttle sessionRevoked csrf authcheck login noStore,noStore login cspoff sessionTracker requestLifecycle observability jsonException toolbar,USER_AUTH,OK,Login/auth/authcheck guard is present.,none,no,no
POST,Wallets/Investment/Details/([^/]+),wallets.investment.details.segment,\App\Modules\User\Controllers\WalletsController::details/$1,maintenance botBlocker requestLifecycle observability ratelimit throttle sessionRevoked csrf authcheck login noStore,noStore login cspoff sessionTracker requestLifecycle observability jsonException toolbar,USER_AUTH,OK,Login/auth/authcheck guard is present.,none,no,no
POST,Wallets/Crypto/Details/([^/]+),wallets.crypto.details.segment,\App\Modules\User\Controllers\WalletsController::details/$1,maintenance botBlocker requestLifecycle observability ratelimit throttle sessionRevoked csrf authcheck login noStore,noStore login cspoff sessionTracker requestLifecycle observability jsonException toolbar,USER_AUTH,OK,Login/auth/authcheck guard is present.,none,no,no
POST,Wallets/Delete/([^/]+)/([^/]+),wallets.delete.type.id,\App\Modules\User\Controllers\WalletsController::delete/$1/$2,maintenance botBlocker requestLifecycle observability ratelimit throttle sessionRevoked csrf authcheck login noStore,noStore login cspoff sessionTracker requestLifecycle observability jsonException toolbar,USER_AUTH,OK,Login/auth/authcheck guard is present.,none,no,no
POST,Wallets/Banking/Edit/Account/([^/]+),wallets.banking.edit.account.segment,\App\Modules\User\Controllers\WalletsController::editBankAccount/$1,maintenance botBlocker requestLifecycle observability ratelimit throttle sessionRevoked csrf authcheck login noStore,noStore login cspoff sessionTracker requestLifecycle observability jsonException toolbar,USER_AUTH,OK,Login/auth/authcheck guard is present.,none,no,no
POST,Wallets/Checking,wallets.checking,\App\Modules\User\Controllers\WalletsController::checking,maintenance botBlocker requestLifecycle observability ratelimit throttle sessionRevoked csrf authcheck login noStore,noStore login cspoff sessionTracker requestLifecycle observability jsonException toolbar,USER_AUTH,OK,Login/auth/authcheck guard is present.,none,no,no
POST,Wallets/Credit/Edit/Account/([^/]+),»,\App\Modules\User\Controllers\WalletsController::editCreditAccount/$1,maintenance botBlocker requestLifecycle observability ratelimit throttle sessionRevoked csrf authcheck login noStore,noStore login cspoff sessionTracker requestLifecycle observability jsonException toolbar,USER_AUTH,OK,Login/auth/authcheck guard is present.,none,no,no
POST,Wallets/Crypto,wallets.crypto,\App\Modules\User\Controllers\WalletsController::crypto,maintenance botBlocker requestLifecycle observability ratelimit throttle sessionRevoked csrf authcheck login noStore,noStore login cspoff sessionTracker requestLifecycle observability jsonException toolbar,USER_AUTH,OK,Login/auth/authcheck guard is present.,none,no,no
POST,Wallets/Create,wallets.create,\App\Modules\User\Controllers\WalletsController::generateWallet,maintenance botBlocker requestLifecycle observability ratelimit throttle sessionRevoked csrf authcheck login noStore,noStore login cspoff sessionTracker requestLifecycle observability jsonException toolbar,USER_AUTH,OK,Login/auth/authcheck guard is present.,none,no,no
POST,Wallets/Credit,wallets.credit,\App\Modules\User\Controllers\WalletsController::index,maintenance botBlocker requestLifecycle observability ratelimit throttle sessionRevoked csrf authcheck login noStore,noStore login cspoff sessionTracker requestLifecycle observability jsonException toolbar,USER_AUTH,OK,Login/auth/authcheck guard is present.,none,no,no
POST,Wallets/Coin-Swap,wallets.coin-swap,\App\Modules\User\Controllers\WalletsController::coinSwap,maintenance botBlocker requestLifecycle observability ratelimit throttle sessionRevoked csrf authcheck login noStore,noStore login cspoff sessionTracker requestLifecycle observability jsonException toolbar,USER_AUTH,OK,Login/auth/authcheck guard is present.,none,no,no
POST,Wallets/Coin-Swap/([^/]+),wallets.coin-swap.segment,\App\Modules\User\Controllers\WalletsController::coinSwap/$1,maintenance botBlocker requestLifecycle observability ratelimit throttle sessionRevoked csrf authcheck login noStore,noStore login cspoff sessionTracker requestLifecycle observability jsonException toolbar,USER_AUTH,OK,Login/auth/authcheck guard is present.,none,no,no
POST,Wallets/Complete/Purchase,wallets.complete.purchase,\App\Modules\User\Controllers\WalletsController::completePurchase,maintenance botBlocker requestLifecycle observability ratelimit throttle sessionRevoked csrf authcheck login noStore,noStore login cspoff sessionTracker requestLifecycle observability jsonException toolbar,USER_AUTH,OK,Login/auth/authcheck guard is present.,none,no,no
POST,Wallets/Confirm-Deposit,wallets.confirm.deposit,\App\Modules\User\Controllers\WalletsController::confirmDeposit,maintenance botBlocker requestLifecycle observability ratelimit throttle sessionRevoked csrf authcheck login noStore,noStore login cspoff sessionTracker requestLifecycle observability jsonException toolbar,USER_AUTH,OK,Login/auth/authcheck guard is present.,none,no,no
POST,Wallets/Debt,wallets.debt,\App\Modules\User\Controllers\WalletsController::debt,maintenance botBlocker requestLifecycle observability ratelimit throttle sessionRevoked csrf authcheck login noStore,noStore login cspoff sessionTracker requestLifecycle observability jsonException toolbar,USER_AUTH,OK,Login/auth/authcheck guard is present.,none,no,no
POST,Wallets/Debt/Edit/Account/([^/]+),wallets.debt.edit.account.segment,\App\Modules\User\Controllers\WalletsController::editDebtAccount/$1,maintenance botBlocker requestLifecycle observability ratelimit throttle sessionRevoked csrf authcheck login noStore,noStore login cspoff sessionTracker requestLifecycle observability jsonException toolbar,USER_AUTH,OK,Login/auth/authcheck guard is present.,none,no,no
POST,Wallets/Deposit,wallets.deposit,\App\Modules\User\Controllers\WalletsController::deposit,maintenance botBlocker requestLifecycle observability ratelimit throttle sessionRevoked csrf authcheck login noStore,noStore login cspoff sessionTracker requestLifecycle observability jsonException toolbar,USER_AUTH,OK,Login/auth/authcheck guard is present.,none,no,no
POST,Wallets/Deposit/Fetch,wallets.deposit.fetch,\App\Modules\User\Controllers\WalletsController::addDepositFetch,maintenance botBlocker requestLifecycle observability ratelimit throttle sessionRevoked csrf authcheck login noStore,noStore login cspoff sessionTracker requestLifecycle observability jsonException toolbar,USER_AUTH,OK,Login/auth/authcheck guard is present.,none,no,no
POST,Wallets/Deposit/Complete,wallets.deposit.complete,\App\Modules\User\Controllers\WalletsController::depositComplete,maintenance botBlocker requestLifecycle observability ratelimit throttle sessionRevoked csrf authcheck login noStore,noStore login cspoff sessionTracker requestLifecycle observability jsonException toolbar,USER_AUTH,OK,Login/auth/authcheck guard is present.,none,no,no
POST,Wallets/Deposit/Complete/([^/]+),wallets.deposit.complete.segment,\App\Modules\User\Controllers\WalletsController::depositComplete/$1,maintenance botBlocker requestLifecycle observability ratelimit throttle sessionRevoked csrf authcheck login noStore,noStore login cspoff sessionTracker requestLifecycle observability jsonException toolbar,USER_AUTH,OK,Login/auth/authcheck guard is present.,none,no,no
POST,Wallets/Deposit/([^/]+),wallets.deposit.segment,\App\Modules\User\Controllers\WalletsController::deposit/$1,maintenance botBlocker requestLifecycle observability ratelimit throttle sessionRevoked csrf authcheck login noStore,noStore login cspoff sessionTracker requestLifecycle observability jsonException toolbar,USER_AUTH,OK,Login/auth/authcheck guard is present.,none,no,no
POST,Wallets/Deposit/Funds,wallets.deposit.funds,\App\Modules\User\Controllers\WalletsController::deposit,maintenance botBlocker requestLifecycle observability ratelimit throttle sessionRevoked csrf authcheck login noStore,noStore login cspoff sessionTracker requestLifecycle observability jsonException toolbar,USER_AUTH,OK,Login/auth/authcheck guard is present.,none,no,no
POST,Wallets/Details,wallets.details,\App\Modules\User\Controllers\WalletsController::details,maintenance botBlocker requestLifecycle observability ratelimit throttle sessionRevoked csrf authcheck login noStore,noStore login cspoff sessionTracker requestLifecycle observability jsonException toolbar,USER_AUTH,OK,Login/auth/authcheck guard is present.,none,no,no
POST,Wallets/Edit,wallets.edit,\App\Modules\User\Controllers\WalletsController::edit,maintenance botBlocker requestLifecycle observability ratelimit throttle sessionRevoked csrf authcheck login noStore,noStore login cspoff sessionTracker requestLifecycle observability jsonException toolbar,USER_AUTH,OK,Login/auth/authcheck guard is present.,none,no,no
POST,Wallets/Edit/([^/]+),wallets.edit.segment,\App\Modules\User\Controllers\WalletsController::edit/$1,maintenance botBlocker requestLifecycle observability ratelimit throttle sessionRevoked csrf authcheck login noStore,noStore login cspoff sessionTracker requestLifecycle observability jsonException toolbar,USER_AUTH,OK,Login/auth/authcheck guard is present.,none,no,no
POST,Wallets/Edit/([^/]+)/([^/]+),wallets.edit.segment.segment,\App\Modules\User\Controllers\WalletsController::edit/$1/$2,maintenance botBlocker requestLifecycle observability ratelimit throttle sessionRevoked csrf authcheck login noStore,noStore login cspoff sessionTracker requestLifecycle observability jsonException toolbar,USER_AUTH,OK,Login/auth/authcheck guard is present.,none,no,no
POST,Wallets/Feature-Manager,wallets.feature-manager,\App\Modules\User\Controllers\WalletsController::featureManager,maintenance botBlocker requestLifecycle observability ratelimit throttle sessionRevoked csrf authcheck login noStore,noStore login cspoff sessionTracker requestLifecycle observability jsonException toolbar,USER_AUTH,OK,Login/auth/authcheck guard is present.,none,no,no
POST,Wallets/Generate-Wallet,wallets.generate-wallet,\App\Modules\User\Controllers\WalletsController::generateWallet,maintenance botBlocker requestLifecycle observability ratelimit throttle sessionRevoked csrf authcheck login noStore,noStore login cspoff sessionTracker requestLifecycle observability jsonException toolbar,USER_AUTH,OK,Login/auth/authcheck guard is present.,none,no,no
POST,Wallets/Investments,wallets.investments,\App\Modules\User\Controllers\WalletsController::investments,maintenance botBlocker requestLifecycle observability ratelimit throttle sessionRevoked csrf authcheck login noStore,noStore login cspoff sessionTracker requestLifecycle observability jsonException toolbar,USER_AUTH,OK,Login/auth/authcheck guard is present.,none,no,no
POST,Wallets/Investment/Edit/Account/([^/]+),wallets.investment.edit,\App\Modules\User\Controllers\WalletsController::editInvestAccount/$1,maintenance botBlocker requestLifecycle observability ratelimit throttle sessionRevoked csrf authcheck login noStore,noStore login cspoff sessionTracker requestLifecycle observability jsonException toolbar,USER_AUTH,OK,Login/auth/authcheck guard is present.,none,no,no
POST,Wallets/Link-Account,wallets.link-account,\App\Modules\User\Controllers\WalletsController::linkAccount,maintenance botBlocker requestLifecycle observability ratelimit throttle sessionRevoked csrf authcheck login noStore,noStore login cspoff sessionTracker requestLifecycle observability jsonException toolbar,USER_AUTH,OK,Login/auth/authcheck guard is present.,none,no,no
POST,Wallets/Link-Account/([^/]+),wallets.link-account.segment,\App\Modules\User\Controllers\WalletsController::linkAccount/$1,maintenance botBlocker requestLifecycle observability ratelimit throttle sessionRevoked csrf authcheck login noStore,noStore login cspoff sessionTracker requestLifecycle observability jsonException toolbar,USER_AUTH,OK,Login/auth/authcheck guard is present.,none,no,no
POST,Wallets/Link-Account/([^/]+)/([^/]+),wallets.link-account.segment.segment,\App\Modules\User\Controllers\WalletsController::linkAccount/$1,maintenance botBlocker requestLifecycle observability ratelimit throttle sessionRevoked csrf authcheck login noStore,noStore login cspoff sessionTracker requestLifecycle observability jsonException toolbar,USER_AUTH,OK,Login/auth/authcheck guard is present.,none,no,no
POST,Wallets/Link-Account/Success,wallets.link-account.success,\App\Modules\User\Controllers\WalletsController::linkAccountSuccess,maintenance botBlocker requestLifecycle observability ratelimit throttle sessionRevoked csrf authcheck login noStore,noStore login cspoff sessionTracker requestLifecycle observability jsonException toolbar,USER_AUTH,OK,Login/auth/authcheck guard is present.,none,no,no
POST,Wallets/Link-Account/Success/([^/]+),wallets.link-account.success.segment,\App\Modules\User\Controllers\WalletsController::linkAccountSuccess/$1,maintenance botBlocker requestLifecycle observability ratelimit throttle sessionRevoked csrf authcheck login noStore,noStore login cspoff sessionTracker requestLifecycle observability jsonException toolbar,USER_AUTH,OK,Login/auth/authcheck guard is present.,none,no,no
POST,Wallets/Manager,wallets.manager,\App\Modules\User\Controllers\WalletsController::walletManager,maintenance botBlocker requestLifecycle observability ratelimit throttle sessionRevoked csrf authcheck login noStore,noStore login cspoff sessionTracker requestLifecycle observability jsonException toolbar,USER_AUTH,OK,Login/auth/authcheck guard is present.,none,no,no
POST,Wallets/Wallets/MyMIGPayPalCallback,»,\App\Modules\User\Controllers\WalletsController::handleMyMIGPayPalCallback,maintenance botBlocker requestLifecycle observability ratelimit throttle sessionRevoked csrf authcheck login noStore,noStore login cspoff sessionTracker requestLifecycle observability jsonException toolbar,USER_AUTH,OK,Login/auth/authcheck guard is present.,none,no,no
POST,Wallets/Purchase,»,\App\Modules\User\Controllers\WalletsController::purchase,maintenance botBlocker requestLifecycle observability ratelimit throttle sessionRevoked csrf authcheck login noStore,noStore login cspoff sessionTracker requestLifecycle observability jsonException toolbar,USER_AUTH,OK,Login/auth/authcheck guard is present.,none,no,no
POST,Wallets/Purchase-Manager,»,\App\Modules\User\Controllers\WalletsController::purchaseManager,maintenance botBlocker requestLifecycle observability ratelimit throttle sessionRevoked csrf authcheck login noStore,noStore login cspoff sessionTracker requestLifecycle observability jsonException toolbar,USER_AUTH,OK,Login/auth/authcheck guard is present.,none,no,no
POST,Wallets/Purchase/([^/]+),»,\App\Modules\User\Controllers\WalletsController::purchase,maintenance botBlocker requestLifecycle observability ratelimit throttle sessionRevoked csrf authcheck login noStore,noStore login cspoff sessionTracker requestLifecycle observability jsonException toolbar,USER_AUTH,OK,Login/auth/authcheck guard is present.,none,no,no
POST,Wallets/Purchase/Memberships/Customize,»,\App\Modules\User\Controllers\WalletsController::customizeMembership,maintenance botBlocker requestLifecycle observability ratelimit throttle sessionRevoked csrf authcheck login noStore,noStore login cspoff sessionTracker requestLifecycle observability jsonException toolbar,USER_AUTH,OK,Login/auth/authcheck guard is present.,none,no,no
POST,Wallets/Purchase/Memberships/Success,»,\App\Modules\User\Controllers\WalletsController::purchaseMembershipSuccess,maintenance botBlocker requestLifecycle observability ratelimit throttle sessionRevoked csrf authcheck login noStore,noStore login cspoff sessionTracker requestLifecycle observability jsonException toolbar,USER_AUTH,OK,Login/auth/authcheck guard is present.,none,no,no
POST,Wallets/Purchase/Memberships/([^/]+),»,\App\Modules\User\Controllers\WalletsController::purchase,maintenance botBlocker requestLifecycle observability ratelimit throttle sessionRevoked csrf authcheck login noStore,noStore login cspoff sessionTracker requestLifecycle observability jsonException toolbar,USER_AUTH,OK,Login/auth/authcheck guard is present.,none,no,no
POST,Wallets/Purchase/Memberships/([^/]+)/([^/]+),»,\App\Modules\User\Controllers\WalletsController::purchase,maintenance botBlocker requestLifecycle observability ratelimit throttle sessionRevoked csrf authcheck login noStore,noStore login cspoff sessionTracker requestLifecycle observability jsonException toolbar,USER_AUTH,OK,Login/auth/authcheck guard is present.,none,no,no
POST,Wallets/Purchase/([^/]+)/Complete,»,\App\Modules\User\Controllers\WalletsController::purchaseComplete,maintenance botBlocker requestLifecycle observability ratelimit throttle sessionRevoked csrf authcheck login noStore,noStore login cspoff sessionTracker requestLifecycle observability jsonException toolbar,USER_AUTH,OK,Login/auth/authcheck guard is present.,none,no,no
POST,Wallets/Purchase/Complete/([^/]+),»,\App\Modules\User\Controllers\WalletsController::purchaseComplete/$1,maintenance botBlocker requestLifecycle observability ratelimit throttle sessionRevoked csrf authcheck login noStore,noStore login cspoff sessionTracker requestLifecycle observability jsonException toolbar,USER_AUTH,OK,Login/auth/authcheck guard is present.,none,no,no
POST,Wallets/Purchase/Complete/([^/]+)/([^/]+),»,\App\Modules\User\Controllers\WalletsController::purchaseComplete/$1/$2,maintenance botBlocker requestLifecycle observability ratelimit throttle sessionRevoked csrf authcheck login noStore,noStore login cspoff sessionTracker requestLifecycle observability jsonException toolbar,USER_AUTH,OK,Login/auth/authcheck guard is present.,none,no,no
POST,Wallets/Purchase/MyMI-Gold,»,\App\Modules\User\Controllers\WalletsController::purchaseMyMIGold,maintenance botBlocker requestLifecycle observability ratelimit throttle sessionRevoked csrf authcheck login noStore,noStore login cspoff sessionTracker requestLifecycle observability jsonException toolbar,USER_AUTH,OK,Login/auth/authcheck guard is present.,none,no,no
POST,Wallets/Purchase/MyMIGold/Security/([^/]+),»,\App\Modules\User\Controllers\WalletsController::securityViolation,maintenance botBlocker requestLifecycle observability ratelimit throttle sessionRevoked csrf authcheck login noStore,noStore login cspoff sessionTracker requestLifecycle observability jsonException toolbar,USER_AUTH,OK,Login/auth/authcheck guard is present.,none,no,no
POST,Wallets/Transfer-Funds,wallets.transfer-funds,\App\Modules\User\Controllers\WalletsController::transferFunds,maintenance botBlocker requestLifecycle observability ratelimit throttle sessionRevoked csrf authcheck login noStore,noStore login cspoff sessionTracker requestLifecycle observability jsonException toolbar,USER_AUTH,OK,Login/auth/authcheck guard is present.,none,no,no
POST,Wallets/Wallet-Generator,wallets.generator,\App\Modules\User\Controllers\WalletsController::walletGenerator,maintenance botBlocker requestLifecycle observability ratelimit throttle sessionRevoked csrf authcheck login noStore,noStore login cspoff sessionTracker requestLifecycle observability jsonException toolbar,USER_AUTH,OK,Login/auth/authcheck guard is present.,none,no,no
POST,Wallets/Wallet-Selection,wallets.selection,\App\Modules\User\Controllers\WalletsController::walletSelections,maintenance botBlocker requestLifecycle observability ratelimit throttle sessionRevoked csrf authcheck login noStore,noStore login cspoff sessionTracker requestLifecycle observability jsonException toolbar,USER_AUTH,OK,Login/auth/authcheck guard is present.,none,no,no
POST,Wallets/Wallet-Transactions,wallets.transactions,\App\Modules\User\Controllers\WalletsController::walletTransaction,maintenance botBlocker requestLifecycle observability ratelimit throttle sessionRevoked csrf authcheck login noStore,noStore login cspoff sessionTracker requestLifecycle observability jsonException toolbar,USER_AUTH,OK,Login/auth/authcheck guard is present.,none,no,no
POST,Wallets/Wallet-Transaction/([^/]+),wallets.transactions.segment,\App\Modules\User\Controllers\WalletsController::walletTransaction/$1,maintenance botBlocker requestLifecycle observability ratelimit throttle sessionRevoked csrf authcheck login noStore,noStore login cspoff sessionTracker requestLifecycle observability jsonException toolbar,USER_AUTH,OK,Login/auth/authcheck guard is present.,none,no,no
POST,Wallets/Withdraw,wallets.withdraw,\App\Modules\User\Controllers\WalletsController::withdraw,maintenance botBlocker requestLifecycle observability ratelimit throttle sessionRevoked csrf authcheck login noStore,noStore login cspoff sessionTracker requestLifecycle observability jsonException toolbar,USER_AUTH,OK,Login/auth/authcheck guard is present.,none,no,no
POST,Wallets/Withdraw/([^/]+),wallets.withdraw.segment,\App\Modules\User\Controllers\WalletsController::withdraw/$1,maintenance botBlocker requestLifecycle observability ratelimit throttle sessionRevoked csrf authcheck login noStore,noStore login cspoff sessionTracker requestLifecycle observability jsonException toolbar,USER_AUTH,OK,Login/auth/authcheck guard is present.,none,no,no
POST,Wallets/Withdraw/Fetch,wallets.withdraw.fetch,\App\Modules\User\Controllers\WalletsController::addWithdrawFetch,maintenance botBlocker requestLifecycle observability ratelimit throttle sessionRevoked csrf authcheck login noStore,noStore login cspoff sessionTracker requestLifecycle observability jsonException toolbar,USER_AUTH,OK,Login/auth/authcheck guard is present.,none,no,no
POST,debug,»,(Closure),maintenance botBlocker requestLifecycle observability ratelimit throttle sessionRevoked csrf authcheck,cspoff sessionTracker requestLifecycle observability jsonException toolbar,DEPRECATED_OR_DISABLED,REVIEW_REQUIRED,Debug/dev/test route should not be launchable without explicit owner approval.,owner_review_before_launch,no,no
POST,API/Bitcoin/buildUnsignedPsbt,»,\App\Modules\APIs\Controllers\App\Modules\APIs\Controllers\BitcoinController::buildUnsignedPsbt,botBlocker requestLifecycle observability ratelimit throttle sessionRevoked,cspoff sessionTracker requestLifecycle observability jsonException toolbar,API_TOKEN,MISSING_GUARD,API route is non-public but no API token/auth/role guard was recognized.,add_or_confirm_api_token_guard,yes,no
POST,API/Bitcoin/broadcastSignedTx,»,\App\Modules\APIs\Controllers\App\Modules\APIs\Controllers\BitcoinController::broadcastSignedTx,botBlocker requestLifecycle observability ratelimit throttle sessionRevoked,cspoff sessionTracker requestLifecycle observability jsonException toolbar,API_TOKEN,MISSING_GUARD,API route is non-public but no API token/auth/role guard was recognized.,add_or_confirm_api_token_guard,yes,no
POST,API/Alerts/processBrokerEmails,»,\App\Modules\APIs\Controllers\AlertsController::processBrokerEmails,botBlocker requestLifecycle observability ratelimit throttle sessionRevoked cronKey,cspoff sessionTracker requestLifecycle observability jsonException toolbar,INTERNAL,OK,Internal token or cron key guard is present.,none,no,no
POST,API/Alerts/processAllEmails,»,\App\Modules\APIs\Controllers\AlertsController::processAllEmails,botBlocker requestLifecycle observability ratelimit throttle sessionRevoked cronKey,cspoff sessionTracker requestLifecycle observability jsonException toolbar,INTERNAL,OK,Internal token or cron key guard is present.,none,no,no
POST,Tax/create,»,\App\Modules\User\Tax\Controllers\Tax::create,maintenance botBlocker requestLifecycle observability ratelimit throttle sessionRevoked csrf authcheck login,login cspoff sessionTracker requestLifecycle observability jsonException toolbar,USER_AUTH,OK,Login/auth/authcheck guard is present.,none,no,no
POST,Tax/ajax/saveLine,»,\App\Modules\User\Tax\Controllers\Tax::ajaxSaveLine,maintenance botBlocker requestLifecycle observability ratelimit throttle sessionRevoked csrf authcheck login,login cspoff sessionTracker requestLifecycle observability jsonException toolbar,USER_AUTH,OK,Login/auth/authcheck guard is present.,none,no,no
POST,Tax/ajax/saveAllocation,»,\App\Modules\User\Tax\Controllers\Tax::ajaxSaveAllocation,maintenance botBlocker requestLifecycle observability ratelimit throttle sessionRevoked csrf authcheck login,login cspoff sessionTracker requestLifecycle observability jsonException toolbar,USER_AUTH,OK,Login/auth/authcheck guard is present.,none,no,no
POST,Admin/Tax/Templates/edit/([0-9]+),»,\App\Modules\Management\TaxAdmin\Controllers\TaxConfig::editTemplate/$1,maintenance botBlocker requestLifecycle observability ratelimit throttle sessionRevoked csrf authcheck login,login cspoff sessionTracker requestLifecycle observability jsonException toolbar,USER_AUTH,OK,Login/auth/authcheck guard is present.,none,no,no
POST,Admin/Tax/Jurisdictions,»,\App\Modules\Management\TaxAdmin\Controllers\TaxConfig::jurisdictions,maintenance botBlocker requestLifecycle observability ratelimit throttle sessionRevoked csrf authcheck login,login cspoff sessionTracker requestLifecycle observability jsonException toolbar,USER_AUTH,OK,Login/auth/authcheck guard is present.,none,no,no
POST,Admin/Tax/Rates/create,»,\App\Modules\Management\TaxAdmin\Controllers\TaxConfig::createRate,maintenance botBlocker requestLifecycle observability ratelimit throttle sessionRevoked csrf authcheck login,login cspoff sessionTracker requestLifecycle observability jsonException toolbar,USER_AUTH,OK,Login/auth/authcheck guard is present.,none,no,no
POST,Admin/Tax/Rates/edit/([0-9]+),»,\App\Modules\Management\TaxAdmin\Controllers\TaxConfig::editRate/$1,maintenance botBlocker requestLifecycle observability ratelimit throttle sessionRevoked csrf authcheck login,login cspoff sessionTracker requestLifecycle observability jsonException toolbar,USER_AUTH,OK,Login/auth/authcheck guard is present.,none,no,no
POST,API/Ops/app/update,»,\App\Modules\APIs\Controllers\App\Modules\Ops\Controllers\OpsController::appUpdate,botBlocker requestLifecycle observability ratelimit throttle sessionRevoked internalToken,internalToken cspoff sessionTracker requestLifecycle observability jsonException toolbar,INTERNAL,OK,Internal token or cron key guard is present.,none,yes,no
POST,API/Ops/public-pages/import,»,\App\Modules\APIs\Controllers\App\Modules\APIs\Controllers\OpsPublicPagesController::import,botBlocker requestLifecycle observability ratelimit throttle sessionRevoked internalToken,internalToken cspoff sessionTracker requestLifecycle observability jsonException toolbar,INTERNAL,OK,Internal token or cron key guard is present.,none,yes,no
POST,API/Ops/public-pages/run,»,\App\Modules\APIs\Controllers\App\Modules\APIs\Controllers\OpsPublicPagesController::run,botBlocker requestLifecycle observability ratelimit throttle sessionRevoked internalToken,internalToken cspoff sessionTracker requestLifecycle observability jsonException toolbar,INTERNAL,OK,Internal token or cron key guard is present.,none,yes,no
POST,API/AiOps/watch,»,\App\Modules\APIs\Controllers\App\Modules\AIOps\Controllers\AIOpsController::watch,botBlocker requestLifecycle observability ratelimit throttle sessionRevoked internalToken,internalToken cspoff sessionTracker requestLifecycle observability jsonException toolbar,INTERNAL,OK,Internal token or cron key guard is present.,none,yes,no
POST,API/ContentEngine/run,»,\App\Modules\APIs\Controllers\App\Modules\ContentEngine\Controllers\ContentEngineController::run,botBlocker requestLifecycle observability ratelimit throttle sessionRevoked internalToken,internalToken cspoff sessionTracker requestLifecycle observability jsonException toolbar,INTERNAL,OK,Internal token or cron key guard is present.,none,yes,no
POST,investments/economy/update_all,»,\App\Modules\User\Controllers\EconomyController::updateAll,maintenance botBlocker requestLifecycle observability ratelimit throttle sessionRevoked csrf authcheck login,cspoff sessionTracker requestLifecycle observability jsonException toolbar,USER_AUTH,OK,Login/auth/authcheck guard is present.,none,no,no
POST,PropFirms/Accounts,»,\App\Modules\PropFirms\Controllers\AccountsController::store,maintenance botBlocker requestLifecycle observability ratelimit throttle sessionRevoked csrf authcheck login noStore,noStore login cspoff sessionTracker requestLifecycle observability jsonException toolbar,USER_AUTH,OK,Login/auth/authcheck guard is present.,none,no,no
POST,PropFirms/Accounts/([0-9]+)/refresh-state,»,\App\Modules\PropFirms\Controllers\AccountsController::refreshState/$1,maintenance botBlocker requestLifecycle observability ratelimit throttle sessionRevoked csrf authcheck login noStore,noStore login cspoff sessionTracker requestLifecycle observability jsonException toolbar,USER_AUTH,OK,Login/auth/authcheck guard is present.,none,no,no
POST,PropFirms/Accounts/([0-9]+)/connect-broker,»,\App\Modules\PropFirms\Controllers\AccountsController::connectBroker/$1,maintenance botBlocker requestLifecycle observability ratelimit throttle sessionRevoked csrf authcheck login noStore,noStore login cspoff sessionTracker requestLifecycle observability jsonException toolbar,USER_AUTH,OK,Login/auth/authcheck guard is present.,none,no,no
POST,PropFirms/Accounts/([0-9]+)/tradovate/connect,»,\App\Modules\PropFirms\Controllers\TradovateController::connect/$1,maintenance botBlocker requestLifecycle observability ratelimit throttle sessionRevoked csrf authcheck login noStore,noStore login cspoff sessionTracker requestLifecycle observability jsonException toolbar,USER_AUTH,OK,Login/auth/authcheck guard is present.,none,no,no
POST,PropFirms/Accounts/([0-9]+)/tradovate/disconnect,»,\App\Modules\PropFirms\Controllers\TradovateController::disconnect/$1,maintenance botBlocker requestLifecycle observability ratelimit throttle sessionRevoked csrf authcheck login noStore,noStore login cspoff sessionTracker requestLifecycle observability jsonException toolbar,USER_AUTH,OK,Login/auth/authcheck guard is present.,none,no,no
POST,PropFirms/Accounts/([0-9]+)/tradovate/sync,»,\App\Modules\PropFirms\Controllers\TradovateController::sync/$1,maintenance botBlocker requestLifecycle observability ratelimit throttle sessionRevoked csrf authcheck login noStore,noStore login cspoff sessionTracker requestLifecycle observability jsonException toolbar,USER_AUTH,OK,Login/auth/authcheck guard is present.,none,no,no
POST,PropFirms/Accounts/([0-9]+)/tradovate/sync-orders,»,\App\Modules\PropFirms\Controllers\TradovateController::syncOrders/$1,maintenance botBlocker requestLifecycle observability ratelimit throttle sessionRevoked csrf authcheck login noStore,noStore login cspoff sessionTracker requestLifecycle observability jsonException toolbar,USER_AUTH,OK,Login/auth/authcheck guard is present.,none,no,no
POST,PropFirms/Accounts/([0-9]+)/tradovate/sync-fills,»,\App\Modules\PropFirms\Controllers\TradovateController::syncFills/$1,maintenance botBlocker requestLifecycle observability ratelimit throttle sessionRevoked csrf authcheck login noStore,noStore login cspoff sessionTracker requestLifecycle observability jsonException toolbar,USER_AUTH,OK,Login/auth/authcheck guard is present.,none,no,no
POST,PropFirms/Accounts/([0-9]+)/tradovate/sync-positions,»,\App\Modules\PropFirms\Controllers\TradovateController::syncPositions/$1,maintenance botBlocker requestLifecycle observability ratelimit throttle sessionRevoked csrf authcheck login noStore,noStore login cspoff sessionTracker requestLifecycle observability jsonException toolbar,USER_AUTH,OK,Login/auth/authcheck guard is present.,none,no,no
POST,PropFirms/Replay/([0-9]+)/save-review,»,\App\Modules\PropFirms\Controllers\ReplayController::saveReview/$1,maintenance botBlocker requestLifecycle observability ratelimit throttle sessionRevoked csrf authcheck login noStore,noStore login cspoff sessionTracker requestLifecycle observability jsonException toolbar,USER_AUTH,OK,Login/auth/authcheck guard is present.,none,no,no
POST,PropFirms/Signals/scan/([0-9]+),»,\App\Modules\PropFirms\Controllers\SignalsController::scan/$1,maintenance botBlocker requestLifecycle observability ratelimit throttle sessionRevoked csrf authcheck login noStore,noStore login cspoff sessionTracker requestLifecycle observability jsonException toolbar,USER_AUTH,OK,Login/auth/authcheck guard is present.,none,no,no
POST,PropFirms/Notifications/([0-9]+)/read,»,\App\Modules\PropFirms\Controllers\NotificationsController::markRead/$1,maintenance botBlocker requestLifecycle observability ratelimit throttle sessionRevoked csrf authcheck login noStore,noStore login cspoff sessionTracker requestLifecycle observability jsonException toolbar,USER_AUTH,OK,Login/auth/authcheck guard is present.,none,no,no
POST,PropFirms/Rules/SeedDefaults,»,\App\Modules\PropFirms\Controllers\PropFirmsController::seedDefaults,maintenance botBlocker requestLifecycle observability ratelimit throttle sessionRevoked csrf authcheck login noStore,noStore login cspoff sessionTracker requestLifecycle observability jsonException toolbar,USER_AUTH,OK,Login/auth/authcheck guard is present.,none,no,no
POST,Management/Marketing/Blogger/generate,»,\App\Controllers\App\Modules\Management\Controllers\Marketing\BloggerController::generate,botBlocker requestLifecycle observability ratelimit throttle sessionRevoked csrf authcheck auth,auth cspoff sessionTracker requestLifecycle observability jsonException toolbar,USER_AUTH,OK,Login/auth/authcheck guard is present.,none,yes,no
POST,Management/Marketing/Blogger/repurpose,»,\App\Controllers\App\Modules\Management\Controllers\Marketing\BloggerController::repurpose,botBlocker requestLifecycle observability ratelimit throttle sessionRevoked csrf authcheck auth,auth cspoff sessionTracker requestLifecycle observability jsonException toolbar,USER_AUTH,OK,Login/auth/authcheck guard is present.,none,yes,no
POST,Management/Marketing/Blogger/schedule,»,\App\Controllers\App\Modules\Management\Controllers\Marketing\BloggerController::schedule,botBlocker requestLifecycle observability ratelimit throttle sessionRevoked csrf authcheck auth,auth cspoff sessionTracker requestLifecycle observability jsonException toolbar,USER_AUTH,OK,Login/auth/authcheck guard is present.,none,yes,no
POST,Management/Marketing/Blogger/save,»,\App\Controllers\App\Modules\Management\Controllers\Marketing\BloggerController::save,botBlocker requestLifecycle observability ratelimit throttle sessionRevoked csrf authcheck auth,auth cspoff sessionTracker requestLifecycle observability jsonException toolbar,USER_AUTH,OK,Login/auth/authcheck guard is present.,none,yes,no
POST,Management/Marketing/Blogs/Backfill-Excerpts,»,\App\Controllers\App\Modules\Management\Controllers\MarketingController::backfillBlogExcerpts,botBlocker requestLifecycle observability ratelimit throttle sessionRevoked csrf authcheck auth,auth cspoff sessionTracker requestLifecycle observability jsonException toolbar,USER_AUTH,OK,Login/auth/authcheck guard is present.,none,yes,no
POST,Management/OpsInbox/create-task-file/([0-9]+),»,\App\Controllers\App\Modules\Management\Controllers\OpsInboxController::createTaskFile/$1,botBlocker requestLifecycle observability ratelimit throttle sessionRevoked csrf authcheck role:admin,role:admin cspoff sessionTracker requestLifecycle observability jsonException toolbar,ADMIN_AUTH,OK,Permission/role guard is present.,none,yes,no
POST,Management/OpsInbox/create-task-registry/([0-9]+),»,\App\Controllers\App\Modules\Management\Controllers\OpsInboxController::createTaskRegistry/$1,botBlocker requestLifecycle observability ratelimit throttle sessionRevoked csrf authcheck role:admin,role:admin cspoff sessionTracker requestLifecycle observability jsonException toolbar,ADMIN_AUTH,OK,Permission/role guard is present.,none,yes,no
POST,Management/OpsInbox/approve/([0-9]+),»,\App\Controllers\App\Modules\Management\Controllers\OpsInboxController::markApproved/$1,botBlocker requestLifecycle observability ratelimit throttle sessionRevoked csrf authcheck role:admin,role:admin cspoff sessionTracker requestLifecycle observability jsonException toolbar,ADMIN_AUTH,OK,Permission/role guard is present.,none,yes,no
POST,Management/OpsInbox/reject/([0-9]+),»,\App\Controllers\App\Modules\Management\Controllers\OpsInboxController::reject/$1,botBlocker requestLifecycle observability ratelimit throttle sessionRevoked csrf authcheck role:admin,role:admin cspoff sessionTracker requestLifecycle observability jsonException toolbar,ADMIN_AUTH,OK,Permission/role guard is present.,none,yes,no
POST,index.php/(.*),»,$1,,,DEPRECATED_OR_DISABLED,REVIEW_REQUIRED,No filters recognized and no safe public classification matched.,owner_review_before_launch,no,yes
POST,index.php,»,/,,,STATEFUL_PUBLIC,MISSING_GUARD,Public lifecycle route changes state but no CSRF guard was recognized.,add_or_confirm_csrf_for_public_lifecycle_route,no,yes
POST,index.php/images/(.*),»,images/$1,,,DEPRECATED_OR_DISABLED,REVIEW_REQUIRED,No filters recognized and no safe public classification matched.,owner_review_before_launch,no,yes
POST,News,»,Blog/News-And-Updates,,,DEPRECATED_OR_DISABLED,REVIEW_REQUIRED,No filters recognized and no safe public classification matched.,owner_review_before_launch,no,yes
POST,Dashboard/PropFirm,»,PropFirms,,,USER_AUTH,MISSING_GUARD,Product/user route pattern detected but no user auth guard was recognized.,add_or_confirm_login_authcheck_guard,no,yes
POST,Features/Advanced-Investment-Portfoio-Manager,»,Features/Advanced-Investment-Portfolio-Manager,,,USER_AUTH,MISSING_GUARD,Product/user route pattern detected but no user auth guard was recognized.,add_or_confirm_login_authcheck_guard,no,yes
POST,Premium-Features/Advanced-Trade-Tracker,»,Investments/Trade-Tracker,,,USER_AUTH,MISSING_GUARD,Product/user route pattern detected but no user auth guard was recognized.,add_or_confirm_login_authcheck_guard,no,yes
POST,Premium-Features/Wallets,»,Wallets/Manager,,,USER_AUTH,MISSING_GUARD,Product/user route pattern detected but no user auth guard was recognized.,add_or_confirm_login_authcheck_guard,no,yes
POST,How-To-Guides,»,Knowledgebase/Tutorials,,,DEPRECATED_OR_DISABLED,REVIEW_REQUIRED,No filters recognized and no safe public classification matched.,owner_review_before_launch,no,yes
POST,Investments/Reports,»,Investments/Trade-Tracker,,,USER_AUTH,MISSING_GUARD,Product/user route pattern detected but no user auth guard was recognized.,add_or_confirm_login_authcheck_guard,no,yes
PATCH,index.php/(.*),»,$1,,,DEPRECATED_OR_DISABLED,REVIEW_REQUIRED,No filters recognized and no safe public classification matched.,owner_review_before_launch,no,yes
PATCH,index.php,»,/,,,STATEFUL_PUBLIC,MISSING_GUARD,Public lifecycle route changes state but no CSRF guard was recognized.,add_or_confirm_csrf_for_public_lifecycle_route,no,yes
PATCH,index.php/images/(.*),»,images/$1,,,DEPRECATED_OR_DISABLED,REVIEW_REQUIRED,No filters recognized and no safe public classification matched.,owner_review_before_launch,no,yes
PATCH,News,»,Blog/News-And-Updates,,,DEPRECATED_OR_DISABLED,REVIEW_REQUIRED,No filters recognized and no safe public classification matched.,owner_review_before_launch,no,yes
PATCH,Dashboard/PropFirm,»,PropFirms,,,USER_AUTH,MISSING_GUARD,Product/user route pattern detected but no user auth guard was recognized.,add_or_confirm_login_authcheck_guard,no,yes
PATCH,Features/Advanced-Investment-Portfoio-Manager,»,Features/Advanced-Investment-Portfolio-Manager,,,USER_AUTH,MISSING_GUARD,Product/user route pattern detected but no user auth guard was recognized.,add_or_confirm_login_authcheck_guard,no,yes
PATCH,Premium-Features/Advanced-Trade-Tracker,»,Investments/Trade-Tracker,,,USER_AUTH,MISSING_GUARD,Product/user route pattern detected but no user auth guard was recognized.,add_or_confirm_login_authcheck_guard,no,yes
PATCH,Premium-Features/Wallets,»,Wallets/Manager,,,USER_AUTH,MISSING_GUARD,Product/user route pattern detected but no user auth guard was recognized.,add_or_confirm_login_authcheck_guard,no,yes
PATCH,How-To-Guides,»,Knowledgebase/Tutorials,,,DEPRECATED_OR_DISABLED,REVIEW_REQUIRED,No filters recognized and no safe public classification matched.,owner_review_before_launch,no,yes
PATCH,Investments/Reports,»,Investments/Trade-Tracker,,,USER_AUTH,MISSING_GUARD,Product/user route pattern detected but no user auth guard was recognized.,add_or_confirm_login_authcheck_guard,no,yes
PUT,API/Wallets/Update/([0-9]+),»,\App\Modules\APIs\Controllers\WalletsAPIController::update/$1,botBlocker requestLifecycle observability ratelimit throttle sessionRevoked,cspoff sessionTracker requestLifecycle observability jsonException toolbar,API_TOKEN,MISSING_GUARD,API route is non-public but no API token/auth/role guard was recognized.,add_or_confirm_api_token_guard,no,no
PUT,Investments/Strategies/([0-9]+),»,\App\Modules\User\Controllers\InvestmentController::updateStrategy/$1,maintenance botBlocker requestLifecycle observability ratelimit throttle sessionRevoked csrf authcheck login,login cspoff sessionTracker requestLifecycle observability jsonException toolbar,USER_AUTH,OK,Login/auth/authcheck guard is present.,none,no,no
PUT,Investments/Goals/([0-9]+),»,\App\Modules\User\Controllers\InvestmentController::updateGoal/$1,maintenance botBlocker requestLifecycle observability ratelimit throttle sessionRevoked csrf authcheck login,login cspoff sessionTracker requestLifecycle observability jsonException toolbar,USER_AUTH,OK,Login/auth/authcheck guard is present.,none,no,no
PUT,PropFirms/Accounts/([0-9]+),»,\App\Modules\PropFirms\Controllers\AccountsController::update/$1,maintenance botBlocker requestLifecycle observability ratelimit throttle sessionRevoked csrf authcheck login noStore,noStore login cspoff sessionTracker requestLifecycle observability jsonException toolbar,USER_AUTH,OK,Login/auth/authcheck guard is present.,none,no,no
PUT,index.php/(.*),»,$1,,,DEPRECATED_OR_DISABLED,REVIEW_REQUIRED,No filters recognized and no safe public classification matched.,owner_review_before_launch,no,yes
PUT,index.php,»,/,,,STATEFUL_PUBLIC,MISSING_GUARD,Public lifecycle route changes state but no CSRF guard was recognized.,add_or_confirm_csrf_for_public_lifecycle_route,no,yes
PUT,index.php/images/(.*),»,images/$1,,,DEPRECATED_OR_DISABLED,REVIEW_REQUIRED,No filters recognized and no safe public classification matched.,owner_review_before_launch,no,yes
PUT,News,»,Blog/News-And-Updates,,,DEPRECATED_OR_DISABLED,REVIEW_REQUIRED,No filters recognized and no safe public classification matched.,owner_review_before_launch,no,yes
PUT,Dashboard/PropFirm,»,PropFirms,,,USER_AUTH,MISSING_GUARD,Product/user route pattern detected but no user auth guard was recognized.,add_or_confirm_login_authcheck_guard,no,yes
PUT,Features/Advanced-Investment-Portfoio-Manager,»,Features/Advanced-Investment-Portfolio-Manager,,,USER_AUTH,MISSING_GUARD,Product/user route pattern detected but no user auth guard was recognized.,add_or_confirm_login_authcheck_guard,no,yes
PUT,Premium-Features/Advanced-Trade-Tracker,»,Investments/Trade-Tracker,,,USER_AUTH,MISSING_GUARD,Product/user route pattern detected but no user auth guard was recognized.,add_or_confirm_login_authcheck_guard,no,yes
PUT,Premium-Features/Wallets,»,Wallets/Manager,,,USER_AUTH,MISSING_GUARD,Product/user route pattern detected but no user auth guard was recognized.,add_or_confirm_login_authcheck_guard,no,yes
PUT,How-To-Guides,»,Knowledgebase/Tutorials,,,DEPRECATED_OR_DISABLED,REVIEW_REQUIRED,No filters recognized and no safe public classification matched.,owner_review_before_launch,no,yes
PUT,Investments/Reports,»,Investments/Trade-Tracker,,,USER_AUTH,MISSING_GUARD,Product/user route pattern detected but no user auth guard was recognized.,add_or_confirm_login_authcheck_guard,no,yes
DELETE,API/Discord/purge-dead,»,\App\Modules\APIs\Controllers\DiscordAPIController::purgeDead,botBlocker requestLifecycle observability ratelimit throttle sessionRevoked,cspoff sessionTracker requestLifecycle observability jsonException toolbar,API_TOKEN,MISSING_GUARD,API route is non-public but no API token/auth/role guard was recognized.,add_or_confirm_api_token_guard,no,no
DELETE,API/Email/deleteCampaign/([0-9]+),»,\App\Modules\APIs\Controllers\EmailAPIController::deleteCampaign/$1,botBlocker requestLifecycle observability ratelimit throttle sessionRevoked,cspoff sessionTracker requestLifecycle observability jsonException toolbar,API_TOKEN,MISSING_GUARD,API route is non-public but no API token/auth/role guard was recognized.,add_or_confirm_api_token_guard,no,no
DELETE,API/Investments/news/([0-9]+),»,\App\Modules\APIs\Controllers\InvestmentsAPIController::deleteNews/$1,botBlocker requestLifecycle observability ratelimit throttle sessionRevoked,cspoff sessionTracker requestLifecycle observability jsonException toolbar,API_TOKEN,MISSING_GUARD,API route is non-public but no API token/auth/role guard was recognized.,add_or_confirm_api_token_guard,no,no
DELETE,API/Marketing/deleteScrape/([0-9]+),»,\App\Modules\APIs\Controllers\MarketingAPIController::deleteScrape/$1,botBlocker requestLifecycle observability ratelimit throttle sessionRevoked,cspoff sessionTracker requestLifecycle observability jsonException toolbar,API_TOKEN,MISSING_GUARD,API route is non-public but no API token/auth/role guard was recognized.,add_or_confirm_api_token_guard,no,no
DELETE,API/Marketing/deleteTemplate/([0-9]+),»,\App\Modules\APIs\Controllers\MarketingAPIController::deleteTemplate/$1,botBlocker requestLifecycle observability ratelimit throttle sessionRevoked,cspoff sessionTracker requestLifecycle observability jsonException toolbar,API_TOKEN,MISSING_GUARD,API route is non-public but no API token/auth/role guard was recognized.,add_or_confirm_api_token_guard,no,no
DELETE,API/Marketing/deletePlatform/([0-9]+),»,\App\Modules\APIs\Controllers\ManagementAPIController::deletePlatform/$1,botBlocker requestLifecycle observability ratelimit throttle sessionRevoked,cspoff sessionTracker requestLifecycle observability jsonException toolbar,API_TOKEN,MISSING_GUARD,API route is non-public but no API token/auth/role guard was recognized.,add_or_confirm_api_token_guard,no,no
DELETE,API/Marketing/deletePlatformRule/([0-9]+),»,\App\Modules\APIs\Controllers\ManagementAPIController::deletePlatformRule/$1,botBlocker requestLifecycle observability ratelimit throttle sessionRevoked,cspoff sessionTracker requestLifecycle observability jsonException toolbar,API_TOKEN,MISSING_GUARD,API route is non-public but no API token/auth/role guard was recognized.,add_or_confirm_api_token_guard,no,no
DELETE,API/Marketing/deleteTaxonomy/([0-9]+),»,\App\Modules\APIs\Controllers\ManagementAPIController::deleteTaxonomy/$1,botBlocker requestLifecycle observability ratelimit throttle sessionRevoked,cspoff sessionTracker requestLifecycle observability jsonException toolbar,API_TOKEN,MISSING_GUARD,API route is non-public but no API token/auth/role guard was recognized.,add_or_confirm_api_token_guard,no,no
DELETE,API/Marketing/deleteSuggestion/([0-9]+),»,\App\Modules\APIs\Controllers\ManagementAPIController::deleteSuggestion/$1,botBlocker requestLifecycle observability ratelimit throttle sessionRevoked,cspoff sessionTracker requestLifecycle observability jsonException toolbar,API_TOKEN,MISSING_GUARD,API route is non-public but no API token/auth/role guard was recognized.,add_or_confirm_api_token_guard,no,no
DELETE,API/Wallets/Unlink/([0-9]+),»,\App\Modules\APIs\Controllers\WalletsAPIController::unlink/$1,botBlocker requestLifecycle observability ratelimit throttle sessionRevoked,cspoff sessionTracker requestLifecycle observability jsonException toolbar,API_TOKEN,MISSING_GUARD,API route is non-public but no API token/auth/role guard was recognized.,add_or_confirm_api_token_guard,no,no
DELETE,Investments/Strategies/([0-9]+),»,\App\Modules\User\Controllers\InvestmentController::deleteGoal/$1,maintenance botBlocker requestLifecycle observability ratelimit throttle sessionRevoked csrf authcheck login,login cspoff sessionTracker requestLifecycle observability jsonException toolbar,USER_AUTH,OK,Login/auth/authcheck guard is present.,none,no,no
DELETE,Investments/Goals/([0-9]+),»,\App\Modules\User\Controllers\InvestmentController::deleteGoal/$1,maintenance botBlocker requestLifecycle observability ratelimit throttle sessionRevoked csrf authcheck login,login cspoff sessionTracker requestLifecycle observability jsonException toolbar,USER_AUTH,OK,Login/auth/authcheck guard is present.,none,no,no
DELETE,PropFirms/Accounts/([0-9]+),»,\App\Modules\PropFirms\Controllers\AccountsController::delete/$1,maintenance botBlocker requestLifecycle observability ratelimit throttle sessionRevoked csrf authcheck login noStore,noStore login cspoff sessionTracker requestLifecycle observability jsonException toolbar,USER_AUTH,OK,Login/auth/authcheck guard is present.,none,no,no
DELETE,index.php/(.*),»,$1,,,DEPRECATED_OR_DISABLED,REVIEW_REQUIRED,No filters recognized and no safe public classification matched.,owner_review_before_launch,no,yes
DELETE,index.php,»,/,,,STATEFUL_PUBLIC,MISSING_GUARD,Public lifecycle route changes state but no CSRF guard was recognized.,add_or_confirm_csrf_for_public_lifecycle_route,no,yes
DELETE,index.php/images/(.*),»,images/$1,,,DEPRECATED_OR_DISABLED,REVIEW_REQUIRED,No filters recognized and no safe public classification matched.,owner_review_before_launch,no,yes
DELETE,News,»,Blog/News-And-Updates,,,DEPRECATED_OR_DISABLED,REVIEW_REQUIRED,No filters recognized and no safe public classification matched.,owner_review_before_launch,no,yes
DELETE,Dashboard/PropFirm,»,PropFirms,,,USER_AUTH,MISSING_GUARD,Product/user route pattern detected but no user auth guard was recognized.,add_or_confirm_login_authcheck_guard,no,yes
DELETE,Features/Advanced-Investment-Portfoio-Manager,»,Features/Advanced-Investment-Portfolio-Manager,,,USER_AUTH,MISSING_GUARD,Product/user route pattern detected but no user auth guard was recognized.,add_or_confirm_login_authcheck_guard,no,yes
DELETE,Premium-Features/Advanced-Trade-Tracker,»,Investments/Trade-Tracker,,,USER_AUTH,MISSING_GUARD,Product/user route pattern detected but no user auth guard was recognized.,add_or_confirm_login_authcheck_guard,no,yes
DELETE,Premium-Features/Wallets,»,Wallets/Manager,,,USER_AUTH,MISSING_GUARD,Product/user route pattern detected but no user auth guard was recognized.,add_or_confirm_login_authcheck_guard,no,yes
DELETE,How-To-Guides,»,Knowledgebase/Tutorials,,,DEPRECATED_OR_DISABLED,REVIEW_REQUIRED,No filters recognized and no safe public classification matched.,owner_review_before_launch,no,yes
DELETE,Investments/Reports,»,Investments/Trade-Tracker,,,USER_AUTH,MISSING_GUARD,Product/user route pattern detected but no user auth guard was recognized.,add_or_confirm_login_authcheck_guard,no,yes
OPTIONS,index.php/(.*),»,$1,,,DEPRECATED_OR_DISABLED,REVIEW_REQUIRED,No filters recognized and no safe public classification matched.,owner_review_before_launch,no,yes
OPTIONS,index.php,»,/,,,PUBLIC,OK,Recognized public/lifecycle route.,none,no,yes
OPTIONS,index.php/images/(.*),»,images/$1,,,DEPRECATED_OR_DISABLED,REVIEW_REQUIRED,No filters recognized and no safe public classification matched.,owner_review_before_launch,no,yes
OPTIONS,News,»,Blog/News-And-Updates,,,DEPRECATED_OR_DISABLED,REVIEW_REQUIRED,No filters recognized and no safe public classification matched.,owner_review_before_launch,no,yes
OPTIONS,Dashboard/PropFirm,»,PropFirms,,,USER_AUTH,MISSING_GUARD,Product/user route pattern detected but no user auth guard was recognized.,add_or_confirm_login_authcheck_guard,no,yes
OPTIONS,Features/Advanced-Investment-Portfoio-Manager,»,Features/Advanced-Investment-Portfolio-Manager,,,USER_AUTH,MISSING_GUARD,Product/user route pattern detected but no user auth guard was recognized.,add_or_confirm_login_authcheck_guard,no,yes
OPTIONS,Premium-Features/Advanced-Trade-Tracker,»,Investments/Trade-Tracker,,,USER_AUTH,MISSING_GUARD,Product/user route pattern detected but no user auth guard was recognized.,add_or_confirm_login_authcheck_guard,no,yes
OPTIONS,Premium-Features/Wallets,»,Wallets/Manager,,,USER_AUTH,MISSING_GUARD,Product/user route pattern detected but no user auth guard was recognized.,add_or_confirm_login_authcheck_guard,no,yes
OPTIONS,How-To-Guides,»,Knowledgebase/Tutorials,,,DEPRECATED_OR_DISABLED,REVIEW_REQUIRED,No filters recognized and no safe public classification matched.,owner_review_before_launch,no,yes
OPTIONS,Investments/Reports,»,Investments/Trade-Tracker,,,USER_AUTH,MISSING_GUARD,Product/user route pattern detected but no user auth guard was recognized.,add_or_confirm_login_authcheck_guard,no,yes
TRACE,index.php/(.*),»,$1,,,DEPRECATED_OR_DISABLED,REVIEW_REQUIRED,No filters recognized and no safe public classification matched.,owner_review_before_launch,no,yes
TRACE,index.php,»,/,,,PUBLIC,OK,Recognized public/lifecycle route.,none,no,yes
TRACE,index.php/images/(.*),»,images/$1,,,DEPRECATED_OR_DISABLED,REVIEW_REQUIRED,No filters recognized and no safe public classification matched.,owner_review_before_launch,no,yes
TRACE,News,»,Blog/News-And-Updates,,,DEPRECATED_OR_DISABLED,REVIEW_REQUIRED,No filters recognized and no safe public classification matched.,owner_review_before_launch,no,yes
TRACE,Dashboard/PropFirm,»,PropFirms,,,USER_AUTH,MISSING_GUARD,Product/user route pattern detected but no user auth guard was recognized.,add_or_confirm_login_authcheck_guard,no,yes
TRACE,Features/Advanced-Investment-Portfoio-Manager,»,Features/Advanced-Investment-Portfolio-Manager,,,USER_AUTH,MISSING_GUARD,Product/user route pattern detected but no user auth guard was recognized.,add_or_confirm_login_authcheck_guard,no,yes
TRACE,Premium-Features/Advanced-Trade-Tracker,»,Investments/Trade-Tracker,,,USER_AUTH,MISSING_GUARD,Product/user route pattern detected but no user auth guard was recognized.,add_or_confirm_login_authcheck_guard,no,yes
TRACE,Premium-Features/Wallets,»,Wallets/Manager,,,USER_AUTH,MISSING_GUARD,Product/user route pattern detected but no user auth guard was recognized.,add_or_confirm_login_authcheck_guard,no,yes
TRACE,How-To-Guides,»,Knowledgebase/Tutorials,,,DEPRECATED_OR_DISABLED,REVIEW_REQUIRED,No filters recognized and no safe public classification matched.,owner_review_before_launch,no,yes
TRACE,Investments/Reports,»,Investments/Trade-Tracker,,,USER_AUTH,MISSING_GUARD,Product/user route pattern detected but no user auth guard was recognized.,add_or_confirm_login_authcheck_guard,no,yes
CONNECT,index.php/(.*),»,$1,,,DEPRECATED_OR_DISABLED,REVIEW_REQUIRED,No filters recognized and no safe public classification matched.,owner_review_before_launch,no,yes
CONNECT,index.php,»,/,,,PUBLIC,OK,Recognized public/lifecycle route.,none,no,yes
CONNECT,index.php/images/(.*),»,images/$1,,,DEPRECATED_OR_DISABLED,REVIEW_REQUIRED,No filters recognized and no safe public classification matched.,owner_review_before_launch,no,yes
CONNECT,News,»,Blog/News-And-Updates,,,DEPRECATED_OR_DISABLED,REVIEW_REQUIRED,No filters recognized and no safe public classification matched.,owner_review_before_launch,no,yes
CONNECT,Dashboard/PropFirm,»,PropFirms,,,USER_AUTH,MISSING_GUARD,Product/user route pattern detected but no user auth guard was recognized.,add_or_confirm_login_authcheck_guard,no,yes
CONNECT,Features/Advanced-Investment-Portfoio-Manager,»,Features/Advanced-Investment-Portfolio-Manager,,,USER_AUTH,MISSING_GUARD,Product/user route pattern detected but no user auth guard was recognized.,add_or_confirm_login_authcheck_guard,no,yes
CONNECT,Premium-Features/Advanced-Trade-Tracker,»,Investments/Trade-Tracker,,,USER_AUTH,MISSING_GUARD,Product/user route pattern detected but no user auth guard was recognized.,add_or_confirm_login_authcheck_guard,no,yes
CONNECT,Premium-Features/Wallets,»,Wallets/Manager,,,USER_AUTH,MISSING_GUARD,Product/user route pattern detected but no user auth guard was recognized.,add_or_confirm_login_authcheck_guard,no,yes
CONNECT,How-To-Guides,»,Knowledgebase/Tutorials,,,DEPRECATED_OR_DISABLED,REVIEW_REQUIRED,No filters recognized and no safe public classification matched.,owner_review_before_launch,no,yes
CONNECT,Investments/Reports,»,Investments/Trade-Tracker,,,USER_AUTH,MISSING_GUARD,Product/user route pattern detected but no user auth guard was recognized.,add_or_confirm_login_authcheck_guard,no,yes
CLI,API/Management/Run-CRON-Tasks,»,\App\Modules\APIs\Controllers\ManagementAPIController::runCRONTasks,,,INTERNAL,OK,CLI route treated as internal operational surface.,none,no,yes
CLI,index.php/(.*),»,$1,,,INTERNAL,OK,CLI route treated as internal operational surface.,none,no,yes
CLI,index.php,»,/,,,INTERNAL,OK,CLI route treated as internal operational surface.,none,no,yes
CLI,index.php/images/(.*),»,images/$1,,,INTERNAL,OK,CLI route treated as internal operational surface.,none,no,yes
CLI,News,»,Blog/News-And-Updates,,,INTERNAL,OK,CLI route treated as internal operational surface.,none,no,yes
CLI,Dashboard/PropFirm,»,PropFirms,,,INTERNAL,OK,CLI route treated as internal operational surface.,none,no,yes
CLI,Features/Advanced-Investment-Portfoio-Manager,»,Features/Advanced-Investment-Portfolio-Manager,,,INTERNAL,OK,CLI route treated as internal operational surface.,none,no,yes
CLI,Premium-Features/Advanced-Trade-Tracker,»,Investments/Trade-Tracker,,,INTERNAL,OK,CLI route treated as internal operational surface.,none,no,yes
CLI,Premium-Features/Wallets,»,Wallets/Manager,,,INTERNAL,OK,CLI route treated as internal operational surface.,none,no,yes
CLI,How-To-Guides,»,Knowledgebase/Tutorials,,,INTERNAL,OK,CLI route treated as internal operational surface.,none,no,yes
CLI,Investments/Reports,»,Investments/Trade-Tracker,,,INTERNAL,OK,CLI route treated as internal operational surface.,none,no,yes
